import powder_battery
>>> powder_battery.run(powder_id='sodium-alginate', attended=False, blocks="H")
[vib] DRV2605L unavailable ([Errno 5] EIO); skipping init
RUN,BEGIN
META,powder_id,sodium-alginate
META,battery_version,3
META,blocks,H
META,tilts_deg,0.0;45.0;90.0
META,baseline_reads,8
META,hold_s,15
META,rotation_trials,6
META,rotation_step_deg,360.0
META,rotation_rpm,30.0
META,speed_rpms,15.0;45.0;90.0
META,speed_revs,3.0
META,tap_tilts,0.0;45.0
META,tap_trials,8
META,taps_per_point,1
META,refeed_deg,360.0
META,vib_bursts,3
META,dose_repeats,3
META,dose_target_g,1.0
META,dose_h_targets_g,0.0500;0.2000
META,dose_h_repeats,3
META,settle_ms,2000
META,min_flow_g,0.0005
META,bracket_n,6
META,bracket_ms,400
META,shock_g,0.01
META,max_resid_g,0.0015
META,quiet_tries,8
META,max_trial_retries,2
META,drift_correct,1
META,attended,0
META,config.SCALE_BAUD,19200
META,config.SCALE_BITS,8
META,config.SCALE_PARITY,0
META,config.SCALE_STABLE_TIMEOUT_MS,10000
META,config.SCALE_STOP,1
META,config.SERVO_SPEED_DEG_PER_S,60
META,config.STEPPER_ACCEL_REV_PER_S2,4.0
META,config.STEPPER_FULL_STEPS_REV,200
META,config.STEPPER_MICROSTEPS,8
META,config.STEPPER_SPEED_RPM,60
META,config.TAP_OFF_MS,150
META,config.TAP_ON_MS,60
META,config.TAP_PWM_DUTY,1.0
META,config.dose_bracket_interval_ms,250
META,config.dose_bracket_n,5
META,config.dose_max_baseline_g,10.0
META,config.dose_read_path,bracket
[battery] block H
PROMPT,block H (small closed-loop doses): EMPTY the collection cup now, then Enter ('skip'/'abort')
META,dose_h.thresholds.0.0500,0.0500;0.0250;0.0050
[battery] dose target 0.0500 g, thresholds 0.0500/0.0250/0.0050
[dose] three-phase dose to 0.0500 g; taring scale
[dose] WARNING the tare did not take -- pan reads -2.6459 g. Subtracting it as this dose's baseline; delivered mass is measured as the increment above it, not the displayed value.
[dose] tared: baseline -2645.9 mg (subtracted), drift +0.0 mg/min, read noise 0.00 mg
=== phase 1/3 'bulk' skipped (0.0500 g to go is already <= 0.0500 g threshold)
=== phase 2/3 'fine' start: 0.0500 g to go, exit at 0.0250 g to go; angle 22.5 plate deg, 45 auger deg/cycle @ 30 rpm, 0 taps/cycle, settle 1500 ms
[phase 2 fine] cycle 1: mass 0.0004 / 0.0500 g (0.0496 g to go, +0.0004 g this cycle), elapsed 10.0 s
[phase 2 fine] cycle 2: mass -0.0021 / 0.0500 g (0.0521 g to go, -0.0024 g this cycle), elapsed 15.0 s
[phase 2 fine] cycle 3: mass 0.0008 / 0.0500 g (0.0492 g to go, +0.0029 g this cycle), elapsed 20.0 s
[phase 2 fine] cycle 4: mass 0.0014 / 0.0500 g (0.0486 g to go, +0.0006 g this cycle), elapsed 26.0 s
[phase 2 fine] cycle 5: mass -0.0005 / 0.0500 g (0.0505 g to go, -0.0019 g this cycle), elapsed 31.0 s
[phase 2 fine] cycle 6: mass -0.0004 / 0.0500 g (0.0504 g to go, +0.0001 g this cycle), elapsed 36.0 s
[phase 2 fine] cycle 7: mass -0.0008 / 0.0500 g (0.0508 g to go, -0.0004 g this cycle), elapsed 42.0 s
[phase 2 fine] cycle 8: mass 0.0026 / 0.0500 g (0.0474 g to go, +0.0033 g this cycle), elapsed 47.0 s
[phase 2 fine] cycle 9: mass 0.0065 / 0.0500 g (0.0435 g to go, +0.0039 g this cycle), elapsed 52.0 s
[phase 2 fine] cycle 10: mass 0.0045 / 0.0500 g (0.0455 g to go, -0.0020 g this cycle), elapsed 58.0 s
[phase 2 fine] cycle 11: mass 0.0053 / 0.0500 g (0.0447 g to go, +0.0008 g this cycle), elapsed 63.0 s
[phase 2 fine] cycle 12: mass 0.0076 / 0.0500 g (0.0424 g to go, +0.0023 g this cycle), elapsed 68.0 s
[phase 2 fine] cycle 13: mass 0.0044 / 0.0500 g (0.0456 g to go, -0.0032 g this cycle), elapsed 74.0 s
[phase 2 fine] cycle 14: mass 0.0050 / 0.0500 g (0.0450 g to go, +0.0006 g this cycle), elapsed 79.0 s
[phase 2 fine] cycle 15: mass 0.0071 / 0.0500 g (0.0429 g to go, +0.0021 g this cycle), elapsed 84.0 s
[phase 2 fine] cycle 16: mass 0.0090 / 0.0500 g (0.0410 g to go, +0.0019 g this cycle), elapsed 90.0 s
[phase 2 fine] cycle 17: mass 0.0067 / 0.0500 g (0.0433 g to go, -0.0023 g this cycle), elapsed 95.0 s
[phase 2 fine] cycle 18: mass 0.0097 / 0.0500 g (0.0403 g to go, +0.0031 g this cycle), elapsed 100.0 s
[phase 2 fine] cycle 19: mass 0.0106 / 0.0500 g (0.0394 g to go, +0.0009 g this cycle), elapsed 105.0 s
[phase 2 fine] cycle 20: mass 0.0130 / 0.0500 g (0.0370 g to go, +0.0024 g this cycle), elapsed 111.0 s
[phase 2 fine] cycle 21: mass 0.0093 / 0.0500 g (0.0407 g to go, -0.0037 g this cycle), elapsed 116.0 s
[phase 2 fine] cycle 22: mass 0.0103 / 0.0500 g (0.0397 g to go, +0.0009 g this cycle), elapsed 121.0 s
[phase 2 fine] cycle 23: mass 0.0117 / 0.0500 g (0.0383 g to go, +0.0014 g this cycle), elapsed 127.0 s
[phase 2 fine] cycle 24: mass 0.0136 / 0.0500 g (0.0364 g to go, +0.0019 g this cycle), elapsed 132.0 s
[phase 2 fine] cycle 25: mass 0.0113 / 0.0500 g (0.0387 g to go, -0.0023 g this cycle), elapsed 137.0 s
[phase 2 fine] cycle 26: mass 0.0114 / 0.0500 g (0.0386 g to go, +0.0001 g this cycle), elapsed 143.0 s
[phase 2 fine] cycle 27: mass 0.0117 / 0.0500 g (0.0383 g to go, +0.0003 g this cycle), elapsed 148.0 s
[phase 2 fine] cycle 28: mass 0.0127 / 0.0500 g (0.0373 g to go, +0.0011 g this cycle), elapsed 153.0 s
[phase 2 fine] cycle 29: mass 0.0132 / 0.0500 g (0.0368 g to go, +0.0005 g this cycle), elapsed 159.0 s
[phase 2 fine] cycle 30: mass 0.0141 / 0.0500 g (0.0359 g to go, +0.0009 g this cycle), elapsed 164.0 s
[phase 2 fine] cycle 31: mass 0.0160 / 0.0500 g (0.0340 g to go, +0.0019 g this cycle), elapsed 169.0 s
[phase 2 fine] cycle 32: mass 0.0197 / 0.0500 g (0.0303 g to go, +0.0036 g this cycle), elapsed 175.0 s
[phase 2 fine] cycle 33: mass 0.0183 / 0.0500 g (0.0317 g to go, -0.0014 g this cycle), elapsed 180.0 s
[phase 2 fine] cycle 34: mass 0.0164 / 0.0500 g (0.0336 g to go, -0.0019 g this cycle), elapsed 185.0 s
[phase 2 fine] cycle 35: mass 0.0175 / 0.0500 g (0.0325 g to go, +0.0011 g this cycle), elapsed 191.0 s
[phase 2 fine] cycle 36: mass 0.0143 / 0.0500 g (0.0357 g to go, -0.0033 g this cycle), elapsed 196.0 s
[phase 2 fine] cycle 37: mass 0.0179 / 0.0500 g (0.0321 g to go, +0.0036 g this cycle), elapsed 201.0 s
[phase 2 fine] cycle 38: mass 0.0186 / 0.0500 g (0.0314 g to go, +0.0007 g this cycle), elapsed 206.0 s
[phase 2 fine] cycle 39: mass 0.0200 / 0.0500 g (0.0300 g to go, +0.0014 g this cycle), elapsed 212.0 s
[phase 2 fine] cycle 40: mass 0.0253 / 0.0500 g (0.0247 g to go, +0.0053 g this cycle), elapsed 217.0 s
=== phase 2/3 'fine' end (40 cycles): mass 0.0253 / 0.0500 g (0.0247 g to go, +0.0253 g this phase), elapsed 217.0 s
=== phase 3/3 'tap' start: 0.0247 g to go, exit at 0.0050 g to go; angle 0.0 plate deg, 0 auger deg/cycle @ 0 rpm, 2 taps/cycle, settle 1500 ms
[phase 3 tap] cycle 1: mass 0.0239 / 0.0500 g (0.0261 g to go, -0.0014 g this cycle), elapsed 221.0 s
[phase 3 tap] cycle 2: mass 0.0239 / 0.0500 g (0.0261 g to go, +0.0000 g this cycle), elapsed 224.0 s
[phase 3 tap] cycle 3: mass 0.0218 / 0.0500 g (0.0282 g to go, -0.0021 g this cycle), elapsed 227.0 s
[phase 3 tap] lip empty; nudging auger 5.0 deg (nudge 1/10)
[phase 3 tap] cycle 4: mass 0.0208 / 0.0500 g (0.0292 g to go, -0.0010 g this cycle), elapsed 233.0 s
[phase 3 tap] cycle 5: mass 0.0227 / 0.0500 g (0.0273 g to go, +0.0019 g this cycle), elapsed 236.0 s
[phase 3 tap] cycle 6: mass 0.0248 / 0.0500 g (0.0252 g to go, +0.0021 g this cycle), elapsed 240.0 s
[phase 3 tap] cycle 7: mass 0.0243 / 0.0500 g (0.0257 g to go, -0.0005 g this cycle), elapsed 243.0 s
[phase 3 tap] cycle 8: mass 0.0251 / 0.0500 g (0.0249 g to go, +0.0008 g this cycle), elapsed 246.0 s
[phase 3 tap] cycle 9: mass 0.0236 / 0.0500 g (0.0264 g to go, -0.0014 g this cycle), elapsed 249.0 s
[phase 3 tap] cycle 10: mass 0.0238 / 0.0500 g (0.0262 g to go, +0.0001 g this cycle), elapsed 253.0 s
[phase 3 tap] cycle 11: mass 0.0234 / 0.0500 g (0.0266 g to go, -0.0004 g this cycle), elapsed 256.0 s
[phase 3 tap] lip empty; nudging auger 5.0 deg (nudge 2/10)
[phase 3 tap] cycle 12: mass 0.0232 / 0.0500 g (0.0268 g to go, -0.0002 g this cycle), elapsed 262.0 s
[phase 3 tap] cycle 13: mass 0.0231 / 0.0500 g (0.0269 g to go, -0.0001 g this cycle), elapsed 265.0 s
[phase 3 tap] cycle 14: mass 0.0233 / 0.0500 g (0.0267 g to go, +0.0003 g this cycle), elapsed 268.0 s
[phase 3 tap] cycle 15: mass 0.0232 / 0.0500 g (0.0268 g to go, -0.0002 g this cycle), elapsed 272.0 s
[phase 3 tap] cycle 16: mass 0.0229 / 0.0500 g (0.0271 g to go, -0.0003 g this cycle), elapsed 275.0 s
[phase 3 tap] cycle 17: mass 0.0224 / 0.0500 g (0.0276 g to go, -0.0004 g this cycle), elapsed 278.0 s
[phase 3 tap] lip empty; nudging auger 5.0 deg (nudge 3/10)
[phase 3 tap] cycle 18: mass 0.0184 / 0.0500 g (0.0316 g to go, -0.0040 g this cycle), elapsed 284.0 s
[phase 3 tap] cycle 19: mass 0.0187 / 0.0500 g (0.0313 g to go, +0.0003 g this cycle), elapsed 287.0 s
[phase 3 tap] cycle 20: mass 0.0193 / 0.0500 g (0.0307 g to go, +0.0005 g this cycle), elapsed 290.0 s
[phase 3 tap] cycle 21: mass 0.0182 / 0.0500 g (0.0318 g to go, -0.0011 g this cycle), elapsed 293.0 s
[phase 3 tap] cycle 22: mass 0.0197 / 0.0500 g (0.0303 g to go, +0.0015 g this cycle), elapsed 297.0 s
[phase 3 tap] cycle 23: mass 0.0193 / 0.0500 g (0.0307 g to go, -0.0004 g this cycle), elapsed 300.0 s
[phase 3 tap] cycle 24: mass 0.0190 / 0.0500 g (0.0310 g to go, -0.0003 g this cycle), elapsed 303.0 s
[phase 3 tap] cycle 25: mass 0.0198 / 0.0500 g (0.0302 g to go, +0.0008 g this cycle), elapsed 306.0 s
[phase 3 tap] cycle 26: mass 0.0195 / 0.0500 g (0.0305 g to go, -0.0003 g this cycle), elapsed 310.0 s
[phase 3 tap] cycle 27: mass 0.0193 / 0.0500 g (0.0307 g to go, -0.0002 g this cycle), elapsed 313.0 s
[phase 3 tap] cycle 28: mass 0.0171 / 0.0500 g (0.0329 g to go, -0.0021 g this cycle), elapsed 316.0 s
[phase 3 tap] lip empty; nudging auger 5.0 deg (nudge 4/10)
[phase 3 tap] cycle 29: mass 0.0214 / 0.0500 g (0.0286 g to go, +0.0042 g this cycle), elapsed 322.0 s
[phase 3 tap] cycle 30: mass 0.0196 / 0.0500 g (0.0304 g to go, -0.0018 g this cycle), elapsed 325.0 s
[phase 3 tap] cycle 31: mass 0.0203 / 0.0500 g (0.0297 g to go, +0.0007 g this cycle), elapsed 328.0 s
[phase 3 tap] cycle 32: mass 0.0192 / 0.0500 g (0.0308 g to go, -0.0011 g this cycle), elapsed 331.0 s
[phase 3 tap] cycle 33: mass 0.0189 / 0.0500 g (0.0311 g to go, -0.0003 g this cycle), elapsed 335.0 s
[phase 3 tap] cycle 34: mass 0.0192 / 0.0500 g (0.0308 g to go, +0.0003 g this cycle), elapsed 338.0 s
[phase 3 tap] cycle 35: mass 0.0196 / 0.0500 g (0.0304 g to go, +0.0004 g this cycle), elapsed 341.0 s
[phase 3 tap] cycle 36: mass 0.0202 / 0.0500 g (0.0298 g to go, +0.0007 g this cycle), elapsed 345.0 s
[phase 3 tap] cycle 37: mass 0.0191 / 0.0500 g (0.0309 g to go, -0.0011 g this cycle), elapsed 348.0 s
[phase 3 tap] cycle 38: mass 0.0180 / 0.0500 g (0.0320 g to go, -0.0012 g this cycle), elapsed 351.0 s
[phase 3 tap] cycle 39: mass 0.0203 / 0.0500 g (0.0297 g to go, +0.0023 g this cycle), elapsed 354.0 s
[phase 3 tap] cycle 40: mass 0.0190 / 0.0500 g (0.0310 g to go, -0.0013 g this cycle), elapsed 357.0 s
[phase 3 tap] cycle 41: mass 0.0193 / 0.0500 g (0.0307 g to go, +0.0003 g this cycle), elapsed 361.0 s
[phase 3 tap] cycle 42: mass 0.0194 / 0.0500 g (0.0306 g to go, +0.0001 g this cycle), elapsed 364.0 s
[phase 3 tap] cycle 43: mass 0.0192 / 0.0500 g (0.0308 g to go, -0.0002 g this cycle), elapsed 367.0 s
[phase 3 tap] cycle 44: mass 0.0191 / 0.0500 g (0.0309 g to go, -0.0001 g this cycle), elapsed 371.0 s
[phase 3 tap] lip empty; nudging auger 5.0 deg (nudge 5/10)
[phase 3 tap] cycle 45: mass 0.0222 / 0.0500 g (0.0278 g to go, +0.0031 g this cycle), elapsed 376.0 s
[phase 3 tap] cycle 46: mass 0.0225 / 0.0500 g (0.0275 g to go, +0.0003 g this cycle), elapsed 380.0 s
[phase 3 tap] cycle 47: mass 0.0226 / 0.0500 g (0.0274 g to go, +0.0001 g this cycle), elapsed 383.0 s
[phase 3 tap] cycle 48: mass 0.0217 / 0.0500 g (0.0283 g to go, -0.0009 g this cycle), elapsed 386.0 s
[phase 3 tap] cycle 49: mass 0.0219 / 0.0500 g (0.0281 g to go, +0.0001 g this cycle), elapsed 389.0 s
[phase 3 tap] lip empty; nudging auger 5.0 deg (nudge 6/10)
[phase 3 tap] cycle 50: mass 0.0228 / 0.0500 g (0.0272 g to go, +0.0009 g this cycle), elapsed 395.0 s
[phase 3 tap] cycle 51: mass 0.0196 / 0.0500 g (0.0304 g to go, -0.0031 g this cycle), elapsed 398.0 s
[phase 3 tap] cycle 52: mass 0.0219 / 0.0500 g (0.0281 g to go, +0.0023 g this cycle), elapsed 401.0 s
[phase 3 tap] cycle 53: mass 0.0209 / 0.0500 g (0.0291 g to go, -0.0010 g this cycle), elapsed 405.0 s
[phase 3 tap] cycle 54: mass 0.0229 / 0.0500 g (0.0271 g to go, +0.0021 g this cycle), elapsed 408.0 s
[phase 3 tap] cycle 55: mass 0.0201 / 0.0500 g (0.0299 g to go, -0.0029 g this cycle), elapsed 411.0 s
[phase 3 tap] cycle 56: mass 0.0212 / 0.0500 g (0.0288 g to go, +0.0012 g this cycle), elapsed 415.0 s
[phase 3 tap] cycle 57: mass 0.0205 / 0.0500 g (0.0295 g to go, -0.0008 g this cycle), elapsed 418.0 s
[phase 3 tap] cycle 58: mass 0.0218 / 0.0500 g (0.0282 g to go, +0.0013 g this cycle), elapsed 421.0 s
[phase 3 tap] cycle 59: mass 0.0219 / 0.0500 g (0.0281 g to go, +0.0001 g this cycle), elapsed 425.0 s
[phase 3 tap] cycle 60: mass 0.0231 / 0.0500 g (0.0269 g to go, +0.0012 g this cycle), elapsed 428.0 s
[phase 3 tap] cycle 61: mass 0.0225 / 0.0500 g (0.0275 g to go, -0.0006 g this cycle), elapsed 431.0 s
[phase 3 tap] cycle 62: mass 0.0232 / 0.0500 g (0.0268 g to go, +0.0007 g this cycle), elapsed 435.0 s
[phase 3 tap] cycle 63: mass 0.0228 / 0.0500 g (0.0272 g to go, -0.0004 g this cycle), elapsed 438.0 s
[phase 3 tap] cycle 64: mass 0.0229 / 0.0500 g (0.0271 g to go, +0.0000 g this cycle), elapsed 441.0 s
[phase 3 tap] cycle 65: mass 0.0220 / 0.0500 g (0.0280 g to go, -0.0008 g this cycle), elapsed 444.0 s
[phase 3 tap] lip empty; nudging auger 5.0 deg (nudge 7/10)
[phase 3 tap] cycle 66: mass 0.0219 / 0.0500 g (0.0281 g to go, -0.0002 g this cycle), elapsed 450.0 s
[phase 3 tap] cycle 67: mass 0.0218 / 0.0500 g (0.0282 g to go, -0.0000 g this cycle), elapsed 453.0 s
[phase 3 tap] cycle 68: mass 0.0218 / 0.0500 g (0.0282 g to go, -0.0001 g this cycle), elapsed 456.0 s
[phase 3 tap] lip empty; nudging auger 5.0 deg (nudge 8/10)
[phase 3 tap] cycle 69: mass 0.0213 / 0.0500 g (0.0287 g to go, -0.0005 g this cycle), elapsed 462.0 s
[phase 3 tap] cycle 70: mass 0.0233 / 0.0500 g (0.0267 g to go, +0.0020 g this cycle), elapsed 465.0 s
[phase 3 tap] cycle 71: mass 0.0242 / 0.0500 g (0.0258 g to go, +0.0010 g this cycle), elapsed 468.0 s
[phase 3 tap] cycle 72: mass 0.0241 / 0.0500 g (0.0259 g to go, -0.0002 g this cycle), elapsed 471.0 s
[phase 3 tap] cycle 73: mass 0.0237 / 0.0500 g (0.0263 g to go, -0.0004 g this cycle), elapsed 475.0 s
[phase 3 tap] cycle 74: mass 0.0239 / 0.0500 g (0.0261 g to go, +0.0002 g this cycle), elapsed 478.0 s
[phase 3 tap] cycle 75: mass 0.0233 / 0.0500 g (0.0267 g to go, -0.0006 g this cycle), elapsed 481.0 s
[phase 3 tap] cycle 76: mass 0.0230 / 0.0500 g (0.0270 g to go, -0.0003 g this cycle), elapsed 484.0 s
[phase 3 tap] cycle 77: mass 0.0235 / 0.0500 g (0.0265 g to go, +0.0005 g this cycle), elapsed 488.0 s
[phase 3 tap] cycle 78: mass 0.0242 / 0.0500 g (0.0258 g to go, +0.0007 g this cycle), elapsed 491.0 s
[phase 3 tap] cycle 79: mass 0.0240 / 0.0500 g (0.0260 g to go, -0.0002 g this cycle), elapsed 494.0 s
[phase 3 tap] cycle 80: mass 0.0223 / 0.0500 g (0.0277 g to go, -0.0017 g this cycle), elapsed 497.0 s
[phase 3 tap] cycle 81: mass 0.0211 / 0.0500 g (0.0289 g to go, -0.0012 g this cycle), elapsed 501.0 s
[phase 3 tap] lip empty; nudging auger 5.0 deg (nudge 9/10)
[phase 3 tap] cycle 82: mass 0.0239 / 0.0500 g (0.0261 g to go, +0.0028 g this cycle), elapsed 506.0 s
[phase 3 tap] cycle 83: mass 0.0227 / 0.0500 g (0.0273 g to go, -0.0012 g this cycle), elapsed 510.0 s
[phase 3 tap] cycle 84: mass 0.0236 / 0.0500 g (0.0264 g to go, +0.0009 g this cycle), elapsed 513.0 s
[phase 3 tap] cycle 85: mass 0.0236 / 0.0500 g (0.0264 g to go, +0.0000 g this cycle), elapsed 516.0 s
[phase 3 tap] cycle 86: mass 0.0242 / 0.0500 g (0.0258 g to go, +0.0006 g this cycle), elapsed 520.0 s
[phase 3 tap] cycle 87: mass 0.0234 / 0.0500 g (0.0266 g to go, -0.0008 g this cycle), elapsed 523.0 s
[phase 3 tap] cycle 88: mass 0.0244 / 0.0500 g (0.0256 g to go, +0.0010 g this cycle), elapsed 526.0 s
[phase 3 tap] cycle 89: mass 0.0241 / 0.0500 g (0.0259 g to go, -0.0003 g this cycle), elapsed 529.0 s
[phase 3 tap] cycle 90: mass 0.0234 / 0.0500 g (0.0266 g to go, -0.0007 g this cycle), elapsed 533.0 s
[phase 3 tap] cycle 91: mass 0.0235 / 0.0500 g (0.0265 g to go, +0.0001 g this cycle), elapsed 536.0 s
[phase 3 tap] lip empty; nudging auger 5.0 deg (nudge 10/10)
[phase 3 tap] cycle 92: mass 0.0238 / 0.0500 g (0.0262 g to go, +0.0002 g this cycle), elapsed 541.0 s
[phase 3 tap] cycle 93: mass 0.0238 / 0.0500 g (0.0262 g to go, +0.0001 g this cycle), elapsed 545.0 s
[phase 3 tap] cycle 94: mass 0.0236 / 0.0500 g (0.0264 g to go, -0.0003 g this cycle), elapsed 548.0 s
[phase 3 tap] cycle 95: mass 0.0238 / 0.0500 g (0.0262 g to go, +0.0003 g this cycle), elapsed 551.0 s
[phase 3 tap] cycle 96: mass 0.0236 / 0.0500 g (0.0264 g to go, -0.0002 g this cycle), elapsed 555.0 s
[phase 3 tap] cycle 97: mass 0.0236 / 0.0500 g (0.0264 g to go, -0.0000 g this cycle), elapsed 558.0 s
[phase 3 tap] cycle 98: mass 0.0222 / 0.0500 g (0.0278 g to go, -0.0014 g this cycle), elapsed 561.0 s
[phase 3 tap] no powder flow -- hopper empty, jam, or nudge budget spent
=== phase 3/3 'tap' end (98 cycles): mass 0.0222 / 0.0500 g (0.0278 g to go, -0.0031 g this phase), elapsed 561.0 s
[dose] done: DoseResult(stalled: 0.0222/0.0500 g in 561.0s; cycles bulk:0, fine:40, tap:98; 5.14 auger rev, 196 taps)
DOSE,0,0.0500,0.0222,-0.0278,stalled,561.0,5.14,196,bulk:0;fine:40;tap:98,561661,H
PROMPT,block H dose 0 done -- empty the cup for the next dose, then Enter ('skip'/'abort')
[dose] three-phase dose to 0.0500 g; taring scale
[dose] WARNING the tare did not take -- pan reads -2.6235 g. Subtracting it as this dose's baseline; delivered mass is measured as the increment above it, not the displayed value.
[dose] tared: baseline -2623.5 mg (subtracted), drift +5.6 mg/min, read noise 0.03 mg
=== phase 1/3 'bulk' skipped (0.0499 g to go is already <= 0.0500 g threshold)
=== phase 2/3 'fine' start: 0.0499 g to go, exit at 0.0250 g to go; angle 22.5 plate deg, 45 auger deg/cycle @ 30 rpm, 0 taps/cycle, settle 1500 ms
[phase 2 fine] cycle 1: mass 0.0043 / 0.0500 g (0.0457 g to go, +0.0042 g this cycle), elapsed 10.0 s
[phase 2 fine] cycle 2: mass 0.0036 / 0.0500 g (0.0464 g to go, -0.0007 g this cycle), elapsed 16.0 s
[phase 2 fine] cycle 3: mass 0.0034 / 0.0500 g (0.0466 g to go, -0.0002 g this cycle), elapsed 21.0 s
[phase 2 fine] cycle 4: mass 0.0037 / 0.0500 g (0.0463 g to go, +0.0003 g this cycle), elapsed 26.0 s
[phase 2 fine] cycle 5: mass 0.0037 / 0.0500 g (0.0463 g to go, +0.0000 g this cycle), elapsed 31.0 s
[phase 2 fine] cycle 6: mass 0.0043 / 0.0500 g (0.0457 g to go, +0.0005 g this cycle), elapsed 37.0 s
[phase 2 fine] cycle 7: mass 0.0040 / 0.0500 g (0.0460 g to go, -0.0003 g this cycle), elapsed 42.0 s
[phase 2 fine] cycle 8: mass 0.0037 / 0.0500 g (0.0463 g to go, -0.0003 g this cycle), elapsed 47.0 s
[phase 2 fine] cycle 9: mass 0.0027 / 0.0500 g (0.0473 g to go, -0.0010 g this cycle), elapsed 53.0 s
[phase 2 fine] cycle 10: mass 0.0037 / 0.0500 g (0.0463 g to go, +0.0010 g this cycle), elapsed 58.0 s
[phase 2 fine] cycle 11: mass 0.0067 / 0.0500 g (0.0433 g to go, +0.0030 g this cycle), elapsed 63.0 s
[phase 2 fine] cycle 12: mass 0.0062 / 0.0500 g (0.0438 g to go, -0.0005 g this cycle), elapsed 69.0 s
[phase 2 fine] cycle 13: mass 0.0067 / 0.0500 g (0.0433 g to go, +0.0006 g this cycle), elapsed 74.0 s
[phase 2 fine] cycle 14: mass 0.0067 / 0.0500 g (0.0433 g to go, +0.0000 g this cycle), elapsed 79.0 s
[phase 2 fine] cycle 15: mass 0.0097 / 0.0500 g (0.0403 g to go, +0.0030 g this cycle), elapsed 85.0 s
[phase 2 fine] cycle 16: mass 0.0077 / 0.0500 g (0.0423 g to go, -0.0020 g this cycle), elapsed 90.0 s
[phase 2 fine] cycle 17: mass 0.0086 / 0.0500 g (0.0414 g to go, +0.0009 g this cycle), elapsed 95.0 s
[phase 2 fine] cycle 18: mass 0.0074 / 0.0500 g (0.0426 g to go, -0.0012 g this cycle), elapsed 101.0 s
[phase 2 fine] cycle 19: mass 0.0091 / 0.0500 g (0.0409 g to go, +0.0016 g this cycle), elapsed 106.0 s
[phase 2 fine] cycle 20: mass 0.0100 / 0.0500 g (0.0400 g to go, +0.0010 g this cycle), elapsed 111.0 s
[phase 2 fine] cycle 21: mass 0.0106 / 0.0500 g (0.0394 g to go, +0.0006 g this cycle), elapsed 117.0 s
[phase 2 fine] cycle 22: mass 0.0106 / 0.0500 g (0.0394 g to go, +0.0000 g this cycle), elapsed 122.0 s
[phase 2 fine] cycle 23: mass 0.0112 / 0.0500 g (0.0388 g to go, +0.0006 g this cycle), elapsed 127.0 s
[phase 2 fine] cycle 24: mass 0.0094 / 0.0500 g (0.0406 g to go, -0.0018 g this cycle), elapsed 133.0 s
[phase 2 fine] cycle 25: mass 0.0107 / 0.0500 g (0.0393 g to go, +0.0013 g this cycle), elapsed 138.0 s
[phase 2 fine] cycle 26: mass 0.0112 / 0.0500 g (0.0388 g to go, +0.0006 g this cycle), elapsed 143.0 s
[phase 2 fine] cycle 27: mass 0.0138 / 0.0500 g (0.0362 g to go, +0.0026 g this cycle), elapsed 148.0 s
[phase 2 fine] cycle 28: mass 0.0136 / 0.0500 g (0.0364 g to go, -0.0003 g this cycle), elapsed 154.0 s
[phase 2 fine] cycle 29: mass 0.0141 / 0.0500 g (0.0359 g to go, +0.0006 g this cycle), elapsed 159.0 s
[phase 2 fine] cycle 30: mass 0.0140 / 0.0500 g (0.0360 g to go, -0.0001 g this cycle), elapsed 164.0 s
[phase 2 fine] cycle 31: mass 0.0171 / 0.0500 g (0.0329 g to go, +0.0031 g this cycle), elapsed 170.0 s
[phase 2 fine] cycle 32: mass 0.0137 / 0.0500 g (0.0363 g to go, -0.0034 g this cycle), elapsed 175.0 s
[phase 2 fine] cycle 33: mass 0.0145 / 0.0500 g (0.0355 g to go, +0.0008 g this cycle), elapsed 180.0 s
[phase 2 fine] cycle 34: mass 0.0154 / 0.0500 g (0.0346 g to go, +0.0009 g this cycle), elapsed 186.0 s
[phase 2 fine] cycle 35: mass 0.0174 / 0.0500 g (0.0326 g to go, +0.0020 g this cycle), elapsed 191.0 s
[phase 2 fine] cycle 36: mass 0.0151 / 0.0500 g (0.0349 g to go, -0.0023 g this cycle), elapsed 196.0 s
[phase 2 fine] cycle 37: mass 0.0153 / 0.0500 g (0.0347 g to go, +0.0002 g this cycle), elapsed 202.0 s
[phase 2 fine] cycle 38: mass 0.0151 / 0.0500 g (0.0349 g to go, -0.0001 g this cycle), elapsed 207.0 s
[phase 2 fine] cycle 39: mass 0.0152 / 0.0500 g (0.0348 g to go, +0.0001 g this cycle), elapsed 212.0 s
[phase 2 fine] cycle 40: mass 0.0161 / 0.0500 g (0.0339 g to go, +0.0008 g this cycle), elapsed 218.0 s
[phase 2 fine] cycle 41: mass 0.0176 / 0.0500 g (0.0324 g to go, +0.0016 g this cycle), elapsed 223.0 s
[phase 2 fine] cycle 42: mass 0.0214 / 0.0500 g (0.0286 g to go, +0.0037 g this cycle), elapsed 228.0 s
[phase 2 fine] cycle 43: mass 0.0194 / 0.0500 g (0.0306 g to go, -0.0020 g this cycle), elapsed 234.0 s
[phase 2 fine] cycle 44: mass 0.0181 / 0.0500 g (0.0319 g to go, -0.0013 g this cycle), elapsed 239.0 s
[phase 2 fine] cycle 45: mass 0.0192 / 0.0500 g (0.0308 g to go, +0.0011 g this cycle), elapsed 244.0 s
[phase 2 fine] cycle 46: mass 0.0198 / 0.0500 g (0.0302 g to go, +0.0005 g this cycle), elapsed 249.0 s
[phase 2 fine] cycle 47: mass 0.0200 / 0.0500 g (0.0300 g to go, +0.0003 g this cycle), elapsed 255.0 s
[phase 2 fine] cycle 48: mass 0.0196 / 0.0500 g (0.0304 g to go, -0.0004 g this cycle), elapsed 260.0 s
[phase 2 fine] cycle 49: mass 0.0202 / 0.0500 g (0.0298 g to go, +0.0006 g this cycle), elapsed 265.0 s
[phase 2 fine] cycle 50: mass 0.0185 / 0.0500 g (0.0315 g to go, -0.0017 g this cycle), elapsed 271.0 s
[phase 2 fine] cycle 51: mass 0.0208 / 0.0500 g (0.0292 g to go, +0.0023 g this cycle), elapsed 276.0 s
[phase 2 fine] cycle 52: mass 0.0214 / 0.0500 g (0.0286 g to go, +0.0006 g this cycle), elapsed 281.0 s
[phase 2 fine] cycle 53: mass 0.0265 / 0.0500 g (0.0235 g to go, +0.0051 g this cycle), elapsed 287.0 s
=== phase 2/3 'fine' end (53 cycles): mass 0.0265 / 0.0500 g (0.0235 g to go, +0.0264 g this phase), elapsed 287.0 s
=== phase 3/3 'tap' start: 0.0235 g to go, exit at 0.0050 g to go; angle 0.0 plate deg, 0 auger deg/cycle @ 0 rpm, 2 taps/cycle, settle 1500 ms
[phase 3 tap] cycle 1: mass 0.0278 / 0.0500 g (0.0222 g to go, +0.0013 g this cycle), elapsed 291.0 s
[phase 3 tap] cycle 2: mass 0.0277 / 0.0500 g (0.0223 g to go, -0.0001 g this cycle), elapsed 294.0 s
[phase 3 tap] cycle 3: mass 0.0279 / 0.0500 g (0.0221 g to go, +0.0002 g this cycle), elapsed 297.0 s
[phase 3 tap] cycle 4: mass 0.0278 / 0.0500 g (0.0222 g to go, -0.0000 g this cycle), elapsed 301.0 s
[phase 3 tap] cycle 5: mass 0.0277 / 0.0500 g (0.0223 g to go, -0.0002 g this cycle), elapsed 304.0 s
[phase 3 tap] cycle 6: mass 0.0286 / 0.0500 g (0.0214 g to go, +0.0009 g this cycle), elapsed 307.0 s
[phase 3 tap] cycle 7: mass 0.0287 / 0.0500 g (0.0213 g to go, +0.0002 g this cycle), elapsed 311.0 s
[phase 3 tap] cycle 8: mass 0.0276 / 0.0500 g (0.0224 g to go, -0.0011 g this cycle), elapsed 314.0 s
[phase 3 tap] cycle 9: mass 0.0269 / 0.0500 g (0.0231 g to go, -0.0007 g this cycle), elapsed 317.0 s
[phase 3 tap] lip empty; nudging auger 5.0 deg (nudge 1/10)
[phase 3 tap] cycle 10: mass 0.0296 / 0.0500 g (0.0204 g to go, +0.0027 g this cycle), elapsed 323.0 s
[phase 3 tap] cycle 11: mass 0.0300 / 0.0500 g (0.0200 g to go, +0.0004 g this cycle), elapsed 326.0 s
[phase 3 tap] cycle 12: mass 0.0299 / 0.0500 g (0.0201 g to go, -0.0002 g this cycle), elapsed 329.0 s
[phase 3 tap] cycle 13: mass 0.0302 / 0.0500 g (0.0198 g to go, +0.0003 g this cycle), elapsed 332.0 s
[phase 3 tap] cycle 14: mass 0.0294 / 0.0500 g (0.0206 g to go, -0.0007 g this cycle), elapsed 336.0 s
[phase 3 tap] cycle 15: mass 0.0299 / 0.0500 g (0.0201 g to go, +0.0005 g this cycle), elapsed 339.0 s
[phase 3 tap] cycle 16: mass 0.0299 / 0.0500 g (0.0201 g to go, -0.0001 g this cycle), elapsed 342.0 s
[phase 3 tap] cycle 17: mass 0.0299 / 0.0500 g (0.0201 g to go, -0.0000 g this cycle), elapsed 345.0 s
[phase 3 tap] cycle 18: mass 0.0302 / 0.0500 g (0.0198 g to go, +0.0003 g this cycle), elapsed 349.0 s
[phase 3 tap] cycle 19: mass 0.0308 / 0.0500 g (0.0192 g to go, +0.0006 g this cycle), elapsed 352.0 s
[phase 3 tap] cycle 20: mass 0.0302 / 0.0500 g (0.0198 g to go, -0.0006 g this cycle), elapsed 355.0 s
[phase 3 tap] cycle 21: mass 0.0306 / 0.0500 g (0.0194 g to go, +0.0004 g this cycle), elapsed 358.0 s
[phase 3 tap] cycle 22: mass 0.0306 / 0.0500 g (0.0194 g to go, -0.0000 g this cycle), elapsed 362.0 s
[phase 3 tap] cycle 23: mass 0.0304 / 0.0500 g (0.0196 g to go, -0.0002 g this cycle), elapsed 365.0 s
[phase 3 tap] cycle 24: mass 0.0310 / 0.0500 g (0.0190 g to go, +0.0005 g this cycle), elapsed 369.0 s
[phase 3 tap] cycle 25: mass 0.0309 / 0.0500 g (0.0191 g to go, -0.0000 g this cycle), elapsed 372.0 s
[phase 3 tap] cycle 26: mass 0.0308 / 0.0500 g (0.0192 g to go, -0.0001 g this cycle), elapsed 375.0 s
[phase 3 tap] cycle 27: mass 0.0308 / 0.0500 g (0.0192 g to go, +0.0000 g this cycle), elapsed 378.0 s
[phase 3 tap] lip empty; nudging auger 5.0 deg (nudge 2/10)
[phase 3 tap] cycle 28: mass 0.0320 / 0.0500 g (0.0180 g to go, +0.0012 g this cycle), elapsed 384.0 s
[phase 3 tap] cycle 29: mass 0.0315 / 0.0500 g (0.0185 g to go, -0.0005 g this cycle), elapsed 387.0 s
[phase 3 tap] cycle 30: mass 0.0321 / 0.0500 g (0.0179 g to go, +0.0006 g this cycle), elapsed 390.0 s
[phase 3 tap] cycle 31: mass 0.0313 / 0.0500 g (0.0187 g to go, -0.0008 g this cycle), elapsed 394.0 s
[phase 3 tap] cycle 32: mass 0.0316 / 0.0500 g (0.0184 g to go, +0.0004 g this cycle), elapsed 397.0 s
[phase 3 tap] cycle 33: mass 0.0298 / 0.0500 g (0.0202 g to go, -0.0018 g this cycle), elapsed 400.0 s
[phase 3 tap] cycle 34: mass 0.0315 / 0.0500 g (0.0185 g to go, +0.0018 g this cycle), elapsed 404.0 s
[phase 3 tap] cycle 35: mass 0.0307 / 0.0500 g (0.0193 g to go, -0.0009 g this cycle), elapsed 407.0 s
[phase 3 tap] cycle 36: mass 0.0309 / 0.0500 g (0.0191 g to go, +0.0002 g this cycle), elapsed 410.0 s
[phase 3 tap] cycle 37: mass 0.0317 / 0.0500 g (0.0183 g to go, +0.0008 g this cycle), elapsed 413.0 s
[phase 3 tap] cycle 38: mass 0.0310 / 0.0500 g (0.0190 g to go, -0.0007 g this cycle), elapsed 417.0 s
[phase 3 tap] cycle 39: mass 0.0322 / 0.0500 g (0.0178 g to go, +0.0013 g this cycle), elapsed 420.0 s
[phase 3 tap] cycle 40: mass 0.0311 / 0.0500 g (0.0189 g to go, -0.0011 g this cycle), elapsed 423.0 s
[phase 3 tap] cycle 41: mass 0.0317 / 0.0500 g (0.0183 g to go, +0.0006 g this cycle), elapsed 427.0 s
[phase 3 tap] cycle 42: mass 0.0310 / 0.0500 g (0.0190 g to go, -0.0007 g this cycle), elapsed 430.0 s
[phase 3 tap] cycle 43: mass 0.0315 / 0.0500 g (0.0185 g to go, +0.0005 g this cycle), elapsed 433.0 s
[phase 3 tap] cycle 44: mass 0.0309 / 0.0500 g (0.0191 g to go, -0.0005 g this cycle), elapsed 437.0 s
[phase 3 tap] cycle 45: mass 0.0311 / 0.0500 g (0.0189 g to go, +0.0002 g this cycle), elapsed 440.0 s
[phase 3 tap] cycle 46: mass 0.0314 / 0.0500 g (0.0186 g to go, +0.0002 g this cycle), elapsed 443.0 s
[phase 3 tap] cycle 47: mass 0.0307 / 0.0500 g (0.0193 g to go, -0.0007 g this cycle), elapsed 446.0 s
[phase 3 tap] cycle 48: mass 0.0305 / 0.0500 g (0.0195 g to go, -0.0002 g this cycle), elapsed 450.0 s
[phase 3 tap] cycle 49: mass 0.0313 / 0.0500 g (0.0187 g to go, +0.0007 g this cycle), elapsed 453.0 s
[phase 3 tap] cycle 50: mass 0.0318 / 0.0500 g (0.0182 g to go, +0.0006 g this cycle), elapsed 456.0 s
[phase 3 tap] cycle 51: mass 0.0311 / 0.0500 g (0.0189 g to go, -0.0008 g this cycle), elapsed 459.0 s
[phase 3 tap] cycle 52: mass 0.0317 / 0.0500 g (0.0183 g to go, +0.0006 g this cycle), elapsed 462.0 s
[phase 3 tap] cycle 53: mass 0.0315 / 0.0500 g (0.0185 g to go, -0.0002 g this cycle), elapsed 466.0 s
[phase 3 tap] cycle 54: mass 0.0322 / 0.0500 g (0.0178 g to go, +0.0007 g this cycle), elapsed 469.0 s
[phase 3 tap] cycle 55: mass 0.0313 / 0.0500 g (0.0187 g to go, -0.0009 g this cycle), elapsed 472.0 s
[phase 3 tap] cycle 56: mass 0.0328 / 0.0500 g (0.0172 g to go, +0.0014 g this cycle), elapsed 475.0 s
[phase 3 tap] cycle 57: mass 0.0327 / 0.0500 g (0.0173 g to go, -0.0001 g this cycle), elapsed 479.0 s
[phase 3 tap] cycle 58: mass 0.0326 / 0.0500 g (0.0174 g to go, -0.0001 g this cycle), elapsed 482.0 s
[phase 3 tap] cycle 59: mass 0.0319 / 0.0500 g (0.0181 g to go, -0.0007 g this cycle), elapsed 485.0 s
[phase 3 tap] lip empty; nudging auger 5.0 deg (nudge 3/10)
[phase 3 tap] cycle 60: mass 0.0331 / 0.0500 g (0.0169 g to go, +0.0012 g this cycle), elapsed 491.0 s
[phase 3 tap] cycle 61: mass 0.0332 / 0.0500 g (0.0168 g to go, +0.0001 g this cycle), elapsed 494.0 s
[phase 3 tap] cycle 62: mass 0.0331 / 0.0500 g (0.0169 g to go, -0.0001 g this cycle), elapsed 497.0 s
[phase 3 tap] cycle 63: mass 0.0335 / 0.0500 g (0.0165 g to go, +0.0004 g this cycle), elapsed 501.0 s
[phase 3 tap] cycle 64: mass 0.0333 / 0.0500 g (0.0167 g to go, -0.0002 g this cycle), elapsed 504.0 s
[phase 3 tap] cycle 65: mass 0.0337 / 0.0500 g (0.0163 g to go, +0.0004 g this cycle), elapsed 507.0 s
[phase 3 tap] cycle 66: mass 0.0341 / 0.0500 g (0.0159 g to go, +0.0004 g this cycle), elapsed 511.0 s
[phase 3 tap] cycle 67: mass 0.0338 / 0.0500 g (0.0162 g to go, -0.0003 g this cycle), elapsed 514.0 s
[phase 3 tap] cycle 68: mass 0.0329 / 0.0500 g (0.0171 g to go, -0.0008 g this cycle), elapsed 517.0 s
[phase 3 tap] cycle 69: mass 0.0323 / 0.0500 g (0.0177 g to go, -0.0006 g this cycle), elapsed 520.0 s
[phase 3 tap] lip empty; nudging auger 5.0 deg (nudge 4/10)
[phase 3 tap] cycle 70: mass 0.0324 / 0.0500 g (0.0176 g to go, +0.0001 g this cycle), elapsed 526.0 s
[phase 3 tap] cycle 71: mass 0.0321 / 0.0500 g (0.0179 g to go, -0.0003 g this cycle), elapsed 529.0 s
[phase 3 tap] cycle 72: mass 0.0326 / 0.0500 g (0.0174 g to go, +0.0005 g this cycle), elapsed 533.0 s
[phase 3 tap] cycle 73: mass 0.0326 / 0.0500 g (0.0174 g to go, +0.0000 g this cycle), elapsed 536.0 s
[phase 3 tap] cycle 74: mass 0.0330 / 0.0500 g (0.0170 g to go, +0.0003 g this cycle), elapsed 539.0 s
[phase 3 tap] cycle 75: mass 0.0338 / 0.0500 g (0.0162 g to go, +0.0009 g this cycle), elapsed 542.0 s
[phase 3 tap] cycle 76: mass 0.0336 / 0.0500 g (0.0164 g to go, -0.0002 g this cycle), elapsed 546.0 s
[phase 3 tap] cycle 77: mass 0.0330 / 0.0500 g (0.0170 g to go, -0.0006 g this cycle), elapsed 549.0 s
[phase 3 tap] cycle 78: mass 0.0332 / 0.0500 g (0.0168 g to go, +0.0002 g this cycle), elapsed 553.0 s
[phase 3 tap] cycle 79: mass 0.0330 / 0.0500 g (0.0170 g to go, -0.0002 g this cycle), elapsed 556.0 s
[phase 3 tap] cycle 80: mass 0.0336 / 0.0500 g (0.0164 g to go, +0.0006 g this cycle), elapsed 559.0 s
[phase 3 tap] cycle 81: mass 0.0328 / 0.0500 g (0.0172 g to go, -0.0008 g this cycle), elapsed 563.0 s
[phase 3 tap] cycle 82: mass 0.0337 / 0.0500 g (0.0163 g to go, +0.0009 g this cycle), elapsed 566.0 s
[phase 3 tap] cycle 83: mass 0.0333 / 0.0500 g (0.0167 g to go, -0.0004 g this cycle), elapsed 569.0 s
[phase 3 tap] cycle 84: mass 0.0339 / 0.0500 g (0.0161 g to go, +0.0005 g this cycle), elapsed 572.0 s
[phase 3 tap] cycle 85: mass 0.0335 / 0.0500 g (0.0165 g to go, -0.0004 g this cycle), elapsed 576.0 s
[phase 3 tap] cycle 86: mass 0.0327 / 0.0500 g (0.0173 g to go, -0.0008 g this cycle), elapsed 579.0 s
[phase 3 tap] cycle 87: mass 0.0338 / 0.0500 g (0.0162 g to go, +0.0011 g this cycle), elapsed 582.0 s
[phase 3 tap] cycle 88: mass 0.0335 / 0.0500 g (0.0165 g to go, -0.0003 g this cycle), elapsed 586.0 s
[phase 3 tap] cycle 89: mass 0.0343 / 0.0500 g (0.0157 g to go, +0.0008 g this cycle), elapsed 589.0 s
[phase 3 tap] cycle 90: mass 0.0337 / 0.0500 g (0.0163 g to go, -0.0006 g this cycle), elapsed 592.0 s
[phase 3 tap] cycle 91: mass 0.0341 / 0.0500 g (0.0159 g to go, +0.0004 g this cycle), elapsed 596.0 s
[phase 3 tap] cycle 92: mass 0.0341 / 0.0500 g (0.0159 g to go, -0.0000 g this cycle), elapsed 599.0 s
[phase 3 tap] cycle 93: mass 0.0348 / 0.0500 g (0.0152 g to go, +0.0007 g this cycle), elapsed 602.0 s
[phase 3 tap] cycle 94: mass 0.0342 / 0.0500 g (0.0158 g to go, -0.0006 g this cycle), elapsed 606.0 s
[phase 3 tap] cycle 95: mass 0.0338 / 0.0500 g (0.0162 g to go, -0.0004 g this cycle), elapsed 609.0 s
[phase 3 tap] cycle 96: mass 0.0339 / 0.0500 g (0.0161 g to go, +0.0001 g this cycle), elapsed 612.0 s
[phase 3 tap] lip empty; nudging auger 5.0 deg (nudge 5/10)
[phase 3 tap] cycle 97: mass 0.0353 / 0.0500 g (0.0147 g to go, +0.0015 g this cycle), elapsed 618.0 s
[phase 3 tap] cycle 98: mass 0.0352 / 0.0500 g (0.0148 g to go, -0.0002 g this cycle), elapsed 621.0 s
[phase 3 tap] cycle 99: mass 0.0347 / 0.0500 g (0.0153 g to go, -0.0005 g this cycle), elapsed 625.0 s
[phase 3 tap] cycle 100: mass 0.0351 / 0.0500 g (0.0149 g to go, +0.0004 g this cycle), elapsed 628.0 s
[phase 3 tap] cycle 101: mass 0.0351 / 0.0500 g (0.0149 g to go, +0.0000 g this cycle), elapsed 631.0 s
[phase 3 tap] cycle 102: mass 0.0361 / 0.0500 g (0.0139 g to go, +0.0010 g this cycle), elapsed 635.0 s
[phase 3 tap] cycle 103: mass 0.0356 / 0.0500 g (0.0144 g to go, -0.0004 g this cycle), elapsed 638.0 s
[phase 3 tap] cycle 104: mass 0.0351 / 0.0500 g (0.0149 g to go, -0.0005 g this cycle), elapsed 641.0 s
[phase 3 tap] cycle 105: mass 0.0359 / 0.0500 g (0.0141 g to go, +0.0008 g this cycle), elapsed 645.0 s
[phase 3 tap] cycle 106: mass 0.0346 / 0.0500 g (0.0154 g to go, -0.0013 g this cycle), elapsed 648.0 s
[phase 3 tap] cycle 107: mass 0.0355 / 0.0500 g (0.0145 g to go, +0.0009 g this cycle), elapsed 651.0 s
[phase 3 tap] cycle 108: mass 0.0353 / 0.0500 g (0.0147 g to go, -0.0002 g this cycle), elapsed 655.0 s
[phase 3 tap] cycle 109: mass 0.0356 / 0.0500 g (0.0144 g to go, +0.0003 g this cycle), elapsed 658.0 s
[phase 3 tap] cycle 110: mass 0.0361 / 0.0500 g (0.0139 g to go, +0.0005 g this cycle), elapsed 661.0 s
[phase 3 tap] cycle 111: mass 0.0351 / 0.0500 g (0.0149 g to go, -0.0010 g this cycle), elapsed 664.0 s
[phase 3 tap] cycle 112: mass 0.0354 / 0.0500 g (0.0146 g to go, +0.0003 g this cycle), elapsed 668.0 s
[phase 3 tap] cycle 113: mass 0.0350 / 0.0500 g (0.0150 g to go, -0.0004 g this cycle), elapsed 671.0 s
[phase 3 tap] cycle 114: mass 0.0358 / 0.0500 g (0.0142 g to go, +0.0008 g this cycle), elapsed 674.0 s
[phase 3 tap] cycle 115: mass 0.0362 / 0.0500 g (0.0138 g to go, +0.0005 g this cycle), elapsed 678.0 s
[phase 3 tap] cycle 116: mass 0.0359 / 0.0500 g (0.0141 g to go, -0.0003 g this cycle), elapsed 681.0 s
[phase 3 tap] cycle 117: mass 0.0365 / 0.0500 g (0.0135 g to go, +0.0005 g this cycle), elapsed 684.0 s
[phase 3 tap] cycle 118: mass 0.0356 / 0.0500 g (0.0144 g to go, -0.0008 g this cycle), elapsed 688.0 s
[phase 3 tap] cycle 119: mass 0.0365 / 0.0500 g (0.0135 g to go, +0.0009 g this cycle), elapsed 691.0 s
[phase 3 tap] cycle 120: mass 0.0368 / 0.0500 g (0.0132 g to go, +0.0002 g this cycle), elapsed 695.0 s
[phase 3 tap] cycle 121: mass 0.0364 / 0.0500 g (0.0136 g to go, -0.0004 g this cycle), elapsed 698.0 s
[phase 3 tap] cycle 122: mass 0.0372 / 0.0500 g (0.0128 g to go, +0.0008 g this cycle), elapsed 701.0 s
[phase 3 tap] cycle 123: mass 0.0358 / 0.0500 g (0.0142 g to go, -0.0015 g this cycle), elapsed 705.0 s
[phase 3 tap] cycle 124: mass 0.0364 / 0.0500 g (0.0136 g to go, +0.0007 g this cycle), elapsed 708.0 s
[phase 3 tap] cycle 125: mass 0.0372 / 0.0500 g (0.0128 g to go, +0.0008 g this cycle), elapsed 711.0 s
[phase 3 tap] cycle 126: mass 0.0372 / 0.0500 g (0.0128 g to go, -0.0000 g this cycle), elapsed 715.0 s
[phase 3 tap] cycle 127: mass 0.0363 / 0.0500 g (0.0137 g to go, -0.0009 g this cycle), elapsed 718.0 s
[phase 3 tap] cycle 128: mass 0.0369 / 0.0500 g (0.0131 g to go, +0.0006 g this cycle), elapsed 721.0 s
[phase 3 tap] cycle 129: mass 0.0368 / 0.0500 g (0.0132 g to go, -0.0001 g this cycle), elapsed 725.0 s
[phase 3 tap] cycle 130: mass 0.0362 / 0.0500 g (0.0138 g to go, -0.0006 g this cycle), elapsed 728.0 s
[phase 3 tap] cycle 131: mass 0.0370 / 0.0500 g (0.0130 g to go, +0.0008 g this cycle), elapsed 731.0 s
[phase 3 tap] cycle 132: mass 0.0362 / 0.0500 g (0.0138 g to go, -0.0008 g this cycle), elapsed 734.0 s
[phase 3 tap] cycle 133: mass 0.0365 / 0.0500 g (0.0135 g to go, +0.0003 g this cycle), elapsed 738.0 s
[phase 3 tap] cycle 134: mass 0.0367 / 0.0500 g (0.0133 g to go, +0.0001 g this cycle), elapsed 741.0 s
[phase 3 tap] cycle 135: mass 0.0372 / 0.0500 g (0.0128 g to go, +0.0006 g this cycle), elapsed 744.0 s
[phase 3 tap] cycle 136: mass 0.0370 / 0.0500 g (0.0130 g to go, -0.0002 g this cycle), elapsed 747.0 s
[phase 3 tap] cycle 137: mass 0.0381 / 0.0500 g (0.0119 g to go, +0.0011 g this cycle), elapsed 751.0 s
[phase 3 tap] cycle 138: mass 0.0370 / 0.0500 g (0.0130 g to go, -0.0011 g this cycle), elapsed 754.0 s
[phase 3 tap] cycle 139: mass 0.0373 / 0.0500 g (0.0127 g to go, +0.0003 g this cycle), elapsed 757.0 s
[phase 3 tap] cycle 140: mass 0.0376 / 0.0500 g (0.0124 g to go, +0.0004 g this cycle), elapsed 760.0 s
[phase 3 tap] cycle 141: mass 0.0374 / 0.0500 g (0.0126 g to go, -0.0003 g this cycle), elapsed 764.0 s
[phase 3 tap] cycle 142: mass 0.0378 / 0.0500 g (0.0122 g to go, +0.0005 g this cycle), elapsed 767.0 s
[phase 3 tap] cycle 143: mass 0.0370 / 0.0500 g (0.0130 g to go, -0.0009 g this cycle), elapsed 770.0 s
[phase 3 tap] cycle 144: mass 0.0377 / 0.0500 g (0.0123 g to go, +0.0007 g this cycle), elapsed 774.0 s
[phase 3 tap] cycle 145: mass 0.0362 / 0.0500 g (0.0138 g to go, -0.0015 g this cycle), elapsed 777.0 s
[phase 3 tap] cycle 146: mass 0.0373 / 0.0500 g (0.0127 g to go, +0.0012 g this cycle), elapsed 780.0 s
[phase 3 tap] cycle 147: mass 0.0379 / 0.0500 g (0.0121 g to go, +0.0006 g this cycle), elapsed 784.0 s
[phase 3 tap] cycle 148: mass 0.0374 / 0.0500 g (0.0126 g to go, -0.0005 g this cycle), elapsed 787.0 s
[phase 3 tap] cycle 149: mass 0.0371 / 0.0500 g (0.0129 g to go, -0.0003 g this cycle), elapsed 790.0 s
[phase 3 tap] cycle 150: mass 0.0380 / 0.0500 g (0.0120 g to go, +0.0009 g this cycle), elapsed 793.0 s
[phase 3 tap] cycle 151: mass 0.0372 / 0.0500 g (0.0128 g to go, -0.0008 g this cycle), elapsed 797.0 s
[phase 3 tap] cycle 152: mass 0.0381 / 0.0500 g (0.0119 g to go, +0.0009 g this cycle), elapsed 800.0 s
[phase 3 tap] cycle 153: mass 0.0393 / 0.0500 g (0.0107 g to go, +0.0012 g this cycle), elapsed 803.0 s
[phase 3 tap] cycle 154: mass 0.0395 / 0.0500 g (0.0105 g to go, +0.0002 g this cycle), elapsed 806.0 s
[phase 3 tap] cycle 155: mass 0.0390 / 0.0500 g (0.0110 g to go, -0.0004 g this cycle), elapsed 810.0 s
[phase 3 tap] cycle 156: mass 0.0387 / 0.0500 g (0.0113 g to go, -0.0003 g this cycle), elapsed 813.0 s
[phase 3 tap] lip empty; nudging auger 5.0 deg (nudge 6/10)
[phase 3 tap] cycle 157: mass 0.0391 / 0.0500 g (0.0109 g to go, +0.0004 g this cycle), elapsed 819.0 s
[phase 3 tap] cycle 158: mass 0.0395 / 0.0500 g (0.0105 g to go, +0.0004 g this cycle), elapsed 822.0 s
[phase 3 tap] cycle 159: mass 0.0387 / 0.0500 g (0.0113 g to go, -0.0009 g this cycle), elapsed 825.0 s
[phase 3 tap] cycle 160: mass 0.0390 / 0.0500 g (0.0110 g to go, +0.0003 g this cycle), elapsed 829.0 s
[phase 3 tap] cycle 161: mass 0.0384 / 0.0500 g (0.0116 g to go, -0.0005 g this cycle), elapsed 832.0 s
[phase 3 tap] cycle 162: mass 0.0380 / 0.0500 g (0.0120 g to go, -0.0005 g this cycle), elapsed 835.0 s
[phase 3 tap] cycle 163: mass 0.0383 / 0.0500 g (0.0117 g to go, +0.0004 g this cycle), elapsed 839.0 s
[phase 3 tap] cycle 164: mass 0.0382 / 0.0500 g (0.0118 g to go, -0.0001 g this cycle), elapsed 842.0 s
[phase 3 tap] cycle 165: mass 0.0383 / 0.0500 g (0.0117 g to go, +0.0002 g this cycle), elapsed 845.0 s
[phase 3 tap] cycle 166: mass 0.0376 / 0.0500 g (0.0124 g to go, -0.0007 g this cycle), elapsed 848.0 s
[phase 3 tap] lip empty; nudging auger 5.0 deg (nudge 7/10)
[phase 3 tap] cycle 167: mass 0.0390 / 0.0500 g (0.0110 g to go, +0.0014 g this cycle), elapsed 854.0 s
[phase 3 tap] cycle 168: mass 0.0396 / 0.0500 g (0.0104 g to go, +0.0006 g this cycle), elapsed 857.0 s
[phase 3 tap] cycle 169: mass 0.0394 / 0.0500 g (0.0106 g to go, -0.0002 g this cycle), elapsed 861.0 s
[phase 3 tap] cycle 170: mass 0.0392 / 0.0500 g (0.0108 g to go, -0.0002 g this cycle), elapsed 864.0 s
[phase 3 tap] cycle 171: mass 0.0392 / 0.0500 g (0.0108 g to go, +0.0000 g this cycle), elapsed 867.0 s
[phase 3 tap] lip empty; nudging auger 5.0 deg (nudge 8/10)
[phase 3 tap] cycle 172: mass 0.0376 / 0.0500 g (0.0124 g to go, -0.0017 g this cycle), elapsed 873.0 s
[phase 3 tap] cycle 173: mass 0.0371 / 0.0500 g (0.0129 g to go, -0.0005 g this cycle), elapsed 876.0 s
[phase 3 tap] cycle 174: mass 0.0371 / 0.0500 g (0.0129 g to go, -0.0001 g this cycle), elapsed 879.0 s
[phase 3 tap] lip empty; nudging auger 5.0 deg (nudge 9/10)
[phase 3 tap] cycle 175: mass 0.0387 / 0.0500 g (0.0113 g to go, +0.0016 g this cycle), elapsed 885.0 s
[phase 3 tap] cycle 176: mass 0.0390 / 0.0500 g (0.0110 g to go, +0.0003 g this cycle), elapsed 888.0 s
[phase 3 tap] cycle 177: mass 0.0387 / 0.0500 g (0.0113 g to go, -0.0003 g this cycle), elapsed 892.0 s
[phase 3 tap] cycle 178: mass 0.0386 / 0.0500 g (0.0114 g to go, -0.0000 g this cycle), elapsed 895.0 s
[phase 3 tap] cycle 179: mass 0.0389 / 0.0500 g (0.0111 g to go, +0.0002 g this cycle), elapsed 899.0 s
[phase 3 tap] cycle 180: mass 0.0387 / 0.0500 g (0.0113 g to go, -0.0002 g this cycle), elapsed 902.0 s
[phase 3 tap] dose timeout (900 s)
=== phase 3/3 'tap' end (180 cycles): mass 0.0387 / 0.0500 g (0.0113 g to go, +0.0122 g this phase), elapsed 902.0 s
[dose] done: DoseResult(timeout: 0.0387/0.0500 g in 902.0s; cycles bulk:0, fine:53, tap:180; 6.75 auger rev, 360 taps)
DOSE,1,0.0500,0.0387,-0.0113,timeout,902.0,6.75,360,bulk:0;fine:53;tap:180,1463476,H
PROMPT,block H dose 1 done -- empty the cup for the next dose, then Enter ('skip'/'abort')
[dose] three-phase dose to 0.0500 g; taring scale
[dose] WARNING the tare did not take -- pan reads -2.5855 g. Subtracting it as this dose's baseline; delivered mass is measured as the increment above it, not the displayed value.
[dose] tared: baseline -2585.5 mg (subtracted), drift -5.8 mg/min, read noise 0.03 mg
=== phase 1/3 'bulk' start: 0.0501 g to go, exit at 0.0500 g to go; angle 45.0 plate deg, CONTINUOUS @ 55 auger rpm (poll 250 ms, anticipation 0.1200 g), settle 800 ms
[phase 1 bulk] poll 1: mass 0.0007 / 0.0500 g (0.0493 g to go, +0.0008 g this poll), elapsed 6.0 s
[phase 1 bulk] auger halted at 0.0493 g to go (halt threshold 0.1700 g); settling 800 ms
[phase 1 bulk] settled: mass 0.0037 / 0.0500 g (0.0463 g to go, +0.0029 g while settling), elapsed 8.0 s
=== phase 1/3 'bulk' end (1 cycles): mass 0.0037 / 0.0500 g (0.0463 g to go, +0.0037 g this phase), elapsed 8.0 s
=== phase 2/3 'fine' start: 0.0463 g to go, exit at 0.0250 g to go; angle 22.5 plate deg, 45 auger deg/cycle @ 30 rpm, 0 taps/cycle, settle 1500 ms
[phase 2 fine] cycle 1: mass 0.0033 / 0.0500 g (0.0467 g to go, -0.0003 g this cycle), elapsed 14.0 s
[phase 2 fine] cycle 2: mass 0.0025 / 0.0500 g (0.0475 g to go, -0.0008 g this cycle), elapsed 20.0 s
[phase 2 fine] cycle 3: mass 0.0057 / 0.0500 g (0.0443 g to go, +0.0031 g this cycle), elapsed 25.0 s
[phase 2 fine] cycle 4: mass 0.0043 / 0.0500 g (0.0457 g to go, -0.0014 g this cycle), elapsed 30.0 s
[phase 2 fine] cycle 5: mass 0.0073 / 0.0500 g (0.0427 g to go, +0.0031 g this cycle), elapsed 36.0 s
[phase 2 fine] cycle 6: mass 0.0091 / 0.0500 g (0.0409 g to go, +0.0018 g this cycle), elapsed 41.0 s
[phase 2 fine] cycle 7: mass 0.0085 / 0.0500 g (0.0415 g to go, -0.0006 g this cycle), elapsed 46.0 s
[phase 2 fine] cycle 8: mass 0.0084 / 0.0500 g (0.0416 g to go, -0.0001 g this cycle), elapsed 51.0 s
[phase 2 fine] cycle 9: mass 0.0075 / 0.0500 g (0.0425 g to go, -0.0009 g this cycle), elapsed 57.0 s
[phase 2 fine] cycle 10: mass 0.0089 / 0.0500 g (0.0411 g to go, +0.0014 g this cycle), elapsed 62.0 s
[phase 2 fine] cycle 11: mass 0.0114 / 0.0500 g (0.0386 g to go, +0.0025 g this cycle), elapsed 67.0 s
[phase 2 fine] cycle 12: mass 0.0139 / 0.0500 g (0.0361 g to go, +0.0025 g this cycle), elapsed 72.0 s
[phase 2 fine] cycle 13: mass 0.0150 / 0.0500 g (0.0350 g to go, +0.0011 g this cycle), elapsed 78.0 s
[phase 2 fine] cycle 14: mass 0.0143 / 0.0500 g (0.0357 g to go, -0.0008 g this cycle), elapsed 83.0 s
[phase 2 fine] cycle 15: mass 0.0148 / 0.0500 g (0.0352 g to go, +0.0005 g this cycle), elapsed 89.0 s
[phase 2 fine] cycle 16: mass 0.0146 / 0.0500 g (0.0354 g to go, -0.0002 g this cycle), elapsed 94.0 s
[phase 2 fine] cycle 17: mass 0.0148 / 0.0500 g (0.0352 g to go, +0.0001 g this cycle), elapsed 99.0 s
[phase 2 fine] cycle 18: mass 0.0151 / 0.0500 g (0.0349 g to go, +0.0003 g this cycle), elapsed 105.0 s
[phase 2 fine] cycle 19: mass 0.0162 / 0.0500 g (0.0338 g to go, +0.0012 g this cycle), elapsed 110.0 s
[phase 2 fine] cycle 20: mass 0.0200 / 0.0500 g (0.0300 g to go, +0.0038 g this cycle), elapsed 115.0 s
[phase 2 fine] cycle 21: mass 0.0224 / 0.0500 g (0.0276 g to go, +0.0024 g this cycle), elapsed 121.0 s
[phase 2 fine] cycle 22: mass 0.0221 / 0.0500 g (0.0279 g to go, -0.0003 g this cycle), elapsed 126.0 s
[phase 2 fine] cycle 23: mass 0.0238 / 0.0500 g (0.0262 g to go, +0.0017 g this cycle), elapsed 131.0 s
[phase 2 fine] cycle 24: mass 0.0246 / 0.0500 g (0.0254 g to go, +0.0008 g this cycle), elapsed 137.0 s
[phase 2 fine] cycle 25: mass 0.0243 / 0.0500 g (0.0257 g to go, -0.0003 g this cycle), elapsed 142.0 s
[phase 2 fine] cycle 26: mass 0.0261 / 0.0500 g (0.0239 g to go, +0.0017 g this cycle), elapsed 147.0 s
=== phase 2/3 'fine' end (26 cycles): mass 0.0261 / 0.0500 g (0.0239 g to go, +0.0224 g this phase), elapsed 147.0 s
=== phase 3/3 'tap' start: 0.0239 g to go, exit at 0.0050 g to go; angle 0.0 plate deg, 0 auger deg/cycle @ 0 rpm, 2 taps/cycle, settle 1500 ms
[phase 3 tap] cycle 1: mass 0.0276 / 0.0500 g (0.0224 g to go, +0.0015 g this cycle), elapsed 151.0 s
[phase 3 tap] cycle 2: mass 0.0278 / 0.0500 g (0.0222 g to go, +0.0003 g this cycle), elapsed 154.0 s
[phase 3 tap] cycle 3: mass 0.0279 / 0.0500 g (0.0221 g to go, +0.0000 g this cycle), elapsed 158.0 s
[phase 3 tap] cycle 4: mass 0.0276 / 0.0500 g (0.0224 g to go, -0.0003 g this cycle), elapsed 161.0 s
[phase 3 tap] cycle 5: mass 0.0278 / 0.0500 g (0.0222 g to go, +0.0002 g this cycle), elapsed 164.0 s
[phase 3 tap] lip empty; nudging auger 5.0 deg (nudge 1/10)
[phase 3 tap] cycle 6: mass 0.0282 / 0.0500 g (0.0218 g to go, +0.0004 g this cycle), elapsed 170.0 s
[phase 3 tap] cycle 7: mass 0.0284 / 0.0500 g (0.0216 g to go, +0.0002 g this cycle), elapsed 173.0 s
[phase 3 tap] cycle 8: mass 0.0290 / 0.0500 g (0.0210 g to go, +0.0006 g this cycle), elapsed 177.0 s
[phase 3 tap] cycle 9: mass 0.0279 / 0.0500 g (0.0221 g to go, -0.0011 g this cycle), elapsed 180.0 s
[phase 3 tap] cycle 10: mass 0.0282 / 0.0500 g (0.0218 g to go, +0.0003 g this cycle), elapsed 183.0 s
[phase 3 tap] cycle 11: mass 0.0279 / 0.0500 g (0.0221 g to go, -0.0003 g this cycle), elapsed 187.0 s
[phase 3 tap] cycle 12: mass 0.0288 / 0.0500 g (0.0212 g to go, +0.0009 g this cycle), elapsed 190.0 s
[phase 3 tap] cycle 13: mass 0.0284 / 0.0500 g (0.0216 g to go, -0.0004 g this cycle), elapsed 193.0 s
[phase 3 tap] cycle 14: mass 0.0287 / 0.0500 g (0.0213 g to go, +0.0002 g this cycle), elapsed 196.0 s
[phase 3 tap] cycle 15: mass 0.0285 / 0.0500 g (0.0215 g to go, -0.0002 g this cycle), elapsed 200.0 s
[phase 3 tap] cycle 16: mass 0.0288 / 0.0500 g (0.0212 g to go, +0.0003 g this cycle), elapsed 203.0 s
[phase 3 tap] cycle 17: mass 0.0288 / 0.0500 g (0.0212 g to go, -0.0000 g this cycle), elapsed 206.0 s
[phase 3 tap] cycle 18: mass 0.0288 / 0.0500 g (0.0212 g to go, +0.0000 g this cycle), elapsed 209.0 s
[phase 3 tap] cycle 19: mass 0.0280 / 0.0500 g (0.0220 g to go, -0.0008 g this cycle), elapsed 213.0 s
[phase 3 tap] lip empty; nudging auger 5.0 deg (nudge 2/10)
[phase 3 tap] cycle 20: mass 0.0278 / 0.0500 g (0.0222 g to go, -0.0002 g this cycle), elapsed 218.0 s
[phase 3 tap] cycle 21: mass 0.0277 / 0.0500 g (0.0223 g to go, -0.0001 g this cycle), elapsed 222.0 s
[phase 3 tap] cycle 22: mass 0.0274 / 0.0500 g (0.0226 g to go, -0.0002 g this cycle), elapsed 225.0 s
[phase 3 tap] lip empty; nudging auger 5.0 deg (nudge 3/10)
[phase 3 tap] cycle 23: mass 0.0285 / 0.0500 g (0.0215 g to go, +0.0011 g this cycle), elapsed 231.0 s
[phase 3 tap] cycle 24: mass 0.0284 / 0.0500 g (0.0216 g to go, -0.0001 g this cycle), elapsed 234.0 s
[phase 3 tap] cycle 25: mass 0.0286 / 0.0500 g (0.0214 g to go, +0.0002 g this cycle), elapsed 238.0 s
[phase 3 tap] cycle 26: mass 0.0287 / 0.0500 g (0.0213 g to go, +0.0001 g this cycle), elapsed 241.0 s
[phase 3 tap] cycle 27: mass 0.0288 / 0.0500 g (0.0212 g to go, +0.0001 g this cycle), elapsed 244.0 s
[phase 3 tap] cycle 28: mass 0.0289 / 0.0500 g (0.0211 g to go, +0.0001 g this cycle), elapsed 248.0 s
[phase 3 tap] lip empty; nudging auger 5.0 deg (nudge 4/10)
[phase 3 tap] cycle 29: mass 0.0283 / 0.0500 g (0.0217 g to go, -0.0006 g this cycle), elapsed 253.0 s
[phase 3 tap] cycle 30: mass 0.0281 / 0.0500 g (0.0219 g to go, -0.0002 g this cycle), elapsed 257.0 s
[phase 3 tap] cycle 31: mass 0.0271 / 0.0500 g (0.0229 g to go, -0.0010 g this cycle), elapsed 260.0 s
[phase 3 tap] lip empty; nudging auger 5.0 deg (nudge 5/10)
[phase 3 tap] cycle 32: mass 0.0294 / 0.0500 g (0.0206 g to go, +0.0023 g this cycle), elapsed 265.0 s
[phase 3 tap] cycle 33: mass 0.0291 / 0.0500 g (0.0209 g to go, -0.0003 g this cycle), elapsed 269.0 s
[phase 3 tap] cycle 34: mass 0.0294 / 0.0500 g (0.0206 g to go, +0.0002 g this cycle), elapsed 272.0 s
[phase 3 tap] cycle 35: mass 0.0291 / 0.0500 g (0.0209 g to go, -0.0003 g this cycle), elapsed 275.0 s
[phase 3 tap] cycle 36: mass 0.0294 / 0.0500 g (0.0206 g to go, +0.0003 g this cycle), elapsed 279.0 s
[phase 3 tap] cycle 37: mass 0.0289 / 0.0500 g (0.0211 g to go, -0.0005 g this cycle), elapsed 282.0 s
[phase 3 tap] cycle 38: mass 0.0288 / 0.0500 g (0.0212 g to go, -0.0000 g this cycle), elapsed 285.0 s
[phase 3 tap] cycle 39: mass 0.0287 / 0.0500 g (0.0213 g to go, -0.0001 g this cycle), elapsed 288.0 s
[phase 3 tap] lip empty; nudging auger 5.0 deg (nudge 6/10)
[phase 3 tap] cycle 40: mass 0.0289 / 0.0500 g (0.0211 g to go, +0.0002 g this cycle), elapsed 294.0 s
[phase 3 tap] cycle 41: mass 0.0282 / 0.0500 g (0.0218 g to go, -0.0007 g this cycle), elapsed 297.0 s
[phase 3 tap] cycle 42: mass 0.0292 / 0.0500 g (0.0208 g to go, +0.0010 g this cycle), elapsed 301.0 s
[phase 3 tap] cycle 43: mass 0.0289 / 0.0500 g (0.0211 g to go, -0.0003 g this cycle), elapsed 304.0 s
[phase 3 tap] cycle 44: mass 0.0285 / 0.0500 g (0.0215 g to go, -0.0004 g this cycle), elapsed 307.0 s
[phase 3 tap] cycle 45: mass 0.0275 / 0.0500 g (0.0225 g to go, -0.0010 g this cycle), elapsed 311.0 s
[phase 3 tap] lip empty; nudging auger 5.0 deg (nudge 7/10)
[phase 3 tap] cycle 46: mass 0.0289 / 0.0500 g (0.0211 g to go, +0.0014 g this cycle), elapsed 316.0 s
[phase 3 tap] cycle 47: mass 0.0294 / 0.0500 g (0.0206 g to go, +0.0004 g this cycle), elapsed 319.0 s
[phase 3 tap] cycle 48: mass 0.0279 / 0.0500 g (0.0221 g to go, -0.0014 g this cycle), elapsed 323.0 s
[phase 3 tap] cycle 49: mass 0.0290 / 0.0500 g (0.0210 g to go, +0.0010 g this cycle), elapsed 326.0 s
[phase 3 tap] cycle 50: mass 0.0286 / 0.0500 g (0.0214 g to go, -0.0004 g this cycle), elapsed 329.0 s
[phase 3 tap] cycle 51: mass 0.0289 / 0.0500 g (0.0211 g to go, +0.0003 g this cycle), elapsed 333.0 s
[phase 3 tap] cycle 52: mass 0.0295 / 0.0500 g (0.0205 g to go, +0.0006 g this cycle), elapsed 336.0 s
[phase 3 tap] cycle 53: mass 0.0289 / 0.0500 g (0.0211 g to go, -0.0006 g this cycle), elapsed 339.0 s
[phase 3 tap] cycle 54: mass 0.0288 / 0.0500 g (0.0212 g to go, -0.0001 g this cycle), elapsed 342.0 s
[phase 3 tap] cycle 55: mass 0.0294 / 0.0500 g (0.0206 g to go, +0.0006 g this cycle), elapsed 346.0 s
[phase 3 tap] cycle 56: mass 0.0291 / 0.0500 g (0.0209 g to go, -0.0002 g this cycle), elapsed 349.0 s
[phase 3 tap] cycle 57: mass 0.0293 / 0.0500 g (0.0207 g to go, +0.0001 g this cycle), elapsed 352.0 s
[phase 3 tap] cycle 58: mass 0.0290 / 0.0500 g (0.0210 g to go, -0.0002 g this cycle), elapsed 356.0 s
[phase 3 tap] lip empty; nudging auger 5.0 deg (nudge 8/10)
[phase 3 tap] cycle 59: mass 0.0294 / 0.0500 g (0.0206 g to go, +0.0004 g this cycle), elapsed 361.0 s
[phase 3 tap] cycle 60: mass 0.0293 / 0.0500 g (0.0207 g to go, -0.0002 g this cycle), elapsed 364.0 s
[phase 3 tap] cycle 61: mass 0.0294 / 0.0500 g (0.0206 g to go, +0.0002 g this cycle), elapsed 368.0 s
[phase 3 tap] cycle 62: mass 0.0293 / 0.0500 g (0.0207 g to go, -0.0001 g this cycle), elapsed 371.0 s
[phase 3 tap] lip empty; nudging auger 5.0 deg (nudge 9/10)
[phase 3 tap] cycle 63: mass 0.0302 / 0.0500 g (0.0198 g to go, +0.0009 g this cycle), elapsed 377.0 s
[phase 3 tap] cycle 64: mass 0.0304 / 0.0500 g (0.0196 g to go, +0.0002 g this cycle), elapsed 380.0 s
[phase 3 tap] cycle 65: mass 0.0305 / 0.0500 g (0.0195 g to go, +0.0001 g this cycle), elapsed 383.0 s
[phase 3 tap] cycle 66: mass 0.0303 / 0.0500 g (0.0197 g to go, -0.0002 g this cycle), elapsed 386.0 s
[phase 3 tap] lip empty; nudging auger 5.0 deg (nudge 10/10)
[phase 3 tap] cycle 67: mass 0.0306 / 0.0500 g (0.0194 g to go, +0.0003 g this cycle), elapsed 392.0 s
[phase 3 tap] cycle 68: mass 0.0309 / 0.0500 g (0.0191 g to go, +0.0002 g this cycle), elapsed 395.0 s
[phase 3 tap] cycle 69: mass 0.0308 / 0.0500 g (0.0192 g to go, -0.0000 g this cycle), elapsed 399.0 s
[phase 3 tap] cycle 70: mass 0.0303 / 0.0500 g (0.0197 g to go, -0.0005 g this cycle), elapsed 402.0 s
[phase 3 tap] cycle 71: mass 0.0303 / 0.0500 g (0.0197 g to go, +0.0000 g this cycle), elapsed 405.0 s
[phase 3 tap] no powder flow -- hopper empty, jam, or nudge budget spent
=== phase 3/3 'tap' end (71 cycles): mass 0.0303 / 0.0500 g (0.0197 g to go, +0.0042 g this phase), elapsed 405.0 s
[dose] done: DoseResult(stalled: 0.0303/0.0500 g in 405.0s; cycles bulk:1, fine:26, tap:71; 3.39 auger rev, 142 taps)
DOSE,2,0.0500,0.0303,-0.0197,stalled,405.0,3.39,142,bulk:1;fine:26;tap:71,1868939,H
PROMPT,block H dose 2 done -- empty the cup for the next dose, then Enter ('skip'/'abort')
META,dose_h.thresholds.0.2000,0.2000;0.0500;0.0050
[battery] dose target 0.2000 g, thresholds 0.2000/0.0500/0.0050
[dose] three-phase dose to 0.2000 g; taring scale
[dose] WARNING the tare did not take -- pan reads -2.5556 g. Subtracting it as this dose's baseline; delivered mass is measured as the increment above it, not the displayed value.
[dose] tared: baseline -2555.6 mg (subtracted), drift -30.9 mg/min, read noise 0.13 mg
=== phase 1/3 'bulk' start: 0.2006 g to go, exit at 0.2000 g to go; angle 45.0 plate deg, CONTINUOUS @ 55 auger rpm (poll 250 ms, anticipation 0.1200 g), settle 800 ms
[phase 1 bulk] poll 1 (unstable): mass 0.0005 / 0.2000 g (0.1995 g to go, +0.0011 g this poll), elapsed 7.0 s
[phase 1 bulk] auger halted at 0.1995 g to go (halt threshold 0.3200 g); settling 800 ms
[phase 1 bulk] settled: mass 0.0077 / 0.2000 g (0.1923 g to go, +0.0072 g while settling), elapsed 9.0 s
=== phase 1/3 'bulk' end (1 cycles): mass 0.0077 / 0.2000 g (0.1923 g to go, +0.0083 g this phase), elapsed 9.0 s
=== phase 2/3 'fine' start: 0.1923 g to go, exit at 0.0500 g to go; angle 22.5 plate deg, 45 auger deg/cycle @ 30 rpm, 0 taps/cycle, settle 1500 ms
[phase 2 fine] cycle 1: mass 0.0068 / 0.2000 g (0.1932 g to go, -0.0008 g this cycle), elapsed 15.0 s
[phase 2 fine] cycle 2: mass 0.0092 / 0.2000 g (0.1908 g to go, +0.0024 g this cycle), elapsed 20.0 s
[phase 2 fine] cycle 3: mass 0.0072 / 0.2000 g (0.1928 g to go, -0.0020 g this cycle), elapsed 25.0 s
[phase 2 fine] cycle 4: mass 0.0099 / 0.2000 g (0.1901 g to go, +0.0027 g this cycle), elapsed 31.0 s
[phase 2 fine] cycle 5: mass 0.0092 / 0.2000 g (0.1908 g to go, -0.0007 g this cycle), elapsed 36.0 s
[phase 2 fine] cycle 6: mass 0.0107 / 0.2000 g (0.1893 g to go, +0.0015 g this cycle), elapsed 41.0 s
[phase 2 fine] cycle 7: mass 0.0171 / 0.2000 g (0.1829 g to go, +0.0064 g this cycle), elapsed 47.0 s
[phase 2 fine] cycle 8: mass 0.0175 / 0.2000 g (0.1825 g to go, +0.0004 g this cycle), elapsed 52.0 s
[phase 2 fine] cycle 9: mass 0.0148 / 0.2000 g (0.1852 g to go, -0.0027 g this cycle), elapsed 57.0 s
[phase 2 fine] cycle 10: mass 0.0236 / 0.2000 g (0.1764 g to go, +0.0088 g this cycle), elapsed 63.0 s
[phase 2 fine] cycle 11: mass 0.0129 / 0.2000 g (0.1871 g to go, -0.0107 g this cycle), elapsed 68.0 s
[phase 2 fine] cycle 12: mass 0.0154 / 0.2000 g (0.1846 g to go, +0.0025 g this cycle), elapsed 73.0 s
[phase 2 fine] cycle 13: mass 0.0169 / 0.2000 g (0.1831 g to go, +0.0015 g this cycle), elapsed 79.0 s
[phase 2 fine] cycle 14: mass 0.0204 / 0.2000 g (0.1796 g to go, +0.0035 g this cycle), elapsed 84.0 s
[phase 2 fine] cycle 15: mass 0.0204 / 0.2000 g (0.1796 g to go, -0.0000 g this cycle), elapsed 89.0 s
[phase 2 fine] cycle 16: mass 0.0203 / 0.2000 g (0.1797 g to go, -0.0001 g this cycle), elapsed 94.0 s
[phase 2 fine] cycle 17: mass 0.0223 / 0.2000 g (0.1777 g to go, +0.0020 g this cycle), elapsed 100.0 s
[phase 2 fine] cycle 18: mass 0.0270 / 0.2000 g (0.1730 g to go, +0.0047 g this cycle), elapsed 105.0 s
[phase 2 fine] cycle 19: mass 0.0190 / 0.2000 g (0.1810 g to go, -0.0081 g this cycle), elapsed 110.0 s
[phase 2 fine] cycle 20: mass 0.0205 / 0.2000 g (0.1795 g to go, +0.0015 g this cycle), elapsed 115.0 s
[phase 2 fine] cycle 21: mass 0.0177 / 0.2000 g (0.1823 g to go, -0.0028 g this cycle), elapsed 121.0 s
[phase 2 fine] cycle 22: mass 0.0197 / 0.2000 g (0.1803 g to go, +0.0020 g this cycle), elapsed 126.0 s
[phase 2 fine] cycle 23: mass 0.0222 / 0.2000 g (0.1778 g to go, +0.0025 g this cycle), elapsed 131.0 s
[phase 2 fine] cycle 24: mass 0.0257 / 0.2000 g (0.1743 g to go, +0.0035 g this cycle), elapsed 137.0 s
[phase 2 fine] cycle 25: mass 0.0196 / 0.2000 g (0.1804 g to go, -0.0061 g this cycle), elapsed 142.0 s
[phase 2 fine] cycle 26: mass 0.0305 / 0.2000 g (0.1695 g to go, +0.0109 g this cycle), elapsed 147.0 s
[phase 2 fine] cycle 27: mass 0.0278 / 0.2000 g (0.1722 g to go, -0.0027 g this cycle), elapsed 153.0 s
[phase 2 fine] cycle 28: mass 0.0288 / 0.2000 g (0.1712 g to go, +0.0010 g this cycle), elapsed 158.0 s
[phase 2 fine] cycle 29: mass 0.0300 / 0.2000 g (0.1700 g to go, +0.0012 g this cycle), elapsed 163.0 s
[phase 2 fine] cycle 30: mass 0.0295 / 0.2000 g (0.1705 g to go, -0.0005 g this cycle), elapsed 169.0 s
[phase 2 fine] cycle 31: mass 0.0294 / 0.2000 g (0.1706 g to go, -0.0000 g this cycle), elapsed 174.0 s
[phase 2 fine] cycle 32: mass 0.0309 / 0.2000 g (0.1691 g to go, +0.0015 g this cycle), elapsed 179.0 s
[phase 2 fine] cycle 33: mass 0.0310 / 0.2000 g (0.1690 g to go, +0.0001 g this cycle), elapsed 184.0 s
[phase 2 fine] cycle 34: mass 0.0366 / 0.2000 g (0.1634 g to go, +0.0056 g this cycle), elapsed 189.0 s
[phase 2 fine] cycle 35: mass 0.0291 / 0.2000 g (0.1709 g to go, -0.0075 g this cycle), elapsed 195.0 s
[phase 2 fine] cycle 36: mass 0.0336 / 0.2000 g (0.1664 g to go, +0.0045 g this cycle), elapsed 200.0 s
[phase 2 fine] cycle 37: mass 0.0342 / 0.2000 g (0.1658 g to go, +0.0006 g this cycle), elapsed 205.0 s
[phase 2 fine] cycle 38: mass 0.0357 / 0.2000 g (0.1643 g to go, +0.0015 g this cycle), elapsed 210.0 s
[phase 2 fine] cycle 39: mass 0.0370 / 0.2000 g (0.1630 g to go, +0.0013 g this cycle), elapsed 216.0 s
[phase 2 fine] cycle 40: mass 0.0366 / 0.2000 g (0.1634 g to go, -0.0004 g this cycle), elapsed 221.0 s
[phase 2 fine] cycle 41: mass 0.0379 / 0.2000 g (0.1621 g to go, +0.0012 g this cycle), elapsed 226.0 s
[phase 2 fine] cycle 42: mass 0.0396 / 0.2000 g (0.1604 g to go, +0.0017 g this cycle), elapsed 232.0 s
[phase 2 fine] cycle 43: mass 0.0342 / 0.2000 g (0.1658 g to go, -0.0054 g this cycle), elapsed 237.0 s
[phase 2 fine] cycle 44: mass 0.0365 / 0.2000 g (0.1635 g to go, +0.0023 g this cycle), elapsed 242.0 s
[phase 2 fine] cycle 45: mass 0.0377 / 0.2000 g (0.1623 g to go, +0.0012 g this cycle), elapsed 248.0 s
[phase 2 fine] cycle 46: mass 0.0365 / 0.2000 g (0.1635 g to go, -0.0012 g this cycle), elapsed 253.0 s
[phase 2 fine] cycle 47: mass 0.0450 / 0.2000 g (0.1550 g to go, +0.0085 g this cycle), elapsed 258.0 s
[phase 2 fine] cycle 48: mass 0.0430 / 0.2000 g (0.1570 g to go, -0.0020 g this cycle), elapsed 264.0 s
[phase 2 fine] cycle 49: mass 0.0378 / 0.2000 g (0.1622 g to go, -0.0052 g this cycle), elapsed 269.0 s
[phase 2 fine] cycle 50: mass 0.0503 / 0.2000 g (0.1497 g to go, +0.0125 g this cycle), elapsed 274.0 s
[phase 2 fine] cycle 51: mass 0.0385 / 0.2000 g (0.1615 g to go, -0.0118 g this cycle), elapsed 279.0 s
[phase 2 fine] cycle 52: mass 0.0416 / 0.2000 g (0.1584 g to go, +0.0031 g this cycle), elapsed 284.0 s
[phase 2 fine] cycle 53: mass 0.0418 / 0.2000 g (0.1582 g to go, +0.0003 g this cycle), elapsed 290.0 s
[phase 2 fine] cycle 54: mass 0.0442 / 0.2000 g (0.1558 g to go, +0.0023 g this cycle), elapsed 295.0 s
[phase 2 fine] cycle 55: mass 0.0444 / 0.2000 g (0.1556 g to go, +0.0003 g this cycle), elapsed 300.0 s
[phase 2 fine] cycle 56: mass 0.0432 / 0.2000 g (0.1568 g to go, -0.0012 g this cycle), elapsed 306.0 s
[phase 2 fine] cycle 57: mass 0.0428 / 0.2000 g (0.1572 g to go, -0.0004 g this cycle), elapsed 311.0 s
[phase 2 fine] cycle 58: mass 0.0567 / 0.2000 g (0.1433 g to go, +0.0139 g this cycle), elapsed 316.0 s
[phase 2 fine] cycle 59: mass 0.0410 / 0.2000 g (0.1590 g to go, -0.0157 g this cycle), elapsed 322.0 s
[phase 2 fine] cycle 60: mass 0.0433 / 0.2000 g (0.1567 g to go, +0.0022 g this cycle), elapsed 327.0 s
[phase 2 fine] cycle 61: mass 0.0401 / 0.2000 g (0.1599 g to go, -0.0032 g this cycle), elapsed 333.0 s
[phase 2 fine] cycle 62: mass 0.0394 / 0.2000 g (0.1606 g to go, -0.0007 g this cycle), elapsed 338.0 s
[phase 2 fine] cycle 63: mass 0.0484 / 0.2000 g (0.1516 g to go, +0.0090 g this cycle), elapsed 343.0 s
[phase 2 fine] cycle 64: mass 0.0489 / 0.2000 g (0.1511 g to go, +0.0005 g this cycle), elapsed 348.0 s
[phase 2 fine] cycle 65: mass 0.0439 / 0.2000 g (0.1561 g to go, -0.0050 g this cycle), elapsed 354.0 s
[phase 2 fine] cycle 66: mass 0.0492 / 0.2000 g (0.1508 g to go, +0.0053 g this cycle), elapsed 359.0 s
[phase 2 fine] cycle 67: mass 0.0462 / 0.2000 g (0.1538 g to go, -0.0031 g this cycle), elapsed 364.0 s
[phase 2 fine] cycle 68: mass 0.0451 / 0.2000 g (0.1549 g to go, -0.0011 g this cycle), elapsed 369.0 s
[phase 2 fine] cycle 69: mass 0.0448 / 0.2000 g (0.1552 g to go, -0.0002 g this cycle), elapsed 375.0 s
[phase 2 fine] cycle 70: mass 0.0462 / 0.2000 g (0.1538 g to go, +0.0013 g this cycle), elapsed 380.0 s
[phase 2 fine] cycle 71: mass 0.0460 / 0.2000 g (0.1540 g to go, -0.0002 g this cycle), elapsed 385.0 s
[phase 2 fine] cycle 72: mass 0.0464 / 0.2000 g (0.1536 g to go, +0.0004 g this cycle), elapsed 391.0 s
[phase 2 fine] cycle 73: mass 0.0424 / 0.2000 g (0.1576 g to go, -0.0040 g this cycle), elapsed 396.0 s
[phase 2 fine] cycle 74: mass 0.0513 / 0.2000 g (0.1487 g to go, +0.0089 g this cycle), elapsed 401.0 s
[phase 2 fine] cycle 75: mass 0.0430 / 0.2000 g (0.1570 g to go, -0.0083 g this cycle), elapsed 406.0 s
[phase 2 fine] cycle 76: mass 0.0475 / 0.2000 g (0.1525 g to go, +0.0045 g this cycle), elapsed 412.0 s
[phase 2 fine] cycle 77: mass 0.0473 / 0.2000 g (0.1527 g to go, -0.0001 g this cycle), elapsed 417.0 s
[phase 2 fine] cycle 78: mass 0.0470 / 0.2000 g (0.1530 g to go, -0.0003 g this cycle), elapsed 423.0 s
[phase 2 fine] cycle 79: mass 0.0518 / 0.2000 g (0.1482 g to go, +0.0048 g this cycle), elapsed 428.0 s
[phase 2 fine] cycle 80: mass 0.0506 / 0.2000 g (0.1494 g to go, -0.0012 g this cycle), elapsed 433.0 s
[phase 2 fine] cycle 81: mass 0.0525 / 0.2000 g (0.1475 g to go, +0.0019 g this cycle), elapsed 438.0 s
[phase 2 fine] cycle 82: mass 0.0541 / 0.2000 g (0.1459 g to go, +0.0017 g this cycle), elapsed 444.0 s
[phase 2 fine] cycle 83: mass 0.0470 / 0.2000 g (0.1530 g to go, -0.0071 g this cycle), elapsed 449.0 s
[phase 2 fine] cycle 84: mass 0.0471 / 0.2000 g (0.1529 g to go, +0.0001 g this cycle), elapsed 454.0 s
[phase 2 fine] cycle 85: mass 0.0496 / 0.2000 g (0.1504 g to go, +0.0025 g this cycle), elapsed 460.0 s
[phase 2 fine] cycle 86: mass 0.0467 / 0.2000 g (0.1533 g to go, -0.0028 g this cycle), elapsed 465.0 s
[phase 2 fine] cycle 87: mass 0.0569 / 0.2000 g (0.1431 g to go, +0.0101 g this cycle), elapsed 470.0 s
[phase 2 fine] cycle 88: mass 0.0552 / 0.2000 g (0.1448 g to go, -0.0016 g this cycle), elapsed 476.0 s
[phase 2 fine] cycle 89: mass 0.0553 / 0.2000 g (0.1447 g to go, +0.0001 g this cycle), elapsed 481.0 s
[phase 2 fine] cycle 90: mass 0.0600 / 0.2000 g (0.1400 g to go, +0.0047 g this cycle), elapsed 486.0 s
[phase 2 fine] cycle 91: mass 0.0517 / 0.2000 g (0.1483 g to go, -0.0083 g this cycle), elapsed 492.0 s
[phase 2 fine] cycle 92: mass 0.0485 / 0.2000 g (0.1515 g to go, -0.0032 g this cycle), elapsed 497.0 s
[phase 2 fine] cycle 93: mass 0.0516 / 0.2000 g (0.1484 g to go, +0.0030 g this cycle), elapsed 502.0 s
[phase 2 fine] cycle 94: mass 0.0514 / 0.2000 g (0.1486 g to go, -0.0002 g this cycle), elapsed 507.0 s
[phase 2 fine] cycle 95: mass 0.0590 / 0.2000 g (0.1410 g to go, +0.0076 g this cycle), elapsed 513.0 s
[phase 2 fine] cycle 96: mass 0.0564 / 0.2000 g (0.1436 g to go, -0.0026 g this cycle), elapsed 518.0 s
[phase 2 fine] cycle 97: mass 0.0538 / 0.2000 g (0.1462 g to go, -0.0025 g this cycle), elapsed 523.0 s
[phase 2 fine] cycle 98: mass 0.0659 / 0.2000 g (0.1341 g to go, +0.0121 g this cycle), elapsed 529.0 s
[phase 2 fine] cycle 99: mass 0.0560 / 0.2000 g (0.1440 g to go, -0.0099 g this cycle), elapsed 534.0 s
[phase 2 fine] cycle 100: mass 0.0594 / 0.2000 g (0.1406 g to go, +0.0034 g this cycle), elapsed 539.0 s
[phase 2 fine] cycle 101: mass 0.0594 / 0.2000 g (0.1406 g to go, +0.0000 g this cycle), elapsed 545.0 s
[phase 2 fine] cycle 102: mass 0.0601 / 0.2000 g (0.1399 g to go, +0.0007 g this cycle), elapsed 550.0 s
[phase 2 fine] cycle 103: mass 0.0667 / 0.2000 g (0.1333 g to go, +0.0065 g this cycle), elapsed 555.0 s
[phase 2 fine] cycle 104: mass 0.0665 / 0.2000 g (0.1335 g to go, -0.0001 g this cycle), elapsed 560.0 s
[phase 2 fine] cycle 105: mass 0.0633 / 0.2000 g (0.1367 g to go, -0.0032 g this cycle), elapsed 566.0 s
[phase 2 fine] cycle 106: mass 0.0706 / 0.2000 g (0.1294 g to go, +0.0073 g this cycle), elapsed 571.0 s
[phase 2 fine] cycle 107: mass 0.0674 / 0.2000 g (0.1326 g to go, -0.0032 g this cycle), elapsed 576.0 s
[phase 2 fine] cycle 108: mass 0.0699 / 0.2000 g (0.1301 g to go, +0.0024 g this cycle), elapsed 582.0 s
[phase 2 fine] cycle 109: mass 0.0704 / 0.2000 g (0.1296 g to go, +0.0005 g this cycle), elapsed 587.0 s
[phase 2 fine] cycle 110: mass 0.0693 / 0.2000 g (0.1307 g to go, -0.0011 g this cycle), elapsed 592.0 s
[phase 2 fine] cycle 111: mass 0.0715 / 0.2000 g (0.1285 g to go, +0.0022 g this cycle), elapsed 598.0 s
[phase 2 fine] cycle 112: mass 0.0755 / 0.2000 g (0.1245 g to go, +0.0040 g this cycle), elapsed 603.0 s
[phase 2 fine] cycle 113: mass 0.0729 / 0.2000 g (0.1271 g to go, -0.0026 g this cycle), elapsed 608.0 s
[phase 2 fine] cycle 114: mass 0.0822 / 0.2000 g (0.1178 g to go, +0.0093 g this cycle), elapsed 614.0 s
[phase 2 fine] cycle 115: mass 0.0736 / 0.2000 g (0.1264 g to go, -0.0087 g this cycle), elapsed 619.0 s
[phase 2 fine] cycle 116: mass 0.0783 / 0.2000 g (0.1217 g to go, +0.0048 g this cycle), elapsed 624.0 s
[phase 2 fine] cycle 117: mass 0.0800 / 0.2000 g (0.1200 g to go, +0.0016 g this cycle), elapsed 629.0 s
[phase 2 fine] cycle 118: mass 0.0790 / 0.2000 g (0.1210 g to go, -0.0010 g this cycle), elapsed 635.0 s
[phase 2 fine] cycle 119: mass 0.0819 / 0.2000 g (0.1181 g to go, +0.0029 g this cycle), elapsed 640.0 s
[phase 2 fine] cycle 120: mass 0.0837 / 0.2000 g (0.1163 g to go, +0.0018 g this cycle), elapsed 645.0 s
[phase 2 fine] cycle 121: mass 0.0862 / 0.2000 g (0.1138 g to go, +0.0024 g this cycle), elapsed 651.0 s
[phase 2 fine] cycle 122: mass 0.0862 / 0.2000 g (0.1138 g to go, +0.0000 g this cycle), elapsed 656.0 s
[phase 2 fine] cycle 123: mass 0.0824 / 0.2000 g (0.1176 g to go, -0.0038 g this cycle), elapsed 661.0 s
[phase 2 fine] cycle 124: mass 0.0848 / 0.2000 g (0.1152 g to go, +0.0024 g this cycle), elapsed 667.0 s
[phase 2 fine] cycle 125: mass 0.0868 / 0.2000 g (0.1132 g to go, +0.0020 g this cycle), elapsed 672.0 s
[phase 2 fine] cycle 126: mass 0.0841 / 0.2000 g (0.1159 g to go, -0.0026 g this cycle), elapsed 677.0 s
[phase 2 fine] cycle 127: mass 0.0912 / 0.2000 g (0.1088 g to go, +0.0071 g this cycle), elapsed 682.0 s
[phase 2 fine] cycle 128: mass 0.0876 / 0.2000 g (0.1124 g to go, -0.0036 g this cycle), elapsed 688.0 s
[phase 2 fine] cycle 129: mass 0.0907 / 0.2000 g (0.1093 g to go, +0.0031 g this cycle), elapsed 693.0 s
[phase 2 fine] cycle 130: mass 0.0928 / 0.2000 g (0.1072 g to go, +0.0021 g this cycle), elapsed 698.0 s
[phase 2 fine] cycle 131: mass 0.0872 / 0.2000 g (0.1128 g to go, -0.0056 g this cycle), elapsed 704.0 s
[phase 2 fine] cycle 132: mass 0.0859 / 0.2000 g (0.1141 g to go, -0.0013 g this cycle), elapsed 709.0 s
[phase 2 fine] cycle 133: mass 0.0876 / 0.2000 g (0.1124 g to go, +0.0017 g this cycle), elapsed 714.0 s
[phase 2 fine] cycle 134: mass 0.1028 / 0.2000 g (0.0972 g to go, +0.0152 g this cycle), elapsed 720.0 s
[phase 2 fine] cycle 135: mass 0.0969 / 0.2000 g (0.1031 g to go, -0.0059 g this cycle), elapsed 725.0 s
[phase 2 fine] cycle 136: mass 0.0956 / 0.2000 g (0.1044 g to go, -0.0013 g this cycle), elapsed 730.0 s
[phase 2 fine] cycle 137: mass 0.0869 / 0.2000 g (0.1131 g to go, -0.0087 g this cycle), elapsed 736.0 s
[phase 2 fine] cycle 138: mass 0.1030 / 0.2000 g (0.0970 g to go, +0.0160 g this cycle), elapsed 741.0 s
[phase 2 fine] cycle 139: mass 0.0966 / 0.2000 g (0.1034 g to go, -0.0064 g this cycle), elapsed 746.0 s
[phase 2 fine] cycle 140: mass 0.0969 / 0.2000 g (0.1031 g to go, +0.0003 g this cycle), elapsed 751.0 s
[phase 2 fine] cycle 141: mass 0.0987 / 0.2000 g (0.1013 g to go, +0.0018 g this cycle), elapsed 757.0 s
[phase 2 fine] cycle 142: mass 0.0967 / 0.2000 g (0.1033 g to go, -0.0020 g this cycle), elapsed 762.0 s
[phase 2 fine] cycle 143: mass 0.1038 / 0.2000 g (0.0962 g to go, +0.0071 g this cycle), elapsed 767.0 s
[phase 2 fine] cycle 144: mass 0.1029 / 0.2000 g (0.0971 g to go, -0.0009 g this cycle), elapsed 773.0 s
[phase 2 fine] cycle 145: mass 0.0982 / 0.2000 g (0.1018 g to go, -0.0046 g this cycle), elapsed 778.0 s
[phase 2 fine] cycle 146: mass 0.1093 / 0.2000 g (0.0907 g to go, +0.0111 g this cycle), elapsed 783.0 s
[phase 2 fine] cycle 147: mass 0.1025 / 0.2000 g (0.0975 g to go, -0.0068 g this cycle), elapsed 789.0 s
[phase 2 fine] cycle 148: mass 0.1039 / 0.2000 g (0.0961 g to go, +0.0014 g this cycle), elapsed 794.0 s
[phase 2 fine] cycle 149: mass 0.1061 / 0.2000 g (0.0939 g to go, +0.0022 g this cycle), elapsed 799.0 s
[phase 2 fine] cycle 150: mass 0.1070 / 0.2000 g (0.0930 g to go, +0.0009 g this cycle), elapsed 805.0 s
[phase 2 fine] cycle 151: mass 0.1067 / 0.2000 g (0.0933 g to go, -0.0003 g this cycle), elapsed 810.0 s
[phase 2 fine] cycle 152: mass 0.1080 / 0.2000 g (0.0920 g to go, +0.0013 g this cycle), elapsed 815.0 s
[phase 2 fine] cycle 153: mass 0.1065 / 0.2000 g (0.0935 g to go, -0.0015 g this cycle), elapsed 821.0 s
[phase 2 fine] cycle 154: mass 0.1207 / 0.2000 g (0.0793 g to go, +0.0142 g this cycle), elapsed 826.0 s
[phase 2 fine] cycle 155: mass 0.1087 / 0.2000 g (0.0913 g to go, -0.0121 g this cycle), elapsed 831.0 s
[phase 2 fine] cycle 156: mass 0.1126 / 0.2000 g (0.0874 g to go, +0.0039 g this cycle), elapsed 836.0 s
[phase 2 fine] cycle 157: mass 0.1125 / 0.2000 g (0.0875 g to go, -0.0001 g this cycle), elapsed 842.0 s
[phase 2 fine] cycle 158: mass 0.1143 / 0.2000 g (0.0857 g to go, +0.0018 g this cycle), elapsed 847.0 s
[phase 2 fine] cycle 159: mass 0.1180 / 0.2000 g (0.0820 g to go, +0.0037 g this cycle), elapsed 852.0 s
[phase 2 fine] cycle 160: mass 0.1199 / 0.2000 g (0.0801 g to go, +0.0019 g this cycle), elapsed 858.0 s
[phase 2 fine] cycle 161: mass 0.1210 / 0.2000 g (0.0790 g to go, +0.0011 g this cycle), elapsed 863.0 s
[phase 2 fine] cycle 162: mass 0.1231 / 0.2000 g (0.0769 g to go, +0.0021 g this cycle), elapsed 868.0 s
[phase 2 fine] cycle 163: mass 0.1169 / 0.2000 g (0.0831 g to go, -0.0062 g this cycle), elapsed 873.0 s
[phase 2 fine] cycle 164: mass 0.1197 / 0.2000 g (0.0803 g to go, +0.0028 g this cycle), elapsed 879.0 s
[phase 2 fine] cycle 165: mass 0.1216 / 0.2000 g (0.0784 g to go, +0.0020 g this cycle), elapsed 884.0 s
[phase 2 fine] cycle 166: mass 0.1204 / 0.2000 g (0.0796 g to go, -0.0013 g this cycle), elapsed 889.0 s
[phase 2 fine] cycle 167: mass 0.1259 / 0.2000 g (0.0741 g to go, +0.0055 g this cycle), elapsed 895.0 s
[phase 2 fine] cycle 168: mass 0.1279 / 0.2000 g (0.0721 g to go, +0.0020 g this cycle), elapsed 900.0 s
[phase 2 fine] cycle 169: mass 0.1333 / 0.2000 g (0.0667 g to go, +0.0054 g this cycle), elapsed 905.0 s
[phase 2 fine] dose timeout (900 s)
=== phase 2/3 'fine' end (169 cycles): mass 0.1333 / 0.2000 g (0.0667 g to go, +0.1257 g this phase), elapsed 905.0 s
[dose] done: DoseResult(timeout: 0.1333/0.2000 g in 905.0s; cycles bulk:1, fine:169; 22.04 auger rev, 0 taps)
DOSE,3,0.2000,0.1333,-0.0667,timeout,905.0,22.04,0,bulk:1;fine:169,2773607,H
PROMPT,block H dose 3 done -- empty the cup for the next dose, then Enter ('skip'/'abort')
[dose] three-phase dose to 0.2000 g; taring scale
[dose] WARNING the tare did not take -- pan reads -2.4222 g. Subtracting it as this dose's baseline; delivered mass is measured as the increment above it, not the displayed value.
[dose] tared: baseline -2422.2 mg (subtracted), drift +0.0 mg/min, read noise 0.00 mg
=== phase 1/3 'bulk' start: 0.2001 g to go, exit at 0.2000 g to go; angle 45.0 plate deg, CONTINUOUS @ 55 auger rpm (poll 250 ms, anticipation 0.1200 g), settle 800 ms
[phase 1 bulk] poll 1: mass -0.0001 / 0.2000 g (0.2001 g to go, -0.0000 g this poll), elapsed 5.0 s
[phase 1 bulk] auger halted at 0.2001 g to go (halt threshold 0.3200 g); settling 800 ms
[phase 1 bulk] settled: mass 0.0043 / 0.2000 g (0.1957 g to go, +0.0044 g while settling), elapsed 8.0 s
=== phase 1/3 'bulk' end (1 cycles): mass 0.0043 / 0.2000 g (0.1957 g to go, +0.0044 g this phase), elapsed 8.0 s
=== phase 2/3 'fine' start: 0.1957 g to go, exit at 0.0500 g to go; angle 22.5 plate deg, 45 auger deg/cycle @ 30 rpm, 0 taps/cycle, settle 1500 ms
[phase 2 fine] cycle 1: mass -0.0046 / 0.2000 g (0.2046 g to go, -0.0089 g this cycle), elapsed 14.0 s
[phase 2 fine] cycle 2: mass -0.0026 / 0.2000 g (0.2026 g to go, +0.0019 g this cycle), elapsed 19.0 s
[phase 2 fine] cycle 3: mass -0.0005 / 0.2000 g (0.2005 g to go, +0.0021 g this cycle), elapsed 24.0 s
[phase 2 fine] cycle 4: mass 0.0007 / 0.2000 g (0.1993 g to go, +0.0012 g this cycle), elapsed 30.0 s
[phase 2 fine] cycle 5: mass 0.0053 / 0.2000 g (0.1947 g to go, +0.0046 g this cycle), elapsed 35.0 s
[phase 2 fine] cycle 6: mass 0.0027 / 0.2000 g (0.1973 g to go, -0.0026 g this cycle), elapsed 40.0 s
[phase 2 fine] cycle 7: mass 0.0077 / 0.2000 g (0.1923 g to go, +0.0050 g this cycle), elapsed 45.0 s
[phase 2 fine] cycle 8: mass 0.0071 / 0.2000 g (0.1929 g to go, -0.0006 g this cycle), elapsed 51.0 s
[phase 2 fine] cycle 9: mass 0.0092 / 0.2000 g (0.1908 g to go, +0.0021 g this cycle), elapsed 56.0 s
[phase 2 fine] cycle 10: mass 0.0070 / 0.2000 g (0.1930 g to go, -0.0021 g this cycle), elapsed 61.0 s
[phase 2 fine] cycle 11: mass 0.0097 / 0.2000 g (0.1903 g to go, +0.0027 g this cycle), elapsed 67.0 s
[phase 2 fine] cycle 12: mass 0.0154 / 0.2000 g (0.1846 g to go, +0.0057 g this cycle), elapsed 72.0 s
[phase 2 fine] cycle 13: mass 0.0145 / 0.2000 g (0.1855 g to go, -0.0009 g this cycle), elapsed 77.0 s
[phase 2 fine] cycle 14: mass 0.0168 / 0.2000 g (0.1832 g to go, +0.0023 g this cycle), elapsed 83.0 s
[phase 2 fine] cycle 15: mass 0.0145 / 0.2000 g (0.1855 g to go, -0.0023 g this cycle), elapsed 88.0 s
[phase 2 fine] cycle 16: mass 0.0145 / 0.2000 g (0.1855 g to go, +0.0000 g this cycle), elapsed 93.0 s
[phase 2 fine] cycle 17: mass 0.0191 / 0.2000 g (0.1809 g to go, +0.0046 g this cycle), elapsed 98.0 s
[phase 2 fine] cycle 18: mass 0.0195 / 0.2000 g (0.1805 g to go, +0.0004 g this cycle), elapsed 104.0 s
[phase 2 fine] cycle 19: mass 0.0205 / 0.2000 g (0.1795 g to go, +0.0010 g this cycle), elapsed 109.0 s
[phase 2 fine] cycle 20: mass 0.0229 / 0.2000 g (0.1771 g to go, +0.0024 g this cycle), elapsed 114.0 s
[phase 2 fine] cycle 21: mass 0.0265 / 0.2000 g (0.1735 g to go, +0.0036 g this cycle), elapsed 119.0 s
[phase 2 fine] cycle 22: mass 0.0271 / 0.2000 g (0.1729 g to go, +0.0006 g this cycle), elapsed 125.0 s
[phase 2 fine] cycle 23: mass 0.0253 / 0.2000 g (0.1747 g to go, -0.0018 g this cycle), elapsed 130.0 s
[phase 2 fine] cycle 24: mass 0.0265 / 0.2000 g (0.1735 g to go, +0.0012 g this cycle), elapsed 135.0 s
[phase 2 fine] cycle 25: mass 0.0247 / 0.2000 g (0.1753 g to go, -0.0018 g this cycle), elapsed 141.0 s
[phase 2 fine] cycle 26: mass 0.0289 / 0.2000 g (0.1711 g to go, +0.0042 g this cycle), elapsed 146.0 s
[phase 2 fine] cycle 27: mass 0.0306 / 0.2000 g (0.1694 g to go, +0.0018 g this cycle), elapsed 151.0 s
[phase 2 fine] cycle 28: mass 0.0332 / 0.2000 g (0.1668 g to go, +0.0026 g this cycle), elapsed 157.0 s
[phase 2 fine] cycle 29: mass 0.0356 / 0.2000 g (0.1644 g to go, +0.0024 g this cycle), elapsed 162.0 s
[phase 2 fine] cycle 30: mass 0.0370 / 0.2000 g (0.1630 g to go, +0.0014 g this cycle), elapsed 167.0 s
[phase 2 fine] cycle 31: mass 0.0360 / 0.2000 g (0.1640 g to go, -0.0009 g this cycle), elapsed 172.0 s
[phase 2 fine] cycle 32: mass 0.0357 / 0.2000 g (0.1643 g to go, -0.0003 g this cycle), elapsed 178.0 s
[phase 2 fine] cycle 33: mass 0.0397 / 0.2000 g (0.1603 g to go, +0.0040 g this cycle), elapsed 183.0 s
[phase 2 fine] cycle 34: mass 0.0363 / 0.2000 g (0.1637 g to go, -0.0033 g this cycle), elapsed 188.0 s
[phase 2 fine] cycle 35: mass 0.0380 / 0.2000 g (0.1620 g to go, +0.0017 g this cycle), elapsed 193.0 s
[phase 2 fine] cycle 36: mass 0.0396 / 0.2000 g (0.1604 g to go, +0.0016 g this cycle), elapsed 199.0 s
[phase 2 fine] cycle 37: mass 0.0443 / 0.2000 g (0.1557 g to go, +0.0047 g this cycle), elapsed 204.0 s
[phase 2 fine] cycle 38: mass 0.0427 / 0.2000 g (0.1573 g to go, -0.0016 g this cycle), elapsed 209.0 s
[phase 2 fine] cycle 39: mass 0.0447 / 0.2000 g (0.1553 g to go, +0.0021 g this cycle), elapsed 215.0 s
[phase 2 fine] cycle 40: mass 0.0436 / 0.2000 g (0.1564 g to go, -0.0011 g this cycle), elapsed 220.0 s
[phase 2 fine] cycle 41: mass 0.0473 / 0.2000 g (0.1527 g to go, +0.0037 g this cycle), elapsed 225.0 s
[phase 2 fine] cycle 42: mass 0.0468 / 0.2000 g (0.1532 g to go, -0.0006 g this cycle), elapsed 231.0 s
[phase 2 fine] cycle 43: mass 0.0470 / 0.2000 g (0.1530 g to go, +0.0002 g this cycle), elapsed 236.0 s
[phase 2 fine] cycle 44: mass 0.0482 / 0.2000 g (0.1518 g to go, +0.0012 g this cycle), elapsed 241.0 s
[phase 2 fine] cycle 45: mass 0.0498 / 0.2000 g (0.1502 g to go, +0.0016 g this cycle), elapsed 247.0 s
[phase 2 fine] cycle 46: mass 0.0510 / 0.2000 g (0.1490 g to go, +0.0011 g this cycle), elapsed 252.0 s
[phase 2 fine] cycle 47: mass 0.0518 / 0.2000 g (0.1482 g to go, +0.0008 g this cycle), elapsed 257.0 s
[phase 2 fine] cycle 48: mass 0.0481 / 0.2000 g (0.1519 g to go, -0.0037 g this cycle), elapsed 263.0 s
[phase 2 fine] cycle 49: mass 0.0522 / 0.2000 g (0.1478 g to go, +0.0041 g this cycle), elapsed 268.0 s
[phase 2 fine] cycle 50: mass 0.0516 / 0.2000 g (0.1484 g to go, -0.0006 g this cycle), elapsed 273.0 s
[phase 2 fine] cycle 51: mass 0.0535 / 0.2000 g (0.1465 g to go, +0.0019 g this cycle), elapsed 278.0 s
[phase 2 fine] cycle 52: mass 0.0574 / 0.2000 g (0.1426 g to go, +0.0039 g this cycle), elapsed 284.0 s
[phase 2 fine] cycle 53: mass 0.0564 / 0.2000 g (0.1436 g to go, -0.0010 g this cycle), elapsed 289.0 s
[phase 2 fine] cycle 54: mass 0.0577 / 0.2000 g (0.1423 g to go, +0.0012 g this cycle), elapsed 295.0 s
[phase 2 fine] cycle 55: mass 0.0546 / 0.2000 g (0.1454 g to go, -0.0031 g this cycle), elapsed 300.0 s
[phase 2 fine] cycle 56: mass 0.0554 / 0.2000 g (0.1446 g to go, +0.0008 g this cycle), elapsed 305.0 s
[phase 2 fine] cycle 57: mass 0.0623 / 0.2000 g (0.1377 g to go, +0.0069 g this cycle), elapsed 311.0 s
[phase 2 fine] cycle 58: mass 0.0617 / 0.2000 g (0.1383 g to go, -0.0006 g this cycle), elapsed 316.0 s
[phase 2 fine] cycle 59: mass 0.0612 / 0.2000 g (0.1388 g to go, -0.0004 g this cycle), elapsed 321.0 s
[phase 2 fine] cycle 60: mass 0.0619 / 0.2000 g (0.1381 g to go, +0.0006 g this cycle), elapsed 327.0 s
[phase 2 fine] cycle 61: mass 0.0634 / 0.2000 g (0.1366 g to go, +0.0016 g this cycle), elapsed 332.0 s
[phase 2 fine] cycle 62: mass 0.0671 / 0.2000 g (0.1329 g to go, +0.0037 g this cycle), elapsed 337.0 s
[phase 2 fine] cycle 63: mass 0.0649 / 0.2000 g (0.1351 g to go, -0.0022 g this cycle), elapsed 343.0 s
[phase 2 fine] cycle 64: mass 0.0641 / 0.2000 g (0.1359 g to go, -0.0008 g this cycle), elapsed 348.0 s
[phase 2 fine] cycle 65: mass 0.0670 / 0.2000 g (0.1330 g to go, +0.0028 g this cycle), elapsed 353.0 s
[phase 2 fine] cycle 66: mass 0.0702 / 0.2000 g (0.1298 g to go, +0.0033 g this cycle), elapsed 359.0 s
[phase 2 fine] cycle 67: mass 0.0705 / 0.2000 g (0.1295 g to go, +0.0002 g this cycle), elapsed 364.0 s
[phase 2 fine] cycle 68: mass 0.0751 / 0.2000 g (0.1249 g to go, +0.0047 g this cycle), elapsed 370.0 s
[phase 2 fine] cycle 69: mass 0.0758 / 0.2000 g (0.1242 g to go, +0.0006 g this cycle), elapsed 375.0 s
[phase 2 fine] cycle 70: mass 0.0763 / 0.2000 g (0.1237 g to go, +0.0006 g this cycle), elapsed 380.0 s
[phase 2 fine] cycle 71: mass 0.0748 / 0.2000 g (0.1252 g to go, -0.0015 g this cycle), elapsed 386.0 s
[phase 2 fine] cycle 72: mass 0.0779 / 0.2000 g (0.1221 g to go, +0.0031 g this cycle), elapsed 391.0 s
[phase 2 fine] cycle 73: mass 0.0804 / 0.2000 g (0.1196 g to go, +0.0025 g this cycle), elapsed 396.0 s
[phase 2 fine] cycle 74: mass 0.0793 / 0.2000 g (0.1207 g to go, -0.0010 g this cycle), elapsed 401.0 s
[phase 2 fine] cycle 75: mass 0.0800 / 0.2000 g (0.1200 g to go, +0.0006 g this cycle), elapsed 407.0 s
[phase 2 fine] cycle 76: mass 0.0815 / 0.2000 g (0.1185 g to go, +0.0015 g this cycle), elapsed 412.0 s
[phase 2 fine] cycle 77: mass 0.0828 / 0.2000 g (0.1172 g to go, +0.0013 g this cycle), elapsed 417.0 s
[phase 2 fine] cycle 78: mass 0.0858 / 0.2000 g (0.1142 g to go, +0.0030 g this cycle), elapsed 423.0 s
[phase 2 fine] cycle 79: mass 0.0854 / 0.2000 g (0.1146 g to go, -0.0004 g this cycle), elapsed 428.0 s
[phase 2 fine] cycle 80: mass 0.0832 / 0.2000 g (0.1168 g to go, -0.0023 g this cycle), elapsed 433.0 s
[phase 2 fine] cycle 81: mass 0.0853 / 0.2000 g (0.1147 g to go, +0.0021 g this cycle), elapsed 439.0 s
[phase 2 fine] cycle 82: mass 0.0885 / 0.2000 g (0.1115 g to go, +0.0032 g this cycle), elapsed 444.0 s
[phase 2 fine] cycle 83: mass 0.0875 / 0.2000 g (0.1125 g to go, -0.0010 g this cycle), elapsed 449.0 s
[phase 2 fine] cycle 84: mass 0.0903 / 0.2000 g (0.1097 g to go, +0.0028 g this cycle), elapsed 454.0 s
[phase 2 fine] cycle 85: mass 0.0971 / 0.2000 g (0.1029 g to go, +0.0068 g this cycle), elapsed 460.0 s
[phase 2 fine] cycle 86: mass 0.0941 / 0.2000 g (0.1059 g to go, -0.0031 g this cycle), elapsed 465.0 s
[phase 2 fine] cycle 87: mass 0.0951 / 0.2000 g (0.1049 g to go, +0.0010 g this cycle), elapsed 470.0 s
[phase 2 fine] cycle 88: mass 0.0951 / 0.2000 g (0.1049 g to go, +0.0000 g this cycle), elapsed 476.0 s
[phase 2 fine] cycle 89: mass 0.0954 / 0.2000 g (0.1046 g to go, +0.0002 g this cycle), elapsed 481.0 s
[phase 2 fine] cycle 90: mass 0.0963 / 0.2000 g (0.1037 g to go, +0.0009 g this cycle), elapsed 486.0 s
[phase 2 fine] cycle 91: mass 0.0991 / 0.2000 g (0.1009 g to go, +0.0028 g this cycle), elapsed 492.0 s
[phase 2 fine] cycle 92: mass 0.1012 / 0.2000 g (0.0988 g to go, +0.0021 g this cycle), elapsed 497.0 s
[phase 2 fine] cycle 93: mass 0.0999 / 0.2000 g (0.1001 g to go, -0.0012 g this cycle), elapsed 502.0 s
[phase 2 fine] cycle 94: mass 0.1015 / 0.2000 g (0.0985 g to go, +0.0016 g this cycle), elapsed 508.0 s
[phase 2 fine] cycle 95: mass 0.1005 / 0.2000 g (0.0995 g to go, -0.0010 g this cycle), elapsed 513.0 s
[phase 2 fine] cycle 96: mass 0.1006 / 0.2000 g (0.0994 g to go, +0.0001 g this cycle), elapsed 518.0 s
[phase 2 fine] cycle 97: mass 0.1038 / 0.2000 g (0.0962 g to go, +0.0032 g this cycle), elapsed 523.0 s
[phase 2 fine] cycle 98: mass 0.1039 / 0.2000 g (0.0961 g to go, +0.0001 g this cycle), elapsed 529.0 s
[phase 2 fine] cycle 99: mass 0.1053 / 0.2000 g (0.0947 g to go, +0.0014 g this cycle), elapsed 534.0 s
[phase 2 fine] cycle 100: mass 0.1077 / 0.2000 g (0.0923 g to go, +0.0024 g this cycle), elapsed 539.0 s
[phase 2 fine] cycle 101: mass 0.1100 / 0.2000 g (0.0900 g to go, +0.0023 g this cycle), elapsed 545.0 s
[phase 2 fine] cycle 102: mass 0.1110 / 0.2000 g (0.0890 g to go, +0.0010 g this cycle), elapsed 550.0 s
[phase 2 fine] cycle 103: mass 0.1101 / 0.2000 g (0.0899 g to go, -0.0009 g this cycle), elapsed 555.0 s
[phase 2 fine] cycle 104: mass 0.1102 / 0.2000 g (0.0898 g to go, +0.0001 g this cycle), elapsed 560.0 s
[phase 2 fine] cycle 105: mass 0.1107 / 0.2000 g (0.0893 g to go, +0.0004 g this cycle), elapsed 566.0 s
[phase 2 fine] cycle 106: mass 0.1137 / 0.2000 g (0.0863 g to go, +0.0030 g this cycle), elapsed 571.0 s
[phase 2 fine] cycle 107: mass 0.1134 / 0.2000 g (0.0866 g to go, -0.0003 g this cycle), elapsed 576.0 s
[phase 2 fine] cycle 108: mass 0.1160 / 0.2000 g (0.0840 g to go, +0.0027 g this cycle), elapsed 581.0 s
[phase 2 fine] cycle 109: mass 0.1194 / 0.2000 g (0.0806 g to go, +0.0034 g this cycle), elapsed 587.0 s
[phase 2 fine] cycle 110: mass 0.1210 / 0.2000 g (0.0790 g to go, +0.0016 g this cycle), elapsed 592.0 s
[phase 2 fine] cycle 111: mass 0.1195 / 0.2000 g (0.0805 g to go, -0.0015 g this cycle), elapsed 597.0 s
[phase 2 fine] cycle 112: mass 0.1221 / 0.2000 g (0.0779 g to go, +0.0026 g this cycle), elapsed 602.0 s
[phase 2 fine] cycle 113: mass 0.1236 / 0.2000 g (0.0764 g to go, +0.0015 g this cycle), elapsed 608.0 s
[phase 2 fine] cycle 114: mass 0.1233 / 0.2000 g (0.0767 g to go, -0.0003 g this cycle), elapsed 613.0 s
[phase 2 fine] cycle 115: mass 0.1240 / 0.2000 g (0.0760 g to go, +0.0007 g this cycle), elapsed 618.0 s
[phase 2 fine] cycle 116: mass 0.1256 / 0.2000 g (0.0744 g to go, +0.0016 g this cycle), elapsed 623.0 s
[phase 2 fine] cycle 117: mass 0.1270 / 0.2000 g (0.0730 g to go, +0.0014 g this cycle), elapsed 629.0 s
[phase 2 fine] cycle 118: mass 0.1289 / 0.2000 g (0.0711 g to go, +0.0019 g this cycle), elapsed 634.0 s
[phase 2 fine] cycle 119: mass 0.1286 / 0.2000 g (0.0714 g to go, -0.0003 g this cycle), elapsed 639.0 s
[phase 2 fine] cycle 120: mass 0.1295 / 0.2000 g (0.0705 g to go, +0.0009 g this cycle), elapsed 645.0 s
[phase 2 fine] cycle 121: mass 0.1300 / 0.2000 g (0.0700 g to go, +0.0005 g this cycle), elapsed 650.0 s
[phase 2 fine] cycle 122: mass 0.1312 / 0.2000 g (0.0688 g to go, +0.0012 g this cycle), elapsed 655.0 s
[phase 2 fine] cycle 123: mass 0.1316 / 0.2000 g (0.0684 g to go, +0.0005 g this cycle), elapsed 661.0 s
[phase 2 fine] cycle 124: mass 0.1357 / 0.2000 g (0.0643 g to go, +0.0041 g this cycle), elapsed 666.0 s
[phase 2 fine] cycle 125: mass 0.1387 / 0.2000 g (0.0613 g to go, +0.0029 g this cycle), elapsed 672.0 s
[phase 2 fine] cycle 126: mass 0.1386 / 0.2000 g (0.0614 g to go, -0.0000 g this cycle), elapsed 677.0 s
[phase 2 fine] cycle 127: mass 0.1395 / 0.2000 g (0.0605 g to go, +0.0009 g this cycle), elapsed 682.0 s
[phase 2 fine] cycle 128: mass 0.1391 / 0.2000 g (0.0609 g to go, -0.0004 g this cycle), elapsed 687.0 s
[phase 2 fine] cycle 129: mass 0.1396 / 0.2000 g (0.0604 g to go, +0.0004 g this cycle), elapsed 693.0 s
[phase 2 fine] cycle 130: mass 0.1402 / 0.2000 g (0.0598 g to go, +0.0006 g this cycle), elapsed 698.0 s
[phase 2 fine] cycle 131: mass 0.1422 / 0.2000 g (0.0578 g to go, +0.0020 g this cycle), elapsed 703.0 s
[phase 2 fine] cycle 132: mass 0.1426 / 0.2000 g (0.0574 g to go, +0.0004 g this cycle), elapsed 708.0 s
[phase 2 fine] cycle 133: mass 0.1462 / 0.2000 g (0.0538 g to go, +0.0035 g this cycle), elapsed 714.0 s
[phase 2 fine] cycle 134: mass 0.1449 / 0.2000 g (0.0551 g to go, -0.0013 g this cycle), elapsed 719.0 s
[phase 2 fine] cycle 135: mass 0.1453 / 0.2000 g (0.0547 g to go, +0.0004 g this cycle), elapsed 724.0 s
[phase 2 fine] cycle 136: mass 0.1458 / 0.2000 g (0.0542 g to go, +0.0005 g this cycle), elapsed 730.0 s
[phase 2 fine] cycle 137: mass 0.1488 / 0.2000 g (0.0512 g to go, +0.0030 g this cycle), elapsed 735.0 s
[phase 2 fine] cycle 138: mass 0.1492 / 0.2000 g (0.0508 g to go, +0.0005 g this cycle), elapsed 740.0 s
[phase 2 fine] cycle 139: mass 0.1514 / 0.2000 g (0.0486 g to go, +0.0021 g this cycle), elapsed 746.0 s
=== phase 2/3 'fine' end (139 cycles): mass 0.1514 / 0.2000 g (0.0486 g to go, +0.1471 g this phase), elapsed 746.0 s
=== phase 3/3 'tap' start: 0.0486 g to go, exit at 0.0050 g to go; angle 0.0 plate deg, 0 auger deg/cycle @ 0 rpm, 2 taps/cycle, settle 1500 ms
[phase 3 tap] cycle 1: mass 0.1527 / 0.2000 g (0.0473 g to go, +0.0014 g this cycle), elapsed 750.0 s
[phase 3 tap] cycle 2: mass 0.1515 / 0.2000 g (0.0485 g to go, -0.0012 g this cycle), elapsed 753.0 s
[phase 3 tap] cycle 3: mass 0.1517 / 0.2000 g (0.0483 g to go, +0.0002 g this cycle), elapsed 756.0 s
[phase 3 tap] cycle 4: mass 0.1498 / 0.2000 g (0.0502 g to go, -0.0019 g this cycle), elapsed 760.0 s
[phase 3 tap] cycle 5: mass 0.1497 / 0.2000 g (0.0503 g to go, -0.0001 g this cycle), elapsed 763.0 s
[phase 3 tap] cycle 6: mass 0.1496 / 0.2000 g (0.0504 g to go, -0.0001 g this cycle), elapsed 766.0 s
[phase 3 tap] lip empty; nudging auger 5.0 deg (nudge 1/10)
[phase 3 tap] cycle 7: mass 0.1506 / 0.2000 g (0.0494 g to go, +0.0009 g this cycle), elapsed 772.0 s
[phase 3 tap] cycle 8: mass 0.1500 / 0.2000 g (0.0500 g to go, -0.0006 g this cycle), elapsed 775.0 s
[phase 3 tap] cycle 9: mass 0.1500 / 0.2000 g (0.0500 g to go, +0.0000 g this cycle), elapsed 778.0 s
[phase 3 tap] cycle 10: mass 0.1507 / 0.2000 g (0.0493 g to go, +0.0007 g this cycle), elapsed 781.0 s
[phase 3 tap] cycle 11: mass 0.1496 / 0.2000 g (0.0504 g to go, -0.0011 g this cycle), elapsed 785.0 s
[phase 3 tap] cycle 12: mass 0.1494 / 0.2000 g (0.0506 g to go, -0.0002 g this cycle), elapsed 788.0 s
[phase 3 tap] cycle 13: mass 0.1503 / 0.2000 g (0.0497 g to go, +0.0009 g this cycle), elapsed 791.0 s
[phase 3 tap] cycle 14: mass 0.1500 / 0.2000 g (0.0500 g to go, -0.0003 g this cycle), elapsed 795.0 s
[phase 3 tap] cycle 15: mass 0.1493 / 0.2000 g (0.0507 g to go, -0.0006 g this cycle), elapsed 798.0 s
[phase 3 tap] cycle 16: mass 0.1492 / 0.2000 g (0.0508 g to go, -0.0002 g this cycle), elapsed 801.0 s
[phase 3 tap] lip empty; nudging auger 5.0 deg (nudge 2/10)
[phase 3 tap] cycle 17: mass 0.1492 / 0.2000 g (0.0508 g to go, +0.0000 g this cycle), elapsed 807.0 s
[phase 3 tap] cycle 18: mass 0.1481 / 0.2000 g (0.0519 g to go, -0.0011 g this cycle), elapsed 810.0 s
[phase 3 tap] cycle 19: mass 0.1482 / 0.2000 g (0.0518 g to go, +0.0000 g this cycle), elapsed 813.0 s
[phase 3 tap] lip empty; nudging auger 5.0 deg (nudge 3/10)
[phase 3 tap] cycle 20: mass 0.1493 / 0.2000 g (0.0507 g to go, +0.0011 g this cycle), elapsed 819.0 s
[phase 3 tap] cycle 21: mass 0.1492 / 0.2000 g (0.0508 g to go, -0.0001 g this cycle), elapsed 822.0 s
[phase 3 tap] cycle 22: mass 0.1504 / 0.2000 g (0.0496 g to go, +0.0012 g this cycle), elapsed 825.0 s
[phase 3 tap] cycle 23: mass 0.1491 / 0.2000 g (0.0509 g to go, -0.0013 g this cycle), elapsed 829.0 s
[phase 3 tap] cycle 24: mass 0.1491 / 0.2000 g (0.0509 g to go, +0.0000 g this cycle), elapsed 832.0 s
[phase 3 tap] cycle 25: mass 0.1498 / 0.2000 g (0.0502 g to go, +0.0007 g this cycle), elapsed 835.0 s
[phase 3 tap] cycle 26: mass 0.1494 / 0.2000 g (0.0506 g to go, -0.0004 g this cycle), elapsed 839.0 s
[phase 3 tap] cycle 27: mass 0.1495 / 0.2000 g (0.0505 g to go, +0.0001 g this cycle), elapsed 842.0 s
[phase 3 tap] cycle 28: mass 0.1493 / 0.2000 g (0.0507 g to go, -0.0002 g this cycle), elapsed 845.0 s
[phase 3 tap] lip empty; nudging auger 5.0 deg (nudge 4/10)
[phase 3 tap] cycle 29: mass 0.1491 / 0.2000 g (0.0509 g to go, -0.0002 g this cycle), elapsed 851.0 s
[phase 3 tap] cycle 30: mass 0.1490 / 0.2000 g (0.0510 g to go, -0.0000 g this cycle), elapsed 854.0 s
[phase 3 tap] cycle 31: mass 0.1491 / 0.2000 g (0.0509 g to go, +0.0001 g this cycle), elapsed 858.0 s
[phase 3 tap] lip empty; nudging auger 5.0 deg (nudge 5/10)
[phase 3 tap] cycle 32: mass 0.1489 / 0.2000 g (0.0511 g to go, -0.0003 g this cycle), elapsed 863.0 s
[phase 3 tap] cycle 33: mass 0.1489 / 0.2000 g (0.0511 g to go, +0.0000 g this cycle), elapsed 866.0 s
[phase 3 tap] cycle 34: mass 0.1490 / 0.2000 g (0.0510 g to go, +0.0001 g this cycle), elapsed 870.0 s
[phase 3 tap] lip empty; nudging auger 5.0 deg (nudge 6/10)
[phase 3 tap] cycle 35: mass 0.1487 / 0.2000 g (0.0513 g to go, -0.0003 g this cycle), elapsed 875.0 s
[phase 3 tap] cycle 36: mass 0.1488 / 0.2000 g (0.0512 g to go, +0.0001 g this cycle), elapsed 879.0 s
[phase 3 tap] cycle 37: mass 0.1480 / 0.2000 g (0.0520 g to go, -0.0008 g this cycle), elapsed 882.0 s
[phase 3 tap] lip empty; nudging auger 5.0 deg (nudge 7/10)
[phase 3 tap] cycle 38: mass 0.1485 / 0.2000 g (0.0515 g to go, +0.0005 g this cycle), elapsed 887.0 s
[phase 3 tap] cycle 39: mass 0.1486 / 0.2000 g (0.0514 g to go, +0.0001 g this cycle), elapsed 891.0 s
[phase 3 tap] cycle 40: mass 0.1479 / 0.2000 g (0.0521 g to go, -0.0008 g this cycle), elapsed 894.0 s
[phase 3 tap] cycle 41: mass 0.1480 / 0.2000 g (0.0520 g to go, +0.0001 g this cycle), elapsed 897.0 s
[phase 3 tap] lip empty; nudging auger 5.0 deg (nudge 8/10)
[phase 3 tap] cycle 42: mass 0.1479 / 0.2000 g (0.0521 g to go, -0.0001 g this cycle), elapsed 903.0 s
[phase 3 tap] dose timeout (900 s)
=== phase 3/3 'tap' end (42 cycles): mass 0.1479 / 0.2000 g (0.0521 g to go, -0.0035 g this phase), elapsed 903.0 s
[dose] done: DoseResult(timeout: 0.1479/0.2000 g in 903.0s; cycles bulk:1, fine:139, tap:42; 17.49 auger rev, 84 taps)
DOSE,4,0.2000,0.1479,-0.0521,timeout,903.0,17.49,84,bulk:1;fine:139;tap:42,3676556,H
PROMPT,block H dose 4 done -- empty the cup for the next dose, then Enter ('skip'/'abort')
[dose] three-phase dose to 0.2000 g; taring scale
[dose] WARNING the tare did not take -- pan reads -2.2743 g. Subtracting it as this dose's baseline; delivered mass is measured as the increment above it, not the displayed value.
[dose] tared: baseline -2274.3 mg (subtracted), drift +35.3 mg/min, read noise 0.08 mg
=== phase 1/3 'bulk' skipped (0.1998 g to go is already <= 0.2000 g threshold)
=== phase 2/3 'fine' start: 0.1998 g to go, exit at 0.0500 g to go; angle 22.5 plate deg, 45 auger deg/cycle @ 30 rpm, 0 taps/cycle, settle 1500 ms
[phase 2 fine] cycle 1: mass -0.0008 / 0.2000 g (0.2008 g to go, -0.0010 g this cycle), elapsed 10.0 s
[phase 2 fine] cycle 2: mass 0.0002 / 0.2000 g (0.1998 g to go, +0.0011 g this cycle), elapsed 16.0 s
[phase 2 fine] cycle 3: mass 0.0009 / 0.2000 g (0.1991 g to go, +0.0007 g this cycle), elapsed 21.0 s
[phase 2 fine] cycle 4: mass 0.0012 / 0.2000 g (0.1988 g to go, +0.0003 g this cycle), elapsed 26.0 s
[phase 2 fine] cycle 5: mass 0.0028 / 0.2000 g (0.1972 g to go, +0.0016 g this cycle), elapsed 32.0 s
[phase 2 fine] cycle 6: mass 0.0030 / 0.2000 g (0.1970 g to go, +0.0002 g this cycle), elapsed 37.0 s
[phase 2 fine] cycle 7: mass 0.0040 / 0.2000 g (0.1960 g to go, +0.0010 g this cycle), elapsed 42.0 s
[phase 2 fine] cycle 8: mass 0.0050 / 0.2000 g (0.1950 g to go, +0.0010 g this cycle), elapsed 47.0 s
[phase 2 fine] cycle 9: mass 0.0087 / 0.2000 g (0.1913 g to go, +0.0036 g this cycle), elapsed 53.0 s
[phase 2 fine] cycle 10: mass 0.0091 / 0.2000 g (0.1909 g to go, +0.0004 g this cycle), elapsed 58.0 s
[phase 2 fine] cycle 11: mass 0.0115 / 0.2000 g (0.1885 g to go, +0.0024 g this cycle), elapsed 63.0 s
[phase 2 fine] cycle 12: mass 0.0100 / 0.2000 g (0.1900 g to go, -0.0015 g this cycle), elapsed 69.0 s
[phase 2 fine] cycle 13: mass 0.0075 / 0.2000 g (0.1925 g to go, -0.0025 g this cycle), elapsed 74.0 s
[phase 2 fine] cycle 14: mass 0.0082 / 0.2000 g (0.1918 g to go, +0.0007 g this cycle), elapsed 79.0 s
[phase 2 fine] cycle 15: mass 0.0079 / 0.2000 g (0.1921 g to go, -0.0003 g this cycle), elapsed 85.0 s
[phase 2 fine] cycle 16: mass 0.0104 / 0.2000 g (0.1896 g to go, +0.0025 g this cycle), elapsed 90.0 s
[phase 2 fine] cycle 17: mass 0.0100 / 0.2000 g (0.1900 g to go, -0.0004 g this cycle), elapsed 95.0 s
[phase 2 fine] cycle 18: mass 0.0114 / 0.2000 g (0.1886 g to go, +0.0014 g this cycle), elapsed 101.0 s
[phase 2 fine] cycle 19: mass 0.0132 / 0.2000 g (0.1868 g to go, +0.0018 g this cycle), elapsed 106.0 s
[phase 2 fine] cycle 20: mass 0.0110 / 0.2000 g (0.1890 g to go, -0.0022 g this cycle), elapsed 111.0 s
[phase 2 fine] cycle 21: mass 0.0119 / 0.2000 g (0.1881 g to go, +0.0009 g this cycle), elapsed 116.0 s
[phase 2 fine] cycle 22: mass 0.0134 / 0.2000 g (0.1866 g to go, +0.0015 g this cycle), elapsed 122.0 s
[phase 2 fine] cycle 23: mass 0.0141 / 0.2000 g (0.1859 g to go, +0.0007 g this cycle), elapsed 127.0 s
[phase 2 fine] cycle 24: mass 0.0140 / 0.2000 g (0.1860 g to go, -0.0000 g this cycle), elapsed 132.0 s
[phase 2 fine] cycle 25: mass 0.0146 / 0.2000 g (0.1854 g to go, +0.0006 g this cycle), elapsed 137.0 s
[phase 2 fine] cycle 26: mass 0.0136 / 0.2000 g (0.1864 g to go, -0.0010 g this cycle), elapsed 143.0 s
[phase 2 fine] cycle 27: mass 0.0119 / 0.2000 g (0.1881 g to go, -0.0017 g this cycle), elapsed 148.0 s
[phase 2 fine] cycle 28: mass 0.0135 / 0.2000 g (0.1865 g to go, +0.0015 g this cycle), elapsed 154.0 s
[phase 2 fine] cycle 29: mass 0.0135 / 0.2000 g (0.1865 g to go, +0.0001 g this cycle), elapsed 159.0 s
[phase 2 fine] cycle 30: mass 0.0135 / 0.2000 g (0.1865 g to go, -0.0000 g this cycle), elapsed 164.0 s
[phase 2 fine] cycle 31: mass 0.0126 / 0.2000 g (0.1874 g to go, -0.0009 g this cycle), elapsed 169.0 s
[phase 2 fine] cycle 32: mass 0.0133 / 0.2000 g (0.1867 g to go, +0.0007 g this cycle), elapsed 175.0 s
[phase 2 fine] cycle 33: mass 0.0144 / 0.2000 g (0.1856 g to go, +0.0011 g this cycle), elapsed 180.0 s
[phase 2 fine] cycle 34: mass 0.0143 / 0.2000 g (0.1857 g to go, -0.0001 g this cycle), elapsed 185.0 s
[phase 2 fine] cycle 35: mass 0.0144 / 0.2000 g (0.1856 g to go, +0.0001 g this cycle), elapsed 191.0 s
[phase 2 fine] cycle 36: mass 0.0145 / 0.2000 g (0.1855 g to go, +0.0001 g this cycle), elapsed 196.0 s
[phase 2 fine] cycle 37: mass 0.0147 / 0.2000 g (0.1853 g to go, +0.0002 g this cycle), elapsed 202.0 s
[phase 2 fine] cycle 38: mass 0.0143 / 0.2000 g (0.1857 g to go, -0.0005 g this cycle), elapsed 207.0 s
[phase 2 fine] no powder flow -- hopper empty, jam, or nudge budget spent
=== phase 2/3 'fine' end (38 cycles): mass 0.0143 / 0.2000 g (0.1857 g to go, +0.0141 g this phase), elapsed 207.0 s
[dose] done: DoseResult(stalled: 0.0143/0.2000 g in 207.0s; cycles bulk:0, fine:38; 4.75 auger rev, 0 taps)
DOSE,5,0.2000,0.0143,-0.1857,stalled,207.0,4.75,0,bulk:0;fine:38,3883432,H
META,park_tilt_deg,0.0
META,env.brackets,0
META,env.disturbed_trials,0
META,env.drift_corrected_g,0.0000
META,env.quiet_waits,0
META,env.retries,0
META,env.shock_events,0
META,env.shock_total_g,0.0000
META,env.unsettled_brackets,0
RUN,END,ok
