M,experiment,blocked-auger-balance-disturbance
M,powder_id,none-blocked-auger
M,poll_ms,60
M,rpm_ladder,15|30|55|75
M,spin_s,15.0
M,n_tap_single,20
M,n_tap_burst,8
M,tap_on_off_ms,60|150
M,n_rot,10
M,rot_deg_rpm,45|30
M,combined_s_rpm,20|55
M,servo_targets,25|60
M,guard_g,5.0
M,note,no zero(): A&D refuses Z under load; absolute series
P,3325,ref_start,0.4570
P,3994,ref_start,0.4572
P,4474,ref_start,0.4573
M,m0_abs_g,0.4575
E,4953,BLOCK_START,quiet_pre
D,5047,quiet_pre,0.4575,U,0,0,0.0
D,5143,quiet_pre,0.4575,U,0,0,0.0
D,5238,quiet_pre,0.4576,U,0,0,0.0
D,5334,quiet_pre,0.4576,U,0,0,0.0
D,5430,quiet_pre,0.4576,S,0,0,0.0
D,5526,quiet_pre,0.4576,S,0,0,0.0
D,5622,quiet_pre,0.4576,S,0,0,0.0
D,5718,quiet_pre,0.4577,S,0,0,0.0
D,5811,quiet_pre,0.4577,S,0,0,0.0
D,5907,quiet_pre,0.4577,S,0,0,0.0
D,6003,quiet_pre,0.4577,S,0,0,0.0
D,6099,quiet_pre,0.4578,U,0,0,0.0
D,6195,quiet_pre,0.4578,S,0,0,0.0
D,6291,quiet_pre,0.4578,S,0,0,0.0
D,6387,quiet_pre,0.4579,U,0,0,0.0
D,6482,quiet_pre,0.4579,U,0,0,0.0
D,6578,quiet_pre,0.4579,S,0,0,0.0
D,6672,quiet_pre,0.4579,S,0,0,0.0
D,6768,quiet_pre,0.4579,S,0,0,0.0
D,6864,quiet_pre,0.4579,S,0,0,0.0
D,6960,quiet_pre,0.4580,S,0,0,0.0
D,7055,quiet_pre,0.4581,U,0,0,0.0
D,7151,quiet_pre,0.4582,U,0,0,0.0
D,7247,quiet_pre,0.4582,U,0,0,0.0
D,7343,quiet_pre,0.4583,U,0,0,0.0
D,7439,quiet_pre,0.4584,U,0,0,0.0
D,7533,quiet_pre,0.4584,U,0,0,0.0
D,7628,quiet_pre,0.4585,U,0,0,0.0
D,7724,quiet_pre,0.4585,U,0,0,0.0
D,7820,quiet_pre,0.4586,U,0,0,0.0
D,7916,quiet_pre,0.4586,U,0,0,0.0
D,8012,quiet_pre,0.4586,U,0,0,0.0
D,8108,quiet_pre,0.4586,S,0,0,0.0
D,8204,quiet_pre,0.4586,S,0,0,0.0
D,8299,quiet_pre,0.4586,S,0,0,0.0
D,8395,quiet_pre,0.4585,S,0,0,0.0
D,8489,quiet_pre,0.4585,S,0,0,0.0
D,8585,quiet_pre,0.4584,U,0,0,0.0
D,8681,quiet_pre,0.4583,U,0,0,0.0
D,8777,quiet_pre,0.4581,U,0,0,0.0
D,8872,quiet_pre,0.4580,U,0,0,0.0
D,8968,quiet_pre,0.4577,U,0,0,0.0
D,9064,quiet_pre,0.4574,U,0,0,0.0
D,9160,quiet_pre,0.4572,U,0,0,0.0
D,9256,quiet_pre,0.4570,U,0,0,0.0
D,9350,quiet_pre,0.4568,U,0,0,0.0
D,9446,quiet_pre,0.4566,U,0,0,0.0
D,9541,quiet_pre,0.4563,U,0,0,0.0
D,9637,quiet_pre,0.4561,U,0,0,0.0
D,9733,quiet_pre,0.4558,U,0,0,0.0
D,9829,quiet_pre,0.4556,U,0,0,0.0
D,9925,quiet_pre,0.4554,U,0,0,0.0
D,10021,quiet_pre,0.4553,U,0,0,0.0
D,10116,quiet_pre,0.4552,U,0,0,0.0
D,10210,quiet_pre,0.4550,U,0,0,0.0
D,10306,quiet_pre,0.4549,U,0,0,0.0
D,10413,quiet_pre,0.4548,U,0,0,0.0
D,10594,quiet_pre,0.4547,U,0,0,0.0
D,10689,quiet_pre,0.4546,U,0,0,0.0
D,10785,quiet_pre,0.4546,U,0,0,0.0
D,10881,quiet_pre,0.4545,U,0,0,0.0
D,10977,quiet_pre,0.4545,U,0,0,0.0
D,11071,quiet_pre,0.4544,U,0,0,0.0
D,11167,quiet_pre,0.4543,U,0,0,0.0
D,11263,quiet_pre,0.4543,U,0,0,0.0
D,11358,quiet_pre,0.4542,U,0,0,0.0
D,11454,quiet_pre,0.4542,U,0,0,0.0
D,11550,quiet_pre,0.4542,U,0,0,0.0
D,11646,quiet_pre,0.4542,S,0,0,0.0
D,11742,quiet_pre,0.4541,U,0,0,0.0
D,11838,quiet_pre,0.4540,U,0,0,0.0
D,11934,quiet_pre,0.4539,U,0,0,0.0
D,12027,quiet_pre,0.4537,U,0,0,0.0
D,12123,quiet_pre,0.4536,U,0,0,0.0
D,12219,quiet_pre,0.4535,U,0,0,0.0
D,12315,quiet_pre,0.4534,U,0,0,0.0
D,12411,quiet_pre,0.4533,U,0,0,0.0
D,12507,quiet_pre,0.4532,U,0,0,0.0
D,12602,quiet_pre,0.4532,U,0,0,0.0
D,12698,quiet_pre,0.4531,U,0,0,0.0
D,12794,quiet_pre,0.4530,U,0,0,0.0
D,12888,quiet_pre,0.4529,U,0,0,0.0
D,12984,quiet_pre,0.4529,U,0,0,0.0
D,13080,quiet_pre,0.4528,U,0,0,0.0
D,13175,quiet_pre,0.4527,U,0,0,0.0
D,13271,quiet_pre,0.4526,U,0,0,0.0
D,13367,quiet_pre,0.4526,U,0,0,0.0
D,13463,quiet_pre,0.4525,U,0,0,0.0
D,13559,quiet_pre,0.4524,U,0,0,0.0
D,13655,quiet_pre,0.4523,U,0,0,0.0
D,13749,quiet_pre,0.4522,U,0,0,0.0
D,13844,quiet_pre,0.4521,U,0,0,0.0
D,13940,quiet_pre,0.4520,U,0,0,0.0
D,14036,quiet_pre,0.4520,U,0,0,0.0
D,14132,quiet_pre,0.4519,U,0,0,0.0
D,14228,quiet_pre,0.4518,U,0,0,0.0
D,14324,quiet_pre,0.4517,U,0,0,0.0
D,14419,quiet_pre,0.4517,U,0,0,0.0
D,14515,quiet_pre,0.4516,U,0,0,0.0
D,14611,quiet_pre,0.4515,U,0,0,0.0
D,14705,quiet_pre,0.4514,U,0,0,0.0
D,14801,quiet_pre,0.4513,U,0,0,0.0
D,14897,quiet_pre,0.4512,U,0,0,0.0
D,14993,quiet_pre,0.4511,U,0,0,0.0
D,15088,quiet_pre,0.4510,U,0,0,0.0
D,15184,quiet_pre,0.4510,U,0,0,0.0
D,15280,quiet_pre,0.4509,U,0,0,0.0
D,15376,quiet_pre,0.4508,U,0,0,0.0
D,15472,quiet_pre,0.4508,U,0,0,0.0
D,15566,quiet_pre,0.4507,U,0,0,0.0
D,15662,quiet_pre,0.4507,U,0,0,0.0
D,15758,quiet_pre,0.4506,U,0,0,0.0
D,15853,quiet_pre,0.4506,U,0,0,0.0
D,15949,quiet_pre,0.4506,U,0,0,0.0
D,16045,quiet_pre,0.4505,U,0,0,0.0
D,16141,quiet_pre,0.4505,U,0,0,0.0
D,16237,quiet_pre,0.4505,S,0,0,0.0
D,16333,quiet_pre,0.4504,U,0,0,0.0
D,16426,quiet_pre,0.4504,U,0,0,0.0
D,16522,quiet_pre,0.4504,S,0,0,0.0
D,16618,quiet_pre,0.4503,U,0,0,0.0
D,16714,quiet_pre,0.4503,U,0,0,0.0
D,16810,quiet_pre,0.4503,S,0,0,0.0
D,16905,quiet_pre,0.4503,S,0,0,0.0
D,17001,quiet_pre,0.4503,S,0,0,0.0
D,17097,quiet_pre,0.4503,S,0,0,0.0
D,17193,quiet_pre,0.4503,S,0,0,0.0
D,17289,quiet_pre,0.4502,S,0,0,0.0
D,17383,quiet_pre,0.4502,S,0,0,0.0
D,17479,quiet_pre,0.4502,S,0,0,0.0
D,17575,quiet_pre,0.4501,U,0,0,0.0
D,17670,quiet_pre,0.4501,U,0,0,0.0
D,17766,quiet_pre,0.4501,S,0,0,0.0
D,17861,quiet_pre,0.4500,U,0,0,0.0
D,17958,quiet_pre,0.4499,U,0,0,0.0
D,18054,quiet_pre,0.4499,U,0,0,0.0
D,18150,quiet_pre,0.4498,U,0,0,0.0
D,18243,quiet_pre,0.4498,U,0,0,0.0
D,18339,quiet_pre,0.4497,U,0,0,0.0
D,18435,quiet_pre,0.4496,U,0,0,0.0
D,18531,quiet_pre,0.4496,U,0,0,0.0
D,18627,quiet_pre,0.4495,U,0,0,0.0
D,18723,quiet_pre,0.4494,U,0,0,0.0
D,18818,quiet_pre,0.4493,U,0,0,0.0
D,18914,quiet_pre,0.4492,U,0,0,0.0
D,19010,quiet_pre,0.4492,U,0,0,0.0
D,19104,quiet_pre,0.4491,U,0,0,0.0
D,19200,quiet_pre,0.4490,U,0,0,0.0
D,19296,quiet_pre,0.4490,U,0,0,0.0
D,19392,quiet_pre,0.4489,U,0,0,0.0
D,19487,quiet_pre,0.4488,U,0,0,0.0
D,19583,quiet_pre,0.4488,U,0,0,0.0
D,19679,quiet_pre,0.4487,U,0,0,0.0
D,19775,quiet_pre,0.4487,U,0,0,0.0
D,19871,quiet_pre,0.4486,U,0,0,0.0
D,19965,quiet_pre,0.4486,U,0,0,0.0
D,20061,quiet_pre,0.4485,U,0,0,0.0
D,20156,quiet_pre,0.4485,U,0,0,0.0
D,20252,quiet_pre,0.4484,U,0,0,0.0
D,20348,quiet_pre,0.4484,U,0,0,0.0
D,20444,quiet_pre,0.4484,U,0,0,0.0
D,20540,quiet_pre,0.4483,U,0,0,0.0
D,20636,quiet_pre,0.4483,U,0,0,0.0
D,20731,quiet_pre,0.4482,U,0,0,0.0
D,20827,quiet_pre,0.4482,U,0,0,0.0
D,20921,quiet_pre,0.4481,U,0,0,0.0
D,21017,quiet_pre,0.4481,U,0,0,0.0
D,21113,quiet_pre,0.4480,U,0,0,0.0
D,21209,quiet_pre,0.4480,U,0,0,0.0
D,21304,quiet_pre,0.4479,U,0,0,0.0
D,21400,quiet_pre,0.4479,U,0,0,0.0
D,21496,quiet_pre,0.4478,U,0,0,0.0
D,21592,quiet_pre,0.4478,U,0,0,0.0
D,21688,quiet_pre,0.4478,U,0,0,0.0
D,21782,quiet_pre,0.4477,U,0,0,0.0
D,21878,quiet_pre,0.4477,U,0,0,0.0
D,21973,quiet_pre,0.4477,S,0,0,0.0
D,22069,quiet_pre,0.4477,S,0,0,0.0
D,22165,quiet_pre,0.4476,U,0,0,0.0
D,22261,quiet_pre,0.4476,S,0,0,0.0
D,22357,quiet_pre,0.4476,S,0,0,0.0
D,22453,quiet_pre,0.4475,U,0,0,0.0
D,22548,quiet_pre,0.4475,U,0,0,0.0
D,22642,quiet_pre,0.4475,S,0,0,0.0
D,22738,quiet_pre,0.4474,U,0,0,0.0
D,22834,quiet_pre,0.4474,U,0,0,0.0
D,22930,quiet_pre,0.4474,S,0,0,0.0
D,23031,quiet_pre,0.4473,U,0,0,0.0
D,23121,quiet_pre,0.4473,U,0,0,0.0
D,23217,quiet_pre,0.4473,S,0,0,0.0
D,23313,quiet_pre,0.4473,S,0,0,0.0
D,23409,quiet_pre,0.4472,U,0,0,0.0
D,23505,quiet_pre,0.4472,S,0,0,0.0
D,23599,quiet_pre,0.4472,S,0,0,0.0
D,23695,quiet_pre,0.4471,U,0,0,0.0
D,23790,quiet_pre,0.4471,U,0,0,0.0
D,23886,quiet_pre,0.4470,U,0,0,0.0
D,23982,quiet_pre,0.4470,U,0,0,0.0
D,24078,quiet_pre,0.4469,U,0,0,0.0
D,24174,quiet_pre,0.4469,U,0,0,0.0
D,24270,quiet_pre,0.4468,U,0,0,0.0
D,24366,quiet_pre,0.4468,U,0,0,0.0
D,24460,quiet_pre,0.4468,U,0,0,0.0
D,24555,quiet_pre,0.4467,U,0,0,0.0
D,24651,quiet_pre,0.4467,U,0,0,0.0
D,24747,quiet_pre,0.4467,S,0,0,0.0
D,24843,quiet_pre,0.4466,U,0,0,0.0
D,24939,quiet_pre,0.4466,U,0,0,0.0
D,25034,quiet_pre,0.4466,S,0,0,0.0
D,25130,quiet_pre,0.4465,U,0,0,0.0
D,25226,quiet_pre,0.4465,U,0,0,0.0
D,25320,quiet_pre,0.4464,U,0,0,0.0
D,25416,quiet_pre,0.4463,U,0,0,0.0
D,25512,quiet_pre,0.4463,U,0,0,0.0
D,25608,quiet_pre,0.4463,U,0,0,0.0
D,25703,quiet_pre,0.4462,U,0,0,0.0
D,25799,quiet_pre,0.4462,U,0,0,0.0
D,25895,quiet_pre,0.4462,S,0,0,0.0
D,25991,quiet_pre,0.4461,U,0,0,0.0
D,26087,quiet_pre,0.4461,U,0,0,0.0
D,26183,quiet_pre,0.4461,S,0,0,0.0
D,26277,quiet_pre,0.4461,S,0,0,0.0
D,26372,quiet_pre,0.4461,S,0,0,0.0
D,26468,quiet_pre,0.4461,S,0,0,0.0
D,26564,quiet_pre,0.4460,S,0,0,0.0
D,26660,quiet_pre,0.4460,S,0,0,0.0
D,26756,quiet_pre,0.4460,S,0,0,0.0
D,26852,quiet_pre,0.4461,S,0,0,0.0
D,26947,quiet_pre,0.4461,S,0,0,0.0
D,27043,quiet_pre,0.4461,S,0,0,0.0
D,27137,quiet_pre,0.4461,S,0,0,0.0
D,27233,quiet_pre,0.4461,S,0,0,0.0
D,27329,quiet_pre,0.4461,S,0,0,0.0
D,27425,quiet_pre,0.4461,S,0,0,0.0
D,27521,quiet_pre,0.4461,S,0,0,0.0
D,27616,quiet_pre,0.4461,S,0,0,0.0
D,27712,quiet_pre,0.4462,S,0,0,0.0
D,27808,quiet_pre,0.4462,S,0,0,0.0
D,27904,quiet_pre,0.4462,S,0,0,0.0
D,27998,quiet_pre,0.4462,S,0,0,0.0
D,28094,quiet_pre,0.4462,S,0,0,0.0
D,28190,quiet_pre,0.4463,S,0,0,0.0
D,28285,quiet_pre,0.4465,U,0,0,0.0
D,28381,quiet_pre,0.4465,U,0,0,0.0
D,28477,quiet_pre,0.4466,U,0,0,0.0
D,28573,quiet_pre,0.4466,U,0,0,0.0
D,28669,quiet_pre,0.4466,U,0,0,0.0
D,28764,quiet_pre,0.4467,U,0,0,0.0
D,28858,quiet_pre,0.4467,U,0,0,0.0
D,28954,quiet_pre,0.4467,S,0,0,0.0
D,29050,quiet_pre,0.4467,S,0,0,0.0
D,29146,quiet_pre,0.4468,U,0,0,0.0
D,29242,quiet_pre,0.4468,S,0,0,0.0
D,29338,quiet_pre,0.4468,S,0,0,0.0
D,29434,quiet_pre,0.4468,S,0,0,0.0
D,29529,quiet_pre,0.4468,S,0,0,0.0
D,29625,quiet_pre,0.4468,S,0,0,0.0
D,29721,quiet_pre,0.4468,S,0,0,0.0
D,29815,quiet_pre,0.4468,S,0,0,0.0
D,29911,quiet_pre,0.4467,S,0,0,0.0
D,30007,quiet_pre,0.4467,S,0,0,0.0
D,30102,quiet_pre,0.4467,S,0,0,0.0
D,30198,quiet_pre,0.4467,S,0,0,0.0
D,30294,quiet_pre,0.4467,S,0,0,0.0
D,30390,quiet_pre,0.4467,S,0,0,0.0
D,30486,quiet_pre,0.4467,S,0,0,0.0
D,30582,quiet_pre,0.4467,S,0,0,0.0
D,30676,quiet_pre,0.4467,S,0,0,0.0
D,30771,quiet_pre,0.4467,S,0,0,0.0
D,30867,quiet_pre,0.4467,S,0,0,0.0
D,30963,quiet_pre,0.4467,S,0,0,0.0
D,31059,quiet_pre,0.4467,S,0,0,0.0
D,31155,quiet_pre,0.4467,S,0,0,0.0
D,31251,quiet_pre,0.4467,S,0,0,0.0
D,31347,quiet_pre,0.4467,S,0,0,0.0
D,31443,quiet_pre,0.4466,S,0,0,0.0
D,31536,quiet_pre,0.4466,S,0,0,0.0
D,31632,quiet_pre,0.4466,S,0,0,0.0
D,31728,quiet_pre,0.4466,S,0,0,0.0
D,31824,quiet_pre,0.4466,S,0,0,0.0
D,31920,quiet_pre,0.4466,S,0,0,0.0
D,32015,quiet_pre,0.4462,U,0,0,0.0
D,32111,quiet_pre,0.4462,U,0,0,0.0
D,32207,quiet_pre,0.4461,U,0,0,0.0
D,32303,quiet_pre,0.4461,U,0,0,0.0
D,32399,quiet_pre,0.4461,U,0,0,0.0
D,32492,quiet_pre,0.4460,U,0,0,0.0
D,32588,quiet_pre,0.4460,U,0,0,0.0
D,32684,quiet_pre,0.4460,S,0,0,0.0
D,32780,quiet_pre,0.4460,S,0,0,0.0
D,32876,quiet_pre,0.4459,U,0,0,0.0
D,32972,quiet_pre,0.4459,S,0,0,0.0
D,33068,quiet_pre,0.4459,S,0,0,0.0
D,33163,quiet_pre,0.4459,S,0,0,0.0
D,33259,quiet_pre,0.4459,S,0,0,0.0
D,33353,quiet_pre,0.4459,S,0,0,0.0
D,33449,quiet_pre,0.4459,S,0,0,0.0
D,33545,quiet_pre,0.4459,S,0,0,0.0
D,33641,quiet_pre,0.4459,S,0,0,0.0
D,33737,quiet_pre,0.4460,S,0,0,0.0
D,33832,quiet_pre,0.4460,S,0,0,0.0
D,33928,quiet_pre,0.4460,S,0,0,0.0
D,34024,quiet_pre,0.4460,S,0,0,0.0
D,34120,quiet_pre,0.4460,S,0,0,0.0
D,34214,quiet_pre,0.4460,S,0,0,0.0
D,34310,quiet_pre,0.4460,S,0,0,0.0
D,34406,quiet_pre,0.4460,S,0,0,0.0
D,34502,quiet_pre,0.4459,S,0,0,0.0
D,34597,quiet_pre,0.4459,S,0,0,0.0
D,34693,quiet_pre,0.4459,S,0,0,0.0
D,34789,quiet_pre,0.4459,S,0,0,0.0
D,34885,quiet_pre,0.4459,S,0,0,0.0
D,34981,quiet_pre,0.4459,S,0,0,0.0
D,35077,quiet_pre,0.4459,S,0,0,0.0
D,35170,quiet_pre,0.4458,S,0,0,0.0
D,35267,quiet_pre,0.4458,S,0,0,0.0
D,35362,quiet_pre,0.4455,U,0,0,0.0
D,35458,quiet_pre,0.4454,U,0,0,0.0
D,35554,quiet_pre,0.4454,U,0,0,0.0
D,35656,quiet_pre,0.4454,U,0,0,0.0
D,35746,quiet_pre,0.4453,U,0,0,0.0
D,35841,quiet_pre,0.4453,U,0,0,0.0
D,35937,quiet_pre,0.4453,S,0,0,0.0
D,36031,quiet_pre,0.4452,U,0,0,0.0
D,36127,quiet_pre,0.4452,U,0,0,0.0
D,36222,quiet_pre,0.4452,S,0,0,0.0
D,36318,quiet_pre,0.4452,S,0,0,0.0
D,36414,quiet_pre,0.4452,S,0,0,0.0
D,36510,quiet_pre,0.4452,S,0,0,0.0
D,36606,quiet_pre,0.4452,S,0,0,0.0
D,36702,quiet_pre,0.4452,S,0,0,0.0
D,36798,quiet_pre,0.4452,S,0,0,0.0
D,36892,quiet_pre,0.4452,S,0,0,0.0
D,36987,quiet_pre,0.4452,S,0,0,0.0
D,37083,quiet_pre,0.4452,S,0,0,0.0
D,37179,quiet_pre,0.4452,S,0,0,0.0
D,37275,quiet_pre,0.4452,S,0,0,0.0
D,37371,quiet_pre,0.4452,S,0,0,0.0
D,37467,quiet_pre,0.4452,S,0,0,0.0
D,37563,quiet_pre,0.4453,S,0,0,0.0
D,37658,quiet_pre,0.4453,S,0,0,0.0
D,37752,quiet_pre,0.4453,S,0,0,0.0
D,37848,quiet_pre,0.4453,S,0,0,0.0
D,37944,quiet_pre,0.4453,S,0,0,0.0
D,38040,quiet_pre,0.4453,S,0,0,0.0
D,38136,quiet_pre,0.4453,S,0,0,0.0
D,38232,quiet_pre,0.4453,S,0,0,0.0
D,38328,quiet_pre,0.4453,S,0,0,0.0
D,38423,quiet_pre,0.4453,S,0,0,0.0
D,38519,quiet_pre,0.4453,S,0,0,0.0
D,38615,quiet_pre,0.4453,S,0,0,0.0
D,38709,quiet_pre,0.4453,S,0,0,0.0
D,38805,quiet_pre,0.4453,S,0,0,0.0
D,38901,quiet_pre,0.4453,S,0,0,0.0
D,38997,quiet_pre,0.4453,S,0,0,0.0
D,39092,quiet_pre,0.4453,S,0,0,0.0
D,39188,quiet_pre,0.4452,S,0,0,0.0
D,39284,quiet_pre,0.4452,S,0,0,0.0
D,39380,quiet_pre,0.4452,S,0,0,0.0
D,39476,quiet_pre,0.4452,S,0,0,0.0
D,39569,quiet_pre,0.4448,U,0,0,0.0
D,39665,quiet_pre,0.4448,U,0,0,0.0
D,39761,quiet_pre,0.4447,U,0,0,0.0
D,39857,quiet_pre,0.4447,U,0,0,0.0
D,39953,quiet_pre,0.4446,U,0,0,0.0
D,40048,quiet_pre,0.4446,U,0,0,0.0
D,40144,quiet_pre,0.4445,U,0,0,0.0
D,40240,quiet_pre,0.4445,U,0,0,0.0
D,40336,quiet_pre,0.4445,U,0,0,0.0
D,40430,quiet_pre,0.4444,U,0,0,0.0
D,40526,quiet_pre,0.4444,U,0,0,0.0
D,40622,quiet_pre,0.4444,S,0,0,0.0
D,40717,quiet_pre,0.4443,U,0,0,0.0
D,40813,quiet_pre,0.4443,U,0,0,0.0
D,40909,quiet_pre,0.4443,S,0,0,0.0
D,41005,quiet_pre,0.4442,U,0,0,0.0
D,41101,quiet_pre,0.4442,U,0,0,0.0
D,41197,quiet_pre,0.4441,U,0,0,0.0
D,41292,quiet_pre,0.4441,U,0,0,0.0
D,41386,quiet_pre,0.4440,U,0,0,0.0
D,41482,quiet_pre,0.4440,U,0,0,0.0
D,41578,quiet_pre,0.4439,U,0,0,0.0
D,41674,quiet_pre,0.4438,U,0,0,0.0
D,41770,quiet_pre,0.4438,U,0,0,0.0
D,41865,quiet_pre,0.4437,U,0,0,0.0
D,41961,quiet_pre,0.4436,U,0,0,0.0
D,42057,quiet_pre,0.4435,U,0,0,0.0
D,42153,quiet_pre,0.4434,U,0,0,0.0
D,42247,quiet_pre,0.4434,U,0,0,0.0
D,42343,quiet_pre,0.4433,U,0,0,0.0
D,42439,quiet_pre,0.4432,U,0,0,0.0
D,42534,quiet_pre,0.4431,U,0,0,0.0
D,42630,quiet_pre,0.4430,U,0,0,0.0
D,42726,quiet_pre,0.4429,U,0,0,0.0
D,42822,quiet_pre,0.4428,U,0,0,0.0
D,42918,quiet_pre,0.4427,U,0,0,0.0
D,43014,quiet_pre,0.4426,U,0,0,0.0
D,43107,quiet_pre,0.4425,U,0,0,0.0
D,43203,quiet_pre,0.4425,U,0,0,0.0
D,43299,quiet_pre,0.4424,U,0,0,0.0
D,43395,quiet_pre,0.4423,U,0,0,0.0
D,43491,quiet_pre,0.4423,U,0,0,0.0
D,43587,quiet_pre,0.4423,U,0,0,0.0
D,43683,quiet_pre,0.4422,U,0,0,0.0
D,43778,quiet_pre,0.4422,U,0,0,0.0
D,43874,quiet_pre,0.4422,S,0,0,0.0
D,43970,quiet_pre,0.4422,S,0,0,0.0
D,44064,quiet_pre,0.4422,S,0,0,0.0
D,44160,quiet_pre,0.4422,S,0,0,0.0
D,44256,quiet_pre,0.4422,S,0,0,0.0
D,44351,quiet_pre,0.4422,S,0,0,0.0
D,44447,quiet_pre,0.4422,S,0,0,0.0
D,44543,quiet_pre,0.4423,S,0,0,0.0
D,44639,quiet_pre,0.4423,S,0,0,0.0
D,44735,quiet_pre,0.4423,S,0,0,0.0
D,44831,quiet_pre,0.4423,S,0,0,0.0
D,44925,quiet_pre,0.4423,S,0,0,0.0
D,45020,quiet_pre,0.4423,S,0,0,0.0
D,45116,quiet_pre,0.4423,S,0,0,0.0
D,45212,quiet_pre,0.4423,S,0,0,0.0
D,45308,quiet_pre,0.4423,S,0,0,0.0
D,45404,quiet_pre,0.4423,S,0,0,0.0
D,45500,quiet_pre,0.4423,S,0,0,0.0
D,45596,quiet_pre,0.4423,S,0,0,0.0
D,45691,quiet_pre,0.4423,S,0,0,0.0
D,45785,quiet_pre,0.4423,S,0,0,0.0
D,45881,quiet_pre,0.4422,S,0,0,0.0
D,45977,quiet_pre,0.4422,S,0,0,0.0
D,46073,quiet_pre,0.4422,S,0,0,0.0
D,46169,quiet_pre,0.4422,S,0,0,0.0
D,46265,quiet_pre,0.4422,S,0,0,0.0
D,46360,quiet_pre,0.4422,S,0,0,0.0
D,46456,quiet_pre,0.4422,S,0,0,0.0
D,46552,quiet_pre,0.4422,S,0,0,0.0
D,46648,quiet_pre,0.4422,S,0,0,0.0
D,46742,quiet_pre,0.4422,S,0,0,0.0
D,46838,quiet_pre,0.4422,S,0,0,0.0
D,46934,quiet_pre,0.4422,S,0,0,0.0
D,47030,quiet_pre,0.4422,S,0,0,0.0
D,47126,quiet_pre,0.4422,S,0,0,0.0
D,47221,quiet_pre,0.4422,S,0,0,0.0
D,47317,quiet_pre,0.4422,S,0,0,0.0
D,47413,quiet_pre,0.4422,S,0,0,0.0
D,47509,quiet_pre,0.4422,S,0,0,0.0
D,47603,quiet_pre,0.4422,S,0,0,0.0
D,47699,quiet_pre,0.4422,S,0,0,0.0
D,47795,quiet_pre,0.4422,S,0,0,0.0
D,47890,quiet_pre,0.4422,S,0,0,0.0
D,47986,quiet_pre,0.4422,S,0,0,0.0
D,48082,quiet_pre,0.4422,S,0,0,0.0
D,48178,quiet_pre,0.4422,S,0,0,0.0
D,48370,quiet_pre,0.4422,S,0,0,0.0
D,48464,quiet_pre,0.4422,S,0,0,0.0
D,48560,quiet_pre,0.4421,S,0,0,0.0
D,48655,quiet_pre,0.4421,S,0,0,0.0
D,48751,quiet_pre,0.4421,S,0,0,0.0
D,48847,quiet_pre,0.4421,S,0,0,0.0
D,48943,quiet_pre,0.4421,S,0,0,0.0
D,49039,quiet_pre,0.4421,S,0,0,0.0
D,49135,quiet_pre,0.4421,S,0,0,0.0
D,49231,quiet_pre,0.4421,S,0,0,0.0
D,49325,quiet_pre,0.4421,S,0,0,0.0
D,49420,quiet_pre,0.4421,S,0,0,0.0
D,49516,quiet_pre,0.4421,S,0,0,0.0
D,49612,quiet_pre,0.4421,S,0,0,0.0
D,49708,quiet_pre,0.4421,S,0,0,0.0
D,49804,quiet_pre,0.4421,S,0,0,0.0
D,49899,quiet_pre,0.4421,S,0,0,0.0
D,49995,quiet_pre,0.4421,S,0,0,0.0
D,50091,quiet_pre,0.4421,S,0,0,0.0
D,50187,quiet_pre,0.4421,S,0,0,0.0
D,50281,quiet_pre,0.4421,S,0,0,0.0
D,50376,quiet_pre,0.4423,U,0,0,0.0
D,50472,quiet_pre,0.4424,U,0,0,0.0
D,50568,quiet_pre,0.4425,U,0,0,0.0
D,50663,quiet_pre,0.4425,U,0,0,0.0
D,50759,quiet_pre,0.4426,U,0,0,0.0
D,50855,quiet_pre,0.4426,U,0,0,0.0
D,50951,quiet_pre,0.4426,U,0,0,0.0
D,51047,quiet_pre,0.4427,U,0,0,0.0
D,51141,quiet_pre,0.4427,U,0,0,0.0
D,51237,quiet_pre,0.4427,S,0,0,0.0
D,51332,quiet_pre,0.4427,S,0,0,0.0
D,51428,quiet_pre,0.4427,S,0,0,0.0
D,51524,quiet_pre,0.4427,S,0,0,0.0
D,51620,quiet_pre,0.4427,S,0,0,0.0
D,51716,quiet_pre,0.4427,S,0,0,0.0
D,51811,quiet_pre,0.4427,S,0,0,0.0
D,51907,quiet_pre,0.4426,S,0,0,0.0
D,52001,quiet_pre,0.4426,S,0,0,0.0
D,52097,quiet_pre,0.4426,S,0,0,0.0
D,52193,quiet_pre,0.4426,S,0,0,0.0
D,52289,quiet_pre,0.4426,S,0,0,0.0
D,52385,quiet_pre,0.4426,S,0,0,0.0
D,52481,quiet_pre,0.4426,S,0,0,0.0
D,52576,quiet_pre,0.4426,S,0,0,0.0
D,52672,quiet_pre,0.4426,S,0,0,0.0
D,52768,quiet_pre,0.4426,S,0,0,0.0
D,52864,quiet_pre,0.4426,S,0,0,0.0
D,52958,quiet_pre,0.4426,S,0,0,0.0
D,53054,quiet_pre,0.4426,S,0,0,0.0
D,53150,quiet_pre,0.4425,S,0,0,0.0
D,53246,quiet_pre,0.4425,S,0,0,0.0
D,53341,quiet_pre,0.4425,S,0,0,0.0
D,53437,quiet_pre,0.4425,S,0,0,0.0
D,53533,quiet_pre,0.4425,S,0,0,0.0
D,53629,quiet_pre,0.4425,S,0,0,0.0
D,53725,quiet_pre,0.4425,S,0,0,0.0
D,53819,quiet_pre,0.4425,S,0,0,0.0
D,53914,quiet_pre,0.4425,S,0,0,0.0
D,54010,quiet_pre,0.4424,S,0,0,0.0
D,54106,quiet_pre,0.4421,U,0,0,0.0
D,54202,quiet_pre,0.4421,U,0,0,0.0
D,54297,quiet_pre,0.4420,U,0,0,0.0
D,54393,quiet_pre,0.4420,U,0,0,0.0
D,54489,quiet_pre,0.4420,U,0,0,0.0
D,54585,quiet_pre,0.4420,S,0,0,0.0
D,54679,quiet_pre,0.4419,U,0,0,0.0
D,54775,quiet_pre,0.4419,S,0,0,0.0
D,54871,quiet_pre,0.4419,S,0,0,0.0
D,54966,quiet_pre,0.4419,S,0,0,0.0
D,55062,quiet_pre,0.4419,S,0,0,0.0
D,55158,quiet_pre,0.4419,S,0,0,0.0
D,55254,quiet_pre,0.4419,S,0,0,0.0
D,55350,quiet_pre,0.4419,S,0,0,0.0
D,55446,quiet_pre,0.4419,S,0,0,0.0
D,55542,quiet_pre,0.4419,S,0,0,0.0
D,55635,quiet_pre,0.4419,S,0,0,0.0
D,55731,quiet_pre,0.4419,S,0,0,0.0
D,55827,quiet_pre,0.4418,S,0,0,0.0
D,55923,quiet_pre,0.4418,S,0,0,0.0
D,56019,quiet_pre,0.4418,S,0,0,0.0
D,56115,quiet_pre,0.4418,S,0,0,0.0
D,56211,quiet_pre,0.4418,S,0,0,0.0
D,56306,quiet_pre,0.4418,S,0,0,0.0
D,56402,quiet_pre,0.4418,S,0,0,0.0
D,56496,quiet_pre,0.4418,S,0,0,0.0
D,56592,quiet_pre,0.4418,S,0,0,0.0
D,56688,quiet_pre,0.4418,S,0,0,0.0
D,56784,quiet_pre,0.4418,S,0,0,0.0
D,56880,quiet_pre,0.4418,S,0,0,0.0
D,56975,quiet_pre,0.4418,S,0,0,0.0
D,57071,quiet_pre,0.4418,S,0,0,0.0
D,57167,quiet_pre,0.4418,S,0,0,0.0
D,57263,quiet_pre,0.4418,S,0,0,0.0
D,57357,quiet_pre,0.4418,S,0,0,0.0
D,57453,quiet_pre,0.4418,S,0,0,0.0
D,57549,quiet_pre,0.4418,S,0,0,0.0
D,57644,quiet_pre,0.4418,S,0,0,0.0
D,57740,quiet_pre,0.4418,S,0,0,0.0
D,57836,quiet_pre,0.4418,S,0,0,0.0
D,57932,quiet_pre,0.4418,S,0,0,0.0
D,58028,quiet_pre,0.4418,S,0,0,0.0
D,58124,quiet_pre,0.4418,S,0,0,0.0
D,58218,quiet_pre,0.4418,S,0,0,0.0
D,58314,quiet_pre,0.4418,S,0,0,0.0
D,58409,quiet_pre,0.4418,S,0,0,0.0
D,58505,quiet_pre,0.4418,S,0,0,0.0
D,58601,quiet_pre,0.4418,S,0,0,0.0
D,58697,quiet_pre,0.4418,S,0,0,0.0
D,58793,quiet_pre,0.4418,S,0,0,0.0
D,58889,quiet_pre,0.4418,S,0,0,0.0
D,58985,quiet_pre,0.4418,S,0,0,0.0
D,59081,quiet_pre,0.4418,S,0,0,0.0
D,59175,quiet_pre,0.4418,S,0,0,0.0
D,59270,quiet_pre,0.4418,S,0,0,0.0
D,59366,quiet_pre,0.4418,S,0,0,0.0
D,59462,quiet_pre,0.4418,S,0,0,0.0
D,59558,quiet_pre,0.4418,S,0,0,0.0
D,59654,quiet_pre,0.4418,S,0,0,0.0
D,59750,quiet_pre,0.4418,S,0,0,0.0
D,59845,quiet_pre,0.4418,S,0,0,0.0
D,59941,quiet_pre,0.4418,S,0,0,0.0
D,60035,quiet_pre,0.4418,S,0,0,0.0
D,60131,quiet_pre,0.4418,S,0,0,0.0
D,60227,quiet_pre,0.4418,S,0,0,0.0
D,60323,quiet_pre,0.4418,S,0,0,0.0
D,60418,quiet_pre,0.4414,U,0,0,0.0
D,60513,quiet_pre,0.4414,U,0,0,0.0
D,60609,quiet_pre,0.4414,U,0,0,0.0
D,60705,quiet_pre,0.4413,U,0,0,0.0
D,60801,quiet_pre,0.4413,U,0,0,0.0
D,60903,quiet_pre,0.4412,U,0,0,0.0
D,61098,quiet_pre,0.4412,U,0,0,0.0
D,61278,quiet_pre,0.4411,U,0,0,0.0
D,61374,quiet_pre,0.4411,S,0,0,0.0
D,61470,quiet_pre,0.4411,S,0,0,0.0
D,61566,quiet_pre,0.4410,U,0,0,0.0
D,61662,quiet_pre,0.4410,S,0,0,0.0
D,61758,quiet_pre,0.4410,S,0,0,0.0
D,61851,quiet_pre,0.4409,U,0,0,0.0
D,61947,quiet_pre,0.4409,U,0,0,0.0
D,62043,quiet_pre,0.4409,S,0,0,0.0
D,62139,quiet_pre,0.4409,S,0,0,0.0
D,62235,quiet_pre,0.4408,U,0,0,0.0
D,62331,quiet_pre,0.4408,S,0,0,0.0
D,62426,quiet_pre,0.4408,S,0,0,0.0
D,62522,quiet_pre,0.4408,S,0,0,0.0
D,62618,quiet_pre,0.4407,U,0,0,0.0
D,62712,quiet_pre,0.4407,S,0,0,0.0
D,62808,quiet_pre,0.4407,S,0,0,0.0
D,62904,quiet_pre,0.4407,S,0,0,0.0
D,63000,quiet_pre,0.4407,S,0,0,0.0
D,63095,quiet_pre,0.4406,S,0,0,0.0
D,63191,quiet_pre,0.4406,S,0,0,0.0
D,63287,quiet_pre,0.4407,S,0,0,0.0
D,63383,quiet_pre,0.4407,S,0,0,0.0
D,63479,quiet_pre,0.4407,S,0,0,0.0
D,63573,quiet_pre,0.4407,S,0,0,0.0
D,63669,quiet_pre,0.4407,S,0,0,0.0
D,63764,quiet_pre,0.4407,S,0,0,0.0
D,63860,quiet_pre,0.4407,S,0,0,0.0
D,63956,quiet_pre,0.4407,S,0,0,0.0
D,64052,quiet_pre,0.4407,S,0,0,0.0
D,64148,quiet_pre,0.4407,S,0,0,0.0
D,64244,quiet_pre,0.4408,S,0,0,0.0
D,64340,quiet_pre,0.4408,S,0,0,0.0
D,64436,quiet_pre,0.4408,S,0,0,0.0
D,64529,quiet_pre,0.4408,S,0,0,0.0
D,64625,quiet_pre,0.4408,S,0,0,0.0
D,64721,quiet_pre,0.4408,S,0,0,0.0
D,64817,quiet_pre,0.4408,S,0,0,0.0
D,64913,quiet_pre,0.4408,S,0,0,0.0
D,65009,quiet_pre,0.4408,S,0,0,0.0
D,65105,quiet_pre,0.4408,S,0,0,0.0
D,65200,quiet_pre,0.4409,S,0,0,0.0
D,65296,quiet_pre,0.4409,S,0,0,0.0
D,65390,quiet_pre,0.4409,S,0,0,0.0
D,65486,quiet_pre,0.4409,S,0,0,0.0
D,65582,quiet_pre,0.4409,S,0,0,0.0
D,65678,quiet_pre,0.4409,S,0,0,0.0
D,65774,quiet_pre,0.4409,S,0,0,0.0
D,65869,quiet_pre,0.4409,S,0,0,0.0
D,65965,quiet_pre,0.4409,S,0,0,0.0
D,66061,quiet_pre,0.4409,S,0,0,0.0
D,66157,quiet_pre,0.4409,S,0,0,0.0
D,66251,quiet_pre,0.4409,S,0,0,0.0
D,66347,quiet_pre,0.4409,S,0,0,0.0
D,66443,quiet_pre,0.4409,S,0,0,0.0
D,66539,quiet_pre,0.4409,S,0,0,0.0
D,66634,quiet_pre,0.4410,S,0,0,0.0
D,66730,quiet_pre,0.4410,S,0,0,0.0
D,66825,quiet_pre,0.4415,U,0,0,0.0
D,66921,quiet_pre,0.4415,U,0,0,0.0
D,67017,quiet_pre,0.4416,U,0,0,0.0
D,67113,quiet_pre,0.4417,U,0,0,0.0
D,67207,quiet_pre,0.4418,U,0,0,0.0
D,67303,quiet_pre,0.4418,U,0,0,0.0
D,67398,quiet_pre,0.4419,U,0,0,0.0
D,67494,quiet_pre,0.4420,U,0,0,0.0
D,67590,quiet_pre,0.4420,U,0,0,0.0
D,67686,quiet_pre,0.4421,U,0,0,0.0
D,67782,quiet_pre,0.4421,U,0,0,0.0
D,67878,quiet_pre,0.4422,U,0,0,0.0
D,67973,quiet_pre,0.4422,U,0,0,0.0
D,68067,quiet_pre,0.4422,U,0,0,0.0
D,68163,quiet_pre,0.4422,S,0,0,0.0
D,68259,quiet_pre,0.4423,U,0,0,0.0
D,68355,quiet_pre,0.4423,S,0,0,0.0
D,68451,quiet_pre,0.4423,S,0,0,0.0
D,68547,quiet_pre,0.4423,S,0,0,0.0
D,68642,quiet_pre,0.4423,S,0,0,0.0
D,68738,quiet_pre,0.4423,S,0,0,0.0
D,68834,quiet_pre,0.4423,S,0,0,0.0
D,68928,quiet_pre,0.4422,S,0,0,0.0
D,69024,quiet_pre,0.4422,S,0,0,0.0
D,69120,quiet_pre,0.4422,S,0,0,0.0
D,69216,quiet_pre,0.4422,S,0,0,0.0
D,69312,quiet_pre,0.4422,S,0,0,0.0
D,69407,quiet_pre,0.4422,S,0,0,0.0
D,69503,quiet_pre,0.4422,S,0,0,0.0
D,69599,quiet_pre,0.4422,S,0,0,0.0
D,69695,quiet_pre,0.4422,S,0,0,0.0
D,69789,quiet_pre,0.4422,S,0,0,0.0
D,69885,quiet_pre,0.4422,S,0,0,0.0
D,69981,quiet_pre,0.4422,S,0,0,0.0
D,70076,quiet_pre,0.4422,S,0,0,0.0
D,70172,quiet_pre,0.4422,S,0,0,0.0
D,70268,quiet_pre,0.4422,S,0,0,0.0
D,70364,quiet_pre,0.4422,S,0,0,0.0
D,70460,quiet_pre,0.4422,S,0,0,0.0
D,70556,quiet_pre,0.4422,S,0,0,0.0
D,70652,quiet_pre,0.4421,S,0,0,0.0
D,70745,quiet_pre,0.4421,S,0,0,0.0
D,70841,quiet_pre,0.4421,S,0,0,0.0
D,70937,quiet_pre,0.4421,S,0,0,0.0
D,71033,quiet_pre,0.4421,S,0,0,0.0
D,71129,quiet_pre,0.4421,S,0,0,0.0
D,71225,quiet_pre,0.4421,S,0,0,0.0
D,71321,quiet_pre,0.4421,S,0,0,0.0
D,71416,quiet_pre,0.4418,U,0,0,0.0
D,71512,quiet_pre,0.4417,U,0,0,0.0
D,71606,quiet_pre,0.4417,U,0,0,0.0
D,71702,quiet_pre,0.4417,U,0,0,0.0
D,71797,quiet_pre,0.4417,U,0,0,0.0
D,71893,quiet_pre,0.4417,S,0,0,0.0
D,71989,quiet_pre,0.4417,S,0,0,0.0
D,72085,quiet_pre,0.4417,S,0,0,0.0
D,72181,quiet_pre,0.4417,S,0,0,0.0
D,72277,quiet_pre,0.4417,S,0,0,0.0
D,72372,quiet_pre,0.4417,S,0,0,0.0
D,72467,quiet_pre,0.4417,S,0,0,0.0
D,72562,quiet_pre,0.4417,S,0,0,0.0
D,72658,quiet_pre,0.4417,S,0,0,0.0
D,72754,quiet_pre,0.4417,S,0,0,0.0
D,72850,quiet_pre,0.4417,S,0,0,0.0
D,72946,quiet_pre,0.4417,S,0,0,0.0
D,73042,quiet_pre,0.4417,S,0,0,0.0
D,73137,quiet_pre,0.4418,S,0,0,0.0
D,73233,quiet_pre,0.4418,S,0,0,0.0
D,73329,quiet_pre,0.4418,S,0,0,0.0
D,73434,quiet_pre,0.4418,S,0,0,0.0
D,73615,quiet_pre,0.4418,S,0,0,0.0
D,73711,quiet_pre,0.4418,S,0,0,0.0
D,73807,quiet_pre,0.4418,S,0,0,0.0
D,73902,quiet_pre,0.4418,S,0,0,0.0
D,73998,quiet_pre,0.4418,S,0,0,0.0
D,74094,quiet_pre,0.4419,S,0,0,0.0
D,74190,quiet_pre,0.4419,S,0,0,0.0
D,74283,quiet_pre,0.4422,U,0,0,0.0
D,74379,quiet_pre,0.4422,U,0,0,0.0
D,74475,quiet_pre,0.4422,U,0,0,0.0
D,74571,quiet_pre,0.4423,U,0,0,0.0
D,74667,quiet_pre,0.4423,U,0,0,0.0
D,74763,quiet_pre,0.4423,S,0,0,0.0
D,74859,quiet_pre,0.4424,U,0,0,0.0
D,74954,quiet_pre,0.4424,U,0,0,0.0
D,75050,quiet_pre,0.4424,S,0,0,0.0
D,75144,quiet_pre,0.4424,S,0,0,0.0
D,75240,quiet_pre,0.4424,S,0,0,0.0
D,75336,quiet_pre,0.4425,S,0,0,0.0
D,75432,quiet_pre,0.4425,S,0,0,0.0
D,75528,quiet_pre,0.4425,S,0,0,0.0
D,75623,quiet_pre,0.4425,S,0,0,0.0
D,75719,quiet_pre,0.4425,S,0,0,0.0
D,75815,quiet_pre,0.4425,S,0,0,0.0
D,75911,quiet_pre,0.4425,S,0,0,0.0
D,76007,quiet_pre,0.4425,S,0,0,0.0
D,76101,quiet_pre,0.4425,S,0,0,0.0
D,76196,quiet_pre,0.4425,S,0,0,0.0
D,76292,quiet_pre,0.4425,S,0,0,0.0
D,76388,quiet_pre,0.4425,S,0,0,0.0
D,76484,quiet_pre,0.4425,S,0,0,0.0
D,76580,quiet_pre,0.4425,S,0,0,0.0
D,76676,quiet_pre,0.4425,S,0,0,0.0
D,76772,quiet_pre,0.4425,S,0,0,0.0
D,76868,quiet_pre,0.4425,S,0,0,0.0
D,76961,quiet_pre,0.4425,S,0,0,0.0
D,77057,quiet_pre,0.4425,S,0,0,0.0
D,77153,quiet_pre,0.4426,S,0,0,0.0
D,77249,quiet_pre,0.4426,S,0,0,0.0
D,77345,quiet_pre,0.4426,S,0,0,0.0
D,77441,quiet_pre,0.4426,S,0,0,0.0
D,77537,quiet_pre,0.4426,S,0,0,0.0
D,77632,quiet_pre,0.4426,S,0,0,0.0
D,77728,quiet_pre,0.4426,S,0,0,0.0
D,77822,quiet_pre,0.4426,S,0,0,0.0
D,77918,quiet_pre,0.4426,S,0,0,0.0
D,78014,quiet_pre,0.4426,S,0,0,0.0
D,78110,quiet_pre,0.4427,S,0,0,0.0
D,78206,quiet_pre,0.4427,S,0,0,0.0
D,78302,quiet_pre,0.4427,S,0,0,0.0
D,78397,quiet_pre,0.4427,S,0,0,0.0
D,78493,quiet_pre,0.4427,S,0,0,0.0
D,78589,quiet_pre,0.4427,S,0,0,0.0
D,78683,quiet_pre,0.4427,S,0,0,0.0
D,78779,quiet_pre,0.4427,S,0,0,0.0
D,78875,quiet_pre,0.4427,S,0,0,0.0
D,78971,quiet_pre,0.4427,S,0,0,0.0
D,79066,quiet_pre,0.4427,S,0,0,0.0
D,79162,quiet_pre,0.4428,S,0,0,0.0
D,79258,quiet_pre,0.4428,S,0,0,0.0
D,79354,quiet_pre,0.4428,S,0,0,0.0
D,79450,quiet_pre,0.4428,S,0,0,0.0
D,79546,quiet_pre,0.4428,S,0,0,0.0
D,79640,quiet_pre,0.4428,S,0,0,0.0
D,79736,quiet_pre,0.4428,S,0,0,0.0
D,79831,quiet_pre,0.4428,S,0,0,0.0
D,79927,quiet_pre,0.4428,S,0,0,0.0
D,80023,quiet_pre,0.4428,S,0,0,0.0
D,80119,quiet_pre,0.4428,S,0,0,0.0
D,80215,quiet_pre,0.4428,S,0,0,0.0
D,80311,quiet_pre,0.4428,S,0,0,0.0
D,80407,quiet_pre,0.4428,S,0,0,0.0
D,80500,quiet_pre,0.4428,S,0,0,0.0
D,80596,quiet_pre,0.4429,S,0,0,0.0
D,80692,quiet_pre,0.4429,S,0,0,0.0
D,80788,quiet_pre,0.4429,S,0,0,0.0
D,80884,quiet_pre,0.4429,S,0,0,0.0
D,80980,quiet_pre,0.4429,S,0,0,0.0
D,81075,quiet_pre,0.4429,S,0,0,0.0
D,81171,quiet_pre,0.4430,S,0,0,0.0
D,81267,quiet_pre,0.4430,S,0,0,0.0
D,81361,quiet_pre,0.4430,S,0,0,0.0
D,81457,quiet_pre,0.4430,S,0,0,0.0
D,81552,quiet_pre,0.4435,U,0,0,0.0
D,81648,quiet_pre,0.4435,U,0,0,0.0
D,81743,quiet_pre,0.4435,U,0,0,0.0
D,81839,quiet_pre,0.4435,U,0,0,0.0
D,81935,quiet_pre,0.4435,U,0,0,0.0
D,82031,quiet_pre,0.4436,S,0,0,0.0
D,82127,quiet_pre,0.4436,S,0,0,0.0
D,82223,quiet_pre,0.4436,S,0,0,0.0
D,82317,quiet_pre,0.4436,S,0,0,0.0
D,82412,quiet_pre,0.4436,S,0,0,0.0
D,82508,quiet_pre,0.4436,S,0,0,0.0
D,82604,quiet_pre,0.4436,S,0,0,0.0
D,82700,quiet_pre,0.4436,S,0,0,0.0
D,82796,quiet_pre,0.4437,S,0,0,0.0
D,82892,quiet_pre,0.4437,S,0,0,0.0
D,82988,quiet_pre,0.4438,U,0,0,0.0
D,83083,quiet_pre,0.4439,U,0,0,0.0
D,83177,quiet_pre,0.4439,U,0,0,0.0
D,83273,quiet_pre,0.4440,U,0,0,0.0
D,83369,quiet_pre,0.4440,U,0,0,0.0
D,83465,quiet_pre,0.4440,U,0,0,0.0
D,83560,quiet_pre,0.4441,U,0,0,0.0
D,83657,quiet_pre,0.4441,U,0,0,0.0
D,83752,quiet_pre,0.4441,S,0,0,0.0
D,83848,quiet_pre,0.4442,U,0,0,0.0
D,83944,quiet_pre,0.4442,U,0,0,0.0
D,84038,quiet_pre,0.4442,S,0,0,0.0
D,84134,quiet_pre,0.4442,S,0,0,0.0
D,84229,quiet_pre,0.4442,S,0,0,0.0
D,84325,quiet_pre,0.4442,S,0,0,0.0
D,84421,quiet_pre,0.4443,S,0,0,0.0
D,84517,quiet_pre,0.4443,S,0,0,0.0
D,84613,quiet_pre,0.4443,S,0,0,0.0
D,84709,quiet_pre,0.4444,U,0,0,0.0
D,84804,quiet_pre,0.4444,U,0,0,0.0
D,84901,quiet_pre,0.4444,S,0,0,0.0
D,84994,quiet_pre,0.4444,S,0,0,0.0
D,85090,quiet_pre,0.4445,U,0,0,0.0
D,85186,quiet_pre,0.4445,S,0,0,0.0
D,85282,quiet_pre,0.4445,S,0,0,0.0
D,85378,quiet_pre,0.4445,S,0,0,0.0
D,85473,quiet_pre,0.4446,U,0,0,0.0
D,85569,quiet_pre,0.4446,S,0,0,0.0
D,85665,quiet_pre,0.4446,S,0,0,0.0
D,85761,quiet_pre,0.4447,U,0,0,0.0
D,85855,quiet_pre,0.4447,U,0,0,0.0
D,85951,quiet_pre,0.4448,U,0,0,0.0
D,86052,quiet_pre,0.4448,U,0,0,0.0
D,86142,quiet_pre,0.4448,U,0,0,0.0
D,86238,quiet_pre,0.4449,U,0,0,0.0
D,86334,quiet_pre,0.4449,U,0,0,0.0
D,86430,quiet_pre,0.4449,S,0,0,0.0
D,86526,quiet_pre,0.4450,U,0,0,0.0
D,86622,quiet_pre,0.4450,U,0,0,0.0
D,86716,quiet_pre,0.4450,S,0,0,0.0
D,86811,quiet_pre,0.4450,S,0,0,0.0
D,86907,quiet_pre,0.4450,S,0,0,0.0
D,87003,quiet_pre,0.4451,S,0,0,0.0
D,87099,quiet_pre,0.4451,S,0,0,0.0
D,87195,quiet_pre,0.4451,S,0,0,0.0
D,87290,quiet_pre,0.4452,U,0,0,0.0
D,87386,quiet_pre,0.4452,U,0,0,0.0
D,87482,quiet_pre,0.4452,S,0,0,0.0
D,87576,quiet_pre,0.4453,U,0,0,0.0
D,87672,quiet_pre,0.4453,U,0,0,0.0
D,87768,quiet_pre,0.4453,S,0,0,0.0
D,87864,quiet_pre,0.4454,U,0,0,0.0
D,87960,quiet_pre,0.4454,U,0,0,0.0
D,88055,quiet_pre,0.4455,U,0,0,0.0
D,88151,quiet_pre,0.4455,U,0,0,0.0
D,88247,quiet_pre,0.4455,U,0,0,0.0
D,88343,quiet_pre,0.4455,S,0,0,0.0
D,88439,quiet_pre,0.4456,U,0,0,0.0
D,88533,quiet_pre,0.4456,S,0,0,0.0
D,88628,quiet_pre,0.4456,S,0,0,0.0
D,88724,quiet_pre,0.4457,U,0,0,0.0
D,88820,quiet_pre,0.4457,U,0,0,0.0
D,88916,quiet_pre,0.4457,S,0,0,0.0
D,89012,quiet_pre,0.4458,U,0,0,0.0
D,89108,quiet_pre,0.4458,U,0,0,0.0
D,89203,quiet_pre,0.4458,S,0,0,0.0
D,89299,quiet_pre,0.4459,U,0,0,0.0
D,89393,quiet_pre,0.4459,U,0,0,0.0
D,89489,quiet_pre,0.4459,S,0,0,0.0
D,89585,quiet_pre,0.4460,U,0,0,0.0
D,89681,quiet_pre,0.4460,U,0,0,0.0
D,89777,quiet_pre,0.4461,U,0,0,0.0
D,89872,quiet_pre,0.4461,U,0,0,0.0
D,89968,quiet_pre,0.4461,U,0,0,0.0
D,90064,quiet_pre,0.4462,U,0,0,0.0
D,90160,quiet_pre,0.4462,U,0,0,0.0
D,90254,quiet_pre,0.4462,S,0,0,0.0
D,90350,quiet_pre,0.4463,U,0,0,0.0
D,90445,quiet_pre,0.4463,U,0,0,0.0
D,90541,quiet_pre,0.4463,S,0,0,0.0
D,90637,quiet_pre,0.4464,U,0,0,0.0
D,90733,quiet_pre,0.4464,U,0,0,0.0
D,90829,quiet_pre,0.4464,S,0,0,0.0
D,90925,quiet_pre,0.4464,S,0,0,0.0
D,91021,quiet_pre,0.4465,U,0,0,0.0
D,91116,quiet_pre,0.4465,S,0,0,0.0
D,91210,quiet_pre,0.4465,S,0,0,0.0
D,91306,quiet_pre,0.4465,S,0,0,0.0
D,91402,quiet_pre,0.4466,U,0,0,0.0
D,91498,quiet_pre,0.4466,S,0,0,0.0
D,91594,quiet_pre,0.4466,S,0,0,0.0
D,91689,quiet_pre,0.4466,S,0,0,0.0
D,91785,quiet_pre,0.4466,S,0,0,0.0
D,91881,quiet_pre,0.4467,S,0,0,0.0
D,91977,quiet_pre,0.4467,S,0,0,0.0
D,92071,quiet_pre,0.4467,S,0,0,0.0
D,92167,quiet_pre,0.4467,S,0,0,0.0
D,92262,quiet_pre,0.4468,U,0,0,0.0
D,92358,quiet_pre,0.4468,S,0,0,0.0
D,92454,quiet_pre,0.4468,S,0,0,0.0
D,92550,quiet_pre,0.4468,S,0,0,0.0
D,92646,quiet_pre,0.4469,U,0,0,0.0
D,92742,quiet_pre,0.4469,S,0,0,0.0
D,92838,quiet_pre,0.4469,S,0,0,0.0
D,92931,quiet_pre,0.4469,S,0,0,0.0
D,93027,quiet_pre,0.4469,S,0,0,0.0
D,93123,quiet_pre,0.4469,S,0,0,0.0
D,93219,quiet_pre,0.4469,S,0,0,0.0
D,93315,quiet_pre,0.4469,S,0,0,0.0
D,93411,quiet_pre,0.4469,S,0,0,0.0
D,93507,quiet_pre,0.4469,S,0,0,0.0
D,93603,quiet_pre,0.4469,S,0,0,0.0
D,93698,quiet_pre,0.4469,S,0,0,0.0
D,93794,quiet_pre,0.4469,S,0,0,0.0
D,93888,quiet_pre,0.4469,S,0,0,0.0
D,93984,quiet_pre,0.4469,S,0,0,0.0
D,94080,quiet_pre,0.4470,S,0,0,0.0
D,94176,quiet_pre,0.4470,S,0,0,0.0
D,94272,quiet_pre,0.4470,S,0,0,0.0
D,94367,quiet_pre,0.4470,S,0,0,0.0
D,94463,quiet_pre,0.4470,S,0,0,0.0
D,94559,quiet_pre,0.4470,S,0,0,0.0
D,94655,quiet_pre,0.4470,S,0,0,0.0
D,94749,quiet_pre,0.4470,S,0,0,0.0
D,94845,quiet_pre,0.4470,S,0,0,0.0
D,94941,quiet_pre,0.4470,S,0,0,0.0
D,95037,quiet_pre,0.4471,S,0,0,0.0
D,95132,quiet_pre,0.4471,S,0,0,0.0
D,95228,quiet_pre,0.4471,S,0,0,0.0
D,95324,quiet_pre,0.4471,S,0,0,0.0
D,95420,quiet_pre,0.4471,S,0,0,0.0
D,95516,quiet_pre,0.4471,S,0,0,0.0
D,95610,quiet_pre,0.4471,S,0,0,0.0
D,95706,quiet_pre,0.4471,S,0,0,0.0
D,95801,quiet_pre,0.4471,S,0,0,0.0
D,95897,quiet_pre,0.4471,S,0,0,0.0
D,95993,quiet_pre,0.4471,S,0,0,0.0
D,96089,quiet_pre,0.4471,S,0,0,0.0
D,96185,quiet_pre,0.4471,S,0,0,0.0
D,96281,quiet_pre,0.4471,S,0,0,0.0
D,96377,quiet_pre,0.4471,S,0,0,0.0
D,96473,quiet_pre,0.4472,S,0,0,0.0
D,96566,quiet_pre,0.4472,S,0,0,0.0
D,96662,quiet_pre,0.4472,S,0,0,0.0
D,96758,quiet_pre,0.4472,S,0,0,0.0
D,96854,quiet_pre,0.4472,S,0,0,0.0
D,96950,quiet_pre,0.4472,S,0,0,0.0
D,97046,quiet_pre,0.4472,S,0,0,0.0
D,97142,quiet_pre,0.4472,S,0,0,0.0
D,97237,quiet_pre,0.4472,S,0,0,0.0
D,97333,quiet_pre,0.4472,S,0,0,0.0
D,97427,quiet_pre,0.4472,S,0,0,0.0
D,97523,quiet_pre,0.4472,S,0,0,0.0
D,97619,quiet_pre,0.4472,S,0,0,0.0
D,97715,quiet_pre,0.4472,S,0,0,0.0
D,97811,quiet_pre,0.4473,S,0,0,0.0
D,97906,quiet_pre,0.4473,S,0,0,0.0
D,98002,quiet_pre,0.4473,S,0,0,0.0
D,98098,quiet_pre,0.4473,S,0,0,0.0
D,98194,quiet_pre,0.4473,S,0,0,0.0
D,98288,quiet_pre,0.4473,S,0,0,0.0
D,98384,quiet_pre,0.4473,S,0,0,0.0
D,98480,quiet_pre,0.4473,S,0,0,0.0
D,98575,quiet_pre,0.4473,S,0,0,0.0
D,98677,quiet_pre,0.4474,S,0,0,0.0
D,98767,quiet_pre,0.4474,S,0,0,0.0
D,98863,quiet_pre,0.4474,S,0,0,0.0
D,98959,quiet_pre,0.4474,S,0,0,0.0
D,99055,quiet_pre,0.4474,S,0,0,0.0
D,99149,quiet_pre,0.4474,S,0,0,0.0
D,99244,quiet_pre,0.4474,S,0,0,0.0
D,99340,quiet_pre,0.4474,S,0,0,0.0
D,99436,quiet_pre,0.4474,S,0,0,0.0
D,99532,quiet_pre,0.4474,S,0,0,0.0
D,99628,quiet_pre,0.4474,S,0,0,0.0
D,99724,quiet_pre,0.4474,S,0,0,0.0
D,99819,quiet_pre,0.4474,S,0,0,0.0
D,99915,quiet_pre,0.4475,S,0,0,0.0
D,100011,quiet_pre,0.4475,S,0,0,0.0
D,100105,quiet_pre,0.4475,S,0,0,0.0
D,100201,quiet_pre,0.4475,S,0,0,0.0
D,100297,quiet_pre,0.4475,S,0,0,0.0
D,100392,quiet_pre,0.4475,S,0,0,0.0
D,100488,quiet_pre,0.4475,S,0,0,0.0
D,100584,quiet_pre,0.4475,S,0,0,0.0
D,100680,quiet_pre,0.4475,S,0,0,0.0
D,100776,quiet_pre,0.4475,S,0,0,0.0
D,100872,quiet_pre,0.4476,S,0,0,0.0
D,100966,quiet_pre,0.4476,S,0,0,0.0
D,101061,quiet_pre,0.4476,S,0,0,0.0
D,101157,quiet_pre,0.4476,S,0,0,0.0
D,101253,quiet_pre,0.4476,S,0,0,0.0
D,101349,quiet_pre,0.4476,S,0,0,0.0
D,101444,quiet_pre,0.4481,U,0,0,0.0
D,101540,quiet_pre,0.4481,U,0,0,0.0
D,101636,quiet_pre,0.4482,U,0,0,0.0
D,101731,quiet_pre,0.4482,U,0,0,0.0
D,101825,quiet_pre,0.4483,U,0,0,0.0
D,101921,quiet_pre,0.4483,U,0,0,0.0
D,102017,quiet_pre,0.4483,U,0,0,0.0
D,102113,quiet_pre,0.4484,U,0,0,0.0
D,102209,quiet_pre,0.4484,U,0,0,0.0
D,102304,quiet_pre,0.4485,U,0,0,0.0
D,102400,quiet_pre,0.4485,U,0,0,0.0
D,102496,quiet_pre,0.4485,U,0,0,0.0
D,102592,quiet_pre,0.4486,U,0,0,0.0
D,102688,quiet_pre,0.4486,U,0,0,0.0
D,102782,quiet_pre,0.4486,S,0,0,0.0
D,102877,quiet_pre,0.4486,S,0,0,0.0
D,102973,quiet_pre,0.4486,S,0,0,0.0
D,103069,quiet_pre,0.4486,S,0,0,0.0
D,103165,quiet_pre,0.4485,S,0,0,0.0
D,103261,quiet_pre,0.4485,S,0,0,0.0
D,103357,quiet_pre,0.4485,S,0,0,0.0
D,103453,quiet_pre,0.4485,S,0,0,0.0
D,103548,quiet_pre,0.4485,S,0,0,0.0
D,103643,quiet_pre,0.4485,S,0,0,0.0
D,103738,quiet_pre,0.4485,S,0,0,0.0
D,103834,quiet_pre,0.4485,S,0,0,0.0
D,103930,quiet_pre,0.4485,S,0,0,0.0
D,104026,quiet_pre,0.4485,S,0,0,0.0
D,104122,quiet_pre,0.4485,S,0,0,0.0
D,104217,quiet_pre,0.4485,S,0,0,0.0
D,104313,quiet_pre,0.4484,S,0,0,0.0
D,104409,quiet_pre,0.4484,S,0,0,0.0
D,104503,quiet_pre,0.4484,S,0,0,0.0
D,104599,quiet_pre,0.4484,S,0,0,0.0
D,104695,quiet_pre,0.4484,S,0,0,0.0
D,104791,quiet_pre,0.4484,S,0,0,0.0
D,104887,quiet_pre,0.4484,S,0,0,0.0
D,104982,quiet_pre,0.4484,S,0,0,0.0
D,105078,quiet_pre,0.4484,S,0,0,0.0
D,105174,quiet_pre,0.4484,S,0,0,0.0
D,105270,quiet_pre,0.4484,S,0,0,0.0
D,105366,quiet_pre,0.4484,S,0,0,0.0
D,105460,quiet_pre,0.4484,S,0,0,0.0
D,105556,quiet_pre,0.4484,S,0,0,0.0
D,105651,quiet_pre,0.4484,S,0,0,0.0
D,105747,quiet_pre,0.4484,S,0,0,0.0
D,105843,quiet_pre,0.4484,S,0,0,0.0
D,105939,quiet_pre,0.4484,S,0,0,0.0
D,106035,quiet_pre,0.4484,S,0,0,0.0
D,106131,quiet_pre,0.4484,S,0,0,0.0
D,106227,quiet_pre,0.4484,S,0,0,0.0
D,106321,quiet_pre,0.4484,S,0,0,0.0
D,106416,quiet_pre,0.4484,S,0,0,0.0
D,106512,quiet_pre,0.4484,S,0,0,0.0
D,106608,quiet_pre,0.4484,S,0,0,0.0
D,106704,quiet_pre,0.4484,S,0,0,0.0
D,106799,quiet_pre,0.4488,U,0,0,0.0
D,106895,quiet_pre,0.4488,U,0,0,0.0
D,106991,quiet_pre,0.4489,U,0,0,0.0
D,107087,quiet_pre,0.4489,U,0,0,0.0
D,107181,quiet_pre,0.4489,U,0,0,0.0
D,107276,quiet_pre,0.4490,U,0,0,0.0
D,107372,quiet_pre,0.4490,U,0,0,0.0
D,107468,quiet_pre,0.4490,S,0,0,0.0
D,107564,quiet_pre,0.4491,U,0,0,0.0
D,107660,quiet_pre,0.4491,U,0,0,0.0
D,107756,quiet_pre,0.4491,S,0,0,0.0
D,107851,quiet_pre,0.4491,S,0,0,0.0
D,107948,quiet_pre,0.4492,U,0,0,0.0
D,108041,quiet_pre,0.4492,S,0,0,0.0
D,108137,quiet_pre,0.4492,S,0,0,0.0
D,108233,quiet_pre,0.4492,S,0,0,0.0
D,108329,quiet_pre,0.4492,S,0,0,0.0
D,108425,quiet_pre,0.4492,S,0,0,0.0
D,108520,quiet_pre,0.4493,S,0,0,0.0
D,108616,quiet_pre,0.4493,S,0,0,0.0
D,108712,quiet_pre,0.4493,S,0,0,0.0
D,108808,quiet_pre,0.4493,S,0,0,0.0
D,108904,quiet_pre,0.4493,S,0,0,0.0
D,108998,quiet_pre,0.4493,S,0,0,0.0
D,109094,quiet_pre,0.4493,S,0,0,0.0
D,109189,quiet_pre,0.4493,S,0,0,0.0
D,109285,quiet_pre,0.4493,S,0,0,0.0
D,109381,quiet_pre,0.4494,S,0,0,0.0
D,109477,quiet_pre,0.4494,S,0,0,0.0
D,109573,quiet_pre,0.4494,S,0,0,0.0
D,109669,quiet_pre,0.4494,S,0,0,0.0
D,109765,quiet_pre,0.4494,S,0,0,0.0
D,109858,quiet_pre,0.4494,S,0,0,0.0
D,109954,quiet_pre,0.4494,S,0,0,0.0
D,110050,quiet_pre,0.4494,S,0,0,0.0
D,110146,quiet_pre,0.4495,S,0,0,0.0
D,110242,quiet_pre,0.4497,U,0,0,0.0
D,110337,quiet_pre,0.4497,U,0,0,0.0
D,110433,quiet_pre,0.4497,U,0,0,0.0
D,110529,quiet_pre,0.4498,U,0,0,0.0
D,110625,quiet_pre,0.4498,U,0,0,0.0
D,110719,quiet_pre,0.4499,U,0,0,0.0
D,110815,quiet_pre,0.4499,U,0,0,0.0
D,110910,quiet_pre,0.4500,U,0,0,0.0
D,111006,quiet_pre,0.4500,U,0,0,0.0
D,111102,quiet_pre,0.4501,U,0,0,0.0
D,111198,quiet_pre,0.4501,U,0,0,0.0
D,111300,quiet_pre,0.4501,U,0,0,0.0
D,111390,quiet_pre,0.4501,S,0,0,0.0
D,111486,quiet_pre,0.4502,U,0,0,0.0
D,111582,quiet_pre,0.4502,S,0,0,0.0
D,111675,quiet_pre,0.4502,S,0,0,0.0
D,111771,quiet_pre,0.4501,S,0,0,0.0
D,111867,quiet_pre,0.4501,S,0,0,0.0
D,111963,quiet_pre,0.4501,S,0,0,0.0
D,112059,quiet_pre,0.4501,S,0,0,0.0
D,112155,quiet_pre,0.4501,S,0,0,0.0
D,112250,quiet_pre,0.4501,S,0,0,0.0
D,112345,quiet_pre,0.4500,S,0,0,0.0
D,112441,quiet_pre,0.4500,S,0,0,0.0
D,112535,quiet_pre,0.4500,S,0,0,0.0
D,112631,quiet_pre,0.4500,S,0,0,0.0
D,112727,quiet_pre,0.4500,S,0,0,0.0
D,112823,quiet_pre,0.4500,S,0,0,0.0
D,112920,quiet_pre,0.4499,S,0,0,0.0
D,113016,quiet_pre,0.4499,S,0,0,0.0
D,113111,quiet_pre,0.4497,U,0,0,0.0
D,113207,quiet_pre,0.4496,U,0,0,0.0
D,113303,quiet_pre,0.4496,U,0,0,0.0
D,113397,quiet_pre,0.4495,U,0,0,0.0
D,113492,quiet_pre,0.4495,U,0,0,0.0
D,113588,quiet_pre,0.4495,U,0,0,0.0
D,113684,quiet_pre,0.4495,S,0,0,0.0
D,113780,quiet_pre,0.4494,U,0,0,0.0
D,113876,quiet_pre,0.4494,S,0,0,0.0
D,113972,quiet_pre,0.4494,S,0,0,0.0
D,114068,quiet_pre,0.4493,U,0,0,0.0
D,114163,quiet_pre,0.4493,U,0,0,0.0
D,114259,quiet_pre,0.4493,S,0,0,0.0
D,114353,quiet_pre,0.4493,S,0,0,0.0
D,114449,quiet_pre,0.4492,U,0,0,0.0
D,114545,quiet_pre,0.4492,S,0,0,0.0
D,114641,quiet_pre,0.4492,S,0,0,0.0
D,114736,quiet_pre,0.4491,U,0,0,0.0
D,114832,quiet_pre,0.4491,U,0,0,0.0
D,114928,quiet_pre,0.4491,S,0,0,0.0
D,115024,quiet_pre,0.4490,U,0,0,0.0
D,115120,quiet_pre,0.4490,U,0,0,0.0
D,115214,quiet_pre,0.4490,S,0,0,0.0
D,115309,quiet_pre,0.4490,S,0,0,0.0
D,115405,quiet_pre,0.4489,U,0,0,0.0
D,115501,quiet_pre,0.4489,S,0,0,0.0
D,115597,quiet_pre,0.4489,S,0,0,0.0
D,115693,quiet_pre,0.4489,S,0,0,0.0
D,115789,quiet_pre,0.4488,U,0,0,0.0
D,115885,quiet_pre,0.4488,S,0,0,0.0
D,115980,quiet_pre,0.4488,S,0,0,0.0
D,116074,quiet_pre,0.4489,S,0,0,0.0
D,116170,quiet_pre,0.4489,S,0,0,0.0
D,116266,quiet_pre,0.4489,S,0,0,0.0
D,116362,quiet_pre,0.4489,S,0,0,0.0
D,116458,quiet_pre,0.4489,S,0,0,0.0
D,116554,quiet_pre,0.4489,S,0,0,0.0
D,116649,quiet_pre,0.4489,S,0,0,0.0
D,116745,quiet_pre,0.4489,S,0,0,0.0
D,116841,quiet_pre,0.4490,S,0,0,0.0
D,116937,quiet_pre,0.4490,S,0,0,0.0
D,117031,quiet_pre,0.4490,S,0,0,0.0
D,117127,quiet_pre,0.4490,S,0,0,0.0
D,117223,quiet_pre,0.4491,U,0,0,0.0
D,117318,quiet_pre,0.4494,U,0,0,0.0
D,117414,quiet_pre,0.4495,U,0,0,0.0
D,117510,quiet_pre,0.4495,U,0,0,0.0
D,117606,quiet_pre,0.4496,U,0,0,0.0
D,117702,quiet_pre,0.4497,U,0,0,0.0
D,117798,quiet_pre,0.4497,U,0,0,0.0
D,117891,quiet_pre,0.4498,U,0,0,0.0
D,117987,quiet_pre,0.4498,U,0,0,0.0
D,118083,quiet_pre,0.4499,U,0,0,0.0
D,118179,quiet_pre,0.4499,U,0,0,0.0
D,118274,quiet_pre,0.4500,U,0,0,0.0
D,118370,quiet_pre,0.4500,U,0,0,0.0
D,118466,quiet_pre,0.4501,U,0,0,0.0
D,118562,quiet_pre,0.4501,U,0,0,0.0
D,118658,quiet_pre,0.4501,U,0,0,0.0
D,118752,quiet_pre,0.4502,U,0,0,0.0
D,118848,quiet_pre,0.4502,U,0,0,0.0
D,118944,quiet_pre,0.4502,S,0,0,0.0
D,119040,quiet_pre,0.4503,U,0,0,0.0
D,119135,quiet_pre,0.4503,U,0,0,0.0
D,119231,quiet_pre,0.4504,U,0,0,0.0
D,119327,quiet_pre,0.4504,U,0,0,0.0
D,119423,quiet_pre,0.4505,U,0,0,0.0
D,119519,quiet_pre,0.4505,U,0,0,0.0
D,119613,quiet_pre,0.4506,U,0,0,0.0
D,119708,quiet_pre,0.4506,U,0,0,0.0
D,119804,quiet_pre,0.4507,U,0,0,0.0
D,119900,quiet_pre,0.4508,U,0,0,0.0
D,119996,quiet_pre,0.4508,U,0,0,0.0
D,120092,quiet_pre,0.4509,U,0,0,0.0
D,120188,quiet_pre,0.4510,U,0,0,0.0
D,120283,quiet_pre,0.4510,U,0,0,0.0
D,120379,quiet_pre,0.4511,U,0,0,0.0
D,120475,quiet_pre,0.4511,U,0,0,0.0
D,120569,quiet_pre,0.4512,U,0,0,0.0
D,120665,quiet_pre,0.4512,U,0,0,0.0
D,120761,quiet_pre,0.4512,U,0,0,0.0
D,120857,quiet_pre,0.4512,S,0,0,0.0
D,120953,quiet_pre,0.4513,U,0,0,0.0
D,121048,quiet_pre,0.4513,S,0,0,0.0
D,121144,quiet_pre,0.4513,S,0,0,0.0
D,121240,quiet_pre,0.4513,S,0,0,0.0
D,121336,quiet_pre,0.4513,S,0,0,0.0
D,121430,quiet_pre,0.4512,S,0,0,0.0
D,121526,quiet_pre,0.4512,S,0,0,0.0
D,121621,quiet_pre,0.4512,S,0,0,0.0
D,121717,quiet_pre,0.4512,S,0,0,0.0
D,121813,quiet_pre,0.4512,S,0,0,0.0
D,121909,quiet_pre,0.4512,S,0,0,0.0
D,122005,quiet_pre,0.4512,S,0,0,0.0
D,122101,quiet_pre,0.4512,S,0,0,0.0
D,122197,quiet_pre,0.4512,S,0,0,0.0
D,122290,quiet_pre,0.4512,S,0,0,0.0
D,122386,quiet_pre,0.4511,S,0,0,0.0
D,122482,quiet_pre,0.4511,S,0,0,0.0
D,122578,quiet_pre,0.4511,S,0,0,0.0
D,122674,quiet_pre,0.4511,S,0,0,0.0
D,122770,quiet_pre,0.4511,S,0,0,0.0
D,122866,quiet_pre,0.4511,S,0,0,0.0
D,122962,quiet_pre,0.4510,S,0,0,0.0
D,123057,quiet_pre,0.4510,S,0,0,0.0
D,123153,quiet_pre,0.4510,S,0,0,0.0
D,123247,quiet_pre,0.4510,S,0,0,0.0
D,123343,quiet_pre,0.4510,S,0,0,0.0
D,123438,quiet_pre,0.4508,U,0,0,0.0
D,123534,quiet_pre,0.4508,U,0,0,0.0
D,123630,quiet_pre,0.4508,U,0,0,0.0
D,123726,quiet_pre,0.4508,U,0,0,0.0
D,123833,quiet_pre,0.4507,U,0,0,0.0
D,124014,quiet_pre,0.4507,S,0,0,0.0
D,124107,quiet_pre,0.4507,S,0,0,0.0
D,124203,quiet_pre,0.4507,S,0,0,0.0
D,124299,quiet_pre,0.4507,S,0,0,0.0
D,124395,quiet_pre,0.4507,S,0,0,0.0
D,124491,quiet_pre,0.4507,S,0,0,0.0
D,124587,quiet_pre,0.4507,S,0,0,0.0
D,124683,quiet_pre,0.4506,S,0,0,0.0
D,124778,quiet_pre,0.4506,S,0,0,0.0
D,124874,quiet_pre,0.4506,S,0,0,0.0
D,124968,quiet_pre,0.4506,S,0,0,0.0
E,125030,BLOCK_END,quiet_pre
E,125032,BLOCK_START,tap_single
D,125064,tap_single,0.4506,S,0,0,0.0
D,125160,tap_single,0.4506,S,0,0,0.0
D,125256,tap_single,0.4506,S,0,0,0.0
D,125352,tap_single,0.4506,S,0,0,0.0
D,125448,tap_single,0.4506,S,0,0,0.0
D,125543,tap_single,0.4506,S,0,0,0.0
D,125639,tap_single,0.4506,S,0,0,0.0
D,125735,tap_single,0.4506,S,0,0,0.0
D,125831,tap_single,0.4506,S,0,0,0.0
D,125925,tap_single,0.4506,S,0,0,0.0
D,126021,tap_single,0.4506,S,0,0,0.0
E,126083,TAP,1
D,126215,tap_single,0.4506,S,0,1,0.0
D,126308,tap_single,0.4506,S,0,1,0.0
D,126404,tap_single,0.4506,S,0,1,0.0
D,126500,tap_single,0.4506,S,0,1,0.0
D,126596,tap_single,0.4506,S,0,1,0.0
D,126692,tap_single,0.4506,S,0,1,0.0
D,126785,tap_single,0.4452,U,0,1,0.0
D,126881,tap_single,0.4443,U,0,1,0.0
D,126976,tap_single,0.4459,U,0,1,0.0
D,127072,tap_single,0.4492,U,0,1,0.0
D,127168,tap_single,0.4509,U,0,1,0.0
D,127264,tap_single,0.4546,U,0,1,0.0
D,127360,tap_single,0.4555,U,0,1,0.0
D,127456,tap_single,0.4560,U,0,1,0.0
D,127551,tap_single,0.4562,U,0,1,0.0
D,127645,tap_single,0.4565,U,0,1,0.0
D,127741,tap_single,0.4567,U,0,1,0.0
D,127837,tap_single,0.4568,U,0,1,0.0
D,127933,tap_single,0.4569,U,0,1,0.0
D,128029,tap_single,0.4570,U,0,1,0.0
D,128125,tap_single,0.4571,U,0,1,0.0
D,128220,tap_single,0.4571,U,0,1,0.0
D,128316,tap_single,0.4572,U,0,1,0.0
D,128412,tap_single,0.4572,U,0,1,0.0
D,128506,tap_single,0.4573,U,0,1,0.0
D,128602,tap_single,0.4573,U,0,1,0.0
D,128698,tap_single,0.4573,U,0,1,0.0
D,128794,tap_single,0.4573,S,0,1,0.0
D,128890,tap_single,0.4574,U,0,1,0.0
D,128985,tap_single,0.4574,S,0,1,0.0
D,129081,tap_single,0.4574,S,0,1,0.0
D,129177,tap_single,0.4574,S,0,1,0.0
D,129273,tap_single,0.4573,S,0,1,0.0
D,129369,tap_single,0.4573,S,0,1,0.0
D,129463,tap_single,0.4573,S,0,1,0.0
D,129559,tap_single,0.4573,S,0,1,0.0
D,129654,tap_single,0.4573,S,0,1,0.0
D,129750,tap_single,0.4573,S,0,1,0.0
D,129846,tap_single,0.4573,S,0,1,0.0
D,129942,tap_single,0.4573,S,0,1,0.0
D,130038,tap_single,0.4573,S,0,1,0.0
D,130134,tap_single,0.4572,S,0,1,0.0
D,130230,tap_single,0.4572,S,0,1,0.0
D,130324,tap_single,0.4572,S,0,1,0.0
D,130419,tap_single,0.4572,S,0,1,0.0
D,130515,tap_single,0.4572,S,0,1,0.0
D,130611,tap_single,0.4572,S,0,1,0.0
D,130707,tap_single,0.4572,S,0,1,0.0
D,130803,tap_single,0.4572,S,0,1,0.0
D,130899,tap_single,0.4572,S,0,1,0.0
D,130995,tap_single,0.4572,S,0,1,0.0
D,131090,tap_single,0.4572,S,0,1,0.0
D,131184,tap_single,0.4572,S,0,1,0.0
D,131280,tap_single,0.4572,S,0,1,0.0
D,131376,tap_single,0.4572,S,0,1,0.0
D,131472,tap_single,0.4572,S,0,1,0.0
D,131568,tap_single,0.4572,S,0,1,0.0
D,131664,tap_single,0.4573,S,0,1,0.0
D,131759,tap_single,0.4578,U,0,1,0.0
D,131855,tap_single,0.4579,U,0,1,0.0
D,131951,tap_single,0.4580,U,0,1,0.0
D,132047,tap_single,0.4581,U,0,1,0.0
D,132141,tap_single,0.4582,U,0,1,0.0
E,132203,TAP,2
D,132334,tap_single,0.4584,U,0,2,0.0
D,132428,tap_single,0.4585,U,0,2,0.0
D,132524,tap_single,0.4586,U,0,2,0.0
D,132620,tap_single,0.4587,U,0,2,0.0
D,132716,tap_single,0.4588,U,0,2,0.0
D,132811,tap_single,0.4588,U,0,2,0.0
D,132907,tap_single,0.4590,U,0,2,0.0
D,133001,tap_single,0.4660,U,0,2,0.0
D,133096,tap_single,0.4735,U,0,2,0.0
D,133192,tap_single,0.4808,U,0,2,0.0
D,133288,tap_single,0.4857,U,0,2,0.0
D,133384,tap_single,0.4877,U,0,2,0.0
D,133480,tap_single,0.4882,U,0,2,0.0
D,133576,tap_single,0.4881,U,0,2,0.0
D,133672,tap_single,0.4880,U,0,2,0.0
D,133768,tap_single,0.4880,U,0,2,0.0
D,133861,tap_single,0.4879,U,0,2,0.0
D,133957,tap_single,0.4879,U,0,2,0.0
D,134053,tap_single,0.4878,U,0,2,0.0
D,134149,tap_single,0.4878,U,0,2,0.0
D,134245,tap_single,0.4877,U,0,2,0.0
D,134341,tap_single,0.4877,U,0,2,0.0
D,134437,tap_single,0.4877,U,0,2,0.0
D,134532,tap_single,0.4877,S,0,2,0.0
D,134628,tap_single,0.4877,S,0,2,0.0
D,134724,tap_single,0.4876,S,0,2,0.0
D,134818,tap_single,0.4876,S,0,2,0.0
D,134914,tap_single,0.4876,S,0,2,0.0
D,135010,tap_single,0.4876,S,0,2,0.0
D,135106,tap_single,0.4876,S,0,2,0.0
D,135202,tap_single,0.4876,S,0,2,0.0
D,135297,tap_single,0.4876,S,0,2,0.0
D,135393,tap_single,0.4876,S,0,2,0.0
D,135489,tap_single,0.4876,S,0,2,0.0
D,135585,tap_single,0.4876,S,0,2,0.0
D,135679,tap_single,0.4876,S,0,2,0.0
D,135775,tap_single,0.4876,S,0,2,0.0
D,135871,tap_single,0.4876,S,0,2,0.0
D,135966,tap_single,0.4876,S,0,2,0.0
D,136062,tap_single,0.4876,S,0,2,0.0
D,136158,tap_single,0.4876,S,0,2,0.0
D,136254,tap_single,0.4876,S,0,2,0.0
D,136350,tap_single,0.4876,S,0,2,0.0
D,136446,tap_single,0.4876,S,0,2,0.0
D,136547,tap_single,0.4875,S,0,2,0.0
D,136637,tap_single,0.4875,S,0,2,0.0
D,136731,tap_single,0.4875,S,0,2,0.0
D,136827,tap_single,0.4875,S,0,2,0.0
D,136923,tap_single,0.4875,S,0,2,0.0
D,137019,tap_single,0.4875,S,0,2,0.0
D,137115,tap_single,0.4875,S,0,2,0.0
D,137211,tap_single,0.4875,S,0,2,0.0
D,137306,tap_single,0.4875,S,0,2,0.0
D,137402,tap_single,0.4875,S,0,2,0.0
D,137496,tap_single,0.4875,S,0,2,0.0
D,137592,tap_single,0.4875,S,0,2,0.0
D,137688,tap_single,0.4874,S,0,2,0.0
D,137784,tap_single,0.4874,S,0,2,0.0
D,137879,tap_single,0.4871,U,0,2,0.0
D,137975,tap_single,0.4871,U,0,2,0.0
D,138071,tap_single,0.4871,U,0,2,0.0
D,138167,tap_single,0.4871,U,0,2,0.0
D,138263,tap_single,0.4871,U,0,2,0.0
E,138325,TAP,3
D,138457,tap_single,0.4870,S,0,3,0.0
D,138548,tap_single,0.4870,S,0,3,0.0
D,138644,tap_single,0.4870,S,0,3,0.0
D,138740,tap_single,0.4869,U,0,3,0.0
D,138836,tap_single,0.4867,U,0,3,0.0
D,138931,tap_single,0.4786,U,0,3,0.0
D,139027,tap_single,0.4721,U,0,3,0.0
D,139123,tap_single,0.4655,U,0,3,0.0
D,139217,tap_single,0.4608,U,0,3,0.0
D,139313,tap_single,0.4588,U,0,3,0.0
D,139408,tap_single,0.4585,U,0,3,0.0
D,139504,tap_single,0.4585,U,0,3,0.0
D,139600,tap_single,0.4585,U,0,3,0.0
D,139696,tap_single,0.4586,U,0,3,0.0
D,139792,tap_single,0.4587,U,0,3,0.0
D,139888,tap_single,0.4587,U,0,3,0.0
D,139983,tap_single,0.4588,U,0,3,0.0
D,140078,tap_single,0.4588,U,0,3,0.0
D,140173,tap_single,0.4588,U,0,3,0.0
D,140269,tap_single,0.4588,S,0,3,0.0
D,140365,tap_single,0.4588,S,0,3,0.0
D,140461,tap_single,0.4587,S,0,3,0.0
D,140557,tap_single,0.4587,S,0,3,0.0
D,140653,tap_single,0.4586,U,0,3,0.0
D,140749,tap_single,0.4585,U,0,3,0.0
D,140844,tap_single,0.4584,U,0,3,0.0
D,140940,tap_single,0.4582,U,0,3,0.0
D,141034,tap_single,0.4581,U,0,3,0.0
D,141130,tap_single,0.4580,U,0,3,0.0
D,141226,tap_single,0.4579,U,0,3,0.0
D,141322,tap_single,0.4579,U,0,3,0.0
D,141417,tap_single,0.4578,U,0,3,0.0
D,141513,tap_single,0.4578,U,0,3,0.0
D,141609,tap_single,0.4577,U,0,3,0.0
D,141705,tap_single,0.4576,U,0,3,0.0
D,141801,tap_single,0.4576,U,0,3,0.0
D,141895,tap_single,0.4575,U,0,3,0.0
D,141991,tap_single,0.4574,U,0,3,0.0
D,142086,tap_single,0.4573,U,0,3,0.0
D,142182,tap_single,0.4573,U,0,3,0.0
D,142278,tap_single,0.4572,U,0,3,0.0
D,142374,tap_single,0.4572,U,0,3,0.0
D,142470,tap_single,0.4571,U,0,3,0.0
D,142566,tap_single,0.4571,U,0,3,0.0
D,142662,tap_single,0.4571,U,0,3,0.0
D,142755,tap_single,0.4572,S,0,3,0.0
D,142851,tap_single,0.4572,S,0,3,0.0
D,142947,tap_single,0.4573,U,0,3,0.0
D,143043,tap_single,0.4573,U,0,3,0.0
D,143139,tap_single,0.4574,U,0,3,0.0
D,143235,tap_single,0.4574,U,0,3,0.0
D,143331,tap_single,0.4575,U,0,3,0.0
D,143427,tap_single,0.4575,U,0,3,0.0
D,143522,tap_single,0.4575,U,0,3,0.0
D,143618,tap_single,0.4576,U,0,3,0.0
D,143712,tap_single,0.4576,U,0,3,0.0
D,143808,tap_single,0.4576,S,0,3,0.0
D,143904,tap_single,0.4576,S,0,3,0.0
D,144000,tap_single,0.4576,S,0,3,0.0
D,144095,tap_single,0.4577,S,0,3,0.0
D,144191,tap_single,0.4577,S,0,3,0.0
D,144287,tap_single,0.4576,S,0,3,0.0
D,144383,tap_single,0.4576,S,0,3,0.0
E,144445,TAP,4
D,144577,tap_single,0.4576,S,0,4,0.0
D,144668,tap_single,0.4576,S,0,4,0.0
D,144764,tap_single,0.4576,S,0,4,0.0
D,144860,tap_single,0.4576,S,0,4,0.0
D,144956,tap_single,0.4576,S,0,4,0.0
D,145052,tap_single,0.4575,S,0,4,0.0
D,145147,tap_single,0.4531,U,0,4,0.0
D,145243,tap_single,0.4509,U,0,4,0.0
D,145339,tap_single,0.4495,U,0,4,0.0
D,145433,tap_single,0.4494,U,0,4,0.0
D,145528,tap_single,0.4500,U,0,4,0.0
D,145624,tap_single,0.4508,U,0,4,0.0
D,145720,tap_single,0.4513,U,0,4,0.0
D,145816,tap_single,0.4514,U,0,4,0.0
D,145912,tap_single,0.4515,U,0,4,0.0
D,146008,tap_single,0.4516,U,0,4,0.0
D,146104,tap_single,0.4516,U,0,4,0.0
D,146200,tap_single,0.4517,U,0,4,0.0
D,146296,tap_single,0.4518,U,0,4,0.0
D,146389,tap_single,0.4518,U,0,4,0.0
D,146485,tap_single,0.4519,U,0,4,0.0
D,146581,tap_single,0.4519,U,0,4,0.0
D,146677,tap_single,0.4520,U,0,4,0.0
D,146773,tap_single,0.4520,U,0,4,0.0
D,146869,tap_single,0.4520,U,0,4,0.0
D,146965,tap_single,0.4521,U,0,4,0.0
D,147060,tap_single,0.4521,U,0,4,0.0
D,147156,tap_single,0.4521,S,0,4,0.0
D,147250,tap_single,0.4522,U,0,4,0.0
D,147346,tap_single,0.4522,U,0,4,0.0
D,147442,tap_single,0.4522,S,0,4,0.0
D,147538,tap_single,0.4523,U,0,4,0.0
D,147634,tap_single,0.4524,U,0,4,0.0
D,147729,tap_single,0.4525,U,0,4,0.0
D,147825,tap_single,0.4526,U,0,4,0.0
D,147921,tap_single,0.4527,U,0,4,0.0
D,148017,tap_single,0.4528,U,0,4,0.0
D,148111,tap_single,0.4529,U,0,4,0.0
D,148207,tap_single,0.4530,U,0,4,0.0
D,148303,tap_single,0.4531,U,0,4,0.0
D,148398,tap_single,0.4532,U,0,4,0.0
D,148494,tap_single,0.4533,U,0,4,0.0
D,148590,tap_single,0.4534,U,0,4,0.0
D,148686,tap_single,0.4535,U,0,4,0.0
D,148782,tap_single,0.4536,U,0,4,0.0
D,148878,tap_single,0.4537,U,0,4,0.0
D,148971,tap_single,0.4538,U,0,4,0.0
D,149067,tap_single,0.4539,U,0,4,0.0
D,149163,tap_single,0.4540,U,0,4,0.0
D,149259,tap_single,0.4541,U,0,4,0.0
D,149451,tap_single,0.4542,U,0,4,0.0
D,149547,tap_single,0.4543,U,0,4,0.0
D,149642,tap_single,0.4543,U,0,4,0.0
D,149738,tap_single,0.4543,U,0,4,0.0
D,149834,tap_single,0.4543,S,0,4,0.0
D,149928,tap_single,0.4543,S,0,4,0.0
D,150024,tap_single,0.4544,S,0,4,0.0
D,150120,tap_single,0.4544,S,0,4,0.0
D,150215,tap_single,0.4545,U,0,4,0.0
D,150311,tap_single,0.4546,U,0,4,0.0
D,150407,tap_single,0.4547,U,0,4,0.0
D,150503,tap_single,0.4547,U,0,4,0.0
E,150565,TAP,5
D,150697,tap_single,0.4550,U,0,5,0.0
D,150788,tap_single,0.4551,U,0,5,0.0
D,150885,tap_single,0.4554,U,0,5,0.0
D,150980,tap_single,0.4602,U,0,5,0.0
D,151075,tap_single,0.4600,U,0,5,0.0
D,151172,tap_single,0.4584,U,0,5,0.0
D,151267,tap_single,0.4572,U,0,5,0.0
D,151363,tap_single,0.4546,U,0,5,0.0
D,151459,tap_single,0.4554,U,0,5,0.0
D,151555,tap_single,0.4582,U,0,5,0.0
D,151649,tap_single,0.4598,U,0,5,0.0
D,151745,tap_single,0.4637,U,0,5,0.0
D,151840,tap_single,0.4646,U,0,5,0.0
D,151936,tap_single,0.4648,U,0,5,0.0
D,152032,tap_single,0.4647,U,0,5,0.0
D,152128,tap_single,0.4647,U,0,5,0.0
D,152224,tap_single,0.4647,U,0,5,0.0
D,152320,tap_single,0.4647,S,0,5,0.0
D,152416,tap_single,0.4647,S,0,5,0.0
D,152511,tap_single,0.4647,S,0,5,0.0
D,152605,tap_single,0.4648,S,0,5,0.0
D,152701,tap_single,0.4648,S,0,5,0.0
D,152797,tap_single,0.4649,U,0,5,0.0
D,152893,tap_single,0.4650,U,0,5,0.0
D,152989,tap_single,0.4650,U,0,5,0.0
D,153085,tap_single,0.4651,U,0,5,0.0
D,153181,tap_single,0.4651,U,0,5,0.0
D,153276,tap_single,0.4652,U,0,5,0.0
D,153372,tap_single,0.4652,U,0,5,0.0
D,153466,tap_single,0.4653,U,0,5,0.0
D,153562,tap_single,0.4653,U,0,5,0.0
D,153658,tap_single,0.4654,U,0,5,0.0
D,153754,tap_single,0.4654,U,0,5,0.0
D,153850,tap_single,0.4654,U,0,5,0.0
D,153946,tap_single,0.4655,U,0,5,0.0
D,154041,tap_single,0.4655,U,0,5,0.0
D,154137,tap_single,0.4656,U,0,5,0.0
D,154233,tap_single,0.4656,U,0,5,0.0
D,154327,tap_single,0.4657,U,0,5,0.0
D,154423,tap_single,0.4658,U,0,5,0.0
D,154519,tap_single,0.4658,U,0,5,0.0
D,154615,tap_single,0.4659,U,0,5,0.0
D,154710,tap_single,0.4659,U,0,5,0.0
D,154806,tap_single,0.4659,U,0,5,0.0
D,154902,tap_single,0.4659,S,0,5,0.0
D,154998,tap_single,0.4660,U,0,5,0.0
D,155094,tap_single,0.4660,S,0,5,0.0
D,155190,tap_single,0.4660,S,0,5,0.0
D,155283,tap_single,0.4660,S,0,5,0.0
D,155379,tap_single,0.4659,S,0,5,0.0
D,155475,tap_single,0.4659,S,0,5,0.0
D,155571,tap_single,0.4659,S,0,5,0.0
D,155667,tap_single,0.4658,U,0,5,0.0
D,155763,tap_single,0.4658,U,0,5,0.0
D,155859,tap_single,0.4658,S,0,5,0.0
D,155954,tap_single,0.4657,U,0,5,0.0
D,156050,tap_single,0.4657,U,0,5,0.0
D,156144,tap_single,0.4657,S,0,5,0.0
D,156240,tap_single,0.4657,S,0,5,0.0
D,156336,tap_single,0.4657,S,0,5,0.0
D,156432,tap_single,0.4657,S,0,5,0.0
D,156527,tap_single,0.4656,S,0,5,0.0
D,156623,tap_single,0.4655,U,0,5,0.0
E,156685,TAP,6
D,156817,tap_single,0.4654,U,0,6,0.0
D,156911,tap_single,0.4654,U,0,6,0.0
D,157005,tap_single,0.4654,U,0,6,0.0
D,157100,tap_single,0.4654,S,0,6,0.0
D,157196,tap_single,0.4653,S,0,6,0.0
D,157292,tap_single,0.4652,U,0,6,0.0
D,157388,tap_single,0.4586,U,0,6,0.0
D,157483,tap_single,0.4552,U,0,6,0.0
D,157579,tap_single,0.4529,U,0,6,0.0
D,157675,tap_single,0.4524,U,0,6,0.0
D,157771,tap_single,0.4528,U,0,6,0.0
D,157867,tap_single,0.4535,U,0,6,0.0
D,157961,tap_single,0.4540,U,0,6,0.0
D,158056,tap_single,0.4542,U,0,6,0.0
D,158152,tap_single,0.4543,U,0,6,0.0
D,158248,tap_single,0.4543,U,0,6,0.0
D,158344,tap_single,0.4543,U,0,6,0.0
D,158440,tap_single,0.4543,U,0,6,0.0
D,158536,tap_single,0.4543,S,0,6,0.0
D,158632,tap_single,0.4543,S,0,6,0.0
D,158728,tap_single,0.4543,S,0,6,0.0
D,158821,tap_single,0.4544,S,0,6,0.0
D,158917,tap_single,0.4544,S,0,6,0.0
D,159013,tap_single,0.4545,U,0,6,0.0
D,159109,tap_single,0.4546,U,0,6,0.0
D,159205,tap_single,0.4547,U,0,6,0.0
D,159301,tap_single,0.4548,U,0,6,0.0
D,159397,tap_single,0.4548,U,0,6,0.0
D,159492,tap_single,0.4549,U,0,6,0.0
D,159588,tap_single,0.4549,U,0,6,0.0
D,159682,tap_single,0.4550,U,0,6,0.0
D,159778,tap_single,0.4550,U,0,6,0.0
D,159874,tap_single,0.4551,U,0,6,0.0
D,159970,tap_single,0.4552,U,0,6,0.0
D,160066,tap_single,0.4553,U,0,6,0.0
D,160162,tap_single,0.4556,U,0,6,0.0
D,160257,tap_single,0.4621,U,0,6,0.0
D,160353,tap_single,0.4653,U,0,6,0.0
D,160449,tap_single,0.4671,U,0,6,0.0
D,160543,tap_single,0.4671,U,0,6,0.0
D,160638,tap_single,0.4661,U,0,6,0.0
D,160734,tap_single,0.4652,U,0,6,0.0
D,160830,tap_single,0.4649,U,0,6,0.0
D,160926,tap_single,0.4647,U,0,6,0.0
D,161022,tap_single,0.4629,U,0,6,0.0
D,161118,tap_single,0.4602,U,0,6,0.0
D,161213,tap_single,0.4575,U,0,6,0.0
D,161309,tap_single,0.4563,U,0,6,0.0
D,161405,tap_single,0.4567,U,0,6,0.0
D,161499,tap_single,0.4576,U,0,6,0.0
D,161595,tap_single,0.4578,U,0,6,0.0
D,161691,tap_single,0.4570,U,0,6,0.0
D,161786,tap_single,0.4566,U,0,6,0.0
D,161882,tap_single,0.4564,U,0,6,0.0
D,161978,tap_single,0.4566,U,0,6,0.0
D,162085,tap_single,0.4571,U,0,6,0.0
D,162266,tap_single,0.4621,U,0,6,0.0
D,162360,tap_single,0.4626,U,0,6,0.0
D,162455,tap_single,0.4626,U,0,6,0.0
D,162551,tap_single,0.4625,U,0,6,0.0
D,162647,tap_single,0.4623,U,0,6,0.0
D,162743,tap_single,0.4623,U,0,6,0.0
E,162805,TAP,7
D,162937,tap_single,0.4623,U,0,7,0.0
D,163031,tap_single,0.4623,U,0,7,0.0
D,163126,tap_single,0.4623,S,0,7,0.0
D,163220,tap_single,0.4622,S,0,7,0.0
D,163316,tap_single,0.4621,U,0,7,0.0
D,163412,tap_single,0.4618,U,0,7,0.0
D,163508,tap_single,0.4576,U,0,7,0.0
D,163603,tap_single,0.4570,U,0,7,0.0
D,163699,tap_single,0.4588,U,0,7,0.0
D,163795,tap_single,0.4627,U,0,7,0.0
D,163891,tap_single,0.4673,U,0,7,0.0
D,163987,tap_single,0.4707,U,0,7,0.0
D,164083,tap_single,0.4723,U,0,7,0.0
D,164177,tap_single,0.4726,U,0,7,0.0
D,164272,tap_single,0.4724,U,0,7,0.0
D,164368,tap_single,0.4722,U,0,7,0.0
D,164464,tap_single,0.4721,U,0,7,0.0
D,164560,tap_single,0.4722,U,0,7,0.0
D,164656,tap_single,0.4722,U,0,7,0.0
D,164752,tap_single,0.4722,U,0,7,0.0
D,164848,tap_single,0.4721,S,0,7,0.0
D,164943,tap_single,0.4721,S,0,7,0.0
D,165038,tap_single,0.4720,U,0,7,0.0
D,165133,tap_single,0.4719,U,0,7,0.0
D,165229,tap_single,0.4718,U,0,7,0.0
D,165325,tap_single,0.4717,U,0,7,0.0
D,165421,tap_single,0.4716,U,0,7,0.0
D,165517,tap_single,0.4715,U,0,7,0.0
D,165613,tap_single,0.4714,U,0,7,0.0
D,165708,tap_single,0.4713,U,0,7,0.0
D,165804,tap_single,0.4712,U,0,7,0.0
D,165898,tap_single,0.4712,U,0,7,0.0
D,165994,tap_single,0.4712,U,0,7,0.0
D,166090,tap_single,0.4711,U,0,7,0.0
D,166186,tap_single,0.4711,U,0,7,0.0
D,166282,tap_single,0.4710,U,0,7,0.0
D,166377,tap_single,0.4710,U,0,7,0.0
D,166473,tap_single,0.4708,U,0,7,0.0
D,166569,tap_single,0.4706,U,0,7,0.0
D,166665,tap_single,0.4705,U,0,7,0.0
D,166761,tap_single,0.4704,U,0,7,0.0
D,166855,tap_single,0.4703,U,0,7,0.0
D,166951,tap_single,0.4703,U,0,7,0.0
D,167046,tap_single,0.4703,U,0,7,0.0
D,167142,tap_single,0.4703,U,0,7,0.0
D,167238,tap_single,0.4703,S,0,7,0.0
D,167334,tap_single,0.4704,S,0,7,0.0
D,167430,tap_single,0.4705,U,0,7,0.0
D,167526,tap_single,0.4706,U,0,7,0.0
D,167622,tap_single,0.4707,U,0,7,0.0
D,167715,tap_single,0.4708,U,0,7,0.0
D,167811,tap_single,0.4709,U,0,7,0.0
D,167907,tap_single,0.4709,U,0,7,0.0
D,168003,tap_single,0.4709,U,0,7,0.0
D,168099,tap_single,0.4709,U,0,7,0.0
D,168194,tap_single,0.4678,U,0,7,0.0
D,168290,tap_single,0.4667,U,0,7,0.0
D,168386,tap_single,0.4667,U,0,7,0.0
D,168482,tap_single,0.4678,U,0,7,0.0
D,168576,tap_single,0.4681,U,0,7,0.0
D,168671,tap_single,0.4663,U,0,7,0.0
D,168767,tap_single,0.4563,U,0,7,0.0
D,168863,tap_single,0.4462,U,0,7,0.0
E,168925,TAP,8
D,169057,tap_single,0.4337,U,0,8,0.0
D,169151,tap_single,0.4322,U,0,8,0.0
D,169247,tap_single,0.4321,U,0,8,0.0
D,169342,tap_single,0.4326,U,0,8,0.0
D,169436,tap_single,0.4334,U,0,8,0.0
D,169532,tap_single,0.4351,U,0,8,0.0
D,169628,tap_single,0.4377,U,0,8,0.0
D,169724,tap_single,0.4407,U,0,8,0.0
D,169820,tap_single,0.4432,U,0,8,0.0
D,169915,tap_single,0.4447,U,0,8,0.0
D,170011,tap_single,0.4453,U,0,8,0.0
D,170107,tap_single,0.4454,U,0,8,0.0
D,170203,tap_single,0.4453,U,0,8,0.0
D,170299,tap_single,0.4452,U,0,8,0.0
D,170393,tap_single,0.4452,U,0,8,0.0
D,170489,tap_single,0.4452,U,0,8,0.0
D,170584,tap_single,0.4453,S,0,8,0.0
D,170680,tap_single,0.4453,S,0,8,0.0
D,170776,tap_single,0.4453,S,0,8,0.0
D,170872,tap_single,0.4453,S,0,8,0.0
D,170968,tap_single,0.4453,S,0,8,0.0
D,171064,tap_single,0.4453,S,0,8,0.0
D,171160,tap_single,0.4454,S,0,8,0.0
D,171253,tap_single,0.4454,S,0,8,0.0
D,171349,tap_single,0.4455,U,0,8,0.0
D,171445,tap_single,0.4456,U,0,8,0.0
D,171541,tap_single,0.4457,U,0,8,0.0
D,171637,tap_single,0.4457,U,0,8,0.0
D,171733,tap_single,0.4458,U,0,8,0.0
D,171829,tap_single,0.4459,U,0,8,0.0
D,171924,tap_single,0.4459,U,0,8,0.0
D,172020,tap_single,0.4460,U,0,8,0.0
D,172114,tap_single,0.4461,U,0,8,0.0
D,172210,tap_single,0.4462,U,0,8,0.0
D,172306,tap_single,0.4464,U,0,8,0.0
D,172402,tap_single,0.4466,U,0,8,0.0
D,172498,tap_single,0.4468,U,0,8,0.0
D,172594,tap_single,0.4470,U,0,8,0.0
D,172689,tap_single,0.4472,U,0,8,0.0
D,172785,tap_single,0.4474,U,0,8,0.0
D,172881,tap_single,0.4476,U,0,8,0.0
D,172977,tap_single,0.4478,U,0,8,0.0
D,173071,tap_single,0.4480,U,0,8,0.0
D,173167,tap_single,0.4481,U,0,8,0.0
D,173262,tap_single,0.4483,U,0,8,0.0
D,173358,tap_single,0.4485,U,0,8,0.0
D,173454,tap_single,0.4486,U,0,8,0.0
D,173550,tap_single,0.4488,U,0,8,0.0
D,173646,tap_single,0.4490,U,0,8,0.0
D,173742,tap_single,0.4492,U,0,8,0.0
D,173837,tap_single,0.4494,U,0,8,0.0
D,173932,tap_single,0.4496,U,0,8,0.0
D,174027,tap_single,0.4498,U,0,8,0.0
D,174123,tap_single,0.4501,U,0,8,0.0
D,174219,tap_single,0.4503,U,0,8,0.0
D,174315,tap_single,0.4505,U,0,8,0.0
D,174411,tap_single,0.4506,U,0,8,0.0
D,174506,tap_single,0.4508,U,0,8,0.0
D,174602,tap_single,0.4509,U,0,8,0.0
D,174698,tap_single,0.4511,U,0,8,0.0
D,174792,tap_single,0.4513,U,0,8,0.0
D,174893,tap_single,0.4514,U,0,8,0.0
D,174984,tap_single,0.4516,U,0,8,0.0
E,175046,TAP,9
D,175178,tap_single,0.4520,U,0,9,0.0
D,175271,tap_single,0.4522,U,0,9,0.0
D,175367,tap_single,0.4524,U,0,9,0.0
D,175463,tap_single,0.4525,U,0,9,0.0
D,175559,tap_single,0.4527,U,0,9,0.0
D,175655,tap_single,0.4527,U,0,9,0.0
D,175748,tap_single,0.4526,U,0,9,0.0
D,175844,tap_single,0.4480,U,0,9,0.0
D,175940,tap_single,0.4473,U,0,9,0.0
D,176036,tap_single,0.4482,U,0,9,0.0
D,176131,tap_single,0.4498,U,0,9,0.0
D,176227,tap_single,0.4511,U,0,9,0.0
D,176323,tap_single,0.4515,U,0,9,0.0
D,176419,tap_single,0.4520,U,0,9,0.0
D,176515,tap_single,0.4519,U,0,9,0.0
D,176609,tap_single,0.4519,U,0,9,0.0
D,176705,tap_single,0.4518,U,0,9,0.0
D,176801,tap_single,0.4517,U,0,9,0.0
D,176896,tap_single,0.4517,U,0,9,0.0
D,176992,tap_single,0.4516,U,0,9,0.0
D,177088,tap_single,0.4517,U,0,9,0.0
D,177184,tap_single,0.4517,S,0,9,0.0
D,177280,tap_single,0.4518,U,0,9,0.0
D,177376,tap_single,0.4518,U,0,9,0.0
D,177470,tap_single,0.4519,U,0,9,0.0
D,177565,tap_single,0.4519,U,0,9,0.0
D,177661,tap_single,0.4519,U,0,9,0.0
D,177757,tap_single,0.4519,S,0,9,0.0
D,177853,tap_single,0.4519,S,0,9,0.0
D,177949,tap_single,0.4519,S,0,9,0.0
D,178045,tap_single,0.4520,S,0,9,0.0
D,178140,tap_single,0.4520,S,0,9,0.0
D,178237,tap_single,0.4521,U,0,9,0.0
D,178332,tap_single,0.4522,U,0,9,0.0
D,178426,tap_single,0.4522,U,0,9,0.0
D,178522,tap_single,0.4523,U,0,9,0.0
D,178618,tap_single,0.4524,U,0,9,0.0
D,178714,tap_single,0.4524,U,0,9,0.0
D,178809,tap_single,0.4525,U,0,9,0.0
D,178905,tap_single,0.4526,U,0,9,0.0
D,179001,tap_single,0.4526,U,0,9,0.0
D,179097,tap_single,0.4526,U,0,9,0.0
D,179193,tap_single,0.4526,U,0,9,0.0
D,179287,tap_single,0.4526,S,0,9,0.0
D,179383,tap_single,0.4526,S,0,9,0.0
D,179478,tap_single,0.4526,S,0,9,0.0
D,179574,tap_single,0.4526,S,0,9,0.0
D,179670,tap_single,0.4525,S,0,9,0.0
D,179766,tap_single,0.4525,S,0,9,0.0
D,179862,tap_single,0.4524,U,0,9,0.0
D,179958,tap_single,0.4524,U,0,9,0.0
D,180054,tap_single,0.4523,U,0,9,0.0
D,180148,tap_single,0.4522,U,0,9,0.0
D,180243,tap_single,0.4522,U,0,9,0.0
D,180339,tap_single,0.4521,U,0,9,0.0
D,180435,tap_single,0.4521,U,0,9,0.0
D,180531,tap_single,0.4519,U,0,9,0.0
D,180627,tap_single,0.4519,U,0,9,0.0
D,180723,tap_single,0.4518,U,0,9,0.0
D,180818,tap_single,0.4518,U,0,9,0.0
D,180914,tap_single,0.4518,U,0,9,0.0
D,181008,tap_single,0.4518,S,0,9,0.0
D,181104,tap_single,0.4517,U,0,9,0.0
E,181166,TAP,10
D,181298,tap_single,0.4517,S,0,10,0.0
D,181391,tap_single,0.4517,S,0,10,0.0
D,181487,tap_single,0.4518,S,0,10,0.0
D,181583,tap_single,0.4518,S,0,10,0.0
D,181679,tap_single,0.4518,S,0,10,0.0
D,181775,tap_single,0.4517,S,0,10,0.0
D,181871,tap_single,0.4517,S,0,10,0.0
D,181965,tap_single,0.4517,S,0,10,0.0
D,182060,tap_single,0.4518,S,0,10,0.0
D,182156,tap_single,0.4613,U,0,10,0.0
D,182252,tap_single,0.4678,U,0,10,0.0
D,182348,tap_single,0.4724,U,0,10,0.0
D,182443,tap_single,0.4747,U,0,10,0.0
D,182539,tap_single,0.4754,U,0,10,0.0
D,182635,tap_single,0.4754,U,0,10,0.0
D,182731,tap_single,0.4750,U,0,10,0.0
D,182825,tap_single,0.4745,U,0,10,0.0
D,182921,tap_single,0.4741,U,0,10,0.0
D,183016,tap_single,0.4739,U,0,10,0.0
D,183112,tap_single,0.4738,U,0,10,0.0
D,183208,tap_single,0.4737,U,0,10,0.0
D,183304,tap_single,0.4736,U,0,10,0.0
D,183400,tap_single,0.4735,U,0,10,0.0
D,183496,tap_single,0.4735,U,0,10,0.0
D,183592,tap_single,0.4735,U,0,10,0.0
D,183685,tap_single,0.4735,U,0,10,0.0
D,183781,tap_single,0.4735,S,0,10,0.0
D,183877,tap_single,0.4735,S,0,10,0.0
D,183973,tap_single,0.4735,S,0,10,0.0
D,184069,tap_single,0.4735,S,0,10,0.0
D,184165,tap_single,0.4736,S,0,10,0.0
D,184261,tap_single,0.4736,S,0,10,0.0
D,184356,tap_single,0.4737,U,0,10,0.0
D,184452,tap_single,0.4737,U,0,10,0.0
D,184548,tap_single,0.4737,U,0,10,0.0
D,184642,tap_single,0.4737,S,0,10,0.0
D,184738,tap_single,0.4737,S,0,10,0.0
D,184834,tap_single,0.4736,S,0,10,0.0
D,184930,tap_single,0.4736,S,0,10,0.0
D,185026,tap_single,0.4736,S,0,10,0.0
D,185121,tap_single,0.4737,S,0,10,0.0
D,185217,tap_single,0.4737,S,0,10,0.0
D,185313,tap_single,0.4739,U,0,10,0.0
D,185409,tap_single,0.4740,U,0,10,0.0
D,185503,tap_single,0.4741,U,0,10,0.0
D,185599,tap_single,0.4742,U,0,10,0.0
D,185694,tap_single,0.4742,U,0,10,0.0
D,185790,tap_single,0.4742,U,0,10,0.0
D,185886,tap_single,0.4742,U,0,10,0.0
D,185982,tap_single,0.4742,S,0,10,0.0
D,186078,tap_single,0.4742,S,0,10,0.0
D,186174,tap_single,0.4742,S,0,10,0.0
D,186270,tap_single,0.4741,S,0,10,0.0
D,186363,tap_single,0.4741,S,0,10,0.0
D,186459,tap_single,0.4742,S,0,10,0.0
D,186555,tap_single,0.4742,S,0,10,0.0
D,186651,tap_single,0.4743,U,0,10,0.0
D,186747,tap_single,0.4743,U,0,10,0.0
D,186843,tap_single,0.4744,U,0,10,0.0
D,186938,tap_single,0.4744,U,0,10,0.0
D,187034,tap_single,0.4744,U,0,10,0.0
D,187130,tap_single,0.4743,S,0,10,0.0
D,187226,tap_single,0.4743,S,0,10,0.0
E,187288,TAP,11
D,187420,tap_single,0.4743,S,0,11,0.0
D,187521,tap_single,0.4743,S,0,11,0.0
D,187703,tap_single,0.4743,S,0,11,0.0
D,187799,tap_single,0.4743,S,0,11,0.0
D,187895,tap_single,0.4697,U,0,11,0.0
D,187990,tap_single,0.4653,U,0,11,0.0
D,188086,tap_single,0.4617,U,0,11,0.0
D,188180,tap_single,0.4611,U,0,11,0.0
D,188276,tap_single,0.4635,U,0,11,0.0
D,188372,tap_single,0.4671,U,0,11,0.0
D,188468,tap_single,0.4699,U,0,11,0.0
D,188563,tap_single,0.4713,U,0,11,0.0
D,188659,tap_single,0.4718,U,0,11,0.0
D,188755,tap_single,0.4720,U,0,11,0.0
D,188851,tap_single,0.4720,U,0,11,0.0
D,188947,tap_single,0.4721,U,0,11,0.0
D,189041,tap_single,0.4721,U,0,11,0.0
D,189137,tap_single,0.4721,U,0,11,0.0
D,189233,tap_single,0.4722,U,0,11,0.0
D,189328,tap_single,0.4721,S,0,11,0.0
D,189424,tap_single,0.4721,S,0,11,0.0
D,189520,tap_single,0.4719,U,0,11,0.0
D,189616,tap_single,0.4717,U,0,11,0.0
D,189712,tap_single,0.4715,U,0,11,0.0
D,189808,tap_single,0.4712,U,0,11,0.0
D,189902,tap_single,0.4709,U,0,11,0.0
D,189997,tap_single,0.4707,U,0,11,0.0
D,190093,tap_single,0.4705,U,0,11,0.0
D,190189,tap_single,0.4704,U,0,11,0.0
D,190285,tap_single,0.4703,U,0,11,0.0
D,190381,tap_single,0.4701,U,0,11,0.0
D,190476,tap_single,0.4700,U,0,11,0.0
D,190572,tap_single,0.4700,U,0,11,0.0
D,190669,tap_single,0.4699,U,0,11,0.0
D,190764,tap_single,0.4698,U,0,11,0.0
D,190858,tap_single,0.4697,U,0,11,0.0
D,190954,tap_single,0.4695,U,0,11,0.0
D,191050,tap_single,0.4693,U,0,11,0.0
D,191146,tap_single,0.4690,U,0,11,0.0
D,191242,tap_single,0.4688,U,0,11,0.0
D,191337,tap_single,0.4686,U,0,11,0.0
D,191433,tap_single,0.4684,U,0,11,0.0
D,191529,tap_single,0.4683,U,0,11,0.0
D,191625,tap_single,0.4682,U,0,11,0.0
D,191719,tap_single,0.4681,U,0,11,0.0
D,191815,tap_single,0.4680,U,0,11,0.0
D,191911,tap_single,0.4679,U,0,11,0.0
D,192006,tap_single,0.4678,U,0,11,0.0
D,192102,tap_single,0.4677,U,0,11,0.0
D,192198,tap_single,0.4677,U,0,11,0.0
D,192294,tap_single,0.4676,U,0,11,0.0
D,192390,tap_single,0.4676,U,0,11,0.0
D,192486,tap_single,0.4675,U,0,11,0.0
D,192579,tap_single,0.4675,U,0,11,0.0
D,192675,tap_single,0.4675,U,0,11,0.0
D,192771,tap_single,0.4675,S,0,11,0.0
D,192867,tap_single,0.4675,S,0,11,0.0
D,192963,tap_single,0.4676,S,0,11,0.0
D,193059,tap_single,0.4676,S,0,11,0.0
D,193155,tap_single,0.4676,S,0,11,0.0
D,193250,tap_single,0.4677,U,0,11,0.0
D,193346,tap_single,0.4677,U,0,11,0.0
E,193408,TAP,12
D,193540,tap_single,0.4679,U,0,12,0.0
D,193632,tap_single,0.4679,U,0,12,0.0
D,193728,tap_single,0.4680,U,0,12,0.0
D,193823,tap_single,0.4680,U,0,12,0.0
D,193919,tap_single,0.4680,U,0,12,0.0
D,194015,tap_single,0.4635,U,0,12,0.0
D,194111,tap_single,0.4587,U,0,12,0.0
D,194206,tap_single,0.4533,U,0,12,0.0
D,194302,tap_single,0.4489,U,0,12,0.0
D,194396,tap_single,0.4463,U,0,12,0.0
D,194492,tap_single,0.4455,U,0,12,0.0
D,194588,tap_single,0.4455,U,0,12,0.0
D,194684,tap_single,0.4456,U,0,12,0.0
D,194780,tap_single,0.4456,U,0,12,0.0
D,194875,tap_single,0.4456,U,0,12,0.0
D,194971,tap_single,0.4456,S,0,12,0.0
D,195067,tap_single,0.4456,S,0,12,0.0
D,195163,tap_single,0.4456,S,0,12,0.0
D,195257,tap_single,0.4457,S,0,12,0.0
D,195353,tap_single,0.4458,U,0,12,0.0
D,195449,tap_single,0.4459,U,0,12,0.0
D,195544,tap_single,0.4459,U,0,12,0.0
D,195640,tap_single,0.4460,U,0,12,0.0
D,195736,tap_single,0.4460,U,0,12,0.0
D,195832,tap_single,0.4460,U,0,12,0.0
D,195928,tap_single,0.4459,S,0,12,0.0
D,196024,tap_single,0.4459,S,0,12,0.0
D,196120,tap_single,0.4459,S,0,12,0.0
D,196213,tap_single,0.4458,U,0,12,0.0
D,196309,tap_single,0.4458,U,0,12,0.0
D,196405,tap_single,0.4458,S,0,12,0.0
D,196501,tap_single,0.4458,S,0,12,0.0
D,196597,tap_single,0.4458,S,0,12,0.0
D,196693,tap_single,0.4458,S,0,12,0.0
D,196789,tap_single,0.4458,S,0,12,0.0
D,196885,tap_single,0.4458,S,0,12,0.0
D,196980,tap_single,0.4458,S,0,12,0.0
D,197074,tap_single,0.4458,S,0,12,0.0
D,197170,tap_single,0.4458,S,0,12,0.0
D,197266,tap_single,0.4458,S,0,12,0.0
D,197362,tap_single,0.4458,S,0,12,0.0
D,197458,tap_single,0.4458,S,0,12,0.0
D,197554,tap_single,0.4458,S,0,12,0.0
D,197649,tap_single,0.4458,S,0,12,0.0
D,197745,tap_single,0.4458,S,0,12,0.0
D,197841,tap_single,0.4458,S,0,12,0.0
D,197935,tap_single,0.4459,S,0,12,0.0
D,198031,tap_single,0.4463,U,0,12,0.0
D,198127,tap_single,0.4464,U,0,12,0.0
D,198222,tap_single,0.4466,U,0,12,0.0
D,198318,tap_single,0.4467,U,0,12,0.0
D,198414,tap_single,0.4468,U,0,12,0.0
D,198510,tap_single,0.4470,U,0,12,0.0
D,198606,tap_single,0.4472,U,0,12,0.0
D,198702,tap_single,0.4473,U,0,12,0.0
D,198797,tap_single,0.4475,U,0,12,0.0
D,198891,tap_single,0.4476,U,0,12,0.0
D,198987,tap_single,0.4477,U,0,12,0.0
D,199083,tap_single,0.4478,U,0,12,0.0
D,199179,tap_single,0.4479,U,0,12,0.0
D,199275,tap_single,0.4480,U,0,12,0.0
D,199370,tap_single,0.4481,U,0,12,0.0
D,199466,tap_single,0.4481,U,0,12,0.0
E,199528,TAP,13
D,199660,tap_single,0.4483,U,0,13,0.0
D,199752,tap_single,0.4484,U,0,13,0.0
D,199848,tap_single,0.4485,U,0,13,0.0
D,199949,tap_single,0.4486,U,0,13,0.0
D,200040,tap_single,0.4487,U,0,13,0.0
D,200135,tap_single,0.4487,U,0,13,0.0
D,200231,tap_single,0.4487,U,0,13,0.0
D,200327,tap_single,0.4487,U,0,13,0.0
D,200423,tap_single,0.4488,U,0,13,0.0
D,200519,tap_single,0.4489,U,0,13,0.0
D,200612,tap_single,0.4490,U,0,13,0.0
D,200708,tap_single,0.4537,U,0,13,0.0
D,200804,tap_single,0.4544,U,0,13,0.0
D,200900,tap_single,0.4547,U,0,13,0.0
D,200995,tap_single,0.4550,U,0,13,0.0
D,201091,tap_single,0.4554,U,0,13,0.0
D,201187,tap_single,0.4559,U,0,13,0.0
D,201283,tap_single,0.4562,U,0,13,0.0
D,201379,tap_single,0.4564,U,0,13,0.0
D,201473,tap_single,0.4567,U,0,13,0.0
D,201569,tap_single,0.4569,U,0,13,0.0
D,201665,tap_single,0.4572,U,0,13,0.0
D,201760,tap_single,0.4574,U,0,13,0.0
D,201856,tap_single,0.4575,U,0,13,0.0
D,201952,tap_single,0.4576,U,0,13,0.0
D,202048,tap_single,0.4577,U,0,13,0.0
D,202144,tap_single,0.4577,U,0,13,0.0
D,202240,tap_single,0.4577,U,0,13,0.0
D,202336,tap_single,0.4578,U,0,13,0.0
D,202429,tap_single,0.4578,U,0,13,0.0
D,202525,tap_single,0.4578,S,0,13,0.0
D,202621,tap_single,0.4578,S,0,13,0.0
D,202717,tap_single,0.4578,S,0,13,0.0
D,202813,tap_single,0.4578,S,0,13,0.0
D,202909,tap_single,0.4578,S,0,13,0.0
D,203005,tap_single,0.4578,S,0,13,0.0
D,203101,tap_single,0.4578,S,0,13,0.0
D,203196,tap_single,0.4578,S,0,13,0.0
D,203290,tap_single,0.4578,S,0,13,0.0
D,203386,tap_single,0.4578,S,0,13,0.0
D,203482,tap_single,0.4578,S,0,13,0.0
D,203578,tap_single,0.4577,S,0,13,0.0
D,203674,tap_single,0.4576,U,0,13,0.0
D,203770,tap_single,0.4576,U,0,13,0.0
D,203865,tap_single,0.4575,U,0,13,0.0
D,203961,tap_single,0.4575,U,0,13,0.0
D,204057,tap_single,0.4572,U,0,13,0.0
D,204151,tap_single,0.4570,U,0,13,0.0
D,204247,tap_single,0.4568,U,0,13,0.0
D,204343,tap_single,0.4566,U,0,13,0.0
D,204438,tap_single,0.4564,U,0,13,0.0
D,204534,tap_single,0.4563,U,0,13,0.0
D,204630,tap_single,0.4562,U,0,13,0.0
D,204726,tap_single,0.4561,U,0,13,0.0
D,204822,tap_single,0.4560,U,0,13,0.0
D,204918,tap_single,0.4559,U,0,13,0.0
D,205014,tap_single,0.4558,U,0,13,0.0
D,205107,tap_single,0.4558,U,0,13,0.0
D,205203,tap_single,0.4557,U,0,13,0.0
D,205299,tap_single,0.4557,U,0,13,0.0
D,205395,tap_single,0.4556,U,0,13,0.0
D,205491,tap_single,0.4556,U,0,13,0.0
D,205587,tap_single,0.4556,U,0,13,0.0
E,205649,TAP,14
D,205781,tap_single,0.4557,S,0,14,0.0
D,205874,tap_single,0.4558,U,0,14,0.0
D,205968,tap_single,0.4558,U,0,14,0.0
D,206064,tap_single,0.4559,U,0,14,0.0
D,206160,tap_single,0.4560,U,0,14,0.0
D,206255,tap_single,0.4561,U,0,14,0.0
D,206351,tap_single,0.4561,U,0,14,0.0
D,206447,tap_single,0.4561,U,0,14,0.0
D,206543,tap_single,0.4561,U,0,14,0.0
D,206639,tap_single,0.4562,U,0,14,0.0
D,206734,tap_single,0.4612,U,0,14,0.0
D,206828,tap_single,0.4622,U,0,14,0.0
D,206924,tap_single,0.4625,U,0,14,0.0
D,207020,tap_single,0.4624,U,0,14,0.0
D,207116,tap_single,0.4622,U,0,14,0.0
D,207212,tap_single,0.4620,U,0,14,0.0
D,207307,tap_single,0.4619,U,0,14,0.0
D,207403,tap_single,0.4618,U,0,14,0.0
D,207499,tap_single,0.4617,U,0,14,0.0
D,207595,tap_single,0.4616,U,0,14,0.0
D,207691,tap_single,0.4615,U,0,14,0.0
D,207785,tap_single,0.4614,U,0,14,0.0
D,207881,tap_single,0.4613,U,0,14,0.0
D,207976,tap_single,0.4612,U,0,14,0.0
D,208072,tap_single,0.4612,U,0,14,0.0
D,208168,tap_single,0.4612,U,0,14,0.0
D,208264,tap_single,0.4612,U,0,14,0.0
D,208360,tap_single,0.4612,S,0,14,0.0
D,208456,tap_single,0.4613,S,0,14,0.0
D,208552,tap_single,0.4613,S,0,14,0.0
D,208646,tap_single,0.4614,U,0,14,0.0
D,208741,tap_single,0.4614,U,0,14,0.0
D,208837,tap_single,0.4615,U,0,14,0.0
D,208933,tap_single,0.4616,U,0,14,0.0
D,209029,tap_single,0.4617,U,0,14,0.0
D,209125,tap_single,0.4617,U,0,14,0.0
D,209221,tap_single,0.4618,U,0,14,0.0
D,209317,tap_single,0.4618,U,0,14,0.0
D,209412,tap_single,0.4618,U,0,14,0.0
D,209506,tap_single,0.4620,U,0,14,0.0
D,209602,tap_single,0.4621,U,0,14,0.0
D,209698,tap_single,0.4622,U,0,14,0.0
D,209794,tap_single,0.4623,U,0,14,0.0
D,209890,tap_single,0.4624,U,0,14,0.0
D,209985,tap_single,0.4625,U,0,14,0.0
D,210081,tap_single,0.4626,U,0,14,0.0
D,210177,tap_single,0.4627,U,0,14,0.0
D,210273,tap_single,0.4628,U,0,14,0.0
D,210369,tap_single,0.4629,U,0,14,0.0
D,210463,tap_single,0.4629,U,0,14,0.0
D,210559,tap_single,0.4630,U,0,14,0.0
D,210655,tap_single,0.4630,U,0,14,0.0
D,210750,tap_single,0.4631,U,0,14,0.0
D,210846,tap_single,0.4631,U,0,14,0.0
D,210942,tap_single,0.4630,S,0,14,0.0
D,211038,tap_single,0.4630,S,0,14,0.0
D,211134,tap_single,0.4630,S,0,14,0.0
D,211229,tap_single,0.4630,S,0,14,0.0
D,211323,tap_single,0.4630,S,0,14,0.0
D,211419,tap_single,0.4630,S,0,14,0.0
D,211515,tap_single,0.4630,S,0,14,0.0
D,211611,tap_single,0.4631,S,0,14,0.0
D,211707,tap_single,0.4631,S,0,14,0.0
E,211769,TAP,15
D,211901,tap_single,0.4631,S,0,15,0.0
D,211994,tap_single,0.4631,S,0,15,0.0
D,212090,tap_single,0.4630,S,0,15,0.0
D,212184,tap_single,0.4630,S,0,15,0.0
D,212280,tap_single,0.4630,S,0,15,0.0
D,212381,tap_single,0.4587,U,0,15,0.0
D,212471,tap_single,0.4548,U,0,15,0.0
D,212567,tap_single,0.4507,U,0,15,0.0
D,212663,tap_single,0.4483,U,0,15,0.0
D,212759,tap_single,0.4483,U,0,15,0.0
D,212854,tap_single,0.4499,U,0,15,0.0
D,212950,tap_single,0.4515,U,0,15,0.0
D,213044,tap_single,0.4525,U,0,15,0.0
D,213140,tap_single,0.4527,U,0,15,0.0
D,213236,tap_single,0.4532,U,0,15,0.0
D,213332,tap_single,0.4532,U,0,15,0.0
D,213427,tap_single,0.4531,U,0,15,0.0
D,213523,tap_single,0.4530,U,0,15,0.0
D,213619,tap_single,0.4529,U,0,15,0.0
D,213715,tap_single,0.4528,U,0,15,0.0
D,213811,tap_single,0.4527,U,0,15,0.0
D,213907,tap_single,0.4527,U,0,15,0.0
D,214001,tap_single,0.4527,U,0,15,0.0
D,214097,tap_single,0.4528,S,0,15,0.0
D,214193,tap_single,0.4528,S,0,15,0.0
D,214288,tap_single,0.4529,U,0,15,0.0
D,214384,tap_single,0.4530,U,0,15,0.0
D,214480,tap_single,0.4530,U,0,15,0.0
D,214576,tap_single,0.4530,U,0,15,0.0
D,214672,tap_single,0.4531,U,0,15,0.0
D,214768,tap_single,0.4531,U,0,15,0.0
D,214861,tap_single,0.4531,S,0,15,0.0
D,214957,tap_single,0.4532,U,0,15,0.0
D,215053,tap_single,0.4532,U,0,15,0.0
D,215149,tap_single,0.4533,U,0,15,0.0
D,215245,tap_single,0.4533,U,0,15,0.0
D,215341,tap_single,0.4534,U,0,15,0.0
D,215437,tap_single,0.4534,U,0,15,0.0
D,215533,tap_single,0.4535,U,0,15,0.0
D,215629,tap_single,0.4535,U,0,15,0.0
D,215722,tap_single,0.4536,U,0,15,0.0
D,215818,tap_single,0.4536,U,0,15,0.0
D,215914,tap_single,0.4537,U,0,15,0.0
D,216010,tap_single,0.4537,U,0,15,0.0
D,216106,tap_single,0.4536,S,0,15,0.0
D,216202,tap_single,0.4536,S,0,15,0.0
D,216297,tap_single,0.4536,S,0,15,0.0
D,216393,tap_single,0.4536,S,0,15,0.0
D,216489,tap_single,0.4536,S,0,15,0.0
D,216585,tap_single,0.4536,S,0,15,0.0
D,216679,tap_single,0.4536,S,0,15,0.0
D,216775,tap_single,0.4535,S,0,15,0.0
D,216870,tap_single,0.4535,S,0,15,0.0
D,216966,tap_single,0.4535,S,0,15,0.0
D,217062,tap_single,0.4535,S,0,15,0.0
D,217158,tap_single,0.4535,S,0,15,0.0
D,217254,tap_single,0.4535,S,0,15,0.0
D,217350,tap_single,0.4535,S,0,15,0.0
D,217446,tap_single,0.4535,S,0,15,0.0
D,217539,tap_single,0.4535,S,0,15,0.0
D,217636,tap_single,0.4535,S,0,15,0.0
D,217731,tap_single,0.4535,S,0,15,0.0
D,217827,tap_single,0.4535,S,0,15,0.0
E,217889,TAP,16
D,218021,tap_single,0.4535,S,0,16,0.0
D,218115,tap_single,0.4535,S,0,16,0.0
D,218210,tap_single,0.4535,S,0,16,0.0
D,218306,tap_single,0.4535,S,0,16,0.0
D,218400,tap_single,0.4534,S,0,16,0.0
D,218496,tap_single,0.4531,U,0,16,0.0
D,218591,tap_single,0.4452,U,0,16,0.0
D,218686,tap_single,0.4400,U,0,16,0.0
D,218783,tap_single,0.4353,U,0,16,0.0
D,218879,tap_single,0.4324,U,0,16,0.0
D,218975,tap_single,0.4314,U,0,16,0.0
D,219071,tap_single,0.4313,U,0,16,0.0
D,219166,tap_single,0.4315,U,0,16,0.0
D,219262,tap_single,0.4316,U,0,16,0.0
D,219356,tap_single,0.4315,U,0,16,0.0
D,219452,tap_single,0.4315,U,0,16,0.0
D,219548,tap_single,0.4315,U,0,16,0.0
D,219644,tap_single,0.4315,S,0,16,0.0
D,219739,tap_single,0.4317,U,0,16,0.0
D,219835,tap_single,0.4319,U,0,16,0.0
D,219931,tap_single,0.4321,U,0,16,0.0
D,220027,tap_single,0.4323,U,0,16,0.0
D,220123,tap_single,0.4325,U,0,16,0.0
D,220217,tap_single,0.4327,U,0,16,0.0
D,220313,tap_single,0.4328,U,0,16,0.0
D,220408,tap_single,0.4329,U,0,16,0.0
D,220504,tap_single,0.4330,U,0,16,0.0
D,220600,tap_single,0.4331,U,0,16,0.0
D,220696,tap_single,0.4332,U,0,16,0.0
D,220792,tap_single,0.4332,U,0,16,0.0
D,220888,tap_single,0.4333,U,0,16,0.0
D,220984,tap_single,0.4333,U,0,16,0.0
D,221078,tap_single,0.4334,U,0,16,0.0
D,221173,tap_single,0.4335,U,0,16,0.0
D,221269,tap_single,0.4336,U,0,16,0.0
D,221365,tap_single,0.4339,U,0,16,0.0
D,221461,tap_single,0.4341,U,0,16,0.0
D,221557,tap_single,0.4343,U,0,16,0.0
D,221653,tap_single,0.4345,U,0,16,0.0
D,221749,tap_single,0.4346,U,0,16,0.0
D,221844,tap_single,0.4348,U,0,16,0.0
D,221938,tap_single,0.4348,U,0,16,0.0
D,222034,tap_single,0.4349,U,0,16,0.0
D,222130,tap_single,0.4350,U,0,16,0.0
D,222226,tap_single,0.4350,U,0,16,0.0
D,222322,tap_single,0.4351,U,0,16,0.0
D,222417,tap_single,0.4351,U,0,16,0.0
D,222513,tap_single,0.4351,U,0,16,0.0
D,222609,tap_single,0.4352,U,0,16,0.0
D,222705,tap_single,0.4352,U,0,16,0.0
D,222801,tap_single,0.4352,S,0,16,0.0
D,222895,tap_single,0.4353,U,0,16,0.0
D,222991,tap_single,0.4353,U,0,16,0.0
D,223086,tap_single,0.4353,S,0,16,0.0
D,223182,tap_single,0.4353,S,0,16,0.0
D,223278,tap_single,0.4353,S,0,16,0.0
D,223374,tap_single,0.4354,S,0,16,0.0
D,223470,tap_single,0.4354,S,0,16,0.0
D,223566,tap_single,0.4354,S,0,16,0.0
D,223661,tap_single,0.4354,S,0,16,0.0
D,223755,tap_single,0.4355,U,0,16,0.0
D,223851,tap_single,0.4355,S,0,16,0.0
D,223947,tap_single,0.4356,U,0,16,0.0
E,224009,TAP,17
D,224141,tap_single,0.4357,U,0,17,0.0
D,224235,tap_single,0.4358,U,0,17,0.0
D,224330,tap_single,0.4359,U,0,17,0.0
D,224426,tap_single,0.4360,U,0,17,0.0
D,224522,tap_single,0.4361,U,0,17,0.0
D,224616,tap_single,0.4362,U,0,17,0.0
D,224717,tap_single,0.4363,U,0,17,0.0
D,224808,tap_single,0.4366,U,0,17,0.0
D,224903,tap_single,0.4460,U,0,17,0.0
D,224999,tap_single,0.4521,U,0,17,0.0
D,225095,tap_single,0.4574,U,0,17,0.0
D,225191,tap_single,0.4607,U,0,17,0.0
D,225286,tap_single,0.4623,U,0,17,0.0
D,225382,tap_single,0.4627,U,0,17,0.0
D,225478,tap_single,0.4628,U,0,17,0.0
D,225572,tap_single,0.4627,U,0,17,0.0
D,225668,tap_single,0.4626,U,0,17,0.0
D,225764,tap_single,0.4624,U,0,17,0.0
D,225860,tap_single,0.4623,U,0,17,0.0
D,225956,tap_single,0.4623,U,0,17,0.0
D,226051,tap_single,0.4623,U,0,17,0.0
D,226147,tap_single,0.4624,U,0,17,0.0
D,226243,tap_single,0.4624,S,0,17,0.0
D,226339,tap_single,0.4625,U,0,17,0.0
D,226433,tap_single,0.4626,U,0,17,0.0
D,226529,tap_single,0.4627,U,0,17,0.0
D,226624,tap_single,0.4628,U,0,17,0.0
D,226720,tap_single,0.4629,U,0,17,0.0
D,226816,tap_single,0.4631,U,0,17,0.0
D,226912,tap_single,0.4632,U,0,17,0.0
D,227008,tap_single,0.4633,U,0,17,0.0
D,227104,tap_single,0.4635,U,0,17,0.0
D,227200,tap_single,0.4636,U,0,17,0.0
D,227294,tap_single,0.4636,U,0,17,0.0
D,227389,tap_single,0.4637,U,0,17,0.0
D,227485,tap_single,0.4638,U,0,17,0.0
D,227581,tap_single,0.4639,U,0,17,0.0
D,227677,tap_single,0.4640,U,0,17,0.0
D,227773,tap_single,0.4641,U,0,17,0.0
D,227869,tap_single,0.4642,U,0,17,0.0
D,227965,tap_single,0.4644,U,0,17,0.0
D,228060,tap_single,0.4645,U,0,17,0.0
D,228156,tap_single,0.4645,U,0,17,0.0
D,228250,tap_single,0.4646,U,0,17,0.0
D,228346,tap_single,0.4647,U,0,17,0.0
D,228442,tap_single,0.4648,U,0,17,0.0
D,228538,tap_single,0.4648,U,0,17,0.0
D,228634,tap_single,0.4648,U,0,17,0.0
D,228729,tap_single,0.4648,U,0,17,0.0
D,228825,tap_single,0.4648,S,0,17,0.0
D,228921,tap_single,0.4647,S,0,17,0.0
D,229017,tap_single,0.4647,S,0,17,0.0
D,229111,tap_single,0.4647,S,0,17,0.0
D,229207,tap_single,0.4648,S,0,17,0.0
D,229302,tap_single,0.4648,S,0,17,0.0
D,229398,tap_single,0.4649,U,0,17,0.0
D,229494,tap_single,0.4649,U,0,17,0.0
D,229590,tap_single,0.4649,U,0,17,0.0
D,229686,tap_single,0.4650,U,0,17,0.0
D,229782,tap_single,0.4650,U,0,17,0.0
D,229878,tap_single,0.4650,S,0,17,0.0
D,229971,tap_single,0.4651,U,0,17,0.0
D,230067,tap_single,0.4651,U,0,17,0.0
E,230129,TAP,18
D,230261,tap_single,0.4653,U,0,18,0.0
D,230355,tap_single,0.4654,U,0,18,0.0
D,230451,tap_single,0.4655,U,0,18,0.0
D,230546,tap_single,0.4655,U,0,18,0.0
D,230642,tap_single,0.4655,U,0,18,0.0
D,230737,tap_single,0.4600,U,0,18,0.0
D,230834,tap_single,0.4539,U,0,18,0.0
D,230928,tap_single,0.4473,U,0,18,0.0
D,231023,tap_single,0.4424,U,0,18,0.0
D,231119,tap_single,0.4403,U,0,18,0.0
D,231215,tap_single,0.4401,U,0,18,0.0
D,231311,tap_single,0.4404,U,0,18,0.0
D,231407,tap_single,0.4408,U,0,18,0.0
D,231503,tap_single,0.4411,U,0,18,0.0
D,231598,tap_single,0.4414,U,0,18,0.0
D,231694,tap_single,0.4414,U,0,18,0.0
D,231788,tap_single,0.4414,U,0,18,0.0
D,231884,tap_single,0.4413,U,0,18,0.0
D,231980,tap_single,0.4412,U,0,18,0.0
D,232076,tap_single,0.4410,U,0,18,0.0
D,232172,tap_single,0.4409,U,0,18,0.0
D,232268,tap_single,0.4408,U,0,18,0.0
D,232363,tap_single,0.4407,U,0,18,0.0
D,232459,tap_single,0.4406,U,0,18,0.0
D,232555,tap_single,0.4406,U,0,18,0.0
D,232649,tap_single,0.4406,U,0,18,0.0
D,232745,tap_single,0.4406,U,0,18,0.0
D,232841,tap_single,0.4407,S,0,18,0.0
D,232937,tap_single,0.4408,U,0,18,0.0
D,233032,tap_single,0.4408,U,0,18,0.0
D,233128,tap_single,0.4409,U,0,18,0.0
D,233224,tap_single,0.4409,U,0,18,0.0
D,233320,tap_single,0.4409,U,0,18,0.0
D,233416,tap_single,0.4410,U,0,18,0.0
D,233510,tap_single,0.4410,U,0,18,0.0
D,233606,tap_single,0.4410,S,0,18,0.0
D,233702,tap_single,0.4410,S,0,18,0.0
D,233797,tap_single,0.4411,U,0,18,0.0
D,233893,tap_single,0.4411,S,0,18,0.0
D,233989,tap_single,0.4414,U,0,18,0.0
D,234085,tap_single,0.4416,U,0,18,0.0
D,234181,tap_single,0.4418,U,0,18,0.0
D,234276,tap_single,0.4420,U,0,18,0.0
D,234372,tap_single,0.4422,U,0,18,0.0
D,234466,tap_single,0.4424,U,0,18,0.0
D,234562,tap_single,0.4426,U,0,18,0.0
D,234658,tap_single,0.4428,U,0,18,0.0
D,234754,tap_single,0.4429,U,0,18,0.0
D,234849,tap_single,0.4431,U,0,18,0.0
D,234945,tap_single,0.4433,U,0,18,0.0
D,235041,tap_single,0.4435,U,0,18,0.0
D,235137,tap_single,0.4437,U,0,18,0.0
D,235233,tap_single,0.4439,U,0,18,0.0
D,235327,tap_single,0.4441,U,0,18,0.0
D,235423,tap_single,0.4443,U,0,18,0.0
D,235519,tap_single,0.4445,U,0,18,0.0
D,235614,tap_single,0.4447,U,0,18,0.0
D,235710,tap_single,0.4448,U,0,18,0.0
D,235806,tap_single,0.4449,U,0,18,0.0
D,235902,tap_single,0.4450,U,0,18,0.0
D,235998,tap_single,0.4451,U,0,18,0.0
D,236093,tap_single,0.4451,U,0,18,0.0
D,236187,tap_single,0.4451,U,0,18,0.0
E,236249,TAP,19
D,236381,tap_single,0.4450,S,0,19,0.0
D,236475,tap_single,0.4450,S,0,19,0.0
D,236571,tap_single,0.4449,U,0,19,0.0
D,236667,tap_single,0.4449,U,0,19,0.0
D,236763,tap_single,0.4447,U,0,19,0.0
D,236858,tap_single,0.4446,U,0,19,0.0
D,236954,tap_single,0.4443,U,0,19,0.0
D,237050,tap_single,0.4374,U,0,19,0.0
D,237151,tap_single,0.4366,U,0,19,0.0
D,237241,tap_single,0.4380,U,0,19,0.0
D,237335,tap_single,0.4405,U,0,19,0.0
D,237431,tap_single,0.4416,U,0,19,0.0
D,237527,tap_single,0.4439,U,0,19,0.0
D,237623,tap_single,0.4442,U,0,19,0.0
D,237718,tap_single,0.4441,U,0,19,0.0
D,237814,tap_single,0.4439,U,0,19,0.0
D,237910,tap_single,0.4434,U,0,19,0.0
D,238004,tap_single,0.4431,U,0,19,0.0
D,238100,tap_single,0.4431,U,0,19,0.0
D,238196,tap_single,0.4438,U,0,19,0.0
D,238292,tap_single,0.4508,U,0,19,0.0
D,238388,tap_single,0.4572,U,0,19,0.0
D,238483,tap_single,0.4627,U,0,19,0.0
D,238579,tap_single,0.4659,U,0,19,0.0
D,238675,tap_single,0.4671,U,0,19,0.0
D,238771,tap_single,0.4672,U,0,19,0.0
D,238865,tap_single,0.4668,U,0,19,0.0
D,238960,tap_single,0.4665,U,0,19,0.0
D,239057,tap_single,0.4664,U,0,19,0.0
D,239152,tap_single,0.4664,U,0,19,0.0
D,239248,tap_single,0.4664,U,0,19,0.0
D,239344,tap_single,0.4664,U,0,19,0.0
D,239440,tap_single,0.4664,S,0,19,0.0
D,239536,tap_single,0.4663,S,0,19,0.0
D,239632,tap_single,0.4662,U,0,19,0.0
D,239727,tap_single,0.4661,U,0,19,0.0
D,239821,tap_single,0.4661,U,0,19,0.0
D,239917,tap_single,0.4660,U,0,19,0.0
D,240013,tap_single,0.4659,U,0,19,0.0
D,240109,tap_single,0.4659,U,0,19,0.0
D,240205,tap_single,0.4658,U,0,19,0.0
D,240301,tap_single,0.4658,U,0,19,0.0
D,240397,tap_single,0.4658,U,0,19,0.0
D,240492,tap_single,0.4658,S,0,19,0.0
D,240588,tap_single,0.4658,S,0,19,0.0
D,240682,tap_single,0.4657,S,0,19,0.0
D,240778,tap_single,0.4657,S,0,19,0.0
D,240874,tap_single,0.4657,S,0,19,0.0
D,240970,tap_single,0.4657,S,0,19,0.0
D,241066,tap_single,0.4656,U,0,19,0.0
D,241161,tap_single,0.4656,S,0,19,0.0
D,241257,tap_single,0.4656,S,0,19,0.0
D,241353,tap_single,0.4656,S,0,19,0.0
D,241449,tap_single,0.4656,S,0,19,0.0
D,241543,tap_single,0.4656,S,0,19,0.0
D,241639,tap_single,0.4657,S,0,19,0.0
D,241735,tap_single,0.4657,S,0,19,0.0
D,241830,tap_single,0.4658,U,0,19,0.0
D,241926,tap_single,0.4658,U,0,19,0.0
D,242022,tap_single,0.4658,U,0,19,0.0
D,242118,tap_single,0.4658,S,0,19,0.0
D,242214,tap_single,0.4659,U,0,19,0.0
D,242310,tap_single,0.4659,S,0,19,0.0
E,242372,TAP,20
D,242504,tap_single,0.4660,U,0,20,0.0
D,242595,tap_single,0.4662,U,0,20,0.0
D,242691,tap_single,0.4662,U,0,20,0.0
D,242787,tap_single,0.4663,U,0,20,0.0
D,242883,tap_single,0.4662,U,0,20,0.0
D,242978,tap_single,0.4607,U,0,20,0.0
D,243074,tap_single,0.4551,U,0,20,0.0
D,243170,tap_single,0.4488,U,0,20,0.0
D,243266,tap_single,0.4440,U,0,20,0.0
D,243360,tap_single,0.4417,U,0,20,0.0
D,243455,tap_single,0.4415,U,0,20,0.0
D,243551,tap_single,0.4421,U,0,20,0.0
D,243647,tap_single,0.4428,U,0,20,0.0
D,243743,tap_single,0.4431,U,0,20,0.0
D,243839,tap_single,0.4432,U,0,20,0.0
D,243935,tap_single,0.4433,U,0,20,0.0
D,244030,tap_single,0.4433,U,0,20,0.0
D,244126,tap_single,0.4434,U,0,20,0.0
D,244220,tap_single,0.4435,U,0,20,0.0
D,244316,tap_single,0.4436,U,0,20,0.0
D,244412,tap_single,0.4437,U,0,20,0.0
D,244508,tap_single,0.4438,U,0,20,0.0
D,244604,tap_single,0.4439,U,0,20,0.0
D,244699,tap_single,0.4440,U,0,20,0.0
D,244795,tap_single,0.4440,U,0,20,0.0
D,244891,tap_single,0.4440,U,0,20,0.0
D,244987,tap_single,0.4440,U,0,20,0.0
D,245081,tap_single,0.4440,S,0,20,0.0
D,245177,tap_single,0.4439,S,0,20,0.0
D,245273,tap_single,0.4438,U,0,20,0.0
D,245369,tap_single,0.4437,U,0,20,0.0
D,245464,tap_single,0.4436,U,0,20,0.0
D,245560,tap_single,0.4435,U,0,20,0.0
D,245656,tap_single,0.4434,U,0,20,0.0
D,245752,tap_single,0.4434,U,0,20,0.0
D,245848,tap_single,0.4434,U,0,20,0.0
D,245944,tap_single,0.4433,U,0,20,0.0
D,246038,tap_single,0.4433,U,0,20,0.0
D,246134,tap_single,0.4433,S,0,20,0.0
D,246229,tap_single,0.4432,U,0,20,0.0
D,246325,tap_single,0.4431,U,0,20,0.0
D,246421,tap_single,0.4430,U,0,20,0.0
D,246517,tap_single,0.4430,U,0,20,0.0
D,246613,tap_single,0.4429,U,0,20,0.0
D,246708,tap_single,0.4428,U,0,20,0.0
D,246804,tap_single,0.4427,U,0,20,0.0
D,246898,tap_single,0.4427,U,0,20,0.0
D,246994,tap_single,0.4427,U,0,20,0.0
D,247090,tap_single,0.4427,U,0,20,0.0
D,247186,tap_single,0.4428,S,0,20,0.0
D,247282,tap_single,0.4429,U,0,20,0.0
D,247377,tap_single,0.4431,U,0,20,0.0
E,247439,BLOCK_END,tap_single
E,247441,BLOCK_START,quiet_mid1
D,247473,quiet_mid1,0.4433,U,0,20,0.0
D,247569,quiet_mid1,0.4435,U,0,20,0.0
D,247665,quiet_mid1,0.4436,U,0,20,0.0
D,247759,quiet_mid1,0.4439,U,0,20,0.0
D,247855,quiet_mid1,0.4442,U,0,20,0.0
D,247951,quiet_mid1,0.4444,U,0,20,0.0
D,248046,quiet_mid1,0.4446,U,0,20,0.0
D,248142,quiet_mid1,0.4448,U,0,20,0.0
D,248238,quiet_mid1,0.4450,U,0,20,0.0
D,248334,quiet_mid1,0.4452,U,0,20,0.0
D,248430,quiet_mid1,0.4454,U,0,20,0.0
D,248526,quiet_mid1,0.4457,U,0,20,0.0
D,248621,quiet_mid1,0.4459,U,0,20,0.0
D,248715,quiet_mid1,0.4462,U,0,20,0.0
D,248811,quiet_mid1,0.4464,U,0,20,0.0
D,248907,quiet_mid1,0.4466,U,0,20,0.0
D,249003,quiet_mid1,0.4469,U,0,20,0.0
D,249099,quiet_mid1,0.4471,U,0,20,0.0
D,249195,quiet_mid1,0.4473,U,0,20,0.0
D,249290,quiet_mid1,0.4474,U,0,20,0.0
D,249386,quiet_mid1,0.4476,U,0,20,0.0
D,249487,quiet_mid1,0.4477,U,0,20,0.0
D,249577,quiet_mid1,0.4478,U,0,20,0.0
D,249672,quiet_mid1,0.4478,U,0,20,0.0
D,249768,quiet_mid1,0.4479,U,0,20,0.0
D,249864,quiet_mid1,0.4479,U,0,20,0.0
D,249959,quiet_mid1,0.4479,U,0,20,0.0
D,250055,quiet_mid1,0.4479,S,0,20,0.0
D,250151,quiet_mid1,0.4479,S,0,20,0.0
D,250247,quiet_mid1,0.4479,S,0,20,0.0
D,250343,quiet_mid1,0.4479,S,0,20,0.0
D,250436,quiet_mid1,0.4479,S,0,20,0.0
D,250532,quiet_mid1,0.4478,S,0,20,0.0
D,250628,quiet_mid1,0.4478,S,0,20,0.0
D,250724,quiet_mid1,0.4477,U,0,20,0.0
D,250820,quiet_mid1,0.4477,U,0,20,0.0
D,250916,quiet_mid1,0.4476,U,0,20,0.0
D,251012,quiet_mid1,0.4475,U,0,20,0.0
D,251108,quiet_mid1,0.4474,U,0,20,0.0
D,251203,quiet_mid1,0.4473,U,0,20,0.0
D,251299,quiet_mid1,0.4472,U,0,20,0.0
D,251393,quiet_mid1,0.4471,U,0,20,0.0
D,251489,quiet_mid1,0.4470,U,0,20,0.0
D,251585,quiet_mid1,0.4469,U,0,20,0.0
D,251681,quiet_mid1,0.4469,U,0,20,0.0
D,251776,quiet_mid1,0.4469,U,0,20,0.0
D,251872,quiet_mid1,0.4469,U,0,20,0.0
D,251968,quiet_mid1,0.4469,S,0,20,0.0
D,252064,quiet_mid1,0.4470,S,0,20,0.0
D,252160,quiet_mid1,0.4470,S,0,20,0.0
D,252254,quiet_mid1,0.4470,S,0,20,0.0
D,252349,quiet_mid1,0.4471,U,0,20,0.0
D,252445,quiet_mid1,0.4471,U,0,20,0.0
D,252541,quiet_mid1,0.4471,S,0,20,0.0
D,252637,quiet_mid1,0.4471,S,0,20,0.0
D,252733,quiet_mid1,0.4472,U,0,20,0.0
D,252829,quiet_mid1,0.4473,U,0,20,0.0
D,252925,quiet_mid1,0.4473,U,0,20,0.0
D,253020,quiet_mid1,0.4474,U,0,20,0.0
D,253114,quiet_mid1,0.4474,U,0,20,0.0
D,253210,quiet_mid1,0.4477,U,0,20,0.0
D,253306,quiet_mid1,0.4478,U,0,20,0.0
D,253402,quiet_mid1,0.4479,U,0,20,0.0
D,253498,quiet_mid1,0.4480,U,0,20,0.0
D,253593,quiet_mid1,0.4480,U,0,20,0.0
D,253689,quiet_mid1,0.4479,U,0,20,0.0
D,253785,quiet_mid1,0.4479,S,0,20,0.0
D,253881,quiet_mid1,0.4479,S,0,20,0.0
D,253975,quiet_mid1,0.4480,S,0,20,0.0
D,254071,quiet_mid1,0.4480,S,0,20,0.0
D,254167,quiet_mid1,0.4481,U,0,20,0.0
D,254262,quiet_mid1,0.4481,U,0,20,0.0
D,254358,quiet_mid1,0.4482,U,0,20,0.0
D,254454,quiet_mid1,0.4483,U,0,20,0.0
D,254550,quiet_mid1,0.4485,U,0,20,0.0
D,254646,quiet_mid1,0.4486,U,0,20,0.0
D,254742,quiet_mid1,0.4488,U,0,20,0.0
D,254837,quiet_mid1,0.4489,U,0,20,0.0
D,254931,quiet_mid1,0.4490,U,0,20,0.0
D,255027,quiet_mid1,0.4492,U,0,20,0.0
D,255123,quiet_mid1,0.4493,U,0,20,0.0
D,255219,quiet_mid1,0.4494,U,0,20,0.0
D,255315,quiet_mid1,0.4495,U,0,20,0.0
D,255410,quiet_mid1,0.4496,U,0,20,0.0
D,255507,quiet_mid1,0.4498,U,0,20,0.0
D,255602,quiet_mid1,0.4499,U,0,20,0.0
D,255698,quiet_mid1,0.4499,U,0,20,0.0
D,255791,quiet_mid1,0.4500,U,0,20,0.0
D,255887,quiet_mid1,0.4500,U,0,20,0.0
D,255983,quiet_mid1,0.4500,U,0,20,0.0
D,256078,quiet_mid1,0.4500,S,0,20,0.0
D,256175,quiet_mid1,0.4499,S,0,20,0.0
D,256271,quiet_mid1,0.4499,S,0,20,0.0
D,256367,quiet_mid1,0.4498,U,0,20,0.0
D,256463,quiet_mid1,0.4498,U,0,20,0.0
D,256559,quiet_mid1,0.4497,U,0,20,0.0
D,256652,quiet_mid1,0.4496,U,0,20,0.0
D,256748,quiet_mid1,0.4495,U,0,20,0.0
D,256844,quiet_mid1,0.4494,U,0,20,0.0
D,256940,quiet_mid1,0.4493,U,0,20,0.0
D,257036,quiet_mid1,0.4493,U,0,20,0.0
D,257132,quiet_mid1,0.4493,U,0,20,0.0
D,257228,quiet_mid1,0.4493,U,0,20,0.0
D,257323,quiet_mid1,0.4493,S,0,20,0.0
D,257419,quiet_mid1,0.4494,S,0,20,0.0
D,257515,quiet_mid1,0.4494,S,0,20,0.0
D,257609,quiet_mid1,0.4495,U,0,20,0.0
D,257705,quiet_mid1,0.4496,U,0,20,0.0
D,257801,quiet_mid1,0.4498,U,0,20,0.0
D,257897,quiet_mid1,0.4498,U,0,20,0.0
D,257992,quiet_mid1,0.4499,U,0,20,0.0
D,258087,quiet_mid1,0.4500,U,0,20,0.0
D,258184,quiet_mid1,0.4505,U,0,20,0.0
D,258280,quiet_mid1,0.4507,U,0,20,0.0
D,258376,quiet_mid1,0.4510,U,0,20,0.0
D,258470,quiet_mid1,0.4512,U,0,20,0.0
D,258566,quiet_mid1,0.4515,U,0,20,0.0
D,258661,quiet_mid1,0.4517,U,0,20,0.0
D,258757,quiet_mid1,0.4519,U,0,20,0.0
D,258853,quiet_mid1,0.4520,U,0,20,0.0
D,258949,quiet_mid1,0.4522,U,0,20,0.0
D,259045,quiet_mid1,0.4523,U,0,20,0.0
D,259140,quiet_mid1,0.4524,U,0,20,0.0
D,259236,quiet_mid1,0.4525,U,0,20,0.0
D,259330,quiet_mid1,0.4525,U,0,20,0.0
D,259426,quiet_mid1,0.4526,U,0,20,0.0
D,259522,quiet_mid1,0.4527,U,0,20,0.0
D,259618,quiet_mid1,0.4527,U,0,20,0.0
D,259714,quiet_mid1,0.4528,U,0,20,0.0
D,259810,quiet_mid1,0.4528,U,0,20,0.0
D,259905,quiet_mid1,0.4529,U,0,20,0.0
D,260001,quiet_mid1,0.4529,U,0,20,0.0
D,260097,quiet_mid1,0.4530,U,0,20,0.0
D,260193,quiet_mid1,0.4530,U,0,20,0.0
D,260287,quiet_mid1,0.4530,U,0,20,0.0
D,260383,quiet_mid1,0.4530,S,0,20,0.0
D,260479,quiet_mid1,0.4530,S,0,20,0.0
D,260574,quiet_mid1,0.4530,S,0,20,0.0
D,260670,quiet_mid1,0.4529,S,0,20,0.0
D,260766,quiet_mid1,0.4529,S,0,20,0.0
D,260862,quiet_mid1,0.4529,S,0,20,0.0
D,260958,quiet_mid1,0.4528,U,0,20,0.0
D,261053,quiet_mid1,0.4528,U,0,20,0.0
D,261147,quiet_mid1,0.4528,S,0,20,0.0
D,261243,quiet_mid1,0.4527,U,0,20,0.0
D,261339,quiet_mid1,0.4527,U,0,20,0.0
D,261435,quiet_mid1,0.4527,S,0,20,0.0
D,261531,quiet_mid1,0.4527,S,0,20,0.0
D,261627,quiet_mid1,0.4526,U,0,20,0.0
D,261728,quiet_mid1,0.4524,U,0,20,0.0
D,261818,quiet_mid1,0.4523,U,0,20,0.0
D,261914,quiet_mid1,0.4522,U,0,20,0.0
D,262008,quiet_mid1,0.4521,U,0,20,0.0
D,262104,quiet_mid1,0.4520,U,0,20,0.0
D,262200,quiet_mid1,0.4518,U,0,20,0.0
D,262296,quiet_mid1,0.4517,U,0,20,0.0
D,262391,quiet_mid1,0.4516,U,0,20,0.0
D,262487,quiet_mid1,0.4515,U,0,20,0.0
D,262583,quiet_mid1,0.4515,U,0,20,0.0
D,262679,quiet_mid1,0.4514,U,0,20,0.0
D,262775,quiet_mid1,0.4515,U,0,20,0.0
D,262871,quiet_mid1,0.4515,S,0,20,0.0
D,262964,quiet_mid1,0.4516,U,0,20,0.0
D,263060,quiet_mid1,0.4517,U,0,20,0.0
D,263156,quiet_mid1,0.4519,U,0,20,0.0
D,263252,quiet_mid1,0.4520,U,0,20,0.0
D,263348,quiet_mid1,0.4521,U,0,20,0.0
D,263444,quiet_mid1,0.4522,U,0,20,0.0
D,263539,quiet_mid1,0.4524,U,0,20,0.0
D,263635,quiet_mid1,0.4525,U,0,20,0.0
D,263731,quiet_mid1,0.4527,U,0,20,0.0
D,263825,quiet_mid1,0.4528,U,0,20,0.0
D,263921,quiet_mid1,0.4530,U,0,20,0.0
D,264017,quiet_mid1,0.4532,U,0,20,0.0
D,264113,quiet_mid1,0.4534,U,0,20,0.0
D,264208,quiet_mid1,0.4535,U,0,20,0.0
D,264304,quiet_mid1,0.4537,U,0,20,0.0
D,264400,quiet_mid1,0.4539,U,0,20,0.0
D,264496,quiet_mid1,0.4541,U,0,20,0.0
D,264592,quiet_mid1,0.4542,U,0,20,0.0
D,264686,quiet_mid1,0.4544,U,0,20,0.0
D,264782,quiet_mid1,0.4545,U,0,20,0.0
D,264877,quiet_mid1,0.4546,U,0,20,0.0
D,264973,quiet_mid1,0.4547,U,0,20,0.0
D,265069,quiet_mid1,0.4548,U,0,20,0.0
D,265165,quiet_mid1,0.4549,U,0,20,0.0
D,265261,quiet_mid1,0.4550,U,0,20,0.0
D,265357,quiet_mid1,0.4551,U,0,20,0.0
D,265452,quiet_mid1,0.4552,U,0,20,0.0
D,265546,quiet_mid1,0.4552,U,0,20,0.0
D,265642,quiet_mid1,0.4553,U,0,20,0.0
D,265738,quiet_mid1,0.4554,U,0,20,0.0
D,265834,quiet_mid1,0.4554,U,0,20,0.0
D,265930,quiet_mid1,0.4554,U,0,20,0.0
D,266025,quiet_mid1,0.4555,U,0,20,0.0
D,266121,quiet_mid1,0.4555,U,0,20,0.0
D,266217,quiet_mid1,0.4555,S,0,20,0.0
D,266313,quiet_mid1,0.4555,S,0,20,0.0
D,266409,quiet_mid1,0.4554,S,0,20,0.0
D,266503,quiet_mid1,0.4554,S,0,20,0.0
D,266599,quiet_mid1,0.4553,U,0,20,0.0
D,266694,quiet_mid1,0.4552,U,0,20,0.0
D,266790,quiet_mid1,0.4551,U,0,20,0.0
D,266886,quiet_mid1,0.4550,U,0,20,0.0
D,266982,quiet_mid1,0.4549,U,0,20,0.0
D,267078,quiet_mid1,0.4548,U,0,20,0.0
D,267174,quiet_mid1,0.4546,U,0,20,0.0
D,267269,quiet_mid1,0.4544,U,0,20,0.0
D,267363,quiet_mid1,0.4543,U,0,20,0.0
D,267459,quiet_mid1,0.4542,U,0,20,0.0
D,267555,quiet_mid1,0.4541,U,0,20,0.0
D,267651,quiet_mid1,0.4540,U,0,20,0.0
D,267747,quiet_mid1,0.4539,U,0,20,0.0
D,267843,quiet_mid1,0.4538,U,0,20,0.0
D,267938,quiet_mid1,0.4538,U,0,20,0.0
D,268034,quiet_mid1,0.4537,U,0,20,0.0
D,268130,quiet_mid1,0.4537,U,0,20,0.0
D,268224,quiet_mid1,0.4537,U,0,20,0.0
D,268320,quiet_mid1,0.4538,S,0,20,0.0
D,268416,quiet_mid1,0.4538,S,0,20,0.0
D,268511,quiet_mid1,0.4538,S,0,20,0.0
D,268607,quiet_mid1,0.4538,S,0,20,0.0
D,268703,quiet_mid1,0.4538,S,0,20,0.0
D,268799,quiet_mid1,0.4538,S,0,20,0.0
D,268895,quiet_mid1,0.4538,S,0,20,0.0
D,268991,quiet_mid1,0.4538,S,0,20,0.0
D,269087,quiet_mid1,0.4538,S,0,20,0.0
D,269181,quiet_mid1,0.4539,S,0,20,0.0
D,269276,quiet_mid1,0.4539,S,0,20,0.0
D,269372,quiet_mid1,0.4539,S,0,20,0.0
D,269468,quiet_mid1,0.4539,S,0,20,0.0
D,269564,quiet_mid1,0.4539,S,0,20,0.0
D,269660,quiet_mid1,0.4539,S,0,20,0.0
D,269756,quiet_mid1,0.4540,S,0,20,0.0
D,269852,quiet_mid1,0.4540,S,0,20,0.0
D,269947,quiet_mid1,0.4542,U,0,20,0.0
D,270041,quiet_mid1,0.4542,U,0,20,0.0
D,270137,quiet_mid1,0.4542,U,0,20,0.0
D,270233,quiet_mid1,0.4542,U,0,20,0.0
D,270329,quiet_mid1,0.4542,U,0,20,0.0
D,270424,quiet_mid1,0.4542,S,0,20,0.0
D,270520,quiet_mid1,0.4542,S,0,20,0.0
D,270616,quiet_mid1,0.4542,S,0,20,0.0
D,270712,quiet_mid1,0.4542,S,0,20,0.0
D,270808,quiet_mid1,0.4542,S,0,20,0.0
D,270902,quiet_mid1,0.4543,S,0,20,0.0
D,270997,quiet_mid1,0.4543,S,0,20,0.0
D,271093,quiet_mid1,0.4543,S,0,20,0.0
D,271189,quiet_mid1,0.4543,S,0,20,0.0
D,271285,quiet_mid1,0.4543,S,0,20,0.0
D,271381,quiet_mid1,0.4543,S,0,20,0.0
D,271477,quiet_mid1,0.4543,S,0,20,0.0
D,271573,quiet_mid1,0.4543,S,0,20,0.0
D,271669,quiet_mid1,0.4543,S,0,20,0.0
D,271764,quiet_mid1,0.4542,S,0,20,0.0
D,271858,quiet_mid1,0.4542,S,0,20,0.0
D,271954,quiet_mid1,0.4541,U,0,20,0.0
D,272050,quiet_mid1,0.4538,U,0,20,0.0
D,272146,quiet_mid1,0.4537,U,0,20,0.0
D,272242,quiet_mid1,0.4537,U,0,20,0.0
D,272337,quiet_mid1,0.4537,U,0,20,0.0
D,272433,quiet_mid1,0.4538,U,0,20,0.0
D,272529,quiet_mid1,0.4538,S,0,20,0.0
D,272625,quiet_mid1,0.4538,S,0,20,0.0
D,272719,quiet_mid1,0.4539,U,0,20,0.0
D,272815,quiet_mid1,0.4539,U,0,20,0.0
D,272911,quiet_mid1,0.4539,S,0,20,0.0
D,273006,quiet_mid1,0.4539,S,0,20,0.0
D,273102,quiet_mid1,0.4540,U,0,20,0.0
D,273198,quiet_mid1,0.4540,S,0,20,0.0
D,273294,quiet_mid1,0.4540,S,0,20,0.0
D,273390,quiet_mid1,0.4541,U,0,20,0.0
D,273486,quiet_mid1,0.4541,U,0,20,0.0
D,273580,quiet_mid1,0.4541,S,0,20,0.0
D,273675,quiet_mid1,0.4546,U,0,20,0.0
D,273771,quiet_mid1,0.4548,U,0,20,0.0
D,273867,quiet_mid1,0.4549,U,0,20,0.0
D,273974,quiet_mid1,0.4550,U,0,20,0.0
D,274154,quiet_mid1,0.4551,U,0,20,0.0
D,274250,quiet_mid1,0.4552,U,0,20,0.0
D,274346,quiet_mid1,0.4552,U,0,20,0.0
D,274440,quiet_mid1,0.4551,S,0,20,0.0
D,274536,quiet_mid1,0.4551,S,0,20,0.0
D,274632,quiet_mid1,0.4551,S,0,20,0.0
D,274728,quiet_mid1,0.4551,S,0,20,0.0
D,274823,quiet_mid1,0.4551,S,0,20,0.0
D,274919,quiet_mid1,0.4550,S,0,20,0.0
D,275015,quiet_mid1,0.4549,U,0,20,0.0
D,275111,quiet_mid1,0.4548,U,0,20,0.0
D,275207,quiet_mid1,0.4547,U,0,20,0.0
D,275303,quiet_mid1,0.4546,U,0,20,0.0
D,275396,quiet_mid1,0.4545,U,0,20,0.0
D,275492,quiet_mid1,0.4545,U,0,20,0.0
D,275588,quiet_mid1,0.4542,U,0,20,0.0
D,275684,quiet_mid1,0.4540,U,0,20,0.0
D,275780,quiet_mid1,0.4539,U,0,20,0.0
D,275876,quiet_mid1,0.4537,U,0,20,0.0
D,275972,quiet_mid1,0.4536,U,0,20,0.0
D,276067,quiet_mid1,0.4535,U,0,20,0.0
D,276163,quiet_mid1,0.4535,U,0,20,0.0
D,276257,quiet_mid1,0.4534,U,0,20,0.0
D,276353,quiet_mid1,0.4534,U,0,20,0.0
D,276449,quiet_mid1,0.4534,U,0,20,0.0
D,276545,quiet_mid1,0.4534,S,0,20,0.0
D,276640,quiet_mid1,0.4535,S,0,20,0.0
D,276736,quiet_mid1,0.4535,S,0,20,0.0
D,276832,quiet_mid1,0.4535,S,0,20,0.0
D,276928,quiet_mid1,0.4536,U,0,20,0.0
D,277024,quiet_mid1,0.4536,U,0,20,0.0
D,277118,quiet_mid1,0.4537,U,0,20,0.0
D,277214,quiet_mid1,0.4537,U,0,20,0.0
D,277309,quiet_mid1,0.4537,U,0,20,0.0
D,277405,quiet_mid1,0.4537,S,0,20,0.0
E,277467,BLOCK_END,quiet_mid1
E,277469,BLOCK_START,tap_burst
D,277501,tap_burst,0.4538,U,0,20,0.0
D,277597,tap_burst,0.4538,S,0,20,0.0
D,277693,tap_burst,0.4538,S,0,20,0.0
D,277789,tap_burst,0.4539,U,0,20,0.0
D,277884,tap_burst,0.4540,U,0,20,0.0
D,277980,tap_burst,0.4540,U,0,20,0.0
D,278074,tap_burst,0.4540,U,0,20,0.0
D,278170,tap_burst,0.4540,U,0,20,0.0
D,278266,tap_burst,0.4540,S,0,20,0.0
D,278362,tap_burst,0.4540,S,0,20,0.0
D,278457,tap_burst,0.4539,S,0,20,0.0
E,278519,BURST,1
D,279222,tap_burst,0.4467,U,0,23,0.0
D,279318,tap_burst,0.4411,U,0,23,0.0
D,279414,tap_burst,0.4373,U,0,23,0.0
D,279509,tap_burst,0.4370,U,0,23,0.0
D,279605,tap_burst,0.4395,U,0,23,0.0
D,279701,tap_burst,0.4434,U,0,23,0.0
D,279795,tap_burst,0.4473,U,0,23,0.0
D,279891,tap_burst,0.4510,U,0,23,0.0
D,279987,tap_burst,0.4543,U,0,23,0.0
D,280082,tap_burst,0.4567,U,0,23,0.0
D,280178,tap_burst,0.4581,U,0,23,0.0
D,280274,tap_burst,0.4586,U,0,23,0.0
D,280370,tap_burst,0.4588,U,0,23,0.0
D,280466,tap_burst,0.4587,U,0,23,0.0
D,280562,tap_burst,0.4587,U,0,23,0.0
D,280658,tap_burst,0.4587,U,0,23,0.0
D,280751,tap_burst,0.4587,S,0,23,0.0
D,280847,tap_burst,0.4586,U,0,23,0.0
D,280943,tap_burst,0.4586,S,0,23,0.0
D,281039,tap_burst,0.4585,U,0,23,0.0
D,281135,tap_burst,0.4584,U,0,23,0.0
D,281231,tap_burst,0.4584,U,0,23,0.0
D,281327,tap_burst,0.4584,U,0,23,0.0
D,281423,tap_burst,0.4585,S,0,23,0.0
D,281518,tap_burst,0.4586,U,0,23,0.0
D,281612,tap_burst,0.4587,U,0,23,0.0
D,281708,tap_burst,0.4588,U,0,23,0.0
D,281804,tap_burst,0.4588,U,0,23,0.0
D,281900,tap_burst,0.4589,U,0,23,0.0
D,281996,tap_burst,0.4589,U,0,23,0.0
D,282092,tap_burst,0.4589,U,0,23,0.0
D,282187,tap_burst,0.4589,S,0,23,0.0
D,282283,tap_burst,0.4589,S,0,23,0.0
D,282379,tap_burst,0.4589,S,0,23,0.0
D,282473,tap_burst,0.4590,S,0,23,0.0
D,282569,tap_burst,0.4590,S,0,23,0.0
D,282665,tap_burst,0.4590,S,0,23,0.0
D,282761,tap_burst,0.4591,U,0,23,0.0
D,282857,tap_burst,0.4592,U,0,23,0.0
D,282952,tap_burst,0.4593,U,0,23,0.0
D,283048,tap_burst,0.4594,U,0,23,0.0
D,283144,tap_burst,0.4596,U,0,23,0.0
D,283240,tap_burst,0.4597,U,0,23,0.0
D,283336,tap_burst,0.4598,U,0,23,0.0
D,283429,tap_burst,0.4599,U,0,23,0.0
D,283524,tap_burst,0.4600,U,0,23,0.0
D,283621,tap_burst,0.4601,U,0,23,0.0
D,283717,tap_burst,0.4603,U,0,23,0.0
D,283813,tap_burst,0.4604,U,0,23,0.0
D,283909,tap_burst,0.4605,U,0,23,0.0
D,284005,tap_burst,0.4606,U,0,23,0.0
D,284100,tap_burst,0.4608,U,0,23,0.0
D,284196,tap_burst,0.4610,U,0,23,0.0
D,284290,tap_burst,0.4611,U,0,23,0.0
D,284386,tap_burst,0.4613,U,0,23,0.0
D,284482,tap_burst,0.4614,U,0,23,0.0
D,284578,tap_burst,0.4615,U,0,23,0.0
D,284674,tap_burst,0.4615,U,0,23,0.0
D,284769,tap_burst,0.4616,U,0,23,0.0
D,284865,tap_burst,0.4616,U,0,23,0.0
D,284961,tap_burst,0.4616,U,0,23,0.0
D,285057,tap_burst,0.4616,S,0,23,0.0
D,285151,tap_burst,0.4616,S,0,23,0.0
D,285247,tap_burst,0.4615,S,0,23,0.0
D,285343,tap_burst,0.4615,S,0,23,0.0
D,285438,tap_burst,0.4615,S,0,23,0.0
D,285534,tap_burst,0.4615,S,0,23,0.0
D,285630,tap_burst,0.4615,S,0,23,0.0
D,285726,tap_burst,0.4615,S,0,23,0.0
D,285822,tap_burst,0.4615,S,0,23,0.0
D,285917,tap_burst,0.4615,S,0,23,0.0
D,286011,tap_burst,0.4614,S,0,23,0.0
D,286107,tap_burst,0.4614,S,0,23,0.0
D,286203,tap_burst,0.4614,S,0,23,0.0
D,286299,tap_burst,0.4613,U,0,23,0.0
D,286395,tap_burst,0.4613,U,0,23,0.0
D,286491,tap_burst,0.4613,S,0,23,0.0
D,286587,tap_burst,0.4613,S,0,23,0.0
D,286682,tap_burst,0.4613,S,0,23,0.0
D,286778,tap_burst,0.4613,S,0,23,0.0
D,286874,tap_burst,0.4613,S,0,23,0.0
D,286975,tap_burst,0.4613,S,0,23,0.0
D,287065,tap_burst,0.4613,S,0,23,0.0
D,287160,tap_burst,0.4613,S,0,23,0.0
E,287222,BURST,2
D,287924,tap_burst,0.4517,U,0,26,0.0
D,288020,tap_burst,0.4468,U,0,26,0.0
D,288116,tap_burst,0.4433,U,0,26,0.0
D,288211,tap_burst,0.4418,U,0,26,0.0
D,288307,tap_burst,0.4410,U,0,26,0.0
D,288403,tap_burst,0.4395,U,0,26,0.0
D,288499,tap_burst,0.4375,U,0,26,0.0
D,288595,tap_burst,0.4357,U,0,26,0.0
D,288689,tap_burst,0.4352,U,0,26,0.0
D,288785,tap_burst,0.4357,U,0,26,0.0
D,288880,tap_burst,0.4365,U,0,26,0.0
D,288976,tap_burst,0.4370,U,0,26,0.0
D,289072,tap_burst,0.4371,U,0,26,0.0
D,289168,tap_burst,0.4371,U,0,26,0.0
D,289264,tap_burst,0.4372,U,0,26,0.0
D,289360,tap_burst,0.4372,U,0,26,0.0
D,289456,tap_burst,0.4372,U,0,26,0.0
D,289551,tap_burst,0.4373,U,0,26,0.0
D,289645,tap_burst,0.4373,U,0,26,0.0
D,289741,tap_burst,0.4373,S,0,26,0.0
D,289837,tap_burst,0.4373,S,0,26,0.0
D,289933,tap_burst,0.4373,S,0,26,0.0
D,290029,tap_burst,0.4372,S,0,26,0.0
D,290125,tap_burst,0.4372,S,0,26,0.0
D,290221,tap_burst,0.4371,U,0,26,0.0
D,290316,tap_burst,0.4371,U,0,26,0.0
D,290412,tap_burst,0.4370,U,0,26,0.0
D,290506,tap_burst,0.4369,U,0,26,0.0
D,290602,tap_burst,0.4369,U,0,26,0.0
D,290698,tap_burst,0.4368,U,0,26,0.0
D,290794,tap_burst,0.4368,U,0,26,0.0
D,290890,tap_burst,0.4367,U,0,26,0.0
D,290985,tap_burst,0.4366,U,0,26,0.0
D,291081,tap_burst,0.4365,U,0,26,0.0
D,291177,tap_burst,0.4364,U,0,26,0.0
D,291273,tap_burst,0.4363,U,0,26,0.0
D,291367,tap_burst,0.4362,U,0,26,0.0
D,291463,tap_burst,0.4361,U,0,26,0.0
D,291558,tap_burst,0.4360,U,0,26,0.0
D,291654,tap_burst,0.4359,U,0,26,0.0
D,291750,tap_burst,0.4359,U,0,26,0.0
D,291846,tap_burst,0.4359,U,0,26,0.0
D,291942,tap_burst,0.4359,U,0,26,0.0
D,292038,tap_burst,0.4359,S,0,26,0.0
D,292133,tap_burst,0.4359,S,0,26,0.0
D,292229,tap_burst,0.4359,S,0,26,0.0
D,292323,tap_burst,0.4360,S,0,26,0.0
D,292419,tap_burst,0.4361,U,0,26,0.0
D,292515,tap_burst,0.4362,U,0,26,0.0
D,292611,tap_burst,0.4363,U,0,26,0.0
D,292707,tap_burst,0.4364,U,0,26,0.0
D,292802,tap_burst,0.4366,U,0,26,0.0
D,292898,tap_burst,0.4366,U,0,26,0.0
D,292994,tap_burst,0.4369,U,0,26,0.0
D,293090,tap_burst,0.4370,U,0,26,0.0
D,293184,tap_burst,0.4372,U,0,26,0.0
D,293280,tap_burst,0.4374,U,0,26,0.0
D,293375,tap_burst,0.4375,U,0,26,0.0
D,293472,tap_burst,0.4377,U,0,26,0.0
D,293567,tap_burst,0.4379,U,0,26,0.0
D,293663,tap_burst,0.4381,U,0,26,0.0
D,293759,tap_burst,0.4382,U,0,26,0.0
D,293855,tap_burst,0.4384,U,0,26,0.0
D,293951,tap_burst,0.4386,U,0,26,0.0
D,294044,tap_burst,0.4387,U,0,26,0.0
D,294140,tap_burst,0.4389,U,0,26,0.0
D,294236,tap_burst,0.4390,U,0,26,0.0
D,294332,tap_burst,0.4392,U,0,26,0.0
D,294428,tap_burst,0.4393,U,0,26,0.0
D,294524,tap_burst,0.4394,U,0,26,0.0
D,294619,tap_burst,0.4394,U,0,26,0.0
D,294715,tap_burst,0.4395,U,0,26,0.0
D,294811,tap_burst,0.4395,U,0,26,0.0
D,294907,tap_burst,0.4396,U,0,26,0.0
D,295001,tap_burst,0.4396,U,0,26,0.0
D,295097,tap_burst,0.4397,U,0,26,0.0
D,295193,tap_burst,0.4397,U,0,26,0.0
D,295289,tap_burst,0.4397,U,0,26,0.0
D,295384,tap_burst,0.4397,S,0,26,0.0
D,295480,tap_burst,0.4397,S,0,26,0.0
D,295576,tap_burst,0.4396,S,0,26,0.0
D,295672,tap_burst,0.4396,S,0,26,0.0
D,295768,tap_burst,0.4395,U,0,26,0.0
D,295861,tap_burst,0.4395,U,0,26,0.0
E,295923,BURST,3
D,296628,tap_burst,0.4390,U,0,29,0.0
D,296722,tap_burst,0.4388,U,0,29,0.0
D,296818,tap_burst,0.4356,U,0,29,0.0
D,296914,tap_burst,0.4353,U,0,29,0.0
D,297009,tap_burst,0.4360,U,0,29,0.0
D,297105,tap_burst,0.4374,U,0,29,0.0
D,297201,tap_burst,0.4441,U,0,29,0.0
D,297297,tap_burst,0.4511,U,0,29,0.0
D,297393,tap_burst,0.4577,U,0,29,0.0
D,297488,tap_burst,0.4621,U,0,29,0.0
D,297582,tap_burst,0.4642,U,0,29,0.0
D,297678,tap_burst,0.4648,U,0,29,0.0
D,297774,tap_burst,0.4648,U,0,29,0.0
D,297870,tap_burst,0.4648,U,0,29,0.0
D,297966,tap_burst,0.4648,U,0,29,0.0
D,298062,tap_burst,0.4648,U,0,29,0.0
D,298157,tap_burst,0.4648,S,0,29,0.0
D,298253,tap_burst,0.4646,U,0,29,0.0
D,298349,tap_burst,0.4644,U,0,29,0.0
D,298445,tap_burst,0.4642,U,0,29,0.0
D,298539,tap_burst,0.4641,U,0,29,0.0
D,298635,tap_burst,0.4639,U,0,29,0.0
D,298731,tap_burst,0.4638,U,0,29,0.0
D,298827,tap_burst,0.4637,U,0,29,0.0
D,298922,tap_burst,0.4636,U,0,29,0.0
D,299018,tap_burst,0.4636,U,0,29,0.0
D,299114,tap_burst,0.4635,U,0,29,0.0
D,299210,tap_burst,0.4635,U,0,29,0.0
D,299306,tap_burst,0.4635,U,0,29,0.0
D,299400,tap_burst,0.4634,U,0,29,0.0
D,299496,tap_burst,0.4634,U,0,29,0.0
D,299591,tap_burst,0.4633,U,0,29,0.0
D,299687,tap_burst,0.4633,U,0,29,0.0
D,299783,tap_burst,0.4633,U,0,29,0.0
D,299879,tap_burst,0.4632,U,0,29,0.0
D,299975,tap_burst,0.4631,U,0,29,0.0
D,300071,tap_burst,0.4630,U,0,29,0.0
D,300167,tap_burst,0.4629,U,0,29,0.0
D,300261,tap_burst,0.4629,U,0,29,0.0
D,300356,tap_burst,0.4628,U,0,29,0.0
D,300463,tap_burst,0.4628,U,0,29,0.0
D,300644,tap_burst,0.4628,S,0,29,0.0
D,300740,tap_burst,0.4627,U,0,29,0.0
D,300836,tap_burst,0.4627,S,0,29,0.0
D,300931,tap_burst,0.4626,U,0,29,0.0
D,301027,tap_burst,0.4625,U,0,29,0.0
D,301123,tap_burst,0.4624,U,0,29,0.0
D,301217,tap_burst,0.4623,U,0,29,0.0
D,301313,tap_burst,0.4622,U,0,29,0.0
D,301409,tap_burst,0.4621,U,0,29,0.0
D,301504,tap_burst,0.4620,U,0,29,0.0
D,301600,tap_burst,0.4619,U,0,29,0.0
D,301696,tap_burst,0.4617,U,0,29,0.0
D,301792,tap_burst,0.4616,U,0,29,0.0
D,301888,tap_burst,0.4615,U,0,29,0.0
D,301984,tap_burst,0.4614,U,0,29,0.0
D,302077,tap_burst,0.4613,U,0,29,0.0
D,302173,tap_burst,0.4612,U,0,29,0.0
D,302269,tap_burst,0.4611,U,0,29,0.0
D,302365,tap_burst,0.4610,U,0,29,0.0
D,302461,tap_burst,0.4609,U,0,29,0.0
D,302557,tap_burst,0.4608,U,0,29,0.0
D,302653,tap_burst,0.4608,U,0,29,0.0
D,302748,tap_burst,0.4608,U,0,29,0.0
D,302844,tap_burst,0.4608,U,0,29,0.0
D,302938,tap_burst,0.4608,S,0,29,0.0
D,303034,tap_burst,0.4609,S,0,29,0.0
D,303130,tap_burst,0.4609,S,0,29,0.0
D,303226,tap_burst,0.4610,U,0,29,0.0
D,303322,tap_burst,0.4611,U,0,29,0.0
D,303417,tap_burst,0.4613,U,0,29,0.0
D,303513,tap_burst,0.4614,U,0,29,0.0
D,303609,tap_burst,0.4615,U,0,29,0.0
D,303705,tap_burst,0.4616,U,0,29,0.0
D,303801,tap_burst,0.4619,U,0,29,0.0
D,303895,tap_burst,0.4620,U,0,29,0.0
D,303990,tap_burst,0.4622,U,0,29,0.0
D,304086,tap_burst,0.4623,U,0,29,0.0
D,304182,tap_burst,0.4624,U,0,29,0.0
D,304278,tap_burst,0.4625,U,0,29,0.0
D,304374,tap_burst,0.4626,U,0,29,0.0
D,304470,tap_burst,0.4627,U,0,29,0.0
D,304566,tap_burst,0.4628,U,0,29,0.0
E,304628,BURST,4
D,305331,tap_burst,0.4535,U,0,32,0.0
D,305426,tap_burst,0.4495,U,0,32,0.0
D,305522,tap_burst,0.4459,U,0,32,0.0
D,305615,tap_burst,0.4430,U,0,32,0.0
D,305711,tap_burst,0.4412,U,0,32,0.0
D,305807,tap_burst,0.4409,U,0,32,0.0
D,305903,tap_burst,0.4420,U,0,32,0.0
D,305999,tap_burst,0.4436,U,0,32,0.0
D,306095,tap_burst,0.4448,U,0,32,0.0
D,306191,tap_burst,0.4451,U,0,32,0.0
D,306287,tap_burst,0.4459,U,0,32,0.0
D,306382,tap_burst,0.4461,U,0,32,0.0
D,306476,tap_burst,0.4462,U,0,32,0.0
D,306572,tap_burst,0.4463,U,0,32,0.0
D,306668,tap_burst,0.4463,U,0,32,0.0
D,306764,tap_burst,0.4463,U,0,32,0.0
D,306859,tap_burst,0.4463,U,0,32,0.0
D,306955,tap_burst,0.4462,S,0,32,0.0
D,307051,tap_burst,0.4462,S,0,32,0.0
D,307147,tap_burst,0.4461,U,0,32,0.0
D,307243,tap_burst,0.4460,U,0,32,0.0
D,307339,tap_burst,0.4459,U,0,32,0.0
D,307433,tap_burst,0.4458,U,0,32,0.0
D,307529,tap_burst,0.4457,U,0,32,0.0
D,307624,tap_burst,0.4457,U,0,32,0.0
D,307720,tap_burst,0.4456,U,0,32,0.0
D,307816,tap_burst,0.4456,U,0,32,0.0
D,307912,tap_burst,0.4456,U,0,32,0.0
D,308008,tap_burst,0.4456,S,0,32,0.0
D,308104,tap_burst,0.4456,S,0,32,0.0
D,308200,tap_burst,0.4456,S,0,32,0.0
D,308293,tap_burst,0.4456,S,0,32,0.0
D,308390,tap_burst,0.4456,S,0,32,0.0
D,308485,tap_burst,0.4456,S,0,32,0.0
D,308581,tap_burst,0.4455,S,0,32,0.0
D,308677,tap_burst,0.4455,S,0,32,0.0
D,308773,tap_burst,0.4454,U,0,32,0.0
D,308869,tap_burst,0.4454,U,0,32,0.0
D,308964,tap_burst,0.4453,U,0,32,0.0
D,309060,tap_burst,0.4452,U,0,32,0.0
D,309154,tap_burst,0.4451,U,0,32,0.0
D,309250,tap_burst,0.4451,U,0,32,0.0
D,309346,tap_burst,0.4451,U,0,32,0.0
D,309442,tap_burst,0.4450,U,0,32,0.0
D,309538,tap_burst,0.4450,U,0,32,0.0
D,309634,tap_burst,0.4450,S,0,32,0.0
D,309729,tap_burst,0.4450,S,0,32,0.0
D,309825,tap_burst,0.4449,U,0,32,0.0
D,309921,tap_burst,0.4449,S,0,32,0.0
D,310017,tap_burst,0.4449,S,0,32,0.0
D,310111,tap_burst,0.4449,S,0,32,0.0
D,310207,tap_burst,0.4449,S,0,32,0.0
D,310302,tap_burst,0.4449,S,0,32,0.0
D,310398,tap_burst,0.4449,S,0,32,0.0
D,310494,tap_burst,0.4450,S,0,32,0.0
D,310590,tap_burst,0.4450,S,0,32,0.0
D,310686,tap_burst,0.4451,U,0,32,0.0
D,310782,tap_burst,0.4451,U,0,32,0.0
D,310877,tap_burst,0.4452,U,0,32,0.0
D,310971,tap_burst,0.4452,U,0,32,0.0
D,311067,tap_burst,0.4453,U,0,32,0.0
D,311163,tap_burst,0.4456,U,0,32,0.0
D,311259,tap_burst,0.4456,U,0,32,0.0
D,311355,tap_burst,0.4457,U,0,32,0.0
D,311451,tap_burst,0.4457,U,0,32,0.0
D,311546,tap_burst,0.4457,U,0,32,0.0
D,311642,tap_burst,0.4457,S,0,32,0.0
D,311738,tap_burst,0.4457,S,0,32,0.0
D,311832,tap_burst,0.4457,S,0,32,0.0
D,311928,tap_burst,0.4457,S,0,32,0.0
D,312024,tap_burst,0.4457,S,0,32,0.0
D,312119,tap_burst,0.4457,S,0,32,0.0
D,312215,tap_burst,0.4457,S,0,32,0.0
D,312311,tap_burst,0.4457,S,0,32,0.0
D,312407,tap_burst,0.4457,S,0,32,0.0
D,312503,tap_burst,0.4457,S,0,32,0.0
D,312599,tap_burst,0.4456,S,0,32,0.0
D,312695,tap_burst,0.4456,S,0,32,0.0
D,312788,tap_burst,0.4455,U,0,32,0.0
D,312884,tap_burst,0.4455,U,0,32,0.0
D,312980,tap_burst,0.4455,U,0,32,0.0
D,313076,tap_burst,0.4454,U,0,32,0.0
D,313172,tap_burst,0.4451,U,0,32,0.0
D,313268,tap_burst,0.4450,U,0,32,0.0
E,313330,BURST,5
D,314042,tap_burst,0.4406,U,0,35,0.0
D,314224,tap_burst,0.4366,U,0,35,0.0
D,314319,tap_burst,0.4376,U,0,35,0.0
D,314415,tap_burst,0.4401,U,0,35,0.0
D,314509,tap_burst,0.4426,U,0,35,0.0
D,314605,tap_burst,0.4454,U,0,35,0.0
D,314701,tap_burst,0.4485,U,0,35,0.0
D,314797,tap_burst,0.4517,U,0,35,0.0
D,314893,tap_burst,0.4540,U,0,35,0.0
D,314988,tap_burst,0.4550,U,0,35,0.0
D,315084,tap_burst,0.4553,U,0,35,0.0
D,315180,tap_burst,0.4552,U,0,35,0.0
D,315276,tap_burst,0.4550,U,0,35,0.0
D,315372,tap_burst,0.4549,U,0,35,0.0
D,315466,tap_burst,0.4549,U,0,35,0.0
D,315562,tap_burst,0.4548,U,0,35,0.0
D,315657,tap_burst,0.4548,U,0,35,0.0
D,315753,tap_burst,0.4547,U,0,35,0.0
D,315849,tap_burst,0.4546,U,0,35,0.0
D,315945,tap_burst,0.4545,U,0,35,0.0
D,316041,tap_burst,0.4544,U,0,35,0.0
D,316137,tap_burst,0.4544,U,0,35,0.0
D,316233,tap_burst,0.4544,U,0,35,0.0
D,316327,tap_burst,0.4544,U,0,35,0.0
D,316422,tap_burst,0.4546,U,0,35,0.0
D,316518,tap_burst,0.4547,U,0,35,0.0
D,316614,tap_burst,0.4549,U,0,35,0.0
D,316710,tap_burst,0.4550,U,0,35,0.0
D,316806,tap_burst,0.4552,U,0,35,0.0
D,316902,tap_burst,0.4553,U,0,35,0.0
D,316997,tap_burst,0.4554,U,0,35,0.0
D,317094,tap_burst,0.4555,U,0,35,0.0
D,317187,tap_burst,0.4555,U,0,35,0.0
D,317283,tap_burst,0.4556,U,0,35,0.0
D,317379,tap_burst,0.4557,U,0,35,0.0
D,317475,tap_burst,0.4558,U,0,35,0.0
D,317571,tap_burst,0.4559,U,0,35,0.0
D,317666,tap_burst,0.4561,U,0,35,0.0
D,317762,tap_burst,0.4562,U,0,35,0.0
D,317858,tap_burst,0.4564,U,0,35,0.0
D,317954,tap_burst,0.4565,U,0,35,0.0
D,318048,tap_burst,0.4566,U,0,35,0.0
D,318144,tap_burst,0.4568,U,0,35,0.0
D,318240,tap_burst,0.4569,U,0,35,0.0
D,318336,tap_burst,0.4569,U,0,35,0.0
D,318431,tap_burst,0.4570,U,0,35,0.0
D,318527,tap_burst,0.4570,U,0,35,0.0
D,318623,tap_burst,0.4569,S,0,35,0.0
D,318719,tap_burst,0.4569,S,0,35,0.0
D,318815,tap_burst,0.4569,S,0,35,0.0
D,318910,tap_burst,0.4568,U,0,35,0.0
D,319005,tap_burst,0.4568,U,0,35,0.0
D,319100,tap_burst,0.4568,S,0,35,0.0
D,319196,tap_burst,0.4568,S,0,35,0.0
D,319292,tap_burst,0.4568,S,0,35,0.0
D,319388,tap_burst,0.4568,S,0,35,0.0
D,319484,tap_burst,0.4567,S,0,35,0.0
D,319579,tap_burst,0.4567,S,0,35,0.0
D,319675,tap_burst,0.4566,U,0,35,0.0
D,319771,tap_burst,0.4565,U,0,35,0.0
D,319865,tap_burst,0.4565,U,0,35,0.0
D,319961,tap_burst,0.4565,U,0,35,0.0
D,320057,tap_burst,0.4563,U,0,35,0.0
D,320153,tap_burst,0.4562,U,0,35,0.0
D,320248,tap_burst,0.4562,U,0,35,0.0
D,320344,tap_burst,0.4561,U,0,35,0.0
D,320440,tap_burst,0.4560,U,0,35,0.0
D,320536,tap_burst,0.4560,U,0,35,0.0
D,320632,tap_burst,0.4560,U,0,35,0.0
D,320726,tap_burst,0.4560,U,0,35,0.0
D,320821,tap_burst,0.4560,S,0,35,0.0
D,320917,tap_burst,0.4560,S,0,35,0.0
D,321013,tap_burst,0.4560,S,0,35,0.0
D,321109,tap_burst,0.4559,S,0,35,0.0
D,321205,tap_burst,0.4558,U,0,35,0.0
D,321301,tap_burst,0.4558,U,0,35,0.0
D,321397,tap_burst,0.4558,U,0,35,0.0
D,321492,tap_burst,0.4558,U,0,35,0.0
D,321588,tap_burst,0.4558,S,0,35,0.0
D,321682,tap_burst,0.4559,S,0,35,0.0
D,321778,tap_burst,0.4559,S,0,35,0.0
D,321874,tap_burst,0.4559,S,0,35,0.0
D,321970,tap_burst,0.4560,U,0,35,0.0
E,322032,BURST,6
D,322734,tap_burst,0.4469,U,0,38,0.0
D,322830,tap_burst,0.4428,U,0,38,0.0
D,322926,tap_burst,0.4396,U,0,38,0.0
D,323022,tap_burst,0.4375,U,0,38,0.0
D,323117,tap_burst,0.4361,U,0,38,0.0
D,323213,tap_burst,0.4350,U,0,38,0.0
D,323309,tap_burst,0.4346,U,0,38,0.0
D,323403,tap_burst,0.4352,U,0,38,0.0
D,323499,tap_burst,0.4365,U,0,38,0.0
D,323595,tap_burst,0.4372,U,0,38,0.0
D,323691,tap_burst,0.4377,U,0,38,0.0
D,323786,tap_burst,0.4391,U,0,38,0.0
D,323882,tap_burst,0.4394,U,0,38,0.0
D,323978,tap_burst,0.4396,U,0,38,0.0
D,324074,tap_burst,0.4398,U,0,38,0.0
D,324170,tap_burst,0.4399,U,0,38,0.0
D,324265,tap_burst,0.4400,U,0,38,0.0
D,324359,tap_burst,0.4401,U,0,38,0.0
D,324455,tap_burst,0.4402,U,0,38,0.0
D,324551,tap_burst,0.4402,U,0,38,0.0
D,324647,tap_burst,0.4402,U,0,38,0.0
D,324743,tap_burst,0.4402,U,0,38,0.0
D,324839,tap_burst,0.4402,S,0,38,0.0
D,324935,tap_burst,0.4401,S,0,38,0.0
D,325030,tap_burst,0.4401,S,0,38,0.0
D,325125,tap_burst,0.4400,U,0,38,0.0
D,325220,tap_burst,0.4400,U,0,38,0.0
D,325315,tap_burst,0.4400,U,0,38,0.0
D,325411,tap_burst,0.4400,S,0,38,0.0
D,325507,tap_burst,0.4400,S,0,38,0.0
D,325603,tap_burst,0.4400,S,0,38,0.0
D,325699,tap_burst,0.4400,S,0,38,0.0
D,325794,tap_burst,0.4400,S,0,38,0.0
D,325891,tap_burst,0.4399,S,0,38,0.0
D,325987,tap_burst,0.4399,S,0,38,0.0
D,326081,tap_burst,0.4399,S,0,38,0.0
D,326177,tap_burst,0.4399,S,0,38,0.0
D,326273,tap_burst,0.4399,S,0,38,0.0
D,326369,tap_burst,0.4399,S,0,38,0.0
D,326464,tap_burst,0.4399,S,0,38,0.0
D,326560,tap_burst,0.4399,S,0,38,0.0
D,326656,tap_burst,0.4399,S,0,38,0.0
D,326752,tap_burst,0.4399,S,0,38,0.0
D,326848,tap_burst,0.4399,S,0,38,0.0
D,327038,tap_burst,0.4399,S,0,38,0.0
D,327134,tap_burst,0.4399,S,0,38,0.0
D,327229,tap_burst,0.4399,S,0,38,0.0
D,327325,tap_burst,0.4399,S,0,38,0.0
D,327421,tap_burst,0.4399,S,0,38,0.0
D,327517,tap_burst,0.4399,S,0,38,0.0
D,327613,tap_burst,0.4399,S,0,38,0.0
D,327709,tap_burst,0.4399,S,0,38,0.0
D,327805,tap_burst,0.4399,S,0,38,0.0
D,327898,tap_burst,0.4399,S,0,38,0.0
D,327994,tap_burst,0.4400,S,0,38,0.0
D,328089,tap_burst,0.4400,S,0,38,0.0
D,328186,tap_burst,0.4400,S,0,38,0.0
D,328281,tap_burst,0.4400,S,0,38,0.0
D,328377,tap_burst,0.4400,S,0,38,0.0
D,328473,tap_burst,0.4400,S,0,38,0.0
D,328569,tap_burst,0.4400,S,0,38,0.0
D,328664,tap_burst,0.4400,S,0,38,0.0
D,328758,tap_burst,0.4400,S,0,38,0.0
D,328854,tap_burst,0.4400,S,0,38,0.0
D,328950,tap_burst,0.4400,S,0,38,0.0
D,329046,tap_burst,0.4400,S,0,38,0.0
D,329142,tap_burst,0.4400,S,0,38,0.0
D,329238,tap_burst,0.4400,S,0,38,0.0
D,329333,tap_burst,0.4400,S,0,38,0.0
D,329429,tap_burst,0.4400,S,0,38,0.0
D,329525,tap_burst,0.4400,S,0,38,0.0
D,329619,tap_burst,0.4400,S,0,38,0.0
D,329715,tap_burst,0.4400,S,0,38,0.0
D,329811,tap_burst,0.4400,S,0,38,0.0
D,329907,tap_burst,0.4400,S,0,38,0.0
D,330003,tap_burst,0.4400,S,0,38,0.0
D,330098,tap_burst,0.4400,S,0,38,0.0
D,330194,tap_burst,0.4400,S,0,38,0.0
D,330290,tap_burst,0.4400,S,0,38,0.0
D,330386,tap_burst,0.4400,S,0,38,0.0
D,330482,tap_burst,0.4400,S,0,38,0.0
D,330577,tap_burst,0.4401,S,0,38,0.0
D,330672,tap_burst,0.4406,U,0,38,0.0
E,330734,BURST,7
D,331436,tap_burst,0.4363,U,0,41,0.0
D,331532,tap_burst,0.4345,U,0,41,0.0
D,331628,tap_burst,0.4348,U,0,41,0.0
D,331723,tap_burst,0.4382,U,0,41,0.0
D,331819,tap_burst,0.4431,U,0,41,0.0
D,331915,tap_burst,0.4473,U,0,41,0.0
D,332011,tap_burst,0.4494,U,0,41,0.0
D,332106,tap_burst,0.4500,U,0,41,0.0
D,332202,tap_burst,0.4500,U,0,41,0.0
D,332297,tap_burst,0.4501,U,0,41,0.0
D,332392,tap_burst,0.4505,U,0,41,0.0
D,332489,tap_burst,0.4508,U,0,41,0.0
D,332584,tap_burst,0.4509,U,0,41,0.0
D,332680,tap_burst,0.4511,U,0,41,0.0
D,332776,tap_burst,0.4512,U,0,41,0.0
D,332872,tap_burst,0.4513,U,0,41,0.0
D,332968,tap_burst,0.4514,U,0,41,0.0
D,333064,tap_burst,0.4515,U,0,41,0.0
D,333159,tap_burst,0.4515,U,0,41,0.0
D,333253,tap_burst,0.4516,U,0,41,0.0
D,333349,tap_burst,0.4516,U,0,41,0.0
D,333445,tap_burst,0.4516,U,0,41,0.0
D,333541,tap_burst,0.4516,S,0,41,0.0
D,333637,tap_burst,0.4516,S,0,41,0.0
D,333733,tap_burst,0.4516,S,0,41,0.0
D,333829,tap_burst,0.4516,S,0,41,0.0
D,333924,tap_burst,0.4516,S,0,41,0.0
D,334020,tap_burst,0.4516,S,0,41,0.0
D,334114,tap_burst,0.4516,S,0,41,0.0
D,334210,tap_burst,0.4516,S,0,41,0.0
D,334306,tap_burst,0.4516,S,0,41,0.0
D,334402,tap_burst,0.4516,S,0,41,0.0
D,334498,tap_burst,0.4516,S,0,41,0.0
D,334593,tap_burst,0.4516,S,0,41,0.0
D,334689,tap_burst,0.4516,S,0,41,0.0
D,334785,tap_burst,0.4516,S,0,41,0.0
D,334881,tap_burst,0.4516,S,0,41,0.0
D,334975,tap_burst,0.4516,S,0,41,0.0
D,335071,tap_burst,0.4516,S,0,41,0.0
D,335167,tap_burst,0.4516,S,0,41,0.0
D,335262,tap_burst,0.4516,S,0,41,0.0
D,335358,tap_burst,0.4515,S,0,41,0.0
D,335454,tap_burst,0.4515,S,0,41,0.0
D,335550,tap_burst,0.4515,S,0,41,0.0
D,335646,tap_burst,0.4515,S,0,41,0.0
D,335742,tap_burst,0.4514,U,0,41,0.0
D,335838,tap_burst,0.4514,S,0,41,0.0
D,335931,tap_burst,0.4514,S,0,41,0.0
D,336027,tap_burst,0.4514,S,0,41,0.0
D,336123,tap_burst,0.4514,S,0,41,0.0
D,336219,tap_burst,0.4514,S,0,41,0.0
D,336315,tap_burst,0.4514,S,0,41,0.0
D,336411,tap_burst,0.4514,S,0,41,0.0
D,336507,tap_burst,0.4514,S,0,41,0.0
D,336602,tap_burst,0.4514,S,0,41,0.0
D,336698,tap_burst,0.4514,S,0,41,0.0
D,336792,tap_burst,0.4514,S,0,41,0.0
D,336888,tap_burst,0.4514,S,0,41,0.0
D,336984,tap_burst,0.4515,S,0,41,0.0
D,337080,tap_burst,0.4520,U,0,41,0.0
D,337175,tap_burst,0.4521,U,0,41,0.0
D,337271,tap_burst,0.4523,U,0,41,0.0
D,337367,tap_burst,0.4524,U,0,41,0.0
D,337463,tap_burst,0.4526,U,0,41,0.0
D,337559,tap_burst,0.4527,U,0,41,0.0
D,337652,tap_burst,0.4529,U,0,41,0.0
D,337748,tap_burst,0.4530,U,0,41,0.0
D,337844,tap_burst,0.4531,U,0,41,0.0
D,337940,tap_burst,0.4531,U,0,41,0.0
D,338036,tap_burst,0.4532,U,0,41,0.0
D,338132,tap_burst,0.4533,U,0,41,0.0
D,338227,tap_burst,0.4534,U,0,41,0.0
D,338323,tap_burst,0.4534,U,0,41,0.0
D,338419,tap_burst,0.4535,U,0,41,0.0
D,338513,tap_burst,0.4536,U,0,41,0.0
D,338609,tap_burst,0.4537,U,0,41,0.0
D,338705,tap_burst,0.4537,U,0,41,0.0
D,338801,tap_burst,0.4537,U,0,41,0.0
D,338896,tap_burst,0.4537,U,0,41,0.0
D,338992,tap_burst,0.4537,S,0,41,0.0
D,339088,tap_burst,0.4537,S,0,41,0.0
D,339184,tap_burst,0.4537,S,0,41,0.0
D,339280,tap_burst,0.4536,S,0,41,0.0
D,339376,tap_burst,0.4536,S,0,41,0.0
E,339438,BURST,8
D,340140,tap_burst,0.4479,U,0,44,0.0
D,340236,tap_burst,0.4441,U,0,44,0.0
D,340330,tap_burst,0.4409,U,0,44,0.0
D,340431,tap_burst,0.4391,U,0,44,0.0
D,340521,tap_burst,0.4386,U,0,44,0.0
D,340617,tap_burst,0.4392,U,0,44,0.0
D,340713,tap_burst,0.4407,U,0,44,0.0
D,340809,tap_burst,0.4429,U,0,44,0.0
D,340905,tap_burst,0.4452,U,0,44,0.0
D,341001,tap_burst,0.4472,U,0,44,0.0
D,341096,tap_burst,0.4486,U,0,44,0.0
D,341191,tap_burst,0.4493,U,0,44,0.0
D,341286,tap_burst,0.4497,U,0,44,0.0
D,341382,tap_burst,0.4498,U,0,44,0.0
D,341478,tap_burst,0.4497,U,0,44,0.0
D,341574,tap_burst,0.4495,U,0,44,0.0
D,341670,tap_burst,0.4493,U,0,44,0.0
D,341765,tap_burst,0.4492,U,0,44,0.0
D,341861,tap_burst,0.4492,U,0,44,0.0
D,341957,tap_burst,0.4491,U,0,44,0.0
D,342053,tap_burst,0.4491,U,0,44,0.0
D,342147,tap_burst,0.4491,U,0,44,0.0
D,342243,tap_burst,0.4491,S,0,44,0.0
D,342339,tap_burst,0.4491,S,0,44,0.0
D,342435,tap_burst,0.4491,S,0,44,0.0
D,342530,tap_burst,0.4490,S,0,44,0.0
D,342626,tap_burst,0.4490,S,0,44,0.0
D,342722,tap_burst,0.4490,S,0,44,0.0
D,342818,tap_burst,0.4490,S,0,44,0.0
D,342914,tap_burst,0.4490,S,0,44,0.0
D,343008,tap_burst,0.4491,S,0,44,0.0
D,343104,tap_burst,0.4491,S,0,44,0.0
D,343200,tap_burst,0.4491,S,0,44,0.0
D,343295,tap_burst,0.4491,S,0,44,0.0
D,343391,tap_burst,0.4491,S,0,44,0.0
D,343487,tap_burst,0.4491,S,0,44,0.0
D,343583,tap_burst,0.4491,S,0,44,0.0
D,343679,tap_burst,0.4491,S,0,44,0.0
D,343775,tap_burst,0.4491,S,0,44,0.0
D,343869,tap_burst,0.4491,S,0,44,0.0
D,343964,tap_burst,0.4490,S,0,44,0.0
D,344060,tap_burst,0.4490,S,0,44,0.0
D,344156,tap_burst,0.4490,S,0,44,0.0
D,344252,tap_burst,0.4490,S,0,44,0.0
D,344348,tap_burst,0.4490,S,0,44,0.0
D,344444,tap_burst,0.4490,S,0,44,0.0
D,344540,tap_burst,0.4490,S,0,44,0.0
D,344636,tap_burst,0.4490,S,0,44,0.0
D,344731,tap_burst,0.4490,S,0,44,0.0
D,344825,tap_burst,0.4490,S,0,44,0.0
D,344921,tap_burst,0.4490,S,0,44,0.0
D,345017,tap_burst,0.4490,S,0,44,0.0
D,345113,tap_burst,0.4490,S,0,44,0.0
D,345209,tap_burst,0.4490,S,0,44,0.0
D,345305,tap_burst,0.4490,S,0,44,0.0
D,345400,tap_burst,0.4490,S,0,44,0.0
D,345496,tap_burst,0.4490,S,0,44,0.0
D,345592,tap_burst,0.4491,S,0,44,0.0
D,345685,tap_burst,0.4496,U,0,44,0.0
D,345781,tap_burst,0.4497,U,0,44,0.0
D,345877,tap_burst,0.4499,U,0,44,0.0
D,345973,tap_burst,0.4501,U,0,44,0.0
D,346069,tap_burst,0.4502,U,0,44,0.0
D,346165,tap_burst,0.4503,U,0,44,0.0
D,346261,tap_burst,0.4504,U,0,44,0.0
D,346357,tap_burst,0.4504,U,0,44,0.0
D,346452,tap_burst,0.4504,U,0,44,0.0
D,346546,tap_burst,0.4504,U,0,44,0.0
D,346642,tap_burst,0.4504,S,0,44,0.0
D,346738,tap_burst,0.4504,S,0,44,0.0
D,346834,tap_burst,0.4503,S,0,44,0.0
D,346930,tap_burst,0.4503,S,0,44,0.0
D,347025,tap_burst,0.4502,U,0,44,0.0
E,347087,BLOCK_END,tap_burst
E,347089,BLOCK_START,quiet_mid2
D,347121,quiet_mid2,0.4502,U,0,44,0.0
D,347217,quiet_mid2,0.4501,U,0,44,0.0
D,347312,quiet_mid2,0.4500,U,0,44,0.0
D,347409,quiet_mid2,0.4498,U,0,44,0.0
D,347503,quiet_mid2,0.4496,U,0,44,0.0
D,347598,quiet_mid2,0.4495,U,0,44,0.0
D,347694,quiet_mid2,0.4492,U,0,44,0.0
D,347790,quiet_mid2,0.4490,U,0,44,0.0
D,347886,quiet_mid2,0.4488,U,0,44,0.0
D,347982,quiet_mid2,0.4486,U,0,44,0.0
D,348078,quiet_mid2,0.4484,U,0,44,0.0
D,348174,quiet_mid2,0.4483,U,0,44,0.0
D,348269,quiet_mid2,0.4483,U,0,44,0.0
D,348363,quiet_mid2,0.4482,U,0,44,0.0
D,348459,quiet_mid2,0.4482,U,0,44,0.0
D,348555,quiet_mid2,0.4482,U,0,44,0.0
D,348651,quiet_mid2,0.4481,U,0,44,0.0
D,348747,quiet_mid2,0.4481,U,0,44,0.0
D,348842,quiet_mid2,0.4481,S,0,44,0.0
D,348938,quiet_mid2,0.4481,S,0,44,0.0
D,349034,quiet_mid2,0.4481,S,0,44,0.0
D,349130,quiet_mid2,0.4481,S,0,44,0.0
D,349224,quiet_mid2,0.4481,S,0,44,0.0
D,349320,quiet_mid2,0.4481,S,0,44,0.0
D,349416,quiet_mid2,0.4481,S,0,44,0.0
D,349511,quiet_mid2,0.4482,S,0,44,0.0
D,349607,quiet_mid2,0.4482,S,0,44,0.0
D,349703,quiet_mid2,0.4482,S,0,44,0.0
D,349799,quiet_mid2,0.4482,S,0,44,0.0
D,349895,quiet_mid2,0.4482,S,0,44,0.0
D,349991,quiet_mid2,0.4482,S,0,44,0.0
D,350084,quiet_mid2,0.4482,S,0,44,0.0
D,350180,quiet_mid2,0.4482,S,0,44,0.0
D,350276,quiet_mid2,0.4482,S,0,44,0.0
D,350372,quiet_mid2,0.4482,S,0,44,0.0
D,350468,quiet_mid2,0.4482,S,0,44,0.0
D,350564,quiet_mid2,0.4482,S,0,44,0.0
D,350660,quiet_mid2,0.4482,S,0,44,0.0
D,350756,quiet_mid2,0.4482,S,0,44,0.0
D,350851,quiet_mid2,0.4482,S,0,44,0.0
D,350947,quiet_mid2,0.4485,U,0,44,0.0
D,351041,quiet_mid2,0.4486,U,0,44,0.0
D,351137,quiet_mid2,0.4486,U,0,44,0.0
D,351233,quiet_mid2,0.4487,U,0,44,0.0
D,351328,quiet_mid2,0.4487,U,0,44,0.0
D,351424,quiet_mid2,0.4488,U,0,44,0.0
D,351520,quiet_mid2,0.4489,U,0,44,0.0
D,351616,quiet_mid2,0.4490,U,0,44,0.0
D,351712,quiet_mid2,0.4492,U,0,44,0.0
D,351808,quiet_mid2,0.4493,U,0,44,0.0
D,351901,quiet_mid2,0.4494,U,0,44,0.0
D,351997,quiet_mid2,0.4495,U,0,44,0.0
D,352093,quiet_mid2,0.4496,U,0,44,0.0
D,352189,quiet_mid2,0.4497,U,0,44,0.0
D,352285,quiet_mid2,0.4497,U,0,44,0.0
D,352381,quiet_mid2,0.4497,U,0,44,0.0
D,352477,quiet_mid2,0.4497,U,0,44,0.0
D,352572,quiet_mid2,0.4497,S,0,44,0.0
D,352673,quiet_mid2,0.4497,S,0,44,0.0
D,352763,quiet_mid2,0.4497,S,0,44,0.0
D,352858,quiet_mid2,0.4496,S,0,44,0.0
D,352954,quiet_mid2,0.4496,S,0,44,0.0
D,353050,quiet_mid2,0.4496,S,0,44,0.0
D,353145,quiet_mid2,0.4496,S,0,44,0.0
D,353241,quiet_mid2,0.4496,S,0,44,0.0
D,353337,quiet_mid2,0.4496,S,0,44,0.0
D,353433,quiet_mid2,0.4495,S,0,44,0.0
D,353529,quiet_mid2,0.4495,S,0,44,0.0
D,353625,quiet_mid2,0.4495,S,0,44,0.0
D,353719,quiet_mid2,0.4495,S,0,44,0.0
D,353815,quiet_mid2,0.4494,U,0,44,0.0
D,353910,quiet_mid2,0.4494,S,0,44,0.0
D,354006,quiet_mid2,0.4494,S,0,44,0.0
D,354102,quiet_mid2,0.4492,U,0,44,0.0
D,354198,quiet_mid2,0.4492,U,0,44,0.0
D,354294,quiet_mid2,0.4491,U,0,44,0.0
D,354389,quiet_mid2,0.4491,U,0,44,0.0
D,354486,quiet_mid2,0.4490,U,0,44,0.0
D,354579,quiet_mid2,0.4490,U,0,44,0.0
D,354675,quiet_mid2,0.4489,U,0,44,0.0
D,354771,quiet_mid2,0.4489,U,0,44,0.0
D,354867,quiet_mid2,0.4488,U,0,44,0.0
D,354963,quiet_mid2,0.4487,U,0,44,0.0
D,355058,quiet_mid2,0.4487,U,0,44,0.0
D,355154,quiet_mid2,0.4486,U,0,44,0.0
D,355250,quiet_mid2,0.4486,U,0,44,0.0
D,355346,quiet_mid2,0.4486,U,0,44,0.0
D,355440,quiet_mid2,0.4485,U,0,44,0.0
D,355536,quiet_mid2,0.4485,U,0,44,0.0
D,355632,quiet_mid2,0.4485,S,0,44,0.0
D,355727,quiet_mid2,0.4485,S,0,44,0.0
D,355823,quiet_mid2,0.4485,S,0,44,0.0
D,355919,quiet_mid2,0.4486,S,0,44,0.0
D,356015,quiet_mid2,0.4486,S,0,44,0.0
D,356111,quiet_mid2,0.4486,S,0,44,0.0
D,356207,quiet_mid2,0.4486,S,0,44,0.0
D,356303,quiet_mid2,0.4487,U,0,44,0.0
D,356396,quiet_mid2,0.4487,S,0,44,0.0
D,356492,quiet_mid2,0.4488,U,0,44,0.0
D,356588,quiet_mid2,0.4488,U,0,44,0.0
D,356684,quiet_mid2,0.4488,U,0,44,0.0
D,356780,quiet_mid2,0.4489,U,0,44,0.0
D,356875,quiet_mid2,0.4491,U,0,44,0.0
D,356971,quiet_mid2,0.4492,U,0,44,0.0
D,357067,quiet_mid2,0.4492,U,0,44,0.0
D,357163,quiet_mid2,0.4493,U,0,44,0.0
D,357257,quiet_mid2,0.4493,U,0,44,0.0
D,357353,quiet_mid2,0.4494,U,0,44,0.0
D,357449,quiet_mid2,0.4494,U,0,44,0.0
D,357545,quiet_mid2,0.4495,U,0,44,0.0
D,357640,quiet_mid2,0.4495,U,0,44,0.0
D,357736,quiet_mid2,0.4495,U,0,44,0.0
D,357832,quiet_mid2,0.4495,S,0,44,0.0
D,357928,quiet_mid2,0.4495,S,0,44,0.0
D,358024,quiet_mid2,0.4495,S,0,44,0.0
D,358118,quiet_mid2,0.4495,S,0,44,0.0
D,358213,quiet_mid2,0.4495,S,0,44,0.0
D,358309,quiet_mid2,0.4495,S,0,44,0.0
D,358405,quiet_mid2,0.4495,S,0,44,0.0
D,358501,quiet_mid2,0.4495,S,0,44,0.0
D,358597,quiet_mid2,0.4495,S,0,44,0.0
D,358693,quiet_mid2,0.4495,S,0,44,0.0
D,358789,quiet_mid2,0.4495,S,0,44,0.0
D,358884,quiet_mid2,0.4497,U,0,44,0.0
D,358980,quiet_mid2,0.4498,U,0,44,0.0
D,359073,quiet_mid2,0.4500,U,0,44,0.0
D,359170,quiet_mid2,0.4501,U,0,44,0.0
D,359266,quiet_mid2,0.4503,U,0,44,0.0
D,359362,quiet_mid2,0.4505,U,0,44,0.0
D,359457,quiet_mid2,0.4506,U,0,44,0.0
D,359553,quiet_mid2,0.4508,U,0,44,0.0
D,359649,quiet_mid2,0.4509,U,0,44,0.0
D,359745,quiet_mid2,0.4511,U,0,44,0.0
D,359841,quiet_mid2,0.4512,U,0,44,0.0
D,359935,quiet_mid2,0.4513,U,0,44,0.0
D,360030,quiet_mid2,0.4514,U,0,44,0.0
D,360127,quiet_mid2,0.4515,U,0,44,0.0
D,360222,quiet_mid2,0.4515,U,0,44,0.0
D,360318,quiet_mid2,0.4516,U,0,44,0.0
D,360414,quiet_mid2,0.4517,U,0,44,0.0
D,360510,quiet_mid2,0.4518,U,0,44,0.0
D,360606,quiet_mid2,0.4518,U,0,44,0.0
D,360701,quiet_mid2,0.4518,U,0,44,0.0
D,360795,quiet_mid2,0.4518,U,0,44,0.0
D,360891,quiet_mid2,0.4518,S,0,44,0.0
D,360987,quiet_mid2,0.4517,S,0,44,0.0
D,361083,quiet_mid2,0.4516,U,0,44,0.0
D,361179,quiet_mid2,0.4515,U,0,44,0.0
D,361274,quiet_mid2,0.4514,U,0,44,0.0
D,361370,quiet_mid2,0.4513,U,0,44,0.0
D,361466,quiet_mid2,0.4511,U,0,44,0.0
D,361562,quiet_mid2,0.4510,U,0,44,0.0
D,361656,quiet_mid2,0.4510,U,0,44,0.0
D,361752,quiet_mid2,0.4508,U,0,44,0.0
D,361848,quiet_mid2,0.4508,U,0,44,0.0
D,361943,quiet_mid2,0.4507,U,0,44,0.0
D,362039,quiet_mid2,0.4507,U,0,44,0.0
D,362135,quiet_mid2,0.4506,U,0,44,0.0
D,362231,quiet_mid2,0.4506,U,0,44,0.0
D,362327,quiet_mid2,0.4505,U,0,44,0.0
D,362423,quiet_mid2,0.4504,U,0,44,0.0
D,362518,quiet_mid2,0.4503,U,0,44,0.0
D,362612,quiet_mid2,0.4502,U,0,44,0.0
D,362708,quiet_mid2,0.4501,U,0,44,0.0
D,362803,quiet_mid2,0.4500,U,0,44,0.0
D,362900,quiet_mid2,0.4498,U,0,44,0.0
D,362996,quiet_mid2,0.4497,U,0,44,0.0
D,363092,quiet_mid2,0.4496,U,0,44,0.0
D,363187,quiet_mid2,0.4495,U,0,44,0.0
D,363283,quiet_mid2,0.4495,U,0,44,0.0
D,363379,quiet_mid2,0.4495,U,0,44,0.0
D,363473,quiet_mid2,0.4495,U,0,44,0.0
D,363569,quiet_mid2,0.4496,S,0,44,0.0
D,363665,quiet_mid2,0.4496,S,0,44,0.0
D,363760,quiet_mid2,0.4497,U,0,44,0.0
D,363856,quiet_mid2,0.4498,U,0,44,0.0
D,363952,quiet_mid2,0.4498,U,0,44,0.0
D,364048,quiet_mid2,0.4499,U,0,44,0.0
D,364143,quiet_mid2,0.4500,U,0,44,0.0
D,364240,quiet_mid2,0.4501,U,0,44,0.0
D,364334,quiet_mid2,0.4502,U,0,44,0.0
D,364430,quiet_mid2,0.4503,U,0,44,0.0
D,364525,quiet_mid2,0.4505,U,0,44,0.0
D,364621,quiet_mid2,0.4507,U,0,44,0.0
D,364717,quiet_mid2,0.4509,U,0,44,0.0
D,364813,quiet_mid2,0.4511,U,0,44,0.0
D,364920,quiet_mid2,0.4513,U,0,44,0.0
D,365100,quiet_mid2,0.4516,U,0,44,0.0
D,365196,quiet_mid2,0.4517,U,0,44,0.0
D,365290,quiet_mid2,0.4518,U,0,44,0.0
D,365386,quiet_mid2,0.4519,U,0,44,0.0
D,365482,quiet_mid2,0.4520,U,0,44,0.0
D,365578,quiet_mid2,0.4520,U,0,44,0.0
D,365673,quiet_mid2,0.4520,U,0,44,0.0
D,365769,quiet_mid2,0.4520,U,0,44,0.0
D,365865,quiet_mid2,0.4520,S,0,44,0.0
D,365961,quiet_mid2,0.4520,S,0,44,0.0
D,366057,quiet_mid2,0.4519,S,0,44,0.0
D,366151,quiet_mid2,0.4519,S,0,44,0.0
D,366246,quiet_mid2,0.4518,U,0,44,0.0
D,366343,quiet_mid2,0.4517,U,0,44,0.0
D,366438,quiet_mid2,0.4516,U,0,44,0.0
D,366534,quiet_mid2,0.4515,U,0,44,0.0
D,366630,quiet_mid2,0.4514,U,0,44,0.0
D,366726,quiet_mid2,0.4513,U,0,44,0.0
D,366822,quiet_mid2,0.4512,U,0,44,0.0
D,366918,quiet_mid2,0.4511,U,0,44,0.0
D,367011,quiet_mid2,0.4510,U,0,44,0.0
D,367107,quiet_mid2,0.4509,U,0,44,0.0
D,367203,quiet_mid2,0.4508,U,0,44,0.0
D,367299,quiet_mid2,0.4508,U,0,44,0.0
D,367395,quiet_mid2,0.4507,U,0,44,0.0
D,367490,quiet_mid2,0.4507,U,0,44,0.0
D,367586,quiet_mid2,0.4506,U,0,44,0.0
D,367682,quiet_mid2,0.4506,U,0,44,0.0
D,367778,quiet_mid2,0.4505,U,0,44,0.0
D,367874,quiet_mid2,0.4505,U,0,44,0.0
D,367968,quiet_mid2,0.4504,U,0,44,0.0
D,368064,quiet_mid2,0.4504,U,0,44,0.0
D,368160,quiet_mid2,0.4503,U,0,44,0.0
D,368255,quiet_mid2,0.4503,U,0,44,0.0
D,368351,quiet_mid2,0.4503,U,0,44,0.0
D,368447,quiet_mid2,0.4503,S,0,44,0.0
D,368543,quiet_mid2,0.4503,S,0,44,0.0
D,368639,quiet_mid2,0.4504,S,0,44,0.0
D,368735,quiet_mid2,0.4504,S,0,44,0.0
D,368828,quiet_mid2,0.4504,S,0,44,0.0
D,368924,quiet_mid2,0.4503,S,0,44,0.0
D,369020,quiet_mid2,0.4503,S,0,44,0.0
D,369116,quiet_mid2,0.4503,S,0,44,0.0
D,369212,quiet_mid2,0.4503,S,0,44,0.0
D,369308,quiet_mid2,0.4502,U,0,44,0.0
D,369403,quiet_mid2,0.4502,S,0,44,0.0
D,369499,quiet_mid2,0.4501,U,0,44,0.0
D,369595,quiet_mid2,0.4501,U,0,44,0.0
D,369688,quiet_mid2,0.4500,U,0,44,0.0
D,369784,quiet_mid2,0.4500,U,0,44,0.0
D,369880,quiet_mid2,0.4500,U,0,44,0.0
D,369977,quiet_mid2,0.4500,S,0,44,0.0
D,370071,quiet_mid2,0.4500,S,0,44,0.0
D,370167,quiet_mid2,0.4500,S,0,44,0.0
D,370263,quiet_mid2,0.4500,S,0,44,0.0
D,370359,quiet_mid2,0.4500,S,0,44,0.0
D,370456,quiet_mid2,0.4499,S,0,44,0.0
D,370552,quiet_mid2,0.4498,U,0,44,0.0
D,370645,quiet_mid2,0.4497,U,0,44,0.0
D,370741,quiet_mid2,0.4496,U,0,44,0.0
D,370837,quiet_mid2,0.4495,U,0,44,0.0
D,370933,quiet_mid2,0.4495,U,0,44,0.0
D,371029,quiet_mid2,0.4494,U,0,44,0.0
D,371125,quiet_mid2,0.4494,U,0,44,0.0
D,371220,quiet_mid2,0.4493,U,0,44,0.0
D,371316,quiet_mid2,0.4493,U,0,44,0.0
D,371412,quiet_mid2,0.4493,U,0,44,0.0
D,371506,quiet_mid2,0.4493,S,0,44,0.0
D,371602,quiet_mid2,0.4493,S,0,44,0.0
D,371698,quiet_mid2,0.4493,S,0,44,0.0
D,371794,quiet_mid2,0.4492,S,0,44,0.0
D,371889,quiet_mid2,0.4492,S,0,44,0.0
D,371985,quiet_mid2,0.4492,S,0,44,0.0
D,372081,quiet_mid2,0.4492,S,0,44,0.0
D,372177,quiet_mid2,0.4492,S,0,44,0.0
D,372273,quiet_mid2,0.4492,S,0,44,0.0
D,372367,quiet_mid2,0.4492,S,0,44,0.0
D,372462,quiet_mid2,0.4492,S,0,44,0.0
D,372558,quiet_mid2,0.4493,S,0,44,0.0
D,372654,quiet_mid2,0.4494,U,0,44,0.0
D,372750,quiet_mid2,0.4494,U,0,44,0.0
D,372846,quiet_mid2,0.4495,U,0,44,0.0
D,372942,quiet_mid2,0.4495,U,0,44,0.0
D,373038,quiet_mid2,0.4495,U,0,44,0.0
D,373133,quiet_mid2,0.4496,U,0,44,0.0
D,373227,quiet_mid2,0.4498,U,0,44,0.0
D,373323,quiet_mid2,0.4498,U,0,44,0.0
D,373419,quiet_mid2,0.4499,U,0,44,0.0
D,373514,quiet_mid2,0.4500,U,0,44,0.0
D,373611,quiet_mid2,0.4501,U,0,44,0.0
D,373706,quiet_mid2,0.4501,U,0,44,0.0
D,373803,quiet_mid2,0.4502,U,0,44,0.0
D,373898,quiet_mid2,0.4502,U,0,44,0.0
D,373994,quiet_mid2,0.4502,U,0,44,0.0
D,374090,quiet_mid2,0.4502,S,0,44,0.0
D,374184,quiet_mid2,0.4502,S,0,44,0.0
D,374280,quiet_mid2,0.4502,S,0,44,0.0
D,374375,quiet_mid2,0.4501,S,0,44,0.0
D,374470,quiet_mid2,0.4500,U,0,44,0.0
D,374566,quiet_mid2,0.4500,U,0,44,0.0
D,374663,quiet_mid2,0.4499,U,0,44,0.0
D,374759,quiet_mid2,0.4499,U,0,44,0.0
D,374855,quiet_mid2,0.4499,U,0,44,0.0
D,374951,quiet_mid2,0.4499,S,0,44,0.0
D,375044,quiet_mid2,0.4498,U,0,44,0.0
D,375140,quiet_mid2,0.4498,S,0,44,0.0
D,375236,quiet_mid2,0.4498,S,0,44,0.0
D,375332,quiet_mid2,0.4498,S,0,44,0.0
D,375428,quiet_mid2,0.4498,S,0,44,0.0
D,375524,quiet_mid2,0.4498,S,0,44,0.0
D,375619,quiet_mid2,0.4497,S,0,44,0.0
D,375715,quiet_mid2,0.4496,U,0,44,0.0
D,375811,quiet_mid2,0.4496,U,0,44,0.0
D,375905,quiet_mid2,0.4495,U,0,44,0.0
D,376001,quiet_mid2,0.4494,U,0,44,0.0
D,376097,quiet_mid2,0.4494,U,0,44,0.0
D,376192,quiet_mid2,0.4493,U,0,44,0.0
D,376288,quiet_mid2,0.4493,U,0,44,0.0
D,376384,quiet_mid2,0.4493,U,0,44,0.0
D,376480,quiet_mid2,0.4493,S,0,44,0.0
D,376576,quiet_mid2,0.4493,S,0,44,0.0
D,376672,quiet_mid2,0.4494,S,0,44,0.0
D,376768,quiet_mid2,0.4494,S,0,44,0.0
D,376862,quiet_mid2,0.4494,S,0,44,0.0
D,376957,quiet_mid2,0.4494,S,0,44,0.0
D,377053,quiet_mid2,0.4494,S,0,44,0.0
E,377115,BLOCK_END,quiet_mid2
E,377119,BLOCK_START,auger15_p1
D,377161,auger15_p1,0.4494,S,15,44,0.0
D,377341,auger15_p1,0.4494,S,15,44,0.0
D,377437,auger15_p1,0.4494,S,15,44,0.0
D,377533,auger15_p1,0.4494,S,15,44,0.0
D,377628,auger15_p1,0.4494,S,15,44,0.0
D,377722,auger15_p1,0.4494,S,15,44,0.0
D,377817,auger15_p1,0.4467,U,15,44,0.0
D,377913,auger15_p1,0.4460,U,15,44,0.0
D,378009,auger15_p1,0.4457,U,15,44,0.0
D,378105,auger15_p1,0.4451,U,15,44,0.0
D,378201,auger15_p1,0.4433,U,15,44,0.0
D,378297,auger15_p1,0.4401,U,15,44,0.0
D,378393,auger15_p1,0.4364,U,15,44,0.0
D,378489,auger15_p1,0.4339,U,15,44,0.0
D,378582,auger15_p1,0.4330,U,15,44,0.0
D,378678,auger15_p1,0.4334,U,15,44,0.0
D,378774,auger15_p1,0.4346,U,15,44,0.0
D,378870,auger15_p1,0.4362,U,15,44,0.0
D,378966,auger15_p1,0.4370,U,15,44,0.0
D,379061,auger15_p1,0.4398,U,15,44,0.0
D,379157,auger15_p1,0.4415,U,15,44,0.0
D,379253,auger15_p1,0.4426,U,15,44,0.0
D,379349,auger15_p1,0.4425,U,15,44,0.0
D,379445,auger15_p1,0.4419,U,15,44,0.0
D,379539,auger15_p1,0.4415,U,15,44,0.0
D,379635,auger15_p1,0.4415,U,15,44,0.0
D,379731,auger15_p1,0.4414,U,15,44,0.0
D,379826,auger15_p1,0.4412,U,15,44,0.0
D,379922,auger15_p1,0.4409,U,15,44,0.0
D,380018,auger15_p1,0.4408,U,15,44,0.0
D,380114,auger15_p1,0.4408,U,15,44,0.0
D,380210,auger15_p1,0.4410,U,15,44,0.0
D,380306,auger15_p1,0.4414,U,15,44,0.0
D,380399,auger15_p1,0.4471,U,15,44,0.0
D,380495,auger15_p1,0.4489,U,15,44,0.0
D,380591,auger15_p1,0.4498,U,15,44,0.0
D,380687,auger15_p1,0.4499,U,15,44,0.0
D,380783,auger15_p1,0.4496,U,15,44,0.0
D,380879,auger15_p1,0.4490,U,15,44,0.0
D,380974,auger15_p1,0.4481,U,15,44,0.0
D,381070,auger15_p1,0.4476,U,15,44,0.0
D,381166,auger15_p1,0.4461,U,15,44,0.0
D,381260,auger15_p1,0.4451,U,15,44,0.0
D,381356,auger15_p1,0.4435,U,15,44,0.0
D,381452,auger15_p1,0.4414,U,15,44,0.0
D,381548,auger15_p1,0.4397,U,15,44,0.0
D,381643,auger15_p1,0.4395,U,15,44,0.0
D,381739,auger15_p1,0.4411,U,15,44,0.0
D,381835,auger15_p1,0.4437,U,15,44,0.0
D,381931,auger15_p1,0.4448,U,15,44,0.0
D,382027,auger15_p1,0.4472,U,15,44,0.0
D,382123,auger15_p1,0.4471,U,15,44,0.0
D,382217,auger15_p1,0.4461,U,15,44,0.0
D,382312,auger15_p1,0.4448,U,15,44,0.0
D,382408,auger15_p1,0.4442,U,15,44,0.0
D,382504,auger15_p1,0.4422,U,15,44,0.0
D,382600,auger15_p1,0.4408,U,15,44,0.0
D,382696,auger15_p1,0.4393,U,15,44,0.0
D,382792,auger15_p1,0.4381,U,15,44,0.0
D,382887,auger15_p1,0.4378,U,15,44,0.0
D,382983,auger15_p1,0.4388,U,15,44,0.0
D,383077,auger15_p1,0.4413,U,15,44,0.0
D,383173,auger15_p1,0.4430,U,15,44,0.0
D,383269,auger15_p1,0.4474,U,15,44,0.0
D,383365,auger15_p1,0.4488,U,15,44,0.0
D,383461,auger15_p1,0.4487,U,15,44,0.0
D,383556,auger15_p1,0.4477,U,15,44,0.0
D,383652,auger15_p1,0.4465,U,15,44,0.0
D,383748,auger15_p1,0.4461,U,15,44,0.0
D,383844,auger15_p1,0.4464,U,15,44,0.0
D,383938,auger15_p1,0.4467,U,15,44,0.0
D,384034,auger15_p1,0.4469,U,15,44,0.0
D,384129,auger15_p1,0.4468,U,15,44,0.0
D,384225,auger15_p1,0.4465,U,15,44,0.0
D,384321,auger15_p1,0.4460,U,15,44,0.0
D,384417,auger15_p1,0.4412,U,15,44,0.0
D,384513,auger15_p1,0.4396,U,15,44,0.0
D,384609,auger15_p1,0.4392,U,15,44,0.0
D,384704,auger15_p1,0.4398,U,15,44,0.0
D,384798,auger15_p1,0.4398,U,15,44,0.0
D,384894,auger15_p1,0.4378,U,15,44,0.0
D,384990,auger15_p1,0.4348,U,15,44,0.0
D,385086,auger15_p1,0.4328,U,15,44,0.0
D,385182,auger15_p1,0.4325,U,15,44,0.0
D,385278,auger15_p1,0.4327,U,15,44,0.0
D,385373,auger15_p1,0.4324,U,15,44,0.0
D,385469,auger15_p1,0.4323,U,15,44,0.0
D,385565,auger15_p1,0.4334,U,15,44,0.0
D,385661,auger15_p1,0.4346,U,15,44,0.0
D,385755,auger15_p1,0.4384,U,15,44,0.0
D,385851,auger15_p1,0.4403,U,15,44,0.0
D,385946,auger15_p1,0.4414,U,15,44,0.0
D,386042,auger15_p1,0.4418,U,15,44,0.0
D,386138,auger15_p1,0.4417,U,15,44,0.0
D,386234,auger15_p1,0.4410,U,15,44,0.0
D,386330,auger15_p1,0.4401,U,15,44,0.0
D,386426,auger15_p1,0.4398,U,15,44,0.0
D,386522,auger15_p1,0.4396,U,15,44,0.0
D,386615,auger15_p1,0.4395,U,15,44,0.0
D,386712,auger15_p1,0.4394,U,15,44,0.0
D,386807,auger15_p1,0.4393,U,15,44,0.0
D,386903,auger15_p1,0.4393,U,15,44,0.0
D,386999,auger15_p1,0.4394,U,15,44,0.0
D,387095,auger15_p1,0.4396,U,15,44,0.0
D,387191,auger15_p1,0.4396,U,15,44,0.0
D,387286,auger15_p1,0.4395,U,15,44,0.0
D,387382,auger15_p1,0.4394,U,15,44,0.0
D,387476,auger15_p1,0.4394,U,15,44,0.0
D,387572,auger15_p1,0.4396,U,15,44,0.0
D,387668,auger15_p1,0.4446,U,15,44,0.0
D,387763,auger15_p1,0.4454,U,15,44,0.0
D,387860,auger15_p1,0.4448,U,15,44,0.0
D,387955,auger15_p1,0.4436,U,15,44,0.0
D,388051,auger15_p1,0.4424,U,15,44,0.0
D,388147,auger15_p1,0.4422,U,15,44,0.0
D,388243,auger15_p1,0.4423,U,15,44,0.0
D,388339,auger15_p1,0.4426,U,15,44,0.0
D,388433,auger15_p1,0.4429,U,15,44,0.0
D,388534,auger15_p1,0.4431,U,15,44,0.0
D,388624,auger15_p1,0.4435,U,15,44,0.0
D,388720,auger15_p1,0.4473,U,15,44,0.0
D,388816,auger15_p1,0.4484,U,15,44,0.0
D,388912,auger15_p1,0.4485,U,15,44,0.0
D,389007,auger15_p1,0.4479,U,15,44,0.0
D,389104,auger15_p1,0.4469,U,15,44,0.0
D,389199,auger15_p1,0.4462,U,15,44,0.0
D,389293,auger15_p1,0.4438,U,15,44,0.0
D,389389,auger15_p1,0.4423,U,15,44,0.0
D,389485,auger15_p1,0.4408,U,15,44,0.0
D,389581,auger15_p1,0.4391,U,15,44,0.0
D,389676,auger15_p1,0.4374,U,15,44,0.0
D,389772,auger15_p1,0.4367,U,15,44,0.0
D,389868,auger15_p1,0.4374,U,15,44,0.0
D,389964,auger15_p1,0.4397,U,15,44,0.0
D,390060,auger15_p1,0.4412,U,15,44,0.0
D,390154,auger15_p1,0.4451,U,15,44,0.0
D,390249,auger15_p1,0.4458,U,15,44,0.0
D,390345,auger15_p1,0.4443,U,15,44,0.0
D,390441,auger15_p1,0.4409,U,15,44,0.0
D,390537,auger15_p1,0.4362,U,15,44,0.0
D,390633,auger15_p1,0.4316,U,15,44,0.0
D,390729,auger15_p1,0.4286,U,15,44,0.0
D,390825,auger15_p1,0.4286,U,15,44,0.0
D,390921,auger15_p1,0.4314,U,15,44,0.0
D,391016,auger15_p1,0.4352,U,15,44,0.0
D,391110,auger15_p1,0.4380,U,15,44,0.0
D,391206,auger15_p1,0.4391,U,15,44,0.0
D,391302,auger15_p1,0.4392,U,15,44,0.0
D,391398,auger15_p1,0.4394,U,15,44,0.0
D,391493,auger15_p1,0.4401,U,15,44,0.0
D,391589,auger15_p1,0.4414,U,15,44,0.0
D,391685,auger15_p1,0.4426,U,15,44,0.0
D,391781,auger15_p1,0.4433,U,15,44,0.0
D,391877,auger15_p1,0.4434,U,15,44,0.0
D,391971,auger15_p1,0.4431,U,15,44,0.0
D,392067,auger15_p1,0.4424,U,15,44,0.0
E,392131,BLOCK_END,auger15_p1
E,392133,BLOCK_START,post_auger15_p1
D,392163,post_auger15_p1,0.4418,U,0,44,0.0
D,392258,post_auger15_p1,0.4412,U,0,44,0.0
D,392354,post_auger15_p1,0.4393,U,0,44,0.0
D,392450,post_auger15_p1,0.4398,U,0,44,0.0
D,392546,post_auger15_p1,0.4411,U,0,44,0.0
D,392642,post_auger15_p1,0.4419,U,0,44,0.0
D,392738,post_auger15_p1,0.4427,U,0,44,0.0
D,392832,post_auger15_p1,0.4449,U,0,44,0.0
D,392927,post_auger15_p1,0.4449,U,0,44,0.0
D,393023,post_auger15_p1,0.4445,U,0,44,0.0
D,393119,post_auger15_p1,0.4442,U,0,44,0.0
D,393215,post_auger15_p1,0.4442,U,0,44,0.0
D,393311,post_auger15_p1,0.4442,U,0,44,0.0
D,393407,post_auger15_p1,0.4442,U,0,44,0.0
D,393502,post_auger15_p1,0.4442,U,0,44,0.0
D,393598,post_auger15_p1,0.4442,S,0,44,0.0
D,393692,post_auger15_p1,0.4442,S,0,44,0.0
D,393788,post_auger15_p1,0.4442,S,0,44,0.0
D,393884,post_auger15_p1,0.4442,S,0,44,0.0
D,393980,post_auger15_p1,0.4442,S,0,44,0.0
D,394076,post_auger15_p1,0.4443,S,0,44,0.0
D,394171,post_auger15_p1,0.4443,S,0,44,0.0
D,394267,post_auger15_p1,0.4443,S,0,44,0.0
D,394363,post_auger15_p1,0.4443,S,0,44,0.0
D,394459,post_auger15_p1,0.4443,S,0,44,0.0
D,394555,post_auger15_p1,0.4443,S,0,44,0.0
D,394649,post_auger15_p1,0.4443,S,0,44,0.0
D,394745,post_auger15_p1,0.4443,S,0,44,0.0
D,394841,post_auger15_p1,0.4443,S,0,44,0.0
D,394936,post_auger15_p1,0.4443,S,0,44,0.0
D,395032,post_auger15_p1,0.4443,S,0,44,0.0
D,395128,post_auger15_p1,0.4443,S,0,44,0.0
D,395224,post_auger15_p1,0.4443,S,0,44,0.0
D,395320,post_auger15_p1,0.4443,S,0,44,0.0
D,395416,post_auger15_p1,0.4442,S,0,44,0.0
D,395510,post_auger15_p1,0.4442,S,0,44,0.0
D,395605,post_auger15_p1,0.4442,S,0,44,0.0
D,395701,post_auger15_p1,0.4442,S,0,44,0.0
D,395797,post_auger15_p1,0.4442,S,0,44,0.0
D,395893,post_auger15_p1,0.4442,S,0,44,0.0
D,395989,post_auger15_p1,0.4442,S,0,44,0.0
D,396085,post_auger15_p1,0.4442,S,0,44,0.0
D,396181,post_auger15_p1,0.4441,S,0,44,0.0
D,396277,post_auger15_p1,0.4441,S,0,44,0.0
D,396370,post_auger15_p1,0.4441,S,0,44,0.0
D,396466,post_auger15_p1,0.4438,U,0,44,0.0
D,396562,post_auger15_p1,0.4438,U,0,44,0.0
D,396658,post_auger15_p1,0.4438,U,0,44,0.0
D,396753,post_auger15_p1,0.4437,U,0,44,0.0
D,396849,post_auger15_p1,0.4437,U,0,44,0.0
D,396945,post_auger15_p1,0.4436,U,0,44,0.0
D,397041,post_auger15_p1,0.4436,U,0,44,0.0
D,397137,post_auger15_p1,0.4436,U,0,44,0.0
D,397233,post_auger15_p1,0.4435,U,0,44,0.0
D,397327,post_auger15_p1,0.4435,U,0,44,0.0
D,397422,post_auger15_p1,0.4435,S,0,44,0.0
D,397518,post_auger15_p1,0.4435,S,0,44,0.0
D,397614,post_auger15_p1,0.4434,U,0,44,0.0
D,397710,post_auger15_p1,0.4434,S,0,44,0.0
D,397806,post_auger15_p1,0.4434,S,0,44,0.0
D,397902,post_auger15_p1,0.4434,S,0,44,0.0
D,397997,post_auger15_p1,0.4434,S,0,44,0.0
D,398093,post_auger15_p1,0.4434,S,0,44,0.0
D,398187,post_auger15_p1,0.4433,S,0,44,0.0
D,398283,post_auger15_p1,0.4433,S,0,44,0.0
D,398379,post_auger15_p1,0.4432,U,0,44,0.0
D,398475,post_auger15_p1,0.4432,U,0,44,0.0
D,398571,post_auger15_p1,0.4431,U,0,44,0.0
D,398666,post_auger15_p1,0.4431,U,0,44,0.0
D,398762,post_auger15_p1,0.4431,U,0,44,0.0
D,398858,post_auger15_p1,0.4430,U,0,44,0.0
D,398954,post_auger15_p1,0.4430,U,0,44,0.0
D,399048,post_auger15_p1,0.4429,U,0,44,0.0
D,399144,post_auger15_p1,0.4429,U,0,44,0.0
D,399239,post_auger15_p1,0.4429,U,0,44,0.0
D,399335,post_auger15_p1,0.4428,U,0,44,0.0
D,399431,post_auger15_p1,0.4427,U,0,44,0.0
D,399527,post_auger15_p1,0.4427,U,0,44,0.0
D,399623,post_auger15_p1,0.4426,U,0,44,0.0
D,399719,post_auger15_p1,0.4426,U,0,44,0.0
D,399815,post_auger15_p1,0.4426,U,0,44,0.0
D,399911,post_auger15_p1,0.4425,U,0,44,0.0
D,400004,post_auger15_p1,0.4425,U,0,44,0.0
D,400100,post_auger15_p1,0.4424,U,0,44,0.0
D,400207,post_auger15_p1,0.4424,U,0,44,0.0
D,400388,post_auger15_p1,0.4424,S,0,44,0.0
D,400483,post_auger15_p1,0.4423,U,0,44,0.0
D,400579,post_auger15_p1,0.4423,S,0,44,0.0
D,400675,post_auger15_p1,0.4422,U,0,44,0.0
D,400771,post_auger15_p1,0.4422,U,0,44,0.0
D,400865,post_auger15_p1,0.4421,U,0,44,0.0
D,400961,post_auger15_p1,0.4421,U,0,44,0.0
D,401057,post_auger15_p1,0.4420,U,0,44,0.0
D,401152,post_auger15_p1,0.4420,U,0,44,0.0
D,401248,post_auger15_p1,0.4419,U,0,44,0.0
D,401344,post_auger15_p1,0.4419,U,0,44,0.0
D,401440,post_auger15_p1,0.4418,U,0,44,0.0
D,401536,post_auger15_p1,0.4418,U,0,44,0.0
D,401632,post_auger15_p1,0.4417,U,0,44,0.0
D,401725,post_auger15_p1,0.4417,U,0,44,0.0
D,401821,post_auger15_p1,0.4416,U,0,44,0.0
D,401917,post_auger15_p1,0.4416,U,0,44,0.0
D,402013,post_auger15_p1,0.4415,U,0,44,0.0
D,402109,post_auger15_p1,0.4414,U,0,44,0.0
D,402205,post_auger15_p1,0.4414,U,0,44,0.0
D,402301,post_auger15_p1,0.4414,U,0,44,0.0
D,402396,post_auger15_p1,0.4413,U,0,44,0.0
D,402492,post_auger15_p1,0.4413,U,0,44,0.0
D,402588,post_auger15_p1,0.4413,S,0,44,0.0
D,402682,post_auger15_p1,0.4412,U,0,44,0.0
D,402778,post_auger15_p1,0.4412,U,0,44,0.0
D,402874,post_auger15_p1,0.4412,S,0,44,0.0
D,402970,post_auger15_p1,0.4412,S,0,44,0.0
D,403065,post_auger15_p1,0.4412,S,0,44,0.0
D,403161,post_auger15_p1,0.4412,S,0,44,0.0
D,403257,post_auger15_p1,0.4412,S,0,44,0.0
D,403353,post_auger15_p1,0.4412,S,0,44,0.0
D,403449,post_auger15_p1,0.4412,S,0,44,0.0
D,403542,post_auger15_p1,0.4412,S,0,44,0.0
D,403638,post_auger15_p1,0.4412,S,0,44,0.0
D,403734,post_auger15_p1,0.4412,S,0,44,0.0
D,403830,post_auger15_p1,0.4412,S,0,44,0.0
D,403926,post_auger15_p1,0.4412,S,0,44,0.0
D,404022,post_auger15_p1,0.4412,S,0,44,0.0
D,404118,post_auger15_p1,0.4412,S,0,44,0.0
D,404214,post_auger15_p1,0.4412,S,0,44,0.0
D,404309,post_auger15_p1,0.4412,S,0,44,0.0
D,404404,post_auger15_p1,0.4412,S,0,44,0.0
D,404499,post_auger15_p1,0.4412,S,0,44,0.0
D,404595,post_auger15_p1,0.4413,S,0,44,0.0
D,404691,post_auger15_p1,0.4413,S,0,44,0.0
D,404787,post_auger15_p1,0.4413,S,0,44,0.0
D,404883,post_auger15_p1,0.4413,S,0,44,0.0
D,404979,post_auger15_p1,0.4413,S,0,44,0.0
D,405075,post_auger15_p1,0.4413,S,0,44,0.0
D,405170,post_auger15_p1,0.4413,S,0,44,0.0
D,405264,post_auger15_p1,0.4413,S,0,44,0.0
D,405360,post_auger15_p1,0.4412,S,0,44,0.0
D,405456,post_auger15_p1,0.4412,S,0,44,0.0
D,405552,post_auger15_p1,0.4412,S,0,44,0.0
D,405648,post_auger15_p1,0.4412,S,0,44,0.0
D,405743,post_auger15_p1,0.4412,S,0,44,0.0
D,405839,post_auger15_p1,0.4412,S,0,44,0.0
D,405935,post_auger15_p1,0.4412,S,0,44,0.0
D,406031,post_auger15_p1,0.4412,S,0,44,0.0
D,406127,post_auger15_p1,0.4412,S,0,44,0.0
D,406221,post_auger15_p1,0.4412,S,0,44,0.0
D,406317,post_auger15_p1,0.4412,S,0,44,0.0
D,406412,post_auger15_p1,0.4412,S,0,44,0.0
D,406508,post_auger15_p1,0.4412,S,0,44,0.0
D,406604,post_auger15_p1,0.4412,S,0,44,0.0
D,406700,post_auger15_p1,0.4412,S,0,44,0.0
D,406796,post_auger15_p1,0.4412,S,0,44,0.0
D,406892,post_auger15_p1,0.4412,S,0,44,0.0
D,406988,post_auger15_p1,0.4412,S,0,44,0.0
D,407082,post_auger15_p1,0.4412,S,0,44,0.0
E,407145,BLOCK_END,post_auger15_p1
E,407148,BLOCK_START,auger30_p1
D,407178,auger30_p1,0.4412,S,30,44,0.0
D,407273,auger30_p1,0.4412,S,30,44,0.0
D,407369,auger30_p1,0.4412,S,30,44,0.0
D,407465,auger30_p1,0.4412,S,30,44,0.0
D,407561,auger30_p1,0.4412,S,30,44,0.0
D,407657,auger30_p1,0.4412,S,30,44,0.0
D,407753,auger30_p1,0.4412,S,30,44,0.0
D,407849,auger30_p1,0.4412,S,30,44,0.0
D,407942,auger30_p1,0.4415,U,30,44,0.0
D,408037,auger30_p1,0.4415,U,30,44,0.0
D,408133,auger30_p1,0.4414,U,30,44,0.0
D,408229,auger30_p1,0.4412,U,30,44,0.0
D,408325,auger30_p1,0.4349,U,30,44,0.0
D,408420,auger30_p1,0.4324,U,30,44,0.0
D,408516,auger30_p1,0.4316,U,30,44,0.0
D,408612,auger30_p1,0.4329,U,30,44,0.0
D,408708,auger30_p1,0.4352,U,30,44,0.0
D,408804,auger30_p1,0.4366,U,30,44,0.0
D,408898,auger30_p1,0.4363,U,30,44,0.0
D,408993,auger30_p1,0.4356,U,30,44,0.0
D,409089,auger30_p1,0.4350,U,30,44,0.0
D,409185,auger30_p1,0.4346,U,30,44,0.0
D,409281,auger30_p1,0.4347,U,30,44,0.0
D,409377,auger30_p1,0.4351,U,30,44,0.0
D,409473,auger30_p1,0.4398,U,30,44,0.0
D,409569,auger30_p1,0.4414,U,30,44,0.0
D,409664,auger30_p1,0.4422,U,30,44,0.0
D,409758,auger30_p1,0.4428,U,30,44,0.0
D,409854,auger30_p1,0.4432,U,30,44,0.0
D,409950,auger30_p1,0.4432,U,30,44,0.0
D,410046,auger30_p1,0.4426,U,30,44,0.0
D,410142,auger30_p1,0.4420,U,30,44,0.0
D,410237,auger30_p1,0.4412,U,30,44,0.0
D,410333,auger30_p1,0.4374,U,30,44,0.0
D,410429,auger30_p1,0.4351,U,30,44,0.0
D,410525,auger30_p1,0.4338,U,30,44,0.0
D,410619,auger30_p1,0.4344,U,30,44,0.0
D,410715,auger30_p1,0.4360,U,30,44,0.0
D,410810,auger30_p1,0.4372,U,30,44,0.0
D,410907,auger30_p1,0.4372,U,30,44,0.0
D,411002,auger30_p1,0.4372,U,30,44,0.0
D,411098,auger30_p1,0.4384,U,30,44,0.0
D,411194,auger30_p1,0.4414,U,30,44,0.0
D,411290,auger30_p1,0.4448,U,30,44,0.0
D,411386,auger30_p1,0.4466,U,30,44,0.0
D,411481,auger30_p1,0.4459,U,30,44,0.0
D,411575,auger30_p1,0.4441,U,30,44,0.0
D,411671,auger30_p1,0.4424,U,30,44,0.0
D,411767,auger30_p1,0.4412,U,30,44,0.0
D,411874,auger30_p1,0.4400,U,30,44,0.0
D,412054,auger30_p1,0.4391,U,30,44,0.0
D,412150,auger30_p1,0.4400,U,30,44,0.0
D,412246,auger30_p1,0.4407,U,30,44,0.0
D,412342,auger30_p1,0.4404,U,30,44,0.0
D,412436,auger30_p1,0.4398,U,30,44,0.0
D,412532,auger30_p1,0.4392,U,30,44,0.0
D,412628,auger30_p1,0.4387,U,30,44,0.0
D,412723,auger30_p1,0.4371,U,30,44,0.0
D,412819,auger30_p1,0.4371,U,30,44,0.0
D,412915,auger30_p1,0.4364,U,30,44,0.0
D,413011,auger30_p1,0.4360,U,30,44,0.0
D,413107,auger30_p1,0.4359,U,30,44,0.0
D,413203,auger30_p1,0.4362,U,30,44,0.0
D,413297,auger30_p1,0.4371,U,30,44,0.0
D,413392,auger30_p1,0.4442,U,30,44,0.0
D,413488,auger30_p1,0.4461,U,30,44,0.0
D,413584,auger30_p1,0.4456,U,30,44,0.0
D,413680,auger30_p1,0.4434,U,30,44,0.0
D,413776,auger30_p1,0.4416,U,30,44,0.0
D,413872,auger30_p1,0.4413,U,30,44,0.0
D,413967,auger30_p1,0.4420,U,30,44,0.0
D,414063,auger30_p1,0.4426,U,30,44,0.0
D,414159,auger30_p1,0.4422,U,30,44,0.0
D,414253,auger30_p1,0.4414,U,30,44,0.0
D,414349,auger30_p1,0.4403,U,30,44,0.0
D,414445,auger30_p1,0.4354,U,30,44,0.0
D,414540,auger30_p1,0.4338,U,30,44,0.0
D,414636,auger30_p1,0.4341,U,30,44,0.0
D,414732,auger30_p1,0.4360,U,30,44,0.0
D,414828,auger30_p1,0.4384,U,30,44,0.0
D,414924,auger30_p1,0.4393,U,30,44,0.0
D,415020,auger30_p1,0.4407,U,30,44,0.0
D,415113,auger30_p1,0.4412,U,30,44,0.0
D,415210,auger30_p1,0.4427,U,30,44,0.0
D,415305,auger30_p1,0.4451,U,30,44,0.0
D,415401,auger30_p1,0.4467,U,30,44,0.0
D,415497,auger30_p1,0.4459,U,30,44,0.0
D,415593,auger30_p1,0.4435,U,30,44,0.0
D,415689,auger30_p1,0.4415,U,30,44,0.0
D,415785,auger30_p1,0.4414,U,30,44,0.0
D,415880,auger30_p1,0.4429,U,30,44,0.0
D,415974,auger30_p1,0.4442,U,30,44,0.0
D,416070,auger30_p1,0.4442,U,30,44,0.0
D,416166,auger30_p1,0.4437,U,30,44,0.0
D,416262,auger30_p1,0.4431,U,30,44,0.0
D,416358,auger30_p1,0.4425,U,30,44,0.0
D,416454,auger30_p1,0.4423,U,30,44,0.0
D,416549,auger30_p1,0.4424,U,30,44,0.0
D,416645,auger30_p1,0.4428,U,30,44,0.0
D,416741,auger30_p1,0.4486,U,30,44,0.0
D,416837,auger30_p1,0.4509,U,30,44,0.0
D,416931,auger30_p1,0.4515,U,30,44,0.0
D,417026,auger30_p1,0.4497,U,30,44,0.0
D,417122,auger30_p1,0.4467,U,30,44,0.0
D,417218,auger30_p1,0.4443,U,30,44,0.0
D,417314,auger30_p1,0.4439,U,30,44,0.0
D,417410,auger30_p1,0.4457,U,30,44,0.0
D,417506,auger30_p1,0.4486,U,30,44,0.0
D,417602,auger30_p1,0.4505,U,30,44,0.0
D,417698,auger30_p1,0.4496,U,30,44,0.0
D,417791,auger30_p1,0.4456,U,30,44,0.0
D,417887,auger30_p1,0.4406,U,30,44,0.0
D,417983,auger30_p1,0.4371,U,30,44,0.0
D,418079,auger30_p1,0.4363,U,30,44,0.0
D,418175,auger30_p1,0.4372,U,30,44,0.0
D,418271,auger30_p1,0.4378,U,30,44,0.0
D,418366,auger30_p1,0.4373,U,30,44,0.0
D,418462,auger30_p1,0.4362,U,30,44,0.0
D,418558,auger30_p1,0.4362,U,30,44,0.0
D,418652,auger30_p1,0.4365,U,30,44,0.0
D,418748,auger30_p1,0.4369,U,30,44,0.0
D,418844,auger30_p1,0.4370,U,30,44,0.0
D,418940,auger30_p1,0.4368,U,30,44,0.0
D,419035,auger30_p1,0.4365,U,30,44,0.0
D,419131,auger30_p1,0.4363,U,30,44,0.0
D,419227,auger30_p1,0.4365,U,30,44,0.0
D,419323,auger30_p1,0.4368,U,30,44,0.0
D,419419,auger30_p1,0.4424,U,30,44,0.0
D,419513,auger30_p1,0.4441,U,30,44,0.0
D,419608,auger30_p1,0.4452,U,30,44,0.0
D,419704,auger30_p1,0.4459,U,30,44,0.0
D,419800,auger30_p1,0.4459,U,30,44,0.0
D,419896,auger30_p1,0.4450,U,30,44,0.0
D,419992,auger30_p1,0.4438,U,30,44,0.0
D,420088,auger30_p1,0.4433,U,30,44,0.0
D,420184,auger30_p1,0.4431,U,30,44,0.0
D,420279,auger30_p1,0.4426,U,30,44,0.0
D,420375,auger30_p1,0.4421,U,30,44,0.0
D,420469,auger30_p1,0.4416,U,30,44,0.0
D,420565,auger30_p1,0.4410,U,30,44,0.0
D,420661,auger30_p1,0.4391,U,30,44,0.0
D,420757,auger30_p1,0.4387,U,30,44,0.0
D,420852,auger30_p1,0.4382,U,30,44,0.0
D,420948,auger30_p1,0.4373,U,30,44,0.0
D,421044,auger30_p1,0.4364,U,30,44,0.0
D,421140,auger30_p1,0.4364,U,30,44,0.0
D,421236,auger30_p1,0.4371,U,30,44,0.0
D,421330,auger30_p1,0.4383,U,30,44,0.0
D,421425,auger30_p1,0.4440,U,30,44,0.0
D,421521,auger30_p1,0.4467,U,30,44,0.0
D,421617,auger30_p1,0.4479,U,30,44,0.0
D,421713,auger30_p1,0.4472,U,30,44,0.0
D,421809,auger30_p1,0.4450,U,30,44,0.0
D,421905,auger30_p1,0.4424,U,30,44,0.0
D,422001,auger30_p1,0.4407,U,30,44,0.0
D,422096,auger30_p1,0.4406,U,30,44,0.0
E,422159,BLOCK_END,auger30_p1
E,422161,BLOCK_START,post_auger30_p1
D,422190,post_auger30_p1,0.4414,U,0,44,0.0
D,422286,post_auger30_p1,0.4416,U,0,44,0.0
D,422382,post_auger30_p1,0.4404,U,0,44,0.0
D,422478,post_auger30_p1,0.4394,U,0,44,0.0
D,422574,post_auger30_p1,0.4386,U,0,44,0.0
D,422669,post_auger30_p1,0.4373,U,0,44,0.0
D,422765,post_auger30_p1,0.4389,U,0,44,0.0
D,422861,post_auger30_p1,0.4413,U,0,44,0.0
D,422957,post_auger30_p1,0.4438,U,0,44,0.0
D,423053,post_auger30_p1,0.4458,U,0,44,0.0
D,423147,post_auger30_p1,0.4470,U,0,44,0.0
D,423248,post_auger30_p1,0.4475,U,0,44,0.0
D,423338,post_auger30_p1,0.4477,U,0,44,0.0
D,423434,post_auger30_p1,0.4478,U,0,44,0.0
D,423530,post_auger30_p1,0.4479,U,0,44,0.0
D,423626,post_auger30_p1,0.4480,U,0,44,0.0
D,423722,post_auger30_p1,0.4481,U,0,44,0.0
D,423818,post_auger30_p1,0.4482,U,0,44,0.0
D,423913,post_auger30_p1,0.4483,U,0,44,0.0
D,424007,post_auger30_p1,0.4483,U,0,44,0.0
D,424103,post_auger30_p1,0.4484,U,0,44,0.0
D,424199,post_auger30_p1,0.4484,U,0,44,0.0
D,424295,post_auger30_p1,0.4484,U,0,44,0.0
D,424391,post_auger30_p1,0.4484,S,0,44,0.0
D,424487,post_auger30_p1,0.4485,U,0,44,0.0
D,424583,post_auger30_p1,0.4485,S,0,44,0.0
D,424678,post_auger30_p1,0.4485,S,0,44,0.0
D,424774,post_auger30_p1,0.4486,U,0,44,0.0
D,424868,post_auger30_p1,0.4486,U,0,44,0.0
D,424964,post_auger30_p1,0.4486,S,0,44,0.0
D,425060,post_auger30_p1,0.4486,S,0,44,0.0
D,425156,post_auger30_p1,0.4486,S,0,44,0.0
D,425252,post_auger30_p1,0.4486,S,0,44,0.0
D,425347,post_auger30_p1,0.4486,S,0,44,0.0
D,425444,post_auger30_p1,0.4487,S,0,44,0.0
D,425539,post_auger30_p1,0.4487,S,0,44,0.0
D,425635,post_auger30_p1,0.4488,U,0,44,0.0
D,425731,post_auger30_p1,0.4488,U,0,44,0.0
D,425825,post_auger30_p1,0.4488,U,0,44,0.0
D,425921,post_auger30_p1,0.4489,U,0,44,0.0
D,426017,post_auger30_p1,0.4489,U,0,44,0.0
D,426112,post_auger30_p1,0.4489,S,0,44,0.0
D,426208,post_auger30_p1,0.4489,S,0,44,0.0
D,426304,post_auger30_p1,0.4489,S,0,44,0.0
D,426400,post_auger30_p1,0.4488,S,0,44,0.0
D,426496,post_auger30_p1,0.4488,S,0,44,0.0
D,426592,post_auger30_p1,0.4488,S,0,44,0.0
D,426685,post_auger30_p1,0.4488,S,0,44,0.0
D,426781,post_auger30_p1,0.4488,S,0,44,0.0
D,426877,post_auger30_p1,0.4488,S,0,44,0.0
D,426973,post_auger30_p1,0.4488,S,0,44,0.0
D,427069,post_auger30_p1,0.4488,S,0,44,0.0
D,427165,post_auger30_p1,0.4488,S,0,44,0.0
D,427261,post_auger30_p1,0.4488,S,0,44,0.0
D,427356,post_auger30_p1,0.4488,S,0,44,0.0
D,427452,post_auger30_p1,0.4488,S,0,44,0.0
D,427546,post_auger30_p1,0.4488,S,0,44,0.0
D,427642,post_auger30_p1,0.4488,S,0,44,0.0
D,427738,post_auger30_p1,0.4488,S,0,44,0.0
D,427834,post_auger30_p1,0.4488,S,0,44,0.0
D,427930,post_auger30_p1,0.4488,S,0,44,0.0
D,428026,post_auger30_p1,0.4488,S,0,44,0.0
D,428121,post_auger30_p1,0.4489,S,0,44,0.0
D,428217,post_auger30_p1,0.4489,S,0,44,0.0
D,428313,post_auger30_p1,0.4493,U,0,44,0.0
D,428409,post_auger30_p1,0.4493,U,0,44,0.0
D,428503,post_auger30_p1,0.4494,U,0,44,0.0
D,428598,post_auger30_p1,0.4494,U,0,44,0.0
D,428694,post_auger30_p1,0.4495,U,0,44,0.0
D,428790,post_auger30_p1,0.4495,U,0,44,0.0
D,428886,post_auger30_p1,0.4495,U,0,44,0.0
D,428982,post_auger30_p1,0.4495,S,0,44,0.0
D,429078,post_auger30_p1,0.4495,S,0,44,0.0
D,429173,post_auger30_p1,0.4495,S,0,44,0.0
D,429269,post_auger30_p1,0.4496,S,0,44,0.0
D,429363,post_auger30_p1,0.4496,S,0,44,0.0
D,429459,post_auger30_p1,0.4496,S,0,44,0.0
D,429555,post_auger30_p1,0.4496,S,0,44,0.0
D,429651,post_auger30_p1,0.4496,S,0,44,0.0
D,429746,post_auger30_p1,0.4496,S,0,44,0.0
D,429842,post_auger30_p1,0.4496,S,0,44,0.0
D,429938,post_auger30_p1,0.4496,S,0,44,0.0
D,430034,post_auger30_p1,0.4496,S,0,44,0.0
D,430130,post_auger30_p1,0.4496,S,0,44,0.0
D,430224,post_auger30_p1,0.4496,S,0,44,0.0
D,430320,post_auger30_p1,0.4496,S,0,44,0.0
D,430416,post_auger30_p1,0.4496,S,0,44,0.0
D,430511,post_auger30_p1,0.4496,S,0,44,0.0
D,430607,post_auger30_p1,0.4496,S,0,44,0.0
D,430703,post_auger30_p1,0.4496,S,0,44,0.0
D,430799,post_auger30_p1,0.4496,S,0,44,0.0
D,430895,post_auger30_p1,0.4496,S,0,44,0.0
D,430991,post_auger30_p1,0.4496,S,0,44,0.0
D,431085,post_auger30_p1,0.4496,S,0,44,0.0
D,431180,post_auger30_p1,0.4496,S,0,44,0.0
D,431276,post_auger30_p1,0.4495,S,0,44,0.0
D,431372,post_auger30_p1,0.4495,S,0,44,0.0
D,431468,post_auger30_p1,0.4495,S,0,44,0.0
D,431564,post_auger30_p1,0.4495,S,0,44,0.0
D,431660,post_auger30_p1,0.4495,S,0,44,0.0
D,431756,post_auger30_p1,0.4495,S,0,44,0.0
D,431851,post_auger30_p1,0.4495,S,0,44,0.0
D,431947,post_auger30_p1,0.4495,S,0,44,0.0
D,432041,post_auger30_p1,0.4495,S,0,44,0.0
D,432137,post_auger30_p1,0.4494,S,0,44,0.0
D,432233,post_auger30_p1,0.4494,S,0,44,0.0
D,432329,post_auger30_p1,0.4494,S,0,44,0.0
D,432425,post_auger30_p1,0.4494,S,0,44,0.0
D,432520,post_auger30_p1,0.4491,U,0,44,0.0
D,432616,post_auger30_p1,0.4491,U,0,44,0.0
D,432712,post_auger30_p1,0.4491,U,0,44,0.0
D,432808,post_auger30_p1,0.4490,U,0,44,0.0
D,432901,post_auger30_p1,0.4490,U,0,44,0.0
D,432997,post_auger30_p1,0.4490,S,0,44,0.0
D,433093,post_auger30_p1,0.4490,S,0,44,0.0
D,433189,post_auger30_p1,0.4490,S,0,44,0.0
D,433285,post_auger30_p1,0.4490,S,0,44,0.0
D,433381,post_auger30_p1,0.4490,S,0,44,0.0
D,433476,post_auger30_p1,0.4490,S,0,44,0.0
D,433572,post_auger30_p1,0.4490,S,0,44,0.0
D,433668,post_auger30_p1,0.4489,S,0,44,0.0
D,433762,post_auger30_p1,0.4489,S,0,44,0.0
D,433858,post_auger30_p1,0.4489,S,0,44,0.0
D,433954,post_auger30_p1,0.4489,S,0,44,0.0
D,434050,post_auger30_p1,0.4489,S,0,44,0.0
D,434146,post_auger30_p1,0.4489,S,0,44,0.0
D,434241,post_auger30_p1,0.4489,S,0,44,0.0
D,434337,post_auger30_p1,0.4489,S,0,44,0.0
D,434433,post_auger30_p1,0.4489,S,0,44,0.0
D,434529,post_auger30_p1,0.4489,S,0,44,0.0
D,434625,post_auger30_p1,0.4489,S,0,44,0.0
D,434719,post_auger30_p1,0.4489,S,0,44,0.0
D,434815,post_auger30_p1,0.4489,S,0,44,0.0
D,434910,post_auger30_p1,0.4489,S,0,44,0.0
D,435006,post_auger30_p1,0.4489,S,0,44,0.0
D,435102,post_auger30_p1,0.4489,S,0,44,0.0
D,435203,post_auger30_p1,0.4489,S,0,44,0.0
D,435294,post_auger30_p1,0.4489,S,0,44,0.0
D,435390,post_auger30_p1,0.4489,S,0,44,0.0
D,435486,post_auger30_p1,0.4489,S,0,44,0.0
D,435579,post_auger30_p1,0.4489,S,0,44,0.0
D,435676,post_auger30_p1,0.4489,S,0,44,0.0
D,435771,post_auger30_p1,0.4489,S,0,44,0.0
D,435867,post_auger30_p1,0.4489,S,0,44,0.0
D,435963,post_auger30_p1,0.4489,S,0,44,0.0
D,436059,post_auger30_p1,0.4489,S,0,44,0.0
D,436155,post_auger30_p1,0.4489,S,0,44,0.0
D,436251,post_auger30_p1,0.4490,S,0,44,0.0
D,436346,post_auger30_p1,0.4490,S,0,44,0.0
D,436440,post_auger30_p1,0.4490,S,0,44,0.0
D,436536,post_auger30_p1,0.4490,S,0,44,0.0
D,436632,post_auger30_p1,0.4490,S,0,44,0.0
D,436728,post_auger30_p1,0.4490,S,0,44,0.0
D,436824,post_auger30_p1,0.4490,S,0,44,0.0
D,436920,post_auger30_p1,0.4490,S,0,44,0.0
D,437016,post_auger30_p1,0.4490,S,0,44,0.0
D,437112,post_auger30_p1,0.4490,S,0,44,0.0
E,437175,BLOCK_END,post_auger30_p1
E,437177,BLOCK_START,auger55_p1
D,437207,auger55_p1,0.4490,S,55,44,0.0
D,437303,auger55_p1,0.4490,S,55,44,0.0
D,437397,auger55_p1,0.4490,S,55,44,0.0
D,437493,auger55_p1,0.4490,S,55,44,0.0
D,437589,auger55_p1,0.4490,S,55,44,0.0
D,437685,auger55_p1,0.4490,S,55,44,0.0
D,437780,auger55_p1,0.4490,S,55,44,0.0
D,437875,auger55_p1,0.4432,U,55,44,0.0
D,437971,auger55_p1,0.4385,U,55,44,0.0
D,438067,auger55_p1,0.4335,U,55,44,0.0
D,438163,auger55_p1,0.4303,U,55,44,0.0
D,438257,auger55_p1,0.4308,U,55,44,0.0
D,438352,auger55_p1,0.4350,U,55,44,0.0
D,438448,auger55_p1,0.4409,U,55,44,0.0
D,438544,auger55_p1,0.4456,U,55,44,0.0
D,438640,auger55_p1,0.4472,U,55,44,0.0
D,438736,auger55_p1,0.4459,U,55,44,0.0
D,438831,auger55_p1,0.4436,U,55,44,0.0
D,438927,auger55_p1,0.4425,U,55,44,0.0
D,439023,auger55_p1,0.4435,U,55,44,0.0
D,439117,auger55_p1,0.4443,U,55,44,0.0
D,439213,auger55_p1,0.4447,U,55,44,0.0
D,439309,auger55_p1,0.4449,U,55,44,0.0
D,439405,auger55_p1,0.4453,U,55,44,0.0
D,439500,auger55_p1,0.4489,U,55,44,0.0
D,439596,auger55_p1,0.4507,U,55,44,0.0
D,439692,auger55_p1,0.4508,U,55,44,0.0
D,439788,auger55_p1,0.4490,U,55,44,0.0
D,439884,auger55_p1,0.4465,U,55,44,0.0
D,439978,auger55_p1,0.4455,U,55,44,0.0
D,440073,auger55_p1,0.4442,U,55,44,0.0
D,440169,auger55_p1,0.4447,U,55,44,0.0
D,440265,auger55_p1,0.4445,U,55,44,0.0
D,440361,auger55_p1,0.4434,U,55,44,0.0
D,440457,auger55_p1,0.4426,U,55,44,0.0
D,440553,auger55_p1,0.4426,U,55,44,0.0
D,440649,auger55_p1,0.4429,U,55,44,0.0
D,440745,auger55_p1,0.4434,U,55,44,0.0
D,440840,auger55_p1,0.4440,U,55,44,0.0
D,440934,auger55_p1,0.4475,U,55,44,0.0
D,441030,auger55_p1,0.4476,U,55,44,0.0
D,441126,auger55_p1,0.4466,U,55,44,0.0
D,441222,auger55_p1,0.4452,U,55,44,0.0
D,441318,auger55_p1,0.4447,U,55,44,0.0
D,441413,auger55_p1,0.4446,U,55,44,0.0
D,441509,auger55_p1,0.4448,U,55,44,0.0
D,441605,auger55_p1,0.4450,U,55,44,0.0
D,441701,auger55_p1,0.4451,U,55,44,0.0
D,441795,auger55_p1,0.4450,U,55,44,0.0
D,441891,auger55_p1,0.4450,U,55,44,0.0
D,441987,auger55_p1,0.4448,U,55,44,0.0
D,442082,auger55_p1,0.4446,U,55,44,0.0
D,442178,auger55_p1,0.4410,U,55,44,0.0
D,442274,auger55_p1,0.4409,U,55,44,0.0
D,442370,auger55_p1,0.4433,U,55,44,0.0
D,442466,auger55_p1,0.4449,U,55,44,0.0
D,442562,auger55_p1,0.4479,U,55,44,0.0
D,442655,auger55_p1,0.4465,U,55,44,0.0
D,442751,auger55_p1,0.4439,U,55,44,0.0
D,442847,auger55_p1,0.4425,U,55,44,0.0
D,442943,auger55_p1,0.4425,U,55,44,0.0
D,443039,auger55_p1,0.4432,U,55,44,0.0
D,443135,auger55_p1,0.4433,U,55,44,0.0
D,443230,auger55_p1,0.4434,U,55,44,0.0
D,443326,auger55_p1,0.4437,U,55,44,0.0
D,443422,auger55_p1,0.4441,U,55,44,0.0
D,443518,auger55_p1,0.4445,U,55,44,0.0
D,443612,auger55_p1,0.4446,U,55,44,0.0
D,443708,auger55_p1,0.4446,U,55,44,0.0
D,443804,auger55_p1,0.4445,U,55,44,0.0
D,443899,auger55_p1,0.4446,U,55,44,0.0
D,443995,auger55_p1,0.4446,S,55,44,0.0
D,444091,auger55_p1,0.4447,U,55,44,0.0
D,444187,auger55_p1,0.4446,S,55,44,0.0
D,444283,auger55_p1,0.4443,U,55,44,0.0
D,444379,auger55_p1,0.4441,U,55,44,0.0
D,444473,auger55_p1,0.4441,U,55,44,0.0
D,444569,auger55_p1,0.4443,U,55,44,0.0
D,444664,auger55_p1,0.4491,U,55,44,0.0
D,444760,auger55_p1,0.4487,U,55,44,0.0
D,444856,auger55_p1,0.4480,U,55,44,0.0
D,444952,auger55_p1,0.4482,U,55,44,0.0
D,445048,auger55_p1,0.4494,U,55,44,0.0
D,445142,auger55_p1,0.4500,U,55,44,0.0
D,445239,auger55_p1,0.4501,U,55,44,0.0
D,445333,auger55_p1,0.4496,U,55,44,0.0
D,445429,auger55_p1,0.4488,U,55,44,0.0
D,445525,auger55_p1,0.4439,U,55,44,0.0
D,445621,auger55_p1,0.4434,U,55,44,0.0
D,445716,auger55_p1,0.4430,U,55,44,0.0
D,445812,auger55_p1,0.4419,U,55,44,0.0
D,445908,auger55_p1,0.4403,U,55,44,0.0
D,446004,auger55_p1,0.4391,U,55,44,0.0
D,446100,auger55_p1,0.4386,U,55,44,0.0
D,446196,auger55_p1,0.4387,U,55,44,0.0
D,446289,auger55_p1,0.4389,U,55,44,0.0
D,446385,auger55_p1,0.4393,U,55,44,0.0
D,446480,auger55_p1,0.4400,U,55,44,0.0
D,446582,auger55_p1,0.4410,U,55,44,0.0
D,446673,auger55_p1,0.4450,U,55,44,0.0
D,446769,auger55_p1,0.4453,U,55,44,0.0
D,446865,auger55_p1,0.4436,U,55,44,0.0
D,446960,auger55_p1,0.4418,U,55,44,0.0
D,447056,auger55_p1,0.4417,U,55,44,0.0
D,447150,auger55_p1,0.4422,U,55,44,0.0
D,447246,auger55_p1,0.4432,U,55,44,0.0
D,447342,auger55_p1,0.4441,U,55,44,0.0
D,447438,auger55_p1,0.4480,U,55,44,0.0
D,447533,auger55_p1,0.4462,U,55,44,0.0
D,447630,auger55_p1,0.4437,U,55,44,0.0
D,447725,auger55_p1,0.4429,U,55,44,0.0
D,447821,auger55_p1,0.4422,U,55,44,0.0
D,447917,auger55_p1,0.4443,U,55,44,0.0
D,448011,auger55_p1,0.4480,U,55,44,0.0
D,448107,auger55_p1,0.4524,U,55,44,0.0
D,448202,auger55_p1,0.4565,U,55,44,0.0
D,448298,auger55_p1,0.4591,U,55,44,0.0
D,448394,auger55_p1,0.4592,U,55,44,0.0
D,448490,auger55_p1,0.4567,U,55,44,0.0
D,448586,auger55_p1,0.4528,U,55,44,0.0
D,448682,auger55_p1,0.4497,U,55,44,0.0
D,448777,auger55_p1,0.4487,U,55,44,0.0
D,448873,auger55_p1,0.4494,U,55,44,0.0
D,448967,auger55_p1,0.4504,U,55,44,0.0
D,449063,auger55_p1,0.4512,U,55,44,0.0
D,449159,auger55_p1,0.4519,U,55,44,0.0
D,449255,auger55_p1,0.4523,U,55,44,0.0
D,449351,auger55_p1,0.4527,U,55,44,0.0
D,449446,auger55_p1,0.4509,U,55,44,0.0
D,449542,auger55_p1,0.4492,U,55,44,0.0
D,449638,auger55_p1,0.4436,U,55,44,0.0
D,449734,auger55_p1,0.4414,U,55,44,0.0
D,449828,auger55_p1,0.4422,U,55,44,0.0
D,449924,auger55_p1,0.4459,U,55,44,0.0
D,450020,auger55_p1,0.4497,U,55,44,0.0
D,450115,auger55_p1,0.4513,U,55,44,0.0
D,450211,auger55_p1,0.4507,U,55,44,0.0
D,450307,auger55_p1,0.4501,U,55,44,0.0
D,450403,auger55_p1,0.4513,U,55,44,0.0
D,450499,auger55_p1,0.4539,U,55,44,0.0
D,450595,auger55_p1,0.4559,U,55,44,0.0
D,450689,auger55_p1,0.4555,U,55,44,0.0
D,450784,auger55_p1,0.4528,U,55,44,0.0
D,450880,auger55_p1,0.4501,U,55,44,0.0
D,450976,auger55_p1,0.4497,U,55,44,0.0
D,451072,auger55_p1,0.4506,U,55,44,0.0
D,451168,auger55_p1,0.4521,U,55,44,0.0
D,451263,auger55_p1,0.4523,U,55,44,0.0
D,451360,auger55_p1,0.4517,U,55,44,0.0
D,451455,auger55_p1,0.4508,U,55,44,0.0
D,451549,auger55_p1,0.4498,U,55,44,0.0
D,451645,auger55_p1,0.4453,U,55,44,0.0
D,451741,auger55_p1,0.4440,U,55,44,0.0
D,451837,auger55_p1,0.4423,U,55,44,0.0
D,451932,auger55_p1,0.4397,U,55,44,0.0
D,452028,auger55_p1,0.4369,U,55,44,0.0
D,452124,auger55_p1,0.4354,U,55,44,0.0
E,452187,BLOCK_END,auger55_p1
E,452189,BLOCK_START,post_auger55_p1
D,452220,post_auger55_p1,0.4365,U,0,44,0.0
D,452316,post_auger55_p1,0.4406,U,0,44,0.0
D,452412,post_auger55_p1,0.4463,U,0,44,0.0
D,452505,post_auger55_p1,0.4511,U,0,44,0.0
D,452601,post_auger55_p1,0.4532,U,0,44,0.0
D,452697,post_auger55_p1,0.4524,U,0,44,0.0
D,452793,post_auger55_p1,0.4502,U,0,44,0.0
D,452889,post_auger55_p1,0.4486,U,0,44,0.0
D,452985,post_auger55_p1,0.4487,U,0,44,0.0
D,453081,post_auger55_p1,0.4495,U,0,44,0.0
D,453177,post_auger55_p1,0.4503,U,0,44,0.0
D,453272,post_auger55_p1,0.4510,U,0,44,0.0
D,453366,post_auger55_p1,0.4534,U,0,44,0.0
D,453462,post_auger55_p1,0.4534,U,0,44,0.0
D,453558,post_auger55_p1,0.4533,U,0,44,0.0
D,453654,post_auger55_p1,0.4534,U,0,44,0.0
D,453750,post_auger55_p1,0.4534,U,0,44,0.0
D,453845,post_auger55_p1,0.4534,S,0,44,0.0
D,453941,post_auger55_p1,0.4534,S,0,44,0.0
D,454037,post_auger55_p1,0.4535,U,0,44,0.0
D,454133,post_auger55_p1,0.4535,S,0,44,0.0
D,454227,post_auger55_p1,0.4535,S,0,44,0.0
D,454323,post_auger55_p1,0.4535,S,0,44,0.0
D,454419,post_auger55_p1,0.4535,S,0,44,0.0
D,454514,post_auger55_p1,0.4535,S,0,44,0.0
D,454611,post_auger55_p1,0.4534,S,0,44,0.0
D,454706,post_auger55_p1,0.4534,S,0,44,0.0
D,454802,post_auger55_p1,0.4534,S,0,44,0.0
D,454898,post_auger55_p1,0.4534,S,0,44,0.0
D,454994,post_auger55_p1,0.4533,U,0,44,0.0
D,455090,post_auger55_p1,0.4533,S,0,44,0.0
D,455184,post_auger55_p1,0.4533,S,0,44,0.0
D,455279,post_auger55_p1,0.4533,S,0,44,0.0
D,455375,post_auger55_p1,0.4533,S,0,44,0.0
D,455471,post_auger55_p1,0.4533,S,0,44,0.0
D,455567,post_auger55_p1,0.4533,S,0,44,0.0
D,455663,post_auger55_p1,0.4533,S,0,44,0.0
D,455759,post_auger55_p1,0.4533,S,0,44,0.0
D,455855,post_auger55_p1,0.4533,S,0,44,0.0
D,455950,post_auger55_p1,0.4533,S,0,44,0.0
D,456044,post_auger55_p1,0.4533,S,0,44,0.0
D,456140,post_auger55_p1,0.4533,S,0,44,0.0
D,456236,post_auger55_p1,0.4533,S,0,44,0.0
D,456332,post_auger55_p1,0.4533,S,0,44,0.0
D,456428,post_auger55_p1,0.4533,S,0,44,0.0
D,456524,post_auger55_p1,0.4534,S,0,44,0.0
D,456620,post_auger55_p1,0.4534,S,0,44,0.0
D,456715,post_auger55_p1,0.4534,S,0,44,0.0
D,456811,post_auger55_p1,0.4534,S,0,44,0.0
D,456905,post_auger55_p1,0.4534,S,0,44,0.0
D,457001,post_auger55_p1,0.4534,S,0,44,0.0
D,457097,post_auger55_p1,0.4534,S,0,44,0.0
D,457193,post_auger55_p1,0.4534,S,0,44,0.0
D,457289,post_auger55_p1,0.4534,S,0,44,0.0
D,457384,post_auger55_p1,0.4535,S,0,44,0.0
D,457480,post_auger55_p1,0.4535,S,0,44,0.0
D,457576,post_auger55_p1,0.4535,S,0,44,0.0
D,457672,post_auger55_p1,0.4535,S,0,44,0.0
D,457768,post_auger55_p1,0.4535,S,0,44,0.0
D,457862,post_auger55_p1,0.4535,S,0,44,0.0
D,457958,post_auger55_p1,0.4535,S,0,44,0.0
D,458054,post_auger55_p1,0.4535,S,0,44,0.0
D,458160,post_auger55_p1,0.4535,S,0,44,0.0
D,458341,post_auger55_p1,0.4535,S,0,44,0.0
D,458437,post_auger55_p1,0.4535,S,0,44,0.0
D,458533,post_auger55_p1,0.4535,S,0,44,0.0
D,458629,post_auger55_p1,0.4535,S,0,44,0.0
D,458723,post_auger55_p1,0.4535,S,0,44,0.0
D,458818,post_auger55_p1,0.4535,S,0,44,0.0
D,458914,post_auger55_p1,0.4535,S,0,44,0.0
D,459010,post_auger55_p1,0.4535,S,0,44,0.0
D,459106,post_auger55_p1,0.4535,S,0,44,0.0
D,459201,post_auger55_p1,0.4533,U,0,44,0.0
D,459297,post_auger55_p1,0.4533,U,0,44,0.0
D,459393,post_auger55_p1,0.4533,U,0,44,0.0
D,459489,post_auger55_p1,0.4533,U,0,44,0.0
D,459583,post_auger55_p1,0.4533,U,0,44,0.0
D,459678,post_auger55_p1,0.4533,S,0,44,0.0
D,459774,post_auger55_p1,0.4534,S,0,44,0.0
D,459870,post_auger55_p1,0.4534,S,0,44,0.0
D,459966,post_auger55_p1,0.4534,S,0,44,0.0
D,460062,post_auger55_p1,0.4534,S,0,44,0.0
D,460158,post_auger55_p1,0.4534,S,0,44,0.0
D,460254,post_auger55_p1,0.4535,S,0,44,0.0
D,460350,post_auger55_p1,0.4535,S,0,44,0.0
D,460445,post_auger55_p1,0.4535,S,0,44,0.0
D,460539,post_auger55_p1,0.4538,U,0,44,0.0
D,460635,post_auger55_p1,0.4539,U,0,44,0.0
D,460731,post_auger55_p1,0.4539,U,0,44,0.0
D,460827,post_auger55_p1,0.4540,U,0,44,0.0
D,460922,post_auger55_p1,0.4540,U,0,44,0.0
D,461018,post_auger55_p1,0.4541,U,0,44,0.0
D,461114,post_auger55_p1,0.4541,U,0,44,0.0
D,461210,post_auger55_p1,0.4541,U,0,44,0.0
D,461306,post_auger55_p1,0.4541,S,0,44,0.0
D,461400,post_auger55_p1,0.4542,U,0,44,0.0
D,461496,post_auger55_p1,0.4542,S,0,44,0.0
D,461591,post_auger55_p1,0.4542,S,0,44,0.0
D,461687,post_auger55_p1,0.4542,S,0,44,0.0
D,461783,post_auger55_p1,0.4542,S,0,44,0.0
D,461879,post_auger55_p1,0.4542,S,0,44,0.0
D,461975,post_auger55_p1,0.4542,S,0,44,0.0
D,462071,post_auger55_p1,0.4542,S,0,44,0.0
D,462167,post_auger55_p1,0.4542,S,0,44,0.0
D,462260,post_auger55_p1,0.4542,S,0,44,0.0
D,462356,post_auger55_p1,0.4542,S,0,44,0.0
D,462452,post_auger55_p1,0.4542,S,0,44,0.0
D,462548,post_auger55_p1,0.4542,S,0,44,0.0
D,462644,post_auger55_p1,0.4542,S,0,44,0.0
D,462740,post_auger55_p1,0.4542,S,0,44,0.0
D,462835,post_auger55_p1,0.4542,S,0,44,0.0
D,462931,post_auger55_p1,0.4543,S,0,44,0.0
D,463027,post_auger55_p1,0.4543,S,0,44,0.0
D,463121,post_auger55_p1,0.4543,S,0,44,0.0
D,463217,post_auger55_p1,0.4543,S,0,44,0.0
D,463313,post_auger55_p1,0.4543,S,0,44,0.0
D,463409,post_auger55_p1,0.4543,S,0,44,0.0
D,463504,post_auger55_p1,0.4543,S,0,44,0.0
D,463600,post_auger55_p1,0.4543,S,0,44,0.0
D,463696,post_auger55_p1,0.4543,S,0,44,0.0
D,463792,post_auger55_p1,0.4543,S,0,44,0.0
D,463888,post_auger55_p1,0.4543,S,0,44,0.0
D,463984,post_auger55_p1,0.4543,S,0,44,0.0
D,464078,post_auger55_p1,0.4543,S,0,44,0.0
D,464174,post_auger55_p1,0.4543,S,0,44,0.0
D,464269,post_auger55_p1,0.4543,S,0,44,0.0
D,464365,post_auger55_p1,0.4543,S,0,44,0.0
D,464461,post_auger55_p1,0.4543,S,0,44,0.0
D,464557,post_auger55_p1,0.4543,S,0,44,0.0
D,464653,post_auger55_p1,0.4543,S,0,44,0.0
D,464749,post_auger55_p1,0.4543,S,0,44,0.0
D,464845,post_auger55_p1,0.4543,S,0,44,0.0
D,464938,post_auger55_p1,0.4543,S,0,44,0.0
D,465034,post_auger55_p1,0.4543,S,0,44,0.0
D,465130,post_auger55_p1,0.4543,S,0,44,0.0
D,465226,post_auger55_p1,0.4543,S,0,44,0.0
D,465322,post_auger55_p1,0.4544,S,0,44,0.0
D,465418,post_auger55_p1,0.4544,S,0,44,0.0
D,465514,post_auger55_p1,0.4544,S,0,44,0.0
D,465610,post_auger55_p1,0.4544,S,0,44,0.0
D,465705,post_auger55_p1,0.4544,S,0,44,0.0
D,465799,post_auger55_p1,0.4544,S,0,44,0.0
D,465895,post_auger55_p1,0.4544,S,0,44,0.0
D,465991,post_auger55_p1,0.4544,S,0,44,0.0
D,466087,post_auger55_p1,0.4544,S,0,44,0.0
D,466183,post_auger55_p1,0.4544,S,0,44,0.0
D,466279,post_auger55_p1,0.4544,S,0,44,0.0
D,466374,post_auger55_p1,0.4548,U,0,44,0.0
D,466470,post_auger55_p1,0.4549,U,0,44,0.0
D,466565,post_auger55_p1,0.4549,U,0,44,0.0
D,466661,post_auger55_p1,0.4549,U,0,44,0.0
D,466755,post_auger55_p1,0.4549,U,0,44,0.0
D,466851,post_auger55_p1,0.4549,S,0,44,0.0
D,466947,post_auger55_p1,0.4549,S,0,44,0.0
D,467043,post_auger55_p1,0.4550,S,0,44,0.0
D,467138,post_auger55_p1,0.4550,S,0,44,0.0
E,467201,BLOCK_END,post_auger55_p1
E,467204,BLOCK_START,auger75_p1
D,467234,auger75_p1,0.4550,S,75,44,0.0
D,467330,auger75_p1,0.4550,S,75,44,0.0
D,467426,auger75_p1,0.4551,U,75,44,0.0
D,467522,auger75_p1,0.4551,S,75,44,0.0
D,467616,auger75_p1,0.4551,S,75,44,0.0
D,467712,auger75_p1,0.4551,S,75,44,0.0
D,467807,auger75_p1,0.4551,S,75,44,0.0
D,467903,auger75_p1,0.4549,U,75,44,0.0
D,467999,auger75_p1,0.4493,U,75,44,0.0
D,468094,auger75_p1,0.4463,U,75,44,0.0
D,468190,auger75_p1,0.4429,U,75,44,0.0
D,468285,auger75_p1,0.4400,U,75,44,0.0
D,468382,auger75_p1,0.4385,U,75,44,0.0
D,468476,auger75_p1,0.4390,U,75,44,0.0
D,468572,auger75_p1,0.4407,U,75,44,0.0
D,468668,auger75_p1,0.4426,U,75,44,0.0
D,468763,auger75_p1,0.4436,U,75,44,0.0
D,468859,auger75_p1,0.4458,U,75,44,0.0
D,468955,auger75_p1,0.4461,U,75,44,0.0
D,469051,auger75_p1,0.4453,U,75,44,0.0
D,469147,auger75_p1,0.4440,U,75,44,0.0
D,469243,auger75_p1,0.4431,U,75,44,0.0
D,469338,auger75_p1,0.4396,U,75,44,0.0
D,469432,auger75_p1,0.4368,U,75,44,0.0
D,469528,auger75_p1,0.4349,U,75,44,0.0
D,469624,auger75_p1,0.4353,U,75,44,0.0
D,469720,auger75_p1,0.4377,U,75,44,0.0
D,469816,auger75_p1,0.4405,U,75,44,0.0
D,469917,auger75_p1,0.4414,U,75,44,0.0
D,470007,auger75_p1,0.4429,U,75,44,0.0
D,470103,auger75_p1,0.4427,U,75,44,0.0
D,470199,auger75_p1,0.4427,U,75,44,0.0
D,470293,auger75_p1,0.4435,U,75,44,0.0
D,470389,auger75_p1,0.4452,U,75,44,0.0
D,470485,auger75_p1,0.4466,U,75,44,0.0
D,470580,auger75_p1,0.4463,U,75,44,0.0
D,470677,auger75_p1,0.4440,U,75,44,0.0
D,470772,auger75_p1,0.4423,U,75,44,0.0
D,470868,auger75_p1,0.4371,U,75,44,0.0
D,470964,auger75_p1,0.4352,U,75,44,0.0
D,471060,auger75_p1,0.4355,U,75,44,0.0
D,471154,auger75_p1,0.4380,U,75,44,0.0
D,471249,auger75_p1,0.4413,U,75,44,0.0
D,471345,auger75_p1,0.4441,U,75,44,0.0
D,471441,auger75_p1,0.4462,U,75,44,0.0
D,471537,auger75_p1,0.4483,U,75,44,0.0
D,471632,auger75_p1,0.4500,U,75,44,0.0
D,471729,auger75_p1,0.4498,U,75,44,0.0
D,471824,auger75_p1,0.4474,U,75,44,0.0
D,471920,auger75_p1,0.4441,U,75,44,0.0
D,472016,auger75_p1,0.4415,U,75,44,0.0
D,472110,auger75_p1,0.4399,U,75,44,0.0
D,472206,auger75_p1,0.4396,U,75,44,0.0
D,472302,auger75_p1,0.4401,U,75,44,0.0
D,472398,auger75_p1,0.4406,U,75,44,0.0
D,472494,auger75_p1,0.4402,U,75,44,0.0
D,472589,auger75_p1,0.4395,U,75,44,0.0
D,472685,auger75_p1,0.4389,U,75,44,0.0
D,472781,auger75_p1,0.4384,U,75,44,0.0
D,472877,auger75_p1,0.4371,U,75,44,0.0
D,472971,auger75_p1,0.4377,U,75,44,0.0
D,473066,auger75_p1,0.4382,U,75,44,0.0
D,473162,auger75_p1,0.4389,U,75,44,0.0
D,473258,auger75_p1,0.4417,U,75,44,0.0
D,473354,auger75_p1,0.4421,U,75,44,0.0
D,473450,auger75_p1,0.4410,U,75,44,0.0
D,473546,auger75_p1,0.4393,U,75,44,0.0
D,473642,auger75_p1,0.4389,U,75,44,0.0
D,473738,auger75_p1,0.4388,U,75,44,0.0
D,473831,auger75_p1,0.4388,U,75,44,0.0
D,473927,auger75_p1,0.4387,U,75,44,0.0
D,474023,auger75_p1,0.4385,U,75,44,0.0
D,474119,auger75_p1,0.4383,U,75,44,0.0
D,474215,auger75_p1,0.4383,U,75,44,0.0
D,474311,auger75_p1,0.4383,U,75,44,0.0
D,474406,auger75_p1,0.4384,U,75,44,0.0
D,474502,auger75_p1,0.4384,S,75,44,0.0
D,474598,auger75_p1,0.4384,S,75,44,0.0
D,474692,auger75_p1,0.4384,S,75,44,0.0
D,474788,auger75_p1,0.4383,S,75,44,0.0
D,474884,auger75_p1,0.4383,S,75,44,0.0
D,474980,auger75_p1,0.4382,U,75,44,0.0
D,475076,auger75_p1,0.4383,S,75,44,0.0
D,475171,auger75_p1,0.4437,U,75,44,0.0
D,475267,auger75_p1,0.4461,U,75,44,0.0
D,475363,auger75_p1,0.4455,U,75,44,0.0
D,475459,auger75_p1,0.4421,U,75,44,0.0
D,475555,auger75_p1,0.4378,U,75,44,0.0
D,475648,auger75_p1,0.4343,U,75,44,0.0
D,475744,auger75_p1,0.4326,U,75,44,0.0
D,475840,auger75_p1,0.4326,U,75,44,0.0
D,475936,auger75_p1,0.4339,U,75,44,0.0
D,476032,auger75_p1,0.4357,U,75,44,0.0
D,476128,auger75_p1,0.4373,U,75,44,0.0
D,476223,auger75_p1,0.4389,U,75,44,0.0
D,476319,auger75_p1,0.4405,U,75,44,0.0
D,476415,auger75_p1,0.4422,U,75,44,0.0
D,476509,auger75_p1,0.4435,U,75,44,0.0
D,476605,auger75_p1,0.4437,U,75,44,0.0
D,476701,auger75_p1,0.4421,U,75,44,0.0
D,476797,auger75_p1,0.4392,U,75,44,0.0
D,476892,auger75_p1,0.4365,U,75,44,0.0
D,476988,auger75_p1,0.4350,U,75,44,0.0
D,477084,auger75_p1,0.4349,U,75,44,0.0
D,477180,auger75_p1,0.4357,U,75,44,0.0
D,477276,auger75_p1,0.4367,U,75,44,0.0
D,477370,auger75_p1,0.4377,U,75,44,0.0
D,477465,auger75_p1,0.4384,U,75,44,0.0
D,477561,auger75_p1,0.4403,U,75,44,0.0
D,477657,auger75_p1,0.4408,U,75,44,0.0
D,477753,auger75_p1,0.4407,U,75,44,0.0
D,477849,auger75_p1,0.4406,U,75,44,0.0
D,477945,auger75_p1,0.4402,U,75,44,0.0
D,478041,auger75_p1,0.4397,U,75,44,0.0
D,478136,auger75_p1,0.4390,U,75,44,0.0
D,478232,auger75_p1,0.4370,U,75,44,0.0
D,478326,auger75_p1,0.4375,U,75,44,0.0
D,478422,auger75_p1,0.4376,U,75,44,0.0
D,478518,auger75_p1,0.4367,U,75,44,0.0
D,478614,auger75_p1,0.4332,U,75,44,0.0
D,478710,auger75_p1,0.4314,U,75,44,0.0
D,478805,auger75_p1,0.4313,U,75,44,0.0
D,478901,auger75_p1,0.4323,U,75,44,0.0
D,478997,auger75_p1,0.4338,U,75,44,0.0
D,479093,auger75_p1,0.4359,U,75,44,0.0
D,479187,auger75_p1,0.4385,U,75,44,0.0
D,479283,auger75_p1,0.4403,U,75,44,0.0
D,479378,auger75_p1,0.4404,U,75,44,0.0
D,479474,auger75_p1,0.4394,U,75,44,0.0
D,479570,auger75_p1,0.4385,U,75,44,0.0
D,479666,auger75_p1,0.4383,U,75,44,0.0
D,479762,auger75_p1,0.4387,U,75,44,0.0
D,479858,auger75_p1,0.4394,U,75,44,0.0
D,479953,auger75_p1,0.4404,U,75,44,0.0
D,480047,auger75_p1,0.4451,U,75,44,0.0
D,480143,auger75_p1,0.4447,U,75,44,0.0
D,480239,auger75_p1,0.4427,U,75,44,0.0
D,480335,auger75_p1,0.4414,U,75,44,0.0
D,480431,auger75_p1,0.4416,U,75,44,0.0
D,480527,auger75_p1,0.4420,U,75,44,0.0
D,480622,auger75_p1,0.4422,U,75,44,0.0
D,480718,auger75_p1,0.4422,U,75,44,0.0
D,480814,auger75_p1,0.4418,U,75,44,0.0
D,480910,auger75_p1,0.4412,U,75,44,0.0
D,481004,auger75_p1,0.4365,U,75,44,0.0
D,481100,auger75_p1,0.4359,U,75,44,0.0
D,481195,auger75_p1,0.4360,U,75,44,0.0
D,481296,auger75_p1,0.4366,U,75,44,0.0
D,481387,auger75_p1,0.4379,U,75,44,0.0
D,481483,auger75_p1,0.4389,U,75,44,0.0
D,481579,auger75_p1,0.4416,U,75,44,0.0
D,481675,auger75_p1,0.4418,U,75,44,0.0
D,481771,auger75_p1,0.4404,U,75,44,0.0
D,481864,auger75_p1,0.4384,U,75,44,0.0
D,481960,auger75_p1,0.4374,U,75,44,0.0
D,482056,auger75_p1,0.4348,U,75,44,0.0
D,482152,auger75_p1,0.4334,U,75,44,0.0
E,482215,BLOCK_END,auger75_p1
E,482217,BLOCK_START,post_auger75_p1
D,482248,post_auger75_p1,0.4327,U,0,44,0.0
D,482344,post_auger75_p1,0.4328,U,0,44,0.0
D,482439,post_auger75_p1,0.4333,U,0,44,0.0
D,482535,post_auger75_p1,0.4342,U,0,44,0.0
D,482631,post_auger75_p1,0.4349,U,0,44,0.0
D,482725,post_auger75_p1,0.4374,U,0,44,0.0
D,482820,post_auger75_p1,0.4400,U,0,44,0.0
D,482917,post_auger75_p1,0.4439,U,0,44,0.0
D,483012,post_auger75_p1,0.4494,U,0,44,0.0
D,483108,post_auger75_p1,0.4551,U,0,44,0.0
D,483204,post_auger75_p1,0.4594,U,0,44,0.0
D,483300,post_auger75_p1,0.4616,U,0,44,0.0
D,483396,post_auger75_p1,0.4623,U,0,44,0.0
D,483492,post_auger75_p1,0.4623,U,0,44,0.0
D,483588,post_auger75_p1,0.4622,U,0,44,0.0
D,483681,post_auger75_p1,0.4620,U,0,44,0.0
D,483777,post_auger75_p1,0.4620,U,0,44,0.0
D,483873,post_auger75_p1,0.4620,U,0,44,0.0
D,483969,post_auger75_p1,0.4620,U,0,44,0.0
D,484065,post_auger75_p1,0.4620,U,0,44,0.0
D,484161,post_auger75_p1,0.4620,S,0,44,0.0
D,484257,post_auger75_p1,0.4619,S,0,44,0.0
D,484352,post_auger75_p1,0.4619,S,0,44,0.0
D,484448,post_auger75_p1,0.4619,S,0,44,0.0
D,484542,post_auger75_p1,0.4618,U,0,44,0.0
D,484638,post_auger75_p1,0.4618,U,0,44,0.0
D,484734,post_auger75_p1,0.4617,U,0,44,0.0
D,484830,post_auger75_p1,0.4617,U,0,44,0.0
D,484926,post_auger75_p1,0.4617,U,0,44,0.0
D,485022,post_auger75_p1,0.4616,U,0,44,0.0
D,485117,post_auger75_p1,0.4616,U,0,44,0.0
D,485213,post_auger75_p1,0.4616,S,0,44,0.0
D,485309,post_auger75_p1,0.4615,U,0,44,0.0
D,485403,post_auger75_p1,0.4615,U,0,44,0.0
D,485499,post_auger75_p1,0.4615,S,0,44,0.0
D,485595,post_auger75_p1,0.4614,U,0,44,0.0
D,485691,post_auger75_p1,0.4614,U,0,44,0.0
D,485786,post_auger75_p1,0.4613,U,0,44,0.0
D,485882,post_auger75_p1,0.4613,U,0,44,0.0
D,485978,post_auger75_p1,0.4612,U,0,44,0.0
D,486074,post_auger75_p1,0.4612,U,0,44,0.0
D,486170,post_auger75_p1,0.4611,U,0,44,0.0
D,486264,post_auger75_p1,0.4611,U,0,44,0.0
D,486360,post_auger75_p1,0.4610,U,0,44,0.0
D,486456,post_auger75_p1,0.4610,U,0,44,0.0
D,486551,post_auger75_p1,0.4610,U,0,44,0.0
D,486647,post_auger75_p1,0.4610,S,0,44,0.0
D,486743,post_auger75_p1,0.4610,S,0,44,0.0
D,486839,post_auger75_p1,0.4610,S,0,44,0.0
D,486935,post_auger75_p1,0.4610,S,0,44,0.0
D,487031,post_auger75_p1,0.4610,S,0,44,0.0
D,487126,post_auger75_p1,0.4610,S,0,44,0.0
D,487220,post_auger75_p1,0.4610,S,0,44,0.0
D,487316,post_auger75_p1,0.4611,S,0,44,0.0
D,487412,post_auger75_p1,0.4611,S,0,44,0.0
D,487508,post_auger75_p1,0.4611,S,0,44,0.0
D,487604,post_auger75_p1,0.4611,S,0,44,0.0
D,487699,post_auger75_p1,0.4611,S,0,44,0.0
D,487795,post_auger75_p1,0.4611,S,0,44,0.0
D,487891,post_auger75_p1,0.4612,S,0,44,0.0
D,487987,post_auger75_p1,0.4612,S,0,44,0.0
D,488081,post_auger75_p1,0.4612,S,0,44,0.0
D,488177,post_auger75_p1,0.4612,S,0,44,0.0
D,488273,post_auger75_p1,0.4615,U,0,44,0.0
D,488368,post_auger75_p1,0.4615,U,0,44,0.0
D,488464,post_auger75_p1,0.4616,U,0,44,0.0
D,488560,post_auger75_p1,0.4616,U,0,44,0.0
D,488656,post_auger75_p1,0.4617,U,0,44,0.0
D,488752,post_auger75_p1,0.4617,U,0,44,0.0
D,488848,post_auger75_p1,0.4618,U,0,44,0.0
D,488941,post_auger75_p1,0.4618,U,0,44,0.0
D,489037,post_auger75_p1,0.4618,U,0,44,0.0
D,489133,post_auger75_p1,0.4619,U,0,44,0.0
D,489229,post_auger75_p1,0.4619,U,0,44,0.0
D,489325,post_auger75_p1,0.4619,S,0,44,0.0
D,489421,post_auger75_p1,0.4620,U,0,44,0.0
D,489517,post_auger75_p1,0.4620,U,0,44,0.0
D,489612,post_auger75_p1,0.4620,S,0,44,0.0
D,489708,post_auger75_p1,0.4620,S,0,44,0.0
D,489804,post_auger75_p1,0.4620,S,0,44,0.0
D,489898,post_auger75_p1,0.4620,S,0,44,0.0
D,489994,post_auger75_p1,0.4620,S,0,44,0.0
D,490090,post_auger75_p1,0.4620,S,0,44,0.0
D,490185,post_auger75_p1,0.4620,S,0,44,0.0
D,490281,post_auger75_p1,0.4620,S,0,44,0.0
D,490377,post_auger75_p1,0.4620,S,0,44,0.0
D,490473,post_auger75_p1,0.4620,S,0,44,0.0
D,490569,post_auger75_p1,0.4620,S,0,44,0.0
D,490665,post_auger75_p1,0.4620,S,0,44,0.0
D,490758,post_auger75_p1,0.4620,S,0,44,0.0
D,490854,post_auger75_p1,0.4620,S,0,44,0.0
D,490950,post_auger75_p1,0.4620,S,0,44,0.0
D,491046,post_auger75_p1,0.4620,S,0,44,0.0
D,491142,post_auger75_p1,0.4620,S,0,44,0.0
D,491238,post_auger75_p1,0.4621,S,0,44,0.0
D,491334,post_auger75_p1,0.4621,S,0,44,0.0
D,491430,post_auger75_p1,0.4621,S,0,44,0.0
D,491526,post_auger75_p1,0.4621,S,0,44,0.0
D,491619,post_auger75_p1,0.4621,S,0,44,0.0
D,491715,post_auger75_p1,0.4621,S,0,44,0.0
D,491811,post_auger75_p1,0.4621,S,0,44,0.0
D,491907,post_auger75_p1,0.4621,S,0,44,0.0
D,492003,post_auger75_p1,0.4621,S,0,44,0.0
D,492099,post_auger75_p1,0.4621,S,0,44,0.0
D,492195,post_auger75_p1,0.4621,S,0,44,0.0
D,492291,post_auger75_p1,0.4621,S,0,44,0.0
D,492386,post_auger75_p1,0.4621,S,0,44,0.0
D,492482,post_auger75_p1,0.4621,S,0,44,0.0
D,492576,post_auger75_p1,0.4622,S,0,44,0.0
D,492672,post_auger75_p1,0.4622,S,0,44,0.0
D,492768,post_auger75_p1,0.4622,S,0,44,0.0
D,492864,post_auger75_p1,0.4622,S,0,44,0.0
D,492959,post_auger75_p1,0.4625,U,0,44,0.0
D,493055,post_auger75_p1,0.4626,U,0,44,0.0
D,493151,post_auger75_p1,0.4626,U,0,44,0.0
D,493257,post_auger75_p1,0.4626,U,0,44,0.0
D,493436,post_auger75_p1,0.4627,U,0,44,0.0
D,493532,post_auger75_p1,0.4628,U,0,44,0.0
D,493628,post_auger75_p1,0.4628,U,0,44,0.0
D,493724,post_auger75_p1,0.4628,U,0,44,0.0
D,493820,post_auger75_p1,0.4629,U,0,44,0.0
D,493915,post_auger75_p1,0.4629,U,0,44,0.0
D,494011,post_auger75_p1,0.4630,U,0,44,0.0
D,494107,post_auger75_p1,0.4630,U,0,44,0.0
D,494203,post_auger75_p1,0.4631,U,0,44,0.0
D,494297,post_auger75_p1,0.4631,U,0,44,0.0
D,494393,post_auger75_p1,0.4631,U,0,44,0.0
D,494488,post_auger75_p1,0.4632,U,0,44,0.0
D,494584,post_auger75_p1,0.4632,U,0,44,0.0
D,494680,post_auger75_p1,0.4633,U,0,44,0.0
D,494776,post_auger75_p1,0.4633,U,0,44,0.0
D,494872,post_auger75_p1,0.4634,U,0,44,0.0
D,494968,post_auger75_p1,0.4634,U,0,44,0.0
D,495064,post_auger75_p1,0.4634,U,0,44,0.0
D,495159,post_auger75_p1,0.4634,S,0,44,0.0
D,495253,post_auger75_p1,0.4635,U,0,44,0.0
D,495349,post_auger75_p1,0.4635,S,0,44,0.0
D,495445,post_auger75_p1,0.4635,S,0,44,0.0
D,495541,post_auger75_p1,0.4635,S,0,44,0.0
D,495637,post_auger75_p1,0.4635,S,0,44,0.0
D,495732,post_auger75_p1,0.4635,S,0,44,0.0
D,495829,post_auger75_p1,0.4635,S,0,44,0.0
D,495924,post_auger75_p1,0.4635,S,0,44,0.0
D,496020,post_auger75_p1,0.4635,S,0,44,0.0
D,496114,post_auger75_p1,0.4634,S,0,44,0.0
D,496210,post_auger75_p1,0.4634,S,0,44,0.0
D,496306,post_auger75_p1,0.4634,S,0,44,0.0
D,496402,post_auger75_p1,0.4634,S,0,44,0.0
D,496497,post_auger75_p1,0.4634,S,0,44,0.0
D,496593,post_auger75_p1,0.4634,S,0,44,0.0
D,496689,post_auger75_p1,0.4634,S,0,44,0.0
D,496785,post_auger75_p1,0.4633,S,0,44,0.0
D,496881,post_auger75_p1,0.4633,S,0,44,0.0
D,496975,post_auger75_p1,0.4633,S,0,44,0.0
D,497071,post_auger75_p1,0.4633,S,0,44,0.0
D,497166,post_auger75_p1,0.4633,S,0,44,0.0
E,497229,BLOCK_END,post_auger75_p1
E,497231,BLOCK_START,auger75_p2
D,497262,auger75_p2,0.4630,U,75,44,0.0
D,497358,auger75_p2,0.4630,U,75,44,0.0
D,497454,auger75_p2,0.4630,U,75,44,0.0
D,497550,auger75_p2,0.4629,U,75,44,0.0
D,497646,auger75_p2,0.4629,U,75,44,0.0
D,497741,auger75_p2,0.4627,U,75,44,0.0
D,497835,auger75_p2,0.4579,U,75,44,0.0
D,497930,auger75_p2,0.4535,U,75,44,0.0
D,498026,auger75_p2,0.4484,U,75,44,0.0
D,498122,auger75_p2,0.4438,U,75,44,0.0
D,498218,auger75_p2,0.4401,U,75,44,0.0
D,498314,auger75_p2,0.4369,U,75,44,0.0
D,498410,auger75_p2,0.4344,U,75,44,0.0
D,498506,auger75_p2,0.4335,U,75,44,0.0
D,498601,auger75_p2,0.4350,U,75,44,0.0
D,498697,auger75_p2,0.4381,U,75,44,0.0
D,498791,auger75_p2,0.4405,U,75,44,0.0
D,498887,auger75_p2,0.4405,U,75,44,0.0
D,498983,auger75_p2,0.4389,U,75,44,0.0
D,499079,auger75_p2,0.4375,U,75,44,0.0
D,499175,auger75_p2,0.4371,U,75,44,0.0
D,499271,auger75_p2,0.4370,U,75,44,0.0
D,499366,auger75_p2,0.4359,U,75,44,0.0
D,499462,auger75_p2,0.4354,U,75,44,0.0
D,499558,auger75_p2,0.4364,U,75,44,0.0
D,499652,auger75_p2,0.4376,U,75,44,0.0
D,499748,auger75_p2,0.4387,U,75,44,0.0
D,499843,auger75_p2,0.4404,U,75,44,0.0
D,499939,auger75_p2,0.4374,U,75,44,0.0
D,500035,auger75_p2,0.4356,U,75,44,0.0
D,500131,auger75_p2,0.4313,U,75,44,0.0
D,500227,auger75_p2,0.4304,U,75,44,0.0
D,500323,auger75_p2,0.4304,U,75,44,0.0
D,500419,auger75_p2,0.4304,U,75,44,0.0
D,500512,auger75_p2,0.4305,U,75,44,0.0
D,500608,auger75_p2,0.4321,U,75,44,0.0
D,500704,auger75_p2,0.4336,U,75,44,0.0
D,500800,auger75_p2,0.4377,U,75,44,0.0
D,500896,auger75_p2,0.4386,U,75,44,0.0
D,500992,auger75_p2,0.4379,U,75,44,0.0
D,501088,auger75_p2,0.4362,U,75,44,0.0
D,501183,auger75_p2,0.4336,U,75,44,0.0
D,501279,auger75_p2,0.4305,U,75,44,0.0
D,501375,auger75_p2,0.4282,U,75,44,0.0
D,501469,auger75_p2,0.4274,U,75,44,0.0
D,501565,auger75_p2,0.4277,U,75,44,0.0
D,501661,auger75_p2,0.4278,U,75,44,0.0
D,501757,auger75_p2,0.4278,U,75,44,0.0
D,501852,auger75_p2,0.4282,U,75,44,0.0
D,501948,auger75_p2,0.4284,U,75,44,0.0
D,502044,auger75_p2,0.4284,U,75,44,0.0
D,502140,auger75_p2,0.4283,U,75,44,0.0
D,502236,auger75_p2,0.4281,U,75,44,0.0
D,502330,auger75_p2,0.4280,U,75,44,0.0
D,502425,auger75_p2,0.4281,U,75,44,0.0
D,502521,auger75_p2,0.4284,U,75,44,0.0
D,502617,auger75_p2,0.4288,U,75,44,0.0
D,502713,auger75_p2,0.4338,U,75,44,0.0
D,502809,auger75_p2,0.4350,U,75,44,0.0
D,502905,auger75_p2,0.4357,U,75,44,0.0
D,503000,auger75_p2,0.4358,U,75,44,0.0
D,503096,auger75_p2,0.4361,U,75,44,0.0
D,503190,auger75_p2,0.4374,U,75,44,0.0
D,503286,auger75_p2,0.4389,U,75,44,0.0
D,503382,auger75_p2,0.4398,U,75,44,0.0
D,503478,auger75_p2,0.4401,U,75,44,0.0
D,503573,auger75_p2,0.4405,U,75,44,0.0
D,503669,auger75_p2,0.4409,U,75,44,0.0
D,503765,auger75_p2,0.4406,U,75,44,0.0
D,503861,auger75_p2,0.4398,U,75,44,0.0
D,503957,auger75_p2,0.4388,U,75,44,0.0
D,504053,auger75_p2,0.4344,U,75,44,0.0
D,504147,auger75_p2,0.4323,U,75,44,0.0
D,504242,auger75_p2,0.4307,U,75,44,0.0
D,504338,auger75_p2,0.4299,U,75,44,0.0
D,504434,auger75_p2,0.4301,U,75,44,0.0
D,504530,auger75_p2,0.4313,U,75,44,0.0
D,504626,auger75_p2,0.4331,U,75,44,0.0
D,504722,auger75_p2,0.4341,U,75,44,0.0
D,504823,auger75_p2,0.4372,U,75,44,0.0
D,504913,auger75_p2,0.4393,U,75,44,0.0
D,505007,auger75_p2,0.4410,U,75,44,0.0
D,505103,auger75_p2,0.4411,U,75,44,0.0
D,505199,auger75_p2,0.4386,U,75,44,0.0
D,505295,auger75_p2,0.4345,U,75,44,0.0
D,505391,auger75_p2,0.4309,U,75,44,0.0
D,505486,auger75_p2,0.4296,U,75,44,0.0
D,505582,auger75_p2,0.4304,U,75,44,0.0
D,505678,auger75_p2,0.4316,U,75,44,0.0
D,505774,auger75_p2,0.4324,U,75,44,0.0
D,505868,auger75_p2,0.4326,U,75,44,0.0
D,505964,auger75_p2,0.4323,U,75,44,0.0
D,506059,auger75_p2,0.4316,U,75,44,0.0
D,506156,auger75_p2,0.4304,U,75,44,0.0
D,506251,auger75_p2,0.4236,U,75,44,0.0
D,506347,auger75_p2,0.4216,U,75,44,0.0
D,506443,auger75_p2,0.4216,U,75,44,0.0
D,506539,auger75_p2,0.4234,U,75,44,0.0
D,506635,auger75_p2,0.4265,U,75,44,0.0
D,506730,auger75_p2,0.4303,U,75,44,0.0
D,506824,auger75_p2,0.4336,U,75,44,0.0
D,506920,auger75_p2,0.4354,U,75,44,0.0
D,507016,auger75_p2,0.4364,U,75,44,0.0
D,507112,auger75_p2,0.4375,U,75,44,0.0
D,507208,auger75_p2,0.4385,U,75,44,0.0
D,507303,auger75_p2,0.4379,U,75,44,0.0
D,507399,auger75_p2,0.4360,U,75,44,0.0
D,507495,auger75_p2,0.4353,U,75,44,0.0
D,507591,auger75_p2,0.4352,U,75,44,0.0
D,507685,auger75_p2,0.4355,U,75,44,0.0
D,507781,auger75_p2,0.4360,U,75,44,0.0
D,507877,auger75_p2,0.4365,U,75,44,0.0
D,507972,auger75_p2,0.4390,U,75,44,0.0
D,508068,auger75_p2,0.4380,U,75,44,0.0
D,508164,auger75_p2,0.4360,U,75,44,0.0
D,508260,auger75_p2,0.4346,U,75,44,0.0
D,508356,auger75_p2,0.4301,U,75,44,0.0
D,508452,auger75_p2,0.4267,U,75,44,0.0
D,508545,auger75_p2,0.4236,U,75,44,0.0
D,508641,auger75_p2,0.4222,U,75,44,0.0
D,508737,auger75_p2,0.4233,U,75,44,0.0
D,508833,auger75_p2,0.4258,U,75,44,0.0
D,508929,auger75_p2,0.4278,U,75,44,0.0
D,509025,auger75_p2,0.4281,U,75,44,0.0
D,509121,auger75_p2,0.4279,U,75,44,0.0
D,509217,auger75_p2,0.4270,U,75,44,0.0
D,509312,auger75_p2,0.4262,U,75,44,0.0
D,509408,auger75_p2,0.4261,U,75,44,0.0
D,509502,auger75_p2,0.4260,U,75,44,0.0
D,509598,auger75_p2,0.4260,U,75,44,0.0
D,509694,auger75_p2,0.4259,U,75,44,0.0
D,509790,auger75_p2,0.4257,U,75,44,0.0
D,509886,auger75_p2,0.4256,U,75,44,0.0
D,509981,auger75_p2,0.4258,U,75,44,0.0
D,510077,auger75_p2,0.4263,U,75,44,0.0
D,510173,auger75_p2,0.4327,U,75,44,0.0
D,510269,auger75_p2,0.4349,U,75,44,0.0
D,510363,auger75_p2,0.4366,U,75,44,0.0
D,510458,auger75_p2,0.4382,U,75,44,0.0
D,510554,auger75_p2,0.4395,U,75,44,0.0
D,510650,auger75_p2,0.4396,U,75,44,0.0
D,510746,auger75_p2,0.4385,U,75,44,0.0
D,510842,auger75_p2,0.4373,U,75,44,0.0
D,510938,auger75_p2,0.4374,U,75,44,0.0
D,511034,auger75_p2,0.4378,U,75,44,0.0
D,511129,auger75_p2,0.4386,U,75,44,0.0
D,511223,auger75_p2,0.4393,U,75,44,0.0
D,511319,auger75_p2,0.4422,U,75,44,0.0
D,511415,auger75_p2,0.4411,U,75,44,0.0
D,511511,auger75_p2,0.4406,U,75,44,0.0
D,511607,auger75_p2,0.4411,U,75,44,0.0
D,511703,auger75_p2,0.4418,U,75,44,0.0
D,511798,auger75_p2,0.4423,U,75,44,0.0
D,511894,auger75_p2,0.4421,U,75,44,0.0
D,511990,auger75_p2,0.4413,U,75,44,0.0
D,512084,auger75_p2,0.4327,U,75,44,0.0
D,512180,auger75_p2,0.4291,U,75,44,0.0
E,512243,BLOCK_END,auger75_p2
E,512245,BLOCK_START,post_auger75_p2
D,512276,post_auger75_p2,0.4275,U,0,44,0.0
D,512371,post_auger75_p2,0.4270,U,0,44,0.0
D,512467,post_auger75_p2,0.4262,U,0,44,0.0
D,512563,post_auger75_p2,0.4246,U,0,44,0.0
D,512659,post_auger75_p2,0.4236,U,0,44,0.0
D,512755,post_auger75_p2,0.4253,U,0,44,0.0
D,512851,post_auger75_p2,0.4318,U,0,44,0.0
D,512947,post_auger75_p2,0.4429,U,0,44,0.0
D,513040,post_auger75_p2,0.4556,U,0,44,0.0
D,513136,post_auger75_p2,0.4657,U,0,44,0.0
D,513232,post_auger75_p2,0.4713,U,0,44,0.0
D,513328,post_auger75_p2,0.4734,U,0,44,0.0
D,513424,post_auger75_p2,0.4739,U,0,44,0.0
D,513519,post_auger75_p2,0.4740,U,0,44,0.0
D,513615,post_auger75_p2,0.4740,U,0,44,0.0
D,513711,post_auger75_p2,0.4740,U,0,44,0.0
D,513807,post_auger75_p2,0.4740,U,0,44,0.0
D,513901,post_auger75_p2,0.4740,S,0,44,0.0
D,513997,post_auger75_p2,0.4740,S,0,44,0.0
D,514093,post_auger75_p2,0.4740,S,0,44,0.0
D,514189,post_auger75_p2,0.4740,S,0,44,0.0
D,514284,post_auger75_p2,0.4740,S,0,44,0.0
D,514380,post_auger75_p2,0.4740,S,0,44,0.0
D,514476,post_auger75_p2,0.4740,S,0,44,0.0
D,514572,post_auger75_p2,0.4740,S,0,44,0.0
D,514668,post_auger75_p2,0.4740,S,0,44,0.0
D,514762,post_auger75_p2,0.4740,S,0,44,0.0
D,514858,post_auger75_p2,0.4740,S,0,44,0.0
D,514953,post_auger75_p2,0.4740,S,0,44,0.0
D,515049,post_auger75_p2,0.4741,S,0,44,0.0
D,515145,post_auger75_p2,0.4741,S,0,44,0.0
D,515241,post_auger75_p2,0.4741,S,0,44,0.0
D,515337,post_auger75_p2,0.4741,S,0,44,0.0
D,515433,post_auger75_p2,0.4741,S,0,44,0.0
D,515529,post_auger75_p2,0.4741,S,0,44,0.0
D,515625,post_auger75_p2,0.4741,S,0,44,0.0
D,515718,post_auger75_p2,0.4741,S,0,44,0.0
D,515814,post_auger75_p2,0.4741,S,0,44,0.0
D,515910,post_auger75_p2,0.4741,S,0,44,0.0
D,516006,post_auger75_p2,0.4741,S,0,44,0.0
D,516102,post_auger75_p2,0.4742,S,0,44,0.0
D,516198,post_auger75_p2,0.4742,S,0,44,0.0
D,516294,post_auger75_p2,0.4742,S,0,44,0.0
D,516395,post_auger75_p2,0.4742,S,0,44,0.0
D,516485,post_auger75_p2,0.4742,S,0,44,0.0
D,516579,post_auger75_p2,0.4742,S,0,44,0.0
D,516675,post_auger75_p2,0.4742,S,0,44,0.0
D,516771,post_auger75_p2,0.4743,S,0,44,0.0
D,516867,post_auger75_p2,0.4743,S,0,44,0.0
D,516963,post_auger75_p2,0.4743,S,0,44,0.0
D,517058,post_auger75_p2,0.4745,U,0,44,0.0
D,517154,post_auger75_p2,0.4745,U,0,44,0.0
D,517250,post_auger75_p2,0.4746,U,0,44,0.0
D,517346,post_auger75_p2,0.4746,U,0,44,0.0
D,517440,post_auger75_p2,0.4746,U,0,44,0.0
D,517535,post_auger75_p2,0.4747,U,0,44,0.0
D,517631,post_auger75_p2,0.4747,U,0,44,0.0
D,517727,post_auger75_p2,0.4748,U,0,44,0.0
D,517823,post_auger75_p2,0.4748,U,0,44,0.0
D,517919,post_auger75_p2,0.4749,U,0,44,0.0
D,518015,post_auger75_p2,0.4749,U,0,44,0.0
D,518111,post_auger75_p2,0.4749,U,0,44,0.0
D,518206,post_auger75_p2,0.4750,U,0,44,0.0
D,518302,post_auger75_p2,0.4750,U,0,44,0.0
D,518396,post_auger75_p2,0.4750,S,0,44,0.0
D,518492,post_auger75_p2,0.4751,U,0,44,0.0
D,518588,post_auger75_p2,0.4751,U,0,44,0.0
D,518684,post_auger75_p2,0.4752,U,0,44,0.0
D,518779,post_auger75_p2,0.4752,U,0,44,0.0
D,518875,post_auger75_p2,0.4752,U,0,44,0.0
D,518971,post_auger75_p2,0.4753,U,0,44,0.0
D,519067,post_auger75_p2,0.4753,U,0,44,0.0
D,519163,post_auger75_p2,0.4754,U,0,44,0.0
D,519257,post_auger75_p2,0.4754,U,0,44,0.0
D,519353,post_auger75_p2,0.4754,U,0,44,0.0
D,519449,post_auger75_p2,0.4755,U,0,44,0.0
D,519544,post_auger75_p2,0.4755,U,0,44,0.0
D,519640,post_auger75_p2,0.4755,S,0,44,0.0
D,519736,post_auger75_p2,0.4755,S,0,44,0.0
D,519832,post_auger75_p2,0.4755,S,0,44,0.0
D,519928,post_auger75_p2,0.4755,S,0,44,0.0
D,520024,post_auger75_p2,0.4756,S,0,44,0.0
D,520117,post_auger75_p2,0.4756,S,0,44,0.0
D,520213,post_auger75_p2,0.4756,S,0,44,0.0
D,520309,post_auger75_p2,0.4756,S,0,44,0.0
D,520405,post_auger75_p2,0.4756,S,0,44,0.0
D,520501,post_auger75_p2,0.4756,S,0,44,0.0
D,520597,post_auger75_p2,0.4756,S,0,44,0.0
D,520693,post_auger75_p2,0.4756,S,0,44,0.0
D,520788,post_auger75_p2,0.4756,S,0,44,0.0
D,520884,post_auger75_p2,0.4756,S,0,44,0.0
D,520978,post_auger75_p2,0.4756,S,0,44,0.0
D,521074,post_auger75_p2,0.4756,S,0,44,0.0
D,521170,post_auger75_p2,0.4756,S,0,44,0.0
D,521266,post_auger75_p2,0.4756,S,0,44,0.0
D,521361,post_auger75_p2,0.4756,S,0,44,0.0
D,521457,post_auger75_p2,0.4756,S,0,44,0.0
D,521553,post_auger75_p2,0.4756,S,0,44,0.0
D,521649,post_auger75_p2,0.4756,S,0,44,0.0
D,521745,post_auger75_p2,0.4756,S,0,44,0.0
D,521841,post_auger75_p2,0.4756,S,0,44,0.0
D,521935,post_auger75_p2,0.4756,S,0,44,0.0
D,522030,post_auger75_p2,0.4756,S,0,44,0.0
D,522127,post_auger75_p2,0.4756,S,0,44,0.0
D,522222,post_auger75_p2,0.4756,S,0,44,0.0
D,522318,post_auger75_p2,0.4756,S,0,44,0.0
D,522414,post_auger75_p2,0.4757,S,0,44,0.0
D,522510,post_auger75_p2,0.4757,S,0,44,0.0
D,522606,post_auger75_p2,0.4757,S,0,44,0.0
D,522702,post_auger75_p2,0.4757,S,0,44,0.0
D,522795,post_auger75_p2,0.4757,S,0,44,0.0
D,522891,post_auger75_p2,0.4757,S,0,44,0.0
D,522987,post_auger75_p2,0.4757,S,0,44,0.0
D,523083,post_auger75_p2,0.4757,S,0,44,0.0
D,523179,post_auger75_p2,0.4757,S,0,44,0.0
D,523275,post_auger75_p2,0.4757,S,0,44,0.0
D,523371,post_auger75_p2,0.4758,S,0,44,0.0
D,523466,post_auger75_p2,0.4761,U,0,44,0.0
D,523562,post_auger75_p2,0.4761,U,0,44,0.0
D,523656,post_auger75_p2,0.4761,U,0,44,0.0
D,523752,post_auger75_p2,0.4762,U,0,44,0.0
D,523847,post_auger75_p2,0.4762,U,0,44,0.0
D,523943,post_auger75_p2,0.4762,S,0,44,0.0
D,524039,post_auger75_p2,0.4762,S,0,44,0.0
D,524135,post_auger75_p2,0.4763,U,0,44,0.0
D,524231,post_auger75_p2,0.4763,S,0,44,0.0
D,524327,post_auger75_p2,0.4763,S,0,44,0.0
D,524422,post_auger75_p2,0.4763,S,0,44,0.0
D,524518,post_auger75_p2,0.4763,S,0,44,0.0
D,524612,post_auger75_p2,0.4763,S,0,44,0.0
D,524708,post_auger75_p2,0.4763,S,0,44,0.0
D,524804,post_auger75_p2,0.4763,S,0,44,0.0
D,524900,post_auger75_p2,0.4763,S,0,44,0.0
D,524996,post_auger75_p2,0.4763,S,0,44,0.0
D,525091,post_auger75_p2,0.4763,S,0,44,0.0
D,525187,post_auger75_p2,0.4763,S,0,44,0.0
D,525283,post_auger75_p2,0.4763,S,0,44,0.0
D,525379,post_auger75_p2,0.4763,S,0,44,0.0
D,525473,post_auger75_p2,0.4763,S,0,44,0.0
D,525569,post_auger75_p2,0.4764,S,0,44,0.0
D,525665,post_auger75_p2,0.4764,S,0,44,0.0
D,525760,post_auger75_p2,0.4764,S,0,44,0.0
D,525856,post_auger75_p2,0.4764,S,0,44,0.0
D,525952,post_auger75_p2,0.4764,S,0,44,0.0
D,526048,post_auger75_p2,0.4764,S,0,44,0.0
D,526144,post_auger75_p2,0.4764,S,0,44,0.0
D,526240,post_auger75_p2,0.4764,S,0,44,0.0
D,526334,post_auger75_p2,0.4764,S,0,44,0.0
D,526430,post_auger75_p2,0.4764,S,0,44,0.0
D,526525,post_auger75_p2,0.4764,S,0,44,0.0
D,526621,post_auger75_p2,0.4764,S,0,44,0.0
D,526717,post_auger75_p2,0.4768,U,0,44,0.0
D,526812,post_auger75_p2,0.4768,U,0,44,0.0
D,526908,post_auger75_p2,0.4769,U,0,44,0.0
D,527004,post_auger75_p2,0.4769,U,0,44,0.0
D,527100,post_auger75_p2,0.4770,U,0,44,0.0
D,527196,post_auger75_p2,0.4770,U,0,44,0.0
E,527259,BLOCK_END,post_auger75_p2
E,527262,BLOCK_START,auger55_p2
D,527397,auger55_p2,0.4771,U,55,44,0.0
D,527577,auger55_p2,0.4773,U,55,44,0.0
D,527673,auger55_p2,0.4773,U,55,44,0.0
D,527769,auger55_p2,0.4772,S,55,44,0.0
D,527864,auger55_p2,0.4722,U,55,44,0.0
D,527960,auger55_p2,0.4668,U,55,44,0.0
D,528056,auger55_p2,0.4610,U,55,44,0.0
D,528150,auger55_p2,0.4566,U,55,44,0.0
D,528246,auger55_p2,0.4541,U,55,44,0.0
D,528346,auger55_p2,0.4518,U,55,44,0.0
D,528438,auger55_p2,0.4483,U,55,44,0.0
D,528533,auger55_p2,0.4445,U,55,44,0.0
D,528629,auger55_p2,0.4427,U,55,44,0.0
D,528725,auger55_p2,0.4446,U,55,44,0.0
D,528821,auger55_p2,0.4488,U,55,44,0.0
D,528917,auger55_p2,0.4521,U,55,44,0.0
D,529011,auger55_p2,0.4517,U,55,44,0.0
D,529106,auger55_p2,0.4480,U,55,44,0.0
D,529203,auger55_p2,0.4437,U,55,44,0.0
D,529298,auger55_p2,0.4414,U,55,44,0.0
D,529394,auger55_p2,0.4411,U,55,44,0.0
D,529490,auger55_p2,0.4412,U,55,44,0.0
D,529586,auger55_p2,0.4401,U,55,44,0.0
D,529682,auger55_p2,0.4381,U,55,44,0.0
D,529777,auger55_p2,0.4365,U,55,44,0.0
D,529873,auger55_p2,0.4364,U,55,44,0.0
D,529967,auger55_p2,0.4373,U,55,44,0.0
D,530063,auger55_p2,0.4379,U,55,44,0.0
D,530159,auger55_p2,0.4376,U,55,44,0.0
D,530255,auger55_p2,0.4372,U,55,44,0.0
D,530351,auger55_p2,0.4369,U,55,44,0.0
D,530446,auger55_p2,0.4367,U,55,44,0.0
D,530542,auger55_p2,0.4366,U,55,44,0.0
D,530638,auger55_p2,0.4363,U,55,44,0.0
D,530734,auger55_p2,0.4327,U,55,44,0.0
D,530828,auger55_p2,0.4312,U,55,44,0.0
D,530924,auger55_p2,0.4307,U,55,44,0.0
D,531019,auger55_p2,0.4317,U,55,44,0.0
D,531115,auger55_p2,0.4332,U,55,44,0.0
D,531211,auger55_p2,0.4340,U,55,44,0.0
D,531307,auger55_p2,0.4366,U,55,44,0.0
D,531403,auger55_p2,0.4399,U,55,44,0.0
D,531499,auger55_p2,0.4442,U,55,44,0.0
D,531594,auger55_p2,0.4479,U,55,44,0.0
D,531688,auger55_p2,0.4497,U,55,44,0.0
D,531784,auger55_p2,0.4494,U,55,44,0.0
D,531880,auger55_p2,0.4484,U,55,44,0.0
D,531976,auger55_p2,0.4474,U,55,44,0.0
D,532072,auger55_p2,0.4462,U,55,44,0.0
D,532168,auger55_p2,0.4444,U,55,44,0.0
D,532264,auger55_p2,0.4423,U,55,44,0.0
D,532359,auger55_p2,0.4405,U,55,44,0.0
D,532455,auger55_p2,0.4392,U,55,44,0.0
D,532549,auger55_p2,0.4385,U,55,44,0.0
D,532645,auger55_p2,0.4378,U,55,44,0.0
D,532741,auger55_p2,0.4365,U,55,44,0.0
D,532836,auger55_p2,0.4346,U,55,44,0.0
D,532932,auger55_p2,0.4331,U,55,44,0.0
D,533028,auger55_p2,0.4329,U,55,44,0.0
D,533124,auger55_p2,0.4338,U,55,44,0.0
D,533220,auger55_p2,0.4347,U,55,44,0.0
D,533316,auger55_p2,0.4346,U,55,44,0.0
D,533412,auger55_p2,0.4343,U,55,44,0.0
D,533505,auger55_p2,0.4342,U,55,44,0.0
D,533601,auger55_p2,0.4346,U,55,44,0.0
D,533697,auger55_p2,0.4398,U,55,44,0.0
D,533793,auger55_p2,0.4418,U,55,44,0.0
D,533889,auger55_p2,0.4411,U,55,44,0.0
D,533985,auger55_p2,0.4390,U,55,44,0.0
D,534080,auger55_p2,0.4375,U,55,44,0.0
D,534176,auger55_p2,0.4374,U,55,44,0.0
D,534272,auger55_p2,0.4376,U,55,44,0.0
D,534366,auger55_p2,0.4380,U,55,44,0.0
D,534462,auger55_p2,0.4371,U,55,44,0.0
D,534558,auger55_p2,0.4363,U,55,44,0.0
D,534654,auger55_p2,0.4357,U,55,44,0.0
D,534750,auger55_p2,0.4356,U,55,44,0.0
D,534845,auger55_p2,0.4359,U,55,44,0.0
D,534941,auger55_p2,0.4365,U,55,44,0.0
D,535037,auger55_p2,0.4369,U,55,44,0.0
D,535133,auger55_p2,0.4369,U,55,44,0.0
D,535227,auger55_p2,0.4366,U,55,44,0.0
D,535323,auger55_p2,0.4364,U,55,44,0.0
D,535418,auger55_p2,0.4355,U,55,44,0.0
D,535514,auger55_p2,0.4374,U,55,44,0.0
D,535610,auger55_p2,0.4383,U,55,44,0.0
D,535706,auger55_p2,0.4411,U,55,44,0.0
D,535802,auger55_p2,0.4432,U,55,44,0.0
D,535898,auger55_p2,0.4448,U,55,44,0.0
D,535993,auger55_p2,0.4458,U,55,44,0.0
D,536089,auger55_p2,0.4463,U,55,44,0.0
D,536183,auger55_p2,0.4459,U,55,44,0.0
D,536279,auger55_p2,0.4445,U,55,44,0.0
D,536375,auger55_p2,0.4439,U,55,44,0.0
D,536471,auger55_p2,0.4438,U,55,44,0.0
D,536567,auger55_p2,0.4441,U,55,44,0.0
D,536662,auger55_p2,0.4442,U,55,44,0.0
D,536758,auger55_p2,0.4439,U,55,44,0.0
D,536854,auger55_p2,0.4386,U,55,44,0.0
D,536950,auger55_p2,0.4360,U,55,44,0.0
D,537044,auger55_p2,0.4350,U,55,44,0.0
D,537140,auger55_p2,0.4346,U,55,44,0.0
D,537236,auger55_p2,0.4340,U,55,44,0.0
D,537331,auger55_p2,0.4339,U,55,44,0.0
D,537427,auger55_p2,0.4351,U,55,44,0.0
D,537523,auger55_p2,0.4359,U,55,44,0.0
D,537619,auger55_p2,0.4366,U,55,44,0.0
D,537715,auger55_p2,0.4383,U,55,44,0.0
D,537811,auger55_p2,0.4386,U,55,44,0.0
D,537904,auger55_p2,0.4395,U,55,44,0.0
D,537999,auger55_p2,0.4400,U,55,44,0.0
D,538096,auger55_p2,0.4392,U,55,44,0.0
D,538192,auger55_p2,0.4380,U,55,44,0.0
D,538288,auger55_p2,0.4367,U,55,44,0.0
D,538384,auger55_p2,0.4323,U,55,44,0.0
D,538479,auger55_p2,0.4319,U,55,44,0.0
D,538575,auger55_p2,0.4325,U,55,44,0.0
D,538671,auger55_p2,0.4335,U,55,44,0.0
D,538767,auger55_p2,0.4345,U,55,44,0.0
D,538861,auger55_p2,0.4347,U,55,44,0.0
D,538957,auger55_p2,0.4347,U,55,44,0.0
D,539053,auger55_p2,0.4345,U,55,44,0.0
D,539148,auger55_p2,0.4343,U,55,44,0.0
D,539244,auger55_p2,0.4345,U,55,44,0.0
D,539340,auger55_p2,0.4351,U,55,44,0.0
D,539436,auger55_p2,0.4424,U,55,44,0.0
D,539532,auger55_p2,0.4459,U,55,44,0.0
D,539628,auger55_p2,0.4487,U,55,44,0.0
D,539728,auger55_p2,0.4509,U,55,44,0.0
D,539817,auger55_p2,0.4514,U,55,44,0.0
D,539913,auger55_p2,0.4493,U,55,44,0.0
D,540009,auger55_p2,0.4450,U,55,44,0.0
D,540105,auger55_p2,0.4408,U,55,44,0.0
D,540201,auger55_p2,0.4384,U,55,44,0.0
D,540297,auger55_p2,0.4377,U,55,44,0.0
D,540392,auger55_p2,0.4376,U,55,44,0.0
D,540488,auger55_p2,0.4373,U,55,44,0.0
D,540582,auger55_p2,0.4358,U,55,44,0.0
D,540678,auger55_p2,0.4330,U,55,44,0.0
D,540774,auger55_p2,0.4301,U,55,44,0.0
D,540870,auger55_p2,0.4286,U,55,44,0.0
D,540965,auger55_p2,0.4287,U,55,44,0.0
D,541061,auger55_p2,0.4299,U,55,44,0.0
D,541157,auger55_p2,0.4315,U,55,44,0.0
D,541253,auger55_p2,0.4332,U,55,44,0.0
D,541349,auger55_p2,0.4347,U,55,44,0.0
D,541445,auger55_p2,0.4363,U,55,44,0.0
D,541538,auger55_p2,0.4385,U,55,44,0.0
D,541634,auger55_p2,0.4409,U,55,44,0.0
D,541730,auger55_p2,0.4424,U,55,44,0.0
D,541826,auger55_p2,0.4432,U,55,44,0.0
D,541922,auger55_p2,0.4439,U,55,44,0.0
D,542018,auger55_p2,0.4446,U,55,44,0.0
D,542114,auger55_p2,0.4440,U,55,44,0.0
D,542209,auger55_p2,0.4414,U,55,44,0.0
E,542272,BLOCK_END,auger55_p2
E,542274,BLOCK_START,post_auger55_p2
D,542305,post_auger55_p2,0.4399,U,0,44,0.0
D,542399,post_auger55_p2,0.4371,U,0,44,0.0
D,542495,post_auger55_p2,0.4371,U,0,44,0.0
D,542591,post_auger55_p2,0.4365,U,0,44,0.0
D,542687,post_auger55_p2,0.4344,U,0,44,0.0
D,542782,post_auger55_p2,0.4329,U,0,44,0.0
D,542878,post_auger55_p2,0.4350,U,0,44,0.0
D,542974,post_auger55_p2,0.4414,U,0,44,0.0
D,543070,post_auger55_p2,0.4499,U,0,44,0.0
D,543166,post_auger55_p2,0.4574,U,0,44,0.0
D,543260,post_auger55_p2,0.4620,U,0,44,0.0
D,543356,post_auger55_p2,0.4641,U,0,44,0.0
D,543451,post_auger55_p2,0.4648,U,0,44,0.0
D,543547,post_auger55_p2,0.4649,U,0,44,0.0
D,543643,post_auger55_p2,0.4649,U,0,44,0.0
D,543739,post_auger55_p2,0.4649,U,0,44,0.0
D,543835,post_auger55_p2,0.4648,U,0,44,0.0
D,543931,post_auger55_p2,0.4648,S,0,44,0.0
D,544027,post_auger55_p2,0.4648,S,0,44,0.0
D,544121,post_auger55_p2,0.4648,S,0,44,0.0
D,544216,post_auger55_p2,0.4647,U,0,44,0.0
D,544312,post_auger55_p2,0.4647,S,0,44,0.0
D,544408,post_auger55_p2,0.4646,U,0,44,0.0
D,544504,post_auger55_p2,0.4645,U,0,44,0.0
D,544600,post_auger55_p2,0.4645,U,0,44,0.0
D,544696,post_auger55_p2,0.4644,U,0,44,0.0
D,544792,post_auger55_p2,0.4644,U,0,44,0.0
D,544887,post_auger55_p2,0.4644,U,0,44,0.0
D,544983,post_auger55_p2,0.4643,U,0,44,0.0
D,545077,post_auger55_p2,0.4643,U,0,44,0.0
D,545173,post_auger55_p2,0.4643,S,0,44,0.0
D,545269,post_auger55_p2,0.4642,U,0,44,0.0
D,545365,post_auger55_p2,0.4642,U,0,44,0.0
D,545461,post_auger55_p2,0.4642,S,0,44,0.0
D,545556,post_auger55_p2,0.4641,U,0,44,0.0
D,545652,post_auger55_p2,0.4641,U,0,44,0.0
D,545748,post_auger55_p2,0.4640,U,0,44,0.0
D,545844,post_auger55_p2,0.4640,U,0,44,0.0
D,545938,post_auger55_p2,0.4639,U,0,44,0.0
D,546034,post_auger55_p2,0.4639,U,0,44,0.0
D,546130,post_auger55_p2,0.4638,U,0,44,0.0
D,546225,post_auger55_p2,0.4638,U,0,44,0.0
D,546321,post_auger55_p2,0.4637,U,0,44,0.0
D,546417,post_auger55_p2,0.4637,U,0,44,0.0
D,546513,post_auger55_p2,0.4636,U,0,44,0.0
D,546609,post_auger55_p2,0.4636,U,0,44,0.0
D,546705,post_auger55_p2,0.4635,U,0,44,0.0
D,546799,post_auger55_p2,0.4635,U,0,44,0.0
D,546894,post_auger55_p2,0.4635,U,0,44,0.0
D,546990,post_auger55_p2,0.4634,U,0,44,0.0
D,547086,post_auger55_p2,0.4634,U,0,44,0.0
D,547182,post_auger55_p2,0.4633,U,0,44,0.0
D,547278,post_auger55_p2,0.4633,U,0,44,0.0
D,547374,post_auger55_p2,0.4632,U,0,44,0.0
D,547469,post_auger55_p2,0.4632,U,0,44,0.0
D,547565,post_auger55_p2,0.4632,U,0,44,0.0
D,547661,post_auger55_p2,0.4632,S,0,44,0.0
D,547755,post_auger55_p2,0.4631,U,0,44,0.0
D,547851,post_auger55_p2,0.4631,S,0,44,0.0
D,547947,post_auger55_p2,0.4631,S,0,44,0.0
D,548043,post_auger55_p2,0.4631,S,0,44,0.0
D,548138,post_auger55_p2,0.4630,U,0,44,0.0
D,548234,post_auger55_p2,0.4630,S,0,44,0.0
D,548330,post_auger55_p2,0.4630,S,0,44,0.0
D,548426,post_auger55_p2,0.4630,S,0,44,0.0
D,548522,post_auger55_p2,0.4630,S,0,44,0.0
D,548616,post_auger55_p2,0.4630,S,0,44,0.0
D,548711,post_auger55_p2,0.4630,S,0,44,0.0
D,548807,post_auger55_p2,0.4630,S,0,44,0.0
D,548903,post_auger55_p2,0.4630,S,0,44,0.0
D,548999,post_auger55_p2,0.4630,S,0,44,0.0
D,549095,post_auger55_p2,0.4630,S,0,44,0.0
D,549191,post_auger55_p2,0.4630,S,0,44,0.0
D,549287,post_auger55_p2,0.4630,S,0,44,0.0
D,549382,post_auger55_p2,0.4630,S,0,44,0.0
D,549476,post_auger55_p2,0.4630,S,0,44,0.0
D,549572,post_auger55_p2,0.4630,S,0,44,0.0
D,549668,post_auger55_p2,0.4630,S,0,44,0.0
D,549764,post_auger55_p2,0.4630,S,0,44,0.0
D,549860,post_auger55_p2,0.4630,S,0,44,0.0
D,549956,post_auger55_p2,0.4630,S,0,44,0.0
D,550052,post_auger55_p2,0.4629,S,0,44,0.0
D,550147,post_auger55_p2,0.4629,S,0,44,0.0
D,550243,post_auger55_p2,0.4629,S,0,44,0.0
D,550339,post_auger55_p2,0.4629,S,0,44,0.0
D,550433,post_auger55_p2,0.4629,S,0,44,0.0
D,550529,post_auger55_p2,0.4630,S,0,44,0.0
D,550625,post_auger55_p2,0.4630,S,0,44,0.0
D,550721,post_auger55_p2,0.4630,S,0,44,0.0
D,550816,post_auger55_p2,0.4630,S,0,44,0.0
D,550912,post_auger55_p2,0.4630,S,0,44,0.0
D,551008,post_auger55_p2,0.4630,S,0,44,0.0
D,551104,post_auger55_p2,0.4630,S,0,44,0.0
D,551200,post_auger55_p2,0.4630,S,0,44,0.0
D,551294,post_auger55_p2,0.4630,S,0,44,0.0
D,551390,post_auger55_p2,0.4630,S,0,44,0.0
D,551486,post_auger55_p2,0.4630,S,0,44,0.0
D,551592,post_auger55_p2,0.4630,S,0,44,0.0
D,551682,post_auger55_p2,0.4630,S,0,44,0.0
D,551773,post_auger55_p2,0.4630,S,0,44,0.0
D,551869,post_auger55_p2,0.4630,S,0,44,0.0
D,551964,post_auger55_p2,0.4634,U,0,44,0.0
D,552060,post_auger55_p2,0.4634,U,0,44,0.0
D,552154,post_auger55_p2,0.4634,U,0,44,0.0
D,552250,post_auger55_p2,0.4635,U,0,44,0.0
D,552346,post_auger55_p2,0.4635,U,0,44,0.0
D,552441,post_auger55_p2,0.4636,U,0,44,0.0
D,552537,post_auger55_p2,0.4636,U,0,44,0.0
D,552633,post_auger55_p2,0.4637,U,0,44,0.0
D,552729,post_auger55_p2,0.4637,U,0,44,0.0
D,552825,post_auger55_p2,0.4637,U,0,44,0.0
D,552921,post_auger55_p2,0.4638,U,0,44,0.0
D,553016,post_auger55_p2,0.4638,U,0,44,0.0
D,553110,post_auger55_p2,0.4638,S,0,44,0.0
D,553206,post_auger55_p2,0.4638,S,0,44,0.0
D,553302,post_auger55_p2,0.4639,U,0,44,0.0
D,553398,post_auger55_p2,0.4639,S,0,44,0.0
D,553494,post_auger55_p2,0.4639,S,0,44,0.0
D,553590,post_auger55_p2,0.4640,U,0,44,0.0
D,553686,post_auger55_p2,0.4640,U,0,44,0.0
D,553781,post_auger55_p2,0.4641,U,0,44,0.0
D,553877,post_auger55_p2,0.4641,U,0,44,0.0
D,553971,post_auger55_p2,0.4641,U,0,44,0.0
D,554067,post_auger55_p2,0.4642,U,0,44,0.0
D,554163,post_auger55_p2,0.4642,U,0,44,0.0
D,554258,post_auger55_p2,0.4642,S,0,44,0.0
D,554354,post_auger55_p2,0.4643,U,0,44,0.0
D,554450,post_auger55_p2,0.4643,U,0,44,0.0
D,554546,post_auger55_p2,0.4644,U,0,44,0.0
D,554642,post_auger55_p2,0.4644,U,0,44,0.0
D,554738,post_auger55_p2,0.4644,U,0,44,0.0
D,554832,post_auger55_p2,0.4645,U,0,44,0.0
D,554927,post_auger55_p2,0.4645,U,0,44,0.0
D,555023,post_auger55_p2,0.4646,U,0,44,0.0
D,555119,post_auger55_p2,0.4646,U,0,44,0.0
D,555215,post_auger55_p2,0.4646,U,0,44,0.0
D,555311,post_auger55_p2,0.4647,U,0,44,0.0
D,555407,post_auger55_p2,0.4647,U,0,44,0.0
D,555502,post_auger55_p2,0.4647,S,0,44,0.0
D,555598,post_auger55_p2,0.4647,S,0,44,0.0
D,555694,post_auger55_p2,0.4647,S,0,44,0.0
D,555788,post_auger55_p2,0.4647,S,0,44,0.0
D,555884,post_auger55_p2,0.4647,S,0,44,0.0
D,555980,post_auger55_p2,0.4647,S,0,44,0.0
D,556076,post_auger55_p2,0.4646,S,0,44,0.0
D,556172,post_auger55_p2,0.4646,S,0,44,0.0
D,556267,post_auger55_p2,0.4646,S,0,44,0.0
D,556363,post_auger55_p2,0.4646,S,0,44,0.0
D,556459,post_auger55_p2,0.4646,S,0,44,0.0
D,556555,post_auger55_p2,0.4646,S,0,44,0.0
D,556649,post_auger55_p2,0.4646,S,0,44,0.0
D,556745,post_auger55_p2,0.4646,S,0,44,0.0
D,556840,post_auger55_p2,0.4646,S,0,44,0.0
D,556936,post_auger55_p2,0.4646,S,0,44,0.0
D,557032,post_auger55_p2,0.4646,S,0,44,0.0
D,557128,post_auger55_p2,0.4646,S,0,44,0.0
D,557224,post_auger55_p2,0.4646,S,0,44,0.0
E,557287,BLOCK_END,post_auger55_p2
E,557289,BLOCK_START,auger30_p2
D,557320,auger30_p2,0.4646,S,30,44,0.0
D,557416,auger30_p2,0.4646,S,30,44,0.0
D,557510,auger30_p2,0.4646,S,30,44,0.0
D,557606,auger30_p2,0.4646,S,30,44,0.0
D,557701,auger30_p2,0.4646,S,30,44,0.0
D,557797,auger30_p2,0.4646,S,30,44,0.0
D,557893,auger30_p2,0.4646,S,30,44,0.0
D,557988,auger30_p2,0.4592,U,30,44,0.0
D,558084,auger30_p2,0.4542,U,30,44,0.0
D,558180,auger30_p2,0.4475,U,30,44,0.0
D,558276,auger30_p2,0.4406,U,30,44,0.0
D,558370,auger30_p2,0.4353,U,30,44,0.0
D,558465,auger30_p2,0.4322,U,30,44,0.0
D,558561,auger30_p2,0.4306,U,30,44,0.0
D,558657,auger30_p2,0.4299,U,30,44,0.0
D,558753,auger30_p2,0.4302,U,30,44,0.0
D,558849,auger30_p2,0.4320,U,30,44,0.0
D,558945,auger30_p2,0.4344,U,30,44,0.0
D,559040,auger30_p2,0.4359,U,30,44,0.0
D,559136,auger30_p2,0.4355,U,30,44,0.0
D,559232,auger30_p2,0.4340,U,30,44,0.0
D,559326,auger30_p2,0.4329,U,30,44,0.0
D,559422,auger30_p2,0.4331,U,30,44,0.0
D,559518,auger30_p2,0.4338,U,30,44,0.0
D,559614,auger30_p2,0.4345,U,30,44,0.0
D,559709,auger30_p2,0.4350,U,30,44,0.0
D,559805,auger30_p2,0.4352,U,30,44,0.0
D,559901,auger30_p2,0.4352,U,30,44,0.0
D,559997,auger30_p2,0.4351,U,30,44,0.0
D,560093,auger30_p2,0.4348,U,30,44,0.0
D,560187,auger30_p2,0.4317,U,30,44,0.0
D,560283,auger30_p2,0.4309,U,30,44,0.0
D,560378,auger30_p2,0.4305,U,30,44,0.0
D,560474,auger30_p2,0.4302,U,30,44,0.0
D,560570,auger30_p2,0.4301,U,30,44,0.0
D,560666,auger30_p2,0.4308,U,30,44,0.0
D,560762,auger30_p2,0.4315,U,30,44,0.0
D,560858,auger30_p2,0.4320,U,30,44,0.0
D,560953,auger30_p2,0.4324,U,30,44,0.0
D,561047,auger30_p2,0.4333,U,30,44,0.0
D,561143,auger30_p2,0.4328,U,30,44,0.0
D,561239,auger30_p2,0.4326,U,30,44,0.0
D,561335,auger30_p2,0.4324,U,30,44,0.0
D,561431,auger30_p2,0.4324,U,30,44,0.0
D,561526,auger30_p2,0.4326,U,30,44,0.0
D,561622,auger30_p2,0.4329,U,30,44,0.0
D,561718,auger30_p2,0.4332,U,30,44,0.0
D,561814,auger30_p2,0.4334,U,30,44,0.0
D,561910,auger30_p2,0.4335,U,30,44,0.0
D,562004,auger30_p2,0.4335,U,30,44,0.0
D,562100,auger30_p2,0.4337,U,30,44,0.0
D,562195,auger30_p2,0.4339,U,30,44,0.0
D,562292,auger30_p2,0.4343,U,30,44,0.0
D,562387,auger30_p2,0.4384,U,30,44,0.0
D,562483,auger30_p2,0.4371,U,30,44,0.0
D,562579,auger30_p2,0.4353,U,30,44,0.0
D,562675,auger30_p2,0.4350,U,30,44,0.0
D,562770,auger30_p2,0.4351,U,30,44,0.0
D,562864,auger30_p2,0.4356,U,30,44,0.0
D,562960,auger30_p2,0.4361,U,30,44,0.0
D,563056,auger30_p2,0.4365,U,30,44,0.0
D,563152,auger30_p2,0.4366,U,30,44,0.0
D,563253,auger30_p2,0.4365,U,30,44,0.0
D,563344,auger30_p2,0.4363,U,30,44,0.0
D,563439,auger30_p2,0.4335,U,30,44,0.0
D,563535,auger30_p2,0.4329,U,30,44,0.0
D,563631,auger30_p2,0.4330,U,30,44,0.0
D,563725,auger30_p2,0.4337,U,30,44,0.0
D,563821,auger30_p2,0.4344,U,30,44,0.0
D,563917,auger30_p2,0.4348,U,30,44,0.0
D,564012,auger30_p2,0.4352,U,30,44,0.0
D,564108,auger30_p2,0.4374,U,30,44,0.0
D,564204,auger30_p2,0.4390,U,30,44,0.0
D,564300,auger30_p2,0.4399,U,30,44,0.0
D,564396,auger30_p2,0.4393,U,30,44,0.0
D,564492,auger30_p2,0.4375,U,30,44,0.0
D,564588,auger30_p2,0.4363,U,30,44,0.0
D,564681,auger30_p2,0.4336,U,30,44,0.0
D,564777,auger30_p2,0.4333,U,30,44,0.0
D,564873,auger30_p2,0.4340,U,30,44,0.0
D,564969,auger30_p2,0.4347,U,30,44,0.0
D,565065,auger30_p2,0.4348,U,30,44,0.0
D,565161,auger30_p2,0.4345,U,30,44,0.0
D,565256,auger30_p2,0.4340,U,30,44,0.0
D,565352,auger30_p2,0.4337,U,30,44,0.0
D,565448,auger30_p2,0.4337,U,30,44,0.0
D,565542,auger30_p2,0.4342,U,30,44,0.0
D,565638,auger30_p2,0.4403,U,30,44,0.0
D,565734,auger30_p2,0.4434,U,30,44,0.0
D,565829,auger30_p2,0.4449,U,30,44,0.0
D,565925,auger30_p2,0.4440,U,30,44,0.0
D,566021,auger30_p2,0.4413,U,30,44,0.0
D,566117,auger30_p2,0.4383,U,30,44,0.0
D,566213,auger30_p2,0.4361,U,30,44,0.0
D,566309,auger30_p2,0.4351,U,30,44,0.0
D,566403,auger30_p2,0.4350,U,30,44,0.0
D,566498,auger30_p2,0.4352,U,30,44,0.0
D,566594,auger30_p2,0.4353,U,30,44,0.0
D,566690,auger30_p2,0.4353,U,30,44,0.0
D,566786,auger30_p2,0.4353,U,30,44,0.0
D,566882,auger30_p2,0.4356,U,30,44,0.0
D,566978,auger30_p2,0.4359,U,30,44,0.0
D,567074,auger30_p2,0.4362,U,30,44,0.0
D,567170,auger30_p2,0.4364,U,30,44,0.0
D,567265,auger30_p2,0.4364,U,30,44,0.0
D,567359,auger30_p2,0.4364,U,30,44,0.0
D,567455,auger30_p2,0.4366,U,30,44,0.0
D,567551,auger30_p2,0.4370,U,30,44,0.0
D,567646,auger30_p2,0.4428,U,30,44,0.0
D,567742,auger30_p2,0.4444,U,30,44,0.0
D,567838,auger30_p2,0.4445,U,30,44,0.0
D,567934,auger30_p2,0.4430,U,30,44,0.0
D,568030,auger30_p2,0.4405,U,30,44,0.0
D,568126,auger30_p2,0.4392,U,30,44,0.0
D,568220,auger30_p2,0.4364,U,30,44,0.0
D,568315,auger30_p2,0.4358,U,30,44,0.0
D,568411,auger30_p2,0.4355,U,30,44,0.0
D,568507,auger30_p2,0.4348,U,30,44,0.0
D,568603,auger30_p2,0.4337,U,30,44,0.0
D,568699,auger30_p2,0.4333,U,30,44,0.0
D,568795,auger30_p2,0.4343,U,30,44,0.0
D,568891,auger30_p2,0.4351,U,30,44,0.0
D,568986,auger30_p2,0.4356,U,30,44,0.0
D,569080,auger30_p2,0.4354,U,30,44,0.0
D,569176,auger30_p2,0.4348,U,30,44,0.0
D,569272,auger30_p2,0.4339,U,30,44,0.0
D,569368,auger30_p2,0.4294,U,30,44,0.0
D,569464,auger30_p2,0.4315,U,30,44,0.0
D,569559,auger30_p2,0.4348,U,30,44,0.0
D,569655,auger30_p2,0.4364,U,30,44,0.0
D,569751,auger30_p2,0.4402,U,30,44,0.0
D,569847,auger30_p2,0.4410,U,30,44,0.0
D,569941,auger30_p2,0.4406,U,30,44,0.0
D,570037,auger30_p2,0.4396,U,30,44,0.0
D,570133,auger30_p2,0.4385,U,30,44,0.0
D,570229,auger30_p2,0.4383,U,30,44,0.0
D,570324,auger30_p2,0.4384,U,30,44,0.0
D,570420,auger30_p2,0.4386,U,30,44,0.0
D,570516,auger30_p2,0.4388,U,30,44,0.0
D,570612,auger30_p2,0.4387,U,30,44,0.0
D,570708,auger30_p2,0.4384,U,30,44,0.0
D,570804,auger30_p2,0.4381,U,30,44,0.0
D,570897,auger30_p2,0.4356,U,30,44,0.0
D,570993,auger30_p2,0.4356,U,30,44,0.0
D,571089,auger30_p2,0.4357,U,30,44,0.0
D,571185,auger30_p2,0.4361,U,30,44,0.0
D,571281,auger30_p2,0.4364,U,30,44,0.0
D,571377,auger30_p2,0.4367,U,30,44,0.0
D,571473,auger30_p2,0.4369,U,30,44,0.0
D,571568,auger30_p2,0.4372,U,30,44,0.0
D,571664,auger30_p2,0.4373,U,30,44,0.0
D,571758,auger30_p2,0.4373,U,30,44,0.0
D,571854,auger30_p2,0.4373,U,30,44,0.0
D,571950,auger30_p2,0.4373,U,30,44,0.0
D,572046,auger30_p2,0.4374,U,30,44,0.0
D,572142,auger30_p2,0.4375,U,30,44,0.0
D,572237,auger30_p2,0.4377,U,30,44,0.0
E,572300,BLOCK_END,auger30_p2
E,572302,BLOCK_START,post_auger30_p2
D,572333,post_auger30_p2,0.4379,U,0,44,0.0
D,572429,post_auger30_p2,0.4421,U,0,44,0.0
D,572525,post_auger30_p2,0.4420,U,0,44,0.0
D,572619,post_auger30_p2,0.4411,U,0,44,0.0
D,572714,post_auger30_p2,0.4399,U,0,44,0.0
D,572810,post_auger30_p2,0.4395,U,0,44,0.0
D,572906,post_auger30_p2,0.4393,U,0,44,0.0
D,573002,post_auger30_p2,0.4395,U,0,44,0.0
D,573098,post_auger30_p2,0.4399,U,0,44,0.0
D,573194,post_auger30_p2,0.4404,U,0,44,0.0
D,573290,post_auger30_p2,0.4449,U,0,44,0.0
D,573385,post_auger30_p2,0.4458,U,0,44,0.0
D,573481,post_auger30_p2,0.4462,U,0,44,0.0
D,573575,post_auger30_p2,0.4464,U,0,44,0.0
D,573671,post_auger30_p2,0.4465,U,0,44,0.0
D,573767,post_auger30_p2,0.4465,U,0,44,0.0
D,573863,post_auger30_p2,0.4465,U,0,44,0.0
D,573958,post_auger30_p2,0.4465,U,0,44,0.0
D,574054,post_auger30_p2,0.4466,U,0,44,0.0
D,574150,post_auger30_p2,0.4466,S,0,44,0.0
D,574246,post_auger30_p2,0.4466,S,0,44,0.0
D,574342,post_auger30_p2,0.4466,S,0,44,0.0
D,574436,post_auger30_p2,0.4466,S,0,44,0.0
D,574532,post_auger30_p2,0.4466,S,0,44,0.0
D,574638,post_auger30_p2,0.4466,S,0,44,0.0
D,574819,post_auger30_p2,0.4467,S,0,44,0.0
D,574915,post_auger30_p2,0.4467,S,0,44,0.0
D,575011,post_auger30_p2,0.4468,U,0,44,0.0
D,575107,post_auger30_p2,0.4468,U,0,44,0.0
D,575203,post_auger30_p2,0.4468,S,0,44,0.0
D,575297,post_auger30_p2,0.4468,S,0,44,0.0
D,575392,post_auger30_p2,0.4469,U,0,44,0.0
D,575488,post_auger30_p2,0.4469,S,0,44,0.0
D,575584,post_auger30_p2,0.4469,S,0,44,0.0
D,575680,post_auger30_p2,0.4469,S,0,44,0.0
D,575776,post_auger30_p2,0.4469,S,0,44,0.0
D,575872,post_auger30_p2,0.4469,S,0,44,0.0
D,575968,post_auger30_p2,0.4470,S,0,44,0.0
D,576063,post_auger30_p2,0.4470,S,0,44,0.0
D,576159,post_auger30_p2,0.4471,U,0,44,0.0
D,576253,post_auger30_p2,0.4471,U,0,44,0.0
D,576349,post_auger30_p2,0.4471,U,0,44,0.0
D,576445,post_auger30_p2,0.4472,U,0,44,0.0
D,576541,post_auger30_p2,0.4472,U,0,44,0.0
D,576637,post_auger30_p2,0.4472,S,0,44,0.0
D,576732,post_auger30_p2,0.4472,S,0,44,0.0
D,576828,post_auger30_p2,0.4472,S,0,44,0.0
D,576924,post_auger30_p2,0.4472,S,0,44,0.0
D,577020,post_auger30_p2,0.4472,S,0,44,0.0
D,577114,post_auger30_p2,0.4473,S,0,44,0.0
D,577210,post_auger30_p2,0.4473,S,0,44,0.0
D,577305,post_auger30_p2,0.4473,S,0,44,0.0
D,577401,post_auger30_p2,0.4473,S,0,44,0.0
D,577497,post_auger30_p2,0.4473,S,0,44,0.0
D,577593,post_auger30_p2,0.4474,S,0,44,0.0
D,577689,post_auger30_p2,0.4474,S,0,44,0.0
D,577785,post_auger30_p2,0.4474,S,0,44,0.0
D,577881,post_auger30_p2,0.4474,S,0,44,0.0
D,577974,post_auger30_p2,0.4475,U,0,44,0.0
D,578070,post_auger30_p2,0.4475,S,0,44,0.0
D,578166,post_auger30_p2,0.4475,S,0,44,0.0
D,578262,post_auger30_p2,0.4475,S,0,44,0.0
D,578358,post_auger30_p2,0.4475,S,0,44,0.0
D,578454,post_auger30_p2,0.4476,S,0,44,0.0
D,578549,post_auger30_p2,0.4477,U,0,44,0.0
D,578645,post_auger30_p2,0.4477,U,0,44,0.0
D,578741,post_auger30_p2,0.4477,U,0,44,0.0
D,578837,post_auger30_p2,0.4478,U,0,44,0.0
D,578931,post_auger30_p2,0.4478,U,0,44,0.0
D,579027,post_auger30_p2,0.4478,S,0,44,0.0
D,579122,post_auger30_p2,0.4478,S,0,44,0.0
D,579219,post_auger30_p2,0.4479,U,0,44,0.0
D,579314,post_auger30_p2,0.4479,S,0,44,0.0
D,579410,post_auger30_p2,0.4479,S,0,44,0.0
D,579506,post_auger30_p2,0.4479,S,0,44,0.0
D,579602,post_auger30_p2,0.4479,S,0,44,0.0
D,579698,post_auger30_p2,0.4479,S,0,44,0.0
D,579791,post_auger30_p2,0.4479,S,0,44,0.0
D,579887,post_auger30_p2,0.4479,S,0,44,0.0
D,579983,post_auger30_p2,0.4479,S,0,44,0.0
D,580079,post_auger30_p2,0.4479,S,0,44,0.0
D,580175,post_auger30_p2,0.4479,S,0,44,0.0
D,580271,post_auger30_p2,0.4479,S,0,44,0.0
D,580367,post_auger30_p2,0.4479,S,0,44,0.0
D,580463,post_auger30_p2,0.4479,S,0,44,0.0
D,580558,post_auger30_p2,0.4479,S,0,44,0.0
D,580652,post_auger30_p2,0.4479,S,0,44,0.0
D,580748,post_auger30_p2,0.4479,S,0,44,0.0
D,580844,post_auger30_p2,0.4479,S,0,44,0.0
D,580940,post_auger30_p2,0.4479,S,0,44,0.0
D,581036,post_auger30_p2,0.4479,S,0,44,0.0
D,581132,post_auger30_p2,0.4479,S,0,44,0.0
D,581227,post_auger30_p2,0.4478,S,0,44,0.0
D,581323,post_auger30_p2,0.4478,S,0,44,0.0
D,581419,post_auger30_p2,0.4478,S,0,44,0.0
D,581513,post_auger30_p2,0.4478,S,0,44,0.0
D,581609,post_auger30_p2,0.4478,S,0,44,0.0
D,581705,post_auger30_p2,0.4478,S,0,44,0.0
D,581801,post_auger30_p2,0.4478,S,0,44,0.0
D,581897,post_auger30_p2,0.4478,S,0,44,0.0
D,581992,post_auger30_p2,0.4478,S,0,44,0.0
D,582088,post_auger30_p2,0.4478,S,0,44,0.0
D,582184,post_auger30_p2,0.4478,S,0,44,0.0
D,582280,post_auger30_p2,0.4477,S,0,44,0.0
D,582376,post_auger30_p2,0.4477,S,0,44,0.0
D,582470,post_auger30_p2,0.4477,S,0,44,0.0
D,582565,post_auger30_p2,0.4477,S,0,44,0.0
D,582661,post_auger30_p2,0.4477,S,0,44,0.0
D,582757,post_auger30_p2,0.4477,S,0,44,0.0
D,582853,post_auger30_p2,0.4478,S,0,44,0.0
D,582949,post_auger30_p2,0.4478,S,0,44,0.0
D,583045,post_auger30_p2,0.4478,S,0,44,0.0
D,583141,post_auger30_p2,0.4478,S,0,44,0.0
D,583237,post_auger30_p2,0.4478,S,0,44,0.0
D,583330,post_auger30_p2,0.4481,U,0,44,0.0
D,583426,post_auger30_p2,0.4481,U,0,44,0.0
D,583522,post_auger30_p2,0.4481,U,0,44,0.0
D,583617,post_auger30_p2,0.4481,U,0,44,0.0
D,583713,post_auger30_p2,0.4481,U,0,44,0.0
D,583809,post_auger30_p2,0.4481,S,0,44,0.0
D,583905,post_auger30_p2,0.4482,S,0,44,0.0
D,584001,post_auger30_p2,0.4481,S,0,44,0.0
D,584097,post_auger30_p2,0.4481,S,0,44,0.0
D,584190,post_auger30_p2,0.4481,S,0,44,0.0
D,584286,post_auger30_p2,0.4481,S,0,44,0.0
D,584382,post_auger30_p2,0.4481,S,0,44,0.0
D,584478,post_auger30_p2,0.4481,S,0,44,0.0
D,584574,post_auger30_p2,0.4481,S,0,44,0.0
D,584670,post_auger30_p2,0.4481,S,0,44,0.0
D,584766,post_auger30_p2,0.4481,S,0,44,0.0
D,584861,post_auger30_p2,0.4481,S,0,44,0.0
D,584957,post_auger30_p2,0.4481,S,0,44,0.0
D,585053,post_auger30_p2,0.4481,S,0,44,0.0
D,585147,post_auger30_p2,0.4481,S,0,44,0.0
D,585243,post_auger30_p2,0.4482,S,0,44,0.0
D,585339,post_auger30_p2,0.4482,S,0,44,0.0
D,585435,post_auger30_p2,0.4482,S,0,44,0.0
D,585531,post_auger30_p2,0.4482,S,0,44,0.0
D,585626,post_auger30_p2,0.4482,S,0,44,0.0
D,585722,post_auger30_p2,0.4482,S,0,44,0.0
D,585818,post_auger30_p2,0.4482,S,0,44,0.0
D,585914,post_auger30_p2,0.4482,S,0,44,0.0
D,586008,post_auger30_p2,0.4483,S,0,44,0.0
D,586104,post_auger30_p2,0.4483,S,0,44,0.0
D,586199,post_auger30_p2,0.4486,U,0,44,0.0
D,586295,post_auger30_p2,0.4486,U,0,44,0.0
D,586391,post_auger30_p2,0.4486,U,0,44,0.0
D,586487,post_auger30_p2,0.4486,U,0,44,0.0
D,586594,post_auger30_p2,0.4486,U,0,44,0.0
D,586774,post_auger30_p2,0.4486,S,0,44,0.0
D,586868,post_auger30_p2,0.4486,S,0,44,0.0
D,586964,post_auger30_p2,0.4486,S,0,44,0.0
D,587060,post_auger30_p2,0.4486,S,0,44,0.0
D,587156,post_auger30_p2,0.4486,S,0,44,0.0
D,587252,post_auger30_p2,0.4486,S,0,44,0.0
E,587314,BLOCK_END,post_auger30_p2
E,587316,BLOCK_START,auger15_p2
D,587347,auger15_p2,0.4486,S,15,44,0.0
D,587443,auger15_p2,0.4486,S,15,44,0.0
D,587539,auger15_p2,0.4486,S,15,44,0.0
D,587635,auger15_p2,0.4486,S,15,44,0.0
D,587731,auger15_p2,0.4486,S,15,44,0.0
D,587825,auger15_p2,0.4486,S,15,44,0.0
D,587921,auger15_p2,0.4485,S,15,44,0.0
D,588017,auger15_p2,0.4485,S,15,44,0.0
D,588112,auger15_p2,0.4481,U,15,44,0.0
D,588208,auger15_p2,0.4407,U,15,44,0.0
D,588303,auger15_p2,0.4372,U,15,44,0.0
D,588399,auger15_p2,0.4350,U,15,44,0.0
D,588495,auger15_p2,0.4350,U,15,44,0.0
D,588591,auger15_p2,0.4367,U,15,44,0.0
D,588685,auger15_p2,0.4390,U,15,44,0.0
D,588781,auger15_p2,0.4412,U,15,44,0.0
D,588876,auger15_p2,0.4435,U,15,44,0.0
D,588972,auger15_p2,0.4462,U,15,44,0.0
D,589068,auger15_p2,0.4489,U,15,44,0.0
D,589164,auger15_p2,0.4504,U,15,44,0.0
D,589260,auger15_p2,0.4501,U,15,44,0.0
D,589356,auger15_p2,0.4485,U,15,44,0.0
D,589452,auger15_p2,0.4466,U,15,44,0.0
D,589545,auger15_p2,0.4461,U,15,44,0.0
D,589641,auger15_p2,0.4460,U,15,44,0.0
D,589737,auger15_p2,0.4470,U,15,44,0.0
D,589833,auger15_p2,0.4476,U,15,44,0.0
D,589929,auger15_p2,0.4475,U,15,44,0.0
D,590025,auger15_p2,0.4473,U,15,44,0.0
D,590120,auger15_p2,0.4471,U,15,44,0.0
D,590216,auger15_p2,0.4468,U,15,44,0.0
D,590312,auger15_p2,0.4465,U,15,44,0.0
D,590408,auger15_p2,0.4429,U,15,44,0.0
D,590502,auger15_p2,0.4398,U,15,44,0.0
D,590598,auger15_p2,0.4362,U,15,44,0.0
D,590693,auger15_p2,0.4329,U,15,44,0.0
D,590789,auger15_p2,0.4307,U,15,44,0.0
D,590885,auger15_p2,0.4297,U,15,44,0.0
D,590981,auger15_p2,0.4293,U,15,44,0.0
D,591077,auger15_p2,0.4292,U,15,44,0.0
D,591173,auger15_p2,0.4297,U,15,44,0.0
D,591269,auger15_p2,0.4319,U,15,44,0.0
D,591362,auger15_p2,0.4358,U,15,44,0.0
D,591458,auger15_p2,0.4405,U,15,44,0.0
D,591554,auger15_p2,0.4442,U,15,44,0.0
D,591650,auger15_p2,0.4459,U,15,44,0.0
D,591746,auger15_p2,0.4452,U,15,44,0.0
D,591842,auger15_p2,0.4422,U,15,44,0.0
D,591938,auger15_p2,0.4375,U,15,44,0.0
D,592033,auger15_p2,0.4317,U,15,44,0.0
D,592129,auger15_p2,0.4265,U,15,44,0.0
D,592223,auger15_p2,0.4237,U,15,44,0.0
D,592319,auger15_p2,0.4243,U,15,44,0.0
D,592415,auger15_p2,0.4276,U,15,44,0.0
D,592511,auger15_p2,0.4315,U,15,44,0.0
D,592606,auger15_p2,0.4339,U,15,44,0.0
D,592702,auger15_p2,0.4345,U,15,44,0.0
D,592798,auger15_p2,0.4350,U,15,44,0.0
D,592894,auger15_p2,0.4367,U,15,44,0.0
D,592990,auger15_p2,0.4398,U,15,44,0.0
D,593084,auger15_p2,0.4435,U,15,44,0.0
D,593179,auger15_p2,0.4468,U,15,44,0.0
D,593275,auger15_p2,0.4492,U,15,44,0.0
D,593371,auger15_p2,0.4499,U,15,44,0.0
D,593467,auger15_p2,0.4489,U,15,44,0.0
D,593563,auger15_p2,0.4468,U,15,44,0.0
D,593659,auger15_p2,0.4444,U,15,44,0.0
D,593755,auger15_p2,0.4425,U,15,44,0.0
D,593851,auger15_p2,0.4415,U,15,44,0.0
D,593946,auger15_p2,0.4408,U,15,44,0.0
D,594040,auger15_p2,0.4399,U,15,44,0.0
D,594136,auger15_p2,0.4387,U,15,44,0.0
D,594232,auger15_p2,0.4370,U,15,44,0.0
D,594328,auger15_p2,0.4349,U,15,44,0.0
D,594423,auger15_p2,0.4331,U,15,44,0.0
D,594519,auger15_p2,0.4320,U,15,44,0.0
D,594615,auger15_p2,0.4312,U,15,44,0.0
D,594711,auger15_p2,0.4305,U,15,44,0.0
D,594806,auger15_p2,0.4300,U,15,44,0.0
D,594901,auger15_p2,0.4301,U,15,44,0.0
D,594997,auger15_p2,0.4312,U,15,44,0.0
D,595093,auger15_p2,0.4321,U,15,44,0.0
D,595188,auger15_p2,0.4355,U,15,44,0.0
D,595284,auger15_p2,0.4387,U,15,44,0.0
D,595380,auger15_p2,0.4422,U,15,44,0.0
D,595476,auger15_p2,0.4451,U,15,44,0.0
D,595572,auger15_p2,0.4464,U,15,44,0.0
D,595667,auger15_p2,0.4455,U,15,44,0.0
D,595762,auger15_p2,0.4426,U,15,44,0.0
D,595857,auger15_p2,0.4391,U,15,44,0.0
D,595953,auger15_p2,0.4363,U,15,44,0.0
D,596049,auger15_p2,0.4348,U,15,44,0.0
D,596145,auger15_p2,0.4342,U,15,44,0.0
D,596241,auger15_p2,0.4341,U,15,44,0.0
D,596336,auger15_p2,0.4347,U,15,44,0.0
D,596432,auger15_p2,0.4362,U,15,44,0.0
D,596528,auger15_p2,0.4370,U,15,44,0.0
D,596624,auger15_p2,0.4385,U,15,44,0.0
D,596718,auger15_p2,0.4385,U,15,44,0.0
D,596814,auger15_p2,0.4383,U,15,44,0.0
D,596910,auger15_p2,0.4384,U,15,44,0.0
D,597005,auger15_p2,0.4387,U,15,44,0.0
D,597101,auger15_p2,0.4391,U,15,44,0.0
D,597197,auger15_p2,0.4395,U,15,44,0.0
D,597292,auger15_p2,0.4400,U,15,44,0.0
D,597389,auger15_p2,0.4435,U,15,44,0.0
D,597485,auger15_p2,0.4448,U,15,44,0.0
D,597579,auger15_p2,0.4455,U,15,44,0.0
D,597674,auger15_p2,0.4454,U,15,44,0.0
D,597770,auger15_p2,0.4439,U,15,44,0.0
D,597866,auger15_p2,0.4424,U,15,44,0.0
D,597967,auger15_p2,0.4367,U,15,44,0.0
D,598058,auger15_p2,0.4332,U,15,44,0.0
D,598154,auger15_p2,0.4315,U,15,44,0.0
D,598249,auger15_p2,0.4316,U,15,44,0.0
D,598345,auger15_p2,0.4322,U,15,44,0.0
D,598439,auger15_p2,0.4328,U,15,44,0.0
D,598535,auger15_p2,0.4335,U,15,44,0.0
D,598631,auger15_p2,0.4341,U,15,44,0.0
D,598727,auger15_p2,0.4360,U,15,44,0.0
D,598823,auger15_p2,0.4368,U,15,44,0.0
D,598918,auger15_p2,0.4370,U,15,44,0.0
D,599014,auger15_p2,0.4370,U,15,44,0.0
D,599110,auger15_p2,0.4369,U,15,44,0.0
D,599206,auger15_p2,0.4370,U,15,44,0.0
D,599302,auger15_p2,0.4374,U,15,44,0.0
D,599396,auger15_p2,0.4379,U,15,44,0.0
D,599491,auger15_p2,0.4412,U,15,44,0.0
D,599587,auger15_p2,0.4417,U,15,44,0.0
D,599683,auger15_p2,0.4412,U,15,44,0.0
D,599779,auger15_p2,0.4403,U,15,44,0.0
D,599875,auger15_p2,0.4401,U,15,44,0.0
D,599970,auger15_p2,0.4400,U,15,44,0.0
D,600067,auger15_p2,0.4401,U,15,44,0.0
D,600162,auger15_p2,0.4401,U,15,44,0.0
D,600255,auger15_p2,0.4400,U,15,44,0.0
D,600352,auger15_p2,0.4397,U,15,44,0.0
D,600448,auger15_p2,0.4394,U,15,44,0.0
D,600544,auger15_p2,0.4393,U,15,44,0.0
D,600640,auger15_p2,0.4392,U,15,44,0.0
D,600736,auger15_p2,0.4393,U,15,44,0.0
D,600832,auger15_p2,0.4393,U,15,44,0.0
D,600927,auger15_p2,0.4394,U,15,44,0.0
D,601023,auger15_p2,0.4395,U,15,44,0.0
D,601117,auger15_p2,0.4437,U,15,44,0.0
D,601213,auger15_p2,0.4475,U,15,44,0.0
D,601308,auger15_p2,0.4522,U,15,44,0.0
D,601404,auger15_p2,0.4558,U,15,44,0.0
D,601500,auger15_p2,0.4559,U,15,44,0.0
D,601596,auger15_p2,0.4522,U,15,44,0.0
D,601692,auger15_p2,0.4471,U,15,44,0.0
D,601788,auger15_p2,0.4435,U,15,44,0.0
D,601884,auger15_p2,0.4422,U,15,44,0.0
D,601979,auger15_p2,0.4420,U,15,44,0.0
D,602073,auger15_p2,0.4419,U,15,44,0.0
D,602169,auger15_p2,0.4420,U,15,44,0.0
D,602265,auger15_p2,0.4428,U,15,44,0.0
E,602328,BLOCK_END,auger15_p2
E,602330,BLOCK_START,post_auger15_p2
D,602361,post_auger15_p2,0.4433,U,0,44,0.0
D,602457,post_auger15_p2,0.4435,U,0,44,0.0
D,602553,post_auger15_p2,0.4433,U,0,44,0.0
D,602649,post_auger15_p2,0.4428,U,0,44,0.0
D,602744,post_auger15_p2,0.4423,U,0,44,0.0
D,602840,post_auger15_p2,0.4391,U,0,44,0.0
D,602934,post_auger15_p2,0.4405,U,0,44,0.0
D,603030,post_auger15_p2,0.4450,U,0,44,0.0
D,603125,post_auger15_p2,0.4521,U,0,44,0.0
D,603221,post_auger15_p2,0.4594,U,0,44,0.0
D,603317,post_auger15_p2,0.4648,U,0,44,0.0
D,603413,post_auger15_p2,0.4675,U,0,44,0.0
D,603509,post_auger15_p2,0.4685,U,0,44,0.0
D,603605,post_auger15_p2,0.4687,U,0,44,0.0
D,603701,post_auger15_p2,0.4687,U,0,44,0.0
D,603794,post_auger15_p2,0.4687,U,0,44,0.0
D,603890,post_auger15_p2,0.4687,U,0,44,0.0
D,603986,post_auger15_p2,0.4686,S,0,44,0.0
D,604082,post_auger15_p2,0.4685,U,0,44,0.0
D,604178,post_auger15_p2,0.4685,U,0,44,0.0
D,604274,post_auger15_p2,0.4685,U,0,44,0.0
D,604370,post_auger15_p2,0.4685,U,0,44,0.0
D,604466,post_auger15_p2,0.4685,S,0,44,0.0
D,604561,post_auger15_p2,0.4685,S,0,44,0.0
D,604655,post_auger15_p2,0.4685,S,0,44,0.0
D,604751,post_auger15_p2,0.4685,S,0,44,0.0
D,604847,post_auger15_p2,0.4685,S,0,44,0.0
D,604943,post_auger15_p2,0.4686,S,0,44,0.0
D,605039,post_auger15_p2,0.4686,S,0,44,0.0
D,605135,post_auger15_p2,0.4686,S,0,44,0.0
D,605230,post_auger15_p2,0.4686,S,0,44,0.0
D,605326,post_auger15_p2,0.4686,S,0,44,0.0
D,605422,post_auger15_p2,0.4686,S,0,44,0.0
D,605518,post_auger15_p2,0.4686,S,0,44,0.0
D,605612,post_auger15_p2,0.4686,S,0,44,0.0
D,605708,post_auger15_p2,0.4686,S,0,44,0.0
D,605804,post_auger15_p2,0.4686,S,0,44,0.0
D,605900,post_auger15_p2,0.4686,S,0,44,0.0
D,605995,post_auger15_p2,0.4686,S,0,44,0.0
D,606091,post_auger15_p2,0.4686,S,0,44,0.0
D,606187,post_auger15_p2,0.4686,S,0,44,0.0
D,606283,post_auger15_p2,0.4686,S,0,44,0.0
D,606379,post_auger15_p2,0.4687,S,0,44,0.0
D,606473,post_auger15_p2,0.4687,S,0,44,0.0
D,606569,post_auger15_p2,0.4687,S,0,44,0.0
D,606664,post_auger15_p2,0.4687,S,0,44,0.0
D,606760,post_auger15_p2,0.4687,S,0,44,0.0
D,606856,post_auger15_p2,0.4687,S,0,44,0.0
D,606952,post_auger15_p2,0.4687,S,0,44,0.0
D,607048,post_auger15_p2,0.4687,S,0,44,0.0
D,607144,post_auger15_p2,0.4687,S,0,44,0.0
D,607240,post_auger15_p2,0.4687,S,0,44,0.0
D,607334,post_auger15_p2,0.4687,S,0,44,0.0
D,607429,post_auger15_p2,0.4687,S,0,44,0.0
D,607525,post_auger15_p2,0.4687,S,0,44,0.0
D,607621,post_auger15_p2,0.4687,S,0,44,0.0
D,607717,post_auger15_p2,0.4687,S,0,44,0.0
D,607813,post_auger15_p2,0.4687,S,0,44,0.0
D,607909,post_auger15_p2,0.4687,S,0,44,0.0
D,608005,post_auger15_p2,0.4687,S,0,44,0.0
D,608100,post_auger15_p2,0.4687,S,0,44,0.0
D,608197,post_auger15_p2,0.4687,S,0,44,0.0
D,608290,post_auger15_p2,0.4687,S,0,44,0.0
D,608386,post_auger15_p2,0.4687,S,0,44,0.0
D,608482,post_auger15_p2,0.4688,S,0,44,0.0
D,608578,post_auger15_p2,0.4688,S,0,44,0.0
D,608674,post_auger15_p2,0.4688,S,0,44,0.0
D,608770,post_auger15_p2,0.4688,S,0,44,0.0
D,608865,post_auger15_p2,0.4688,S,0,44,0.0
D,608961,post_auger15_p2,0.4688,S,0,44,0.0
D,609057,post_auger15_p2,0.4688,S,0,44,0.0
D,609151,post_auger15_p2,0.4688,S,0,44,0.0
D,609247,post_auger15_p2,0.4688,S,0,44,0.0
D,609343,post_auger15_p2,0.4688,S,0,44,0.0
D,609439,post_auger15_p2,0.4688,S,0,44,0.0
D,609535,post_auger15_p2,0.4688,S,0,44,0.0
D,609630,post_auger15_p2,0.4688,S,0,44,0.0
D,609732,post_auger15_p2,0.4688,S,0,44,0.0
D,609822,post_auger15_p2,0.4688,S,0,44,0.0
D,609918,post_auger15_p2,0.4688,S,0,44,0.0
D,610012,post_auger15_p2,0.4688,S,0,44,0.0
D,610108,post_auger15_p2,0.4688,S,0,44,0.0
D,610204,post_auger15_p2,0.4688,S,0,44,0.0
D,610299,post_auger15_p2,0.4688,S,0,44,0.0
D,610395,post_auger15_p2,0.4688,S,0,44,0.0
D,610490,post_auger15_p2,0.4685,U,0,44,0.0
D,610586,post_auger15_p2,0.4684,U,0,44,0.0
D,610682,post_auger15_p2,0.4684,U,0,44,0.0
D,610778,post_auger15_p2,0.4683,U,0,44,0.0
D,610874,post_auger15_p2,0.4683,U,0,44,0.0
D,610968,post_auger15_p2,0.4682,U,0,44,0.0
D,611063,post_auger15_p2,0.4682,U,0,44,0.0
D,611159,post_auger15_p2,0.4681,U,0,44,0.0
D,611255,post_auger15_p2,0.4681,U,0,44,0.0
D,611351,post_auger15_p2,0.4680,U,0,44,0.0
D,611447,post_auger15_p2,0.4680,U,0,44,0.0
D,611542,post_auger15_p2,0.4679,U,0,44,0.0
D,611638,post_auger15_p2,0.4679,U,0,44,0.0
D,611734,post_auger15_p2,0.4678,U,0,44,0.0
D,611828,post_auger15_p2,0.4678,U,0,44,0.0
D,611924,post_auger15_p2,0.4678,U,0,44,0.0
D,612020,post_auger15_p2,0.4677,U,0,44,0.0
D,612115,post_auger15_p2,0.4677,U,0,44,0.0
D,612212,post_auger15_p2,0.4676,U,0,44,0.0
D,612307,post_auger15_p2,0.4676,U,0,44,0.0
D,612403,post_auger15_p2,0.4675,U,0,44,0.0
D,612499,post_auger15_p2,0.4675,U,0,44,0.0
D,612595,post_auger15_p2,0.4675,U,0,44,0.0
D,612689,post_auger15_p2,0.4674,U,0,44,0.0
D,612784,post_auger15_p2,0.4674,U,0,44,0.0
D,612880,post_auger15_p2,0.4674,S,0,44,0.0
D,612976,post_auger15_p2,0.4674,S,0,44,0.0
D,613072,post_auger15_p2,0.4674,S,0,44,0.0
D,613168,post_auger15_p2,0.4673,S,0,44,0.0
D,613264,post_auger15_p2,0.4673,S,0,44,0.0
D,613360,post_auger15_p2,0.4673,S,0,44,0.0
D,613455,post_auger15_p2,0.4673,S,0,44,0.0
D,613551,post_auger15_p2,0.4673,S,0,44,0.0
D,613645,post_auger15_p2,0.4673,S,0,44,0.0
D,613741,post_auger15_p2,0.4673,S,0,44,0.0
D,613837,post_auger15_p2,0.4673,S,0,44,0.0
D,613933,post_auger15_p2,0.4672,S,0,44,0.0
D,614029,post_auger15_p2,0.4672,S,0,44,0.0
D,614124,post_auger15_p2,0.4673,S,0,44,0.0
D,614220,post_auger15_p2,0.4673,S,0,44,0.0
D,614316,post_auger15_p2,0.4673,S,0,44,0.0
D,614412,post_auger15_p2,0.4673,S,0,44,0.0
D,614506,post_auger15_p2,0.4673,S,0,44,0.0
D,614602,post_auger15_p2,0.4673,S,0,44,0.0
D,614698,post_auger15_p2,0.4673,S,0,44,0.0
D,614793,post_auger15_p2,0.4673,S,0,44,0.0
D,614889,post_auger15_p2,0.4673,S,0,44,0.0
D,614985,post_auger15_p2,0.4673,S,0,44,0.0
D,615081,post_auger15_p2,0.4673,S,0,44,0.0
D,615177,post_auger15_p2,0.4673,S,0,44,0.0
D,615273,post_auger15_p2,0.4673,S,0,44,0.0
D,615367,post_auger15_p2,0.4674,S,0,44,0.0
D,615462,post_auger15_p2,0.4674,S,0,44,0.0
D,615558,post_auger15_p2,0.4677,U,0,44,0.0
D,615654,post_auger15_p2,0.4678,U,0,44,0.0
D,615750,post_auger15_p2,0.4678,U,0,44,0.0
D,615845,post_auger15_p2,0.4679,U,0,44,0.0
D,615941,post_auger15_p2,0.4679,U,0,44,0.0
D,616037,post_auger15_p2,0.4680,U,0,44,0.0
D,616133,post_auger15_p2,0.4681,U,0,44,0.0
D,616227,post_auger15_p2,0.4681,U,0,44,0.0
D,616323,post_auger15_p2,0.4682,U,0,44,0.0
D,616419,post_auger15_p2,0.4683,U,0,44,0.0
D,616515,post_auger15_p2,0.4683,U,0,44,0.0
D,616610,post_auger15_p2,0.4684,U,0,44,0.0
D,616706,post_auger15_p2,0.4684,U,0,44,0.0
D,616802,post_auger15_p2,0.4685,U,0,44,0.0
D,616898,post_auger15_p2,0.4685,U,0,44,0.0
D,616994,post_auger15_p2,0.4685,U,0,44,0.0
D,617090,post_auger15_p2,0.4686,U,0,44,0.0
D,617183,post_auger15_p2,0.4686,U,0,44,0.0
D,617279,post_auger15_p2,0.4686,S,0,44,0.0
E,617342,BLOCK_END,post_auger15_p2
E,617344,BLOCK_START,quiet_mid3
D,617375,quiet_mid3,0.4686,S,0,44,0.0
D,617471,quiet_mid3,0.4686,S,0,44,0.0
D,617567,quiet_mid3,0.4686,S,0,44,0.0
D,617663,quiet_mid3,0.4686,S,0,44,0.0
D,617759,quiet_mid3,0.4686,S,0,44,0.0
D,617854,quiet_mid3,0.4686,S,0,44,0.0
D,617950,quiet_mid3,0.4686,S,0,44,0.0
D,618044,quiet_mid3,0.4686,S,0,44,0.0
D,618140,quiet_mid3,0.4686,S,0,44,0.0
D,618236,quiet_mid3,0.4686,S,0,44,0.0
D,618332,quiet_mid3,0.4686,S,0,44,0.0
D,618427,quiet_mid3,0.4686,S,0,44,0.0
D,618523,quiet_mid3,0.4685,S,0,44,0.0
D,618619,quiet_mid3,0.4685,S,0,44,0.0
D,618715,quiet_mid3,0.4685,S,0,44,0.0
D,618811,quiet_mid3,0.4685,S,0,44,0.0
D,618905,quiet_mid3,0.4685,S,0,44,0.0
D,619001,quiet_mid3,0.4685,S,0,44,0.0
D,619097,quiet_mid3,0.4685,S,0,44,0.0
D,619192,quiet_mid3,0.4684,S,0,44,0.0
D,619288,quiet_mid3,0.4684,S,0,44,0.0
D,619384,quiet_mid3,0.4684,S,0,44,0.0
D,619480,quiet_mid3,0.4684,S,0,44,0.0
D,619576,quiet_mid3,0.4684,S,0,44,0.0
D,619672,quiet_mid3,0.4684,S,0,44,0.0
D,619768,quiet_mid3,0.4684,S,0,44,0.0
D,619861,quiet_mid3,0.4684,S,0,44,0.0
D,619957,quiet_mid3,0.4684,S,0,44,0.0
D,620053,quiet_mid3,0.4683,S,0,44,0.0
D,620149,quiet_mid3,0.4683,S,0,44,0.0
D,620245,quiet_mid3,0.4683,S,0,44,0.0
D,620341,quiet_mid3,0.4683,S,0,44,0.0
D,620437,quiet_mid3,0.4683,S,0,44,0.0
D,620532,quiet_mid3,0.4683,S,0,44,0.0
D,620628,quiet_mid3,0.4683,S,0,44,0.0
D,620722,quiet_mid3,0.4683,S,0,44,0.0
D,620818,quiet_mid3,0.4683,S,0,44,0.0
D,620914,quiet_mid3,0.4683,S,0,44,0.0
D,621010,quiet_mid3,0.4683,S,0,44,0.0
D,621106,quiet_mid3,0.4683,S,0,44,0.0
D,621202,quiet_mid3,0.4683,S,0,44,0.0
D,621297,quiet_mid3,0.4683,S,0,44,0.0
D,621393,quiet_mid3,0.4683,S,0,44,0.0
D,621489,quiet_mid3,0.4683,S,0,44,0.0
D,621583,quiet_mid3,0.4683,S,0,44,0.0
D,621679,quiet_mid3,0.4683,S,0,44,0.0
D,621775,quiet_mid3,0.4683,S,0,44,0.0
D,621882,quiet_mid3,0.4683,S,0,44,0.0
D,622062,quiet_mid3,0.4683,S,0,44,0.0
D,622158,quiet_mid3,0.4683,S,0,44,0.0
D,622254,quiet_mid3,0.4683,S,0,44,0.0
D,622350,quiet_mid3,0.4683,S,0,44,0.0
D,622446,quiet_mid3,0.4683,S,0,44,0.0
D,622540,quiet_mid3,0.4682,S,0,44,0.0
D,622636,quiet_mid3,0.4682,S,0,44,0.0
D,622731,quiet_mid3,0.4682,S,0,44,0.0
D,622827,quiet_mid3,0.4682,S,0,44,0.0
D,622923,quiet_mid3,0.4682,S,0,44,0.0
D,623019,quiet_mid3,0.4682,S,0,44,0.0
D,623115,quiet_mid3,0.4682,S,0,44,0.0
D,623211,quiet_mid3,0.4682,S,0,44,0.0
D,623307,quiet_mid3,0.4682,S,0,44,0.0
D,623400,quiet_mid3,0.4682,S,0,44,0.0
D,623496,quiet_mid3,0.4682,S,0,44,0.0
D,623592,quiet_mid3,0.4682,S,0,44,0.0
D,623688,quiet_mid3,0.4681,S,0,44,0.0
D,623784,quiet_mid3,0.4681,S,0,44,0.0
D,623880,quiet_mid3,0.4681,S,0,44,0.0
D,623975,quiet_mid3,0.4681,S,0,44,0.0
D,624071,quiet_mid3,0.4681,S,0,44,0.0
D,624167,quiet_mid3,0.4681,S,0,44,0.0
D,624261,quiet_mid3,0.4681,S,0,44,0.0
D,624357,quiet_mid3,0.4681,S,0,44,0.0
D,624453,quiet_mid3,0.4681,S,0,44,0.0
D,624548,quiet_mid3,0.4681,S,0,44,0.0
D,624645,quiet_mid3,0.4681,S,0,44,0.0
D,624740,quiet_mid3,0.4681,S,0,44,0.0
D,624836,quiet_mid3,0.4681,S,0,44,0.0
D,624932,quiet_mid3,0.4681,S,0,44,0.0
D,625028,quiet_mid3,0.4681,S,0,44,0.0
D,625124,quiet_mid3,0.4681,S,0,44,0.0
D,625217,quiet_mid3,0.4681,S,0,44,0.0
D,625313,quiet_mid3,0.4681,S,0,44,0.0
D,625409,quiet_mid3,0.4681,S,0,44,0.0
D,625505,quiet_mid3,0.4681,S,0,44,0.0
D,625601,quiet_mid3,0.4681,S,0,44,0.0
D,625697,quiet_mid3,0.4681,S,0,44,0.0
D,625793,quiet_mid3,0.4681,S,0,44,0.0
D,625888,quiet_mid3,0.4681,S,0,44,0.0
D,625984,quiet_mid3,0.4681,S,0,44,0.0
D,626078,quiet_mid3,0.4681,S,0,44,0.0
D,626174,quiet_mid3,0.4681,S,0,44,0.0
D,626270,quiet_mid3,0.4681,S,0,44,0.0
D,626366,quiet_mid3,0.4681,S,0,44,0.0
D,626461,quiet_mid3,0.4681,S,0,44,0.0
D,626557,quiet_mid3,0.4681,S,0,44,0.0
D,626653,quiet_mid3,0.4681,S,0,44,0.0
D,626749,quiet_mid3,0.4681,S,0,44,0.0
D,626845,quiet_mid3,0.4681,S,0,44,0.0
D,626939,quiet_mid3,0.4681,S,0,44,0.0
D,627034,quiet_mid3,0.4681,S,0,44,0.0
D,627130,quiet_mid3,0.4681,S,0,44,0.0
D,627226,quiet_mid3,0.4681,S,0,44,0.0
D,627322,quiet_mid3,0.4681,S,0,44,0.0
D,627418,quiet_mid3,0.4681,S,0,44,0.0
D,627514,quiet_mid3,0.4681,S,0,44,0.0
D,627610,quiet_mid3,0.4681,S,0,44,0.0
D,627706,quiet_mid3,0.4681,S,0,44,0.0
D,627800,quiet_mid3,0.4685,U,0,44,0.0
D,627894,quiet_mid3,0.4686,U,0,44,0.0
D,627990,quiet_mid3,0.4687,U,0,44,0.0
D,628086,quiet_mid3,0.4688,U,0,44,0.0
D,628182,quiet_mid3,0.4689,U,0,44,0.0
D,628278,quiet_mid3,0.4689,U,0,44,0.0
D,628373,quiet_mid3,0.4690,U,0,44,0.0
D,628469,quiet_mid3,0.4691,U,0,44,0.0
D,628565,quiet_mid3,0.4691,U,0,44,0.0
D,628661,quiet_mid3,0.4692,U,0,44,0.0
D,628755,quiet_mid3,0.4692,U,0,44,0.0
D,628851,quiet_mid3,0.4692,U,0,44,0.0
D,628946,quiet_mid3,0.4692,S,0,44,0.0
D,629042,quiet_mid3,0.4693,U,0,44,0.0
D,629138,quiet_mid3,0.4693,S,0,44,0.0
D,629234,quiet_mid3,0.4693,S,0,44,0.0
D,629330,quiet_mid3,0.4693,S,0,44,0.0
D,629426,quiet_mid3,0.4693,S,0,44,0.0
D,629522,quiet_mid3,0.4694,S,0,44,0.0
D,629616,quiet_mid3,0.4694,S,0,44,0.0
D,629711,quiet_mid3,0.4694,S,0,44,0.0
D,629807,quiet_mid3,0.4694,S,0,44,0.0
D,629903,quiet_mid3,0.4694,S,0,44,0.0
D,629999,quiet_mid3,0.4694,S,0,44,0.0
D,630095,quiet_mid3,0.4694,S,0,44,0.0
D,630191,quiet_mid3,0.4694,S,0,44,0.0
D,630286,quiet_mid3,0.4694,S,0,44,0.0
D,630382,quiet_mid3,0.4694,S,0,44,0.0
D,630476,quiet_mid3,0.4694,S,0,44,0.0
D,630572,quiet_mid3,0.4694,S,0,44,0.0
D,630668,quiet_mid3,0.4694,S,0,44,0.0
D,630764,quiet_mid3,0.4694,S,0,44,0.0
D,630860,quiet_mid3,0.4694,S,0,44,0.0
D,630956,quiet_mid3,0.4694,S,0,44,0.0
D,631051,quiet_mid3,0.4694,S,0,44,0.0
D,631147,quiet_mid3,0.4695,S,0,44,0.0
D,631243,quiet_mid3,0.4695,S,0,44,0.0
D,631339,quiet_mid3,0.4695,S,0,44,0.0
D,631433,quiet_mid3,0.4695,S,0,44,0.0
D,631529,quiet_mid3,0.4695,S,0,44,0.0
D,631625,quiet_mid3,0.4695,S,0,44,0.0
D,631720,quiet_mid3,0.4695,S,0,44,0.0
D,631816,quiet_mid3,0.4695,S,0,44,0.0
D,631912,quiet_mid3,0.4695,S,0,44,0.0
D,632008,quiet_mid3,0.4695,S,0,44,0.0
D,632104,quiet_mid3,0.4695,S,0,44,0.0
D,632200,quiet_mid3,0.4695,S,0,44,0.0
D,632293,quiet_mid3,0.4695,S,0,44,0.0
D,632389,quiet_mid3,0.4695,S,0,44,0.0
D,632485,quiet_mid3,0.4695,S,0,44,0.0
D,632581,quiet_mid3,0.4695,S,0,44,0.0
D,632677,quiet_mid3,0.4695,S,0,44,0.0
D,632773,quiet_mid3,0.4695,S,0,44,0.0
D,632869,quiet_mid3,0.4695,S,0,44,0.0
D,632965,quiet_mid3,0.4695,S,0,44,0.0
D,633061,quiet_mid3,0.4695,S,0,44,0.0
D,633154,quiet_mid3,0.4695,S,0,44,0.0
D,633250,quiet_mid3,0.4695,S,0,44,0.0
D,633346,quiet_mid3,0.4695,S,0,44,0.0
D,633442,quiet_mid3,0.4695,S,0,44,0.0
D,633538,quiet_mid3,0.4696,S,0,44,0.0
D,633634,quiet_mid3,0.4696,S,0,44,0.0
D,633730,quiet_mid3,0.4696,S,0,44,0.0
D,633826,quiet_mid3,0.4696,S,0,44,0.0
D,633920,quiet_mid3,0.4699,U,0,44,0.0
D,634016,quiet_mid3,0.4699,U,0,44,0.0
D,634110,quiet_mid3,0.4699,U,0,44,0.0
D,634206,quiet_mid3,0.4699,U,0,44,0.0
D,634313,quiet_mid3,0.4699,U,0,44,0.0
D,634494,quiet_mid3,0.4699,S,0,44,0.0
D,634589,quiet_mid3,0.4699,S,0,44,0.0
D,634686,quiet_mid3,0.4699,S,0,44,0.0
D,634781,quiet_mid3,0.4699,S,0,44,0.0
D,634877,quiet_mid3,0.4699,S,0,44,0.0
D,634971,quiet_mid3,0.4699,S,0,44,0.0
D,635067,quiet_mid3,0.4699,S,0,44,0.0
D,635163,quiet_mid3,0.4698,S,0,44,0.0
D,635259,quiet_mid3,0.4698,S,0,44,0.0
D,635354,quiet_mid3,0.4698,S,0,44,0.0
D,635450,quiet_mid3,0.4698,S,0,44,0.0
D,635546,quiet_mid3,0.4698,S,0,44,0.0
D,635642,quiet_mid3,0.4698,S,0,44,0.0
D,635738,quiet_mid3,0.4698,S,0,44,0.0
D,635832,quiet_mid3,0.4698,S,0,44,0.0
D,635928,quiet_mid3,0.4698,S,0,44,0.0
D,636023,quiet_mid3,0.4698,S,0,44,0.0
D,636119,quiet_mid3,0.4699,S,0,44,0.0
D,636215,quiet_mid3,0.4699,S,0,44,0.0
D,636311,quiet_mid3,0.4699,S,0,44,0.0
D,636407,quiet_mid3,0.4699,S,0,44,0.0
D,636503,quiet_mid3,0.4699,S,0,44,0.0
D,636599,quiet_mid3,0.4699,S,0,44,0.0
D,636695,quiet_mid3,0.4699,S,0,44,0.0
D,636788,quiet_mid3,0.4699,S,0,44,0.0
D,636884,quiet_mid3,0.4699,S,0,44,0.0
D,636980,quiet_mid3,0.4702,U,0,44,0.0
D,637075,quiet_mid3,0.4702,U,0,44,0.0
D,637171,quiet_mid3,0.4703,U,0,44,0.0
D,637267,quiet_mid3,0.4703,U,0,44,0.0
D,637363,quiet_mid3,0.4703,U,0,44,0.0
D,637459,quiet_mid3,0.4703,S,0,44,0.0
D,637555,quiet_mid3,0.4703,S,0,44,0.0
D,637648,quiet_mid3,0.4703,S,0,44,0.0
D,637744,quiet_mid3,0.4704,S,0,44,0.0
D,637840,quiet_mid3,0.4704,S,0,44,0.0
D,637936,quiet_mid3,0.4704,S,0,44,0.0
D,638032,quiet_mid3,0.4704,S,0,44,0.0
D,638128,quiet_mid3,0.4705,U,0,44,0.0
D,638224,quiet_mid3,0.4705,S,0,44,0.0
D,638320,quiet_mid3,0.4705,S,0,44,0.0
D,638415,quiet_mid3,0.4705,S,0,44,0.0
D,638509,quiet_mid3,0.4706,U,0,44,0.0
D,638605,quiet_mid3,0.4706,S,0,44,0.0
D,638701,quiet_mid3,0.4706,S,0,44,0.0
D,638797,quiet_mid3,0.4706,S,0,44,0.0
D,638893,quiet_mid3,0.4706,S,0,44,0.0
D,638988,quiet_mid3,0.4707,S,0,44,0.0
D,639084,quiet_mid3,0.4707,S,0,44,0.0
D,639180,quiet_mid3,0.4708,U,0,44,0.0
D,639276,quiet_mid3,0.4708,U,0,44,0.0
D,639372,quiet_mid3,0.4708,U,0,44,0.0
D,639466,quiet_mid3,0.4709,U,0,44,0.0
D,639562,quiet_mid3,0.4709,U,0,44,0.0
D,639657,quiet_mid3,0.4709,S,0,44,0.0
D,639753,quiet_mid3,0.4709,S,0,44,0.0
D,639849,quiet_mid3,0.4709,S,0,44,0.0
D,639945,quiet_mid3,0.4709,S,0,44,0.0
D,640041,quiet_mid3,0.4709,S,0,44,0.0
D,640136,quiet_mid3,0.4709,S,0,44,0.0
D,640233,quiet_mid3,0.4709,S,0,44,0.0
D,640326,quiet_mid3,0.4709,S,0,44,0.0
D,640422,quiet_mid3,0.4709,S,0,44,0.0
D,640518,quiet_mid3,0.4709,S,0,44,0.0
D,640614,quiet_mid3,0.4709,S,0,44,0.0
D,640710,quiet_mid3,0.4709,S,0,44,0.0
D,640806,quiet_mid3,0.4709,S,0,44,0.0
D,640901,quiet_mid3,0.4709,S,0,44,0.0
D,640997,quiet_mid3,0.4709,S,0,44,0.0
D,641093,quiet_mid3,0.4709,S,0,44,0.0
D,641187,quiet_mid3,0.4709,S,0,44,0.0
D,641283,quiet_mid3,0.4709,S,0,44,0.0
D,641379,quiet_mid3,0.4709,S,0,44,0.0
D,641475,quiet_mid3,0.4709,S,0,44,0.0
D,641571,quiet_mid3,0.4709,S,0,44,0.0
D,641666,quiet_mid3,0.4709,S,0,44,0.0
D,641762,quiet_mid3,0.4709,S,0,44,0.0
D,641858,quiet_mid3,0.4709,S,0,44,0.0
D,641954,quiet_mid3,0.4709,S,0,44,0.0
D,642048,quiet_mid3,0.4710,S,0,44,0.0
D,642144,quiet_mid3,0.4710,S,0,44,0.0
D,642240,quiet_mid3,0.4710,S,0,44,0.0
D,642335,quiet_mid3,0.4710,S,0,44,0.0
D,642431,quiet_mid3,0.4710,S,0,44,0.0
D,642527,quiet_mid3,0.4710,S,0,44,0.0
D,642623,quiet_mid3,0.4710,S,0,44,0.0
D,642719,quiet_mid3,0.4710,S,0,44,0.0
D,642815,quiet_mid3,0.4710,S,0,44,0.0
D,642911,quiet_mid3,0.4710,S,0,44,0.0
D,643005,quiet_mid3,0.4710,S,0,44,0.0
D,643100,quiet_mid3,0.4710,S,0,44,0.0
D,643196,quiet_mid3,0.4710,S,0,44,0.0
D,643292,quiet_mid3,0.4710,S,0,44,0.0
D,643388,quiet_mid3,0.4710,S,0,44,0.0
D,643484,quiet_mid3,0.4710,S,0,44,0.0
D,643580,quiet_mid3,0.4711,S,0,44,0.0
D,643676,quiet_mid3,0.4711,S,0,44,0.0
D,643771,quiet_mid3,0.4711,S,0,44,0.0
D,643865,quiet_mid3,0.4711,S,0,44,0.0
D,643961,quiet_mid3,0.4711,S,0,44,0.0
D,644057,quiet_mid3,0.4711,S,0,44,0.0
D,644153,quiet_mid3,0.4711,S,0,44,0.0
D,644249,quiet_mid3,0.4711,S,0,44,0.0
D,644345,quiet_mid3,0.4711,S,0,44,0.0
D,644440,quiet_mid3,0.4711,S,0,44,0.0
D,644536,quiet_mid3,0.4711,S,0,44,0.0
D,644632,quiet_mid3,0.4711,S,0,44,0.0
D,644726,quiet_mid3,0.4711,S,0,44,0.0
D,644822,quiet_mid3,0.4711,S,0,44,0.0
D,644918,quiet_mid3,0.4711,S,0,44,0.0
D,645014,quiet_mid3,0.4711,S,0,44,0.0
D,645109,quiet_mid3,0.4712,S,0,44,0.0
D,645205,quiet_mid3,0.4712,S,0,44,0.0
D,645301,quiet_mid3,0.4712,S,0,44,0.0
D,645397,quiet_mid3,0.4712,S,0,44,0.0
D,645493,quiet_mid3,0.4712,S,0,44,0.0
D,645589,quiet_mid3,0.4712,S,0,44,0.0
D,645683,quiet_mid3,0.4712,S,0,44,0.0
D,645778,quiet_mid3,0.4712,S,0,44,0.0
D,645874,quiet_mid3,0.4712,S,0,44,0.0
D,645970,quiet_mid3,0.4712,S,0,44,0.0
D,646066,quiet_mid3,0.4713,S,0,44,0.0
D,646162,quiet_mid3,0.4713,S,0,44,0.0
D,646258,quiet_mid3,0.4713,S,0,44,0.0
D,646354,quiet_mid3,0.4713,S,0,44,0.0
D,646449,quiet_mid3,0.4713,S,0,44,0.0
D,646543,quiet_mid3,0.4713,S,0,44,0.0
D,646639,quiet_mid3,0.4713,S,0,44,0.0
D,646740,quiet_mid3,0.4713,S,0,44,0.0
D,646831,quiet_mid3,0.4713,S,0,44,0.0
D,646927,quiet_mid3,0.4713,S,0,44,0.0
D,647022,quiet_mid3,0.4713,S,0,44,0.0
D,647118,quiet_mid3,0.4713,S,0,44,0.0
D,647214,quiet_mid3,0.4713,S,0,44,0.0
D,647310,quiet_mid3,0.4713,S,0,44,0.0
E,647372,BLOCK_END,quiet_mid3
E,647374,BLOCK_START,stepper_hold
D,647404,stepper_hold,0.4714,S,0,44,0.0
D,647500,stepper_hold,0.4714,S,0,44,0.0
D,647595,stepper_hold,0.4714,S,0,44,0.0
D,647692,stepper_hold,0.4714,S,0,44,0.0
D,647787,stepper_hold,0.4714,S,0,44,0.0
D,647883,stepper_hold,0.4714,S,0,44,0.0
D,647978,stepper_hold,0.4663,U,0,44,0.0
D,648073,stepper_hold,0.4619,U,0,44,0.0
D,648169,stepper_hold,0.4573,U,0,44,0.0
D,648265,stepper_hold,0.4541,U,0,44,0.0
D,648359,stepper_hold,0.4529,U,0,44,0.0
D,648455,stepper_hold,0.4528,U,0,44,0.0
D,648551,stepper_hold,0.4531,U,0,44,0.0
D,648646,stepper_hold,0.4534,U,0,44,0.0
D,648742,stepper_hold,0.4535,U,0,44,0.0
D,648838,stepper_hold,0.4535,U,0,44,0.0
D,648934,stepper_hold,0.4535,U,0,44,0.0
D,649030,stepper_hold,0.4536,U,0,44,0.0
D,649126,stepper_hold,0.4536,U,0,44,0.0
D,649220,stepper_hold,0.4537,U,0,44,0.0
D,649315,stepper_hold,0.4537,U,0,44,0.0
D,649411,stepper_hold,0.4538,U,0,44,0.0
D,649507,stepper_hold,0.4539,U,0,44,0.0
D,649603,stepper_hold,0.4540,U,0,44,0.0
D,649699,stepper_hold,0.4540,U,0,44,0.0
D,649795,stepper_hold,0.4541,U,0,44,0.0
D,649891,stepper_hold,0.4541,U,0,44,0.0
D,649987,stepper_hold,0.4542,U,0,44,0.0
D,650080,stepper_hold,0.4542,U,0,44,0.0
D,650176,stepper_hold,0.4543,U,0,44,0.0
D,650272,stepper_hold,0.4543,U,0,44,0.0
D,650368,stepper_hold,0.4543,U,0,44,0.0
D,650464,stepper_hold,0.4544,U,0,44,0.0
D,650560,stepper_hold,0.4544,U,0,44,0.0
D,650656,stepper_hold,0.4545,U,0,44,0.0
D,650752,stepper_hold,0.4546,U,0,44,0.0
D,650847,stepper_hold,0.4546,U,0,44,0.0
D,650941,stepper_hold,0.4547,U,0,44,0.0
D,651037,stepper_hold,0.4547,U,0,44,0.0
D,651133,stepper_hold,0.4548,U,0,44,0.0
D,651229,stepper_hold,0.4548,U,0,44,0.0
D,651325,stepper_hold,0.4548,U,0,44,0.0
D,651421,stepper_hold,0.4548,S,0,44,0.0
D,651516,stepper_hold,0.4548,S,0,44,0.0
D,651612,stepper_hold,0.4549,S,0,44,0.0
D,651708,stepper_hold,0.4549,S,0,44,0.0
D,651804,stepper_hold,0.4549,S,0,44,0.0
D,651898,stepper_hold,0.4549,S,0,44,0.0
D,651994,stepper_hold,0.4549,S,0,44,0.0
D,652089,stepper_hold,0.4549,S,0,44,0.0
D,652185,stepper_hold,0.4549,S,0,44,0.0
D,652281,stepper_hold,0.4549,S,0,44,0.0
D,652377,stepper_hold,0.4549,S,0,44,0.0
D,652473,stepper_hold,0.4549,S,0,44,0.0
D,652569,stepper_hold,0.4549,S,0,44,0.0
D,652665,stepper_hold,0.4549,S,0,44,0.0
D,652758,stepper_hold,0.4549,S,0,44,0.0
D,652854,stepper_hold,0.4549,S,0,44,0.0
D,652950,stepper_hold,0.4550,S,0,44,0.0
D,653046,stepper_hold,0.4550,S,0,44,0.0
D,653142,stepper_hold,0.4550,S,0,44,0.0
D,653238,stepper_hold,0.4550,S,0,44,0.0
D,653333,stepper_hold,0.4553,U,0,44,0.0
D,653429,stepper_hold,0.4553,U,0,44,0.0
D,653525,stepper_hold,0.4554,U,0,44,0.0
D,653619,stepper_hold,0.4555,U,0,44,0.0
D,653715,stepper_hold,0.4556,U,0,44,0.0
D,653811,stepper_hold,0.4556,U,0,44,0.0
D,653906,stepper_hold,0.4557,U,0,44,0.0
D,654002,stepper_hold,0.4558,U,0,44,0.0
D,654098,stepper_hold,0.4559,U,0,44,0.0
D,654194,stepper_hold,0.4559,U,0,44,0.0
D,654290,stepper_hold,0.4560,U,0,44,0.0
D,654386,stepper_hold,0.4561,U,0,44,0.0
D,654482,stepper_hold,0.4562,U,0,44,0.0
D,654575,stepper_hold,0.4562,U,0,44,0.0
D,654671,stepper_hold,0.4563,U,0,44,0.0
D,654767,stepper_hold,0.4564,U,0,44,0.0
D,654863,stepper_hold,0.4565,U,0,44,0.0
D,654959,stepper_hold,0.4565,U,0,44,0.0
D,655055,stepper_hold,0.4566,U,0,44,0.0
D,655150,stepper_hold,0.4567,U,0,44,0.0
D,655246,stepper_hold,0.4568,U,0,44,0.0
D,655342,stepper_hold,0.4568,U,0,44,0.0
D,655436,stepper_hold,0.4569,U,0,44,0.0
D,655532,stepper_hold,0.4570,U,0,44,0.0
D,655628,stepper_hold,0.4570,U,0,44,0.0
D,655723,stepper_hold,0.4571,U,0,44,0.0
D,655819,stepper_hold,0.4571,U,0,44,0.0
D,655915,stepper_hold,0.4572,U,0,44,0.0
D,656011,stepper_hold,0.4572,U,0,44,0.0
D,656107,stepper_hold,0.4573,U,0,44,0.0
D,656203,stepper_hold,0.4573,U,0,44,0.0
D,656297,stepper_hold,0.4574,U,0,44,0.0
D,656392,stepper_hold,0.4574,U,0,44,0.0
D,656488,stepper_hold,0.4574,U,0,44,0.0
D,656584,stepper_hold,0.4574,S,0,44,0.0
D,656680,stepper_hold,0.4574,S,0,44,0.0
D,656776,stepper_hold,0.4574,S,0,44,0.0
D,656872,stepper_hold,0.4574,S,0,44,0.0
D,656967,stepper_hold,0.4574,S,0,44,0.0
D,657063,stepper_hold,0.4574,S,0,44,0.0
D,657159,stepper_hold,0.4574,S,0,44,0.0
D,657253,stepper_hold,0.4575,S,0,44,0.0
D,657349,stepper_hold,0.4575,S,0,44,0.0
D,657445,stepper_hold,0.4575,S,0,44,0.0
D,657541,stepper_hold,0.4574,S,0,44,0.0
D,657636,stepper_hold,0.4574,S,0,44,0.0
D,657732,stepper_hold,0.4574,S,0,44,0.0
D,657828,stepper_hold,0.4574,S,0,44,0.0
D,657924,stepper_hold,0.4574,S,0,44,0.0
D,658020,stepper_hold,0.4574,S,0,44,0.0
D,658121,stepper_hold,0.4574,S,0,44,0.0
D,658210,stepper_hold,0.4573,S,0,44,0.0
D,658306,stepper_hold,0.4573,S,0,44,0.0
D,658401,stepper_hold,0.4573,S,0,44,0.0
D,658497,stepper_hold,0.4573,S,0,44,0.0
D,658593,stepper_hold,0.4573,S,0,44,0.0
D,658689,stepper_hold,0.4573,S,0,44,0.0
D,658785,stepper_hold,0.4573,S,0,44,0.0
D,658881,stepper_hold,0.4573,S,0,44,0.0
D,658975,stepper_hold,0.4573,S,0,44,0.0
D,659070,stepper_hold,0.4573,S,0,44,0.0
D,659166,stepper_hold,0.4573,S,0,44,0.0
D,659262,stepper_hold,0.4573,S,0,44,0.0
D,659358,stepper_hold,0.4573,S,0,44,0.0
D,659454,stepper_hold,0.4573,S,0,44,0.0
D,659550,stepper_hold,0.4573,S,0,44,0.0
D,659646,stepper_hold,0.4573,S,0,44,0.0
D,659741,stepper_hold,0.4573,S,0,44,0.0
D,659837,stepper_hold,0.4573,S,0,44,0.0
D,659931,stepper_hold,0.4573,S,0,44,0.0
D,660027,stepper_hold,0.4573,S,0,44,0.0
D,660123,stepper_hold,0.4573,S,0,44,0.0
D,660219,stepper_hold,0.4573,S,0,44,0.0
D,660315,stepper_hold,0.4574,S,0,44,0.0
D,660411,stepper_hold,0.4574,S,0,44,0.0
D,660506,stepper_hold,0.4574,S,0,44,0.0
D,660602,stepper_hold,0.4577,U,0,44,0.0
D,660697,stepper_hold,0.4577,U,0,44,0.0
D,660791,stepper_hold,0.4577,U,0,44,0.0
D,660887,stepper_hold,0.4578,U,0,44,0.0
D,660983,stepper_hold,0.4578,U,0,44,0.0
D,661079,stepper_hold,0.4578,S,0,44,0.0
D,661175,stepper_hold,0.4578,S,0,44,0.0
D,661271,stepper_hold,0.4579,U,0,44,0.0
D,661366,stepper_hold,0.4579,S,0,44,0.0
D,661462,stepper_hold,0.4580,U,0,44,0.0
D,661558,stepper_hold,0.4581,U,0,44,0.0
D,661652,stepper_hold,0.4582,U,0,44,0.0
D,661748,stepper_hold,0.4583,U,0,44,0.0
D,661844,stepper_hold,0.4584,U,0,44,0.0
D,661939,stepper_hold,0.4585,U,0,44,0.0
D,662035,stepper_hold,0.4586,U,0,44,0.0
D,662131,stepper_hold,0.4587,U,0,44,0.0
D,662227,stepper_hold,0.4588,U,0,44,0.0
D,662323,stepper_hold,0.4589,U,0,44,0.0
D,662419,stepper_hold,0.4590,U,0,44,0.0
D,662515,stepper_hold,0.4591,U,0,44,0.0
D,662608,stepper_hold,0.4592,U,0,44,0.0
D,662704,stepper_hold,0.4593,U,0,44,0.0
D,662800,stepper_hold,0.4594,U,0,44,0.0
D,662896,stepper_hold,0.4595,U,0,44,0.0
D,662992,stepper_hold,0.4596,U,0,44,0.0
D,663088,stepper_hold,0.4596,U,0,44,0.0
D,663184,stepper_hold,0.4597,U,0,44,0.0
D,663279,stepper_hold,0.4597,U,0,44,0.0
D,663375,stepper_hold,0.4597,U,0,44,0.0
D,663469,stepper_hold,0.4597,S,0,44,0.0
D,663565,stepper_hold,0.4597,S,0,44,0.0
D,663661,stepper_hold,0.4597,S,0,44,0.0
D,663757,stepper_hold,0.4597,S,0,44,0.0
D,663852,stepper_hold,0.4597,S,0,44,0.0
D,663948,stepper_hold,0.4597,S,0,44,0.0
D,664044,stepper_hold,0.4598,S,0,44,0.0
D,664140,stepper_hold,0.4599,U,0,44,0.0
D,664236,stepper_hold,0.4601,U,0,44,0.0
D,664330,stepper_hold,0.4602,U,0,44,0.0
D,664425,stepper_hold,0.4604,U,0,44,0.0
D,664521,stepper_hold,0.4605,U,0,44,0.0
D,664617,stepper_hold,0.4607,U,0,44,0.0
D,664713,stepper_hold,0.4608,U,0,44,0.0
D,664809,stepper_hold,0.4610,U,0,44,0.0
D,664905,stepper_hold,0.4611,U,0,44,0.0
D,665001,stepper_hold,0.4612,U,0,44,0.0
D,665097,stepper_hold,0.4613,U,0,44,0.0
D,665190,stepper_hold,0.4615,U,0,44,0.0
D,665286,stepper_hold,0.4616,U,0,44,0.0
D,665382,stepper_hold,0.4617,U,0,44,0.0
D,665478,stepper_hold,0.4619,U,0,44,0.0
D,665574,stepper_hold,0.4620,U,0,44,0.0
D,665670,stepper_hold,0.4621,U,0,44,0.0
D,665765,stepper_hold,0.4622,U,0,44,0.0
D,665861,stepper_hold,0.4622,U,0,44,0.0
D,665957,stepper_hold,0.4623,U,0,44,0.0
D,666053,stepper_hold,0.4623,U,0,44,0.0
D,666147,stepper_hold,0.4623,U,0,44,0.0
D,666243,stepper_hold,0.4622,S,0,44,0.0
D,666339,stepper_hold,0.4621,U,0,44,0.0
D,666434,stepper_hold,0.4621,U,0,44,0.0
D,666530,stepper_hold,0.4620,U,0,44,0.0
D,666626,stepper_hold,0.4620,U,0,44,0.0
D,666722,stepper_hold,0.4619,U,0,44,0.0
D,666818,stepper_hold,0.4619,U,0,44,0.0
D,666914,stepper_hold,0.4619,U,0,44,0.0
D,667007,stepper_hold,0.4619,S,0,44,0.0
D,667103,stepper_hold,0.4619,S,0,44,0.0
D,667199,stepper_hold,0.4619,S,0,44,0.0
D,667295,stepper_hold,0.4619,S,0,44,0.0
D,667391,stepper_hold,0.4619,S,0,44,0.0
E,667455,BLOCK_END,stepper_hold
E,667456,BLOCK_START,auger_steps
D,667487,auger_steps,0.4619,S,0,44,0.0
D,667582,auger_steps,0.4619,S,0,44,0.0
D,667678,auger_steps,0.4619,S,0,44,0.0
D,667774,auger_steps,0.4619,S,0,44,0.0
D,667868,auger_steps,0.4619,S,0,44,0.0
D,667964,auger_steps,0.4618,S,0,44,0.0
D,668059,auger_steps,0.4563,U,0,44,0.0
D,668155,auger_steps,0.4505,U,0,44,0.0
D,668251,auger_steps,0.4439,U,0,44,0.0
D,668347,auger_steps,0.4387,U,0,44,0.0
D,668443,auger_steps,0.4357,U,0,44,0.0
D,668539,auger_steps,0.4346,U,0,44,0.0
D,668634,auger_steps,0.4343,U,0,44,0.0
D,668730,auger_steps,0.4343,U,0,44,0.0
D,668824,auger_steps,0.4343,U,0,44,0.0
D,668920,auger_steps,0.4343,U,0,44,0.0
D,669016,auger_steps,0.4343,U,0,44,0.0
D,669112,auger_steps,0.4343,S,0,44,0.0
D,669208,auger_steps,0.4344,S,0,44,0.0
D,669303,auger_steps,0.4344,S,0,44,0.0
D,669399,auger_steps,0.4344,S,0,44,0.0
E,669461,ROT_START,1
E,671938,ROT_END,1
D,671988,auger_steps,0.4639,S,0,44,0.0
D,672078,auger_steps,0.4638,U,0,44,0.0
D,672173,auger_steps,0.4638,U,0,44,0.0
D,672269,auger_steps,0.4638,U,0,44,0.0
D,672363,auger_steps,0.4637,U,0,44,0.0
D,672458,auger_steps,0.4637,U,0,44,0.0
D,672554,auger_steps,0.4637,S,0,44,0.0
D,672650,auger_steps,0.4637,S,0,44,0.0
D,672746,auger_steps,0.4637,S,0,44,0.0
D,672842,auger_steps,0.4637,S,0,44,0.0
D,672938,auger_steps,0.4637,S,0,44,0.0
D,673034,auger_steps,0.4637,S,0,44,0.0
D,673129,auger_steps,0.4637,S,0,44,0.0
D,673223,auger_steps,0.4637,S,0,44,0.0
D,673319,auger_steps,0.4637,S,0,44,0.0
D,673415,auger_steps,0.4637,S,0,44,0.0
D,673511,auger_steps,0.4637,S,0,44,0.0
D,673607,auger_steps,0.4637,S,0,44,0.0
D,673703,auger_steps,0.4637,S,0,44,0.0
D,673799,auger_steps,0.4637,S,0,44,0.0
D,673894,auger_steps,0.4637,S,0,44,0.0
D,673990,auger_steps,0.4637,S,0,44,0.0
D,674086,auger_steps,0.4637,S,0,44,0.0
D,674180,auger_steps,0.4637,S,0,44,0.0
D,674276,auger_steps,0.4638,S,0,44,0.0
D,674372,auger_steps,0.4638,S,0,44,0.0
D,674468,auger_steps,0.4638,S,0,44,0.0
D,674563,auger_steps,0.4638,S,0,44,0.0
D,674660,auger_steps,0.4638,S,0,44,0.0
D,674755,auger_steps,0.4638,S,0,44,0.0
D,674851,auger_steps,0.4641,U,0,44,0.0
D,674947,auger_steps,0.4642,U,0,44,0.0
D,675040,auger_steps,0.4642,U,0,44,0.0
D,675136,auger_steps,0.4643,U,0,44,0.0
D,675232,auger_steps,0.4644,U,0,44,0.0
D,675328,auger_steps,0.4644,U,0,44,0.0
D,675424,auger_steps,0.4645,U,0,44,0.0
D,675520,auger_steps,0.4645,U,0,44,0.0
D,675616,auger_steps,0.4646,U,0,44,0.0
D,675711,auger_steps,0.4646,U,0,44,0.0
D,675807,auger_steps,0.4646,U,0,44,0.0
D,675901,auger_steps,0.4647,U,0,44,0.0
E,675963,ROT_START,2
E,678426,ROT_END,2
D,678485,auger_steps,0.4508,U,0,44,0.0
D,678578,auger_steps,0.4508,U,0,44,0.0
D,678675,auger_steps,0.4509,U,0,44,0.0
D,678770,auger_steps,0.4509,U,0,44,0.0
D,678866,auger_steps,0.4509,S,0,44,0.0
D,678962,auger_steps,0.4509,S,0,44,0.0
D,679058,auger_steps,0.4509,S,0,44,0.0
D,679154,auger_steps,0.4508,S,0,44,0.0
D,679249,auger_steps,0.4506,U,0,44,0.0
D,679346,auger_steps,0.4505,U,0,44,0.0
D,679439,auger_steps,0.4473,U,0,44,0.0
D,679535,auger_steps,0.4472,U,0,44,0.0
D,679631,auger_steps,0.4473,U,0,44,0.0
D,679727,auger_steps,0.4473,U,0,44,0.0
D,679822,auger_steps,0.4474,U,0,44,0.0
D,679918,auger_steps,0.4475,U,0,44,0.0
D,680014,auger_steps,0.4475,U,0,44,0.0
D,680110,auger_steps,0.4476,U,0,44,0.0
D,680206,auger_steps,0.4476,U,0,44,0.0
D,680302,auger_steps,0.4477,U,0,44,0.0
D,680396,auger_steps,0.4477,U,0,44,0.0
D,680491,auger_steps,0.4477,U,0,44,0.0
D,680587,auger_steps,0.4477,S,0,44,0.0
D,680683,auger_steps,0.4477,S,0,44,0.0
D,680779,auger_steps,0.4477,S,0,44,0.0
D,680875,auger_steps,0.4477,S,0,44,0.0
D,680971,auger_steps,0.4477,S,0,44,0.0
D,681067,auger_steps,0.4477,S,0,44,0.0
D,681163,auger_steps,0.4477,S,0,44,0.0
D,681256,auger_steps,0.4477,S,0,44,0.0
D,681352,auger_steps,0.4477,S,0,44,0.0
D,681448,auger_steps,0.4477,S,0,44,0.0
D,681544,auger_steps,0.4477,S,0,44,0.0
D,681640,auger_steps,0.4477,S,0,44,0.0
D,681736,auger_steps,0.4477,S,0,44,0.0
D,681832,auger_steps,0.4477,S,0,44,0.0
D,681927,auger_steps,0.4476,S,0,44,0.0
D,682023,auger_steps,0.4476,S,0,44,0.0
D,682117,auger_steps,0.4476,S,0,44,0.0
D,682213,auger_steps,0.4476,S,0,44,0.0
D,682309,auger_steps,0.4476,S,0,44,0.0
D,682405,auger_steps,0.4476,S,0,44,0.0
E,682467,ROT_START,3
E,684930,ROT_END,3
D,684986,auger_steps,0.4643,S,0,44,0.0
D,685082,auger_steps,0.4643,S,0,44,0.0
D,685178,auger_steps,0.4643,S,0,44,0.0
D,685274,auger_steps,0.4642,S,0,44,0.0
D,685370,auger_steps,0.4642,S,0,44,0.0
D,685466,auger_steps,0.4641,U,0,44,0.0
D,685561,auger_steps,0.4639,U,0,44,0.0
D,685657,auger_steps,0.4590,U,0,44,0.0
D,685751,auger_steps,0.4564,U,0,44,0.0
D,685847,auger_steps,0.4543,U,0,44,0.0
D,685942,auger_steps,0.4530,U,0,44,0.0
D,686038,auger_steps,0.4525,U,0,44,0.0
D,686134,auger_steps,0.4525,U,0,44,0.0
D,686230,auger_steps,0.4526,U,0,44,0.0
D,686326,auger_steps,0.4527,U,0,44,0.0
D,686422,auger_steps,0.4527,U,0,44,0.0
D,686518,auger_steps,0.4527,U,0,44,0.0
D,686611,auger_steps,0.4527,U,0,44,0.0
D,686707,auger_steps,0.4527,S,0,44,0.0
D,686803,auger_steps,0.4527,S,0,44,0.0
D,686899,auger_steps,0.4528,S,0,44,0.0
D,686995,auger_steps,0.4528,S,0,44,0.0
D,687091,auger_steps,0.4529,U,0,44,0.0
D,687187,auger_steps,0.4529,U,0,44,0.0
D,687283,auger_steps,0.4530,U,0,44,0.0
D,687378,auger_steps,0.4530,U,0,44,0.0
D,687472,auger_steps,0.4530,U,0,44,0.0
D,687568,auger_steps,0.4530,S,0,44,0.0
D,687664,auger_steps,0.4531,U,0,44,0.0
D,687760,auger_steps,0.4531,S,0,44,0.0
D,687856,auger_steps,0.4531,S,0,44,0.0
D,687952,auger_steps,0.4531,S,0,44,0.0
D,688047,auger_steps,0.4531,S,0,44,0.0
D,688149,auger_steps,0.4531,S,0,44,0.0
D,688239,auger_steps,0.4531,S,0,44,0.0
D,688335,auger_steps,0.4531,S,0,44,0.0
D,688429,auger_steps,0.4531,S,0,44,0.0
D,688525,auger_steps,0.4531,S,0,44,0.0
D,688621,auger_steps,0.4531,S,0,44,0.0
D,688717,auger_steps,0.4531,S,0,44,0.0
D,688812,auger_steps,0.4531,S,0,44,0.0
D,688908,auger_steps,0.4531,S,0,44,0.0
E,688970,ROT_START,4
E,691434,ROT_END,4
D,691490,auger_steps,0.4895,S,0,44,0.0
D,691586,auger_steps,0.4895,S,0,44,0.0
D,691681,auger_steps,0.4896,S,0,44,0.0
D,691777,auger_steps,0.4897,U,0,44,0.0
D,691873,auger_steps,0.4897,U,0,44,0.0
D,691967,auger_steps,0.4898,U,0,44,0.0
D,692063,auger_steps,0.4899,U,0,44,0.0
D,692158,auger_steps,0.4900,U,0,44,0.0
D,692254,auger_steps,0.4900,U,0,44,0.0
D,692351,auger_steps,0.4901,U,0,44,0.0
D,692446,auger_steps,0.4901,U,0,44,0.0
D,692542,auger_steps,0.4901,U,0,44,0.0
D,692638,auger_steps,0.4902,U,0,44,0.0
D,692734,auger_steps,0.4902,U,0,44,0.0
D,692828,auger_steps,0.4902,S,0,44,0.0
D,692924,auger_steps,0.4903,U,0,44,0.0
D,693020,auger_steps,0.4904,U,0,44,0.0
D,693115,auger_steps,0.4904,U,0,44,0.0
D,693211,auger_steps,0.4905,U,0,44,0.0
D,693307,auger_steps,0.4906,U,0,44,0.0
D,693403,auger_steps,0.4906,U,0,44,0.0
D,693499,auger_steps,0.4907,U,0,44,0.0
D,693595,auger_steps,0.4907,U,0,44,0.0
D,693688,auger_steps,0.4908,U,0,44,0.0
D,693784,auger_steps,0.4908,U,0,44,0.0
D,693880,auger_steps,0.4908,U,0,44,0.0
D,693976,auger_steps,0.4908,S,0,44,0.0
D,694072,auger_steps,0.4907,S,0,44,0.0
D,694168,auger_steps,0.4907,S,0,44,0.0
D,694264,auger_steps,0.4907,S,0,44,0.0
D,694359,auger_steps,0.4907,S,0,44,0.0
D,694455,auger_steps,0.4907,S,0,44,0.0
D,694551,auger_steps,0.4907,S,0,44,0.0
D,694645,auger_steps,0.4907,S,0,44,0.0
D,694741,auger_steps,0.4907,S,0,44,0.0
D,694837,auger_steps,0.4907,S,0,44,0.0
D,694933,auger_steps,0.4907,S,0,44,0.0
D,695028,auger_steps,0.4907,S,0,44,0.0
D,695124,auger_steps,0.4907,S,0,44,0.0
D,695220,auger_steps,0.4907,S,0,44,0.0
D,695316,auger_steps,0.4907,S,0,44,0.0
D,695412,auger_steps,0.4907,S,0,44,0.0
E,695474,ROT_START,5
E,697938,ROT_END,5
D,697993,auger_steps,0.4570,S,0,44,0.0
D,698089,auger_steps,0.4570,S,0,44,0.0
D,698183,auger_steps,0.4569,S,0,44,0.0
D,698279,auger_steps,0.4569,S,0,44,0.0
D,698375,auger_steps,0.4569,S,0,44,0.0
D,698471,auger_steps,0.4569,S,0,44,0.0
D,698567,auger_steps,0.4568,U,0,44,0.0
D,698663,auger_steps,0.4567,U,0,44,0.0
D,698758,auger_steps,0.4566,U,0,44,0.0
D,698854,auger_steps,0.4564,U,0,44,0.0
D,698950,auger_steps,0.4563,U,0,44,0.0
D,699044,auger_steps,0.4561,U,0,44,0.0
D,699140,auger_steps,0.4560,U,0,44,0.0
D,699236,auger_steps,0.4558,U,0,44,0.0
D,699332,auger_steps,0.4556,U,0,44,0.0
D,699427,auger_steps,0.4554,U,0,44,0.0
D,699523,auger_steps,0.4552,U,0,44,0.0
D,699619,auger_steps,0.4551,U,0,44,0.0
D,699715,auger_steps,0.4549,U,0,44,0.0
D,699811,auger_steps,0.4547,U,0,44,0.0
D,699907,auger_steps,0.4545,U,0,44,0.0
D,700000,auger_steps,0.4544,U,0,44,0.0
D,700096,auger_steps,0.4542,U,0,44,0.0
D,700192,auger_steps,0.4540,U,0,44,0.0
D,700288,auger_steps,0.4539,U,0,44,0.0
D,700384,auger_steps,0.4537,U,0,44,0.0
D,700480,auger_steps,0.4537,U,0,44,0.0
D,700575,auger_steps,0.4536,U,0,44,0.0
D,700671,auger_steps,0.4536,U,0,44,0.0
D,700767,auger_steps,0.4536,U,0,44,0.0
D,700861,auger_steps,0.4536,S,0,44,0.0
D,700957,auger_steps,0.4536,S,0,44,0.0
D,701053,auger_steps,0.4537,S,0,44,0.0
D,701149,auger_steps,0.4537,S,0,44,0.0
D,701244,auger_steps,0.4537,S,0,44,0.0
D,701340,auger_steps,0.4538,U,0,44,0.0
D,701436,auger_steps,0.4538,U,0,44,0.0
D,701532,auger_steps,0.4538,S,0,44,0.0
D,701628,auger_steps,0.4539,U,0,44,0.0
D,701722,auger_steps,0.4540,U,0,44,0.0
D,701817,auger_steps,0.4540,U,0,44,0.0
D,701913,auger_steps,0.4541,U,0,44,0.0
E,701975,ROT_START,6
E,704439,ROT_END,6
D,704495,auger_steps,0.4538,S,0,44,0.0
D,704591,auger_steps,0.4538,S,0,44,0.0
D,704687,auger_steps,0.4539,U,0,44,0.0
D,704782,auger_steps,0.4539,S,0,44,0.0
D,704879,auger_steps,0.4539,S,0,44,0.0
D,704974,auger_steps,0.4538,S,0,44,0.0
D,705070,auger_steps,0.4537,U,0,44,0.0
D,705166,auger_steps,0.4482,U,0,44,0.0
D,705259,auger_steps,0.4448,U,0,44,0.0
D,705355,auger_steps,0.4419,U,0,44,0.0
D,705451,auger_steps,0.4402,U,0,44,0.0
D,705547,auger_steps,0.4395,U,0,44,0.0
D,705643,auger_steps,0.4393,U,0,44,0.0
D,705739,auger_steps,0.4393,U,0,44,0.0
D,705835,auger_steps,0.4393,U,0,44,0.0
D,705930,auger_steps,0.4393,U,0,44,0.0
D,706026,auger_steps,0.4394,S,0,44,0.0
D,706122,auger_steps,0.4395,U,0,44,0.0
D,706216,auger_steps,0.4395,U,0,44,0.0
D,706312,auger_steps,0.4396,U,0,44,0.0
D,706408,auger_steps,0.4397,U,0,44,0.0
D,706504,auger_steps,0.4397,U,0,44,0.0
D,706610,auger_steps,0.4398,U,0,44,0.0
D,706791,auger_steps,0.4398,U,0,44,0.0
D,706887,auger_steps,0.4399,U,0,44,0.0
D,706983,auger_steps,0.4399,U,0,44,0.0
D,707077,auger_steps,0.4399,S,0,44,0.0
D,707172,auger_steps,0.4400,U,0,44,0.0
D,707268,auger_steps,0.4400,U,0,44,0.0
D,707363,auger_steps,0.4400,S,0,44,0.0
D,707459,auger_steps,0.4400,S,0,44,0.0
D,707555,auger_steps,0.4400,S,0,44,0.0
D,707652,auger_steps,0.4400,S,0,44,0.0
D,707747,auger_steps,0.4400,S,0,44,0.0
D,707844,auger_steps,0.4401,S,0,44,0.0
D,707938,auger_steps,0.4401,S,0,44,0.0
D,708033,auger_steps,0.4401,S,0,44,0.0
D,708129,auger_steps,0.4401,S,0,44,0.0
D,708225,auger_steps,0.4401,S,0,44,0.0
D,708321,auger_steps,0.4401,S,0,44,0.0
D,708417,auger_steps,0.4401,S,0,44,0.0
E,708479,ROT_START,7
E,710943,ROT_END,7
D,710998,auger_steps,0.4559,S,0,44,0.0
D,711094,auger_steps,0.4559,S,0,44,0.0
D,711190,auger_steps,0.4560,S,0,44,0.0
D,711286,auger_steps,0.4560,S,0,44,0.0
D,711382,auger_steps,0.4560,S,0,44,0.0
D,711478,auger_steps,0.4559,S,0,44,0.0
D,711572,auger_steps,0.4557,U,0,44,0.0
D,711667,auger_steps,0.4504,U,0,44,0.0
D,711763,auger_steps,0.4469,U,0,44,0.0
D,711859,auger_steps,0.4440,U,0,44,0.0
D,711955,auger_steps,0.4422,U,0,44,0.0
D,712051,auger_steps,0.4413,U,0,44,0.0
D,712146,auger_steps,0.4411,U,0,44,0.0
D,712242,auger_steps,0.4411,U,0,44,0.0
D,712338,auger_steps,0.4411,U,0,44,0.0
D,712432,auger_steps,0.4411,U,0,44,0.0
D,712528,auger_steps,0.4411,U,0,44,0.0
D,712624,auger_steps,0.4411,S,0,44,0.0
D,712719,auger_steps,0.4411,S,0,44,0.0
D,712815,auger_steps,0.4411,S,0,44,0.0
D,712911,auger_steps,0.4410,S,0,44,0.0
D,713007,auger_steps,0.4410,S,0,44,0.0
D,713103,auger_steps,0.4410,S,0,44,0.0
D,713199,auger_steps,0.4410,S,0,44,0.0
D,713293,auger_steps,0.4410,S,0,44,0.0
D,713389,auger_steps,0.4410,S,0,44,0.0
D,713485,auger_steps,0.4410,S,0,44,0.0
D,713580,auger_steps,0.4409,S,0,44,0.0
D,713676,auger_steps,0.4409,S,0,44,0.0
D,713772,auger_steps,0.4409,S,0,44,0.0
D,713868,auger_steps,0.4409,S,0,44,0.0
D,713964,auger_steps,0.4409,S,0,44,0.0
D,714060,auger_steps,0.4409,S,0,44,0.0
D,714154,auger_steps,0.4409,S,0,44,0.0
D,714249,auger_steps,0.4409,S,0,44,0.0
D,714345,auger_steps,0.4409,S,0,44,0.0
D,714441,auger_steps,0.4410,S,0,44,0.0
D,714537,auger_steps,0.4410,S,0,44,0.0
D,714633,auger_steps,0.4410,S,0,44,0.0
D,714729,auger_steps,0.4410,S,0,44,0.0
D,714825,auger_steps,0.4410,S,0,44,0.0
D,714920,auger_steps,0.4410,S,0,44,0.0
E,714982,ROT_START,8
E,717446,ROT_END,8
D,717502,auger_steps,0.4564,S,0,44,0.0
D,717598,auger_steps,0.4564,S,0,44,0.0
D,717694,auger_steps,0.4564,S,0,44,0.0
D,717788,auger_steps,0.4563,U,0,44,0.0
D,717884,auger_steps,0.4563,S,0,44,0.0
D,717979,auger_steps,0.4562,U,0,44,0.0
D,718075,auger_steps,0.4562,U,0,44,0.0
D,718171,auger_steps,0.4562,U,0,44,0.0
D,718267,auger_steps,0.4561,U,0,44,0.0
D,718363,auger_steps,0.4560,U,0,44,0.0
D,718459,auger_steps,0.4560,U,0,44,0.0
D,718555,auger_steps,0.4559,U,0,44,0.0
D,718649,auger_steps,0.4558,U,0,44,0.0
D,718744,auger_steps,0.4557,U,0,44,0.0
D,718840,auger_steps,0.4556,U,0,44,0.0
D,718936,auger_steps,0.4555,U,0,44,0.0
D,719032,auger_steps,0.4554,U,0,44,0.0
D,719128,auger_steps,0.4553,U,0,44,0.0
D,719223,auger_steps,0.4552,U,0,44,0.0
D,719319,auger_steps,0.4551,U,0,44,0.0
D,719415,auger_steps,0.4551,U,0,44,0.0
D,719509,auger_steps,0.4550,U,0,44,0.0
D,719605,auger_steps,0.4549,U,0,44,0.0
D,719701,auger_steps,0.4548,U,0,44,0.0
D,719796,auger_steps,0.4547,U,0,44,0.0
D,719893,auger_steps,0.4546,U,0,44,0.0
D,719988,auger_steps,0.4546,U,0,44,0.0
D,720084,auger_steps,0.4545,U,0,44,0.0
D,720180,auger_steps,0.4544,U,0,44,0.0
D,720276,auger_steps,0.4544,U,0,44,0.0
D,720372,auger_steps,0.4544,U,0,44,0.0
D,720465,auger_steps,0.4544,U,0,44,0.0
D,720561,auger_steps,0.4543,U,0,44,0.0
D,720657,auger_steps,0.4543,S,0,44,0.0
D,720753,auger_steps,0.4543,S,0,44,0.0
D,720849,auger_steps,0.4543,S,0,44,0.0
D,720945,auger_steps,0.4542,U,0,44,0.0
D,721041,auger_steps,0.4542,S,0,44,0.0
D,721136,auger_steps,0.4542,S,0,44,0.0
D,721232,auger_steps,0.4542,S,0,44,0.0
D,721326,auger_steps,0.4541,U,0,44,0.0
D,721422,auger_steps,0.4541,S,0,44,0.0
E,721484,ROT_START,9
E,723948,ROT_END,9
D,724004,auger_steps,0.4638,S,0,44,0.0
D,724099,auger_steps,0.4638,S,0,44,0.0
D,724195,auger_steps,0.4638,S,0,44,0.0
D,724291,auger_steps,0.4638,S,0,44,0.0
D,724387,auger_steps,0.4638,S,0,44,0.0
D,724483,auger_steps,0.4638,S,0,44,0.0
D,724579,auger_steps,0.4638,S,0,44,0.0
D,724675,auger_steps,0.4637,S,0,44,0.0
D,724770,auger_steps,0.4637,S,0,44,0.0
D,724864,auger_steps,0.4636,U,0,44,0.0
D,724960,auger_steps,0.4635,U,0,44,0.0
D,725056,auger_steps,0.4634,U,0,44,0.0
D,725248,auger_steps,0.4633,U,0,44,0.0
D,725344,auger_steps,0.4632,U,0,44,0.0
D,725440,auger_steps,0.4632,U,0,44,0.0
D,725535,auger_steps,0.4631,U,0,44,0.0
D,725631,auger_steps,0.4630,U,0,44,0.0
D,725727,auger_steps,0.4630,U,0,44,0.0
D,725821,auger_steps,0.4629,U,0,44,0.0
D,725917,auger_steps,0.4629,U,0,44,0.0
D,726013,auger_steps,0.4629,U,0,44,0.0
D,726108,auger_steps,0.4628,U,0,44,0.0
D,726204,auger_steps,0.4628,U,0,44,0.0
D,726300,auger_steps,0.4628,S,0,44,0.0
D,726396,auger_steps,0.4627,U,0,44,0.0
D,726492,auger_steps,0.4627,U,0,44,0.0
D,726588,auger_steps,0.4627,S,0,44,0.0
D,726682,auger_steps,0.4628,S,0,44,0.0
D,726777,auger_steps,0.4628,S,0,44,0.0
D,726873,auger_steps,0.4629,U,0,44,0.0
D,726969,auger_steps,0.4629,U,0,44,0.0
D,727065,auger_steps,0.4630,U,0,44,0.0
D,727161,auger_steps,0.4631,U,0,44,0.0
D,727257,auger_steps,0.4631,U,0,44,0.0
D,727352,auger_steps,0.4631,U,0,44,0.0
D,727448,auger_steps,0.4631,U,0,44,0.0
D,727542,auger_steps,0.4632,U,0,44,0.0
D,727638,auger_steps,0.4632,S,0,44,0.0
D,727734,auger_steps,0.4634,U,0,44,0.0
D,727830,auger_steps,0.4634,U,0,44,0.0
D,727926,auger_steps,0.4635,U,0,44,0.0
E,727988,ROT_START,10
E,730452,ROT_END,10
D,730507,auger_steps,0.4498,S,0,44,0.0
D,730603,auger_steps,0.4498,S,0,44,0.0
D,730699,auger_steps,0.4498,S,0,44,0.0
D,730795,auger_steps,0.4498,S,0,44,0.0
D,730891,auger_steps,0.4498,S,0,44,0.0
D,730987,auger_steps,0.4497,S,0,44,0.0
D,731080,auger_steps,0.4495,U,0,44,0.0
D,731176,auger_steps,0.4417,U,0,44,0.0
D,731272,auger_steps,0.4371,U,0,44,0.0
D,731367,auger_steps,0.4333,U,0,44,0.0
D,731463,auger_steps,0.4309,U,0,44,0.0
D,731559,auger_steps,0.4299,U,0,44,0.0
D,731655,auger_steps,0.4297,U,0,44,0.0
D,731751,auger_steps,0.4297,U,0,44,0.0
D,731847,auger_steps,0.4296,U,0,44,0.0
D,731943,auger_steps,0.4296,U,0,44,0.0
D,732036,auger_steps,0.4296,U,0,44,0.0
D,732132,auger_steps,0.4296,S,0,44,0.0
D,732228,auger_steps,0.4296,S,0,44,0.0
D,732324,auger_steps,0.4296,S,0,44,0.0
D,732420,auger_steps,0.4296,S,0,44,0.0
E,732484,BLOCK_END,auger_steps
E,732485,BLOCK_START,quiet_mid4
D,732516,quiet_mid4,0.4295,S,0,44,0.0
D,732612,quiet_mid4,0.4295,S,0,44,0.0
D,732708,quiet_mid4,0.4295,S,0,44,0.0
D,732804,quiet_mid4,0.4295,S,0,44,0.0
D,732897,quiet_mid4,0.4295,S,0,44,0.0
D,732993,quiet_mid4,0.4295,S,0,44,0.0
D,733089,quiet_mid4,0.4295,S,0,44,0.0
D,733185,quiet_mid4,0.4295,S,0,44,0.0
D,733281,quiet_mid4,0.4295,S,0,44,0.0
D,733377,quiet_mid4,0.4295,S,0,44,0.0
D,733472,quiet_mid4,0.4295,S,0,44,0.0
D,733568,quiet_mid4,0.4295,S,0,44,0.0
D,733664,quiet_mid4,0.4295,S,0,44,0.0
D,733758,quiet_mid4,0.4295,S,0,44,0.0
D,733854,quiet_mid4,0.4295,S,0,44,0.0
D,733950,quiet_mid4,0.4295,S,0,44,0.0
D,734046,quiet_mid4,0.4295,S,0,44,0.0
D,734142,quiet_mid4,0.4295,S,0,44,0.0
D,734237,quiet_mid4,0.4295,S,0,44,0.0
D,734333,quiet_mid4,0.4295,S,0,44,0.0
D,734429,quiet_mid4,0.4295,S,0,44,0.0
D,734525,quiet_mid4,0.4295,S,0,44,0.0
D,734621,quiet_mid4,0.4295,S,0,44,0.0
D,734715,quiet_mid4,0.4296,S,0,44,0.0
D,734811,quiet_mid4,0.4296,S,0,44,0.0
D,734906,quiet_mid4,0.4296,S,0,44,0.0
D,735002,quiet_mid4,0.4296,S,0,44,0.0
D,735098,quiet_mid4,0.4296,S,0,44,0.0
D,735194,quiet_mid4,0.4296,S,0,44,0.0
D,735290,quiet_mid4,0.4296,S,0,44,0.0
D,735386,quiet_mid4,0.4296,S,0,44,0.0
D,735482,quiet_mid4,0.4296,S,0,44,0.0
D,735576,quiet_mid4,0.4296,S,0,44,0.0
D,735671,quiet_mid4,0.4297,S,0,44,0.0
D,735767,quiet_mid4,0.4297,S,0,44,0.0
D,735863,quiet_mid4,0.4297,S,0,44,0.0
D,735959,quiet_mid4,0.4297,S,0,44,0.0
D,736054,quiet_mid4,0.4300,U,0,44,0.0
D,736149,quiet_mid4,0.4300,U,0,44,0.0
D,736245,quiet_mid4,0.4300,U,0,44,0.0
D,736341,quiet_mid4,0.4300,U,0,44,0.0
D,736436,quiet_mid4,0.4301,U,0,44,0.0
D,736532,quiet_mid4,0.4301,S,0,44,0.0
D,736627,quiet_mid4,0.4301,S,0,44,0.0
D,736723,quiet_mid4,0.4301,S,0,44,0.0
D,736819,quiet_mid4,0.4301,S,0,44,0.0
D,736915,quiet_mid4,0.4301,S,0,44,0.0
D,737011,quiet_mid4,0.4301,S,0,44,0.0
D,737107,quiet_mid4,0.4301,S,0,44,0.0
D,737203,quiet_mid4,0.4301,S,0,44,0.0
D,737299,quiet_mid4,0.4301,S,0,44,0.0
D,737392,quiet_mid4,0.4301,S,0,44,0.0
D,737488,quiet_mid4,0.4301,S,0,44,0.0
D,737584,quiet_mid4,0.4301,S,0,44,0.0
D,737680,quiet_mid4,0.4301,S,0,44,0.0
D,737776,quiet_mid4,0.4301,S,0,44,0.0
D,737872,quiet_mid4,0.4301,S,0,44,0.0
D,737968,quiet_mid4,0.4301,S,0,44,0.0
D,738062,quiet_mid4,0.4300,S,0,44,0.0
D,738158,quiet_mid4,0.4300,S,0,44,0.0
D,738252,quiet_mid4,0.4300,S,0,44,0.0
D,738348,quiet_mid4,0.4300,S,0,44,0.0
D,738444,quiet_mid4,0.4300,S,0,44,0.0
D,738540,quiet_mid4,0.4300,S,0,44,0.0
D,738637,quiet_mid4,0.4299,S,0,44,0.0
D,738732,quiet_mid4,0.4297,U,0,44,0.0
D,738828,quiet_mid4,0.4297,U,0,44,0.0
D,738924,quiet_mid4,0.4297,U,0,44,0.0
D,739020,quiet_mid4,0.4297,U,0,44,0.0
D,739114,quiet_mid4,0.4296,U,0,44,0.0
D,739209,quiet_mid4,0.4296,S,0,44,0.0
D,739305,quiet_mid4,0.4297,S,0,44,0.0
D,739406,quiet_mid4,0.4297,S,0,44,0.0
D,739497,quiet_mid4,0.4297,S,0,44,0.0
D,739593,quiet_mid4,0.4297,S,0,44,0.0
D,739689,quiet_mid4,0.4297,S,0,44,0.0
D,739784,quiet_mid4,0.4297,S,0,44,0.0
D,739881,quiet_mid4,0.4297,S,0,44,0.0
D,739976,quiet_mid4,0.4297,S,0,44,0.0
D,740070,quiet_mid4,0.4297,S,0,44,0.0
D,740166,quiet_mid4,0.4297,S,0,44,0.0
D,740262,quiet_mid4,0.4297,S,0,44,0.0
D,740358,quiet_mid4,0.4297,S,0,44,0.0
D,740454,quiet_mid4,0.4297,S,0,44,0.0
D,740549,quiet_mid4,0.4297,S,0,44,0.0
D,740645,quiet_mid4,0.4297,S,0,44,0.0
D,740741,quiet_mid4,0.4297,S,0,44,0.0
D,740837,quiet_mid4,0.4297,S,0,44,0.0
D,740931,quiet_mid4,0.4297,S,0,44,0.0
D,741027,quiet_mid4,0.4297,S,0,44,0.0
D,741123,quiet_mid4,0.4297,S,0,44,0.0
D,741219,quiet_mid4,0.4297,S,0,44,0.0
D,741314,quiet_mid4,0.4297,S,0,44,0.0
D,741410,quiet_mid4,0.4298,S,0,44,0.0
D,741506,quiet_mid4,0.4298,S,0,44,0.0
D,741602,quiet_mid4,0.4298,S,0,44,0.0
D,741698,quiet_mid4,0.4298,S,0,44,0.0
D,741792,quiet_mid4,0.4298,S,0,44,0.0
D,741887,quiet_mid4,0.4302,U,0,44,0.0
D,741983,quiet_mid4,0.4303,U,0,44,0.0
D,742079,quiet_mid4,0.4303,U,0,44,0.0
D,742175,quiet_mid4,0.4304,U,0,44,0.0
D,742270,quiet_mid4,0.4305,U,0,44,0.0
D,742366,quiet_mid4,0.4305,U,0,44,0.0
D,742462,quiet_mid4,0.4306,U,0,44,0.0
D,742558,quiet_mid4,0.4306,U,0,44,0.0
D,742652,quiet_mid4,0.4307,U,0,44,0.0
D,742748,quiet_mid4,0.4307,U,0,44,0.0
D,742843,quiet_mid4,0.4308,U,0,44,0.0
D,742940,quiet_mid4,0.4308,U,0,44,0.0
D,743035,quiet_mid4,0.4309,U,0,44,0.0
D,743131,quiet_mid4,0.4309,U,0,44,0.0
D,743227,quiet_mid4,0.4309,U,0,44,0.0
D,743323,quiet_mid4,0.4309,S,0,44,0.0
D,743419,quiet_mid4,0.4309,S,0,44,0.0
D,743514,quiet_mid4,0.4309,S,0,44,0.0
D,743608,quiet_mid4,0.4309,S,0,44,0.0
D,743704,quiet_mid4,0.4309,S,0,44,0.0
D,743800,quiet_mid4,0.4309,S,0,44,0.0
D,743896,quiet_mid4,0.4309,S,0,44,0.0
D,743992,quiet_mid4,0.4308,S,0,44,0.0
D,744087,quiet_mid4,0.4308,S,0,44,0.0
D,744183,quiet_mid4,0.4308,S,0,44,0.0
D,744279,quiet_mid4,0.4308,S,0,44,0.0
D,744375,quiet_mid4,0.4307,U,0,44,0.0
D,744469,quiet_mid4,0.4307,S,0,44,0.0
D,744565,quiet_mid4,0.4307,S,0,44,0.0
D,744661,quiet_mid4,0.4307,S,0,44,0.0
D,744757,quiet_mid4,0.4307,S,0,44,0.0
D,744852,quiet_mid4,0.4307,S,0,44,0.0
D,744948,quiet_mid4,0.4307,S,0,44,0.0
D,745044,quiet_mid4,0.4307,S,0,44,0.0
D,745140,quiet_mid4,0.4306,S,0,44,0.0
D,745236,quiet_mid4,0.4306,S,0,44,0.0
D,745330,quiet_mid4,0.4306,S,0,44,0.0
D,745426,quiet_mid4,0.4306,S,0,44,0.0
D,745522,quiet_mid4,0.4306,S,0,44,0.0
D,745617,quiet_mid4,0.4306,S,0,44,0.0
D,745713,quiet_mid4,0.4306,S,0,44,0.0
D,745809,quiet_mid4,0.4306,S,0,44,0.0
D,745905,quiet_mid4,0.4306,S,0,44,0.0
D,746001,quiet_mid4,0.4306,S,0,44,0.0
D,746097,quiet_mid4,0.4306,S,0,44,0.0
D,746193,quiet_mid4,0.4306,S,0,44,0.0
D,746286,quiet_mid4,0.4306,S,0,44,0.0
D,746382,quiet_mid4,0.4306,S,0,44,0.0
D,746478,quiet_mid4,0.4306,S,0,44,0.0
D,746574,quiet_mid4,0.4306,S,0,44,0.0
D,746670,quiet_mid4,0.4306,S,0,44,0.0
D,746766,quiet_mid4,0.4306,S,0,44,0.0
D,746862,quiet_mid4,0.4306,S,0,44,0.0
D,746957,quiet_mid4,0.4306,S,0,44,0.0
D,747054,quiet_mid4,0.4306,S,0,44,0.0
D,747147,quiet_mid4,0.4306,S,0,44,0.0
D,747243,quiet_mid4,0.4306,S,0,44,0.0
D,747339,quiet_mid4,0.4306,S,0,44,0.0
D,747435,quiet_mid4,0.4306,S,0,44,0.0
D,747531,quiet_mid4,0.4306,S,0,44,0.0
D,747627,quiet_mid4,0.4306,S,0,44,0.0
D,747722,quiet_mid4,0.4306,S,0,44,0.0
D,747818,quiet_mid4,0.4306,S,0,44,0.0
D,747914,quiet_mid4,0.4306,S,0,44,0.0
D,748008,quiet_mid4,0.4306,S,0,44,0.0
D,748104,quiet_mid4,0.4306,S,0,44,0.0
D,748200,quiet_mid4,0.4306,S,0,44,0.0
D,748296,quiet_mid4,0.4306,S,0,44,0.0
D,748391,quiet_mid4,0.4306,S,0,44,0.0
D,748487,quiet_mid4,0.4306,S,0,44,0.0
D,748583,quiet_mid4,0.4306,S,0,44,0.0
D,748679,quiet_mid4,0.4306,S,0,44,0.0
D,748775,quiet_mid4,0.4306,S,0,44,0.0
D,748871,quiet_mid4,0.4306,S,0,44,0.0
D,748965,quiet_mid4,0.4306,S,0,44,0.0
D,749060,quiet_mid4,0.4306,S,0,44,0.0
D,749156,quiet_mid4,0.4306,S,0,44,0.0
D,749252,quiet_mid4,0.4306,S,0,44,0.0
D,749348,quiet_mid4,0.4306,S,0,44,0.0
D,749444,quiet_mid4,0.4306,S,0,44,0.0
D,749539,quiet_mid4,0.4310,U,0,44,0.0
D,749635,quiet_mid4,0.4310,U,0,44,0.0
D,749731,quiet_mid4,0.4311,U,0,44,0.0
D,749824,quiet_mid4,0.4311,U,0,44,0.0
D,749920,quiet_mid4,0.4312,U,0,44,0.0
D,750016,quiet_mid4,0.4312,U,0,44,0.0
D,750112,quiet_mid4,0.4313,U,0,44,0.0
D,750208,quiet_mid4,0.4313,U,0,44,0.0
D,750304,quiet_mid4,0.4314,U,0,44,0.0
D,750399,quiet_mid4,0.4314,U,0,44,0.0
D,750495,quiet_mid4,0.4315,U,0,44,0.0
D,750591,quiet_mid4,0.4315,U,0,44,0.0
D,750685,quiet_mid4,0.4315,U,0,44,0.0
D,750781,quiet_mid4,0.4316,U,0,44,0.0
D,750877,quiet_mid4,0.4316,U,0,44,0.0
D,750973,quiet_mid4,0.4317,U,0,44,0.0
D,751068,quiet_mid4,0.4317,U,0,44,0.0
D,751164,quiet_mid4,0.4317,U,0,44,0.0
D,751260,quiet_mid4,0.4317,S,0,44,0.0
D,751356,quiet_mid4,0.4317,S,0,44,0.0
D,751452,quiet_mid4,0.4317,S,0,44,0.0
D,751548,quiet_mid4,0.4318,S,0,44,0.0
D,751652,quiet_mid4,0.4318,S,0,44,0.0
D,751833,quiet_mid4,0.4318,S,0,44,0.0
D,751929,quiet_mid4,0.4318,S,0,44,0.0
D,752025,quiet_mid4,0.4318,S,0,44,0.0
D,752121,quiet_mid4,0.4318,S,0,44,0.0
D,752216,quiet_mid4,0.4318,S,0,44,0.0
D,752313,quiet_mid4,0.4318,S,0,44,0.0
D,752408,quiet_mid4,0.4318,S,0,44,0.0
D,752502,quiet_mid4,0.4318,S,0,44,0.0
D,752598,quiet_mid4,0.4318,S,0,44,0.0
D,752694,quiet_mid4,0.4318,S,0,44,0.0
D,752790,quiet_mid4,0.4318,S,0,44,0.0
D,752886,quiet_mid4,0.4318,S,0,44,0.0
D,752981,quiet_mid4,0.4318,S,0,44,0.0
D,753077,quiet_mid4,0.4318,S,0,44,0.0
D,753173,quiet_mid4,0.4318,S,0,44,0.0
D,753269,quiet_mid4,0.4318,S,0,44,0.0
D,753363,quiet_mid4,0.4318,S,0,44,0.0
D,753459,quiet_mid4,0.4318,S,0,44,0.0
D,753555,quiet_mid4,0.4318,S,0,44,0.0
D,753650,quiet_mid4,0.4318,S,0,44,0.0
D,753746,quiet_mid4,0.4318,S,0,44,0.0
D,753842,quiet_mid4,0.4318,S,0,44,0.0
D,753938,quiet_mid4,0.4318,S,0,44,0.0
D,754034,quiet_mid4,0.4318,S,0,44,0.0
D,754130,quiet_mid4,0.4318,S,0,44,0.0
D,754224,quiet_mid4,0.4318,S,0,44,0.0
D,754320,quiet_mid4,0.4318,S,0,44,0.0
D,754415,quiet_mid4,0.4318,S,0,44,0.0
D,754511,quiet_mid4,0.4319,S,0,44,0.0
D,754607,quiet_mid4,0.4319,S,0,44,0.0
D,754703,quiet_mid4,0.4319,S,0,44,0.0
D,754799,quiet_mid4,0.4319,S,0,44,0.0
D,754895,quiet_mid4,0.4319,S,0,44,0.0
D,754991,quiet_mid4,0.4319,S,0,44,0.0
D,755086,quiet_mid4,0.4319,S,0,44,0.0
D,755180,quiet_mid4,0.4319,S,0,44,0.0
D,755276,quiet_mid4,0.4319,S,0,44,0.0
D,755372,quiet_mid4,0.4319,S,0,44,0.0
D,755468,quiet_mid4,0.4319,S,0,44,0.0
D,755564,quiet_mid4,0.4319,S,0,44,0.0
D,755660,quiet_mid4,0.4319,S,0,44,0.0
D,755755,quiet_mid4,0.4319,S,0,44,0.0
D,755851,quiet_mid4,0.4319,S,0,44,0.0
D,755947,quiet_mid4,0.4319,S,0,44,0.0
D,756041,quiet_mid4,0.4319,S,0,44,0.0
D,756137,quiet_mid4,0.4319,S,0,44,0.0
D,756233,quiet_mid4,0.4320,S,0,44,0.0
D,756328,quiet_mid4,0.4324,U,0,44,0.0
D,756424,quiet_mid4,0.4325,U,0,44,0.0
D,756519,quiet_mid4,0.4325,U,0,44,0.0
D,756615,quiet_mid4,0.4326,U,0,44,0.0
D,756711,quiet_mid4,0.4327,U,0,44,0.0
D,756807,quiet_mid4,0.4328,U,0,44,0.0
D,756901,quiet_mid4,0.4328,U,0,44,0.0
D,756997,quiet_mid4,0.4329,U,0,44,0.0
D,757093,quiet_mid4,0.4330,U,0,44,0.0
D,757188,quiet_mid4,0.4330,U,0,44,0.0
D,757284,quiet_mid4,0.4331,U,0,44,0.0
D,757380,quiet_mid4,0.4331,U,0,44,0.0
D,757476,quiet_mid4,0.4332,U,0,44,0.0
D,757572,quiet_mid4,0.4333,U,0,44,0.0
D,757668,quiet_mid4,0.4334,U,0,44,0.0
D,757764,quiet_mid4,0.4334,U,0,44,0.0
D,757858,quiet_mid4,0.4335,U,0,44,0.0
D,757953,quiet_mid4,0.4335,U,0,44,0.0
D,758049,quiet_mid4,0.4335,U,0,44,0.0
D,758145,quiet_mid4,0.4336,U,0,44,0.0
D,758241,quiet_mid4,0.4336,U,0,44,0.0
D,758337,quiet_mid4,0.4336,S,0,44,0.0
D,758433,quiet_mid4,0.4337,U,0,44,0.0
D,758528,quiet_mid4,0.4337,U,0,44,0.0
D,758624,quiet_mid4,0.4337,S,0,44,0.0
D,758718,quiet_mid4,0.4337,S,0,44,0.0
D,758814,quiet_mid4,0.4338,U,0,44,0.0
D,758910,quiet_mid4,0.4338,S,0,44,0.0
D,759006,quiet_mid4,0.4338,S,0,44,0.0
D,759101,quiet_mid4,0.4338,S,0,44,0.0
D,759197,quiet_mid4,0.4338,S,0,44,0.0
D,759293,quiet_mid4,0.4339,S,0,44,0.0
D,759389,quiet_mid4,0.4339,S,0,44,0.0
D,759485,quiet_mid4,0.4339,S,0,44,0.0
D,759579,quiet_mid4,0.4339,S,0,44,0.0
D,759674,quiet_mid4,0.4339,S,0,44,0.0
D,759770,quiet_mid4,0.4339,S,0,44,0.0
D,759866,quiet_mid4,0.4339,S,0,44,0.0
D,759962,quiet_mid4,0.4339,S,0,44,0.0
D,760058,quiet_mid4,0.4340,S,0,44,0.0
D,760154,quiet_mid4,0.4340,S,0,44,0.0
D,760250,quiet_mid4,0.4340,S,0,44,0.0
D,760346,quiet_mid4,0.4340,S,0,44,0.0
D,760441,quiet_mid4,0.4340,S,0,44,0.0
D,760535,quiet_mid4,0.4340,S,0,44,0.0
D,760631,quiet_mid4,0.4340,S,0,44,0.0
D,760727,quiet_mid4,0.4340,S,0,44,0.0
D,760823,quiet_mid4,0.4340,S,0,44,0.0
D,760919,quiet_mid4,0.4340,S,0,44,0.0
D,761014,quiet_mid4,0.4340,S,0,44,0.0
D,761110,quiet_mid4,0.4340,S,0,44,0.0
D,761206,quiet_mid4,0.4340,S,0,44,0.0
D,761302,quiet_mid4,0.4340,S,0,44,0.0
D,761396,quiet_mid4,0.4340,S,0,44,0.0
D,761492,quiet_mid4,0.4340,S,0,44,0.0
D,761588,quiet_mid4,0.4340,S,0,44,0.0
D,761684,quiet_mid4,0.4340,S,0,44,0.0
D,761780,quiet_mid4,0.4340,S,0,44,0.0
D,761875,quiet_mid4,0.4340,S,0,44,0.0
D,761971,quiet_mid4,0.4340,S,0,44,0.0
D,762067,quiet_mid4,0.4341,S,0,44,0.0
D,762163,quiet_mid4,0.4341,S,0,44,0.0
D,762257,quiet_mid4,0.4341,S,0,44,0.0
D,762353,quiet_mid4,0.4341,S,0,44,0.0
D,762448,quiet_mid4,0.4341,S,0,44,0.0
E,762510,BLOCK_END,quiet_mid4
E,762513,BLOCK_START,combined
D,762544,combined,0.4341,S,55,44,0.0
D,762640,combined,0.4341,S,55,44,0.0
D,762736,combined,0.4341,S,55,44,0.0
D,762832,combined,0.4341,S,55,44,0.0
D,762928,combined,0.4341,S,55,44,0.0
D,763024,combined,0.4341,S,55,44,0.0
D,763120,combined,0.4341,S,55,44,0.0
D,763213,combined,0.4341,S,55,44,0.0
D,763310,combined,0.4342,S,55,44,0.0
D,763404,combined,0.4346,U,55,44,0.0
D,763500,combined,0.4384,U,55,44,0.0
D,763596,combined,0.4383,U,55,44,0.0
D,763789,combined,0.4373,U,55,45,0.0
D,763891,combined,0.4382,U,55,45,0.0
D,764073,combined,0.4444,U,55,45,0.0
D,764169,combined,0.4437,U,55,45,0.0
D,764265,combined,0.4402,U,55,45,0.0
D,764361,combined,0.4360,U,55,45,0.0
D,764456,combined,0.4332,U,55,45,0.0
D,764552,combined,0.4323,U,55,45,0.0
D,764745,combined,0.4347,U,55,46,0.0
D,764840,combined,0.4359,U,55,46,0.0
D,764934,combined,0.4360,U,55,46,0.0
D,765030,combined,0.4359,U,55,46,0.0
D,765125,combined,0.4356,U,55,46,0.0
D,765221,combined,0.4352,U,55,46,0.0
D,765317,combined,0.4347,U,55,46,0.0
D,765413,combined,0.4345,U,55,46,0.0
D,765509,combined,0.4347,U,55,46,0.0
D,765605,combined,0.4350,U,55,46,0.0
D,765798,combined,0.4359,U,55,47,0.0
D,765890,combined,0.4347,U,55,47,0.0
D,765986,combined,0.4353,U,55,47,0.0
D,766082,combined,0.4367,U,55,47,0.0
D,766178,combined,0.4431,U,55,47,0.0
D,766273,combined,0.4451,U,55,47,0.0
D,766369,combined,0.4454,U,55,47,0.0
D,766465,combined,0.4450,U,55,47,0.0
D,766561,combined,0.4441,U,55,47,0.0
D,766754,combined,0.4388,U,55,48,0.0
D,766847,combined,0.4368,U,55,48,0.0
D,766942,combined,0.4378,U,55,48,0.0
D,767038,combined,0.4410,U,55,48,0.0
D,767134,combined,0.4441,U,55,48,0.0
D,767230,combined,0.4454,U,55,48,0.0
D,767326,combined,0.4440,U,55,48,0.0
D,767422,combined,0.4404,U,55,48,0.0
D,767517,combined,0.4364,U,55,48,0.0
D,767710,combined,0.4334,U,55,49,0.0
D,767803,combined,0.4335,U,55,49,0.0
D,767899,combined,0.4332,U,55,49,0.0
D,767995,combined,0.4333,U,55,49,0.0
D,768091,combined,0.4344,U,55,49,0.0
D,768186,combined,0.4354,U,55,49,0.0
D,768282,combined,0.4386,U,55,49,0.0
D,768378,combined,0.4402,U,55,49,0.0
D,768472,combined,0.4413,U,55,49,0.0
D,768568,combined,0.4413,U,55,49,0.0
D,768761,combined,0.4387,U,55,50,0.0
D,768855,combined,0.4387,U,55,50,0.0
D,768951,combined,0.4394,U,55,50,0.0
D,769047,combined,0.4404,U,55,50,0.0
D,769143,combined,0.4411,U,55,50,0.0
D,769239,combined,0.4411,U,55,50,0.0
D,769335,combined,0.4402,U,55,50,0.0
D,769429,combined,0.4298,U,55,50,0.0
D,769524,combined,0.4269,U,55,50,0.0
D,769717,combined,0.4263,U,55,51,0.0
D,769812,combined,0.4281,U,55,51,0.0
D,769908,combined,0.4307,U,55,51,0.0
D,770003,combined,0.4328,U,55,51,0.0
D,770099,combined,0.4336,U,55,51,0.0
D,770195,combined,0.4335,U,55,51,0.0
D,770289,combined,0.4330,U,55,51,0.0
D,770385,combined,0.4331,U,55,51,0.0
D,770481,combined,0.4345,U,55,51,0.0
D,770577,combined,0.4353,U,55,51,0.0
D,770770,combined,0.4358,U,55,52,0.0
D,770864,combined,0.4355,U,55,52,0.0
D,770960,combined,0.4353,U,55,52,0.0
D,771056,combined,0.4354,U,55,52,0.0
D,771150,combined,0.4356,U,55,52,0.0
D,771246,combined,0.4357,U,55,52,0.0
D,771342,combined,0.4357,U,55,52,0.0
D,771437,combined,0.4354,U,55,52,0.0
D,771533,combined,0.4350,U,55,52,0.0
D,771726,combined,0.4322,U,55,53,0.0
D,771821,combined,0.4335,U,55,53,0.0
D,771916,combined,0.4340,U,55,53,0.0
D,772012,combined,0.4345,U,55,53,0.0
D,772106,combined,0.4360,U,55,53,0.0
D,772202,combined,0.4354,U,55,53,0.0
D,772298,combined,0.4344,U,55,53,0.0
D,772394,combined,0.4348,U,55,53,0.0
D,772490,combined,0.4361,U,55,53,0.0
D,772585,combined,0.4441,U,55,53,0.0
D,772778,combined,0.4497,U,55,54,0.0
D,772873,combined,0.4469,U,55,54,0.0
D,772967,combined,0.4423,U,55,54,0.0
D,773063,combined,0.4390,U,55,54,0.0
D,773159,combined,0.4384,U,55,54,0.0
D,773254,combined,0.4401,U,55,54,0.0
D,773350,combined,0.4424,U,55,54,0.0
D,773446,combined,0.4445,U,55,54,0.0
D,773542,combined,0.4458,U,55,54,0.0
D,773735,combined,0.4455,U,55,55,0.0
D,773827,combined,0.4454,U,55,55,0.0
D,773923,combined,0.4458,U,55,55,0.0
D,774019,combined,0.4457,U,55,55,0.0
D,774115,combined,0.4455,U,55,55,0.0
D,774211,combined,0.4450,U,55,55,0.0
D,774307,combined,0.4446,U,55,55,0.0
D,774402,combined,0.4416,U,55,55,0.0
D,774498,combined,0.4403,U,55,55,0.0
D,774594,combined,0.4394,U,55,55,0.0
D,774787,combined,0.4380,U,55,56,0.0
D,774880,combined,0.4378,U,55,56,0.0
D,774976,combined,0.4382,U,55,56,0.0
D,775071,combined,0.4385,U,55,56,0.0
D,775167,combined,0.4389,U,55,56,0.0
D,775263,combined,0.4392,U,55,56,0.0
D,775359,combined,0.4394,U,55,56,0.0
D,775455,combined,0.4395,U,55,56,0.0
D,775551,combined,0.4393,U,55,56,0.0
D,775744,combined,0.4388,U,55,57,0.0
D,775836,combined,0.4388,U,55,57,0.0
D,775932,combined,0.4391,U,55,57,0.0
D,776028,combined,0.4460,U,55,57,0.0
D,776135,combined,0.4477,U,55,57,0.0
D,776315,combined,0.4443,U,55,57,0.0
D,776411,combined,0.4422,U,55,57,0.0
D,776505,combined,0.4413,U,55,57,0.0
D,776601,combined,0.4380,U,55,57,0.0
D,776794,combined,0.4315,U,55,58,0.0
D,776888,combined,0.4305,U,55,58,0.0
D,776984,combined,0.4315,U,55,58,0.0
D,777080,combined,0.4336,U,55,58,0.0
D,777176,combined,0.4361,U,55,58,0.0
D,777272,combined,0.4389,U,55,58,0.0
D,777368,combined,0.4418,U,55,58,0.0
D,777461,combined,0.4437,U,55,58,0.0
D,777557,combined,0.4438,U,55,58,0.0
D,777750,combined,0.4395,U,55,59,0.0
D,777845,combined,0.4376,U,55,59,0.0
D,777941,combined,0.4370,U,55,59,0.0
D,778037,combined,0.4371,U,55,59,0.0
D,778132,combined,0.4372,U,55,59,0.0
D,778228,combined,0.4369,U,55,59,0.0
D,778322,combined,0.4365,U,55,59,0.0
D,778418,combined,0.4365,U,55,59,0.0
D,778514,combined,0.4369,U,55,59,0.0
D,778707,combined,0.4434,U,55,60,0.0
D,778801,combined,0.4446,U,55,60,0.0
D,778897,combined,0.4439,U,55,60,0.0
D,778993,combined,0.4429,U,55,60,0.0
D,779089,combined,0.4429,U,55,60,0.0
D,779183,combined,0.4438,U,55,60,0.0
D,779279,combined,0.4441,U,55,60,0.0
D,779375,combined,0.4441,U,55,60,0.0
D,779470,combined,0.4438,U,55,60,0.0
D,779566,combined,0.4433,U,55,60,0.0
D,779759,combined,0.4429,U,55,61,0.0
D,779854,combined,0.4429,U,55,61,0.0
D,779950,combined,0.4428,U,55,61,0.0
D,780044,combined,0.4426,U,55,61,0.0
D,780139,combined,0.4423,U,55,61,0.0
D,780235,combined,0.4421,U,55,61,0.0
D,780331,combined,0.4421,U,55,61,0.0
D,780427,combined,0.4423,U,55,61,0.0
D,780523,combined,0.4424,U,55,61,0.0
D,780716,combined,0.4422,U,55,62,0.0
D,780810,combined,0.4346,U,55,62,0.0
D,780906,combined,0.4322,U,55,62,0.0
D,781000,combined,0.4314,U,55,62,0.0
D,781096,combined,0.4314,U,55,62,0.0
D,781191,combined,0.4316,U,55,62,0.0
D,781287,combined,0.4325,U,55,62,0.0
D,781383,combined,0.4344,U,55,62,0.0
D,781479,combined,0.4360,U,55,62,0.0
D,781575,combined,0.4359,U,55,62,0.0
D,781768,combined,0.4333,U,55,63,0.0
D,781860,combined,0.4336,U,55,63,0.0
D,781956,combined,0.4341,U,55,63,0.0
D,782052,combined,0.4346,U,55,63,0.0
D,782148,combined,0.4350,U,55,63,0.0
D,782244,combined,0.4378,U,55,63,0.0
D,782340,combined,0.4398,U,55,63,0.0
D,782435,combined,0.4425,U,55,63,0.0
D,782531,combined,0.4451,U,55,63,0.0
E,782656,BLOCK_END,combined
E,782657,BLOCK_START,post_combined
D,782728,post_combined,0.4462,U,0,64,0.0
D,782818,post_combined,0.4449,U,0,64,0.0
D,782913,post_combined,0.4438,U,0,64,0.0
D,783009,post_combined,0.4428,U,0,64,0.0
D,783105,post_combined,0.4416,U,0,64,0.0
D,783200,post_combined,0.4410,U,0,64,0.0
D,783296,post_combined,0.4430,U,0,64,0.0
D,783392,post_combined,0.4490,U,0,64,0.0
D,783488,post_combined,0.4582,U,0,64,0.0
D,783584,post_combined,0.4679,U,0,64,0.0
D,783677,post_combined,0.4754,U,0,64,0.0
D,783773,post_combined,0.4795,U,0,64,0.0
D,783869,post_combined,0.4811,U,0,64,0.0
D,783965,post_combined,0.4815,U,0,64,0.0
D,784061,post_combined,0.4815,U,0,64,0.0
D,784157,post_combined,0.4816,U,0,64,0.0
D,784253,post_combined,0.4816,U,0,64,0.0
D,784348,post_combined,0.4816,U,0,64,0.0
D,784444,post_combined,0.4815,S,0,64,0.0
D,784538,post_combined,0.4815,S,0,64,0.0
D,784634,post_combined,0.4815,S,0,64,0.0
D,784730,post_combined,0.4815,S,0,64,0.0
D,784826,post_combined,0.4815,S,0,64,0.0
D,784922,post_combined,0.4815,S,0,64,0.0
D,785017,post_combined,0.4814,S,0,64,0.0
D,785113,post_combined,0.4814,S,0,64,0.0
D,785209,post_combined,0.4814,S,0,64,0.0
D,785305,post_combined,0.4814,S,0,64,0.0
D,785399,post_combined,0.4814,S,0,64,0.0
D,785495,post_combined,0.4814,S,0,64,0.0
D,785591,post_combined,0.4814,S,0,64,0.0
D,785687,post_combined,0.4814,S,0,64,0.0
D,785782,post_combined,0.4814,S,0,64,0.0
D,785878,post_combined,0.4814,S,0,64,0.0
D,785974,post_combined,0.4814,S,0,64,0.0
D,786070,post_combined,0.4814,S,0,64,0.0
D,786166,post_combined,0.4815,S,0,64,0.0
D,786262,post_combined,0.4815,S,0,64,0.0
D,786356,post_combined,0.4815,S,0,64,0.0
D,786452,post_combined,0.4815,S,0,64,0.0
D,786547,post_combined,0.4815,S,0,64,0.0
D,786643,post_combined,0.4815,S,0,64,0.0
D,786739,post_combined,0.4815,S,0,64,0.0
D,786835,post_combined,0.4815,S,0,64,0.0
D,786931,post_combined,0.4815,S,0,64,0.0
D,787027,post_combined,0.4815,S,0,64,0.0
D,787123,post_combined,0.4815,S,0,64,0.0
D,787216,post_combined,0.4815,S,0,64,0.0
D,787312,post_combined,0.4815,S,0,64,0.0
D,787408,post_combined,0.4815,S,0,64,0.0
D,787504,post_combined,0.4815,S,0,64,0.0
D,787600,post_combined,0.4815,S,0,64,0.0
D,787696,post_combined,0.4815,S,0,64,0.0
D,787792,post_combined,0.4815,S,0,64,0.0
D,787887,post_combined,0.4815,S,0,64,0.0
D,787983,post_combined,0.4815,S,0,64,0.0
D,788077,post_combined,0.4815,S,0,64,0.0
D,788173,post_combined,0.4815,S,0,64,0.0
D,788269,post_combined,0.4815,S,0,64,0.0
D,788371,post_combined,0.4815,S,0,64,0.0
D,788461,post_combined,0.4815,S,0,64,0.0
D,788556,post_combined,0.4815,S,0,64,0.0
D,788652,post_combined,0.4815,S,0,64,0.0
D,788748,post_combined,0.4815,S,0,64,0.0
D,788844,post_combined,0.4815,S,0,64,0.0
D,788940,post_combined,0.4815,S,0,64,0.0
D,789034,post_combined,0.4815,S,0,64,0.0
D,789130,post_combined,0.4815,S,0,64,0.0
D,789226,post_combined,0.4815,S,0,64,0.0
D,789321,post_combined,0.4815,S,0,64,0.0
D,789417,post_combined,0.4815,S,0,64,0.0
D,789513,post_combined,0.4814,S,0,64,0.0
D,789609,post_combined,0.4814,S,0,64,0.0
D,789705,post_combined,0.4814,S,0,64,0.0
D,789801,post_combined,0.4814,S,0,64,0.0
D,789895,post_combined,0.4814,S,0,64,0.0
D,789990,post_combined,0.4814,S,0,64,0.0
D,790087,post_combined,0.4814,S,0,64,0.0
D,790182,post_combined,0.4814,S,0,64,0.0
D,790278,post_combined,0.4814,S,0,64,0.0
D,790374,post_combined,0.4814,S,0,64,0.0
D,790470,post_combined,0.4814,S,0,64,0.0
D,790566,post_combined,0.4814,S,0,64,0.0
D,790662,post_combined,0.4814,S,0,64,0.0
D,790755,post_combined,0.4814,S,0,64,0.0
D,790851,post_combined,0.4814,S,0,64,0.0
D,790947,post_combined,0.4814,S,0,64,0.0
D,791043,post_combined,0.4814,S,0,64,0.0
D,791139,post_combined,0.4814,S,0,64,0.0
D,791235,post_combined,0.4813,S,0,64,0.0
D,791331,post_combined,0.4813,S,0,64,0.0
D,791426,post_combined,0.4813,S,0,64,0.0
D,791522,post_combined,0.4813,S,0,64,0.0
D,791616,post_combined,0.4813,S,0,64,0.0
D,791712,post_combined,0.4813,S,0,64,0.0
D,791808,post_combined,0.4813,S,0,64,0.0
D,791904,post_combined,0.4813,S,0,64,0.0
D,791999,post_combined,0.4813,S,0,64,0.0
D,792095,post_combined,0.4813,S,0,64,0.0
D,792191,post_combined,0.4813,S,0,64,0.0
D,792287,post_combined,0.4813,S,0,64,0.0
D,792383,post_combined,0.4813,S,0,64,0.0
D,792479,post_combined,0.4812,S,0,64,0.0
D,792573,post_combined,0.4812,S,0,64,0.0
D,792668,post_combined,0.4812,S,0,64,0.0
D,792764,post_combined,0.4812,S,0,64,0.0
D,792860,post_combined,0.4812,S,0,64,0.0
D,792956,post_combined,0.4812,S,0,64,0.0
D,793052,post_combined,0.4812,S,0,64,0.0
D,793148,post_combined,0.4812,S,0,64,0.0
D,793243,post_combined,0.4812,S,0,64,0.0
D,793339,post_combined,0.4812,S,0,64,0.0
D,793433,post_combined,0.4812,S,0,64,0.0
D,793529,post_combined,0.4812,S,0,64,0.0
D,793624,post_combined,0.4815,U,0,64,0.0
D,793720,post_combined,0.4815,U,0,64,0.0
D,793816,post_combined,0.4815,U,0,64,0.0
D,793912,post_combined,0.4815,U,0,64,0.0
D,794007,post_combined,0.4816,U,0,64,0.0
D,794103,post_combined,0.4816,S,0,64,0.0
D,794199,post_combined,0.4816,S,0,64,0.0
D,794293,post_combined,0.4816,S,0,64,0.0
D,794389,post_combined,0.4817,U,0,64,0.0
D,794485,post_combined,0.4817,S,0,64,0.0
D,794581,post_combined,0.4818,U,0,64,0.0
D,794676,post_combined,0.4818,U,0,64,0.0
D,794772,post_combined,0.4818,U,0,64,0.0
D,794868,post_combined,0.4819,U,0,64,0.0
D,794964,post_combined,0.4819,U,0,64,0.0
D,795060,post_combined,0.4819,S,0,64,0.0
D,795155,post_combined,0.4819,S,0,64,0.0
D,795249,post_combined,0.4819,S,0,64,0.0
D,795345,post_combined,0.4819,S,0,64,0.0
D,795441,post_combined,0.4819,S,0,64,0.0
D,795537,post_combined,0.4820,S,0,64,0.0
D,795633,post_combined,0.4820,S,0,64,0.0
D,795729,post_combined,0.4820,S,0,64,0.0
D,795824,post_combined,0.4820,S,0,64,0.0
D,795920,post_combined,0.4820,S,0,64,0.0
D,796016,post_combined,0.4820,S,0,64,0.0
D,796110,post_combined,0.4819,S,0,64,0.0
D,796206,post_combined,0.4819,S,0,64,0.0
D,796302,post_combined,0.4819,S,0,64,0.0
D,796398,post_combined,0.4819,S,0,64,0.0
D,796493,post_combined,0.4819,S,0,64,0.0
D,796589,post_combined,0.4819,S,0,64,0.0
D,796685,post_combined,0.4819,S,0,64,0.0
D,796781,post_combined,0.4819,S,0,64,0.0
D,796877,post_combined,0.4819,S,0,64,0.0
D,796971,post_combined,0.4819,S,0,64,0.0
D,797067,post_combined,0.4819,S,0,64,0.0
D,797163,post_combined,0.4819,S,0,64,0.0
D,797258,post_combined,0.4819,S,0,64,0.0
D,797354,post_combined,0.4819,S,0,64,0.0
D,797450,post_combined,0.4819,S,0,64,0.0
D,797546,post_combined,0.4819,S,0,64,0.0
D,797642,post_combined,0.4819,S,0,64,0.0
D,797738,post_combined,0.4819,S,0,64,0.0
D,797834,post_combined,0.4819,S,0,64,0.0
D,797927,post_combined,0.4820,S,0,64,0.0
D,798023,post_combined,0.4820,S,0,64,0.0
D,798119,post_combined,0.4820,S,0,64,0.0
D,798215,post_combined,0.4824,U,0,64,0.0
D,798310,post_combined,0.4825,U,0,64,0.0
D,798406,post_combined,0.4825,U,0,64,0.0
D,798502,post_combined,0.4826,U,0,64,0.0
D,798598,post_combined,0.4827,U,0,64,0.0
D,798694,post_combined,0.4827,U,0,64,0.0
D,798788,post_combined,0.4828,U,0,64,0.0
D,798884,post_combined,0.4829,U,0,64,0.0
D,798979,post_combined,0.4829,U,0,64,0.0
D,799075,post_combined,0.4830,U,0,64,0.0
D,799171,post_combined,0.4830,U,0,64,0.0
D,799267,post_combined,0.4831,U,0,64,0.0
D,799363,post_combined,0.4831,U,0,64,0.0
D,799459,post_combined,0.4832,U,0,64,0.0
D,799554,post_combined,0.4832,U,0,64,0.0
D,799648,post_combined,0.4832,U,0,64,0.0
D,799744,post_combined,0.4832,S,0,64,0.0
D,799840,post_combined,0.4832,S,0,64,0.0
D,799936,post_combined,0.4833,S,0,64,0.0
D,800032,post_combined,0.4833,S,0,64,0.0
D,800127,post_combined,0.4833,S,0,64,0.0
D,800224,post_combined,0.4833,S,0,64,0.0
D,800319,post_combined,0.4833,S,0,64,0.0
D,800426,post_combined,0.4833,S,0,64,0.0
D,800605,post_combined,0.4833,S,0,64,0.0
D,800701,post_combined,0.4833,S,0,64,0.0
D,800796,post_combined,0.4833,S,0,64,0.0
D,800892,post_combined,0.4833,S,0,64,0.0
D,800988,post_combined,0.4833,S,0,64,0.0
D,801084,post_combined,0.4833,S,0,64,0.0
D,801180,post_combined,0.4833,S,0,64,0.0
D,801276,post_combined,0.4833,S,0,64,0.0
D,801372,post_combined,0.4833,S,0,64,0.0
D,801466,post_combined,0.4833,S,0,64,0.0
D,801561,post_combined,0.4833,S,0,64,0.0
D,801657,post_combined,0.4833,S,0,64,0.0
D,801753,post_combined,0.4833,S,0,64,0.0
D,801849,post_combined,0.4833,S,0,64,0.0
D,801945,post_combined,0.4833,S,0,64,0.0
D,802041,post_combined,0.4833,S,0,64,0.0
D,802137,post_combined,0.4833,S,0,64,0.0
D,802232,post_combined,0.4833,S,0,64,0.0
D,802326,post_combined,0.4833,S,0,64,0.0
D,802422,post_combined,0.4833,S,0,64,0.0
D,802518,post_combined,0.4833,S,0,64,0.0
D,802614,post_combined,0.4833,S,0,64,0.0
E,802677,BLOCK_END,post_combined
E,802678,BLOCK_START,servo_moves
E,802680,SERVO_MOVE,0->25
D,803474,servo_moves,0.4693,U,0,64,25.0
D,803570,servo_moves,0.4622,U,0,64,25.0
D,803665,servo_moves,0.4551,U,0,64,25.0
D,803761,servo_moves,0.4486,U,0,64,25.0
D,803857,servo_moves,0.4430,U,0,64,25.0
D,803953,servo_moves,0.4386,U,0,64,25.0
D,804049,servo_moves,0.4354,U,0,64,25.0
D,804143,servo_moves,0.4332,U,0,64,25.0
D,804238,servo_moves,0.4317,U,0,64,25.0
D,804334,servo_moves,0.4308,U,0,64,25.0
D,804430,servo_moves,0.4303,U,0,64,25.0
D,804526,servo_moves,0.4302,U,0,64,25.0
D,804622,servo_moves,0.4302,U,0,64,25.0
D,804718,servo_moves,0.4302,U,0,64,25.0
D,804814,servo_moves,0.4303,U,0,64,25.0
D,804909,servo_moves,0.4303,S,0,64,25.0
D,805003,servo_moves,0.4304,U,0,64,25.0
D,805099,servo_moves,0.4305,U,0,64,25.0
D,805195,servo_moves,0.4305,U,0,64,25.0
D,805291,servo_moves,0.4305,U,0,64,25.0
D,805387,servo_moves,0.4305,U,0,64,25.0
D,805483,servo_moves,0.4306,U,0,64,25.0
D,805579,servo_moves,0.4306,S,0,64,25.0
D,805674,servo_moves,0.4306,S,0,64,25.0
D,805770,servo_moves,0.4307,U,0,64,25.0
D,805866,servo_moves,0.4307,U,0,64,25.0
D,805960,servo_moves,0.4307,S,0,64,25.0
D,806056,servo_moves,0.4307,S,0,64,25.0
D,806152,servo_moves,0.4308,U,0,64,25.0
D,806248,servo_moves,0.4308,S,0,64,25.0
D,806343,servo_moves,0.4308,S,0,64,25.0
D,806439,servo_moves,0.4308,S,0,64,25.0
D,806535,servo_moves,0.4309,U,0,64,25.0
D,806631,servo_moves,0.4309,S,0,64,25.0
D,806727,servo_moves,0.4310,U,0,64,25.0
D,806821,servo_moves,0.4310,U,0,64,25.0
D,806917,servo_moves,0.4310,U,0,64,25.0
D,807013,servo_moves,0.4311,U,0,64,25.0
D,807108,servo_moves,0.4311,U,0,64,25.0
D,807204,servo_moves,0.4311,S,0,64,25.0
D,807300,servo_moves,0.4312,U,0,64,25.0
D,807396,servo_moves,0.4312,U,0,64,25.0
D,807492,servo_moves,0.4312,S,0,64,25.0
D,807588,servo_moves,0.4313,U,0,64,25.0
D,807681,servo_moves,0.4313,U,0,64,25.0
D,807777,servo_moves,0.4313,S,0,64,25.0
D,807873,servo_moves,0.4314,U,0,64,25.0
D,807969,servo_moves,0.4314,U,0,64,25.0
D,808065,servo_moves,0.4314,S,0,64,25.0
D,808161,servo_moves,0.4315,U,0,64,25.0
D,808256,servo_moves,0.4315,U,0,64,25.0
D,808352,servo_moves,0.4316,U,0,64,25.0
D,808448,servo_moves,0.4316,U,0,64,25.0
D,808542,servo_moves,0.4316,U,0,64,25.0
D,808638,servo_moves,0.4317,U,0,64,25.0
D,808734,servo_moves,0.4317,U,0,64,25.0
D,808830,servo_moves,0.4318,U,0,64,25.0
D,808925,servo_moves,0.4318,U,0,64,25.0
D,809021,servo_moves,0.4319,U,0,64,25.0
D,809117,servo_moves,0.4319,U,0,64,25.0
D,809213,servo_moves,0.4320,U,0,64,25.0
D,809309,servo_moves,0.4320,U,0,64,25.0
E,809371,SERVO_MOVE,25->0
D,810265,servo_moves,0.4323,U,0,64,0.0
D,810359,servo_moves,0.4325,U,0,64,0.0
D,810455,servo_moves,0.4326,U,0,64,0.0
D,810550,servo_moves,0.4364,U,0,64,0.0
D,810646,servo_moves,0.4371,U,0,64,0.0
D,810742,servo_moves,0.4374,U,0,64,0.0
D,810838,servo_moves,0.4369,U,0,64,0.0
D,810934,servo_moves,0.4362,U,0,64,0.0
D,811030,servo_moves,0.4355,U,0,64,0.0
D,811125,servo_moves,0.4350,U,0,64,0.0
D,811219,servo_moves,0.4331,U,0,64,0.0
D,811315,servo_moves,0.4331,U,0,64,0.0
D,811411,servo_moves,0.4332,U,0,64,0.0
D,811507,servo_moves,0.4333,U,0,64,0.0
D,811603,servo_moves,0.4333,U,0,64,0.0
D,811699,servo_moves,0.4333,U,0,64,0.0
D,811794,servo_moves,0.4333,U,0,64,0.0
D,811890,servo_moves,0.4333,S,0,64,0.0
D,811986,servo_moves,0.4333,S,0,64,0.0
D,812082,servo_moves,0.4333,S,0,64,0.0
D,812176,servo_moves,0.4333,S,0,64,0.0
D,812283,servo_moves,0.4333,S,0,64,0.0
D,812463,servo_moves,0.4333,S,0,64,0.0
D,812559,servo_moves,0.4333,S,0,64,0.0
D,812655,servo_moves,0.4333,S,0,64,0.0
D,812751,servo_moves,0.4332,S,0,64,0.0
D,812847,servo_moves,0.4332,S,0,64,0.0
D,812943,servo_moves,0.4332,S,0,64,0.0
D,813037,servo_moves,0.4332,S,0,64,0.0
D,813133,servo_moves,0.4332,S,0,64,0.0
D,813228,servo_moves,0.4332,S,0,64,0.0
D,813324,servo_moves,0.4332,S,0,64,0.0
D,813420,servo_moves,0.4332,S,0,64,0.0
D,813516,servo_moves,0.4332,S,0,64,0.0
D,813612,servo_moves,0.4332,S,0,64,0.0
D,813708,servo_moves,0.4331,S,0,64,0.0
D,813804,servo_moves,0.4331,S,0,64,0.0
D,813898,servo_moves,0.4331,S,0,64,0.0
D,813993,servo_moves,0.4331,S,0,64,0.0
D,814089,servo_moves,0.4331,S,0,64,0.0
D,814185,servo_moves,0.4331,S,0,64,0.0
D,814281,servo_moves,0.4331,S,0,64,0.0
D,814377,servo_moves,0.4331,S,0,64,0.0
D,814473,servo_moves,0.4330,S,0,64,0.0
D,814569,servo_moves,0.4330,S,0,64,0.0
D,814664,servo_moves,0.4330,S,0,64,0.0
D,814760,servo_moves,0.4330,S,0,64,0.0
D,814854,servo_moves,0.4330,S,0,64,0.0
D,814950,servo_moves,0.4330,S,0,64,0.0
D,815046,servo_moves,0.4330,S,0,64,0.0
D,815142,servo_moves,0.4330,S,0,64,0.0
D,815238,servo_moves,0.4330,S,0,64,0.0
D,815334,servo_moves,0.4330,S,0,64,0.0
D,815429,servo_moves,0.4330,S,0,64,0.0
D,815525,servo_moves,0.4330,S,0,64,0.0
D,815621,servo_moves,0.4330,S,0,64,0.0
D,815715,servo_moves,0.4330,S,0,64,0.0
D,815811,servo_moves,0.4330,S,0,64,0.0
D,815907,servo_moves,0.4330,S,0,64,0.0
D,816003,servo_moves,0.4330,S,0,64,0.0
D,816098,servo_moves,0.4330,S,0,64,0.0
D,816194,servo_moves,0.4330,S,0,64,0.0
E,816257,SERVO_MOVE,0->60
D,818399,servo_moves,0.4236,U,0,64,60.0
D,818489,servo_moves,0.4241,U,0,64,60.0
D,818583,servo_moves,0.4237,U,0,64,60.0
D,818679,servo_moves,0.4228,U,0,64,60.0
D,818775,servo_moves,0.4212,U,0,64,60.0
D,818871,servo_moves,0.4180,U,0,64,60.0
D,818967,servo_moves,0.4143,U,0,64,60.0
D,819063,servo_moves,0.4126,U,0,64,60.0
D,819158,servo_moves,0.4147,U,0,64,60.0
D,819252,servo_moves,0.4196,U,0,64,60.0
D,819348,servo_moves,0.4246,U,0,64,60.0
D,819444,servo_moves,0.4281,U,0,64,60.0
D,819540,servo_moves,0.4299,U,0,64,60.0
D,819636,servo_moves,0.4305,U,0,64,60.0
D,819732,servo_moves,0.4308,U,0,64,60.0
D,819827,servo_moves,0.4308,U,0,64,60.0
D,819923,servo_moves,0.4309,U,0,64,60.0
D,820019,servo_moves,0.4309,U,0,64,60.0
D,820113,servo_moves,0.4309,U,0,64,60.0
D,820209,servo_moves,0.4309,S,0,64,60.0
D,820305,servo_moves,0.4309,S,0,64,60.0
D,820401,servo_moves,0.4309,S,0,64,60.0
D,820496,servo_moves,0.4309,S,0,64,60.0
D,820592,servo_moves,0.4309,S,0,64,60.0
D,820688,servo_moves,0.4309,S,0,64,60.0
D,820784,servo_moves,0.4308,S,0,64,60.0
D,820880,servo_moves,0.4308,S,0,64,60.0
D,820976,servo_moves,0.4308,S,0,64,60.0
D,821070,servo_moves,0.4308,S,0,64,60.0
D,821165,servo_moves,0.4307,U,0,64,60.0
D,821261,servo_moves,0.4307,S,0,64,60.0
D,821357,servo_moves,0.4307,S,0,64,60.0
D,821453,servo_moves,0.4307,S,0,64,60.0
D,821549,servo_moves,0.4307,S,0,64,60.0
D,821645,servo_moves,0.4306,S,0,64,60.0
D,821741,servo_moves,0.4306,S,0,64,60.0
D,821837,servo_moves,0.4307,S,0,64,60.0
D,821931,servo_moves,0.4307,S,0,64,60.0
D,822026,servo_moves,0.4307,S,0,64,60.0
D,822122,servo_moves,0.4307,S,0,64,60.0
D,822218,servo_moves,0.4307,S,0,64,60.0
D,822314,servo_moves,0.4307,S,0,64,60.0
D,822410,servo_moves,0.4307,S,0,64,60.0
D,822506,servo_moves,0.4307,S,0,64,60.0
D,822601,servo_moves,0.4307,S,0,64,60.0
D,822697,servo_moves,0.4307,S,0,64,60.0
D,822791,servo_moves,0.4307,S,0,64,60.0
D,822887,servo_moves,0.4307,S,0,64,60.0
D,822983,servo_moves,0.4307,S,0,64,60.0
D,823079,servo_moves,0.4307,S,0,64,60.0
D,823175,servo_moves,0.4307,S,0,64,60.0
D,823271,servo_moves,0.4307,S,0,64,60.0
D,823367,servo_moves,0.4307,S,0,64,60.0
D,823462,servo_moves,0.4307,S,0,64,60.0
D,823558,servo_moves,0.4307,S,0,64,60.0
D,823654,servo_moves,0.4307,S,0,64,60.0
D,823748,servo_moves,0.4307,S,0,64,60.0
D,823844,servo_moves,0.4307,S,0,64,60.0
D,823940,servo_moves,0.4307,S,0,64,60.0
D,824035,servo_moves,0.4307,S,0,64,60.0
D,824131,servo_moves,0.4307,S,0,64,60.0
D,824227,servo_moves,0.4307,S,0,64,60.0
D,824329,servo_moves,0.4307,S,0,64,60.0
E,824392,SERVO_MOVE,60->0
D,826521,servo_moves,0.4251,U,0,64,0.0
D,826616,servo_moves,0.4266,U,0,64,0.0
D,826712,servo_moves,0.4265,U,0,64,0.0
D,826808,servo_moves,0.4260,U,0,64,0.0
D,826904,servo_moves,0.4261,U,0,64,0.0
D,827000,servo_moves,0.4267,U,0,64,0.0
D,827096,servo_moves,0.4278,U,0,64,0.0
D,827192,servo_moves,0.4332,U,0,64,0.0
D,827285,servo_moves,0.4360,U,0,64,0.0
D,827381,servo_moves,0.4377,U,0,64,0.0
D,827477,servo_moves,0.4385,U,0,64,0.0
D,827573,servo_moves,0.4387,U,0,64,0.0
D,827669,servo_moves,0.4387,U,0,64,0.0
D,827765,servo_moves,0.4387,U,0,64,0.0
D,827860,servo_moves,0.4387,U,0,64,0.0
D,827957,servo_moves,0.4387,U,0,64,0.0
D,828052,servo_moves,0.4387,S,0,64,0.0
D,828146,servo_moves,0.4387,S,0,64,0.0
D,828242,servo_moves,0.4387,S,0,64,0.0
D,828338,servo_moves,0.4388,S,0,64,0.0
D,828434,servo_moves,0.4388,S,0,64,0.0
D,828530,servo_moves,0.4388,S,0,64,0.0
D,828625,servo_moves,0.4388,S,0,64,0.0
D,828721,servo_moves,0.4388,S,0,64,0.0
D,828817,servo_moves,0.4388,S,0,64,0.0
D,828913,servo_moves,0.4388,S,0,64,0.0
D,829009,servo_moves,0.4388,S,0,64,0.0
D,829103,servo_moves,0.4388,S,0,64,0.0
D,829199,servo_moves,0.4388,S,0,64,0.0
D,829294,servo_moves,0.4388,S,0,64,0.0
D,829390,servo_moves,0.4389,S,0,64,0.0
D,829486,servo_moves,0.4389,S,0,64,0.0
D,829582,servo_moves,0.4389,S,0,64,0.0
D,829678,servo_moves,0.4389,S,0,64,0.0
D,829774,servo_moves,0.4389,S,0,64,0.0
D,829870,servo_moves,0.4390,S,0,64,0.0
D,829964,servo_moves,0.4390,S,0,64,0.0
D,830060,servo_moves,0.4390,S,0,64,0.0
D,830155,servo_moves,0.4390,S,0,64,0.0
D,830251,servo_moves,0.4390,S,0,64,0.0
D,830347,servo_moves,0.4390,S,0,64,0.0
D,830443,servo_moves,0.4390,S,0,64,0.0
D,830539,servo_moves,0.4390,S,0,64,0.0
D,830635,servo_moves,0.4390,S,0,64,0.0
D,830730,servo_moves,0.4390,S,0,64,0.0
D,830825,servo_moves,0.4390,S,0,64,0.0
D,830920,servo_moves,0.4390,S,0,64,0.0
D,831016,servo_moves,0.4390,S,0,64,0.0
D,831112,servo_moves,0.4390,S,0,64,0.0
D,831208,servo_moves,0.4390,S,0,64,0.0
D,831304,servo_moves,0.4390,S,0,64,0.0
D,831400,servo_moves,0.4390,S,0,64,0.0
D,831496,servo_moves,0.4390,S,0,64,0.0
D,831591,servo_moves,0.4389,S,0,64,0.0
D,831687,servo_moves,0.4389,S,0,64,0.0
D,831781,servo_moves,0.4389,S,0,64,0.0
D,831877,servo_moves,0.4389,S,0,64,0.0
D,831973,servo_moves,0.4389,S,0,64,0.0
D,832069,servo_moves,0.4389,S,0,64,0.0
D,832164,servo_moves,0.4389,S,0,64,0.0
D,832261,servo_moves,0.4389,S,0,64,0.0
D,832356,servo_moves,0.4389,S,0,64,0.0
D,832452,servo_moves,0.4389,S,0,64,0.0
E,832515,BLOCK_END,servo_moves
E,832517,BLOCK_START,quiet_post
D,832548,quiet_post,0.4389,S,0,64,0.0
D,832642,quiet_post,0.4388,S,0,64,0.0
D,832737,quiet_post,0.4385,U,0,64,0.0
D,832833,quiet_post,0.4385,U,0,64,0.0
D,832929,quiet_post,0.4384,U,0,64,0.0
D,833025,quiet_post,0.4384,U,0,64,0.0
D,833121,quiet_post,0.4384,U,0,64,0.0
D,833216,quiet_post,0.4383,U,0,64,0.0
D,833312,quiet_post,0.4383,U,0,64,0.0
D,833408,quiet_post,0.4382,U,0,64,0.0
D,833502,quiet_post,0.4382,U,0,64,0.0
D,833598,quiet_post,0.4381,U,0,64,0.0
D,833694,quiet_post,0.4381,U,0,64,0.0
D,833789,quiet_post,0.4380,U,0,64,0.0
D,833885,quiet_post,0.4379,U,0,64,0.0
D,833981,quiet_post,0.4378,U,0,64,0.0
D,834077,quiet_post,0.4378,U,0,64,0.0
D,834173,quiet_post,0.4377,U,0,64,0.0
D,834269,quiet_post,0.4377,U,0,64,0.0
D,834363,quiet_post,0.4377,U,0,64,0.0
D,834458,quiet_post,0.4377,S,0,64,0.0
D,834554,quiet_post,0.4377,S,0,64,0.0
D,834650,quiet_post,0.4377,S,0,64,0.0
D,834746,quiet_post,0.4377,S,0,64,0.0
D,834842,quiet_post,0.4377,S,0,64,0.0
D,834938,quiet_post,0.4378,S,0,64,0.0
D,835033,quiet_post,0.4378,S,0,64,0.0
D,835129,quiet_post,0.4379,U,0,64,0.0
D,835225,quiet_post,0.4379,U,0,64,0.0
D,835319,quiet_post,0.4380,U,0,64,0.0
D,835415,quiet_post,0.4380,U,0,64,0.0
D,835511,quiet_post,0.4380,U,0,64,0.0
D,835607,quiet_post,0.4381,U,0,64,0.0
D,835702,quiet_post,0.4381,U,0,64,0.0
D,835798,quiet_post,0.4384,U,0,64,0.0
D,835894,quiet_post,0.4384,U,0,64,0.0
D,835990,quiet_post,0.4385,U,0,64,0.0
D,836086,quiet_post,0.4386,U,0,64,0.0
D,836180,quiet_post,0.4386,U,0,64,0.0
D,836281,quiet_post,0.4387,U,0,64,0.0
D,836371,quiet_post,0.4387,U,0,64,0.0
D,836467,quiet_post,0.4388,U,0,64,0.0
D,836563,quiet_post,0.4388,U,0,64,0.0
D,836659,quiet_post,0.4389,U,0,64,0.0
D,836755,quiet_post,0.4389,U,0,64,0.0
D,836850,quiet_post,0.4389,U,0,64,0.0
D,836946,quiet_post,0.4390,U,0,64,0.0
D,837040,quiet_post,0.4390,U,0,64,0.0
D,837136,quiet_post,0.4391,U,0,64,0.0
D,837232,quiet_post,0.4391,U,0,64,0.0
D,837328,quiet_post,0.4391,U,0,64,0.0
D,837424,quiet_post,0.4392,U,0,64,0.0
D,837519,quiet_post,0.4392,U,0,64,0.0
D,837615,quiet_post,0.4392,S,0,64,0.0
D,837711,quiet_post,0.4393,U,0,64,0.0
D,837807,quiet_post,0.4393,U,0,64,0.0
D,837903,quiet_post,0.4393,S,0,64,0.0
D,837997,quiet_post,0.4393,S,0,64,0.0
D,838092,quiet_post,0.4393,S,0,64,0.0
D,838188,quiet_post,0.4394,S,0,64,0.0
D,838284,quiet_post,0.4394,S,0,64,0.0
D,838380,quiet_post,0.4394,S,0,64,0.0
D,838476,quiet_post,0.4394,S,0,64,0.0
D,838572,quiet_post,0.4394,S,0,64,0.0
D,838668,quiet_post,0.4394,S,0,64,0.0
D,838763,quiet_post,0.4394,S,0,64,0.0
D,838857,quiet_post,0.4394,S,0,64,0.0
D,838953,quiet_post,0.4395,S,0,64,0.0
D,839049,quiet_post,0.4395,S,0,64,0.0
D,839145,quiet_post,0.4395,S,0,64,0.0
D,839241,quiet_post,0.4395,S,0,64,0.0
D,839337,quiet_post,0.4395,S,0,64,0.0
D,839432,quiet_post,0.4395,S,0,64,0.0
D,839528,quiet_post,0.4395,S,0,64,0.0
D,839624,quiet_post,0.4395,S,0,64,0.0
D,839718,quiet_post,0.4395,S,0,64,0.0
D,839814,quiet_post,0.4396,S,0,64,0.0
D,839910,quiet_post,0.4396,S,0,64,0.0
D,840006,quiet_post,0.4396,S,0,64,0.0
D,840101,quiet_post,0.4396,S,0,64,0.0
D,840197,quiet_post,0.4396,S,0,64,0.0
D,840293,quiet_post,0.4396,S,0,64,0.0
D,840389,quiet_post,0.4396,S,0,64,0.0
D,840485,quiet_post,0.4396,S,0,64,0.0
D,840581,quiet_post,0.4397,S,0,64,0.0
D,840674,quiet_post,0.4399,U,0,64,0.0
D,840770,quiet_post,0.4399,U,0,64,0.0
D,840866,quiet_post,0.4399,U,0,64,0.0
D,840962,quiet_post,0.4399,U,0,64,0.0
D,841058,quiet_post,0.4399,U,0,64,0.0
D,841154,quiet_post,0.4399,S,0,64,0.0
D,841249,quiet_post,0.4399,S,0,64,0.0
D,841345,quiet_post,0.4399,S,0,64,0.0
D,841441,quiet_post,0.4399,S,0,64,0.0
D,841534,quiet_post,0.4400,S,0,64,0.0
D,841630,quiet_post,0.4400,S,0,64,0.0
D,841726,quiet_post,0.4400,S,0,64,0.0
D,841822,quiet_post,0.4400,S,0,64,0.0
D,841918,quiet_post,0.4400,S,0,64,0.0
D,842013,quiet_post,0.4400,S,0,64,0.0
D,842109,quiet_post,0.4400,S,0,64,0.0
D,842205,quiet_post,0.4400,S,0,64,0.0
D,842301,quiet_post,0.4400,S,0,64,0.0
D,842395,quiet_post,0.4400,S,0,64,0.0
D,842491,quiet_post,0.4400,S,0,64,0.0
D,842587,quiet_post,0.4400,S,0,64,0.0
D,842682,quiet_post,0.4400,S,0,64,0.0
D,842778,quiet_post,0.4400,S,0,64,0.0
D,842874,quiet_post,0.4400,S,0,64,0.0
D,842970,quiet_post,0.4400,S,0,64,0.0
D,843066,quiet_post,0.4400,S,0,64,0.0
D,843162,quiet_post,0.4400,S,0,64,0.0
D,843258,quiet_post,0.4400,S,0,64,0.0
D,843352,quiet_post,0.4400,S,0,64,0.0
D,843448,quiet_post,0.4401,S,0,64,0.0
D,843544,quiet_post,0.4401,S,0,64,0.0
D,843640,quiet_post,0.4404,U,0,64,0.0
D,843736,quiet_post,0.4405,U,0,64,0.0
D,843831,quiet_post,0.4405,U,0,64,0.0
D,843927,quiet_post,0.4406,U,0,64,0.0
D,844023,quiet_post,0.4406,U,0,64,0.0
D,844119,quiet_post,0.4407,U,0,64,0.0
D,844213,quiet_post,0.4407,U,0,64,0.0
D,844308,quiet_post,0.4408,U,0,64,0.0
D,844404,quiet_post,0.4408,U,0,64,0.0
D,844500,quiet_post,0.4408,U,0,64,0.0
D,844596,quiet_post,0.4409,U,0,64,0.0
D,844692,quiet_post,0.4409,U,0,64,0.0
D,844788,quiet_post,0.4409,S,0,64,0.0
D,844884,quiet_post,0.4409,S,0,64,0.0
D,844980,quiet_post,0.4410,U,0,64,0.0
D,845073,quiet_post,0.4410,S,0,64,0.0
D,845169,quiet_post,0.4410,S,0,64,0.0
D,845265,quiet_post,0.4410,S,0,64,0.0
D,845361,quiet_post,0.4410,S,0,64,0.0
D,845457,quiet_post,0.4410,S,0,64,0.0
D,845553,quiet_post,0.4410,S,0,64,0.0
D,845648,quiet_post,0.4410,S,0,64,0.0
D,845744,quiet_post,0.4411,S,0,64,0.0
D,845840,quiet_post,0.4411,S,0,64,0.0
D,845936,quiet_post,0.4411,S,0,64,0.0
D,846030,quiet_post,0.4411,S,0,64,0.0
D,846126,quiet_post,0.4411,S,0,64,0.0
D,846221,quiet_post,0.4411,S,0,64,0.0
D,846317,quiet_post,0.4411,S,0,64,0.0
D,846413,quiet_post,0.4411,S,0,64,0.0
D,846509,quiet_post,0.4412,S,0,64,0.0
D,846605,quiet_post,0.4412,S,0,64,0.0
D,846701,quiet_post,0.4412,S,0,64,0.0
D,846797,quiet_post,0.4412,S,0,64,0.0
D,846890,quiet_post,0.4412,S,0,64,0.0
D,846986,quiet_post,0.4414,U,0,64,0.0
D,847082,quiet_post,0.4415,U,0,64,0.0
D,847178,quiet_post,0.4415,U,0,64,0.0
D,847274,quiet_post,0.4416,U,0,64,0.0
D,847370,quiet_post,0.4416,U,0,64,0.0
D,847465,quiet_post,0.4417,U,0,64,0.0
D,847561,quiet_post,0.4417,U,0,64,0.0
D,847657,quiet_post,0.4417,U,0,64,0.0
D,847751,quiet_post,0.4418,U,0,64,0.0
D,847847,quiet_post,0.4418,U,0,64,0.0
D,847943,quiet_post,0.4418,S,0,64,0.0
D,848039,quiet_post,0.4418,S,0,64,0.0
D,848134,quiet_post,0.4419,U,0,64,0.0
D,848230,quiet_post,0.4419,S,0,64,0.0
D,848326,quiet_post,0.4419,S,0,64,0.0
D,848422,quiet_post,0.4419,S,0,64,0.0
D,848524,quiet_post,0.4419,S,0,64,0.0
D,848719,quiet_post,0.4420,S,0,64,0.0
D,848899,quiet_post,0.4420,S,0,64,0.0
D,848995,quiet_post,0.4420,S,0,64,0.0
D,849091,quiet_post,0.4420,S,0,64,0.0
D,849187,quiet_post,0.4420,S,0,64,0.0
D,849283,quiet_post,0.4420,S,0,64,0.0
D,849378,quiet_post,0.4420,S,0,64,0.0
D,849474,quiet_post,0.4420,S,0,64,0.0
D,849568,quiet_post,0.4420,S,0,64,0.0
D,849664,quiet_post,0.4420,S,0,64,0.0
D,849760,quiet_post,0.4420,S,0,64,0.0
D,849856,quiet_post,0.4420,S,0,64,0.0
D,849952,quiet_post,0.4420,S,0,64,0.0
D,850048,quiet_post,0.4420,S,0,64,0.0
D,850143,quiet_post,0.4420,S,0,64,0.0
D,850239,quiet_post,0.4420,S,0,64,0.0
D,850335,quiet_post,0.4420,S,0,64,0.0
D,850429,quiet_post,0.4420,S,0,64,0.0
D,850525,quiet_post,0.4420,S,0,64,0.0
D,850621,quiet_post,0.4420,S,0,64,0.0
D,850716,quiet_post,0.4420,S,0,64,0.0
D,850813,quiet_post,0.4420,S,0,64,0.0
D,850908,quiet_post,0.4420,S,0,64,0.0
D,851004,quiet_post,0.4420,S,0,64,0.0
D,851100,quiet_post,0.4420,S,0,64,0.0
D,851196,quiet_post,0.4420,S,0,64,0.0
D,851290,quiet_post,0.4420,S,0,64,0.0
D,851386,quiet_post,0.4420,S,0,64,0.0
D,851482,quiet_post,0.4420,S,0,64,0.0
D,851577,quiet_post,0.4420,S,0,64,0.0
D,851673,quiet_post,0.4420,S,0,64,0.0
D,851769,quiet_post,0.4420,S,0,64,0.0
D,851865,quiet_post,0.4420,S,0,64,0.0
D,851961,quiet_post,0.4420,S,0,64,0.0
D,852056,quiet_post,0.4416,U,0,64,0.0
D,852152,quiet_post,0.4416,U,0,64,0.0
D,852246,quiet_post,0.4415,U,0,64,0.0
D,852342,quiet_post,0.4415,U,0,64,0.0
D,852437,quiet_post,0.4415,U,0,64,0.0
D,852533,quiet_post,0.4414,U,0,64,0.0
D,852629,quiet_post,0.4414,U,0,64,0.0
D,852725,quiet_post,0.4414,S,0,64,0.0
D,852821,quiet_post,0.4414,S,0,64,0.0
D,852917,quiet_post,0.4414,S,0,64,0.0
D,853012,quiet_post,0.4413,S,0,64,0.0
D,853106,quiet_post,0.4413,S,0,64,0.0
D,853202,quiet_post,0.4413,S,0,64,0.0
D,853298,quiet_post,0.4412,U,0,64,0.0
D,853394,quiet_post,0.4412,U,0,64,0.0
D,853490,quiet_post,0.4412,S,0,64,0.0
D,853585,quiet_post,0.4411,U,0,64,0.0
D,853681,quiet_post,0.4411,U,0,64,0.0
D,853777,quiet_post,0.4411,S,0,64,0.0
D,853873,quiet_post,0.4410,U,0,64,0.0
D,853967,quiet_post,0.4410,U,0,64,0.0
D,854063,quiet_post,0.4410,S,0,64,0.0
D,854159,quiet_post,0.4409,U,0,64,0.0
D,854254,quiet_post,0.4409,U,0,64,0.0
D,854350,quiet_post,0.4409,S,0,64,0.0
D,854446,quiet_post,0.4409,S,0,64,0.0
D,854542,quiet_post,0.4409,S,0,64,0.0
D,854638,quiet_post,0.4408,S,0,64,0.0
D,854734,quiet_post,0.4408,S,0,64,0.0
D,854830,quiet_post,0.4408,S,0,64,0.0
D,854923,quiet_post,0.4408,S,0,64,0.0
D,855019,quiet_post,0.4409,S,0,64,0.0
D,855115,quiet_post,0.4409,S,0,64,0.0
D,855211,quiet_post,0.4409,S,0,64,0.0
D,855307,quiet_post,0.4409,S,0,64,0.0
D,855403,quiet_post,0.4409,S,0,64,0.0
D,855499,quiet_post,0.4409,S,0,64,0.0
D,855594,quiet_post,0.4409,S,0,64,0.0
D,855690,quiet_post,0.4409,S,0,64,0.0
D,855784,quiet_post,0.4409,S,0,64,0.0
D,855880,quiet_post,0.4410,S,0,64,0.0
D,855976,quiet_post,0.4410,S,0,64,0.0
D,856072,quiet_post,0.4410,S,0,64,0.0
D,856168,quiet_post,0.4410,S,0,64,0.0
D,856263,quiet_post,0.4410,S,0,64,0.0
D,856359,quiet_post,0.4410,S,0,64,0.0
D,856455,quiet_post,0.4410,S,0,64,0.0
D,856551,quiet_post,0.4410,S,0,64,0.0
D,856645,quiet_post,0.4411,S,0,64,0.0
D,856741,quiet_post,0.4413,U,0,64,0.0
D,856836,quiet_post,0.4413,U,0,64,0.0
D,856932,quiet_post,0.4413,U,0,64,0.0
D,857028,quiet_post,0.4413,U,0,64,0.0
D,857124,quiet_post,0.4413,U,0,64,0.0
D,857220,quiet_post,0.4413,S,0,64,0.0
D,857316,quiet_post,0.4414,S,0,64,0.0
D,857412,quiet_post,0.4414,S,0,64,0.0
D,857507,quiet_post,0.4415,U,0,64,0.0
D,857601,quiet_post,0.4415,U,0,64,0.0
D,857697,quiet_post,0.4415,U,0,64,0.0
D,857793,quiet_post,0.4416,U,0,64,0.0
D,857889,quiet_post,0.4416,U,0,64,0.0
D,857985,quiet_post,0.4416,S,0,64,0.0
D,858080,quiet_post,0.4416,S,0,64,0.0
D,858176,quiet_post,0.4416,S,0,64,0.0
D,858272,quiet_post,0.4416,S,0,64,0.0
D,858368,quiet_post,0.4417,S,0,64,0.0
D,858462,quiet_post,0.4417,S,0,64,0.0
D,858558,quiet_post,0.4417,S,0,64,0.0
D,858653,quiet_post,0.4417,S,0,64,0.0
D,858749,quiet_post,0.4418,U,0,64,0.0
D,858845,quiet_post,0.4418,S,0,64,0.0
D,858941,quiet_post,0.4418,S,0,64,0.0
D,859037,quiet_post,0.4418,S,0,64,0.0
D,859133,quiet_post,0.4418,S,0,64,0.0
D,859229,quiet_post,0.4418,S,0,64,0.0
D,859322,quiet_post,0.4418,S,0,64,0.0
D,859418,quiet_post,0.4418,S,0,64,0.0
D,859514,quiet_post,0.4418,S,0,64,0.0
D,859610,quiet_post,0.4418,S,0,64,0.0
D,859706,quiet_post,0.4418,S,0,64,0.0
D,859802,quiet_post,0.4418,S,0,64,0.0
D,859898,quiet_post,0.4418,S,0,64,0.0
D,859994,quiet_post,0.4418,S,0,64,0.0
D,860089,quiet_post,0.4418,S,0,64,0.0
D,860183,quiet_post,0.4418,S,0,64,0.0
D,860279,quiet_post,0.4418,S,0,64,0.0
D,860375,quiet_post,0.4418,S,0,64,0.0
D,860471,quiet_post,0.4418,S,0,64,0.0
D,860567,quiet_post,0.4418,S,0,64,0.0
D,860662,quiet_post,0.4418,S,0,64,0.0
D,860763,quiet_post,0.4417,S,0,64,0.0
D,860854,quiet_post,0.4417,S,0,64,0.0
D,860950,quiet_post,0.4417,S,0,64,0.0
D,861046,quiet_post,0.4417,S,0,64,0.0
D,861140,quiet_post,0.4417,S,0,64,0.0
D,861235,quiet_post,0.4414,U,0,64,0.0
D,861331,quiet_post,0.4414,U,0,64,0.0
D,861427,quiet_post,0.4413,U,0,64,0.0
D,861523,quiet_post,0.4413,U,0,64,0.0
D,861619,quiet_post,0.4412,U,0,64,0.0
D,861714,quiet_post,0.4412,U,0,64,0.0
D,861811,quiet_post,0.4411,U,0,64,0.0
D,861906,quiet_post,0.4411,U,0,64,0.0
D,862000,quiet_post,0.4410,U,0,64,0.0
D,862096,quiet_post,0.4410,U,0,64,0.0
D,862192,quiet_post,0.4410,U,0,64,0.0
D,862288,quiet_post,0.4409,U,0,64,0.0
D,862383,quiet_post,0.4409,U,0,64,0.0
D,862479,quiet_post,0.4408,U,0,64,0.0
D,862575,quiet_post,0.4408,U,0,64,0.0
D,862671,quiet_post,0.4407,U,0,64,0.0
D,862767,quiet_post,0.4406,U,0,64,0.0
D,862861,quiet_post,0.4406,U,0,64,0.0
D,862957,quiet_post,0.4405,U,0,64,0.0
D,863053,quiet_post,0.4405,U,0,64,0.0
D,863148,quiet_post,0.4405,U,0,64,0.0
D,863244,quiet_post,0.4404,U,0,64,0.0
D,863340,quiet_post,0.4404,U,0,64,0.0
D,863436,quiet_post,0.4404,S,0,64,0.0
D,863532,quiet_post,0.4404,S,0,64,0.0
D,863627,quiet_post,0.4404,S,0,64,0.0
D,863723,quiet_post,0.4404,S,0,64,0.0
D,863817,quiet_post,0.4404,S,0,64,0.0
D,863913,quiet_post,0.4404,S,0,64,0.0
D,864009,quiet_post,0.4405,S,0,64,0.0
D,864105,quiet_post,0.4405,S,0,64,0.0
D,864201,quiet_post,0.4405,S,0,64,0.0
D,864296,quiet_post,0.4405,S,0,64,0.0
D,864392,quiet_post,0.4406,U,0,64,0.0
D,864488,quiet_post,0.4406,S,0,64,0.0
D,864584,quiet_post,0.4406,S,0,64,0.0
D,864678,quiet_post,0.4406,S,0,64,0.0
D,864774,quiet_post,0.4406,S,0,64,0.0
D,864870,quiet_post,0.4406,S,0,64,0.0
D,864966,quiet_post,0.4407,S,0,64,0.0
D,865061,quiet_post,0.4409,U,0,64,0.0
D,865157,quiet_post,0.4409,U,0,64,0.0
D,865253,quiet_post,0.4409,U,0,64,0.0
D,865349,quiet_post,0.4410,U,0,64,0.0
D,865445,quiet_post,0.4410,U,0,64,0.0
D,865539,quiet_post,0.4411,U,0,64,0.0
D,865634,quiet_post,0.4411,U,0,64,0.0
D,865730,quiet_post,0.4411,U,0,64,0.0
D,865826,quiet_post,0.4411,S,0,64,0.0
D,865922,quiet_post,0.4412,U,0,64,0.0
D,866018,quiet_post,0.4412,S,0,64,0.0
D,866114,quiet_post,0.4412,S,0,64,0.0
D,866209,quiet_post,0.4413,U,0,64,0.0
D,866305,quiet_post,0.4413,U,0,64,0.0
D,866401,quiet_post,0.4414,U,0,64,0.0
D,866495,quiet_post,0.4414,U,0,64,0.0
D,866591,quiet_post,0.4414,U,0,64,0.0
D,866686,quiet_post,0.4415,U,0,64,0.0
D,866782,quiet_post,0.4415,U,0,64,0.0
D,866878,quiet_post,0.4415,S,0,64,0.0
D,866974,quiet_post,0.4415,S,0,64,0.0
D,867070,quiet_post,0.4415,S,0,64,0.0
D,867166,quiet_post,0.4415,S,0,64,0.0
D,867262,quiet_post,0.4415,S,0,64,0.0
D,867355,quiet_post,0.4415,S,0,64,0.0
D,867451,quiet_post,0.4415,S,0,64,0.0
D,867547,quiet_post,0.4415,S,0,64,0.0
D,867643,quiet_post,0.4415,S,0,64,0.0
D,867739,quiet_post,0.4415,S,0,64,0.0
D,867835,quiet_post,0.4415,S,0,64,0.0
D,867931,quiet_post,0.4415,S,0,64,0.0
D,868027,quiet_post,0.4415,S,0,64,0.0
D,868122,quiet_post,0.4414,S,0,64,0.0
D,868216,quiet_post,0.4414,S,0,64,0.0
D,868312,quiet_post,0.4414,S,0,64,0.0
D,868408,quiet_post,0.4414,S,0,64,0.0
D,868504,quiet_post,0.4414,S,0,64,0.0
D,868600,quiet_post,0.4414,S,0,64,0.0
D,868695,quiet_post,0.4413,S,0,64,0.0
D,868791,quiet_post,0.4413,S,0,64,0.0
D,868887,quiet_post,0.4413,S,0,64,0.0
D,868983,quiet_post,0.4413,S,0,64,0.0
D,869079,quiet_post,0.4413,S,0,64,0.0
D,869173,quiet_post,0.4413,S,0,64,0.0
D,869269,quiet_post,0.4413,S,0,64,0.0
D,869365,quiet_post,0.4413,S,0,64,0.0
D,869460,quiet_post,0.4413,S,0,64,0.0
D,869556,quiet_post,0.4413,S,0,64,0.0
D,869652,quiet_post,0.4413,S,0,64,0.0
D,869748,quiet_post,0.4413,S,0,64,0.0
D,869844,quiet_post,0.4413,S,0,64,0.0
D,869940,quiet_post,0.4413,S,0,64,0.0
D,870034,quiet_post,0.4413,S,0,64,0.0
D,870129,quiet_post,0.4413,S,0,64,0.0
D,870225,quiet_post,0.4413,S,0,64,0.0
D,870321,quiet_post,0.4417,U,0,64,0.0
D,870417,quiet_post,0.4418,U,0,64,0.0
D,870512,quiet_post,0.4419,U,0,64,0.0
D,870608,quiet_post,0.4420,U,0,64,0.0
D,870704,quiet_post,0.4421,U,0,64,0.0
D,870800,quiet_post,0.4421,U,0,64,0.0
D,870894,quiet_post,0.4422,U,0,64,0.0
D,870990,quiet_post,0.4423,U,0,64,0.0
D,871086,quiet_post,0.4424,U,0,64,0.0
D,871181,quiet_post,0.4425,U,0,64,0.0
D,871277,quiet_post,0.4425,U,0,64,0.0
D,871373,quiet_post,0.4426,U,0,64,0.0
D,871469,quiet_post,0.4427,U,0,64,0.0
D,871565,quiet_post,0.4427,U,0,64,0.0
D,871661,quiet_post,0.4428,U,0,64,0.0
D,871754,quiet_post,0.4428,U,0,64,0.0
D,871850,quiet_post,0.4429,U,0,64,0.0
D,871946,quiet_post,0.4429,U,0,64,0.0
D,872042,quiet_post,0.4429,U,0,64,0.0
D,872138,quiet_post,0.4429,S,0,64,0.0
D,872234,quiet_post,0.4430,U,0,64,0.0
D,872329,quiet_post,0.4430,S,0,64,0.0
D,872425,quiet_post,0.4430,S,0,64,0.0
D,872521,quiet_post,0.4430,S,0,64,0.0
D,872617,quiet_post,0.4430,S,0,64,0.0
D,872711,quiet_post,0.4430,S,0,64,0.0
D,872807,quiet_post,0.4430,S,0,64,0.0
D,872902,quiet_post,0.4430,S,0,64,0.0
D,873003,quiet_post,0.4430,S,0,64,0.0
D,873094,quiet_post,0.4430,S,0,64,0.0
D,873190,quiet_post,0.4430,S,0,64,0.0
D,873286,quiet_post,0.4430,S,0,64,0.0
D,873382,quiet_post,0.4430,S,0,64,0.0
D,873478,quiet_post,0.4430,S,0,64,0.0
D,873572,quiet_post,0.4430,S,0,64,0.0
D,873667,quiet_post,0.4430,S,0,64,0.0
D,873763,quiet_post,0.4430,S,0,64,0.0
D,873859,quiet_post,0.4430,S,0,64,0.0
D,873955,quiet_post,0.4430,S,0,64,0.0
D,874051,quiet_post,0.4429,S,0,64,0.0
D,874147,quiet_post,0.4429,S,0,64,0.0
D,874243,quiet_post,0.4429,S,0,64,0.0
D,874339,quiet_post,0.4429,S,0,64,0.0
D,874432,quiet_post,0.4429,S,0,64,0.0
D,874528,quiet_post,0.4429,S,0,64,0.0
D,874624,quiet_post,0.4429,S,0,64,0.0
D,874720,quiet_post,0.4429,S,0,64,0.0
D,874816,quiet_post,0.4429,S,0,64,0.0
D,874912,quiet_post,0.4429,S,0,64,0.0
D,875007,quiet_post,0.4429,S,0,64,0.0
D,875103,quiet_post,0.4429,S,0,64,0.0
D,875199,quiet_post,0.4429,S,0,64,0.0
D,875295,quiet_post,0.4428,S,0,64,0.0
D,875389,quiet_post,0.4428,S,0,64,0.0
D,875485,quiet_post,0.4428,S,0,64,0.0
D,875581,quiet_post,0.4428,S,0,64,0.0
D,875677,quiet_post,0.4428,S,0,64,0.0
D,875772,quiet_post,0.4428,S,0,64,0.0
D,875868,quiet_post,0.4428,S,0,64,0.0
D,875964,quiet_post,0.4428,S,0,64,0.0
D,876060,quiet_post,0.4428,S,0,64,0.0
D,876156,quiet_post,0.4428,S,0,64,0.0
D,876250,quiet_post,0.4428,S,0,64,0.0
D,876346,quiet_post,0.4428,S,0,64,0.0
D,876441,quiet_post,0.4428,S,0,64,0.0
D,876537,quiet_post,0.4427,S,0,64,0.0
D,876633,quiet_post,0.4427,S,0,64,0.0
D,876729,quiet_post,0.4427,S,0,64,0.0
D,876825,quiet_post,0.4427,S,0,64,0.0
D,876921,quiet_post,0.4427,S,0,64,0.0
D,877017,quiet_post,0.4427,S,0,64,0.0
D,877111,quiet_post,0.4427,S,0,64,0.0
D,877206,quiet_post,0.4427,S,0,64,0.0
D,877302,quiet_post,0.4427,S,0,64,0.0
D,877398,quiet_post,0.4427,S,0,64,0.0
D,877494,quiet_post,0.4427,S,0,64,0.0
D,877590,quiet_post,0.4427,S,0,64,0.0
D,877686,quiet_post,0.4427,S,0,64,0.0
D,877782,quiet_post,0.4427,S,0,64,0.0
D,877877,quiet_post,0.4427,S,0,64,0.0
D,877973,quiet_post,0.4427,S,0,64,0.0
D,878067,quiet_post,0.4426,S,0,64,0.0
D,878163,quiet_post,0.4426,S,0,64,0.0
D,878259,quiet_post,0.4426,S,0,64,0.0
D,878355,quiet_post,0.4426,S,0,64,0.0
D,878451,quiet_post,0.4426,S,0,64,0.0
D,878547,quiet_post,0.4426,S,0,64,0.0
D,878642,quiet_post,0.4426,S,0,64,0.0
D,878738,quiet_post,0.4426,S,0,64,0.0
D,878834,quiet_post,0.4426,S,0,64,0.0
D,878928,quiet_post,0.4425,S,0,64,0.0
D,879024,quiet_post,0.4425,S,0,64,0.0
D,879119,quiet_post,0.4425,S,0,64,0.0
D,879215,quiet_post,0.4425,S,0,64,0.0
D,879311,quiet_post,0.4425,S,0,64,0.0
D,879407,quiet_post,0.4425,S,0,64,0.0
D,879503,quiet_post,0.4425,S,0,64,0.0
D,879599,quiet_post,0.4425,S,0,64,0.0
D,879695,quiet_post,0.4425,S,0,64,0.0
D,879788,quiet_post,0.4425,S,0,64,0.0
D,879884,quiet_post,0.4425,S,0,64,0.0
D,879980,quiet_post,0.4425,S,0,64,0.0
D,880076,quiet_post,0.4425,S,0,64,0.0
D,880172,quiet_post,0.4425,S,0,64,0.0
D,880268,quiet_post,0.4425,S,0,64,0.0
D,880363,quiet_post,0.4428,U,0,64,0.0
D,880458,quiet_post,0.4428,U,0,64,0.0
D,880554,quiet_post,0.4429,U,0,64,0.0
D,880650,quiet_post,0.4429,U,0,64,0.0
D,880744,quiet_post,0.4429,U,0,64,0.0
D,880840,quiet_post,0.4430,U,0,64,0.0
D,880936,quiet_post,0.4430,U,0,64,0.0
D,881032,quiet_post,0.4430,S,0,64,0.0
D,881127,quiet_post,0.4431,U,0,64,0.0
D,881223,quiet_post,0.4431,U,0,64,0.0
D,881319,quiet_post,0.4432,U,0,64,0.0
D,881415,quiet_post,0.4432,U,0,64,0.0
D,881511,quiet_post,0.4433,U,0,64,0.0
D,881605,quiet_post,0.4433,U,0,64,0.0
D,881700,quiet_post,0.4433,U,0,64,0.0
D,881796,quiet_post,0.4434,U,0,64,0.0
D,881892,quiet_post,0.4434,U,0,64,0.0
D,881988,quiet_post,0.4434,S,0,64,0.0
D,882084,quiet_post,0.4435,U,0,64,0.0
D,882180,quiet_post,0.4435,U,0,64,0.0
D,882276,quiet_post,0.4435,S,0,64,0.0
D,882371,quiet_post,0.4435,S,0,64,0.0
D,882465,quiet_post,0.4435,S,0,64,0.0
D,882561,quiet_post,0.4435,S,0,64,0.0
D,882657,quiet_post,0.4435,S,0,64,0.0
D,882753,quiet_post,0.4435,S,0,64,0.0
D,882849,quiet_post,0.4435,S,0,64,0.0
D,882944,quiet_post,0.4435,S,0,64,0.0
D,883040,quiet_post,0.4435,S,0,64,0.0
D,883136,quiet_post,0.4435,S,0,64,0.0
D,883232,quiet_post,0.4435,S,0,64,0.0
D,883328,quiet_post,0.4435,S,0,64,0.0
D,883422,quiet_post,0.4435,S,0,64,0.0
D,883518,quiet_post,0.4435,S,0,64,0.0
D,883613,quiet_post,0.4435,S,0,64,0.0
D,883709,quiet_post,0.4435,S,0,64,0.0
D,883805,quiet_post,0.4435,S,0,64,0.0
D,883901,quiet_post,0.4435,S,0,64,0.0
D,883997,quiet_post,0.4435,S,0,64,0.0
D,884093,quiet_post,0.4435,S,0,64,0.0
D,884189,quiet_post,0.4435,S,0,64,0.0
D,884282,quiet_post,0.4435,S,0,64,0.0
D,884378,quiet_post,0.4435,S,0,64,0.0
D,884474,quiet_post,0.4435,S,0,64,0.0
D,884570,quiet_post,0.4435,S,0,64,0.0
D,884666,quiet_post,0.4435,S,0,64,0.0
D,884762,quiet_post,0.4435,S,0,64,0.0
D,884858,quiet_post,0.4436,S,0,64,0.0
D,884954,quiet_post,0.4436,S,0,64,0.0
D,885049,quiet_post,0.4436,S,0,64,0.0
D,885143,quiet_post,0.4439,U,0,64,0.0
D,885250,quiet_post,0.4440,U,0,64,0.0
D,885430,quiet_post,0.4441,U,0,64,0.0
D,885526,quiet_post,0.4441,U,0,64,0.0
D,885622,quiet_post,0.4441,U,0,64,0.0
D,885718,quiet_post,0.4441,S,0,64,0.0
D,885814,quiet_post,0.4442,U,0,64,0.0
D,885910,quiet_post,0.4442,S,0,64,0.0
D,886005,quiet_post,0.4442,S,0,64,0.0
D,886099,quiet_post,0.4442,S,0,64,0.0
D,886195,quiet_post,0.4442,S,0,64,0.0
D,886291,quiet_post,0.4442,S,0,64,0.0
D,886387,quiet_post,0.4442,S,0,64,0.0
D,886483,quiet_post,0.4442,S,0,64,0.0
D,886579,quiet_post,0.4441,S,0,64,0.0
D,886674,quiet_post,0.4441,S,0,64,0.0
D,886770,quiet_post,0.4441,S,0,64,0.0
D,886866,quiet_post,0.4441,S,0,64,0.0
D,886960,quiet_post,0.4441,S,0,64,0.0
D,887056,quiet_post,0.4441,S,0,64,0.0
D,887152,quiet_post,0.4441,S,0,64,0.0
D,887248,quiet_post,0.4441,S,0,64,0.0
D,887344,quiet_post,0.4441,S,0,64,0.0
D,887439,quiet_post,0.4441,S,0,64,0.0
D,887535,quiet_post,0.4440,S,0,64,0.0
D,887631,quiet_post,0.4440,S,0,64,0.0
D,887727,quiet_post,0.4440,S,0,64,0.0
D,887821,quiet_post,0.4440,S,0,64,0.0
D,887917,quiet_post,0.4440,S,0,64,0.0
D,888013,quiet_post,0.4440,S,0,64,0.0
D,888108,quiet_post,0.4440,S,0,64,0.0
D,888204,quiet_post,0.4440,S,0,64,0.0
D,888300,quiet_post,0.4440,S,0,64,0.0
D,888396,quiet_post,0.4440,S,0,64,0.0
D,888492,quiet_post,0.4440,S,0,64,0.0
D,888588,quiet_post,0.4439,S,0,64,0.0
D,888682,quiet_post,0.4439,S,0,64,0.0
D,888778,quiet_post,0.4439,S,0,64,0.0
D,888873,quiet_post,0.4439,S,0,64,0.0
D,888969,quiet_post,0.4439,S,0,64,0.0
D,889065,quiet_post,0.4439,S,0,64,0.0
D,889161,quiet_post,0.4439,S,0,64,0.0
D,889257,quiet_post,0.4439,S,0,64,0.0
D,889353,quiet_post,0.4439,S,0,64,0.0
D,889448,quiet_post,0.4440,S,0,64,0.0
D,889544,quiet_post,0.4440,S,0,64,0.0
D,889638,quiet_post,0.4440,S,0,64,0.0
D,889734,quiet_post,0.4440,S,0,64,0.0
D,889829,quiet_post,0.4443,U,0,64,0.0
D,889925,quiet_post,0.4444,U,0,64,0.0
D,890021,quiet_post,0.4444,U,0,64,0.0
D,890117,quiet_post,0.4445,U,0,64,0.0
D,890213,quiet_post,0.4445,U,0,64,0.0
D,890309,quiet_post,0.4446,U,0,64,0.0
D,890404,quiet_post,0.4446,U,0,64,0.0
D,890498,quiet_post,0.4447,U,0,64,0.0
D,890594,quiet_post,0.4447,U,0,64,0.0
D,890690,quiet_post,0.4447,U,0,64,0.0
D,890786,quiet_post,0.4447,S,0,64,0.0
D,890882,quiet_post,0.4447,S,0,64,0.0
D,890977,quiet_post,0.4447,S,0,64,0.0
D,891073,quiet_post,0.4447,S,0,64,0.0
D,891169,quiet_post,0.4447,S,0,64,0.0
D,891265,quiet_post,0.4448,S,0,64,0.0
D,891359,quiet_post,0.4448,S,0,64,0.0
D,891455,quiet_post,0.4448,S,0,64,0.0
D,891551,quiet_post,0.4447,S,0,64,0.0
D,891647,quiet_post,0.4447,S,0,64,0.0
D,891742,quiet_post,0.4447,S,0,64,0.0
D,891838,quiet_post,0.4447,S,0,64,0.0
D,891934,quiet_post,0.4447,S,0,64,0.0
D,892030,quiet_post,0.4447,S,0,64,0.0
D,892126,quiet_post,0.4447,S,0,64,0.0
D,892222,quiet_post,0.4447,S,0,64,0.0
D,892315,quiet_post,0.4447,S,0,64,0.0
D,892411,quiet_post,0.4447,S,0,64,0.0
D,892507,quiet_post,0.4447,S,0,64,0.0
D,892603,quiet_post,0.4447,S,0,64,0.0
D,892699,quiet_post,0.4447,S,0,64,0.0
D,892795,quiet_post,0.4447,S,0,64,0.0
D,892891,quiet_post,0.4447,S,0,64,0.0
D,892986,quiet_post,0.4447,S,0,64,0.0
D,893082,quiet_post,0.4447,S,0,64,0.0
D,893176,quiet_post,0.4447,S,0,64,0.0
D,893272,quiet_post,0.4448,S,0,64,0.0
D,893368,quiet_post,0.4448,S,0,64,0.0
D,893464,quiet_post,0.4453,U,0,64,0.0
D,893559,quiet_post,0.4453,U,0,64,0.0
D,893655,quiet_post,0.4454,U,0,64,0.0
D,893751,quiet_post,0.4455,U,0,64,0.0
D,893847,quiet_post,0.4456,U,0,64,0.0
D,893943,quiet_post,0.4457,U,0,64,0.0
D,894037,quiet_post,0.4458,U,0,64,0.0
D,894133,quiet_post,0.4459,U,0,64,0.0
D,894228,quiet_post,0.4460,U,0,64,0.0
D,894324,quiet_post,0.4460,U,0,64,0.0
D,894420,quiet_post,0.4461,U,0,64,0.0
D,894516,quiet_post,0.4461,U,0,64,0.0
D,894612,quiet_post,0.4462,U,0,64,0.0
D,894708,quiet_post,0.4462,U,0,64,0.0
D,894803,quiet_post,0.4462,U,0,64,0.0
D,894899,quiet_post,0.4462,S,0,64,0.0
D,894993,quiet_post,0.4462,S,0,64,0.0
D,895089,quiet_post,0.4462,S,0,64,0.0
D,895185,quiet_post,0.4462,S,0,64,0.0
D,895281,quiet_post,0.4462,S,0,64,0.0
D,895376,quiet_post,0.4462,S,0,64,0.0
D,895472,quiet_post,0.4462,S,0,64,0.0
D,895568,quiet_post,0.4462,S,0,64,0.0
D,895664,quiet_post,0.4462,S,0,64,0.0
D,895760,quiet_post,0.4462,S,0,64,0.0
D,895854,quiet_post,0.4463,S,0,64,0.0
D,895949,quiet_post,0.4463,S,0,64,0.0
D,896045,quiet_post,0.4463,S,0,64,0.0
D,896141,quiet_post,0.4463,S,0,64,0.0
D,896237,quiet_post,0.4463,S,0,64,0.0
D,896333,quiet_post,0.4463,S,0,64,0.0
D,896429,quiet_post,0.4464,S,0,64,0.0
D,896525,quiet_post,0.4464,S,0,64,0.0
D,896621,quiet_post,0.4464,S,0,64,0.0
D,896715,quiet_post,0.4464,S,0,64,0.0
D,896810,quiet_post,0.4464,S,0,64,0.0
D,896906,quiet_post,0.4465,S,0,64,0.0
D,897002,quiet_post,0.4465,S,0,64,0.0
D,897098,quiet_post,0.4467,U,0,64,0.0
D,897194,quiet_post,0.4467,U,0,64,0.0
D,897289,quiet_post,0.4467,U,0,64,0.0
D,897385,quiet_post,0.4467,U,0,64,0.0
D,897481,quiet_post,0.4467,U,0,64,0.0
D,897583,quiet_post,0.4468,S,0,64,0.0
D,897778,quiet_post,0.4468,S,0,64,0.0
D,897958,quiet_post,0.4469,U,0,64,0.0
D,898054,quiet_post,0.4469,S,0,64,0.0
D,898150,quiet_post,0.4469,S,0,64,0.0
D,898246,quiet_post,0.4469,S,0,64,0.0
D,898342,quiet_post,0.4469,S,0,64,0.0
D,898437,quiet_post,0.4470,S,0,64,0.0
D,898531,quiet_post,0.4470,S,0,64,0.0
D,898627,quiet_post,0.4470,S,0,64,0.0
D,898723,quiet_post,0.4470,S,0,64,0.0
D,898819,quiet_post,0.4470,S,0,64,0.0
D,898915,quiet_post,0.4470,S,0,64,0.0
D,899011,quiet_post,0.4470,S,0,64,0.0
D,899107,quiet_post,0.4471,S,0,64,0.0
D,899203,quiet_post,0.4471,S,0,64,0.0
D,899298,quiet_post,0.4471,S,0,64,0.0
D,899392,quiet_post,0.4471,S,0,64,0.0
D,899488,quiet_post,0.4471,S,0,64,0.0
D,899584,quiet_post,0.4471,S,0,64,0.0
D,899680,quiet_post,0.4471,S,0,64,0.0
D,899776,quiet_post,0.4471,S,0,64,0.0
D,899871,quiet_post,0.4471,S,0,64,0.0
D,899968,quiet_post,0.4471,S,0,64,0.0
D,900063,quiet_post,0.4471,S,0,64,0.0
D,900159,quiet_post,0.4471,S,0,64,0.0
D,900253,quiet_post,0.4470,S,0,64,0.0
D,900349,quiet_post,0.4470,S,0,64,0.0
D,900445,quiet_post,0.4470,S,0,64,0.0
D,900540,quiet_post,0.4470,S,0,64,0.0
D,900636,quiet_post,0.4470,S,0,64,0.0
D,900732,quiet_post,0.4470,S,0,64,0.0
D,900828,quiet_post,0.4470,S,0,64,0.0
D,900924,quiet_post,0.4470,S,0,64,0.0
D,901020,quiet_post,0.4470,S,0,64,0.0
D,901116,quiet_post,0.4470,S,0,64,0.0
D,901210,quiet_post,0.4470,S,0,64,0.0
D,901305,quiet_post,0.4470,S,0,64,0.0
D,901401,quiet_post,0.4470,S,0,64,0.0
D,901497,quiet_post,0.4470,S,0,64,0.0
D,901593,quiet_post,0.4470,S,0,64,0.0
D,901689,quiet_post,0.4470,S,0,64,0.0
D,901785,quiet_post,0.4470,S,0,64,0.0
D,901880,quiet_post,0.4475,U,0,64,0.0
D,901976,quiet_post,0.4475,U,0,64,0.0
D,902070,quiet_post,0.4476,U,0,64,0.0
D,902165,quiet_post,0.4476,U,0,64,0.0
D,902262,quiet_post,0.4477,U,0,64,0.0
D,902357,quiet_post,0.4477,U,0,64,0.0
D,902453,quiet_post,0.4477,U,0,64,0.0
D,902549,quiet_post,0.4477,S,0,64,0.0
D,902645,quiet_post,0.4478,U,0,64,0.0
D,902741,quiet_post,0.4478,S,0,64,0.0
D,902836,quiet_post,0.4478,S,0,64,0.0
D,902930,quiet_post,0.4478,S,0,64,0.0
D,903026,quiet_post,0.4478,S,0,64,0.0
D,903122,quiet_post,0.4479,S,0,64,0.0
D,903218,quiet_post,0.4479,S,0,64,0.0
D,903314,quiet_post,0.4479,S,0,64,0.0
D,903409,quiet_post,0.4479,S,0,64,0.0
D,903505,quiet_post,0.4479,S,0,64,0.0
D,903601,quiet_post,0.4479,S,0,64,0.0
D,903697,quiet_post,0.4479,S,0,64,0.0
D,903793,quiet_post,0.4479,S,0,64,0.0
D,903887,quiet_post,0.4479,S,0,64,0.0
D,903983,quiet_post,0.4479,S,0,64,0.0
D,904079,quiet_post,0.4479,S,0,64,0.0
D,904174,quiet_post,0.4479,S,0,64,0.0
D,904270,quiet_post,0.4479,S,0,64,0.0
D,904366,quiet_post,0.4479,S,0,64,0.0
D,904462,quiet_post,0.4479,S,0,64,0.0
D,904558,quiet_post,0.4479,S,0,64,0.0
D,904654,quiet_post,0.4479,S,0,64,0.0
D,904748,quiet_post,0.4479,S,0,64,0.0
D,904844,quiet_post,0.4479,S,0,64,0.0
D,904939,quiet_post,0.4479,S,0,64,0.0
D,905035,quiet_post,0.4479,S,0,64,0.0
D,905131,quiet_post,0.4479,S,0,64,0.0
D,905227,quiet_post,0.4479,S,0,64,0.0
D,905323,quiet_post,0.4479,S,0,64,0.0
D,905419,quiet_post,0.4479,S,0,64,0.0
D,905515,quiet_post,0.4478,S,0,64,0.0
D,905608,quiet_post,0.4478,S,0,64,0.0
D,905704,quiet_post,0.4478,S,0,64,0.0
D,905800,quiet_post,0.4478,S,0,64,0.0
D,905896,quiet_post,0.4478,S,0,64,0.0
D,905992,quiet_post,0.4478,S,0,64,0.0
D,906088,quiet_post,0.4478,S,0,64,0.0
D,906183,quiet_post,0.4479,S,0,64,0.0
D,906280,quiet_post,0.4479,S,0,64,0.0
D,906375,quiet_post,0.4479,S,0,64,0.0
D,906471,quiet_post,0.4479,S,0,64,0.0
D,906565,quiet_post,0.4479,S,0,64,0.0
D,906661,quiet_post,0.4479,S,0,64,0.0
D,906757,quiet_post,0.4479,S,0,64,0.0
D,906853,quiet_post,0.4479,S,0,64,0.0
D,906948,quiet_post,0.4483,U,0,64,0.0
D,907044,quiet_post,0.4483,U,0,64,0.0
D,907140,quiet_post,0.4484,U,0,64,0.0
D,907235,quiet_post,0.4484,U,0,64,0.0
D,907331,quiet_post,0.4485,U,0,64,0.0
D,907425,quiet_post,0.4485,U,0,64,0.0
D,907521,quiet_post,0.4486,U,0,64,0.0
D,907617,quiet_post,0.4486,U,0,64,0.0
D,907713,quiet_post,0.4486,U,0,64,0.0
D,907808,quiet_post,0.4486,S,0,64,0.0
D,907904,quiet_post,0.4487,U,0,64,0.0
D,908000,quiet_post,0.4487,S,0,64,0.0
D,908096,quiet_post,0.4487,S,0,64,0.0
D,908192,quiet_post,0.4487,S,0,64,0.0
D,908286,quiet_post,0.4487,S,0,64,0.0
D,908382,quiet_post,0.4488,S,0,64,0.0
D,908477,quiet_post,0.4488,S,0,64,0.0
D,908573,quiet_post,0.4488,S,0,64,0.0
D,908669,quiet_post,0.4488,S,0,64,0.0
D,908765,quiet_post,0.4488,S,0,64,0.0
D,908861,quiet_post,0.4488,S,0,64,0.0
D,908957,quiet_post,0.4488,S,0,64,0.0
D,909052,quiet_post,0.4488,S,0,64,0.0
D,909149,quiet_post,0.4488,S,0,64,0.0
D,909242,quiet_post,0.4488,S,0,64,0.0
D,909338,quiet_post,0.4488,S,0,64,0.0
D,909434,quiet_post,0.4488,S,0,64,0.0
D,909530,quiet_post,0.4488,S,0,64,0.0
D,909626,quiet_post,0.4488,S,0,64,0.0
D,909721,quiet_post,0.4488,S,0,64,0.0
D,909822,quiet_post,0.4488,S,0,64,0.0
D,909913,quiet_post,0.4488,S,0,64,0.0
D,910009,quiet_post,0.4488,S,0,64,0.0
D,910103,quiet_post,0.4488,S,0,64,0.0
D,910199,quiet_post,0.4488,S,0,64,0.0
D,910295,quiet_post,0.4488,S,0,64,0.0
D,910391,quiet_post,0.4488,S,0,64,0.0
D,910486,quiet_post,0.4488,S,0,64,0.0
D,910582,quiet_post,0.4489,S,0,64,0.0
D,910678,quiet_post,0.4489,S,0,64,0.0
D,910774,quiet_post,0.4489,S,0,64,0.0
D,910870,quiet_post,0.4489,S,0,64,0.0
D,910964,quiet_post,0.4489,S,0,64,0.0
D,911059,quiet_post,0.4492,U,0,64,0.0
D,911155,quiet_post,0.4493,U,0,64,0.0
D,911251,quiet_post,0.4494,U,0,64,0.0
D,911347,quiet_post,0.4494,U,0,64,0.0
D,911443,quiet_post,0.4495,U,0,64,0.0
D,911538,quiet_post,0.4496,U,0,64,0.0
D,911634,quiet_post,0.4496,U,0,64,0.0
D,911730,quiet_post,0.4497,U,0,64,0.0
D,911826,quiet_post,0.4497,U,0,64,0.0
D,911920,quiet_post,0.4498,U,0,64,0.0
D,912016,quiet_post,0.4498,U,0,64,0.0
D,912111,quiet_post,0.4499,U,0,64,0.0
D,912207,quiet_post,0.4499,U,0,64,0.0
D,912303,quiet_post,0.4499,U,0,64,0.0
D,912398,quiet_post,0.4500,U,0,64,0.0
D,912494,quiet_post,0.4500,U,0,64,0.0
D,912590,quiet_post,0.4500,S,0,64,0.0
D,912687,quiet_post,0.4501,U,0,64,0.0
D,912780,quiet_post,0.4501,U,0,64,0.0
D,912876,quiet_post,0.4501,S,0,64,0.0
D,912972,quiet_post,0.4501,S,0,64,0.0
D,913068,quiet_post,0.4501,S,0,64,0.0
D,913164,quiet_post,0.4501,S,0,64,0.0
D,913260,quiet_post,0.4501,S,0,64,0.0
D,913356,quiet_post,0.4501,S,0,64,0.0
D,913451,quiet_post,0.4501,S,0,64,0.0
D,913547,quiet_post,0.4502,S,0,64,0.0
D,913641,quiet_post,0.4502,S,0,64,0.0
D,913737,quiet_post,0.4502,S,0,64,0.0
D,913833,quiet_post,0.4502,S,0,64,0.0
D,913929,quiet_post,0.4503,U,0,64,0.0
D,914025,quiet_post,0.4503,S,0,64,0.0
D,914120,quiet_post,0.4503,S,0,64,0.0
D,914216,quiet_post,0.4504,U,0,64,0.0
D,914312,quiet_post,0.4505,U,0,64,0.0
D,914408,quiet_post,0.4505,U,0,64,0.0
D,914504,quiet_post,0.4506,U,0,64,0.0
D,914598,quiet_post,0.4506,U,0,64,0.0
D,914694,quiet_post,0.4507,U,0,64,0.0
D,914789,quiet_post,0.4507,U,0,64,0.0
D,914885,quiet_post,0.4508,U,0,64,0.0
D,914981,quiet_post,0.4509,U,0,64,0.0
D,915077,quiet_post,0.4509,U,0,64,0.0
D,915173,quiet_post,0.4510,U,0,64,0.0
D,915268,quiet_post,0.4510,U,0,64,0.0
D,915364,quiet_post,0.4510,U,0,64,0.0
D,915458,quiet_post,0.4510,S,0,64,0.0
D,915554,quiet_post,0.4510,S,0,64,0.0
D,915650,quiet_post,0.4510,S,0,64,0.0
D,915746,quiet_post,0.4510,S,0,64,0.0
D,915842,quiet_post,0.4510,S,0,64,0.0
D,915937,quiet_post,0.4510,S,0,64,0.0
D,916033,quiet_post,0.4510,S,0,64,0.0
D,916129,quiet_post,0.4510,S,0,64,0.0
D,916225,quiet_post,0.4510,S,0,64,0.0
D,916319,quiet_post,0.4510,S,0,64,0.0
D,916415,quiet_post,0.4510,S,0,64,0.0
D,916511,quiet_post,0.4510,S,0,64,0.0
D,916606,quiet_post,0.4510,S,0,64,0.0
D,916702,quiet_post,0.4510,S,0,64,0.0
D,916798,quiet_post,0.4510,S,0,64,0.0
D,916894,quiet_post,0.4509,S,0,64,0.0
D,916990,quiet_post,0.4509,S,0,64,0.0
D,917086,quiet_post,0.4509,S,0,64,0.0
D,917180,quiet_post,0.4509,S,0,64,0.0
D,917275,quiet_post,0.4509,S,0,64,0.0
D,917371,quiet_post,0.4509,S,0,64,0.0
D,917467,quiet_post,0.4509,S,0,64,0.0
D,917563,quiet_post,0.4509,S,0,64,0.0
D,917659,quiet_post,0.4509,S,0,64,0.0
D,917755,quiet_post,0.4509,S,0,64,0.0
D,917851,quiet_post,0.4509,S,0,64,0.0
D,917946,quiet_post,0.4510,S,0,64,0.0
D,918042,quiet_post,0.4510,S,0,64,0.0
D,918136,quiet_post,0.4510,S,0,64,0.0
D,918232,quiet_post,0.4510,S,0,64,0.0
D,918328,quiet_post,0.4510,S,0,64,0.0
D,918424,quiet_post,0.4510,S,0,64,0.0
D,918520,quiet_post,0.4510,S,0,64,0.0
D,918615,quiet_post,0.4510,S,0,64,0.0
D,918712,quiet_post,0.4510,S,0,64,0.0
D,918807,quiet_post,0.4510,S,0,64,0.0
D,918903,quiet_post,0.4510,S,0,64,0.0
D,918997,quiet_post,0.4510,S,0,64,0.0
D,919093,quiet_post,0.4510,S,0,64,0.0
D,919189,quiet_post,0.4510,S,0,64,0.0
D,919285,quiet_post,0.4510,S,0,64,0.0
D,919381,quiet_post,0.4510,S,0,64,0.0
D,919476,quiet_post,0.4510,S,0,64,0.0
D,919572,quiet_post,0.4510,S,0,64,0.0
D,919668,quiet_post,0.4510,S,0,64,0.0
D,919764,quiet_post,0.4510,S,0,64,0.0
D,919858,quiet_post,0.4510,S,0,64,0.0
D,919954,quiet_post,0.4510,S,0,64,0.0
D,920050,quiet_post,0.4510,S,0,64,0.0
D,920145,quiet_post,0.4510,S,0,64,0.0
D,920241,quiet_post,0.4510,S,0,64,0.0
D,920337,quiet_post,0.4510,S,0,64,0.0
D,920433,quiet_post,0.4510,S,0,64,0.0
D,920529,quiet_post,0.4510,S,0,64,0.0
D,920625,quiet_post,0.4510,S,0,64,0.0
D,920721,quiet_post,0.4510,S,0,64,0.0
D,920815,quiet_post,0.4510,S,0,64,0.0
D,920910,quiet_post,0.4510,S,0,64,0.0
D,921006,quiet_post,0.4510,S,0,64,0.0
D,921102,quiet_post,0.4510,S,0,64,0.0
D,921198,quiet_post,0.4510,S,0,64,0.0
D,921294,quiet_post,0.4510,S,0,64,0.0
D,921390,quiet_post,0.4510,S,0,64,0.0
D,921485,quiet_post,0.4510,S,0,64,0.0
D,921581,quiet_post,0.4510,S,0,64,0.0
D,921675,quiet_post,0.4510,S,0,64,0.0
D,921771,quiet_post,0.4510,S,0,64,0.0
D,921867,quiet_post,0.4510,S,0,64,0.0
D,921963,quiet_post,0.4510,S,0,64,0.0
D,922064,quiet_post,0.4510,S,0,64,0.0
D,922154,quiet_post,0.4510,S,0,64,0.0
D,922250,quiet_post,0.4510,S,0,64,0.0
D,922346,quiet_post,0.4510,S,0,64,0.0
D,922442,quiet_post,0.4510,S,0,64,0.0
D,922536,quiet_post,0.4510,S,0,64,0.0
D,922632,quiet_post,0.4510,S,0,64,0.0
D,922727,quiet_post,0.4510,S,0,64,0.0
D,922823,quiet_post,0.4510,S,0,64,0.0
D,922919,quiet_post,0.4510,S,0,64,0.0
D,923015,quiet_post,0.4510,S,0,64,0.0
D,923111,quiet_post,0.4510,S,0,64,0.0
D,923207,quiet_post,0.4510,S,0,64,0.0
D,923302,quiet_post,0.4510,S,0,64,0.0
D,923398,quiet_post,0.4510,S,0,64,0.0
D,923492,quiet_post,0.4510,S,0,64,0.0
D,923588,quiet_post,0.4510,S,0,64,0.0
D,923684,quiet_post,0.4510,S,0,64,0.0
D,923780,quiet_post,0.4510,S,0,64,0.0
D,923876,quiet_post,0.4510,S,0,64,0.0
D,923971,quiet_post,0.4509,S,0,64,0.0
D,924067,quiet_post,0.4509,S,0,64,0.0
D,924163,quiet_post,0.4509,S,0,64,0.0
D,924259,quiet_post,0.4509,S,0,64,0.0
D,924353,quiet_post,0.4509,S,0,64,0.0
D,924449,quiet_post,0.4509,S,0,64,0.0
D,924545,quiet_post,0.4509,S,0,64,0.0
D,924641,quiet_post,0.4509,S,0,64,0.0
D,924736,quiet_post,0.4509,S,0,64,0.0
D,924832,quiet_post,0.4509,S,0,64,0.0
D,924928,quiet_post,0.4509,S,0,64,0.0
D,925024,quiet_post,0.4509,S,0,64,0.0
D,925120,quiet_post,0.4509,S,0,64,0.0
D,925213,quiet_post,0.4509,S,0,64,0.0
D,925309,quiet_post,0.4509,S,0,64,0.0
D,925405,quiet_post,0.4509,S,0,64,0.0
D,925501,quiet_post,0.4509,S,0,64,0.0
D,925597,quiet_post,0.4509,S,0,64,0.0
D,925693,quiet_post,0.4509,S,0,64,0.0
D,925788,quiet_post,0.4509,S,0,64,0.0
D,925885,quiet_post,0.4509,S,0,64,0.0
D,925979,quiet_post,0.4514,U,0,64,0.0
D,926075,quiet_post,0.4515,U,0,64,0.0
D,926169,quiet_post,0.4515,U,0,64,0.0
D,926265,quiet_post,0.4516,U,0,64,0.0
D,926361,quiet_post,0.4517,U,0,64,0.0
D,926456,quiet_post,0.4517,U,0,64,0.0
D,926552,quiet_post,0.4518,U,0,64,0.0
D,926648,quiet_post,0.4518,U,0,64,0.0
D,926744,quiet_post,0.4518,U,0,64,0.0
D,926840,quiet_post,0.4518,S,0,64,0.0
D,926936,quiet_post,0.4519,U,0,64,0.0
D,927030,quiet_post,0.4519,S,0,64,0.0
D,927125,quiet_post,0.4519,S,0,64,0.0
D,927221,quiet_post,0.4519,S,0,64,0.0
D,927317,quiet_post,0.4519,S,0,64,0.0
D,927413,quiet_post,0.4519,S,0,64,0.0
D,927509,quiet_post,0.4519,S,0,64,0.0
D,927605,quiet_post,0.4519,S,0,64,0.0
D,927701,quiet_post,0.4519,S,0,64,0.0
D,927796,quiet_post,0.4519,S,0,64,0.0
D,927890,quiet_post,0.4519,S,0,64,0.0
D,927986,quiet_post,0.4519,S,0,64,0.0
D,928082,quiet_post,0.4519,S,0,64,0.0
D,928178,quiet_post,0.4519,S,0,64,0.0
D,928274,quiet_post,0.4519,S,0,64,0.0
D,928369,quiet_post,0.4519,S,0,64,0.0
D,928465,quiet_post,0.4519,S,0,64,0.0
D,928561,quiet_post,0.4519,S,0,64,0.0
D,928657,quiet_post,0.4519,S,0,64,0.0
D,928753,quiet_post,0.4519,S,0,64,0.0
D,928847,quiet_post,0.4519,S,0,64,0.0
D,928943,quiet_post,0.4519,S,0,64,0.0
D,929039,quiet_post,0.4519,S,0,64,0.0
D,929134,quiet_post,0.4519,S,0,64,0.0
D,929230,quiet_post,0.4519,S,0,64,0.0
D,929326,quiet_post,0.4519,S,0,64,0.0
D,929422,quiet_post,0.4519,S,0,64,0.0
D,929518,quiet_post,0.4519,S,0,64,0.0
D,929614,quiet_post,0.4519,S,0,64,0.0
D,929708,quiet_post,0.4519,S,0,64,0.0
D,929803,quiet_post,0.4519,S,0,64,0.0
D,929899,quiet_post,0.4519,S,0,64,0.0
D,929995,quiet_post,0.4519,S,0,64,0.0
D,930091,quiet_post,0.4519,S,0,64,0.0
D,930187,quiet_post,0.4519,S,0,64,0.0
D,930283,quiet_post,0.4519,S,0,64,0.0
D,930379,quiet_post,0.4519,S,0,64,0.0
D,930474,quiet_post,0.4519,S,0,64,0.0
D,930568,quiet_post,0.4519,S,0,64,0.0
D,930664,quiet_post,0.4519,S,0,64,0.0
D,930760,quiet_post,0.4519,S,0,64,0.0
D,930856,quiet_post,0.4519,S,0,64,0.0
D,930952,quiet_post,0.4519,S,0,64,0.0
D,931048,quiet_post,0.4519,S,0,64,0.0
D,931144,quiet_post,0.4519,S,0,64,0.0
D,931240,quiet_post,0.4518,S,0,64,0.0
D,931335,quiet_post,0.4518,S,0,64,0.0
D,931429,quiet_post,0.4518,S,0,64,0.0
D,931525,quiet_post,0.4518,S,0,64,0.0
D,931621,quiet_post,0.4518,S,0,64,0.0
D,931717,quiet_post,0.4518,S,0,64,0.0
D,931813,quiet_post,0.4518,S,0,64,0.0
D,931909,quiet_post,0.4518,S,0,64,0.0
D,932004,quiet_post,0.4518,S,0,64,0.0
D,932100,quiet_post,0.4518,S,0,64,0.0
D,932196,quiet_post,0.4518,S,0,64,0.0
D,932292,quiet_post,0.4518,S,0,64,0.0
D,932386,quiet_post,0.4518,S,0,64,0.0
D,932482,quiet_post,0.4518,S,0,64,0.0
D,932578,quiet_post,0.4518,S,0,64,0.0
D,932674,quiet_post,0.4518,S,0,64,0.0
D,932769,quiet_post,0.4517,S,0,64,0.0
D,932865,quiet_post,0.4517,S,0,64,0.0
D,932961,quiet_post,0.4517,S,0,64,0.0
D,933057,quiet_post,0.4517,S,0,64,0.0
D,933152,quiet_post,0.4513,U,0,64,0.0
D,933246,quiet_post,0.4512,U,0,64,0.0
D,933341,quiet_post,0.4512,U,0,64,0.0
D,933437,quiet_post,0.4511,U,0,64,0.0
D,933533,quiet_post,0.4511,U,0,64,0.0
D,933629,quiet_post,0.4511,U,0,64,0.0
D,933725,quiet_post,0.4510,U,0,64,0.0
D,933821,quiet_post,0.4510,U,0,64,0.0
D,933916,quiet_post,0.4510,S,0,64,0.0
D,934012,quiet_post,0.4510,S,0,64,0.0
D,934106,quiet_post,0.4510,S,0,64,0.0
D,934202,quiet_post,0.4510,S,0,64,0.0
D,934309,quiet_post,0.4511,S,0,64,0.0
D,934490,quiet_post,0.4511,S,0,64,0.0
D,934585,quiet_post,0.4511,S,0,64,0.0
D,934681,quiet_post,0.4511,S,0,64,0.0
D,934777,quiet_post,0.4511,S,0,64,0.0
D,934873,quiet_post,0.4511,S,0,64,0.0
D,934969,quiet_post,0.4511,S,0,64,0.0
D,935063,quiet_post,0.4512,S,0,64,0.0
D,935159,quiet_post,0.4512,S,0,64,0.0
D,935255,quiet_post,0.4512,S,0,64,0.0
D,935350,quiet_post,0.4512,S,0,64,0.0
D,935446,quiet_post,0.4512,S,0,64,0.0
D,935542,quiet_post,0.4512,S,0,64,0.0
D,935638,quiet_post,0.4512,S,0,64,0.0
D,935734,quiet_post,0.4512,S,0,64,0.0
D,935830,quiet_post,0.4513,S,0,64,0.0
D,935924,quiet_post,0.4513,S,0,64,0.0
D,936019,quiet_post,0.4513,S,0,64,0.0
D,936115,quiet_post,0.4513,S,0,64,0.0
D,936211,quiet_post,0.4513,S,0,64,0.0
D,936307,quiet_post,0.4513,S,0,64,0.0
D,936403,quiet_post,0.4513,S,0,64,0.0
D,936499,quiet_post,0.4513,S,0,64,0.0
D,936595,quiet_post,0.4513,S,0,64,0.0
D,936690,quiet_post,0.4513,S,0,64,0.0
D,936784,quiet_post,0.4513,S,0,64,0.0
D,936880,quiet_post,0.4517,U,0,64,0.0
D,936976,quiet_post,0.4518,U,0,64,0.0
D,937071,quiet_post,0.4519,U,0,64,0.0
D,937167,quiet_post,0.4520,U,0,64,0.0
D,937263,quiet_post,0.4521,U,0,64,0.0
D,937359,quiet_post,0.4523,U,0,64,0.0
D,937455,quiet_post,0.4524,U,0,64,0.0
D,937551,quiet_post,0.4525,U,0,64,0.0
D,937646,quiet_post,0.4526,U,0,64,0.0
D,937741,quiet_post,0.4528,U,0,64,0.0
D,937836,quiet_post,0.4529,U,0,64,0.0
D,937932,quiet_post,0.4531,U,0,64,0.0
D,938028,quiet_post,0.4532,U,0,64,0.0
D,938124,quiet_post,0.4534,U,0,64,0.0
D,938220,quiet_post,0.4535,U,0,64,0.0
D,938315,quiet_post,0.4536,U,0,64,0.0
D,938411,quiet_post,0.4537,U,0,64,0.0
D,938507,quiet_post,0.4537,U,0,64,0.0
D,938601,quiet_post,0.4538,U,0,64,0.0
D,938697,quiet_post,0.4538,U,0,64,0.0
D,938793,quiet_post,0.4539,U,0,64,0.0
D,938888,quiet_post,0.4540,U,0,64,0.0
D,938984,quiet_post,0.4540,U,0,64,0.0
D,939080,quiet_post,0.4541,U,0,64,0.0
D,939176,quiet_post,0.4542,U,0,64,0.0
D,939272,quiet_post,0.4542,U,0,64,0.0
D,939368,quiet_post,0.4543,U,0,64,0.0
D,939462,quiet_post,0.4543,U,0,64,0.0
D,939558,quiet_post,0.4544,U,0,64,0.0
D,939653,quiet_post,0.4544,U,0,64,0.0
D,939749,quiet_post,0.4545,U,0,64,0.0
D,939845,quiet_post,0.4545,U,0,64,0.0
D,939941,quiet_post,0.4545,U,0,64,0.0
D,940037,quiet_post,0.4545,S,0,64,0.0
D,940133,quiet_post,0.4545,S,0,64,0.0
D,940228,quiet_post,0.4545,S,0,64,0.0
D,940324,quiet_post,0.4545,S,0,64,0.0
D,940418,quiet_post,0.4545,S,0,64,0.0
D,940514,quiet_post,0.4545,S,0,64,0.0
D,940610,quiet_post,0.4545,S,0,64,0.0
D,940706,quiet_post,0.4545,S,0,64,0.0
D,940802,quiet_post,0.4545,S,0,64,0.0
D,940897,quiet_post,0.4545,S,0,64,0.0
D,940993,quiet_post,0.4545,S,0,64,0.0
D,941089,quiet_post,0.4545,S,0,64,0.0
D,941185,quiet_post,0.4545,S,0,64,0.0
D,941279,quiet_post,0.4545,S,0,64,0.0
D,941375,quiet_post,0.4545,S,0,64,0.0
D,941470,quiet_post,0.4545,S,0,64,0.0
D,941566,quiet_post,0.4545,S,0,64,0.0
D,941662,quiet_post,0.4545,S,0,64,0.0
D,941758,quiet_post,0.4545,S,0,64,0.0
D,941854,quiet_post,0.4545,S,0,64,0.0
D,941950,quiet_post,0.4545,S,0,64,0.0
D,942046,quiet_post,0.4545,S,0,64,0.0
D,942140,quiet_post,0.4545,S,0,64,0.0
D,942236,quiet_post,0.4545,S,0,64,0.0
D,942331,quiet_post,0.4545,S,0,64,0.0
D,942427,quiet_post,0.4546,S,0,64,0.0
D,942523,quiet_post,0.4546,S,0,64,0.0
D,942619,quiet_post,0.4546,S,0,64,0.0
D,942715,quiet_post,0.4546,S,0,64,0.0
D,942810,quiet_post,0.4550,U,0,64,0.0
D,942906,quiet_post,0.4550,U,0,64,0.0
D,943002,quiet_post,0.4551,U,0,64,0.0
D,943096,quiet_post,0.4551,U,0,64,0.0
D,943192,quiet_post,0.4552,U,0,64,0.0
D,943287,quiet_post,0.4552,U,0,64,0.0
D,943383,quiet_post,0.4553,U,0,64,0.0
D,943479,quiet_post,0.4553,U,0,64,0.0
D,943575,quiet_post,0.4554,U,0,64,0.0
D,943671,quiet_post,0.4554,U,0,64,0.0
D,943767,quiet_post,0.4554,U,0,64,0.0
D,943863,quiet_post,0.4555,U,0,64,0.0
D,943956,quiet_post,0.4555,U,0,64,0.0
D,944052,quiet_post,0.4555,S,0,64,0.0
D,944148,quiet_post,0.4555,S,0,64,0.0
D,944244,quiet_post,0.4555,S,0,64,0.0
D,944340,quiet_post,0.4555,S,0,64,0.0
D,944436,quiet_post,0.4554,S,0,64,0.0
D,944531,quiet_post,0.4554,S,0,64,0.0
D,944627,quiet_post,0.4554,S,0,64,0.0
D,944723,quiet_post,0.4555,S,0,64,0.0
D,944817,quiet_post,0.4555,S,0,64,0.0
D,944913,quiet_post,0.4555,S,0,64,0.0
D,945009,quiet_post,0.4555,S,0,64,0.0
D,945105,quiet_post,0.4555,S,0,64,0.0
D,945200,quiet_post,0.4555,S,0,64,0.0
D,945296,quiet_post,0.4555,S,0,64,0.0
D,945392,quiet_post,0.4555,S,0,64,0.0
D,945488,quiet_post,0.4555,S,0,64,0.0
D,945584,quiet_post,0.4555,S,0,64,0.0
D,945678,quiet_post,0.4555,S,0,64,0.0
D,945774,quiet_post,0.4555,S,0,64,0.0
D,945870,quiet_post,0.4555,S,0,64,0.0
D,945965,quiet_post,0.4555,S,0,64,0.0
D,946061,quiet_post,0.4556,S,0,64,0.0
D,946157,quiet_post,0.4556,S,0,64,0.0
D,946253,quiet_post,0.4559,U,0,64,0.0
D,946349,quiet_post,0.4560,U,0,64,0.0
D,946445,quiet_post,0.4560,U,0,64,0.0
D,946540,quiet_post,0.4561,U,0,64,0.0
D,946642,quiet_post,0.4561,U,0,64,0.0
D,946837,quiet_post,0.4562,U,0,64,0.0
D,947017,quiet_post,0.4562,S,0,64,0.0
D,947113,quiet_post,0.4563,U,0,64,0.0
D,947209,quiet_post,0.4563,U,0,64,0.0
D,947305,quiet_post,0.4563,S,0,64,0.0
D,947401,quiet_post,0.4564,U,0,64,0.0
D,947495,quiet_post,0.4564,U,0,64,0.0
D,947590,quiet_post,0.4564,S,0,64,0.0
D,947687,quiet_post,0.4565,U,0,64,0.0
D,947782,quiet_post,0.4565,U,0,64,0.0
D,947878,quiet_post,0.4565,S,0,64,0.0
D,947974,quiet_post,0.4565,S,0,64,0.0
D,948070,quiet_post,0.4565,S,0,64,0.0
D,948166,quiet_post,0.4565,S,0,64,0.0
D,948261,quiet_post,0.4565,S,0,64,0.0
D,948355,quiet_post,0.4565,S,0,64,0.0
D,948451,quiet_post,0.4566,S,0,64,0.0
D,948547,quiet_post,0.4566,S,0,64,0.0
D,948643,quiet_post,0.4566,S,0,64,0.0
D,948739,quiet_post,0.4566,S,0,64,0.0
D,948835,quiet_post,0.4566,S,0,64,0.0
D,948930,quiet_post,0.4566,S,0,64,0.0
D,949026,quiet_post,0.4566,S,0,64,0.0
D,949122,quiet_post,0.4566,S,0,64,0.0
D,949218,quiet_post,0.4566,S,0,64,0.0
D,949312,quiet_post,0.4566,S,0,64,0.0
D,949408,quiet_post,0.4566,S,0,64,0.0
D,949504,quiet_post,0.4566,S,0,64,0.0
D,949599,quiet_post,0.4566,S,0,64,0.0
D,949695,quiet_post,0.4566,S,0,64,0.0
D,949791,quiet_post,0.4566,S,0,64,0.0
D,949887,quiet_post,0.4566,S,0,64,0.0
D,949983,quiet_post,0.4566,S,0,64,0.0
D,950079,quiet_post,0.4566,S,0,64,0.0
D,950173,quiet_post,0.4566,S,0,64,0.0
D,950268,quiet_post,0.4566,S,0,64,0.0
D,950364,quiet_post,0.4566,S,0,64,0.0
D,950460,quiet_post,0.4566,S,0,64,0.0
D,950556,quiet_post,0.4566,S,0,64,0.0
D,950652,quiet_post,0.4566,S,0,64,0.0
D,950748,quiet_post,0.4566,S,0,64,0.0
D,950844,quiet_post,0.4566,S,0,64,0.0
D,950940,quiet_post,0.4565,S,0,64,0.0
D,951034,quiet_post,0.4565,S,0,64,0.0
D,951129,quiet_post,0.4565,S,0,64,0.0
D,951225,quiet_post,0.4565,S,0,64,0.0
D,951321,quiet_post,0.4565,S,0,64,0.0
D,951417,quiet_post,0.4565,S,0,64,0.0
D,951513,quiet_post,0.4566,S,0,64,0.0
D,951609,quiet_post,0.4566,S,0,64,0.0
D,951704,quiet_post,0.4566,S,0,64,0.0
D,951800,quiet_post,0.4566,S,0,64,0.0
D,951896,quiet_post,0.4566,S,0,64,0.0
D,951990,quiet_post,0.4566,S,0,64,0.0
D,952085,quiet_post,0.4569,U,0,64,0.0
D,952181,quiet_post,0.4570,U,0,64,0.0
D,952277,quiet_post,0.4570,U,0,64,0.0
D,952373,quiet_post,0.4571,U,0,64,0.0
D,952469,quiet_post,0.4571,U,0,64,0.0
E,952531,BLOCK_END,quiet_post
P,953138,ref_end,0.4573
P,953807,ref_end,0.4575
P,954286,ref_end,0.4576
E,954687,battery complete
SUMMARY,taps_total=64
SESSION_END
