t_ms,block,mass_g,flag,rpm,taps,servo_deg,dev_mg
5047,quiet_pre,0.4575,U,0.0,0,0.0,8.950000000000014
5143,quiet_pre,0.4575,U,0.0,0,0.0,8.950000000000014
5238,quiet_pre,0.4576,U,0.0,0,0.0,9.050000000000002
5334,quiet_pre,0.4576,U,0.0,0,0.0,9.050000000000002
5430,quiet_pre,0.4576,S,0.0,0,0.0,9.050000000000002
5526,quiet_pre,0.4576,S,0.0,0,0.0,9.050000000000002
5622,quiet_pre,0.4576,S,0.0,0,0.0,9.050000000000002
5718,quiet_pre,0.4577,S,0.0,0,0.0,9.149999999999991
5811,quiet_pre,0.4577,S,0.0,0,0.0,9.149999999999991
5907,quiet_pre,0.4577,S,0.0,0,0.0,9.149999999999991
6003,quiet_pre,0.4577,S,0.0,0,0.0,9.149999999999991
6099,quiet_pre,0.4578,U,0.0,0,0.0,9.24999999999998
6195,quiet_pre,0.4578,S,0.0,0,0.0,9.24999999999998
6291,quiet_pre,0.4578,S,0.0,0,0.0,9.24999999999998
6387,quiet_pre,0.4579,U,0.0,0,0.0,9.34999999999997
6482,quiet_pre,0.4579,U,0.0,0,0.0,9.34999999999997
6578,quiet_pre,0.4579,S,0.0,0,0.0,9.34999999999997
6672,quiet_pre,0.4579,S,0.0,0,0.0,9.34999999999997
6768,quiet_pre,0.4579,S,0.0,0,0.0,9.34999999999997
6864,quiet_pre,0.4579,S,0.0,0,0.0,9.34999999999997
6960,quiet_pre,0.458,S,0.0,0,0.0,9.450000000000014
7055,quiet_pre,0.4581,U,0.0,0,0.0,9.550000000000002
7151,quiet_pre,0.4582,U,0.0,0,0.0,9.649999999999991
7247,quiet_pre,0.4582,U,0.0,0,0.0,9.649999999999991
7343,quiet_pre,0.4583,U,0.0,0,0.0,9.74999999999998
7439,quiet_pre,0.4584,U,0.0,0,0.0,9.84999999999997
7533,quiet_pre,0.4584,U,0.0,0,0.0,9.84999999999997
7628,quiet_pre,0.4585,U,0.0,0,0.0,9.950000000000014
7724,quiet_pre,0.4585,U,0.0,0,0.0,9.950000000000014
7820,quiet_pre,0.4586,U,0.0,0,0.0,10.050000000000004
7916,quiet_pre,0.4586,U,0.0,0,0.0,10.050000000000004
8012,quiet_pre,0.4586,U,0.0,0,0.0,10.050000000000004
8108,quiet_pre,0.4586,S,0.0,0,0.0,10.050000000000004
8204,quiet_pre,0.4586,S,0.0,0,0.0,10.050000000000004
8299,quiet_pre,0.4586,S,0.0,0,0.0,10.050000000000004
8395,quiet_pre,0.4585,S,0.0,0,0.0,9.950000000000014
8489,quiet_pre,0.4585,S,0.0,0,0.0,9.950000000000014
8585,quiet_pre,0.4584,U,0.0,0,0.0,9.84999999999997
8681,quiet_pre,0.4583,U,0.0,0,0.0,9.74999999999998
8777,quiet_pre,0.4581,U,0.0,0,0.0,9.550000000000002
8872,quiet_pre,0.458,U,0.0,0,0.0,9.450000000000014
8968,quiet_pre,0.4577,U,0.0,0,0.0,9.149999999999991
9064,quiet_pre,0.4574,U,0.0,0,0.0,8.84999999999997
9160,quiet_pre,0.4572,U,0.0,0,0.0,8.649999999999991
9256,quiet_pre,0.457,U,0.0,0,0.0,8.450000000000014
9350,quiet_pre,0.4568,U,0.0,0,0.0,8.249999999999979
9446,quiet_pre,0.4566,U,0.0,0,0.0,8.05
9541,quiet_pre,0.4563,U,0.0,0,0.0,7.749999999999979
9637,quiet_pre,0.4561,U,0.0,0,0.0,7.550000000000001
9733,quiet_pre,0.4558,U,0.0,0,0.0,7.249999999999979
9829,quiet_pre,0.4556,U,0.0,0,0.0,7.050000000000001
9925,quiet_pre,0.4554,U,0.0,0,0.0,6.850000000000023
10021,quiet_pre,0.4553,U,0.0,0,0.0,6.749999999999979
10116,quiet_pre,0.4552,U,0.0,0,0.0,6.64999999999999
10210,quiet_pre,0.455,U,0.0,0,0.0,6.450000000000012
10306,quiet_pre,0.4549,U,0.0,0,0.0,6.350000000000023
10413,quiet_pre,0.4548,U,0.0,0,0.0,6.249999999999978
10594,quiet_pre,0.4547,U,0.0,0,0.0,6.149999999999989
10689,quiet_pre,0.4546,U,0.0,0,0.0,6.05
10785,quiet_pre,0.4546,U,0.0,0,0.0,6.05
10881,quiet_pre,0.4545,U,0.0,0,0.0,5.950000000000011
10977,quiet_pre,0.4545,U,0.0,0,0.0,5.950000000000011
11071,quiet_pre,0.4544,U,0.0,0,0.0,5.850000000000022
11167,quiet_pre,0.4543,U,0.0,0,0.0,5.749999999999977
11263,quiet_pre,0.4543,U,0.0,0,0.0,5.749999999999977
11358,quiet_pre,0.4542,U,0.0,0,0.0,5.649999999999988
11454,quiet_pre,0.4542,U,0.0,0,0.0,5.649999999999988
11550,quiet_pre,0.4542,U,0.0,0,0.0,5.649999999999988
11646,quiet_pre,0.4542,S,0.0,0,0.0,5.649999999999988
11742,quiet_pre,0.4541,U,0.0,0,0.0,5.549999999999999
11838,quiet_pre,0.454,U,0.0,0,0.0,5.45000000000001
11934,quiet_pre,0.4539,U,0.0,0,0.0,5.350000000000021
12027,quiet_pre,0.4537,U,0.0,0,0.0,5.149999999999988
12123,quiet_pre,0.4536,U,0.0,0,0.0,5.049999999999999
12219,quiet_pre,0.4535,U,0.0,0,0.0,4.95000000000001
12315,quiet_pre,0.4534,U,0.0,0,0.0,4.850000000000021
12411,quiet_pre,0.4533,U,0.0,0,0.0,4.749999999999977
12507,quiet_pre,0.4532,U,0.0,0,0.0,4.649999999999988
12602,quiet_pre,0.4532,U,0.0,0,0.0,4.649999999999988
12698,quiet_pre,0.4531,U,0.0,0,0.0,4.549999999999999
12794,quiet_pre,0.453,U,0.0,0,0.0,4.45000000000001
12888,quiet_pre,0.4529,U,0.0,0,0.0,4.350000000000021
12984,quiet_pre,0.4529,U,0.0,0,0.0,4.350000000000021
13080,quiet_pre,0.4528,U,0.0,0,0.0,4.249999999999976
13175,quiet_pre,0.4527,U,0.0,0,0.0,4.149999999999987
13271,quiet_pre,0.4526,U,0.0,0,0.0,4.049999999999998
13367,quiet_pre,0.4526,U,0.0,0,0.0,4.049999999999998
13463,quiet_pre,0.4525,U,0.0,0,0.0,3.950000000000009
13559,quiet_pre,0.4524,U,0.0,0,0.0,3.85000000000002
13655,quiet_pre,0.4523,U,0.0,0,0.0,3.7499999999999756
13749,quiet_pre,0.4522,U,0.0,0,0.0,3.6499999999999866
13844,quiet_pre,0.4521,U,0.0,0,0.0,3.5499999999999976
13940,quiet_pre,0.452,U,0.0,0,0.0,3.4500000000000086
14036,quiet_pre,0.452,U,0.0,0,0.0,3.4500000000000086
14132,quiet_pre,0.4519,U,0.0,0,0.0,3.3500000000000196
14228,quiet_pre,0.4518,U,0.0,0,0.0,3.249999999999975
14324,quiet_pre,0.4517,U,0.0,0,0.0,3.149999999999986
14419,quiet_pre,0.4517,U,0.0,0,0.0,3.149999999999986
14515,quiet_pre,0.4516,U,0.0,0,0.0,3.049999999999997
14611,quiet_pre,0.4515,U,0.0,0,0.0,2.950000000000008
14705,quiet_pre,0.4514,U,0.0,0,0.0,2.850000000000019
14801,quiet_pre,0.4513,U,0.0,0,0.0,2.7499999999999747
14897,quiet_pre,0.4512,U,0.0,0,0.0,2.6499999999999857
14993,quiet_pre,0.4511,U,0.0,0,0.0,2.5499999999999967
15088,quiet_pre,0.451,U,0.0,0,0.0,2.4500000000000077
15184,quiet_pre,0.451,U,0.0,0,0.0,2.4500000000000077
15280,quiet_pre,0.4509,U,0.0,0,0.0,2.3500000000000187
15376,quiet_pre,0.4508,U,0.0,0,0.0,2.2499999999999742
15472,quiet_pre,0.4508,U,0.0,0,0.0,2.2499999999999742
15566,quiet_pre,0.4507,U,0.0,0,0.0,2.1499999999999853
15662,quiet_pre,0.4507,U,0.0,0,0.0,2.1499999999999853
15758,quiet_pre,0.4506,U,0.0,0,0.0,2.0499999999999963
15853,quiet_pre,0.4506,U,0.0,0,0.0,2.0499999999999963
15949,quiet_pre,0.4506,U,0.0,0,0.0,2.0499999999999963
16045,quiet_pre,0.4505,U,0.0,0,0.0,1.9500000000000073
16141,quiet_pre,0.4505,U,0.0,0,0.0,1.9500000000000073
16237,quiet_pre,0.4505,S,0.0,0,0.0,1.9500000000000073
16333,quiet_pre,0.4504,U,0.0,0,0.0,1.8500000000000183
16426,quiet_pre,0.4504,U,0.0,0,0.0,1.8500000000000183
16522,quiet_pre,0.4504,S,0.0,0,0.0,1.8500000000000183
16618,quiet_pre,0.4503,U,0.0,0,0.0,1.7499999999999738
16714,quiet_pre,0.4503,U,0.0,0,0.0,1.7499999999999738
16810,quiet_pre,0.4503,S,0.0,0,0.0,1.7499999999999738
16905,quiet_pre,0.4503,S,0.0,0,0.0,1.7499999999999738
17001,quiet_pre,0.4503,S,0.0,0,0.0,1.7499999999999738
17097,quiet_pre,0.4503,S,0.0,0,0.0,1.7499999999999738
17193,quiet_pre,0.4503,S,0.0,0,0.0,1.7499999999999738
17289,quiet_pre,0.4502,S,0.0,0,0.0,1.6499999999999848
17383,quiet_pre,0.4502,S,0.0,0,0.0,1.6499999999999848
17479,quiet_pre,0.4502,S,0.0,0,0.0,1.6499999999999848
17575,quiet_pre,0.4501,U,0.0,0,0.0,1.5499999999999958
17670,quiet_pre,0.4501,U,0.0,0,0.0,1.5499999999999958
17766,quiet_pre,0.4501,S,0.0,0,0.0,1.5499999999999958
17861,quiet_pre,0.45,U,0.0,0,0.0,1.4500000000000068
17958,quiet_pre,0.4499,U,0.0,0,0.0,1.3500000000000179
18054,quiet_pre,0.4499,U,0.0,0,0.0,1.3500000000000179
18150,quiet_pre,0.4498,U,0.0,0,0.0,1.2499999999999734
18243,quiet_pre,0.4498,U,0.0,0,0.0,1.2499999999999734
18339,quiet_pre,0.4497,U,0.0,0,0.0,1.1499999999999844
18435,quiet_pre,0.4496,U,0.0,0,0.0,1.0499999999999954
18531,quiet_pre,0.4496,U,0.0,0,0.0,1.0499999999999954
18627,quiet_pre,0.4495,U,0.0,0,0.0,0.9500000000000064
18723,quiet_pre,0.4494,U,0.0,0,0.0,0.8500000000000174
18818,quiet_pre,0.4493,U,0.0,0,0.0,0.7499999999999729
18914,quiet_pre,0.4492,U,0.0,0,0.0,0.6499999999999839
19010,quiet_pre,0.4492,U,0.0,0,0.0,0.6499999999999839
19104,quiet_pre,0.4491,U,0.0,0,0.0,0.5499999999999949
19200,quiet_pre,0.449,U,0.0,0,0.0,0.45000000000000595
19296,quiet_pre,0.449,U,0.0,0,0.0,0.45000000000000595
19392,quiet_pre,0.4489,U,0.0,0,0.0,0.35000000000001696
19487,quiet_pre,0.4488,U,0.0,0,0.0,0.24999999999997247
19583,quiet_pre,0.4488,U,0.0,0,0.0,0.24999999999997247
19679,quiet_pre,0.4487,U,0.0,0,0.0,0.14999999999998348
19775,quiet_pre,0.4487,U,0.0,0,0.0,0.14999999999998348
19871,quiet_pre,0.4486,U,0.0,0,0.0,0.04999999999999449
19965,quiet_pre,0.4486,U,0.0,0,0.0,0.04999999999999449
20061,quiet_pre,0.4485,U,0.0,0,0.0,-0.04999999999999449
20156,quiet_pre,0.4485,U,0.0,0,0.0,-0.04999999999999449
20252,quiet_pre,0.4484,U,0.0,0,0.0,-0.14999999999998348
20348,quiet_pre,0.4484,U,0.0,0,0.0,-0.14999999999998348
20444,quiet_pre,0.4484,U,0.0,0,0.0,-0.14999999999998348
20540,quiet_pre,0.4483,U,0.0,0,0.0,-0.250000000000028
20636,quiet_pre,0.4483,U,0.0,0,0.0,-0.250000000000028
20731,quiet_pre,0.4482,U,0.0,0,0.0,-0.35000000000001696
20827,quiet_pre,0.4482,U,0.0,0,0.0,-0.35000000000001696
20921,quiet_pre,0.4481,U,0.0,0,0.0,-0.45000000000000595
21017,quiet_pre,0.4481,U,0.0,0,0.0,-0.45000000000000595
21113,quiet_pre,0.448,U,0.0,0,0.0,-0.5499999999999949
21209,quiet_pre,0.448,U,0.0,0,0.0,-0.5499999999999949
21304,quiet_pre,0.4479,U,0.0,0,0.0,-0.6499999999999839
21400,quiet_pre,0.4479,U,0.0,0,0.0,-0.6499999999999839
21496,quiet_pre,0.4478,U,0.0,0,0.0,-0.7500000000000284
21592,quiet_pre,0.4478,U,0.0,0,0.0,-0.7500000000000284
21688,quiet_pre,0.4478,U,0.0,0,0.0,-0.7500000000000284
21782,quiet_pre,0.4477,U,0.0,0,0.0,-0.8500000000000174
21878,quiet_pre,0.4477,U,0.0,0,0.0,-0.8500000000000174
21973,quiet_pre,0.4477,S,0.0,0,0.0,-0.8500000000000174
22069,quiet_pre,0.4477,S,0.0,0,0.0,-0.8500000000000174
22165,quiet_pre,0.4476,U,0.0,0,0.0,-0.9500000000000064
22261,quiet_pre,0.4476,S,0.0,0,0.0,-0.9500000000000064
22357,quiet_pre,0.4476,S,0.0,0,0.0,-0.9500000000000064
22453,quiet_pre,0.4475,U,0.0,0,0.0,-1.0499999999999954
22548,quiet_pre,0.4475,U,0.0,0,0.0,-1.0499999999999954
22642,quiet_pre,0.4475,S,0.0,0,0.0,-1.0499999999999954
22738,quiet_pre,0.4474,U,0.0,0,0.0,-1.1499999999999844
22834,quiet_pre,0.4474,U,0.0,0,0.0,-1.1499999999999844
22930,quiet_pre,0.4474,S,0.0,0,0.0,-1.1499999999999844
23031,quiet_pre,0.4473,U,0.0,0,0.0,-1.2500000000000289
23121,quiet_pre,0.4473,U,0.0,0,0.0,-1.2500000000000289
23217,quiet_pre,0.4473,S,0.0,0,0.0,-1.2500000000000289
23313,quiet_pre,0.4473,S,0.0,0,0.0,-1.2500000000000289
23409,quiet_pre,0.4472,U,0.0,0,0.0,-1.3500000000000179
23505,quiet_pre,0.4472,S,0.0,0,0.0,-1.3500000000000179
23599,quiet_pre,0.4472,S,0.0,0,0.0,-1.3500000000000179
23695,quiet_pre,0.4471,U,0.0,0,0.0,-1.4500000000000068
23790,quiet_pre,0.4471,U,0.0,0,0.0,-1.4500000000000068
23886,quiet_pre,0.447,U,0.0,0,0.0,-1.5499999999999958
23982,quiet_pre,0.447,U,0.0,0,0.0,-1.5499999999999958
24078,quiet_pre,0.4469,U,0.0,0,0.0,-1.6499999999999848
24174,quiet_pre,0.4469,U,0.0,0,0.0,-1.6499999999999848
24270,quiet_pre,0.4468,U,0.0,0,0.0,-1.7500000000000293
24366,quiet_pre,0.4468,U,0.0,0,0.0,-1.7500000000000293
24460,quiet_pre,0.4468,U,0.0,0,0.0,-1.7500000000000293
24555,quiet_pre,0.4467,U,0.0,0,0.0,-1.8500000000000183
24651,quiet_pre,0.4467,U,0.0,0,0.0,-1.8500000000000183
24747,quiet_pre,0.4467,S,0.0,0,0.0,-1.8500000000000183
24843,quiet_pre,0.4466,U,0.0,0,0.0,-1.9500000000000073
24939,quiet_pre,0.4466,U,0.0,0,0.0,-1.9500000000000073
25034,quiet_pre,0.4466,S,0.0,0,0.0,-1.9500000000000073
25130,quiet_pre,0.4465,U,0.0,0,0.0,-2.0499999999999963
25226,quiet_pre,0.4465,U,0.0,0,0.0,-2.0499999999999963
25320,quiet_pre,0.4464,U,0.0,0,0.0,-2.1499999999999853
25416,quiet_pre,0.4463,U,0.0,0,0.0,-2.2500000000000298
25512,quiet_pre,0.4463,U,0.0,0,0.0,-2.2500000000000298
25608,quiet_pre,0.4463,U,0.0,0,0.0,-2.2500000000000298
25703,quiet_pre,0.4462,U,0.0,0,0.0,-2.3500000000000187
25799,quiet_pre,0.4462,U,0.0,0,0.0,-2.3500000000000187
25895,quiet_pre,0.4462,S,0.0,0,0.0,-2.3500000000000187
25991,quiet_pre,0.4461,U,0.0,0,0.0,-2.4500000000000077
26087,quiet_pre,0.4461,U,0.0,0,0.0,-2.4500000000000077
26183,quiet_pre,0.4461,S,0.0,0,0.0,-2.4500000000000077
26277,quiet_pre,0.4461,S,0.0,0,0.0,-2.4500000000000077
26372,quiet_pre,0.4461,S,0.0,0,0.0,-2.4500000000000077
26468,quiet_pre,0.4461,S,0.0,0,0.0,-2.4500000000000077
26564,quiet_pre,0.446,S,0.0,0,0.0,-2.5499999999999967
26660,quiet_pre,0.446,S,0.0,0,0.0,-2.5499999999999967
26756,quiet_pre,0.446,S,0.0,0,0.0,-2.5499999999999967
26852,quiet_pre,0.4461,S,0.0,0,0.0,-2.4500000000000077
26947,quiet_pre,0.4461,S,0.0,0,0.0,-2.4500000000000077
27043,quiet_pre,0.4461,S,0.0,0,0.0,-2.4500000000000077
27137,quiet_pre,0.4461,S,0.0,0,0.0,-2.4500000000000077
27233,quiet_pre,0.4461,S,0.0,0,0.0,-2.4500000000000077
27329,quiet_pre,0.4461,S,0.0,0,0.0,-2.4500000000000077
27425,quiet_pre,0.4461,S,0.0,0,0.0,-2.4500000000000077
27521,quiet_pre,0.4461,S,0.0,0,0.0,-2.4500000000000077
27616,quiet_pre,0.4461,S,0.0,0,0.0,-2.4500000000000077
27712,quiet_pre,0.4462,S,0.0,0,0.0,-2.3500000000000187
27808,quiet_pre,0.4462,S,0.0,0,0.0,-2.3500000000000187
27904,quiet_pre,0.4462,S,0.0,0,0.0,-2.3500000000000187
27998,quiet_pre,0.4462,S,0.0,0,0.0,-2.3500000000000187
28094,quiet_pre,0.4462,S,0.0,0,0.0,-2.3500000000000187
28190,quiet_pre,0.4463,S,0.0,0,0.0,-2.2500000000000298
28285,quiet_pre,0.4465,U,0.0,0,0.0,-2.0499999999999963
28381,quiet_pre,0.4465,U,0.0,0,0.0,-2.0499999999999963
28477,quiet_pre,0.4466,U,0.0,0,0.0,-1.9500000000000073
28573,quiet_pre,0.4466,U,0.0,0,0.0,-1.9500000000000073
28669,quiet_pre,0.4466,U,0.0,0,0.0,-1.9500000000000073
28764,quiet_pre,0.4467,U,0.0,0,0.0,-1.8500000000000183
28858,quiet_pre,0.4467,U,0.0,0,0.0,-1.8500000000000183
28954,quiet_pre,0.4467,S,0.0,0,0.0,-1.8500000000000183
29050,quiet_pre,0.4467,S,0.0,0,0.0,-1.8500000000000183
29146,quiet_pre,0.4468,U,0.0,0,0.0,-1.7500000000000293
29242,quiet_pre,0.4468,S,0.0,0,0.0,-1.7500000000000293
29338,quiet_pre,0.4468,S,0.0,0,0.0,-1.7500000000000293
29434,quiet_pre,0.4468,S,0.0,0,0.0,-1.7500000000000293
29529,quiet_pre,0.4468,S,0.0,0,0.0,-1.7500000000000293
29625,quiet_pre,0.4468,S,0.0,0,0.0,-1.7500000000000293
29721,quiet_pre,0.4468,S,0.0,0,0.0,-1.7500000000000293
29815,quiet_pre,0.4468,S,0.0,0,0.0,-1.7500000000000293
29911,quiet_pre,0.4467,S,0.0,0,0.0,-1.8500000000000183
30007,quiet_pre,0.4467,S,0.0,0,0.0,-1.8500000000000183
30102,quiet_pre,0.4467,S,0.0,0,0.0,-1.8500000000000183
30198,quiet_pre,0.4467,S,0.0,0,0.0,-1.8500000000000183
30294,quiet_pre,0.4467,S,0.0,0,0.0,-1.8500000000000183
30390,quiet_pre,0.4467,S,0.0,0,0.0,-1.8500000000000183
30486,quiet_pre,0.4467,S,0.0,0,0.0,-1.8500000000000183
30582,quiet_pre,0.4467,S,0.0,0,0.0,-1.8500000000000183
30676,quiet_pre,0.4467,S,0.0,0,0.0,-1.8500000000000183
30771,quiet_pre,0.4467,S,0.0,0,0.0,-1.8500000000000183
30867,quiet_pre,0.4467,S,0.0,0,0.0,-1.8500000000000183
30963,quiet_pre,0.4467,S,0.0,0,0.0,-1.8500000000000183
31059,quiet_pre,0.4467,S,0.0,0,0.0,-1.8500000000000183
31155,quiet_pre,0.4467,S,0.0,0,0.0,-1.8500000000000183
31251,quiet_pre,0.4467,S,0.0,0,0.0,-1.8500000000000183
31347,quiet_pre,0.4467,S,0.0,0,0.0,-1.8500000000000183
31443,quiet_pre,0.4466,S,0.0,0,0.0,-1.9500000000000073
31536,quiet_pre,0.4466,S,0.0,0,0.0,-1.9500000000000073
31632,quiet_pre,0.4466,S,0.0,0,0.0,-1.9500000000000073
31728,quiet_pre,0.4466,S,0.0,0,0.0,-1.9500000000000073
31824,quiet_pre,0.4466,S,0.0,0,0.0,-1.9500000000000073
31920,quiet_pre,0.4466,S,0.0,0,0.0,-1.9500000000000073
32015,quiet_pre,0.4462,U,0.0,0,0.0,-2.3500000000000187
32111,quiet_pre,0.4462,U,0.0,0,0.0,-2.3500000000000187
32207,quiet_pre,0.4461,U,0.0,0,0.0,-2.4500000000000077
32303,quiet_pre,0.4461,U,0.0,0,0.0,-2.4500000000000077
32399,quiet_pre,0.4461,U,0.0,0,0.0,-2.4500000000000077
32492,quiet_pre,0.446,U,0.0,0,0.0,-2.5499999999999967
32588,quiet_pre,0.446,U,0.0,0,0.0,-2.5499999999999967
32684,quiet_pre,0.446,S,0.0,0,0.0,-2.5499999999999967
32780,quiet_pre,0.446,S,0.0,0,0.0,-2.5499999999999967
32876,quiet_pre,0.4459,U,0.0,0,0.0,-2.6499999999999857
32972,quiet_pre,0.4459,S,0.0,0,0.0,-2.6499999999999857
33068,quiet_pre,0.4459,S,0.0,0,0.0,-2.6499999999999857
33163,quiet_pre,0.4459,S,0.0,0,0.0,-2.6499999999999857
33259,quiet_pre,0.4459,S,0.0,0,0.0,-2.6499999999999857
33353,quiet_pre,0.4459,S,0.0,0,0.0,-2.6499999999999857
33449,quiet_pre,0.4459,S,0.0,0,0.0,-2.6499999999999857
33545,quiet_pre,0.4459,S,0.0,0,0.0,-2.6499999999999857
33641,quiet_pre,0.4459,S,0.0,0,0.0,-2.6499999999999857
33737,quiet_pre,0.446,S,0.0,0,0.0,-2.5499999999999967
33832,quiet_pre,0.446,S,0.0,0,0.0,-2.5499999999999967
33928,quiet_pre,0.446,S,0.0,0,0.0,-2.5499999999999967
34024,quiet_pre,0.446,S,0.0,0,0.0,-2.5499999999999967
34120,quiet_pre,0.446,S,0.0,0,0.0,-2.5499999999999967
34214,quiet_pre,0.446,S,0.0,0,0.0,-2.5499999999999967
34310,quiet_pre,0.446,S,0.0,0,0.0,-2.5499999999999967
34406,quiet_pre,0.446,S,0.0,0,0.0,-2.5499999999999967
34502,quiet_pre,0.4459,S,0.0,0,0.0,-2.6499999999999857
34597,quiet_pre,0.4459,S,0.0,0,0.0,-2.6499999999999857
34693,quiet_pre,0.4459,S,0.0,0,0.0,-2.6499999999999857
34789,quiet_pre,0.4459,S,0.0,0,0.0,-2.6499999999999857
34885,quiet_pre,0.4459,S,0.0,0,0.0,-2.6499999999999857
34981,quiet_pre,0.4459,S,0.0,0,0.0,-2.6499999999999857
35077,quiet_pre,0.4459,S,0.0,0,0.0,-2.6499999999999857
35170,quiet_pre,0.4458,S,0.0,0,0.0,-2.75000000000003
35267,quiet_pre,0.4458,S,0.0,0,0.0,-2.75000000000003
35362,quiet_pre,0.4455,U,0.0,0,0.0,-3.049999999999997
35458,quiet_pre,0.4454,U,0.0,0,0.0,-3.149999999999986
35554,quiet_pre,0.4454,U,0.0,0,0.0,-3.149999999999986
35656,quiet_pre,0.4454,U,0.0,0,0.0,-3.149999999999986
35746,quiet_pre,0.4453,U,0.0,0,0.0,-3.2500000000000306
35841,quiet_pre,0.4453,U,0.0,0,0.0,-3.2500000000000306
35937,quiet_pre,0.4453,S,0.0,0,0.0,-3.2500000000000306
36031,quiet_pre,0.4452,U,0.0,0,0.0,-3.3500000000000196
36127,quiet_pre,0.4452,U,0.0,0,0.0,-3.3500000000000196
36222,quiet_pre,0.4452,S,0.0,0,0.0,-3.3500000000000196
36318,quiet_pre,0.4452,S,0.0,0,0.0,-3.3500000000000196
36414,quiet_pre,0.4452,S,0.0,0,0.0,-3.3500000000000196
36510,quiet_pre,0.4452,S,0.0,0,0.0,-3.3500000000000196
36606,quiet_pre,0.4452,S,0.0,0,0.0,-3.3500000000000196
36702,quiet_pre,0.4452,S,0.0,0,0.0,-3.3500000000000196
36798,quiet_pre,0.4452,S,0.0,0,0.0,-3.3500000000000196
36892,quiet_pre,0.4452,S,0.0,0,0.0,-3.3500000000000196
36987,quiet_pre,0.4452,S,0.0,0,0.0,-3.3500000000000196
37083,quiet_pre,0.4452,S,0.0,0,0.0,-3.3500000000000196
37179,quiet_pre,0.4452,S,0.0,0,0.0,-3.3500000000000196
37275,quiet_pre,0.4452,S,0.0,0,0.0,-3.3500000000000196
37371,quiet_pre,0.4452,S,0.0,0,0.0,-3.3500000000000196
37467,quiet_pre,0.4452,S,0.0,0,0.0,-3.3500000000000196
37563,quiet_pre,0.4453,S,0.0,0,0.0,-3.2500000000000306
37658,quiet_pre,0.4453,S,0.0,0,0.0,-3.2500000000000306
37752,quiet_pre,0.4453,S,0.0,0,0.0,-3.2500000000000306
37848,quiet_pre,0.4453,S,0.0,0,0.0,-3.2500000000000306
37944,quiet_pre,0.4453,S,0.0,0,0.0,-3.2500000000000306
38040,quiet_pre,0.4453,S,0.0,0,0.0,-3.2500000000000306
38136,quiet_pre,0.4453,S,0.0,0,0.0,-3.2500000000000306
38232,quiet_pre,0.4453,S,0.0,0,0.0,-3.2500000000000306
38328,quiet_pre,0.4453,S,0.0,0,0.0,-3.2500000000000306
38423,quiet_pre,0.4453,S,0.0,0,0.0,-3.2500000000000306
38519,quiet_pre,0.4453,S,0.0,0,0.0,-3.2500000000000306
38615,quiet_pre,0.4453,S,0.0,0,0.0,-3.2500000000000306
38709,quiet_pre,0.4453,S,0.0,0,0.0,-3.2500000000000306
38805,quiet_pre,0.4453,S,0.0,0,0.0,-3.2500000000000306
38901,quiet_pre,0.4453,S,0.0,0,0.0,-3.2500000000000306
38997,quiet_pre,0.4453,S,0.0,0,0.0,-3.2500000000000306
39092,quiet_pre,0.4453,S,0.0,0,0.0,-3.2500000000000306
39188,quiet_pre,0.4452,S,0.0,0,0.0,-3.3500000000000196
39284,quiet_pre,0.4452,S,0.0,0,0.0,-3.3500000000000196
39380,quiet_pre,0.4452,S,0.0,0,0.0,-3.3500000000000196
39476,quiet_pre,0.4452,S,0.0,0,0.0,-3.3500000000000196
39569,quiet_pre,0.4448,U,0.0,0,0.0,-3.750000000000031
39665,quiet_pre,0.4448,U,0.0,0,0.0,-3.750000000000031
39761,quiet_pre,0.4447,U,0.0,0,0.0,-3.85000000000002
39857,quiet_pre,0.4447,U,0.0,0,0.0,-3.85000000000002
39953,quiet_pre,0.4446,U,0.0,0,0.0,-3.950000000000009
40048,quiet_pre,0.4446,U,0.0,0,0.0,-3.950000000000009
40144,quiet_pre,0.4445,U,0.0,0,0.0,-4.049999999999998
40240,quiet_pre,0.4445,U,0.0,0,0.0,-4.049999999999998
40336,quiet_pre,0.4445,U,0.0,0,0.0,-4.049999999999998
40430,quiet_pre,0.4444,U,0.0,0,0.0,-4.149999999999987
40526,quiet_pre,0.4444,U,0.0,0,0.0,-4.149999999999987
40622,quiet_pre,0.4444,S,0.0,0,0.0,-4.149999999999987
40717,quiet_pre,0.4443,U,0.0,0,0.0,-4.250000000000032
40813,quiet_pre,0.4443,U,0.0,0,0.0,-4.250000000000032
40909,quiet_pre,0.4443,S,0.0,0,0.0,-4.250000000000032
41005,quiet_pre,0.4442,U,0.0,0,0.0,-4.350000000000021
41101,quiet_pre,0.4442,U,0.0,0,0.0,-4.350000000000021
41197,quiet_pre,0.4441,U,0.0,0,0.0,-4.45000000000001
41292,quiet_pre,0.4441,U,0.0,0,0.0,-4.45000000000001
41386,quiet_pre,0.444,U,0.0,0,0.0,-4.549999999999999
41482,quiet_pre,0.444,U,0.0,0,0.0,-4.549999999999999
41578,quiet_pre,0.4439,U,0.0,0,0.0,-4.649999999999988
41674,quiet_pre,0.4438,U,0.0,0,0.0,-4.750000000000032
41770,quiet_pre,0.4438,U,0.0,0,0.0,-4.750000000000032
41865,quiet_pre,0.4437,U,0.0,0,0.0,-4.850000000000021
41961,quiet_pre,0.4436,U,0.0,0,0.0,-4.95000000000001
42057,quiet_pre,0.4435,U,0.0,0,0.0,-5.049999999999999
42153,quiet_pre,0.4434,U,0.0,0,0.0,-5.149999999999988
42247,quiet_pre,0.4434,U,0.0,0,0.0,-5.149999999999988
42343,quiet_pre,0.4433,U,0.0,0,0.0,-5.249999999999977
42439,quiet_pre,0.4432,U,0.0,0,0.0,-5.350000000000021
42534,quiet_pre,0.4431,U,0.0,0,0.0,-5.45000000000001
42630,quiet_pre,0.443,U,0.0,0,0.0,-5.549999999999999
42726,quiet_pre,0.4429,U,0.0,0,0.0,-5.649999999999988
42822,quiet_pre,0.4428,U,0.0,0,0.0,-5.749999999999977
42918,quiet_pre,0.4427,U,0.0,0,0.0,-5.850000000000022
43014,quiet_pre,0.4426,U,0.0,0,0.0,-5.950000000000011
43107,quiet_pre,0.4425,U,0.0,0,0.0,-6.05
43203,quiet_pre,0.4425,U,0.0,0,0.0,-6.05
43299,quiet_pre,0.4424,U,0.0,0,0.0,-6.149999999999989
43395,quiet_pre,0.4423,U,0.0,0,0.0,-6.249999999999978
43491,quiet_pre,0.4423,U,0.0,0,0.0,-6.249999999999978
43587,quiet_pre,0.4423,U,0.0,0,0.0,-6.249999999999978
43683,quiet_pre,0.4422,U,0.0,0,0.0,-6.350000000000023
43778,quiet_pre,0.4422,U,0.0,0,0.0,-6.350000000000023
43874,quiet_pre,0.4422,S,0.0,0,0.0,-6.350000000000023
43970,quiet_pre,0.4422,S,0.0,0,0.0,-6.350000000000023
44064,quiet_pre,0.4422,S,0.0,0,0.0,-6.350000000000023
44160,quiet_pre,0.4422,S,0.0,0,0.0,-6.350000000000023
44256,quiet_pre,0.4422,S,0.0,0,0.0,-6.350000000000023
44351,quiet_pre,0.4422,S,0.0,0,0.0,-6.350000000000023
44447,quiet_pre,0.4422,S,0.0,0,0.0,-6.350000000000023
44543,quiet_pre,0.4423,S,0.0,0,0.0,-6.249999999999978
44639,quiet_pre,0.4423,S,0.0,0,0.0,-6.249999999999978
44735,quiet_pre,0.4423,S,0.0,0,0.0,-6.249999999999978
44831,quiet_pre,0.4423,S,0.0,0,0.0,-6.249999999999978
44925,quiet_pre,0.4423,S,0.0,0,0.0,-6.249999999999978
45020,quiet_pre,0.4423,S,0.0,0,0.0,-6.249999999999978
45116,quiet_pre,0.4423,S,0.0,0,0.0,-6.249999999999978
45212,quiet_pre,0.4423,S,0.0,0,0.0,-6.249999999999978
45308,quiet_pre,0.4423,S,0.0,0,0.0,-6.249999999999978
45404,quiet_pre,0.4423,S,0.0,0,0.0,-6.249999999999978
45500,quiet_pre,0.4423,S,0.0,0,0.0,-6.249999999999978
45596,quiet_pre,0.4423,S,0.0,0,0.0,-6.249999999999978
45691,quiet_pre,0.4423,S,0.0,0,0.0,-6.249999999999978
45785,quiet_pre,0.4423,S,0.0,0,0.0,-6.249999999999978
45881,quiet_pre,0.4422,S,0.0,0,0.0,-6.350000000000023
45977,quiet_pre,0.4422,S,0.0,0,0.0,-6.350000000000023
46073,quiet_pre,0.4422,S,0.0,0,0.0,-6.350000000000023
46169,quiet_pre,0.4422,S,0.0,0,0.0,-6.350000000000023
46265,quiet_pre,0.4422,S,0.0,0,0.0,-6.350000000000023
46360,quiet_pre,0.4422,S,0.0,0,0.0,-6.350000000000023
46456,quiet_pre,0.4422,S,0.0,0,0.0,-6.350000000000023
46552,quiet_pre,0.4422,S,0.0,0,0.0,-6.350000000000023
46648,quiet_pre,0.4422,S,0.0,0,0.0,-6.350000000000023
46742,quiet_pre,0.4422,S,0.0,0,0.0,-6.350000000000023
46838,quiet_pre,0.4422,S,0.0,0,0.0,-6.350000000000023
46934,quiet_pre,0.4422,S,0.0,0,0.0,-6.350000000000023
47030,quiet_pre,0.4422,S,0.0,0,0.0,-6.350000000000023
47126,quiet_pre,0.4422,S,0.0,0,0.0,-6.350000000000023
47221,quiet_pre,0.4422,S,0.0,0,0.0,-6.350000000000023
47317,quiet_pre,0.4422,S,0.0,0,0.0,-6.350000000000023
47413,quiet_pre,0.4422,S,0.0,0,0.0,-6.350000000000023
47509,quiet_pre,0.4422,S,0.0,0,0.0,-6.350000000000023
47603,quiet_pre,0.4422,S,0.0,0,0.0,-6.350000000000023
47699,quiet_pre,0.4422,S,0.0,0,0.0,-6.350000000000023
47795,quiet_pre,0.4422,S,0.0,0,0.0,-6.350000000000023
47890,quiet_pre,0.4422,S,0.0,0,0.0,-6.350000000000023
47986,quiet_pre,0.4422,S,0.0,0,0.0,-6.350000000000023
48082,quiet_pre,0.4422,S,0.0,0,0.0,-6.350000000000023
48178,quiet_pre,0.4422,S,0.0,0,0.0,-6.350000000000023
48370,quiet_pre,0.4422,S,0.0,0,0.0,-6.350000000000023
48464,quiet_pre,0.4422,S,0.0,0,0.0,-6.350000000000023
48560,quiet_pre,0.4421,S,0.0,0,0.0,-6.450000000000012
48655,quiet_pre,0.4421,S,0.0,0,0.0,-6.450000000000012
48751,quiet_pre,0.4421,S,0.0,0,0.0,-6.450000000000012
48847,quiet_pre,0.4421,S,0.0,0,0.0,-6.450000000000012
48943,quiet_pre,0.4421,S,0.0,0,0.0,-6.450000000000012
49039,quiet_pre,0.4421,S,0.0,0,0.0,-6.450000000000012
49135,quiet_pre,0.4421,S,0.0,0,0.0,-6.450000000000012
49231,quiet_pre,0.4421,S,0.0,0,0.0,-6.450000000000012
49325,quiet_pre,0.4421,S,0.0,0,0.0,-6.450000000000012
49420,quiet_pre,0.4421,S,0.0,0,0.0,-6.450000000000012
49516,quiet_pre,0.4421,S,0.0,0,0.0,-6.450000000000012
49612,quiet_pre,0.4421,S,0.0,0,0.0,-6.450000000000012
49708,quiet_pre,0.4421,S,0.0,0,0.0,-6.450000000000012
49804,quiet_pre,0.4421,S,0.0,0,0.0,-6.450000000000012
49899,quiet_pre,0.4421,S,0.0,0,0.0,-6.450000000000012
49995,quiet_pre,0.4421,S,0.0,0,0.0,-6.450000000000012
50091,quiet_pre,0.4421,S,0.0,0,0.0,-6.450000000000012
50187,quiet_pre,0.4421,S,0.0,0,0.0,-6.450000000000012
50281,quiet_pre,0.4421,S,0.0,0,0.0,-6.450000000000012
50376,quiet_pre,0.4423,U,0.0,0,0.0,-6.249999999999978
50472,quiet_pre,0.4424,U,0.0,0,0.0,-6.149999999999989
50568,quiet_pre,0.4425,U,0.0,0,0.0,-6.05
50663,quiet_pre,0.4425,U,0.0,0,0.0,-6.05
50759,quiet_pre,0.4426,U,0.0,0,0.0,-5.950000000000011
50855,quiet_pre,0.4426,U,0.0,0,0.0,-5.950000000000011
50951,quiet_pre,0.4426,U,0.0,0,0.0,-5.950000000000011
51047,quiet_pre,0.4427,U,0.0,0,0.0,-5.850000000000022
51141,quiet_pre,0.4427,U,0.0,0,0.0,-5.850000000000022
51237,quiet_pre,0.4427,S,0.0,0,0.0,-5.850000000000022
51332,quiet_pre,0.4427,S,0.0,0,0.0,-5.850000000000022
51428,quiet_pre,0.4427,S,0.0,0,0.0,-5.850000000000022
51524,quiet_pre,0.4427,S,0.0,0,0.0,-5.850000000000022
51620,quiet_pre,0.4427,S,0.0,0,0.0,-5.850000000000022
51716,quiet_pre,0.4427,S,0.0,0,0.0,-5.850000000000022
51811,quiet_pre,0.4427,S,0.0,0,0.0,-5.850000000000022
51907,quiet_pre,0.4426,S,0.0,0,0.0,-5.950000000000011
52001,quiet_pre,0.4426,S,0.0,0,0.0,-5.950000000000011
52097,quiet_pre,0.4426,S,0.0,0,0.0,-5.950000000000011
52193,quiet_pre,0.4426,S,0.0,0,0.0,-5.950000000000011
52289,quiet_pre,0.4426,S,0.0,0,0.0,-5.950000000000011
52385,quiet_pre,0.4426,S,0.0,0,0.0,-5.950000000000011
52481,quiet_pre,0.4426,S,0.0,0,0.0,-5.950000000000011
52576,quiet_pre,0.4426,S,0.0,0,0.0,-5.950000000000011
52672,quiet_pre,0.4426,S,0.0,0,0.0,-5.950000000000011
52768,quiet_pre,0.4426,S,0.0,0,0.0,-5.950000000000011
52864,quiet_pre,0.4426,S,0.0,0,0.0,-5.950000000000011
52958,quiet_pre,0.4426,S,0.0,0,0.0,-5.950000000000011
53054,quiet_pre,0.4426,S,0.0,0,0.0,-5.950000000000011
53150,quiet_pre,0.4425,S,0.0,0,0.0,-6.05
53246,quiet_pre,0.4425,S,0.0,0,0.0,-6.05
53341,quiet_pre,0.4425,S,0.0,0,0.0,-6.05
53437,quiet_pre,0.4425,S,0.0,0,0.0,-6.05
53533,quiet_pre,0.4425,S,0.0,0,0.0,-6.05
53629,quiet_pre,0.4425,S,0.0,0,0.0,-6.05
53725,quiet_pre,0.4425,S,0.0,0,0.0,-6.05
53819,quiet_pre,0.4425,S,0.0,0,0.0,-6.05
53914,quiet_pre,0.4425,S,0.0,0,0.0,-6.05
54010,quiet_pre,0.4424,S,0.0,0,0.0,-6.149999999999989
54106,quiet_pre,0.4421,U,0.0,0,0.0,-6.450000000000012
54202,quiet_pre,0.4421,U,0.0,0,0.0,-6.450000000000012
54297,quiet_pre,0.442,U,0.0,0,0.0,-6.550000000000001
54393,quiet_pre,0.442,U,0.0,0,0.0,-6.550000000000001
54489,quiet_pre,0.442,U,0.0,0,0.0,-6.550000000000001
54585,quiet_pre,0.442,S,0.0,0,0.0,-6.550000000000001
54679,quiet_pre,0.4419,U,0.0,0,0.0,-6.64999999999999
54775,quiet_pre,0.4419,S,0.0,0,0.0,-6.64999999999999
54871,quiet_pre,0.4419,S,0.0,0,0.0,-6.64999999999999
54966,quiet_pre,0.4419,S,0.0,0,0.0,-6.64999999999999
55062,quiet_pre,0.4419,S,0.0,0,0.0,-6.64999999999999
55158,quiet_pre,0.4419,S,0.0,0,0.0,-6.64999999999999
55254,quiet_pre,0.4419,S,0.0,0,0.0,-6.64999999999999
55350,quiet_pre,0.4419,S,0.0,0,0.0,-6.64999999999999
55446,quiet_pre,0.4419,S,0.0,0,0.0,-6.64999999999999
55542,quiet_pre,0.4419,S,0.0,0,0.0,-6.64999999999999
55635,quiet_pre,0.4419,S,0.0,0,0.0,-6.64999999999999
55731,quiet_pre,0.4419,S,0.0,0,0.0,-6.64999999999999
55827,quiet_pre,0.4418,S,0.0,0,0.0,-6.749999999999979
55923,quiet_pre,0.4418,S,0.0,0,0.0,-6.749999999999979
56019,quiet_pre,0.4418,S,0.0,0,0.0,-6.749999999999979
56115,quiet_pre,0.4418,S,0.0,0,0.0,-6.749999999999979
56211,quiet_pre,0.4418,S,0.0,0,0.0,-6.749999999999979
56306,quiet_pre,0.4418,S,0.0,0,0.0,-6.749999999999979
56402,quiet_pre,0.4418,S,0.0,0,0.0,-6.749999999999979
56496,quiet_pre,0.4418,S,0.0,0,0.0,-6.749999999999979
56592,quiet_pre,0.4418,S,0.0,0,0.0,-6.749999999999979
56688,quiet_pre,0.4418,S,0.0,0,0.0,-6.749999999999979
56784,quiet_pre,0.4418,S,0.0,0,0.0,-6.749999999999979
56880,quiet_pre,0.4418,S,0.0,0,0.0,-6.749999999999979
56975,quiet_pre,0.4418,S,0.0,0,0.0,-6.749999999999979
57071,quiet_pre,0.4418,S,0.0,0,0.0,-6.749999999999979
57167,quiet_pre,0.4418,S,0.0,0,0.0,-6.749999999999979
57263,quiet_pre,0.4418,S,0.0,0,0.0,-6.749999999999979
57357,quiet_pre,0.4418,S,0.0,0,0.0,-6.749999999999979
57453,quiet_pre,0.4418,S,0.0,0,0.0,-6.749999999999979
57549,quiet_pre,0.4418,S,0.0,0,0.0,-6.749999999999979
57644,quiet_pre,0.4418,S,0.0,0,0.0,-6.749999999999979
57740,quiet_pre,0.4418,S,0.0,0,0.0,-6.749999999999979
57836,quiet_pre,0.4418,S,0.0,0,0.0,-6.749999999999979
57932,quiet_pre,0.4418,S,0.0,0,0.0,-6.749999999999979
58028,quiet_pre,0.4418,S,0.0,0,0.0,-6.749999999999979
58124,quiet_pre,0.4418,S,0.0,0,0.0,-6.749999999999979
58218,quiet_pre,0.4418,S,0.0,0,0.0,-6.749999999999979
58314,quiet_pre,0.4418,S,0.0,0,0.0,-6.749999999999979
58409,quiet_pre,0.4418,S,0.0,0,0.0,-6.749999999999979
58505,quiet_pre,0.4418,S,0.0,0,0.0,-6.749999999999979
58601,quiet_pre,0.4418,S,0.0,0,0.0,-6.749999999999979
58697,quiet_pre,0.4418,S,0.0,0,0.0,-6.749999999999979
58793,quiet_pre,0.4418,S,0.0,0,0.0,-6.749999999999979
58889,quiet_pre,0.4418,S,0.0,0,0.0,-6.749999999999979
58985,quiet_pre,0.4418,S,0.0,0,0.0,-6.749999999999979
59081,quiet_pre,0.4418,S,0.0,0,0.0,-6.749999999999979
59175,quiet_pre,0.4418,S,0.0,0,0.0,-6.749999999999979
59270,quiet_pre,0.4418,S,0.0,0,0.0,-6.749999999999979
59366,quiet_pre,0.4418,S,0.0,0,0.0,-6.749999999999979
59462,quiet_pre,0.4418,S,0.0,0,0.0,-6.749999999999979
59558,quiet_pre,0.4418,S,0.0,0,0.0,-6.749999999999979
59654,quiet_pre,0.4418,S,0.0,0,0.0,-6.749999999999979
59750,quiet_pre,0.4418,S,0.0,0,0.0,-6.749999999999979
59845,quiet_pre,0.4418,S,0.0,0,0.0,-6.749999999999979
59941,quiet_pre,0.4418,S,0.0,0,0.0,-6.749999999999979
60035,quiet_pre,0.4418,S,0.0,0,0.0,-6.749999999999979
60131,quiet_pre,0.4418,S,0.0,0,0.0,-6.749999999999979
60227,quiet_pre,0.4418,S,0.0,0,0.0,-6.749999999999979
60323,quiet_pre,0.4418,S,0.0,0,0.0,-6.749999999999979
60418,quiet_pre,0.4414,U,0.0,0,0.0,-7.14999999999999
60513,quiet_pre,0.4414,U,0.0,0,0.0,-7.14999999999999
60609,quiet_pre,0.4414,U,0.0,0,0.0,-7.14999999999999
60705,quiet_pre,0.4413,U,0.0,0,0.0,-7.249999999999979
60801,quiet_pre,0.4413,U,0.0,0,0.0,-7.249999999999979
60903,quiet_pre,0.4412,U,0.0,0,0.0,-7.350000000000023
61098,quiet_pre,0.4412,U,0.0,0,0.0,-7.350000000000023
61278,quiet_pre,0.4411,U,0.0,0,0.0,-7.450000000000012
61374,quiet_pre,0.4411,S,0.0,0,0.0,-7.450000000000012
61470,quiet_pre,0.4411,S,0.0,0,0.0,-7.450000000000012
61566,quiet_pre,0.441,U,0.0,0,0.0,-7.550000000000001
61662,quiet_pre,0.441,S,0.0,0,0.0,-7.550000000000001
61758,quiet_pre,0.441,S,0.0,0,0.0,-7.550000000000001
61851,quiet_pre,0.4409,U,0.0,0,0.0,-7.64999999999999
61947,quiet_pre,0.4409,U,0.0,0,0.0,-7.64999999999999
62043,quiet_pre,0.4409,S,0.0,0,0.0,-7.64999999999999
62139,quiet_pre,0.4409,S,0.0,0,0.0,-7.64999999999999
62235,quiet_pre,0.4408,U,0.0,0,0.0,-7.749999999999979
62331,quiet_pre,0.4408,S,0.0,0,0.0,-7.749999999999979
62426,quiet_pre,0.4408,S,0.0,0,0.0,-7.749999999999979
62522,quiet_pre,0.4408,S,0.0,0,0.0,-7.749999999999979
62618,quiet_pre,0.4407,U,0.0,0,0.0,-7.850000000000024
62712,quiet_pre,0.4407,S,0.0,0,0.0,-7.850000000000024
62808,quiet_pre,0.4407,S,0.0,0,0.0,-7.850000000000024
62904,quiet_pre,0.4407,S,0.0,0,0.0,-7.850000000000024
63000,quiet_pre,0.4407,S,0.0,0,0.0,-7.850000000000024
63095,quiet_pre,0.4406,S,0.0,0,0.0,-7.950000000000013
63191,quiet_pre,0.4406,S,0.0,0,0.0,-7.950000000000013
63287,quiet_pre,0.4407,S,0.0,0,0.0,-7.850000000000024
63383,quiet_pre,0.4407,S,0.0,0,0.0,-7.850000000000024
63479,quiet_pre,0.4407,S,0.0,0,0.0,-7.850000000000024
63573,quiet_pre,0.4407,S,0.0,0,0.0,-7.850000000000024
63669,quiet_pre,0.4407,S,0.0,0,0.0,-7.850000000000024
63764,quiet_pre,0.4407,S,0.0,0,0.0,-7.850000000000024
63860,quiet_pre,0.4407,S,0.0,0,0.0,-7.850000000000024
63956,quiet_pre,0.4407,S,0.0,0,0.0,-7.850000000000024
64052,quiet_pre,0.4407,S,0.0,0,0.0,-7.850000000000024
64148,quiet_pre,0.4407,S,0.0,0,0.0,-7.850000000000024
64244,quiet_pre,0.4408,S,0.0,0,0.0,-7.749999999999979
64340,quiet_pre,0.4408,S,0.0,0,0.0,-7.749999999999979
64436,quiet_pre,0.4408,S,0.0,0,0.0,-7.749999999999979
64529,quiet_pre,0.4408,S,0.0,0,0.0,-7.749999999999979
64625,quiet_pre,0.4408,S,0.0,0,0.0,-7.749999999999979
64721,quiet_pre,0.4408,S,0.0,0,0.0,-7.749999999999979
64817,quiet_pre,0.4408,S,0.0,0,0.0,-7.749999999999979
64913,quiet_pre,0.4408,S,0.0,0,0.0,-7.749999999999979
65009,quiet_pre,0.4408,S,0.0,0,0.0,-7.749999999999979
65105,quiet_pre,0.4408,S,0.0,0,0.0,-7.749999999999979
65200,quiet_pre,0.4409,S,0.0,0,0.0,-7.64999999999999
65296,quiet_pre,0.4409,S,0.0,0,0.0,-7.64999999999999
65390,quiet_pre,0.4409,S,0.0,0,0.0,-7.64999999999999
65486,quiet_pre,0.4409,S,0.0,0,0.0,-7.64999999999999
65582,quiet_pre,0.4409,S,0.0,0,0.0,-7.64999999999999
65678,quiet_pre,0.4409,S,0.0,0,0.0,-7.64999999999999
65774,quiet_pre,0.4409,S,0.0,0,0.0,-7.64999999999999
65869,quiet_pre,0.4409,S,0.0,0,0.0,-7.64999999999999
65965,quiet_pre,0.4409,S,0.0,0,0.0,-7.64999999999999
66061,quiet_pre,0.4409,S,0.0,0,0.0,-7.64999999999999
66157,quiet_pre,0.4409,S,0.0,0,0.0,-7.64999999999999
66251,quiet_pre,0.4409,S,0.0,0,0.0,-7.64999999999999
66347,quiet_pre,0.4409,S,0.0,0,0.0,-7.64999999999999
66443,quiet_pre,0.4409,S,0.0,0,0.0,-7.64999999999999
66539,quiet_pre,0.4409,S,0.0,0,0.0,-7.64999999999999
66634,quiet_pre,0.441,S,0.0,0,0.0,-7.550000000000001
66730,quiet_pre,0.441,S,0.0,0,0.0,-7.550000000000001
66825,quiet_pre,0.4415,U,0.0,0,0.0,-7.050000000000001
66921,quiet_pre,0.4415,U,0.0,0,0.0,-7.050000000000001
67017,quiet_pre,0.4416,U,0.0,0,0.0,-6.950000000000012
67113,quiet_pre,0.4417,U,0.0,0,0.0,-6.850000000000023
67207,quiet_pre,0.4418,U,0.0,0,0.0,-6.749999999999979
67303,quiet_pre,0.4418,U,0.0,0,0.0,-6.749999999999979
67398,quiet_pre,0.4419,U,0.0,0,0.0,-6.64999999999999
67494,quiet_pre,0.442,U,0.0,0,0.0,-6.550000000000001
67590,quiet_pre,0.442,U,0.0,0,0.0,-6.550000000000001
67686,quiet_pre,0.4421,U,0.0,0,0.0,-6.450000000000012
67782,quiet_pre,0.4421,U,0.0,0,0.0,-6.450000000000012
67878,quiet_pre,0.4422,U,0.0,0,0.0,-6.350000000000023
67973,quiet_pre,0.4422,U,0.0,0,0.0,-6.350000000000023
68067,quiet_pre,0.4422,U,0.0,0,0.0,-6.350000000000023
68163,quiet_pre,0.4422,S,0.0,0,0.0,-6.350000000000023
68259,quiet_pre,0.4423,U,0.0,0,0.0,-6.249999999999978
68355,quiet_pre,0.4423,S,0.0,0,0.0,-6.249999999999978
68451,quiet_pre,0.4423,S,0.0,0,0.0,-6.249999999999978
68547,quiet_pre,0.4423,S,0.0,0,0.0,-6.249999999999978
68642,quiet_pre,0.4423,S,0.0,0,0.0,-6.249999999999978
68738,quiet_pre,0.4423,S,0.0,0,0.0,-6.249999999999978
68834,quiet_pre,0.4423,S,0.0,0,0.0,-6.249999999999978
68928,quiet_pre,0.4422,S,0.0,0,0.0,-6.350000000000023
69024,quiet_pre,0.4422,S,0.0,0,0.0,-6.350000000000023
69120,quiet_pre,0.4422,S,0.0,0,0.0,-6.350000000000023
69216,quiet_pre,0.4422,S,0.0,0,0.0,-6.350000000000023
69312,quiet_pre,0.4422,S,0.0,0,0.0,-6.350000000000023
69407,quiet_pre,0.4422,S,0.0,0,0.0,-6.350000000000023
69503,quiet_pre,0.4422,S,0.0,0,0.0,-6.350000000000023
69599,quiet_pre,0.4422,S,0.0,0,0.0,-6.350000000000023
69695,quiet_pre,0.4422,S,0.0,0,0.0,-6.350000000000023
69789,quiet_pre,0.4422,S,0.0,0,0.0,-6.350000000000023
69885,quiet_pre,0.4422,S,0.0,0,0.0,-6.350000000000023
69981,quiet_pre,0.4422,S,0.0,0,0.0,-6.350000000000023
70076,quiet_pre,0.4422,S,0.0,0,0.0,-6.350000000000023
70172,quiet_pre,0.4422,S,0.0,0,0.0,-6.350000000000023
70268,quiet_pre,0.4422,S,0.0,0,0.0,-6.350000000000023
70364,quiet_pre,0.4422,S,0.0,0,0.0,-6.350000000000023
70460,quiet_pre,0.4422,S,0.0,0,0.0,-6.350000000000023
70556,quiet_pre,0.4422,S,0.0,0,0.0,-6.350000000000023
70652,quiet_pre,0.4421,S,0.0,0,0.0,-6.450000000000012
70745,quiet_pre,0.4421,S,0.0,0,0.0,-6.450000000000012
70841,quiet_pre,0.4421,S,0.0,0,0.0,-6.450000000000012
70937,quiet_pre,0.4421,S,0.0,0,0.0,-6.450000000000012
71033,quiet_pre,0.4421,S,0.0,0,0.0,-6.450000000000012
71129,quiet_pre,0.4421,S,0.0,0,0.0,-6.450000000000012
71225,quiet_pre,0.4421,S,0.0,0,0.0,-6.450000000000012
71321,quiet_pre,0.4421,S,0.0,0,0.0,-6.450000000000012
71416,quiet_pre,0.4418,U,0.0,0,0.0,-6.749999999999979
71512,quiet_pre,0.4417,U,0.0,0,0.0,-6.850000000000023
71606,quiet_pre,0.4417,U,0.0,0,0.0,-6.850000000000023
71702,quiet_pre,0.4417,U,0.0,0,0.0,-6.850000000000023
71797,quiet_pre,0.4417,U,0.0,0,0.0,-6.850000000000023
71893,quiet_pre,0.4417,S,0.0,0,0.0,-6.850000000000023
71989,quiet_pre,0.4417,S,0.0,0,0.0,-6.850000000000023
72085,quiet_pre,0.4417,S,0.0,0,0.0,-6.850000000000023
72181,quiet_pre,0.4417,S,0.0,0,0.0,-6.850000000000023
72277,quiet_pre,0.4417,S,0.0,0,0.0,-6.850000000000023
72372,quiet_pre,0.4417,S,0.0,0,0.0,-6.850000000000023
72467,quiet_pre,0.4417,S,0.0,0,0.0,-6.850000000000023
72562,quiet_pre,0.4417,S,0.0,0,0.0,-6.850000000000023
72658,quiet_pre,0.4417,S,0.0,0,0.0,-6.850000000000023
72754,quiet_pre,0.4417,S,0.0,0,0.0,-6.850000000000023
72850,quiet_pre,0.4417,S,0.0,0,0.0,-6.850000000000023
72946,quiet_pre,0.4417,S,0.0,0,0.0,-6.850000000000023
73042,quiet_pre,0.4417,S,0.0,0,0.0,-6.850000000000023
73137,quiet_pre,0.4418,S,0.0,0,0.0,-6.749999999999979
73233,quiet_pre,0.4418,S,0.0,0,0.0,-6.749999999999979
73329,quiet_pre,0.4418,S,0.0,0,0.0,-6.749999999999979
73434,quiet_pre,0.4418,S,0.0,0,0.0,-6.749999999999979
73615,quiet_pre,0.4418,S,0.0,0,0.0,-6.749999999999979
73711,quiet_pre,0.4418,S,0.0,0,0.0,-6.749999999999979
73807,quiet_pre,0.4418,S,0.0,0,0.0,-6.749999999999979
73902,quiet_pre,0.4418,S,0.0,0,0.0,-6.749999999999979
73998,quiet_pre,0.4418,S,0.0,0,0.0,-6.749999999999979
74094,quiet_pre,0.4419,S,0.0,0,0.0,-6.64999999999999
74190,quiet_pre,0.4419,S,0.0,0,0.0,-6.64999999999999
74283,quiet_pre,0.4422,U,0.0,0,0.0,-6.350000000000023
74379,quiet_pre,0.4422,U,0.0,0,0.0,-6.350000000000023
74475,quiet_pre,0.4422,U,0.0,0,0.0,-6.350000000000023
74571,quiet_pre,0.4423,U,0.0,0,0.0,-6.249999999999978
74667,quiet_pre,0.4423,U,0.0,0,0.0,-6.249999999999978
74763,quiet_pre,0.4423,S,0.0,0,0.0,-6.249999999999978
74859,quiet_pre,0.4424,U,0.0,0,0.0,-6.149999999999989
74954,quiet_pre,0.4424,U,0.0,0,0.0,-6.149999999999989
75050,quiet_pre,0.4424,S,0.0,0,0.0,-6.149999999999989
75144,quiet_pre,0.4424,S,0.0,0,0.0,-6.149999999999989
75240,quiet_pre,0.4424,S,0.0,0,0.0,-6.149999999999989
75336,quiet_pre,0.4425,S,0.0,0,0.0,-6.05
75432,quiet_pre,0.4425,S,0.0,0,0.0,-6.05
75528,quiet_pre,0.4425,S,0.0,0,0.0,-6.05
75623,quiet_pre,0.4425,S,0.0,0,0.0,-6.05
75719,quiet_pre,0.4425,S,0.0,0,0.0,-6.05
75815,quiet_pre,0.4425,S,0.0,0,0.0,-6.05
75911,quiet_pre,0.4425,S,0.0,0,0.0,-6.05
76007,quiet_pre,0.4425,S,0.0,0,0.0,-6.05
76101,quiet_pre,0.4425,S,0.0,0,0.0,-6.05
76196,quiet_pre,0.4425,S,0.0,0,0.0,-6.05
76292,quiet_pre,0.4425,S,0.0,0,0.0,-6.05
76388,quiet_pre,0.4425,S,0.0,0,0.0,-6.05
76484,quiet_pre,0.4425,S,0.0,0,0.0,-6.05
76580,quiet_pre,0.4425,S,0.0,0,0.0,-6.05
76676,quiet_pre,0.4425,S,0.0,0,0.0,-6.05
76772,quiet_pre,0.4425,S,0.0,0,0.0,-6.05
76868,quiet_pre,0.4425,S,0.0,0,0.0,-6.05
76961,quiet_pre,0.4425,S,0.0,0,0.0,-6.05
77057,quiet_pre,0.4425,S,0.0,0,0.0,-6.05
77153,quiet_pre,0.4426,S,0.0,0,0.0,-5.950000000000011
77249,quiet_pre,0.4426,S,0.0,0,0.0,-5.950000000000011
77345,quiet_pre,0.4426,S,0.0,0,0.0,-5.950000000000011
77441,quiet_pre,0.4426,S,0.0,0,0.0,-5.950000000000011
77537,quiet_pre,0.4426,S,0.0,0,0.0,-5.950000000000011
77632,quiet_pre,0.4426,S,0.0,0,0.0,-5.950000000000011
77728,quiet_pre,0.4426,S,0.0,0,0.0,-5.950000000000011
77822,quiet_pre,0.4426,S,0.0,0,0.0,-5.950000000000011
77918,quiet_pre,0.4426,S,0.0,0,0.0,-5.950000000000011
78014,quiet_pre,0.4426,S,0.0,0,0.0,-5.950000000000011
78110,quiet_pre,0.4427,S,0.0,0,0.0,-5.850000000000022
78206,quiet_pre,0.4427,S,0.0,0,0.0,-5.850000000000022
78302,quiet_pre,0.4427,S,0.0,0,0.0,-5.850000000000022
78397,quiet_pre,0.4427,S,0.0,0,0.0,-5.850000000000022
78493,quiet_pre,0.4427,S,0.0,0,0.0,-5.850000000000022
78589,quiet_pre,0.4427,S,0.0,0,0.0,-5.850000000000022
78683,quiet_pre,0.4427,S,0.0,0,0.0,-5.850000000000022
78779,quiet_pre,0.4427,S,0.0,0,0.0,-5.850000000000022
78875,quiet_pre,0.4427,S,0.0,0,0.0,-5.850000000000022
78971,quiet_pre,0.4427,S,0.0,0,0.0,-5.850000000000022
79066,quiet_pre,0.4427,S,0.0,0,0.0,-5.850000000000022
79162,quiet_pre,0.4428,S,0.0,0,0.0,-5.749999999999977
79258,quiet_pre,0.4428,S,0.0,0,0.0,-5.749999999999977
79354,quiet_pre,0.4428,S,0.0,0,0.0,-5.749999999999977
79450,quiet_pre,0.4428,S,0.0,0,0.0,-5.749999999999977
79546,quiet_pre,0.4428,S,0.0,0,0.0,-5.749999999999977
79640,quiet_pre,0.4428,S,0.0,0,0.0,-5.749999999999977
79736,quiet_pre,0.4428,S,0.0,0,0.0,-5.749999999999977
79831,quiet_pre,0.4428,S,0.0,0,0.0,-5.749999999999977
79927,quiet_pre,0.4428,S,0.0,0,0.0,-5.749999999999977
80023,quiet_pre,0.4428,S,0.0,0,0.0,-5.749999999999977
80119,quiet_pre,0.4428,S,0.0,0,0.0,-5.749999999999977
80215,quiet_pre,0.4428,S,0.0,0,0.0,-5.749999999999977
80311,quiet_pre,0.4428,S,0.0,0,0.0,-5.749999999999977
80407,quiet_pre,0.4428,S,0.0,0,0.0,-5.749999999999977
80500,quiet_pre,0.4428,S,0.0,0,0.0,-5.749999999999977
80596,quiet_pre,0.4429,S,0.0,0,0.0,-5.649999999999988
80692,quiet_pre,0.4429,S,0.0,0,0.0,-5.649999999999988
80788,quiet_pre,0.4429,S,0.0,0,0.0,-5.649999999999988
80884,quiet_pre,0.4429,S,0.0,0,0.0,-5.649999999999988
80980,quiet_pre,0.4429,S,0.0,0,0.0,-5.649999999999988
81075,quiet_pre,0.4429,S,0.0,0,0.0,-5.649999999999988
81171,quiet_pre,0.443,S,0.0,0,0.0,-5.549999999999999
81267,quiet_pre,0.443,S,0.0,0,0.0,-5.549999999999999
81361,quiet_pre,0.443,S,0.0,0,0.0,-5.549999999999999
81457,quiet_pre,0.443,S,0.0,0,0.0,-5.549999999999999
81552,quiet_pre,0.4435,U,0.0,0,0.0,-5.049999999999999
81648,quiet_pre,0.4435,U,0.0,0,0.0,-5.049999999999999
81743,quiet_pre,0.4435,U,0.0,0,0.0,-5.049999999999999
81839,quiet_pre,0.4435,U,0.0,0,0.0,-5.049999999999999
81935,quiet_pre,0.4435,U,0.0,0,0.0,-5.049999999999999
82031,quiet_pre,0.4436,S,0.0,0,0.0,-4.95000000000001
82127,quiet_pre,0.4436,S,0.0,0,0.0,-4.95000000000001
82223,quiet_pre,0.4436,S,0.0,0,0.0,-4.95000000000001
82317,quiet_pre,0.4436,S,0.0,0,0.0,-4.95000000000001
82412,quiet_pre,0.4436,S,0.0,0,0.0,-4.95000000000001
82508,quiet_pre,0.4436,S,0.0,0,0.0,-4.95000000000001
82604,quiet_pre,0.4436,S,0.0,0,0.0,-4.95000000000001
82700,quiet_pre,0.4436,S,0.0,0,0.0,-4.95000000000001
82796,quiet_pre,0.4437,S,0.0,0,0.0,-4.850000000000021
82892,quiet_pre,0.4437,S,0.0,0,0.0,-4.850000000000021
82988,quiet_pre,0.4438,U,0.0,0,0.0,-4.750000000000032
83083,quiet_pre,0.4439,U,0.0,0,0.0,-4.649999999999988
83177,quiet_pre,0.4439,U,0.0,0,0.0,-4.649999999999988
83273,quiet_pre,0.444,U,0.0,0,0.0,-4.549999999999999
83369,quiet_pre,0.444,U,0.0,0,0.0,-4.549999999999999
83465,quiet_pre,0.444,U,0.0,0,0.0,-4.549999999999999
83560,quiet_pre,0.4441,U,0.0,0,0.0,-4.45000000000001
83657,quiet_pre,0.4441,U,0.0,0,0.0,-4.45000000000001
83752,quiet_pre,0.4441,S,0.0,0,0.0,-4.45000000000001
83848,quiet_pre,0.4442,U,0.0,0,0.0,-4.350000000000021
83944,quiet_pre,0.4442,U,0.0,0,0.0,-4.350000000000021
84038,quiet_pre,0.4442,S,0.0,0,0.0,-4.350000000000021
84134,quiet_pre,0.4442,S,0.0,0,0.0,-4.350000000000021
84229,quiet_pre,0.4442,S,0.0,0,0.0,-4.350000000000021
84325,quiet_pre,0.4442,S,0.0,0,0.0,-4.350000000000021
84421,quiet_pre,0.4443,S,0.0,0,0.0,-4.250000000000032
84517,quiet_pre,0.4443,S,0.0,0,0.0,-4.250000000000032
84613,quiet_pre,0.4443,S,0.0,0,0.0,-4.250000000000032
84709,quiet_pre,0.4444,U,0.0,0,0.0,-4.149999999999987
84804,quiet_pre,0.4444,U,0.0,0,0.0,-4.149999999999987
84901,quiet_pre,0.4444,S,0.0,0,0.0,-4.149999999999987
84994,quiet_pre,0.4444,S,0.0,0,0.0,-4.149999999999987
85090,quiet_pre,0.4445,U,0.0,0,0.0,-4.049999999999998
85186,quiet_pre,0.4445,S,0.0,0,0.0,-4.049999999999998
85282,quiet_pre,0.4445,S,0.0,0,0.0,-4.049999999999998
85378,quiet_pre,0.4445,S,0.0,0,0.0,-4.049999999999998
85473,quiet_pre,0.4446,U,0.0,0,0.0,-3.950000000000009
85569,quiet_pre,0.4446,S,0.0,0,0.0,-3.950000000000009
85665,quiet_pre,0.4446,S,0.0,0,0.0,-3.950000000000009
85761,quiet_pre,0.4447,U,0.0,0,0.0,-3.85000000000002
85855,quiet_pre,0.4447,U,0.0,0,0.0,-3.85000000000002
85951,quiet_pre,0.4448,U,0.0,0,0.0,-3.750000000000031
86052,quiet_pre,0.4448,U,0.0,0,0.0,-3.750000000000031
86142,quiet_pre,0.4448,U,0.0,0,0.0,-3.750000000000031
86238,quiet_pre,0.4449,U,0.0,0,0.0,-3.6499999999999866
86334,quiet_pre,0.4449,U,0.0,0,0.0,-3.6499999999999866
86430,quiet_pre,0.4449,S,0.0,0,0.0,-3.6499999999999866
86526,quiet_pre,0.445,U,0.0,0,0.0,-3.5499999999999976
86622,quiet_pre,0.445,U,0.0,0,0.0,-3.5499999999999976
86716,quiet_pre,0.445,S,0.0,0,0.0,-3.5499999999999976
86811,quiet_pre,0.445,S,0.0,0,0.0,-3.5499999999999976
86907,quiet_pre,0.445,S,0.0,0,0.0,-3.5499999999999976
87003,quiet_pre,0.4451,S,0.0,0,0.0,-3.4500000000000086
87099,quiet_pre,0.4451,S,0.0,0,0.0,-3.4500000000000086
87195,quiet_pre,0.4451,S,0.0,0,0.0,-3.4500000000000086
87290,quiet_pre,0.4452,U,0.0,0,0.0,-3.3500000000000196
87386,quiet_pre,0.4452,U,0.0,0,0.0,-3.3500000000000196
87482,quiet_pre,0.4452,S,0.0,0,0.0,-3.3500000000000196
87576,quiet_pre,0.4453,U,0.0,0,0.0,-3.2500000000000306
87672,quiet_pre,0.4453,U,0.0,0,0.0,-3.2500000000000306
87768,quiet_pre,0.4453,S,0.0,0,0.0,-3.2500000000000306
87864,quiet_pre,0.4454,U,0.0,0,0.0,-3.149999999999986
87960,quiet_pre,0.4454,U,0.0,0,0.0,-3.149999999999986
88055,quiet_pre,0.4455,U,0.0,0,0.0,-3.049999999999997
88151,quiet_pre,0.4455,U,0.0,0,0.0,-3.049999999999997
88247,quiet_pre,0.4455,U,0.0,0,0.0,-3.049999999999997
88343,quiet_pre,0.4455,S,0.0,0,0.0,-3.049999999999997
88439,quiet_pre,0.4456,U,0.0,0,0.0,-2.950000000000008
88533,quiet_pre,0.4456,S,0.0,0,0.0,-2.950000000000008
88628,quiet_pre,0.4456,S,0.0,0,0.0,-2.950000000000008
88724,quiet_pre,0.4457,U,0.0,0,0.0,-2.850000000000019
88820,quiet_pre,0.4457,U,0.0,0,0.0,-2.850000000000019
88916,quiet_pre,0.4457,S,0.0,0,0.0,-2.850000000000019
89012,quiet_pre,0.4458,U,0.0,0,0.0,-2.75000000000003
89108,quiet_pre,0.4458,U,0.0,0,0.0,-2.75000000000003
89203,quiet_pre,0.4458,S,0.0,0,0.0,-2.75000000000003
89299,quiet_pre,0.4459,U,0.0,0,0.0,-2.6499999999999857
89393,quiet_pre,0.4459,U,0.0,0,0.0,-2.6499999999999857
89489,quiet_pre,0.4459,S,0.0,0,0.0,-2.6499999999999857
89585,quiet_pre,0.446,U,0.0,0,0.0,-2.5499999999999967
89681,quiet_pre,0.446,U,0.0,0,0.0,-2.5499999999999967
89777,quiet_pre,0.4461,U,0.0,0,0.0,-2.4500000000000077
89872,quiet_pre,0.4461,U,0.0,0,0.0,-2.4500000000000077
89968,quiet_pre,0.4461,U,0.0,0,0.0,-2.4500000000000077
90064,quiet_pre,0.4462,U,0.0,0,0.0,-2.3500000000000187
90160,quiet_pre,0.4462,U,0.0,0,0.0,-2.3500000000000187
90254,quiet_pre,0.4462,S,0.0,0,0.0,-2.3500000000000187
90350,quiet_pre,0.4463,U,0.0,0,0.0,-2.2500000000000298
90445,quiet_pre,0.4463,U,0.0,0,0.0,-2.2500000000000298
90541,quiet_pre,0.4463,S,0.0,0,0.0,-2.2500000000000298
90637,quiet_pre,0.4464,U,0.0,0,0.0,-2.1499999999999853
90733,quiet_pre,0.4464,U,0.0,0,0.0,-2.1499999999999853
90829,quiet_pre,0.4464,S,0.0,0,0.0,-2.1499999999999853
90925,quiet_pre,0.4464,S,0.0,0,0.0,-2.1499999999999853
91021,quiet_pre,0.4465,U,0.0,0,0.0,-2.0499999999999963
91116,quiet_pre,0.4465,S,0.0,0,0.0,-2.0499999999999963
91210,quiet_pre,0.4465,S,0.0,0,0.0,-2.0499999999999963
91306,quiet_pre,0.4465,S,0.0,0,0.0,-2.0499999999999963
91402,quiet_pre,0.4466,U,0.0,0,0.0,-1.9500000000000073
91498,quiet_pre,0.4466,S,0.0,0,0.0,-1.9500000000000073
91594,quiet_pre,0.4466,S,0.0,0,0.0,-1.9500000000000073
91689,quiet_pre,0.4466,S,0.0,0,0.0,-1.9500000000000073
91785,quiet_pre,0.4466,S,0.0,0,0.0,-1.9500000000000073
91881,quiet_pre,0.4467,S,0.0,0,0.0,-1.8500000000000183
91977,quiet_pre,0.4467,S,0.0,0,0.0,-1.8500000000000183
92071,quiet_pre,0.4467,S,0.0,0,0.0,-1.8500000000000183
92167,quiet_pre,0.4467,S,0.0,0,0.0,-1.8500000000000183
92262,quiet_pre,0.4468,U,0.0,0,0.0,-1.7500000000000293
92358,quiet_pre,0.4468,S,0.0,0,0.0,-1.7500000000000293
92454,quiet_pre,0.4468,S,0.0,0,0.0,-1.7500000000000293
92550,quiet_pre,0.4468,S,0.0,0,0.0,-1.7500000000000293
92646,quiet_pre,0.4469,U,0.0,0,0.0,-1.6499999999999848
92742,quiet_pre,0.4469,S,0.0,0,0.0,-1.6499999999999848
92838,quiet_pre,0.4469,S,0.0,0,0.0,-1.6499999999999848
92931,quiet_pre,0.4469,S,0.0,0,0.0,-1.6499999999999848
93027,quiet_pre,0.4469,S,0.0,0,0.0,-1.6499999999999848
93123,quiet_pre,0.4469,S,0.0,0,0.0,-1.6499999999999848
93219,quiet_pre,0.4469,S,0.0,0,0.0,-1.6499999999999848
93315,quiet_pre,0.4469,S,0.0,0,0.0,-1.6499999999999848
93411,quiet_pre,0.4469,S,0.0,0,0.0,-1.6499999999999848
93507,quiet_pre,0.4469,S,0.0,0,0.0,-1.6499999999999848
93603,quiet_pre,0.4469,S,0.0,0,0.0,-1.6499999999999848
93698,quiet_pre,0.4469,S,0.0,0,0.0,-1.6499999999999848
93794,quiet_pre,0.4469,S,0.0,0,0.0,-1.6499999999999848
93888,quiet_pre,0.4469,S,0.0,0,0.0,-1.6499999999999848
93984,quiet_pre,0.4469,S,0.0,0,0.0,-1.6499999999999848
94080,quiet_pre,0.447,S,0.0,0,0.0,-1.5499999999999958
94176,quiet_pre,0.447,S,0.0,0,0.0,-1.5499999999999958
94272,quiet_pre,0.447,S,0.0,0,0.0,-1.5499999999999958
94367,quiet_pre,0.447,S,0.0,0,0.0,-1.5499999999999958
94463,quiet_pre,0.447,S,0.0,0,0.0,-1.5499999999999958
94559,quiet_pre,0.447,S,0.0,0,0.0,-1.5499999999999958
94655,quiet_pre,0.447,S,0.0,0,0.0,-1.5499999999999958
94749,quiet_pre,0.447,S,0.0,0,0.0,-1.5499999999999958
94845,quiet_pre,0.447,S,0.0,0,0.0,-1.5499999999999958
94941,quiet_pre,0.447,S,0.0,0,0.0,-1.5499999999999958
95037,quiet_pre,0.4471,S,0.0,0,0.0,-1.4500000000000068
95132,quiet_pre,0.4471,S,0.0,0,0.0,-1.4500000000000068
95228,quiet_pre,0.4471,S,0.0,0,0.0,-1.4500000000000068
95324,quiet_pre,0.4471,S,0.0,0,0.0,-1.4500000000000068
95420,quiet_pre,0.4471,S,0.0,0,0.0,-1.4500000000000068
95516,quiet_pre,0.4471,S,0.0,0,0.0,-1.4500000000000068
95610,quiet_pre,0.4471,S,0.0,0,0.0,-1.4500000000000068
95706,quiet_pre,0.4471,S,0.0,0,0.0,-1.4500000000000068
95801,quiet_pre,0.4471,S,0.0,0,0.0,-1.4500000000000068
95897,quiet_pre,0.4471,S,0.0,0,0.0,-1.4500000000000068
95993,quiet_pre,0.4471,S,0.0,0,0.0,-1.4500000000000068
96089,quiet_pre,0.4471,S,0.0,0,0.0,-1.4500000000000068
96185,quiet_pre,0.4471,S,0.0,0,0.0,-1.4500000000000068
96281,quiet_pre,0.4471,S,0.0,0,0.0,-1.4500000000000068
96377,quiet_pre,0.4471,S,0.0,0,0.0,-1.4500000000000068
96473,quiet_pre,0.4472,S,0.0,0,0.0,-1.3500000000000179
96566,quiet_pre,0.4472,S,0.0,0,0.0,-1.3500000000000179
96662,quiet_pre,0.4472,S,0.0,0,0.0,-1.3500000000000179
96758,quiet_pre,0.4472,S,0.0,0,0.0,-1.3500000000000179
96854,quiet_pre,0.4472,S,0.0,0,0.0,-1.3500000000000179
96950,quiet_pre,0.4472,S,0.0,0,0.0,-1.3500000000000179
97046,quiet_pre,0.4472,S,0.0,0,0.0,-1.3500000000000179
97142,quiet_pre,0.4472,S,0.0,0,0.0,-1.3500000000000179
97237,quiet_pre,0.4472,S,0.0,0,0.0,-1.3500000000000179
97333,quiet_pre,0.4472,S,0.0,0,0.0,-1.3500000000000179
97427,quiet_pre,0.4472,S,0.0,0,0.0,-1.3500000000000179
97523,quiet_pre,0.4472,S,0.0,0,0.0,-1.3500000000000179
97619,quiet_pre,0.4472,S,0.0,0,0.0,-1.3500000000000179
97715,quiet_pre,0.4472,S,0.0,0,0.0,-1.3500000000000179
97811,quiet_pre,0.4473,S,0.0,0,0.0,-1.2500000000000289
97906,quiet_pre,0.4473,S,0.0,0,0.0,-1.2500000000000289
98002,quiet_pre,0.4473,S,0.0,0,0.0,-1.2500000000000289
98098,quiet_pre,0.4473,S,0.0,0,0.0,-1.2500000000000289
98194,quiet_pre,0.4473,S,0.0,0,0.0,-1.2500000000000289
98288,quiet_pre,0.4473,S,0.0,0,0.0,-1.2500000000000289
98384,quiet_pre,0.4473,S,0.0,0,0.0,-1.2500000000000289
98480,quiet_pre,0.4473,S,0.0,0,0.0,-1.2500000000000289
98575,quiet_pre,0.4473,S,0.0,0,0.0,-1.2500000000000289
98677,quiet_pre,0.4474,S,0.0,0,0.0,-1.1499999999999844
98767,quiet_pre,0.4474,S,0.0,0,0.0,-1.1499999999999844
98863,quiet_pre,0.4474,S,0.0,0,0.0,-1.1499999999999844
98959,quiet_pre,0.4474,S,0.0,0,0.0,-1.1499999999999844
99055,quiet_pre,0.4474,S,0.0,0,0.0,-1.1499999999999844
99149,quiet_pre,0.4474,S,0.0,0,0.0,-1.1499999999999844
99244,quiet_pre,0.4474,S,0.0,0,0.0,-1.1499999999999844
99340,quiet_pre,0.4474,S,0.0,0,0.0,-1.1499999999999844
99436,quiet_pre,0.4474,S,0.0,0,0.0,-1.1499999999999844
99532,quiet_pre,0.4474,S,0.0,0,0.0,-1.1499999999999844
99628,quiet_pre,0.4474,S,0.0,0,0.0,-1.1499999999999844
99724,quiet_pre,0.4474,S,0.0,0,0.0,-1.1499999999999844
99819,quiet_pre,0.4474,S,0.0,0,0.0,-1.1499999999999844
99915,quiet_pre,0.4475,S,0.0,0,0.0,-1.0499999999999954
100011,quiet_pre,0.4475,S,0.0,0,0.0,-1.0499999999999954
100105,quiet_pre,0.4475,S,0.0,0,0.0,-1.0499999999999954
100201,quiet_pre,0.4475,S,0.0,0,0.0,-1.0499999999999954
100297,quiet_pre,0.4475,S,0.0,0,0.0,-1.0499999999999954
100392,quiet_pre,0.4475,S,0.0,0,0.0,-1.0499999999999954
100488,quiet_pre,0.4475,S,0.0,0,0.0,-1.0499999999999954
100584,quiet_pre,0.4475,S,0.0,0,0.0,-1.0499999999999954
100680,quiet_pre,0.4475,S,0.0,0,0.0,-1.0499999999999954
100776,quiet_pre,0.4475,S,0.0,0,0.0,-1.0499999999999954
100872,quiet_pre,0.4476,S,0.0,0,0.0,-0.9500000000000064
100966,quiet_pre,0.4476,S,0.0,0,0.0,-0.9500000000000064
101061,quiet_pre,0.4476,S,0.0,0,0.0,-0.9500000000000064
101157,quiet_pre,0.4476,S,0.0,0,0.0,-0.9500000000000064
101253,quiet_pre,0.4476,S,0.0,0,0.0,-0.9500000000000064
101349,quiet_pre,0.4476,S,0.0,0,0.0,-0.9500000000000064
101444,quiet_pre,0.4481,U,0.0,0,0.0,-0.45000000000000595
101540,quiet_pre,0.4481,U,0.0,0,0.0,-0.45000000000000595
101636,quiet_pre,0.4482,U,0.0,0,0.0,-0.35000000000001696
101731,quiet_pre,0.4482,U,0.0,0,0.0,-0.35000000000001696
101825,quiet_pre,0.4483,U,0.0,0,0.0,-0.250000000000028
101921,quiet_pre,0.4483,U,0.0,0,0.0,-0.250000000000028
102017,quiet_pre,0.4483,U,0.0,0,0.0,-0.250000000000028
102113,quiet_pre,0.4484,U,0.0,0,0.0,-0.14999999999998348
102209,quiet_pre,0.4484,U,0.0,0,0.0,-0.14999999999998348
102304,quiet_pre,0.4485,U,0.0,0,0.0,-0.04999999999999449
102400,quiet_pre,0.4485,U,0.0,0,0.0,-0.04999999999999449
102496,quiet_pre,0.4485,U,0.0,0,0.0,-0.04999999999999449
102592,quiet_pre,0.4486,U,0.0,0,0.0,0.04999999999999449
102688,quiet_pre,0.4486,U,0.0,0,0.0,0.04999999999999449
102782,quiet_pre,0.4486,S,0.0,0,0.0,0.04999999999999449
102877,quiet_pre,0.4486,S,0.0,0,0.0,0.04999999999999449
102973,quiet_pre,0.4486,S,0.0,0,0.0,0.04999999999999449
103069,quiet_pre,0.4486,S,0.0,0,0.0,0.04999999999999449
103165,quiet_pre,0.4485,S,0.0,0,0.0,-0.04999999999999449
103261,quiet_pre,0.4485,S,0.0,0,0.0,-0.04999999999999449
103357,quiet_pre,0.4485,S,0.0,0,0.0,-0.04999999999999449
103453,quiet_pre,0.4485,S,0.0,0,0.0,-0.04999999999999449
103548,quiet_pre,0.4485,S,0.0,0,0.0,-0.04999999999999449
103643,quiet_pre,0.4485,S,0.0,0,0.0,-0.04999999999999449
103738,quiet_pre,0.4485,S,0.0,0,0.0,-0.04999999999999449
103834,quiet_pre,0.4485,S,0.0,0,0.0,-0.04999999999999449
103930,quiet_pre,0.4485,S,0.0,0,0.0,-0.04999999999999449
104026,quiet_pre,0.4485,S,0.0,0,0.0,-0.04999999999999449
104122,quiet_pre,0.4485,S,0.0,0,0.0,-0.04999999999999449
104217,quiet_pre,0.4485,S,0.0,0,0.0,-0.04999999999999449
104313,quiet_pre,0.4484,S,0.0,0,0.0,-0.14999999999998348
104409,quiet_pre,0.4484,S,0.0,0,0.0,-0.14999999999998348
104503,quiet_pre,0.4484,S,0.0,0,0.0,-0.14999999999998348
104599,quiet_pre,0.4484,S,0.0,0,0.0,-0.14999999999998348
104695,quiet_pre,0.4484,S,0.0,0,0.0,-0.14999999999998348
104791,quiet_pre,0.4484,S,0.0,0,0.0,-0.14999999999998348
104887,quiet_pre,0.4484,S,0.0,0,0.0,-0.14999999999998348
104982,quiet_pre,0.4484,S,0.0,0,0.0,-0.14999999999998348
105078,quiet_pre,0.4484,S,0.0,0,0.0,-0.14999999999998348
105174,quiet_pre,0.4484,S,0.0,0,0.0,-0.14999999999998348
105270,quiet_pre,0.4484,S,0.0,0,0.0,-0.14999999999998348
105366,quiet_pre,0.4484,S,0.0,0,0.0,-0.14999999999998348
105460,quiet_pre,0.4484,S,0.0,0,0.0,-0.14999999999998348
105556,quiet_pre,0.4484,S,0.0,0,0.0,-0.14999999999998348
105651,quiet_pre,0.4484,S,0.0,0,0.0,-0.14999999999998348
105747,quiet_pre,0.4484,S,0.0,0,0.0,-0.14999999999998348
105843,quiet_pre,0.4484,S,0.0,0,0.0,-0.14999999999998348
105939,quiet_pre,0.4484,S,0.0,0,0.0,-0.14999999999998348
106035,quiet_pre,0.4484,S,0.0,0,0.0,-0.14999999999998348
106131,quiet_pre,0.4484,S,0.0,0,0.0,-0.14999999999998348
106227,quiet_pre,0.4484,S,0.0,0,0.0,-0.14999999999998348
106321,quiet_pre,0.4484,S,0.0,0,0.0,-0.14999999999998348
106416,quiet_pre,0.4484,S,0.0,0,0.0,-0.14999999999998348
106512,quiet_pre,0.4484,S,0.0,0,0.0,-0.14999999999998348
106608,quiet_pre,0.4484,S,0.0,0,0.0,-0.14999999999998348
106704,quiet_pre,0.4484,S,0.0,0,0.0,-0.14999999999998348
106799,quiet_pre,0.4488,U,0.0,0,0.0,0.24999999999997247
106895,quiet_pre,0.4488,U,0.0,0,0.0,0.24999999999997247
106991,quiet_pre,0.4489,U,0.0,0,0.0,0.35000000000001696
107087,quiet_pre,0.4489,U,0.0,0,0.0,0.35000000000001696
107181,quiet_pre,0.4489,U,0.0,0,0.0,0.35000000000001696
107276,quiet_pre,0.449,U,0.0,0,0.0,0.45000000000000595
107372,quiet_pre,0.449,U,0.0,0,0.0,0.45000000000000595
107468,quiet_pre,0.449,S,0.0,0,0.0,0.45000000000000595
107564,quiet_pre,0.4491,U,0.0,0,0.0,0.5499999999999949
107660,quiet_pre,0.4491,U,0.0,0,0.0,0.5499999999999949
107756,quiet_pre,0.4491,S,0.0,0,0.0,0.5499999999999949
107851,quiet_pre,0.4491,S,0.0,0,0.0,0.5499999999999949
107948,quiet_pre,0.4492,U,0.0,0,0.0,0.6499999999999839
108041,quiet_pre,0.4492,S,0.0,0,0.0,0.6499999999999839
108137,quiet_pre,0.4492,S,0.0,0,0.0,0.6499999999999839
108233,quiet_pre,0.4492,S,0.0,0,0.0,0.6499999999999839
108329,quiet_pre,0.4492,S,0.0,0,0.0,0.6499999999999839
108425,quiet_pre,0.4492,S,0.0,0,0.0,0.6499999999999839
108520,quiet_pre,0.4493,S,0.0,0,0.0,0.7499999999999729
108616,quiet_pre,0.4493,S,0.0,0,0.0,0.7499999999999729
108712,quiet_pre,0.4493,S,0.0,0,0.0,0.7499999999999729
108808,quiet_pre,0.4493,S,0.0,0,0.0,0.7499999999999729
108904,quiet_pre,0.4493,S,0.0,0,0.0,0.7499999999999729
108998,quiet_pre,0.4493,S,0.0,0,0.0,0.7499999999999729
109094,quiet_pre,0.4493,S,0.0,0,0.0,0.7499999999999729
109189,quiet_pre,0.4493,S,0.0,0,0.0,0.7499999999999729
109285,quiet_pre,0.4493,S,0.0,0,0.0,0.7499999999999729
109381,quiet_pre,0.4494,S,0.0,0,0.0,0.8500000000000174
109477,quiet_pre,0.4494,S,0.0,0,0.0,0.8500000000000174
109573,quiet_pre,0.4494,S,0.0,0,0.0,0.8500000000000174
109669,quiet_pre,0.4494,S,0.0,0,0.0,0.8500000000000174
109765,quiet_pre,0.4494,S,0.0,0,0.0,0.8500000000000174
109858,quiet_pre,0.4494,S,0.0,0,0.0,0.8500000000000174
109954,quiet_pre,0.4494,S,0.0,0,0.0,0.8500000000000174
110050,quiet_pre,0.4494,S,0.0,0,0.0,0.8500000000000174
110146,quiet_pre,0.4495,S,0.0,0,0.0,0.9500000000000064
110242,quiet_pre,0.4497,U,0.0,0,0.0,1.1499999999999844
110337,quiet_pre,0.4497,U,0.0,0,0.0,1.1499999999999844
110433,quiet_pre,0.4497,U,0.0,0,0.0,1.1499999999999844
110529,quiet_pre,0.4498,U,0.0,0,0.0,1.2499999999999734
110625,quiet_pre,0.4498,U,0.0,0,0.0,1.2499999999999734
110719,quiet_pre,0.4499,U,0.0,0,0.0,1.3500000000000179
110815,quiet_pre,0.4499,U,0.0,0,0.0,1.3500000000000179
110910,quiet_pre,0.45,U,0.0,0,0.0,1.4500000000000068
111006,quiet_pre,0.45,U,0.0,0,0.0,1.4500000000000068
111102,quiet_pre,0.4501,U,0.0,0,0.0,1.5499999999999958
111198,quiet_pre,0.4501,U,0.0,0,0.0,1.5499999999999958
111300,quiet_pre,0.4501,U,0.0,0,0.0,1.5499999999999958
111390,quiet_pre,0.4501,S,0.0,0,0.0,1.5499999999999958
111486,quiet_pre,0.4502,U,0.0,0,0.0,1.6499999999999848
111582,quiet_pre,0.4502,S,0.0,0,0.0,1.6499999999999848
111675,quiet_pre,0.4502,S,0.0,0,0.0,1.6499999999999848
111771,quiet_pre,0.4501,S,0.0,0,0.0,1.5499999999999958
111867,quiet_pre,0.4501,S,0.0,0,0.0,1.5499999999999958
111963,quiet_pre,0.4501,S,0.0,0,0.0,1.5499999999999958
112059,quiet_pre,0.4501,S,0.0,0,0.0,1.5499999999999958
112155,quiet_pre,0.4501,S,0.0,0,0.0,1.5499999999999958
112250,quiet_pre,0.4501,S,0.0,0,0.0,1.5499999999999958
112345,quiet_pre,0.45,S,0.0,0,0.0,1.4500000000000068
112441,quiet_pre,0.45,S,0.0,0,0.0,1.4500000000000068
112535,quiet_pre,0.45,S,0.0,0,0.0,1.4500000000000068
112631,quiet_pre,0.45,S,0.0,0,0.0,1.4500000000000068
112727,quiet_pre,0.45,S,0.0,0,0.0,1.4500000000000068
112823,quiet_pre,0.45,S,0.0,0,0.0,1.4500000000000068
112920,quiet_pre,0.4499,S,0.0,0,0.0,1.3500000000000179
113016,quiet_pre,0.4499,S,0.0,0,0.0,1.3500000000000179
113111,quiet_pre,0.4497,U,0.0,0,0.0,1.1499999999999844
113207,quiet_pre,0.4496,U,0.0,0,0.0,1.0499999999999954
113303,quiet_pre,0.4496,U,0.0,0,0.0,1.0499999999999954
113397,quiet_pre,0.4495,U,0.0,0,0.0,0.9500000000000064
113492,quiet_pre,0.4495,U,0.0,0,0.0,0.9500000000000064
113588,quiet_pre,0.4495,U,0.0,0,0.0,0.9500000000000064
113684,quiet_pre,0.4495,S,0.0,0,0.0,0.9500000000000064
113780,quiet_pre,0.4494,U,0.0,0,0.0,0.8500000000000174
113876,quiet_pre,0.4494,S,0.0,0,0.0,0.8500000000000174
113972,quiet_pre,0.4494,S,0.0,0,0.0,0.8500000000000174
114068,quiet_pre,0.4493,U,0.0,0,0.0,0.7499999999999729
114163,quiet_pre,0.4493,U,0.0,0,0.0,0.7499999999999729
114259,quiet_pre,0.4493,S,0.0,0,0.0,0.7499999999999729
114353,quiet_pre,0.4493,S,0.0,0,0.0,0.7499999999999729
114449,quiet_pre,0.4492,U,0.0,0,0.0,0.6499999999999839
114545,quiet_pre,0.4492,S,0.0,0,0.0,0.6499999999999839
114641,quiet_pre,0.4492,S,0.0,0,0.0,0.6499999999999839
114736,quiet_pre,0.4491,U,0.0,0,0.0,0.5499999999999949
114832,quiet_pre,0.4491,U,0.0,0,0.0,0.5499999999999949
114928,quiet_pre,0.4491,S,0.0,0,0.0,0.5499999999999949
115024,quiet_pre,0.449,U,0.0,0,0.0,0.45000000000000595
115120,quiet_pre,0.449,U,0.0,0,0.0,0.45000000000000595
115214,quiet_pre,0.449,S,0.0,0,0.0,0.45000000000000595
115309,quiet_pre,0.449,S,0.0,0,0.0,0.45000000000000595
115405,quiet_pre,0.4489,U,0.0,0,0.0,0.35000000000001696
115501,quiet_pre,0.4489,S,0.0,0,0.0,0.35000000000001696
115597,quiet_pre,0.4489,S,0.0,0,0.0,0.35000000000001696
115693,quiet_pre,0.4489,S,0.0,0,0.0,0.35000000000001696
115789,quiet_pre,0.4488,U,0.0,0,0.0,0.24999999999997247
115885,quiet_pre,0.4488,S,0.0,0,0.0,0.24999999999997247
115980,quiet_pre,0.4488,S,0.0,0,0.0,0.24999999999997247
116074,quiet_pre,0.4489,S,0.0,0,0.0,0.35000000000001696
116170,quiet_pre,0.4489,S,0.0,0,0.0,0.35000000000001696
116266,quiet_pre,0.4489,S,0.0,0,0.0,0.35000000000001696
116362,quiet_pre,0.4489,S,0.0,0,0.0,0.35000000000001696
116458,quiet_pre,0.4489,S,0.0,0,0.0,0.35000000000001696
116554,quiet_pre,0.4489,S,0.0,0,0.0,0.35000000000001696
116649,quiet_pre,0.4489,S,0.0,0,0.0,0.35000000000001696
116745,quiet_pre,0.4489,S,0.0,0,0.0,0.35000000000001696
116841,quiet_pre,0.449,S,0.0,0,0.0,0.45000000000000595
116937,quiet_pre,0.449,S,0.0,0,0.0,0.45000000000000595
117031,quiet_pre,0.449,S,0.0,0,0.0,0.45000000000000595
117127,quiet_pre,0.449,S,0.0,0,0.0,0.45000000000000595
117223,quiet_pre,0.4491,U,0.0,0,0.0,0.5499999999999949
117318,quiet_pre,0.4494,U,0.0,0,0.0,0.8500000000000174
117414,quiet_pre,0.4495,U,0.0,0,0.0,0.9500000000000064
117510,quiet_pre,0.4495,U,0.0,0,0.0,0.9500000000000064
117606,quiet_pre,0.4496,U,0.0,0,0.0,1.0499999999999954
117702,quiet_pre,0.4497,U,0.0,0,0.0,1.1499999999999844
117798,quiet_pre,0.4497,U,0.0,0,0.0,1.1499999999999844
117891,quiet_pre,0.4498,U,0.0,0,0.0,1.2499999999999734
117987,quiet_pre,0.4498,U,0.0,0,0.0,1.2499999999999734
118083,quiet_pre,0.4499,U,0.0,0,0.0,1.3500000000000179
118179,quiet_pre,0.4499,U,0.0,0,0.0,1.3500000000000179
118274,quiet_pre,0.45,U,0.0,0,0.0,1.4500000000000068
118370,quiet_pre,0.45,U,0.0,0,0.0,1.4500000000000068
118466,quiet_pre,0.4501,U,0.0,0,0.0,1.5499999999999958
118562,quiet_pre,0.4501,U,0.0,0,0.0,1.5499999999999958
118658,quiet_pre,0.4501,U,0.0,0,0.0,1.5499999999999958
118752,quiet_pre,0.4502,U,0.0,0,0.0,1.6499999999999848
118848,quiet_pre,0.4502,U,0.0,0,0.0,1.6499999999999848
118944,quiet_pre,0.4502,S,0.0,0,0.0,1.6499999999999848
119040,quiet_pre,0.4503,U,0.0,0,0.0,1.7499999999999738
119135,quiet_pre,0.4503,U,0.0,0,0.0,1.7499999999999738
119231,quiet_pre,0.4504,U,0.0,0,0.0,1.8500000000000183
119327,quiet_pre,0.4504,U,0.0,0,0.0,1.8500000000000183
119423,quiet_pre,0.4505,U,0.0,0,0.0,1.9500000000000073
119519,quiet_pre,0.4505,U,0.0,0,0.0,1.9500000000000073
119613,quiet_pre,0.4506,U,0.0,0,0.0,2.0499999999999963
119708,quiet_pre,0.4506,U,0.0,0,0.0,2.0499999999999963
119804,quiet_pre,0.4507,U,0.0,0,0.0,2.1499999999999853
119900,quiet_pre,0.4508,U,0.0,0,0.0,2.2499999999999742
119996,quiet_pre,0.4508,U,0.0,0,0.0,2.2499999999999742
120092,quiet_pre,0.4509,U,0.0,0,0.0,2.3500000000000187
120188,quiet_pre,0.451,U,0.0,0,0.0,2.4500000000000077
120283,quiet_pre,0.451,U,0.0,0,0.0,2.4500000000000077
120379,quiet_pre,0.4511,U,0.0,0,0.0,2.5499999999999967
120475,quiet_pre,0.4511,U,0.0,0,0.0,2.5499999999999967
120569,quiet_pre,0.4512,U,0.0,0,0.0,2.6499999999999857
120665,quiet_pre,0.4512,U,0.0,0,0.0,2.6499999999999857
120761,quiet_pre,0.4512,U,0.0,0,0.0,2.6499999999999857
120857,quiet_pre,0.4512,S,0.0,0,0.0,2.6499999999999857
120953,quiet_pre,0.4513,U,0.0,0,0.0,2.7499999999999747
121048,quiet_pre,0.4513,S,0.0,0,0.0,2.7499999999999747
121144,quiet_pre,0.4513,S,0.0,0,0.0,2.7499999999999747
121240,quiet_pre,0.4513,S,0.0,0,0.0,2.7499999999999747
121336,quiet_pre,0.4513,S,0.0,0,0.0,2.7499999999999747
121430,quiet_pre,0.4512,S,0.0,0,0.0,2.6499999999999857
121526,quiet_pre,0.4512,S,0.0,0,0.0,2.6499999999999857
121621,quiet_pre,0.4512,S,0.0,0,0.0,2.6499999999999857
121717,quiet_pre,0.4512,S,0.0,0,0.0,2.6499999999999857
121813,quiet_pre,0.4512,S,0.0,0,0.0,2.6499999999999857
121909,quiet_pre,0.4512,S,0.0,0,0.0,2.6499999999999857
122005,quiet_pre,0.4512,S,0.0,0,0.0,2.6499999999999857
122101,quiet_pre,0.4512,S,0.0,0,0.0,2.6499999999999857
122197,quiet_pre,0.4512,S,0.0,0,0.0,2.6499999999999857
122290,quiet_pre,0.4512,S,0.0,0,0.0,2.6499999999999857
122386,quiet_pre,0.4511,S,0.0,0,0.0,2.5499999999999967
122482,quiet_pre,0.4511,S,0.0,0,0.0,2.5499999999999967
122578,quiet_pre,0.4511,S,0.0,0,0.0,2.5499999999999967
122674,quiet_pre,0.4511,S,0.0,0,0.0,2.5499999999999967
122770,quiet_pre,0.4511,S,0.0,0,0.0,2.5499999999999967
122866,quiet_pre,0.4511,S,0.0,0,0.0,2.5499999999999967
122962,quiet_pre,0.451,S,0.0,0,0.0,2.4500000000000077
123057,quiet_pre,0.451,S,0.0,0,0.0,2.4500000000000077
123153,quiet_pre,0.451,S,0.0,0,0.0,2.4500000000000077
123247,quiet_pre,0.451,S,0.0,0,0.0,2.4500000000000077
123343,quiet_pre,0.451,S,0.0,0,0.0,2.4500000000000077
123438,quiet_pre,0.4508,U,0.0,0,0.0,2.2499999999999742
123534,quiet_pre,0.4508,U,0.0,0,0.0,2.2499999999999742
123630,quiet_pre,0.4508,U,0.0,0,0.0,2.2499999999999742
123726,quiet_pre,0.4508,U,0.0,0,0.0,2.2499999999999742
123833,quiet_pre,0.4507,U,0.0,0,0.0,2.1499999999999853
124014,quiet_pre,0.4507,S,0.0,0,0.0,2.1499999999999853
124107,quiet_pre,0.4507,S,0.0,0,0.0,2.1499999999999853
124203,quiet_pre,0.4507,S,0.0,0,0.0,2.1499999999999853
124299,quiet_pre,0.4507,S,0.0,0,0.0,2.1499999999999853
124395,quiet_pre,0.4507,S,0.0,0,0.0,2.1499999999999853
124491,quiet_pre,0.4507,S,0.0,0,0.0,2.1499999999999853
124587,quiet_pre,0.4507,S,0.0,0,0.0,2.1499999999999853
124683,quiet_pre,0.4506,S,0.0,0,0.0,2.0499999999999963
124778,quiet_pre,0.4506,S,0.0,0,0.0,2.0499999999999963
124874,quiet_pre,0.4506,S,0.0,0,0.0,2.0499999999999963
124968,quiet_pre,0.4506,S,0.0,0,0.0,2.0499999999999963
125064,tap_single,0.4506,S,0.0,0,0.0,2.0499999999999963
125160,tap_single,0.4506,S,0.0,0,0.0,2.0499999999999963
125256,tap_single,0.4506,S,0.0,0,0.0,2.0499999999999963
125352,tap_single,0.4506,S,0.0,0,0.0,2.0499999999999963
125448,tap_single,0.4506,S,0.0,0,0.0,2.0499999999999963
125543,tap_single,0.4506,S,0.0,0,0.0,2.0499999999999963
125639,tap_single,0.4506,S,0.0,0,0.0,2.0499999999999963
125735,tap_single,0.4506,S,0.0,0,0.0,2.0499999999999963
125831,tap_single,0.4506,S,0.0,0,0.0,2.0499999999999963
125925,tap_single,0.4506,S,0.0,0,0.0,2.0499999999999963
126021,tap_single,0.4506,S,0.0,0,0.0,2.0499999999999963
126215,tap_single,0.4506,S,0.0,1,0.0,2.0499999999999963
126308,tap_single,0.4506,S,0.0,1,0.0,2.0499999999999963
126404,tap_single,0.4506,S,0.0,1,0.0,2.0499999999999963
126500,tap_single,0.4506,S,0.0,1,0.0,2.0499999999999963
126596,tap_single,0.4506,S,0.0,1,0.0,2.0499999999999963
126692,tap_single,0.4506,S,0.0,1,0.0,2.0499999999999963
126785,tap_single,0.4452,U,0.0,1,0.0,-3.3500000000000196
126881,tap_single,0.4443,U,0.0,1,0.0,-4.250000000000032
126976,tap_single,0.4459,U,0.0,1,0.0,-2.6499999999999857
127072,tap_single,0.4492,U,0.0,1,0.0,0.6499999999999839
127168,tap_single,0.4509,U,0.0,1,0.0,2.3500000000000187
127264,tap_single,0.4546,U,0.0,1,0.0,6.05
127360,tap_single,0.4555,U,0.0,1,0.0,6.950000000000012
127456,tap_single,0.456,U,0.0,1,0.0,7.450000000000012
127551,tap_single,0.4562,U,0.0,1,0.0,7.64999999999999
127645,tap_single,0.4565,U,0.0,1,0.0,7.950000000000013
127741,tap_single,0.4567,U,0.0,1,0.0,8.149999999999991
127837,tap_single,0.4568,U,0.0,1,0.0,8.249999999999979
127933,tap_single,0.4569,U,0.0,1,0.0,8.34999999999997
128029,tap_single,0.457,U,0.0,1,0.0,8.450000000000014
128125,tap_single,0.4571,U,0.0,1,0.0,8.550000000000002
128220,tap_single,0.4571,U,0.0,1,0.0,8.550000000000002
128316,tap_single,0.4572,U,0.0,1,0.0,8.649999999999991
128412,tap_single,0.4572,U,0.0,1,0.0,8.649999999999991
128506,tap_single,0.4573,U,0.0,1,0.0,8.74999999999998
128602,tap_single,0.4573,U,0.0,1,0.0,8.74999999999998
128698,tap_single,0.4573,U,0.0,1,0.0,8.74999999999998
128794,tap_single,0.4573,S,0.0,1,0.0,8.74999999999998
128890,tap_single,0.4574,U,0.0,1,0.0,8.84999999999997
128985,tap_single,0.4574,S,0.0,1,0.0,8.84999999999997
129081,tap_single,0.4574,S,0.0,1,0.0,8.84999999999997
129177,tap_single,0.4574,S,0.0,1,0.0,8.84999999999997
129273,tap_single,0.4573,S,0.0,1,0.0,8.74999999999998
129369,tap_single,0.4573,S,0.0,1,0.0,8.74999999999998
129463,tap_single,0.4573,S,0.0,1,0.0,8.74999999999998
129559,tap_single,0.4573,S,0.0,1,0.0,8.74999999999998
129654,tap_single,0.4573,S,0.0,1,0.0,8.74999999999998
129750,tap_single,0.4573,S,0.0,1,0.0,8.74999999999998
129846,tap_single,0.4573,S,0.0,1,0.0,8.74999999999998
129942,tap_single,0.4573,S,0.0,1,0.0,8.74999999999998
130038,tap_single,0.4573,S,0.0,1,0.0,8.74999999999998
130134,tap_single,0.4572,S,0.0,1,0.0,8.649999999999991
130230,tap_single,0.4572,S,0.0,1,0.0,8.649999999999991
130324,tap_single,0.4572,S,0.0,1,0.0,8.649999999999991
130419,tap_single,0.4572,S,0.0,1,0.0,8.649999999999991
130515,tap_single,0.4572,S,0.0,1,0.0,8.649999999999991
130611,tap_single,0.4572,S,0.0,1,0.0,8.649999999999991
130707,tap_single,0.4572,S,0.0,1,0.0,8.649999999999991
130803,tap_single,0.4572,S,0.0,1,0.0,8.649999999999991
130899,tap_single,0.4572,S,0.0,1,0.0,8.649999999999991
130995,tap_single,0.4572,S,0.0,1,0.0,8.649999999999991
131090,tap_single,0.4572,S,0.0,1,0.0,8.649999999999991
131184,tap_single,0.4572,S,0.0,1,0.0,8.649999999999991
131280,tap_single,0.4572,S,0.0,1,0.0,8.649999999999991
131376,tap_single,0.4572,S,0.0,1,0.0,8.649999999999991
131472,tap_single,0.4572,S,0.0,1,0.0,8.649999999999991
131568,tap_single,0.4572,S,0.0,1,0.0,8.649999999999991
131664,tap_single,0.4573,S,0.0,1,0.0,8.74999999999998
131759,tap_single,0.4578,U,0.0,1,0.0,9.24999999999998
131855,tap_single,0.4579,U,0.0,1,0.0,9.34999999999997
131951,tap_single,0.458,U,0.0,1,0.0,9.450000000000014
132047,tap_single,0.4581,U,0.0,1,0.0,9.550000000000002
132141,tap_single,0.4582,U,0.0,1,0.0,9.649999999999991
132334,tap_single,0.4584,U,0.0,2,0.0,9.84999999999997
132428,tap_single,0.4585,U,0.0,2,0.0,9.950000000000014
132524,tap_single,0.4586,U,0.0,2,0.0,10.050000000000004
132620,tap_single,0.4587,U,0.0,2,0.0,10.149999999999991
132716,tap_single,0.4588,U,0.0,2,0.0,10.249999999999982
132811,tap_single,0.4588,U,0.0,2,0.0,10.249999999999982
132907,tap_single,0.459,U,0.0,2,0.0,10.450000000000015
133001,tap_single,0.466,U,0.0,2,0.0,17.45000000000002
133096,tap_single,0.4735,U,0.0,2,0.0,24.94999999999997
133192,tap_single,0.4808,U,0.0,2,0.0,32.25
133288,tap_single,0.4857,U,0.0,2,0.0,37.15000000000002
133384,tap_single,0.4877,U,0.0,2,0.0,39.15000000000002
133480,tap_single,0.4882,U,0.0,2,0.0,39.65000000000002
133576,tap_single,0.4881,U,0.0,2,0.0,39.549999999999976
133672,tap_single,0.488,U,0.0,2,0.0,39.44999999999999
133768,tap_single,0.488,U,0.0,2,0.0,39.44999999999999
133861,tap_single,0.4879,U,0.0,2,0.0,39.349999999999994
133957,tap_single,0.4879,U,0.0,2,0.0,39.349999999999994
134053,tap_single,0.4878,U,0.0,2,0.0,39.25000000000001
134149,tap_single,0.4878,U,0.0,2,0.0,39.25000000000001
134245,tap_single,0.4877,U,0.0,2,0.0,39.15000000000002
134341,tap_single,0.4877,U,0.0,2,0.0,39.15000000000002
134437,tap_single,0.4877,U,0.0,2,0.0,39.15000000000002
134532,tap_single,0.4877,S,0.0,2,0.0,39.15000000000002
134628,tap_single,0.4877,S,0.0,2,0.0,39.15000000000002
134724,tap_single,0.4876,S,0.0,2,0.0,39.049999999999976
134818,tap_single,0.4876,S,0.0,2,0.0,39.049999999999976
134914,tap_single,0.4876,S,0.0,2,0.0,39.049999999999976
135010,tap_single,0.4876,S,0.0,2,0.0,39.049999999999976
135106,tap_single,0.4876,S,0.0,2,0.0,39.049999999999976
135202,tap_single,0.4876,S,0.0,2,0.0,39.049999999999976
135297,tap_single,0.4876,S,0.0,2,0.0,39.049999999999976
135393,tap_single,0.4876,S,0.0,2,0.0,39.049999999999976
135489,tap_single,0.4876,S,0.0,2,0.0,39.049999999999976
135585,tap_single,0.4876,S,0.0,2,0.0,39.049999999999976
135679,tap_single,0.4876,S,0.0,2,0.0,39.049999999999976
135775,tap_single,0.4876,S,0.0,2,0.0,39.049999999999976
135871,tap_single,0.4876,S,0.0,2,0.0,39.049999999999976
135966,tap_single,0.4876,S,0.0,2,0.0,39.049999999999976
136062,tap_single,0.4876,S,0.0,2,0.0,39.049999999999976
136158,tap_single,0.4876,S,0.0,2,0.0,39.049999999999976
136254,tap_single,0.4876,S,0.0,2,0.0,39.049999999999976
136350,tap_single,0.4876,S,0.0,2,0.0,39.049999999999976
136446,tap_single,0.4876,S,0.0,2,0.0,39.049999999999976
136547,tap_single,0.4875,S,0.0,2,0.0,38.94999999999998
136637,tap_single,0.4875,S,0.0,2,0.0,38.94999999999998
136731,tap_single,0.4875,S,0.0,2,0.0,38.94999999999998
136827,tap_single,0.4875,S,0.0,2,0.0,38.94999999999998
136923,tap_single,0.4875,S,0.0,2,0.0,38.94999999999998
137019,tap_single,0.4875,S,0.0,2,0.0,38.94999999999998
137115,tap_single,0.4875,S,0.0,2,0.0,38.94999999999998
137211,tap_single,0.4875,S,0.0,2,0.0,38.94999999999998
137306,tap_single,0.4875,S,0.0,2,0.0,38.94999999999998
137402,tap_single,0.4875,S,0.0,2,0.0,38.94999999999998
137496,tap_single,0.4875,S,0.0,2,0.0,38.94999999999998
137592,tap_single,0.4875,S,0.0,2,0.0,38.94999999999998
137688,tap_single,0.4874,S,0.0,2,0.0,38.849999999999994
137784,tap_single,0.4874,S,0.0,2,0.0,38.849999999999994
137879,tap_single,0.4871,U,0.0,2,0.0,38.549999999999976
137975,tap_single,0.4871,U,0.0,2,0.0,38.549999999999976
138071,tap_single,0.4871,U,0.0,2,0.0,38.549999999999976
138167,tap_single,0.4871,U,0.0,2,0.0,38.549999999999976
138263,tap_single,0.4871,U,0.0,2,0.0,38.549999999999976
138457,tap_single,0.487,S,0.0,3,0.0,38.44999999999998
138548,tap_single,0.487,S,0.0,3,0.0,38.44999999999998
138644,tap_single,0.487,S,0.0,3,0.0,38.44999999999998
138740,tap_single,0.4869,U,0.0,3,0.0,38.349999999999994
138836,tap_single,0.4867,U,0.0,3,0.0,38.15000000000002
138931,tap_single,0.4786,U,0.0,3,0.0,30.050000000000022
139027,tap_single,0.4721,U,0.0,3,0.0,23.550000000000015
139123,tap_single,0.4655,U,0.0,3,0.0,16.95000000000002
139217,tap_single,0.4608,U,0.0,3,0.0,12.249999999999982
139313,tap_single,0.4588,U,0.0,3,0.0,10.249999999999982
139408,tap_single,0.4585,U,0.0,3,0.0,9.950000000000014
139504,tap_single,0.4585,U,0.0,3,0.0,9.950000000000014
139600,tap_single,0.4585,U,0.0,3,0.0,9.950000000000014
139696,tap_single,0.4586,U,0.0,3,0.0,10.050000000000004
139792,tap_single,0.4587,U,0.0,3,0.0,10.149999999999991
139888,tap_single,0.4587,U,0.0,3,0.0,10.149999999999991
139983,tap_single,0.4588,U,0.0,3,0.0,10.249999999999982
140078,tap_single,0.4588,U,0.0,3,0.0,10.249999999999982
140173,tap_single,0.4588,U,0.0,3,0.0,10.249999999999982
140269,tap_single,0.4588,S,0.0,3,0.0,10.249999999999982
140365,tap_single,0.4588,S,0.0,3,0.0,10.249999999999982
140461,tap_single,0.4587,S,0.0,3,0.0,10.149999999999991
140557,tap_single,0.4587,S,0.0,3,0.0,10.149999999999991
140653,tap_single,0.4586,U,0.0,3,0.0,10.050000000000004
140749,tap_single,0.4585,U,0.0,3,0.0,9.950000000000014
140844,tap_single,0.4584,U,0.0,3,0.0,9.84999999999997
140940,tap_single,0.4582,U,0.0,3,0.0,9.649999999999991
141034,tap_single,0.4581,U,0.0,3,0.0,9.550000000000002
141130,tap_single,0.458,U,0.0,3,0.0,9.450000000000014
141226,tap_single,0.4579,U,0.0,3,0.0,9.34999999999997
141322,tap_single,0.4579,U,0.0,3,0.0,9.34999999999997
141417,tap_single,0.4578,U,0.0,3,0.0,9.24999999999998
141513,tap_single,0.4578,U,0.0,3,0.0,9.24999999999998
141609,tap_single,0.4577,U,0.0,3,0.0,9.149999999999991
141705,tap_single,0.4576,U,0.0,3,0.0,9.050000000000002
141801,tap_single,0.4576,U,0.0,3,0.0,9.050000000000002
141895,tap_single,0.4575,U,0.0,3,0.0,8.950000000000014
141991,tap_single,0.4574,U,0.0,3,0.0,8.84999999999997
142086,tap_single,0.4573,U,0.0,3,0.0,8.74999999999998
142182,tap_single,0.4573,U,0.0,3,0.0,8.74999999999998
142278,tap_single,0.4572,U,0.0,3,0.0,8.649999999999991
142374,tap_single,0.4572,U,0.0,3,0.0,8.649999999999991
142470,tap_single,0.4571,U,0.0,3,0.0,8.550000000000002
142566,tap_single,0.4571,U,0.0,3,0.0,8.550000000000002
142662,tap_single,0.4571,U,0.0,3,0.0,8.550000000000002
142755,tap_single,0.4572,S,0.0,3,0.0,8.649999999999991
142851,tap_single,0.4572,S,0.0,3,0.0,8.649999999999991
142947,tap_single,0.4573,U,0.0,3,0.0,8.74999999999998
143043,tap_single,0.4573,U,0.0,3,0.0,8.74999999999998
143139,tap_single,0.4574,U,0.0,3,0.0,8.84999999999997
143235,tap_single,0.4574,U,0.0,3,0.0,8.84999999999997
143331,tap_single,0.4575,U,0.0,3,0.0,8.950000000000014
143427,tap_single,0.4575,U,0.0,3,0.0,8.950000000000014
143522,tap_single,0.4575,U,0.0,3,0.0,8.950000000000014
143618,tap_single,0.4576,U,0.0,3,0.0,9.050000000000002
143712,tap_single,0.4576,U,0.0,3,0.0,9.050000000000002
143808,tap_single,0.4576,S,0.0,3,0.0,9.050000000000002
143904,tap_single,0.4576,S,0.0,3,0.0,9.050000000000002
144000,tap_single,0.4576,S,0.0,3,0.0,9.050000000000002
144095,tap_single,0.4577,S,0.0,3,0.0,9.149999999999991
144191,tap_single,0.4577,S,0.0,3,0.0,9.149999999999991
144287,tap_single,0.4576,S,0.0,3,0.0,9.050000000000002
144383,tap_single,0.4576,S,0.0,3,0.0,9.050000000000002
144577,tap_single,0.4576,S,0.0,4,0.0,9.050000000000002
144668,tap_single,0.4576,S,0.0,4,0.0,9.050000000000002
144764,tap_single,0.4576,S,0.0,4,0.0,9.050000000000002
144860,tap_single,0.4576,S,0.0,4,0.0,9.050000000000002
144956,tap_single,0.4576,S,0.0,4,0.0,9.050000000000002
145052,tap_single,0.4575,S,0.0,4,0.0,8.950000000000014
145147,tap_single,0.4531,U,0.0,4,0.0,4.549999999999999
145243,tap_single,0.4509,U,0.0,4,0.0,2.3500000000000187
145339,tap_single,0.4495,U,0.0,4,0.0,0.9500000000000064
145433,tap_single,0.4494,U,0.0,4,0.0,0.8500000000000174
145528,tap_single,0.45,U,0.0,4,0.0,1.4500000000000068
145624,tap_single,0.4508,U,0.0,4,0.0,2.2499999999999742
145720,tap_single,0.4513,U,0.0,4,0.0,2.7499999999999747
145816,tap_single,0.4514,U,0.0,4,0.0,2.850000000000019
145912,tap_single,0.4515,U,0.0,4,0.0,2.950000000000008
146008,tap_single,0.4516,U,0.0,4,0.0,3.049999999999997
146104,tap_single,0.4516,U,0.0,4,0.0,3.049999999999997
146200,tap_single,0.4517,U,0.0,4,0.0,3.149999999999986
146296,tap_single,0.4518,U,0.0,4,0.0,3.249999999999975
146389,tap_single,0.4518,U,0.0,4,0.0,3.249999999999975
146485,tap_single,0.4519,U,0.0,4,0.0,3.3500000000000196
146581,tap_single,0.4519,U,0.0,4,0.0,3.3500000000000196
146677,tap_single,0.452,U,0.0,4,0.0,3.4500000000000086
146773,tap_single,0.452,U,0.0,4,0.0,3.4500000000000086
146869,tap_single,0.452,U,0.0,4,0.0,3.4500000000000086
146965,tap_single,0.4521,U,0.0,4,0.0,3.5499999999999976
147060,tap_single,0.4521,U,0.0,4,0.0,3.5499999999999976
147156,tap_single,0.4521,S,0.0,4,0.0,3.5499999999999976
147250,tap_single,0.4522,U,0.0,4,0.0,3.6499999999999866
147346,tap_single,0.4522,U,0.0,4,0.0,3.6499999999999866
147442,tap_single,0.4522,S,0.0,4,0.0,3.6499999999999866
147538,tap_single,0.4523,U,0.0,4,0.0,3.7499999999999756
147634,tap_single,0.4524,U,0.0,4,0.0,3.85000000000002
147729,tap_single,0.4525,U,0.0,4,0.0,3.950000000000009
147825,tap_single,0.4526,U,0.0,4,0.0,4.049999999999998
147921,tap_single,0.4527,U,0.0,4,0.0,4.149999999999987
148017,tap_single,0.4528,U,0.0,4,0.0,4.249999999999976
148111,tap_single,0.4529,U,0.0,4,0.0,4.350000000000021
148207,tap_single,0.453,U,0.0,4,0.0,4.45000000000001
148303,tap_single,0.4531,U,0.0,4,0.0,4.549999999999999
148398,tap_single,0.4532,U,0.0,4,0.0,4.649999999999988
148494,tap_single,0.4533,U,0.0,4,0.0,4.749999999999977
148590,tap_single,0.4534,U,0.0,4,0.0,4.850000000000021
148686,tap_single,0.4535,U,0.0,4,0.0,4.95000000000001
148782,tap_single,0.4536,U,0.0,4,0.0,5.049999999999999
148878,tap_single,0.4537,U,0.0,4,0.0,5.149999999999988
148971,tap_single,0.4538,U,0.0,4,0.0,5.249999999999977
149067,tap_single,0.4539,U,0.0,4,0.0,5.350000000000021
149163,tap_single,0.454,U,0.0,4,0.0,5.45000000000001
149259,tap_single,0.4541,U,0.0,4,0.0,5.549999999999999
149451,tap_single,0.4542,U,0.0,4,0.0,5.649999999999988
149547,tap_single,0.4543,U,0.0,4,0.0,5.749999999999977
149642,tap_single,0.4543,U,0.0,4,0.0,5.749999999999977
149738,tap_single,0.4543,U,0.0,4,0.0,5.749999999999977
149834,tap_single,0.4543,S,0.0,4,0.0,5.749999999999977
149928,tap_single,0.4543,S,0.0,4,0.0,5.749999999999977
150024,tap_single,0.4544,S,0.0,4,0.0,5.850000000000022
150120,tap_single,0.4544,S,0.0,4,0.0,5.850000000000022
150215,tap_single,0.4545,U,0.0,4,0.0,5.950000000000011
150311,tap_single,0.4546,U,0.0,4,0.0,6.05
150407,tap_single,0.4547,U,0.0,4,0.0,6.149999999999989
150503,tap_single,0.4547,U,0.0,4,0.0,6.149999999999989
150697,tap_single,0.455,U,0.0,5,0.0,6.450000000000012
150788,tap_single,0.4551,U,0.0,5,0.0,6.550000000000001
150885,tap_single,0.4554,U,0.0,5,0.0,6.850000000000023
150980,tap_single,0.4602,U,0.0,5,0.0,11.649999999999993
151075,tap_single,0.46,U,0.0,5,0.0,11.450000000000015
151172,tap_single,0.4584,U,0.0,5,0.0,9.84999999999997
151267,tap_single,0.4572,U,0.0,5,0.0,8.649999999999991
151363,tap_single,0.4546,U,0.0,5,0.0,6.05
151459,tap_single,0.4554,U,0.0,5,0.0,6.850000000000023
151555,tap_single,0.4582,U,0.0,5,0.0,9.649999999999991
151649,tap_single,0.4598,U,0.0,5,0.0,11.249999999999982
151745,tap_single,0.4637,U,0.0,5,0.0,15.149999999999997
151840,tap_single,0.4646,U,0.0,5,0.0,16.050000000000008
151936,tap_single,0.4648,U,0.0,5,0.0,16.249999999999986
152032,tap_single,0.4647,U,0.0,5,0.0,16.15
152128,tap_single,0.4647,U,0.0,5,0.0,16.15
152224,tap_single,0.4647,U,0.0,5,0.0,16.15
152320,tap_single,0.4647,S,0.0,5,0.0,16.15
152416,tap_single,0.4647,S,0.0,5,0.0,16.15
152511,tap_single,0.4647,S,0.0,5,0.0,16.15
152605,tap_single,0.4648,S,0.0,5,0.0,16.249999999999986
152701,tap_single,0.4648,S,0.0,5,0.0,16.249999999999986
152797,tap_single,0.4649,U,0.0,5,0.0,16.349999999999977
152893,tap_single,0.465,U,0.0,5,0.0,16.45000000000002
152989,tap_single,0.465,U,0.0,5,0.0,16.45000000000002
153085,tap_single,0.4651,U,0.0,5,0.0,16.550000000000008
153181,tap_single,0.4651,U,0.0,5,0.0,16.550000000000008
153276,tap_single,0.4652,U,0.0,5,0.0,16.65
153372,tap_single,0.4652,U,0.0,5,0.0,16.65
153466,tap_single,0.4653,U,0.0,5,0.0,16.749999999999986
153562,tap_single,0.4653,U,0.0,5,0.0,16.749999999999986
153658,tap_single,0.4654,U,0.0,5,0.0,16.849999999999977
153754,tap_single,0.4654,U,0.0,5,0.0,16.849999999999977
153850,tap_single,0.4654,U,0.0,5,0.0,16.849999999999977
153946,tap_single,0.4655,U,0.0,5,0.0,16.95000000000002
154041,tap_single,0.4655,U,0.0,5,0.0,16.95000000000002
154137,tap_single,0.4656,U,0.0,5,0.0,17.05000000000001
154233,tap_single,0.4656,U,0.0,5,0.0,17.05000000000001
154327,tap_single,0.4657,U,0.0,5,0.0,17.15
154423,tap_single,0.4658,U,0.0,5,0.0,17.249999999999986
154519,tap_single,0.4658,U,0.0,5,0.0,17.249999999999986
154615,tap_single,0.4659,U,0.0,5,0.0,17.349999999999977
154710,tap_single,0.4659,U,0.0,5,0.0,17.349999999999977
154806,tap_single,0.4659,U,0.0,5,0.0,17.349999999999977
154902,tap_single,0.4659,S,0.0,5,0.0,17.349999999999977
154998,tap_single,0.466,U,0.0,5,0.0,17.45000000000002
155094,tap_single,0.466,S,0.0,5,0.0,17.45000000000002
155190,tap_single,0.466,S,0.0,5,0.0,17.45000000000002
155283,tap_single,0.466,S,0.0,5,0.0,17.45000000000002
155379,tap_single,0.4659,S,0.0,5,0.0,17.349999999999977
155475,tap_single,0.4659,S,0.0,5,0.0,17.349999999999977
155571,tap_single,0.4659,S,0.0,5,0.0,17.349999999999977
155667,tap_single,0.4658,U,0.0,5,0.0,17.249999999999986
155763,tap_single,0.4658,U,0.0,5,0.0,17.249999999999986
155859,tap_single,0.4658,S,0.0,5,0.0,17.249999999999986
155954,tap_single,0.4657,U,0.0,5,0.0,17.15
156050,tap_single,0.4657,U,0.0,5,0.0,17.15
156144,tap_single,0.4657,S,0.0,5,0.0,17.15
156240,tap_single,0.4657,S,0.0,5,0.0,17.15
156336,tap_single,0.4657,S,0.0,5,0.0,17.15
156432,tap_single,0.4657,S,0.0,5,0.0,17.15
156527,tap_single,0.4656,S,0.0,5,0.0,17.05000000000001
156623,tap_single,0.4655,U,0.0,5,0.0,16.95000000000002
156817,tap_single,0.4654,U,0.0,6,0.0,16.849999999999977
156911,tap_single,0.4654,U,0.0,6,0.0,16.849999999999977
157005,tap_single,0.4654,U,0.0,6,0.0,16.849999999999977
157100,tap_single,0.4654,S,0.0,6,0.0,16.849999999999977
157196,tap_single,0.4653,S,0.0,6,0.0,16.749999999999986
157292,tap_single,0.4652,U,0.0,6,0.0,16.65
157388,tap_single,0.4586,U,0.0,6,0.0,10.050000000000004
157483,tap_single,0.4552,U,0.0,6,0.0,6.64999999999999
157579,tap_single,0.4529,U,0.0,6,0.0,4.350000000000021
157675,tap_single,0.4524,U,0.0,6,0.0,3.85000000000002
157771,tap_single,0.4528,U,0.0,6,0.0,4.249999999999976
157867,tap_single,0.4535,U,0.0,6,0.0,4.95000000000001
157961,tap_single,0.454,U,0.0,6,0.0,5.45000000000001
158056,tap_single,0.4542,U,0.0,6,0.0,5.649999999999988
158152,tap_single,0.4543,U,0.0,6,0.0,5.749999999999977
158248,tap_single,0.4543,U,0.0,6,0.0,5.749999999999977
158344,tap_single,0.4543,U,0.0,6,0.0,5.749999999999977
158440,tap_single,0.4543,U,0.0,6,0.0,5.749999999999977
158536,tap_single,0.4543,S,0.0,6,0.0,5.749999999999977
158632,tap_single,0.4543,S,0.0,6,0.0,5.749999999999977
158728,tap_single,0.4543,S,0.0,6,0.0,5.749999999999977
158821,tap_single,0.4544,S,0.0,6,0.0,5.850000000000022
158917,tap_single,0.4544,S,0.0,6,0.0,5.850000000000022
159013,tap_single,0.4545,U,0.0,6,0.0,5.950000000000011
159109,tap_single,0.4546,U,0.0,6,0.0,6.05
159205,tap_single,0.4547,U,0.0,6,0.0,6.149999999999989
159301,tap_single,0.4548,U,0.0,6,0.0,6.249999999999978
159397,tap_single,0.4548,U,0.0,6,0.0,6.249999999999978
159492,tap_single,0.4549,U,0.0,6,0.0,6.350000000000023
159588,tap_single,0.4549,U,0.0,6,0.0,6.350000000000023
159682,tap_single,0.455,U,0.0,6,0.0,6.450000000000012
159778,tap_single,0.455,U,0.0,6,0.0,6.450000000000012
159874,tap_single,0.4551,U,0.0,6,0.0,6.550000000000001
159970,tap_single,0.4552,U,0.0,6,0.0,6.64999999999999
160066,tap_single,0.4553,U,0.0,6,0.0,6.749999999999979
160162,tap_single,0.4556,U,0.0,6,0.0,7.050000000000001
160257,tap_single,0.4621,U,0.0,6,0.0,13.550000000000006
160353,tap_single,0.4653,U,0.0,6,0.0,16.749999999999986
160449,tap_single,0.4671,U,0.0,6,0.0,18.55000000000001
160543,tap_single,0.4671,U,0.0,6,0.0,18.55000000000001
160638,tap_single,0.4661,U,0.0,6,0.0,17.55000000000001
160734,tap_single,0.4652,U,0.0,6,0.0,16.65
160830,tap_single,0.4649,U,0.0,6,0.0,16.349999999999977
160926,tap_single,0.4647,U,0.0,6,0.0,16.15
161022,tap_single,0.4629,U,0.0,6,0.0,14.349999999999973
161118,tap_single,0.4602,U,0.0,6,0.0,11.649999999999993
161213,tap_single,0.4575,U,0.0,6,0.0,8.950000000000014
161309,tap_single,0.4563,U,0.0,6,0.0,7.749999999999979
161405,tap_single,0.4567,U,0.0,6,0.0,8.149999999999991
161499,tap_single,0.4576,U,0.0,6,0.0,9.050000000000002
161595,tap_single,0.4578,U,0.0,6,0.0,9.24999999999998
161691,tap_single,0.457,U,0.0,6,0.0,8.450000000000014
161786,tap_single,0.4566,U,0.0,6,0.0,8.05
161882,tap_single,0.4564,U,0.0,6,0.0,7.849999999999968
161978,tap_single,0.4566,U,0.0,6,0.0,8.05
162085,tap_single,0.4571,U,0.0,6,0.0,8.550000000000002
162266,tap_single,0.4621,U,0.0,6,0.0,13.550000000000006
162360,tap_single,0.4626,U,0.0,6,0.0,14.050000000000008
162455,tap_single,0.4626,U,0.0,6,0.0,14.050000000000008
162551,tap_single,0.4625,U,0.0,6,0.0,13.950000000000017
162647,tap_single,0.4623,U,0.0,6,0.0,13.749999999999984
162743,tap_single,0.4623,U,0.0,6,0.0,13.749999999999984
162937,tap_single,0.4623,U,0.0,7,0.0,13.749999999999984
163031,tap_single,0.4623,U,0.0,7,0.0,13.749999999999984
163126,tap_single,0.4623,S,0.0,7,0.0,13.749999999999984
163220,tap_single,0.4622,S,0.0,7,0.0,13.649999999999995
163316,tap_single,0.4621,U,0.0,7,0.0,13.550000000000006
163412,tap_single,0.4618,U,0.0,7,0.0,13.249999999999984
163508,tap_single,0.4576,U,0.0,7,0.0,9.050000000000002
163603,tap_single,0.457,U,0.0,7,0.0,8.450000000000014
163699,tap_single,0.4588,U,0.0,7,0.0,10.249999999999982
163795,tap_single,0.4627,U,0.0,7,0.0,14.149999999999995
163891,tap_single,0.4673,U,0.0,7,0.0,18.74999999999999
163987,tap_single,0.4707,U,0.0,7,0.0,22.150000000000002
164083,tap_single,0.4723,U,0.0,7,0.0,23.749999999999993
164177,tap_single,0.4726,U,0.0,7,0.0,24.050000000000015
164272,tap_single,0.4724,U,0.0,7,0.0,23.849999999999984
164368,tap_single,0.4722,U,0.0,7,0.0,23.650000000000006
164464,tap_single,0.4721,U,0.0,7,0.0,23.550000000000015
164560,tap_single,0.4722,U,0.0,7,0.0,23.650000000000006
164656,tap_single,0.4722,U,0.0,7,0.0,23.650000000000006
164752,tap_single,0.4722,U,0.0,7,0.0,23.650000000000006
164848,tap_single,0.4721,S,0.0,7,0.0,23.550000000000015
164943,tap_single,0.4721,S,0.0,7,0.0,23.550000000000015
165038,tap_single,0.472,U,0.0,7,0.0,23.44999999999997
165133,tap_single,0.4719,U,0.0,7,0.0,23.34999999999998
165229,tap_single,0.4718,U,0.0,7,0.0,23.249999999999993
165325,tap_single,0.4717,U,0.0,7,0.0,23.150000000000006
165421,tap_single,0.4716,U,0.0,7,0.0,23.050000000000015
165517,tap_single,0.4715,U,0.0,7,0.0,22.94999999999997
165613,tap_single,0.4714,U,0.0,7,0.0,22.84999999999998
165708,tap_single,0.4713,U,0.0,7,0.0,22.749999999999993
165804,tap_single,0.4712,U,0.0,7,0.0,22.650000000000002
165898,tap_single,0.4712,U,0.0,7,0.0,22.650000000000002
165994,tap_single,0.4712,U,0.0,7,0.0,22.650000000000002
166090,tap_single,0.4711,U,0.0,7,0.0,22.550000000000015
166186,tap_single,0.4711,U,0.0,7,0.0,22.550000000000015
166282,tap_single,0.471,U,0.0,7,0.0,22.44999999999997
166377,tap_single,0.471,U,0.0,7,0.0,22.44999999999997
166473,tap_single,0.4708,U,0.0,7,0.0,22.249999999999993
166569,tap_single,0.4706,U,0.0,7,0.0,22.050000000000015
166665,tap_single,0.4705,U,0.0,7,0.0,21.94999999999997
166761,tap_single,0.4704,U,0.0,7,0.0,21.84999999999998
166855,tap_single,0.4703,U,0.0,7,0.0,21.749999999999993
166951,tap_single,0.4703,U,0.0,7,0.0,21.749999999999993
167046,tap_single,0.4703,U,0.0,7,0.0,21.749999999999993
167142,tap_single,0.4703,U,0.0,7,0.0,21.749999999999993
167238,tap_single,0.4703,S,0.0,7,0.0,21.749999999999993
167334,tap_single,0.4704,S,0.0,7,0.0,21.84999999999998
167430,tap_single,0.4705,U,0.0,7,0.0,21.94999999999997
167526,tap_single,0.4706,U,0.0,7,0.0,22.050000000000015
167622,tap_single,0.4707,U,0.0,7,0.0,22.150000000000002
167715,tap_single,0.4708,U,0.0,7,0.0,22.249999999999993
167811,tap_single,0.4709,U,0.0,7,0.0,22.34999999999998
167907,tap_single,0.4709,U,0.0,7,0.0,22.34999999999998
168003,tap_single,0.4709,U,0.0,7,0.0,22.34999999999998
168099,tap_single,0.4709,U,0.0,7,0.0,22.34999999999998
168194,tap_single,0.4678,U,0.0,7,0.0,19.24999999999999
168290,tap_single,0.4667,U,0.0,7,0.0,18.15
168386,tap_single,0.4667,U,0.0,7,0.0,18.15
168482,tap_single,0.4678,U,0.0,7,0.0,19.24999999999999
168576,tap_single,0.4681,U,0.0,7,0.0,19.55000000000001
168671,tap_single,0.4663,U,0.0,7,0.0,17.74999999999999
168767,tap_single,0.4563,U,0.0,7,0.0,7.749999999999979
168863,tap_single,0.4462,U,0.0,7,0.0,-2.3500000000000187
169057,tap_single,0.4337,U,0.0,8,0.0,-14.85000000000003
169151,tap_single,0.4322,U,0.0,8,0.0,-16.35000000000003
169247,tap_single,0.4321,U,0.0,8,0.0,-16.45000000000002
169342,tap_single,0.4326,U,0.0,8,0.0,-15.95000000000002
169436,tap_single,0.4334,U,0.0,8,0.0,-15.149999999999997
169532,tap_single,0.4351,U,0.0,8,0.0,-13.450000000000017
169628,tap_single,0.4377,U,0.0,8,0.0,-10.850000000000026
169724,tap_single,0.4407,U,0.0,8,0.0,-7.850000000000024
169820,tap_single,0.4432,U,0.0,8,0.0,-5.350000000000021
169915,tap_single,0.4447,U,0.0,8,0.0,-3.85000000000002
170011,tap_single,0.4453,U,0.0,8,0.0,-3.2500000000000306
170107,tap_single,0.4454,U,0.0,8,0.0,-3.149999999999986
170203,tap_single,0.4453,U,0.0,8,0.0,-3.2500000000000306
170299,tap_single,0.4452,U,0.0,8,0.0,-3.3500000000000196
170393,tap_single,0.4452,U,0.0,8,0.0,-3.3500000000000196
170489,tap_single,0.4452,U,0.0,8,0.0,-3.3500000000000196
170584,tap_single,0.4453,S,0.0,8,0.0,-3.2500000000000306
170680,tap_single,0.4453,S,0.0,8,0.0,-3.2500000000000306
170776,tap_single,0.4453,S,0.0,8,0.0,-3.2500000000000306
170872,tap_single,0.4453,S,0.0,8,0.0,-3.2500000000000306
170968,tap_single,0.4453,S,0.0,8,0.0,-3.2500000000000306
171064,tap_single,0.4453,S,0.0,8,0.0,-3.2500000000000306
171160,tap_single,0.4454,S,0.0,8,0.0,-3.149999999999986
171253,tap_single,0.4454,S,0.0,8,0.0,-3.149999999999986
171349,tap_single,0.4455,U,0.0,8,0.0,-3.049999999999997
171445,tap_single,0.4456,U,0.0,8,0.0,-2.950000000000008
171541,tap_single,0.4457,U,0.0,8,0.0,-2.850000000000019
171637,tap_single,0.4457,U,0.0,8,0.0,-2.850000000000019
171733,tap_single,0.4458,U,0.0,8,0.0,-2.75000000000003
171829,tap_single,0.4459,U,0.0,8,0.0,-2.6499999999999857
171924,tap_single,0.4459,U,0.0,8,0.0,-2.6499999999999857
172020,tap_single,0.446,U,0.0,8,0.0,-2.5499999999999967
172114,tap_single,0.4461,U,0.0,8,0.0,-2.4500000000000077
172210,tap_single,0.4462,U,0.0,8,0.0,-2.3500000000000187
172306,tap_single,0.4464,U,0.0,8,0.0,-2.1499999999999853
172402,tap_single,0.4466,U,0.0,8,0.0,-1.9500000000000073
172498,tap_single,0.4468,U,0.0,8,0.0,-1.7500000000000293
172594,tap_single,0.447,U,0.0,8,0.0,-1.5499999999999958
172689,tap_single,0.4472,U,0.0,8,0.0,-1.3500000000000179
172785,tap_single,0.4474,U,0.0,8,0.0,-1.1499999999999844
172881,tap_single,0.4476,U,0.0,8,0.0,-0.9500000000000064
172977,tap_single,0.4478,U,0.0,8,0.0,-0.7500000000000284
173071,tap_single,0.448,U,0.0,8,0.0,-0.5499999999999949
173167,tap_single,0.4481,U,0.0,8,0.0,-0.45000000000000595
173262,tap_single,0.4483,U,0.0,8,0.0,-0.250000000000028
173358,tap_single,0.4485,U,0.0,8,0.0,-0.04999999999999449
173454,tap_single,0.4486,U,0.0,8,0.0,0.04999999999999449
173550,tap_single,0.4488,U,0.0,8,0.0,0.24999999999997247
173646,tap_single,0.449,U,0.0,8,0.0,0.45000000000000595
173742,tap_single,0.4492,U,0.0,8,0.0,0.6499999999999839
173837,tap_single,0.4494,U,0.0,8,0.0,0.8500000000000174
173932,tap_single,0.4496,U,0.0,8,0.0,1.0499999999999954
174027,tap_single,0.4498,U,0.0,8,0.0,1.2499999999999734
174123,tap_single,0.4501,U,0.0,8,0.0,1.5499999999999958
174219,tap_single,0.4503,U,0.0,8,0.0,1.7499999999999738
174315,tap_single,0.4505,U,0.0,8,0.0,1.9500000000000073
174411,tap_single,0.4506,U,0.0,8,0.0,2.0499999999999963
174506,tap_single,0.4508,U,0.0,8,0.0,2.2499999999999742
174602,tap_single,0.4509,U,0.0,8,0.0,2.3500000000000187
174698,tap_single,0.4511,U,0.0,8,0.0,2.5499999999999967
174792,tap_single,0.4513,U,0.0,8,0.0,2.7499999999999747
174893,tap_single,0.4514,U,0.0,8,0.0,2.850000000000019
174984,tap_single,0.4516,U,0.0,8,0.0,3.049999999999997
175178,tap_single,0.452,U,0.0,9,0.0,3.4500000000000086
175271,tap_single,0.4522,U,0.0,9,0.0,3.6499999999999866
175367,tap_single,0.4524,U,0.0,9,0.0,3.85000000000002
175463,tap_single,0.4525,U,0.0,9,0.0,3.950000000000009
175559,tap_single,0.4527,U,0.0,9,0.0,4.149999999999987
175655,tap_single,0.4527,U,0.0,9,0.0,4.149999999999987
175748,tap_single,0.4526,U,0.0,9,0.0,4.049999999999998
175844,tap_single,0.448,U,0.0,9,0.0,-0.5499999999999949
175940,tap_single,0.4473,U,0.0,9,0.0,-1.2500000000000289
176036,tap_single,0.4482,U,0.0,9,0.0,-0.35000000000001696
176131,tap_single,0.4498,U,0.0,9,0.0,1.2499999999999734
176227,tap_single,0.4511,U,0.0,9,0.0,2.5499999999999967
176323,tap_single,0.4515,U,0.0,9,0.0,2.950000000000008
176419,tap_single,0.452,U,0.0,9,0.0,3.4500000000000086
176515,tap_single,0.4519,U,0.0,9,0.0,3.3500000000000196
176609,tap_single,0.4519,U,0.0,9,0.0,3.3500000000000196
176705,tap_single,0.4518,U,0.0,9,0.0,3.249999999999975
176801,tap_single,0.4517,U,0.0,9,0.0,3.149999999999986
176896,tap_single,0.4517,U,0.0,9,0.0,3.149999999999986
176992,tap_single,0.4516,U,0.0,9,0.0,3.049999999999997
177088,tap_single,0.4517,U,0.0,9,0.0,3.149999999999986
177184,tap_single,0.4517,S,0.0,9,0.0,3.149999999999986
177280,tap_single,0.4518,U,0.0,9,0.0,3.249999999999975
177376,tap_single,0.4518,U,0.0,9,0.0,3.249999999999975
177470,tap_single,0.4519,U,0.0,9,0.0,3.3500000000000196
177565,tap_single,0.4519,U,0.0,9,0.0,3.3500000000000196
177661,tap_single,0.4519,U,0.0,9,0.0,3.3500000000000196
177757,tap_single,0.4519,S,0.0,9,0.0,3.3500000000000196
177853,tap_single,0.4519,S,0.0,9,0.0,3.3500000000000196
177949,tap_single,0.4519,S,0.0,9,0.0,3.3500000000000196
178045,tap_single,0.452,S,0.0,9,0.0,3.4500000000000086
178140,tap_single,0.452,S,0.0,9,0.0,3.4500000000000086
178237,tap_single,0.4521,U,0.0,9,0.0,3.5499999999999976
178332,tap_single,0.4522,U,0.0,9,0.0,3.6499999999999866
178426,tap_single,0.4522,U,0.0,9,0.0,3.6499999999999866
178522,tap_single,0.4523,U,0.0,9,0.0,3.7499999999999756
178618,tap_single,0.4524,U,0.0,9,0.0,3.85000000000002
178714,tap_single,0.4524,U,0.0,9,0.0,3.85000000000002
178809,tap_single,0.4525,U,0.0,9,0.0,3.950000000000009
178905,tap_single,0.4526,U,0.0,9,0.0,4.049999999999998
179001,tap_single,0.4526,U,0.0,9,0.0,4.049999999999998
179097,tap_single,0.4526,U,0.0,9,0.0,4.049999999999998
179193,tap_single,0.4526,U,0.0,9,0.0,4.049999999999998
179287,tap_single,0.4526,S,0.0,9,0.0,4.049999999999998
179383,tap_single,0.4526,S,0.0,9,0.0,4.049999999999998
179478,tap_single,0.4526,S,0.0,9,0.0,4.049999999999998
179574,tap_single,0.4526,S,0.0,9,0.0,4.049999999999998
179670,tap_single,0.4525,S,0.0,9,0.0,3.950000000000009
179766,tap_single,0.4525,S,0.0,9,0.0,3.950000000000009
179862,tap_single,0.4524,U,0.0,9,0.0,3.85000000000002
179958,tap_single,0.4524,U,0.0,9,0.0,3.85000000000002
180054,tap_single,0.4523,U,0.0,9,0.0,3.7499999999999756
180148,tap_single,0.4522,U,0.0,9,0.0,3.6499999999999866
180243,tap_single,0.4522,U,0.0,9,0.0,3.6499999999999866
180339,tap_single,0.4521,U,0.0,9,0.0,3.5499999999999976
180435,tap_single,0.4521,U,0.0,9,0.0,3.5499999999999976
180531,tap_single,0.4519,U,0.0,9,0.0,3.3500000000000196
180627,tap_single,0.4519,U,0.0,9,0.0,3.3500000000000196
180723,tap_single,0.4518,U,0.0,9,0.0,3.249999999999975
180818,tap_single,0.4518,U,0.0,9,0.0,3.249999999999975
180914,tap_single,0.4518,U,0.0,9,0.0,3.249999999999975
181008,tap_single,0.4518,S,0.0,9,0.0,3.249999999999975
181104,tap_single,0.4517,U,0.0,9,0.0,3.149999999999986
181298,tap_single,0.4517,S,0.0,10,0.0,3.149999999999986
181391,tap_single,0.4517,S,0.0,10,0.0,3.149999999999986
181487,tap_single,0.4518,S,0.0,10,0.0,3.249999999999975
181583,tap_single,0.4518,S,0.0,10,0.0,3.249999999999975
181679,tap_single,0.4518,S,0.0,10,0.0,3.249999999999975
181775,tap_single,0.4517,S,0.0,10,0.0,3.149999999999986
181871,tap_single,0.4517,S,0.0,10,0.0,3.149999999999986
181965,tap_single,0.4517,S,0.0,10,0.0,3.149999999999986
182060,tap_single,0.4518,S,0.0,10,0.0,3.249999999999975
182156,tap_single,0.4613,U,0.0,10,0.0,12.749999999999984
182252,tap_single,0.4678,U,0.0,10,0.0,19.24999999999999
182348,tap_single,0.4724,U,0.0,10,0.0,23.849999999999984
182443,tap_single,0.4747,U,0.0,10,0.0,26.150000000000006
182539,tap_single,0.4754,U,0.0,10,0.0,26.849999999999984
182635,tap_single,0.4754,U,0.0,10,0.0,26.849999999999984
182731,tap_single,0.475,U,0.0,10,0.0,26.449999999999974
182825,tap_single,0.4745,U,0.0,10,0.0,25.949999999999974
182921,tap_single,0.4741,U,0.0,10,0.0,25.55000000000002
183016,tap_single,0.4739,U,0.0,10,0.0,25.349999999999984
183112,tap_single,0.4738,U,0.0,10,0.0,25.249999999999993
183208,tap_single,0.4737,U,0.0,10,0.0,25.150000000000006
183304,tap_single,0.4736,U,0.0,10,0.0,25.05000000000002
183400,tap_single,0.4735,U,0.0,10,0.0,24.94999999999997
183496,tap_single,0.4735,U,0.0,10,0.0,24.94999999999997
183592,tap_single,0.4735,U,0.0,10,0.0,24.94999999999997
183685,tap_single,0.4735,U,0.0,10,0.0,24.94999999999997
183781,tap_single,0.4735,S,0.0,10,0.0,24.94999999999997
183877,tap_single,0.4735,S,0.0,10,0.0,24.94999999999997
183973,tap_single,0.4735,S,0.0,10,0.0,24.94999999999997
184069,tap_single,0.4735,S,0.0,10,0.0,24.94999999999997
184165,tap_single,0.4736,S,0.0,10,0.0,25.05000000000002
184261,tap_single,0.4736,S,0.0,10,0.0,25.05000000000002
184356,tap_single,0.4737,U,0.0,10,0.0,25.150000000000006
184452,tap_single,0.4737,U,0.0,10,0.0,25.150000000000006
184548,tap_single,0.4737,U,0.0,10,0.0,25.150000000000006
184642,tap_single,0.4737,S,0.0,10,0.0,25.150000000000006
184738,tap_single,0.4737,S,0.0,10,0.0,25.150000000000006
184834,tap_single,0.4736,S,0.0,10,0.0,25.05000000000002
184930,tap_single,0.4736,S,0.0,10,0.0,25.05000000000002
185026,tap_single,0.4736,S,0.0,10,0.0,25.05000000000002
185121,tap_single,0.4737,S,0.0,10,0.0,25.150000000000006
185217,tap_single,0.4737,S,0.0,10,0.0,25.150000000000006
185313,tap_single,0.4739,U,0.0,10,0.0,25.349999999999984
185409,tap_single,0.474,U,0.0,10,0.0,25.449999999999974
185503,tap_single,0.4741,U,0.0,10,0.0,25.55000000000002
185599,tap_single,0.4742,U,0.0,10,0.0,25.650000000000006
185694,tap_single,0.4742,U,0.0,10,0.0,25.650000000000006
185790,tap_single,0.4742,U,0.0,10,0.0,25.650000000000006
185886,tap_single,0.4742,U,0.0,10,0.0,25.650000000000006
185982,tap_single,0.4742,S,0.0,10,0.0,25.650000000000006
186078,tap_single,0.4742,S,0.0,10,0.0,25.650000000000006
186174,tap_single,0.4742,S,0.0,10,0.0,25.650000000000006
186270,tap_single,0.4741,S,0.0,10,0.0,25.55000000000002
186363,tap_single,0.4741,S,0.0,10,0.0,25.55000000000002
186459,tap_single,0.4742,S,0.0,10,0.0,25.650000000000006
186555,tap_single,0.4742,S,0.0,10,0.0,25.650000000000006
186651,tap_single,0.4743,U,0.0,10,0.0,25.749999999999996
186747,tap_single,0.4743,U,0.0,10,0.0,25.749999999999996
186843,tap_single,0.4744,U,0.0,10,0.0,25.849999999999984
186938,tap_single,0.4744,U,0.0,10,0.0,25.849999999999984
187034,tap_single,0.4744,U,0.0,10,0.0,25.849999999999984
187130,tap_single,0.4743,S,0.0,10,0.0,25.749999999999996
187226,tap_single,0.4743,S,0.0,10,0.0,25.749999999999996
187420,tap_single,0.4743,S,0.0,11,0.0,25.749999999999996
187521,tap_single,0.4743,S,0.0,11,0.0,25.749999999999996
187703,tap_single,0.4743,S,0.0,11,0.0,25.749999999999996
187799,tap_single,0.4743,S,0.0,11,0.0,25.749999999999996
187895,tap_single,0.4697,U,0.0,11,0.0,21.150000000000002
187990,tap_single,0.4653,U,0.0,11,0.0,16.749999999999986
188086,tap_single,0.4617,U,0.0,11,0.0,13.149999999999995
188180,tap_single,0.4611,U,0.0,11,0.0,12.550000000000006
188276,tap_single,0.4635,U,0.0,11,0.0,14.950000000000019
188372,tap_single,0.4671,U,0.0,11,0.0,18.55000000000001
188468,tap_single,0.4699,U,0.0,11,0.0,21.34999999999998
188563,tap_single,0.4713,U,0.0,11,0.0,22.749999999999993
188659,tap_single,0.4718,U,0.0,11,0.0,23.249999999999993
188755,tap_single,0.472,U,0.0,11,0.0,23.44999999999997
188851,tap_single,0.472,U,0.0,11,0.0,23.44999999999997
188947,tap_single,0.4721,U,0.0,11,0.0,23.550000000000015
189041,tap_single,0.4721,U,0.0,11,0.0,23.550000000000015
189137,tap_single,0.4721,U,0.0,11,0.0,23.550000000000015
189233,tap_single,0.4722,U,0.0,11,0.0,23.650000000000006
189328,tap_single,0.4721,S,0.0,11,0.0,23.550000000000015
189424,tap_single,0.4721,S,0.0,11,0.0,23.550000000000015
189520,tap_single,0.4719,U,0.0,11,0.0,23.34999999999998
189616,tap_single,0.4717,U,0.0,11,0.0,23.150000000000006
189712,tap_single,0.4715,U,0.0,11,0.0,22.94999999999997
189808,tap_single,0.4712,U,0.0,11,0.0,22.650000000000002
189902,tap_single,0.4709,U,0.0,11,0.0,22.34999999999998
189997,tap_single,0.4707,U,0.0,11,0.0,22.150000000000002
190093,tap_single,0.4705,U,0.0,11,0.0,21.94999999999997
190189,tap_single,0.4704,U,0.0,11,0.0,21.84999999999998
190285,tap_single,0.4703,U,0.0,11,0.0,21.749999999999993
190381,tap_single,0.4701,U,0.0,11,0.0,21.550000000000015
190476,tap_single,0.47,U,0.0,11,0.0,21.449999999999967
190572,tap_single,0.47,U,0.0,11,0.0,21.449999999999967
190669,tap_single,0.4699,U,0.0,11,0.0,21.34999999999998
190764,tap_single,0.4698,U,0.0,11,0.0,21.249999999999993
190858,tap_single,0.4697,U,0.0,11,0.0,21.150000000000002
190954,tap_single,0.4695,U,0.0,11,0.0,20.949999999999967
191050,tap_single,0.4693,U,0.0,11,0.0,20.74999999999999
191146,tap_single,0.469,U,0.0,11,0.0,20.449999999999967
191242,tap_single,0.4688,U,0.0,11,0.0,20.24999999999999
191337,tap_single,0.4686,U,0.0,11,0.0,20.05000000000001
191433,tap_single,0.4684,U,0.0,11,0.0,19.84999999999998
191529,tap_single,0.4683,U,0.0,11,0.0,19.74999999999999
191625,tap_single,0.4682,U,0.0,11,0.0,19.650000000000002
191719,tap_single,0.4681,U,0.0,11,0.0,19.55000000000001
191815,tap_single,0.468,U,0.0,11,0.0,19.450000000000024
191911,tap_single,0.4679,U,0.0,11,0.0,19.34999999999998
192006,tap_single,0.4678,U,0.0,11,0.0,19.24999999999999
192102,tap_single,0.4677,U,0.0,11,0.0,19.15
192198,tap_single,0.4677,U,0.0,11,0.0,19.15
192294,tap_single,0.4676,U,0.0,11,0.0,19.05000000000001
192390,tap_single,0.4676,U,0.0,11,0.0,19.05000000000001
192486,tap_single,0.4675,U,0.0,11,0.0,18.950000000000024
192579,tap_single,0.4675,U,0.0,11,0.0,18.950000000000024
192675,tap_single,0.4675,U,0.0,11,0.0,18.950000000000024
192771,tap_single,0.4675,S,0.0,11,0.0,18.950000000000024
192867,tap_single,0.4675,S,0.0,11,0.0,18.950000000000024
192963,tap_single,0.4676,S,0.0,11,0.0,19.05000000000001
193059,tap_single,0.4676,S,0.0,11,0.0,19.05000000000001
193155,tap_single,0.4676,S,0.0,11,0.0,19.05000000000001
193250,tap_single,0.4677,U,0.0,11,0.0,19.15
193346,tap_single,0.4677,U,0.0,11,0.0,19.15
193540,tap_single,0.4679,U,0.0,12,0.0,19.34999999999998
193632,tap_single,0.4679,U,0.0,12,0.0,19.34999999999998
193728,tap_single,0.468,U,0.0,12,0.0,19.450000000000024
193823,tap_single,0.468,U,0.0,12,0.0,19.450000000000024
193919,tap_single,0.468,U,0.0,12,0.0,19.450000000000024
194015,tap_single,0.4635,U,0.0,12,0.0,14.950000000000019
194111,tap_single,0.4587,U,0.0,12,0.0,10.149999999999991
194206,tap_single,0.4533,U,0.0,12,0.0,4.749999999999977
194302,tap_single,0.4489,U,0.0,12,0.0,0.35000000000001696
194396,tap_single,0.4463,U,0.0,12,0.0,-2.2500000000000298
194492,tap_single,0.4455,U,0.0,12,0.0,-3.049999999999997
194588,tap_single,0.4455,U,0.0,12,0.0,-3.049999999999997
194684,tap_single,0.4456,U,0.0,12,0.0,-2.950000000000008
194780,tap_single,0.4456,U,0.0,12,0.0,-2.950000000000008
194875,tap_single,0.4456,U,0.0,12,0.0,-2.950000000000008
194971,tap_single,0.4456,S,0.0,12,0.0,-2.950000000000008
195067,tap_single,0.4456,S,0.0,12,0.0,-2.950000000000008
195163,tap_single,0.4456,S,0.0,12,0.0,-2.950000000000008
195257,tap_single,0.4457,S,0.0,12,0.0,-2.850000000000019
195353,tap_single,0.4458,U,0.0,12,0.0,-2.75000000000003
195449,tap_single,0.4459,U,0.0,12,0.0,-2.6499999999999857
195544,tap_single,0.4459,U,0.0,12,0.0,-2.6499999999999857
195640,tap_single,0.446,U,0.0,12,0.0,-2.5499999999999967
195736,tap_single,0.446,U,0.0,12,0.0,-2.5499999999999967
195832,tap_single,0.446,U,0.0,12,0.0,-2.5499999999999967
195928,tap_single,0.4459,S,0.0,12,0.0,-2.6499999999999857
196024,tap_single,0.4459,S,0.0,12,0.0,-2.6499999999999857
196120,tap_single,0.4459,S,0.0,12,0.0,-2.6499999999999857
196213,tap_single,0.4458,U,0.0,12,0.0,-2.75000000000003
196309,tap_single,0.4458,U,0.0,12,0.0,-2.75000000000003
196405,tap_single,0.4458,S,0.0,12,0.0,-2.75000000000003
196501,tap_single,0.4458,S,0.0,12,0.0,-2.75000000000003
196597,tap_single,0.4458,S,0.0,12,0.0,-2.75000000000003
196693,tap_single,0.4458,S,0.0,12,0.0,-2.75000000000003
196789,tap_single,0.4458,S,0.0,12,0.0,-2.75000000000003
196885,tap_single,0.4458,S,0.0,12,0.0,-2.75000000000003
196980,tap_single,0.4458,S,0.0,12,0.0,-2.75000000000003
197074,tap_single,0.4458,S,0.0,12,0.0,-2.75000000000003
197170,tap_single,0.4458,S,0.0,12,0.0,-2.75000000000003
197266,tap_single,0.4458,S,0.0,12,0.0,-2.75000000000003
197362,tap_single,0.4458,S,0.0,12,0.0,-2.75000000000003
197458,tap_single,0.4458,S,0.0,12,0.0,-2.75000000000003
197554,tap_single,0.4458,S,0.0,12,0.0,-2.75000000000003
197649,tap_single,0.4458,S,0.0,12,0.0,-2.75000000000003
197745,tap_single,0.4458,S,0.0,12,0.0,-2.75000000000003
197841,tap_single,0.4458,S,0.0,12,0.0,-2.75000000000003
197935,tap_single,0.4459,S,0.0,12,0.0,-2.6499999999999857
198031,tap_single,0.4463,U,0.0,12,0.0,-2.2500000000000298
198127,tap_single,0.4464,U,0.0,12,0.0,-2.1499999999999853
198222,tap_single,0.4466,U,0.0,12,0.0,-1.9500000000000073
198318,tap_single,0.4467,U,0.0,12,0.0,-1.8500000000000183
198414,tap_single,0.4468,U,0.0,12,0.0,-1.7500000000000293
198510,tap_single,0.447,U,0.0,12,0.0,-1.5499999999999958
198606,tap_single,0.4472,U,0.0,12,0.0,-1.3500000000000179
198702,tap_single,0.4473,U,0.0,12,0.0,-1.2500000000000289
198797,tap_single,0.4475,U,0.0,12,0.0,-1.0499999999999954
198891,tap_single,0.4476,U,0.0,12,0.0,-0.9500000000000064
198987,tap_single,0.4477,U,0.0,12,0.0,-0.8500000000000174
199083,tap_single,0.4478,U,0.0,12,0.0,-0.7500000000000284
199179,tap_single,0.4479,U,0.0,12,0.0,-0.6499999999999839
199275,tap_single,0.448,U,0.0,12,0.0,-0.5499999999999949
199370,tap_single,0.4481,U,0.0,12,0.0,-0.45000000000000595
199466,tap_single,0.4481,U,0.0,12,0.0,-0.45000000000000595
199660,tap_single,0.4483,U,0.0,13,0.0,-0.250000000000028
199752,tap_single,0.4484,U,0.0,13,0.0,-0.14999999999998348
199848,tap_single,0.4485,U,0.0,13,0.0,-0.04999999999999449
199949,tap_single,0.4486,U,0.0,13,0.0,0.04999999999999449
200040,tap_single,0.4487,U,0.0,13,0.0,0.14999999999998348
200135,tap_single,0.4487,U,0.0,13,0.0,0.14999999999998348
200231,tap_single,0.4487,U,0.0,13,0.0,0.14999999999998348
200327,tap_single,0.4487,U,0.0,13,0.0,0.14999999999998348
200423,tap_single,0.4488,U,0.0,13,0.0,0.24999999999997247
200519,tap_single,0.4489,U,0.0,13,0.0,0.35000000000001696
200612,tap_single,0.449,U,0.0,13,0.0,0.45000000000000595
200708,tap_single,0.4537,U,0.0,13,0.0,5.149999999999988
200804,tap_single,0.4544,U,0.0,13,0.0,5.850000000000022
200900,tap_single,0.4547,U,0.0,13,0.0,6.149999999999989
200995,tap_single,0.455,U,0.0,13,0.0,6.450000000000012
201091,tap_single,0.4554,U,0.0,13,0.0,6.850000000000023
201187,tap_single,0.4559,U,0.0,13,0.0,7.350000000000023
201283,tap_single,0.4562,U,0.0,13,0.0,7.64999999999999
201379,tap_single,0.4564,U,0.0,13,0.0,7.849999999999968
201473,tap_single,0.4567,U,0.0,13,0.0,8.149999999999991
201569,tap_single,0.4569,U,0.0,13,0.0,8.34999999999997
201665,tap_single,0.4572,U,0.0,13,0.0,8.649999999999991
201760,tap_single,0.4574,U,0.0,13,0.0,8.84999999999997
201856,tap_single,0.4575,U,0.0,13,0.0,8.950000000000014
201952,tap_single,0.4576,U,0.0,13,0.0,9.050000000000002
202048,tap_single,0.4577,U,0.0,13,0.0,9.149999999999991
202144,tap_single,0.4577,U,0.0,13,0.0,9.149999999999991
202240,tap_single,0.4577,U,0.0,13,0.0,9.149999999999991
202336,tap_single,0.4578,U,0.0,13,0.0,9.24999999999998
202429,tap_single,0.4578,U,0.0,13,0.0,9.24999999999998
202525,tap_single,0.4578,S,0.0,13,0.0,9.24999999999998
202621,tap_single,0.4578,S,0.0,13,0.0,9.24999999999998
202717,tap_single,0.4578,S,0.0,13,0.0,9.24999999999998
202813,tap_single,0.4578,S,0.0,13,0.0,9.24999999999998
202909,tap_single,0.4578,S,0.0,13,0.0,9.24999999999998
203005,tap_single,0.4578,S,0.0,13,0.0,9.24999999999998
203101,tap_single,0.4578,S,0.0,13,0.0,9.24999999999998
203196,tap_single,0.4578,S,0.0,13,0.0,9.24999999999998
203290,tap_single,0.4578,S,0.0,13,0.0,9.24999999999998
203386,tap_single,0.4578,S,0.0,13,0.0,9.24999999999998
203482,tap_single,0.4578,S,0.0,13,0.0,9.24999999999998
203578,tap_single,0.4577,S,0.0,13,0.0,9.149999999999991
203674,tap_single,0.4576,U,0.0,13,0.0,9.050000000000002
203770,tap_single,0.4576,U,0.0,13,0.0,9.050000000000002
203865,tap_single,0.4575,U,0.0,13,0.0,8.950000000000014
203961,tap_single,0.4575,U,0.0,13,0.0,8.950000000000014
204057,tap_single,0.4572,U,0.0,13,0.0,8.649999999999991
204151,tap_single,0.457,U,0.0,13,0.0,8.450000000000014
204247,tap_single,0.4568,U,0.0,13,0.0,8.249999999999979
204343,tap_single,0.4566,U,0.0,13,0.0,8.05
204438,tap_single,0.4564,U,0.0,13,0.0,7.849999999999968
204534,tap_single,0.4563,U,0.0,13,0.0,7.749999999999979
204630,tap_single,0.4562,U,0.0,13,0.0,7.64999999999999
204726,tap_single,0.4561,U,0.0,13,0.0,7.550000000000001
204822,tap_single,0.456,U,0.0,13,0.0,7.450000000000012
204918,tap_single,0.4559,U,0.0,13,0.0,7.350000000000023
205014,tap_single,0.4558,U,0.0,13,0.0,7.249999999999979
205107,tap_single,0.4558,U,0.0,13,0.0,7.249999999999979
205203,tap_single,0.4557,U,0.0,13,0.0,7.14999999999999
205299,tap_single,0.4557,U,0.0,13,0.0,7.14999999999999
205395,tap_single,0.4556,U,0.0,13,0.0,7.050000000000001
205491,tap_single,0.4556,U,0.0,13,0.0,7.050000000000001
205587,tap_single,0.4556,U,0.0,13,0.0,7.050000000000001
205781,tap_single,0.4557,S,0.0,14,0.0,7.14999999999999
205874,tap_single,0.4558,U,0.0,14,0.0,7.249999999999979
205968,tap_single,0.4558,U,0.0,14,0.0,7.249999999999979
206064,tap_single,0.4559,U,0.0,14,0.0,7.350000000000023
206160,tap_single,0.456,U,0.0,14,0.0,7.450000000000012
206255,tap_single,0.4561,U,0.0,14,0.0,7.550000000000001
206351,tap_single,0.4561,U,0.0,14,0.0,7.550000000000001
206447,tap_single,0.4561,U,0.0,14,0.0,7.550000000000001
206543,tap_single,0.4561,U,0.0,14,0.0,7.550000000000001
206639,tap_single,0.4562,U,0.0,14,0.0,7.64999999999999
206734,tap_single,0.4612,U,0.0,14,0.0,12.649999999999995
206828,tap_single,0.4622,U,0.0,14,0.0,13.649999999999995
206924,tap_single,0.4625,U,0.0,14,0.0,13.950000000000017
207020,tap_single,0.4624,U,0.0,14,0.0,13.849999999999973
207116,tap_single,0.4622,U,0.0,14,0.0,13.649999999999995
207212,tap_single,0.462,U,0.0,14,0.0,13.450000000000017
207307,tap_single,0.4619,U,0.0,14,0.0,13.349999999999973
207403,tap_single,0.4618,U,0.0,14,0.0,13.249999999999984
207499,tap_single,0.4617,U,0.0,14,0.0,13.149999999999995
207595,tap_single,0.4616,U,0.0,14,0.0,13.050000000000006
207691,tap_single,0.4615,U,0.0,14,0.0,12.950000000000017
207785,tap_single,0.4614,U,0.0,14,0.0,12.849999999999973
207881,tap_single,0.4613,U,0.0,14,0.0,12.749999999999984
207976,tap_single,0.4612,U,0.0,14,0.0,12.649999999999995
208072,tap_single,0.4612,U,0.0,14,0.0,12.649999999999995
208168,tap_single,0.4612,U,0.0,14,0.0,12.649999999999995
208264,tap_single,0.4612,U,0.0,14,0.0,12.649999999999995
208360,tap_single,0.4612,S,0.0,14,0.0,12.649999999999995
208456,tap_single,0.4613,S,0.0,14,0.0,12.749999999999984
208552,tap_single,0.4613,S,0.0,14,0.0,12.749999999999984
208646,tap_single,0.4614,U,0.0,14,0.0,12.849999999999973
208741,tap_single,0.4614,U,0.0,14,0.0,12.849999999999973
208837,tap_single,0.4615,U,0.0,14,0.0,12.950000000000017
208933,tap_single,0.4616,U,0.0,14,0.0,13.050000000000006
209029,tap_single,0.4617,U,0.0,14,0.0,13.149999999999995
209125,tap_single,0.4617,U,0.0,14,0.0,13.149999999999995
209221,tap_single,0.4618,U,0.0,14,0.0,13.249999999999984
209317,tap_single,0.4618,U,0.0,14,0.0,13.249999999999984
209412,tap_single,0.4618,U,0.0,14,0.0,13.249999999999984
209506,tap_single,0.462,U,0.0,14,0.0,13.450000000000017
209602,tap_single,0.4621,U,0.0,14,0.0,13.550000000000006
209698,tap_single,0.4622,U,0.0,14,0.0,13.649999999999995
209794,tap_single,0.4623,U,0.0,14,0.0,13.749999999999984
209890,tap_single,0.4624,U,0.0,14,0.0,13.849999999999973
209985,tap_single,0.4625,U,0.0,14,0.0,13.950000000000017
210081,tap_single,0.4626,U,0.0,14,0.0,14.050000000000008
210177,tap_single,0.4627,U,0.0,14,0.0,14.149999999999995
210273,tap_single,0.4628,U,0.0,14,0.0,14.249999999999986
210369,tap_single,0.4629,U,0.0,14,0.0,14.349999999999973
210463,tap_single,0.4629,U,0.0,14,0.0,14.349999999999973
210559,tap_single,0.463,U,0.0,14,0.0,14.450000000000019
210655,tap_single,0.463,U,0.0,14,0.0,14.450000000000019
210750,tap_single,0.4631,U,0.0,14,0.0,14.550000000000008
210846,tap_single,0.4631,U,0.0,14,0.0,14.550000000000008
210942,tap_single,0.463,S,0.0,14,0.0,14.450000000000019
211038,tap_single,0.463,S,0.0,14,0.0,14.450000000000019
211134,tap_single,0.463,S,0.0,14,0.0,14.450000000000019
211229,tap_single,0.463,S,0.0,14,0.0,14.450000000000019
211323,tap_single,0.463,S,0.0,14,0.0,14.450000000000019
211419,tap_single,0.463,S,0.0,14,0.0,14.450000000000019
211515,tap_single,0.463,S,0.0,14,0.0,14.450000000000019
211611,tap_single,0.4631,S,0.0,14,0.0,14.550000000000008
211707,tap_single,0.4631,S,0.0,14,0.0,14.550000000000008
211901,tap_single,0.4631,S,0.0,15,0.0,14.550000000000008
211994,tap_single,0.4631,S,0.0,15,0.0,14.550000000000008
212090,tap_single,0.463,S,0.0,15,0.0,14.450000000000019
212184,tap_single,0.463,S,0.0,15,0.0,14.450000000000019
212280,tap_single,0.463,S,0.0,15,0.0,14.450000000000019
212381,tap_single,0.4587,U,0.0,15,0.0,10.149999999999991
212471,tap_single,0.4548,U,0.0,15,0.0,6.249999999999978
212567,tap_single,0.4507,U,0.0,15,0.0,2.1499999999999853
212663,tap_single,0.4483,U,0.0,15,0.0,-0.250000000000028
212759,tap_single,0.4483,U,0.0,15,0.0,-0.250000000000028
212854,tap_single,0.4499,U,0.0,15,0.0,1.3500000000000179
212950,tap_single,0.4515,U,0.0,15,0.0,2.950000000000008
213044,tap_single,0.4525,U,0.0,15,0.0,3.950000000000009
213140,tap_single,0.4527,U,0.0,15,0.0,4.149999999999987
213236,tap_single,0.4532,U,0.0,15,0.0,4.649999999999988
213332,tap_single,0.4532,U,0.0,15,0.0,4.649999999999988
213427,tap_single,0.4531,U,0.0,15,0.0,4.549999999999999
213523,tap_single,0.453,U,0.0,15,0.0,4.45000000000001
213619,tap_single,0.4529,U,0.0,15,0.0,4.350000000000021
213715,tap_single,0.4528,U,0.0,15,0.0,4.249999999999976
213811,tap_single,0.4527,U,0.0,15,0.0,4.149999999999987
213907,tap_single,0.4527,U,0.0,15,0.0,4.149999999999987
214001,tap_single,0.4527,U,0.0,15,0.0,4.149999999999987
214097,tap_single,0.4528,S,0.0,15,0.0,4.249999999999976
214193,tap_single,0.4528,S,0.0,15,0.0,4.249999999999976
214288,tap_single,0.4529,U,0.0,15,0.0,4.350000000000021
214384,tap_single,0.453,U,0.0,15,0.0,4.45000000000001
214480,tap_single,0.453,U,0.0,15,0.0,4.45000000000001
214576,tap_single,0.453,U,0.0,15,0.0,4.45000000000001
214672,tap_single,0.4531,U,0.0,15,0.0,4.549999999999999
214768,tap_single,0.4531,U,0.0,15,0.0,4.549999999999999
214861,tap_single,0.4531,S,0.0,15,0.0,4.549999999999999
214957,tap_single,0.4532,U,0.0,15,0.0,4.649999999999988
215053,tap_single,0.4532,U,0.0,15,0.0,4.649999999999988
215149,tap_single,0.4533,U,0.0,15,0.0,4.749999999999977
215245,tap_single,0.4533,U,0.0,15,0.0,4.749999999999977
215341,tap_single,0.4534,U,0.0,15,0.0,4.850000000000021
215437,tap_single,0.4534,U,0.0,15,0.0,4.850000000000021
215533,tap_single,0.4535,U,0.0,15,0.0,4.95000000000001
215629,tap_single,0.4535,U,0.0,15,0.0,4.95000000000001
215722,tap_single,0.4536,U,0.0,15,0.0,5.049999999999999
215818,tap_single,0.4536,U,0.0,15,0.0,5.049999999999999
215914,tap_single,0.4537,U,0.0,15,0.0,5.149999999999988
216010,tap_single,0.4537,U,0.0,15,0.0,5.149999999999988
216106,tap_single,0.4536,S,0.0,15,0.0,5.049999999999999
216202,tap_single,0.4536,S,0.0,15,0.0,5.049999999999999
216297,tap_single,0.4536,S,0.0,15,0.0,5.049999999999999
216393,tap_single,0.4536,S,0.0,15,0.0,5.049999999999999
216489,tap_single,0.4536,S,0.0,15,0.0,5.049999999999999
216585,tap_single,0.4536,S,0.0,15,0.0,5.049999999999999
216679,tap_single,0.4536,S,0.0,15,0.0,5.049999999999999
216775,tap_single,0.4535,S,0.0,15,0.0,4.95000000000001
216870,tap_single,0.4535,S,0.0,15,0.0,4.95000000000001
216966,tap_single,0.4535,S,0.0,15,0.0,4.95000000000001
217062,tap_single,0.4535,S,0.0,15,0.0,4.95000000000001
217158,tap_single,0.4535,S,0.0,15,0.0,4.95000000000001
217254,tap_single,0.4535,S,0.0,15,0.0,4.95000000000001
217350,tap_single,0.4535,S,0.0,15,0.0,4.95000000000001
217446,tap_single,0.4535,S,0.0,15,0.0,4.95000000000001
217539,tap_single,0.4535,S,0.0,15,0.0,4.95000000000001
217636,tap_single,0.4535,S,0.0,15,0.0,4.95000000000001
217731,tap_single,0.4535,S,0.0,15,0.0,4.95000000000001
217827,tap_single,0.4535,S,0.0,15,0.0,4.95000000000001
218021,tap_single,0.4535,S,0.0,16,0.0,4.95000000000001
218115,tap_single,0.4535,S,0.0,16,0.0,4.95000000000001
218210,tap_single,0.4535,S,0.0,16,0.0,4.95000000000001
218306,tap_single,0.4535,S,0.0,16,0.0,4.95000000000001
218400,tap_single,0.4534,S,0.0,16,0.0,4.850000000000021
218496,tap_single,0.4531,U,0.0,16,0.0,4.549999999999999
218591,tap_single,0.4452,U,0.0,16,0.0,-3.3500000000000196
218686,tap_single,0.44,U,0.0,16,0.0,-8.550000000000002
218783,tap_single,0.4353,U,0.0,16,0.0,-13.249999999999984
218879,tap_single,0.4324,U,0.0,16,0.0,-16.15
218975,tap_single,0.4314,U,0.0,16,0.0,-17.15
219071,tap_single,0.4313,U,0.0,16,0.0,-17.249999999999986
219166,tap_single,0.4315,U,0.0,16,0.0,-17.05000000000001
219262,tap_single,0.4316,U,0.0,16,0.0,-16.95000000000002
219356,tap_single,0.4315,U,0.0,16,0.0,-17.05000000000001
219452,tap_single,0.4315,U,0.0,16,0.0,-17.05000000000001
219548,tap_single,0.4315,U,0.0,16,0.0,-17.05000000000001
219644,tap_single,0.4315,S,0.0,16,0.0,-17.05000000000001
219739,tap_single,0.4317,U,0.0,16,0.0,-16.85000000000003
219835,tap_single,0.4319,U,0.0,16,0.0,-16.65
219931,tap_single,0.4321,U,0.0,16,0.0,-16.45000000000002
220027,tap_single,0.4323,U,0.0,16,0.0,-16.249999999999986
220123,tap_single,0.4325,U,0.0,16,0.0,-16.050000000000008
220217,tap_single,0.4327,U,0.0,16,0.0,-15.85000000000003
220313,tap_single,0.4328,U,0.0,16,0.0,-15.749999999999986
220408,tap_single,0.4329,U,0.0,16,0.0,-15.649999999999997
220504,tap_single,0.433,U,0.0,16,0.0,-15.550000000000008
220600,tap_single,0.4331,U,0.0,16,0.0,-15.450000000000019
220696,tap_single,0.4332,U,0.0,16,0.0,-15.35000000000003
220792,tap_single,0.4332,U,0.0,16,0.0,-15.35000000000003
220888,tap_single,0.4333,U,0.0,16,0.0,-15.249999999999986
220984,tap_single,0.4333,U,0.0,16,0.0,-15.249999999999986
221078,tap_single,0.4334,U,0.0,16,0.0,-15.149999999999997
221173,tap_single,0.4335,U,0.0,16,0.0,-15.050000000000008
221269,tap_single,0.4336,U,0.0,16,0.0,-14.950000000000019
221365,tap_single,0.4339,U,0.0,16,0.0,-14.649999999999997
221461,tap_single,0.4341,U,0.0,16,0.0,-14.450000000000019
221557,tap_single,0.4343,U,0.0,16,0.0,-14.249999999999986
221653,tap_single,0.4345,U,0.0,16,0.0,-14.050000000000008
221749,tap_single,0.4346,U,0.0,16,0.0,-13.950000000000017
221844,tap_single,0.4348,U,0.0,16,0.0,-13.749999999999984
221938,tap_single,0.4348,U,0.0,16,0.0,-13.749999999999984
222034,tap_single,0.4349,U,0.0,16,0.0,-13.649999999999995
222130,tap_single,0.435,U,0.0,16,0.0,-13.550000000000006
222226,tap_single,0.435,U,0.0,16,0.0,-13.550000000000006
222322,tap_single,0.4351,U,0.0,16,0.0,-13.450000000000017
222417,tap_single,0.4351,U,0.0,16,0.0,-13.450000000000017
222513,tap_single,0.4351,U,0.0,16,0.0,-13.450000000000017
222609,tap_single,0.4352,U,0.0,16,0.0,-13.350000000000028
222705,tap_single,0.4352,U,0.0,16,0.0,-13.350000000000028
222801,tap_single,0.4352,S,0.0,16,0.0,-13.350000000000028
222895,tap_single,0.4353,U,0.0,16,0.0,-13.249999999999984
222991,tap_single,0.4353,U,0.0,16,0.0,-13.249999999999984
223086,tap_single,0.4353,S,0.0,16,0.0,-13.249999999999984
223182,tap_single,0.4353,S,0.0,16,0.0,-13.249999999999984
223278,tap_single,0.4353,S,0.0,16,0.0,-13.249999999999984
223374,tap_single,0.4354,S,0.0,16,0.0,-13.149999999999995
223470,tap_single,0.4354,S,0.0,16,0.0,-13.149999999999995
223566,tap_single,0.4354,S,0.0,16,0.0,-13.149999999999995
223661,tap_single,0.4354,S,0.0,16,0.0,-13.149999999999995
223755,tap_single,0.4355,U,0.0,16,0.0,-13.050000000000006
223851,tap_single,0.4355,S,0.0,16,0.0,-13.050000000000006
223947,tap_single,0.4356,U,0.0,16,0.0,-12.950000000000017
224141,tap_single,0.4357,U,0.0,17,0.0,-12.850000000000028
224235,tap_single,0.4358,U,0.0,17,0.0,-12.749999999999984
224330,tap_single,0.4359,U,0.0,17,0.0,-12.649999999999995
224426,tap_single,0.436,U,0.0,17,0.0,-12.550000000000006
224522,tap_single,0.4361,U,0.0,17,0.0,-12.450000000000017
224616,tap_single,0.4362,U,0.0,17,0.0,-12.350000000000028
224717,tap_single,0.4363,U,0.0,17,0.0,-12.249999999999982
224808,tap_single,0.4366,U,0.0,17,0.0,-11.950000000000017
224903,tap_single,0.446,U,0.0,17,0.0,-2.5499999999999967
224999,tap_single,0.4521,U,0.0,17,0.0,3.5499999999999976
225095,tap_single,0.4574,U,0.0,17,0.0,8.84999999999997
225191,tap_single,0.4607,U,0.0,17,0.0,12.149999999999995
225286,tap_single,0.4623,U,0.0,17,0.0,13.749999999999984
225382,tap_single,0.4627,U,0.0,17,0.0,14.149999999999995
225478,tap_single,0.4628,U,0.0,17,0.0,14.249999999999986
225572,tap_single,0.4627,U,0.0,17,0.0,14.149999999999995
225668,tap_single,0.4626,U,0.0,17,0.0,14.050000000000008
225764,tap_single,0.4624,U,0.0,17,0.0,13.849999999999973
225860,tap_single,0.4623,U,0.0,17,0.0,13.749999999999984
225956,tap_single,0.4623,U,0.0,17,0.0,13.749999999999984
226051,tap_single,0.4623,U,0.0,17,0.0,13.749999999999984
226147,tap_single,0.4624,U,0.0,17,0.0,13.849999999999973
226243,tap_single,0.4624,S,0.0,17,0.0,13.849999999999973
226339,tap_single,0.4625,U,0.0,17,0.0,13.950000000000017
226433,tap_single,0.4626,U,0.0,17,0.0,14.050000000000008
226529,tap_single,0.4627,U,0.0,17,0.0,14.149999999999995
226624,tap_single,0.4628,U,0.0,17,0.0,14.249999999999986
226720,tap_single,0.4629,U,0.0,17,0.0,14.349999999999973
226816,tap_single,0.4631,U,0.0,17,0.0,14.550000000000008
226912,tap_single,0.4632,U,0.0,17,0.0,14.649999999999997
227008,tap_single,0.4633,U,0.0,17,0.0,14.749999999999986
227104,tap_single,0.4635,U,0.0,17,0.0,14.950000000000019
227200,tap_single,0.4636,U,0.0,17,0.0,15.050000000000008
227294,tap_single,0.4636,U,0.0,17,0.0,15.050000000000008
227389,tap_single,0.4637,U,0.0,17,0.0,15.149999999999997
227485,tap_single,0.4638,U,0.0,17,0.0,15.249999999999986
227581,tap_single,0.4639,U,0.0,17,0.0,15.349999999999975
227677,tap_single,0.464,U,0.0,17,0.0,15.450000000000019
227773,tap_single,0.4641,U,0.0,17,0.0,15.550000000000008
227869,tap_single,0.4642,U,0.0,17,0.0,15.649999999999997
227965,tap_single,0.4644,U,0.0,17,0.0,15.849999999999975
228060,tap_single,0.4645,U,0.0,17,0.0,15.95000000000002
228156,tap_single,0.4645,U,0.0,17,0.0,15.95000000000002
228250,tap_single,0.4646,U,0.0,17,0.0,16.050000000000008
228346,tap_single,0.4647,U,0.0,17,0.0,16.15
228442,tap_single,0.4648,U,0.0,17,0.0,16.249999999999986
228538,tap_single,0.4648,U,0.0,17,0.0,16.249999999999986
228634,tap_single,0.4648,U,0.0,17,0.0,16.249999999999986
228729,tap_single,0.4648,U,0.0,17,0.0,16.249999999999986
228825,tap_single,0.4648,S,0.0,17,0.0,16.249999999999986
228921,tap_single,0.4647,S,0.0,17,0.0,16.15
229017,tap_single,0.4647,S,0.0,17,0.0,16.15
229111,tap_single,0.4647,S,0.0,17,0.0,16.15
229207,tap_single,0.4648,S,0.0,17,0.0,16.249999999999986
229302,tap_single,0.4648,S,0.0,17,0.0,16.249999999999986
229398,tap_single,0.4649,U,0.0,17,0.0,16.349999999999977
229494,tap_single,0.4649,U,0.0,17,0.0,16.349999999999977
229590,tap_single,0.4649,U,0.0,17,0.0,16.349999999999977
229686,tap_single,0.465,U,0.0,17,0.0,16.45000000000002
229782,tap_single,0.465,U,0.0,17,0.0,16.45000000000002
229878,tap_single,0.465,S,0.0,17,0.0,16.45000000000002
229971,tap_single,0.4651,U,0.0,17,0.0,16.550000000000008
230067,tap_single,0.4651,U,0.0,17,0.0,16.550000000000008
230261,tap_single,0.4653,U,0.0,18,0.0,16.749999999999986
230355,tap_single,0.4654,U,0.0,18,0.0,16.849999999999977
230451,tap_single,0.4655,U,0.0,18,0.0,16.95000000000002
230546,tap_single,0.4655,U,0.0,18,0.0,16.95000000000002
230642,tap_single,0.4655,U,0.0,18,0.0,16.95000000000002
230737,tap_single,0.46,U,0.0,18,0.0,11.450000000000015
230834,tap_single,0.4539,U,0.0,18,0.0,5.350000000000021
230928,tap_single,0.4473,U,0.0,18,0.0,-1.2500000000000289
231023,tap_single,0.4424,U,0.0,18,0.0,-6.149999999999989
231119,tap_single,0.4403,U,0.0,18,0.0,-8.249999999999979
231215,tap_single,0.4401,U,0.0,18,0.0,-8.450000000000014
231311,tap_single,0.4404,U,0.0,18,0.0,-8.149999999999991
231407,tap_single,0.4408,U,0.0,18,0.0,-7.749999999999979
231503,tap_single,0.4411,U,0.0,18,0.0,-7.450000000000012
231598,tap_single,0.4414,U,0.0,18,0.0,-7.14999999999999
231694,tap_single,0.4414,U,0.0,18,0.0,-7.14999999999999
231788,tap_single,0.4414,U,0.0,18,0.0,-7.14999999999999
231884,tap_single,0.4413,U,0.0,18,0.0,-7.249999999999979
231980,tap_single,0.4412,U,0.0,18,0.0,-7.350000000000023
232076,tap_single,0.441,U,0.0,18,0.0,-7.550000000000001
232172,tap_single,0.4409,U,0.0,18,0.0,-7.64999999999999
232268,tap_single,0.4408,U,0.0,18,0.0,-7.749999999999979
232363,tap_single,0.4407,U,0.0,18,0.0,-7.850000000000024
232459,tap_single,0.4406,U,0.0,18,0.0,-7.950000000000013
232555,tap_single,0.4406,U,0.0,18,0.0,-7.950000000000013
232649,tap_single,0.4406,U,0.0,18,0.0,-7.950000000000013
232745,tap_single,0.4406,U,0.0,18,0.0,-7.950000000000013
232841,tap_single,0.4407,S,0.0,18,0.0,-7.850000000000024
232937,tap_single,0.4408,U,0.0,18,0.0,-7.749999999999979
233032,tap_single,0.4408,U,0.0,18,0.0,-7.749999999999979
233128,tap_single,0.4409,U,0.0,18,0.0,-7.64999999999999
233224,tap_single,0.4409,U,0.0,18,0.0,-7.64999999999999
233320,tap_single,0.4409,U,0.0,18,0.0,-7.64999999999999
233416,tap_single,0.441,U,0.0,18,0.0,-7.550000000000001
233510,tap_single,0.441,U,0.0,18,0.0,-7.550000000000001
233606,tap_single,0.441,S,0.0,18,0.0,-7.550000000000001
233702,tap_single,0.441,S,0.0,18,0.0,-7.550000000000001
233797,tap_single,0.4411,U,0.0,18,0.0,-7.450000000000012
233893,tap_single,0.4411,S,0.0,18,0.0,-7.450000000000012
233989,tap_single,0.4414,U,0.0,18,0.0,-7.14999999999999
234085,tap_single,0.4416,U,0.0,18,0.0,-6.950000000000012
234181,tap_single,0.4418,U,0.0,18,0.0,-6.749999999999979
234276,tap_single,0.442,U,0.0,18,0.0,-6.550000000000001
234372,tap_single,0.4422,U,0.0,18,0.0,-6.350000000000023
234466,tap_single,0.4424,U,0.0,18,0.0,-6.149999999999989
234562,tap_single,0.4426,U,0.0,18,0.0,-5.950000000000011
234658,tap_single,0.4428,U,0.0,18,0.0,-5.749999999999977
234754,tap_single,0.4429,U,0.0,18,0.0,-5.649999999999988
234849,tap_single,0.4431,U,0.0,18,0.0,-5.45000000000001
234945,tap_single,0.4433,U,0.0,18,0.0,-5.249999999999977
235041,tap_single,0.4435,U,0.0,18,0.0,-5.049999999999999
235137,tap_single,0.4437,U,0.0,18,0.0,-4.850000000000021
235233,tap_single,0.4439,U,0.0,18,0.0,-4.649999999999988
235327,tap_single,0.4441,U,0.0,18,0.0,-4.45000000000001
235423,tap_single,0.4443,U,0.0,18,0.0,-4.250000000000032
235519,tap_single,0.4445,U,0.0,18,0.0,-4.049999999999998
235614,tap_single,0.4447,U,0.0,18,0.0,-3.85000000000002
235710,tap_single,0.4448,U,0.0,18,0.0,-3.750000000000031
235806,tap_single,0.4449,U,0.0,18,0.0,-3.6499999999999866
235902,tap_single,0.445,U,0.0,18,0.0,-3.5499999999999976
235998,tap_single,0.4451,U,0.0,18,0.0,-3.4500000000000086
236093,tap_single,0.4451,U,0.0,18,0.0,-3.4500000000000086
236187,tap_single,0.4451,U,0.0,18,0.0,-3.4500000000000086
236381,tap_single,0.445,S,0.0,19,0.0,-3.5499999999999976
236475,tap_single,0.445,S,0.0,19,0.0,-3.5499999999999976
236571,tap_single,0.4449,U,0.0,19,0.0,-3.6499999999999866
236667,tap_single,0.4449,U,0.0,19,0.0,-3.6499999999999866
236763,tap_single,0.4447,U,0.0,19,0.0,-3.85000000000002
236858,tap_single,0.4446,U,0.0,19,0.0,-3.950000000000009
236954,tap_single,0.4443,U,0.0,19,0.0,-4.250000000000032
237050,tap_single,0.4374,U,0.0,19,0.0,-11.149999999999993
237151,tap_single,0.4366,U,0.0,19,0.0,-11.950000000000017
237241,tap_single,0.438,U,0.0,19,0.0,-10.550000000000004
237335,tap_single,0.4405,U,0.0,19,0.0,-8.05
237431,tap_single,0.4416,U,0.0,19,0.0,-6.950000000000012
237527,tap_single,0.4439,U,0.0,19,0.0,-4.649999999999988
237623,tap_single,0.4442,U,0.0,19,0.0,-4.350000000000021
237718,tap_single,0.4441,U,0.0,19,0.0,-4.45000000000001
237814,tap_single,0.4439,U,0.0,19,0.0,-4.649999999999988
237910,tap_single,0.4434,U,0.0,19,0.0,-5.149999999999988
238004,tap_single,0.4431,U,0.0,19,0.0,-5.45000000000001
238100,tap_single,0.4431,U,0.0,19,0.0,-5.45000000000001
238196,tap_single,0.4438,U,0.0,19,0.0,-4.750000000000032
238292,tap_single,0.4508,U,0.0,19,0.0,2.2499999999999742
238388,tap_single,0.4572,U,0.0,19,0.0,8.649999999999991
238483,tap_single,0.4627,U,0.0,19,0.0,14.149999999999995
238579,tap_single,0.4659,U,0.0,19,0.0,17.349999999999977
238675,tap_single,0.4671,U,0.0,19,0.0,18.55000000000001
238771,tap_single,0.4672,U,0.0,19,0.0,18.65
238865,tap_single,0.4668,U,0.0,19,0.0,18.24999999999999
238960,tap_single,0.4665,U,0.0,19,0.0,17.95000000000002
239057,tap_single,0.4664,U,0.0,19,0.0,17.849999999999977
239152,tap_single,0.4664,U,0.0,19,0.0,17.849999999999977
239248,tap_single,0.4664,U,0.0,19,0.0,17.849999999999977
239344,tap_single,0.4664,U,0.0,19,0.0,17.849999999999977
239440,tap_single,0.4664,S,0.0,19,0.0,17.849999999999977
239536,tap_single,0.4663,S,0.0,19,0.0,17.74999999999999
239632,tap_single,0.4662,U,0.0,19,0.0,17.65
239727,tap_single,0.4661,U,0.0,19,0.0,17.55000000000001
239821,tap_single,0.4661,U,0.0,19,0.0,17.55000000000001
239917,tap_single,0.466,U,0.0,19,0.0,17.45000000000002
240013,tap_single,0.4659,U,0.0,19,0.0,17.349999999999977
240109,tap_single,0.4659,U,0.0,19,0.0,17.349999999999977
240205,tap_single,0.4658,U,0.0,19,0.0,17.249999999999986
240301,tap_single,0.4658,U,0.0,19,0.0,17.249999999999986
240397,tap_single,0.4658,U,0.0,19,0.0,17.249999999999986
240492,tap_single,0.4658,S,0.0,19,0.0,17.249999999999986
240588,tap_single,0.4658,S,0.0,19,0.0,17.249999999999986
240682,tap_single,0.4657,S,0.0,19,0.0,17.15
240778,tap_single,0.4657,S,0.0,19,0.0,17.15
240874,tap_single,0.4657,S,0.0,19,0.0,17.15
240970,tap_single,0.4657,S,0.0,19,0.0,17.15
241066,tap_single,0.4656,U,0.0,19,0.0,17.05000000000001
241161,tap_single,0.4656,S,0.0,19,0.0,17.05000000000001
241257,tap_single,0.4656,S,0.0,19,0.0,17.05000000000001
241353,tap_single,0.4656,S,0.0,19,0.0,17.05000000000001
241449,tap_single,0.4656,S,0.0,19,0.0,17.05000000000001
241543,tap_single,0.4656,S,0.0,19,0.0,17.05000000000001
241639,tap_single,0.4657,S,0.0,19,0.0,17.15
241735,tap_single,0.4657,S,0.0,19,0.0,17.15
241830,tap_single,0.4658,U,0.0,19,0.0,17.249999999999986
241926,tap_single,0.4658,U,0.0,19,0.0,17.249999999999986
242022,tap_single,0.4658,U,0.0,19,0.0,17.249999999999986
242118,tap_single,0.4658,S,0.0,19,0.0,17.249999999999986
242214,tap_single,0.4659,U,0.0,19,0.0,17.349999999999977
242310,tap_single,0.4659,S,0.0,19,0.0,17.349999999999977
242504,tap_single,0.466,U,0.0,20,0.0,17.45000000000002
242595,tap_single,0.4662,U,0.0,20,0.0,17.65
242691,tap_single,0.4662,U,0.0,20,0.0,17.65
242787,tap_single,0.4663,U,0.0,20,0.0,17.74999999999999
242883,tap_single,0.4662,U,0.0,20,0.0,17.65
242978,tap_single,0.4607,U,0.0,20,0.0,12.149999999999995
243074,tap_single,0.4551,U,0.0,20,0.0,6.550000000000001
243170,tap_single,0.4488,U,0.0,20,0.0,0.24999999999997247
243266,tap_single,0.444,U,0.0,20,0.0,-4.549999999999999
243360,tap_single,0.4417,U,0.0,20,0.0,-6.850000000000023
243455,tap_single,0.4415,U,0.0,20,0.0,-7.050000000000001
243551,tap_single,0.4421,U,0.0,20,0.0,-6.450000000000012
243647,tap_single,0.4428,U,0.0,20,0.0,-5.749999999999977
243743,tap_single,0.4431,U,0.0,20,0.0,-5.45000000000001
243839,tap_single,0.4432,U,0.0,20,0.0,-5.350000000000021
243935,tap_single,0.4433,U,0.0,20,0.0,-5.249999999999977
244030,tap_single,0.4433,U,0.0,20,0.0,-5.249999999999977
244126,tap_single,0.4434,U,0.0,20,0.0,-5.149999999999988
244220,tap_single,0.4435,U,0.0,20,0.0,-5.049999999999999
244316,tap_single,0.4436,U,0.0,20,0.0,-4.95000000000001
244412,tap_single,0.4437,U,0.0,20,0.0,-4.850000000000021
244508,tap_single,0.4438,U,0.0,20,0.0,-4.750000000000032
244604,tap_single,0.4439,U,0.0,20,0.0,-4.649999999999988
244699,tap_single,0.444,U,0.0,20,0.0,-4.549999999999999
244795,tap_single,0.444,U,0.0,20,0.0,-4.549999999999999
244891,tap_single,0.444,U,0.0,20,0.0,-4.549999999999999
244987,tap_single,0.444,U,0.0,20,0.0,-4.549999999999999
245081,tap_single,0.444,S,0.0,20,0.0,-4.549999999999999
245177,tap_single,0.4439,S,0.0,20,0.0,-4.649999999999988
245273,tap_single,0.4438,U,0.0,20,0.0,-4.750000000000032
245369,tap_single,0.4437,U,0.0,20,0.0,-4.850000000000021
245464,tap_single,0.4436,U,0.0,20,0.0,-4.95000000000001
245560,tap_single,0.4435,U,0.0,20,0.0,-5.049999999999999
245656,tap_single,0.4434,U,0.0,20,0.0,-5.149999999999988
245752,tap_single,0.4434,U,0.0,20,0.0,-5.149999999999988
245848,tap_single,0.4434,U,0.0,20,0.0,-5.149999999999988
245944,tap_single,0.4433,U,0.0,20,0.0,-5.249999999999977
246038,tap_single,0.4433,U,0.0,20,0.0,-5.249999999999977
246134,tap_single,0.4433,S,0.0,20,0.0,-5.249999999999977
246229,tap_single,0.4432,U,0.0,20,0.0,-5.350000000000021
246325,tap_single,0.4431,U,0.0,20,0.0,-5.45000000000001
246421,tap_single,0.443,U,0.0,20,0.0,-5.549999999999999
246517,tap_single,0.443,U,0.0,20,0.0,-5.549999999999999
246613,tap_single,0.4429,U,0.0,20,0.0,-5.649999999999988
246708,tap_single,0.4428,U,0.0,20,0.0,-5.749999999999977
246804,tap_single,0.4427,U,0.0,20,0.0,-5.850000000000022
246898,tap_single,0.4427,U,0.0,20,0.0,-5.850000000000022
246994,tap_single,0.4427,U,0.0,20,0.0,-5.850000000000022
247090,tap_single,0.4427,U,0.0,20,0.0,-5.850000000000022
247186,tap_single,0.4428,S,0.0,20,0.0,-5.749999999999977
247282,tap_single,0.4429,U,0.0,20,0.0,-5.649999999999988
247377,tap_single,0.4431,U,0.0,20,0.0,-5.45000000000001
247473,quiet_mid1,0.4433,U,0.0,20,0.0,-5.249999999999977
247569,quiet_mid1,0.4435,U,0.0,20,0.0,-5.049999999999999
247665,quiet_mid1,0.4436,U,0.0,20,0.0,-4.95000000000001
247759,quiet_mid1,0.4439,U,0.0,20,0.0,-4.649999999999988
247855,quiet_mid1,0.4442,U,0.0,20,0.0,-4.350000000000021
247951,quiet_mid1,0.4444,U,0.0,20,0.0,-4.149999999999987
248046,quiet_mid1,0.4446,U,0.0,20,0.0,-3.950000000000009
248142,quiet_mid1,0.4448,U,0.0,20,0.0,-3.750000000000031
248238,quiet_mid1,0.445,U,0.0,20,0.0,-3.5499999999999976
248334,quiet_mid1,0.4452,U,0.0,20,0.0,-3.3500000000000196
248430,quiet_mid1,0.4454,U,0.0,20,0.0,-3.149999999999986
248526,quiet_mid1,0.4457,U,0.0,20,0.0,-2.850000000000019
248621,quiet_mid1,0.4459,U,0.0,20,0.0,-2.6499999999999857
248715,quiet_mid1,0.4462,U,0.0,20,0.0,-2.3500000000000187
248811,quiet_mid1,0.4464,U,0.0,20,0.0,-2.1499999999999853
248907,quiet_mid1,0.4466,U,0.0,20,0.0,-1.9500000000000073
249003,quiet_mid1,0.4469,U,0.0,20,0.0,-1.6499999999999848
249099,quiet_mid1,0.4471,U,0.0,20,0.0,-1.4500000000000068
249195,quiet_mid1,0.4473,U,0.0,20,0.0,-1.2500000000000289
249290,quiet_mid1,0.4474,U,0.0,20,0.0,-1.1499999999999844
249386,quiet_mid1,0.4476,U,0.0,20,0.0,-0.9500000000000064
249487,quiet_mid1,0.4477,U,0.0,20,0.0,-0.8500000000000174
249577,quiet_mid1,0.4478,U,0.0,20,0.0,-0.7500000000000284
249672,quiet_mid1,0.4478,U,0.0,20,0.0,-0.7500000000000284
249768,quiet_mid1,0.4479,U,0.0,20,0.0,-0.6499999999999839
249864,quiet_mid1,0.4479,U,0.0,20,0.0,-0.6499999999999839
249959,quiet_mid1,0.4479,U,0.0,20,0.0,-0.6499999999999839
250055,quiet_mid1,0.4479,S,0.0,20,0.0,-0.6499999999999839
250151,quiet_mid1,0.4479,S,0.0,20,0.0,-0.6499999999999839
250247,quiet_mid1,0.4479,S,0.0,20,0.0,-0.6499999999999839
250343,quiet_mid1,0.4479,S,0.0,20,0.0,-0.6499999999999839
250436,quiet_mid1,0.4479,S,0.0,20,0.0,-0.6499999999999839
250532,quiet_mid1,0.4478,S,0.0,20,0.0,-0.7500000000000284
250628,quiet_mid1,0.4478,S,0.0,20,0.0,-0.7500000000000284
250724,quiet_mid1,0.4477,U,0.0,20,0.0,-0.8500000000000174
250820,quiet_mid1,0.4477,U,0.0,20,0.0,-0.8500000000000174
250916,quiet_mid1,0.4476,U,0.0,20,0.0,-0.9500000000000064
251012,quiet_mid1,0.4475,U,0.0,20,0.0,-1.0499999999999954
251108,quiet_mid1,0.4474,U,0.0,20,0.0,-1.1499999999999844
251203,quiet_mid1,0.4473,U,0.0,20,0.0,-1.2500000000000289
251299,quiet_mid1,0.4472,U,0.0,20,0.0,-1.3500000000000179
251393,quiet_mid1,0.4471,U,0.0,20,0.0,-1.4500000000000068
251489,quiet_mid1,0.447,U,0.0,20,0.0,-1.5499999999999958
251585,quiet_mid1,0.4469,U,0.0,20,0.0,-1.6499999999999848
251681,quiet_mid1,0.4469,U,0.0,20,0.0,-1.6499999999999848
251776,quiet_mid1,0.4469,U,0.0,20,0.0,-1.6499999999999848
251872,quiet_mid1,0.4469,U,0.0,20,0.0,-1.6499999999999848
251968,quiet_mid1,0.4469,S,0.0,20,0.0,-1.6499999999999848
252064,quiet_mid1,0.447,S,0.0,20,0.0,-1.5499999999999958
252160,quiet_mid1,0.447,S,0.0,20,0.0,-1.5499999999999958
252254,quiet_mid1,0.447,S,0.0,20,0.0,-1.5499999999999958
252349,quiet_mid1,0.4471,U,0.0,20,0.0,-1.4500000000000068
252445,quiet_mid1,0.4471,U,0.0,20,0.0,-1.4500000000000068
252541,quiet_mid1,0.4471,S,0.0,20,0.0,-1.4500000000000068
252637,quiet_mid1,0.4471,S,0.0,20,0.0,-1.4500000000000068
252733,quiet_mid1,0.4472,U,0.0,20,0.0,-1.3500000000000179
252829,quiet_mid1,0.4473,U,0.0,20,0.0,-1.2500000000000289
252925,quiet_mid1,0.4473,U,0.0,20,0.0,-1.2500000000000289
253020,quiet_mid1,0.4474,U,0.0,20,0.0,-1.1499999999999844
253114,quiet_mid1,0.4474,U,0.0,20,0.0,-1.1499999999999844
253210,quiet_mid1,0.4477,U,0.0,20,0.0,-0.8500000000000174
253306,quiet_mid1,0.4478,U,0.0,20,0.0,-0.7500000000000284
253402,quiet_mid1,0.4479,U,0.0,20,0.0,-0.6499999999999839
253498,quiet_mid1,0.448,U,0.0,20,0.0,-0.5499999999999949
253593,quiet_mid1,0.448,U,0.0,20,0.0,-0.5499999999999949
253689,quiet_mid1,0.4479,U,0.0,20,0.0,-0.6499999999999839
253785,quiet_mid1,0.4479,S,0.0,20,0.0,-0.6499999999999839
253881,quiet_mid1,0.4479,S,0.0,20,0.0,-0.6499999999999839
253975,quiet_mid1,0.448,S,0.0,20,0.0,-0.5499999999999949
254071,quiet_mid1,0.448,S,0.0,20,0.0,-0.5499999999999949
254167,quiet_mid1,0.4481,U,0.0,20,0.0,-0.45000000000000595
254262,quiet_mid1,0.4481,U,0.0,20,0.0,-0.45000000000000595
254358,quiet_mid1,0.4482,U,0.0,20,0.0,-0.35000000000001696
254454,quiet_mid1,0.4483,U,0.0,20,0.0,-0.250000000000028
254550,quiet_mid1,0.4485,U,0.0,20,0.0,-0.04999999999999449
254646,quiet_mid1,0.4486,U,0.0,20,0.0,0.04999999999999449
254742,quiet_mid1,0.4488,U,0.0,20,0.0,0.24999999999997247
254837,quiet_mid1,0.4489,U,0.0,20,0.0,0.35000000000001696
254931,quiet_mid1,0.449,U,0.0,20,0.0,0.45000000000000595
255027,quiet_mid1,0.4492,U,0.0,20,0.0,0.6499999999999839
255123,quiet_mid1,0.4493,U,0.0,20,0.0,0.7499999999999729
255219,quiet_mid1,0.4494,U,0.0,20,0.0,0.8500000000000174
255315,quiet_mid1,0.4495,U,0.0,20,0.0,0.9500000000000064
255410,quiet_mid1,0.4496,U,0.0,20,0.0,1.0499999999999954
255507,quiet_mid1,0.4498,U,0.0,20,0.0,1.2499999999999734
255602,quiet_mid1,0.4499,U,0.0,20,0.0,1.3500000000000179
255698,quiet_mid1,0.4499,U,0.0,20,0.0,1.3500000000000179
255791,quiet_mid1,0.45,U,0.0,20,0.0,1.4500000000000068
255887,quiet_mid1,0.45,U,0.0,20,0.0,1.4500000000000068
255983,quiet_mid1,0.45,U,0.0,20,0.0,1.4500000000000068
256078,quiet_mid1,0.45,S,0.0,20,0.0,1.4500000000000068
256175,quiet_mid1,0.4499,S,0.0,20,0.0,1.3500000000000179
256271,quiet_mid1,0.4499,S,0.0,20,0.0,1.3500000000000179
256367,quiet_mid1,0.4498,U,0.0,20,0.0,1.2499999999999734
256463,quiet_mid1,0.4498,U,0.0,20,0.0,1.2499999999999734
256559,quiet_mid1,0.4497,U,0.0,20,0.0,1.1499999999999844
256652,quiet_mid1,0.4496,U,0.0,20,0.0,1.0499999999999954
256748,quiet_mid1,0.4495,U,0.0,20,0.0,0.9500000000000064
256844,quiet_mid1,0.4494,U,0.0,20,0.0,0.8500000000000174
256940,quiet_mid1,0.4493,U,0.0,20,0.0,0.7499999999999729
257036,quiet_mid1,0.4493,U,0.0,20,0.0,0.7499999999999729
257132,quiet_mid1,0.4493,U,0.0,20,0.0,0.7499999999999729
257228,quiet_mid1,0.4493,U,0.0,20,0.0,0.7499999999999729
257323,quiet_mid1,0.4493,S,0.0,20,0.0,0.7499999999999729
257419,quiet_mid1,0.4494,S,0.0,20,0.0,0.8500000000000174
257515,quiet_mid1,0.4494,S,0.0,20,0.0,0.8500000000000174
257609,quiet_mid1,0.4495,U,0.0,20,0.0,0.9500000000000064
257705,quiet_mid1,0.4496,U,0.0,20,0.0,1.0499999999999954
257801,quiet_mid1,0.4498,U,0.0,20,0.0,1.2499999999999734
257897,quiet_mid1,0.4498,U,0.0,20,0.0,1.2499999999999734
257992,quiet_mid1,0.4499,U,0.0,20,0.0,1.3500000000000179
258087,quiet_mid1,0.45,U,0.0,20,0.0,1.4500000000000068
258184,quiet_mid1,0.4505,U,0.0,20,0.0,1.9500000000000073
258280,quiet_mid1,0.4507,U,0.0,20,0.0,2.1499999999999853
258376,quiet_mid1,0.451,U,0.0,20,0.0,2.4500000000000077
258470,quiet_mid1,0.4512,U,0.0,20,0.0,2.6499999999999857
258566,quiet_mid1,0.4515,U,0.0,20,0.0,2.950000000000008
258661,quiet_mid1,0.4517,U,0.0,20,0.0,3.149999999999986
258757,quiet_mid1,0.4519,U,0.0,20,0.0,3.3500000000000196
258853,quiet_mid1,0.452,U,0.0,20,0.0,3.4500000000000086
258949,quiet_mid1,0.4522,U,0.0,20,0.0,3.6499999999999866
259045,quiet_mid1,0.4523,U,0.0,20,0.0,3.7499999999999756
259140,quiet_mid1,0.4524,U,0.0,20,0.0,3.85000000000002
259236,quiet_mid1,0.4525,U,0.0,20,0.0,3.950000000000009
259330,quiet_mid1,0.4525,U,0.0,20,0.0,3.950000000000009
259426,quiet_mid1,0.4526,U,0.0,20,0.0,4.049999999999998
259522,quiet_mid1,0.4527,U,0.0,20,0.0,4.149999999999987
259618,quiet_mid1,0.4527,U,0.0,20,0.0,4.149999999999987
259714,quiet_mid1,0.4528,U,0.0,20,0.0,4.249999999999976
259810,quiet_mid1,0.4528,U,0.0,20,0.0,4.249999999999976
259905,quiet_mid1,0.4529,U,0.0,20,0.0,4.350000000000021
260001,quiet_mid1,0.4529,U,0.0,20,0.0,4.350000000000021
260097,quiet_mid1,0.453,U,0.0,20,0.0,4.45000000000001
260193,quiet_mid1,0.453,U,0.0,20,0.0,4.45000000000001
260287,quiet_mid1,0.453,U,0.0,20,0.0,4.45000000000001
260383,quiet_mid1,0.453,S,0.0,20,0.0,4.45000000000001
260479,quiet_mid1,0.453,S,0.0,20,0.0,4.45000000000001
260574,quiet_mid1,0.453,S,0.0,20,0.0,4.45000000000001
260670,quiet_mid1,0.4529,S,0.0,20,0.0,4.350000000000021
260766,quiet_mid1,0.4529,S,0.0,20,0.0,4.350000000000021
260862,quiet_mid1,0.4529,S,0.0,20,0.0,4.350000000000021
260958,quiet_mid1,0.4528,U,0.0,20,0.0,4.249999999999976
261053,quiet_mid1,0.4528,U,0.0,20,0.0,4.249999999999976
261147,quiet_mid1,0.4528,S,0.0,20,0.0,4.249999999999976
261243,quiet_mid1,0.4527,U,0.0,20,0.0,4.149999999999987
261339,quiet_mid1,0.4527,U,0.0,20,0.0,4.149999999999987
261435,quiet_mid1,0.4527,S,0.0,20,0.0,4.149999999999987
261531,quiet_mid1,0.4527,S,0.0,20,0.0,4.149999999999987
261627,quiet_mid1,0.4526,U,0.0,20,0.0,4.049999999999998
261728,quiet_mid1,0.4524,U,0.0,20,0.0,3.85000000000002
261818,quiet_mid1,0.4523,U,0.0,20,0.0,3.7499999999999756
261914,quiet_mid1,0.4522,U,0.0,20,0.0,3.6499999999999866
262008,quiet_mid1,0.4521,U,0.0,20,0.0,3.5499999999999976
262104,quiet_mid1,0.452,U,0.0,20,0.0,3.4500000000000086
262200,quiet_mid1,0.4518,U,0.0,20,0.0,3.249999999999975
262296,quiet_mid1,0.4517,U,0.0,20,0.0,3.149999999999986
262391,quiet_mid1,0.4516,U,0.0,20,0.0,3.049999999999997
262487,quiet_mid1,0.4515,U,0.0,20,0.0,2.950000000000008
262583,quiet_mid1,0.4515,U,0.0,20,0.0,2.950000000000008
262679,quiet_mid1,0.4514,U,0.0,20,0.0,2.850000000000019
262775,quiet_mid1,0.4515,U,0.0,20,0.0,2.950000000000008
262871,quiet_mid1,0.4515,S,0.0,20,0.0,2.950000000000008
262964,quiet_mid1,0.4516,U,0.0,20,0.0,3.049999999999997
263060,quiet_mid1,0.4517,U,0.0,20,0.0,3.149999999999986
263156,quiet_mid1,0.4519,U,0.0,20,0.0,3.3500000000000196
263252,quiet_mid1,0.452,U,0.0,20,0.0,3.4500000000000086
263348,quiet_mid1,0.4521,U,0.0,20,0.0,3.5499999999999976
263444,quiet_mid1,0.4522,U,0.0,20,0.0,3.6499999999999866
263539,quiet_mid1,0.4524,U,0.0,20,0.0,3.85000000000002
263635,quiet_mid1,0.4525,U,0.0,20,0.0,3.950000000000009
263731,quiet_mid1,0.4527,U,0.0,20,0.0,4.149999999999987
263825,quiet_mid1,0.4528,U,0.0,20,0.0,4.249999999999976
263921,quiet_mid1,0.453,U,0.0,20,0.0,4.45000000000001
264017,quiet_mid1,0.4532,U,0.0,20,0.0,4.649999999999988
264113,quiet_mid1,0.4534,U,0.0,20,0.0,4.850000000000021
264208,quiet_mid1,0.4535,U,0.0,20,0.0,4.95000000000001
264304,quiet_mid1,0.4537,U,0.0,20,0.0,5.149999999999988
264400,quiet_mid1,0.4539,U,0.0,20,0.0,5.350000000000021
264496,quiet_mid1,0.4541,U,0.0,20,0.0,5.549999999999999
264592,quiet_mid1,0.4542,U,0.0,20,0.0,5.649999999999988
264686,quiet_mid1,0.4544,U,0.0,20,0.0,5.850000000000022
264782,quiet_mid1,0.4545,U,0.0,20,0.0,5.950000000000011
264877,quiet_mid1,0.4546,U,0.0,20,0.0,6.05
264973,quiet_mid1,0.4547,U,0.0,20,0.0,6.149999999999989
265069,quiet_mid1,0.4548,U,0.0,20,0.0,6.249999999999978
265165,quiet_mid1,0.4549,U,0.0,20,0.0,6.350000000000023
265261,quiet_mid1,0.455,U,0.0,20,0.0,6.450000000000012
265357,quiet_mid1,0.4551,U,0.0,20,0.0,6.550000000000001
265452,quiet_mid1,0.4552,U,0.0,20,0.0,6.64999999999999
265546,quiet_mid1,0.4552,U,0.0,20,0.0,6.64999999999999
265642,quiet_mid1,0.4553,U,0.0,20,0.0,6.749999999999979
265738,quiet_mid1,0.4554,U,0.0,20,0.0,6.850000000000023
265834,quiet_mid1,0.4554,U,0.0,20,0.0,6.850000000000023
265930,quiet_mid1,0.4554,U,0.0,20,0.0,6.850000000000023
266025,quiet_mid1,0.4555,U,0.0,20,0.0,6.950000000000012
266121,quiet_mid1,0.4555,U,0.0,20,0.0,6.950000000000012
266217,quiet_mid1,0.4555,S,0.0,20,0.0,6.950000000000012
266313,quiet_mid1,0.4555,S,0.0,20,0.0,6.950000000000012
266409,quiet_mid1,0.4554,S,0.0,20,0.0,6.850000000000023
266503,quiet_mid1,0.4554,S,0.0,20,0.0,6.850000000000023
266599,quiet_mid1,0.4553,U,0.0,20,0.0,6.749999999999979
266694,quiet_mid1,0.4552,U,0.0,20,0.0,6.64999999999999
266790,quiet_mid1,0.4551,U,0.0,20,0.0,6.550000000000001
266886,quiet_mid1,0.455,U,0.0,20,0.0,6.450000000000012
266982,quiet_mid1,0.4549,U,0.0,20,0.0,6.350000000000023
267078,quiet_mid1,0.4548,U,0.0,20,0.0,6.249999999999978
267174,quiet_mid1,0.4546,U,0.0,20,0.0,6.05
267269,quiet_mid1,0.4544,U,0.0,20,0.0,5.850000000000022
267363,quiet_mid1,0.4543,U,0.0,20,0.0,5.749999999999977
267459,quiet_mid1,0.4542,U,0.0,20,0.0,5.649999999999988
267555,quiet_mid1,0.4541,U,0.0,20,0.0,5.549999999999999
267651,quiet_mid1,0.454,U,0.0,20,0.0,5.45000000000001
267747,quiet_mid1,0.4539,U,0.0,20,0.0,5.350000000000021
267843,quiet_mid1,0.4538,U,0.0,20,0.0,5.249999999999977
267938,quiet_mid1,0.4538,U,0.0,20,0.0,5.249999999999977
268034,quiet_mid1,0.4537,U,0.0,20,0.0,5.149999999999988
268130,quiet_mid1,0.4537,U,0.0,20,0.0,5.149999999999988
268224,quiet_mid1,0.4537,U,0.0,20,0.0,5.149999999999988
268320,quiet_mid1,0.4538,S,0.0,20,0.0,5.249999999999977
268416,quiet_mid1,0.4538,S,0.0,20,0.0,5.249999999999977
268511,quiet_mid1,0.4538,S,0.0,20,0.0,5.249999999999977
268607,quiet_mid1,0.4538,S,0.0,20,0.0,5.249999999999977
268703,quiet_mid1,0.4538,S,0.0,20,0.0,5.249999999999977
268799,quiet_mid1,0.4538,S,0.0,20,0.0,5.249999999999977
268895,quiet_mid1,0.4538,S,0.0,20,0.0,5.249999999999977
268991,quiet_mid1,0.4538,S,0.0,20,0.0,5.249999999999977
269087,quiet_mid1,0.4538,S,0.0,20,0.0,5.249999999999977
269181,quiet_mid1,0.4539,S,0.0,20,0.0,5.350000000000021
269276,quiet_mid1,0.4539,S,0.0,20,0.0,5.350000000000021
269372,quiet_mid1,0.4539,S,0.0,20,0.0,5.350000000000021
269468,quiet_mid1,0.4539,S,0.0,20,0.0,5.350000000000021
269564,quiet_mid1,0.4539,S,0.0,20,0.0,5.350000000000021
269660,quiet_mid1,0.4539,S,0.0,20,0.0,5.350000000000021
269756,quiet_mid1,0.454,S,0.0,20,0.0,5.45000000000001
269852,quiet_mid1,0.454,S,0.0,20,0.0,5.45000000000001
269947,quiet_mid1,0.4542,U,0.0,20,0.0,5.649999999999988
270041,quiet_mid1,0.4542,U,0.0,20,0.0,5.649999999999988
270137,quiet_mid1,0.4542,U,0.0,20,0.0,5.649999999999988
270233,quiet_mid1,0.4542,U,0.0,20,0.0,5.649999999999988
270329,quiet_mid1,0.4542,U,0.0,20,0.0,5.649999999999988
270424,quiet_mid1,0.4542,S,0.0,20,0.0,5.649999999999988
270520,quiet_mid1,0.4542,S,0.0,20,0.0,5.649999999999988
270616,quiet_mid1,0.4542,S,0.0,20,0.0,5.649999999999988
270712,quiet_mid1,0.4542,S,0.0,20,0.0,5.649999999999988
270808,quiet_mid1,0.4542,S,0.0,20,0.0,5.649999999999988
270902,quiet_mid1,0.4543,S,0.0,20,0.0,5.749999999999977
270997,quiet_mid1,0.4543,S,0.0,20,0.0,5.749999999999977
271093,quiet_mid1,0.4543,S,0.0,20,0.0,5.749999999999977
271189,quiet_mid1,0.4543,S,0.0,20,0.0,5.749999999999977
271285,quiet_mid1,0.4543,S,0.0,20,0.0,5.749999999999977
271381,quiet_mid1,0.4543,S,0.0,20,0.0,5.749999999999977
271477,quiet_mid1,0.4543,S,0.0,20,0.0,5.749999999999977
271573,quiet_mid1,0.4543,S,0.0,20,0.0,5.749999999999977
271669,quiet_mid1,0.4543,S,0.0,20,0.0,5.749999999999977
271764,quiet_mid1,0.4542,S,0.0,20,0.0,5.649999999999988
271858,quiet_mid1,0.4542,S,0.0,20,0.0,5.649999999999988
271954,quiet_mid1,0.4541,U,0.0,20,0.0,5.549999999999999
272050,quiet_mid1,0.4538,U,0.0,20,0.0,5.249999999999977
272146,quiet_mid1,0.4537,U,0.0,20,0.0,5.149999999999988
272242,quiet_mid1,0.4537,U,0.0,20,0.0,5.149999999999988
272337,quiet_mid1,0.4537,U,0.0,20,0.0,5.149999999999988
272433,quiet_mid1,0.4538,U,0.0,20,0.0,5.249999999999977
272529,quiet_mid1,0.4538,S,0.0,20,0.0,5.249999999999977
272625,quiet_mid1,0.4538,S,0.0,20,0.0,5.249999999999977
272719,quiet_mid1,0.4539,U,0.0,20,0.0,5.350000000000021
272815,quiet_mid1,0.4539,U,0.0,20,0.0,5.350000000000021
272911,quiet_mid1,0.4539,S,0.0,20,0.0,5.350000000000021
273006,quiet_mid1,0.4539,S,0.0,20,0.0,5.350000000000021
273102,quiet_mid1,0.454,U,0.0,20,0.0,5.45000000000001
273198,quiet_mid1,0.454,S,0.0,20,0.0,5.45000000000001
273294,quiet_mid1,0.454,S,0.0,20,0.0,5.45000000000001
273390,quiet_mid1,0.4541,U,0.0,20,0.0,5.549999999999999
273486,quiet_mid1,0.4541,U,0.0,20,0.0,5.549999999999999
273580,quiet_mid1,0.4541,S,0.0,20,0.0,5.549999999999999
273675,quiet_mid1,0.4546,U,0.0,20,0.0,6.05
273771,quiet_mid1,0.4548,U,0.0,20,0.0,6.249999999999978
273867,quiet_mid1,0.4549,U,0.0,20,0.0,6.350000000000023
273974,quiet_mid1,0.455,U,0.0,20,0.0,6.450000000000012
274154,quiet_mid1,0.4551,U,0.0,20,0.0,6.550000000000001
274250,quiet_mid1,0.4552,U,0.0,20,0.0,6.64999999999999
274346,quiet_mid1,0.4552,U,0.0,20,0.0,6.64999999999999
274440,quiet_mid1,0.4551,S,0.0,20,0.0,6.550000000000001
274536,quiet_mid1,0.4551,S,0.0,20,0.0,6.550000000000001
274632,quiet_mid1,0.4551,S,0.0,20,0.0,6.550000000000001
274728,quiet_mid1,0.4551,S,0.0,20,0.0,6.550000000000001
274823,quiet_mid1,0.4551,S,0.0,20,0.0,6.550000000000001
274919,quiet_mid1,0.455,S,0.0,20,0.0,6.450000000000012
275015,quiet_mid1,0.4549,U,0.0,20,0.0,6.350000000000023
275111,quiet_mid1,0.4548,U,0.0,20,0.0,6.249999999999978
275207,quiet_mid1,0.4547,U,0.0,20,0.0,6.149999999999989
275303,quiet_mid1,0.4546,U,0.0,20,0.0,6.05
275396,quiet_mid1,0.4545,U,0.0,20,0.0,5.950000000000011
275492,quiet_mid1,0.4545,U,0.0,20,0.0,5.950000000000011
275588,quiet_mid1,0.4542,U,0.0,20,0.0,5.649999999999988
275684,quiet_mid1,0.454,U,0.0,20,0.0,5.45000000000001
275780,quiet_mid1,0.4539,U,0.0,20,0.0,5.350000000000021
275876,quiet_mid1,0.4537,U,0.0,20,0.0,5.149999999999988
275972,quiet_mid1,0.4536,U,0.0,20,0.0,5.049999999999999
276067,quiet_mid1,0.4535,U,0.0,20,0.0,4.95000000000001
276163,quiet_mid1,0.4535,U,0.0,20,0.0,4.95000000000001
276257,quiet_mid1,0.4534,U,0.0,20,0.0,4.850000000000021
276353,quiet_mid1,0.4534,U,0.0,20,0.0,4.850000000000021
276449,quiet_mid1,0.4534,U,0.0,20,0.0,4.850000000000021
276545,quiet_mid1,0.4534,S,0.0,20,0.0,4.850000000000021
276640,quiet_mid1,0.4535,S,0.0,20,0.0,4.95000000000001
276736,quiet_mid1,0.4535,S,0.0,20,0.0,4.95000000000001
276832,quiet_mid1,0.4535,S,0.0,20,0.0,4.95000000000001
276928,quiet_mid1,0.4536,U,0.0,20,0.0,5.049999999999999
277024,quiet_mid1,0.4536,U,0.0,20,0.0,5.049999999999999
277118,quiet_mid1,0.4537,U,0.0,20,0.0,5.149999999999988
277214,quiet_mid1,0.4537,U,0.0,20,0.0,5.149999999999988
277309,quiet_mid1,0.4537,U,0.0,20,0.0,5.149999999999988
277405,quiet_mid1,0.4537,S,0.0,20,0.0,5.149999999999988
277501,tap_burst,0.4538,U,0.0,20,0.0,5.249999999999977
277597,tap_burst,0.4538,S,0.0,20,0.0,5.249999999999977
277693,tap_burst,0.4538,S,0.0,20,0.0,5.249999999999977
277789,tap_burst,0.4539,U,0.0,20,0.0,5.350000000000021
277884,tap_burst,0.454,U,0.0,20,0.0,5.45000000000001
277980,tap_burst,0.454,U,0.0,20,0.0,5.45000000000001
278074,tap_burst,0.454,U,0.0,20,0.0,5.45000000000001
278170,tap_burst,0.454,U,0.0,20,0.0,5.45000000000001
278266,tap_burst,0.454,S,0.0,20,0.0,5.45000000000001
278362,tap_burst,0.454,S,0.0,20,0.0,5.45000000000001
278457,tap_burst,0.4539,S,0.0,20,0.0,5.350000000000021
279222,tap_burst,0.4467,U,0.0,23,0.0,-1.8500000000000183
279318,tap_burst,0.4411,U,0.0,23,0.0,-7.450000000000012
279414,tap_burst,0.4373,U,0.0,23,0.0,-11.249999999999982
279509,tap_burst,0.437,U,0.0,23,0.0,-11.550000000000004
279605,tap_burst,0.4395,U,0.0,23,0.0,-9.050000000000002
279701,tap_burst,0.4434,U,0.0,23,0.0,-5.149999999999988
279795,tap_burst,0.4473,U,0.0,23,0.0,-1.2500000000000289
279891,tap_burst,0.451,U,0.0,23,0.0,2.4500000000000077
279987,tap_burst,0.4543,U,0.0,23,0.0,5.749999999999977
280082,tap_burst,0.4567,U,0.0,23,0.0,8.149999999999991
280178,tap_burst,0.4581,U,0.0,23,0.0,9.550000000000002
280274,tap_burst,0.4586,U,0.0,23,0.0,10.050000000000004
280370,tap_burst,0.4588,U,0.0,23,0.0,10.249999999999982
280466,tap_burst,0.4587,U,0.0,23,0.0,10.149999999999991
280562,tap_burst,0.4587,U,0.0,23,0.0,10.149999999999991
280658,tap_burst,0.4587,U,0.0,23,0.0,10.149999999999991
280751,tap_burst,0.4587,S,0.0,23,0.0,10.149999999999991
280847,tap_burst,0.4586,U,0.0,23,0.0,10.050000000000004
280943,tap_burst,0.4586,S,0.0,23,0.0,10.050000000000004
281039,tap_burst,0.4585,U,0.0,23,0.0,9.950000000000014
281135,tap_burst,0.4584,U,0.0,23,0.0,9.84999999999997
281231,tap_burst,0.4584,U,0.0,23,0.0,9.84999999999997
281327,tap_burst,0.4584,U,0.0,23,0.0,9.84999999999997
281423,tap_burst,0.4585,S,0.0,23,0.0,9.950000000000014
281518,tap_burst,0.4586,U,0.0,23,0.0,10.050000000000004
281612,tap_burst,0.4587,U,0.0,23,0.0,10.149999999999991
281708,tap_burst,0.4588,U,0.0,23,0.0,10.249999999999982
281804,tap_burst,0.4588,U,0.0,23,0.0,10.249999999999982
281900,tap_burst,0.4589,U,0.0,23,0.0,10.34999999999997
281996,tap_burst,0.4589,U,0.0,23,0.0,10.34999999999997
282092,tap_burst,0.4589,U,0.0,23,0.0,10.34999999999997
282187,tap_burst,0.4589,S,0.0,23,0.0,10.34999999999997
282283,tap_burst,0.4589,S,0.0,23,0.0,10.34999999999997
282379,tap_burst,0.4589,S,0.0,23,0.0,10.34999999999997
282473,tap_burst,0.459,S,0.0,23,0.0,10.450000000000015
282569,tap_burst,0.459,S,0.0,23,0.0,10.450000000000015
282665,tap_burst,0.459,S,0.0,23,0.0,10.450000000000015
282761,tap_burst,0.4591,U,0.0,23,0.0,10.550000000000004
282857,tap_burst,0.4592,U,0.0,23,0.0,10.649999999999993
282952,tap_burst,0.4593,U,0.0,23,0.0,10.749999999999982
283048,tap_burst,0.4594,U,0.0,23,0.0,10.849999999999971
283144,tap_burst,0.4596,U,0.0,23,0.0,11.050000000000004
283240,tap_burst,0.4597,U,0.0,23,0.0,11.149999999999993
283336,tap_burst,0.4598,U,0.0,23,0.0,11.249999999999982
283429,tap_burst,0.4599,U,0.0,23,0.0,11.349999999999971
283524,tap_burst,0.46,U,0.0,23,0.0,11.450000000000015
283621,tap_burst,0.4601,U,0.0,23,0.0,11.550000000000004
283717,tap_burst,0.4603,U,0.0,23,0.0,11.749999999999982
283813,tap_burst,0.4604,U,0.0,23,0.0,11.849999999999971
283909,tap_burst,0.4605,U,0.0,23,0.0,11.950000000000017
284005,tap_burst,0.4606,U,0.0,23,0.0,12.050000000000004
284100,tap_burst,0.4608,U,0.0,23,0.0,12.249999999999982
284196,tap_burst,0.461,U,0.0,23,0.0,12.450000000000017
284290,tap_burst,0.4611,U,0.0,23,0.0,12.550000000000006
284386,tap_burst,0.4613,U,0.0,23,0.0,12.749999999999984
284482,tap_burst,0.4614,U,0.0,23,0.0,12.849999999999973
284578,tap_burst,0.4615,U,0.0,23,0.0,12.950000000000017
284674,tap_burst,0.4615,U,0.0,23,0.0,12.950000000000017
284769,tap_burst,0.4616,U,0.0,23,0.0,13.050000000000006
284865,tap_burst,0.4616,U,0.0,23,0.0,13.050000000000006
284961,tap_burst,0.4616,U,0.0,23,0.0,13.050000000000006
285057,tap_burst,0.4616,S,0.0,23,0.0,13.050000000000006
285151,tap_burst,0.4616,S,0.0,23,0.0,13.050000000000006
285247,tap_burst,0.4615,S,0.0,23,0.0,12.950000000000017
285343,tap_burst,0.4615,S,0.0,23,0.0,12.950000000000017
285438,tap_burst,0.4615,S,0.0,23,0.0,12.950000000000017
285534,tap_burst,0.4615,S,0.0,23,0.0,12.950000000000017
285630,tap_burst,0.4615,S,0.0,23,0.0,12.950000000000017
285726,tap_burst,0.4615,S,0.0,23,0.0,12.950000000000017
285822,tap_burst,0.4615,S,0.0,23,0.0,12.950000000000017
285917,tap_burst,0.4615,S,0.0,23,0.0,12.950000000000017
286011,tap_burst,0.4614,S,0.0,23,0.0,12.849999999999973
286107,tap_burst,0.4614,S,0.0,23,0.0,12.849999999999973
286203,tap_burst,0.4614,S,0.0,23,0.0,12.849999999999973
286299,tap_burst,0.4613,U,0.0,23,0.0,12.749999999999984
286395,tap_burst,0.4613,U,0.0,23,0.0,12.749999999999984
286491,tap_burst,0.4613,S,0.0,23,0.0,12.749999999999984
286587,tap_burst,0.4613,S,0.0,23,0.0,12.749999999999984
286682,tap_burst,0.4613,S,0.0,23,0.0,12.749999999999984
286778,tap_burst,0.4613,S,0.0,23,0.0,12.749999999999984
286874,tap_burst,0.4613,S,0.0,23,0.0,12.749999999999984
286975,tap_burst,0.4613,S,0.0,23,0.0,12.749999999999984
287065,tap_burst,0.4613,S,0.0,23,0.0,12.749999999999984
287160,tap_burst,0.4613,S,0.0,23,0.0,12.749999999999984
287924,tap_burst,0.4517,U,0.0,26,0.0,3.149999999999986
288020,tap_burst,0.4468,U,0.0,26,0.0,-1.7500000000000293
288116,tap_burst,0.4433,U,0.0,26,0.0,-5.249999999999977
288211,tap_burst,0.4418,U,0.0,26,0.0,-6.749999999999979
288307,tap_burst,0.441,U,0.0,26,0.0,-7.550000000000001
288403,tap_burst,0.4395,U,0.0,26,0.0,-9.050000000000002
288499,tap_burst,0.4375,U,0.0,26,0.0,-11.050000000000004
288595,tap_burst,0.4357,U,0.0,26,0.0,-12.850000000000028
288689,tap_burst,0.4352,U,0.0,26,0.0,-13.350000000000028
288785,tap_burst,0.4357,U,0.0,26,0.0,-12.850000000000028
288880,tap_burst,0.4365,U,0.0,26,0.0,-12.050000000000004
288976,tap_burst,0.437,U,0.0,26,0.0,-11.550000000000004
289072,tap_burst,0.4371,U,0.0,26,0.0,-11.450000000000015
289168,tap_burst,0.4371,U,0.0,26,0.0,-11.450000000000015
289264,tap_burst,0.4372,U,0.0,26,0.0,-11.350000000000026
289360,tap_burst,0.4372,U,0.0,26,0.0,-11.350000000000026
289456,tap_burst,0.4372,U,0.0,26,0.0,-11.350000000000026
289551,tap_burst,0.4373,U,0.0,26,0.0,-11.249999999999982
289645,tap_burst,0.4373,U,0.0,26,0.0,-11.249999999999982
289741,tap_burst,0.4373,S,0.0,26,0.0,-11.249999999999982
289837,tap_burst,0.4373,S,0.0,26,0.0,-11.249999999999982
289933,tap_burst,0.4373,S,0.0,26,0.0,-11.249999999999982
290029,tap_burst,0.4372,S,0.0,26,0.0,-11.350000000000026
290125,tap_burst,0.4372,S,0.0,26,0.0,-11.350000000000026
290221,tap_burst,0.4371,U,0.0,26,0.0,-11.450000000000015
290316,tap_burst,0.4371,U,0.0,26,0.0,-11.450000000000015
290412,tap_burst,0.437,U,0.0,26,0.0,-11.550000000000004
290506,tap_burst,0.4369,U,0.0,26,0.0,-11.649999999999993
290602,tap_burst,0.4369,U,0.0,26,0.0,-11.649999999999993
290698,tap_burst,0.4368,U,0.0,26,0.0,-11.749999999999982
290794,tap_burst,0.4368,U,0.0,26,0.0,-11.749999999999982
290890,tap_burst,0.4367,U,0.0,26,0.0,-11.850000000000026
290985,tap_burst,0.4366,U,0.0,26,0.0,-11.950000000000017
291081,tap_burst,0.4365,U,0.0,26,0.0,-12.050000000000004
291177,tap_burst,0.4364,U,0.0,26,0.0,-12.149999999999995
291273,tap_burst,0.4363,U,0.0,26,0.0,-12.249999999999982
291367,tap_burst,0.4362,U,0.0,26,0.0,-12.350000000000028
291463,tap_burst,0.4361,U,0.0,26,0.0,-12.450000000000017
291558,tap_burst,0.436,U,0.0,26,0.0,-12.550000000000006
291654,tap_burst,0.4359,U,0.0,26,0.0,-12.649999999999995
291750,tap_burst,0.4359,U,0.0,26,0.0,-12.649999999999995
291846,tap_burst,0.4359,U,0.0,26,0.0,-12.649999999999995
291942,tap_burst,0.4359,U,0.0,26,0.0,-12.649999999999995
292038,tap_burst,0.4359,S,0.0,26,0.0,-12.649999999999995
292133,tap_burst,0.4359,S,0.0,26,0.0,-12.649999999999995
292229,tap_burst,0.4359,S,0.0,26,0.0,-12.649999999999995
292323,tap_burst,0.436,S,0.0,26,0.0,-12.550000000000006
292419,tap_burst,0.4361,U,0.0,26,0.0,-12.450000000000017
292515,tap_burst,0.4362,U,0.0,26,0.0,-12.350000000000028
292611,tap_burst,0.4363,U,0.0,26,0.0,-12.249999999999982
292707,tap_burst,0.4364,U,0.0,26,0.0,-12.149999999999995
292802,tap_burst,0.4366,U,0.0,26,0.0,-11.950000000000017
292898,tap_burst,0.4366,U,0.0,26,0.0,-11.950000000000017
292994,tap_burst,0.4369,U,0.0,26,0.0,-11.649999999999993
293090,tap_burst,0.437,U,0.0,26,0.0,-11.550000000000004
293184,tap_burst,0.4372,U,0.0,26,0.0,-11.350000000000026
293280,tap_burst,0.4374,U,0.0,26,0.0,-11.149999999999993
293375,tap_burst,0.4375,U,0.0,26,0.0,-11.050000000000004
293472,tap_burst,0.4377,U,0.0,26,0.0,-10.850000000000026
293567,tap_burst,0.4379,U,0.0,26,0.0,-10.649999999999993
293663,tap_burst,0.4381,U,0.0,26,0.0,-10.450000000000015
293759,tap_burst,0.4382,U,0.0,26,0.0,-10.350000000000026
293855,tap_burst,0.4384,U,0.0,26,0.0,-10.149999999999991
293951,tap_burst,0.4386,U,0.0,26,0.0,-9.950000000000014
294044,tap_burst,0.4387,U,0.0,26,0.0,-9.850000000000026
294140,tap_burst,0.4389,U,0.0,26,0.0,-9.649999999999991
294236,tap_burst,0.439,U,0.0,26,0.0,-9.550000000000002
294332,tap_burst,0.4392,U,0.0,26,0.0,-9.350000000000025
294428,tap_burst,0.4393,U,0.0,26,0.0,-9.24999999999998
294524,tap_burst,0.4394,U,0.0,26,0.0,-9.149999999999991
294619,tap_burst,0.4394,U,0.0,26,0.0,-9.149999999999991
294715,tap_burst,0.4395,U,0.0,26,0.0,-9.050000000000002
294811,tap_burst,0.4395,U,0.0,26,0.0,-9.050000000000002
294907,tap_burst,0.4396,U,0.0,26,0.0,-8.950000000000014
295001,tap_burst,0.4396,U,0.0,26,0.0,-8.950000000000014
295097,tap_burst,0.4397,U,0.0,26,0.0,-8.850000000000025
295193,tap_burst,0.4397,U,0.0,26,0.0,-8.850000000000025
295289,tap_burst,0.4397,U,0.0,26,0.0,-8.850000000000025
295384,tap_burst,0.4397,S,0.0,26,0.0,-8.850000000000025
295480,tap_burst,0.4397,S,0.0,26,0.0,-8.850000000000025
295576,tap_burst,0.4396,S,0.0,26,0.0,-8.950000000000014
295672,tap_burst,0.4396,S,0.0,26,0.0,-8.950000000000014
295768,tap_burst,0.4395,U,0.0,26,0.0,-9.050000000000002
295861,tap_burst,0.4395,U,0.0,26,0.0,-9.050000000000002
296628,tap_burst,0.439,U,0.0,29,0.0,-9.550000000000002
296722,tap_burst,0.4388,U,0.0,29,0.0,-9.74999999999998
296818,tap_burst,0.4356,U,0.0,29,0.0,-12.950000000000017
296914,tap_burst,0.4353,U,0.0,29,0.0,-13.249999999999984
297009,tap_burst,0.436,U,0.0,29,0.0,-12.550000000000006
297105,tap_burst,0.4374,U,0.0,29,0.0,-11.149999999999993
297201,tap_burst,0.4441,U,0.0,29,0.0,-4.45000000000001
297297,tap_burst,0.4511,U,0.0,29,0.0,2.5499999999999967
297393,tap_burst,0.4577,U,0.0,29,0.0,9.149999999999991
297488,tap_burst,0.4621,U,0.0,29,0.0,13.550000000000006
297582,tap_burst,0.4642,U,0.0,29,0.0,15.649999999999997
297678,tap_burst,0.4648,U,0.0,29,0.0,16.249999999999986
297774,tap_burst,0.4648,U,0.0,29,0.0,16.249999999999986
297870,tap_burst,0.4648,U,0.0,29,0.0,16.249999999999986
297966,tap_burst,0.4648,U,0.0,29,0.0,16.249999999999986
298062,tap_burst,0.4648,U,0.0,29,0.0,16.249999999999986
298157,tap_burst,0.4648,S,0.0,29,0.0,16.249999999999986
298253,tap_burst,0.4646,U,0.0,29,0.0,16.050000000000008
298349,tap_burst,0.4644,U,0.0,29,0.0,15.849999999999975
298445,tap_burst,0.4642,U,0.0,29,0.0,15.649999999999997
298539,tap_burst,0.4641,U,0.0,29,0.0,15.550000000000008
298635,tap_burst,0.4639,U,0.0,29,0.0,15.349999999999975
298731,tap_burst,0.4638,U,0.0,29,0.0,15.249999999999986
298827,tap_burst,0.4637,U,0.0,29,0.0,15.149999999999997
298922,tap_burst,0.4636,U,0.0,29,0.0,15.050000000000008
299018,tap_burst,0.4636,U,0.0,29,0.0,15.050000000000008
299114,tap_burst,0.4635,U,0.0,29,0.0,14.950000000000019
299210,tap_burst,0.4635,U,0.0,29,0.0,14.950000000000019
299306,tap_burst,0.4635,U,0.0,29,0.0,14.950000000000019
299400,tap_burst,0.4634,U,0.0,29,0.0,14.849999999999975
299496,tap_burst,0.4634,U,0.0,29,0.0,14.849999999999975
299591,tap_burst,0.4633,U,0.0,29,0.0,14.749999999999986
299687,tap_burst,0.4633,U,0.0,29,0.0,14.749999999999986
299783,tap_burst,0.4633,U,0.0,29,0.0,14.749999999999986
299879,tap_burst,0.4632,U,0.0,29,0.0,14.649999999999997
299975,tap_burst,0.4631,U,0.0,29,0.0,14.550000000000008
300071,tap_burst,0.463,U,0.0,29,0.0,14.450000000000019
300167,tap_burst,0.4629,U,0.0,29,0.0,14.349999999999973
300261,tap_burst,0.4629,U,0.0,29,0.0,14.349999999999973
300356,tap_burst,0.4628,U,0.0,29,0.0,14.249999999999986
300463,tap_burst,0.4628,U,0.0,29,0.0,14.249999999999986
300644,tap_burst,0.4628,S,0.0,29,0.0,14.249999999999986
300740,tap_burst,0.4627,U,0.0,29,0.0,14.149999999999995
300836,tap_burst,0.4627,S,0.0,29,0.0,14.149999999999995
300931,tap_burst,0.4626,U,0.0,29,0.0,14.050000000000008
301027,tap_burst,0.4625,U,0.0,29,0.0,13.950000000000017
301123,tap_burst,0.4624,U,0.0,29,0.0,13.849999999999973
301217,tap_burst,0.4623,U,0.0,29,0.0,13.749999999999984
301313,tap_burst,0.4622,U,0.0,29,0.0,13.649999999999995
301409,tap_burst,0.4621,U,0.0,29,0.0,13.550000000000006
301504,tap_burst,0.462,U,0.0,29,0.0,13.450000000000017
301600,tap_burst,0.4619,U,0.0,29,0.0,13.349999999999973
301696,tap_burst,0.4617,U,0.0,29,0.0,13.149999999999995
301792,tap_burst,0.4616,U,0.0,29,0.0,13.050000000000006
301888,tap_burst,0.4615,U,0.0,29,0.0,12.950000000000017
301984,tap_burst,0.4614,U,0.0,29,0.0,12.849999999999973
302077,tap_burst,0.4613,U,0.0,29,0.0,12.749999999999984
302173,tap_burst,0.4612,U,0.0,29,0.0,12.649999999999995
302269,tap_burst,0.4611,U,0.0,29,0.0,12.550000000000006
302365,tap_burst,0.461,U,0.0,29,0.0,12.450000000000017
302461,tap_burst,0.4609,U,0.0,29,0.0,12.349999999999973
302557,tap_burst,0.4608,U,0.0,29,0.0,12.249999999999982
302653,tap_burst,0.4608,U,0.0,29,0.0,12.249999999999982
302748,tap_burst,0.4608,U,0.0,29,0.0,12.249999999999982
302844,tap_burst,0.4608,U,0.0,29,0.0,12.249999999999982
302938,tap_burst,0.4608,S,0.0,29,0.0,12.249999999999982
303034,tap_burst,0.4609,S,0.0,29,0.0,12.349999999999973
303130,tap_burst,0.4609,S,0.0,29,0.0,12.349999999999973
303226,tap_burst,0.461,U,0.0,29,0.0,12.450000000000017
303322,tap_burst,0.4611,U,0.0,29,0.0,12.550000000000006
303417,tap_burst,0.4613,U,0.0,29,0.0,12.749999999999984
303513,tap_burst,0.4614,U,0.0,29,0.0,12.849999999999973
303609,tap_burst,0.4615,U,0.0,29,0.0,12.950000000000017
303705,tap_burst,0.4616,U,0.0,29,0.0,13.050000000000006
303801,tap_burst,0.4619,U,0.0,29,0.0,13.349999999999973
303895,tap_burst,0.462,U,0.0,29,0.0,13.450000000000017
303990,tap_burst,0.4622,U,0.0,29,0.0,13.649999999999995
304086,tap_burst,0.4623,U,0.0,29,0.0,13.749999999999984
304182,tap_burst,0.4624,U,0.0,29,0.0,13.849999999999973
304278,tap_burst,0.4625,U,0.0,29,0.0,13.950000000000017
304374,tap_burst,0.4626,U,0.0,29,0.0,14.050000000000008
304470,tap_burst,0.4627,U,0.0,29,0.0,14.149999999999995
304566,tap_burst,0.4628,U,0.0,29,0.0,14.249999999999986
305331,tap_burst,0.4535,U,0.0,32,0.0,4.95000000000001
305426,tap_burst,0.4495,U,0.0,32,0.0,0.9500000000000064
305522,tap_burst,0.4459,U,0.0,32,0.0,-2.6499999999999857
305615,tap_burst,0.443,U,0.0,32,0.0,-5.549999999999999
305711,tap_burst,0.4412,U,0.0,32,0.0,-7.350000000000023
305807,tap_burst,0.4409,U,0.0,32,0.0,-7.64999999999999
305903,tap_burst,0.442,U,0.0,32,0.0,-6.550000000000001
305999,tap_burst,0.4436,U,0.0,32,0.0,-4.95000000000001
306095,tap_burst,0.4448,U,0.0,32,0.0,-3.750000000000031
306191,tap_burst,0.4451,U,0.0,32,0.0,-3.4500000000000086
306287,tap_burst,0.4459,U,0.0,32,0.0,-2.6499999999999857
306382,tap_burst,0.4461,U,0.0,32,0.0,-2.4500000000000077
306476,tap_burst,0.4462,U,0.0,32,0.0,-2.3500000000000187
306572,tap_burst,0.4463,U,0.0,32,0.0,-2.2500000000000298
306668,tap_burst,0.4463,U,0.0,32,0.0,-2.2500000000000298
306764,tap_burst,0.4463,U,0.0,32,0.0,-2.2500000000000298
306859,tap_burst,0.4463,U,0.0,32,0.0,-2.2500000000000298
306955,tap_burst,0.4462,S,0.0,32,0.0,-2.3500000000000187
307051,tap_burst,0.4462,S,0.0,32,0.0,-2.3500000000000187
307147,tap_burst,0.4461,U,0.0,32,0.0,-2.4500000000000077
307243,tap_burst,0.446,U,0.0,32,0.0,-2.5499999999999967
307339,tap_burst,0.4459,U,0.0,32,0.0,-2.6499999999999857
307433,tap_burst,0.4458,U,0.0,32,0.0,-2.75000000000003
307529,tap_burst,0.4457,U,0.0,32,0.0,-2.850000000000019
307624,tap_burst,0.4457,U,0.0,32,0.0,-2.850000000000019
307720,tap_burst,0.4456,U,0.0,32,0.0,-2.950000000000008
307816,tap_burst,0.4456,U,0.0,32,0.0,-2.950000000000008
307912,tap_burst,0.4456,U,0.0,32,0.0,-2.950000000000008
308008,tap_burst,0.4456,S,0.0,32,0.0,-2.950000000000008
308104,tap_burst,0.4456,S,0.0,32,0.0,-2.950000000000008
308200,tap_burst,0.4456,S,0.0,32,0.0,-2.950000000000008
308293,tap_burst,0.4456,S,0.0,32,0.0,-2.950000000000008
308390,tap_burst,0.4456,S,0.0,32,0.0,-2.950000000000008
308485,tap_burst,0.4456,S,0.0,32,0.0,-2.950000000000008
308581,tap_burst,0.4455,S,0.0,32,0.0,-3.049999999999997
308677,tap_burst,0.4455,S,0.0,32,0.0,-3.049999999999997
308773,tap_burst,0.4454,U,0.0,32,0.0,-3.149999999999986
308869,tap_burst,0.4454,U,0.0,32,0.0,-3.149999999999986
308964,tap_burst,0.4453,U,0.0,32,0.0,-3.2500000000000306
309060,tap_burst,0.4452,U,0.0,32,0.0,-3.3500000000000196
309154,tap_burst,0.4451,U,0.0,32,0.0,-3.4500000000000086
309250,tap_burst,0.4451,U,0.0,32,0.0,-3.4500000000000086
309346,tap_burst,0.4451,U,0.0,32,0.0,-3.4500000000000086
309442,tap_burst,0.445,U,0.0,32,0.0,-3.5499999999999976
309538,tap_burst,0.445,U,0.0,32,0.0,-3.5499999999999976
309634,tap_burst,0.445,S,0.0,32,0.0,-3.5499999999999976
309729,tap_burst,0.445,S,0.0,32,0.0,-3.5499999999999976
309825,tap_burst,0.4449,U,0.0,32,0.0,-3.6499999999999866
309921,tap_burst,0.4449,S,0.0,32,0.0,-3.6499999999999866
310017,tap_burst,0.4449,S,0.0,32,0.0,-3.6499999999999866
310111,tap_burst,0.4449,S,0.0,32,0.0,-3.6499999999999866
310207,tap_burst,0.4449,S,0.0,32,0.0,-3.6499999999999866
310302,tap_burst,0.4449,S,0.0,32,0.0,-3.6499999999999866
310398,tap_burst,0.4449,S,0.0,32,0.0,-3.6499999999999866
310494,tap_burst,0.445,S,0.0,32,0.0,-3.5499999999999976
310590,tap_burst,0.445,S,0.0,32,0.0,-3.5499999999999976
310686,tap_burst,0.4451,U,0.0,32,0.0,-3.4500000000000086
310782,tap_burst,0.4451,U,0.0,32,0.0,-3.4500000000000086
310877,tap_burst,0.4452,U,0.0,32,0.0,-3.3500000000000196
310971,tap_burst,0.4452,U,0.0,32,0.0,-3.3500000000000196
311067,tap_burst,0.4453,U,0.0,32,0.0,-3.2500000000000306
311163,tap_burst,0.4456,U,0.0,32,0.0,-2.950000000000008
311259,tap_burst,0.4456,U,0.0,32,0.0,-2.950000000000008
311355,tap_burst,0.4457,U,0.0,32,0.0,-2.850000000000019
311451,tap_burst,0.4457,U,0.0,32,0.0,-2.850000000000019
311546,tap_burst,0.4457,U,0.0,32,0.0,-2.850000000000019
311642,tap_burst,0.4457,S,0.0,32,0.0,-2.850000000000019
311738,tap_burst,0.4457,S,0.0,32,0.0,-2.850000000000019
311832,tap_burst,0.4457,S,0.0,32,0.0,-2.850000000000019
311928,tap_burst,0.4457,S,0.0,32,0.0,-2.850000000000019
312024,tap_burst,0.4457,S,0.0,32,0.0,-2.850000000000019
312119,tap_burst,0.4457,S,0.0,32,0.0,-2.850000000000019
312215,tap_burst,0.4457,S,0.0,32,0.0,-2.850000000000019
312311,tap_burst,0.4457,S,0.0,32,0.0,-2.850000000000019
312407,tap_burst,0.4457,S,0.0,32,0.0,-2.850000000000019
312503,tap_burst,0.4457,S,0.0,32,0.0,-2.850000000000019
312599,tap_burst,0.4456,S,0.0,32,0.0,-2.950000000000008
312695,tap_burst,0.4456,S,0.0,32,0.0,-2.950000000000008
312788,tap_burst,0.4455,U,0.0,32,0.0,-3.049999999999997
312884,tap_burst,0.4455,U,0.0,32,0.0,-3.049999999999997
312980,tap_burst,0.4455,U,0.0,32,0.0,-3.049999999999997
313076,tap_burst,0.4454,U,0.0,32,0.0,-3.149999999999986
313172,tap_burst,0.4451,U,0.0,32,0.0,-3.4500000000000086
313268,tap_burst,0.445,U,0.0,32,0.0,-3.5499999999999976
314042,tap_burst,0.4406,U,0.0,35,0.0,-7.950000000000013
314224,tap_burst,0.4366,U,0.0,35,0.0,-11.950000000000017
314319,tap_burst,0.4376,U,0.0,35,0.0,-10.950000000000015
314415,tap_burst,0.4401,U,0.0,35,0.0,-8.450000000000014
314509,tap_burst,0.4426,U,0.0,35,0.0,-5.950000000000011
314605,tap_burst,0.4454,U,0.0,35,0.0,-3.149999999999986
314701,tap_burst,0.4485,U,0.0,35,0.0,-0.04999999999999449
314797,tap_burst,0.4517,U,0.0,35,0.0,3.149999999999986
314893,tap_burst,0.454,U,0.0,35,0.0,5.45000000000001
314988,tap_burst,0.455,U,0.0,35,0.0,6.450000000000012
315084,tap_burst,0.4553,U,0.0,35,0.0,6.749999999999979
315180,tap_burst,0.4552,U,0.0,35,0.0,6.64999999999999
315276,tap_burst,0.455,U,0.0,35,0.0,6.450000000000012
315372,tap_burst,0.4549,U,0.0,35,0.0,6.350000000000023
315466,tap_burst,0.4549,U,0.0,35,0.0,6.350000000000023
315562,tap_burst,0.4548,U,0.0,35,0.0,6.249999999999978
315657,tap_burst,0.4548,U,0.0,35,0.0,6.249999999999978
315753,tap_burst,0.4547,U,0.0,35,0.0,6.149999999999989
315849,tap_burst,0.4546,U,0.0,35,0.0,6.05
315945,tap_burst,0.4545,U,0.0,35,0.0,5.950000000000011
316041,tap_burst,0.4544,U,0.0,35,0.0,5.850000000000022
316137,tap_burst,0.4544,U,0.0,35,0.0,5.850000000000022
316233,tap_burst,0.4544,U,0.0,35,0.0,5.850000000000022
316327,tap_burst,0.4544,U,0.0,35,0.0,5.850000000000022
316422,tap_burst,0.4546,U,0.0,35,0.0,6.05
316518,tap_burst,0.4547,U,0.0,35,0.0,6.149999999999989
316614,tap_burst,0.4549,U,0.0,35,0.0,6.350000000000023
316710,tap_burst,0.455,U,0.0,35,0.0,6.450000000000012
316806,tap_burst,0.4552,U,0.0,35,0.0,6.64999999999999
316902,tap_burst,0.4553,U,0.0,35,0.0,6.749999999999979
316997,tap_burst,0.4554,U,0.0,35,0.0,6.850000000000023
317094,tap_burst,0.4555,U,0.0,35,0.0,6.950000000000012
317187,tap_burst,0.4555,U,0.0,35,0.0,6.950000000000012
317283,tap_burst,0.4556,U,0.0,35,0.0,7.050000000000001
317379,tap_burst,0.4557,U,0.0,35,0.0,7.14999999999999
317475,tap_burst,0.4558,U,0.0,35,0.0,7.249999999999979
317571,tap_burst,0.4559,U,0.0,35,0.0,7.350000000000023
317666,tap_burst,0.4561,U,0.0,35,0.0,7.550000000000001
317762,tap_burst,0.4562,U,0.0,35,0.0,7.64999999999999
317858,tap_burst,0.4564,U,0.0,35,0.0,7.849999999999968
317954,tap_burst,0.4565,U,0.0,35,0.0,7.950000000000013
318048,tap_burst,0.4566,U,0.0,35,0.0,8.05
318144,tap_burst,0.4568,U,0.0,35,0.0,8.249999999999979
318240,tap_burst,0.4569,U,0.0,35,0.0,8.34999999999997
318336,tap_burst,0.4569,U,0.0,35,0.0,8.34999999999997
318431,tap_burst,0.457,U,0.0,35,0.0,8.450000000000014
318527,tap_burst,0.457,U,0.0,35,0.0,8.450000000000014
318623,tap_burst,0.4569,S,0.0,35,0.0,8.34999999999997
318719,tap_burst,0.4569,S,0.0,35,0.0,8.34999999999997
318815,tap_burst,0.4569,S,0.0,35,0.0,8.34999999999997
318910,tap_burst,0.4568,U,0.0,35,0.0,8.249999999999979
319005,tap_burst,0.4568,U,0.0,35,0.0,8.249999999999979
319100,tap_burst,0.4568,S,0.0,35,0.0,8.249999999999979
319196,tap_burst,0.4568,S,0.0,35,0.0,8.249999999999979
319292,tap_burst,0.4568,S,0.0,35,0.0,8.249999999999979
319388,tap_burst,0.4568,S,0.0,35,0.0,8.249999999999979
319484,tap_burst,0.4567,S,0.0,35,0.0,8.149999999999991
319579,tap_burst,0.4567,S,0.0,35,0.0,8.149999999999991
319675,tap_burst,0.4566,U,0.0,35,0.0,8.05
319771,tap_burst,0.4565,U,0.0,35,0.0,7.950000000000013
319865,tap_burst,0.4565,U,0.0,35,0.0,7.950000000000013
319961,tap_burst,0.4565,U,0.0,35,0.0,7.950000000000013
320057,tap_burst,0.4563,U,0.0,35,0.0,7.749999999999979
320153,tap_burst,0.4562,U,0.0,35,0.0,7.64999999999999
320248,tap_burst,0.4562,U,0.0,35,0.0,7.64999999999999
320344,tap_burst,0.4561,U,0.0,35,0.0,7.550000000000001
320440,tap_burst,0.456,U,0.0,35,0.0,7.450000000000012
320536,tap_burst,0.456,U,0.0,35,0.0,7.450000000000012
320632,tap_burst,0.456,U,0.0,35,0.0,7.450000000000012
320726,tap_burst,0.456,U,0.0,35,0.0,7.450000000000012
320821,tap_burst,0.456,S,0.0,35,0.0,7.450000000000012
320917,tap_burst,0.456,S,0.0,35,0.0,7.450000000000012
321013,tap_burst,0.456,S,0.0,35,0.0,7.450000000000012
321109,tap_burst,0.4559,S,0.0,35,0.0,7.350000000000023
321205,tap_burst,0.4558,U,0.0,35,0.0,7.249999999999979
321301,tap_burst,0.4558,U,0.0,35,0.0,7.249999999999979
321397,tap_burst,0.4558,U,0.0,35,0.0,7.249999999999979
321492,tap_burst,0.4558,U,0.0,35,0.0,7.249999999999979
321588,tap_burst,0.4558,S,0.0,35,0.0,7.249999999999979
321682,tap_burst,0.4559,S,0.0,35,0.0,7.350000000000023
321778,tap_burst,0.4559,S,0.0,35,0.0,7.350000000000023
321874,tap_burst,0.4559,S,0.0,35,0.0,7.350000000000023
321970,tap_burst,0.456,U,0.0,35,0.0,7.450000000000012
322734,tap_burst,0.4469,U,0.0,38,0.0,-1.6499999999999848
322830,tap_burst,0.4428,U,0.0,38,0.0,-5.749999999999977
322926,tap_burst,0.4396,U,0.0,38,0.0,-8.950000000000014
323022,tap_burst,0.4375,U,0.0,38,0.0,-11.050000000000004
323117,tap_burst,0.4361,U,0.0,38,0.0,-12.450000000000017
323213,tap_burst,0.435,U,0.0,38,0.0,-13.550000000000006
323309,tap_burst,0.4346,U,0.0,38,0.0,-13.950000000000017
323403,tap_burst,0.4352,U,0.0,38,0.0,-13.350000000000028
323499,tap_burst,0.4365,U,0.0,38,0.0,-12.050000000000004
323595,tap_burst,0.4372,U,0.0,38,0.0,-11.350000000000026
323691,tap_burst,0.4377,U,0.0,38,0.0,-10.850000000000026
323786,tap_burst,0.4391,U,0.0,38,0.0,-9.450000000000014
323882,tap_burst,0.4394,U,0.0,38,0.0,-9.149999999999991
323978,tap_burst,0.4396,U,0.0,38,0.0,-8.950000000000014
324074,tap_burst,0.4398,U,0.0,38,0.0,-8.74999999999998
324170,tap_burst,0.4399,U,0.0,38,0.0,-8.649999999999991
324265,tap_burst,0.44,U,0.0,38,0.0,-8.550000000000002
324359,tap_burst,0.4401,U,0.0,38,0.0,-8.450000000000014
324455,tap_burst,0.4402,U,0.0,38,0.0,-8.350000000000025
324551,tap_burst,0.4402,U,0.0,38,0.0,-8.350000000000025
324647,tap_burst,0.4402,U,0.0,38,0.0,-8.350000000000025
324743,tap_burst,0.4402,U,0.0,38,0.0,-8.350000000000025
324839,tap_burst,0.4402,S,0.0,38,0.0,-8.350000000000025
324935,tap_burst,0.4401,S,0.0,38,0.0,-8.450000000000014
325030,tap_burst,0.4401,S,0.0,38,0.0,-8.450000000000014
325125,tap_burst,0.44,U,0.0,38,0.0,-8.550000000000002
325220,tap_burst,0.44,U,0.0,38,0.0,-8.550000000000002
325315,tap_burst,0.44,U,0.0,38,0.0,-8.550000000000002
325411,tap_burst,0.44,S,0.0,38,0.0,-8.550000000000002
325507,tap_burst,0.44,S,0.0,38,0.0,-8.550000000000002
325603,tap_burst,0.44,S,0.0,38,0.0,-8.550000000000002
325699,tap_burst,0.44,S,0.0,38,0.0,-8.550000000000002
325794,tap_burst,0.44,S,0.0,38,0.0,-8.550000000000002
325891,tap_burst,0.4399,S,0.0,38,0.0,-8.649999999999991
325987,tap_burst,0.4399,S,0.0,38,0.0,-8.649999999999991
326081,tap_burst,0.4399,S,0.0,38,0.0,-8.649999999999991
326177,tap_burst,0.4399,S,0.0,38,0.0,-8.649999999999991
326273,tap_burst,0.4399,S,0.0,38,0.0,-8.649999999999991
326369,tap_burst,0.4399,S,0.0,38,0.0,-8.649999999999991
326464,tap_burst,0.4399,S,0.0,38,0.0,-8.649999999999991
326560,tap_burst,0.4399,S,0.0,38,0.0,-8.649999999999991
326656,tap_burst,0.4399,S,0.0,38,0.0,-8.649999999999991
326752,tap_burst,0.4399,S,0.0,38,0.0,-8.649999999999991
326848,tap_burst,0.4399,S,0.0,38,0.0,-8.649999999999991
327038,tap_burst,0.4399,S,0.0,38,0.0,-8.649999999999991
327134,tap_burst,0.4399,S,0.0,38,0.0,-8.649999999999991
327229,tap_burst,0.4399,S,0.0,38,0.0,-8.649999999999991
327325,tap_burst,0.4399,S,0.0,38,0.0,-8.649999999999991
327421,tap_burst,0.4399,S,0.0,38,0.0,-8.649999999999991
327517,tap_burst,0.4399,S,0.0,38,0.0,-8.649999999999991
327613,tap_burst,0.4399,S,0.0,38,0.0,-8.649999999999991
327709,tap_burst,0.4399,S,0.0,38,0.0,-8.649999999999991
327805,tap_burst,0.4399,S,0.0,38,0.0,-8.649999999999991
327898,tap_burst,0.4399,S,0.0,38,0.0,-8.649999999999991
327994,tap_burst,0.44,S,0.0,38,0.0,-8.550000000000002
328089,tap_burst,0.44,S,0.0,38,0.0,-8.550000000000002
328186,tap_burst,0.44,S,0.0,38,0.0,-8.550000000000002
328281,tap_burst,0.44,S,0.0,38,0.0,-8.550000000000002
328377,tap_burst,0.44,S,0.0,38,0.0,-8.550000000000002
328473,tap_burst,0.44,S,0.0,38,0.0,-8.550000000000002
328569,tap_burst,0.44,S,0.0,38,0.0,-8.550000000000002
328664,tap_burst,0.44,S,0.0,38,0.0,-8.550000000000002
328758,tap_burst,0.44,S,0.0,38,0.0,-8.550000000000002
328854,tap_burst,0.44,S,0.0,38,0.0,-8.550000000000002
328950,tap_burst,0.44,S,0.0,38,0.0,-8.550000000000002
329046,tap_burst,0.44,S,0.0,38,0.0,-8.550000000000002
329142,tap_burst,0.44,S,0.0,38,0.0,-8.550000000000002
329238,tap_burst,0.44,S,0.0,38,0.0,-8.550000000000002
329333,tap_burst,0.44,S,0.0,38,0.0,-8.550000000000002
329429,tap_burst,0.44,S,0.0,38,0.0,-8.550000000000002
329525,tap_burst,0.44,S,0.0,38,0.0,-8.550000000000002
329619,tap_burst,0.44,S,0.0,38,0.0,-8.550000000000002
329715,tap_burst,0.44,S,0.0,38,0.0,-8.550000000000002
329811,tap_burst,0.44,S,0.0,38,0.0,-8.550000000000002
329907,tap_burst,0.44,S,0.0,38,0.0,-8.550000000000002
330003,tap_burst,0.44,S,0.0,38,0.0,-8.550000000000002
330098,tap_burst,0.44,S,0.0,38,0.0,-8.550000000000002
330194,tap_burst,0.44,S,0.0,38,0.0,-8.550000000000002
330290,tap_burst,0.44,S,0.0,38,0.0,-8.550000000000002
330386,tap_burst,0.44,S,0.0,38,0.0,-8.550000000000002
330482,tap_burst,0.44,S,0.0,38,0.0,-8.550000000000002
330577,tap_burst,0.4401,S,0.0,38,0.0,-8.450000000000014
330672,tap_burst,0.4406,U,0.0,38,0.0,-7.950000000000013
331436,tap_burst,0.4363,U,0.0,41,0.0,-12.249999999999982
331532,tap_burst,0.4345,U,0.0,41,0.0,-14.050000000000008
331628,tap_burst,0.4348,U,0.0,41,0.0,-13.749999999999984
331723,tap_burst,0.4382,U,0.0,41,0.0,-10.350000000000026
331819,tap_burst,0.4431,U,0.0,41,0.0,-5.45000000000001
331915,tap_burst,0.4473,U,0.0,41,0.0,-1.2500000000000289
332011,tap_burst,0.4494,U,0.0,41,0.0,0.8500000000000174
332106,tap_burst,0.45,U,0.0,41,0.0,1.4500000000000068
332202,tap_burst,0.45,U,0.0,41,0.0,1.4500000000000068
332297,tap_burst,0.4501,U,0.0,41,0.0,1.5499999999999958
332392,tap_burst,0.4505,U,0.0,41,0.0,1.9500000000000073
332489,tap_burst,0.4508,U,0.0,41,0.0,2.2499999999999742
332584,tap_burst,0.4509,U,0.0,41,0.0,2.3500000000000187
332680,tap_burst,0.4511,U,0.0,41,0.0,2.5499999999999967
332776,tap_burst,0.4512,U,0.0,41,0.0,2.6499999999999857
332872,tap_burst,0.4513,U,0.0,41,0.0,2.7499999999999747
332968,tap_burst,0.4514,U,0.0,41,0.0,2.850000000000019
333064,tap_burst,0.4515,U,0.0,41,0.0,2.950000000000008
333159,tap_burst,0.4515,U,0.0,41,0.0,2.950000000000008
333253,tap_burst,0.4516,U,0.0,41,0.0,3.049999999999997
333349,tap_burst,0.4516,U,0.0,41,0.0,3.049999999999997
333445,tap_burst,0.4516,U,0.0,41,0.0,3.049999999999997
333541,tap_burst,0.4516,S,0.0,41,0.0,3.049999999999997
333637,tap_burst,0.4516,S,0.0,41,0.0,3.049999999999997
333733,tap_burst,0.4516,S,0.0,41,0.0,3.049999999999997
333829,tap_burst,0.4516,S,0.0,41,0.0,3.049999999999997
333924,tap_burst,0.4516,S,0.0,41,0.0,3.049999999999997
334020,tap_burst,0.4516,S,0.0,41,0.0,3.049999999999997
334114,tap_burst,0.4516,S,0.0,41,0.0,3.049999999999997
334210,tap_burst,0.4516,S,0.0,41,0.0,3.049999999999997
334306,tap_burst,0.4516,S,0.0,41,0.0,3.049999999999997
334402,tap_burst,0.4516,S,0.0,41,0.0,3.049999999999997
334498,tap_burst,0.4516,S,0.0,41,0.0,3.049999999999997
334593,tap_burst,0.4516,S,0.0,41,0.0,3.049999999999997
334689,tap_burst,0.4516,S,0.0,41,0.0,3.049999999999997
334785,tap_burst,0.4516,S,0.0,41,0.0,3.049999999999997
334881,tap_burst,0.4516,S,0.0,41,0.0,3.049999999999997
334975,tap_burst,0.4516,S,0.0,41,0.0,3.049999999999997
335071,tap_burst,0.4516,S,0.0,41,0.0,3.049999999999997
335167,tap_burst,0.4516,S,0.0,41,0.0,3.049999999999997
335262,tap_burst,0.4516,S,0.0,41,0.0,3.049999999999997
335358,tap_burst,0.4515,S,0.0,41,0.0,2.950000000000008
335454,tap_burst,0.4515,S,0.0,41,0.0,2.950000000000008
335550,tap_burst,0.4515,S,0.0,41,0.0,2.950000000000008
335646,tap_burst,0.4515,S,0.0,41,0.0,2.950000000000008
335742,tap_burst,0.4514,U,0.0,41,0.0,2.850000000000019
335838,tap_burst,0.4514,S,0.0,41,0.0,2.850000000000019
335931,tap_burst,0.4514,S,0.0,41,0.0,2.850000000000019
336027,tap_burst,0.4514,S,0.0,41,0.0,2.850000000000019
336123,tap_burst,0.4514,S,0.0,41,0.0,2.850000000000019
336219,tap_burst,0.4514,S,0.0,41,0.0,2.850000000000019
336315,tap_burst,0.4514,S,0.0,41,0.0,2.850000000000019
336411,tap_burst,0.4514,S,0.0,41,0.0,2.850000000000019
336507,tap_burst,0.4514,S,0.0,41,0.0,2.850000000000019
336602,tap_burst,0.4514,S,0.0,41,0.0,2.850000000000019
336698,tap_burst,0.4514,S,0.0,41,0.0,2.850000000000019
336792,tap_burst,0.4514,S,0.0,41,0.0,2.850000000000019
336888,tap_burst,0.4514,S,0.0,41,0.0,2.850000000000019
336984,tap_burst,0.4515,S,0.0,41,0.0,2.950000000000008
337080,tap_burst,0.452,U,0.0,41,0.0,3.4500000000000086
337175,tap_burst,0.4521,U,0.0,41,0.0,3.5499999999999976
337271,tap_burst,0.4523,U,0.0,41,0.0,3.7499999999999756
337367,tap_burst,0.4524,U,0.0,41,0.0,3.85000000000002
337463,tap_burst,0.4526,U,0.0,41,0.0,4.049999999999998
337559,tap_burst,0.4527,U,0.0,41,0.0,4.149999999999987
337652,tap_burst,0.4529,U,0.0,41,0.0,4.350000000000021
337748,tap_burst,0.453,U,0.0,41,0.0,4.45000000000001
337844,tap_burst,0.4531,U,0.0,41,0.0,4.549999999999999
337940,tap_burst,0.4531,U,0.0,41,0.0,4.549999999999999
338036,tap_burst,0.4532,U,0.0,41,0.0,4.649999999999988
338132,tap_burst,0.4533,U,0.0,41,0.0,4.749999999999977
338227,tap_burst,0.4534,U,0.0,41,0.0,4.850000000000021
338323,tap_burst,0.4534,U,0.0,41,0.0,4.850000000000021
338419,tap_burst,0.4535,U,0.0,41,0.0,4.95000000000001
338513,tap_burst,0.4536,U,0.0,41,0.0,5.049999999999999
338609,tap_burst,0.4537,U,0.0,41,0.0,5.149999999999988
338705,tap_burst,0.4537,U,0.0,41,0.0,5.149999999999988
338801,tap_burst,0.4537,U,0.0,41,0.0,5.149999999999988
338896,tap_burst,0.4537,U,0.0,41,0.0,5.149999999999988
338992,tap_burst,0.4537,S,0.0,41,0.0,5.149999999999988
339088,tap_burst,0.4537,S,0.0,41,0.0,5.149999999999988
339184,tap_burst,0.4537,S,0.0,41,0.0,5.149999999999988
339280,tap_burst,0.4536,S,0.0,41,0.0,5.049999999999999
339376,tap_burst,0.4536,S,0.0,41,0.0,5.049999999999999
340140,tap_burst,0.4479,U,0.0,44,0.0,-0.6499999999999839
340236,tap_burst,0.4441,U,0.0,44,0.0,-4.45000000000001
340330,tap_burst,0.4409,U,0.0,44,0.0,-7.64999999999999
340431,tap_burst,0.4391,U,0.0,44,0.0,-9.450000000000014
340521,tap_burst,0.4386,U,0.0,44,0.0,-9.950000000000014
340617,tap_burst,0.4392,U,0.0,44,0.0,-9.350000000000025
340713,tap_burst,0.4407,U,0.0,44,0.0,-7.850000000000024
340809,tap_burst,0.4429,U,0.0,44,0.0,-5.649999999999988
340905,tap_burst,0.4452,U,0.0,44,0.0,-3.3500000000000196
341001,tap_burst,0.4472,U,0.0,44,0.0,-1.3500000000000179
341096,tap_burst,0.4486,U,0.0,44,0.0,0.04999999999999449
341191,tap_burst,0.4493,U,0.0,44,0.0,0.7499999999999729
341286,tap_burst,0.4497,U,0.0,44,0.0,1.1499999999999844
341382,tap_burst,0.4498,U,0.0,44,0.0,1.2499999999999734
341478,tap_burst,0.4497,U,0.0,44,0.0,1.1499999999999844
341574,tap_burst,0.4495,U,0.0,44,0.0,0.9500000000000064
341670,tap_burst,0.4493,U,0.0,44,0.0,0.7499999999999729
341765,tap_burst,0.4492,U,0.0,44,0.0,0.6499999999999839
341861,tap_burst,0.4492,U,0.0,44,0.0,0.6499999999999839
341957,tap_burst,0.4491,U,0.0,44,0.0,0.5499999999999949
342053,tap_burst,0.4491,U,0.0,44,0.0,0.5499999999999949
342147,tap_burst,0.4491,U,0.0,44,0.0,0.5499999999999949
342243,tap_burst,0.4491,S,0.0,44,0.0,0.5499999999999949
342339,tap_burst,0.4491,S,0.0,44,0.0,0.5499999999999949
342435,tap_burst,0.4491,S,0.0,44,0.0,0.5499999999999949
342530,tap_burst,0.449,S,0.0,44,0.0,0.45000000000000595
342626,tap_burst,0.449,S,0.0,44,0.0,0.45000000000000595
342722,tap_burst,0.449,S,0.0,44,0.0,0.45000000000000595
342818,tap_burst,0.449,S,0.0,44,0.0,0.45000000000000595
342914,tap_burst,0.449,S,0.0,44,0.0,0.45000000000000595
343008,tap_burst,0.4491,S,0.0,44,0.0,0.5499999999999949
343104,tap_burst,0.4491,S,0.0,44,0.0,0.5499999999999949
343200,tap_burst,0.4491,S,0.0,44,0.0,0.5499999999999949
343295,tap_burst,0.4491,S,0.0,44,0.0,0.5499999999999949
343391,tap_burst,0.4491,S,0.0,44,0.0,0.5499999999999949
343487,tap_burst,0.4491,S,0.0,44,0.0,0.5499999999999949
343583,tap_burst,0.4491,S,0.0,44,0.0,0.5499999999999949
343679,tap_burst,0.4491,S,0.0,44,0.0,0.5499999999999949
343775,tap_burst,0.4491,S,0.0,44,0.0,0.5499999999999949
343869,tap_burst,0.4491,S,0.0,44,0.0,0.5499999999999949
343964,tap_burst,0.449,S,0.0,44,0.0,0.45000000000000595
344060,tap_burst,0.449,S,0.0,44,0.0,0.45000000000000595
344156,tap_burst,0.449,S,0.0,44,0.0,0.45000000000000595
344252,tap_burst,0.449,S,0.0,44,0.0,0.45000000000000595
344348,tap_burst,0.449,S,0.0,44,0.0,0.45000000000000595
344444,tap_burst,0.449,S,0.0,44,0.0,0.45000000000000595
344540,tap_burst,0.449,S,0.0,44,0.0,0.45000000000000595
344636,tap_burst,0.449,S,0.0,44,0.0,0.45000000000000595
344731,tap_burst,0.449,S,0.0,44,0.0,0.45000000000000595
344825,tap_burst,0.449,S,0.0,44,0.0,0.45000000000000595
344921,tap_burst,0.449,S,0.0,44,0.0,0.45000000000000595
345017,tap_burst,0.449,S,0.0,44,0.0,0.45000000000000595
345113,tap_burst,0.449,S,0.0,44,0.0,0.45000000000000595
345209,tap_burst,0.449,S,0.0,44,0.0,0.45000000000000595
345305,tap_burst,0.449,S,0.0,44,0.0,0.45000000000000595
345400,tap_burst,0.449,S,0.0,44,0.0,0.45000000000000595
345496,tap_burst,0.449,S,0.0,44,0.0,0.45000000000000595
345592,tap_burst,0.4491,S,0.0,44,0.0,0.5499999999999949
345685,tap_burst,0.4496,U,0.0,44,0.0,1.0499999999999954
345781,tap_burst,0.4497,U,0.0,44,0.0,1.1499999999999844
345877,tap_burst,0.4499,U,0.0,44,0.0,1.3500000000000179
345973,tap_burst,0.4501,U,0.0,44,0.0,1.5499999999999958
346069,tap_burst,0.4502,U,0.0,44,0.0,1.6499999999999848
346165,tap_burst,0.4503,U,0.0,44,0.0,1.7499999999999738
346261,tap_burst,0.4504,U,0.0,44,0.0,1.8500000000000183
346357,tap_burst,0.4504,U,0.0,44,0.0,1.8500000000000183
346452,tap_burst,0.4504,U,0.0,44,0.0,1.8500000000000183
346546,tap_burst,0.4504,U,0.0,44,0.0,1.8500000000000183
346642,tap_burst,0.4504,S,0.0,44,0.0,1.8500000000000183
346738,tap_burst,0.4504,S,0.0,44,0.0,1.8500000000000183
346834,tap_burst,0.4503,S,0.0,44,0.0,1.7499999999999738
346930,tap_burst,0.4503,S,0.0,44,0.0,1.7499999999999738
347025,tap_burst,0.4502,U,0.0,44,0.0,1.6499999999999848
347121,quiet_mid2,0.4502,U,0.0,44,0.0,1.6499999999999848
347217,quiet_mid2,0.4501,U,0.0,44,0.0,1.5499999999999958
347312,quiet_mid2,0.45,U,0.0,44,0.0,1.4500000000000068
347409,quiet_mid2,0.4498,U,0.0,44,0.0,1.2499999999999734
347503,quiet_mid2,0.4496,U,0.0,44,0.0,1.0499999999999954
347598,quiet_mid2,0.4495,U,0.0,44,0.0,0.9500000000000064
347694,quiet_mid2,0.4492,U,0.0,44,0.0,0.6499999999999839
347790,quiet_mid2,0.449,U,0.0,44,0.0,0.45000000000000595
347886,quiet_mid2,0.4488,U,0.0,44,0.0,0.24999999999997247
347982,quiet_mid2,0.4486,U,0.0,44,0.0,0.04999999999999449
348078,quiet_mid2,0.4484,U,0.0,44,0.0,-0.14999999999998348
348174,quiet_mid2,0.4483,U,0.0,44,0.0,-0.250000000000028
348269,quiet_mid2,0.4483,U,0.0,44,0.0,-0.250000000000028
348363,quiet_mid2,0.4482,U,0.0,44,0.0,-0.35000000000001696
348459,quiet_mid2,0.4482,U,0.0,44,0.0,-0.35000000000001696
348555,quiet_mid2,0.4482,U,0.0,44,0.0,-0.35000000000001696
348651,quiet_mid2,0.4481,U,0.0,44,0.0,-0.45000000000000595
348747,quiet_mid2,0.4481,U,0.0,44,0.0,-0.45000000000000595
348842,quiet_mid2,0.4481,S,0.0,44,0.0,-0.45000000000000595
348938,quiet_mid2,0.4481,S,0.0,44,0.0,-0.45000000000000595
349034,quiet_mid2,0.4481,S,0.0,44,0.0,-0.45000000000000595
349130,quiet_mid2,0.4481,S,0.0,44,0.0,-0.45000000000000595
349224,quiet_mid2,0.4481,S,0.0,44,0.0,-0.45000000000000595
349320,quiet_mid2,0.4481,S,0.0,44,0.0,-0.45000000000000595
349416,quiet_mid2,0.4481,S,0.0,44,0.0,-0.45000000000000595
349511,quiet_mid2,0.4482,S,0.0,44,0.0,-0.35000000000001696
349607,quiet_mid2,0.4482,S,0.0,44,0.0,-0.35000000000001696
349703,quiet_mid2,0.4482,S,0.0,44,0.0,-0.35000000000001696
349799,quiet_mid2,0.4482,S,0.0,44,0.0,-0.35000000000001696
349895,quiet_mid2,0.4482,S,0.0,44,0.0,-0.35000000000001696
349991,quiet_mid2,0.4482,S,0.0,44,0.0,-0.35000000000001696
350084,quiet_mid2,0.4482,S,0.0,44,0.0,-0.35000000000001696
350180,quiet_mid2,0.4482,S,0.0,44,0.0,-0.35000000000001696
350276,quiet_mid2,0.4482,S,0.0,44,0.0,-0.35000000000001696
350372,quiet_mid2,0.4482,S,0.0,44,0.0,-0.35000000000001696
350468,quiet_mid2,0.4482,S,0.0,44,0.0,-0.35000000000001696
350564,quiet_mid2,0.4482,S,0.0,44,0.0,-0.35000000000001696
350660,quiet_mid2,0.4482,S,0.0,44,0.0,-0.35000000000001696
350756,quiet_mid2,0.4482,S,0.0,44,0.0,-0.35000000000001696
350851,quiet_mid2,0.4482,S,0.0,44,0.0,-0.35000000000001696
350947,quiet_mid2,0.4485,U,0.0,44,0.0,-0.04999999999999449
351041,quiet_mid2,0.4486,U,0.0,44,0.0,0.04999999999999449
351137,quiet_mid2,0.4486,U,0.0,44,0.0,0.04999999999999449
351233,quiet_mid2,0.4487,U,0.0,44,0.0,0.14999999999998348
351328,quiet_mid2,0.4487,U,0.0,44,0.0,0.14999999999998348
351424,quiet_mid2,0.4488,U,0.0,44,0.0,0.24999999999997247
351520,quiet_mid2,0.4489,U,0.0,44,0.0,0.35000000000001696
351616,quiet_mid2,0.449,U,0.0,44,0.0,0.45000000000000595
351712,quiet_mid2,0.4492,U,0.0,44,0.0,0.6499999999999839
351808,quiet_mid2,0.4493,U,0.0,44,0.0,0.7499999999999729
351901,quiet_mid2,0.4494,U,0.0,44,0.0,0.8500000000000174
351997,quiet_mid2,0.4495,U,0.0,44,0.0,0.9500000000000064
352093,quiet_mid2,0.4496,U,0.0,44,0.0,1.0499999999999954
352189,quiet_mid2,0.4497,U,0.0,44,0.0,1.1499999999999844
352285,quiet_mid2,0.4497,U,0.0,44,0.0,1.1499999999999844
352381,quiet_mid2,0.4497,U,0.0,44,0.0,1.1499999999999844
352477,quiet_mid2,0.4497,U,0.0,44,0.0,1.1499999999999844
352572,quiet_mid2,0.4497,S,0.0,44,0.0,1.1499999999999844
352673,quiet_mid2,0.4497,S,0.0,44,0.0,1.1499999999999844
352763,quiet_mid2,0.4497,S,0.0,44,0.0,1.1499999999999844
352858,quiet_mid2,0.4496,S,0.0,44,0.0,1.0499999999999954
352954,quiet_mid2,0.4496,S,0.0,44,0.0,1.0499999999999954
353050,quiet_mid2,0.4496,S,0.0,44,0.0,1.0499999999999954
353145,quiet_mid2,0.4496,S,0.0,44,0.0,1.0499999999999954
353241,quiet_mid2,0.4496,S,0.0,44,0.0,1.0499999999999954
353337,quiet_mid2,0.4496,S,0.0,44,0.0,1.0499999999999954
353433,quiet_mid2,0.4495,S,0.0,44,0.0,0.9500000000000064
353529,quiet_mid2,0.4495,S,0.0,44,0.0,0.9500000000000064
353625,quiet_mid2,0.4495,S,0.0,44,0.0,0.9500000000000064
353719,quiet_mid2,0.4495,S,0.0,44,0.0,0.9500000000000064
353815,quiet_mid2,0.4494,U,0.0,44,0.0,0.8500000000000174
353910,quiet_mid2,0.4494,S,0.0,44,0.0,0.8500000000000174
354006,quiet_mid2,0.4494,S,0.0,44,0.0,0.8500000000000174
354102,quiet_mid2,0.4492,U,0.0,44,0.0,0.6499999999999839
354198,quiet_mid2,0.4492,U,0.0,44,0.0,0.6499999999999839
354294,quiet_mid2,0.4491,U,0.0,44,0.0,0.5499999999999949
354389,quiet_mid2,0.4491,U,0.0,44,0.0,0.5499999999999949
354486,quiet_mid2,0.449,U,0.0,44,0.0,0.45000000000000595
354579,quiet_mid2,0.449,U,0.0,44,0.0,0.45000000000000595
354675,quiet_mid2,0.4489,U,0.0,44,0.0,0.35000000000001696
354771,quiet_mid2,0.4489,U,0.0,44,0.0,0.35000000000001696
354867,quiet_mid2,0.4488,U,0.0,44,0.0,0.24999999999997247
354963,quiet_mid2,0.4487,U,0.0,44,0.0,0.14999999999998348
355058,quiet_mid2,0.4487,U,0.0,44,0.0,0.14999999999998348
355154,quiet_mid2,0.4486,U,0.0,44,0.0,0.04999999999999449
355250,quiet_mid2,0.4486,U,0.0,44,0.0,0.04999999999999449
355346,quiet_mid2,0.4486,U,0.0,44,0.0,0.04999999999999449
355440,quiet_mid2,0.4485,U,0.0,44,0.0,-0.04999999999999449
355536,quiet_mid2,0.4485,U,0.0,44,0.0,-0.04999999999999449
355632,quiet_mid2,0.4485,S,0.0,44,0.0,-0.04999999999999449
355727,quiet_mid2,0.4485,S,0.0,44,0.0,-0.04999999999999449
355823,quiet_mid2,0.4485,S,0.0,44,0.0,-0.04999999999999449
355919,quiet_mid2,0.4486,S,0.0,44,0.0,0.04999999999999449
356015,quiet_mid2,0.4486,S,0.0,44,0.0,0.04999999999999449
356111,quiet_mid2,0.4486,S,0.0,44,0.0,0.04999999999999449
356207,quiet_mid2,0.4486,S,0.0,44,0.0,0.04999999999999449
356303,quiet_mid2,0.4487,U,0.0,44,0.0,0.14999999999998348
356396,quiet_mid2,0.4487,S,0.0,44,0.0,0.14999999999998348
356492,quiet_mid2,0.4488,U,0.0,44,0.0,0.24999999999997247
356588,quiet_mid2,0.4488,U,0.0,44,0.0,0.24999999999997247
356684,quiet_mid2,0.4488,U,0.0,44,0.0,0.24999999999997247
356780,quiet_mid2,0.4489,U,0.0,44,0.0,0.35000000000001696
356875,quiet_mid2,0.4491,U,0.0,44,0.0,0.5499999999999949
356971,quiet_mid2,0.4492,U,0.0,44,0.0,0.6499999999999839
357067,quiet_mid2,0.4492,U,0.0,44,0.0,0.6499999999999839
357163,quiet_mid2,0.4493,U,0.0,44,0.0,0.7499999999999729
357257,quiet_mid2,0.4493,U,0.0,44,0.0,0.7499999999999729
357353,quiet_mid2,0.4494,U,0.0,44,0.0,0.8500000000000174
357449,quiet_mid2,0.4494,U,0.0,44,0.0,0.8500000000000174
357545,quiet_mid2,0.4495,U,0.0,44,0.0,0.9500000000000064
357640,quiet_mid2,0.4495,U,0.0,44,0.0,0.9500000000000064
357736,quiet_mid2,0.4495,U,0.0,44,0.0,0.9500000000000064
357832,quiet_mid2,0.4495,S,0.0,44,0.0,0.9500000000000064
357928,quiet_mid2,0.4495,S,0.0,44,0.0,0.9500000000000064
358024,quiet_mid2,0.4495,S,0.0,44,0.0,0.9500000000000064
358118,quiet_mid2,0.4495,S,0.0,44,0.0,0.9500000000000064
358213,quiet_mid2,0.4495,S,0.0,44,0.0,0.9500000000000064
358309,quiet_mid2,0.4495,S,0.0,44,0.0,0.9500000000000064
358405,quiet_mid2,0.4495,S,0.0,44,0.0,0.9500000000000064
358501,quiet_mid2,0.4495,S,0.0,44,0.0,0.9500000000000064
358597,quiet_mid2,0.4495,S,0.0,44,0.0,0.9500000000000064
358693,quiet_mid2,0.4495,S,0.0,44,0.0,0.9500000000000064
358789,quiet_mid2,0.4495,S,0.0,44,0.0,0.9500000000000064
358884,quiet_mid2,0.4497,U,0.0,44,0.0,1.1499999999999844
358980,quiet_mid2,0.4498,U,0.0,44,0.0,1.2499999999999734
359073,quiet_mid2,0.45,U,0.0,44,0.0,1.4500000000000068
359170,quiet_mid2,0.4501,U,0.0,44,0.0,1.5499999999999958
359266,quiet_mid2,0.4503,U,0.0,44,0.0,1.7499999999999738
359362,quiet_mid2,0.4505,U,0.0,44,0.0,1.9500000000000073
359457,quiet_mid2,0.4506,U,0.0,44,0.0,2.0499999999999963
359553,quiet_mid2,0.4508,U,0.0,44,0.0,2.2499999999999742
359649,quiet_mid2,0.4509,U,0.0,44,0.0,2.3500000000000187
359745,quiet_mid2,0.4511,U,0.0,44,0.0,2.5499999999999967
359841,quiet_mid2,0.4512,U,0.0,44,0.0,2.6499999999999857
359935,quiet_mid2,0.4513,U,0.0,44,0.0,2.7499999999999747
360030,quiet_mid2,0.4514,U,0.0,44,0.0,2.850000000000019
360127,quiet_mid2,0.4515,U,0.0,44,0.0,2.950000000000008
360222,quiet_mid2,0.4515,U,0.0,44,0.0,2.950000000000008
360318,quiet_mid2,0.4516,U,0.0,44,0.0,3.049999999999997
360414,quiet_mid2,0.4517,U,0.0,44,0.0,3.149999999999986
360510,quiet_mid2,0.4518,U,0.0,44,0.0,3.249999999999975
360606,quiet_mid2,0.4518,U,0.0,44,0.0,3.249999999999975
360701,quiet_mid2,0.4518,U,0.0,44,0.0,3.249999999999975
360795,quiet_mid2,0.4518,U,0.0,44,0.0,3.249999999999975
360891,quiet_mid2,0.4518,S,0.0,44,0.0,3.249999999999975
360987,quiet_mid2,0.4517,S,0.0,44,0.0,3.149999999999986
361083,quiet_mid2,0.4516,U,0.0,44,0.0,3.049999999999997
361179,quiet_mid2,0.4515,U,0.0,44,0.0,2.950000000000008
361274,quiet_mid2,0.4514,U,0.0,44,0.0,2.850000000000019
361370,quiet_mid2,0.4513,U,0.0,44,0.0,2.7499999999999747
361466,quiet_mid2,0.4511,U,0.0,44,0.0,2.5499999999999967
361562,quiet_mid2,0.451,U,0.0,44,0.0,2.4500000000000077
361656,quiet_mid2,0.451,U,0.0,44,0.0,2.4500000000000077
361752,quiet_mid2,0.4508,U,0.0,44,0.0,2.2499999999999742
361848,quiet_mid2,0.4508,U,0.0,44,0.0,2.2499999999999742
361943,quiet_mid2,0.4507,U,0.0,44,0.0,2.1499999999999853
362039,quiet_mid2,0.4507,U,0.0,44,0.0,2.1499999999999853
362135,quiet_mid2,0.4506,U,0.0,44,0.0,2.0499999999999963
362231,quiet_mid2,0.4506,U,0.0,44,0.0,2.0499999999999963
362327,quiet_mid2,0.4505,U,0.0,44,0.0,1.9500000000000073
362423,quiet_mid2,0.4504,U,0.0,44,0.0,1.8500000000000183
362518,quiet_mid2,0.4503,U,0.0,44,0.0,1.7499999999999738
362612,quiet_mid2,0.4502,U,0.0,44,0.0,1.6499999999999848
362708,quiet_mid2,0.4501,U,0.0,44,0.0,1.5499999999999958
362803,quiet_mid2,0.45,U,0.0,44,0.0,1.4500000000000068
362900,quiet_mid2,0.4498,U,0.0,44,0.0,1.2499999999999734
362996,quiet_mid2,0.4497,U,0.0,44,0.0,1.1499999999999844
363092,quiet_mid2,0.4496,U,0.0,44,0.0,1.0499999999999954
363187,quiet_mid2,0.4495,U,0.0,44,0.0,0.9500000000000064
363283,quiet_mid2,0.4495,U,0.0,44,0.0,0.9500000000000064
363379,quiet_mid2,0.4495,U,0.0,44,0.0,0.9500000000000064
363473,quiet_mid2,0.4495,U,0.0,44,0.0,0.9500000000000064
363569,quiet_mid2,0.4496,S,0.0,44,0.0,1.0499999999999954
363665,quiet_mid2,0.4496,S,0.0,44,0.0,1.0499999999999954
363760,quiet_mid2,0.4497,U,0.0,44,0.0,1.1499999999999844
363856,quiet_mid2,0.4498,U,0.0,44,0.0,1.2499999999999734
363952,quiet_mid2,0.4498,U,0.0,44,0.0,1.2499999999999734
364048,quiet_mid2,0.4499,U,0.0,44,0.0,1.3500000000000179
364143,quiet_mid2,0.45,U,0.0,44,0.0,1.4500000000000068
364240,quiet_mid2,0.4501,U,0.0,44,0.0,1.5499999999999958
364334,quiet_mid2,0.4502,U,0.0,44,0.0,1.6499999999999848
364430,quiet_mid2,0.4503,U,0.0,44,0.0,1.7499999999999738
364525,quiet_mid2,0.4505,U,0.0,44,0.0,1.9500000000000073
364621,quiet_mid2,0.4507,U,0.0,44,0.0,2.1499999999999853
364717,quiet_mid2,0.4509,U,0.0,44,0.0,2.3500000000000187
364813,quiet_mid2,0.4511,U,0.0,44,0.0,2.5499999999999967
364920,quiet_mid2,0.4513,U,0.0,44,0.0,2.7499999999999747
365100,quiet_mid2,0.4516,U,0.0,44,0.0,3.049999999999997
365196,quiet_mid2,0.4517,U,0.0,44,0.0,3.149999999999986
365290,quiet_mid2,0.4518,U,0.0,44,0.0,3.249999999999975
365386,quiet_mid2,0.4519,U,0.0,44,0.0,3.3500000000000196
365482,quiet_mid2,0.452,U,0.0,44,0.0,3.4500000000000086
365578,quiet_mid2,0.452,U,0.0,44,0.0,3.4500000000000086
365673,quiet_mid2,0.452,U,0.0,44,0.0,3.4500000000000086
365769,quiet_mid2,0.452,U,0.0,44,0.0,3.4500000000000086
365865,quiet_mid2,0.452,S,0.0,44,0.0,3.4500000000000086
365961,quiet_mid2,0.452,S,0.0,44,0.0,3.4500000000000086
366057,quiet_mid2,0.4519,S,0.0,44,0.0,3.3500000000000196
366151,quiet_mid2,0.4519,S,0.0,44,0.0,3.3500000000000196
366246,quiet_mid2,0.4518,U,0.0,44,0.0,3.249999999999975
366343,quiet_mid2,0.4517,U,0.0,44,0.0,3.149999999999986
366438,quiet_mid2,0.4516,U,0.0,44,0.0,3.049999999999997
366534,quiet_mid2,0.4515,U,0.0,44,0.0,2.950000000000008
366630,quiet_mid2,0.4514,U,0.0,44,0.0,2.850000000000019
366726,quiet_mid2,0.4513,U,0.0,44,0.0,2.7499999999999747
366822,quiet_mid2,0.4512,U,0.0,44,0.0,2.6499999999999857
366918,quiet_mid2,0.4511,U,0.0,44,0.0,2.5499999999999967
367011,quiet_mid2,0.451,U,0.0,44,0.0,2.4500000000000077
367107,quiet_mid2,0.4509,U,0.0,44,0.0,2.3500000000000187
367203,quiet_mid2,0.4508,U,0.0,44,0.0,2.2499999999999742
367299,quiet_mid2,0.4508,U,0.0,44,0.0,2.2499999999999742
367395,quiet_mid2,0.4507,U,0.0,44,0.0,2.1499999999999853
367490,quiet_mid2,0.4507,U,0.0,44,0.0,2.1499999999999853
367586,quiet_mid2,0.4506,U,0.0,44,0.0,2.0499999999999963
367682,quiet_mid2,0.4506,U,0.0,44,0.0,2.0499999999999963
367778,quiet_mid2,0.4505,U,0.0,44,0.0,1.9500000000000073
367874,quiet_mid2,0.4505,U,0.0,44,0.0,1.9500000000000073
367968,quiet_mid2,0.4504,U,0.0,44,0.0,1.8500000000000183
368064,quiet_mid2,0.4504,U,0.0,44,0.0,1.8500000000000183
368160,quiet_mid2,0.4503,U,0.0,44,0.0,1.7499999999999738
368255,quiet_mid2,0.4503,U,0.0,44,0.0,1.7499999999999738
368351,quiet_mid2,0.4503,U,0.0,44,0.0,1.7499999999999738
368447,quiet_mid2,0.4503,S,0.0,44,0.0,1.7499999999999738
368543,quiet_mid2,0.4503,S,0.0,44,0.0,1.7499999999999738
368639,quiet_mid2,0.4504,S,0.0,44,0.0,1.8500000000000183
368735,quiet_mid2,0.4504,S,0.0,44,0.0,1.8500000000000183
368828,quiet_mid2,0.4504,S,0.0,44,0.0,1.8500000000000183
368924,quiet_mid2,0.4503,S,0.0,44,0.0,1.7499999999999738
369020,quiet_mid2,0.4503,S,0.0,44,0.0,1.7499999999999738
369116,quiet_mid2,0.4503,S,0.0,44,0.0,1.7499999999999738
369212,quiet_mid2,0.4503,S,0.0,44,0.0,1.7499999999999738
369308,quiet_mid2,0.4502,U,0.0,44,0.0,1.6499999999999848
369403,quiet_mid2,0.4502,S,0.0,44,0.0,1.6499999999999848
369499,quiet_mid2,0.4501,U,0.0,44,0.0,1.5499999999999958
369595,quiet_mid2,0.4501,U,0.0,44,0.0,1.5499999999999958
369688,quiet_mid2,0.45,U,0.0,44,0.0,1.4500000000000068
369784,quiet_mid2,0.45,U,0.0,44,0.0,1.4500000000000068
369880,quiet_mid2,0.45,U,0.0,44,0.0,1.4500000000000068
369977,quiet_mid2,0.45,S,0.0,44,0.0,1.4500000000000068
370071,quiet_mid2,0.45,S,0.0,44,0.0,1.4500000000000068
370167,quiet_mid2,0.45,S,0.0,44,0.0,1.4500000000000068
370263,quiet_mid2,0.45,S,0.0,44,0.0,1.4500000000000068
370359,quiet_mid2,0.45,S,0.0,44,0.0,1.4500000000000068
370456,quiet_mid2,0.4499,S,0.0,44,0.0,1.3500000000000179
370552,quiet_mid2,0.4498,U,0.0,44,0.0,1.2499999999999734
370645,quiet_mid2,0.4497,U,0.0,44,0.0,1.1499999999999844
370741,quiet_mid2,0.4496,U,0.0,44,0.0,1.0499999999999954
370837,quiet_mid2,0.4495,U,0.0,44,0.0,0.9500000000000064
370933,quiet_mid2,0.4495,U,0.0,44,0.0,0.9500000000000064
371029,quiet_mid2,0.4494,U,0.0,44,0.0,0.8500000000000174
371125,quiet_mid2,0.4494,U,0.0,44,0.0,0.8500000000000174
371220,quiet_mid2,0.4493,U,0.0,44,0.0,0.7499999999999729
371316,quiet_mid2,0.4493,U,0.0,44,0.0,0.7499999999999729
371412,quiet_mid2,0.4493,U,0.0,44,0.0,0.7499999999999729
371506,quiet_mid2,0.4493,S,0.0,44,0.0,0.7499999999999729
371602,quiet_mid2,0.4493,S,0.0,44,0.0,0.7499999999999729
371698,quiet_mid2,0.4493,S,0.0,44,0.0,0.7499999999999729
371794,quiet_mid2,0.4492,S,0.0,44,0.0,0.6499999999999839
371889,quiet_mid2,0.4492,S,0.0,44,0.0,0.6499999999999839
371985,quiet_mid2,0.4492,S,0.0,44,0.0,0.6499999999999839
372081,quiet_mid2,0.4492,S,0.0,44,0.0,0.6499999999999839
372177,quiet_mid2,0.4492,S,0.0,44,0.0,0.6499999999999839
372273,quiet_mid2,0.4492,S,0.0,44,0.0,0.6499999999999839
372367,quiet_mid2,0.4492,S,0.0,44,0.0,0.6499999999999839
372462,quiet_mid2,0.4492,S,0.0,44,0.0,0.6499999999999839
372558,quiet_mid2,0.4493,S,0.0,44,0.0,0.7499999999999729
372654,quiet_mid2,0.4494,U,0.0,44,0.0,0.8500000000000174
372750,quiet_mid2,0.4494,U,0.0,44,0.0,0.8500000000000174
372846,quiet_mid2,0.4495,U,0.0,44,0.0,0.9500000000000064
372942,quiet_mid2,0.4495,U,0.0,44,0.0,0.9500000000000064
373038,quiet_mid2,0.4495,U,0.0,44,0.0,0.9500000000000064
373133,quiet_mid2,0.4496,U,0.0,44,0.0,1.0499999999999954
373227,quiet_mid2,0.4498,U,0.0,44,0.0,1.2499999999999734
373323,quiet_mid2,0.4498,U,0.0,44,0.0,1.2499999999999734
373419,quiet_mid2,0.4499,U,0.0,44,0.0,1.3500000000000179
373514,quiet_mid2,0.45,U,0.0,44,0.0,1.4500000000000068
373611,quiet_mid2,0.4501,U,0.0,44,0.0,1.5499999999999958
373706,quiet_mid2,0.4501,U,0.0,44,0.0,1.5499999999999958
373803,quiet_mid2,0.4502,U,0.0,44,0.0,1.6499999999999848
373898,quiet_mid2,0.4502,U,0.0,44,0.0,1.6499999999999848
373994,quiet_mid2,0.4502,U,0.0,44,0.0,1.6499999999999848
374090,quiet_mid2,0.4502,S,0.0,44,0.0,1.6499999999999848
374184,quiet_mid2,0.4502,S,0.0,44,0.0,1.6499999999999848
374280,quiet_mid2,0.4502,S,0.0,44,0.0,1.6499999999999848
374375,quiet_mid2,0.4501,S,0.0,44,0.0,1.5499999999999958
374470,quiet_mid2,0.45,U,0.0,44,0.0,1.4500000000000068
374566,quiet_mid2,0.45,U,0.0,44,0.0,1.4500000000000068
374663,quiet_mid2,0.4499,U,0.0,44,0.0,1.3500000000000179
374759,quiet_mid2,0.4499,U,0.0,44,0.0,1.3500000000000179
374855,quiet_mid2,0.4499,U,0.0,44,0.0,1.3500000000000179
374951,quiet_mid2,0.4499,S,0.0,44,0.0,1.3500000000000179
375044,quiet_mid2,0.4498,U,0.0,44,0.0,1.2499999999999734
375140,quiet_mid2,0.4498,S,0.0,44,0.0,1.2499999999999734
375236,quiet_mid2,0.4498,S,0.0,44,0.0,1.2499999999999734
375332,quiet_mid2,0.4498,S,0.0,44,0.0,1.2499999999999734
375428,quiet_mid2,0.4498,S,0.0,44,0.0,1.2499999999999734
375524,quiet_mid2,0.4498,S,0.0,44,0.0,1.2499999999999734
375619,quiet_mid2,0.4497,S,0.0,44,0.0,1.1499999999999844
375715,quiet_mid2,0.4496,U,0.0,44,0.0,1.0499999999999954
375811,quiet_mid2,0.4496,U,0.0,44,0.0,1.0499999999999954
375905,quiet_mid2,0.4495,U,0.0,44,0.0,0.9500000000000064
376001,quiet_mid2,0.4494,U,0.0,44,0.0,0.8500000000000174
376097,quiet_mid2,0.4494,U,0.0,44,0.0,0.8500000000000174
376192,quiet_mid2,0.4493,U,0.0,44,0.0,0.7499999999999729
376288,quiet_mid2,0.4493,U,0.0,44,0.0,0.7499999999999729
376384,quiet_mid2,0.4493,U,0.0,44,0.0,0.7499999999999729
376480,quiet_mid2,0.4493,S,0.0,44,0.0,0.7499999999999729
376576,quiet_mid2,0.4493,S,0.0,44,0.0,0.7499999999999729
376672,quiet_mid2,0.4494,S,0.0,44,0.0,0.8500000000000174
376768,quiet_mid2,0.4494,S,0.0,44,0.0,0.8500000000000174
376862,quiet_mid2,0.4494,S,0.0,44,0.0,0.8500000000000174
376957,quiet_mid2,0.4494,S,0.0,44,0.0,0.8500000000000174
377053,quiet_mid2,0.4494,S,0.0,44,0.0,0.8500000000000174
377161,auger15_p1,0.4494,S,15.0,44,0.0,0.8500000000000174
377341,auger15_p1,0.4494,S,15.0,44,0.0,0.8500000000000174
377437,auger15_p1,0.4494,S,15.0,44,0.0,0.8500000000000174
377533,auger15_p1,0.4494,S,15.0,44,0.0,0.8500000000000174
377628,auger15_p1,0.4494,S,15.0,44,0.0,0.8500000000000174
377722,auger15_p1,0.4494,S,15.0,44,0.0,0.8500000000000174
377817,auger15_p1,0.4467,U,15.0,44,0.0,-1.8500000000000183
377913,auger15_p1,0.446,U,15.0,44,0.0,-2.5499999999999967
378009,auger15_p1,0.4457,U,15.0,44,0.0,-2.850000000000019
378105,auger15_p1,0.4451,U,15.0,44,0.0,-3.4500000000000086
378201,auger15_p1,0.4433,U,15.0,44,0.0,-5.249999999999977
378297,auger15_p1,0.4401,U,15.0,44,0.0,-8.450000000000014
378393,auger15_p1,0.4364,U,15.0,44,0.0,-12.149999999999995
378489,auger15_p1,0.4339,U,15.0,44,0.0,-14.649999999999997
378582,auger15_p1,0.433,U,15.0,44,0.0,-15.550000000000008
378678,auger15_p1,0.4334,U,15.0,44,0.0,-15.149999999999997
378774,auger15_p1,0.4346,U,15.0,44,0.0,-13.950000000000017
378870,auger15_p1,0.4362,U,15.0,44,0.0,-12.350000000000028
378966,auger15_p1,0.437,U,15.0,44,0.0,-11.550000000000004
379061,auger15_p1,0.4398,U,15.0,44,0.0,-8.74999999999998
379157,auger15_p1,0.4415,U,15.0,44,0.0,-7.050000000000001
379253,auger15_p1,0.4426,U,15.0,44,0.0,-5.950000000000011
379349,auger15_p1,0.4425,U,15.0,44,0.0,-6.05
379445,auger15_p1,0.4419,U,15.0,44,0.0,-6.64999999999999
379539,auger15_p1,0.4415,U,15.0,44,0.0,-7.050000000000001
379635,auger15_p1,0.4415,U,15.0,44,0.0,-7.050000000000001
379731,auger15_p1,0.4414,U,15.0,44,0.0,-7.14999999999999
379826,auger15_p1,0.4412,U,15.0,44,0.0,-7.350000000000023
379922,auger15_p1,0.4409,U,15.0,44,0.0,-7.64999999999999
380018,auger15_p1,0.4408,U,15.0,44,0.0,-7.749999999999979
380114,auger15_p1,0.4408,U,15.0,44,0.0,-7.749999999999979
380210,auger15_p1,0.441,U,15.0,44,0.0,-7.550000000000001
380306,auger15_p1,0.4414,U,15.0,44,0.0,-7.14999999999999
380399,auger15_p1,0.4471,U,15.0,44,0.0,-1.4500000000000068
380495,auger15_p1,0.4489,U,15.0,44,0.0,0.35000000000001696
380591,auger15_p1,0.4498,U,15.0,44,0.0,1.2499999999999734
380687,auger15_p1,0.4499,U,15.0,44,0.0,1.3500000000000179
380783,auger15_p1,0.4496,U,15.0,44,0.0,1.0499999999999954
380879,auger15_p1,0.449,U,15.0,44,0.0,0.45000000000000595
380974,auger15_p1,0.4481,U,15.0,44,0.0,-0.45000000000000595
381070,auger15_p1,0.4476,U,15.0,44,0.0,-0.9500000000000064
381166,auger15_p1,0.4461,U,15.0,44,0.0,-2.4500000000000077
381260,auger15_p1,0.4451,U,15.0,44,0.0,-3.4500000000000086
381356,auger15_p1,0.4435,U,15.0,44,0.0,-5.049999999999999
381452,auger15_p1,0.4414,U,15.0,44,0.0,-7.14999999999999
381548,auger15_p1,0.4397,U,15.0,44,0.0,-8.850000000000025
381643,auger15_p1,0.4395,U,15.0,44,0.0,-9.050000000000002
381739,auger15_p1,0.4411,U,15.0,44,0.0,-7.450000000000012
381835,auger15_p1,0.4437,U,15.0,44,0.0,-4.850000000000021
381931,auger15_p1,0.4448,U,15.0,44,0.0,-3.750000000000031
382027,auger15_p1,0.4472,U,15.0,44,0.0,-1.3500000000000179
382123,auger15_p1,0.4471,U,15.0,44,0.0,-1.4500000000000068
382217,auger15_p1,0.4461,U,15.0,44,0.0,-2.4500000000000077
382312,auger15_p1,0.4448,U,15.0,44,0.0,-3.750000000000031
382408,auger15_p1,0.4442,U,15.0,44,0.0,-4.350000000000021
382504,auger15_p1,0.4422,U,15.0,44,0.0,-6.350000000000023
382600,auger15_p1,0.4408,U,15.0,44,0.0,-7.749999999999979
382696,auger15_p1,0.4393,U,15.0,44,0.0,-9.24999999999998
382792,auger15_p1,0.4381,U,15.0,44,0.0,-10.450000000000015
382887,auger15_p1,0.4378,U,15.0,44,0.0,-10.749999999999982
382983,auger15_p1,0.4388,U,15.0,44,0.0,-9.74999999999998
383077,auger15_p1,0.4413,U,15.0,44,0.0,-7.249999999999979
383173,auger15_p1,0.443,U,15.0,44,0.0,-5.549999999999999
383269,auger15_p1,0.4474,U,15.0,44,0.0,-1.1499999999999844
383365,auger15_p1,0.4488,U,15.0,44,0.0,0.24999999999997247
383461,auger15_p1,0.4487,U,15.0,44,0.0,0.14999999999998348
383556,auger15_p1,0.4477,U,15.0,44,0.0,-0.8500000000000174
383652,auger15_p1,0.4465,U,15.0,44,0.0,-2.0499999999999963
383748,auger15_p1,0.4461,U,15.0,44,0.0,-2.4500000000000077
383844,auger15_p1,0.4464,U,15.0,44,0.0,-2.1499999999999853
383938,auger15_p1,0.4467,U,15.0,44,0.0,-1.8500000000000183
384034,auger15_p1,0.4469,U,15.0,44,0.0,-1.6499999999999848
384129,auger15_p1,0.4468,U,15.0,44,0.0,-1.7500000000000293
384225,auger15_p1,0.4465,U,15.0,44,0.0,-2.0499999999999963
384321,auger15_p1,0.446,U,15.0,44,0.0,-2.5499999999999967
384417,auger15_p1,0.4412,U,15.0,44,0.0,-7.350000000000023
384513,auger15_p1,0.4396,U,15.0,44,0.0,-8.950000000000014
384609,auger15_p1,0.4392,U,15.0,44,0.0,-9.350000000000025
384704,auger15_p1,0.4398,U,15.0,44,0.0,-8.74999999999998
384798,auger15_p1,0.4398,U,15.0,44,0.0,-8.74999999999998
384894,auger15_p1,0.4378,U,15.0,44,0.0,-10.749999999999982
384990,auger15_p1,0.4348,U,15.0,44,0.0,-13.749999999999984
385086,auger15_p1,0.4328,U,15.0,44,0.0,-15.749999999999986
385182,auger15_p1,0.4325,U,15.0,44,0.0,-16.050000000000008
385278,auger15_p1,0.4327,U,15.0,44,0.0,-15.85000000000003
385373,auger15_p1,0.4324,U,15.0,44,0.0,-16.15
385469,auger15_p1,0.4323,U,15.0,44,0.0,-16.249999999999986
385565,auger15_p1,0.4334,U,15.0,44,0.0,-15.149999999999997
385661,auger15_p1,0.4346,U,15.0,44,0.0,-13.950000000000017
385755,auger15_p1,0.4384,U,15.0,44,0.0,-10.149999999999991
385851,auger15_p1,0.4403,U,15.0,44,0.0,-8.249999999999979
385946,auger15_p1,0.4414,U,15.0,44,0.0,-7.14999999999999
386042,auger15_p1,0.4418,U,15.0,44,0.0,-6.749999999999979
386138,auger15_p1,0.4417,U,15.0,44,0.0,-6.850000000000023
386234,auger15_p1,0.441,U,15.0,44,0.0,-7.550000000000001
386330,auger15_p1,0.4401,U,15.0,44,0.0,-8.450000000000014
386426,auger15_p1,0.4398,U,15.0,44,0.0,-8.74999999999998
386522,auger15_p1,0.4396,U,15.0,44,0.0,-8.950000000000014
386615,auger15_p1,0.4395,U,15.0,44,0.0,-9.050000000000002
386712,auger15_p1,0.4394,U,15.0,44,0.0,-9.149999999999991
386807,auger15_p1,0.4393,U,15.0,44,0.0,-9.24999999999998
386903,auger15_p1,0.4393,U,15.0,44,0.0,-9.24999999999998
386999,auger15_p1,0.4394,U,15.0,44,0.0,-9.149999999999991
387095,auger15_p1,0.4396,U,15.0,44,0.0,-8.950000000000014
387191,auger15_p1,0.4396,U,15.0,44,0.0,-8.950000000000014
387286,auger15_p1,0.4395,U,15.0,44,0.0,-9.050000000000002
387382,auger15_p1,0.4394,U,15.0,44,0.0,-9.149999999999991
387476,auger15_p1,0.4394,U,15.0,44,0.0,-9.149999999999991
387572,auger15_p1,0.4396,U,15.0,44,0.0,-8.950000000000014
387668,auger15_p1,0.4446,U,15.0,44,0.0,-3.950000000000009
387763,auger15_p1,0.4454,U,15.0,44,0.0,-3.149999999999986
387860,auger15_p1,0.4448,U,15.0,44,0.0,-3.750000000000031
387955,auger15_p1,0.4436,U,15.0,44,0.0,-4.95000000000001
388051,auger15_p1,0.4424,U,15.0,44,0.0,-6.149999999999989
388147,auger15_p1,0.4422,U,15.0,44,0.0,-6.350000000000023
388243,auger15_p1,0.4423,U,15.0,44,0.0,-6.249999999999978
388339,auger15_p1,0.4426,U,15.0,44,0.0,-5.950000000000011
388433,auger15_p1,0.4429,U,15.0,44,0.0,-5.649999999999988
388534,auger15_p1,0.4431,U,15.0,44,0.0,-5.45000000000001
388624,auger15_p1,0.4435,U,15.0,44,0.0,-5.049999999999999
388720,auger15_p1,0.4473,U,15.0,44,0.0,-1.2500000000000289
388816,auger15_p1,0.4484,U,15.0,44,0.0,-0.14999999999998348
388912,auger15_p1,0.4485,U,15.0,44,0.0,-0.04999999999999449
389007,auger15_p1,0.4479,U,15.0,44,0.0,-0.6499999999999839
389104,auger15_p1,0.4469,U,15.0,44,0.0,-1.6499999999999848
389199,auger15_p1,0.4462,U,15.0,44,0.0,-2.3500000000000187
389293,auger15_p1,0.4438,U,15.0,44,0.0,-4.750000000000032
389389,auger15_p1,0.4423,U,15.0,44,0.0,-6.249999999999978
389485,auger15_p1,0.4408,U,15.0,44,0.0,-7.749999999999979
389581,auger15_p1,0.4391,U,15.0,44,0.0,-9.450000000000014
389676,auger15_p1,0.4374,U,15.0,44,0.0,-11.149999999999993
389772,auger15_p1,0.4367,U,15.0,44,0.0,-11.850000000000026
389868,auger15_p1,0.4374,U,15.0,44,0.0,-11.149999999999993
389964,auger15_p1,0.4397,U,15.0,44,0.0,-8.850000000000025
390060,auger15_p1,0.4412,U,15.0,44,0.0,-7.350000000000023
390154,auger15_p1,0.4451,U,15.0,44,0.0,-3.4500000000000086
390249,auger15_p1,0.4458,U,15.0,44,0.0,-2.75000000000003
390345,auger15_p1,0.4443,U,15.0,44,0.0,-4.250000000000032
390441,auger15_p1,0.4409,U,15.0,44,0.0,-7.64999999999999
390537,auger15_p1,0.4362,U,15.0,44,0.0,-12.350000000000028
390633,auger15_p1,0.4316,U,15.0,44,0.0,-16.95000000000002
390729,auger15_p1,0.4286,U,15.0,44,0.0,-19.950000000000024
390825,auger15_p1,0.4286,U,15.0,44,0.0,-19.950000000000024
390921,auger15_p1,0.4314,U,15.0,44,0.0,-17.15
391016,auger15_p1,0.4352,U,15.0,44,0.0,-13.350000000000028
391110,auger15_p1,0.438,U,15.0,44,0.0,-10.550000000000004
391206,auger15_p1,0.4391,U,15.0,44,0.0,-9.450000000000014
391302,auger15_p1,0.4392,U,15.0,44,0.0,-9.350000000000025
391398,auger15_p1,0.4394,U,15.0,44,0.0,-9.149999999999991
391493,auger15_p1,0.4401,U,15.0,44,0.0,-8.450000000000014
391589,auger15_p1,0.4414,U,15.0,44,0.0,-7.14999999999999
391685,auger15_p1,0.4426,U,15.0,44,0.0,-5.950000000000011
391781,auger15_p1,0.4433,U,15.0,44,0.0,-5.249999999999977
391877,auger15_p1,0.4434,U,15.0,44,0.0,-5.149999999999988
391971,auger15_p1,0.4431,U,15.0,44,0.0,-5.45000000000001
392067,auger15_p1,0.4424,U,15.0,44,0.0,-6.149999999999989
392163,post_auger15_p1,0.4418,U,0.0,44,0.0,-6.749999999999979
392258,post_auger15_p1,0.4412,U,0.0,44,0.0,-7.350000000000023
392354,post_auger15_p1,0.4393,U,0.0,44,0.0,-9.24999999999998
392450,post_auger15_p1,0.4398,U,0.0,44,0.0,-8.74999999999998
392546,post_auger15_p1,0.4411,U,0.0,44,0.0,-7.450000000000012
392642,post_auger15_p1,0.4419,U,0.0,44,0.0,-6.64999999999999
392738,post_auger15_p1,0.4427,U,0.0,44,0.0,-5.850000000000022
392832,post_auger15_p1,0.4449,U,0.0,44,0.0,-3.6499999999999866
392927,post_auger15_p1,0.4449,U,0.0,44,0.0,-3.6499999999999866
393023,post_auger15_p1,0.4445,U,0.0,44,0.0,-4.049999999999998
393119,post_auger15_p1,0.4442,U,0.0,44,0.0,-4.350000000000021
393215,post_auger15_p1,0.4442,U,0.0,44,0.0,-4.350000000000021
393311,post_auger15_p1,0.4442,U,0.0,44,0.0,-4.350000000000021
393407,post_auger15_p1,0.4442,U,0.0,44,0.0,-4.350000000000021
393502,post_auger15_p1,0.4442,U,0.0,44,0.0,-4.350000000000021
393598,post_auger15_p1,0.4442,S,0.0,44,0.0,-4.350000000000021
393692,post_auger15_p1,0.4442,S,0.0,44,0.0,-4.350000000000021
393788,post_auger15_p1,0.4442,S,0.0,44,0.0,-4.350000000000021
393884,post_auger15_p1,0.4442,S,0.0,44,0.0,-4.350000000000021
393980,post_auger15_p1,0.4442,S,0.0,44,0.0,-4.350000000000021
394076,post_auger15_p1,0.4443,S,0.0,44,0.0,-4.250000000000032
394171,post_auger15_p1,0.4443,S,0.0,44,0.0,-4.250000000000032
394267,post_auger15_p1,0.4443,S,0.0,44,0.0,-4.250000000000032
394363,post_auger15_p1,0.4443,S,0.0,44,0.0,-4.250000000000032
394459,post_auger15_p1,0.4443,S,0.0,44,0.0,-4.250000000000032
394555,post_auger15_p1,0.4443,S,0.0,44,0.0,-4.250000000000032
394649,post_auger15_p1,0.4443,S,0.0,44,0.0,-4.250000000000032
394745,post_auger15_p1,0.4443,S,0.0,44,0.0,-4.250000000000032
394841,post_auger15_p1,0.4443,S,0.0,44,0.0,-4.250000000000032
394936,post_auger15_p1,0.4443,S,0.0,44,0.0,-4.250000000000032
395032,post_auger15_p1,0.4443,S,0.0,44,0.0,-4.250000000000032
395128,post_auger15_p1,0.4443,S,0.0,44,0.0,-4.250000000000032
395224,post_auger15_p1,0.4443,S,0.0,44,0.0,-4.250000000000032
395320,post_auger15_p1,0.4443,S,0.0,44,0.0,-4.250000000000032
395416,post_auger15_p1,0.4442,S,0.0,44,0.0,-4.350000000000021
395510,post_auger15_p1,0.4442,S,0.0,44,0.0,-4.350000000000021
395605,post_auger15_p1,0.4442,S,0.0,44,0.0,-4.350000000000021
395701,post_auger15_p1,0.4442,S,0.0,44,0.0,-4.350000000000021
395797,post_auger15_p1,0.4442,S,0.0,44,0.0,-4.350000000000021
395893,post_auger15_p1,0.4442,S,0.0,44,0.0,-4.350000000000021
395989,post_auger15_p1,0.4442,S,0.0,44,0.0,-4.350000000000021
396085,post_auger15_p1,0.4442,S,0.0,44,0.0,-4.350000000000021
396181,post_auger15_p1,0.4441,S,0.0,44,0.0,-4.45000000000001
396277,post_auger15_p1,0.4441,S,0.0,44,0.0,-4.45000000000001
396370,post_auger15_p1,0.4441,S,0.0,44,0.0,-4.45000000000001
396466,post_auger15_p1,0.4438,U,0.0,44,0.0,-4.750000000000032
396562,post_auger15_p1,0.4438,U,0.0,44,0.0,-4.750000000000032
396658,post_auger15_p1,0.4438,U,0.0,44,0.0,-4.750000000000032
396753,post_auger15_p1,0.4437,U,0.0,44,0.0,-4.850000000000021
396849,post_auger15_p1,0.4437,U,0.0,44,0.0,-4.850000000000021
396945,post_auger15_p1,0.4436,U,0.0,44,0.0,-4.95000000000001
397041,post_auger15_p1,0.4436,U,0.0,44,0.0,-4.95000000000001
397137,post_auger15_p1,0.4436,U,0.0,44,0.0,-4.95000000000001
397233,post_auger15_p1,0.4435,U,0.0,44,0.0,-5.049999999999999
397327,post_auger15_p1,0.4435,U,0.0,44,0.0,-5.049999999999999
397422,post_auger15_p1,0.4435,S,0.0,44,0.0,-5.049999999999999
397518,post_auger15_p1,0.4435,S,0.0,44,0.0,-5.049999999999999
397614,post_auger15_p1,0.4434,U,0.0,44,0.0,-5.149999999999988
397710,post_auger15_p1,0.4434,S,0.0,44,0.0,-5.149999999999988
397806,post_auger15_p1,0.4434,S,0.0,44,0.0,-5.149999999999988
397902,post_auger15_p1,0.4434,S,0.0,44,0.0,-5.149999999999988
397997,post_auger15_p1,0.4434,S,0.0,44,0.0,-5.149999999999988
398093,post_auger15_p1,0.4434,S,0.0,44,0.0,-5.149999999999988
398187,post_auger15_p1,0.4433,S,0.0,44,0.0,-5.249999999999977
398283,post_auger15_p1,0.4433,S,0.0,44,0.0,-5.249999999999977
398379,post_auger15_p1,0.4432,U,0.0,44,0.0,-5.350000000000021
398475,post_auger15_p1,0.4432,U,0.0,44,0.0,-5.350000000000021
398571,post_auger15_p1,0.4431,U,0.0,44,0.0,-5.45000000000001
398666,post_auger15_p1,0.4431,U,0.0,44,0.0,-5.45000000000001
398762,post_auger15_p1,0.4431,U,0.0,44,0.0,-5.45000000000001
398858,post_auger15_p1,0.443,U,0.0,44,0.0,-5.549999999999999
398954,post_auger15_p1,0.443,U,0.0,44,0.0,-5.549999999999999
399048,post_auger15_p1,0.4429,U,0.0,44,0.0,-5.649999999999988
399144,post_auger15_p1,0.4429,U,0.0,44,0.0,-5.649999999999988
399239,post_auger15_p1,0.4429,U,0.0,44,0.0,-5.649999999999988
399335,post_auger15_p1,0.4428,U,0.0,44,0.0,-5.749999999999977
399431,post_auger15_p1,0.4427,U,0.0,44,0.0,-5.850000000000022
399527,post_auger15_p1,0.4427,U,0.0,44,0.0,-5.850000000000022
399623,post_auger15_p1,0.4426,U,0.0,44,0.0,-5.950000000000011
399719,post_auger15_p1,0.4426,U,0.0,44,0.0,-5.950000000000011
399815,post_auger15_p1,0.4426,U,0.0,44,0.0,-5.950000000000011
399911,post_auger15_p1,0.4425,U,0.0,44,0.0,-6.05
400004,post_auger15_p1,0.4425,U,0.0,44,0.0,-6.05
400100,post_auger15_p1,0.4424,U,0.0,44,0.0,-6.149999999999989
400207,post_auger15_p1,0.4424,U,0.0,44,0.0,-6.149999999999989
400388,post_auger15_p1,0.4424,S,0.0,44,0.0,-6.149999999999989
400483,post_auger15_p1,0.4423,U,0.0,44,0.0,-6.249999999999978
400579,post_auger15_p1,0.4423,S,0.0,44,0.0,-6.249999999999978
400675,post_auger15_p1,0.4422,U,0.0,44,0.0,-6.350000000000023
400771,post_auger15_p1,0.4422,U,0.0,44,0.0,-6.350000000000023
400865,post_auger15_p1,0.4421,U,0.0,44,0.0,-6.450000000000012
400961,post_auger15_p1,0.4421,U,0.0,44,0.0,-6.450000000000012
401057,post_auger15_p1,0.442,U,0.0,44,0.0,-6.550000000000001
401152,post_auger15_p1,0.442,U,0.0,44,0.0,-6.550000000000001
401248,post_auger15_p1,0.4419,U,0.0,44,0.0,-6.64999999999999
401344,post_auger15_p1,0.4419,U,0.0,44,0.0,-6.64999999999999
401440,post_auger15_p1,0.4418,U,0.0,44,0.0,-6.749999999999979
401536,post_auger15_p1,0.4418,U,0.0,44,0.0,-6.749999999999979
401632,post_auger15_p1,0.4417,U,0.0,44,0.0,-6.850000000000023
401725,post_auger15_p1,0.4417,U,0.0,44,0.0,-6.850000000000023
401821,post_auger15_p1,0.4416,U,0.0,44,0.0,-6.950000000000012
401917,post_auger15_p1,0.4416,U,0.0,44,0.0,-6.950000000000012
402013,post_auger15_p1,0.4415,U,0.0,44,0.0,-7.050000000000001
402109,post_auger15_p1,0.4414,U,0.0,44,0.0,-7.14999999999999
402205,post_auger15_p1,0.4414,U,0.0,44,0.0,-7.14999999999999
402301,post_auger15_p1,0.4414,U,0.0,44,0.0,-7.14999999999999
402396,post_auger15_p1,0.4413,U,0.0,44,0.0,-7.249999999999979
402492,post_auger15_p1,0.4413,U,0.0,44,0.0,-7.249999999999979
402588,post_auger15_p1,0.4413,S,0.0,44,0.0,-7.249999999999979
402682,post_auger15_p1,0.4412,U,0.0,44,0.0,-7.350000000000023
402778,post_auger15_p1,0.4412,U,0.0,44,0.0,-7.350000000000023
402874,post_auger15_p1,0.4412,S,0.0,44,0.0,-7.350000000000023
402970,post_auger15_p1,0.4412,S,0.0,44,0.0,-7.350000000000023
403065,post_auger15_p1,0.4412,S,0.0,44,0.0,-7.350000000000023
403161,post_auger15_p1,0.4412,S,0.0,44,0.0,-7.350000000000023
403257,post_auger15_p1,0.4412,S,0.0,44,0.0,-7.350000000000023
403353,post_auger15_p1,0.4412,S,0.0,44,0.0,-7.350000000000023
403449,post_auger15_p1,0.4412,S,0.0,44,0.0,-7.350000000000023
403542,post_auger15_p1,0.4412,S,0.0,44,0.0,-7.350000000000023
403638,post_auger15_p1,0.4412,S,0.0,44,0.0,-7.350000000000023
403734,post_auger15_p1,0.4412,S,0.0,44,0.0,-7.350000000000023
403830,post_auger15_p1,0.4412,S,0.0,44,0.0,-7.350000000000023
403926,post_auger15_p1,0.4412,S,0.0,44,0.0,-7.350000000000023
404022,post_auger15_p1,0.4412,S,0.0,44,0.0,-7.350000000000023
404118,post_auger15_p1,0.4412,S,0.0,44,0.0,-7.350000000000023
404214,post_auger15_p1,0.4412,S,0.0,44,0.0,-7.350000000000023
404309,post_auger15_p1,0.4412,S,0.0,44,0.0,-7.350000000000023
404404,post_auger15_p1,0.4412,S,0.0,44,0.0,-7.350000000000023
404499,post_auger15_p1,0.4412,S,0.0,44,0.0,-7.350000000000023
404595,post_auger15_p1,0.4413,S,0.0,44,0.0,-7.249999999999979
404691,post_auger15_p1,0.4413,S,0.0,44,0.0,-7.249999999999979
404787,post_auger15_p1,0.4413,S,0.0,44,0.0,-7.249999999999979
404883,post_auger15_p1,0.4413,S,0.0,44,0.0,-7.249999999999979
404979,post_auger15_p1,0.4413,S,0.0,44,0.0,-7.249999999999979
405075,post_auger15_p1,0.4413,S,0.0,44,0.0,-7.249999999999979
405170,post_auger15_p1,0.4413,S,0.0,44,0.0,-7.249999999999979
405264,post_auger15_p1,0.4413,S,0.0,44,0.0,-7.249999999999979
405360,post_auger15_p1,0.4412,S,0.0,44,0.0,-7.350000000000023
405456,post_auger15_p1,0.4412,S,0.0,44,0.0,-7.350000000000023
405552,post_auger15_p1,0.4412,S,0.0,44,0.0,-7.350000000000023
405648,post_auger15_p1,0.4412,S,0.0,44,0.0,-7.350000000000023
405743,post_auger15_p1,0.4412,S,0.0,44,0.0,-7.350000000000023
405839,post_auger15_p1,0.4412,S,0.0,44,0.0,-7.350000000000023
405935,post_auger15_p1,0.4412,S,0.0,44,0.0,-7.350000000000023
406031,post_auger15_p1,0.4412,S,0.0,44,0.0,-7.350000000000023
406127,post_auger15_p1,0.4412,S,0.0,44,0.0,-7.350000000000023
406221,post_auger15_p1,0.4412,S,0.0,44,0.0,-7.350000000000023
406317,post_auger15_p1,0.4412,S,0.0,44,0.0,-7.350000000000023
406412,post_auger15_p1,0.4412,S,0.0,44,0.0,-7.350000000000023
406508,post_auger15_p1,0.4412,S,0.0,44,0.0,-7.350000000000023
406604,post_auger15_p1,0.4412,S,0.0,44,0.0,-7.350000000000023
406700,post_auger15_p1,0.4412,S,0.0,44,0.0,-7.350000000000023
406796,post_auger15_p1,0.4412,S,0.0,44,0.0,-7.350000000000023
406892,post_auger15_p1,0.4412,S,0.0,44,0.0,-7.350000000000023
406988,post_auger15_p1,0.4412,S,0.0,44,0.0,-7.350000000000023
407082,post_auger15_p1,0.4412,S,0.0,44,0.0,-7.350000000000023
407178,auger30_p1,0.4412,S,30.0,44,0.0,-7.350000000000023
407273,auger30_p1,0.4412,S,30.0,44,0.0,-7.350000000000023
407369,auger30_p1,0.4412,S,30.0,44,0.0,-7.350000000000023
407465,auger30_p1,0.4412,S,30.0,44,0.0,-7.350000000000023
407561,auger30_p1,0.4412,S,30.0,44,0.0,-7.350000000000023
407657,auger30_p1,0.4412,S,30.0,44,0.0,-7.350000000000023
407753,auger30_p1,0.4412,S,30.0,44,0.0,-7.350000000000023
407849,auger30_p1,0.4412,S,30.0,44,0.0,-7.350000000000023
407942,auger30_p1,0.4415,U,30.0,44,0.0,-7.050000000000001
408037,auger30_p1,0.4415,U,30.0,44,0.0,-7.050000000000001
408133,auger30_p1,0.4414,U,30.0,44,0.0,-7.14999999999999
408229,auger30_p1,0.4412,U,30.0,44,0.0,-7.350000000000023
408325,auger30_p1,0.4349,U,30.0,44,0.0,-13.649999999999995
408420,auger30_p1,0.4324,U,30.0,44,0.0,-16.15
408516,auger30_p1,0.4316,U,30.0,44,0.0,-16.95000000000002
408612,auger30_p1,0.4329,U,30.0,44,0.0,-15.649999999999997
408708,auger30_p1,0.4352,U,30.0,44,0.0,-13.350000000000028
408804,auger30_p1,0.4366,U,30.0,44,0.0,-11.950000000000017
408898,auger30_p1,0.4363,U,30.0,44,0.0,-12.249999999999982
408993,auger30_p1,0.4356,U,30.0,44,0.0,-12.950000000000017
409089,auger30_p1,0.435,U,30.0,44,0.0,-13.550000000000006
409185,auger30_p1,0.4346,U,30.0,44,0.0,-13.950000000000017
409281,auger30_p1,0.4347,U,30.0,44,0.0,-13.85000000000003
409377,auger30_p1,0.4351,U,30.0,44,0.0,-13.450000000000017
409473,auger30_p1,0.4398,U,30.0,44,0.0,-8.74999999999998
409569,auger30_p1,0.4414,U,30.0,44,0.0,-7.14999999999999
409664,auger30_p1,0.4422,U,30.0,44,0.0,-6.350000000000023
409758,auger30_p1,0.4428,U,30.0,44,0.0,-5.749999999999977
409854,auger30_p1,0.4432,U,30.0,44,0.0,-5.350000000000021
409950,auger30_p1,0.4432,U,30.0,44,0.0,-5.350000000000021
410046,auger30_p1,0.4426,U,30.0,44,0.0,-5.950000000000011
410142,auger30_p1,0.442,U,30.0,44,0.0,-6.550000000000001
410237,auger30_p1,0.4412,U,30.0,44,0.0,-7.350000000000023
410333,auger30_p1,0.4374,U,30.0,44,0.0,-11.149999999999993
410429,auger30_p1,0.4351,U,30.0,44,0.0,-13.450000000000017
410525,auger30_p1,0.4338,U,30.0,44,0.0,-14.749999999999986
410619,auger30_p1,0.4344,U,30.0,44,0.0,-14.149999999999995
410715,auger30_p1,0.436,U,30.0,44,0.0,-12.550000000000006
410810,auger30_p1,0.4372,U,30.0,44,0.0,-11.350000000000026
410907,auger30_p1,0.4372,U,30.0,44,0.0,-11.350000000000026
411002,auger30_p1,0.4372,U,30.0,44,0.0,-11.350000000000026
411098,auger30_p1,0.4384,U,30.0,44,0.0,-10.149999999999991
411194,auger30_p1,0.4414,U,30.0,44,0.0,-7.14999999999999
411290,auger30_p1,0.4448,U,30.0,44,0.0,-3.750000000000031
411386,auger30_p1,0.4466,U,30.0,44,0.0,-1.9500000000000073
411481,auger30_p1,0.4459,U,30.0,44,0.0,-2.6499999999999857
411575,auger30_p1,0.4441,U,30.0,44,0.0,-4.45000000000001
411671,auger30_p1,0.4424,U,30.0,44,0.0,-6.149999999999989
411767,auger30_p1,0.4412,U,30.0,44,0.0,-7.350000000000023
411874,auger30_p1,0.44,U,30.0,44,0.0,-8.550000000000002
412054,auger30_p1,0.4391,U,30.0,44,0.0,-9.450000000000014
412150,auger30_p1,0.44,U,30.0,44,0.0,-8.550000000000002
412246,auger30_p1,0.4407,U,30.0,44,0.0,-7.850000000000024
412342,auger30_p1,0.4404,U,30.0,44,0.0,-8.149999999999991
412436,auger30_p1,0.4398,U,30.0,44,0.0,-8.74999999999998
412532,auger30_p1,0.4392,U,30.0,44,0.0,-9.350000000000025
412628,auger30_p1,0.4387,U,30.0,44,0.0,-9.850000000000026
412723,auger30_p1,0.4371,U,30.0,44,0.0,-11.450000000000015
412819,auger30_p1,0.4371,U,30.0,44,0.0,-11.450000000000015
412915,auger30_p1,0.4364,U,30.0,44,0.0,-12.149999999999995
413011,auger30_p1,0.436,U,30.0,44,0.0,-12.550000000000006
413107,auger30_p1,0.4359,U,30.0,44,0.0,-12.649999999999995
413203,auger30_p1,0.4362,U,30.0,44,0.0,-12.350000000000028
413297,auger30_p1,0.4371,U,30.0,44,0.0,-11.450000000000015
413392,auger30_p1,0.4442,U,30.0,44,0.0,-4.350000000000021
413488,auger30_p1,0.4461,U,30.0,44,0.0,-2.4500000000000077
413584,auger30_p1,0.4456,U,30.0,44,0.0,-2.950000000000008
413680,auger30_p1,0.4434,U,30.0,44,0.0,-5.149999999999988
413776,auger30_p1,0.4416,U,30.0,44,0.0,-6.950000000000012
413872,auger30_p1,0.4413,U,30.0,44,0.0,-7.249999999999979
413967,auger30_p1,0.442,U,30.0,44,0.0,-6.550000000000001
414063,auger30_p1,0.4426,U,30.0,44,0.0,-5.950000000000011
414159,auger30_p1,0.4422,U,30.0,44,0.0,-6.350000000000023
414253,auger30_p1,0.4414,U,30.0,44,0.0,-7.14999999999999
414349,auger30_p1,0.4403,U,30.0,44,0.0,-8.249999999999979
414445,auger30_p1,0.4354,U,30.0,44,0.0,-13.149999999999995
414540,auger30_p1,0.4338,U,30.0,44,0.0,-14.749999999999986
414636,auger30_p1,0.4341,U,30.0,44,0.0,-14.450000000000019
414732,auger30_p1,0.436,U,30.0,44,0.0,-12.550000000000006
414828,auger30_p1,0.4384,U,30.0,44,0.0,-10.149999999999991
414924,auger30_p1,0.4393,U,30.0,44,0.0,-9.24999999999998
415020,auger30_p1,0.4407,U,30.0,44,0.0,-7.850000000000024
415113,auger30_p1,0.4412,U,30.0,44,0.0,-7.350000000000023
415210,auger30_p1,0.4427,U,30.0,44,0.0,-5.850000000000022
415305,auger30_p1,0.4451,U,30.0,44,0.0,-3.4500000000000086
415401,auger30_p1,0.4467,U,30.0,44,0.0,-1.8500000000000183
415497,auger30_p1,0.4459,U,30.0,44,0.0,-2.6499999999999857
415593,auger30_p1,0.4435,U,30.0,44,0.0,-5.049999999999999
415689,auger30_p1,0.4415,U,30.0,44,0.0,-7.050000000000001
415785,auger30_p1,0.4414,U,30.0,44,0.0,-7.14999999999999
415880,auger30_p1,0.4429,U,30.0,44,0.0,-5.649999999999988
415974,auger30_p1,0.4442,U,30.0,44,0.0,-4.350000000000021
416070,auger30_p1,0.4442,U,30.0,44,0.0,-4.350000000000021
416166,auger30_p1,0.4437,U,30.0,44,0.0,-4.850000000000021
416262,auger30_p1,0.4431,U,30.0,44,0.0,-5.45000000000001
416358,auger30_p1,0.4425,U,30.0,44,0.0,-6.05
416454,auger30_p1,0.4423,U,30.0,44,0.0,-6.249999999999978
416549,auger30_p1,0.4424,U,30.0,44,0.0,-6.149999999999989
416645,auger30_p1,0.4428,U,30.0,44,0.0,-5.749999999999977
416741,auger30_p1,0.4486,U,30.0,44,0.0,0.04999999999999449
416837,auger30_p1,0.4509,U,30.0,44,0.0,2.3500000000000187
416931,auger30_p1,0.4515,U,30.0,44,0.0,2.950000000000008
417026,auger30_p1,0.4497,U,30.0,44,0.0,1.1499999999999844
417122,auger30_p1,0.4467,U,30.0,44,0.0,-1.8500000000000183
417218,auger30_p1,0.4443,U,30.0,44,0.0,-4.250000000000032
417314,auger30_p1,0.4439,U,30.0,44,0.0,-4.649999999999988
417410,auger30_p1,0.4457,U,30.0,44,0.0,-2.850000000000019
417506,auger30_p1,0.4486,U,30.0,44,0.0,0.04999999999999449
417602,auger30_p1,0.4505,U,30.0,44,0.0,1.9500000000000073
417698,auger30_p1,0.4496,U,30.0,44,0.0,1.0499999999999954
417791,auger30_p1,0.4456,U,30.0,44,0.0,-2.950000000000008
417887,auger30_p1,0.4406,U,30.0,44,0.0,-7.950000000000013
417983,auger30_p1,0.4371,U,30.0,44,0.0,-11.450000000000015
418079,auger30_p1,0.4363,U,30.0,44,0.0,-12.249999999999982
418175,auger30_p1,0.4372,U,30.0,44,0.0,-11.350000000000026
418271,auger30_p1,0.4378,U,30.0,44,0.0,-10.749999999999982
418366,auger30_p1,0.4373,U,30.0,44,0.0,-11.249999999999982
418462,auger30_p1,0.4362,U,30.0,44,0.0,-12.350000000000028
418558,auger30_p1,0.4362,U,30.0,44,0.0,-12.350000000000028
418652,auger30_p1,0.4365,U,30.0,44,0.0,-12.050000000000004
418748,auger30_p1,0.4369,U,30.0,44,0.0,-11.649999999999993
418844,auger30_p1,0.437,U,30.0,44,0.0,-11.550000000000004
418940,auger30_p1,0.4368,U,30.0,44,0.0,-11.749999999999982
419035,auger30_p1,0.4365,U,30.0,44,0.0,-12.050000000000004
419131,auger30_p1,0.4363,U,30.0,44,0.0,-12.249999999999982
419227,auger30_p1,0.4365,U,30.0,44,0.0,-12.050000000000004
419323,auger30_p1,0.4368,U,30.0,44,0.0,-11.749999999999982
419419,auger30_p1,0.4424,U,30.0,44,0.0,-6.149999999999989
419513,auger30_p1,0.4441,U,30.0,44,0.0,-4.45000000000001
419608,auger30_p1,0.4452,U,30.0,44,0.0,-3.3500000000000196
419704,auger30_p1,0.4459,U,30.0,44,0.0,-2.6499999999999857
419800,auger30_p1,0.4459,U,30.0,44,0.0,-2.6499999999999857
419896,auger30_p1,0.445,U,30.0,44,0.0,-3.5499999999999976
419992,auger30_p1,0.4438,U,30.0,44,0.0,-4.750000000000032
420088,auger30_p1,0.4433,U,30.0,44,0.0,-5.249999999999977
420184,auger30_p1,0.4431,U,30.0,44,0.0,-5.45000000000001
420279,auger30_p1,0.4426,U,30.0,44,0.0,-5.950000000000011
420375,auger30_p1,0.4421,U,30.0,44,0.0,-6.450000000000012
420469,auger30_p1,0.4416,U,30.0,44,0.0,-6.950000000000012
420565,auger30_p1,0.441,U,30.0,44,0.0,-7.550000000000001
420661,auger30_p1,0.4391,U,30.0,44,0.0,-9.450000000000014
420757,auger30_p1,0.4387,U,30.0,44,0.0,-9.850000000000026
420852,auger30_p1,0.4382,U,30.0,44,0.0,-10.350000000000026
420948,auger30_p1,0.4373,U,30.0,44,0.0,-11.249999999999982
421044,auger30_p1,0.4364,U,30.0,44,0.0,-12.149999999999995
421140,auger30_p1,0.4364,U,30.0,44,0.0,-12.149999999999995
421236,auger30_p1,0.4371,U,30.0,44,0.0,-11.450000000000015
421330,auger30_p1,0.4383,U,30.0,44,0.0,-10.249999999999982
421425,auger30_p1,0.444,U,30.0,44,0.0,-4.549999999999999
421521,auger30_p1,0.4467,U,30.0,44,0.0,-1.8500000000000183
421617,auger30_p1,0.4479,U,30.0,44,0.0,-0.6499999999999839
421713,auger30_p1,0.4472,U,30.0,44,0.0,-1.3500000000000179
421809,auger30_p1,0.445,U,30.0,44,0.0,-3.5499999999999976
421905,auger30_p1,0.4424,U,30.0,44,0.0,-6.149999999999989
422001,auger30_p1,0.4407,U,30.0,44,0.0,-7.850000000000024
422096,auger30_p1,0.4406,U,30.0,44,0.0,-7.950000000000013
422190,post_auger30_p1,0.4414,U,0.0,44,0.0,-7.14999999999999
422286,post_auger30_p1,0.4416,U,0.0,44,0.0,-6.950000000000012
422382,post_auger30_p1,0.4404,U,0.0,44,0.0,-8.149999999999991
422478,post_auger30_p1,0.4394,U,0.0,44,0.0,-9.149999999999991
422574,post_auger30_p1,0.4386,U,0.0,44,0.0,-9.950000000000014
422669,post_auger30_p1,0.4373,U,0.0,44,0.0,-11.249999999999982
422765,post_auger30_p1,0.4389,U,0.0,44,0.0,-9.649999999999991
422861,post_auger30_p1,0.4413,U,0.0,44,0.0,-7.249999999999979
422957,post_auger30_p1,0.4438,U,0.0,44,0.0,-4.750000000000032
423053,post_auger30_p1,0.4458,U,0.0,44,0.0,-2.75000000000003
423147,post_auger30_p1,0.447,U,0.0,44,0.0,-1.5499999999999958
423248,post_auger30_p1,0.4475,U,0.0,44,0.0,-1.0499999999999954
423338,post_auger30_p1,0.4477,U,0.0,44,0.0,-0.8500000000000174
423434,post_auger30_p1,0.4478,U,0.0,44,0.0,-0.7500000000000284
423530,post_auger30_p1,0.4479,U,0.0,44,0.0,-0.6499999999999839
423626,post_auger30_p1,0.448,U,0.0,44,0.0,-0.5499999999999949
423722,post_auger30_p1,0.4481,U,0.0,44,0.0,-0.45000000000000595
423818,post_auger30_p1,0.4482,U,0.0,44,0.0,-0.35000000000001696
423913,post_auger30_p1,0.4483,U,0.0,44,0.0,-0.250000000000028
424007,post_auger30_p1,0.4483,U,0.0,44,0.0,-0.250000000000028
424103,post_auger30_p1,0.4484,U,0.0,44,0.0,-0.14999999999998348
424199,post_auger30_p1,0.4484,U,0.0,44,0.0,-0.14999999999998348
424295,post_auger30_p1,0.4484,U,0.0,44,0.0,-0.14999999999998348
424391,post_auger30_p1,0.4484,S,0.0,44,0.0,-0.14999999999998348
424487,post_auger30_p1,0.4485,U,0.0,44,0.0,-0.04999999999999449
424583,post_auger30_p1,0.4485,S,0.0,44,0.0,-0.04999999999999449
424678,post_auger30_p1,0.4485,S,0.0,44,0.0,-0.04999999999999449
424774,post_auger30_p1,0.4486,U,0.0,44,0.0,0.04999999999999449
424868,post_auger30_p1,0.4486,U,0.0,44,0.0,0.04999999999999449
424964,post_auger30_p1,0.4486,S,0.0,44,0.0,0.04999999999999449
425060,post_auger30_p1,0.4486,S,0.0,44,0.0,0.04999999999999449
425156,post_auger30_p1,0.4486,S,0.0,44,0.0,0.04999999999999449
425252,post_auger30_p1,0.4486,S,0.0,44,0.0,0.04999999999999449
425347,post_auger30_p1,0.4486,S,0.0,44,0.0,0.04999999999999449
425444,post_auger30_p1,0.4487,S,0.0,44,0.0,0.14999999999998348
425539,post_auger30_p1,0.4487,S,0.0,44,0.0,0.14999999999998348
425635,post_auger30_p1,0.4488,U,0.0,44,0.0,0.24999999999997247
425731,post_auger30_p1,0.4488,U,0.0,44,0.0,0.24999999999997247
425825,post_auger30_p1,0.4488,U,0.0,44,0.0,0.24999999999997247
425921,post_auger30_p1,0.4489,U,0.0,44,0.0,0.35000000000001696
426017,post_auger30_p1,0.4489,U,0.0,44,0.0,0.35000000000001696
426112,post_auger30_p1,0.4489,S,0.0,44,0.0,0.35000000000001696
426208,post_auger30_p1,0.4489,S,0.0,44,0.0,0.35000000000001696
426304,post_auger30_p1,0.4489,S,0.0,44,0.0,0.35000000000001696
426400,post_auger30_p1,0.4488,S,0.0,44,0.0,0.24999999999997247
426496,post_auger30_p1,0.4488,S,0.0,44,0.0,0.24999999999997247
426592,post_auger30_p1,0.4488,S,0.0,44,0.0,0.24999999999997247
426685,post_auger30_p1,0.4488,S,0.0,44,0.0,0.24999999999997247
426781,post_auger30_p1,0.4488,S,0.0,44,0.0,0.24999999999997247
426877,post_auger30_p1,0.4488,S,0.0,44,0.0,0.24999999999997247
426973,post_auger30_p1,0.4488,S,0.0,44,0.0,0.24999999999997247
427069,post_auger30_p1,0.4488,S,0.0,44,0.0,0.24999999999997247
427165,post_auger30_p1,0.4488,S,0.0,44,0.0,0.24999999999997247
427261,post_auger30_p1,0.4488,S,0.0,44,0.0,0.24999999999997247
427356,post_auger30_p1,0.4488,S,0.0,44,0.0,0.24999999999997247
427452,post_auger30_p1,0.4488,S,0.0,44,0.0,0.24999999999997247
427546,post_auger30_p1,0.4488,S,0.0,44,0.0,0.24999999999997247
427642,post_auger30_p1,0.4488,S,0.0,44,0.0,0.24999999999997247
427738,post_auger30_p1,0.4488,S,0.0,44,0.0,0.24999999999997247
427834,post_auger30_p1,0.4488,S,0.0,44,0.0,0.24999999999997247
427930,post_auger30_p1,0.4488,S,0.0,44,0.0,0.24999999999997247
428026,post_auger30_p1,0.4488,S,0.0,44,0.0,0.24999999999997247
428121,post_auger30_p1,0.4489,S,0.0,44,0.0,0.35000000000001696
428217,post_auger30_p1,0.4489,S,0.0,44,0.0,0.35000000000001696
428313,post_auger30_p1,0.4493,U,0.0,44,0.0,0.7499999999999729
428409,post_auger30_p1,0.4493,U,0.0,44,0.0,0.7499999999999729
428503,post_auger30_p1,0.4494,U,0.0,44,0.0,0.8500000000000174
428598,post_auger30_p1,0.4494,U,0.0,44,0.0,0.8500000000000174
428694,post_auger30_p1,0.4495,U,0.0,44,0.0,0.9500000000000064
428790,post_auger30_p1,0.4495,U,0.0,44,0.0,0.9500000000000064
428886,post_auger30_p1,0.4495,U,0.0,44,0.0,0.9500000000000064
428982,post_auger30_p1,0.4495,S,0.0,44,0.0,0.9500000000000064
429078,post_auger30_p1,0.4495,S,0.0,44,0.0,0.9500000000000064
429173,post_auger30_p1,0.4495,S,0.0,44,0.0,0.9500000000000064
429269,post_auger30_p1,0.4496,S,0.0,44,0.0,1.0499999999999954
429363,post_auger30_p1,0.4496,S,0.0,44,0.0,1.0499999999999954
429459,post_auger30_p1,0.4496,S,0.0,44,0.0,1.0499999999999954
429555,post_auger30_p1,0.4496,S,0.0,44,0.0,1.0499999999999954
429651,post_auger30_p1,0.4496,S,0.0,44,0.0,1.0499999999999954
429746,post_auger30_p1,0.4496,S,0.0,44,0.0,1.0499999999999954
429842,post_auger30_p1,0.4496,S,0.0,44,0.0,1.0499999999999954
429938,post_auger30_p1,0.4496,S,0.0,44,0.0,1.0499999999999954
430034,post_auger30_p1,0.4496,S,0.0,44,0.0,1.0499999999999954
430130,post_auger30_p1,0.4496,S,0.0,44,0.0,1.0499999999999954
430224,post_auger30_p1,0.4496,S,0.0,44,0.0,1.0499999999999954
430320,post_auger30_p1,0.4496,S,0.0,44,0.0,1.0499999999999954
430416,post_auger30_p1,0.4496,S,0.0,44,0.0,1.0499999999999954
430511,post_auger30_p1,0.4496,S,0.0,44,0.0,1.0499999999999954
430607,post_auger30_p1,0.4496,S,0.0,44,0.0,1.0499999999999954
430703,post_auger30_p1,0.4496,S,0.0,44,0.0,1.0499999999999954
430799,post_auger30_p1,0.4496,S,0.0,44,0.0,1.0499999999999954
430895,post_auger30_p1,0.4496,S,0.0,44,0.0,1.0499999999999954
430991,post_auger30_p1,0.4496,S,0.0,44,0.0,1.0499999999999954
431085,post_auger30_p1,0.4496,S,0.0,44,0.0,1.0499999999999954
431180,post_auger30_p1,0.4496,S,0.0,44,0.0,1.0499999999999954
431276,post_auger30_p1,0.4495,S,0.0,44,0.0,0.9500000000000064
431372,post_auger30_p1,0.4495,S,0.0,44,0.0,0.9500000000000064
431468,post_auger30_p1,0.4495,S,0.0,44,0.0,0.9500000000000064
431564,post_auger30_p1,0.4495,S,0.0,44,0.0,0.9500000000000064
431660,post_auger30_p1,0.4495,S,0.0,44,0.0,0.9500000000000064
431756,post_auger30_p1,0.4495,S,0.0,44,0.0,0.9500000000000064
431851,post_auger30_p1,0.4495,S,0.0,44,0.0,0.9500000000000064
431947,post_auger30_p1,0.4495,S,0.0,44,0.0,0.9500000000000064
432041,post_auger30_p1,0.4495,S,0.0,44,0.0,0.9500000000000064
432137,post_auger30_p1,0.4494,S,0.0,44,0.0,0.8500000000000174
432233,post_auger30_p1,0.4494,S,0.0,44,0.0,0.8500000000000174
432329,post_auger30_p1,0.4494,S,0.0,44,0.0,0.8500000000000174
432425,post_auger30_p1,0.4494,S,0.0,44,0.0,0.8500000000000174
432520,post_auger30_p1,0.4491,U,0.0,44,0.0,0.5499999999999949
432616,post_auger30_p1,0.4491,U,0.0,44,0.0,0.5499999999999949
432712,post_auger30_p1,0.4491,U,0.0,44,0.0,0.5499999999999949
432808,post_auger30_p1,0.449,U,0.0,44,0.0,0.45000000000000595
432901,post_auger30_p1,0.449,U,0.0,44,0.0,0.45000000000000595
432997,post_auger30_p1,0.449,S,0.0,44,0.0,0.45000000000000595
433093,post_auger30_p1,0.449,S,0.0,44,0.0,0.45000000000000595
433189,post_auger30_p1,0.449,S,0.0,44,0.0,0.45000000000000595
433285,post_auger30_p1,0.449,S,0.0,44,0.0,0.45000000000000595
433381,post_auger30_p1,0.449,S,0.0,44,0.0,0.45000000000000595
433476,post_auger30_p1,0.449,S,0.0,44,0.0,0.45000000000000595
433572,post_auger30_p1,0.449,S,0.0,44,0.0,0.45000000000000595
433668,post_auger30_p1,0.4489,S,0.0,44,0.0,0.35000000000001696
433762,post_auger30_p1,0.4489,S,0.0,44,0.0,0.35000000000001696
433858,post_auger30_p1,0.4489,S,0.0,44,0.0,0.35000000000001696
433954,post_auger30_p1,0.4489,S,0.0,44,0.0,0.35000000000001696
434050,post_auger30_p1,0.4489,S,0.0,44,0.0,0.35000000000001696
434146,post_auger30_p1,0.4489,S,0.0,44,0.0,0.35000000000001696
434241,post_auger30_p1,0.4489,S,0.0,44,0.0,0.35000000000001696
434337,post_auger30_p1,0.4489,S,0.0,44,0.0,0.35000000000001696
434433,post_auger30_p1,0.4489,S,0.0,44,0.0,0.35000000000001696
434529,post_auger30_p1,0.4489,S,0.0,44,0.0,0.35000000000001696
434625,post_auger30_p1,0.4489,S,0.0,44,0.0,0.35000000000001696
434719,post_auger30_p1,0.4489,S,0.0,44,0.0,0.35000000000001696
434815,post_auger30_p1,0.4489,S,0.0,44,0.0,0.35000000000001696
434910,post_auger30_p1,0.4489,S,0.0,44,0.0,0.35000000000001696
435006,post_auger30_p1,0.4489,S,0.0,44,0.0,0.35000000000001696
435102,post_auger30_p1,0.4489,S,0.0,44,0.0,0.35000000000001696
435203,post_auger30_p1,0.4489,S,0.0,44,0.0,0.35000000000001696
435294,post_auger30_p1,0.4489,S,0.0,44,0.0,0.35000000000001696
435390,post_auger30_p1,0.4489,S,0.0,44,0.0,0.35000000000001696
435486,post_auger30_p1,0.4489,S,0.0,44,0.0,0.35000000000001696
435579,post_auger30_p1,0.4489,S,0.0,44,0.0,0.35000000000001696
435676,post_auger30_p1,0.4489,S,0.0,44,0.0,0.35000000000001696
435771,post_auger30_p1,0.4489,S,0.0,44,0.0,0.35000000000001696
435867,post_auger30_p1,0.4489,S,0.0,44,0.0,0.35000000000001696
435963,post_auger30_p1,0.4489,S,0.0,44,0.0,0.35000000000001696
436059,post_auger30_p1,0.4489,S,0.0,44,0.0,0.35000000000001696
436155,post_auger30_p1,0.4489,S,0.0,44,0.0,0.35000000000001696
436251,post_auger30_p1,0.449,S,0.0,44,0.0,0.45000000000000595
436346,post_auger30_p1,0.449,S,0.0,44,0.0,0.45000000000000595
436440,post_auger30_p1,0.449,S,0.0,44,0.0,0.45000000000000595
436536,post_auger30_p1,0.449,S,0.0,44,0.0,0.45000000000000595
436632,post_auger30_p1,0.449,S,0.0,44,0.0,0.45000000000000595
436728,post_auger30_p1,0.449,S,0.0,44,0.0,0.45000000000000595
436824,post_auger30_p1,0.449,S,0.0,44,0.0,0.45000000000000595
436920,post_auger30_p1,0.449,S,0.0,44,0.0,0.45000000000000595
437016,post_auger30_p1,0.449,S,0.0,44,0.0,0.45000000000000595
437112,post_auger30_p1,0.449,S,0.0,44,0.0,0.45000000000000595
437207,auger55_p1,0.449,S,55.0,44,0.0,0.45000000000000595
437303,auger55_p1,0.449,S,55.0,44,0.0,0.45000000000000595
437397,auger55_p1,0.449,S,55.0,44,0.0,0.45000000000000595
437493,auger55_p1,0.449,S,55.0,44,0.0,0.45000000000000595
437589,auger55_p1,0.449,S,55.0,44,0.0,0.45000000000000595
437685,auger55_p1,0.449,S,55.0,44,0.0,0.45000000000000595
437780,auger55_p1,0.449,S,55.0,44,0.0,0.45000000000000595
437875,auger55_p1,0.4432,U,55.0,44,0.0,-5.350000000000021
437971,auger55_p1,0.4385,U,55.0,44,0.0,-10.050000000000004
438067,auger55_p1,0.4335,U,55.0,44,0.0,-15.050000000000008
438163,auger55_p1,0.4303,U,55.0,44,0.0,-18.24999999999999
438257,auger55_p1,0.4308,U,55.0,44,0.0,-17.74999999999999
438352,auger55_p1,0.435,U,55.0,44,0.0,-13.550000000000006
438448,auger55_p1,0.4409,U,55.0,44,0.0,-7.64999999999999
438544,auger55_p1,0.4456,U,55.0,44,0.0,-2.950000000000008
438640,auger55_p1,0.4472,U,55.0,44,0.0,-1.3500000000000179
438736,auger55_p1,0.4459,U,55.0,44,0.0,-2.6499999999999857
438831,auger55_p1,0.4436,U,55.0,44,0.0,-4.95000000000001
438927,auger55_p1,0.4425,U,55.0,44,0.0,-6.05
439023,auger55_p1,0.4435,U,55.0,44,0.0,-5.049999999999999
439117,auger55_p1,0.4443,U,55.0,44,0.0,-4.250000000000032
439213,auger55_p1,0.4447,U,55.0,44,0.0,-3.85000000000002
439309,auger55_p1,0.4449,U,55.0,44,0.0,-3.6499999999999866
439405,auger55_p1,0.4453,U,55.0,44,0.0,-3.2500000000000306
439500,auger55_p1,0.4489,U,55.0,44,0.0,0.35000000000001696
439596,auger55_p1,0.4507,U,55.0,44,0.0,2.1499999999999853
439692,auger55_p1,0.4508,U,55.0,44,0.0,2.2499999999999742
439788,auger55_p1,0.449,U,55.0,44,0.0,0.45000000000000595
439884,auger55_p1,0.4465,U,55.0,44,0.0,-2.0499999999999963
439978,auger55_p1,0.4455,U,55.0,44,0.0,-3.049999999999997
440073,auger55_p1,0.4442,U,55.0,44,0.0,-4.350000000000021
440169,auger55_p1,0.4447,U,55.0,44,0.0,-3.85000000000002
440265,auger55_p1,0.4445,U,55.0,44,0.0,-4.049999999999998
440361,auger55_p1,0.4434,U,55.0,44,0.0,-5.149999999999988
440457,auger55_p1,0.4426,U,55.0,44,0.0,-5.950000000000011
440553,auger55_p1,0.4426,U,55.0,44,0.0,-5.950000000000011
440649,auger55_p1,0.4429,U,55.0,44,0.0,-5.649999999999988
440745,auger55_p1,0.4434,U,55.0,44,0.0,-5.149999999999988
440840,auger55_p1,0.444,U,55.0,44,0.0,-4.549999999999999
440934,auger55_p1,0.4475,U,55.0,44,0.0,-1.0499999999999954
441030,auger55_p1,0.4476,U,55.0,44,0.0,-0.9500000000000064
441126,auger55_p1,0.4466,U,55.0,44,0.0,-1.9500000000000073
441222,auger55_p1,0.4452,U,55.0,44,0.0,-3.3500000000000196
441318,auger55_p1,0.4447,U,55.0,44,0.0,-3.85000000000002
441413,auger55_p1,0.4446,U,55.0,44,0.0,-3.950000000000009
441509,auger55_p1,0.4448,U,55.0,44,0.0,-3.750000000000031
441605,auger55_p1,0.445,U,55.0,44,0.0,-3.5499999999999976
441701,auger55_p1,0.4451,U,55.0,44,0.0,-3.4500000000000086
441795,auger55_p1,0.445,U,55.0,44,0.0,-3.5499999999999976
441891,auger55_p1,0.445,U,55.0,44,0.0,-3.5499999999999976
441987,auger55_p1,0.4448,U,55.0,44,0.0,-3.750000000000031
442082,auger55_p1,0.4446,U,55.0,44,0.0,-3.950000000000009
442178,auger55_p1,0.441,U,55.0,44,0.0,-7.550000000000001
442274,auger55_p1,0.4409,U,55.0,44,0.0,-7.64999999999999
442370,auger55_p1,0.4433,U,55.0,44,0.0,-5.249999999999977
442466,auger55_p1,0.4449,U,55.0,44,0.0,-3.6499999999999866
442562,auger55_p1,0.4479,U,55.0,44,0.0,-0.6499999999999839
442655,auger55_p1,0.4465,U,55.0,44,0.0,-2.0499999999999963
442751,auger55_p1,0.4439,U,55.0,44,0.0,-4.649999999999988
442847,auger55_p1,0.4425,U,55.0,44,0.0,-6.05
442943,auger55_p1,0.4425,U,55.0,44,0.0,-6.05
443039,auger55_p1,0.4432,U,55.0,44,0.0,-5.350000000000021
443135,auger55_p1,0.4433,U,55.0,44,0.0,-5.249999999999977
443230,auger55_p1,0.4434,U,55.0,44,0.0,-5.149999999999988
443326,auger55_p1,0.4437,U,55.0,44,0.0,-4.850000000000021
443422,auger55_p1,0.4441,U,55.0,44,0.0,-4.45000000000001
443518,auger55_p1,0.4445,U,55.0,44,0.0,-4.049999999999998
443612,auger55_p1,0.4446,U,55.0,44,0.0,-3.950000000000009
443708,auger55_p1,0.4446,U,55.0,44,0.0,-3.950000000000009
443804,auger55_p1,0.4445,U,55.0,44,0.0,-4.049999999999998
443899,auger55_p1,0.4446,U,55.0,44,0.0,-3.950000000000009
443995,auger55_p1,0.4446,S,55.0,44,0.0,-3.950000000000009
444091,auger55_p1,0.4447,U,55.0,44,0.0,-3.85000000000002
444187,auger55_p1,0.4446,S,55.0,44,0.0,-3.950000000000009
444283,auger55_p1,0.4443,U,55.0,44,0.0,-4.250000000000032
444379,auger55_p1,0.4441,U,55.0,44,0.0,-4.45000000000001
444473,auger55_p1,0.4441,U,55.0,44,0.0,-4.45000000000001
444569,auger55_p1,0.4443,U,55.0,44,0.0,-4.250000000000032
444664,auger55_p1,0.4491,U,55.0,44,0.0,0.5499999999999949
444760,auger55_p1,0.4487,U,55.0,44,0.0,0.14999999999998348
444856,auger55_p1,0.448,U,55.0,44,0.0,-0.5499999999999949
444952,auger55_p1,0.4482,U,55.0,44,0.0,-0.35000000000001696
445048,auger55_p1,0.4494,U,55.0,44,0.0,0.8500000000000174
445142,auger55_p1,0.45,U,55.0,44,0.0,1.4500000000000068
445239,auger55_p1,0.4501,U,55.0,44,0.0,1.5499999999999958
445333,auger55_p1,0.4496,U,55.0,44,0.0,1.0499999999999954
445429,auger55_p1,0.4488,U,55.0,44,0.0,0.24999999999997247
445525,auger55_p1,0.4439,U,55.0,44,0.0,-4.649999999999988
445621,auger55_p1,0.4434,U,55.0,44,0.0,-5.149999999999988
445716,auger55_p1,0.443,U,55.0,44,0.0,-5.549999999999999
445812,auger55_p1,0.4419,U,55.0,44,0.0,-6.64999999999999
445908,auger55_p1,0.4403,U,55.0,44,0.0,-8.249999999999979
446004,auger55_p1,0.4391,U,55.0,44,0.0,-9.450000000000014
446100,auger55_p1,0.4386,U,55.0,44,0.0,-9.950000000000014
446196,auger55_p1,0.4387,U,55.0,44,0.0,-9.850000000000026
446289,auger55_p1,0.4389,U,55.0,44,0.0,-9.649999999999991
446385,auger55_p1,0.4393,U,55.0,44,0.0,-9.24999999999998
446480,auger55_p1,0.44,U,55.0,44,0.0,-8.550000000000002
446582,auger55_p1,0.441,U,55.0,44,0.0,-7.550000000000001
446673,auger55_p1,0.445,U,55.0,44,0.0,-3.5499999999999976
446769,auger55_p1,0.4453,U,55.0,44,0.0,-3.2500000000000306
446865,auger55_p1,0.4436,U,55.0,44,0.0,-4.95000000000001
446960,auger55_p1,0.4418,U,55.0,44,0.0,-6.749999999999979
447056,auger55_p1,0.4417,U,55.0,44,0.0,-6.850000000000023
447150,auger55_p1,0.4422,U,55.0,44,0.0,-6.350000000000023
447246,auger55_p1,0.4432,U,55.0,44,0.0,-5.350000000000021
447342,auger55_p1,0.4441,U,55.0,44,0.0,-4.45000000000001
447438,auger55_p1,0.448,U,55.0,44,0.0,-0.5499999999999949
447533,auger55_p1,0.4462,U,55.0,44,0.0,-2.3500000000000187
447630,auger55_p1,0.4437,U,55.0,44,0.0,-4.850000000000021
447725,auger55_p1,0.4429,U,55.0,44,0.0,-5.649999999999988
447821,auger55_p1,0.4422,U,55.0,44,0.0,-6.350000000000023
447917,auger55_p1,0.4443,U,55.0,44,0.0,-4.250000000000032
448011,auger55_p1,0.448,U,55.0,44,0.0,-0.5499999999999949
448107,auger55_p1,0.4524,U,55.0,44,0.0,3.85000000000002
448202,auger55_p1,0.4565,U,55.0,44,0.0,7.950000000000013
448298,auger55_p1,0.4591,U,55.0,44,0.0,10.550000000000004
448394,auger55_p1,0.4592,U,55.0,44,0.0,10.649999999999993
448490,auger55_p1,0.4567,U,55.0,44,0.0,8.149999999999991
448586,auger55_p1,0.4528,U,55.0,44,0.0,4.249999999999976
448682,auger55_p1,0.4497,U,55.0,44,0.0,1.1499999999999844
448777,auger55_p1,0.4487,U,55.0,44,0.0,0.14999999999998348
448873,auger55_p1,0.4494,U,55.0,44,0.0,0.8500000000000174
448967,auger55_p1,0.4504,U,55.0,44,0.0,1.8500000000000183
449063,auger55_p1,0.4512,U,55.0,44,0.0,2.6499999999999857
449159,auger55_p1,0.4519,U,55.0,44,0.0,3.3500000000000196
449255,auger55_p1,0.4523,U,55.0,44,0.0,3.7499999999999756
449351,auger55_p1,0.4527,U,55.0,44,0.0,4.149999999999987
449446,auger55_p1,0.4509,U,55.0,44,0.0,2.3500000000000187
449542,auger55_p1,0.4492,U,55.0,44,0.0,0.6499999999999839
449638,auger55_p1,0.4436,U,55.0,44,0.0,-4.95000000000001
449734,auger55_p1,0.4414,U,55.0,44,0.0,-7.14999999999999
449828,auger55_p1,0.4422,U,55.0,44,0.0,-6.350000000000023
449924,auger55_p1,0.4459,U,55.0,44,0.0,-2.6499999999999857
450020,auger55_p1,0.4497,U,55.0,44,0.0,1.1499999999999844
450115,auger55_p1,0.4513,U,55.0,44,0.0,2.7499999999999747
450211,auger55_p1,0.4507,U,55.0,44,0.0,2.1499999999999853
450307,auger55_p1,0.4501,U,55.0,44,0.0,1.5499999999999958
450403,auger55_p1,0.4513,U,55.0,44,0.0,2.7499999999999747
450499,auger55_p1,0.4539,U,55.0,44,0.0,5.350000000000021
450595,auger55_p1,0.4559,U,55.0,44,0.0,7.350000000000023
450689,auger55_p1,0.4555,U,55.0,44,0.0,6.950000000000012
450784,auger55_p1,0.4528,U,55.0,44,0.0,4.249999999999976
450880,auger55_p1,0.4501,U,55.0,44,0.0,1.5499999999999958
450976,auger55_p1,0.4497,U,55.0,44,0.0,1.1499999999999844
451072,auger55_p1,0.4506,U,55.0,44,0.0,2.0499999999999963
451168,auger55_p1,0.4521,U,55.0,44,0.0,3.5499999999999976
451263,auger55_p1,0.4523,U,55.0,44,0.0,3.7499999999999756
451360,auger55_p1,0.4517,U,55.0,44,0.0,3.149999999999986
451455,auger55_p1,0.4508,U,55.0,44,0.0,2.2499999999999742
451549,auger55_p1,0.4498,U,55.0,44,0.0,1.2499999999999734
451645,auger55_p1,0.4453,U,55.0,44,0.0,-3.2500000000000306
451741,auger55_p1,0.444,U,55.0,44,0.0,-4.549999999999999
451837,auger55_p1,0.4423,U,55.0,44,0.0,-6.249999999999978
451932,auger55_p1,0.4397,U,55.0,44,0.0,-8.850000000000025
452028,auger55_p1,0.4369,U,55.0,44,0.0,-11.649999999999993
452124,auger55_p1,0.4354,U,55.0,44,0.0,-13.149999999999995
452220,post_auger55_p1,0.4365,U,0.0,44,0.0,-12.050000000000004
452316,post_auger55_p1,0.4406,U,0.0,44,0.0,-7.950000000000013
452412,post_auger55_p1,0.4463,U,0.0,44,0.0,-2.2500000000000298
452505,post_auger55_p1,0.4511,U,0.0,44,0.0,2.5499999999999967
452601,post_auger55_p1,0.4532,U,0.0,44,0.0,4.649999999999988
452697,post_auger55_p1,0.4524,U,0.0,44,0.0,3.85000000000002
452793,post_auger55_p1,0.4502,U,0.0,44,0.0,1.6499999999999848
452889,post_auger55_p1,0.4486,U,0.0,44,0.0,0.04999999999999449
452985,post_auger55_p1,0.4487,U,0.0,44,0.0,0.14999999999998348
453081,post_auger55_p1,0.4495,U,0.0,44,0.0,0.9500000000000064
453177,post_auger55_p1,0.4503,U,0.0,44,0.0,1.7499999999999738
453272,post_auger55_p1,0.451,U,0.0,44,0.0,2.4500000000000077
453366,post_auger55_p1,0.4534,U,0.0,44,0.0,4.850000000000021
453462,post_auger55_p1,0.4534,U,0.0,44,0.0,4.850000000000021
453558,post_auger55_p1,0.4533,U,0.0,44,0.0,4.749999999999977
453654,post_auger55_p1,0.4534,U,0.0,44,0.0,4.850000000000021
453750,post_auger55_p1,0.4534,U,0.0,44,0.0,4.850000000000021
453845,post_auger55_p1,0.4534,S,0.0,44,0.0,4.850000000000021
453941,post_auger55_p1,0.4534,S,0.0,44,0.0,4.850000000000021
454037,post_auger55_p1,0.4535,U,0.0,44,0.0,4.95000000000001
454133,post_auger55_p1,0.4535,S,0.0,44,0.0,4.95000000000001
454227,post_auger55_p1,0.4535,S,0.0,44,0.0,4.95000000000001
454323,post_auger55_p1,0.4535,S,0.0,44,0.0,4.95000000000001
454419,post_auger55_p1,0.4535,S,0.0,44,0.0,4.95000000000001
454514,post_auger55_p1,0.4535,S,0.0,44,0.0,4.95000000000001
454611,post_auger55_p1,0.4534,S,0.0,44,0.0,4.850000000000021
454706,post_auger55_p1,0.4534,S,0.0,44,0.0,4.850000000000021
454802,post_auger55_p1,0.4534,S,0.0,44,0.0,4.850000000000021
454898,post_auger55_p1,0.4534,S,0.0,44,0.0,4.850000000000021
454994,post_auger55_p1,0.4533,U,0.0,44,0.0,4.749999999999977
455090,post_auger55_p1,0.4533,S,0.0,44,0.0,4.749999999999977
455184,post_auger55_p1,0.4533,S,0.0,44,0.0,4.749999999999977
455279,post_auger55_p1,0.4533,S,0.0,44,0.0,4.749999999999977
455375,post_auger55_p1,0.4533,S,0.0,44,0.0,4.749999999999977
455471,post_auger55_p1,0.4533,S,0.0,44,0.0,4.749999999999977
455567,post_auger55_p1,0.4533,S,0.0,44,0.0,4.749999999999977
455663,post_auger55_p1,0.4533,S,0.0,44,0.0,4.749999999999977
455759,post_auger55_p1,0.4533,S,0.0,44,0.0,4.749999999999977
455855,post_auger55_p1,0.4533,S,0.0,44,0.0,4.749999999999977
455950,post_auger55_p1,0.4533,S,0.0,44,0.0,4.749999999999977
456044,post_auger55_p1,0.4533,S,0.0,44,0.0,4.749999999999977
456140,post_auger55_p1,0.4533,S,0.0,44,0.0,4.749999999999977
456236,post_auger55_p1,0.4533,S,0.0,44,0.0,4.749999999999977
456332,post_auger55_p1,0.4533,S,0.0,44,0.0,4.749999999999977
456428,post_auger55_p1,0.4533,S,0.0,44,0.0,4.749999999999977
456524,post_auger55_p1,0.4534,S,0.0,44,0.0,4.850000000000021
456620,post_auger55_p1,0.4534,S,0.0,44,0.0,4.850000000000021
456715,post_auger55_p1,0.4534,S,0.0,44,0.0,4.850000000000021
456811,post_auger55_p1,0.4534,S,0.0,44,0.0,4.850000000000021
456905,post_auger55_p1,0.4534,S,0.0,44,0.0,4.850000000000021
457001,post_auger55_p1,0.4534,S,0.0,44,0.0,4.850000000000021
457097,post_auger55_p1,0.4534,S,0.0,44,0.0,4.850000000000021
457193,post_auger55_p1,0.4534,S,0.0,44,0.0,4.850000000000021
457289,post_auger55_p1,0.4534,S,0.0,44,0.0,4.850000000000021
457384,post_auger55_p1,0.4535,S,0.0,44,0.0,4.95000000000001
457480,post_auger55_p1,0.4535,S,0.0,44,0.0,4.95000000000001
457576,post_auger55_p1,0.4535,S,0.0,44,0.0,4.95000000000001
457672,post_auger55_p1,0.4535,S,0.0,44,0.0,4.95000000000001
457768,post_auger55_p1,0.4535,S,0.0,44,0.0,4.95000000000001
457862,post_auger55_p1,0.4535,S,0.0,44,0.0,4.95000000000001
457958,post_auger55_p1,0.4535,S,0.0,44,0.0,4.95000000000001
458054,post_auger55_p1,0.4535,S,0.0,44,0.0,4.95000000000001
458160,post_auger55_p1,0.4535,S,0.0,44,0.0,4.95000000000001
458341,post_auger55_p1,0.4535,S,0.0,44,0.0,4.95000000000001
458437,post_auger55_p1,0.4535,S,0.0,44,0.0,4.95000000000001
458533,post_auger55_p1,0.4535,S,0.0,44,0.0,4.95000000000001
458629,post_auger55_p1,0.4535,S,0.0,44,0.0,4.95000000000001
458723,post_auger55_p1,0.4535,S,0.0,44,0.0,4.95000000000001
458818,post_auger55_p1,0.4535,S,0.0,44,0.0,4.95000000000001
458914,post_auger55_p1,0.4535,S,0.0,44,0.0,4.95000000000001
459010,post_auger55_p1,0.4535,S,0.0,44,0.0,4.95000000000001
459106,post_auger55_p1,0.4535,S,0.0,44,0.0,4.95000000000001
459201,post_auger55_p1,0.4533,U,0.0,44,0.0,4.749999999999977
459297,post_auger55_p1,0.4533,U,0.0,44,0.0,4.749999999999977
459393,post_auger55_p1,0.4533,U,0.0,44,0.0,4.749999999999977
459489,post_auger55_p1,0.4533,U,0.0,44,0.0,4.749999999999977
459583,post_auger55_p1,0.4533,U,0.0,44,0.0,4.749999999999977
459678,post_auger55_p1,0.4533,S,0.0,44,0.0,4.749999999999977
459774,post_auger55_p1,0.4534,S,0.0,44,0.0,4.850000000000021
459870,post_auger55_p1,0.4534,S,0.0,44,0.0,4.850000000000021
459966,post_auger55_p1,0.4534,S,0.0,44,0.0,4.850000000000021
460062,post_auger55_p1,0.4534,S,0.0,44,0.0,4.850000000000021
460158,post_auger55_p1,0.4534,S,0.0,44,0.0,4.850000000000021
460254,post_auger55_p1,0.4535,S,0.0,44,0.0,4.95000000000001
460350,post_auger55_p1,0.4535,S,0.0,44,0.0,4.95000000000001
460445,post_auger55_p1,0.4535,S,0.0,44,0.0,4.95000000000001
460539,post_auger55_p1,0.4538,U,0.0,44,0.0,5.249999999999977
460635,post_auger55_p1,0.4539,U,0.0,44,0.0,5.350000000000021
460731,post_auger55_p1,0.4539,U,0.0,44,0.0,5.350000000000021
460827,post_auger55_p1,0.454,U,0.0,44,0.0,5.45000000000001
460922,post_auger55_p1,0.454,U,0.0,44,0.0,5.45000000000001
461018,post_auger55_p1,0.4541,U,0.0,44,0.0,5.549999999999999
461114,post_auger55_p1,0.4541,U,0.0,44,0.0,5.549999999999999
461210,post_auger55_p1,0.4541,U,0.0,44,0.0,5.549999999999999
461306,post_auger55_p1,0.4541,S,0.0,44,0.0,5.549999999999999
461400,post_auger55_p1,0.4542,U,0.0,44,0.0,5.649999999999988
461496,post_auger55_p1,0.4542,S,0.0,44,0.0,5.649999999999988
461591,post_auger55_p1,0.4542,S,0.0,44,0.0,5.649999999999988
461687,post_auger55_p1,0.4542,S,0.0,44,0.0,5.649999999999988
461783,post_auger55_p1,0.4542,S,0.0,44,0.0,5.649999999999988
461879,post_auger55_p1,0.4542,S,0.0,44,0.0,5.649999999999988
461975,post_auger55_p1,0.4542,S,0.0,44,0.0,5.649999999999988
462071,post_auger55_p1,0.4542,S,0.0,44,0.0,5.649999999999988
462167,post_auger55_p1,0.4542,S,0.0,44,0.0,5.649999999999988
462260,post_auger55_p1,0.4542,S,0.0,44,0.0,5.649999999999988
462356,post_auger55_p1,0.4542,S,0.0,44,0.0,5.649999999999988
462452,post_auger55_p1,0.4542,S,0.0,44,0.0,5.649999999999988
462548,post_auger55_p1,0.4542,S,0.0,44,0.0,5.649999999999988
462644,post_auger55_p1,0.4542,S,0.0,44,0.0,5.649999999999988
462740,post_auger55_p1,0.4542,S,0.0,44,0.0,5.649999999999988
462835,post_auger55_p1,0.4542,S,0.0,44,0.0,5.649999999999988
462931,post_auger55_p1,0.4543,S,0.0,44,0.0,5.749999999999977
463027,post_auger55_p1,0.4543,S,0.0,44,0.0,5.749999999999977
463121,post_auger55_p1,0.4543,S,0.0,44,0.0,5.749999999999977
463217,post_auger55_p1,0.4543,S,0.0,44,0.0,5.749999999999977
463313,post_auger55_p1,0.4543,S,0.0,44,0.0,5.749999999999977
463409,post_auger55_p1,0.4543,S,0.0,44,0.0,5.749999999999977
463504,post_auger55_p1,0.4543,S,0.0,44,0.0,5.749999999999977
463600,post_auger55_p1,0.4543,S,0.0,44,0.0,5.749999999999977
463696,post_auger55_p1,0.4543,S,0.0,44,0.0,5.749999999999977
463792,post_auger55_p1,0.4543,S,0.0,44,0.0,5.749999999999977
463888,post_auger55_p1,0.4543,S,0.0,44,0.0,5.749999999999977
463984,post_auger55_p1,0.4543,S,0.0,44,0.0,5.749999999999977
464078,post_auger55_p1,0.4543,S,0.0,44,0.0,5.749999999999977
464174,post_auger55_p1,0.4543,S,0.0,44,0.0,5.749999999999977
464269,post_auger55_p1,0.4543,S,0.0,44,0.0,5.749999999999977
464365,post_auger55_p1,0.4543,S,0.0,44,0.0,5.749999999999977
464461,post_auger55_p1,0.4543,S,0.0,44,0.0,5.749999999999977
464557,post_auger55_p1,0.4543,S,0.0,44,0.0,5.749999999999977
464653,post_auger55_p1,0.4543,S,0.0,44,0.0,5.749999999999977
464749,post_auger55_p1,0.4543,S,0.0,44,0.0,5.749999999999977
464845,post_auger55_p1,0.4543,S,0.0,44,0.0,5.749999999999977
464938,post_auger55_p1,0.4543,S,0.0,44,0.0,5.749999999999977
465034,post_auger55_p1,0.4543,S,0.0,44,0.0,5.749999999999977
465130,post_auger55_p1,0.4543,S,0.0,44,0.0,5.749999999999977
465226,post_auger55_p1,0.4543,S,0.0,44,0.0,5.749999999999977
465322,post_auger55_p1,0.4544,S,0.0,44,0.0,5.850000000000022
465418,post_auger55_p1,0.4544,S,0.0,44,0.0,5.850000000000022
465514,post_auger55_p1,0.4544,S,0.0,44,0.0,5.850000000000022
465610,post_auger55_p1,0.4544,S,0.0,44,0.0,5.850000000000022
465705,post_auger55_p1,0.4544,S,0.0,44,0.0,5.850000000000022
465799,post_auger55_p1,0.4544,S,0.0,44,0.0,5.850000000000022
465895,post_auger55_p1,0.4544,S,0.0,44,0.0,5.850000000000022
465991,post_auger55_p1,0.4544,S,0.0,44,0.0,5.850000000000022
466087,post_auger55_p1,0.4544,S,0.0,44,0.0,5.850000000000022
466183,post_auger55_p1,0.4544,S,0.0,44,0.0,5.850000000000022
466279,post_auger55_p1,0.4544,S,0.0,44,0.0,5.850000000000022
466374,post_auger55_p1,0.4548,U,0.0,44,0.0,6.249999999999978
466470,post_auger55_p1,0.4549,U,0.0,44,0.0,6.350000000000023
466565,post_auger55_p1,0.4549,U,0.0,44,0.0,6.350000000000023
466661,post_auger55_p1,0.4549,U,0.0,44,0.0,6.350000000000023
466755,post_auger55_p1,0.4549,U,0.0,44,0.0,6.350000000000023
466851,post_auger55_p1,0.4549,S,0.0,44,0.0,6.350000000000023
466947,post_auger55_p1,0.4549,S,0.0,44,0.0,6.350000000000023
467043,post_auger55_p1,0.455,S,0.0,44,0.0,6.450000000000012
467138,post_auger55_p1,0.455,S,0.0,44,0.0,6.450000000000012
467234,auger75_p1,0.455,S,75.0,44,0.0,6.450000000000012
467330,auger75_p1,0.455,S,75.0,44,0.0,6.450000000000012
467426,auger75_p1,0.4551,U,75.0,44,0.0,6.550000000000001
467522,auger75_p1,0.4551,S,75.0,44,0.0,6.550000000000001
467616,auger75_p1,0.4551,S,75.0,44,0.0,6.550000000000001
467712,auger75_p1,0.4551,S,75.0,44,0.0,6.550000000000001
467807,auger75_p1,0.4551,S,75.0,44,0.0,6.550000000000001
467903,auger75_p1,0.4549,U,75.0,44,0.0,6.350000000000023
467999,auger75_p1,0.4493,U,75.0,44,0.0,0.7499999999999729
468094,auger75_p1,0.4463,U,75.0,44,0.0,-2.2500000000000298
468190,auger75_p1,0.4429,U,75.0,44,0.0,-5.649999999999988
468285,auger75_p1,0.44,U,75.0,44,0.0,-8.550000000000002
468382,auger75_p1,0.4385,U,75.0,44,0.0,-10.050000000000004
468476,auger75_p1,0.439,U,75.0,44,0.0,-9.550000000000002
468572,auger75_p1,0.4407,U,75.0,44,0.0,-7.850000000000024
468668,auger75_p1,0.4426,U,75.0,44,0.0,-5.950000000000011
468763,auger75_p1,0.4436,U,75.0,44,0.0,-4.95000000000001
468859,auger75_p1,0.4458,U,75.0,44,0.0,-2.75000000000003
468955,auger75_p1,0.4461,U,75.0,44,0.0,-2.4500000000000077
469051,auger75_p1,0.4453,U,75.0,44,0.0,-3.2500000000000306
469147,auger75_p1,0.444,U,75.0,44,0.0,-4.549999999999999
469243,auger75_p1,0.4431,U,75.0,44,0.0,-5.45000000000001
469338,auger75_p1,0.4396,U,75.0,44,0.0,-8.950000000000014
469432,auger75_p1,0.4368,U,75.0,44,0.0,-11.749999999999982
469528,auger75_p1,0.4349,U,75.0,44,0.0,-13.649999999999995
469624,auger75_p1,0.4353,U,75.0,44,0.0,-13.249999999999984
469720,auger75_p1,0.4377,U,75.0,44,0.0,-10.850000000000026
469816,auger75_p1,0.4405,U,75.0,44,0.0,-8.05
469917,auger75_p1,0.4414,U,75.0,44,0.0,-7.14999999999999
470007,auger75_p1,0.4429,U,75.0,44,0.0,-5.649999999999988
470103,auger75_p1,0.4427,U,75.0,44,0.0,-5.850000000000022
470199,auger75_p1,0.4427,U,75.0,44,0.0,-5.850000000000022
470293,auger75_p1,0.4435,U,75.0,44,0.0,-5.049999999999999
470389,auger75_p1,0.4452,U,75.0,44,0.0,-3.3500000000000196
470485,auger75_p1,0.4466,U,75.0,44,0.0,-1.9500000000000073
470580,auger75_p1,0.4463,U,75.0,44,0.0,-2.2500000000000298
470677,auger75_p1,0.444,U,75.0,44,0.0,-4.549999999999999
470772,auger75_p1,0.4423,U,75.0,44,0.0,-6.249999999999978
470868,auger75_p1,0.4371,U,75.0,44,0.0,-11.450000000000015
470964,auger75_p1,0.4352,U,75.0,44,0.0,-13.350000000000028
471060,auger75_p1,0.4355,U,75.0,44,0.0,-13.050000000000006
471154,auger75_p1,0.438,U,75.0,44,0.0,-10.550000000000004
471249,auger75_p1,0.4413,U,75.0,44,0.0,-7.249999999999979
471345,auger75_p1,0.4441,U,75.0,44,0.0,-4.45000000000001
471441,auger75_p1,0.4462,U,75.0,44,0.0,-2.3500000000000187
471537,auger75_p1,0.4483,U,75.0,44,0.0,-0.250000000000028
471632,auger75_p1,0.45,U,75.0,44,0.0,1.4500000000000068
471729,auger75_p1,0.4498,U,75.0,44,0.0,1.2499999999999734
471824,auger75_p1,0.4474,U,75.0,44,0.0,-1.1499999999999844
471920,auger75_p1,0.4441,U,75.0,44,0.0,-4.45000000000001
472016,auger75_p1,0.4415,U,75.0,44,0.0,-7.050000000000001
472110,auger75_p1,0.4399,U,75.0,44,0.0,-8.649999999999991
472206,auger75_p1,0.4396,U,75.0,44,0.0,-8.950000000000014
472302,auger75_p1,0.4401,U,75.0,44,0.0,-8.450000000000014
472398,auger75_p1,0.4406,U,75.0,44,0.0,-7.950000000000013
472494,auger75_p1,0.4402,U,75.0,44,0.0,-8.350000000000025
472589,auger75_p1,0.4395,U,75.0,44,0.0,-9.050000000000002
472685,auger75_p1,0.4389,U,75.0,44,0.0,-9.649999999999991
472781,auger75_p1,0.4384,U,75.0,44,0.0,-10.149999999999991
472877,auger75_p1,0.4371,U,75.0,44,0.0,-11.450000000000015
472971,auger75_p1,0.4377,U,75.0,44,0.0,-10.850000000000026
473066,auger75_p1,0.4382,U,75.0,44,0.0,-10.350000000000026
473162,auger75_p1,0.4389,U,75.0,44,0.0,-9.649999999999991
473258,auger75_p1,0.4417,U,75.0,44,0.0,-6.850000000000023
473354,auger75_p1,0.4421,U,75.0,44,0.0,-6.450000000000012
473450,auger75_p1,0.441,U,75.0,44,0.0,-7.550000000000001
473546,auger75_p1,0.4393,U,75.0,44,0.0,-9.24999999999998
473642,auger75_p1,0.4389,U,75.0,44,0.0,-9.649999999999991
473738,auger75_p1,0.4388,U,75.0,44,0.0,-9.74999999999998
473831,auger75_p1,0.4388,U,75.0,44,0.0,-9.74999999999998
473927,auger75_p1,0.4387,U,75.0,44,0.0,-9.850000000000026
474023,auger75_p1,0.4385,U,75.0,44,0.0,-10.050000000000004
474119,auger75_p1,0.4383,U,75.0,44,0.0,-10.249999999999982
474215,auger75_p1,0.4383,U,75.0,44,0.0,-10.249999999999982
474311,auger75_p1,0.4383,U,75.0,44,0.0,-10.249999999999982
474406,auger75_p1,0.4384,U,75.0,44,0.0,-10.149999999999991
474502,auger75_p1,0.4384,S,75.0,44,0.0,-10.149999999999991
474598,auger75_p1,0.4384,S,75.0,44,0.0,-10.149999999999991
474692,auger75_p1,0.4384,S,75.0,44,0.0,-10.149999999999991
474788,auger75_p1,0.4383,S,75.0,44,0.0,-10.249999999999982
474884,auger75_p1,0.4383,S,75.0,44,0.0,-10.249999999999982
474980,auger75_p1,0.4382,U,75.0,44,0.0,-10.350000000000026
475076,auger75_p1,0.4383,S,75.0,44,0.0,-10.249999999999982
475171,auger75_p1,0.4437,U,75.0,44,0.0,-4.850000000000021
475267,auger75_p1,0.4461,U,75.0,44,0.0,-2.4500000000000077
475363,auger75_p1,0.4455,U,75.0,44,0.0,-3.049999999999997
475459,auger75_p1,0.4421,U,75.0,44,0.0,-6.450000000000012
475555,auger75_p1,0.4378,U,75.0,44,0.0,-10.749999999999982
475648,auger75_p1,0.4343,U,75.0,44,0.0,-14.249999999999986
475744,auger75_p1,0.4326,U,75.0,44,0.0,-15.95000000000002
475840,auger75_p1,0.4326,U,75.0,44,0.0,-15.95000000000002
475936,auger75_p1,0.4339,U,75.0,44,0.0,-14.649999999999997
476032,auger75_p1,0.4357,U,75.0,44,0.0,-12.850000000000028
476128,auger75_p1,0.4373,U,75.0,44,0.0,-11.249999999999982
476223,auger75_p1,0.4389,U,75.0,44,0.0,-9.649999999999991
476319,auger75_p1,0.4405,U,75.0,44,0.0,-8.05
476415,auger75_p1,0.4422,U,75.0,44,0.0,-6.350000000000023
476509,auger75_p1,0.4435,U,75.0,44,0.0,-5.049999999999999
476605,auger75_p1,0.4437,U,75.0,44,0.0,-4.850000000000021
476701,auger75_p1,0.4421,U,75.0,44,0.0,-6.450000000000012
476797,auger75_p1,0.4392,U,75.0,44,0.0,-9.350000000000025
476892,auger75_p1,0.4365,U,75.0,44,0.0,-12.050000000000004
476988,auger75_p1,0.435,U,75.0,44,0.0,-13.550000000000006
477084,auger75_p1,0.4349,U,75.0,44,0.0,-13.649999999999995
477180,auger75_p1,0.4357,U,75.0,44,0.0,-12.850000000000028
477276,auger75_p1,0.4367,U,75.0,44,0.0,-11.850000000000026
477370,auger75_p1,0.4377,U,75.0,44,0.0,-10.850000000000026
477465,auger75_p1,0.4384,U,75.0,44,0.0,-10.149999999999991
477561,auger75_p1,0.4403,U,75.0,44,0.0,-8.249999999999979
477657,auger75_p1,0.4408,U,75.0,44,0.0,-7.749999999999979
477753,auger75_p1,0.4407,U,75.0,44,0.0,-7.850000000000024
477849,auger75_p1,0.4406,U,75.0,44,0.0,-7.950000000000013
477945,auger75_p1,0.4402,U,75.0,44,0.0,-8.350000000000025
478041,auger75_p1,0.4397,U,75.0,44,0.0,-8.850000000000025
478136,auger75_p1,0.439,U,75.0,44,0.0,-9.550000000000002
478232,auger75_p1,0.437,U,75.0,44,0.0,-11.550000000000004
478326,auger75_p1,0.4375,U,75.0,44,0.0,-11.050000000000004
478422,auger75_p1,0.4376,U,75.0,44,0.0,-10.950000000000015
478518,auger75_p1,0.4367,U,75.0,44,0.0,-11.850000000000026
478614,auger75_p1,0.4332,U,75.0,44,0.0,-15.35000000000003
478710,auger75_p1,0.4314,U,75.0,44,0.0,-17.15
478805,auger75_p1,0.4313,U,75.0,44,0.0,-17.249999999999986
478901,auger75_p1,0.4323,U,75.0,44,0.0,-16.249999999999986
478997,auger75_p1,0.4338,U,75.0,44,0.0,-14.749999999999986
479093,auger75_p1,0.4359,U,75.0,44,0.0,-12.649999999999995
479187,auger75_p1,0.4385,U,75.0,44,0.0,-10.050000000000004
479283,auger75_p1,0.4403,U,75.0,44,0.0,-8.249999999999979
479378,auger75_p1,0.4404,U,75.0,44,0.0,-8.149999999999991
479474,auger75_p1,0.4394,U,75.0,44,0.0,-9.149999999999991
479570,auger75_p1,0.4385,U,75.0,44,0.0,-10.050000000000004
479666,auger75_p1,0.4383,U,75.0,44,0.0,-10.249999999999982
479762,auger75_p1,0.4387,U,75.0,44,0.0,-9.850000000000026
479858,auger75_p1,0.4394,U,75.0,44,0.0,-9.149999999999991
479953,auger75_p1,0.4404,U,75.0,44,0.0,-8.149999999999991
480047,auger75_p1,0.4451,U,75.0,44,0.0,-3.4500000000000086
480143,auger75_p1,0.4447,U,75.0,44,0.0,-3.85000000000002
480239,auger75_p1,0.4427,U,75.0,44,0.0,-5.850000000000022
480335,auger75_p1,0.4414,U,75.0,44,0.0,-7.14999999999999
480431,auger75_p1,0.4416,U,75.0,44,0.0,-6.950000000000012
480527,auger75_p1,0.442,U,75.0,44,0.0,-6.550000000000001
480622,auger75_p1,0.4422,U,75.0,44,0.0,-6.350000000000023
480718,auger75_p1,0.4422,U,75.0,44,0.0,-6.350000000000023
480814,auger75_p1,0.4418,U,75.0,44,0.0,-6.749999999999979
480910,auger75_p1,0.4412,U,75.0,44,0.0,-7.350000000000023
481004,auger75_p1,0.4365,U,75.0,44,0.0,-12.050000000000004
481100,auger75_p1,0.4359,U,75.0,44,0.0,-12.649999999999995
481195,auger75_p1,0.436,U,75.0,44,0.0,-12.550000000000006
481296,auger75_p1,0.4366,U,75.0,44,0.0,-11.950000000000017
481387,auger75_p1,0.4379,U,75.0,44,0.0,-10.649999999999993
481483,auger75_p1,0.4389,U,75.0,44,0.0,-9.649999999999991
481579,auger75_p1,0.4416,U,75.0,44,0.0,-6.950000000000012
481675,auger75_p1,0.4418,U,75.0,44,0.0,-6.749999999999979
481771,auger75_p1,0.4404,U,75.0,44,0.0,-8.149999999999991
481864,auger75_p1,0.4384,U,75.0,44,0.0,-10.149999999999991
481960,auger75_p1,0.4374,U,75.0,44,0.0,-11.149999999999993
482056,auger75_p1,0.4348,U,75.0,44,0.0,-13.749999999999984
482152,auger75_p1,0.4334,U,75.0,44,0.0,-15.149999999999997
482248,post_auger75_p1,0.4327,U,0.0,44,0.0,-15.85000000000003
482344,post_auger75_p1,0.4328,U,0.0,44,0.0,-15.749999999999986
482439,post_auger75_p1,0.4333,U,0.0,44,0.0,-15.249999999999986
482535,post_auger75_p1,0.4342,U,0.0,44,0.0,-14.35000000000003
482631,post_auger75_p1,0.4349,U,0.0,44,0.0,-13.649999999999995
482725,post_auger75_p1,0.4374,U,0.0,44,0.0,-11.149999999999993
482820,post_auger75_p1,0.44,U,0.0,44,0.0,-8.550000000000002
482917,post_auger75_p1,0.4439,U,0.0,44,0.0,-4.649999999999988
483012,post_auger75_p1,0.4494,U,0.0,44,0.0,0.8500000000000174
483108,post_auger75_p1,0.4551,U,0.0,44,0.0,6.550000000000001
483204,post_auger75_p1,0.4594,U,0.0,44,0.0,10.849999999999971
483300,post_auger75_p1,0.4616,U,0.0,44,0.0,13.050000000000006
483396,post_auger75_p1,0.4623,U,0.0,44,0.0,13.749999999999984
483492,post_auger75_p1,0.4623,U,0.0,44,0.0,13.749999999999984
483588,post_auger75_p1,0.4622,U,0.0,44,0.0,13.649999999999995
483681,post_auger75_p1,0.462,U,0.0,44,0.0,13.450000000000017
483777,post_auger75_p1,0.462,U,0.0,44,0.0,13.450000000000017
483873,post_auger75_p1,0.462,U,0.0,44,0.0,13.450000000000017
483969,post_auger75_p1,0.462,U,0.0,44,0.0,13.450000000000017
484065,post_auger75_p1,0.462,U,0.0,44,0.0,13.450000000000017
484161,post_auger75_p1,0.462,S,0.0,44,0.0,13.450000000000017
484257,post_auger75_p1,0.4619,S,0.0,44,0.0,13.349999999999973
484352,post_auger75_p1,0.4619,S,0.0,44,0.0,13.349999999999973
484448,post_auger75_p1,0.4619,S,0.0,44,0.0,13.349999999999973
484542,post_auger75_p1,0.4618,U,0.0,44,0.0,13.249999999999984
484638,post_auger75_p1,0.4618,U,0.0,44,0.0,13.249999999999984
484734,post_auger75_p1,0.4617,U,0.0,44,0.0,13.149999999999995
484830,post_auger75_p1,0.4617,U,0.0,44,0.0,13.149999999999995
484926,post_auger75_p1,0.4617,U,0.0,44,0.0,13.149999999999995
485022,post_auger75_p1,0.4616,U,0.0,44,0.0,13.050000000000006
485117,post_auger75_p1,0.4616,U,0.0,44,0.0,13.050000000000006
485213,post_auger75_p1,0.4616,S,0.0,44,0.0,13.050000000000006
485309,post_auger75_p1,0.4615,U,0.0,44,0.0,12.950000000000017
485403,post_auger75_p1,0.4615,U,0.0,44,0.0,12.950000000000017
485499,post_auger75_p1,0.4615,S,0.0,44,0.0,12.950000000000017
485595,post_auger75_p1,0.4614,U,0.0,44,0.0,12.849999999999973
485691,post_auger75_p1,0.4614,U,0.0,44,0.0,12.849999999999973
485786,post_auger75_p1,0.4613,U,0.0,44,0.0,12.749999999999984
485882,post_auger75_p1,0.4613,U,0.0,44,0.0,12.749999999999984
485978,post_auger75_p1,0.4612,U,0.0,44,0.0,12.649999999999995
486074,post_auger75_p1,0.4612,U,0.0,44,0.0,12.649999999999995
486170,post_auger75_p1,0.4611,U,0.0,44,0.0,12.550000000000006
486264,post_auger75_p1,0.4611,U,0.0,44,0.0,12.550000000000006
486360,post_auger75_p1,0.461,U,0.0,44,0.0,12.450000000000017
486456,post_auger75_p1,0.461,U,0.0,44,0.0,12.450000000000017
486551,post_auger75_p1,0.461,U,0.0,44,0.0,12.450000000000017
486647,post_auger75_p1,0.461,S,0.0,44,0.0,12.450000000000017
486743,post_auger75_p1,0.461,S,0.0,44,0.0,12.450000000000017
486839,post_auger75_p1,0.461,S,0.0,44,0.0,12.450000000000017
486935,post_auger75_p1,0.461,S,0.0,44,0.0,12.450000000000017
487031,post_auger75_p1,0.461,S,0.0,44,0.0,12.450000000000017
487126,post_auger75_p1,0.461,S,0.0,44,0.0,12.450000000000017
487220,post_auger75_p1,0.461,S,0.0,44,0.0,12.450000000000017
487316,post_auger75_p1,0.4611,S,0.0,44,0.0,12.550000000000006
487412,post_auger75_p1,0.4611,S,0.0,44,0.0,12.550000000000006
487508,post_auger75_p1,0.4611,S,0.0,44,0.0,12.550000000000006
487604,post_auger75_p1,0.4611,S,0.0,44,0.0,12.550000000000006
487699,post_auger75_p1,0.4611,S,0.0,44,0.0,12.550000000000006
487795,post_auger75_p1,0.4611,S,0.0,44,0.0,12.550000000000006
487891,post_auger75_p1,0.4612,S,0.0,44,0.0,12.649999999999995
487987,post_auger75_p1,0.4612,S,0.0,44,0.0,12.649999999999995
488081,post_auger75_p1,0.4612,S,0.0,44,0.0,12.649999999999995
488177,post_auger75_p1,0.4612,S,0.0,44,0.0,12.649999999999995
488273,post_auger75_p1,0.4615,U,0.0,44,0.0,12.950000000000017
488368,post_auger75_p1,0.4615,U,0.0,44,0.0,12.950000000000017
488464,post_auger75_p1,0.4616,U,0.0,44,0.0,13.050000000000006
488560,post_auger75_p1,0.4616,U,0.0,44,0.0,13.050000000000006
488656,post_auger75_p1,0.4617,U,0.0,44,0.0,13.149999999999995
488752,post_auger75_p1,0.4617,U,0.0,44,0.0,13.149999999999995
488848,post_auger75_p1,0.4618,U,0.0,44,0.0,13.249999999999984
488941,post_auger75_p1,0.4618,U,0.0,44,0.0,13.249999999999984
489037,post_auger75_p1,0.4618,U,0.0,44,0.0,13.249999999999984
489133,post_auger75_p1,0.4619,U,0.0,44,0.0,13.349999999999973
489229,post_auger75_p1,0.4619,U,0.0,44,0.0,13.349999999999973
489325,post_auger75_p1,0.4619,S,0.0,44,0.0,13.349999999999973
489421,post_auger75_p1,0.462,U,0.0,44,0.0,13.450000000000017
489517,post_auger75_p1,0.462,U,0.0,44,0.0,13.450000000000017
489612,post_auger75_p1,0.462,S,0.0,44,0.0,13.450000000000017
489708,post_auger75_p1,0.462,S,0.0,44,0.0,13.450000000000017
489804,post_auger75_p1,0.462,S,0.0,44,0.0,13.450000000000017
489898,post_auger75_p1,0.462,S,0.0,44,0.0,13.450000000000017
489994,post_auger75_p1,0.462,S,0.0,44,0.0,13.450000000000017
490090,post_auger75_p1,0.462,S,0.0,44,0.0,13.450000000000017
490185,post_auger75_p1,0.462,S,0.0,44,0.0,13.450000000000017
490281,post_auger75_p1,0.462,S,0.0,44,0.0,13.450000000000017
490377,post_auger75_p1,0.462,S,0.0,44,0.0,13.450000000000017
490473,post_auger75_p1,0.462,S,0.0,44,0.0,13.450000000000017
490569,post_auger75_p1,0.462,S,0.0,44,0.0,13.450000000000017
490665,post_auger75_p1,0.462,S,0.0,44,0.0,13.450000000000017
490758,post_auger75_p1,0.462,S,0.0,44,0.0,13.450000000000017
490854,post_auger75_p1,0.462,S,0.0,44,0.0,13.450000000000017
490950,post_auger75_p1,0.462,S,0.0,44,0.0,13.450000000000017
491046,post_auger75_p1,0.462,S,0.0,44,0.0,13.450000000000017
491142,post_auger75_p1,0.462,S,0.0,44,0.0,13.450000000000017
491238,post_auger75_p1,0.4621,S,0.0,44,0.0,13.550000000000006
491334,post_auger75_p1,0.4621,S,0.0,44,0.0,13.550000000000006
491430,post_auger75_p1,0.4621,S,0.0,44,0.0,13.550000000000006
491526,post_auger75_p1,0.4621,S,0.0,44,0.0,13.550000000000006
491619,post_auger75_p1,0.4621,S,0.0,44,0.0,13.550000000000006
491715,post_auger75_p1,0.4621,S,0.0,44,0.0,13.550000000000006
491811,post_auger75_p1,0.4621,S,0.0,44,0.0,13.550000000000006
491907,post_auger75_p1,0.4621,S,0.0,44,0.0,13.550000000000006
492003,post_auger75_p1,0.4621,S,0.0,44,0.0,13.550000000000006
492099,post_auger75_p1,0.4621,S,0.0,44,0.0,13.550000000000006
492195,post_auger75_p1,0.4621,S,0.0,44,0.0,13.550000000000006
492291,post_auger75_p1,0.4621,S,0.0,44,0.0,13.550000000000006
492386,post_auger75_p1,0.4621,S,0.0,44,0.0,13.550000000000006
492482,post_auger75_p1,0.4621,S,0.0,44,0.0,13.550000000000006
492576,post_auger75_p1,0.4622,S,0.0,44,0.0,13.649999999999995
492672,post_auger75_p1,0.4622,S,0.0,44,0.0,13.649999999999995
492768,post_auger75_p1,0.4622,S,0.0,44,0.0,13.649999999999995
492864,post_auger75_p1,0.4622,S,0.0,44,0.0,13.649999999999995
492959,post_auger75_p1,0.4625,U,0.0,44,0.0,13.950000000000017
493055,post_auger75_p1,0.4626,U,0.0,44,0.0,14.050000000000008
493151,post_auger75_p1,0.4626,U,0.0,44,0.0,14.050000000000008
493257,post_auger75_p1,0.4626,U,0.0,44,0.0,14.050000000000008
493436,post_auger75_p1,0.4627,U,0.0,44,0.0,14.149999999999995
493532,post_auger75_p1,0.4628,U,0.0,44,0.0,14.249999999999986
493628,post_auger75_p1,0.4628,U,0.0,44,0.0,14.249999999999986
493724,post_auger75_p1,0.4628,U,0.0,44,0.0,14.249999999999986
493820,post_auger75_p1,0.4629,U,0.0,44,0.0,14.349999999999973
493915,post_auger75_p1,0.4629,U,0.0,44,0.0,14.349999999999973
494011,post_auger75_p1,0.463,U,0.0,44,0.0,14.450000000000019
494107,post_auger75_p1,0.463,U,0.0,44,0.0,14.450000000000019
494203,post_auger75_p1,0.4631,U,0.0,44,0.0,14.550000000000008
494297,post_auger75_p1,0.4631,U,0.0,44,0.0,14.550000000000008
494393,post_auger75_p1,0.4631,U,0.0,44,0.0,14.550000000000008
494488,post_auger75_p1,0.4632,U,0.0,44,0.0,14.649999999999997
494584,post_auger75_p1,0.4632,U,0.0,44,0.0,14.649999999999997
494680,post_auger75_p1,0.4633,U,0.0,44,0.0,14.749999999999986
494776,post_auger75_p1,0.4633,U,0.0,44,0.0,14.749999999999986
494872,post_auger75_p1,0.4634,U,0.0,44,0.0,14.849999999999975
494968,post_auger75_p1,0.4634,U,0.0,44,0.0,14.849999999999975
495064,post_auger75_p1,0.4634,U,0.0,44,0.0,14.849999999999975
495159,post_auger75_p1,0.4634,S,0.0,44,0.0,14.849999999999975
495253,post_auger75_p1,0.4635,U,0.0,44,0.0,14.950000000000019
495349,post_auger75_p1,0.4635,S,0.0,44,0.0,14.950000000000019
495445,post_auger75_p1,0.4635,S,0.0,44,0.0,14.950000000000019
495541,post_auger75_p1,0.4635,S,0.0,44,0.0,14.950000000000019
495637,post_auger75_p1,0.4635,S,0.0,44,0.0,14.950000000000019
495732,post_auger75_p1,0.4635,S,0.0,44,0.0,14.950000000000019
495829,post_auger75_p1,0.4635,S,0.0,44,0.0,14.950000000000019
495924,post_auger75_p1,0.4635,S,0.0,44,0.0,14.950000000000019
496020,post_auger75_p1,0.4635,S,0.0,44,0.0,14.950000000000019
496114,post_auger75_p1,0.4634,S,0.0,44,0.0,14.849999999999975
496210,post_auger75_p1,0.4634,S,0.0,44,0.0,14.849999999999975
496306,post_auger75_p1,0.4634,S,0.0,44,0.0,14.849999999999975
496402,post_auger75_p1,0.4634,S,0.0,44,0.0,14.849999999999975
496497,post_auger75_p1,0.4634,S,0.0,44,0.0,14.849999999999975
496593,post_auger75_p1,0.4634,S,0.0,44,0.0,14.849999999999975
496689,post_auger75_p1,0.4634,S,0.0,44,0.0,14.849999999999975
496785,post_auger75_p1,0.4633,S,0.0,44,0.0,14.749999999999986
496881,post_auger75_p1,0.4633,S,0.0,44,0.0,14.749999999999986
496975,post_auger75_p1,0.4633,S,0.0,44,0.0,14.749999999999986
497071,post_auger75_p1,0.4633,S,0.0,44,0.0,14.749999999999986
497166,post_auger75_p1,0.4633,S,0.0,44,0.0,14.749999999999986
497262,auger75_p2,0.463,U,75.0,44,0.0,14.450000000000019
497358,auger75_p2,0.463,U,75.0,44,0.0,14.450000000000019
497454,auger75_p2,0.463,U,75.0,44,0.0,14.450000000000019
497550,auger75_p2,0.4629,U,75.0,44,0.0,14.349999999999973
497646,auger75_p2,0.4629,U,75.0,44,0.0,14.349999999999973
497741,auger75_p2,0.4627,U,75.0,44,0.0,14.149999999999995
497835,auger75_p2,0.4579,U,75.0,44,0.0,9.34999999999997
497930,auger75_p2,0.4535,U,75.0,44,0.0,4.95000000000001
498026,auger75_p2,0.4484,U,75.0,44,0.0,-0.14999999999998348
498122,auger75_p2,0.4438,U,75.0,44,0.0,-4.750000000000032
498218,auger75_p2,0.4401,U,75.0,44,0.0,-8.450000000000014
498314,auger75_p2,0.4369,U,75.0,44,0.0,-11.649999999999993
498410,auger75_p2,0.4344,U,75.0,44,0.0,-14.149999999999995
498506,auger75_p2,0.4335,U,75.0,44,0.0,-15.050000000000008
498601,auger75_p2,0.435,U,75.0,44,0.0,-13.550000000000006
498697,auger75_p2,0.4381,U,75.0,44,0.0,-10.450000000000015
498791,auger75_p2,0.4405,U,75.0,44,0.0,-8.05
498887,auger75_p2,0.4405,U,75.0,44,0.0,-8.05
498983,auger75_p2,0.4389,U,75.0,44,0.0,-9.649999999999991
499079,auger75_p2,0.4375,U,75.0,44,0.0,-11.050000000000004
499175,auger75_p2,0.4371,U,75.0,44,0.0,-11.450000000000015
499271,auger75_p2,0.437,U,75.0,44,0.0,-11.550000000000004
499366,auger75_p2,0.4359,U,75.0,44,0.0,-12.649999999999995
499462,auger75_p2,0.4354,U,75.0,44,0.0,-13.149999999999995
499558,auger75_p2,0.4364,U,75.0,44,0.0,-12.149999999999995
499652,auger75_p2,0.4376,U,75.0,44,0.0,-10.950000000000015
499748,auger75_p2,0.4387,U,75.0,44,0.0,-9.850000000000026
499843,auger75_p2,0.4404,U,75.0,44,0.0,-8.149999999999991
499939,auger75_p2,0.4374,U,75.0,44,0.0,-11.149999999999993
500035,auger75_p2,0.4356,U,75.0,44,0.0,-12.950000000000017
500131,auger75_p2,0.4313,U,75.0,44,0.0,-17.249999999999986
500227,auger75_p2,0.4304,U,75.0,44,0.0,-18.15
500323,auger75_p2,0.4304,U,75.0,44,0.0,-18.15
500419,auger75_p2,0.4304,U,75.0,44,0.0,-18.15
500512,auger75_p2,0.4305,U,75.0,44,0.0,-18.05000000000001
500608,auger75_p2,0.4321,U,75.0,44,0.0,-16.45000000000002
500704,auger75_p2,0.4336,U,75.0,44,0.0,-14.950000000000019
500800,auger75_p2,0.4377,U,75.0,44,0.0,-10.850000000000026
500896,auger75_p2,0.4386,U,75.0,44,0.0,-9.950000000000014
500992,auger75_p2,0.4379,U,75.0,44,0.0,-10.649999999999993
501088,auger75_p2,0.4362,U,75.0,44,0.0,-12.350000000000028
501183,auger75_p2,0.4336,U,75.0,44,0.0,-14.950000000000019
501279,auger75_p2,0.4305,U,75.0,44,0.0,-18.05000000000001
501375,auger75_p2,0.4282,U,75.0,44,0.0,-20.34999999999998
501469,auger75_p2,0.4274,U,75.0,44,0.0,-21.150000000000002
501565,auger75_p2,0.4277,U,75.0,44,0.0,-20.84999999999998
501661,auger75_p2,0.4278,U,75.0,44,0.0,-20.74999999999999
501757,auger75_p2,0.4278,U,75.0,44,0.0,-20.74999999999999
501852,auger75_p2,0.4282,U,75.0,44,0.0,-20.34999999999998
501948,auger75_p2,0.4284,U,75.0,44,0.0,-20.150000000000002
502044,auger75_p2,0.4284,U,75.0,44,0.0,-20.150000000000002
502140,auger75_p2,0.4283,U,75.0,44,0.0,-20.24999999999999
502236,auger75_p2,0.4281,U,75.0,44,0.0,-20.450000000000024
502330,auger75_p2,0.428,U,75.0,44,0.0,-20.55000000000001
502425,auger75_p2,0.4281,U,75.0,44,0.0,-20.450000000000024
502521,auger75_p2,0.4284,U,75.0,44,0.0,-20.150000000000002
502617,auger75_p2,0.4288,U,75.0,44,0.0,-19.74999999999999
502713,auger75_p2,0.4338,U,75.0,44,0.0,-14.749999999999986
502809,auger75_p2,0.435,U,75.0,44,0.0,-13.550000000000006
502905,auger75_p2,0.4357,U,75.0,44,0.0,-12.850000000000028
503000,auger75_p2,0.4358,U,75.0,44,0.0,-12.749999999999984
503096,auger75_p2,0.4361,U,75.0,44,0.0,-12.450000000000017
503190,auger75_p2,0.4374,U,75.0,44,0.0,-11.149999999999993
503286,auger75_p2,0.4389,U,75.0,44,0.0,-9.649999999999991
503382,auger75_p2,0.4398,U,75.0,44,0.0,-8.74999999999998
503478,auger75_p2,0.4401,U,75.0,44,0.0,-8.450000000000014
503573,auger75_p2,0.4405,U,75.0,44,0.0,-8.05
503669,auger75_p2,0.4409,U,75.0,44,0.0,-7.64999999999999
503765,auger75_p2,0.4406,U,75.0,44,0.0,-7.950000000000013
503861,auger75_p2,0.4398,U,75.0,44,0.0,-8.74999999999998
503957,auger75_p2,0.4388,U,75.0,44,0.0,-9.74999999999998
504053,auger75_p2,0.4344,U,75.0,44,0.0,-14.149999999999995
504147,auger75_p2,0.4323,U,75.0,44,0.0,-16.249999999999986
504242,auger75_p2,0.4307,U,75.0,44,0.0,-17.849999999999977
504338,auger75_p2,0.4299,U,75.0,44,0.0,-18.65
504434,auger75_p2,0.4301,U,75.0,44,0.0,-18.45000000000002
504530,auger75_p2,0.4313,U,75.0,44,0.0,-17.249999999999986
504626,auger75_p2,0.4331,U,75.0,44,0.0,-15.450000000000019
504722,auger75_p2,0.4341,U,75.0,44,0.0,-14.450000000000019
504823,auger75_p2,0.4372,U,75.0,44,0.0,-11.350000000000026
504913,auger75_p2,0.4393,U,75.0,44,0.0,-9.24999999999998
505007,auger75_p2,0.441,U,75.0,44,0.0,-7.550000000000001
505103,auger75_p2,0.4411,U,75.0,44,0.0,-7.450000000000012
505199,auger75_p2,0.4386,U,75.0,44,0.0,-9.950000000000014
505295,auger75_p2,0.4345,U,75.0,44,0.0,-14.050000000000008
505391,auger75_p2,0.4309,U,75.0,44,0.0,-17.65
505486,auger75_p2,0.4296,U,75.0,44,0.0,-18.950000000000024
505582,auger75_p2,0.4304,U,75.0,44,0.0,-18.15
505678,auger75_p2,0.4316,U,75.0,44,0.0,-16.95000000000002
505774,auger75_p2,0.4324,U,75.0,44,0.0,-16.15
505868,auger75_p2,0.4326,U,75.0,44,0.0,-15.95000000000002
505964,auger75_p2,0.4323,U,75.0,44,0.0,-16.249999999999986
506059,auger75_p2,0.4316,U,75.0,44,0.0,-16.95000000000002
506156,auger75_p2,0.4304,U,75.0,44,0.0,-18.15
506251,auger75_p2,0.4236,U,75.0,44,0.0,-24.950000000000028
506347,auger75_p2,0.4216,U,75.0,44,0.0,-26.95000000000003
506443,auger75_p2,0.4216,U,75.0,44,0.0,-26.95000000000003
506539,auger75_p2,0.4234,U,75.0,44,0.0,-25.150000000000006
506635,auger75_p2,0.4265,U,75.0,44,0.0,-22.050000000000015
506730,auger75_p2,0.4303,U,75.0,44,0.0,-18.24999999999999
506824,auger75_p2,0.4336,U,75.0,44,0.0,-14.950000000000019
506920,auger75_p2,0.4354,U,75.0,44,0.0,-13.149999999999995
507016,auger75_p2,0.4364,U,75.0,44,0.0,-12.149999999999995
507112,auger75_p2,0.4375,U,75.0,44,0.0,-11.050000000000004
507208,auger75_p2,0.4385,U,75.0,44,0.0,-10.050000000000004
507303,auger75_p2,0.4379,U,75.0,44,0.0,-10.649999999999993
507399,auger75_p2,0.436,U,75.0,44,0.0,-12.550000000000006
507495,auger75_p2,0.4353,U,75.0,44,0.0,-13.249999999999984
507591,auger75_p2,0.4352,U,75.0,44,0.0,-13.350000000000028
507685,auger75_p2,0.4355,U,75.0,44,0.0,-13.050000000000006
507781,auger75_p2,0.436,U,75.0,44,0.0,-12.550000000000006
507877,auger75_p2,0.4365,U,75.0,44,0.0,-12.050000000000004
507972,auger75_p2,0.439,U,75.0,44,0.0,-9.550000000000002
508068,auger75_p2,0.438,U,75.0,44,0.0,-10.550000000000004
508164,auger75_p2,0.436,U,75.0,44,0.0,-12.550000000000006
508260,auger75_p2,0.4346,U,75.0,44,0.0,-13.950000000000017
508356,auger75_p2,0.4301,U,75.0,44,0.0,-18.45000000000002
508452,auger75_p2,0.4267,U,75.0,44,0.0,-21.84999999999998
508545,auger75_p2,0.4236,U,75.0,44,0.0,-24.950000000000028
508641,auger75_p2,0.4222,U,75.0,44,0.0,-26.349999999999984
508737,auger75_p2,0.4233,U,75.0,44,0.0,-25.249999999999993
508833,auger75_p2,0.4258,U,75.0,44,0.0,-22.749999999999993
508929,auger75_p2,0.4278,U,75.0,44,0.0,-20.74999999999999
509025,auger75_p2,0.4281,U,75.0,44,0.0,-20.450000000000024
509121,auger75_p2,0.4279,U,75.0,44,0.0,-20.650000000000002
509217,auger75_p2,0.427,U,75.0,44,0.0,-21.550000000000015
509312,auger75_p2,0.4262,U,75.0,44,0.0,-22.34999999999998
509408,auger75_p2,0.4261,U,75.0,44,0.0,-22.450000000000024
509502,auger75_p2,0.426,U,75.0,44,0.0,-22.550000000000015
509598,auger75_p2,0.426,U,75.0,44,0.0,-22.550000000000015
509694,auger75_p2,0.4259,U,75.0,44,0.0,-22.650000000000002
509790,auger75_p2,0.4257,U,75.0,44,0.0,-22.84999999999998
509886,auger75_p2,0.4256,U,75.0,44,0.0,-22.950000000000024
509981,auger75_p2,0.4258,U,75.0,44,0.0,-22.749999999999993
510077,auger75_p2,0.4263,U,75.0,44,0.0,-22.249999999999993
510173,auger75_p2,0.4327,U,75.0,44,0.0,-15.85000000000003
510269,auger75_p2,0.4349,U,75.0,44,0.0,-13.649999999999995
510363,auger75_p2,0.4366,U,75.0,44,0.0,-11.950000000000017
510458,auger75_p2,0.4382,U,75.0,44,0.0,-10.350000000000026
510554,auger75_p2,0.4395,U,75.0,44,0.0,-9.050000000000002
510650,auger75_p2,0.4396,U,75.0,44,0.0,-8.950000000000014
510746,auger75_p2,0.4385,U,75.0,44,0.0,-10.050000000000004
510842,auger75_p2,0.4373,U,75.0,44,0.0,-11.249999999999982
510938,auger75_p2,0.4374,U,75.0,44,0.0,-11.149999999999993
511034,auger75_p2,0.4378,U,75.0,44,0.0,-10.749999999999982
511129,auger75_p2,0.4386,U,75.0,44,0.0,-9.950000000000014
511223,auger75_p2,0.4393,U,75.0,44,0.0,-9.24999999999998
511319,auger75_p2,0.4422,U,75.0,44,0.0,-6.350000000000023
511415,auger75_p2,0.4411,U,75.0,44,0.0,-7.450000000000012
511511,auger75_p2,0.4406,U,75.0,44,0.0,-7.950000000000013
511607,auger75_p2,0.4411,U,75.0,44,0.0,-7.450000000000012
511703,auger75_p2,0.4418,U,75.0,44,0.0,-6.749999999999979
511798,auger75_p2,0.4423,U,75.0,44,0.0,-6.249999999999978
511894,auger75_p2,0.4421,U,75.0,44,0.0,-6.450000000000012
511990,auger75_p2,0.4413,U,75.0,44,0.0,-7.249999999999979
512084,auger75_p2,0.4327,U,75.0,44,0.0,-15.85000000000003
512180,auger75_p2,0.4291,U,75.0,44,0.0,-19.450000000000024
512276,post_auger75_p2,0.4275,U,0.0,44,0.0,-21.05000000000001
512371,post_auger75_p2,0.427,U,0.0,44,0.0,-21.550000000000015
512467,post_auger75_p2,0.4262,U,0.0,44,0.0,-22.34999999999998
512563,post_auger75_p2,0.4246,U,0.0,44,0.0,-23.950000000000028
512659,post_auger75_p2,0.4236,U,0.0,44,0.0,-24.950000000000028
512755,post_auger75_p2,0.4253,U,0.0,44,0.0,-23.249999999999993
512851,post_auger75_p2,0.4318,U,0.0,44,0.0,-16.749999999999986
512947,post_auger75_p2,0.4429,U,0.0,44,0.0,-5.649999999999988
513040,post_auger75_p2,0.4556,U,0.0,44,0.0,7.050000000000001
513136,post_auger75_p2,0.4657,U,0.0,44,0.0,17.15
513232,post_auger75_p2,0.4713,U,0.0,44,0.0,22.749999999999993
513328,post_auger75_p2,0.4734,U,0.0,44,0.0,24.849999999999984
513424,post_auger75_p2,0.4739,U,0.0,44,0.0,25.349999999999984
513519,post_auger75_p2,0.474,U,0.0,44,0.0,25.449999999999974
513615,post_auger75_p2,0.474,U,0.0,44,0.0,25.449999999999974
513711,post_auger75_p2,0.474,U,0.0,44,0.0,25.449999999999974
513807,post_auger75_p2,0.474,U,0.0,44,0.0,25.449999999999974
513901,post_auger75_p2,0.474,S,0.0,44,0.0,25.449999999999974
513997,post_auger75_p2,0.474,S,0.0,44,0.0,25.449999999999974
514093,post_auger75_p2,0.474,S,0.0,44,0.0,25.449999999999974
514189,post_auger75_p2,0.474,S,0.0,44,0.0,25.449999999999974
514284,post_auger75_p2,0.474,S,0.0,44,0.0,25.449999999999974
514380,post_auger75_p2,0.474,S,0.0,44,0.0,25.449999999999974
514476,post_auger75_p2,0.474,S,0.0,44,0.0,25.449999999999974
514572,post_auger75_p2,0.474,S,0.0,44,0.0,25.449999999999974
514668,post_auger75_p2,0.474,S,0.0,44,0.0,25.449999999999974
514762,post_auger75_p2,0.474,S,0.0,44,0.0,25.449999999999974
514858,post_auger75_p2,0.474,S,0.0,44,0.0,25.449999999999974
514953,post_auger75_p2,0.474,S,0.0,44,0.0,25.449999999999974
515049,post_auger75_p2,0.4741,S,0.0,44,0.0,25.55000000000002
515145,post_auger75_p2,0.4741,S,0.0,44,0.0,25.55000000000002
515241,post_auger75_p2,0.4741,S,0.0,44,0.0,25.55000000000002
515337,post_auger75_p2,0.4741,S,0.0,44,0.0,25.55000000000002
515433,post_auger75_p2,0.4741,S,0.0,44,0.0,25.55000000000002
515529,post_auger75_p2,0.4741,S,0.0,44,0.0,25.55000000000002
515625,post_auger75_p2,0.4741,S,0.0,44,0.0,25.55000000000002
515718,post_auger75_p2,0.4741,S,0.0,44,0.0,25.55000000000002
515814,post_auger75_p2,0.4741,S,0.0,44,0.0,25.55000000000002
515910,post_auger75_p2,0.4741,S,0.0,44,0.0,25.55000000000002
516006,post_auger75_p2,0.4741,S,0.0,44,0.0,25.55000000000002
516102,post_auger75_p2,0.4742,S,0.0,44,0.0,25.650000000000006
516198,post_auger75_p2,0.4742,S,0.0,44,0.0,25.650000000000006
516294,post_auger75_p2,0.4742,S,0.0,44,0.0,25.650000000000006
516395,post_auger75_p2,0.4742,S,0.0,44,0.0,25.650000000000006
516485,post_auger75_p2,0.4742,S,0.0,44,0.0,25.650000000000006
516579,post_auger75_p2,0.4742,S,0.0,44,0.0,25.650000000000006
516675,post_auger75_p2,0.4742,S,0.0,44,0.0,25.650000000000006
516771,post_auger75_p2,0.4743,S,0.0,44,0.0,25.749999999999996
516867,post_auger75_p2,0.4743,S,0.0,44,0.0,25.749999999999996
516963,post_auger75_p2,0.4743,S,0.0,44,0.0,25.749999999999996
517058,post_auger75_p2,0.4745,U,0.0,44,0.0,25.949999999999974
517154,post_auger75_p2,0.4745,U,0.0,44,0.0,25.949999999999974
517250,post_auger75_p2,0.4746,U,0.0,44,0.0,26.05000000000002
517346,post_auger75_p2,0.4746,U,0.0,44,0.0,26.05000000000002
517440,post_auger75_p2,0.4746,U,0.0,44,0.0,26.05000000000002
517535,post_auger75_p2,0.4747,U,0.0,44,0.0,26.150000000000006
517631,post_auger75_p2,0.4747,U,0.0,44,0.0,26.150000000000006
517727,post_auger75_p2,0.4748,U,0.0,44,0.0,26.249999999999996
517823,post_auger75_p2,0.4748,U,0.0,44,0.0,26.249999999999996
517919,post_auger75_p2,0.4749,U,0.0,44,0.0,26.349999999999984
518015,post_auger75_p2,0.4749,U,0.0,44,0.0,26.349999999999984
518111,post_auger75_p2,0.4749,U,0.0,44,0.0,26.349999999999984
518206,post_auger75_p2,0.475,U,0.0,44,0.0,26.449999999999974
518302,post_auger75_p2,0.475,U,0.0,44,0.0,26.449999999999974
518396,post_auger75_p2,0.475,S,0.0,44,0.0,26.449999999999974
518492,post_auger75_p2,0.4751,U,0.0,44,0.0,26.55000000000002
518588,post_auger75_p2,0.4751,U,0.0,44,0.0,26.55000000000002
518684,post_auger75_p2,0.4752,U,0.0,44,0.0,26.650000000000006
518779,post_auger75_p2,0.4752,U,0.0,44,0.0,26.650000000000006
518875,post_auger75_p2,0.4752,U,0.0,44,0.0,26.650000000000006
518971,post_auger75_p2,0.4753,U,0.0,44,0.0,26.749999999999996
519067,post_auger75_p2,0.4753,U,0.0,44,0.0,26.749999999999996
519163,post_auger75_p2,0.4754,U,0.0,44,0.0,26.849999999999984
519257,post_auger75_p2,0.4754,U,0.0,44,0.0,26.849999999999984
519353,post_auger75_p2,0.4754,U,0.0,44,0.0,26.849999999999984
519449,post_auger75_p2,0.4755,U,0.0,44,0.0,26.949999999999974
519544,post_auger75_p2,0.4755,U,0.0,44,0.0,26.949999999999974
519640,post_auger75_p2,0.4755,S,0.0,44,0.0,26.949999999999974
519736,post_auger75_p2,0.4755,S,0.0,44,0.0,26.949999999999974
519832,post_auger75_p2,0.4755,S,0.0,44,0.0,26.949999999999974
519928,post_auger75_p2,0.4755,S,0.0,44,0.0,26.949999999999974
520024,post_auger75_p2,0.4756,S,0.0,44,0.0,27.05000000000002
520117,post_auger75_p2,0.4756,S,0.0,44,0.0,27.05000000000002
520213,post_auger75_p2,0.4756,S,0.0,44,0.0,27.05000000000002
520309,post_auger75_p2,0.4756,S,0.0,44,0.0,27.05000000000002
520405,post_auger75_p2,0.4756,S,0.0,44,0.0,27.05000000000002
520501,post_auger75_p2,0.4756,S,0.0,44,0.0,27.05000000000002
520597,post_auger75_p2,0.4756,S,0.0,44,0.0,27.05000000000002
520693,post_auger75_p2,0.4756,S,0.0,44,0.0,27.05000000000002
520788,post_auger75_p2,0.4756,S,0.0,44,0.0,27.05000000000002
520884,post_auger75_p2,0.4756,S,0.0,44,0.0,27.05000000000002
520978,post_auger75_p2,0.4756,S,0.0,44,0.0,27.05000000000002
521074,post_auger75_p2,0.4756,S,0.0,44,0.0,27.05000000000002
521170,post_auger75_p2,0.4756,S,0.0,44,0.0,27.05000000000002
521266,post_auger75_p2,0.4756,S,0.0,44,0.0,27.05000000000002
521361,post_auger75_p2,0.4756,S,0.0,44,0.0,27.05000000000002
521457,post_auger75_p2,0.4756,S,0.0,44,0.0,27.05000000000002
521553,post_auger75_p2,0.4756,S,0.0,44,0.0,27.05000000000002
521649,post_auger75_p2,0.4756,S,0.0,44,0.0,27.05000000000002
521745,post_auger75_p2,0.4756,S,0.0,44,0.0,27.05000000000002
521841,post_auger75_p2,0.4756,S,0.0,44,0.0,27.05000000000002
521935,post_auger75_p2,0.4756,S,0.0,44,0.0,27.05000000000002
522030,post_auger75_p2,0.4756,S,0.0,44,0.0,27.05000000000002
522127,post_auger75_p2,0.4756,S,0.0,44,0.0,27.05000000000002
522222,post_auger75_p2,0.4756,S,0.0,44,0.0,27.05000000000002
522318,post_auger75_p2,0.4756,S,0.0,44,0.0,27.05000000000002
522414,post_auger75_p2,0.4757,S,0.0,44,0.0,27.150000000000006
522510,post_auger75_p2,0.4757,S,0.0,44,0.0,27.150000000000006
522606,post_auger75_p2,0.4757,S,0.0,44,0.0,27.150000000000006
522702,post_auger75_p2,0.4757,S,0.0,44,0.0,27.150000000000006
522795,post_auger75_p2,0.4757,S,0.0,44,0.0,27.150000000000006
522891,post_auger75_p2,0.4757,S,0.0,44,0.0,27.150000000000006
522987,post_auger75_p2,0.4757,S,0.0,44,0.0,27.150000000000006
523083,post_auger75_p2,0.4757,S,0.0,44,0.0,27.150000000000006
523179,post_auger75_p2,0.4757,S,0.0,44,0.0,27.150000000000006
523275,post_auger75_p2,0.4757,S,0.0,44,0.0,27.150000000000006
523371,post_auger75_p2,0.4758,S,0.0,44,0.0,27.249999999999996
523466,post_auger75_p2,0.4761,U,0.0,44,0.0,27.55000000000002
523562,post_auger75_p2,0.4761,U,0.0,44,0.0,27.55000000000002
523656,post_auger75_p2,0.4761,U,0.0,44,0.0,27.55000000000002
523752,post_auger75_p2,0.4762,U,0.0,44,0.0,27.65000000000001
523847,post_auger75_p2,0.4762,U,0.0,44,0.0,27.65000000000001
523943,post_auger75_p2,0.4762,S,0.0,44,0.0,27.65000000000001
524039,post_auger75_p2,0.4762,S,0.0,44,0.0,27.65000000000001
524135,post_auger75_p2,0.4763,U,0.0,44,0.0,27.749999999999996
524231,post_auger75_p2,0.4763,S,0.0,44,0.0,27.749999999999996
524327,post_auger75_p2,0.4763,S,0.0,44,0.0,27.749999999999996
524422,post_auger75_p2,0.4763,S,0.0,44,0.0,27.749999999999996
524518,post_auger75_p2,0.4763,S,0.0,44,0.0,27.749999999999996
524612,post_auger75_p2,0.4763,S,0.0,44,0.0,27.749999999999996
524708,post_auger75_p2,0.4763,S,0.0,44,0.0,27.749999999999996
524804,post_auger75_p2,0.4763,S,0.0,44,0.0,27.749999999999996
524900,post_auger75_p2,0.4763,S,0.0,44,0.0,27.749999999999996
524996,post_auger75_p2,0.4763,S,0.0,44,0.0,27.749999999999996
525091,post_auger75_p2,0.4763,S,0.0,44,0.0,27.749999999999996
525187,post_auger75_p2,0.4763,S,0.0,44,0.0,27.749999999999996
525283,post_auger75_p2,0.4763,S,0.0,44,0.0,27.749999999999996
525379,post_auger75_p2,0.4763,S,0.0,44,0.0,27.749999999999996
525473,post_auger75_p2,0.4763,S,0.0,44,0.0,27.749999999999996
525569,post_auger75_p2,0.4764,S,0.0,44,0.0,27.849999999999987
525665,post_auger75_p2,0.4764,S,0.0,44,0.0,27.849999999999987
525760,post_auger75_p2,0.4764,S,0.0,44,0.0,27.849999999999987
525856,post_auger75_p2,0.4764,S,0.0,44,0.0,27.849999999999987
525952,post_auger75_p2,0.4764,S,0.0,44,0.0,27.849999999999987
526048,post_auger75_p2,0.4764,S,0.0,44,0.0,27.849999999999987
526144,post_auger75_p2,0.4764,S,0.0,44,0.0,27.849999999999987
526240,post_auger75_p2,0.4764,S,0.0,44,0.0,27.849999999999987
526334,post_auger75_p2,0.4764,S,0.0,44,0.0,27.849999999999987
526430,post_auger75_p2,0.4764,S,0.0,44,0.0,27.849999999999987
526525,post_auger75_p2,0.4764,S,0.0,44,0.0,27.849999999999987
526621,post_auger75_p2,0.4764,S,0.0,44,0.0,27.849999999999987
526717,post_auger75_p2,0.4768,U,0.0,44,0.0,28.249999999999996
526812,post_auger75_p2,0.4768,U,0.0,44,0.0,28.249999999999996
526908,post_auger75_p2,0.4769,U,0.0,44,0.0,28.349999999999987
527004,post_auger75_p2,0.4769,U,0.0,44,0.0,28.349999999999987
527100,post_auger75_p2,0.477,U,0.0,44,0.0,28.449999999999974
527196,post_auger75_p2,0.477,U,0.0,44,0.0,28.449999999999974
527397,auger55_p2,0.4771,U,55.0,44,0.0,28.55000000000002
527577,auger55_p2,0.4773,U,55.0,44,0.0,28.749999999999996
527673,auger55_p2,0.4773,U,55.0,44,0.0,28.749999999999996
527769,auger55_p2,0.4772,S,55.0,44,0.0,28.65000000000001
527864,auger55_p2,0.4722,U,55.0,44,0.0,23.650000000000006
527960,auger55_p2,0.4668,U,55.0,44,0.0,18.24999999999999
528056,auger55_p2,0.461,U,55.0,44,0.0,12.450000000000017
528150,auger55_p2,0.4566,U,55.0,44,0.0,8.05
528246,auger55_p2,0.4541,U,55.0,44,0.0,5.549999999999999
528346,auger55_p2,0.4518,U,55.0,44,0.0,3.249999999999975
528438,auger55_p2,0.4483,U,55.0,44,0.0,-0.250000000000028
528533,auger55_p2,0.4445,U,55.0,44,0.0,-4.049999999999998
528629,auger55_p2,0.4427,U,55.0,44,0.0,-5.850000000000022
528725,auger55_p2,0.4446,U,55.0,44,0.0,-3.950000000000009
528821,auger55_p2,0.4488,U,55.0,44,0.0,0.24999999999997247
528917,auger55_p2,0.4521,U,55.0,44,0.0,3.5499999999999976
529011,auger55_p2,0.4517,U,55.0,44,0.0,3.149999999999986
529106,auger55_p2,0.448,U,55.0,44,0.0,-0.5499999999999949
529203,auger55_p2,0.4437,U,55.0,44,0.0,-4.850000000000021
529298,auger55_p2,0.4414,U,55.0,44,0.0,-7.14999999999999
529394,auger55_p2,0.4411,U,55.0,44,0.0,-7.450000000000012
529490,auger55_p2,0.4412,U,55.0,44,0.0,-7.350000000000023
529586,auger55_p2,0.4401,U,55.0,44,0.0,-8.450000000000014
529682,auger55_p2,0.4381,U,55.0,44,0.0,-10.450000000000015
529777,auger55_p2,0.4365,U,55.0,44,0.0,-12.050000000000004
529873,auger55_p2,0.4364,U,55.0,44,0.0,-12.149999999999995
529967,auger55_p2,0.4373,U,55.0,44,0.0,-11.249999999999982
530063,auger55_p2,0.4379,U,55.0,44,0.0,-10.649999999999993
530159,auger55_p2,0.4376,U,55.0,44,0.0,-10.950000000000015
530255,auger55_p2,0.4372,U,55.0,44,0.0,-11.350000000000026
530351,auger55_p2,0.4369,U,55.0,44,0.0,-11.649999999999993
530446,auger55_p2,0.4367,U,55.0,44,0.0,-11.850000000000026
530542,auger55_p2,0.4366,U,55.0,44,0.0,-11.950000000000017
530638,auger55_p2,0.4363,U,55.0,44,0.0,-12.249999999999982
530734,auger55_p2,0.4327,U,55.0,44,0.0,-15.85000000000003
530828,auger55_p2,0.4312,U,55.0,44,0.0,-17.349999999999977
530924,auger55_p2,0.4307,U,55.0,44,0.0,-17.849999999999977
531019,auger55_p2,0.4317,U,55.0,44,0.0,-16.85000000000003
531115,auger55_p2,0.4332,U,55.0,44,0.0,-15.35000000000003
531211,auger55_p2,0.434,U,55.0,44,0.0,-14.550000000000008
531307,auger55_p2,0.4366,U,55.0,44,0.0,-11.950000000000017
531403,auger55_p2,0.4399,U,55.0,44,0.0,-8.649999999999991
531499,auger55_p2,0.4442,U,55.0,44,0.0,-4.350000000000021
531594,auger55_p2,0.4479,U,55.0,44,0.0,-0.6499999999999839
531688,auger55_p2,0.4497,U,55.0,44,0.0,1.1499999999999844
531784,auger55_p2,0.4494,U,55.0,44,0.0,0.8500000000000174
531880,auger55_p2,0.4484,U,55.0,44,0.0,-0.14999999999998348
531976,auger55_p2,0.4474,U,55.0,44,0.0,-1.1499999999999844
532072,auger55_p2,0.4462,U,55.0,44,0.0,-2.3500000000000187
532168,auger55_p2,0.4444,U,55.0,44,0.0,-4.149999999999987
532264,auger55_p2,0.4423,U,55.0,44,0.0,-6.249999999999978
532359,auger55_p2,0.4405,U,55.0,44,0.0,-8.05
532455,auger55_p2,0.4392,U,55.0,44,0.0,-9.350000000000025
532549,auger55_p2,0.4385,U,55.0,44,0.0,-10.050000000000004
532645,auger55_p2,0.4378,U,55.0,44,0.0,-10.749999999999982
532741,auger55_p2,0.4365,U,55.0,44,0.0,-12.050000000000004
532836,auger55_p2,0.4346,U,55.0,44,0.0,-13.950000000000017
532932,auger55_p2,0.4331,U,55.0,44,0.0,-15.450000000000019
533028,auger55_p2,0.4329,U,55.0,44,0.0,-15.649999999999997
533124,auger55_p2,0.4338,U,55.0,44,0.0,-14.749999999999986
533220,auger55_p2,0.4347,U,55.0,44,0.0,-13.85000000000003
533316,auger55_p2,0.4346,U,55.0,44,0.0,-13.950000000000017
533412,auger55_p2,0.4343,U,55.0,44,0.0,-14.249999999999986
533505,auger55_p2,0.4342,U,55.0,44,0.0,-14.35000000000003
533601,auger55_p2,0.4346,U,55.0,44,0.0,-13.950000000000017
533697,auger55_p2,0.4398,U,55.0,44,0.0,-8.74999999999998
533793,auger55_p2,0.4418,U,55.0,44,0.0,-6.749999999999979
533889,auger55_p2,0.4411,U,55.0,44,0.0,-7.450000000000012
533985,auger55_p2,0.439,U,55.0,44,0.0,-9.550000000000002
534080,auger55_p2,0.4375,U,55.0,44,0.0,-11.050000000000004
534176,auger55_p2,0.4374,U,55.0,44,0.0,-11.149999999999993
534272,auger55_p2,0.4376,U,55.0,44,0.0,-10.950000000000015
534366,auger55_p2,0.438,U,55.0,44,0.0,-10.550000000000004
534462,auger55_p2,0.4371,U,55.0,44,0.0,-11.450000000000015
534558,auger55_p2,0.4363,U,55.0,44,0.0,-12.249999999999982
534654,auger55_p2,0.4357,U,55.0,44,0.0,-12.850000000000028
534750,auger55_p2,0.4356,U,55.0,44,0.0,-12.950000000000017
534845,auger55_p2,0.4359,U,55.0,44,0.0,-12.649999999999995
534941,auger55_p2,0.4365,U,55.0,44,0.0,-12.050000000000004
535037,auger55_p2,0.4369,U,55.0,44,0.0,-11.649999999999993
535133,auger55_p2,0.4369,U,55.0,44,0.0,-11.649999999999993
535227,auger55_p2,0.4366,U,55.0,44,0.0,-11.950000000000017
535323,auger55_p2,0.4364,U,55.0,44,0.0,-12.149999999999995
535418,auger55_p2,0.4355,U,55.0,44,0.0,-13.050000000000006
535514,auger55_p2,0.4374,U,55.0,44,0.0,-11.149999999999993
535610,auger55_p2,0.4383,U,55.0,44,0.0,-10.249999999999982
535706,auger55_p2,0.4411,U,55.0,44,0.0,-7.450000000000012
535802,auger55_p2,0.4432,U,55.0,44,0.0,-5.350000000000021
535898,auger55_p2,0.4448,U,55.0,44,0.0,-3.750000000000031
535993,auger55_p2,0.4458,U,55.0,44,0.0,-2.75000000000003
536089,auger55_p2,0.4463,U,55.0,44,0.0,-2.2500000000000298
536183,auger55_p2,0.4459,U,55.0,44,0.0,-2.6499999999999857
536279,auger55_p2,0.4445,U,55.0,44,0.0,-4.049999999999998
536375,auger55_p2,0.4439,U,55.0,44,0.0,-4.649999999999988
536471,auger55_p2,0.4438,U,55.0,44,0.0,-4.750000000000032
536567,auger55_p2,0.4441,U,55.0,44,0.0,-4.45000000000001
536662,auger55_p2,0.4442,U,55.0,44,0.0,-4.350000000000021
536758,auger55_p2,0.4439,U,55.0,44,0.0,-4.649999999999988
536854,auger55_p2,0.4386,U,55.0,44,0.0,-9.950000000000014
536950,auger55_p2,0.436,U,55.0,44,0.0,-12.550000000000006
537044,auger55_p2,0.435,U,55.0,44,0.0,-13.550000000000006
537140,auger55_p2,0.4346,U,55.0,44,0.0,-13.950000000000017
537236,auger55_p2,0.434,U,55.0,44,0.0,-14.550000000000008
537331,auger55_p2,0.4339,U,55.0,44,0.0,-14.649999999999997
537427,auger55_p2,0.4351,U,55.0,44,0.0,-13.450000000000017
537523,auger55_p2,0.4359,U,55.0,44,0.0,-12.649999999999995
537619,auger55_p2,0.4366,U,55.0,44,0.0,-11.950000000000017
537715,auger55_p2,0.4383,U,55.0,44,0.0,-10.249999999999982
537811,auger55_p2,0.4386,U,55.0,44,0.0,-9.950000000000014
537904,auger55_p2,0.4395,U,55.0,44,0.0,-9.050000000000002
537999,auger55_p2,0.44,U,55.0,44,0.0,-8.550000000000002
538096,auger55_p2,0.4392,U,55.0,44,0.0,-9.350000000000025
538192,auger55_p2,0.438,U,55.0,44,0.0,-10.550000000000004
538288,auger55_p2,0.4367,U,55.0,44,0.0,-11.850000000000026
538384,auger55_p2,0.4323,U,55.0,44,0.0,-16.249999999999986
538479,auger55_p2,0.4319,U,55.0,44,0.0,-16.65
538575,auger55_p2,0.4325,U,55.0,44,0.0,-16.050000000000008
538671,auger55_p2,0.4335,U,55.0,44,0.0,-15.050000000000008
538767,auger55_p2,0.4345,U,55.0,44,0.0,-14.050000000000008
538861,auger55_p2,0.4347,U,55.0,44,0.0,-13.85000000000003
538957,auger55_p2,0.4347,U,55.0,44,0.0,-13.85000000000003
539053,auger55_p2,0.4345,U,55.0,44,0.0,-14.050000000000008
539148,auger55_p2,0.4343,U,55.0,44,0.0,-14.249999999999986
539244,auger55_p2,0.4345,U,55.0,44,0.0,-14.050000000000008
539340,auger55_p2,0.4351,U,55.0,44,0.0,-13.450000000000017
539436,auger55_p2,0.4424,U,55.0,44,0.0,-6.149999999999989
539532,auger55_p2,0.4459,U,55.0,44,0.0,-2.6499999999999857
539628,auger55_p2,0.4487,U,55.0,44,0.0,0.14999999999998348
539728,auger55_p2,0.4509,U,55.0,44,0.0,2.3500000000000187
539817,auger55_p2,0.4514,U,55.0,44,0.0,2.850000000000019
539913,auger55_p2,0.4493,U,55.0,44,0.0,0.7499999999999729
540009,auger55_p2,0.445,U,55.0,44,0.0,-3.5499999999999976
540105,auger55_p2,0.4408,U,55.0,44,0.0,-7.749999999999979
540201,auger55_p2,0.4384,U,55.0,44,0.0,-10.149999999999991
540297,auger55_p2,0.4377,U,55.0,44,0.0,-10.850000000000026
540392,auger55_p2,0.4376,U,55.0,44,0.0,-10.950000000000015
540488,auger55_p2,0.4373,U,55.0,44,0.0,-11.249999999999982
540582,auger55_p2,0.4358,U,55.0,44,0.0,-12.749999999999984
540678,auger55_p2,0.433,U,55.0,44,0.0,-15.550000000000008
540774,auger55_p2,0.4301,U,55.0,44,0.0,-18.45000000000002
540870,auger55_p2,0.4286,U,55.0,44,0.0,-19.950000000000024
540965,auger55_p2,0.4287,U,55.0,44,0.0,-19.84999999999998
541061,auger55_p2,0.4299,U,55.0,44,0.0,-18.65
541157,auger55_p2,0.4315,U,55.0,44,0.0,-17.05000000000001
541253,auger55_p2,0.4332,U,55.0,44,0.0,-15.35000000000003
541349,auger55_p2,0.4347,U,55.0,44,0.0,-13.85000000000003
541445,auger55_p2,0.4363,U,55.0,44,0.0,-12.249999999999982
541538,auger55_p2,0.4385,U,55.0,44,0.0,-10.050000000000004
541634,auger55_p2,0.4409,U,55.0,44,0.0,-7.64999999999999
541730,auger55_p2,0.4424,U,55.0,44,0.0,-6.149999999999989
541826,auger55_p2,0.4432,U,55.0,44,0.0,-5.350000000000021
541922,auger55_p2,0.4439,U,55.0,44,0.0,-4.649999999999988
542018,auger55_p2,0.4446,U,55.0,44,0.0,-3.950000000000009
542114,auger55_p2,0.444,U,55.0,44,0.0,-4.549999999999999
542209,auger55_p2,0.4414,U,55.0,44,0.0,-7.14999999999999
542305,post_auger55_p2,0.4399,U,0.0,44,0.0,-8.649999999999991
542399,post_auger55_p2,0.4371,U,0.0,44,0.0,-11.450000000000015
542495,post_auger55_p2,0.4371,U,0.0,44,0.0,-11.450000000000015
542591,post_auger55_p2,0.4365,U,0.0,44,0.0,-12.050000000000004
542687,post_auger55_p2,0.4344,U,0.0,44,0.0,-14.149999999999995
542782,post_auger55_p2,0.4329,U,0.0,44,0.0,-15.649999999999997
542878,post_auger55_p2,0.435,U,0.0,44,0.0,-13.550000000000006
542974,post_auger55_p2,0.4414,U,0.0,44,0.0,-7.14999999999999
543070,post_auger55_p2,0.4499,U,0.0,44,0.0,1.3500000000000179
543166,post_auger55_p2,0.4574,U,0.0,44,0.0,8.84999999999997
543260,post_auger55_p2,0.462,U,0.0,44,0.0,13.450000000000017
543356,post_auger55_p2,0.4641,U,0.0,44,0.0,15.550000000000008
543451,post_auger55_p2,0.4648,U,0.0,44,0.0,16.249999999999986
543547,post_auger55_p2,0.4649,U,0.0,44,0.0,16.349999999999977
543643,post_auger55_p2,0.4649,U,0.0,44,0.0,16.349999999999977
543739,post_auger55_p2,0.4649,U,0.0,44,0.0,16.349999999999977
543835,post_auger55_p2,0.4648,U,0.0,44,0.0,16.249999999999986
543931,post_auger55_p2,0.4648,S,0.0,44,0.0,16.249999999999986
544027,post_auger55_p2,0.4648,S,0.0,44,0.0,16.249999999999986
544121,post_auger55_p2,0.4648,S,0.0,44,0.0,16.249999999999986
544216,post_auger55_p2,0.4647,U,0.0,44,0.0,16.15
544312,post_auger55_p2,0.4647,S,0.0,44,0.0,16.15
544408,post_auger55_p2,0.4646,U,0.0,44,0.0,16.050000000000008
544504,post_auger55_p2,0.4645,U,0.0,44,0.0,15.95000000000002
544600,post_auger55_p2,0.4645,U,0.0,44,0.0,15.95000000000002
544696,post_auger55_p2,0.4644,U,0.0,44,0.0,15.849999999999975
544792,post_auger55_p2,0.4644,U,0.0,44,0.0,15.849999999999975
544887,post_auger55_p2,0.4644,U,0.0,44,0.0,15.849999999999975
544983,post_auger55_p2,0.4643,U,0.0,44,0.0,15.749999999999986
545077,post_auger55_p2,0.4643,U,0.0,44,0.0,15.749999999999986
545173,post_auger55_p2,0.4643,S,0.0,44,0.0,15.749999999999986
545269,post_auger55_p2,0.4642,U,0.0,44,0.0,15.649999999999997
545365,post_auger55_p2,0.4642,U,0.0,44,0.0,15.649999999999997
545461,post_auger55_p2,0.4642,S,0.0,44,0.0,15.649999999999997
545556,post_auger55_p2,0.4641,U,0.0,44,0.0,15.550000000000008
545652,post_auger55_p2,0.4641,U,0.0,44,0.0,15.550000000000008
545748,post_auger55_p2,0.464,U,0.0,44,0.0,15.450000000000019
545844,post_auger55_p2,0.464,U,0.0,44,0.0,15.450000000000019
545938,post_auger55_p2,0.4639,U,0.0,44,0.0,15.349999999999975
546034,post_auger55_p2,0.4639,U,0.0,44,0.0,15.349999999999975
546130,post_auger55_p2,0.4638,U,0.0,44,0.0,15.249999999999986
546225,post_auger55_p2,0.4638,U,0.0,44,0.0,15.249999999999986
546321,post_auger55_p2,0.4637,U,0.0,44,0.0,15.149999999999997
546417,post_auger55_p2,0.4637,U,0.0,44,0.0,15.149999999999997
546513,post_auger55_p2,0.4636,U,0.0,44,0.0,15.050000000000008
546609,post_auger55_p2,0.4636,U,0.0,44,0.0,15.050000000000008
546705,post_auger55_p2,0.4635,U,0.0,44,0.0,14.950000000000019
546799,post_auger55_p2,0.4635,U,0.0,44,0.0,14.950000000000019
546894,post_auger55_p2,0.4635,U,0.0,44,0.0,14.950000000000019
546990,post_auger55_p2,0.4634,U,0.0,44,0.0,14.849999999999975
547086,post_auger55_p2,0.4634,U,0.0,44,0.0,14.849999999999975
547182,post_auger55_p2,0.4633,U,0.0,44,0.0,14.749999999999986
547278,post_auger55_p2,0.4633,U,0.0,44,0.0,14.749999999999986
547374,post_auger55_p2,0.4632,U,0.0,44,0.0,14.649999999999997
547469,post_auger55_p2,0.4632,U,0.0,44,0.0,14.649999999999997
547565,post_auger55_p2,0.4632,U,0.0,44,0.0,14.649999999999997
547661,post_auger55_p2,0.4632,S,0.0,44,0.0,14.649999999999997
547755,post_auger55_p2,0.4631,U,0.0,44,0.0,14.550000000000008
547851,post_auger55_p2,0.4631,S,0.0,44,0.0,14.550000000000008
547947,post_auger55_p2,0.4631,S,0.0,44,0.0,14.550000000000008
548043,post_auger55_p2,0.4631,S,0.0,44,0.0,14.550000000000008
548138,post_auger55_p2,0.463,U,0.0,44,0.0,14.450000000000019
548234,post_auger55_p2,0.463,S,0.0,44,0.0,14.450000000000019
548330,post_auger55_p2,0.463,S,0.0,44,0.0,14.450000000000019
548426,post_auger55_p2,0.463,S,0.0,44,0.0,14.450000000000019
548522,post_auger55_p2,0.463,S,0.0,44,0.0,14.450000000000019
548616,post_auger55_p2,0.463,S,0.0,44,0.0,14.450000000000019
548711,post_auger55_p2,0.463,S,0.0,44,0.0,14.450000000000019
548807,post_auger55_p2,0.463,S,0.0,44,0.0,14.450000000000019
548903,post_auger55_p2,0.463,S,0.0,44,0.0,14.450000000000019
548999,post_auger55_p2,0.463,S,0.0,44,0.0,14.450000000000019
549095,post_auger55_p2,0.463,S,0.0,44,0.0,14.450000000000019
549191,post_auger55_p2,0.463,S,0.0,44,0.0,14.450000000000019
549287,post_auger55_p2,0.463,S,0.0,44,0.0,14.450000000000019
549382,post_auger55_p2,0.463,S,0.0,44,0.0,14.450000000000019
549476,post_auger55_p2,0.463,S,0.0,44,0.0,14.450000000000019
549572,post_auger55_p2,0.463,S,0.0,44,0.0,14.450000000000019
549668,post_auger55_p2,0.463,S,0.0,44,0.0,14.450000000000019
549764,post_auger55_p2,0.463,S,0.0,44,0.0,14.450000000000019
549860,post_auger55_p2,0.463,S,0.0,44,0.0,14.450000000000019
549956,post_auger55_p2,0.463,S,0.0,44,0.0,14.450000000000019
550052,post_auger55_p2,0.4629,S,0.0,44,0.0,14.349999999999973
550147,post_auger55_p2,0.4629,S,0.0,44,0.0,14.349999999999973
550243,post_auger55_p2,0.4629,S,0.0,44,0.0,14.349999999999973
550339,post_auger55_p2,0.4629,S,0.0,44,0.0,14.349999999999973
550433,post_auger55_p2,0.4629,S,0.0,44,0.0,14.349999999999973
550529,post_auger55_p2,0.463,S,0.0,44,0.0,14.450000000000019
550625,post_auger55_p2,0.463,S,0.0,44,0.0,14.450000000000019
550721,post_auger55_p2,0.463,S,0.0,44,0.0,14.450000000000019
550816,post_auger55_p2,0.463,S,0.0,44,0.0,14.450000000000019
550912,post_auger55_p2,0.463,S,0.0,44,0.0,14.450000000000019
551008,post_auger55_p2,0.463,S,0.0,44,0.0,14.450000000000019
551104,post_auger55_p2,0.463,S,0.0,44,0.0,14.450000000000019
551200,post_auger55_p2,0.463,S,0.0,44,0.0,14.450000000000019
551294,post_auger55_p2,0.463,S,0.0,44,0.0,14.450000000000019
551390,post_auger55_p2,0.463,S,0.0,44,0.0,14.450000000000019
551486,post_auger55_p2,0.463,S,0.0,44,0.0,14.450000000000019
551592,post_auger55_p2,0.463,S,0.0,44,0.0,14.450000000000019
551682,post_auger55_p2,0.463,S,0.0,44,0.0,14.450000000000019
551773,post_auger55_p2,0.463,S,0.0,44,0.0,14.450000000000019
551869,post_auger55_p2,0.463,S,0.0,44,0.0,14.450000000000019
551964,post_auger55_p2,0.4634,U,0.0,44,0.0,14.849999999999975
552060,post_auger55_p2,0.4634,U,0.0,44,0.0,14.849999999999975
552154,post_auger55_p2,0.4634,U,0.0,44,0.0,14.849999999999975
552250,post_auger55_p2,0.4635,U,0.0,44,0.0,14.950000000000019
552346,post_auger55_p2,0.4635,U,0.0,44,0.0,14.950000000000019
552441,post_auger55_p2,0.4636,U,0.0,44,0.0,15.050000000000008
552537,post_auger55_p2,0.4636,U,0.0,44,0.0,15.050000000000008
552633,post_auger55_p2,0.4637,U,0.0,44,0.0,15.149999999999997
552729,post_auger55_p2,0.4637,U,0.0,44,0.0,15.149999999999997
552825,post_auger55_p2,0.4637,U,0.0,44,0.0,15.149999999999997
552921,post_auger55_p2,0.4638,U,0.0,44,0.0,15.249999999999986
553016,post_auger55_p2,0.4638,U,0.0,44,0.0,15.249999999999986
553110,post_auger55_p2,0.4638,S,0.0,44,0.0,15.249999999999986
553206,post_auger55_p2,0.4638,S,0.0,44,0.0,15.249999999999986
553302,post_auger55_p2,0.4639,U,0.0,44,0.0,15.349999999999975
553398,post_auger55_p2,0.4639,S,0.0,44,0.0,15.349999999999975
553494,post_auger55_p2,0.4639,S,0.0,44,0.0,15.349999999999975
553590,post_auger55_p2,0.464,U,0.0,44,0.0,15.450000000000019
553686,post_auger55_p2,0.464,U,0.0,44,0.0,15.450000000000019
553781,post_auger55_p2,0.4641,U,0.0,44,0.0,15.550000000000008
553877,post_auger55_p2,0.4641,U,0.0,44,0.0,15.550000000000008
553971,post_auger55_p2,0.4641,U,0.0,44,0.0,15.550000000000008
554067,post_auger55_p2,0.4642,U,0.0,44,0.0,15.649999999999997
554163,post_auger55_p2,0.4642,U,0.0,44,0.0,15.649999999999997
554258,post_auger55_p2,0.4642,S,0.0,44,0.0,15.649999999999997
554354,post_auger55_p2,0.4643,U,0.0,44,0.0,15.749999999999986
554450,post_auger55_p2,0.4643,U,0.0,44,0.0,15.749999999999986
554546,post_auger55_p2,0.4644,U,0.0,44,0.0,15.849999999999975
554642,post_auger55_p2,0.4644,U,0.0,44,0.0,15.849999999999975
554738,post_auger55_p2,0.4644,U,0.0,44,0.0,15.849999999999975
554832,post_auger55_p2,0.4645,U,0.0,44,0.0,15.95000000000002
554927,post_auger55_p2,0.4645,U,0.0,44,0.0,15.95000000000002
555023,post_auger55_p2,0.4646,U,0.0,44,0.0,16.050000000000008
555119,post_auger55_p2,0.4646,U,0.0,44,0.0,16.050000000000008
555215,post_auger55_p2,0.4646,U,0.0,44,0.0,16.050000000000008
555311,post_auger55_p2,0.4647,U,0.0,44,0.0,16.15
555407,post_auger55_p2,0.4647,U,0.0,44,0.0,16.15
555502,post_auger55_p2,0.4647,S,0.0,44,0.0,16.15
555598,post_auger55_p2,0.4647,S,0.0,44,0.0,16.15
555694,post_auger55_p2,0.4647,S,0.0,44,0.0,16.15
555788,post_auger55_p2,0.4647,S,0.0,44,0.0,16.15
555884,post_auger55_p2,0.4647,S,0.0,44,0.0,16.15
555980,post_auger55_p2,0.4647,S,0.0,44,0.0,16.15
556076,post_auger55_p2,0.4646,S,0.0,44,0.0,16.050000000000008
556172,post_auger55_p2,0.4646,S,0.0,44,0.0,16.050000000000008
556267,post_auger55_p2,0.4646,S,0.0,44,0.0,16.050000000000008
556363,post_auger55_p2,0.4646,S,0.0,44,0.0,16.050000000000008
556459,post_auger55_p2,0.4646,S,0.0,44,0.0,16.050000000000008
556555,post_auger55_p2,0.4646,S,0.0,44,0.0,16.050000000000008
556649,post_auger55_p2,0.4646,S,0.0,44,0.0,16.050000000000008
556745,post_auger55_p2,0.4646,S,0.0,44,0.0,16.050000000000008
556840,post_auger55_p2,0.4646,S,0.0,44,0.0,16.050000000000008
556936,post_auger55_p2,0.4646,S,0.0,44,0.0,16.050000000000008
557032,post_auger55_p2,0.4646,S,0.0,44,0.0,16.050000000000008
557128,post_auger55_p2,0.4646,S,0.0,44,0.0,16.050000000000008
557224,post_auger55_p2,0.4646,S,0.0,44,0.0,16.050000000000008
557320,auger30_p2,0.4646,S,30.0,44,0.0,16.050000000000008
557416,auger30_p2,0.4646,S,30.0,44,0.0,16.050000000000008
557510,auger30_p2,0.4646,S,30.0,44,0.0,16.050000000000008
557606,auger30_p2,0.4646,S,30.0,44,0.0,16.050000000000008
557701,auger30_p2,0.4646,S,30.0,44,0.0,16.050000000000008
557797,auger30_p2,0.4646,S,30.0,44,0.0,16.050000000000008
557893,auger30_p2,0.4646,S,30.0,44,0.0,16.050000000000008
557988,auger30_p2,0.4592,U,30.0,44,0.0,10.649999999999993
558084,auger30_p2,0.4542,U,30.0,44,0.0,5.649999999999988
558180,auger30_p2,0.4475,U,30.0,44,0.0,-1.0499999999999954
558276,auger30_p2,0.4406,U,30.0,44,0.0,-7.950000000000013
558370,auger30_p2,0.4353,U,30.0,44,0.0,-13.249999999999984
558465,auger30_p2,0.4322,U,30.0,44,0.0,-16.35000000000003
558561,auger30_p2,0.4306,U,30.0,44,0.0,-17.95000000000002
558657,auger30_p2,0.4299,U,30.0,44,0.0,-18.65
558753,auger30_p2,0.4302,U,30.0,44,0.0,-18.349999999999977
558849,auger30_p2,0.432,U,30.0,44,0.0,-16.550000000000008
558945,auger30_p2,0.4344,U,30.0,44,0.0,-14.149999999999995
559040,auger30_p2,0.4359,U,30.0,44,0.0,-12.649999999999995
559136,auger30_p2,0.4355,U,30.0,44,0.0,-13.050000000000006
559232,auger30_p2,0.434,U,30.0,44,0.0,-14.550000000000008
559326,auger30_p2,0.4329,U,30.0,44,0.0,-15.649999999999997
559422,auger30_p2,0.4331,U,30.0,44,0.0,-15.450000000000019
559518,auger30_p2,0.4338,U,30.0,44,0.0,-14.749999999999986
559614,auger30_p2,0.4345,U,30.0,44,0.0,-14.050000000000008
559709,auger30_p2,0.435,U,30.0,44,0.0,-13.550000000000006
559805,auger30_p2,0.4352,U,30.0,44,0.0,-13.350000000000028
559901,auger30_p2,0.4352,U,30.0,44,0.0,-13.350000000000028
559997,auger30_p2,0.4351,U,30.0,44,0.0,-13.450000000000017
560093,auger30_p2,0.4348,U,30.0,44,0.0,-13.749999999999984
560187,auger30_p2,0.4317,U,30.0,44,0.0,-16.85000000000003
560283,auger30_p2,0.4309,U,30.0,44,0.0,-17.65
560378,auger30_p2,0.4305,U,30.0,44,0.0,-18.05000000000001
560474,auger30_p2,0.4302,U,30.0,44,0.0,-18.349999999999977
560570,auger30_p2,0.4301,U,30.0,44,0.0,-18.45000000000002
560666,auger30_p2,0.4308,U,30.0,44,0.0,-17.74999999999999
560762,auger30_p2,0.4315,U,30.0,44,0.0,-17.05000000000001
560858,auger30_p2,0.432,U,30.0,44,0.0,-16.550000000000008
560953,auger30_p2,0.4324,U,30.0,44,0.0,-16.15
561047,auger30_p2,0.4333,U,30.0,44,0.0,-15.249999999999986
561143,auger30_p2,0.4328,U,30.0,44,0.0,-15.749999999999986
561239,auger30_p2,0.4326,U,30.0,44,0.0,-15.95000000000002
561335,auger30_p2,0.4324,U,30.0,44,0.0,-16.15
561431,auger30_p2,0.4324,U,30.0,44,0.0,-16.15
561526,auger30_p2,0.4326,U,30.0,44,0.0,-15.95000000000002
561622,auger30_p2,0.4329,U,30.0,44,0.0,-15.649999999999997
561718,auger30_p2,0.4332,U,30.0,44,0.0,-15.35000000000003
561814,auger30_p2,0.4334,U,30.0,44,0.0,-15.149999999999997
561910,auger30_p2,0.4335,U,30.0,44,0.0,-15.050000000000008
562004,auger30_p2,0.4335,U,30.0,44,0.0,-15.050000000000008
562100,auger30_p2,0.4337,U,30.0,44,0.0,-14.85000000000003
562195,auger30_p2,0.4339,U,30.0,44,0.0,-14.649999999999997
562292,auger30_p2,0.4343,U,30.0,44,0.0,-14.249999999999986
562387,auger30_p2,0.4384,U,30.0,44,0.0,-10.149999999999991
562483,auger30_p2,0.4371,U,30.0,44,0.0,-11.450000000000015
562579,auger30_p2,0.4353,U,30.0,44,0.0,-13.249999999999984
562675,auger30_p2,0.435,U,30.0,44,0.0,-13.550000000000006
562770,auger30_p2,0.4351,U,30.0,44,0.0,-13.450000000000017
562864,auger30_p2,0.4356,U,30.0,44,0.0,-12.950000000000017
562960,auger30_p2,0.4361,U,30.0,44,0.0,-12.450000000000017
563056,auger30_p2,0.4365,U,30.0,44,0.0,-12.050000000000004
563152,auger30_p2,0.4366,U,30.0,44,0.0,-11.950000000000017
563253,auger30_p2,0.4365,U,30.0,44,0.0,-12.050000000000004
563344,auger30_p2,0.4363,U,30.0,44,0.0,-12.249999999999982
563439,auger30_p2,0.4335,U,30.0,44,0.0,-15.050000000000008
563535,auger30_p2,0.4329,U,30.0,44,0.0,-15.649999999999997
563631,auger30_p2,0.433,U,30.0,44,0.0,-15.550000000000008
563725,auger30_p2,0.4337,U,30.0,44,0.0,-14.85000000000003
563821,auger30_p2,0.4344,U,30.0,44,0.0,-14.149999999999995
563917,auger30_p2,0.4348,U,30.0,44,0.0,-13.749999999999984
564012,auger30_p2,0.4352,U,30.0,44,0.0,-13.350000000000028
564108,auger30_p2,0.4374,U,30.0,44,0.0,-11.149999999999993
564204,auger30_p2,0.439,U,30.0,44,0.0,-9.550000000000002
564300,auger30_p2,0.4399,U,30.0,44,0.0,-8.649999999999991
564396,auger30_p2,0.4393,U,30.0,44,0.0,-9.24999999999998
564492,auger30_p2,0.4375,U,30.0,44,0.0,-11.050000000000004
564588,auger30_p2,0.4363,U,30.0,44,0.0,-12.249999999999982
564681,auger30_p2,0.4336,U,30.0,44,0.0,-14.950000000000019
564777,auger30_p2,0.4333,U,30.0,44,0.0,-15.249999999999986
564873,auger30_p2,0.434,U,30.0,44,0.0,-14.550000000000008
564969,auger30_p2,0.4347,U,30.0,44,0.0,-13.85000000000003
565065,auger30_p2,0.4348,U,30.0,44,0.0,-13.749999999999984
565161,auger30_p2,0.4345,U,30.0,44,0.0,-14.050000000000008
565256,auger30_p2,0.434,U,30.0,44,0.0,-14.550000000000008
565352,auger30_p2,0.4337,U,30.0,44,0.0,-14.85000000000003
565448,auger30_p2,0.4337,U,30.0,44,0.0,-14.85000000000003
565542,auger30_p2,0.4342,U,30.0,44,0.0,-14.35000000000003
565638,auger30_p2,0.4403,U,30.0,44,0.0,-8.249999999999979
565734,auger30_p2,0.4434,U,30.0,44,0.0,-5.149999999999988
565829,auger30_p2,0.4449,U,30.0,44,0.0,-3.6499999999999866
565925,auger30_p2,0.444,U,30.0,44,0.0,-4.549999999999999
566021,auger30_p2,0.4413,U,30.0,44,0.0,-7.249999999999979
566117,auger30_p2,0.4383,U,30.0,44,0.0,-10.249999999999982
566213,auger30_p2,0.4361,U,30.0,44,0.0,-12.450000000000017
566309,auger30_p2,0.4351,U,30.0,44,0.0,-13.450000000000017
566403,auger30_p2,0.435,U,30.0,44,0.0,-13.550000000000006
566498,auger30_p2,0.4352,U,30.0,44,0.0,-13.350000000000028
566594,auger30_p2,0.4353,U,30.0,44,0.0,-13.249999999999984
566690,auger30_p2,0.4353,U,30.0,44,0.0,-13.249999999999984
566786,auger30_p2,0.4353,U,30.0,44,0.0,-13.249999999999984
566882,auger30_p2,0.4356,U,30.0,44,0.0,-12.950000000000017
566978,auger30_p2,0.4359,U,30.0,44,0.0,-12.649999999999995
567074,auger30_p2,0.4362,U,30.0,44,0.0,-12.350000000000028
567170,auger30_p2,0.4364,U,30.0,44,0.0,-12.149999999999995
567265,auger30_p2,0.4364,U,30.0,44,0.0,-12.149999999999995
567359,auger30_p2,0.4364,U,30.0,44,0.0,-12.149999999999995
567455,auger30_p2,0.4366,U,30.0,44,0.0,-11.950000000000017
567551,auger30_p2,0.437,U,30.0,44,0.0,-11.550000000000004
567646,auger30_p2,0.4428,U,30.0,44,0.0,-5.749999999999977
567742,auger30_p2,0.4444,U,30.0,44,0.0,-4.149999999999987
567838,auger30_p2,0.4445,U,30.0,44,0.0,-4.049999999999998
567934,auger30_p2,0.443,U,30.0,44,0.0,-5.549999999999999
568030,auger30_p2,0.4405,U,30.0,44,0.0,-8.05
568126,auger30_p2,0.4392,U,30.0,44,0.0,-9.350000000000025
568220,auger30_p2,0.4364,U,30.0,44,0.0,-12.149999999999995
568315,auger30_p2,0.4358,U,30.0,44,0.0,-12.749999999999984
568411,auger30_p2,0.4355,U,30.0,44,0.0,-13.050000000000006
568507,auger30_p2,0.4348,U,30.0,44,0.0,-13.749999999999984
568603,auger30_p2,0.4337,U,30.0,44,0.0,-14.85000000000003
568699,auger30_p2,0.4333,U,30.0,44,0.0,-15.249999999999986
568795,auger30_p2,0.4343,U,30.0,44,0.0,-14.249999999999986
568891,auger30_p2,0.4351,U,30.0,44,0.0,-13.450000000000017
568986,auger30_p2,0.4356,U,30.0,44,0.0,-12.950000000000017
569080,auger30_p2,0.4354,U,30.0,44,0.0,-13.149999999999995
569176,auger30_p2,0.4348,U,30.0,44,0.0,-13.749999999999984
569272,auger30_p2,0.4339,U,30.0,44,0.0,-14.649999999999997
569368,auger30_p2,0.4294,U,30.0,44,0.0,-19.15
569464,auger30_p2,0.4315,U,30.0,44,0.0,-17.05000000000001
569559,auger30_p2,0.4348,U,30.0,44,0.0,-13.749999999999984
569655,auger30_p2,0.4364,U,30.0,44,0.0,-12.149999999999995
569751,auger30_p2,0.4402,U,30.0,44,0.0,-8.350000000000025
569847,auger30_p2,0.441,U,30.0,44,0.0,-7.550000000000001
569941,auger30_p2,0.4406,U,30.0,44,0.0,-7.950000000000013
570037,auger30_p2,0.4396,U,30.0,44,0.0,-8.950000000000014
570133,auger30_p2,0.4385,U,30.0,44,0.0,-10.050000000000004
570229,auger30_p2,0.4383,U,30.0,44,0.0,-10.249999999999982
570324,auger30_p2,0.4384,U,30.0,44,0.0,-10.149999999999991
570420,auger30_p2,0.4386,U,30.0,44,0.0,-9.950000000000014
570516,auger30_p2,0.4388,U,30.0,44,0.0,-9.74999999999998
570612,auger30_p2,0.4387,U,30.0,44,0.0,-9.850000000000026
570708,auger30_p2,0.4384,U,30.0,44,0.0,-10.149999999999991
570804,auger30_p2,0.4381,U,30.0,44,0.0,-10.450000000000015
570897,auger30_p2,0.4356,U,30.0,44,0.0,-12.950000000000017
570993,auger30_p2,0.4356,U,30.0,44,0.0,-12.950000000000017
571089,auger30_p2,0.4357,U,30.0,44,0.0,-12.850000000000028
571185,auger30_p2,0.4361,U,30.0,44,0.0,-12.450000000000017
571281,auger30_p2,0.4364,U,30.0,44,0.0,-12.149999999999995
571377,auger30_p2,0.4367,U,30.0,44,0.0,-11.850000000000026
571473,auger30_p2,0.4369,U,30.0,44,0.0,-11.649999999999993
571568,auger30_p2,0.4372,U,30.0,44,0.0,-11.350000000000026
571664,auger30_p2,0.4373,U,30.0,44,0.0,-11.249999999999982
571758,auger30_p2,0.4373,U,30.0,44,0.0,-11.249999999999982
571854,auger30_p2,0.4373,U,30.0,44,0.0,-11.249999999999982
571950,auger30_p2,0.4373,U,30.0,44,0.0,-11.249999999999982
572046,auger30_p2,0.4374,U,30.0,44,0.0,-11.149999999999993
572142,auger30_p2,0.4375,U,30.0,44,0.0,-11.050000000000004
572237,auger30_p2,0.4377,U,30.0,44,0.0,-10.850000000000026
572333,post_auger30_p2,0.4379,U,0.0,44,0.0,-10.649999999999993
572429,post_auger30_p2,0.4421,U,0.0,44,0.0,-6.450000000000012
572525,post_auger30_p2,0.442,U,0.0,44,0.0,-6.550000000000001
572619,post_auger30_p2,0.4411,U,0.0,44,0.0,-7.450000000000012
572714,post_auger30_p2,0.4399,U,0.0,44,0.0,-8.649999999999991
572810,post_auger30_p2,0.4395,U,0.0,44,0.0,-9.050000000000002
572906,post_auger30_p2,0.4393,U,0.0,44,0.0,-9.24999999999998
573002,post_auger30_p2,0.4395,U,0.0,44,0.0,-9.050000000000002
573098,post_auger30_p2,0.4399,U,0.0,44,0.0,-8.649999999999991
573194,post_auger30_p2,0.4404,U,0.0,44,0.0,-8.149999999999991
573290,post_auger30_p2,0.4449,U,0.0,44,0.0,-3.6499999999999866
573385,post_auger30_p2,0.4458,U,0.0,44,0.0,-2.75000000000003
573481,post_auger30_p2,0.4462,U,0.0,44,0.0,-2.3500000000000187
573575,post_auger30_p2,0.4464,U,0.0,44,0.0,-2.1499999999999853
573671,post_auger30_p2,0.4465,U,0.0,44,0.0,-2.0499999999999963
573767,post_auger30_p2,0.4465,U,0.0,44,0.0,-2.0499999999999963
573863,post_auger30_p2,0.4465,U,0.0,44,0.0,-2.0499999999999963
573958,post_auger30_p2,0.4465,U,0.0,44,0.0,-2.0499999999999963
574054,post_auger30_p2,0.4466,U,0.0,44,0.0,-1.9500000000000073
574150,post_auger30_p2,0.4466,S,0.0,44,0.0,-1.9500000000000073
574246,post_auger30_p2,0.4466,S,0.0,44,0.0,-1.9500000000000073
574342,post_auger30_p2,0.4466,S,0.0,44,0.0,-1.9500000000000073
574436,post_auger30_p2,0.4466,S,0.0,44,0.0,-1.9500000000000073
574532,post_auger30_p2,0.4466,S,0.0,44,0.0,-1.9500000000000073
574638,post_auger30_p2,0.4466,S,0.0,44,0.0,-1.9500000000000073
574819,post_auger30_p2,0.4467,S,0.0,44,0.0,-1.8500000000000183
574915,post_auger30_p2,0.4467,S,0.0,44,0.0,-1.8500000000000183
575011,post_auger30_p2,0.4468,U,0.0,44,0.0,-1.7500000000000293
575107,post_auger30_p2,0.4468,U,0.0,44,0.0,-1.7500000000000293
575203,post_auger30_p2,0.4468,S,0.0,44,0.0,-1.7500000000000293
575297,post_auger30_p2,0.4468,S,0.0,44,0.0,-1.7500000000000293
575392,post_auger30_p2,0.4469,U,0.0,44,0.0,-1.6499999999999848
575488,post_auger30_p2,0.4469,S,0.0,44,0.0,-1.6499999999999848
575584,post_auger30_p2,0.4469,S,0.0,44,0.0,-1.6499999999999848
575680,post_auger30_p2,0.4469,S,0.0,44,0.0,-1.6499999999999848
575776,post_auger30_p2,0.4469,S,0.0,44,0.0,-1.6499999999999848
575872,post_auger30_p2,0.4469,S,0.0,44,0.0,-1.6499999999999848
575968,post_auger30_p2,0.447,S,0.0,44,0.0,-1.5499999999999958
576063,post_auger30_p2,0.447,S,0.0,44,0.0,-1.5499999999999958
576159,post_auger30_p2,0.4471,U,0.0,44,0.0,-1.4500000000000068
576253,post_auger30_p2,0.4471,U,0.0,44,0.0,-1.4500000000000068
576349,post_auger30_p2,0.4471,U,0.0,44,0.0,-1.4500000000000068
576445,post_auger30_p2,0.4472,U,0.0,44,0.0,-1.3500000000000179
576541,post_auger30_p2,0.4472,U,0.0,44,0.0,-1.3500000000000179
576637,post_auger30_p2,0.4472,S,0.0,44,0.0,-1.3500000000000179
576732,post_auger30_p2,0.4472,S,0.0,44,0.0,-1.3500000000000179
576828,post_auger30_p2,0.4472,S,0.0,44,0.0,-1.3500000000000179
576924,post_auger30_p2,0.4472,S,0.0,44,0.0,-1.3500000000000179
577020,post_auger30_p2,0.4472,S,0.0,44,0.0,-1.3500000000000179
577114,post_auger30_p2,0.4473,S,0.0,44,0.0,-1.2500000000000289
577210,post_auger30_p2,0.4473,S,0.0,44,0.0,-1.2500000000000289
577305,post_auger30_p2,0.4473,S,0.0,44,0.0,-1.2500000000000289
577401,post_auger30_p2,0.4473,S,0.0,44,0.0,-1.2500000000000289
577497,post_auger30_p2,0.4473,S,0.0,44,0.0,-1.2500000000000289
577593,post_auger30_p2,0.4474,S,0.0,44,0.0,-1.1499999999999844
577689,post_auger30_p2,0.4474,S,0.0,44,0.0,-1.1499999999999844
577785,post_auger30_p2,0.4474,S,0.0,44,0.0,-1.1499999999999844
577881,post_auger30_p2,0.4474,S,0.0,44,0.0,-1.1499999999999844
577974,post_auger30_p2,0.4475,U,0.0,44,0.0,-1.0499999999999954
578070,post_auger30_p2,0.4475,S,0.0,44,0.0,-1.0499999999999954
578166,post_auger30_p2,0.4475,S,0.0,44,0.0,-1.0499999999999954
578262,post_auger30_p2,0.4475,S,0.0,44,0.0,-1.0499999999999954
578358,post_auger30_p2,0.4475,S,0.0,44,0.0,-1.0499999999999954
578454,post_auger30_p2,0.4476,S,0.0,44,0.0,-0.9500000000000064
578549,post_auger30_p2,0.4477,U,0.0,44,0.0,-0.8500000000000174
578645,post_auger30_p2,0.4477,U,0.0,44,0.0,-0.8500000000000174
578741,post_auger30_p2,0.4477,U,0.0,44,0.0,-0.8500000000000174
578837,post_auger30_p2,0.4478,U,0.0,44,0.0,-0.7500000000000284
578931,post_auger30_p2,0.4478,U,0.0,44,0.0,-0.7500000000000284
579027,post_auger30_p2,0.4478,S,0.0,44,0.0,-0.7500000000000284
579122,post_auger30_p2,0.4478,S,0.0,44,0.0,-0.7500000000000284
579219,post_auger30_p2,0.4479,U,0.0,44,0.0,-0.6499999999999839
579314,post_auger30_p2,0.4479,S,0.0,44,0.0,-0.6499999999999839
579410,post_auger30_p2,0.4479,S,0.0,44,0.0,-0.6499999999999839
579506,post_auger30_p2,0.4479,S,0.0,44,0.0,-0.6499999999999839
579602,post_auger30_p2,0.4479,S,0.0,44,0.0,-0.6499999999999839
579698,post_auger30_p2,0.4479,S,0.0,44,0.0,-0.6499999999999839
579791,post_auger30_p2,0.4479,S,0.0,44,0.0,-0.6499999999999839
579887,post_auger30_p2,0.4479,S,0.0,44,0.0,-0.6499999999999839
579983,post_auger30_p2,0.4479,S,0.0,44,0.0,-0.6499999999999839
580079,post_auger30_p2,0.4479,S,0.0,44,0.0,-0.6499999999999839
580175,post_auger30_p2,0.4479,S,0.0,44,0.0,-0.6499999999999839
580271,post_auger30_p2,0.4479,S,0.0,44,0.0,-0.6499999999999839
580367,post_auger30_p2,0.4479,S,0.0,44,0.0,-0.6499999999999839
580463,post_auger30_p2,0.4479,S,0.0,44,0.0,-0.6499999999999839
580558,post_auger30_p2,0.4479,S,0.0,44,0.0,-0.6499999999999839
580652,post_auger30_p2,0.4479,S,0.0,44,0.0,-0.6499999999999839
580748,post_auger30_p2,0.4479,S,0.0,44,0.0,-0.6499999999999839
580844,post_auger30_p2,0.4479,S,0.0,44,0.0,-0.6499999999999839
580940,post_auger30_p2,0.4479,S,0.0,44,0.0,-0.6499999999999839
581036,post_auger30_p2,0.4479,S,0.0,44,0.0,-0.6499999999999839
581132,post_auger30_p2,0.4479,S,0.0,44,0.0,-0.6499999999999839
581227,post_auger30_p2,0.4478,S,0.0,44,0.0,-0.7500000000000284
581323,post_auger30_p2,0.4478,S,0.0,44,0.0,-0.7500000000000284
581419,post_auger30_p2,0.4478,S,0.0,44,0.0,-0.7500000000000284
581513,post_auger30_p2,0.4478,S,0.0,44,0.0,-0.7500000000000284
581609,post_auger30_p2,0.4478,S,0.0,44,0.0,-0.7500000000000284
581705,post_auger30_p2,0.4478,S,0.0,44,0.0,-0.7500000000000284
581801,post_auger30_p2,0.4478,S,0.0,44,0.0,-0.7500000000000284
581897,post_auger30_p2,0.4478,S,0.0,44,0.0,-0.7500000000000284
581992,post_auger30_p2,0.4478,S,0.0,44,0.0,-0.7500000000000284
582088,post_auger30_p2,0.4478,S,0.0,44,0.0,-0.7500000000000284
582184,post_auger30_p2,0.4478,S,0.0,44,0.0,-0.7500000000000284
582280,post_auger30_p2,0.4477,S,0.0,44,0.0,-0.8500000000000174
582376,post_auger30_p2,0.4477,S,0.0,44,0.0,-0.8500000000000174
582470,post_auger30_p2,0.4477,S,0.0,44,0.0,-0.8500000000000174
582565,post_auger30_p2,0.4477,S,0.0,44,0.0,-0.8500000000000174
582661,post_auger30_p2,0.4477,S,0.0,44,0.0,-0.8500000000000174
582757,post_auger30_p2,0.4477,S,0.0,44,0.0,-0.8500000000000174
582853,post_auger30_p2,0.4478,S,0.0,44,0.0,-0.7500000000000284
582949,post_auger30_p2,0.4478,S,0.0,44,0.0,-0.7500000000000284
583045,post_auger30_p2,0.4478,S,0.0,44,0.0,-0.7500000000000284
583141,post_auger30_p2,0.4478,S,0.0,44,0.0,-0.7500000000000284
583237,post_auger30_p2,0.4478,S,0.0,44,0.0,-0.7500000000000284
583330,post_auger30_p2,0.4481,U,0.0,44,0.0,-0.45000000000000595
583426,post_auger30_p2,0.4481,U,0.0,44,0.0,-0.45000000000000595
583522,post_auger30_p2,0.4481,U,0.0,44,0.0,-0.45000000000000595
583617,post_auger30_p2,0.4481,U,0.0,44,0.0,-0.45000000000000595
583713,post_auger30_p2,0.4481,U,0.0,44,0.0,-0.45000000000000595
583809,post_auger30_p2,0.4481,S,0.0,44,0.0,-0.45000000000000595
583905,post_auger30_p2,0.4482,S,0.0,44,0.0,-0.35000000000001696
584001,post_auger30_p2,0.4481,S,0.0,44,0.0,-0.45000000000000595
584097,post_auger30_p2,0.4481,S,0.0,44,0.0,-0.45000000000000595
584190,post_auger30_p2,0.4481,S,0.0,44,0.0,-0.45000000000000595
584286,post_auger30_p2,0.4481,S,0.0,44,0.0,-0.45000000000000595
584382,post_auger30_p2,0.4481,S,0.0,44,0.0,-0.45000000000000595
584478,post_auger30_p2,0.4481,S,0.0,44,0.0,-0.45000000000000595
584574,post_auger30_p2,0.4481,S,0.0,44,0.0,-0.45000000000000595
584670,post_auger30_p2,0.4481,S,0.0,44,0.0,-0.45000000000000595
584766,post_auger30_p2,0.4481,S,0.0,44,0.0,-0.45000000000000595
584861,post_auger30_p2,0.4481,S,0.0,44,0.0,-0.45000000000000595
584957,post_auger30_p2,0.4481,S,0.0,44,0.0,-0.45000000000000595
585053,post_auger30_p2,0.4481,S,0.0,44,0.0,-0.45000000000000595
585147,post_auger30_p2,0.4481,S,0.0,44,0.0,-0.45000000000000595
585243,post_auger30_p2,0.4482,S,0.0,44,0.0,-0.35000000000001696
585339,post_auger30_p2,0.4482,S,0.0,44,0.0,-0.35000000000001696
585435,post_auger30_p2,0.4482,S,0.0,44,0.0,-0.35000000000001696
585531,post_auger30_p2,0.4482,S,0.0,44,0.0,-0.35000000000001696
585626,post_auger30_p2,0.4482,S,0.0,44,0.0,-0.35000000000001696
585722,post_auger30_p2,0.4482,S,0.0,44,0.0,-0.35000000000001696
585818,post_auger30_p2,0.4482,S,0.0,44,0.0,-0.35000000000001696
585914,post_auger30_p2,0.4482,S,0.0,44,0.0,-0.35000000000001696
586008,post_auger30_p2,0.4483,S,0.0,44,0.0,-0.250000000000028
586104,post_auger30_p2,0.4483,S,0.0,44,0.0,-0.250000000000028
586199,post_auger30_p2,0.4486,U,0.0,44,0.0,0.04999999999999449
586295,post_auger30_p2,0.4486,U,0.0,44,0.0,0.04999999999999449
586391,post_auger30_p2,0.4486,U,0.0,44,0.0,0.04999999999999449
586487,post_auger30_p2,0.4486,U,0.0,44,0.0,0.04999999999999449
586594,post_auger30_p2,0.4486,U,0.0,44,0.0,0.04999999999999449
586774,post_auger30_p2,0.4486,S,0.0,44,0.0,0.04999999999999449
586868,post_auger30_p2,0.4486,S,0.0,44,0.0,0.04999999999999449
586964,post_auger30_p2,0.4486,S,0.0,44,0.0,0.04999999999999449
587060,post_auger30_p2,0.4486,S,0.0,44,0.0,0.04999999999999449
587156,post_auger30_p2,0.4486,S,0.0,44,0.0,0.04999999999999449
587252,post_auger30_p2,0.4486,S,0.0,44,0.0,0.04999999999999449
587347,auger15_p2,0.4486,S,15.0,44,0.0,0.04999999999999449
587443,auger15_p2,0.4486,S,15.0,44,0.0,0.04999999999999449
587539,auger15_p2,0.4486,S,15.0,44,0.0,0.04999999999999449
587635,auger15_p2,0.4486,S,15.0,44,0.0,0.04999999999999449
587731,auger15_p2,0.4486,S,15.0,44,0.0,0.04999999999999449
587825,auger15_p2,0.4486,S,15.0,44,0.0,0.04999999999999449
587921,auger15_p2,0.4485,S,15.0,44,0.0,-0.04999999999999449
588017,auger15_p2,0.4485,S,15.0,44,0.0,-0.04999999999999449
588112,auger15_p2,0.4481,U,15.0,44,0.0,-0.45000000000000595
588208,auger15_p2,0.4407,U,15.0,44,0.0,-7.850000000000024
588303,auger15_p2,0.4372,U,15.0,44,0.0,-11.350000000000026
588399,auger15_p2,0.435,U,15.0,44,0.0,-13.550000000000006
588495,auger15_p2,0.435,U,15.0,44,0.0,-13.550000000000006
588591,auger15_p2,0.4367,U,15.0,44,0.0,-11.850000000000026
588685,auger15_p2,0.439,U,15.0,44,0.0,-9.550000000000002
588781,auger15_p2,0.4412,U,15.0,44,0.0,-7.350000000000023
588876,auger15_p2,0.4435,U,15.0,44,0.0,-5.049999999999999
588972,auger15_p2,0.4462,U,15.0,44,0.0,-2.3500000000000187
589068,auger15_p2,0.4489,U,15.0,44,0.0,0.35000000000001696
589164,auger15_p2,0.4504,U,15.0,44,0.0,1.8500000000000183
589260,auger15_p2,0.4501,U,15.0,44,0.0,1.5499999999999958
589356,auger15_p2,0.4485,U,15.0,44,0.0,-0.04999999999999449
589452,auger15_p2,0.4466,U,15.0,44,0.0,-1.9500000000000073
589545,auger15_p2,0.4461,U,15.0,44,0.0,-2.4500000000000077
589641,auger15_p2,0.446,U,15.0,44,0.0,-2.5499999999999967
589737,auger15_p2,0.447,U,15.0,44,0.0,-1.5499999999999958
589833,auger15_p2,0.4476,U,15.0,44,0.0,-0.9500000000000064
589929,auger15_p2,0.4475,U,15.0,44,0.0,-1.0499999999999954
590025,auger15_p2,0.4473,U,15.0,44,0.0,-1.2500000000000289
590120,auger15_p2,0.4471,U,15.0,44,0.0,-1.4500000000000068
590216,auger15_p2,0.4468,U,15.0,44,0.0,-1.7500000000000293
590312,auger15_p2,0.4465,U,15.0,44,0.0,-2.0499999999999963
590408,auger15_p2,0.4429,U,15.0,44,0.0,-5.649999999999988
590502,auger15_p2,0.4398,U,15.0,44,0.0,-8.74999999999998
590598,auger15_p2,0.4362,U,15.0,44,0.0,-12.350000000000028
590693,auger15_p2,0.4329,U,15.0,44,0.0,-15.649999999999997
590789,auger15_p2,0.4307,U,15.0,44,0.0,-17.849999999999977
590885,auger15_p2,0.4297,U,15.0,44,0.0,-18.849999999999977
590981,auger15_p2,0.4293,U,15.0,44,0.0,-19.24999999999999
591077,auger15_p2,0.4292,U,15.0,44,0.0,-19.34999999999998
591173,auger15_p2,0.4297,U,15.0,44,0.0,-18.849999999999977
591269,auger15_p2,0.4319,U,15.0,44,0.0,-16.65
591362,auger15_p2,0.4358,U,15.0,44,0.0,-12.749999999999984
591458,auger15_p2,0.4405,U,15.0,44,0.0,-8.05
591554,auger15_p2,0.4442,U,15.0,44,0.0,-4.350000000000021
591650,auger15_p2,0.4459,U,15.0,44,0.0,-2.6499999999999857
591746,auger15_p2,0.4452,U,15.0,44,0.0,-3.3500000000000196
591842,auger15_p2,0.4422,U,15.0,44,0.0,-6.350000000000023
591938,auger15_p2,0.4375,U,15.0,44,0.0,-11.050000000000004
592033,auger15_p2,0.4317,U,15.0,44,0.0,-16.85000000000003
592129,auger15_p2,0.4265,U,15.0,44,0.0,-22.050000000000015
592223,auger15_p2,0.4237,U,15.0,44,0.0,-24.849999999999984
592319,auger15_p2,0.4243,U,15.0,44,0.0,-24.249999999999993
592415,auger15_p2,0.4276,U,15.0,44,0.0,-20.950000000000024
592511,auger15_p2,0.4315,U,15.0,44,0.0,-17.05000000000001
592606,auger15_p2,0.4339,U,15.0,44,0.0,-14.649999999999997
592702,auger15_p2,0.4345,U,15.0,44,0.0,-14.050000000000008
592798,auger15_p2,0.435,U,15.0,44,0.0,-13.550000000000006
592894,auger15_p2,0.4367,U,15.0,44,0.0,-11.850000000000026
592990,auger15_p2,0.4398,U,15.0,44,0.0,-8.74999999999998
593084,auger15_p2,0.4435,U,15.0,44,0.0,-5.049999999999999
593179,auger15_p2,0.4468,U,15.0,44,0.0,-1.7500000000000293
593275,auger15_p2,0.4492,U,15.0,44,0.0,0.6499999999999839
593371,auger15_p2,0.4499,U,15.0,44,0.0,1.3500000000000179
593467,auger15_p2,0.4489,U,15.0,44,0.0,0.35000000000001696
593563,auger15_p2,0.4468,U,15.0,44,0.0,-1.7500000000000293
593659,auger15_p2,0.4444,U,15.0,44,0.0,-4.149999999999987
593755,auger15_p2,0.4425,U,15.0,44,0.0,-6.05
593851,auger15_p2,0.4415,U,15.0,44,0.0,-7.050000000000001
593946,auger15_p2,0.4408,U,15.0,44,0.0,-7.749999999999979
594040,auger15_p2,0.4399,U,15.0,44,0.0,-8.649999999999991
594136,auger15_p2,0.4387,U,15.0,44,0.0,-9.850000000000026
594232,auger15_p2,0.437,U,15.0,44,0.0,-11.550000000000004
594328,auger15_p2,0.4349,U,15.0,44,0.0,-13.649999999999995
594423,auger15_p2,0.4331,U,15.0,44,0.0,-15.450000000000019
594519,auger15_p2,0.432,U,15.0,44,0.0,-16.550000000000008
594615,auger15_p2,0.4312,U,15.0,44,0.0,-17.349999999999977
594711,auger15_p2,0.4305,U,15.0,44,0.0,-18.05000000000001
594806,auger15_p2,0.43,U,15.0,44,0.0,-18.55000000000001
594901,auger15_p2,0.4301,U,15.0,44,0.0,-18.45000000000002
594997,auger15_p2,0.4312,U,15.0,44,0.0,-17.349999999999977
595093,auger15_p2,0.4321,U,15.0,44,0.0,-16.45000000000002
595188,auger15_p2,0.4355,U,15.0,44,0.0,-13.050000000000006
595284,auger15_p2,0.4387,U,15.0,44,0.0,-9.850000000000026
595380,auger15_p2,0.4422,U,15.0,44,0.0,-6.350000000000023
595476,auger15_p2,0.4451,U,15.0,44,0.0,-3.4500000000000086
595572,auger15_p2,0.4464,U,15.0,44,0.0,-2.1499999999999853
595667,auger15_p2,0.4455,U,15.0,44,0.0,-3.049999999999997
595762,auger15_p2,0.4426,U,15.0,44,0.0,-5.950000000000011
595857,auger15_p2,0.4391,U,15.0,44,0.0,-9.450000000000014
595953,auger15_p2,0.4363,U,15.0,44,0.0,-12.249999999999982
596049,auger15_p2,0.4348,U,15.0,44,0.0,-13.749999999999984
596145,auger15_p2,0.4342,U,15.0,44,0.0,-14.35000000000003
596241,auger15_p2,0.4341,U,15.0,44,0.0,-14.450000000000019
596336,auger15_p2,0.4347,U,15.0,44,0.0,-13.85000000000003
596432,auger15_p2,0.4362,U,15.0,44,0.0,-12.350000000000028
596528,auger15_p2,0.437,U,15.0,44,0.0,-11.550000000000004
596624,auger15_p2,0.4385,U,15.0,44,0.0,-10.050000000000004
596718,auger15_p2,0.4385,U,15.0,44,0.0,-10.050000000000004
596814,auger15_p2,0.4383,U,15.0,44,0.0,-10.249999999999982
596910,auger15_p2,0.4384,U,15.0,44,0.0,-10.149999999999991
597005,auger15_p2,0.4387,U,15.0,44,0.0,-9.850000000000026
597101,auger15_p2,0.4391,U,15.0,44,0.0,-9.450000000000014
597197,auger15_p2,0.4395,U,15.0,44,0.0,-9.050000000000002
597292,auger15_p2,0.44,U,15.0,44,0.0,-8.550000000000002
597389,auger15_p2,0.4435,U,15.0,44,0.0,-5.049999999999999
597485,auger15_p2,0.4448,U,15.0,44,0.0,-3.750000000000031
597579,auger15_p2,0.4455,U,15.0,44,0.0,-3.049999999999997
597674,auger15_p2,0.4454,U,15.0,44,0.0,-3.149999999999986
597770,auger15_p2,0.4439,U,15.0,44,0.0,-4.649999999999988
597866,auger15_p2,0.4424,U,15.0,44,0.0,-6.149999999999989
597967,auger15_p2,0.4367,U,15.0,44,0.0,-11.850000000000026
598058,auger15_p2,0.4332,U,15.0,44,0.0,-15.35000000000003
598154,auger15_p2,0.4315,U,15.0,44,0.0,-17.05000000000001
598249,auger15_p2,0.4316,U,15.0,44,0.0,-16.95000000000002
598345,auger15_p2,0.4322,U,15.0,44,0.0,-16.35000000000003
598439,auger15_p2,0.4328,U,15.0,44,0.0,-15.749999999999986
598535,auger15_p2,0.4335,U,15.0,44,0.0,-15.050000000000008
598631,auger15_p2,0.4341,U,15.0,44,0.0,-14.450000000000019
598727,auger15_p2,0.436,U,15.0,44,0.0,-12.550000000000006
598823,auger15_p2,0.4368,U,15.0,44,0.0,-11.749999999999982
598918,auger15_p2,0.437,U,15.0,44,0.0,-11.550000000000004
599014,auger15_p2,0.437,U,15.0,44,0.0,-11.550000000000004
599110,auger15_p2,0.4369,U,15.0,44,0.0,-11.649999999999993
599206,auger15_p2,0.437,U,15.0,44,0.0,-11.550000000000004
599302,auger15_p2,0.4374,U,15.0,44,0.0,-11.149999999999993
599396,auger15_p2,0.4379,U,15.0,44,0.0,-10.649999999999993
599491,auger15_p2,0.4412,U,15.0,44,0.0,-7.350000000000023
599587,auger15_p2,0.4417,U,15.0,44,0.0,-6.850000000000023
599683,auger15_p2,0.4412,U,15.0,44,0.0,-7.350000000000023
599779,auger15_p2,0.4403,U,15.0,44,0.0,-8.249999999999979
599875,auger15_p2,0.4401,U,15.0,44,0.0,-8.450000000000014
599970,auger15_p2,0.44,U,15.0,44,0.0,-8.550000000000002
600067,auger15_p2,0.4401,U,15.0,44,0.0,-8.450000000000014
600162,auger15_p2,0.4401,U,15.0,44,0.0,-8.450000000000014
600255,auger15_p2,0.44,U,15.0,44,0.0,-8.550000000000002
600352,auger15_p2,0.4397,U,15.0,44,0.0,-8.850000000000025
600448,auger15_p2,0.4394,U,15.0,44,0.0,-9.149999999999991
600544,auger15_p2,0.4393,U,15.0,44,0.0,-9.24999999999998
600640,auger15_p2,0.4392,U,15.0,44,0.0,-9.350000000000025
600736,auger15_p2,0.4393,U,15.0,44,0.0,-9.24999999999998
600832,auger15_p2,0.4393,U,15.0,44,0.0,-9.24999999999998
600927,auger15_p2,0.4394,U,15.0,44,0.0,-9.149999999999991
601023,auger15_p2,0.4395,U,15.0,44,0.0,-9.050000000000002
601117,auger15_p2,0.4437,U,15.0,44,0.0,-4.850000000000021
601213,auger15_p2,0.4475,U,15.0,44,0.0,-1.0499999999999954
601308,auger15_p2,0.4522,U,15.0,44,0.0,3.6499999999999866
601404,auger15_p2,0.4558,U,15.0,44,0.0,7.249999999999979
601500,auger15_p2,0.4559,U,15.0,44,0.0,7.350000000000023
601596,auger15_p2,0.4522,U,15.0,44,0.0,3.6499999999999866
601692,auger15_p2,0.4471,U,15.0,44,0.0,-1.4500000000000068
601788,auger15_p2,0.4435,U,15.0,44,0.0,-5.049999999999999
601884,auger15_p2,0.4422,U,15.0,44,0.0,-6.350000000000023
601979,auger15_p2,0.442,U,15.0,44,0.0,-6.550000000000001
602073,auger15_p2,0.4419,U,15.0,44,0.0,-6.64999999999999
602169,auger15_p2,0.442,U,15.0,44,0.0,-6.550000000000001
602265,auger15_p2,0.4428,U,15.0,44,0.0,-5.749999999999977
602361,post_auger15_p2,0.4433,U,0.0,44,0.0,-5.249999999999977
602457,post_auger15_p2,0.4435,U,0.0,44,0.0,-5.049999999999999
602553,post_auger15_p2,0.4433,U,0.0,44,0.0,-5.249999999999977
602649,post_auger15_p2,0.4428,U,0.0,44,0.0,-5.749999999999977
602744,post_auger15_p2,0.4423,U,0.0,44,0.0,-6.249999999999978
602840,post_auger15_p2,0.4391,U,0.0,44,0.0,-9.450000000000014
602934,post_auger15_p2,0.4405,U,0.0,44,0.0,-8.05
603030,post_auger15_p2,0.445,U,0.0,44,0.0,-3.5499999999999976
603125,post_auger15_p2,0.4521,U,0.0,44,0.0,3.5499999999999976
603221,post_auger15_p2,0.4594,U,0.0,44,0.0,10.849999999999971
603317,post_auger15_p2,0.4648,U,0.0,44,0.0,16.249999999999986
603413,post_auger15_p2,0.4675,U,0.0,44,0.0,18.950000000000024
603509,post_auger15_p2,0.4685,U,0.0,44,0.0,19.950000000000024
603605,post_auger15_p2,0.4687,U,0.0,44,0.0,20.150000000000002
603701,post_auger15_p2,0.4687,U,0.0,44,0.0,20.150000000000002
603794,post_auger15_p2,0.4687,U,0.0,44,0.0,20.150000000000002
603890,post_auger15_p2,0.4687,U,0.0,44,0.0,20.150000000000002
603986,post_auger15_p2,0.4686,S,0.0,44,0.0,20.05000000000001
604082,post_auger15_p2,0.4685,U,0.0,44,0.0,19.950000000000024
604178,post_auger15_p2,0.4685,U,0.0,44,0.0,19.950000000000024
604274,post_auger15_p2,0.4685,U,0.0,44,0.0,19.950000000000024
604370,post_auger15_p2,0.4685,U,0.0,44,0.0,19.950000000000024
604466,post_auger15_p2,0.4685,S,0.0,44,0.0,19.950000000000024
604561,post_auger15_p2,0.4685,S,0.0,44,0.0,19.950000000000024
604655,post_auger15_p2,0.4685,S,0.0,44,0.0,19.950000000000024
604751,post_auger15_p2,0.4685,S,0.0,44,0.0,19.950000000000024
604847,post_auger15_p2,0.4685,S,0.0,44,0.0,19.950000000000024
604943,post_auger15_p2,0.4686,S,0.0,44,0.0,20.05000000000001
605039,post_auger15_p2,0.4686,S,0.0,44,0.0,20.05000000000001
605135,post_auger15_p2,0.4686,S,0.0,44,0.0,20.05000000000001
605230,post_auger15_p2,0.4686,S,0.0,44,0.0,20.05000000000001
605326,post_auger15_p2,0.4686,S,0.0,44,0.0,20.05000000000001
605422,post_auger15_p2,0.4686,S,0.0,44,0.0,20.05000000000001
605518,post_auger15_p2,0.4686,S,0.0,44,0.0,20.05000000000001
605612,post_auger15_p2,0.4686,S,0.0,44,0.0,20.05000000000001
605708,post_auger15_p2,0.4686,S,0.0,44,0.0,20.05000000000001
605804,post_auger15_p2,0.4686,S,0.0,44,0.0,20.05000000000001
605900,post_auger15_p2,0.4686,S,0.0,44,0.0,20.05000000000001
605995,post_auger15_p2,0.4686,S,0.0,44,0.0,20.05000000000001
606091,post_auger15_p2,0.4686,S,0.0,44,0.0,20.05000000000001
606187,post_auger15_p2,0.4686,S,0.0,44,0.0,20.05000000000001
606283,post_auger15_p2,0.4686,S,0.0,44,0.0,20.05000000000001
606379,post_auger15_p2,0.4687,S,0.0,44,0.0,20.150000000000002
606473,post_auger15_p2,0.4687,S,0.0,44,0.0,20.150000000000002
606569,post_auger15_p2,0.4687,S,0.0,44,0.0,20.150000000000002
606664,post_auger15_p2,0.4687,S,0.0,44,0.0,20.150000000000002
606760,post_auger15_p2,0.4687,S,0.0,44,0.0,20.150000000000002
606856,post_auger15_p2,0.4687,S,0.0,44,0.0,20.150000000000002
606952,post_auger15_p2,0.4687,S,0.0,44,0.0,20.150000000000002
607048,post_auger15_p2,0.4687,S,0.0,44,0.0,20.150000000000002
607144,post_auger15_p2,0.4687,S,0.0,44,0.0,20.150000000000002
607240,post_auger15_p2,0.4687,S,0.0,44,0.0,20.150000000000002
607334,post_auger15_p2,0.4687,S,0.0,44,0.0,20.150000000000002
607429,post_auger15_p2,0.4687,S,0.0,44,0.0,20.150000000000002
607525,post_auger15_p2,0.4687,S,0.0,44,0.0,20.150000000000002
607621,post_auger15_p2,0.4687,S,0.0,44,0.0,20.150000000000002
607717,post_auger15_p2,0.4687,S,0.0,44,0.0,20.150000000000002
607813,post_auger15_p2,0.4687,S,0.0,44,0.0,20.150000000000002
607909,post_auger15_p2,0.4687,S,0.0,44,0.0,20.150000000000002
608005,post_auger15_p2,0.4687,S,0.0,44,0.0,20.150000000000002
608100,post_auger15_p2,0.4687,S,0.0,44,0.0,20.150000000000002
608197,post_auger15_p2,0.4687,S,0.0,44,0.0,20.150000000000002
608290,post_auger15_p2,0.4687,S,0.0,44,0.0,20.150000000000002
608386,post_auger15_p2,0.4687,S,0.0,44,0.0,20.150000000000002
608482,post_auger15_p2,0.4688,S,0.0,44,0.0,20.24999999999999
608578,post_auger15_p2,0.4688,S,0.0,44,0.0,20.24999999999999
608674,post_auger15_p2,0.4688,S,0.0,44,0.0,20.24999999999999
608770,post_auger15_p2,0.4688,S,0.0,44,0.0,20.24999999999999
608865,post_auger15_p2,0.4688,S,0.0,44,0.0,20.24999999999999
608961,post_auger15_p2,0.4688,S,0.0,44,0.0,20.24999999999999
609057,post_auger15_p2,0.4688,S,0.0,44,0.0,20.24999999999999
609151,post_auger15_p2,0.4688,S,0.0,44,0.0,20.24999999999999
609247,post_auger15_p2,0.4688,S,0.0,44,0.0,20.24999999999999
609343,post_auger15_p2,0.4688,S,0.0,44,0.0,20.24999999999999
609439,post_auger15_p2,0.4688,S,0.0,44,0.0,20.24999999999999
609535,post_auger15_p2,0.4688,S,0.0,44,0.0,20.24999999999999
609630,post_auger15_p2,0.4688,S,0.0,44,0.0,20.24999999999999
609732,post_auger15_p2,0.4688,S,0.0,44,0.0,20.24999999999999
609822,post_auger15_p2,0.4688,S,0.0,44,0.0,20.24999999999999
609918,post_auger15_p2,0.4688,S,0.0,44,0.0,20.24999999999999
610012,post_auger15_p2,0.4688,S,0.0,44,0.0,20.24999999999999
610108,post_auger15_p2,0.4688,S,0.0,44,0.0,20.24999999999999
610204,post_auger15_p2,0.4688,S,0.0,44,0.0,20.24999999999999
610299,post_auger15_p2,0.4688,S,0.0,44,0.0,20.24999999999999
610395,post_auger15_p2,0.4688,S,0.0,44,0.0,20.24999999999999
610490,post_auger15_p2,0.4685,U,0.0,44,0.0,19.950000000000024
610586,post_auger15_p2,0.4684,U,0.0,44,0.0,19.84999999999998
610682,post_auger15_p2,0.4684,U,0.0,44,0.0,19.84999999999998
610778,post_auger15_p2,0.4683,U,0.0,44,0.0,19.74999999999999
610874,post_auger15_p2,0.4683,U,0.0,44,0.0,19.74999999999999
610968,post_auger15_p2,0.4682,U,0.0,44,0.0,19.650000000000002
611063,post_auger15_p2,0.4682,U,0.0,44,0.0,19.650000000000002
611159,post_auger15_p2,0.4681,U,0.0,44,0.0,19.55000000000001
611255,post_auger15_p2,0.4681,U,0.0,44,0.0,19.55000000000001
611351,post_auger15_p2,0.468,U,0.0,44,0.0,19.450000000000024
611447,post_auger15_p2,0.468,U,0.0,44,0.0,19.450000000000024
611542,post_auger15_p2,0.4679,U,0.0,44,0.0,19.34999999999998
611638,post_auger15_p2,0.4679,U,0.0,44,0.0,19.34999999999998
611734,post_auger15_p2,0.4678,U,0.0,44,0.0,19.24999999999999
611828,post_auger15_p2,0.4678,U,0.0,44,0.0,19.24999999999999
611924,post_auger15_p2,0.4678,U,0.0,44,0.0,19.24999999999999
612020,post_auger15_p2,0.4677,U,0.0,44,0.0,19.15
612115,post_auger15_p2,0.4677,U,0.0,44,0.0,19.15
612212,post_auger15_p2,0.4676,U,0.0,44,0.0,19.05000000000001
612307,post_auger15_p2,0.4676,U,0.0,44,0.0,19.05000000000001
612403,post_auger15_p2,0.4675,U,0.0,44,0.0,18.950000000000024
612499,post_auger15_p2,0.4675,U,0.0,44,0.0,18.950000000000024
612595,post_auger15_p2,0.4675,U,0.0,44,0.0,18.950000000000024
612689,post_auger15_p2,0.4674,U,0.0,44,0.0,18.849999999999977
612784,post_auger15_p2,0.4674,U,0.0,44,0.0,18.849999999999977
612880,post_auger15_p2,0.4674,S,0.0,44,0.0,18.849999999999977
612976,post_auger15_p2,0.4674,S,0.0,44,0.0,18.849999999999977
613072,post_auger15_p2,0.4674,S,0.0,44,0.0,18.849999999999977
613168,post_auger15_p2,0.4673,S,0.0,44,0.0,18.74999999999999
613264,post_auger15_p2,0.4673,S,0.0,44,0.0,18.74999999999999
613360,post_auger15_p2,0.4673,S,0.0,44,0.0,18.74999999999999
613455,post_auger15_p2,0.4673,S,0.0,44,0.0,18.74999999999999
613551,post_auger15_p2,0.4673,S,0.0,44,0.0,18.74999999999999
613645,post_auger15_p2,0.4673,S,0.0,44,0.0,18.74999999999999
613741,post_auger15_p2,0.4673,S,0.0,44,0.0,18.74999999999999
613837,post_auger15_p2,0.4673,S,0.0,44,0.0,18.74999999999999
613933,post_auger15_p2,0.4672,S,0.0,44,0.0,18.65
614029,post_auger15_p2,0.4672,S,0.0,44,0.0,18.65
614124,post_auger15_p2,0.4673,S,0.0,44,0.0,18.74999999999999
614220,post_auger15_p2,0.4673,S,0.0,44,0.0,18.74999999999999
614316,post_auger15_p2,0.4673,S,0.0,44,0.0,18.74999999999999
614412,post_auger15_p2,0.4673,S,0.0,44,0.0,18.74999999999999
614506,post_auger15_p2,0.4673,S,0.0,44,0.0,18.74999999999999
614602,post_auger15_p2,0.4673,S,0.0,44,0.0,18.74999999999999
614698,post_auger15_p2,0.4673,S,0.0,44,0.0,18.74999999999999
614793,post_auger15_p2,0.4673,S,0.0,44,0.0,18.74999999999999
614889,post_auger15_p2,0.4673,S,0.0,44,0.0,18.74999999999999
614985,post_auger15_p2,0.4673,S,0.0,44,0.0,18.74999999999999
615081,post_auger15_p2,0.4673,S,0.0,44,0.0,18.74999999999999
615177,post_auger15_p2,0.4673,S,0.0,44,0.0,18.74999999999999
615273,post_auger15_p2,0.4673,S,0.0,44,0.0,18.74999999999999
615367,post_auger15_p2,0.4674,S,0.0,44,0.0,18.849999999999977
615462,post_auger15_p2,0.4674,S,0.0,44,0.0,18.849999999999977
615558,post_auger15_p2,0.4677,U,0.0,44,0.0,19.15
615654,post_auger15_p2,0.4678,U,0.0,44,0.0,19.24999999999999
615750,post_auger15_p2,0.4678,U,0.0,44,0.0,19.24999999999999
615845,post_auger15_p2,0.4679,U,0.0,44,0.0,19.34999999999998
615941,post_auger15_p2,0.4679,U,0.0,44,0.0,19.34999999999998
616037,post_auger15_p2,0.468,U,0.0,44,0.0,19.450000000000024
616133,post_auger15_p2,0.4681,U,0.0,44,0.0,19.55000000000001
616227,post_auger15_p2,0.4681,U,0.0,44,0.0,19.55000000000001
616323,post_auger15_p2,0.4682,U,0.0,44,0.0,19.650000000000002
616419,post_auger15_p2,0.4683,U,0.0,44,0.0,19.74999999999999
616515,post_auger15_p2,0.4683,U,0.0,44,0.0,19.74999999999999
616610,post_auger15_p2,0.4684,U,0.0,44,0.0,19.84999999999998
616706,post_auger15_p2,0.4684,U,0.0,44,0.0,19.84999999999998
616802,post_auger15_p2,0.4685,U,0.0,44,0.0,19.950000000000024
616898,post_auger15_p2,0.4685,U,0.0,44,0.0,19.950000000000024
616994,post_auger15_p2,0.4685,U,0.0,44,0.0,19.950000000000024
617090,post_auger15_p2,0.4686,U,0.0,44,0.0,20.05000000000001
617183,post_auger15_p2,0.4686,U,0.0,44,0.0,20.05000000000001
617279,post_auger15_p2,0.4686,S,0.0,44,0.0,20.05000000000001
617375,quiet_mid3,0.4686,S,0.0,44,0.0,20.05000000000001
617471,quiet_mid3,0.4686,S,0.0,44,0.0,20.05000000000001
617567,quiet_mid3,0.4686,S,0.0,44,0.0,20.05000000000001
617663,quiet_mid3,0.4686,S,0.0,44,0.0,20.05000000000001
617759,quiet_mid3,0.4686,S,0.0,44,0.0,20.05000000000001
617854,quiet_mid3,0.4686,S,0.0,44,0.0,20.05000000000001
617950,quiet_mid3,0.4686,S,0.0,44,0.0,20.05000000000001
618044,quiet_mid3,0.4686,S,0.0,44,0.0,20.05000000000001
618140,quiet_mid3,0.4686,S,0.0,44,0.0,20.05000000000001
618236,quiet_mid3,0.4686,S,0.0,44,0.0,20.05000000000001
618332,quiet_mid3,0.4686,S,0.0,44,0.0,20.05000000000001
618427,quiet_mid3,0.4686,S,0.0,44,0.0,20.05000000000001
618523,quiet_mid3,0.4685,S,0.0,44,0.0,19.950000000000024
618619,quiet_mid3,0.4685,S,0.0,44,0.0,19.950000000000024
618715,quiet_mid3,0.4685,S,0.0,44,0.0,19.950000000000024
618811,quiet_mid3,0.4685,S,0.0,44,0.0,19.950000000000024
618905,quiet_mid3,0.4685,S,0.0,44,0.0,19.950000000000024
619001,quiet_mid3,0.4685,S,0.0,44,0.0,19.950000000000024
619097,quiet_mid3,0.4685,S,0.0,44,0.0,19.950000000000024
619192,quiet_mid3,0.4684,S,0.0,44,0.0,19.84999999999998
619288,quiet_mid3,0.4684,S,0.0,44,0.0,19.84999999999998
619384,quiet_mid3,0.4684,S,0.0,44,0.0,19.84999999999998
619480,quiet_mid3,0.4684,S,0.0,44,0.0,19.84999999999998
619576,quiet_mid3,0.4684,S,0.0,44,0.0,19.84999999999998
619672,quiet_mid3,0.4684,S,0.0,44,0.0,19.84999999999998
619768,quiet_mid3,0.4684,S,0.0,44,0.0,19.84999999999998
619861,quiet_mid3,0.4684,S,0.0,44,0.0,19.84999999999998
619957,quiet_mid3,0.4684,S,0.0,44,0.0,19.84999999999998
620053,quiet_mid3,0.4683,S,0.0,44,0.0,19.74999999999999
620149,quiet_mid3,0.4683,S,0.0,44,0.0,19.74999999999999
620245,quiet_mid3,0.4683,S,0.0,44,0.0,19.74999999999999
620341,quiet_mid3,0.4683,S,0.0,44,0.0,19.74999999999999
620437,quiet_mid3,0.4683,S,0.0,44,0.0,19.74999999999999
620532,quiet_mid3,0.4683,S,0.0,44,0.0,19.74999999999999
620628,quiet_mid3,0.4683,S,0.0,44,0.0,19.74999999999999
620722,quiet_mid3,0.4683,S,0.0,44,0.0,19.74999999999999
620818,quiet_mid3,0.4683,S,0.0,44,0.0,19.74999999999999
620914,quiet_mid3,0.4683,S,0.0,44,0.0,19.74999999999999
621010,quiet_mid3,0.4683,S,0.0,44,0.0,19.74999999999999
621106,quiet_mid3,0.4683,S,0.0,44,0.0,19.74999999999999
621202,quiet_mid3,0.4683,S,0.0,44,0.0,19.74999999999999
621297,quiet_mid3,0.4683,S,0.0,44,0.0,19.74999999999999
621393,quiet_mid3,0.4683,S,0.0,44,0.0,19.74999999999999
621489,quiet_mid3,0.4683,S,0.0,44,0.0,19.74999999999999
621583,quiet_mid3,0.4683,S,0.0,44,0.0,19.74999999999999
621679,quiet_mid3,0.4683,S,0.0,44,0.0,19.74999999999999
621775,quiet_mid3,0.4683,S,0.0,44,0.0,19.74999999999999
621882,quiet_mid3,0.4683,S,0.0,44,0.0,19.74999999999999
622062,quiet_mid3,0.4683,S,0.0,44,0.0,19.74999999999999
622158,quiet_mid3,0.4683,S,0.0,44,0.0,19.74999999999999
622254,quiet_mid3,0.4683,S,0.0,44,0.0,19.74999999999999
622350,quiet_mid3,0.4683,S,0.0,44,0.0,19.74999999999999
622446,quiet_mid3,0.4683,S,0.0,44,0.0,19.74999999999999
622540,quiet_mid3,0.4682,S,0.0,44,0.0,19.650000000000002
622636,quiet_mid3,0.4682,S,0.0,44,0.0,19.650000000000002
622731,quiet_mid3,0.4682,S,0.0,44,0.0,19.650000000000002
622827,quiet_mid3,0.4682,S,0.0,44,0.0,19.650000000000002
622923,quiet_mid3,0.4682,S,0.0,44,0.0,19.650000000000002
623019,quiet_mid3,0.4682,S,0.0,44,0.0,19.650000000000002
623115,quiet_mid3,0.4682,S,0.0,44,0.0,19.650000000000002
623211,quiet_mid3,0.4682,S,0.0,44,0.0,19.650000000000002
623307,quiet_mid3,0.4682,S,0.0,44,0.0,19.650000000000002
623400,quiet_mid3,0.4682,S,0.0,44,0.0,19.650000000000002
623496,quiet_mid3,0.4682,S,0.0,44,0.0,19.650000000000002
623592,quiet_mid3,0.4682,S,0.0,44,0.0,19.650000000000002
623688,quiet_mid3,0.4681,S,0.0,44,0.0,19.55000000000001
623784,quiet_mid3,0.4681,S,0.0,44,0.0,19.55000000000001
623880,quiet_mid3,0.4681,S,0.0,44,0.0,19.55000000000001
623975,quiet_mid3,0.4681,S,0.0,44,0.0,19.55000000000001
624071,quiet_mid3,0.4681,S,0.0,44,0.0,19.55000000000001
624167,quiet_mid3,0.4681,S,0.0,44,0.0,19.55000000000001
624261,quiet_mid3,0.4681,S,0.0,44,0.0,19.55000000000001
624357,quiet_mid3,0.4681,S,0.0,44,0.0,19.55000000000001
624453,quiet_mid3,0.4681,S,0.0,44,0.0,19.55000000000001
624548,quiet_mid3,0.4681,S,0.0,44,0.0,19.55000000000001
624645,quiet_mid3,0.4681,S,0.0,44,0.0,19.55000000000001
624740,quiet_mid3,0.4681,S,0.0,44,0.0,19.55000000000001
624836,quiet_mid3,0.4681,S,0.0,44,0.0,19.55000000000001
624932,quiet_mid3,0.4681,S,0.0,44,0.0,19.55000000000001
625028,quiet_mid3,0.4681,S,0.0,44,0.0,19.55000000000001
625124,quiet_mid3,0.4681,S,0.0,44,0.0,19.55000000000001
625217,quiet_mid3,0.4681,S,0.0,44,0.0,19.55000000000001
625313,quiet_mid3,0.4681,S,0.0,44,0.0,19.55000000000001
625409,quiet_mid3,0.4681,S,0.0,44,0.0,19.55000000000001
625505,quiet_mid3,0.4681,S,0.0,44,0.0,19.55000000000001
625601,quiet_mid3,0.4681,S,0.0,44,0.0,19.55000000000001
625697,quiet_mid3,0.4681,S,0.0,44,0.0,19.55000000000001
625793,quiet_mid3,0.4681,S,0.0,44,0.0,19.55000000000001
625888,quiet_mid3,0.4681,S,0.0,44,0.0,19.55000000000001
625984,quiet_mid3,0.4681,S,0.0,44,0.0,19.55000000000001
626078,quiet_mid3,0.4681,S,0.0,44,0.0,19.55000000000001
626174,quiet_mid3,0.4681,S,0.0,44,0.0,19.55000000000001
626270,quiet_mid3,0.4681,S,0.0,44,0.0,19.55000000000001
626366,quiet_mid3,0.4681,S,0.0,44,0.0,19.55000000000001
626461,quiet_mid3,0.4681,S,0.0,44,0.0,19.55000000000001
626557,quiet_mid3,0.4681,S,0.0,44,0.0,19.55000000000001
626653,quiet_mid3,0.4681,S,0.0,44,0.0,19.55000000000001
626749,quiet_mid3,0.4681,S,0.0,44,0.0,19.55000000000001
626845,quiet_mid3,0.4681,S,0.0,44,0.0,19.55000000000001
626939,quiet_mid3,0.4681,S,0.0,44,0.0,19.55000000000001
627034,quiet_mid3,0.4681,S,0.0,44,0.0,19.55000000000001
627130,quiet_mid3,0.4681,S,0.0,44,0.0,19.55000000000001
627226,quiet_mid3,0.4681,S,0.0,44,0.0,19.55000000000001
627322,quiet_mid3,0.4681,S,0.0,44,0.0,19.55000000000001
627418,quiet_mid3,0.4681,S,0.0,44,0.0,19.55000000000001
627514,quiet_mid3,0.4681,S,0.0,44,0.0,19.55000000000001
627610,quiet_mid3,0.4681,S,0.0,44,0.0,19.55000000000001
627706,quiet_mid3,0.4681,S,0.0,44,0.0,19.55000000000001
627800,quiet_mid3,0.4685,U,0.0,44,0.0,19.950000000000024
627894,quiet_mid3,0.4686,U,0.0,44,0.0,20.05000000000001
627990,quiet_mid3,0.4687,U,0.0,44,0.0,20.150000000000002
628086,quiet_mid3,0.4688,U,0.0,44,0.0,20.24999999999999
628182,quiet_mid3,0.4689,U,0.0,44,0.0,20.34999999999998
628278,quiet_mid3,0.4689,U,0.0,44,0.0,20.34999999999998
628373,quiet_mid3,0.469,U,0.0,44,0.0,20.449999999999967
628469,quiet_mid3,0.4691,U,0.0,44,0.0,20.55000000000001
628565,quiet_mid3,0.4691,U,0.0,44,0.0,20.55000000000001
628661,quiet_mid3,0.4692,U,0.0,44,0.0,20.650000000000002
628755,quiet_mid3,0.4692,U,0.0,44,0.0,20.650000000000002
628851,quiet_mid3,0.4692,U,0.0,44,0.0,20.650000000000002
628946,quiet_mid3,0.4692,S,0.0,44,0.0,20.650000000000002
629042,quiet_mid3,0.4693,U,0.0,44,0.0,20.74999999999999
629138,quiet_mid3,0.4693,S,0.0,44,0.0,20.74999999999999
629234,quiet_mid3,0.4693,S,0.0,44,0.0,20.74999999999999
629330,quiet_mid3,0.4693,S,0.0,44,0.0,20.74999999999999
629426,quiet_mid3,0.4693,S,0.0,44,0.0,20.74999999999999
629522,quiet_mid3,0.4694,S,0.0,44,0.0,20.84999999999998
629616,quiet_mid3,0.4694,S,0.0,44,0.0,20.84999999999998
629711,quiet_mid3,0.4694,S,0.0,44,0.0,20.84999999999998
629807,quiet_mid3,0.4694,S,0.0,44,0.0,20.84999999999998
629903,quiet_mid3,0.4694,S,0.0,44,0.0,20.84999999999998
629999,quiet_mid3,0.4694,S,0.0,44,0.0,20.84999999999998
630095,quiet_mid3,0.4694,S,0.0,44,0.0,20.84999999999998
630191,quiet_mid3,0.4694,S,0.0,44,0.0,20.84999999999998
630286,quiet_mid3,0.4694,S,0.0,44,0.0,20.84999999999998
630382,quiet_mid3,0.4694,S,0.0,44,0.0,20.84999999999998
630476,quiet_mid3,0.4694,S,0.0,44,0.0,20.84999999999998
630572,quiet_mid3,0.4694,S,0.0,44,0.0,20.84999999999998
630668,quiet_mid3,0.4694,S,0.0,44,0.0,20.84999999999998
630764,quiet_mid3,0.4694,S,0.0,44,0.0,20.84999999999998
630860,quiet_mid3,0.4694,S,0.0,44,0.0,20.84999999999998
630956,quiet_mid3,0.4694,S,0.0,44,0.0,20.84999999999998
631051,quiet_mid3,0.4694,S,0.0,44,0.0,20.84999999999998
631147,quiet_mid3,0.4695,S,0.0,44,0.0,20.949999999999967
631243,quiet_mid3,0.4695,S,0.0,44,0.0,20.949999999999967
631339,quiet_mid3,0.4695,S,0.0,44,0.0,20.949999999999967
631433,quiet_mid3,0.4695,S,0.0,44,0.0,20.949999999999967
631529,quiet_mid3,0.4695,S,0.0,44,0.0,20.949999999999967
631625,quiet_mid3,0.4695,S,0.0,44,0.0,20.949999999999967
631720,quiet_mid3,0.4695,S,0.0,44,0.0,20.949999999999967
631816,quiet_mid3,0.4695,S,0.0,44,0.0,20.949999999999967
631912,quiet_mid3,0.4695,S,0.0,44,0.0,20.949999999999967
632008,quiet_mid3,0.4695,S,0.0,44,0.0,20.949999999999967
632104,quiet_mid3,0.4695,S,0.0,44,0.0,20.949999999999967
632200,quiet_mid3,0.4695,S,0.0,44,0.0,20.949999999999967
632293,quiet_mid3,0.4695,S,0.0,44,0.0,20.949999999999967
632389,quiet_mid3,0.4695,S,0.0,44,0.0,20.949999999999967
632485,quiet_mid3,0.4695,S,0.0,44,0.0,20.949999999999967
632581,quiet_mid3,0.4695,S,0.0,44,0.0,20.949999999999967
632677,quiet_mid3,0.4695,S,0.0,44,0.0,20.949999999999967
632773,quiet_mid3,0.4695,S,0.0,44,0.0,20.949999999999967
632869,quiet_mid3,0.4695,S,0.0,44,0.0,20.949999999999967
632965,quiet_mid3,0.4695,S,0.0,44,0.0,20.949999999999967
633061,quiet_mid3,0.4695,S,0.0,44,0.0,20.949999999999967
633154,quiet_mid3,0.4695,S,0.0,44,0.0,20.949999999999967
633250,quiet_mid3,0.4695,S,0.0,44,0.0,20.949999999999967
633346,quiet_mid3,0.4695,S,0.0,44,0.0,20.949999999999967
633442,quiet_mid3,0.4695,S,0.0,44,0.0,20.949999999999967
633538,quiet_mid3,0.4696,S,0.0,44,0.0,21.05000000000001
633634,quiet_mid3,0.4696,S,0.0,44,0.0,21.05000000000001
633730,quiet_mid3,0.4696,S,0.0,44,0.0,21.05000000000001
633826,quiet_mid3,0.4696,S,0.0,44,0.0,21.05000000000001
633920,quiet_mid3,0.4699,U,0.0,44,0.0,21.34999999999998
634016,quiet_mid3,0.4699,U,0.0,44,0.0,21.34999999999998
634110,quiet_mid3,0.4699,U,0.0,44,0.0,21.34999999999998
634206,quiet_mid3,0.4699,U,0.0,44,0.0,21.34999999999998
634313,quiet_mid3,0.4699,U,0.0,44,0.0,21.34999999999998
634494,quiet_mid3,0.4699,S,0.0,44,0.0,21.34999999999998
634589,quiet_mid3,0.4699,S,0.0,44,0.0,21.34999999999998
634686,quiet_mid3,0.4699,S,0.0,44,0.0,21.34999999999998
634781,quiet_mid3,0.4699,S,0.0,44,0.0,21.34999999999998
634877,quiet_mid3,0.4699,S,0.0,44,0.0,21.34999999999998
634971,quiet_mid3,0.4699,S,0.0,44,0.0,21.34999999999998
635067,quiet_mid3,0.4699,S,0.0,44,0.0,21.34999999999998
635163,quiet_mid3,0.4698,S,0.0,44,0.0,21.249999999999993
635259,quiet_mid3,0.4698,S,0.0,44,0.0,21.249999999999993
635354,quiet_mid3,0.4698,S,0.0,44,0.0,21.249999999999993
635450,quiet_mid3,0.4698,S,0.0,44,0.0,21.249999999999993
635546,quiet_mid3,0.4698,S,0.0,44,0.0,21.249999999999993
635642,quiet_mid3,0.4698,S,0.0,44,0.0,21.249999999999993
635738,quiet_mid3,0.4698,S,0.0,44,0.0,21.249999999999993
635832,quiet_mid3,0.4698,S,0.0,44,0.0,21.249999999999993
635928,quiet_mid3,0.4698,S,0.0,44,0.0,21.249999999999993
636023,quiet_mid3,0.4698,S,0.0,44,0.0,21.249999999999993
636119,quiet_mid3,0.4699,S,0.0,44,0.0,21.34999999999998
636215,quiet_mid3,0.4699,S,0.0,44,0.0,21.34999999999998
636311,quiet_mid3,0.4699,S,0.0,44,0.0,21.34999999999998
636407,quiet_mid3,0.4699,S,0.0,44,0.0,21.34999999999998
636503,quiet_mid3,0.4699,S,0.0,44,0.0,21.34999999999998
636599,quiet_mid3,0.4699,S,0.0,44,0.0,21.34999999999998
636695,quiet_mid3,0.4699,S,0.0,44,0.0,21.34999999999998
636788,quiet_mid3,0.4699,S,0.0,44,0.0,21.34999999999998
636884,quiet_mid3,0.4699,S,0.0,44,0.0,21.34999999999998
636980,quiet_mid3,0.4702,U,0.0,44,0.0,21.650000000000002
637075,quiet_mid3,0.4702,U,0.0,44,0.0,21.650000000000002
637171,quiet_mid3,0.4703,U,0.0,44,0.0,21.749999999999993
637267,quiet_mid3,0.4703,U,0.0,44,0.0,21.749999999999993
637363,quiet_mid3,0.4703,U,0.0,44,0.0,21.749999999999993
637459,quiet_mid3,0.4703,S,0.0,44,0.0,21.749999999999993
637555,quiet_mid3,0.4703,S,0.0,44,0.0,21.749999999999993
637648,quiet_mid3,0.4703,S,0.0,44,0.0,21.749999999999993
637744,quiet_mid3,0.4704,S,0.0,44,0.0,21.84999999999998
637840,quiet_mid3,0.4704,S,0.0,44,0.0,21.84999999999998
637936,quiet_mid3,0.4704,S,0.0,44,0.0,21.84999999999998
638032,quiet_mid3,0.4704,S,0.0,44,0.0,21.84999999999998
638128,quiet_mid3,0.4705,U,0.0,44,0.0,21.94999999999997
638224,quiet_mid3,0.4705,S,0.0,44,0.0,21.94999999999997
638320,quiet_mid3,0.4705,S,0.0,44,0.0,21.94999999999997
638415,quiet_mid3,0.4705,S,0.0,44,0.0,21.94999999999997
638509,quiet_mid3,0.4706,U,0.0,44,0.0,22.050000000000015
638605,quiet_mid3,0.4706,S,0.0,44,0.0,22.050000000000015
638701,quiet_mid3,0.4706,S,0.0,44,0.0,22.050000000000015
638797,quiet_mid3,0.4706,S,0.0,44,0.0,22.050000000000015
638893,quiet_mid3,0.4706,S,0.0,44,0.0,22.050000000000015
638988,quiet_mid3,0.4707,S,0.0,44,0.0,22.150000000000002
639084,quiet_mid3,0.4707,S,0.0,44,0.0,22.150000000000002
639180,quiet_mid3,0.4708,U,0.0,44,0.0,22.249999999999993
639276,quiet_mid3,0.4708,U,0.0,44,0.0,22.249999999999993
639372,quiet_mid3,0.4708,U,0.0,44,0.0,22.249999999999993
639466,quiet_mid3,0.4709,U,0.0,44,0.0,22.34999999999998
639562,quiet_mid3,0.4709,U,0.0,44,0.0,22.34999999999998
639657,quiet_mid3,0.4709,S,0.0,44,0.0,22.34999999999998
639753,quiet_mid3,0.4709,S,0.0,44,0.0,22.34999999999998
639849,quiet_mid3,0.4709,S,0.0,44,0.0,22.34999999999998
639945,quiet_mid3,0.4709,S,0.0,44,0.0,22.34999999999998
640041,quiet_mid3,0.4709,S,0.0,44,0.0,22.34999999999998
640136,quiet_mid3,0.4709,S,0.0,44,0.0,22.34999999999998
640233,quiet_mid3,0.4709,S,0.0,44,0.0,22.34999999999998
640326,quiet_mid3,0.4709,S,0.0,44,0.0,22.34999999999998
640422,quiet_mid3,0.4709,S,0.0,44,0.0,22.34999999999998
640518,quiet_mid3,0.4709,S,0.0,44,0.0,22.34999999999998
640614,quiet_mid3,0.4709,S,0.0,44,0.0,22.34999999999998
640710,quiet_mid3,0.4709,S,0.0,44,0.0,22.34999999999998
640806,quiet_mid3,0.4709,S,0.0,44,0.0,22.34999999999998
640901,quiet_mid3,0.4709,S,0.0,44,0.0,22.34999999999998
640997,quiet_mid3,0.4709,S,0.0,44,0.0,22.34999999999998
641093,quiet_mid3,0.4709,S,0.0,44,0.0,22.34999999999998
641187,quiet_mid3,0.4709,S,0.0,44,0.0,22.34999999999998
641283,quiet_mid3,0.4709,S,0.0,44,0.0,22.34999999999998
641379,quiet_mid3,0.4709,S,0.0,44,0.0,22.34999999999998
641475,quiet_mid3,0.4709,S,0.0,44,0.0,22.34999999999998
641571,quiet_mid3,0.4709,S,0.0,44,0.0,22.34999999999998
641666,quiet_mid3,0.4709,S,0.0,44,0.0,22.34999999999998
641762,quiet_mid3,0.4709,S,0.0,44,0.0,22.34999999999998
641858,quiet_mid3,0.4709,S,0.0,44,0.0,22.34999999999998
641954,quiet_mid3,0.4709,S,0.0,44,0.0,22.34999999999998
642048,quiet_mid3,0.471,S,0.0,44,0.0,22.44999999999997
642144,quiet_mid3,0.471,S,0.0,44,0.0,22.44999999999997
642240,quiet_mid3,0.471,S,0.0,44,0.0,22.44999999999997
642335,quiet_mid3,0.471,S,0.0,44,0.0,22.44999999999997
642431,quiet_mid3,0.471,S,0.0,44,0.0,22.44999999999997
642527,quiet_mid3,0.471,S,0.0,44,0.0,22.44999999999997
642623,quiet_mid3,0.471,S,0.0,44,0.0,22.44999999999997
642719,quiet_mid3,0.471,S,0.0,44,0.0,22.44999999999997
642815,quiet_mid3,0.471,S,0.0,44,0.0,22.44999999999997
642911,quiet_mid3,0.471,S,0.0,44,0.0,22.44999999999997
643005,quiet_mid3,0.471,S,0.0,44,0.0,22.44999999999997
643100,quiet_mid3,0.471,S,0.0,44,0.0,22.44999999999997
643196,quiet_mid3,0.471,S,0.0,44,0.0,22.44999999999997
643292,quiet_mid3,0.471,S,0.0,44,0.0,22.44999999999997
643388,quiet_mid3,0.471,S,0.0,44,0.0,22.44999999999997
643484,quiet_mid3,0.471,S,0.0,44,0.0,22.44999999999997
643580,quiet_mid3,0.4711,S,0.0,44,0.0,22.550000000000015
643676,quiet_mid3,0.4711,S,0.0,44,0.0,22.550000000000015
643771,quiet_mid3,0.4711,S,0.0,44,0.0,22.550000000000015
643865,quiet_mid3,0.4711,S,0.0,44,0.0,22.550000000000015
643961,quiet_mid3,0.4711,S,0.0,44,0.0,22.550000000000015
644057,quiet_mid3,0.4711,S,0.0,44,0.0,22.550000000000015
644153,quiet_mid3,0.4711,S,0.0,44,0.0,22.550000000000015
644249,quiet_mid3,0.4711,S,0.0,44,0.0,22.550000000000015
644345,quiet_mid3,0.4711,S,0.0,44,0.0,22.550000000000015
644440,quiet_mid3,0.4711,S,0.0,44,0.0,22.550000000000015
644536,quiet_mid3,0.4711,S,0.0,44,0.0,22.550000000000015
644632,quiet_mid3,0.4711,S,0.0,44,0.0,22.550000000000015
644726,quiet_mid3,0.4711,S,0.0,44,0.0,22.550000000000015
644822,quiet_mid3,0.4711,S,0.0,44,0.0,22.550000000000015
644918,quiet_mid3,0.4711,S,0.0,44,0.0,22.550000000000015
645014,quiet_mid3,0.4711,S,0.0,44,0.0,22.550000000000015
645109,quiet_mid3,0.4712,S,0.0,44,0.0,22.650000000000002
645205,quiet_mid3,0.4712,S,0.0,44,0.0,22.650000000000002
645301,quiet_mid3,0.4712,S,0.0,44,0.0,22.650000000000002
645397,quiet_mid3,0.4712,S,0.0,44,0.0,22.650000000000002
645493,quiet_mid3,0.4712,S,0.0,44,0.0,22.650000000000002
645589,quiet_mid3,0.4712,S,0.0,44,0.0,22.650000000000002
645683,quiet_mid3,0.4712,S,0.0,44,0.0,22.650000000000002
645778,quiet_mid3,0.4712,S,0.0,44,0.0,22.650000000000002
645874,quiet_mid3,0.4712,S,0.0,44,0.0,22.650000000000002
645970,quiet_mid3,0.4712,S,0.0,44,0.0,22.650000000000002
646066,quiet_mid3,0.4713,S,0.0,44,0.0,22.749999999999993
646162,quiet_mid3,0.4713,S,0.0,44,0.0,22.749999999999993
646258,quiet_mid3,0.4713,S,0.0,44,0.0,22.749999999999993
646354,quiet_mid3,0.4713,S,0.0,44,0.0,22.749999999999993
646449,quiet_mid3,0.4713,S,0.0,44,0.0,22.749999999999993
646543,quiet_mid3,0.4713,S,0.0,44,0.0,22.749999999999993
646639,quiet_mid3,0.4713,S,0.0,44,0.0,22.749999999999993
646740,quiet_mid3,0.4713,S,0.0,44,0.0,22.749999999999993
646831,quiet_mid3,0.4713,S,0.0,44,0.0,22.749999999999993
646927,quiet_mid3,0.4713,S,0.0,44,0.0,22.749999999999993
647022,quiet_mid3,0.4713,S,0.0,44,0.0,22.749999999999993
647118,quiet_mid3,0.4713,S,0.0,44,0.0,22.749999999999993
647214,quiet_mid3,0.4713,S,0.0,44,0.0,22.749999999999993
647310,quiet_mid3,0.4713,S,0.0,44,0.0,22.749999999999993
647404,stepper_hold,0.4714,S,0.0,44,0.0,22.84999999999998
647500,stepper_hold,0.4714,S,0.0,44,0.0,22.84999999999998
647595,stepper_hold,0.4714,S,0.0,44,0.0,22.84999999999998
647692,stepper_hold,0.4714,S,0.0,44,0.0,22.84999999999998
647787,stepper_hold,0.4714,S,0.0,44,0.0,22.84999999999998
647883,stepper_hold,0.4714,S,0.0,44,0.0,22.84999999999998
647978,stepper_hold,0.4663,U,0.0,44,0.0,17.74999999999999
648073,stepper_hold,0.4619,U,0.0,44,0.0,13.349999999999973
648169,stepper_hold,0.4573,U,0.0,44,0.0,8.74999999999998
648265,stepper_hold,0.4541,U,0.0,44,0.0,5.549999999999999
648359,stepper_hold,0.4529,U,0.0,44,0.0,4.350000000000021
648455,stepper_hold,0.4528,U,0.0,44,0.0,4.249999999999976
648551,stepper_hold,0.4531,U,0.0,44,0.0,4.549999999999999
648646,stepper_hold,0.4534,U,0.0,44,0.0,4.850000000000021
648742,stepper_hold,0.4535,U,0.0,44,0.0,4.95000000000001
648838,stepper_hold,0.4535,U,0.0,44,0.0,4.95000000000001
648934,stepper_hold,0.4535,U,0.0,44,0.0,4.95000000000001
649030,stepper_hold,0.4536,U,0.0,44,0.0,5.049999999999999
649126,stepper_hold,0.4536,U,0.0,44,0.0,5.049999999999999
649220,stepper_hold,0.4537,U,0.0,44,0.0,5.149999999999988
649315,stepper_hold,0.4537,U,0.0,44,0.0,5.149999999999988
649411,stepper_hold,0.4538,U,0.0,44,0.0,5.249999999999977
649507,stepper_hold,0.4539,U,0.0,44,0.0,5.350000000000021
649603,stepper_hold,0.454,U,0.0,44,0.0,5.45000000000001
649699,stepper_hold,0.454,U,0.0,44,0.0,5.45000000000001
649795,stepper_hold,0.4541,U,0.0,44,0.0,5.549999999999999
649891,stepper_hold,0.4541,U,0.0,44,0.0,5.549999999999999
649987,stepper_hold,0.4542,U,0.0,44,0.0,5.649999999999988
650080,stepper_hold,0.4542,U,0.0,44,0.0,5.649999999999988
650176,stepper_hold,0.4543,U,0.0,44,0.0,5.749999999999977
650272,stepper_hold,0.4543,U,0.0,44,0.0,5.749999999999977
650368,stepper_hold,0.4543,U,0.0,44,0.0,5.749999999999977
650464,stepper_hold,0.4544,U,0.0,44,0.0,5.850000000000022
650560,stepper_hold,0.4544,U,0.0,44,0.0,5.850000000000022
650656,stepper_hold,0.4545,U,0.0,44,0.0,5.950000000000011
650752,stepper_hold,0.4546,U,0.0,44,0.0,6.05
650847,stepper_hold,0.4546,U,0.0,44,0.0,6.05
650941,stepper_hold,0.4547,U,0.0,44,0.0,6.149999999999989
651037,stepper_hold,0.4547,U,0.0,44,0.0,6.149999999999989
651133,stepper_hold,0.4548,U,0.0,44,0.0,6.249999999999978
651229,stepper_hold,0.4548,U,0.0,44,0.0,6.249999999999978
651325,stepper_hold,0.4548,U,0.0,44,0.0,6.249999999999978
651421,stepper_hold,0.4548,S,0.0,44,0.0,6.249999999999978
651516,stepper_hold,0.4548,S,0.0,44,0.0,6.249999999999978
651612,stepper_hold,0.4549,S,0.0,44,0.0,6.350000000000023
651708,stepper_hold,0.4549,S,0.0,44,0.0,6.350000000000023
651804,stepper_hold,0.4549,S,0.0,44,0.0,6.350000000000023
651898,stepper_hold,0.4549,S,0.0,44,0.0,6.350000000000023
651994,stepper_hold,0.4549,S,0.0,44,0.0,6.350000000000023
652089,stepper_hold,0.4549,S,0.0,44,0.0,6.350000000000023
652185,stepper_hold,0.4549,S,0.0,44,0.0,6.350000000000023
652281,stepper_hold,0.4549,S,0.0,44,0.0,6.350000000000023
652377,stepper_hold,0.4549,S,0.0,44,0.0,6.350000000000023
652473,stepper_hold,0.4549,S,0.0,44,0.0,6.350000000000023
652569,stepper_hold,0.4549,S,0.0,44,0.0,6.350000000000023
652665,stepper_hold,0.4549,S,0.0,44,0.0,6.350000000000023
652758,stepper_hold,0.4549,S,0.0,44,0.0,6.350000000000023
652854,stepper_hold,0.4549,S,0.0,44,0.0,6.350000000000023
652950,stepper_hold,0.455,S,0.0,44,0.0,6.450000000000012
653046,stepper_hold,0.455,S,0.0,44,0.0,6.450000000000012
653142,stepper_hold,0.455,S,0.0,44,0.0,6.450000000000012
653238,stepper_hold,0.455,S,0.0,44,0.0,6.450000000000012
653333,stepper_hold,0.4553,U,0.0,44,0.0,6.749999999999979
653429,stepper_hold,0.4553,U,0.0,44,0.0,6.749999999999979
653525,stepper_hold,0.4554,U,0.0,44,0.0,6.850000000000023
653619,stepper_hold,0.4555,U,0.0,44,0.0,6.950000000000012
653715,stepper_hold,0.4556,U,0.0,44,0.0,7.050000000000001
653811,stepper_hold,0.4556,U,0.0,44,0.0,7.050000000000001
653906,stepper_hold,0.4557,U,0.0,44,0.0,7.14999999999999
654002,stepper_hold,0.4558,U,0.0,44,0.0,7.249999999999979
654098,stepper_hold,0.4559,U,0.0,44,0.0,7.350000000000023
654194,stepper_hold,0.4559,U,0.0,44,0.0,7.350000000000023
654290,stepper_hold,0.456,U,0.0,44,0.0,7.450000000000012
654386,stepper_hold,0.4561,U,0.0,44,0.0,7.550000000000001
654482,stepper_hold,0.4562,U,0.0,44,0.0,7.64999999999999
654575,stepper_hold,0.4562,U,0.0,44,0.0,7.64999999999999
654671,stepper_hold,0.4563,U,0.0,44,0.0,7.749999999999979
654767,stepper_hold,0.4564,U,0.0,44,0.0,7.849999999999968
654863,stepper_hold,0.4565,U,0.0,44,0.0,7.950000000000013
654959,stepper_hold,0.4565,U,0.0,44,0.0,7.950000000000013
655055,stepper_hold,0.4566,U,0.0,44,0.0,8.05
655150,stepper_hold,0.4567,U,0.0,44,0.0,8.149999999999991
655246,stepper_hold,0.4568,U,0.0,44,0.0,8.249999999999979
655342,stepper_hold,0.4568,U,0.0,44,0.0,8.249999999999979
655436,stepper_hold,0.4569,U,0.0,44,0.0,8.34999999999997
655532,stepper_hold,0.457,U,0.0,44,0.0,8.450000000000014
655628,stepper_hold,0.457,U,0.0,44,0.0,8.450000000000014
655723,stepper_hold,0.4571,U,0.0,44,0.0,8.550000000000002
655819,stepper_hold,0.4571,U,0.0,44,0.0,8.550000000000002
655915,stepper_hold,0.4572,U,0.0,44,0.0,8.649999999999991
656011,stepper_hold,0.4572,U,0.0,44,0.0,8.649999999999991
656107,stepper_hold,0.4573,U,0.0,44,0.0,8.74999999999998
656203,stepper_hold,0.4573,U,0.0,44,0.0,8.74999999999998
656297,stepper_hold,0.4574,U,0.0,44,0.0,8.84999999999997
656392,stepper_hold,0.4574,U,0.0,44,0.0,8.84999999999997
656488,stepper_hold,0.4574,U,0.0,44,0.0,8.84999999999997
656584,stepper_hold,0.4574,S,0.0,44,0.0,8.84999999999997
656680,stepper_hold,0.4574,S,0.0,44,0.0,8.84999999999997
656776,stepper_hold,0.4574,S,0.0,44,0.0,8.84999999999997
656872,stepper_hold,0.4574,S,0.0,44,0.0,8.84999999999997
656967,stepper_hold,0.4574,S,0.0,44,0.0,8.84999999999997
657063,stepper_hold,0.4574,S,0.0,44,0.0,8.84999999999997
657159,stepper_hold,0.4574,S,0.0,44,0.0,8.84999999999997
657253,stepper_hold,0.4575,S,0.0,44,0.0,8.950000000000014
657349,stepper_hold,0.4575,S,0.0,44,0.0,8.950000000000014
657445,stepper_hold,0.4575,S,0.0,44,0.0,8.950000000000014
657541,stepper_hold,0.4574,S,0.0,44,0.0,8.84999999999997
657636,stepper_hold,0.4574,S,0.0,44,0.0,8.84999999999997
657732,stepper_hold,0.4574,S,0.0,44,0.0,8.84999999999997
657828,stepper_hold,0.4574,S,0.0,44,0.0,8.84999999999997
657924,stepper_hold,0.4574,S,0.0,44,0.0,8.84999999999997
658020,stepper_hold,0.4574,S,0.0,44,0.0,8.84999999999997
658121,stepper_hold,0.4574,S,0.0,44,0.0,8.84999999999997
658210,stepper_hold,0.4573,S,0.0,44,0.0,8.74999999999998
658306,stepper_hold,0.4573,S,0.0,44,0.0,8.74999999999998
658401,stepper_hold,0.4573,S,0.0,44,0.0,8.74999999999998
658497,stepper_hold,0.4573,S,0.0,44,0.0,8.74999999999998
658593,stepper_hold,0.4573,S,0.0,44,0.0,8.74999999999998
658689,stepper_hold,0.4573,S,0.0,44,0.0,8.74999999999998
658785,stepper_hold,0.4573,S,0.0,44,0.0,8.74999999999998
658881,stepper_hold,0.4573,S,0.0,44,0.0,8.74999999999998
658975,stepper_hold,0.4573,S,0.0,44,0.0,8.74999999999998
659070,stepper_hold,0.4573,S,0.0,44,0.0,8.74999999999998
659166,stepper_hold,0.4573,S,0.0,44,0.0,8.74999999999998
659262,stepper_hold,0.4573,S,0.0,44,0.0,8.74999999999998
659358,stepper_hold,0.4573,S,0.0,44,0.0,8.74999999999998
659454,stepper_hold,0.4573,S,0.0,44,0.0,8.74999999999998
659550,stepper_hold,0.4573,S,0.0,44,0.0,8.74999999999998
659646,stepper_hold,0.4573,S,0.0,44,0.0,8.74999999999998
659741,stepper_hold,0.4573,S,0.0,44,0.0,8.74999999999998
659837,stepper_hold,0.4573,S,0.0,44,0.0,8.74999999999998
659931,stepper_hold,0.4573,S,0.0,44,0.0,8.74999999999998
660027,stepper_hold,0.4573,S,0.0,44,0.0,8.74999999999998
660123,stepper_hold,0.4573,S,0.0,44,0.0,8.74999999999998
660219,stepper_hold,0.4573,S,0.0,44,0.0,8.74999999999998
660315,stepper_hold,0.4574,S,0.0,44,0.0,8.84999999999997
660411,stepper_hold,0.4574,S,0.0,44,0.0,8.84999999999997
660506,stepper_hold,0.4574,S,0.0,44,0.0,8.84999999999997
660602,stepper_hold,0.4577,U,0.0,44,0.0,9.149999999999991
660697,stepper_hold,0.4577,U,0.0,44,0.0,9.149999999999991
660791,stepper_hold,0.4577,U,0.0,44,0.0,9.149999999999991
660887,stepper_hold,0.4578,U,0.0,44,0.0,9.24999999999998
660983,stepper_hold,0.4578,U,0.0,44,0.0,9.24999999999998
661079,stepper_hold,0.4578,S,0.0,44,0.0,9.24999999999998
661175,stepper_hold,0.4578,S,0.0,44,0.0,9.24999999999998
661271,stepper_hold,0.4579,U,0.0,44,0.0,9.34999999999997
661366,stepper_hold,0.4579,S,0.0,44,0.0,9.34999999999997
661462,stepper_hold,0.458,U,0.0,44,0.0,9.450000000000014
661558,stepper_hold,0.4581,U,0.0,44,0.0,9.550000000000002
661652,stepper_hold,0.4582,U,0.0,44,0.0,9.649999999999991
661748,stepper_hold,0.4583,U,0.0,44,0.0,9.74999999999998
661844,stepper_hold,0.4584,U,0.0,44,0.0,9.84999999999997
661939,stepper_hold,0.4585,U,0.0,44,0.0,9.950000000000014
662035,stepper_hold,0.4586,U,0.0,44,0.0,10.050000000000004
662131,stepper_hold,0.4587,U,0.0,44,0.0,10.149999999999991
662227,stepper_hold,0.4588,U,0.0,44,0.0,10.249999999999982
662323,stepper_hold,0.4589,U,0.0,44,0.0,10.34999999999997
662419,stepper_hold,0.459,U,0.0,44,0.0,10.450000000000015
662515,stepper_hold,0.4591,U,0.0,44,0.0,10.550000000000004
662608,stepper_hold,0.4592,U,0.0,44,0.0,10.649999999999993
662704,stepper_hold,0.4593,U,0.0,44,0.0,10.749999999999982
662800,stepper_hold,0.4594,U,0.0,44,0.0,10.849999999999971
662896,stepper_hold,0.4595,U,0.0,44,0.0,10.950000000000015
662992,stepper_hold,0.4596,U,0.0,44,0.0,11.050000000000004
663088,stepper_hold,0.4596,U,0.0,44,0.0,11.050000000000004
663184,stepper_hold,0.4597,U,0.0,44,0.0,11.149999999999993
663279,stepper_hold,0.4597,U,0.0,44,0.0,11.149999999999993
663375,stepper_hold,0.4597,U,0.0,44,0.0,11.149999999999993
663469,stepper_hold,0.4597,S,0.0,44,0.0,11.149999999999993
663565,stepper_hold,0.4597,S,0.0,44,0.0,11.149999999999993
663661,stepper_hold,0.4597,S,0.0,44,0.0,11.149999999999993
663757,stepper_hold,0.4597,S,0.0,44,0.0,11.149999999999993
663852,stepper_hold,0.4597,S,0.0,44,0.0,11.149999999999993
663948,stepper_hold,0.4597,S,0.0,44,0.0,11.149999999999993
664044,stepper_hold,0.4598,S,0.0,44,0.0,11.249999999999982
664140,stepper_hold,0.4599,U,0.0,44,0.0,11.349999999999971
664236,stepper_hold,0.4601,U,0.0,44,0.0,11.550000000000004
664330,stepper_hold,0.4602,U,0.0,44,0.0,11.649999999999993
664425,stepper_hold,0.4604,U,0.0,44,0.0,11.849999999999971
664521,stepper_hold,0.4605,U,0.0,44,0.0,11.950000000000017
664617,stepper_hold,0.4607,U,0.0,44,0.0,12.149999999999995
664713,stepper_hold,0.4608,U,0.0,44,0.0,12.249999999999982
664809,stepper_hold,0.461,U,0.0,44,0.0,12.450000000000017
664905,stepper_hold,0.4611,U,0.0,44,0.0,12.550000000000006
665001,stepper_hold,0.4612,U,0.0,44,0.0,12.649999999999995
665097,stepper_hold,0.4613,U,0.0,44,0.0,12.749999999999984
665190,stepper_hold,0.4615,U,0.0,44,0.0,12.950000000000017
665286,stepper_hold,0.4616,U,0.0,44,0.0,13.050000000000006
665382,stepper_hold,0.4617,U,0.0,44,0.0,13.149999999999995
665478,stepper_hold,0.4619,U,0.0,44,0.0,13.349999999999973
665574,stepper_hold,0.462,U,0.0,44,0.0,13.450000000000017
665670,stepper_hold,0.4621,U,0.0,44,0.0,13.550000000000006
665765,stepper_hold,0.4622,U,0.0,44,0.0,13.649999999999995
665861,stepper_hold,0.4622,U,0.0,44,0.0,13.649999999999995
665957,stepper_hold,0.4623,U,0.0,44,0.0,13.749999999999984
666053,stepper_hold,0.4623,U,0.0,44,0.0,13.749999999999984
666147,stepper_hold,0.4623,U,0.0,44,0.0,13.749999999999984
666243,stepper_hold,0.4622,S,0.0,44,0.0,13.649999999999995
666339,stepper_hold,0.4621,U,0.0,44,0.0,13.550000000000006
666434,stepper_hold,0.4621,U,0.0,44,0.0,13.550000000000006
666530,stepper_hold,0.462,U,0.0,44,0.0,13.450000000000017
666626,stepper_hold,0.462,U,0.0,44,0.0,13.450000000000017
666722,stepper_hold,0.4619,U,0.0,44,0.0,13.349999999999973
666818,stepper_hold,0.4619,U,0.0,44,0.0,13.349999999999973
666914,stepper_hold,0.4619,U,0.0,44,0.0,13.349999999999973
667007,stepper_hold,0.4619,S,0.0,44,0.0,13.349999999999973
667103,stepper_hold,0.4619,S,0.0,44,0.0,13.349999999999973
667199,stepper_hold,0.4619,S,0.0,44,0.0,13.349999999999973
667295,stepper_hold,0.4619,S,0.0,44,0.0,13.349999999999973
667391,stepper_hold,0.4619,S,0.0,44,0.0,13.349999999999973
667487,auger_steps,0.4619,S,0.0,44,0.0,13.349999999999973
667582,auger_steps,0.4619,S,0.0,44,0.0,13.349999999999973
667678,auger_steps,0.4619,S,0.0,44,0.0,13.349999999999973
667774,auger_steps,0.4619,S,0.0,44,0.0,13.349999999999973
667868,auger_steps,0.4619,S,0.0,44,0.0,13.349999999999973
667964,auger_steps,0.4618,S,0.0,44,0.0,13.249999999999984
668059,auger_steps,0.4563,U,0.0,44,0.0,7.749999999999979
668155,auger_steps,0.4505,U,0.0,44,0.0,1.9500000000000073
668251,auger_steps,0.4439,U,0.0,44,0.0,-4.649999999999988
668347,auger_steps,0.4387,U,0.0,44,0.0,-9.850000000000026
668443,auger_steps,0.4357,U,0.0,44,0.0,-12.850000000000028
668539,auger_steps,0.4346,U,0.0,44,0.0,-13.950000000000017
668634,auger_steps,0.4343,U,0.0,44,0.0,-14.249999999999986
668730,auger_steps,0.4343,U,0.0,44,0.0,-14.249999999999986
668824,auger_steps,0.4343,U,0.0,44,0.0,-14.249999999999986
668920,auger_steps,0.4343,U,0.0,44,0.0,-14.249999999999986
669016,auger_steps,0.4343,U,0.0,44,0.0,-14.249999999999986
669112,auger_steps,0.4343,S,0.0,44,0.0,-14.249999999999986
669208,auger_steps,0.4344,S,0.0,44,0.0,-14.149999999999995
669303,auger_steps,0.4344,S,0.0,44,0.0,-14.149999999999995
669399,auger_steps,0.4344,S,0.0,44,0.0,-14.149999999999995
671988,auger_steps,0.4639,S,0.0,44,0.0,15.349999999999975
672078,auger_steps,0.4638,U,0.0,44,0.0,15.249999999999986
672173,auger_steps,0.4638,U,0.0,44,0.0,15.249999999999986
672269,auger_steps,0.4638,U,0.0,44,0.0,15.249999999999986
672363,auger_steps,0.4637,U,0.0,44,0.0,15.149999999999997
672458,auger_steps,0.4637,U,0.0,44,0.0,15.149999999999997
672554,auger_steps,0.4637,S,0.0,44,0.0,15.149999999999997
672650,auger_steps,0.4637,S,0.0,44,0.0,15.149999999999997
672746,auger_steps,0.4637,S,0.0,44,0.0,15.149999999999997
672842,auger_steps,0.4637,S,0.0,44,0.0,15.149999999999997
672938,auger_steps,0.4637,S,0.0,44,0.0,15.149999999999997
673034,auger_steps,0.4637,S,0.0,44,0.0,15.149999999999997
673129,auger_steps,0.4637,S,0.0,44,0.0,15.149999999999997
673223,auger_steps,0.4637,S,0.0,44,0.0,15.149999999999997
673319,auger_steps,0.4637,S,0.0,44,0.0,15.149999999999997
673415,auger_steps,0.4637,S,0.0,44,0.0,15.149999999999997
673511,auger_steps,0.4637,S,0.0,44,0.0,15.149999999999997
673607,auger_steps,0.4637,S,0.0,44,0.0,15.149999999999997
673703,auger_steps,0.4637,S,0.0,44,0.0,15.149999999999997
673799,auger_steps,0.4637,S,0.0,44,0.0,15.149999999999997
673894,auger_steps,0.4637,S,0.0,44,0.0,15.149999999999997
673990,auger_steps,0.4637,S,0.0,44,0.0,15.149999999999997
674086,auger_steps,0.4637,S,0.0,44,0.0,15.149999999999997
674180,auger_steps,0.4637,S,0.0,44,0.0,15.149999999999997
674276,auger_steps,0.4638,S,0.0,44,0.0,15.249999999999986
674372,auger_steps,0.4638,S,0.0,44,0.0,15.249999999999986
674468,auger_steps,0.4638,S,0.0,44,0.0,15.249999999999986
674563,auger_steps,0.4638,S,0.0,44,0.0,15.249999999999986
674660,auger_steps,0.4638,S,0.0,44,0.0,15.249999999999986
674755,auger_steps,0.4638,S,0.0,44,0.0,15.249999999999986
674851,auger_steps,0.4641,U,0.0,44,0.0,15.550000000000008
674947,auger_steps,0.4642,U,0.0,44,0.0,15.649999999999997
675040,auger_steps,0.4642,U,0.0,44,0.0,15.649999999999997
675136,auger_steps,0.4643,U,0.0,44,0.0,15.749999999999986
675232,auger_steps,0.4644,U,0.0,44,0.0,15.849999999999975
675328,auger_steps,0.4644,U,0.0,44,0.0,15.849999999999975
675424,auger_steps,0.4645,U,0.0,44,0.0,15.95000000000002
675520,auger_steps,0.4645,U,0.0,44,0.0,15.95000000000002
675616,auger_steps,0.4646,U,0.0,44,0.0,16.050000000000008
675711,auger_steps,0.4646,U,0.0,44,0.0,16.050000000000008
675807,auger_steps,0.4646,U,0.0,44,0.0,16.050000000000008
675901,auger_steps,0.4647,U,0.0,44,0.0,16.15
678485,auger_steps,0.4508,U,0.0,44,0.0,2.2499999999999742
678578,auger_steps,0.4508,U,0.0,44,0.0,2.2499999999999742
678675,auger_steps,0.4509,U,0.0,44,0.0,2.3500000000000187
678770,auger_steps,0.4509,U,0.0,44,0.0,2.3500000000000187
678866,auger_steps,0.4509,S,0.0,44,0.0,2.3500000000000187
678962,auger_steps,0.4509,S,0.0,44,0.0,2.3500000000000187
679058,auger_steps,0.4509,S,0.0,44,0.0,2.3500000000000187
679154,auger_steps,0.4508,S,0.0,44,0.0,2.2499999999999742
679249,auger_steps,0.4506,U,0.0,44,0.0,2.0499999999999963
679346,auger_steps,0.4505,U,0.0,44,0.0,1.9500000000000073
679439,auger_steps,0.4473,U,0.0,44,0.0,-1.2500000000000289
679535,auger_steps,0.4472,U,0.0,44,0.0,-1.3500000000000179
679631,auger_steps,0.4473,U,0.0,44,0.0,-1.2500000000000289
679727,auger_steps,0.4473,U,0.0,44,0.0,-1.2500000000000289
679822,auger_steps,0.4474,U,0.0,44,0.0,-1.1499999999999844
679918,auger_steps,0.4475,U,0.0,44,0.0,-1.0499999999999954
680014,auger_steps,0.4475,U,0.0,44,0.0,-1.0499999999999954
680110,auger_steps,0.4476,U,0.0,44,0.0,-0.9500000000000064
680206,auger_steps,0.4476,U,0.0,44,0.0,-0.9500000000000064
680302,auger_steps,0.4477,U,0.0,44,0.0,-0.8500000000000174
680396,auger_steps,0.4477,U,0.0,44,0.0,-0.8500000000000174
680491,auger_steps,0.4477,U,0.0,44,0.0,-0.8500000000000174
680587,auger_steps,0.4477,S,0.0,44,0.0,-0.8500000000000174
680683,auger_steps,0.4477,S,0.0,44,0.0,-0.8500000000000174
680779,auger_steps,0.4477,S,0.0,44,0.0,-0.8500000000000174
680875,auger_steps,0.4477,S,0.0,44,0.0,-0.8500000000000174
680971,auger_steps,0.4477,S,0.0,44,0.0,-0.8500000000000174
681067,auger_steps,0.4477,S,0.0,44,0.0,-0.8500000000000174
681163,auger_steps,0.4477,S,0.0,44,0.0,-0.8500000000000174
681256,auger_steps,0.4477,S,0.0,44,0.0,-0.8500000000000174
681352,auger_steps,0.4477,S,0.0,44,0.0,-0.8500000000000174
681448,auger_steps,0.4477,S,0.0,44,0.0,-0.8500000000000174
681544,auger_steps,0.4477,S,0.0,44,0.0,-0.8500000000000174
681640,auger_steps,0.4477,S,0.0,44,0.0,-0.8500000000000174
681736,auger_steps,0.4477,S,0.0,44,0.0,-0.8500000000000174
681832,auger_steps,0.4477,S,0.0,44,0.0,-0.8500000000000174
681927,auger_steps,0.4476,S,0.0,44,0.0,-0.9500000000000064
682023,auger_steps,0.4476,S,0.0,44,0.0,-0.9500000000000064
682117,auger_steps,0.4476,S,0.0,44,0.0,-0.9500000000000064
682213,auger_steps,0.4476,S,0.0,44,0.0,-0.9500000000000064
682309,auger_steps,0.4476,S,0.0,44,0.0,-0.9500000000000064
682405,auger_steps,0.4476,S,0.0,44,0.0,-0.9500000000000064
684986,auger_steps,0.4643,S,0.0,44,0.0,15.749999999999986
685082,auger_steps,0.4643,S,0.0,44,0.0,15.749999999999986
685178,auger_steps,0.4643,S,0.0,44,0.0,15.749999999999986
685274,auger_steps,0.4642,S,0.0,44,0.0,15.649999999999997
685370,auger_steps,0.4642,S,0.0,44,0.0,15.649999999999997
685466,auger_steps,0.4641,U,0.0,44,0.0,15.550000000000008
685561,auger_steps,0.4639,U,0.0,44,0.0,15.349999999999975
685657,auger_steps,0.459,U,0.0,44,0.0,10.450000000000015
685751,auger_steps,0.4564,U,0.0,44,0.0,7.849999999999968
685847,auger_steps,0.4543,U,0.0,44,0.0,5.749999999999977
685942,auger_steps,0.453,U,0.0,44,0.0,4.45000000000001
686038,auger_steps,0.4525,U,0.0,44,0.0,3.950000000000009
686134,auger_steps,0.4525,U,0.0,44,0.0,3.950000000000009
686230,auger_steps,0.4526,U,0.0,44,0.0,4.049999999999998
686326,auger_steps,0.4527,U,0.0,44,0.0,4.149999999999987
686422,auger_steps,0.4527,U,0.0,44,0.0,4.149999999999987
686518,auger_steps,0.4527,U,0.0,44,0.0,4.149999999999987
686611,auger_steps,0.4527,U,0.0,44,0.0,4.149999999999987
686707,auger_steps,0.4527,S,0.0,44,0.0,4.149999999999987
686803,auger_steps,0.4527,S,0.0,44,0.0,4.149999999999987
686899,auger_steps,0.4528,S,0.0,44,0.0,4.249999999999976
686995,auger_steps,0.4528,S,0.0,44,0.0,4.249999999999976
687091,auger_steps,0.4529,U,0.0,44,0.0,4.350000000000021
687187,auger_steps,0.4529,U,0.0,44,0.0,4.350000000000021
687283,auger_steps,0.453,U,0.0,44,0.0,4.45000000000001
687378,auger_steps,0.453,U,0.0,44,0.0,4.45000000000001
687472,auger_steps,0.453,U,0.0,44,0.0,4.45000000000001
687568,auger_steps,0.453,S,0.0,44,0.0,4.45000000000001
687664,auger_steps,0.4531,U,0.0,44,0.0,4.549999999999999
687760,auger_steps,0.4531,S,0.0,44,0.0,4.549999999999999
687856,auger_steps,0.4531,S,0.0,44,0.0,4.549999999999999
687952,auger_steps,0.4531,S,0.0,44,0.0,4.549999999999999
688047,auger_steps,0.4531,S,0.0,44,0.0,4.549999999999999
688149,auger_steps,0.4531,S,0.0,44,0.0,4.549999999999999
688239,auger_steps,0.4531,S,0.0,44,0.0,4.549999999999999
688335,auger_steps,0.4531,S,0.0,44,0.0,4.549999999999999
688429,auger_steps,0.4531,S,0.0,44,0.0,4.549999999999999
688525,auger_steps,0.4531,S,0.0,44,0.0,4.549999999999999
688621,auger_steps,0.4531,S,0.0,44,0.0,4.549999999999999
688717,auger_steps,0.4531,S,0.0,44,0.0,4.549999999999999
688812,auger_steps,0.4531,S,0.0,44,0.0,4.549999999999999
688908,auger_steps,0.4531,S,0.0,44,0.0,4.549999999999999
691490,auger_steps,0.4895,S,0.0,44,0.0,40.94999999999999
691586,auger_steps,0.4895,S,0.0,44,0.0,40.94999999999999
691681,auger_steps,0.4896,S,0.0,44,0.0,41.049999999999976
691777,auger_steps,0.4897,U,0.0,44,0.0,41.15000000000002
691873,auger_steps,0.4897,U,0.0,44,0.0,41.15000000000002
691967,auger_steps,0.4898,U,0.0,44,0.0,41.25000000000001
692063,auger_steps,0.4899,U,0.0,44,0.0,41.349999999999994
692158,auger_steps,0.49,U,0.0,44,0.0,41.44999999999999
692254,auger_steps,0.49,U,0.0,44,0.0,41.44999999999999
692351,auger_steps,0.4901,U,0.0,44,0.0,41.549999999999976
692446,auger_steps,0.4901,U,0.0,44,0.0,41.549999999999976
692542,auger_steps,0.4901,U,0.0,44,0.0,41.549999999999976
692638,auger_steps,0.4902,U,0.0,44,0.0,41.65000000000002
692734,auger_steps,0.4902,U,0.0,44,0.0,41.65000000000002
692828,auger_steps,0.4902,S,0.0,44,0.0,41.65000000000002
692924,auger_steps,0.4903,U,0.0,44,0.0,41.75000000000001
693020,auger_steps,0.4904,U,0.0,44,0.0,41.85
693115,auger_steps,0.4904,U,0.0,44,0.0,41.85
693211,auger_steps,0.4905,U,0.0,44,0.0,41.94999999999999
693307,auger_steps,0.4906,U,0.0,44,0.0,42.049999999999976
693403,auger_steps,0.4906,U,0.0,44,0.0,42.049999999999976
693499,auger_steps,0.4907,U,0.0,44,0.0,42.15000000000002
693595,auger_steps,0.4907,U,0.0,44,0.0,42.15000000000002
693688,auger_steps,0.4908,U,0.0,44,0.0,42.25000000000001
693784,auger_steps,0.4908,U,0.0,44,0.0,42.25000000000001
693880,auger_steps,0.4908,U,0.0,44,0.0,42.25000000000001
693976,auger_steps,0.4908,S,0.0,44,0.0,42.25000000000001
694072,auger_steps,0.4907,S,0.0,44,0.0,42.15000000000002
694168,auger_steps,0.4907,S,0.0,44,0.0,42.15000000000002
694264,auger_steps,0.4907,S,0.0,44,0.0,42.15000000000002
694359,auger_steps,0.4907,S,0.0,44,0.0,42.15000000000002
694455,auger_steps,0.4907,S,0.0,44,0.0,42.15000000000002
694551,auger_steps,0.4907,S,0.0,44,0.0,42.15000000000002
694645,auger_steps,0.4907,S,0.0,44,0.0,42.15000000000002
694741,auger_steps,0.4907,S,0.0,44,0.0,42.15000000000002
694837,auger_steps,0.4907,S,0.0,44,0.0,42.15000000000002
694933,auger_steps,0.4907,S,0.0,44,0.0,42.15000000000002
695028,auger_steps,0.4907,S,0.0,44,0.0,42.15000000000002
695124,auger_steps,0.4907,S,0.0,44,0.0,42.15000000000002
695220,auger_steps,0.4907,S,0.0,44,0.0,42.15000000000002
695316,auger_steps,0.4907,S,0.0,44,0.0,42.15000000000002
695412,auger_steps,0.4907,S,0.0,44,0.0,42.15000000000002
697993,auger_steps,0.457,S,0.0,44,0.0,8.450000000000014
698089,auger_steps,0.457,S,0.0,44,0.0,8.450000000000014
698183,auger_steps,0.4569,S,0.0,44,0.0,8.34999999999997
698279,auger_steps,0.4569,S,0.0,44,0.0,8.34999999999997
698375,auger_steps,0.4569,S,0.0,44,0.0,8.34999999999997
698471,auger_steps,0.4569,S,0.0,44,0.0,8.34999999999997
698567,auger_steps,0.4568,U,0.0,44,0.0,8.249999999999979
698663,auger_steps,0.4567,U,0.0,44,0.0,8.149999999999991
698758,auger_steps,0.4566,U,0.0,44,0.0,8.05
698854,auger_steps,0.4564,U,0.0,44,0.0,7.849999999999968
698950,auger_steps,0.4563,U,0.0,44,0.0,7.749999999999979
699044,auger_steps,0.4561,U,0.0,44,0.0,7.550000000000001
699140,auger_steps,0.456,U,0.0,44,0.0,7.450000000000012
699236,auger_steps,0.4558,U,0.0,44,0.0,7.249999999999979
699332,auger_steps,0.4556,U,0.0,44,0.0,7.050000000000001
699427,auger_steps,0.4554,U,0.0,44,0.0,6.850000000000023
699523,auger_steps,0.4552,U,0.0,44,0.0,6.64999999999999
699619,auger_steps,0.4551,U,0.0,44,0.0,6.550000000000001
699715,auger_steps,0.4549,U,0.0,44,0.0,6.350000000000023
699811,auger_steps,0.4547,U,0.0,44,0.0,6.149999999999989
699907,auger_steps,0.4545,U,0.0,44,0.0,5.950000000000011
700000,auger_steps,0.4544,U,0.0,44,0.0,5.850000000000022
700096,auger_steps,0.4542,U,0.0,44,0.0,5.649999999999988
700192,auger_steps,0.454,U,0.0,44,0.0,5.45000000000001
700288,auger_steps,0.4539,U,0.0,44,0.0,5.350000000000021
700384,auger_steps,0.4537,U,0.0,44,0.0,5.149999999999988
700480,auger_steps,0.4537,U,0.0,44,0.0,5.149999999999988
700575,auger_steps,0.4536,U,0.0,44,0.0,5.049999999999999
700671,auger_steps,0.4536,U,0.0,44,0.0,5.049999999999999
700767,auger_steps,0.4536,U,0.0,44,0.0,5.049999999999999
700861,auger_steps,0.4536,S,0.0,44,0.0,5.049999999999999
700957,auger_steps,0.4536,S,0.0,44,0.0,5.049999999999999
701053,auger_steps,0.4537,S,0.0,44,0.0,5.149999999999988
701149,auger_steps,0.4537,S,0.0,44,0.0,5.149999999999988
701244,auger_steps,0.4537,S,0.0,44,0.0,5.149999999999988
701340,auger_steps,0.4538,U,0.0,44,0.0,5.249999999999977
701436,auger_steps,0.4538,U,0.0,44,0.0,5.249999999999977
701532,auger_steps,0.4538,S,0.0,44,0.0,5.249999999999977
701628,auger_steps,0.4539,U,0.0,44,0.0,5.350000000000021
701722,auger_steps,0.454,U,0.0,44,0.0,5.45000000000001
701817,auger_steps,0.454,U,0.0,44,0.0,5.45000000000001
701913,auger_steps,0.4541,U,0.0,44,0.0,5.549999999999999
704495,auger_steps,0.4538,S,0.0,44,0.0,5.249999999999977
704591,auger_steps,0.4538,S,0.0,44,0.0,5.249999999999977
704687,auger_steps,0.4539,U,0.0,44,0.0,5.350000000000021
704782,auger_steps,0.4539,S,0.0,44,0.0,5.350000000000021
704879,auger_steps,0.4539,S,0.0,44,0.0,5.350000000000021
704974,auger_steps,0.4538,S,0.0,44,0.0,5.249999999999977
705070,auger_steps,0.4537,U,0.0,44,0.0,5.149999999999988
705166,auger_steps,0.4482,U,0.0,44,0.0,-0.35000000000001696
705259,auger_steps,0.4448,U,0.0,44,0.0,-3.750000000000031
705355,auger_steps,0.4419,U,0.0,44,0.0,-6.64999999999999
705451,auger_steps,0.4402,U,0.0,44,0.0,-8.350000000000025
705547,auger_steps,0.4395,U,0.0,44,0.0,-9.050000000000002
705643,auger_steps,0.4393,U,0.0,44,0.0,-9.24999999999998
705739,auger_steps,0.4393,U,0.0,44,0.0,-9.24999999999998
705835,auger_steps,0.4393,U,0.0,44,0.0,-9.24999999999998
705930,auger_steps,0.4393,U,0.0,44,0.0,-9.24999999999998
706026,auger_steps,0.4394,S,0.0,44,0.0,-9.149999999999991
706122,auger_steps,0.4395,U,0.0,44,0.0,-9.050000000000002
706216,auger_steps,0.4395,U,0.0,44,0.0,-9.050000000000002
706312,auger_steps,0.4396,U,0.0,44,0.0,-8.950000000000014
706408,auger_steps,0.4397,U,0.0,44,0.0,-8.850000000000025
706504,auger_steps,0.4397,U,0.0,44,0.0,-8.850000000000025
706610,auger_steps,0.4398,U,0.0,44,0.0,-8.74999999999998
706791,auger_steps,0.4398,U,0.0,44,0.0,-8.74999999999998
706887,auger_steps,0.4399,U,0.0,44,0.0,-8.649999999999991
706983,auger_steps,0.4399,U,0.0,44,0.0,-8.649999999999991
707077,auger_steps,0.4399,S,0.0,44,0.0,-8.649999999999991
707172,auger_steps,0.44,U,0.0,44,0.0,-8.550000000000002
707268,auger_steps,0.44,U,0.0,44,0.0,-8.550000000000002
707363,auger_steps,0.44,S,0.0,44,0.0,-8.550000000000002
707459,auger_steps,0.44,S,0.0,44,0.0,-8.550000000000002
707555,auger_steps,0.44,S,0.0,44,0.0,-8.550000000000002
707652,auger_steps,0.44,S,0.0,44,0.0,-8.550000000000002
707747,auger_steps,0.44,S,0.0,44,0.0,-8.550000000000002
707844,auger_steps,0.4401,S,0.0,44,0.0,-8.450000000000014
707938,auger_steps,0.4401,S,0.0,44,0.0,-8.450000000000014
708033,auger_steps,0.4401,S,0.0,44,0.0,-8.450000000000014
708129,auger_steps,0.4401,S,0.0,44,0.0,-8.450000000000014
708225,auger_steps,0.4401,S,0.0,44,0.0,-8.450000000000014
708321,auger_steps,0.4401,S,0.0,44,0.0,-8.450000000000014
708417,auger_steps,0.4401,S,0.0,44,0.0,-8.450000000000014
710998,auger_steps,0.4559,S,0.0,44,0.0,7.350000000000023
711094,auger_steps,0.4559,S,0.0,44,0.0,7.350000000000023
711190,auger_steps,0.456,S,0.0,44,0.0,7.450000000000012
711286,auger_steps,0.456,S,0.0,44,0.0,7.450000000000012
711382,auger_steps,0.456,S,0.0,44,0.0,7.450000000000012
711478,auger_steps,0.4559,S,0.0,44,0.0,7.350000000000023
711572,auger_steps,0.4557,U,0.0,44,0.0,7.14999999999999
711667,auger_steps,0.4504,U,0.0,44,0.0,1.8500000000000183
711763,auger_steps,0.4469,U,0.0,44,0.0,-1.6499999999999848
711859,auger_steps,0.444,U,0.0,44,0.0,-4.549999999999999
711955,auger_steps,0.4422,U,0.0,44,0.0,-6.350000000000023
712051,auger_steps,0.4413,U,0.0,44,0.0,-7.249999999999979
712146,auger_steps,0.4411,U,0.0,44,0.0,-7.450000000000012
712242,auger_steps,0.4411,U,0.0,44,0.0,-7.450000000000012
712338,auger_steps,0.4411,U,0.0,44,0.0,-7.450000000000012
712432,auger_steps,0.4411,U,0.0,44,0.0,-7.450000000000012
712528,auger_steps,0.4411,U,0.0,44,0.0,-7.450000000000012
712624,auger_steps,0.4411,S,0.0,44,0.0,-7.450000000000012
712719,auger_steps,0.4411,S,0.0,44,0.0,-7.450000000000012
712815,auger_steps,0.4411,S,0.0,44,0.0,-7.450000000000012
712911,auger_steps,0.441,S,0.0,44,0.0,-7.550000000000001
713007,auger_steps,0.441,S,0.0,44,0.0,-7.550000000000001
713103,auger_steps,0.441,S,0.0,44,0.0,-7.550000000000001
713199,auger_steps,0.441,S,0.0,44,0.0,-7.550000000000001
713293,auger_steps,0.441,S,0.0,44,0.0,-7.550000000000001
713389,auger_steps,0.441,S,0.0,44,0.0,-7.550000000000001
713485,auger_steps,0.441,S,0.0,44,0.0,-7.550000000000001
713580,auger_steps,0.4409,S,0.0,44,0.0,-7.64999999999999
713676,auger_steps,0.4409,S,0.0,44,0.0,-7.64999999999999
713772,auger_steps,0.4409,S,0.0,44,0.0,-7.64999999999999
713868,auger_steps,0.4409,S,0.0,44,0.0,-7.64999999999999
713964,auger_steps,0.4409,S,0.0,44,0.0,-7.64999999999999
714060,auger_steps,0.4409,S,0.0,44,0.0,-7.64999999999999
714154,auger_steps,0.4409,S,0.0,44,0.0,-7.64999999999999
714249,auger_steps,0.4409,S,0.0,44,0.0,-7.64999999999999
714345,auger_steps,0.4409,S,0.0,44,0.0,-7.64999999999999
714441,auger_steps,0.441,S,0.0,44,0.0,-7.550000000000001
714537,auger_steps,0.441,S,0.0,44,0.0,-7.550000000000001
714633,auger_steps,0.441,S,0.0,44,0.0,-7.550000000000001
714729,auger_steps,0.441,S,0.0,44,0.0,-7.550000000000001
714825,auger_steps,0.441,S,0.0,44,0.0,-7.550000000000001
714920,auger_steps,0.441,S,0.0,44,0.0,-7.550000000000001
717502,auger_steps,0.4564,S,0.0,44,0.0,7.849999999999968
717598,auger_steps,0.4564,S,0.0,44,0.0,7.849999999999968
717694,auger_steps,0.4564,S,0.0,44,0.0,7.849999999999968
717788,auger_steps,0.4563,U,0.0,44,0.0,7.749999999999979
717884,auger_steps,0.4563,S,0.0,44,0.0,7.749999999999979
717979,auger_steps,0.4562,U,0.0,44,0.0,7.64999999999999
718075,auger_steps,0.4562,U,0.0,44,0.0,7.64999999999999
718171,auger_steps,0.4562,U,0.0,44,0.0,7.64999999999999
718267,auger_steps,0.4561,U,0.0,44,0.0,7.550000000000001
718363,auger_steps,0.456,U,0.0,44,0.0,7.450000000000012
718459,auger_steps,0.456,U,0.0,44,0.0,7.450000000000012
718555,auger_steps,0.4559,U,0.0,44,0.0,7.350000000000023
718649,auger_steps,0.4558,U,0.0,44,0.0,7.249999999999979
718744,auger_steps,0.4557,U,0.0,44,0.0,7.14999999999999
718840,auger_steps,0.4556,U,0.0,44,0.0,7.050000000000001
718936,auger_steps,0.4555,U,0.0,44,0.0,6.950000000000012
719032,auger_steps,0.4554,U,0.0,44,0.0,6.850000000000023
719128,auger_steps,0.4553,U,0.0,44,0.0,6.749999999999979
719223,auger_steps,0.4552,U,0.0,44,0.0,6.64999999999999
719319,auger_steps,0.4551,U,0.0,44,0.0,6.550000000000001
719415,auger_steps,0.4551,U,0.0,44,0.0,6.550000000000001
719509,auger_steps,0.455,U,0.0,44,0.0,6.450000000000012
719605,auger_steps,0.4549,U,0.0,44,0.0,6.350000000000023
719701,auger_steps,0.4548,U,0.0,44,0.0,6.249999999999978
719796,auger_steps,0.4547,U,0.0,44,0.0,6.149999999999989
719893,auger_steps,0.4546,U,0.0,44,0.0,6.05
719988,auger_steps,0.4546,U,0.0,44,0.0,6.05
720084,auger_steps,0.4545,U,0.0,44,0.0,5.950000000000011
720180,auger_steps,0.4544,U,0.0,44,0.0,5.850000000000022
720276,auger_steps,0.4544,U,0.0,44,0.0,5.850000000000022
720372,auger_steps,0.4544,U,0.0,44,0.0,5.850000000000022
720465,auger_steps,0.4544,U,0.0,44,0.0,5.850000000000022
720561,auger_steps,0.4543,U,0.0,44,0.0,5.749999999999977
720657,auger_steps,0.4543,S,0.0,44,0.0,5.749999999999977
720753,auger_steps,0.4543,S,0.0,44,0.0,5.749999999999977
720849,auger_steps,0.4543,S,0.0,44,0.0,5.749999999999977
720945,auger_steps,0.4542,U,0.0,44,0.0,5.649999999999988
721041,auger_steps,0.4542,S,0.0,44,0.0,5.649999999999988
721136,auger_steps,0.4542,S,0.0,44,0.0,5.649999999999988
721232,auger_steps,0.4542,S,0.0,44,0.0,5.649999999999988
721326,auger_steps,0.4541,U,0.0,44,0.0,5.549999999999999
721422,auger_steps,0.4541,S,0.0,44,0.0,5.549999999999999
724004,auger_steps,0.4638,S,0.0,44,0.0,15.249999999999986
724099,auger_steps,0.4638,S,0.0,44,0.0,15.249999999999986
724195,auger_steps,0.4638,S,0.0,44,0.0,15.249999999999986
724291,auger_steps,0.4638,S,0.0,44,0.0,15.249999999999986
724387,auger_steps,0.4638,S,0.0,44,0.0,15.249999999999986
724483,auger_steps,0.4638,S,0.0,44,0.0,15.249999999999986
724579,auger_steps,0.4638,S,0.0,44,0.0,15.249999999999986
724675,auger_steps,0.4637,S,0.0,44,0.0,15.149999999999997
724770,auger_steps,0.4637,S,0.0,44,0.0,15.149999999999997
724864,auger_steps,0.4636,U,0.0,44,0.0,15.050000000000008
724960,auger_steps,0.4635,U,0.0,44,0.0,14.950000000000019
725056,auger_steps,0.4634,U,0.0,44,0.0,14.849999999999975
725248,auger_steps,0.4633,U,0.0,44,0.0,14.749999999999986
725344,auger_steps,0.4632,U,0.0,44,0.0,14.649999999999997
725440,auger_steps,0.4632,U,0.0,44,0.0,14.649999999999997
725535,auger_steps,0.4631,U,0.0,44,0.0,14.550000000000008
725631,auger_steps,0.463,U,0.0,44,0.0,14.450000000000019
725727,auger_steps,0.463,U,0.0,44,0.0,14.450000000000019
725821,auger_steps,0.4629,U,0.0,44,0.0,14.349999999999973
725917,auger_steps,0.4629,U,0.0,44,0.0,14.349999999999973
726013,auger_steps,0.4629,U,0.0,44,0.0,14.349999999999973
726108,auger_steps,0.4628,U,0.0,44,0.0,14.249999999999986
726204,auger_steps,0.4628,U,0.0,44,0.0,14.249999999999986
726300,auger_steps,0.4628,S,0.0,44,0.0,14.249999999999986
726396,auger_steps,0.4627,U,0.0,44,0.0,14.149999999999995
726492,auger_steps,0.4627,U,0.0,44,0.0,14.149999999999995
726588,auger_steps,0.4627,S,0.0,44,0.0,14.149999999999995
726682,auger_steps,0.4628,S,0.0,44,0.0,14.249999999999986
726777,auger_steps,0.4628,S,0.0,44,0.0,14.249999999999986
726873,auger_steps,0.4629,U,0.0,44,0.0,14.349999999999973
726969,auger_steps,0.4629,U,0.0,44,0.0,14.349999999999973
727065,auger_steps,0.463,U,0.0,44,0.0,14.450000000000019
727161,auger_steps,0.4631,U,0.0,44,0.0,14.550000000000008
727257,auger_steps,0.4631,U,0.0,44,0.0,14.550000000000008
727352,auger_steps,0.4631,U,0.0,44,0.0,14.550000000000008
727448,auger_steps,0.4631,U,0.0,44,0.0,14.550000000000008
727542,auger_steps,0.4632,U,0.0,44,0.0,14.649999999999997
727638,auger_steps,0.4632,S,0.0,44,0.0,14.649999999999997
727734,auger_steps,0.4634,U,0.0,44,0.0,14.849999999999975
727830,auger_steps,0.4634,U,0.0,44,0.0,14.849999999999975
727926,auger_steps,0.4635,U,0.0,44,0.0,14.950000000000019
730507,auger_steps,0.4498,S,0.0,44,0.0,1.2499999999999734
730603,auger_steps,0.4498,S,0.0,44,0.0,1.2499999999999734
730699,auger_steps,0.4498,S,0.0,44,0.0,1.2499999999999734
730795,auger_steps,0.4498,S,0.0,44,0.0,1.2499999999999734
730891,auger_steps,0.4498,S,0.0,44,0.0,1.2499999999999734
730987,auger_steps,0.4497,S,0.0,44,0.0,1.1499999999999844
731080,auger_steps,0.4495,U,0.0,44,0.0,0.9500000000000064
731176,auger_steps,0.4417,U,0.0,44,0.0,-6.850000000000023
731272,auger_steps,0.4371,U,0.0,44,0.0,-11.450000000000015
731367,auger_steps,0.4333,U,0.0,44,0.0,-15.249999999999986
731463,auger_steps,0.4309,U,0.0,44,0.0,-17.65
731559,auger_steps,0.4299,U,0.0,44,0.0,-18.65
731655,auger_steps,0.4297,U,0.0,44,0.0,-18.849999999999977
731751,auger_steps,0.4297,U,0.0,44,0.0,-18.849999999999977
731847,auger_steps,0.4296,U,0.0,44,0.0,-18.950000000000024
731943,auger_steps,0.4296,U,0.0,44,0.0,-18.950000000000024
732036,auger_steps,0.4296,U,0.0,44,0.0,-18.950000000000024
732132,auger_steps,0.4296,S,0.0,44,0.0,-18.950000000000024
732228,auger_steps,0.4296,S,0.0,44,0.0,-18.950000000000024
732324,auger_steps,0.4296,S,0.0,44,0.0,-18.950000000000024
732420,auger_steps,0.4296,S,0.0,44,0.0,-18.950000000000024
732516,quiet_mid4,0.4295,S,0.0,44,0.0,-19.05000000000001
732612,quiet_mid4,0.4295,S,0.0,44,0.0,-19.05000000000001
732708,quiet_mid4,0.4295,S,0.0,44,0.0,-19.05000000000001
732804,quiet_mid4,0.4295,S,0.0,44,0.0,-19.05000000000001
732897,quiet_mid4,0.4295,S,0.0,44,0.0,-19.05000000000001
732993,quiet_mid4,0.4295,S,0.0,44,0.0,-19.05000000000001
733089,quiet_mid4,0.4295,S,0.0,44,0.0,-19.05000000000001
733185,quiet_mid4,0.4295,S,0.0,44,0.0,-19.05000000000001
733281,quiet_mid4,0.4295,S,0.0,44,0.0,-19.05000000000001
733377,quiet_mid4,0.4295,S,0.0,44,0.0,-19.05000000000001
733472,quiet_mid4,0.4295,S,0.0,44,0.0,-19.05000000000001
733568,quiet_mid4,0.4295,S,0.0,44,0.0,-19.05000000000001
733664,quiet_mid4,0.4295,S,0.0,44,0.0,-19.05000000000001
733758,quiet_mid4,0.4295,S,0.0,44,0.0,-19.05000000000001
733854,quiet_mid4,0.4295,S,0.0,44,0.0,-19.05000000000001
733950,quiet_mid4,0.4295,S,0.0,44,0.0,-19.05000000000001
734046,quiet_mid4,0.4295,S,0.0,44,0.0,-19.05000000000001
734142,quiet_mid4,0.4295,S,0.0,44,0.0,-19.05000000000001
734237,quiet_mid4,0.4295,S,0.0,44,0.0,-19.05000000000001
734333,quiet_mid4,0.4295,S,0.0,44,0.0,-19.05000000000001
734429,quiet_mid4,0.4295,S,0.0,44,0.0,-19.05000000000001
734525,quiet_mid4,0.4295,S,0.0,44,0.0,-19.05000000000001
734621,quiet_mid4,0.4295,S,0.0,44,0.0,-19.05000000000001
734715,quiet_mid4,0.4296,S,0.0,44,0.0,-18.950000000000024
734811,quiet_mid4,0.4296,S,0.0,44,0.0,-18.950000000000024
734906,quiet_mid4,0.4296,S,0.0,44,0.0,-18.950000000000024
735002,quiet_mid4,0.4296,S,0.0,44,0.0,-18.950000000000024
735098,quiet_mid4,0.4296,S,0.0,44,0.0,-18.950000000000024
735194,quiet_mid4,0.4296,S,0.0,44,0.0,-18.950000000000024
735290,quiet_mid4,0.4296,S,0.0,44,0.0,-18.950000000000024
735386,quiet_mid4,0.4296,S,0.0,44,0.0,-18.950000000000024
735482,quiet_mid4,0.4296,S,0.0,44,0.0,-18.950000000000024
735576,quiet_mid4,0.4296,S,0.0,44,0.0,-18.950000000000024
735671,quiet_mid4,0.4297,S,0.0,44,0.0,-18.849999999999977
735767,quiet_mid4,0.4297,S,0.0,44,0.0,-18.849999999999977
735863,quiet_mid4,0.4297,S,0.0,44,0.0,-18.849999999999977
735959,quiet_mid4,0.4297,S,0.0,44,0.0,-18.849999999999977
736054,quiet_mid4,0.43,U,0.0,44,0.0,-18.55000000000001
736149,quiet_mid4,0.43,U,0.0,44,0.0,-18.55000000000001
736245,quiet_mid4,0.43,U,0.0,44,0.0,-18.55000000000001
736341,quiet_mid4,0.43,U,0.0,44,0.0,-18.55000000000001
736436,quiet_mid4,0.4301,U,0.0,44,0.0,-18.45000000000002
736532,quiet_mid4,0.4301,S,0.0,44,0.0,-18.45000000000002
736627,quiet_mid4,0.4301,S,0.0,44,0.0,-18.45000000000002
736723,quiet_mid4,0.4301,S,0.0,44,0.0,-18.45000000000002
736819,quiet_mid4,0.4301,S,0.0,44,0.0,-18.45000000000002
736915,quiet_mid4,0.4301,S,0.0,44,0.0,-18.45000000000002
737011,quiet_mid4,0.4301,S,0.0,44,0.0,-18.45000000000002
737107,quiet_mid4,0.4301,S,0.0,44,0.0,-18.45000000000002
737203,quiet_mid4,0.4301,S,0.0,44,0.0,-18.45000000000002
737299,quiet_mid4,0.4301,S,0.0,44,0.0,-18.45000000000002
737392,quiet_mid4,0.4301,S,0.0,44,0.0,-18.45000000000002
737488,quiet_mid4,0.4301,S,0.0,44,0.0,-18.45000000000002
737584,quiet_mid4,0.4301,S,0.0,44,0.0,-18.45000000000002
737680,quiet_mid4,0.4301,S,0.0,44,0.0,-18.45000000000002
737776,quiet_mid4,0.4301,S,0.0,44,0.0,-18.45000000000002
737872,quiet_mid4,0.4301,S,0.0,44,0.0,-18.45000000000002
737968,quiet_mid4,0.4301,S,0.0,44,0.0,-18.45000000000002
738062,quiet_mid4,0.43,S,0.0,44,0.0,-18.55000000000001
738158,quiet_mid4,0.43,S,0.0,44,0.0,-18.55000000000001
738252,quiet_mid4,0.43,S,0.0,44,0.0,-18.55000000000001
738348,quiet_mid4,0.43,S,0.0,44,0.0,-18.55000000000001
738444,quiet_mid4,0.43,S,0.0,44,0.0,-18.55000000000001
738540,quiet_mid4,0.43,S,0.0,44,0.0,-18.55000000000001
738637,quiet_mid4,0.4299,S,0.0,44,0.0,-18.65
738732,quiet_mid4,0.4297,U,0.0,44,0.0,-18.849999999999977
738828,quiet_mid4,0.4297,U,0.0,44,0.0,-18.849999999999977
738924,quiet_mid4,0.4297,U,0.0,44,0.0,-18.849999999999977
739020,quiet_mid4,0.4297,U,0.0,44,0.0,-18.849999999999977
739114,quiet_mid4,0.4296,U,0.0,44,0.0,-18.950000000000024
739209,quiet_mid4,0.4296,S,0.0,44,0.0,-18.950000000000024
739305,quiet_mid4,0.4297,S,0.0,44,0.0,-18.849999999999977
739406,quiet_mid4,0.4297,S,0.0,44,0.0,-18.849999999999977
739497,quiet_mid4,0.4297,S,0.0,44,0.0,-18.849999999999977
739593,quiet_mid4,0.4297,S,0.0,44,0.0,-18.849999999999977
739689,quiet_mid4,0.4297,S,0.0,44,0.0,-18.849999999999977
739784,quiet_mid4,0.4297,S,0.0,44,0.0,-18.849999999999977
739881,quiet_mid4,0.4297,S,0.0,44,0.0,-18.849999999999977
739976,quiet_mid4,0.4297,S,0.0,44,0.0,-18.849999999999977
740070,quiet_mid4,0.4297,S,0.0,44,0.0,-18.849999999999977
740166,quiet_mid4,0.4297,S,0.0,44,0.0,-18.849999999999977
740262,quiet_mid4,0.4297,S,0.0,44,0.0,-18.849999999999977
740358,quiet_mid4,0.4297,S,0.0,44,0.0,-18.849999999999977
740454,quiet_mid4,0.4297,S,0.0,44,0.0,-18.849999999999977
740549,quiet_mid4,0.4297,S,0.0,44,0.0,-18.849999999999977
740645,quiet_mid4,0.4297,S,0.0,44,0.0,-18.849999999999977
740741,quiet_mid4,0.4297,S,0.0,44,0.0,-18.849999999999977
740837,quiet_mid4,0.4297,S,0.0,44,0.0,-18.849999999999977
740931,quiet_mid4,0.4297,S,0.0,44,0.0,-18.849999999999977
741027,quiet_mid4,0.4297,S,0.0,44,0.0,-18.849999999999977
741123,quiet_mid4,0.4297,S,0.0,44,0.0,-18.849999999999977
741219,quiet_mid4,0.4297,S,0.0,44,0.0,-18.849999999999977
741314,quiet_mid4,0.4297,S,0.0,44,0.0,-18.849999999999977
741410,quiet_mid4,0.4298,S,0.0,44,0.0,-18.74999999999999
741506,quiet_mid4,0.4298,S,0.0,44,0.0,-18.74999999999999
741602,quiet_mid4,0.4298,S,0.0,44,0.0,-18.74999999999999
741698,quiet_mid4,0.4298,S,0.0,44,0.0,-18.74999999999999
741792,quiet_mid4,0.4298,S,0.0,44,0.0,-18.74999999999999
741887,quiet_mid4,0.4302,U,0.0,44,0.0,-18.349999999999977
741983,quiet_mid4,0.4303,U,0.0,44,0.0,-18.24999999999999
742079,quiet_mid4,0.4303,U,0.0,44,0.0,-18.24999999999999
742175,quiet_mid4,0.4304,U,0.0,44,0.0,-18.15
742270,quiet_mid4,0.4305,U,0.0,44,0.0,-18.05000000000001
742366,quiet_mid4,0.4305,U,0.0,44,0.0,-18.05000000000001
742462,quiet_mid4,0.4306,U,0.0,44,0.0,-17.95000000000002
742558,quiet_mid4,0.4306,U,0.0,44,0.0,-17.95000000000002
742652,quiet_mid4,0.4307,U,0.0,44,0.0,-17.849999999999977
742748,quiet_mid4,0.4307,U,0.0,44,0.0,-17.849999999999977
742843,quiet_mid4,0.4308,U,0.0,44,0.0,-17.74999999999999
742940,quiet_mid4,0.4308,U,0.0,44,0.0,-17.74999999999999
743035,quiet_mid4,0.4309,U,0.0,44,0.0,-17.65
743131,quiet_mid4,0.4309,U,0.0,44,0.0,-17.65
743227,quiet_mid4,0.4309,U,0.0,44,0.0,-17.65
743323,quiet_mid4,0.4309,S,0.0,44,0.0,-17.65
743419,quiet_mid4,0.4309,S,0.0,44,0.0,-17.65
743514,quiet_mid4,0.4309,S,0.0,44,0.0,-17.65
743608,quiet_mid4,0.4309,S,0.0,44,0.0,-17.65
743704,quiet_mid4,0.4309,S,0.0,44,0.0,-17.65
743800,quiet_mid4,0.4309,S,0.0,44,0.0,-17.65
743896,quiet_mid4,0.4309,S,0.0,44,0.0,-17.65
743992,quiet_mid4,0.4308,S,0.0,44,0.0,-17.74999999999999
744087,quiet_mid4,0.4308,S,0.0,44,0.0,-17.74999999999999
744183,quiet_mid4,0.4308,S,0.0,44,0.0,-17.74999999999999
744279,quiet_mid4,0.4308,S,0.0,44,0.0,-17.74999999999999
744375,quiet_mid4,0.4307,U,0.0,44,0.0,-17.849999999999977
744469,quiet_mid4,0.4307,S,0.0,44,0.0,-17.849999999999977
744565,quiet_mid4,0.4307,S,0.0,44,0.0,-17.849999999999977
744661,quiet_mid4,0.4307,S,0.0,44,0.0,-17.849999999999977
744757,quiet_mid4,0.4307,S,0.0,44,0.0,-17.849999999999977
744852,quiet_mid4,0.4307,S,0.0,44,0.0,-17.849999999999977
744948,quiet_mid4,0.4307,S,0.0,44,0.0,-17.849999999999977
745044,quiet_mid4,0.4307,S,0.0,44,0.0,-17.849999999999977
745140,quiet_mid4,0.4306,S,0.0,44,0.0,-17.95000000000002
745236,quiet_mid4,0.4306,S,0.0,44,0.0,-17.95000000000002
745330,quiet_mid4,0.4306,S,0.0,44,0.0,-17.95000000000002
745426,quiet_mid4,0.4306,S,0.0,44,0.0,-17.95000000000002
745522,quiet_mid4,0.4306,S,0.0,44,0.0,-17.95000000000002
745617,quiet_mid4,0.4306,S,0.0,44,0.0,-17.95000000000002
745713,quiet_mid4,0.4306,S,0.0,44,0.0,-17.95000000000002
745809,quiet_mid4,0.4306,S,0.0,44,0.0,-17.95000000000002
745905,quiet_mid4,0.4306,S,0.0,44,0.0,-17.95000000000002
746001,quiet_mid4,0.4306,S,0.0,44,0.0,-17.95000000000002
746097,quiet_mid4,0.4306,S,0.0,44,0.0,-17.95000000000002
746193,quiet_mid4,0.4306,S,0.0,44,0.0,-17.95000000000002
746286,quiet_mid4,0.4306,S,0.0,44,0.0,-17.95000000000002
746382,quiet_mid4,0.4306,S,0.0,44,0.0,-17.95000000000002
746478,quiet_mid4,0.4306,S,0.0,44,0.0,-17.95000000000002
746574,quiet_mid4,0.4306,S,0.0,44,0.0,-17.95000000000002
746670,quiet_mid4,0.4306,S,0.0,44,0.0,-17.95000000000002
746766,quiet_mid4,0.4306,S,0.0,44,0.0,-17.95000000000002
746862,quiet_mid4,0.4306,S,0.0,44,0.0,-17.95000000000002
746957,quiet_mid4,0.4306,S,0.0,44,0.0,-17.95000000000002
747054,quiet_mid4,0.4306,S,0.0,44,0.0,-17.95000000000002
747147,quiet_mid4,0.4306,S,0.0,44,0.0,-17.95000000000002
747243,quiet_mid4,0.4306,S,0.0,44,0.0,-17.95000000000002
747339,quiet_mid4,0.4306,S,0.0,44,0.0,-17.95000000000002
747435,quiet_mid4,0.4306,S,0.0,44,0.0,-17.95000000000002
747531,quiet_mid4,0.4306,S,0.0,44,0.0,-17.95000000000002
747627,quiet_mid4,0.4306,S,0.0,44,0.0,-17.95000000000002
747722,quiet_mid4,0.4306,S,0.0,44,0.0,-17.95000000000002
747818,quiet_mid4,0.4306,S,0.0,44,0.0,-17.95000000000002
747914,quiet_mid4,0.4306,S,0.0,44,0.0,-17.95000000000002
748008,quiet_mid4,0.4306,S,0.0,44,0.0,-17.95000000000002
748104,quiet_mid4,0.4306,S,0.0,44,0.0,-17.95000000000002
748200,quiet_mid4,0.4306,S,0.0,44,0.0,-17.95000000000002
748296,quiet_mid4,0.4306,S,0.0,44,0.0,-17.95000000000002
748391,quiet_mid4,0.4306,S,0.0,44,0.0,-17.95000000000002
748487,quiet_mid4,0.4306,S,0.0,44,0.0,-17.95000000000002
748583,quiet_mid4,0.4306,S,0.0,44,0.0,-17.95000000000002
748679,quiet_mid4,0.4306,S,0.0,44,0.0,-17.95000000000002
748775,quiet_mid4,0.4306,S,0.0,44,0.0,-17.95000000000002
748871,quiet_mid4,0.4306,S,0.0,44,0.0,-17.95000000000002
748965,quiet_mid4,0.4306,S,0.0,44,0.0,-17.95000000000002
749060,quiet_mid4,0.4306,S,0.0,44,0.0,-17.95000000000002
749156,quiet_mid4,0.4306,S,0.0,44,0.0,-17.95000000000002
749252,quiet_mid4,0.4306,S,0.0,44,0.0,-17.95000000000002
749348,quiet_mid4,0.4306,S,0.0,44,0.0,-17.95000000000002
749444,quiet_mid4,0.4306,S,0.0,44,0.0,-17.95000000000002
749539,quiet_mid4,0.431,U,0.0,44,0.0,-17.55000000000001
749635,quiet_mid4,0.431,U,0.0,44,0.0,-17.55000000000001
749731,quiet_mid4,0.4311,U,0.0,44,0.0,-17.45000000000002
749824,quiet_mid4,0.4311,U,0.0,44,0.0,-17.45000000000002
749920,quiet_mid4,0.4312,U,0.0,44,0.0,-17.349999999999977
750016,quiet_mid4,0.4312,U,0.0,44,0.0,-17.349999999999977
750112,quiet_mid4,0.4313,U,0.0,44,0.0,-17.249999999999986
750208,quiet_mid4,0.4313,U,0.0,44,0.0,-17.249999999999986
750304,quiet_mid4,0.4314,U,0.0,44,0.0,-17.15
750399,quiet_mid4,0.4314,U,0.0,44,0.0,-17.15
750495,quiet_mid4,0.4315,U,0.0,44,0.0,-17.05000000000001
750591,quiet_mid4,0.4315,U,0.0,44,0.0,-17.05000000000001
750685,quiet_mid4,0.4315,U,0.0,44,0.0,-17.05000000000001
750781,quiet_mid4,0.4316,U,0.0,44,0.0,-16.95000000000002
750877,quiet_mid4,0.4316,U,0.0,44,0.0,-16.95000000000002
750973,quiet_mid4,0.4317,U,0.0,44,0.0,-16.85000000000003
751068,quiet_mid4,0.4317,U,0.0,44,0.0,-16.85000000000003
751164,quiet_mid4,0.4317,U,0.0,44,0.0,-16.85000000000003
751260,quiet_mid4,0.4317,S,0.0,44,0.0,-16.85000000000003
751356,quiet_mid4,0.4317,S,0.0,44,0.0,-16.85000000000003
751452,quiet_mid4,0.4317,S,0.0,44,0.0,-16.85000000000003
751548,quiet_mid4,0.4318,S,0.0,44,0.0,-16.749999999999986
751652,quiet_mid4,0.4318,S,0.0,44,0.0,-16.749999999999986
751833,quiet_mid4,0.4318,S,0.0,44,0.0,-16.749999999999986
751929,quiet_mid4,0.4318,S,0.0,44,0.0,-16.749999999999986
752025,quiet_mid4,0.4318,S,0.0,44,0.0,-16.749999999999986
752121,quiet_mid4,0.4318,S,0.0,44,0.0,-16.749999999999986
752216,quiet_mid4,0.4318,S,0.0,44,0.0,-16.749999999999986
752313,quiet_mid4,0.4318,S,0.0,44,0.0,-16.749999999999986
752408,quiet_mid4,0.4318,S,0.0,44,0.0,-16.749999999999986
752502,quiet_mid4,0.4318,S,0.0,44,0.0,-16.749999999999986
752598,quiet_mid4,0.4318,S,0.0,44,0.0,-16.749999999999986
752694,quiet_mid4,0.4318,S,0.0,44,0.0,-16.749999999999986
752790,quiet_mid4,0.4318,S,0.0,44,0.0,-16.749999999999986
752886,quiet_mid4,0.4318,S,0.0,44,0.0,-16.749999999999986
752981,quiet_mid4,0.4318,S,0.0,44,0.0,-16.749999999999986
753077,quiet_mid4,0.4318,S,0.0,44,0.0,-16.749999999999986
753173,quiet_mid4,0.4318,S,0.0,44,0.0,-16.749999999999986
753269,quiet_mid4,0.4318,S,0.0,44,0.0,-16.749999999999986
753363,quiet_mid4,0.4318,S,0.0,44,0.0,-16.749999999999986
753459,quiet_mid4,0.4318,S,0.0,44,0.0,-16.749999999999986
753555,quiet_mid4,0.4318,S,0.0,44,0.0,-16.749999999999986
753650,quiet_mid4,0.4318,S,0.0,44,0.0,-16.749999999999986
753746,quiet_mid4,0.4318,S,0.0,44,0.0,-16.749999999999986
753842,quiet_mid4,0.4318,S,0.0,44,0.0,-16.749999999999986
753938,quiet_mid4,0.4318,S,0.0,44,0.0,-16.749999999999986
754034,quiet_mid4,0.4318,S,0.0,44,0.0,-16.749999999999986
754130,quiet_mid4,0.4318,S,0.0,44,0.0,-16.749999999999986
754224,quiet_mid4,0.4318,S,0.0,44,0.0,-16.749999999999986
754320,quiet_mid4,0.4318,S,0.0,44,0.0,-16.749999999999986
754415,quiet_mid4,0.4318,S,0.0,44,0.0,-16.749999999999986
754511,quiet_mid4,0.4319,S,0.0,44,0.0,-16.65
754607,quiet_mid4,0.4319,S,0.0,44,0.0,-16.65
754703,quiet_mid4,0.4319,S,0.0,44,0.0,-16.65
754799,quiet_mid4,0.4319,S,0.0,44,0.0,-16.65
754895,quiet_mid4,0.4319,S,0.0,44,0.0,-16.65
754991,quiet_mid4,0.4319,S,0.0,44,0.0,-16.65
755086,quiet_mid4,0.4319,S,0.0,44,0.0,-16.65
755180,quiet_mid4,0.4319,S,0.0,44,0.0,-16.65
755276,quiet_mid4,0.4319,S,0.0,44,0.0,-16.65
755372,quiet_mid4,0.4319,S,0.0,44,0.0,-16.65
755468,quiet_mid4,0.4319,S,0.0,44,0.0,-16.65
755564,quiet_mid4,0.4319,S,0.0,44,0.0,-16.65
755660,quiet_mid4,0.4319,S,0.0,44,0.0,-16.65
755755,quiet_mid4,0.4319,S,0.0,44,0.0,-16.65
755851,quiet_mid4,0.4319,S,0.0,44,0.0,-16.65
755947,quiet_mid4,0.4319,S,0.0,44,0.0,-16.65
756041,quiet_mid4,0.4319,S,0.0,44,0.0,-16.65
756137,quiet_mid4,0.4319,S,0.0,44,0.0,-16.65
756233,quiet_mid4,0.432,S,0.0,44,0.0,-16.550000000000008
756328,quiet_mid4,0.4324,U,0.0,44,0.0,-16.15
756424,quiet_mid4,0.4325,U,0.0,44,0.0,-16.050000000000008
756519,quiet_mid4,0.4325,U,0.0,44,0.0,-16.050000000000008
756615,quiet_mid4,0.4326,U,0.0,44,0.0,-15.95000000000002
756711,quiet_mid4,0.4327,U,0.0,44,0.0,-15.85000000000003
756807,quiet_mid4,0.4328,U,0.0,44,0.0,-15.749999999999986
756901,quiet_mid4,0.4328,U,0.0,44,0.0,-15.749999999999986
756997,quiet_mid4,0.4329,U,0.0,44,0.0,-15.649999999999997
757093,quiet_mid4,0.433,U,0.0,44,0.0,-15.550000000000008
757188,quiet_mid4,0.433,U,0.0,44,0.0,-15.550000000000008
757284,quiet_mid4,0.4331,U,0.0,44,0.0,-15.450000000000019
757380,quiet_mid4,0.4331,U,0.0,44,0.0,-15.450000000000019
757476,quiet_mid4,0.4332,U,0.0,44,0.0,-15.35000000000003
757572,quiet_mid4,0.4333,U,0.0,44,0.0,-15.249999999999986
757668,quiet_mid4,0.4334,U,0.0,44,0.0,-15.149999999999997
757764,quiet_mid4,0.4334,U,0.0,44,0.0,-15.149999999999997
757858,quiet_mid4,0.4335,U,0.0,44,0.0,-15.050000000000008
757953,quiet_mid4,0.4335,U,0.0,44,0.0,-15.050000000000008
758049,quiet_mid4,0.4335,U,0.0,44,0.0,-15.050000000000008
758145,quiet_mid4,0.4336,U,0.0,44,0.0,-14.950000000000019
758241,quiet_mid4,0.4336,U,0.0,44,0.0,-14.950000000000019
758337,quiet_mid4,0.4336,S,0.0,44,0.0,-14.950000000000019
758433,quiet_mid4,0.4337,U,0.0,44,0.0,-14.85000000000003
758528,quiet_mid4,0.4337,U,0.0,44,0.0,-14.85000000000003
758624,quiet_mid4,0.4337,S,0.0,44,0.0,-14.85000000000003
758718,quiet_mid4,0.4337,S,0.0,44,0.0,-14.85000000000003
758814,quiet_mid4,0.4338,U,0.0,44,0.0,-14.749999999999986
758910,quiet_mid4,0.4338,S,0.0,44,0.0,-14.749999999999986
759006,quiet_mid4,0.4338,S,0.0,44,0.0,-14.749999999999986
759101,quiet_mid4,0.4338,S,0.0,44,0.0,-14.749999999999986
759197,quiet_mid4,0.4338,S,0.0,44,0.0,-14.749999999999986
759293,quiet_mid4,0.4339,S,0.0,44,0.0,-14.649999999999997
759389,quiet_mid4,0.4339,S,0.0,44,0.0,-14.649999999999997
759485,quiet_mid4,0.4339,S,0.0,44,0.0,-14.649999999999997
759579,quiet_mid4,0.4339,S,0.0,44,0.0,-14.649999999999997
759674,quiet_mid4,0.4339,S,0.0,44,0.0,-14.649999999999997
759770,quiet_mid4,0.4339,S,0.0,44,0.0,-14.649999999999997
759866,quiet_mid4,0.4339,S,0.0,44,0.0,-14.649999999999997
759962,quiet_mid4,0.4339,S,0.0,44,0.0,-14.649999999999997
760058,quiet_mid4,0.434,S,0.0,44,0.0,-14.550000000000008
760154,quiet_mid4,0.434,S,0.0,44,0.0,-14.550000000000008
760250,quiet_mid4,0.434,S,0.0,44,0.0,-14.550000000000008
760346,quiet_mid4,0.434,S,0.0,44,0.0,-14.550000000000008
760441,quiet_mid4,0.434,S,0.0,44,0.0,-14.550000000000008
760535,quiet_mid4,0.434,S,0.0,44,0.0,-14.550000000000008
760631,quiet_mid4,0.434,S,0.0,44,0.0,-14.550000000000008
760727,quiet_mid4,0.434,S,0.0,44,0.0,-14.550000000000008
760823,quiet_mid4,0.434,S,0.0,44,0.0,-14.550000000000008
760919,quiet_mid4,0.434,S,0.0,44,0.0,-14.550000000000008
761014,quiet_mid4,0.434,S,0.0,44,0.0,-14.550000000000008
761110,quiet_mid4,0.434,S,0.0,44,0.0,-14.550000000000008
761206,quiet_mid4,0.434,S,0.0,44,0.0,-14.550000000000008
761302,quiet_mid4,0.434,S,0.0,44,0.0,-14.550000000000008
761396,quiet_mid4,0.434,S,0.0,44,0.0,-14.550000000000008
761492,quiet_mid4,0.434,S,0.0,44,0.0,-14.550000000000008
761588,quiet_mid4,0.434,S,0.0,44,0.0,-14.550000000000008
761684,quiet_mid4,0.434,S,0.0,44,0.0,-14.550000000000008
761780,quiet_mid4,0.434,S,0.0,44,0.0,-14.550000000000008
761875,quiet_mid4,0.434,S,0.0,44,0.0,-14.550000000000008
761971,quiet_mid4,0.434,S,0.0,44,0.0,-14.550000000000008
762067,quiet_mid4,0.4341,S,0.0,44,0.0,-14.450000000000019
762163,quiet_mid4,0.4341,S,0.0,44,0.0,-14.450000000000019
762257,quiet_mid4,0.4341,S,0.0,44,0.0,-14.450000000000019
762353,quiet_mid4,0.4341,S,0.0,44,0.0,-14.450000000000019
762448,quiet_mid4,0.4341,S,0.0,44,0.0,-14.450000000000019
762544,combined,0.4341,S,55.0,44,0.0,-14.450000000000019
762640,combined,0.4341,S,55.0,44,0.0,-14.450000000000019
762736,combined,0.4341,S,55.0,44,0.0,-14.450000000000019
762832,combined,0.4341,S,55.0,44,0.0,-14.450000000000019
762928,combined,0.4341,S,55.0,44,0.0,-14.450000000000019
763024,combined,0.4341,S,55.0,44,0.0,-14.450000000000019
763120,combined,0.4341,S,55.0,44,0.0,-14.450000000000019
763213,combined,0.4341,S,55.0,44,0.0,-14.450000000000019
763310,combined,0.4342,S,55.0,44,0.0,-14.35000000000003
763404,combined,0.4346,U,55.0,44,0.0,-13.950000000000017
763500,combined,0.4384,U,55.0,44,0.0,-10.149999999999991
763596,combined,0.4383,U,55.0,44,0.0,-10.249999999999982
763789,combined,0.4373,U,55.0,45,0.0,-11.249999999999982
763891,combined,0.4382,U,55.0,45,0.0,-10.350000000000026
764073,combined,0.4444,U,55.0,45,0.0,-4.149999999999987
764169,combined,0.4437,U,55.0,45,0.0,-4.850000000000021
764265,combined,0.4402,U,55.0,45,0.0,-8.350000000000025
764361,combined,0.436,U,55.0,45,0.0,-12.550000000000006
764456,combined,0.4332,U,55.0,45,0.0,-15.35000000000003
764552,combined,0.4323,U,55.0,45,0.0,-16.249999999999986
764745,combined,0.4347,U,55.0,46,0.0,-13.85000000000003
764840,combined,0.4359,U,55.0,46,0.0,-12.649999999999995
764934,combined,0.436,U,55.0,46,0.0,-12.550000000000006
765030,combined,0.4359,U,55.0,46,0.0,-12.649999999999995
765125,combined,0.4356,U,55.0,46,0.0,-12.950000000000017
765221,combined,0.4352,U,55.0,46,0.0,-13.350000000000028
765317,combined,0.4347,U,55.0,46,0.0,-13.85000000000003
765413,combined,0.4345,U,55.0,46,0.0,-14.050000000000008
765509,combined,0.4347,U,55.0,46,0.0,-13.85000000000003
765605,combined,0.435,U,55.0,46,0.0,-13.550000000000006
765798,combined,0.4359,U,55.0,47,0.0,-12.649999999999995
765890,combined,0.4347,U,55.0,47,0.0,-13.85000000000003
765986,combined,0.4353,U,55.0,47,0.0,-13.249999999999984
766082,combined,0.4367,U,55.0,47,0.0,-11.850000000000026
766178,combined,0.4431,U,55.0,47,0.0,-5.45000000000001
766273,combined,0.4451,U,55.0,47,0.0,-3.4500000000000086
766369,combined,0.4454,U,55.0,47,0.0,-3.149999999999986
766465,combined,0.445,U,55.0,47,0.0,-3.5499999999999976
766561,combined,0.4441,U,55.0,47,0.0,-4.45000000000001
766754,combined,0.4388,U,55.0,48,0.0,-9.74999999999998
766847,combined,0.4368,U,55.0,48,0.0,-11.749999999999982
766942,combined,0.4378,U,55.0,48,0.0,-10.749999999999982
767038,combined,0.441,U,55.0,48,0.0,-7.550000000000001
767134,combined,0.4441,U,55.0,48,0.0,-4.45000000000001
767230,combined,0.4454,U,55.0,48,0.0,-3.149999999999986
767326,combined,0.444,U,55.0,48,0.0,-4.549999999999999
767422,combined,0.4404,U,55.0,48,0.0,-8.149999999999991
767517,combined,0.4364,U,55.0,48,0.0,-12.149999999999995
767710,combined,0.4334,U,55.0,49,0.0,-15.149999999999997
767803,combined,0.4335,U,55.0,49,0.0,-15.050000000000008
767899,combined,0.4332,U,55.0,49,0.0,-15.35000000000003
767995,combined,0.4333,U,55.0,49,0.0,-15.249999999999986
768091,combined,0.4344,U,55.0,49,0.0,-14.149999999999995
768186,combined,0.4354,U,55.0,49,0.0,-13.149999999999995
768282,combined,0.4386,U,55.0,49,0.0,-9.950000000000014
768378,combined,0.4402,U,55.0,49,0.0,-8.350000000000025
768472,combined,0.4413,U,55.0,49,0.0,-7.249999999999979
768568,combined,0.4413,U,55.0,49,0.0,-7.249999999999979
768761,combined,0.4387,U,55.0,50,0.0,-9.850000000000026
768855,combined,0.4387,U,55.0,50,0.0,-9.850000000000026
768951,combined,0.4394,U,55.0,50,0.0,-9.149999999999991
769047,combined,0.4404,U,55.0,50,0.0,-8.149999999999991
769143,combined,0.4411,U,55.0,50,0.0,-7.450000000000012
769239,combined,0.4411,U,55.0,50,0.0,-7.450000000000012
769335,combined,0.4402,U,55.0,50,0.0,-8.350000000000025
769429,combined,0.4298,U,55.0,50,0.0,-18.74999999999999
769524,combined,0.4269,U,55.0,50,0.0,-21.650000000000002
769717,combined,0.4263,U,55.0,51,0.0,-22.249999999999993
769812,combined,0.4281,U,55.0,51,0.0,-20.450000000000024
769908,combined,0.4307,U,55.0,51,0.0,-17.849999999999977
770003,combined,0.4328,U,55.0,51,0.0,-15.749999999999986
770099,combined,0.4336,U,55.0,51,0.0,-14.950000000000019
770195,combined,0.4335,U,55.0,51,0.0,-15.050000000000008
770289,combined,0.433,U,55.0,51,0.0,-15.550000000000008
770385,combined,0.4331,U,55.0,51,0.0,-15.450000000000019
770481,combined,0.4345,U,55.0,51,0.0,-14.050000000000008
770577,combined,0.4353,U,55.0,51,0.0,-13.249999999999984
770770,combined,0.4358,U,55.0,52,0.0,-12.749999999999984
770864,combined,0.4355,U,55.0,52,0.0,-13.050000000000006
770960,combined,0.4353,U,55.0,52,0.0,-13.249999999999984
771056,combined,0.4354,U,55.0,52,0.0,-13.149999999999995
771150,combined,0.4356,U,55.0,52,0.0,-12.950000000000017
771246,combined,0.4357,U,55.0,52,0.0,-12.850000000000028
771342,combined,0.4357,U,55.0,52,0.0,-12.850000000000028
771437,combined,0.4354,U,55.0,52,0.0,-13.149999999999995
771533,combined,0.435,U,55.0,52,0.0,-13.550000000000006
771726,combined,0.4322,U,55.0,53,0.0,-16.35000000000003
771821,combined,0.4335,U,55.0,53,0.0,-15.050000000000008
771916,combined,0.434,U,55.0,53,0.0,-14.550000000000008
772012,combined,0.4345,U,55.0,53,0.0,-14.050000000000008
772106,combined,0.436,U,55.0,53,0.0,-12.550000000000006
772202,combined,0.4354,U,55.0,53,0.0,-13.149999999999995
772298,combined,0.4344,U,55.0,53,0.0,-14.149999999999995
772394,combined,0.4348,U,55.0,53,0.0,-13.749999999999984
772490,combined,0.4361,U,55.0,53,0.0,-12.450000000000017
772585,combined,0.4441,U,55.0,53,0.0,-4.45000000000001
772778,combined,0.4497,U,55.0,54,0.0,1.1499999999999844
772873,combined,0.4469,U,55.0,54,0.0,-1.6499999999999848
772967,combined,0.4423,U,55.0,54,0.0,-6.249999999999978
773063,combined,0.439,U,55.0,54,0.0,-9.550000000000002
773159,combined,0.4384,U,55.0,54,0.0,-10.149999999999991
773254,combined,0.4401,U,55.0,54,0.0,-8.450000000000014
773350,combined,0.4424,U,55.0,54,0.0,-6.149999999999989
773446,combined,0.4445,U,55.0,54,0.0,-4.049999999999998
773542,combined,0.4458,U,55.0,54,0.0,-2.75000000000003
773735,combined,0.4455,U,55.0,55,0.0,-3.049999999999997
773827,combined,0.4454,U,55.0,55,0.0,-3.149999999999986
773923,combined,0.4458,U,55.0,55,0.0,-2.75000000000003
774019,combined,0.4457,U,55.0,55,0.0,-2.850000000000019
774115,combined,0.4455,U,55.0,55,0.0,-3.049999999999997
774211,combined,0.445,U,55.0,55,0.0,-3.5499999999999976
774307,combined,0.4446,U,55.0,55,0.0,-3.950000000000009
774402,combined,0.4416,U,55.0,55,0.0,-6.950000000000012
774498,combined,0.4403,U,55.0,55,0.0,-8.249999999999979
774594,combined,0.4394,U,55.0,55,0.0,-9.149999999999991
774787,combined,0.438,U,55.0,56,0.0,-10.550000000000004
774880,combined,0.4378,U,55.0,56,0.0,-10.749999999999982
774976,combined,0.4382,U,55.0,56,0.0,-10.350000000000026
775071,combined,0.4385,U,55.0,56,0.0,-10.050000000000004
775167,combined,0.4389,U,55.0,56,0.0,-9.649999999999991
775263,combined,0.4392,U,55.0,56,0.0,-9.350000000000025
775359,combined,0.4394,U,55.0,56,0.0,-9.149999999999991
775455,combined,0.4395,U,55.0,56,0.0,-9.050000000000002
775551,combined,0.4393,U,55.0,56,0.0,-9.24999999999998
775744,combined,0.4388,U,55.0,57,0.0,-9.74999999999998
775836,combined,0.4388,U,55.0,57,0.0,-9.74999999999998
775932,combined,0.4391,U,55.0,57,0.0,-9.450000000000014
776028,combined,0.446,U,55.0,57,0.0,-2.5499999999999967
776135,combined,0.4477,U,55.0,57,0.0,-0.8500000000000174
776315,combined,0.4443,U,55.0,57,0.0,-4.250000000000032
776411,combined,0.4422,U,55.0,57,0.0,-6.350000000000023
776505,combined,0.4413,U,55.0,57,0.0,-7.249999999999979
776601,combined,0.438,U,55.0,57,0.0,-10.550000000000004
776794,combined,0.4315,U,55.0,58,0.0,-17.05000000000001
776888,combined,0.4305,U,55.0,58,0.0,-18.05000000000001
776984,combined,0.4315,U,55.0,58,0.0,-17.05000000000001
777080,combined,0.4336,U,55.0,58,0.0,-14.950000000000019
777176,combined,0.4361,U,55.0,58,0.0,-12.450000000000017
777272,combined,0.4389,U,55.0,58,0.0,-9.649999999999991
777368,combined,0.4418,U,55.0,58,0.0,-6.749999999999979
777461,combined,0.4437,U,55.0,58,0.0,-4.850000000000021
777557,combined,0.4438,U,55.0,58,0.0,-4.750000000000032
777750,combined,0.4395,U,55.0,59,0.0,-9.050000000000002
777845,combined,0.4376,U,55.0,59,0.0,-10.950000000000015
777941,combined,0.437,U,55.0,59,0.0,-11.550000000000004
778037,combined,0.4371,U,55.0,59,0.0,-11.450000000000015
778132,combined,0.4372,U,55.0,59,0.0,-11.350000000000026
778228,combined,0.4369,U,55.0,59,0.0,-11.649999999999993
778322,combined,0.4365,U,55.0,59,0.0,-12.050000000000004
778418,combined,0.4365,U,55.0,59,0.0,-12.050000000000004
778514,combined,0.4369,U,55.0,59,0.0,-11.649999999999993
778707,combined,0.4434,U,55.0,60,0.0,-5.149999999999988
778801,combined,0.4446,U,55.0,60,0.0,-3.950000000000009
778897,combined,0.4439,U,55.0,60,0.0,-4.649999999999988
778993,combined,0.4429,U,55.0,60,0.0,-5.649999999999988
779089,combined,0.4429,U,55.0,60,0.0,-5.649999999999988
779183,combined,0.4438,U,55.0,60,0.0,-4.750000000000032
779279,combined,0.4441,U,55.0,60,0.0,-4.45000000000001
779375,combined,0.4441,U,55.0,60,0.0,-4.45000000000001
779470,combined,0.4438,U,55.0,60,0.0,-4.750000000000032
779566,combined,0.4433,U,55.0,60,0.0,-5.249999999999977
779759,combined,0.4429,U,55.0,61,0.0,-5.649999999999988
779854,combined,0.4429,U,55.0,61,0.0,-5.649999999999988
779950,combined,0.4428,U,55.0,61,0.0,-5.749999999999977
780044,combined,0.4426,U,55.0,61,0.0,-5.950000000000011
780139,combined,0.4423,U,55.0,61,0.0,-6.249999999999978
780235,combined,0.4421,U,55.0,61,0.0,-6.450000000000012
780331,combined,0.4421,U,55.0,61,0.0,-6.450000000000012
780427,combined,0.4423,U,55.0,61,0.0,-6.249999999999978
780523,combined,0.4424,U,55.0,61,0.0,-6.149999999999989
780716,combined,0.4422,U,55.0,62,0.0,-6.350000000000023
780810,combined,0.4346,U,55.0,62,0.0,-13.950000000000017
780906,combined,0.4322,U,55.0,62,0.0,-16.35000000000003
781000,combined,0.4314,U,55.0,62,0.0,-17.15
781096,combined,0.4314,U,55.0,62,0.0,-17.15
781191,combined,0.4316,U,55.0,62,0.0,-16.95000000000002
781287,combined,0.4325,U,55.0,62,0.0,-16.050000000000008
781383,combined,0.4344,U,55.0,62,0.0,-14.149999999999995
781479,combined,0.436,U,55.0,62,0.0,-12.550000000000006
781575,combined,0.4359,U,55.0,62,0.0,-12.649999999999995
781768,combined,0.4333,U,55.0,63,0.0,-15.249999999999986
781860,combined,0.4336,U,55.0,63,0.0,-14.950000000000019
781956,combined,0.4341,U,55.0,63,0.0,-14.450000000000019
782052,combined,0.4346,U,55.0,63,0.0,-13.950000000000017
782148,combined,0.435,U,55.0,63,0.0,-13.550000000000006
782244,combined,0.4378,U,55.0,63,0.0,-10.749999999999982
782340,combined,0.4398,U,55.0,63,0.0,-8.74999999999998
782435,combined,0.4425,U,55.0,63,0.0,-6.05
782531,combined,0.4451,U,55.0,63,0.0,-3.4500000000000086
782728,post_combined,0.4462,U,0.0,64,0.0,-2.3500000000000187
782818,post_combined,0.4449,U,0.0,64,0.0,-3.6499999999999866
782913,post_combined,0.4438,U,0.0,64,0.0,-4.750000000000032
783009,post_combined,0.4428,U,0.0,64,0.0,-5.749999999999977
783105,post_combined,0.4416,U,0.0,64,0.0,-6.950000000000012
783200,post_combined,0.441,U,0.0,64,0.0,-7.550000000000001
783296,post_combined,0.443,U,0.0,64,0.0,-5.549999999999999
783392,post_combined,0.449,U,0.0,64,0.0,0.45000000000000595
783488,post_combined,0.4582,U,0.0,64,0.0,9.649999999999991
783584,post_combined,0.4679,U,0.0,64,0.0,19.34999999999998
783677,post_combined,0.4754,U,0.0,64,0.0,26.849999999999984
783773,post_combined,0.4795,U,0.0,64,0.0,30.949999999999978
783869,post_combined,0.4811,U,0.0,64,0.0,32.550000000000026
783965,post_combined,0.4815,U,0.0,64,0.0,32.94999999999998
784061,post_combined,0.4815,U,0.0,64,0.0,32.94999999999998
784157,post_combined,0.4816,U,0.0,64,0.0,33.04999999999997
784253,post_combined,0.4816,U,0.0,64,0.0,33.04999999999997
784348,post_combined,0.4816,U,0.0,64,0.0,33.04999999999997
784444,post_combined,0.4815,S,0.0,64,0.0,32.94999999999998
784538,post_combined,0.4815,S,0.0,64,0.0,32.94999999999998
784634,post_combined,0.4815,S,0.0,64,0.0,32.94999999999998
784730,post_combined,0.4815,S,0.0,64,0.0,32.94999999999998
784826,post_combined,0.4815,S,0.0,64,0.0,32.94999999999998
784922,post_combined,0.4815,S,0.0,64,0.0,32.94999999999998
785017,post_combined,0.4814,S,0.0,64,0.0,32.84999999999999
785113,post_combined,0.4814,S,0.0,64,0.0,32.84999999999999
785209,post_combined,0.4814,S,0.0,64,0.0,32.84999999999999
785305,post_combined,0.4814,S,0.0,64,0.0,32.84999999999999
785399,post_combined,0.4814,S,0.0,64,0.0,32.84999999999999
785495,post_combined,0.4814,S,0.0,64,0.0,32.84999999999999
785591,post_combined,0.4814,S,0.0,64,0.0,32.84999999999999
785687,post_combined,0.4814,S,0.0,64,0.0,32.84999999999999
785782,post_combined,0.4814,S,0.0,64,0.0,32.84999999999999
785878,post_combined,0.4814,S,0.0,64,0.0,32.84999999999999
785974,post_combined,0.4814,S,0.0,64,0.0,32.84999999999999
786070,post_combined,0.4814,S,0.0,64,0.0,32.84999999999999
786166,post_combined,0.4815,S,0.0,64,0.0,32.94999999999998
786262,post_combined,0.4815,S,0.0,64,0.0,32.94999999999998
786356,post_combined,0.4815,S,0.0,64,0.0,32.94999999999998
786452,post_combined,0.4815,S,0.0,64,0.0,32.94999999999998
786547,post_combined,0.4815,S,0.0,64,0.0,32.94999999999998
786643,post_combined,0.4815,S,0.0,64,0.0,32.94999999999998
786739,post_combined,0.4815,S,0.0,64,0.0,32.94999999999998
786835,post_combined,0.4815,S,0.0,64,0.0,32.94999999999998
786931,post_combined,0.4815,S,0.0,64,0.0,32.94999999999998
787027,post_combined,0.4815,S,0.0,64,0.0,32.94999999999998
787123,post_combined,0.4815,S,0.0,64,0.0,32.94999999999998
787216,post_combined,0.4815,S,0.0,64,0.0,32.94999999999998
787312,post_combined,0.4815,S,0.0,64,0.0,32.94999999999998
787408,post_combined,0.4815,S,0.0,64,0.0,32.94999999999998
787504,post_combined,0.4815,S,0.0,64,0.0,32.94999999999998
787600,post_combined,0.4815,S,0.0,64,0.0,32.94999999999998
787696,post_combined,0.4815,S,0.0,64,0.0,32.94999999999998
787792,post_combined,0.4815,S,0.0,64,0.0,32.94999999999998
787887,post_combined,0.4815,S,0.0,64,0.0,32.94999999999998
787983,post_combined,0.4815,S,0.0,64,0.0,32.94999999999998
788077,post_combined,0.4815,S,0.0,64,0.0,32.94999999999998
788173,post_combined,0.4815,S,0.0,64,0.0,32.94999999999998
788269,post_combined,0.4815,S,0.0,64,0.0,32.94999999999998
788371,post_combined,0.4815,S,0.0,64,0.0,32.94999999999998
788461,post_combined,0.4815,S,0.0,64,0.0,32.94999999999998
788556,post_combined,0.4815,S,0.0,64,0.0,32.94999999999998
788652,post_combined,0.4815,S,0.0,64,0.0,32.94999999999998
788748,post_combined,0.4815,S,0.0,64,0.0,32.94999999999998
788844,post_combined,0.4815,S,0.0,64,0.0,32.94999999999998
788940,post_combined,0.4815,S,0.0,64,0.0,32.94999999999998
789034,post_combined,0.4815,S,0.0,64,0.0,32.94999999999998
789130,post_combined,0.4815,S,0.0,64,0.0,32.94999999999998
789226,post_combined,0.4815,S,0.0,64,0.0,32.94999999999998
789321,post_combined,0.4815,S,0.0,64,0.0,32.94999999999998
789417,post_combined,0.4815,S,0.0,64,0.0,32.94999999999998
789513,post_combined,0.4814,S,0.0,64,0.0,32.84999999999999
789609,post_combined,0.4814,S,0.0,64,0.0,32.84999999999999
789705,post_combined,0.4814,S,0.0,64,0.0,32.84999999999999
789801,post_combined,0.4814,S,0.0,64,0.0,32.84999999999999
789895,post_combined,0.4814,S,0.0,64,0.0,32.84999999999999
789990,post_combined,0.4814,S,0.0,64,0.0,32.84999999999999
790087,post_combined,0.4814,S,0.0,64,0.0,32.84999999999999
790182,post_combined,0.4814,S,0.0,64,0.0,32.84999999999999
790278,post_combined,0.4814,S,0.0,64,0.0,32.84999999999999
790374,post_combined,0.4814,S,0.0,64,0.0,32.84999999999999
790470,post_combined,0.4814,S,0.0,64,0.0,32.84999999999999
790566,post_combined,0.4814,S,0.0,64,0.0,32.84999999999999
790662,post_combined,0.4814,S,0.0,64,0.0,32.84999999999999
790755,post_combined,0.4814,S,0.0,64,0.0,32.84999999999999
790851,post_combined,0.4814,S,0.0,64,0.0,32.84999999999999
790947,post_combined,0.4814,S,0.0,64,0.0,32.84999999999999
791043,post_combined,0.4814,S,0.0,64,0.0,32.84999999999999
791139,post_combined,0.4814,S,0.0,64,0.0,32.84999999999999
791235,post_combined,0.4813,S,0.0,64,0.0,32.75
791331,post_combined,0.4813,S,0.0,64,0.0,32.75
791426,post_combined,0.4813,S,0.0,64,0.0,32.75
791522,post_combined,0.4813,S,0.0,64,0.0,32.75
791616,post_combined,0.4813,S,0.0,64,0.0,32.75
791712,post_combined,0.4813,S,0.0,64,0.0,32.75
791808,post_combined,0.4813,S,0.0,64,0.0,32.75
791904,post_combined,0.4813,S,0.0,64,0.0,32.75
791999,post_combined,0.4813,S,0.0,64,0.0,32.75
792095,post_combined,0.4813,S,0.0,64,0.0,32.75
792191,post_combined,0.4813,S,0.0,64,0.0,32.75
792287,post_combined,0.4813,S,0.0,64,0.0,32.75
792383,post_combined,0.4813,S,0.0,64,0.0,32.75
792479,post_combined,0.4812,S,0.0,64,0.0,32.65000000000001
792573,post_combined,0.4812,S,0.0,64,0.0,32.65000000000001
792668,post_combined,0.4812,S,0.0,64,0.0,32.65000000000001
792764,post_combined,0.4812,S,0.0,64,0.0,32.65000000000001
792860,post_combined,0.4812,S,0.0,64,0.0,32.65000000000001
792956,post_combined,0.4812,S,0.0,64,0.0,32.65000000000001
793052,post_combined,0.4812,S,0.0,64,0.0,32.65000000000001
793148,post_combined,0.4812,S,0.0,64,0.0,32.65000000000001
793243,post_combined,0.4812,S,0.0,64,0.0,32.65000000000001
793339,post_combined,0.4812,S,0.0,64,0.0,32.65000000000001
793433,post_combined,0.4812,S,0.0,64,0.0,32.65000000000001
793529,post_combined,0.4812,S,0.0,64,0.0,32.65000000000001
793624,post_combined,0.4815,U,0.0,64,0.0,32.94999999999998
793720,post_combined,0.4815,U,0.0,64,0.0,32.94999999999998
793816,post_combined,0.4815,U,0.0,64,0.0,32.94999999999998
793912,post_combined,0.4815,U,0.0,64,0.0,32.94999999999998
794007,post_combined,0.4816,U,0.0,64,0.0,33.04999999999997
794103,post_combined,0.4816,S,0.0,64,0.0,33.04999999999997
794199,post_combined,0.4816,S,0.0,64,0.0,33.04999999999997
794293,post_combined,0.4816,S,0.0,64,0.0,33.04999999999997
794389,post_combined,0.4817,U,0.0,64,0.0,33.15000000000001
794485,post_combined,0.4817,S,0.0,64,0.0,33.15000000000001
794581,post_combined,0.4818,U,0.0,64,0.0,33.25
794676,post_combined,0.4818,U,0.0,64,0.0,33.25
794772,post_combined,0.4818,U,0.0,64,0.0,33.25
794868,post_combined,0.4819,U,0.0,64,0.0,33.349999999999994
794964,post_combined,0.4819,U,0.0,64,0.0,33.349999999999994
795060,post_combined,0.4819,S,0.0,64,0.0,33.349999999999994
795155,post_combined,0.4819,S,0.0,64,0.0,33.349999999999994
795249,post_combined,0.4819,S,0.0,64,0.0,33.349999999999994
795345,post_combined,0.4819,S,0.0,64,0.0,33.349999999999994
795441,post_combined,0.4819,S,0.0,64,0.0,33.349999999999994
795537,post_combined,0.482,S,0.0,64,0.0,33.44999999999998
795633,post_combined,0.482,S,0.0,64,0.0,33.44999999999998
795729,post_combined,0.482,S,0.0,64,0.0,33.44999999999998
795824,post_combined,0.482,S,0.0,64,0.0,33.44999999999998
795920,post_combined,0.482,S,0.0,64,0.0,33.44999999999998
796016,post_combined,0.482,S,0.0,64,0.0,33.44999999999998
796110,post_combined,0.4819,S,0.0,64,0.0,33.349999999999994
796206,post_combined,0.4819,S,0.0,64,0.0,33.349999999999994
796302,post_combined,0.4819,S,0.0,64,0.0,33.349999999999994
796398,post_combined,0.4819,S,0.0,64,0.0,33.349999999999994
796493,post_combined,0.4819,S,0.0,64,0.0,33.349999999999994
796589,post_combined,0.4819,S,0.0,64,0.0,33.349999999999994
796685,post_combined,0.4819,S,0.0,64,0.0,33.349999999999994
796781,post_combined,0.4819,S,0.0,64,0.0,33.349999999999994
796877,post_combined,0.4819,S,0.0,64,0.0,33.349999999999994
796971,post_combined,0.4819,S,0.0,64,0.0,33.349999999999994
797067,post_combined,0.4819,S,0.0,64,0.0,33.349999999999994
797163,post_combined,0.4819,S,0.0,64,0.0,33.349999999999994
797258,post_combined,0.4819,S,0.0,64,0.0,33.349999999999994
797354,post_combined,0.4819,S,0.0,64,0.0,33.349999999999994
797450,post_combined,0.4819,S,0.0,64,0.0,33.349999999999994
797546,post_combined,0.4819,S,0.0,64,0.0,33.349999999999994
797642,post_combined,0.4819,S,0.0,64,0.0,33.349999999999994
797738,post_combined,0.4819,S,0.0,64,0.0,33.349999999999994
797834,post_combined,0.4819,S,0.0,64,0.0,33.349999999999994
797927,post_combined,0.482,S,0.0,64,0.0,33.44999999999998
798023,post_combined,0.482,S,0.0,64,0.0,33.44999999999998
798119,post_combined,0.482,S,0.0,64,0.0,33.44999999999998
798215,post_combined,0.4824,U,0.0,64,0.0,33.849999999999994
798310,post_combined,0.4825,U,0.0,64,0.0,33.94999999999998
798406,post_combined,0.4825,U,0.0,64,0.0,33.94999999999998
798502,post_combined,0.4826,U,0.0,64,0.0,34.04999999999997
798598,post_combined,0.4827,U,0.0,64,0.0,34.15000000000001
798694,post_combined,0.4827,U,0.0,64,0.0,34.15000000000001
798788,post_combined,0.4828,U,0.0,64,0.0,34.25
798884,post_combined,0.4829,U,0.0,64,0.0,34.349999999999994
798979,post_combined,0.4829,U,0.0,64,0.0,34.349999999999994
799075,post_combined,0.483,U,0.0,64,0.0,34.44999999999998
799171,post_combined,0.483,U,0.0,64,0.0,34.44999999999998
799267,post_combined,0.4831,U,0.0,64,0.0,34.54999999999997
799363,post_combined,0.4831,U,0.0,64,0.0,34.54999999999997
799459,post_combined,0.4832,U,0.0,64,0.0,34.65000000000001
799554,post_combined,0.4832,U,0.0,64,0.0,34.65000000000001
799648,post_combined,0.4832,U,0.0,64,0.0,34.65000000000001
799744,post_combined,0.4832,S,0.0,64,0.0,34.65000000000001
799840,post_combined,0.4832,S,0.0,64,0.0,34.65000000000001
799936,post_combined,0.4833,S,0.0,64,0.0,34.75
800032,post_combined,0.4833,S,0.0,64,0.0,34.75
800127,post_combined,0.4833,S,0.0,64,0.0,34.75
800224,post_combined,0.4833,S,0.0,64,0.0,34.75
800319,post_combined,0.4833,S,0.0,64,0.0,34.75
800426,post_combined,0.4833,S,0.0,64,0.0,34.75
800605,post_combined,0.4833,S,0.0,64,0.0,34.75
800701,post_combined,0.4833,S,0.0,64,0.0,34.75
800796,post_combined,0.4833,S,0.0,64,0.0,34.75
800892,post_combined,0.4833,S,0.0,64,0.0,34.75
800988,post_combined,0.4833,S,0.0,64,0.0,34.75
801084,post_combined,0.4833,S,0.0,64,0.0,34.75
801180,post_combined,0.4833,S,0.0,64,0.0,34.75
801276,post_combined,0.4833,S,0.0,64,0.0,34.75
801372,post_combined,0.4833,S,0.0,64,0.0,34.75
801466,post_combined,0.4833,S,0.0,64,0.0,34.75
801561,post_combined,0.4833,S,0.0,64,0.0,34.75
801657,post_combined,0.4833,S,0.0,64,0.0,34.75
801753,post_combined,0.4833,S,0.0,64,0.0,34.75
801849,post_combined,0.4833,S,0.0,64,0.0,34.75
801945,post_combined,0.4833,S,0.0,64,0.0,34.75
802041,post_combined,0.4833,S,0.0,64,0.0,34.75
802137,post_combined,0.4833,S,0.0,64,0.0,34.75
802232,post_combined,0.4833,S,0.0,64,0.0,34.75
802326,post_combined,0.4833,S,0.0,64,0.0,34.75
802422,post_combined,0.4833,S,0.0,64,0.0,34.75
802518,post_combined,0.4833,S,0.0,64,0.0,34.75
802614,post_combined,0.4833,S,0.0,64,0.0,34.75
803474,servo_moves,0.4693,U,0.0,64,25.0,20.74999999999999
803570,servo_moves,0.4622,U,0.0,64,25.0,13.649999999999995
803665,servo_moves,0.4551,U,0.0,64,25.0,6.550000000000001
803761,servo_moves,0.4486,U,0.0,64,25.0,0.04999999999999449
803857,servo_moves,0.443,U,0.0,64,25.0,-5.549999999999999
803953,servo_moves,0.4386,U,0.0,64,25.0,-9.950000000000014
804049,servo_moves,0.4354,U,0.0,64,25.0,-13.149999999999995
804143,servo_moves,0.4332,U,0.0,64,25.0,-15.35000000000003
804238,servo_moves,0.4317,U,0.0,64,25.0,-16.85000000000003
804334,servo_moves,0.4308,U,0.0,64,25.0,-17.74999999999999
804430,servo_moves,0.4303,U,0.0,64,25.0,-18.24999999999999
804526,servo_moves,0.4302,U,0.0,64,25.0,-18.349999999999977
804622,servo_moves,0.4302,U,0.0,64,25.0,-18.349999999999977
804718,servo_moves,0.4302,U,0.0,64,25.0,-18.349999999999977
804814,servo_moves,0.4303,U,0.0,64,25.0,-18.24999999999999
804909,servo_moves,0.4303,S,0.0,64,25.0,-18.24999999999999
805003,servo_moves,0.4304,U,0.0,64,25.0,-18.15
805099,servo_moves,0.4305,U,0.0,64,25.0,-18.05000000000001
805195,servo_moves,0.4305,U,0.0,64,25.0,-18.05000000000001
805291,servo_moves,0.4305,U,0.0,64,25.0,-18.05000000000001
805387,servo_moves,0.4305,U,0.0,64,25.0,-18.05000000000001
805483,servo_moves,0.4306,U,0.0,64,25.0,-17.95000000000002
805579,servo_moves,0.4306,S,0.0,64,25.0,-17.95000000000002
805674,servo_moves,0.4306,S,0.0,64,25.0,-17.95000000000002
805770,servo_moves,0.4307,U,0.0,64,25.0,-17.849999999999977
805866,servo_moves,0.4307,U,0.0,64,25.0,-17.849999999999977
805960,servo_moves,0.4307,S,0.0,64,25.0,-17.849999999999977
806056,servo_moves,0.4307,S,0.0,64,25.0,-17.849999999999977
806152,servo_moves,0.4308,U,0.0,64,25.0,-17.74999999999999
806248,servo_moves,0.4308,S,0.0,64,25.0,-17.74999999999999
806343,servo_moves,0.4308,S,0.0,64,25.0,-17.74999999999999
806439,servo_moves,0.4308,S,0.0,64,25.0,-17.74999999999999
806535,servo_moves,0.4309,U,0.0,64,25.0,-17.65
806631,servo_moves,0.4309,S,0.0,64,25.0,-17.65
806727,servo_moves,0.431,U,0.0,64,25.0,-17.55000000000001
806821,servo_moves,0.431,U,0.0,64,25.0,-17.55000000000001
806917,servo_moves,0.431,U,0.0,64,25.0,-17.55000000000001
807013,servo_moves,0.4311,U,0.0,64,25.0,-17.45000000000002
807108,servo_moves,0.4311,U,0.0,64,25.0,-17.45000000000002
807204,servo_moves,0.4311,S,0.0,64,25.0,-17.45000000000002
807300,servo_moves,0.4312,U,0.0,64,25.0,-17.349999999999977
807396,servo_moves,0.4312,U,0.0,64,25.0,-17.349999999999977
807492,servo_moves,0.4312,S,0.0,64,25.0,-17.349999999999977
807588,servo_moves,0.4313,U,0.0,64,25.0,-17.249999999999986
807681,servo_moves,0.4313,U,0.0,64,25.0,-17.249999999999986
807777,servo_moves,0.4313,S,0.0,64,25.0,-17.249999999999986
807873,servo_moves,0.4314,U,0.0,64,25.0,-17.15
807969,servo_moves,0.4314,U,0.0,64,25.0,-17.15
808065,servo_moves,0.4314,S,0.0,64,25.0,-17.15
808161,servo_moves,0.4315,U,0.0,64,25.0,-17.05000000000001
808256,servo_moves,0.4315,U,0.0,64,25.0,-17.05000000000001
808352,servo_moves,0.4316,U,0.0,64,25.0,-16.95000000000002
808448,servo_moves,0.4316,U,0.0,64,25.0,-16.95000000000002
808542,servo_moves,0.4316,U,0.0,64,25.0,-16.95000000000002
808638,servo_moves,0.4317,U,0.0,64,25.0,-16.85000000000003
808734,servo_moves,0.4317,U,0.0,64,25.0,-16.85000000000003
808830,servo_moves,0.4318,U,0.0,64,25.0,-16.749999999999986
808925,servo_moves,0.4318,U,0.0,64,25.0,-16.749999999999986
809021,servo_moves,0.4319,U,0.0,64,25.0,-16.65
809117,servo_moves,0.4319,U,0.0,64,25.0,-16.65
809213,servo_moves,0.432,U,0.0,64,25.0,-16.550000000000008
809309,servo_moves,0.432,U,0.0,64,25.0,-16.550000000000008
810265,servo_moves,0.4323,U,0.0,64,0.0,-16.249999999999986
810359,servo_moves,0.4325,U,0.0,64,0.0,-16.050000000000008
810455,servo_moves,0.4326,U,0.0,64,0.0,-15.95000000000002
810550,servo_moves,0.4364,U,0.0,64,0.0,-12.149999999999995
810646,servo_moves,0.4371,U,0.0,64,0.0,-11.450000000000015
810742,servo_moves,0.4374,U,0.0,64,0.0,-11.149999999999993
810838,servo_moves,0.4369,U,0.0,64,0.0,-11.649999999999993
810934,servo_moves,0.4362,U,0.0,64,0.0,-12.350000000000028
811030,servo_moves,0.4355,U,0.0,64,0.0,-13.050000000000006
811125,servo_moves,0.435,U,0.0,64,0.0,-13.550000000000006
811219,servo_moves,0.4331,U,0.0,64,0.0,-15.450000000000019
811315,servo_moves,0.4331,U,0.0,64,0.0,-15.450000000000019
811411,servo_moves,0.4332,U,0.0,64,0.0,-15.35000000000003
811507,servo_moves,0.4333,U,0.0,64,0.0,-15.249999999999986
811603,servo_moves,0.4333,U,0.0,64,0.0,-15.249999999999986
811699,servo_moves,0.4333,U,0.0,64,0.0,-15.249999999999986
811794,servo_moves,0.4333,U,0.0,64,0.0,-15.249999999999986
811890,servo_moves,0.4333,S,0.0,64,0.0,-15.249999999999986
811986,servo_moves,0.4333,S,0.0,64,0.0,-15.249999999999986
812082,servo_moves,0.4333,S,0.0,64,0.0,-15.249999999999986
812176,servo_moves,0.4333,S,0.0,64,0.0,-15.249999999999986
812283,servo_moves,0.4333,S,0.0,64,0.0,-15.249999999999986
812463,servo_moves,0.4333,S,0.0,64,0.0,-15.249999999999986
812559,servo_moves,0.4333,S,0.0,64,0.0,-15.249999999999986
812655,servo_moves,0.4333,S,0.0,64,0.0,-15.249999999999986
812751,servo_moves,0.4332,S,0.0,64,0.0,-15.35000000000003
812847,servo_moves,0.4332,S,0.0,64,0.0,-15.35000000000003
812943,servo_moves,0.4332,S,0.0,64,0.0,-15.35000000000003
813037,servo_moves,0.4332,S,0.0,64,0.0,-15.35000000000003
813133,servo_moves,0.4332,S,0.0,64,0.0,-15.35000000000003
813228,servo_moves,0.4332,S,0.0,64,0.0,-15.35000000000003
813324,servo_moves,0.4332,S,0.0,64,0.0,-15.35000000000003
813420,servo_moves,0.4332,S,0.0,64,0.0,-15.35000000000003
813516,servo_moves,0.4332,S,0.0,64,0.0,-15.35000000000003
813612,servo_moves,0.4332,S,0.0,64,0.0,-15.35000000000003
813708,servo_moves,0.4331,S,0.0,64,0.0,-15.450000000000019
813804,servo_moves,0.4331,S,0.0,64,0.0,-15.450000000000019
813898,servo_moves,0.4331,S,0.0,64,0.0,-15.450000000000019
813993,servo_moves,0.4331,S,0.0,64,0.0,-15.450000000000019
814089,servo_moves,0.4331,S,0.0,64,0.0,-15.450000000000019
814185,servo_moves,0.4331,S,0.0,64,0.0,-15.450000000000019
814281,servo_moves,0.4331,S,0.0,64,0.0,-15.450000000000019
814377,servo_moves,0.4331,S,0.0,64,0.0,-15.450000000000019
814473,servo_moves,0.433,S,0.0,64,0.0,-15.550000000000008
814569,servo_moves,0.433,S,0.0,64,0.0,-15.550000000000008
814664,servo_moves,0.433,S,0.0,64,0.0,-15.550000000000008
814760,servo_moves,0.433,S,0.0,64,0.0,-15.550000000000008
814854,servo_moves,0.433,S,0.0,64,0.0,-15.550000000000008
814950,servo_moves,0.433,S,0.0,64,0.0,-15.550000000000008
815046,servo_moves,0.433,S,0.0,64,0.0,-15.550000000000008
815142,servo_moves,0.433,S,0.0,64,0.0,-15.550000000000008
815238,servo_moves,0.433,S,0.0,64,0.0,-15.550000000000008
815334,servo_moves,0.433,S,0.0,64,0.0,-15.550000000000008
815429,servo_moves,0.433,S,0.0,64,0.0,-15.550000000000008
815525,servo_moves,0.433,S,0.0,64,0.0,-15.550000000000008
815621,servo_moves,0.433,S,0.0,64,0.0,-15.550000000000008
815715,servo_moves,0.433,S,0.0,64,0.0,-15.550000000000008
815811,servo_moves,0.433,S,0.0,64,0.0,-15.550000000000008
815907,servo_moves,0.433,S,0.0,64,0.0,-15.550000000000008
816003,servo_moves,0.433,S,0.0,64,0.0,-15.550000000000008
816098,servo_moves,0.433,S,0.0,64,0.0,-15.550000000000008
816194,servo_moves,0.433,S,0.0,64,0.0,-15.550000000000008
818399,servo_moves,0.4236,U,0.0,64,60.0,-24.950000000000028
818489,servo_moves,0.4241,U,0.0,64,60.0,-24.450000000000028
818583,servo_moves,0.4237,U,0.0,64,60.0,-24.849999999999984
818679,servo_moves,0.4228,U,0.0,64,60.0,-25.749999999999996
818775,servo_moves,0.4212,U,0.0,64,60.0,-27.349999999999987
818871,servo_moves,0.418,U,0.0,64,60.0,-30.550000000000022
818967,servo_moves,0.4143,U,0.0,64,60.0,-34.25
819063,servo_moves,0.4126,U,0.0,64,60.0,-35.94999999999998
819158,servo_moves,0.4147,U,0.0,64,60.0,-33.849999999999994
819252,servo_moves,0.4196,U,0.0,64,60.0,-28.95000000000003
819348,servo_moves,0.4246,U,0.0,64,60.0,-23.950000000000028
819444,servo_moves,0.4281,U,0.0,64,60.0,-20.450000000000024
819540,servo_moves,0.4299,U,0.0,64,60.0,-18.65
819636,servo_moves,0.4305,U,0.0,64,60.0,-18.05000000000001
819732,servo_moves,0.4308,U,0.0,64,60.0,-17.74999999999999
819827,servo_moves,0.4308,U,0.0,64,60.0,-17.74999999999999
819923,servo_moves,0.4309,U,0.0,64,60.0,-17.65
820019,servo_moves,0.4309,U,0.0,64,60.0,-17.65
820113,servo_moves,0.4309,U,0.0,64,60.0,-17.65
820209,servo_moves,0.4309,S,0.0,64,60.0,-17.65
820305,servo_moves,0.4309,S,0.0,64,60.0,-17.65
820401,servo_moves,0.4309,S,0.0,64,60.0,-17.65
820496,servo_moves,0.4309,S,0.0,64,60.0,-17.65
820592,servo_moves,0.4309,S,0.0,64,60.0,-17.65
820688,servo_moves,0.4309,S,0.0,64,60.0,-17.65
820784,servo_moves,0.4308,S,0.0,64,60.0,-17.74999999999999
820880,servo_moves,0.4308,S,0.0,64,60.0,-17.74999999999999
820976,servo_moves,0.4308,S,0.0,64,60.0,-17.74999999999999
821070,servo_moves,0.4308,S,0.0,64,60.0,-17.74999999999999
821165,servo_moves,0.4307,U,0.0,64,60.0,-17.849999999999977
821261,servo_moves,0.4307,S,0.0,64,60.0,-17.849999999999977
821357,servo_moves,0.4307,S,0.0,64,60.0,-17.849999999999977
821453,servo_moves,0.4307,S,0.0,64,60.0,-17.849999999999977
821549,servo_moves,0.4307,S,0.0,64,60.0,-17.849999999999977
821645,servo_moves,0.4306,S,0.0,64,60.0,-17.95000000000002
821741,servo_moves,0.4306,S,0.0,64,60.0,-17.95000000000002
821837,servo_moves,0.4307,S,0.0,64,60.0,-17.849999999999977
821931,servo_moves,0.4307,S,0.0,64,60.0,-17.849999999999977
822026,servo_moves,0.4307,S,0.0,64,60.0,-17.849999999999977
822122,servo_moves,0.4307,S,0.0,64,60.0,-17.849999999999977
822218,servo_moves,0.4307,S,0.0,64,60.0,-17.849999999999977
822314,servo_moves,0.4307,S,0.0,64,60.0,-17.849999999999977
822410,servo_moves,0.4307,S,0.0,64,60.0,-17.849999999999977
822506,servo_moves,0.4307,S,0.0,64,60.0,-17.849999999999977
822601,servo_moves,0.4307,S,0.0,64,60.0,-17.849999999999977
822697,servo_moves,0.4307,S,0.0,64,60.0,-17.849999999999977
822791,servo_moves,0.4307,S,0.0,64,60.0,-17.849999999999977
822887,servo_moves,0.4307,S,0.0,64,60.0,-17.849999999999977
822983,servo_moves,0.4307,S,0.0,64,60.0,-17.849999999999977
823079,servo_moves,0.4307,S,0.0,64,60.0,-17.849999999999977
823175,servo_moves,0.4307,S,0.0,64,60.0,-17.849999999999977
823271,servo_moves,0.4307,S,0.0,64,60.0,-17.849999999999977
823367,servo_moves,0.4307,S,0.0,64,60.0,-17.849999999999977
823462,servo_moves,0.4307,S,0.0,64,60.0,-17.849999999999977
823558,servo_moves,0.4307,S,0.0,64,60.0,-17.849999999999977
823654,servo_moves,0.4307,S,0.0,64,60.0,-17.849999999999977
823748,servo_moves,0.4307,S,0.0,64,60.0,-17.849999999999977
823844,servo_moves,0.4307,S,0.0,64,60.0,-17.849999999999977
823940,servo_moves,0.4307,S,0.0,64,60.0,-17.849999999999977
824035,servo_moves,0.4307,S,0.0,64,60.0,-17.849999999999977
824131,servo_moves,0.4307,S,0.0,64,60.0,-17.849999999999977
824227,servo_moves,0.4307,S,0.0,64,60.0,-17.849999999999977
824329,servo_moves,0.4307,S,0.0,64,60.0,-17.849999999999977
826521,servo_moves,0.4251,U,0.0,64,0.0,-23.450000000000028
826616,servo_moves,0.4266,U,0.0,64,0.0,-21.950000000000024
826712,servo_moves,0.4265,U,0.0,64,0.0,-22.050000000000015
826808,servo_moves,0.426,U,0.0,64,0.0,-22.550000000000015
826904,servo_moves,0.4261,U,0.0,64,0.0,-22.450000000000024
827000,servo_moves,0.4267,U,0.0,64,0.0,-21.84999999999998
827096,servo_moves,0.4278,U,0.0,64,0.0,-20.74999999999999
827192,servo_moves,0.4332,U,0.0,64,0.0,-15.35000000000003
827285,servo_moves,0.436,U,0.0,64,0.0,-12.550000000000006
827381,servo_moves,0.4377,U,0.0,64,0.0,-10.850000000000026
827477,servo_moves,0.4385,U,0.0,64,0.0,-10.050000000000004
827573,servo_moves,0.4387,U,0.0,64,0.0,-9.850000000000026
827669,servo_moves,0.4387,U,0.0,64,0.0,-9.850000000000026
827765,servo_moves,0.4387,U,0.0,64,0.0,-9.850000000000026
827860,servo_moves,0.4387,U,0.0,64,0.0,-9.850000000000026
827957,servo_moves,0.4387,U,0.0,64,0.0,-9.850000000000026
828052,servo_moves,0.4387,S,0.0,64,0.0,-9.850000000000026
828146,servo_moves,0.4387,S,0.0,64,0.0,-9.850000000000026
828242,servo_moves,0.4387,S,0.0,64,0.0,-9.850000000000026
828338,servo_moves,0.4388,S,0.0,64,0.0,-9.74999999999998
828434,servo_moves,0.4388,S,0.0,64,0.0,-9.74999999999998
828530,servo_moves,0.4388,S,0.0,64,0.0,-9.74999999999998
828625,servo_moves,0.4388,S,0.0,64,0.0,-9.74999999999998
828721,servo_moves,0.4388,S,0.0,64,0.0,-9.74999999999998
828817,servo_moves,0.4388,S,0.0,64,0.0,-9.74999999999998
828913,servo_moves,0.4388,S,0.0,64,0.0,-9.74999999999998
829009,servo_moves,0.4388,S,0.0,64,0.0,-9.74999999999998
829103,servo_moves,0.4388,S,0.0,64,0.0,-9.74999999999998
829199,servo_moves,0.4388,S,0.0,64,0.0,-9.74999999999998
829294,servo_moves,0.4388,S,0.0,64,0.0,-9.74999999999998
829390,servo_moves,0.4389,S,0.0,64,0.0,-9.649999999999991
829486,servo_moves,0.4389,S,0.0,64,0.0,-9.649999999999991
829582,servo_moves,0.4389,S,0.0,64,0.0,-9.649999999999991
829678,servo_moves,0.4389,S,0.0,64,0.0,-9.649999999999991
829774,servo_moves,0.4389,S,0.0,64,0.0,-9.649999999999991
829870,servo_moves,0.439,S,0.0,64,0.0,-9.550000000000002
829964,servo_moves,0.439,S,0.0,64,0.0,-9.550000000000002
830060,servo_moves,0.439,S,0.0,64,0.0,-9.550000000000002
830155,servo_moves,0.439,S,0.0,64,0.0,-9.550000000000002
830251,servo_moves,0.439,S,0.0,64,0.0,-9.550000000000002
830347,servo_moves,0.439,S,0.0,64,0.0,-9.550000000000002
830443,servo_moves,0.439,S,0.0,64,0.0,-9.550000000000002
830539,servo_moves,0.439,S,0.0,64,0.0,-9.550000000000002
830635,servo_moves,0.439,S,0.0,64,0.0,-9.550000000000002
830730,servo_moves,0.439,S,0.0,64,0.0,-9.550000000000002
830825,servo_moves,0.439,S,0.0,64,0.0,-9.550000000000002
830920,servo_moves,0.439,S,0.0,64,0.0,-9.550000000000002
831016,servo_moves,0.439,S,0.0,64,0.0,-9.550000000000002
831112,servo_moves,0.439,S,0.0,64,0.0,-9.550000000000002
831208,servo_moves,0.439,S,0.0,64,0.0,-9.550000000000002
831304,servo_moves,0.439,S,0.0,64,0.0,-9.550000000000002
831400,servo_moves,0.439,S,0.0,64,0.0,-9.550000000000002
831496,servo_moves,0.439,S,0.0,64,0.0,-9.550000000000002
831591,servo_moves,0.4389,S,0.0,64,0.0,-9.649999999999991
831687,servo_moves,0.4389,S,0.0,64,0.0,-9.649999999999991
831781,servo_moves,0.4389,S,0.0,64,0.0,-9.649999999999991
831877,servo_moves,0.4389,S,0.0,64,0.0,-9.649999999999991
831973,servo_moves,0.4389,S,0.0,64,0.0,-9.649999999999991
832069,servo_moves,0.4389,S,0.0,64,0.0,-9.649999999999991
832164,servo_moves,0.4389,S,0.0,64,0.0,-9.649999999999991
832261,servo_moves,0.4389,S,0.0,64,0.0,-9.649999999999991
832356,servo_moves,0.4389,S,0.0,64,0.0,-9.649999999999991
832452,servo_moves,0.4389,S,0.0,64,0.0,-9.649999999999991
832548,quiet_post,0.4389,S,0.0,64,0.0,-9.649999999999991
832642,quiet_post,0.4388,S,0.0,64,0.0,-9.74999999999998
832737,quiet_post,0.4385,U,0.0,64,0.0,-10.050000000000004
832833,quiet_post,0.4385,U,0.0,64,0.0,-10.050000000000004
832929,quiet_post,0.4384,U,0.0,64,0.0,-10.149999999999991
833025,quiet_post,0.4384,U,0.0,64,0.0,-10.149999999999991
833121,quiet_post,0.4384,U,0.0,64,0.0,-10.149999999999991
833216,quiet_post,0.4383,U,0.0,64,0.0,-10.249999999999982
833312,quiet_post,0.4383,U,0.0,64,0.0,-10.249999999999982
833408,quiet_post,0.4382,U,0.0,64,0.0,-10.350000000000026
833502,quiet_post,0.4382,U,0.0,64,0.0,-10.350000000000026
833598,quiet_post,0.4381,U,0.0,64,0.0,-10.450000000000015
833694,quiet_post,0.4381,U,0.0,64,0.0,-10.450000000000015
833789,quiet_post,0.438,U,0.0,64,0.0,-10.550000000000004
833885,quiet_post,0.4379,U,0.0,64,0.0,-10.649999999999993
833981,quiet_post,0.4378,U,0.0,64,0.0,-10.749999999999982
834077,quiet_post,0.4378,U,0.0,64,0.0,-10.749999999999982
834173,quiet_post,0.4377,U,0.0,64,0.0,-10.850000000000026
834269,quiet_post,0.4377,U,0.0,64,0.0,-10.850000000000026
834363,quiet_post,0.4377,U,0.0,64,0.0,-10.850000000000026
834458,quiet_post,0.4377,S,0.0,64,0.0,-10.850000000000026
834554,quiet_post,0.4377,S,0.0,64,0.0,-10.850000000000026
834650,quiet_post,0.4377,S,0.0,64,0.0,-10.850000000000026
834746,quiet_post,0.4377,S,0.0,64,0.0,-10.850000000000026
834842,quiet_post,0.4377,S,0.0,64,0.0,-10.850000000000026
834938,quiet_post,0.4378,S,0.0,64,0.0,-10.749999999999982
835033,quiet_post,0.4378,S,0.0,64,0.0,-10.749999999999982
835129,quiet_post,0.4379,U,0.0,64,0.0,-10.649999999999993
835225,quiet_post,0.4379,U,0.0,64,0.0,-10.649999999999993
835319,quiet_post,0.438,U,0.0,64,0.0,-10.550000000000004
835415,quiet_post,0.438,U,0.0,64,0.0,-10.550000000000004
835511,quiet_post,0.438,U,0.0,64,0.0,-10.550000000000004
835607,quiet_post,0.4381,U,0.0,64,0.0,-10.450000000000015
835702,quiet_post,0.4381,U,0.0,64,0.0,-10.450000000000015
835798,quiet_post,0.4384,U,0.0,64,0.0,-10.149999999999991
835894,quiet_post,0.4384,U,0.0,64,0.0,-10.149999999999991
835990,quiet_post,0.4385,U,0.0,64,0.0,-10.050000000000004
836086,quiet_post,0.4386,U,0.0,64,0.0,-9.950000000000014
836180,quiet_post,0.4386,U,0.0,64,0.0,-9.950000000000014
836281,quiet_post,0.4387,U,0.0,64,0.0,-9.850000000000026
836371,quiet_post,0.4387,U,0.0,64,0.0,-9.850000000000026
836467,quiet_post,0.4388,U,0.0,64,0.0,-9.74999999999998
836563,quiet_post,0.4388,U,0.0,64,0.0,-9.74999999999998
836659,quiet_post,0.4389,U,0.0,64,0.0,-9.649999999999991
836755,quiet_post,0.4389,U,0.0,64,0.0,-9.649999999999991
836850,quiet_post,0.4389,U,0.0,64,0.0,-9.649999999999991
836946,quiet_post,0.439,U,0.0,64,0.0,-9.550000000000002
837040,quiet_post,0.439,U,0.0,64,0.0,-9.550000000000002
837136,quiet_post,0.4391,U,0.0,64,0.0,-9.450000000000014
837232,quiet_post,0.4391,U,0.0,64,0.0,-9.450000000000014
837328,quiet_post,0.4391,U,0.0,64,0.0,-9.450000000000014
837424,quiet_post,0.4392,U,0.0,64,0.0,-9.350000000000025
837519,quiet_post,0.4392,U,0.0,64,0.0,-9.350000000000025
837615,quiet_post,0.4392,S,0.0,64,0.0,-9.350000000000025
837711,quiet_post,0.4393,U,0.0,64,0.0,-9.24999999999998
837807,quiet_post,0.4393,U,0.0,64,0.0,-9.24999999999998
837903,quiet_post,0.4393,S,0.0,64,0.0,-9.24999999999998
837997,quiet_post,0.4393,S,0.0,64,0.0,-9.24999999999998
838092,quiet_post,0.4393,S,0.0,64,0.0,-9.24999999999998
838188,quiet_post,0.4394,S,0.0,64,0.0,-9.149999999999991
838284,quiet_post,0.4394,S,0.0,64,0.0,-9.149999999999991
838380,quiet_post,0.4394,S,0.0,64,0.0,-9.149999999999991
838476,quiet_post,0.4394,S,0.0,64,0.0,-9.149999999999991
838572,quiet_post,0.4394,S,0.0,64,0.0,-9.149999999999991
838668,quiet_post,0.4394,S,0.0,64,0.0,-9.149999999999991
838763,quiet_post,0.4394,S,0.0,64,0.0,-9.149999999999991
838857,quiet_post,0.4394,S,0.0,64,0.0,-9.149999999999991
838953,quiet_post,0.4395,S,0.0,64,0.0,-9.050000000000002
839049,quiet_post,0.4395,S,0.0,64,0.0,-9.050000000000002
839145,quiet_post,0.4395,S,0.0,64,0.0,-9.050000000000002
839241,quiet_post,0.4395,S,0.0,64,0.0,-9.050000000000002
839337,quiet_post,0.4395,S,0.0,64,0.0,-9.050000000000002
839432,quiet_post,0.4395,S,0.0,64,0.0,-9.050000000000002
839528,quiet_post,0.4395,S,0.0,64,0.0,-9.050000000000002
839624,quiet_post,0.4395,S,0.0,64,0.0,-9.050000000000002
839718,quiet_post,0.4395,S,0.0,64,0.0,-9.050000000000002
839814,quiet_post,0.4396,S,0.0,64,0.0,-8.950000000000014
839910,quiet_post,0.4396,S,0.0,64,0.0,-8.950000000000014
840006,quiet_post,0.4396,S,0.0,64,0.0,-8.950000000000014
840101,quiet_post,0.4396,S,0.0,64,0.0,-8.950000000000014
840197,quiet_post,0.4396,S,0.0,64,0.0,-8.950000000000014
840293,quiet_post,0.4396,S,0.0,64,0.0,-8.950000000000014
840389,quiet_post,0.4396,S,0.0,64,0.0,-8.950000000000014
840485,quiet_post,0.4396,S,0.0,64,0.0,-8.950000000000014
840581,quiet_post,0.4397,S,0.0,64,0.0,-8.850000000000025
840674,quiet_post,0.4399,U,0.0,64,0.0,-8.649999999999991
840770,quiet_post,0.4399,U,0.0,64,0.0,-8.649999999999991
840866,quiet_post,0.4399,U,0.0,64,0.0,-8.649999999999991
840962,quiet_post,0.4399,U,0.0,64,0.0,-8.649999999999991
841058,quiet_post,0.4399,U,0.0,64,0.0,-8.649999999999991
841154,quiet_post,0.4399,S,0.0,64,0.0,-8.649999999999991
841249,quiet_post,0.4399,S,0.0,64,0.0,-8.649999999999991
841345,quiet_post,0.4399,S,0.0,64,0.0,-8.649999999999991
841441,quiet_post,0.4399,S,0.0,64,0.0,-8.649999999999991
841534,quiet_post,0.44,S,0.0,64,0.0,-8.550000000000002
841630,quiet_post,0.44,S,0.0,64,0.0,-8.550000000000002
841726,quiet_post,0.44,S,0.0,64,0.0,-8.550000000000002
841822,quiet_post,0.44,S,0.0,64,0.0,-8.550000000000002
841918,quiet_post,0.44,S,0.0,64,0.0,-8.550000000000002
842013,quiet_post,0.44,S,0.0,64,0.0,-8.550000000000002
842109,quiet_post,0.44,S,0.0,64,0.0,-8.550000000000002
842205,quiet_post,0.44,S,0.0,64,0.0,-8.550000000000002
842301,quiet_post,0.44,S,0.0,64,0.0,-8.550000000000002
842395,quiet_post,0.44,S,0.0,64,0.0,-8.550000000000002
842491,quiet_post,0.44,S,0.0,64,0.0,-8.550000000000002
842587,quiet_post,0.44,S,0.0,64,0.0,-8.550000000000002
842682,quiet_post,0.44,S,0.0,64,0.0,-8.550000000000002
842778,quiet_post,0.44,S,0.0,64,0.0,-8.550000000000002
842874,quiet_post,0.44,S,0.0,64,0.0,-8.550000000000002
842970,quiet_post,0.44,S,0.0,64,0.0,-8.550000000000002
843066,quiet_post,0.44,S,0.0,64,0.0,-8.550000000000002
843162,quiet_post,0.44,S,0.0,64,0.0,-8.550000000000002
843258,quiet_post,0.44,S,0.0,64,0.0,-8.550000000000002
843352,quiet_post,0.44,S,0.0,64,0.0,-8.550000000000002
843448,quiet_post,0.4401,S,0.0,64,0.0,-8.450000000000014
843544,quiet_post,0.4401,S,0.0,64,0.0,-8.450000000000014
843640,quiet_post,0.4404,U,0.0,64,0.0,-8.149999999999991
843736,quiet_post,0.4405,U,0.0,64,0.0,-8.05
843831,quiet_post,0.4405,U,0.0,64,0.0,-8.05
843927,quiet_post,0.4406,U,0.0,64,0.0,-7.950000000000013
844023,quiet_post,0.4406,U,0.0,64,0.0,-7.950000000000013
844119,quiet_post,0.4407,U,0.0,64,0.0,-7.850000000000024
844213,quiet_post,0.4407,U,0.0,64,0.0,-7.850000000000024
844308,quiet_post,0.4408,U,0.0,64,0.0,-7.749999999999979
844404,quiet_post,0.4408,U,0.0,64,0.0,-7.749999999999979
844500,quiet_post,0.4408,U,0.0,64,0.0,-7.749999999999979
844596,quiet_post,0.4409,U,0.0,64,0.0,-7.64999999999999
844692,quiet_post,0.4409,U,0.0,64,0.0,-7.64999999999999
844788,quiet_post,0.4409,S,0.0,64,0.0,-7.64999999999999
844884,quiet_post,0.4409,S,0.0,64,0.0,-7.64999999999999
844980,quiet_post,0.441,U,0.0,64,0.0,-7.550000000000001
845073,quiet_post,0.441,S,0.0,64,0.0,-7.550000000000001
845169,quiet_post,0.441,S,0.0,64,0.0,-7.550000000000001
845265,quiet_post,0.441,S,0.0,64,0.0,-7.550000000000001
845361,quiet_post,0.441,S,0.0,64,0.0,-7.550000000000001
845457,quiet_post,0.441,S,0.0,64,0.0,-7.550000000000001
845553,quiet_post,0.441,S,0.0,64,0.0,-7.550000000000001
845648,quiet_post,0.441,S,0.0,64,0.0,-7.550000000000001
845744,quiet_post,0.4411,S,0.0,64,0.0,-7.450000000000012
845840,quiet_post,0.4411,S,0.0,64,0.0,-7.450000000000012
845936,quiet_post,0.4411,S,0.0,64,0.0,-7.450000000000012
846030,quiet_post,0.4411,S,0.0,64,0.0,-7.450000000000012
846126,quiet_post,0.4411,S,0.0,64,0.0,-7.450000000000012
846221,quiet_post,0.4411,S,0.0,64,0.0,-7.450000000000012
846317,quiet_post,0.4411,S,0.0,64,0.0,-7.450000000000012
846413,quiet_post,0.4411,S,0.0,64,0.0,-7.450000000000012
846509,quiet_post,0.4412,S,0.0,64,0.0,-7.350000000000023
846605,quiet_post,0.4412,S,0.0,64,0.0,-7.350000000000023
846701,quiet_post,0.4412,S,0.0,64,0.0,-7.350000000000023
846797,quiet_post,0.4412,S,0.0,64,0.0,-7.350000000000023
846890,quiet_post,0.4412,S,0.0,64,0.0,-7.350000000000023
846986,quiet_post,0.4414,U,0.0,64,0.0,-7.14999999999999
847082,quiet_post,0.4415,U,0.0,64,0.0,-7.050000000000001
847178,quiet_post,0.4415,U,0.0,64,0.0,-7.050000000000001
847274,quiet_post,0.4416,U,0.0,64,0.0,-6.950000000000012
847370,quiet_post,0.4416,U,0.0,64,0.0,-6.950000000000012
847465,quiet_post,0.4417,U,0.0,64,0.0,-6.850000000000023
847561,quiet_post,0.4417,U,0.0,64,0.0,-6.850000000000023
847657,quiet_post,0.4417,U,0.0,64,0.0,-6.850000000000023
847751,quiet_post,0.4418,U,0.0,64,0.0,-6.749999999999979
847847,quiet_post,0.4418,U,0.0,64,0.0,-6.749999999999979
847943,quiet_post,0.4418,S,0.0,64,0.0,-6.749999999999979
848039,quiet_post,0.4418,S,0.0,64,0.0,-6.749999999999979
848134,quiet_post,0.4419,U,0.0,64,0.0,-6.64999999999999
848230,quiet_post,0.4419,S,0.0,64,0.0,-6.64999999999999
848326,quiet_post,0.4419,S,0.0,64,0.0,-6.64999999999999
848422,quiet_post,0.4419,S,0.0,64,0.0,-6.64999999999999
848524,quiet_post,0.4419,S,0.0,64,0.0,-6.64999999999999
848719,quiet_post,0.442,S,0.0,64,0.0,-6.550000000000001
848899,quiet_post,0.442,S,0.0,64,0.0,-6.550000000000001
848995,quiet_post,0.442,S,0.0,64,0.0,-6.550000000000001
849091,quiet_post,0.442,S,0.0,64,0.0,-6.550000000000001
849187,quiet_post,0.442,S,0.0,64,0.0,-6.550000000000001
849283,quiet_post,0.442,S,0.0,64,0.0,-6.550000000000001
849378,quiet_post,0.442,S,0.0,64,0.0,-6.550000000000001
849474,quiet_post,0.442,S,0.0,64,0.0,-6.550000000000001
849568,quiet_post,0.442,S,0.0,64,0.0,-6.550000000000001
849664,quiet_post,0.442,S,0.0,64,0.0,-6.550000000000001
849760,quiet_post,0.442,S,0.0,64,0.0,-6.550000000000001
849856,quiet_post,0.442,S,0.0,64,0.0,-6.550000000000001
849952,quiet_post,0.442,S,0.0,64,0.0,-6.550000000000001
850048,quiet_post,0.442,S,0.0,64,0.0,-6.550000000000001
850143,quiet_post,0.442,S,0.0,64,0.0,-6.550000000000001
850239,quiet_post,0.442,S,0.0,64,0.0,-6.550000000000001
850335,quiet_post,0.442,S,0.0,64,0.0,-6.550000000000001
850429,quiet_post,0.442,S,0.0,64,0.0,-6.550000000000001
850525,quiet_post,0.442,S,0.0,64,0.0,-6.550000000000001
850621,quiet_post,0.442,S,0.0,64,0.0,-6.550000000000001
850716,quiet_post,0.442,S,0.0,64,0.0,-6.550000000000001
850813,quiet_post,0.442,S,0.0,64,0.0,-6.550000000000001
850908,quiet_post,0.442,S,0.0,64,0.0,-6.550000000000001
851004,quiet_post,0.442,S,0.0,64,0.0,-6.550000000000001
851100,quiet_post,0.442,S,0.0,64,0.0,-6.550000000000001
851196,quiet_post,0.442,S,0.0,64,0.0,-6.550000000000001
851290,quiet_post,0.442,S,0.0,64,0.0,-6.550000000000001
851386,quiet_post,0.442,S,0.0,64,0.0,-6.550000000000001
851482,quiet_post,0.442,S,0.0,64,0.0,-6.550000000000001
851577,quiet_post,0.442,S,0.0,64,0.0,-6.550000000000001
851673,quiet_post,0.442,S,0.0,64,0.0,-6.550000000000001
851769,quiet_post,0.442,S,0.0,64,0.0,-6.550000000000001
851865,quiet_post,0.442,S,0.0,64,0.0,-6.550000000000001
851961,quiet_post,0.442,S,0.0,64,0.0,-6.550000000000001
852056,quiet_post,0.4416,U,0.0,64,0.0,-6.950000000000012
852152,quiet_post,0.4416,U,0.0,64,0.0,-6.950000000000012
852246,quiet_post,0.4415,U,0.0,64,0.0,-7.050000000000001
852342,quiet_post,0.4415,U,0.0,64,0.0,-7.050000000000001
852437,quiet_post,0.4415,U,0.0,64,0.0,-7.050000000000001
852533,quiet_post,0.4414,U,0.0,64,0.0,-7.14999999999999
852629,quiet_post,0.4414,U,0.0,64,0.0,-7.14999999999999
852725,quiet_post,0.4414,S,0.0,64,0.0,-7.14999999999999
852821,quiet_post,0.4414,S,0.0,64,0.0,-7.14999999999999
852917,quiet_post,0.4414,S,0.0,64,0.0,-7.14999999999999
853012,quiet_post,0.4413,S,0.0,64,0.0,-7.249999999999979
853106,quiet_post,0.4413,S,0.0,64,0.0,-7.249999999999979
853202,quiet_post,0.4413,S,0.0,64,0.0,-7.249999999999979
853298,quiet_post,0.4412,U,0.0,64,0.0,-7.350000000000023
853394,quiet_post,0.4412,U,0.0,64,0.0,-7.350000000000023
853490,quiet_post,0.4412,S,0.0,64,0.0,-7.350000000000023
853585,quiet_post,0.4411,U,0.0,64,0.0,-7.450000000000012
853681,quiet_post,0.4411,U,0.0,64,0.0,-7.450000000000012
853777,quiet_post,0.4411,S,0.0,64,0.0,-7.450000000000012
853873,quiet_post,0.441,U,0.0,64,0.0,-7.550000000000001
853967,quiet_post,0.441,U,0.0,64,0.0,-7.550000000000001
854063,quiet_post,0.441,S,0.0,64,0.0,-7.550000000000001
854159,quiet_post,0.4409,U,0.0,64,0.0,-7.64999999999999
854254,quiet_post,0.4409,U,0.0,64,0.0,-7.64999999999999
854350,quiet_post,0.4409,S,0.0,64,0.0,-7.64999999999999
854446,quiet_post,0.4409,S,0.0,64,0.0,-7.64999999999999
854542,quiet_post,0.4409,S,0.0,64,0.0,-7.64999999999999
854638,quiet_post,0.4408,S,0.0,64,0.0,-7.749999999999979
854734,quiet_post,0.4408,S,0.0,64,0.0,-7.749999999999979
854830,quiet_post,0.4408,S,0.0,64,0.0,-7.749999999999979
854923,quiet_post,0.4408,S,0.0,64,0.0,-7.749999999999979
855019,quiet_post,0.4409,S,0.0,64,0.0,-7.64999999999999
855115,quiet_post,0.4409,S,0.0,64,0.0,-7.64999999999999
855211,quiet_post,0.4409,S,0.0,64,0.0,-7.64999999999999
855307,quiet_post,0.4409,S,0.0,64,0.0,-7.64999999999999
855403,quiet_post,0.4409,S,0.0,64,0.0,-7.64999999999999
855499,quiet_post,0.4409,S,0.0,64,0.0,-7.64999999999999
855594,quiet_post,0.4409,S,0.0,64,0.0,-7.64999999999999
855690,quiet_post,0.4409,S,0.0,64,0.0,-7.64999999999999
855784,quiet_post,0.4409,S,0.0,64,0.0,-7.64999999999999
855880,quiet_post,0.441,S,0.0,64,0.0,-7.550000000000001
855976,quiet_post,0.441,S,0.0,64,0.0,-7.550000000000001
856072,quiet_post,0.441,S,0.0,64,0.0,-7.550000000000001
856168,quiet_post,0.441,S,0.0,64,0.0,-7.550000000000001
856263,quiet_post,0.441,S,0.0,64,0.0,-7.550000000000001
856359,quiet_post,0.441,S,0.0,64,0.0,-7.550000000000001
856455,quiet_post,0.441,S,0.0,64,0.0,-7.550000000000001
856551,quiet_post,0.441,S,0.0,64,0.0,-7.550000000000001
856645,quiet_post,0.4411,S,0.0,64,0.0,-7.450000000000012
856741,quiet_post,0.4413,U,0.0,64,0.0,-7.249999999999979
856836,quiet_post,0.4413,U,0.0,64,0.0,-7.249999999999979
856932,quiet_post,0.4413,U,0.0,64,0.0,-7.249999999999979
857028,quiet_post,0.4413,U,0.0,64,0.0,-7.249999999999979
857124,quiet_post,0.4413,U,0.0,64,0.0,-7.249999999999979
857220,quiet_post,0.4413,S,0.0,64,0.0,-7.249999999999979
857316,quiet_post,0.4414,S,0.0,64,0.0,-7.14999999999999
857412,quiet_post,0.4414,S,0.0,64,0.0,-7.14999999999999
857507,quiet_post,0.4415,U,0.0,64,0.0,-7.050000000000001
857601,quiet_post,0.4415,U,0.0,64,0.0,-7.050000000000001
857697,quiet_post,0.4415,U,0.0,64,0.0,-7.050000000000001
857793,quiet_post,0.4416,U,0.0,64,0.0,-6.950000000000012
857889,quiet_post,0.4416,U,0.0,64,0.0,-6.950000000000012
857985,quiet_post,0.4416,S,0.0,64,0.0,-6.950000000000012
858080,quiet_post,0.4416,S,0.0,64,0.0,-6.950000000000012
858176,quiet_post,0.4416,S,0.0,64,0.0,-6.950000000000012
858272,quiet_post,0.4416,S,0.0,64,0.0,-6.950000000000012
858368,quiet_post,0.4417,S,0.0,64,0.0,-6.850000000000023
858462,quiet_post,0.4417,S,0.0,64,0.0,-6.850000000000023
858558,quiet_post,0.4417,S,0.0,64,0.0,-6.850000000000023
858653,quiet_post,0.4417,S,0.0,64,0.0,-6.850000000000023
858749,quiet_post,0.4418,U,0.0,64,0.0,-6.749999999999979
858845,quiet_post,0.4418,S,0.0,64,0.0,-6.749999999999979
858941,quiet_post,0.4418,S,0.0,64,0.0,-6.749999999999979
859037,quiet_post,0.4418,S,0.0,64,0.0,-6.749999999999979
859133,quiet_post,0.4418,S,0.0,64,0.0,-6.749999999999979
859229,quiet_post,0.4418,S,0.0,64,0.0,-6.749999999999979
859322,quiet_post,0.4418,S,0.0,64,0.0,-6.749999999999979
859418,quiet_post,0.4418,S,0.0,64,0.0,-6.749999999999979
859514,quiet_post,0.4418,S,0.0,64,0.0,-6.749999999999979
859610,quiet_post,0.4418,S,0.0,64,0.0,-6.749999999999979
859706,quiet_post,0.4418,S,0.0,64,0.0,-6.749999999999979
859802,quiet_post,0.4418,S,0.0,64,0.0,-6.749999999999979
859898,quiet_post,0.4418,S,0.0,64,0.0,-6.749999999999979
859994,quiet_post,0.4418,S,0.0,64,0.0,-6.749999999999979
860089,quiet_post,0.4418,S,0.0,64,0.0,-6.749999999999979
860183,quiet_post,0.4418,S,0.0,64,0.0,-6.749999999999979
860279,quiet_post,0.4418,S,0.0,64,0.0,-6.749999999999979
860375,quiet_post,0.4418,S,0.0,64,0.0,-6.749999999999979
860471,quiet_post,0.4418,S,0.0,64,0.0,-6.749999999999979
860567,quiet_post,0.4418,S,0.0,64,0.0,-6.749999999999979
860662,quiet_post,0.4418,S,0.0,64,0.0,-6.749999999999979
860763,quiet_post,0.4417,S,0.0,64,0.0,-6.850000000000023
860854,quiet_post,0.4417,S,0.0,64,0.0,-6.850000000000023
860950,quiet_post,0.4417,S,0.0,64,0.0,-6.850000000000023
861046,quiet_post,0.4417,S,0.0,64,0.0,-6.850000000000023
861140,quiet_post,0.4417,S,0.0,64,0.0,-6.850000000000023
861235,quiet_post,0.4414,U,0.0,64,0.0,-7.14999999999999
861331,quiet_post,0.4414,U,0.0,64,0.0,-7.14999999999999
861427,quiet_post,0.4413,U,0.0,64,0.0,-7.249999999999979
861523,quiet_post,0.4413,U,0.0,64,0.0,-7.249999999999979
861619,quiet_post,0.4412,U,0.0,64,0.0,-7.350000000000023
861714,quiet_post,0.4412,U,0.0,64,0.0,-7.350000000000023
861811,quiet_post,0.4411,U,0.0,64,0.0,-7.450000000000012
861906,quiet_post,0.4411,U,0.0,64,0.0,-7.450000000000012
862000,quiet_post,0.441,U,0.0,64,0.0,-7.550000000000001
862096,quiet_post,0.441,U,0.0,64,0.0,-7.550000000000001
862192,quiet_post,0.441,U,0.0,64,0.0,-7.550000000000001
862288,quiet_post,0.4409,U,0.0,64,0.0,-7.64999999999999
862383,quiet_post,0.4409,U,0.0,64,0.0,-7.64999999999999
862479,quiet_post,0.4408,U,0.0,64,0.0,-7.749999999999979
862575,quiet_post,0.4408,U,0.0,64,0.0,-7.749999999999979
862671,quiet_post,0.4407,U,0.0,64,0.0,-7.850000000000024
862767,quiet_post,0.4406,U,0.0,64,0.0,-7.950000000000013
862861,quiet_post,0.4406,U,0.0,64,0.0,-7.950000000000013
862957,quiet_post,0.4405,U,0.0,64,0.0,-8.05
863053,quiet_post,0.4405,U,0.0,64,0.0,-8.05
863148,quiet_post,0.4405,U,0.0,64,0.0,-8.05
863244,quiet_post,0.4404,U,0.0,64,0.0,-8.149999999999991
863340,quiet_post,0.4404,U,0.0,64,0.0,-8.149999999999991
863436,quiet_post,0.4404,S,0.0,64,0.0,-8.149999999999991
863532,quiet_post,0.4404,S,0.0,64,0.0,-8.149999999999991
863627,quiet_post,0.4404,S,0.0,64,0.0,-8.149999999999991
863723,quiet_post,0.4404,S,0.0,64,0.0,-8.149999999999991
863817,quiet_post,0.4404,S,0.0,64,0.0,-8.149999999999991
863913,quiet_post,0.4404,S,0.0,64,0.0,-8.149999999999991
864009,quiet_post,0.4405,S,0.0,64,0.0,-8.05
864105,quiet_post,0.4405,S,0.0,64,0.0,-8.05
864201,quiet_post,0.4405,S,0.0,64,0.0,-8.05
864296,quiet_post,0.4405,S,0.0,64,0.0,-8.05
864392,quiet_post,0.4406,U,0.0,64,0.0,-7.950000000000013
864488,quiet_post,0.4406,S,0.0,64,0.0,-7.950000000000013
864584,quiet_post,0.4406,S,0.0,64,0.0,-7.950000000000013
864678,quiet_post,0.4406,S,0.0,64,0.0,-7.950000000000013
864774,quiet_post,0.4406,S,0.0,64,0.0,-7.950000000000013
864870,quiet_post,0.4406,S,0.0,64,0.0,-7.950000000000013
864966,quiet_post,0.4407,S,0.0,64,0.0,-7.850000000000024
865061,quiet_post,0.4409,U,0.0,64,0.0,-7.64999999999999
865157,quiet_post,0.4409,U,0.0,64,0.0,-7.64999999999999
865253,quiet_post,0.4409,U,0.0,64,0.0,-7.64999999999999
865349,quiet_post,0.441,U,0.0,64,0.0,-7.550000000000001
865445,quiet_post,0.441,U,0.0,64,0.0,-7.550000000000001
865539,quiet_post,0.4411,U,0.0,64,0.0,-7.450000000000012
865634,quiet_post,0.4411,U,0.0,64,0.0,-7.450000000000012
865730,quiet_post,0.4411,U,0.0,64,0.0,-7.450000000000012
865826,quiet_post,0.4411,S,0.0,64,0.0,-7.450000000000012
865922,quiet_post,0.4412,U,0.0,64,0.0,-7.350000000000023
866018,quiet_post,0.4412,S,0.0,64,0.0,-7.350000000000023
866114,quiet_post,0.4412,S,0.0,64,0.0,-7.350000000000023
866209,quiet_post,0.4413,U,0.0,64,0.0,-7.249999999999979
866305,quiet_post,0.4413,U,0.0,64,0.0,-7.249999999999979
866401,quiet_post,0.4414,U,0.0,64,0.0,-7.14999999999999
866495,quiet_post,0.4414,U,0.0,64,0.0,-7.14999999999999
866591,quiet_post,0.4414,U,0.0,64,0.0,-7.14999999999999
866686,quiet_post,0.4415,U,0.0,64,0.0,-7.050000000000001
866782,quiet_post,0.4415,U,0.0,64,0.0,-7.050000000000001
866878,quiet_post,0.4415,S,0.0,64,0.0,-7.050000000000001
866974,quiet_post,0.4415,S,0.0,64,0.0,-7.050000000000001
867070,quiet_post,0.4415,S,0.0,64,0.0,-7.050000000000001
867166,quiet_post,0.4415,S,0.0,64,0.0,-7.050000000000001
867262,quiet_post,0.4415,S,0.0,64,0.0,-7.050000000000001
867355,quiet_post,0.4415,S,0.0,64,0.0,-7.050000000000001
867451,quiet_post,0.4415,S,0.0,64,0.0,-7.050000000000001
867547,quiet_post,0.4415,S,0.0,64,0.0,-7.050000000000001
867643,quiet_post,0.4415,S,0.0,64,0.0,-7.050000000000001
867739,quiet_post,0.4415,S,0.0,64,0.0,-7.050000000000001
867835,quiet_post,0.4415,S,0.0,64,0.0,-7.050000000000001
867931,quiet_post,0.4415,S,0.0,64,0.0,-7.050000000000001
868027,quiet_post,0.4415,S,0.0,64,0.0,-7.050000000000001
868122,quiet_post,0.4414,S,0.0,64,0.0,-7.14999999999999
868216,quiet_post,0.4414,S,0.0,64,0.0,-7.14999999999999
868312,quiet_post,0.4414,S,0.0,64,0.0,-7.14999999999999
868408,quiet_post,0.4414,S,0.0,64,0.0,-7.14999999999999
868504,quiet_post,0.4414,S,0.0,64,0.0,-7.14999999999999
868600,quiet_post,0.4414,S,0.0,64,0.0,-7.14999999999999
868695,quiet_post,0.4413,S,0.0,64,0.0,-7.249999999999979
868791,quiet_post,0.4413,S,0.0,64,0.0,-7.249999999999979
868887,quiet_post,0.4413,S,0.0,64,0.0,-7.249999999999979
868983,quiet_post,0.4413,S,0.0,64,0.0,-7.249999999999979
869079,quiet_post,0.4413,S,0.0,64,0.0,-7.249999999999979
869173,quiet_post,0.4413,S,0.0,64,0.0,-7.249999999999979
869269,quiet_post,0.4413,S,0.0,64,0.0,-7.249999999999979
869365,quiet_post,0.4413,S,0.0,64,0.0,-7.249999999999979
869460,quiet_post,0.4413,S,0.0,64,0.0,-7.249999999999979
869556,quiet_post,0.4413,S,0.0,64,0.0,-7.249999999999979
869652,quiet_post,0.4413,S,0.0,64,0.0,-7.249999999999979
869748,quiet_post,0.4413,S,0.0,64,0.0,-7.249999999999979
869844,quiet_post,0.4413,S,0.0,64,0.0,-7.249999999999979
869940,quiet_post,0.4413,S,0.0,64,0.0,-7.249999999999979
870034,quiet_post,0.4413,S,0.0,64,0.0,-7.249999999999979
870129,quiet_post,0.4413,S,0.0,64,0.0,-7.249999999999979
870225,quiet_post,0.4413,S,0.0,64,0.0,-7.249999999999979
870321,quiet_post,0.4417,U,0.0,64,0.0,-6.850000000000023
870417,quiet_post,0.4418,U,0.0,64,0.0,-6.749999999999979
870512,quiet_post,0.4419,U,0.0,64,0.0,-6.64999999999999
870608,quiet_post,0.442,U,0.0,64,0.0,-6.550000000000001
870704,quiet_post,0.4421,U,0.0,64,0.0,-6.450000000000012
870800,quiet_post,0.4421,U,0.0,64,0.0,-6.450000000000012
870894,quiet_post,0.4422,U,0.0,64,0.0,-6.350000000000023
870990,quiet_post,0.4423,U,0.0,64,0.0,-6.249999999999978
871086,quiet_post,0.4424,U,0.0,64,0.0,-6.149999999999989
871181,quiet_post,0.4425,U,0.0,64,0.0,-6.05
871277,quiet_post,0.4425,U,0.0,64,0.0,-6.05
871373,quiet_post,0.4426,U,0.0,64,0.0,-5.950000000000011
871469,quiet_post,0.4427,U,0.0,64,0.0,-5.850000000000022
871565,quiet_post,0.4427,U,0.0,64,0.0,-5.850000000000022
871661,quiet_post,0.4428,U,0.0,64,0.0,-5.749999999999977
871754,quiet_post,0.4428,U,0.0,64,0.0,-5.749999999999977
871850,quiet_post,0.4429,U,0.0,64,0.0,-5.649999999999988
871946,quiet_post,0.4429,U,0.0,64,0.0,-5.649999999999988
872042,quiet_post,0.4429,U,0.0,64,0.0,-5.649999999999988
872138,quiet_post,0.4429,S,0.0,64,0.0,-5.649999999999988
872234,quiet_post,0.443,U,0.0,64,0.0,-5.549999999999999
872329,quiet_post,0.443,S,0.0,64,0.0,-5.549999999999999
872425,quiet_post,0.443,S,0.0,64,0.0,-5.549999999999999
872521,quiet_post,0.443,S,0.0,64,0.0,-5.549999999999999
872617,quiet_post,0.443,S,0.0,64,0.0,-5.549999999999999
872711,quiet_post,0.443,S,0.0,64,0.0,-5.549999999999999
872807,quiet_post,0.443,S,0.0,64,0.0,-5.549999999999999
872902,quiet_post,0.443,S,0.0,64,0.0,-5.549999999999999
873003,quiet_post,0.443,S,0.0,64,0.0,-5.549999999999999
873094,quiet_post,0.443,S,0.0,64,0.0,-5.549999999999999
873190,quiet_post,0.443,S,0.0,64,0.0,-5.549999999999999
873286,quiet_post,0.443,S,0.0,64,0.0,-5.549999999999999
873382,quiet_post,0.443,S,0.0,64,0.0,-5.549999999999999
873478,quiet_post,0.443,S,0.0,64,0.0,-5.549999999999999
873572,quiet_post,0.443,S,0.0,64,0.0,-5.549999999999999
873667,quiet_post,0.443,S,0.0,64,0.0,-5.549999999999999
873763,quiet_post,0.443,S,0.0,64,0.0,-5.549999999999999
873859,quiet_post,0.443,S,0.0,64,0.0,-5.549999999999999
873955,quiet_post,0.443,S,0.0,64,0.0,-5.549999999999999
874051,quiet_post,0.4429,S,0.0,64,0.0,-5.649999999999988
874147,quiet_post,0.4429,S,0.0,64,0.0,-5.649999999999988
874243,quiet_post,0.4429,S,0.0,64,0.0,-5.649999999999988
874339,quiet_post,0.4429,S,0.0,64,0.0,-5.649999999999988
874432,quiet_post,0.4429,S,0.0,64,0.0,-5.649999999999988
874528,quiet_post,0.4429,S,0.0,64,0.0,-5.649999999999988
874624,quiet_post,0.4429,S,0.0,64,0.0,-5.649999999999988
874720,quiet_post,0.4429,S,0.0,64,0.0,-5.649999999999988
874816,quiet_post,0.4429,S,0.0,64,0.0,-5.649999999999988
874912,quiet_post,0.4429,S,0.0,64,0.0,-5.649999999999988
875007,quiet_post,0.4429,S,0.0,64,0.0,-5.649999999999988
875103,quiet_post,0.4429,S,0.0,64,0.0,-5.649999999999988
875199,quiet_post,0.4429,S,0.0,64,0.0,-5.649999999999988
875295,quiet_post,0.4428,S,0.0,64,0.0,-5.749999999999977
875389,quiet_post,0.4428,S,0.0,64,0.0,-5.749999999999977
875485,quiet_post,0.4428,S,0.0,64,0.0,-5.749999999999977
875581,quiet_post,0.4428,S,0.0,64,0.0,-5.749999999999977
875677,quiet_post,0.4428,S,0.0,64,0.0,-5.749999999999977
875772,quiet_post,0.4428,S,0.0,64,0.0,-5.749999999999977
875868,quiet_post,0.4428,S,0.0,64,0.0,-5.749999999999977
875964,quiet_post,0.4428,S,0.0,64,0.0,-5.749999999999977
876060,quiet_post,0.4428,S,0.0,64,0.0,-5.749999999999977
876156,quiet_post,0.4428,S,0.0,64,0.0,-5.749999999999977
876250,quiet_post,0.4428,S,0.0,64,0.0,-5.749999999999977
876346,quiet_post,0.4428,S,0.0,64,0.0,-5.749999999999977
876441,quiet_post,0.4428,S,0.0,64,0.0,-5.749999999999977
876537,quiet_post,0.4427,S,0.0,64,0.0,-5.850000000000022
876633,quiet_post,0.4427,S,0.0,64,0.0,-5.850000000000022
876729,quiet_post,0.4427,S,0.0,64,0.0,-5.850000000000022
876825,quiet_post,0.4427,S,0.0,64,0.0,-5.850000000000022
876921,quiet_post,0.4427,S,0.0,64,0.0,-5.850000000000022
877017,quiet_post,0.4427,S,0.0,64,0.0,-5.850000000000022
877111,quiet_post,0.4427,S,0.0,64,0.0,-5.850000000000022
877206,quiet_post,0.4427,S,0.0,64,0.0,-5.850000000000022
877302,quiet_post,0.4427,S,0.0,64,0.0,-5.850000000000022
877398,quiet_post,0.4427,S,0.0,64,0.0,-5.850000000000022
877494,quiet_post,0.4427,S,0.0,64,0.0,-5.850000000000022
877590,quiet_post,0.4427,S,0.0,64,0.0,-5.850000000000022
877686,quiet_post,0.4427,S,0.0,64,0.0,-5.850000000000022
877782,quiet_post,0.4427,S,0.0,64,0.0,-5.850000000000022
877877,quiet_post,0.4427,S,0.0,64,0.0,-5.850000000000022
877973,quiet_post,0.4427,S,0.0,64,0.0,-5.850000000000022
878067,quiet_post,0.4426,S,0.0,64,0.0,-5.950000000000011
878163,quiet_post,0.4426,S,0.0,64,0.0,-5.950000000000011
878259,quiet_post,0.4426,S,0.0,64,0.0,-5.950000000000011
878355,quiet_post,0.4426,S,0.0,64,0.0,-5.950000000000011
878451,quiet_post,0.4426,S,0.0,64,0.0,-5.950000000000011
878547,quiet_post,0.4426,S,0.0,64,0.0,-5.950000000000011
878642,quiet_post,0.4426,S,0.0,64,0.0,-5.950000000000011
878738,quiet_post,0.4426,S,0.0,64,0.0,-5.950000000000011
878834,quiet_post,0.4426,S,0.0,64,0.0,-5.950000000000011
878928,quiet_post,0.4425,S,0.0,64,0.0,-6.05
879024,quiet_post,0.4425,S,0.0,64,0.0,-6.05
879119,quiet_post,0.4425,S,0.0,64,0.0,-6.05
879215,quiet_post,0.4425,S,0.0,64,0.0,-6.05
879311,quiet_post,0.4425,S,0.0,64,0.0,-6.05
879407,quiet_post,0.4425,S,0.0,64,0.0,-6.05
879503,quiet_post,0.4425,S,0.0,64,0.0,-6.05
879599,quiet_post,0.4425,S,0.0,64,0.0,-6.05
879695,quiet_post,0.4425,S,0.0,64,0.0,-6.05
879788,quiet_post,0.4425,S,0.0,64,0.0,-6.05
879884,quiet_post,0.4425,S,0.0,64,0.0,-6.05
879980,quiet_post,0.4425,S,0.0,64,0.0,-6.05
880076,quiet_post,0.4425,S,0.0,64,0.0,-6.05
880172,quiet_post,0.4425,S,0.0,64,0.0,-6.05
880268,quiet_post,0.4425,S,0.0,64,0.0,-6.05
880363,quiet_post,0.4428,U,0.0,64,0.0,-5.749999999999977
880458,quiet_post,0.4428,U,0.0,64,0.0,-5.749999999999977
880554,quiet_post,0.4429,U,0.0,64,0.0,-5.649999999999988
880650,quiet_post,0.4429,U,0.0,64,0.0,-5.649999999999988
880744,quiet_post,0.4429,U,0.0,64,0.0,-5.649999999999988
880840,quiet_post,0.443,U,0.0,64,0.0,-5.549999999999999
880936,quiet_post,0.443,U,0.0,64,0.0,-5.549999999999999
881032,quiet_post,0.443,S,0.0,64,0.0,-5.549999999999999
881127,quiet_post,0.4431,U,0.0,64,0.0,-5.45000000000001
881223,quiet_post,0.4431,U,0.0,64,0.0,-5.45000000000001
881319,quiet_post,0.4432,U,0.0,64,0.0,-5.350000000000021
881415,quiet_post,0.4432,U,0.0,64,0.0,-5.350000000000021
881511,quiet_post,0.4433,U,0.0,64,0.0,-5.249999999999977
881605,quiet_post,0.4433,U,0.0,64,0.0,-5.249999999999977
881700,quiet_post,0.4433,U,0.0,64,0.0,-5.249999999999977
881796,quiet_post,0.4434,U,0.0,64,0.0,-5.149999999999988
881892,quiet_post,0.4434,U,0.0,64,0.0,-5.149999999999988
881988,quiet_post,0.4434,S,0.0,64,0.0,-5.149999999999988
882084,quiet_post,0.4435,U,0.0,64,0.0,-5.049999999999999
882180,quiet_post,0.4435,U,0.0,64,0.0,-5.049999999999999
882276,quiet_post,0.4435,S,0.0,64,0.0,-5.049999999999999
882371,quiet_post,0.4435,S,0.0,64,0.0,-5.049999999999999
882465,quiet_post,0.4435,S,0.0,64,0.0,-5.049999999999999
882561,quiet_post,0.4435,S,0.0,64,0.0,-5.049999999999999
882657,quiet_post,0.4435,S,0.0,64,0.0,-5.049999999999999
882753,quiet_post,0.4435,S,0.0,64,0.0,-5.049999999999999
882849,quiet_post,0.4435,S,0.0,64,0.0,-5.049999999999999
882944,quiet_post,0.4435,S,0.0,64,0.0,-5.049999999999999
883040,quiet_post,0.4435,S,0.0,64,0.0,-5.049999999999999
883136,quiet_post,0.4435,S,0.0,64,0.0,-5.049999999999999
883232,quiet_post,0.4435,S,0.0,64,0.0,-5.049999999999999
883328,quiet_post,0.4435,S,0.0,64,0.0,-5.049999999999999
883422,quiet_post,0.4435,S,0.0,64,0.0,-5.049999999999999
883518,quiet_post,0.4435,S,0.0,64,0.0,-5.049999999999999
883613,quiet_post,0.4435,S,0.0,64,0.0,-5.049999999999999
883709,quiet_post,0.4435,S,0.0,64,0.0,-5.049999999999999
883805,quiet_post,0.4435,S,0.0,64,0.0,-5.049999999999999
883901,quiet_post,0.4435,S,0.0,64,0.0,-5.049999999999999
883997,quiet_post,0.4435,S,0.0,64,0.0,-5.049999999999999
884093,quiet_post,0.4435,S,0.0,64,0.0,-5.049999999999999
884189,quiet_post,0.4435,S,0.0,64,0.0,-5.049999999999999
884282,quiet_post,0.4435,S,0.0,64,0.0,-5.049999999999999
884378,quiet_post,0.4435,S,0.0,64,0.0,-5.049999999999999
884474,quiet_post,0.4435,S,0.0,64,0.0,-5.049999999999999
884570,quiet_post,0.4435,S,0.0,64,0.0,-5.049999999999999
884666,quiet_post,0.4435,S,0.0,64,0.0,-5.049999999999999
884762,quiet_post,0.4435,S,0.0,64,0.0,-5.049999999999999
884858,quiet_post,0.4436,S,0.0,64,0.0,-4.95000000000001
884954,quiet_post,0.4436,S,0.0,64,0.0,-4.95000000000001
885049,quiet_post,0.4436,S,0.0,64,0.0,-4.95000000000001
885143,quiet_post,0.4439,U,0.0,64,0.0,-4.649999999999988
885250,quiet_post,0.444,U,0.0,64,0.0,-4.549999999999999
885430,quiet_post,0.4441,U,0.0,64,0.0,-4.45000000000001
885526,quiet_post,0.4441,U,0.0,64,0.0,-4.45000000000001
885622,quiet_post,0.4441,U,0.0,64,0.0,-4.45000000000001
885718,quiet_post,0.4441,S,0.0,64,0.0,-4.45000000000001
885814,quiet_post,0.4442,U,0.0,64,0.0,-4.350000000000021
885910,quiet_post,0.4442,S,0.0,64,0.0,-4.350000000000021
886005,quiet_post,0.4442,S,0.0,64,0.0,-4.350000000000021
886099,quiet_post,0.4442,S,0.0,64,0.0,-4.350000000000021
886195,quiet_post,0.4442,S,0.0,64,0.0,-4.350000000000021
886291,quiet_post,0.4442,S,0.0,64,0.0,-4.350000000000021
886387,quiet_post,0.4442,S,0.0,64,0.0,-4.350000000000021
886483,quiet_post,0.4442,S,0.0,64,0.0,-4.350000000000021
886579,quiet_post,0.4441,S,0.0,64,0.0,-4.45000000000001
886674,quiet_post,0.4441,S,0.0,64,0.0,-4.45000000000001
886770,quiet_post,0.4441,S,0.0,64,0.0,-4.45000000000001
886866,quiet_post,0.4441,S,0.0,64,0.0,-4.45000000000001
886960,quiet_post,0.4441,S,0.0,64,0.0,-4.45000000000001
887056,quiet_post,0.4441,S,0.0,64,0.0,-4.45000000000001
887152,quiet_post,0.4441,S,0.0,64,0.0,-4.45000000000001
887248,quiet_post,0.4441,S,0.0,64,0.0,-4.45000000000001
887344,quiet_post,0.4441,S,0.0,64,0.0,-4.45000000000001
887439,quiet_post,0.4441,S,0.0,64,0.0,-4.45000000000001
887535,quiet_post,0.444,S,0.0,64,0.0,-4.549999999999999
887631,quiet_post,0.444,S,0.0,64,0.0,-4.549999999999999
887727,quiet_post,0.444,S,0.0,64,0.0,-4.549999999999999
887821,quiet_post,0.444,S,0.0,64,0.0,-4.549999999999999
887917,quiet_post,0.444,S,0.0,64,0.0,-4.549999999999999
888013,quiet_post,0.444,S,0.0,64,0.0,-4.549999999999999
888108,quiet_post,0.444,S,0.0,64,0.0,-4.549999999999999
888204,quiet_post,0.444,S,0.0,64,0.0,-4.549999999999999
888300,quiet_post,0.444,S,0.0,64,0.0,-4.549999999999999
888396,quiet_post,0.444,S,0.0,64,0.0,-4.549999999999999
888492,quiet_post,0.444,S,0.0,64,0.0,-4.549999999999999
888588,quiet_post,0.4439,S,0.0,64,0.0,-4.649999999999988
888682,quiet_post,0.4439,S,0.0,64,0.0,-4.649999999999988
888778,quiet_post,0.4439,S,0.0,64,0.0,-4.649999999999988
888873,quiet_post,0.4439,S,0.0,64,0.0,-4.649999999999988
888969,quiet_post,0.4439,S,0.0,64,0.0,-4.649999999999988
889065,quiet_post,0.4439,S,0.0,64,0.0,-4.649999999999988
889161,quiet_post,0.4439,S,0.0,64,0.0,-4.649999999999988
889257,quiet_post,0.4439,S,0.0,64,0.0,-4.649999999999988
889353,quiet_post,0.4439,S,0.0,64,0.0,-4.649999999999988
889448,quiet_post,0.444,S,0.0,64,0.0,-4.549999999999999
889544,quiet_post,0.444,S,0.0,64,0.0,-4.549999999999999
889638,quiet_post,0.444,S,0.0,64,0.0,-4.549999999999999
889734,quiet_post,0.444,S,0.0,64,0.0,-4.549999999999999
889829,quiet_post,0.4443,U,0.0,64,0.0,-4.250000000000032
889925,quiet_post,0.4444,U,0.0,64,0.0,-4.149999999999987
890021,quiet_post,0.4444,U,0.0,64,0.0,-4.149999999999987
890117,quiet_post,0.4445,U,0.0,64,0.0,-4.049999999999998
890213,quiet_post,0.4445,U,0.0,64,0.0,-4.049999999999998
890309,quiet_post,0.4446,U,0.0,64,0.0,-3.950000000000009
890404,quiet_post,0.4446,U,0.0,64,0.0,-3.950000000000009
890498,quiet_post,0.4447,U,0.0,64,0.0,-3.85000000000002
890594,quiet_post,0.4447,U,0.0,64,0.0,-3.85000000000002
890690,quiet_post,0.4447,U,0.0,64,0.0,-3.85000000000002
890786,quiet_post,0.4447,S,0.0,64,0.0,-3.85000000000002
890882,quiet_post,0.4447,S,0.0,64,0.0,-3.85000000000002
890977,quiet_post,0.4447,S,0.0,64,0.0,-3.85000000000002
891073,quiet_post,0.4447,S,0.0,64,0.0,-3.85000000000002
891169,quiet_post,0.4447,S,0.0,64,0.0,-3.85000000000002
891265,quiet_post,0.4448,S,0.0,64,0.0,-3.750000000000031
891359,quiet_post,0.4448,S,0.0,64,0.0,-3.750000000000031
891455,quiet_post,0.4448,S,0.0,64,0.0,-3.750000000000031
891551,quiet_post,0.4447,S,0.0,64,0.0,-3.85000000000002
891647,quiet_post,0.4447,S,0.0,64,0.0,-3.85000000000002
891742,quiet_post,0.4447,S,0.0,64,0.0,-3.85000000000002
891838,quiet_post,0.4447,S,0.0,64,0.0,-3.85000000000002
891934,quiet_post,0.4447,S,0.0,64,0.0,-3.85000000000002
892030,quiet_post,0.4447,S,0.0,64,0.0,-3.85000000000002
892126,quiet_post,0.4447,S,0.0,64,0.0,-3.85000000000002
892222,quiet_post,0.4447,S,0.0,64,0.0,-3.85000000000002
892315,quiet_post,0.4447,S,0.0,64,0.0,-3.85000000000002
892411,quiet_post,0.4447,S,0.0,64,0.0,-3.85000000000002
892507,quiet_post,0.4447,S,0.0,64,0.0,-3.85000000000002
892603,quiet_post,0.4447,S,0.0,64,0.0,-3.85000000000002
892699,quiet_post,0.4447,S,0.0,64,0.0,-3.85000000000002
892795,quiet_post,0.4447,S,0.0,64,0.0,-3.85000000000002
892891,quiet_post,0.4447,S,0.0,64,0.0,-3.85000000000002
892986,quiet_post,0.4447,S,0.0,64,0.0,-3.85000000000002
893082,quiet_post,0.4447,S,0.0,64,0.0,-3.85000000000002
893176,quiet_post,0.4447,S,0.0,64,0.0,-3.85000000000002
893272,quiet_post,0.4448,S,0.0,64,0.0,-3.750000000000031
893368,quiet_post,0.4448,S,0.0,64,0.0,-3.750000000000031
893464,quiet_post,0.4453,U,0.0,64,0.0,-3.2500000000000306
893559,quiet_post,0.4453,U,0.0,64,0.0,-3.2500000000000306
893655,quiet_post,0.4454,U,0.0,64,0.0,-3.149999999999986
893751,quiet_post,0.4455,U,0.0,64,0.0,-3.049999999999997
893847,quiet_post,0.4456,U,0.0,64,0.0,-2.950000000000008
893943,quiet_post,0.4457,U,0.0,64,0.0,-2.850000000000019
894037,quiet_post,0.4458,U,0.0,64,0.0,-2.75000000000003
894133,quiet_post,0.4459,U,0.0,64,0.0,-2.6499999999999857
894228,quiet_post,0.446,U,0.0,64,0.0,-2.5499999999999967
894324,quiet_post,0.446,U,0.0,64,0.0,-2.5499999999999967
894420,quiet_post,0.4461,U,0.0,64,0.0,-2.4500000000000077
894516,quiet_post,0.4461,U,0.0,64,0.0,-2.4500000000000077
894612,quiet_post,0.4462,U,0.0,64,0.0,-2.3500000000000187
894708,quiet_post,0.4462,U,0.0,64,0.0,-2.3500000000000187
894803,quiet_post,0.4462,U,0.0,64,0.0,-2.3500000000000187
894899,quiet_post,0.4462,S,0.0,64,0.0,-2.3500000000000187
894993,quiet_post,0.4462,S,0.0,64,0.0,-2.3500000000000187
895089,quiet_post,0.4462,S,0.0,64,0.0,-2.3500000000000187
895185,quiet_post,0.4462,S,0.0,64,0.0,-2.3500000000000187
895281,quiet_post,0.4462,S,0.0,64,0.0,-2.3500000000000187
895376,quiet_post,0.4462,S,0.0,64,0.0,-2.3500000000000187
895472,quiet_post,0.4462,S,0.0,64,0.0,-2.3500000000000187
895568,quiet_post,0.4462,S,0.0,64,0.0,-2.3500000000000187
895664,quiet_post,0.4462,S,0.0,64,0.0,-2.3500000000000187
895760,quiet_post,0.4462,S,0.0,64,0.0,-2.3500000000000187
895854,quiet_post,0.4463,S,0.0,64,0.0,-2.2500000000000298
895949,quiet_post,0.4463,S,0.0,64,0.0,-2.2500000000000298
896045,quiet_post,0.4463,S,0.0,64,0.0,-2.2500000000000298
896141,quiet_post,0.4463,S,0.0,64,0.0,-2.2500000000000298
896237,quiet_post,0.4463,S,0.0,64,0.0,-2.2500000000000298
896333,quiet_post,0.4463,S,0.0,64,0.0,-2.2500000000000298
896429,quiet_post,0.4464,S,0.0,64,0.0,-2.1499999999999853
896525,quiet_post,0.4464,S,0.0,64,0.0,-2.1499999999999853
896621,quiet_post,0.4464,S,0.0,64,0.0,-2.1499999999999853
896715,quiet_post,0.4464,S,0.0,64,0.0,-2.1499999999999853
896810,quiet_post,0.4464,S,0.0,64,0.0,-2.1499999999999853
896906,quiet_post,0.4465,S,0.0,64,0.0,-2.0499999999999963
897002,quiet_post,0.4465,S,0.0,64,0.0,-2.0499999999999963
897098,quiet_post,0.4467,U,0.0,64,0.0,-1.8500000000000183
897194,quiet_post,0.4467,U,0.0,64,0.0,-1.8500000000000183
897289,quiet_post,0.4467,U,0.0,64,0.0,-1.8500000000000183
897385,quiet_post,0.4467,U,0.0,64,0.0,-1.8500000000000183
897481,quiet_post,0.4467,U,0.0,64,0.0,-1.8500000000000183
897583,quiet_post,0.4468,S,0.0,64,0.0,-1.7500000000000293
897778,quiet_post,0.4468,S,0.0,64,0.0,-1.7500000000000293
897958,quiet_post,0.4469,U,0.0,64,0.0,-1.6499999999999848
898054,quiet_post,0.4469,S,0.0,64,0.0,-1.6499999999999848
898150,quiet_post,0.4469,S,0.0,64,0.0,-1.6499999999999848
898246,quiet_post,0.4469,S,0.0,64,0.0,-1.6499999999999848
898342,quiet_post,0.4469,S,0.0,64,0.0,-1.6499999999999848
898437,quiet_post,0.447,S,0.0,64,0.0,-1.5499999999999958
898531,quiet_post,0.447,S,0.0,64,0.0,-1.5499999999999958
898627,quiet_post,0.447,S,0.0,64,0.0,-1.5499999999999958
898723,quiet_post,0.447,S,0.0,64,0.0,-1.5499999999999958
898819,quiet_post,0.447,S,0.0,64,0.0,-1.5499999999999958
898915,quiet_post,0.447,S,0.0,64,0.0,-1.5499999999999958
899011,quiet_post,0.447,S,0.0,64,0.0,-1.5499999999999958
899107,quiet_post,0.4471,S,0.0,64,0.0,-1.4500000000000068
899203,quiet_post,0.4471,S,0.0,64,0.0,-1.4500000000000068
899298,quiet_post,0.4471,S,0.0,64,0.0,-1.4500000000000068
899392,quiet_post,0.4471,S,0.0,64,0.0,-1.4500000000000068
899488,quiet_post,0.4471,S,0.0,64,0.0,-1.4500000000000068
899584,quiet_post,0.4471,S,0.0,64,0.0,-1.4500000000000068
899680,quiet_post,0.4471,S,0.0,64,0.0,-1.4500000000000068
899776,quiet_post,0.4471,S,0.0,64,0.0,-1.4500000000000068
899871,quiet_post,0.4471,S,0.0,64,0.0,-1.4500000000000068
899968,quiet_post,0.4471,S,0.0,64,0.0,-1.4500000000000068
900063,quiet_post,0.4471,S,0.0,64,0.0,-1.4500000000000068
900159,quiet_post,0.4471,S,0.0,64,0.0,-1.4500000000000068
900253,quiet_post,0.447,S,0.0,64,0.0,-1.5499999999999958
900349,quiet_post,0.447,S,0.0,64,0.0,-1.5499999999999958
900445,quiet_post,0.447,S,0.0,64,0.0,-1.5499999999999958
900540,quiet_post,0.447,S,0.0,64,0.0,-1.5499999999999958
900636,quiet_post,0.447,S,0.0,64,0.0,-1.5499999999999958
900732,quiet_post,0.447,S,0.0,64,0.0,-1.5499999999999958
900828,quiet_post,0.447,S,0.0,64,0.0,-1.5499999999999958
900924,quiet_post,0.447,S,0.0,64,0.0,-1.5499999999999958
901020,quiet_post,0.447,S,0.0,64,0.0,-1.5499999999999958
901116,quiet_post,0.447,S,0.0,64,0.0,-1.5499999999999958
901210,quiet_post,0.447,S,0.0,64,0.0,-1.5499999999999958
901305,quiet_post,0.447,S,0.0,64,0.0,-1.5499999999999958
901401,quiet_post,0.447,S,0.0,64,0.0,-1.5499999999999958
901497,quiet_post,0.447,S,0.0,64,0.0,-1.5499999999999958
901593,quiet_post,0.447,S,0.0,64,0.0,-1.5499999999999958
901689,quiet_post,0.447,S,0.0,64,0.0,-1.5499999999999958
901785,quiet_post,0.447,S,0.0,64,0.0,-1.5499999999999958
901880,quiet_post,0.4475,U,0.0,64,0.0,-1.0499999999999954
901976,quiet_post,0.4475,U,0.0,64,0.0,-1.0499999999999954
902070,quiet_post,0.4476,U,0.0,64,0.0,-0.9500000000000064
902165,quiet_post,0.4476,U,0.0,64,0.0,-0.9500000000000064
902262,quiet_post,0.4477,U,0.0,64,0.0,-0.8500000000000174
902357,quiet_post,0.4477,U,0.0,64,0.0,-0.8500000000000174
902453,quiet_post,0.4477,U,0.0,64,0.0,-0.8500000000000174
902549,quiet_post,0.4477,S,0.0,64,0.0,-0.8500000000000174
902645,quiet_post,0.4478,U,0.0,64,0.0,-0.7500000000000284
902741,quiet_post,0.4478,S,0.0,64,0.0,-0.7500000000000284
902836,quiet_post,0.4478,S,0.0,64,0.0,-0.7500000000000284
902930,quiet_post,0.4478,S,0.0,64,0.0,-0.7500000000000284
903026,quiet_post,0.4478,S,0.0,64,0.0,-0.7500000000000284
903122,quiet_post,0.4479,S,0.0,64,0.0,-0.6499999999999839
903218,quiet_post,0.4479,S,0.0,64,0.0,-0.6499999999999839
903314,quiet_post,0.4479,S,0.0,64,0.0,-0.6499999999999839
903409,quiet_post,0.4479,S,0.0,64,0.0,-0.6499999999999839
903505,quiet_post,0.4479,S,0.0,64,0.0,-0.6499999999999839
903601,quiet_post,0.4479,S,0.0,64,0.0,-0.6499999999999839
903697,quiet_post,0.4479,S,0.0,64,0.0,-0.6499999999999839
903793,quiet_post,0.4479,S,0.0,64,0.0,-0.6499999999999839
903887,quiet_post,0.4479,S,0.0,64,0.0,-0.6499999999999839
903983,quiet_post,0.4479,S,0.0,64,0.0,-0.6499999999999839
904079,quiet_post,0.4479,S,0.0,64,0.0,-0.6499999999999839
904174,quiet_post,0.4479,S,0.0,64,0.0,-0.6499999999999839
904270,quiet_post,0.4479,S,0.0,64,0.0,-0.6499999999999839
904366,quiet_post,0.4479,S,0.0,64,0.0,-0.6499999999999839
904462,quiet_post,0.4479,S,0.0,64,0.0,-0.6499999999999839
904558,quiet_post,0.4479,S,0.0,64,0.0,-0.6499999999999839
904654,quiet_post,0.4479,S,0.0,64,0.0,-0.6499999999999839
904748,quiet_post,0.4479,S,0.0,64,0.0,-0.6499999999999839
904844,quiet_post,0.4479,S,0.0,64,0.0,-0.6499999999999839
904939,quiet_post,0.4479,S,0.0,64,0.0,-0.6499999999999839
905035,quiet_post,0.4479,S,0.0,64,0.0,-0.6499999999999839
905131,quiet_post,0.4479,S,0.0,64,0.0,-0.6499999999999839
905227,quiet_post,0.4479,S,0.0,64,0.0,-0.6499999999999839
905323,quiet_post,0.4479,S,0.0,64,0.0,-0.6499999999999839
905419,quiet_post,0.4479,S,0.0,64,0.0,-0.6499999999999839
905515,quiet_post,0.4478,S,0.0,64,0.0,-0.7500000000000284
905608,quiet_post,0.4478,S,0.0,64,0.0,-0.7500000000000284
905704,quiet_post,0.4478,S,0.0,64,0.0,-0.7500000000000284
905800,quiet_post,0.4478,S,0.0,64,0.0,-0.7500000000000284
905896,quiet_post,0.4478,S,0.0,64,0.0,-0.7500000000000284
905992,quiet_post,0.4478,S,0.0,64,0.0,-0.7500000000000284
906088,quiet_post,0.4478,S,0.0,64,0.0,-0.7500000000000284
906183,quiet_post,0.4479,S,0.0,64,0.0,-0.6499999999999839
906280,quiet_post,0.4479,S,0.0,64,0.0,-0.6499999999999839
906375,quiet_post,0.4479,S,0.0,64,0.0,-0.6499999999999839
906471,quiet_post,0.4479,S,0.0,64,0.0,-0.6499999999999839
906565,quiet_post,0.4479,S,0.0,64,0.0,-0.6499999999999839
906661,quiet_post,0.4479,S,0.0,64,0.0,-0.6499999999999839
906757,quiet_post,0.4479,S,0.0,64,0.0,-0.6499999999999839
906853,quiet_post,0.4479,S,0.0,64,0.0,-0.6499999999999839
906948,quiet_post,0.4483,U,0.0,64,0.0,-0.250000000000028
907044,quiet_post,0.4483,U,0.0,64,0.0,-0.250000000000028
907140,quiet_post,0.4484,U,0.0,64,0.0,-0.14999999999998348
907235,quiet_post,0.4484,U,0.0,64,0.0,-0.14999999999998348
907331,quiet_post,0.4485,U,0.0,64,0.0,-0.04999999999999449
907425,quiet_post,0.4485,U,0.0,64,0.0,-0.04999999999999449
907521,quiet_post,0.4486,U,0.0,64,0.0,0.04999999999999449
907617,quiet_post,0.4486,U,0.0,64,0.0,0.04999999999999449
907713,quiet_post,0.4486,U,0.0,64,0.0,0.04999999999999449
907808,quiet_post,0.4486,S,0.0,64,0.0,0.04999999999999449
907904,quiet_post,0.4487,U,0.0,64,0.0,0.14999999999998348
908000,quiet_post,0.4487,S,0.0,64,0.0,0.14999999999998348
908096,quiet_post,0.4487,S,0.0,64,0.0,0.14999999999998348
908192,quiet_post,0.4487,S,0.0,64,0.0,0.14999999999998348
908286,quiet_post,0.4487,S,0.0,64,0.0,0.14999999999998348
908382,quiet_post,0.4488,S,0.0,64,0.0,0.24999999999997247
908477,quiet_post,0.4488,S,0.0,64,0.0,0.24999999999997247
908573,quiet_post,0.4488,S,0.0,64,0.0,0.24999999999997247
908669,quiet_post,0.4488,S,0.0,64,0.0,0.24999999999997247
908765,quiet_post,0.4488,S,0.0,64,0.0,0.24999999999997247
908861,quiet_post,0.4488,S,0.0,64,0.0,0.24999999999997247
908957,quiet_post,0.4488,S,0.0,64,0.0,0.24999999999997247
909052,quiet_post,0.4488,S,0.0,64,0.0,0.24999999999997247
909149,quiet_post,0.4488,S,0.0,64,0.0,0.24999999999997247
909242,quiet_post,0.4488,S,0.0,64,0.0,0.24999999999997247
909338,quiet_post,0.4488,S,0.0,64,0.0,0.24999999999997247
909434,quiet_post,0.4488,S,0.0,64,0.0,0.24999999999997247
909530,quiet_post,0.4488,S,0.0,64,0.0,0.24999999999997247
909626,quiet_post,0.4488,S,0.0,64,0.0,0.24999999999997247
909721,quiet_post,0.4488,S,0.0,64,0.0,0.24999999999997247
909822,quiet_post,0.4488,S,0.0,64,0.0,0.24999999999997247
909913,quiet_post,0.4488,S,0.0,64,0.0,0.24999999999997247
910009,quiet_post,0.4488,S,0.0,64,0.0,0.24999999999997247
910103,quiet_post,0.4488,S,0.0,64,0.0,0.24999999999997247
910199,quiet_post,0.4488,S,0.0,64,0.0,0.24999999999997247
910295,quiet_post,0.4488,S,0.0,64,0.0,0.24999999999997247
910391,quiet_post,0.4488,S,0.0,64,0.0,0.24999999999997247
910486,quiet_post,0.4488,S,0.0,64,0.0,0.24999999999997247
910582,quiet_post,0.4489,S,0.0,64,0.0,0.35000000000001696
910678,quiet_post,0.4489,S,0.0,64,0.0,0.35000000000001696
910774,quiet_post,0.4489,S,0.0,64,0.0,0.35000000000001696
910870,quiet_post,0.4489,S,0.0,64,0.0,0.35000000000001696
910964,quiet_post,0.4489,S,0.0,64,0.0,0.35000000000001696
911059,quiet_post,0.4492,U,0.0,64,0.0,0.6499999999999839
911155,quiet_post,0.4493,U,0.0,64,0.0,0.7499999999999729
911251,quiet_post,0.4494,U,0.0,64,0.0,0.8500000000000174
911347,quiet_post,0.4494,U,0.0,64,0.0,0.8500000000000174
911443,quiet_post,0.4495,U,0.0,64,0.0,0.9500000000000064
911538,quiet_post,0.4496,U,0.0,64,0.0,1.0499999999999954
911634,quiet_post,0.4496,U,0.0,64,0.0,1.0499999999999954
911730,quiet_post,0.4497,U,0.0,64,0.0,1.1499999999999844
911826,quiet_post,0.4497,U,0.0,64,0.0,1.1499999999999844
911920,quiet_post,0.4498,U,0.0,64,0.0,1.2499999999999734
912016,quiet_post,0.4498,U,0.0,64,0.0,1.2499999999999734
912111,quiet_post,0.4499,U,0.0,64,0.0,1.3500000000000179
912207,quiet_post,0.4499,U,0.0,64,0.0,1.3500000000000179
912303,quiet_post,0.4499,U,0.0,64,0.0,1.3500000000000179
912398,quiet_post,0.45,U,0.0,64,0.0,1.4500000000000068
912494,quiet_post,0.45,U,0.0,64,0.0,1.4500000000000068
912590,quiet_post,0.45,S,0.0,64,0.0,1.4500000000000068
912687,quiet_post,0.4501,U,0.0,64,0.0,1.5499999999999958
912780,quiet_post,0.4501,U,0.0,64,0.0,1.5499999999999958
912876,quiet_post,0.4501,S,0.0,64,0.0,1.5499999999999958
912972,quiet_post,0.4501,S,0.0,64,0.0,1.5499999999999958
913068,quiet_post,0.4501,S,0.0,64,0.0,1.5499999999999958
913164,quiet_post,0.4501,S,0.0,64,0.0,1.5499999999999958
913260,quiet_post,0.4501,S,0.0,64,0.0,1.5499999999999958
913356,quiet_post,0.4501,S,0.0,64,0.0,1.5499999999999958
913451,quiet_post,0.4501,S,0.0,64,0.0,1.5499999999999958
913547,quiet_post,0.4502,S,0.0,64,0.0,1.6499999999999848
913641,quiet_post,0.4502,S,0.0,64,0.0,1.6499999999999848
913737,quiet_post,0.4502,S,0.0,64,0.0,1.6499999999999848
913833,quiet_post,0.4502,S,0.0,64,0.0,1.6499999999999848
913929,quiet_post,0.4503,U,0.0,64,0.0,1.7499999999999738
914025,quiet_post,0.4503,S,0.0,64,0.0,1.7499999999999738
914120,quiet_post,0.4503,S,0.0,64,0.0,1.7499999999999738
914216,quiet_post,0.4504,U,0.0,64,0.0,1.8500000000000183
914312,quiet_post,0.4505,U,0.0,64,0.0,1.9500000000000073
914408,quiet_post,0.4505,U,0.0,64,0.0,1.9500000000000073
914504,quiet_post,0.4506,U,0.0,64,0.0,2.0499999999999963
914598,quiet_post,0.4506,U,0.0,64,0.0,2.0499999999999963
914694,quiet_post,0.4507,U,0.0,64,0.0,2.1499999999999853
914789,quiet_post,0.4507,U,0.0,64,0.0,2.1499999999999853
914885,quiet_post,0.4508,U,0.0,64,0.0,2.2499999999999742
914981,quiet_post,0.4509,U,0.0,64,0.0,2.3500000000000187
915077,quiet_post,0.4509,U,0.0,64,0.0,2.3500000000000187
915173,quiet_post,0.451,U,0.0,64,0.0,2.4500000000000077
915268,quiet_post,0.451,U,0.0,64,0.0,2.4500000000000077
915364,quiet_post,0.451,U,0.0,64,0.0,2.4500000000000077
915458,quiet_post,0.451,S,0.0,64,0.0,2.4500000000000077
915554,quiet_post,0.451,S,0.0,64,0.0,2.4500000000000077
915650,quiet_post,0.451,S,0.0,64,0.0,2.4500000000000077
915746,quiet_post,0.451,S,0.0,64,0.0,2.4500000000000077
915842,quiet_post,0.451,S,0.0,64,0.0,2.4500000000000077
915937,quiet_post,0.451,S,0.0,64,0.0,2.4500000000000077
916033,quiet_post,0.451,S,0.0,64,0.0,2.4500000000000077
916129,quiet_post,0.451,S,0.0,64,0.0,2.4500000000000077
916225,quiet_post,0.451,S,0.0,64,0.0,2.4500000000000077
916319,quiet_post,0.451,S,0.0,64,0.0,2.4500000000000077
916415,quiet_post,0.451,S,0.0,64,0.0,2.4500000000000077
916511,quiet_post,0.451,S,0.0,64,0.0,2.4500000000000077
916606,quiet_post,0.451,S,0.0,64,0.0,2.4500000000000077
916702,quiet_post,0.451,S,0.0,64,0.0,2.4500000000000077
916798,quiet_post,0.451,S,0.0,64,0.0,2.4500000000000077
916894,quiet_post,0.4509,S,0.0,64,0.0,2.3500000000000187
916990,quiet_post,0.4509,S,0.0,64,0.0,2.3500000000000187
917086,quiet_post,0.4509,S,0.0,64,0.0,2.3500000000000187
917180,quiet_post,0.4509,S,0.0,64,0.0,2.3500000000000187
917275,quiet_post,0.4509,S,0.0,64,0.0,2.3500000000000187
917371,quiet_post,0.4509,S,0.0,64,0.0,2.3500000000000187
917467,quiet_post,0.4509,S,0.0,64,0.0,2.3500000000000187
917563,quiet_post,0.4509,S,0.0,64,0.0,2.3500000000000187
917659,quiet_post,0.4509,S,0.0,64,0.0,2.3500000000000187
917755,quiet_post,0.4509,S,0.0,64,0.0,2.3500000000000187
917851,quiet_post,0.4509,S,0.0,64,0.0,2.3500000000000187
917946,quiet_post,0.451,S,0.0,64,0.0,2.4500000000000077
918042,quiet_post,0.451,S,0.0,64,0.0,2.4500000000000077
918136,quiet_post,0.451,S,0.0,64,0.0,2.4500000000000077
918232,quiet_post,0.451,S,0.0,64,0.0,2.4500000000000077
918328,quiet_post,0.451,S,0.0,64,0.0,2.4500000000000077
918424,quiet_post,0.451,S,0.0,64,0.0,2.4500000000000077
918520,quiet_post,0.451,S,0.0,64,0.0,2.4500000000000077
918615,quiet_post,0.451,S,0.0,64,0.0,2.4500000000000077
918712,quiet_post,0.451,S,0.0,64,0.0,2.4500000000000077
918807,quiet_post,0.451,S,0.0,64,0.0,2.4500000000000077
918903,quiet_post,0.451,S,0.0,64,0.0,2.4500000000000077
918997,quiet_post,0.451,S,0.0,64,0.0,2.4500000000000077
919093,quiet_post,0.451,S,0.0,64,0.0,2.4500000000000077
919189,quiet_post,0.451,S,0.0,64,0.0,2.4500000000000077
919285,quiet_post,0.451,S,0.0,64,0.0,2.4500000000000077
919381,quiet_post,0.451,S,0.0,64,0.0,2.4500000000000077
919476,quiet_post,0.451,S,0.0,64,0.0,2.4500000000000077
919572,quiet_post,0.451,S,0.0,64,0.0,2.4500000000000077
919668,quiet_post,0.451,S,0.0,64,0.0,2.4500000000000077
919764,quiet_post,0.451,S,0.0,64,0.0,2.4500000000000077
919858,quiet_post,0.451,S,0.0,64,0.0,2.4500000000000077
919954,quiet_post,0.451,S,0.0,64,0.0,2.4500000000000077
920050,quiet_post,0.451,S,0.0,64,0.0,2.4500000000000077
920145,quiet_post,0.451,S,0.0,64,0.0,2.4500000000000077
920241,quiet_post,0.451,S,0.0,64,0.0,2.4500000000000077
920337,quiet_post,0.451,S,0.0,64,0.0,2.4500000000000077
920433,quiet_post,0.451,S,0.0,64,0.0,2.4500000000000077
920529,quiet_post,0.451,S,0.0,64,0.0,2.4500000000000077
920625,quiet_post,0.451,S,0.0,64,0.0,2.4500000000000077
920721,quiet_post,0.451,S,0.0,64,0.0,2.4500000000000077
920815,quiet_post,0.451,S,0.0,64,0.0,2.4500000000000077
920910,quiet_post,0.451,S,0.0,64,0.0,2.4500000000000077
921006,quiet_post,0.451,S,0.0,64,0.0,2.4500000000000077
921102,quiet_post,0.451,S,0.0,64,0.0,2.4500000000000077
921198,quiet_post,0.451,S,0.0,64,0.0,2.4500000000000077
921294,quiet_post,0.451,S,0.0,64,0.0,2.4500000000000077
921390,quiet_post,0.451,S,0.0,64,0.0,2.4500000000000077
921485,quiet_post,0.451,S,0.0,64,0.0,2.4500000000000077
921581,quiet_post,0.451,S,0.0,64,0.0,2.4500000000000077
921675,quiet_post,0.451,S,0.0,64,0.0,2.4500000000000077
921771,quiet_post,0.451,S,0.0,64,0.0,2.4500000000000077
921867,quiet_post,0.451,S,0.0,64,0.0,2.4500000000000077
921963,quiet_post,0.451,S,0.0,64,0.0,2.4500000000000077
922064,quiet_post,0.451,S,0.0,64,0.0,2.4500000000000077
922154,quiet_post,0.451,S,0.0,64,0.0,2.4500000000000077
922250,quiet_post,0.451,S,0.0,64,0.0,2.4500000000000077
922346,quiet_post,0.451,S,0.0,64,0.0,2.4500000000000077
922442,quiet_post,0.451,S,0.0,64,0.0,2.4500000000000077
922536,quiet_post,0.451,S,0.0,64,0.0,2.4500000000000077
922632,quiet_post,0.451,S,0.0,64,0.0,2.4500000000000077
922727,quiet_post,0.451,S,0.0,64,0.0,2.4500000000000077
922823,quiet_post,0.451,S,0.0,64,0.0,2.4500000000000077
922919,quiet_post,0.451,S,0.0,64,0.0,2.4500000000000077
923015,quiet_post,0.451,S,0.0,64,0.0,2.4500000000000077
923111,quiet_post,0.451,S,0.0,64,0.0,2.4500000000000077
923207,quiet_post,0.451,S,0.0,64,0.0,2.4500000000000077
923302,quiet_post,0.451,S,0.0,64,0.0,2.4500000000000077
923398,quiet_post,0.451,S,0.0,64,0.0,2.4500000000000077
923492,quiet_post,0.451,S,0.0,64,0.0,2.4500000000000077
923588,quiet_post,0.451,S,0.0,64,0.0,2.4500000000000077
923684,quiet_post,0.451,S,0.0,64,0.0,2.4500000000000077
923780,quiet_post,0.451,S,0.0,64,0.0,2.4500000000000077
923876,quiet_post,0.451,S,0.0,64,0.0,2.4500000000000077
923971,quiet_post,0.4509,S,0.0,64,0.0,2.3500000000000187
924067,quiet_post,0.4509,S,0.0,64,0.0,2.3500000000000187
924163,quiet_post,0.4509,S,0.0,64,0.0,2.3500000000000187
924259,quiet_post,0.4509,S,0.0,64,0.0,2.3500000000000187
924353,quiet_post,0.4509,S,0.0,64,0.0,2.3500000000000187
924449,quiet_post,0.4509,S,0.0,64,0.0,2.3500000000000187
924545,quiet_post,0.4509,S,0.0,64,0.0,2.3500000000000187
924641,quiet_post,0.4509,S,0.0,64,0.0,2.3500000000000187
924736,quiet_post,0.4509,S,0.0,64,0.0,2.3500000000000187
924832,quiet_post,0.4509,S,0.0,64,0.0,2.3500000000000187
924928,quiet_post,0.4509,S,0.0,64,0.0,2.3500000000000187
925024,quiet_post,0.4509,S,0.0,64,0.0,2.3500000000000187
925120,quiet_post,0.4509,S,0.0,64,0.0,2.3500000000000187
925213,quiet_post,0.4509,S,0.0,64,0.0,2.3500000000000187
925309,quiet_post,0.4509,S,0.0,64,0.0,2.3500000000000187
925405,quiet_post,0.4509,S,0.0,64,0.0,2.3500000000000187
925501,quiet_post,0.4509,S,0.0,64,0.0,2.3500000000000187
925597,quiet_post,0.4509,S,0.0,64,0.0,2.3500000000000187
925693,quiet_post,0.4509,S,0.0,64,0.0,2.3500000000000187
925788,quiet_post,0.4509,S,0.0,64,0.0,2.3500000000000187
925885,quiet_post,0.4509,S,0.0,64,0.0,2.3500000000000187
925979,quiet_post,0.4514,U,0.0,64,0.0,2.850000000000019
926075,quiet_post,0.4515,U,0.0,64,0.0,2.950000000000008
926169,quiet_post,0.4515,U,0.0,64,0.0,2.950000000000008
926265,quiet_post,0.4516,U,0.0,64,0.0,3.049999999999997
926361,quiet_post,0.4517,U,0.0,64,0.0,3.149999999999986
926456,quiet_post,0.4517,U,0.0,64,0.0,3.149999999999986
926552,quiet_post,0.4518,U,0.0,64,0.0,3.249999999999975
926648,quiet_post,0.4518,U,0.0,64,0.0,3.249999999999975
926744,quiet_post,0.4518,U,0.0,64,0.0,3.249999999999975
926840,quiet_post,0.4518,S,0.0,64,0.0,3.249999999999975
926936,quiet_post,0.4519,U,0.0,64,0.0,3.3500000000000196
927030,quiet_post,0.4519,S,0.0,64,0.0,3.3500000000000196
927125,quiet_post,0.4519,S,0.0,64,0.0,3.3500000000000196
927221,quiet_post,0.4519,S,0.0,64,0.0,3.3500000000000196
927317,quiet_post,0.4519,S,0.0,64,0.0,3.3500000000000196
927413,quiet_post,0.4519,S,0.0,64,0.0,3.3500000000000196
927509,quiet_post,0.4519,S,0.0,64,0.0,3.3500000000000196
927605,quiet_post,0.4519,S,0.0,64,0.0,3.3500000000000196
927701,quiet_post,0.4519,S,0.0,64,0.0,3.3500000000000196
927796,quiet_post,0.4519,S,0.0,64,0.0,3.3500000000000196
927890,quiet_post,0.4519,S,0.0,64,0.0,3.3500000000000196
927986,quiet_post,0.4519,S,0.0,64,0.0,3.3500000000000196
928082,quiet_post,0.4519,S,0.0,64,0.0,3.3500000000000196
928178,quiet_post,0.4519,S,0.0,64,0.0,3.3500000000000196
928274,quiet_post,0.4519,S,0.0,64,0.0,3.3500000000000196
928369,quiet_post,0.4519,S,0.0,64,0.0,3.3500000000000196
928465,quiet_post,0.4519,S,0.0,64,0.0,3.3500000000000196
928561,quiet_post,0.4519,S,0.0,64,0.0,3.3500000000000196
928657,quiet_post,0.4519,S,0.0,64,0.0,3.3500000000000196
928753,quiet_post,0.4519,S,0.0,64,0.0,3.3500000000000196
928847,quiet_post,0.4519,S,0.0,64,0.0,3.3500000000000196
928943,quiet_post,0.4519,S,0.0,64,0.0,3.3500000000000196
929039,quiet_post,0.4519,S,0.0,64,0.0,3.3500000000000196
929134,quiet_post,0.4519,S,0.0,64,0.0,3.3500000000000196
929230,quiet_post,0.4519,S,0.0,64,0.0,3.3500000000000196
929326,quiet_post,0.4519,S,0.0,64,0.0,3.3500000000000196
929422,quiet_post,0.4519,S,0.0,64,0.0,3.3500000000000196
929518,quiet_post,0.4519,S,0.0,64,0.0,3.3500000000000196
929614,quiet_post,0.4519,S,0.0,64,0.0,3.3500000000000196
929708,quiet_post,0.4519,S,0.0,64,0.0,3.3500000000000196
929803,quiet_post,0.4519,S,0.0,64,0.0,3.3500000000000196
929899,quiet_post,0.4519,S,0.0,64,0.0,3.3500000000000196
929995,quiet_post,0.4519,S,0.0,64,0.0,3.3500000000000196
930091,quiet_post,0.4519,S,0.0,64,0.0,3.3500000000000196
930187,quiet_post,0.4519,S,0.0,64,0.0,3.3500000000000196
930283,quiet_post,0.4519,S,0.0,64,0.0,3.3500000000000196
930379,quiet_post,0.4519,S,0.0,64,0.0,3.3500000000000196
930474,quiet_post,0.4519,S,0.0,64,0.0,3.3500000000000196
930568,quiet_post,0.4519,S,0.0,64,0.0,3.3500000000000196
930664,quiet_post,0.4519,S,0.0,64,0.0,3.3500000000000196
930760,quiet_post,0.4519,S,0.0,64,0.0,3.3500000000000196
930856,quiet_post,0.4519,S,0.0,64,0.0,3.3500000000000196
930952,quiet_post,0.4519,S,0.0,64,0.0,3.3500000000000196
931048,quiet_post,0.4519,S,0.0,64,0.0,3.3500000000000196
931144,quiet_post,0.4519,S,0.0,64,0.0,3.3500000000000196
931240,quiet_post,0.4518,S,0.0,64,0.0,3.249999999999975
931335,quiet_post,0.4518,S,0.0,64,0.0,3.249999999999975
931429,quiet_post,0.4518,S,0.0,64,0.0,3.249999999999975
931525,quiet_post,0.4518,S,0.0,64,0.0,3.249999999999975
931621,quiet_post,0.4518,S,0.0,64,0.0,3.249999999999975
931717,quiet_post,0.4518,S,0.0,64,0.0,3.249999999999975
931813,quiet_post,0.4518,S,0.0,64,0.0,3.249999999999975
931909,quiet_post,0.4518,S,0.0,64,0.0,3.249999999999975
932004,quiet_post,0.4518,S,0.0,64,0.0,3.249999999999975
932100,quiet_post,0.4518,S,0.0,64,0.0,3.249999999999975
932196,quiet_post,0.4518,S,0.0,64,0.0,3.249999999999975
932292,quiet_post,0.4518,S,0.0,64,0.0,3.249999999999975
932386,quiet_post,0.4518,S,0.0,64,0.0,3.249999999999975
932482,quiet_post,0.4518,S,0.0,64,0.0,3.249999999999975
932578,quiet_post,0.4518,S,0.0,64,0.0,3.249999999999975
932674,quiet_post,0.4518,S,0.0,64,0.0,3.249999999999975
932769,quiet_post,0.4517,S,0.0,64,0.0,3.149999999999986
932865,quiet_post,0.4517,S,0.0,64,0.0,3.149999999999986
932961,quiet_post,0.4517,S,0.0,64,0.0,3.149999999999986
933057,quiet_post,0.4517,S,0.0,64,0.0,3.149999999999986
933152,quiet_post,0.4513,U,0.0,64,0.0,2.7499999999999747
933246,quiet_post,0.4512,U,0.0,64,0.0,2.6499999999999857
933341,quiet_post,0.4512,U,0.0,64,0.0,2.6499999999999857
933437,quiet_post,0.4511,U,0.0,64,0.0,2.5499999999999967
933533,quiet_post,0.4511,U,0.0,64,0.0,2.5499999999999967
933629,quiet_post,0.4511,U,0.0,64,0.0,2.5499999999999967
933725,quiet_post,0.451,U,0.0,64,0.0,2.4500000000000077
933821,quiet_post,0.451,U,0.0,64,0.0,2.4500000000000077
933916,quiet_post,0.451,S,0.0,64,0.0,2.4500000000000077
934012,quiet_post,0.451,S,0.0,64,0.0,2.4500000000000077
934106,quiet_post,0.451,S,0.0,64,0.0,2.4500000000000077
934202,quiet_post,0.451,S,0.0,64,0.0,2.4500000000000077
934309,quiet_post,0.4511,S,0.0,64,0.0,2.5499999999999967
934490,quiet_post,0.4511,S,0.0,64,0.0,2.5499999999999967
934585,quiet_post,0.4511,S,0.0,64,0.0,2.5499999999999967
934681,quiet_post,0.4511,S,0.0,64,0.0,2.5499999999999967
934777,quiet_post,0.4511,S,0.0,64,0.0,2.5499999999999967
934873,quiet_post,0.4511,S,0.0,64,0.0,2.5499999999999967
934969,quiet_post,0.4511,S,0.0,64,0.0,2.5499999999999967
935063,quiet_post,0.4512,S,0.0,64,0.0,2.6499999999999857
935159,quiet_post,0.4512,S,0.0,64,0.0,2.6499999999999857
935255,quiet_post,0.4512,S,0.0,64,0.0,2.6499999999999857
935350,quiet_post,0.4512,S,0.0,64,0.0,2.6499999999999857
935446,quiet_post,0.4512,S,0.0,64,0.0,2.6499999999999857
935542,quiet_post,0.4512,S,0.0,64,0.0,2.6499999999999857
935638,quiet_post,0.4512,S,0.0,64,0.0,2.6499999999999857
935734,quiet_post,0.4512,S,0.0,64,0.0,2.6499999999999857
935830,quiet_post,0.4513,S,0.0,64,0.0,2.7499999999999747
935924,quiet_post,0.4513,S,0.0,64,0.0,2.7499999999999747
936019,quiet_post,0.4513,S,0.0,64,0.0,2.7499999999999747
936115,quiet_post,0.4513,S,0.0,64,0.0,2.7499999999999747
936211,quiet_post,0.4513,S,0.0,64,0.0,2.7499999999999747
936307,quiet_post,0.4513,S,0.0,64,0.0,2.7499999999999747
936403,quiet_post,0.4513,S,0.0,64,0.0,2.7499999999999747
936499,quiet_post,0.4513,S,0.0,64,0.0,2.7499999999999747
936595,quiet_post,0.4513,S,0.0,64,0.0,2.7499999999999747
936690,quiet_post,0.4513,S,0.0,64,0.0,2.7499999999999747
936784,quiet_post,0.4513,S,0.0,64,0.0,2.7499999999999747
936880,quiet_post,0.4517,U,0.0,64,0.0,3.149999999999986
936976,quiet_post,0.4518,U,0.0,64,0.0,3.249999999999975
937071,quiet_post,0.4519,U,0.0,64,0.0,3.3500000000000196
937167,quiet_post,0.452,U,0.0,64,0.0,3.4500000000000086
937263,quiet_post,0.4521,U,0.0,64,0.0,3.5499999999999976
937359,quiet_post,0.4523,U,0.0,64,0.0,3.7499999999999756
937455,quiet_post,0.4524,U,0.0,64,0.0,3.85000000000002
937551,quiet_post,0.4525,U,0.0,64,0.0,3.950000000000009
937646,quiet_post,0.4526,U,0.0,64,0.0,4.049999999999998
937741,quiet_post,0.4528,U,0.0,64,0.0,4.249999999999976
937836,quiet_post,0.4529,U,0.0,64,0.0,4.350000000000021
937932,quiet_post,0.4531,U,0.0,64,0.0,4.549999999999999
938028,quiet_post,0.4532,U,0.0,64,0.0,4.649999999999988
938124,quiet_post,0.4534,U,0.0,64,0.0,4.850000000000021
938220,quiet_post,0.4535,U,0.0,64,0.0,4.95000000000001
938315,quiet_post,0.4536,U,0.0,64,0.0,5.049999999999999
938411,quiet_post,0.4537,U,0.0,64,0.0,5.149999999999988
938507,quiet_post,0.4537,U,0.0,64,0.0,5.149999999999988
938601,quiet_post,0.4538,U,0.0,64,0.0,5.249999999999977
938697,quiet_post,0.4538,U,0.0,64,0.0,5.249999999999977
938793,quiet_post,0.4539,U,0.0,64,0.0,5.350000000000021
938888,quiet_post,0.454,U,0.0,64,0.0,5.45000000000001
938984,quiet_post,0.454,U,0.0,64,0.0,5.45000000000001
939080,quiet_post,0.4541,U,0.0,64,0.0,5.549999999999999
939176,quiet_post,0.4542,U,0.0,64,0.0,5.649999999999988
939272,quiet_post,0.4542,U,0.0,64,0.0,5.649999999999988
939368,quiet_post,0.4543,U,0.0,64,0.0,5.749999999999977
939462,quiet_post,0.4543,U,0.0,64,0.0,5.749999999999977
939558,quiet_post,0.4544,U,0.0,64,0.0,5.850000000000022
939653,quiet_post,0.4544,U,0.0,64,0.0,5.850000000000022
939749,quiet_post,0.4545,U,0.0,64,0.0,5.950000000000011
939845,quiet_post,0.4545,U,0.0,64,0.0,5.950000000000011
939941,quiet_post,0.4545,U,0.0,64,0.0,5.950000000000011
940037,quiet_post,0.4545,S,0.0,64,0.0,5.950000000000011
940133,quiet_post,0.4545,S,0.0,64,0.0,5.950000000000011
940228,quiet_post,0.4545,S,0.0,64,0.0,5.950000000000011
940324,quiet_post,0.4545,S,0.0,64,0.0,5.950000000000011
940418,quiet_post,0.4545,S,0.0,64,0.0,5.950000000000011
940514,quiet_post,0.4545,S,0.0,64,0.0,5.950000000000011
940610,quiet_post,0.4545,S,0.0,64,0.0,5.950000000000011
940706,quiet_post,0.4545,S,0.0,64,0.0,5.950000000000011
940802,quiet_post,0.4545,S,0.0,64,0.0,5.950000000000011
940897,quiet_post,0.4545,S,0.0,64,0.0,5.950000000000011
940993,quiet_post,0.4545,S,0.0,64,0.0,5.950000000000011
941089,quiet_post,0.4545,S,0.0,64,0.0,5.950000000000011
941185,quiet_post,0.4545,S,0.0,64,0.0,5.950000000000011
941279,quiet_post,0.4545,S,0.0,64,0.0,5.950000000000011
941375,quiet_post,0.4545,S,0.0,64,0.0,5.950000000000011
941470,quiet_post,0.4545,S,0.0,64,0.0,5.950000000000011
941566,quiet_post,0.4545,S,0.0,64,0.0,5.950000000000011
941662,quiet_post,0.4545,S,0.0,64,0.0,5.950000000000011
941758,quiet_post,0.4545,S,0.0,64,0.0,5.950000000000011
941854,quiet_post,0.4545,S,0.0,64,0.0,5.950000000000011
941950,quiet_post,0.4545,S,0.0,64,0.0,5.950000000000011
942046,quiet_post,0.4545,S,0.0,64,0.0,5.950000000000011
942140,quiet_post,0.4545,S,0.0,64,0.0,5.950000000000011
942236,quiet_post,0.4545,S,0.0,64,0.0,5.950000000000011
942331,quiet_post,0.4545,S,0.0,64,0.0,5.950000000000011
942427,quiet_post,0.4546,S,0.0,64,0.0,6.05
942523,quiet_post,0.4546,S,0.0,64,0.0,6.05
942619,quiet_post,0.4546,S,0.0,64,0.0,6.05
942715,quiet_post,0.4546,S,0.0,64,0.0,6.05
942810,quiet_post,0.455,U,0.0,64,0.0,6.450000000000012
942906,quiet_post,0.455,U,0.0,64,0.0,6.450000000000012
943002,quiet_post,0.4551,U,0.0,64,0.0,6.550000000000001
943096,quiet_post,0.4551,U,0.0,64,0.0,6.550000000000001
943192,quiet_post,0.4552,U,0.0,64,0.0,6.64999999999999
943287,quiet_post,0.4552,U,0.0,64,0.0,6.64999999999999
943383,quiet_post,0.4553,U,0.0,64,0.0,6.749999999999979
943479,quiet_post,0.4553,U,0.0,64,0.0,6.749999999999979
943575,quiet_post,0.4554,U,0.0,64,0.0,6.850000000000023
943671,quiet_post,0.4554,U,0.0,64,0.0,6.850000000000023
943767,quiet_post,0.4554,U,0.0,64,0.0,6.850000000000023
943863,quiet_post,0.4555,U,0.0,64,0.0,6.950000000000012
943956,quiet_post,0.4555,U,0.0,64,0.0,6.950000000000012
944052,quiet_post,0.4555,S,0.0,64,0.0,6.950000000000012
944148,quiet_post,0.4555,S,0.0,64,0.0,6.950000000000012
944244,quiet_post,0.4555,S,0.0,64,0.0,6.950000000000012
944340,quiet_post,0.4555,S,0.0,64,0.0,6.950000000000012
944436,quiet_post,0.4554,S,0.0,64,0.0,6.850000000000023
944531,quiet_post,0.4554,S,0.0,64,0.0,6.850000000000023
944627,quiet_post,0.4554,S,0.0,64,0.0,6.850000000000023
944723,quiet_post,0.4555,S,0.0,64,0.0,6.950000000000012
944817,quiet_post,0.4555,S,0.0,64,0.0,6.950000000000012
944913,quiet_post,0.4555,S,0.0,64,0.0,6.950000000000012
945009,quiet_post,0.4555,S,0.0,64,0.0,6.950000000000012
945105,quiet_post,0.4555,S,0.0,64,0.0,6.950000000000012
945200,quiet_post,0.4555,S,0.0,64,0.0,6.950000000000012
945296,quiet_post,0.4555,S,0.0,64,0.0,6.950000000000012
945392,quiet_post,0.4555,S,0.0,64,0.0,6.950000000000012
945488,quiet_post,0.4555,S,0.0,64,0.0,6.950000000000012
945584,quiet_post,0.4555,S,0.0,64,0.0,6.950000000000012
945678,quiet_post,0.4555,S,0.0,64,0.0,6.950000000000012
945774,quiet_post,0.4555,S,0.0,64,0.0,6.950000000000012
945870,quiet_post,0.4555,S,0.0,64,0.0,6.950000000000012
945965,quiet_post,0.4555,S,0.0,64,0.0,6.950000000000012
946061,quiet_post,0.4556,S,0.0,64,0.0,7.050000000000001
946157,quiet_post,0.4556,S,0.0,64,0.0,7.050000000000001
946253,quiet_post,0.4559,U,0.0,64,0.0,7.350000000000023
946349,quiet_post,0.456,U,0.0,64,0.0,7.450000000000012
946445,quiet_post,0.456,U,0.0,64,0.0,7.450000000000012
946540,quiet_post,0.4561,U,0.0,64,0.0,7.550000000000001
946642,quiet_post,0.4561,U,0.0,64,0.0,7.550000000000001
946837,quiet_post,0.4562,U,0.0,64,0.0,7.64999999999999
947017,quiet_post,0.4562,S,0.0,64,0.0,7.64999999999999
947113,quiet_post,0.4563,U,0.0,64,0.0,7.749999999999979
947209,quiet_post,0.4563,U,0.0,64,0.0,7.749999999999979
947305,quiet_post,0.4563,S,0.0,64,0.0,7.749999999999979
947401,quiet_post,0.4564,U,0.0,64,0.0,7.849999999999968
947495,quiet_post,0.4564,U,0.0,64,0.0,7.849999999999968
947590,quiet_post,0.4564,S,0.0,64,0.0,7.849999999999968
947687,quiet_post,0.4565,U,0.0,64,0.0,7.950000000000013
947782,quiet_post,0.4565,U,0.0,64,0.0,7.950000000000013
947878,quiet_post,0.4565,S,0.0,64,0.0,7.950000000000013
947974,quiet_post,0.4565,S,0.0,64,0.0,7.950000000000013
948070,quiet_post,0.4565,S,0.0,64,0.0,7.950000000000013
948166,quiet_post,0.4565,S,0.0,64,0.0,7.950000000000013
948261,quiet_post,0.4565,S,0.0,64,0.0,7.950000000000013
948355,quiet_post,0.4565,S,0.0,64,0.0,7.950000000000013
948451,quiet_post,0.4566,S,0.0,64,0.0,8.05
948547,quiet_post,0.4566,S,0.0,64,0.0,8.05
948643,quiet_post,0.4566,S,0.0,64,0.0,8.05
948739,quiet_post,0.4566,S,0.0,64,0.0,8.05
948835,quiet_post,0.4566,S,0.0,64,0.0,8.05
948930,quiet_post,0.4566,S,0.0,64,0.0,8.05
949026,quiet_post,0.4566,S,0.0,64,0.0,8.05
949122,quiet_post,0.4566,S,0.0,64,0.0,8.05
949218,quiet_post,0.4566,S,0.0,64,0.0,8.05
949312,quiet_post,0.4566,S,0.0,64,0.0,8.05
949408,quiet_post,0.4566,S,0.0,64,0.0,8.05
949504,quiet_post,0.4566,S,0.0,64,0.0,8.05
949599,quiet_post,0.4566,S,0.0,64,0.0,8.05
949695,quiet_post,0.4566,S,0.0,64,0.0,8.05
949791,quiet_post,0.4566,S,0.0,64,0.0,8.05
949887,quiet_post,0.4566,S,0.0,64,0.0,8.05
949983,quiet_post,0.4566,S,0.0,64,0.0,8.05
950079,quiet_post,0.4566,S,0.0,64,0.0,8.05
950173,quiet_post,0.4566,S,0.0,64,0.0,8.05
950268,quiet_post,0.4566,S,0.0,64,0.0,8.05
950364,quiet_post,0.4566,S,0.0,64,0.0,8.05
950460,quiet_post,0.4566,S,0.0,64,0.0,8.05
950556,quiet_post,0.4566,S,0.0,64,0.0,8.05
950652,quiet_post,0.4566,S,0.0,64,0.0,8.05
950748,quiet_post,0.4566,S,0.0,64,0.0,8.05
950844,quiet_post,0.4566,S,0.0,64,0.0,8.05
950940,quiet_post,0.4565,S,0.0,64,0.0,7.950000000000013
951034,quiet_post,0.4565,S,0.0,64,0.0,7.950000000000013
951129,quiet_post,0.4565,S,0.0,64,0.0,7.950000000000013
951225,quiet_post,0.4565,S,0.0,64,0.0,7.950000000000013
951321,quiet_post,0.4565,S,0.0,64,0.0,7.950000000000013
951417,quiet_post,0.4565,S,0.0,64,0.0,7.950000000000013
951513,quiet_post,0.4566,S,0.0,64,0.0,8.05
951609,quiet_post,0.4566,S,0.0,64,0.0,8.05
951704,quiet_post,0.4566,S,0.0,64,0.0,8.05
951800,quiet_post,0.4566,S,0.0,64,0.0,8.05
951896,quiet_post,0.4566,S,0.0,64,0.0,8.05
951990,quiet_post,0.4566,S,0.0,64,0.0,8.05
952085,quiet_post,0.4569,U,0.0,64,0.0,8.34999999999997
952181,quiet_post,0.457,U,0.0,64,0.0,8.450000000000014
952277,quiet_post,0.457,U,0.0,64,0.0,8.450000000000014
952373,quiet_post,0.4571,U,0.0,64,0.0,8.550000000000002
952469,quiet_post,0.4571,U,0.0,64,0.0,8.550000000000002
