import powder_battery
>>> powder_battery.run(powder_id='carboxymethyl-cellulose', attended=False, blocks="H")
[vib] DRV2605L unavailable ([Errno 5] EIO); skipping init
RUN,BEGIN
META,powder_id,carboxymethyl-cellulose
META,battery_version,3
META,blocks,H
META,tilts_deg,0.0;45.0;90.0
META,baseline_reads,8
META,hold_s,15
META,rotation_trials,6
META,rotation_step_deg,360.0
META,rotation_rpm,30.0
META,speed_rpms,15.0;45.0;90.0
META,speed_revs,3.0
META,tap_tilts,0.0;45.0
META,tap_trials,8
META,taps_per_point,1
META,refeed_deg,360.0
META,vib_bursts,3
META,dose_repeats,3
META,dose_target_g,1.0
META,dose_h_targets_g,0.0500;0.2000
META,dose_h_repeats,3
META,settle_ms,2000
META,min_flow_g,0.0005
META,bracket_n,6
META,bracket_ms,400
META,shock_g,0.01
META,max_resid_g,0.0015
META,quiet_tries,8
META,max_trial_retries,2
META,drift_correct,1
META,attended,0
META,config.SCALE_BAUD,19200
META,config.SCALE_BITS,8
META,config.SCALE_PARITY,0
META,config.SCALE_STABLE_TIMEOUT_MS,10000
META,config.SCALE_STOP,1
META,config.SERVO_SPEED_DEG_PER_S,60
META,config.STEPPER_ACCEL_REV_PER_S2,4.0
META,config.STEPPER_FULL_STEPS_REV,200
META,config.STEPPER_MICROSTEPS,8
META,config.STEPPER_SPEED_RPM,60
META,config.TAP_OFF_MS,150
META,config.TAP_ON_MS,60
META,config.TAP_PWM_DUTY,1.0
META,config.dose_bracket_interval_ms,250
META,config.dose_bracket_n,5
META,config.dose_max_baseline_g,10.0
META,config.dose_read_path,bracket
[battery] block H
PROMPT,block H (small closed-loop doses): EMPTY the collection cup now, then Enter ('skip'/'abort')
META,dose_h.thresholds.0.0500,0.0500;0.0250;0.0050
[battery] dose target 0.0500 g, thresholds 0.0500/0.0250/0.0050
[dose] three-phase dose to 0.0500 g; taring scale
[dose] tared: baseline +0.2 mg (subtracted), drift -0.0 mg/min, read noise 0.00 mg
=== phase 1/3 'bulk' start: 0.0501 g to go, exit at 0.0500 g to go; angle 45.0 plate deg, CONTINUOUS @ 55 auger rpm (poll 250 ms, anticipation 0.1200 g), settle 800 ms
[phase 1 bulk] poll 1 (unstable): mass -0.0038 / 0.0500 g (0.0538 g to go, -0.0037 g this poll), elapsed 6.0 s
[phase 1 bulk] auger halted at 0.0538 g to go (halt threshold 0.1700 g); settling 800 ms
[phase 1 bulk] settled: mass -0.0021 / 0.0500 g (0.0521 g to go, +0.0017 g while settling), elapsed 8.0 s
=== phase 1/3 'bulk' end (1 cycles): mass -0.0021 / 0.0500 g (0.0521 g to go, -0.0020 g this phase), elapsed 8.0 s
=== phase 2/3 'fine' start: 0.0521 g to go, exit at 0.0250 g to go; angle 22.5 plate deg, 45 auger deg/cycle @ 30 rpm, 0 taps/cycle, settle 1500 ms
[phase 2 fine] cycle 1: mass 0.0011 / 0.0500 g (0.0489 g to go, +0.0031 g this cycle), elapsed 15.0 s
[phase 2 fine] cycle 2: mass -0.0018 / 0.0500 g (0.0518 g to go, -0.0029 g this cycle), elapsed 20.0 s
[phase 2 fine] cycle 3: mass 0.0008 / 0.0500 g (0.0492 g to go, +0.0027 g this cycle), elapsed 25.0 s
[phase 2 fine] cycle 4: mass 0.0045 / 0.0500 g (0.0455 g to go, +0.0037 g this cycle), elapsed 31.0 s
[phase 2 fine] cycle 5: mass 0.0054 / 0.0500 g (0.0446 g to go, +0.0009 g this cycle), elapsed 36.0 s
[phase 2 fine] cycle 6: mass 0.0068 / 0.0500 g (0.0432 g to go, +0.0014 g this cycle), elapsed 41.0 s
[phase 2 fine] cycle 7: mass 0.0037 / 0.0500 g (0.0463 g to go, -0.0031 g this cycle), elapsed 47.0 s
[phase 2 fine] cycle 8: mass 0.0088 / 0.0500 g (0.0412 g to go, +0.0051 g this cycle), elapsed 52.0 s
[phase 2 fine] cycle 9: mass 0.0095 / 0.0500 g (0.0405 g to go, +0.0007 g this cycle), elapsed 57.0 s
[phase 2 fine] cycle 10: mass 0.0124 / 0.0500 g (0.0376 g to go, +0.0029 g this cycle), elapsed 63.0 s
[phase 2 fine] cycle 11: mass 0.0175 / 0.0500 g (0.0325 g to go, +0.0052 g this cycle), elapsed 68.0 s
[phase 2 fine] cycle 12: mass 0.0170 / 0.0500 g (0.0330 g to go, -0.0005 g this cycle), elapsed 73.0 s
[phase 2 fine] cycle 13: mass 0.0154 / 0.0500 g (0.0346 g to go, -0.0016 g this cycle), elapsed 79.0 s
[phase 2 fine] cycle 14: mass 0.0137 / 0.0500 g (0.0363 g to go, -0.0018 g this cycle), elapsed 84.0 s
[phase 2 fine] cycle 15: mass 0.0166 / 0.0500 g (0.0334 g to go, +0.0029 g this cycle), elapsed 89.0 s
[phase 2 fine] cycle 16: mass 0.0184 / 0.0500 g (0.0316 g to go, +0.0018 g this cycle), elapsed 94.0 s
[phase 2 fine] cycle 17: mass 0.0213 / 0.0500 g (0.0287 g to go, +0.0029 g this cycle), elapsed 100.0 s
[phase 2 fine] cycle 18: mass 0.0254 / 0.0500 g (0.0246 g to go, +0.0041 g this cycle), elapsed 105.0 s
=== phase 2/3 'fine' end (18 cycles): mass 0.0254 / 0.0500 g (0.0246 g to go, +0.0274 g this phase), elapsed 105.0 s
=== phase 3/3 'tap' start: 0.0246 g to go, exit at 0.0050 g to go; angle 0.0 plate deg, 0 auger deg/cycle @ 0 rpm, 2 taps/cycle, settle 1500 ms
[phase 3 tap] cycle 1: mass 0.0167 / 0.0500 g (0.0333 g to go, -0.0087 g this cycle), elapsed 109.0 s
[phase 3 tap] cycle 2: mass 0.0174 / 0.0500 g (0.0326 g to go, +0.0008 g this cycle), elapsed 112.0 s
[phase 3 tap] cycle 3: mass 0.0182 / 0.0500 g (0.0318 g to go, +0.0008 g this cycle), elapsed 116.0 s
[phase 3 tap] cycle 4: mass 0.0187 / 0.0500 g (0.0313 g to go, +0.0005 g this cycle), elapsed 119.0 s
[phase 3 tap] cycle 5: mass 0.0225 / 0.0500 g (0.0275 g to go, +0.0038 g this cycle), elapsed 122.0 s
[phase 3 tap] cycle 6: mass 0.0190 / 0.0500 g (0.0310 g to go, -0.0035 g this cycle), elapsed 125.0 s
[phase 3 tap] cycle 7: mass 0.0192 / 0.0500 g (0.0308 g to go, +0.0002 g this cycle), elapsed 129.0 s
[phase 3 tap] cycle 8: mass 0.0180 / 0.0500 g (0.0320 g to go, -0.0012 g this cycle), elapsed 132.0 s
[phase 3 tap] cycle 9: mass 0.0202 / 0.0500 g (0.0298 g to go, +0.0022 g this cycle), elapsed 135.0 s
[phase 3 tap] cycle 10: mass 0.0190 / 0.0500 g (0.0310 g to go, -0.0013 g this cycle), elapsed 139.0 s
[phase 3 tap] cycle 11: mass 0.0187 / 0.0500 g (0.0313 g to go, -0.0003 g this cycle), elapsed 142.0 s
[phase 3 tap] cycle 12: mass 0.0177 / 0.0500 g (0.0323 g to go, -0.0010 g this cycle), elapsed 145.0 s
[phase 3 tap] lip empty; nudging auger 5.0 deg (nudge 1/10)
[phase 3 tap] cycle 13: mass 0.0277 / 0.0500 g (0.0223 g to go, +0.0100 g this cycle), elapsed 151.0 s
[phase 3 tap] cycle 14: mass 0.0265 / 0.0500 g (0.0235 g to go, -0.0012 g this cycle), elapsed 154.0 s
[phase 3 tap] cycle 15: mass 0.0249 / 0.0500 g (0.0251 g to go, -0.0016 g this cycle), elapsed 157.0 s
[phase 3 tap] cycle 16: mass 0.0252 / 0.0500 g (0.0248 g to go, +0.0003 g this cycle), elapsed 161.0 s
[phase 3 tap] cycle 17: mass 0.0243 / 0.0500 g (0.0257 g to go, -0.0009 g this cycle), elapsed 164.0 s
[phase 3 tap] cycle 18: mass 0.0236 / 0.0500 g (0.0264 g to go, -0.0007 g this cycle), elapsed 167.0 s
[phase 3 tap] cycle 19: mass 0.0255 / 0.0500 g (0.0245 g to go, +0.0020 g this cycle), elapsed 171.0 s
[phase 3 tap] cycle 20: mass 0.0258 / 0.0500 g (0.0242 g to go, +0.0003 g this cycle), elapsed 174.0 s
[phase 3 tap] cycle 21: mass 0.0251 / 0.0500 g (0.0249 g to go, -0.0008 g this cycle), elapsed 177.0 s
[phase 3 tap] cycle 22: mass 0.0233 / 0.0500 g (0.0267 g to go, -0.0018 g this cycle), elapsed 181.0 s
[phase 3 tap] cycle 23: mass 0.0256 / 0.0500 g (0.0244 g to go, +0.0023 g this cycle), elapsed 184.0 s
[phase 3 tap] cycle 24: mass 0.0277 / 0.0500 g (0.0223 g to go, +0.0021 g this cycle), elapsed 187.0 s
[phase 3 tap] cycle 25: mass 0.0254 / 0.0500 g (0.0246 g to go, -0.0023 g this cycle), elapsed 190.0 s
[phase 3 tap] cycle 26: mass 0.0253 / 0.0500 g (0.0247 g to go, -0.0001 g this cycle), elapsed 194.0 s
[phase 3 tap] cycle 27: mass 0.0236 / 0.0500 g (0.0264 g to go, -0.0017 g this cycle), elapsed 197.0 s
[phase 3 tap] lip empty; nudging auger 5.0 deg (nudge 2/10)
[phase 3 tap] cycle 28: mass 0.0232 / 0.0500 g (0.0268 g to go, -0.0004 g this cycle), elapsed 202.0 s
[phase 3 tap] cycle 29: mass 0.0245 / 0.0500 g (0.0255 g to go, +0.0013 g this cycle), elapsed 206.0 s
[phase 3 tap] cycle 30: mass 0.0260 / 0.0500 g (0.0240 g to go, +0.0014 g this cycle), elapsed 209.0 s
[phase 3 tap] cycle 31: mass 0.0242 / 0.0500 g (0.0258 g to go, -0.0018 g this cycle), elapsed 212.0 s
[phase 3 tap] cycle 32: mass 0.0252 / 0.0500 g (0.0248 g to go, +0.0010 g this cycle), elapsed 215.0 s
[phase 3 tap] cycle 33: mass 0.0250 / 0.0500 g (0.0250 g to go, -0.0002 g this cycle), elapsed 219.0 s
[phase 3 tap] cycle 34: mass 0.0232 / 0.0500 g (0.0268 g to go, -0.0018 g this cycle), elapsed 222.0 s
[phase 3 tap] cycle 35: mass 0.0251 / 0.0500 g (0.0249 g to go, +0.0018 g this cycle), elapsed 225.0 s
[phase 3 tap] cycle 36: mass 0.0266 / 0.0500 g (0.0234 g to go, +0.0015 g this cycle), elapsed 229.0 s
[phase 3 tap] cycle 37: mass 0.0210 / 0.0500 g (0.0290 g to go, -0.0056 g this cycle), elapsed 232.0 s
[phase 3 tap] cycle 38: mass 0.0226 / 0.0500 g (0.0274 g to go, +0.0016 g this cycle), elapsed 235.0 s
[phase 3 tap] cycle 39: mass 0.0222 / 0.0500 g (0.0278 g to go, -0.0005 g this cycle), elapsed 239.0 s
[phase 3 tap] cycle 40: mass 0.0204 / 0.0500 g (0.0296 g to go, -0.0017 g this cycle), elapsed 242.0 s
[phase 3 tap] cycle 41: mass 0.0217 / 0.0500 g (0.0283 g to go, +0.0013 g this cycle), elapsed 245.0 s
[phase 3 tap] cycle 42: mass 0.0204 / 0.0500 g (0.0296 g to go, -0.0013 g this cycle), elapsed 249.0 s
[phase 3 tap] cycle 43: mass 0.0240 / 0.0500 g (0.0260 g to go, +0.0036 g this cycle), elapsed 252.0 s
[phase 3 tap] cycle 44: mass 0.0206 / 0.0500 g (0.0294 g to go, -0.0035 g this cycle), elapsed 255.0 s
[phase 3 tap] cycle 45: mass 0.0254 / 0.0500 g (0.0246 g to go, +0.0049 g this cycle), elapsed 258.0 s
[phase 3 tap] cycle 46: mass 0.0234 / 0.0500 g (0.0266 g to go, -0.0021 g this cycle), elapsed 262.0 s
[phase 3 tap] cycle 47: mass 0.0237 / 0.0500 g (0.0263 g to go, +0.0003 g this cycle), elapsed 265.0 s
[phase 3 tap] cycle 48: mass 0.0232 / 0.0500 g (0.0268 g to go, -0.0005 g this cycle), elapsed 268.0 s
[phase 3 tap] cycle 49: mass 0.0255 / 0.0500 g (0.0245 g to go, +0.0023 g this cycle), elapsed 271.0 s
[phase 3 tap] cycle 50: mass 0.0230 / 0.0500 g (0.0270 g to go, -0.0025 g this cycle), elapsed 275.0 s
[phase 3 tap] cycle 51: mass 0.0220 / 0.0500 g (0.0280 g to go, -0.0010 g this cycle), elapsed 278.0 s
[phase 3 tap] cycle 52: mass 0.0207 / 0.0500 g (0.0293 g to go, -0.0013 g this cycle), elapsed 281.0 s
[phase 3 tap] lip empty; nudging auger 5.0 deg (nudge 3/10)
[phase 3 tap] cycle 53: mass 0.0178 / 0.0500 g (0.0322 g to go, -0.0029 g this cycle), elapsed 287.0 s
[phase 3 tap] cycle 54: mass 0.0188 / 0.0500 g (0.0312 g to go, +0.0009 g this cycle), elapsed 290.0 s
[phase 3 tap] cycle 55: mass 0.0187 / 0.0500 g (0.0313 g to go, -0.0000 g this cycle), elapsed 293.0 s
[phase 3 tap] cycle 56: mass 0.0190 / 0.0500 g (0.0310 g to go, +0.0003 g this cycle), elapsed 296.0 s
[phase 3 tap] cycle 57: mass 0.0196 / 0.0500 g (0.0304 g to go, +0.0006 g this cycle), elapsed 300.0 s
[phase 3 tap] cycle 58: mass 0.0182 / 0.0500 g (0.0318 g to go, -0.0015 g this cycle), elapsed 303.0 s
[phase 3 tap] cycle 59: mass 0.0195 / 0.0500 g (0.0305 g to go, +0.0013 g this cycle), elapsed 306.0 s
[phase 3 tap] cycle 60: mass 0.0172 / 0.0500 g (0.0328 g to go, -0.0022 g this cycle), elapsed 309.0 s
[phase 3 tap] cycle 61: mass 0.0184 / 0.0500 g (0.0316 g to go, +0.0012 g this cycle), elapsed 313.0 s
[phase 3 tap] cycle 62: mass 0.0202 / 0.0500 g (0.0298 g to go, +0.0017 g this cycle), elapsed 316.0 s
[phase 3 tap] cycle 63: mass 0.0200 / 0.0500 g (0.0300 g to go, -0.0002 g this cycle), elapsed 319.0 s
[phase 3 tap] cycle 64: mass 0.0158 / 0.0500 g (0.0342 g to go, -0.0042 g this cycle), elapsed 322.0 s
[phase 3 tap] cycle 65: mass 0.0187 / 0.0500 g (0.0313 g to go, +0.0029 g this cycle), elapsed 325.0 s
[phase 3 tap] cycle 66: mass 0.0189 / 0.0500 g (0.0311 g to go, +0.0002 g this cycle), elapsed 329.0 s
[phase 3 tap] cycle 67: mass 0.0198 / 0.0500 g (0.0302 g to go, +0.0009 g this cycle), elapsed 332.0 s
[phase 3 tap] cycle 68: mass 0.0193 / 0.0500 g (0.0307 g to go, -0.0005 g this cycle), elapsed 335.0 s
[phase 3 tap] cycle 69: mass 0.0203 / 0.0500 g (0.0297 g to go, +0.0010 g this cycle), elapsed 339.0 s
[phase 3 tap] cycle 70: mass 0.0178 / 0.0500 g (0.0322 g to go, -0.0024 g this cycle), elapsed 342.0 s
[phase 3 tap] cycle 71: mass 0.0202 / 0.0500 g (0.0298 g to go, +0.0024 g this cycle), elapsed 345.0 s
[phase 3 tap] cycle 72: mass 0.0185 / 0.0500 g (0.0315 g to go, -0.0018 g this cycle), elapsed 349.0 s
[phase 3 tap] cycle 73: mass 0.0179 / 0.0500 g (0.0321 g to go, -0.0005 g this cycle), elapsed 352.0 s
[phase 3 tap] cycle 74: mass 0.0166 / 0.0500 g (0.0334 g to go, -0.0014 g this cycle), elapsed 355.0 s
[phase 3 tap] lip empty; nudging auger 5.0 deg (nudge 4/10)
[phase 3 tap] cycle 75: mass 0.0179 / 0.0500 g (0.0321 g to go, +0.0013 g this cycle), elapsed 361.0 s
[phase 3 tap] cycle 76: mass 0.0192 / 0.0500 g (0.0308 g to go, +0.0013 g this cycle), elapsed 364.0 s
[phase 3 tap] cycle 77: mass 0.0179 / 0.0500 g (0.0321 g to go, -0.0014 g this cycle), elapsed 367.0 s
[phase 3 tap] cycle 78: mass 0.0183 / 0.0500 g (0.0317 g to go, +0.0004 g this cycle), elapsed 371.0 s
[phase 3 tap] cycle 79: mass 0.0178 / 0.0500 g (0.0322 g to go, -0.0006 g this cycle), elapsed 374.0 s
[phase 3 tap] cycle 80: mass 0.0181 / 0.0500 g (0.0319 g to go, +0.0003 g this cycle), elapsed 377.0 s
[phase 3 tap] cycle 81: mass 0.0173 / 0.0500 g (0.0327 g to go, -0.0008 g this cycle), elapsed 381.0 s
[phase 3 tap] cycle 82: mass 0.0167 / 0.0500 g (0.0333 g to go, -0.0006 g this cycle), elapsed 384.0 s
[phase 3 tap] cycle 83: mass 0.0156 / 0.0500 g (0.0344 g to go, -0.0011 g this cycle), elapsed 387.0 s
[phase 3 tap] lip empty; nudging auger 5.0 deg (nudge 5/10)
[phase 3 tap] cycle 84: mass 0.0161 / 0.0500 g (0.0339 g to go, +0.0005 g this cycle), elapsed 393.0 s
[phase 3 tap] cycle 85: mass 0.0147 / 0.0500 g (0.0353 g to go, -0.0014 g this cycle), elapsed 396.0 s
[phase 3 tap] cycle 86: mass 0.0127 / 0.0500 g (0.0373 g to go, -0.0020 g this cycle), elapsed 399.0 s
[phase 3 tap] cycle 87: mass 0.0137 / 0.0500 g (0.0363 g to go, +0.0010 g this cycle), elapsed 402.0 s
[phase 3 tap] cycle 88: mass 0.0126 / 0.0500 g (0.0374 g to go, -0.0012 g this cycle), elapsed 406.0 s
[phase 3 tap] cycle 89: mass 0.0107 / 0.0500 g (0.0393 g to go, -0.0018 g this cycle), elapsed 409.0 s
[phase 3 tap] cycle 90: mass 0.0132 / 0.0500 g (0.0368 g to go, +0.0025 g this cycle), elapsed 412.0 s
[phase 3 tap] cycle 91: mass 0.0128 / 0.0500 g (0.0372 g to go, -0.0004 g this cycle), elapsed 416.0 s
[phase 3 tap] cycle 92: mass 0.0130 / 0.0500 g (0.0370 g to go, +0.0001 g this cycle), elapsed 419.0 s
[phase 3 tap] cycle 93: mass 0.0115 / 0.0500 g (0.0385 g to go, -0.0015 g this cycle), elapsed 422.0 s
[phase 3 tap] lip empty; nudging auger 5.0 deg (nudge 6/10)
[phase 3 tap] cycle 94: mass 0.0117 / 0.0500 g (0.0383 g to go, +0.0002 g this cycle), elapsed 428.0 s
[phase 3 tap] cycle 95: mass 0.0134 / 0.0500 g (0.0366 g to go, +0.0017 g this cycle), elapsed 431.0 s
[phase 3 tap] cycle 96: mass 0.0140 / 0.0500 g (0.0360 g to go, +0.0006 g this cycle), elapsed 434.0 s
[phase 3 tap] cycle 97: mass 0.0155 / 0.0500 g (0.0345 g to go, +0.0015 g this cycle), elapsed 438.0 s
[phase 3 tap] cycle 98: mass 0.0145 / 0.0500 g (0.0355 g to go, -0.0010 g this cycle), elapsed 441.0 s
[phase 3 tap] cycle 99: mass 0.0148 / 0.0500 g (0.0352 g to go, +0.0003 g this cycle), elapsed 444.0 s
[phase 3 tap] cycle 100: mass 0.0148 / 0.0500 g (0.0352 g to go, +0.0000 g this cycle), elapsed 448.0 s
[phase 3 tap] cycle 101: mass 0.0152 / 0.0500 g (0.0348 g to go, +0.0004 g this cycle), elapsed 451.0 s
[phase 3 tap] cycle 102: mass 0.0144 / 0.0500 g (0.0356 g to go, -0.0009 g this cycle), elapsed 454.0 s
[phase 3 tap] cycle 103: mass 0.0142 / 0.0500 g (0.0358 g to go, -0.0002 g this cycle), elapsed 458.0 s
[phase 3 tap] cycle 104: mass 0.0144 / 0.0500 g (0.0356 g to go, +0.0002 g this cycle), elapsed 461.0 s
[phase 3 tap] lip empty; nudging auger 5.0 deg (nudge 7/10)
[phase 3 tap] cycle 105: mass 0.0156 / 0.0500 g (0.0344 g to go, +0.0013 g this cycle), elapsed 466.0 s
[phase 3 tap] cycle 106: mass 0.0121 / 0.0500 g (0.0379 g to go, -0.0035 g this cycle), elapsed 469.0 s
[phase 3 tap] cycle 107: mass 0.0142 / 0.0500 g (0.0358 g to go, +0.0021 g this cycle), elapsed 473.0 s
[phase 3 tap] cycle 108: mass 0.0129 / 0.0500 g (0.0371 g to go, -0.0013 g this cycle), elapsed 476.0 s
[phase 3 tap] cycle 109: mass 0.0127 / 0.0500 g (0.0373 g to go, -0.0002 g this cycle), elapsed 479.0 s
[phase 3 tap] cycle 110: mass 0.0143 / 0.0500 g (0.0357 g to go, +0.0016 g this cycle), elapsed 483.0 s
[phase 3 tap] cycle 111: mass 0.0122 / 0.0500 g (0.0378 g to go, -0.0021 g this cycle), elapsed 486.0 s
[phase 3 tap] cycle 112: mass 0.0134 / 0.0500 g (0.0366 g to go, +0.0012 g this cycle), elapsed 489.0 s
[phase 3 tap] cycle 113: mass 0.0132 / 0.0500 g (0.0368 g to go, -0.0002 g this cycle), elapsed 493.0 s
[phase 3 tap] cycle 114: mass 0.0125 / 0.0500 g (0.0375 g to go, -0.0007 g this cycle), elapsed 496.0 s
[phase 3 tap] cycle 115: mass 0.0130 / 0.0500 g (0.0370 g to go, +0.0005 g this cycle), elapsed 499.0 s
[phase 3 tap] cycle 116: mass 0.0122 / 0.0500 g (0.0378 g to go, -0.0007 g this cycle), elapsed 503.0 s
[phase 3 tap] cycle 117: mass 0.0115 / 0.0500 g (0.0385 g to go, -0.0007 g this cycle), elapsed 506.0 s
[phase 3 tap] cycle 118: mass 0.0116 / 0.0500 g (0.0384 g to go, +0.0000 g this cycle), elapsed 510.0 s
[phase 3 tap] lip empty; nudging auger 5.0 deg (nudge 8/10)
[phase 3 tap] cycle 119: mass 0.0139 / 0.0500 g (0.0361 g to go, +0.0023 g this cycle), elapsed 515.0 s
[phase 3 tap] cycle 120: mass 0.0122 / 0.0500 g (0.0378 g to go, -0.0016 g this cycle), elapsed 518.0 s
[phase 3 tap] cycle 121: mass 0.0150 / 0.0500 g (0.0350 g to go, +0.0028 g this cycle), elapsed 522.0 s
[phase 3 tap] cycle 122: mass 0.0126 / 0.0500 g (0.0374 g to go, -0.0024 g this cycle), elapsed 525.0 s
[phase 3 tap] cycle 123: mass 0.0126 / 0.0500 g (0.0374 g to go, -0.0000 g this cycle), elapsed 528.0 s
[phase 3 tap] cycle 124: mass 0.0138 / 0.0500 g (0.0362 g to go, +0.0012 g this cycle), elapsed 532.0 s
[phase 3 tap] cycle 125: mass 0.0130 / 0.0500 g (0.0370 g to go, -0.0007 g this cycle), elapsed 535.0 s
[phase 3 tap] cycle 126: mass 0.0123 / 0.0500 g (0.0377 g to go, -0.0008 g this cycle), elapsed 538.0 s
[phase 3 tap] cycle 127: mass 0.0120 / 0.0500 g (0.0380 g to go, -0.0003 g this cycle), elapsed 542.0 s
[phase 3 tap] lip empty; nudging auger 5.0 deg (nudge 9/10)
[phase 3 tap] cycle 128: mass 0.0121 / 0.0500 g (0.0379 g to go, +0.0001 g this cycle), elapsed 547.0 s
[phase 3 tap] cycle 129: mass 0.0128 / 0.0500 g (0.0372 g to go, +0.0007 g this cycle), elapsed 551.0 s
[phase 3 tap] cycle 130: mass 0.0112 / 0.0500 g (0.0388 g to go, -0.0016 g this cycle), elapsed 554.0 s
[phase 3 tap] cycle 131: mass 0.0128 / 0.0500 g (0.0372 g to go, +0.0016 g this cycle), elapsed 557.0 s
[phase 3 tap] cycle 132: mass 0.0127 / 0.0500 g (0.0373 g to go, -0.0001 g this cycle), elapsed 561.0 s
[phase 3 tap] cycle 133: mass 0.0128 / 0.0500 g (0.0372 g to go, +0.0002 g this cycle), elapsed 564.0 s
[phase 3 tap] cycle 134: mass 0.0141 / 0.0500 g (0.0359 g to go, +0.0013 g this cycle), elapsed 567.0 s
[phase 3 tap] cycle 135: mass 0.0119 / 0.0500 g (0.0381 g to go, -0.0022 g this cycle), elapsed 570.0 s
[phase 3 tap] cycle 136: mass 0.0129 / 0.0500 g (0.0371 g to go, +0.0010 g this cycle), elapsed 574.0 s
[phase 3 tap] cycle 137: mass 0.0147 / 0.0500 g (0.0353 g to go, +0.0017 g this cycle), elapsed 577.0 s
[phase 3 tap] cycle 138: mass 0.0138 / 0.0500 g (0.0362 g to go, -0.0009 g this cycle), elapsed 580.0 s
[phase 3 tap] cycle 139: mass 0.0104 / 0.0500 g (0.0396 g to go, -0.0034 g this cycle), elapsed 583.0 s
[phase 3 tap] cycle 140: mass 0.0132 / 0.0500 g (0.0368 g to go, +0.0028 g this cycle), elapsed 587.0 s
[phase 3 tap] cycle 141: mass 0.0138 / 0.0500 g (0.0362 g to go, +0.0006 g this cycle), elapsed 590.0 s
[phase 3 tap] cycle 142: mass 0.0130 / 0.0500 g (0.0370 g to go, -0.0008 g this cycle), elapsed 593.0 s
[phase 3 tap] cycle 143: mass 0.0116 / 0.0500 g (0.0384 g to go, -0.0014 g this cycle), elapsed 597.0 s
[phase 3 tap] cycle 144: mass 0.0121 / 0.0500 g (0.0379 g to go, +0.0005 g this cycle), elapsed 600.0 s
[phase 3 tap] cycle 145: mass 0.0126 / 0.0500 g (0.0374 g to go, +0.0006 g this cycle), elapsed 603.0 s
[phase 3 tap] cycle 146: mass 0.0109 / 0.0500 g (0.0391 g to go, -0.0017 g this cycle), elapsed 606.0 s
[phase 3 tap] cycle 147: mass 0.0102 / 0.0500 g (0.0398 g to go, -0.0007 g this cycle), elapsed 610.0 s
[phase 3 tap] cycle 148: mass 0.0130 / 0.0500 g (0.0370 g to go, +0.0029 g this cycle), elapsed 613.0 s
[phase 3 tap] cycle 149: mass 0.0114 / 0.0500 g (0.0386 g to go, -0.0016 g this cycle), elapsed 616.0 s
[phase 3 tap] cycle 150: mass 0.0110 / 0.0500 g (0.0390 g to go, -0.0004 g this cycle), elapsed 620.0 s
[phase 3 tap] cycle 151: mass 0.0129 / 0.0500 g (0.0371 g to go, +0.0019 g this cycle), elapsed 623.0 s
[phase 3 tap] cycle 152: mass 0.0122 / 0.0500 g (0.0378 g to go, -0.0006 g this cycle), elapsed 626.0 s
[phase 3 tap] cycle 153: mass 0.0108 / 0.0500 g (0.0392 g to go, -0.0014 g this cycle), elapsed 630.0 s
[phase 3 tap] cycle 154: mass 0.0126 / 0.0500 g (0.0374 g to go, +0.0018 g this cycle), elapsed 633.0 s
[phase 3 tap] cycle 155: mass 0.0121 / 0.0500 g (0.0379 g to go, -0.0005 g this cycle), elapsed 636.0 s
[phase 3 tap] cycle 156: mass 0.0121 / 0.0500 g (0.0379 g to go, -0.0000 g this cycle), elapsed 640.0 s
[phase 3 tap] cycle 157: mass 0.0121 / 0.0500 g (0.0379 g to go, -0.0000 g this cycle), elapsed 643.0 s
[phase 3 tap] lip empty; nudging auger 5.0 deg (nudge 10/10)
[phase 3 tap] cycle 158: mass 0.0137 / 0.0500 g (0.0363 g to go, +0.0016 g this cycle), elapsed 649.0 s
[phase 3 tap] cycle 159: mass 0.0115 / 0.0500 g (0.0385 g to go, -0.0022 g this cycle), elapsed 652.0 s
[phase 3 tap] cycle 160: mass 0.0118 / 0.0500 g (0.0382 g to go, +0.0003 g this cycle), elapsed 655.0 s
[phase 3 tap] cycle 161: mass 0.0109 / 0.0500 g (0.0391 g to go, -0.0009 g this cycle), elapsed 659.0 s
[phase 3 tap] cycle 162: mass 0.0124 / 0.0500 g (0.0376 g to go, +0.0015 g this cycle), elapsed 662.0 s
[phase 3 tap] cycle 163: mass 0.0108 / 0.0500 g (0.0392 g to go, -0.0016 g this cycle), elapsed 665.0 s
[phase 3 tap] cycle 164: mass 0.0108 / 0.0500 g (0.0392 g to go, +0.0000 g this cycle), elapsed 669.0 s
[phase 3 tap] cycle 165: mass 0.0104 / 0.0500 g (0.0396 g to go, -0.0004 g this cycle), elapsed 672.0 s
[phase 3 tap] no powder flow -- hopper empty, jam, or nudge budget spent
=== phase 3/3 'tap' end (165 cycles): mass 0.0104 / 0.0500 g (0.0396 g to go, -0.0150 g this phase), elapsed 672.0 s
[dose] done: DoseResult(stalled: 0.0104/0.0500 g in 672.0s; cycles bulk:1, fine:18, tap:165; 2.39 auger rev, 330 taps)
DOSE,0,0.0500,0.0104,-0.0396,stalled,672.0,2.39,330,bulk:1;fine:18;tap:165,671695,H
PROMPT,block H dose 0 done -- empty the cup for the next dose, then Enter ('skip'/'abort')
[dose] three-phase dose to 0.0500 g; taring scale
[dose] tared: baseline -1.0 mg (subtracted), drift +6.2 mg/min, read noise 0.14 mg
=== phase 1/3 'bulk' skipped (0.0490 g to go is already <= 0.0500 g threshold)
=== phase 2/3 'fine' start: 0.0490 g to go, exit at 0.0250 g to go; angle 22.5 plate deg, 45 auger deg/cycle @ 30 rpm, 0 taps/cycle, settle 1500 ms
[phase 2 fine] cycle 1: mass 0.0003 / 0.0500 g (0.0497 g to go, -0.0007 g this cycle), elapsed 10.0 s
[phase 2 fine] cycle 2: mass 0.0014 / 0.0500 g (0.0486 g to go, +0.0011 g this cycle), elapsed 15.0 s
[phase 2 fine] cycle 3: mass 0.0026 / 0.0500 g (0.0474 g to go, +0.0012 g this cycle), elapsed 21.0 s
[phase 2 fine] cycle 4: mass 0.0039 / 0.0500 g (0.0461 g to go, +0.0013 g this cycle), elapsed 26.0 s
[phase 2 fine] cycle 5: mass 0.0102 / 0.0500 g (0.0398 g to go, +0.0063 g this cycle), elapsed 31.0 s
[phase 2 fine] cycle 6: mass 0.0090 / 0.0500 g (0.0410 g to go, -0.0012 g this cycle), elapsed 37.0 s
[phase 2 fine] cycle 7: mass 0.0095 / 0.0500 g (0.0405 g to go, +0.0005 g this cycle), elapsed 42.0 s
[phase 2 fine] cycle 8: mass 0.0116 / 0.0500 g (0.0384 g to go, +0.0021 g this cycle), elapsed 47.0 s
[phase 2 fine] cycle 9: mass 0.0121 / 0.0500 g (0.0379 g to go, +0.0005 g this cycle), elapsed 53.0 s
[phase 2 fine] cycle 10: mass 0.0101 / 0.0500 g (0.0399 g to go, -0.0020 g this cycle), elapsed 58.0 s
[phase 2 fine] cycle 11: mass 0.0106 / 0.0500 g (0.0394 g to go, +0.0005 g this cycle), elapsed 63.0 s
[phase 2 fine] cycle 12: mass 0.0111 / 0.0500 g (0.0389 g to go, +0.0006 g this cycle), elapsed 68.0 s
[phase 2 fine] cycle 13: mass 0.0121 / 0.0500 g (0.0379 g to go, +0.0010 g this cycle), elapsed 74.0 s
[phase 2 fine] cycle 14: mass 0.0119 / 0.0500 g (0.0381 g to go, -0.0003 g this cycle), elapsed 79.0 s
[phase 2 fine] cycle 15: mass 0.0113 / 0.0500 g (0.0387 g to go, -0.0006 g this cycle), elapsed 85.0 s
[phase 2 fine] cycle 16: mass 0.0123 / 0.0500 g (0.0377 g to go, +0.0010 g this cycle), elapsed 90.0 s
[phase 2 fine] cycle 17: mass 0.0104 / 0.0500 g (0.0396 g to go, -0.0020 g this cycle), elapsed 95.0 s
[phase 2 fine] cycle 18: mass 0.0123 / 0.0500 g (0.0377 g to go, +0.0019 g this cycle), elapsed 101.0 s
[phase 2 fine] cycle 19: mass 0.0124 / 0.0500 g (0.0376 g to go, +0.0002 g this cycle), elapsed 106.0 s
[phase 2 fine] cycle 20: mass 0.0148 / 0.0500 g (0.0352 g to go, +0.0024 g this cycle), elapsed 111.0 s
[phase 2 fine] cycle 21: mass 0.0134 / 0.0500 g (0.0366 g to go, -0.0014 g this cycle), elapsed 116.0 s
[phase 2 fine] cycle 22: mass 0.0150 / 0.0500 g (0.0350 g to go, +0.0015 g this cycle), elapsed 122.0 s
[phase 2 fine] cycle 23: mass 0.0148 / 0.0500 g (0.0352 g to go, -0.0001 g this cycle), elapsed 127.0 s
[phase 2 fine] cycle 24: mass 0.0184 / 0.0500 g (0.0316 g to go, +0.0035 g this cycle), elapsed 132.0 s
[phase 2 fine] cycle 25: mass 0.0170 / 0.0500 g (0.0330 g to go, -0.0014 g this cycle), elapsed 138.0 s
[phase 2 fine] cycle 26: mass 0.0172 / 0.0500 g (0.0328 g to go, +0.0002 g this cycle), elapsed 143.0 s
[phase 2 fine] cycle 27: mass 0.0164 / 0.0500 g (0.0336 g to go, -0.0008 g this cycle), elapsed 148.0 s
[phase 2 fine] cycle 28: mass 0.0173 / 0.0500 g (0.0327 g to go, +0.0010 g this cycle), elapsed 153.0 s
[phase 2 fine] cycle 29: mass 0.0168 / 0.0500 g (0.0332 g to go, -0.0005 g this cycle), elapsed 159.0 s
[phase 2 fine] cycle 30: mass 0.0162 / 0.0500 g (0.0338 g to go, -0.0006 g this cycle), elapsed 164.0 s
[phase 2 fine] cycle 31: mass 0.0205 / 0.0500 g (0.0295 g to go, +0.0043 g this cycle), elapsed 169.0 s
[phase 2 fine] cycle 32: mass 0.0205 / 0.0500 g (0.0295 g to go, -0.0000 g this cycle), elapsed 175.0 s
[phase 2 fine] cycle 33: mass 0.0215 / 0.0500 g (0.0285 g to go, +0.0011 g this cycle), elapsed 180.0 s
[phase 2 fine] cycle 34: mass 0.0199 / 0.0500 g (0.0301 g to go, -0.0017 g this cycle), elapsed 185.0 s
[phase 2 fine] cycle 35: mass 0.0230 / 0.0500 g (0.0270 g to go, +0.0032 g this cycle), elapsed 190.0 s
[phase 2 fine] cycle 36: mass 0.0224 / 0.0500 g (0.0276 g to go, -0.0006 g this cycle), elapsed 196.0 s
[phase 2 fine] cycle 37: mass 0.0217 / 0.0500 g (0.0283 g to go, -0.0007 g this cycle), elapsed 201.0 s
[phase 2 fine] cycle 38: mass 0.0211 / 0.0500 g (0.0289 g to go, -0.0006 g this cycle), elapsed 206.0 s
[phase 2 fine] cycle 39: mass 0.0217 / 0.0500 g (0.0283 g to go, +0.0006 g this cycle), elapsed 212.0 s
[phase 2 fine] cycle 40: mass 0.0239 / 0.0500 g (0.0261 g to go, +0.0022 g this cycle), elapsed 217.0 s
[phase 2 fine] cycle 41: mass 0.0212 / 0.0500 g (0.0288 g to go, -0.0027 g this cycle), elapsed 222.0 s
[phase 2 fine] cycle 42: mass 0.0227 / 0.0500 g (0.0273 g to go, +0.0015 g this cycle), elapsed 228.0 s
[phase 2 fine] cycle 43: mass 0.0211 / 0.0500 g (0.0289 g to go, -0.0016 g this cycle), elapsed 233.0 s
[phase 2 fine] cycle 44: mass 0.0217 / 0.0500 g (0.0283 g to go, +0.0006 g this cycle), elapsed 238.0 s
[phase 2 fine] cycle 45: mass 0.0226 / 0.0500 g (0.0274 g to go, +0.0009 g this cycle), elapsed 243.0 s
[phase 2 fine] cycle 46: mass 0.0201 / 0.0500 g (0.0299 g to go, -0.0025 g this cycle), elapsed 248.0 s
[phase 2 fine] cycle 47: mass 0.0219 / 0.0500 g (0.0281 g to go, +0.0018 g this cycle), elapsed 254.0 s
[phase 2 fine] cycle 48: mass 0.0221 / 0.0500 g (0.0279 g to go, +0.0002 g this cycle), elapsed 259.0 s
[phase 2 fine] cycle 49: mass 0.0235 / 0.0500 g (0.0265 g to go, +0.0014 g this cycle), elapsed 265.0 s
[phase 2 fine] cycle 50: mass 0.0218 / 0.0500 g (0.0282 g to go, -0.0017 g this cycle), elapsed 270.0 s
[phase 2 fine] cycle 51: mass 0.0218 / 0.0500 g (0.0282 g to go, -0.0001 g this cycle), elapsed 275.0 s
[phase 2 fine] cycle 52: mass 0.0213 / 0.0500 g (0.0287 g to go, -0.0005 g this cycle), elapsed 280.0 s
[phase 2 fine] cycle 53: mass 0.0214 / 0.0500 g (0.0286 g to go, +0.0001 g this cycle), elapsed 286.0 s
[phase 2 fine] cycle 54: mass 0.0226 / 0.0500 g (0.0274 g to go, +0.0012 g this cycle), elapsed 291.0 s
[phase 2 fine] cycle 55: mass 0.0240 / 0.0500 g (0.0260 g to go, +0.0014 g this cycle), elapsed 296.0 s
[phase 2 fine] cycle 56: mass 0.0218 / 0.0500 g (0.0282 g to go, -0.0022 g this cycle), elapsed 302.0 s
[phase 2 fine] cycle 57: mass 0.0251 / 0.0500 g (0.0249 g to go, +0.0032 g this cycle), elapsed 307.0 s
=== phase 2/3 'fine' end (57 cycles): mass 0.0251 / 0.0500 g (0.0249 g to go, +0.0241 g this phase), elapsed 307.0 s
=== phase 3/3 'tap' start: 0.0249 g to go, exit at 0.0050 g to go; angle 0.0 plate deg, 0 auger deg/cycle @ 0 rpm, 2 taps/cycle, settle 1500 ms
[phase 3 tap] cycle 1: mass 0.0242 / 0.0500 g (0.0258 g to go, -0.0009 g this cycle), elapsed 311.0 s
[phase 3 tap] cycle 2: mass 0.0243 / 0.0500 g (0.0257 g to go, +0.0001 g this cycle), elapsed 314.0 s
[phase 3 tap] cycle 3: mass 0.0250 / 0.0500 g (0.0250 g to go, +0.0007 g this cycle), elapsed 317.0 s
[phase 3 tap] cycle 4: mass 0.0249 / 0.0500 g (0.0251 g to go, -0.0001 g this cycle), elapsed 321.0 s
[phase 3 tap] cycle 5: mass 0.0284 / 0.0500 g (0.0216 g to go, +0.0036 g this cycle), elapsed 324.0 s
[phase 3 tap] cycle 6: mass 0.0262 / 0.0500 g (0.0238 g to go, -0.0022 g this cycle), elapsed 328.0 s
[phase 3 tap] cycle 7: mass 0.0278 / 0.0500 g (0.0222 g to go, +0.0016 g this cycle), elapsed 331.0 s
[phase 3 tap] cycle 8: mass 0.0261 / 0.0500 g (0.0239 g to go, -0.0017 g this cycle), elapsed 334.0 s
[phase 3 tap] cycle 9: mass 0.0261 / 0.0500 g (0.0239 g to go, +0.0000 g this cycle), elapsed 337.0 s
[phase 3 tap] cycle 10: mass 0.0258 / 0.0500 g (0.0242 g to go, -0.0003 g this cycle), elapsed 341.0 s
[phase 3 tap] lip empty; nudging auger 5.0 deg (nudge 1/10)
[phase 3 tap] cycle 11: mass 0.0249 / 0.0500 g (0.0251 g to go, -0.0009 g this cycle), elapsed 346.0 s
[phase 3 tap] cycle 12: mass 0.0246 / 0.0500 g (0.0254 g to go, -0.0003 g this cycle), elapsed 350.0 s
[phase 3 tap] cycle 13: mass 0.0256 / 0.0500 g (0.0244 g to go, +0.0010 g this cycle), elapsed 353.0 s
[phase 3 tap] cycle 14: mass 0.0250 / 0.0500 g (0.0250 g to go, -0.0006 g this cycle), elapsed 356.0 s
[phase 3 tap] cycle 15: mass 0.0237 / 0.0500 g (0.0263 g to go, -0.0013 g this cycle), elapsed 360.0 s
[phase 3 tap] cycle 16: mass 0.0238 / 0.0500 g (0.0262 g to go, +0.0001 g this cycle), elapsed 363.0 s
[phase 3 tap] lip empty; nudging auger 5.0 deg (nudge 2/10)
[phase 3 tap] cycle 17: mass 0.0243 / 0.0500 g (0.0257 g to go, +0.0006 g this cycle), elapsed 369.0 s
[phase 3 tap] cycle 18: mass 0.0231 / 0.0500 g (0.0269 g to go, -0.0012 g this cycle), elapsed 372.0 s
[phase 3 tap] cycle 19: mass 0.0239 / 0.0500 g (0.0261 g to go, +0.0008 g this cycle), elapsed 375.0 s
[phase 3 tap] cycle 20: mass 0.0233 / 0.0500 g (0.0267 g to go, -0.0006 g this cycle), elapsed 379.0 s
[phase 3 tap] cycle 21: mass 0.0245 / 0.0500 g (0.0255 g to go, +0.0011 g this cycle), elapsed 382.0 s
[phase 3 tap] cycle 22: mass 0.0232 / 0.0500 g (0.0268 g to go, -0.0012 g this cycle), elapsed 385.0 s
[phase 3 tap] cycle 23: mass 0.0238 / 0.0500 g (0.0262 g to go, +0.0006 g this cycle), elapsed 388.0 s
[phase 3 tap] cycle 24: mass 0.0242 / 0.0500 g (0.0258 g to go, +0.0003 g this cycle), elapsed 392.0 s
[phase 3 tap] cycle 25: mass 0.0234 / 0.0500 g (0.0266 g to go, -0.0008 g this cycle), elapsed 395.0 s
[phase 3 tap] cycle 26: mass 0.0240 / 0.0500 g (0.0260 g to go, +0.0006 g this cycle), elapsed 399.0 s
[phase 3 tap] cycle 27: mass 0.0240 / 0.0500 g (0.0260 g to go, -0.0001 g this cycle), elapsed 402.0 s
[phase 3 tap] cycle 28: mass 0.0238 / 0.0500 g (0.0262 g to go, -0.0001 g this cycle), elapsed 405.0 s
[phase 3 tap] cycle 29: mass 0.0239 / 0.0500 g (0.0261 g to go, +0.0001 g this cycle), elapsed 408.0 s
[phase 3 tap] lip empty; nudging auger 5.0 deg (nudge 3/10)
[phase 3 tap] cycle 30: mass 0.0263 / 0.0500 g (0.0237 g to go, +0.0024 g this cycle), elapsed 414.0 s
[phase 3 tap] cycle 31: mass 0.0264 / 0.0500 g (0.0236 g to go, +0.0001 g this cycle), elapsed 417.0 s
[phase 3 tap] cycle 32: mass 0.0245 / 0.0500 g (0.0255 g to go, -0.0019 g this cycle), elapsed 420.0 s
[phase 3 tap] cycle 33: mass 0.0245 / 0.0500 g (0.0255 g to go, -0.0001 g this cycle), elapsed 424.0 s
[phase 3 tap] lip empty; nudging auger 5.0 deg (nudge 4/10)
[phase 3 tap] cycle 34: mass 0.0245 / 0.0500 g (0.0255 g to go, +0.0000 g this cycle), elapsed 429.0 s
[phase 3 tap] cycle 35: mass 0.0237 / 0.0500 g (0.0263 g to go, -0.0008 g this cycle), elapsed 433.0 s
[phase 3 tap] cycle 36: mass 0.0230 / 0.0500 g (0.0270 g to go, -0.0007 g this cycle), elapsed 436.0 s
[phase 3 tap] lip empty; nudging auger 5.0 deg (nudge 5/10)
[phase 3 tap] cycle 37: mass 0.0250 / 0.0500 g (0.0250 g to go, +0.0020 g this cycle), elapsed 441.0 s
[phase 3 tap] cycle 38: mass 0.0233 / 0.0500 g (0.0267 g to go, -0.0017 g this cycle), elapsed 445.0 s
[phase 3 tap] cycle 39: mass 0.0242 / 0.0500 g (0.0258 g to go, +0.0009 g this cycle), elapsed 448.0 s
[phase 3 tap] cycle 40: mass 0.0236 / 0.0500 g (0.0264 g to go, -0.0007 g this cycle), elapsed 451.0 s
[phase 3 tap] cycle 41: mass 0.0239 / 0.0500 g (0.0261 g to go, +0.0003 g this cycle), elapsed 455.0 s
[phase 3 tap] cycle 42: mass 0.0231 / 0.0500 g (0.0269 g to go, -0.0008 g this cycle), elapsed 458.0 s
[phase 3 tap] cycle 43: mass 0.0219 / 0.0500 g (0.0281 g to go, -0.0011 g this cycle), elapsed 461.0 s
[phase 3 tap] cycle 44: mass 0.0223 / 0.0500 g (0.0277 g to go, +0.0003 g this cycle), elapsed 464.0 s
[phase 3 tap] cycle 45: mass 0.0229 / 0.0500 g (0.0271 g to go, +0.0007 g this cycle), elapsed 468.0 s
[phase 3 tap] cycle 46: mass 0.0222 / 0.0500 g (0.0278 g to go, -0.0008 g this cycle), elapsed 471.0 s
[phase 3 tap] cycle 47: mass 0.0228 / 0.0500 g (0.0272 g to go, +0.0006 g this cycle), elapsed 474.0 s
[phase 3 tap] cycle 48: mass 0.0228 / 0.0500 g (0.0272 g to go, +0.0000 g this cycle), elapsed 478.0 s
[phase 3 tap] cycle 49: mass 0.0223 / 0.0500 g (0.0277 g to go, -0.0005 g this cycle), elapsed 481.0 s
[phase 3 tap] cycle 50: mass 0.0228 / 0.0500 g (0.0272 g to go, +0.0006 g this cycle), elapsed 484.0 s
[phase 3 tap] cycle 51: mass 0.0231 / 0.0500 g (0.0269 g to go, +0.0002 g this cycle), elapsed 487.0 s
[phase 3 tap] cycle 52: mass 0.0217 / 0.0500 g (0.0283 g to go, -0.0014 g this cycle), elapsed 491.0 s
[phase 3 tap] cycle 53: mass 0.0223 / 0.0500 g (0.0277 g to go, +0.0006 g this cycle), elapsed 494.0 s
[phase 3 tap] cycle 54: mass 0.0207 / 0.0500 g (0.0293 g to go, -0.0016 g this cycle), elapsed 497.0 s
[phase 3 tap] cycle 55: mass 0.0208 / 0.0500 g (0.0292 g to go, +0.0000 g this cycle), elapsed 500.0 s
[phase 3 tap] cycle 56: mass 0.0209 / 0.0500 g (0.0291 g to go, +0.0002 g this cycle), elapsed 504.0 s
[phase 3 tap] lip empty; nudging auger 5.0 deg (nudge 6/10)
[phase 3 tap] cycle 57: mass 0.0208 / 0.0500 g (0.0292 g to go, -0.0001 g this cycle), elapsed 509.0 s
[phase 3 tap] cycle 58: mass 0.0217 / 0.0500 g (0.0283 g to go, +0.0008 g this cycle), elapsed 513.0 s
[phase 3 tap] cycle 59: mass 0.0225 / 0.0500 g (0.0275 g to go, +0.0008 g this cycle), elapsed 516.0 s
[phase 3 tap] cycle 60: mass 0.0223 / 0.0500 g (0.0277 g to go, -0.0002 g this cycle), elapsed 519.0 s
[phase 3 tap] cycle 61: mass 0.0222 / 0.0500 g (0.0278 g to go, -0.0001 g this cycle), elapsed 523.0 s
[phase 3 tap] cycle 62: mass 0.0221 / 0.0500 g (0.0279 g to go, -0.0001 g this cycle), elapsed 526.0 s
[phase 3 tap] lip empty; nudging auger 5.0 deg (nudge 7/10)
[phase 3 tap] cycle 63: mass 0.0205 / 0.0500 g (0.0295 g to go, -0.0016 g this cycle), elapsed 532.0 s
[phase 3 tap] cycle 64: mass 0.0227 / 0.0500 g (0.0273 g to go, +0.0022 g this cycle), elapsed 535.0 s
[phase 3 tap] cycle 65: mass 0.0226 / 0.0500 g (0.0274 g to go, -0.0001 g this cycle), elapsed 538.0 s
[phase 3 tap] cycle 66: mass 0.0233 / 0.0500 g (0.0267 g to go, +0.0007 g this cycle), elapsed 542.0 s
[phase 3 tap] cycle 67: mass 0.0242 / 0.0500 g (0.0258 g to go, +0.0009 g this cycle), elapsed 545.0 s
[phase 3 tap] cycle 68: mass 0.0214 / 0.0500 g (0.0286 g to go, -0.0028 g this cycle), elapsed 548.0 s
[phase 3 tap] cycle 69: mass 0.0209 / 0.0500 g (0.0291 g to go, -0.0005 g this cycle), elapsed 551.0 s
[phase 3 tap] cycle 70: mass 0.0214 / 0.0500 g (0.0286 g to go, +0.0005 g this cycle), elapsed 555.0 s
[phase 3 tap] cycle 71: mass 0.0210 / 0.0500 g (0.0290 g to go, -0.0004 g this cycle), elapsed 558.0 s
[phase 3 tap] cycle 72: mass 0.0216 / 0.0500 g (0.0284 g to go, +0.0006 g this cycle), elapsed 561.0 s
[phase 3 tap] cycle 73: mass 0.0207 / 0.0500 g (0.0293 g to go, -0.0009 g this cycle), elapsed 565.0 s
[phase 3 tap] cycle 74: mass 0.0216 / 0.0500 g (0.0284 g to go, +0.0010 g this cycle), elapsed 568.0 s
[phase 3 tap] cycle 75: mass 0.0200 / 0.0500 g (0.0300 g to go, -0.0016 g this cycle), elapsed 571.0 s
[phase 3 tap] cycle 76: mass 0.0214 / 0.0500 g (0.0286 g to go, +0.0014 g this cycle), elapsed 574.0 s
[phase 3 tap] cycle 77: mass 0.0212 / 0.0500 g (0.0288 g to go, -0.0002 g this cycle), elapsed 578.0 s
[phase 3 tap] cycle 78: mass 0.0208 / 0.0500 g (0.0292 g to go, -0.0005 g this cycle), elapsed 581.0 s
[phase 3 tap] cycle 79: mass 0.0215 / 0.0500 g (0.0285 g to go, +0.0007 g this cycle), elapsed 584.0 s
[phase 3 tap] cycle 80: mass 0.0218 / 0.0500 g (0.0282 g to go, +0.0003 g this cycle), elapsed 587.0 s
[phase 3 tap] cycle 81: mass 0.0230 / 0.0500 g (0.0270 g to go, +0.0012 g this cycle), elapsed 590.0 s
[phase 3 tap] cycle 82: mass 0.0213 / 0.0500 g (0.0287 g to go, -0.0017 g this cycle), elapsed 594.0 s
[phase 3 tap] cycle 83: mass 0.0205 / 0.0500 g (0.0295 g to go, -0.0008 g this cycle), elapsed 597.0 s
[phase 3 tap] cycle 84: mass 0.0228 / 0.0500 g (0.0272 g to go, +0.0023 g this cycle), elapsed 600.0 s
[phase 3 tap] cycle 85: mass 0.0208 / 0.0500 g (0.0292 g to go, -0.0020 g this cycle), elapsed 604.0 s
[phase 3 tap] cycle 86: mass 0.0214 / 0.0500 g (0.0286 g to go, +0.0006 g this cycle), elapsed 607.0 s
[phase 3 tap] cycle 87: mass 0.0202 / 0.0500 g (0.0298 g to go, -0.0012 g this cycle), elapsed 610.0 s
[phase 3 tap] cycle 88: mass 0.0209 / 0.0500 g (0.0291 g to go, +0.0007 g this cycle), elapsed 613.0 s
[phase 3 tap] cycle 89: mass 0.0212 / 0.0500 g (0.0288 g to go, +0.0003 g this cycle), elapsed 617.0 s
[phase 3 tap] cycle 90: mass 0.0222 / 0.0500 g (0.0278 g to go, +0.0010 g this cycle), elapsed 620.0 s
[phase 3 tap] cycle 91: mass 0.0218 / 0.0500 g (0.0282 g to go, -0.0003 g this cycle), elapsed 623.0 s
[phase 3 tap] cycle 92: mass 0.0212 / 0.0500 g (0.0288 g to go, -0.0006 g this cycle), elapsed 627.0 s
[phase 3 tap] cycle 93: mass 0.0214 / 0.0500 g (0.0286 g to go, +0.0002 g this cycle), elapsed 630.0 s
[phase 3 tap] cycle 94: mass 0.0222 / 0.0500 g (0.0278 g to go, +0.0008 g this cycle), elapsed 633.0 s
[phase 3 tap] cycle 95: mass 0.0204 / 0.0500 g (0.0296 g to go, -0.0018 g this cycle), elapsed 636.0 s
[phase 3 tap] cycle 96: mass 0.0217 / 0.0500 g (0.0283 g to go, +0.0013 g this cycle), elapsed 640.0 s
[phase 3 tap] cycle 97: mass 0.0205 / 0.0500 g (0.0295 g to go, -0.0012 g this cycle), elapsed 643.0 s
[phase 3 tap] cycle 98: mass 0.0202 / 0.0500 g (0.0298 g to go, -0.0002 g this cycle), elapsed 646.0 s
[phase 3 tap] cycle 99: mass 0.0207 / 0.0500 g (0.0293 g to go, +0.0005 g this cycle), elapsed 650.0 s
[phase 3 tap] cycle 100: mass 0.0208 / 0.0500 g (0.0292 g to go, +0.0000 g this cycle), elapsed 653.0 s
[phase 3 tap] cycle 101: mass 0.0191 / 0.0500 g (0.0309 g to go, -0.0016 g this cycle), elapsed 656.0 s
[phase 3 tap] cycle 102: mass 0.0202 / 0.0500 g (0.0298 g to go, +0.0011 g this cycle), elapsed 659.0 s
[phase 3 tap] cycle 103: mass 0.0205 / 0.0500 g (0.0295 g to go, +0.0003 g this cycle), elapsed 663.0 s
[phase 3 tap] cycle 104: mass 0.0200 / 0.0500 g (0.0300 g to go, -0.0004 g this cycle), elapsed 666.0 s
[phase 3 tap] cycle 105: mass 0.0191 / 0.0500 g (0.0309 g to go, -0.0009 g this cycle), elapsed 669.0 s
[phase 3 tap] cycle 106: mass 0.0209 / 0.0500 g (0.0291 g to go, +0.0018 g this cycle), elapsed 673.0 s
[phase 3 tap] cycle 107: mass 0.0201 / 0.0500 g (0.0299 g to go, -0.0008 g this cycle), elapsed 676.0 s
[phase 3 tap] cycle 108: mass 0.0218 / 0.0500 g (0.0282 g to go, +0.0017 g this cycle), elapsed 679.0 s
[phase 3 tap] cycle 109: mass 0.0207 / 0.0500 g (0.0293 g to go, -0.0011 g this cycle), elapsed 683.0 s
[phase 3 tap] cycle 110: mass 0.0205 / 0.0500 g (0.0295 g to go, -0.0002 g this cycle), elapsed 686.0 s
[phase 3 tap] cycle 111: mass 0.0204 / 0.0500 g (0.0296 g to go, -0.0001 g this cycle), elapsed 689.0 s
[phase 3 tap] lip empty; nudging auger 5.0 deg (nudge 8/10)
[phase 3 tap] cycle 112: mass 0.0226 / 0.0500 g (0.0274 g to go, +0.0022 g this cycle), elapsed 695.0 s
[phase 3 tap] cycle 113: mass 0.0212 / 0.0500 g (0.0288 g to go, -0.0014 g this cycle), elapsed 698.0 s
[phase 3 tap] cycle 114: mass 0.0238 / 0.0500 g (0.0262 g to go, +0.0026 g this cycle), elapsed 702.0 s
[phase 3 tap] cycle 115: mass 0.0241 / 0.0500 g (0.0259 g to go, +0.0002 g this cycle), elapsed 705.0 s
[phase 3 tap] cycle 116: mass 0.0254 / 0.0500 g (0.0246 g to go, +0.0013 g this cycle), elapsed 708.0 s
[phase 3 tap] cycle 117: mass 0.0236 / 0.0500 g (0.0264 g to go, -0.0018 g this cycle), elapsed 711.0 s
[phase 3 tap] cycle 118: mass 0.0245 / 0.0500 g (0.0255 g to go, +0.0009 g this cycle), elapsed 715.0 s
[phase 3 tap] cycle 119: mass 0.0231 / 0.0500 g (0.0269 g to go, -0.0014 g this cycle), elapsed 718.0 s
[phase 3 tap] cycle 120: mass 0.0223 / 0.0500 g (0.0277 g to go, -0.0008 g this cycle), elapsed 721.0 s
[phase 3 tap] cycle 121: mass 0.0247 / 0.0500 g (0.0253 g to go, +0.0024 g this cycle), elapsed 724.0 s
[phase 3 tap] cycle 122: mass 0.0244 / 0.0500 g (0.0256 g to go, -0.0003 g this cycle), elapsed 728.0 s
[phase 3 tap] cycle 123: mass 0.0221 / 0.0500 g (0.0279 g to go, -0.0023 g this cycle), elapsed 731.0 s
[phase 3 tap] cycle 124: mass 0.0230 / 0.0500 g (0.0270 g to go, +0.0009 g this cycle), elapsed 734.0 s
[phase 3 tap] cycle 125: mass 0.0236 / 0.0500 g (0.0264 g to go, +0.0006 g this cycle), elapsed 738.0 s
[phase 3 tap] cycle 126: mass 0.0228 / 0.0500 g (0.0272 g to go, -0.0008 g this cycle), elapsed 741.0 s
[phase 3 tap] cycle 127: mass 0.0224 / 0.0500 g (0.0276 g to go, -0.0004 g this cycle), elapsed 744.0 s
[phase 3 tap] cycle 128: mass 0.0247 / 0.0500 g (0.0253 g to go, +0.0023 g this cycle), elapsed 748.0 s
[phase 3 tap] cycle 129: mass 0.0243 / 0.0500 g (0.0257 g to go, -0.0003 g this cycle), elapsed 751.0 s
[phase 3 tap] cycle 130: mass 0.0209 / 0.0500 g (0.0291 g to go, -0.0034 g this cycle), elapsed 754.0 s
[phase 3 tap] cycle 131: mass 0.0240 / 0.0500 g (0.0260 g to go, +0.0031 g this cycle), elapsed 757.0 s
[phase 3 tap] cycle 132: mass 0.0230 / 0.0500 g (0.0270 g to go, -0.0010 g this cycle), elapsed 761.0 s
[phase 3 tap] cycle 133: mass 0.0222 / 0.0500 g (0.0278 g to go, -0.0008 g this cycle), elapsed 764.0 s
[phase 3 tap] cycle 134: mass 0.0238 / 0.0500 g (0.0262 g to go, +0.0017 g this cycle), elapsed 767.0 s
[phase 3 tap] cycle 135: mass 0.0234 / 0.0500 g (0.0266 g to go, -0.0004 g this cycle), elapsed 771.0 s
[phase 3 tap] cycle 136: mass 0.0234 / 0.0500 g (0.0266 g to go, -0.0000 g this cycle), elapsed 774.0 s
[phase 3 tap] cycle 137: mass 0.0225 / 0.0500 g (0.0275 g to go, -0.0009 g this cycle), elapsed 777.0 s
[phase 3 tap] lip empty; nudging auger 5.0 deg (nudge 9/10)
[phase 3 tap] cycle 138: mass 0.0227 / 0.0500 g (0.0273 g to go, +0.0002 g this cycle), elapsed 783.0 s
[phase 3 tap] cycle 139: mass 0.0222 / 0.0500 g (0.0278 g to go, -0.0005 g this cycle), elapsed 786.0 s
[phase 3 tap] cycle 140: mass 0.0218 / 0.0500 g (0.0282 g to go, -0.0004 g this cycle), elapsed 790.0 s
[phase 3 tap] cycle 141: mass 0.0256 / 0.0500 g (0.0244 g to go, +0.0037 g this cycle), elapsed 793.0 s
[phase 3 tap] cycle 142: mass 0.0227 / 0.0500 g (0.0273 g to go, -0.0028 g this cycle), elapsed 796.0 s
[phase 3 tap] cycle 143: mass 0.0220 / 0.0500 g (0.0280 g to go, -0.0008 g this cycle), elapsed 800.0 s
[phase 3 tap] cycle 144: mass 0.0219 / 0.0500 g (0.0281 g to go, -0.0001 g this cycle), elapsed 803.0 s
[phase 3 tap] lip empty; nudging auger 5.0 deg (nudge 10/10)
[phase 3 tap] cycle 145: mass 0.0227 / 0.0500 g (0.0273 g to go, +0.0007 g this cycle), elapsed 808.0 s
[phase 3 tap] cycle 146: mass 0.0221 / 0.0500 g (0.0279 g to go, -0.0006 g this cycle), elapsed 812.0 s
[phase 3 tap] cycle 147: mass 0.0247 / 0.0500 g (0.0253 g to go, +0.0026 g this cycle), elapsed 815.0 s
[phase 3 tap] cycle 148: mass 0.0241 / 0.0500 g (0.0259 g to go, -0.0006 g this cycle), elapsed 818.0 s
[phase 3 tap] cycle 149: mass 0.0237 / 0.0500 g (0.0263 g to go, -0.0003 g this cycle), elapsed 822.0 s
[phase 3 tap] cycle 150: mass 0.0242 / 0.0500 g (0.0258 g to go, +0.0004 g this cycle), elapsed 825.0 s
[phase 3 tap] cycle 151: mass 0.0239 / 0.0500 g (0.0261 g to go, -0.0003 g this cycle), elapsed 828.0 s
[phase 3 tap] cycle 152: mass 0.0233 / 0.0500 g (0.0267 g to go, -0.0006 g this cycle), elapsed 832.0 s
[phase 3 tap] cycle 153: mass 0.0240 / 0.0500 g (0.0260 g to go, +0.0007 g this cycle), elapsed 835.0 s
[phase 3 tap] cycle 154: mass 0.0230 / 0.0500 g (0.0270 g to go, -0.0009 g this cycle), elapsed 838.0 s
[phase 3 tap] cycle 155: mass 0.0224 / 0.0500 g (0.0276 g to go, -0.0006 g this cycle), elapsed 842.0 s
[phase 3 tap] cycle 156: mass 0.0236 / 0.0500 g (0.0264 g to go, +0.0012 g this cycle), elapsed 845.0 s
[phase 3 tap] cycle 157: mass 0.0221 / 0.0500 g (0.0279 g to go, -0.0015 g this cycle), elapsed 849.0 s
[phase 3 tap] cycle 158: mass 0.0226 / 0.0500 g (0.0274 g to go, +0.0005 g this cycle), elapsed 852.0 s
[phase 3 tap] cycle 159: mass 0.0226 / 0.0500 g (0.0274 g to go, -0.0000 g this cycle), elapsed 855.0 s
[phase 3 tap] cycle 160: mass 0.0229 / 0.0500 g (0.0271 g to go, +0.0003 g this cycle), elapsed 858.0 s
[phase 3 tap] cycle 161: mass 0.0230 / 0.0500 g (0.0270 g to go, +0.0001 g this cycle), elapsed 862.0 s
[phase 3 tap] cycle 162: mass 0.0228 / 0.0500 g (0.0272 g to go, -0.0002 g this cycle), elapsed 865.0 s
[phase 3 tap] cycle 163: mass 0.0229 / 0.0500 g (0.0271 g to go, +0.0001 g this cycle), elapsed 868.0 s
[phase 3 tap] no powder flow -- hopper empty, jam, or nudge budget spent
=== phase 3/3 'tap' end (163 cycles): mass 0.0229 / 0.0500 g (0.0271 g to go, -0.0022 g this phase), elapsed 868.0 s
[dose] done: DoseResult(stalled: 0.0229/0.0500 g in 868.0s; cycles bulk:0, fine:57, tap:163; 7.26 auger rev, 326 taps)
DOSE,1,0.0500,0.0229,-0.0271,stalled,868.0,7.26,326,bulk:0;fine:57;tap:163,1540304,H
PROMPT,block H dose 1 done -- empty the cup for the next dose, then Enter ('skip'/'abort')
[dose] three-phase dose to 0.0500 g; taring scale
[dose] tared: baseline -0.2 mg (subtracted), drift -8.8 mg/min, read noise 0.03 mg
=== phase 1/3 'bulk' start: 0.0505 g to go, exit at 0.0500 g to go; angle 45.0 plate deg, CONTINUOUS @ 55 auger rpm (poll 250 ms, anticipation 0.1200 g), settle 800 ms
[phase 1 bulk] poll 1 (unstable): mass -0.0003 / 0.0500 g (0.0503 g to go, +0.0002 g this poll), elapsed 7.0 s
[phase 1 bulk] auger halted at 0.0503 g to go (halt threshold 0.1700 g); settling 800 ms
[phase 1 bulk] settled: mass -0.0004 / 0.0500 g (0.0504 g to go, -0.0001 g while settling), elapsed 9.0 s
=== phase 1/3 'bulk' end (1 cycles): mass -0.0004 / 0.0500 g (0.0504 g to go, +0.0001 g this phase), elapsed 9.0 s
=== phase 2/3 'fine' start: 0.0504 g to go, exit at 0.0250 g to go; angle 22.5 plate deg, 45 auger deg/cycle @ 30 rpm, 0 taps/cycle, settle 1500 ms
[phase 2 fine] cycle 1: mass 0.0000 / 0.0500 g (0.0500 g to go, +0.0004 g this cycle), elapsed 15.0 s
[phase 2 fine] cycle 2: mass 0.0009 / 0.0500 g (0.0491 g to go, +0.0009 g this cycle), elapsed 20.0 s
[phase 2 fine] cycle 3: mass 0.0011 / 0.0500 g (0.0489 g to go, +0.0002 g this cycle), elapsed 25.0 s
[phase 2 fine] cycle 4: mass 0.0019 / 0.0500 g (0.0481 g to go, +0.0008 g this cycle), elapsed 31.0 s
[phase 2 fine] cycle 5: mass -0.0001 / 0.0500 g (0.0501 g to go, -0.0020 g this cycle), elapsed 36.0 s
[phase 2 fine] cycle 6: mass 0.0015 / 0.0500 g (0.0485 g to go, +0.0016 g this cycle), elapsed 41.0 s
[phase 2 fine] cycle 7: mass 0.0027 / 0.0500 g (0.0473 g to go, +0.0012 g this cycle), elapsed 47.0 s
[phase 2 fine] cycle 8: mass -0.0017 / 0.0500 g (0.0517 g to go, -0.0044 g this cycle), elapsed 52.0 s
[phase 2 fine] cycle 9: mass 0.0041 / 0.0500 g (0.0459 g to go, +0.0058 g this cycle), elapsed 57.0 s
[phase 2 fine] cycle 10: mass 0.0065 / 0.0500 g (0.0435 g to go, +0.0025 g this cycle), elapsed 63.0 s
[phase 2 fine] cycle 11: mass 0.0049 / 0.0500 g (0.0451 g to go, -0.0016 g this cycle), elapsed 68.0 s
[phase 2 fine] cycle 12: mass 0.0015 / 0.0500 g (0.0485 g to go, -0.0034 g this cycle), elapsed 73.0 s
[phase 2 fine] cycle 13: mass 0.0027 / 0.0500 g (0.0473 g to go, +0.0012 g this cycle), elapsed 79.0 s
[phase 2 fine] cycle 14: mass 0.0041 / 0.0500 g (0.0459 g to go, +0.0014 g this cycle), elapsed 84.0 s
[phase 2 fine] cycle 15: mass 0.0025 / 0.0500 g (0.0475 g to go, -0.0016 g this cycle), elapsed 89.0 s
[phase 2 fine] cycle 16: mass 0.0031 / 0.0500 g (0.0469 g to go, +0.0006 g this cycle), elapsed 94.0 s
[phase 2 fine] cycle 17: mass 0.0036 / 0.0500 g (0.0464 g to go, +0.0005 g this cycle), elapsed 100.0 s
[phase 2 fine] cycle 18: mass 0.0043 / 0.0500 g (0.0457 g to go, +0.0007 g this cycle), elapsed 105.0 s
[phase 2 fine] cycle 19: mass -0.0005 / 0.0500 g (0.0505 g to go, -0.0048 g this cycle), elapsed 110.0 s
[phase 2 fine] cycle 20: mass 0.0020 / 0.0500 g (0.0480 g to go, +0.0026 g this cycle), elapsed 116.0 s
[phase 2 fine] cycle 21: mass 0.0028 / 0.0500 g (0.0472 g to go, +0.0008 g this cycle), elapsed 121.0 s
[phase 2 fine] cycle 22: mass 0.0035 / 0.0500 g (0.0465 g to go, +0.0008 g this cycle), elapsed 127.0 s
[phase 2 fine] cycle 23: mass -0.0052 / 0.0500 g (0.0552 g to go, -0.0087 g this cycle), elapsed 132.0 s
[phase 2 fine] cycle 24: mass -0.0047 / 0.0500 g (0.0547 g to go, +0.0005 g this cycle), elapsed 137.0 s
[phase 2 fine] cycle 25: mass -0.0038 / 0.0500 g (0.0538 g to go, +0.0009 g this cycle), elapsed 142.0 s
[phase 2 fine] cycle 26: mass -0.0005 / 0.0500 g (0.0505 g to go, +0.0034 g this cycle), elapsed 148.0 s
[phase 2 fine] cycle 27: mass -0.0027 / 0.0500 g (0.0527 g to go, -0.0022 g this cycle), elapsed 153.0 s
[phase 2 fine] cycle 28: mass 0.0074 / 0.0500 g (0.0426 g to go, +0.0101 g this cycle), elapsed 159.0 s
[phase 2 fine] cycle 29: mass 0.0098 / 0.0500 g (0.0402 g to go, +0.0024 g this cycle), elapsed 164.0 s
[phase 2 fine] cycle 30: mass 0.0091 / 0.0500 g (0.0409 g to go, -0.0007 g this cycle), elapsed 169.0 s
[phase 2 fine] cycle 31: mass 0.0073 / 0.0500 g (0.0427 g to go, -0.0018 g this cycle), elapsed 175.0 s
[phase 2 fine] cycle 32: mass 0.0087 / 0.0500 g (0.0413 g to go, +0.0013 g this cycle), elapsed 180.0 s
[phase 2 fine] cycle 33: mass 0.0197 / 0.0500 g (0.0303 g to go, +0.0110 g this cycle), elapsed 185.0 s
[phase 2 fine] cycle 34: mass 0.0184 / 0.0500 g (0.0316 g to go, -0.0013 g this cycle), elapsed 191.0 s
[phase 2 fine] cycle 35: mass 0.0239 / 0.0500 g (0.0261 g to go, +0.0055 g this cycle), elapsed 196.0 s
[phase 2 fine] cycle 36: mass 0.0242 / 0.0500 g (0.0258 g to go, +0.0003 g this cycle), elapsed 201.0 s
[phase 2 fine] cycle 37: mass 0.0264 / 0.0500 g (0.0236 g to go, +0.0022 g this cycle), elapsed 207.0 s
=== phase 2/3 'fine' end (37 cycles): mass 0.0264 / 0.0500 g (0.0236 g to go, +0.0269 g this phase), elapsed 207.0 s
=== phase 3/3 'tap' start: 0.0236 g to go, exit at 0.0050 g to go; angle 0.0 plate deg, 0 auger deg/cycle @ 0 rpm, 2 taps/cycle, settle 1500 ms
[phase 3 tap] cycle 1: mass 0.0277 / 0.0500 g (0.0223 g to go, +0.0013 g this cycle), elapsed 211.0 s
[phase 3 tap] cycle 2: mass 0.0277 / 0.0500 g (0.0223 g to go, -0.0000 g this cycle), elapsed 214.0 s
[phase 3 tap] cycle 3: mass 0.0290 / 0.0500 g (0.0210 g to go, +0.0013 g this cycle), elapsed 217.0 s
[phase 3 tap] cycle 4: mass 0.0277 / 0.0500 g (0.0223 g to go, -0.0013 g this cycle), elapsed 221.0 s
[phase 3 tap] cycle 5: mass 0.0266 / 0.0500 g (0.0234 g to go, -0.0011 g this cycle), elapsed 224.0 s
[phase 3 tap] cycle 6: mass 0.0296 / 0.0500 g (0.0204 g to go, +0.0030 g this cycle), elapsed 227.0 s
[phase 3 tap] cycle 7: mass 0.0284 / 0.0500 g (0.0216 g to go, -0.0012 g this cycle), elapsed 231.0 s
[phase 3 tap] cycle 8: mass 0.0289 / 0.0500 g (0.0211 g to go, +0.0006 g this cycle), elapsed 234.0 s
[phase 3 tap] cycle 9: mass 0.0289 / 0.0500 g (0.0211 g to go, -0.0001 g this cycle), elapsed 238.0 s
[phase 3 tap] cycle 10: mass 0.0283 / 0.0500 g (0.0217 g to go, -0.0005 g this cycle), elapsed 241.0 s
[phase 3 tap] cycle 11: mass 0.0277 / 0.0500 g (0.0223 g to go, -0.0006 g this cycle), elapsed 244.0 s
[phase 3 tap] lip empty; nudging auger 5.0 deg (nudge 1/10)
[phase 3 tap] cycle 12: mass 0.0307 / 0.0500 g (0.0193 g to go, +0.0030 g this cycle), elapsed 250.0 s
[phase 3 tap] cycle 13: mass 0.0312 / 0.0500 g (0.0188 g to go, +0.0005 g this cycle), elapsed 253.0 s
[phase 3 tap] cycle 14: mass 0.0303 / 0.0500 g (0.0197 g to go, -0.0009 g this cycle), elapsed 256.0 s
[phase 3 tap] cycle 15: mass 0.0303 / 0.0500 g (0.0197 g to go, +0.0000 g this cycle), elapsed 260.0 s
[phase 3 tap] cycle 16: mass 0.0301 / 0.0500 g (0.0199 g to go, -0.0002 g this cycle), elapsed 263.0 s
[phase 3 tap] lip empty; nudging auger 5.0 deg (nudge 2/10)
[phase 3 tap] cycle 17: mass 0.0294 / 0.0500 g (0.0206 g to go, -0.0007 g this cycle), elapsed 269.0 s
[phase 3 tap] cycle 18: mass 0.0315 / 0.0500 g (0.0185 g to go, +0.0021 g this cycle), elapsed 272.0 s
[phase 3 tap] cycle 19: mass 0.0302 / 0.0500 g (0.0198 g to go, -0.0013 g this cycle), elapsed 275.0 s
[phase 3 tap] cycle 20: mass 0.0301 / 0.0500 g (0.0199 g to go, -0.0002 g this cycle), elapsed 278.0 s
[phase 3 tap] cycle 21: mass 0.0294 / 0.0500 g (0.0206 g to go, -0.0007 g this cycle), elapsed 282.0 s
[phase 3 tap] lip empty; nudging auger 5.0 deg (nudge 3/10)
[phase 3 tap] cycle 22: mass 0.0301 / 0.0500 g (0.0199 g to go, +0.0008 g this cycle), elapsed 287.0 s
[phase 3 tap] cycle 23: mass 0.0274 / 0.0500 g (0.0226 g to go, -0.0027 g this cycle), elapsed 290.0 s
[phase 3 tap] cycle 24: mass 0.0298 / 0.0500 g (0.0202 g to go, +0.0023 g this cycle), elapsed 294.0 s
[phase 3 tap] cycle 25: mass 0.0270 / 0.0500 g (0.0230 g to go, -0.0028 g this cycle), elapsed 297.0 s
[phase 3 tap] cycle 26: mass 0.0292 / 0.0500 g (0.0208 g to go, +0.0022 g this cycle), elapsed 300.0 s
[phase 3 tap] cycle 27: mass 0.0290 / 0.0500 g (0.0210 g to go, -0.0002 g this cycle), elapsed 304.0 s
[phase 3 tap] cycle 28: mass 0.0295 / 0.0500 g (0.0205 g to go, +0.0004 g this cycle), elapsed 307.0 s
[phase 3 tap] cycle 29: mass 0.0294 / 0.0500 g (0.0206 g to go, -0.0000 g this cycle), elapsed 310.0 s
[phase 3 tap] cycle 30: mass 0.0286 / 0.0500 g (0.0214 g to go, -0.0009 g this cycle), elapsed 314.0 s
[phase 3 tap] cycle 31: mass 0.0296 / 0.0500 g (0.0204 g to go, +0.0010 g this cycle), elapsed 317.0 s
[phase 3 tap] cycle 32: mass 0.0292 / 0.0500 g (0.0208 g to go, -0.0004 g this cycle), elapsed 320.0 s
[phase 3 tap] cycle 33: mass 0.0306 / 0.0500 g (0.0194 g to go, +0.0014 g this cycle), elapsed 323.0 s
[phase 3 tap] cycle 34: mass 0.0288 / 0.0500 g (0.0212 g to go, -0.0018 g this cycle), elapsed 327.0 s
[phase 3 tap] cycle 35: mass 0.0300 / 0.0500 g (0.0200 g to go, +0.0012 g this cycle), elapsed 330.0 s
[phase 3 tap] cycle 36: mass 0.0300 / 0.0500 g (0.0200 g to go, +0.0000 g this cycle), elapsed 333.0 s
[phase 3 tap] cycle 37: mass 0.0298 / 0.0500 g (0.0202 g to go, -0.0002 g this cycle), elapsed 337.0 s
[phase 3 tap] cycle 38: mass 0.0324 / 0.0500 g (0.0176 g to go, +0.0026 g this cycle), elapsed 340.0 s
[phase 3 tap] cycle 39: mass 0.0307 / 0.0500 g (0.0193 g to go, -0.0016 g this cycle), elapsed 343.0 s
[phase 3 tap] cycle 40: mass 0.0300 / 0.0500 g (0.0200 g to go, -0.0007 g this cycle), elapsed 347.0 s
[phase 3 tap] cycle 41: mass 0.0322 / 0.0500 g (0.0178 g to go, +0.0022 g this cycle), elapsed 350.0 s
[phase 3 tap] cycle 42: mass 0.0325 / 0.0500 g (0.0175 g to go, +0.0003 g this cycle), elapsed 353.0 s
[phase 3 tap] cycle 43: mass 0.0318 / 0.0500 g (0.0182 g to go, -0.0007 g this cycle), elapsed 356.0 s
[phase 3 tap] cycle 44: mass 0.0324 / 0.0500 g (0.0176 g to go, +0.0006 g this cycle), elapsed 360.0 s
[phase 3 tap] cycle 45: mass 0.0310 / 0.0500 g (0.0190 g to go, -0.0014 g this cycle), elapsed 363.0 s
[phase 3 tap] cycle 46: mass 0.0310 / 0.0500 g (0.0190 g to go, -0.0000 g this cycle), elapsed 366.0 s
[phase 3 tap] cycle 47: mass 0.0321 / 0.0500 g (0.0179 g to go, +0.0011 g this cycle), elapsed 369.0 s
[phase 3 tap] cycle 48: mass 0.0323 / 0.0500 g (0.0177 g to go, +0.0002 g this cycle), elapsed 373.0 s
[phase 3 tap] cycle 49: mass 0.0317 / 0.0500 g (0.0183 g to go, -0.0006 g this cycle), elapsed 376.0 s
[phase 3 tap] cycle 50: mass 0.0319 / 0.0500 g (0.0181 g to go, +0.0002 g this cycle), elapsed 379.0 s
[phase 3 tap] cycle 51: mass 0.0331 / 0.0500 g (0.0169 g to go, +0.0011 g this cycle), elapsed 383.0 s
[phase 3 tap] cycle 52: mass 0.0333 / 0.0500 g (0.0167 g to go, +0.0002 g this cycle), elapsed 386.0 s
[phase 3 tap] cycle 53: mass 0.0327 / 0.0500 g (0.0173 g to go, -0.0006 g this cycle), elapsed 389.0 s
[phase 3 tap] cycle 54: mass 0.0321 / 0.0500 g (0.0179 g to go, -0.0006 g this cycle), elapsed 392.0 s
[phase 3 tap] lip empty; nudging auger 5.0 deg (nudge 4/10)
[phase 3 tap] cycle 55: mass 0.0340 / 0.0500 g (0.0160 g to go, +0.0019 g this cycle), elapsed 398.0 s
[phase 3 tap] cycle 56: mass 0.0340 / 0.0500 g (0.0160 g to go, +0.0000 g this cycle), elapsed 401.0 s
[phase 3 tap] cycle 57: mass 0.0339 / 0.0500 g (0.0161 g to go, -0.0001 g this cycle), elapsed 404.0 s
[phase 3 tap] cycle 58: mass 0.0340 / 0.0500 g (0.0160 g to go, +0.0001 g this cycle), elapsed 408.0 s
[phase 3 tap] lip empty; nudging auger 5.0 deg (nudge 5/10)
[phase 3 tap] cycle 59: mass 0.0332 / 0.0500 g (0.0168 g to go, -0.0008 g this cycle), elapsed 414.0 s
[phase 3 tap] cycle 60: mass 0.0313 / 0.0500 g (0.0187 g to go, -0.0020 g this cycle), elapsed 417.0 s
[phase 3 tap] cycle 61: mass 0.0328 / 0.0500 g (0.0172 g to go, +0.0015 g this cycle), elapsed 420.0 s
[phase 3 tap] cycle 62: mass 0.0322 / 0.0500 g (0.0178 g to go, -0.0006 g this cycle), elapsed 423.0 s
[phase 3 tap] cycle 63: mass 0.0347 / 0.0500 g (0.0153 g to go, +0.0025 g this cycle), elapsed 427.0 s
[phase 3 tap] cycle 64: mass 0.0332 / 0.0500 g (0.0168 g to go, -0.0015 g this cycle), elapsed 430.0 s
[phase 3 tap] cycle 65: mass 0.0327 / 0.0500 g (0.0173 g to go, -0.0004 g this cycle), elapsed 433.0 s
[phase 3 tap] cycle 66: mass 0.0329 / 0.0500 g (0.0171 g to go, +0.0002 g this cycle), elapsed 437.0 s
[phase 3 tap] lip empty; nudging auger 5.0 deg (nudge 6/10)
[phase 3 tap] cycle 67: mass 0.0342 / 0.0500 g (0.0158 g to go, +0.0013 g this cycle), elapsed 442.0 s
[phase 3 tap] cycle 68: mass 0.0324 / 0.0500 g (0.0176 g to go, -0.0018 g this cycle), elapsed 446.0 s
[phase 3 tap] cycle 69: mass 0.0337 / 0.0500 g (0.0163 g to go, +0.0013 g this cycle), elapsed 449.0 s
[phase 3 tap] cycle 70: mass 0.0346 / 0.0500 g (0.0154 g to go, +0.0009 g this cycle), elapsed 452.0 s
[phase 3 tap] cycle 71: mass 0.0358 / 0.0500 g (0.0142 g to go, +0.0012 g this cycle), elapsed 455.0 s
[phase 3 tap] cycle 72: mass 0.0369 / 0.0500 g (0.0131 g to go, +0.0011 g this cycle), elapsed 459.0 s
[phase 3 tap] cycle 73: mass 0.0345 / 0.0500 g (0.0155 g to go, -0.0024 g this cycle), elapsed 462.0 s
[phase 3 tap] cycle 74: mass 0.0349 / 0.0500 g (0.0151 g to go, +0.0004 g this cycle), elapsed 465.0 s
[phase 3 tap] cycle 75: mass 0.0342 / 0.0500 g (0.0158 g to go, -0.0007 g this cycle), elapsed 469.0 s
[phase 3 tap] cycle 76: mass 0.0353 / 0.0500 g (0.0147 g to go, +0.0010 g this cycle), elapsed 472.0 s
[phase 3 tap] cycle 77: mass 0.0376 / 0.0500 g (0.0124 g to go, +0.0023 g this cycle), elapsed 475.0 s
[phase 3 tap] cycle 78: mass 0.0365 / 0.0500 g (0.0135 g to go, -0.0011 g this cycle), elapsed 478.0 s
[phase 3 tap] cycle 79: mass 0.0346 / 0.0500 g (0.0154 g to go, -0.0019 g this cycle), elapsed 482.0 s
[phase 3 tap] cycle 80: mass 0.0360 / 0.0500 g (0.0140 g to go, +0.0014 g this cycle), elapsed 485.0 s
[phase 3 tap] cycle 81: mass 0.0357 / 0.0500 g (0.0143 g to go, -0.0003 g this cycle), elapsed 488.0 s
[phase 3 tap] cycle 82: mass 0.0378 / 0.0500 g (0.0122 g to go, +0.0021 g this cycle), elapsed 492.0 s
[phase 3 tap] cycle 83: mass 0.0373 / 0.0500 g (0.0127 g to go, -0.0005 g this cycle), elapsed 495.0 s
[phase 3 tap] cycle 84: mass 0.0366 / 0.0500 g (0.0134 g to go, -0.0007 g this cycle), elapsed 498.0 s
[phase 3 tap] cycle 85: mass 0.0372 / 0.0500 g (0.0128 g to go, +0.0006 g this cycle), elapsed 501.0 s
[phase 3 tap] cycle 86: mass 0.0384 / 0.0500 g (0.0116 g to go, +0.0011 g this cycle), elapsed 504.0 s
[phase 3 tap] cycle 87: mass 0.0377 / 0.0500 g (0.0123 g to go, -0.0007 g this cycle), elapsed 508.0 s
[phase 3 tap] cycle 88: mass 0.0389 / 0.0500 g (0.0111 g to go, +0.0012 g this cycle), elapsed 511.0 s
[phase 3 tap] cycle 89: mass 0.0366 / 0.0500 g (0.0134 g to go, -0.0023 g this cycle), elapsed 515.0 s
[phase 3 tap] cycle 90: mass 0.0376 / 0.0500 g (0.0124 g to go, +0.0010 g this cycle), elapsed 518.0 s
[phase 3 tap] cycle 91: mass 0.0378 / 0.0500 g (0.0122 g to go, +0.0002 g this cycle), elapsed 521.0 s
[phase 3 tap] cycle 92: mass 0.0393 / 0.0500 g (0.0107 g to go, +0.0015 g this cycle), elapsed 524.0 s
[phase 3 tap] cycle 93: mass 0.0392 / 0.0500 g (0.0108 g to go, -0.0001 g this cycle), elapsed 528.0 s
[phase 3 tap] cycle 94: mass 0.0387 / 0.0500 g (0.0113 g to go, -0.0005 g this cycle), elapsed 531.0 s
[phase 3 tap] cycle 95: mass 0.0398 / 0.0500 g (0.0102 g to go, +0.0012 g this cycle), elapsed 534.0 s
[phase 3 tap] cycle 96: mass 0.0377 / 0.0500 g (0.0123 g to go, -0.0021 g this cycle), elapsed 538.0 s
[phase 3 tap] cycle 97: mass 0.0387 / 0.0500 g (0.0113 g to go, +0.0010 g this cycle), elapsed 541.0 s
[phase 3 tap] cycle 98: mass 0.0396 / 0.0500 g (0.0104 g to go, +0.0009 g this cycle), elapsed 544.0 s
[phase 3 tap] cycle 99: mass 0.0401 / 0.0500 g (0.0099 g to go, +0.0004 g this cycle), elapsed 548.0 s
[phase 3 tap] cycle 100: mass 0.0392 / 0.0500 g (0.0108 g to go, -0.0009 g this cycle), elapsed 551.0 s
[phase 3 tap] cycle 101: mass 0.0401 / 0.0500 g (0.0099 g to go, +0.0010 g this cycle), elapsed 554.0 s
[phase 3 tap] cycle 102: mass 0.0402 / 0.0500 g (0.0098 g to go, +0.0001 g this cycle), elapsed 558.0 s
[phase 3 tap] cycle 103: mass 0.0417 / 0.0500 g (0.0083 g to go, +0.0015 g this cycle), elapsed 561.0 s
[phase 3 tap] cycle 104: mass 0.0415 / 0.0500 g (0.0085 g to go, -0.0002 g this cycle), elapsed 564.0 s
[phase 3 tap] cycle 105: mass 0.0404 / 0.0500 g (0.0096 g to go, -0.0011 g this cycle), elapsed 567.0 s
[phase 3 tap] cycle 106: mass 0.0426 / 0.0500 g (0.0074 g to go, +0.0022 g this cycle), elapsed 571.0 s
[phase 3 tap] cycle 107: mass 0.0430 / 0.0500 g (0.0070 g to go, +0.0003 g this cycle), elapsed 574.0 s
[phase 3 tap] cycle 108: mass 0.0403 / 0.0500 g (0.0097 g to go, -0.0027 g this cycle), elapsed 577.0 s
[phase 3 tap] cycle 109: mass 0.0423 / 0.0500 g (0.0077 g to go, +0.0020 g this cycle), elapsed 580.0 s
[phase 3 tap] cycle 110: mass 0.0427 / 0.0500 g (0.0073 g to go, +0.0004 g this cycle), elapsed 584.0 s
[phase 3 tap] cycle 111: mass 0.0414 / 0.0500 g (0.0086 g to go, -0.0013 g this cycle), elapsed 587.0 s
[phase 3 tap] cycle 112: mass 0.0416 / 0.0500 g (0.0084 g to go, +0.0002 g this cycle), elapsed 590.0 s
[phase 3 tap] cycle 113: mass 0.0448 / 0.0500 g (0.0052 g to go, +0.0032 g this cycle), elapsed 594.0 s
[phase 3 tap] cycle 114: mass 0.0436 / 0.0500 g (0.0064 g to go, -0.0012 g this cycle), elapsed 597.0 s
[phase 3 tap] cycle 115: mass 0.0431 / 0.0500 g (0.0069 g to go, -0.0005 g this cycle), elapsed 600.0 s
[phase 3 tap] cycle 116: mass 0.0436 / 0.0500 g (0.0064 g to go, +0.0005 g this cycle), elapsed 603.0 s
[phase 3 tap] cycle 117: mass 0.0445 / 0.0500 g (0.0055 g to go, +0.0009 g this cycle), elapsed 607.0 s
[phase 3 tap] cycle 118: mass 0.0444 / 0.0500 g (0.0056 g to go, -0.0001 g this cycle), elapsed 610.0 s
[phase 3 tap] cycle 119: mass 0.0440 / 0.0500 g (0.0060 g to go, -0.0004 g this cycle), elapsed 613.0 s
[phase 3 tap] cycle 120: mass 0.0423 / 0.0500 g (0.0077 g to go, -0.0016 g this cycle), elapsed 617.0 s
[phase 3 tap] lip empty; nudging auger 5.0 deg (nudge 7/10)
[phase 3 tap] cycle 121: mass 0.0474 / 0.0500 g (0.0026 g to go, +0.0051 g this cycle), elapsed 622.0 s
=== phase 3/3 'tap' end (121 cycles): mass 0.0474 / 0.0500 g (0.0026 g to go, +0.0209 g this phase), elapsed 622.0 s
[dose] done: DoseResult(ok: 0.0474/0.0500 g in 622.0s; cycles bulk:1, fine:37, tap:121; 5.64 auger rev, 242 taps)
DOSE,2,0.0500,0.0474,-0.0026,ok,622.0,5.64,242,bulk:1;fine:37;tap:121,2162104,H
PROMPT,block H dose 2 done -- empty the cup for the next dose, then Enter ('skip'/'abort')
META,dose_h.thresholds.0.2000,0.2000;0.0500;0.0050
[battery] dose target 0.2000 g, thresholds 0.2000/0.0500/0.0050
[dose] three-phase dose to 0.2000 g; taring scale
[dose] tared: baseline -0.4 mg (subtracted), drift -7.5 mg/min, read noise 0.03 mg
=== phase 1/3 'bulk' start: 0.2002 g to go, exit at 0.2000 g to go; angle 45.0 plate deg, CONTINUOUS @ 55 auger rpm (poll 250 ms, anticipation 0.1200 g), settle 800 ms
[phase 1 bulk] poll 1: mass -0.0016 / 0.2000 g (0.2016 g to go, -0.0014 g this poll), elapsed 7.0 s
[phase 1 bulk] auger halted at 0.2016 g to go (halt threshold 0.3200 g); settling 800 ms
[phase 1 bulk] settled: mass -0.0017 / 0.2000 g (0.2017 g to go, -0.0002 g while settling), elapsed 10.0 s
=== phase 1/3 'bulk' end (1 cycles): mass -0.0017 / 0.2000 g (0.2017 g to go, -0.0016 g this phase), elapsed 10.0 s
=== phase 2/3 'fine' start: 0.2017 g to go, exit at 0.0500 g to go; angle 22.5 plate deg, 45 auger deg/cycle @ 30 rpm, 0 taps/cycle, settle 1500 ms
[phase 2 fine] cycle 1: mass -0.0032 / 0.2000 g (0.2032 g to go, -0.0015 g this cycle), elapsed 16.0 s
[phase 2 fine] cycle 2: mass -0.0026 / 0.2000 g (0.2026 g to go, +0.0006 g this cycle), elapsed 21.0 s
[phase 2 fine] cycle 3: mass -0.0028 / 0.2000 g (0.2028 g to go, -0.0002 g this cycle), elapsed 26.0 s
[phase 2 fine] cycle 4: mass -0.0041 / 0.2000 g (0.2041 g to go, -0.0013 g this cycle), elapsed 31.0 s
[phase 2 fine] cycle 5: mass -0.0004 / 0.2000 g (0.2005 g to go, +0.0036 g this cycle), elapsed 37.0 s
[phase 2 fine] cycle 6: mass -0.0029 / 0.2000 g (0.2028 g to go, -0.0024 g this cycle), elapsed 42.0 s
[phase 2 fine] cycle 7: mass -0.0037 / 0.2000 g (0.2036 g to go, -0.0008 g this cycle), elapsed 47.0 s
[phase 2 fine] cycle 8: mass -0.0026 / 0.2000 g (0.2026 g to go, +0.0011 g this cycle), elapsed 53.0 s
[phase 2 fine] cycle 9: mass 0.0034 / 0.2000 g (0.1965 g to go, +0.0060 g this cycle), elapsed 58.0 s
[phase 2 fine] cycle 10: mass 0.0039 / 0.2000 g (0.1961 g to go, +0.0004 g this cycle), elapsed 63.0 s
[phase 2 fine] cycle 11: mass 0.0050 / 0.2000 g (0.1950 g to go, +0.0011 g this cycle), elapsed 69.0 s
[phase 2 fine] cycle 12: mass 0.0038 / 0.2000 g (0.1962 g to go, -0.0011 g this cycle), elapsed 74.0 s
[phase 2 fine] cycle 13: mass 0.0041 / 0.2000 g (0.1959 g to go, +0.0003 g this cycle), elapsed 79.0 s
[phase 2 fine] cycle 14: mass 0.0078 / 0.2000 g (0.1922 g to go, +0.0037 g this cycle), elapsed 85.0 s
[phase 2 fine] cycle 15: mass 0.0059 / 0.2000 g (0.1941 g to go, -0.0019 g this cycle), elapsed 90.0 s
[phase 2 fine] cycle 16: mass 0.0070 / 0.2000 g (0.1930 g to go, +0.0011 g this cycle), elapsed 95.0 s
[phase 2 fine] cycle 17: mass 0.0066 / 0.2000 g (0.1934 g to go, -0.0004 g this cycle), elapsed 101.0 s
[phase 2 fine] cycle 18: mass 0.0064 / 0.2000 g (0.1936 g to go, -0.0002 g this cycle), elapsed 106.0 s
[phase 2 fine] cycle 19: mass -0.0009 / 0.2000 g (0.2009 g to go, -0.0073 g this cycle), elapsed 111.0 s
[phase 2 fine] cycle 20: mass 0.0107 / 0.2000 g (0.1893 g to go, +0.0115 g this cycle), elapsed 117.0 s
[phase 2 fine] cycle 21: mass 0.0135 / 0.2000 g (0.1865 g to go, +0.0028 g this cycle), elapsed 122.0 s
[phase 2 fine] cycle 22: mass 0.0136 / 0.2000 g (0.1865 g to go, +0.0000 g this cycle), elapsed 127.0 s
[phase 2 fine] cycle 23: mass 0.0141 / 0.2000 g (0.1859 g to go, +0.0006 g this cycle), elapsed 133.0 s
[phase 2 fine] cycle 24: mass 0.0126 / 0.2000 g (0.1874 g to go, -0.0016 g this cycle), elapsed 138.0 s
[phase 2 fine] cycle 25: mass 0.0145 / 0.2000 g (0.1856 g to go, +0.0019 g this cycle), elapsed 143.0 s
[phase 2 fine] cycle 26: mass 0.0160 / 0.2000 g (0.1840 g to go, +0.0016 g this cycle), elapsed 149.0 s
[phase 2 fine] cycle 27: mass 0.0159 / 0.2000 g (0.1841 g to go, -0.0002 g this cycle), elapsed 154.0 s
[phase 2 fine] cycle 28: mass 0.0181 / 0.2000 g (0.1819 g to go, +0.0022 g this cycle), elapsed 159.0 s
[phase 2 fine] cycle 29: mass 0.0190 / 0.2000 g (0.1810 g to go, +0.0009 g this cycle), elapsed 165.0 s
[phase 2 fine] cycle 30: mass 0.0199 / 0.2000 g (0.1801 g to go, +0.0009 g this cycle), elapsed 170.0 s
[phase 2 fine] cycle 31: mass 0.0182 / 0.2000 g (0.1818 g to go, -0.0017 g this cycle), elapsed 175.0 s
[phase 2 fine] cycle 32: mass 0.0239 / 0.2000 g (0.1761 g to go, +0.0056 g this cycle), elapsed 180.0 s
[phase 2 fine] cycle 33: mass 0.0264 / 0.2000 g (0.1736 g to go, +0.0025 g this cycle), elapsed 186.0 s
[phase 2 fine] cycle 34: mass 0.0262 / 0.2000 g (0.1738 g to go, -0.0002 g this cycle), elapsed 191.0 s
[phase 2 fine] cycle 35: mass 0.0309 / 0.2000 g (0.1691 g to go, +0.0047 g this cycle), elapsed 196.0 s
[phase 2 fine] cycle 36: mass 0.0299 / 0.2000 g (0.1701 g to go, -0.0009 g this cycle), elapsed 201.0 s
[phase 2 fine] cycle 37: mass 0.0310 / 0.2000 g (0.1690 g to go, +0.0010 g this cycle), elapsed 207.0 s
[phase 2 fine] cycle 38: mass 0.0326 / 0.2000 g (0.1674 g to go, +0.0016 g this cycle), elapsed 212.0 s
[phase 2 fine] cycle 39: mass 0.0323 / 0.2000 g (0.1677 g to go, -0.0004 g this cycle), elapsed 217.0 s
[phase 2 fine] cycle 40: mass 0.0317 / 0.2000 g (0.1683 g to go, -0.0005 g this cycle), elapsed 223.0 s
[phase 2 fine] cycle 41: mass 0.0335 / 0.2000 g (0.1665 g to go, +0.0018 g this cycle), elapsed 228.0 s
[phase 2 fine] cycle 42: mass 0.0354 / 0.2000 g (0.1646 g to go, +0.0019 g this cycle), elapsed 233.0 s
[phase 2 fine] cycle 43: mass 0.0374 / 0.2000 g (0.1626 g to go, +0.0020 g this cycle), elapsed 239.0 s
[phase 2 fine] cycle 44: mass 0.0385 / 0.2000 g (0.1615 g to go, +0.0011 g this cycle), elapsed 244.0 s
[phase 2 fine] cycle 45: mass 0.0407 / 0.2000 g (0.1593 g to go, +0.0022 g this cycle), elapsed 249.0 s
[phase 2 fine] cycle 46: mass 0.0404 / 0.2000 g (0.1596 g to go, -0.0003 g this cycle), elapsed 255.0 s
[phase 2 fine] cycle 47: mass 0.0403 / 0.2000 g (0.1598 g to go, -0.0002 g this cycle), elapsed 260.0 s
[phase 2 fine] cycle 48: mass 0.0436 / 0.2000 g (0.1564 g to go, +0.0034 g this cycle), elapsed 265.0 s
[phase 2 fine] cycle 49: mass 0.0409 / 0.2000 g (0.1591 g to go, -0.0028 g this cycle), elapsed 271.0 s
[phase 2 fine] cycle 50: mass 0.0467 / 0.2000 g (0.1533 g to go, +0.0058 g this cycle), elapsed 276.0 s
[phase 2 fine] cycle 51: mass 0.0507 / 0.2000 g (0.1493 g to go, +0.0040 g this cycle), elapsed 281.0 s
[phase 2 fine] cycle 52: mass 0.0496 / 0.2000 g (0.1504 g to go, -0.0011 g this cycle), elapsed 287.0 s
[phase 2 fine] cycle 53: mass 0.0542 / 0.2000 g (0.1458 g to go, +0.0046 g this cycle), elapsed 292.0 s
[phase 2 fine] cycle 54: mass 0.0552 / 0.2000 g (0.1448 g to go, +0.0009 g this cycle), elapsed 297.0 s
[phase 2 fine] cycle 55: mass 0.0563 / 0.2000 g (0.1437 g to go, +0.0011 g this cycle), elapsed 303.0 s
[phase 2 fine] cycle 56: mass 0.0563 / 0.2000 g (0.1437 g to go, +0.0000 g this cycle), elapsed 308.0 s
[phase 2 fine] cycle 57: mass 0.0580 / 0.2000 g (0.1420 g to go, +0.0017 g this cycle), elapsed 313.0 s
[phase 2 fine] cycle 58: mass 0.0531 / 0.2000 g (0.1469 g to go, -0.0049 g this cycle), elapsed 318.0 s
[phase 2 fine] cycle 59: mass 0.0545 / 0.2000 g (0.1455 g to go, +0.0014 g this cycle), elapsed 324.0 s
[phase 2 fine] cycle 60: mass 0.0579 / 0.2000 g (0.1420 g to go, +0.0035 g this cycle), elapsed 329.0 s
[phase 2 fine] cycle 61: mass 0.0626 / 0.2000 g (0.1375 g to go, +0.0046 g this cycle), elapsed 335.0 s
[phase 2 fine] cycle 62: mass 0.0603 / 0.2000 g (0.1397 g to go, -0.0022 g this cycle), elapsed 340.0 s
[phase 2 fine] cycle 63: mass 0.0604 / 0.2000 g (0.1396 g to go, +0.0000 g this cycle), elapsed 345.0 s
[phase 2 fine] cycle 64: mass 0.0633 / 0.2000 g (0.1367 g to go, +0.0029 g this cycle), elapsed 350.0 s
[phase 2 fine] cycle 65: mass 0.0612 / 0.2000 g (0.1388 g to go, -0.0021 g this cycle), elapsed 356.0 s
[phase 2 fine] cycle 66: mass 0.0639 / 0.2000 g (0.1362 g to go, +0.0026 g this cycle), elapsed 361.0 s
[phase 2 fine] cycle 67: mass 0.0673 / 0.2000 g (0.1327 g to go, +0.0034 g this cycle), elapsed 366.0 s
[phase 2 fine] cycle 68: mass 0.0654 / 0.2000 g (0.1346 g to go, -0.0019 g this cycle), elapsed 372.0 s
[phase 2 fine] cycle 69: mass 0.0688 / 0.2000 g (0.1312 g to go, +0.0035 g this cycle), elapsed 377.0 s
[phase 2 fine] cycle 70: mass 0.0670 / 0.2000 g (0.1330 g to go, -0.0018 g this cycle), elapsed 382.0 s
[phase 2 fine] cycle 71: mass 0.0686 / 0.2000 g (0.1314 g to go, +0.0016 g this cycle), elapsed 387.0 s
[phase 2 fine] cycle 72: mass 0.0710 / 0.2000 g (0.1290 g to go, +0.0025 g this cycle), elapsed 393.0 s
[phase 2 fine] cycle 73: mass 0.0740 / 0.2000 g (0.1260 g to go, +0.0030 g this cycle), elapsed 398.0 s
[phase 2 fine] cycle 74: mass 0.0715 / 0.2000 g (0.1285 g to go, -0.0026 g this cycle), elapsed 403.0 s
[phase 2 fine] cycle 75: mass 0.0748 / 0.2000 g (0.1252 g to go, +0.0033 g this cycle), elapsed 409.0 s
[phase 2 fine] cycle 76: mass 0.0768 / 0.2000 g (0.1232 g to go, +0.0021 g this cycle), elapsed 414.0 s
[phase 2 fine] cycle 77: mass 0.0747 / 0.2000 g (0.1253 g to go, -0.0022 g this cycle), elapsed 419.0 s
[phase 2 fine] cycle 78: mass 0.0784 / 0.2000 g (0.1216 g to go, +0.0037 g this cycle), elapsed 425.0 s
[phase 2 fine] cycle 79: mass 0.0770 / 0.2000 g (0.1230 g to go, -0.0014 g this cycle), elapsed 430.0 s
[phase 2 fine] cycle 80: mass 0.0770 / 0.2000 g (0.1231 g to go, -0.0001 g this cycle), elapsed 435.0 s
[phase 2 fine] cycle 81: mass 0.0786 / 0.2000 g (0.1214 g to go, +0.0017 g this cycle), elapsed 441.0 s
[phase 2 fine] cycle 82: mass 0.0816 / 0.2000 g (0.1184 g to go, +0.0030 g this cycle), elapsed 446.0 s
[phase 2 fine] cycle 83: mass 0.0815 / 0.2000 g (0.1185 g to go, -0.0001 g this cycle), elapsed 452.0 s
[phase 2 fine] cycle 84: mass 0.0834 / 0.2000 g (0.1166 g to go, +0.0019 g this cycle), elapsed 457.0 s
[phase 2 fine] cycle 85: mass 0.0890 / 0.2000 g (0.1110 g to go, +0.0056 g this cycle), elapsed 462.0 s
[phase 2 fine] cycle 86: mass 0.0925 / 0.2000 g (0.1075 g to go, +0.0035 g this cycle), elapsed 467.0 s
[phase 2 fine] cycle 87: mass 0.0914 / 0.2000 g (0.1086 g to go, -0.0011 g this cycle), elapsed 473.0 s
[phase 2 fine] cycle 88: mass 0.0907 / 0.2000 g (0.1093 g to go, -0.0007 g this cycle), elapsed 478.0 s
[phase 2 fine] cycle 89: mass 0.0996 / 0.2000 g (0.1004 g to go, +0.0089 g this cycle), elapsed 483.0 s
[phase 2 fine] cycle 90: mass 0.0955 / 0.2000 g (0.1046 g to go, -0.0041 g this cycle), elapsed 488.0 s
[phase 2 fine] cycle 91: mass 0.0980 / 0.2000 g (0.1020 g to go, +0.0025 g this cycle), elapsed 494.0 s
[phase 2 fine] cycle 92: mass 0.1030 / 0.2000 g (0.0970 g to go, +0.0050 g this cycle), elapsed 499.0 s
[phase 2 fine] cycle 93: mass 0.1004 / 0.2000 g (0.0996 g to go, -0.0026 g this cycle), elapsed 504.0 s
[phase 2 fine] cycle 94: mass 0.1050 / 0.2000 g (0.0950 g to go, +0.0046 g this cycle), elapsed 510.0 s
[phase 2 fine] cycle 95: mass 0.1041 / 0.2000 g (0.0959 g to go, -0.0009 g this cycle), elapsed 515.0 s
[phase 2 fine] cycle 96: mass 0.1041 / 0.2000 g (0.0959 g to go, -0.0000 g this cycle), elapsed 520.0 s
[phase 2 fine] cycle 97: mass 0.1025 / 0.2000 g (0.0975 g to go, -0.0015 g this cycle), elapsed 526.0 s
[phase 2 fine] cycle 98: mass 0.1043 / 0.2000 g (0.0957 g to go, +0.0017 g this cycle), elapsed 531.0 s
[phase 2 fine] cycle 99: mass 0.1040 / 0.2000 g (0.0960 g to go, -0.0003 g this cycle), elapsed 536.0 s
[phase 2 fine] cycle 100: mass 0.1079 / 0.2000 g (0.0921 g to go, +0.0039 g this cycle), elapsed 542.0 s
[phase 2 fine] cycle 101: mass 0.1071 / 0.2000 g (0.0929 g to go, -0.0008 g this cycle), elapsed 547.0 s
[phase 2 fine] cycle 102: mass 0.1102 / 0.2000 g (0.0898 g to go, +0.0031 g this cycle), elapsed 552.0 s
[phase 2 fine] cycle 103: mass 0.1119 / 0.2000 g (0.0881 g to go, +0.0017 g this cycle), elapsed 558.0 s
[phase 2 fine] cycle 104: mass 0.1132 / 0.2000 g (0.0868 g to go, +0.0013 g this cycle), elapsed 563.0 s
[phase 2 fine] cycle 105: mass 0.1106 / 0.2000 g (0.0894 g to go, -0.0026 g this cycle), elapsed 568.0 s
[phase 2 fine] cycle 106: mass 0.1131 / 0.2000 g (0.0869 g to go, +0.0025 g this cycle), elapsed 574.0 s
[phase 2 fine] cycle 107: mass 0.1138 / 0.2000 g (0.0862 g to go, +0.0007 g this cycle), elapsed 579.0 s
[phase 2 fine] cycle 108: mass 0.1168 / 0.2000 g (0.0833 g to go, +0.0030 g this cycle), elapsed 584.0 s
[phase 2 fine] cycle 109: mass 0.1172 / 0.2000 g (0.0828 g to go, +0.0004 g this cycle), elapsed 590.0 s
[phase 2 fine] cycle 110: mass 0.1193 / 0.2000 g (0.0808 g to go, +0.0021 g this cycle), elapsed 595.0 s
[phase 2 fine] cycle 111: mass 0.1202 / 0.2000 g (0.0799 g to go, +0.0009 g this cycle), elapsed 600.0 s
[phase 2 fine] cycle 112: mass 0.1183 / 0.2000 g (0.0817 g to go, -0.0019 g this cycle), elapsed 606.0 s
[phase 2 fine] cycle 113: mass 0.1222 / 0.2000 g (0.0778 g to go, +0.0039 g this cycle), elapsed 611.0 s
[phase 2 fine] cycle 114: mass 0.1230 / 0.2000 g (0.0770 g to go, +0.0009 g this cycle), elapsed 616.0 s
[phase 2 fine] cycle 115: mass 0.1227 / 0.2000 g (0.0773 g to go, -0.0003 g this cycle), elapsed 621.0 s
[phase 2 fine] cycle 116: mass 0.1224 / 0.2000 g (0.0776 g to go, -0.0003 g this cycle), elapsed 627.0 s
[phase 2 fine] cycle 117: mass 0.1279 / 0.2000 g (0.0721 g to go, +0.0055 g this cycle), elapsed 632.0 s
[phase 2 fine] cycle 118: mass 0.1268 / 0.2000 g (0.0732 g to go, -0.0012 g this cycle), elapsed 638.0 s
[phase 2 fine] cycle 119: mass 0.1274 / 0.2000 g (0.0727 g to go, +0.0006 g this cycle), elapsed 643.0 s
[phase 2 fine] cycle 120: mass 0.1280 / 0.2000 g (0.0720 g to go, +0.0006 g this cycle), elapsed 648.0 s
[phase 2 fine] cycle 121: mass 0.1304 / 0.2000 g (0.0696 g to go, +0.0024 g this cycle), elapsed 653.0 s
[phase 2 fine] cycle 122: mass 0.1328 / 0.2000 g (0.0672 g to go, +0.0025 g this cycle), elapsed 659.0 s
[phase 2 fine] cycle 123: mass 0.1357 / 0.2000 g (0.0643 g to go, +0.0029 g this cycle), elapsed 664.0 s
[phase 2 fine] cycle 124: mass 0.1366 / 0.2000 g (0.0634 g to go, +0.0008 g this cycle), elapsed 669.0 s
[phase 2 fine] cycle 125: mass 0.1382 / 0.2000 g (0.0618 g to go, +0.0016 g this cycle), elapsed 674.0 s
[phase 2 fine] cycle 126: mass 0.1374 / 0.2000 g (0.0626 g to go, -0.0008 g this cycle), elapsed 680.0 s
[phase 2 fine] cycle 127: mass 0.1371 / 0.2000 g (0.0630 g to go, -0.0003 g this cycle), elapsed 685.0 s
[phase 2 fine] cycle 128: mass 0.1385 / 0.2000 g (0.0615 g to go, +0.0015 g this cycle), elapsed 691.0 s
[phase 2 fine] cycle 129: mass 0.1363 / 0.2000 g (0.0637 g to go, -0.0023 g this cycle), elapsed 696.0 s
[phase 2 fine] cycle 130: mass 0.1407 / 0.2000 g (0.0593 g to go, +0.0044 g this cycle), elapsed 701.0 s
[phase 2 fine] cycle 131: mass 0.1390 / 0.2000 g (0.0610 g to go, -0.0017 g this cycle), elapsed 707.0 s
[phase 2 fine] cycle 132: mass 0.1406 / 0.2000 g (0.0594 g to go, +0.0016 g this cycle), elapsed 712.0 s
[phase 2 fine] cycle 133: mass 0.1446 / 0.2000 g (0.0554 g to go, +0.0040 g this cycle), elapsed 717.0 s
[phase 2 fine] cycle 134: mass 0.1436 / 0.2000 g (0.0564 g to go, -0.0009 g this cycle), elapsed 723.0 s
[phase 2 fine] cycle 135: mass 0.1457 / 0.2000 g (0.0543 g to go, +0.0021 g this cycle), elapsed 728.0 s
[phase 2 fine] cycle 136: mass 0.1432 / 0.2000 g (0.0569 g to go, -0.0026 g this cycle), elapsed 733.0 s
[phase 2 fine] cycle 137: mass 0.1481 / 0.2000 g (0.0519 g to go, +0.0050 g this cycle), elapsed 739.0 s
[phase 2 fine] cycle 138: mass 0.1390 / 0.2000 g (0.0610 g to go, -0.0092 g this cycle), elapsed 744.0 s
[phase 2 fine] cycle 139: mass 0.1421 / 0.2000 g (0.0579 g to go, +0.0032 g this cycle), elapsed 749.0 s
[phase 2 fine] cycle 140: mass 0.1419 / 0.2000 g (0.0581 g to go, -0.0002 g this cycle), elapsed 755.0 s
[phase 2 fine] cycle 141: mass 0.1426 / 0.2000 g (0.0574 g to go, +0.0007 g this cycle), elapsed 760.0 s
[phase 2 fine] cycle 142: mass 0.1457 / 0.2000 g (0.0543 g to go, +0.0030 g this cycle), elapsed 766.0 s
[phase 2 fine] cycle 143: mass 0.1461 / 0.2000 g (0.0539 g to go, +0.0004 g this cycle), elapsed 771.0 s
[phase 2 fine] cycle 144: mass 0.1473 / 0.2000 g (0.0527 g to go, +0.0012 g this cycle), elapsed 776.0 s
[phase 2 fine] cycle 145: mass 0.1511 / 0.2000 g (0.0489 g to go, +0.0038 g this cycle), elapsed 782.0 s
=== phase 2/3 'fine' end (145 cycles): mass 0.1511 / 0.2000 g (0.0489 g to go, +0.1528 g this phase), elapsed 782.0 s
=== phase 3/3 'tap' start: 0.0489 g to go, exit at 0.0050 g to go; angle 0.0 plate deg, 0 auger deg/cycle @ 0 rpm, 2 taps/cycle, settle 1500 ms
[phase 3 tap] cycle 1: mass 0.1507 / 0.2000 g (0.0493 g to go, -0.0004 g this cycle), elapsed 786.0 s
[phase 3 tap] cycle 2: mass 0.1497 / 0.2000 g (0.0503 g to go, -0.0010 g this cycle), elapsed 789.0 s
[phase 3 tap] cycle 3: mass 0.1523 / 0.2000 g (0.0477 g to go, +0.0026 g this cycle), elapsed 792.0 s
[phase 3 tap] cycle 4: mass 0.1543 / 0.2000 g (0.0457 g to go, +0.0020 g this cycle), elapsed 796.0 s
[phase 3 tap] cycle 5: mass 0.1524 / 0.2000 g (0.0476 g to go, -0.0019 g this cycle), elapsed 799.0 s
[phase 3 tap] cycle 6: mass 0.1532 / 0.2000 g (0.0468 g to go, +0.0008 g this cycle), elapsed 802.0 s
[phase 3 tap] cycle 7: mass 0.1541 / 0.2000 g (0.0459 g to go, +0.0010 g this cycle), elapsed 805.0 s
[phase 3 tap] cycle 8: mass 0.1530 / 0.2000 g (0.0470 g to go, -0.0011 g this cycle), elapsed 809.0 s
[phase 3 tap] cycle 9: mass 0.1518 / 0.2000 g (0.0482 g to go, -0.0012 g this cycle), elapsed 812.0 s
[phase 3 tap] cycle 10: mass 0.1498 / 0.2000 g (0.0502 g to go, -0.0020 g this cycle), elapsed 815.0 s
[phase 3 tap] lip empty; nudging auger 5.0 deg (nudge 1/10)
[phase 3 tap] cycle 11: mass 0.1545 / 0.2000 g (0.0455 g to go, +0.0047 g this cycle), elapsed 821.0 s
[phase 3 tap] cycle 12: mass 0.1558 / 0.2000 g (0.0442 g to go, +0.0013 g this cycle), elapsed 824.0 s
[phase 3 tap] cycle 13: mass 0.1569 / 0.2000 g (0.0431 g to go, +0.0011 g this cycle), elapsed 827.0 s
[phase 3 tap] cycle 14: mass 0.1539 / 0.2000 g (0.0461 g to go, -0.0031 g this cycle), elapsed 831.0 s
[phase 3 tap] cycle 15: mass 0.1535 / 0.2000 g (0.0465 g to go, -0.0004 g this cycle), elapsed 834.0 s
[phase 3 tap] cycle 16: mass 0.1543 / 0.2000 g (0.0457 g to go, +0.0009 g this cycle), elapsed 837.0 s
[phase 3 tap] cycle 17: mass 0.1543 / 0.2000 g (0.0457 g to go, -0.0000 g this cycle), elapsed 841.0 s
[phase 3 tap] cycle 18: mass 0.1527 / 0.2000 g (0.0473 g to go, -0.0016 g this cycle), elapsed 844.0 s
[phase 3 tap] cycle 19: mass 0.1553 / 0.2000 g (0.0447 g to go, +0.0026 g this cycle), elapsed 847.0 s
[phase 3 tap] cycle 20: mass 0.1515 / 0.2000 g (0.0485 g to go, -0.0037 g this cycle), elapsed 850.0 s
[phase 3 tap] cycle 21: mass 0.1557 / 0.2000 g (0.0443 g to go, +0.0042 g this cycle), elapsed 853.0 s
[phase 3 tap] cycle 22: mass 0.1529 / 0.2000 g (0.0472 g to go, -0.0029 g this cycle), elapsed 856.0 s
[phase 3 tap] cycle 23: mass 0.1534 / 0.2000 g (0.0466 g to go, +0.0005 g this cycle), elapsed 860.0 s
[phase 3 tap] cycle 24: mass 0.1537 / 0.2000 g (0.0463 g to go, +0.0003 g this cycle), elapsed 863.0 s
[phase 3 tap] cycle 25: mass 0.1552 / 0.2000 g (0.0448 g to go, +0.0016 g this cycle), elapsed 866.0 s
[phase 3 tap] cycle 26: mass 0.1565 / 0.2000 g (0.0435 g to go, +0.0013 g this cycle), elapsed 869.0 s
[phase 3 tap] cycle 27: mass 0.1556 / 0.2000 g (0.0445 g to go, -0.0010 g this cycle), elapsed 873.0 s
[phase 3 tap] cycle 28: mass 0.1529 / 0.2000 g (0.0472 g to go, -0.0027 g this cycle), elapsed 876.0 s
[phase 3 tap] cycle 29: mass 0.1543 / 0.2000 g (0.0457 g to go, +0.0015 g this cycle), elapsed 879.0 s
[phase 3 tap] cycle 30: mass 0.1527 / 0.2000 g (0.0473 g to go, -0.0016 g this cycle), elapsed 882.0 s
[phase 3 tap] cycle 31: mass 0.1546 / 0.2000 g (0.0454 g to go, +0.0019 g this cycle), elapsed 886.0 s
[phase 3 tap] cycle 32: mass 0.1548 / 0.2000 g (0.0452 g to go, +0.0002 g this cycle), elapsed 889.0 s
[phase 3 tap] cycle 33: mass 0.1545 / 0.2000 g (0.0455 g to go, -0.0004 g this cycle), elapsed 892.0 s
[phase 3 tap] cycle 34: mass 0.1569 / 0.2000 g (0.0431 g to go, +0.0024 g this cycle), elapsed 896.0 s
[phase 3 tap] cycle 35: mass 0.1571 / 0.2000 g (0.0429 g to go, +0.0002 g this cycle), elapsed 899.0 s
[phase 3 tap] cycle 36: mass 0.1568 / 0.2000 g (0.0432 g to go, -0.0002 g this cycle), elapsed 902.0 s
[phase 3 tap] dose timeout (900 s)
=== phase 3/3 'tap' end (36 cycles): mass 0.1568 / 0.2000 g (0.0432 g to go, +0.0058 g this phase), elapsed 902.0 s
[dose] done: DoseResult(timeout: 0.1568/0.2000 g in 902.0s; cycles bulk:1, fine:145, tap:36; 18.14 auger rev, 72 taps)
DOSE,3,0.2000,0.1568,-0.0432,timeout,902.0,18.14,72,bulk:1;fine:145;tap:36,3064110,H
PROMPT,block H dose 3 done -- empty the cup for the next dose, then Enter ('skip'/'abort')
[dose] three-phase dose to 0.2000 g; taring scale
[dose] tared: baseline +0.0 mg (subtracted), drift +0.0 mg/min, read noise 0.00 mg
=== phase 1/3 'bulk' skipped (0.2000 g to go is already <= 0.2000 g threshold)
=== phase 2/3 'fine' start: 0.2000 g to go, exit at 0.0500 g to go; angle 22.5 plate deg, 45 auger deg/cycle @ 30 rpm, 0 taps/cycle, settle 1500 ms
[phase 2 fine] cycle 1: mass -0.0008 / 0.2000 g (0.2008 g to go, -0.0008 g this cycle), elapsed 11.0 s
[phase 2 fine] cycle 2: mass 0.0001 / 0.2000 g (0.1999 g to go, +0.0009 g this cycle), elapsed 16.0 s
[phase 2 fine] cycle 3: mass 0.0026 / 0.2000 g (0.1974 g to go, +0.0025 g this cycle), elapsed 21.0 s
[phase 2 fine] cycle 4: mass 0.0011 / 0.2000 g (0.1989 g to go, -0.0015 g this cycle), elapsed 27.0 s
[phase 2 fine] cycle 5: mass -0.0012 / 0.2000 g (0.2012 g to go, -0.0023 g this cycle), elapsed 32.0 s
[phase 2 fine] cycle 6: mass 0.0048 / 0.2000 g (0.1952 g to go, +0.0060 g this cycle), elapsed 37.0 s
[phase 2 fine] cycle 7: mass 0.0016 / 0.2000 g (0.1984 g to go, -0.0032 g this cycle), elapsed 43.0 s
[phase 2 fine] cycle 8: mass 0.0063 / 0.2000 g (0.1937 g to go, +0.0047 g this cycle), elapsed 48.0 s
[phase 2 fine] cycle 9: mass 0.0056 / 0.2000 g (0.1944 g to go, -0.0007 g this cycle), elapsed 53.0 s
[phase 2 fine] cycle 10: mass 0.0140 / 0.2000 g (0.1860 g to go, +0.0084 g this cycle), elapsed 59.0 s
[phase 2 fine] cycle 11: mass 0.0142 / 0.2000 g (0.1858 g to go, +0.0002 g this cycle), elapsed 64.0 s
[phase 2 fine] cycle 12: mass 0.0178 / 0.2000 g (0.1822 g to go, +0.0036 g this cycle), elapsed 69.0 s
[phase 2 fine] cycle 13: mass 0.0130 / 0.2000 g (0.1870 g to go, -0.0048 g this cycle), elapsed 75.0 s
[phase 2 fine] cycle 14: mass 0.0205 / 0.2000 g (0.1795 g to go, +0.0076 g this cycle), elapsed 80.0 s
[phase 2 fine] cycle 15: mass 0.0194 / 0.2000 g (0.1806 g to go, -0.0012 g this cycle), elapsed 85.0 s
[phase 2 fine] cycle 16: mass 0.0200 / 0.2000 g (0.1800 g to go, +0.0006 g this cycle), elapsed 91.0 s
[phase 2 fine] cycle 17: mass 0.0228 / 0.2000 g (0.1772 g to go, +0.0029 g this cycle), elapsed 96.0 s
[phase 2 fine] cycle 18: mass 0.0235 / 0.2000 g (0.1765 g to go, +0.0006 g this cycle), elapsed 101.0 s
[phase 2 fine] cycle 19: mass 0.0286 / 0.2000 g (0.1714 g to go, +0.0051 g this cycle), elapsed 107.0 s
[phase 2 fine] cycle 20: mass 0.0276 / 0.2000 g (0.1724 g to go, -0.0009 g this cycle), elapsed 112.0 s
[phase 2 fine] cycle 21: mass 0.0291 / 0.2000 g (0.1709 g to go, +0.0015 g this cycle), elapsed 117.0 s
[phase 2 fine] cycle 22: mass 0.0283 / 0.2000 g (0.1717 g to go, -0.0008 g this cycle), elapsed 123.0 s
[phase 2 fine] cycle 23: mass 0.0289 / 0.2000 g (0.1711 g to go, +0.0007 g this cycle), elapsed 128.0 s
[phase 2 fine] cycle 24: mass 0.0380 / 0.2000 g (0.1620 g to go, +0.0091 g this cycle), elapsed 133.0 s
[phase 2 fine] cycle 25: mass 0.0414 / 0.2000 g (0.1586 g to go, +0.0034 g this cycle), elapsed 139.0 s
[phase 2 fine] cycle 26: mass 0.0529 / 0.2000 g (0.1471 g to go, +0.0115 g this cycle), elapsed 144.0 s
[phase 2 fine] cycle 27: mass 0.0467 / 0.2000 g (0.1533 g to go, -0.0062 g this cycle), elapsed 149.0 s
[phase 2 fine] cycle 28: mass 0.0470 / 0.2000 g (0.1530 g to go, +0.0003 g this cycle), elapsed 154.0 s
[phase 2 fine] cycle 29: mass 0.0492 / 0.2000 g (0.1508 g to go, +0.0023 g this cycle), elapsed 160.0 s
[phase 2 fine] cycle 30: mass 0.0518 / 0.2000 g (0.1482 g to go, +0.0026 g this cycle), elapsed 165.0 s
[phase 2 fine] cycle 31: mass 0.0481 / 0.2000 g (0.1519 g to go, -0.0037 g this cycle), elapsed 171.0 s
[phase 2 fine] cycle 32: mass 0.0551 / 0.2000 g (0.1449 g to go, +0.0069 g this cycle), elapsed 176.0 s
[phase 2 fine] cycle 33: mass 0.0557 / 0.2000 g (0.1443 g to go, +0.0006 g this cycle), elapsed 181.0 s
[phase 2 fine] cycle 34: mass 0.0616 / 0.2000 g (0.1384 g to go, +0.0058 g this cycle), elapsed 186.0 s
[phase 2 fine] cycle 35: mass 0.0623 / 0.2000 g (0.1377 g to go, +0.0007 g this cycle), elapsed 192.0 s
[phase 2 fine] cycle 36: mass 0.0627 / 0.2000 g (0.1373 g to go, +0.0004 g this cycle), elapsed 197.0 s
[phase 2 fine] cycle 37: mass 0.0630 / 0.2000 g (0.1370 g to go, +0.0003 g this cycle), elapsed 203.0 s
[phase 2 fine] cycle 38: mass 0.0644 / 0.2000 g (0.1356 g to go, +0.0014 g this cycle), elapsed 208.0 s
[phase 2 fine] cycle 39: mass 0.0669 / 0.2000 g (0.1331 g to go, +0.0025 g this cycle), elapsed 213.0 s
[phase 2 fine] cycle 40: mass 0.0672 / 0.2000 g (0.1328 g to go, +0.0003 g this cycle), elapsed 218.0 s
[phase 2 fine] cycle 41: mass 0.0737 / 0.2000 g (0.1263 g to go, +0.0065 g this cycle), elapsed 223.0 s
[phase 2 fine] cycle 42: mass 0.0714 / 0.2000 g (0.1286 g to go, -0.0023 g this cycle), elapsed 229.0 s
[phase 2 fine] cycle 43: mass 0.0716 / 0.2000 g (0.1284 g to go, +0.0002 g this cycle), elapsed 234.0 s
[phase 2 fine] cycle 44: mass 0.0690 / 0.2000 g (0.1310 g to go, -0.0026 g this cycle), elapsed 239.0 s
[phase 2 fine] cycle 45: mass 0.0724 / 0.2000 g (0.1276 g to go, +0.0034 g this cycle), elapsed 245.0 s
[phase 2 fine] cycle 46: mass 0.0745 / 0.2000 g (0.1255 g to go, +0.0020 g this cycle), elapsed 250.0 s
[phase 2 fine] cycle 47: mass 0.0702 / 0.2000 g (0.1298 g to go, -0.0042 g this cycle), elapsed 255.0 s
[phase 2 fine] cycle 48: mass 0.0803 / 0.2000 g (0.1197 g to go, +0.0101 g this cycle), elapsed 261.0 s
[phase 2 fine] cycle 49: mass 0.0791 / 0.2000 g (0.1209 g to go, -0.0012 g this cycle), elapsed 266.0 s
[phase 2 fine] cycle 50: mass 0.0778 / 0.2000 g (0.1222 g to go, -0.0013 g this cycle), elapsed 271.0 s
[phase 2 fine] cycle 51: mass 0.0816 / 0.2000 g (0.1184 g to go, +0.0038 g this cycle), elapsed 277.0 s
[phase 2 fine] cycle 52: mass 0.0814 / 0.2000 g (0.1186 g to go, -0.0002 g this cycle), elapsed 282.0 s
[phase 2 fine] cycle 53: mass 0.0827 / 0.2000 g (0.1173 g to go, +0.0013 g this cycle), elapsed 287.0 s
[phase 2 fine] cycle 54: mass 0.0874 / 0.2000 g (0.1126 g to go, +0.0047 g this cycle), elapsed 293.0 s
[phase 2 fine] cycle 55: mass 0.0854 / 0.2000 g (0.1146 g to go, -0.0020 g this cycle), elapsed 298.0 s
[phase 2 fine] cycle 56: mass 0.0896 / 0.2000 g (0.1104 g to go, +0.0042 g this cycle), elapsed 303.0 s
[phase 2 fine] cycle 57: mass 0.1020 / 0.2000 g (0.0980 g to go, +0.0124 g this cycle), elapsed 309.0 s
[phase 2 fine] cycle 58: mass 0.0952 / 0.2000 g (0.1048 g to go, -0.0068 g this cycle), elapsed 314.0 s
[phase 2 fine] cycle 59: mass 0.1032 / 0.2000 g (0.0968 g to go, +0.0080 g this cycle), elapsed 319.0 s
[phase 2 fine] cycle 60: mass 0.0954 / 0.2000 g (0.1046 g to go, -0.0077 g this cycle), elapsed 324.0 s
[phase 2 fine] cycle 61: mass 0.0976 / 0.2000 g (0.1024 g to go, +0.0021 g this cycle), elapsed 330.0 s
[phase 2 fine] cycle 62: mass 0.0931 / 0.2000 g (0.1069 g to go, -0.0044 g this cycle), elapsed 335.0 s
[phase 2 fine] cycle 63: mass 0.0974 / 0.2000 g (0.1026 g to go, +0.0043 g this cycle), elapsed 340.0 s
[phase 2 fine] cycle 64: mass 0.1016 / 0.2000 g (0.0984 g to go, +0.0042 g this cycle), elapsed 346.0 s
[phase 2 fine] cycle 65: mass 0.1145 / 0.2000 g (0.0855 g to go, +0.0130 g this cycle), elapsed 351.0 s
[phase 2 fine] cycle 66: mass 0.1219 / 0.2000 g (0.0781 g to go, +0.0074 g this cycle), elapsed 356.0 s
[phase 2 fine] cycle 67: mass 0.1166 / 0.2000 g (0.0834 g to go, -0.0053 g this cycle), elapsed 361.0 s
[phase 2 fine] cycle 68: mass 0.1162 / 0.2000 g (0.0838 g to go, -0.0004 g this cycle), elapsed 367.0 s
[phase 2 fine] cycle 69: mass 0.1166 / 0.2000 g (0.0834 g to go, +0.0004 g this cycle), elapsed 372.0 s
[phase 2 fine] cycle 70: mass 0.1172 / 0.2000 g (0.0828 g to go, +0.0005 g this cycle), elapsed 377.0 s
[phase 2 fine] cycle 71: mass 0.1210 / 0.2000 g (0.0790 g to go, +0.0038 g this cycle), elapsed 382.0 s
[phase 2 fine] cycle 72: mass 0.1219 / 0.2000 g (0.0781 g to go, +0.0009 g this cycle), elapsed 388.0 s
[phase 2 fine] cycle 73: mass 0.1310 / 0.2000 g (0.0690 g to go, +0.0091 g this cycle), elapsed 393.0 s
[phase 2 fine] cycle 74: mass 0.1330 / 0.2000 g (0.0670 g to go, +0.0019 g this cycle), elapsed 398.0 s
[phase 2 fine] cycle 75: mass 0.1375 / 0.2000 g (0.0625 g to go, +0.0046 g this cycle), elapsed 404.0 s
[phase 2 fine] cycle 76: mass 0.1358 / 0.2000 g (0.0642 g to go, -0.0018 g this cycle), elapsed 409.0 s
[phase 2 fine] cycle 77: mass 0.1379 / 0.2000 g (0.0621 g to go, +0.0021 g this cycle), elapsed 414.0 s
[phase 2 fine] cycle 78: mass 0.1362 / 0.2000 g (0.0638 g to go, -0.0017 g this cycle), elapsed 419.0 s
[phase 2 fine] cycle 79: mass 0.1402 / 0.2000 g (0.0598 g to go, +0.0040 g this cycle), elapsed 425.0 s
[phase 2 fine] cycle 80: mass 0.1391 / 0.2000 g (0.0609 g to go, -0.0011 g this cycle), elapsed 430.0 s
[phase 2 fine] cycle 81: mass 0.1443 / 0.2000 g (0.0557 g to go, +0.0052 g this cycle), elapsed 435.0 s
[phase 2 fine] cycle 82: mass 0.1486 / 0.2000 g (0.0514 g to go, +0.0043 g this cycle), elapsed 441.0 s
[phase 2 fine] cycle 83: mass 0.1455 / 0.2000 g (0.0545 g to go, -0.0031 g this cycle), elapsed 446.0 s
[phase 2 fine] cycle 84: mass 0.1491 / 0.2000 g (0.0509 g to go, +0.0035 g this cycle), elapsed 451.0 s
[phase 2 fine] cycle 85: mass 0.1504 / 0.2000 g (0.0496 g to go, +0.0013 g this cycle), elapsed 457.0 s
=== phase 2/3 'fine' end (85 cycles): mass 0.1504 / 0.2000 g (0.0496 g to go, +0.1504 g this phase), elapsed 457.0 s
=== phase 3/3 'tap' start: 0.0496 g to go, exit at 0.0050 g to go; angle 0.0 plate deg, 0 auger deg/cycle @ 0 rpm, 2 taps/cycle, settle 1500 ms
[phase 3 tap] cycle 1: mass 0.1516 / 0.2000 g (0.0484 g to go, +0.0012 g this cycle), elapsed 461.0 s
[phase 3 tap] cycle 2: mass 0.1539 / 0.2000 g (0.0461 g to go, +0.0024 g this cycle), elapsed 464.0 s
[phase 3 tap] cycle 3: mass 0.1512 / 0.2000 g (0.0488 g to go, -0.0028 g this cycle), elapsed 467.0 s
[phase 3 tap] cycle 4: mass 0.1515 / 0.2000 g (0.0485 g to go, +0.0003 g this cycle), elapsed 471.0 s
[phase 3 tap] cycle 5: mass 0.1541 / 0.2000 g (0.0459 g to go, +0.0026 g this cycle), elapsed 474.0 s
[phase 3 tap] cycle 6: mass 0.1555 / 0.2000 g (0.0445 g to go, +0.0014 g this cycle), elapsed 477.0 s
[phase 3 tap] cycle 7: mass 0.1528 / 0.2000 g (0.0472 g to go, -0.0027 g this cycle), elapsed 480.0 s
[phase 3 tap] cycle 8: mass 0.1560 / 0.2000 g (0.0440 g to go, +0.0032 g this cycle), elapsed 484.0 s
[phase 3 tap] cycle 9: mass 0.1589 / 0.2000 g (0.0411 g to go, +0.0029 g this cycle), elapsed 487.0 s
[phase 3 tap] cycle 10: mass 0.1573 / 0.2000 g (0.0427 g to go, -0.0016 g this cycle), elapsed 490.0 s
[phase 3 tap] cycle 11: mass 0.1590 / 0.2000 g (0.0410 g to go, +0.0017 g this cycle), elapsed 493.0 s
[phase 3 tap] cycle 12: mass 0.1563 / 0.2000 g (0.0437 g to go, -0.0026 g this cycle), elapsed 497.0 s
[phase 3 tap] cycle 13: mass 0.1613 / 0.2000 g (0.0387 g to go, +0.0049 g this cycle), elapsed 500.0 s
[phase 3 tap] cycle 14: mass 0.1580 / 0.2000 g (0.0420 g to go, -0.0033 g this cycle), elapsed 503.0 s
[phase 3 tap] cycle 15: mass 0.1602 / 0.2000 g (0.0398 g to go, +0.0022 g this cycle), elapsed 507.0 s
[phase 3 tap] cycle 16: mass 0.1598 / 0.2000 g (0.0402 g to go, -0.0004 g this cycle), elapsed 510.0 s
[phase 3 tap] cycle 17: mass 0.1575 / 0.2000 g (0.0425 g to go, -0.0023 g this cycle), elapsed 514.0 s
[phase 3 tap] cycle 18: mass 0.1626 / 0.2000 g (0.0374 g to go, +0.0051 g this cycle), elapsed 517.0 s
[phase 3 tap] cycle 19: mass 0.1623 / 0.2000 g (0.0377 g to go, -0.0003 g this cycle), elapsed 520.0 s
[phase 3 tap] cycle 20: mass 0.1602 / 0.2000 g (0.0398 g to go, -0.0021 g this cycle), elapsed 523.0 s
[phase 3 tap] cycle 21: mass 0.1614 / 0.2000 g (0.0386 g to go, +0.0012 g this cycle), elapsed 527.0 s
[phase 3 tap] cycle 22: mass 0.1621 / 0.2000 g (0.0379 g to go, +0.0007 g this cycle), elapsed 530.0 s
[phase 3 tap] cycle 23: mass 0.1587 / 0.2000 g (0.0413 g to go, -0.0034 g this cycle), elapsed 533.0 s
[phase 3 tap] cycle 24: mass 0.1594 / 0.2000 g (0.0406 g to go, +0.0007 g this cycle), elapsed 536.0 s
[phase 3 tap] cycle 25: mass 0.1614 / 0.2000 g (0.0386 g to go, +0.0020 g this cycle), elapsed 540.0 s
[phase 3 tap] cycle 26: mass 0.1626 / 0.2000 g (0.0374 g to go, +0.0012 g this cycle), elapsed 543.0 s
[phase 3 tap] cycle 27: mass 0.1593 / 0.2000 g (0.0407 g to go, -0.0033 g this cycle), elapsed 546.0 s
[phase 3 tap] cycle 28: mass 0.1577 / 0.2000 g (0.0423 g to go, -0.0017 g this cycle), elapsed 549.0 s
[phase 3 tap] cycle 29: mass 0.1649 / 0.2000 g (0.0351 g to go, +0.0072 g this cycle), elapsed 553.0 s
[phase 3 tap] cycle 30: mass 0.1636 / 0.2000 g (0.0364 g to go, -0.0013 g this cycle), elapsed 556.0 s
[phase 3 tap] cycle 31: mass 0.1630 / 0.2000 g (0.0370 g to go, -0.0005 g this cycle), elapsed 559.0 s
[phase 3 tap] cycle 32: mass 0.1636 / 0.2000 g (0.0364 g to go, +0.0006 g this cycle), elapsed 563.0 s
[phase 3 tap] cycle 33: mass 0.1646 / 0.2000 g (0.0354 g to go, +0.0010 g this cycle), elapsed 566.0 s
[phase 3 tap] cycle 34: mass 0.1640 / 0.2000 g (0.0360 g to go, -0.0006 g this cycle), elapsed 569.0 s
[phase 3 tap] cycle 35: mass 0.1651 / 0.2000 g (0.0349 g to go, +0.0011 g this cycle), elapsed 573.0 s
[phase 3 tap] cycle 36: mass 0.1668 / 0.2000 g (0.0332 g to go, +0.0017 g this cycle), elapsed 576.0 s
[phase 3 tap] cycle 37: mass 0.1659 / 0.2000 g (0.0341 g to go, -0.0009 g this cycle), elapsed 579.0 s
[phase 3 tap] cycle 38: mass 0.1667 / 0.2000 g (0.0333 g to go, +0.0008 g this cycle), elapsed 582.0 s
[phase 3 tap] cycle 39: mass 0.1660 / 0.2000 g (0.0340 g to go, -0.0007 g this cycle), elapsed 586.0 s
[phase 3 tap] cycle 40: mass 0.1679 / 0.2000 g (0.0321 g to go, +0.0019 g this cycle), elapsed 589.0 s
[phase 3 tap] cycle 41: mass 0.1688 / 0.2000 g (0.0312 g to go, +0.0009 g this cycle), elapsed 592.0 s
[phase 3 tap] cycle 42: mass 0.1698 / 0.2000 g (0.0302 g to go, +0.0010 g this cycle), elapsed 596.0 s
[phase 3 tap] cycle 43: mass 0.1694 / 0.2000 g (0.0306 g to go, -0.0004 g this cycle), elapsed 599.0 s
[phase 3 tap] cycle 44: mass 0.1686 / 0.2000 g (0.0314 g to go, -0.0008 g this cycle), elapsed 602.0 s
[phase 3 tap] cycle 45: mass 0.1695 / 0.2000 g (0.0305 g to go, +0.0009 g this cycle), elapsed 606.0 s
[phase 3 tap] cycle 46: mass 0.1710 / 0.2000 g (0.0290 g to go, +0.0015 g this cycle), elapsed 609.0 s
[phase 3 tap] cycle 47: mass 0.1696 / 0.2000 g (0.0304 g to go, -0.0014 g this cycle), elapsed 612.0 s
[phase 3 tap] cycle 48: mass 0.1694 / 0.2000 g (0.0306 g to go, -0.0002 g this cycle), elapsed 616.0 s
[phase 3 tap] cycle 49: mass 0.1752 / 0.2000 g (0.0248 g to go, +0.0058 g this cycle), elapsed 619.0 s
[phase 3 tap] cycle 50: mass 0.1706 / 0.2000 g (0.0294 g to go, -0.0046 g this cycle), elapsed 622.0 s
[phase 3 tap] cycle 51: mass 0.1722 / 0.2000 g (0.0278 g to go, +0.0016 g this cycle), elapsed 625.0 s
[phase 3 tap] cycle 52: mass 0.1736 / 0.2000 g (0.0264 g to go, +0.0014 g this cycle), elapsed 629.0 s
[phase 3 tap] cycle 53: mass 0.1728 / 0.2000 g (0.0272 g to go, -0.0008 g this cycle), elapsed 632.0 s
[phase 3 tap] cycle 54: mass 0.1739 / 0.2000 g (0.0261 g to go, +0.0011 g this cycle), elapsed 635.0 s
[phase 3 tap] cycle 55: mass 0.1750 / 0.2000 g (0.0250 g to go, +0.0011 g this cycle), elapsed 638.0 s
[phase 3 tap] cycle 56: mass 0.1729 / 0.2000 g (0.0271 g to go, -0.0021 g this cycle), elapsed 641.0 s
[phase 3 tap] cycle 57: mass 0.1763 / 0.2000 g (0.0237 g to go, +0.0034 g this cycle), elapsed 645.0 s
[phase 3 tap] cycle 58: mass 0.1726 / 0.2000 g (0.0274 g to go, -0.0037 g this cycle), elapsed 648.0 s
[phase 3 tap] cycle 59: mass 0.1748 / 0.2000 g (0.0252 g to go, +0.0022 g this cycle), elapsed 651.0 s
[phase 3 tap] cycle 60: mass 0.1738 / 0.2000 g (0.0262 g to go, -0.0010 g this cycle), elapsed 655.0 s
[phase 3 tap] cycle 61: mass 0.1715 / 0.2000 g (0.0285 g to go, -0.0023 g this cycle), elapsed 658.0 s
[phase 3 tap] cycle 62: mass 0.1779 / 0.2000 g (0.0221 g to go, +0.0064 g this cycle), elapsed 662.0 s
[phase 3 tap] cycle 63: mass 0.1783 / 0.2000 g (0.0217 g to go, +0.0004 g this cycle), elapsed 665.0 s
[phase 3 tap] cycle 64: mass 0.1776 / 0.2000 g (0.0224 g to go, -0.0007 g this cycle), elapsed 668.0 s
[phase 3 tap] cycle 65: mass 0.1806 / 0.2000 g (0.0194 g to go, +0.0030 g this cycle), elapsed 671.0 s
[phase 3 tap] cycle 66: mass 0.1775 / 0.2000 g (0.0225 g to go, -0.0030 g this cycle), elapsed 675.0 s
[phase 3 tap] cycle 67: mass 0.1775 / 0.2000 g (0.0225 g to go, -0.0000 g this cycle), elapsed 678.0 s
[phase 3 tap] cycle 68: mass 0.1744 / 0.2000 g (0.0256 g to go, -0.0031 g this cycle), elapsed 681.0 s
[phase 3 tap] lip empty; nudging auger 5.0 deg (nudge 1/10)
[phase 3 tap] cycle 69: mass 0.1751 / 0.2000 g (0.0249 g to go, +0.0007 g this cycle), elapsed 687.0 s
[phase 3 tap] cycle 70: mass 0.1733 / 0.2000 g (0.0267 g to go, -0.0018 g this cycle), elapsed 690.0 s
[phase 3 tap] cycle 71: mass 0.1766 / 0.2000 g (0.0234 g to go, +0.0033 g this cycle), elapsed 693.0 s
[phase 3 tap] cycle 72: mass 0.1701 / 0.2000 g (0.0299 g to go, -0.0065 g this cycle), elapsed 697.0 s
[phase 3 tap] cycle 73: mass 0.1776 / 0.2000 g (0.0224 g to go, +0.0075 g this cycle), elapsed 700.0 s
[phase 3 tap] cycle 74: mass 0.1764 / 0.2000 g (0.0236 g to go, -0.0012 g this cycle), elapsed 703.0 s
[phase 3 tap] cycle 75: mass 0.1789 / 0.2000 g (0.0211 g to go, +0.0025 g this cycle), elapsed 706.0 s
[phase 3 tap] cycle 76: mass 0.1751 / 0.2000 g (0.0249 g to go, -0.0038 g this cycle), elapsed 710.0 s
[phase 3 tap] cycle 77: mass 0.1765 / 0.2000 g (0.0235 g to go, +0.0014 g this cycle), elapsed 713.0 s
[phase 3 tap] cycle 78: mass 0.1768 / 0.2000 g (0.0232 g to go, +0.0003 g this cycle), elapsed 716.0 s
[phase 3 tap] cycle 79: mass 0.1765 / 0.2000 g (0.0235 g to go, -0.0003 g this cycle), elapsed 720.0 s
[phase 3 tap] cycle 80: mass 0.1744 / 0.2000 g (0.0256 g to go, -0.0022 g this cycle), elapsed 723.0 s
[phase 3 tap] cycle 81: mass 0.1758 / 0.2000 g (0.0242 g to go, +0.0014 g this cycle), elapsed 726.0 s
[phase 3 tap] cycle 82: mass 0.1779 / 0.2000 g (0.0221 g to go, +0.0021 g this cycle), elapsed 730.0 s
[phase 3 tap] cycle 83: mass 0.1811 / 0.2000 g (0.0189 g to go, +0.0032 g this cycle), elapsed 733.0 s
[phase 3 tap] cycle 84: mass 0.1764 / 0.2000 g (0.0236 g to go, -0.0047 g this cycle), elapsed 736.0 s
[phase 3 tap] cycle 85: mass 0.1833 / 0.2000 g (0.0167 g to go, +0.0069 g this cycle), elapsed 740.0 s
[phase 3 tap] cycle 86: mass 0.1778 / 0.2000 g (0.0222 g to go, -0.0055 g this cycle), elapsed 743.0 s
[phase 3 tap] cycle 87: mass 0.1738 / 0.2000 g (0.0262 g to go, -0.0040 g this cycle), elapsed 746.0 s
[phase 3 tap] cycle 88: mass 0.1840 / 0.2000 g (0.0160 g to go, +0.0102 g this cycle), elapsed 750.0 s
[phase 3 tap] cycle 89: mass 0.1816 / 0.2000 g (0.0184 g to go, -0.0023 g this cycle), elapsed 753.0 s
[phase 3 tap] cycle 90: mass 0.1809 / 0.2000 g (0.0191 g to go, -0.0007 g this cycle), elapsed 756.0 s
[phase 3 tap] cycle 91: mass 0.1786 / 0.2000 g (0.0214 g to go, -0.0023 g this cycle), elapsed 759.0 s
[phase 3 tap] lip empty; nudging auger 5.0 deg (nudge 2/10)
[phase 3 tap] cycle 92: mass 0.1864 / 0.2000 g (0.0136 g to go, +0.0078 g this cycle), elapsed 765.0 s
[phase 3 tap] cycle 93: mass 0.1839 / 0.2000 g (0.0161 g to go, -0.0025 g this cycle), elapsed 768.0 s
[phase 3 tap] cycle 94: mass 0.1838 / 0.2000 g (0.0162 g to go, -0.0001 g this cycle), elapsed 772.0 s
[phase 3 tap] cycle 95: mass 0.1855 / 0.2000 g (0.0145 g to go, +0.0017 g this cycle), elapsed 775.0 s
[phase 3 tap] cycle 96: mass 0.1824 / 0.2000 g (0.0176 g to go, -0.0031 g this cycle), elapsed 778.0 s
[phase 3 tap] cycle 97: mass 0.1845 / 0.2000 g (0.0155 g to go, +0.0022 g this cycle), elapsed 782.0 s
[phase 3 tap] cycle 98: mass 0.1830 / 0.2000 g (0.0170 g to go, -0.0016 g this cycle), elapsed 785.0 s
[phase 3 tap] cycle 99: mass 0.1823 / 0.2000 g (0.0177 g to go, -0.0007 g this cycle), elapsed 788.0 s
[phase 3 tap] cycle 100: mass 0.1856 / 0.2000 g (0.0144 g to go, +0.0033 g this cycle), elapsed 792.0 s
[phase 3 tap] cycle 101: mass 0.1855 / 0.2000 g (0.0145 g to go, -0.0001 g this cycle), elapsed 795.0 s
[phase 3 tap] cycle 102: mass 0.1829 / 0.2000 g (0.0171 g to go, -0.0026 g this cycle), elapsed 798.0 s
[phase 3 tap] cycle 103: mass 0.1861 / 0.2000 g (0.0139 g to go, +0.0033 g this cycle), elapsed 801.0 s
[phase 3 tap] cycle 104: mass 0.1851 / 0.2000 g (0.0149 g to go, -0.0010 g this cycle), elapsed 804.0 s
[phase 3 tap] cycle 105: mass 0.1854 / 0.2000 g (0.0146 g to go, +0.0003 g this cycle), elapsed 808.0 s
[phase 3 tap] cycle 106: mass 0.1851 / 0.2000 g (0.0149 g to go, -0.0002 g this cycle), elapsed 811.0 s
[phase 3 tap] cycle 107: mass 0.1864 / 0.2000 g (0.0136 g to go, +0.0012 g this cycle), elapsed 814.0 s
[phase 3 tap] cycle 108: mass 0.1850 / 0.2000 g (0.0150 g to go, -0.0014 g this cycle), elapsed 818.0 s
[phase 3 tap] cycle 109: mass 0.1876 / 0.2000 g (0.0124 g to go, +0.0026 g this cycle), elapsed 821.0 s
[phase 3 tap] cycle 110: mass 0.1868 / 0.2000 g (0.0132 g to go, -0.0007 g this cycle), elapsed 824.0 s
[phase 3 tap] cycle 111: mass 0.1841 / 0.2000 g (0.0159 g to go, -0.0028 g this cycle), elapsed 827.0 s
[phase 3 tap] cycle 112: mass 0.1836 / 0.2000 g (0.0164 g to go, -0.0005 g this cycle), elapsed 831.0 s
[phase 3 tap] lip empty; nudging auger 5.0 deg (nudge 3/10)
[phase 3 tap] cycle 113: mass 0.1876 / 0.2000 g (0.0124 g to go, +0.0040 g this cycle), elapsed 836.0 s
[phase 3 tap] cycle 114: mass 0.1868 / 0.2000 g (0.0132 g to go, -0.0008 g this cycle), elapsed 839.0 s
[phase 3 tap] cycle 115: mass 0.1862 / 0.2000 g (0.0138 g to go, -0.0006 g this cycle), elapsed 843.0 s
[phase 3 tap] cycle 116: mass 0.1905 / 0.2000 g (0.0095 g to go, +0.0043 g this cycle), elapsed 846.0 s
[phase 3 tap] cycle 117: mass 0.1894 / 0.2000 g (0.0106 g to go, -0.0011 g this cycle), elapsed 849.0 s
[phase 3 tap] cycle 118: mass 0.1864 / 0.2000 g (0.0136 g to go, -0.0029 g this cycle), elapsed 852.0 s
[phase 3 tap] cycle 119: mass 0.1859 / 0.2000 g (0.0141 g to go, -0.0006 g this cycle), elapsed 856.0 s
[phase 3 tap] lip empty; nudging auger 5.0 deg (nudge 4/10)
[phase 3 tap] cycle 120: mass 0.1915 / 0.2000 g (0.0085 g to go, +0.0057 g this cycle), elapsed 861.0 s
[phase 3 tap] cycle 121: mass 0.1904 / 0.2000 g (0.0096 g to go, -0.0012 g this cycle), elapsed 865.0 s
[phase 3 tap] cycle 122: mass 0.1902 / 0.2000 g (0.0098 g to go, -0.0001 g this cycle), elapsed 868.0 s
[phase 3 tap] cycle 123: mass 0.1901 / 0.2000 g (0.0099 g to go, -0.0002 g this cycle), elapsed 871.0 s
[phase 3 tap] lip empty; nudging auger 5.0 deg (nudge 5/10)
[phase 3 tap] cycle 124: mass 0.1940 / 0.2000 g (0.0060 g to go, +0.0040 g this cycle), elapsed 877.0 s
[phase 3 tap] cycle 125: mass 0.1913 / 0.2000 g (0.0087 g to go, -0.0027 g this cycle), elapsed 880.0 s
[phase 3 tap] cycle 126: mass 0.1901 / 0.2000 g (0.0099 g to go, -0.0011 g this cycle), elapsed 883.0 s
[phase 3 tap] cycle 127: mass 0.1960 / 0.2000 g (0.0040 g to go, +0.0059 g this cycle), elapsed 887.0 s
=== phase 3/3 'tap' end (127 cycles): mass 0.1960 / 0.2000 g (0.0040 g to go, +0.0457 g this phase), elapsed 887.0 s
[dose] done: DoseResult(ok: 0.1960/0.2000 g in 887.0s; cycles bulk:0, fine:85, tap:127; 10.69 auger rev, 254 taps)
DOSE,4,0.2000,0.1960,-0.0040,ok,887.0,10.69,254,bulk:0;fine:85;tap:127,3950524,H
PROMPT,block H dose 4 done -- empty the cup for the next dose, then Enter ('skip'/'abort')
[dose] three-phase dose to 0.2000 g; taring scale
[dose] tared: baseline +0.0 mg (subtracted), drift +0.0 mg/min, read noise 0.00 mg
=== phase 1/3 'bulk' start: 0.2003 g to go, exit at 0.2000 g to go; angle 45.0 plate deg, CONTINUOUS @ 55 auger rpm (poll 250 ms, anticipation 0.1200 g), settle 800 ms
[phase 1 bulk] poll 1 (unstable): mass 0.0009 / 0.2000 g (0.1991 g to go, +0.0012 g this poll), elapsed 6.0 s
[phase 1 bulk] auger halted at 0.1991 g to go (halt threshold 0.3200 g); settling 800 ms
[phase 1 bulk] settled: mass 0.0011 / 0.2000 g (0.1989 g to go, +0.0002 g while settling), elapsed 8.0 s
=== phase 1/3 'bulk' end (1 cycles): mass 0.0011 / 0.2000 g (0.1989 g to go, +0.0014 g this phase), elapsed 8.0 s
=== phase 2/3 'fine' start: 0.1989 g to go, exit at 0.0500 g to go; angle 22.5 plate deg, 45 auger deg/cycle @ 30 rpm, 0 taps/cycle, settle 1500 ms
[phase 2 fine] cycle 1: mass -0.0212 / 0.2000 g (0.2212 g to go, -0.0224 g this cycle), elapsed 14.0 s
[phase 2 fine] cycle 2: mass -0.0240 / 0.2000 g (0.2240 g to go, -0.0027 g this cycle), elapsed 20.0 s
[phase 2 fine] cycle 3: mass -0.0135 / 0.2000 g (0.2135 g to go, +0.0104 g this cycle), elapsed 25.0 s
[phase 2 fine] cycle 4: mass -0.0134 / 0.2000 g (0.2134 g to go, +0.0001 g this cycle), elapsed 30.0 s
[phase 2 fine] cycle 5: mass -0.0133 / 0.2000 g (0.2133 g to go, +0.0001 g this cycle), elapsed 35.0 s
[phase 2 fine] cycle 6: mass -0.0175 / 0.2000 g (0.2175 g to go, -0.0042 g this cycle), elapsed 41.0 s
[phase 2 fine] cycle 7: mass -0.0178 / 0.2000 g (0.2178 g to go, -0.0002 g this cycle), elapsed 46.0 s
[phase 2 fine] cycle 8: mass -0.0136 / 0.2000 g (0.2136 g to go, +0.0042 g this cycle), elapsed 51.0 s
[phase 2 fine] cycle 9: mass -0.0096 / 0.2000 g (0.2096 g to go, +0.0040 g this cycle), elapsed 57.0 s
[phase 2 fine] cycle 10: mass -0.0131 / 0.2000 g (0.2131 g to go, -0.0035 g this cycle), elapsed 62.0 s
[phase 2 fine] cycle 11: mass -0.0134 / 0.2000 g (0.2134 g to go, -0.0003 g this cycle), elapsed 67.0 s
[phase 2 fine] cycle 12: mass -0.0105 / 0.2000 g (0.2105 g to go, +0.0029 g this cycle), elapsed 73.0 s
[phase 2 fine] cycle 13: mass -0.0103 / 0.2000 g (0.2103 g to go, +0.0003 g this cycle), elapsed 78.0 s
[phase 2 fine] cycle 14: mass -0.0135 / 0.2000 g (0.2135 g to go, -0.0032 g this cycle), elapsed 83.0 s
[phase 2 fine] cycle 15: mass -0.0138 / 0.2000 g (0.2138 g to go, -0.0003 g this cycle), elapsed 89.0 s
[phase 2 fine] cycle 16: mass -0.0086 / 0.2000 g (0.2086 g to go, +0.0052 g this cycle), elapsed 94.0 s
[phase 2 fine] cycle 17: mass -0.0091 / 0.2000 g (0.2091 g to go, -0.0005 g this cycle), elapsed 99.0 s
[phase 2 fine] cycle 18: mass -0.0132 / 0.2000 g (0.2132 g to go, -0.0041 g this cycle), elapsed 105.0 s
[phase 2 fine] cycle 19: mass -0.0042 / 0.2000 g (0.2042 g to go, +0.0090 g this cycle), elapsed 110.0 s
[phase 2 fine] cycle 20: mass -0.0070 / 0.2000 g (0.2070 g to go, -0.0028 g this cycle), elapsed 115.0 s
[phase 2 fine] cycle 21: mass 0.0020 / 0.2000 g (0.1980 g to go, +0.0089 g this cycle), elapsed 121.0 s
[phase 2 fine] cycle 22: mass 0.0018 / 0.2000 g (0.1982 g to go, -0.0001 g this cycle), elapsed 126.0 s
[phase 2 fine] cycle 23: mass 0.0019 / 0.2000 g (0.1981 g to go, +0.0001 g this cycle), elapsed 131.0 s
[phase 2 fine] cycle 24: mass -0.0008 / 0.2000 g (0.2008 g to go, -0.0027 g this cycle), elapsed 136.0 s
[phase 2 fine] cycle 25: mass 0.0026 / 0.2000 g (0.1974 g to go, +0.0034 g this cycle), elapsed 142.0 s
[phase 2 fine] cycle 26: mass 0.0108 / 0.2000 g (0.1892 g to go, +0.0082 g this cycle), elapsed 147.0 s
[phase 2 fine] cycle 27: mass 0.0168 / 0.2000 g (0.1832 g to go, +0.0060 g this cycle), elapsed 152.0 s
[phase 2 fine] cycle 28: mass 0.0238 / 0.2000 g (0.1762 g to go, +0.0070 g this cycle), elapsed 157.0 s
[phase 2 fine] cycle 29: mass 0.0250 / 0.2000 g (0.1750 g to go, +0.0012 g this cycle), elapsed 163.0 s
[phase 2 fine] cycle 30: mass 0.0204 / 0.2000 g (0.1796 g to go, -0.0046 g this cycle), elapsed 168.0 s
[phase 2 fine] cycle 31: mass 0.0154 / 0.2000 g (0.1846 g to go, -0.0049 g this cycle), elapsed 173.0 s
[phase 2 fine] cycle 32: mass 0.0241 / 0.2000 g (0.1759 g to go, +0.0086 g this cycle), elapsed 179.0 s
[phase 2 fine] cycle 33: mass 0.0270 / 0.2000 g (0.1730 g to go, +0.0029 g this cycle), elapsed 184.0 s
[phase 2 fine] cycle 34: mass 0.0280 / 0.2000 g (0.1720 g to go, +0.0010 g this cycle), elapsed 189.0 s
[phase 2 fine] cycle 35: mass 0.0355 / 0.2000 g (0.1645 g to go, +0.0075 g this cycle), elapsed 195.0 s
[phase 2 fine] cycle 36: mass 0.0322 / 0.2000 g (0.1678 g to go, -0.0033 g this cycle), elapsed 200.0 s
[phase 2 fine] cycle 37: mass 0.0345 / 0.2000 g (0.1655 g to go, +0.0024 g this cycle), elapsed 205.0 s
[phase 2 fine] cycle 38: mass 0.0438 / 0.2000 g (0.1562 g to go, +0.0093 g this cycle), elapsed 211.0 s
[phase 2 fine] cycle 39: mass 0.0326 / 0.2000 g (0.1674 g to go, -0.0112 g this cycle), elapsed 216.0 s
[phase 2 fine] cycle 40: mass 0.0405 / 0.2000 g (0.1595 g to go, +0.0078 g this cycle), elapsed 221.0 s
[phase 2 fine] cycle 41: mass 0.0363 / 0.2000 g (0.1637 g to go, -0.0042 g this cycle), elapsed 227.0 s
[phase 2 fine] cycle 42: mass 0.0377 / 0.2000 g (0.1623 g to go, +0.0015 g this cycle), elapsed 232.0 s
[phase 2 fine] cycle 43: mass 0.0452 / 0.2000 g (0.1548 g to go, +0.0075 g this cycle), elapsed 237.0 s
[phase 2 fine] cycle 44: mass 0.0429 / 0.2000 g (0.1571 g to go, -0.0023 g this cycle), elapsed 243.0 s
[phase 2 fine] cycle 45: mass 0.0452 / 0.2000 g (0.1548 g to go, +0.0023 g this cycle), elapsed 248.0 s
[phase 2 fine] cycle 46: mass 0.0469 / 0.2000 g (0.1531 g to go, +0.0017 g this cycle), elapsed 253.0 s
[phase 2 fine] cycle 47: mass 0.0501 / 0.2000 g (0.1499 g to go, +0.0032 g this cycle), elapsed 259.0 s
[phase 2 fine] cycle 48: mass 0.0527 / 0.2000 g (0.1473 g to go, +0.0025 g this cycle), elapsed 264.0 s
[phase 2 fine] cycle 49: mass 0.0598 / 0.2000 g (0.1402 g to go, +0.0071 g this cycle), elapsed 269.0 s
[phase 2 fine] cycle 50: mass 0.0580 / 0.2000 g (0.1420 g to go, -0.0017 g this cycle), elapsed 275.0 s
[phase 2 fine] cycle 51: mass 0.0626 / 0.2000 g (0.1374 g to go, +0.0046 g this cycle), elapsed 280.0 s
[phase 2 fine] cycle 52: mass 0.0675 / 0.2000 g (0.1325 g to go, +0.0049 g this cycle), elapsed 285.0 s
[phase 2 fine] cycle 53: mass 0.0699 / 0.2000 g (0.1301 g to go, +0.0024 g this cycle), elapsed 291.0 s
[phase 2 fine] cycle 54: mass 0.0733 / 0.2000 g (0.1267 g to go, +0.0034 g this cycle), elapsed 296.0 s
[phase 2 fine] cycle 55: mass 0.0727 / 0.2000 g (0.1273 g to go, -0.0006 g this cycle), elapsed 301.0 s
[phase 2 fine] cycle 56: mass 0.0738 / 0.2000 g (0.1262 g to go, +0.0010 g this cycle), elapsed 307.0 s
[phase 2 fine] cycle 57: mass 0.0814 / 0.2000 g (0.1186 g to go, +0.0076 g this cycle), elapsed 312.0 s
[phase 2 fine] cycle 58: mass 0.0801 / 0.2000 g (0.1199 g to go, -0.0013 g this cycle), elapsed 317.0 s
[phase 2 fine] cycle 59: mass 0.0896 / 0.2000 g (0.1104 g to go, +0.0095 g this cycle), elapsed 323.0 s
[phase 2 fine] cycle 60: mass 0.0889 / 0.2000 g (0.1111 g to go, -0.0008 g this cycle), elapsed 328.0 s
[phase 2 fine] cycle 61: mass 0.1001 / 0.2000 g (0.0999 g to go, +0.0112 g this cycle), elapsed 334.0 s
[phase 2 fine] cycle 62: mass 0.0848 / 0.2000 g (0.1152 g to go, -0.0153 g this cycle), elapsed 339.0 s
[phase 2 fine] cycle 63: mass 0.0898 / 0.2000 g (0.1102 g to go, +0.0050 g this cycle), elapsed 344.0 s
[phase 2 fine] cycle 64: mass 0.0983 / 0.2000 g (0.1017 g to go, +0.0085 g this cycle), elapsed 349.0 s
[phase 2 fine] cycle 65: mass 0.1049 / 0.2000 g (0.0951 g to go, +0.0066 g this cycle), elapsed 355.0 s
[phase 2 fine] cycle 66: mass 0.0967 / 0.2000 g (0.1033 g to go, -0.0081 g this cycle), elapsed 360.0 s
[phase 2 fine] cycle 67: mass 0.1104 / 0.2000 g (0.0896 g to go, +0.0137 g this cycle), elapsed 365.0 s
[phase 2 fine] cycle 68: mass 0.1212 / 0.2000 g (0.0788 g to go, +0.0108 g this cycle), elapsed 371.0 s
[phase 2 fine] cycle 69: mass 0.1187 / 0.2000 g (0.0813 g to go, -0.0025 g this cycle), elapsed 376.0 s
[phase 2 fine] cycle 70: mass 0.1173 / 0.2000 g (0.0827 g to go, -0.0014 g this cycle), elapsed 381.0 s
[phase 2 fine] cycle 71: mass 0.1109 / 0.2000 g (0.0891 g to go, -0.0064 g this cycle), elapsed 387.0 s
[phase 2 fine] cycle 72: mass 0.1233 / 0.2000 g (0.0767 g to go, +0.0125 g this cycle), elapsed 392.0 s
[phase 2 fine] cycle 73: mass 0.1217 / 0.2000 g (0.0783 g to go, -0.0017 g this cycle), elapsed 397.0 s
[phase 2 fine] cycle 74: mass 0.1168 / 0.2000 g (0.0832 g to go, -0.0049 g this cycle), elapsed 403.0 s
[phase 2 fine] cycle 75: mass 0.1202 / 0.2000 g (0.0798 g to go, +0.0034 g this cycle), elapsed 408.0 s
[phase 2 fine] cycle 76: mass 0.1300 / 0.2000 g (0.0700 g to go, +0.0098 g this cycle), elapsed 413.0 s
[phase 2 fine] cycle 77: mass 0.1336 / 0.2000 g (0.0664 g to go, +0.0036 g this cycle), elapsed 419.0 s
[phase 2 fine] cycle 78: mass 0.1354 / 0.2000 g (0.0646 g to go, +0.0018 g this cycle), elapsed 424.0 s
[phase 2 fine] cycle 79: mass 0.1338 / 0.2000 g (0.0662 g to go, -0.0015 g this cycle), elapsed 429.0 s
[phase 2 fine] cycle 80: mass 0.1314 / 0.2000 g (0.0686 g to go, -0.0024 g this cycle), elapsed 435.0 s
[phase 2 fine] cycle 81: mass 0.1294 / 0.2000 g (0.0706 g to go, -0.0020 g this cycle), elapsed 440.0 s
[phase 2 fine] cycle 82: mass 0.1521 / 0.2000 g (0.0479 g to go, +0.0227 g this cycle), elapsed 445.0 s
=== phase 2/3 'fine' end (82 cycles): mass 0.1521 / 0.2000 g (0.0479 g to go, +0.1509 g this phase), elapsed 445.0 s
=== phase 3/3 'tap' start: 0.0479 g to go, exit at 0.0050 g to go; angle 0.0 plate deg, 0 auger deg/cycle @ 0 rpm, 2 taps/cycle, settle 1500 ms
[phase 3 tap] cycle 1: mass 0.1445 / 0.2000 g (0.0555 g to go, -0.0075 g this cycle), elapsed 449.0 s
[phase 3 tap] cycle 2: mass 0.1458 / 0.2000 g (0.0542 g to go, +0.0012 g this cycle), elapsed 453.0 s
[phase 3 tap] cycle 3: mass 0.1460 / 0.2000 g (0.0540 g to go, +0.0003 g this cycle), elapsed 456.0 s
[phase 3 tap] cycle 4: mass 0.1478 / 0.2000 g (0.0522 g to go, +0.0017 g this cycle), elapsed 459.0 s
[phase 3 tap] cycle 5: mass 0.1475 / 0.2000 g (0.0525 g to go, -0.0003 g this cycle), elapsed 462.0 s
[phase 3 tap] cycle 6: mass 0.1498 / 0.2000 g (0.0502 g to go, +0.0023 g this cycle), elapsed 466.0 s
[phase 3 tap] cycle 7: mass 0.1472 / 0.2000 g (0.0528 g to go, -0.0026 g this cycle), elapsed 469.0 s
[phase 3 tap] cycle 8: mass 0.1438 / 0.2000 g (0.0562 g to go, -0.0034 g this cycle), elapsed 472.0 s
[phase 3 tap] cycle 9: mass 0.1466 / 0.2000 g (0.0534 g to go, +0.0028 g this cycle), elapsed 476.0 s
[phase 3 tap] cycle 10: mass 0.1484 / 0.2000 g (0.0516 g to go, +0.0018 g this cycle), elapsed 479.0 s
[phase 3 tap] cycle 11: mass 0.1522 / 0.2000 g (0.0478 g to go, +0.0038 g this cycle), elapsed 482.0 s
[phase 3 tap] cycle 12: mass 0.1497 / 0.2000 g (0.0503 g to go, -0.0024 g this cycle), elapsed 485.0 s
[phase 3 tap] cycle 13: mass 0.1466 / 0.2000 g (0.0534 g to go, -0.0032 g this cycle), elapsed 489.0 s
[phase 3 tap] cycle 14: mass 0.1490 / 0.2000 g (0.0510 g to go, +0.0024 g this cycle), elapsed 492.0 s
[phase 3 tap] cycle 15: mass 0.1523 / 0.2000 g (0.0477 g to go, +0.0033 g this cycle), elapsed 495.0 s
[phase 3 tap] cycle 16: mass 0.1519 / 0.2000 g (0.0481 g to go, -0.0004 g this cycle), elapsed 499.0 s
[phase 3 tap] cycle 17: mass 0.1512 / 0.2000 g (0.0488 g to go, -0.0007 g this cycle), elapsed 502.0 s
[phase 3 tap] cycle 18: mass 0.1510 / 0.2000 g (0.0490 g to go, -0.0002 g this cycle), elapsed 505.0 s
[phase 3 tap] lip empty; nudging auger 5.0 deg (nudge 1/10)
[phase 3 tap] cycle 19: mass 0.1523 / 0.2000 g (0.0477 g to go, +0.0013 g this cycle), elapsed 511.0 s
[phase 3 tap] cycle 20: mass 0.1585 / 0.2000 g (0.0415 g to go, +0.0061 g this cycle), elapsed 514.0 s
[phase 3 tap] cycle 21: mass 0.1485 / 0.2000 g (0.0515 g to go, -0.0099 g this cycle), elapsed 517.0 s
[phase 3 tap] cycle 22: mass 0.1546 / 0.2000 g (0.0454 g to go, +0.0061 g this cycle), elapsed 521.0 s
[phase 3 tap] cycle 23: mass 0.1523 / 0.2000 g (0.0477 g to go, -0.0024 g this cycle), elapsed 524.0 s
[phase 3 tap] cycle 24: mass 0.1546 / 0.2000 g (0.0454 g to go, +0.0023 g this cycle), elapsed 527.0 s
[phase 3 tap] cycle 25: mass 0.1547 / 0.2000 g (0.0453 g to go, +0.0001 g this cycle), elapsed 530.0 s
[phase 3 tap] cycle 26: mass 0.1558 / 0.2000 g (0.0442 g to go, +0.0010 g this cycle), elapsed 534.0 s
[phase 3 tap] cycle 27: mass 0.1567 / 0.2000 g (0.0433 g to go, +0.0010 g this cycle), elapsed 537.0 s
[phase 3 tap] cycle 28: mass 0.1518 / 0.2000 g (0.0482 g to go, -0.0050 g this cycle), elapsed 540.0 s
[phase 3 tap] cycle 29: mass 0.1560 / 0.2000 g (0.0440 g to go, +0.0043 g this cycle), elapsed 543.0 s
[phase 3 tap] cycle 30: mass 0.1509 / 0.2000 g (0.0491 g to go, -0.0052 g this cycle), elapsed 547.0 s
[phase 3 tap] cycle 31: mass 0.1515 / 0.2000 g (0.0485 g to go, +0.0006 g this cycle), elapsed 550.0 s
[phase 3 tap] cycle 32: mass 0.1504 / 0.2000 g (0.0496 g to go, -0.0011 g this cycle), elapsed 553.0 s
[phase 3 tap] cycle 33: mass 0.1525 / 0.2000 g (0.0475 g to go, +0.0022 g this cycle), elapsed 556.0 s
[phase 3 tap] cycle 34: mass 0.1575 / 0.2000 g (0.0425 g to go, +0.0050 g this cycle), elapsed 560.0 s
[phase 3 tap] cycle 35: mass 0.1580 / 0.2000 g (0.0420 g to go, +0.0005 g this cycle), elapsed 563.0 s
[phase 3 tap] cycle 36: mass 0.1584 / 0.2000 g (0.0416 g to go, +0.0003 g this cycle), elapsed 566.0 s
[phase 3 tap] cycle 37: mass 0.1526 / 0.2000 g (0.0474 g to go, -0.0058 g this cycle), elapsed 570.0 s
[phase 3 tap] cycle 38: mass 0.1586 / 0.2000 g (0.0414 g to go, +0.0060 g this cycle), elapsed 573.0 s
[phase 3 tap] cycle 39: mass 0.1525 / 0.2000 g (0.0475 g to go, -0.0061 g this cycle), elapsed 576.0 s
[phase 3 tap] cycle 40: mass 0.1549 / 0.2000 g (0.0451 g to go, +0.0023 g this cycle), elapsed 579.0 s
[phase 3 tap] cycle 41: mass 0.1585 / 0.2000 g (0.0415 g to go, +0.0036 g this cycle), elapsed 583.0 s
[phase 3 tap] cycle 42: mass 0.1592 / 0.2000 g (0.0408 g to go, +0.0007 g this cycle), elapsed 586.0 s
[phase 3 tap] cycle 43: mass 0.1564 / 0.2000 g (0.0436 g to go, -0.0027 g this cycle), elapsed 589.0 s
[phase 3 tap] cycle 44: mass 0.1578 / 0.2000 g (0.0422 g to go, +0.0014 g this cycle), elapsed 592.0 s
[phase 3 tap] cycle 45: mass 0.1602 / 0.2000 g (0.0398 g to go, +0.0024 g this cycle), elapsed 596.0 s
[phase 3 tap] cycle 46: mass 0.1618 / 0.2000 g (0.0382 g to go, +0.0016 g this cycle), elapsed 599.0 s
[phase 3 tap] cycle 47: mass 0.1586 / 0.2000 g (0.0414 g to go, -0.0032 g this cycle), elapsed 602.0 s
[phase 3 tap] cycle 48: mass 0.1595 / 0.2000 g (0.0405 g to go, +0.0009 g this cycle), elapsed 606.0 s
[phase 3 tap] cycle 49: mass 0.1593 / 0.2000 g (0.0407 g to go, -0.0002 g this cycle), elapsed 609.0 s
[phase 3 tap] cycle 50: mass 0.1600 / 0.2000 g (0.0400 g to go, +0.0007 g this cycle), elapsed 612.0 s
[phase 3 tap] cycle 51: mass 0.1613 / 0.2000 g (0.0387 g to go, +0.0013 g this cycle), elapsed 615.0 s
[phase 3 tap] cycle 52: mass 0.1554 / 0.2000 g (0.0446 g to go, -0.0059 g this cycle), elapsed 618.0 s
[phase 3 tap] cycle 53: mass 0.1549 / 0.2000 g (0.0451 g to go, -0.0005 g this cycle), elapsed 622.0 s
[phase 3 tap] cycle 54: mass 0.1600 / 0.2000 g (0.0400 g to go, +0.0051 g this cycle), elapsed 625.0 s
[phase 3 tap] cycle 55: mass 0.1620 / 0.2000 g (0.0380 g to go, +0.0020 g this cycle), elapsed 628.0 s
[phase 3 tap] cycle 56: mass 0.1616 / 0.2000 g (0.0384 g to go, -0.0004 g this cycle), elapsed 631.0 s
[phase 3 tap] cycle 57: mass 0.1606 / 0.2000 g (0.0394 g to go, -0.0010 g this cycle), elapsed 635.0 s
[phase 3 tap] cycle 58: mass 0.1616 / 0.2000 g (0.0384 g to go, +0.0010 g this cycle), elapsed 638.0 s
[phase 3 tap] cycle 59: mass 0.1607 / 0.2000 g (0.0393 g to go, -0.0009 g this cycle), elapsed 641.0 s
[phase 3 tap] cycle 60: mass 0.1649 / 0.2000 g (0.0351 g to go, +0.0041 g this cycle), elapsed 644.0 s
[phase 3 tap] cycle 61: mass 0.1651 / 0.2000 g (0.0349 g to go, +0.0002 g this cycle), elapsed 648.0 s
[phase 3 tap] cycle 62: mass 0.1657 / 0.2000 g (0.0343 g to go, +0.0006 g this cycle), elapsed 651.0 s
[phase 3 tap] cycle 63: mass 0.1670 / 0.2000 g (0.0330 g to go, +0.0012 g this cycle), elapsed 654.0 s
[phase 3 tap] cycle 64: mass 0.1617 / 0.2000 g (0.0383 g to go, -0.0053 g this cycle), elapsed 658.0 s
[phase 3 tap] cycle 65: mass 0.1587 / 0.2000 g (0.0413 g to go, -0.0031 g this cycle), elapsed 661.0 s
[phase 3 tap] cycle 66: mass 0.1651 / 0.2000 g (0.0349 g to go, +0.0064 g this cycle), elapsed 664.0 s
[phase 3 tap] cycle 67: mass 0.1606 / 0.2000 g (0.0394 g to go, -0.0045 g this cycle), elapsed 668.0 s
[phase 3 tap] cycle 68: mass 0.1611 / 0.2000 g (0.0389 g to go, +0.0004 g this cycle), elapsed 671.0 s
[phase 3 tap] cycle 69: mass 0.1604 / 0.2000 g (0.0396 g to go, -0.0007 g this cycle), elapsed 674.0 s
[phase 3 tap] cycle 70: mass 0.1630 / 0.2000 g (0.0370 g to go, +0.0027 g this cycle), elapsed 677.0 s
[phase 3 tap] cycle 71: mass 0.1674 / 0.2000 g (0.0326 g to go, +0.0044 g this cycle), elapsed 681.0 s
[phase 3 tap] cycle 72: mass 0.1605 / 0.2000 g (0.0395 g to go, -0.0070 g this cycle), elapsed 684.0 s
[phase 3 tap] cycle 73: mass 0.1637 / 0.2000 g (0.0363 g to go, +0.0033 g this cycle), elapsed 687.0 s
[phase 3 tap] cycle 74: mass 0.1577 / 0.2000 g (0.0423 g to go, -0.0060 g this cycle), elapsed 691.0 s
[phase 3 tap] cycle 75: mass 0.1629 / 0.2000 g (0.0371 g to go, +0.0052 g this cycle), elapsed 694.0 s
[phase 3 tap] cycle 76: mass 0.1606 / 0.2000 g (0.0394 g to go, -0.0023 g this cycle), elapsed 697.0 s
[phase 3 tap] cycle 77: mass 0.1610 / 0.2000 g (0.0390 g to go, +0.0004 g this cycle), elapsed 701.0 s
[phase 3 tap] cycle 78: mass 0.1636 / 0.2000 g (0.0364 g to go, +0.0026 g this cycle), elapsed 704.0 s
[phase 3 tap] cycle 79: mass 0.1619 / 0.2000 g (0.0381 g to go, -0.0017 g this cycle), elapsed 707.0 s
[phase 3 tap] cycle 80: mass 0.1632 / 0.2000 g (0.0368 g to go, +0.0013 g this cycle), elapsed 710.0 s
[phase 3 tap] cycle 81: mass 0.1629 / 0.2000 g (0.0371 g to go, -0.0002 g this cycle), elapsed 714.0 s
[phase 3 tap] cycle 82: mass 0.1635 / 0.2000 g (0.0365 g to go, +0.0005 g this cycle), elapsed 717.0 s
[phase 3 tap] cycle 83: mass 0.1627 / 0.2000 g (0.0373 g to go, -0.0008 g this cycle), elapsed 720.0 s
[phase 3 tap] cycle 84: mass 0.1648 / 0.2000 g (0.0352 g to go, +0.0021 g this cycle), elapsed 724.0 s
[phase 3 tap] cycle 85: mass 0.1652 / 0.2000 g (0.0348 g to go, +0.0005 g this cycle), elapsed 727.0 s
[phase 3 tap] cycle 86: mass 0.1688 / 0.2000 g (0.0312 g to go, +0.0035 g this cycle), elapsed 730.0 s
[phase 3 tap] cycle 87: mass 0.1681 / 0.2000 g (0.0319 g to go, -0.0006 g this cycle), elapsed 733.0 s
[phase 3 tap] cycle 88: mass 0.1640 / 0.2000 g (0.0360 g to go, -0.0041 g this cycle), elapsed 736.0 s
[phase 3 tap] cycle 89: mass 0.1657 / 0.2000 g (0.0343 g to go, +0.0017 g this cycle), elapsed 740.0 s
[phase 3 tap] cycle 90: mass 0.1684 / 0.2000 g (0.0316 g to go, +0.0027 g this cycle), elapsed 743.0 s
[phase 3 tap] cycle 91: mass 0.1690 / 0.2000 g (0.0310 g to go, +0.0006 g this cycle), elapsed 746.0 s
[phase 3 tap] cycle 92: mass 0.1685 / 0.2000 g (0.0315 g to go, -0.0006 g this cycle), elapsed 749.0 s
[phase 3 tap] cycle 93: mass 0.1710 / 0.2000 g (0.0290 g to go, +0.0025 g this cycle), elapsed 753.0 s
[phase 3 tap] cycle 94: mass 0.1698 / 0.2000 g (0.0302 g to go, -0.0012 g this cycle), elapsed 756.0 s
[phase 3 tap] cycle 95: mass 0.1697 / 0.2000 g (0.0303 g to go, -0.0002 g this cycle), elapsed 759.0 s
[phase 3 tap] cycle 96: mass 0.1679 / 0.2000 g (0.0321 g to go, -0.0018 g this cycle), elapsed 763.0 s
[phase 3 tap] lip empty; nudging auger 5.0 deg (nudge 2/10)
[phase 3 tap] cycle 97: mass 0.1665 / 0.2000 g (0.0335 g to go, -0.0013 g this cycle), elapsed 768.0 s
[phase 3 tap] cycle 98: mass 0.1706 / 0.2000 g (0.0294 g to go, +0.0040 g this cycle), elapsed 771.0 s
[phase 3 tap] cycle 99: mass 0.1713 / 0.2000 g (0.0287 g to go, +0.0008 g this cycle), elapsed 775.0 s
[phase 3 tap] cycle 100: mass 0.1720 / 0.2000 g (0.0280 g to go, +0.0006 g this cycle), elapsed 778.0 s
[phase 3 tap] cycle 101: mass 0.1683 / 0.2000 g (0.0317 g to go, -0.0037 g this cycle), elapsed 781.0 s
[phase 3 tap] cycle 102: mass 0.1712 / 0.2000 g (0.0288 g to go, +0.0029 g this cycle), elapsed 785.0 s
[phase 3 tap] cycle 103: mass 0.1733 / 0.2000 g (0.0267 g to go, +0.0021 g this cycle), elapsed 788.0 s
[phase 3 tap] cycle 104: mass 0.1722 / 0.2000 g (0.0278 g to go, -0.0010 g this cycle), elapsed 791.0 s
[phase 3 tap] cycle 105: mass 0.1779 / 0.2000 g (0.0221 g to go, +0.0057 g this cycle), elapsed 794.0 s
[phase 3 tap] cycle 106: mass 0.1688 / 0.2000 g (0.0312 g to go, -0.0091 g this cycle), elapsed 798.0 s
[phase 3 tap] cycle 107: mass 0.1773 / 0.2000 g (0.0227 g to go, +0.0085 g this cycle), elapsed 801.0 s
[phase 3 tap] cycle 108: mass 0.1724 / 0.2000 g (0.0276 g to go, -0.0049 g this cycle), elapsed 804.0 s
[phase 3 tap] cycle 109: mass 0.1755 / 0.2000 g (0.0245 g to go, +0.0031 g this cycle), elapsed 807.0 s
[phase 3 tap] cycle 110: mass 0.1758 / 0.2000 g (0.0242 g to go, +0.0003 g this cycle), elapsed 811.0 s
[phase 3 tap] cycle 111: mass 0.1734 / 0.2000 g (0.0266 g to go, -0.0025 g this cycle), elapsed 814.0 s
[phase 3 tap] cycle 112: mass 0.1770 / 0.2000 g (0.0230 g to go, +0.0036 g this cycle), elapsed 817.0 s
[phase 3 tap] cycle 113: mass 0.1775 / 0.2000 g (0.0225 g to go, +0.0005 g this cycle), elapsed 820.0 s
[phase 3 tap] cycle 114: mass 0.1757 / 0.2000 g (0.0243 g to go, -0.0018 g this cycle), elapsed 824.0 s
[phase 3 tap] cycle 115: mass 0.1756 / 0.2000 g (0.0244 g to go, -0.0001 g this cycle), elapsed 827.0 s
[phase 3 tap] cycle 116: mass 0.1793 / 0.2000 g (0.0207 g to go, +0.0036 g this cycle), elapsed 830.0 s
[phase 3 tap] cycle 117: mass 0.1781 / 0.2000 g (0.0219 g to go, -0.0012 g this cycle), elapsed 833.0 s
[phase 3 tap] cycle 118: mass 0.1808 / 0.2000 g (0.0192 g to go, +0.0027 g this cycle), elapsed 837.0 s
[phase 3 tap] cycle 119: mass 0.1845 / 0.2000 g (0.0155 g to go, +0.0037 g this cycle), elapsed 840.0 s
[phase 3 tap] cycle 120: mass 0.1836 / 0.2000 g (0.0164 g to go, -0.0009 g this cycle), elapsed 843.0 s
[phase 3 tap] cycle 121: mass 0.1870 / 0.2000 g (0.0130 g to go, +0.0034 g this cycle), elapsed 846.0 s
[phase 3 tap] cycle 122: mass 0.1805 / 0.2000 g (0.0195 g to go, -0.0065 g this cycle), elapsed 850.0 s
[phase 3 tap] cycle 123: mass 0.1833 / 0.2000 g (0.0167 g to go, +0.0028 g this cycle), elapsed 853.0 s
[phase 3 tap] cycle 124: mass 0.1898 / 0.2000 g (0.0102 g to go, +0.0065 g this cycle), elapsed 856.0 s
[phase 3 tap] cycle 125: mass 0.1873 / 0.2000 g (0.0127 g to go, -0.0026 g this cycle), elapsed 859.0 s
[phase 3 tap] cycle 126: mass 0.1942 / 0.2000 g (0.0058 g to go, +0.0069 g this cycle), elapsed 863.0 s
[phase 3 tap] cycle 127: mass 0.1930 / 0.2000 g (0.0070 g to go, -0.0012 g this cycle), elapsed 866.0 s
[phase 3 tap] cycle 128: mass 0.1843 / 0.2000 g (0.0157 g to go, -0.0088 g this cycle), elapsed 869.0 s
[phase 3 tap] cycle 129: mass 0.1881 / 0.2000 g (0.0119 g to go, +0.0038 g this cycle), elapsed 873.0 s
[phase 3 tap] cycle 130: mass 0.1913 / 0.2000 g (0.0087 g to go, +0.0032 g this cycle), elapsed 876.0 s
[phase 3 tap] cycle 131: mass 0.1930 / 0.2000 g (0.0070 g to go, +0.0018 g this cycle), elapsed 879.0 s
[phase 3 tap] cycle 132: mass 0.1954 / 0.2000 g (0.0046 g to go, +0.0023 g this cycle), elapsed 882.0 s
=== phase 3/3 'tap' end (132 cycles): mass 0.1954 / 0.2000 g (0.0046 g to go, +0.0433 g this phase), elapsed 882.0 s
[dose] done: DoseResult(ok: 0.1954/0.2000 g in 882.0s; cycles bulk:1, fine:82, tap:132; 11.19 auger rev, 264 taps)
DOSE,5,0.2000,0.1954,-0.0046,ok,882.0,11.19,264,bulk:1;fine:82;tap:132,4833110,H
META,park_tilt_deg,0.0
META,env.brackets,0
META,env.disturbed_trials,0
META,env.drift_corrected_g,0.0000
META,env.quiet_waits,0
META,env.retries,0
META,env.shock_events,0
META,env.shock_total_g,0.0000
META,env.unsettled_brackets,0
RUN,END,ok
