M,experiment,blocked-auger-balance-disturbance
M,powder_id,none-blocked-auger
M,poll_ms,60
M,rpm_ladder,15|30|55|75
M,spin_s,15.0
M,n_tap_single,20
M,n_tap_burst,8
M,tap_on_off_ms,60|150
M,n_rot,10
M,rot_deg_rpm,45|30
M,combined_s_rpm,20|55
M,servo_targets,25|60
M,guard_g,5.0
M,note,no zero(): A&D refuses Z under load; absolute series
P,82,ref_start,-0.0319
P,559,ref_start,-0.0318
P,2759,ref_start,-0.0222
M,m0_abs_g,-0.0222
E,3238,BLOCK_START,quiet_pre
D,3332,quiet_pre,-0.0222,S,0,0,0.0
D,3428,quiet_pre,-0.0222,S,0,0,0.0
D,3524,quiet_pre,-0.0222,S,0,0,0.0
D,3619,quiet_pre,-0.0222,S,0,0,0.0
D,3715,quiet_pre,-0.0222,S,0,0,0.0
D,3811,quiet_pre,-0.0222,S,0,0,0.0
D,3905,quiet_pre,-0.0222,S,0,0,0.0
D,4001,quiet_pre,-0.0222,S,0,0,0.0
D,4097,quiet_pre,-0.0221,S,0,0,0.0
D,4193,quiet_pre,-0.0221,S,0,0,0.0
D,4289,quiet_pre,-0.0221,S,0,0,0.0
D,4384,quiet_pre,-0.0221,S,0,0,0.0
D,4480,quiet_pre,-0.0221,S,0,0,0.0
D,4576,quiet_pre,-0.0221,S,0,0,0.0
D,4672,quiet_pre,-0.0221,S,0,0,0.0
D,4768,quiet_pre,-0.0221,S,0,0,0.0
D,4862,quiet_pre,-0.0220,S,0,0,0.0
D,4958,quiet_pre,-0.0220,S,0,0,0.0
D,5053,quiet_pre,-0.0218,U,0,0,0.0
D,5149,quiet_pre,-0.0218,U,0,0,0.0
D,5245,quiet_pre,-0.0217,U,0,0,0.0
D,5341,quiet_pre,-0.0216,U,0,0,0.0
D,5437,quiet_pre,-0.0216,U,0,0,0.0
D,5533,quiet_pre,-0.0215,U,0,0,0.0
D,5628,quiet_pre,-0.0214,U,0,0,0.0
D,5722,quiet_pre,-0.0214,U,0,0,0.0
D,5818,quiet_pre,-0.0213,U,0,0,0.0
D,5914,quiet_pre,-0.0212,U,0,0,0.0
D,6010,quiet_pre,-0.0211,U,0,0,0.0
D,6106,quiet_pre,-0.0211,U,0,0,0.0
D,6202,quiet_pre,-0.0210,U,0,0,0.0
D,6297,quiet_pre,-0.0209,U,0,0,0.0
D,6393,quiet_pre,-0.0208,U,0,0,0.0
D,6489,quiet_pre,-0.0207,U,0,0,0.0
D,6583,quiet_pre,-0.0206,U,0,0,0.0
D,6679,quiet_pre,-0.0205,U,0,0,0.0
D,6775,quiet_pre,-0.0204,U,0,0,0.0
D,6870,quiet_pre,-0.0204,U,0,0,0.0
D,6966,quiet_pre,-0.0203,U,0,0,0.0
D,7062,quiet_pre,-0.0203,U,0,0,0.0
D,7158,quiet_pre,-0.0202,U,0,0,0.0
D,7254,quiet_pre,-0.0202,U,0,0,0.0
D,7350,quiet_pre,-0.0202,U,0,0,0.0
D,7443,quiet_pre,-0.0202,S,0,0,0.0
D,7539,quiet_pre,-0.0201,U,0,0,0.0
D,7635,quiet_pre,-0.0201,S,0,0,0.0
D,7731,quiet_pre,-0.0201,S,0,0,0.0
D,7827,quiet_pre,-0.0201,S,0,0,0.0
D,7923,quiet_pre,-0.0202,S,0,0,0.0
D,8019,quiet_pre,-0.0202,S,0,0,0.0
D,8114,quiet_pre,-0.0202,S,0,0,0.0
D,8210,quiet_pre,-0.0202,S,0,0,0.0
D,8306,quiet_pre,-0.0203,U,0,0,0.0
D,8400,quiet_pre,-0.0203,S,0,0,0.0
D,8496,quiet_pre,-0.0203,S,0,0,0.0
D,8592,quiet_pre,-0.0203,S,0,0,0.0
D,8688,quiet_pre,-0.0204,U,0,0,0.0
D,8783,quiet_pre,-0.0204,S,0,0,0.0
D,8879,quiet_pre,-0.0204,S,0,0,0.0
D,8975,quiet_pre,-0.0204,S,0,0,0.0
D,9071,quiet_pre,-0.0204,S,0,0,0.0
D,9167,quiet_pre,-0.0204,S,0,0,0.0
D,9261,quiet_pre,-0.0205,S,0,0,0.0
D,9356,quiet_pre,-0.0206,U,0,0,0.0
D,9452,quiet_pre,-0.0206,U,0,0,0.0
D,9548,quiet_pre,-0.0206,U,0,0,0.0
D,9644,quiet_pre,-0.0206,U,0,0,0.0
D,9740,quiet_pre,-0.0206,S,0,0,0.0
D,9836,quiet_pre,-0.0206,S,0,0,0.0
D,9931,quiet_pre,-0.0206,S,0,0,0.0
D,10027,quiet_pre,-0.0206,S,0,0,0.0
D,10129,quiet_pre,-0.0206,S,0,0,0.0
D,10219,quiet_pre,-0.0205,S,0,0,0.0
D,10313,quiet_pre,-0.0205,S,0,0,0.0
D,10409,quiet_pre,-0.0205,S,0,0,0.0
D,10505,quiet_pre,-0.0205,S,0,0,0.0
D,10600,quiet_pre,-0.0205,S,0,0,0.0
D,10696,quiet_pre,-0.0205,S,0,0,0.0
D,10792,quiet_pre,-0.0205,S,0,0,0.0
D,10888,quiet_pre,-0.0204,S,0,0,0.0
D,10984,quiet_pre,-0.0204,S,0,0,0.0
D,11078,quiet_pre,-0.0204,S,0,0,0.0
D,11173,quiet_pre,-0.0201,U,0,0,0.0
D,11269,quiet_pre,-0.0201,U,0,0,0.0
D,11364,quiet_pre,-0.0200,U,0,0,0.0
D,11460,quiet_pre,-0.0200,U,0,0,0.0
D,11556,quiet_pre,-0.0200,U,0,0,0.0
D,11652,quiet_pre,-0.0200,S,0,0,0.0
D,11749,quiet_pre,-0.0199,U,0,0,0.0
D,11844,quiet_pre,-0.0199,S,0,0,0.0
D,11938,quiet_pre,-0.0199,S,0,0,0.0
D,12034,quiet_pre,-0.0199,S,0,0,0.0
D,12130,quiet_pre,-0.0199,S,0,0,0.0
D,12226,quiet_pre,-0.0199,S,0,0,0.0
D,12322,quiet_pre,-0.0199,S,0,0,0.0
D,12417,quiet_pre,-0.0199,S,0,0,0.0
D,12513,quiet_pre,-0.0199,S,0,0,0.0
D,12609,quiet_pre,-0.0199,S,0,0,0.0
D,12705,quiet_pre,-0.0199,S,0,0,0.0
D,12799,quiet_pre,-0.0199,S,0,0,0.0
D,12895,quiet_pre,-0.0199,S,0,0,0.0
D,12991,quiet_pre,-0.0199,S,0,0,0.0
D,13087,quiet_pre,-0.0199,S,0,0,0.0
D,13182,quiet_pre,-0.0199,S,0,0,0.0
D,13278,quiet_pre,-0.0199,S,0,0,0.0
D,13374,quiet_pre,-0.0199,S,0,0,0.0
D,13470,quiet_pre,-0.0199,S,0,0,0.0
D,13566,quiet_pre,-0.0199,S,0,0,0.0
D,13662,quiet_pre,-0.0199,S,0,0,0.0
D,13756,quiet_pre,-0.0199,S,0,0,0.0
D,13851,quiet_pre,-0.0199,S,0,0,0.0
D,13947,quiet_pre,-0.0199,S,0,0,0.0
D,14043,quiet_pre,-0.0199,S,0,0,0.0
D,14139,quiet_pre,-0.0199,S,0,0,0.0
D,14235,quiet_pre,-0.0199,S,0,0,0.0
D,14331,quiet_pre,-0.0199,S,0,0,0.0
D,14426,quiet_pre,-0.0199,S,0,0,0.0
D,14523,quiet_pre,-0.0199,S,0,0,0.0
D,14616,quiet_pre,-0.0199,S,0,0,0.0
D,14712,quiet_pre,-0.0199,S,0,0,0.0
D,14808,quiet_pre,-0.0199,S,0,0,0.0
D,14904,quiet_pre,-0.0199,S,0,0,0.0
D,15000,quiet_pre,-0.0198,S,0,0,0.0
D,15096,quiet_pre,-0.0198,S,0,0,0.0
D,15192,quiet_pre,-0.0198,S,0,0,0.0
D,15287,quiet_pre,-0.0195,U,0,0,0.0
D,15383,quiet_pre,-0.0195,U,0,0,0.0
D,15476,quiet_pre,-0.0194,U,0,0,0.0
D,15572,quiet_pre,-0.0194,U,0,0,0.0
D,15668,quiet_pre,-0.0194,U,0,0,0.0
D,15764,quiet_pre,-0.0194,S,0,0,0.0
D,15860,quiet_pre,-0.0193,U,0,0,0.0
D,15956,quiet_pre,-0.0193,S,0,0,0.0
D,16052,quiet_pre,-0.0193,S,0,0,0.0
D,16148,quiet_pre,-0.0193,S,0,0,0.0
D,16243,quiet_pre,-0.0193,S,0,0,0.0
D,16339,quiet_pre,-0.0193,S,0,0,0.0
D,16433,quiet_pre,-0.0193,S,0,0,0.0
D,16529,quiet_pre,-0.0193,S,0,0,0.0
D,16625,quiet_pre,-0.0193,S,0,0,0.0
D,16720,quiet_pre,-0.0192,S,0,0,0.0
D,16817,quiet_pre,-0.0192,S,0,0,0.0
D,16912,quiet_pre,-0.0192,S,0,0,0.0
D,17008,quiet_pre,-0.0192,S,0,0,0.0
D,17104,quiet_pre,-0.0192,S,0,0,0.0
D,17200,quiet_pre,-0.0192,S,0,0,0.0
D,17294,quiet_pre,-0.0192,S,0,0,0.0
D,17390,quiet_pre,-0.0192,S,0,0,0.0
D,17485,quiet_pre,-0.0192,S,0,0,0.0
D,17581,quiet_pre,-0.0192,S,0,0,0.0
D,17677,quiet_pre,-0.0192,S,0,0,0.0
D,17773,quiet_pre,-0.0192,S,0,0,0.0
D,17869,quiet_pre,-0.0191,S,0,0,0.0
D,17965,quiet_pre,-0.0191,S,0,0,0.0
D,18061,quiet_pre,-0.0191,S,0,0,0.0
D,18154,quiet_pre,-0.0191,S,0,0,0.0
D,18250,quiet_pre,-0.0191,S,0,0,0.0
D,18346,quiet_pre,-0.0188,U,0,0,0.0
D,18442,quiet_pre,-0.0188,U,0,0,0.0
D,18538,quiet_pre,-0.0188,U,0,0,0.0
D,18633,quiet_pre,-0.0187,U,0,0,0.0
D,18729,quiet_pre,-0.0187,U,0,0,0.0
D,18825,quiet_pre,-0.0186,U,0,0,0.0
D,18921,quiet_pre,-0.0186,U,0,0,0.0
D,19017,quiet_pre,-0.0185,U,0,0,0.0
D,19111,quiet_pre,-0.0185,U,0,0,0.0
D,19207,quiet_pre,-0.0185,U,0,0,0.0
D,19302,quiet_pre,-0.0184,U,0,0,0.0
D,19398,quiet_pre,-0.0184,U,0,0,0.0
D,19494,quiet_pre,-0.0184,S,0,0,0.0
D,19590,quiet_pre,-0.0184,S,0,0,0.0
D,19686,quiet_pre,-0.0183,U,0,0,0.0
D,19782,quiet_pre,-0.0183,S,0,0,0.0
D,19878,quiet_pre,-0.0183,S,0,0,0.0
D,19971,quiet_pre,-0.0182,U,0,0,0.0
D,20067,quiet_pre,-0.0182,U,0,0,0.0
D,20163,quiet_pre,-0.0181,U,0,0,0.0
D,20259,quiet_pre,-0.0180,U,0,0,0.0
D,20355,quiet_pre,-0.0180,U,0,0,0.0
D,20451,quiet_pre,-0.0179,U,0,0,0.0
D,20546,quiet_pre,-0.0179,U,0,0,0.0
D,20642,quiet_pre,-0.0178,U,0,0,0.0
D,20738,quiet_pre,-0.0178,U,0,0,0.0
D,20832,quiet_pre,-0.0177,U,0,0,0.0
D,20928,quiet_pre,-0.0177,U,0,0,0.0
D,21024,quiet_pre,-0.0176,U,0,0,0.0
D,21119,quiet_pre,-0.0176,U,0,0,0.0
D,21215,quiet_pre,-0.0175,U,0,0,0.0
D,21311,quiet_pre,-0.0175,U,0,0,0.0
D,21407,quiet_pre,-0.0174,U,0,0,0.0
D,21503,quiet_pre,-0.0174,U,0,0,0.0
D,21599,quiet_pre,-0.0173,U,0,0,0.0
D,21695,quiet_pre,-0.0173,U,0,0,0.0
D,21788,quiet_pre,-0.0173,U,0,0,0.0
D,21884,quiet_pre,-0.0172,U,0,0,0.0
D,21980,quiet_pre,-0.0172,U,0,0,0.0
D,22076,quiet_pre,-0.0171,U,0,0,0.0
D,22172,quiet_pre,-0.0171,U,0,0,0.0
D,22268,quiet_pre,-0.0170,U,0,0,0.0
D,22363,quiet_pre,-0.0170,U,0,0,0.0
D,22459,quiet_pre,-0.0170,U,0,0,0.0
D,22555,quiet_pre,-0.0169,U,0,0,0.0
D,22649,quiet_pre,-0.0169,U,0,0,0.0
D,22745,quiet_pre,-0.0169,S,0,0,0.0
D,22852,quiet_pre,-0.0168,U,0,0,0.0
D,23032,quiet_pre,-0.0167,U,0,0,0.0
D,23128,quiet_pre,-0.0167,U,0,0,0.0
D,23224,quiet_pre,-0.0167,U,0,0,0.0
D,23320,quiet_pre,-0.0167,S,0,0,0.0
D,23416,quiet_pre,-0.0166,U,0,0,0.0
D,23510,quiet_pre,-0.0166,S,0,0,0.0
D,23605,quiet_pre,-0.0166,S,0,0,0.0
D,23701,quiet_pre,-0.0165,U,0,0,0.0
D,23797,quiet_pre,-0.0165,U,0,0,0.0
D,23893,quiet_pre,-0.0165,S,0,0,0.0
D,23989,quiet_pre,-0.0165,S,0,0,0.0
D,24085,quiet_pre,-0.0165,S,0,0,0.0
D,24181,quiet_pre,-0.0165,S,0,0,0.0
D,24276,quiet_pre,-0.0165,S,0,0,0.0
D,24372,quiet_pre,-0.0165,S,0,0,0.0
D,24466,quiet_pre,-0.0165,S,0,0,0.0
D,24562,quiet_pre,-0.0165,S,0,0,0.0
D,24658,quiet_pre,-0.0165,S,0,0,0.0
D,24754,quiet_pre,-0.0166,S,0,0,0.0
D,24850,quiet_pre,-0.0166,S,0,0,0.0
D,24945,quiet_pre,-0.0166,S,0,0,0.0
D,25041,quiet_pre,-0.0166,S,0,0,0.0
D,25137,quiet_pre,-0.0166,S,0,0,0.0
D,25233,quiet_pre,-0.0166,S,0,0,0.0
D,25327,quiet_pre,-0.0166,S,0,0,0.0
D,25423,quiet_pre,-0.0167,S,0,0,0.0
D,25519,quiet_pre,-0.0167,S,0,0,0.0
D,25614,quiet_pre,-0.0167,S,0,0,0.0
D,25710,quiet_pre,-0.0167,S,0,0,0.0
D,25806,quiet_pre,-0.0167,S,0,0,0.0
D,25902,quiet_pre,-0.0167,S,0,0,0.0
D,25998,quiet_pre,-0.0169,U,0,0,0.0
D,26093,quiet_pre,-0.0169,U,0,0,0.0
D,26187,quiet_pre,-0.0170,U,0,0,0.0
D,26283,quiet_pre,-0.0170,U,0,0,0.0
D,26379,quiet_pre,-0.0170,U,0,0,0.0
D,26475,quiet_pre,-0.0170,S,0,0,0.0
D,26571,quiet_pre,-0.0171,U,0,0,0.0
D,26666,quiet_pre,-0.0171,S,0,0,0.0
D,26762,quiet_pre,-0.0171,S,0,0,0.0
D,26858,quiet_pre,-0.0171,S,0,0,0.0
D,26954,quiet_pre,-0.0172,U,0,0,0.0
D,27050,quiet_pre,-0.0172,S,0,0,0.0
D,27144,quiet_pre,-0.0172,S,0,0,0.0
D,27240,quiet_pre,-0.0172,S,0,0,0.0
D,27335,quiet_pre,-0.0172,S,0,0,0.0
D,27431,quiet_pre,-0.0172,S,0,0,0.0
D,27527,quiet_pre,-0.0172,S,0,0,0.0
D,27623,quiet_pre,-0.0171,S,0,0,0.0
D,27719,quiet_pre,-0.0171,S,0,0,0.0
D,27815,quiet_pre,-0.0171,S,0,0,0.0
D,27911,quiet_pre,-0.0171,S,0,0,0.0
D,28004,quiet_pre,-0.0171,S,0,0,0.0
D,28100,quiet_pre,-0.0171,S,0,0,0.0
D,28196,quiet_pre,-0.0171,S,0,0,0.0
D,28292,quiet_pre,-0.0170,S,0,0,0.0
D,28388,quiet_pre,-0.0170,S,0,0,0.0
D,28484,quiet_pre,-0.0170,S,0,0,0.0
D,28580,quiet_pre,-0.0170,S,0,0,0.0
D,28675,quiet_pre,-0.0170,S,0,0,0.0
D,28771,quiet_pre,-0.0170,S,0,0,0.0
D,28865,quiet_pre,-0.0170,S,0,0,0.0
D,28961,quiet_pre,-0.0169,S,0,0,0.0
D,29057,quiet_pre,-0.0169,S,0,0,0.0
D,29153,quiet_pre,-0.0169,S,0,0,0.0
D,29249,quiet_pre,-0.0169,S,0,0,0.0
D,29345,quiet_pre,-0.0169,S,0,0,0.0
D,29441,quiet_pre,-0.0169,S,0,0,0.0
D,29536,quiet_pre,-0.0169,S,0,0,0.0
D,29632,quiet_pre,-0.0169,S,0,0,0.0
D,29728,quiet_pre,-0.0169,S,0,0,0.0
D,29822,quiet_pre,-0.0169,S,0,0,0.0
D,29918,quiet_pre,-0.0169,S,0,0,0.0
D,30014,quiet_pre,-0.0169,S,0,0,0.0
D,30109,quiet_pre,-0.0169,S,0,0,0.0
D,30205,quiet_pre,-0.0170,S,0,0,0.0
D,30301,quiet_pre,-0.0170,S,0,0,0.0
D,30397,quiet_pre,-0.0170,S,0,0,0.0
D,30493,quiet_pre,-0.0170,S,0,0,0.0
D,30589,quiet_pre,-0.0170,S,0,0,0.0
D,30683,quiet_pre,-0.0170,S,0,0,0.0
D,30779,quiet_pre,-0.0170,S,0,0,0.0
D,30874,quiet_pre,-0.0170,S,0,0,0.0
D,30970,quiet_pre,-0.0170,S,0,0,0.0
D,31066,quiet_pre,-0.0170,S,0,0,0.0
D,31162,quiet_pre,-0.0170,S,0,0,0.0
D,31258,quiet_pre,-0.0170,S,0,0,0.0
D,31354,quiet_pre,-0.0170,S,0,0,0.0
D,31450,quiet_pre,-0.0170,S,0,0,0.0
D,31544,quiet_pre,-0.0170,S,0,0,0.0
D,31639,quiet_pre,-0.0170,S,0,0,0.0
D,31735,quiet_pre,-0.0170,S,0,0,0.0
D,31831,quiet_pre,-0.0170,S,0,0,0.0
D,31927,quiet_pre,-0.0170,S,0,0,0.0
D,32023,quiet_pre,-0.0171,S,0,0,0.0
D,32119,quiet_pre,-0.0171,S,0,0,0.0
D,32214,quiet_pre,-0.0171,S,0,0,0.0
D,32310,quiet_pre,-0.0171,S,0,0,0.0
D,32406,quiet_pre,-0.0171,S,0,0,0.0
D,32500,quiet_pre,-0.0171,S,0,0,0.0
D,32596,quiet_pre,-0.0171,S,0,0,0.0
D,32692,quiet_pre,-0.0171,S,0,0,0.0
D,32788,quiet_pre,-0.0171,S,0,0,0.0
D,32884,quiet_pre,-0.0171,S,0,0,0.0
D,32979,quiet_pre,-0.0171,S,0,0,0.0
D,33075,quiet_pre,-0.0171,S,0,0,0.0
D,33171,quiet_pre,-0.0171,S,0,0,0.0
D,33267,quiet_pre,-0.0171,S,0,0,0.0
D,33361,quiet_pre,-0.0171,S,0,0,0.0
D,33456,quiet_pre,-0.0171,S,0,0,0.0
D,33553,quiet_pre,-0.0172,S,0,0,0.0
D,33648,quiet_pre,-0.0172,S,0,0,0.0
D,33744,quiet_pre,-0.0172,S,0,0,0.0
D,33840,quiet_pre,-0.0172,S,0,0,0.0
D,33936,quiet_pre,-0.0172,S,0,0,0.0
D,34032,quiet_pre,-0.0172,S,0,0,0.0
D,34128,quiet_pre,-0.0172,S,0,0,0.0
D,34221,quiet_pre,-0.0172,S,0,0,0.0
D,34317,quiet_pre,-0.0172,S,0,0,0.0
D,34413,quiet_pre,-0.0172,S,0,0,0.0
D,34509,quiet_pre,-0.0172,S,0,0,0.0
D,34605,quiet_pre,-0.0172,S,0,0,0.0
D,34700,quiet_pre,-0.0172,S,0,0,0.0
D,34796,quiet_pre,-0.0172,S,0,0,0.0
D,34892,quiet_pre,-0.0172,S,0,0,0.0
D,34988,quiet_pre,-0.0172,S,0,0,0.0
D,35084,quiet_pre,-0.0172,S,0,0,0.0
D,35178,quiet_pre,-0.0172,S,0,0,0.0
D,35274,quiet_pre,-0.0172,S,0,0,0.0
D,35370,quiet_pre,-0.0173,S,0,0,0.0
D,35465,quiet_pre,-0.0173,S,0,0,0.0
D,35561,quiet_pre,-0.0173,S,0,0,0.0
D,35662,quiet_pre,-0.0173,S,0,0,0.0
D,35753,quiet_pre,-0.0173,S,0,0,0.0
D,35849,quiet_pre,-0.0173,S,0,0,0.0
D,35944,quiet_pre,-0.0173,S,0,0,0.0
D,36037,quiet_pre,-0.0177,U,0,0,0.0
D,36133,quiet_pre,-0.0178,U,0,0,0.0
D,36229,quiet_pre,-0.0178,U,0,0,0.0
D,36325,quiet_pre,-0.0179,U,0,0,0.0
D,36421,quiet_pre,-0.0179,U,0,0,0.0
D,36517,quiet_pre,-0.0180,U,0,0,0.0
D,36612,quiet_pre,-0.0180,U,0,0,0.0
D,36708,quiet_pre,-0.0180,U,0,0,0.0
D,36804,quiet_pre,-0.0181,U,0,0,0.0
D,36898,quiet_pre,-0.0181,U,0,0,0.0
D,36994,quiet_pre,-0.0181,S,0,0,0.0
D,37090,quiet_pre,-0.0181,S,0,0,0.0
D,37186,quiet_pre,-0.0181,S,0,0,0.0
D,37281,quiet_pre,-0.0182,S,0,0,0.0
D,37377,quiet_pre,-0.0182,S,0,0,0.0
D,37473,quiet_pre,-0.0182,S,0,0,0.0
D,37569,quiet_pre,-0.0182,S,0,0,0.0
D,37665,quiet_pre,-0.0182,S,0,0,0.0
D,37761,quiet_pre,-0.0182,S,0,0,0.0
D,37854,quiet_pre,-0.0181,S,0,0,0.0
D,37950,quiet_pre,-0.0181,S,0,0,0.0
D,38046,quiet_pre,-0.0181,S,0,0,0.0
D,38142,quiet_pre,-0.0181,S,0,0,0.0
D,38238,quiet_pre,-0.0181,S,0,0,0.0
D,38334,quiet_pre,-0.0181,S,0,0,0.0
D,38430,quiet_pre,-0.0181,S,0,0,0.0
D,38525,quiet_pre,-0.0180,S,0,0,0.0
D,38621,quiet_pre,-0.0180,S,0,0,0.0
D,38715,quiet_pre,-0.0180,S,0,0,0.0
D,38811,quiet_pre,-0.0180,S,0,0,0.0
D,38907,quiet_pre,-0.0180,S,0,0,0.0
D,39003,quiet_pre,-0.0180,S,0,0,0.0
D,39099,quiet_pre,-0.0180,S,0,0,0.0
D,39195,quiet_pre,-0.0180,S,0,0,0.0
D,39290,quiet_pre,-0.0180,S,0,0,0.0
D,39386,quiet_pre,-0.0180,S,0,0,0.0
D,39482,quiet_pre,-0.0180,S,0,0,0.0
D,39576,quiet_pre,-0.0179,S,0,0,0.0
D,39672,quiet_pre,-0.0179,S,0,0,0.0
D,39768,quiet_pre,-0.0179,S,0,0,0.0
D,39864,quiet_pre,-0.0179,S,0,0,0.0
D,39959,quiet_pre,-0.0179,S,0,0,0.0
D,40055,quiet_pre,-0.0179,S,0,0,0.0
D,40151,quiet_pre,-0.0179,S,0,0,0.0
D,40247,quiet_pre,-0.0179,S,0,0,0.0
D,40343,quiet_pre,-0.0179,S,0,0,0.0
D,40437,quiet_pre,-0.0179,S,0,0,0.0
D,40533,quiet_pre,-0.0179,S,0,0,0.0
D,40629,quiet_pre,-0.0179,S,0,0,0.0
D,40724,quiet_pre,-0.0179,S,0,0,0.0
D,40820,quiet_pre,-0.0179,S,0,0,0.0
D,40916,quiet_pre,-0.0179,S,0,0,0.0
D,41012,quiet_pre,-0.0179,S,0,0,0.0
D,41108,quiet_pre,-0.0179,S,0,0,0.0
D,41204,quiet_pre,-0.0179,S,0,0,0.0
D,41300,quiet_pre,-0.0179,S,0,0,0.0
D,41393,quiet_pre,-0.0179,S,0,0,0.0
D,41490,quiet_pre,-0.0179,S,0,0,0.0
D,41585,quiet_pre,-0.0179,S,0,0,0.0
D,41681,quiet_pre,-0.0179,S,0,0,0.0
D,41777,quiet_pre,-0.0179,S,0,0,0.0
D,41873,quiet_pre,-0.0179,S,0,0,0.0
D,41969,quiet_pre,-0.0179,S,0,0,0.0
D,42065,quiet_pre,-0.0179,S,0,0,0.0
D,42160,quiet_pre,-0.0179,S,0,0,0.0
D,42254,quiet_pre,-0.0179,S,0,0,0.0
D,42350,quiet_pre,-0.0179,S,0,0,0.0
D,42446,quiet_pre,-0.0179,S,0,0,0.0
D,42542,quiet_pre,-0.0179,S,0,0,0.0
D,42638,quiet_pre,-0.0179,S,0,0,0.0
D,42734,quiet_pre,-0.0179,S,0,0,0.0
D,42829,quiet_pre,-0.0179,S,0,0,0.0
D,42925,quiet_pre,-0.0179,S,0,0,0.0
D,43021,quiet_pre,-0.0179,S,0,0,0.0
D,43115,quiet_pre,-0.0179,S,0,0,0.0
D,43211,quiet_pre,-0.0179,S,0,0,0.0
D,43307,quiet_pre,-0.0179,S,0,0,0.0
D,43402,quiet_pre,-0.0179,S,0,0,0.0
D,43498,quiet_pre,-0.0179,S,0,0,0.0
D,43594,quiet_pre,-0.0179,S,0,0,0.0
D,43690,quiet_pre,-0.0179,S,0,0,0.0
D,43786,quiet_pre,-0.0179,S,0,0,0.0
D,43882,quiet_pre,-0.0179,S,0,0,0.0
D,43978,quiet_pre,-0.0179,S,0,0,0.0
D,44071,quiet_pre,-0.0179,S,0,0,0.0
D,44167,quiet_pre,-0.0179,S,0,0,0.0
D,44263,quiet_pre,-0.0179,S,0,0,0.0
D,44359,quiet_pre,-0.0179,S,0,0,0.0
D,44455,quiet_pre,-0.0179,S,0,0,0.0
D,44551,quiet_pre,-0.0179,S,0,0,0.0
D,44647,quiet_pre,-0.0179,S,0,0,0.0
D,44742,quiet_pre,-0.0179,S,0,0,0.0
D,44838,quiet_pre,-0.0179,S,0,0,0.0
D,44932,quiet_pre,-0.0179,S,0,0,0.0
D,45028,quiet_pre,-0.0179,S,0,0,0.0
D,45124,quiet_pre,-0.0179,S,0,0,0.0
D,45220,quiet_pre,-0.0179,S,0,0,0.0
D,45315,quiet_pre,-0.0179,S,0,0,0.0
D,45411,quiet_pre,-0.0179,S,0,0,0.0
D,45507,quiet_pre,-0.0179,S,0,0,0.0
D,45603,quiet_pre,-0.0179,S,0,0,0.0
D,45699,quiet_pre,-0.0180,S,0,0,0.0
D,45792,quiet_pre,-0.0183,U,0,0,0.0
D,45888,quiet_pre,-0.0184,U,0,0,0.0
D,45984,quiet_pre,-0.0184,U,0,0,0.0
D,46079,quiet_pre,-0.0185,U,0,0,0.0
D,46175,quiet_pre,-0.0185,U,0,0,0.0
D,46271,quiet_pre,-0.0186,U,0,0,0.0
D,46367,quiet_pre,-0.0186,U,0,0,0.0
D,46463,quiet_pre,-0.0187,U,0,0,0.0
D,46558,quiet_pre,-0.0187,U,0,0,0.0
D,46654,quiet_pre,-0.0188,U,0,0,0.0
D,46748,quiet_pre,-0.0188,U,0,0,0.0
D,46844,quiet_pre,-0.0188,U,0,0,0.0
D,46940,quiet_pre,-0.0189,U,0,0,0.0
D,47036,quiet_pre,-0.0189,U,0,0,0.0
D,47132,quiet_pre,-0.0189,S,0,0,0.0
D,47227,quiet_pre,-0.0189,S,0,0,0.0
D,47323,quiet_pre,-0.0190,U,0,0,0.0
D,47419,quiet_pre,-0.0190,S,0,0,0.0
D,47515,quiet_pre,-0.0190,S,0,0,0.0
D,47609,quiet_pre,-0.0190,S,0,0,0.0
D,47705,quiet_pre,-0.0190,S,0,0,0.0
D,47801,quiet_pre,-0.0190,S,0,0,0.0
D,47896,quiet_pre,-0.0190,S,0,0,0.0
D,47992,quiet_pre,-0.0189,S,0,0,0.0
D,48088,quiet_pre,-0.0189,S,0,0,0.0
D,48184,quiet_pre,-0.0189,S,0,0,0.0
D,48280,quiet_pre,-0.0189,S,0,0,0.0
D,48376,quiet_pre,-0.0189,S,0,0,0.0
D,48478,quiet_pre,-0.0189,S,0,0,0.0
D,48673,quiet_pre,-0.0189,S,0,0,0.0
D,48853,quiet_pre,-0.0189,S,0,0,0.0
D,48949,quiet_pre,-0.0189,S,0,0,0.0
D,49045,quiet_pre,-0.0189,S,0,0,0.0
D,49141,quiet_pre,-0.0189,S,0,0,0.0
D,49237,quiet_pre,-0.0189,S,0,0,0.0
D,49332,quiet_pre,-0.0188,S,0,0,0.0
D,49426,quiet_pre,-0.0188,S,0,0,0.0
D,49522,quiet_pre,-0.0188,S,0,0,0.0
D,49618,quiet_pre,-0.0188,S,0,0,0.0
D,49714,quiet_pre,-0.0188,S,0,0,0.0
D,49810,quiet_pre,-0.0188,S,0,0,0.0
D,49905,quiet_pre,-0.0188,S,0,0,0.0
D,50002,quiet_pre,-0.0188,S,0,0,0.0
D,50097,quiet_pre,-0.0188,S,0,0,0.0
D,50193,quiet_pre,-0.0188,S,0,0,0.0
D,50287,quiet_pre,-0.0188,S,0,0,0.0
D,50383,quiet_pre,-0.0188,S,0,0,0.0
D,50479,quiet_pre,-0.0188,S,0,0,0.0
D,50574,quiet_pre,-0.0188,S,0,0,0.0
D,50671,quiet_pre,-0.0188,S,0,0,0.0
D,50766,quiet_pre,-0.0188,S,0,0,0.0
D,50862,quiet_pre,-0.0188,S,0,0,0.0
D,50958,quiet_pre,-0.0188,S,0,0,0.0
D,51054,quiet_pre,-0.0188,S,0,0,0.0
D,51148,quiet_pre,-0.0188,S,0,0,0.0
D,51244,quiet_pre,-0.0188,S,0,0,0.0
D,51339,quiet_pre,-0.0188,S,0,0,0.0
D,51435,quiet_pre,-0.0188,S,0,0,0.0
D,51531,quiet_pre,-0.0188,S,0,0,0.0
D,51627,quiet_pre,-0.0188,S,0,0,0.0
D,51723,quiet_pre,-0.0188,S,0,0,0.0
D,51819,quiet_pre,-0.0188,S,0,0,0.0
D,51915,quiet_pre,-0.0188,S,0,0,0.0
D,52011,quiet_pre,-0.0188,S,0,0,0.0
D,52105,quiet_pre,-0.0188,S,0,0,0.0
D,52200,quiet_pre,-0.0188,S,0,0,0.0
D,52295,quiet_pre,-0.0191,U,0,0,0.0
D,52391,quiet_pre,-0.0191,U,0,0,0.0
D,52487,quiet_pre,-0.0191,U,0,0,0.0
D,52583,quiet_pre,-0.0192,U,0,0,0.0
D,52679,quiet_pre,-0.0192,U,0,0,0.0
D,52774,quiet_pre,-0.0192,S,0,0,0.0
D,52870,quiet_pre,-0.0192,S,0,0,0.0
D,52964,quiet_pre,-0.0192,S,0,0,0.0
D,53060,quiet_pre,-0.0192,S,0,0,0.0
D,53156,quiet_pre,-0.0192,S,0,0,0.0
D,53252,quiet_pre,-0.0192,S,0,0,0.0
D,53348,quiet_pre,-0.0192,S,0,0,0.0
D,53443,quiet_pre,-0.0192,S,0,0,0.0
D,53539,quiet_pre,-0.0192,S,0,0,0.0
D,53635,quiet_pre,-0.0192,S,0,0,0.0
D,53731,quiet_pre,-0.0192,S,0,0,0.0
D,53825,quiet_pre,-0.0192,S,0,0,0.0
D,53921,quiet_pre,-0.0192,S,0,0,0.0
D,54017,quiet_pre,-0.0192,S,0,0,0.0
D,54113,quiet_pre,-0.0191,S,0,0,0.0
D,54208,quiet_pre,-0.0191,S,0,0,0.0
D,54304,quiet_pre,-0.0191,S,0,0,0.0
D,54400,quiet_pre,-0.0191,S,0,0,0.0
D,54496,quiet_pre,-0.0191,S,0,0,0.0
D,54592,quiet_pre,-0.0191,S,0,0,0.0
D,54688,quiet_pre,-0.0191,S,0,0,0.0
D,54782,quiet_pre,-0.0191,S,0,0,0.0
D,54877,quiet_pre,-0.0191,S,0,0,0.0
D,54973,quiet_pre,-0.0191,S,0,0,0.0
D,55069,quiet_pre,-0.0191,S,0,0,0.0
D,55165,quiet_pre,-0.0191,S,0,0,0.0
D,55261,quiet_pre,-0.0191,S,0,0,0.0
D,55357,quiet_pre,-0.0191,S,0,0,0.0
D,55453,quiet_pre,-0.0191,S,0,0,0.0
D,55548,quiet_pre,-0.0191,S,0,0,0.0
D,55642,quiet_pre,-0.0191,S,0,0,0.0
D,55738,quiet_pre,-0.0191,S,0,0,0.0
D,55834,quiet_pre,-0.0191,S,0,0,0.0
D,55930,quiet_pre,-0.0191,S,0,0,0.0
D,56026,quiet_pre,-0.0191,S,0,0,0.0
D,56122,quiet_pre,-0.0191,S,0,0,0.0
D,56218,quiet_pre,-0.0191,S,0,0,0.0
D,56314,quiet_pre,-0.0191,S,0,0,0.0
D,56409,quiet_pre,-0.0191,S,0,0,0.0
D,56503,quiet_pre,-0.0191,S,0,0,0.0
D,56599,quiet_pre,-0.0191,S,0,0,0.0
D,56695,quiet_pre,-0.0191,S,0,0,0.0
D,56790,quiet_pre,-0.0194,U,0,0,0.0
D,56886,quiet_pre,-0.0194,U,0,0,0.0
D,56982,quiet_pre,-0.0194,U,0,0,0.0
D,57078,quiet_pre,-0.0195,U,0,0,0.0
D,57173,quiet_pre,-0.0195,U,0,0,0.0
D,57269,quiet_pre,-0.0195,S,0,0,0.0
D,57365,quiet_pre,-0.0195,S,0,0,0.0
D,57459,quiet_pre,-0.0194,S,0,0,0.0
D,57555,quiet_pre,-0.0194,S,0,0,0.0
D,57651,quiet_pre,-0.0194,S,0,0,0.0
D,57747,quiet_pre,-0.0194,S,0,0,0.0
D,57843,quiet_pre,-0.0194,S,0,0,0.0
D,57938,quiet_pre,-0.0194,S,0,0,0.0
D,58034,quiet_pre,-0.0194,S,0,0,0.0
D,58130,quiet_pre,-0.0194,S,0,0,0.0
D,58226,quiet_pre,-0.0194,S,0,0,0.0
D,58320,quiet_pre,-0.0194,S,0,0,0.0
D,58416,quiet_pre,-0.0194,S,0,0,0.0
D,58511,quiet_pre,-0.0194,S,0,0,0.0
D,58607,quiet_pre,-0.0194,S,0,0,0.0
D,58703,quiet_pre,-0.0194,S,0,0,0.0
D,58799,quiet_pre,-0.0194,S,0,0,0.0
D,58895,quiet_pre,-0.0194,S,0,0,0.0
D,58991,quiet_pre,-0.0194,S,0,0,0.0
D,59087,quiet_pre,-0.0194,S,0,0,0.0
D,59181,quiet_pre,-0.0194,S,0,0,0.0
D,59276,quiet_pre,-0.0194,S,0,0,0.0
D,59373,quiet_pre,-0.0194,S,0,0,0.0
D,59468,quiet_pre,-0.0194,S,0,0,0.0
D,59564,quiet_pre,-0.0194,S,0,0,0.0
D,59660,quiet_pre,-0.0194,S,0,0,0.0
D,59756,quiet_pre,-0.0194,S,0,0,0.0
D,59852,quiet_pre,-0.0194,S,0,0,0.0
D,59947,quiet_pre,-0.0194,S,0,0,0.0
D,60044,quiet_pre,-0.0194,S,0,0,0.0
D,60137,quiet_pre,-0.0194,S,0,0,0.0
D,60233,quiet_pre,-0.0194,S,0,0,0.0
D,60329,quiet_pre,-0.0194,S,0,0,0.0
D,60425,quiet_pre,-0.0193,S,0,0,0.0
D,60521,quiet_pre,-0.0193,S,0,0,0.0
D,60617,quiet_pre,-0.0193,S,0,0,0.0
D,60712,quiet_pre,-0.0193,S,0,0,0.0
D,60808,quiet_pre,-0.0193,S,0,0,0.0
D,60904,quiet_pre,-0.0193,S,0,0,0.0
D,60998,quiet_pre,-0.0193,S,0,0,0.0
D,61094,quiet_pre,-0.0193,S,0,0,0.0
D,61201,quiet_pre,-0.0193,S,0,0,0.0
D,61382,quiet_pre,-0.0193,S,0,0,0.0
D,61477,quiet_pre,-0.0193,S,0,0,0.0
D,61573,quiet_pre,-0.0193,S,0,0,0.0
D,61669,quiet_pre,-0.0193,S,0,0,0.0
D,61765,quiet_pre,-0.0193,S,0,0,0.0
D,61859,quiet_pre,-0.0193,S,0,0,0.0
D,61955,quiet_pre,-0.0193,S,0,0,0.0
D,62051,quiet_pre,-0.0193,S,0,0,0.0
D,62146,quiet_pre,-0.0193,S,0,0,0.0
D,62242,quiet_pre,-0.0193,S,0,0,0.0
D,62338,quiet_pre,-0.0193,S,0,0,0.0
D,62434,quiet_pre,-0.0193,S,0,0,0.0
D,62530,quiet_pre,-0.0193,S,0,0,0.0
D,62626,quiet_pre,-0.0193,S,0,0,0.0
D,62721,quiet_pre,-0.0192,S,0,0,0.0
D,62815,quiet_pre,-0.0192,S,0,0,0.0
D,62911,quiet_pre,-0.0192,S,0,0,0.0
D,63007,quiet_pre,-0.0192,S,0,0,0.0
D,63103,quiet_pre,-0.0192,S,0,0,0.0
D,63199,quiet_pre,-0.0192,S,0,0,0.0
D,63295,quiet_pre,-0.0192,S,0,0,0.0
D,63390,quiet_pre,-0.0192,S,0,0,0.0
D,63486,quiet_pre,-0.0192,S,0,0,0.0
D,63582,quiet_pre,-0.0192,S,0,0,0.0
D,63676,quiet_pre,-0.0192,S,0,0,0.0
D,63772,quiet_pre,-0.0192,S,0,0,0.0
D,63868,quiet_pre,-0.0192,S,0,0,0.0
D,63963,quiet_pre,-0.0192,S,0,0,0.0
D,64059,quiet_pre,-0.0192,S,0,0,0.0
D,64155,quiet_pre,-0.0192,S,0,0,0.0
D,64251,quiet_pre,-0.0192,S,0,0,0.0
D,64347,quiet_pre,-0.0192,S,0,0,0.0
D,64443,quiet_pre,-0.0192,S,0,0,0.0
D,64537,quiet_pre,-0.0192,S,0,0,0.0
D,64632,quiet_pre,-0.0192,S,0,0,0.0
D,64728,quiet_pre,-0.0192,S,0,0,0.0
D,64824,quiet_pre,-0.0192,S,0,0,0.0
D,64920,quiet_pre,-0.0192,S,0,0,0.0
D,65016,quiet_pre,-0.0192,S,0,0,0.0
D,65112,quiet_pre,-0.0192,S,0,0,0.0
D,65207,quiet_pre,-0.0192,S,0,0,0.0
D,65303,quiet_pre,-0.0192,S,0,0,0.0
D,65399,quiet_pre,-0.0192,S,0,0,0.0
D,65493,quiet_pre,-0.0192,S,0,0,0.0
D,65589,quiet_pre,-0.0192,S,0,0,0.0
D,65685,quiet_pre,-0.0192,S,0,0,0.0
D,65780,quiet_pre,-0.0192,S,0,0,0.0
D,65876,quiet_pre,-0.0192,S,0,0,0.0
D,65972,quiet_pre,-0.0192,S,0,0,0.0
D,66068,quiet_pre,-0.0192,S,0,0,0.0
D,66164,quiet_pre,-0.0192,S,0,0,0.0
D,66260,quiet_pre,-0.0192,S,0,0,0.0
D,66354,quiet_pre,-0.0192,S,0,0,0.0
D,66449,quiet_pre,-0.0192,S,0,0,0.0
D,66546,quiet_pre,-0.0192,S,0,0,0.0
D,66641,quiet_pre,-0.0192,S,0,0,0.0
D,66737,quiet_pre,-0.0192,S,0,0,0.0
D,66833,quiet_pre,-0.0192,S,0,0,0.0
D,66929,quiet_pre,-0.0192,S,0,0,0.0
D,67024,quiet_pre,-0.0192,S,0,0,0.0
D,67121,quiet_pre,-0.0192,S,0,0,0.0
D,67214,quiet_pre,-0.0192,S,0,0,0.0
D,67310,quiet_pre,-0.0192,S,0,0,0.0
D,67406,quiet_pre,-0.0192,S,0,0,0.0
D,67502,quiet_pre,-0.0192,S,0,0,0.0
D,67598,quiet_pre,-0.0192,S,0,0,0.0
D,67693,quiet_pre,-0.0192,S,0,0,0.0
D,67789,quiet_pre,-0.0192,S,0,0,0.0
D,67885,quiet_pre,-0.0192,S,0,0,0.0
D,67981,quiet_pre,-0.0192,S,0,0,0.0
D,68077,quiet_pre,-0.0192,S,0,0,0.0
D,68171,quiet_pre,-0.0192,S,0,0,0.0
D,68266,quiet_pre,-0.0192,S,0,0,0.0
D,68363,quiet_pre,-0.0192,S,0,0,0.0
D,68458,quiet_pre,-0.0192,S,0,0,0.0
D,68554,quiet_pre,-0.0191,S,0,0,0.0
D,68650,quiet_pre,-0.0191,S,0,0,0.0
D,68746,quiet_pre,-0.0191,S,0,0,0.0
D,68842,quiet_pre,-0.0191,S,0,0,0.0
D,68937,quiet_pre,-0.0191,S,0,0,0.0
D,69031,quiet_pre,-0.0191,S,0,0,0.0
D,69127,quiet_pre,-0.0191,S,0,0,0.0
D,69223,quiet_pre,-0.0191,S,0,0,0.0
D,69319,quiet_pre,-0.0191,S,0,0,0.0
D,69415,quiet_pre,-0.0191,S,0,0,0.0
D,69511,quiet_pre,-0.0191,S,0,0,0.0
D,69606,quiet_pre,-0.0191,S,0,0,0.0
D,69702,quiet_pre,-0.0191,S,0,0,0.0
D,69798,quiet_pre,-0.0191,S,0,0,0.0
D,69892,quiet_pre,-0.0191,S,0,0,0.0
D,69988,quiet_pre,-0.0190,S,0,0,0.0
D,70084,quiet_pre,-0.0190,S,0,0,0.0
D,70180,quiet_pre,-0.0190,S,0,0,0.0
D,70275,quiet_pre,-0.0190,S,0,0,0.0
D,70371,quiet_pre,-0.0190,S,0,0,0.0
D,70467,quiet_pre,-0.0190,S,0,0,0.0
D,70563,quiet_pre,-0.0190,S,0,0,0.0
D,70659,quiet_pre,-0.0190,S,0,0,0.0
D,70755,quiet_pre,-0.0190,S,0,0,0.0
D,70848,quiet_pre,-0.0189,S,0,0,0.0
D,70944,quiet_pre,-0.0189,S,0,0,0.0
D,71040,quiet_pre,-0.0189,S,0,0,0.0
D,71136,quiet_pre,-0.0189,S,0,0,0.0
D,71232,quiet_pre,-0.0189,S,0,0,0.0
D,71328,quiet_pre,-0.0189,S,0,0,0.0
D,71424,quiet_pre,-0.0189,S,0,0,0.0
D,71519,quiet_pre,-0.0188,S,0,0,0.0
D,71615,quiet_pre,-0.0188,S,0,0,0.0
D,71709,quiet_pre,-0.0188,S,0,0,0.0
D,71805,quiet_pre,-0.0188,S,0,0,0.0
D,71901,quiet_pre,-0.0188,S,0,0,0.0
D,71996,quiet_pre,-0.0188,S,0,0,0.0
D,72092,quiet_pre,-0.0188,S,0,0,0.0
D,72188,quiet_pre,-0.0188,S,0,0,0.0
D,72284,quiet_pre,-0.0187,S,0,0,0.0
D,72380,quiet_pre,-0.0187,S,0,0,0.0
D,72476,quiet_pre,-0.0187,S,0,0,0.0
D,72570,quiet_pre,-0.0187,S,0,0,0.0
D,72665,quiet_pre,-0.0187,S,0,0,0.0
D,72761,quiet_pre,-0.0187,S,0,0,0.0
D,72857,quiet_pre,-0.0187,S,0,0,0.0
D,72953,quiet_pre,-0.0187,S,0,0,0.0
D,73049,quiet_pre,-0.0187,S,0,0,0.0
D,73145,quiet_pre,-0.0187,S,0,0,0.0
D,73241,quiet_pre,-0.0187,S,0,0,0.0
D,73336,quiet_pre,-0.0187,S,0,0,0.0
D,73432,quiet_pre,-0.0187,S,0,0,0.0
D,73526,quiet_pre,-0.0186,S,0,0,0.0
D,73622,quiet_pre,-0.0186,S,0,0,0.0
D,73717,quiet_pre,-0.0189,U,0,0,0.0
D,73813,quiet_pre,-0.0189,U,0,0,0.0
D,73909,quiet_pre,-0.0189,U,0,0,0.0
D,74011,quiet_pre,-0.0189,U,0,0,0.0
D,74101,quiet_pre,-0.0190,U,0,0,0.0
D,74196,quiet_pre,-0.0190,S,0,0,0.0
D,74292,quiet_pre,-0.0190,S,0,0,0.0
D,74386,quiet_pre,-0.0191,U,0,0,0.0
D,74482,quiet_pre,-0.0191,U,0,0,0.0
D,74577,quiet_pre,-0.0191,S,0,0,0.0
D,74673,quiet_pre,-0.0192,U,0,0,0.0
D,74769,quiet_pre,-0.0192,U,0,0,0.0
D,74865,quiet_pre,-0.0192,S,0,0,0.0
D,74961,quiet_pre,-0.0193,U,0,0,0.0
D,75057,quiet_pre,-0.0193,U,0,0,0.0
D,75152,quiet_pre,-0.0193,S,0,0,0.0
D,75246,quiet_pre,-0.0193,S,0,0,0.0
D,75342,quiet_pre,-0.0193,S,0,0,0.0
D,75438,quiet_pre,-0.0193,S,0,0,0.0
D,75534,quiet_pre,-0.0193,S,0,0,0.0
D,75630,quiet_pre,-0.0193,S,0,0,0.0
D,75726,quiet_pre,-0.0193,S,0,0,0.0
D,75821,quiet_pre,-0.0193,S,0,0,0.0
D,75917,quiet_pre,-0.0193,S,0,0,0.0
D,76013,quiet_pre,-0.0193,S,0,0,0.0
D,76109,quiet_pre,-0.0193,S,0,0,0.0
D,76203,quiet_pre,-0.0193,S,0,0,0.0
D,76299,quiet_pre,-0.0193,S,0,0,0.0
D,76395,quiet_pre,-0.0193,S,0,0,0.0
D,76490,quiet_pre,-0.0193,S,0,0,0.0
D,76586,quiet_pre,-0.0192,S,0,0,0.0
D,76682,quiet_pre,-0.0192,S,0,0,0.0
D,76778,quiet_pre,-0.0192,S,0,0,0.0
D,76874,quiet_pre,-0.0188,U,0,0,0.0
D,76970,quiet_pre,-0.0188,U,0,0,0.0
D,77063,quiet_pre,-0.0187,U,0,0,0.0
D,77159,quiet_pre,-0.0186,U,0,0,0.0
D,77255,quiet_pre,-0.0186,U,0,0,0.0
D,77351,quiet_pre,-0.0185,U,0,0,0.0
D,77447,quiet_pre,-0.0184,U,0,0,0.0
D,77543,quiet_pre,-0.0184,U,0,0,0.0
D,77638,quiet_pre,-0.0183,U,0,0,0.0
D,77734,quiet_pre,-0.0182,U,0,0,0.0
D,77830,quiet_pre,-0.0181,U,0,0,0.0
D,77924,quiet_pre,-0.0181,U,0,0,0.0
D,78020,quiet_pre,-0.0180,U,0,0,0.0
D,78116,quiet_pre,-0.0179,U,0,0,0.0
D,78212,quiet_pre,-0.0179,U,0,0,0.0
D,78307,quiet_pre,-0.0178,U,0,0,0.0
D,78403,quiet_pre,-0.0178,U,0,0,0.0
D,78499,quiet_pre,-0.0177,U,0,0,0.0
D,78595,quiet_pre,-0.0177,U,0,0,0.0
D,78691,quiet_pre,-0.0177,U,0,0,0.0
D,78785,quiet_pre,-0.0176,U,0,0,0.0
D,78880,quiet_pre,-0.0176,U,0,0,0.0
D,78976,quiet_pre,-0.0176,S,0,0,0.0
D,79072,quiet_pre,-0.0175,U,0,0,0.0
D,79168,quiet_pre,-0.0175,U,0,0,0.0
D,79264,quiet_pre,-0.0175,S,0,0,0.0
D,79360,quiet_pre,-0.0175,S,0,0,0.0
D,79456,quiet_pre,-0.0175,S,0,0,0.0
D,79551,quiet_pre,-0.0176,S,0,0,0.0
D,79647,quiet_pre,-0.0176,S,0,0,0.0
D,79741,quiet_pre,-0.0176,S,0,0,0.0
D,79837,quiet_pre,-0.0177,U,0,0,0.0
D,79933,quiet_pre,-0.0177,U,0,0,0.0
D,80029,quiet_pre,-0.0177,S,0,0,0.0
D,80125,quiet_pre,-0.0178,U,0,0,0.0
D,80220,quiet_pre,-0.0178,U,0,0,0.0
D,80316,quiet_pre,-0.0178,S,0,0,0.0
D,80412,quiet_pre,-0.0178,S,0,0,0.0
D,80508,quiet_pre,-0.0179,U,0,0,0.0
D,80602,quiet_pre,-0.0181,U,0,0,0.0
D,80698,quiet_pre,-0.0182,U,0,0,0.0
D,80794,quiet_pre,-0.0182,U,0,0,0.0
D,80889,quiet_pre,-0.0183,U,0,0,0.0
D,80985,quiet_pre,-0.0183,U,0,0,0.0
D,81081,quiet_pre,-0.0184,U,0,0,0.0
D,81177,quiet_pre,-0.0184,U,0,0,0.0
D,81273,quiet_pre,-0.0185,U,0,0,0.0
D,81368,quiet_pre,-0.0185,U,0,0,0.0
D,81464,quiet_pre,-0.0185,U,0,0,0.0
D,81558,quiet_pre,-0.0186,U,0,0,0.0
D,81654,quiet_pre,-0.0186,U,0,0,0.0
D,81750,quiet_pre,-0.0186,S,0,0,0.0
D,81846,quiet_pre,-0.0186,S,0,0,0.0
D,81941,quiet_pre,-0.0186,S,0,0,0.0
D,82037,quiet_pre,-0.0186,S,0,0,0.0
D,82133,quiet_pre,-0.0186,S,0,0,0.0
D,82229,quiet_pre,-0.0186,S,0,0,0.0
D,82325,quiet_pre,-0.0186,S,0,0,0.0
D,82419,quiet_pre,-0.0185,S,0,0,0.0
D,82515,quiet_pre,-0.0185,S,0,0,0.0
D,82610,quiet_pre,-0.0185,S,0,0,0.0
D,82706,quiet_pre,-0.0185,S,0,0,0.0
D,82802,quiet_pre,-0.0185,S,0,0,0.0
D,82898,quiet_pre,-0.0185,S,0,0,0.0
D,82994,quiet_pre,-0.0185,S,0,0,0.0
D,83090,quiet_pre,-0.0184,S,0,0,0.0
D,83186,quiet_pre,-0.0184,S,0,0,0.0
D,83280,quiet_pre,-0.0184,S,0,0,0.0
D,83375,quiet_pre,-0.0184,S,0,0,0.0
D,83471,quiet_pre,-0.0184,S,0,0,0.0
D,83567,quiet_pre,-0.0184,S,0,0,0.0
D,83663,quiet_pre,-0.0184,S,0,0,0.0
D,83759,quiet_pre,-0.0184,S,0,0,0.0
D,83855,quiet_pre,-0.0183,S,0,0,0.0
D,83951,quiet_pre,-0.0183,S,0,0,0.0
D,84047,quiet_pre,-0.0183,S,0,0,0.0
D,84140,quiet_pre,-0.0183,S,0,0,0.0
D,84236,quiet_pre,-0.0183,S,0,0,0.0
D,84332,quiet_pre,-0.0183,S,0,0,0.0
D,84428,quiet_pre,-0.0183,S,0,0,0.0
D,84524,quiet_pre,-0.0183,S,0,0,0.0
D,84620,quiet_pre,-0.0183,S,0,0,0.0
D,84716,quiet_pre,-0.0183,S,0,0,0.0
D,84811,quiet_pre,-0.0183,S,0,0,0.0
D,84907,quiet_pre,-0.0183,S,0,0,0.0
D,85003,quiet_pre,-0.0183,S,0,0,0.0
D,85097,quiet_pre,-0.0183,S,0,0,0.0
D,85193,quiet_pre,-0.0183,S,0,0,0.0
D,85289,quiet_pre,-0.0183,S,0,0,0.0
D,85385,quiet_pre,-0.0183,S,0,0,0.0
D,85480,quiet_pre,-0.0183,S,0,0,0.0
D,85576,quiet_pre,-0.0183,S,0,0,0.0
D,85672,quiet_pre,-0.0183,S,0,0,0.0
D,85768,quiet_pre,-0.0183,S,0,0,0.0
D,85864,quiet_pre,-0.0183,S,0,0,0.0
D,85958,quiet_pre,-0.0183,S,0,0,0.0
D,86054,quiet_pre,-0.0182,S,0,0,0.0
D,86150,quiet_pre,-0.0182,S,0,0,0.0
D,86245,quiet_pre,-0.0182,S,0,0,0.0
D,86341,quiet_pre,-0.0182,S,0,0,0.0
D,86437,quiet_pre,-0.0182,S,0,0,0.0
D,86533,quiet_pre,-0.0182,S,0,0,0.0
D,86629,quiet_pre,-0.0182,S,0,0,0.0
D,86736,quiet_pre,-0.0182,S,0,0,0.0
D,86914,quiet_pre,-0.0177,U,0,0,0.0
D,87009,quiet_pre,-0.0177,U,0,0,0.0
D,87105,quiet_pre,-0.0176,U,0,0,0.0
D,87201,quiet_pre,-0.0176,U,0,0,0.0
D,87297,quiet_pre,-0.0176,U,0,0,0.0
D,87393,quiet_pre,-0.0176,S,0,0,0.0
D,87489,quiet_pre,-0.0176,S,0,0,0.0
D,87585,quiet_pre,-0.0176,S,0,0,0.0
D,87680,quiet_pre,-0.0176,S,0,0,0.0
D,87774,quiet_pre,-0.0176,S,0,0,0.0
D,87870,quiet_pre,-0.0176,S,0,0,0.0
D,87966,quiet_pre,-0.0176,S,0,0,0.0
D,88062,quiet_pre,-0.0176,S,0,0,0.0
D,88158,quiet_pre,-0.0176,S,0,0,0.0
D,88253,quiet_pre,-0.0176,S,0,0,0.0
D,88350,quiet_pre,-0.0176,S,0,0,0.0
D,88445,quiet_pre,-0.0177,S,0,0,0.0
D,88541,quiet_pre,-0.0177,S,0,0,0.0
D,88635,quiet_pre,-0.0177,S,0,0,0.0
D,88731,quiet_pre,-0.0177,S,0,0,0.0
D,88827,quiet_pre,-0.0177,S,0,0,0.0
D,88922,quiet_pre,-0.0177,S,0,0,0.0
D,89018,quiet_pre,-0.0177,S,0,0,0.0
D,89114,quiet_pre,-0.0177,S,0,0,0.0
D,89210,quiet_pre,-0.0177,S,0,0,0.0
D,89306,quiet_pre,-0.0177,S,0,0,0.0
D,89402,quiet_pre,-0.0177,S,0,0,0.0
D,89496,quiet_pre,-0.0177,S,0,0,0.0
D,89592,quiet_pre,-0.0177,S,0,0,0.0
D,89687,quiet_pre,-0.0177,S,0,0,0.0
D,89783,quiet_pre,-0.0177,S,0,0,0.0
D,89879,quiet_pre,-0.0177,S,0,0,0.0
D,89975,quiet_pre,-0.0177,S,0,0,0.0
D,90071,quiet_pre,-0.0177,S,0,0,0.0
D,90167,quiet_pre,-0.0177,S,0,0,0.0
D,90263,quiet_pre,-0.0177,S,0,0,0.0
D,90358,quiet_pre,-0.0177,S,0,0,0.0
D,90452,quiet_pre,-0.0177,S,0,0,0.0
D,90548,quiet_pre,-0.0177,S,0,0,0.0
D,90644,quiet_pre,-0.0176,S,0,0,0.0
D,90740,quiet_pre,-0.0176,S,0,0,0.0
D,90836,quiet_pre,-0.0176,S,0,0,0.0
D,90932,quiet_pre,-0.0176,S,0,0,0.0
D,91028,quiet_pre,-0.0176,S,0,0,0.0
D,91123,quiet_pre,-0.0176,S,0,0,0.0
D,91219,quiet_pre,-0.0176,S,0,0,0.0
D,91313,quiet_pre,-0.0176,S,0,0,0.0
D,91409,quiet_pre,-0.0176,S,0,0,0.0
D,91505,quiet_pre,-0.0176,S,0,0,0.0
D,91601,quiet_pre,-0.0176,S,0,0,0.0
D,91697,quiet_pre,-0.0175,S,0,0,0.0
D,91792,quiet_pre,-0.0175,S,0,0,0.0
D,91888,quiet_pre,-0.0175,S,0,0,0.0
D,91984,quiet_pre,-0.0175,S,0,0,0.0
D,92080,quiet_pre,-0.0175,S,0,0,0.0
D,92174,quiet_pre,-0.0175,S,0,0,0.0
D,92270,quiet_pre,-0.0175,S,0,0,0.0
D,92366,quiet_pre,-0.0175,S,0,0,0.0
D,92462,quiet_pre,-0.0175,S,0,0,0.0
D,92557,quiet_pre,-0.0175,S,0,0,0.0
D,92653,quiet_pre,-0.0175,S,0,0,0.0
D,92749,quiet_pre,-0.0175,S,0,0,0.0
D,92845,quiet_pre,-0.0175,S,0,0,0.0
D,92941,quiet_pre,-0.0175,S,0,0,0.0
D,93037,quiet_pre,-0.0175,S,0,0,0.0
D,93130,quiet_pre,-0.0175,S,0,0,0.0
D,93227,quiet_pre,-0.0175,S,0,0,0.0
D,93322,quiet_pre,-0.0175,S,0,0,0.0
D,93418,quiet_pre,-0.0175,S,0,0,0.0
D,93514,quiet_pre,-0.0175,S,0,0,0.0
D,93609,quiet_pre,-0.0177,U,0,0,0.0
D,93705,quiet_pre,-0.0177,U,0,0,0.0
D,93800,quiet_pre,-0.0178,U,0,0,0.0
D,93896,quiet_pre,-0.0178,U,0,0,0.0
D,93990,quiet_pre,-0.0179,U,0,0,0.0
D,94086,quiet_pre,-0.0179,U,0,0,0.0
D,94182,quiet_pre,-0.0179,U,0,0,0.0
D,94278,quiet_pre,-0.0179,S,0,0,0.0
D,94374,quiet_pre,-0.0179,S,0,0,0.0
D,94470,quiet_pre,-0.0179,S,0,0,0.0
D,94565,quiet_pre,-0.0180,S,0,0,0.0
D,94661,quiet_pre,-0.0180,S,0,0,0.0
D,94757,quiet_pre,-0.0180,S,0,0,0.0
D,94851,quiet_pre,-0.0179,S,0,0,0.0
D,94947,quiet_pre,-0.0179,S,0,0,0.0
D,95042,quiet_pre,-0.0179,S,0,0,0.0
D,95138,quiet_pre,-0.0179,S,0,0,0.0
D,95234,quiet_pre,-0.0179,S,0,0,0.0
D,95330,quiet_pre,-0.0179,S,0,0,0.0
D,95426,quiet_pre,-0.0179,S,0,0,0.0
D,95522,quiet_pre,-0.0179,S,0,0,0.0
D,95618,quiet_pre,-0.0178,S,0,0,0.0
D,95714,quiet_pre,-0.0178,S,0,0,0.0
D,95807,quiet_pre,-0.0178,S,0,0,0.0
D,95903,quiet_pre,-0.0178,S,0,0,0.0
D,95999,quiet_pre,-0.0178,S,0,0,0.0
D,96095,quiet_pre,-0.0178,S,0,0,0.0
D,96191,quiet_pre,-0.0178,S,0,0,0.0
D,96287,quiet_pre,-0.0178,S,0,0,0.0
D,96383,quiet_pre,-0.0178,S,0,0,0.0
D,96478,quiet_pre,-0.0178,S,0,0,0.0
D,96574,quiet_pre,-0.0178,S,0,0,0.0
D,96668,quiet_pre,-0.0178,S,0,0,0.0
D,96764,quiet_pre,-0.0178,S,0,0,0.0
D,96860,quiet_pre,-0.0178,S,0,0,0.0
D,96956,quiet_pre,-0.0178,S,0,0,0.0
D,97052,quiet_pre,-0.0178,S,0,0,0.0
D,97148,quiet_pre,-0.0178,S,0,0,0.0
D,97243,quiet_pre,-0.0178,S,0,0,0.0
D,97339,quiet_pre,-0.0178,S,0,0,0.0
D,97435,quiet_pre,-0.0179,S,0,0,0.0
D,97529,quiet_pre,-0.0179,S,0,0,0.0
D,97624,quiet_pre,-0.0182,U,0,0,0.0
D,97720,quiet_pre,-0.0182,U,0,0,0.0
D,97816,quiet_pre,-0.0183,U,0,0,0.0
D,97912,quiet_pre,-0.0183,U,0,0,0.0
D,98008,quiet_pre,-0.0183,U,0,0,0.0
D,98103,quiet_pre,-0.0183,S,0,0,0.0
D,98199,quiet_pre,-0.0183,S,0,0,0.0
D,98295,quiet_pre,-0.0183,S,0,0,0.0
D,98391,quiet_pre,-0.0183,S,0,0,0.0
D,98485,quiet_pre,-0.0183,S,0,0,0.0
D,98581,quiet_pre,-0.0183,S,0,0,0.0
D,98677,quiet_pre,-0.0184,S,0,0,0.0
D,98773,quiet_pre,-0.0184,S,0,0,0.0
D,98868,quiet_pre,-0.0184,S,0,0,0.0
D,98964,quiet_pre,-0.0184,S,0,0,0.0
D,99060,quiet_pre,-0.0184,S,0,0,0.0
D,99156,quiet_pre,-0.0185,S,0,0,0.0
D,99252,quiet_pre,-0.0185,S,0,0,0.0
D,99346,quiet_pre,-0.0185,S,0,0,0.0
D,99442,quiet_pre,-0.0185,S,0,0,0.0
D,99544,quiet_pre,-0.0185,S,0,0,0.0
D,99633,quiet_pre,-0.0185,S,0,0,0.0
D,99729,quiet_pre,-0.0185,S,0,0,0.0
D,99825,quiet_pre,-0.0185,S,0,0,0.0
D,99921,quiet_pre,-0.0185,S,0,0,0.0
D,100017,quiet_pre,-0.0185,S,0,0,0.0
D,100112,quiet_pre,-0.0185,S,0,0,0.0
D,100206,quiet_pre,-0.0185,S,0,0,0.0
D,100302,quiet_pre,-0.0185,S,0,0,0.0
D,100398,quiet_pre,-0.0185,S,0,0,0.0
D,100494,quiet_pre,-0.0185,S,0,0,0.0
D,100590,quiet_pre,-0.0185,S,0,0,0.0
D,100686,quiet_pre,-0.0185,S,0,0,0.0
D,100782,quiet_pre,-0.0185,S,0,0,0.0
D,100877,quiet_pre,-0.0184,S,0,0,0.0
D,100973,quiet_pre,-0.0184,S,0,0,0.0
D,101069,quiet_pre,-0.0184,S,0,0,0.0
D,101163,quiet_pre,-0.0184,S,0,0,0.0
D,101259,quiet_pre,-0.0184,S,0,0,0.0
D,101354,quiet_pre,-0.0180,U,0,0,0.0
D,101450,quiet_pre,-0.0180,U,0,0,0.0
D,101546,quiet_pre,-0.0180,U,0,0,0.0
D,101642,quiet_pre,-0.0179,U,0,0,0.0
D,101738,quiet_pre,-0.0179,U,0,0,0.0
D,101834,quiet_pre,-0.0178,U,0,0,0.0
D,101929,quiet_pre,-0.0178,U,0,0,0.0
D,102023,quiet_pre,-0.0178,U,0,0,0.0
D,102119,quiet_pre,-0.0178,S,0,0,0.0
D,102215,quiet_pre,-0.0177,U,0,0,0.0
D,102311,quiet_pre,-0.0177,S,0,0,0.0
D,102407,quiet_pre,-0.0177,S,0,0,0.0
D,102502,quiet_pre,-0.0177,S,0,0,0.0
D,102598,quiet_pre,-0.0176,U,0,0,0.0
D,102694,quiet_pre,-0.0176,S,0,0,0.0
D,102790,quiet_pre,-0.0176,S,0,0,0.0
D,102884,quiet_pre,-0.0176,S,0,0,0.0
D,102980,quiet_pre,-0.0176,S,0,0,0.0
D,103076,quiet_pre,-0.0176,S,0,0,0.0
D,103171,quiet_pre,-0.0175,S,0,0,0.0
D,103267,quiet_pre,-0.0175,S,0,0,0.0
D,103363,quiet_pre,-0.0175,S,0,0,0.0
D,103459,quiet_pre,-0.0175,S,0,0,0.0
D,103555,quiet_pre,-0.0175,S,0,0,0.0
D,103651,quiet_pre,-0.0174,S,0,0,0.0
D,103747,quiet_pre,-0.0174,S,0,0,0.0
D,103841,quiet_pre,-0.0174,S,0,0,0.0
D,103936,quiet_pre,-0.0174,S,0,0,0.0
D,104032,quiet_pre,-0.0174,S,0,0,0.0
D,104128,quiet_pre,-0.0174,S,0,0,0.0
D,104224,quiet_pre,-0.0174,S,0,0,0.0
D,104320,quiet_pre,-0.0174,S,0,0,0.0
D,104416,quiet_pre,-0.0173,S,0,0,0.0
D,104512,quiet_pre,-0.0173,S,0,0,0.0
D,104607,quiet_pre,-0.0173,S,0,0,0.0
D,104701,quiet_pre,-0.0173,S,0,0,0.0
D,104797,quiet_pre,-0.0173,S,0,0,0.0
D,104893,quiet_pre,-0.0171,U,0,0,0.0
D,104988,quiet_pre,-0.0171,U,0,0,0.0
D,105084,quiet_pre,-0.0170,U,0,0,0.0
D,105180,quiet_pre,-0.0170,U,0,0,0.0
D,105276,quiet_pre,-0.0170,U,0,0,0.0
D,105372,quiet_pre,-0.0169,U,0,0,0.0
D,105468,quiet_pre,-0.0169,U,0,0,0.0
D,105562,quiet_pre,-0.0169,S,0,0,0.0
D,105657,quiet_pre,-0.0169,S,0,0,0.0
D,105753,quiet_pre,-0.0169,S,0,0,0.0
D,105849,quiet_pre,-0.0169,S,0,0,0.0
D,105945,quiet_pre,-0.0169,S,0,0,0.0
D,106041,quiet_pre,-0.0169,S,0,0,0.0
D,106137,quiet_pre,-0.0169,S,0,0,0.0
D,106233,quiet_pre,-0.0169,S,0,0,0.0
D,106328,quiet_pre,-0.0169,S,0,0,0.0
D,106424,quiet_pre,-0.0169,S,0,0,0.0
D,106518,quiet_pre,-0.0169,S,0,0,0.0
D,106614,quiet_pre,-0.0169,S,0,0,0.0
D,106710,quiet_pre,-0.0169,S,0,0,0.0
D,106806,quiet_pre,-0.0169,S,0,0,0.0
D,106902,quiet_pre,-0.0169,S,0,0,0.0
D,106997,quiet_pre,-0.0169,S,0,0,0.0
D,107093,quiet_pre,-0.0169,S,0,0,0.0
D,107189,quiet_pre,-0.0169,S,0,0,0.0
D,107285,quiet_pre,-0.0169,S,0,0,0.0
D,107379,quiet_pre,-0.0170,S,0,0,0.0
D,107475,quiet_pre,-0.0170,S,0,0,0.0
D,107571,quiet_pre,-0.0170,S,0,0,0.0
D,107666,quiet_pre,-0.0170,S,0,0,0.0
D,107762,quiet_pre,-0.0170,S,0,0,0.0
D,107858,quiet_pre,-0.0170,S,0,0,0.0
D,107954,quiet_pre,-0.0170,S,0,0,0.0
D,108050,quiet_pre,-0.0170,S,0,0,0.0
D,108146,quiet_pre,-0.0170,S,0,0,0.0
D,108240,quiet_pre,-0.0170,S,0,0,0.0
D,108336,quiet_pre,-0.0170,S,0,0,0.0
D,108431,quiet_pre,-0.0170,S,0,0,0.0
D,108527,quiet_pre,-0.0170,S,0,0,0.0
D,108623,quiet_pre,-0.0170,S,0,0,0.0
D,108719,quiet_pre,-0.0170,S,0,0,0.0
D,108815,quiet_pre,-0.0170,S,0,0,0.0
D,108911,quiet_pre,-0.0170,S,0,0,0.0
D,109007,quiet_pre,-0.0170,S,0,0,0.0
D,109103,quiet_pre,-0.0170,S,0,0,0.0
D,109196,quiet_pre,-0.0170,S,0,0,0.0
D,109292,quiet_pre,-0.0171,S,0,0,0.0
D,109388,quiet_pre,-0.0171,S,0,0,0.0
D,109484,quiet_pre,-0.0171,S,0,0,0.0
D,109580,quiet_pre,-0.0171,S,0,0,0.0
D,109676,quiet_pre,-0.0171,S,0,0,0.0
D,109772,quiet_pre,-0.0171,S,0,0,0.0
D,109867,quiet_pre,-0.0171,S,0,0,0.0
D,109963,quiet_pre,-0.0171,S,0,0,0.0
D,110057,quiet_pre,-0.0171,S,0,0,0.0
D,110153,quiet_pre,-0.0171,S,0,0,0.0
D,110249,quiet_pre,-0.0171,S,0,0,0.0
D,110345,quiet_pre,-0.0170,S,0,0,0.0
D,110441,quiet_pre,-0.0170,S,0,0,0.0
D,110536,quiet_pre,-0.0170,S,0,0,0.0
D,110632,quiet_pre,-0.0170,S,0,0,0.0
D,110728,quiet_pre,-0.0170,S,0,0,0.0
D,110823,quiet_pre,-0.0167,U,0,0,0.0
D,110917,quiet_pre,-0.0167,U,0,0,0.0
D,111013,quiet_pre,-0.0166,U,0,0,0.0
D,111109,quiet_pre,-0.0166,U,0,0,0.0
D,111204,quiet_pre,-0.0166,U,0,0,0.0
D,111300,quiet_pre,-0.0166,S,0,0,0.0
D,111396,quiet_pre,-0.0165,U,0,0,0.0
D,111492,quiet_pre,-0.0165,S,0,0,0.0
D,111588,quiet_pre,-0.0165,S,0,0,0.0
D,111684,quiet_pre,-0.0165,S,0,0,0.0
D,111780,quiet_pre,-0.0165,S,0,0,0.0
D,111873,quiet_pre,-0.0165,S,0,0,0.0
D,111969,quiet_pre,-0.0165,S,0,0,0.0
D,112065,quiet_pre,-0.0165,S,0,0,0.0
D,112161,quiet_pre,-0.0165,S,0,0,0.0
D,112268,quiet_pre,-0.0165,S,0,0,0.0
D,112449,quiet_pre,-0.0165,S,0,0,0.0
D,112544,quiet_pre,-0.0165,S,0,0,0.0
D,112640,quiet_pre,-0.0165,S,0,0,0.0
D,112734,quiet_pre,-0.0165,S,0,0,0.0
D,112830,quiet_pre,-0.0165,S,0,0,0.0
D,112926,quiet_pre,-0.0166,S,0,0,0.0
D,113022,quiet_pre,-0.0166,S,0,0,0.0
D,113118,quiet_pre,-0.0166,S,0,0,0.0
D,113213,quiet_pre,-0.0166,S,0,0,0.0
D,113309,quiet_pre,-0.0166,S,0,0,0.0
D,113405,quiet_pre,-0.0166,S,0,0,0.0
D,113501,quiet_pre,-0.0166,S,0,0,0.0
D,113595,quiet_pre,-0.0166,S,0,0,0.0
D,113691,quiet_pre,-0.0166,S,0,0,0.0
D,113787,quiet_pre,-0.0166,S,0,0,0.0
D,113883,quiet_pre,-0.0166,S,0,0,0.0
D,113978,quiet_pre,-0.0166,S,0,0,0.0
D,114074,quiet_pre,-0.0166,S,0,0,0.0
D,114170,quiet_pre,-0.0166,S,0,0,0.0
D,114266,quiet_pre,-0.0166,S,0,0,0.0
D,114362,quiet_pre,-0.0166,S,0,0,0.0
D,114458,quiet_pre,-0.0166,S,0,0,0.0
D,114552,quiet_pre,-0.0166,S,0,0,0.0
D,114648,quiet_pre,-0.0166,S,0,0,0.0
D,114743,quiet_pre,-0.0166,S,0,0,0.0
D,114839,quiet_pre,-0.0166,S,0,0,0.0
D,114935,quiet_pre,-0.0166,S,0,0,0.0
D,115031,quiet_pre,-0.0166,S,0,0,0.0
D,115127,quiet_pre,-0.0166,S,0,0,0.0
D,115223,quiet_pre,-0.0166,S,0,0,0.0
D,115319,quiet_pre,-0.0166,S,0,0,0.0
D,115412,quiet_pre,-0.0166,S,0,0,0.0
D,115508,quiet_pre,-0.0166,S,0,0,0.0
D,115604,quiet_pre,-0.0166,S,0,0,0.0
D,115700,quiet_pre,-0.0166,S,0,0,0.0
D,115796,quiet_pre,-0.0166,S,0,0,0.0
D,115892,quiet_pre,-0.0166,S,0,0,0.0
D,115988,quiet_pre,-0.0166,S,0,0,0.0
D,116084,quiet_pre,-0.0165,S,0,0,0.0
D,116179,quiet_pre,-0.0165,S,0,0,0.0
D,116273,quiet_pre,-0.0165,S,0,0,0.0
D,116369,quiet_pre,-0.0165,S,0,0,0.0
D,116465,quiet_pre,-0.0165,S,0,0,0.0
D,116561,quiet_pre,-0.0165,S,0,0,0.0
D,116657,quiet_pre,-0.0165,S,0,0,0.0
D,116753,quiet_pre,-0.0165,S,0,0,0.0
D,116848,quiet_pre,-0.0165,S,0,0,0.0
D,116944,quiet_pre,-0.0165,S,0,0,0.0
D,117040,quiet_pre,-0.0165,S,0,0,0.0
D,117134,quiet_pre,-0.0165,S,0,0,0.0
D,117230,quiet_pre,-0.0165,S,0,0,0.0
D,117326,quiet_pre,-0.0165,S,0,0,0.0
D,117421,quiet_pre,-0.0165,S,0,0,0.0
D,117517,quiet_pre,-0.0165,S,0,0,0.0
D,117612,quiet_pre,-0.0160,U,0,0,0.0
D,117708,quiet_pre,-0.0160,U,0,0,0.0
D,117804,quiet_pre,-0.0160,U,0,0,0.0
D,117900,quiet_pre,-0.0160,U,0,0,0.0
D,117996,quiet_pre,-0.0159,U,0,0,0.0
D,118089,quiet_pre,-0.0159,S,0,0,0.0
D,118185,quiet_pre,-0.0159,S,0,0,0.0
D,118281,quiet_pre,-0.0158,U,0,0,0.0
D,118377,quiet_pre,-0.0158,U,0,0,0.0
D,118473,quiet_pre,-0.0157,U,0,0,0.0
D,118569,quiet_pre,-0.0157,U,0,0,0.0
D,118664,quiet_pre,-0.0156,U,0,0,0.0
D,118760,quiet_pre,-0.0156,U,0,0,0.0
D,118856,quiet_pre,-0.0155,U,0,0,0.0
D,118950,quiet_pre,-0.0154,U,0,0,0.0
D,119046,quiet_pre,-0.0154,U,0,0,0.0
D,119142,quiet_pre,-0.0153,U,0,0,0.0
D,119238,quiet_pre,-0.0153,U,0,0,0.0
D,119333,quiet_pre,-0.0152,U,0,0,0.0
D,119429,quiet_pre,-0.0152,U,0,0,0.0
D,119525,quiet_pre,-0.0152,U,0,0,0.0
D,119621,quiet_pre,-0.0151,U,0,0,0.0
D,119717,quiet_pre,-0.0151,U,0,0,0.0
D,119811,quiet_pre,-0.0151,S,0,0,0.0
D,119906,quiet_pre,-0.0150,U,0,0,0.0
D,120002,quiet_pre,-0.0150,U,0,0,0.0
D,120098,quiet_pre,-0.0150,S,0,0,0.0
D,120194,quiet_pre,-0.0150,S,0,0,0.0
D,120290,quiet_pre,-0.0149,U,0,0,0.0
D,120386,quiet_pre,-0.0149,S,0,0,0.0
D,120482,quiet_pre,-0.0149,S,0,0,0.0
D,120577,quiet_pre,-0.0149,S,0,0,0.0
D,120673,quiet_pre,-0.0149,S,0,0,0.0
D,120767,quiet_pre,-0.0150,S,0,0,0.0
D,120863,quiet_pre,-0.0150,S,0,0,0.0
D,120959,quiet_pre,-0.0150,S,0,0,0.0
D,121055,quiet_pre,-0.0150,S,0,0,0.0
D,121151,quiet_pre,-0.0150,S,0,0,0.0
D,121246,quiet_pre,-0.0150,S,0,0,0.0
D,121342,quiet_pre,-0.0150,S,0,0,0.0
D,121438,quiet_pre,-0.0150,S,0,0,0.0
D,121534,quiet_pre,-0.0150,S,0,0,0.0
D,121628,quiet_pre,-0.0150,S,0,0,0.0
D,121724,quiet_pre,-0.0150,S,0,0,0.0
D,121820,quiet_pre,-0.0150,S,0,0,0.0
D,121915,quiet_pre,-0.0150,S,0,0,0.0
D,122011,quiet_pre,-0.0151,S,0,0,0.0
D,122107,quiet_pre,-0.0151,S,0,0,0.0
D,122203,quiet_pre,-0.0151,S,0,0,0.0
D,122299,quiet_pre,-0.0154,U,0,0,0.0
D,122394,quiet_pre,-0.0154,U,0,0,0.0
D,122489,quiet_pre,-0.0155,U,0,0,0.0
D,122584,quiet_pre,-0.0155,U,0,0,0.0
D,122680,quiet_pre,-0.0156,U,0,0,0.0
D,122776,quiet_pre,-0.0156,U,0,0,0.0
D,122872,quiet_pre,-0.0157,U,0,0,0.0
D,122967,quiet_pre,-0.0157,U,0,0,0.0
D,123063,quiet_pre,-0.0158,U,0,0,0.0
D,123159,quiet_pre,-0.0158,U,0,0,0.0
D,123255,quiet_pre,-0.0158,U,0,0,0.0
E,123317,BLOCK_END,quiet_pre
E,123320,BLOCK_START,tap_single
D,123351,tap_single,-0.0158,S,0,0,0.0
D,123445,tap_single,-0.0158,S,0,0,0.0
D,123541,tap_single,-0.0158,S,0,0,0.0
D,123636,tap_single,-0.0159,S,0,0,0.0
D,123732,tap_single,-0.0159,S,0,0,0.0
D,123828,tap_single,-0.0159,S,0,0,0.0
D,123924,tap_single,-0.0159,S,0,0,0.0
D,124020,tap_single,-0.0159,S,0,0,0.0
D,124116,tap_single,-0.0159,S,0,0,0.0
D,124212,tap_single,-0.0159,S,0,0,0.0
D,124305,tap_single,-0.0159,S,0,0,0.0
E,124367,TAP,1
D,124499,tap_single,-0.0159,S,0,1,0.0
D,124593,tap_single,-0.0159,S,0,1,0.0
D,124689,tap_single,-0.0159,S,0,1,0.0
D,124785,tap_single,-0.0159,S,0,1,0.0
D,124881,tap_single,-0.0159,S,0,1,0.0
D,124976,tap_single,-0.0159,S,0,1,0.0
D,125077,tap_single,-0.0160,S,0,1,0.0
D,125166,tap_single,-0.0160,S,0,1,0.0
D,125262,tap_single,-0.0160,S,0,1,0.0
D,125357,tap_single,-0.0054,U,0,1,0.0
D,125453,tap_single,0.0013,U,0,1,0.0
D,125549,tap_single,0.0078,U,0,1,0.0
D,125645,tap_single,0.0140,U,0,1,0.0
D,125741,tap_single,0.0199,U,0,1,0.0
D,125836,tap_single,0.0260,U,0,1,0.0
D,125932,tap_single,0.0320,U,0,1,0.0
D,126028,tap_single,0.0379,U,0,1,0.0
D,126122,tap_single,0.0436,U,0,1,0.0
D,126218,tap_single,0.0491,U,0,1,0.0
D,126314,tap_single,0.0548,U,0,1,0.0
D,126410,tap_single,0.0605,U,0,1,0.0
D,126505,tap_single,0.0663,U,0,1,0.0
D,126601,tap_single,0.0719,U,0,1,0.0
D,126697,tap_single,0.0774,U,0,1,0.0
D,126793,tap_single,0.0829,U,0,1,0.0
D,126889,tap_single,0.0882,U,0,1,0.0
D,126983,tap_single,0.0932,U,0,1,0.0
D,127078,tap_single,0.0975,U,0,1,0.0
D,127174,tap_single,0.1007,U,0,1,0.0
D,127270,tap_single,0.1024,U,0,1,0.0
D,127366,tap_single,0.1029,U,0,1,0.0
D,127462,tap_single,0.1028,U,0,1,0.0
D,127558,tap_single,0.1025,U,0,1,0.0
D,127654,tap_single,0.1024,U,0,1,0.0
D,127750,tap_single,0.1023,U,0,1,0.0
D,127843,tap_single,0.1023,U,0,1,0.0
D,127939,tap_single,0.1024,U,0,1,0.0
D,128035,tap_single,0.1024,S,0,1,0.0
D,128131,tap_single,0.1024,S,0,1,0.0
D,128227,tap_single,0.1024,S,0,1,0.0
D,128323,tap_single,0.1024,S,0,1,0.0
D,128418,tap_single,0.1024,S,0,1,0.0
D,128514,tap_single,0.1024,S,0,1,0.0
D,128610,tap_single,0.1024,S,0,1,0.0
D,128706,tap_single,0.1024,S,0,1,0.0
D,128800,tap_single,0.1024,S,0,1,0.0
D,128896,tap_single,0.1025,S,0,1,0.0
D,128992,tap_single,0.1025,S,0,1,0.0
D,129087,tap_single,0.1025,S,0,1,0.0
D,129184,tap_single,0.1026,U,0,1,0.0
D,129279,tap_single,0.1026,U,0,1,0.0
D,129375,tap_single,0.1026,S,0,1,0.0
D,129471,tap_single,0.1026,S,0,1,0.0
D,129567,tap_single,0.1027,U,0,1,0.0
D,129661,tap_single,0.1027,S,0,1,0.0
D,129757,tap_single,0.1027,S,0,1,0.0
D,129853,tap_single,0.1027,S,0,1,0.0
D,129948,tap_single,0.1028,U,0,1,0.0
D,130044,tap_single,0.1029,U,0,1,0.0
D,130140,tap_single,0.1029,U,0,1,0.0
D,130236,tap_single,0.1029,U,0,1,0.0
D,130332,tap_single,0.1030,U,0,1,0.0
D,130428,tap_single,0.1030,U,0,1,0.0
E,130490,TAP,2
D,130622,tap_single,0.1032,U,0,2,0.0
D,130713,tap_single,0.1032,U,0,2,0.0
D,130809,tap_single,0.1033,U,0,2,0.0
D,130905,tap_single,0.1033,U,0,2,0.0
D,131001,tap_single,0.1034,U,0,2,0.0
D,131096,tap_single,0.1036,U,0,2,0.0
D,131192,tap_single,0.1134,U,0,2,0.0
D,131288,tap_single,0.1238,U,0,2,0.0
D,131384,tap_single,0.1376,U,0,2,0.0
D,131477,tap_single,0.1520,U,0,2,0.0
D,131573,tap_single,0.1645,U,0,2,0.0
D,131669,tap_single,0.1741,U,0,2,0.0
D,131765,tap_single,0.1816,U,0,2,0.0
D,131861,tap_single,0.1878,U,0,2,0.0
D,131957,tap_single,0.1930,U,0,2,0.0
D,132052,tap_single,0.1971,U,0,2,0.0
D,132148,tap_single,0.1997,U,0,2,0.0
D,132244,tap_single,0.2006,U,0,2,0.0
D,132338,tap_single,0.2003,U,0,2,0.0
D,132434,tap_single,0.1995,U,0,2,0.0
D,132530,tap_single,0.1989,U,0,2,0.0
D,132626,tap_single,0.1987,U,0,2,0.0
D,132721,tap_single,0.1986,U,0,2,0.0
D,132817,tap_single,0.1987,U,0,2,0.0
D,132913,tap_single,0.1987,U,0,2,0.0
D,133009,tap_single,0.1987,U,0,2,0.0
D,133105,tap_single,0.1988,U,0,2,0.0
D,133199,tap_single,0.1988,U,0,2,0.0
D,133295,tap_single,0.1989,U,0,2,0.0
D,133391,tap_single,0.1990,U,0,2,0.0
D,133486,tap_single,0.1990,U,0,2,0.0
D,133582,tap_single,0.1990,U,0,2,0.0
D,133678,tap_single,0.1990,U,0,2,0.0
D,133774,tap_single,0.1990,S,0,2,0.0
D,133870,tap_single,0.1990,S,0,2,0.0
D,133966,tap_single,0.1990,S,0,2,0.0
D,134062,tap_single,0.1990,S,0,2,0.0
D,134155,tap_single,0.1990,S,0,2,0.0
D,134251,tap_single,0.1990,S,0,2,0.0
D,134347,tap_single,0.1990,S,0,2,0.0
D,134443,tap_single,0.1990,S,0,2,0.0
D,134539,tap_single,0.1990,S,0,2,0.0
D,134635,tap_single,0.1990,S,0,2,0.0
D,134731,tap_single,0.1990,S,0,2,0.0
D,134827,tap_single,0.1991,S,0,2,0.0
D,134922,tap_single,0.1991,S,0,2,0.0
D,135016,tap_single,0.1991,S,0,2,0.0
D,135112,tap_single,0.1991,S,0,2,0.0
D,135208,tap_single,0.1991,S,0,2,0.0
D,135304,tap_single,0.1991,S,0,2,0.0
D,135400,tap_single,0.1991,S,0,2,0.0
D,135496,tap_single,0.1991,S,0,2,0.0
D,135591,tap_single,0.1991,S,0,2,0.0
D,135687,tap_single,0.1991,S,0,2,0.0
D,135783,tap_single,0.1992,S,0,2,0.0
D,135877,tap_single,0.1992,S,0,2,0.0
D,135973,tap_single,0.1992,S,0,2,0.0
D,136069,tap_single,0.1992,S,0,2,0.0
D,136165,tap_single,0.1992,S,0,2,0.0
D,136260,tap_single,0.1992,S,0,2,0.0
D,136356,tap_single,0.1992,S,0,2,0.0
D,136452,tap_single,0.1992,S,0,2,0.0
D,136548,tap_single,0.1992,S,0,2,0.0
E,136610,TAP,3
D,136741,tap_single,0.1992,S,0,3,0.0
D,136834,tap_single,0.1992,S,0,3,0.0
D,136930,tap_single,0.1992,S,0,3,0.0
D,137025,tap_single,0.1992,S,0,3,0.0
D,137121,tap_single,0.1992,S,0,3,0.0
D,137217,tap_single,0.1987,U,0,3,0.0
D,137312,tap_single,0.1917,U,0,3,0.0
D,137408,tap_single,0.1887,U,0,3,0.0
D,137504,tap_single,0.1877,U,0,3,0.0
D,137600,tap_single,0.1899,U,0,3,0.0
D,137693,tap_single,0.1951,U,0,3,0.0
D,137789,tap_single,0.2015,U,0,3,0.0
D,137896,tap_single,0.2075,U,0,3,0.0
D,138077,tap_single,0.2133,U,0,3,0.0
D,138173,tap_single,0.2133,U,0,3,0.0
D,138268,tap_single,0.2126,U,0,3,0.0
D,138364,tap_single,0.2119,U,0,3,0.0
D,138460,tap_single,0.2115,U,0,3,0.0
D,138554,tap_single,0.2115,U,0,3,0.0
D,138650,tap_single,0.2114,U,0,3,0.0
D,138746,tap_single,0.2114,U,0,3,0.0
D,138842,tap_single,0.2114,U,0,3,0.0
D,138938,tap_single,0.2114,S,0,3,0.0
D,139033,tap_single,0.2114,S,0,3,0.0
D,139129,tap_single,0.2114,S,0,3,0.0
D,139225,tap_single,0.2114,S,0,3,0.0
D,139321,tap_single,0.2114,S,0,3,0.0
D,139417,tap_single,0.2115,S,0,3,0.0
D,139511,tap_single,0.2115,S,0,3,0.0
D,139607,tap_single,0.2115,S,0,3,0.0
D,139702,tap_single,0.2116,U,0,3,0.0
D,139798,tap_single,0.2116,U,0,3,0.0
D,139894,tap_single,0.2116,S,0,3,0.0
D,139990,tap_single,0.2117,U,0,3,0.0
D,140086,tap_single,0.2117,U,0,3,0.0
D,140182,tap_single,0.2117,S,0,3,0.0
D,140278,tap_single,0.2117,S,0,3,0.0
D,140372,tap_single,0.2118,U,0,3,0.0
D,140467,tap_single,0.2118,S,0,3,0.0
D,140563,tap_single,0.2119,U,0,3,0.0
D,140659,tap_single,0.2119,U,0,3,0.0
D,140755,tap_single,0.2120,U,0,3,0.0
D,140851,tap_single,0.2121,U,0,3,0.0
D,140947,tap_single,0.2121,U,0,3,0.0
D,141043,tap_single,0.2122,U,0,3,0.0
D,141138,tap_single,0.2122,U,0,3,0.0
D,141232,tap_single,0.2123,U,0,3,0.0
D,141328,tap_single,0.2123,U,0,3,0.0
D,141424,tap_single,0.2124,U,0,3,0.0
D,141520,tap_single,0.2125,U,0,3,0.0
D,141616,tap_single,0.2125,U,0,3,0.0
D,141711,tap_single,0.2126,U,0,3,0.0
D,141807,tap_single,0.2126,U,0,3,0.0
D,141903,tap_single,0.2127,U,0,3,0.0
D,141999,tap_single,0.2127,U,0,3,0.0
D,142095,tap_single,0.2128,U,0,3,0.0
D,142189,tap_single,0.2128,U,0,3,0.0
D,142284,tap_single,0.2129,U,0,3,0.0
D,142380,tap_single,0.2130,U,0,3,0.0
D,142476,tap_single,0.2130,U,0,3,0.0
D,142572,tap_single,0.2131,U,0,3,0.0
D,142668,tap_single,0.2132,U,0,3,0.0
E,142730,TAP,4
D,142861,tap_single,0.2133,U,0,4,0.0
D,142955,tap_single,0.2134,U,0,4,0.0
D,143049,tap_single,0.2134,U,0,4,0.0
D,143145,tap_single,0.2135,U,0,4,0.0
D,143241,tap_single,0.2136,U,0,4,0.0
D,143337,tap_single,0.2137,U,0,4,0.0
D,143433,tap_single,0.2139,U,0,4,0.0
D,143528,tap_single,0.2245,U,0,4,0.0
D,143624,tap_single,0.2346,U,0,4,0.0
D,143720,tap_single,0.2464,U,0,4,0.0
D,143816,tap_single,0.2568,U,0,4,0.0
D,143909,tap_single,0.2636,U,0,4,0.0
D,144005,tap_single,0.2666,U,0,4,0.0
D,144101,tap_single,0.2671,U,0,4,0.0
D,144197,tap_single,0.2665,U,0,4,0.0
D,144293,tap_single,0.2658,U,0,4,0.0
D,144389,tap_single,0.2655,U,0,4,0.0
D,144484,tap_single,0.2654,U,0,4,0.0
D,144580,tap_single,0.2654,U,0,4,0.0
D,144676,tap_single,0.2654,U,0,4,0.0
D,144772,tap_single,0.2654,U,0,4,0.0
D,144866,tap_single,0.2654,S,0,4,0.0
D,144962,tap_single,0.2654,S,0,4,0.0
D,145058,tap_single,0.2654,S,0,4,0.0
D,145154,tap_single,0.2654,S,0,4,0.0
D,145250,tap_single,0.2654,S,0,4,0.0
D,145345,tap_single,0.2655,S,0,4,0.0
D,145441,tap_single,0.2655,S,0,4,0.0
D,145537,tap_single,0.2655,S,0,4,0.0
D,145633,tap_single,0.2655,S,0,4,0.0
D,145727,tap_single,0.2655,S,0,4,0.0
D,145823,tap_single,0.2655,S,0,4,0.0
D,145919,tap_single,0.2655,S,0,4,0.0
D,146014,tap_single,0.2655,S,0,4,0.0
D,146110,tap_single,0.2655,S,0,4,0.0
D,146206,tap_single,0.2655,S,0,4,0.0
D,146302,tap_single,0.2655,S,0,4,0.0
D,146398,tap_single,0.2655,S,0,4,0.0
D,146494,tap_single,0.2655,S,0,4,0.0
D,146588,tap_single,0.2655,S,0,4,0.0
D,146683,tap_single,0.2655,S,0,4,0.0
D,146779,tap_single,0.2655,S,0,4,0.0
D,146875,tap_single,0.2655,S,0,4,0.0
D,146971,tap_single,0.2655,S,0,4,0.0
D,147067,tap_single,0.2655,S,0,4,0.0
D,147163,tap_single,0.2655,S,0,4,0.0
D,147259,tap_single,0.2655,S,0,4,0.0
D,147355,tap_single,0.2655,S,0,4,0.0
D,147450,tap_single,0.2655,S,0,4,0.0
D,147544,tap_single,0.2655,S,0,4,0.0
D,147640,tap_single,0.2655,S,0,4,0.0
D,147736,tap_single,0.2655,S,0,4,0.0
D,147832,tap_single,0.2655,S,0,4,0.0
D,147928,tap_single,0.2655,S,0,4,0.0
D,148023,tap_single,0.2655,S,0,4,0.0
D,148119,tap_single,0.2655,S,0,4,0.0
D,148215,tap_single,0.2654,S,0,4,0.0
D,148311,tap_single,0.2654,S,0,4,0.0
D,148405,tap_single,0.2654,S,0,4,0.0
D,148501,tap_single,0.2654,S,0,4,0.0
D,148597,tap_single,0.2654,S,0,4,0.0
D,148693,tap_single,0.2654,S,0,4,0.0
D,148789,tap_single,0.2654,S,0,4,0.0
E,148851,TAP,5
D,148982,tap_single,0.2654,S,0,5,0.0
D,149076,tap_single,0.2654,S,0,5,0.0
D,149172,tap_single,0.2653,S,0,5,0.0
D,149266,tap_single,0.2653,S,0,5,0.0
D,149361,tap_single,0.2650,U,0,5,0.0
D,149457,tap_single,0.2648,U,0,5,0.0
D,149552,tap_single,0.2610,U,0,5,0.0
D,149648,tap_single,0.2629,U,0,5,0.0
D,149744,tap_single,0.2658,U,0,5,0.0
D,149840,tap_single,0.2770,U,0,5,0.0
D,149936,tap_single,0.2842,U,0,5,0.0
D,150032,tap_single,0.2884,U,0,5,0.0
D,150127,tap_single,0.2896,U,0,5,0.0
D,150221,tap_single,0.2894,U,0,5,0.0
D,150317,tap_single,0.2889,U,0,5,0.0
D,150413,tap_single,0.2886,U,0,5,0.0
D,150509,tap_single,0.2886,U,0,5,0.0
D,150605,tap_single,0.2886,U,0,5,0.0
D,150711,tap_single,0.2886,U,0,5,0.0
D,150892,tap_single,0.2886,S,0,5,0.0
D,150988,tap_single,0.2885,S,0,5,0.0
D,151082,tap_single,0.2885,S,0,5,0.0
D,151178,tap_single,0.2885,S,0,5,0.0
D,151274,tap_single,0.2885,S,0,5,0.0
D,151370,tap_single,0.2885,S,0,5,0.0
D,151466,tap_single,0.2885,S,0,5,0.0
D,151562,tap_single,0.2885,S,0,5,0.0
D,151657,tap_single,0.2885,S,0,5,0.0
D,151753,tap_single,0.2885,S,0,5,0.0
D,151849,tap_single,0.2885,S,0,5,0.0
D,151943,tap_single,0.2885,S,0,5,0.0
D,152039,tap_single,0.2885,S,0,5,0.0
D,152135,tap_single,0.2885,S,0,5,0.0
D,152231,tap_single,0.2885,S,0,5,0.0
D,152326,tap_single,0.2885,S,0,5,0.0
D,152422,tap_single,0.2884,S,0,5,0.0
D,152518,tap_single,0.2884,S,0,5,0.0
D,152614,tap_single,0.2884,S,0,5,0.0
D,152710,tap_single,0.2884,S,0,5,0.0
D,152806,tap_single,0.2884,S,0,5,0.0
D,152899,tap_single,0.2884,S,0,5,0.0
D,152996,tap_single,0.2884,S,0,5,0.0
D,153091,tap_single,0.2884,S,0,5,0.0
D,153187,tap_single,0.2884,S,0,5,0.0
D,153283,tap_single,0.2884,S,0,5,0.0
D,153379,tap_single,0.2884,S,0,5,0.0
D,153475,tap_single,0.2884,S,0,5,0.0
D,153571,tap_single,0.2884,S,0,5,0.0
D,153666,tap_single,0.2884,S,0,5,0.0
D,153760,tap_single,0.2884,S,0,5,0.0
D,153856,tap_single,0.2884,S,0,5,0.0
D,153952,tap_single,0.2884,S,0,5,0.0
D,154048,tap_single,0.2884,S,0,5,0.0
D,154144,tap_single,0.2884,S,0,5,0.0
D,154240,tap_single,0.2884,S,0,5,0.0
D,154335,tap_single,0.2884,S,0,5,0.0
D,154431,tap_single,0.2884,S,0,5,0.0
D,154527,tap_single,0.2884,S,0,5,0.0
D,154621,tap_single,0.2884,S,0,5,0.0
D,154717,tap_single,0.2884,S,0,5,0.0
D,154813,tap_single,0.2884,S,0,5,0.0
D,154909,tap_single,0.2884,S,0,5,0.0
E,154971,TAP,6
D,155102,tap_single,0.2884,S,0,6,0.0
D,155196,tap_single,0.2884,S,0,6,0.0
D,155292,tap_single,0.2884,S,0,6,0.0
D,155388,tap_single,0.2884,S,0,6,0.0
D,155484,tap_single,0.2884,S,0,6,0.0
D,155577,tap_single,0.2837,U,0,6,0.0
D,155673,tap_single,0.2801,U,0,6,0.0
D,155768,tap_single,0.2779,U,0,6,0.0
D,155864,tap_single,0.2789,U,0,6,0.0
D,155960,tap_single,0.2826,U,0,6,0.0
D,156056,tap_single,0.2870,U,0,6,0.0
D,156152,tap_single,0.2899,U,0,6,0.0
D,156248,tap_single,0.2908,U,0,6,0.0
D,156344,tap_single,0.2907,U,0,6,0.0
D,156437,tap_single,0.2902,U,0,6,0.0
D,156532,tap_single,0.2900,U,0,6,0.0
D,156629,tap_single,0.2899,U,0,6,0.0
D,156725,tap_single,0.2899,U,0,6,0.0
D,156821,tap_single,0.2898,U,0,6,0.0
D,156917,tap_single,0.2898,U,0,6,0.0
D,157012,tap_single,0.2898,U,0,6,0.0
D,157108,tap_single,0.2897,U,0,6,0.0
D,157204,tap_single,0.2897,U,0,6,0.0
D,157298,tap_single,0.2896,U,0,6,0.0
D,157394,tap_single,0.2896,U,0,6,0.0
D,157490,tap_single,0.2896,U,0,6,0.0
D,157586,tap_single,0.2896,S,0,6,0.0
D,157682,tap_single,0.2896,S,0,6,0.0
D,157777,tap_single,0.2896,S,0,6,0.0
D,157873,tap_single,0.2896,S,0,6,0.0
D,157969,tap_single,0.2896,S,0,6,0.0
D,158065,tap_single,0.2897,S,0,6,0.0
D,158161,tap_single,0.2897,S,0,6,0.0
D,158255,tap_single,0.2897,S,0,6,0.0
D,158351,tap_single,0.2897,S,0,6,0.0
D,158446,tap_single,0.2897,S,0,6,0.0
D,158542,tap_single,0.2897,S,0,6,0.0
D,158638,tap_single,0.2897,S,0,6,0.0
D,158734,tap_single,0.2897,S,0,6,0.0
D,158830,tap_single,0.2897,S,0,6,0.0
D,158926,tap_single,0.2897,S,0,6,0.0
D,159022,tap_single,0.2897,S,0,6,0.0
D,159116,tap_single,0.2897,S,0,6,0.0
D,159211,tap_single,0.2897,S,0,6,0.0
D,159307,tap_single,0.2897,S,0,6,0.0
D,159403,tap_single,0.2897,S,0,6,0.0
D,159499,tap_single,0.2897,S,0,6,0.0
D,159595,tap_single,0.2897,S,0,6,0.0
D,159691,tap_single,0.2898,S,0,6,0.0
D,159787,tap_single,0.2898,S,0,6,0.0
D,159882,tap_single,0.2898,S,0,6,0.0
D,159976,tap_single,0.2898,S,0,6,0.0
D,160072,tap_single,0.2898,S,0,6,0.0
D,160168,tap_single,0.2898,S,0,6,0.0
D,160264,tap_single,0.2898,S,0,6,0.0
D,160360,tap_single,0.2898,S,0,6,0.0
D,160456,tap_single,0.2898,S,0,6,0.0
D,160551,tap_single,0.2898,S,0,6,0.0
D,160647,tap_single,0.2898,S,0,6,0.0
D,160743,tap_single,0.2898,S,0,6,0.0
D,160837,tap_single,0.2898,S,0,6,0.0
D,160933,tap_single,0.2898,S,0,6,0.0
D,161029,tap_single,0.2898,S,0,6,0.0
E,161091,TAP,7
D,161223,tap_single,0.2898,S,0,7,0.0
D,161316,tap_single,0.2898,S,0,7,0.0
D,161412,tap_single,0.2898,S,0,7,0.0
D,161508,tap_single,0.2898,S,0,7,0.0
D,161604,tap_single,0.2898,S,0,7,0.0
D,161699,tap_single,0.2894,U,0,7,0.0
D,161793,tap_single,0.2894,U,0,7,0.0
D,161889,tap_single,0.2896,U,0,7,0.0
D,161985,tap_single,0.3019,U,0,7,0.0
D,162080,tap_single,0.3111,U,0,7,0.0
D,162176,tap_single,0.3185,U,0,7,0.0
D,162272,tap_single,0.3226,U,0,7,0.0
D,162368,tap_single,0.3240,U,0,7,0.0
D,162464,tap_single,0.3240,U,0,7,0.0
D,162559,tap_single,0.3237,U,0,7,0.0
D,162653,tap_single,0.3235,U,0,7,0.0
D,162749,tap_single,0.3235,U,0,7,0.0
D,162845,tap_single,0.3235,U,0,7,0.0
D,162941,tap_single,0.3235,U,0,7,0.0
D,163037,tap_single,0.3235,U,0,7,0.0
D,163133,tap_single,0.3235,S,0,7,0.0
D,163229,tap_single,0.3235,S,0,7,0.0
D,163324,tap_single,0.3235,S,0,7,0.0
D,163420,tap_single,0.3235,S,0,7,0.0
D,163514,tap_single,0.3235,S,0,7,0.0
D,163615,tap_single,0.3235,S,0,7,0.0
D,163706,tap_single,0.3235,S,0,7,0.0
D,163802,tap_single,0.3235,S,0,7,0.0
D,163898,tap_single,0.3235,S,0,7,0.0
D,163993,tap_single,0.3236,S,0,7,0.0
D,164089,tap_single,0.3236,S,0,7,0.0
D,164185,tap_single,0.3236,S,0,7,0.0
D,164281,tap_single,0.3236,S,0,7,0.0
D,164377,tap_single,0.3237,U,0,7,0.0
D,164471,tap_single,0.3237,S,0,7,0.0
D,164567,tap_single,0.3237,S,0,7,0.0
D,164663,tap_single,0.3237,S,0,7,0.0
D,164758,tap_single,0.3238,U,0,7,0.0
D,164854,tap_single,0.3238,S,0,7,0.0
D,164950,tap_single,0.3238,S,0,7,0.0
D,165046,tap_single,0.3238,S,0,7,0.0
D,165142,tap_single,0.3239,U,0,7,0.0
D,165238,tap_single,0.3239,S,0,7,0.0
D,165331,tap_single,0.3239,S,0,7,0.0
D,165427,tap_single,0.3240,U,0,7,0.0
D,165523,tap_single,0.3240,U,0,7,0.0
D,165619,tap_single,0.3240,S,0,7,0.0
D,165715,tap_single,0.3240,S,0,7,0.0
D,165811,tap_single,0.3240,S,0,7,0.0
D,165906,tap_single,0.3240,S,0,7,0.0
D,166002,tap_single,0.3240,S,0,7,0.0
D,166098,tap_single,0.3240,S,0,7,0.0
D,166192,tap_single,0.3240,S,0,7,0.0
D,166288,tap_single,0.3240,S,0,7,0.0
D,166384,tap_single,0.3240,S,0,7,0.0
D,166480,tap_single,0.3240,S,0,7,0.0
D,166575,tap_single,0.3240,S,0,7,0.0
D,166671,tap_single,0.3240,S,0,7,0.0
D,166767,tap_single,0.3240,S,0,7,0.0
D,166863,tap_single,0.3240,S,0,7,0.0
D,166959,tap_single,0.3240,S,0,7,0.0
D,167055,tap_single,0.3240,S,0,7,0.0
D,167149,tap_single,0.3240,S,0,7,0.0
E,167211,TAP,8
D,167343,tap_single,0.3240,S,0,8,0.0
D,167436,tap_single,0.3240,S,0,8,0.0
D,167532,tap_single,0.3240,S,0,8,0.0
D,167628,tap_single,0.3240,S,0,8,0.0
D,167724,tap_single,0.3239,S,0,8,0.0
D,167819,tap_single,0.3184,U,0,8,0.0
D,167915,tap_single,0.3146,U,0,8,0.0
D,168009,tap_single,0.3127,U,0,8,0.0
D,168104,tap_single,0.3145,U,0,8,0.0
D,168200,tap_single,0.3192,U,0,8,0.0
D,168296,tap_single,0.3240,U,0,8,0.0
D,168392,tap_single,0.3269,U,0,8,0.0
D,168488,tap_single,0.3278,U,0,8,0.0
D,168584,tap_single,0.3277,U,0,8,0.0
D,168680,tap_single,0.3275,U,0,8,0.0
D,168776,tap_single,0.3274,U,0,8,0.0
D,168869,tap_single,0.3274,U,0,8,0.0
D,168965,tap_single,0.3274,U,0,8,0.0
D,169061,tap_single,0.3274,U,0,8,0.0
D,169157,tap_single,0.3273,U,0,8,0.0
D,169253,tap_single,0.3273,S,0,8,0.0
D,169349,tap_single,0.3273,S,0,8,0.0
D,169444,tap_single,0.3273,S,0,8,0.0
D,169540,tap_single,0.3272,U,0,8,0.0
D,169636,tap_single,0.3272,S,0,8,0.0
D,169732,tap_single,0.3272,S,0,8,0.0
D,169826,tap_single,0.3272,S,0,8,0.0
D,169922,tap_single,0.3272,S,0,8,0.0
D,170018,tap_single,0.3272,S,0,8,0.0
D,170114,tap_single,0.3272,S,0,8,0.0
D,170209,tap_single,0.3272,S,0,8,0.0
D,170305,tap_single,0.3272,S,0,8,0.0
D,170401,tap_single,0.3272,S,0,8,0.0
D,170497,tap_single,0.3272,S,0,8,0.0
D,170593,tap_single,0.3272,S,0,8,0.0
D,170687,tap_single,0.3273,S,0,8,0.0
D,170783,tap_single,0.3273,S,0,8,0.0
D,170878,tap_single,0.3273,S,0,8,0.0
D,170974,tap_single,0.3273,S,0,8,0.0
D,171070,tap_single,0.3273,S,0,8,0.0
D,171166,tap_single,0.3274,S,0,8,0.0
D,171262,tap_single,0.3274,S,0,8,0.0
D,171358,tap_single,0.3274,S,0,8,0.0
D,171454,tap_single,0.3274,S,0,8,0.0
D,171548,tap_single,0.3275,U,0,8,0.0
D,171643,tap_single,0.3277,U,0,8,0.0
D,171739,tap_single,0.3277,U,0,8,0.0
D,171835,tap_single,0.3278,U,0,8,0.0
D,171931,tap_single,0.3278,U,0,8,0.0
D,172027,tap_single,0.3278,U,0,8,0.0
D,172122,tap_single,0.3279,U,0,8,0.0
D,172218,tap_single,0.3279,U,0,8,0.0
D,172314,tap_single,0.3280,U,0,8,0.0
D,172410,tap_single,0.3280,U,0,8,0.0
D,172504,tap_single,0.3280,U,0,8,0.0
D,172600,tap_single,0.3281,U,0,8,0.0
D,172695,tap_single,0.3281,U,0,8,0.0
D,172791,tap_single,0.3281,S,0,8,0.0
D,172887,tap_single,0.3281,S,0,8,0.0
D,172983,tap_single,0.3281,S,0,8,0.0
D,173079,tap_single,0.3281,S,0,8,0.0
D,173175,tap_single,0.3281,S,0,8,0.0
D,173271,tap_single,0.3281,S,0,8,0.0
E,173333,TAP,9
D,173464,tap_single,0.3282,S,0,9,0.0
D,173556,tap_single,0.3282,S,0,9,0.0
D,173652,tap_single,0.3282,S,0,9,0.0
D,173748,tap_single,0.3281,S,0,9,0.0
D,173844,tap_single,0.3281,S,0,9,0.0
D,173939,tap_single,0.3233,U,0,9,0.0
D,174035,tap_single,0.3199,U,0,9,0.0
D,174131,tap_single,0.3183,U,0,9,0.0
D,174225,tap_single,0.3201,U,0,9,0.0
D,174320,tap_single,0.3246,U,0,9,0.0
D,174417,tap_single,0.3293,U,0,9,0.0
D,174512,tap_single,0.3323,U,0,9,0.0
D,174608,tap_single,0.3333,U,0,9,0.0
D,174704,tap_single,0.3333,U,0,9,0.0
D,174800,tap_single,0.3330,U,0,9,0.0
D,174896,tap_single,0.3329,U,0,9,0.0
D,174991,tap_single,0.3329,U,0,9,0.0
D,175087,tap_single,0.3329,U,0,9,0.0
D,175181,tap_single,0.3329,U,0,9,0.0
D,175277,tap_single,0.3329,S,0,9,0.0
D,175373,tap_single,0.3330,S,0,9,0.0
D,175469,tap_single,0.3330,S,0,9,0.0
D,175565,tap_single,0.3330,S,0,9,0.0
D,175661,tap_single,0.3330,S,0,9,0.0
D,175756,tap_single,0.3331,U,0,9,0.0
D,175852,tap_single,0.3331,S,0,9,0.0
D,175948,tap_single,0.3331,S,0,9,0.0
D,176042,tap_single,0.3331,S,0,9,0.0
D,176138,tap_single,0.3331,S,0,9,0.0
D,176234,tap_single,0.3331,S,0,9,0.0
D,176330,tap_single,0.3332,S,0,9,0.0
D,176436,tap_single,0.3332,S,0,9,0.0
D,176617,tap_single,0.3333,U,0,9,0.0
D,176713,tap_single,0.3333,U,0,9,0.0
D,176809,tap_single,0.3333,S,0,9,0.0
D,176903,tap_single,0.3334,U,0,9,0.0
D,176999,tap_single,0.3334,U,0,9,0.0
D,177095,tap_single,0.3335,U,0,9,0.0
D,177190,tap_single,0.3335,U,0,9,0.0
D,177286,tap_single,0.3336,U,0,9,0.0
D,177382,tap_single,0.3336,U,0,9,0.0
D,177478,tap_single,0.3337,U,0,9,0.0
D,177574,tap_single,0.3337,U,0,9,0.0
D,177670,tap_single,0.3338,U,0,9,0.0
D,177765,tap_single,0.3339,U,0,9,0.0
D,177859,tap_single,0.3339,U,0,9,0.0
D,177955,tap_single,0.3340,U,0,9,0.0
D,178051,tap_single,0.3340,U,0,9,0.0
D,178147,tap_single,0.3341,U,0,9,0.0
D,178243,tap_single,0.3342,U,0,9,0.0
D,178339,tap_single,0.3342,U,0,9,0.0
D,178434,tap_single,0.3343,U,0,9,0.0
D,178530,tap_single,0.3344,U,0,9,0.0
D,178626,tap_single,0.3344,U,0,9,0.0
D,178720,tap_single,0.3345,U,0,9,0.0
D,178816,tap_single,0.3345,U,0,9,0.0
D,178911,tap_single,0.3346,U,0,9,0.0
D,179007,tap_single,0.3347,U,0,9,0.0
D,179103,tap_single,0.3348,U,0,9,0.0
D,179199,tap_single,0.3348,U,0,9,0.0
D,179295,tap_single,0.3349,U,0,9,0.0
D,179391,tap_single,0.3349,U,0,9,0.0
E,179453,TAP,10
D,179585,tap_single,0.3350,U,0,10,0.0
D,179676,tap_single,0.3351,U,0,10,0.0
D,179772,tap_single,0.3351,U,0,10,0.0
D,179868,tap_single,0.3351,U,0,10,0.0
D,179964,tap_single,0.3351,S,0,10,0.0
D,180060,tap_single,0.3351,S,0,10,0.0
D,180156,tap_single,0.3351,S,0,10,0.0
D,180251,tap_single,0.3352,S,0,10,0.0
D,180347,tap_single,0.3418,U,0,10,0.0
D,180443,tap_single,0.3472,U,0,10,0.0
D,180536,tap_single,0.3512,U,0,10,0.0
D,180632,tap_single,0.3532,U,0,10,0.0
D,180728,tap_single,0.3537,U,0,10,0.0
D,180824,tap_single,0.3537,U,0,10,0.0
D,180920,tap_single,0.3536,U,0,10,0.0
D,181016,tap_single,0.3535,U,0,10,0.0
D,181112,tap_single,0.3535,U,0,10,0.0
D,181207,tap_single,0.3535,U,0,10,0.0
D,181303,tap_single,0.3535,U,0,10,0.0
D,181397,tap_single,0.3535,S,0,10,0.0
D,181493,tap_single,0.3536,S,0,10,0.0
D,181589,tap_single,0.3536,S,0,10,0.0
D,181685,tap_single,0.3536,S,0,10,0.0
D,181781,tap_single,0.3537,U,0,10,0.0
D,181876,tap_single,0.3537,U,0,10,0.0
D,181972,tap_single,0.3537,S,0,10,0.0
D,182068,tap_single,0.3537,S,0,10,0.0
D,182164,tap_single,0.3537,S,0,10,0.0
D,182258,tap_single,0.3537,S,0,10,0.0
D,182354,tap_single,0.3537,S,0,10,0.0
D,182450,tap_single,0.3537,S,0,10,0.0
D,182546,tap_single,0.3537,S,0,10,0.0
D,182641,tap_single,0.3537,S,0,10,0.0
D,182737,tap_single,0.3537,S,0,10,0.0
D,182833,tap_single,0.3536,S,0,10,0.0
D,182929,tap_single,0.3536,S,0,10,0.0
D,183025,tap_single,0.3536,S,0,10,0.0
D,183121,tap_single,0.3536,S,0,10,0.0
D,183215,tap_single,0.3536,S,0,10,0.0
D,183311,tap_single,0.3536,S,0,10,0.0
D,183406,tap_single,0.3536,S,0,10,0.0
D,183502,tap_single,0.3536,S,0,10,0.0
D,183598,tap_single,0.3536,S,0,10,0.0
D,183694,tap_single,0.3536,S,0,10,0.0
D,183790,tap_single,0.3536,S,0,10,0.0
D,183886,tap_single,0.3536,S,0,10,0.0
D,183982,tap_single,0.3536,S,0,10,0.0
D,184076,tap_single,0.3536,S,0,10,0.0
D,184171,tap_single,0.3536,S,0,10,0.0
D,184267,tap_single,0.3537,S,0,10,0.0
D,184363,tap_single,0.3537,S,0,10,0.0
D,184459,tap_single,0.3537,S,0,10,0.0
D,184555,tap_single,0.3537,S,0,10,0.0
D,184651,tap_single,0.3537,S,0,10,0.0
D,184746,tap_single,0.3537,S,0,10,0.0
D,184842,tap_single,0.3537,S,0,10,0.0
D,184936,tap_single,0.3537,S,0,10,0.0
D,185032,tap_single,0.3541,U,0,10,0.0
D,185127,tap_single,0.3541,U,0,10,0.0
D,185223,tap_single,0.3542,U,0,10,0.0
D,185319,tap_single,0.3542,U,0,10,0.0
D,185415,tap_single,0.3543,U,0,10,0.0
D,185511,tap_single,0.3543,U,0,10,0.0
E,185573,TAP,11
D,185705,tap_single,0.3544,U,0,11,0.0
D,185798,tap_single,0.3544,U,0,11,0.0
D,185892,tap_single,0.3544,S,0,11,0.0
D,185988,tap_single,0.3544,S,0,11,0.0
D,186084,tap_single,0.3543,S,0,11,0.0
D,186179,tap_single,0.3483,U,0,11,0.0
D,186275,tap_single,0.3434,U,0,11,0.0
D,186371,tap_single,0.3387,U,0,11,0.0
D,186467,tap_single,0.3361,U,0,11,0.0
D,186563,tap_single,0.3358,U,0,11,0.0
D,186659,tap_single,0.3367,U,0,11,0.0
D,186752,tap_single,0.3374,U,0,11,0.0
D,186848,tap_single,0.3375,U,0,11,0.0
D,186944,tap_single,0.3374,U,0,11,0.0
D,187040,tap_single,0.3374,U,0,11,0.0
D,187136,tap_single,0.3373,U,0,11,0.0
D,187232,tap_single,0.3373,U,0,11,0.0
D,187328,tap_single,0.3373,U,0,11,0.0
D,187423,tap_single,0.3372,U,0,11,0.0
D,187519,tap_single,0.3372,U,0,11,0.0
D,187613,tap_single,0.3372,S,0,11,0.0
D,187709,tap_single,0.3372,S,0,11,0.0
D,187805,tap_single,0.3371,U,0,11,0.0
D,187901,tap_single,0.3371,S,0,11,0.0
D,187997,tap_single,0.3371,S,0,11,0.0
D,188093,tap_single,0.3371,S,0,11,0.0
D,188188,tap_single,0.3370,U,0,11,0.0
D,188284,tap_single,0.3370,S,0,11,0.0
D,188380,tap_single,0.3370,S,0,11,0.0
D,188476,tap_single,0.3370,S,0,11,0.0
D,188570,tap_single,0.3370,S,0,11,0.0
D,188666,tap_single,0.3370,S,0,11,0.0
D,188762,tap_single,0.3370,S,0,11,0.0
D,188858,tap_single,0.3370,S,0,11,0.0
D,188954,tap_single,0.3370,S,0,11,0.0
D,189055,tap_single,0.3370,S,0,11,0.0
D,189145,tap_single,0.3370,S,0,11,0.0
D,189241,tap_single,0.3370,S,0,11,0.0
D,189337,tap_single,0.3371,S,0,11,0.0
D,189431,tap_single,0.3371,S,0,11,0.0
D,189527,tap_single,0.3371,S,0,11,0.0
D,189622,tap_single,0.3371,S,0,11,0.0
D,189718,tap_single,0.3371,S,0,11,0.0
D,189814,tap_single,0.3371,S,0,11,0.0
D,189910,tap_single,0.3371,S,0,11,0.0
D,190006,tap_single,0.3371,S,0,11,0.0
D,190102,tap_single,0.3371,S,0,11,0.0
D,190198,tap_single,0.3371,S,0,11,0.0
D,190292,tap_single,0.3371,S,0,11,0.0
D,190387,tap_single,0.3372,S,0,11,0.0
D,190483,tap_single,0.3372,S,0,11,0.0
D,190579,tap_single,0.3372,S,0,11,0.0
D,190675,tap_single,0.3372,S,0,11,0.0
D,190771,tap_single,0.3372,S,0,11,0.0
D,190867,tap_single,0.3372,S,0,11,0.0
D,190963,tap_single,0.3372,S,0,11,0.0
D,191058,tap_single,0.3372,S,0,11,0.0
D,191154,tap_single,0.3372,S,0,11,0.0
D,191248,tap_single,0.3372,S,0,11,0.0
D,191344,tap_single,0.3372,S,0,11,0.0
D,191440,tap_single,0.3372,S,0,11,0.0
D,191536,tap_single,0.3372,S,0,11,0.0
D,191632,tap_single,0.3372,S,0,11,0.0
E,191694,TAP,12
D,191826,tap_single,0.3372,S,0,12,0.0
D,191919,tap_single,0.3372,S,0,12,0.0
D,192015,tap_single,0.3372,S,0,12,0.0
D,192109,tap_single,0.3372,S,0,12,0.0
D,192205,tap_single,0.3372,S,0,12,0.0
D,192301,tap_single,0.3372,S,0,12,0.0
D,192397,tap_single,0.3372,S,0,12,0.0
D,192492,tap_single,0.3372,S,0,12,0.0
D,192587,tap_single,0.3461,U,0,12,0.0
D,192683,tap_single,0.3510,U,0,12,0.0
D,192779,tap_single,0.3548,U,0,12,0.0
D,192875,tap_single,0.3568,U,0,12,0.0
D,192969,tap_single,0.3575,U,0,12,0.0
D,193064,tap_single,0.3575,U,0,12,0.0
D,193160,tap_single,0.3574,U,0,12,0.0
D,193256,tap_single,0.3573,U,0,12,0.0
D,193352,tap_single,0.3573,U,0,12,0.0
D,193448,tap_single,0.3572,U,0,12,0.0
D,193544,tap_single,0.3572,U,0,12,0.0
D,193639,tap_single,0.3572,U,0,12,0.0
D,193735,tap_single,0.3572,S,0,12,0.0
D,193831,tap_single,0.3572,S,0,12,0.0
D,193925,tap_single,0.3571,S,0,12,0.0
D,194021,tap_single,0.3571,S,0,12,0.0
D,194117,tap_single,0.3571,S,0,12,0.0
D,194213,tap_single,0.3571,S,0,12,0.0
D,194309,tap_single,0.3571,S,0,12,0.0
D,194404,tap_single,0.3570,S,0,12,0.0
D,194500,tap_single,0.3570,S,0,12,0.0
D,194596,tap_single,0.3570,S,0,12,0.0
D,194692,tap_single,0.3570,S,0,12,0.0
D,194786,tap_single,0.3569,U,0,12,0.0
D,194882,tap_single,0.3569,S,0,12,0.0
D,194978,tap_single,0.3569,S,0,12,0.0
D,195074,tap_single,0.3569,S,0,12,0.0
D,195169,tap_single,0.3568,U,0,12,0.0
D,195265,tap_single,0.3568,S,0,12,0.0
D,195361,tap_single,0.3568,S,0,12,0.0
D,195457,tap_single,0.3567,U,0,12,0.0
D,195553,tap_single,0.3567,U,0,12,0.0
D,195647,tap_single,0.3566,U,0,12,0.0
D,195742,tap_single,0.3566,U,0,12,0.0
D,195838,tap_single,0.3565,U,0,12,0.0
D,195934,tap_single,0.3565,U,0,12,0.0
D,196030,tap_single,0.3565,U,0,12,0.0
D,196126,tap_single,0.3564,U,0,12,0.0
D,196222,tap_single,0.3564,U,0,12,0.0
D,196317,tap_single,0.3564,S,0,12,0.0
D,196413,tap_single,0.3564,S,0,12,0.0
D,196509,tap_single,0.3564,S,0,12,0.0
D,196603,tap_single,0.3564,S,0,12,0.0
D,196699,tap_single,0.3564,S,0,12,0.0
D,196795,tap_single,0.3563,S,0,12,0.0
D,196891,tap_single,0.3563,S,0,12,0.0
D,196986,tap_single,0.3563,S,0,12,0.0
D,197082,tap_single,0.3563,S,0,12,0.0
D,197178,tap_single,0.3563,S,0,12,0.0
D,197274,tap_single,0.3562,S,0,12,0.0
D,197370,tap_single,0.3562,S,0,12,0.0
D,197464,tap_single,0.3562,S,0,12,0.0
D,197560,tap_single,0.3562,S,0,12,0.0
D,197656,tap_single,0.3562,S,0,12,0.0
D,197751,tap_single,0.3562,S,0,12,0.0
E,197813,TAP,13
D,197945,tap_single,0.3562,S,0,13,0.0
D,198039,tap_single,0.3562,S,0,13,0.0
D,198135,tap_single,0.3562,S,0,13,0.0
D,198231,tap_single,0.3562,S,0,13,0.0
D,198324,tap_single,0.3561,S,0,13,0.0
D,198420,tap_single,0.3558,U,0,13,0.0
D,198516,tap_single,0.3556,U,0,13,0.0
D,198612,tap_single,0.3555,U,0,13,0.0
D,198708,tap_single,0.3556,U,0,13,0.0
D,198803,tap_single,0.3623,U,0,13,0.0
D,198899,tap_single,0.3664,U,0,13,0.0
D,198995,tap_single,0.3687,U,0,13,0.0
D,199091,tap_single,0.3694,U,0,13,0.0
D,199184,tap_single,0.3693,U,0,13,0.0
D,199280,tap_single,0.3691,U,0,13,0.0
D,199376,tap_single,0.3689,U,0,13,0.0
D,199472,tap_single,0.3688,U,0,13,0.0
D,199568,tap_single,0.3688,U,0,13,0.0
D,199664,tap_single,0.3688,U,0,13,0.0
D,199760,tap_single,0.3688,U,0,13,0.0
D,199856,tap_single,0.3688,S,0,13,0.0
D,199951,tap_single,0.3688,S,0,13,0.0
D,200047,tap_single,0.3689,S,0,13,0.0
D,200141,tap_single,0.3689,S,0,13,0.0
D,200237,tap_single,0.3689,S,0,13,0.0
D,200333,tap_single,0.3689,S,0,13,0.0
D,200429,tap_single,0.3689,S,0,13,0.0
D,200525,tap_single,0.3689,S,0,13,0.0
D,200620,tap_single,0.3689,S,0,13,0.0
D,200716,tap_single,0.3690,S,0,13,0.0
D,200812,tap_single,0.3690,S,0,13,0.0
D,200908,tap_single,0.3690,S,0,13,0.0
D,201002,tap_single,0.3690,S,0,13,0.0
D,201098,tap_single,0.3690,S,0,13,0.0
D,201194,tap_single,0.3690,S,0,13,0.0
D,201290,tap_single,0.3691,S,0,13,0.0
D,201386,tap_single,0.3691,S,0,13,0.0
D,201492,tap_single,0.3691,S,0,13,0.0
D,201673,tap_single,0.3692,U,0,13,0.0
D,201769,tap_single,0.3692,S,0,13,0.0
D,201865,tap_single,0.3693,U,0,13,0.0
D,201958,tap_single,0.3693,U,0,13,0.0
D,202054,tap_single,0.3694,U,0,13,0.0
D,202150,tap_single,0.3694,U,0,13,0.0
D,202246,tap_single,0.3695,U,0,13,0.0
D,202342,tap_single,0.3695,U,0,13,0.0
D,202438,tap_single,0.3695,U,0,13,0.0
D,202534,tap_single,0.3696,U,0,13,0.0
D,202629,tap_single,0.3696,U,0,13,0.0
D,202725,tap_single,0.3696,S,0,13,0.0
D,202819,tap_single,0.3696,S,0,13,0.0
D,202915,tap_single,0.3697,U,0,13,0.0
D,203011,tap_single,0.3697,S,0,13,0.0
D,203107,tap_single,0.3697,S,0,13,0.0
D,203203,tap_single,0.3697,S,0,13,0.0
D,203298,tap_single,0.3697,S,0,13,0.0
D,203394,tap_single,0.3697,S,0,13,0.0
D,203490,tap_single,0.3697,S,0,13,0.0
D,203586,tap_single,0.3697,S,0,13,0.0
D,203680,tap_single,0.3698,S,0,13,0.0
D,203776,tap_single,0.3698,S,0,13,0.0
D,203871,tap_single,0.3698,S,0,13,0.0
E,203933,TAP,14
D,204065,tap_single,0.3698,S,0,14,0.0
D,204159,tap_single,0.3698,S,0,14,0.0
D,204255,tap_single,0.3698,S,0,14,0.0
D,204351,tap_single,0.3698,S,0,14,0.0
D,204447,tap_single,0.3698,S,0,14,0.0
D,204540,tap_single,0.3698,S,0,14,0.0
D,204636,tap_single,0.3629,U,0,14,0.0
D,204732,tap_single,0.3616,U,0,14,0.0
D,204827,tap_single,0.3635,U,0,14,0.0
D,204923,tap_single,0.3679,U,0,14,0.0
D,205019,tap_single,0.3701,U,0,14,0.0
D,205115,tap_single,0.3750,U,0,14,0.0
D,205211,tap_single,0.3759,U,0,14,0.0
D,205307,tap_single,0.3760,U,0,14,0.0
D,205403,tap_single,0.3757,U,0,14,0.0
D,205496,tap_single,0.3757,U,0,14,0.0
D,205592,tap_single,0.3757,U,0,14,0.0
D,205688,tap_single,0.3757,U,0,14,0.0
D,205784,tap_single,0.3758,U,0,14,0.0
D,205880,tap_single,0.3758,S,0,14,0.0
D,205976,tap_single,0.3758,S,0,14,0.0
D,206072,tap_single,0.3758,S,0,14,0.0
D,206167,tap_single,0.3758,S,0,14,0.0
D,206263,tap_single,0.3758,S,0,14,0.0
D,206357,tap_single,0.3758,S,0,14,0.0
D,206453,tap_single,0.3758,S,0,14,0.0
D,206549,tap_single,0.3758,S,0,14,0.0
D,206645,tap_single,0.3758,S,0,14,0.0
D,206741,tap_single,0.3758,S,0,14,0.0
D,206837,tap_single,0.3758,S,0,14,0.0
D,206932,tap_single,0.3758,S,0,14,0.0
D,207028,tap_single,0.3758,S,0,14,0.0
D,207124,tap_single,0.3758,S,0,14,0.0
D,207218,tap_single,0.3758,S,0,14,0.0
D,207314,tap_single,0.3758,S,0,14,0.0
D,207410,tap_single,0.3758,S,0,14,0.0
D,207506,tap_single,0.3759,S,0,14,0.0
D,207601,tap_single,0.3759,S,0,14,0.0
D,207697,tap_single,0.3759,S,0,14,0.0
D,207793,tap_single,0.3759,S,0,14,0.0
D,207889,tap_single,0.3759,S,0,14,0.0
D,207985,tap_single,0.3759,S,0,14,0.0
D,208081,tap_single,0.3759,S,0,14,0.0
D,208175,tap_single,0.3759,S,0,14,0.0
D,208270,tap_single,0.3760,S,0,14,0.0
D,208366,tap_single,0.3760,S,0,14,0.0
D,208462,tap_single,0.3760,S,0,14,0.0
D,208558,tap_single,0.3760,S,0,14,0.0
D,208654,tap_single,0.3762,U,0,14,0.0
D,208750,tap_single,0.3763,U,0,14,0.0
D,208845,tap_single,0.3764,U,0,14,0.0
D,208941,tap_single,0.3764,U,0,14,0.0
D,209035,tap_single,0.3764,U,0,14,0.0
D,209131,tap_single,0.3765,U,0,14,0.0
D,209227,tap_single,0.3765,U,0,14,0.0
D,209323,tap_single,0.3765,S,0,14,0.0
D,209418,tap_single,0.3766,U,0,14,0.0
D,209514,tap_single,0.3766,U,0,14,0.0
D,209610,tap_single,0.3766,S,0,14,0.0
D,209706,tap_single,0.3766,S,0,14,0.0
D,209802,tap_single,0.3766,S,0,14,0.0
D,209896,tap_single,0.3766,S,0,14,0.0
D,209992,tap_single,0.3767,S,0,14,0.0
E,210054,TAP,15
D,210186,tap_single,0.3767,S,0,15,0.0
D,210279,tap_single,0.3767,S,0,15,0.0
D,210375,tap_single,0.3767,S,0,15,0.0
D,210471,tap_single,0.3767,S,0,15,0.0
D,210567,tap_single,0.3766,S,0,15,0.0
D,210662,tap_single,0.3764,U,0,15,0.0
D,210758,tap_single,0.3703,U,0,15,0.0
D,210852,tap_single,0.3698,U,0,15,0.0
D,210948,tap_single,0.3720,U,0,15,0.0
D,211043,tap_single,0.3758,U,0,15,0.0
D,211139,tap_single,0.3793,U,0,15,0.0
D,211235,tap_single,0.3812,U,0,15,0.0
D,211331,tap_single,0.3818,U,0,15,0.0
D,211427,tap_single,0.3818,U,0,15,0.0
D,211523,tap_single,0.3816,U,0,15,0.0
D,211618,tap_single,0.3815,U,0,15,0.0
D,211712,tap_single,0.3814,U,0,15,0.0
D,211808,tap_single,0.3814,U,0,15,0.0
D,211904,tap_single,0.3814,U,0,15,0.0
D,212000,tap_single,0.3814,U,0,15,0.0
D,212096,tap_single,0.3814,S,0,15,0.0
D,212192,tap_single,0.3815,S,0,15,0.0
D,212287,tap_single,0.3815,S,0,15,0.0
D,212383,tap_single,0.3815,S,0,15,0.0
D,212479,tap_single,0.3815,S,0,15,0.0
D,212573,tap_single,0.3815,S,0,15,0.0
D,212669,tap_single,0.3815,S,0,15,0.0
D,212765,tap_single,0.3815,S,0,15,0.0
D,212861,tap_single,0.3815,S,0,15,0.0
D,212957,tap_single,0.3815,S,0,15,0.0
D,213052,tap_single,0.3815,S,0,15,0.0
D,213148,tap_single,0.3815,S,0,15,0.0
D,213244,tap_single,0.3815,S,0,15,0.0
D,213340,tap_single,0.3815,S,0,15,0.0
D,213436,tap_single,0.3815,S,0,15,0.0
D,213530,tap_single,0.3816,S,0,15,0.0
D,213626,tap_single,0.3816,S,0,15,0.0
D,213722,tap_single,0.3816,S,0,15,0.0
D,213818,tap_single,0.3816,S,0,15,0.0
D,213913,tap_single,0.3816,S,0,15,0.0
D,214014,tap_single,0.3817,S,0,15,0.0
D,214105,tap_single,0.3817,S,0,15,0.0
D,214201,tap_single,0.3817,S,0,15,0.0
D,214297,tap_single,0.3817,S,0,15,0.0
D,214391,tap_single,0.3817,S,0,15,0.0
D,214486,tap_single,0.3817,S,0,15,0.0
D,214582,tap_single,0.3819,U,0,15,0.0
D,214678,tap_single,0.3820,U,0,15,0.0
D,214774,tap_single,0.3820,U,0,15,0.0
D,214870,tap_single,0.3820,U,0,15,0.0
D,214965,tap_single,0.3820,U,0,15,0.0
D,215061,tap_single,0.3821,U,0,15,0.0
D,215157,tap_single,0.3821,S,0,15,0.0
D,215251,tap_single,0.3821,S,0,15,0.0
D,215347,tap_single,0.3821,S,0,15,0.0
D,215443,tap_single,0.3821,S,0,15,0.0
D,215539,tap_single,0.3820,S,0,15,0.0
D,215635,tap_single,0.3820,S,0,15,0.0
D,215730,tap_single,0.3820,S,0,15,0.0
D,215826,tap_single,0.3820,S,0,15,0.0
D,215922,tap_single,0.3820,S,0,15,0.0
D,216018,tap_single,0.3820,S,0,15,0.0
D,216114,tap_single,0.3819,S,0,15,0.0
E,216176,TAP,16
D,216308,tap_single,0.3819,S,0,16,0.0
D,216399,tap_single,0.3819,S,0,16,0.0
D,216495,tap_single,0.3818,U,0,16,0.0
D,216591,tap_single,0.3815,U,0,16,0.0
D,216687,tap_single,0.3814,U,0,16,0.0
D,216782,tap_single,0.3765,U,0,16,0.0
D,216878,tap_single,0.3729,U,0,16,0.0
D,216974,tap_single,0.3701,U,0,16,0.0
D,217068,tap_single,0.3695,U,0,16,0.0
D,217164,tap_single,0.3710,U,0,16,0.0
D,217259,tap_single,0.3729,U,0,16,0.0
D,217355,tap_single,0.3742,U,0,16,0.0
D,217451,tap_single,0.3744,U,0,16,0.0
D,217547,tap_single,0.3745,U,0,16,0.0
D,217643,tap_single,0.3745,U,0,16,0.0
D,217739,tap_single,0.3744,U,0,16,0.0
D,217835,tap_single,0.3744,U,0,16,0.0
D,217928,tap_single,0.3744,S,0,16,0.0
D,218024,tap_single,0.3744,S,0,16,0.0
D,218120,tap_single,0.3743,U,0,16,0.0
D,218216,tap_single,0.3743,S,0,16,0.0
D,218312,tap_single,0.3743,S,0,16,0.0
D,218408,tap_single,0.3743,S,0,16,0.0
D,218504,tap_single,0.3743,S,0,16,0.0
D,218599,tap_single,0.3743,S,0,16,0.0
D,218695,tap_single,0.3743,S,0,16,0.0
D,218791,tap_single,0.3743,S,0,16,0.0
D,218885,tap_single,0.3743,S,0,16,0.0
D,218981,tap_single,0.3743,S,0,16,0.0
D,219077,tap_single,0.3743,S,0,16,0.0
D,219173,tap_single,0.3743,S,0,16,0.0
D,219269,tap_single,0.3743,S,0,16,0.0
D,219364,tap_single,0.3743,S,0,16,0.0
D,219460,tap_single,0.3743,S,0,16,0.0
D,219556,tap_single,0.3743,S,0,16,0.0
D,219652,tap_single,0.3743,S,0,16,0.0
D,219746,tap_single,0.3743,S,0,16,0.0
D,219842,tap_single,0.3743,S,0,16,0.0
D,219938,tap_single,0.3743,S,0,16,0.0
D,220033,tap_single,0.3743,S,0,16,0.0
D,220129,tap_single,0.3743,S,0,16,0.0
D,220225,tap_single,0.3743,S,0,16,0.0
D,220321,tap_single,0.3743,S,0,16,0.0
D,220417,tap_single,0.3743,S,0,16,0.0
D,220513,tap_single,0.3743,S,0,16,0.0
D,220607,tap_single,0.3744,S,0,16,0.0
D,220703,tap_single,0.3744,S,0,16,0.0
D,220798,tap_single,0.3744,S,0,16,0.0
D,220894,tap_single,0.3744,S,0,16,0.0
D,220990,tap_single,0.3744,S,0,16,0.0
D,221086,tap_single,0.3744,S,0,16,0.0
D,221182,tap_single,0.3744,S,0,16,0.0
D,221278,tap_single,0.3744,S,0,16,0.0
D,221374,tap_single,0.3744,S,0,16,0.0
D,221469,tap_single,0.3744,S,0,16,0.0
D,221563,tap_single,0.3744,S,0,16,0.0
D,221659,tap_single,0.3744,S,0,16,0.0
D,221755,tap_single,0.3744,S,0,16,0.0
D,221851,tap_single,0.3745,S,0,16,0.0
D,221947,tap_single,0.3745,S,0,16,0.0
D,222043,tap_single,0.3745,S,0,16,0.0
D,222138,tap_single,0.3745,S,0,16,0.0
D,222234,tap_single,0.3745,S,0,16,0.0
E,222296,TAP,17
D,222428,tap_single,0.3745,S,0,17,0.0
D,222520,tap_single,0.3745,S,0,17,0.0
D,222616,tap_single,0.3745,S,0,17,0.0
D,222712,tap_single,0.3745,S,0,17,0.0
D,222808,tap_single,0.3746,S,0,17,0.0
D,222903,tap_single,0.3746,S,0,17,0.0
D,222999,tap_single,0.3746,S,0,17,0.0
D,223095,tap_single,0.3746,S,0,17,0.0
D,223190,tap_single,0.3829,U,0,17,0.0
D,223284,tap_single,0.3905,U,0,17,0.0
D,223380,tap_single,0.3964,U,0,17,0.0
D,223475,tap_single,0.3994,U,0,17,0.0
D,223571,tap_single,0.4004,U,0,17,0.0
D,223667,tap_single,0.4005,U,0,17,0.0
D,223763,tap_single,0.4004,U,0,17,0.0
D,223859,tap_single,0.4003,U,0,17,0.0
D,223955,tap_single,0.4002,U,0,17,0.0
D,224051,tap_single,0.4002,U,0,17,0.0
D,224146,tap_single,0.4002,U,0,17,0.0
D,224240,tap_single,0.4002,U,0,17,0.0
D,224336,tap_single,0.4002,S,0,17,0.0
D,224432,tap_single,0.4002,S,0,17,0.0
D,224528,tap_single,0.4002,S,0,17,0.0
D,224624,tap_single,0.4002,S,0,17,0.0
D,224720,tap_single,0.4003,S,0,17,0.0
D,224816,tap_single,0.4003,S,0,17,0.0
D,224911,tap_single,0.4003,S,0,17,0.0
D,225007,tap_single,0.4003,S,0,17,0.0
D,225101,tap_single,0.4003,S,0,17,0.0
D,225197,tap_single,0.4003,S,0,17,0.0
D,225293,tap_single,0.4004,S,0,17,0.0
D,225389,tap_single,0.4004,S,0,17,0.0
D,225484,tap_single,0.4004,S,0,17,0.0
D,225581,tap_single,0.4004,S,0,17,0.0
D,225676,tap_single,0.4004,S,0,17,0.0
D,225772,tap_single,0.4004,S,0,17,0.0
D,225868,tap_single,0.4004,S,0,17,0.0
D,225962,tap_single,0.4004,S,0,17,0.0
D,226058,tap_single,0.4004,S,0,17,0.0
D,226154,tap_single,0.4004,S,0,17,0.0
D,226250,tap_single,0.4004,S,0,17,0.0
D,226345,tap_single,0.4004,S,0,17,0.0
D,226452,tap_single,0.4004,S,0,17,0.0
D,226542,tap_single,0.4004,S,0,17,0.0
D,226633,tap_single,0.4004,S,0,17,0.0
D,226729,tap_single,0.4004,S,0,17,0.0
D,226825,tap_single,0.4004,S,0,17,0.0
D,226918,tap_single,0.4004,S,0,17,0.0
D,227014,tap_single,0.4003,S,0,17,0.0
D,227110,tap_single,0.4003,S,0,17,0.0
D,227206,tap_single,0.4003,S,0,17,0.0
D,227302,tap_single,0.4003,S,0,17,0.0
D,227398,tap_single,0.4003,S,0,17,0.0
D,227494,tap_single,0.4003,S,0,17,0.0
D,227589,tap_single,0.4003,S,0,17,0.0
D,227686,tap_single,0.4003,S,0,17,0.0
D,227779,tap_single,0.4002,S,0,17,0.0
D,227875,tap_single,0.4002,S,0,17,0.0
D,227970,tap_single,0.4000,U,0,17,0.0
D,228065,tap_single,0.4000,U,0,17,0.0
D,228161,tap_single,0.4000,U,0,17,0.0
D,228257,tap_single,0.4000,U,0,17,0.0
D,228353,tap_single,0.4000,U,0,17,0.0
E,228416,TAP,18
D,228547,tap_single,0.4000,S,0,18,0.0
D,228639,tap_single,0.4000,S,0,18,0.0
D,228735,tap_single,0.4000,S,0,18,0.0
D,228830,tap_single,0.4000,S,0,18,0.0
D,228926,tap_single,0.4000,S,0,18,0.0
D,229022,tap_single,0.3941,U,0,18,0.0
D,229117,tap_single,0.3900,U,0,18,0.0
D,229214,tap_single,0.3868,U,0,18,0.0
D,229310,tap_single,0.3859,U,0,18,0.0
D,229406,tap_single,0.3869,U,0,18,0.0
D,229502,tap_single,0.3884,U,0,18,0.0
D,229596,tap_single,0.3892,U,0,18,0.0
D,229691,tap_single,0.3894,U,0,18,0.0
D,229787,tap_single,0.3893,U,0,18,0.0
D,229883,tap_single,0.3893,U,0,18,0.0
D,229979,tap_single,0.3893,U,0,18,0.0
D,230075,tap_single,0.3893,S,0,18,0.0
D,230171,tap_single,0.3893,S,0,18,0.0
D,230267,tap_single,0.3893,S,0,18,0.0
D,230363,tap_single,0.3893,S,0,18,0.0
D,230456,tap_single,0.3893,S,0,18,0.0
D,230552,tap_single,0.3893,S,0,18,0.0
D,230648,tap_single,0.3893,S,0,18,0.0
D,230744,tap_single,0.3893,S,0,18,0.0
D,230840,tap_single,0.3893,S,0,18,0.0
D,230936,tap_single,0.3894,S,0,18,0.0
D,231031,tap_single,0.3894,S,0,18,0.0
D,231127,tap_single,0.3894,S,0,18,0.0
D,231223,tap_single,0.3895,U,0,18,0.0
D,231317,tap_single,0.3895,U,0,18,0.0
D,231413,tap_single,0.3895,S,0,18,0.0
D,231509,tap_single,0.3895,S,0,18,0.0
D,231605,tap_single,0.3896,U,0,18,0.0
D,231701,tap_single,0.3896,S,0,18,0.0
D,231797,tap_single,0.3896,S,0,18,0.0
D,231892,tap_single,0.3896,S,0,18,0.0
D,231988,tap_single,0.3896,S,0,18,0.0
D,232084,tap_single,0.3897,S,0,18,0.0
D,232180,tap_single,0.3897,S,0,18,0.0
D,232274,tap_single,0.3898,U,0,18,0.0
D,232370,tap_single,0.3898,U,0,18,0.0
D,232465,tap_single,0.3899,U,0,18,0.0
D,232561,tap_single,0.3899,U,0,18,0.0
D,232656,tap_single,0.3900,U,0,18,0.0
D,232752,tap_single,0.3900,U,0,18,0.0
D,232848,tap_single,0.3900,U,0,18,0.0
D,232945,tap_single,0.3901,U,0,18,0.0
D,233040,tap_single,0.3901,U,0,18,0.0
D,233134,tap_single,0.3901,S,0,18,0.0
D,233230,tap_single,0.3902,U,0,18,0.0
D,233326,tap_single,0.3902,U,0,18,0.0
D,233422,tap_single,0.3902,S,0,18,0.0
D,233518,tap_single,0.3903,U,0,18,0.0
D,233614,tap_single,0.3903,U,0,18,0.0
D,233709,tap_single,0.3904,U,0,18,0.0
D,233805,tap_single,0.3904,U,0,18,0.0
D,233901,tap_single,0.3905,U,0,18,0.0
D,233995,tap_single,0.3906,U,0,18,0.0
D,234091,tap_single,0.3906,U,0,18,0.0
D,234187,tap_single,0.3906,U,0,18,0.0
D,234282,tap_single,0.3907,U,0,18,0.0
D,234378,tap_single,0.3907,U,0,18,0.0
D,234474,tap_single,0.3907,S,0,18,0.0
E,234536,TAP,19
D,234668,tap_single,0.3908,U,0,19,0.0
D,234762,tap_single,0.3908,S,0,19,0.0
D,234858,tap_single,0.3908,S,0,19,0.0
D,234951,tap_single,0.3908,S,0,19,0.0
D,235047,tap_single,0.3907,S,0,19,0.0
D,235143,tap_single,0.3905,U,0,19,0.0
D,235239,tap_single,0.3833,U,0,19,0.0
D,235333,tap_single,0.3800,U,0,19,0.0
D,235430,tap_single,0.3776,U,0,19,0.0
D,235526,tap_single,0.3760,U,0,19,0.0
D,235622,tap_single,0.3749,U,0,19,0.0
D,235718,tap_single,0.3741,U,0,19,0.0
D,235812,tap_single,0.3736,U,0,19,0.0
D,235907,tap_single,0.3732,U,0,19,0.0
D,236003,tap_single,0.3730,U,0,19,0.0
D,236099,tap_single,0.3729,U,0,19,0.0
D,236195,tap_single,0.3729,U,0,19,0.0
D,236291,tap_single,0.3729,U,0,19,0.0
D,236387,tap_single,0.3729,U,0,19,0.0
D,236483,tap_single,0.3729,S,0,19,0.0
D,236578,tap_single,0.3729,S,0,19,0.0
D,236672,tap_single,0.3729,S,0,19,0.0
D,236768,tap_single,0.3729,S,0,19,0.0
D,236864,tap_single,0.3729,S,0,19,0.0
D,236960,tap_single,0.3729,S,0,19,0.0
D,237056,tap_single,0.3729,S,0,19,0.0
D,237152,tap_single,0.3729,S,0,19,0.0
D,237248,tap_single,0.3729,S,0,19,0.0
D,237343,tap_single,0.3729,S,0,19,0.0
D,237439,tap_single,0.3729,S,0,19,0.0
D,237535,tap_single,0.3729,S,0,19,0.0
D,237629,tap_single,0.3730,S,0,19,0.0
D,237725,tap_single,0.3730,S,0,19,0.0
D,237821,tap_single,0.3730,S,0,19,0.0
D,237917,tap_single,0.3730,S,0,19,0.0
D,238012,tap_single,0.3730,S,0,19,0.0
D,238108,tap_single,0.3730,S,0,19,0.0
D,238204,tap_single,0.3730,S,0,19,0.0
D,238300,tap_single,0.3730,S,0,19,0.0
D,238396,tap_single,0.3730,S,0,19,0.0
D,238490,tap_single,0.3731,S,0,19,0.0
D,238586,tap_single,0.3731,S,0,19,0.0
D,238682,tap_single,0.3731,S,0,19,0.0
D,238777,tap_single,0.3731,S,0,19,0.0
D,238873,tap_single,0.3731,S,0,19,0.0
D,238974,tap_single,0.3731,S,0,19,0.0
D,239065,tap_single,0.3731,S,0,19,0.0
D,239161,tap_single,0.3731,S,0,19,0.0
D,239257,tap_single,0.3732,S,0,19,0.0
D,239350,tap_single,0.3734,U,0,19,0.0
D,239446,tap_single,0.3734,U,0,19,0.0
D,239542,tap_single,0.3735,U,0,19,0.0
D,239638,tap_single,0.3735,U,0,19,0.0
D,239734,tap_single,0.3736,U,0,19,0.0
D,239829,tap_single,0.3736,U,0,19,0.0
D,239925,tap_single,0.3736,U,0,19,0.0
D,240021,tap_single,0.3737,U,0,19,0.0
D,240117,tap_single,0.3737,U,0,19,0.0
D,240211,tap_single,0.3737,S,0,19,0.0
D,240307,tap_single,0.3737,S,0,19,0.0
D,240403,tap_single,0.3738,U,0,19,0.0
D,240499,tap_single,0.3738,S,0,19,0.0
D,240594,tap_single,0.3738,S,0,19,0.0
E,240656,TAP,20
D,240788,tap_single,0.3739,U,0,20,0.0
D,240882,tap_single,0.3739,S,0,20,0.0
D,240978,tap_single,0.3740,U,0,20,0.0
D,241074,tap_single,0.3740,U,0,20,0.0
D,241167,tap_single,0.3740,S,0,20,0.0
D,241263,tap_single,0.3741,U,0,20,0.0
D,241359,tap_single,0.3742,U,0,20,0.0
D,241454,tap_single,0.3794,U,0,20,0.0
D,241550,tap_single,0.3831,U,0,20,0.0
D,241646,tap_single,0.3862,U,0,20,0.0
D,241742,tap_single,0.3878,U,0,20,0.0
D,241838,tap_single,0.3882,U,0,20,0.0
D,241934,tap_single,0.3881,U,0,20,0.0
D,242027,tap_single,0.3878,U,0,20,0.0
D,242123,tap_single,0.3876,U,0,20,0.0
D,242219,tap_single,0.3875,U,0,20,0.0
D,242315,tap_single,0.3875,U,0,20,0.0
D,242411,tap_single,0.3875,U,0,20,0.0
D,242507,tap_single,0.3875,U,0,20,0.0
D,242603,tap_single,0.3874,U,0,20,0.0
D,242699,tap_single,0.3874,S,0,20,0.0
D,242795,tap_single,0.3874,S,0,20,0.0
D,242888,tap_single,0.3875,S,0,20,0.0
D,242984,tap_single,0.3875,S,0,20,0.0
D,243080,tap_single,0.3875,S,0,20,0.0
D,243176,tap_single,0.3875,S,0,20,0.0
D,243272,tap_single,0.3875,S,0,20,0.0
D,243368,tap_single,0.3875,S,0,20,0.0
D,243463,tap_single,0.3875,S,0,20,0.0
D,243559,tap_single,0.3875,S,0,20,0.0
D,243655,tap_single,0.3875,S,0,20,0.0
D,243751,tap_single,0.3875,S,0,20,0.0
D,243845,tap_single,0.3875,S,0,20,0.0
D,243941,tap_single,0.3874,S,0,20,0.0
D,244037,tap_single,0.3874,S,0,20,0.0
D,244133,tap_single,0.3874,S,0,20,0.0
D,244228,tap_single,0.3874,S,0,20,0.0
D,244324,tap_single,0.3874,S,0,20,0.0
D,244420,tap_single,0.3874,S,0,20,0.0
D,244516,tap_single,0.3874,S,0,20,0.0
D,244612,tap_single,0.3874,S,0,20,0.0
D,244706,tap_single,0.3874,S,0,20,0.0
D,244802,tap_single,0.3874,S,0,20,0.0
D,244898,tap_single,0.3873,S,0,20,0.0
D,244993,tap_single,0.3873,S,0,20,0.0
D,245089,tap_single,0.3873,S,0,20,0.0
D,245185,tap_single,0.3873,S,0,20,0.0
D,245281,tap_single,0.3873,S,0,20,0.0
D,245377,tap_single,0.3873,S,0,20,0.0
D,245472,tap_single,0.3870,U,0,20,0.0
D,245566,tap_single,0.3870,U,0,20,0.0
D,245662,tap_single,0.3869,U,0,20,0.0
E,245724,BLOCK_END,tap_single
E,245726,BLOCK_START,quiet_mid1
D,245758,quiet_mid1,0.3869,U,0,20,0.0
D,245854,quiet_mid1,0.3869,U,0,20,0.0
D,245950,quiet_mid1,0.3868,U,0,20,0.0
D,246045,quiet_mid1,0.3868,U,0,20,0.0
D,246141,quiet_mid1,0.3867,U,0,20,0.0
D,246237,quiet_mid1,0.3867,U,0,20,0.0
D,246333,quiet_mid1,0.3867,U,0,20,0.0
D,246429,quiet_mid1,0.3866,U,0,20,0.0
D,246523,quiet_mid1,0.3866,U,0,20,0.0
D,246619,quiet_mid1,0.3866,S,0,20,0.0
D,246714,quiet_mid1,0.3865,U,0,20,0.0
D,246810,quiet_mid1,0.3865,U,0,20,0.0
D,246906,quiet_mid1,0.3865,S,0,20,0.0
D,247002,quiet_mid1,0.3864,U,0,20,0.0
D,247098,quiet_mid1,0.3864,U,0,20,0.0
D,247194,quiet_mid1,0.3864,S,0,20,0.0
D,247290,quiet_mid1,0.3864,S,0,20,0.0
D,247383,quiet_mid1,0.3863,U,0,20,0.0
D,247479,quiet_mid1,0.3863,S,0,20,0.0
D,247575,quiet_mid1,0.3863,S,0,20,0.0
D,247671,quiet_mid1,0.3863,S,0,20,0.0
D,247767,quiet_mid1,0.3863,S,0,20,0.0
D,247863,quiet_mid1,0.3862,S,0,20,0.0
D,247958,quiet_mid1,0.3862,S,0,20,0.0
D,248054,quiet_mid1,0.3862,S,0,20,0.0
D,248150,quiet_mid1,0.3862,S,0,20,0.0
D,248244,quiet_mid1,0.3861,U,0,20,0.0
D,248340,quiet_mid1,0.3861,S,0,20,0.0
D,248436,quiet_mid1,0.3861,S,0,20,0.0
D,248531,quiet_mid1,0.3861,S,0,20,0.0
D,248627,quiet_mid1,0.3861,S,0,20,0.0
D,248723,quiet_mid1,0.3861,S,0,20,0.0
D,248819,quiet_mid1,0.3861,S,0,20,0.0
D,248915,quiet_mid1,0.3861,S,0,20,0.0
D,249011,quiet_mid1,0.3861,S,0,20,0.0
D,249107,quiet_mid1,0.3861,S,0,20,0.0
D,249201,quiet_mid1,0.3861,S,0,20,0.0
D,249297,quiet_mid1,0.3861,S,0,20,0.0
D,249392,quiet_mid1,0.3861,S,0,20,0.0
D,249488,quiet_mid1,0.3861,S,0,20,0.0
D,249584,quiet_mid1,0.3861,S,0,20,0.0
D,249680,quiet_mid1,0.3861,S,0,20,0.0
D,249776,quiet_mid1,0.3861,S,0,20,0.0
D,249872,quiet_mid1,0.3861,S,0,20,0.0
D,249967,quiet_mid1,0.3861,S,0,20,0.0
D,250061,quiet_mid1,0.3861,S,0,20,0.0
D,250157,quiet_mid1,0.3861,S,0,20,0.0
D,250253,quiet_mid1,0.3861,S,0,20,0.0
D,250349,quiet_mid1,0.3861,S,0,20,0.0
D,250445,quiet_mid1,0.3861,S,0,20,0.0
D,250541,quiet_mid1,0.3861,S,0,20,0.0
D,250637,quiet_mid1,0.3861,S,0,20,0.0
D,250732,quiet_mid1,0.3861,S,0,20,0.0
D,250828,quiet_mid1,0.3861,S,0,20,0.0
D,250922,quiet_mid1,0.3862,S,0,20,0.0
D,251018,quiet_mid1,0.3862,S,0,20,0.0
D,251114,quiet_mid1,0.3862,S,0,20,0.0
D,251210,quiet_mid1,0.3862,S,0,20,0.0
D,251306,quiet_mid1,0.3862,S,0,20,0.0
D,251407,quiet_mid1,0.3862,S,0,20,0.0
D,251497,quiet_mid1,0.3862,S,0,20,0.0
D,251593,quiet_mid1,0.3862,S,0,20,0.0
D,251689,quiet_mid1,0.3862,S,0,20,0.0
D,251785,quiet_mid1,0.3862,S,0,20,0.0
D,251879,quiet_mid1,0.3862,S,0,20,0.0
D,251975,quiet_mid1,0.3862,S,0,20,0.0
D,252071,quiet_mid1,0.3863,S,0,20,0.0
D,252166,quiet_mid1,0.3863,S,0,20,0.0
D,252261,quiet_mid1,0.3867,U,0,20,0.0
D,252357,quiet_mid1,0.3867,U,0,20,0.0
D,252453,quiet_mid1,0.3867,U,0,20,0.0
D,252549,quiet_mid1,0.3867,U,0,20,0.0
D,252645,quiet_mid1,0.3868,U,0,20,0.0
D,252739,quiet_mid1,0.3868,S,0,20,0.0
D,252835,quiet_mid1,0.3868,S,0,20,0.0
D,252931,quiet_mid1,0.3868,S,0,20,0.0
D,253026,quiet_mid1,0.3868,S,0,20,0.0
D,253122,quiet_mid1,0.3868,S,0,20,0.0
D,253218,quiet_mid1,0.3868,S,0,20,0.0
D,253314,quiet_mid1,0.3868,S,0,20,0.0
D,253410,quiet_mid1,0.3868,S,0,20,0.0
D,253506,quiet_mid1,0.3867,S,0,20,0.0
D,253600,quiet_mid1,0.3867,S,0,20,0.0
D,253695,quiet_mid1,0.3867,S,0,20,0.0
D,253791,quiet_mid1,0.3867,S,0,20,0.0
D,253887,quiet_mid1,0.3867,S,0,20,0.0
D,253983,quiet_mid1,0.3867,S,0,20,0.0
D,254079,quiet_mid1,0.3867,S,0,20,0.0
D,254175,quiet_mid1,0.3867,S,0,20,0.0
D,254271,quiet_mid1,0.3867,S,0,20,0.0
D,254366,quiet_mid1,0.3867,S,0,20,0.0
D,254462,quiet_mid1,0.3867,S,0,20,0.0
D,254556,quiet_mid1,0.3867,S,0,20,0.0
D,254652,quiet_mid1,0.3867,S,0,20,0.0
D,254748,quiet_mid1,0.3867,S,0,20,0.0
D,254844,quiet_mid1,0.3867,S,0,20,0.0
D,254940,quiet_mid1,0.3867,S,0,20,0.0
D,255036,quiet_mid1,0.3867,S,0,20,0.0
D,255131,quiet_mid1,0.3867,S,0,20,0.0
D,255227,quiet_mid1,0.3867,S,0,20,0.0
D,255323,quiet_mid1,0.3868,S,0,20,0.0
D,255417,quiet_mid1,0.3868,S,0,20,0.0
D,255513,quiet_mid1,0.3868,S,0,20,0.0
D,255609,quiet_mid1,0.3868,S,0,20,0.0
D,255704,quiet_mid1,0.3868,S,0,20,0.0
D,255800,quiet_mid1,0.3868,S,0,20,0.0
D,255896,quiet_mid1,0.3868,S,0,20,0.0
D,255992,quiet_mid1,0.3868,S,0,20,0.0
D,256088,quiet_mid1,0.3868,S,0,20,0.0
D,256184,quiet_mid1,0.3868,S,0,20,0.0
D,256278,quiet_mid1,0.3867,S,0,20,0.0
D,256374,quiet_mid1,0.3867,S,0,20,0.0
D,256470,quiet_mid1,0.3867,S,0,20,0.0
D,256565,quiet_mid1,0.3867,S,0,20,0.0
D,256661,quiet_mid1,0.3867,S,0,20,0.0
D,256757,quiet_mid1,0.3867,S,0,20,0.0
D,256853,quiet_mid1,0.3867,S,0,20,0.0
D,256949,quiet_mid1,0.3867,S,0,20,0.0
D,257045,quiet_mid1,0.3867,S,0,20,0.0
D,257141,quiet_mid1,0.3867,S,0,20,0.0
D,257234,quiet_mid1,0.3867,S,0,20,0.0
D,257330,quiet_mid1,0.3867,S,0,20,0.0
D,257426,quiet_mid1,0.3867,S,0,20,0.0
D,257522,quiet_mid1,0.3867,S,0,20,0.0
D,257618,quiet_mid1,0.3867,S,0,20,0.0
D,257714,quiet_mid1,0.3867,S,0,20,0.0
D,257810,quiet_mid1,0.3867,S,0,20,0.0
D,257906,quiet_mid1,0.3867,S,0,20,0.0
D,258001,quiet_mid1,0.3867,S,0,20,0.0
D,258095,quiet_mid1,0.3867,S,0,20,0.0
D,258191,quiet_mid1,0.3867,S,0,20,0.0
D,258286,quiet_mid1,0.3870,U,0,20,0.0
D,258382,quiet_mid1,0.3871,U,0,20,0.0
D,258478,quiet_mid1,0.3871,U,0,20,0.0
D,258573,quiet_mid1,0.3872,U,0,20,0.0
D,258669,quiet_mid1,0.3872,U,0,20,0.0
D,258765,quiet_mid1,0.3872,U,0,20,0.0
D,258861,quiet_mid1,0.3873,U,0,20,0.0
D,258955,quiet_mid1,0.3873,U,0,20,0.0
D,259051,quiet_mid1,0.3873,S,0,20,0.0
D,259146,quiet_mid1,0.3874,U,0,20,0.0
D,259242,quiet_mid1,0.3874,U,0,20,0.0
D,259338,quiet_mid1,0.3874,S,0,20,0.0
D,259434,quiet_mid1,0.3874,S,0,20,0.0
D,259530,quiet_mid1,0.3874,S,0,20,0.0
D,259626,quiet_mid1,0.3874,S,0,20,0.0
D,259722,quiet_mid1,0.3874,S,0,20,0.0
D,259817,quiet_mid1,0.3874,S,0,20,0.0
D,259911,quiet_mid1,0.3874,S,0,20,0.0
D,260007,quiet_mid1,0.3874,S,0,20,0.0
D,260103,quiet_mid1,0.3874,S,0,20,0.0
D,260199,quiet_mid1,0.3874,S,0,20,0.0
D,260295,quiet_mid1,0.3874,S,0,20,0.0
D,260390,quiet_mid1,0.3875,S,0,20,0.0
D,260486,quiet_mid1,0.3875,S,0,20,0.0
D,260582,quiet_mid1,0.3875,S,0,20,0.0
D,260678,quiet_mid1,0.3875,S,0,20,0.0
D,260772,quiet_mid1,0.3875,S,0,20,0.0
D,260868,quiet_mid1,0.3875,S,0,20,0.0
D,260964,quiet_mid1,0.3875,S,0,20,0.0
D,261060,quiet_mid1,0.3875,S,0,20,0.0
D,261156,quiet_mid1,0.3875,S,0,20,0.0
D,261251,quiet_mid1,0.3876,S,0,20,0.0
D,261347,quiet_mid1,0.3876,S,0,20,0.0
D,261443,quiet_mid1,0.3876,S,0,20,0.0
D,261539,quiet_mid1,0.3876,S,0,20,0.0
D,261633,quiet_mid1,0.3876,S,0,20,0.0
D,261729,quiet_mid1,0.3876,S,0,20,0.0
D,261824,quiet_mid1,0.3876,S,0,20,0.0
D,261920,quiet_mid1,0.3876,S,0,20,0.0
D,262016,quiet_mid1,0.3876,S,0,20,0.0
D,262112,quiet_mid1,0.3876,S,0,20,0.0
D,262208,quiet_mid1,0.3876,S,0,20,0.0
D,262304,quiet_mid1,0.3876,S,0,20,0.0
D,262400,quiet_mid1,0.3876,S,0,20,0.0
D,262496,quiet_mid1,0.3876,S,0,20,0.0
D,262589,quiet_mid1,0.3876,S,0,20,0.0
D,262685,quiet_mid1,0.3876,S,0,20,0.0
D,262781,quiet_mid1,0.3876,S,0,20,0.0
D,262877,quiet_mid1,0.3876,S,0,20,0.0
D,262973,quiet_mid1,0.3876,S,0,20,0.0
D,263069,quiet_mid1,0.3876,S,0,20,0.0
D,263165,quiet_mid1,0.3876,S,0,20,0.0
D,263260,quiet_mid1,0.3876,S,0,20,0.0
D,263356,quiet_mid1,0.3876,S,0,20,0.0
D,263450,quiet_mid1,0.3876,S,0,20,0.0
D,263546,quiet_mid1,0.3876,S,0,20,0.0
D,263642,quiet_mid1,0.3876,S,0,20,0.0
D,263738,quiet_mid1,0.3876,S,0,20,0.0
D,263839,quiet_mid1,0.3876,S,0,20,0.0
D,263930,quiet_mid1,0.3876,S,0,20,0.0
D,264025,quiet_mid1,0.3876,S,0,20,0.0
D,264121,quiet_mid1,0.3876,S,0,20,0.0
D,264217,quiet_mid1,0.3876,S,0,20,0.0
D,264311,quiet_mid1,0.3876,S,0,20,0.0
D,264407,quiet_mid1,0.3876,S,0,20,0.0
D,264503,quiet_mid1,0.3876,S,0,20,0.0
D,264599,quiet_mid1,0.3876,S,0,20,0.0
D,264694,quiet_mid1,0.3876,S,0,20,0.0
D,264790,quiet_mid1,0.3876,S,0,20,0.0
D,264886,quiet_mid1,0.3876,S,0,20,0.0
D,264982,quiet_mid1,0.3876,S,0,20,0.0
D,265078,quiet_mid1,0.3876,S,0,20,0.0
D,265174,quiet_mid1,0.3876,S,0,20,0.0
D,265267,quiet_mid1,0.3876,S,0,20,0.0
D,265364,quiet_mid1,0.3876,S,0,20,0.0
D,265459,quiet_mid1,0.3876,S,0,20,0.0
D,265555,quiet_mid1,0.3876,S,0,20,0.0
D,265651,quiet_mid1,0.3876,S,0,20,0.0
D,265747,quiet_mid1,0.3876,S,0,20,0.0
D,265843,quiet_mid1,0.3876,S,0,20,0.0
D,265938,quiet_mid1,0.3876,S,0,20,0.0
D,266034,quiet_mid1,0.3876,S,0,20,0.0
D,266128,quiet_mid1,0.3876,S,0,20,0.0
D,266224,quiet_mid1,0.3876,S,0,20,0.0
D,266320,quiet_mid1,0.3876,S,0,20,0.0
D,266416,quiet_mid1,0.3876,S,0,20,0.0
D,266512,quiet_mid1,0.3876,S,0,20,0.0
D,266607,quiet_mid1,0.3876,S,0,20,0.0
D,266703,quiet_mid1,0.3875,S,0,20,0.0
D,266799,quiet_mid1,0.3875,S,0,20,0.0
D,266895,quiet_mid1,0.3875,S,0,20,0.0
D,266989,quiet_mid1,0.3875,S,0,20,0.0
D,267085,quiet_mid1,0.3875,S,0,20,0.0
D,267180,quiet_mid1,0.3875,S,0,20,0.0
D,267276,quiet_mid1,0.3875,S,0,20,0.0
D,267372,quiet_mid1,0.3875,S,0,20,0.0
D,267468,quiet_mid1,0.3875,S,0,20,0.0
D,267564,quiet_mid1,0.3875,S,0,20,0.0
D,267660,quiet_mid1,0.3875,S,0,20,0.0
D,267756,quiet_mid1,0.3875,S,0,20,0.0
D,267852,quiet_mid1,0.3875,S,0,20,0.0
D,267945,quiet_mid1,0.3875,S,0,20,0.0
D,268041,quiet_mid1,0.3875,S,0,20,0.0
D,268137,quiet_mid1,0.3875,S,0,20,0.0
D,268233,quiet_mid1,0.3875,S,0,20,0.0
D,268329,quiet_mid1,0.3875,S,0,20,0.0
D,268425,quiet_mid1,0.3875,S,0,20,0.0
D,268520,quiet_mid1,0.3876,S,0,20,0.0
D,268616,quiet_mid1,0.3876,S,0,20,0.0
D,268711,quiet_mid1,0.3880,U,0,20,0.0
D,268805,quiet_mid1,0.3881,U,0,20,0.0
D,268901,quiet_mid1,0.3881,U,0,20,0.0
D,268997,quiet_mid1,0.3882,U,0,20,0.0
D,269092,quiet_mid1,0.3882,U,0,20,0.0
D,269188,quiet_mid1,0.3883,U,0,20,0.0
D,269284,quiet_mid1,0.3884,U,0,20,0.0
D,269380,quiet_mid1,0.3884,U,0,20,0.0
D,269476,quiet_mid1,0.3885,U,0,20,0.0
D,269572,quiet_mid1,0.3885,U,0,20,0.0
D,269666,quiet_mid1,0.3886,U,0,20,0.0
D,269761,quiet_mid1,0.3886,U,0,20,0.0
D,269857,quiet_mid1,0.3886,U,0,20,0.0
D,269953,quiet_mid1,0.3887,U,0,20,0.0
D,270049,quiet_mid1,0.3887,U,0,20,0.0
D,270145,quiet_mid1,0.3887,S,0,20,0.0
D,270241,quiet_mid1,0.3888,U,0,20,0.0
D,270337,quiet_mid1,0.3888,U,0,20,0.0
D,270432,quiet_mid1,0.3888,S,0,20,0.0
D,270528,quiet_mid1,0.3888,S,0,20,0.0
D,270622,quiet_mid1,0.3888,S,0,20,0.0
D,270718,quiet_mid1,0.3888,S,0,20,0.0
D,270814,quiet_mid1,0.3888,S,0,20,0.0
D,270910,quiet_mid1,0.3888,S,0,20,0.0
D,271005,quiet_mid1,0.3888,S,0,20,0.0
D,271101,quiet_mid1,0.3888,S,0,20,0.0
D,271197,quiet_mid1,0.3888,S,0,20,0.0
D,271293,quiet_mid1,0.3888,S,0,20,0.0
D,271389,quiet_mid1,0.3888,S,0,20,0.0
D,271483,quiet_mid1,0.3888,S,0,20,0.0
D,271579,quiet_mid1,0.3888,S,0,20,0.0
D,271674,quiet_mid1,0.3887,S,0,20,0.0
D,271770,quiet_mid1,0.3887,S,0,20,0.0
D,271866,quiet_mid1,0.3887,S,0,20,0.0
D,271962,quiet_mid1,0.3887,S,0,20,0.0
D,272058,quiet_mid1,0.3887,S,0,20,0.0
D,272154,quiet_mid1,0.3887,S,0,20,0.0
D,272250,quiet_mid1,0.3887,S,0,20,0.0
D,272344,quiet_mid1,0.3887,S,0,20,0.0
D,272439,quiet_mid1,0.3887,S,0,20,0.0
D,272535,quiet_mid1,0.3887,S,0,20,0.0
D,272631,quiet_mid1,0.3887,S,0,20,0.0
D,272727,quiet_mid1,0.3887,S,0,20,0.0
D,272823,quiet_mid1,0.3887,S,0,20,0.0
D,272919,quiet_mid1,0.3887,S,0,20,0.0
D,273014,quiet_mid1,0.3887,S,0,20,0.0
D,273110,quiet_mid1,0.3887,S,0,20,0.0
D,273206,quiet_mid1,0.3887,S,0,20,0.0
D,273300,quiet_mid1,0.3887,S,0,20,0.0
D,273396,quiet_mid1,0.3887,S,0,20,0.0
D,273492,quiet_mid1,0.3887,S,0,20,0.0
D,273588,quiet_mid1,0.3887,S,0,20,0.0
D,273684,quiet_mid1,0.3887,S,0,20,0.0
D,273780,quiet_mid1,0.3887,S,0,20,0.0
D,273875,quiet_mid1,0.3887,S,0,20,0.0
D,273971,quiet_mid1,0.3887,S,0,20,0.0
D,274067,quiet_mid1,0.3887,S,0,20,0.0
D,274161,quiet_mid1,0.3887,S,0,20,0.0
D,274257,quiet_mid1,0.3887,S,0,20,0.0
D,274353,quiet_mid1,0.3887,S,0,20,0.0
D,274448,quiet_mid1,0.3887,S,0,20,0.0
D,274545,quiet_mid1,0.3887,S,0,20,0.0
D,274640,quiet_mid1,0.3887,S,0,20,0.0
D,274736,quiet_mid1,0.3887,S,0,20,0.0
D,274832,quiet_mid1,0.3887,S,0,20,0.0
D,274928,quiet_mid1,0.3887,S,0,20,0.0
D,275022,quiet_mid1,0.3887,S,0,20,0.0
D,275117,quiet_mid1,0.3887,S,0,20,0.0
D,275213,quiet_mid1,0.3887,S,0,20,0.0
D,275309,quiet_mid1,0.3887,S,0,20,0.0
D,275405,quiet_mid1,0.3887,S,0,20,0.0
D,275501,quiet_mid1,0.3887,S,0,20,0.0
D,275597,quiet_mid1,0.3887,S,0,20,0.0
D,275693,quiet_mid1,0.3887,S,0,20,0.0
E,275755,BLOCK_END,quiet_mid1
E,275758,BLOCK_START,tap_burst
D,275789,tap_burst,0.3887,S,0,20,0.0
D,275884,tap_burst,0.3887,S,0,20,0.0
D,275978,tap_burst,0.3887,S,0,20,0.0
D,276074,tap_burst,0.3887,S,0,20,0.0
D,276170,tap_burst,0.3887,S,0,20,0.0
D,276271,tap_burst,0.3887,S,0,20,0.0
D,276362,tap_burst,0.3887,S,0,20,0.0
D,276458,tap_burst,0.3886,S,0,20,0.0
D,276553,tap_burst,0.3886,S,0,20,0.0
D,276649,tap_burst,0.3886,S,0,20,0.0
D,276745,tap_burst,0.3886,S,0,20,0.0
E,276807,BURST,1
D,277510,tap_burst,0.3836,U,0,23,0.0
D,277604,tap_burst,0.3828,U,0,23,0.0
D,277698,tap_burst,0.3841,U,0,23,0.0
D,277794,tap_burst,0.3873,U,0,23,0.0
D,277890,tap_burst,0.3893,U,0,23,0.0
D,277986,tap_burst,0.3949,U,0,23,0.0
D,278082,tap_burst,0.3982,U,0,23,0.0
D,278177,tap_burst,0.4012,U,0,23,0.0
D,278273,tap_burst,0.4035,U,0,23,0.0
D,278369,tap_burst,0.4048,U,0,23,0.0
D,278465,tap_burst,0.4052,U,0,23,0.0
D,278561,tap_burst,0.4052,U,0,23,0.0
D,278655,tap_burst,0.4051,U,0,23,0.0
D,278750,tap_burst,0.4050,U,0,23,0.0
D,278846,tap_burst,0.4050,U,0,23,0.0
D,278942,tap_burst,0.4050,U,0,23,0.0
D,279038,tap_burst,0.4050,U,0,23,0.0
D,279134,tap_burst,0.4050,S,0,23,0.0
D,279230,tap_burst,0.4050,S,0,23,0.0
D,279326,tap_burst,0.4050,S,0,23,0.0
D,279421,tap_burst,0.4050,S,0,23,0.0
D,279515,tap_burst,0.4050,S,0,23,0.0
D,279611,tap_burst,0.4050,S,0,23,0.0
D,279707,tap_burst,0.4050,S,0,23,0.0
D,279803,tap_burst,0.4051,S,0,23,0.0
D,279899,tap_burst,0.4051,S,0,23,0.0
D,279995,tap_burst,0.4051,S,0,23,0.0
D,280091,tap_burst,0.4051,S,0,23,0.0
D,280186,tap_burst,0.4051,S,0,23,0.0
D,280282,tap_burst,0.4051,S,0,23,0.0
D,280376,tap_burst,0.4051,S,0,23,0.0
D,280472,tap_burst,0.4051,S,0,23,0.0
D,280568,tap_burst,0.4051,S,0,23,0.0
D,280664,tap_burst,0.4051,S,0,23,0.0
D,280760,tap_burst,0.4051,S,0,23,0.0
D,280856,tap_burst,0.4051,S,0,23,0.0
D,280951,tap_burst,0.4051,S,0,23,0.0
D,281047,tap_burst,0.4051,S,0,23,0.0
D,281143,tap_burst,0.4051,S,0,23,0.0
D,281239,tap_burst,0.4051,S,0,23,0.0
D,281333,tap_burst,0.4051,S,0,23,0.0
D,281429,tap_burst,0.4050,S,0,23,0.0
D,281525,tap_burst,0.4050,S,0,23,0.0
D,281620,tap_burst,0.4050,S,0,23,0.0
D,281716,tap_burst,0.4050,S,0,23,0.0
D,281812,tap_burst,0.4050,S,0,23,0.0
D,281908,tap_burst,0.4050,S,0,23,0.0
D,282004,tap_burst,0.4050,S,0,23,0.0
D,282100,tap_burst,0.4050,S,0,23,0.0
D,282194,tap_burst,0.4050,S,0,23,0.0
D,282290,tap_burst,0.4049,S,0,23,0.0
D,282385,tap_burst,0.4049,S,0,23,0.0
D,282481,tap_burst,0.4049,S,0,23,0.0
D,282577,tap_burst,0.4049,S,0,23,0.0
D,282673,tap_burst,0.4049,S,0,23,0.0
D,282769,tap_burst,0.4049,S,0,23,0.0
D,282865,tap_burst,0.4049,S,0,23,0.0
D,282961,tap_burst,0.4049,S,0,23,0.0
D,283054,tap_burst,0.4049,S,0,23,0.0
D,283151,tap_burst,0.4048,S,0,23,0.0
D,283246,tap_burst,0.4048,S,0,23,0.0
D,283342,tap_burst,0.4048,S,0,23,0.0
D,283438,tap_burst,0.4048,S,0,23,0.0
D,283534,tap_burst,0.4048,S,0,23,0.0
D,283630,tap_burst,0.4048,S,0,23,0.0
D,283726,tap_burst,0.4048,S,0,23,0.0
D,283821,tap_burst,0.4048,S,0,23,0.0
D,283915,tap_burst,0.4048,S,0,23,0.0
D,284011,tap_burst,0.4048,S,0,23,0.0
D,284107,tap_burst,0.4048,S,0,23,0.0
D,284203,tap_burst,0.4048,S,0,23,0.0
D,284299,tap_burst,0.4048,S,0,23,0.0
D,284395,tap_burst,0.4048,S,0,23,0.0
D,284490,tap_burst,0.4048,S,0,23,0.0
D,284586,tap_burst,0.4048,S,0,23,0.0
D,284682,tap_burst,0.4047,S,0,23,0.0
D,284778,tap_burst,0.4047,S,0,23,0.0
D,284872,tap_burst,0.4047,S,0,23,0.0
D,284968,tap_burst,0.4047,S,0,23,0.0
D,285064,tap_burst,0.4047,S,0,23,0.0
D,285160,tap_burst,0.4047,S,0,23,0.0
D,285255,tap_burst,0.4047,S,0,23,0.0
D,285351,tap_burst,0.4047,S,0,23,0.0
D,285447,tap_burst,0.4047,S,0,23,0.0
E,285509,BURST,2
D,286212,tap_burst,0.4046,S,0,26,0.0
D,286308,tap_burst,0.4046,S,0,26,0.0
D,286404,tap_burst,0.4046,S,0,26,0.0
D,286499,tap_burst,0.4046,S,0,26,0.0
D,286593,tap_burst,0.4046,S,0,26,0.0
D,286688,tap_burst,0.4074,U,0,26,0.0
D,286784,tap_burst,0.4078,U,0,26,0.0
D,286879,tap_burst,0.4083,U,0,26,0.0
D,286975,tap_burst,0.4089,U,0,26,0.0
D,287071,tap_burst,0.4092,U,0,26,0.0
D,287167,tap_burst,0.4092,U,0,26,0.0
D,287263,tap_burst,0.4091,U,0,26,0.0
D,287359,tap_burst,0.4090,U,0,26,0.0
D,287455,tap_burst,0.4090,U,0,26,0.0
D,287548,tap_burst,0.4089,U,0,26,0.0
D,287644,tap_burst,0.4089,U,0,26,0.0
D,287740,tap_burst,0.4088,U,0,26,0.0
D,287836,tap_burst,0.4088,U,0,26,0.0
D,287932,tap_burst,0.4088,U,0,26,0.0
D,288028,tap_burst,0.4088,S,0,26,0.0
D,288124,tap_burst,0.4088,S,0,26,0.0
D,288219,tap_burst,0.4089,S,0,26,0.0
D,288315,tap_burst,0.4089,S,0,26,0.0
D,288409,tap_burst,0.4089,S,0,26,0.0
D,288505,tap_burst,0.4089,S,0,26,0.0
D,288601,tap_burst,0.4089,S,0,26,0.0
D,288697,tap_burst,0.4089,S,0,26,0.0
D,288793,tap_burst,0.4089,S,0,26,0.0
D,288889,tap_burst,0.4089,S,0,26,0.0
D,288984,tap_burst,0.4089,S,0,26,0.0
D,289080,tap_burst,0.4089,S,0,26,0.0
D,289176,tap_burst,0.4089,S,0,26,0.0
D,289270,tap_burst,0.4090,S,0,26,0.0
D,289366,tap_burst,0.4090,S,0,26,0.0
D,289462,tap_burst,0.4090,S,0,26,0.0
D,289558,tap_burst,0.4090,S,0,26,0.0
D,289653,tap_burst,0.4090,S,0,26,0.0
D,289749,tap_burst,0.4090,S,0,26,0.0
D,289856,tap_burst,0.4090,S,0,26,0.0
D,290037,tap_burst,0.4091,S,0,26,0.0
D,290133,tap_burst,0.4091,S,0,26,0.0
D,290227,tap_burst,0.4091,S,0,26,0.0
D,290323,tap_burst,0.4091,S,0,26,0.0
D,290418,tap_burst,0.4091,S,0,26,0.0
D,290514,tap_burst,0.4091,S,0,26,0.0
D,290610,tap_burst,0.4091,S,0,26,0.0
D,290706,tap_burst,0.4091,S,0,26,0.0
D,290802,tap_burst,0.4091,S,0,26,0.0
D,290898,tap_burst,0.4091,S,0,26,0.0
D,290994,tap_burst,0.4091,S,0,26,0.0
D,291088,tap_burst,0.4091,S,0,26,0.0
D,291183,tap_burst,0.4091,S,0,26,0.0
D,291279,tap_burst,0.4092,S,0,26,0.0
D,291375,tap_burst,0.4092,S,0,26,0.0
D,291471,tap_burst,0.4092,S,0,26,0.0
D,291567,tap_burst,0.4092,S,0,26,0.0
D,291663,tap_burst,0.4092,S,0,26,0.0
D,291759,tap_burst,0.4092,S,0,26,0.0
D,291854,tap_burst,0.4092,S,0,26,0.0
D,291948,tap_burst,0.4092,S,0,26,0.0
D,292044,tap_burst,0.4092,S,0,26,0.0
D,292140,tap_burst,0.4092,S,0,26,0.0
D,292236,tap_burst,0.4092,S,0,26,0.0
D,292332,tap_burst,0.4092,S,0,26,0.0
D,292428,tap_burst,0.4092,S,0,26,0.0
D,292524,tap_burst,0.4092,S,0,26,0.0
D,292619,tap_burst,0.4092,S,0,26,0.0
D,292715,tap_burst,0.4092,S,0,26,0.0
D,292811,tap_burst,0.4092,S,0,26,0.0
D,292905,tap_burst,0.4092,S,0,26,0.0
D,293001,tap_burst,0.4092,S,0,26,0.0
D,293097,tap_burst,0.4092,S,0,26,0.0
D,293192,tap_burst,0.4097,U,0,26,0.0
D,293288,tap_burst,0.4097,U,0,26,0.0
D,293383,tap_burst,0.4097,U,0,26,0.0
D,293479,tap_burst,0.4098,U,0,26,0.0
D,293575,tap_burst,0.4098,U,0,26,0.0
D,293671,tap_burst,0.4098,S,0,26,0.0
D,293765,tap_burst,0.4098,S,0,26,0.0
D,293861,tap_burst,0.4098,S,0,26,0.0
D,293957,tap_burst,0.4098,S,0,26,0.0
D,294052,tap_burst,0.4098,S,0,26,0.0
D,294148,tap_burst,0.4098,S,0,26,0.0
E,294210,BURST,3
D,294913,tap_burst,0.4098,S,0,29,0.0
D,295009,tap_burst,0.4097,S,0,29,0.0
D,295105,tap_burst,0.4098,S,0,29,0.0
D,295200,tap_burst,0.4156,U,0,29,0.0
D,295296,tap_burst,0.4179,U,0,29,0.0
D,295392,tap_burst,0.4196,U,0,29,0.0
D,295487,tap_burst,0.4217,U,0,29,0.0
D,295581,tap_burst,0.4246,U,0,29,0.0
D,295677,tap_burst,0.4275,U,0,29,0.0
D,295773,tap_burst,0.4296,U,0,29,0.0
D,295869,tap_burst,0.4305,U,0,29,0.0
D,295965,tap_burst,0.4306,U,0,29,0.0
D,296061,tap_burst,0.4306,U,0,29,0.0
D,296156,tap_burst,0.4305,U,0,29,0.0
D,296252,tap_burst,0.4304,U,0,29,0.0
D,296348,tap_burst,0.4305,S,0,29,0.0
D,296442,tap_burst,0.4305,S,0,29,0.0
D,296538,tap_burst,0.4305,S,0,29,0.0
D,296634,tap_burst,0.4305,S,0,29,0.0
D,296730,tap_burst,0.4305,S,0,29,0.0
D,296826,tap_burst,0.4305,S,0,29,0.0
D,296921,tap_burst,0.4305,S,0,29,0.0
D,297017,tap_burst,0.4305,S,0,29,0.0
D,297113,tap_burst,0.4305,S,0,29,0.0
D,297209,tap_burst,0.4305,S,0,29,0.0
D,297303,tap_burst,0.4305,S,0,29,0.0
D,297399,tap_burst,0.4305,S,0,29,0.0
D,297495,tap_burst,0.4305,S,0,29,0.0
D,297591,tap_burst,0.4305,S,0,29,0.0
D,297686,tap_burst,0.4306,S,0,29,0.0
D,297782,tap_burst,0.4306,S,0,29,0.0
D,297878,tap_burst,0.4306,S,0,29,0.0
D,297974,tap_burst,0.4306,S,0,29,0.0
D,298070,tap_burst,0.4306,S,0,29,0.0
D,298166,tap_burst,0.4306,S,0,29,0.0
D,298260,tap_burst,0.4306,S,0,29,0.0
D,298355,tap_burst,0.4307,S,0,29,0.0
D,298451,tap_burst,0.4307,S,0,29,0.0
D,298547,tap_burst,0.4307,S,0,29,0.0
D,298643,tap_burst,0.4307,S,0,29,0.0
D,298739,tap_burst,0.4307,S,0,29,0.0
D,298835,tap_burst,0.4307,S,0,29,0.0
D,298931,tap_burst,0.4307,S,0,29,0.0
D,299026,tap_burst,0.4307,S,0,29,0.0
D,299120,tap_burst,0.4310,U,0,29,0.0
D,299216,tap_burst,0.4310,U,0,29,0.0
D,299312,tap_burst,0.4310,U,0,29,0.0
D,299408,tap_burst,0.4310,U,0,29,0.0
D,299504,tap_burst,0.4311,U,0,29,0.0
D,299599,tap_burst,0.4311,S,0,29,0.0
D,299695,tap_burst,0.4311,S,0,29,0.0
D,299791,tap_burst,0.4311,S,0,29,0.0
D,299887,tap_burst,0.4312,U,0,29,0.0
D,299981,tap_burst,0.4312,S,0,29,0.0
D,300077,tap_burst,0.4313,U,0,29,0.0
D,300172,tap_burst,0.4313,U,0,29,0.0
D,300268,tap_burst,0.4314,U,0,29,0.0
D,300364,tap_burst,0.4314,U,0,29,0.0
D,300460,tap_burst,0.4315,U,0,29,0.0
D,300556,tap_burst,0.4315,U,0,29,0.0
D,300652,tap_burst,0.4316,U,0,29,0.0
D,300747,tap_burst,0.4316,U,0,29,0.0
D,300844,tap_burst,0.4316,U,0,29,0.0
D,300937,tap_burst,0.4317,U,0,29,0.0
D,301033,tap_burst,0.4317,U,0,29,0.0
D,301129,tap_burst,0.4317,S,0,29,0.0
D,301225,tap_burst,0.4318,U,0,29,0.0
D,301321,tap_burst,0.4318,U,0,29,0.0
D,301416,tap_burst,0.4319,U,0,29,0.0
D,301512,tap_burst,0.4319,U,0,29,0.0
D,301608,tap_burst,0.4320,U,0,29,0.0
D,301704,tap_burst,0.4320,U,0,29,0.0
D,301798,tap_burst,0.4320,U,0,29,0.0
D,301894,tap_burst,0.4321,U,0,29,0.0
D,301989,tap_burst,0.4321,U,0,29,0.0
D,302085,tap_burst,0.4322,U,0,29,0.0
D,302181,tap_burst,0.4322,U,0,29,0.0
D,302277,tap_burst,0.4323,U,0,29,0.0
D,302373,tap_burst,0.4323,U,0,29,0.0
D,302469,tap_burst,0.4324,U,0,29,0.0
D,302565,tap_burst,0.4325,U,0,29,0.0
D,302658,tap_burst,0.4325,U,0,29,0.0
D,302754,tap_burst,0.4326,U,0,29,0.0
D,302850,tap_burst,0.4327,U,0,29,0.0
E,302912,BURST,4
D,303626,tap_burst,0.4288,U,0,32,0.0
D,303806,tap_burst,0.4280,U,0,32,0.0
D,303902,tap_burst,0.4291,U,0,32,0.0
D,303998,tap_burst,0.4307,U,0,32,0.0
D,304094,tap_burst,0.4321,U,0,32,0.0
D,304190,tap_burst,0.4386,U,0,32,0.0
D,304285,tap_burst,0.4451,U,0,32,0.0
D,304381,tap_burst,0.4508,U,0,32,0.0
D,304475,tap_burst,0.4543,U,0,32,0.0
D,304571,tap_burst,0.4556,U,0,32,0.0
D,304667,tap_burst,0.4558,U,0,32,0.0
D,304763,tap_burst,0.4556,U,0,32,0.0
D,304858,tap_burst,0.4554,U,0,32,0.0
D,304954,tap_burst,0.4553,U,0,32,0.0
D,305050,tap_burst,0.4553,U,0,32,0.0
D,305146,tap_burst,0.4553,U,0,32,0.0
D,305242,tap_burst,0.4553,U,0,32,0.0
D,305336,tap_burst,0.4553,S,0,32,0.0
D,305432,tap_burst,0.4553,S,0,32,0.0
D,305528,tap_burst,0.4553,S,0,32,0.0
D,305623,tap_burst,0.4553,S,0,32,0.0
D,305719,tap_burst,0.4553,S,0,32,0.0
D,305815,tap_burst,0.4553,S,0,32,0.0
D,305911,tap_burst,0.4552,S,0,32,0.0
D,306007,tap_burst,0.4552,S,0,32,0.0
D,306103,tap_burst,0.4552,S,0,32,0.0
D,306199,tap_burst,0.4552,S,0,32,0.0
D,306292,tap_burst,0.4552,S,0,32,0.0
D,306388,tap_burst,0.4552,S,0,32,0.0
D,306484,tap_burst,0.4552,S,0,32,0.0
D,306580,tap_burst,0.4552,S,0,32,0.0
D,306676,tap_burst,0.4552,S,0,32,0.0
D,306772,tap_burst,0.4552,S,0,32,0.0
D,306868,tap_burst,0.4552,S,0,32,0.0
D,306964,tap_burst,0.4552,S,0,32,0.0
D,307059,tap_burst,0.4552,S,0,32,0.0
D,307153,tap_burst,0.4552,S,0,32,0.0
D,307249,tap_burst,0.4552,S,0,32,0.0
D,307345,tap_burst,0.4552,S,0,32,0.0
D,307441,tap_burst,0.4552,S,0,32,0.0
D,307537,tap_burst,0.4552,S,0,32,0.0
D,307633,tap_burst,0.4553,S,0,32,0.0
D,307728,tap_burst,0.4553,S,0,32,0.0
D,307824,tap_burst,0.4553,S,0,32,0.0
D,307920,tap_burst,0.4553,S,0,32,0.0
D,308014,tap_burst,0.4553,S,0,32,0.0
D,308110,tap_burst,0.4553,S,0,32,0.0
D,308206,tap_burst,0.4553,S,0,32,0.0
D,308302,tap_burst,0.4553,S,0,32,0.0
D,308398,tap_burst,0.4553,S,0,32,0.0
D,308493,tap_burst,0.4554,S,0,32,0.0
D,308589,tap_burst,0.4554,S,0,32,0.0
D,308685,tap_burst,0.4554,S,0,32,0.0
D,308781,tap_burst,0.4554,S,0,32,0.0
D,308877,tap_burst,0.4554,S,0,32,0.0
D,308971,tap_burst,0.4554,S,0,32,0.0
D,309067,tap_burst,0.4554,S,0,32,0.0
D,309162,tap_burst,0.4554,S,0,32,0.0
D,309258,tap_burst,0.4554,S,0,32,0.0
D,309354,tap_burst,0.4554,S,0,32,0.0
D,309450,tap_burst,0.4554,S,0,32,0.0
D,309546,tap_burst,0.4555,S,0,32,0.0
D,309642,tap_burst,0.4555,S,0,32,0.0
D,309738,tap_burst,0.4555,S,0,32,0.0
D,309832,tap_burst,0.4555,S,0,32,0.0
D,309927,tap_burst,0.4555,S,0,32,0.0
D,310023,tap_burst,0.4555,S,0,32,0.0
D,310119,tap_burst,0.4555,S,0,32,0.0
D,310215,tap_burst,0.4555,S,0,32,0.0
D,310311,tap_burst,0.4555,S,0,32,0.0
D,310407,tap_burst,0.4555,S,0,32,0.0
D,310503,tap_burst,0.4555,S,0,32,0.0
D,310598,tap_burst,0.4556,S,0,32,0.0
D,310692,tap_burst,0.4556,S,0,32,0.0
D,310788,tap_burst,0.4556,S,0,32,0.0
D,310884,tap_burst,0.4556,S,0,32,0.0
D,310980,tap_burst,0.4556,S,0,32,0.0
D,311076,tap_burst,0.4556,S,0,32,0.0
D,311172,tap_burst,0.4556,S,0,32,0.0
D,311267,tap_burst,0.4556,S,0,32,0.0
D,311363,tap_burst,0.4556,S,0,32,0.0
D,311459,tap_burst,0.4556,S,0,32,0.0
D,311555,tap_burst,0.4556,S,0,32,0.0
E,311617,BURST,5
D,312319,tap_burst,0.4475,U,0,35,0.0
D,312414,tap_burst,0.4448,U,0,35,0.0
D,312508,tap_burst,0.4432,U,0,35,0.0
D,312604,tap_burst,0.4426,U,0,35,0.0
D,312700,tap_burst,0.4426,U,0,35,0.0
D,312796,tap_burst,0.4434,U,0,35,0.0
D,312892,tap_burst,0.4456,U,0,35,0.0
D,312987,tap_burst,0.4490,U,0,35,0.0
D,313083,tap_burst,0.4524,U,0,35,0.0
D,313179,tap_burst,0.4547,U,0,35,0.0
D,313275,tap_burst,0.4557,U,0,35,0.0
D,313369,tap_burst,0.4559,U,0,35,0.0
D,313465,tap_burst,0.4558,U,0,35,0.0
D,313561,tap_burst,0.4558,U,0,35,0.0
D,313656,tap_burst,0.4558,U,0,35,0.0
D,313752,tap_burst,0.4558,S,0,35,0.0
D,313848,tap_burst,0.4558,S,0,35,0.0
D,313944,tap_burst,0.4559,S,0,35,0.0
D,314040,tap_burst,0.4559,S,0,35,0.0
D,314136,tap_burst,0.4559,S,0,35,0.0
D,314232,tap_burst,0.4559,S,0,35,0.0
D,314325,tap_burst,0.4559,S,0,35,0.0
D,314421,tap_burst,0.4559,S,0,35,0.0
D,314517,tap_burst,0.4559,S,0,35,0.0
D,314613,tap_burst,0.4559,S,0,35,0.0
D,314709,tap_burst,0.4559,S,0,35,0.0
D,314805,tap_burst,0.4558,S,0,35,0.0
D,314901,tap_burst,0.4558,S,0,35,0.0
D,314997,tap_burst,0.4558,S,0,35,0.0
D,315092,tap_burst,0.4558,S,0,35,0.0
D,315186,tap_burst,0.4558,S,0,35,0.0
D,315282,tap_burst,0.4558,S,0,35,0.0
D,315378,tap_burst,0.4558,S,0,35,0.0
D,315474,tap_burst,0.4558,S,0,35,0.0
D,315570,tap_burst,0.4558,S,0,35,0.0
D,315666,tap_burst,0.4558,S,0,35,0.0
D,315761,tap_burst,0.4558,S,0,35,0.0
D,315857,tap_burst,0.4558,S,0,35,0.0
D,315953,tap_burst,0.4559,S,0,35,0.0
D,316047,tap_burst,0.4559,S,0,35,0.0
D,316143,tap_burst,0.4559,S,0,35,0.0
D,316239,tap_burst,0.4559,S,0,35,0.0
D,316335,tap_burst,0.4559,S,0,35,0.0
D,316431,tap_burst,0.4559,S,0,35,0.0
D,316526,tap_burst,0.4559,S,0,35,0.0
D,316628,tap_burst,0.4559,S,0,35,0.0
D,316718,tap_burst,0.4559,S,0,35,0.0
D,316814,tap_burst,0.4559,S,0,35,0.0
D,316910,tap_burst,0.4559,S,0,35,0.0
D,317004,tap_burst,0.4559,S,0,35,0.0
D,317099,tap_burst,0.4559,S,0,35,0.0
D,317195,tap_burst,0.4560,S,0,35,0.0
D,317291,tap_burst,0.4560,S,0,35,0.0
D,317387,tap_burst,0.4560,S,0,35,0.0
D,317483,tap_burst,0.4560,S,0,35,0.0
D,317579,tap_burst,0.4560,S,0,35,0.0
D,317675,tap_burst,0.4560,S,0,35,0.0
D,317771,tap_burst,0.4560,S,0,35,0.0
D,317864,tap_burst,0.4560,S,0,35,0.0
D,317960,tap_burst,0.4560,S,0,35,0.0
D,318056,tap_burst,0.4560,S,0,35,0.0
D,318152,tap_burst,0.4560,S,0,35,0.0
D,318248,tap_burst,0.4560,S,0,35,0.0
D,318344,tap_burst,0.4561,S,0,35,0.0
D,318440,tap_burst,0.4561,S,0,35,0.0
D,318535,tap_burst,0.4561,S,0,35,0.0
D,318631,tap_burst,0.4561,S,0,35,0.0
D,318725,tap_burst,0.4561,S,0,35,0.0
D,318821,tap_burst,0.4561,S,0,35,0.0
D,318917,tap_burst,0.4561,S,0,35,0.0
D,319013,tap_burst,0.4561,S,0,35,0.0
D,319109,tap_burst,0.4561,S,0,35,0.0
D,319205,tap_burst,0.4561,S,0,35,0.0
D,319300,tap_burst,0.4561,S,0,35,0.0
D,319396,tap_burst,0.4561,S,0,35,0.0
D,319492,tap_burst,0.4562,S,0,35,0.0
D,319588,tap_burst,0.4562,S,0,35,0.0
D,319682,tap_burst,0.4562,S,0,35,0.0
D,319778,tap_burst,0.4562,S,0,35,0.0
D,319874,tap_burst,0.4562,S,0,35,0.0
D,319969,tap_burst,0.4562,S,0,35,0.0
D,320065,tap_burst,0.4562,S,0,35,0.0
D,320161,tap_burst,0.4562,S,0,35,0.0
D,320257,tap_burst,0.4562,S,0,35,0.0
E,320319,BURST,6
D,321021,tap_burst,0.4508,U,0,38,0.0
D,321116,tap_burst,0.4491,U,0,38,0.0
D,321212,tap_burst,0.4490,U,0,38,0.0
D,321308,tap_burst,0.4504,U,0,38,0.0
D,321402,tap_burst,0.4522,U,0,38,0.0
D,321498,tap_burst,0.4528,U,0,38,0.0
D,321594,tap_burst,0.4538,U,0,38,0.0
D,321689,tap_burst,0.4538,U,0,38,0.0
D,321785,tap_burst,0.4538,U,0,38,0.0
D,321881,tap_burst,0.4538,U,0,38,0.0
D,321977,tap_burst,0.4537,U,0,38,0.0
D,322073,tap_burst,0.4536,U,0,38,0.0
D,322169,tap_burst,0.4535,U,0,38,0.0
D,322265,tap_burst,0.4534,U,0,38,0.0
D,322358,tap_burst,0.4534,U,0,38,0.0
D,322454,tap_burst,0.4533,U,0,38,0.0
D,322550,tap_burst,0.4533,U,0,38,0.0
D,322646,tap_burst,0.4533,U,0,38,0.0
D,322742,tap_burst,0.4533,S,0,38,0.0
D,322838,tap_burst,0.4533,S,0,38,0.0
D,322934,tap_burst,0.4533,S,0,38,0.0
D,323029,tap_burst,0.4533,S,0,38,0.0
D,323126,tap_burst,0.4533,S,0,38,0.0
D,323219,tap_burst,0.4532,S,0,38,0.0
D,323315,tap_burst,0.4532,S,0,38,0.0
D,323411,tap_burst,0.4532,S,0,38,0.0
D,323507,tap_burst,0.4533,S,0,38,0.0
D,323603,tap_burst,0.4533,S,0,38,0.0
D,323699,tap_burst,0.4533,S,0,38,0.0
D,323794,tap_burst,0.4532,S,0,38,0.0
D,323890,tap_burst,0.4532,S,0,38,0.0
D,323986,tap_burst,0.4532,S,0,38,0.0
D,324080,tap_burst,0.4532,S,0,38,0.0
D,324176,tap_burst,0.4533,S,0,38,0.0
D,324272,tap_burst,0.4533,S,0,38,0.0
D,324368,tap_burst,0.4533,S,0,38,0.0
D,324463,tap_burst,0.4533,S,0,38,0.0
D,324559,tap_burst,0.4533,S,0,38,0.0
D,324655,tap_burst,0.4533,S,0,38,0.0
D,324751,tap_burst,0.4533,S,0,38,0.0
D,324847,tap_burst,0.4533,S,0,38,0.0
D,324943,tap_burst,0.4533,S,0,38,0.0
D,325037,tap_burst,0.4533,S,0,38,0.0
D,325133,tap_burst,0.4533,S,0,38,0.0
D,325228,tap_burst,0.4533,S,0,38,0.0
D,325324,tap_burst,0.4533,S,0,38,0.0
D,325420,tap_burst,0.4533,S,0,38,0.0
D,325516,tap_burst,0.4533,S,0,38,0.0
D,325612,tap_burst,0.4533,S,0,38,0.0
D,325708,tap_burst,0.4533,S,0,38,0.0
D,325804,tap_burst,0.4533,S,0,38,0.0
D,325897,tap_burst,0.4533,S,0,38,0.0
D,325994,tap_burst,0.4533,S,0,38,0.0
D,326089,tap_burst,0.4534,S,0,38,0.0
D,326185,tap_burst,0.4534,S,0,38,0.0
D,326281,tap_burst,0.4534,S,0,38,0.0
D,326377,tap_burst,0.4534,S,0,38,0.0
D,326473,tap_burst,0.4534,S,0,38,0.0
D,326569,tap_burst,0.4534,S,0,38,0.0
D,326664,tap_burst,0.4534,S,0,38,0.0
D,326758,tap_burst,0.4534,S,0,38,0.0
D,326854,tap_burst,0.4534,S,0,38,0.0
D,326950,tap_burst,0.4534,S,0,38,0.0
D,327046,tap_burst,0.4534,S,0,38,0.0
D,327142,tap_burst,0.4534,S,0,38,0.0
D,327238,tap_burst,0.4534,S,0,38,0.0
D,327333,tap_burst,0.4534,S,0,38,0.0
D,327429,tap_burst,0.4534,S,0,38,0.0
D,327525,tap_burst,0.4534,S,0,38,0.0
D,327621,tap_burst,0.4534,S,0,38,0.0
D,327715,tap_burst,0.4534,S,0,38,0.0
D,327811,tap_burst,0.4534,S,0,38,0.0
D,327907,tap_burst,0.4534,S,0,38,0.0
D,328003,tap_burst,0.4534,S,0,38,0.0
D,328098,tap_burst,0.4534,S,0,38,0.0
D,328194,tap_burst,0.4534,S,0,38,0.0
D,328290,tap_burst,0.4534,S,0,38,0.0
D,328386,tap_burst,0.4534,S,0,38,0.0
D,328482,tap_burst,0.4534,S,0,38,0.0
D,328576,tap_burst,0.4534,S,0,38,0.0
D,328672,tap_burst,0.4534,S,0,38,0.0
D,328767,tap_burst,0.4534,S,0,38,0.0
D,328863,tap_burst,0.4534,S,0,38,0.0
D,328959,tap_burst,0.4534,S,0,38,0.0
E,329021,BURST,7
D,329724,tap_burst,0.4534,S,0,41,0.0
D,329820,tap_burst,0.4534,S,0,41,0.0
D,329914,tap_burst,0.4611,U,0,41,0.0
D,330010,tap_burst,0.4645,U,0,41,0.0
D,330106,tap_burst,0.4675,U,0,41,0.0
D,330213,tap_burst,0.4703,U,0,41,0.0
D,330391,tap_burst,0.4772,U,0,41,0.0
D,330487,tap_burst,0.4801,U,0,41,0.0
D,330583,tap_burst,0.4817,U,0,41,0.0
D,330679,tap_burst,0.4821,U,0,41,0.0
D,330775,tap_burst,0.4821,U,0,41,0.0
D,330871,tap_burst,0.4819,U,0,41,0.0
D,330966,tap_burst,0.4818,U,0,41,0.0
D,331062,tap_burst,0.4818,U,0,41,0.0
D,331158,tap_burst,0.4819,U,0,41,0.0
D,331252,tap_burst,0.4819,U,0,41,0.0
D,331348,tap_burst,0.4820,U,0,41,0.0
D,331444,tap_burst,0.4821,U,0,41,0.0
D,331540,tap_burst,0.4821,U,0,41,0.0
D,331636,tap_burst,0.4822,U,0,41,0.0
D,331731,tap_burst,0.4822,U,0,41,0.0
D,331827,tap_burst,0.4822,U,0,41,0.0
D,331923,tap_burst,0.4822,S,0,41,0.0
D,332019,tap_burst,0.4822,S,0,41,0.0
D,332113,tap_burst,0.4822,S,0,41,0.0
D,332209,tap_burst,0.4822,S,0,41,0.0
D,332305,tap_burst,0.4822,S,0,41,0.0
D,332400,tap_burst,0.4822,S,0,41,0.0
D,332496,tap_burst,0.4822,S,0,41,0.0
D,332592,tap_burst,0.4821,S,0,41,0.0
D,332688,tap_burst,0.4821,S,0,41,0.0
D,332784,tap_burst,0.4821,S,0,41,0.0
D,332880,tap_burst,0.4820,U,0,41,0.0
D,332974,tap_burst,0.4820,U,0,41,0.0
D,333070,tap_burst,0.4820,S,0,41,0.0
D,333165,tap_burst,0.4820,S,0,41,0.0
D,333261,tap_burst,0.4820,S,0,41,0.0
D,333357,tap_burst,0.4820,S,0,41,0.0
D,333453,tap_burst,0.4820,S,0,41,0.0
D,333549,tap_burst,0.4819,S,0,41,0.0
D,333645,tap_burst,0.4819,S,0,41,0.0
D,333740,tap_burst,0.4818,U,0,41,0.0
D,333836,tap_burst,0.4817,U,0,41,0.0
D,333930,tap_burst,0.4817,U,0,41,0.0
D,334026,tap_burst,0.4817,U,0,41,0.0
D,334122,tap_burst,0.4816,U,0,41,0.0
D,334218,tap_burst,0.4816,U,0,41,0.0
D,334313,tap_burst,0.4816,S,0,41,0.0
D,334409,tap_burst,0.4816,S,0,41,0.0
D,334505,tap_burst,0.4815,U,0,41,0.0
D,334601,tap_burst,0.4815,S,0,41,0.0
D,334697,tap_burst,0.4815,S,0,41,0.0
D,334791,tap_burst,0.4815,S,0,41,0.0
D,334887,tap_burst,0.4815,S,0,41,0.0
D,334983,tap_burst,0.4815,S,0,41,0.0
D,335078,tap_burst,0.4815,S,0,41,0.0
D,335174,tap_burst,0.4814,S,0,41,0.0
D,335270,tap_burst,0.4814,S,0,41,0.0
D,335366,tap_burst,0.4814,S,0,41,0.0
D,335462,tap_burst,0.4814,S,0,41,0.0
D,335558,tap_burst,0.4813,U,0,41,0.0
D,335651,tap_burst,0.4813,S,0,41,0.0
D,335747,tap_burst,0.4813,S,0,41,0.0
D,335843,tap_burst,0.4813,S,0,41,0.0
D,335939,tap_burst,0.4813,S,0,41,0.0
D,336035,tap_burst,0.4813,S,0,41,0.0
D,336131,tap_burst,0.4812,S,0,41,0.0
D,336226,tap_burst,0.4812,S,0,41,0.0
D,336322,tap_burst,0.4812,S,0,41,0.0
D,336418,tap_burst,0.4812,S,0,41,0.0
D,336514,tap_burst,0.4812,S,0,41,0.0
D,336608,tap_burst,0.4812,S,0,41,0.0
D,336704,tap_burst,0.4812,S,0,41,0.0
D,336800,tap_burst,0.4812,S,0,41,0.0
D,336896,tap_burst,0.4812,S,0,41,0.0
D,336992,tap_burst,0.4812,S,0,41,0.0
D,337087,tap_burst,0.4812,S,0,41,0.0
D,337183,tap_burst,0.4812,S,0,41,0.0
D,337279,tap_burst,0.4812,S,0,41,0.0
D,337375,tap_burst,0.4812,S,0,41,0.0
D,337469,tap_burst,0.4812,S,0,41,0.0
D,337565,tap_burst,0.4812,S,0,41,0.0
D,337660,tap_burst,0.4812,S,0,41,0.0
E,337722,BURST,8
D,338425,tap_burst,0.4764,U,0,44,0.0
D,338520,tap_burst,0.4756,U,0,44,0.0
D,338616,tap_burst,0.4765,U,0,44,0.0
D,338712,tap_burst,0.4788,U,0,44,0.0
D,338808,tap_burst,0.4804,U,0,44,0.0
D,338904,tap_burst,0.4862,U,0,44,0.0
D,339000,tap_burst,0.4921,U,0,44,0.0
D,339095,tap_burst,0.4989,U,0,44,0.0
D,339191,tap_burst,0.5049,U,0,44,0.0
D,339285,tap_burst,0.5086,U,0,44,0.0
D,339381,tap_burst,0.5101,U,0,44,0.0
D,339477,tap_burst,0.5104,U,0,44,0.0
D,339573,tap_burst,0.5104,U,0,44,0.0
D,339669,tap_burst,0.5103,U,0,44,0.0
D,339764,tap_burst,0.5103,U,0,44,0.0
D,339860,tap_burst,0.5103,U,0,44,0.0
D,339956,tap_burst,0.5104,S,0,44,0.0
D,340052,tap_burst,0.5103,S,0,44,0.0
D,340146,tap_burst,0.5103,S,0,44,0.0
D,340242,tap_burst,0.5103,S,0,44,0.0
D,340337,tap_burst,0.5102,U,0,44,0.0
D,340433,tap_burst,0.5102,U,0,44,0.0
D,340529,tap_burst,0.5102,S,0,44,0.0
D,340625,tap_burst,0.5102,S,0,44,0.0
D,340721,tap_burst,0.5102,S,0,44,0.0
D,340817,tap_burst,0.5102,S,0,44,0.0
D,340913,tap_burst,0.5102,S,0,44,0.0
D,341007,tap_burst,0.5102,S,0,44,0.0
D,341103,tap_burst,0.5102,S,0,44,0.0
D,341198,tap_burst,0.5102,S,0,44,0.0
D,341294,tap_burst,0.5102,S,0,44,0.0
D,341390,tap_burst,0.5102,S,0,44,0.0
D,341486,tap_burst,0.5103,S,0,44,0.0
D,341582,tap_burst,0.5103,S,0,44,0.0
D,341678,tap_burst,0.5103,S,0,44,0.0
D,341773,tap_burst,0.5103,S,0,44,0.0
D,341869,tap_burst,0.5103,S,0,44,0.0
D,341963,tap_burst,0.5103,S,0,44,0.0
D,342059,tap_burst,0.5103,S,0,44,0.0
D,342155,tap_burst,0.5103,S,0,44,0.0
D,342251,tap_burst,0.5103,S,0,44,0.0
D,342347,tap_burst,0.5103,S,0,44,0.0
D,342443,tap_burst,0.5103,S,0,44,0.0
D,342539,tap_burst,0.5103,S,0,44,0.0
D,342634,tap_burst,0.5103,S,0,44,0.0
D,342730,tap_burst,0.5103,S,0,44,0.0
D,342824,tap_burst,0.5103,S,0,44,0.0
D,342920,tap_burst,0.5103,S,0,44,0.0
D,343016,tap_burst,0.5103,S,0,44,0.0
D,343112,tap_burst,0.5103,S,0,44,0.0
D,343208,tap_burst,0.5103,S,0,44,0.0
D,343310,tap_burst,0.5103,S,0,44,0.0
D,343400,tap_burst,0.5103,S,0,44,0.0
D,343495,tap_burst,0.5103,S,0,44,0.0
D,343591,tap_burst,0.5103,S,0,44,0.0
D,343685,tap_burst,0.5103,S,0,44,0.0
D,343781,tap_burst,0.5103,S,0,44,0.0
D,343877,tap_burst,0.5103,S,0,44,0.0
D,343972,tap_burst,0.5103,S,0,44,0.0
D,344069,tap_burst,0.5103,S,0,44,0.0
D,344164,tap_burst,0.5103,S,0,44,0.0
D,344260,tap_burst,0.5102,S,0,44,0.0
D,344356,tap_burst,0.5102,S,0,44,0.0
D,344451,tap_burst,0.5099,U,0,44,0.0
D,344547,tap_burst,0.5099,U,0,44,0.0
D,344641,tap_burst,0.5099,U,0,44,0.0
D,344737,tap_burst,0.5099,U,0,44,0.0
D,344833,tap_burst,0.5098,U,0,44,0.0
D,344928,tap_burst,0.5098,S,0,44,0.0
D,345024,tap_burst,0.5098,S,0,44,0.0
D,345120,tap_burst,0.5098,S,0,44,0.0
D,345216,tap_burst,0.5097,U,0,44,0.0
D,345312,tap_burst,0.5097,S,0,44,0.0
E,345374,BLOCK_END,tap_burst
E,345376,BLOCK_START,quiet_mid2
D,345408,quiet_mid2,0.5097,S,0,44,0.0
D,345502,quiet_mid2,0.5097,S,0,44,0.0
D,345597,quiet_mid2,0.5097,S,0,44,0.0
D,345693,quiet_mid2,0.5097,S,0,44,0.0
D,345789,quiet_mid2,0.5097,S,0,44,0.0
D,345885,quiet_mid2,0.5097,S,0,44,0.0
D,345981,quiet_mid2,0.5097,S,0,44,0.0
D,346077,quiet_mid2,0.5097,S,0,44,0.0
D,346173,quiet_mid2,0.5097,S,0,44,0.0
D,346268,quiet_mid2,0.5097,S,0,44,0.0
D,346362,quiet_mid2,0.5097,S,0,44,0.0
D,346458,quiet_mid2,0.5098,S,0,44,0.0
D,346554,quiet_mid2,0.5098,S,0,44,0.0
D,346650,quiet_mid2,0.5098,S,0,44,0.0
D,346746,quiet_mid2,0.5098,S,0,44,0.0
D,346842,quiet_mid2,0.5098,S,0,44,0.0
D,346938,quiet_mid2,0.5098,S,0,44,0.0
D,347033,quiet_mid2,0.5099,S,0,44,0.0
D,347129,quiet_mid2,0.5099,S,0,44,0.0
D,347225,quiet_mid2,0.5102,U,0,44,0.0
D,347318,quiet_mid2,0.5102,U,0,44,0.0
D,347414,quiet_mid2,0.5102,U,0,44,0.0
D,347510,quiet_mid2,0.5103,U,0,44,0.0
D,347606,quiet_mid2,0.5103,U,0,44,0.0
D,347702,quiet_mid2,0.5103,S,0,44,0.0
D,347798,quiet_mid2,0.5103,S,0,44,0.0
D,347894,quiet_mid2,0.5103,S,0,44,0.0
D,347990,quiet_mid2,0.5104,S,0,44,0.0
D,348085,quiet_mid2,0.5104,S,0,44,0.0
D,348179,quiet_mid2,0.5104,S,0,44,0.0
D,348275,quiet_mid2,0.5104,S,0,44,0.0
D,348371,quiet_mid2,0.5104,S,0,44,0.0
D,348467,quiet_mid2,0.5104,S,0,44,0.0
D,348563,quiet_mid2,0.5104,S,0,44,0.0
D,348658,quiet_mid2,0.5104,S,0,44,0.0
D,348754,quiet_mid2,0.5104,S,0,44,0.0
D,348850,quiet_mid2,0.5104,S,0,44,0.0
D,348946,quiet_mid2,0.5104,S,0,44,0.0
D,349040,quiet_mid2,0.5104,S,0,44,0.0
D,349136,quiet_mid2,0.5104,S,0,44,0.0
D,349232,quiet_mid2,0.5104,S,0,44,0.0
D,349327,quiet_mid2,0.5104,S,0,44,0.0
D,349423,quiet_mid2,0.5104,S,0,44,0.0
D,349519,quiet_mid2,0.5104,S,0,44,0.0
D,349615,quiet_mid2,0.5104,S,0,44,0.0
D,349711,quiet_mid2,0.5105,S,0,44,0.0
D,349807,quiet_mid2,0.5105,S,0,44,0.0
D,349903,quiet_mid2,0.5105,S,0,44,0.0
D,349997,quiet_mid2,0.5105,S,0,44,0.0
D,350092,quiet_mid2,0.5105,S,0,44,0.0
D,350188,quiet_mid2,0.5105,S,0,44,0.0
D,350284,quiet_mid2,0.5105,S,0,44,0.0
D,350380,quiet_mid2,0.5105,S,0,44,0.0
D,350476,quiet_mid2,0.5105,S,0,44,0.0
D,350572,quiet_mid2,0.5105,S,0,44,0.0
D,350668,quiet_mid2,0.5106,S,0,44,0.0
D,350763,quiet_mid2,0.5106,S,0,44,0.0
D,350857,quiet_mid2,0.5106,S,0,44,0.0
D,350953,quiet_mid2,0.5106,S,0,44,0.0
D,351049,quiet_mid2,0.5106,S,0,44,0.0
D,351145,quiet_mid2,0.5106,S,0,44,0.0
D,351241,quiet_mid2,0.5106,S,0,44,0.0
D,351337,quiet_mid2,0.5106,S,0,44,0.0
D,351433,quiet_mid2,0.5106,S,0,44,0.0
D,351528,quiet_mid2,0.5106,S,0,44,0.0
D,351624,quiet_mid2,0.5106,S,0,44,0.0
D,351718,quiet_mid2,0.5106,S,0,44,0.0
D,351814,quiet_mid2,0.5106,S,0,44,0.0
D,351910,quiet_mid2,0.5106,S,0,44,0.0
D,352006,quiet_mid2,0.5106,S,0,44,0.0
D,352102,quiet_mid2,0.5106,S,0,44,0.0
D,352197,quiet_mid2,0.5106,S,0,44,0.0
D,352293,quiet_mid2,0.5106,S,0,44,0.0
D,352389,quiet_mid2,0.5106,S,0,44,0.0
D,352485,quiet_mid2,0.5106,S,0,44,0.0
D,352581,quiet_mid2,0.5106,S,0,44,0.0
D,352675,quiet_mid2,0.5106,S,0,44,0.0
D,352771,quiet_mid2,0.5106,S,0,44,0.0
D,352867,quiet_mid2,0.5106,S,0,44,0.0
D,352962,quiet_mid2,0.5106,S,0,44,0.0
D,353058,quiet_mid2,0.5106,S,0,44,0.0
D,353154,quiet_mid2,0.5106,S,0,44,0.0
D,353250,quiet_mid2,0.5106,S,0,44,0.0
D,353346,quiet_mid2,0.5106,S,0,44,0.0
D,353442,quiet_mid2,0.5106,S,0,44,0.0
D,353535,quiet_mid2,0.5106,S,0,44,0.0
D,353630,quiet_mid2,0.5109,U,0,44,0.0
D,353726,quiet_mid2,0.5110,U,0,44,0.0
D,353822,quiet_mid2,0.5110,U,0,44,0.0
D,353918,quiet_mid2,0.5111,U,0,44,0.0
D,354014,quiet_mid2,0.5112,U,0,44,0.0
D,354110,quiet_mid2,0.5113,U,0,44,0.0
D,354205,quiet_mid2,0.5113,U,0,44,0.0
D,354301,quiet_mid2,0.5114,U,0,44,0.0
D,354395,quiet_mid2,0.5115,U,0,44,0.0
D,354491,quiet_mid2,0.5116,U,0,44,0.0
D,354587,quiet_mid2,0.5116,U,0,44,0.0
D,354683,quiet_mid2,0.5117,U,0,44,0.0
D,354779,quiet_mid2,0.5118,U,0,44,0.0
D,354875,quiet_mid2,0.5119,U,0,44,0.0
D,354970,quiet_mid2,0.5119,U,0,44,0.0
D,355066,quiet_mid2,0.5120,U,0,44,0.0
D,355162,quiet_mid2,0.5121,U,0,44,0.0
D,355258,quiet_mid2,0.5121,U,0,44,0.0
D,355352,quiet_mid2,0.5122,U,0,44,0.0
D,355447,quiet_mid2,0.5122,U,0,44,0.0
D,355543,quiet_mid2,0.5123,U,0,44,0.0
D,355650,quiet_mid2,0.5123,U,0,44,0.0
D,355831,quiet_mid2,0.5124,U,0,44,0.0
D,355927,quiet_mid2,0.5124,U,0,44,0.0
D,356023,quiet_mid2,0.5124,S,0,44,0.0
D,356119,quiet_mid2,0.5124,S,0,44,0.0
D,356212,quiet_mid2,0.5124,S,0,44,0.0
D,356308,quiet_mid2,0.5124,S,0,44,0.0
D,356404,quiet_mid2,0.5124,S,0,44,0.0
D,356500,quiet_mid2,0.5124,S,0,44,0.0
D,356596,quiet_mid2,0.5123,S,0,44,0.0
D,356691,quiet_mid2,0.5123,S,0,44,0.0
D,356787,quiet_mid2,0.5123,S,0,44,0.0
D,356883,quiet_mid2,0.5123,S,0,44,0.0
D,356979,quiet_mid2,0.5123,S,0,44,0.0
D,357073,quiet_mid2,0.5123,S,0,44,0.0
D,357169,quiet_mid2,0.5123,S,0,44,0.0
D,357265,quiet_mid2,0.5123,S,0,44,0.0
D,357360,quiet_mid2,0.5123,S,0,44,0.0
D,357456,quiet_mid2,0.5123,S,0,44,0.0
D,357552,quiet_mid2,0.5123,S,0,44,0.0
D,357648,quiet_mid2,0.5123,S,0,44,0.0
D,357744,quiet_mid2,0.5123,S,0,44,0.0
D,357840,quiet_mid2,0.5123,S,0,44,0.0
D,357936,quiet_mid2,0.5123,S,0,44,0.0
D,358030,quiet_mid2,0.5123,S,0,44,0.0
D,358125,quiet_mid2,0.5123,S,0,44,0.0
D,358221,quiet_mid2,0.5123,S,0,44,0.0
D,358317,quiet_mid2,0.5123,S,0,44,0.0
D,358413,quiet_mid2,0.5123,S,0,44,0.0
D,358509,quiet_mid2,0.5123,S,0,44,0.0
D,358605,quiet_mid2,0.5123,S,0,44,0.0
D,358701,quiet_mid2,0.5123,S,0,44,0.0
D,358797,quiet_mid2,0.5123,S,0,44,0.0
D,358890,quiet_mid2,0.5123,S,0,44,0.0
D,358986,quiet_mid2,0.5123,S,0,44,0.0
D,359082,quiet_mid2,0.5123,S,0,44,0.0
D,359178,quiet_mid2,0.5123,S,0,44,0.0
D,359274,quiet_mid2,0.5123,S,0,44,0.0
D,359370,quiet_mid2,0.5123,S,0,44,0.0
D,359466,quiet_mid2,0.5123,S,0,44,0.0
D,359561,quiet_mid2,0.5123,S,0,44,0.0
D,359657,quiet_mid2,0.5123,S,0,44,0.0
D,359751,quiet_mid2,0.5123,S,0,44,0.0
D,359847,quiet_mid2,0.5123,S,0,44,0.0
D,359943,quiet_mid2,0.5122,S,0,44,0.0
D,360039,quiet_mid2,0.5122,S,0,44,0.0
D,360135,quiet_mid2,0.5122,S,0,44,0.0
D,360231,quiet_mid2,0.5122,S,0,44,0.0
D,360326,quiet_mid2,0.5122,S,0,44,0.0
D,360422,quiet_mid2,0.5122,S,0,44,0.0
D,360518,quiet_mid2,0.5122,S,0,44,0.0
D,360614,quiet_mid2,0.5122,S,0,44,0.0
D,360708,quiet_mid2,0.5122,S,0,44,0.0
D,360804,quiet_mid2,0.5122,S,0,44,0.0
D,360899,quiet_mid2,0.5122,S,0,44,0.0
D,360996,quiet_mid2,0.5122,S,0,44,0.0
D,361091,quiet_mid2,0.5122,S,0,44,0.0
D,361187,quiet_mid2,0.5122,S,0,44,0.0
D,361283,quiet_mid2,0.5122,S,0,44,0.0
D,361379,quiet_mid2,0.5122,S,0,44,0.0
D,361475,quiet_mid2,0.5122,S,0,44,0.0
D,361568,quiet_mid2,0.5122,S,0,44,0.0
D,361665,quiet_mid2,0.5122,S,0,44,0.0
D,361760,quiet_mid2,0.5122,S,0,44,0.0
D,361856,quiet_mid2,0.5122,S,0,44,0.0
D,361952,quiet_mid2,0.5122,S,0,44,0.0
D,362048,quiet_mid2,0.5122,S,0,44,0.0
D,362144,quiet_mid2,0.5122,S,0,44,0.0
D,362240,quiet_mid2,0.5122,S,0,44,0.0
D,362334,quiet_mid2,0.5117,U,0,44,0.0
D,362428,quiet_mid2,0.5117,U,0,44,0.0
D,362524,quiet_mid2,0.5117,U,0,44,0.0
D,362620,quiet_mid2,0.5116,U,0,44,0.0
D,362716,quiet_mid2,0.5116,U,0,44,0.0
D,362812,quiet_mid2,0.5116,S,0,44,0.0
D,362907,quiet_mid2,0.5116,S,0,44,0.0
D,363003,quiet_mid2,0.5116,S,0,44,0.0
D,363099,quiet_mid2,0.5117,S,0,44,0.0
D,363195,quiet_mid2,0.5117,S,0,44,0.0
D,363291,quiet_mid2,0.5117,S,0,44,0.0
D,363385,quiet_mid2,0.5117,S,0,44,0.0
D,363481,quiet_mid2,0.5117,S,0,44,0.0
D,363576,quiet_mid2,0.5117,S,0,44,0.0
D,363672,quiet_mid2,0.5117,S,0,44,0.0
D,363768,quiet_mid2,0.5117,S,0,44,0.0
D,363864,quiet_mid2,0.5117,S,0,44,0.0
D,363960,quiet_mid2,0.5117,S,0,44,0.0
D,364056,quiet_mid2,0.5117,S,0,44,0.0
D,364152,quiet_mid2,0.5117,S,0,44,0.0
D,364245,quiet_mid2,0.5117,S,0,44,0.0
D,364342,quiet_mid2,0.5118,S,0,44,0.0
D,364437,quiet_mid2,0.5118,S,0,44,0.0
D,364533,quiet_mid2,0.5118,S,0,44,0.0
D,364629,quiet_mid2,0.5118,S,0,44,0.0
D,364725,quiet_mid2,0.5118,S,0,44,0.0
D,364821,quiet_mid2,0.5117,S,0,44,0.0
D,364917,quiet_mid2,0.5117,S,0,44,0.0
D,365012,quiet_mid2,0.5117,S,0,44,0.0
D,365106,quiet_mid2,0.5117,S,0,44,0.0
D,365202,quiet_mid2,0.5117,S,0,44,0.0
D,365298,quiet_mid2,0.5117,S,0,44,0.0
D,365394,quiet_mid2,0.5117,S,0,44,0.0
D,365490,quiet_mid2,0.5117,S,0,44,0.0
D,365586,quiet_mid2,0.5117,S,0,44,0.0
D,365681,quiet_mid2,0.5117,S,0,44,0.0
D,365778,quiet_mid2,0.5117,S,0,44,0.0
D,365873,quiet_mid2,0.5117,S,0,44,0.0
D,365969,quiet_mid2,0.5117,S,0,44,0.0
D,366062,quiet_mid2,0.5113,U,0,44,0.0
D,366158,quiet_mid2,0.5113,U,0,44,0.0
D,366254,quiet_mid2,0.5113,U,0,44,0.0
D,366350,quiet_mid2,0.5112,U,0,44,0.0
D,366446,quiet_mid2,0.5112,U,0,44,0.0
D,366542,quiet_mid2,0.5112,S,0,44,0.0
D,366637,quiet_mid2,0.5111,U,0,44,0.0
D,366733,quiet_mid2,0.5111,U,0,44,0.0
D,366829,quiet_mid2,0.5111,S,0,44,0.0
D,366923,quiet_mid2,0.5110,U,0,44,0.0
D,367019,quiet_mid2,0.5110,U,0,44,0.0
D,367115,quiet_mid2,0.5110,S,0,44,0.0
D,367211,quiet_mid2,0.5109,U,0,44,0.0
D,367306,quiet_mid2,0.5109,U,0,44,0.0
D,367402,quiet_mid2,0.5109,S,0,44,0.0
D,367498,quiet_mid2,0.5109,S,0,44,0.0
D,367594,quiet_mid2,0.5108,U,0,44,0.0
D,367690,quiet_mid2,0.5108,S,0,44,0.0
D,367784,quiet_mid2,0.5108,S,0,44,0.0
D,367879,quiet_mid2,0.5108,S,0,44,0.0
D,367975,quiet_mid2,0.5108,S,0,44,0.0
D,368082,quiet_mid2,0.5108,S,0,44,0.0
D,368263,quiet_mid2,0.5107,S,0,44,0.0
D,368359,quiet_mid2,0.5107,S,0,44,0.0
D,368454,quiet_mid2,0.5107,S,0,44,0.0
D,368551,quiet_mid2,0.5107,S,0,44,0.0
D,368646,quiet_mid2,0.5106,S,0,44,0.0
D,368740,quiet_mid2,0.5106,S,0,44,0.0
D,368836,quiet_mid2,0.5106,S,0,44,0.0
D,368932,quiet_mid2,0.5106,S,0,44,0.0
D,369028,quiet_mid2,0.5106,S,0,44,0.0
D,369124,quiet_mid2,0.5106,S,0,44,0.0
D,369220,quiet_mid2,0.5106,S,0,44,0.0
D,369315,quiet_mid2,0.5106,S,0,44,0.0
D,369411,quiet_mid2,0.5106,S,0,44,0.0
D,369507,quiet_mid2,0.5106,S,0,44,0.0
D,369601,quiet_mid2,0.5105,S,0,44,0.0
D,369697,quiet_mid2,0.5105,S,0,44,0.0
D,369793,quiet_mid2,0.5105,S,0,44,0.0
D,369888,quiet_mid2,0.5105,S,0,44,0.0
D,369985,quiet_mid2,0.5105,S,0,44,0.0
D,370080,quiet_mid2,0.5105,S,0,44,0.0
D,370176,quiet_mid2,0.5105,S,0,44,0.0
D,370272,quiet_mid2,0.5105,S,0,44,0.0
D,370368,quiet_mid2,0.5105,S,0,44,0.0
D,370462,quiet_mid2,0.5105,S,0,44,0.0
D,370557,quiet_mid2,0.5105,S,0,44,0.0
D,370653,quiet_mid2,0.5105,S,0,44,0.0
D,370749,quiet_mid2,0.5105,S,0,44,0.0
D,370845,quiet_mid2,0.5105,S,0,44,0.0
D,370941,quiet_mid2,0.5105,S,0,44,0.0
D,371037,quiet_mid2,0.5105,S,0,44,0.0
D,371133,quiet_mid2,0.5105,S,0,44,0.0
D,371229,quiet_mid2,0.5105,S,0,44,0.0
D,371322,quiet_mid2,0.5105,S,0,44,0.0
D,371419,quiet_mid2,0.5105,S,0,44,0.0
D,371514,quiet_mid2,0.5105,S,0,44,0.0
D,371610,quiet_mid2,0.5104,S,0,44,0.0
D,371706,quiet_mid2,0.5104,S,0,44,0.0
D,371802,quiet_mid2,0.5104,S,0,44,0.0
D,371898,quiet_mid2,0.5104,S,0,44,0.0
D,371994,quiet_mid2,0.5104,S,0,44,0.0
D,372089,quiet_mid2,0.5104,S,0,44,0.0
D,372185,quiet_mid2,0.5104,S,0,44,0.0
D,372279,quiet_mid2,0.5104,S,0,44,0.0
D,372375,quiet_mid2,0.5104,S,0,44,0.0
D,372471,quiet_mid2,0.5104,S,0,44,0.0
D,372567,quiet_mid2,0.5104,S,0,44,0.0
D,372663,quiet_mid2,0.5104,S,0,44,0.0
D,372758,quiet_mid2,0.5104,S,0,44,0.0
D,372854,quiet_mid2,0.5104,S,0,44,0.0
D,372950,quiet_mid2,0.5104,S,0,44,0.0
D,373046,quiet_mid2,0.5104,S,0,44,0.0
D,373140,quiet_mid2,0.5104,S,0,44,0.0
D,373236,quiet_mid2,0.5104,S,0,44,0.0
D,373332,quiet_mid2,0.5104,S,0,44,0.0
D,373427,quiet_mid2,0.5103,S,0,44,0.0
D,373524,quiet_mid2,0.5103,S,0,44,0.0
D,373619,quiet_mid2,0.5103,S,0,44,0.0
D,373715,quiet_mid2,0.5103,S,0,44,0.0
D,373811,quiet_mid2,0.5103,S,0,44,0.0
D,373907,quiet_mid2,0.5103,S,0,44,0.0
D,374001,quiet_mid2,0.5103,S,0,44,0.0
D,374096,quiet_mid2,0.5103,S,0,44,0.0
D,374192,quiet_mid2,0.5103,S,0,44,0.0
D,374288,quiet_mid2,0.5103,S,0,44,0.0
D,374384,quiet_mid2,0.5103,S,0,44,0.0
D,374480,quiet_mid2,0.5103,S,0,44,0.0
D,374576,quiet_mid2,0.5103,S,0,44,0.0
D,374672,quiet_mid2,0.5103,S,0,44,0.0
D,374767,quiet_mid2,0.5103,S,0,44,0.0
D,374863,quiet_mid2,0.5103,S,0,44,0.0
D,374957,quiet_mid2,0.5102,S,0,44,0.0
D,375053,quiet_mid2,0.5102,S,0,44,0.0
D,375149,quiet_mid2,0.5102,S,0,44,0.0
D,375245,quiet_mid2,0.5102,S,0,44,0.0
D,375341,quiet_mid2,0.5102,S,0,44,0.0
E,375403,BLOCK_END,quiet_mid2
E,375406,BLOCK_START,auger15_p1
D,375542,auger15_p1,0.5102,S,15,44,0.0
D,375724,auger15_p1,0.5102,S,15,44,0.0
D,375818,auger15_p1,0.5102,S,15,44,0.0
D,375914,auger15_p1,0.5102,S,15,44,0.0
D,376008,auger15_p1,0.5012,U,15,44,0.0
D,376104,auger15_p1,0.4927,U,15,44,0.0
D,376200,auger15_p1,0.4836,U,15,44,0.0
D,376296,auger15_p1,0.4773,U,15,44,0.0
D,376392,auger15_p1,0.4756,U,15,44,0.0
D,376487,auger15_p1,0.4779,U,15,44,0.0
D,376583,auger15_p1,0.4825,U,15,44,0.0
D,376679,auger15_p1,0.4880,U,15,44,0.0
D,376773,auger15_p1,0.4935,U,15,44,0.0
D,376869,auger15_p1,0.4984,U,15,44,0.0
D,376965,auger15_p1,0.5030,U,15,44,0.0
D,377060,auger15_p1,0.5082,U,15,44,0.0
D,377156,auger15_p1,0.5144,U,15,44,0.0
D,377252,auger15_p1,0.5211,U,15,44,0.0
D,377348,auger15_p1,0.5276,U,15,44,0.0
D,377444,auger15_p1,0.5332,U,15,44,0.0
D,377539,auger15_p1,0.5377,U,15,44,0.0
D,377633,auger15_p1,0.5413,U,15,44,0.0
D,377729,auger15_p1,0.5441,U,15,44,0.0
D,377825,auger15_p1,0.5462,U,15,44,0.0
D,377921,auger15_p1,0.5482,U,15,44,0.0
D,378017,auger15_p1,0.5507,U,15,44,0.0
D,378113,auger15_p1,0.5537,U,15,44,0.0
D,378209,auger15_p1,0.5568,U,15,44,0.0
D,378304,auger15_p1,0.5595,U,15,44,0.0
D,378400,auger15_p1,0.5616,U,15,44,0.0
D,378494,auger15_p1,0.5639,U,15,44,0.0
D,378590,auger15_p1,0.5675,U,15,44,0.0
D,378686,auger15_p1,0.5729,U,15,44,0.0
D,378782,auger15_p1,0.5799,U,15,44,0.0
D,378877,auger15_p1,0.5880,U,15,44,0.0
D,378973,auger15_p1,0.5969,U,15,44,0.0
D,379069,auger15_p1,0.6066,U,15,44,0.0
D,379165,auger15_p1,0.6174,U,15,44,0.0
D,379261,auger15_p1,0.6289,U,15,44,0.0
D,379355,auger15_p1,0.6412,U,15,44,0.0
D,379451,auger15_p1,0.6545,U,15,44,0.0
D,379546,auger15_p1,0.6693,U,15,44,0.0
D,379642,auger15_p1,0.6853,U,15,44,0.0
D,379738,auger15_p1,0.7017,U,15,44,0.0
D,379834,auger15_p1,0.7178,U,15,44,0.0
D,379930,auger15_p1,0.7337,U,15,44,0.0
D,380026,auger15_p1,0.7493,U,15,44,0.0
D,380128,auger15_p1,0.7641,U,15,44,0.0
D,380218,auger15_p1,0.7771,U,15,44,0.0
D,380311,auger15_p1,0.7873,U,15,44,0.0
D,380407,auger15_p1,0.7946,U,15,44,0.0
D,380503,auger15_p1,0.7995,U,15,44,0.0
D,380599,auger15_p1,0.8031,U,15,44,0.0
D,380694,auger15_p1,0.8067,U,15,44,0.0
D,380790,auger15_p1,0.8105,U,15,44,0.0
D,380886,auger15_p1,0.8143,U,15,44,0.0
D,380982,auger15_p1,0.8177,U,15,44,0.0
D,381078,auger15_p1,0.8211,U,15,44,0.0
D,381172,auger15_p1,0.8246,U,15,44,0.0
D,381268,auger15_p1,0.8279,U,15,44,0.0
D,381363,auger15_p1,0.8299,U,15,44,0.0
D,381459,auger15_p1,0.8297,U,15,44,0.0
D,381555,auger15_p1,0.8278,U,15,44,0.0
D,381651,auger15_p1,0.8262,U,15,44,0.0
D,381747,auger15_p1,0.8276,U,15,44,0.0
D,381843,auger15_p1,0.8301,U,15,44,0.0
D,381938,auger15_p1,0.8404,U,15,44,0.0
D,382032,auger15_p1,0.8484,U,15,44,0.0
D,382128,auger15_p1,0.8550,U,15,44,0.0
D,382224,auger15_p1,0.8602,U,15,44,0.0
D,382320,auger15_p1,0.8653,U,15,44,0.0
D,382416,auger15_p1,0.8720,U,15,44,0.0
D,382510,auger15_p1,0.8800,U,15,44,0.0
D,382607,auger15_p1,0.8885,U,15,44,0.0
D,382703,auger15_p1,0.8967,U,15,44,0.0
D,382799,auger15_p1,0.9052,U,15,44,0.0
D,382895,auger15_p1,0.9149,U,15,44,0.0
D,382989,auger15_p1,0.9262,U,15,44,0.0
D,383085,auger15_p1,0.9385,U,15,44,0.0
D,383180,auger15_p1,0.9514,U,15,44,0.0
D,383276,auger15_p1,0.9656,U,15,44,0.0
D,383372,auger15_p1,0.9816,U,15,44,0.0
D,383468,auger15_p1,0.9987,U,15,44,0.0
D,383564,auger15_p1,1.0154,U,15,44,0.0
D,383660,auger15_p1,1.0307,U,15,44,0.0
D,383755,auger15_p1,1.0453,U,15,44,0.0
D,383849,auger15_p1,1.0602,U,15,44,0.0
D,383945,auger15_p1,1.0756,U,15,44,0.0
D,384041,auger15_p1,1.0914,U,15,44,0.0
D,384137,auger15_p1,1.1067,U,15,44,0.0
D,384233,auger15_p1,1.1201,U,15,44,0.0
D,384329,auger15_p1,1.1308,U,15,44,0.0
D,384424,auger15_p1,1.1388,U,15,44,0.0
D,384520,auger15_p1,1.1450,U,15,44,0.0
D,384616,auger15_p1,1.1503,U,15,44,0.0
D,384710,auger15_p1,1.1550,U,15,44,0.0
D,384806,auger15_p1,1.1594,U,15,44,0.0
D,384902,auger15_p1,1.1634,U,15,44,0.0
D,384997,auger15_p1,1.1668,U,15,44,0.0
D,385093,auger15_p1,1.1691,U,15,44,0.0
D,385189,auger15_p1,1.1705,U,15,44,0.0
D,385285,auger15_p1,1.1712,U,15,44,0.0
D,385381,auger15_p1,1.1716,U,15,44,0.0
D,385477,auger15_p1,1.1717,U,15,44,0.0
D,385573,auger15_p1,1.1718,U,15,44,0.0
D,385666,auger15_p1,1.1726,U,15,44,0.0
D,385762,auger15_p1,1.1737,U,15,44,0.0
D,385858,auger15_p1,1.1792,U,15,44,0.0
D,385954,auger15_p1,1.1855,U,15,44,0.0
D,386050,auger15_p1,1.1933,U,15,44,0.0
D,386146,auger15_p1,1.2013,U,15,44,0.0
D,386241,auger15_p1,1.2087,U,15,44,0.0
D,386337,auger15_p1,1.2152,U,15,44,0.0
D,386433,auger15_p1,1.2211,U,15,44,0.0
D,386527,auger15_p1,1.2273,U,15,44,0.0
D,386623,auger15_p1,1.2345,U,15,44,0.0
D,386719,auger15_p1,1.2431,U,15,44,0.0
D,386815,auger15_p1,1.2526,U,15,44,0.0
D,386911,auger15_p1,1.2627,U,15,44,0.0
D,387006,auger15_p1,1.2731,U,15,44,0.0
D,387102,auger15_p1,1.2837,U,15,44,0.0
D,387198,auger15_p1,1.2947,U,15,44,0.0
D,387294,auger15_p1,1.3066,U,15,44,0.0
D,387388,auger15_p1,1.3198,U,15,44,0.0
D,387483,auger15_p1,1.3345,U,15,44,0.0
D,387579,auger15_p1,1.3508,U,15,44,0.0
D,387675,auger15_p1,1.3689,U,15,44,0.0
D,387771,auger15_p1,1.3890,U,15,44,0.0
D,387867,auger15_p1,1.4102,U,15,44,0.0
D,387963,auger15_p1,1.4311,U,15,44,0.0
D,388059,auger15_p1,1.4497,U,15,44,0.0
D,388154,auger15_p1,1.4644,U,15,44,0.0
D,388250,auger15_p1,1.4744,U,15,44,0.0
D,388344,auger15_p1,1.4803,U,15,44,0.0
D,388440,auger15_p1,1.4834,U,15,44,0.0
D,388536,auger15_p1,1.4857,U,15,44,0.0
D,388632,auger15_p1,1.4887,U,15,44,0.0
D,388728,auger15_p1,1.4932,U,15,44,0.0
D,388823,auger15_p1,1.4986,U,15,44,0.0
D,388919,auger15_p1,1.5036,U,15,44,0.0
D,389015,auger15_p1,1.5076,U,15,44,0.0
D,389111,auger15_p1,1.5109,U,15,44,0.0
D,389205,auger15_p1,1.5142,U,15,44,0.0
D,389301,auger15_p1,1.5173,U,15,44,0.0
D,389397,auger15_p1,1.5197,U,15,44,0.0
D,389492,auger15_p1,1.5205,U,15,44,0.0
D,389588,auger15_p1,1.5197,U,15,44,0.0
D,389684,auger15_p1,1.5183,U,15,44,0.0
D,389780,auger15_p1,1.5176,U,15,44,0.0
D,389876,auger15_p1,1.5183,U,15,44,0.0
D,389972,auger15_p1,1.5198,U,15,44,0.0
D,390065,auger15_p1,1.5286,U,15,44,0.0
D,390161,auger15_p1,1.5349,U,15,44,0.0
D,390257,auger15_p1,1.5411,U,15,44,0.0
D,390353,auger15_p1,1.5477,U,15,44,0.0
E,390417,BLOCK_END,auger15_p1
E,390418,BLOCK_START,post_auger15_p1
D,390449,post_auger15_p1,1.5552,U,0,44,0.0
D,390545,post_auger15_p1,1.5636,U,0,44,0.0
D,390640,post_auger15_p1,1.5724,U,0,44,0.0
D,390736,post_auger15_p1,1.5812,U,0,44,0.0
D,390832,post_auger15_p1,1.5904,U,0,44,0.0
D,390928,post_auger15_p1,1.6003,U,0,44,0.0
D,391022,post_auger15_p1,1.6109,U,0,44,0.0
D,391118,post_auger15_p1,1.6218,U,0,44,0.0
D,391213,post_auger15_p1,1.6320,U,0,44,0.0
D,391309,post_auger15_p1,1.6404,U,0,44,0.0
D,391405,post_auger15_p1,1.6462,U,0,44,0.0
D,391501,post_auger15_p1,1.6495,U,0,44,0.0
D,391602,post_auger15_p1,1.6509,U,0,44,0.0
D,391693,post_auger15_p1,1.6514,U,0,44,0.0
D,391789,post_auger15_p1,1.6517,U,0,44,0.0
D,391883,post_auger15_p1,1.6519,U,0,44,0.0
D,391978,post_auger15_p1,1.6522,U,0,44,0.0
D,392074,post_auger15_p1,1.6524,U,0,44,0.0
D,392170,post_auger15_p1,1.6524,U,0,44,0.0
D,392266,post_auger15_p1,1.6524,U,0,44,0.0
D,392362,post_auger15_p1,1.6525,U,0,44,0.0
D,392458,post_auger15_p1,1.6525,U,0,44,0.0
D,392553,post_auger15_p1,1.6525,S,0,44,0.0
D,392649,post_auger15_p1,1.6525,S,0,44,0.0
D,392743,post_auger15_p1,1.6525,S,0,44,0.0
D,392839,post_auger15_p1,1.6524,S,0,44,0.0
D,392935,post_auger15_p1,1.6524,S,0,44,0.0
D,393031,post_auger15_p1,1.6524,S,0,44,0.0
D,393127,post_auger15_p1,1.6523,U,0,44,0.0
D,393222,post_auger15_p1,1.6523,U,0,44,0.0
D,393318,post_auger15_p1,1.6522,U,0,44,0.0
D,393414,post_auger15_p1,1.6522,U,0,44,0.0
D,393510,post_auger15_p1,1.6522,U,0,44,0.0
D,393606,post_auger15_p1,1.6522,S,0,44,0.0
D,393700,post_auger15_p1,1.6521,U,0,44,0.0
D,393796,post_auger15_p1,1.6521,S,0,44,0.0
D,393892,post_auger15_p1,1.6521,S,0,44,0.0
D,393987,post_auger15_p1,1.6520,U,0,44,0.0
D,394083,post_auger15_p1,1.6520,U,0,44,0.0
D,394179,post_auger15_p1,1.6520,S,0,44,0.0
D,394275,post_auger15_p1,1.6519,U,0,44,0.0
D,394371,post_auger15_p1,1.6519,U,0,44,0.0
D,394467,post_auger15_p1,1.6518,U,0,44,0.0
D,394560,post_auger15_p1,1.6517,U,0,44,0.0
D,394657,post_auger15_p1,1.6517,U,0,44,0.0
D,394752,post_auger15_p1,1.6516,U,0,44,0.0
D,394848,post_auger15_p1,1.6516,U,0,44,0.0
D,394944,post_auger15_p1,1.6516,U,0,44,0.0
D,395040,post_auger15_p1,1.6515,U,0,44,0.0
D,395136,post_auger15_p1,1.6515,U,0,44,0.0
D,395231,post_auger15_p1,1.6515,S,0,44,0.0
D,395327,post_auger15_p1,1.6515,S,0,44,0.0
D,395421,post_auger15_p1,1.6515,S,0,44,0.0
D,395517,post_auger15_p1,1.6515,S,0,44,0.0
D,395613,post_auger15_p1,1.6514,S,0,44,0.0
D,395709,post_auger15_p1,1.6514,S,0,44,0.0
D,395805,post_auger15_p1,1.6514,S,0,44,0.0
D,395900,post_auger15_p1,1.6514,S,0,44,0.0
D,395996,post_auger15_p1,1.6514,S,0,44,0.0
D,396092,post_auger15_p1,1.6514,S,0,44,0.0
D,396188,post_auger15_p1,1.6515,S,0,44,0.0
D,396284,post_auger15_p1,1.6515,S,0,44,0.0
D,396378,post_auger15_p1,1.6515,S,0,44,0.0
D,396473,post_auger15_p1,1.6515,S,0,44,0.0
D,396570,post_auger15_p1,1.6515,S,0,44,0.0
D,396665,post_auger15_p1,1.6515,S,0,44,0.0
D,396761,post_auger15_p1,1.6515,S,0,44,0.0
D,396857,post_auger15_p1,1.6515,S,0,44,0.0
D,396953,post_auger15_p1,1.6515,S,0,44,0.0
D,397049,post_auger15_p1,1.6515,S,0,44,0.0
D,397145,post_auger15_p1,1.6515,S,0,44,0.0
D,397238,post_auger15_p1,1.6515,S,0,44,0.0
D,397334,post_auger15_p1,1.6515,S,0,44,0.0
D,397430,post_auger15_p1,1.6515,S,0,44,0.0
D,397526,post_auger15_p1,1.6514,S,0,44,0.0
D,397622,post_auger15_p1,1.6514,S,0,44,0.0
D,397718,post_auger15_p1,1.6514,S,0,44,0.0
D,397814,post_auger15_p1,1.6514,S,0,44,0.0
D,397909,post_auger15_p1,1.6514,S,0,44,0.0
D,398005,post_auger15_p1,1.6514,S,0,44,0.0
D,398099,post_auger15_p1,1.6514,S,0,44,0.0
D,398195,post_auger15_p1,1.6514,S,0,44,0.0
D,398291,post_auger15_p1,1.6514,S,0,44,0.0
D,398387,post_auger15_p1,1.6514,S,0,44,0.0
D,398483,post_auger15_p1,1.6514,S,0,44,0.0
D,398579,post_auger15_p1,1.6514,S,0,44,0.0
D,398674,post_auger15_p1,1.6514,S,0,44,0.0
D,398770,post_auger15_p1,1.6514,S,0,44,0.0
D,398866,post_auger15_p1,1.6513,S,0,44,0.0
D,398962,post_auger15_p1,1.6513,S,0,44,0.0
D,399056,post_auger15_p1,1.6513,S,0,44,0.0
D,399152,post_auger15_p1,1.6513,S,0,44,0.0
D,399248,post_auger15_p1,1.6513,S,0,44,0.0
D,399344,post_auger15_p1,1.6513,S,0,44,0.0
D,399439,post_auger15_p1,1.6513,S,0,44,0.0
D,399535,post_auger15_p1,1.6513,S,0,44,0.0
D,399631,post_auger15_p1,1.6513,S,0,44,0.0
D,399727,post_auger15_p1,1.6513,S,0,44,0.0
D,399823,post_auger15_p1,1.6513,S,0,44,0.0
D,399917,post_auger15_p1,1.6513,S,0,44,0.0
D,400013,post_auger15_p1,1.6512,S,0,44,0.0
D,400108,post_auger15_p1,1.6512,S,0,44,0.0
D,400204,post_auger15_p1,1.6512,S,0,44,0.0
D,400300,post_auger15_p1,1.6512,S,0,44,0.0
D,400396,post_auger15_p1,1.6512,S,0,44,0.0
D,400492,post_auger15_p1,1.6512,S,0,44,0.0
D,400588,post_auger15_p1,1.6512,S,0,44,0.0
D,400684,post_auger15_p1,1.6512,S,0,44,0.0
D,400778,post_auger15_p1,1.6512,S,0,44,0.0
D,400873,post_auger15_p1,1.6512,S,0,44,0.0
D,400969,post_auger15_p1,1.6512,S,0,44,0.0
D,401065,post_auger15_p1,1.6512,S,0,44,0.0
D,401161,post_auger15_p1,1.6512,S,0,44,0.0
D,401256,post_auger15_p1,1.6515,U,0,44,0.0
D,401352,post_auger15_p1,1.6516,U,0,44,0.0
D,401448,post_auger15_p1,1.6517,U,0,44,0.0
D,401543,post_auger15_p1,1.6517,U,0,44,0.0
D,401639,post_auger15_p1,1.6518,U,0,44,0.0
D,401733,post_auger15_p1,1.6519,U,0,44,0.0
D,401829,post_auger15_p1,1.6520,U,0,44,0.0
D,401925,post_auger15_p1,1.6521,U,0,44,0.0
D,402021,post_auger15_p1,1.6522,U,0,44,0.0
D,402116,post_auger15_p1,1.6523,U,0,44,0.0
D,402212,post_auger15_p1,1.6523,U,0,44,0.0
D,402308,post_auger15_p1,1.6524,U,0,44,0.0
D,402404,post_auger15_p1,1.6525,U,0,44,0.0
D,402500,post_auger15_p1,1.6525,U,0,44,0.0
D,402594,post_auger15_p1,1.6526,U,0,44,0.0
D,402689,post_auger15_p1,1.6526,U,0,44,0.0
D,402785,post_auger15_p1,1.6526,U,0,44,0.0
D,402881,post_auger15_p1,1.6526,S,0,44,0.0
D,402977,post_auger15_p1,1.6526,S,0,44,0.0
D,403073,post_auger15_p1,1.6526,S,0,44,0.0
D,403169,post_auger15_p1,1.6527,S,0,44,0.0
D,403265,post_auger15_p1,1.6527,S,0,44,0.0
D,403360,post_auger15_p1,1.6527,S,0,44,0.0
D,403454,post_auger15_p1,1.6527,S,0,44,0.0
D,403550,post_auger15_p1,1.6527,S,0,44,0.0
D,403646,post_auger15_p1,1.6526,S,0,44,0.0
D,403838,post_auger15_p1,1.6526,S,0,44,0.0
D,403933,post_auger15_p1,1.6526,S,0,44,0.0
D,404029,post_auger15_p1,1.6526,S,0,44,0.0
D,404125,post_auger15_p1,1.6526,S,0,44,0.0
D,404221,post_auger15_p1,1.6525,S,0,44,0.0
D,404317,post_auger15_p1,1.6525,S,0,44,0.0
D,404411,post_auger15_p1,1.6525,S,0,44,0.0
D,404507,post_auger15_p1,1.6525,S,0,44,0.0
D,404602,post_auger15_p1,1.6525,S,0,44,0.0
D,404699,post_auger15_p1,1.6525,S,0,44,0.0
D,404794,post_auger15_p1,1.6524,S,0,44,0.0
D,404890,post_auger15_p1,1.6524,S,0,44,0.0
D,404986,post_auger15_p1,1.6524,S,0,44,0.0
D,405082,post_auger15_p1,1.6524,S,0,44,0.0
D,405177,post_auger15_p1,1.6522,U,0,44,0.0
D,405271,post_auger15_p1,1.6522,U,0,44,0.0
D,405367,post_auger15_p1,1.6521,U,0,44,0.0
E,405430,BLOCK_END,post_auger15_p1
E,405432,BLOCK_START,auger30_p1
D,405463,auger30_p1,1.6521,U,30,44,0.0
D,405559,auger30_p1,1.6521,U,30,44,0.0
D,405655,auger30_p1,1.6520,U,30,44,0.0
D,405751,auger30_p1,1.6520,U,30,44,0.0
D,405846,auger30_p1,1.6519,U,30,44,0.0
D,405942,auger30_p1,1.6519,U,30,44,0.0
D,406038,auger30_p1,1.6517,U,30,44,0.0
D,406132,auger30_p1,1.6516,U,30,44,0.0
D,406227,auger30_p1,1.6480,U,30,44,0.0
D,406323,auger30_p1,1.6493,U,30,44,0.0
D,406419,auger30_p1,1.6523,U,30,44,0.0
D,406515,auger30_p1,1.6679,U,30,44,0.0
D,406611,auger30_p1,1.6862,U,30,44,0.0
D,406707,auger30_p1,1.7055,U,30,44,0.0
D,406802,auger30_p1,1.7208,U,30,44,0.0
D,406898,auger30_p1,1.7305,U,30,44,0.0
D,406994,auger30_p1,1.7362,U,30,44,0.0
D,407088,auger30_p1,1.7405,U,30,44,0.0
D,407184,auger30_p1,1.7443,U,30,44,0.0
D,407280,auger30_p1,1.7465,U,30,44,0.0
D,407376,auger30_p1,1.7467,U,30,44,0.0
D,407471,auger30_p1,1.7471,U,30,44,0.0
D,407567,auger30_p1,1.7506,U,30,44,0.0
D,407663,auger30_p1,1.7581,U,30,44,0.0
D,407759,auger30_p1,1.7676,U,30,44,0.0
D,407855,auger30_p1,1.7771,U,30,44,0.0
D,407949,auger30_p1,1.7870,U,30,44,0.0
D,408044,auger30_p1,1.7994,U,30,44,0.0
D,408140,auger30_p1,1.8156,U,30,44,0.0
D,408236,auger30_p1,1.8347,U,30,44,0.0
D,408332,auger30_p1,1.8556,U,30,44,0.0
D,408428,auger30_p1,1.8782,U,30,44,0.0
D,408524,auger30_p1,1.9026,U,30,44,0.0
D,408619,auger30_p1,1.9270,U,30,44,0.0
D,408716,auger30_p1,1.9485,U,30,44,0.0
D,408809,auger30_p1,1.9642,U,30,44,0.0
D,408905,auger30_p1,1.9735,U,30,44,0.0
D,409001,auger30_p1,1.9780,U,30,44,0.0
D,409097,auger30_p1,1.9799,U,30,44,0.0
D,409193,auger30_p1,1.9812,U,30,44,0.0
D,409288,auger30_p1,1.9827,U,30,44,0.0
D,409384,auger30_p1,1.9847,U,30,44,0.0
D,409480,auger30_p1,1.9880,U,30,44,0.0
D,409576,auger30_p1,1.9940,U,30,44,0.0
D,409672,auger30_p1,2.0032,U,30,44,0.0
D,409766,auger30_p1,2.0140,U,30,44,0.0
D,409861,auger30_p1,2.0246,U,30,44,0.0
D,409957,auger30_p1,2.0346,U,30,44,0.0
D,410053,auger30_p1,2.0459,U,30,44,0.0
D,410149,auger30_p1,2.0607,U,30,44,0.0
D,410245,auger30_p1,2.0797,U,30,44,0.0
D,410341,auger30_p1,2.1023,U,30,44,0.0
D,410437,auger30_p1,2.1270,U,30,44,0.0
D,410532,auger30_p1,2.1518,U,30,44,0.0
D,410626,auger30_p1,2.1746,U,30,44,0.0
D,410722,auger30_p1,2.1936,U,30,44,0.0
D,410818,auger30_p1,2.2077,U,30,44,0.0
D,410914,auger30_p1,2.2174,U,30,44,0.0
D,411010,auger30_p1,2.2245,U,30,44,0.0
D,411105,auger30_p1,2.2308,U,30,44,0.0
D,411201,auger30_p1,2.2367,U,30,44,0.0
D,411297,auger30_p1,2.2408,U,30,44,0.0
D,411393,auger30_p1,2.2422,U,30,44,0.0
D,411487,auger30_p1,2.2420,U,30,44,0.0
D,411583,auger30_p1,2.2429,U,30,44,0.0
D,411679,auger30_p1,2.2469,U,30,44,0.0
D,411775,auger30_p1,2.2543,U,30,44,0.0
D,411870,auger30_p1,2.2649,U,30,44,0.0
D,411966,auger30_p1,2.2787,U,30,44,0.0
D,412062,auger30_p1,2.2963,U,30,44,0.0
D,412158,auger30_p1,2.3169,U,30,44,0.0
D,412254,auger30_p1,2.3394,U,30,44,0.0
D,412350,auger30_p1,2.3631,U,30,44,0.0
D,412443,auger30_p1,2.3880,U,30,44,0.0
D,412539,auger30_p1,2.4130,U,30,44,0.0
D,412635,auger30_p1,2.4356,U,30,44,0.0
D,412731,auger30_p1,2.4529,U,30,44,0.0
D,412827,auger30_p1,2.4643,U,30,44,0.0
D,412923,auger30_p1,2.4714,U,30,44,0.0
D,413019,auger30_p1,2.4772,U,30,44,0.0
D,413114,auger30_p1,2.4831,U,30,44,0.0
D,413210,auger30_p1,2.4885,U,30,44,0.0
D,413304,auger30_p1,2.4922,U,30,44,0.0
D,413400,auger30_p1,2.4942,U,30,44,0.0
D,413496,auger30_p1,2.4959,U,30,44,0.0
D,413591,auger30_p1,2.4996,U,30,44,0.0
D,413687,auger30_p1,2.5068,U,30,44,0.0
D,413783,auger30_p1,2.5168,U,30,44,0.0
D,413879,auger30_p1,2.5289,U,30,44,0.0
D,413975,auger30_p1,2.5430,U,30,44,0.0
D,414071,auger30_p1,2.5594,U,30,44,0.0
D,414165,auger30_p1,2.5776,U,30,44,0.0
D,414260,auger30_p1,2.5967,U,30,44,0.0
D,414356,auger30_p1,2.6164,U,30,44,0.0
D,414452,auger30_p1,2.6373,U,30,44,0.0
D,414548,auger30_p1,2.6593,U,30,44,0.0
D,414644,auger30_p1,2.6803,U,30,44,0.0
D,414740,auger30_p1,2.6983,U,30,44,0.0
D,414836,auger30_p1,2.7123,U,30,44,0.0
D,414931,auger30_p1,2.7219,U,30,44,0.0
D,415027,auger30_p1,2.7269,U,30,44,0.0
D,415121,auger30_p1,2.7286,U,30,44,0.0
D,415228,auger30_p1,2.7295,U,30,44,0.0
D,415409,auger30_p1,2.7357,U,30,44,0.0
D,415505,auger30_p1,2.7416,U,30,44,0.0
D,415600,auger30_p1,2.7497,U,30,44,0.0
D,415696,auger30_p1,2.7603,U,30,44,0.0
D,415792,auger30_p1,2.7726,U,30,44,0.0
D,415888,auger30_p1,2.7859,U,30,44,0.0
D,415981,auger30_p1,2.8000,U,30,44,0.0
D,416078,auger30_p1,2.8152,U,30,44,0.0
D,416173,auger30_p1,2.8315,U,30,44,0.0
D,416269,auger30_p1,2.8492,U,30,44,0.0
D,416365,auger30_p1,2.8693,U,30,44,0.0
D,416461,auger30_p1,2.8928,U,30,44,0.0
D,416557,auger30_p1,2.9182,U,30,44,0.0
D,416653,auger30_p1,2.9416,U,30,44,0.0
D,416748,auger30_p1,2.9591,U,30,44,0.0
D,416842,auger30_p1,2.9709,U,30,44,0.0
D,416938,auger30_p1,2.9795,U,30,44,0.0
D,417034,auger30_p1,2.9870,U,30,44,0.0
D,417130,auger30_p1,2.9925,U,30,44,0.0
D,417226,auger30_p1,2.9943,U,30,44,0.0
D,417322,auger30_p1,2.9929,U,30,44,0.0
D,417417,auger30_p1,2.9915,U,30,44,0.0
D,417513,auger30_p1,2.9939,U,30,44,0.0
D,417609,auger30_p1,3.0011,U,30,44,0.0
D,417705,auger30_p1,3.0109,U,30,44,0.0
D,417799,auger30_p1,3.0213,U,30,44,0.0
D,417895,auger30_p1,3.0323,U,30,44,0.0
D,417990,auger30_p1,3.0453,U,30,44,0.0
D,418086,auger30_p1,3.0618,U,30,44,0.0
D,418182,auger30_p1,3.0823,U,30,44,0.0
D,418278,auger30_p1,3.1066,U,30,44,0.0
D,418374,auger30_p1,3.1344,U,30,44,0.0
D,418470,auger30_p1,3.1639,U,30,44,0.0
D,418566,auger30_p1,3.1925,U,30,44,0.0
D,418659,auger30_p1,3.2169,U,30,44,0.0
D,418755,auger30_p1,3.2349,U,30,44,0.0
D,418851,auger30_p1,3.2461,U,30,44,0.0
D,418947,auger30_p1,3.2510,U,30,44,0.0
D,419043,auger30_p1,3.2516,U,30,44,0.0
D,419139,auger30_p1,3.2502,U,30,44,0.0
D,419234,auger30_p1,3.2490,U,30,44,0.0
D,419330,auger30_p1,3.2493,U,30,44,0.0
D,419426,auger30_p1,3.2513,U,30,44,0.0
D,419520,auger30_p1,3.2532,U,30,44,0.0
D,419616,auger30_p1,3.2614,U,30,44,0.0
D,419712,auger30_p1,3.2696,U,30,44,0.0
D,419808,auger30_p1,3.2796,U,30,44,0.0
D,419903,auger30_p1,3.2914,U,30,44,0.0
D,419999,auger30_p1,3.3057,U,30,44,0.0
D,420095,auger30_p1,3.3232,U,30,44,0.0
D,420191,auger30_p1,3.3440,U,30,44,0.0
D,420287,auger30_p1,3.3677,U,30,44,0.0
D,420383,auger30_p1,3.3934,U,30,44,0.0
E,420447,BLOCK_END,auger30_p1
E,420448,BLOCK_START,post_auger30_p1
D,420477,post_auger30_p1,3.4198,U,0,44,0.0
D,420572,post_auger30_p1,3.4444,U,0,44,0.0
D,420668,post_auger30_p1,3.4644,U,0,44,0.0
D,420764,post_auger30_p1,3.4784,U,0,44,0.0
D,420860,post_auger30_p1,3.4878,U,0,44,0.0
D,420956,post_auger30_p1,3.4952,U,0,44,0.0
D,421052,post_auger30_p1,3.5029,U,0,44,0.0
D,421147,post_auger30_p1,3.5125,U,0,44,0.0
D,421243,post_auger30_p1,3.5239,U,0,44,0.0
D,421337,post_auger30_p1,3.5351,U,0,44,0.0
D,421433,post_auger30_p1,3.5436,U,0,44,0.0
D,421529,post_auger30_p1,3.5481,U,0,44,0.0
D,421625,post_auger30_p1,3.5497,U,0,44,0.0
D,421720,post_auger30_p1,3.5499,U,0,44,0.0
D,421816,post_auger30_p1,3.5496,U,0,44,0.0
D,421912,post_auger30_p1,3.5493,U,0,44,0.0
D,422008,post_auger30_p1,3.5492,U,0,44,0.0
D,422104,post_auger30_p1,3.5490,U,0,44,0.0
D,422198,post_auger30_p1,3.5490,U,0,44,0.0
D,422294,post_auger30_p1,3.5489,U,0,44,0.0
D,422390,post_auger30_p1,3.5489,U,0,44,0.0
D,422485,post_auger30_p1,3.5489,U,0,44,0.0
D,422581,post_auger30_p1,3.5488,U,0,44,0.0
D,422677,post_auger30_p1,3.5488,U,0,44,0.0
D,422773,post_auger30_p1,3.5488,S,0,44,0.0
D,422869,post_auger30_p1,3.5488,S,0,44,0.0
D,422965,post_auger30_p1,3.5488,S,0,44,0.0
D,423059,post_auger30_p1,3.5488,S,0,44,0.0
D,423154,post_auger30_p1,3.5488,S,0,44,0.0
D,423250,post_auger30_p1,3.5487,S,0,44,0.0
D,423346,post_auger30_p1,3.5487,S,0,44,0.0
D,423442,post_auger30_p1,3.5488,S,0,44,0.0
D,423538,post_auger30_p1,3.5488,S,0,44,0.0
D,423634,post_auger30_p1,3.5488,S,0,44,0.0
D,423730,post_auger30_p1,3.5488,S,0,44,0.0
D,423826,post_auger30_p1,3.5488,S,0,44,0.0
D,423921,post_auger30_p1,3.5488,S,0,44,0.0
D,424015,post_auger30_p1,3.5488,S,0,44,0.0
D,424111,post_auger30_p1,3.5488,S,0,44,0.0
D,424207,post_auger30_p1,3.5488,S,0,44,0.0
D,424303,post_auger30_p1,3.5488,S,0,44,0.0
D,424399,post_auger30_p1,3.5489,S,0,44,0.0
D,424494,post_auger30_p1,3.5489,S,0,44,0.0
D,424590,post_auger30_p1,3.5489,S,0,44,0.0
D,424686,post_auger30_p1,3.5489,S,0,44,0.0
D,424782,post_auger30_p1,3.5489,S,0,44,0.0
D,424876,post_auger30_p1,3.5489,S,0,44,0.0
D,424972,post_auger30_p1,3.5489,S,0,44,0.0
D,425068,post_auger30_p1,3.5490,S,0,44,0.0
D,425163,post_auger30_p1,3.5492,U,0,44,0.0
D,425259,post_auger30_p1,3.5492,U,0,44,0.0
D,425355,post_auger30_p1,3.5492,U,0,44,0.0
D,425451,post_auger30_p1,3.5493,U,0,44,0.0
D,425547,post_auger30_p1,3.5493,U,0,44,0.0
D,425643,post_auger30_p1,3.5493,S,0,44,0.0
D,425739,post_auger30_p1,3.5494,U,0,44,0.0
D,425832,post_auger30_p1,3.5494,U,0,44,0.0
D,425928,post_auger30_p1,3.5494,S,0,44,0.0
D,426024,post_auger30_p1,3.5495,U,0,44,0.0
D,426120,post_auger30_p1,3.5495,U,0,44,0.0
D,426216,post_auger30_p1,3.5495,S,0,44,0.0
D,426312,post_auger30_p1,3.5495,S,0,44,0.0
D,426407,post_auger30_p1,3.5495,S,0,44,0.0
D,426503,post_auger30_p1,3.5495,S,0,44,0.0
D,426599,post_auger30_p1,3.5496,S,0,44,0.0
D,426693,post_auger30_p1,3.5496,S,0,44,0.0
D,426789,post_auger30_p1,3.5496,S,0,44,0.0
D,426885,post_auger30_p1,3.5496,S,0,44,0.0
D,426980,post_auger30_p1,3.5496,S,0,44,0.0
D,427082,post_auger30_p1,3.5497,S,0,44,0.0
D,427172,post_auger30_p1,3.5497,S,0,44,0.0
D,427268,post_auger30_p1,3.5497,S,0,44,0.0
D,427364,post_auger30_p1,3.5497,S,0,44,0.0
D,427460,post_auger30_p1,3.5497,S,0,44,0.0
D,427554,post_auger30_p1,3.5497,S,0,44,0.0
D,427649,post_auger30_p1,3.5497,S,0,44,0.0
D,427745,post_auger30_p1,3.5497,S,0,44,0.0
D,427841,post_auger30_p1,3.5496,S,0,44,0.0
D,427937,post_auger30_p1,3.5496,S,0,44,0.0
D,428033,post_auger30_p1,3.5496,S,0,44,0.0
D,428129,post_auger30_p1,3.5496,S,0,44,0.0
D,428225,post_auger30_p1,3.5496,S,0,44,0.0
D,428320,post_auger30_p1,3.5496,S,0,44,0.0
D,428414,post_auger30_p1,3.5496,S,0,44,0.0
D,428510,post_auger30_p1,3.5496,S,0,44,0.0
D,428606,post_auger30_p1,3.5496,S,0,44,0.0
D,428702,post_auger30_p1,3.5496,S,0,44,0.0
D,428798,post_auger30_p1,3.5496,S,0,44,0.0
D,428894,post_auger30_p1,3.5496,S,0,44,0.0
D,428989,post_auger30_p1,3.5496,S,0,44,0.0
D,429085,post_auger30_p1,3.5496,S,0,44,0.0
D,429181,post_auger30_p1,3.5496,S,0,44,0.0
D,429277,post_auger30_p1,3.5496,S,0,44,0.0
D,429371,post_auger30_p1,3.5496,S,0,44,0.0
D,429467,post_auger30_p1,3.5496,S,0,44,0.0
D,429563,post_auger30_p1,3.5496,S,0,44,0.0
D,429659,post_auger30_p1,3.5496,S,0,44,0.0
D,429754,post_auger30_p1,3.5496,S,0,44,0.0
D,429850,post_auger30_p1,3.5496,S,0,44,0.0
D,429946,post_auger30_p1,3.5496,S,0,44,0.0
D,430042,post_auger30_p1,3.5496,S,0,44,0.0
D,430138,post_auger30_p1,3.5496,S,0,44,0.0
D,430232,post_auger30_p1,3.5496,S,0,44,0.0
D,430328,post_auger30_p1,3.5496,S,0,44,0.0
D,430424,post_auger30_p1,3.5496,S,0,44,0.0
D,430519,post_auger30_p1,3.5496,S,0,44,0.0
D,430615,post_auger30_p1,3.5496,S,0,44,0.0
D,430711,post_auger30_p1,3.5496,S,0,44,0.0
D,430807,post_auger30_p1,3.5496,S,0,44,0.0
D,430903,post_auger30_p1,3.5496,S,0,44,0.0
D,430999,post_auger30_p1,3.5496,S,0,44,0.0
D,431093,post_auger30_p1,3.5496,S,0,44,0.0
D,431188,post_auger30_p1,3.5496,S,0,44,0.0
D,431284,post_auger30_p1,3.5496,S,0,44,0.0
D,431380,post_auger30_p1,3.5496,S,0,44,0.0
D,431476,post_auger30_p1,3.5496,S,0,44,0.0
D,431572,post_auger30_p1,3.5496,S,0,44,0.0
D,431668,post_auger30_p1,3.5496,S,0,44,0.0
D,431764,post_auger30_p1,3.5496,S,0,44,0.0
D,431859,post_auger30_p1,3.5496,S,0,44,0.0
D,431955,post_auger30_p1,3.5496,S,0,44,0.0
D,432049,post_auger30_p1,3.5496,S,0,44,0.0
D,432145,post_auger30_p1,3.5496,S,0,44,0.0
D,432241,post_auger30_p1,3.5496,S,0,44,0.0
D,432337,post_auger30_p1,3.5496,S,0,44,0.0
D,432433,post_auger30_p1,3.5496,S,0,44,0.0
D,432528,post_auger30_p1,3.5496,S,0,44,0.0
D,432624,post_auger30_p1,3.5496,S,0,44,0.0
D,432720,post_auger30_p1,3.5496,S,0,44,0.0
D,432815,post_auger30_p1,3.5493,U,0,44,0.0
D,432909,post_auger30_p1,3.5493,U,0,44,0.0
D,433005,post_auger30_p1,3.5492,U,0,44,0.0
D,433101,post_auger30_p1,3.5492,U,0,44,0.0
D,433197,post_auger30_p1,3.5492,U,0,44,0.0
D,433292,post_auger30_p1,3.5491,U,0,44,0.0
D,433388,post_auger30_p1,3.5491,U,0,44,0.0
D,433484,post_auger30_p1,3.5491,S,0,44,0.0
D,433580,post_auger30_p1,3.5491,S,0,44,0.0
D,433676,post_auger30_p1,3.5491,S,0,44,0.0
D,433769,post_auger30_p1,3.5490,S,0,44,0.0
D,433865,post_auger30_p1,3.5490,S,0,44,0.0
D,433961,post_auger30_p1,3.5490,S,0,44,0.0
D,434057,post_auger30_p1,3.5490,S,0,44,0.0
D,434153,post_auger30_p1,3.5490,S,0,44,0.0
D,434249,post_auger30_p1,3.5490,S,0,44,0.0
D,434344,post_auger30_p1,3.5490,S,0,44,0.0
D,434440,post_auger30_p1,3.5490,S,0,44,0.0
D,434536,post_auger30_p1,3.5490,S,0,44,0.0
D,434632,post_auger30_p1,3.5490,S,0,44,0.0
D,434726,post_auger30_p1,3.5491,S,0,44,0.0
D,434822,post_auger30_p1,3.5491,S,0,44,0.0
D,434918,post_auger30_p1,3.5491,S,0,44,0.0
D,435014,post_auger30_p1,3.5491,S,0,44,0.0
D,435109,post_auger30_p1,3.5491,S,0,44,0.0
D,435205,post_auger30_p1,3.5491,S,0,44,0.0
D,435301,post_auger30_p1,3.5491,S,0,44,0.0
D,435397,post_auger30_p1,3.5491,S,0,44,0.0
E,435460,BLOCK_END,post_auger30_p1
E,435463,BLOCK_START,auger55_p1
D,435493,auger55_p1,3.5491,S,55,44,0.0
D,435587,auger55_p1,3.5491,S,55,44,0.0
D,435683,auger55_p1,3.5492,S,55,44,0.0
D,435779,auger55_p1,3.5492,S,55,44,0.0
D,435874,auger55_p1,3.5492,S,55,44,0.0
D,435970,auger55_p1,3.5492,S,55,44,0.0
D,436065,auger55_p1,3.5443,U,55,44,0.0
D,436161,auger55_p1,3.5387,U,55,44,0.0
D,436257,auger55_p1,3.5314,U,55,44,0.0
D,436353,auger55_p1,3.5243,U,55,44,0.0
D,436447,auger55_p1,3.5203,U,55,44,0.0
D,436543,auger55_p1,3.5218,U,55,44,0.0
D,436638,auger55_p1,3.5302,U,55,44,0.0
D,436734,auger55_p1,3.5449,U,55,44,0.0
D,436830,auger55_p1,3.5654,U,55,44,0.0
D,436926,auger55_p1,3.5912,U,55,44,0.0
D,437022,auger55_p1,3.6206,U,55,44,0.0
D,437118,auger55_p1,3.6484,U,55,44,0.0
D,437213,auger55_p1,3.6686,U,55,44,0.0
D,437309,auger55_p1,3.6799,U,55,44,0.0
D,437403,auger55_p1,3.6857,U,55,44,0.0
D,437499,auger55_p1,3.6915,U,55,44,0.0
D,437595,auger55_p1,3.7012,U,55,44,0.0
D,437691,auger55_p1,3.7159,U,55,44,0.0
D,437787,auger55_p1,3.7350,U,55,44,0.0
D,437882,auger55_p1,3.7582,U,55,44,0.0
D,437978,auger55_p1,3.7859,U,55,44,0.0
D,438074,auger55_p1,3.8171,U,55,44,0.0
D,438170,auger55_p1,3.8478,U,55,44,0.0
D,438264,auger55_p1,3.8728,U,55,44,0.0
D,438360,auger55_p1,3.8890,U,55,44,0.0
D,438455,auger55_p1,3.8973,U,55,44,0.0
D,438551,auger55_p1,3.9017,U,55,44,0.0
D,438647,auger55_p1,3.9071,U,55,44,0.0
D,438743,auger55_p1,3.9172,U,55,44,0.0
D,438839,auger55_p1,3.9335,U,55,44,0.0
D,438941,auger55_p1,3.9555,U,55,44,0.0
D,439031,auger55_p1,3.9814,U,55,44,0.0
D,439124,auger55_p1,4.0092,U,55,44,0.0
D,439220,auger55_p1,4.0369,U,55,44,0.0
D,439316,auger55_p1,4.0621,U,55,44,0.0
D,439412,auger55_p1,4.0832,U,55,44,0.0
D,439507,auger55_p1,4.1000,U,55,44,0.0
D,439604,auger55_p1,4.1128,U,55,44,0.0
D,439699,auger55_p1,4.1226,U,55,44,0.0
D,439795,auger55_p1,4.1306,U,55,44,0.0
D,439891,auger55_p1,4.1398,U,55,44,0.0
D,439987,auger55_p1,4.1539,U,55,44,0.0
D,440081,auger55_p1,4.1757,U,55,44,0.0
D,440177,auger55_p1,4.2055,U,55,44,0.0
D,440272,auger55_p1,4.2403,U,55,44,0.0
D,440368,auger55_p1,4.2752,U,55,44,0.0
D,440464,auger55_p1,4.3045,U,55,44,0.0
D,440560,auger55_p1,4.3252,U,55,44,0.0
D,440656,auger55_p1,4.3373,U,55,44,0.0
D,440752,auger55_p1,4.3433,U,55,44,0.0
D,440848,auger55_p1,4.3476,U,55,44,0.0
D,440941,auger55_p1,4.3548,U,55,44,0.0
D,441037,auger55_p1,4.3680,U,55,44,0.0
D,441133,auger55_p1,4.3878,U,55,44,0.0
D,441229,auger55_p1,4.4131,U,55,44,0.0
D,441325,auger55_p1,4.4420,U,55,44,0.0
D,441421,auger55_p1,4.4718,U,55,44,0.0
D,441516,auger55_p1,4.4984,U,55,44,0.0
D,441613,auger55_p1,4.5182,U,55,44,0.0
D,441708,auger55_p1,4.5302,U,55,44,0.0
D,441802,auger55_p1,4.5366,U,55,44,0.0
D,441898,auger55_p1,4.5418,U,55,44,0.0
D,441994,auger55_p1,4.5509,U,55,44,0.0
D,442090,auger55_p1,4.5674,U,55,44,0.0
D,442185,auger55_p1,4.5913,U,55,44,0.0
D,442281,auger55_p1,4.6202,U,55,44,0.0
D,442377,auger55_p1,4.6512,U,55,44,0.0
D,442473,auger55_p1,4.6818,U,55,44,0.0
D,442569,auger55_p1,4.7083,U,55,44,0.0
D,442665,auger55_p1,4.7270,U,55,44,0.0
D,442759,auger55_p1,4.7372,U,55,44,0.0
D,442854,auger55_p1,4.7417,U,55,44,0.0
D,442950,auger55_p1,4.7448,U,55,44,0.0
D,443046,auger55_p1,4.7494,U,55,44,0.0
D,443142,auger55_p1,4.7574,U,55,44,0.0
D,443238,auger55_p1,4.7711,U,55,44,0.0
D,443334,auger55_p1,4.7934,U,55,44,0.0
D,443430,auger55_p1,4.8245,U,55,44,0.0
D,443525,auger55_p1,4.8603,U,55,44,0.0
D,443619,auger55_p1,4.8933,U,55,44,0.0
D,443715,auger55_p1,4.9171,U,55,44,0.0
D,443811,auger55_p1,4.9305,U,55,44,0.0
D,443907,auger55_p1,4.9375,U,55,44,0.0
D,444003,auger55_p1,4.9429,U,55,44,0.0
D,444098,auger55_p1,4.9498,U,55,44,0.0
D,444194,auger55_p1,4.9596,U,55,44,0.0
D,444290,auger55_p1,4.9743,U,55,44,0.0
D,444386,auger55_p1,4.9949,U,55,44,0.0
E,444389,MASS_GUARD |m-m0|>5.0 g -- blocked auger leaking? HALT
E,444390,stopped by mass guard
SUMMARY,taps_total=44
SESSION_END
