t_ms,block,mass_g,flag,rpm,taps,servo_deg,dev_mg
3332,quiet_pre,-0.0222,S,0.0,0,0.0,-3.100000000000002
3428,quiet_pre,-0.0222,S,0.0,0,0.0,-3.100000000000002
3524,quiet_pre,-0.0222,S,0.0,0,0.0,-3.100000000000002
3619,quiet_pre,-0.0222,S,0.0,0,0.0,-3.100000000000002
3715,quiet_pre,-0.0222,S,0.0,0,0.0,-3.100000000000002
3811,quiet_pre,-0.0222,S,0.0,0,0.0,-3.100000000000002
3905,quiet_pre,-0.0222,S,0.0,0,0.0,-3.100000000000002
4001,quiet_pre,-0.0222,S,0.0,0,0.0,-3.100000000000002
4097,quiet_pre,-0.0221,S,0.0,0,0.0,-3.0000000000000027
4193,quiet_pre,-0.0221,S,0.0,0,0.0,-3.0000000000000027
4289,quiet_pre,-0.0221,S,0.0,0,0.0,-3.0000000000000027
4384,quiet_pre,-0.0221,S,0.0,0,0.0,-3.0000000000000027
4480,quiet_pre,-0.0221,S,0.0,0,0.0,-3.0000000000000027
4576,quiet_pre,-0.0221,S,0.0,0,0.0,-3.0000000000000027
4672,quiet_pre,-0.0221,S,0.0,0,0.0,-3.0000000000000027
4768,quiet_pre,-0.0221,S,0.0,0,0.0,-3.0000000000000027
4862,quiet_pre,-0.022,S,0.0,0,0.0,-2.9
4958,quiet_pre,-0.022,S,0.0,0,0.0,-2.9
5053,quiet_pre,-0.0218,U,0.0,0,0.0,-2.700000000000001
5149,quiet_pre,-0.0218,U,0.0,0,0.0,-2.700000000000001
5245,quiet_pre,-0.0217,U,0.0,0,0.0,-2.6000000000000014
5341,quiet_pre,-0.0216,U,0.0,0,0.0,-2.500000000000002
5437,quiet_pre,-0.0216,U,0.0,0,0.0,-2.500000000000002
5533,quiet_pre,-0.0215,U,0.0,0,0.0,-2.3999999999999995
5628,quiet_pre,-0.0214,U,0.0,0,0.0,-2.3
5722,quiet_pre,-0.0214,U,0.0,0,0.0,-2.3
5818,quiet_pre,-0.0213,U,0.0,0,0.0,-2.2000000000000006
5914,quiet_pre,-0.0212,U,0.0,0,0.0,-2.100000000000001
6010,quiet_pre,-0.0211,U,0.0,0,0.0,-2.0000000000000018
6106,quiet_pre,-0.0211,U,0.0,0,0.0,-2.0000000000000018
6202,quiet_pre,-0.021,U,0.0,0,0.0,-1.9000000000000024
6297,quiet_pre,-0.0209,U,0.0,0,0.0,-1.7999999999999996
6393,quiet_pre,-0.0208,U,0.0,0,0.0,-1.7000000000000002
6489,quiet_pre,-0.0207,U,0.0,0,0.0,-1.6000000000000008
6583,quiet_pre,-0.0206,U,0.0,0,0.0,-1.5000000000000013
6679,quiet_pre,-0.0205,U,0.0,0,0.0,-1.400000000000002
6775,quiet_pre,-0.0204,U,0.0,0,0.0,-1.3000000000000025
6870,quiet_pre,-0.0204,U,0.0,0,0.0,-1.3000000000000025
6966,quiet_pre,-0.0203,U,0.0,0,0.0,-1.1999999999999997
7062,quiet_pre,-0.0203,U,0.0,0,0.0,-1.1999999999999997
7158,quiet_pre,-0.0202,U,0.0,0,0.0,-1.1000000000000003
7254,quiet_pre,-0.0202,U,0.0,0,0.0,-1.1000000000000003
7350,quiet_pre,-0.0202,U,0.0,0,0.0,-1.1000000000000003
7443,quiet_pre,-0.0202,S,0.0,0,0.0,-1.1000000000000003
7539,quiet_pre,-0.0201,U,0.0,0,0.0,-1.0000000000000009
7635,quiet_pre,-0.0201,S,0.0,0,0.0,-1.0000000000000009
7731,quiet_pre,-0.0201,S,0.0,0,0.0,-1.0000000000000009
7827,quiet_pre,-0.0201,S,0.0,0,0.0,-1.0000000000000009
7923,quiet_pre,-0.0202,S,0.0,0,0.0,-1.1000000000000003
8019,quiet_pre,-0.0202,S,0.0,0,0.0,-1.1000000000000003
8114,quiet_pre,-0.0202,S,0.0,0,0.0,-1.1000000000000003
8210,quiet_pre,-0.0202,S,0.0,0,0.0,-1.1000000000000003
8306,quiet_pre,-0.0203,U,0.0,0,0.0,-1.1999999999999997
8400,quiet_pre,-0.0203,S,0.0,0,0.0,-1.1999999999999997
8496,quiet_pre,-0.0203,S,0.0,0,0.0,-1.1999999999999997
8592,quiet_pre,-0.0203,S,0.0,0,0.0,-1.1999999999999997
8688,quiet_pre,-0.0204,U,0.0,0,0.0,-1.3000000000000025
8783,quiet_pre,-0.0204,S,0.0,0,0.0,-1.3000000000000025
8879,quiet_pre,-0.0204,S,0.0,0,0.0,-1.3000000000000025
8975,quiet_pre,-0.0204,S,0.0,0,0.0,-1.3000000000000025
9071,quiet_pre,-0.0204,S,0.0,0,0.0,-1.3000000000000025
9167,quiet_pre,-0.0204,S,0.0,0,0.0,-1.3000000000000025
9261,quiet_pre,-0.0205,S,0.0,0,0.0,-1.400000000000002
9356,quiet_pre,-0.0206,U,0.0,0,0.0,-1.5000000000000013
9452,quiet_pre,-0.0206,U,0.0,0,0.0,-1.5000000000000013
9548,quiet_pre,-0.0206,U,0.0,0,0.0,-1.5000000000000013
9644,quiet_pre,-0.0206,U,0.0,0,0.0,-1.5000000000000013
9740,quiet_pre,-0.0206,S,0.0,0,0.0,-1.5000000000000013
9836,quiet_pre,-0.0206,S,0.0,0,0.0,-1.5000000000000013
9931,quiet_pre,-0.0206,S,0.0,0,0.0,-1.5000000000000013
10027,quiet_pre,-0.0206,S,0.0,0,0.0,-1.5000000000000013
10129,quiet_pre,-0.0206,S,0.0,0,0.0,-1.5000000000000013
10219,quiet_pre,-0.0205,S,0.0,0,0.0,-1.400000000000002
10313,quiet_pre,-0.0205,S,0.0,0,0.0,-1.400000000000002
10409,quiet_pre,-0.0205,S,0.0,0,0.0,-1.400000000000002
10505,quiet_pre,-0.0205,S,0.0,0,0.0,-1.400000000000002
10600,quiet_pre,-0.0205,S,0.0,0,0.0,-1.400000000000002
10696,quiet_pre,-0.0205,S,0.0,0,0.0,-1.400000000000002
10792,quiet_pre,-0.0205,S,0.0,0,0.0,-1.400000000000002
10888,quiet_pre,-0.0204,S,0.0,0,0.0,-1.3000000000000025
10984,quiet_pre,-0.0204,S,0.0,0,0.0,-1.3000000000000025
11078,quiet_pre,-0.0204,S,0.0,0,0.0,-1.3000000000000025
11173,quiet_pre,-0.0201,U,0.0,0,0.0,-1.0000000000000009
11269,quiet_pre,-0.0201,U,0.0,0,0.0,-1.0000000000000009
11364,quiet_pre,-0.02,U,0.0,0,0.0,-0.9000000000000015
11460,quiet_pre,-0.02,U,0.0,0,0.0,-0.9000000000000015
11556,quiet_pre,-0.02,U,0.0,0,0.0,-0.9000000000000015
11652,quiet_pre,-0.02,S,0.0,0,0.0,-0.9000000000000015
11749,quiet_pre,-0.0199,U,0.0,0,0.0,-0.800000000000002
11844,quiet_pre,-0.0199,S,0.0,0,0.0,-0.800000000000002
11938,quiet_pre,-0.0199,S,0.0,0,0.0,-0.800000000000002
12034,quiet_pre,-0.0199,S,0.0,0,0.0,-0.800000000000002
12130,quiet_pre,-0.0199,S,0.0,0,0.0,-0.800000000000002
12226,quiet_pre,-0.0199,S,0.0,0,0.0,-0.800000000000002
12322,quiet_pre,-0.0199,S,0.0,0,0.0,-0.800000000000002
12417,quiet_pre,-0.0199,S,0.0,0,0.0,-0.800000000000002
12513,quiet_pre,-0.0199,S,0.0,0,0.0,-0.800000000000002
12609,quiet_pre,-0.0199,S,0.0,0,0.0,-0.800000000000002
12705,quiet_pre,-0.0199,S,0.0,0,0.0,-0.800000000000002
12799,quiet_pre,-0.0199,S,0.0,0,0.0,-0.800000000000002
12895,quiet_pre,-0.0199,S,0.0,0,0.0,-0.800000000000002
12991,quiet_pre,-0.0199,S,0.0,0,0.0,-0.800000000000002
13087,quiet_pre,-0.0199,S,0.0,0,0.0,-0.800000000000002
13182,quiet_pre,-0.0199,S,0.0,0,0.0,-0.800000000000002
13278,quiet_pre,-0.0199,S,0.0,0,0.0,-0.800000000000002
13374,quiet_pre,-0.0199,S,0.0,0,0.0,-0.800000000000002
13470,quiet_pre,-0.0199,S,0.0,0,0.0,-0.800000000000002
13566,quiet_pre,-0.0199,S,0.0,0,0.0,-0.800000000000002
13662,quiet_pre,-0.0199,S,0.0,0,0.0,-0.800000000000002
13756,quiet_pre,-0.0199,S,0.0,0,0.0,-0.800000000000002
13851,quiet_pre,-0.0199,S,0.0,0,0.0,-0.800000000000002
13947,quiet_pre,-0.0199,S,0.0,0,0.0,-0.800000000000002
14043,quiet_pre,-0.0199,S,0.0,0,0.0,-0.800000000000002
14139,quiet_pre,-0.0199,S,0.0,0,0.0,-0.800000000000002
14235,quiet_pre,-0.0199,S,0.0,0,0.0,-0.800000000000002
14331,quiet_pre,-0.0199,S,0.0,0,0.0,-0.800000000000002
14426,quiet_pre,-0.0199,S,0.0,0,0.0,-0.800000000000002
14523,quiet_pre,-0.0199,S,0.0,0,0.0,-0.800000000000002
14616,quiet_pre,-0.0199,S,0.0,0,0.0,-0.800000000000002
14712,quiet_pre,-0.0199,S,0.0,0,0.0,-0.800000000000002
14808,quiet_pre,-0.0199,S,0.0,0,0.0,-0.800000000000002
14904,quiet_pre,-0.0199,S,0.0,0,0.0,-0.800000000000002
15000,quiet_pre,-0.0198,S,0.0,0,0.0,-0.7000000000000027
15096,quiet_pre,-0.0198,S,0.0,0,0.0,-0.7000000000000027
15192,quiet_pre,-0.0198,S,0.0,0,0.0,-0.7000000000000027
15287,quiet_pre,-0.0195,U,0.0,0,0.0,-0.400000000000001
15383,quiet_pre,-0.0195,U,0.0,0,0.0,-0.400000000000001
15476,quiet_pre,-0.0194,U,0.0,0,0.0,-0.30000000000000165
15572,quiet_pre,-0.0194,U,0.0,0,0.0,-0.30000000000000165
15668,quiet_pre,-0.0194,U,0.0,0,0.0,-0.30000000000000165
15764,quiet_pre,-0.0194,S,0.0,0,0.0,-0.30000000000000165
15860,quiet_pre,-0.0193,U,0.0,0,0.0,-0.20000000000000226
15956,quiet_pre,-0.0193,S,0.0,0,0.0,-0.20000000000000226
16052,quiet_pre,-0.0193,S,0.0,0,0.0,-0.20000000000000226
16148,quiet_pre,-0.0193,S,0.0,0,0.0,-0.20000000000000226
16243,quiet_pre,-0.0193,S,0.0,0,0.0,-0.20000000000000226
16339,quiet_pre,-0.0193,S,0.0,0,0.0,-0.20000000000000226
16433,quiet_pre,-0.0193,S,0.0,0,0.0,-0.20000000000000226
16529,quiet_pre,-0.0193,S,0.0,0,0.0,-0.20000000000000226
16625,quiet_pre,-0.0193,S,0.0,0,0.0,-0.20000000000000226
16720,quiet_pre,-0.0192,S,0.0,0,0.0,-0.0999999999999994
16817,quiet_pre,-0.0192,S,0.0,0,0.0,-0.0999999999999994
16912,quiet_pre,-0.0192,S,0.0,0,0.0,-0.0999999999999994
17008,quiet_pre,-0.0192,S,0.0,0,0.0,-0.0999999999999994
17104,quiet_pre,-0.0192,S,0.0,0,0.0,-0.0999999999999994
17200,quiet_pre,-0.0192,S,0.0,0,0.0,-0.0999999999999994
17294,quiet_pre,-0.0192,S,0.0,0,0.0,-0.0999999999999994
17390,quiet_pre,-0.0192,S,0.0,0,0.0,-0.0999999999999994
17485,quiet_pre,-0.0192,S,0.0,0,0.0,-0.0999999999999994
17581,quiet_pre,-0.0192,S,0.0,0,0.0,-0.0999999999999994
17677,quiet_pre,-0.0192,S,0.0,0,0.0,-0.0999999999999994
17773,quiet_pre,-0.0192,S,0.0,0,0.0,-0.0999999999999994
17869,quiet_pre,-0.0191,S,0.0,0,0.0,0.0
17965,quiet_pre,-0.0191,S,0.0,0,0.0,0.0
18061,quiet_pre,-0.0191,S,0.0,0,0.0,0.0
18154,quiet_pre,-0.0191,S,0.0,0,0.0,0.0
18250,quiet_pre,-0.0191,S,0.0,0,0.0,0.0
18346,quiet_pre,-0.0188,U,0.0,0,0.0,0.29999999999999816
18442,quiet_pre,-0.0188,U,0.0,0,0.0,0.29999999999999816
18538,quiet_pre,-0.0188,U,0.0,0,0.0,0.29999999999999816
18633,quiet_pre,-0.0187,U,0.0,0,0.0,0.3999999999999976
18729,quiet_pre,-0.0187,U,0.0,0,0.0,0.3999999999999976
18825,quiet_pre,-0.0186,U,0.0,0,0.0,0.5000000000000004
18921,quiet_pre,-0.0186,U,0.0,0,0.0,0.5000000000000004
19017,quiet_pre,-0.0185,U,0.0,0,0.0,0.5999999999999999
19111,quiet_pre,-0.0185,U,0.0,0,0.0,0.5999999999999999
19207,quiet_pre,-0.0185,U,0.0,0,0.0,0.5999999999999999
19302,quiet_pre,-0.0184,U,0.0,0,0.0,0.6999999999999993
19398,quiet_pre,-0.0184,U,0.0,0,0.0,0.6999999999999993
19494,quiet_pre,-0.0184,S,0.0,0,0.0,0.6999999999999993
19590,quiet_pre,-0.0184,S,0.0,0,0.0,0.6999999999999993
19686,quiet_pre,-0.0183,U,0.0,0,0.0,0.7999999999999986
19782,quiet_pre,-0.0183,S,0.0,0,0.0,0.7999999999999986
19878,quiet_pre,-0.0183,S,0.0,0,0.0,0.7999999999999986
19971,quiet_pre,-0.0182,U,0.0,0,0.0,0.899999999999998
20067,quiet_pre,-0.0182,U,0.0,0,0.0,0.899999999999998
20163,quiet_pre,-0.0181,U,0.0,0,0.0,0.9999999999999974
20259,quiet_pre,-0.018,U,0.0,0,0.0,1.1000000000000003
20355,quiet_pre,-0.018,U,0.0,0,0.0,1.1000000000000003
20451,quiet_pre,-0.0179,U,0.0,0,0.0,1.1999999999999997
20546,quiet_pre,-0.0179,U,0.0,0,0.0,1.1999999999999997
20642,quiet_pre,-0.0178,U,0.0,0,0.0,1.2999999999999992
20738,quiet_pre,-0.0178,U,0.0,0,0.0,1.2999999999999992
20832,quiet_pre,-0.0177,U,0.0,0,0.0,1.3999999999999986
20928,quiet_pre,-0.0177,U,0.0,0,0.0,1.3999999999999986
21024,quiet_pre,-0.0176,U,0.0,0,0.0,1.4999999999999978
21119,quiet_pre,-0.0176,U,0.0,0,0.0,1.4999999999999978
21215,quiet_pre,-0.0175,U,0.0,0,0.0,1.5999999999999972
21311,quiet_pre,-0.0175,U,0.0,0,0.0,1.5999999999999972
21407,quiet_pre,-0.0174,U,0.0,0,0.0,1.7000000000000002
21503,quiet_pre,-0.0174,U,0.0,0,0.0,1.7000000000000002
21599,quiet_pre,-0.0173,U,0.0,0,0.0,1.7999999999999996
21695,quiet_pre,-0.0173,U,0.0,0,0.0,1.7999999999999996
21788,quiet_pre,-0.0173,U,0.0,0,0.0,1.7999999999999996
21884,quiet_pre,-0.0172,U,0.0,0,0.0,1.899999999999999
21980,quiet_pre,-0.0172,U,0.0,0,0.0,1.899999999999999
22076,quiet_pre,-0.0171,U,0.0,0,0.0,1.9999999999999982
22172,quiet_pre,-0.0171,U,0.0,0,0.0,1.9999999999999982
22268,quiet_pre,-0.017,U,0.0,0,0.0,2.099999999999998
22363,quiet_pre,-0.017,U,0.0,0,0.0,2.099999999999998
22459,quiet_pre,-0.017,U,0.0,0,0.0,2.099999999999998
22555,quiet_pre,-0.0169,U,0.0,0,0.0,2.2000000000000006
22649,quiet_pre,-0.0169,U,0.0,0,0.0,2.2000000000000006
22745,quiet_pre,-0.0169,S,0.0,0,0.0,2.2000000000000006
22852,quiet_pre,-0.0168,U,0.0,0,0.0,2.3
23032,quiet_pre,-0.0167,U,0.0,0,0.0,2.3999999999999995
23128,quiet_pre,-0.0167,U,0.0,0,0.0,2.3999999999999995
23224,quiet_pre,-0.0167,U,0.0,0,0.0,2.3999999999999995
23320,quiet_pre,-0.0167,S,0.0,0,0.0,2.3999999999999995
23416,quiet_pre,-0.0166,U,0.0,0,0.0,2.4999999999999987
23510,quiet_pre,-0.0166,S,0.0,0,0.0,2.4999999999999987
23605,quiet_pre,-0.0166,S,0.0,0,0.0,2.4999999999999987
23701,quiet_pre,-0.0165,U,0.0,0,0.0,2.5999999999999983
23797,quiet_pre,-0.0165,U,0.0,0,0.0,2.5999999999999983
23893,quiet_pre,-0.0165,S,0.0,0,0.0,2.5999999999999983
23989,quiet_pre,-0.0165,S,0.0,0,0.0,2.5999999999999983
24085,quiet_pre,-0.0165,S,0.0,0,0.0,2.5999999999999983
24181,quiet_pre,-0.0165,S,0.0,0,0.0,2.5999999999999983
24276,quiet_pre,-0.0165,S,0.0,0,0.0,2.5999999999999983
24372,quiet_pre,-0.0165,S,0.0,0,0.0,2.5999999999999983
24466,quiet_pre,-0.0165,S,0.0,0,0.0,2.5999999999999983
24562,quiet_pre,-0.0165,S,0.0,0,0.0,2.5999999999999983
24658,quiet_pre,-0.0165,S,0.0,0,0.0,2.5999999999999983
24754,quiet_pre,-0.0166,S,0.0,0,0.0,2.4999999999999987
24850,quiet_pre,-0.0166,S,0.0,0,0.0,2.4999999999999987
24945,quiet_pre,-0.0166,S,0.0,0,0.0,2.4999999999999987
25041,quiet_pre,-0.0166,S,0.0,0,0.0,2.4999999999999987
25137,quiet_pre,-0.0166,S,0.0,0,0.0,2.4999999999999987
25233,quiet_pre,-0.0166,S,0.0,0,0.0,2.4999999999999987
25327,quiet_pre,-0.0166,S,0.0,0,0.0,2.4999999999999987
25423,quiet_pre,-0.0167,S,0.0,0,0.0,2.3999999999999995
25519,quiet_pre,-0.0167,S,0.0,0,0.0,2.3999999999999995
25614,quiet_pre,-0.0167,S,0.0,0,0.0,2.3999999999999995
25710,quiet_pre,-0.0167,S,0.0,0,0.0,2.3999999999999995
25806,quiet_pre,-0.0167,S,0.0,0,0.0,2.3999999999999995
25902,quiet_pre,-0.0167,S,0.0,0,0.0,2.3999999999999995
25998,quiet_pre,-0.0169,U,0.0,0,0.0,2.2000000000000006
26093,quiet_pre,-0.0169,U,0.0,0,0.0,2.2000000000000006
26187,quiet_pre,-0.017,U,0.0,0,0.0,2.099999999999998
26283,quiet_pre,-0.017,U,0.0,0,0.0,2.099999999999998
26379,quiet_pre,-0.017,U,0.0,0,0.0,2.099999999999998
26475,quiet_pre,-0.017,S,0.0,0,0.0,2.099999999999998
26571,quiet_pre,-0.0171,U,0.0,0,0.0,1.9999999999999982
26666,quiet_pre,-0.0171,S,0.0,0,0.0,1.9999999999999982
26762,quiet_pre,-0.0171,S,0.0,0,0.0,1.9999999999999982
26858,quiet_pre,-0.0171,S,0.0,0,0.0,1.9999999999999982
26954,quiet_pre,-0.0172,U,0.0,0,0.0,1.899999999999999
27050,quiet_pre,-0.0172,S,0.0,0,0.0,1.899999999999999
27144,quiet_pre,-0.0172,S,0.0,0,0.0,1.899999999999999
27240,quiet_pre,-0.0172,S,0.0,0,0.0,1.899999999999999
27335,quiet_pre,-0.0172,S,0.0,0,0.0,1.899999999999999
27431,quiet_pre,-0.0172,S,0.0,0,0.0,1.899999999999999
27527,quiet_pre,-0.0172,S,0.0,0,0.0,1.899999999999999
27623,quiet_pre,-0.0171,S,0.0,0,0.0,1.9999999999999982
27719,quiet_pre,-0.0171,S,0.0,0,0.0,1.9999999999999982
27815,quiet_pre,-0.0171,S,0.0,0,0.0,1.9999999999999982
27911,quiet_pre,-0.0171,S,0.0,0,0.0,1.9999999999999982
28004,quiet_pre,-0.0171,S,0.0,0,0.0,1.9999999999999982
28100,quiet_pre,-0.0171,S,0.0,0,0.0,1.9999999999999982
28196,quiet_pre,-0.0171,S,0.0,0,0.0,1.9999999999999982
28292,quiet_pre,-0.017,S,0.0,0,0.0,2.099999999999998
28388,quiet_pre,-0.017,S,0.0,0,0.0,2.099999999999998
28484,quiet_pre,-0.017,S,0.0,0,0.0,2.099999999999998
28580,quiet_pre,-0.017,S,0.0,0,0.0,2.099999999999998
28675,quiet_pre,-0.017,S,0.0,0,0.0,2.099999999999998
28771,quiet_pre,-0.017,S,0.0,0,0.0,2.099999999999998
28865,quiet_pre,-0.017,S,0.0,0,0.0,2.099999999999998
28961,quiet_pre,-0.0169,S,0.0,0,0.0,2.2000000000000006
29057,quiet_pre,-0.0169,S,0.0,0,0.0,2.2000000000000006
29153,quiet_pre,-0.0169,S,0.0,0,0.0,2.2000000000000006
29249,quiet_pre,-0.0169,S,0.0,0,0.0,2.2000000000000006
29345,quiet_pre,-0.0169,S,0.0,0,0.0,2.2000000000000006
29441,quiet_pre,-0.0169,S,0.0,0,0.0,2.2000000000000006
29536,quiet_pre,-0.0169,S,0.0,0,0.0,2.2000000000000006
29632,quiet_pre,-0.0169,S,0.0,0,0.0,2.2000000000000006
29728,quiet_pre,-0.0169,S,0.0,0,0.0,2.2000000000000006
29822,quiet_pre,-0.0169,S,0.0,0,0.0,2.2000000000000006
29918,quiet_pre,-0.0169,S,0.0,0,0.0,2.2000000000000006
30014,quiet_pre,-0.0169,S,0.0,0,0.0,2.2000000000000006
30109,quiet_pre,-0.0169,S,0.0,0,0.0,2.2000000000000006
30205,quiet_pre,-0.017,S,0.0,0,0.0,2.099999999999998
30301,quiet_pre,-0.017,S,0.0,0,0.0,2.099999999999998
30397,quiet_pre,-0.017,S,0.0,0,0.0,2.099999999999998
30493,quiet_pre,-0.017,S,0.0,0,0.0,2.099999999999998
30589,quiet_pre,-0.017,S,0.0,0,0.0,2.099999999999998
30683,quiet_pre,-0.017,S,0.0,0,0.0,2.099999999999998
30779,quiet_pre,-0.017,S,0.0,0,0.0,2.099999999999998
30874,quiet_pre,-0.017,S,0.0,0,0.0,2.099999999999998
30970,quiet_pre,-0.017,S,0.0,0,0.0,2.099999999999998
31066,quiet_pre,-0.017,S,0.0,0,0.0,2.099999999999998
31162,quiet_pre,-0.017,S,0.0,0,0.0,2.099999999999998
31258,quiet_pre,-0.017,S,0.0,0,0.0,2.099999999999998
31354,quiet_pre,-0.017,S,0.0,0,0.0,2.099999999999998
31450,quiet_pre,-0.017,S,0.0,0,0.0,2.099999999999998
31544,quiet_pre,-0.017,S,0.0,0,0.0,2.099999999999998
31639,quiet_pre,-0.017,S,0.0,0,0.0,2.099999999999998
31735,quiet_pre,-0.017,S,0.0,0,0.0,2.099999999999998
31831,quiet_pre,-0.017,S,0.0,0,0.0,2.099999999999998
31927,quiet_pre,-0.017,S,0.0,0,0.0,2.099999999999998
32023,quiet_pre,-0.0171,S,0.0,0,0.0,1.9999999999999982
32119,quiet_pre,-0.0171,S,0.0,0,0.0,1.9999999999999982
32214,quiet_pre,-0.0171,S,0.0,0,0.0,1.9999999999999982
32310,quiet_pre,-0.0171,S,0.0,0,0.0,1.9999999999999982
32406,quiet_pre,-0.0171,S,0.0,0,0.0,1.9999999999999982
32500,quiet_pre,-0.0171,S,0.0,0,0.0,1.9999999999999982
32596,quiet_pre,-0.0171,S,0.0,0,0.0,1.9999999999999982
32692,quiet_pre,-0.0171,S,0.0,0,0.0,1.9999999999999982
32788,quiet_pre,-0.0171,S,0.0,0,0.0,1.9999999999999982
32884,quiet_pre,-0.0171,S,0.0,0,0.0,1.9999999999999982
32979,quiet_pre,-0.0171,S,0.0,0,0.0,1.9999999999999982
33075,quiet_pre,-0.0171,S,0.0,0,0.0,1.9999999999999982
33171,quiet_pre,-0.0171,S,0.0,0,0.0,1.9999999999999982
33267,quiet_pre,-0.0171,S,0.0,0,0.0,1.9999999999999982
33361,quiet_pre,-0.0171,S,0.0,0,0.0,1.9999999999999982
33456,quiet_pre,-0.0171,S,0.0,0,0.0,1.9999999999999982
33553,quiet_pre,-0.0172,S,0.0,0,0.0,1.899999999999999
33648,quiet_pre,-0.0172,S,0.0,0,0.0,1.899999999999999
33744,quiet_pre,-0.0172,S,0.0,0,0.0,1.899999999999999
33840,quiet_pre,-0.0172,S,0.0,0,0.0,1.899999999999999
33936,quiet_pre,-0.0172,S,0.0,0,0.0,1.899999999999999
34032,quiet_pre,-0.0172,S,0.0,0,0.0,1.899999999999999
34128,quiet_pre,-0.0172,S,0.0,0,0.0,1.899999999999999
34221,quiet_pre,-0.0172,S,0.0,0,0.0,1.899999999999999
34317,quiet_pre,-0.0172,S,0.0,0,0.0,1.899999999999999
34413,quiet_pre,-0.0172,S,0.0,0,0.0,1.899999999999999
34509,quiet_pre,-0.0172,S,0.0,0,0.0,1.899999999999999
34605,quiet_pre,-0.0172,S,0.0,0,0.0,1.899999999999999
34700,quiet_pre,-0.0172,S,0.0,0,0.0,1.899999999999999
34796,quiet_pre,-0.0172,S,0.0,0,0.0,1.899999999999999
34892,quiet_pre,-0.0172,S,0.0,0,0.0,1.899999999999999
34988,quiet_pre,-0.0172,S,0.0,0,0.0,1.899999999999999
35084,quiet_pre,-0.0172,S,0.0,0,0.0,1.899999999999999
35178,quiet_pre,-0.0172,S,0.0,0,0.0,1.899999999999999
35274,quiet_pre,-0.0172,S,0.0,0,0.0,1.899999999999999
35370,quiet_pre,-0.0173,S,0.0,0,0.0,1.7999999999999996
35465,quiet_pre,-0.0173,S,0.0,0,0.0,1.7999999999999996
35561,quiet_pre,-0.0173,S,0.0,0,0.0,1.7999999999999996
35662,quiet_pre,-0.0173,S,0.0,0,0.0,1.7999999999999996
35753,quiet_pre,-0.0173,S,0.0,0,0.0,1.7999999999999996
35849,quiet_pre,-0.0173,S,0.0,0,0.0,1.7999999999999996
35944,quiet_pre,-0.0173,S,0.0,0,0.0,1.7999999999999996
36037,quiet_pre,-0.0177,U,0.0,0,0.0,1.3999999999999986
36133,quiet_pre,-0.0178,U,0.0,0,0.0,1.2999999999999992
36229,quiet_pre,-0.0178,U,0.0,0,0.0,1.2999999999999992
36325,quiet_pre,-0.0179,U,0.0,0,0.0,1.1999999999999997
36421,quiet_pre,-0.0179,U,0.0,0,0.0,1.1999999999999997
36517,quiet_pre,-0.018,U,0.0,0,0.0,1.1000000000000003
36612,quiet_pre,-0.018,U,0.0,0,0.0,1.1000000000000003
36708,quiet_pre,-0.018,U,0.0,0,0.0,1.1000000000000003
36804,quiet_pre,-0.0181,U,0.0,0,0.0,0.9999999999999974
36898,quiet_pre,-0.0181,U,0.0,0,0.0,0.9999999999999974
36994,quiet_pre,-0.0181,S,0.0,0,0.0,0.9999999999999974
37090,quiet_pre,-0.0181,S,0.0,0,0.0,0.9999999999999974
37186,quiet_pre,-0.0181,S,0.0,0,0.0,0.9999999999999974
37281,quiet_pre,-0.0182,S,0.0,0,0.0,0.899999999999998
37377,quiet_pre,-0.0182,S,0.0,0,0.0,0.899999999999998
37473,quiet_pre,-0.0182,S,0.0,0,0.0,0.899999999999998
37569,quiet_pre,-0.0182,S,0.0,0,0.0,0.899999999999998
37665,quiet_pre,-0.0182,S,0.0,0,0.0,0.899999999999998
37761,quiet_pre,-0.0182,S,0.0,0,0.0,0.899999999999998
37854,quiet_pre,-0.0181,S,0.0,0,0.0,0.9999999999999974
37950,quiet_pre,-0.0181,S,0.0,0,0.0,0.9999999999999974
38046,quiet_pre,-0.0181,S,0.0,0,0.0,0.9999999999999974
38142,quiet_pre,-0.0181,S,0.0,0,0.0,0.9999999999999974
38238,quiet_pre,-0.0181,S,0.0,0,0.0,0.9999999999999974
38334,quiet_pre,-0.0181,S,0.0,0,0.0,0.9999999999999974
38430,quiet_pre,-0.0181,S,0.0,0,0.0,0.9999999999999974
38525,quiet_pre,-0.018,S,0.0,0,0.0,1.1000000000000003
38621,quiet_pre,-0.018,S,0.0,0,0.0,1.1000000000000003
38715,quiet_pre,-0.018,S,0.0,0,0.0,1.1000000000000003
38811,quiet_pre,-0.018,S,0.0,0,0.0,1.1000000000000003
38907,quiet_pre,-0.018,S,0.0,0,0.0,1.1000000000000003
39003,quiet_pre,-0.018,S,0.0,0,0.0,1.1000000000000003
39099,quiet_pre,-0.018,S,0.0,0,0.0,1.1000000000000003
39195,quiet_pre,-0.018,S,0.0,0,0.0,1.1000000000000003
39290,quiet_pre,-0.018,S,0.0,0,0.0,1.1000000000000003
39386,quiet_pre,-0.018,S,0.0,0,0.0,1.1000000000000003
39482,quiet_pre,-0.018,S,0.0,0,0.0,1.1000000000000003
39576,quiet_pre,-0.0179,S,0.0,0,0.0,1.1999999999999997
39672,quiet_pre,-0.0179,S,0.0,0,0.0,1.1999999999999997
39768,quiet_pre,-0.0179,S,0.0,0,0.0,1.1999999999999997
39864,quiet_pre,-0.0179,S,0.0,0,0.0,1.1999999999999997
39959,quiet_pre,-0.0179,S,0.0,0,0.0,1.1999999999999997
40055,quiet_pre,-0.0179,S,0.0,0,0.0,1.1999999999999997
40151,quiet_pre,-0.0179,S,0.0,0,0.0,1.1999999999999997
40247,quiet_pre,-0.0179,S,0.0,0,0.0,1.1999999999999997
40343,quiet_pre,-0.0179,S,0.0,0,0.0,1.1999999999999997
40437,quiet_pre,-0.0179,S,0.0,0,0.0,1.1999999999999997
40533,quiet_pre,-0.0179,S,0.0,0,0.0,1.1999999999999997
40629,quiet_pre,-0.0179,S,0.0,0,0.0,1.1999999999999997
40724,quiet_pre,-0.0179,S,0.0,0,0.0,1.1999999999999997
40820,quiet_pre,-0.0179,S,0.0,0,0.0,1.1999999999999997
40916,quiet_pre,-0.0179,S,0.0,0,0.0,1.1999999999999997
41012,quiet_pre,-0.0179,S,0.0,0,0.0,1.1999999999999997
41108,quiet_pre,-0.0179,S,0.0,0,0.0,1.1999999999999997
41204,quiet_pre,-0.0179,S,0.0,0,0.0,1.1999999999999997
41300,quiet_pre,-0.0179,S,0.0,0,0.0,1.1999999999999997
41393,quiet_pre,-0.0179,S,0.0,0,0.0,1.1999999999999997
41490,quiet_pre,-0.0179,S,0.0,0,0.0,1.1999999999999997
41585,quiet_pre,-0.0179,S,0.0,0,0.0,1.1999999999999997
41681,quiet_pre,-0.0179,S,0.0,0,0.0,1.1999999999999997
41777,quiet_pre,-0.0179,S,0.0,0,0.0,1.1999999999999997
41873,quiet_pre,-0.0179,S,0.0,0,0.0,1.1999999999999997
41969,quiet_pre,-0.0179,S,0.0,0,0.0,1.1999999999999997
42065,quiet_pre,-0.0179,S,0.0,0,0.0,1.1999999999999997
42160,quiet_pre,-0.0179,S,0.0,0,0.0,1.1999999999999997
42254,quiet_pre,-0.0179,S,0.0,0,0.0,1.1999999999999997
42350,quiet_pre,-0.0179,S,0.0,0,0.0,1.1999999999999997
42446,quiet_pre,-0.0179,S,0.0,0,0.0,1.1999999999999997
42542,quiet_pre,-0.0179,S,0.0,0,0.0,1.1999999999999997
42638,quiet_pre,-0.0179,S,0.0,0,0.0,1.1999999999999997
42734,quiet_pre,-0.0179,S,0.0,0,0.0,1.1999999999999997
42829,quiet_pre,-0.0179,S,0.0,0,0.0,1.1999999999999997
42925,quiet_pre,-0.0179,S,0.0,0,0.0,1.1999999999999997
43021,quiet_pre,-0.0179,S,0.0,0,0.0,1.1999999999999997
43115,quiet_pre,-0.0179,S,0.0,0,0.0,1.1999999999999997
43211,quiet_pre,-0.0179,S,0.0,0,0.0,1.1999999999999997
43307,quiet_pre,-0.0179,S,0.0,0,0.0,1.1999999999999997
43402,quiet_pre,-0.0179,S,0.0,0,0.0,1.1999999999999997
43498,quiet_pre,-0.0179,S,0.0,0,0.0,1.1999999999999997
43594,quiet_pre,-0.0179,S,0.0,0,0.0,1.1999999999999997
43690,quiet_pre,-0.0179,S,0.0,0,0.0,1.1999999999999997
43786,quiet_pre,-0.0179,S,0.0,0,0.0,1.1999999999999997
43882,quiet_pre,-0.0179,S,0.0,0,0.0,1.1999999999999997
43978,quiet_pre,-0.0179,S,0.0,0,0.0,1.1999999999999997
44071,quiet_pre,-0.0179,S,0.0,0,0.0,1.1999999999999997
44167,quiet_pre,-0.0179,S,0.0,0,0.0,1.1999999999999997
44263,quiet_pre,-0.0179,S,0.0,0,0.0,1.1999999999999997
44359,quiet_pre,-0.0179,S,0.0,0,0.0,1.1999999999999997
44455,quiet_pre,-0.0179,S,0.0,0,0.0,1.1999999999999997
44551,quiet_pre,-0.0179,S,0.0,0,0.0,1.1999999999999997
44647,quiet_pre,-0.0179,S,0.0,0,0.0,1.1999999999999997
44742,quiet_pre,-0.0179,S,0.0,0,0.0,1.1999999999999997
44838,quiet_pre,-0.0179,S,0.0,0,0.0,1.1999999999999997
44932,quiet_pre,-0.0179,S,0.0,0,0.0,1.1999999999999997
45028,quiet_pre,-0.0179,S,0.0,0,0.0,1.1999999999999997
45124,quiet_pre,-0.0179,S,0.0,0,0.0,1.1999999999999997
45220,quiet_pre,-0.0179,S,0.0,0,0.0,1.1999999999999997
45315,quiet_pre,-0.0179,S,0.0,0,0.0,1.1999999999999997
45411,quiet_pre,-0.0179,S,0.0,0,0.0,1.1999999999999997
45507,quiet_pre,-0.0179,S,0.0,0,0.0,1.1999999999999997
45603,quiet_pre,-0.0179,S,0.0,0,0.0,1.1999999999999997
45699,quiet_pre,-0.018,S,0.0,0,0.0,1.1000000000000003
45792,quiet_pre,-0.0183,U,0.0,0,0.0,0.7999999999999986
45888,quiet_pre,-0.0184,U,0.0,0,0.0,0.6999999999999993
45984,quiet_pre,-0.0184,U,0.0,0,0.0,0.6999999999999993
46079,quiet_pre,-0.0185,U,0.0,0,0.0,0.5999999999999999
46175,quiet_pre,-0.0185,U,0.0,0,0.0,0.5999999999999999
46271,quiet_pre,-0.0186,U,0.0,0,0.0,0.5000000000000004
46367,quiet_pre,-0.0186,U,0.0,0,0.0,0.5000000000000004
46463,quiet_pre,-0.0187,U,0.0,0,0.0,0.3999999999999976
46558,quiet_pre,-0.0187,U,0.0,0,0.0,0.3999999999999976
46654,quiet_pre,-0.0188,U,0.0,0,0.0,0.29999999999999816
46748,quiet_pre,-0.0188,U,0.0,0,0.0,0.29999999999999816
46844,quiet_pre,-0.0188,U,0.0,0,0.0,0.29999999999999816
46940,quiet_pre,-0.0189,U,0.0,0,0.0,0.1999999999999988
47036,quiet_pre,-0.0189,U,0.0,0,0.0,0.1999999999999988
47132,quiet_pre,-0.0189,S,0.0,0,0.0,0.1999999999999988
47227,quiet_pre,-0.0189,S,0.0,0,0.0,0.1999999999999988
47323,quiet_pre,-0.019,U,0.0,0,0.0,0.0999999999999994
47419,quiet_pre,-0.019,S,0.0,0,0.0,0.0999999999999994
47515,quiet_pre,-0.019,S,0.0,0,0.0,0.0999999999999994
47609,quiet_pre,-0.019,S,0.0,0,0.0,0.0999999999999994
47705,quiet_pre,-0.019,S,0.0,0,0.0,0.0999999999999994
47801,quiet_pre,-0.019,S,0.0,0,0.0,0.0999999999999994
47896,quiet_pre,-0.019,S,0.0,0,0.0,0.0999999999999994
47992,quiet_pre,-0.0189,S,0.0,0,0.0,0.1999999999999988
48088,quiet_pre,-0.0189,S,0.0,0,0.0,0.1999999999999988
48184,quiet_pre,-0.0189,S,0.0,0,0.0,0.1999999999999988
48280,quiet_pre,-0.0189,S,0.0,0,0.0,0.1999999999999988
48376,quiet_pre,-0.0189,S,0.0,0,0.0,0.1999999999999988
48478,quiet_pre,-0.0189,S,0.0,0,0.0,0.1999999999999988
48673,quiet_pre,-0.0189,S,0.0,0,0.0,0.1999999999999988
48853,quiet_pre,-0.0189,S,0.0,0,0.0,0.1999999999999988
48949,quiet_pre,-0.0189,S,0.0,0,0.0,0.1999999999999988
49045,quiet_pre,-0.0189,S,0.0,0,0.0,0.1999999999999988
49141,quiet_pre,-0.0189,S,0.0,0,0.0,0.1999999999999988
49237,quiet_pre,-0.0189,S,0.0,0,0.0,0.1999999999999988
49332,quiet_pre,-0.0188,S,0.0,0,0.0,0.29999999999999816
49426,quiet_pre,-0.0188,S,0.0,0,0.0,0.29999999999999816
49522,quiet_pre,-0.0188,S,0.0,0,0.0,0.29999999999999816
49618,quiet_pre,-0.0188,S,0.0,0,0.0,0.29999999999999816
49714,quiet_pre,-0.0188,S,0.0,0,0.0,0.29999999999999816
49810,quiet_pre,-0.0188,S,0.0,0,0.0,0.29999999999999816
49905,quiet_pre,-0.0188,S,0.0,0,0.0,0.29999999999999816
50002,quiet_pre,-0.0188,S,0.0,0,0.0,0.29999999999999816
50097,quiet_pre,-0.0188,S,0.0,0,0.0,0.29999999999999816
50193,quiet_pre,-0.0188,S,0.0,0,0.0,0.29999999999999816
50287,quiet_pre,-0.0188,S,0.0,0,0.0,0.29999999999999816
50383,quiet_pre,-0.0188,S,0.0,0,0.0,0.29999999999999816
50479,quiet_pre,-0.0188,S,0.0,0,0.0,0.29999999999999816
50574,quiet_pre,-0.0188,S,0.0,0,0.0,0.29999999999999816
50671,quiet_pre,-0.0188,S,0.0,0,0.0,0.29999999999999816
50766,quiet_pre,-0.0188,S,0.0,0,0.0,0.29999999999999816
50862,quiet_pre,-0.0188,S,0.0,0,0.0,0.29999999999999816
50958,quiet_pre,-0.0188,S,0.0,0,0.0,0.29999999999999816
51054,quiet_pre,-0.0188,S,0.0,0,0.0,0.29999999999999816
51148,quiet_pre,-0.0188,S,0.0,0,0.0,0.29999999999999816
51244,quiet_pre,-0.0188,S,0.0,0,0.0,0.29999999999999816
51339,quiet_pre,-0.0188,S,0.0,0,0.0,0.29999999999999816
51435,quiet_pre,-0.0188,S,0.0,0,0.0,0.29999999999999816
51531,quiet_pre,-0.0188,S,0.0,0,0.0,0.29999999999999816
51627,quiet_pre,-0.0188,S,0.0,0,0.0,0.29999999999999816
51723,quiet_pre,-0.0188,S,0.0,0,0.0,0.29999999999999816
51819,quiet_pre,-0.0188,S,0.0,0,0.0,0.29999999999999816
51915,quiet_pre,-0.0188,S,0.0,0,0.0,0.29999999999999816
52011,quiet_pre,-0.0188,S,0.0,0,0.0,0.29999999999999816
52105,quiet_pre,-0.0188,S,0.0,0,0.0,0.29999999999999816
52200,quiet_pre,-0.0188,S,0.0,0,0.0,0.29999999999999816
52295,quiet_pre,-0.0191,U,0.0,0,0.0,0.0
52391,quiet_pre,-0.0191,U,0.0,0,0.0,0.0
52487,quiet_pre,-0.0191,U,0.0,0,0.0,0.0
52583,quiet_pre,-0.0192,U,0.0,0,0.0,-0.0999999999999994
52679,quiet_pre,-0.0192,U,0.0,0,0.0,-0.0999999999999994
52774,quiet_pre,-0.0192,S,0.0,0,0.0,-0.0999999999999994
52870,quiet_pre,-0.0192,S,0.0,0,0.0,-0.0999999999999994
52964,quiet_pre,-0.0192,S,0.0,0,0.0,-0.0999999999999994
53060,quiet_pre,-0.0192,S,0.0,0,0.0,-0.0999999999999994
53156,quiet_pre,-0.0192,S,0.0,0,0.0,-0.0999999999999994
53252,quiet_pre,-0.0192,S,0.0,0,0.0,-0.0999999999999994
53348,quiet_pre,-0.0192,S,0.0,0,0.0,-0.0999999999999994
53443,quiet_pre,-0.0192,S,0.0,0,0.0,-0.0999999999999994
53539,quiet_pre,-0.0192,S,0.0,0,0.0,-0.0999999999999994
53635,quiet_pre,-0.0192,S,0.0,0,0.0,-0.0999999999999994
53731,quiet_pre,-0.0192,S,0.0,0,0.0,-0.0999999999999994
53825,quiet_pre,-0.0192,S,0.0,0,0.0,-0.0999999999999994
53921,quiet_pre,-0.0192,S,0.0,0,0.0,-0.0999999999999994
54017,quiet_pre,-0.0192,S,0.0,0,0.0,-0.0999999999999994
54113,quiet_pre,-0.0191,S,0.0,0,0.0,0.0
54208,quiet_pre,-0.0191,S,0.0,0,0.0,0.0
54304,quiet_pre,-0.0191,S,0.0,0,0.0,0.0
54400,quiet_pre,-0.0191,S,0.0,0,0.0,0.0
54496,quiet_pre,-0.0191,S,0.0,0,0.0,0.0
54592,quiet_pre,-0.0191,S,0.0,0,0.0,0.0
54688,quiet_pre,-0.0191,S,0.0,0,0.0,0.0
54782,quiet_pre,-0.0191,S,0.0,0,0.0,0.0
54877,quiet_pre,-0.0191,S,0.0,0,0.0,0.0
54973,quiet_pre,-0.0191,S,0.0,0,0.0,0.0
55069,quiet_pre,-0.0191,S,0.0,0,0.0,0.0
55165,quiet_pre,-0.0191,S,0.0,0,0.0,0.0
55261,quiet_pre,-0.0191,S,0.0,0,0.0,0.0
55357,quiet_pre,-0.0191,S,0.0,0,0.0,0.0
55453,quiet_pre,-0.0191,S,0.0,0,0.0,0.0
55548,quiet_pre,-0.0191,S,0.0,0,0.0,0.0
55642,quiet_pre,-0.0191,S,0.0,0,0.0,0.0
55738,quiet_pre,-0.0191,S,0.0,0,0.0,0.0
55834,quiet_pre,-0.0191,S,0.0,0,0.0,0.0
55930,quiet_pre,-0.0191,S,0.0,0,0.0,0.0
56026,quiet_pre,-0.0191,S,0.0,0,0.0,0.0
56122,quiet_pre,-0.0191,S,0.0,0,0.0,0.0
56218,quiet_pre,-0.0191,S,0.0,0,0.0,0.0
56314,quiet_pre,-0.0191,S,0.0,0,0.0,0.0
56409,quiet_pre,-0.0191,S,0.0,0,0.0,0.0
56503,quiet_pre,-0.0191,S,0.0,0,0.0,0.0
56599,quiet_pre,-0.0191,S,0.0,0,0.0,0.0
56695,quiet_pre,-0.0191,S,0.0,0,0.0,0.0
56790,quiet_pre,-0.0194,U,0.0,0,0.0,-0.30000000000000165
56886,quiet_pre,-0.0194,U,0.0,0,0.0,-0.30000000000000165
56982,quiet_pre,-0.0194,U,0.0,0,0.0,-0.30000000000000165
57078,quiet_pre,-0.0195,U,0.0,0,0.0,-0.400000000000001
57173,quiet_pre,-0.0195,U,0.0,0,0.0,-0.400000000000001
57269,quiet_pre,-0.0195,S,0.0,0,0.0,-0.400000000000001
57365,quiet_pre,-0.0195,S,0.0,0,0.0,-0.400000000000001
57459,quiet_pre,-0.0194,S,0.0,0,0.0,-0.30000000000000165
57555,quiet_pre,-0.0194,S,0.0,0,0.0,-0.30000000000000165
57651,quiet_pre,-0.0194,S,0.0,0,0.0,-0.30000000000000165
57747,quiet_pre,-0.0194,S,0.0,0,0.0,-0.30000000000000165
57843,quiet_pre,-0.0194,S,0.0,0,0.0,-0.30000000000000165
57938,quiet_pre,-0.0194,S,0.0,0,0.0,-0.30000000000000165
58034,quiet_pre,-0.0194,S,0.0,0,0.0,-0.30000000000000165
58130,quiet_pre,-0.0194,S,0.0,0,0.0,-0.30000000000000165
58226,quiet_pre,-0.0194,S,0.0,0,0.0,-0.30000000000000165
58320,quiet_pre,-0.0194,S,0.0,0,0.0,-0.30000000000000165
58416,quiet_pre,-0.0194,S,0.0,0,0.0,-0.30000000000000165
58511,quiet_pre,-0.0194,S,0.0,0,0.0,-0.30000000000000165
58607,quiet_pre,-0.0194,S,0.0,0,0.0,-0.30000000000000165
58703,quiet_pre,-0.0194,S,0.0,0,0.0,-0.30000000000000165
58799,quiet_pre,-0.0194,S,0.0,0,0.0,-0.30000000000000165
58895,quiet_pre,-0.0194,S,0.0,0,0.0,-0.30000000000000165
58991,quiet_pre,-0.0194,S,0.0,0,0.0,-0.30000000000000165
59087,quiet_pre,-0.0194,S,0.0,0,0.0,-0.30000000000000165
59181,quiet_pre,-0.0194,S,0.0,0,0.0,-0.30000000000000165
59276,quiet_pre,-0.0194,S,0.0,0,0.0,-0.30000000000000165
59373,quiet_pre,-0.0194,S,0.0,0,0.0,-0.30000000000000165
59468,quiet_pre,-0.0194,S,0.0,0,0.0,-0.30000000000000165
59564,quiet_pre,-0.0194,S,0.0,0,0.0,-0.30000000000000165
59660,quiet_pre,-0.0194,S,0.0,0,0.0,-0.30000000000000165
59756,quiet_pre,-0.0194,S,0.0,0,0.0,-0.30000000000000165
59852,quiet_pre,-0.0194,S,0.0,0,0.0,-0.30000000000000165
59947,quiet_pre,-0.0194,S,0.0,0,0.0,-0.30000000000000165
60044,quiet_pre,-0.0194,S,0.0,0,0.0,-0.30000000000000165
60137,quiet_pre,-0.0194,S,0.0,0,0.0,-0.30000000000000165
60233,quiet_pre,-0.0194,S,0.0,0,0.0,-0.30000000000000165
60329,quiet_pre,-0.0194,S,0.0,0,0.0,-0.30000000000000165
60425,quiet_pre,-0.0193,S,0.0,0,0.0,-0.20000000000000226
60521,quiet_pre,-0.0193,S,0.0,0,0.0,-0.20000000000000226
60617,quiet_pre,-0.0193,S,0.0,0,0.0,-0.20000000000000226
60712,quiet_pre,-0.0193,S,0.0,0,0.0,-0.20000000000000226
60808,quiet_pre,-0.0193,S,0.0,0,0.0,-0.20000000000000226
60904,quiet_pre,-0.0193,S,0.0,0,0.0,-0.20000000000000226
60998,quiet_pre,-0.0193,S,0.0,0,0.0,-0.20000000000000226
61094,quiet_pre,-0.0193,S,0.0,0,0.0,-0.20000000000000226
61201,quiet_pre,-0.0193,S,0.0,0,0.0,-0.20000000000000226
61382,quiet_pre,-0.0193,S,0.0,0,0.0,-0.20000000000000226
61477,quiet_pre,-0.0193,S,0.0,0,0.0,-0.20000000000000226
61573,quiet_pre,-0.0193,S,0.0,0,0.0,-0.20000000000000226
61669,quiet_pre,-0.0193,S,0.0,0,0.0,-0.20000000000000226
61765,quiet_pre,-0.0193,S,0.0,0,0.0,-0.20000000000000226
61859,quiet_pre,-0.0193,S,0.0,0,0.0,-0.20000000000000226
61955,quiet_pre,-0.0193,S,0.0,0,0.0,-0.20000000000000226
62051,quiet_pre,-0.0193,S,0.0,0,0.0,-0.20000000000000226
62146,quiet_pre,-0.0193,S,0.0,0,0.0,-0.20000000000000226
62242,quiet_pre,-0.0193,S,0.0,0,0.0,-0.20000000000000226
62338,quiet_pre,-0.0193,S,0.0,0,0.0,-0.20000000000000226
62434,quiet_pre,-0.0193,S,0.0,0,0.0,-0.20000000000000226
62530,quiet_pre,-0.0193,S,0.0,0,0.0,-0.20000000000000226
62626,quiet_pre,-0.0193,S,0.0,0,0.0,-0.20000000000000226
62721,quiet_pre,-0.0192,S,0.0,0,0.0,-0.0999999999999994
62815,quiet_pre,-0.0192,S,0.0,0,0.0,-0.0999999999999994
62911,quiet_pre,-0.0192,S,0.0,0,0.0,-0.0999999999999994
63007,quiet_pre,-0.0192,S,0.0,0,0.0,-0.0999999999999994
63103,quiet_pre,-0.0192,S,0.0,0,0.0,-0.0999999999999994
63199,quiet_pre,-0.0192,S,0.0,0,0.0,-0.0999999999999994
63295,quiet_pre,-0.0192,S,0.0,0,0.0,-0.0999999999999994
63390,quiet_pre,-0.0192,S,0.0,0,0.0,-0.0999999999999994
63486,quiet_pre,-0.0192,S,0.0,0,0.0,-0.0999999999999994
63582,quiet_pre,-0.0192,S,0.0,0,0.0,-0.0999999999999994
63676,quiet_pre,-0.0192,S,0.0,0,0.0,-0.0999999999999994
63772,quiet_pre,-0.0192,S,0.0,0,0.0,-0.0999999999999994
63868,quiet_pre,-0.0192,S,0.0,0,0.0,-0.0999999999999994
63963,quiet_pre,-0.0192,S,0.0,0,0.0,-0.0999999999999994
64059,quiet_pre,-0.0192,S,0.0,0,0.0,-0.0999999999999994
64155,quiet_pre,-0.0192,S,0.0,0,0.0,-0.0999999999999994
64251,quiet_pre,-0.0192,S,0.0,0,0.0,-0.0999999999999994
64347,quiet_pre,-0.0192,S,0.0,0,0.0,-0.0999999999999994
64443,quiet_pre,-0.0192,S,0.0,0,0.0,-0.0999999999999994
64537,quiet_pre,-0.0192,S,0.0,0,0.0,-0.0999999999999994
64632,quiet_pre,-0.0192,S,0.0,0,0.0,-0.0999999999999994
64728,quiet_pre,-0.0192,S,0.0,0,0.0,-0.0999999999999994
64824,quiet_pre,-0.0192,S,0.0,0,0.0,-0.0999999999999994
64920,quiet_pre,-0.0192,S,0.0,0,0.0,-0.0999999999999994
65016,quiet_pre,-0.0192,S,0.0,0,0.0,-0.0999999999999994
65112,quiet_pre,-0.0192,S,0.0,0,0.0,-0.0999999999999994
65207,quiet_pre,-0.0192,S,0.0,0,0.0,-0.0999999999999994
65303,quiet_pre,-0.0192,S,0.0,0,0.0,-0.0999999999999994
65399,quiet_pre,-0.0192,S,0.0,0,0.0,-0.0999999999999994
65493,quiet_pre,-0.0192,S,0.0,0,0.0,-0.0999999999999994
65589,quiet_pre,-0.0192,S,0.0,0,0.0,-0.0999999999999994
65685,quiet_pre,-0.0192,S,0.0,0,0.0,-0.0999999999999994
65780,quiet_pre,-0.0192,S,0.0,0,0.0,-0.0999999999999994
65876,quiet_pre,-0.0192,S,0.0,0,0.0,-0.0999999999999994
65972,quiet_pre,-0.0192,S,0.0,0,0.0,-0.0999999999999994
66068,quiet_pre,-0.0192,S,0.0,0,0.0,-0.0999999999999994
66164,quiet_pre,-0.0192,S,0.0,0,0.0,-0.0999999999999994
66260,quiet_pre,-0.0192,S,0.0,0,0.0,-0.0999999999999994
66354,quiet_pre,-0.0192,S,0.0,0,0.0,-0.0999999999999994
66449,quiet_pre,-0.0192,S,0.0,0,0.0,-0.0999999999999994
66546,quiet_pre,-0.0192,S,0.0,0,0.0,-0.0999999999999994
66641,quiet_pre,-0.0192,S,0.0,0,0.0,-0.0999999999999994
66737,quiet_pre,-0.0192,S,0.0,0,0.0,-0.0999999999999994
66833,quiet_pre,-0.0192,S,0.0,0,0.0,-0.0999999999999994
66929,quiet_pre,-0.0192,S,0.0,0,0.0,-0.0999999999999994
67024,quiet_pre,-0.0192,S,0.0,0,0.0,-0.0999999999999994
67121,quiet_pre,-0.0192,S,0.0,0,0.0,-0.0999999999999994
67214,quiet_pre,-0.0192,S,0.0,0,0.0,-0.0999999999999994
67310,quiet_pre,-0.0192,S,0.0,0,0.0,-0.0999999999999994
67406,quiet_pre,-0.0192,S,0.0,0,0.0,-0.0999999999999994
67502,quiet_pre,-0.0192,S,0.0,0,0.0,-0.0999999999999994
67598,quiet_pre,-0.0192,S,0.0,0,0.0,-0.0999999999999994
67693,quiet_pre,-0.0192,S,0.0,0,0.0,-0.0999999999999994
67789,quiet_pre,-0.0192,S,0.0,0,0.0,-0.0999999999999994
67885,quiet_pre,-0.0192,S,0.0,0,0.0,-0.0999999999999994
67981,quiet_pre,-0.0192,S,0.0,0,0.0,-0.0999999999999994
68077,quiet_pre,-0.0192,S,0.0,0,0.0,-0.0999999999999994
68171,quiet_pre,-0.0192,S,0.0,0,0.0,-0.0999999999999994
68266,quiet_pre,-0.0192,S,0.0,0,0.0,-0.0999999999999994
68363,quiet_pre,-0.0192,S,0.0,0,0.0,-0.0999999999999994
68458,quiet_pre,-0.0192,S,0.0,0,0.0,-0.0999999999999994
68554,quiet_pre,-0.0191,S,0.0,0,0.0,0.0
68650,quiet_pre,-0.0191,S,0.0,0,0.0,0.0
68746,quiet_pre,-0.0191,S,0.0,0,0.0,0.0
68842,quiet_pre,-0.0191,S,0.0,0,0.0,0.0
68937,quiet_pre,-0.0191,S,0.0,0,0.0,0.0
69031,quiet_pre,-0.0191,S,0.0,0,0.0,0.0
69127,quiet_pre,-0.0191,S,0.0,0,0.0,0.0
69223,quiet_pre,-0.0191,S,0.0,0,0.0,0.0
69319,quiet_pre,-0.0191,S,0.0,0,0.0,0.0
69415,quiet_pre,-0.0191,S,0.0,0,0.0,0.0
69511,quiet_pre,-0.0191,S,0.0,0,0.0,0.0
69606,quiet_pre,-0.0191,S,0.0,0,0.0,0.0
69702,quiet_pre,-0.0191,S,0.0,0,0.0,0.0
69798,quiet_pre,-0.0191,S,0.0,0,0.0,0.0
69892,quiet_pre,-0.0191,S,0.0,0,0.0,0.0
69988,quiet_pre,-0.019,S,0.0,0,0.0,0.0999999999999994
70084,quiet_pre,-0.019,S,0.0,0,0.0,0.0999999999999994
70180,quiet_pre,-0.019,S,0.0,0,0.0,0.0999999999999994
70275,quiet_pre,-0.019,S,0.0,0,0.0,0.0999999999999994
70371,quiet_pre,-0.019,S,0.0,0,0.0,0.0999999999999994
70467,quiet_pre,-0.019,S,0.0,0,0.0,0.0999999999999994
70563,quiet_pre,-0.019,S,0.0,0,0.0,0.0999999999999994
70659,quiet_pre,-0.019,S,0.0,0,0.0,0.0999999999999994
70755,quiet_pre,-0.019,S,0.0,0,0.0,0.0999999999999994
70848,quiet_pre,-0.0189,S,0.0,0,0.0,0.1999999999999988
70944,quiet_pre,-0.0189,S,0.0,0,0.0,0.1999999999999988
71040,quiet_pre,-0.0189,S,0.0,0,0.0,0.1999999999999988
71136,quiet_pre,-0.0189,S,0.0,0,0.0,0.1999999999999988
71232,quiet_pre,-0.0189,S,0.0,0,0.0,0.1999999999999988
71328,quiet_pre,-0.0189,S,0.0,0,0.0,0.1999999999999988
71424,quiet_pre,-0.0189,S,0.0,0,0.0,0.1999999999999988
71519,quiet_pre,-0.0188,S,0.0,0,0.0,0.29999999999999816
71615,quiet_pre,-0.0188,S,0.0,0,0.0,0.29999999999999816
71709,quiet_pre,-0.0188,S,0.0,0,0.0,0.29999999999999816
71805,quiet_pre,-0.0188,S,0.0,0,0.0,0.29999999999999816
71901,quiet_pre,-0.0188,S,0.0,0,0.0,0.29999999999999816
71996,quiet_pre,-0.0188,S,0.0,0,0.0,0.29999999999999816
72092,quiet_pre,-0.0188,S,0.0,0,0.0,0.29999999999999816
72188,quiet_pre,-0.0188,S,0.0,0,0.0,0.29999999999999816
72284,quiet_pre,-0.0187,S,0.0,0,0.0,0.3999999999999976
72380,quiet_pre,-0.0187,S,0.0,0,0.0,0.3999999999999976
72476,quiet_pre,-0.0187,S,0.0,0,0.0,0.3999999999999976
72570,quiet_pre,-0.0187,S,0.0,0,0.0,0.3999999999999976
72665,quiet_pre,-0.0187,S,0.0,0,0.0,0.3999999999999976
72761,quiet_pre,-0.0187,S,0.0,0,0.0,0.3999999999999976
72857,quiet_pre,-0.0187,S,0.0,0,0.0,0.3999999999999976
72953,quiet_pre,-0.0187,S,0.0,0,0.0,0.3999999999999976
73049,quiet_pre,-0.0187,S,0.0,0,0.0,0.3999999999999976
73145,quiet_pre,-0.0187,S,0.0,0,0.0,0.3999999999999976
73241,quiet_pre,-0.0187,S,0.0,0,0.0,0.3999999999999976
73336,quiet_pre,-0.0187,S,0.0,0,0.0,0.3999999999999976
73432,quiet_pre,-0.0187,S,0.0,0,0.0,0.3999999999999976
73526,quiet_pre,-0.0186,S,0.0,0,0.0,0.5000000000000004
73622,quiet_pre,-0.0186,S,0.0,0,0.0,0.5000000000000004
73717,quiet_pre,-0.0189,U,0.0,0,0.0,0.1999999999999988
73813,quiet_pre,-0.0189,U,0.0,0,0.0,0.1999999999999988
73909,quiet_pre,-0.0189,U,0.0,0,0.0,0.1999999999999988
74011,quiet_pre,-0.0189,U,0.0,0,0.0,0.1999999999999988
74101,quiet_pre,-0.019,U,0.0,0,0.0,0.0999999999999994
74196,quiet_pre,-0.019,S,0.0,0,0.0,0.0999999999999994
74292,quiet_pre,-0.019,S,0.0,0,0.0,0.0999999999999994
74386,quiet_pre,-0.0191,U,0.0,0,0.0,0.0
74482,quiet_pre,-0.0191,U,0.0,0,0.0,0.0
74577,quiet_pre,-0.0191,S,0.0,0,0.0,0.0
74673,quiet_pre,-0.0192,U,0.0,0,0.0,-0.0999999999999994
74769,quiet_pre,-0.0192,U,0.0,0,0.0,-0.0999999999999994
74865,quiet_pre,-0.0192,S,0.0,0,0.0,-0.0999999999999994
74961,quiet_pre,-0.0193,U,0.0,0,0.0,-0.20000000000000226
75057,quiet_pre,-0.0193,U,0.0,0,0.0,-0.20000000000000226
75152,quiet_pre,-0.0193,S,0.0,0,0.0,-0.20000000000000226
75246,quiet_pre,-0.0193,S,0.0,0,0.0,-0.20000000000000226
75342,quiet_pre,-0.0193,S,0.0,0,0.0,-0.20000000000000226
75438,quiet_pre,-0.0193,S,0.0,0,0.0,-0.20000000000000226
75534,quiet_pre,-0.0193,S,0.0,0,0.0,-0.20000000000000226
75630,quiet_pre,-0.0193,S,0.0,0,0.0,-0.20000000000000226
75726,quiet_pre,-0.0193,S,0.0,0,0.0,-0.20000000000000226
75821,quiet_pre,-0.0193,S,0.0,0,0.0,-0.20000000000000226
75917,quiet_pre,-0.0193,S,0.0,0,0.0,-0.20000000000000226
76013,quiet_pre,-0.0193,S,0.0,0,0.0,-0.20000000000000226
76109,quiet_pre,-0.0193,S,0.0,0,0.0,-0.20000000000000226
76203,quiet_pre,-0.0193,S,0.0,0,0.0,-0.20000000000000226
76299,quiet_pre,-0.0193,S,0.0,0,0.0,-0.20000000000000226
76395,quiet_pre,-0.0193,S,0.0,0,0.0,-0.20000000000000226
76490,quiet_pre,-0.0193,S,0.0,0,0.0,-0.20000000000000226
76586,quiet_pre,-0.0192,S,0.0,0,0.0,-0.0999999999999994
76682,quiet_pre,-0.0192,S,0.0,0,0.0,-0.0999999999999994
76778,quiet_pre,-0.0192,S,0.0,0,0.0,-0.0999999999999994
76874,quiet_pre,-0.0188,U,0.0,0,0.0,0.29999999999999816
76970,quiet_pre,-0.0188,U,0.0,0,0.0,0.29999999999999816
77063,quiet_pre,-0.0187,U,0.0,0,0.0,0.3999999999999976
77159,quiet_pre,-0.0186,U,0.0,0,0.0,0.5000000000000004
77255,quiet_pre,-0.0186,U,0.0,0,0.0,0.5000000000000004
77351,quiet_pre,-0.0185,U,0.0,0,0.0,0.5999999999999999
77447,quiet_pre,-0.0184,U,0.0,0,0.0,0.6999999999999993
77543,quiet_pre,-0.0184,U,0.0,0,0.0,0.6999999999999993
77638,quiet_pre,-0.0183,U,0.0,0,0.0,0.7999999999999986
77734,quiet_pre,-0.0182,U,0.0,0,0.0,0.899999999999998
77830,quiet_pre,-0.0181,U,0.0,0,0.0,0.9999999999999974
77924,quiet_pre,-0.0181,U,0.0,0,0.0,0.9999999999999974
78020,quiet_pre,-0.018,U,0.0,0,0.0,1.1000000000000003
78116,quiet_pre,-0.0179,U,0.0,0,0.0,1.1999999999999997
78212,quiet_pre,-0.0179,U,0.0,0,0.0,1.1999999999999997
78307,quiet_pre,-0.0178,U,0.0,0,0.0,1.2999999999999992
78403,quiet_pre,-0.0178,U,0.0,0,0.0,1.2999999999999992
78499,quiet_pre,-0.0177,U,0.0,0,0.0,1.3999999999999986
78595,quiet_pre,-0.0177,U,0.0,0,0.0,1.3999999999999986
78691,quiet_pre,-0.0177,U,0.0,0,0.0,1.3999999999999986
78785,quiet_pre,-0.0176,U,0.0,0,0.0,1.4999999999999978
78880,quiet_pre,-0.0176,U,0.0,0,0.0,1.4999999999999978
78976,quiet_pre,-0.0176,S,0.0,0,0.0,1.4999999999999978
79072,quiet_pre,-0.0175,U,0.0,0,0.0,1.5999999999999972
79168,quiet_pre,-0.0175,U,0.0,0,0.0,1.5999999999999972
79264,quiet_pre,-0.0175,S,0.0,0,0.0,1.5999999999999972
79360,quiet_pre,-0.0175,S,0.0,0,0.0,1.5999999999999972
79456,quiet_pre,-0.0175,S,0.0,0,0.0,1.5999999999999972
79551,quiet_pre,-0.0176,S,0.0,0,0.0,1.4999999999999978
79647,quiet_pre,-0.0176,S,0.0,0,0.0,1.4999999999999978
79741,quiet_pre,-0.0176,S,0.0,0,0.0,1.4999999999999978
79837,quiet_pre,-0.0177,U,0.0,0,0.0,1.3999999999999986
79933,quiet_pre,-0.0177,U,0.0,0,0.0,1.3999999999999986
80029,quiet_pre,-0.0177,S,0.0,0,0.0,1.3999999999999986
80125,quiet_pre,-0.0178,U,0.0,0,0.0,1.2999999999999992
80220,quiet_pre,-0.0178,U,0.0,0,0.0,1.2999999999999992
80316,quiet_pre,-0.0178,S,0.0,0,0.0,1.2999999999999992
80412,quiet_pre,-0.0178,S,0.0,0,0.0,1.2999999999999992
80508,quiet_pre,-0.0179,U,0.0,0,0.0,1.1999999999999997
80602,quiet_pre,-0.0181,U,0.0,0,0.0,0.9999999999999974
80698,quiet_pre,-0.0182,U,0.0,0,0.0,0.899999999999998
80794,quiet_pre,-0.0182,U,0.0,0,0.0,0.899999999999998
80889,quiet_pre,-0.0183,U,0.0,0,0.0,0.7999999999999986
80985,quiet_pre,-0.0183,U,0.0,0,0.0,0.7999999999999986
81081,quiet_pre,-0.0184,U,0.0,0,0.0,0.6999999999999993
81177,quiet_pre,-0.0184,U,0.0,0,0.0,0.6999999999999993
81273,quiet_pre,-0.0185,U,0.0,0,0.0,0.5999999999999999
81368,quiet_pre,-0.0185,U,0.0,0,0.0,0.5999999999999999
81464,quiet_pre,-0.0185,U,0.0,0,0.0,0.5999999999999999
81558,quiet_pre,-0.0186,U,0.0,0,0.0,0.5000000000000004
81654,quiet_pre,-0.0186,U,0.0,0,0.0,0.5000000000000004
81750,quiet_pre,-0.0186,S,0.0,0,0.0,0.5000000000000004
81846,quiet_pre,-0.0186,S,0.0,0,0.0,0.5000000000000004
81941,quiet_pre,-0.0186,S,0.0,0,0.0,0.5000000000000004
82037,quiet_pre,-0.0186,S,0.0,0,0.0,0.5000000000000004
82133,quiet_pre,-0.0186,S,0.0,0,0.0,0.5000000000000004
82229,quiet_pre,-0.0186,S,0.0,0,0.0,0.5000000000000004
82325,quiet_pre,-0.0186,S,0.0,0,0.0,0.5000000000000004
82419,quiet_pre,-0.0185,S,0.0,0,0.0,0.5999999999999999
82515,quiet_pre,-0.0185,S,0.0,0,0.0,0.5999999999999999
82610,quiet_pre,-0.0185,S,0.0,0,0.0,0.5999999999999999
82706,quiet_pre,-0.0185,S,0.0,0,0.0,0.5999999999999999
82802,quiet_pre,-0.0185,S,0.0,0,0.0,0.5999999999999999
82898,quiet_pre,-0.0185,S,0.0,0,0.0,0.5999999999999999
82994,quiet_pre,-0.0185,S,0.0,0,0.0,0.5999999999999999
83090,quiet_pre,-0.0184,S,0.0,0,0.0,0.6999999999999993
83186,quiet_pre,-0.0184,S,0.0,0,0.0,0.6999999999999993
83280,quiet_pre,-0.0184,S,0.0,0,0.0,0.6999999999999993
83375,quiet_pre,-0.0184,S,0.0,0,0.0,0.6999999999999993
83471,quiet_pre,-0.0184,S,0.0,0,0.0,0.6999999999999993
83567,quiet_pre,-0.0184,S,0.0,0,0.0,0.6999999999999993
83663,quiet_pre,-0.0184,S,0.0,0,0.0,0.6999999999999993
83759,quiet_pre,-0.0184,S,0.0,0,0.0,0.6999999999999993
83855,quiet_pre,-0.0183,S,0.0,0,0.0,0.7999999999999986
83951,quiet_pre,-0.0183,S,0.0,0,0.0,0.7999999999999986
84047,quiet_pre,-0.0183,S,0.0,0,0.0,0.7999999999999986
84140,quiet_pre,-0.0183,S,0.0,0,0.0,0.7999999999999986
84236,quiet_pre,-0.0183,S,0.0,0,0.0,0.7999999999999986
84332,quiet_pre,-0.0183,S,0.0,0,0.0,0.7999999999999986
84428,quiet_pre,-0.0183,S,0.0,0,0.0,0.7999999999999986
84524,quiet_pre,-0.0183,S,0.0,0,0.0,0.7999999999999986
84620,quiet_pre,-0.0183,S,0.0,0,0.0,0.7999999999999986
84716,quiet_pre,-0.0183,S,0.0,0,0.0,0.7999999999999986
84811,quiet_pre,-0.0183,S,0.0,0,0.0,0.7999999999999986
84907,quiet_pre,-0.0183,S,0.0,0,0.0,0.7999999999999986
85003,quiet_pre,-0.0183,S,0.0,0,0.0,0.7999999999999986
85097,quiet_pre,-0.0183,S,0.0,0,0.0,0.7999999999999986
85193,quiet_pre,-0.0183,S,0.0,0,0.0,0.7999999999999986
85289,quiet_pre,-0.0183,S,0.0,0,0.0,0.7999999999999986
85385,quiet_pre,-0.0183,S,0.0,0,0.0,0.7999999999999986
85480,quiet_pre,-0.0183,S,0.0,0,0.0,0.7999999999999986
85576,quiet_pre,-0.0183,S,0.0,0,0.0,0.7999999999999986
85672,quiet_pre,-0.0183,S,0.0,0,0.0,0.7999999999999986
85768,quiet_pre,-0.0183,S,0.0,0,0.0,0.7999999999999986
85864,quiet_pre,-0.0183,S,0.0,0,0.0,0.7999999999999986
85958,quiet_pre,-0.0183,S,0.0,0,0.0,0.7999999999999986
86054,quiet_pre,-0.0182,S,0.0,0,0.0,0.899999999999998
86150,quiet_pre,-0.0182,S,0.0,0,0.0,0.899999999999998
86245,quiet_pre,-0.0182,S,0.0,0,0.0,0.899999999999998
86341,quiet_pre,-0.0182,S,0.0,0,0.0,0.899999999999998
86437,quiet_pre,-0.0182,S,0.0,0,0.0,0.899999999999998
86533,quiet_pre,-0.0182,S,0.0,0,0.0,0.899999999999998
86629,quiet_pre,-0.0182,S,0.0,0,0.0,0.899999999999998
86736,quiet_pre,-0.0182,S,0.0,0,0.0,0.899999999999998
86914,quiet_pre,-0.0177,U,0.0,0,0.0,1.3999999999999986
87009,quiet_pre,-0.0177,U,0.0,0,0.0,1.3999999999999986
87105,quiet_pre,-0.0176,U,0.0,0,0.0,1.4999999999999978
87201,quiet_pre,-0.0176,U,0.0,0,0.0,1.4999999999999978
87297,quiet_pre,-0.0176,U,0.0,0,0.0,1.4999999999999978
87393,quiet_pre,-0.0176,S,0.0,0,0.0,1.4999999999999978
87489,quiet_pre,-0.0176,S,0.0,0,0.0,1.4999999999999978
87585,quiet_pre,-0.0176,S,0.0,0,0.0,1.4999999999999978
87680,quiet_pre,-0.0176,S,0.0,0,0.0,1.4999999999999978
87774,quiet_pre,-0.0176,S,0.0,0,0.0,1.4999999999999978
87870,quiet_pre,-0.0176,S,0.0,0,0.0,1.4999999999999978
87966,quiet_pre,-0.0176,S,0.0,0,0.0,1.4999999999999978
88062,quiet_pre,-0.0176,S,0.0,0,0.0,1.4999999999999978
88158,quiet_pre,-0.0176,S,0.0,0,0.0,1.4999999999999978
88253,quiet_pre,-0.0176,S,0.0,0,0.0,1.4999999999999978
88350,quiet_pre,-0.0176,S,0.0,0,0.0,1.4999999999999978
88445,quiet_pre,-0.0177,S,0.0,0,0.0,1.3999999999999986
88541,quiet_pre,-0.0177,S,0.0,0,0.0,1.3999999999999986
88635,quiet_pre,-0.0177,S,0.0,0,0.0,1.3999999999999986
88731,quiet_pre,-0.0177,S,0.0,0,0.0,1.3999999999999986
88827,quiet_pre,-0.0177,S,0.0,0,0.0,1.3999999999999986
88922,quiet_pre,-0.0177,S,0.0,0,0.0,1.3999999999999986
89018,quiet_pre,-0.0177,S,0.0,0,0.0,1.3999999999999986
89114,quiet_pre,-0.0177,S,0.0,0,0.0,1.3999999999999986
89210,quiet_pre,-0.0177,S,0.0,0,0.0,1.3999999999999986
89306,quiet_pre,-0.0177,S,0.0,0,0.0,1.3999999999999986
89402,quiet_pre,-0.0177,S,0.0,0,0.0,1.3999999999999986
89496,quiet_pre,-0.0177,S,0.0,0,0.0,1.3999999999999986
89592,quiet_pre,-0.0177,S,0.0,0,0.0,1.3999999999999986
89687,quiet_pre,-0.0177,S,0.0,0,0.0,1.3999999999999986
89783,quiet_pre,-0.0177,S,0.0,0,0.0,1.3999999999999986
89879,quiet_pre,-0.0177,S,0.0,0,0.0,1.3999999999999986
89975,quiet_pre,-0.0177,S,0.0,0,0.0,1.3999999999999986
90071,quiet_pre,-0.0177,S,0.0,0,0.0,1.3999999999999986
90167,quiet_pre,-0.0177,S,0.0,0,0.0,1.3999999999999986
90263,quiet_pre,-0.0177,S,0.0,0,0.0,1.3999999999999986
90358,quiet_pre,-0.0177,S,0.0,0,0.0,1.3999999999999986
90452,quiet_pre,-0.0177,S,0.0,0,0.0,1.3999999999999986
90548,quiet_pre,-0.0177,S,0.0,0,0.0,1.3999999999999986
90644,quiet_pre,-0.0176,S,0.0,0,0.0,1.4999999999999978
90740,quiet_pre,-0.0176,S,0.0,0,0.0,1.4999999999999978
90836,quiet_pre,-0.0176,S,0.0,0,0.0,1.4999999999999978
90932,quiet_pre,-0.0176,S,0.0,0,0.0,1.4999999999999978
91028,quiet_pre,-0.0176,S,0.0,0,0.0,1.4999999999999978
91123,quiet_pre,-0.0176,S,0.0,0,0.0,1.4999999999999978
91219,quiet_pre,-0.0176,S,0.0,0,0.0,1.4999999999999978
91313,quiet_pre,-0.0176,S,0.0,0,0.0,1.4999999999999978
91409,quiet_pre,-0.0176,S,0.0,0,0.0,1.4999999999999978
91505,quiet_pre,-0.0176,S,0.0,0,0.0,1.4999999999999978
91601,quiet_pre,-0.0176,S,0.0,0,0.0,1.4999999999999978
91697,quiet_pre,-0.0175,S,0.0,0,0.0,1.5999999999999972
91792,quiet_pre,-0.0175,S,0.0,0,0.0,1.5999999999999972
91888,quiet_pre,-0.0175,S,0.0,0,0.0,1.5999999999999972
91984,quiet_pre,-0.0175,S,0.0,0,0.0,1.5999999999999972
92080,quiet_pre,-0.0175,S,0.0,0,0.0,1.5999999999999972
92174,quiet_pre,-0.0175,S,0.0,0,0.0,1.5999999999999972
92270,quiet_pre,-0.0175,S,0.0,0,0.0,1.5999999999999972
92366,quiet_pre,-0.0175,S,0.0,0,0.0,1.5999999999999972
92462,quiet_pre,-0.0175,S,0.0,0,0.0,1.5999999999999972
92557,quiet_pre,-0.0175,S,0.0,0,0.0,1.5999999999999972
92653,quiet_pre,-0.0175,S,0.0,0,0.0,1.5999999999999972
92749,quiet_pre,-0.0175,S,0.0,0,0.0,1.5999999999999972
92845,quiet_pre,-0.0175,S,0.0,0,0.0,1.5999999999999972
92941,quiet_pre,-0.0175,S,0.0,0,0.0,1.5999999999999972
93037,quiet_pre,-0.0175,S,0.0,0,0.0,1.5999999999999972
93130,quiet_pre,-0.0175,S,0.0,0,0.0,1.5999999999999972
93227,quiet_pre,-0.0175,S,0.0,0,0.0,1.5999999999999972
93322,quiet_pre,-0.0175,S,0.0,0,0.0,1.5999999999999972
93418,quiet_pre,-0.0175,S,0.0,0,0.0,1.5999999999999972
93514,quiet_pre,-0.0175,S,0.0,0,0.0,1.5999999999999972
93609,quiet_pre,-0.0177,U,0.0,0,0.0,1.3999999999999986
93705,quiet_pre,-0.0177,U,0.0,0,0.0,1.3999999999999986
93800,quiet_pre,-0.0178,U,0.0,0,0.0,1.2999999999999992
93896,quiet_pre,-0.0178,U,0.0,0,0.0,1.2999999999999992
93990,quiet_pre,-0.0179,U,0.0,0,0.0,1.1999999999999997
94086,quiet_pre,-0.0179,U,0.0,0,0.0,1.1999999999999997
94182,quiet_pre,-0.0179,U,0.0,0,0.0,1.1999999999999997
94278,quiet_pre,-0.0179,S,0.0,0,0.0,1.1999999999999997
94374,quiet_pre,-0.0179,S,0.0,0,0.0,1.1999999999999997
94470,quiet_pre,-0.0179,S,0.0,0,0.0,1.1999999999999997
94565,quiet_pre,-0.018,S,0.0,0,0.0,1.1000000000000003
94661,quiet_pre,-0.018,S,0.0,0,0.0,1.1000000000000003
94757,quiet_pre,-0.018,S,0.0,0,0.0,1.1000000000000003
94851,quiet_pre,-0.0179,S,0.0,0,0.0,1.1999999999999997
94947,quiet_pre,-0.0179,S,0.0,0,0.0,1.1999999999999997
95042,quiet_pre,-0.0179,S,0.0,0,0.0,1.1999999999999997
95138,quiet_pre,-0.0179,S,0.0,0,0.0,1.1999999999999997
95234,quiet_pre,-0.0179,S,0.0,0,0.0,1.1999999999999997
95330,quiet_pre,-0.0179,S,0.0,0,0.0,1.1999999999999997
95426,quiet_pre,-0.0179,S,0.0,0,0.0,1.1999999999999997
95522,quiet_pre,-0.0179,S,0.0,0,0.0,1.1999999999999997
95618,quiet_pre,-0.0178,S,0.0,0,0.0,1.2999999999999992
95714,quiet_pre,-0.0178,S,0.0,0,0.0,1.2999999999999992
95807,quiet_pre,-0.0178,S,0.0,0,0.0,1.2999999999999992
95903,quiet_pre,-0.0178,S,0.0,0,0.0,1.2999999999999992
95999,quiet_pre,-0.0178,S,0.0,0,0.0,1.2999999999999992
96095,quiet_pre,-0.0178,S,0.0,0,0.0,1.2999999999999992
96191,quiet_pre,-0.0178,S,0.0,0,0.0,1.2999999999999992
96287,quiet_pre,-0.0178,S,0.0,0,0.0,1.2999999999999992
96383,quiet_pre,-0.0178,S,0.0,0,0.0,1.2999999999999992
96478,quiet_pre,-0.0178,S,0.0,0,0.0,1.2999999999999992
96574,quiet_pre,-0.0178,S,0.0,0,0.0,1.2999999999999992
96668,quiet_pre,-0.0178,S,0.0,0,0.0,1.2999999999999992
96764,quiet_pre,-0.0178,S,0.0,0,0.0,1.2999999999999992
96860,quiet_pre,-0.0178,S,0.0,0,0.0,1.2999999999999992
96956,quiet_pre,-0.0178,S,0.0,0,0.0,1.2999999999999992
97052,quiet_pre,-0.0178,S,0.0,0,0.0,1.2999999999999992
97148,quiet_pre,-0.0178,S,0.0,0,0.0,1.2999999999999992
97243,quiet_pre,-0.0178,S,0.0,0,0.0,1.2999999999999992
97339,quiet_pre,-0.0178,S,0.0,0,0.0,1.2999999999999992
97435,quiet_pre,-0.0179,S,0.0,0,0.0,1.1999999999999997
97529,quiet_pre,-0.0179,S,0.0,0,0.0,1.1999999999999997
97624,quiet_pre,-0.0182,U,0.0,0,0.0,0.899999999999998
97720,quiet_pre,-0.0182,U,0.0,0,0.0,0.899999999999998
97816,quiet_pre,-0.0183,U,0.0,0,0.0,0.7999999999999986
97912,quiet_pre,-0.0183,U,0.0,0,0.0,0.7999999999999986
98008,quiet_pre,-0.0183,U,0.0,0,0.0,0.7999999999999986
98103,quiet_pre,-0.0183,S,0.0,0,0.0,0.7999999999999986
98199,quiet_pre,-0.0183,S,0.0,0,0.0,0.7999999999999986
98295,quiet_pre,-0.0183,S,0.0,0,0.0,0.7999999999999986
98391,quiet_pre,-0.0183,S,0.0,0,0.0,0.7999999999999986
98485,quiet_pre,-0.0183,S,0.0,0,0.0,0.7999999999999986
98581,quiet_pre,-0.0183,S,0.0,0,0.0,0.7999999999999986
98677,quiet_pre,-0.0184,S,0.0,0,0.0,0.6999999999999993
98773,quiet_pre,-0.0184,S,0.0,0,0.0,0.6999999999999993
98868,quiet_pre,-0.0184,S,0.0,0,0.0,0.6999999999999993
98964,quiet_pre,-0.0184,S,0.0,0,0.0,0.6999999999999993
99060,quiet_pre,-0.0184,S,0.0,0,0.0,0.6999999999999993
99156,quiet_pre,-0.0185,S,0.0,0,0.0,0.5999999999999999
99252,quiet_pre,-0.0185,S,0.0,0,0.0,0.5999999999999999
99346,quiet_pre,-0.0185,S,0.0,0,0.0,0.5999999999999999
99442,quiet_pre,-0.0185,S,0.0,0,0.0,0.5999999999999999
99544,quiet_pre,-0.0185,S,0.0,0,0.0,0.5999999999999999
99633,quiet_pre,-0.0185,S,0.0,0,0.0,0.5999999999999999
99729,quiet_pre,-0.0185,S,0.0,0,0.0,0.5999999999999999
99825,quiet_pre,-0.0185,S,0.0,0,0.0,0.5999999999999999
99921,quiet_pre,-0.0185,S,0.0,0,0.0,0.5999999999999999
100017,quiet_pre,-0.0185,S,0.0,0,0.0,0.5999999999999999
100112,quiet_pre,-0.0185,S,0.0,0,0.0,0.5999999999999999
100206,quiet_pre,-0.0185,S,0.0,0,0.0,0.5999999999999999
100302,quiet_pre,-0.0185,S,0.0,0,0.0,0.5999999999999999
100398,quiet_pre,-0.0185,S,0.0,0,0.0,0.5999999999999999
100494,quiet_pre,-0.0185,S,0.0,0,0.0,0.5999999999999999
100590,quiet_pre,-0.0185,S,0.0,0,0.0,0.5999999999999999
100686,quiet_pre,-0.0185,S,0.0,0,0.0,0.5999999999999999
100782,quiet_pre,-0.0185,S,0.0,0,0.0,0.5999999999999999
100877,quiet_pre,-0.0184,S,0.0,0,0.0,0.6999999999999993
100973,quiet_pre,-0.0184,S,0.0,0,0.0,0.6999999999999993
101069,quiet_pre,-0.0184,S,0.0,0,0.0,0.6999999999999993
101163,quiet_pre,-0.0184,S,0.0,0,0.0,0.6999999999999993
101259,quiet_pre,-0.0184,S,0.0,0,0.0,0.6999999999999993
101354,quiet_pre,-0.018,U,0.0,0,0.0,1.1000000000000003
101450,quiet_pre,-0.018,U,0.0,0,0.0,1.1000000000000003
101546,quiet_pre,-0.018,U,0.0,0,0.0,1.1000000000000003
101642,quiet_pre,-0.0179,U,0.0,0,0.0,1.1999999999999997
101738,quiet_pre,-0.0179,U,0.0,0,0.0,1.1999999999999997
101834,quiet_pre,-0.0178,U,0.0,0,0.0,1.2999999999999992
101929,quiet_pre,-0.0178,U,0.0,0,0.0,1.2999999999999992
102023,quiet_pre,-0.0178,U,0.0,0,0.0,1.2999999999999992
102119,quiet_pre,-0.0178,S,0.0,0,0.0,1.2999999999999992
102215,quiet_pre,-0.0177,U,0.0,0,0.0,1.3999999999999986
102311,quiet_pre,-0.0177,S,0.0,0,0.0,1.3999999999999986
102407,quiet_pre,-0.0177,S,0.0,0,0.0,1.3999999999999986
102502,quiet_pre,-0.0177,S,0.0,0,0.0,1.3999999999999986
102598,quiet_pre,-0.0176,U,0.0,0,0.0,1.4999999999999978
102694,quiet_pre,-0.0176,S,0.0,0,0.0,1.4999999999999978
102790,quiet_pre,-0.0176,S,0.0,0,0.0,1.4999999999999978
102884,quiet_pre,-0.0176,S,0.0,0,0.0,1.4999999999999978
102980,quiet_pre,-0.0176,S,0.0,0,0.0,1.4999999999999978
103076,quiet_pre,-0.0176,S,0.0,0,0.0,1.4999999999999978
103171,quiet_pre,-0.0175,S,0.0,0,0.0,1.5999999999999972
103267,quiet_pre,-0.0175,S,0.0,0,0.0,1.5999999999999972
103363,quiet_pre,-0.0175,S,0.0,0,0.0,1.5999999999999972
103459,quiet_pre,-0.0175,S,0.0,0,0.0,1.5999999999999972
103555,quiet_pre,-0.0175,S,0.0,0,0.0,1.5999999999999972
103651,quiet_pre,-0.0174,S,0.0,0,0.0,1.7000000000000002
103747,quiet_pre,-0.0174,S,0.0,0,0.0,1.7000000000000002
103841,quiet_pre,-0.0174,S,0.0,0,0.0,1.7000000000000002
103936,quiet_pre,-0.0174,S,0.0,0,0.0,1.7000000000000002
104032,quiet_pre,-0.0174,S,0.0,0,0.0,1.7000000000000002
104128,quiet_pre,-0.0174,S,0.0,0,0.0,1.7000000000000002
104224,quiet_pre,-0.0174,S,0.0,0,0.0,1.7000000000000002
104320,quiet_pre,-0.0174,S,0.0,0,0.0,1.7000000000000002
104416,quiet_pre,-0.0173,S,0.0,0,0.0,1.7999999999999996
104512,quiet_pre,-0.0173,S,0.0,0,0.0,1.7999999999999996
104607,quiet_pre,-0.0173,S,0.0,0,0.0,1.7999999999999996
104701,quiet_pre,-0.0173,S,0.0,0,0.0,1.7999999999999996
104797,quiet_pre,-0.0173,S,0.0,0,0.0,1.7999999999999996
104893,quiet_pre,-0.0171,U,0.0,0,0.0,1.9999999999999982
104988,quiet_pre,-0.0171,U,0.0,0,0.0,1.9999999999999982
105084,quiet_pre,-0.017,U,0.0,0,0.0,2.099999999999998
105180,quiet_pre,-0.017,U,0.0,0,0.0,2.099999999999998
105276,quiet_pre,-0.017,U,0.0,0,0.0,2.099999999999998
105372,quiet_pre,-0.0169,U,0.0,0,0.0,2.2000000000000006
105468,quiet_pre,-0.0169,U,0.0,0,0.0,2.2000000000000006
105562,quiet_pre,-0.0169,S,0.0,0,0.0,2.2000000000000006
105657,quiet_pre,-0.0169,S,0.0,0,0.0,2.2000000000000006
105753,quiet_pre,-0.0169,S,0.0,0,0.0,2.2000000000000006
105849,quiet_pre,-0.0169,S,0.0,0,0.0,2.2000000000000006
105945,quiet_pre,-0.0169,S,0.0,0,0.0,2.2000000000000006
106041,quiet_pre,-0.0169,S,0.0,0,0.0,2.2000000000000006
106137,quiet_pre,-0.0169,S,0.0,0,0.0,2.2000000000000006
106233,quiet_pre,-0.0169,S,0.0,0,0.0,2.2000000000000006
106328,quiet_pre,-0.0169,S,0.0,0,0.0,2.2000000000000006
106424,quiet_pre,-0.0169,S,0.0,0,0.0,2.2000000000000006
106518,quiet_pre,-0.0169,S,0.0,0,0.0,2.2000000000000006
106614,quiet_pre,-0.0169,S,0.0,0,0.0,2.2000000000000006
106710,quiet_pre,-0.0169,S,0.0,0,0.0,2.2000000000000006
106806,quiet_pre,-0.0169,S,0.0,0,0.0,2.2000000000000006
106902,quiet_pre,-0.0169,S,0.0,0,0.0,2.2000000000000006
106997,quiet_pre,-0.0169,S,0.0,0,0.0,2.2000000000000006
107093,quiet_pre,-0.0169,S,0.0,0,0.0,2.2000000000000006
107189,quiet_pre,-0.0169,S,0.0,0,0.0,2.2000000000000006
107285,quiet_pre,-0.0169,S,0.0,0,0.0,2.2000000000000006
107379,quiet_pre,-0.017,S,0.0,0,0.0,2.099999999999998
107475,quiet_pre,-0.017,S,0.0,0,0.0,2.099999999999998
107571,quiet_pre,-0.017,S,0.0,0,0.0,2.099999999999998
107666,quiet_pre,-0.017,S,0.0,0,0.0,2.099999999999998
107762,quiet_pre,-0.017,S,0.0,0,0.0,2.099999999999998
107858,quiet_pre,-0.017,S,0.0,0,0.0,2.099999999999998
107954,quiet_pre,-0.017,S,0.0,0,0.0,2.099999999999998
108050,quiet_pre,-0.017,S,0.0,0,0.0,2.099999999999998
108146,quiet_pre,-0.017,S,0.0,0,0.0,2.099999999999998
108240,quiet_pre,-0.017,S,0.0,0,0.0,2.099999999999998
108336,quiet_pre,-0.017,S,0.0,0,0.0,2.099999999999998
108431,quiet_pre,-0.017,S,0.0,0,0.0,2.099999999999998
108527,quiet_pre,-0.017,S,0.0,0,0.0,2.099999999999998
108623,quiet_pre,-0.017,S,0.0,0,0.0,2.099999999999998
108719,quiet_pre,-0.017,S,0.0,0,0.0,2.099999999999998
108815,quiet_pre,-0.017,S,0.0,0,0.0,2.099999999999998
108911,quiet_pre,-0.017,S,0.0,0,0.0,2.099999999999998
109007,quiet_pre,-0.017,S,0.0,0,0.0,2.099999999999998
109103,quiet_pre,-0.017,S,0.0,0,0.0,2.099999999999998
109196,quiet_pre,-0.017,S,0.0,0,0.0,2.099999999999998
109292,quiet_pre,-0.0171,S,0.0,0,0.0,1.9999999999999982
109388,quiet_pre,-0.0171,S,0.0,0,0.0,1.9999999999999982
109484,quiet_pre,-0.0171,S,0.0,0,0.0,1.9999999999999982
109580,quiet_pre,-0.0171,S,0.0,0,0.0,1.9999999999999982
109676,quiet_pre,-0.0171,S,0.0,0,0.0,1.9999999999999982
109772,quiet_pre,-0.0171,S,0.0,0,0.0,1.9999999999999982
109867,quiet_pre,-0.0171,S,0.0,0,0.0,1.9999999999999982
109963,quiet_pre,-0.0171,S,0.0,0,0.0,1.9999999999999982
110057,quiet_pre,-0.0171,S,0.0,0,0.0,1.9999999999999982
110153,quiet_pre,-0.0171,S,0.0,0,0.0,1.9999999999999982
110249,quiet_pre,-0.0171,S,0.0,0,0.0,1.9999999999999982
110345,quiet_pre,-0.017,S,0.0,0,0.0,2.099999999999998
110441,quiet_pre,-0.017,S,0.0,0,0.0,2.099999999999998
110536,quiet_pre,-0.017,S,0.0,0,0.0,2.099999999999998
110632,quiet_pre,-0.017,S,0.0,0,0.0,2.099999999999998
110728,quiet_pre,-0.017,S,0.0,0,0.0,2.099999999999998
110823,quiet_pre,-0.0167,U,0.0,0,0.0,2.3999999999999995
110917,quiet_pre,-0.0167,U,0.0,0,0.0,2.3999999999999995
111013,quiet_pre,-0.0166,U,0.0,0,0.0,2.4999999999999987
111109,quiet_pre,-0.0166,U,0.0,0,0.0,2.4999999999999987
111204,quiet_pre,-0.0166,U,0.0,0,0.0,2.4999999999999987
111300,quiet_pre,-0.0166,S,0.0,0,0.0,2.4999999999999987
111396,quiet_pre,-0.0165,U,0.0,0,0.0,2.5999999999999983
111492,quiet_pre,-0.0165,S,0.0,0,0.0,2.5999999999999983
111588,quiet_pre,-0.0165,S,0.0,0,0.0,2.5999999999999983
111684,quiet_pre,-0.0165,S,0.0,0,0.0,2.5999999999999983
111780,quiet_pre,-0.0165,S,0.0,0,0.0,2.5999999999999983
111873,quiet_pre,-0.0165,S,0.0,0,0.0,2.5999999999999983
111969,quiet_pre,-0.0165,S,0.0,0,0.0,2.5999999999999983
112065,quiet_pre,-0.0165,S,0.0,0,0.0,2.5999999999999983
112161,quiet_pre,-0.0165,S,0.0,0,0.0,2.5999999999999983
112268,quiet_pre,-0.0165,S,0.0,0,0.0,2.5999999999999983
112449,quiet_pre,-0.0165,S,0.0,0,0.0,2.5999999999999983
112544,quiet_pre,-0.0165,S,0.0,0,0.0,2.5999999999999983
112640,quiet_pre,-0.0165,S,0.0,0,0.0,2.5999999999999983
112734,quiet_pre,-0.0165,S,0.0,0,0.0,2.5999999999999983
112830,quiet_pre,-0.0165,S,0.0,0,0.0,2.5999999999999983
112926,quiet_pre,-0.0166,S,0.0,0,0.0,2.4999999999999987
113022,quiet_pre,-0.0166,S,0.0,0,0.0,2.4999999999999987
113118,quiet_pre,-0.0166,S,0.0,0,0.0,2.4999999999999987
113213,quiet_pre,-0.0166,S,0.0,0,0.0,2.4999999999999987
113309,quiet_pre,-0.0166,S,0.0,0,0.0,2.4999999999999987
113405,quiet_pre,-0.0166,S,0.0,0,0.0,2.4999999999999987
113501,quiet_pre,-0.0166,S,0.0,0,0.0,2.4999999999999987
113595,quiet_pre,-0.0166,S,0.0,0,0.0,2.4999999999999987
113691,quiet_pre,-0.0166,S,0.0,0,0.0,2.4999999999999987
113787,quiet_pre,-0.0166,S,0.0,0,0.0,2.4999999999999987
113883,quiet_pre,-0.0166,S,0.0,0,0.0,2.4999999999999987
113978,quiet_pre,-0.0166,S,0.0,0,0.0,2.4999999999999987
114074,quiet_pre,-0.0166,S,0.0,0,0.0,2.4999999999999987
114170,quiet_pre,-0.0166,S,0.0,0,0.0,2.4999999999999987
114266,quiet_pre,-0.0166,S,0.0,0,0.0,2.4999999999999987
114362,quiet_pre,-0.0166,S,0.0,0,0.0,2.4999999999999987
114458,quiet_pre,-0.0166,S,0.0,0,0.0,2.4999999999999987
114552,quiet_pre,-0.0166,S,0.0,0,0.0,2.4999999999999987
114648,quiet_pre,-0.0166,S,0.0,0,0.0,2.4999999999999987
114743,quiet_pre,-0.0166,S,0.0,0,0.0,2.4999999999999987
114839,quiet_pre,-0.0166,S,0.0,0,0.0,2.4999999999999987
114935,quiet_pre,-0.0166,S,0.0,0,0.0,2.4999999999999987
115031,quiet_pre,-0.0166,S,0.0,0,0.0,2.4999999999999987
115127,quiet_pre,-0.0166,S,0.0,0,0.0,2.4999999999999987
115223,quiet_pre,-0.0166,S,0.0,0,0.0,2.4999999999999987
115319,quiet_pre,-0.0166,S,0.0,0,0.0,2.4999999999999987
115412,quiet_pre,-0.0166,S,0.0,0,0.0,2.4999999999999987
115508,quiet_pre,-0.0166,S,0.0,0,0.0,2.4999999999999987
115604,quiet_pre,-0.0166,S,0.0,0,0.0,2.4999999999999987
115700,quiet_pre,-0.0166,S,0.0,0,0.0,2.4999999999999987
115796,quiet_pre,-0.0166,S,0.0,0,0.0,2.4999999999999987
115892,quiet_pre,-0.0166,S,0.0,0,0.0,2.4999999999999987
115988,quiet_pre,-0.0166,S,0.0,0,0.0,2.4999999999999987
116084,quiet_pre,-0.0165,S,0.0,0,0.0,2.5999999999999983
116179,quiet_pre,-0.0165,S,0.0,0,0.0,2.5999999999999983
116273,quiet_pre,-0.0165,S,0.0,0,0.0,2.5999999999999983
116369,quiet_pre,-0.0165,S,0.0,0,0.0,2.5999999999999983
116465,quiet_pre,-0.0165,S,0.0,0,0.0,2.5999999999999983
116561,quiet_pre,-0.0165,S,0.0,0,0.0,2.5999999999999983
116657,quiet_pre,-0.0165,S,0.0,0,0.0,2.5999999999999983
116753,quiet_pre,-0.0165,S,0.0,0,0.0,2.5999999999999983
116848,quiet_pre,-0.0165,S,0.0,0,0.0,2.5999999999999983
116944,quiet_pre,-0.0165,S,0.0,0,0.0,2.5999999999999983
117040,quiet_pre,-0.0165,S,0.0,0,0.0,2.5999999999999983
117134,quiet_pre,-0.0165,S,0.0,0,0.0,2.5999999999999983
117230,quiet_pre,-0.0165,S,0.0,0,0.0,2.5999999999999983
117326,quiet_pre,-0.0165,S,0.0,0,0.0,2.5999999999999983
117421,quiet_pre,-0.0165,S,0.0,0,0.0,2.5999999999999983
117517,quiet_pre,-0.0165,S,0.0,0,0.0,2.5999999999999983
117612,quiet_pre,-0.016,U,0.0,0,0.0,3.0999999999999988
117708,quiet_pre,-0.016,U,0.0,0,0.0,3.0999999999999988
117804,quiet_pre,-0.016,U,0.0,0,0.0,3.0999999999999988
117900,quiet_pre,-0.016,U,0.0,0,0.0,3.0999999999999988
117996,quiet_pre,-0.0159,U,0.0,0,0.0,3.199999999999998
118089,quiet_pre,-0.0159,S,0.0,0,0.0,3.199999999999998
118185,quiet_pre,-0.0159,S,0.0,0,0.0,3.199999999999998
118281,quiet_pre,-0.0158,U,0.0,0,0.0,3.299999999999997
118377,quiet_pre,-0.0158,U,0.0,0,0.0,3.299999999999997
118473,quiet_pre,-0.0157,U,0.0,0,0.0,3.4000000000000004
118569,quiet_pre,-0.0157,U,0.0,0,0.0,3.4000000000000004
118664,quiet_pre,-0.0156,U,0.0,0,0.0,3.4999999999999996
118760,quiet_pre,-0.0156,U,0.0,0,0.0,3.4999999999999996
118856,quiet_pre,-0.0155,U,0.0,0,0.0,3.599999999999999
118950,quiet_pre,-0.0154,U,0.0,0,0.0,3.6999999999999984
119046,quiet_pre,-0.0154,U,0.0,0,0.0,3.6999999999999984
119142,quiet_pre,-0.0153,U,0.0,0,0.0,3.7999999999999994
119238,quiet_pre,-0.0153,U,0.0,0,0.0,3.7999999999999994
119333,quiet_pre,-0.0152,U,0.0,0,0.0,3.899999999999999
119429,quiet_pre,-0.0152,U,0.0,0,0.0,3.899999999999999
119525,quiet_pre,-0.0152,U,0.0,0,0.0,3.899999999999999
119621,quiet_pre,-0.0151,U,0.0,0,0.0,3.9999999999999982
119717,quiet_pre,-0.0151,U,0.0,0,0.0,3.9999999999999982
119811,quiet_pre,-0.0151,S,0.0,0,0.0,3.9999999999999982
119906,quiet_pre,-0.015,U,0.0,0,0.0,4.1
120002,quiet_pre,-0.015,U,0.0,0,0.0,4.1
120098,quiet_pre,-0.015,S,0.0,0,0.0,4.1
120194,quiet_pre,-0.015,S,0.0,0,0.0,4.1
120290,quiet_pre,-0.0149,U,0.0,0,0.0,4.199999999999999
120386,quiet_pre,-0.0149,S,0.0,0,0.0,4.199999999999999
120482,quiet_pre,-0.0149,S,0.0,0,0.0,4.199999999999999
120577,quiet_pre,-0.0149,S,0.0,0,0.0,4.199999999999999
120673,quiet_pre,-0.0149,S,0.0,0,0.0,4.199999999999999
120767,quiet_pre,-0.015,S,0.0,0,0.0,4.1
120863,quiet_pre,-0.015,S,0.0,0,0.0,4.1
120959,quiet_pre,-0.015,S,0.0,0,0.0,4.1
121055,quiet_pre,-0.015,S,0.0,0,0.0,4.1
121151,quiet_pre,-0.015,S,0.0,0,0.0,4.1
121246,quiet_pre,-0.015,S,0.0,0,0.0,4.1
121342,quiet_pre,-0.015,S,0.0,0,0.0,4.1
121438,quiet_pre,-0.015,S,0.0,0,0.0,4.1
121534,quiet_pre,-0.015,S,0.0,0,0.0,4.1
121628,quiet_pre,-0.015,S,0.0,0,0.0,4.1
121724,quiet_pre,-0.015,S,0.0,0,0.0,4.1
121820,quiet_pre,-0.015,S,0.0,0,0.0,4.1
121915,quiet_pre,-0.015,S,0.0,0,0.0,4.1
122011,quiet_pre,-0.0151,S,0.0,0,0.0,3.9999999999999982
122107,quiet_pre,-0.0151,S,0.0,0,0.0,3.9999999999999982
122203,quiet_pre,-0.0151,S,0.0,0,0.0,3.9999999999999982
122299,quiet_pre,-0.0154,U,0.0,0,0.0,3.6999999999999984
122394,quiet_pre,-0.0154,U,0.0,0,0.0,3.6999999999999984
122489,quiet_pre,-0.0155,U,0.0,0,0.0,3.599999999999999
122584,quiet_pre,-0.0155,U,0.0,0,0.0,3.599999999999999
122680,quiet_pre,-0.0156,U,0.0,0,0.0,3.4999999999999996
122776,quiet_pre,-0.0156,U,0.0,0,0.0,3.4999999999999996
122872,quiet_pre,-0.0157,U,0.0,0,0.0,3.4000000000000004
122967,quiet_pre,-0.0157,U,0.0,0,0.0,3.4000000000000004
123063,quiet_pre,-0.0158,U,0.0,0,0.0,3.299999999999997
123159,quiet_pre,-0.0158,U,0.0,0,0.0,3.299999999999997
123255,quiet_pre,-0.0158,U,0.0,0,0.0,3.299999999999997
123351,tap_single,-0.0158,S,0.0,0,0.0,3.299999999999997
123445,tap_single,-0.0158,S,0.0,0,0.0,3.299999999999997
123541,tap_single,-0.0158,S,0.0,0,0.0,3.299999999999997
123636,tap_single,-0.0159,S,0.0,0,0.0,3.199999999999998
123732,tap_single,-0.0159,S,0.0,0,0.0,3.199999999999998
123828,tap_single,-0.0159,S,0.0,0,0.0,3.199999999999998
123924,tap_single,-0.0159,S,0.0,0,0.0,3.199999999999998
124020,tap_single,-0.0159,S,0.0,0,0.0,3.199999999999998
124116,tap_single,-0.0159,S,0.0,0,0.0,3.199999999999998
124212,tap_single,-0.0159,S,0.0,0,0.0,3.199999999999998
124305,tap_single,-0.0159,S,0.0,0,0.0,3.199999999999998
124499,tap_single,-0.0159,S,0.0,1,0.0,3.199999999999998
124593,tap_single,-0.0159,S,0.0,1,0.0,3.199999999999998
124689,tap_single,-0.0159,S,0.0,1,0.0,3.199999999999998
124785,tap_single,-0.0159,S,0.0,1,0.0,3.199999999999998
124881,tap_single,-0.0159,S,0.0,1,0.0,3.199999999999998
124976,tap_single,-0.0159,S,0.0,1,0.0,3.199999999999998
125077,tap_single,-0.016,S,0.0,1,0.0,3.0999999999999988
125166,tap_single,-0.016,S,0.0,1,0.0,3.0999999999999988
125262,tap_single,-0.016,S,0.0,1,0.0,3.0999999999999988
125357,tap_single,-0.0054,U,0.0,1,0.0,13.7
125453,tap_single,0.0013,U,0.0,1,0.0,20.4
125549,tap_single,0.0078,U,0.0,1,0.0,26.9
125645,tap_single,0.014,U,0.0,1,0.0,33.099999999999994
125741,tap_single,0.0199,U,0.0,1,0.0,39.0
125836,tap_single,0.026,U,0.0,1,0.0,45.1
125932,tap_single,0.032,U,0.0,1,0.0,51.1
126028,tap_single,0.0379,U,0.0,1,0.0,57.0
126122,tap_single,0.0436,U,0.0,1,0.0,62.7
126218,tap_single,0.0491,U,0.0,1,0.0,68.2
126314,tap_single,0.0548,U,0.0,1,0.0,73.89999999999999
126410,tap_single,0.0605,U,0.0,1,0.0,79.60000000000001
126505,tap_single,0.0663,U,0.0,1,0.0,85.4
126601,tap_single,0.0719,U,0.0,1,0.0,91.0
126697,tap_single,0.0774,U,0.0,1,0.0,96.5
126793,tap_single,0.0829,U,0.0,1,0.0,102.00000000000001
126889,tap_single,0.0882,U,0.0,1,0.0,107.30000000000001
126983,tap_single,0.0932,U,0.0,1,0.0,112.30000000000001
127078,tap_single,0.0975,U,0.0,1,0.0,116.60000000000001
127174,tap_single,0.1007,U,0.0,1,0.0,119.79999999999998
127270,tap_single,0.1024,U,0.0,1,0.0,121.5
127366,tap_single,0.1029,U,0.0,1,0.0,122.0
127462,tap_single,0.1028,U,0.0,1,0.0,121.9
127558,tap_single,0.1025,U,0.0,1,0.0,121.59999999999998
127654,tap_single,0.1024,U,0.0,1,0.0,121.5
127750,tap_single,0.1023,U,0.0,1,0.0,121.4
127843,tap_single,0.1023,U,0.0,1,0.0,121.4
127939,tap_single,0.1024,U,0.0,1,0.0,121.5
128035,tap_single,0.1024,S,0.0,1,0.0,121.5
128131,tap_single,0.1024,S,0.0,1,0.0,121.5
128227,tap_single,0.1024,S,0.0,1,0.0,121.5
128323,tap_single,0.1024,S,0.0,1,0.0,121.5
128418,tap_single,0.1024,S,0.0,1,0.0,121.5
128514,tap_single,0.1024,S,0.0,1,0.0,121.5
128610,tap_single,0.1024,S,0.0,1,0.0,121.5
128706,tap_single,0.1024,S,0.0,1,0.0,121.5
128800,tap_single,0.1024,S,0.0,1,0.0,121.5
128896,tap_single,0.1025,S,0.0,1,0.0,121.59999999999998
128992,tap_single,0.1025,S,0.0,1,0.0,121.59999999999998
129087,tap_single,0.1025,S,0.0,1,0.0,121.59999999999998
129184,tap_single,0.1026,U,0.0,1,0.0,121.7
129279,tap_single,0.1026,U,0.0,1,0.0,121.7
129375,tap_single,0.1026,S,0.0,1,0.0,121.7
129471,tap_single,0.1026,S,0.0,1,0.0,121.7
129567,tap_single,0.1027,U,0.0,1,0.0,121.8
129661,tap_single,0.1027,S,0.0,1,0.0,121.8
129757,tap_single,0.1027,S,0.0,1,0.0,121.8
129853,tap_single,0.1027,S,0.0,1,0.0,121.8
129948,tap_single,0.1028,U,0.0,1,0.0,121.9
130044,tap_single,0.1029,U,0.0,1,0.0,122.0
130140,tap_single,0.1029,U,0.0,1,0.0,122.0
130236,tap_single,0.1029,U,0.0,1,0.0,122.0
130332,tap_single,0.103,U,0.0,1,0.0,122.09999999999998
130428,tap_single,0.103,U,0.0,1,0.0,122.09999999999998
130622,tap_single,0.1032,U,0.0,2,0.0,122.3
130713,tap_single,0.1032,U,0.0,2,0.0,122.3
130809,tap_single,0.1033,U,0.0,2,0.0,122.4
130905,tap_single,0.1033,U,0.0,2,0.0,122.4
131001,tap_single,0.1034,U,0.0,2,0.0,122.5
131096,tap_single,0.1036,U,0.0,2,0.0,122.7
131192,tap_single,0.1134,U,0.0,2,0.0,132.5
131288,tap_single,0.1238,U,0.0,2,0.0,142.9
131384,tap_single,0.1376,U,0.0,2,0.0,156.70000000000002
131477,tap_single,0.152,U,0.0,2,0.0,171.1
131573,tap_single,0.1645,U,0.0,2,0.0,183.60000000000002
131669,tap_single,0.1741,U,0.0,2,0.0,193.20000000000002
131765,tap_single,0.1816,U,0.0,2,0.0,200.70000000000002
131861,tap_single,0.1878,U,0.0,2,0.0,206.9
131957,tap_single,0.193,U,0.0,2,0.0,212.10000000000002
132052,tap_single,0.1971,U,0.0,2,0.0,216.20000000000002
132148,tap_single,0.1997,U,0.0,2,0.0,218.79999999999998
132244,tap_single,0.2006,U,0.0,2,0.0,219.70000000000002
132338,tap_single,0.2003,U,0.0,2,0.0,219.4
132434,tap_single,0.1995,U,0.0,2,0.0,218.60000000000002
132530,tap_single,0.1989,U,0.0,2,0.0,218.0
132626,tap_single,0.1987,U,0.0,2,0.0,217.79999999999998
132721,tap_single,0.1986,U,0.0,2,0.0,217.70000000000002
132817,tap_single,0.1987,U,0.0,2,0.0,217.79999999999998
132913,tap_single,0.1987,U,0.0,2,0.0,217.79999999999998
133009,tap_single,0.1987,U,0.0,2,0.0,217.79999999999998
133105,tap_single,0.1988,U,0.0,2,0.0,217.9
133199,tap_single,0.1988,U,0.0,2,0.0,217.9
133295,tap_single,0.1989,U,0.0,2,0.0,218.0
133391,tap_single,0.199,U,0.0,2,0.0,218.10000000000002
133486,tap_single,0.199,U,0.0,2,0.0,218.10000000000002
133582,tap_single,0.199,U,0.0,2,0.0,218.10000000000002
133678,tap_single,0.199,U,0.0,2,0.0,218.10000000000002
133774,tap_single,0.199,S,0.0,2,0.0,218.10000000000002
133870,tap_single,0.199,S,0.0,2,0.0,218.10000000000002
133966,tap_single,0.199,S,0.0,2,0.0,218.10000000000002
134062,tap_single,0.199,S,0.0,2,0.0,218.10000000000002
134155,tap_single,0.199,S,0.0,2,0.0,218.10000000000002
134251,tap_single,0.199,S,0.0,2,0.0,218.10000000000002
134347,tap_single,0.199,S,0.0,2,0.0,218.10000000000002
134443,tap_single,0.199,S,0.0,2,0.0,218.10000000000002
134539,tap_single,0.199,S,0.0,2,0.0,218.10000000000002
134635,tap_single,0.199,S,0.0,2,0.0,218.10000000000002
134731,tap_single,0.199,S,0.0,2,0.0,218.10000000000002
134827,tap_single,0.1991,S,0.0,2,0.0,218.20000000000002
134922,tap_single,0.1991,S,0.0,2,0.0,218.20000000000002
135016,tap_single,0.1991,S,0.0,2,0.0,218.20000000000002
135112,tap_single,0.1991,S,0.0,2,0.0,218.20000000000002
135208,tap_single,0.1991,S,0.0,2,0.0,218.20000000000002
135304,tap_single,0.1991,S,0.0,2,0.0,218.20000000000002
135400,tap_single,0.1991,S,0.0,2,0.0,218.20000000000002
135496,tap_single,0.1991,S,0.0,2,0.0,218.20000000000002
135591,tap_single,0.1991,S,0.0,2,0.0,218.20000000000002
135687,tap_single,0.1991,S,0.0,2,0.0,218.20000000000002
135783,tap_single,0.1992,S,0.0,2,0.0,218.29999999999998
135877,tap_single,0.1992,S,0.0,2,0.0,218.29999999999998
135973,tap_single,0.1992,S,0.0,2,0.0,218.29999999999998
136069,tap_single,0.1992,S,0.0,2,0.0,218.29999999999998
136165,tap_single,0.1992,S,0.0,2,0.0,218.29999999999998
136260,tap_single,0.1992,S,0.0,2,0.0,218.29999999999998
136356,tap_single,0.1992,S,0.0,2,0.0,218.29999999999998
136452,tap_single,0.1992,S,0.0,2,0.0,218.29999999999998
136548,tap_single,0.1992,S,0.0,2,0.0,218.29999999999998
136741,tap_single,0.1992,S,0.0,3,0.0,218.29999999999998
136834,tap_single,0.1992,S,0.0,3,0.0,218.29999999999998
136930,tap_single,0.1992,S,0.0,3,0.0,218.29999999999998
137025,tap_single,0.1992,S,0.0,3,0.0,218.29999999999998
137121,tap_single,0.1992,S,0.0,3,0.0,218.29999999999998
137217,tap_single,0.1987,U,0.0,3,0.0,217.79999999999998
137312,tap_single,0.1917,U,0.0,3,0.0,210.8
137408,tap_single,0.1887,U,0.0,3,0.0,207.8
137504,tap_single,0.1877,U,0.0,3,0.0,206.8
137600,tap_single,0.1899,U,0.0,3,0.0,209.00000000000003
137693,tap_single,0.1951,U,0.0,3,0.0,214.2
137789,tap_single,0.2015,U,0.0,3,0.0,220.60000000000002
137896,tap_single,0.2075,U,0.0,3,0.0,226.6
138077,tap_single,0.2133,U,0.0,3,0.0,232.4
138173,tap_single,0.2133,U,0.0,3,0.0,232.4
138268,tap_single,0.2126,U,0.0,3,0.0,231.70000000000002
138364,tap_single,0.2119,U,0.0,3,0.0,231.0
138460,tap_single,0.2115,U,0.0,3,0.0,230.6
138554,tap_single,0.2115,U,0.0,3,0.0,230.6
138650,tap_single,0.2114,U,0.0,3,0.0,230.5
138746,tap_single,0.2114,U,0.0,3,0.0,230.5
138842,tap_single,0.2114,U,0.0,3,0.0,230.5
138938,tap_single,0.2114,S,0.0,3,0.0,230.5
139033,tap_single,0.2114,S,0.0,3,0.0,230.5
139129,tap_single,0.2114,S,0.0,3,0.0,230.5
139225,tap_single,0.2114,S,0.0,3,0.0,230.5
139321,tap_single,0.2114,S,0.0,3,0.0,230.5
139417,tap_single,0.2115,S,0.0,3,0.0,230.6
139511,tap_single,0.2115,S,0.0,3,0.0,230.6
139607,tap_single,0.2115,S,0.0,3,0.0,230.6
139702,tap_single,0.2116,U,0.0,3,0.0,230.70000000000002
139798,tap_single,0.2116,U,0.0,3,0.0,230.70000000000002
139894,tap_single,0.2116,S,0.0,3,0.0,230.70000000000002
139990,tap_single,0.2117,U,0.0,3,0.0,230.8
140086,tap_single,0.2117,U,0.0,3,0.0,230.8
140182,tap_single,0.2117,S,0.0,3,0.0,230.8
140278,tap_single,0.2117,S,0.0,3,0.0,230.8
140372,tap_single,0.2118,U,0.0,3,0.0,230.9
140467,tap_single,0.2118,S,0.0,3,0.0,230.9
140563,tap_single,0.2119,U,0.0,3,0.0,231.0
140659,tap_single,0.2119,U,0.0,3,0.0,231.0
140755,tap_single,0.212,U,0.0,3,0.0,231.1
140851,tap_single,0.2121,U,0.0,3,0.0,231.20000000000002
140947,tap_single,0.2121,U,0.0,3,0.0,231.20000000000002
141043,tap_single,0.2122,U,0.0,3,0.0,231.3
141138,tap_single,0.2122,U,0.0,3,0.0,231.3
141232,tap_single,0.2123,U,0.0,3,0.0,231.4
141328,tap_single,0.2123,U,0.0,3,0.0,231.4
141424,tap_single,0.2124,U,0.0,3,0.0,231.5
141520,tap_single,0.2125,U,0.0,3,0.0,231.6
141616,tap_single,0.2125,U,0.0,3,0.0,231.6
141711,tap_single,0.2126,U,0.0,3,0.0,231.70000000000002
141807,tap_single,0.2126,U,0.0,3,0.0,231.70000000000002
141903,tap_single,0.2127,U,0.0,3,0.0,231.8
141999,tap_single,0.2127,U,0.0,3,0.0,231.8
142095,tap_single,0.2128,U,0.0,3,0.0,231.9
142189,tap_single,0.2128,U,0.0,3,0.0,231.9
142284,tap_single,0.2129,U,0.0,3,0.0,232.0
142380,tap_single,0.213,U,0.0,3,0.0,232.1
142476,tap_single,0.213,U,0.0,3,0.0,232.1
142572,tap_single,0.2131,U,0.0,3,0.0,232.20000000000002
142668,tap_single,0.2132,U,0.0,3,0.0,232.3
142861,tap_single,0.2133,U,0.0,4,0.0,232.4
142955,tap_single,0.2134,U,0.0,4,0.0,232.5
143049,tap_single,0.2134,U,0.0,4,0.0,232.5
143145,tap_single,0.2135,U,0.0,4,0.0,232.6
143241,tap_single,0.2136,U,0.0,4,0.0,232.70000000000002
143337,tap_single,0.2137,U,0.0,4,0.0,232.8
143433,tap_single,0.2139,U,0.0,4,0.0,233.0
143528,tap_single,0.2245,U,0.0,4,0.0,243.60000000000002
143624,tap_single,0.2346,U,0.0,4,0.0,253.7
143720,tap_single,0.2464,U,0.0,4,0.0,265.5
143816,tap_single,0.2568,U,0.0,4,0.0,275.9
143909,tap_single,0.2636,U,0.0,4,0.0,282.7
144005,tap_single,0.2666,U,0.0,4,0.0,285.7
144101,tap_single,0.2671,U,0.0,4,0.0,286.2
144197,tap_single,0.2665,U,0.0,4,0.0,285.6
144293,tap_single,0.2658,U,0.0,4,0.0,284.9
144389,tap_single,0.2655,U,0.0,4,0.0,284.6
144484,tap_single,0.2654,U,0.0,4,0.0,284.50000000000006
144580,tap_single,0.2654,U,0.0,4,0.0,284.50000000000006
144676,tap_single,0.2654,U,0.0,4,0.0,284.50000000000006
144772,tap_single,0.2654,U,0.0,4,0.0,284.50000000000006
144866,tap_single,0.2654,S,0.0,4,0.0,284.50000000000006
144962,tap_single,0.2654,S,0.0,4,0.0,284.50000000000006
145058,tap_single,0.2654,S,0.0,4,0.0,284.50000000000006
145154,tap_single,0.2654,S,0.0,4,0.0,284.50000000000006
145250,tap_single,0.2654,S,0.0,4,0.0,284.50000000000006
145345,tap_single,0.2655,S,0.0,4,0.0,284.6
145441,tap_single,0.2655,S,0.0,4,0.0,284.6
145537,tap_single,0.2655,S,0.0,4,0.0,284.6
145633,tap_single,0.2655,S,0.0,4,0.0,284.6
145727,tap_single,0.2655,S,0.0,4,0.0,284.6
145823,tap_single,0.2655,S,0.0,4,0.0,284.6
145919,tap_single,0.2655,S,0.0,4,0.0,284.6
146014,tap_single,0.2655,S,0.0,4,0.0,284.6
146110,tap_single,0.2655,S,0.0,4,0.0,284.6
146206,tap_single,0.2655,S,0.0,4,0.0,284.6
146302,tap_single,0.2655,S,0.0,4,0.0,284.6
146398,tap_single,0.2655,S,0.0,4,0.0,284.6
146494,tap_single,0.2655,S,0.0,4,0.0,284.6
146588,tap_single,0.2655,S,0.0,4,0.0,284.6
146683,tap_single,0.2655,S,0.0,4,0.0,284.6
146779,tap_single,0.2655,S,0.0,4,0.0,284.6
146875,tap_single,0.2655,S,0.0,4,0.0,284.6
146971,tap_single,0.2655,S,0.0,4,0.0,284.6
147067,tap_single,0.2655,S,0.0,4,0.0,284.6
147163,tap_single,0.2655,S,0.0,4,0.0,284.6
147259,tap_single,0.2655,S,0.0,4,0.0,284.6
147355,tap_single,0.2655,S,0.0,4,0.0,284.6
147450,tap_single,0.2655,S,0.0,4,0.0,284.6
147544,tap_single,0.2655,S,0.0,4,0.0,284.6
147640,tap_single,0.2655,S,0.0,4,0.0,284.6
147736,tap_single,0.2655,S,0.0,4,0.0,284.6
147832,tap_single,0.2655,S,0.0,4,0.0,284.6
147928,tap_single,0.2655,S,0.0,4,0.0,284.6
148023,tap_single,0.2655,S,0.0,4,0.0,284.6
148119,tap_single,0.2655,S,0.0,4,0.0,284.6
148215,tap_single,0.2654,S,0.0,4,0.0,284.50000000000006
148311,tap_single,0.2654,S,0.0,4,0.0,284.50000000000006
148405,tap_single,0.2654,S,0.0,4,0.0,284.50000000000006
148501,tap_single,0.2654,S,0.0,4,0.0,284.50000000000006
148597,tap_single,0.2654,S,0.0,4,0.0,284.50000000000006
148693,tap_single,0.2654,S,0.0,4,0.0,284.50000000000006
148789,tap_single,0.2654,S,0.0,4,0.0,284.50000000000006
148982,tap_single,0.2654,S,0.0,5,0.0,284.50000000000006
149076,tap_single,0.2654,S,0.0,5,0.0,284.50000000000006
149172,tap_single,0.2653,S,0.0,5,0.0,284.4
149266,tap_single,0.2653,S,0.0,5,0.0,284.4
149361,tap_single,0.265,U,0.0,5,0.0,284.1
149457,tap_single,0.2648,U,0.0,5,0.0,283.9
149552,tap_single,0.261,U,0.0,5,0.0,280.1
149648,tap_single,0.2629,U,0.0,5,0.0,282.0
149744,tap_single,0.2658,U,0.0,5,0.0,284.9
149840,tap_single,0.277,U,0.0,5,0.0,296.1
149936,tap_single,0.2842,U,0.0,5,0.0,303.3
150032,tap_single,0.2884,U,0.0,5,0.0,307.5
150127,tap_single,0.2896,U,0.0,5,0.0,308.70000000000005
150221,tap_single,0.2894,U,0.0,5,0.0,308.5
150317,tap_single,0.2889,U,0.0,5,0.0,308.0
150413,tap_single,0.2886,U,0.0,5,0.0,307.70000000000005
150509,tap_single,0.2886,U,0.0,5,0.0,307.70000000000005
150605,tap_single,0.2886,U,0.0,5,0.0,307.70000000000005
150711,tap_single,0.2886,U,0.0,5,0.0,307.70000000000005
150892,tap_single,0.2886,S,0.0,5,0.0,307.70000000000005
150988,tap_single,0.2885,S,0.0,5,0.0,307.59999999999997
151082,tap_single,0.2885,S,0.0,5,0.0,307.59999999999997
151178,tap_single,0.2885,S,0.0,5,0.0,307.59999999999997
151274,tap_single,0.2885,S,0.0,5,0.0,307.59999999999997
151370,tap_single,0.2885,S,0.0,5,0.0,307.59999999999997
151466,tap_single,0.2885,S,0.0,5,0.0,307.59999999999997
151562,tap_single,0.2885,S,0.0,5,0.0,307.59999999999997
151657,tap_single,0.2885,S,0.0,5,0.0,307.59999999999997
151753,tap_single,0.2885,S,0.0,5,0.0,307.59999999999997
151849,tap_single,0.2885,S,0.0,5,0.0,307.59999999999997
151943,tap_single,0.2885,S,0.0,5,0.0,307.59999999999997
152039,tap_single,0.2885,S,0.0,5,0.0,307.59999999999997
152135,tap_single,0.2885,S,0.0,5,0.0,307.59999999999997
152231,tap_single,0.2885,S,0.0,5,0.0,307.59999999999997
152326,tap_single,0.2885,S,0.0,5,0.0,307.59999999999997
152422,tap_single,0.2884,S,0.0,5,0.0,307.5
152518,tap_single,0.2884,S,0.0,5,0.0,307.5
152614,tap_single,0.2884,S,0.0,5,0.0,307.5
152710,tap_single,0.2884,S,0.0,5,0.0,307.5
152806,tap_single,0.2884,S,0.0,5,0.0,307.5
152899,tap_single,0.2884,S,0.0,5,0.0,307.5
152996,tap_single,0.2884,S,0.0,5,0.0,307.5
153091,tap_single,0.2884,S,0.0,5,0.0,307.5
153187,tap_single,0.2884,S,0.0,5,0.0,307.5
153283,tap_single,0.2884,S,0.0,5,0.0,307.5
153379,tap_single,0.2884,S,0.0,5,0.0,307.5
153475,tap_single,0.2884,S,0.0,5,0.0,307.5
153571,tap_single,0.2884,S,0.0,5,0.0,307.5
153666,tap_single,0.2884,S,0.0,5,0.0,307.5
153760,tap_single,0.2884,S,0.0,5,0.0,307.5
153856,tap_single,0.2884,S,0.0,5,0.0,307.5
153952,tap_single,0.2884,S,0.0,5,0.0,307.5
154048,tap_single,0.2884,S,0.0,5,0.0,307.5
154144,tap_single,0.2884,S,0.0,5,0.0,307.5
154240,tap_single,0.2884,S,0.0,5,0.0,307.5
154335,tap_single,0.2884,S,0.0,5,0.0,307.5
154431,tap_single,0.2884,S,0.0,5,0.0,307.5
154527,tap_single,0.2884,S,0.0,5,0.0,307.5
154621,tap_single,0.2884,S,0.0,5,0.0,307.5
154717,tap_single,0.2884,S,0.0,5,0.0,307.5
154813,tap_single,0.2884,S,0.0,5,0.0,307.5
154909,tap_single,0.2884,S,0.0,5,0.0,307.5
155102,tap_single,0.2884,S,0.0,6,0.0,307.5
155196,tap_single,0.2884,S,0.0,6,0.0,307.5
155292,tap_single,0.2884,S,0.0,6,0.0,307.5
155388,tap_single,0.2884,S,0.0,6,0.0,307.5
155484,tap_single,0.2884,S,0.0,6,0.0,307.5
155577,tap_single,0.2837,U,0.0,6,0.0,302.8
155673,tap_single,0.2801,U,0.0,6,0.0,299.20000000000005
155768,tap_single,0.2779,U,0.0,6,0.0,297.0
155864,tap_single,0.2789,U,0.0,6,0.0,298.0
155960,tap_single,0.2826,U,0.0,6,0.0,301.70000000000005
156056,tap_single,0.287,U,0.0,6,0.0,306.09999999999997
156152,tap_single,0.2899,U,0.0,6,0.0,309.0
156248,tap_single,0.2908,U,0.0,6,0.0,309.90000000000003
156344,tap_single,0.2907,U,0.0,6,0.0,309.8
156437,tap_single,0.2902,U,0.0,6,0.0,309.3
156532,tap_single,0.29,U,0.0,6,0.0,309.09999999999997
156629,tap_single,0.2899,U,0.0,6,0.0,309.0
156725,tap_single,0.2899,U,0.0,6,0.0,309.0
156821,tap_single,0.2898,U,0.0,6,0.0,308.90000000000003
156917,tap_single,0.2898,U,0.0,6,0.0,308.90000000000003
157012,tap_single,0.2898,U,0.0,6,0.0,308.90000000000003
157108,tap_single,0.2897,U,0.0,6,0.0,308.8
157204,tap_single,0.2897,U,0.0,6,0.0,308.8
157298,tap_single,0.2896,U,0.0,6,0.0,308.70000000000005
157394,tap_single,0.2896,U,0.0,6,0.0,308.70000000000005
157490,tap_single,0.2896,U,0.0,6,0.0,308.70000000000005
157586,tap_single,0.2896,S,0.0,6,0.0,308.70000000000005
157682,tap_single,0.2896,S,0.0,6,0.0,308.70000000000005
157777,tap_single,0.2896,S,0.0,6,0.0,308.70000000000005
157873,tap_single,0.2896,S,0.0,6,0.0,308.70000000000005
157969,tap_single,0.2896,S,0.0,6,0.0,308.70000000000005
158065,tap_single,0.2897,S,0.0,6,0.0,308.8
158161,tap_single,0.2897,S,0.0,6,0.0,308.8
158255,tap_single,0.2897,S,0.0,6,0.0,308.8
158351,tap_single,0.2897,S,0.0,6,0.0,308.8
158446,tap_single,0.2897,S,0.0,6,0.0,308.8
158542,tap_single,0.2897,S,0.0,6,0.0,308.8
158638,tap_single,0.2897,S,0.0,6,0.0,308.8
158734,tap_single,0.2897,S,0.0,6,0.0,308.8
158830,tap_single,0.2897,S,0.0,6,0.0,308.8
158926,tap_single,0.2897,S,0.0,6,0.0,308.8
159022,tap_single,0.2897,S,0.0,6,0.0,308.8
159116,tap_single,0.2897,S,0.0,6,0.0,308.8
159211,tap_single,0.2897,S,0.0,6,0.0,308.8
159307,tap_single,0.2897,S,0.0,6,0.0,308.8
159403,tap_single,0.2897,S,0.0,6,0.0,308.8
159499,tap_single,0.2897,S,0.0,6,0.0,308.8
159595,tap_single,0.2897,S,0.0,6,0.0,308.8
159691,tap_single,0.2898,S,0.0,6,0.0,308.90000000000003
159787,tap_single,0.2898,S,0.0,6,0.0,308.90000000000003
159882,tap_single,0.2898,S,0.0,6,0.0,308.90000000000003
159976,tap_single,0.2898,S,0.0,6,0.0,308.90000000000003
160072,tap_single,0.2898,S,0.0,6,0.0,308.90000000000003
160168,tap_single,0.2898,S,0.0,6,0.0,308.90000000000003
160264,tap_single,0.2898,S,0.0,6,0.0,308.90000000000003
160360,tap_single,0.2898,S,0.0,6,0.0,308.90000000000003
160456,tap_single,0.2898,S,0.0,6,0.0,308.90000000000003
160551,tap_single,0.2898,S,0.0,6,0.0,308.90000000000003
160647,tap_single,0.2898,S,0.0,6,0.0,308.90000000000003
160743,tap_single,0.2898,S,0.0,6,0.0,308.90000000000003
160837,tap_single,0.2898,S,0.0,6,0.0,308.90000000000003
160933,tap_single,0.2898,S,0.0,6,0.0,308.90000000000003
161029,tap_single,0.2898,S,0.0,6,0.0,308.90000000000003
161223,tap_single,0.2898,S,0.0,7,0.0,308.90000000000003
161316,tap_single,0.2898,S,0.0,7,0.0,308.90000000000003
161412,tap_single,0.2898,S,0.0,7,0.0,308.90000000000003
161508,tap_single,0.2898,S,0.0,7,0.0,308.90000000000003
161604,tap_single,0.2898,S,0.0,7,0.0,308.90000000000003
161699,tap_single,0.2894,U,0.0,7,0.0,308.5
161793,tap_single,0.2894,U,0.0,7,0.0,308.5
161889,tap_single,0.2896,U,0.0,7,0.0,308.70000000000005
161985,tap_single,0.3019,U,0.0,7,0.0,321.0
162080,tap_single,0.3111,U,0.0,7,0.0,330.2
162176,tap_single,0.3185,U,0.0,7,0.0,337.6
162272,tap_single,0.3226,U,0.0,7,0.0,341.7
162368,tap_single,0.324,U,0.0,7,0.0,343.1
162464,tap_single,0.324,U,0.0,7,0.0,343.1
162559,tap_single,0.3237,U,0.0,7,0.0,342.8
162653,tap_single,0.3235,U,0.0,7,0.0,342.6
162749,tap_single,0.3235,U,0.0,7,0.0,342.6
162845,tap_single,0.3235,U,0.0,7,0.0,342.6
162941,tap_single,0.3235,U,0.0,7,0.0,342.6
163037,tap_single,0.3235,U,0.0,7,0.0,342.6
163133,tap_single,0.3235,S,0.0,7,0.0,342.6
163229,tap_single,0.3235,S,0.0,7,0.0,342.6
163324,tap_single,0.3235,S,0.0,7,0.0,342.6
163420,tap_single,0.3235,S,0.0,7,0.0,342.6
163514,tap_single,0.3235,S,0.0,7,0.0,342.6
163615,tap_single,0.3235,S,0.0,7,0.0,342.6
163706,tap_single,0.3235,S,0.0,7,0.0,342.6
163802,tap_single,0.3235,S,0.0,7,0.0,342.6
163898,tap_single,0.3235,S,0.0,7,0.0,342.6
163993,tap_single,0.3236,S,0.0,7,0.0,342.7
164089,tap_single,0.3236,S,0.0,7,0.0,342.7
164185,tap_single,0.3236,S,0.0,7,0.0,342.7
164281,tap_single,0.3236,S,0.0,7,0.0,342.7
164377,tap_single,0.3237,U,0.0,7,0.0,342.8
164471,tap_single,0.3237,S,0.0,7,0.0,342.8
164567,tap_single,0.3237,S,0.0,7,0.0,342.8
164663,tap_single,0.3237,S,0.0,7,0.0,342.8
164758,tap_single,0.3238,U,0.0,7,0.0,342.9
164854,tap_single,0.3238,S,0.0,7,0.0,342.9
164950,tap_single,0.3238,S,0.0,7,0.0,342.9
165046,tap_single,0.3238,S,0.0,7,0.0,342.9
165142,tap_single,0.3239,U,0.0,7,0.0,343.0
165238,tap_single,0.3239,S,0.0,7,0.0,343.0
165331,tap_single,0.3239,S,0.0,7,0.0,343.0
165427,tap_single,0.324,U,0.0,7,0.0,343.1
165523,tap_single,0.324,U,0.0,7,0.0,343.1
165619,tap_single,0.324,S,0.0,7,0.0,343.1
165715,tap_single,0.324,S,0.0,7,0.0,343.1
165811,tap_single,0.324,S,0.0,7,0.0,343.1
165906,tap_single,0.324,S,0.0,7,0.0,343.1
166002,tap_single,0.324,S,0.0,7,0.0,343.1
166098,tap_single,0.324,S,0.0,7,0.0,343.1
166192,tap_single,0.324,S,0.0,7,0.0,343.1
166288,tap_single,0.324,S,0.0,7,0.0,343.1
166384,tap_single,0.324,S,0.0,7,0.0,343.1
166480,tap_single,0.324,S,0.0,7,0.0,343.1
166575,tap_single,0.324,S,0.0,7,0.0,343.1
166671,tap_single,0.324,S,0.0,7,0.0,343.1
166767,tap_single,0.324,S,0.0,7,0.0,343.1
166863,tap_single,0.324,S,0.0,7,0.0,343.1
166959,tap_single,0.324,S,0.0,7,0.0,343.1
167055,tap_single,0.324,S,0.0,7,0.0,343.1
167149,tap_single,0.324,S,0.0,7,0.0,343.1
167343,tap_single,0.324,S,0.0,8,0.0,343.1
167436,tap_single,0.324,S,0.0,8,0.0,343.1
167532,tap_single,0.324,S,0.0,8,0.0,343.1
167628,tap_single,0.324,S,0.0,8,0.0,343.1
167724,tap_single,0.3239,S,0.0,8,0.0,343.0
167819,tap_single,0.3184,U,0.0,8,0.0,337.5
167915,tap_single,0.3146,U,0.0,8,0.0,333.7
168009,tap_single,0.3127,U,0.0,8,0.0,331.8
168104,tap_single,0.3145,U,0.0,8,0.0,333.6
168200,tap_single,0.3192,U,0.0,8,0.0,338.3
168296,tap_single,0.324,U,0.0,8,0.0,343.1
168392,tap_single,0.3269,U,0.0,8,0.0,346.00000000000006
168488,tap_single,0.3278,U,0.0,8,0.0,346.9
168584,tap_single,0.3277,U,0.0,8,0.0,346.8
168680,tap_single,0.3275,U,0.0,8,0.0,346.6
168776,tap_single,0.3274,U,0.0,8,0.0,346.50000000000006
168869,tap_single,0.3274,U,0.0,8,0.0,346.50000000000006
168965,tap_single,0.3274,U,0.0,8,0.0,346.50000000000006
169061,tap_single,0.3274,U,0.0,8,0.0,346.50000000000006
169157,tap_single,0.3273,U,0.0,8,0.0,346.4
169253,tap_single,0.3273,S,0.0,8,0.0,346.4
169349,tap_single,0.3273,S,0.0,8,0.0,346.4
169444,tap_single,0.3273,S,0.0,8,0.0,346.4
169540,tap_single,0.3272,U,0.0,8,0.0,346.3
169636,tap_single,0.3272,S,0.0,8,0.0,346.3
169732,tap_single,0.3272,S,0.0,8,0.0,346.3
169826,tap_single,0.3272,S,0.0,8,0.0,346.3
169922,tap_single,0.3272,S,0.0,8,0.0,346.3
170018,tap_single,0.3272,S,0.0,8,0.0,346.3
170114,tap_single,0.3272,S,0.0,8,0.0,346.3
170209,tap_single,0.3272,S,0.0,8,0.0,346.3
170305,tap_single,0.3272,S,0.0,8,0.0,346.3
170401,tap_single,0.3272,S,0.0,8,0.0,346.3
170497,tap_single,0.3272,S,0.0,8,0.0,346.3
170593,tap_single,0.3272,S,0.0,8,0.0,346.3
170687,tap_single,0.3273,S,0.0,8,0.0,346.4
170783,tap_single,0.3273,S,0.0,8,0.0,346.4
170878,tap_single,0.3273,S,0.0,8,0.0,346.4
170974,tap_single,0.3273,S,0.0,8,0.0,346.4
171070,tap_single,0.3273,S,0.0,8,0.0,346.4
171166,tap_single,0.3274,S,0.0,8,0.0,346.50000000000006
171262,tap_single,0.3274,S,0.0,8,0.0,346.50000000000006
171358,tap_single,0.3274,S,0.0,8,0.0,346.50000000000006
171454,tap_single,0.3274,S,0.0,8,0.0,346.50000000000006
171548,tap_single,0.3275,U,0.0,8,0.0,346.6
171643,tap_single,0.3277,U,0.0,8,0.0,346.8
171739,tap_single,0.3277,U,0.0,8,0.0,346.8
171835,tap_single,0.3278,U,0.0,8,0.0,346.9
171931,tap_single,0.3278,U,0.0,8,0.0,346.9
172027,tap_single,0.3278,U,0.0,8,0.0,346.9
172122,tap_single,0.3279,U,0.0,8,0.0,347.00000000000006
172218,tap_single,0.3279,U,0.0,8,0.0,347.00000000000006
172314,tap_single,0.328,U,0.0,8,0.0,347.1
172410,tap_single,0.328,U,0.0,8,0.0,347.1
172504,tap_single,0.328,U,0.0,8,0.0,347.1
172600,tap_single,0.3281,U,0.0,8,0.0,347.2
172695,tap_single,0.3281,U,0.0,8,0.0,347.2
172791,tap_single,0.3281,S,0.0,8,0.0,347.2
172887,tap_single,0.3281,S,0.0,8,0.0,347.2
172983,tap_single,0.3281,S,0.0,8,0.0,347.2
173079,tap_single,0.3281,S,0.0,8,0.0,347.2
173175,tap_single,0.3281,S,0.0,8,0.0,347.2
173271,tap_single,0.3281,S,0.0,8,0.0,347.2
173464,tap_single,0.3282,S,0.0,9,0.0,347.3
173556,tap_single,0.3282,S,0.0,9,0.0,347.3
173652,tap_single,0.3282,S,0.0,9,0.0,347.3
173748,tap_single,0.3281,S,0.0,9,0.0,347.2
173844,tap_single,0.3281,S,0.0,9,0.0,347.2
173939,tap_single,0.3233,U,0.0,9,0.0,342.4
174035,tap_single,0.3199,U,0.0,9,0.0,339.0
174131,tap_single,0.3183,U,0.0,9,0.0,337.40000000000003
174225,tap_single,0.3201,U,0.0,9,0.0,339.2
174320,tap_single,0.3246,U,0.0,9,0.0,343.7
174417,tap_single,0.3293,U,0.0,9,0.0,348.4
174512,tap_single,0.3323,U,0.0,9,0.0,351.4
174608,tap_single,0.3333,U,0.0,9,0.0,352.4
174704,tap_single,0.3333,U,0.0,9,0.0,352.4
174800,tap_single,0.333,U,0.0,9,0.0,352.1
174896,tap_single,0.3329,U,0.0,9,0.0,352.0
174991,tap_single,0.3329,U,0.0,9,0.0,352.0
175087,tap_single,0.3329,U,0.0,9,0.0,352.0
175181,tap_single,0.3329,U,0.0,9,0.0,352.0
175277,tap_single,0.3329,S,0.0,9,0.0,352.0
175373,tap_single,0.333,S,0.0,9,0.0,352.1
175469,tap_single,0.333,S,0.0,9,0.0,352.1
175565,tap_single,0.333,S,0.0,9,0.0,352.1
175661,tap_single,0.333,S,0.0,9,0.0,352.1
175756,tap_single,0.3331,U,0.0,9,0.0,352.2
175852,tap_single,0.3331,S,0.0,9,0.0,352.2
175948,tap_single,0.3331,S,0.0,9,0.0,352.2
176042,tap_single,0.3331,S,0.0,9,0.0,352.2
176138,tap_single,0.3331,S,0.0,9,0.0,352.2
176234,tap_single,0.3331,S,0.0,9,0.0,352.2
176330,tap_single,0.3332,S,0.0,9,0.0,352.3
176436,tap_single,0.3332,S,0.0,9,0.0,352.3
176617,tap_single,0.3333,U,0.0,9,0.0,352.4
176713,tap_single,0.3333,U,0.0,9,0.0,352.4
176809,tap_single,0.3333,S,0.0,9,0.0,352.4
176903,tap_single,0.3334,U,0.0,9,0.0,352.5
176999,tap_single,0.3334,U,0.0,9,0.0,352.5
177095,tap_single,0.3335,U,0.0,9,0.0,352.6
177190,tap_single,0.3335,U,0.0,9,0.0,352.6
177286,tap_single,0.3336,U,0.0,9,0.0,352.7
177382,tap_single,0.3336,U,0.0,9,0.0,352.7
177478,tap_single,0.3337,U,0.0,9,0.0,352.8
177574,tap_single,0.3337,U,0.0,9,0.0,352.8
177670,tap_single,0.3338,U,0.0,9,0.0,352.9
177765,tap_single,0.3339,U,0.0,9,0.0,353.0
177859,tap_single,0.3339,U,0.0,9,0.0,353.0
177955,tap_single,0.334,U,0.0,9,0.0,353.1
178051,tap_single,0.334,U,0.0,9,0.0,353.1
178147,tap_single,0.3341,U,0.0,9,0.0,353.2
178243,tap_single,0.3342,U,0.0,9,0.0,353.3
178339,tap_single,0.3342,U,0.0,9,0.0,353.3
178434,tap_single,0.3343,U,0.0,9,0.0,353.4
178530,tap_single,0.3344,U,0.0,9,0.0,353.5
178626,tap_single,0.3344,U,0.0,9,0.0,353.5
178720,tap_single,0.3345,U,0.0,9,0.0,353.6
178816,tap_single,0.3345,U,0.0,9,0.0,353.6
178911,tap_single,0.3346,U,0.0,9,0.0,353.7
179007,tap_single,0.3347,U,0.0,9,0.0,353.8
179103,tap_single,0.3348,U,0.0,9,0.0,353.9
179199,tap_single,0.3348,U,0.0,9,0.0,353.9
179295,tap_single,0.3349,U,0.0,9,0.0,354.0
179391,tap_single,0.3349,U,0.0,9,0.0,354.0
179585,tap_single,0.335,U,0.0,10,0.0,354.1
179676,tap_single,0.3351,U,0.0,10,0.0,354.2
179772,tap_single,0.3351,U,0.0,10,0.0,354.2
179868,tap_single,0.3351,U,0.0,10,0.0,354.2
179964,tap_single,0.3351,S,0.0,10,0.0,354.2
180060,tap_single,0.3351,S,0.0,10,0.0,354.2
180156,tap_single,0.3351,S,0.0,10,0.0,354.2
180251,tap_single,0.3352,S,0.0,10,0.0,354.3
180347,tap_single,0.3418,U,0.0,10,0.0,360.9
180443,tap_single,0.3472,U,0.0,10,0.0,366.3
180536,tap_single,0.3512,U,0.0,10,0.0,370.3
180632,tap_single,0.3532,U,0.0,10,0.0,372.3
180728,tap_single,0.3537,U,0.0,10,0.0,372.8
180824,tap_single,0.3537,U,0.0,10,0.0,372.8
180920,tap_single,0.3536,U,0.0,10,0.0,372.70000000000005
181016,tap_single,0.3535,U,0.0,10,0.0,372.59999999999997
181112,tap_single,0.3535,U,0.0,10,0.0,372.59999999999997
181207,tap_single,0.3535,U,0.0,10,0.0,372.59999999999997
181303,tap_single,0.3535,U,0.0,10,0.0,372.59999999999997
181397,tap_single,0.3535,S,0.0,10,0.0,372.59999999999997
181493,tap_single,0.3536,S,0.0,10,0.0,372.70000000000005
181589,tap_single,0.3536,S,0.0,10,0.0,372.70000000000005
181685,tap_single,0.3536,S,0.0,10,0.0,372.70000000000005
181781,tap_single,0.3537,U,0.0,10,0.0,372.8
181876,tap_single,0.3537,U,0.0,10,0.0,372.8
181972,tap_single,0.3537,S,0.0,10,0.0,372.8
182068,tap_single,0.3537,S,0.0,10,0.0,372.8
182164,tap_single,0.3537,S,0.0,10,0.0,372.8
182258,tap_single,0.3537,S,0.0,10,0.0,372.8
182354,tap_single,0.3537,S,0.0,10,0.0,372.8
182450,tap_single,0.3537,S,0.0,10,0.0,372.8
182546,tap_single,0.3537,S,0.0,10,0.0,372.8
182641,tap_single,0.3537,S,0.0,10,0.0,372.8
182737,tap_single,0.3537,S,0.0,10,0.0,372.8
182833,tap_single,0.3536,S,0.0,10,0.0,372.70000000000005
182929,tap_single,0.3536,S,0.0,10,0.0,372.70000000000005
183025,tap_single,0.3536,S,0.0,10,0.0,372.70000000000005
183121,tap_single,0.3536,S,0.0,10,0.0,372.70000000000005
183215,tap_single,0.3536,S,0.0,10,0.0,372.70000000000005
183311,tap_single,0.3536,S,0.0,10,0.0,372.70000000000005
183406,tap_single,0.3536,S,0.0,10,0.0,372.70000000000005
183502,tap_single,0.3536,S,0.0,10,0.0,372.70000000000005
183598,tap_single,0.3536,S,0.0,10,0.0,372.70000000000005
183694,tap_single,0.3536,S,0.0,10,0.0,372.70000000000005
183790,tap_single,0.3536,S,0.0,10,0.0,372.70000000000005
183886,tap_single,0.3536,S,0.0,10,0.0,372.70000000000005
183982,tap_single,0.3536,S,0.0,10,0.0,372.70000000000005
184076,tap_single,0.3536,S,0.0,10,0.0,372.70000000000005
184171,tap_single,0.3536,S,0.0,10,0.0,372.70000000000005
184267,tap_single,0.3537,S,0.0,10,0.0,372.8
184363,tap_single,0.3537,S,0.0,10,0.0,372.8
184459,tap_single,0.3537,S,0.0,10,0.0,372.8
184555,tap_single,0.3537,S,0.0,10,0.0,372.8
184651,tap_single,0.3537,S,0.0,10,0.0,372.8
184746,tap_single,0.3537,S,0.0,10,0.0,372.8
184842,tap_single,0.3537,S,0.0,10,0.0,372.8
184936,tap_single,0.3537,S,0.0,10,0.0,372.8
185032,tap_single,0.3541,U,0.0,10,0.0,373.20000000000005
185127,tap_single,0.3541,U,0.0,10,0.0,373.20000000000005
185223,tap_single,0.3542,U,0.0,10,0.0,373.3
185319,tap_single,0.3542,U,0.0,10,0.0,373.3
185415,tap_single,0.3543,U,0.0,10,0.0,373.40000000000003
185511,tap_single,0.3543,U,0.0,10,0.0,373.40000000000003
185705,tap_single,0.3544,U,0.0,11,0.0,373.5
185798,tap_single,0.3544,U,0.0,11,0.0,373.5
185892,tap_single,0.3544,S,0.0,11,0.0,373.5
185988,tap_single,0.3544,S,0.0,11,0.0,373.5
186084,tap_single,0.3543,S,0.0,11,0.0,373.40000000000003
186179,tap_single,0.3483,U,0.0,11,0.0,367.4
186275,tap_single,0.3434,U,0.0,11,0.0,362.5
186371,tap_single,0.3387,U,0.0,11,0.0,357.8
186467,tap_single,0.3361,U,0.0,11,0.0,355.2
186563,tap_single,0.3358,U,0.0,11,0.0,354.9
186659,tap_single,0.3367,U,0.0,11,0.0,355.8
186752,tap_single,0.3374,U,0.0,11,0.0,356.5
186848,tap_single,0.3375,U,0.0,11,0.0,356.6
186944,tap_single,0.3374,U,0.0,11,0.0,356.5
187040,tap_single,0.3374,U,0.0,11,0.0,356.5
187136,tap_single,0.3373,U,0.0,11,0.0,356.4
187232,tap_single,0.3373,U,0.0,11,0.0,356.4
187328,tap_single,0.3373,U,0.0,11,0.0,356.4
187423,tap_single,0.3372,U,0.0,11,0.0,356.3
187519,tap_single,0.3372,U,0.0,11,0.0,356.3
187613,tap_single,0.3372,S,0.0,11,0.0,356.3
187709,tap_single,0.3372,S,0.0,11,0.0,356.3
187805,tap_single,0.3371,U,0.0,11,0.0,356.2
187901,tap_single,0.3371,S,0.0,11,0.0,356.2
187997,tap_single,0.3371,S,0.0,11,0.0,356.2
188093,tap_single,0.3371,S,0.0,11,0.0,356.2
188188,tap_single,0.337,U,0.0,11,0.0,356.1
188284,tap_single,0.337,S,0.0,11,0.0,356.1
188380,tap_single,0.337,S,0.0,11,0.0,356.1
188476,tap_single,0.337,S,0.0,11,0.0,356.1
188570,tap_single,0.337,S,0.0,11,0.0,356.1
188666,tap_single,0.337,S,0.0,11,0.0,356.1
188762,tap_single,0.337,S,0.0,11,0.0,356.1
188858,tap_single,0.337,S,0.0,11,0.0,356.1
188954,tap_single,0.337,S,0.0,11,0.0,356.1
189055,tap_single,0.337,S,0.0,11,0.0,356.1
189145,tap_single,0.337,S,0.0,11,0.0,356.1
189241,tap_single,0.337,S,0.0,11,0.0,356.1
189337,tap_single,0.3371,S,0.0,11,0.0,356.2
189431,tap_single,0.3371,S,0.0,11,0.0,356.2
189527,tap_single,0.3371,S,0.0,11,0.0,356.2
189622,tap_single,0.3371,S,0.0,11,0.0,356.2
189718,tap_single,0.3371,S,0.0,11,0.0,356.2
189814,tap_single,0.3371,S,0.0,11,0.0,356.2
189910,tap_single,0.3371,S,0.0,11,0.0,356.2
190006,tap_single,0.3371,S,0.0,11,0.0,356.2
190102,tap_single,0.3371,S,0.0,11,0.0,356.2
190198,tap_single,0.3371,S,0.0,11,0.0,356.2
190292,tap_single,0.3371,S,0.0,11,0.0,356.2
190387,tap_single,0.3372,S,0.0,11,0.0,356.3
190483,tap_single,0.3372,S,0.0,11,0.0,356.3
190579,tap_single,0.3372,S,0.0,11,0.0,356.3
190675,tap_single,0.3372,S,0.0,11,0.0,356.3
190771,tap_single,0.3372,S,0.0,11,0.0,356.3
190867,tap_single,0.3372,S,0.0,11,0.0,356.3
190963,tap_single,0.3372,S,0.0,11,0.0,356.3
191058,tap_single,0.3372,S,0.0,11,0.0,356.3
191154,tap_single,0.3372,S,0.0,11,0.0,356.3
191248,tap_single,0.3372,S,0.0,11,0.0,356.3
191344,tap_single,0.3372,S,0.0,11,0.0,356.3
191440,tap_single,0.3372,S,0.0,11,0.0,356.3
191536,tap_single,0.3372,S,0.0,11,0.0,356.3
191632,tap_single,0.3372,S,0.0,11,0.0,356.3
191826,tap_single,0.3372,S,0.0,12,0.0,356.3
191919,tap_single,0.3372,S,0.0,12,0.0,356.3
192015,tap_single,0.3372,S,0.0,12,0.0,356.3
192109,tap_single,0.3372,S,0.0,12,0.0,356.3
192205,tap_single,0.3372,S,0.0,12,0.0,356.3
192301,tap_single,0.3372,S,0.0,12,0.0,356.3
192397,tap_single,0.3372,S,0.0,12,0.0,356.3
192492,tap_single,0.3372,S,0.0,12,0.0,356.3
192587,tap_single,0.3461,U,0.0,12,0.0,365.20000000000005
192683,tap_single,0.351,U,0.0,12,0.0,370.09999999999997
192779,tap_single,0.3548,U,0.0,12,0.0,373.90000000000003
192875,tap_single,0.3568,U,0.0,12,0.0,375.90000000000003
192969,tap_single,0.3575,U,0.0,12,0.0,376.59999999999997
193064,tap_single,0.3575,U,0.0,12,0.0,376.59999999999997
193160,tap_single,0.3574,U,0.0,12,0.0,376.5
193256,tap_single,0.3573,U,0.0,12,0.0,376.40000000000003
193352,tap_single,0.3573,U,0.0,12,0.0,376.40000000000003
193448,tap_single,0.3572,U,0.0,12,0.0,376.3
193544,tap_single,0.3572,U,0.0,12,0.0,376.3
193639,tap_single,0.3572,U,0.0,12,0.0,376.3
193735,tap_single,0.3572,S,0.0,12,0.0,376.3
193831,tap_single,0.3572,S,0.0,12,0.0,376.3
193925,tap_single,0.3571,S,0.0,12,0.0,376.2
194021,tap_single,0.3571,S,0.0,12,0.0,376.2
194117,tap_single,0.3571,S,0.0,12,0.0,376.2
194213,tap_single,0.3571,S,0.0,12,0.0,376.2
194309,tap_single,0.3571,S,0.0,12,0.0,376.2
194404,tap_single,0.357,S,0.0,12,0.0,376.09999999999997
194500,tap_single,0.357,S,0.0,12,0.0,376.09999999999997
194596,tap_single,0.357,S,0.0,12,0.0,376.09999999999997
194692,tap_single,0.357,S,0.0,12,0.0,376.09999999999997
194786,tap_single,0.3569,U,0.0,12,0.0,376.0
194882,tap_single,0.3569,S,0.0,12,0.0,376.0
194978,tap_single,0.3569,S,0.0,12,0.0,376.0
195074,tap_single,0.3569,S,0.0,12,0.0,376.0
195169,tap_single,0.3568,U,0.0,12,0.0,375.90000000000003
195265,tap_single,0.3568,S,0.0,12,0.0,375.90000000000003
195361,tap_single,0.3568,S,0.0,12,0.0,375.90000000000003
195457,tap_single,0.3567,U,0.0,12,0.0,375.8
195553,tap_single,0.3567,U,0.0,12,0.0,375.8
195647,tap_single,0.3566,U,0.0,12,0.0,375.7
195742,tap_single,0.3566,U,0.0,12,0.0,375.7
195838,tap_single,0.3565,U,0.0,12,0.0,375.59999999999997
195934,tap_single,0.3565,U,0.0,12,0.0,375.59999999999997
196030,tap_single,0.3565,U,0.0,12,0.0,375.59999999999997
196126,tap_single,0.3564,U,0.0,12,0.0,375.5
196222,tap_single,0.3564,U,0.0,12,0.0,375.5
196317,tap_single,0.3564,S,0.0,12,0.0,375.5
196413,tap_single,0.3564,S,0.0,12,0.0,375.5
196509,tap_single,0.3564,S,0.0,12,0.0,375.5
196603,tap_single,0.3564,S,0.0,12,0.0,375.5
196699,tap_single,0.3564,S,0.0,12,0.0,375.5
196795,tap_single,0.3563,S,0.0,12,0.0,375.40000000000003
196891,tap_single,0.3563,S,0.0,12,0.0,375.40000000000003
196986,tap_single,0.3563,S,0.0,12,0.0,375.40000000000003
197082,tap_single,0.3563,S,0.0,12,0.0,375.40000000000003
197178,tap_single,0.3563,S,0.0,12,0.0,375.40000000000003
197274,tap_single,0.3562,S,0.0,12,0.0,375.3
197370,tap_single,0.3562,S,0.0,12,0.0,375.3
197464,tap_single,0.3562,S,0.0,12,0.0,375.3
197560,tap_single,0.3562,S,0.0,12,0.0,375.3
197656,tap_single,0.3562,S,0.0,12,0.0,375.3
197751,tap_single,0.3562,S,0.0,12,0.0,375.3
197945,tap_single,0.3562,S,0.0,13,0.0,375.3
198039,tap_single,0.3562,S,0.0,13,0.0,375.3
198135,tap_single,0.3562,S,0.0,13,0.0,375.3
198231,tap_single,0.3562,S,0.0,13,0.0,375.3
198324,tap_single,0.3561,S,0.0,13,0.0,375.20000000000005
198420,tap_single,0.3558,U,0.0,13,0.0,374.90000000000003
198516,tap_single,0.3556,U,0.0,13,0.0,374.70000000000005
198612,tap_single,0.3555,U,0.0,13,0.0,374.59999999999997
198708,tap_single,0.3556,U,0.0,13,0.0,374.70000000000005
198803,tap_single,0.3623,U,0.0,13,0.0,381.40000000000003
198899,tap_single,0.3664,U,0.0,13,0.0,385.5
198995,tap_single,0.3687,U,0.0,13,0.0,387.8
199091,tap_single,0.3694,U,0.0,13,0.0,388.5
199184,tap_single,0.3693,U,0.0,13,0.0,388.40000000000003
199280,tap_single,0.3691,U,0.0,13,0.0,388.2
199376,tap_single,0.3689,U,0.0,13,0.0,388.0
199472,tap_single,0.3688,U,0.0,13,0.0,387.90000000000003
199568,tap_single,0.3688,U,0.0,13,0.0,387.90000000000003
199664,tap_single,0.3688,U,0.0,13,0.0,387.90000000000003
199760,tap_single,0.3688,U,0.0,13,0.0,387.90000000000003
199856,tap_single,0.3688,S,0.0,13,0.0,387.90000000000003
199951,tap_single,0.3688,S,0.0,13,0.0,387.90000000000003
200047,tap_single,0.3689,S,0.0,13,0.0,388.0
200141,tap_single,0.3689,S,0.0,13,0.0,388.0
200237,tap_single,0.3689,S,0.0,13,0.0,388.0
200333,tap_single,0.3689,S,0.0,13,0.0,388.0
200429,tap_single,0.3689,S,0.0,13,0.0,388.0
200525,tap_single,0.3689,S,0.0,13,0.0,388.0
200620,tap_single,0.3689,S,0.0,13,0.0,388.0
200716,tap_single,0.369,S,0.0,13,0.0,388.1
200812,tap_single,0.369,S,0.0,13,0.0,388.1
200908,tap_single,0.369,S,0.0,13,0.0,388.1
201002,tap_single,0.369,S,0.0,13,0.0,388.1
201098,tap_single,0.369,S,0.0,13,0.0,388.1
201194,tap_single,0.369,S,0.0,13,0.0,388.1
201290,tap_single,0.3691,S,0.0,13,0.0,388.2
201386,tap_single,0.3691,S,0.0,13,0.0,388.2
201492,tap_single,0.3691,S,0.0,13,0.0,388.2
201673,tap_single,0.3692,U,0.0,13,0.0,388.29999999999995
201769,tap_single,0.3692,S,0.0,13,0.0,388.29999999999995
201865,tap_single,0.3693,U,0.0,13,0.0,388.40000000000003
201958,tap_single,0.3693,U,0.0,13,0.0,388.40000000000003
202054,tap_single,0.3694,U,0.0,13,0.0,388.5
202150,tap_single,0.3694,U,0.0,13,0.0,388.5
202246,tap_single,0.3695,U,0.0,13,0.0,388.6
202342,tap_single,0.3695,U,0.0,13,0.0,388.6
202438,tap_single,0.3695,U,0.0,13,0.0,388.6
202534,tap_single,0.3696,U,0.0,13,0.0,388.7
202629,tap_single,0.3696,U,0.0,13,0.0,388.7
202725,tap_single,0.3696,S,0.0,13,0.0,388.7
202819,tap_single,0.3696,S,0.0,13,0.0,388.7
202915,tap_single,0.3697,U,0.0,13,0.0,388.79999999999995
203011,tap_single,0.3697,S,0.0,13,0.0,388.79999999999995
203107,tap_single,0.3697,S,0.0,13,0.0,388.79999999999995
203203,tap_single,0.3697,S,0.0,13,0.0,388.79999999999995
203298,tap_single,0.3697,S,0.0,13,0.0,388.79999999999995
203394,tap_single,0.3697,S,0.0,13,0.0,388.79999999999995
203490,tap_single,0.3697,S,0.0,13,0.0,388.79999999999995
203586,tap_single,0.3697,S,0.0,13,0.0,388.79999999999995
203680,tap_single,0.3698,S,0.0,13,0.0,388.90000000000003
203776,tap_single,0.3698,S,0.0,13,0.0,388.90000000000003
203871,tap_single,0.3698,S,0.0,13,0.0,388.90000000000003
204065,tap_single,0.3698,S,0.0,14,0.0,388.90000000000003
204159,tap_single,0.3698,S,0.0,14,0.0,388.90000000000003
204255,tap_single,0.3698,S,0.0,14,0.0,388.90000000000003
204351,tap_single,0.3698,S,0.0,14,0.0,388.90000000000003
204447,tap_single,0.3698,S,0.0,14,0.0,388.90000000000003
204540,tap_single,0.3698,S,0.0,14,0.0,388.90000000000003
204636,tap_single,0.3629,U,0.0,14,0.0,382.0
204732,tap_single,0.3616,U,0.0,14,0.0,380.7
204827,tap_single,0.3635,U,0.0,14,0.0,382.6
204923,tap_single,0.3679,U,0.0,14,0.0,387.0
205019,tap_single,0.3701,U,0.0,14,0.0,389.2
205115,tap_single,0.375,U,0.0,14,0.0,394.1
205211,tap_single,0.3759,U,0.0,14,0.0,395.0
205307,tap_single,0.376,U,0.0,14,0.0,395.1
205403,tap_single,0.3757,U,0.0,14,0.0,394.8
205496,tap_single,0.3757,U,0.0,14,0.0,394.8
205592,tap_single,0.3757,U,0.0,14,0.0,394.8
205688,tap_single,0.3757,U,0.0,14,0.0,394.8
205784,tap_single,0.3758,U,0.0,14,0.0,394.90000000000003
205880,tap_single,0.3758,S,0.0,14,0.0,394.90000000000003
205976,tap_single,0.3758,S,0.0,14,0.0,394.90000000000003
206072,tap_single,0.3758,S,0.0,14,0.0,394.90000000000003
206167,tap_single,0.3758,S,0.0,14,0.0,394.90000000000003
206263,tap_single,0.3758,S,0.0,14,0.0,394.90000000000003
206357,tap_single,0.3758,S,0.0,14,0.0,394.90000000000003
206453,tap_single,0.3758,S,0.0,14,0.0,394.90000000000003
206549,tap_single,0.3758,S,0.0,14,0.0,394.90000000000003
206645,tap_single,0.3758,S,0.0,14,0.0,394.90000000000003
206741,tap_single,0.3758,S,0.0,14,0.0,394.90000000000003
206837,tap_single,0.3758,S,0.0,14,0.0,394.90000000000003
206932,tap_single,0.3758,S,0.0,14,0.0,394.90000000000003
207028,tap_single,0.3758,S,0.0,14,0.0,394.90000000000003
207124,tap_single,0.3758,S,0.0,14,0.0,394.90000000000003
207218,tap_single,0.3758,S,0.0,14,0.0,394.90000000000003
207314,tap_single,0.3758,S,0.0,14,0.0,394.90000000000003
207410,tap_single,0.3758,S,0.0,14,0.0,394.90000000000003
207506,tap_single,0.3759,S,0.0,14,0.0,395.0
207601,tap_single,0.3759,S,0.0,14,0.0,395.0
207697,tap_single,0.3759,S,0.0,14,0.0,395.0
207793,tap_single,0.3759,S,0.0,14,0.0,395.0
207889,tap_single,0.3759,S,0.0,14,0.0,395.0
207985,tap_single,0.3759,S,0.0,14,0.0,395.0
208081,tap_single,0.3759,S,0.0,14,0.0,395.0
208175,tap_single,0.3759,S,0.0,14,0.0,395.0
208270,tap_single,0.376,S,0.0,14,0.0,395.1
208366,tap_single,0.376,S,0.0,14,0.0,395.1
208462,tap_single,0.376,S,0.0,14,0.0,395.1
208558,tap_single,0.376,S,0.0,14,0.0,395.1
208654,tap_single,0.3762,U,0.0,14,0.0,395.3
208750,tap_single,0.3763,U,0.0,14,0.0,395.40000000000003
208845,tap_single,0.3764,U,0.0,14,0.0,395.5
208941,tap_single,0.3764,U,0.0,14,0.0,395.5
209035,tap_single,0.3764,U,0.0,14,0.0,395.5
209131,tap_single,0.3765,U,0.0,14,0.0,395.6
209227,tap_single,0.3765,U,0.0,14,0.0,395.6
209323,tap_single,0.3765,S,0.0,14,0.0,395.6
209418,tap_single,0.3766,U,0.0,14,0.0,395.7
209514,tap_single,0.3766,U,0.0,14,0.0,395.7
209610,tap_single,0.3766,S,0.0,14,0.0,395.7
209706,tap_single,0.3766,S,0.0,14,0.0,395.7
209802,tap_single,0.3766,S,0.0,14,0.0,395.7
209896,tap_single,0.3766,S,0.0,14,0.0,395.7
209992,tap_single,0.3767,S,0.0,14,0.0,395.8
210186,tap_single,0.3767,S,0.0,15,0.0,395.8
210279,tap_single,0.3767,S,0.0,15,0.0,395.8
210375,tap_single,0.3767,S,0.0,15,0.0,395.8
210471,tap_single,0.3767,S,0.0,15,0.0,395.8
210567,tap_single,0.3766,S,0.0,15,0.0,395.7
210662,tap_single,0.3764,U,0.0,15,0.0,395.5
210758,tap_single,0.3703,U,0.0,15,0.0,389.40000000000003
210852,tap_single,0.3698,U,0.0,15,0.0,388.90000000000003
210948,tap_single,0.372,U,0.0,15,0.0,391.1
211043,tap_single,0.3758,U,0.0,15,0.0,394.90000000000003
211139,tap_single,0.3793,U,0.0,15,0.0,398.40000000000003
211235,tap_single,0.3812,U,0.0,15,0.0,400.3
211331,tap_single,0.3818,U,0.0,15,0.0,400.9
211427,tap_single,0.3818,U,0.0,15,0.0,400.9
211523,tap_single,0.3816,U,0.0,15,0.0,400.7
211618,tap_single,0.3815,U,0.0,15,0.0,400.6
211712,tap_single,0.3814,U,0.0,15,0.0,400.5
211808,tap_single,0.3814,U,0.0,15,0.0,400.5
211904,tap_single,0.3814,U,0.0,15,0.0,400.5
212000,tap_single,0.3814,U,0.0,15,0.0,400.5
212096,tap_single,0.3814,S,0.0,15,0.0,400.5
212192,tap_single,0.3815,S,0.0,15,0.0,400.6
212287,tap_single,0.3815,S,0.0,15,0.0,400.6
212383,tap_single,0.3815,S,0.0,15,0.0,400.6
212479,tap_single,0.3815,S,0.0,15,0.0,400.6
212573,tap_single,0.3815,S,0.0,15,0.0,400.6
212669,tap_single,0.3815,S,0.0,15,0.0,400.6
212765,tap_single,0.3815,S,0.0,15,0.0,400.6
212861,tap_single,0.3815,S,0.0,15,0.0,400.6
212957,tap_single,0.3815,S,0.0,15,0.0,400.6
213052,tap_single,0.3815,S,0.0,15,0.0,400.6
213148,tap_single,0.3815,S,0.0,15,0.0,400.6
213244,tap_single,0.3815,S,0.0,15,0.0,400.6
213340,tap_single,0.3815,S,0.0,15,0.0,400.6
213436,tap_single,0.3815,S,0.0,15,0.0,400.6
213530,tap_single,0.3816,S,0.0,15,0.0,400.7
213626,tap_single,0.3816,S,0.0,15,0.0,400.7
213722,tap_single,0.3816,S,0.0,15,0.0,400.7
213818,tap_single,0.3816,S,0.0,15,0.0,400.7
213913,tap_single,0.3816,S,0.0,15,0.0,400.7
214014,tap_single,0.3817,S,0.0,15,0.0,400.8
214105,tap_single,0.3817,S,0.0,15,0.0,400.8
214201,tap_single,0.3817,S,0.0,15,0.0,400.8
214297,tap_single,0.3817,S,0.0,15,0.0,400.8
214391,tap_single,0.3817,S,0.0,15,0.0,400.8
214486,tap_single,0.3817,S,0.0,15,0.0,400.8
214582,tap_single,0.3819,U,0.0,15,0.0,401.0
214678,tap_single,0.382,U,0.0,15,0.0,401.1
214774,tap_single,0.382,U,0.0,15,0.0,401.1
214870,tap_single,0.382,U,0.0,15,0.0,401.1
214965,tap_single,0.382,U,0.0,15,0.0,401.1
215061,tap_single,0.3821,U,0.0,15,0.0,401.2
215157,tap_single,0.3821,S,0.0,15,0.0,401.2
215251,tap_single,0.3821,S,0.0,15,0.0,401.2
215347,tap_single,0.3821,S,0.0,15,0.0,401.2
215443,tap_single,0.3821,S,0.0,15,0.0,401.2
215539,tap_single,0.382,S,0.0,15,0.0,401.1
215635,tap_single,0.382,S,0.0,15,0.0,401.1
215730,tap_single,0.382,S,0.0,15,0.0,401.1
215826,tap_single,0.382,S,0.0,15,0.0,401.1
215922,tap_single,0.382,S,0.0,15,0.0,401.1
216018,tap_single,0.382,S,0.0,15,0.0,401.1
216114,tap_single,0.3819,S,0.0,15,0.0,401.0
216308,tap_single,0.3819,S,0.0,16,0.0,401.0
216399,tap_single,0.3819,S,0.0,16,0.0,401.0
216495,tap_single,0.3818,U,0.0,16,0.0,400.9
216591,tap_single,0.3815,U,0.0,16,0.0,400.6
216687,tap_single,0.3814,U,0.0,16,0.0,400.5
216782,tap_single,0.3765,U,0.0,16,0.0,395.6
216878,tap_single,0.3729,U,0.0,16,0.0,392.0
216974,tap_single,0.3701,U,0.0,16,0.0,389.2
217068,tap_single,0.3695,U,0.0,16,0.0,388.6
217164,tap_single,0.371,U,0.0,16,0.0,390.1
217259,tap_single,0.3729,U,0.0,16,0.0,392.0
217355,tap_single,0.3742,U,0.0,16,0.0,393.29999999999995
217451,tap_single,0.3744,U,0.0,16,0.0,393.5
217547,tap_single,0.3745,U,0.0,16,0.0,393.6
217643,tap_single,0.3745,U,0.0,16,0.0,393.6
217739,tap_single,0.3744,U,0.0,16,0.0,393.5
217835,tap_single,0.3744,U,0.0,16,0.0,393.5
217928,tap_single,0.3744,S,0.0,16,0.0,393.5
218024,tap_single,0.3744,S,0.0,16,0.0,393.5
218120,tap_single,0.3743,U,0.0,16,0.0,393.40000000000003
218216,tap_single,0.3743,S,0.0,16,0.0,393.40000000000003
218312,tap_single,0.3743,S,0.0,16,0.0,393.40000000000003
218408,tap_single,0.3743,S,0.0,16,0.0,393.40000000000003
218504,tap_single,0.3743,S,0.0,16,0.0,393.40000000000003
218599,tap_single,0.3743,S,0.0,16,0.0,393.40000000000003
218695,tap_single,0.3743,S,0.0,16,0.0,393.40000000000003
218791,tap_single,0.3743,S,0.0,16,0.0,393.40000000000003
218885,tap_single,0.3743,S,0.0,16,0.0,393.40000000000003
218981,tap_single,0.3743,S,0.0,16,0.0,393.40000000000003
219077,tap_single,0.3743,S,0.0,16,0.0,393.40000000000003
219173,tap_single,0.3743,S,0.0,16,0.0,393.40000000000003
219269,tap_single,0.3743,S,0.0,16,0.0,393.40000000000003
219364,tap_single,0.3743,S,0.0,16,0.0,393.40000000000003
219460,tap_single,0.3743,S,0.0,16,0.0,393.40000000000003
219556,tap_single,0.3743,S,0.0,16,0.0,393.40000000000003
219652,tap_single,0.3743,S,0.0,16,0.0,393.40000000000003
219746,tap_single,0.3743,S,0.0,16,0.0,393.40000000000003
219842,tap_single,0.3743,S,0.0,16,0.0,393.40000000000003
219938,tap_single,0.3743,S,0.0,16,0.0,393.40000000000003
220033,tap_single,0.3743,S,0.0,16,0.0,393.40000000000003
220129,tap_single,0.3743,S,0.0,16,0.0,393.40000000000003
220225,tap_single,0.3743,S,0.0,16,0.0,393.40000000000003
220321,tap_single,0.3743,S,0.0,16,0.0,393.40000000000003
220417,tap_single,0.3743,S,0.0,16,0.0,393.40000000000003
220513,tap_single,0.3743,S,0.0,16,0.0,393.40000000000003
220607,tap_single,0.3744,S,0.0,16,0.0,393.5
220703,tap_single,0.3744,S,0.0,16,0.0,393.5
220798,tap_single,0.3744,S,0.0,16,0.0,393.5
220894,tap_single,0.3744,S,0.0,16,0.0,393.5
220990,tap_single,0.3744,S,0.0,16,0.0,393.5
221086,tap_single,0.3744,S,0.0,16,0.0,393.5
221182,tap_single,0.3744,S,0.0,16,0.0,393.5
221278,tap_single,0.3744,S,0.0,16,0.0,393.5
221374,tap_single,0.3744,S,0.0,16,0.0,393.5
221469,tap_single,0.3744,S,0.0,16,0.0,393.5
221563,tap_single,0.3744,S,0.0,16,0.0,393.5
221659,tap_single,0.3744,S,0.0,16,0.0,393.5
221755,tap_single,0.3744,S,0.0,16,0.0,393.5
221851,tap_single,0.3745,S,0.0,16,0.0,393.6
221947,tap_single,0.3745,S,0.0,16,0.0,393.6
222043,tap_single,0.3745,S,0.0,16,0.0,393.6
222138,tap_single,0.3745,S,0.0,16,0.0,393.6
222234,tap_single,0.3745,S,0.0,16,0.0,393.6
222428,tap_single,0.3745,S,0.0,17,0.0,393.6
222520,tap_single,0.3745,S,0.0,17,0.0,393.6
222616,tap_single,0.3745,S,0.0,17,0.0,393.6
222712,tap_single,0.3745,S,0.0,17,0.0,393.6
222808,tap_single,0.3746,S,0.0,17,0.0,393.7
222903,tap_single,0.3746,S,0.0,17,0.0,393.7
222999,tap_single,0.3746,S,0.0,17,0.0,393.7
223095,tap_single,0.3746,S,0.0,17,0.0,393.7
223190,tap_single,0.3829,U,0.0,17,0.0,402.0
223284,tap_single,0.3905,U,0.0,17,0.0,409.6
223380,tap_single,0.3964,U,0.0,17,0.0,415.5
223475,tap_single,0.3994,U,0.0,17,0.0,418.5
223571,tap_single,0.4004,U,0.0,17,0.0,419.5
223667,tap_single,0.4005,U,0.0,17,0.0,419.6
223763,tap_single,0.4004,U,0.0,17,0.0,419.5
223859,tap_single,0.4003,U,0.0,17,0.0,419.4
223955,tap_single,0.4002,U,0.0,17,0.0,419.3
224051,tap_single,0.4002,U,0.0,17,0.0,419.3
224146,tap_single,0.4002,U,0.0,17,0.0,419.3
224240,tap_single,0.4002,U,0.0,17,0.0,419.3
224336,tap_single,0.4002,S,0.0,17,0.0,419.3
224432,tap_single,0.4002,S,0.0,17,0.0,419.3
224528,tap_single,0.4002,S,0.0,17,0.0,419.3
224624,tap_single,0.4002,S,0.0,17,0.0,419.3
224720,tap_single,0.4003,S,0.0,17,0.0,419.4
224816,tap_single,0.4003,S,0.0,17,0.0,419.4
224911,tap_single,0.4003,S,0.0,17,0.0,419.4
225007,tap_single,0.4003,S,0.0,17,0.0,419.4
225101,tap_single,0.4003,S,0.0,17,0.0,419.4
225197,tap_single,0.4003,S,0.0,17,0.0,419.4
225293,tap_single,0.4004,S,0.0,17,0.0,419.5
225389,tap_single,0.4004,S,0.0,17,0.0,419.5
225484,tap_single,0.4004,S,0.0,17,0.0,419.5
225581,tap_single,0.4004,S,0.0,17,0.0,419.5
225676,tap_single,0.4004,S,0.0,17,0.0,419.5
225772,tap_single,0.4004,S,0.0,17,0.0,419.5
225868,tap_single,0.4004,S,0.0,17,0.0,419.5
225962,tap_single,0.4004,S,0.0,17,0.0,419.5
226058,tap_single,0.4004,S,0.0,17,0.0,419.5
226154,tap_single,0.4004,S,0.0,17,0.0,419.5
226250,tap_single,0.4004,S,0.0,17,0.0,419.5
226345,tap_single,0.4004,S,0.0,17,0.0,419.5
226452,tap_single,0.4004,S,0.0,17,0.0,419.5
226542,tap_single,0.4004,S,0.0,17,0.0,419.5
226633,tap_single,0.4004,S,0.0,17,0.0,419.5
226729,tap_single,0.4004,S,0.0,17,0.0,419.5
226825,tap_single,0.4004,S,0.0,17,0.0,419.5
226918,tap_single,0.4004,S,0.0,17,0.0,419.5
227014,tap_single,0.4003,S,0.0,17,0.0,419.4
227110,tap_single,0.4003,S,0.0,17,0.0,419.4
227206,tap_single,0.4003,S,0.0,17,0.0,419.4
227302,tap_single,0.4003,S,0.0,17,0.0,419.4
227398,tap_single,0.4003,S,0.0,17,0.0,419.4
227494,tap_single,0.4003,S,0.0,17,0.0,419.4
227589,tap_single,0.4003,S,0.0,17,0.0,419.4
227686,tap_single,0.4003,S,0.0,17,0.0,419.4
227779,tap_single,0.4002,S,0.0,17,0.0,419.3
227875,tap_single,0.4002,S,0.0,17,0.0,419.3
227970,tap_single,0.4,U,0.0,17,0.0,419.1
228065,tap_single,0.4,U,0.0,17,0.0,419.1
228161,tap_single,0.4,U,0.0,17,0.0,419.1
228257,tap_single,0.4,U,0.0,17,0.0,419.1
228353,tap_single,0.4,U,0.0,17,0.0,419.1
228547,tap_single,0.4,S,0.0,18,0.0,419.1
228639,tap_single,0.4,S,0.0,18,0.0,419.1
228735,tap_single,0.4,S,0.0,18,0.0,419.1
228830,tap_single,0.4,S,0.0,18,0.0,419.1
228926,tap_single,0.4,S,0.0,18,0.0,419.1
229022,tap_single,0.3941,U,0.0,18,0.0,413.2
229117,tap_single,0.39,U,0.0,18,0.0,409.1
229214,tap_single,0.3868,U,0.0,18,0.0,405.9
229310,tap_single,0.3859,U,0.0,18,0.0,405.0
229406,tap_single,0.3869,U,0.0,18,0.0,406.0
229502,tap_single,0.3884,U,0.0,18,0.0,407.50000000000006
229596,tap_single,0.3892,U,0.0,18,0.0,408.3
229691,tap_single,0.3894,U,0.0,18,0.0,408.50000000000006
229787,tap_single,0.3893,U,0.0,18,0.0,408.4
229883,tap_single,0.3893,U,0.0,18,0.0,408.4
229979,tap_single,0.3893,U,0.0,18,0.0,408.4
230075,tap_single,0.3893,S,0.0,18,0.0,408.4
230171,tap_single,0.3893,S,0.0,18,0.0,408.4
230267,tap_single,0.3893,S,0.0,18,0.0,408.4
230363,tap_single,0.3893,S,0.0,18,0.0,408.4
230456,tap_single,0.3893,S,0.0,18,0.0,408.4
230552,tap_single,0.3893,S,0.0,18,0.0,408.4
230648,tap_single,0.3893,S,0.0,18,0.0,408.4
230744,tap_single,0.3893,S,0.0,18,0.0,408.4
230840,tap_single,0.3893,S,0.0,18,0.0,408.4
230936,tap_single,0.3894,S,0.0,18,0.0,408.50000000000006
231031,tap_single,0.3894,S,0.0,18,0.0,408.50000000000006
231127,tap_single,0.3894,S,0.0,18,0.0,408.50000000000006
231223,tap_single,0.3895,U,0.0,18,0.0,408.6
231317,tap_single,0.3895,U,0.0,18,0.0,408.6
231413,tap_single,0.3895,S,0.0,18,0.0,408.6
231509,tap_single,0.3895,S,0.0,18,0.0,408.6
231605,tap_single,0.3896,U,0.0,18,0.0,408.7
231701,tap_single,0.3896,S,0.0,18,0.0,408.7
231797,tap_single,0.3896,S,0.0,18,0.0,408.7
231892,tap_single,0.3896,S,0.0,18,0.0,408.7
231988,tap_single,0.3896,S,0.0,18,0.0,408.7
232084,tap_single,0.3897,S,0.0,18,0.0,408.8
232180,tap_single,0.3897,S,0.0,18,0.0,408.8
232274,tap_single,0.3898,U,0.0,18,0.0,408.9
232370,tap_single,0.3898,U,0.0,18,0.0,408.9
232465,tap_single,0.3899,U,0.0,18,0.0,409.00000000000006
232561,tap_single,0.3899,U,0.0,18,0.0,409.00000000000006
232656,tap_single,0.39,U,0.0,18,0.0,409.1
232752,tap_single,0.39,U,0.0,18,0.0,409.1
232848,tap_single,0.39,U,0.0,18,0.0,409.1
232945,tap_single,0.3901,U,0.0,18,0.0,409.2
233040,tap_single,0.3901,U,0.0,18,0.0,409.2
233134,tap_single,0.3901,S,0.0,18,0.0,409.2
233230,tap_single,0.3902,U,0.0,18,0.0,409.3
233326,tap_single,0.3902,U,0.0,18,0.0,409.3
233422,tap_single,0.3902,S,0.0,18,0.0,409.3
233518,tap_single,0.3903,U,0.0,18,0.0,409.4
233614,tap_single,0.3903,U,0.0,18,0.0,409.4
233709,tap_single,0.3904,U,0.0,18,0.0,409.50000000000006
233805,tap_single,0.3904,U,0.0,18,0.0,409.50000000000006
233901,tap_single,0.3905,U,0.0,18,0.0,409.6
233995,tap_single,0.3906,U,0.0,18,0.0,409.7
234091,tap_single,0.3906,U,0.0,18,0.0,409.7
234187,tap_single,0.3906,U,0.0,18,0.0,409.7
234282,tap_single,0.3907,U,0.0,18,0.0,409.8
234378,tap_single,0.3907,U,0.0,18,0.0,409.8
234474,tap_single,0.3907,S,0.0,18,0.0,409.8
234668,tap_single,0.3908,U,0.0,19,0.0,409.9
234762,tap_single,0.3908,S,0.0,19,0.0,409.9
234858,tap_single,0.3908,S,0.0,19,0.0,409.9
234951,tap_single,0.3908,S,0.0,19,0.0,409.9
235047,tap_single,0.3907,S,0.0,19,0.0,409.8
235143,tap_single,0.3905,U,0.0,19,0.0,409.6
235239,tap_single,0.3833,U,0.0,19,0.0,402.4
235333,tap_single,0.38,U,0.0,19,0.0,399.1
235430,tap_single,0.3776,U,0.0,19,0.0,396.7
235526,tap_single,0.376,U,0.0,19,0.0,395.1
235622,tap_single,0.3749,U,0.0,19,0.0,394.0
235718,tap_single,0.3741,U,0.0,19,0.0,393.2
235812,tap_single,0.3736,U,0.0,19,0.0,392.7
235907,tap_single,0.3732,U,0.0,19,0.0,392.29999999999995
236003,tap_single,0.373,U,0.0,19,0.0,392.1
236099,tap_single,0.3729,U,0.0,19,0.0,392.0
236195,tap_single,0.3729,U,0.0,19,0.0,392.0
236291,tap_single,0.3729,U,0.0,19,0.0,392.0
236387,tap_single,0.3729,U,0.0,19,0.0,392.0
236483,tap_single,0.3729,S,0.0,19,0.0,392.0
236578,tap_single,0.3729,S,0.0,19,0.0,392.0
236672,tap_single,0.3729,S,0.0,19,0.0,392.0
236768,tap_single,0.3729,S,0.0,19,0.0,392.0
236864,tap_single,0.3729,S,0.0,19,0.0,392.0
236960,tap_single,0.3729,S,0.0,19,0.0,392.0
237056,tap_single,0.3729,S,0.0,19,0.0,392.0
237152,tap_single,0.3729,S,0.0,19,0.0,392.0
237248,tap_single,0.3729,S,0.0,19,0.0,392.0
237343,tap_single,0.3729,S,0.0,19,0.0,392.0
237439,tap_single,0.3729,S,0.0,19,0.0,392.0
237535,tap_single,0.3729,S,0.0,19,0.0,392.0
237629,tap_single,0.373,S,0.0,19,0.0,392.1
237725,tap_single,0.373,S,0.0,19,0.0,392.1
237821,tap_single,0.373,S,0.0,19,0.0,392.1
237917,tap_single,0.373,S,0.0,19,0.0,392.1
238012,tap_single,0.373,S,0.0,19,0.0,392.1
238108,tap_single,0.373,S,0.0,19,0.0,392.1
238204,tap_single,0.373,S,0.0,19,0.0,392.1
238300,tap_single,0.373,S,0.0,19,0.0,392.1
238396,tap_single,0.373,S,0.0,19,0.0,392.1
238490,tap_single,0.3731,S,0.0,19,0.0,392.2
238586,tap_single,0.3731,S,0.0,19,0.0,392.2
238682,tap_single,0.3731,S,0.0,19,0.0,392.2
238777,tap_single,0.3731,S,0.0,19,0.0,392.2
238873,tap_single,0.3731,S,0.0,19,0.0,392.2
238974,tap_single,0.3731,S,0.0,19,0.0,392.2
239065,tap_single,0.3731,S,0.0,19,0.0,392.2
239161,tap_single,0.3731,S,0.0,19,0.0,392.2
239257,tap_single,0.3732,S,0.0,19,0.0,392.29999999999995
239350,tap_single,0.3734,U,0.0,19,0.0,392.5
239446,tap_single,0.3734,U,0.0,19,0.0,392.5
239542,tap_single,0.3735,U,0.0,19,0.0,392.6
239638,tap_single,0.3735,U,0.0,19,0.0,392.6
239734,tap_single,0.3736,U,0.0,19,0.0,392.7
239829,tap_single,0.3736,U,0.0,19,0.0,392.7
239925,tap_single,0.3736,U,0.0,19,0.0,392.7
240021,tap_single,0.3737,U,0.0,19,0.0,392.79999999999995
240117,tap_single,0.3737,U,0.0,19,0.0,392.79999999999995
240211,tap_single,0.3737,S,0.0,19,0.0,392.79999999999995
240307,tap_single,0.3737,S,0.0,19,0.0,392.79999999999995
240403,tap_single,0.3738,U,0.0,19,0.0,392.90000000000003
240499,tap_single,0.3738,S,0.0,19,0.0,392.90000000000003
240594,tap_single,0.3738,S,0.0,19,0.0,392.90000000000003
240788,tap_single,0.3739,U,0.0,20,0.0,393.0
240882,tap_single,0.3739,S,0.0,20,0.0,393.0
240978,tap_single,0.374,U,0.0,20,0.0,393.1
241074,tap_single,0.374,U,0.0,20,0.0,393.1
241167,tap_single,0.374,S,0.0,20,0.0,393.1
241263,tap_single,0.3741,U,0.0,20,0.0,393.2
241359,tap_single,0.3742,U,0.0,20,0.0,393.29999999999995
241454,tap_single,0.3794,U,0.0,20,0.0,398.5
241550,tap_single,0.3831,U,0.0,20,0.0,402.2
241646,tap_single,0.3862,U,0.0,20,0.0,405.3
241742,tap_single,0.3878,U,0.0,20,0.0,406.9
241838,tap_single,0.3882,U,0.0,20,0.0,407.3
241934,tap_single,0.3881,U,0.0,20,0.0,407.2
242027,tap_single,0.3878,U,0.0,20,0.0,406.9
242123,tap_single,0.3876,U,0.0,20,0.0,406.7
242219,tap_single,0.3875,U,0.0,20,0.0,406.6
242315,tap_single,0.3875,U,0.0,20,0.0,406.6
242411,tap_single,0.3875,U,0.0,20,0.0,406.6
242507,tap_single,0.3875,U,0.0,20,0.0,406.6
242603,tap_single,0.3874,U,0.0,20,0.0,406.5
242699,tap_single,0.3874,S,0.0,20,0.0,406.5
242795,tap_single,0.3874,S,0.0,20,0.0,406.5
242888,tap_single,0.3875,S,0.0,20,0.0,406.6
242984,tap_single,0.3875,S,0.0,20,0.0,406.6
243080,tap_single,0.3875,S,0.0,20,0.0,406.6
243176,tap_single,0.3875,S,0.0,20,0.0,406.6
243272,tap_single,0.3875,S,0.0,20,0.0,406.6
243368,tap_single,0.3875,S,0.0,20,0.0,406.6
243463,tap_single,0.3875,S,0.0,20,0.0,406.6
243559,tap_single,0.3875,S,0.0,20,0.0,406.6
243655,tap_single,0.3875,S,0.0,20,0.0,406.6
243751,tap_single,0.3875,S,0.0,20,0.0,406.6
243845,tap_single,0.3875,S,0.0,20,0.0,406.6
243941,tap_single,0.3874,S,0.0,20,0.0,406.5
244037,tap_single,0.3874,S,0.0,20,0.0,406.5
244133,tap_single,0.3874,S,0.0,20,0.0,406.5
244228,tap_single,0.3874,S,0.0,20,0.0,406.5
244324,tap_single,0.3874,S,0.0,20,0.0,406.5
244420,tap_single,0.3874,S,0.0,20,0.0,406.5
244516,tap_single,0.3874,S,0.0,20,0.0,406.5
244612,tap_single,0.3874,S,0.0,20,0.0,406.5
244706,tap_single,0.3874,S,0.0,20,0.0,406.5
244802,tap_single,0.3874,S,0.0,20,0.0,406.5
244898,tap_single,0.3873,S,0.0,20,0.0,406.4
244993,tap_single,0.3873,S,0.0,20,0.0,406.4
245089,tap_single,0.3873,S,0.0,20,0.0,406.4
245185,tap_single,0.3873,S,0.0,20,0.0,406.4
245281,tap_single,0.3873,S,0.0,20,0.0,406.4
245377,tap_single,0.3873,S,0.0,20,0.0,406.4
245472,tap_single,0.387,U,0.0,20,0.0,406.1
245566,tap_single,0.387,U,0.0,20,0.0,406.1
245662,tap_single,0.3869,U,0.0,20,0.0,406.0
245758,quiet_mid1,0.3869,U,0.0,20,0.0,406.0
245854,quiet_mid1,0.3869,U,0.0,20,0.0,406.0
245950,quiet_mid1,0.3868,U,0.0,20,0.0,405.9
246045,quiet_mid1,0.3868,U,0.0,20,0.0,405.9
246141,quiet_mid1,0.3867,U,0.0,20,0.0,405.8
246237,quiet_mid1,0.3867,U,0.0,20,0.0,405.8
246333,quiet_mid1,0.3867,U,0.0,20,0.0,405.8
246429,quiet_mid1,0.3866,U,0.0,20,0.0,405.7
246523,quiet_mid1,0.3866,U,0.0,20,0.0,405.7
246619,quiet_mid1,0.3866,S,0.0,20,0.0,405.7
246714,quiet_mid1,0.3865,U,0.0,20,0.0,405.6
246810,quiet_mid1,0.3865,U,0.0,20,0.0,405.6
246906,quiet_mid1,0.3865,S,0.0,20,0.0,405.6
247002,quiet_mid1,0.3864,U,0.0,20,0.0,405.5
247098,quiet_mid1,0.3864,U,0.0,20,0.0,405.5
247194,quiet_mid1,0.3864,S,0.0,20,0.0,405.5
247290,quiet_mid1,0.3864,S,0.0,20,0.0,405.5
247383,quiet_mid1,0.3863,U,0.0,20,0.0,405.4
247479,quiet_mid1,0.3863,S,0.0,20,0.0,405.4
247575,quiet_mid1,0.3863,S,0.0,20,0.0,405.4
247671,quiet_mid1,0.3863,S,0.0,20,0.0,405.4
247767,quiet_mid1,0.3863,S,0.0,20,0.0,405.4
247863,quiet_mid1,0.3862,S,0.0,20,0.0,405.3
247958,quiet_mid1,0.3862,S,0.0,20,0.0,405.3
248054,quiet_mid1,0.3862,S,0.0,20,0.0,405.3
248150,quiet_mid1,0.3862,S,0.0,20,0.0,405.3
248244,quiet_mid1,0.3861,U,0.0,20,0.0,405.2
248340,quiet_mid1,0.3861,S,0.0,20,0.0,405.2
248436,quiet_mid1,0.3861,S,0.0,20,0.0,405.2
248531,quiet_mid1,0.3861,S,0.0,20,0.0,405.2
248627,quiet_mid1,0.3861,S,0.0,20,0.0,405.2
248723,quiet_mid1,0.3861,S,0.0,20,0.0,405.2
248819,quiet_mid1,0.3861,S,0.0,20,0.0,405.2
248915,quiet_mid1,0.3861,S,0.0,20,0.0,405.2
249011,quiet_mid1,0.3861,S,0.0,20,0.0,405.2
249107,quiet_mid1,0.3861,S,0.0,20,0.0,405.2
249201,quiet_mid1,0.3861,S,0.0,20,0.0,405.2
249297,quiet_mid1,0.3861,S,0.0,20,0.0,405.2
249392,quiet_mid1,0.3861,S,0.0,20,0.0,405.2
249488,quiet_mid1,0.3861,S,0.0,20,0.0,405.2
249584,quiet_mid1,0.3861,S,0.0,20,0.0,405.2
249680,quiet_mid1,0.3861,S,0.0,20,0.0,405.2
249776,quiet_mid1,0.3861,S,0.0,20,0.0,405.2
249872,quiet_mid1,0.3861,S,0.0,20,0.0,405.2
249967,quiet_mid1,0.3861,S,0.0,20,0.0,405.2
250061,quiet_mid1,0.3861,S,0.0,20,0.0,405.2
250157,quiet_mid1,0.3861,S,0.0,20,0.0,405.2
250253,quiet_mid1,0.3861,S,0.0,20,0.0,405.2
250349,quiet_mid1,0.3861,S,0.0,20,0.0,405.2
250445,quiet_mid1,0.3861,S,0.0,20,0.0,405.2
250541,quiet_mid1,0.3861,S,0.0,20,0.0,405.2
250637,quiet_mid1,0.3861,S,0.0,20,0.0,405.2
250732,quiet_mid1,0.3861,S,0.0,20,0.0,405.2
250828,quiet_mid1,0.3861,S,0.0,20,0.0,405.2
250922,quiet_mid1,0.3862,S,0.0,20,0.0,405.3
251018,quiet_mid1,0.3862,S,0.0,20,0.0,405.3
251114,quiet_mid1,0.3862,S,0.0,20,0.0,405.3
251210,quiet_mid1,0.3862,S,0.0,20,0.0,405.3
251306,quiet_mid1,0.3862,S,0.0,20,0.0,405.3
251407,quiet_mid1,0.3862,S,0.0,20,0.0,405.3
251497,quiet_mid1,0.3862,S,0.0,20,0.0,405.3
251593,quiet_mid1,0.3862,S,0.0,20,0.0,405.3
251689,quiet_mid1,0.3862,S,0.0,20,0.0,405.3
251785,quiet_mid1,0.3862,S,0.0,20,0.0,405.3
251879,quiet_mid1,0.3862,S,0.0,20,0.0,405.3
251975,quiet_mid1,0.3862,S,0.0,20,0.0,405.3
252071,quiet_mid1,0.3863,S,0.0,20,0.0,405.4
252166,quiet_mid1,0.3863,S,0.0,20,0.0,405.4
252261,quiet_mid1,0.3867,U,0.0,20,0.0,405.8
252357,quiet_mid1,0.3867,U,0.0,20,0.0,405.8
252453,quiet_mid1,0.3867,U,0.0,20,0.0,405.8
252549,quiet_mid1,0.3867,U,0.0,20,0.0,405.8
252645,quiet_mid1,0.3868,U,0.0,20,0.0,405.9
252739,quiet_mid1,0.3868,S,0.0,20,0.0,405.9
252835,quiet_mid1,0.3868,S,0.0,20,0.0,405.9
252931,quiet_mid1,0.3868,S,0.0,20,0.0,405.9
253026,quiet_mid1,0.3868,S,0.0,20,0.0,405.9
253122,quiet_mid1,0.3868,S,0.0,20,0.0,405.9
253218,quiet_mid1,0.3868,S,0.0,20,0.0,405.9
253314,quiet_mid1,0.3868,S,0.0,20,0.0,405.9
253410,quiet_mid1,0.3868,S,0.0,20,0.0,405.9
253506,quiet_mid1,0.3867,S,0.0,20,0.0,405.8
253600,quiet_mid1,0.3867,S,0.0,20,0.0,405.8
253695,quiet_mid1,0.3867,S,0.0,20,0.0,405.8
253791,quiet_mid1,0.3867,S,0.0,20,0.0,405.8
253887,quiet_mid1,0.3867,S,0.0,20,0.0,405.8
253983,quiet_mid1,0.3867,S,0.0,20,0.0,405.8
254079,quiet_mid1,0.3867,S,0.0,20,0.0,405.8
254175,quiet_mid1,0.3867,S,0.0,20,0.0,405.8
254271,quiet_mid1,0.3867,S,0.0,20,0.0,405.8
254366,quiet_mid1,0.3867,S,0.0,20,0.0,405.8
254462,quiet_mid1,0.3867,S,0.0,20,0.0,405.8
254556,quiet_mid1,0.3867,S,0.0,20,0.0,405.8
254652,quiet_mid1,0.3867,S,0.0,20,0.0,405.8
254748,quiet_mid1,0.3867,S,0.0,20,0.0,405.8
254844,quiet_mid1,0.3867,S,0.0,20,0.0,405.8
254940,quiet_mid1,0.3867,S,0.0,20,0.0,405.8
255036,quiet_mid1,0.3867,S,0.0,20,0.0,405.8
255131,quiet_mid1,0.3867,S,0.0,20,0.0,405.8
255227,quiet_mid1,0.3867,S,0.0,20,0.0,405.8
255323,quiet_mid1,0.3868,S,0.0,20,0.0,405.9
255417,quiet_mid1,0.3868,S,0.0,20,0.0,405.9
255513,quiet_mid1,0.3868,S,0.0,20,0.0,405.9
255609,quiet_mid1,0.3868,S,0.0,20,0.0,405.9
255704,quiet_mid1,0.3868,S,0.0,20,0.0,405.9
255800,quiet_mid1,0.3868,S,0.0,20,0.0,405.9
255896,quiet_mid1,0.3868,S,0.0,20,0.0,405.9
255992,quiet_mid1,0.3868,S,0.0,20,0.0,405.9
256088,quiet_mid1,0.3868,S,0.0,20,0.0,405.9
256184,quiet_mid1,0.3868,S,0.0,20,0.0,405.9
256278,quiet_mid1,0.3867,S,0.0,20,0.0,405.8
256374,quiet_mid1,0.3867,S,0.0,20,0.0,405.8
256470,quiet_mid1,0.3867,S,0.0,20,0.0,405.8
256565,quiet_mid1,0.3867,S,0.0,20,0.0,405.8
256661,quiet_mid1,0.3867,S,0.0,20,0.0,405.8
256757,quiet_mid1,0.3867,S,0.0,20,0.0,405.8
256853,quiet_mid1,0.3867,S,0.0,20,0.0,405.8
256949,quiet_mid1,0.3867,S,0.0,20,0.0,405.8
257045,quiet_mid1,0.3867,S,0.0,20,0.0,405.8
257141,quiet_mid1,0.3867,S,0.0,20,0.0,405.8
257234,quiet_mid1,0.3867,S,0.0,20,0.0,405.8
257330,quiet_mid1,0.3867,S,0.0,20,0.0,405.8
257426,quiet_mid1,0.3867,S,0.0,20,0.0,405.8
257522,quiet_mid1,0.3867,S,0.0,20,0.0,405.8
257618,quiet_mid1,0.3867,S,0.0,20,0.0,405.8
257714,quiet_mid1,0.3867,S,0.0,20,0.0,405.8
257810,quiet_mid1,0.3867,S,0.0,20,0.0,405.8
257906,quiet_mid1,0.3867,S,0.0,20,0.0,405.8
258001,quiet_mid1,0.3867,S,0.0,20,0.0,405.8
258095,quiet_mid1,0.3867,S,0.0,20,0.0,405.8
258191,quiet_mid1,0.3867,S,0.0,20,0.0,405.8
258286,quiet_mid1,0.387,U,0.0,20,0.0,406.1
258382,quiet_mid1,0.3871,U,0.0,20,0.0,406.2
258478,quiet_mid1,0.3871,U,0.0,20,0.0,406.2
258573,quiet_mid1,0.3872,U,0.0,20,0.0,406.3
258669,quiet_mid1,0.3872,U,0.0,20,0.0,406.3
258765,quiet_mid1,0.3872,U,0.0,20,0.0,406.3
258861,quiet_mid1,0.3873,U,0.0,20,0.0,406.4
258955,quiet_mid1,0.3873,U,0.0,20,0.0,406.4
259051,quiet_mid1,0.3873,S,0.0,20,0.0,406.4
259146,quiet_mid1,0.3874,U,0.0,20,0.0,406.5
259242,quiet_mid1,0.3874,U,0.0,20,0.0,406.5
259338,quiet_mid1,0.3874,S,0.0,20,0.0,406.5
259434,quiet_mid1,0.3874,S,0.0,20,0.0,406.5
259530,quiet_mid1,0.3874,S,0.0,20,0.0,406.5
259626,quiet_mid1,0.3874,S,0.0,20,0.0,406.5
259722,quiet_mid1,0.3874,S,0.0,20,0.0,406.5
259817,quiet_mid1,0.3874,S,0.0,20,0.0,406.5
259911,quiet_mid1,0.3874,S,0.0,20,0.0,406.5
260007,quiet_mid1,0.3874,S,0.0,20,0.0,406.5
260103,quiet_mid1,0.3874,S,0.0,20,0.0,406.5
260199,quiet_mid1,0.3874,S,0.0,20,0.0,406.5
260295,quiet_mid1,0.3874,S,0.0,20,0.0,406.5
260390,quiet_mid1,0.3875,S,0.0,20,0.0,406.6
260486,quiet_mid1,0.3875,S,0.0,20,0.0,406.6
260582,quiet_mid1,0.3875,S,0.0,20,0.0,406.6
260678,quiet_mid1,0.3875,S,0.0,20,0.0,406.6
260772,quiet_mid1,0.3875,S,0.0,20,0.0,406.6
260868,quiet_mid1,0.3875,S,0.0,20,0.0,406.6
260964,quiet_mid1,0.3875,S,0.0,20,0.0,406.6
261060,quiet_mid1,0.3875,S,0.0,20,0.0,406.6
261156,quiet_mid1,0.3875,S,0.0,20,0.0,406.6
261251,quiet_mid1,0.3876,S,0.0,20,0.0,406.7
261347,quiet_mid1,0.3876,S,0.0,20,0.0,406.7
261443,quiet_mid1,0.3876,S,0.0,20,0.0,406.7
261539,quiet_mid1,0.3876,S,0.0,20,0.0,406.7
261633,quiet_mid1,0.3876,S,0.0,20,0.0,406.7
261729,quiet_mid1,0.3876,S,0.0,20,0.0,406.7
261824,quiet_mid1,0.3876,S,0.0,20,0.0,406.7
261920,quiet_mid1,0.3876,S,0.0,20,0.0,406.7
262016,quiet_mid1,0.3876,S,0.0,20,0.0,406.7
262112,quiet_mid1,0.3876,S,0.0,20,0.0,406.7
262208,quiet_mid1,0.3876,S,0.0,20,0.0,406.7
262304,quiet_mid1,0.3876,S,0.0,20,0.0,406.7
262400,quiet_mid1,0.3876,S,0.0,20,0.0,406.7
262496,quiet_mid1,0.3876,S,0.0,20,0.0,406.7
262589,quiet_mid1,0.3876,S,0.0,20,0.0,406.7
262685,quiet_mid1,0.3876,S,0.0,20,0.0,406.7
262781,quiet_mid1,0.3876,S,0.0,20,0.0,406.7
262877,quiet_mid1,0.3876,S,0.0,20,0.0,406.7
262973,quiet_mid1,0.3876,S,0.0,20,0.0,406.7
263069,quiet_mid1,0.3876,S,0.0,20,0.0,406.7
263165,quiet_mid1,0.3876,S,0.0,20,0.0,406.7
263260,quiet_mid1,0.3876,S,0.0,20,0.0,406.7
263356,quiet_mid1,0.3876,S,0.0,20,0.0,406.7
263450,quiet_mid1,0.3876,S,0.0,20,0.0,406.7
263546,quiet_mid1,0.3876,S,0.0,20,0.0,406.7
263642,quiet_mid1,0.3876,S,0.0,20,0.0,406.7
263738,quiet_mid1,0.3876,S,0.0,20,0.0,406.7
263839,quiet_mid1,0.3876,S,0.0,20,0.0,406.7
263930,quiet_mid1,0.3876,S,0.0,20,0.0,406.7
264025,quiet_mid1,0.3876,S,0.0,20,0.0,406.7
264121,quiet_mid1,0.3876,S,0.0,20,0.0,406.7
264217,quiet_mid1,0.3876,S,0.0,20,0.0,406.7
264311,quiet_mid1,0.3876,S,0.0,20,0.0,406.7
264407,quiet_mid1,0.3876,S,0.0,20,0.0,406.7
264503,quiet_mid1,0.3876,S,0.0,20,0.0,406.7
264599,quiet_mid1,0.3876,S,0.0,20,0.0,406.7
264694,quiet_mid1,0.3876,S,0.0,20,0.0,406.7
264790,quiet_mid1,0.3876,S,0.0,20,0.0,406.7
264886,quiet_mid1,0.3876,S,0.0,20,0.0,406.7
264982,quiet_mid1,0.3876,S,0.0,20,0.0,406.7
265078,quiet_mid1,0.3876,S,0.0,20,0.0,406.7
265174,quiet_mid1,0.3876,S,0.0,20,0.0,406.7
265267,quiet_mid1,0.3876,S,0.0,20,0.0,406.7
265364,quiet_mid1,0.3876,S,0.0,20,0.0,406.7
265459,quiet_mid1,0.3876,S,0.0,20,0.0,406.7
265555,quiet_mid1,0.3876,S,0.0,20,0.0,406.7
265651,quiet_mid1,0.3876,S,0.0,20,0.0,406.7
265747,quiet_mid1,0.3876,S,0.0,20,0.0,406.7
265843,quiet_mid1,0.3876,S,0.0,20,0.0,406.7
265938,quiet_mid1,0.3876,S,0.0,20,0.0,406.7
266034,quiet_mid1,0.3876,S,0.0,20,0.0,406.7
266128,quiet_mid1,0.3876,S,0.0,20,0.0,406.7
266224,quiet_mid1,0.3876,S,0.0,20,0.0,406.7
266320,quiet_mid1,0.3876,S,0.0,20,0.0,406.7
266416,quiet_mid1,0.3876,S,0.0,20,0.0,406.7
266512,quiet_mid1,0.3876,S,0.0,20,0.0,406.7
266607,quiet_mid1,0.3876,S,0.0,20,0.0,406.7
266703,quiet_mid1,0.3875,S,0.0,20,0.0,406.6
266799,quiet_mid1,0.3875,S,0.0,20,0.0,406.6
266895,quiet_mid1,0.3875,S,0.0,20,0.0,406.6
266989,quiet_mid1,0.3875,S,0.0,20,0.0,406.6
267085,quiet_mid1,0.3875,S,0.0,20,0.0,406.6
267180,quiet_mid1,0.3875,S,0.0,20,0.0,406.6
267276,quiet_mid1,0.3875,S,0.0,20,0.0,406.6
267372,quiet_mid1,0.3875,S,0.0,20,0.0,406.6
267468,quiet_mid1,0.3875,S,0.0,20,0.0,406.6
267564,quiet_mid1,0.3875,S,0.0,20,0.0,406.6
267660,quiet_mid1,0.3875,S,0.0,20,0.0,406.6
267756,quiet_mid1,0.3875,S,0.0,20,0.0,406.6
267852,quiet_mid1,0.3875,S,0.0,20,0.0,406.6
267945,quiet_mid1,0.3875,S,0.0,20,0.0,406.6
268041,quiet_mid1,0.3875,S,0.0,20,0.0,406.6
268137,quiet_mid1,0.3875,S,0.0,20,0.0,406.6
268233,quiet_mid1,0.3875,S,0.0,20,0.0,406.6
268329,quiet_mid1,0.3875,S,0.0,20,0.0,406.6
268425,quiet_mid1,0.3875,S,0.0,20,0.0,406.6
268520,quiet_mid1,0.3876,S,0.0,20,0.0,406.7
268616,quiet_mid1,0.3876,S,0.0,20,0.0,406.7
268711,quiet_mid1,0.388,U,0.0,20,0.0,407.1
268805,quiet_mid1,0.3881,U,0.0,20,0.0,407.2
268901,quiet_mid1,0.3881,U,0.0,20,0.0,407.2
268997,quiet_mid1,0.3882,U,0.0,20,0.0,407.3
269092,quiet_mid1,0.3882,U,0.0,20,0.0,407.3
269188,quiet_mid1,0.3883,U,0.0,20,0.0,407.4
269284,quiet_mid1,0.3884,U,0.0,20,0.0,407.50000000000006
269380,quiet_mid1,0.3884,U,0.0,20,0.0,407.50000000000006
269476,quiet_mid1,0.3885,U,0.0,20,0.0,407.6
269572,quiet_mid1,0.3885,U,0.0,20,0.0,407.6
269666,quiet_mid1,0.3886,U,0.0,20,0.0,407.7
269761,quiet_mid1,0.3886,U,0.0,20,0.0,407.7
269857,quiet_mid1,0.3886,U,0.0,20,0.0,407.7
269953,quiet_mid1,0.3887,U,0.0,20,0.0,407.8
270049,quiet_mid1,0.3887,U,0.0,20,0.0,407.8
270145,quiet_mid1,0.3887,S,0.0,20,0.0,407.8
270241,quiet_mid1,0.3888,U,0.0,20,0.0,407.9
270337,quiet_mid1,0.3888,U,0.0,20,0.0,407.9
270432,quiet_mid1,0.3888,S,0.0,20,0.0,407.9
270528,quiet_mid1,0.3888,S,0.0,20,0.0,407.9
270622,quiet_mid1,0.3888,S,0.0,20,0.0,407.9
270718,quiet_mid1,0.3888,S,0.0,20,0.0,407.9
270814,quiet_mid1,0.3888,S,0.0,20,0.0,407.9
270910,quiet_mid1,0.3888,S,0.0,20,0.0,407.9
271005,quiet_mid1,0.3888,S,0.0,20,0.0,407.9
271101,quiet_mid1,0.3888,S,0.0,20,0.0,407.9
271197,quiet_mid1,0.3888,S,0.0,20,0.0,407.9
271293,quiet_mid1,0.3888,S,0.0,20,0.0,407.9
271389,quiet_mid1,0.3888,S,0.0,20,0.0,407.9
271483,quiet_mid1,0.3888,S,0.0,20,0.0,407.9
271579,quiet_mid1,0.3888,S,0.0,20,0.0,407.9
271674,quiet_mid1,0.3887,S,0.0,20,0.0,407.8
271770,quiet_mid1,0.3887,S,0.0,20,0.0,407.8
271866,quiet_mid1,0.3887,S,0.0,20,0.0,407.8
271962,quiet_mid1,0.3887,S,0.0,20,0.0,407.8
272058,quiet_mid1,0.3887,S,0.0,20,0.0,407.8
272154,quiet_mid1,0.3887,S,0.0,20,0.0,407.8
272250,quiet_mid1,0.3887,S,0.0,20,0.0,407.8
272344,quiet_mid1,0.3887,S,0.0,20,0.0,407.8
272439,quiet_mid1,0.3887,S,0.0,20,0.0,407.8
272535,quiet_mid1,0.3887,S,0.0,20,0.0,407.8
272631,quiet_mid1,0.3887,S,0.0,20,0.0,407.8
272727,quiet_mid1,0.3887,S,0.0,20,0.0,407.8
272823,quiet_mid1,0.3887,S,0.0,20,0.0,407.8
272919,quiet_mid1,0.3887,S,0.0,20,0.0,407.8
273014,quiet_mid1,0.3887,S,0.0,20,0.0,407.8
273110,quiet_mid1,0.3887,S,0.0,20,0.0,407.8
273206,quiet_mid1,0.3887,S,0.0,20,0.0,407.8
273300,quiet_mid1,0.3887,S,0.0,20,0.0,407.8
273396,quiet_mid1,0.3887,S,0.0,20,0.0,407.8
273492,quiet_mid1,0.3887,S,0.0,20,0.0,407.8
273588,quiet_mid1,0.3887,S,0.0,20,0.0,407.8
273684,quiet_mid1,0.3887,S,0.0,20,0.0,407.8
273780,quiet_mid1,0.3887,S,0.0,20,0.0,407.8
273875,quiet_mid1,0.3887,S,0.0,20,0.0,407.8
273971,quiet_mid1,0.3887,S,0.0,20,0.0,407.8
274067,quiet_mid1,0.3887,S,0.0,20,0.0,407.8
274161,quiet_mid1,0.3887,S,0.0,20,0.0,407.8
274257,quiet_mid1,0.3887,S,0.0,20,0.0,407.8
274353,quiet_mid1,0.3887,S,0.0,20,0.0,407.8
274448,quiet_mid1,0.3887,S,0.0,20,0.0,407.8
274545,quiet_mid1,0.3887,S,0.0,20,0.0,407.8
274640,quiet_mid1,0.3887,S,0.0,20,0.0,407.8
274736,quiet_mid1,0.3887,S,0.0,20,0.0,407.8
274832,quiet_mid1,0.3887,S,0.0,20,0.0,407.8
274928,quiet_mid1,0.3887,S,0.0,20,0.0,407.8
275022,quiet_mid1,0.3887,S,0.0,20,0.0,407.8
275117,quiet_mid1,0.3887,S,0.0,20,0.0,407.8
275213,quiet_mid1,0.3887,S,0.0,20,0.0,407.8
275309,quiet_mid1,0.3887,S,0.0,20,0.0,407.8
275405,quiet_mid1,0.3887,S,0.0,20,0.0,407.8
275501,quiet_mid1,0.3887,S,0.0,20,0.0,407.8
275597,quiet_mid1,0.3887,S,0.0,20,0.0,407.8
275693,quiet_mid1,0.3887,S,0.0,20,0.0,407.8
275789,tap_burst,0.3887,S,0.0,20,0.0,407.8
275884,tap_burst,0.3887,S,0.0,20,0.0,407.8
275978,tap_burst,0.3887,S,0.0,20,0.0,407.8
276074,tap_burst,0.3887,S,0.0,20,0.0,407.8
276170,tap_burst,0.3887,S,0.0,20,0.0,407.8
276271,tap_burst,0.3887,S,0.0,20,0.0,407.8
276362,tap_burst,0.3887,S,0.0,20,0.0,407.8
276458,tap_burst,0.3886,S,0.0,20,0.0,407.7
276553,tap_burst,0.3886,S,0.0,20,0.0,407.7
276649,tap_burst,0.3886,S,0.0,20,0.0,407.7
276745,tap_burst,0.3886,S,0.0,20,0.0,407.7
277510,tap_burst,0.3836,U,0.0,23,0.0,402.7
277604,tap_burst,0.3828,U,0.0,23,0.0,401.9
277698,tap_burst,0.3841,U,0.0,23,0.0,403.2
277794,tap_burst,0.3873,U,0.0,23,0.0,406.4
277890,tap_burst,0.3893,U,0.0,23,0.0,408.4
277986,tap_burst,0.3949,U,0.0,23,0.0,414.0
278082,tap_burst,0.3982,U,0.0,23,0.0,417.3
278177,tap_burst,0.4012,U,0.0,23,0.0,420.3
278273,tap_burst,0.4035,U,0.0,23,0.0,422.6
278369,tap_burst,0.4048,U,0.0,23,0.0,423.9
278465,tap_burst,0.4052,U,0.0,23,0.0,424.3
278561,tap_burst,0.4052,U,0.0,23,0.0,424.3
278655,tap_burst,0.4051,U,0.0,23,0.0,424.20000000000005
278750,tap_burst,0.405,U,0.0,23,0.0,424.1
278846,tap_burst,0.405,U,0.0,23,0.0,424.1
278942,tap_burst,0.405,U,0.0,23,0.0,424.1
279038,tap_burst,0.405,U,0.0,23,0.0,424.1
279134,tap_burst,0.405,S,0.0,23,0.0,424.1
279230,tap_burst,0.405,S,0.0,23,0.0,424.1
279326,tap_burst,0.405,S,0.0,23,0.0,424.1
279421,tap_burst,0.405,S,0.0,23,0.0,424.1
279515,tap_burst,0.405,S,0.0,23,0.0,424.1
279611,tap_burst,0.405,S,0.0,23,0.0,424.1
279707,tap_burst,0.405,S,0.0,23,0.0,424.1
279803,tap_burst,0.4051,S,0.0,23,0.0,424.20000000000005
279899,tap_burst,0.4051,S,0.0,23,0.0,424.20000000000005
279995,tap_burst,0.4051,S,0.0,23,0.0,424.20000000000005
280091,tap_burst,0.4051,S,0.0,23,0.0,424.20000000000005
280186,tap_burst,0.4051,S,0.0,23,0.0,424.20000000000005
280282,tap_burst,0.4051,S,0.0,23,0.0,424.20000000000005
280376,tap_burst,0.4051,S,0.0,23,0.0,424.20000000000005
280472,tap_burst,0.4051,S,0.0,23,0.0,424.20000000000005
280568,tap_burst,0.4051,S,0.0,23,0.0,424.20000000000005
280664,tap_burst,0.4051,S,0.0,23,0.0,424.20000000000005
280760,tap_burst,0.4051,S,0.0,23,0.0,424.20000000000005
280856,tap_burst,0.4051,S,0.0,23,0.0,424.20000000000005
280951,tap_burst,0.4051,S,0.0,23,0.0,424.20000000000005
281047,tap_burst,0.4051,S,0.0,23,0.0,424.20000000000005
281143,tap_burst,0.4051,S,0.0,23,0.0,424.20000000000005
281239,tap_burst,0.4051,S,0.0,23,0.0,424.20000000000005
281333,tap_burst,0.4051,S,0.0,23,0.0,424.20000000000005
281429,tap_burst,0.405,S,0.0,23,0.0,424.1
281525,tap_burst,0.405,S,0.0,23,0.0,424.1
281620,tap_burst,0.405,S,0.0,23,0.0,424.1
281716,tap_burst,0.405,S,0.0,23,0.0,424.1
281812,tap_burst,0.405,S,0.0,23,0.0,424.1
281908,tap_burst,0.405,S,0.0,23,0.0,424.1
282004,tap_burst,0.405,S,0.0,23,0.0,424.1
282100,tap_burst,0.405,S,0.0,23,0.0,424.1
282194,tap_burst,0.405,S,0.0,23,0.0,424.1
282290,tap_burst,0.4049,S,0.0,23,0.0,424.0
282385,tap_burst,0.4049,S,0.0,23,0.0,424.0
282481,tap_burst,0.4049,S,0.0,23,0.0,424.0
282577,tap_burst,0.4049,S,0.0,23,0.0,424.0
282673,tap_burst,0.4049,S,0.0,23,0.0,424.0
282769,tap_burst,0.4049,S,0.0,23,0.0,424.0
282865,tap_burst,0.4049,S,0.0,23,0.0,424.0
282961,tap_burst,0.4049,S,0.0,23,0.0,424.0
283054,tap_burst,0.4049,S,0.0,23,0.0,424.0
283151,tap_burst,0.4048,S,0.0,23,0.0,423.9
283246,tap_burst,0.4048,S,0.0,23,0.0,423.9
283342,tap_burst,0.4048,S,0.0,23,0.0,423.9
283438,tap_burst,0.4048,S,0.0,23,0.0,423.9
283534,tap_burst,0.4048,S,0.0,23,0.0,423.9
283630,tap_burst,0.4048,S,0.0,23,0.0,423.9
283726,tap_burst,0.4048,S,0.0,23,0.0,423.9
283821,tap_burst,0.4048,S,0.0,23,0.0,423.9
283915,tap_burst,0.4048,S,0.0,23,0.0,423.9
284011,tap_burst,0.4048,S,0.0,23,0.0,423.9
284107,tap_burst,0.4048,S,0.0,23,0.0,423.9
284203,tap_burst,0.4048,S,0.0,23,0.0,423.9
284299,tap_burst,0.4048,S,0.0,23,0.0,423.9
284395,tap_burst,0.4048,S,0.0,23,0.0,423.9
284490,tap_burst,0.4048,S,0.0,23,0.0,423.9
284586,tap_burst,0.4048,S,0.0,23,0.0,423.9
284682,tap_burst,0.4047,S,0.0,23,0.0,423.8
284778,tap_burst,0.4047,S,0.0,23,0.0,423.8
284872,tap_burst,0.4047,S,0.0,23,0.0,423.8
284968,tap_burst,0.4047,S,0.0,23,0.0,423.8
285064,tap_burst,0.4047,S,0.0,23,0.0,423.8
285160,tap_burst,0.4047,S,0.0,23,0.0,423.8
285255,tap_burst,0.4047,S,0.0,23,0.0,423.8
285351,tap_burst,0.4047,S,0.0,23,0.0,423.8
285447,tap_burst,0.4047,S,0.0,23,0.0,423.8
286212,tap_burst,0.4046,S,0.0,26,0.0,423.70000000000005
286308,tap_burst,0.4046,S,0.0,26,0.0,423.70000000000005
286404,tap_burst,0.4046,S,0.0,26,0.0,423.70000000000005
286499,tap_burst,0.4046,S,0.0,26,0.0,423.70000000000005
286593,tap_burst,0.4046,S,0.0,26,0.0,423.70000000000005
286688,tap_burst,0.4074,U,0.0,26,0.0,426.5
286784,tap_burst,0.4078,U,0.0,26,0.0,426.9
286879,tap_burst,0.4083,U,0.0,26,0.0,427.4
286975,tap_burst,0.4089,U,0.0,26,0.0,428.0
287071,tap_burst,0.4092,U,0.0,26,0.0,428.3
287167,tap_burst,0.4092,U,0.0,26,0.0,428.3
287263,tap_burst,0.4091,U,0.0,26,0.0,428.20000000000005
287359,tap_burst,0.409,U,0.0,26,0.0,428.09999999999997
287455,tap_burst,0.409,U,0.0,26,0.0,428.09999999999997
287548,tap_burst,0.4089,U,0.0,26,0.0,428.0
287644,tap_burst,0.4089,U,0.0,26,0.0,428.0
287740,tap_burst,0.4088,U,0.0,26,0.0,427.9
287836,tap_burst,0.4088,U,0.0,26,0.0,427.9
287932,tap_burst,0.4088,U,0.0,26,0.0,427.9
288028,tap_burst,0.4088,S,0.0,26,0.0,427.9
288124,tap_burst,0.4088,S,0.0,26,0.0,427.9
288219,tap_burst,0.4089,S,0.0,26,0.0,428.0
288315,tap_burst,0.4089,S,0.0,26,0.0,428.0
288409,tap_burst,0.4089,S,0.0,26,0.0,428.0
288505,tap_burst,0.4089,S,0.0,26,0.0,428.0
288601,tap_burst,0.4089,S,0.0,26,0.0,428.0
288697,tap_burst,0.4089,S,0.0,26,0.0,428.0
288793,tap_burst,0.4089,S,0.0,26,0.0,428.0
288889,tap_burst,0.4089,S,0.0,26,0.0,428.0
288984,tap_burst,0.4089,S,0.0,26,0.0,428.0
289080,tap_burst,0.4089,S,0.0,26,0.0,428.0
289176,tap_burst,0.4089,S,0.0,26,0.0,428.0
289270,tap_burst,0.409,S,0.0,26,0.0,428.09999999999997
289366,tap_burst,0.409,S,0.0,26,0.0,428.09999999999997
289462,tap_burst,0.409,S,0.0,26,0.0,428.09999999999997
289558,tap_burst,0.409,S,0.0,26,0.0,428.09999999999997
289653,tap_burst,0.409,S,0.0,26,0.0,428.09999999999997
289749,tap_burst,0.409,S,0.0,26,0.0,428.09999999999997
289856,tap_burst,0.409,S,0.0,26,0.0,428.09999999999997
290037,tap_burst,0.4091,S,0.0,26,0.0,428.20000000000005
290133,tap_burst,0.4091,S,0.0,26,0.0,428.20000000000005
290227,tap_burst,0.4091,S,0.0,26,0.0,428.20000000000005
290323,tap_burst,0.4091,S,0.0,26,0.0,428.20000000000005
290418,tap_burst,0.4091,S,0.0,26,0.0,428.20000000000005
290514,tap_burst,0.4091,S,0.0,26,0.0,428.20000000000005
290610,tap_burst,0.4091,S,0.0,26,0.0,428.20000000000005
290706,tap_burst,0.4091,S,0.0,26,0.0,428.20000000000005
290802,tap_burst,0.4091,S,0.0,26,0.0,428.20000000000005
290898,tap_burst,0.4091,S,0.0,26,0.0,428.20000000000005
290994,tap_burst,0.4091,S,0.0,26,0.0,428.20000000000005
291088,tap_burst,0.4091,S,0.0,26,0.0,428.20000000000005
291183,tap_burst,0.4091,S,0.0,26,0.0,428.20000000000005
291279,tap_burst,0.4092,S,0.0,26,0.0,428.3
291375,tap_burst,0.4092,S,0.0,26,0.0,428.3
291471,tap_burst,0.4092,S,0.0,26,0.0,428.3
291567,tap_burst,0.4092,S,0.0,26,0.0,428.3
291663,tap_burst,0.4092,S,0.0,26,0.0,428.3
291759,tap_burst,0.4092,S,0.0,26,0.0,428.3
291854,tap_burst,0.4092,S,0.0,26,0.0,428.3
291948,tap_burst,0.4092,S,0.0,26,0.0,428.3
292044,tap_burst,0.4092,S,0.0,26,0.0,428.3
292140,tap_burst,0.4092,S,0.0,26,0.0,428.3
292236,tap_burst,0.4092,S,0.0,26,0.0,428.3
292332,tap_burst,0.4092,S,0.0,26,0.0,428.3
292428,tap_burst,0.4092,S,0.0,26,0.0,428.3
292524,tap_burst,0.4092,S,0.0,26,0.0,428.3
292619,tap_burst,0.4092,S,0.0,26,0.0,428.3
292715,tap_burst,0.4092,S,0.0,26,0.0,428.3
292811,tap_burst,0.4092,S,0.0,26,0.0,428.3
292905,tap_burst,0.4092,S,0.0,26,0.0,428.3
293001,tap_burst,0.4092,S,0.0,26,0.0,428.3
293097,tap_burst,0.4092,S,0.0,26,0.0,428.3
293192,tap_burst,0.4097,U,0.0,26,0.0,428.8
293288,tap_burst,0.4097,U,0.0,26,0.0,428.8
293383,tap_burst,0.4097,U,0.0,26,0.0,428.8
293479,tap_burst,0.4098,U,0.0,26,0.0,428.9
293575,tap_burst,0.4098,U,0.0,26,0.0,428.9
293671,tap_burst,0.4098,S,0.0,26,0.0,428.9
293765,tap_burst,0.4098,S,0.0,26,0.0,428.9
293861,tap_burst,0.4098,S,0.0,26,0.0,428.9
293957,tap_burst,0.4098,S,0.0,26,0.0,428.9
294052,tap_burst,0.4098,S,0.0,26,0.0,428.9
294148,tap_burst,0.4098,S,0.0,26,0.0,428.9
294913,tap_burst,0.4098,S,0.0,29,0.0,428.9
295009,tap_burst,0.4097,S,0.0,29,0.0,428.8
295105,tap_burst,0.4098,S,0.0,29,0.0,428.9
295200,tap_burst,0.4156,U,0.0,29,0.0,434.70000000000005
295296,tap_burst,0.4179,U,0.0,29,0.0,437.0
295392,tap_burst,0.4196,U,0.0,29,0.0,438.7
295487,tap_burst,0.4217,U,0.0,29,0.0,440.8
295581,tap_burst,0.4246,U,0.0,29,0.0,443.7
295677,tap_burst,0.4275,U,0.0,29,0.0,446.6
295773,tap_burst,0.4296,U,0.0,29,0.0,448.7
295869,tap_burst,0.4305,U,0.0,29,0.0,449.6
295965,tap_burst,0.4306,U,0.0,29,0.0,449.7
296061,tap_burst,0.4306,U,0.0,29,0.0,449.7
296156,tap_burst,0.4305,U,0.0,29,0.0,449.6
296252,tap_burst,0.4304,U,0.0,29,0.0,449.5
296348,tap_burst,0.4305,S,0.0,29,0.0,449.6
296442,tap_burst,0.4305,S,0.0,29,0.0,449.6
296538,tap_burst,0.4305,S,0.0,29,0.0,449.6
296634,tap_burst,0.4305,S,0.0,29,0.0,449.6
296730,tap_burst,0.4305,S,0.0,29,0.0,449.6
296826,tap_burst,0.4305,S,0.0,29,0.0,449.6
296921,tap_burst,0.4305,S,0.0,29,0.0,449.6
297017,tap_burst,0.4305,S,0.0,29,0.0,449.6
297113,tap_burst,0.4305,S,0.0,29,0.0,449.6
297209,tap_burst,0.4305,S,0.0,29,0.0,449.6
297303,tap_burst,0.4305,S,0.0,29,0.0,449.6
297399,tap_burst,0.4305,S,0.0,29,0.0,449.6
297495,tap_burst,0.4305,S,0.0,29,0.0,449.6
297591,tap_burst,0.4305,S,0.0,29,0.0,449.6
297686,tap_burst,0.4306,S,0.0,29,0.0,449.7
297782,tap_burst,0.4306,S,0.0,29,0.0,449.7
297878,tap_burst,0.4306,S,0.0,29,0.0,449.7
297974,tap_burst,0.4306,S,0.0,29,0.0,449.7
298070,tap_burst,0.4306,S,0.0,29,0.0,449.7
298166,tap_burst,0.4306,S,0.0,29,0.0,449.7
298260,tap_burst,0.4306,S,0.0,29,0.0,449.7
298355,tap_burst,0.4307,S,0.0,29,0.0,449.8
298451,tap_burst,0.4307,S,0.0,29,0.0,449.8
298547,tap_burst,0.4307,S,0.0,29,0.0,449.8
298643,tap_burst,0.4307,S,0.0,29,0.0,449.8
298739,tap_burst,0.4307,S,0.0,29,0.0,449.8
298835,tap_burst,0.4307,S,0.0,29,0.0,449.8
298931,tap_burst,0.4307,S,0.0,29,0.0,449.8
299026,tap_burst,0.4307,S,0.0,29,0.0,449.8
299120,tap_burst,0.431,U,0.0,29,0.0,450.1
299216,tap_burst,0.431,U,0.0,29,0.0,450.1
299312,tap_burst,0.431,U,0.0,29,0.0,450.1
299408,tap_burst,0.431,U,0.0,29,0.0,450.1
299504,tap_burst,0.4311,U,0.0,29,0.0,450.2
299599,tap_burst,0.4311,S,0.0,29,0.0,450.2
299695,tap_burst,0.4311,S,0.0,29,0.0,450.2
299791,tap_burst,0.4311,S,0.0,29,0.0,450.2
299887,tap_burst,0.4312,U,0.0,29,0.0,450.3
299981,tap_burst,0.4312,S,0.0,29,0.0,450.3
300077,tap_burst,0.4313,U,0.0,29,0.0,450.40000000000003
300172,tap_burst,0.4313,U,0.0,29,0.0,450.40000000000003
300268,tap_burst,0.4314,U,0.0,29,0.0,450.5
300364,tap_burst,0.4314,U,0.0,29,0.0,450.5
300460,tap_burst,0.4315,U,0.0,29,0.0,450.6
300556,tap_burst,0.4315,U,0.0,29,0.0,450.6
300652,tap_burst,0.4316,U,0.0,29,0.0,450.7
300747,tap_burst,0.4316,U,0.0,29,0.0,450.7
300844,tap_burst,0.4316,U,0.0,29,0.0,450.7
300937,tap_burst,0.4317,U,0.0,29,0.0,450.79999999999995
301033,tap_burst,0.4317,U,0.0,29,0.0,450.79999999999995
301129,tap_burst,0.4317,S,0.0,29,0.0,450.79999999999995
301225,tap_burst,0.4318,U,0.0,29,0.0,450.90000000000003
301321,tap_burst,0.4318,U,0.0,29,0.0,450.90000000000003
301416,tap_burst,0.4319,U,0.0,29,0.0,451.0
301512,tap_burst,0.4319,U,0.0,29,0.0,451.0
301608,tap_burst,0.432,U,0.0,29,0.0,451.1
301704,tap_burst,0.432,U,0.0,29,0.0,451.1
301798,tap_burst,0.432,U,0.0,29,0.0,451.1
301894,tap_burst,0.4321,U,0.0,29,0.0,451.2
301989,tap_burst,0.4321,U,0.0,29,0.0,451.2
302085,tap_burst,0.4322,U,0.0,29,0.0,451.29999999999995
302181,tap_burst,0.4322,U,0.0,29,0.0,451.29999999999995
302277,tap_burst,0.4323,U,0.0,29,0.0,451.40000000000003
302373,tap_burst,0.4323,U,0.0,29,0.0,451.40000000000003
302469,tap_burst,0.4324,U,0.0,29,0.0,451.5
302565,tap_burst,0.4325,U,0.0,29,0.0,451.6
302658,tap_burst,0.4325,U,0.0,29,0.0,451.6
302754,tap_burst,0.4326,U,0.0,29,0.0,451.7
302850,tap_burst,0.4327,U,0.0,29,0.0,451.79999999999995
303626,tap_burst,0.4288,U,0.0,32,0.0,447.90000000000003
303806,tap_burst,0.428,U,0.0,32,0.0,447.1
303902,tap_burst,0.4291,U,0.0,32,0.0,448.2
303998,tap_burst,0.4307,U,0.0,32,0.0,449.8
304094,tap_burst,0.4321,U,0.0,32,0.0,451.2
304190,tap_burst,0.4386,U,0.0,32,0.0,457.7
304285,tap_burst,0.4451,U,0.0,32,0.0,464.2
304381,tap_burst,0.4508,U,0.0,32,0.0,469.9
304475,tap_burst,0.4543,U,0.0,32,0.0,473.4
304571,tap_burst,0.4556,U,0.0,32,0.0,474.7
304667,tap_burst,0.4558,U,0.0,32,0.0,474.9
304763,tap_burst,0.4556,U,0.0,32,0.0,474.7
304858,tap_burst,0.4554,U,0.0,32,0.0,474.50000000000006
304954,tap_burst,0.4553,U,0.0,32,0.0,474.4
305050,tap_burst,0.4553,U,0.0,32,0.0,474.4
305146,tap_burst,0.4553,U,0.0,32,0.0,474.4
305242,tap_burst,0.4553,U,0.0,32,0.0,474.4
305336,tap_burst,0.4553,S,0.0,32,0.0,474.4
305432,tap_burst,0.4553,S,0.0,32,0.0,474.4
305528,tap_burst,0.4553,S,0.0,32,0.0,474.4
305623,tap_burst,0.4553,S,0.0,32,0.0,474.4
305719,tap_burst,0.4553,S,0.0,32,0.0,474.4
305815,tap_burst,0.4553,S,0.0,32,0.0,474.4
305911,tap_burst,0.4552,S,0.0,32,0.0,474.3
306007,tap_burst,0.4552,S,0.0,32,0.0,474.3
306103,tap_burst,0.4552,S,0.0,32,0.0,474.3
306199,tap_burst,0.4552,S,0.0,32,0.0,474.3
306292,tap_burst,0.4552,S,0.0,32,0.0,474.3
306388,tap_burst,0.4552,S,0.0,32,0.0,474.3
306484,tap_burst,0.4552,S,0.0,32,0.0,474.3
306580,tap_burst,0.4552,S,0.0,32,0.0,474.3
306676,tap_burst,0.4552,S,0.0,32,0.0,474.3
306772,tap_burst,0.4552,S,0.0,32,0.0,474.3
306868,tap_burst,0.4552,S,0.0,32,0.0,474.3
306964,tap_burst,0.4552,S,0.0,32,0.0,474.3
307059,tap_burst,0.4552,S,0.0,32,0.0,474.3
307153,tap_burst,0.4552,S,0.0,32,0.0,474.3
307249,tap_burst,0.4552,S,0.0,32,0.0,474.3
307345,tap_burst,0.4552,S,0.0,32,0.0,474.3
307441,tap_burst,0.4552,S,0.0,32,0.0,474.3
307537,tap_burst,0.4552,S,0.0,32,0.0,474.3
307633,tap_burst,0.4553,S,0.0,32,0.0,474.4
307728,tap_burst,0.4553,S,0.0,32,0.0,474.4
307824,tap_burst,0.4553,S,0.0,32,0.0,474.4
307920,tap_burst,0.4553,S,0.0,32,0.0,474.4
308014,tap_burst,0.4553,S,0.0,32,0.0,474.4
308110,tap_burst,0.4553,S,0.0,32,0.0,474.4
308206,tap_burst,0.4553,S,0.0,32,0.0,474.4
308302,tap_burst,0.4553,S,0.0,32,0.0,474.4
308398,tap_burst,0.4553,S,0.0,32,0.0,474.4
308493,tap_burst,0.4554,S,0.0,32,0.0,474.50000000000006
308589,tap_burst,0.4554,S,0.0,32,0.0,474.50000000000006
308685,tap_burst,0.4554,S,0.0,32,0.0,474.50000000000006
308781,tap_burst,0.4554,S,0.0,32,0.0,474.50000000000006
308877,tap_burst,0.4554,S,0.0,32,0.0,474.50000000000006
308971,tap_burst,0.4554,S,0.0,32,0.0,474.50000000000006
309067,tap_burst,0.4554,S,0.0,32,0.0,474.50000000000006
309162,tap_burst,0.4554,S,0.0,32,0.0,474.50000000000006
309258,tap_burst,0.4554,S,0.0,32,0.0,474.50000000000006
309354,tap_burst,0.4554,S,0.0,32,0.0,474.50000000000006
309450,tap_burst,0.4554,S,0.0,32,0.0,474.50000000000006
309546,tap_burst,0.4555,S,0.0,32,0.0,474.6
309642,tap_burst,0.4555,S,0.0,32,0.0,474.6
309738,tap_burst,0.4555,S,0.0,32,0.0,474.6
309832,tap_burst,0.4555,S,0.0,32,0.0,474.6
309927,tap_burst,0.4555,S,0.0,32,0.0,474.6
310023,tap_burst,0.4555,S,0.0,32,0.0,474.6
310119,tap_burst,0.4555,S,0.0,32,0.0,474.6
310215,tap_burst,0.4555,S,0.0,32,0.0,474.6
310311,tap_burst,0.4555,S,0.0,32,0.0,474.6
310407,tap_burst,0.4555,S,0.0,32,0.0,474.6
310503,tap_burst,0.4555,S,0.0,32,0.0,474.6
310598,tap_burst,0.4556,S,0.0,32,0.0,474.7
310692,tap_burst,0.4556,S,0.0,32,0.0,474.7
310788,tap_burst,0.4556,S,0.0,32,0.0,474.7
310884,tap_burst,0.4556,S,0.0,32,0.0,474.7
310980,tap_burst,0.4556,S,0.0,32,0.0,474.7
311076,tap_burst,0.4556,S,0.0,32,0.0,474.7
311172,tap_burst,0.4556,S,0.0,32,0.0,474.7
311267,tap_burst,0.4556,S,0.0,32,0.0,474.7
311363,tap_burst,0.4556,S,0.0,32,0.0,474.7
311459,tap_burst,0.4556,S,0.0,32,0.0,474.7
311555,tap_burst,0.4556,S,0.0,32,0.0,474.7
312319,tap_burst,0.4475,U,0.0,35,0.0,466.6
312414,tap_burst,0.4448,U,0.0,35,0.0,463.9
312508,tap_burst,0.4432,U,0.0,35,0.0,462.3
312604,tap_burst,0.4426,U,0.0,35,0.0,461.7
312700,tap_burst,0.4426,U,0.0,35,0.0,461.7
312796,tap_burst,0.4434,U,0.0,35,0.0,462.5
312892,tap_burst,0.4456,U,0.0,35,0.0,464.7
312987,tap_burst,0.449,U,0.0,35,0.0,468.1
313083,tap_burst,0.4524,U,0.0,35,0.0,471.50000000000006
313179,tap_burst,0.4547,U,0.0,35,0.0,473.8
313275,tap_burst,0.4557,U,0.0,35,0.0,474.8
313369,tap_burst,0.4559,U,0.0,35,0.0,475.00000000000006
313465,tap_burst,0.4558,U,0.0,35,0.0,474.9
313561,tap_burst,0.4558,U,0.0,35,0.0,474.9
313656,tap_burst,0.4558,U,0.0,35,0.0,474.9
313752,tap_burst,0.4558,S,0.0,35,0.0,474.9
313848,tap_burst,0.4558,S,0.0,35,0.0,474.9
313944,tap_burst,0.4559,S,0.0,35,0.0,475.00000000000006
314040,tap_burst,0.4559,S,0.0,35,0.0,475.00000000000006
314136,tap_burst,0.4559,S,0.0,35,0.0,475.00000000000006
314232,tap_burst,0.4559,S,0.0,35,0.0,475.00000000000006
314325,tap_burst,0.4559,S,0.0,35,0.0,475.00000000000006
314421,tap_burst,0.4559,S,0.0,35,0.0,475.00000000000006
314517,tap_burst,0.4559,S,0.0,35,0.0,475.00000000000006
314613,tap_burst,0.4559,S,0.0,35,0.0,475.00000000000006
314709,tap_burst,0.4559,S,0.0,35,0.0,475.00000000000006
314805,tap_burst,0.4558,S,0.0,35,0.0,474.9
314901,tap_burst,0.4558,S,0.0,35,0.0,474.9
314997,tap_burst,0.4558,S,0.0,35,0.0,474.9
315092,tap_burst,0.4558,S,0.0,35,0.0,474.9
315186,tap_burst,0.4558,S,0.0,35,0.0,474.9
315282,tap_burst,0.4558,S,0.0,35,0.0,474.9
315378,tap_burst,0.4558,S,0.0,35,0.0,474.9
315474,tap_burst,0.4558,S,0.0,35,0.0,474.9
315570,tap_burst,0.4558,S,0.0,35,0.0,474.9
315666,tap_burst,0.4558,S,0.0,35,0.0,474.9
315761,tap_burst,0.4558,S,0.0,35,0.0,474.9
315857,tap_burst,0.4558,S,0.0,35,0.0,474.9
315953,tap_burst,0.4559,S,0.0,35,0.0,475.00000000000006
316047,tap_burst,0.4559,S,0.0,35,0.0,475.00000000000006
316143,tap_burst,0.4559,S,0.0,35,0.0,475.00000000000006
316239,tap_burst,0.4559,S,0.0,35,0.0,475.00000000000006
316335,tap_burst,0.4559,S,0.0,35,0.0,475.00000000000006
316431,tap_burst,0.4559,S,0.0,35,0.0,475.00000000000006
316526,tap_burst,0.4559,S,0.0,35,0.0,475.00000000000006
316628,tap_burst,0.4559,S,0.0,35,0.0,475.00000000000006
316718,tap_burst,0.4559,S,0.0,35,0.0,475.00000000000006
316814,tap_burst,0.4559,S,0.0,35,0.0,475.00000000000006
316910,tap_burst,0.4559,S,0.0,35,0.0,475.00000000000006
317004,tap_burst,0.4559,S,0.0,35,0.0,475.00000000000006
317099,tap_burst,0.4559,S,0.0,35,0.0,475.00000000000006
317195,tap_burst,0.456,S,0.0,35,0.0,475.1
317291,tap_burst,0.456,S,0.0,35,0.0,475.1
317387,tap_burst,0.456,S,0.0,35,0.0,475.1
317483,tap_burst,0.456,S,0.0,35,0.0,475.1
317579,tap_burst,0.456,S,0.0,35,0.0,475.1
317675,tap_burst,0.456,S,0.0,35,0.0,475.1
317771,tap_burst,0.456,S,0.0,35,0.0,475.1
317864,tap_burst,0.456,S,0.0,35,0.0,475.1
317960,tap_burst,0.456,S,0.0,35,0.0,475.1
318056,tap_burst,0.456,S,0.0,35,0.0,475.1
318152,tap_burst,0.456,S,0.0,35,0.0,475.1
318248,tap_burst,0.456,S,0.0,35,0.0,475.1
318344,tap_burst,0.4561,S,0.0,35,0.0,475.2
318440,tap_burst,0.4561,S,0.0,35,0.0,475.2
318535,tap_burst,0.4561,S,0.0,35,0.0,475.2
318631,tap_burst,0.4561,S,0.0,35,0.0,475.2
318725,tap_burst,0.4561,S,0.0,35,0.0,475.2
318821,tap_burst,0.4561,S,0.0,35,0.0,475.2
318917,tap_burst,0.4561,S,0.0,35,0.0,475.2
319013,tap_burst,0.4561,S,0.0,35,0.0,475.2
319109,tap_burst,0.4561,S,0.0,35,0.0,475.2
319205,tap_burst,0.4561,S,0.0,35,0.0,475.2
319300,tap_burst,0.4561,S,0.0,35,0.0,475.2
319396,tap_burst,0.4561,S,0.0,35,0.0,475.2
319492,tap_burst,0.4562,S,0.0,35,0.0,475.3
319588,tap_burst,0.4562,S,0.0,35,0.0,475.3
319682,tap_burst,0.4562,S,0.0,35,0.0,475.3
319778,tap_burst,0.4562,S,0.0,35,0.0,475.3
319874,tap_burst,0.4562,S,0.0,35,0.0,475.3
319969,tap_burst,0.4562,S,0.0,35,0.0,475.3
320065,tap_burst,0.4562,S,0.0,35,0.0,475.3
320161,tap_burst,0.4562,S,0.0,35,0.0,475.3
320257,tap_burst,0.4562,S,0.0,35,0.0,475.3
321021,tap_burst,0.4508,U,0.0,38,0.0,469.9
321116,tap_burst,0.4491,U,0.0,38,0.0,468.2
321212,tap_burst,0.449,U,0.0,38,0.0,468.1
321308,tap_burst,0.4504,U,0.0,38,0.0,469.5
321402,tap_burst,0.4522,U,0.0,38,0.0,471.3
321498,tap_burst,0.4528,U,0.0,38,0.0,471.9
321594,tap_burst,0.4538,U,0.0,38,0.0,472.9
321689,tap_burst,0.4538,U,0.0,38,0.0,472.9
321785,tap_burst,0.4538,U,0.0,38,0.0,472.9
321881,tap_burst,0.4538,U,0.0,38,0.0,472.9
321977,tap_burst,0.4537,U,0.0,38,0.0,472.8
322073,tap_burst,0.4536,U,0.0,38,0.0,472.7
322169,tap_burst,0.4535,U,0.0,38,0.0,472.6
322265,tap_burst,0.4534,U,0.0,38,0.0,472.50000000000006
322358,tap_burst,0.4534,U,0.0,38,0.0,472.50000000000006
322454,tap_burst,0.4533,U,0.0,38,0.0,472.4
322550,tap_burst,0.4533,U,0.0,38,0.0,472.4
322646,tap_burst,0.4533,U,0.0,38,0.0,472.4
322742,tap_burst,0.4533,S,0.0,38,0.0,472.4
322838,tap_burst,0.4533,S,0.0,38,0.0,472.4
322934,tap_burst,0.4533,S,0.0,38,0.0,472.4
323029,tap_burst,0.4533,S,0.0,38,0.0,472.4
323126,tap_burst,0.4533,S,0.0,38,0.0,472.4
323219,tap_burst,0.4532,S,0.0,38,0.0,472.3
323315,tap_burst,0.4532,S,0.0,38,0.0,472.3
323411,tap_burst,0.4532,S,0.0,38,0.0,472.3
323507,tap_burst,0.4533,S,0.0,38,0.0,472.4
323603,tap_burst,0.4533,S,0.0,38,0.0,472.4
323699,tap_burst,0.4533,S,0.0,38,0.0,472.4
323794,tap_burst,0.4532,S,0.0,38,0.0,472.3
323890,tap_burst,0.4532,S,0.0,38,0.0,472.3
323986,tap_burst,0.4532,S,0.0,38,0.0,472.3
324080,tap_burst,0.4532,S,0.0,38,0.0,472.3
324176,tap_burst,0.4533,S,0.0,38,0.0,472.4
324272,tap_burst,0.4533,S,0.0,38,0.0,472.4
324368,tap_burst,0.4533,S,0.0,38,0.0,472.4
324463,tap_burst,0.4533,S,0.0,38,0.0,472.4
324559,tap_burst,0.4533,S,0.0,38,0.0,472.4
324655,tap_burst,0.4533,S,0.0,38,0.0,472.4
324751,tap_burst,0.4533,S,0.0,38,0.0,472.4
324847,tap_burst,0.4533,S,0.0,38,0.0,472.4
324943,tap_burst,0.4533,S,0.0,38,0.0,472.4
325037,tap_burst,0.4533,S,0.0,38,0.0,472.4
325133,tap_burst,0.4533,S,0.0,38,0.0,472.4
325228,tap_burst,0.4533,S,0.0,38,0.0,472.4
325324,tap_burst,0.4533,S,0.0,38,0.0,472.4
325420,tap_burst,0.4533,S,0.0,38,0.0,472.4
325516,tap_burst,0.4533,S,0.0,38,0.0,472.4
325612,tap_burst,0.4533,S,0.0,38,0.0,472.4
325708,tap_burst,0.4533,S,0.0,38,0.0,472.4
325804,tap_burst,0.4533,S,0.0,38,0.0,472.4
325897,tap_burst,0.4533,S,0.0,38,0.0,472.4
325994,tap_burst,0.4533,S,0.0,38,0.0,472.4
326089,tap_burst,0.4534,S,0.0,38,0.0,472.50000000000006
326185,tap_burst,0.4534,S,0.0,38,0.0,472.50000000000006
326281,tap_burst,0.4534,S,0.0,38,0.0,472.50000000000006
326377,tap_burst,0.4534,S,0.0,38,0.0,472.50000000000006
326473,tap_burst,0.4534,S,0.0,38,0.0,472.50000000000006
326569,tap_burst,0.4534,S,0.0,38,0.0,472.50000000000006
326664,tap_burst,0.4534,S,0.0,38,0.0,472.50000000000006
326758,tap_burst,0.4534,S,0.0,38,0.0,472.50000000000006
326854,tap_burst,0.4534,S,0.0,38,0.0,472.50000000000006
326950,tap_burst,0.4534,S,0.0,38,0.0,472.50000000000006
327046,tap_burst,0.4534,S,0.0,38,0.0,472.50000000000006
327142,tap_burst,0.4534,S,0.0,38,0.0,472.50000000000006
327238,tap_burst,0.4534,S,0.0,38,0.0,472.50000000000006
327333,tap_burst,0.4534,S,0.0,38,0.0,472.50000000000006
327429,tap_burst,0.4534,S,0.0,38,0.0,472.50000000000006
327525,tap_burst,0.4534,S,0.0,38,0.0,472.50000000000006
327621,tap_burst,0.4534,S,0.0,38,0.0,472.50000000000006
327715,tap_burst,0.4534,S,0.0,38,0.0,472.50000000000006
327811,tap_burst,0.4534,S,0.0,38,0.0,472.50000000000006
327907,tap_burst,0.4534,S,0.0,38,0.0,472.50000000000006
328003,tap_burst,0.4534,S,0.0,38,0.0,472.50000000000006
328098,tap_burst,0.4534,S,0.0,38,0.0,472.50000000000006
328194,tap_burst,0.4534,S,0.0,38,0.0,472.50000000000006
328290,tap_burst,0.4534,S,0.0,38,0.0,472.50000000000006
328386,tap_burst,0.4534,S,0.0,38,0.0,472.50000000000006
328482,tap_burst,0.4534,S,0.0,38,0.0,472.50000000000006
328576,tap_burst,0.4534,S,0.0,38,0.0,472.50000000000006
328672,tap_burst,0.4534,S,0.0,38,0.0,472.50000000000006
328767,tap_burst,0.4534,S,0.0,38,0.0,472.50000000000006
328863,tap_burst,0.4534,S,0.0,38,0.0,472.50000000000006
328959,tap_burst,0.4534,S,0.0,38,0.0,472.50000000000006
329724,tap_burst,0.4534,S,0.0,41,0.0,472.50000000000006
329820,tap_burst,0.4534,S,0.0,41,0.0,472.50000000000006
329914,tap_burst,0.4611,U,0.0,41,0.0,480.2
330010,tap_burst,0.4645,U,0.0,41,0.0,483.6
330106,tap_burst,0.4675,U,0.0,41,0.0,486.6
330213,tap_burst,0.4703,U,0.0,41,0.0,489.4
330391,tap_burst,0.4772,U,0.0,41,0.0,496.3
330487,tap_burst,0.4801,U,0.0,41,0.0,499.20000000000005
330583,tap_burst,0.4817,U,0.0,41,0.0,500.8
330679,tap_burst,0.4821,U,0.0,41,0.0,501.2
330775,tap_burst,0.4821,U,0.0,41,0.0,501.2
330871,tap_burst,0.4819,U,0.0,41,0.0,501.0
330966,tap_burst,0.4818,U,0.0,41,0.0,500.90000000000003
331062,tap_burst,0.4818,U,0.0,41,0.0,500.90000000000003
331158,tap_burst,0.4819,U,0.0,41,0.0,501.0
331252,tap_burst,0.4819,U,0.0,41,0.0,501.0
331348,tap_burst,0.482,U,0.0,41,0.0,501.09999999999997
331444,tap_burst,0.4821,U,0.0,41,0.0,501.2
331540,tap_burst,0.4821,U,0.0,41,0.0,501.2
331636,tap_burst,0.4822,U,0.0,41,0.0,501.29999999999995
331731,tap_burst,0.4822,U,0.0,41,0.0,501.29999999999995
331827,tap_burst,0.4822,U,0.0,41,0.0,501.29999999999995
331923,tap_burst,0.4822,S,0.0,41,0.0,501.29999999999995
332019,tap_burst,0.4822,S,0.0,41,0.0,501.29999999999995
332113,tap_burst,0.4822,S,0.0,41,0.0,501.29999999999995
332209,tap_burst,0.4822,S,0.0,41,0.0,501.29999999999995
332305,tap_burst,0.4822,S,0.0,41,0.0,501.29999999999995
332400,tap_burst,0.4822,S,0.0,41,0.0,501.29999999999995
332496,tap_burst,0.4822,S,0.0,41,0.0,501.29999999999995
332592,tap_burst,0.4821,S,0.0,41,0.0,501.2
332688,tap_burst,0.4821,S,0.0,41,0.0,501.2
332784,tap_burst,0.4821,S,0.0,41,0.0,501.2
332880,tap_burst,0.482,U,0.0,41,0.0,501.09999999999997
332974,tap_burst,0.482,U,0.0,41,0.0,501.09999999999997
333070,tap_burst,0.482,S,0.0,41,0.0,501.09999999999997
333165,tap_burst,0.482,S,0.0,41,0.0,501.09999999999997
333261,tap_burst,0.482,S,0.0,41,0.0,501.09999999999997
333357,tap_burst,0.482,S,0.0,41,0.0,501.09999999999997
333453,tap_burst,0.482,S,0.0,41,0.0,501.09999999999997
333549,tap_burst,0.4819,S,0.0,41,0.0,501.0
333645,tap_burst,0.4819,S,0.0,41,0.0,501.0
333740,tap_burst,0.4818,U,0.0,41,0.0,500.90000000000003
333836,tap_burst,0.4817,U,0.0,41,0.0,500.8
333930,tap_burst,0.4817,U,0.0,41,0.0,500.8
334026,tap_burst,0.4817,U,0.0,41,0.0,500.8
334122,tap_burst,0.4816,U,0.0,41,0.0,500.69999999999993
334218,tap_burst,0.4816,U,0.0,41,0.0,500.69999999999993
334313,tap_burst,0.4816,S,0.0,41,0.0,500.69999999999993
334409,tap_burst,0.4816,S,0.0,41,0.0,500.69999999999993
334505,tap_burst,0.4815,U,0.0,41,0.0,500.5999999999999
334601,tap_burst,0.4815,S,0.0,41,0.0,500.5999999999999
334697,tap_burst,0.4815,S,0.0,41,0.0,500.5999999999999
334791,tap_burst,0.4815,S,0.0,41,0.0,500.5999999999999
334887,tap_burst,0.4815,S,0.0,41,0.0,500.5999999999999
334983,tap_burst,0.4815,S,0.0,41,0.0,500.5999999999999
335078,tap_burst,0.4815,S,0.0,41,0.0,500.5999999999999
335174,tap_burst,0.4814,S,0.0,41,0.0,500.49999999999994
335270,tap_burst,0.4814,S,0.0,41,0.0,500.49999999999994
335366,tap_burst,0.4814,S,0.0,41,0.0,500.49999999999994
335462,tap_burst,0.4814,S,0.0,41,0.0,500.49999999999994
335558,tap_burst,0.4813,U,0.0,41,0.0,500.4
335651,tap_burst,0.4813,S,0.0,41,0.0,500.4
335747,tap_burst,0.4813,S,0.0,41,0.0,500.4
335843,tap_burst,0.4813,S,0.0,41,0.0,500.4
335939,tap_burst,0.4813,S,0.0,41,0.0,500.4
336035,tap_burst,0.4813,S,0.0,41,0.0,500.4
336131,tap_burst,0.4812,S,0.0,41,0.0,500.29999999999995
336226,tap_burst,0.4812,S,0.0,41,0.0,500.29999999999995
336322,tap_burst,0.4812,S,0.0,41,0.0,500.29999999999995
336418,tap_burst,0.4812,S,0.0,41,0.0,500.29999999999995
336514,tap_burst,0.4812,S,0.0,41,0.0,500.29999999999995
336608,tap_burst,0.4812,S,0.0,41,0.0,500.29999999999995
336704,tap_burst,0.4812,S,0.0,41,0.0,500.29999999999995
336800,tap_burst,0.4812,S,0.0,41,0.0,500.29999999999995
336896,tap_burst,0.4812,S,0.0,41,0.0,500.29999999999995
336992,tap_burst,0.4812,S,0.0,41,0.0,500.29999999999995
337087,tap_burst,0.4812,S,0.0,41,0.0,500.29999999999995
337183,tap_burst,0.4812,S,0.0,41,0.0,500.29999999999995
337279,tap_burst,0.4812,S,0.0,41,0.0,500.29999999999995
337375,tap_burst,0.4812,S,0.0,41,0.0,500.29999999999995
337469,tap_burst,0.4812,S,0.0,41,0.0,500.29999999999995
337565,tap_burst,0.4812,S,0.0,41,0.0,500.29999999999995
337660,tap_burst,0.4812,S,0.0,41,0.0,500.29999999999995
338425,tap_burst,0.4764,U,0.0,44,0.0,495.5
338520,tap_burst,0.4756,U,0.0,44,0.0,494.70000000000005
338616,tap_burst,0.4765,U,0.0,44,0.0,495.59999999999997
338712,tap_burst,0.4788,U,0.0,44,0.0,497.90000000000003
338808,tap_burst,0.4804,U,0.0,44,0.0,499.5
338904,tap_burst,0.4862,U,0.0,44,0.0,505.29999999999995
339000,tap_burst,0.4921,U,0.0,44,0.0,511.2
339095,tap_burst,0.4989,U,0.0,44,0.0,518.0
339191,tap_burst,0.5049,U,0.0,44,0.0,524.0
339285,tap_burst,0.5086,U,0.0,44,0.0,527.7
339381,tap_burst,0.5101,U,0.0,44,0.0,529.2
339477,tap_burst,0.5104,U,0.0,44,0.0,529.5
339573,tap_burst,0.5104,U,0.0,44,0.0,529.5
339669,tap_burst,0.5103,U,0.0,44,0.0,529.4
339764,tap_burst,0.5103,U,0.0,44,0.0,529.4
339860,tap_burst,0.5103,U,0.0,44,0.0,529.4
339956,tap_burst,0.5104,S,0.0,44,0.0,529.5
340052,tap_burst,0.5103,S,0.0,44,0.0,529.4
340146,tap_burst,0.5103,S,0.0,44,0.0,529.4
340242,tap_burst,0.5103,S,0.0,44,0.0,529.4
340337,tap_burst,0.5102,U,0.0,44,0.0,529.3
340433,tap_burst,0.5102,U,0.0,44,0.0,529.3
340529,tap_burst,0.5102,S,0.0,44,0.0,529.3
340625,tap_burst,0.5102,S,0.0,44,0.0,529.3
340721,tap_burst,0.5102,S,0.0,44,0.0,529.3
340817,tap_burst,0.5102,S,0.0,44,0.0,529.3
340913,tap_burst,0.5102,S,0.0,44,0.0,529.3
341007,tap_burst,0.5102,S,0.0,44,0.0,529.3
341103,tap_burst,0.5102,S,0.0,44,0.0,529.3
341198,tap_burst,0.5102,S,0.0,44,0.0,529.3
341294,tap_burst,0.5102,S,0.0,44,0.0,529.3
341390,tap_burst,0.5102,S,0.0,44,0.0,529.3
341486,tap_burst,0.5103,S,0.0,44,0.0,529.4
341582,tap_burst,0.5103,S,0.0,44,0.0,529.4
341678,tap_burst,0.5103,S,0.0,44,0.0,529.4
341773,tap_burst,0.5103,S,0.0,44,0.0,529.4
341869,tap_burst,0.5103,S,0.0,44,0.0,529.4
341963,tap_burst,0.5103,S,0.0,44,0.0,529.4
342059,tap_burst,0.5103,S,0.0,44,0.0,529.4
342155,tap_burst,0.5103,S,0.0,44,0.0,529.4
342251,tap_burst,0.5103,S,0.0,44,0.0,529.4
342347,tap_burst,0.5103,S,0.0,44,0.0,529.4
342443,tap_burst,0.5103,S,0.0,44,0.0,529.4
342539,tap_burst,0.5103,S,0.0,44,0.0,529.4
342634,tap_burst,0.5103,S,0.0,44,0.0,529.4
342730,tap_burst,0.5103,S,0.0,44,0.0,529.4
342824,tap_burst,0.5103,S,0.0,44,0.0,529.4
342920,tap_burst,0.5103,S,0.0,44,0.0,529.4
343016,tap_burst,0.5103,S,0.0,44,0.0,529.4
343112,tap_burst,0.5103,S,0.0,44,0.0,529.4
343208,tap_burst,0.5103,S,0.0,44,0.0,529.4
343310,tap_burst,0.5103,S,0.0,44,0.0,529.4
343400,tap_burst,0.5103,S,0.0,44,0.0,529.4
343495,tap_burst,0.5103,S,0.0,44,0.0,529.4
343591,tap_burst,0.5103,S,0.0,44,0.0,529.4
343685,tap_burst,0.5103,S,0.0,44,0.0,529.4
343781,tap_burst,0.5103,S,0.0,44,0.0,529.4
343877,tap_burst,0.5103,S,0.0,44,0.0,529.4
343972,tap_burst,0.5103,S,0.0,44,0.0,529.4
344069,tap_burst,0.5103,S,0.0,44,0.0,529.4
344164,tap_burst,0.5103,S,0.0,44,0.0,529.4
344260,tap_burst,0.5102,S,0.0,44,0.0,529.3
344356,tap_burst,0.5102,S,0.0,44,0.0,529.3
344451,tap_burst,0.5099,U,0.0,44,0.0,529.0
344547,tap_burst,0.5099,U,0.0,44,0.0,529.0
344641,tap_burst,0.5099,U,0.0,44,0.0,529.0
344737,tap_burst,0.5099,U,0.0,44,0.0,529.0
344833,tap_burst,0.5098,U,0.0,44,0.0,528.9000000000001
344928,tap_burst,0.5098,S,0.0,44,0.0,528.9000000000001
345024,tap_burst,0.5098,S,0.0,44,0.0,528.9000000000001
345120,tap_burst,0.5098,S,0.0,44,0.0,528.9000000000001
345216,tap_burst,0.5097,U,0.0,44,0.0,528.8000000000001
345312,tap_burst,0.5097,S,0.0,44,0.0,528.8000000000001
345408,quiet_mid2,0.5097,S,0.0,44,0.0,528.8000000000001
345502,quiet_mid2,0.5097,S,0.0,44,0.0,528.8000000000001
345597,quiet_mid2,0.5097,S,0.0,44,0.0,528.8000000000001
345693,quiet_mid2,0.5097,S,0.0,44,0.0,528.8000000000001
345789,quiet_mid2,0.5097,S,0.0,44,0.0,528.8000000000001
345885,quiet_mid2,0.5097,S,0.0,44,0.0,528.8000000000001
345981,quiet_mid2,0.5097,S,0.0,44,0.0,528.8000000000001
346077,quiet_mid2,0.5097,S,0.0,44,0.0,528.8000000000001
346173,quiet_mid2,0.5097,S,0.0,44,0.0,528.8000000000001
346268,quiet_mid2,0.5097,S,0.0,44,0.0,528.8000000000001
346362,quiet_mid2,0.5097,S,0.0,44,0.0,528.8000000000001
346458,quiet_mid2,0.5098,S,0.0,44,0.0,528.9000000000001
346554,quiet_mid2,0.5098,S,0.0,44,0.0,528.9000000000001
346650,quiet_mid2,0.5098,S,0.0,44,0.0,528.9000000000001
346746,quiet_mid2,0.5098,S,0.0,44,0.0,528.9000000000001
346842,quiet_mid2,0.5098,S,0.0,44,0.0,528.9000000000001
346938,quiet_mid2,0.5098,S,0.0,44,0.0,528.9000000000001
347033,quiet_mid2,0.5099,S,0.0,44,0.0,529.0
347129,quiet_mid2,0.5099,S,0.0,44,0.0,529.0
347225,quiet_mid2,0.5102,U,0.0,44,0.0,529.3
347318,quiet_mid2,0.5102,U,0.0,44,0.0,529.3
347414,quiet_mid2,0.5102,U,0.0,44,0.0,529.3
347510,quiet_mid2,0.5103,U,0.0,44,0.0,529.4
347606,quiet_mid2,0.5103,U,0.0,44,0.0,529.4
347702,quiet_mid2,0.5103,S,0.0,44,0.0,529.4
347798,quiet_mid2,0.5103,S,0.0,44,0.0,529.4
347894,quiet_mid2,0.5103,S,0.0,44,0.0,529.4
347990,quiet_mid2,0.5104,S,0.0,44,0.0,529.5
348085,quiet_mid2,0.5104,S,0.0,44,0.0,529.5
348179,quiet_mid2,0.5104,S,0.0,44,0.0,529.5
348275,quiet_mid2,0.5104,S,0.0,44,0.0,529.5
348371,quiet_mid2,0.5104,S,0.0,44,0.0,529.5
348467,quiet_mid2,0.5104,S,0.0,44,0.0,529.5
348563,quiet_mid2,0.5104,S,0.0,44,0.0,529.5
348658,quiet_mid2,0.5104,S,0.0,44,0.0,529.5
348754,quiet_mid2,0.5104,S,0.0,44,0.0,529.5
348850,quiet_mid2,0.5104,S,0.0,44,0.0,529.5
348946,quiet_mid2,0.5104,S,0.0,44,0.0,529.5
349040,quiet_mid2,0.5104,S,0.0,44,0.0,529.5
349136,quiet_mid2,0.5104,S,0.0,44,0.0,529.5
349232,quiet_mid2,0.5104,S,0.0,44,0.0,529.5
349327,quiet_mid2,0.5104,S,0.0,44,0.0,529.5
349423,quiet_mid2,0.5104,S,0.0,44,0.0,529.5
349519,quiet_mid2,0.5104,S,0.0,44,0.0,529.5
349615,quiet_mid2,0.5104,S,0.0,44,0.0,529.5
349711,quiet_mid2,0.5105,S,0.0,44,0.0,529.5999999999999
349807,quiet_mid2,0.5105,S,0.0,44,0.0,529.5999999999999
349903,quiet_mid2,0.5105,S,0.0,44,0.0,529.5999999999999
349997,quiet_mid2,0.5105,S,0.0,44,0.0,529.5999999999999
350092,quiet_mid2,0.5105,S,0.0,44,0.0,529.5999999999999
350188,quiet_mid2,0.5105,S,0.0,44,0.0,529.5999999999999
350284,quiet_mid2,0.5105,S,0.0,44,0.0,529.5999999999999
350380,quiet_mid2,0.5105,S,0.0,44,0.0,529.5999999999999
350476,quiet_mid2,0.5105,S,0.0,44,0.0,529.5999999999999
350572,quiet_mid2,0.5105,S,0.0,44,0.0,529.5999999999999
350668,quiet_mid2,0.5106,S,0.0,44,0.0,529.7
350763,quiet_mid2,0.5106,S,0.0,44,0.0,529.7
350857,quiet_mid2,0.5106,S,0.0,44,0.0,529.7
350953,quiet_mid2,0.5106,S,0.0,44,0.0,529.7
351049,quiet_mid2,0.5106,S,0.0,44,0.0,529.7
351145,quiet_mid2,0.5106,S,0.0,44,0.0,529.7
351241,quiet_mid2,0.5106,S,0.0,44,0.0,529.7
351337,quiet_mid2,0.5106,S,0.0,44,0.0,529.7
351433,quiet_mid2,0.5106,S,0.0,44,0.0,529.7
351528,quiet_mid2,0.5106,S,0.0,44,0.0,529.7
351624,quiet_mid2,0.5106,S,0.0,44,0.0,529.7
351718,quiet_mid2,0.5106,S,0.0,44,0.0,529.7
351814,quiet_mid2,0.5106,S,0.0,44,0.0,529.7
351910,quiet_mid2,0.5106,S,0.0,44,0.0,529.7
352006,quiet_mid2,0.5106,S,0.0,44,0.0,529.7
352102,quiet_mid2,0.5106,S,0.0,44,0.0,529.7
352197,quiet_mid2,0.5106,S,0.0,44,0.0,529.7
352293,quiet_mid2,0.5106,S,0.0,44,0.0,529.7
352389,quiet_mid2,0.5106,S,0.0,44,0.0,529.7
352485,quiet_mid2,0.5106,S,0.0,44,0.0,529.7
352581,quiet_mid2,0.5106,S,0.0,44,0.0,529.7
352675,quiet_mid2,0.5106,S,0.0,44,0.0,529.7
352771,quiet_mid2,0.5106,S,0.0,44,0.0,529.7
352867,quiet_mid2,0.5106,S,0.0,44,0.0,529.7
352962,quiet_mid2,0.5106,S,0.0,44,0.0,529.7
353058,quiet_mid2,0.5106,S,0.0,44,0.0,529.7
353154,quiet_mid2,0.5106,S,0.0,44,0.0,529.7
353250,quiet_mid2,0.5106,S,0.0,44,0.0,529.7
353346,quiet_mid2,0.5106,S,0.0,44,0.0,529.7
353442,quiet_mid2,0.5106,S,0.0,44,0.0,529.7
353535,quiet_mid2,0.5106,S,0.0,44,0.0,529.7
353630,quiet_mid2,0.5109,U,0.0,44,0.0,530.0
353726,quiet_mid2,0.511,U,0.0,44,0.0,530.1
353822,quiet_mid2,0.511,U,0.0,44,0.0,530.1
353918,quiet_mid2,0.5111,U,0.0,44,0.0,530.2
354014,quiet_mid2,0.5112,U,0.0,44,0.0,530.3
354110,quiet_mid2,0.5113,U,0.0,44,0.0,530.4
354205,quiet_mid2,0.5113,U,0.0,44,0.0,530.4
354301,quiet_mid2,0.5114,U,0.0,44,0.0,530.5
354395,quiet_mid2,0.5115,U,0.0,44,0.0,530.5999999999999
354491,quiet_mid2,0.5116,U,0.0,44,0.0,530.7
354587,quiet_mid2,0.5116,U,0.0,44,0.0,530.7
354683,quiet_mid2,0.5117,U,0.0,44,0.0,530.8000000000001
354779,quiet_mid2,0.5118,U,0.0,44,0.0,530.9000000000001
354875,quiet_mid2,0.5119,U,0.0,44,0.0,531.0
354970,quiet_mid2,0.5119,U,0.0,44,0.0,531.0
355066,quiet_mid2,0.512,U,0.0,44,0.0,531.1
355162,quiet_mid2,0.5121,U,0.0,44,0.0,531.2
355258,quiet_mid2,0.5121,U,0.0,44,0.0,531.2
355352,quiet_mid2,0.5122,U,0.0,44,0.0,531.3
355447,quiet_mid2,0.5122,U,0.0,44,0.0,531.3
355543,quiet_mid2,0.5123,U,0.0,44,0.0,531.4
355650,quiet_mid2,0.5123,U,0.0,44,0.0,531.4
355831,quiet_mid2,0.5124,U,0.0,44,0.0,531.5
355927,quiet_mid2,0.5124,U,0.0,44,0.0,531.5
356023,quiet_mid2,0.5124,S,0.0,44,0.0,531.5
356119,quiet_mid2,0.5124,S,0.0,44,0.0,531.5
356212,quiet_mid2,0.5124,S,0.0,44,0.0,531.5
356308,quiet_mid2,0.5124,S,0.0,44,0.0,531.5
356404,quiet_mid2,0.5124,S,0.0,44,0.0,531.5
356500,quiet_mid2,0.5124,S,0.0,44,0.0,531.5
356596,quiet_mid2,0.5123,S,0.0,44,0.0,531.4
356691,quiet_mid2,0.5123,S,0.0,44,0.0,531.4
356787,quiet_mid2,0.5123,S,0.0,44,0.0,531.4
356883,quiet_mid2,0.5123,S,0.0,44,0.0,531.4
356979,quiet_mid2,0.5123,S,0.0,44,0.0,531.4
357073,quiet_mid2,0.5123,S,0.0,44,0.0,531.4
357169,quiet_mid2,0.5123,S,0.0,44,0.0,531.4
357265,quiet_mid2,0.5123,S,0.0,44,0.0,531.4
357360,quiet_mid2,0.5123,S,0.0,44,0.0,531.4
357456,quiet_mid2,0.5123,S,0.0,44,0.0,531.4
357552,quiet_mid2,0.5123,S,0.0,44,0.0,531.4
357648,quiet_mid2,0.5123,S,0.0,44,0.0,531.4
357744,quiet_mid2,0.5123,S,0.0,44,0.0,531.4
357840,quiet_mid2,0.5123,S,0.0,44,0.0,531.4
357936,quiet_mid2,0.5123,S,0.0,44,0.0,531.4
358030,quiet_mid2,0.5123,S,0.0,44,0.0,531.4
358125,quiet_mid2,0.5123,S,0.0,44,0.0,531.4
358221,quiet_mid2,0.5123,S,0.0,44,0.0,531.4
358317,quiet_mid2,0.5123,S,0.0,44,0.0,531.4
358413,quiet_mid2,0.5123,S,0.0,44,0.0,531.4
358509,quiet_mid2,0.5123,S,0.0,44,0.0,531.4
358605,quiet_mid2,0.5123,S,0.0,44,0.0,531.4
358701,quiet_mid2,0.5123,S,0.0,44,0.0,531.4
358797,quiet_mid2,0.5123,S,0.0,44,0.0,531.4
358890,quiet_mid2,0.5123,S,0.0,44,0.0,531.4
358986,quiet_mid2,0.5123,S,0.0,44,0.0,531.4
359082,quiet_mid2,0.5123,S,0.0,44,0.0,531.4
359178,quiet_mid2,0.5123,S,0.0,44,0.0,531.4
359274,quiet_mid2,0.5123,S,0.0,44,0.0,531.4
359370,quiet_mid2,0.5123,S,0.0,44,0.0,531.4
359466,quiet_mid2,0.5123,S,0.0,44,0.0,531.4
359561,quiet_mid2,0.5123,S,0.0,44,0.0,531.4
359657,quiet_mid2,0.5123,S,0.0,44,0.0,531.4
359751,quiet_mid2,0.5123,S,0.0,44,0.0,531.4
359847,quiet_mid2,0.5123,S,0.0,44,0.0,531.4
359943,quiet_mid2,0.5122,S,0.0,44,0.0,531.3
360039,quiet_mid2,0.5122,S,0.0,44,0.0,531.3
360135,quiet_mid2,0.5122,S,0.0,44,0.0,531.3
360231,quiet_mid2,0.5122,S,0.0,44,0.0,531.3
360326,quiet_mid2,0.5122,S,0.0,44,0.0,531.3
360422,quiet_mid2,0.5122,S,0.0,44,0.0,531.3
360518,quiet_mid2,0.5122,S,0.0,44,0.0,531.3
360614,quiet_mid2,0.5122,S,0.0,44,0.0,531.3
360708,quiet_mid2,0.5122,S,0.0,44,0.0,531.3
360804,quiet_mid2,0.5122,S,0.0,44,0.0,531.3
360899,quiet_mid2,0.5122,S,0.0,44,0.0,531.3
360996,quiet_mid2,0.5122,S,0.0,44,0.0,531.3
361091,quiet_mid2,0.5122,S,0.0,44,0.0,531.3
361187,quiet_mid2,0.5122,S,0.0,44,0.0,531.3
361283,quiet_mid2,0.5122,S,0.0,44,0.0,531.3
361379,quiet_mid2,0.5122,S,0.0,44,0.0,531.3
361475,quiet_mid2,0.5122,S,0.0,44,0.0,531.3
361568,quiet_mid2,0.5122,S,0.0,44,0.0,531.3
361665,quiet_mid2,0.5122,S,0.0,44,0.0,531.3
361760,quiet_mid2,0.5122,S,0.0,44,0.0,531.3
361856,quiet_mid2,0.5122,S,0.0,44,0.0,531.3
361952,quiet_mid2,0.5122,S,0.0,44,0.0,531.3
362048,quiet_mid2,0.5122,S,0.0,44,0.0,531.3
362144,quiet_mid2,0.5122,S,0.0,44,0.0,531.3
362240,quiet_mid2,0.5122,S,0.0,44,0.0,531.3
362334,quiet_mid2,0.5117,U,0.0,44,0.0,530.8000000000001
362428,quiet_mid2,0.5117,U,0.0,44,0.0,530.8000000000001
362524,quiet_mid2,0.5117,U,0.0,44,0.0,530.8000000000001
362620,quiet_mid2,0.5116,U,0.0,44,0.0,530.7
362716,quiet_mid2,0.5116,U,0.0,44,0.0,530.7
362812,quiet_mid2,0.5116,S,0.0,44,0.0,530.7
362907,quiet_mid2,0.5116,S,0.0,44,0.0,530.7
363003,quiet_mid2,0.5116,S,0.0,44,0.0,530.7
363099,quiet_mid2,0.5117,S,0.0,44,0.0,530.8000000000001
363195,quiet_mid2,0.5117,S,0.0,44,0.0,530.8000000000001
363291,quiet_mid2,0.5117,S,0.0,44,0.0,530.8000000000001
363385,quiet_mid2,0.5117,S,0.0,44,0.0,530.8000000000001
363481,quiet_mid2,0.5117,S,0.0,44,0.0,530.8000000000001
363576,quiet_mid2,0.5117,S,0.0,44,0.0,530.8000000000001
363672,quiet_mid2,0.5117,S,0.0,44,0.0,530.8000000000001
363768,quiet_mid2,0.5117,S,0.0,44,0.0,530.8000000000001
363864,quiet_mid2,0.5117,S,0.0,44,0.0,530.8000000000001
363960,quiet_mid2,0.5117,S,0.0,44,0.0,530.8000000000001
364056,quiet_mid2,0.5117,S,0.0,44,0.0,530.8000000000001
364152,quiet_mid2,0.5117,S,0.0,44,0.0,530.8000000000001
364245,quiet_mid2,0.5117,S,0.0,44,0.0,530.8000000000001
364342,quiet_mid2,0.5118,S,0.0,44,0.0,530.9000000000001
364437,quiet_mid2,0.5118,S,0.0,44,0.0,530.9000000000001
364533,quiet_mid2,0.5118,S,0.0,44,0.0,530.9000000000001
364629,quiet_mid2,0.5118,S,0.0,44,0.0,530.9000000000001
364725,quiet_mid2,0.5118,S,0.0,44,0.0,530.9000000000001
364821,quiet_mid2,0.5117,S,0.0,44,0.0,530.8000000000001
364917,quiet_mid2,0.5117,S,0.0,44,0.0,530.8000000000001
365012,quiet_mid2,0.5117,S,0.0,44,0.0,530.8000000000001
365106,quiet_mid2,0.5117,S,0.0,44,0.0,530.8000000000001
365202,quiet_mid2,0.5117,S,0.0,44,0.0,530.8000000000001
365298,quiet_mid2,0.5117,S,0.0,44,0.0,530.8000000000001
365394,quiet_mid2,0.5117,S,0.0,44,0.0,530.8000000000001
365490,quiet_mid2,0.5117,S,0.0,44,0.0,530.8000000000001
365586,quiet_mid2,0.5117,S,0.0,44,0.0,530.8000000000001
365681,quiet_mid2,0.5117,S,0.0,44,0.0,530.8000000000001
365778,quiet_mid2,0.5117,S,0.0,44,0.0,530.8000000000001
365873,quiet_mid2,0.5117,S,0.0,44,0.0,530.8000000000001
365969,quiet_mid2,0.5117,S,0.0,44,0.0,530.8000000000001
366062,quiet_mid2,0.5113,U,0.0,44,0.0,530.4
366158,quiet_mid2,0.5113,U,0.0,44,0.0,530.4
366254,quiet_mid2,0.5113,U,0.0,44,0.0,530.4
366350,quiet_mid2,0.5112,U,0.0,44,0.0,530.3
366446,quiet_mid2,0.5112,U,0.0,44,0.0,530.3
366542,quiet_mid2,0.5112,S,0.0,44,0.0,530.3
366637,quiet_mid2,0.5111,U,0.0,44,0.0,530.2
366733,quiet_mid2,0.5111,U,0.0,44,0.0,530.2
366829,quiet_mid2,0.5111,S,0.0,44,0.0,530.2
366923,quiet_mid2,0.511,U,0.0,44,0.0,530.1
367019,quiet_mid2,0.511,U,0.0,44,0.0,530.1
367115,quiet_mid2,0.511,S,0.0,44,0.0,530.1
367211,quiet_mid2,0.5109,U,0.0,44,0.0,530.0
367306,quiet_mid2,0.5109,U,0.0,44,0.0,530.0
367402,quiet_mid2,0.5109,S,0.0,44,0.0,530.0
367498,quiet_mid2,0.5109,S,0.0,44,0.0,530.0
367594,quiet_mid2,0.5108,U,0.0,44,0.0,529.9000000000001
367690,quiet_mid2,0.5108,S,0.0,44,0.0,529.9000000000001
367784,quiet_mid2,0.5108,S,0.0,44,0.0,529.9000000000001
367879,quiet_mid2,0.5108,S,0.0,44,0.0,529.9000000000001
367975,quiet_mid2,0.5108,S,0.0,44,0.0,529.9000000000001
368082,quiet_mid2,0.5108,S,0.0,44,0.0,529.9000000000001
368263,quiet_mid2,0.5107,S,0.0,44,0.0,529.8000000000001
368359,quiet_mid2,0.5107,S,0.0,44,0.0,529.8000000000001
368454,quiet_mid2,0.5107,S,0.0,44,0.0,529.8000000000001
368551,quiet_mid2,0.5107,S,0.0,44,0.0,529.8000000000001
368646,quiet_mid2,0.5106,S,0.0,44,0.0,529.7
368740,quiet_mid2,0.5106,S,0.0,44,0.0,529.7
368836,quiet_mid2,0.5106,S,0.0,44,0.0,529.7
368932,quiet_mid2,0.5106,S,0.0,44,0.0,529.7
369028,quiet_mid2,0.5106,S,0.0,44,0.0,529.7
369124,quiet_mid2,0.5106,S,0.0,44,0.0,529.7
369220,quiet_mid2,0.5106,S,0.0,44,0.0,529.7
369315,quiet_mid2,0.5106,S,0.0,44,0.0,529.7
369411,quiet_mid2,0.5106,S,0.0,44,0.0,529.7
369507,quiet_mid2,0.5106,S,0.0,44,0.0,529.7
369601,quiet_mid2,0.5105,S,0.0,44,0.0,529.5999999999999
369697,quiet_mid2,0.5105,S,0.0,44,0.0,529.5999999999999
369793,quiet_mid2,0.5105,S,0.0,44,0.0,529.5999999999999
369888,quiet_mid2,0.5105,S,0.0,44,0.0,529.5999999999999
369985,quiet_mid2,0.5105,S,0.0,44,0.0,529.5999999999999
370080,quiet_mid2,0.5105,S,0.0,44,0.0,529.5999999999999
370176,quiet_mid2,0.5105,S,0.0,44,0.0,529.5999999999999
370272,quiet_mid2,0.5105,S,0.0,44,0.0,529.5999999999999
370368,quiet_mid2,0.5105,S,0.0,44,0.0,529.5999999999999
370462,quiet_mid2,0.5105,S,0.0,44,0.0,529.5999999999999
370557,quiet_mid2,0.5105,S,0.0,44,0.0,529.5999999999999
370653,quiet_mid2,0.5105,S,0.0,44,0.0,529.5999999999999
370749,quiet_mid2,0.5105,S,0.0,44,0.0,529.5999999999999
370845,quiet_mid2,0.5105,S,0.0,44,0.0,529.5999999999999
370941,quiet_mid2,0.5105,S,0.0,44,0.0,529.5999999999999
371037,quiet_mid2,0.5105,S,0.0,44,0.0,529.5999999999999
371133,quiet_mid2,0.5105,S,0.0,44,0.0,529.5999999999999
371229,quiet_mid2,0.5105,S,0.0,44,0.0,529.5999999999999
371322,quiet_mid2,0.5105,S,0.0,44,0.0,529.5999999999999
371419,quiet_mid2,0.5105,S,0.0,44,0.0,529.5999999999999
371514,quiet_mid2,0.5105,S,0.0,44,0.0,529.5999999999999
371610,quiet_mid2,0.5104,S,0.0,44,0.0,529.5
371706,quiet_mid2,0.5104,S,0.0,44,0.0,529.5
371802,quiet_mid2,0.5104,S,0.0,44,0.0,529.5
371898,quiet_mid2,0.5104,S,0.0,44,0.0,529.5
371994,quiet_mid2,0.5104,S,0.0,44,0.0,529.5
372089,quiet_mid2,0.5104,S,0.0,44,0.0,529.5
372185,quiet_mid2,0.5104,S,0.0,44,0.0,529.5
372279,quiet_mid2,0.5104,S,0.0,44,0.0,529.5
372375,quiet_mid2,0.5104,S,0.0,44,0.0,529.5
372471,quiet_mid2,0.5104,S,0.0,44,0.0,529.5
372567,quiet_mid2,0.5104,S,0.0,44,0.0,529.5
372663,quiet_mid2,0.5104,S,0.0,44,0.0,529.5
372758,quiet_mid2,0.5104,S,0.0,44,0.0,529.5
372854,quiet_mid2,0.5104,S,0.0,44,0.0,529.5
372950,quiet_mid2,0.5104,S,0.0,44,0.0,529.5
373046,quiet_mid2,0.5104,S,0.0,44,0.0,529.5
373140,quiet_mid2,0.5104,S,0.0,44,0.0,529.5
373236,quiet_mid2,0.5104,S,0.0,44,0.0,529.5
373332,quiet_mid2,0.5104,S,0.0,44,0.0,529.5
373427,quiet_mid2,0.5103,S,0.0,44,0.0,529.4
373524,quiet_mid2,0.5103,S,0.0,44,0.0,529.4
373619,quiet_mid2,0.5103,S,0.0,44,0.0,529.4
373715,quiet_mid2,0.5103,S,0.0,44,0.0,529.4
373811,quiet_mid2,0.5103,S,0.0,44,0.0,529.4
373907,quiet_mid2,0.5103,S,0.0,44,0.0,529.4
374001,quiet_mid2,0.5103,S,0.0,44,0.0,529.4
374096,quiet_mid2,0.5103,S,0.0,44,0.0,529.4
374192,quiet_mid2,0.5103,S,0.0,44,0.0,529.4
374288,quiet_mid2,0.5103,S,0.0,44,0.0,529.4
374384,quiet_mid2,0.5103,S,0.0,44,0.0,529.4
374480,quiet_mid2,0.5103,S,0.0,44,0.0,529.4
374576,quiet_mid2,0.5103,S,0.0,44,0.0,529.4
374672,quiet_mid2,0.5103,S,0.0,44,0.0,529.4
374767,quiet_mid2,0.5103,S,0.0,44,0.0,529.4
374863,quiet_mid2,0.5103,S,0.0,44,0.0,529.4
374957,quiet_mid2,0.5102,S,0.0,44,0.0,529.3
375053,quiet_mid2,0.5102,S,0.0,44,0.0,529.3
375149,quiet_mid2,0.5102,S,0.0,44,0.0,529.3
375245,quiet_mid2,0.5102,S,0.0,44,0.0,529.3
375341,quiet_mid2,0.5102,S,0.0,44,0.0,529.3
375542,auger15_p1,0.5102,S,15.0,44,0.0,529.3
375724,auger15_p1,0.5102,S,15.0,44,0.0,529.3
375818,auger15_p1,0.5102,S,15.0,44,0.0,529.3
375914,auger15_p1,0.5102,S,15.0,44,0.0,529.3
376008,auger15_p1,0.5012,U,15.0,44,0.0,520.3
376104,auger15_p1,0.4927,U,15.0,44,0.0,511.8
376200,auger15_p1,0.4836,U,15.0,44,0.0,502.69999999999993
376296,auger15_p1,0.4773,U,15.0,44,0.0,496.40000000000003
376392,auger15_p1,0.4756,U,15.0,44,0.0,494.70000000000005
376487,auger15_p1,0.4779,U,15.0,44,0.0,497.0
376583,auger15_p1,0.4825,U,15.0,44,0.0,501.5999999999999
376679,auger15_p1,0.488,U,15.0,44,0.0,507.1
376773,auger15_p1,0.4935,U,15.0,44,0.0,512.5999999999999
376869,auger15_p1,0.4984,U,15.0,44,0.0,517.5
376965,auger15_p1,0.503,U,15.0,44,0.0,522.1
377060,auger15_p1,0.5082,U,15.0,44,0.0,527.3
377156,auger15_p1,0.5144,U,15.0,44,0.0,533.5
377252,auger15_p1,0.5211,U,15.0,44,0.0,540.2
377348,auger15_p1,0.5276,U,15.0,44,0.0,546.6999999999999
377444,auger15_p1,0.5332,U,15.0,44,0.0,552.3000000000001
377539,auger15_p1,0.5377,U,15.0,44,0.0,556.8
377633,auger15_p1,0.5413,U,15.0,44,0.0,560.4
377729,auger15_p1,0.5441,U,15.0,44,0.0,563.2
377825,auger15_p1,0.5462,U,15.0,44,0.0,565.3000000000001
377921,auger15_p1,0.5482,U,15.0,44,0.0,567.3000000000001
378017,auger15_p1,0.5507,U,15.0,44,0.0,569.8
378113,auger15_p1,0.5537,U,15.0,44,0.0,572.8
378209,auger15_p1,0.5568,U,15.0,44,0.0,575.9
378304,auger15_p1,0.5595,U,15.0,44,0.0,578.6
378400,auger15_p1,0.5616,U,15.0,44,0.0,580.7
378494,auger15_p1,0.5639,U,15.0,44,0.0,583.0
378590,auger15_p1,0.5675,U,15.0,44,0.0,586.6
378686,auger15_p1,0.5729,U,15.0,44,0.0,592.0
378782,auger15_p1,0.5799,U,15.0,44,0.0,599.0
378877,auger15_p1,0.588,U,15.0,44,0.0,607.1
378973,auger15_p1,0.5969,U,15.0,44,0.0,616.0
379069,auger15_p1,0.6066,U,15.0,44,0.0,625.7
379165,auger15_p1,0.6174,U,15.0,44,0.0,636.5
379261,auger15_p1,0.6289,U,15.0,44,0.0,648.0
379355,auger15_p1,0.6412,U,15.0,44,0.0,660.3
379451,auger15_p1,0.6545,U,15.0,44,0.0,673.6
379546,auger15_p1,0.6693,U,15.0,44,0.0,688.4
379642,auger15_p1,0.6853,U,15.0,44,0.0,704.4
379738,auger15_p1,0.7017,U,15.0,44,0.0,720.8
379834,auger15_p1,0.7178,U,15.0,44,0.0,736.9
379930,auger15_p1,0.7337,U,15.0,44,0.0,752.8000000000001
380026,auger15_p1,0.7493,U,15.0,44,0.0,768.4
380128,auger15_p1,0.7641,U,15.0,44,0.0,783.2
380218,auger15_p1,0.7771,U,15.0,44,0.0,796.2
380311,auger15_p1,0.7873,U,15.0,44,0.0,806.4
380407,auger15_p1,0.7946,U,15.0,44,0.0,813.6999999999999
380503,auger15_p1,0.7995,U,15.0,44,0.0,818.6
380599,auger15_p1,0.8031,U,15.0,44,0.0,822.2
380694,auger15_p1,0.8067,U,15.0,44,0.0,825.8
380790,auger15_p1,0.8105,U,15.0,44,0.0,829.6
380886,auger15_p1,0.8143,U,15.0,44,0.0,833.4
380982,auger15_p1,0.8177,U,15.0,44,0.0,836.8
381078,auger15_p1,0.8211,U,15.0,44,0.0,840.2
381172,auger15_p1,0.8246,U,15.0,44,0.0,843.7
381268,auger15_p1,0.8279,U,15.0,44,0.0,847.0
381363,auger15_p1,0.8299,U,15.0,44,0.0,849.0
381459,auger15_p1,0.8297,U,15.0,44,0.0,848.8
381555,auger15_p1,0.8278,U,15.0,44,0.0,846.9
381651,auger15_p1,0.8262,U,15.0,44,0.0,845.3000000000001
381747,auger15_p1,0.8276,U,15.0,44,0.0,846.7
381843,auger15_p1,0.8301,U,15.0,44,0.0,849.1999999999999
381938,auger15_p1,0.8404,U,15.0,44,0.0,859.5
382032,auger15_p1,0.8484,U,15.0,44,0.0,867.5
382128,auger15_p1,0.855,U,15.0,44,0.0,874.1
382224,auger15_p1,0.8602,U,15.0,44,0.0,879.3
382320,auger15_p1,0.8653,U,15.0,44,0.0,884.4
382416,auger15_p1,0.872,U,15.0,44,0.0,891.1
382510,auger15_p1,0.88,U,15.0,44,0.0,899.1
382607,auger15_p1,0.8885,U,15.0,44,0.0,907.5999999999999
382703,auger15_p1,0.8967,U,15.0,44,0.0,915.8000000000001
382799,auger15_p1,0.9052,U,15.0,44,0.0,924.3
382895,auger15_p1,0.9149,U,15.0,44,0.0,934.0
382989,auger15_p1,0.9262,U,15.0,44,0.0,945.3000000000001
383085,auger15_p1,0.9385,U,15.0,44,0.0,957.6
383180,auger15_p1,0.9514,U,15.0,44,0.0,970.5
383276,auger15_p1,0.9656,U,15.0,44,0.0,984.7
383372,auger15_p1,0.9816,U,15.0,44,0.0,1000.6999999999999
383468,auger15_p1,0.9987,U,15.0,44,0.0,1017.8000000000001
383564,auger15_p1,1.0154,U,15.0,44,0.0,1034.5
383660,auger15_p1,1.0307,U,15.0,44,0.0,1049.8
383755,auger15_p1,1.0453,U,15.0,44,0.0,1064.3999999999999
383849,auger15_p1,1.0602,U,15.0,44,0.0,1079.3
383945,auger15_p1,1.0756,U,15.0,44,0.0,1094.6999999999998
384041,auger15_p1,1.0914,U,15.0,44,0.0,1110.4999999999998
384137,auger15_p1,1.1067,U,15.0,44,0.0,1125.8
384233,auger15_p1,1.1201,U,15.0,44,0.0,1139.2
384329,auger15_p1,1.1308,U,15.0,44,0.0,1149.8999999999999
384424,auger15_p1,1.1388,U,15.0,44,0.0,1157.8999999999999
384520,auger15_p1,1.145,U,15.0,44,0.0,1164.1
384616,auger15_p1,1.1503,U,15.0,44,0.0,1169.4
384710,auger15_p1,1.155,U,15.0,44,0.0,1174.1
384806,auger15_p1,1.1594,U,15.0,44,0.0,1178.4999999999998
384902,auger15_p1,1.1634,U,15.0,44,0.0,1182.4999999999998
384997,auger15_p1,1.1668,U,15.0,44,0.0,1185.8999999999999
385093,auger15_p1,1.1691,U,15.0,44,0.0,1188.1999999999998
385189,auger15_p1,1.1705,U,15.0,44,0.0,1189.6
385285,auger15_p1,1.1712,U,15.0,44,0.0,1190.3
385381,auger15_p1,1.1716,U,15.0,44,0.0,1190.6999999999998
385477,auger15_p1,1.1717,U,15.0,44,0.0,1190.8
385573,auger15_p1,1.1718,U,15.0,44,0.0,1190.8999999999999
385666,auger15_p1,1.1726,U,15.0,44,0.0,1191.7
385762,auger15_p1,1.1737,U,15.0,44,0.0,1192.8
385858,auger15_p1,1.1792,U,15.0,44,0.0,1198.3
385954,auger15_p1,1.1855,U,15.0,44,0.0,1204.6
386050,auger15_p1,1.1933,U,15.0,44,0.0,1212.3999999999999
386146,auger15_p1,1.2013,U,15.0,44,0.0,1220.3999999999999
386241,auger15_p1,1.2087,U,15.0,44,0.0,1227.8
386337,auger15_p1,1.2152,U,15.0,44,0.0,1234.3
386433,auger15_p1,1.2211,U,15.0,44,0.0,1240.2
386527,auger15_p1,1.2273,U,15.0,44,0.0,1246.3999999999999
386623,auger15_p1,1.2345,U,15.0,44,0.0,1253.6
386719,auger15_p1,1.2431,U,15.0,44,0.0,1262.2
386815,auger15_p1,1.2526,U,15.0,44,0.0,1271.6999999999998
386911,auger15_p1,1.2627,U,15.0,44,0.0,1281.7999999999997
387006,auger15_p1,1.2731,U,15.0,44,0.0,1292.1999999999998
387102,auger15_p1,1.2837,U,15.0,44,0.0,1302.8
387198,auger15_p1,1.2947,U,15.0,44,0.0,1313.8
387294,auger15_p1,1.3066,U,15.0,44,0.0,1325.6999999999998
387388,auger15_p1,1.3198,U,15.0,44,0.0,1338.9
387483,auger15_p1,1.3345,U,15.0,44,0.0,1353.6
387579,auger15_p1,1.3508,U,15.0,44,0.0,1369.8999999999999
387675,auger15_p1,1.3689,U,15.0,44,0.0,1388.0
387771,auger15_p1,1.389,U,15.0,44,0.0,1408.1
387867,auger15_p1,1.4102,U,15.0,44,0.0,1429.2999999999997
387963,auger15_p1,1.4311,U,15.0,44,0.0,1450.2
388059,auger15_p1,1.4497,U,15.0,44,0.0,1468.8
388154,auger15_p1,1.4644,U,15.0,44,0.0,1483.4999999999998
388250,auger15_p1,1.4744,U,15.0,44,0.0,1493.4999999999998
388344,auger15_p1,1.4803,U,15.0,44,0.0,1499.3999999999999
388440,auger15_p1,1.4834,U,15.0,44,0.0,1502.5
388536,auger15_p1,1.4857,U,15.0,44,0.0,1504.8
388632,auger15_p1,1.4887,U,15.0,44,0.0,1507.7999999999997
388728,auger15_p1,1.4932,U,15.0,44,0.0,1512.3
388823,auger15_p1,1.4986,U,15.0,44,0.0,1517.6999999999998
388919,auger15_p1,1.5036,U,15.0,44,0.0,1522.7
389015,auger15_p1,1.5076,U,15.0,44,0.0,1526.7
389111,auger15_p1,1.5109,U,15.0,44,0.0,1529.9999999999998
389205,auger15_p1,1.5142,U,15.0,44,0.0,1533.3
389301,auger15_p1,1.5173,U,15.0,44,0.0,1536.4
389397,auger15_p1,1.5197,U,15.0,44,0.0,1538.8
389492,auger15_p1,1.5205,U,15.0,44,0.0,1539.6
389588,auger15_p1,1.5197,U,15.0,44,0.0,1538.8
389684,auger15_p1,1.5183,U,15.0,44,0.0,1537.3999999999999
389780,auger15_p1,1.5176,U,15.0,44,0.0,1536.7
389876,auger15_p1,1.5183,U,15.0,44,0.0,1537.3999999999999
389972,auger15_p1,1.5198,U,15.0,44,0.0,1538.8999999999999
390065,auger15_p1,1.5286,U,15.0,44,0.0,1547.6999999999998
390161,auger15_p1,1.5349,U,15.0,44,0.0,1553.9999999999998
390257,auger15_p1,1.5411,U,15.0,44,0.0,1560.1999999999998
390353,auger15_p1,1.5477,U,15.0,44,0.0,1566.8
390449,post_auger15_p1,1.5552,U,0.0,44,0.0,1574.2999999999997
390545,post_auger15_p1,1.5636,U,0.0,44,0.0,1582.7
390640,post_auger15_p1,1.5724,U,0.0,44,0.0,1591.5
390736,post_auger15_p1,1.5812,U,0.0,44,0.0,1600.2999999999997
390832,post_auger15_p1,1.5904,U,0.0,44,0.0,1609.5
390928,post_auger15_p1,1.6003,U,0.0,44,0.0,1619.3999999999999
391022,post_auger15_p1,1.6109,U,0.0,44,0.0,1630.0
391118,post_auger15_p1,1.6218,U,0.0,44,0.0,1640.8999999999999
391213,post_auger15_p1,1.632,U,0.0,44,0.0,1651.0999999999997
391309,post_auger15_p1,1.6404,U,0.0,44,0.0,1659.5
391405,post_auger15_p1,1.6462,U,0.0,44,0.0,1665.3
391501,post_auger15_p1,1.6495,U,0.0,44,0.0,1668.6
391602,post_auger15_p1,1.6509,U,0.0,44,0.0,1670.0
391693,post_auger15_p1,1.6514,U,0.0,44,0.0,1670.4999999999998
391789,post_auger15_p1,1.6517,U,0.0,44,0.0,1670.7999999999997
391883,post_auger15_p1,1.6519,U,0.0,44,0.0,1670.9999999999998
391978,post_auger15_p1,1.6522,U,0.0,44,0.0,1671.2999999999997
392074,post_auger15_p1,1.6524,U,0.0,44,0.0,1671.5
392170,post_auger15_p1,1.6524,U,0.0,44,0.0,1671.5
392266,post_auger15_p1,1.6524,U,0.0,44,0.0,1671.5
392362,post_auger15_p1,1.6525,U,0.0,44,0.0,1671.6
392458,post_auger15_p1,1.6525,U,0.0,44,0.0,1671.6
392553,post_auger15_p1,1.6525,S,0.0,44,0.0,1671.6
392649,post_auger15_p1,1.6525,S,0.0,44,0.0,1671.6
392743,post_auger15_p1,1.6525,S,0.0,44,0.0,1671.6
392839,post_auger15_p1,1.6524,S,0.0,44,0.0,1671.5
392935,post_auger15_p1,1.6524,S,0.0,44,0.0,1671.5
393031,post_auger15_p1,1.6524,S,0.0,44,0.0,1671.5
393127,post_auger15_p1,1.6523,U,0.0,44,0.0,1671.4
393222,post_auger15_p1,1.6523,U,0.0,44,0.0,1671.4
393318,post_auger15_p1,1.6522,U,0.0,44,0.0,1671.2999999999997
393414,post_auger15_p1,1.6522,U,0.0,44,0.0,1671.2999999999997
393510,post_auger15_p1,1.6522,U,0.0,44,0.0,1671.2999999999997
393606,post_auger15_p1,1.6522,S,0.0,44,0.0,1671.2999999999997
393700,post_auger15_p1,1.6521,U,0.0,44,0.0,1671.1999999999998
393796,post_auger15_p1,1.6521,S,0.0,44,0.0,1671.1999999999998
393892,post_auger15_p1,1.6521,S,0.0,44,0.0,1671.1999999999998
393987,post_auger15_p1,1.652,U,0.0,44,0.0,1671.1
394083,post_auger15_p1,1.652,U,0.0,44,0.0,1671.1
394179,post_auger15_p1,1.652,S,0.0,44,0.0,1671.1
394275,post_auger15_p1,1.6519,U,0.0,44,0.0,1670.9999999999998
394371,post_auger15_p1,1.6519,U,0.0,44,0.0,1670.9999999999998
394467,post_auger15_p1,1.6518,U,0.0,44,0.0,1670.8999999999999
394560,post_auger15_p1,1.6517,U,0.0,44,0.0,1670.7999999999997
394657,post_auger15_p1,1.6517,U,0.0,44,0.0,1670.7999999999997
394752,post_auger15_p1,1.6516,U,0.0,44,0.0,1670.6999999999998
394848,post_auger15_p1,1.6516,U,0.0,44,0.0,1670.6999999999998
394944,post_auger15_p1,1.6516,U,0.0,44,0.0,1670.6999999999998
395040,post_auger15_p1,1.6515,U,0.0,44,0.0,1670.6
395136,post_auger15_p1,1.6515,U,0.0,44,0.0,1670.6
395231,post_auger15_p1,1.6515,S,0.0,44,0.0,1670.6
395327,post_auger15_p1,1.6515,S,0.0,44,0.0,1670.6
395421,post_auger15_p1,1.6515,S,0.0,44,0.0,1670.6
395517,post_auger15_p1,1.6515,S,0.0,44,0.0,1670.6
395613,post_auger15_p1,1.6514,S,0.0,44,0.0,1670.4999999999998
395709,post_auger15_p1,1.6514,S,0.0,44,0.0,1670.4999999999998
395805,post_auger15_p1,1.6514,S,0.0,44,0.0,1670.4999999999998
395900,post_auger15_p1,1.6514,S,0.0,44,0.0,1670.4999999999998
395996,post_auger15_p1,1.6514,S,0.0,44,0.0,1670.4999999999998
396092,post_auger15_p1,1.6514,S,0.0,44,0.0,1670.4999999999998
396188,post_auger15_p1,1.6515,S,0.0,44,0.0,1670.6
396284,post_auger15_p1,1.6515,S,0.0,44,0.0,1670.6
396378,post_auger15_p1,1.6515,S,0.0,44,0.0,1670.6
396473,post_auger15_p1,1.6515,S,0.0,44,0.0,1670.6
396570,post_auger15_p1,1.6515,S,0.0,44,0.0,1670.6
396665,post_auger15_p1,1.6515,S,0.0,44,0.0,1670.6
396761,post_auger15_p1,1.6515,S,0.0,44,0.0,1670.6
396857,post_auger15_p1,1.6515,S,0.0,44,0.0,1670.6
396953,post_auger15_p1,1.6515,S,0.0,44,0.0,1670.6
397049,post_auger15_p1,1.6515,S,0.0,44,0.0,1670.6
397145,post_auger15_p1,1.6515,S,0.0,44,0.0,1670.6
397238,post_auger15_p1,1.6515,S,0.0,44,0.0,1670.6
397334,post_auger15_p1,1.6515,S,0.0,44,0.0,1670.6
397430,post_auger15_p1,1.6515,S,0.0,44,0.0,1670.6
397526,post_auger15_p1,1.6514,S,0.0,44,0.0,1670.4999999999998
397622,post_auger15_p1,1.6514,S,0.0,44,0.0,1670.4999999999998
397718,post_auger15_p1,1.6514,S,0.0,44,0.0,1670.4999999999998
397814,post_auger15_p1,1.6514,S,0.0,44,0.0,1670.4999999999998
397909,post_auger15_p1,1.6514,S,0.0,44,0.0,1670.4999999999998
398005,post_auger15_p1,1.6514,S,0.0,44,0.0,1670.4999999999998
398099,post_auger15_p1,1.6514,S,0.0,44,0.0,1670.4999999999998
398195,post_auger15_p1,1.6514,S,0.0,44,0.0,1670.4999999999998
398291,post_auger15_p1,1.6514,S,0.0,44,0.0,1670.4999999999998
398387,post_auger15_p1,1.6514,S,0.0,44,0.0,1670.4999999999998
398483,post_auger15_p1,1.6514,S,0.0,44,0.0,1670.4999999999998
398579,post_auger15_p1,1.6514,S,0.0,44,0.0,1670.4999999999998
398674,post_auger15_p1,1.6514,S,0.0,44,0.0,1670.4999999999998
398770,post_auger15_p1,1.6514,S,0.0,44,0.0,1670.4999999999998
398866,post_auger15_p1,1.6513,S,0.0,44,0.0,1670.3999999999999
398962,post_auger15_p1,1.6513,S,0.0,44,0.0,1670.3999999999999
399056,post_auger15_p1,1.6513,S,0.0,44,0.0,1670.3999999999999
399152,post_auger15_p1,1.6513,S,0.0,44,0.0,1670.3999999999999
399248,post_auger15_p1,1.6513,S,0.0,44,0.0,1670.3999999999999
399344,post_auger15_p1,1.6513,S,0.0,44,0.0,1670.3999999999999
399439,post_auger15_p1,1.6513,S,0.0,44,0.0,1670.3999999999999
399535,post_auger15_p1,1.6513,S,0.0,44,0.0,1670.3999999999999
399631,post_auger15_p1,1.6513,S,0.0,44,0.0,1670.3999999999999
399727,post_auger15_p1,1.6513,S,0.0,44,0.0,1670.3999999999999
399823,post_auger15_p1,1.6513,S,0.0,44,0.0,1670.3999999999999
399917,post_auger15_p1,1.6513,S,0.0,44,0.0,1670.3999999999999
400013,post_auger15_p1,1.6512,S,0.0,44,0.0,1670.3
400108,post_auger15_p1,1.6512,S,0.0,44,0.0,1670.3
400204,post_auger15_p1,1.6512,S,0.0,44,0.0,1670.3
400300,post_auger15_p1,1.6512,S,0.0,44,0.0,1670.3
400396,post_auger15_p1,1.6512,S,0.0,44,0.0,1670.3
400492,post_auger15_p1,1.6512,S,0.0,44,0.0,1670.3
400588,post_auger15_p1,1.6512,S,0.0,44,0.0,1670.3
400684,post_auger15_p1,1.6512,S,0.0,44,0.0,1670.3
400778,post_auger15_p1,1.6512,S,0.0,44,0.0,1670.3
400873,post_auger15_p1,1.6512,S,0.0,44,0.0,1670.3
400969,post_auger15_p1,1.6512,S,0.0,44,0.0,1670.3
401065,post_auger15_p1,1.6512,S,0.0,44,0.0,1670.3
401161,post_auger15_p1,1.6512,S,0.0,44,0.0,1670.3
401256,post_auger15_p1,1.6515,U,0.0,44,0.0,1670.6
401352,post_auger15_p1,1.6516,U,0.0,44,0.0,1670.6999999999998
401448,post_auger15_p1,1.6517,U,0.0,44,0.0,1670.7999999999997
401543,post_auger15_p1,1.6517,U,0.0,44,0.0,1670.7999999999997
401639,post_auger15_p1,1.6518,U,0.0,44,0.0,1670.8999999999999
401733,post_auger15_p1,1.6519,U,0.0,44,0.0,1670.9999999999998
401829,post_auger15_p1,1.652,U,0.0,44,0.0,1671.1
401925,post_auger15_p1,1.6521,U,0.0,44,0.0,1671.1999999999998
402021,post_auger15_p1,1.6522,U,0.0,44,0.0,1671.2999999999997
402116,post_auger15_p1,1.6523,U,0.0,44,0.0,1671.4
402212,post_auger15_p1,1.6523,U,0.0,44,0.0,1671.4
402308,post_auger15_p1,1.6524,U,0.0,44,0.0,1671.5
402404,post_auger15_p1,1.6525,U,0.0,44,0.0,1671.6
402500,post_auger15_p1,1.6525,U,0.0,44,0.0,1671.6
402594,post_auger15_p1,1.6526,U,0.0,44,0.0,1671.7
402689,post_auger15_p1,1.6526,U,0.0,44,0.0,1671.7
402785,post_auger15_p1,1.6526,U,0.0,44,0.0,1671.7
402881,post_auger15_p1,1.6526,S,0.0,44,0.0,1671.7
402977,post_auger15_p1,1.6526,S,0.0,44,0.0,1671.7
403073,post_auger15_p1,1.6526,S,0.0,44,0.0,1671.7
403169,post_auger15_p1,1.6527,S,0.0,44,0.0,1671.8
403265,post_auger15_p1,1.6527,S,0.0,44,0.0,1671.8
403360,post_auger15_p1,1.6527,S,0.0,44,0.0,1671.8
403454,post_auger15_p1,1.6527,S,0.0,44,0.0,1671.8
403550,post_auger15_p1,1.6527,S,0.0,44,0.0,1671.8
403646,post_auger15_p1,1.6526,S,0.0,44,0.0,1671.7
403838,post_auger15_p1,1.6526,S,0.0,44,0.0,1671.7
403933,post_auger15_p1,1.6526,S,0.0,44,0.0,1671.7
404029,post_auger15_p1,1.6526,S,0.0,44,0.0,1671.7
404125,post_auger15_p1,1.6526,S,0.0,44,0.0,1671.7
404221,post_auger15_p1,1.6525,S,0.0,44,0.0,1671.6
404317,post_auger15_p1,1.6525,S,0.0,44,0.0,1671.6
404411,post_auger15_p1,1.6525,S,0.0,44,0.0,1671.6
404507,post_auger15_p1,1.6525,S,0.0,44,0.0,1671.6
404602,post_auger15_p1,1.6525,S,0.0,44,0.0,1671.6
404699,post_auger15_p1,1.6525,S,0.0,44,0.0,1671.6
404794,post_auger15_p1,1.6524,S,0.0,44,0.0,1671.5
404890,post_auger15_p1,1.6524,S,0.0,44,0.0,1671.5
404986,post_auger15_p1,1.6524,S,0.0,44,0.0,1671.5
405082,post_auger15_p1,1.6524,S,0.0,44,0.0,1671.5
405177,post_auger15_p1,1.6522,U,0.0,44,0.0,1671.2999999999997
405271,post_auger15_p1,1.6522,U,0.0,44,0.0,1671.2999999999997
405367,post_auger15_p1,1.6521,U,0.0,44,0.0,1671.1999999999998
405463,auger30_p1,1.6521,U,30.0,44,0.0,1671.1999999999998
405559,auger30_p1,1.6521,U,30.0,44,0.0,1671.1999999999998
405655,auger30_p1,1.652,U,30.0,44,0.0,1671.1
405751,auger30_p1,1.652,U,30.0,44,0.0,1671.1
405846,auger30_p1,1.6519,U,30.0,44,0.0,1670.9999999999998
405942,auger30_p1,1.6519,U,30.0,44,0.0,1670.9999999999998
406038,auger30_p1,1.6517,U,30.0,44,0.0,1670.7999999999997
406132,auger30_p1,1.6516,U,30.0,44,0.0,1670.6999999999998
406227,auger30_p1,1.648,U,30.0,44,0.0,1667.1
406323,auger30_p1,1.6493,U,30.0,44,0.0,1668.3999999999999
406419,auger30_p1,1.6523,U,30.0,44,0.0,1671.4
406515,auger30_p1,1.6679,U,30.0,44,0.0,1686.9999999999998
406611,auger30_p1,1.6862,U,30.0,44,0.0,1705.2999999999997
406707,auger30_p1,1.7055,U,30.0,44,0.0,1724.6
406802,auger30_p1,1.7208,U,30.0,44,0.0,1739.9
406898,auger30_p1,1.7305,U,30.0,44,0.0,1749.6
406994,auger30_p1,1.7362,U,30.0,44,0.0,1755.3
407088,auger30_p1,1.7405,U,30.0,44,0.0,1759.6
407184,auger30_p1,1.7443,U,30.0,44,0.0,1763.3999999999999
407280,auger30_p1,1.7465,U,30.0,44,0.0,1765.6
407376,auger30_p1,1.7467,U,30.0,44,0.0,1765.7999999999997
407471,auger30_p1,1.7471,U,30.0,44,0.0,1766.2
407567,auger30_p1,1.7506,U,30.0,44,0.0,1769.6999999999998
407663,auger30_p1,1.7581,U,30.0,44,0.0,1777.1999999999998
407759,auger30_p1,1.7676,U,30.0,44,0.0,1786.7
407855,auger30_p1,1.7771,U,30.0,44,0.0,1796.1999999999998
407949,auger30_p1,1.787,U,30.0,44,0.0,1806.1
408044,auger30_p1,1.7994,U,30.0,44,0.0,1818.5
408140,auger30_p1,1.8156,U,30.0,44,0.0,1834.7
408236,auger30_p1,1.8347,U,30.0,44,0.0,1853.8
408332,auger30_p1,1.8556,U,30.0,44,0.0,1874.6999999999998
408428,auger30_p1,1.8782,U,30.0,44,0.0,1897.3
408524,auger30_p1,1.9026,U,30.0,44,0.0,1921.7
408619,auger30_p1,1.927,U,30.0,44,0.0,1946.1
408716,auger30_p1,1.9485,U,30.0,44,0.0,1967.5999999999997
408809,auger30_p1,1.9642,U,30.0,44,0.0,1983.2999999999997
408905,auger30_p1,1.9735,U,30.0,44,0.0,1992.6
409001,auger30_p1,1.978,U,30.0,44,0.0,1997.1
409097,auger30_p1,1.9799,U,30.0,44,0.0,1999.0
409193,auger30_p1,1.9812,U,30.0,44,0.0,2000.3000000000002
409288,auger30_p1,1.9827,U,30.0,44,0.0,2001.7999999999997
409384,auger30_p1,1.9847,U,30.0,44,0.0,2003.8
409480,auger30_p1,1.988,U,30.0,44,0.0,2007.1
409576,auger30_p1,1.994,U,30.0,44,0.0,2013.1000000000001
409672,auger30_p1,2.0032,U,30.0,44,0.0,2022.3
409766,auger30_p1,2.014,U,30.0,44,0.0,2033.0999999999997
409861,auger30_p1,2.0246,U,30.0,44,0.0,2043.6999999999998
409957,auger30_p1,2.0346,U,30.0,44,0.0,2053.7000000000003
410053,auger30_p1,2.0459,U,30.0,44,0.0,2065.0
410149,auger30_p1,2.0607,U,30.0,44,0.0,2079.8
410245,auger30_p1,2.0797,U,30.0,44,0.0,2098.7999999999997
410341,auger30_p1,2.1023,U,30.0,44,0.0,2121.4
410437,auger30_p1,2.127,U,30.0,44,0.0,2146.0999999999995
410532,auger30_p1,2.1518,U,30.0,44,0.0,2170.9
410626,auger30_p1,2.1746,U,30.0,44,0.0,2193.7
410722,auger30_p1,2.1936,U,30.0,44,0.0,2212.7
410818,auger30_p1,2.2077,U,30.0,44,0.0,2226.7999999999997
410914,auger30_p1,2.2174,U,30.0,44,0.0,2236.5
411010,auger30_p1,2.2245,U,30.0,44,0.0,2243.6
411105,auger30_p1,2.2308,U,30.0,44,0.0,2249.8999999999996
411201,auger30_p1,2.2367,U,30.0,44,0.0,2255.7999999999997
411297,auger30_p1,2.2408,U,30.0,44,0.0,2259.9
411393,auger30_p1,2.2422,U,30.0,44,0.0,2261.2999999999997
411487,auger30_p1,2.242,U,30.0,44,0.0,2261.1
411583,auger30_p1,2.2429,U,30.0,44,0.0,2262.0
411679,auger30_p1,2.2469,U,30.0,44,0.0,2266.0
411775,auger30_p1,2.2543,U,30.0,44,0.0,2273.4
411870,auger30_p1,2.2649,U,30.0,44,0.0,2284.0
411966,auger30_p1,2.2787,U,30.0,44,0.0,2297.8
412062,auger30_p1,2.2963,U,30.0,44,0.0,2315.4
412158,auger30_p1,2.3169,U,30.0,44,0.0,2336.0
412254,auger30_p1,2.3394,U,30.0,44,0.0,2358.5
412350,auger30_p1,2.3631,U,30.0,44,0.0,2382.2000000000003
412443,auger30_p1,2.388,U,30.0,44,0.0,2407.1
412539,auger30_p1,2.413,U,30.0,44,0.0,2432.1
412635,auger30_p1,2.4356,U,30.0,44,0.0,2454.7
412731,auger30_p1,2.4529,U,30.0,44,0.0,2472.0
412827,auger30_p1,2.4643,U,30.0,44,0.0,2483.4
412923,auger30_p1,2.4714,U,30.0,44,0.0,2490.5
413019,auger30_p1,2.4772,U,30.0,44,0.0,2496.2999999999997
413114,auger30_p1,2.4831,U,30.0,44,0.0,2502.2
413210,auger30_p1,2.4885,U,30.0,44,0.0,2507.6
413304,auger30_p1,2.4922,U,30.0,44,0.0,2511.2999999999997
413400,auger30_p1,2.4942,U,30.0,44,0.0,2513.3
413496,auger30_p1,2.4959,U,30.0,44,0.0,2514.9999999999995
413591,auger30_p1,2.4996,U,30.0,44,0.0,2518.7
413687,auger30_p1,2.5068,U,30.0,44,0.0,2525.9
413783,auger30_p1,2.5168,U,30.0,44,0.0,2535.8999999999996
413879,auger30_p1,2.5289,U,30.0,44,0.0,2548.0
413975,auger30_p1,2.543,U,30.0,44,0.0,2562.1
414071,auger30_p1,2.5594,U,30.0,44,0.0,2578.5
414165,auger30_p1,2.5776,U,30.0,44,0.0,2596.7
414260,auger30_p1,2.5967,U,30.0,44,0.0,2615.7999999999997
414356,auger30_p1,2.6164,U,30.0,44,0.0,2635.5
414452,auger30_p1,2.6373,U,30.0,44,0.0,2656.4
414548,auger30_p1,2.6593,U,30.0,44,0.0,2678.4
414644,auger30_p1,2.6803,U,30.0,44,0.0,2699.3999999999996
414740,auger30_p1,2.6983,U,30.0,44,0.0,2717.4
414836,auger30_p1,2.7123,U,30.0,44,0.0,2731.3999999999996
414931,auger30_p1,2.7219,U,30.0,44,0.0,2741.0
415027,auger30_p1,2.7269,U,30.0,44,0.0,2746.0
415121,auger30_p1,2.7286,U,30.0,44,0.0,2747.7
415228,auger30_p1,2.7295,U,30.0,44,0.0,2748.6
415409,auger30_p1,2.7357,U,30.0,44,0.0,2754.7999999999997
415505,auger30_p1,2.7416,U,30.0,44,0.0,2760.7
415600,auger30_p1,2.7497,U,30.0,44,0.0,2768.7999999999997
415696,auger30_p1,2.7603,U,30.0,44,0.0,2779.4
415792,auger30_p1,2.7726,U,30.0,44,0.0,2791.7000000000003
415888,auger30_p1,2.7859,U,30.0,44,0.0,2804.9999999999995
415981,auger30_p1,2.8,U,30.0,44,0.0,2819.1
416078,auger30_p1,2.8152,U,30.0,44,0.0,2834.2999999999997
416173,auger30_p1,2.8315,U,30.0,44,0.0,2850.6
416269,auger30_p1,2.8492,U,30.0,44,0.0,2868.3
416365,auger30_p1,2.8693,U,30.0,44,0.0,2888.3999999999996
416461,auger30_p1,2.8928,U,30.0,44,0.0,2911.8999999999996
416557,auger30_p1,2.9182,U,30.0,44,0.0,2937.3
416653,auger30_p1,2.9416,U,30.0,44,0.0,2960.7000000000003
416748,auger30_p1,2.9591,U,30.0,44,0.0,2978.2
416842,auger30_p1,2.9709,U,30.0,44,0.0,2989.9999999999995
416938,auger30_p1,2.9795,U,30.0,44,0.0,2998.6
417034,auger30_p1,2.987,U,30.0,44,0.0,3006.1
417130,auger30_p1,2.9925,U,30.0,44,0.0,3011.6
417226,auger30_p1,2.9943,U,30.0,44,0.0,3013.3999999999996
417322,auger30_p1,2.9929,U,30.0,44,0.0,3012.0
417417,auger30_p1,2.9915,U,30.0,44,0.0,3010.6
417513,auger30_p1,2.9939,U,30.0,44,0.0,3013.0
417609,auger30_p1,3.0011,U,30.0,44,0.0,3020.2
417705,auger30_p1,3.0109,U,30.0,44,0.0,3030.0
417799,auger30_p1,3.0213,U,30.0,44,0.0,3040.4
417895,auger30_p1,3.0323,U,30.0,44,0.0,3051.4
417990,auger30_p1,3.0453,U,30.0,44,0.0,3064.4
418086,auger30_p1,3.0618,U,30.0,44,0.0,3080.8999999999996
418182,auger30_p1,3.0823,U,30.0,44,0.0,3101.4
418278,auger30_p1,3.1066,U,30.0,44,0.0,3125.7
418374,auger30_p1,3.1344,U,30.0,44,0.0,3153.4999999999995
418470,auger30_p1,3.1639,U,30.0,44,0.0,3183.0
418566,auger30_p1,3.1925,U,30.0,44,0.0,3211.6
418659,auger30_p1,3.2169,U,30.0,44,0.0,3235.9999999999995
418755,auger30_p1,3.2349,U,30.0,44,0.0,3254.0
418851,auger30_p1,3.2461,U,30.0,44,0.0,3265.2000000000003
418947,auger30_p1,3.251,U,30.0,44,0.0,3270.1
419043,auger30_p1,3.2516,U,30.0,44,0.0,3270.7
419139,auger30_p1,3.2502,U,30.0,44,0.0,3269.2999999999997
419234,auger30_p1,3.249,U,30.0,44,0.0,3268.1
419330,auger30_p1,3.2493,U,30.0,44,0.0,3268.3999999999996
419426,auger30_p1,3.2513,U,30.0,44,0.0,3270.4
419520,auger30_p1,3.2532,U,30.0,44,0.0,3272.3
419616,auger30_p1,3.2614,U,30.0,44,0.0,3280.5
419712,auger30_p1,3.2696,U,30.0,44,0.0,3288.7
419808,auger30_p1,3.2796,U,30.0,44,0.0,3298.7
419903,auger30_p1,3.2914,U,30.0,44,0.0,3310.5
419999,auger30_p1,3.3057,U,30.0,44,0.0,3324.7999999999997
420095,auger30_p1,3.3232,U,30.0,44,0.0,3342.2999999999997
420191,auger30_p1,3.344,U,30.0,44,0.0,3363.1
420287,auger30_p1,3.3677,U,30.0,44,0.0,3386.8
420383,auger30_p1,3.3934,U,30.0,44,0.0,3412.5
420477,post_auger30_p1,3.4198,U,0.0,44,0.0,3438.8999999999996
420572,post_auger30_p1,3.4444,U,0.0,44,0.0,3463.5
420668,post_auger30_p1,3.4644,U,0.0,44,0.0,3483.5
420764,post_auger30_p1,3.4784,U,0.0,44,0.0,3497.5
420860,post_auger30_p1,3.4878,U,0.0,44,0.0,3506.9
420956,post_auger30_p1,3.4952,U,0.0,44,0.0,3514.3
421052,post_auger30_p1,3.5029,U,0.0,44,0.0,3522.0
421147,post_auger30_p1,3.5125,U,0.0,44,0.0,3531.6
421243,post_auger30_p1,3.5239,U,0.0,44,0.0,3542.9999999999995
421337,post_auger30_p1,3.5351,U,0.0,44,0.0,3554.2
421433,post_auger30_p1,3.5436,U,0.0,44,0.0,3562.7
421529,post_auger30_p1,3.5481,U,0.0,44,0.0,3567.2
421625,post_auger30_p1,3.5497,U,0.0,44,0.0,3568.8
421720,post_auger30_p1,3.5499,U,0.0,44,0.0,3569.0
421816,post_auger30_p1,3.5496,U,0.0,44,0.0,3568.7
421912,post_auger30_p1,3.5493,U,0.0,44,0.0,3568.4
422008,post_auger30_p1,3.5492,U,0.0,44,0.0,3568.2999999999997
422104,post_auger30_p1,3.549,U,0.0,44,0.0,3568.1
422198,post_auger30_p1,3.549,U,0.0,44,0.0,3568.1
422294,post_auger30_p1,3.5489,U,0.0,44,0.0,3568.0
422390,post_auger30_p1,3.5489,U,0.0,44,0.0,3568.0
422485,post_auger30_p1,3.5489,U,0.0,44,0.0,3568.0
422581,post_auger30_p1,3.5488,U,0.0,44,0.0,3567.8999999999996
422677,post_auger30_p1,3.5488,U,0.0,44,0.0,3567.8999999999996
422773,post_auger30_p1,3.5488,S,0.0,44,0.0,3567.8999999999996
422869,post_auger30_p1,3.5488,S,0.0,44,0.0,3567.8999999999996
422965,post_auger30_p1,3.5488,S,0.0,44,0.0,3567.8999999999996
423059,post_auger30_p1,3.5488,S,0.0,44,0.0,3567.8999999999996
423154,post_auger30_p1,3.5488,S,0.0,44,0.0,3567.8999999999996
423250,post_auger30_p1,3.5487,S,0.0,44,0.0,3567.8
423346,post_auger30_p1,3.5487,S,0.0,44,0.0,3567.8
423442,post_auger30_p1,3.5488,S,0.0,44,0.0,3567.8999999999996
423538,post_auger30_p1,3.5488,S,0.0,44,0.0,3567.8999999999996
423634,post_auger30_p1,3.5488,S,0.0,44,0.0,3567.8999999999996
423730,post_auger30_p1,3.5488,S,0.0,44,0.0,3567.8999999999996
423826,post_auger30_p1,3.5488,S,0.0,44,0.0,3567.8999999999996
423921,post_auger30_p1,3.5488,S,0.0,44,0.0,3567.8999999999996
424015,post_auger30_p1,3.5488,S,0.0,44,0.0,3567.8999999999996
424111,post_auger30_p1,3.5488,S,0.0,44,0.0,3567.8999999999996
424207,post_auger30_p1,3.5488,S,0.0,44,0.0,3567.8999999999996
424303,post_auger30_p1,3.5488,S,0.0,44,0.0,3567.8999999999996
424399,post_auger30_p1,3.5489,S,0.0,44,0.0,3568.0
424494,post_auger30_p1,3.5489,S,0.0,44,0.0,3568.0
424590,post_auger30_p1,3.5489,S,0.0,44,0.0,3568.0
424686,post_auger30_p1,3.5489,S,0.0,44,0.0,3568.0
424782,post_auger30_p1,3.5489,S,0.0,44,0.0,3568.0
424876,post_auger30_p1,3.5489,S,0.0,44,0.0,3568.0
424972,post_auger30_p1,3.5489,S,0.0,44,0.0,3568.0
425068,post_auger30_p1,3.549,S,0.0,44,0.0,3568.1
425163,post_auger30_p1,3.5492,U,0.0,44,0.0,3568.2999999999997
425259,post_auger30_p1,3.5492,U,0.0,44,0.0,3568.2999999999997
425355,post_auger30_p1,3.5492,U,0.0,44,0.0,3568.2999999999997
425451,post_auger30_p1,3.5493,U,0.0,44,0.0,3568.4
425547,post_auger30_p1,3.5493,U,0.0,44,0.0,3568.4
425643,post_auger30_p1,3.5493,S,0.0,44,0.0,3568.4
425739,post_auger30_p1,3.5494,U,0.0,44,0.0,3568.5
425832,post_auger30_p1,3.5494,U,0.0,44,0.0,3568.5
425928,post_auger30_p1,3.5494,S,0.0,44,0.0,3568.5
426024,post_auger30_p1,3.5495,U,0.0,44,0.0,3568.6
426120,post_auger30_p1,3.5495,U,0.0,44,0.0,3568.6
426216,post_auger30_p1,3.5495,S,0.0,44,0.0,3568.6
426312,post_auger30_p1,3.5495,S,0.0,44,0.0,3568.6
426407,post_auger30_p1,3.5495,S,0.0,44,0.0,3568.6
426503,post_auger30_p1,3.5495,S,0.0,44,0.0,3568.6
426599,post_auger30_p1,3.5496,S,0.0,44,0.0,3568.7
426693,post_auger30_p1,3.5496,S,0.0,44,0.0,3568.7
426789,post_auger30_p1,3.5496,S,0.0,44,0.0,3568.7
426885,post_auger30_p1,3.5496,S,0.0,44,0.0,3568.7
426980,post_auger30_p1,3.5496,S,0.0,44,0.0,3568.7
427082,post_auger30_p1,3.5497,S,0.0,44,0.0,3568.8
427172,post_auger30_p1,3.5497,S,0.0,44,0.0,3568.8
427268,post_auger30_p1,3.5497,S,0.0,44,0.0,3568.8
427364,post_auger30_p1,3.5497,S,0.0,44,0.0,3568.8
427460,post_auger30_p1,3.5497,S,0.0,44,0.0,3568.8
427554,post_auger30_p1,3.5497,S,0.0,44,0.0,3568.8
427649,post_auger30_p1,3.5497,S,0.0,44,0.0,3568.8
427745,post_auger30_p1,3.5497,S,0.0,44,0.0,3568.8
427841,post_auger30_p1,3.5496,S,0.0,44,0.0,3568.7
427937,post_auger30_p1,3.5496,S,0.0,44,0.0,3568.7
428033,post_auger30_p1,3.5496,S,0.0,44,0.0,3568.7
428129,post_auger30_p1,3.5496,S,0.0,44,0.0,3568.7
428225,post_auger30_p1,3.5496,S,0.0,44,0.0,3568.7
428320,post_auger30_p1,3.5496,S,0.0,44,0.0,3568.7
428414,post_auger30_p1,3.5496,S,0.0,44,0.0,3568.7
428510,post_auger30_p1,3.5496,S,0.0,44,0.0,3568.7
428606,post_auger30_p1,3.5496,S,0.0,44,0.0,3568.7
428702,post_auger30_p1,3.5496,S,0.0,44,0.0,3568.7
428798,post_auger30_p1,3.5496,S,0.0,44,0.0,3568.7
428894,post_auger30_p1,3.5496,S,0.0,44,0.0,3568.7
428989,post_auger30_p1,3.5496,S,0.0,44,0.0,3568.7
429085,post_auger30_p1,3.5496,S,0.0,44,0.0,3568.7
429181,post_auger30_p1,3.5496,S,0.0,44,0.0,3568.7
429277,post_auger30_p1,3.5496,S,0.0,44,0.0,3568.7
429371,post_auger30_p1,3.5496,S,0.0,44,0.0,3568.7
429467,post_auger30_p1,3.5496,S,0.0,44,0.0,3568.7
429563,post_auger30_p1,3.5496,S,0.0,44,0.0,3568.7
429659,post_auger30_p1,3.5496,S,0.0,44,0.0,3568.7
429754,post_auger30_p1,3.5496,S,0.0,44,0.0,3568.7
429850,post_auger30_p1,3.5496,S,0.0,44,0.0,3568.7
429946,post_auger30_p1,3.5496,S,0.0,44,0.0,3568.7
430042,post_auger30_p1,3.5496,S,0.0,44,0.0,3568.7
430138,post_auger30_p1,3.5496,S,0.0,44,0.0,3568.7
430232,post_auger30_p1,3.5496,S,0.0,44,0.0,3568.7
430328,post_auger30_p1,3.5496,S,0.0,44,0.0,3568.7
430424,post_auger30_p1,3.5496,S,0.0,44,0.0,3568.7
430519,post_auger30_p1,3.5496,S,0.0,44,0.0,3568.7
430615,post_auger30_p1,3.5496,S,0.0,44,0.0,3568.7
430711,post_auger30_p1,3.5496,S,0.0,44,0.0,3568.7
430807,post_auger30_p1,3.5496,S,0.0,44,0.0,3568.7
430903,post_auger30_p1,3.5496,S,0.0,44,0.0,3568.7
430999,post_auger30_p1,3.5496,S,0.0,44,0.0,3568.7
431093,post_auger30_p1,3.5496,S,0.0,44,0.0,3568.7
431188,post_auger30_p1,3.5496,S,0.0,44,0.0,3568.7
431284,post_auger30_p1,3.5496,S,0.0,44,0.0,3568.7
431380,post_auger30_p1,3.5496,S,0.0,44,0.0,3568.7
431476,post_auger30_p1,3.5496,S,0.0,44,0.0,3568.7
431572,post_auger30_p1,3.5496,S,0.0,44,0.0,3568.7
431668,post_auger30_p1,3.5496,S,0.0,44,0.0,3568.7
431764,post_auger30_p1,3.5496,S,0.0,44,0.0,3568.7
431859,post_auger30_p1,3.5496,S,0.0,44,0.0,3568.7
431955,post_auger30_p1,3.5496,S,0.0,44,0.0,3568.7
432049,post_auger30_p1,3.5496,S,0.0,44,0.0,3568.7
432145,post_auger30_p1,3.5496,S,0.0,44,0.0,3568.7
432241,post_auger30_p1,3.5496,S,0.0,44,0.0,3568.7
432337,post_auger30_p1,3.5496,S,0.0,44,0.0,3568.7
432433,post_auger30_p1,3.5496,S,0.0,44,0.0,3568.7
432528,post_auger30_p1,3.5496,S,0.0,44,0.0,3568.7
432624,post_auger30_p1,3.5496,S,0.0,44,0.0,3568.7
432720,post_auger30_p1,3.5496,S,0.0,44,0.0,3568.7
432815,post_auger30_p1,3.5493,U,0.0,44,0.0,3568.4
432909,post_auger30_p1,3.5493,U,0.0,44,0.0,3568.4
433005,post_auger30_p1,3.5492,U,0.0,44,0.0,3568.2999999999997
433101,post_auger30_p1,3.5492,U,0.0,44,0.0,3568.2999999999997
433197,post_auger30_p1,3.5492,U,0.0,44,0.0,3568.2999999999997
433292,post_auger30_p1,3.5491,U,0.0,44,0.0,3568.2
433388,post_auger30_p1,3.5491,U,0.0,44,0.0,3568.2
433484,post_auger30_p1,3.5491,S,0.0,44,0.0,3568.2
433580,post_auger30_p1,3.5491,S,0.0,44,0.0,3568.2
433676,post_auger30_p1,3.5491,S,0.0,44,0.0,3568.2
433769,post_auger30_p1,3.549,S,0.0,44,0.0,3568.1
433865,post_auger30_p1,3.549,S,0.0,44,0.0,3568.1
433961,post_auger30_p1,3.549,S,0.0,44,0.0,3568.1
434057,post_auger30_p1,3.549,S,0.0,44,0.0,3568.1
434153,post_auger30_p1,3.549,S,0.0,44,0.0,3568.1
434249,post_auger30_p1,3.549,S,0.0,44,0.0,3568.1
434344,post_auger30_p1,3.549,S,0.0,44,0.0,3568.1
434440,post_auger30_p1,3.549,S,0.0,44,0.0,3568.1
434536,post_auger30_p1,3.549,S,0.0,44,0.0,3568.1
434632,post_auger30_p1,3.549,S,0.0,44,0.0,3568.1
434726,post_auger30_p1,3.5491,S,0.0,44,0.0,3568.2
434822,post_auger30_p1,3.5491,S,0.0,44,0.0,3568.2
434918,post_auger30_p1,3.5491,S,0.0,44,0.0,3568.2
435014,post_auger30_p1,3.5491,S,0.0,44,0.0,3568.2
435109,post_auger30_p1,3.5491,S,0.0,44,0.0,3568.2
435205,post_auger30_p1,3.5491,S,0.0,44,0.0,3568.2
435301,post_auger30_p1,3.5491,S,0.0,44,0.0,3568.2
435397,post_auger30_p1,3.5491,S,0.0,44,0.0,3568.2
435493,auger55_p1,3.5491,S,55.0,44,0.0,3568.2
435587,auger55_p1,3.5491,S,55.0,44,0.0,3568.2
435683,auger55_p1,3.5492,S,55.0,44,0.0,3568.2999999999997
435779,auger55_p1,3.5492,S,55.0,44,0.0,3568.2999999999997
435874,auger55_p1,3.5492,S,55.0,44,0.0,3568.2999999999997
435970,auger55_p1,3.5492,S,55.0,44,0.0,3568.2999999999997
436065,auger55_p1,3.5443,U,55.0,44,0.0,3563.3999999999996
436161,auger55_p1,3.5387,U,55.0,44,0.0,3557.7999999999997
436257,auger55_p1,3.5314,U,55.0,44,0.0,3550.5
436353,auger55_p1,3.5243,U,55.0,44,0.0,3543.4
436447,auger55_p1,3.5203,U,55.0,44,0.0,3539.4
436543,auger55_p1,3.5218,U,55.0,44,0.0,3540.8999999999996
436638,auger55_p1,3.5302,U,55.0,44,0.0,3549.2999999999997
436734,auger55_p1,3.5449,U,55.0,44,0.0,3564.0
436830,auger55_p1,3.5654,U,55.0,44,0.0,3584.5
436926,auger55_p1,3.5912,U,55.0,44,0.0,3610.3
437022,auger55_p1,3.6206,U,55.0,44,0.0,3639.7
437118,auger55_p1,3.6484,U,55.0,44,0.0,3667.5
437213,auger55_p1,3.6686,U,55.0,44,0.0,3687.7
437309,auger55_p1,3.6799,U,55.0,44,0.0,3699.0
437403,auger55_p1,3.6857,U,55.0,44,0.0,3704.8
437499,auger55_p1,3.6915,U,55.0,44,0.0,3710.6
437595,auger55_p1,3.7012,U,55.0,44,0.0,3720.2999999999997
437691,auger55_p1,3.7159,U,55.0,44,0.0,3735.0
437787,auger55_p1,3.735,U,55.0,44,0.0,3754.1
437882,auger55_p1,3.7582,U,55.0,44,0.0,3777.2999999999997
437978,auger55_p1,3.7859,U,55.0,44,0.0,3804.9999999999995
438074,auger55_p1,3.8171,U,55.0,44,0.0,3836.2
438170,auger55_p1,3.8478,U,55.0,44,0.0,3866.8999999999996
438264,auger55_p1,3.8728,U,55.0,44,0.0,3891.8999999999996
438360,auger55_p1,3.889,U,55.0,44,0.0,3908.1
438455,auger55_p1,3.8973,U,55.0,44,0.0,3916.4
438551,auger55_p1,3.9017,U,55.0,44,0.0,3920.7999999999997
438647,auger55_p1,3.9071,U,55.0,44,0.0,3926.2
438743,auger55_p1,3.9172,U,55.0,44,0.0,3936.2999999999997
438839,auger55_p1,3.9335,U,55.0,44,0.0,3952.6
438941,auger55_p1,3.9555,U,55.0,44,0.0,3974.6
439031,auger55_p1,3.9814,U,55.0,44,0.0,4000.4999999999995
439124,auger55_p1,4.0092,U,55.0,44,0.0,4028.2999999999997
439220,auger55_p1,4.0369,U,55.0,44,0.0,4056.0
439316,auger55_p1,4.0621,U,55.0,44,0.0,4081.2
439412,auger55_p1,4.0832,U,55.0,44,0.0,4102.299999999999
439507,auger55_p1,4.1,U,55.0,44,0.0,4119.099999999999
439604,auger55_p1,4.1128,U,55.0,44,0.0,4131.9
439699,auger55_p1,4.1226,U,55.0,44,0.0,4141.7
439795,auger55_p1,4.1306,U,55.0,44,0.0,4149.7
439891,auger55_p1,4.1398,U,55.0,44,0.0,4158.9
439987,auger55_p1,4.1539,U,55.0,44,0.0,4173.0
440081,auger55_p1,4.1757,U,55.0,44,0.0,4194.8
440177,auger55_p1,4.2055,U,55.0,44,0.0,4224.599999999999
440272,auger55_p1,4.2403,U,55.0,44,0.0,4259.400000000001
440368,auger55_p1,4.2752,U,55.0,44,0.0,4294.3
440464,auger55_p1,4.3045,U,55.0,44,0.0,4323.599999999999
440560,auger55_p1,4.3252,U,55.0,44,0.0,4344.299999999999
440656,auger55_p1,4.3373,U,55.0,44,0.0,4356.4
440752,auger55_p1,4.3433,U,55.0,44,0.0,4362.4
440848,auger55_p1,4.3476,U,55.0,44,0.0,4366.7
440941,auger55_p1,4.3548,U,55.0,44,0.0,4373.9
441037,auger55_p1,4.368,U,55.0,44,0.0,4387.1
441133,auger55_p1,4.3878,U,55.0,44,0.0,4406.900000000001
441229,auger55_p1,4.4131,U,55.0,44,0.0,4432.2
441325,auger55_p1,4.442,U,55.0,44,0.0,4461.1
441421,auger55_p1,4.4718,U,55.0,44,0.0,4490.9
441516,auger55_p1,4.4984,U,55.0,44,0.0,4517.5
441613,auger55_p1,4.5182,U,55.0,44,0.0,4537.3
441708,auger55_p1,4.5302,U,55.0,44,0.0,4549.299999999999
441802,auger55_p1,4.5366,U,55.0,44,0.0,4555.7
441898,auger55_p1,4.5418,U,55.0,44,0.0,4560.900000000001
441994,auger55_p1,4.5509,U,55.0,44,0.0,4570.0
442090,auger55_p1,4.5674,U,55.0,44,0.0,4586.5
442185,auger55_p1,4.5913,U,55.0,44,0.0,4610.400000000001
442281,auger55_p1,4.6202,U,55.0,44,0.0,4639.299999999999
442377,auger55_p1,4.6512,U,55.0,44,0.0,4670.3
442473,auger55_p1,4.6818,U,55.0,44,0.0,4700.9
442569,auger55_p1,4.7083,U,55.0,44,0.0,4727.400000000001
442665,auger55_p1,4.727,U,55.0,44,0.0,4746.1
442759,auger55_p1,4.7372,U,55.0,44,0.0,4756.299999999999
442854,auger55_p1,4.7417,U,55.0,44,0.0,4760.799999999999
442950,auger55_p1,4.7448,U,55.0,44,0.0,4763.9
443046,auger55_p1,4.7494,U,55.0,44,0.0,4768.499999999999
443142,auger55_p1,4.7574,U,55.0,44,0.0,4776.499999999999
443238,auger55_p1,4.7711,U,55.0,44,0.0,4790.2
443334,auger55_p1,4.7934,U,55.0,44,0.0,4812.5
443430,auger55_p1,4.8245,U,55.0,44,0.0,4843.599999999999
443525,auger55_p1,4.8603,U,55.0,44,0.0,4879.4
443619,auger55_p1,4.8933,U,55.0,44,0.0,4912.4
443715,auger55_p1,4.9171,U,55.0,44,0.0,4936.2
443811,auger55_p1,4.9305,U,55.0,44,0.0,4949.6
443907,auger55_p1,4.9375,U,55.0,44,0.0,4956.599999999999
444003,auger55_p1,4.9429,U,55.0,44,0.0,4962.0
444098,auger55_p1,4.9498,U,55.0,44,0.0,4968.9
444194,auger55_p1,4.9596,U,55.0,44,0.0,4978.7
444290,auger55_p1,4.9743,U,55.0,44,0.0,4993.400000000001
444386,auger55_p1,4.9949,U,55.0,44,0.0,5014.0
