ISO-10303-21;
HEADER;
FILE_DESCRIPTION(('Open CASCADE Model'),'2;1');
FILE_NAME('Open CASCADE Shape Model','2026-10-10T06:52:52',('Author'),(
    'Open CASCADE'),'Open CASCADE STEP processor 7.9','Open CASCADE 7.9'
  ,'Unknown');
FILE_SCHEMA(('AUTOMOTIVE_DESIGN { 1 0 10303 214 1 1 1 1 }'));
ENDSEC;
DATA;
#1 = APPLICATION_PROTOCOL_DEFINITION('international standard',
  'automotive_design',2000,#2);
#2 = APPLICATION_CONTEXT(
  'core data for automotive mechanical design processes');
#3 = SHAPE_DEFINITION_REPRESENTATION(#4,#10);
#4 = PRODUCT_DEFINITION_SHAPE('','',#5);
#5 = PRODUCT_DEFINITION('design','',#6,#9);
#6 = PRODUCT_DEFINITION_FORMATION('','',#7);
#7 = PRODUCT('Open CASCADE STEP translator 7.9 37',
  'Open CASCADE STEP translator 7.9 37','',(#8));
#8 = PRODUCT_CONTEXT('',#2,'mechanical');
#9 = PRODUCT_DEFINITION_CONTEXT('part definition',#2,'design');
#10 = ADVANCED_BREP_SHAPE_REPRESENTATION('',(#11,#15),#10694);
#11 = AXIS2_PLACEMENT_3D('',#12,#13,#14);
#12 = CARTESIAN_POINT('',(0.,0.,0.));
#13 = DIRECTION('',(0.,0.,1.));
#14 = DIRECTION('',(1.,0.,-0.));
#15 = MANIFOLD_SOLID_BREP('',#16);
#16 = CLOSED_SHELL('',(#17,#139,#215,#291,#369,#445,#521,#599,#675,#751,
    #829,#905,#981,#1059,#1135,#1211,#1289,#1365,#1441,#1519,#1595,#1671
    ,#1749,#1825,#1901,#1979,#2055,#2131,#2209,#2285,#2361,#2439,#2515,
    #2591,#2669,#2745,#2821,#2899,#2975,#3051,#3129,#3205,#3281,#3359,
    #3435,#3511,#3589,#3665,#3741,#3819,#3895,#3971,#4049,#4125,#4201,
    #4279,#4355,#4431,#4509,#4585,#4661,#4739,#4815,#4891,#4969,#5045,
    #5121,#5199,#5275,#5351,#5429,#5505,#5581,#5659,#5735,#5811,#5889,
    #5965,#6041,#6119,#6195,#6271,#6349,#6425,#6501,#6579,#6655,#6731,
    #6809,#6885,#6961,#7039,#7115,#7191,#7269,#7345,#7421,#7499,#7575,
    #7651,#7729,#7805,#7881,#7959,#8035,#8111,#8189,#8265,#8341,#8419,
    #8495,#8571,#8649,#8720,#8970,#9042,#9145,#9618,#10024,#10482,#10509
    ,#10534,#10547,#10574));
#17 = ADVANCED_FACE('',(#18),#33,.T.);
#18 = FACE_BOUND('',#19,.F.);
#19 = EDGE_LOOP('',(#20,#56,#84,#113));
#20 = ORIENTED_EDGE('',*,*,#21,.F.);
#21 = EDGE_CURVE('',#22,#24,#26,.T.);
#22 = VERTEX_POINT('',#23);
#23 = CARTESIAN_POINT('',(31.221146654915,3.324026247677,-2.135));
#24 = VERTEX_POINT('',#25);
#25 = CARTESIAN_POINT('',(30.608808370126,6.993568409894,-2.135));
#26 = SURFACE_CURVE('',#27,(#32,#44),.PCURVE_S1.);
#27 = CIRCLE('',#28,31.397597821218);
#28 = AXIS2_PLACEMENT_3D('',#29,#30,#31);
#29 = CARTESIAN_POINT('',(0.,0.,-2.135));
#30 = DIRECTION('',(0.,0.,1.));
#31 = DIRECTION('',(1.,0.,0.));
#32 = PCURVE('',#33,#38);
#33 = CYLINDRICAL_SURFACE('',#34,31.397597821218);
#34 = AXIS2_PLACEMENT_3D('',#35,#36,#37);
#35 = CARTESIAN_POINT('',(0.,0.,-2.135));
#36 = DIRECTION('',(-0.,-0.,-1.));
#37 = DIRECTION('',(1.,0.,0.));
#38 = DEFINITIONAL_REPRESENTATION('',(#39),#43);
#39 = LINE('',#40,#41);
#40 = CARTESIAN_POINT('',(-0.,0.));
#41 = VECTOR('',#42,1.);
#42 = DIRECTION('',(-1.,0.));
#43 = ( GEOMETRIC_REPRESENTATION_CONTEXT(2) 
PARAMETRIC_REPRESENTATION_CONTEXT() REPRESENTATION_CONTEXT('2D SPACE',''
  ) );
#44 = PCURVE('',#45,#50);
#45 = PLANE('',#46);
#46 = AXIS2_PLACEMENT_3D('',#47,#48,#49);
#47 = CARTESIAN_POINT('',(-2.090514272322E-15,2.899329622222E-15,-2.135)
  );
#48 = DIRECTION('',(0.,0.,1.));
#49 = DIRECTION('',(1.,0.,-0.));
#50 = DEFINITIONAL_REPRESENTATION('',(#51),#55);
#51 = CIRCLE('',#52,31.397597821218);
#52 = AXIS2_PLACEMENT_2D('',#53,#54);
#53 = CARTESIAN_POINT('',(2.090514272322E-15,-2.899329622222E-15));
#54 = DIRECTION('',(1.,0.));
#55 = ( GEOMETRIC_REPRESENTATION_CONTEXT(2) 
PARAMETRIC_REPRESENTATION_CONTEXT() REPRESENTATION_CONTEXT('2D SPACE',''
  ) );
#56 = ORIENTED_EDGE('',*,*,#57,.F.);
#57 = EDGE_CURVE('',#58,#22,#60,.T.);
#58 = VERTEX_POINT('',#59);
#59 = CARTESIAN_POINT('',(31.221146654915,3.324026247677,2.135));
#60 = SURFACE_CURVE('',#61,(#65,#72),.PCURVE_S1.);
#61 = LINE('',#62,#63);
#62 = CARTESIAN_POINT('',(31.221146654915,3.324026247678,-2.135));
#63 = VECTOR('',#64,1.);
#64 = DIRECTION('',(-0.,-0.,-1.));
#65 = PCURVE('',#33,#66);
#66 = DEFINITIONAL_REPRESENTATION('',(#67),#71);
#67 = LINE('',#68,#69);
#68 = CARTESIAN_POINT('',(-0.106067578474,0.));
#69 = VECTOR('',#70,1.);
#70 = DIRECTION('',(-0.,1.));
#71 = ( GEOMETRIC_REPRESENTATION_CONTEXT(2) 
PARAMETRIC_REPRESENTATION_CONTEXT() REPRESENTATION_CONTEXT('2D SPACE',''
  ) );
#72 = PCURVE('',#73,#78);
#73 = PLANE('',#74);
#74 = AXIS2_PLACEMENT_3D('',#75,#76,#77);
#75 = CARTESIAN_POINT('',(34.397597821218,4.260866356,-2.135));
#76 = DIRECTION('',(0.282885982785,-0.959153543883,0.));
#77 = DIRECTION('',(-0.959153543883,-0.282885982785,0.));
#78 = DEFINITIONAL_REPRESENTATION('',(#79),#83);
#79 = LINE('',#80,#81);
#80 = CARTESIAN_POINT('',(3.311723327887,-0.));
#81 = VECTOR('',#82,1.);
#82 = DIRECTION('',(0.,1.));
#83 = ( GEOMETRIC_REPRESENTATION_CONTEXT(2) 
PARAMETRIC_REPRESENTATION_CONTEXT() REPRESENTATION_CONTEXT('2D SPACE',''
  ) );
#84 = ORIENTED_EDGE('',*,*,#85,.T.);
#85 = EDGE_CURVE('',#58,#86,#88,.T.);
#86 = VERTEX_POINT('',#87);
#87 = CARTESIAN_POINT('',(30.608808370126,6.993568409894,2.135));
#88 = SURFACE_CURVE('',#89,(#94,#101),.PCURVE_S1.);
#89 = CIRCLE('',#90,31.397597821218);
#90 = AXIS2_PLACEMENT_3D('',#91,#92,#93);
#91 = CARTESIAN_POINT('',(0.,0.,2.135));
#92 = DIRECTION('',(0.,0.,1.));
#93 = DIRECTION('',(1.,0.,0.));
#94 = PCURVE('',#33,#95);
#95 = DEFINITIONAL_REPRESENTATION('',(#96),#100);
#96 = LINE('',#97,#98);
#97 = CARTESIAN_POINT('',(-0.,-4.27));
#98 = VECTOR('',#99,1.);
#99 = DIRECTION('',(-1.,0.));
#100 = ( GEOMETRIC_REPRESENTATION_CONTEXT(2) 
PARAMETRIC_REPRESENTATION_CONTEXT() REPRESENTATION_CONTEXT('2D SPACE',''
  ) );
#101 = PCURVE('',#102,#107);
#102 = PLANE('',#103);
#103 = AXIS2_PLACEMENT_3D('',#104,#105,#106);
#104 = CARTESIAN_POINT('',(-2.090514272322E-15,2.899329622222E-15,2.135)
  );
#105 = DIRECTION('',(0.,0.,1.));
#106 = DIRECTION('',(1.,0.,-0.));
#107 = DEFINITIONAL_REPRESENTATION('',(#108),#112);
#108 = CIRCLE('',#109,31.397597821218);
#109 = AXIS2_PLACEMENT_2D('',#110,#111);
#110 = CARTESIAN_POINT('',(2.090514272322E-15,-2.899329622222E-15));
#111 = DIRECTION('',(1.,0.));
#112 = ( GEOMETRIC_REPRESENTATION_CONTEXT(2) 
PARAMETRIC_REPRESENTATION_CONTEXT() REPRESENTATION_CONTEXT('2D SPACE',''
  ) );
#113 = ORIENTED_EDGE('',*,*,#114,.T.);
#114 = EDGE_CURVE('',#86,#24,#115,.T.);
#115 = SURFACE_CURVE('',#116,(#120,#127),.PCURVE_S1.);
#116 = LINE('',#117,#118);
#117 = CARTESIAN_POINT('',(30.608808370126,6.993568409893,-2.135));
#118 = VECTOR('',#119,1.);
#119 = DIRECTION('',(-0.,-0.,-1.));
#120 = PCURVE('',#33,#121);
#121 = DEFINITIONAL_REPRESENTATION('',(#122),#126);
#122 = LINE('',#123,#124);
#123 = CARTESIAN_POINT('',(-0.224626385062,0.));
#124 = VECTOR('',#125,1.);
#125 = DIRECTION('',(-0.,1.));
#126 = ( GEOMETRIC_REPRESENTATION_CONTEXT(2) 
PARAMETRIC_REPRESENTATION_CONTEXT() REPRESENTATION_CONTEXT('2D SPACE',''
  ) );
#127 = PCURVE('',#128,#133);
#128 = PLANE('',#129);
#129 = AXIS2_PLACEMENT_3D('',#130,#131,#132);
#130 = CARTESIAN_POINT('',(28.019001816494,6.879822792996,-2.135));
#131 = DIRECTION('',(-4.387820663083E-02,0.999036887699,0.));
#132 = DIRECTION('',(0.999036887699,4.387820663083E-02,0.));
#133 = DEFINITIONAL_REPRESENTATION('',(#134),#138);
#134 = LINE('',#135,#136);
#135 = CARTESIAN_POINT('',(2.592303232764,0.));
#136 = VECTOR('',#137,1.);
#137 = DIRECTION('',(0.,1.));
#138 = ( GEOMETRIC_REPRESENTATION_CONTEXT(2) 
PARAMETRIC_REPRESENTATION_CONTEXT() REPRESENTATION_CONTEXT('2D SPACE',''
  ) );
#139 = ADVANCED_FACE('',(#140),#73,.T.);
#140 = FACE_BOUND('',#141,.T.);
#141 = EDGE_LOOP('',(#142,#165,#166,#189));
#142 = ORIENTED_EDGE('',*,*,#143,.F.);
#143 = EDGE_CURVE('',#22,#144,#146,.T.);
#144 = VERTEX_POINT('',#145);
#145 = CARTESIAN_POINT('',(28.73472982239,2.5907,-2.135));
#146 = SURFACE_CURVE('',#147,(#151,#158),.PCURVE_S1.);
#147 = LINE('',#148,#149);
#148 = CARTESIAN_POINT('',(34.397597821218,4.260866356,-2.135));
#149 = VECTOR('',#150,1.);
#150 = DIRECTION('',(-0.959153543883,-0.282885982785,0.));
#151 = PCURVE('',#73,#152);
#152 = DEFINITIONAL_REPRESENTATION('',(#153),#157);
#153 = LINE('',#154,#155);
#154 = CARTESIAN_POINT('',(0.,0.));
#155 = VECTOR('',#156,1.);
#156 = DIRECTION('',(1.,-0.));
#157 = ( GEOMETRIC_REPRESENTATION_CONTEXT(2) 
PARAMETRIC_REPRESENTATION_CONTEXT() REPRESENTATION_CONTEXT('2D SPACE',''
  ) );
#158 = PCURVE('',#45,#159);
#159 = DEFINITIONAL_REPRESENTATION('',(#160),#164);
#160 = LINE('',#161,#162);
#161 = CARTESIAN_POINT('',(34.397597821218,4.260866356));
#162 = VECTOR('',#163,1.);
#163 = DIRECTION('',(-0.959153543883,-0.282885982785));
#164 = ( GEOMETRIC_REPRESENTATION_CONTEXT(2) 
PARAMETRIC_REPRESENTATION_CONTEXT() REPRESENTATION_CONTEXT('2D SPACE',''
  ) );
#165 = ORIENTED_EDGE('',*,*,#57,.F.);
#166 = ORIENTED_EDGE('',*,*,#167,.T.);
#167 = EDGE_CURVE('',#58,#168,#170,.T.);
#168 = VERTEX_POINT('',#169);
#169 = CARTESIAN_POINT('',(28.73472982239,2.5907,2.135));
#170 = SURFACE_CURVE('',#171,(#175,#182),.PCURVE_S1.);
#171 = LINE('',#172,#173);
#172 = CARTESIAN_POINT('',(34.397597821218,4.260866356,2.135));
#173 = VECTOR('',#174,1.);
#174 = DIRECTION('',(-0.959153543883,-0.282885982785,0.));
#175 = PCURVE('',#73,#176);
#176 = DEFINITIONAL_REPRESENTATION('',(#177),#181);
#177 = LINE('',#178,#179);
#178 = CARTESIAN_POINT('',(0.,-4.27));
#179 = VECTOR('',#180,1.);
#180 = DIRECTION('',(1.,-0.));
#181 = ( GEOMETRIC_REPRESENTATION_CONTEXT(2) 
PARAMETRIC_REPRESENTATION_CONTEXT() REPRESENTATION_CONTEXT('2D SPACE',''
  ) );
#182 = PCURVE('',#102,#183);
#183 = DEFINITIONAL_REPRESENTATION('',(#184),#188);
#184 = LINE('',#185,#186);
#185 = CARTESIAN_POINT('',(34.397597821218,4.260866356));
#186 = VECTOR('',#187,1.);
#187 = DIRECTION('',(-0.959153543883,-0.282885982785));
#188 = ( GEOMETRIC_REPRESENTATION_CONTEXT(2) 
PARAMETRIC_REPRESENTATION_CONTEXT() REPRESENTATION_CONTEXT('2D SPACE',''
  ) );
#189 = ORIENTED_EDGE('',*,*,#190,.F.);
#190 = EDGE_CURVE('',#144,#168,#191,.T.);
#191 = SURFACE_CURVE('',#192,(#196,#203),.PCURVE_S1.);
#192 = LINE('',#193,#194);
#193 = CARTESIAN_POINT('',(28.73472982239,2.5907,-2.135));
#194 = VECTOR('',#195,1.);
#195 = DIRECTION('',(0.,0.,1.));
#196 = PCURVE('',#73,#197);
#197 = DEFINITIONAL_REPRESENTATION('',(#198),#202);
#198 = LINE('',#199,#200);
#199 = CARTESIAN_POINT('',(5.904026560651,-0.));
#200 = VECTOR('',#201,1.);
#201 = DIRECTION('',(0.,-1.));
#202 = ( GEOMETRIC_REPRESENTATION_CONTEXT(2) 
PARAMETRIC_REPRESENTATION_CONTEXT() REPRESENTATION_CONTEXT('2D SPACE',''
  ) );
#203 = PCURVE('',#204,#209);
#204 = PLANE('',#205);
#205 = AXIS2_PLACEMENT_3D('',#206,#207,#208);
#206 = CARTESIAN_POINT('',(28.73472982239,2.5907,-2.135));
#207 = DIRECTION('',(1.,0.,0.));
#208 = DIRECTION('',(0.,-1.,0.));
#209 = DEFINITIONAL_REPRESENTATION('',(#210),#214);
#210 = LINE('',#211,#212);
#211 = CARTESIAN_POINT('',(0.,0.));
#212 = VECTOR('',#213,1.);
#213 = DIRECTION('',(0.,-1.));
#214 = ( GEOMETRIC_REPRESENTATION_CONTEXT(2) 
PARAMETRIC_REPRESENTATION_CONTEXT() REPRESENTATION_CONTEXT('2D SPACE',''
  ) );
#215 = ADVANCED_FACE('',(#216),#204,.T.);
#216 = FACE_BOUND('',#217,.T.);
#217 = EDGE_LOOP('',(#218,#241,#242,#265));
#218 = ORIENTED_EDGE('',*,*,#219,.F.);
#219 = EDGE_CURVE('',#144,#220,#222,.T.);
#220 = VERTEX_POINT('',#221);
#221 = CARTESIAN_POINT('',(28.73472982239,2.582968542201,-2.135));
#222 = SURFACE_CURVE('',#223,(#227,#234),.PCURVE_S1.);
#223 = LINE('',#224,#225);
#224 = CARTESIAN_POINT('',(28.73472982239,2.5907,-2.135));
#225 = VECTOR('',#226,1.);
#226 = DIRECTION('',(0.,-1.,0.));
#227 = PCURVE('',#204,#228);
#228 = DEFINITIONAL_REPRESENTATION('',(#229),#233);
#229 = LINE('',#230,#231);
#230 = CARTESIAN_POINT('',(0.,0.));
#231 = VECTOR('',#232,1.);
#232 = DIRECTION('',(1.,0.));
#233 = ( GEOMETRIC_REPRESENTATION_CONTEXT(2) 
PARAMETRIC_REPRESENTATION_CONTEXT() REPRESENTATION_CONTEXT('2D SPACE',''
  ) );
#234 = PCURVE('',#45,#235);
#235 = DEFINITIONAL_REPRESENTATION('',(#236),#240);
#236 = LINE('',#237,#238);
#237 = CARTESIAN_POINT('',(28.73472982239,2.5907));
#238 = VECTOR('',#239,1.);
#239 = DIRECTION('',(0.,-1.));
#240 = ( GEOMETRIC_REPRESENTATION_CONTEXT(2) 
PARAMETRIC_REPRESENTATION_CONTEXT() REPRESENTATION_CONTEXT('2D SPACE',''
  ) );
#241 = ORIENTED_EDGE('',*,*,#190,.T.);
#242 = ORIENTED_EDGE('',*,*,#243,.T.);
#243 = EDGE_CURVE('',#168,#244,#246,.T.);
#244 = VERTEX_POINT('',#245);
#245 = CARTESIAN_POINT('',(28.73472982239,2.582968542201,2.135));
#246 = SURFACE_CURVE('',#247,(#251,#258),.PCURVE_S1.);
#247 = LINE('',#248,#249);
#248 = CARTESIAN_POINT('',(28.73472982239,2.5907,2.135));
#249 = VECTOR('',#250,1.);
#250 = DIRECTION('',(0.,-1.,0.));
#251 = PCURVE('',#204,#252);
#252 = DEFINITIONAL_REPRESENTATION('',(#253),#257);
#253 = LINE('',#254,#255);
#254 = CARTESIAN_POINT('',(0.,-4.27));
#255 = VECTOR('',#256,1.);
#256 = DIRECTION('',(1.,0.));
#257 = ( GEOMETRIC_REPRESENTATION_CONTEXT(2) 
PARAMETRIC_REPRESENTATION_CONTEXT() REPRESENTATION_CONTEXT('2D SPACE',''
  ) );
#258 = PCURVE('',#102,#259);
#259 = DEFINITIONAL_REPRESENTATION('',(#260),#264);
#260 = LINE('',#261,#262);
#261 = CARTESIAN_POINT('',(28.73472982239,2.5907));
#262 = VECTOR('',#263,1.);
#263 = DIRECTION('',(0.,-1.));
#264 = ( GEOMETRIC_REPRESENTATION_CONTEXT(2) 
PARAMETRIC_REPRESENTATION_CONTEXT() REPRESENTATION_CONTEXT('2D SPACE',''
  ) );
#265 = ORIENTED_EDGE('',*,*,#266,.T.);
#266 = EDGE_CURVE('',#244,#220,#267,.T.);
#267 = SURFACE_CURVE('',#268,(#272,#279),.PCURVE_S1.);
#268 = LINE('',#269,#270);
#269 = CARTESIAN_POINT('',(28.73472982239,2.582968542201,-2.135));
#270 = VECTOR('',#271,1.);
#271 = DIRECTION('',(-0.,-0.,-1.));
#272 = PCURVE('',#204,#273);
#273 = DEFINITIONAL_REPRESENTATION('',(#274),#278);
#274 = LINE('',#275,#276);
#275 = CARTESIAN_POINT('',(7.731457798992E-03,0.));
#276 = VECTOR('',#277,1.);
#277 = DIRECTION('',(0.,1.));
#278 = ( GEOMETRIC_REPRESENTATION_CONTEXT(2) 
PARAMETRIC_REPRESENTATION_CONTEXT() REPRESENTATION_CONTEXT('2D SPACE',''
  ) );
#279 = PCURVE('',#280,#285);
#280 = CYLINDRICAL_SURFACE('',#281,2.5907);
#281 = AXIS2_PLACEMENT_3D('',#282,#283,#284);
#282 = CARTESIAN_POINT('',(28.93472982239,0.,-2.135));
#283 = DIRECTION('',(-0.,-0.,-1.));
#284 = DIRECTION('',(1.,0.,0.));
#285 = DEFINITIONAL_REPRESENTATION('',(#286),#290);
#286 = LINE('',#287,#288);
#287 = CARTESIAN_POINT('',(-1.648072426672,0.));
#288 = VECTOR('',#289,1.);
#289 = DIRECTION('',(-0.,1.));
#290 = ( GEOMETRIC_REPRESENTATION_CONTEXT(2) 
PARAMETRIC_REPRESENTATION_CONTEXT() REPRESENTATION_CONTEXT('2D SPACE',''
  ) );
#291 = ADVANCED_FACE('',(#292),#280,.F.);
#292 = FACE_BOUND('',#293,.T.);
#293 = EDGE_LOOP('',(#294,#318,#319,#343));
#294 = ORIENTED_EDGE('',*,*,#295,.F.);
#295 = EDGE_CURVE('',#220,#296,#298,.T.);
#296 = VERTEX_POINT('',#297);
#297 = CARTESIAN_POINT('',(28.73472982239,-2.582968542201,-2.135));
#298 = SURFACE_CURVE('',#299,(#304,#311),.PCURVE_S1.);
#299 = CIRCLE('',#300,2.5907);
#300 = AXIS2_PLACEMENT_3D('',#301,#302,#303);
#301 = CARTESIAN_POINT('',(28.93472982239,0.,-2.135));
#302 = DIRECTION('',(0.,0.,1.));
#303 = DIRECTION('',(1.,0.,0.));
#304 = PCURVE('',#280,#305);
#305 = DEFINITIONAL_REPRESENTATION('',(#306),#310);
#306 = LINE('',#307,#308);
#307 = CARTESIAN_POINT('',(-0.,0.));
#308 = VECTOR('',#309,1.);
#309 = DIRECTION('',(-1.,0.));
#310 = ( GEOMETRIC_REPRESENTATION_CONTEXT(2) 
PARAMETRIC_REPRESENTATION_CONTEXT() REPRESENTATION_CONTEXT('2D SPACE',''
  ) );
#311 = PCURVE('',#45,#312);
#312 = DEFINITIONAL_REPRESENTATION('',(#313),#317);
#313 = CIRCLE('',#314,2.5907);
#314 = AXIS2_PLACEMENT_2D('',#315,#316);
#315 = CARTESIAN_POINT('',(28.93472982239,-2.899329622222E-15));
#316 = DIRECTION('',(1.,0.));
#317 = ( GEOMETRIC_REPRESENTATION_CONTEXT(2) 
PARAMETRIC_REPRESENTATION_CONTEXT() REPRESENTATION_CONTEXT('2D SPACE',''
  ) );
#318 = ORIENTED_EDGE('',*,*,#266,.F.);
#319 = ORIENTED_EDGE('',*,*,#320,.T.);
#320 = EDGE_CURVE('',#244,#321,#323,.T.);
#321 = VERTEX_POINT('',#322);
#322 = CARTESIAN_POINT('',(28.73472982239,-2.582968542201,2.135));
#323 = SURFACE_CURVE('',#324,(#329,#336),.PCURVE_S1.);
#324 = CIRCLE('',#325,2.5907);
#325 = AXIS2_PLACEMENT_3D('',#326,#327,#328);
#326 = CARTESIAN_POINT('',(28.93472982239,0.,2.135));
#327 = DIRECTION('',(0.,0.,1.));
#328 = DIRECTION('',(1.,0.,0.));
#329 = PCURVE('',#280,#330);
#330 = DEFINITIONAL_REPRESENTATION('',(#331),#335);
#331 = LINE('',#332,#333);
#332 = CARTESIAN_POINT('',(-0.,-4.27));
#333 = VECTOR('',#334,1.);
#334 = DIRECTION('',(-1.,0.));
#335 = ( GEOMETRIC_REPRESENTATION_CONTEXT(2) 
PARAMETRIC_REPRESENTATION_CONTEXT() REPRESENTATION_CONTEXT('2D SPACE',''
  ) );
#336 = PCURVE('',#102,#337);
#337 = DEFINITIONAL_REPRESENTATION('',(#338),#342);
#338 = CIRCLE('',#339,2.5907);
#339 = AXIS2_PLACEMENT_2D('',#340,#341);
#340 = CARTESIAN_POINT('',(28.93472982239,-2.899329622222E-15));
#341 = DIRECTION('',(1.,0.));
#342 = ( GEOMETRIC_REPRESENTATION_CONTEXT(2) 
PARAMETRIC_REPRESENTATION_CONTEXT() REPRESENTATION_CONTEXT('2D SPACE',''
  ) );
#343 = ORIENTED_EDGE('',*,*,#344,.T.);
#344 = EDGE_CURVE('',#321,#296,#345,.T.);
#345 = SURFACE_CURVE('',#346,(#350,#357),.PCURVE_S1.);
#346 = LINE('',#347,#348);
#347 = CARTESIAN_POINT('',(28.73472982239,-2.582968542201,-2.135));
#348 = VECTOR('',#349,1.);
#349 = DIRECTION('',(-0.,-0.,-1.));
#350 = PCURVE('',#280,#351);
#351 = DEFINITIONAL_REPRESENTATION('',(#352),#356);
#352 = LINE('',#353,#354);
#353 = CARTESIAN_POINT('',(-4.635112880507,0.));
#354 = VECTOR('',#355,1.);
#355 = DIRECTION('',(-0.,1.));
#356 = ( GEOMETRIC_REPRESENTATION_CONTEXT(2) 
PARAMETRIC_REPRESENTATION_CONTEXT() REPRESENTATION_CONTEXT('2D SPACE',''
  ) );
#357 = PCURVE('',#358,#363);
#358 = PLANE('',#359);
#359 = AXIS2_PLACEMENT_3D('',#360,#361,#362);
#360 = CARTESIAN_POINT('',(28.73472982239,2.5907,-2.135));
#361 = DIRECTION('',(1.,0.,0.));
#362 = DIRECTION('',(0.,-1.,0.));
#363 = DEFINITIONAL_REPRESENTATION('',(#364),#368);
#364 = LINE('',#365,#366);
#365 = CARTESIAN_POINT('',(5.173668542201,0.));
#366 = VECTOR('',#367,1.);
#367 = DIRECTION('',(0.,1.));
#368 = ( GEOMETRIC_REPRESENTATION_CONTEXT(2) 
PARAMETRIC_REPRESENTATION_CONTEXT() REPRESENTATION_CONTEXT('2D SPACE',''
  ) );
#369 = ADVANCED_FACE('',(#370),#358,.T.);
#370 = FACE_BOUND('',#371,.T.);
#371 = EDGE_LOOP('',(#372,#395,#396,#419));
#372 = ORIENTED_EDGE('',*,*,#373,.F.);
#373 = EDGE_CURVE('',#296,#374,#376,.T.);
#374 = VERTEX_POINT('',#375);
#375 = CARTESIAN_POINT('',(28.73472982239,-2.5907,-2.135));
#376 = SURFACE_CURVE('',#377,(#381,#388),.PCURVE_S1.);
#377 = LINE('',#378,#379);
#378 = CARTESIAN_POINT('',(28.73472982239,2.5907,-2.135));
#379 = VECTOR('',#380,1.);
#380 = DIRECTION('',(0.,-1.,0.));
#381 = PCURVE('',#358,#382);
#382 = DEFINITIONAL_REPRESENTATION('',(#383),#387);
#383 = LINE('',#384,#385);
#384 = CARTESIAN_POINT('',(0.,0.));
#385 = VECTOR('',#386,1.);
#386 = DIRECTION('',(1.,0.));
#387 = ( GEOMETRIC_REPRESENTATION_CONTEXT(2) 
PARAMETRIC_REPRESENTATION_CONTEXT() REPRESENTATION_CONTEXT('2D SPACE',''
  ) );
#388 = PCURVE('',#45,#389);
#389 = DEFINITIONAL_REPRESENTATION('',(#390),#394);
#390 = LINE('',#391,#392);
#391 = CARTESIAN_POINT('',(28.73472982239,2.5907));
#392 = VECTOR('',#393,1.);
#393 = DIRECTION('',(0.,-1.));
#394 = ( GEOMETRIC_REPRESENTATION_CONTEXT(2) 
PARAMETRIC_REPRESENTATION_CONTEXT() REPRESENTATION_CONTEXT('2D SPACE',''
  ) );
#395 = ORIENTED_EDGE('',*,*,#344,.F.);
#396 = ORIENTED_EDGE('',*,*,#397,.T.);
#397 = EDGE_CURVE('',#321,#398,#400,.T.);
#398 = VERTEX_POINT('',#399);
#399 = CARTESIAN_POINT('',(28.73472982239,-2.5907,2.135));
#400 = SURFACE_CURVE('',#401,(#405,#412),.PCURVE_S1.);
#401 = LINE('',#402,#403);
#402 = CARTESIAN_POINT('',(28.73472982239,2.5907,2.135));
#403 = VECTOR('',#404,1.);
#404 = DIRECTION('',(0.,-1.,0.));
#405 = PCURVE('',#358,#406);
#406 = DEFINITIONAL_REPRESENTATION('',(#407),#411);
#407 = LINE('',#408,#409);
#408 = CARTESIAN_POINT('',(0.,-4.27));
#409 = VECTOR('',#410,1.);
#410 = DIRECTION('',(1.,0.));
#411 = ( GEOMETRIC_REPRESENTATION_CONTEXT(2) 
PARAMETRIC_REPRESENTATION_CONTEXT() REPRESENTATION_CONTEXT('2D SPACE',''
  ) );
#412 = PCURVE('',#102,#413);
#413 = DEFINITIONAL_REPRESENTATION('',(#414),#418);
#414 = LINE('',#415,#416);
#415 = CARTESIAN_POINT('',(28.73472982239,2.5907));
#416 = VECTOR('',#417,1.);
#417 = DIRECTION('',(0.,-1.));
#418 = ( GEOMETRIC_REPRESENTATION_CONTEXT(2) 
PARAMETRIC_REPRESENTATION_CONTEXT() REPRESENTATION_CONTEXT('2D SPACE',''
  ) );
#419 = ORIENTED_EDGE('',*,*,#420,.F.);
#420 = EDGE_CURVE('',#374,#398,#421,.T.);
#421 = SURFACE_CURVE('',#422,(#426,#433),.PCURVE_S1.);
#422 = LINE('',#423,#424);
#423 = CARTESIAN_POINT('',(28.73472982239,-2.5907,-2.135));
#424 = VECTOR('',#425,1.);
#425 = DIRECTION('',(0.,0.,1.));
#426 = PCURVE('',#358,#427);
#427 = DEFINITIONAL_REPRESENTATION('',(#428),#432);
#428 = LINE('',#429,#430);
#429 = CARTESIAN_POINT('',(5.1814,0.));
#430 = VECTOR('',#431,1.);
#431 = DIRECTION('',(0.,-1.));
#432 = ( GEOMETRIC_REPRESENTATION_CONTEXT(2) 
PARAMETRIC_REPRESENTATION_CONTEXT() REPRESENTATION_CONTEXT('2D SPACE',''
  ) );
#433 = PCURVE('',#434,#439);
#434 = PLANE('',#435);
#435 = AXIS2_PLACEMENT_3D('',#436,#437,#438);
#436 = CARTESIAN_POINT('',(28.73472982239,-2.5907,-2.135));
#437 = DIRECTION('',(0.282885982785,0.959153543883,0.));
#438 = DIRECTION('',(0.959153543883,-0.282885982785,0.));
#439 = DEFINITIONAL_REPRESENTATION('',(#440),#444);
#440 = LINE('',#441,#442);
#441 = CARTESIAN_POINT('',(0.,0.));
#442 = VECTOR('',#443,1.);
#443 = DIRECTION('',(0.,-1.));
#444 = ( GEOMETRIC_REPRESENTATION_CONTEXT(2) 
PARAMETRIC_REPRESENTATION_CONTEXT() REPRESENTATION_CONTEXT('2D SPACE',''
  ) );
#445 = ADVANCED_FACE('',(#446),#434,.T.);
#446 = FACE_BOUND('',#447,.T.);
#447 = EDGE_LOOP('',(#448,#471,#472,#495));
#448 = ORIENTED_EDGE('',*,*,#449,.F.);
#449 = EDGE_CURVE('',#374,#450,#452,.T.);
#450 = VERTEX_POINT('',#451);
#451 = CARTESIAN_POINT('',(31.221146654915,-3.324026247677,-2.135));
#452 = SURFACE_CURVE('',#453,(#457,#464),.PCURVE_S1.);
#453 = LINE('',#454,#455);
#454 = CARTESIAN_POINT('',(28.73472982239,-2.5907,-2.135));
#455 = VECTOR('',#456,1.);
#456 = DIRECTION('',(0.959153543883,-0.282885982785,0.));
#457 = PCURVE('',#434,#458);
#458 = DEFINITIONAL_REPRESENTATION('',(#459),#463);
#459 = LINE('',#460,#461);
#460 = CARTESIAN_POINT('',(0.,0.));
#461 = VECTOR('',#462,1.);
#462 = DIRECTION('',(1.,0.));
#463 = ( GEOMETRIC_REPRESENTATION_CONTEXT(2) 
PARAMETRIC_REPRESENTATION_CONTEXT() REPRESENTATION_CONTEXT('2D SPACE',''
  ) );
#464 = PCURVE('',#45,#465);
#465 = DEFINITIONAL_REPRESENTATION('',(#466),#470);
#466 = LINE('',#467,#468);
#467 = CARTESIAN_POINT('',(28.73472982239,-2.5907));
#468 = VECTOR('',#469,1.);
#469 = DIRECTION('',(0.959153543883,-0.282885982785));
#470 = ( GEOMETRIC_REPRESENTATION_CONTEXT(2) 
PARAMETRIC_REPRESENTATION_CONTEXT() REPRESENTATION_CONTEXT('2D SPACE',''
  ) );
#471 = ORIENTED_EDGE('',*,*,#420,.T.);
#472 = ORIENTED_EDGE('',*,*,#473,.T.);
#473 = EDGE_CURVE('',#398,#474,#476,.T.);
#474 = VERTEX_POINT('',#475);
#475 = CARTESIAN_POINT('',(31.221146654915,-3.324026247677,2.135));
#476 = SURFACE_CURVE('',#477,(#481,#488),.PCURVE_S1.);
#477 = LINE('',#478,#479);
#478 = CARTESIAN_POINT('',(28.73472982239,-2.5907,2.135));
#479 = VECTOR('',#480,1.);
#480 = DIRECTION('',(0.959153543883,-0.282885982785,0.));
#481 = PCURVE('',#434,#482);
#482 = DEFINITIONAL_REPRESENTATION('',(#483),#487);
#483 = LINE('',#484,#485);
#484 = CARTESIAN_POINT('',(0.,-4.27));
#485 = VECTOR('',#486,1.);
#486 = DIRECTION('',(1.,0.));
#487 = ( GEOMETRIC_REPRESENTATION_CONTEXT(2) 
PARAMETRIC_REPRESENTATION_CONTEXT() REPRESENTATION_CONTEXT('2D SPACE',''
  ) );
#488 = PCURVE('',#102,#489);
#489 = DEFINITIONAL_REPRESENTATION('',(#490),#494);
#490 = LINE('',#491,#492);
#491 = CARTESIAN_POINT('',(28.73472982239,-2.5907));
#492 = VECTOR('',#493,1.);
#493 = DIRECTION('',(0.959153543883,-0.282885982785));
#494 = ( GEOMETRIC_REPRESENTATION_CONTEXT(2) 
PARAMETRIC_REPRESENTATION_CONTEXT() REPRESENTATION_CONTEXT('2D SPACE',''
  ) );
#495 = ORIENTED_EDGE('',*,*,#496,.T.);
#496 = EDGE_CURVE('',#474,#450,#497,.T.);
#497 = SURFACE_CURVE('',#498,(#502,#509),.PCURVE_S1.);
#498 = LINE('',#499,#500);
#499 = CARTESIAN_POINT('',(31.221146654915,-3.324026247678,-2.135));
#500 = VECTOR('',#501,1.);
#501 = DIRECTION('',(-0.,-0.,-1.));
#502 = PCURVE('',#434,#503);
#503 = DEFINITIONAL_REPRESENTATION('',(#504),#508);
#504 = LINE('',#505,#506);
#505 = CARTESIAN_POINT('',(2.592303232764,0.));
#506 = VECTOR('',#507,1.);
#507 = DIRECTION('',(0.,1.));
#508 = ( GEOMETRIC_REPRESENTATION_CONTEXT(2) 
PARAMETRIC_REPRESENTATION_CONTEXT() REPRESENTATION_CONTEXT('2D SPACE',''
  ) );
#509 = PCURVE('',#510,#515);
#510 = CYLINDRICAL_SURFACE('',#511,31.397597821218);
#511 = AXIS2_PLACEMENT_3D('',#512,#513,#514);
#512 = CARTESIAN_POINT('',(0.,0.,-2.135));
#513 = DIRECTION('',(-0.,-0.,-1.));
#514 = DIRECTION('',(1.,0.,0.));
#515 = DEFINITIONAL_REPRESENTATION('',(#516),#520);
#516 = LINE('',#517,#518);
#517 = CARTESIAN_POINT('',(-6.177117728706,0.));
#518 = VECTOR('',#519,1.);
#519 = DIRECTION('',(-0.,1.));
#520 = ( GEOMETRIC_REPRESENTATION_CONTEXT(2) 
PARAMETRIC_REPRESENTATION_CONTEXT() REPRESENTATION_CONTEXT('2D SPACE',''
  ) );
#521 = ADVANCED_FACE('',(#522),#510,.T.);
#522 = FACE_BOUND('',#523,.F.);
#523 = EDGE_LOOP('',(#524,#548,#576,#598));
#524 = ORIENTED_EDGE('',*,*,#525,.F.);
#525 = EDGE_CURVE('',#526,#450,#528,.T.);
#526 = VERTEX_POINT('',#527);
#527 = CARTESIAN_POINT('',(30.608808370126,-6.993568409894,-2.135));
#528 = SURFACE_CURVE('',#529,(#534,#541),.PCURVE_S1.);
#529 = CIRCLE('',#530,31.397597821218);
#530 = AXIS2_PLACEMENT_3D('',#531,#532,#533);
#531 = CARTESIAN_POINT('',(0.,0.,-2.135));
#532 = DIRECTION('',(0.,0.,1.));
#533 = DIRECTION('',(1.,0.,0.));
#534 = PCURVE('',#510,#535);
#535 = DEFINITIONAL_REPRESENTATION('',(#536),#540);
#536 = LINE('',#537,#538);
#537 = CARTESIAN_POINT('',(-0.,0.));
#538 = VECTOR('',#539,1.);
#539 = DIRECTION('',(-1.,0.));
#540 = ( GEOMETRIC_REPRESENTATION_CONTEXT(2) 
PARAMETRIC_REPRESENTATION_CONTEXT() REPRESENTATION_CONTEXT('2D SPACE',''
  ) );
#541 = PCURVE('',#45,#542);
#542 = DEFINITIONAL_REPRESENTATION('',(#543),#547);
#543 = CIRCLE('',#544,31.397597821218);
#544 = AXIS2_PLACEMENT_2D('',#545,#546);
#545 = CARTESIAN_POINT('',(2.090514272322E-15,-2.899329622222E-15));
#546 = DIRECTION('',(1.,0.));
#547 = ( GEOMETRIC_REPRESENTATION_CONTEXT(2) 
PARAMETRIC_REPRESENTATION_CONTEXT() REPRESENTATION_CONTEXT('2D SPACE',''
  ) );
#548 = ORIENTED_EDGE('',*,*,#549,.F.);
#549 = EDGE_CURVE('',#550,#526,#552,.T.);
#550 = VERTEX_POINT('',#551);
#551 = CARTESIAN_POINT('',(30.608808370126,-6.993568409894,2.135));
#552 = SURFACE_CURVE('',#553,(#557,#564),.PCURVE_S1.);
#553 = LINE('',#554,#555);
#554 = CARTESIAN_POINT('',(30.608808370126,-6.993568409893,-2.135));
#555 = VECTOR('',#556,1.);
#556 = DIRECTION('',(-0.,-0.,-1.));
#557 = PCURVE('',#510,#558);
#558 = DEFINITIONAL_REPRESENTATION('',(#559),#563);
#559 = LINE('',#560,#561);
#560 = CARTESIAN_POINT('',(-6.058558922118,0.));
#561 = VECTOR('',#562,1.);
#562 = DIRECTION('',(-0.,1.));
#563 = ( GEOMETRIC_REPRESENTATION_CONTEXT(2) 
PARAMETRIC_REPRESENTATION_CONTEXT() REPRESENTATION_CONTEXT('2D SPACE',''
  ) );
#564 = PCURVE('',#565,#570);
#565 = PLANE('',#566);
#566 = AXIS2_PLACEMENT_3D('',#567,#568,#569);
#567 = CARTESIAN_POINT('',(33.917342136538,-7.138880890378,-2.135));
#568 = DIRECTION('',(-4.387820663083E-02,-0.999036887699,0.));
#569 = DIRECTION('',(-0.999036887699,4.387820663083E-02,0.));
#570 = DEFINITIONAL_REPRESENTATION('',(#571),#575);
#571 = LINE('',#572,#573);
#572 = CARTESIAN_POINT('',(3.311723327887,-0.));
#573 = VECTOR('',#574,1.);
#574 = DIRECTION('',(0.,1.));
#575 = ( GEOMETRIC_REPRESENTATION_CONTEXT(2) 
PARAMETRIC_REPRESENTATION_CONTEXT() REPRESENTATION_CONTEXT('2D SPACE',''
  ) );
#576 = ORIENTED_EDGE('',*,*,#577,.T.);
#577 = EDGE_CURVE('',#550,#474,#578,.T.);
#578 = SURFACE_CURVE('',#579,(#584,#591),.PCURVE_S1.);
#579 = CIRCLE('',#580,31.397597821218);
#580 = AXIS2_PLACEMENT_3D('',#581,#582,#583);
#581 = CARTESIAN_POINT('',(0.,0.,2.135));
#582 = DIRECTION('',(0.,0.,1.));
#583 = DIRECTION('',(1.,0.,0.));
#584 = PCURVE('',#510,#585);
#585 = DEFINITIONAL_REPRESENTATION('',(#586),#590);
#586 = LINE('',#587,#588);
#587 = CARTESIAN_POINT('',(-0.,-4.27));
#588 = VECTOR('',#589,1.);
#589 = DIRECTION('',(-1.,0.));
#590 = ( GEOMETRIC_REPRESENTATION_CONTEXT(2) 
PARAMETRIC_REPRESENTATION_CONTEXT() REPRESENTATION_CONTEXT('2D SPACE',''
  ) );
#591 = PCURVE('',#102,#592);
#592 = DEFINITIONAL_REPRESENTATION('',(#593),#597);
#593 = CIRCLE('',#594,31.397597821218);
#594 = AXIS2_PLACEMENT_2D('',#595,#596);
#595 = CARTESIAN_POINT('',(2.090514272322E-15,-2.899329622222E-15));
#596 = DIRECTION('',(1.,0.));
#597 = ( GEOMETRIC_REPRESENTATION_CONTEXT(2) 
PARAMETRIC_REPRESENTATION_CONTEXT() REPRESENTATION_CONTEXT('2D SPACE',''
  ) );
#598 = ORIENTED_EDGE('',*,*,#496,.T.);
#599 = ADVANCED_FACE('',(#600),#565,.T.);
#600 = FACE_BOUND('',#601,.T.);
#601 = EDGE_LOOP('',(#602,#625,#626,#649));
#602 = ORIENTED_EDGE('',*,*,#603,.F.);
#603 = EDGE_CURVE('',#526,#604,#606,.T.);
#604 = VERTEX_POINT('',#605);
#605 = CARTESIAN_POINT('',(28.019001816494,-6.879822792996,-2.135));
#606 = SURFACE_CURVE('',#607,(#611,#618),.PCURVE_S1.);
#607 = LINE('',#608,#609);
#608 = CARTESIAN_POINT('',(33.917342136538,-7.138880890378,-2.135));
#609 = VECTOR('',#610,1.);
#610 = DIRECTION('',(-0.999036887699,4.387820663083E-02,0.));
#611 = PCURVE('',#565,#612);
#612 = DEFINITIONAL_REPRESENTATION('',(#613),#617);
#613 = LINE('',#614,#615);
#614 = CARTESIAN_POINT('',(0.,0.));
#615 = VECTOR('',#616,1.);
#616 = DIRECTION('',(1.,-0.));
#617 = ( GEOMETRIC_REPRESENTATION_CONTEXT(2) 
PARAMETRIC_REPRESENTATION_CONTEXT() REPRESENTATION_CONTEXT('2D SPACE',''
  ) );
#618 = PCURVE('',#45,#619);
#619 = DEFINITIONAL_REPRESENTATION('',(#620),#624);
#620 = LINE('',#621,#622);
#621 = CARTESIAN_POINT('',(33.917342136538,-7.138880890378));
#622 = VECTOR('',#623,1.);
#623 = DIRECTION('',(-0.999036887699,4.387820663083E-02));
#624 = ( GEOMETRIC_REPRESENTATION_CONTEXT(2) 
PARAMETRIC_REPRESENTATION_CONTEXT() REPRESENTATION_CONTEXT('2D SPACE',''
  ) );
#625 = ORIENTED_EDGE('',*,*,#549,.F.);
#626 = ORIENTED_EDGE('',*,*,#627,.T.);
#627 = EDGE_CURVE('',#550,#628,#630,.T.);
#628 = VERTEX_POINT('',#629);
#629 = CARTESIAN_POINT('',(28.019001816494,-6.879822792996,2.135));
#630 = SURFACE_CURVE('',#631,(#635,#642),.PCURVE_S1.);
#631 = LINE('',#632,#633);
#632 = CARTESIAN_POINT('',(33.917342136538,-7.138880890378,2.135));
#633 = VECTOR('',#634,1.);
#634 = DIRECTION('',(-0.999036887699,4.387820663083E-02,0.));
#635 = PCURVE('',#565,#636);
#636 = DEFINITIONAL_REPRESENTATION('',(#637),#641);
#637 = LINE('',#638,#639);
#638 = CARTESIAN_POINT('',(0.,-4.27));
#639 = VECTOR('',#640,1.);
#640 = DIRECTION('',(1.,-0.));
#641 = ( GEOMETRIC_REPRESENTATION_CONTEXT(2) 
PARAMETRIC_REPRESENTATION_CONTEXT() REPRESENTATION_CONTEXT('2D SPACE',''
  ) );
#642 = PCURVE('',#102,#643);
#643 = DEFINITIONAL_REPRESENTATION('',(#644),#648);
#644 = LINE('',#645,#646);
#645 = CARTESIAN_POINT('',(33.917342136538,-7.138880890378));
#646 = VECTOR('',#647,1.);
#647 = DIRECTION('',(-0.999036887699,4.387820663083E-02));
#648 = ( GEOMETRIC_REPRESENTATION_CONTEXT(2) 
PARAMETRIC_REPRESENTATION_CONTEXT() REPRESENTATION_CONTEXT('2D SPACE',''
  ) );
#649 = ORIENTED_EDGE('',*,*,#650,.F.);
#650 = EDGE_CURVE('',#604,#628,#651,.T.);
#651 = SURFACE_CURVE('',#652,(#656,#663),.PCURVE_S1.);
#652 = LINE('',#653,#654);
#653 = CARTESIAN_POINT('',(28.019001816494,-6.879822792996,-2.135));
#654 = VECTOR('',#655,1.);
#655 = DIRECTION('',(0.,0.,1.));
#656 = PCURVE('',#565,#657);
#657 = DEFINITIONAL_REPRESENTATION('',(#658),#662);
#658 = LINE('',#659,#660);
#659 = CARTESIAN_POINT('',(5.904026560651,-0.));
#660 = VECTOR('',#661,1.);
#661 = DIRECTION('',(0.,-1.));
#662 = ( GEOMETRIC_REPRESENTATION_CONTEXT(2) 
PARAMETRIC_REPRESENTATION_CONTEXT() REPRESENTATION_CONTEXT('2D SPACE',''
  ) );
#663 = PCURVE('',#664,#669);
#664 = PLANE('',#665);
#665 = AXIS2_PLACEMENT_3D('',#666,#667,#668);
#666 = CARTESIAN_POINT('',(28.019001816494,-6.879822792996,-2.135));
#667 = DIRECTION('',(0.945817241701,-0.324699469205,0.));
#668 = DIRECTION('',(-0.324699469205,-0.945817241701,0.));
#669 = DEFINITIONAL_REPRESENTATION('',(#670),#674);
#670 = LINE('',#671,#672);
#671 = CARTESIAN_POINT('',(0.,0.));
#672 = VECTOR('',#673,1.);
#673 = DIRECTION('',(0.,-1.));
#674 = ( GEOMETRIC_REPRESENTATION_CONTEXT(2) 
PARAMETRIC_REPRESENTATION_CONTEXT() REPRESENTATION_CONTEXT('2D SPACE',''
  ) );
#675 = ADVANCED_FACE('',(#676),#664,.T.);
#676 = FACE_BOUND('',#677,.T.);
#677 = EDGE_LOOP('',(#678,#701,#702,#725));
#678 = ORIENTED_EDGE('',*,*,#679,.F.);
#679 = EDGE_CURVE('',#604,#680,#682,.T.);
#680 = VERTEX_POINT('',#681);
#681 = CARTESIAN_POINT('',(28.016491416251,-6.887135339086,-2.135));
#682 = SURFACE_CURVE('',#683,(#687,#694),.PCURVE_S1.);
#683 = LINE('',#684,#685);
#684 = CARTESIAN_POINT('',(28.019001816494,-6.879822792996,-2.135));
#685 = VECTOR('',#686,1.);
#686 = DIRECTION('',(-0.324699469205,-0.945817241701,0.));
#687 = PCURVE('',#664,#688);
#688 = DEFINITIONAL_REPRESENTATION('',(#689),#693);
#689 = LINE('',#690,#691);
#690 = CARTESIAN_POINT('',(0.,0.));
#691 = VECTOR('',#692,1.);
#692 = DIRECTION('',(1.,0.));
#693 = ( GEOMETRIC_REPRESENTATION_CONTEXT(2) 
PARAMETRIC_REPRESENTATION_CONTEXT() REPRESENTATION_CONTEXT('2D SPACE',''
  ) );
#694 = PCURVE('',#45,#695);
#695 = DEFINITIONAL_REPRESENTATION('',(#696),#700);
#696 = LINE('',#697,#698);
#697 = CARTESIAN_POINT('',(28.019001816494,-6.879822792996));
#698 = VECTOR('',#699,1.);
#699 = DIRECTION('',(-0.324699469205,-0.945817241701));
#700 = ( GEOMETRIC_REPRESENTATION_CONTEXT(2) 
PARAMETRIC_REPRESENTATION_CONTEXT() REPRESENTATION_CONTEXT('2D SPACE',''
  ) );
#701 = ORIENTED_EDGE('',*,*,#650,.T.);
#702 = ORIENTED_EDGE('',*,*,#703,.T.);
#703 = EDGE_CURVE('',#628,#704,#706,.T.);
#704 = VERTEX_POINT('',#705);
#705 = CARTESIAN_POINT('',(28.016491416251,-6.887135339086,2.135));
#706 = SURFACE_CURVE('',#707,(#711,#718),.PCURVE_S1.);
#707 = LINE('',#708,#709);
#708 = CARTESIAN_POINT('',(28.019001816494,-6.879822792996,2.135));
#709 = VECTOR('',#710,1.);
#710 = DIRECTION('',(-0.324699469205,-0.945817241701,0.));
#711 = PCURVE('',#664,#712);
#712 = DEFINITIONAL_REPRESENTATION('',(#713),#717);
#713 = LINE('',#714,#715);
#714 = CARTESIAN_POINT('',(0.,-4.27));
#715 = VECTOR('',#716,1.);
#716 = DIRECTION('',(1.,0.));
#717 = ( GEOMETRIC_REPRESENTATION_CONTEXT(2) 
PARAMETRIC_REPRESENTATION_CONTEXT() REPRESENTATION_CONTEXT('2D SPACE',''
  ) );
#718 = PCURVE('',#102,#719);
#719 = DEFINITIONAL_REPRESENTATION('',(#720),#724);
#720 = LINE('',#721,#722);
#721 = CARTESIAN_POINT('',(28.019001816494,-6.879822792996));
#722 = VECTOR('',#723,1.);
#723 = DIRECTION('',(-0.324699469205,-0.945817241701));
#724 = ( GEOMETRIC_REPRESENTATION_CONTEXT(2) 
PARAMETRIC_REPRESENTATION_CONTEXT() REPRESENTATION_CONTEXT('2D SPACE',''
  ) );
#725 = ORIENTED_EDGE('',*,*,#726,.T.);
#726 = EDGE_CURVE('',#704,#680,#727,.T.);
#727 = SURFACE_CURVE('',#728,(#732,#739),.PCURVE_S1.);
#728 = LINE('',#729,#730);
#729 = CARTESIAN_POINT('',(28.016491416251,-6.887135339086,-2.135));
#730 = VECTOR('',#731,1.);
#731 = DIRECTION('',(-0.,0.,-1.));
#732 = PCURVE('',#664,#733);
#733 = DEFINITIONAL_REPRESENTATION('',(#734),#738);
#734 = LINE('',#735,#736);
#735 = CARTESIAN_POINT('',(7.731457798993E-03,0.));
#736 = VECTOR('',#737,1.);
#737 = DIRECTION('',(-0.,1.));
#738 = ( GEOMETRIC_REPRESENTATION_CONTEXT(2) 
PARAMETRIC_REPRESENTATION_CONTEXT() REPRESENTATION_CONTEXT('2D SPACE',''
  ) );
#739 = PCURVE('',#740,#745);
#740 = CYLINDRICAL_SURFACE('',#741,2.5907);
#741 = AXIS2_PLACEMENT_3D('',#742,#743,#744);
#742 = CARTESIAN_POINT('',(27.366966349966,-9.395091414911,-2.135));
#743 = DIRECTION('',(-0.,0.,-1.));
#744 = DIRECTION('',(0.945817241701,-0.324699469205,0.));
#745 = DEFINITIONAL_REPRESENTATION('',(#746),#750);
#746 = LINE('',#747,#748);
#747 = CARTESIAN_POINT('',(-1.648072426672,0.));
#748 = VECTOR('',#749,1.);
#749 = DIRECTION('',(-0.,1.));
#750 = ( GEOMETRIC_REPRESENTATION_CONTEXT(2) 
PARAMETRIC_REPRESENTATION_CONTEXT() REPRESENTATION_CONTEXT('2D SPACE',''
  ) );
#751 = ADVANCED_FACE('',(#752),#740,.F.);
#752 = FACE_BOUND('',#753,.T.);
#753 = EDGE_LOOP('',(#754,#778,#779,#803));
#754 = ORIENTED_EDGE('',*,*,#755,.F.);
#755 = EDGE_CURVE('',#680,#756,#758,.T.);
#756 = VERTEX_POINT('',#757);
#757 = CARTESIAN_POINT('',(26.339114387001,-11.77316770305,-2.135));
#758 = SURFACE_CURVE('',#759,(#764,#771),.PCURVE_S1.);
#759 = CIRCLE('',#760,2.5907);
#760 = AXIS2_PLACEMENT_3D('',#761,#762,#763);
#761 = CARTESIAN_POINT('',(27.366966349966,-9.395091414911,-2.135));
#762 = DIRECTION('',(-0.,0.,1.));
#763 = DIRECTION('',(0.945817241701,-0.324699469205,0.));
#764 = PCURVE('',#740,#765);
#765 = DEFINITIONAL_REPRESENTATION('',(#766),#770);
#766 = LINE('',#767,#768);
#767 = CARTESIAN_POINT('',(-0.,0.));
#768 = VECTOR('',#769,1.);
#769 = DIRECTION('',(-1.,0.));
#770 = ( GEOMETRIC_REPRESENTATION_CONTEXT(2) 
PARAMETRIC_REPRESENTATION_CONTEXT() REPRESENTATION_CONTEXT('2D SPACE',''
  ) );
#771 = PCURVE('',#45,#772);
#772 = DEFINITIONAL_REPRESENTATION('',(#773),#777);
#773 = CIRCLE('',#774,2.5907);
#774 = AXIS2_PLACEMENT_2D('',#775,#776);
#775 = CARTESIAN_POINT('',(27.366966349966,-9.395091414911));
#776 = DIRECTION('',(0.945817241701,-0.324699469205));
#777 = ( GEOMETRIC_REPRESENTATION_CONTEXT(2) 
PARAMETRIC_REPRESENTATION_CONTEXT() REPRESENTATION_CONTEXT('2D SPACE',''
  ) );
#778 = ORIENTED_EDGE('',*,*,#726,.F.);
#779 = ORIENTED_EDGE('',*,*,#780,.T.);
#780 = EDGE_CURVE('',#704,#781,#783,.T.);
#781 = VERTEX_POINT('',#782);
#782 = CARTESIAN_POINT('',(26.339114387001,-11.77316770305,2.135));
#783 = SURFACE_CURVE('',#784,(#789,#796),.PCURVE_S1.);
#784 = CIRCLE('',#785,2.5907);
#785 = AXIS2_PLACEMENT_3D('',#786,#787,#788);
#786 = CARTESIAN_POINT('',(27.366966349966,-9.395091414911,2.135));
#787 = DIRECTION('',(-0.,0.,1.));
#788 = DIRECTION('',(0.945817241701,-0.324699469205,0.));
#789 = PCURVE('',#740,#790);
#790 = DEFINITIONAL_REPRESENTATION('',(#791),#795);
#791 = LINE('',#792,#793);
#792 = CARTESIAN_POINT('',(-0.,-4.27));
#793 = VECTOR('',#794,1.);
#794 = DIRECTION('',(-1.,0.));
#795 = ( GEOMETRIC_REPRESENTATION_CONTEXT(2) 
PARAMETRIC_REPRESENTATION_CONTEXT() REPRESENTATION_CONTEXT('2D SPACE',''
  ) );
#796 = PCURVE('',#102,#797);
#797 = DEFINITIONAL_REPRESENTATION('',(#798),#802);
#798 = CIRCLE('',#799,2.5907);
#799 = AXIS2_PLACEMENT_2D('',#800,#801);
#800 = CARTESIAN_POINT('',(27.366966349966,-9.395091414911));
#801 = DIRECTION('',(0.945817241701,-0.324699469205));
#802 = ( GEOMETRIC_REPRESENTATION_CONTEXT(2) 
PARAMETRIC_REPRESENTATION_CONTEXT() REPRESENTATION_CONTEXT('2D SPACE',''
  ) );
#803 = ORIENTED_EDGE('',*,*,#804,.T.);
#804 = EDGE_CURVE('',#781,#756,#805,.T.);
#805 = SURFACE_CURVE('',#806,(#810,#817),.PCURVE_S1.);
#806 = LINE('',#807,#808);
#807 = CARTESIAN_POINT('',(26.339114387001,-11.77316770305,-2.135));
#808 = VECTOR('',#809,1.);
#809 = DIRECTION('',(-0.,0.,-1.));
#810 = PCURVE('',#740,#811);
#811 = DEFINITIONAL_REPRESENTATION('',(#812),#816);
#812 = LINE('',#813,#814);
#813 = CARTESIAN_POINT('',(-4.635112880507,0.));
#814 = VECTOR('',#815,1.);
#815 = DIRECTION('',(-0.,1.));
#816 = ( GEOMETRIC_REPRESENTATION_CONTEXT(2) 
PARAMETRIC_REPRESENTATION_CONTEXT() REPRESENTATION_CONTEXT('2D SPACE',''
  ) );
#817 = PCURVE('',#818,#823);
#818 = PLANE('',#819);
#819 = AXIS2_PLACEMENT_3D('',#820,#821,#822);
#820 = CARTESIAN_POINT('',(28.019001816494,-6.879822792996,-2.135));
#821 = DIRECTION('',(0.945817241701,-0.324699469205,0.));
#822 = DIRECTION('',(-0.324699469205,-0.945817241701,0.));
#823 = DEFINITIONAL_REPRESENTATION('',(#824),#828);
#824 = LINE('',#825,#826);
#825 = CARTESIAN_POINT('',(5.173668542201,0.));
#826 = VECTOR('',#827,1.);
#827 = DIRECTION('',(-0.,1.));
#828 = ( GEOMETRIC_REPRESENTATION_CONTEXT(2) 
PARAMETRIC_REPRESENTATION_CONTEXT() REPRESENTATION_CONTEXT('2D SPACE',''
  ) );
#829 = ADVANCED_FACE('',(#830),#818,.T.);
#830 = FACE_BOUND('',#831,.T.);
#831 = EDGE_LOOP('',(#832,#855,#856,#879));
#832 = ORIENTED_EDGE('',*,*,#833,.F.);
#833 = EDGE_CURVE('',#756,#834,#836,.T.);
#834 = VERTEX_POINT('',#835);
#835 = CARTESIAN_POINT('',(26.336603986757,-11.78048024914,-2.135));
#836 = SURFACE_CURVE('',#837,(#841,#848),.PCURVE_S1.);
#837 = LINE('',#838,#839);
#838 = CARTESIAN_POINT('',(28.019001816494,-6.879822792996,-2.135));
#839 = VECTOR('',#840,1.);
#840 = DIRECTION('',(-0.324699469205,-0.945817241701,0.));
#841 = PCURVE('',#818,#842);
#842 = DEFINITIONAL_REPRESENTATION('',(#843),#847);
#843 = LINE('',#844,#845);
#844 = CARTESIAN_POINT('',(0.,0.));
#845 = VECTOR('',#846,1.);
#846 = DIRECTION('',(1.,0.));
#847 = ( GEOMETRIC_REPRESENTATION_CONTEXT(2) 
PARAMETRIC_REPRESENTATION_CONTEXT() REPRESENTATION_CONTEXT('2D SPACE',''
  ) );
#848 = PCURVE('',#45,#849);
#849 = DEFINITIONAL_REPRESENTATION('',(#850),#854);
#850 = LINE('',#851,#852);
#851 = CARTESIAN_POINT('',(28.019001816494,-6.879822792996));
#852 = VECTOR('',#853,1.);
#853 = DIRECTION('',(-0.324699469205,-0.945817241701));
#854 = ( GEOMETRIC_REPRESENTATION_CONTEXT(2) 
PARAMETRIC_REPRESENTATION_CONTEXT() REPRESENTATION_CONTEXT('2D SPACE',''
  ) );
#855 = ORIENTED_EDGE('',*,*,#804,.F.);
#856 = ORIENTED_EDGE('',*,*,#857,.T.);
#857 = EDGE_CURVE('',#781,#858,#860,.T.);
#858 = VERTEX_POINT('',#859);
#859 = CARTESIAN_POINT('',(26.336603986757,-11.78048024914,2.135));
#860 = SURFACE_CURVE('',#861,(#865,#872),.PCURVE_S1.);
#861 = LINE('',#862,#863);
#862 = CARTESIAN_POINT('',(28.019001816494,-6.879822792996,2.135));
#863 = VECTOR('',#864,1.);
#864 = DIRECTION('',(-0.324699469205,-0.945817241701,0.));
#865 = PCURVE('',#818,#866);
#866 = DEFINITIONAL_REPRESENTATION('',(#867),#871);
#867 = LINE('',#868,#869);
#868 = CARTESIAN_POINT('',(0.,-4.27));
#869 = VECTOR('',#870,1.);
#870 = DIRECTION('',(1.,0.));
#871 = ( GEOMETRIC_REPRESENTATION_CONTEXT(2) 
PARAMETRIC_REPRESENTATION_CONTEXT() REPRESENTATION_CONTEXT('2D SPACE',''
  ) );
#872 = PCURVE('',#102,#873);
#873 = DEFINITIONAL_REPRESENTATION('',(#874),#878);
#874 = LINE('',#875,#876);
#875 = CARTESIAN_POINT('',(28.019001816494,-6.879822792996));
#876 = VECTOR('',#877,1.);
#877 = DIRECTION('',(-0.324699469205,-0.945817241701));
#878 = ( GEOMETRIC_REPRESENTATION_CONTEXT(2) 
PARAMETRIC_REPRESENTATION_CONTEXT() REPRESENTATION_CONTEXT('2D SPACE',''
  ) );
#879 = ORIENTED_EDGE('',*,*,#880,.F.);
#880 = EDGE_CURVE('',#834,#858,#881,.T.);
#881 = SURFACE_CURVE('',#882,(#886,#893),.PCURVE_S1.);
#882 = LINE('',#883,#884);
#883 = CARTESIAN_POINT('',(26.336603986757,-11.78048024914,-2.135));
#884 = VECTOR('',#885,1.);
#885 = DIRECTION('',(0.,0.,1.));
#886 = PCURVE('',#818,#887);
#887 = DEFINITIONAL_REPRESENTATION('',(#888),#892);
#888 = LINE('',#889,#890);
#889 = CARTESIAN_POINT('',(5.1814,0.));
#890 = VECTOR('',#891,1.);
#891 = DIRECTION('',(0.,-1.));
#892 = ( GEOMETRIC_REPRESENTATION_CONTEXT(2) 
PARAMETRIC_REPRESENTATION_CONTEXT() REPRESENTATION_CONTEXT('2D SPACE',''
  ) );
#893 = PCURVE('',#894,#899);
#894 = PLANE('',#895);
#895 = AXIS2_PLACEMENT_3D('',#896,#897,#898);
#896 = CARTESIAN_POINT('',(26.336603986757,-11.78048024914,-2.135));
#897 = DIRECTION('',(0.578995086538,0.815331030787,0.));
#898 = DIRECTION('',(0.815331030787,-0.578995086538,0.));
#899 = DEFINITIONAL_REPRESENTATION('',(#900),#904);
#900 = LINE('',#901,#902);
#901 = CARTESIAN_POINT('',(0.,0.));
#902 = VECTOR('',#903,1.);
#903 = DIRECTION('',(0.,-1.));
#904 = ( GEOMETRIC_REPRESENTATION_CONTEXT(2) 
PARAMETRIC_REPRESENTATION_CONTEXT() REPRESENTATION_CONTEXT('2D SPACE',''
  ) );
#905 = ADVANCED_FACE('',(#906),#894,.T.);
#906 = FACE_BOUND('',#907,.T.);
#907 = EDGE_LOOP('',(#908,#931,#932,#955));
#908 = ORIENTED_EDGE('',*,*,#909,.F.);
#909 = EDGE_CURVE('',#834,#910,#912,.T.);
#910 = VERTEX_POINT('',#911);
#911 = CARTESIAN_POINT('',(28.450189253639,-13.28141108373,-2.135));
#912 = SURFACE_CURVE('',#913,(#917,#924),.PCURVE_S1.);
#913 = LINE('',#914,#915);
#914 = CARTESIAN_POINT('',(26.336603986757,-11.78048024914,-2.135));
#915 = VECTOR('',#916,1.);
#916 = DIRECTION('',(0.815331030787,-0.578995086538,0.));
#917 = PCURVE('',#894,#918);
#918 = DEFINITIONAL_REPRESENTATION('',(#919),#923);
#919 = LINE('',#920,#921);
#920 = CARTESIAN_POINT('',(0.,0.));
#921 = VECTOR('',#922,1.);
#922 = DIRECTION('',(1.,0.));
#923 = ( GEOMETRIC_REPRESENTATION_CONTEXT(2) 
PARAMETRIC_REPRESENTATION_CONTEXT() REPRESENTATION_CONTEXT('2D SPACE',''
  ) );
#924 = PCURVE('',#45,#925);
#925 = DEFINITIONAL_REPRESENTATION('',(#926),#930);
#926 = LINE('',#927,#928);
#927 = CARTESIAN_POINT('',(26.336603986757,-11.78048024914));
#928 = VECTOR('',#929,1.);
#929 = DIRECTION('',(0.815331030787,-0.578995086538));
#930 = ( GEOMETRIC_REPRESENTATION_CONTEXT(2) 
PARAMETRIC_REPRESENTATION_CONTEXT() REPRESENTATION_CONTEXT('2D SPACE',''
  ) );
#931 = ORIENTED_EDGE('',*,*,#880,.T.);
#932 = ORIENTED_EDGE('',*,*,#933,.T.);
#933 = EDGE_CURVE('',#858,#934,#936,.T.);
#934 = VERTEX_POINT('',#935);
#935 = CARTESIAN_POINT('',(28.450189253639,-13.28141108373,2.135));
#936 = SURFACE_CURVE('',#937,(#941,#948),.PCURVE_S1.);
#937 = LINE('',#938,#939);
#938 = CARTESIAN_POINT('',(26.336603986757,-11.78048024914,2.135));
#939 = VECTOR('',#940,1.);
#940 = DIRECTION('',(0.815331030787,-0.578995086538,0.));
#941 = PCURVE('',#894,#942);
#942 = DEFINITIONAL_REPRESENTATION('',(#943),#947);
#943 = LINE('',#944,#945);
#944 = CARTESIAN_POINT('',(0.,-4.27));
#945 = VECTOR('',#946,1.);
#946 = DIRECTION('',(1.,0.));
#947 = ( GEOMETRIC_REPRESENTATION_CONTEXT(2) 
PARAMETRIC_REPRESENTATION_CONTEXT() REPRESENTATION_CONTEXT('2D SPACE',''
  ) );
#948 = PCURVE('',#102,#949);
#949 = DEFINITIONAL_REPRESENTATION('',(#950),#954);
#950 = LINE('',#951,#952);
#951 = CARTESIAN_POINT('',(26.336603986757,-11.78048024914));
#952 = VECTOR('',#953,1.);
#953 = DIRECTION('',(0.815331030787,-0.578995086538));
#954 = ( GEOMETRIC_REPRESENTATION_CONTEXT(2) 
PARAMETRIC_REPRESENTATION_CONTEXT() REPRESENTATION_CONTEXT('2D SPACE',''
  ) );
#955 = ORIENTED_EDGE('',*,*,#956,.T.);
#956 = EDGE_CURVE('',#934,#910,#957,.T.);
#957 = SURFACE_CURVE('',#958,(#962,#969),.PCURVE_S1.);
#958 = LINE('',#959,#960);
#959 = CARTESIAN_POINT('',(28.450189253639,-13.28141108373,-2.135));
#960 = VECTOR('',#961,1.);
#961 = DIRECTION('',(-0.,-0.,-1.));
#962 = PCURVE('',#894,#963);
#963 = DEFINITIONAL_REPRESENTATION('',(#964),#968);
#964 = LINE('',#965,#966);
#965 = CARTESIAN_POINT('',(2.592303232764,0.));
#966 = VECTOR('',#967,1.);
#967 = DIRECTION('',(0.,1.));
#968 = ( GEOMETRIC_REPRESENTATION_CONTEXT(2) 
PARAMETRIC_REPRESENTATION_CONTEXT() REPRESENTATION_CONTEXT('2D SPACE',''
  ) );
#969 = PCURVE('',#970,#975);
#970 = CYLINDRICAL_SURFACE('',#971,31.397597821218);
#971 = AXIS2_PLACEMENT_3D('',#972,#973,#974);
#972 = CARTESIAN_POINT('',(0.,0.,-2.135));
#973 = DIRECTION('',(-0.,-0.,-1.));
#974 = DIRECTION('',(1.,0.,0.));
#975 = DEFINITIONAL_REPRESENTATION('',(#976),#980);
#976 = LINE('',#977,#978);
#977 = CARTESIAN_POINT('',(-5.84642376517,0.));
#978 = VECTOR('',#979,1.);
#979 = DIRECTION('',(-0.,1.));
#980 = ( GEOMETRIC_REPRESENTATION_CONTEXT(2) 
PARAMETRIC_REPRESENTATION_CONTEXT() REPRESENTATION_CONTEXT('2D SPACE',''
  ) );
#981 = ADVANCED_FACE('',(#982),#970,.T.);
#982 = FACE_BOUND('',#983,.F.);
#983 = EDGE_LOOP('',(#984,#1008,#1036,#1058));
#984 = ORIENTED_EDGE('',*,*,#985,.F.);
#985 = EDGE_CURVE('',#986,#910,#988,.T.);
#986 = VERTEX_POINT('',#987);
#987 = CARTESIAN_POINT('',(26.679530753837,-16.55330141385,-2.135));
#988 = SURFACE_CURVE('',#989,(#994,#1001),.PCURVE_S1.);
#989 = CIRCLE('',#990,31.397597821218);
#990 = AXIS2_PLACEMENT_3D('',#991,#992,#993);
#991 = CARTESIAN_POINT('',(0.,0.,-2.135));
#992 = DIRECTION('',(0.,0.,1.));
#993 = DIRECTION('',(1.,0.,0.));
#994 = PCURVE('',#970,#995);
#995 = DEFINITIONAL_REPRESENTATION('',(#996),#1000);
#996 = LINE('',#997,#998);
#997 = CARTESIAN_POINT('',(-0.,0.));
#998 = VECTOR('',#999,1.);
#999 = DIRECTION('',(-1.,0.));
#1000 = ( GEOMETRIC_REPRESENTATION_CONTEXT(2) 
PARAMETRIC_REPRESENTATION_CONTEXT() REPRESENTATION_CONTEXT('2D SPACE',''
  ) );
#1001 = PCURVE('',#45,#1002);
#1002 = DEFINITIONAL_REPRESENTATION('',(#1003),#1007);
#1003 = CIRCLE('',#1004,31.397597821218);
#1004 = AXIS2_PLACEMENT_2D('',#1005,#1006);
#1005 = CARTESIAN_POINT('',(2.090514272322E-15,-2.899329622222E-15));
#1006 = DIRECTION('',(1.,0.));
#1007 = ( GEOMETRIC_REPRESENTATION_CONTEXT(2) 
PARAMETRIC_REPRESENTATION_CONTEXT() REPRESENTATION_CONTEXT('2D SPACE',''
  ) );
#1008 = ORIENTED_EDGE('',*,*,#1009,.F.);
#1009 = EDGE_CURVE('',#1010,#986,#1012,.T.);
#1010 = VERTEX_POINT('',#1011);
#1011 = CARTESIAN_POINT('',(26.679530753837,-16.55330141385,2.135));
#1012 = SURFACE_CURVE('',#1013,(#1017,#1024),.PCURVE_S1.);
#1013 = LINE('',#1014,#1015);
#1014 = CARTESIAN_POINT('',(26.679530753837,-16.55330141385,-2.135));
#1015 = VECTOR('',#1016,1.);
#1016 = DIRECTION('',(-0.,-0.,-1.));
#1017 = PCURVE('',#970,#1018);
#1018 = DEFINITIONAL_REPRESENTATION('',(#1019),#1023);
#1019 = LINE('',#1020,#1021);
#1020 = CARTESIAN_POINT('',(-5.727864958582,0.));
#1021 = VECTOR('',#1022,1.);
#1022 = DIRECTION('',(-0.,1.));
#1023 = ( GEOMETRIC_REPRESENTATION_CONTEXT(2) 
PARAMETRIC_REPRESENTATION_CONTEXT() REPRESENTATION_CONTEXT('2D SPACE',''
  ) );
#1024 = PCURVE('',#1025,#1030);
#1025 = PLANE('',#1026);
#1026 = AXIS2_PLACEMENT_3D('',#1027,#1028,#1029);
#1027 = CARTESIAN_POINT('',(29.761616149576,-17.76501962113,-2.135));
#1028 = DIRECTION('',(-0.365887511518,-0.930659083078,0.));
#1029 = DIRECTION('',(-0.930659083078,0.365887511518,0.));
#1030 = DEFINITIONAL_REPRESENTATION('',(#1031),#1035);
#1031 = LINE('',#1032,#1033);
#1032 = CARTESIAN_POINT('',(3.311723327887,-0.));
#1033 = VECTOR('',#1034,1.);
#1034 = DIRECTION('',(0.,1.));
#1035 = ( GEOMETRIC_REPRESENTATION_CONTEXT(2) 
PARAMETRIC_REPRESENTATION_CONTEXT() REPRESENTATION_CONTEXT('2D SPACE',''
  ) );
#1036 = ORIENTED_EDGE('',*,*,#1037,.T.);
#1037 = EDGE_CURVE('',#1010,#934,#1038,.T.);
#1038 = SURFACE_CURVE('',#1039,(#1044,#1051),.PCURVE_S1.);
#1039 = CIRCLE('',#1040,31.397597821218);
#1040 = AXIS2_PLACEMENT_3D('',#1041,#1042,#1043);
#1041 = CARTESIAN_POINT('',(0.,0.,2.135));
#1042 = DIRECTION('',(0.,0.,1.));
#1043 = DIRECTION('',(1.,0.,0.));
#1044 = PCURVE('',#970,#1045);
#1045 = DEFINITIONAL_REPRESENTATION('',(#1046),#1050);
#1046 = LINE('',#1047,#1048);
#1047 = CARTESIAN_POINT('',(-0.,-4.27));
#1048 = VECTOR('',#1049,1.);
#1049 = DIRECTION('',(-1.,0.));
#1050 = ( GEOMETRIC_REPRESENTATION_CONTEXT(2) 
PARAMETRIC_REPRESENTATION_CONTEXT() REPRESENTATION_CONTEXT('2D SPACE',''
  ) );
#1051 = PCURVE('',#102,#1052);
#1052 = DEFINITIONAL_REPRESENTATION('',(#1053),#1057);
#1053 = CIRCLE('',#1054,31.397597821218);
#1054 = AXIS2_PLACEMENT_2D('',#1055,#1056);
#1055 = CARTESIAN_POINT('',(2.090514272322E-15,-2.899329622222E-15));
#1056 = DIRECTION('',(1.,0.));
#1057 = ( GEOMETRIC_REPRESENTATION_CONTEXT(2) 
PARAMETRIC_REPRESENTATION_CONTEXT() REPRESENTATION_CONTEXT('2D SPACE',''
  ) );
#1058 = ORIENTED_EDGE('',*,*,#956,.T.);
#1059 = ADVANCED_FACE('',(#1060),#1025,.T.);
#1060 = FACE_BOUND('',#1061,.T.);
#1061 = EDGE_LOOP('',(#1062,#1085,#1086,#1109));
#1062 = ORIENTED_EDGE('',*,*,#1063,.F.);
#1063 = EDGE_CURVE('',#986,#1064,#1066,.T.);
#1064 = VERTEX_POINT('',#1065);
#1065 = CARTESIAN_POINT('',(24.266980204174,-15.60481003492,-2.135));
#1066 = SURFACE_CURVE('',#1067,(#1071,#1078),.PCURVE_S1.);
#1067 = LINE('',#1068,#1069);
#1068 = CARTESIAN_POINT('',(29.761616149576,-17.76501962113,-2.135));
#1069 = VECTOR('',#1070,1.);
#1070 = DIRECTION('',(-0.930659083078,0.365887511518,0.));
#1071 = PCURVE('',#1025,#1072);
#1072 = DEFINITIONAL_REPRESENTATION('',(#1073),#1077);
#1073 = LINE('',#1074,#1075);
#1074 = CARTESIAN_POINT('',(0.,0.));
#1075 = VECTOR('',#1076,1.);
#1076 = DIRECTION('',(1.,-0.));
#1077 = ( GEOMETRIC_REPRESENTATION_CONTEXT(2) 
PARAMETRIC_REPRESENTATION_CONTEXT() REPRESENTATION_CONTEXT('2D SPACE',''
  ) );
#1078 = PCURVE('',#45,#1079);
#1079 = DEFINITIONAL_REPRESENTATION('',(#1080),#1084);
#1080 = LINE('',#1081,#1082);
#1081 = CARTESIAN_POINT('',(29.761616149576,-17.76501962113));
#1082 = VECTOR('',#1083,1.);
#1083 = DIRECTION('',(-0.930659083078,0.365887511518));
#1084 = ( GEOMETRIC_REPRESENTATION_CONTEXT(2) 
PARAMETRIC_REPRESENTATION_CONTEXT() REPRESENTATION_CONTEXT('2D SPACE',''
  ) );
#1085 = ORIENTED_EDGE('',*,*,#1009,.F.);
#1086 = ORIENTED_EDGE('',*,*,#1087,.T.);
#1087 = EDGE_CURVE('',#1010,#1088,#1090,.T.);
#1088 = VERTEX_POINT('',#1089);
#1089 = CARTESIAN_POINT('',(24.266980204174,-15.60481003492,2.135));
#1090 = SURFACE_CURVE('',#1091,(#1095,#1102),.PCURVE_S1.);
#1091 = LINE('',#1092,#1093);
#1092 = CARTESIAN_POINT('',(29.761616149576,-17.76501962113,2.135));
#1093 = VECTOR('',#1094,1.);
#1094 = DIRECTION('',(-0.930659083078,0.365887511518,0.));
#1095 = PCURVE('',#1025,#1096);
#1096 = DEFINITIONAL_REPRESENTATION('',(#1097),#1101);
#1097 = LINE('',#1098,#1099);
#1098 = CARTESIAN_POINT('',(0.,-4.27));
#1099 = VECTOR('',#1100,1.);
#1100 = DIRECTION('',(1.,-0.));
#1101 = ( GEOMETRIC_REPRESENTATION_CONTEXT(2) 
PARAMETRIC_REPRESENTATION_CONTEXT() REPRESENTATION_CONTEXT('2D SPACE',''
  ) );
#1102 = PCURVE('',#102,#1103);
#1103 = DEFINITIONAL_REPRESENTATION('',(#1104),#1108);
#1104 = LINE('',#1105,#1106);
#1105 = CARTESIAN_POINT('',(29.761616149576,-17.76501962113));
#1106 = VECTOR('',#1107,1.);
#1107 = DIRECTION('',(-0.930659083078,0.365887511518));
#1108 = ( GEOMETRIC_REPRESENTATION_CONTEXT(2) 
PARAMETRIC_REPRESENTATION_CONTEXT() REPRESENTATION_CONTEXT('2D SPACE',''
  ) );
#1109 = ORIENTED_EDGE('',*,*,#1110,.F.);
#1110 = EDGE_CURVE('',#1064,#1088,#1111,.T.);
#1111 = SURFACE_CURVE('',#1112,(#1116,#1123),.PCURVE_S1.);
#1112 = LINE('',#1113,#1114);
#1113 = CARTESIAN_POINT('',(24.266980204174,-15.60481003492,-2.135));
#1114 = VECTOR('',#1115,1.);
#1115 = DIRECTION('',(0.,0.,1.));
#1116 = PCURVE('',#1025,#1117);
#1117 = DEFINITIONAL_REPRESENTATION('',(#1118),#1122);
#1118 = LINE('',#1119,#1120);
#1119 = CARTESIAN_POINT('',(5.904026560651,-0.));
#1120 = VECTOR('',#1121,1.);
#1121 = DIRECTION('',(0.,-1.));
#1122 = ( GEOMETRIC_REPRESENTATION_CONTEXT(2) 
PARAMETRIC_REPRESENTATION_CONTEXT() REPRESENTATION_CONTEXT('2D SPACE',''
  ) );
#1123 = PCURVE('',#1124,#1129);
#1124 = PLANE('',#1125);
#1125 = AXIS2_PLACEMENT_3D('',#1126,#1127,#1128);
#1126 = CARTESIAN_POINT('',(24.266980204174,-15.60481003492,-2.135));
#1127 = DIRECTION('',(0.789140509396,-0.61421271269,0.));
#1128 = DIRECTION('',(-0.61421271269,-0.789140509396,0.));
#1129 = DEFINITIONAL_REPRESENTATION('',(#1130),#1134);
#1130 = LINE('',#1131,#1132);
#1131 = CARTESIAN_POINT('',(0.,0.));
#1132 = VECTOR('',#1133,1.);
#1133 = DIRECTION('',(0.,-1.));
#1134 = ( GEOMETRIC_REPRESENTATION_CONTEXT(2) 
PARAMETRIC_REPRESENTATION_CONTEXT() REPRESENTATION_CONTEXT('2D SPACE',''
  ) );
#1135 = ADVANCED_FACE('',(#1136),#1124,.T.);
#1136 = FACE_BOUND('',#1137,.T.);
#1137 = EDGE_LOOP('',(#1138,#1161,#1162,#1185));
#1138 = ORIENTED_EDGE('',*,*,#1139,.F.);
#1139 = EDGE_CURVE('',#1064,#1140,#1142,.T.);
#1140 = VERTEX_POINT('',#1141);
#1141 = CARTESIAN_POINT('',(24.262231444506,-15.61091124146,-2.135));
#1142 = SURFACE_CURVE('',#1143,(#1147,#1154),.PCURVE_S1.);
#1143 = LINE('',#1144,#1145);
#1144 = CARTESIAN_POINT('',(24.266980204174,-15.60481003492,-2.135));
#1145 = VECTOR('',#1146,1.);
#1146 = DIRECTION('',(-0.61421271269,-0.789140509396,0.));
#1147 = PCURVE('',#1124,#1148);
#1148 = DEFINITIONAL_REPRESENTATION('',(#1149),#1153);
#1149 = LINE('',#1150,#1151);
#1150 = CARTESIAN_POINT('',(0.,0.));
#1151 = VECTOR('',#1152,1.);
#1152 = DIRECTION('',(1.,0.));
#1153 = ( GEOMETRIC_REPRESENTATION_CONTEXT(2) 
PARAMETRIC_REPRESENTATION_CONTEXT() REPRESENTATION_CONTEXT('2D SPACE',''
  ) );
#1154 = PCURVE('',#45,#1155);
#1155 = DEFINITIONAL_REPRESENTATION('',(#1156),#1160);
#1156 = LINE('',#1157,#1158);
#1157 = CARTESIAN_POINT('',(24.266980204174,-15.60481003492));
#1158 = VECTOR('',#1159,1.);
#1159 = DIRECTION('',(-0.61421271269,-0.789140509396));
#1160 = ( GEOMETRIC_REPRESENTATION_CONTEXT(2) 
PARAMETRIC_REPRESENTATION_CONTEXT() REPRESENTATION_CONTEXT('2D SPACE',''
  ) );
#1161 = ORIENTED_EDGE('',*,*,#1110,.T.);
#1162 = ORIENTED_EDGE('',*,*,#1163,.T.);
#1163 = EDGE_CURVE('',#1088,#1164,#1166,.T.);
#1164 = VERTEX_POINT('',#1165);
#1165 = CARTESIAN_POINT('',(24.262231444506,-15.61091124146,2.135));
#1166 = SURFACE_CURVE('',#1167,(#1171,#1178),.PCURVE_S1.);
#1167 = LINE('',#1168,#1169);
#1168 = CARTESIAN_POINT('',(24.266980204174,-15.60481003492,2.135));
#1169 = VECTOR('',#1170,1.);
#1170 = DIRECTION('',(-0.61421271269,-0.789140509396,0.));
#1171 = PCURVE('',#1124,#1172);
#1172 = DEFINITIONAL_REPRESENTATION('',(#1173),#1177);
#1173 = LINE('',#1174,#1175);
#1174 = CARTESIAN_POINT('',(0.,-4.27));
#1175 = VECTOR('',#1176,1.);
#1176 = DIRECTION('',(1.,0.));
#1177 = ( GEOMETRIC_REPRESENTATION_CONTEXT(2) 
PARAMETRIC_REPRESENTATION_CONTEXT() REPRESENTATION_CONTEXT('2D SPACE',''
  ) );
#1178 = PCURVE('',#102,#1179);
#1179 = DEFINITIONAL_REPRESENTATION('',(#1180),#1184);
#1180 = LINE('',#1181,#1182);
#1181 = CARTESIAN_POINT('',(24.266980204174,-15.60481003492));
#1182 = VECTOR('',#1183,1.);
#1183 = DIRECTION('',(-0.61421271269,-0.789140509396));
#1184 = ( GEOMETRIC_REPRESENTATION_CONTEXT(2) 
PARAMETRIC_REPRESENTATION_CONTEXT() REPRESENTATION_CONTEXT('2D SPACE',''
  ) );
#1185 = ORIENTED_EDGE('',*,*,#1186,.T.);
#1186 = EDGE_CURVE('',#1164,#1140,#1187,.T.);
#1187 = SURFACE_CURVE('',#1188,(#1192,#1199),.PCURVE_S1.);
#1188 = LINE('',#1189,#1190);
#1189 = CARTESIAN_POINT('',(24.262231444506,-15.61091124146,-2.135));
#1190 = VECTOR('',#1191,1.);
#1191 = DIRECTION('',(-0.,0.,-1.));
#1192 = PCURVE('',#1124,#1193);
#1193 = DEFINITIONAL_REPRESENTATION('',(#1194),#1198);
#1194 = LINE('',#1195,#1196);
#1195 = CARTESIAN_POINT('',(7.731457798994E-03,0.));
#1196 = VECTOR('',#1197,1.);
#1197 = DIRECTION('',(-0.,1.));
#1198 = ( GEOMETRIC_REPRESENTATION_CONTEXT(2) 
PARAMETRIC_REPRESENTATION_CONTEXT() REPRESENTATION_CONTEXT('2D SPACE',''
  ) );
#1199 = PCURVE('',#1200,#1205);
#1200 = CYLINDRICAL_SURFACE('',#1201,2.5907);
#1201 = AXIS2_PLACEMENT_3D('',#1202,#1203,#1204);
#1202 = CARTESIAN_POINT('',(22.833567431288,-17.77207889515,-2.135));
#1203 = DIRECTION('',(-0.,0.,-1.));
#1204 = DIRECTION('',(0.789140509396,-0.61421271269,0.));
#1205 = DEFINITIONAL_REPRESENTATION('',(#1206),#1210);
#1206 = LINE('',#1207,#1208);
#1207 = CARTESIAN_POINT('',(-1.648072426672,0.));
#1208 = VECTOR('',#1209,1.);
#1209 = DIRECTION('',(-0.,1.));
#1210 = ( GEOMETRIC_REPRESENTATION_CONTEXT(2) 
PARAMETRIC_REPRESENTATION_CONTEXT() REPRESENTATION_CONTEXT('2D SPACE',''
  ) );
#1211 = ADVANCED_FACE('',(#1212),#1200,.F.);
#1212 = FACE_BOUND('',#1213,.T.);
#1213 = EDGE_LOOP('',(#1214,#1238,#1239,#1263));
#1214 = ORIENTED_EDGE('',*,*,#1215,.F.);
#1215 = EDGE_CURVE('',#1140,#1216,#1218,.T.);
#1216 = VERTEX_POINT('',#1217);
#1217 = CARTESIAN_POINT('',(21.089247214311,-19.68756146376,-2.135));
#1218 = SURFACE_CURVE('',#1219,(#1224,#1231),.PCURVE_S1.);
#1219 = CIRCLE('',#1220,2.5907);
#1220 = AXIS2_PLACEMENT_3D('',#1221,#1222,#1223);
#1221 = CARTESIAN_POINT('',(22.833567431288,-17.77207889515,-2.135));
#1222 = DIRECTION('',(-0.,0.,1.));
#1223 = DIRECTION('',(0.789140509396,-0.61421271269,0.));
#1224 = PCURVE('',#1200,#1225);
#1225 = DEFINITIONAL_REPRESENTATION('',(#1226),#1230);
#1226 = LINE('',#1227,#1228);
#1227 = CARTESIAN_POINT('',(-0.,0.));
#1228 = VECTOR('',#1229,1.);
#1229 = DIRECTION('',(-1.,0.));
#1230 = ( GEOMETRIC_REPRESENTATION_CONTEXT(2) 
PARAMETRIC_REPRESENTATION_CONTEXT() REPRESENTATION_CONTEXT('2D SPACE',''
  ) );
#1231 = PCURVE('',#45,#1232);
#1232 = DEFINITIONAL_REPRESENTATION('',(#1233),#1237);
#1233 = CIRCLE('',#1234,2.5907);
#1234 = AXIS2_PLACEMENT_2D('',#1235,#1236);
#1235 = CARTESIAN_POINT('',(22.833567431288,-17.77207889515));
#1236 = DIRECTION('',(0.789140509396,-0.61421271269));
#1237 = ( GEOMETRIC_REPRESENTATION_CONTEXT(2) 
PARAMETRIC_REPRESENTATION_CONTEXT() REPRESENTATION_CONTEXT('2D SPACE',''
  ) );
#1238 = ORIENTED_EDGE('',*,*,#1186,.F.);
#1239 = ORIENTED_EDGE('',*,*,#1240,.T.);
#1240 = EDGE_CURVE('',#1164,#1241,#1243,.T.);
#1241 = VERTEX_POINT('',#1242);
#1242 = CARTESIAN_POINT('',(21.089247214311,-19.68756146376,2.135));
#1243 = SURFACE_CURVE('',#1244,(#1249,#1256),.PCURVE_S1.);
#1244 = CIRCLE('',#1245,2.5907);
#1245 = AXIS2_PLACEMENT_3D('',#1246,#1247,#1248);
#1246 = CARTESIAN_POINT('',(22.833567431288,-17.77207889515,2.135));
#1247 = DIRECTION('',(-0.,0.,1.));
#1248 = DIRECTION('',(0.789140509396,-0.61421271269,0.));
#1249 = PCURVE('',#1200,#1250);
#1250 = DEFINITIONAL_REPRESENTATION('',(#1251),#1255);
#1251 = LINE('',#1252,#1253);
#1252 = CARTESIAN_POINT('',(-0.,-4.27));
#1253 = VECTOR('',#1254,1.);
#1254 = DIRECTION('',(-1.,0.));
#1255 = ( GEOMETRIC_REPRESENTATION_CONTEXT(2) 
PARAMETRIC_REPRESENTATION_CONTEXT() REPRESENTATION_CONTEXT('2D SPACE',''
  ) );
#1256 = PCURVE('',#102,#1257);
#1257 = DEFINITIONAL_REPRESENTATION('',(#1258),#1262);
#1258 = CIRCLE('',#1259,2.5907);
#1259 = AXIS2_PLACEMENT_2D('',#1260,#1261);
#1260 = CARTESIAN_POINT('',(22.833567431288,-17.77207889515));
#1261 = DIRECTION('',(0.789140509396,-0.61421271269));
#1262 = ( GEOMETRIC_REPRESENTATION_CONTEXT(2) 
PARAMETRIC_REPRESENTATION_CONTEXT() REPRESENTATION_CONTEXT('2D SPACE',''
  ) );
#1263 = ORIENTED_EDGE('',*,*,#1264,.T.);
#1264 = EDGE_CURVE('',#1241,#1216,#1265,.T.);
#1265 = SURFACE_CURVE('',#1266,(#1270,#1277),.PCURVE_S1.);
#1266 = LINE('',#1267,#1268);
#1267 = CARTESIAN_POINT('',(21.089247214311,-19.68756146376,-2.135));
#1268 = VECTOR('',#1269,1.);
#1269 = DIRECTION('',(-0.,0.,-1.));
#1270 = PCURVE('',#1200,#1271);
#1271 = DEFINITIONAL_REPRESENTATION('',(#1272),#1276);
#1272 = LINE('',#1273,#1274);
#1273 = CARTESIAN_POINT('',(-4.635112880507,0.));
#1274 = VECTOR('',#1275,1.);
#1275 = DIRECTION('',(-0.,1.));
#1276 = ( GEOMETRIC_REPRESENTATION_CONTEXT(2) 
PARAMETRIC_REPRESENTATION_CONTEXT() REPRESENTATION_CONTEXT('2D SPACE',''
  ) );
#1277 = PCURVE('',#1278,#1283);
#1278 = PLANE('',#1279);
#1279 = AXIS2_PLACEMENT_3D('',#1280,#1281,#1282);
#1280 = CARTESIAN_POINT('',(24.266980204174,-15.60481003492,-2.135));
#1281 = DIRECTION('',(0.789140509396,-0.61421271269,0.));
#1282 = DIRECTION('',(-0.61421271269,-0.789140509396,0.));
#1283 = DEFINITIONAL_REPRESENTATION('',(#1284),#1288);
#1284 = LINE('',#1285,#1286);
#1285 = CARTESIAN_POINT('',(5.173668542201,0.));
#1286 = VECTOR('',#1287,1.);
#1287 = DIRECTION('',(-0.,1.));
#1288 = ( GEOMETRIC_REPRESENTATION_CONTEXT(2) 
PARAMETRIC_REPRESENTATION_CONTEXT() REPRESENTATION_CONTEXT('2D SPACE',''
  ) );
#1289 = ADVANCED_FACE('',(#1290),#1278,.T.);
#1290 = FACE_BOUND('',#1291,.T.);
#1291 = EDGE_LOOP('',(#1292,#1315,#1316,#1339));
#1292 = ORIENTED_EDGE('',*,*,#1293,.F.);
#1293 = EDGE_CURVE('',#1216,#1294,#1296,.T.);
#1294 = VERTEX_POINT('',#1295);
#1295 = CARTESIAN_POINT('',(21.084498454643,-19.6936626703,-2.135));
#1296 = SURFACE_CURVE('',#1297,(#1301,#1308),.PCURVE_S1.);
#1297 = LINE('',#1298,#1299);
#1298 = CARTESIAN_POINT('',(24.266980204174,-15.60481003492,-2.135));
#1299 = VECTOR('',#1300,1.);
#1300 = DIRECTION('',(-0.61421271269,-0.789140509396,0.));
#1301 = PCURVE('',#1278,#1302);
#1302 = DEFINITIONAL_REPRESENTATION('',(#1303),#1307);
#1303 = LINE('',#1304,#1305);
#1304 = CARTESIAN_POINT('',(0.,0.));
#1305 = VECTOR('',#1306,1.);
#1306 = DIRECTION('',(1.,0.));
#1307 = ( GEOMETRIC_REPRESENTATION_CONTEXT(2) 
PARAMETRIC_REPRESENTATION_CONTEXT() REPRESENTATION_CONTEXT('2D SPACE',''
  ) );
#1308 = PCURVE('',#45,#1309);
#1309 = DEFINITIONAL_REPRESENTATION('',(#1310),#1314);
#1310 = LINE('',#1311,#1312);
#1311 = CARTESIAN_POINT('',(24.266980204174,-15.60481003492));
#1312 = VECTOR('',#1313,1.);
#1313 = DIRECTION('',(-0.61421271269,-0.789140509396));
#1314 = ( GEOMETRIC_REPRESENTATION_CONTEXT(2) 
PARAMETRIC_REPRESENTATION_CONTEXT() REPRESENTATION_CONTEXT('2D SPACE',''
  ) );
#1315 = ORIENTED_EDGE('',*,*,#1264,.F.);
#1316 = ORIENTED_EDGE('',*,*,#1317,.T.);
#1317 = EDGE_CURVE('',#1241,#1318,#1320,.T.);
#1318 = VERTEX_POINT('',#1319);
#1319 = CARTESIAN_POINT('',(21.084498454643,-19.6936626703,2.135));
#1320 = SURFACE_CURVE('',#1321,(#1325,#1332),.PCURVE_S1.);
#1321 = LINE('',#1322,#1323);
#1322 = CARTESIAN_POINT('',(24.266980204174,-15.60481003492,2.135));
#1323 = VECTOR('',#1324,1.);
#1324 = DIRECTION('',(-0.61421271269,-0.789140509396,0.));
#1325 = PCURVE('',#1278,#1326);
#1326 = DEFINITIONAL_REPRESENTATION('',(#1327),#1331);
#1327 = LINE('',#1328,#1329);
#1328 = CARTESIAN_POINT('',(0.,-4.27));
#1329 = VECTOR('',#1330,1.);
#1330 = DIRECTION('',(1.,0.));
#1331 = ( GEOMETRIC_REPRESENTATION_CONTEXT(2) 
PARAMETRIC_REPRESENTATION_CONTEXT() REPRESENTATION_CONTEXT('2D SPACE',''
  ) );
#1332 = PCURVE('',#102,#1333);
#1333 = DEFINITIONAL_REPRESENTATION('',(#1334),#1338);
#1334 = LINE('',#1335,#1336);
#1335 = CARTESIAN_POINT('',(24.266980204174,-15.60481003492));
#1336 = VECTOR('',#1337,1.);
#1337 = DIRECTION('',(-0.61421271269,-0.789140509396));
#1338 = ( GEOMETRIC_REPRESENTATION_CONTEXT(2) 
PARAMETRIC_REPRESENTATION_CONTEXT() REPRESENTATION_CONTEXT('2D SPACE',''
  ) );
#1339 = ORIENTED_EDGE('',*,*,#1340,.F.);
#1340 = EDGE_CURVE('',#1294,#1318,#1341,.T.);
#1341 = SURFACE_CURVE('',#1342,(#1346,#1353),.PCURVE_S1.);
#1342 = LINE('',#1343,#1344);
#1343 = CARTESIAN_POINT('',(21.084498454643,-19.6936626703,-2.135));
#1344 = VECTOR('',#1345,1.);
#1345 = DIRECTION('',(0.,0.,1.));
#1346 = PCURVE('',#1278,#1347);
#1347 = DEFINITIONAL_REPRESENTATION('',(#1348),#1352);
#1348 = LINE('',#1349,#1350);
#1349 = CARTESIAN_POINT('',(5.1814,0.));
#1350 = VECTOR('',#1351,1.);
#1351 = DIRECTION('',(0.,-1.));
#1352 = ( GEOMETRIC_REPRESENTATION_CONTEXT(2) 
PARAMETRIC_REPRESENTATION_CONTEXT() REPRESENTATION_CONTEXT('2D SPACE',''
  ) );
#1353 = PCURVE('',#1354,#1359);
#1354 = PLANE('',#1355);
#1355 = AXIS2_PLACEMENT_3D('',#1356,#1357,#1358);
#1356 = CARTESIAN_POINT('',(21.084498454643,-19.6936626703,-2.135));
#1357 = DIRECTION('',(0.812361088631,0.583154749341,0.));
#1358 = DIRECTION('',(0.583154749341,-0.812361088631,0.));
#1359 = DEFINITIONAL_REPRESENTATION('',(#1360),#1364);
#1360 = LINE('',#1361,#1362);
#1361 = CARTESIAN_POINT('',(0.,0.));
#1362 = VECTOR('',#1363,1.);
#1363 = DIRECTION('',(0.,-1.));
#1364 = ( GEOMETRIC_REPRESENTATION_CONTEXT(2) 
PARAMETRIC_REPRESENTATION_CONTEXT() REPRESENTATION_CONTEXT('2D SPACE',''
  ) );
#1365 = ADVANCED_FACE('',(#1366),#1354,.T.);
#1366 = FACE_BOUND('',#1367,.T.);
#1367 = EDGE_LOOP('',(#1368,#1391,#1392,#1415));
#1368 = ORIENTED_EDGE('',*,*,#1369,.F.);
#1369 = EDGE_CURVE('',#1294,#1370,#1372,.T.);
#1370 = VERTEX_POINT('',#1371);
#1371 = CARTESIAN_POINT('',(22.596212396561,-21.79954894653,-2.135));
#1372 = SURFACE_CURVE('',#1373,(#1377,#1384),.PCURVE_S1.);
#1373 = LINE('',#1374,#1375);
#1374 = CARTESIAN_POINT('',(21.084498454643,-19.6936626703,-2.135));
#1375 = VECTOR('',#1376,1.);
#1376 = DIRECTION('',(0.583154749341,-0.812361088631,0.));
#1377 = PCURVE('',#1354,#1378);
#1378 = DEFINITIONAL_REPRESENTATION('',(#1379),#1383);
#1379 = LINE('',#1380,#1381);
#1380 = CARTESIAN_POINT('',(0.,0.));
#1381 = VECTOR('',#1382,1.);
#1382 = DIRECTION('',(1.,0.));
#1383 = ( GEOMETRIC_REPRESENTATION_CONTEXT(2) 
PARAMETRIC_REPRESENTATION_CONTEXT() REPRESENTATION_CONTEXT('2D SPACE',''
  ) );
#1384 = PCURVE('',#45,#1385);
#1385 = DEFINITIONAL_REPRESENTATION('',(#1386),#1390);
#1386 = LINE('',#1387,#1388);
#1387 = CARTESIAN_POINT('',(21.084498454643,-19.6936626703));
#1388 = VECTOR('',#1389,1.);
#1389 = DIRECTION('',(0.583154749341,-0.812361088631));
#1390 = ( GEOMETRIC_REPRESENTATION_CONTEXT(2) 
PARAMETRIC_REPRESENTATION_CONTEXT() REPRESENTATION_CONTEXT('2D SPACE',''
  ) );
#1391 = ORIENTED_EDGE('',*,*,#1340,.T.);
#1392 = ORIENTED_EDGE('',*,*,#1393,.T.);
#1393 = EDGE_CURVE('',#1318,#1394,#1396,.T.);
#1394 = VERTEX_POINT('',#1395);
#1395 = CARTESIAN_POINT('',(22.596212396561,-21.79954894653,2.135));
#1396 = SURFACE_CURVE('',#1397,(#1401,#1408),.PCURVE_S1.);
#1397 = LINE('',#1398,#1399);
#1398 = CARTESIAN_POINT('',(21.084498454643,-19.6936626703,2.135));
#1399 = VECTOR('',#1400,1.);
#1400 = DIRECTION('',(0.583154749341,-0.812361088631,0.));
#1401 = PCURVE('',#1354,#1402);
#1402 = DEFINITIONAL_REPRESENTATION('',(#1403),#1407);
#1403 = LINE('',#1404,#1405);
#1404 = CARTESIAN_POINT('',(0.,-4.27));
#1405 = VECTOR('',#1406,1.);
#1406 = DIRECTION('',(1.,0.));
#1407 = ( GEOMETRIC_REPRESENTATION_CONTEXT(2) 
PARAMETRIC_REPRESENTATION_CONTEXT() REPRESENTATION_CONTEXT('2D SPACE',''
  ) );
#1408 = PCURVE('',#102,#1409);
#1409 = DEFINITIONAL_REPRESENTATION('',(#1410),#1414);
#1410 = LINE('',#1411,#1412);
#1411 = CARTESIAN_POINT('',(21.084498454643,-19.6936626703));
#1412 = VECTOR('',#1413,1.);
#1413 = DIRECTION('',(0.583154749341,-0.812361088631));
#1414 = ( GEOMETRIC_REPRESENTATION_CONTEXT(2) 
PARAMETRIC_REPRESENTATION_CONTEXT() REPRESENTATION_CONTEXT('2D SPACE',''
  ) );
#1415 = ORIENTED_EDGE('',*,*,#1416,.T.);
#1416 = EDGE_CURVE('',#1394,#1370,#1417,.T.);
#1417 = SURFACE_CURVE('',#1418,(#1422,#1429),.PCURVE_S1.);
#1418 = LINE('',#1419,#1420);
#1419 = CARTESIAN_POINT('',(22.596212396561,-21.79954894653,-2.135));
#1420 = VECTOR('',#1421,1.);
#1421 = DIRECTION('',(-0.,-0.,-1.));
#1422 = PCURVE('',#1354,#1423);
#1423 = DEFINITIONAL_REPRESENTATION('',(#1424),#1428);
#1424 = LINE('',#1425,#1426);
#1425 = CARTESIAN_POINT('',(2.592303232764,0.));
#1426 = VECTOR('',#1427,1.);
#1427 = DIRECTION('',(0.,1.));
#1428 = ( GEOMETRIC_REPRESENTATION_CONTEXT(2) 
PARAMETRIC_REPRESENTATION_CONTEXT() REPRESENTATION_CONTEXT('2D SPACE',''
  ) );
#1429 = PCURVE('',#1430,#1435);
#1430 = CYLINDRICAL_SURFACE('',#1431,31.397597821218);
#1431 = AXIS2_PLACEMENT_3D('',#1432,#1433,#1434);
#1432 = CARTESIAN_POINT('',(0.,0.,-2.135));
#1433 = DIRECTION('',(-0.,-0.,-1.));
#1434 = DIRECTION('',(1.,0.,0.));
#1435 = DEFINITIONAL_REPRESENTATION('',(#1436),#1440);
#1436 = LINE('',#1437,#1438);
#1437 = CARTESIAN_POINT('',(-5.515729801634,0.));
#1438 = VECTOR('',#1439,1.);
#1439 = DIRECTION('',(-0.,1.));
#1440 = ( GEOMETRIC_REPRESENTATION_CONTEXT(2) 
PARAMETRIC_REPRESENTATION_CONTEXT() REPRESENTATION_CONTEXT('2D SPACE',''
  ) );
#1441 = ADVANCED_FACE('',(#1442),#1430,.T.);
#1442 = FACE_BOUND('',#1443,.F.);
#1443 = EDGE_LOOP('',(#1444,#1468,#1496,#1518));
#1444 = ORIENTED_EDGE('',*,*,#1445,.F.);
#1445 = EDGE_CURVE('',#1446,#1370,#1448,.T.);
#1446 = VERTEX_POINT('',#1447);
#1447 = CARTESIAN_POINT('',(19.859112004797,-24.31922735869,-2.135));
#1448 = SURFACE_CURVE('',#1449,(#1454,#1461),.PCURVE_S1.);
#1449 = CIRCLE('',#1450,31.397597821218);
#1450 = AXIS2_PLACEMENT_3D('',#1451,#1452,#1453);
#1451 = CARTESIAN_POINT('',(0.,0.,-2.135));
#1452 = DIRECTION('',(0.,0.,1.));
#1453 = DIRECTION('',(1.,0.,0.));
#1454 = PCURVE('',#1430,#1455);
#1455 = DEFINITIONAL_REPRESENTATION('',(#1456),#1460);
#1456 = LINE('',#1457,#1458);
#1457 = CARTESIAN_POINT('',(-0.,0.));
#1458 = VECTOR('',#1459,1.);
#1459 = DIRECTION('',(-1.,0.));
#1460 = ( GEOMETRIC_REPRESENTATION_CONTEXT(2) 
PARAMETRIC_REPRESENTATION_CONTEXT() REPRESENTATION_CONTEXT('2D SPACE',''
  ) );
#1461 = PCURVE('',#45,#1462);
#1462 = DEFINITIONAL_REPRESENTATION('',(#1463),#1467);
#1463 = CIRCLE('',#1464,31.397597821218);
#1464 = AXIS2_PLACEMENT_2D('',#1465,#1466);
#1465 = CARTESIAN_POINT('',(2.090514272322E-15,-2.899329622222E-15));
#1466 = DIRECTION('',(1.,0.));
#1467 = ( GEOMETRIC_REPRESENTATION_CONTEXT(2) 
PARAMETRIC_REPRESENTATION_CONTEXT() REPRESENTATION_CONTEXT('2D SPACE',''
  ) );
#1468 = ORIENTED_EDGE('',*,*,#1469,.F.);
#1469 = EDGE_CURVE('',#1470,#1446,#1472,.T.);
#1470 = VERTEX_POINT('',#1471);
#1471 = CARTESIAN_POINT('',(19.859112004797,-24.31922735869,2.135));
#1472 = SURFACE_CURVE('',#1473,(#1477,#1484),.PCURVE_S1.);
#1473 = LINE('',#1474,#1475);
#1474 = CARTESIAN_POINT('',(19.859112004797,-24.31922735869,-2.135));
#1475 = VECTOR('',#1476,1.);
#1476 = DIRECTION('',(-0.,-0.,-1.));
#1477 = PCURVE('',#1430,#1478);
#1478 = DEFINITIONAL_REPRESENTATION('',(#1479),#1483);
#1479 = LINE('',#1480,#1481);
#1480 = CARTESIAN_POINT('',(-5.397170995046,0.));
#1481 = VECTOR('',#1482,1.);
#1482 = DIRECTION('',(-0.,1.));
#1483 = ( GEOMETRIC_REPRESENTATION_CONTEXT(2) 
PARAMETRIC_REPRESENTATION_CONTEXT() REPRESENTATION_CONTEXT('2D SPACE',''
  ) );
#1484 = PCURVE('',#1485,#1490);
#1485 = PLANE('',#1486);
#1486 = AXIS2_PLACEMENT_3D('',#1487,#1488,#1489);
#1487 = CARTESIAN_POINT('',(22.380757253751,-26.46604282326,-2.135));
#1488 = DIRECTION('',(-0.648247227203,-0.761429926142,0.));
#1489 = DIRECTION('',(-0.761429926142,0.648247227203,0.));
#1490 = DEFINITIONAL_REPRESENTATION('',(#1491),#1495);
#1491 = LINE('',#1492,#1493);
#1492 = CARTESIAN_POINT('',(3.311723327887,-0.));
#1493 = VECTOR('',#1494,1.);
#1494 = DIRECTION('',(0.,1.));
#1495 = ( GEOMETRIC_REPRESENTATION_CONTEXT(2) 
PARAMETRIC_REPRESENTATION_CONTEXT() REPRESENTATION_CONTEXT('2D SPACE',''
  ) );
#1496 = ORIENTED_EDGE('',*,*,#1497,.T.);
#1497 = EDGE_CURVE('',#1470,#1394,#1498,.T.);
#1498 = SURFACE_CURVE('',#1499,(#1504,#1511),.PCURVE_S1.);
#1499 = CIRCLE('',#1500,31.397597821218);
#1500 = AXIS2_PLACEMENT_3D('',#1501,#1502,#1503);
#1501 = CARTESIAN_POINT('',(0.,0.,2.135));
#1502 = DIRECTION('',(0.,0.,1.));
#1503 = DIRECTION('',(1.,0.,0.));
#1504 = PCURVE('',#1430,#1505);
#1505 = DEFINITIONAL_REPRESENTATION('',(#1506),#1510);
#1506 = LINE('',#1507,#1508);
#1507 = CARTESIAN_POINT('',(-0.,-4.27));
#1508 = VECTOR('',#1509,1.);
#1509 = DIRECTION('',(-1.,0.));
#1510 = ( GEOMETRIC_REPRESENTATION_CONTEXT(2) 
PARAMETRIC_REPRESENTATION_CONTEXT() REPRESENTATION_CONTEXT('2D SPACE',''
  ) );
#1511 = PCURVE('',#102,#1512);
#1512 = DEFINITIONAL_REPRESENTATION('',(#1513),#1517);
#1513 = CIRCLE('',#1514,31.397597821218);
#1514 = AXIS2_PLACEMENT_2D('',#1515,#1516);
#1515 = CARTESIAN_POINT('',(2.090514272322E-15,-2.899329622222E-15));
#1516 = DIRECTION('',(1.,0.));
#1517 = ( GEOMETRIC_REPRESENTATION_CONTEXT(2) 
PARAMETRIC_REPRESENTATION_CONTEXT() REPRESENTATION_CONTEXT('2D SPACE',''
  ) );
#1518 = ORIENTED_EDGE('',*,*,#1416,.T.);
#1519 = ADVANCED_FACE('',(#1520),#1485,.T.);
#1520 = FACE_BOUND('',#1521,.T.);
#1521 = EDGE_LOOP('',(#1522,#1545,#1546,#1569));
#1522 = ORIENTED_EDGE('',*,*,#1523,.F.);
#1523 = EDGE_CURVE('',#1446,#1524,#1526,.T.);
#1524 = VERTEX_POINT('',#1525);
#1525 = CARTESIAN_POINT('',(17.885254745736,-22.63877397598,-2.135));
#1526 = SURFACE_CURVE('',#1527,(#1531,#1538),.PCURVE_S1.);
#1527 = LINE('',#1528,#1529);
#1528 = CARTESIAN_POINT('',(22.380757253751,-26.46604282326,-2.135));
#1529 = VECTOR('',#1530,1.);
#1530 = DIRECTION('',(-0.761429926142,0.648247227203,0.));
#1531 = PCURVE('',#1485,#1532);
#1532 = DEFINITIONAL_REPRESENTATION('',(#1533),#1537);
#1533 = LINE('',#1534,#1535);
#1534 = CARTESIAN_POINT('',(0.,0.));
#1535 = VECTOR('',#1536,1.);
#1536 = DIRECTION('',(1.,-0.));
#1537 = ( GEOMETRIC_REPRESENTATION_CONTEXT(2) 
PARAMETRIC_REPRESENTATION_CONTEXT() REPRESENTATION_CONTEXT('2D SPACE',''
  ) );
#1538 = PCURVE('',#45,#1539);
#1539 = DEFINITIONAL_REPRESENTATION('',(#1540),#1544);
#1540 = LINE('',#1541,#1542);
#1541 = CARTESIAN_POINT('',(22.380757253751,-26.46604282326));
#1542 = VECTOR('',#1543,1.);
#1543 = DIRECTION('',(-0.761429926142,0.648247227203));
#1544 = ( GEOMETRIC_REPRESENTATION_CONTEXT(2) 
PARAMETRIC_REPRESENTATION_CONTEXT() REPRESENTATION_CONTEXT('2D SPACE',''
  ) );
#1545 = ORIENTED_EDGE('',*,*,#1469,.F.);
#1546 = ORIENTED_EDGE('',*,*,#1547,.T.);
#1547 = EDGE_CURVE('',#1470,#1548,#1550,.T.);
#1548 = VERTEX_POINT('',#1549);
#1549 = CARTESIAN_POINT('',(17.885254745736,-22.63877397598,2.135));
#1550 = SURFACE_CURVE('',#1551,(#1555,#1562),.PCURVE_S1.);
#1551 = LINE('',#1552,#1553);
#1552 = CARTESIAN_POINT('',(22.380757253751,-26.46604282326,2.135));
#1553 = VECTOR('',#1554,1.);
#1554 = DIRECTION('',(-0.761429926142,0.648247227203,0.));
#1555 = PCURVE('',#1485,#1556);
#1556 = DEFINITIONAL_REPRESENTATION('',(#1557),#1561);
#1557 = LINE('',#1558,#1559);
#1558 = CARTESIAN_POINT('',(0.,-4.27));
#1559 = VECTOR('',#1560,1.);
#1560 = DIRECTION('',(1.,-0.));
#1561 = ( GEOMETRIC_REPRESENTATION_CONTEXT(2) 
PARAMETRIC_REPRESENTATION_CONTEXT() REPRESENTATION_CONTEXT('2D SPACE',''
  ) );
#1562 = PCURVE('',#102,#1563);
#1563 = DEFINITIONAL_REPRESENTATION('',(#1564),#1568);
#1564 = LINE('',#1565,#1566);
#1565 = CARTESIAN_POINT('',(22.380757253751,-26.46604282326));
#1566 = VECTOR('',#1567,1.);
#1567 = DIRECTION('',(-0.761429926142,0.648247227203));
#1568 = ( GEOMETRIC_REPRESENTATION_CONTEXT(2) 
PARAMETRIC_REPRESENTATION_CONTEXT() REPRESENTATION_CONTEXT('2D SPACE',''
  ) );
#1569 = ORIENTED_EDGE('',*,*,#1570,.F.);
#1570 = EDGE_CURVE('',#1524,#1548,#1571,.T.);
#1571 = SURFACE_CURVE('',#1572,(#1576,#1583),.PCURVE_S1.);
#1572 = LINE('',#1573,#1574);
#1573 = CARTESIAN_POINT('',(17.885254745736,-22.63877397598,-2.135));
#1574 = VECTOR('',#1575,1.);
#1575 = DIRECTION('',(0.,0.,1.));
#1576 = PCURVE('',#1485,#1577);
#1577 = DEFINITIONAL_REPRESENTATION('',(#1578),#1582);
#1578 = LINE('',#1579,#1580);
#1579 = CARTESIAN_POINT('',(5.904026560651,-0.));
#1580 = VECTOR('',#1581,1.);
#1581 = DIRECTION('',(0.,-1.));
#1582 = ( GEOMETRIC_REPRESENTATION_CONTEXT(2) 
PARAMETRIC_REPRESENTATION_CONTEXT() REPRESENTATION_CONTEXT('2D SPACE',''
  ) );
#1583 = PCURVE('',#1584,#1589);
#1584 = PLANE('',#1585);
#1585 = AXIS2_PLACEMENT_3D('',#1586,#1587,#1588);
#1586 = CARTESIAN_POINT('',(17.885254745736,-22.63877397598,-2.135));
#1587 = DIRECTION('',(0.546948158122,-0.837166478263,0.));
#1588 = DIRECTION('',(-0.837166478263,-0.546948158122,0.));
#1589 = DEFINITIONAL_REPRESENTATION('',(#1590),#1594);
#1590 = LINE('',#1591,#1592);
#1591 = CARTESIAN_POINT('',(0.,0.));
#1592 = VECTOR('',#1593,1.);
#1593 = DIRECTION('',(0.,-1.));
#1594 = ( GEOMETRIC_REPRESENTATION_CONTEXT(2) 
PARAMETRIC_REPRESENTATION_CONTEXT() REPRESENTATION_CONTEXT('2D SPACE',''
  ) );
#1595 = ADVANCED_FACE('',(#1596),#1584,.T.);
#1596 = FACE_BOUND('',#1597,.T.);
#1597 = EDGE_LOOP('',(#1598,#1621,#1622,#1645));
#1598 = ORIENTED_EDGE('',*,*,#1599,.F.);
#1599 = EDGE_CURVE('',#1524,#1600,#1602,.T.);
#1600 = VERTEX_POINT('',#1601);
#1601 = CARTESIAN_POINT('',(17.878782228439,-22.64300268259,-2.135));
#1602 = SURFACE_CURVE('',#1603,(#1607,#1614),.PCURVE_S1.);
#1603 = LINE('',#1604,#1605);
#1604 = CARTESIAN_POINT('',(17.885254745736,-22.63877397598,-2.135));
#1605 = VECTOR('',#1606,1.);
#1606 = DIRECTION('',(-0.837166478263,-0.546948158122,0.));
#1607 = PCURVE('',#1584,#1608);
#1608 = DEFINITIONAL_REPRESENTATION('',(#1609),#1613);
#1609 = LINE('',#1610,#1611);
#1610 = CARTESIAN_POINT('',(0.,0.));
#1611 = VECTOR('',#1612,1.);
#1612 = DIRECTION('',(1.,0.));
#1613 = ( GEOMETRIC_REPRESENTATION_CONTEXT(2) 
PARAMETRIC_REPRESENTATION_CONTEXT() REPRESENTATION_CONTEXT('2D SPACE',''
  ) );
#1614 = PCURVE('',#45,#1615);
#1615 = DEFINITIONAL_REPRESENTATION('',(#1616),#1620);
#1616 = LINE('',#1617,#1618);
#1617 = CARTESIAN_POINT('',(17.885254745736,-22.63877397598));
#1618 = VECTOR('',#1619,1.);
#1619 = DIRECTION('',(-0.837166478263,-0.546948158122));
#1620 = ( GEOMETRIC_REPRESENTATION_CONTEXT(2) 
PARAMETRIC_REPRESENTATION_CONTEXT() REPRESENTATION_CONTEXT('2D SPACE',''
  ) );
#1621 = ORIENTED_EDGE('',*,*,#1570,.T.);
#1622 = ORIENTED_EDGE('',*,*,#1623,.T.);
#1623 = EDGE_CURVE('',#1548,#1624,#1626,.T.);
#1624 = VERTEX_POINT('',#1625);
#1625 = CARTESIAN_POINT('',(17.878782228439,-22.64300268259,2.135));
#1626 = SURFACE_CURVE('',#1627,(#1631,#1638),.PCURVE_S1.);
#1627 = LINE('',#1628,#1629);
#1628 = CARTESIAN_POINT('',(17.885254745736,-22.63877397598,2.135));
#1629 = VECTOR('',#1630,1.);
#1630 = DIRECTION('',(-0.837166478263,-0.546948158122,0.));
#1631 = PCURVE('',#1584,#1632);
#1632 = DEFINITIONAL_REPRESENTATION('',(#1633),#1637);
#1633 = LINE('',#1634,#1635);
#1634 = CARTESIAN_POINT('',(0.,-4.27));
#1635 = VECTOR('',#1636,1.);
#1636 = DIRECTION('',(1.,0.));
#1637 = ( GEOMETRIC_REPRESENTATION_CONTEXT(2) 
PARAMETRIC_REPRESENTATION_CONTEXT() REPRESENTATION_CONTEXT('2D SPACE',''
  ) );
#1638 = PCURVE('',#102,#1639);
#1639 = DEFINITIONAL_REPRESENTATION('',(#1640),#1644);
#1640 = LINE('',#1641,#1642);
#1641 = CARTESIAN_POINT('',(17.885254745736,-22.63877397598));
#1642 = VECTOR('',#1643,1.);
#1643 = DIRECTION('',(-0.837166478263,-0.546948158122));
#1644 = ( GEOMETRIC_REPRESENTATION_CONTEXT(2) 
PARAMETRIC_REPRESENTATION_CONTEXT() REPRESENTATION_CONTEXT('2D SPACE',''
  ) );
#1645 = ORIENTED_EDGE('',*,*,#1646,.T.);
#1646 = EDGE_CURVE('',#1624,#1600,#1647,.T.);
#1647 = SURFACE_CURVE('',#1648,(#1652,#1659),.PCURVE_S1.);
#1648 = LINE('',#1649,#1650);
#1649 = CARTESIAN_POINT('',(17.878782228439,-22.64300268259,-2.135));
#1650 = VECTOR('',#1651,1.);
#1651 = DIRECTION('',(-0.,0.,-1.));
#1652 = PCURVE('',#1584,#1653);
#1653 = DEFINITIONAL_REPRESENTATION('',(#1654),#1658);
#1654 = LINE('',#1655,#1656);
#1655 = CARTESIAN_POINT('',(7.731457798992E-03,0.));
#1656 = VECTOR('',#1657,1.);
#1657 = DIRECTION('',(-0.,1.));
#1658 = ( GEOMETRIC_REPRESENTATION_CONTEXT(2) 
PARAMETRIC_REPRESENTATION_CONTEXT() REPRESENTATION_CONTEXT('2D SPACE',''
  ) );
#1659 = PCURVE('',#1660,#1665);
#1660 = CYLINDRICAL_SURFACE('',#1661,2.5907);
#1661 = AXIS2_PLACEMENT_3D('',#1662,#1663,#1664);
#1662 = CARTESIAN_POINT('',(15.825797182126,-24.22318586488,-2.135));
#1663 = DIRECTION('',(-0.,0.,-1.));
#1664 = DIRECTION('',(0.546948158122,-0.837166478263,0.));
#1665 = DEFINITIONAL_REPRESENTATION('',(#1666),#1670);
#1666 = LINE('',#1667,#1668);
#1667 = CARTESIAN_POINT('',(-1.648072426672,0.));
#1668 = VECTOR('',#1669,1.);
#1669 = DIRECTION('',(-0.,1.));
#1670 = ( GEOMETRIC_REPRESENTATION_CONTEXT(2) 
PARAMETRIC_REPRESENTATION_CONTEXT() REPRESENTATION_CONTEXT('2D SPACE',''
  ) );
#1671 = ADVANCED_FACE('',(#1672),#1660,.F.);
#1672 = FACE_BOUND('',#1673,.T.);
#1673 = EDGE_LOOP('',(#1674,#1698,#1699,#1723));
#1674 = ORIENTED_EDGE('',*,*,#1675,.F.);
#1675 = EDGE_CURVE('',#1600,#1676,#1678,.T.);
#1676 = VERTEX_POINT('',#1677);
#1677 = CARTESIAN_POINT('',(13.554032872564,-25.46850245588,-2.135));
#1678 = SURFACE_CURVE('',#1679,(#1684,#1691),.PCURVE_S1.);
#1679 = CIRCLE('',#1680,2.5907);
#1680 = AXIS2_PLACEMENT_3D('',#1681,#1682,#1683);
#1681 = CARTESIAN_POINT('',(15.825797182126,-24.22318586488,-2.135));
#1682 = DIRECTION('',(-0.,0.,1.));
#1683 = DIRECTION('',(0.546948158122,-0.837166478263,0.));
#1684 = PCURVE('',#1660,#1685);
#1685 = DEFINITIONAL_REPRESENTATION('',(#1686),#1690);
#1686 = LINE('',#1687,#1688);
#1687 = CARTESIAN_POINT('',(-0.,0.));
#1688 = VECTOR('',#1689,1.);
#1689 = DIRECTION('',(-1.,0.));
#1690 = ( GEOMETRIC_REPRESENTATION_CONTEXT(2) 
PARAMETRIC_REPRESENTATION_CONTEXT() REPRESENTATION_CONTEXT('2D SPACE',''
  ) );
#1691 = PCURVE('',#45,#1692);
#1692 = DEFINITIONAL_REPRESENTATION('',(#1693),#1697);
#1693 = CIRCLE('',#1694,2.5907);
#1694 = AXIS2_PLACEMENT_2D('',#1695,#1696);
#1695 = CARTESIAN_POINT('',(15.825797182126,-24.22318586488));
#1696 = DIRECTION('',(0.546948158122,-0.837166478263));
#1697 = ( GEOMETRIC_REPRESENTATION_CONTEXT(2) 
PARAMETRIC_REPRESENTATION_CONTEXT() REPRESENTATION_CONTEXT('2D SPACE',''
  ) );
#1698 = ORIENTED_EDGE('',*,*,#1646,.F.);
#1699 = ORIENTED_EDGE('',*,*,#1700,.T.);
#1700 = EDGE_CURVE('',#1624,#1701,#1703,.T.);
#1701 = VERTEX_POINT('',#1702);
#1702 = CARTESIAN_POINT('',(13.554032872564,-25.46850245588,2.135));
#1703 = SURFACE_CURVE('',#1704,(#1709,#1716),.PCURVE_S1.);
#1704 = CIRCLE('',#1705,2.5907);
#1705 = AXIS2_PLACEMENT_3D('',#1706,#1707,#1708);
#1706 = CARTESIAN_POINT('',(15.825797182126,-24.22318586488,2.135));
#1707 = DIRECTION('',(-0.,0.,1.));
#1708 = DIRECTION('',(0.546948158122,-0.837166478263,0.));
#1709 = PCURVE('',#1660,#1710);
#1710 = DEFINITIONAL_REPRESENTATION('',(#1711),#1715);
#1711 = LINE('',#1712,#1713);
#1712 = CARTESIAN_POINT('',(-0.,-4.27));
#1713 = VECTOR('',#1714,1.);
#1714 = DIRECTION('',(-1.,0.));
#1715 = ( GEOMETRIC_REPRESENTATION_CONTEXT(2) 
PARAMETRIC_REPRESENTATION_CONTEXT() REPRESENTATION_CONTEXT('2D SPACE',''
  ) );
#1716 = PCURVE('',#102,#1717);
#1717 = DEFINITIONAL_REPRESENTATION('',(#1718),#1722);
#1718 = CIRCLE('',#1719,2.5907);
#1719 = AXIS2_PLACEMENT_2D('',#1720,#1721);
#1720 = CARTESIAN_POINT('',(15.825797182126,-24.22318586488));
#1721 = DIRECTION('',(0.546948158122,-0.837166478263));
#1722 = ( GEOMETRIC_REPRESENTATION_CONTEXT(2) 
PARAMETRIC_REPRESENTATION_CONTEXT() REPRESENTATION_CONTEXT('2D SPACE',''
  ) );
#1723 = ORIENTED_EDGE('',*,*,#1724,.T.);
#1724 = EDGE_CURVE('',#1701,#1676,#1725,.T.);
#1725 = SURFACE_CURVE('',#1726,(#1730,#1737),.PCURVE_S1.);
#1726 = LINE('',#1727,#1728);
#1727 = CARTESIAN_POINT('',(13.554032872564,-25.46850245588,-2.135));
#1728 = VECTOR('',#1729,1.);
#1729 = DIRECTION('',(-0.,0.,-1.));
#1730 = PCURVE('',#1660,#1731);
#1731 = DEFINITIONAL_REPRESENTATION('',(#1732),#1736);
#1732 = LINE('',#1733,#1734);
#1733 = CARTESIAN_POINT('',(-4.635112880507,0.));
#1734 = VECTOR('',#1735,1.);
#1735 = DIRECTION('',(-0.,1.));
#1736 = ( GEOMETRIC_REPRESENTATION_CONTEXT(2) 
PARAMETRIC_REPRESENTATION_CONTEXT() REPRESENTATION_CONTEXT('2D SPACE',''
  ) );
#1737 = PCURVE('',#1738,#1743);
#1738 = PLANE('',#1739);
#1739 = AXIS2_PLACEMENT_3D('',#1740,#1741,#1742);
#1740 = CARTESIAN_POINT('',(17.885254745736,-22.63877397598,-2.135));
#1741 = DIRECTION('',(0.546948158122,-0.837166478263,0.));
#1742 = DIRECTION('',(-0.837166478263,-0.546948158122,0.));
#1743 = DEFINITIONAL_REPRESENTATION('',(#1744),#1748);
#1744 = LINE('',#1745,#1746);
#1745 = CARTESIAN_POINT('',(5.173668542201,0.));
#1746 = VECTOR('',#1747,1.);
#1747 = DIRECTION('',(-0.,1.));
#1748 = ( GEOMETRIC_REPRESENTATION_CONTEXT(2) 
PARAMETRIC_REPRESENTATION_CONTEXT() REPRESENTATION_CONTEXT('2D SPACE',''
  ) );
#1749 = ADVANCED_FACE('',(#1750),#1738,.T.);
#1750 = FACE_BOUND('',#1751,.T.);
#1751 = EDGE_LOOP('',(#1752,#1775,#1776,#1799));
#1752 = ORIENTED_EDGE('',*,*,#1753,.F.);
#1753 = EDGE_CURVE('',#1676,#1754,#1756,.T.);
#1754 = VERTEX_POINT('',#1755);
#1755 = CARTESIAN_POINT('',(13.547560355267,-25.47273116248,-2.135));
#1756 = SURFACE_CURVE('',#1757,(#1761,#1768),.PCURVE_S1.);
#1757 = LINE('',#1758,#1759);
#1758 = CARTESIAN_POINT('',(17.885254745736,-22.63877397598,-2.135));
#1759 = VECTOR('',#1760,1.);
#1760 = DIRECTION('',(-0.837166478263,-0.546948158122,0.));
#1761 = PCURVE('',#1738,#1762);
#1762 = DEFINITIONAL_REPRESENTATION('',(#1763),#1767);
#1763 = LINE('',#1764,#1765);
#1764 = CARTESIAN_POINT('',(0.,0.));
#1765 = VECTOR('',#1766,1.);
#1766 = DIRECTION('',(1.,0.));
#1767 = ( GEOMETRIC_REPRESENTATION_CONTEXT(2) 
PARAMETRIC_REPRESENTATION_CONTEXT() REPRESENTATION_CONTEXT('2D SPACE',''
  ) );
#1768 = PCURVE('',#45,#1769);
#1769 = DEFINITIONAL_REPRESENTATION('',(#1770),#1774);
#1770 = LINE('',#1771,#1772);
#1771 = CARTESIAN_POINT('',(17.885254745736,-22.63877397598));
#1772 = VECTOR('',#1773,1.);
#1773 = DIRECTION('',(-0.837166478263,-0.546948158122));
#1774 = ( GEOMETRIC_REPRESENTATION_CONTEXT(2) 
PARAMETRIC_REPRESENTATION_CONTEXT() REPRESENTATION_CONTEXT('2D SPACE',''
  ) );
#1775 = ORIENTED_EDGE('',*,*,#1724,.F.);
#1776 = ORIENTED_EDGE('',*,*,#1777,.T.);
#1777 = EDGE_CURVE('',#1701,#1778,#1780,.T.);
#1778 = VERTEX_POINT('',#1779);
#1779 = CARTESIAN_POINT('',(13.547560355267,-25.47273116248,2.135));
#1780 = SURFACE_CURVE('',#1781,(#1785,#1792),.PCURVE_S1.);
#1781 = LINE('',#1782,#1783);
#1782 = CARTESIAN_POINT('',(17.885254745736,-22.63877397598,2.135));
#1783 = VECTOR('',#1784,1.);
#1784 = DIRECTION('',(-0.837166478263,-0.546948158122,0.));
#1785 = PCURVE('',#1738,#1786);
#1786 = DEFINITIONAL_REPRESENTATION('',(#1787),#1791);
#1787 = LINE('',#1788,#1789);
#1788 = CARTESIAN_POINT('',(0.,-4.27));
#1789 = VECTOR('',#1790,1.);
#1790 = DIRECTION('',(1.,0.));
#1791 = ( GEOMETRIC_REPRESENTATION_CONTEXT(2) 
PARAMETRIC_REPRESENTATION_CONTEXT() REPRESENTATION_CONTEXT('2D SPACE',''
  ) );
#1792 = PCURVE('',#102,#1793);
#1793 = DEFINITIONAL_REPRESENTATION('',(#1794),#1798);
#1794 = LINE('',#1795,#1796);
#1795 = CARTESIAN_POINT('',(17.885254745736,-22.63877397598));
#1796 = VECTOR('',#1797,1.);
#1797 = DIRECTION('',(-0.837166478263,-0.546948158122));
#1798 = ( GEOMETRIC_REPRESENTATION_CONTEXT(2) 
PARAMETRIC_REPRESENTATION_CONTEXT() REPRESENTATION_CONTEXT('2D SPACE',''
  ) );
#1799 = ORIENTED_EDGE('',*,*,#1800,.F.);
#1800 = EDGE_CURVE('',#1754,#1778,#1801,.T.);
#1801 = SURFACE_CURVE('',#1802,(#1806,#1813),.PCURVE_S1.);
#1802 = LINE('',#1803,#1804);
#1803 = CARTESIAN_POINT('',(13.547560355267,-25.47273116248,-2.135));
#1804 = VECTOR('',#1805,1.);
#1805 = DIRECTION('',(0.,0.,1.));
#1806 = PCURVE('',#1738,#1807);
#1807 = DEFINITIONAL_REPRESENTATION('',(#1808),#1812);
#1808 = LINE('',#1809,#1810);
#1809 = CARTESIAN_POINT('',(5.1814,0.));
#1810 = VECTOR('',#1811,1.);
#1811 = DIRECTION('',(0.,-1.));
#1812 = ( GEOMETRIC_REPRESENTATION_CONTEXT(2) 
PARAMETRIC_REPRESENTATION_CONTEXT() REPRESENTATION_CONTEXT('2D SPACE',''
  ) );
#1813 = PCURVE('',#1814,#1819);
#1814 = PLANE('',#1815);
#1815 = AXIS2_PLACEMENT_3D('',#1816,#1817,#1818);
#1816 = CARTESIAN_POINT('',(13.547560355267,-25.47273116248,-2.135));
#1817 = DIRECTION('',(0.957695161689,0.287784602225,0.));
#1818 = DIRECTION('',(0.287784602225,-0.957695161689,0.));
#1819 = DEFINITIONAL_REPRESENTATION('',(#1820),#1824);
#1820 = LINE('',#1821,#1822);
#1821 = CARTESIAN_POINT('',(0.,0.));
#1822 = VECTOR('',#1823,1.);
#1823 = DIRECTION('',(0.,-1.));
#1824 = ( GEOMETRIC_REPRESENTATION_CONTEXT(2) 
PARAMETRIC_REPRESENTATION_CONTEXT() REPRESENTATION_CONTEXT('2D SPACE',''
  ) );
#1825 = ADVANCED_FACE('',(#1826),#1814,.T.);
#1826 = FACE_BOUND('',#1827,.T.);
#1827 = EDGE_LOOP('',(#1828,#1851,#1852,#1875));
#1828 = ORIENTED_EDGE('',*,*,#1829,.F.);
#1829 = EDGE_CURVE('',#1754,#1830,#1832,.T.);
#1830 = VERTEX_POINT('',#1831);
#1831 = CARTESIAN_POINT('',(14.293585309955,-27.95536742613,-2.135));
#1832 = SURFACE_CURVE('',#1833,(#1837,#1844),.PCURVE_S1.);
#1833 = LINE('',#1834,#1835);
#1834 = CARTESIAN_POINT('',(13.547560355267,-25.47273116248,-2.135));
#1835 = VECTOR('',#1836,1.);
#1836 = DIRECTION('',(0.287784602225,-0.957695161689,0.));
#1837 = PCURVE('',#1814,#1838);
#1838 = DEFINITIONAL_REPRESENTATION('',(#1839),#1843);
#1839 = LINE('',#1840,#1841);
#1840 = CARTESIAN_POINT('',(0.,0.));
#1841 = VECTOR('',#1842,1.);
#1842 = DIRECTION('',(1.,0.));
#1843 = ( GEOMETRIC_REPRESENTATION_CONTEXT(2) 
PARAMETRIC_REPRESENTATION_CONTEXT() REPRESENTATION_CONTEXT('2D SPACE',''
  ) );
#1844 = PCURVE('',#45,#1845);
#1845 = DEFINITIONAL_REPRESENTATION('',(#1846),#1850);
#1846 = LINE('',#1847,#1848);
#1847 = CARTESIAN_POINT('',(13.547560355267,-25.47273116248));
#1848 = VECTOR('',#1849,1.);
#1849 = DIRECTION('',(0.287784602225,-0.957695161689));
#1850 = ( GEOMETRIC_REPRESENTATION_CONTEXT(2) 
PARAMETRIC_REPRESENTATION_CONTEXT() REPRESENTATION_CONTEXT('2D SPACE',''
  ) );
#1851 = ORIENTED_EDGE('',*,*,#1800,.T.);
#1852 = ORIENTED_EDGE('',*,*,#1853,.T.);
#1853 = EDGE_CURVE('',#1778,#1854,#1856,.T.);
#1854 = VERTEX_POINT('',#1855);
#1855 = CARTESIAN_POINT('',(14.293585309955,-27.95536742613,2.135));
#1856 = SURFACE_CURVE('',#1857,(#1861,#1868),.PCURVE_S1.);
#1857 = LINE('',#1858,#1859);
#1858 = CARTESIAN_POINT('',(13.547560355267,-25.47273116248,2.135));
#1859 = VECTOR('',#1860,1.);
#1860 = DIRECTION('',(0.287784602225,-0.957695161689,0.));
#1861 = PCURVE('',#1814,#1862);
#1862 = DEFINITIONAL_REPRESENTATION('',(#1863),#1867);
#1863 = LINE('',#1864,#1865);
#1864 = CARTESIAN_POINT('',(0.,-4.27));
#1865 = VECTOR('',#1866,1.);
#1866 = DIRECTION('',(1.,0.));
#1867 = ( GEOMETRIC_REPRESENTATION_CONTEXT(2) 
PARAMETRIC_REPRESENTATION_CONTEXT() REPRESENTATION_CONTEXT('2D SPACE',''
  ) );
#1868 = PCURVE('',#102,#1869);
#1869 = DEFINITIONAL_REPRESENTATION('',(#1870),#1874);
#1870 = LINE('',#1871,#1872);
#1871 = CARTESIAN_POINT('',(13.547560355267,-25.47273116248));
#1872 = VECTOR('',#1873,1.);
#1873 = DIRECTION('',(0.287784602225,-0.957695161689));
#1874 = ( GEOMETRIC_REPRESENTATION_CONTEXT(2) 
PARAMETRIC_REPRESENTATION_CONTEXT() REPRESENTATION_CONTEXT('2D SPACE',''
  ) );
#1875 = ORIENTED_EDGE('',*,*,#1876,.T.);
#1876 = EDGE_CURVE('',#1854,#1830,#1877,.T.);
#1877 = SURFACE_CURVE('',#1878,(#1882,#1889),.PCURVE_S1.);
#1878 = LINE('',#1879,#1880);
#1879 = CARTESIAN_POINT('',(14.293585309955,-27.95536742613,-2.135));
#1880 = VECTOR('',#1881,1.);
#1881 = DIRECTION('',(-0.,-0.,-1.));
#1882 = PCURVE('',#1814,#1883);
#1883 = DEFINITIONAL_REPRESENTATION('',(#1884),#1888);
#1884 = LINE('',#1885,#1886);
#1885 = CARTESIAN_POINT('',(2.592303232764,0.));
#1886 = VECTOR('',#1887,1.);
#1887 = DIRECTION('',(0.,1.));
#1888 = ( GEOMETRIC_REPRESENTATION_CONTEXT(2) 
PARAMETRIC_REPRESENTATION_CONTEXT() REPRESENTATION_CONTEXT('2D SPACE',''
  ) );
#1889 = PCURVE('',#1890,#1895);
#1890 = CYLINDRICAL_SURFACE('',#1891,31.397597821218);
#1891 = AXIS2_PLACEMENT_3D('',#1892,#1893,#1894);
#1892 = CARTESIAN_POINT('',(0.,0.,-2.135));
#1893 = DIRECTION('',(-0.,-0.,-1.));
#1894 = DIRECTION('',(1.,0.,0.));
#1895 = DEFINITIONAL_REPRESENTATION('',(#1896),#1900);
#1896 = LINE('',#1897,#1898);
#1897 = CARTESIAN_POINT('',(-5.185035838098,0.));
#1898 = VECTOR('',#1899,1.);
#1899 = DIRECTION('',(-0.,1.));
#1900 = ( GEOMETRIC_REPRESENTATION_CONTEXT(2) 
PARAMETRIC_REPRESENTATION_CONTEXT() REPRESENTATION_CONTEXT('2D SPACE',''
  ) );
#1901 = ADVANCED_FACE('',(#1902),#1890,.T.);
#1902 = FACE_BOUND('',#1903,.F.);
#1903 = EDGE_LOOP('',(#1904,#1928,#1956,#1978));
#1904 = ORIENTED_EDGE('',*,*,#1905,.F.);
#1905 = EDGE_CURVE('',#1906,#1830,#1908,.T.);
#1906 = VERTEX_POINT('',#1907);
#1907 = CARTESIAN_POINT('',(10.886650324166,-29.44978766752,-2.135));
#1908 = SURFACE_CURVE('',#1909,(#1914,#1921),.PCURVE_S1.);
#1909 = CIRCLE('',#1910,31.397597821218);
#1910 = AXIS2_PLACEMENT_3D('',#1911,#1912,#1913);
#1911 = CARTESIAN_POINT('',(0.,0.,-2.135));
#1912 = DIRECTION('',(0.,0.,1.));
#1913 = DIRECTION('',(1.,0.,0.));
#1914 = PCURVE('',#1890,#1915);
#1915 = DEFINITIONAL_REPRESENTATION('',(#1916),#1920);
#1916 = LINE('',#1917,#1918);
#1917 = CARTESIAN_POINT('',(-0.,0.));
#1918 = VECTOR('',#1919,1.);
#1919 = DIRECTION('',(-1.,0.));
#1920 = ( GEOMETRIC_REPRESENTATION_CONTEXT(2) 
PARAMETRIC_REPRESENTATION_CONTEXT() REPRESENTATION_CONTEXT('2D SPACE',''
  ) );
#1921 = PCURVE('',#45,#1922);
#1922 = DEFINITIONAL_REPRESENTATION('',(#1923),#1927);
#1923 = CIRCLE('',#1924,31.397597821218);
#1924 = AXIS2_PLACEMENT_2D('',#1925,#1926);
#1925 = CARTESIAN_POINT('',(2.090514272322E-15,-2.899329622222E-15));
#1926 = DIRECTION('',(1.,0.));
#1927 = ( GEOMETRIC_REPRESENTATION_CONTEXT(2) 
PARAMETRIC_REPRESENTATION_CONTEXT() REPRESENTATION_CONTEXT('2D SPACE',''
  ) );
#1928 = ORIENTED_EDGE('',*,*,#1929,.F.);
#1929 = EDGE_CURVE('',#1930,#1906,#1932,.T.);
#1930 = VERTEX_POINT('',#1931);
#1931 = CARTESIAN_POINT('',(10.886650324166,-29.44978766752,2.135));
#1932 = SURFACE_CURVE('',#1933,(#1937,#1944),.PCURVE_S1.);
#1933 = LINE('',#1934,#1935);
#1934 = CARTESIAN_POINT('',(10.886650324165,-29.44978766752,-2.135));
#1935 = VECTOR('',#1936,1.);
#1936 = DIRECTION('',(-0.,-0.,-1.));
#1937 = PCURVE('',#1890,#1938);
#1938 = DEFINITIONAL_REPRESENTATION('',(#1939),#1943);
#1939 = LINE('',#1940,#1941);
#1940 = CARTESIAN_POINT('',(-5.066477031511,0.));
#1941 = VECTOR('',#1942,1.);
#1942 = DIRECTION('',(-0.,1.));
#1943 = ( GEOMETRIC_REPRESENTATION_CONTEXT(2) 
PARAMETRIC_REPRESENTATION_CONTEXT() REPRESENTATION_CONTEXT('2D SPACE',''
  ) );
#1944 = PCURVE('',#1945,#1950);
#1945 = PLANE('',#1946);
#1946 = AXIS2_PLACEMENT_3D('',#1947,#1948,#1949);
#1947 = CARTESIAN_POINT('',(12.574596036254,-32.29905962251,-2.135));
#1948 = DIRECTION('',(-0.860359297228,-0.509688021906,0.));
#1949 = DIRECTION('',(-0.509688021906,0.860359297228,0.));
#1950 = DEFINITIONAL_REPRESENTATION('',(#1951),#1955);
#1951 = LINE('',#1952,#1953);
#1952 = CARTESIAN_POINT('',(3.311723327887,-0.));
#1953 = VECTOR('',#1954,1.);
#1954 = DIRECTION('',(0.,1.));
#1955 = ( GEOMETRIC_REPRESENTATION_CONTEXT(2) 
PARAMETRIC_REPRESENTATION_CONTEXT() REPRESENTATION_CONTEXT('2D SPACE',''
  ) );
#1956 = ORIENTED_EDGE('',*,*,#1957,.T.);
#1957 = EDGE_CURVE('',#1930,#1854,#1958,.T.);
#1958 = SURFACE_CURVE('',#1959,(#1964,#1971),.PCURVE_S1.);
#1959 = CIRCLE('',#1960,31.397597821218);
#1960 = AXIS2_PLACEMENT_3D('',#1961,#1962,#1963);
#1961 = CARTESIAN_POINT('',(0.,0.,2.135));
#1962 = DIRECTION('',(0.,0.,1.));
#1963 = DIRECTION('',(1.,0.,0.));
#1964 = PCURVE('',#1890,#1965);
#1965 = DEFINITIONAL_REPRESENTATION('',(#1966),#1970);
#1966 = LINE('',#1967,#1968);
#1967 = CARTESIAN_POINT('',(-0.,-4.27));
#1968 = VECTOR('',#1969,1.);
#1969 = DIRECTION('',(-1.,0.));
#1970 = ( GEOMETRIC_REPRESENTATION_CONTEXT(2) 
PARAMETRIC_REPRESENTATION_CONTEXT() REPRESENTATION_CONTEXT('2D SPACE',''
  ) );
#1971 = PCURVE('',#102,#1972);
#1972 = DEFINITIONAL_REPRESENTATION('',(#1973),#1977);
#1973 = CIRCLE('',#1974,31.397597821218);
#1974 = AXIS2_PLACEMENT_2D('',#1975,#1976);
#1975 = CARTESIAN_POINT('',(2.090514272322E-15,-2.899329622222E-15));
#1976 = DIRECTION('',(1.,0.));
#1977 = ( GEOMETRIC_REPRESENTATION_CONTEXT(2) 
PARAMETRIC_REPRESENTATION_CONTEXT() REPRESENTATION_CONTEXT('2D SPACE',''
  ) );
#1978 = ORIENTED_EDGE('',*,*,#1876,.T.);
#1979 = ADVANCED_FACE('',(#1980),#1945,.T.);
#1980 = FACE_BOUND('',#1981,.T.);
#1981 = EDGE_LOOP('',(#1982,#2005,#2006,#2029));
#1982 = ORIENTED_EDGE('',*,*,#1983,.F.);
#1983 = EDGE_CURVE('',#1906,#1984,#1986,.T.);
#1984 = VERTEX_POINT('',#1985);
#1985 = CARTESIAN_POINT('',(9.565384417278,-27.21947547998,-2.135));
#1986 = SURFACE_CURVE('',#1987,(#1991,#1998),.PCURVE_S1.);
#1987 = LINE('',#1988,#1989);
#1988 = CARTESIAN_POINT('',(12.574596036254,-32.29905962251,-2.135));
#1989 = VECTOR('',#1990,1.);
#1990 = DIRECTION('',(-0.509688021906,0.860359297228,0.));
#1991 = PCURVE('',#1945,#1992);
#1992 = DEFINITIONAL_REPRESENTATION('',(#1993),#1997);
#1993 = LINE('',#1994,#1995);
#1994 = CARTESIAN_POINT('',(0.,0.));
#1995 = VECTOR('',#1996,1.);
#1996 = DIRECTION('',(1.,-0.));
#1997 = ( GEOMETRIC_REPRESENTATION_CONTEXT(2) 
PARAMETRIC_REPRESENTATION_CONTEXT() REPRESENTATION_CONTEXT('2D SPACE',''
  ) );
#1998 = PCURVE('',#45,#1999);
#1999 = DEFINITIONAL_REPRESENTATION('',(#2000),#2004);
#2000 = LINE('',#2001,#2002);
#2001 = CARTESIAN_POINT('',(12.574596036254,-32.29905962251));
#2002 = VECTOR('',#2003,1.);
#2003 = DIRECTION('',(-0.509688021906,0.860359297228));
#2004 = ( GEOMETRIC_REPRESENTATION_CONTEXT(2) 
PARAMETRIC_REPRESENTATION_CONTEXT() REPRESENTATION_CONTEXT('2D SPACE',''
  ) );
#2005 = ORIENTED_EDGE('',*,*,#1929,.F.);
#2006 = ORIENTED_EDGE('',*,*,#2007,.T.);
#2007 = EDGE_CURVE('',#1930,#2008,#2010,.T.);
#2008 = VERTEX_POINT('',#2009);
#2009 = CARTESIAN_POINT('',(9.565384417278,-27.21947547998,2.135));
#2010 = SURFACE_CURVE('',#2011,(#2015,#2022),.PCURVE_S1.);
#2011 = LINE('',#2012,#2013);
#2012 = CARTESIAN_POINT('',(12.574596036254,-32.29905962251,2.135));
#2013 = VECTOR('',#2014,1.);
#2014 = DIRECTION('',(-0.509688021906,0.860359297228,0.));
#2015 = PCURVE('',#1945,#2016);
#2016 = DEFINITIONAL_REPRESENTATION('',(#2017),#2021);
#2017 = LINE('',#2018,#2019);
#2018 = CARTESIAN_POINT('',(0.,-4.27));
#2019 = VECTOR('',#2020,1.);
#2020 = DIRECTION('',(1.,-0.));
#2021 = ( GEOMETRIC_REPRESENTATION_CONTEXT(2) 
PARAMETRIC_REPRESENTATION_CONTEXT() REPRESENTATION_CONTEXT('2D SPACE',''
  ) );
#2022 = PCURVE('',#102,#2023);
#2023 = DEFINITIONAL_REPRESENTATION('',(#2024),#2028);
#2024 = LINE('',#2025,#2026);
#2025 = CARTESIAN_POINT('',(12.574596036254,-32.29905962251));
#2026 = VECTOR('',#2027,1.);
#2027 = DIRECTION('',(-0.509688021906,0.860359297228));
#2028 = ( GEOMETRIC_REPRESENTATION_CONTEXT(2) 
PARAMETRIC_REPRESENTATION_CONTEXT() REPRESENTATION_CONTEXT('2D SPACE',''
  ) );
#2029 = ORIENTED_EDGE('',*,*,#2030,.F.);
#2030 = EDGE_CURVE('',#1984,#2008,#2031,.T.);
#2031 = SURFACE_CURVE('',#2032,(#2036,#2043),.PCURVE_S1.);
#2032 = LINE('',#2033,#2034);
#2033 = CARTESIAN_POINT('',(9.565384417278,-27.21947547998,-2.135));
#2034 = VECTOR('',#2035,1.);
#2035 = DIRECTION('',(0.,0.,1.));
#2036 = PCURVE('',#1945,#2037);
#2037 = DEFINITIONAL_REPRESENTATION('',(#2038),#2042);
#2038 = LINE('',#2039,#2040);
#2039 = CARTESIAN_POINT('',(5.904026560651,-0.));
#2040 = VECTOR('',#2041,1.);
#2041 = DIRECTION('',(0.,-1.));
#2042 = ( GEOMETRIC_REPRESENTATION_CONTEXT(2) 
PARAMETRIC_REPRESENTATION_CONTEXT() REPRESENTATION_CONTEXT('2D SPACE',''
  ) );
#2043 = PCURVE('',#2044,#2049);
#2044 = PLANE('',#2045);
#2045 = AXIS2_PLACEMENT_3D('',#2046,#2047,#2048);
#2046 = CARTESIAN_POINT('',(9.565384417278,-27.21947547998,-2.135));
#2047 = DIRECTION('',(0.245485487141,-0.969400265939,0.));
#2048 = DIRECTION('',(-0.969400265939,-0.245485487141,0.));
#2049 = DEFINITIONAL_REPRESENTATION('',(#2050),#2054);
#2050 = LINE('',#2051,#2052);
#2051 = CARTESIAN_POINT('',(0.,0.));
#2052 = VECTOR('',#2053,1.);
#2053 = DIRECTION('',(0.,-1.));
#2054 = ( GEOMETRIC_REPRESENTATION_CONTEXT(2) 
PARAMETRIC_REPRESENTATION_CONTEXT() REPRESENTATION_CONTEXT('2D SPACE',''
  ) );
#2055 = ADVANCED_FACE('',(#2056),#2044,.T.);
#2056 = FACE_BOUND('',#2057,.T.);
#2057 = EDGE_LOOP('',(#2058,#2081,#2082,#2105));
#2058 = ORIENTED_EDGE('',*,*,#2059,.F.);
#2059 = EDGE_CURVE('',#1984,#2060,#2062,.T.);
#2060 = VERTEX_POINT('',#2061);
#2061 = CARTESIAN_POINT('',(9.557889540031,-27.22137344066,-2.135));
#2062 = SURFACE_CURVE('',#2063,(#2067,#2074),.PCURVE_S1.);
#2063 = LINE('',#2064,#2065);
#2064 = CARTESIAN_POINT('',(9.565384417278,-27.21947547998,-2.135));
#2065 = VECTOR('',#2066,1.);
#2066 = DIRECTION('',(-0.969400265939,-0.245485487141,0.));
#2067 = PCURVE('',#2044,#2068);
#2068 = DEFINITIONAL_REPRESENTATION('',(#2069),#2073);
#2069 = LINE('',#2070,#2071);
#2070 = CARTESIAN_POINT('',(0.,0.));
#2071 = VECTOR('',#2072,1.);
#2072 = DIRECTION('',(1.,0.));
#2073 = ( GEOMETRIC_REPRESENTATION_CONTEXT(2) 
PARAMETRIC_REPRESENTATION_CONTEXT() REPRESENTATION_CONTEXT('2D SPACE',''
  ) );
#2074 = PCURVE('',#45,#2075);
#2075 = DEFINITIONAL_REPRESENTATION('',(#2076),#2080);
#2076 = LINE('',#2077,#2078);
#2077 = CARTESIAN_POINT('',(9.565384417278,-27.21947547998));
#2078 = VECTOR('',#2079,1.);
#2079 = DIRECTION('',(-0.969400265939,-0.245485487141));
#2080 = ( GEOMETRIC_REPRESENTATION_CONTEXT(2) 
PARAMETRIC_REPRESENTATION_CONTEXT() REPRESENTATION_CONTEXT('2D SPACE',''
  ) );
#2081 = ORIENTED_EDGE('',*,*,#2030,.T.);
#2082 = ORIENTED_EDGE('',*,*,#2083,.T.);
#2083 = EDGE_CURVE('',#2008,#2084,#2086,.T.);
#2084 = VERTEX_POINT('',#2085);
#2085 = CARTESIAN_POINT('',(9.557889540031,-27.22137344066,2.135));
#2086 = SURFACE_CURVE('',#2087,(#2091,#2098),.PCURVE_S1.);
#2087 = LINE('',#2088,#2089);
#2088 = CARTESIAN_POINT('',(9.565384417278,-27.21947547998,2.135));
#2089 = VECTOR('',#2090,1.);
#2090 = DIRECTION('',(-0.969400265939,-0.245485487141,0.));
#2091 = PCURVE('',#2044,#2092);
#2092 = DEFINITIONAL_REPRESENTATION('',(#2093),#2097);
#2093 = LINE('',#2094,#2095);
#2094 = CARTESIAN_POINT('',(0.,-4.27));
#2095 = VECTOR('',#2096,1.);
#2096 = DIRECTION('',(1.,0.));
#2097 = ( GEOMETRIC_REPRESENTATION_CONTEXT(2) 
PARAMETRIC_REPRESENTATION_CONTEXT() REPRESENTATION_CONTEXT('2D SPACE',''
  ) );
#2098 = PCURVE('',#102,#2099);
#2099 = DEFINITIONAL_REPRESENTATION('',(#2100),#2104);
#2100 = LINE('',#2101,#2102);
#2101 = CARTESIAN_POINT('',(9.565384417278,-27.21947547998));
#2102 = VECTOR('',#2103,1.);
#2103 = DIRECTION('',(-0.969400265939,-0.245485487141));
#2104 = ( GEOMETRIC_REPRESENTATION_CONTEXT(2) 
PARAMETRIC_REPRESENTATION_CONTEXT() REPRESENTATION_CONTEXT('2D SPACE',''
  ) );
#2105 = ORIENTED_EDGE('',*,*,#2106,.T.);
#2106 = EDGE_CURVE('',#2084,#2060,#2107,.T.);
#2107 = SURFACE_CURVE('',#2108,(#2112,#2119),.PCURVE_S1.);
#2108 = LINE('',#2109,#2110);
#2109 = CARTESIAN_POINT('',(9.557889540031,-27.22137344066,-2.135));
#2110 = VECTOR('',#2111,1.);
#2111 = DIRECTION('',(-0.,0.,-1.));
#2112 = PCURVE('',#2044,#2113);
#2113 = DEFINITIONAL_REPRESENTATION('',(#2114),#2118);
#2114 = LINE('',#2115,#2116);
#2115 = CARTESIAN_POINT('',(7.731457798991E-03,0.));
#2116 = VECTOR('',#2117,1.);
#2117 = DIRECTION('',(-0.,1.));
#2118 = ( GEOMETRIC_REPRESENTATION_CONTEXT(2) 
PARAMETRIC_REPRESENTATION_CONTEXT() REPRESENTATION_CONTEXT('2D SPACE',''
  ) );
#2119 = PCURVE('',#2120,#2125);
#2120 = CYLINDRICAL_SURFACE('',#2121,2.5907);
#2121 = AXIS2_PLACEMENT_3D('',#2122,#2123,#2124);
#2122 = CARTESIAN_POINT('',(7.103056245737,-28.0493347847,-2.135));
#2123 = DIRECTION('',(-0.,0.,-1.));
#2124 = DIRECTION('',(0.245485487141,-0.969400265939,0.));
#2125 = DEFINITIONAL_REPRESENTATION('',(#2126),#2130);
#2126 = LINE('',#2127,#2128);
#2127 = CARTESIAN_POINT('',(-1.648072426672,0.));
#2128 = VECTOR('',#2129,1.);
#2129 = DIRECTION('',(-0.,1.));
#2130 = ( GEOMETRIC_REPRESENTATION_CONTEXT(2) 
PARAMETRIC_REPRESENTATION_CONTEXT() REPRESENTATION_CONTEXT('2D SPACE',''
  ) );
#2131 = ADVANCED_FACE('',(#2132),#2120,.F.);
#2132 = FACE_BOUND('',#2133,.T.);
#2133 = EDGE_LOOP('',(#2134,#2158,#2159,#2183));
#2134 = ORIENTED_EDGE('',*,*,#2135,.F.);
#2135 = EDGE_CURVE('',#2060,#2136,#2138,.T.);
#2136 = VERTEX_POINT('',#2137);
#2137 = CARTESIAN_POINT('',(4.550028756586,-28.48953602237,-2.135));
#2138 = SURFACE_CURVE('',#2139,(#2144,#2151),.PCURVE_S1.);
#2139 = CIRCLE('',#2140,2.5907);
#2140 = AXIS2_PLACEMENT_3D('',#2141,#2142,#2143);
#2141 = CARTESIAN_POINT('',(7.103056245737,-28.0493347847,-2.135));
#2142 = DIRECTION('',(-0.,0.,1.));
#2143 = DIRECTION('',(0.245485487141,-0.969400265939,0.));
#2144 = PCURVE('',#2120,#2145);
#2145 = DEFINITIONAL_REPRESENTATION('',(#2146),#2150);
#2146 = LINE('',#2147,#2148);
#2147 = CARTESIAN_POINT('',(-0.,0.));
#2148 = VECTOR('',#2149,1.);
#2149 = DIRECTION('',(-1.,0.));
#2150 = ( GEOMETRIC_REPRESENTATION_CONTEXT(2) 
PARAMETRIC_REPRESENTATION_CONTEXT() REPRESENTATION_CONTEXT('2D SPACE',''
  ) );
#2151 = PCURVE('',#45,#2152);
#2152 = DEFINITIONAL_REPRESENTATION('',(#2153),#2157);
#2153 = CIRCLE('',#2154,2.5907);
#2154 = AXIS2_PLACEMENT_2D('',#2155,#2156);
#2155 = CARTESIAN_POINT('',(7.103056245737,-28.0493347847));
#2156 = DIRECTION('',(0.245485487141,-0.969400265939));
#2157 = ( GEOMETRIC_REPRESENTATION_CONTEXT(2) 
PARAMETRIC_REPRESENTATION_CONTEXT() REPRESENTATION_CONTEXT('2D SPACE',''
  ) );
#2158 = ORIENTED_EDGE('',*,*,#2106,.F.);
#2159 = ORIENTED_EDGE('',*,*,#2160,.T.);
#2160 = EDGE_CURVE('',#2084,#2161,#2163,.T.);
#2161 = VERTEX_POINT('',#2162);
#2162 = CARTESIAN_POINT('',(4.550028756586,-28.48953602237,2.135));
#2163 = SURFACE_CURVE('',#2164,(#2169,#2176),.PCURVE_S1.);
#2164 = CIRCLE('',#2165,2.5907);
#2165 = AXIS2_PLACEMENT_3D('',#2166,#2167,#2168);
#2166 = CARTESIAN_POINT('',(7.103056245737,-28.0493347847,2.135));
#2167 = DIRECTION('',(-0.,0.,1.));
#2168 = DIRECTION('',(0.245485487141,-0.969400265939,0.));
#2169 = PCURVE('',#2120,#2170);
#2170 = DEFINITIONAL_REPRESENTATION('',(#2171),#2175);
#2171 = LINE('',#2172,#2173);
#2172 = CARTESIAN_POINT('',(-0.,-4.27));
#2173 = VECTOR('',#2174,1.);
#2174 = DIRECTION('',(-1.,0.));
#2175 = ( GEOMETRIC_REPRESENTATION_CONTEXT(2) 
PARAMETRIC_REPRESENTATION_CONTEXT() REPRESENTATION_CONTEXT('2D SPACE',''
  ) );
#2176 = PCURVE('',#102,#2177);
#2177 = DEFINITIONAL_REPRESENTATION('',(#2178),#2182);
#2178 = CIRCLE('',#2179,2.5907);
#2179 = AXIS2_PLACEMENT_2D('',#2180,#2181);
#2180 = CARTESIAN_POINT('',(7.103056245737,-28.0493347847));
#2181 = DIRECTION('',(0.245485487141,-0.969400265939));
#2182 = ( GEOMETRIC_REPRESENTATION_CONTEXT(2) 
PARAMETRIC_REPRESENTATION_CONTEXT() REPRESENTATION_CONTEXT('2D SPACE',''
  ) );
#2183 = ORIENTED_EDGE('',*,*,#2184,.T.);
#2184 = EDGE_CURVE('',#2161,#2136,#2185,.T.);
#2185 = SURFACE_CURVE('',#2186,(#2190,#2197),.PCURVE_S1.);
#2186 = LINE('',#2187,#2188);
#2187 = CARTESIAN_POINT('',(4.550028756586,-28.48953602237,-2.135));
#2188 = VECTOR('',#2189,1.);
#2189 = DIRECTION('',(-0.,0.,-1.));
#2190 = PCURVE('',#2120,#2191);
#2191 = DEFINITIONAL_REPRESENTATION('',(#2192),#2196);
#2192 = LINE('',#2193,#2194);
#2193 = CARTESIAN_POINT('',(-4.635112880507,0.));
#2194 = VECTOR('',#2195,1.);
#2195 = DIRECTION('',(-0.,1.));
#2196 = ( GEOMETRIC_REPRESENTATION_CONTEXT(2) 
PARAMETRIC_REPRESENTATION_CONTEXT() REPRESENTATION_CONTEXT('2D SPACE',''
  ) );
#2197 = PCURVE('',#2198,#2203);
#2198 = PLANE('',#2199);
#2199 = AXIS2_PLACEMENT_3D('',#2200,#2201,#2202);
#2200 = CARTESIAN_POINT('',(9.565384417278,-27.21947547998,-2.135));
#2201 = DIRECTION('',(0.245485487141,-0.969400265939,0.));
#2202 = DIRECTION('',(-0.969400265939,-0.245485487141,0.));
#2203 = DEFINITIONAL_REPRESENTATION('',(#2204),#2208);
#2204 = LINE('',#2205,#2206);
#2205 = CARTESIAN_POINT('',(5.173668542201,0.));
#2206 = VECTOR('',#2207,1.);
#2207 = DIRECTION('',(-0.,1.));
#2208 = ( GEOMETRIC_REPRESENTATION_CONTEXT(2) 
PARAMETRIC_REPRESENTATION_CONTEXT() REPRESENTATION_CONTEXT('2D SPACE',''
  ) );
#2209 = ADVANCED_FACE('',(#2210),#2198,.T.);
#2210 = FACE_BOUND('',#2211,.T.);
#2211 = EDGE_LOOP('',(#2212,#2235,#2236,#2259));
#2212 = ORIENTED_EDGE('',*,*,#2213,.F.);
#2213 = EDGE_CURVE('',#2136,#2214,#2216,.T.);
#2214 = VERTEX_POINT('',#2215);
#2215 = CARTESIAN_POINT('',(4.54253387934,-28.49143398305,-2.135));
#2216 = SURFACE_CURVE('',#2217,(#2221,#2228),.PCURVE_S1.);
#2217 = LINE('',#2218,#2219);
#2218 = CARTESIAN_POINT('',(9.565384417278,-27.21947547998,-2.135));
#2219 = VECTOR('',#2220,1.);
#2220 = DIRECTION('',(-0.969400265939,-0.245485487141,0.));
#2221 = PCURVE('',#2198,#2222);
#2222 = DEFINITIONAL_REPRESENTATION('',(#2223),#2227);
#2223 = LINE('',#2224,#2225);
#2224 = CARTESIAN_POINT('',(0.,0.));
#2225 = VECTOR('',#2226,1.);
#2226 = DIRECTION('',(1.,0.));
#2227 = ( GEOMETRIC_REPRESENTATION_CONTEXT(2) 
PARAMETRIC_REPRESENTATION_CONTEXT() REPRESENTATION_CONTEXT('2D SPACE',''
  ) );
#2228 = PCURVE('',#45,#2229);
#2229 = DEFINITIONAL_REPRESENTATION('',(#2230),#2234);
#2230 = LINE('',#2231,#2232);
#2231 = CARTESIAN_POINT('',(9.565384417278,-27.21947547998));
#2232 = VECTOR('',#2233,1.);
#2233 = DIRECTION('',(-0.969400265939,-0.245485487141));
#2234 = ( GEOMETRIC_REPRESENTATION_CONTEXT(2) 
PARAMETRIC_REPRESENTATION_CONTEXT() REPRESENTATION_CONTEXT('2D SPACE',''
  ) );
#2235 = ORIENTED_EDGE('',*,*,#2184,.F.);
#2236 = ORIENTED_EDGE('',*,*,#2237,.T.);
#2237 = EDGE_CURVE('',#2161,#2238,#2240,.T.);
#2238 = VERTEX_POINT('',#2239);
#2239 = CARTESIAN_POINT('',(4.54253387934,-28.49143398305,2.135));
#2240 = SURFACE_CURVE('',#2241,(#2245,#2252),.PCURVE_S1.);
#2241 = LINE('',#2242,#2243);
#2242 = CARTESIAN_POINT('',(9.565384417278,-27.21947547998,2.135));
#2243 = VECTOR('',#2244,1.);
#2244 = DIRECTION('',(-0.969400265939,-0.245485487141,0.));
#2245 = PCURVE('',#2198,#2246);
#2246 = DEFINITIONAL_REPRESENTATION('',(#2247),#2251);
#2247 = LINE('',#2248,#2249);
#2248 = CARTESIAN_POINT('',(0.,-4.27));
#2249 = VECTOR('',#2250,1.);
#2250 = DIRECTION('',(1.,0.));
#2251 = ( GEOMETRIC_REPRESENTATION_CONTEXT(2) 
PARAMETRIC_REPRESENTATION_CONTEXT() REPRESENTATION_CONTEXT('2D SPACE',''
  ) );
#2252 = PCURVE('',#102,#2253);
#2253 = DEFINITIONAL_REPRESENTATION('',(#2254),#2258);
#2254 = LINE('',#2255,#2256);
#2255 = CARTESIAN_POINT('',(9.565384417278,-27.21947547998));
#2256 = VECTOR('',#2257,1.);
#2257 = DIRECTION('',(-0.969400265939,-0.245485487141));
#2258 = ( GEOMETRIC_REPRESENTATION_CONTEXT(2) 
PARAMETRIC_REPRESENTATION_CONTEXT() REPRESENTATION_CONTEXT('2D SPACE',''
  ) );
#2259 = ORIENTED_EDGE('',*,*,#2260,.F.);
#2260 = EDGE_CURVE('',#2214,#2238,#2261,.T.);
#2261 = SURFACE_CURVE('',#2262,(#2266,#2273),.PCURVE_S1.);
#2262 = LINE('',#2263,#2264);
#2263 = CARTESIAN_POINT('',(4.54253387934,-28.49143398305,-2.135));
#2264 = VECTOR('',#2265,1.);
#2265 = DIRECTION('',(0.,0.,1.));
#2266 = PCURVE('',#2198,#2267);
#2267 = DEFINITIONAL_REPRESENTATION('',(#2268),#2272);
#2268 = LINE('',#2269,#2270);
#2269 = CARTESIAN_POINT('',(5.1814,0.));
#2270 = VECTOR('',#2271,1.);
#2271 = DIRECTION('',(0.,-1.));
#2272 = ( GEOMETRIC_REPRESENTATION_CONTEXT(2) 
PARAMETRIC_REPRESENTATION_CONTEXT() REPRESENTATION_CONTEXT('2D SPACE',''
  ) );
#2273 = PCURVE('',#2274,#2279);
#2274 = PLANE('',#2275);
#2275 = AXIS2_PLACEMENT_3D('',#2276,#2277,#2278);
#2276 = CARTESIAN_POINT('',(4.54253387934,-28.49143398305,-2.135));
#2277 = DIRECTION('',(0.999248103806,-3.877147197965E-02,0.));
#2278 = DIRECTION('',(-3.877147197965E-02,-0.999248103806,0.));
#2279 = DEFINITIONAL_REPRESENTATION('',(#2280),#2284);
#2280 = LINE('',#2281,#2282);
#2281 = CARTESIAN_POINT('',(0.,0.));
#2282 = VECTOR('',#2283,1.);
#2283 = DIRECTION('',(0.,-1.));
#2284 = ( GEOMETRIC_REPRESENTATION_CONTEXT(2) 
PARAMETRIC_REPRESENTATION_CONTEXT() REPRESENTATION_CONTEXT('2D SPACE',''
  ) );
#2285 = ADVANCED_FACE('',(#2286),#2274,.T.);
#2286 = FACE_BOUND('',#2287,.T.);
#2287 = EDGE_LOOP('',(#2288,#2311,#2312,#2335));
#2288 = ORIENTED_EDGE('',*,*,#2289,.F.);
#2289 = EDGE_CURVE('',#2214,#2290,#2292,.T.);
#2290 = VERTEX_POINT('',#2291);
#2291 = CARTESIAN_POINT('',(4.442026467187,-31.08178807288,-2.135));
#2292 = SURFACE_CURVE('',#2293,(#2297,#2304),.PCURVE_S1.);
#2293 = LINE('',#2294,#2295);
#2294 = CARTESIAN_POINT('',(4.54253387934,-28.49143398305,-2.135));
#2295 = VECTOR('',#2296,1.);
#2296 = DIRECTION('',(-3.877147197965E-02,-0.999248103806,0.));
#2297 = PCURVE('',#2274,#2298);
#2298 = DEFINITIONAL_REPRESENTATION('',(#2299),#2303);
#2299 = LINE('',#2300,#2301);
#2300 = CARTESIAN_POINT('',(0.,0.));
#2301 = VECTOR('',#2302,1.);
#2302 = DIRECTION('',(1.,0.));
#2303 = ( GEOMETRIC_REPRESENTATION_CONTEXT(2) 
PARAMETRIC_REPRESENTATION_CONTEXT() REPRESENTATION_CONTEXT('2D SPACE',''
  ) );
#2304 = PCURVE('',#45,#2305);
#2305 = DEFINITIONAL_REPRESENTATION('',(#2306),#2310);
#2306 = LINE('',#2307,#2308);
#2307 = CARTESIAN_POINT('',(4.54253387934,-28.49143398305));
#2308 = VECTOR('',#2309,1.);
#2309 = DIRECTION('',(-3.877147197965E-02,-0.999248103806));
#2310 = ( GEOMETRIC_REPRESENTATION_CONTEXT(2) 
PARAMETRIC_REPRESENTATION_CONTEXT() REPRESENTATION_CONTEXT('2D SPACE',''
  ) );
#2311 = ORIENTED_EDGE('',*,*,#2260,.T.);
#2312 = ORIENTED_EDGE('',*,*,#2313,.T.);
#2313 = EDGE_CURVE('',#2238,#2314,#2316,.T.);
#2314 = VERTEX_POINT('',#2315);
#2315 = CARTESIAN_POINT('',(4.442026467187,-31.08178807288,2.135));
#2316 = SURFACE_CURVE('',#2317,(#2321,#2328),.PCURVE_S1.);
#2317 = LINE('',#2318,#2319);
#2318 = CARTESIAN_POINT('',(4.54253387934,-28.49143398305,2.135));
#2319 = VECTOR('',#2320,1.);
#2320 = DIRECTION('',(-3.877147197965E-02,-0.999248103806,0.));
#2321 = PCURVE('',#2274,#2322);
#2322 = DEFINITIONAL_REPRESENTATION('',(#2323),#2327);
#2323 = LINE('',#2324,#2325);
#2324 = CARTESIAN_POINT('',(0.,-4.27));
#2325 = VECTOR('',#2326,1.);
#2326 = DIRECTION('',(1.,0.));
#2327 = ( GEOMETRIC_REPRESENTATION_CONTEXT(2) 
PARAMETRIC_REPRESENTATION_CONTEXT() REPRESENTATION_CONTEXT('2D SPACE',''
  ) );
#2328 = PCURVE('',#102,#2329);
#2329 = DEFINITIONAL_REPRESENTATION('',(#2330),#2334);
#2330 = LINE('',#2331,#2332);
#2331 = CARTESIAN_POINT('',(4.54253387934,-28.49143398305));
#2332 = VECTOR('',#2333,1.);
#2333 = DIRECTION('',(-3.877147197965E-02,-0.999248103806));
#2334 = ( GEOMETRIC_REPRESENTATION_CONTEXT(2) 
PARAMETRIC_REPRESENTATION_CONTEXT() REPRESENTATION_CONTEXT('2D SPACE',''
  ) );
#2335 = ORIENTED_EDGE('',*,*,#2336,.T.);
#2336 = EDGE_CURVE('',#2314,#2290,#2337,.T.);
#2337 = SURFACE_CURVE('',#2338,(#2342,#2349),.PCURVE_S1.);
#2338 = LINE('',#2339,#2340);
#2339 = CARTESIAN_POINT('',(4.442026467188,-31.08178807288,-2.135));
#2340 = VECTOR('',#2341,1.);
#2341 = DIRECTION('',(-0.,-0.,-1.));
#2342 = PCURVE('',#2274,#2343);
#2343 = DEFINITIONAL_REPRESENTATION('',(#2344),#2348);
#2344 = LINE('',#2345,#2346);
#2345 = CARTESIAN_POINT('',(2.592303232764,0.));
#2346 = VECTOR('',#2347,1.);
#2347 = DIRECTION('',(0.,1.));
#2348 = ( GEOMETRIC_REPRESENTATION_CONTEXT(2) 
PARAMETRIC_REPRESENTATION_CONTEXT() REPRESENTATION_CONTEXT('2D SPACE',''
  ) );
#2349 = PCURVE('',#2350,#2355);
#2350 = CYLINDRICAL_SURFACE('',#2351,31.397597821218);
#2351 = AXIS2_PLACEMENT_3D('',#2352,#2353,#2354);
#2352 = CARTESIAN_POINT('',(0.,0.,-2.135));
#2353 = DIRECTION('',(-0.,-0.,-1.));
#2354 = DIRECTION('',(1.,0.,0.));
#2355 = DEFINITIONAL_REPRESENTATION('',(#2356),#2360);
#2356 = LINE('',#2357,#2358);
#2357 = CARTESIAN_POINT('',(-4.854341874562,0.));
#2358 = VECTOR('',#2359,1.);
#2359 = DIRECTION('',(-0.,1.));
#2360 = ( GEOMETRIC_REPRESENTATION_CONTEXT(2) 
PARAMETRIC_REPRESENTATION_CONTEXT() REPRESENTATION_CONTEXT('2D SPACE',''
  ) );
#2361 = ADVANCED_FACE('',(#2362),#2350,.T.);
#2362 = FACE_BOUND('',#2363,.F.);
#2363 = EDGE_LOOP('',(#2364,#2388,#2416,#2438));
#2364 = ORIENTED_EDGE('',*,*,#2365,.F.);
#2365 = EDGE_CURVE('',#2366,#2290,#2368,.T.);
#2366 = VERTEX_POINT('',#2367);
#2367 = CARTESIAN_POINT('',(0.734451157124,-31.38900652204,-2.135));
#2368 = SURFACE_CURVE('',#2369,(#2374,#2381),.PCURVE_S1.);
#2369 = CIRCLE('',#2370,31.397597821218);
#2370 = AXIS2_PLACEMENT_3D('',#2371,#2372,#2373);
#2371 = CARTESIAN_POINT('',(0.,0.,-2.135));
#2372 = DIRECTION('',(0.,0.,1.));
#2373 = DIRECTION('',(1.,0.,0.));
#2374 = PCURVE('',#2350,#2375);
#2375 = DEFINITIONAL_REPRESENTATION('',(#2376),#2380);
#2376 = LINE('',#2377,#2378);
#2377 = CARTESIAN_POINT('',(-0.,0.));
#2378 = VECTOR('',#2379,1.);
#2379 = DIRECTION('',(-1.,0.));
#2380 = ( GEOMETRIC_REPRESENTATION_CONTEXT(2) 
PARAMETRIC_REPRESENTATION_CONTEXT() REPRESENTATION_CONTEXT('2D SPACE',''
  ) );
#2381 = PCURVE('',#45,#2382);
#2382 = DEFINITIONAL_REPRESENTATION('',(#2383),#2387);
#2383 = CIRCLE('',#2384,31.397597821218);
#2384 = AXIS2_PLACEMENT_2D('',#2385,#2386);
#2385 = CARTESIAN_POINT('',(2.090514272322E-15,-2.899329622222E-15));
#2386 = DIRECTION('',(1.,0.));
#2387 = ( GEOMETRIC_REPRESENTATION_CONTEXT(2) 
PARAMETRIC_REPRESENTATION_CONTEXT() REPRESENTATION_CONTEXT('2D SPACE',''
  ) );
#2388 = ORIENTED_EDGE('',*,*,#2389,.F.);
#2389 = EDGE_CURVE('',#2390,#2366,#2392,.T.);
#2390 = VERTEX_POINT('',#2391);
#2391 = CARTESIAN_POINT('',(0.734451157124,-31.38900652204,2.135));
#2392 = SURFACE_CURVE('',#2393,(#2397,#2404),.PCURVE_S1.);
#2393 = LINE('',#2394,#2395);
#2394 = CARTESIAN_POINT('',(0.734451157124,-31.38900652204,-2.135));
#2395 = VECTOR('',#2396,1.);
#2396 = DIRECTION('',(-0.,-0.,-1.));
#2397 = PCURVE('',#2350,#2398);
#2398 = DEFINITIONAL_REPRESENTATION('',(#2399),#2403);
#2399 = LINE('',#2400,#2401);
#2400 = CARTESIAN_POINT('',(-4.735783067975,0.));
#2401 = VECTOR('',#2402,1.);
#2402 = DIRECTION('',(-0.,1.));
#2403 = ( GEOMETRIC_REPRESENTATION_CONTEXT(2) 
PARAMETRIC_REPRESENTATION_CONTEXT() REPRESENTATION_CONTEXT('2D SPACE',''
  ) );
#2404 = PCURVE('',#2405,#2410);
#2405 = PLANE('',#2406);
#2406 = AXIS2_PLACEMENT_3D('',#2407,#2408,#2409);
#2407 = CARTESIAN_POINT('',(1.405782223267,-34.63197214013,-2.135));
#2408 = DIRECTION('',(-0.979238087548,-0.202713511871,0.));
#2409 = DIRECTION('',(-0.202713511871,0.979238087548,0.));
#2410 = DEFINITIONAL_REPRESENTATION('',(#2411),#2415);
#2411 = LINE('',#2412,#2413);
#2412 = CARTESIAN_POINT('',(3.311723327887,0.));
#2413 = VECTOR('',#2414,1.);
#2414 = DIRECTION('',(0.,1.));
#2415 = ( GEOMETRIC_REPRESENTATION_CONTEXT(2) 
PARAMETRIC_REPRESENTATION_CONTEXT() REPRESENTATION_CONTEXT('2D SPACE',''
  ) );
#2416 = ORIENTED_EDGE('',*,*,#2417,.T.);
#2417 = EDGE_CURVE('',#2390,#2314,#2418,.T.);
#2418 = SURFACE_CURVE('',#2419,(#2424,#2431),.PCURVE_S1.);
#2419 = CIRCLE('',#2420,31.397597821218);
#2420 = AXIS2_PLACEMENT_3D('',#2421,#2422,#2423);
#2421 = CARTESIAN_POINT('',(0.,0.,2.135));
#2422 = DIRECTION('',(0.,0.,1.));
#2423 = DIRECTION('',(1.,0.,0.));
#2424 = PCURVE('',#2350,#2425);
#2425 = DEFINITIONAL_REPRESENTATION('',(#2426),#2430);
#2426 = LINE('',#2427,#2428);
#2427 = CARTESIAN_POINT('',(-0.,-4.27));
#2428 = VECTOR('',#2429,1.);
#2429 = DIRECTION('',(-1.,0.));
#2430 = ( GEOMETRIC_REPRESENTATION_CONTEXT(2) 
PARAMETRIC_REPRESENTATION_CONTEXT() REPRESENTATION_CONTEXT('2D SPACE',''
  ) );
#2431 = PCURVE('',#102,#2432);
#2432 = DEFINITIONAL_REPRESENTATION('',(#2433),#2437);
#2433 = CIRCLE('',#2434,31.397597821218);
#2434 = AXIS2_PLACEMENT_2D('',#2435,#2436);
#2435 = CARTESIAN_POINT('',(2.090514272322E-15,-2.899329622222E-15));
#2436 = DIRECTION('',(1.,0.));
#2437 = ( GEOMETRIC_REPRESENTATION_CONTEXT(2) 
PARAMETRIC_REPRESENTATION_CONTEXT() REPRESENTATION_CONTEXT('2D SPACE',''
  ) );
#2438 = ORIENTED_EDGE('',*,*,#2336,.T.);
#2439 = ADVANCED_FACE('',(#2440),#2405,.T.);
#2440 = FACE_BOUND('',#2441,.T.);
#2441 = EDGE_LOOP('',(#2442,#2465,#2466,#2489));
#2442 = ORIENTED_EDGE('',*,*,#2443,.F.);
#2443 = EDGE_CURVE('',#2366,#2444,#2446,.T.);
#2444 = VERTEX_POINT('',#2445);
#2445 = CARTESIAN_POINT('',(0.208956264975,-28.85052446204,-2.135));
#2446 = SURFACE_CURVE('',#2447,(#2451,#2458),.PCURVE_S1.);
#2447 = LINE('',#2448,#2449);
#2448 = CARTESIAN_POINT('',(1.405782223267,-34.63197214013,-2.135));
#2449 = VECTOR('',#2450,1.);
#2450 = DIRECTION('',(-0.202713511871,0.979238087548,0.));
#2451 = PCURVE('',#2405,#2452);
#2452 = DEFINITIONAL_REPRESENTATION('',(#2453),#2457);
#2453 = LINE('',#2454,#2455);
#2454 = CARTESIAN_POINT('',(0.,0.));
#2455 = VECTOR('',#2456,1.);
#2456 = DIRECTION('',(1.,0.));
#2457 = ( GEOMETRIC_REPRESENTATION_CONTEXT(2) 
PARAMETRIC_REPRESENTATION_CONTEXT() REPRESENTATION_CONTEXT('2D SPACE',''
  ) );
#2458 = PCURVE('',#45,#2459);
#2459 = DEFINITIONAL_REPRESENTATION('',(#2460),#2464);
#2460 = LINE('',#2461,#2462);
#2461 = CARTESIAN_POINT('',(1.405782223267,-34.63197214013));
#2462 = VECTOR('',#2463,1.);
#2463 = DIRECTION('',(-0.202713511871,0.979238087548));
#2464 = ( GEOMETRIC_REPRESENTATION_CONTEXT(2) 
PARAMETRIC_REPRESENTATION_CONTEXT() REPRESENTATION_CONTEXT('2D SPACE',''
  ) );
#2465 = ORIENTED_EDGE('',*,*,#2389,.F.);
#2466 = ORIENTED_EDGE('',*,*,#2467,.T.);
#2467 = EDGE_CURVE('',#2390,#2468,#2470,.T.);
#2468 = VERTEX_POINT('',#2469);
#2469 = CARTESIAN_POINT('',(0.208956264975,-28.85052446204,2.135));
#2470 = SURFACE_CURVE('',#2471,(#2475,#2482),.PCURVE_S1.);
#2471 = LINE('',#2472,#2473);
#2472 = CARTESIAN_POINT('',(1.405782223267,-34.63197214013,2.135));
#2473 = VECTOR('',#2474,1.);
#2474 = DIRECTION('',(-0.202713511871,0.979238087548,0.));
#2475 = PCURVE('',#2405,#2476);
#2476 = DEFINITIONAL_REPRESENTATION('',(#2477),#2481);
#2477 = LINE('',#2478,#2479);
#2478 = CARTESIAN_POINT('',(0.,-4.27));
#2479 = VECTOR('',#2480,1.);
#2480 = DIRECTION('',(1.,0.));
#2481 = ( GEOMETRIC_REPRESENTATION_CONTEXT(2) 
PARAMETRIC_REPRESENTATION_CONTEXT() REPRESENTATION_CONTEXT('2D SPACE',''
  ) );
#2482 = PCURVE('',#102,#2483);
#2483 = DEFINITIONAL_REPRESENTATION('',(#2484),#2488);
#2484 = LINE('',#2485,#2486);
#2485 = CARTESIAN_POINT('',(1.405782223267,-34.63197214013));
#2486 = VECTOR('',#2487,1.);
#2487 = DIRECTION('',(-0.202713511871,0.979238087548));
#2488 = ( GEOMETRIC_REPRESENTATION_CONTEXT(2) 
PARAMETRIC_REPRESENTATION_CONTEXT() REPRESENTATION_CONTEXT('2D SPACE',''
  ) );
#2489 = ORIENTED_EDGE('',*,*,#2490,.F.);
#2490 = EDGE_CURVE('',#2444,#2468,#2491,.T.);
#2491 = SURFACE_CURVE('',#2492,(#2496,#2503),.PCURVE_S1.);
#2492 = LINE('',#2493,#2494);
#2493 = CARTESIAN_POINT('',(0.208956264975,-28.85052446204,-2.135));
#2494 = VECTOR('',#2495,1.);
#2495 = DIRECTION('',(0.,0.,1.));
#2496 = PCURVE('',#2405,#2497);
#2497 = DEFINITIONAL_REPRESENTATION('',(#2498),#2502);
#2498 = LINE('',#2499,#2500);
#2499 = CARTESIAN_POINT('',(5.904026560651,0.));
#2500 = VECTOR('',#2501,1.);
#2501 = DIRECTION('',(0.,-1.));
#2502 = ( GEOMETRIC_REPRESENTATION_CONTEXT(2) 
PARAMETRIC_REPRESENTATION_CONTEXT() REPRESENTATION_CONTEXT('2D SPACE',''
  ) );
#2503 = PCURVE('',#2504,#2509);
#2504 = PLANE('',#2505);
#2505 = AXIS2_PLACEMENT_3D('',#2506,#2507,#2508);
#2506 = CARTESIAN_POINT('',(0.208956264975,-28.85052446204,-2.135));
#2507 = DIRECTION('',(-8.257934547233E-02,-0.996584493007,0.));
#2508 = DIRECTION('',(-0.996584493007,8.257934547233E-02,0.));
#2509 = DEFINITIONAL_REPRESENTATION('',(#2510),#2514);
#2510 = LINE('',#2511,#2512);
#2511 = CARTESIAN_POINT('',(0.,0.));
#2512 = VECTOR('',#2513,1.);
#2513 = DIRECTION('',(0.,-1.));
#2514 = ( GEOMETRIC_REPRESENTATION_CONTEXT(2) 
PARAMETRIC_REPRESENTATION_CONTEXT() REPRESENTATION_CONTEXT('2D SPACE',''
  ) );
#2515 = ADVANCED_FACE('',(#2516),#2504,.T.);
#2516 = FACE_BOUND('',#2517,.T.);
#2517 = EDGE_LOOP('',(#2518,#2541,#2542,#2565));
#2518 = ORIENTED_EDGE('',*,*,#2519,.F.);
#2519 = EDGE_CURVE('',#2444,#2520,#2522,.T.);
#2520 = VERTEX_POINT('',#2521);
#2521 = CARTESIAN_POINT('',(0.201251214024,-28.84988600332,-2.135));
#2522 = SURFACE_CURVE('',#2523,(#2527,#2534),.PCURVE_S1.);
#2523 = LINE('',#2524,#2525);
#2524 = CARTESIAN_POINT('',(0.208956264975,-28.85052446204,-2.135));
#2525 = VECTOR('',#2526,1.);
#2526 = DIRECTION('',(-0.996584493007,8.257934547233E-02,0.));
#2527 = PCURVE('',#2504,#2528);
#2528 = DEFINITIONAL_REPRESENTATION('',(#2529),#2533);
#2529 = LINE('',#2530,#2531);
#2530 = CARTESIAN_POINT('',(0.,0.));
#2531 = VECTOR('',#2532,1.);
#2532 = DIRECTION('',(1.,0.));
#2533 = ( GEOMETRIC_REPRESENTATION_CONTEXT(2) 
PARAMETRIC_REPRESENTATION_CONTEXT() REPRESENTATION_CONTEXT('2D SPACE',''
  ) );
#2534 = PCURVE('',#45,#2535);
#2535 = DEFINITIONAL_REPRESENTATION('',(#2536),#2540);
#2536 = LINE('',#2537,#2538);
#2537 = CARTESIAN_POINT('',(0.208956264975,-28.85052446204));
#2538 = VECTOR('',#2539,1.);
#2539 = DIRECTION('',(-0.996584493007,8.257934547233E-02));
#2540 = ( GEOMETRIC_REPRESENTATION_CONTEXT(2) 
PARAMETRIC_REPRESENTATION_CONTEXT() REPRESENTATION_CONTEXT('2D SPACE',''
  ) );
#2541 = ORIENTED_EDGE('',*,*,#2490,.T.);
#2542 = ORIENTED_EDGE('',*,*,#2543,.T.);
#2543 = EDGE_CURVE('',#2468,#2544,#2546,.T.);
#2544 = VERTEX_POINT('',#2545);
#2545 = CARTESIAN_POINT('',(0.201251214024,-28.84988600332,2.135));
#2546 = SURFACE_CURVE('',#2547,(#2551,#2558),.PCURVE_S1.);
#2547 = LINE('',#2548,#2549);
#2548 = CARTESIAN_POINT('',(0.208956264975,-28.85052446204,2.135));
#2549 = VECTOR('',#2550,1.);
#2550 = DIRECTION('',(-0.996584493007,8.257934547233E-02,0.));
#2551 = PCURVE('',#2504,#2552);
#2552 = DEFINITIONAL_REPRESENTATION('',(#2553),#2557);
#2553 = LINE('',#2554,#2555);
#2554 = CARTESIAN_POINT('',(0.,-4.27));
#2555 = VECTOR('',#2556,1.);
#2556 = DIRECTION('',(1.,0.));
#2557 = ( GEOMETRIC_REPRESENTATION_CONTEXT(2) 
PARAMETRIC_REPRESENTATION_CONTEXT() REPRESENTATION_CONTEXT('2D SPACE',''
  ) );
#2558 = PCURVE('',#102,#2559);
#2559 = DEFINITIONAL_REPRESENTATION('',(#2560),#2564);
#2560 = LINE('',#2561,#2562);
#2561 = CARTESIAN_POINT('',(0.208956264975,-28.85052446204));
#2562 = VECTOR('',#2563,1.);
#2563 = DIRECTION('',(-0.996584493007,8.257934547233E-02));
#2564 = ( GEOMETRIC_REPRESENTATION_CONTEXT(2) 
PARAMETRIC_REPRESENTATION_CONTEXT() REPRESENTATION_CONTEXT('2D SPACE',''
  ) );
#2565 = ORIENTED_EDGE('',*,*,#2566,.T.);
#2566 = EDGE_CURVE('',#2544,#2520,#2567,.T.);
#2567 = SURFACE_CURVE('',#2568,(#2572,#2579),.PCURVE_S1.);
#2568 = LINE('',#2569,#2570);
#2569 = CARTESIAN_POINT('',(0.201251214024,-28.84988600332,-2.135));
#2570 = VECTOR('',#2571,1.);
#2571 = DIRECTION('',(0.,0.,-1.));
#2572 = PCURVE('',#2504,#2573);
#2573 = DEFINITIONAL_REPRESENTATION('',(#2574),#2578);
#2574 = LINE('',#2575,#2576);
#2575 = CARTESIAN_POINT('',(7.731457798992E-03,0.));
#2576 = VECTOR('',#2577,1.);
#2577 = DIRECTION('',(0.,1.));
#2578 = ( GEOMETRIC_REPRESENTATION_CONTEXT(2) 
PARAMETRIC_REPRESENTATION_CONTEXT() REPRESENTATION_CONTEXT('2D SPACE',''
  ) );
#2579 = PCURVE('',#2580,#2585);
#2580 = CYLINDRICAL_SURFACE('',#2581,2.5907);
#2581 = AXIS2_PLACEMENT_3D('',#2582,#2583,#2584);
#2582 = CARTESIAN_POINT('',(-2.389411050152,-28.83590305033,-2.135));
#2583 = DIRECTION('',(0.,0.,-1.));
#2584 = DIRECTION('',(-8.257934547233E-02,-0.996584493007,0.));
#2585 = DEFINITIONAL_REPRESENTATION('',(#2586),#2590);
#2586 = LINE('',#2587,#2588);
#2587 = CARTESIAN_POINT('',(-1.648072426672,0.));
#2588 = VECTOR('',#2589,1.);
#2589 = DIRECTION('',(-0.,1.));
#2590 = ( GEOMETRIC_REPRESENTATION_CONTEXT(2) 
PARAMETRIC_REPRESENTATION_CONTEXT() REPRESENTATION_CONTEXT('2D SPACE',''
  ) );
#2591 = ADVANCED_FACE('',(#2592),#2580,.F.);
#2592 = FACE_BOUND('',#2593,.T.);
#2593 = EDGE_LOOP('',(#2594,#2618,#2619,#2643));
#2594 = ORIENTED_EDGE('',*,*,#2595,.F.);
#2595 = EDGE_CURVE('',#2520,#2596,#2598,.T.);
#2596 = VERTEX_POINT('',#2597);
#2597 = CARTESIAN_POINT('',(-4.947041576139,-28.42328630013,-2.135));
#2598 = SURFACE_CURVE('',#2599,(#2604,#2611),.PCURVE_S1.);
#2599 = CIRCLE('',#2600,2.5907);
#2600 = AXIS2_PLACEMENT_3D('',#2601,#2602,#2603);
#2601 = CARTESIAN_POINT('',(-2.389411050152,-28.83590305033,-2.135));
#2602 = DIRECTION('',(0.,0.,1.));
#2603 = DIRECTION('',(-8.257934547233E-02,-0.996584493007,0.));
#2604 = PCURVE('',#2580,#2605);
#2605 = DEFINITIONAL_REPRESENTATION('',(#2606),#2610);
#2606 = LINE('',#2607,#2608);
#2607 = CARTESIAN_POINT('',(-0.,0.));
#2608 = VECTOR('',#2609,1.);
#2609 = DIRECTION('',(-1.,0.));
#2610 = ( GEOMETRIC_REPRESENTATION_CONTEXT(2) 
PARAMETRIC_REPRESENTATION_CONTEXT() REPRESENTATION_CONTEXT('2D SPACE',''
  ) );
#2611 = PCURVE('',#45,#2612);
#2612 = DEFINITIONAL_REPRESENTATION('',(#2613),#2617);
#2613 = CIRCLE('',#2614,2.5907);
#2614 = AXIS2_PLACEMENT_2D('',#2615,#2616);
#2615 = CARTESIAN_POINT('',(-2.389411050152,-28.83590305033));
#2616 = DIRECTION('',(-8.257934547233E-02,-0.996584493007));
#2617 = ( GEOMETRIC_REPRESENTATION_CONTEXT(2) 
PARAMETRIC_REPRESENTATION_CONTEXT() REPRESENTATION_CONTEXT('2D SPACE',''
  ) );
#2618 = ORIENTED_EDGE('',*,*,#2566,.F.);
#2619 = ORIENTED_EDGE('',*,*,#2620,.T.);
#2620 = EDGE_CURVE('',#2544,#2621,#2623,.T.);
#2621 = VERTEX_POINT('',#2622);
#2622 = CARTESIAN_POINT('',(-4.947041576139,-28.42328630013,2.135));
#2623 = SURFACE_CURVE('',#2624,(#2629,#2636),.PCURVE_S1.);
#2624 = CIRCLE('',#2625,2.5907);
#2625 = AXIS2_PLACEMENT_3D('',#2626,#2627,#2628);
#2626 = CARTESIAN_POINT('',(-2.389411050152,-28.83590305033,2.135));
#2627 = DIRECTION('',(0.,0.,1.));
#2628 = DIRECTION('',(-8.257934547233E-02,-0.996584493007,0.));
#2629 = PCURVE('',#2580,#2630);
#2630 = DEFINITIONAL_REPRESENTATION('',(#2631),#2635);
#2631 = LINE('',#2632,#2633);
#2632 = CARTESIAN_POINT('',(-0.,-4.27));
#2633 = VECTOR('',#2634,1.);
#2634 = DIRECTION('',(-1.,0.));
#2635 = ( GEOMETRIC_REPRESENTATION_CONTEXT(2) 
PARAMETRIC_REPRESENTATION_CONTEXT() REPRESENTATION_CONTEXT('2D SPACE',''
  ) );
#2636 = PCURVE('',#102,#2637);
#2637 = DEFINITIONAL_REPRESENTATION('',(#2638),#2642);
#2638 = CIRCLE('',#2639,2.5907);
#2639 = AXIS2_PLACEMENT_2D('',#2640,#2641);
#2640 = CARTESIAN_POINT('',(-2.389411050152,-28.83590305033));
#2641 = DIRECTION('',(-8.257934547233E-02,-0.996584493007));
#2642 = ( GEOMETRIC_REPRESENTATION_CONTEXT(2) 
PARAMETRIC_REPRESENTATION_CONTEXT() REPRESENTATION_CONTEXT('2D SPACE',''
  ) );
#2643 = ORIENTED_EDGE('',*,*,#2644,.T.);
#2644 = EDGE_CURVE('',#2621,#2596,#2645,.T.);
#2645 = SURFACE_CURVE('',#2646,(#2650,#2657),.PCURVE_S1.);
#2646 = LINE('',#2647,#2648);
#2647 = CARTESIAN_POINT('',(-4.947041576139,-28.42328630014,-2.135));
#2648 = VECTOR('',#2649,1.);
#2649 = DIRECTION('',(0.,0.,-1.));
#2650 = PCURVE('',#2580,#2651);
#2651 = DEFINITIONAL_REPRESENTATION('',(#2652),#2656);
#2652 = LINE('',#2653,#2654);
#2653 = CARTESIAN_POINT('',(-4.635112880507,0.));
#2654 = VECTOR('',#2655,1.);
#2655 = DIRECTION('',(-0.,1.));
#2656 = ( GEOMETRIC_REPRESENTATION_CONTEXT(2) 
PARAMETRIC_REPRESENTATION_CONTEXT() REPRESENTATION_CONTEXT('2D SPACE',''
  ) );
#2657 = PCURVE('',#2658,#2663);
#2658 = PLANE('',#2659);
#2659 = AXIS2_PLACEMENT_3D('',#2660,#2661,#2662);
#2660 = CARTESIAN_POINT('',(0.208956264975,-28.85052446204,-2.135));
#2661 = DIRECTION('',(-8.257934547233E-02,-0.996584493007,0.));
#2662 = DIRECTION('',(-0.996584493007,8.257934547233E-02,0.));
#2663 = DEFINITIONAL_REPRESENTATION('',(#2664),#2668);
#2664 = LINE('',#2665,#2666);
#2665 = CARTESIAN_POINT('',(5.173668542201,0.));
#2666 = VECTOR('',#2667,1.);
#2667 = DIRECTION('',(0.,1.));
#2668 = ( GEOMETRIC_REPRESENTATION_CONTEXT(2) 
PARAMETRIC_REPRESENTATION_CONTEXT() REPRESENTATION_CONTEXT('2D SPACE',''
  ) );
#2669 = ADVANCED_FACE('',(#2670),#2658,.T.);
#2670 = FACE_BOUND('',#2671,.T.);
#2671 = EDGE_LOOP('',(#2672,#2695,#2696,#2719));
#2672 = ORIENTED_EDGE('',*,*,#2673,.F.);
#2673 = EDGE_CURVE('',#2596,#2674,#2676,.T.);
#2674 = VERTEX_POINT('',#2675);
#2675 = CARTESIAN_POINT('',(-4.95474662709,-28.42264784141,-2.135));
#2676 = SURFACE_CURVE('',#2677,(#2681,#2688),.PCURVE_S1.);
#2677 = LINE('',#2678,#2679);
#2678 = CARTESIAN_POINT('',(0.208956264975,-28.85052446204,-2.135));
#2679 = VECTOR('',#2680,1.);
#2680 = DIRECTION('',(-0.996584493007,8.257934547233E-02,0.));
#2681 = PCURVE('',#2658,#2682);
#2682 = DEFINITIONAL_REPRESENTATION('',(#2683),#2687);
#2683 = LINE('',#2684,#2685);
#2684 = CARTESIAN_POINT('',(0.,0.));
#2685 = VECTOR('',#2686,1.);
#2686 = DIRECTION('',(1.,0.));
#2687 = ( GEOMETRIC_REPRESENTATION_CONTEXT(2) 
PARAMETRIC_REPRESENTATION_CONTEXT() REPRESENTATION_CONTEXT('2D SPACE',''
  ) );
#2688 = PCURVE('',#45,#2689);
#2689 = DEFINITIONAL_REPRESENTATION('',(#2690),#2694);
#2690 = LINE('',#2691,#2692);
#2691 = CARTESIAN_POINT('',(0.208956264975,-28.85052446204));
#2692 = VECTOR('',#2693,1.);
#2693 = DIRECTION('',(-0.996584493007,8.257934547233E-02));
#2694 = ( GEOMETRIC_REPRESENTATION_CONTEXT(2) 
PARAMETRIC_REPRESENTATION_CONTEXT() REPRESENTATION_CONTEXT('2D SPACE',''
  ) );
#2695 = ORIENTED_EDGE('',*,*,#2644,.F.);
#2696 = ORIENTED_EDGE('',*,*,#2697,.T.);
#2697 = EDGE_CURVE('',#2621,#2698,#2700,.T.);
#2698 = VERTEX_POINT('',#2699);
#2699 = CARTESIAN_POINT('',(-4.95474662709,-28.42264784141,2.135));
#2700 = SURFACE_CURVE('',#2701,(#2705,#2712),.PCURVE_S1.);
#2701 = LINE('',#2702,#2703);
#2702 = CARTESIAN_POINT('',(0.208956264975,-28.85052446204,2.135));
#2703 = VECTOR('',#2704,1.);
#2704 = DIRECTION('',(-0.996584493007,8.257934547233E-02,0.));
#2705 = PCURVE('',#2658,#2706);
#2706 = DEFINITIONAL_REPRESENTATION('',(#2707),#2711);
#2707 = LINE('',#2708,#2709);
#2708 = CARTESIAN_POINT('',(0.,-4.27));
#2709 = VECTOR('',#2710,1.);
#2710 = DIRECTION('',(1.,0.));
#2711 = ( GEOMETRIC_REPRESENTATION_CONTEXT(2) 
PARAMETRIC_REPRESENTATION_CONTEXT() REPRESENTATION_CONTEXT('2D SPACE',''
  ) );
#2712 = PCURVE('',#102,#2713);
#2713 = DEFINITIONAL_REPRESENTATION('',(#2714),#2718);
#2714 = LINE('',#2715,#2716);
#2715 = CARTESIAN_POINT('',(0.208956264975,-28.85052446204));
#2716 = VECTOR('',#2717,1.);
#2717 = DIRECTION('',(-0.996584493007,8.257934547233E-02));
#2718 = ( GEOMETRIC_REPRESENTATION_CONTEXT(2) 
PARAMETRIC_REPRESENTATION_CONTEXT() REPRESENTATION_CONTEXT('2D SPACE',''
  ) );
#2719 = ORIENTED_EDGE('',*,*,#2720,.F.);
#2720 = EDGE_CURVE('',#2674,#2698,#2721,.T.);
#2721 = SURFACE_CURVE('',#2722,(#2726,#2733),.PCURVE_S1.);
#2722 = LINE('',#2723,#2724);
#2723 = CARTESIAN_POINT('',(-4.95474662709,-28.42264784141,-2.135));
#2724 = VECTOR('',#2725,1.);
#2725 = DIRECTION('',(0.,0.,1.));
#2726 = PCURVE('',#2658,#2727);
#2727 = DEFINITIONAL_REPRESENTATION('',(#2728),#2732);
#2728 = LINE('',#2729,#2730);
#2729 = CARTESIAN_POINT('',(5.1814,0.));
#2730 = VECTOR('',#2731,1.);
#2731 = DIRECTION('',(0.,-1.));
#2732 = ( GEOMETRIC_REPRESENTATION_CONTEXT(2) 
PARAMETRIC_REPRESENTATION_CONTEXT() REPRESENTATION_CONTEXT('2D SPACE',''
  ) );
#2733 = PCURVE('',#2734,#2739);
#2734 = PLANE('',#2735);
#2735 = AXIS2_PLACEMENT_3D('',#2736,#2737,#2738);
#2736 = CARTESIAN_POINT('',(-4.95474662709,-28.42264784141,-2.135));
#2737 = DIRECTION('',(0.932517008945,-0.361126055594,0.));
#2738 = DIRECTION('',(-0.361126055594,-0.932517008945,0.));
#2739 = DEFINITIONAL_REPRESENTATION('',(#2740),#2744);
#2740 = LINE('',#2741,#2742);
#2741 = CARTESIAN_POINT('',(0.,0.));
#2742 = VECTOR('',#2743,1.);
#2743 = DIRECTION('',(0.,-1.));
#2744 = ( GEOMETRIC_REPRESENTATION_CONTEXT(2) 
PARAMETRIC_REPRESENTATION_CONTEXT() REPRESENTATION_CONTEXT('2D SPACE',''
  ) );
#2745 = ADVANCED_FACE('',(#2746),#2734,.T.);
#2746 = FACE_BOUND('',#2747,.T.);
#2747 = EDGE_LOOP('',(#2748,#2771,#2772,#2795));
#2748 = ORIENTED_EDGE('',*,*,#2749,.F.);
#2749 = EDGE_CURVE('',#2674,#2750,#2752,.T.);
#2750 = VERTEX_POINT('',#2751);
#2751 = CARTESIAN_POINT('',(-5.890894868441,-30.8400146983,-2.135));
#2752 = SURFACE_CURVE('',#2753,(#2757,#2764),.PCURVE_S1.);
#2753 = LINE('',#2754,#2755);
#2754 = CARTESIAN_POINT('',(-4.95474662709,-28.42264784141,-2.135));
#2755 = VECTOR('',#2756,1.);
#2756 = DIRECTION('',(-0.361126055594,-0.932517008945,0.));
#2757 = PCURVE('',#2734,#2758);
#2758 = DEFINITIONAL_REPRESENTATION('',(#2759),#2763);
#2759 = LINE('',#2760,#2761);
#2760 = CARTESIAN_POINT('',(0.,0.));
#2761 = VECTOR('',#2762,1.);
#2762 = DIRECTION('',(1.,0.));
#2763 = ( GEOMETRIC_REPRESENTATION_CONTEXT(2) 
PARAMETRIC_REPRESENTATION_CONTEXT() REPRESENTATION_CONTEXT('2D SPACE',''
  ) );
#2764 = PCURVE('',#45,#2765);
#2765 = DEFINITIONAL_REPRESENTATION('',(#2766),#2770);
#2766 = LINE('',#2767,#2768);
#2767 = CARTESIAN_POINT('',(-4.95474662709,-28.42264784141));
#2768 = VECTOR('',#2769,1.);
#2769 = DIRECTION('',(-0.361126055594,-0.932517008945));
#2770 = ( GEOMETRIC_REPRESENTATION_CONTEXT(2) 
PARAMETRIC_REPRESENTATION_CONTEXT() REPRESENTATION_CONTEXT('2D SPACE',''
  ) );
#2771 = ORIENTED_EDGE('',*,*,#2720,.T.);
#2772 = ORIENTED_EDGE('',*,*,#2773,.T.);
#2773 = EDGE_CURVE('',#2698,#2774,#2776,.T.);
#2774 = VERTEX_POINT('',#2775);
#2775 = CARTESIAN_POINT('',(-5.890894868441,-30.8400146983,2.135));
#2776 = SURFACE_CURVE('',#2777,(#2781,#2788),.PCURVE_S1.);
#2777 = LINE('',#2778,#2779);
#2778 = CARTESIAN_POINT('',(-4.95474662709,-28.42264784141,2.135));
#2779 = VECTOR('',#2780,1.);
#2780 = DIRECTION('',(-0.361126055594,-0.932517008945,0.));
#2781 = PCURVE('',#2734,#2782);
#2782 = DEFINITIONAL_REPRESENTATION('',(#2783),#2787);
#2783 = LINE('',#2784,#2785);
#2784 = CARTESIAN_POINT('',(0.,-4.27));
#2785 = VECTOR('',#2786,1.);
#2786 = DIRECTION('',(1.,0.));
#2787 = ( GEOMETRIC_REPRESENTATION_CONTEXT(2) 
PARAMETRIC_REPRESENTATION_CONTEXT() REPRESENTATION_CONTEXT('2D SPACE',''
  ) );
#2788 = PCURVE('',#102,#2789);
#2789 = DEFINITIONAL_REPRESENTATION('',(#2790),#2794);
#2790 = LINE('',#2791,#2792);
#2791 = CARTESIAN_POINT('',(-4.95474662709,-28.42264784141));
#2792 = VECTOR('',#2793,1.);
#2793 = DIRECTION('',(-0.361126055594,-0.932517008945));
#2794 = ( GEOMETRIC_REPRESENTATION_CONTEXT(2) 
PARAMETRIC_REPRESENTATION_CONTEXT() REPRESENTATION_CONTEXT('2D SPACE',''
  ) );
#2795 = ORIENTED_EDGE('',*,*,#2796,.T.);
#2796 = EDGE_CURVE('',#2774,#2750,#2797,.T.);
#2797 = SURFACE_CURVE('',#2798,(#2802,#2809),.PCURVE_S1.);
#2798 = LINE('',#2799,#2800);
#2799 = CARTESIAN_POINT('',(-5.890894868442,-30.8400146983,-2.135));
#2800 = VECTOR('',#2801,1.);
#2801 = DIRECTION('',(-0.,-0.,-1.));
#2802 = PCURVE('',#2734,#2803);
#2803 = DEFINITIONAL_REPRESENTATION('',(#2804),#2808);
#2804 = LINE('',#2805,#2806);
#2805 = CARTESIAN_POINT('',(2.592303232764,0.));
#2806 = VECTOR('',#2807,1.);
#2807 = DIRECTION('',(0.,1.));
#2808 = ( GEOMETRIC_REPRESENTATION_CONTEXT(2) 
PARAMETRIC_REPRESENTATION_CONTEXT() REPRESENTATION_CONTEXT('2D SPACE',''
  ) );
#2809 = PCURVE('',#2810,#2815);
#2810 = CYLINDRICAL_SURFACE('',#2811,31.397597821218);
#2811 = AXIS2_PLACEMENT_3D('',#2812,#2813,#2814);
#2812 = CARTESIAN_POINT('',(0.,0.,-2.135));
#2813 = DIRECTION('',(-0.,-0.,-1.));
#2814 = DIRECTION('',(1.,0.,0.));
#2815 = DEFINITIONAL_REPRESENTATION('',(#2816),#2820);
#2816 = LINE('',#2817,#2818);
#2817 = CARTESIAN_POINT('',(-4.523647911027,0.));
#2818 = VECTOR('',#2819,1.);
#2819 = DIRECTION('',(-0.,1.));
#2820 = ( GEOMETRIC_REPRESENTATION_CONTEXT(2) 
PARAMETRIC_REPRESENTATION_CONTEXT() REPRESENTATION_CONTEXT('2D SPACE',''
  ) );
#2821 = ADVANCED_FACE('',(#2822),#2810,.T.);
#2822 = FACE_BOUND('',#2823,.F.);
#2823 = EDGE_LOOP('',(#2824,#2848,#2876,#2898));
#2824 = ORIENTED_EDGE('',*,*,#2825,.F.);
#2825 = EDGE_CURVE('',#2826,#2750,#2828,.T.);
#2826 = VERTEX_POINT('',#2827);
#2827 = CARTESIAN_POINT('',(-9.497337188974,-29.92673946927,-2.135));
#2828 = SURFACE_CURVE('',#2829,(#2834,#2841),.PCURVE_S1.);
#2829 = CIRCLE('',#2830,31.397597821218);
#2830 = AXIS2_PLACEMENT_3D('',#2831,#2832,#2833);
#2831 = CARTESIAN_POINT('',(0.,0.,-2.135));
#2832 = DIRECTION('',(0.,0.,1.));
#2833 = DIRECTION('',(1.,0.,0.));
#2834 = PCURVE('',#2810,#2835);
#2835 = DEFINITIONAL_REPRESENTATION('',(#2836),#2840);
#2836 = LINE('',#2837,#2838);
#2837 = CARTESIAN_POINT('',(-0.,0.));
#2838 = VECTOR('',#2839,1.);
#2839 = DIRECTION('',(-1.,0.));
#2840 = ( GEOMETRIC_REPRESENTATION_CONTEXT(2) 
PARAMETRIC_REPRESENTATION_CONTEXT() REPRESENTATION_CONTEXT('2D SPACE',''
  ) );
#2841 = PCURVE('',#45,#2842);
#2842 = DEFINITIONAL_REPRESENTATION('',(#2843),#2847);
#2843 = CIRCLE('',#2844,31.397597821218);
#2844 = AXIS2_PLACEMENT_2D('',#2845,#2846);
#2845 = CARTESIAN_POINT('',(2.090514272322E-15,-2.899329622222E-15));
#2846 = DIRECTION('',(1.,0.));
#2847 = ( GEOMETRIC_REPRESENTATION_CONTEXT(2) 
PARAMETRIC_REPRESENTATION_CONTEXT() REPRESENTATION_CONTEXT('2D SPACE',''
  ) );
#2848 = ORIENTED_EDGE('',*,*,#2849,.F.);
#2849 = EDGE_CURVE('',#2850,#2826,#2852,.T.);
#2850 = VERTEX_POINT('',#2851);
#2851 = CARTESIAN_POINT('',(-9.497337188974,-29.92673946927,2.135));
#2852 = SURFACE_CURVE('',#2853,(#2857,#2864),.PCURVE_S1.);
#2853 = LINE('',#2854,#2855);
#2854 = CARTESIAN_POINT('',(-9.497337188974,-29.92673946927,-2.135));
#2855 = VECTOR('',#2856,1.);
#2856 = DIRECTION('',(-0.,-0.,-1.));
#2857 = PCURVE('',#2810,#2858);
#2858 = DEFINITIONAL_REPRESENTATION('',(#2859),#2863);
#2859 = LINE('',#2860,#2861);
#2860 = CARTESIAN_POINT('',(-4.405089104439,0.));
#2861 = VECTOR('',#2862,1.);
#2862 = DIRECTION('',(-0.,1.));
#2863 = ( GEOMETRIC_REPRESENTATION_CONTEXT(2) 
PARAMETRIC_REPRESENTATION_CONTEXT() REPRESENTATION_CONTEXT('2D SPACE',''
  ) );
#2864 = PCURVE('',#2865,#2870);
#2865 = PLANE('',#2866);
#2866 = AXIS2_PLACEMENT_3D('',#2867,#2868,#2869);
#2867 = CARTESIAN_POINT('',(-9.915369906569,-33.21197310594,-2.135));
#2868 = DIRECTION('',(-0.992001236638,0.126228152598,0.));
#2869 = DIRECTION('',(0.126228152598,0.992001236638,0.));
#2870 = DEFINITIONAL_REPRESENTATION('',(#2871),#2875);
#2871 = LINE('',#2872,#2873);
#2872 = CARTESIAN_POINT('',(3.311723327887,0.));
#2873 = VECTOR('',#2874,1.);
#2874 = DIRECTION('',(0.,1.));
#2875 = ( GEOMETRIC_REPRESENTATION_CONTEXT(2) 
PARAMETRIC_REPRESENTATION_CONTEXT() REPRESENTATION_CONTEXT('2D SPACE',''
  ) );
#2876 = ORIENTED_EDGE('',*,*,#2877,.T.);
#2877 = EDGE_CURVE('',#2850,#2774,#2878,.T.);
#2878 = SURFACE_CURVE('',#2879,(#2884,#2891),.PCURVE_S1.);
#2879 = CIRCLE('',#2880,31.397597821218);
#2880 = AXIS2_PLACEMENT_3D('',#2881,#2882,#2883);
#2881 = CARTESIAN_POINT('',(0.,0.,2.135));
#2882 = DIRECTION('',(0.,0.,1.));
#2883 = DIRECTION('',(1.,0.,0.));
#2884 = PCURVE('',#2810,#2885);
#2885 = DEFINITIONAL_REPRESENTATION('',(#2886),#2890);
#2886 = LINE('',#2887,#2888);
#2887 = CARTESIAN_POINT('',(-0.,-4.27));
#2888 = VECTOR('',#2889,1.);
#2889 = DIRECTION('',(-1.,0.));
#2890 = ( GEOMETRIC_REPRESENTATION_CONTEXT(2) 
PARAMETRIC_REPRESENTATION_CONTEXT() REPRESENTATION_CONTEXT('2D SPACE',''
  ) );
#2891 = PCURVE('',#102,#2892);
#2892 = DEFINITIONAL_REPRESENTATION('',(#2893),#2897);
#2893 = CIRCLE('',#2894,31.397597821218);
#2894 = AXIS2_PLACEMENT_2D('',#2895,#2896);
#2895 = CARTESIAN_POINT('',(2.090514272322E-15,-2.899329622222E-15));
#2896 = DIRECTION('',(1.,0.));
#2897 = ( GEOMETRIC_REPRESENTATION_CONTEXT(2) 
PARAMETRIC_REPRESENTATION_CONTEXT() REPRESENTATION_CONTEXT('2D SPACE',''
  ) );
#2898 = ORIENTED_EDGE('',*,*,#2796,.T.);
#2899 = ADVANCED_FACE('',(#2900),#2865,.T.);
#2900 = FACE_BOUND('',#2901,.T.);
#2901 = EDGE_LOOP('',(#2902,#2925,#2926,#2949));
#2902 = ORIENTED_EDGE('',*,*,#2903,.F.);
#2903 = EDGE_CURVE('',#2826,#2904,#2906,.T.);
#2904 = VERTEX_POINT('',#2905);
#2905 = CARTESIAN_POINT('',(-9.170115540928,-27.35517145663,-2.135));
#2906 = SURFACE_CURVE('',#2907,(#2911,#2918),.PCURVE_S1.);
#2907 = LINE('',#2908,#2909);
#2908 = CARTESIAN_POINT('',(-9.915369906569,-33.21197310594,-2.135));
#2909 = VECTOR('',#2910,1.);
#2910 = DIRECTION('',(0.126228152598,0.992001236638,0.));
#2911 = PCURVE('',#2865,#2912);
#2912 = DEFINITIONAL_REPRESENTATION('',(#2913),#2917);
#2913 = LINE('',#2914,#2915);
#2914 = CARTESIAN_POINT('',(0.,0.));
#2915 = VECTOR('',#2916,1.);
#2916 = DIRECTION('',(1.,0.));
#2917 = ( GEOMETRIC_REPRESENTATION_CONTEXT(2) 
PARAMETRIC_REPRESENTATION_CONTEXT() REPRESENTATION_CONTEXT('2D SPACE',''
  ) );
#2918 = PCURVE('',#45,#2919);
#2919 = DEFINITIONAL_REPRESENTATION('',(#2920),#2924);
#2920 = LINE('',#2921,#2922);
#2921 = CARTESIAN_POINT('',(-9.915369906569,-33.21197310594));
#2922 = VECTOR('',#2923,1.);
#2923 = DIRECTION('',(0.126228152598,0.992001236638));
#2924 = ( GEOMETRIC_REPRESENTATION_CONTEXT(2) 
PARAMETRIC_REPRESENTATION_CONTEXT() REPRESENTATION_CONTEXT('2D SPACE',''
  ) );
#2925 = ORIENTED_EDGE('',*,*,#2849,.F.);
#2926 = ORIENTED_EDGE('',*,*,#2927,.T.);
#2927 = EDGE_CURVE('',#2850,#2928,#2930,.T.);
#2928 = VERTEX_POINT('',#2929);
#2929 = CARTESIAN_POINT('',(-9.170115540928,-27.35517145663,2.135));
#2930 = SURFACE_CURVE('',#2931,(#2935,#2942),.PCURVE_S1.);
#2931 = LINE('',#2932,#2933);
#2932 = CARTESIAN_POINT('',(-9.915369906569,-33.21197310594,2.135));
#2933 = VECTOR('',#2934,1.);
#2934 = DIRECTION('',(0.126228152598,0.992001236638,0.));
#2935 = PCURVE('',#2865,#2936);
#2936 = DEFINITIONAL_REPRESENTATION('',(#2937),#2941);
#2937 = LINE('',#2938,#2939);
#2938 = CARTESIAN_POINT('',(0.,-4.27));
#2939 = VECTOR('',#2940,1.);
#2940 = DIRECTION('',(1.,0.));
#2941 = ( GEOMETRIC_REPRESENTATION_CONTEXT(2) 
PARAMETRIC_REPRESENTATION_CONTEXT() REPRESENTATION_CONTEXT('2D SPACE',''
  ) );
#2942 = PCURVE('',#102,#2943);
#2943 = DEFINITIONAL_REPRESENTATION('',(#2944),#2948);
#2944 = LINE('',#2945,#2946);
#2945 = CARTESIAN_POINT('',(-9.915369906569,-33.21197310594));
#2946 = VECTOR('',#2947,1.);
#2947 = DIRECTION('',(0.126228152598,0.992001236638));
#2948 = ( GEOMETRIC_REPRESENTATION_CONTEXT(2) 
PARAMETRIC_REPRESENTATION_CONTEXT() REPRESENTATION_CONTEXT('2D SPACE',''
  ) );
#2949 = ORIENTED_EDGE('',*,*,#2950,.F.);
#2950 = EDGE_CURVE('',#2904,#2928,#2951,.T.);
#2951 = SURFACE_CURVE('',#2952,(#2956,#2963),.PCURVE_S1.);
#2952 = LINE('',#2953,#2954);
#2953 = CARTESIAN_POINT('',(-9.170115540928,-27.35517145663,-2.135));
#2954 = VECTOR('',#2955,1.);
#2955 = DIRECTION('',(0.,0.,1.));
#2956 = PCURVE('',#2865,#2957);
#2957 = DEFINITIONAL_REPRESENTATION('',(#2958),#2962);
#2958 = LINE('',#2959,#2960);
#2959 = CARTESIAN_POINT('',(5.904026560651,0.));
#2960 = VECTOR('',#2961,1.);
#2961 = DIRECTION('',(0.,-1.));
#2962 = ( GEOMETRIC_REPRESENTATION_CONTEXT(2) 
PARAMETRIC_REPRESENTATION_CONTEXT() REPRESENTATION_CONTEXT('2D SPACE',''
  ) );
#2963 = PCURVE('',#2964,#2969);
#2964 = PLANE('',#2965);
#2965 = AXIS2_PLACEMENT_3D('',#2966,#2967,#2968);
#2966 = CARTESIAN_POINT('',(-9.170115540928,-27.35517145663,-2.135));
#2967 = DIRECTION('',(-0.401695424653,-0.915773326655,0.));
#2968 = DIRECTION('',(-0.915773326655,0.401695424653,0.));
#2969 = DEFINITIONAL_REPRESENTATION('',(#2970),#2974);
#2970 = LINE('',#2971,#2972);
#2971 = CARTESIAN_POINT('',(0.,0.));
#2972 = VECTOR('',#2973,1.);
#2973 = DIRECTION('',(0.,-1.));
#2974 = ( GEOMETRIC_REPRESENTATION_CONTEXT(2) 
PARAMETRIC_REPRESENTATION_CONTEXT() REPRESENTATION_CONTEXT('2D SPACE',''
  ) );
#2975 = ADVANCED_FACE('',(#2976),#2964,.T.);
#2976 = FACE_BOUND('',#2977,.T.);
#2977 = EDGE_LOOP('',(#2978,#3001,#3002,#3025));
#2978 = ORIENTED_EDGE('',*,*,#2979,.F.);
#2979 = EDGE_CURVE('',#2904,#2980,#2982,.T.);
#2980 = VERTEX_POINT('',#2981);
#2981 = CARTESIAN_POINT('',(-9.177195803756,-27.3520657654,-2.135));
#2982 = SURFACE_CURVE('',#2983,(#2987,#2994),.PCURVE_S1.);
#2983 = LINE('',#2984,#2985);
#2984 = CARTESIAN_POINT('',(-9.170115540928,-27.35517145663,-2.135));
#2985 = VECTOR('',#2986,1.);
#2986 = DIRECTION('',(-0.915773326655,0.401695424653,0.));
#2987 = PCURVE('',#2964,#2988);
#2988 = DEFINITIONAL_REPRESENTATION('',(#2989),#2993);
#2989 = LINE('',#2990,#2991);
#2990 = CARTESIAN_POINT('',(0.,0.));
#2991 = VECTOR('',#2992,1.);
#2992 = DIRECTION('',(1.,0.));
#2993 = ( GEOMETRIC_REPRESENTATION_CONTEXT(2) 
PARAMETRIC_REPRESENTATION_CONTEXT() REPRESENTATION_CONTEXT('2D SPACE',''
  ) );
#2994 = PCURVE('',#45,#2995);
#2995 = DEFINITIONAL_REPRESENTATION('',(#2996),#3000);
#2996 = LINE('',#2997,#2998);
#2997 = CARTESIAN_POINT('',(-9.170115540928,-27.35517145663));
#2998 = VECTOR('',#2999,1.);
#2999 = DIRECTION('',(-0.915773326655,0.401695424653));
#3000 = ( GEOMETRIC_REPRESENTATION_CONTEXT(2) 
PARAMETRIC_REPRESENTATION_CONTEXT() REPRESENTATION_CONTEXT('2D SPACE',''
  ) );
#3001 = ORIENTED_EDGE('',*,*,#2950,.T.);
#3002 = ORIENTED_EDGE('',*,*,#3003,.T.);
#3003 = EDGE_CURVE('',#2928,#3004,#3006,.T.);
#3004 = VERTEX_POINT('',#3005);
#3005 = CARTESIAN_POINT('',(-9.177195803756,-27.3520657654,2.135));
#3006 = SURFACE_CURVE('',#3007,(#3011,#3018),.PCURVE_S1.);
#3007 = LINE('',#3008,#3009);
#3008 = CARTESIAN_POINT('',(-9.170115540928,-27.35517145663,2.135));
#3009 = VECTOR('',#3010,1.);
#3010 = DIRECTION('',(-0.915773326655,0.401695424653,0.));
#3011 = PCURVE('',#2964,#3012);
#3012 = DEFINITIONAL_REPRESENTATION('',(#3013),#3017);
#3013 = LINE('',#3014,#3015);
#3014 = CARTESIAN_POINT('',(0.,-4.27));
#3015 = VECTOR('',#3016,1.);
#3016 = DIRECTION('',(1.,0.));
#3017 = ( GEOMETRIC_REPRESENTATION_CONTEXT(2) 
PARAMETRIC_REPRESENTATION_CONTEXT() REPRESENTATION_CONTEXT('2D SPACE',''
  ) );
#3018 = PCURVE('',#102,#3019);
#3019 = DEFINITIONAL_REPRESENTATION('',(#3020),#3024);
#3020 = LINE('',#3021,#3022);
#3021 = CARTESIAN_POINT('',(-9.170115540928,-27.35517145663));
#3022 = VECTOR('',#3023,1.);
#3023 = DIRECTION('',(-0.915773326655,0.401695424653));
#3024 = ( GEOMETRIC_REPRESENTATION_CONTEXT(2) 
PARAMETRIC_REPRESENTATION_CONTEXT() REPRESENTATION_CONTEXT('2D SPACE',''
  ) );
#3025 = ORIENTED_EDGE('',*,*,#3026,.T.);
#3026 = EDGE_CURVE('',#3004,#2980,#3027,.T.);
#3027 = SURFACE_CURVE('',#3028,(#3032,#3039),.PCURVE_S1.);
#3028 = LINE('',#3029,#3030);
#3029 = CARTESIAN_POINT('',(-9.177195803756,-27.3520657654,-2.135));
#3030 = VECTOR('',#3031,1.);
#3031 = DIRECTION('',(0.,0.,-1.));
#3032 = PCURVE('',#2964,#3033);
#3033 = DEFINITIONAL_REPRESENTATION('',(#3034),#3038);
#3034 = LINE('',#3035,#3036);
#3035 = CARTESIAN_POINT('',(7.731457798991E-03,0.));
#3036 = VECTOR('',#3037,1.);
#3037 = DIRECTION('',(0.,1.));
#3038 = ( GEOMETRIC_REPRESENTATION_CONTEXT(2) 
PARAMETRIC_REPRESENTATION_CONTEXT() REPRESENTATION_CONTEXT('2D SPACE',''
  ) );
#3039 = PCURVE('',#3040,#3045);
#3040 = CYLINDRICAL_SURFACE('',#3041,2.5907);
#3041 = AXIS2_PLACEMENT_3D('',#3042,#3043,#3044);
#3042 = CARTESIAN_POINT('',(-11.62294858322,-26.49765378531,-2.135));
#3043 = DIRECTION('',(0.,0.,-1.));
#3044 = DIRECTION('',(-0.401695424653,-0.915773326655,0.));
#3045 = DEFINITIONAL_REPRESENTATION('',(#3046),#3050);
#3046 = LINE('',#3047,#3048);
#3047 = CARTESIAN_POINT('',(-1.648072426672,0.));
#3048 = VECTOR('',#3049,1.);
#3049 = DIRECTION('',(-0.,1.));
#3050 = ( GEOMETRIC_REPRESENTATION_CONTEXT(2) 
PARAMETRIC_REPRESENTATION_CONTEXT() REPRESENTATION_CONTEXT('2D SPACE',''
  ) );
#3051 = ADVANCED_FACE('',(#3052),#3040,.F.);
#3052 = FACE_BOUND('',#3053,.T.);
#3053 = EDGE_LOOP('',(#3054,#3078,#3079,#3103));
#3054 = ORIENTED_EDGE('',*,*,#3055,.F.);
#3055 = EDGE_CURVE('',#2980,#3056,#3058,.T.);
#3056 = VERTEX_POINT('',#3057);
#3057 = CARTESIAN_POINT('',(-13.90802319283,-25.27693247456,-2.135));
#3058 = SURFACE_CURVE('',#3059,(#3064,#3071),.PCURVE_S1.);
#3059 = CIRCLE('',#3060,2.5907);
#3060 = AXIS2_PLACEMENT_3D('',#3061,#3062,#3063);
#3061 = CARTESIAN_POINT('',(-11.62294858322,-26.49765378531,-2.135));
#3062 = DIRECTION('',(0.,0.,1.));
#3063 = DIRECTION('',(-0.401695424653,-0.915773326655,0.));
#3064 = PCURVE('',#3040,#3065);
#3065 = DEFINITIONAL_REPRESENTATION('',(#3066),#3070);
#3066 = LINE('',#3067,#3068);
#3067 = CARTESIAN_POINT('',(-0.,0.));
#3068 = VECTOR('',#3069,1.);
#3069 = DIRECTION('',(-1.,0.));
#3070 = ( GEOMETRIC_REPRESENTATION_CONTEXT(2) 
PARAMETRIC_REPRESENTATION_CONTEXT() REPRESENTATION_CONTEXT('2D SPACE',''
  ) );
#3071 = PCURVE('',#45,#3072);
#3072 = DEFINITIONAL_REPRESENTATION('',(#3073),#3077);
#3073 = CIRCLE('',#3074,2.5907);
#3074 = AXIS2_PLACEMENT_2D('',#3075,#3076);
#3075 = CARTESIAN_POINT('',(-11.62294858322,-26.49765378531));
#3076 = DIRECTION('',(-0.401695424653,-0.915773326655));
#3077 = ( GEOMETRIC_REPRESENTATION_CONTEXT(2) 
PARAMETRIC_REPRESENTATION_CONTEXT() REPRESENTATION_CONTEXT('2D SPACE',''
  ) );
#3078 = ORIENTED_EDGE('',*,*,#3026,.F.);
#3079 = ORIENTED_EDGE('',*,*,#3080,.T.);
#3080 = EDGE_CURVE('',#3004,#3081,#3083,.T.);
#3081 = VERTEX_POINT('',#3082);
#3082 = CARTESIAN_POINT('',(-13.90802319283,-25.27693247456,2.135));
#3083 = SURFACE_CURVE('',#3084,(#3089,#3096),.PCURVE_S1.);
#3084 = CIRCLE('',#3085,2.5907);
#3085 = AXIS2_PLACEMENT_3D('',#3086,#3087,#3088);
#3086 = CARTESIAN_POINT('',(-11.62294858322,-26.49765378531,2.135));
#3087 = DIRECTION('',(0.,0.,1.));
#3088 = DIRECTION('',(-0.401695424653,-0.915773326655,0.));
#3089 = PCURVE('',#3040,#3090);
#3090 = DEFINITIONAL_REPRESENTATION('',(#3091),#3095);
#3091 = LINE('',#3092,#3093);
#3092 = CARTESIAN_POINT('',(-0.,-4.27));
#3093 = VECTOR('',#3094,1.);
#3094 = DIRECTION('',(-1.,0.));
#3095 = ( GEOMETRIC_REPRESENTATION_CONTEXT(2) 
PARAMETRIC_REPRESENTATION_CONTEXT() REPRESENTATION_CONTEXT('2D SPACE',''
  ) );
#3096 = PCURVE('',#102,#3097);
#3097 = DEFINITIONAL_REPRESENTATION('',(#3098),#3102);
#3098 = CIRCLE('',#3099,2.5907);
#3099 = AXIS2_PLACEMENT_2D('',#3100,#3101);
#3100 = CARTESIAN_POINT('',(-11.62294858322,-26.49765378531));
#3101 = DIRECTION('',(-0.401695424653,-0.915773326655));
#3102 = ( GEOMETRIC_REPRESENTATION_CONTEXT(2) 
PARAMETRIC_REPRESENTATION_CONTEXT() REPRESENTATION_CONTEXT('2D SPACE',''
  ) );
#3103 = ORIENTED_EDGE('',*,*,#3104,.T.);
#3104 = EDGE_CURVE('',#3081,#3056,#3105,.T.);
#3105 = SURFACE_CURVE('',#3106,(#3110,#3117),.PCURVE_S1.);
#3106 = LINE('',#3107,#3108);
#3107 = CARTESIAN_POINT('',(-13.90802319283,-25.27693247456,-2.135));
#3108 = VECTOR('',#3109,1.);
#3109 = DIRECTION('',(0.,0.,-1.));
#3110 = PCURVE('',#3040,#3111);
#3111 = DEFINITIONAL_REPRESENTATION('',(#3112),#3116);
#3112 = LINE('',#3113,#3114);
#3113 = CARTESIAN_POINT('',(-4.635112880507,0.));
#3114 = VECTOR('',#3115,1.);
#3115 = DIRECTION('',(-0.,1.));
#3116 = ( GEOMETRIC_REPRESENTATION_CONTEXT(2) 
PARAMETRIC_REPRESENTATION_CONTEXT() REPRESENTATION_CONTEXT('2D SPACE',''
  ) );
#3117 = PCURVE('',#3118,#3123);
#3118 = PLANE('',#3119);
#3119 = AXIS2_PLACEMENT_3D('',#3120,#3121,#3122);
#3120 = CARTESIAN_POINT('',(-9.170115540928,-27.35517145663,-2.135));
#3121 = DIRECTION('',(-0.401695424653,-0.915773326655,0.));
#3122 = DIRECTION('',(-0.915773326655,0.401695424653,0.));
#3123 = DEFINITIONAL_REPRESENTATION('',(#3124),#3128);
#3124 = LINE('',#3125,#3126);
#3125 = CARTESIAN_POINT('',(5.173668542201,0.));
#3126 = VECTOR('',#3127,1.);
#3127 = DIRECTION('',(0.,1.));
#3128 = ( GEOMETRIC_REPRESENTATION_CONTEXT(2) 
PARAMETRIC_REPRESENTATION_CONTEXT() REPRESENTATION_CONTEXT('2D SPACE',''
  ) );
#3129 = ADVANCED_FACE('',(#3130),#3118,.T.);
#3130 = FACE_BOUND('',#3131,.T.);
#3131 = EDGE_LOOP('',(#3132,#3155,#3156,#3179));
#3132 = ORIENTED_EDGE('',*,*,#3133,.F.);
#3133 = EDGE_CURVE('',#3056,#3134,#3136,.T.);
#3134 = VERTEX_POINT('',#3135);
#3135 = CARTESIAN_POINT('',(-13.91510345565,-25.27382678333,-2.135));
#3136 = SURFACE_CURVE('',#3137,(#3141,#3148),.PCURVE_S1.);
#3137 = LINE('',#3138,#3139);
#3138 = CARTESIAN_POINT('',(-9.170115540928,-27.35517145663,-2.135));
#3139 = VECTOR('',#3140,1.);
#3140 = DIRECTION('',(-0.915773326655,0.401695424653,0.));
#3141 = PCURVE('',#3118,#3142);
#3142 = DEFINITIONAL_REPRESENTATION('',(#3143),#3147);
#3143 = LINE('',#3144,#3145);
#3144 = CARTESIAN_POINT('',(0.,0.));
#3145 = VECTOR('',#3146,1.);
#3146 = DIRECTION('',(1.,0.));
#3147 = ( GEOMETRIC_REPRESENTATION_CONTEXT(2) 
PARAMETRIC_REPRESENTATION_CONTEXT() REPRESENTATION_CONTEXT('2D SPACE',''
  ) );
#3148 = PCURVE('',#45,#3149);
#3149 = DEFINITIONAL_REPRESENTATION('',(#3150),#3154);
#3150 = LINE('',#3151,#3152);
#3151 = CARTESIAN_POINT('',(-9.170115540928,-27.35517145663));
#3152 = VECTOR('',#3153,1.);
#3153 = DIRECTION('',(-0.915773326655,0.401695424653));
#3154 = ( GEOMETRIC_REPRESENTATION_CONTEXT(2) 
PARAMETRIC_REPRESENTATION_CONTEXT() REPRESENTATION_CONTEXT('2D SPACE',''
  ) );
#3155 = ORIENTED_EDGE('',*,*,#3104,.F.);
#3156 = ORIENTED_EDGE('',*,*,#3157,.T.);
#3157 = EDGE_CURVE('',#3081,#3158,#3160,.T.);
#3158 = VERTEX_POINT('',#3159);
#3159 = CARTESIAN_POINT('',(-13.91510345565,-25.27382678333,2.135));
#3160 = SURFACE_CURVE('',#3161,(#3165,#3172),.PCURVE_S1.);
#3161 = LINE('',#3162,#3163);
#3162 = CARTESIAN_POINT('',(-9.170115540928,-27.35517145663,2.135));
#3163 = VECTOR('',#3164,1.);
#3164 = DIRECTION('',(-0.915773326655,0.401695424653,0.));
#3165 = PCURVE('',#3118,#3166);
#3166 = DEFINITIONAL_REPRESENTATION('',(#3167),#3171);
#3167 = LINE('',#3168,#3169);
#3168 = CARTESIAN_POINT('',(0.,-4.27));
#3169 = VECTOR('',#3170,1.);
#3170 = DIRECTION('',(1.,0.));
#3171 = ( GEOMETRIC_REPRESENTATION_CONTEXT(2) 
PARAMETRIC_REPRESENTATION_CONTEXT() REPRESENTATION_CONTEXT('2D SPACE',''
  ) );
#3172 = PCURVE('',#102,#3173);
#3173 = DEFINITIONAL_REPRESENTATION('',(#3174),#3178);
#3174 = LINE('',#3175,#3176);
#3175 = CARTESIAN_POINT('',(-9.170115540928,-27.35517145663));
#3176 = VECTOR('',#3177,1.);
#3177 = DIRECTION('',(-0.915773326655,0.401695424653));
#3178 = ( GEOMETRIC_REPRESENTATION_CONTEXT(2) 
PARAMETRIC_REPRESENTATION_CONTEXT() REPRESENTATION_CONTEXT('2D SPACE',''
  ) );
#3179 = ORIENTED_EDGE('',*,*,#3180,.F.);
#3180 = EDGE_CURVE('',#3134,#3158,#3181,.T.);
#3181 = SURFACE_CURVE('',#3182,(#3186,#3193),.PCURVE_S1.);
#3182 = LINE('',#3183,#3184);
#3183 = CARTESIAN_POINT('',(-13.91510345565,-25.27382678333,-2.135));
#3184 = VECTOR('',#3185,1.);
#3185 = DIRECTION('',(0.,0.,1.));
#3186 = PCURVE('',#3118,#3187);
#3187 = DEFINITIONAL_REPRESENTATION('',(#3188),#3192);
#3188 = LINE('',#3189,#3190);
#3189 = CARTESIAN_POINT('',(5.1814,0.));
#3190 = VECTOR('',#3191,1.);
#3191 = DIRECTION('',(0.,-1.));
#3192 = ( GEOMETRIC_REPRESENTATION_CONTEXT(2) 
PARAMETRIC_REPRESENTATION_CONTEXT() REPRESENTATION_CONTEXT('2D SPACE',''
  ) );
#3193 = PCURVE('',#3194,#3199);
#3194 = PLANE('',#3195);
#3195 = AXIS2_PLACEMENT_3D('',#3196,#3197,#3198);
#3196 = CARTESIAN_POINT('',(-13.91510345565,-25.27382678333,-2.135));
#3197 = DIRECTION('',(0.764733226672,-0.644347027637,0.));
#3198 = DIRECTION('',(-0.644347027637,-0.764733226672,0.));
#3199 = DEFINITIONAL_REPRESENTATION('',(#3200),#3204);
#3200 = LINE('',#3201,#3202);
#3201 = CARTESIAN_POINT('',(0.,0.));
#3202 = VECTOR('',#3203,1.);
#3203 = DIRECTION('',(0.,-1.));
#3204 = ( GEOMETRIC_REPRESENTATION_CONTEXT(2) 
PARAMETRIC_REPRESENTATION_CONTEXT() REPRESENTATION_CONTEXT('2D SPACE',''
  ) );
#3205 = ADVANCED_FACE('',(#3206),#3194,.T.);
#3206 = FACE_BOUND('',#3207,.T.);
#3207 = EDGE_LOOP('',(#3208,#3231,#3232,#3255));
#3208 = ORIENTED_EDGE('',*,*,#3209,.F.);
#3209 = EDGE_CURVE('',#3134,#3210,#3212,.T.);
#3210 = VERTEX_POINT('',#3211);
#3211 = CARTESIAN_POINT('',(-15.58544633842,-27.25624719903,-2.135));
#3212 = SURFACE_CURVE('',#3213,(#3217,#3224),.PCURVE_S1.);
#3213 = LINE('',#3214,#3215);
#3214 = CARTESIAN_POINT('',(-13.91510345565,-25.27382678333,-2.135));
#3215 = VECTOR('',#3216,1.);
#3216 = DIRECTION('',(-0.644347027637,-0.764733226672,0.));
#3217 = PCURVE('',#3194,#3218);
#3218 = DEFINITIONAL_REPRESENTATION('',(#3219),#3223);
#3219 = LINE('',#3220,#3221);
#3220 = CARTESIAN_POINT('',(0.,0.));
#3221 = VECTOR('',#3222,1.);
#3222 = DIRECTION('',(1.,0.));
#3223 = ( GEOMETRIC_REPRESENTATION_CONTEXT(2) 
PARAMETRIC_REPRESENTATION_CONTEXT() REPRESENTATION_CONTEXT('2D SPACE',''
  ) );
#3224 = PCURVE('',#45,#3225);
#3225 = DEFINITIONAL_REPRESENTATION('',(#3226),#3230);
#3226 = LINE('',#3227,#3228);
#3227 = CARTESIAN_POINT('',(-13.91510345565,-25.27382678333));
#3228 = VECTOR('',#3229,1.);
#3229 = DIRECTION('',(-0.644347027637,-0.764733226672));
#3230 = ( GEOMETRIC_REPRESENTATION_CONTEXT(2) 
PARAMETRIC_REPRESENTATION_CONTEXT() REPRESENTATION_CONTEXT('2D SPACE',''
  ) );
#3231 = ORIENTED_EDGE('',*,*,#3180,.T.);
#3232 = ORIENTED_EDGE('',*,*,#3233,.T.);
#3233 = EDGE_CURVE('',#3158,#3234,#3236,.T.);
#3234 = VERTEX_POINT('',#3235);
#3235 = CARTESIAN_POINT('',(-15.58544633842,-27.25624719903,2.135));
#3236 = SURFACE_CURVE('',#3237,(#3241,#3248),.PCURVE_S1.);
#3237 = LINE('',#3238,#3239);
#3238 = CARTESIAN_POINT('',(-13.91510345565,-25.27382678333,2.135));
#3239 = VECTOR('',#3240,1.);
#3240 = DIRECTION('',(-0.644347027637,-0.764733226672,0.));
#3241 = PCURVE('',#3194,#3242);
#3242 = DEFINITIONAL_REPRESENTATION('',(#3243),#3247);
#3243 = LINE('',#3244,#3245);
#3244 = CARTESIAN_POINT('',(0.,-4.27));
#3245 = VECTOR('',#3246,1.);
#3246 = DIRECTION('',(1.,0.));
#3247 = ( GEOMETRIC_REPRESENTATION_CONTEXT(2) 
PARAMETRIC_REPRESENTATION_CONTEXT() REPRESENTATION_CONTEXT('2D SPACE',''
  ) );
#3248 = PCURVE('',#102,#3249);
#3249 = DEFINITIONAL_REPRESENTATION('',(#3250),#3254);
#3250 = LINE('',#3251,#3252);
#3251 = CARTESIAN_POINT('',(-13.91510345565,-25.27382678333));
#3252 = VECTOR('',#3253,1.);
#3253 = DIRECTION('',(-0.644347027637,-0.764733226672));
#3254 = ( GEOMETRIC_REPRESENTATION_CONTEXT(2) 
PARAMETRIC_REPRESENTATION_CONTEXT() REPRESENTATION_CONTEXT('2D SPACE',''
  ) );
#3255 = ORIENTED_EDGE('',*,*,#3256,.T.);
#3256 = EDGE_CURVE('',#3234,#3210,#3257,.T.);
#3257 = SURFACE_CURVE('',#3258,(#3262,#3269),.PCURVE_S1.);
#3258 = LINE('',#3259,#3260);
#3259 = CARTESIAN_POINT('',(-15.58544633842,-27.25624719903,-2.135));
#3260 = VECTOR('',#3261,1.);
#3261 = DIRECTION('',(-0.,-0.,-1.));
#3262 = PCURVE('',#3194,#3263);
#3263 = DEFINITIONAL_REPRESENTATION('',(#3264),#3268);
#3264 = LINE('',#3265,#3266);
#3265 = CARTESIAN_POINT('',(2.592303232764,0.));
#3266 = VECTOR('',#3267,1.);
#3267 = DIRECTION('',(0.,1.));
#3268 = ( GEOMETRIC_REPRESENTATION_CONTEXT(2) 
PARAMETRIC_REPRESENTATION_CONTEXT() REPRESENTATION_CONTEXT('2D SPACE',''
  ) );
#3269 = PCURVE('',#3270,#3275);
#3270 = CYLINDRICAL_SURFACE('',#3271,31.397597821218);
#3271 = AXIS2_PLACEMENT_3D('',#3272,#3273,#3274);
#3272 = CARTESIAN_POINT('',(0.,0.,-2.135));
#3273 = DIRECTION('',(-0.,-0.,-1.));
#3274 = DIRECTION('',(1.,0.,0.));
#3275 = DEFINITIONAL_REPRESENTATION('',(#3276),#3280);
#3276 = LINE('',#3277,#3278);
#3277 = CARTESIAN_POINT('',(-4.192953947491,0.));
#3278 = VECTOR('',#3279,1.);
#3279 = DIRECTION('',(-0.,1.));
#3280 = ( GEOMETRIC_REPRESENTATION_CONTEXT(2) 
PARAMETRIC_REPRESENTATION_CONTEXT() REPRESENTATION_CONTEXT('2D SPACE',''
  ) );
#3281 = ADVANCED_FACE('',(#3282),#3270,.T.);
#3282 = FACE_BOUND('',#3283,.F.);
#3283 = EDGE_LOOP('',(#3284,#3308,#3336,#3358));
#3284 = ORIENTED_EDGE('',*,*,#3285,.F.);
#3285 = EDGE_CURVE('',#3286,#3210,#3288,.T.);
#3286 = VERTEX_POINT('',#3287);
#3287 = CARTESIAN_POINT('',(-18.69994168427,-25.2214458338,-2.135));
#3288 = SURFACE_CURVE('',#3289,(#3294,#3301),.PCURVE_S1.);
#3289 = CIRCLE('',#3290,31.397597821218);
#3290 = AXIS2_PLACEMENT_3D('',#3291,#3292,#3293);
#3291 = CARTESIAN_POINT('',(0.,0.,-2.135));
#3292 = DIRECTION('',(0.,0.,1.));
#3293 = DIRECTION('',(1.,0.,0.));
#3294 = PCURVE('',#3270,#3295);
#3295 = DEFINITIONAL_REPRESENTATION('',(#3296),#3300);
#3296 = LINE('',#3297,#3298);
#3297 = CARTESIAN_POINT('',(-0.,0.));
#3298 = VECTOR('',#3299,1.);
#3299 = DIRECTION('',(-1.,0.));
#3300 = ( GEOMETRIC_REPRESENTATION_CONTEXT(2) 
PARAMETRIC_REPRESENTATION_CONTEXT() REPRESENTATION_CONTEXT('2D SPACE',''
  ) );
#3301 = PCURVE('',#45,#3302);
#3302 = DEFINITIONAL_REPRESENTATION('',(#3303),#3307);
#3303 = CIRCLE('',#3304,31.397597821218);
#3304 = AXIS2_PLACEMENT_2D('',#3305,#3306);
#3305 = CARTESIAN_POINT('',(2.090514272322E-15,-2.899329622222E-15));
#3306 = DIRECTION('',(1.,0.));
#3307 = ( GEOMETRIC_REPRESENTATION_CONTEXT(2) 
PARAMETRIC_REPRESENTATION_CONTEXT() REPRESENTATION_CONTEXT('2D SPACE',''
  ) );
#3308 = ORIENTED_EDGE('',*,*,#3309,.F.);
#3309 = EDGE_CURVE('',#3310,#3286,#3312,.T.);
#3310 = VERTEX_POINT('',#3311);
#3311 = CARTESIAN_POINT('',(-18.69994168427,-25.2214458338,2.135));
#3312 = SURFACE_CURVE('',#3313,(#3317,#3324),.PCURVE_S1.);
#3313 = LINE('',#3314,#3315);
#3314 = CARTESIAN_POINT('',(-18.69994168427,-25.2214458338,-2.135));
#3315 = VECTOR('',#3316,1.);
#3316 = DIRECTION('',(-0.,-0.,-1.));
#3317 = PCURVE('',#3270,#3318);
#3318 = DEFINITIONAL_REPRESENTATION('',(#3319),#3323);
#3319 = LINE('',#3320,#3321);
#3320 = CARTESIAN_POINT('',(-4.074395140903,0.));
#3321 = VECTOR('',#3322,1.);
#3322 = DIRECTION('',(-0.,1.));
#3323 = ( GEOMETRIC_REPRESENTATION_CONTEXT(2) 
PARAMETRIC_REPRESENTATION_CONTEXT() REPRESENTATION_CONTEXT('2D SPACE',''
  ) );
#3324 = PCURVE('',#3325,#3330);
#3325 = PLANE('',#3326);
#3326 = AXIS2_PLACEMENT_3D('',#3327,#3328,#3329);
#3327 = CARTESIAN_POINT('',(-20.16203785421,-28.19294144886,-2.135));
#3328 = DIRECTION('',(-0.897265659253,0.441491038102,0.));
#3329 = DIRECTION('',(0.441491038102,0.897265659253,0.));
#3330 = DEFINITIONAL_REPRESENTATION('',(#3331),#3335);
#3331 = LINE('',#3332,#3333);
#3332 = CARTESIAN_POINT('',(3.311723327887,0.));
#3333 = VECTOR('',#3334,1.);
#3334 = DIRECTION('',(0.,1.));
#3335 = ( GEOMETRIC_REPRESENTATION_CONTEXT(2) 
PARAMETRIC_REPRESENTATION_CONTEXT() REPRESENTATION_CONTEXT('2D SPACE',''
  ) );
#3336 = ORIENTED_EDGE('',*,*,#3337,.T.);
#3337 = EDGE_CURVE('',#3310,#3234,#3338,.T.);
#3338 = SURFACE_CURVE('',#3339,(#3344,#3351),.PCURVE_S1.);
#3339 = CIRCLE('',#3340,31.397597821218);
#3340 = AXIS2_PLACEMENT_3D('',#3341,#3342,#3343);
#3341 = CARTESIAN_POINT('',(0.,0.,2.135));
#3342 = DIRECTION('',(0.,0.,1.));
#3343 = DIRECTION('',(1.,0.,0.));
#3344 = PCURVE('',#3270,#3345);
#3345 = DEFINITIONAL_REPRESENTATION('',(#3346),#3350);
#3346 = LINE('',#3347,#3348);
#3347 = CARTESIAN_POINT('',(-0.,-4.27));
#3348 = VECTOR('',#3349,1.);
#3349 = DIRECTION('',(-1.,0.));
#3350 = ( GEOMETRIC_REPRESENTATION_CONTEXT(2) 
PARAMETRIC_REPRESENTATION_CONTEXT() REPRESENTATION_CONTEXT('2D SPACE',''
  ) );
#3351 = PCURVE('',#102,#3352);
#3352 = DEFINITIONAL_REPRESENTATION('',(#3353),#3357);
#3353 = CIRCLE('',#3354,31.397597821218);
#3354 = AXIS2_PLACEMENT_2D('',#3355,#3356);
#3355 = CARTESIAN_POINT('',(2.090514272322E-15,-2.899329622222E-15));
#3356 = DIRECTION('',(1.,0.));
#3357 = ( GEOMETRIC_REPRESENTATION_CONTEXT(2) 
PARAMETRIC_REPRESENTATION_CONTEXT() REPRESENTATION_CONTEXT('2D SPACE',''
  ) );
#3358 = ORIENTED_EDGE('',*,*,#3256,.T.);
#3359 = ADVANCED_FACE('',(#3360),#3325,.T.);
#3360 = FACE_BOUND('',#3361,.T.);
#3361 = EDGE_LOOP('',(#3362,#3385,#3386,#3409));
#3362 = ORIENTED_EDGE('',*,*,#3363,.F.);
#3363 = EDGE_CURVE('',#3286,#3364,#3366,.T.);
#3364 = VERTEX_POINT('',#3365);
#3365 = CARTESIAN_POINT('',(-17.55546303896,-22.89546116467,-2.135));
#3366 = SURFACE_CURVE('',#3367,(#3371,#3378),.PCURVE_S1.);
#3367 = LINE('',#3368,#3369);
#3368 = CARTESIAN_POINT('',(-20.16203785421,-28.19294144886,-2.135));
#3369 = VECTOR('',#3370,1.);
#3370 = DIRECTION('',(0.441491038102,0.897265659253,0.));
#3371 = PCURVE('',#3325,#3372);
#3372 = DEFINITIONAL_REPRESENTATION('',(#3373),#3377);
#3373 = LINE('',#3374,#3375);
#3374 = CARTESIAN_POINT('',(0.,0.));
#3375 = VECTOR('',#3376,1.);
#3376 = DIRECTION('',(1.,0.));
#3377 = ( GEOMETRIC_REPRESENTATION_CONTEXT(2) 
PARAMETRIC_REPRESENTATION_CONTEXT() REPRESENTATION_CONTEXT('2D SPACE',''
  ) );
#3378 = PCURVE('',#45,#3379);
#3379 = DEFINITIONAL_REPRESENTATION('',(#3380),#3384);
#3380 = LINE('',#3381,#3382);
#3381 = CARTESIAN_POINT('',(-20.16203785421,-28.19294144886));
#3382 = VECTOR('',#3383,1.);
#3383 = DIRECTION('',(0.441491038102,0.897265659253));
#3384 = ( GEOMETRIC_REPRESENTATION_CONTEXT(2) 
PARAMETRIC_REPRESENTATION_CONTEXT() REPRESENTATION_CONTEXT('2D SPACE',''
  ) );
#3385 = ORIENTED_EDGE('',*,*,#3309,.F.);
#3386 = ORIENTED_EDGE('',*,*,#3387,.T.);
#3387 = EDGE_CURVE('',#3310,#3388,#3390,.T.);
#3388 = VERTEX_POINT('',#3389);
#3389 = CARTESIAN_POINT('',(-17.55546303896,-22.89546116467,2.135));
#3390 = SURFACE_CURVE('',#3391,(#3395,#3402),.PCURVE_S1.);
#3391 = LINE('',#3392,#3393);
#3392 = CARTESIAN_POINT('',(-20.16203785421,-28.19294144886,2.135));
#3393 = VECTOR('',#3394,1.);
#3394 = DIRECTION('',(0.441491038102,0.897265659253,0.));
#3395 = PCURVE('',#3325,#3396);
#3396 = DEFINITIONAL_REPRESENTATION('',(#3397),#3401);
#3397 = LINE('',#3398,#3399);
#3398 = CARTESIAN_POINT('',(0.,-4.27));
#3399 = VECTOR('',#3400,1.);
#3400 = DIRECTION('',(1.,0.));
#3401 = ( GEOMETRIC_REPRESENTATION_CONTEXT(2) 
PARAMETRIC_REPRESENTATION_CONTEXT() REPRESENTATION_CONTEXT('2D SPACE',''
  ) );
#3402 = PCURVE('',#102,#3403);
#3403 = DEFINITIONAL_REPRESENTATION('',(#3404),#3408);
#3404 = LINE('',#3405,#3406);
#3405 = CARTESIAN_POINT('',(-20.16203785421,-28.19294144886));
#3406 = VECTOR('',#3407,1.);
#3407 = DIRECTION('',(0.441491038102,0.897265659253));
#3408 = ( GEOMETRIC_REPRESENTATION_CONTEXT(2) 
PARAMETRIC_REPRESENTATION_CONTEXT() REPRESENTATION_CONTEXT('2D SPACE',''
  ) );
#3409 = ORIENTED_EDGE('',*,*,#3410,.F.);
#3410 = EDGE_CURVE('',#3364,#3388,#3411,.T.);
#3411 = SURFACE_CURVE('',#3412,(#3416,#3423),.PCURVE_S1.);
#3412 = LINE('',#3413,#3414);
#3413 = CARTESIAN_POINT('',(-17.55546303896,-22.89546116467,-2.135));
#3414 = VECTOR('',#3415,1.);
#3415 = DIRECTION('',(0.,0.,1.));
#3416 = PCURVE('',#3325,#3417);
#3417 = DEFINITIONAL_REPRESENTATION('',(#3418),#3422);
#3418 = LINE('',#3419,#3420);
#3419 = CARTESIAN_POINT('',(5.904026560651,0.));
#3420 = VECTOR('',#3421,1.);
#3421 = DIRECTION('',(0.,-1.));
#3422 = ( GEOMETRIC_REPRESENTATION_CONTEXT(2) 
PARAMETRIC_REPRESENTATION_CONTEXT() REPRESENTATION_CONTEXT('2D SPACE',''
  ) );
#3423 = PCURVE('',#3424,#3429);
#3424 = PLANE('',#3425);
#3425 = AXIS2_PLACEMENT_3D('',#3426,#3427,#3428);
#3426 = CARTESIAN_POINT('',(-17.55546303896,-22.89546116467,-2.135));
#3427 = DIRECTION('',(-0.677281571626,-0.735723910673,0.));
#3428 = DIRECTION('',(-0.735723910673,0.677281571626,0.));
#3429 = DEFINITIONAL_REPRESENTATION('',(#3430),#3434);
#3430 = LINE('',#3431,#3432);
#3431 = CARTESIAN_POINT('',(0.,0.));
#3432 = VECTOR('',#3433,1.);
#3433 = DIRECTION('',(0.,-1.));
#3434 = ( GEOMETRIC_REPRESENTATION_CONTEXT(2) 
PARAMETRIC_REPRESENTATION_CONTEXT() REPRESENTATION_CONTEXT('2D SPACE',''
  ) );
#3435 = ADVANCED_FACE('',(#3436),#3424,.T.);
#3436 = FACE_BOUND('',#3437,.T.);
#3437 = EDGE_LOOP('',(#3438,#3461,#3462,#3485));
#3438 = ORIENTED_EDGE('',*,*,#3439,.F.);
#3439 = EDGE_CURVE('',#3364,#3440,#3442,.T.);
#3440 = VERTEX_POINT('',#3441);
#3441 = CARTESIAN_POINT('',(-17.56115125733,-22.89022479078,-2.135));
#3442 = SURFACE_CURVE('',#3443,(#3447,#3454),.PCURVE_S1.);
#3443 = LINE('',#3444,#3445);
#3444 = CARTESIAN_POINT('',(-17.55546303896,-22.89546116467,-2.135));
#3445 = VECTOR('',#3446,1.);
#3446 = DIRECTION('',(-0.735723910673,0.677281571626,0.));
#3447 = PCURVE('',#3424,#3448);
#3448 = DEFINITIONAL_REPRESENTATION('',(#3449),#3453);
#3449 = LINE('',#3450,#3451);
#3450 = CARTESIAN_POINT('',(0.,0.));
#3451 = VECTOR('',#3452,1.);
#3452 = DIRECTION('',(1.,0.));
#3453 = ( GEOMETRIC_REPRESENTATION_CONTEXT(2) 
PARAMETRIC_REPRESENTATION_CONTEXT() REPRESENTATION_CONTEXT('2D SPACE',''
  ) );
#3454 = PCURVE('',#45,#3455);
#3455 = DEFINITIONAL_REPRESENTATION('',(#3456),#3460);
#3456 = LINE('',#3457,#3458);
#3457 = CARTESIAN_POINT('',(-17.55546303896,-22.89546116467));
#3458 = VECTOR('',#3459,1.);
#3459 = DIRECTION('',(-0.735723910673,0.677281571626));
#3460 = ( GEOMETRIC_REPRESENTATION_CONTEXT(2) 
PARAMETRIC_REPRESENTATION_CONTEXT() REPRESENTATION_CONTEXT('2D SPACE',''
  ) );
#3461 = ORIENTED_EDGE('',*,*,#3410,.T.);
#3462 = ORIENTED_EDGE('',*,*,#3463,.T.);
#3463 = EDGE_CURVE('',#3388,#3464,#3466,.T.);
#3464 = VERTEX_POINT('',#3465);
#3465 = CARTESIAN_POINT('',(-17.56115125733,-22.89022479078,2.135));
#3466 = SURFACE_CURVE('',#3467,(#3471,#3478),.PCURVE_S1.);
#3467 = LINE('',#3468,#3469);
#3468 = CARTESIAN_POINT('',(-17.55546303896,-22.89546116467,2.135));
#3469 = VECTOR('',#3470,1.);
#3470 = DIRECTION('',(-0.735723910673,0.677281571626,0.));
#3471 = PCURVE('',#3424,#3472);
#3472 = DEFINITIONAL_REPRESENTATION('',(#3473),#3477);
#3473 = LINE('',#3474,#3475);
#3474 = CARTESIAN_POINT('',(0.,-4.27));
#3475 = VECTOR('',#3476,1.);
#3476 = DIRECTION('',(1.,0.));
#3477 = ( GEOMETRIC_REPRESENTATION_CONTEXT(2) 
PARAMETRIC_REPRESENTATION_CONTEXT() REPRESENTATION_CONTEXT('2D SPACE',''
  ) );
#3478 = PCURVE('',#102,#3479);
#3479 = DEFINITIONAL_REPRESENTATION('',(#3480),#3484);
#3480 = LINE('',#3481,#3482);
#3481 = CARTESIAN_POINT('',(-17.55546303896,-22.89546116467));
#3482 = VECTOR('',#3483,1.);
#3483 = DIRECTION('',(-0.735723910673,0.677281571626));
#3484 = ( GEOMETRIC_REPRESENTATION_CONTEXT(2) 
PARAMETRIC_REPRESENTATION_CONTEXT() REPRESENTATION_CONTEXT('2D SPACE',''
  ) );
#3485 = ORIENTED_EDGE('',*,*,#3486,.T.);
#3486 = EDGE_CURVE('',#3464,#3440,#3487,.T.);
#3487 = SURFACE_CURVE('',#3488,(#3492,#3499),.PCURVE_S1.);
#3488 = LINE('',#3489,#3490);
#3489 = CARTESIAN_POINT('',(-17.56115125733,-22.89022479078,-2.135));
#3490 = VECTOR('',#3491,1.);
#3491 = DIRECTION('',(0.,0.,-1.));
#3492 = PCURVE('',#3424,#3493);
#3493 = DEFINITIONAL_REPRESENTATION('',(#3494),#3498);
#3494 = LINE('',#3495,#3496);
#3495 = CARTESIAN_POINT('',(7.731457798992E-03,0.));
#3496 = VECTOR('',#3497,1.);
#3497 = DIRECTION('',(0.,1.));
#3498 = ( GEOMETRIC_REPRESENTATION_CONTEXT(2) 
PARAMETRIC_REPRESENTATION_CONTEXT() REPRESENTATION_CONTEXT('2D SPACE',''
  ) );
#3499 = PCURVE('',#3500,#3505);
#3500 = CYLINDRICAL_SURFACE('',#3501,2.5907);
#3501 = AXIS2_PLACEMENT_3D('',#3502,#3503,#3504);
#3502 = CARTESIAN_POINT('',(-19.59695928867,-21.28797257919,-2.135));
#3503 = DIRECTION('',(0.,0.,-1.));
#3504 = DIRECTION('',(-0.677281571626,-0.735723910673,0.));
#3505 = DEFINITIONAL_REPRESENTATION('',(#3506),#3510);
#3506 = LINE('',#3507,#3508);
#3507 = CARTESIAN_POINT('',(-1.648072426672,0.));
#3508 = VECTOR('',#3509,1.);
#3509 = DIRECTION('',(-0.,1.));
#3510 = ( GEOMETRIC_REPRESENTATION_CONTEXT(2) 
PARAMETRIC_REPRESENTATION_CONTEXT() REPRESENTATION_CONTEXT('2D SPACE',''
  ) );
#3511 = ADVANCED_FACE('',(#3512),#3500,.F.);
#3512 = FACE_BOUND('',#3513,.T.);
#3513 = EDGE_LOOP('',(#3514,#3538,#3539,#3563));
#3514 = ORIENTED_EDGE('',*,*,#3515,.F.);
#3515 = EDGE_CURVE('',#3440,#3516,#3518,.T.);
#3516 = VERTEX_POINT('',#3517);
#3517 = CARTESIAN_POINT('',(-21.36185469136,-19.39143080334,-2.135));
#3518 = SURFACE_CURVE('',#3519,(#3524,#3531),.PCURVE_S1.);
#3519 = CIRCLE('',#3520,2.5907);
#3520 = AXIS2_PLACEMENT_3D('',#3521,#3522,#3523);
#3521 = CARTESIAN_POINT('',(-19.59695928867,-21.28797257919,-2.135));
#3522 = DIRECTION('',(0.,0.,1.));
#3523 = DIRECTION('',(-0.677281571626,-0.735723910673,0.));
#3524 = PCURVE('',#3500,#3525);
#3525 = DEFINITIONAL_REPRESENTATION('',(#3526),#3530);
#3526 = LINE('',#3527,#3528);
#3527 = CARTESIAN_POINT('',(-0.,0.));
#3528 = VECTOR('',#3529,1.);
#3529 = DIRECTION('',(-1.,0.));
#3530 = ( GEOMETRIC_REPRESENTATION_CONTEXT(2) 
PARAMETRIC_REPRESENTATION_CONTEXT() REPRESENTATION_CONTEXT('2D SPACE',''
  ) );
#3531 = PCURVE('',#45,#3532);
#3532 = DEFINITIONAL_REPRESENTATION('',(#3533),#3537);
#3533 = CIRCLE('',#3534,2.5907);
#3534 = AXIS2_PLACEMENT_2D('',#3535,#3536);
#3535 = CARTESIAN_POINT('',(-19.59695928867,-21.28797257919));
#3536 = DIRECTION('',(-0.677281571626,-0.735723910673));
#3537 = ( GEOMETRIC_REPRESENTATION_CONTEXT(2) 
PARAMETRIC_REPRESENTATION_CONTEXT() REPRESENTATION_CONTEXT('2D SPACE',''
  ) );
#3538 = ORIENTED_EDGE('',*,*,#3486,.F.);
#3539 = ORIENTED_EDGE('',*,*,#3540,.T.);
#3540 = EDGE_CURVE('',#3464,#3541,#3543,.T.);
#3541 = VERTEX_POINT('',#3542);
#3542 = CARTESIAN_POINT('',(-21.36185469136,-19.39143080334,2.135));
#3543 = SURFACE_CURVE('',#3544,(#3549,#3556),.PCURVE_S1.);
#3544 = CIRCLE('',#3545,2.5907);
#3545 = AXIS2_PLACEMENT_3D('',#3546,#3547,#3548);
#3546 = CARTESIAN_POINT('',(-19.59695928867,-21.28797257919,2.135));
#3547 = DIRECTION('',(0.,0.,1.));
#3548 = DIRECTION('',(-0.677281571626,-0.735723910673,0.));
#3549 = PCURVE('',#3500,#3550);
#3550 = DEFINITIONAL_REPRESENTATION('',(#3551),#3555);
#3551 = LINE('',#3552,#3553);
#3552 = CARTESIAN_POINT('',(-0.,-4.27));
#3553 = VECTOR('',#3554,1.);
#3554 = DIRECTION('',(-1.,0.));
#3555 = ( GEOMETRIC_REPRESENTATION_CONTEXT(2) 
PARAMETRIC_REPRESENTATION_CONTEXT() REPRESENTATION_CONTEXT('2D SPACE',''
  ) );
#3556 = PCURVE('',#102,#3557);
#3557 = DEFINITIONAL_REPRESENTATION('',(#3558),#3562);
#3558 = CIRCLE('',#3559,2.5907);
#3559 = AXIS2_PLACEMENT_2D('',#3560,#3561);
#3560 = CARTESIAN_POINT('',(-19.59695928867,-21.28797257919));
#3561 = DIRECTION('',(-0.677281571626,-0.735723910673));
#3562 = ( GEOMETRIC_REPRESENTATION_CONTEXT(2) 
PARAMETRIC_REPRESENTATION_CONTEXT() REPRESENTATION_CONTEXT('2D SPACE',''
  ) );
#3563 = ORIENTED_EDGE('',*,*,#3564,.T.);
#3564 = EDGE_CURVE('',#3541,#3516,#3565,.T.);
#3565 = SURFACE_CURVE('',#3566,(#3570,#3577),.PCURVE_S1.);
#3566 = LINE('',#3567,#3568);
#3567 = CARTESIAN_POINT('',(-21.36185469136,-19.39143080334,-2.135));
#3568 = VECTOR('',#3569,1.);
#3569 = DIRECTION('',(0.,0.,-1.));
#3570 = PCURVE('',#3500,#3571);
#3571 = DEFINITIONAL_REPRESENTATION('',(#3572),#3576);
#3572 = LINE('',#3573,#3574);
#3573 = CARTESIAN_POINT('',(-4.635112880507,0.));
#3574 = VECTOR('',#3575,1.);
#3575 = DIRECTION('',(-0.,1.));
#3576 = ( GEOMETRIC_REPRESENTATION_CONTEXT(2) 
PARAMETRIC_REPRESENTATION_CONTEXT() REPRESENTATION_CONTEXT('2D SPACE',''
  ) );
#3577 = PCURVE('',#3578,#3583);
#3578 = PLANE('',#3579);
#3579 = AXIS2_PLACEMENT_3D('',#3580,#3581,#3582);
#3580 = CARTESIAN_POINT('',(-17.55546303896,-22.89546116467,-2.135));
#3581 = DIRECTION('',(-0.677281571626,-0.735723910673,0.));
#3582 = DIRECTION('',(-0.735723910673,0.677281571626,0.));
#3583 = DEFINITIONAL_REPRESENTATION('',(#3584),#3588);
#3584 = LINE('',#3585,#3586);
#3585 = CARTESIAN_POINT('',(5.173668542201,0.));
#3586 = VECTOR('',#3587,1.);
#3587 = DIRECTION('',(0.,1.));
#3588 = ( GEOMETRIC_REPRESENTATION_CONTEXT(2) 
PARAMETRIC_REPRESENTATION_CONTEXT() REPRESENTATION_CONTEXT('2D SPACE',''
  ) );
#3589 = ADVANCED_FACE('',(#3590),#3578,.T.);
#3590 = FACE_BOUND('',#3591,.T.);
#3591 = EDGE_LOOP('',(#3592,#3615,#3616,#3639));
#3592 = ORIENTED_EDGE('',*,*,#3593,.F.);
#3593 = EDGE_CURVE('',#3516,#3594,#3596,.T.);
#3594 = VERTEX_POINT('',#3595);
#3595 = CARTESIAN_POINT('',(-21.36754290973,-19.38619442945,-2.135));
#3596 = SURFACE_CURVE('',#3597,(#3601,#3608),.PCURVE_S1.);
#3597 = LINE('',#3598,#3599);
#3598 = CARTESIAN_POINT('',(-17.55546303896,-22.89546116467,-2.135));
#3599 = VECTOR('',#3600,1.);
#3600 = DIRECTION('',(-0.735723910673,0.677281571626,0.));
#3601 = PCURVE('',#3578,#3602);
#3602 = DEFINITIONAL_REPRESENTATION('',(#3603),#3607);
#3603 = LINE('',#3604,#3605);
#3604 = CARTESIAN_POINT('',(0.,0.));
#3605 = VECTOR('',#3606,1.);
#3606 = DIRECTION('',(1.,0.));
#3607 = ( GEOMETRIC_REPRESENTATION_CONTEXT(2) 
PARAMETRIC_REPRESENTATION_CONTEXT() REPRESENTATION_CONTEXT('2D SPACE',''
  ) );
#3608 = PCURVE('',#45,#3609);
#3609 = DEFINITIONAL_REPRESENTATION('',(#3610),#3614);
#3610 = LINE('',#3611,#3612);
#3611 = CARTESIAN_POINT('',(-17.55546303896,-22.89546116467));
#3612 = VECTOR('',#3613,1.);
#3613 = DIRECTION('',(-0.735723910673,0.677281571626));
#3614 = ( GEOMETRIC_REPRESENTATION_CONTEXT(2) 
PARAMETRIC_REPRESENTATION_CONTEXT() REPRESENTATION_CONTEXT('2D SPACE',''
  ) );
#3615 = ORIENTED_EDGE('',*,*,#3564,.F.);
#3616 = ORIENTED_EDGE('',*,*,#3617,.T.);
#3617 = EDGE_CURVE('',#3541,#3618,#3620,.T.);
#3618 = VERTEX_POINT('',#3619);
#3619 = CARTESIAN_POINT('',(-21.36754290973,-19.38619442945,2.135));
#3620 = SURFACE_CURVE('',#3621,(#3625,#3632),.PCURVE_S1.);
#3621 = LINE('',#3622,#3623);
#3622 = CARTESIAN_POINT('',(-17.55546303896,-22.89546116467,2.135));
#3623 = VECTOR('',#3624,1.);
#3624 = DIRECTION('',(-0.735723910673,0.677281571626,0.));
#3625 = PCURVE('',#3578,#3626);
#3626 = DEFINITIONAL_REPRESENTATION('',(#3627),#3631);
#3627 = LINE('',#3628,#3629);
#3628 = CARTESIAN_POINT('',(0.,-4.27));
#3629 = VECTOR('',#3630,1.);
#3630 = DIRECTION('',(1.,0.));
#3631 = ( GEOMETRIC_REPRESENTATION_CONTEXT(2) 
PARAMETRIC_REPRESENTATION_CONTEXT() REPRESENTATION_CONTEXT('2D SPACE',''
  ) );
#3632 = PCURVE('',#102,#3633);
#3633 = DEFINITIONAL_REPRESENTATION('',(#3634),#3638);
#3634 = LINE('',#3635,#3636);
#3635 = CARTESIAN_POINT('',(-17.55546303896,-22.89546116467));
#3636 = VECTOR('',#3637,1.);
#3637 = DIRECTION('',(-0.735723910673,0.677281571626));
#3638 = ( GEOMETRIC_REPRESENTATION_CONTEXT(2) 
PARAMETRIC_REPRESENTATION_CONTEXT() REPRESENTATION_CONTEXT('2D SPACE',''
  ) );
#3639 = ORIENTED_EDGE('',*,*,#3640,.F.);
#3640 = EDGE_CURVE('',#3594,#3618,#3641,.T.);
#3641 = SURFACE_CURVE('',#3642,(#3646,#3653),.PCURVE_S1.);
#3642 = LINE('',#3643,#3644);
#3643 = CARTESIAN_POINT('',(-21.36754290973,-19.38619442945,-2.135));
#3644 = VECTOR('',#3645,1.);
#3645 = DIRECTION('',(0.,0.,1.));
#3646 = PCURVE('',#3578,#3647);
#3647 = DEFINITIONAL_REPRESENTATION('',(#3648),#3652);
#3648 = LINE('',#3649,#3650);
#3649 = CARTESIAN_POINT('',(5.1814,0.));
#3650 = VECTOR('',#3651,1.);
#3651 = DIRECTION('',(0.,-1.));
#3652 = ( GEOMETRIC_REPRESENTATION_CONTEXT(2) 
PARAMETRIC_REPRESENTATION_CONTEXT() REPRESENTATION_CONTEXT('2D SPACE',''
  ) );
#3653 = PCURVE('',#3654,#3659);
#3654 = PLANE('',#3655);
#3655 = AXIS2_PLACEMENT_3D('',#3656,#3657,#3658);
#3656 = CARTESIAN_POINT('',(-21.36754290973,-19.38619442945,-2.135));
#3657 = DIRECTION('',(0.51407873323,-0.857743001161,0.));
#3658 = DIRECTION('',(-0.857743001161,-0.51407873323,0.));
#3659 = DEFINITIONAL_REPRESENTATION('',(#3660),#3664);
#3660 = LINE('',#3661,#3662);
#3661 = CARTESIAN_POINT('',(0.,0.));
#3662 = VECTOR('',#3663,1.);
#3663 = DIRECTION('',(0.,-1.));
#3664 = ( GEOMETRIC_REPRESENTATION_CONTEXT(2) 
PARAMETRIC_REPRESENTATION_CONTEXT() REPRESENTATION_CONTEXT('2D SPACE',''
  ) );
#3665 = ADVANCED_FACE('',(#3666),#3654,.T.);
#3666 = FACE_BOUND('',#3667,.T.);
#3667 = EDGE_LOOP('',(#3668,#3691,#3692,#3715));
#3668 = ORIENTED_EDGE('',*,*,#3669,.F.);
#3669 = EDGE_CURVE('',#3594,#3670,#3672,.T.);
#3670 = VERTEX_POINT('',#3671);
#3671 = CARTESIAN_POINT('',(-23.59107286452,-20.7188423915,-2.135));
#3672 = SURFACE_CURVE('',#3673,(#3677,#3684),.PCURVE_S1.);
#3673 = LINE('',#3674,#3675);
#3674 = CARTESIAN_POINT('',(-21.36754290973,-19.38619442945,-2.135));
#3675 = VECTOR('',#3676,1.);
#3676 = DIRECTION('',(-0.857743001161,-0.51407873323,0.));
#3677 = PCURVE('',#3654,#3678);
#3678 = DEFINITIONAL_REPRESENTATION('',(#3679),#3683);
#3679 = LINE('',#3680,#3681);
#3680 = CARTESIAN_POINT('',(0.,0.));
#3681 = VECTOR('',#3682,1.);
#3682 = DIRECTION('',(1.,0.));
#3683 = ( GEOMETRIC_REPRESENTATION_CONTEXT(2) 
PARAMETRIC_REPRESENTATION_CONTEXT() REPRESENTATION_CONTEXT('2D SPACE',''
  ) );
#3684 = PCURVE('',#45,#3685);
#3685 = DEFINITIONAL_REPRESENTATION('',(#3686),#3690);
#3686 = LINE('',#3687,#3688);
#3687 = CARTESIAN_POINT('',(-21.36754290973,-19.38619442945));
#3688 = VECTOR('',#3689,1.);
#3689 = DIRECTION('',(-0.857743001161,-0.51407873323));
#3690 = ( GEOMETRIC_REPRESENTATION_CONTEXT(2) 
PARAMETRIC_REPRESENTATION_CONTEXT() REPRESENTATION_CONTEXT('2D SPACE',''
  ) );
#3691 = ORIENTED_EDGE('',*,*,#3640,.T.);
#3692 = ORIENTED_EDGE('',*,*,#3693,.T.);
#3693 = EDGE_CURVE('',#3618,#3694,#3696,.T.);
#3694 = VERTEX_POINT('',#3695);
#3695 = CARTESIAN_POINT('',(-23.59107286452,-20.7188423915,2.135));
#3696 = SURFACE_CURVE('',#3697,(#3701,#3708),.PCURVE_S1.);
#3697 = LINE('',#3698,#3699);
#3698 = CARTESIAN_POINT('',(-21.36754290973,-19.38619442945,2.135));
#3699 = VECTOR('',#3700,1.);
#3700 = DIRECTION('',(-0.857743001161,-0.51407873323,0.));
#3701 = PCURVE('',#3654,#3702);
#3702 = DEFINITIONAL_REPRESENTATION('',(#3703),#3707);
#3703 = LINE('',#3704,#3705);
#3704 = CARTESIAN_POINT('',(0.,-4.27));
#3705 = VECTOR('',#3706,1.);
#3706 = DIRECTION('',(1.,0.));
#3707 = ( GEOMETRIC_REPRESENTATION_CONTEXT(2) 
PARAMETRIC_REPRESENTATION_CONTEXT() REPRESENTATION_CONTEXT('2D SPACE',''
  ) );
#3708 = PCURVE('',#102,#3709);
#3709 = DEFINITIONAL_REPRESENTATION('',(#3710),#3714);
#3710 = LINE('',#3711,#3712);
#3711 = CARTESIAN_POINT('',(-21.36754290973,-19.38619442945));
#3712 = VECTOR('',#3713,1.);
#3713 = DIRECTION('',(-0.857743001161,-0.51407873323));
#3714 = ( GEOMETRIC_REPRESENTATION_CONTEXT(2) 
PARAMETRIC_REPRESENTATION_CONTEXT() REPRESENTATION_CONTEXT('2D SPACE',''
  ) );
#3715 = ORIENTED_EDGE('',*,*,#3716,.T.);
#3716 = EDGE_CURVE('',#3694,#3670,#3717,.T.);
#3717 = SURFACE_CURVE('',#3718,(#3722,#3729),.PCURVE_S1.);
#3718 = LINE('',#3719,#3720);
#3719 = CARTESIAN_POINT('',(-23.59107286452,-20.7188423915,-2.135));
#3720 = VECTOR('',#3721,1.);
#3721 = DIRECTION('',(-0.,-0.,-1.));
#3722 = PCURVE('',#3654,#3723);
#3723 = DEFINITIONAL_REPRESENTATION('',(#3724),#3728);
#3724 = LINE('',#3725,#3726);
#3725 = CARTESIAN_POINT('',(2.592303232764,0.));
#3726 = VECTOR('',#3727,1.);
#3727 = DIRECTION('',(0.,1.));
#3728 = ( GEOMETRIC_REPRESENTATION_CONTEXT(2) 
PARAMETRIC_REPRESENTATION_CONTEXT() REPRESENTATION_CONTEXT('2D SPACE',''
  ) );
#3729 = PCURVE('',#3730,#3735);
#3730 = CYLINDRICAL_SURFACE('',#3731,31.397597821218);
#3731 = AXIS2_PLACEMENT_3D('',#3732,#3733,#3734);
#3732 = CARTESIAN_POINT('',(0.,0.,-2.135));
#3733 = DIRECTION('',(-0.,-0.,-1.));
#3734 = DIRECTION('',(1.,0.,0.));
#3735 = DEFINITIONAL_REPRESENTATION('',(#3736),#3740);
#3736 = LINE('',#3737,#3738);
#3737 = CARTESIAN_POINT('',(-3.862259983955,0.));
#3738 = VECTOR('',#3739,1.);
#3739 = DIRECTION('',(-0.,1.));
#3740 = ( GEOMETRIC_REPRESENTATION_CONTEXT(2) 
PARAMETRIC_REPRESENTATION_CONTEXT() REPRESENTATION_CONTEXT('2D SPACE',''
  ) );
#3741 = ADVANCED_FACE('',(#3742),#3730,.T.);
#3742 = FACE_BOUND('',#3743,.F.);
#3743 = EDGE_LOOP('',(#3744,#3768,#3796,#3818));
#3744 = ORIENTED_EDGE('',*,*,#3745,.F.);
#3745 = EDGE_CURVE('',#3746,#3670,#3748,.T.);
#3746 = VERTEX_POINT('',#3747);
#3747 = CARTESIAN_POINT('',(-25.87611733859,-17.78301719119,-2.135));
#3748 = SURFACE_CURVE('',#3749,(#3754,#3761),.PCURVE_S1.);
#3749 = CIRCLE('',#3750,31.397597821218);
#3750 = AXIS2_PLACEMENT_3D('',#3751,#3752,#3753);
#3751 = CARTESIAN_POINT('',(0.,0.,-2.135));
#3752 = DIRECTION('',(0.,0.,1.));
#3753 = DIRECTION('',(1.,0.,0.));
#3754 = PCURVE('',#3730,#3755);
#3755 = DEFINITIONAL_REPRESENTATION('',(#3756),#3760);
#3756 = LINE('',#3757,#3758);
#3757 = CARTESIAN_POINT('',(-0.,0.));
#3758 = VECTOR('',#3759,1.);
#3759 = DIRECTION('',(-1.,0.));
#3760 = ( GEOMETRIC_REPRESENTATION_CONTEXT(2) 
PARAMETRIC_REPRESENTATION_CONTEXT() REPRESENTATION_CONTEXT('2D SPACE',''
  ) );
#3761 = PCURVE('',#45,#3762);
#3762 = DEFINITIONAL_REPRESENTATION('',(#3763),#3767);
#3763 = CIRCLE('',#3764,31.397597821218);
#3764 = AXIS2_PLACEMENT_2D('',#3765,#3766);
#3765 = CARTESIAN_POINT('',(2.090514272322E-15,-2.899329622222E-15));
#3766 = DIRECTION('',(1.,0.));
#3767 = ( GEOMETRIC_REPRESENTATION_CONTEXT(2) 
PARAMETRIC_REPRESENTATION_CONTEXT() REPRESENTATION_CONTEXT('2D SPACE',''
  ) );
#3768 = ORIENTED_EDGE('',*,*,#3769,.F.);
#3769 = EDGE_CURVE('',#3770,#3746,#3772,.T.);
#3770 = VERTEX_POINT('',#3771);
#3771 = CARTESIAN_POINT('',(-25.87611733859,-17.78301719119,2.135));
#3772 = SURFACE_CURVE('',#3773,(#3777,#3784),.PCURVE_S1.);
#3773 = LINE('',#3774,#3775);
#3774 = CARTESIAN_POINT('',(-25.87611733859,-17.78301719118,-2.135));
#3775 = VECTOR('',#3776,1.);
#3776 = DIRECTION('',(-0.,-0.,-1.));
#3777 = PCURVE('',#3730,#3778);
#3778 = DEFINITIONAL_REPRESENTATION('',(#3779),#3783);
#3779 = LINE('',#3780,#3781);
#3780 = CARTESIAN_POINT('',(-3.743701177367,0.));
#3781 = VECTOR('',#3782,1.);
#3782 = DIRECTION('',(-0.,1.));
#3783 = ( GEOMETRIC_REPRESENTATION_CONTEXT(2) 
PARAMETRIC_REPRESENTATION_CONTEXT() REPRESENTATION_CONTEXT('2D SPACE',''
  ) );
#3784 = PCURVE('',#3785,#3790);
#3785 = PLANE('',#3786);
#3786 = AXIS2_PLACEMENT_3D('',#3787,#3788,#3789);
#3787 = CARTESIAN_POINT('',(-28.2238361541,-20.11876712724,-2.135));
#3788 = DIRECTION('',(-0.705297425177,0.708911519188,0.));
#3789 = DIRECTION('',(0.708911519188,0.705297425177,0.));
#3790 = DEFINITIONAL_REPRESENTATION('',(#3791),#3795);
#3791 = LINE('',#3792,#3793);
#3792 = CARTESIAN_POINT('',(3.311723327887,0.));
#3793 = VECTOR('',#3794,1.);
#3794 = DIRECTION('',(0.,1.));
#3795 = ( GEOMETRIC_REPRESENTATION_CONTEXT(2) 
PARAMETRIC_REPRESENTATION_CONTEXT() REPRESENTATION_CONTEXT('2D SPACE',''
  ) );
#3796 = ORIENTED_EDGE('',*,*,#3797,.T.);
#3797 = EDGE_CURVE('',#3770,#3694,#3798,.T.);
#3798 = SURFACE_CURVE('',#3799,(#3804,#3811),.PCURVE_S1.);
#3799 = CIRCLE('',#3800,31.397597821218);
#3800 = AXIS2_PLACEMENT_3D('',#3801,#3802,#3803);
#3801 = CARTESIAN_POINT('',(0.,0.,2.135));
#3802 = DIRECTION('',(0.,0.,1.));
#3803 = DIRECTION('',(1.,0.,0.));
#3804 = PCURVE('',#3730,#3805);
#3805 = DEFINITIONAL_REPRESENTATION('',(#3806),#3810);
#3806 = LINE('',#3807,#3808);
#3807 = CARTESIAN_POINT('',(-0.,-4.27));
#3808 = VECTOR('',#3809,1.);
#3809 = DIRECTION('',(-1.,0.));
#3810 = ( GEOMETRIC_REPRESENTATION_CONTEXT(2) 
PARAMETRIC_REPRESENTATION_CONTEXT() REPRESENTATION_CONTEXT('2D SPACE',''
  ) );
#3811 = PCURVE('',#102,#3812);
#3812 = DEFINITIONAL_REPRESENTATION('',(#3813),#3817);
#3813 = CIRCLE('',#3814,31.397597821218);
#3814 = AXIS2_PLACEMENT_2D('',#3815,#3816);
#3815 = CARTESIAN_POINT('',(2.090514272322E-15,-2.899329622222E-15));
#3816 = DIRECTION('',(1.,0.));
#3817 = ( GEOMETRIC_REPRESENTATION_CONTEXT(2) 
PARAMETRIC_REPRESENTATION_CONTEXT() REPRESENTATION_CONTEXT('2D SPACE',''
  ) );
#3818 = ORIENTED_EDGE('',*,*,#3716,.T.);
#3819 = ADVANCED_FACE('',(#3820),#3785,.T.);
#3820 = FACE_BOUND('',#3821,.T.);
#3821 = EDGE_LOOP('',(#3822,#3845,#3846,#3869));
#3822 = ORIENTED_EDGE('',*,*,#3823,.F.);
#3823 = EDGE_CURVE('',#3746,#3824,#3826,.T.);
#3824 = VERTEX_POINT('',#3825);
#3825 = CARTESIAN_POINT('',(-24.03840371566,-15.95467239584,-2.135));
#3826 = SURFACE_CURVE('',#3827,(#3831,#3838),.PCURVE_S1.);
#3827 = LINE('',#3828,#3829);
#3828 = CARTESIAN_POINT('',(-28.2238361541,-20.11876712724,-2.135));
#3829 = VECTOR('',#3830,1.);
#3830 = DIRECTION('',(0.708911519188,0.705297425177,0.));
#3831 = PCURVE('',#3785,#3832);
#3832 = DEFINITIONAL_REPRESENTATION('',(#3833),#3837);
#3833 = LINE('',#3834,#3835);
#3834 = CARTESIAN_POINT('',(0.,0.));
#3835 = VECTOR('',#3836,1.);
#3836 = DIRECTION('',(1.,0.));
#3837 = ( GEOMETRIC_REPRESENTATION_CONTEXT(2) 
PARAMETRIC_REPRESENTATION_CONTEXT() REPRESENTATION_CONTEXT('2D SPACE',''
  ) );
#3838 = PCURVE('',#45,#3839);
#3839 = DEFINITIONAL_REPRESENTATION('',(#3840),#3844);
#3840 = LINE('',#3841,#3842);
#3841 = CARTESIAN_POINT('',(-28.2238361541,-20.11876712724));
#3842 = VECTOR('',#3843,1.);
#3843 = DIRECTION('',(0.708911519188,0.705297425177));
#3844 = ( GEOMETRIC_REPRESENTATION_CONTEXT(2) 
PARAMETRIC_REPRESENTATION_CONTEXT() REPRESENTATION_CONTEXT('2D SPACE',''
  ) );
#3845 = ORIENTED_EDGE('',*,*,#3769,.F.);
#3846 = ORIENTED_EDGE('',*,*,#3847,.T.);
#3847 = EDGE_CURVE('',#3770,#3848,#3850,.T.);
#3848 = VERTEX_POINT('',#3849);
#3849 = CARTESIAN_POINT('',(-24.03840371566,-15.95467239584,2.135));
#3850 = SURFACE_CURVE('',#3851,(#3855,#3862),.PCURVE_S1.);
#3851 = LINE('',#3852,#3853);
#3852 = CARTESIAN_POINT('',(-28.2238361541,-20.11876712724,2.135));
#3853 = VECTOR('',#3854,1.);
#3854 = DIRECTION('',(0.708911519188,0.705297425177,0.));
#3855 = PCURVE('',#3785,#3856);
#3856 = DEFINITIONAL_REPRESENTATION('',(#3857),#3861);
#3857 = LINE('',#3858,#3859);
#3858 = CARTESIAN_POINT('',(0.,-4.27));
#3859 = VECTOR('',#3860,1.);
#3860 = DIRECTION('',(1.,0.));
#3861 = ( GEOMETRIC_REPRESENTATION_CONTEXT(2) 
PARAMETRIC_REPRESENTATION_CONTEXT() REPRESENTATION_CONTEXT('2D SPACE',''
  ) );
#3862 = PCURVE('',#102,#3863);
#3863 = DEFINITIONAL_REPRESENTATION('',(#3864),#3868);
#3864 = LINE('',#3865,#3866);
#3865 = CARTESIAN_POINT('',(-28.2238361541,-20.11876712724));
#3866 = VECTOR('',#3867,1.);
#3867 = DIRECTION('',(0.708911519188,0.705297425177));
#3868 = ( GEOMETRIC_REPRESENTATION_CONTEXT(2) 
PARAMETRIC_REPRESENTATION_CONTEXT() REPRESENTATION_CONTEXT('2D SPACE',''
  ) );
#3869 = ORIENTED_EDGE('',*,*,#3870,.F.);
#3870 = EDGE_CURVE('',#3824,#3848,#3871,.T.);
#3871 = SURFACE_CURVE('',#3872,(#3876,#3883),.PCURVE_S1.);
#3872 = LINE('',#3873,#3874);
#3873 = CARTESIAN_POINT('',(-24.03840371566,-15.95467239584,-2.135));
#3874 = VECTOR('',#3875,1.);
#3875 = DIRECTION('',(0.,0.,1.));
#3876 = PCURVE('',#3785,#3877);
#3877 = DEFINITIONAL_REPRESENTATION('',(#3878),#3882);
#3878 = LINE('',#3879,#3880);
#3879 = CARTESIAN_POINT('',(5.904026560651,0.));
#3880 = VECTOR('',#3881,1.);
#3881 = DIRECTION('',(0.,-1.));
#3882 = ( GEOMETRIC_REPRESENTATION_CONTEXT(2) 
PARAMETRIC_REPRESENTATION_CONTEXT() REPRESENTATION_CONTEXT('2D SPACE',''
  ) );
#3883 = PCURVE('',#3884,#3889);
#3884 = PLANE('',#3885);
#3885 = AXIS2_PLACEMENT_3D('',#3886,#3887,#3888);
#3886 = CARTESIAN_POINT('',(-24.03840371566,-15.95467239584,-2.135));
#3887 = DIRECTION('',(-0.879473751206,-0.475947393037,0.));
#3888 = DIRECTION('',(-0.475947393037,0.879473751206,0.));
#3889 = DEFINITIONAL_REPRESENTATION('',(#3890),#3894);
#3890 = LINE('',#3891,#3892);
#3891 = CARTESIAN_POINT('',(0.,0.));
#3892 = VECTOR('',#3893,1.);
#3893 = DIRECTION('',(0.,-1.));
#3894 = ( GEOMETRIC_REPRESENTATION_CONTEXT(2) 
PARAMETRIC_REPRESENTATION_CONTEXT() REPRESENTATION_CONTEXT('2D SPACE',''
  ) );
#3895 = ADVANCED_FACE('',(#3896),#3884,.T.);
#3896 = FACE_BOUND('',#3897,.T.);
#3897 = EDGE_LOOP('',(#3898,#3921,#3922,#3945));
#3898 = ORIENTED_EDGE('',*,*,#3899,.F.);
#3899 = EDGE_CURVE('',#3824,#3900,#3902,.T.);
#3900 = VERTEX_POINT('',#3901);
#3901 = CARTESIAN_POINT('',(-24.04208348284,-15.94787278164,-2.135));
#3902 = SURFACE_CURVE('',#3903,(#3907,#3914),.PCURVE_S1.);
#3903 = LINE('',#3904,#3905);
#3904 = CARTESIAN_POINT('',(-24.03840371566,-15.95467239584,-2.135));
#3905 = VECTOR('',#3906,1.);
#3906 = DIRECTION('',(-0.475947393037,0.879473751206,0.));
#3907 = PCURVE('',#3884,#3908);
#3908 = DEFINITIONAL_REPRESENTATION('',(#3909),#3913);
#3909 = LINE('',#3910,#3911);
#3910 = CARTESIAN_POINT('',(0.,0.));
#3911 = VECTOR('',#3912,1.);
#3912 = DIRECTION('',(1.,0.));
#3913 = ( GEOMETRIC_REPRESENTATION_CONTEXT(2) 
PARAMETRIC_REPRESENTATION_CONTEXT() REPRESENTATION_CONTEXT('2D SPACE',''
  ) );
#3914 = PCURVE('',#45,#3915);
#3915 = DEFINITIONAL_REPRESENTATION('',(#3916),#3920);
#3916 = LINE('',#3917,#3918);
#3917 = CARTESIAN_POINT('',(-24.03840371566,-15.95467239584));
#3918 = VECTOR('',#3919,1.);
#3919 = DIRECTION('',(-0.475947393037,0.879473751206));
#3920 = ( GEOMETRIC_REPRESENTATION_CONTEXT(2) 
PARAMETRIC_REPRESENTATION_CONTEXT() REPRESENTATION_CONTEXT('2D SPACE',''
  ) );
#3921 = ORIENTED_EDGE('',*,*,#3870,.T.);
#3922 = ORIENTED_EDGE('',*,*,#3923,.T.);
#3923 = EDGE_CURVE('',#3848,#3924,#3926,.T.);
#3924 = VERTEX_POINT('',#3925);
#3925 = CARTESIAN_POINT('',(-24.04208348284,-15.94787278164,2.135));
#3926 = SURFACE_CURVE('',#3927,(#3931,#3938),.PCURVE_S1.);
#3927 = LINE('',#3928,#3929);
#3928 = CARTESIAN_POINT('',(-24.03840371566,-15.95467239584,2.135));
#3929 = VECTOR('',#3930,1.);
#3930 = DIRECTION('',(-0.475947393037,0.879473751206,0.));
#3931 = PCURVE('',#3884,#3932);
#3932 = DEFINITIONAL_REPRESENTATION('',(#3933),#3937);
#3933 = LINE('',#3934,#3935);
#3934 = CARTESIAN_POINT('',(0.,-4.27));
#3935 = VECTOR('',#3936,1.);
#3936 = DIRECTION('',(1.,0.));
#3937 = ( GEOMETRIC_REPRESENTATION_CONTEXT(2) 
PARAMETRIC_REPRESENTATION_CONTEXT() REPRESENTATION_CONTEXT('2D SPACE',''
  ) );
#3938 = PCURVE('',#102,#3939);
#3939 = DEFINITIONAL_REPRESENTATION('',(#3940),#3944);
#3940 = LINE('',#3941,#3942);
#3941 = CARTESIAN_POINT('',(-24.03840371566,-15.95467239584));
#3942 = VECTOR('',#3943,1.);
#3943 = DIRECTION('',(-0.475947393037,0.879473751206));
#3944 = ( GEOMETRIC_REPRESENTATION_CONTEXT(2) 
PARAMETRIC_REPRESENTATION_CONTEXT() REPRESENTATION_CONTEXT('2D SPACE',''
  ) );
#3945 = ORIENTED_EDGE('',*,*,#3946,.T.);
#3946 = EDGE_CURVE('',#3924,#3900,#3947,.T.);
#3947 = SURFACE_CURVE('',#3948,(#3952,#3959),.PCURVE_S1.);
#3948 = LINE('',#3949,#3950);
#3949 = CARTESIAN_POINT('',(-24.04208348284,-15.94787278164,-2.135));
#3950 = VECTOR('',#3951,1.);
#3951 = DIRECTION('',(0.,0.,-1.));
#3952 = PCURVE('',#3884,#3953);
#3953 = DEFINITIONAL_REPRESENTATION('',(#3954),#3958);
#3954 = LINE('',#3955,#3956);
#3955 = CARTESIAN_POINT('',(7.731457798991E-03,0.));
#3956 = VECTOR('',#3957,1.);
#3957 = DIRECTION('',(0.,1.));
#3958 = ( GEOMETRIC_REPRESENTATION_CONTEXT(2) 
PARAMETRIC_REPRESENTATION_CONTEXT() REPRESENTATION_CONTEXT('2D SPACE',''
  ) );
#3959 = PCURVE('',#3960,#3965);
#3960 = CYLINDRICAL_SURFACE('',#3961,2.5907);
#3961 = AXIS2_PLACEMENT_3D('',#3962,#3963,#3964);
#3962 = CARTESIAN_POINT('',(-25.44733537704,-13.77140922719,-2.135));
#3963 = DIRECTION('',(0.,0.,-1.));
#3964 = DIRECTION('',(-0.879473751206,-0.475947393037,0.));
#3965 = DEFINITIONAL_REPRESENTATION('',(#3966),#3970);
#3966 = LINE('',#3967,#3968);
#3967 = CARTESIAN_POINT('',(-1.648072426672,0.));
#3968 = VECTOR('',#3969,1.);
#3969 = DIRECTION('',(-0.,1.));
#3970 = ( GEOMETRIC_REPRESENTATION_CONTEXT(2) 
PARAMETRIC_REPRESENTATION_CONTEXT() REPRESENTATION_CONTEXT('2D SPACE',''
  ) );
#3971 = ADVANCED_FACE('',(#3972),#3960,.F.);
#3972 = FACE_BOUND('',#3973,.T.);
#3973 = EDGE_LOOP('',(#3974,#3998,#3999,#4023));
#3974 = ORIENTED_EDGE('',*,*,#3975,.F.);
#3975 = EDGE_CURVE('',#3900,#3976,#3978,.T.);
#3976 = VERTEX_POINT('',#3977);
#3977 = CARTESIAN_POINT('',(-26.50079777076,-11.40456671553,-2.135));
#3978 = SURFACE_CURVE('',#3979,(#3984,#3991),.PCURVE_S1.);
#3979 = CIRCLE('',#3980,2.5907);
#3980 = AXIS2_PLACEMENT_3D('',#3981,#3982,#3983);
#3981 = CARTESIAN_POINT('',(-25.44733537704,-13.77140922719,-2.135));
#3982 = DIRECTION('',(0.,0.,1.));
#3983 = DIRECTION('',(-0.879473751206,-0.475947393037,0.));
#3984 = PCURVE('',#3960,#3985);
#3985 = DEFINITIONAL_REPRESENTATION('',(#3986),#3990);
#3986 = LINE('',#3987,#3988);
#3987 = CARTESIAN_POINT('',(-0.,0.));
#3988 = VECTOR('',#3989,1.);
#3989 = DIRECTION('',(-1.,0.));
#3990 = ( GEOMETRIC_REPRESENTATION_CONTEXT(2) 
PARAMETRIC_REPRESENTATION_CONTEXT() REPRESENTATION_CONTEXT('2D SPACE',''
  ) );
#3991 = PCURVE('',#45,#3992);
#3992 = DEFINITIONAL_REPRESENTATION('',(#3993),#3997);
#3993 = CIRCLE('',#3994,2.5907);
#3994 = AXIS2_PLACEMENT_2D('',#3995,#3996);
#3995 = CARTESIAN_POINT('',(-25.44733537704,-13.77140922719));
#3996 = DIRECTION('',(-0.879473751206,-0.475947393037));
#3997 = ( GEOMETRIC_REPRESENTATION_CONTEXT(2) 
PARAMETRIC_REPRESENTATION_CONTEXT() REPRESENTATION_CONTEXT('2D SPACE',''
  ) );
#3998 = ORIENTED_EDGE('',*,*,#3946,.F.);
#3999 = ORIENTED_EDGE('',*,*,#4000,.T.);
#4000 = EDGE_CURVE('',#3924,#4001,#4003,.T.);
#4001 = VERTEX_POINT('',#4002);
#4002 = CARTESIAN_POINT('',(-26.50079777076,-11.40456671553,2.135));
#4003 = SURFACE_CURVE('',#4004,(#4009,#4016),.PCURVE_S1.);
#4004 = CIRCLE('',#4005,2.5907);
#4005 = AXIS2_PLACEMENT_3D('',#4006,#4007,#4008);
#4006 = CARTESIAN_POINT('',(-25.44733537704,-13.77140922719,2.135));
#4007 = DIRECTION('',(0.,0.,1.));
#4008 = DIRECTION('',(-0.879473751206,-0.475947393037,0.));
#4009 = PCURVE('',#3960,#4010);
#4010 = DEFINITIONAL_REPRESENTATION('',(#4011),#4015);
#4011 = LINE('',#4012,#4013);
#4012 = CARTESIAN_POINT('',(-0.,-4.27));
#4013 = VECTOR('',#4014,1.);
#4014 = DIRECTION('',(-1.,0.));
#4015 = ( GEOMETRIC_REPRESENTATION_CONTEXT(2) 
PARAMETRIC_REPRESENTATION_CONTEXT() REPRESENTATION_CONTEXT('2D SPACE',''
  ) );
#4016 = PCURVE('',#102,#4017);
#4017 = DEFINITIONAL_REPRESENTATION('',(#4018),#4022);
#4018 = CIRCLE('',#4019,2.5907);
#4019 = AXIS2_PLACEMENT_2D('',#4020,#4021);
#4020 = CARTESIAN_POINT('',(-25.44733537704,-13.77140922719));
#4021 = DIRECTION('',(-0.879473751206,-0.475947393037));
#4022 = ( GEOMETRIC_REPRESENTATION_CONTEXT(2) 
PARAMETRIC_REPRESENTATION_CONTEXT() REPRESENTATION_CONTEXT('2D SPACE',''
  ) );
#4023 = ORIENTED_EDGE('',*,*,#4024,.T.);
#4024 = EDGE_CURVE('',#4001,#3976,#4025,.T.);
#4025 = SURFACE_CURVE('',#4026,(#4030,#4037),.PCURVE_S1.);
#4026 = LINE('',#4027,#4028);
#4027 = CARTESIAN_POINT('',(-26.50079777076,-11.40456671553,-2.135));
#4028 = VECTOR('',#4029,1.);
#4029 = DIRECTION('',(0.,0.,-1.));
#4030 = PCURVE('',#3960,#4031);
#4031 = DEFINITIONAL_REPRESENTATION('',(#4032),#4036);
#4032 = LINE('',#4033,#4034);
#4033 = CARTESIAN_POINT('',(-4.635112880507,0.));
#4034 = VECTOR('',#4035,1.);
#4035 = DIRECTION('',(-0.,1.));
#4036 = ( GEOMETRIC_REPRESENTATION_CONTEXT(2) 
PARAMETRIC_REPRESENTATION_CONTEXT() REPRESENTATION_CONTEXT('2D SPACE',''
  ) );
#4037 = PCURVE('',#4038,#4043);
#4038 = PLANE('',#4039);
#4039 = AXIS2_PLACEMENT_3D('',#4040,#4041,#4042);
#4040 = CARTESIAN_POINT('',(-24.03840371566,-15.95467239584,-2.135));
#4041 = DIRECTION('',(-0.879473751206,-0.475947393037,0.));
#4042 = DIRECTION('',(-0.475947393037,0.879473751206,0.));
#4043 = DEFINITIONAL_REPRESENTATION('',(#4044),#4048);
#4044 = LINE('',#4045,#4046);
#4045 = CARTESIAN_POINT('',(5.173668542201,0.));
#4046 = VECTOR('',#4047,1.);
#4047 = DIRECTION('',(0.,1.));
#4048 = ( GEOMETRIC_REPRESENTATION_CONTEXT(2) 
PARAMETRIC_REPRESENTATION_CONTEXT() REPRESENTATION_CONTEXT('2D SPACE',''
  ) );
#4049 = ADVANCED_FACE('',(#4050),#4038,.T.);
#4050 = FACE_BOUND('',#4051,.T.);
#4051 = EDGE_LOOP('',(#4052,#4075,#4076,#4099));
#4052 = ORIENTED_EDGE('',*,*,#4053,.F.);
#4053 = EDGE_CURVE('',#3976,#4054,#4056,.T.);
#4054 = VERTEX_POINT('',#4055);
#4055 = CARTESIAN_POINT('',(-26.50447753794,-11.39776710134,-2.135));
#4056 = SURFACE_CURVE('',#4057,(#4061,#4068),.PCURVE_S1.);
#4057 = LINE('',#4058,#4059);
#4058 = CARTESIAN_POINT('',(-24.03840371566,-15.95467239584,-2.135));
#4059 = VECTOR('',#4060,1.);
#4060 = DIRECTION('',(-0.475947393037,0.879473751206,0.));
#4061 = PCURVE('',#4038,#4062);
#4062 = DEFINITIONAL_REPRESENTATION('',(#4063),#4067);
#4063 = LINE('',#4064,#4065);
#4064 = CARTESIAN_POINT('',(0.,0.));
#4065 = VECTOR('',#4066,1.);
#4066 = DIRECTION('',(1.,0.));
#4067 = ( GEOMETRIC_REPRESENTATION_CONTEXT(2) 
PARAMETRIC_REPRESENTATION_CONTEXT() REPRESENTATION_CONTEXT('2D SPACE',''
  ) );
#4068 = PCURVE('',#45,#4069);
#4069 = DEFINITIONAL_REPRESENTATION('',(#4070),#4074);
#4070 = LINE('',#4071,#4072);
#4071 = CARTESIAN_POINT('',(-24.03840371566,-15.95467239584));
#4072 = VECTOR('',#4073,1.);
#4073 = DIRECTION('',(-0.475947393037,0.879473751206));
#4074 = ( GEOMETRIC_REPRESENTATION_CONTEXT(2) 
PARAMETRIC_REPRESENTATION_CONTEXT() REPRESENTATION_CONTEXT('2D SPACE',''
  ) );
#4075 = ORIENTED_EDGE('',*,*,#4024,.F.);
#4076 = ORIENTED_EDGE('',*,*,#4077,.T.);
#4077 = EDGE_CURVE('',#4001,#4078,#4080,.T.);
#4078 = VERTEX_POINT('',#4079);
#4079 = CARTESIAN_POINT('',(-26.50447753794,-11.39776710134,2.135));
#4080 = SURFACE_CURVE('',#4081,(#4085,#4092),.PCURVE_S1.);
#4081 = LINE('',#4082,#4083);
#4082 = CARTESIAN_POINT('',(-24.03840371566,-15.95467239584,2.135));
#4083 = VECTOR('',#4084,1.);
#4084 = DIRECTION('',(-0.475947393037,0.879473751206,0.));
#4085 = PCURVE('',#4038,#4086);
#4086 = DEFINITIONAL_REPRESENTATION('',(#4087),#4091);
#4087 = LINE('',#4088,#4089);
#4088 = CARTESIAN_POINT('',(0.,-4.27));
#4089 = VECTOR('',#4090,1.);
#4090 = DIRECTION('',(1.,0.));
#4091 = ( GEOMETRIC_REPRESENTATION_CONTEXT(2) 
PARAMETRIC_REPRESENTATION_CONTEXT() REPRESENTATION_CONTEXT('2D SPACE',''
  ) );
#4092 = PCURVE('',#102,#4093);
#4093 = DEFINITIONAL_REPRESENTATION('',(#4094),#4098);
#4094 = LINE('',#4095,#4096);
#4095 = CARTESIAN_POINT('',(-24.03840371566,-15.95467239584));
#4096 = VECTOR('',#4097,1.);
#4097 = DIRECTION('',(-0.475947393037,0.879473751206));
#4098 = ( GEOMETRIC_REPRESENTATION_CONTEXT(2) 
PARAMETRIC_REPRESENTATION_CONTEXT() REPRESENTATION_CONTEXT('2D SPACE',''
  ) );
#4099 = ORIENTED_EDGE('',*,*,#4100,.F.);
#4100 = EDGE_CURVE('',#4054,#4078,#4101,.T.);
#4101 = SURFACE_CURVE('',#4102,(#4106,#4113),.PCURVE_S1.);
#4102 = LINE('',#4103,#4104);
#4103 = CARTESIAN_POINT('',(-26.50447753794,-11.39776710134,-2.135));
#4104 = VECTOR('',#4105,1.);
#4105 = DIRECTION('',(0.,0.,1.));
#4106 = PCURVE('',#4038,#4107);
#4107 = DEFINITIONAL_REPRESENTATION('',(#4108),#4112);
#4108 = LINE('',#4109,#4110);
#4109 = CARTESIAN_POINT('',(5.1814,0.));
#4110 = VECTOR('',#4111,1.);
#4111 = DIRECTION('',(0.,-1.));
#4112 = ( GEOMETRIC_REPRESENTATION_CONTEXT(2) 
PARAMETRIC_REPRESENTATION_CONTEXT() REPRESENTATION_CONTEXT('2D SPACE',''
  ) );
#4113 = PCURVE('',#4114,#4119);
#4114 = PLANE('',#4115);
#4115 = AXIS2_PLACEMENT_3D('',#4116,#4117,#4118);
#4116 = CARTESIAN_POINT('',(-26.50447753794,-11.39776710134,-2.135));
#4117 = DIRECTION('',(0.207715832289,-0.978189211255,0.));
#4118 = DIRECTION('',(-0.978189211255,-0.207715832289,0.));
#4119 = DEFINITIONAL_REPRESENTATION('',(#4120),#4124);
#4120 = LINE('',#4121,#4122);
#4121 = CARTESIAN_POINT('',(0.,0.));
#4122 = VECTOR('',#4123,1.);
#4123 = DIRECTION('',(0.,-1.));
#4124 = ( GEOMETRIC_REPRESENTATION_CONTEXT(2) 
PARAMETRIC_REPRESENTATION_CONTEXT() REPRESENTATION_CONTEXT('2D SPACE',''
  ) );
#4125 = ADVANCED_FACE('',(#4126),#4114,.T.);
#4126 = FACE_BOUND('',#4127,.T.);
#4127 = EDGE_LOOP('',(#4128,#4151,#4152,#4175));
#4128 = ORIENTED_EDGE('',*,*,#4129,.F.);
#4129 = EDGE_CURVE('',#4054,#4130,#4132,.T.);
#4130 = VERTEX_POINT('',#4131);
#4131 = CARTESIAN_POINT('',(-29.04024059253,-11.93622952488,-2.135));
#4132 = SURFACE_CURVE('',#4133,(#4137,#4144),.PCURVE_S1.);
#4133 = LINE('',#4134,#4135);
#4134 = CARTESIAN_POINT('',(-26.50447753794,-11.39776710134,-2.135));
#4135 = VECTOR('',#4136,1.);
#4136 = DIRECTION('',(-0.978189211255,-0.207715832289,0.));
#4137 = PCURVE('',#4114,#4138);
#4138 = DEFINITIONAL_REPRESENTATION('',(#4139),#4143);
#4139 = LINE('',#4140,#4141);
#4140 = CARTESIAN_POINT('',(0.,0.));
#4141 = VECTOR('',#4142,1.);
#4142 = DIRECTION('',(1.,0.));
#4143 = ( GEOMETRIC_REPRESENTATION_CONTEXT(2) 
PARAMETRIC_REPRESENTATION_CONTEXT() REPRESENTATION_CONTEXT('2D SPACE',''
  ) );
#4144 = PCURVE('',#45,#4145);
#4145 = DEFINITIONAL_REPRESENTATION('',(#4146),#4150);
#4146 = LINE('',#4147,#4148);
#4147 = CARTESIAN_POINT('',(-26.50447753794,-11.39776710134));
#4148 = VECTOR('',#4149,1.);
#4149 = DIRECTION('',(-0.978189211255,-0.207715832289));
#4150 = ( GEOMETRIC_REPRESENTATION_CONTEXT(2) 
PARAMETRIC_REPRESENTATION_CONTEXT() REPRESENTATION_CONTEXT('2D SPACE',''
  ) );
#4151 = ORIENTED_EDGE('',*,*,#4100,.T.);
#4152 = ORIENTED_EDGE('',*,*,#4153,.T.);
#4153 = EDGE_CURVE('',#4078,#4154,#4156,.T.);
#4154 = VERTEX_POINT('',#4155);
#4155 = CARTESIAN_POINT('',(-29.04024059253,-11.93622952488,2.135));
#4156 = SURFACE_CURVE('',#4157,(#4161,#4168),.PCURVE_S1.);
#4157 = LINE('',#4158,#4159);
#4158 = CARTESIAN_POINT('',(-26.50447753794,-11.39776710134,2.135));
#4159 = VECTOR('',#4160,1.);
#4160 = DIRECTION('',(-0.978189211255,-0.207715832289,0.));
#4161 = PCURVE('',#4114,#4162);
#4162 = DEFINITIONAL_REPRESENTATION('',(#4163),#4167);
#4163 = LINE('',#4164,#4165);
#4164 = CARTESIAN_POINT('',(0.,-4.27));
#4165 = VECTOR('',#4166,1.);
#4166 = DIRECTION('',(1.,0.));
#4167 = ( GEOMETRIC_REPRESENTATION_CONTEXT(2) 
PARAMETRIC_REPRESENTATION_CONTEXT() REPRESENTATION_CONTEXT('2D SPACE',''
  ) );
#4168 = PCURVE('',#102,#4169);
#4169 = DEFINITIONAL_REPRESENTATION('',(#4170),#4174);
#4170 = LINE('',#4171,#4172);
#4171 = CARTESIAN_POINT('',(-26.50447753794,-11.39776710134));
#4172 = VECTOR('',#4173,1.);
#4173 = DIRECTION('',(-0.978189211255,-0.207715832289));
#4174 = ( GEOMETRIC_REPRESENTATION_CONTEXT(2) 
PARAMETRIC_REPRESENTATION_CONTEXT() REPRESENTATION_CONTEXT('2D SPACE',''
  ) );
#4175 = ORIENTED_EDGE('',*,*,#4176,.T.);
#4176 = EDGE_CURVE('',#4154,#4130,#4177,.T.);
#4177 = SURFACE_CURVE('',#4178,(#4182,#4189),.PCURVE_S1.);
#4178 = LINE('',#4179,#4180);
#4179 = CARTESIAN_POINT('',(-29.04024059253,-11.93622952488,-2.135));
#4180 = VECTOR('',#4181,1.);
#4181 = DIRECTION('',(-0.,-0.,-1.));
#4182 = PCURVE('',#4114,#4183);
#4183 = DEFINITIONAL_REPRESENTATION('',(#4184),#4188);
#4184 = LINE('',#4185,#4186);
#4185 = CARTESIAN_POINT('',(2.592303232764,0.));
#4186 = VECTOR('',#4187,1.);
#4187 = DIRECTION('',(0.,1.));
#4188 = ( GEOMETRIC_REPRESENTATION_CONTEXT(2) 
PARAMETRIC_REPRESENTATION_CONTEXT() REPRESENTATION_CONTEXT('2D SPACE',''
  ) );
#4189 = PCURVE('',#4190,#4195);
#4190 = CYLINDRICAL_SURFACE('',#4191,31.397597821218);
#4191 = AXIS2_PLACEMENT_3D('',#4192,#4193,#4194);
#4192 = CARTESIAN_POINT('',(0.,0.,-2.135));
#4193 = DIRECTION('',(-0.,-0.,-1.));
#4194 = DIRECTION('',(1.,0.,0.));
#4195 = DEFINITIONAL_REPRESENTATION('',(#4196),#4200);
#4196 = LINE('',#4197,#4198);
#4197 = CARTESIAN_POINT('',(-3.531566020419,0.));
#4198 = VECTOR('',#4199,1.);
#4199 = DIRECTION('',(-0.,1.));
#4200 = ( GEOMETRIC_REPRESENTATION_CONTEXT(2) 
PARAMETRIC_REPRESENTATION_CONTEXT() REPRESENTATION_CONTEXT('2D SPACE',''
  ) );
#4201 = ADVANCED_FACE('',(#4202),#4190,.T.);
#4202 = FACE_BOUND('',#4203,.F.);
#4203 = EDGE_LOOP('',(#4204,#4228,#4256,#4278));
#4204 = ORIENTED_EDGE('',*,*,#4205,.F.);
#4205 = EDGE_CURVE('',#4206,#4130,#4208,.T.);
#4206 = VERTEX_POINT('',#4207);
#4207 = CARTESIAN_POINT('',(-30.24821416995,-8.417522703965,-2.135));
#4208 = SURFACE_CURVE('',#4209,(#4214,#4221),.PCURVE_S1.);
#4209 = CIRCLE('',#4210,31.397597821218);
#4210 = AXIS2_PLACEMENT_3D('',#4211,#4212,#4213);
#4211 = CARTESIAN_POINT('',(0.,0.,-2.135));
#4212 = DIRECTION('',(0.,0.,1.));
#4213 = DIRECTION('',(1.,0.,0.));
#4214 = PCURVE('',#4190,#4215);
#4215 = DEFINITIONAL_REPRESENTATION('',(#4216),#4220);
#4216 = LINE('',#4217,#4218);
#4217 = CARTESIAN_POINT('',(-0.,0.));
#4218 = VECTOR('',#4219,1.);
#4219 = DIRECTION('',(-1.,0.));
#4220 = ( GEOMETRIC_REPRESENTATION_CONTEXT(2) 
PARAMETRIC_REPRESENTATION_CONTEXT() REPRESENTATION_CONTEXT('2D SPACE',''
  ) );
#4221 = PCURVE('',#45,#4222);
#4222 = DEFINITIONAL_REPRESENTATION('',(#4223),#4227);
#4223 = CIRCLE('',#4224,31.397597821218);
#4224 = AXIS2_PLACEMENT_2D('',#4225,#4226);
#4225 = CARTESIAN_POINT('',(2.090514272322E-15,-2.899329622222E-15));
#4226 = DIRECTION('',(1.,0.));
#4227 = ( GEOMETRIC_REPRESENTATION_CONTEXT(2) 
PARAMETRIC_REPRESENTATION_CONTEXT() REPRESENTATION_CONTEXT('2D SPACE',''
  ) );
#4228 = ORIENTED_EDGE('',*,*,#4229,.F.);
#4229 = EDGE_CURVE('',#4230,#4206,#4232,.T.);
#4230 = VERTEX_POINT('',#4231);
#4231 = CARTESIAN_POINT('',(-30.24821416995,-8.417522703965,2.135));
#4232 = SURFACE_CURVE('',#4233,(#4237,#4244),.PCURVE_S1.);
#4233 = LINE('',#4234,#4235);
#4234 = CARTESIAN_POINT('',(-30.24821416995,-8.417522703965,-2.135));
#4235 = VECTOR('',#4236,1.);
#4236 = DIRECTION('',(-0.,-0.,-1.));
#4237 = PCURVE('',#4190,#4238);
#4238 = DEFINITIONAL_REPRESENTATION('',(#4239),#4243);
#4239 = LINE('',#4240,#4241);
#4240 = CARTESIAN_POINT('',(-3.413007213832,0.));
#4241 = VECTOR('',#4242,1.);
#4242 = DIRECTION('',(-0.,1.));
#4243 = ( GEOMETRIC_REPRESENTATION_CONTEXT(2) 
PARAMETRIC_REPRESENTATION_CONTEXT() REPRESENTATION_CONTEXT('2D SPACE',''
  ) );
#4244 = PCURVE('',#4245,#4250);
#4245 = PLANE('',#4246);
#4246 = AXIS2_PLACEMENT_3D('',#4247,#4248,#4249);
#4247 = CARTESIAN_POINT('',(-33.22714386875,-9.864412212554,-2.135));
#4248 = DIRECTION('',(-0.436899271266,0.899510437275,0.));
#4249 = DIRECTION('',(0.899510437275,0.436899271266,0.));
#4250 = DEFINITIONAL_REPRESENTATION('',(#4251),#4255);
#4251 = LINE('',#4252,#4253);
#4252 = CARTESIAN_POINT('',(3.311723327887,0.));
#4253 = VECTOR('',#4254,1.);
#4254 = DIRECTION('',(0.,1.));
#4255 = ( GEOMETRIC_REPRESENTATION_CONTEXT(2) 
PARAMETRIC_REPRESENTATION_CONTEXT() REPRESENTATION_CONTEXT('2D SPACE',''
  ) );
#4256 = ORIENTED_EDGE('',*,*,#4257,.T.);
#4257 = EDGE_CURVE('',#4230,#4154,#4258,.T.);
#4258 = SURFACE_CURVE('',#4259,(#4264,#4271),.PCURVE_S1.);
#4259 = CIRCLE('',#4260,31.397597821218);
#4260 = AXIS2_PLACEMENT_3D('',#4261,#4262,#4263);
#4261 = CARTESIAN_POINT('',(0.,0.,2.135));
#4262 = DIRECTION('',(0.,0.,1.));
#4263 = DIRECTION('',(1.,0.,0.));
#4264 = PCURVE('',#4190,#4265);
#4265 = DEFINITIONAL_REPRESENTATION('',(#4266),#4270);
#4266 = LINE('',#4267,#4268);
#4267 = CARTESIAN_POINT('',(-0.,-4.27));
#4268 = VECTOR('',#4269,1.);
#4269 = DIRECTION('',(-1.,0.));
#4270 = ( GEOMETRIC_REPRESENTATION_CONTEXT(2) 
PARAMETRIC_REPRESENTATION_CONTEXT() REPRESENTATION_CONTEXT('2D SPACE',''
  ) );
#4271 = PCURVE('',#102,#4272);
#4272 = DEFINITIONAL_REPRESENTATION('',(#4273),#4277);
#4273 = CIRCLE('',#4274,31.397597821218);
#4274 = AXIS2_PLACEMENT_2D('',#4275,#4276);
#4275 = CARTESIAN_POINT('',(2.090514272322E-15,-2.899329622222E-15));
#4276 = DIRECTION('',(1.,0.));
#4277 = ( GEOMETRIC_REPRESENTATION_CONTEXT(2) 
PARAMETRIC_REPRESENTATION_CONTEXT() REPRESENTATION_CONTEXT('2D SPACE',''
  ) );
#4278 = ORIENTED_EDGE('',*,*,#4176,.T.);
#4279 = ADVANCED_FACE('',(#4280),#4245,.T.);
#4280 = FACE_BOUND('',#4281,.T.);
#4281 = EDGE_LOOP('',(#4282,#4305,#4306,#4329));
#4282 = ORIENTED_EDGE('',*,*,#4283,.F.);
#4283 = EDGE_CURVE('',#4206,#4284,#4286,.T.);
#4284 = VERTEX_POINT('',#4285);
#4285 = CARTESIAN_POINT('',(-27.91641035549,-7.284947310669,-2.135));
#4286 = SURFACE_CURVE('',#4287,(#4291,#4298),.PCURVE_S1.);
#4287 = LINE('',#4288,#4289);
#4288 = CARTESIAN_POINT('',(-33.22714386875,-9.864412212554,-2.135));
#4289 = VECTOR('',#4290,1.);
#4290 = DIRECTION('',(0.899510437275,0.436899271266,0.));
#4291 = PCURVE('',#4245,#4292);
#4292 = DEFINITIONAL_REPRESENTATION('',(#4293),#4297);
#4293 = LINE('',#4294,#4295);
#4294 = CARTESIAN_POINT('',(0.,0.));
#4295 = VECTOR('',#4296,1.);
#4296 = DIRECTION('',(1.,0.));
#4297 = ( GEOMETRIC_REPRESENTATION_CONTEXT(2) 
PARAMETRIC_REPRESENTATION_CONTEXT() REPRESENTATION_CONTEXT('2D SPACE',''
  ) );
#4298 = PCURVE('',#45,#4299);
#4299 = DEFINITIONAL_REPRESENTATION('',(#4300),#4304);
#4300 = LINE('',#4301,#4302);
#4301 = CARTESIAN_POINT('',(-33.22714386875,-9.864412212554));
#4302 = VECTOR('',#4303,1.);
#4303 = DIRECTION('',(0.899510437275,0.436899271266));
#4304 = ( GEOMETRIC_REPRESENTATION_CONTEXT(2) 
PARAMETRIC_REPRESENTATION_CONTEXT() REPRESENTATION_CONTEXT('2D SPACE',''
  ) );
#4305 = ORIENTED_EDGE('',*,*,#4229,.F.);
#4306 = ORIENTED_EDGE('',*,*,#4307,.T.);
#4307 = EDGE_CURVE('',#4230,#4308,#4310,.T.);
#4308 = VERTEX_POINT('',#4309);
#4309 = CARTESIAN_POINT('',(-27.91641035549,-7.284947310669,2.135));
#4310 = SURFACE_CURVE('',#4311,(#4315,#4322),.PCURVE_S1.);
#4311 = LINE('',#4312,#4313);
#4312 = CARTESIAN_POINT('',(-33.22714386875,-9.864412212554,2.135));
#4313 = VECTOR('',#4314,1.);
#4314 = DIRECTION('',(0.899510437275,0.436899271266,0.));
#4315 = PCURVE('',#4245,#4316);
#4316 = DEFINITIONAL_REPRESENTATION('',(#4317),#4321);
#4317 = LINE('',#4318,#4319);
#4318 = CARTESIAN_POINT('',(0.,-4.27));
#4319 = VECTOR('',#4320,1.);
#4320 = DIRECTION('',(1.,0.));
#4321 = ( GEOMETRIC_REPRESENTATION_CONTEXT(2) 
PARAMETRIC_REPRESENTATION_CONTEXT() REPRESENTATION_CONTEXT('2D SPACE',''
  ) );
#4322 = PCURVE('',#102,#4323);
#4323 = DEFINITIONAL_REPRESENTATION('',(#4324),#4328);
#4324 = LINE('',#4325,#4326);
#4325 = CARTESIAN_POINT('',(-33.22714386875,-9.864412212554));
#4326 = VECTOR('',#4327,1.);
#4327 = DIRECTION('',(0.899510437275,0.436899271266));
#4328 = ( GEOMETRIC_REPRESENTATION_CONTEXT(2) 
PARAMETRIC_REPRESENTATION_CONTEXT() REPRESENTATION_CONTEXT('2D SPACE',''
  ) );
#4329 = ORIENTED_EDGE('',*,*,#4330,.F.);
#4330 = EDGE_CURVE('',#4284,#4308,#4331,.T.);
#4331 = SURFACE_CURVE('',#4332,(#4336,#4343),.PCURVE_S1.);
#4332 = LINE('',#4333,#4334);
#4333 = CARTESIAN_POINT('',(-27.91641035549,-7.284947310669,-2.135));
#4334 = VECTOR('',#4335,1.);
#4335 = DIRECTION('',(0.,0.,1.));
#4336 = PCURVE('',#4245,#4337);
#4337 = DEFINITIONAL_REPRESENTATION('',(#4338),#4342);
#4338 = LINE('',#4339,#4340);
#4339 = CARTESIAN_POINT('',(5.904026560651,0.));
#4340 = VECTOR('',#4341,1.);
#4341 = DIRECTION('',(0.,-1.));
#4342 = ( GEOMETRIC_REPRESENTATION_CONTEXT(2) 
PARAMETRIC_REPRESENTATION_CONTEXT() REPRESENTATION_CONTEXT('2D SPACE',''
  ) );
#4343 = PCURVE('',#4344,#4349);
#4344 = PLANE('',#4345);
#4345 = AXIS2_PLACEMENT_3D('',#4346,#4347,#4348);
#4346 = CARTESIAN_POINT('',(-27.91641035549,-7.284947310669,-2.135));
#4347 = DIRECTION('',(-0.986361303403,-0.164594590281,0.));
#4348 = DIRECTION('',(-0.164594590281,0.986361303403,0.));
#4349 = DEFINITIONAL_REPRESENTATION('',(#4350),#4354);
#4350 = LINE('',#4351,#4352);
#4351 = CARTESIAN_POINT('',(0.,0.));
#4352 = VECTOR('',#4353,1.);
#4353 = DIRECTION('',(0.,-1.));
#4354 = ( GEOMETRIC_REPRESENTATION_CONTEXT(2) 
PARAMETRIC_REPRESENTATION_CONTEXT() REPRESENTATION_CONTEXT('2D SPACE',''
  ) );
#4355 = ADVANCED_FACE('',(#4356),#4344,.T.);
#4356 = FACE_BOUND('',#4357,.T.);
#4357 = EDGE_LOOP('',(#4358,#4381,#4382,#4405));
#4358 = ORIENTED_EDGE('',*,*,#4359,.F.);
#4359 = EDGE_CURVE('',#4284,#4360,#4362,.T.);
#4360 = VERTEX_POINT('',#4361);
#4361 = CARTESIAN_POINT('',(-27.91768291162,-7.277321299877,-2.135));
#4362 = SURFACE_CURVE('',#4363,(#4367,#4374),.PCURVE_S1.);
#4363 = LINE('',#4364,#4365);
#4364 = CARTESIAN_POINT('',(-27.91641035549,-7.284947310669,-2.135));
#4365 = VECTOR('',#4366,1.);
#4366 = DIRECTION('',(-0.164594590281,0.986361303403,0.));
#4367 = PCURVE('',#4344,#4368);
#4368 = DEFINITIONAL_REPRESENTATION('',(#4369),#4373);
#4369 = LINE('',#4370,#4371);
#4370 = CARTESIAN_POINT('',(0.,0.));
#4371 = VECTOR('',#4372,1.);
#4372 = DIRECTION('',(1.,0.));
#4373 = ( GEOMETRIC_REPRESENTATION_CONTEXT(2) 
PARAMETRIC_REPRESENTATION_CONTEXT() REPRESENTATION_CONTEXT('2D SPACE',''
  ) );
#4374 = PCURVE('',#45,#4375);
#4375 = DEFINITIONAL_REPRESENTATION('',(#4376),#4380);
#4376 = LINE('',#4377,#4378);
#4377 = CARTESIAN_POINT('',(-27.91641035549,-7.284947310669));
#4378 = VECTOR('',#4379,1.);
#4379 = DIRECTION('',(-0.164594590281,0.986361303403));
#4380 = ( GEOMETRIC_REPRESENTATION_CONTEXT(2) 
PARAMETRIC_REPRESENTATION_CONTEXT() REPRESENTATION_CONTEXT('2D SPACE',''
  ) );
#4381 = ORIENTED_EDGE('',*,*,#4330,.T.);
#4382 = ORIENTED_EDGE('',*,*,#4383,.T.);
#4383 = EDGE_CURVE('',#4308,#4384,#4386,.T.);
#4384 = VERTEX_POINT('',#4385);
#4385 = CARTESIAN_POINT('',(-27.91768291162,-7.277321299877,2.135));
#4386 = SURFACE_CURVE('',#4387,(#4391,#4398),.PCURVE_S1.);
#4387 = LINE('',#4388,#4389);
#4388 = CARTESIAN_POINT('',(-27.91641035549,-7.284947310669,2.135));
#4389 = VECTOR('',#4390,1.);
#4390 = DIRECTION('',(-0.164594590281,0.986361303403,0.));
#4391 = PCURVE('',#4344,#4392);
#4392 = DEFINITIONAL_REPRESENTATION('',(#4393),#4397);
#4393 = LINE('',#4394,#4395);
#4394 = CARTESIAN_POINT('',(0.,-4.27));
#4395 = VECTOR('',#4396,1.);
#4396 = DIRECTION('',(1.,0.));
#4397 = ( GEOMETRIC_REPRESENTATION_CONTEXT(2) 
PARAMETRIC_REPRESENTATION_CONTEXT() REPRESENTATION_CONTEXT('2D SPACE',''
  ) );
#4398 = PCURVE('',#102,#4399);
#4399 = DEFINITIONAL_REPRESENTATION('',(#4400),#4404);
#4400 = LINE('',#4401,#4402);
#4401 = CARTESIAN_POINT('',(-27.91641035549,-7.284947310669));
#4402 = VECTOR('',#4403,1.);
#4403 = DIRECTION('',(-0.164594590281,0.986361303403));
#4404 = ( GEOMETRIC_REPRESENTATION_CONTEXT(2) 
PARAMETRIC_REPRESENTATION_CONTEXT() REPRESENTATION_CONTEXT('2D SPACE',''
  ) );
#4405 = ORIENTED_EDGE('',*,*,#4406,.T.);
#4406 = EDGE_CURVE('',#4384,#4360,#4407,.T.);
#4407 = SURFACE_CURVE('',#4408,(#4412,#4419),.PCURVE_S1.);
#4408 = LINE('',#4409,#4410);
#4409 = CARTESIAN_POINT('',(-27.91768291162,-7.277321299877,-2.135));
#4410 = VECTOR('',#4411,1.);
#4411 = DIRECTION('',(0.,0.,-1.));
#4412 = PCURVE('',#4344,#4413);
#4413 = DEFINITIONAL_REPRESENTATION('',(#4414),#4418);
#4414 = LINE('',#4415,#4416);
#4415 = CARTESIAN_POINT('',(7.731457798992E-03,0.));
#4416 = VECTOR('',#4417,1.);
#4417 = DIRECTION('',(0.,1.));
#4418 = ( GEOMETRIC_REPRESENTATION_CONTEXT(2) 
PARAMETRIC_REPRESENTATION_CONTEXT() REPRESENTATION_CONTEXT('2D SPACE',''
  ) );
#4419 = PCURVE('',#4420,#4425);
#4420 = CYLINDRICAL_SURFACE('',#4421,2.5907);
#4421 = AXIS2_PLACEMENT_3D('',#4422,#4423,#4424);
#4422 = CARTESIAN_POINT('',(-28.54009782121,-4.7625,-2.135));
#4423 = DIRECTION('',(0.,0.,-1.));
#4424 = DIRECTION('',(-0.986361303403,-0.164594590281,0.));
#4425 = DEFINITIONAL_REPRESENTATION('',(#4426),#4430);
#4426 = LINE('',#4427,#4428);
#4427 = CARTESIAN_POINT('',(-1.648072426672,0.));
#4428 = VECTOR('',#4429,1.);
#4429 = DIRECTION('',(-0.,1.));
#4430 = ( GEOMETRIC_REPRESENTATION_CONTEXT(2) 
PARAMETRIC_REPRESENTATION_CONTEXT() REPRESENTATION_CONTEXT('2D SPACE',''
  ) );
#4431 = ADVANCED_FACE('',(#4432),#4420,.F.);
#4432 = FACE_BOUND('',#4433,.T.);
#4433 = EDGE_LOOP('',(#4434,#4458,#4459,#4483));
#4434 = ORIENTED_EDGE('',*,*,#4435,.F.);
#4435 = EDGE_CURVE('',#4360,#4436,#4438,.T.);
#4436 = VERTEX_POINT('',#4437);
#4437 = CARTESIAN_POINT('',(-28.76796820944,-2.18184086401,-2.135));
#4438 = SURFACE_CURVE('',#4439,(#4444,#4451),.PCURVE_S1.);
#4439 = CIRCLE('',#4440,2.5907);
#4440 = AXIS2_PLACEMENT_3D('',#4441,#4442,#4443);
#4441 = CARTESIAN_POINT('',(-28.54009782121,-4.7625,-2.135));
#4442 = DIRECTION('',(0.,0.,1.));
#4443 = DIRECTION('',(-0.986361303403,-0.164594590281,0.));
#4444 = PCURVE('',#4420,#4445);
#4445 = DEFINITIONAL_REPRESENTATION('',(#4446),#4450);
#4446 = LINE('',#4447,#4448);
#4447 = CARTESIAN_POINT('',(-0.,0.));
#4448 = VECTOR('',#4449,1.);
#4449 = DIRECTION('',(-1.,0.));
#4450 = ( GEOMETRIC_REPRESENTATION_CONTEXT(2) 
PARAMETRIC_REPRESENTATION_CONTEXT() REPRESENTATION_CONTEXT('2D SPACE',''
  ) );
#4451 = PCURVE('',#45,#4452);
#4452 = DEFINITIONAL_REPRESENTATION('',(#4453),#4457);
#4453 = CIRCLE('',#4454,2.5907);
#4454 = AXIS2_PLACEMENT_2D('',#4455,#4456);
#4455 = CARTESIAN_POINT('',(-28.54009782121,-4.7625));
#4456 = DIRECTION('',(-0.986361303403,-0.164594590281));
#4457 = ( GEOMETRIC_REPRESENTATION_CONTEXT(2) 
PARAMETRIC_REPRESENTATION_CONTEXT() REPRESENTATION_CONTEXT('2D SPACE',''
  ) );
#4458 = ORIENTED_EDGE('',*,*,#4406,.F.);
#4459 = ORIENTED_EDGE('',*,*,#4460,.T.);
#4460 = EDGE_CURVE('',#4384,#4461,#4463,.T.);
#4461 = VERTEX_POINT('',#4462);
#4462 = CARTESIAN_POINT('',(-28.76796820944,-2.18184086401,2.135));
#4463 = SURFACE_CURVE('',#4464,(#4469,#4476),.PCURVE_S1.);
#4464 = CIRCLE('',#4465,2.5907);
#4465 = AXIS2_PLACEMENT_3D('',#4466,#4467,#4468);
#4466 = CARTESIAN_POINT('',(-28.54009782121,-4.7625,2.135));
#4467 = DIRECTION('',(0.,0.,1.));
#4468 = DIRECTION('',(-0.986361303403,-0.164594590281,0.));
#4469 = PCURVE('',#4420,#4470);
#4470 = DEFINITIONAL_REPRESENTATION('',(#4471),#4475);
#4471 = LINE('',#4472,#4473);
#4472 = CARTESIAN_POINT('',(-0.,-4.27));
#4473 = VECTOR('',#4474,1.);
#4474 = DIRECTION('',(-1.,0.));
#4475 = ( GEOMETRIC_REPRESENTATION_CONTEXT(2) 
PARAMETRIC_REPRESENTATION_CONTEXT() REPRESENTATION_CONTEXT('2D SPACE',''
  ) );
#4476 = PCURVE('',#102,#4477);
#4477 = DEFINITIONAL_REPRESENTATION('',(#4478),#4482);
#4478 = CIRCLE('',#4479,2.5907);
#4479 = AXIS2_PLACEMENT_2D('',#4480,#4481);
#4480 = CARTESIAN_POINT('',(-28.54009782121,-4.7625));
#4481 = DIRECTION('',(-0.986361303403,-0.164594590281));
#4482 = ( GEOMETRIC_REPRESENTATION_CONTEXT(2) 
PARAMETRIC_REPRESENTATION_CONTEXT() REPRESENTATION_CONTEXT('2D SPACE',''
  ) );
#4483 = ORIENTED_EDGE('',*,*,#4484,.T.);
#4484 = EDGE_CURVE('',#4461,#4436,#4485,.T.);
#4485 = SURFACE_CURVE('',#4486,(#4490,#4497),.PCURVE_S1.);
#4486 = LINE('',#4487,#4488);
#4487 = CARTESIAN_POINT('',(-28.76796820944,-2.18184086401,-2.135));
#4488 = VECTOR('',#4489,1.);
#4489 = DIRECTION('',(0.,0.,-1.));
#4490 = PCURVE('',#4420,#4491);
#4491 = DEFINITIONAL_REPRESENTATION('',(#4492),#4496);
#4492 = LINE('',#4493,#4494);
#4493 = CARTESIAN_POINT('',(-4.635112880507,0.));
#4494 = VECTOR('',#4495,1.);
#4495 = DIRECTION('',(-0.,1.));
#4496 = ( GEOMETRIC_REPRESENTATION_CONTEXT(2) 
PARAMETRIC_REPRESENTATION_CONTEXT() REPRESENTATION_CONTEXT('2D SPACE',''
  ) );
#4497 = PCURVE('',#4498,#4503);
#4498 = PLANE('',#4499);
#4499 = AXIS2_PLACEMENT_3D('',#4500,#4501,#4502);
#4500 = CARTESIAN_POINT('',(-27.91641035549,-7.284947310669,-2.135));
#4501 = DIRECTION('',(-0.986361303403,-0.164594590281,0.));
#4502 = DIRECTION('',(-0.164594590281,0.986361303403,0.));
#4503 = DEFINITIONAL_REPRESENTATION('',(#4504),#4508);
#4504 = LINE('',#4505,#4506);
#4505 = CARTESIAN_POINT('',(5.173668542201,0.));
#4506 = VECTOR('',#4507,1.);
#4507 = DIRECTION('',(0.,1.));
#4508 = ( GEOMETRIC_REPRESENTATION_CONTEXT(2) 
PARAMETRIC_REPRESENTATION_CONTEXT() REPRESENTATION_CONTEXT('2D SPACE',''
  ) );
#4509 = ADVANCED_FACE('',(#4510),#4498,.T.);
#4510 = FACE_BOUND('',#4511,.T.);
#4511 = EDGE_LOOP('',(#4512,#4535,#4536,#4559));
#4512 = ORIENTED_EDGE('',*,*,#4513,.F.);
#4513 = EDGE_CURVE('',#4436,#4514,#4516,.T.);
#4514 = VERTEX_POINT('',#4515);
#4515 = CARTESIAN_POINT('',(-28.76924076557,-2.174214853218,-2.135));
#4516 = SURFACE_CURVE('',#4517,(#4521,#4528),.PCURVE_S1.);
#4517 = LINE('',#4518,#4519);
#4518 = CARTESIAN_POINT('',(-27.91641035549,-7.284947310669,-2.135));
#4519 = VECTOR('',#4520,1.);
#4520 = DIRECTION('',(-0.164594590281,0.986361303403,0.));
#4521 = PCURVE('',#4498,#4522);
#4522 = DEFINITIONAL_REPRESENTATION('',(#4523),#4527);
#4523 = LINE('',#4524,#4525);
#4524 = CARTESIAN_POINT('',(0.,0.));
#4525 = VECTOR('',#4526,1.);
#4526 = DIRECTION('',(1.,0.));
#4527 = ( GEOMETRIC_REPRESENTATION_CONTEXT(2) 
PARAMETRIC_REPRESENTATION_CONTEXT() REPRESENTATION_CONTEXT('2D SPACE',''
  ) );
#4528 = PCURVE('',#45,#4529);
#4529 = DEFINITIONAL_REPRESENTATION('',(#4530),#4534);
#4530 = LINE('',#4531,#4532);
#4531 = CARTESIAN_POINT('',(-27.91641035549,-7.284947310669));
#4532 = VECTOR('',#4533,1.);
#4533 = DIRECTION('',(-0.164594590281,0.986361303403));
#4534 = ( GEOMETRIC_REPRESENTATION_CONTEXT(2) 
PARAMETRIC_REPRESENTATION_CONTEXT() REPRESENTATION_CONTEXT('2D SPACE',''
  ) );
#4535 = ORIENTED_EDGE('',*,*,#4484,.F.);
#4536 = ORIENTED_EDGE('',*,*,#4537,.T.);
#4537 = EDGE_CURVE('',#4461,#4538,#4540,.T.);
#4538 = VERTEX_POINT('',#4539);
#4539 = CARTESIAN_POINT('',(-28.76924076557,-2.174214853218,2.135));
#4540 = SURFACE_CURVE('',#4541,(#4545,#4552),.PCURVE_S1.);
#4541 = LINE('',#4542,#4543);
#4542 = CARTESIAN_POINT('',(-27.91641035549,-7.284947310669,2.135));
#4543 = VECTOR('',#4544,1.);
#4544 = DIRECTION('',(-0.164594590281,0.986361303403,0.));
#4545 = PCURVE('',#4498,#4546);
#4546 = DEFINITIONAL_REPRESENTATION('',(#4547),#4551);
#4547 = LINE('',#4548,#4549);
#4548 = CARTESIAN_POINT('',(0.,-4.27));
#4549 = VECTOR('',#4550,1.);
#4550 = DIRECTION('',(1.,0.));
#4551 = ( GEOMETRIC_REPRESENTATION_CONTEXT(2) 
PARAMETRIC_REPRESENTATION_CONTEXT() REPRESENTATION_CONTEXT('2D SPACE',''
  ) );
#4552 = PCURVE('',#102,#4553);
#4553 = DEFINITIONAL_REPRESENTATION('',(#4554),#4558);
#4554 = LINE('',#4555,#4556);
#4555 = CARTESIAN_POINT('',(-27.91641035549,-7.284947310669));
#4556 = VECTOR('',#4557,1.);
#4557 = DIRECTION('',(-0.164594590281,0.986361303403));
#4558 = ( GEOMETRIC_REPRESENTATION_CONTEXT(2) 
PARAMETRIC_REPRESENTATION_CONTEXT() REPRESENTATION_CONTEXT('2D SPACE',''
  ) );
#4559 = ORIENTED_EDGE('',*,*,#4560,.F.);
#4560 = EDGE_CURVE('',#4514,#4538,#4561,.T.);
#4561 = SURFACE_CURVE('',#4562,(#4566,#4573),.PCURVE_S1.);
#4562 = LINE('',#4563,#4564);
#4563 = CARTESIAN_POINT('',(-28.76924076557,-2.174214853218,-2.135));
#4564 = VECTOR('',#4565,1.);
#4565 = DIRECTION('',(0.,0.,1.));
#4566 = PCURVE('',#4498,#4567);
#4567 = DEFINITIONAL_REPRESENTATION('',(#4568),#4572);
#4568 = LINE('',#4569,#4570);
#4569 = CARTESIAN_POINT('',(5.1814,0.));
#4570 = VECTOR('',#4571,1.);
#4571 = DIRECTION('',(0.,-1.));
#4572 = ( GEOMETRIC_REPRESENTATION_CONTEXT(2) 
PARAMETRIC_REPRESENTATION_CONTEXT() REPRESENTATION_CONTEXT('2D SPACE',''
  ) );
#4573 = PCURVE('',#4574,#4579);
#4574 = PLANE('',#4575);
#4575 = AXIS2_PLACEMENT_3D('',#4576,#4577,#4578);
#4576 = CARTESIAN_POINT('',(-28.76924076557,-2.174214853218,-2.135));
#4577 = DIRECTION('',(-0.121156302123,-0.992633442141,0.));
#4578 = DIRECTION('',(-0.992633442141,0.121156302123,0.));
#4579 = DEFINITIONAL_REPRESENTATION('',(#4580),#4584);
#4580 = LINE('',#4581,#4582);
#4581 = CARTESIAN_POINT('',(0.,0.));
#4582 = VECTOR('',#4583,1.);
#4583 = DIRECTION('',(0.,-1.));
#4584 = ( GEOMETRIC_REPRESENTATION_CONTEXT(2) 
PARAMETRIC_REPRESENTATION_CONTEXT() REPRESENTATION_CONTEXT('2D SPACE',''
  ) );
#4585 = ADVANCED_FACE('',(#4586),#4574,.T.);
#4586 = FACE_BOUND('',#4587,.T.);
#4587 = EDGE_LOOP('',(#4588,#4611,#4612,#4635));
#4588 = ORIENTED_EDGE('',*,*,#4589,.F.);
#4589 = EDGE_CURVE('',#4514,#4590,#4592,.T.);
#4590 = VERTEX_POINT('',#4591);
#4591 = CARTESIAN_POINT('',(-31.34244764658,-1.860140979557,-2.135));
#4592 = SURFACE_CURVE('',#4593,(#4597,#4604),.PCURVE_S1.);
#4593 = LINE('',#4594,#4595);
#4594 = CARTESIAN_POINT('',(-28.76924076557,-2.174214853218,-2.135));
#4595 = VECTOR('',#4596,1.);
#4596 = DIRECTION('',(-0.992633442141,0.121156302123,0.));
#4597 = PCURVE('',#4574,#4598);
#4598 = DEFINITIONAL_REPRESENTATION('',(#4599),#4603);
#4599 = LINE('',#4600,#4601);
#4600 = CARTESIAN_POINT('',(0.,0.));
#4601 = VECTOR('',#4602,1.);
#4602 = DIRECTION('',(1.,0.));
#4603 = ( GEOMETRIC_REPRESENTATION_CONTEXT(2) 
PARAMETRIC_REPRESENTATION_CONTEXT() REPRESENTATION_CONTEXT('2D SPACE',''
  ) );
#4604 = PCURVE('',#45,#4605);
#4605 = DEFINITIONAL_REPRESENTATION('',(#4606),#4610);
#4606 = LINE('',#4607,#4608);
#4607 = CARTESIAN_POINT('',(-28.76924076557,-2.174214853218));
#4608 = VECTOR('',#4609,1.);
#4609 = DIRECTION('',(-0.992633442141,0.121156302123));
#4610 = ( GEOMETRIC_REPRESENTATION_CONTEXT(2) 
PARAMETRIC_REPRESENTATION_CONTEXT() REPRESENTATION_CONTEXT('2D SPACE',''
  ) );
#4611 = ORIENTED_EDGE('',*,*,#4560,.T.);
#4612 = ORIENTED_EDGE('',*,*,#4613,.T.);
#4613 = EDGE_CURVE('',#4538,#4614,#4616,.T.);
#4614 = VERTEX_POINT('',#4615);
#4615 = CARTESIAN_POINT('',(-31.34244764658,-1.860140979557,2.135));
#4616 = SURFACE_CURVE('',#4617,(#4621,#4628),.PCURVE_S1.);
#4617 = LINE('',#4618,#4619);
#4618 = CARTESIAN_POINT('',(-28.76924076557,-2.174214853218,2.135));
#4619 = VECTOR('',#4620,1.);
#4620 = DIRECTION('',(-0.992633442141,0.121156302123,0.));
#4621 = PCURVE('',#4574,#4622);
#4622 = DEFINITIONAL_REPRESENTATION('',(#4623),#4627);
#4623 = LINE('',#4624,#4625);
#4624 = CARTESIAN_POINT('',(0.,-4.27));
#4625 = VECTOR('',#4626,1.);
#4626 = DIRECTION('',(1.,0.));
#4627 = ( GEOMETRIC_REPRESENTATION_CONTEXT(2) 
PARAMETRIC_REPRESENTATION_CONTEXT() REPRESENTATION_CONTEXT('2D SPACE',''
  ) );
#4628 = PCURVE('',#102,#4629);
#4629 = DEFINITIONAL_REPRESENTATION('',(#4630),#4634);
#4630 = LINE('',#4631,#4632);
#4631 = CARTESIAN_POINT('',(-28.76924076557,-2.174214853218));
#4632 = VECTOR('',#4633,1.);
#4633 = DIRECTION('',(-0.992633442141,0.121156302123));
#4634 = ( GEOMETRIC_REPRESENTATION_CONTEXT(2) 
PARAMETRIC_REPRESENTATION_CONTEXT() REPRESENTATION_CONTEXT('2D SPACE',''
  ) );
#4635 = ORIENTED_EDGE('',*,*,#4636,.T.);
#4636 = EDGE_CURVE('',#4614,#4590,#4637,.T.);
#4637 = SURFACE_CURVE('',#4638,(#4642,#4649),.PCURVE_S1.);
#4638 = LINE('',#4639,#4640);
#4639 = CARTESIAN_POINT('',(-31.34244764658,-1.860140979556,-2.135));
#4640 = VECTOR('',#4641,1.);
#4641 = DIRECTION('',(-0.,-0.,-1.));
#4642 = PCURVE('',#4574,#4643);
#4643 = DEFINITIONAL_REPRESENTATION('',(#4644),#4648);
#4644 = LINE('',#4645,#4646);
#4645 = CARTESIAN_POINT('',(2.592303232764,0.));
#4646 = VECTOR('',#4647,1.);
#4647 = DIRECTION('',(0.,1.));
#4648 = ( GEOMETRIC_REPRESENTATION_CONTEXT(2) 
PARAMETRIC_REPRESENTATION_CONTEXT() REPRESENTATION_CONTEXT('2D SPACE',''
  ) );
#4649 = PCURVE('',#4650,#4655);
#4650 = CYLINDRICAL_SURFACE('',#4651,31.397597821218);
#4651 = AXIS2_PLACEMENT_3D('',#4652,#4653,#4654);
#4652 = CARTESIAN_POINT('',(0.,0.,-2.135));
#4653 = DIRECTION('',(-0.,-0.,-1.));
#4654 = DIRECTION('',(1.,0.,0.));
#4655 = DEFINITIONAL_REPRESENTATION('',(#4656),#4660);
#4656 = LINE('',#4657,#4658);
#4657 = CARTESIAN_POINT('',(-3.200872056884,0.));
#4658 = VECTOR('',#4659,1.);
#4659 = DIRECTION('',(-0.,1.));
#4660 = ( GEOMETRIC_REPRESENTATION_CONTEXT(2) 
PARAMETRIC_REPRESENTATION_CONTEXT() REPRESENTATION_CONTEXT('2D SPACE',''
  ) );
#4661 = ADVANCED_FACE('',(#4662),#4650,.T.);
#4662 = FACE_BOUND('',#4663,.F.);
#4663 = EDGE_LOOP('',(#4664,#4688,#4716,#4738));
#4664 = ORIENTED_EDGE('',*,*,#4665,.F.);
#4665 = EDGE_CURVE('',#4666,#4590,#4668,.T.);
#4666 = VERTEX_POINT('',#4667);
#4667 = CARTESIAN_POINT('',(-31.34244764658,1.860140979557,-2.135));
#4668 = SURFACE_CURVE('',#4669,(#4674,#4681),.PCURVE_S1.);
#4669 = CIRCLE('',#4670,31.397597821218);
#4670 = AXIS2_PLACEMENT_3D('',#4671,#4672,#4673);
#4671 = CARTESIAN_POINT('',(0.,0.,-2.135));
#4672 = DIRECTION('',(0.,0.,1.));
#4673 = DIRECTION('',(1.,0.,0.));
#4674 = PCURVE('',#4650,#4675);
#4675 = DEFINITIONAL_REPRESENTATION('',(#4676),#4680);
#4676 = LINE('',#4677,#4678);
#4677 = CARTESIAN_POINT('',(-0.,0.));
#4678 = VECTOR('',#4679,1.);
#4679 = DIRECTION('',(-1.,0.));
#4680 = ( GEOMETRIC_REPRESENTATION_CONTEXT(2) 
PARAMETRIC_REPRESENTATION_CONTEXT() REPRESENTATION_CONTEXT('2D SPACE',''
  ) );
#4681 = PCURVE('',#45,#4682);
#4682 = DEFINITIONAL_REPRESENTATION('',(#4683),#4687);
#4683 = CIRCLE('',#4684,31.397597821218);
#4684 = AXIS2_PLACEMENT_2D('',#4685,#4686);
#4685 = CARTESIAN_POINT('',(2.090514272322E-15,-2.899329622222E-15));
#4686 = DIRECTION('',(1.,0.));
#4687 = ( GEOMETRIC_REPRESENTATION_CONTEXT(2) 
PARAMETRIC_REPRESENTATION_CONTEXT() REPRESENTATION_CONTEXT('2D SPACE',''
  ) );
#4688 = ORIENTED_EDGE('',*,*,#4689,.F.);
#4689 = EDGE_CURVE('',#4690,#4666,#4692,.T.);
#4690 = VERTEX_POINT('',#4691);
#4691 = CARTESIAN_POINT('',(-31.34244764658,1.860140979557,2.135));
#4692 = SURFACE_CURVE('',#4693,(#4697,#4704),.PCURVE_S1.);
#4693 = LINE('',#4694,#4695);
#4694 = CARTESIAN_POINT('',(-31.34244764658,1.860140979556,-2.135));
#4695 = VECTOR('',#4696,1.);
#4696 = DIRECTION('',(-0.,-0.,-1.));
#4697 = PCURVE('',#4650,#4698);
#4698 = DEFINITIONAL_REPRESENTATION('',(#4699),#4703);
#4699 = LINE('',#4700,#4701);
#4700 = CARTESIAN_POINT('',(-3.082313250296,0.));
#4701 = VECTOR('',#4702,1.);
#4702 = DIRECTION('',(-0.,1.));
#4703 = ( GEOMETRIC_REPRESENTATION_CONTEXT(2) 
PARAMETRIC_REPRESENTATION_CONTEXT() REPRESENTATION_CONTEXT('2D SPACE',''
  ) );
#4704 = PCURVE('',#4705,#4710);
#4705 = PLANE('',#4706);
#4706 = AXIS2_PLACEMENT_3D('',#4707,#4708,#4709);
#4707 = CARTESIAN_POINT('',(-34.62977497296,1.458904827495,-2.135));
#4708 = DIRECTION('',(-0.121156302123,0.992633442141,0.));
#4709 = DIRECTION('',(0.992633442141,0.121156302123,0.));
#4710 = DEFINITIONAL_REPRESENTATION('',(#4711),#4715);
#4711 = LINE('',#4712,#4713);
#4712 = CARTESIAN_POINT('',(3.311723327887,0.));
#4713 = VECTOR('',#4714,1.);
#4714 = DIRECTION('',(0.,1.));
#4715 = ( GEOMETRIC_REPRESENTATION_CONTEXT(2) 
PARAMETRIC_REPRESENTATION_CONTEXT() REPRESENTATION_CONTEXT('2D SPACE',''
  ) );
#4716 = ORIENTED_EDGE('',*,*,#4717,.T.);
#4717 = EDGE_CURVE('',#4690,#4614,#4718,.T.);
#4718 = SURFACE_CURVE('',#4719,(#4724,#4731),.PCURVE_S1.);
#4719 = CIRCLE('',#4720,31.397597821218);
#4720 = AXIS2_PLACEMENT_3D('',#4721,#4722,#4723);
#4721 = CARTESIAN_POINT('',(0.,0.,2.135));
#4722 = DIRECTION('',(0.,0.,1.));
#4723 = DIRECTION('',(1.,0.,0.));
#4724 = PCURVE('',#4650,#4725);
#4725 = DEFINITIONAL_REPRESENTATION('',(#4726),#4730);
#4726 = LINE('',#4727,#4728);
#4727 = CARTESIAN_POINT('',(-0.,-4.27));
#4728 = VECTOR('',#4729,1.);
#4729 = DIRECTION('',(-1.,0.));
#4730 = ( GEOMETRIC_REPRESENTATION_CONTEXT(2) 
PARAMETRIC_REPRESENTATION_CONTEXT() REPRESENTATION_CONTEXT('2D SPACE',''
  ) );
#4731 = PCURVE('',#102,#4732);
#4732 = DEFINITIONAL_REPRESENTATION('',(#4733),#4737);
#4733 = CIRCLE('',#4734,31.397597821218);
#4734 = AXIS2_PLACEMENT_2D('',#4735,#4736);
#4735 = CARTESIAN_POINT('',(2.090514272322E-15,-2.899329622222E-15));
#4736 = DIRECTION('',(1.,0.));
#4737 = ( GEOMETRIC_REPRESENTATION_CONTEXT(2) 
PARAMETRIC_REPRESENTATION_CONTEXT() REPRESENTATION_CONTEXT('2D SPACE',''
  ) );
#4738 = ORIENTED_EDGE('',*,*,#4636,.T.);
#4739 = ADVANCED_FACE('',(#4740),#4705,.T.);
#4740 = FACE_BOUND('',#4741,.T.);
#4741 = EDGE_LOOP('',(#4742,#4765,#4766,#4789));
#4742 = ORIENTED_EDGE('',*,*,#4743,.F.);
#4743 = EDGE_CURVE('',#4666,#4744,#4746,.T.);
#4744 = VERTEX_POINT('',#4745);
#4745 = CARTESIAN_POINT('',(-28.76924076557,2.174214853218,-2.135));
#4746 = SURFACE_CURVE('',#4747,(#4751,#4758),.PCURVE_S1.);
#4747 = LINE('',#4748,#4749);
#4748 = CARTESIAN_POINT('',(-34.62977497296,1.458904827495,-2.135));
#4749 = VECTOR('',#4750,1.);
#4750 = DIRECTION('',(0.992633442141,0.121156302123,0.));
#4751 = PCURVE('',#4705,#4752);
#4752 = DEFINITIONAL_REPRESENTATION('',(#4753),#4757);
#4753 = LINE('',#4754,#4755);
#4754 = CARTESIAN_POINT('',(0.,0.));
#4755 = VECTOR('',#4756,1.);
#4756 = DIRECTION('',(1.,0.));
#4757 = ( GEOMETRIC_REPRESENTATION_CONTEXT(2) 
PARAMETRIC_REPRESENTATION_CONTEXT() REPRESENTATION_CONTEXT('2D SPACE',''
  ) );
#4758 = PCURVE('',#45,#4759);
#4759 = DEFINITIONAL_REPRESENTATION('',(#4760),#4764);
#4760 = LINE('',#4761,#4762);
#4761 = CARTESIAN_POINT('',(-34.62977497296,1.458904827495));
#4762 = VECTOR('',#4763,1.);
#4763 = DIRECTION('',(0.992633442141,0.121156302123));
#4764 = ( GEOMETRIC_REPRESENTATION_CONTEXT(2) 
PARAMETRIC_REPRESENTATION_CONTEXT() REPRESENTATION_CONTEXT('2D SPACE',''
  ) );
#4765 = ORIENTED_EDGE('',*,*,#4689,.F.);
#4766 = ORIENTED_EDGE('',*,*,#4767,.T.);
#4767 = EDGE_CURVE('',#4690,#4768,#4770,.T.);
#4768 = VERTEX_POINT('',#4769);
#4769 = CARTESIAN_POINT('',(-28.76924076557,2.174214853218,2.135));
#4770 = SURFACE_CURVE('',#4771,(#4775,#4782),.PCURVE_S1.);
#4771 = LINE('',#4772,#4773);
#4772 = CARTESIAN_POINT('',(-34.62977497296,1.458904827495,2.135));
#4773 = VECTOR('',#4774,1.);
#4774 = DIRECTION('',(0.992633442141,0.121156302123,0.));
#4775 = PCURVE('',#4705,#4776);
#4776 = DEFINITIONAL_REPRESENTATION('',(#4777),#4781);
#4777 = LINE('',#4778,#4779);
#4778 = CARTESIAN_POINT('',(0.,-4.27));
#4779 = VECTOR('',#4780,1.);
#4780 = DIRECTION('',(1.,0.));
#4781 = ( GEOMETRIC_REPRESENTATION_CONTEXT(2) 
PARAMETRIC_REPRESENTATION_CONTEXT() REPRESENTATION_CONTEXT('2D SPACE',''
  ) );
#4782 = PCURVE('',#102,#4783);
#4783 = DEFINITIONAL_REPRESENTATION('',(#4784),#4788);
#4784 = LINE('',#4785,#4786);
#4785 = CARTESIAN_POINT('',(-34.62977497296,1.458904827495));
#4786 = VECTOR('',#4787,1.);
#4787 = DIRECTION('',(0.992633442141,0.121156302123));
#4788 = ( GEOMETRIC_REPRESENTATION_CONTEXT(2) 
PARAMETRIC_REPRESENTATION_CONTEXT() REPRESENTATION_CONTEXT('2D SPACE',''
  ) );
#4789 = ORIENTED_EDGE('',*,*,#4790,.F.);
#4790 = EDGE_CURVE('',#4744,#4768,#4791,.T.);
#4791 = SURFACE_CURVE('',#4792,(#4796,#4803),.PCURVE_S1.);
#4792 = LINE('',#4793,#4794);
#4793 = CARTESIAN_POINT('',(-28.76924076557,2.174214853218,-2.135));
#4794 = VECTOR('',#4795,1.);
#4795 = DIRECTION('',(0.,0.,1.));
#4796 = PCURVE('',#4705,#4797);
#4797 = DEFINITIONAL_REPRESENTATION('',(#4798),#4802);
#4798 = LINE('',#4799,#4800);
#4799 = CARTESIAN_POINT('',(5.904026560651,0.));
#4800 = VECTOR('',#4801,1.);
#4801 = DIRECTION('',(0.,-1.));
#4802 = ( GEOMETRIC_REPRESENTATION_CONTEXT(2) 
PARAMETRIC_REPRESENTATION_CONTEXT() REPRESENTATION_CONTEXT('2D SPACE',''
  ) );
#4803 = PCURVE('',#4804,#4809);
#4804 = PLANE('',#4805);
#4805 = AXIS2_PLACEMENT_3D('',#4806,#4807,#4808);
#4806 = CARTESIAN_POINT('',(-28.76924076557,2.174214853218,-2.135));
#4807 = DIRECTION('',(-0.986361303403,0.164594590281,0.));
#4808 = DIRECTION('',(0.164594590281,0.986361303403,0.));
#4809 = DEFINITIONAL_REPRESENTATION('',(#4810),#4814);
#4810 = LINE('',#4811,#4812);
#4811 = CARTESIAN_POINT('',(0.,0.));
#4812 = VECTOR('',#4813,1.);
#4813 = DIRECTION('',(0.,-1.));
#4814 = ( GEOMETRIC_REPRESENTATION_CONTEXT(2) 
PARAMETRIC_REPRESENTATION_CONTEXT() REPRESENTATION_CONTEXT('2D SPACE',''
  ) );
#4815 = ADVANCED_FACE('',(#4816),#4804,.T.);
#4816 = FACE_BOUND('',#4817,.T.);
#4817 = EDGE_LOOP('',(#4818,#4841,#4842,#4865));
#4818 = ORIENTED_EDGE('',*,*,#4819,.F.);
#4819 = EDGE_CURVE('',#4744,#4820,#4822,.T.);
#4820 = VERTEX_POINT('',#4821);
#4821 = CARTESIAN_POINT('',(-28.76796820944,2.18184086401,-2.135));
#4822 = SURFACE_CURVE('',#4823,(#4827,#4834),.PCURVE_S1.);
#4823 = LINE('',#4824,#4825);
#4824 = CARTESIAN_POINT('',(-28.76924076557,2.174214853218,-2.135));
#4825 = VECTOR('',#4826,1.);
#4826 = DIRECTION('',(0.164594590281,0.986361303403,0.));
#4827 = PCURVE('',#4804,#4828);
#4828 = DEFINITIONAL_REPRESENTATION('',(#4829),#4833);
#4829 = LINE('',#4830,#4831);
#4830 = CARTESIAN_POINT('',(0.,0.));
#4831 = VECTOR('',#4832,1.);
#4832 = DIRECTION('',(1.,0.));
#4833 = ( GEOMETRIC_REPRESENTATION_CONTEXT(2) 
PARAMETRIC_REPRESENTATION_CONTEXT() REPRESENTATION_CONTEXT('2D SPACE',''
  ) );
#4834 = PCURVE('',#45,#4835);
#4835 = DEFINITIONAL_REPRESENTATION('',(#4836),#4840);
#4836 = LINE('',#4837,#4838);
#4837 = CARTESIAN_POINT('',(-28.76924076557,2.174214853218));
#4838 = VECTOR('',#4839,1.);
#4839 = DIRECTION('',(0.164594590281,0.986361303403));
#4840 = ( GEOMETRIC_REPRESENTATION_CONTEXT(2) 
PARAMETRIC_REPRESENTATION_CONTEXT() REPRESENTATION_CONTEXT('2D SPACE',''
  ) );
#4841 = ORIENTED_EDGE('',*,*,#4790,.T.);
#4842 = ORIENTED_EDGE('',*,*,#4843,.T.);
#4843 = EDGE_CURVE('',#4768,#4844,#4846,.T.);
#4844 = VERTEX_POINT('',#4845);
#4845 = CARTESIAN_POINT('',(-28.76796820944,2.18184086401,2.135));
#4846 = SURFACE_CURVE('',#4847,(#4851,#4858),.PCURVE_S1.);
#4847 = LINE('',#4848,#4849);
#4848 = CARTESIAN_POINT('',(-28.76924076557,2.174214853218,2.135));
#4849 = VECTOR('',#4850,1.);
#4850 = DIRECTION('',(0.164594590281,0.986361303403,0.));
#4851 = PCURVE('',#4804,#4852);
#4852 = DEFINITIONAL_REPRESENTATION('',(#4853),#4857);
#4853 = LINE('',#4854,#4855);
#4854 = CARTESIAN_POINT('',(0.,-4.27));
#4855 = VECTOR('',#4856,1.);
#4856 = DIRECTION('',(1.,0.));
#4857 = ( GEOMETRIC_REPRESENTATION_CONTEXT(2) 
PARAMETRIC_REPRESENTATION_CONTEXT() REPRESENTATION_CONTEXT('2D SPACE',''
  ) );
#4858 = PCURVE('',#102,#4859);
#4859 = DEFINITIONAL_REPRESENTATION('',(#4860),#4864);
#4860 = LINE('',#4861,#4862);
#4861 = CARTESIAN_POINT('',(-28.76924076557,2.174214853218));
#4862 = VECTOR('',#4863,1.);
#4863 = DIRECTION('',(0.164594590281,0.986361303403));
#4864 = ( GEOMETRIC_REPRESENTATION_CONTEXT(2) 
PARAMETRIC_REPRESENTATION_CONTEXT() REPRESENTATION_CONTEXT('2D SPACE',''
  ) );
#4865 = ORIENTED_EDGE('',*,*,#4866,.T.);
#4866 = EDGE_CURVE('',#4844,#4820,#4867,.T.);
#4867 = SURFACE_CURVE('',#4868,(#4872,#4879),.PCURVE_S1.);
#4868 = LINE('',#4869,#4870);
#4869 = CARTESIAN_POINT('',(-28.76796820944,2.18184086401,-2.135));
#4870 = VECTOR('',#4871,1.);
#4871 = DIRECTION('',(0.,0.,-1.));
#4872 = PCURVE('',#4804,#4873);
#4873 = DEFINITIONAL_REPRESENTATION('',(#4874),#4878);
#4874 = LINE('',#4875,#4876);
#4875 = CARTESIAN_POINT('',(7.731457798992E-03,0.));
#4876 = VECTOR('',#4877,1.);
#4877 = DIRECTION('',(0.,1.));
#4878 = ( GEOMETRIC_REPRESENTATION_CONTEXT(2) 
PARAMETRIC_REPRESENTATION_CONTEXT() REPRESENTATION_CONTEXT('2D SPACE',''
  ) );
#4879 = PCURVE('',#4880,#4885);
#4880 = CYLINDRICAL_SURFACE('',#4881,2.5907);
#4881 = AXIS2_PLACEMENT_3D('',#4882,#4883,#4884);
#4882 = CARTESIAN_POINT('',(-28.54009782121,4.7625,-2.135));
#4883 = DIRECTION('',(0.,0.,-1.));
#4884 = DIRECTION('',(-0.986361303403,0.164594590281,0.));
#4885 = DEFINITIONAL_REPRESENTATION('',(#4886),#4890);
#4886 = LINE('',#4887,#4888);
#4887 = CARTESIAN_POINT('',(-1.648072426672,0.));
#4888 = VECTOR('',#4889,1.);
#4889 = DIRECTION('',(-0.,1.));
#4890 = ( GEOMETRIC_REPRESENTATION_CONTEXT(2) 
PARAMETRIC_REPRESENTATION_CONTEXT() REPRESENTATION_CONTEXT('2D SPACE',''
  ) );
#4891 = ADVANCED_FACE('',(#4892),#4880,.F.);
#4892 = FACE_BOUND('',#4893,.T.);
#4893 = EDGE_LOOP('',(#4894,#4918,#4919,#4943));
#4894 = ORIENTED_EDGE('',*,*,#4895,.F.);
#4895 = EDGE_CURVE('',#4820,#4896,#4898,.T.);
#4896 = VERTEX_POINT('',#4897);
#4897 = CARTESIAN_POINT('',(-27.91768291162,7.277321299877,-2.135));
#4898 = SURFACE_CURVE('',#4899,(#4904,#4911),.PCURVE_S1.);
#4899 = CIRCLE('',#4900,2.5907);
#4900 = AXIS2_PLACEMENT_3D('',#4901,#4902,#4903);
#4901 = CARTESIAN_POINT('',(-28.54009782121,4.7625,-2.135));
#4902 = DIRECTION('',(0.,0.,1.));
#4903 = DIRECTION('',(-0.986361303403,0.164594590281,0.));
#4904 = PCURVE('',#4880,#4905);
#4905 = DEFINITIONAL_REPRESENTATION('',(#4906),#4910);
#4906 = LINE('',#4907,#4908);
#4907 = CARTESIAN_POINT('',(-0.,0.));
#4908 = VECTOR('',#4909,1.);
#4909 = DIRECTION('',(-1.,0.));
#4910 = ( GEOMETRIC_REPRESENTATION_CONTEXT(2) 
PARAMETRIC_REPRESENTATION_CONTEXT() REPRESENTATION_CONTEXT('2D SPACE',''
  ) );
#4911 = PCURVE('',#45,#4912);
#4912 = DEFINITIONAL_REPRESENTATION('',(#4913),#4917);
#4913 = CIRCLE('',#4914,2.5907);
#4914 = AXIS2_PLACEMENT_2D('',#4915,#4916);
#4915 = CARTESIAN_POINT('',(-28.54009782121,4.7625));
#4916 = DIRECTION('',(-0.986361303403,0.164594590281));
#4917 = ( GEOMETRIC_REPRESENTATION_CONTEXT(2) 
PARAMETRIC_REPRESENTATION_CONTEXT() REPRESENTATION_CONTEXT('2D SPACE',''
  ) );
#4918 = ORIENTED_EDGE('',*,*,#4866,.F.);
#4919 = ORIENTED_EDGE('',*,*,#4920,.T.);
#4920 = EDGE_CURVE('',#4844,#4921,#4923,.T.);
#4921 = VERTEX_POINT('',#4922);
#4922 = CARTESIAN_POINT('',(-27.91768291162,7.277321299877,2.135));
#4923 = SURFACE_CURVE('',#4924,(#4929,#4936),.PCURVE_S1.);
#4924 = CIRCLE('',#4925,2.5907);
#4925 = AXIS2_PLACEMENT_3D('',#4926,#4927,#4928);
#4926 = CARTESIAN_POINT('',(-28.54009782121,4.7625,2.135));
#4927 = DIRECTION('',(0.,0.,1.));
#4928 = DIRECTION('',(-0.986361303403,0.164594590281,0.));
#4929 = PCURVE('',#4880,#4930);
#4930 = DEFINITIONAL_REPRESENTATION('',(#4931),#4935);
#4931 = LINE('',#4932,#4933);
#4932 = CARTESIAN_POINT('',(-0.,-4.27));
#4933 = VECTOR('',#4934,1.);
#4934 = DIRECTION('',(-1.,0.));
#4935 = ( GEOMETRIC_REPRESENTATION_CONTEXT(2) 
PARAMETRIC_REPRESENTATION_CONTEXT() REPRESENTATION_CONTEXT('2D SPACE',''
  ) );
#4936 = PCURVE('',#102,#4937);
#4937 = DEFINITIONAL_REPRESENTATION('',(#4938),#4942);
#4938 = CIRCLE('',#4939,2.5907);
#4939 = AXIS2_PLACEMENT_2D('',#4940,#4941);
#4940 = CARTESIAN_POINT('',(-28.54009782121,4.7625));
#4941 = DIRECTION('',(-0.986361303403,0.164594590281));
#4942 = ( GEOMETRIC_REPRESENTATION_CONTEXT(2) 
PARAMETRIC_REPRESENTATION_CONTEXT() REPRESENTATION_CONTEXT('2D SPACE',''
  ) );
#4943 = ORIENTED_EDGE('',*,*,#4944,.T.);
#4944 = EDGE_CURVE('',#4921,#4896,#4945,.T.);
#4945 = SURFACE_CURVE('',#4946,(#4950,#4957),.PCURVE_S1.);
#4946 = LINE('',#4947,#4948);
#4947 = CARTESIAN_POINT('',(-27.91768291162,7.277321299877,-2.135));
#4948 = VECTOR('',#4949,1.);
#4949 = DIRECTION('',(0.,0.,-1.));
#4950 = PCURVE('',#4880,#4951);
#4951 = DEFINITIONAL_REPRESENTATION('',(#4952),#4956);
#4952 = LINE('',#4953,#4954);
#4953 = CARTESIAN_POINT('',(-4.635112880507,0.));
#4954 = VECTOR('',#4955,1.);
#4955 = DIRECTION('',(-0.,1.));
#4956 = ( GEOMETRIC_REPRESENTATION_CONTEXT(2) 
PARAMETRIC_REPRESENTATION_CONTEXT() REPRESENTATION_CONTEXT('2D SPACE',''
  ) );
#4957 = PCURVE('',#4958,#4963);
#4958 = PLANE('',#4959);
#4959 = AXIS2_PLACEMENT_3D('',#4960,#4961,#4962);
#4960 = CARTESIAN_POINT('',(-28.76924076557,2.174214853218,-2.135));
#4961 = DIRECTION('',(-0.986361303403,0.164594590281,0.));
#4962 = DIRECTION('',(0.164594590281,0.986361303403,0.));
#4963 = DEFINITIONAL_REPRESENTATION('',(#4964),#4968);
#4964 = LINE('',#4965,#4966);
#4965 = CARTESIAN_POINT('',(5.173668542201,0.));
#4966 = VECTOR('',#4967,1.);
#4967 = DIRECTION('',(0.,1.));
#4968 = ( GEOMETRIC_REPRESENTATION_CONTEXT(2) 
PARAMETRIC_REPRESENTATION_CONTEXT() REPRESENTATION_CONTEXT('2D SPACE',''
  ) );
#4969 = ADVANCED_FACE('',(#4970),#4958,.T.);
#4970 = FACE_BOUND('',#4971,.T.);
#4971 = EDGE_LOOP('',(#4972,#4995,#4996,#5019));
#4972 = ORIENTED_EDGE('',*,*,#4973,.F.);
#4973 = EDGE_CURVE('',#4896,#4974,#4976,.T.);
#4974 = VERTEX_POINT('',#4975);
#4975 = CARTESIAN_POINT('',(-27.91641035549,7.284947310669,-2.135));
#4976 = SURFACE_CURVE('',#4977,(#4981,#4988),.PCURVE_S1.);
#4977 = LINE('',#4978,#4979);
#4978 = CARTESIAN_POINT('',(-28.76924076557,2.174214853218,-2.135));
#4979 = VECTOR('',#4980,1.);
#4980 = DIRECTION('',(0.164594590281,0.986361303403,0.));
#4981 = PCURVE('',#4958,#4982);
#4982 = DEFINITIONAL_REPRESENTATION('',(#4983),#4987);
#4983 = LINE('',#4984,#4985);
#4984 = CARTESIAN_POINT('',(0.,0.));
#4985 = VECTOR('',#4986,1.);
#4986 = DIRECTION('',(1.,0.));
#4987 = ( GEOMETRIC_REPRESENTATION_CONTEXT(2) 
PARAMETRIC_REPRESENTATION_CONTEXT() REPRESENTATION_CONTEXT('2D SPACE',''
  ) );
#4988 = PCURVE('',#45,#4989);
#4989 = DEFINITIONAL_REPRESENTATION('',(#4990),#4994);
#4990 = LINE('',#4991,#4992);
#4991 = CARTESIAN_POINT('',(-28.76924076557,2.174214853218));
#4992 = VECTOR('',#4993,1.);
#4993 = DIRECTION('',(0.164594590281,0.986361303403));
#4994 = ( GEOMETRIC_REPRESENTATION_CONTEXT(2) 
PARAMETRIC_REPRESENTATION_CONTEXT() REPRESENTATION_CONTEXT('2D SPACE',''
  ) );
#4995 = ORIENTED_EDGE('',*,*,#4944,.F.);
#4996 = ORIENTED_EDGE('',*,*,#4997,.T.);
#4997 = EDGE_CURVE('',#4921,#4998,#5000,.T.);
#4998 = VERTEX_POINT('',#4999);
#4999 = CARTESIAN_POINT('',(-27.91641035549,7.284947310669,2.135));
#5000 = SURFACE_CURVE('',#5001,(#5005,#5012),.PCURVE_S1.);
#5001 = LINE('',#5002,#5003);
#5002 = CARTESIAN_POINT('',(-28.76924076557,2.174214853218,2.135));
#5003 = VECTOR('',#5004,1.);
#5004 = DIRECTION('',(0.164594590281,0.986361303403,0.));
#5005 = PCURVE('',#4958,#5006);
#5006 = DEFINITIONAL_REPRESENTATION('',(#5007),#5011);
#5007 = LINE('',#5008,#5009);
#5008 = CARTESIAN_POINT('',(0.,-4.27));
#5009 = VECTOR('',#5010,1.);
#5010 = DIRECTION('',(1.,0.));
#5011 = ( GEOMETRIC_REPRESENTATION_CONTEXT(2) 
PARAMETRIC_REPRESENTATION_CONTEXT() REPRESENTATION_CONTEXT('2D SPACE',''
  ) );
#5012 = PCURVE('',#102,#5013);
#5013 = DEFINITIONAL_REPRESENTATION('',(#5014),#5018);
#5014 = LINE('',#5015,#5016);
#5015 = CARTESIAN_POINT('',(-28.76924076557,2.174214853218));
#5016 = VECTOR('',#5017,1.);
#5017 = DIRECTION('',(0.164594590281,0.986361303403));
#5018 = ( GEOMETRIC_REPRESENTATION_CONTEXT(2) 
PARAMETRIC_REPRESENTATION_CONTEXT() REPRESENTATION_CONTEXT('2D SPACE',''
  ) );
#5019 = ORIENTED_EDGE('',*,*,#5020,.F.);
#5020 = EDGE_CURVE('',#4974,#4998,#5021,.T.);
#5021 = SURFACE_CURVE('',#5022,(#5026,#5033),.PCURVE_S1.);
#5022 = LINE('',#5023,#5024);
#5023 = CARTESIAN_POINT('',(-27.91641035549,7.284947310669,-2.135));
#5024 = VECTOR('',#5025,1.);
#5025 = DIRECTION('',(0.,0.,1.));
#5026 = PCURVE('',#4958,#5027);
#5027 = DEFINITIONAL_REPRESENTATION('',(#5028),#5032);
#5028 = LINE('',#5029,#5030);
#5029 = CARTESIAN_POINT('',(5.1814,0.));
#5030 = VECTOR('',#5031,1.);
#5031 = DIRECTION('',(0.,-1.));
#5032 = ( GEOMETRIC_REPRESENTATION_CONTEXT(2) 
PARAMETRIC_REPRESENTATION_CONTEXT() REPRESENTATION_CONTEXT('2D SPACE',''
  ) );
#5033 = PCURVE('',#5034,#5039);
#5034 = PLANE('',#5035);
#5035 = AXIS2_PLACEMENT_3D('',#5036,#5037,#5038);
#5036 = CARTESIAN_POINT('',(-27.91641035549,7.284947310669,-2.135));
#5037 = DIRECTION('',(-0.436899271266,-0.899510437275,0.));
#5038 = DIRECTION('',(-0.899510437275,0.436899271266,0.));
#5039 = DEFINITIONAL_REPRESENTATION('',(#5040),#5044);
#5040 = LINE('',#5041,#5042);
#5041 = CARTESIAN_POINT('',(0.,0.));
#5042 = VECTOR('',#5043,1.);
#5043 = DIRECTION('',(0.,-1.));
#5044 = ( GEOMETRIC_REPRESENTATION_CONTEXT(2) 
PARAMETRIC_REPRESENTATION_CONTEXT() REPRESENTATION_CONTEXT('2D SPACE',''
  ) );
#5045 = ADVANCED_FACE('',(#5046),#5034,.T.);
#5046 = FACE_BOUND('',#5047,.T.);
#5047 = EDGE_LOOP('',(#5048,#5071,#5072,#5095));
#5048 = ORIENTED_EDGE('',*,*,#5049,.F.);
#5049 = EDGE_CURVE('',#4974,#5050,#5052,.T.);
#5050 = VERTEX_POINT('',#5051);
#5051 = CARTESIAN_POINT('',(-30.24821416995,8.417522703965,-2.135));
#5052 = SURFACE_CURVE('',#5053,(#5057,#5064),.PCURVE_S1.);
#5053 = LINE('',#5054,#5055);
#5054 = CARTESIAN_POINT('',(-27.91641035549,7.284947310669,-2.135));
#5055 = VECTOR('',#5056,1.);
#5056 = DIRECTION('',(-0.899510437275,0.436899271266,0.));
#5057 = PCURVE('',#5034,#5058);
#5058 = DEFINITIONAL_REPRESENTATION('',(#5059),#5063);
#5059 = LINE('',#5060,#5061);
#5060 = CARTESIAN_POINT('',(0.,0.));
#5061 = VECTOR('',#5062,1.);
#5062 = DIRECTION('',(1.,0.));
#5063 = ( GEOMETRIC_REPRESENTATION_CONTEXT(2) 
PARAMETRIC_REPRESENTATION_CONTEXT() REPRESENTATION_CONTEXT('2D SPACE',''
  ) );
#5064 = PCURVE('',#45,#5065);
#5065 = DEFINITIONAL_REPRESENTATION('',(#5066),#5070);
#5066 = LINE('',#5067,#5068);
#5067 = CARTESIAN_POINT('',(-27.91641035549,7.284947310669));
#5068 = VECTOR('',#5069,1.);
#5069 = DIRECTION('',(-0.899510437275,0.436899271266));
#5070 = ( GEOMETRIC_REPRESENTATION_CONTEXT(2) 
PARAMETRIC_REPRESENTATION_CONTEXT() REPRESENTATION_CONTEXT('2D SPACE',''
  ) );
#5071 = ORIENTED_EDGE('',*,*,#5020,.T.);
#5072 = ORIENTED_EDGE('',*,*,#5073,.T.);
#5073 = EDGE_CURVE('',#4998,#5074,#5076,.T.);
#5074 = VERTEX_POINT('',#5075);
#5075 = CARTESIAN_POINT('',(-30.24821416995,8.417522703965,2.135));
#5076 = SURFACE_CURVE('',#5077,(#5081,#5088),.PCURVE_S1.);
#5077 = LINE('',#5078,#5079);
#5078 = CARTESIAN_POINT('',(-27.91641035549,7.284947310669,2.135));
#5079 = VECTOR('',#5080,1.);
#5080 = DIRECTION('',(-0.899510437275,0.436899271266,0.));
#5081 = PCURVE('',#5034,#5082);
#5082 = DEFINITIONAL_REPRESENTATION('',(#5083),#5087);
#5083 = LINE('',#5084,#5085);
#5084 = CARTESIAN_POINT('',(0.,-4.27));
#5085 = VECTOR('',#5086,1.);
#5086 = DIRECTION('',(1.,0.));
#5087 = ( GEOMETRIC_REPRESENTATION_CONTEXT(2) 
PARAMETRIC_REPRESENTATION_CONTEXT() REPRESENTATION_CONTEXT('2D SPACE',''
  ) );
#5088 = PCURVE('',#102,#5089);
#5089 = DEFINITIONAL_REPRESENTATION('',(#5090),#5094);
#5090 = LINE('',#5091,#5092);
#5091 = CARTESIAN_POINT('',(-27.91641035549,7.284947310669));
#5092 = VECTOR('',#5093,1.);
#5093 = DIRECTION('',(-0.899510437275,0.436899271266));
#5094 = ( GEOMETRIC_REPRESENTATION_CONTEXT(2) 
PARAMETRIC_REPRESENTATION_CONTEXT() REPRESENTATION_CONTEXT('2D SPACE',''
  ) );
#5095 = ORIENTED_EDGE('',*,*,#5096,.T.);
#5096 = EDGE_CURVE('',#5074,#5050,#5097,.T.);
#5097 = SURFACE_CURVE('',#5098,(#5102,#5109),.PCURVE_S1.);
#5098 = LINE('',#5099,#5100);
#5099 = CARTESIAN_POINT('',(-30.24821416995,8.417522703965,-2.135));
#5100 = VECTOR('',#5101,1.);
#5101 = DIRECTION('',(-0.,-0.,-1.));
#5102 = PCURVE('',#5034,#5103);
#5103 = DEFINITIONAL_REPRESENTATION('',(#5104),#5108);
#5104 = LINE('',#5105,#5106);
#5105 = CARTESIAN_POINT('',(2.592303232764,0.));
#5106 = VECTOR('',#5107,1.);
#5107 = DIRECTION('',(0.,1.));
#5108 = ( GEOMETRIC_REPRESENTATION_CONTEXT(2) 
PARAMETRIC_REPRESENTATION_CONTEXT() REPRESENTATION_CONTEXT('2D SPACE',''
  ) );
#5109 = PCURVE('',#5110,#5115);
#5110 = CYLINDRICAL_SURFACE('',#5111,31.397597821218);
#5111 = AXIS2_PLACEMENT_3D('',#5112,#5113,#5114);
#5112 = CARTESIAN_POINT('',(0.,0.,-2.135));
#5113 = DIRECTION('',(-0.,-0.,-1.));
#5114 = DIRECTION('',(1.,0.,0.));
#5115 = DEFINITIONAL_REPRESENTATION('',(#5116),#5120);
#5116 = LINE('',#5117,#5118);
#5117 = CARTESIAN_POINT('',(-2.870178093348,0.));
#5118 = VECTOR('',#5119,1.);
#5119 = DIRECTION('',(-0.,1.));
#5120 = ( GEOMETRIC_REPRESENTATION_CONTEXT(2) 
PARAMETRIC_REPRESENTATION_CONTEXT() REPRESENTATION_CONTEXT('2D SPACE',''
  ) );
#5121 = ADVANCED_FACE('',(#5122),#5110,.T.);
#5122 = FACE_BOUND('',#5123,.F.);
#5123 = EDGE_LOOP('',(#5124,#5148,#5176,#5198));
#5124 = ORIENTED_EDGE('',*,*,#5125,.F.);
#5125 = EDGE_CURVE('',#5126,#5050,#5128,.T.);
#5126 = VERTEX_POINT('',#5127);
#5127 = CARTESIAN_POINT('',(-29.04024059253,11.93622952488,-2.135));
#5128 = SURFACE_CURVE('',#5129,(#5134,#5141),.PCURVE_S1.);
#5129 = CIRCLE('',#5130,31.397597821218);
#5130 = AXIS2_PLACEMENT_3D('',#5131,#5132,#5133);
#5131 = CARTESIAN_POINT('',(0.,0.,-2.135));
#5132 = DIRECTION('',(0.,0.,1.));
#5133 = DIRECTION('',(1.,0.,0.));
#5134 = PCURVE('',#5110,#5135);
#5135 = DEFINITIONAL_REPRESENTATION('',(#5136),#5140);
#5136 = LINE('',#5137,#5138);
#5137 = CARTESIAN_POINT('',(-0.,0.));
#5138 = VECTOR('',#5139,1.);
#5139 = DIRECTION('',(-1.,0.));
#5140 = ( GEOMETRIC_REPRESENTATION_CONTEXT(2) 
PARAMETRIC_REPRESENTATION_CONTEXT() REPRESENTATION_CONTEXT('2D SPACE',''
  ) );
#5141 = PCURVE('',#45,#5142);
#5142 = DEFINITIONAL_REPRESENTATION('',(#5143),#5147);
#5143 = CIRCLE('',#5144,31.397597821218);
#5144 = AXIS2_PLACEMENT_2D('',#5145,#5146);
#5145 = CARTESIAN_POINT('',(2.090514272322E-15,-2.899329622222E-15));
#5146 = DIRECTION('',(1.,0.));
#5147 = ( GEOMETRIC_REPRESENTATION_CONTEXT(2) 
PARAMETRIC_REPRESENTATION_CONTEXT() REPRESENTATION_CONTEXT('2D SPACE',''
  ) );
#5148 = ORIENTED_EDGE('',*,*,#5149,.F.);
#5149 = EDGE_CURVE('',#5150,#5126,#5152,.T.);
#5150 = VERTEX_POINT('',#5151);
#5151 = CARTESIAN_POINT('',(-29.04024059253,11.93622952488,2.135));
#5152 = SURFACE_CURVE('',#5153,(#5157,#5164),.PCURVE_S1.);
#5153 = LINE('',#5154,#5155);
#5154 = CARTESIAN_POINT('',(-29.04024059253,11.936229524881,-2.135));
#5155 = VECTOR('',#5156,1.);
#5156 = DIRECTION('',(-0.,-0.,-1.));
#5157 = PCURVE('',#5110,#5158);
#5158 = DEFINITIONAL_REPRESENTATION('',(#5159),#5163);
#5159 = LINE('',#5160,#5161);
#5160 = CARTESIAN_POINT('',(-2.75161928676,0.));
#5161 = VECTOR('',#5162,1.);
#5162 = DIRECTION('',(-0.,1.));
#5163 = ( GEOMETRIC_REPRESENTATION_CONTEXT(2) 
PARAMETRIC_REPRESENTATION_CONTEXT() REPRESENTATION_CONTEXT('2D SPACE',''
  ) );
#5164 = PCURVE('',#5165,#5170);
#5165 = PLANE('',#5166);
#5166 = AXIS2_PLACEMENT_3D('',#5167,#5168,#5169);
#5167 = CARTESIAN_POINT('',(-32.27973262253,12.624126892245,-2.135));
#5168 = DIRECTION('',(0.207715832289,0.978189211255,0.));
#5169 = DIRECTION('',(0.978189211255,-0.207715832289,0.));
#5170 = DEFINITIONAL_REPRESENTATION('',(#5171),#5175);
#5171 = LINE('',#5172,#5173);
#5172 = CARTESIAN_POINT('',(3.311723327887,0.));
#5173 = VECTOR('',#5174,1.);
#5174 = DIRECTION('',(0.,1.));
#5175 = ( GEOMETRIC_REPRESENTATION_CONTEXT(2) 
PARAMETRIC_REPRESENTATION_CONTEXT() REPRESENTATION_CONTEXT('2D SPACE',''
  ) );
#5176 = ORIENTED_EDGE('',*,*,#5177,.T.);
#5177 = EDGE_CURVE('',#5150,#5074,#5178,.T.);
#5178 = SURFACE_CURVE('',#5179,(#5184,#5191),.PCURVE_S1.);
#5179 = CIRCLE('',#5180,31.397597821218);
#5180 = AXIS2_PLACEMENT_3D('',#5181,#5182,#5183);
#5181 = CARTESIAN_POINT('',(0.,0.,2.135));
#5182 = DIRECTION('',(0.,0.,1.));
#5183 = DIRECTION('',(1.,0.,0.));
#5184 = PCURVE('',#5110,#5185);
#5185 = DEFINITIONAL_REPRESENTATION('',(#5186),#5190);
#5186 = LINE('',#5187,#5188);
#5187 = CARTESIAN_POINT('',(-0.,-4.27));
#5188 = VECTOR('',#5189,1.);
#5189 = DIRECTION('',(-1.,0.));
#5190 = ( GEOMETRIC_REPRESENTATION_CONTEXT(2) 
PARAMETRIC_REPRESENTATION_CONTEXT() REPRESENTATION_CONTEXT('2D SPACE',''
  ) );
#5191 = PCURVE('',#102,#5192);
#5192 = DEFINITIONAL_REPRESENTATION('',(#5193),#5197);
#5193 = CIRCLE('',#5194,31.397597821218);
#5194 = AXIS2_PLACEMENT_2D('',#5195,#5196);
#5195 = CARTESIAN_POINT('',(2.090514272322E-15,-2.899329622222E-15));
#5196 = DIRECTION('',(1.,0.));
#5197 = ( GEOMETRIC_REPRESENTATION_CONTEXT(2) 
PARAMETRIC_REPRESENTATION_CONTEXT() REPRESENTATION_CONTEXT('2D SPACE',''
  ) );
#5198 = ORIENTED_EDGE('',*,*,#5096,.T.);
#5199 = ADVANCED_FACE('',(#5200),#5165,.T.);
#5200 = FACE_BOUND('',#5201,.T.);
#5201 = EDGE_LOOP('',(#5202,#5225,#5226,#5249));
#5202 = ORIENTED_EDGE('',*,*,#5203,.F.);
#5203 = EDGE_CURVE('',#5126,#5204,#5206,.T.);
#5204 = VERTEX_POINT('',#5205);
#5205 = CARTESIAN_POINT('',(-26.50447753794,11.39776710134,-2.135));
#5206 = SURFACE_CURVE('',#5207,(#5211,#5218),.PCURVE_S1.);
#5207 = LINE('',#5208,#5209);
#5208 = CARTESIAN_POINT('',(-32.27973262253,12.624126892245,-2.135));
#5209 = VECTOR('',#5210,1.);
#5210 = DIRECTION('',(0.978189211255,-0.207715832289,0.));
#5211 = PCURVE('',#5165,#5212);
#5212 = DEFINITIONAL_REPRESENTATION('',(#5213),#5217);
#5213 = LINE('',#5214,#5215);
#5214 = CARTESIAN_POINT('',(0.,0.));
#5215 = VECTOR('',#5216,1.);
#5216 = DIRECTION('',(1.,0.));
#5217 = ( GEOMETRIC_REPRESENTATION_CONTEXT(2) 
PARAMETRIC_REPRESENTATION_CONTEXT() REPRESENTATION_CONTEXT('2D SPACE',''
  ) );
#5218 = PCURVE('',#45,#5219);
#5219 = DEFINITIONAL_REPRESENTATION('',(#5220),#5224);
#5220 = LINE('',#5221,#5222);
#5221 = CARTESIAN_POINT('',(-32.27973262253,12.624126892245));
#5222 = VECTOR('',#5223,1.);
#5223 = DIRECTION('',(0.978189211255,-0.207715832289));
#5224 = ( GEOMETRIC_REPRESENTATION_CONTEXT(2) 
PARAMETRIC_REPRESENTATION_CONTEXT() REPRESENTATION_CONTEXT('2D SPACE',''
  ) );
#5225 = ORIENTED_EDGE('',*,*,#5149,.F.);
#5226 = ORIENTED_EDGE('',*,*,#5227,.T.);
#5227 = EDGE_CURVE('',#5150,#5228,#5230,.T.);
#5228 = VERTEX_POINT('',#5229);
#5229 = CARTESIAN_POINT('',(-26.50447753794,11.39776710134,2.135));
#5230 = SURFACE_CURVE('',#5231,(#5235,#5242),.PCURVE_S1.);
#5231 = LINE('',#5232,#5233);
#5232 = CARTESIAN_POINT('',(-32.27973262253,12.624126892245,2.135));
#5233 = VECTOR('',#5234,1.);
#5234 = DIRECTION('',(0.978189211255,-0.207715832289,0.));
#5235 = PCURVE('',#5165,#5236);
#5236 = DEFINITIONAL_REPRESENTATION('',(#5237),#5241);
#5237 = LINE('',#5238,#5239);
#5238 = CARTESIAN_POINT('',(0.,-4.27));
#5239 = VECTOR('',#5240,1.);
#5240 = DIRECTION('',(1.,0.));
#5241 = ( GEOMETRIC_REPRESENTATION_CONTEXT(2) 
PARAMETRIC_REPRESENTATION_CONTEXT() REPRESENTATION_CONTEXT('2D SPACE',''
  ) );
#5242 = PCURVE('',#102,#5243);
#5243 = DEFINITIONAL_REPRESENTATION('',(#5244),#5248);
#5244 = LINE('',#5245,#5246);
#5245 = CARTESIAN_POINT('',(-32.27973262253,12.624126892245));
#5246 = VECTOR('',#5247,1.);
#5247 = DIRECTION('',(0.978189211255,-0.207715832289));
#5248 = ( GEOMETRIC_REPRESENTATION_CONTEXT(2) 
PARAMETRIC_REPRESENTATION_CONTEXT() REPRESENTATION_CONTEXT('2D SPACE',''
  ) );
#5249 = ORIENTED_EDGE('',*,*,#5250,.F.);
#5250 = EDGE_CURVE('',#5204,#5228,#5251,.T.);
#5251 = SURFACE_CURVE('',#5252,(#5256,#5263),.PCURVE_S1.);
#5252 = LINE('',#5253,#5254);
#5253 = CARTESIAN_POINT('',(-26.50447753794,11.39776710134,-2.135));
#5254 = VECTOR('',#5255,1.);
#5255 = DIRECTION('',(0.,0.,1.));
#5256 = PCURVE('',#5165,#5257);
#5257 = DEFINITIONAL_REPRESENTATION('',(#5258),#5262);
#5258 = LINE('',#5259,#5260);
#5259 = CARTESIAN_POINT('',(5.904026560651,0.));
#5260 = VECTOR('',#5261,1.);
#5261 = DIRECTION('',(0.,-1.));
#5262 = ( GEOMETRIC_REPRESENTATION_CONTEXT(2) 
PARAMETRIC_REPRESENTATION_CONTEXT() REPRESENTATION_CONTEXT('2D SPACE',''
  ) );
#5263 = PCURVE('',#5264,#5269);
#5264 = PLANE('',#5265);
#5265 = AXIS2_PLACEMENT_3D('',#5266,#5267,#5268);
#5266 = CARTESIAN_POINT('',(-26.50447753794,11.39776710134,-2.135));
#5267 = DIRECTION('',(-0.879473751206,0.475947393037,0.));
#5268 = DIRECTION('',(0.475947393037,0.879473751206,0.));
#5269 = DEFINITIONAL_REPRESENTATION('',(#5270),#5274);
#5270 = LINE('',#5271,#5272);
#5271 = CARTESIAN_POINT('',(0.,0.));
#5272 = VECTOR('',#5273,1.);
#5273 = DIRECTION('',(0.,-1.));
#5274 = ( GEOMETRIC_REPRESENTATION_CONTEXT(2) 
PARAMETRIC_REPRESENTATION_CONTEXT() REPRESENTATION_CONTEXT('2D SPACE',''
  ) );
#5275 = ADVANCED_FACE('',(#5276),#5264,.T.);
#5276 = FACE_BOUND('',#5277,.T.);
#5277 = EDGE_LOOP('',(#5278,#5301,#5302,#5325));
#5278 = ORIENTED_EDGE('',*,*,#5279,.F.);
#5279 = EDGE_CURVE('',#5204,#5280,#5282,.T.);
#5280 = VERTEX_POINT('',#5281);
#5281 = CARTESIAN_POINT('',(-26.50079777076,11.404566715533,-2.135));
#5282 = SURFACE_CURVE('',#5283,(#5287,#5294),.PCURVE_S1.);
#5283 = LINE('',#5284,#5285);
#5284 = CARTESIAN_POINT('',(-26.50447753794,11.39776710134,-2.135));
#5285 = VECTOR('',#5286,1.);
#5286 = DIRECTION('',(0.475947393037,0.879473751206,0.));
#5287 = PCURVE('',#5264,#5288);
#5288 = DEFINITIONAL_REPRESENTATION('',(#5289),#5293);
#5289 = LINE('',#5290,#5291);
#5290 = CARTESIAN_POINT('',(0.,0.));
#5291 = VECTOR('',#5292,1.);
#5292 = DIRECTION('',(1.,0.));
#5293 = ( GEOMETRIC_REPRESENTATION_CONTEXT(2) 
PARAMETRIC_REPRESENTATION_CONTEXT() REPRESENTATION_CONTEXT('2D SPACE',''
  ) );
#5294 = PCURVE('',#45,#5295);
#5295 = DEFINITIONAL_REPRESENTATION('',(#5296),#5300);
#5296 = LINE('',#5297,#5298);
#5297 = CARTESIAN_POINT('',(-26.50447753794,11.39776710134));
#5298 = VECTOR('',#5299,1.);
#5299 = DIRECTION('',(0.475947393037,0.879473751206));
#5300 = ( GEOMETRIC_REPRESENTATION_CONTEXT(2) 
PARAMETRIC_REPRESENTATION_CONTEXT() REPRESENTATION_CONTEXT('2D SPACE',''
  ) );
#5301 = ORIENTED_EDGE('',*,*,#5250,.T.);
#5302 = ORIENTED_EDGE('',*,*,#5303,.T.);
#5303 = EDGE_CURVE('',#5228,#5304,#5306,.T.);
#5304 = VERTEX_POINT('',#5305);
#5305 = CARTESIAN_POINT('',(-26.50079777076,11.404566715533,2.135));
#5306 = SURFACE_CURVE('',#5307,(#5311,#5318),.PCURVE_S1.);
#5307 = LINE('',#5308,#5309);
#5308 = CARTESIAN_POINT('',(-26.50447753794,11.39776710134,2.135));
#5309 = VECTOR('',#5310,1.);
#5310 = DIRECTION('',(0.475947393037,0.879473751206,0.));
#5311 = PCURVE('',#5264,#5312);
#5312 = DEFINITIONAL_REPRESENTATION('',(#5313),#5317);
#5313 = LINE('',#5314,#5315);
#5314 = CARTESIAN_POINT('',(0.,-4.27));
#5315 = VECTOR('',#5316,1.);
#5316 = DIRECTION('',(1.,0.));
#5317 = ( GEOMETRIC_REPRESENTATION_CONTEXT(2) 
PARAMETRIC_REPRESENTATION_CONTEXT() REPRESENTATION_CONTEXT('2D SPACE',''
  ) );
#5318 = PCURVE('',#102,#5319);
#5319 = DEFINITIONAL_REPRESENTATION('',(#5320),#5324);
#5320 = LINE('',#5321,#5322);
#5321 = CARTESIAN_POINT('',(-26.50447753794,11.39776710134));
#5322 = VECTOR('',#5323,1.);
#5323 = DIRECTION('',(0.475947393037,0.879473751206));
#5324 = ( GEOMETRIC_REPRESENTATION_CONTEXT(2) 
PARAMETRIC_REPRESENTATION_CONTEXT() REPRESENTATION_CONTEXT('2D SPACE',''
  ) );
#5325 = ORIENTED_EDGE('',*,*,#5326,.T.);
#5326 = EDGE_CURVE('',#5304,#5280,#5327,.T.);
#5327 = SURFACE_CURVE('',#5328,(#5332,#5339),.PCURVE_S1.);
#5328 = LINE('',#5329,#5330);
#5329 = CARTESIAN_POINT('',(-26.50079777076,11.404566715533,-2.135));
#5330 = VECTOR('',#5331,1.);
#5331 = DIRECTION('',(0.,0.,-1.));
#5332 = PCURVE('',#5264,#5333);
#5333 = DEFINITIONAL_REPRESENTATION('',(#5334),#5338);
#5334 = LINE('',#5335,#5336);
#5335 = CARTESIAN_POINT('',(7.731457798993E-03,0.));
#5336 = VECTOR('',#5337,1.);
#5337 = DIRECTION('',(0.,1.));
#5338 = ( GEOMETRIC_REPRESENTATION_CONTEXT(2) 
PARAMETRIC_REPRESENTATION_CONTEXT() REPRESENTATION_CONTEXT('2D SPACE',''
  ) );
#5339 = PCURVE('',#5340,#5345);
#5340 = CYLINDRICAL_SURFACE('',#5341,2.5907);
#5341 = AXIS2_PLACEMENT_3D('',#5342,#5343,#5344);
#5342 = CARTESIAN_POINT('',(-25.44733537704,13.771409227199,-2.135));
#5343 = DIRECTION('',(0.,0.,-1.));
#5344 = DIRECTION('',(-0.879473751206,0.475947393037,0.));
#5345 = DEFINITIONAL_REPRESENTATION('',(#5346),#5350);
#5346 = LINE('',#5347,#5348);
#5347 = CARTESIAN_POINT('',(-1.648072426672,0.));
#5348 = VECTOR('',#5349,1.);
#5349 = DIRECTION('',(-0.,1.));
#5350 = ( GEOMETRIC_REPRESENTATION_CONTEXT(2) 
PARAMETRIC_REPRESENTATION_CONTEXT() REPRESENTATION_CONTEXT('2D SPACE',''
  ) );
#5351 = ADVANCED_FACE('',(#5352),#5340,.F.);
#5352 = FACE_BOUND('',#5353,.T.);
#5353 = EDGE_LOOP('',(#5354,#5378,#5379,#5403));
#5354 = ORIENTED_EDGE('',*,*,#5355,.F.);
#5355 = EDGE_CURVE('',#5280,#5356,#5358,.T.);
#5356 = VERTEX_POINT('',#5357);
#5357 = CARTESIAN_POINT('',(-24.04208348284,15.947872781649,-2.135));
#5358 = SURFACE_CURVE('',#5359,(#5364,#5371),.PCURVE_S1.);
#5359 = CIRCLE('',#5360,2.5907);
#5360 = AXIS2_PLACEMENT_3D('',#5361,#5362,#5363);
#5361 = CARTESIAN_POINT('',(-25.44733537704,13.771409227199,-2.135));
#5362 = DIRECTION('',(0.,0.,1.));
#5363 = DIRECTION('',(-0.879473751206,0.475947393037,0.));
#5364 = PCURVE('',#5340,#5365);
#5365 = DEFINITIONAL_REPRESENTATION('',(#5366),#5370);
#5366 = LINE('',#5367,#5368);
#5367 = CARTESIAN_POINT('',(-0.,0.));
#5368 = VECTOR('',#5369,1.);
#5369 = DIRECTION('',(-1.,0.));
#5370 = ( GEOMETRIC_REPRESENTATION_CONTEXT(2) 
PARAMETRIC_REPRESENTATION_CONTEXT() REPRESENTATION_CONTEXT('2D SPACE',''
  ) );
#5371 = PCURVE('',#45,#5372);
#5372 = DEFINITIONAL_REPRESENTATION('',(#5373),#5377);
#5373 = CIRCLE('',#5374,2.5907);
#5374 = AXIS2_PLACEMENT_2D('',#5375,#5376);
#5375 = CARTESIAN_POINT('',(-25.44733537704,13.771409227199));
#5376 = DIRECTION('',(-0.879473751206,0.475947393037));
#5377 = ( GEOMETRIC_REPRESENTATION_CONTEXT(2) 
PARAMETRIC_REPRESENTATION_CONTEXT() REPRESENTATION_CONTEXT('2D SPACE',''
  ) );
#5378 = ORIENTED_EDGE('',*,*,#5326,.F.);
#5379 = ORIENTED_EDGE('',*,*,#5380,.T.);
#5380 = EDGE_CURVE('',#5304,#5381,#5383,.T.);
#5381 = VERTEX_POINT('',#5382);
#5382 = CARTESIAN_POINT('',(-24.04208348284,15.947872781649,2.135));
#5383 = SURFACE_CURVE('',#5384,(#5389,#5396),.PCURVE_S1.);
#5384 = CIRCLE('',#5385,2.5907);
#5385 = AXIS2_PLACEMENT_3D('',#5386,#5387,#5388);
#5386 = CARTESIAN_POINT('',(-25.44733537704,13.771409227199,2.135));
#5387 = DIRECTION('',(0.,0.,1.));
#5388 = DIRECTION('',(-0.879473751206,0.475947393037,0.));
#5389 = PCURVE('',#5340,#5390);
#5390 = DEFINITIONAL_REPRESENTATION('',(#5391),#5395);
#5391 = LINE('',#5392,#5393);
#5392 = CARTESIAN_POINT('',(-0.,-4.27));
#5393 = VECTOR('',#5394,1.);
#5394 = DIRECTION('',(-1.,0.));
#5395 = ( GEOMETRIC_REPRESENTATION_CONTEXT(2) 
PARAMETRIC_REPRESENTATION_CONTEXT() REPRESENTATION_CONTEXT('2D SPACE',''
  ) );
#5396 = PCURVE('',#102,#5397);
#5397 = DEFINITIONAL_REPRESENTATION('',(#5398),#5402);
#5398 = CIRCLE('',#5399,2.5907);
#5399 = AXIS2_PLACEMENT_2D('',#5400,#5401);
#5400 = CARTESIAN_POINT('',(-25.44733537704,13.771409227199));
#5401 = DIRECTION('',(-0.879473751206,0.475947393037));
#5402 = ( GEOMETRIC_REPRESENTATION_CONTEXT(2) 
PARAMETRIC_REPRESENTATION_CONTEXT() REPRESENTATION_CONTEXT('2D SPACE',''
  ) );
#5403 = ORIENTED_EDGE('',*,*,#5404,.T.);
#5404 = EDGE_CURVE('',#5381,#5356,#5405,.T.);
#5405 = SURFACE_CURVE('',#5406,(#5410,#5417),.PCURVE_S1.);
#5406 = LINE('',#5407,#5408);
#5407 = CARTESIAN_POINT('',(-24.04208348284,15.947872781649,-2.135));
#5408 = VECTOR('',#5409,1.);
#5409 = DIRECTION('',(0.,0.,-1.));
#5410 = PCURVE('',#5340,#5411);
#5411 = DEFINITIONAL_REPRESENTATION('',(#5412),#5416);
#5412 = LINE('',#5413,#5414);
#5413 = CARTESIAN_POINT('',(-4.635112880507,0.));
#5414 = VECTOR('',#5415,1.);
#5415 = DIRECTION('',(-0.,1.));
#5416 = ( GEOMETRIC_REPRESENTATION_CONTEXT(2) 
PARAMETRIC_REPRESENTATION_CONTEXT() REPRESENTATION_CONTEXT('2D SPACE',''
  ) );
#5417 = PCURVE('',#5418,#5423);
#5418 = PLANE('',#5419);
#5419 = AXIS2_PLACEMENT_3D('',#5420,#5421,#5422);
#5420 = CARTESIAN_POINT('',(-26.50447753794,11.39776710134,-2.135));
#5421 = DIRECTION('',(-0.879473751206,0.475947393037,0.));
#5422 = DIRECTION('',(0.475947393037,0.879473751206,0.));
#5423 = DEFINITIONAL_REPRESENTATION('',(#5424),#5428);
#5424 = LINE('',#5425,#5426);
#5425 = CARTESIAN_POINT('',(5.173668542201,0.));
#5426 = VECTOR('',#5427,1.);
#5427 = DIRECTION('',(0.,1.));
#5428 = ( GEOMETRIC_REPRESENTATION_CONTEXT(2) 
PARAMETRIC_REPRESENTATION_CONTEXT() REPRESENTATION_CONTEXT('2D SPACE',''
  ) );
#5429 = ADVANCED_FACE('',(#5430),#5418,.T.);
#5430 = FACE_BOUND('',#5431,.T.);
#5431 = EDGE_LOOP('',(#5432,#5455,#5456,#5479));
#5432 = ORIENTED_EDGE('',*,*,#5433,.F.);
#5433 = EDGE_CURVE('',#5356,#5434,#5436,.T.);
#5434 = VERTEX_POINT('',#5435);
#5435 = CARTESIAN_POINT('',(-24.03840371566,15.954672395842,-2.135));
#5436 = SURFACE_CURVE('',#5437,(#5441,#5448),.PCURVE_S1.);
#5437 = LINE('',#5438,#5439);
#5438 = CARTESIAN_POINT('',(-26.50447753794,11.39776710134,-2.135));
#5439 = VECTOR('',#5440,1.);
#5440 = DIRECTION('',(0.475947393037,0.879473751206,0.));
#5441 = PCURVE('',#5418,#5442);
#5442 = DEFINITIONAL_REPRESENTATION('',(#5443),#5447);
#5443 = LINE('',#5444,#5445);
#5444 = CARTESIAN_POINT('',(0.,0.));
#5445 = VECTOR('',#5446,1.);
#5446 = DIRECTION('',(1.,0.));
#5447 = ( GEOMETRIC_REPRESENTATION_CONTEXT(2) 
PARAMETRIC_REPRESENTATION_CONTEXT() REPRESENTATION_CONTEXT('2D SPACE',''
  ) );
#5448 = PCURVE('',#45,#5449);
#5449 = DEFINITIONAL_REPRESENTATION('',(#5450),#5454);
#5450 = LINE('',#5451,#5452);
#5451 = CARTESIAN_POINT('',(-26.50447753794,11.39776710134));
#5452 = VECTOR('',#5453,1.);
#5453 = DIRECTION('',(0.475947393037,0.879473751206));
#5454 = ( GEOMETRIC_REPRESENTATION_CONTEXT(2) 
PARAMETRIC_REPRESENTATION_CONTEXT() REPRESENTATION_CONTEXT('2D SPACE',''
  ) );
#5455 = ORIENTED_EDGE('',*,*,#5404,.F.);
#5456 = ORIENTED_EDGE('',*,*,#5457,.T.);
#5457 = EDGE_CURVE('',#5381,#5458,#5460,.T.);
#5458 = VERTEX_POINT('',#5459);
#5459 = CARTESIAN_POINT('',(-24.03840371566,15.954672395842,2.135));
#5460 = SURFACE_CURVE('',#5461,(#5465,#5472),.PCURVE_S1.);
#5461 = LINE('',#5462,#5463);
#5462 = CARTESIAN_POINT('',(-26.50447753794,11.39776710134,2.135));
#5463 = VECTOR('',#5464,1.);
#5464 = DIRECTION('',(0.475947393037,0.879473751206,0.));
#5465 = PCURVE('',#5418,#5466);
#5466 = DEFINITIONAL_REPRESENTATION('',(#5467),#5471);
#5467 = LINE('',#5468,#5469);
#5468 = CARTESIAN_POINT('',(0.,-4.27));
#5469 = VECTOR('',#5470,1.);
#5470 = DIRECTION('',(1.,0.));
#5471 = ( GEOMETRIC_REPRESENTATION_CONTEXT(2) 
PARAMETRIC_REPRESENTATION_CONTEXT() REPRESENTATION_CONTEXT('2D SPACE',''
  ) );
#5472 = PCURVE('',#102,#5473);
#5473 = DEFINITIONAL_REPRESENTATION('',(#5474),#5478);
#5474 = LINE('',#5475,#5476);
#5475 = CARTESIAN_POINT('',(-26.50447753794,11.39776710134));
#5476 = VECTOR('',#5477,1.);
#5477 = DIRECTION('',(0.475947393037,0.879473751206));
#5478 = ( GEOMETRIC_REPRESENTATION_CONTEXT(2) 
PARAMETRIC_REPRESENTATION_CONTEXT() REPRESENTATION_CONTEXT('2D SPACE',''
  ) );
#5479 = ORIENTED_EDGE('',*,*,#5480,.F.);
#5480 = EDGE_CURVE('',#5434,#5458,#5481,.T.);
#5481 = SURFACE_CURVE('',#5482,(#5486,#5493),.PCURVE_S1.);
#5482 = LINE('',#5483,#5484);
#5483 = CARTESIAN_POINT('',(-24.03840371566,15.954672395842,-2.135));
#5484 = VECTOR('',#5485,1.);
#5485 = DIRECTION('',(0.,0.,1.));
#5486 = PCURVE('',#5418,#5487);
#5487 = DEFINITIONAL_REPRESENTATION('',(#5488),#5492);
#5488 = LINE('',#5489,#5490);
#5489 = CARTESIAN_POINT('',(5.1814,0.));
#5490 = VECTOR('',#5491,1.);
#5491 = DIRECTION('',(0.,-1.));
#5492 = ( GEOMETRIC_REPRESENTATION_CONTEXT(2) 
PARAMETRIC_REPRESENTATION_CONTEXT() REPRESENTATION_CONTEXT('2D SPACE',''
  ) );
#5493 = PCURVE('',#5494,#5499);
#5494 = PLANE('',#5495);
#5495 = AXIS2_PLACEMENT_3D('',#5496,#5497,#5498);
#5496 = CARTESIAN_POINT('',(-24.03840371566,15.954672395842,-2.135));
#5497 = DIRECTION('',(-0.705297425177,-0.708911519188,0.));
#5498 = DIRECTION('',(-0.708911519188,0.705297425177,0.));
#5499 = DEFINITIONAL_REPRESENTATION('',(#5500),#5504);
#5500 = LINE('',#5501,#5502);
#5501 = CARTESIAN_POINT('',(0.,0.));
#5502 = VECTOR('',#5503,1.);
#5503 = DIRECTION('',(0.,-1.));
#5504 = ( GEOMETRIC_REPRESENTATION_CONTEXT(2) 
PARAMETRIC_REPRESENTATION_CONTEXT() REPRESENTATION_CONTEXT('2D SPACE',''
  ) );
#5505 = ADVANCED_FACE('',(#5506),#5494,.T.);
#5506 = FACE_BOUND('',#5507,.T.);
#5507 = EDGE_LOOP('',(#5508,#5531,#5532,#5555));
#5508 = ORIENTED_EDGE('',*,*,#5509,.F.);
#5509 = EDGE_CURVE('',#5434,#5510,#5512,.T.);
#5510 = VERTEX_POINT('',#5511);
#5511 = CARTESIAN_POINT('',(-25.87611733859,17.78301719119,-2.135));
#5512 = SURFACE_CURVE('',#5513,(#5517,#5524),.PCURVE_S1.);
#5513 = LINE('',#5514,#5515);
#5514 = CARTESIAN_POINT('',(-24.03840371566,15.954672395842,-2.135));
#5515 = VECTOR('',#5516,1.);
#5516 = DIRECTION('',(-0.708911519188,0.705297425177,0.));
#5517 = PCURVE('',#5494,#5518);
#5518 = DEFINITIONAL_REPRESENTATION('',(#5519),#5523);
#5519 = LINE('',#5520,#5521);
#5520 = CARTESIAN_POINT('',(0.,0.));
#5521 = VECTOR('',#5522,1.);
#5522 = DIRECTION('',(1.,0.));
#5523 = ( GEOMETRIC_REPRESENTATION_CONTEXT(2) 
PARAMETRIC_REPRESENTATION_CONTEXT() REPRESENTATION_CONTEXT('2D SPACE',''
  ) );
#5524 = PCURVE('',#45,#5525);
#5525 = DEFINITIONAL_REPRESENTATION('',(#5526),#5530);
#5526 = LINE('',#5527,#5528);
#5527 = CARTESIAN_POINT('',(-24.03840371566,15.954672395842));
#5528 = VECTOR('',#5529,1.);
#5529 = DIRECTION('',(-0.708911519188,0.705297425177));
#5530 = ( GEOMETRIC_REPRESENTATION_CONTEXT(2) 
PARAMETRIC_REPRESENTATION_CONTEXT() REPRESENTATION_CONTEXT('2D SPACE',''
  ) );
#5531 = ORIENTED_EDGE('',*,*,#5480,.T.);
#5532 = ORIENTED_EDGE('',*,*,#5533,.T.);
#5533 = EDGE_CURVE('',#5458,#5534,#5536,.T.);
#5534 = VERTEX_POINT('',#5535);
#5535 = CARTESIAN_POINT('',(-25.87611733859,17.78301719119,2.135));
#5536 = SURFACE_CURVE('',#5537,(#5541,#5548),.PCURVE_S1.);
#5537 = LINE('',#5538,#5539);
#5538 = CARTESIAN_POINT('',(-24.03840371566,15.954672395842,2.135));
#5539 = VECTOR('',#5540,1.);
#5540 = DIRECTION('',(-0.708911519188,0.705297425177,0.));
#5541 = PCURVE('',#5494,#5542);
#5542 = DEFINITIONAL_REPRESENTATION('',(#5543),#5547);
#5543 = LINE('',#5544,#5545);
#5544 = CARTESIAN_POINT('',(0.,-4.27));
#5545 = VECTOR('',#5546,1.);
#5546 = DIRECTION('',(1.,0.));
#5547 = ( GEOMETRIC_REPRESENTATION_CONTEXT(2) 
PARAMETRIC_REPRESENTATION_CONTEXT() REPRESENTATION_CONTEXT('2D SPACE',''
  ) );
#5548 = PCURVE('',#102,#5549);
#5549 = DEFINITIONAL_REPRESENTATION('',(#5550),#5554);
#5550 = LINE('',#5551,#5552);
#5551 = CARTESIAN_POINT('',(-24.03840371566,15.954672395842));
#5552 = VECTOR('',#5553,1.);
#5553 = DIRECTION('',(-0.708911519188,0.705297425177));
#5554 = ( GEOMETRIC_REPRESENTATION_CONTEXT(2) 
PARAMETRIC_REPRESENTATION_CONTEXT() REPRESENTATION_CONTEXT('2D SPACE',''
  ) );
#5555 = ORIENTED_EDGE('',*,*,#5556,.T.);
#5556 = EDGE_CURVE('',#5534,#5510,#5557,.T.);
#5557 = SURFACE_CURVE('',#5558,(#5562,#5569),.PCURVE_S1.);
#5558 = LINE('',#5559,#5560);
#5559 = CARTESIAN_POINT('',(-25.87611733859,17.783017191189,-2.135));
#5560 = VECTOR('',#5561,1.);
#5561 = DIRECTION('',(-0.,-0.,-1.));
#5562 = PCURVE('',#5494,#5563);
#5563 = DEFINITIONAL_REPRESENTATION('',(#5564),#5568);
#5564 = LINE('',#5565,#5566);
#5565 = CARTESIAN_POINT('',(2.592303232764,0.));
#5566 = VECTOR('',#5567,1.);
#5567 = DIRECTION('',(0.,1.));
#5568 = ( GEOMETRIC_REPRESENTATION_CONTEXT(2) 
PARAMETRIC_REPRESENTATION_CONTEXT() REPRESENTATION_CONTEXT('2D SPACE',''
  ) );
#5569 = PCURVE('',#5570,#5575);
#5570 = CYLINDRICAL_SURFACE('',#5571,31.397597821218);
#5571 = AXIS2_PLACEMENT_3D('',#5572,#5573,#5574);
#5572 = CARTESIAN_POINT('',(0.,0.,-2.135));
#5573 = DIRECTION('',(-0.,-0.,-1.));
#5574 = DIRECTION('',(1.,0.,0.));
#5575 = DEFINITIONAL_REPRESENTATION('',(#5576),#5580);
#5576 = LINE('',#5577,#5578);
#5577 = CARTESIAN_POINT('',(-2.539484129812,0.));
#5578 = VECTOR('',#5579,1.);
#5579 = DIRECTION('',(-0.,1.));
#5580 = ( GEOMETRIC_REPRESENTATION_CONTEXT(2) 
PARAMETRIC_REPRESENTATION_CONTEXT() REPRESENTATION_CONTEXT('2D SPACE',''
  ) );
#5581 = ADVANCED_FACE('',(#5582),#5570,.T.);
#5582 = FACE_BOUND('',#5583,.F.);
#5583 = EDGE_LOOP('',(#5584,#5608,#5636,#5658));
#5584 = ORIENTED_EDGE('',*,*,#5585,.F.);
#5585 = EDGE_CURVE('',#5586,#5510,#5588,.T.);
#5586 = VERTEX_POINT('',#5587);
#5587 = CARTESIAN_POINT('',(-23.59107286452,20.718842391501,-2.135));
#5588 = SURFACE_CURVE('',#5589,(#5594,#5601),.PCURVE_S1.);
#5589 = CIRCLE('',#5590,31.397597821218);
#5590 = AXIS2_PLACEMENT_3D('',#5591,#5592,#5593);
#5591 = CARTESIAN_POINT('',(0.,0.,-2.135));
#5592 = DIRECTION('',(0.,0.,1.));
#5593 = DIRECTION('',(1.,0.,0.));
#5594 = PCURVE('',#5570,#5595);
#5595 = DEFINITIONAL_REPRESENTATION('',(#5596),#5600);
#5596 = LINE('',#5597,#5598);
#5597 = CARTESIAN_POINT('',(-0.,0.));
#5598 = VECTOR('',#5599,1.);
#5599 = DIRECTION('',(-1.,0.));
#5600 = ( GEOMETRIC_REPRESENTATION_CONTEXT(2) 
PARAMETRIC_REPRESENTATION_CONTEXT() REPRESENTATION_CONTEXT('2D SPACE',''
  ) );
#5601 = PCURVE('',#45,#5602);
#5602 = DEFINITIONAL_REPRESENTATION('',(#5603),#5607);
#5603 = CIRCLE('',#5604,31.397597821218);
#5604 = AXIS2_PLACEMENT_2D('',#5605,#5606);
#5605 = CARTESIAN_POINT('',(2.090514272322E-15,-2.899329622222E-15));
#5606 = DIRECTION('',(1.,0.));
#5607 = ( GEOMETRIC_REPRESENTATION_CONTEXT(2) 
PARAMETRIC_REPRESENTATION_CONTEXT() REPRESENTATION_CONTEXT('2D SPACE',''
  ) );
#5608 = ORIENTED_EDGE('',*,*,#5609,.F.);
#5609 = EDGE_CURVE('',#5610,#5586,#5612,.T.);
#5610 = VERTEX_POINT('',#5611);
#5611 = CARTESIAN_POINT('',(-23.59107286452,20.718842391501,2.135));
#5612 = SURFACE_CURVE('',#5613,(#5617,#5624),.PCURVE_S1.);
#5613 = LINE('',#5614,#5615);
#5614 = CARTESIAN_POINT('',(-23.59107286452,20.718842391501,-2.135));
#5615 = VECTOR('',#5616,1.);
#5616 = DIRECTION('',(-0.,-0.,-1.));
#5617 = PCURVE('',#5570,#5618);
#5618 = DEFINITIONAL_REPRESENTATION('',(#5619),#5623);
#5619 = LINE('',#5620,#5621);
#5620 = CARTESIAN_POINT('',(-2.420925323224,0.));
#5621 = VECTOR('',#5622,1.);
#5622 = DIRECTION('',(-0.,1.));
#5623 = ( GEOMETRIC_REPRESENTATION_CONTEXT(2) 
PARAMETRIC_REPRESENTATION_CONTEXT() REPRESENTATION_CONTEXT('2D SPACE',''
  ) );
#5624 = PCURVE('',#5625,#5630);
#5625 = PLANE('',#5626);
#5626 = AXIS2_PLACEMENT_3D('',#5627,#5628,#5629);
#5627 = CARTESIAN_POINT('',(-26.43168037079,22.421328924709,-2.135));
#5628 = DIRECTION('',(0.51407873323,0.857743001161,0.));
#5629 = DIRECTION('',(0.857743001161,-0.51407873323,0.));
#5630 = DEFINITIONAL_REPRESENTATION('',(#5631),#5635);
#5631 = LINE('',#5632,#5633);
#5632 = CARTESIAN_POINT('',(3.311723327887,0.));
#5633 = VECTOR('',#5634,1.);
#5634 = DIRECTION('',(0.,1.));
#5635 = ( GEOMETRIC_REPRESENTATION_CONTEXT(2) 
PARAMETRIC_REPRESENTATION_CONTEXT() REPRESENTATION_CONTEXT('2D SPACE',''
  ) );
#5636 = ORIENTED_EDGE('',*,*,#5637,.T.);
#5637 = EDGE_CURVE('',#5610,#5534,#5638,.T.);
#5638 = SURFACE_CURVE('',#5639,(#5644,#5651),.PCURVE_S1.);
#5639 = CIRCLE('',#5640,31.397597821218);
#5640 = AXIS2_PLACEMENT_3D('',#5641,#5642,#5643);
#5641 = CARTESIAN_POINT('',(0.,0.,2.135));
#5642 = DIRECTION('',(0.,0.,1.));
#5643 = DIRECTION('',(1.,0.,0.));
#5644 = PCURVE('',#5570,#5645);
#5645 = DEFINITIONAL_REPRESENTATION('',(#5646),#5650);
#5646 = LINE('',#5647,#5648);
#5647 = CARTESIAN_POINT('',(-0.,-4.27));
#5648 = VECTOR('',#5649,1.);
#5649 = DIRECTION('',(-1.,0.));
#5650 = ( GEOMETRIC_REPRESENTATION_CONTEXT(2) 
PARAMETRIC_REPRESENTATION_CONTEXT() REPRESENTATION_CONTEXT('2D SPACE',''
  ) );
#5651 = PCURVE('',#102,#5652);
#5652 = DEFINITIONAL_REPRESENTATION('',(#5653),#5657);
#5653 = CIRCLE('',#5654,31.397597821218);
#5654 = AXIS2_PLACEMENT_2D('',#5655,#5656);
#5655 = CARTESIAN_POINT('',(2.090514272322E-15,-2.899329622222E-15));
#5656 = DIRECTION('',(1.,0.));
#5657 = ( GEOMETRIC_REPRESENTATION_CONTEXT(2) 
PARAMETRIC_REPRESENTATION_CONTEXT() REPRESENTATION_CONTEXT('2D SPACE',''
  ) );
#5658 = ORIENTED_EDGE('',*,*,#5556,.T.);
#5659 = ADVANCED_FACE('',(#5660),#5625,.T.);
#5660 = FACE_BOUND('',#5661,.T.);
#5661 = EDGE_LOOP('',(#5662,#5685,#5686,#5709));
#5662 = ORIENTED_EDGE('',*,*,#5663,.F.);
#5663 = EDGE_CURVE('',#5586,#5664,#5666,.T.);
#5664 = VERTEX_POINT('',#5665);
#5665 = CARTESIAN_POINT('',(-21.36754290973,19.386194429454,-2.135));
#5666 = SURFACE_CURVE('',#5667,(#5671,#5678),.PCURVE_S1.);
#5667 = LINE('',#5668,#5669);
#5668 = CARTESIAN_POINT('',(-26.43168037079,22.421328924709,-2.135));
#5669 = VECTOR('',#5670,1.);
#5670 = DIRECTION('',(0.857743001161,-0.51407873323,0.));
#5671 = PCURVE('',#5625,#5672);
#5672 = DEFINITIONAL_REPRESENTATION('',(#5673),#5677);
#5673 = LINE('',#5674,#5675);
#5674 = CARTESIAN_POINT('',(0.,0.));
#5675 = VECTOR('',#5676,1.);
#5676 = DIRECTION('',(1.,0.));
#5677 = ( GEOMETRIC_REPRESENTATION_CONTEXT(2) 
PARAMETRIC_REPRESENTATION_CONTEXT() REPRESENTATION_CONTEXT('2D SPACE',''
  ) );
#5678 = PCURVE('',#45,#5679);
#5679 = DEFINITIONAL_REPRESENTATION('',(#5680),#5684);
#5680 = LINE('',#5681,#5682);
#5681 = CARTESIAN_POINT('',(-26.43168037079,22.421328924709));
#5682 = VECTOR('',#5683,1.);
#5683 = DIRECTION('',(0.857743001161,-0.51407873323));
#5684 = ( GEOMETRIC_REPRESENTATION_CONTEXT(2) 
PARAMETRIC_REPRESENTATION_CONTEXT() REPRESENTATION_CONTEXT('2D SPACE',''
  ) );
#5685 = ORIENTED_EDGE('',*,*,#5609,.F.);
#5686 = ORIENTED_EDGE('',*,*,#5687,.T.);
#5687 = EDGE_CURVE('',#5610,#5688,#5690,.T.);
#5688 = VERTEX_POINT('',#5689);
#5689 = CARTESIAN_POINT('',(-21.36754290973,19.386194429454,2.135));
#5690 = SURFACE_CURVE('',#5691,(#5695,#5702),.PCURVE_S1.);
#5691 = LINE('',#5692,#5693);
#5692 = CARTESIAN_POINT('',(-26.43168037079,22.421328924709,2.135));
#5693 = VECTOR('',#5694,1.);
#5694 = DIRECTION('',(0.857743001161,-0.51407873323,0.));
#5695 = PCURVE('',#5625,#5696);
#5696 = DEFINITIONAL_REPRESENTATION('',(#5697),#5701);
#5697 = LINE('',#5698,#5699);
#5698 = CARTESIAN_POINT('',(0.,-4.27));
#5699 = VECTOR('',#5700,1.);
#5700 = DIRECTION('',(1.,0.));
#5701 = ( GEOMETRIC_REPRESENTATION_CONTEXT(2) 
PARAMETRIC_REPRESENTATION_CONTEXT() REPRESENTATION_CONTEXT('2D SPACE',''
  ) );
#5702 = PCURVE('',#102,#5703);
#5703 = DEFINITIONAL_REPRESENTATION('',(#5704),#5708);
#5704 = LINE('',#5705,#5706);
#5705 = CARTESIAN_POINT('',(-26.43168037079,22.421328924709));
#5706 = VECTOR('',#5707,1.);
#5707 = DIRECTION('',(0.857743001161,-0.51407873323));
#5708 = ( GEOMETRIC_REPRESENTATION_CONTEXT(2) 
PARAMETRIC_REPRESENTATION_CONTEXT() REPRESENTATION_CONTEXT('2D SPACE',''
  ) );
#5709 = ORIENTED_EDGE('',*,*,#5710,.F.);
#5710 = EDGE_CURVE('',#5664,#5688,#5711,.T.);
#5711 = SURFACE_CURVE('',#5712,(#5716,#5723),.PCURVE_S1.);
#5712 = LINE('',#5713,#5714);
#5713 = CARTESIAN_POINT('',(-21.36754290973,19.386194429454,-2.135));
#5714 = VECTOR('',#5715,1.);
#5715 = DIRECTION('',(0.,0.,1.));
#5716 = PCURVE('',#5625,#5717);
#5717 = DEFINITIONAL_REPRESENTATION('',(#5718),#5722);
#5718 = LINE('',#5719,#5720);
#5719 = CARTESIAN_POINT('',(5.904026560651,0.));
#5720 = VECTOR('',#5721,1.);
#5721 = DIRECTION('',(0.,-1.));
#5722 = ( GEOMETRIC_REPRESENTATION_CONTEXT(2) 
PARAMETRIC_REPRESENTATION_CONTEXT() REPRESENTATION_CONTEXT('2D SPACE',''
  ) );
#5723 = PCURVE('',#5724,#5729);
#5724 = PLANE('',#5725);
#5725 = AXIS2_PLACEMENT_3D('',#5726,#5727,#5728);
#5726 = CARTESIAN_POINT('',(-21.36754290973,19.386194429454,-2.135));
#5727 = DIRECTION('',(-0.677281571626,0.735723910673,0.));
#5728 = DIRECTION('',(0.735723910673,0.677281571626,0.));
#5729 = DEFINITIONAL_REPRESENTATION('',(#5730),#5734);
#5730 = LINE('',#5731,#5732);
#5731 = CARTESIAN_POINT('',(0.,0.));
#5732 = VECTOR('',#5733,1.);
#5733 = DIRECTION('',(0.,-1.));
#5734 = ( GEOMETRIC_REPRESENTATION_CONTEXT(2) 
PARAMETRIC_REPRESENTATION_CONTEXT() REPRESENTATION_CONTEXT('2D SPACE',''
  ) );
#5735 = ADVANCED_FACE('',(#5736),#5724,.T.);
#5736 = FACE_BOUND('',#5737,.T.);
#5737 = EDGE_LOOP('',(#5738,#5761,#5762,#5785));
#5738 = ORIENTED_EDGE('',*,*,#5739,.F.);
#5739 = EDGE_CURVE('',#5664,#5740,#5742,.T.);
#5740 = VERTEX_POINT('',#5741);
#5741 = CARTESIAN_POINT('',(-21.36185469136,19.391430803343,-2.135));
#5742 = SURFACE_CURVE('',#5743,(#5747,#5754),.PCURVE_S1.);
#5743 = LINE('',#5744,#5745);
#5744 = CARTESIAN_POINT('',(-21.36754290973,19.386194429454,-2.135));
#5745 = VECTOR('',#5746,1.);
#5746 = DIRECTION('',(0.735723910673,0.677281571626,0.));
#5747 = PCURVE('',#5724,#5748);
#5748 = DEFINITIONAL_REPRESENTATION('',(#5749),#5753);
#5749 = LINE('',#5750,#5751);
#5750 = CARTESIAN_POINT('',(0.,0.));
#5751 = VECTOR('',#5752,1.);
#5752 = DIRECTION('',(1.,0.));
#5753 = ( GEOMETRIC_REPRESENTATION_CONTEXT(2) 
PARAMETRIC_REPRESENTATION_CONTEXT() REPRESENTATION_CONTEXT('2D SPACE',''
  ) );
#5754 = PCURVE('',#45,#5755);
#5755 = DEFINITIONAL_REPRESENTATION('',(#5756),#5760);
#5756 = LINE('',#5757,#5758);
#5757 = CARTESIAN_POINT('',(-21.36754290973,19.386194429454));
#5758 = VECTOR('',#5759,1.);
#5759 = DIRECTION('',(0.735723910673,0.677281571626));
#5760 = ( GEOMETRIC_REPRESENTATION_CONTEXT(2) 
PARAMETRIC_REPRESENTATION_CONTEXT() REPRESENTATION_CONTEXT('2D SPACE',''
  ) );
#5761 = ORIENTED_EDGE('',*,*,#5710,.T.);
#5762 = ORIENTED_EDGE('',*,*,#5763,.T.);
#5763 = EDGE_CURVE('',#5688,#5764,#5766,.T.);
#5764 = VERTEX_POINT('',#5765);
#5765 = CARTESIAN_POINT('',(-21.36185469136,19.391430803343,2.135));
#5766 = SURFACE_CURVE('',#5767,(#5771,#5778),.PCURVE_S1.);
#5767 = LINE('',#5768,#5769);
#5768 = CARTESIAN_POINT('',(-21.36754290973,19.386194429454,2.135));
#5769 = VECTOR('',#5770,1.);
#5770 = DIRECTION('',(0.735723910673,0.677281571626,0.));
#5771 = PCURVE('',#5724,#5772);
#5772 = DEFINITIONAL_REPRESENTATION('',(#5773),#5777);
#5773 = LINE('',#5774,#5775);
#5774 = CARTESIAN_POINT('',(0.,-4.27));
#5775 = VECTOR('',#5776,1.);
#5776 = DIRECTION('',(1.,0.));
#5777 = ( GEOMETRIC_REPRESENTATION_CONTEXT(2) 
PARAMETRIC_REPRESENTATION_CONTEXT() REPRESENTATION_CONTEXT('2D SPACE',''
  ) );
#5778 = PCURVE('',#102,#5779);
#5779 = DEFINITIONAL_REPRESENTATION('',(#5780),#5784);
#5780 = LINE('',#5781,#5782);
#5781 = CARTESIAN_POINT('',(-21.36754290973,19.386194429454));
#5782 = VECTOR('',#5783,1.);
#5783 = DIRECTION('',(0.735723910673,0.677281571626));
#5784 = ( GEOMETRIC_REPRESENTATION_CONTEXT(2) 
PARAMETRIC_REPRESENTATION_CONTEXT() REPRESENTATION_CONTEXT('2D SPACE',''
  ) );
#5785 = ORIENTED_EDGE('',*,*,#5786,.T.);
#5786 = EDGE_CURVE('',#5764,#5740,#5787,.T.);
#5787 = SURFACE_CURVE('',#5788,(#5792,#5799),.PCURVE_S1.);
#5788 = LINE('',#5789,#5790);
#5789 = CARTESIAN_POINT('',(-21.36185469136,19.391430803343,-2.135));
#5790 = VECTOR('',#5791,1.);
#5791 = DIRECTION('',(0.,0.,-1.));
#5792 = PCURVE('',#5724,#5793);
#5793 = DEFINITIONAL_REPRESENTATION('',(#5794),#5798);
#5794 = LINE('',#5795,#5796);
#5795 = CARTESIAN_POINT('',(7.731457798995E-03,0.));
#5796 = VECTOR('',#5797,1.);
#5797 = DIRECTION('',(0.,1.));
#5798 = ( GEOMETRIC_REPRESENTATION_CONTEXT(2) 
PARAMETRIC_REPRESENTATION_CONTEXT() REPRESENTATION_CONTEXT('2D SPACE',''
  ) );
#5799 = PCURVE('',#5800,#5805);
#5800 = CYLINDRICAL_SURFACE('',#5801,2.5907);
#5801 = AXIS2_PLACEMENT_3D('',#5802,#5803,#5804);
#5802 = CARTESIAN_POINT('',(-19.59695928867,21.287972579199,-2.135));
#5803 = DIRECTION('',(0.,0.,-1.));
#5804 = DIRECTION('',(-0.677281571626,0.735723910673,0.));
#5805 = DEFINITIONAL_REPRESENTATION('',(#5806),#5810);
#5806 = LINE('',#5807,#5808);
#5807 = CARTESIAN_POINT('',(-1.648072426672,0.));
#5808 = VECTOR('',#5809,1.);
#5809 = DIRECTION('',(-0.,1.));
#5810 = ( GEOMETRIC_REPRESENTATION_CONTEXT(2) 
PARAMETRIC_REPRESENTATION_CONTEXT() REPRESENTATION_CONTEXT('2D SPACE',''
  ) );
#5811 = ADVANCED_FACE('',(#5812),#5800,.F.);
#5812 = FACE_BOUND('',#5813,.T.);
#5813 = EDGE_LOOP('',(#5814,#5838,#5839,#5863));
#5814 = ORIENTED_EDGE('',*,*,#5815,.F.);
#5815 = EDGE_CURVE('',#5740,#5816,#5818,.T.);
#5816 = VERTEX_POINT('',#5817);
#5817 = CARTESIAN_POINT('',(-17.56115125733,22.890224790786,-2.135));
#5818 = SURFACE_CURVE('',#5819,(#5824,#5831),.PCURVE_S1.);
#5819 = CIRCLE('',#5820,2.5907);
#5820 = AXIS2_PLACEMENT_3D('',#5821,#5822,#5823);
#5821 = CARTESIAN_POINT('',(-19.59695928867,21.287972579199,-2.135));
#5822 = DIRECTION('',(0.,0.,1.));
#5823 = DIRECTION('',(-0.677281571626,0.735723910673,0.));
#5824 = PCURVE('',#5800,#5825);
#5825 = DEFINITIONAL_REPRESENTATION('',(#5826),#5830);
#5826 = LINE('',#5827,#5828);
#5827 = CARTESIAN_POINT('',(-0.,0.));
#5828 = VECTOR('',#5829,1.);
#5829 = DIRECTION('',(-1.,0.));
#5830 = ( GEOMETRIC_REPRESENTATION_CONTEXT(2) 
PARAMETRIC_REPRESENTATION_CONTEXT() REPRESENTATION_CONTEXT('2D SPACE',''
  ) );
#5831 = PCURVE('',#45,#5832);
#5832 = DEFINITIONAL_REPRESENTATION('',(#5833),#5837);
#5833 = CIRCLE('',#5834,2.5907);
#5834 = AXIS2_PLACEMENT_2D('',#5835,#5836);
#5835 = CARTESIAN_POINT('',(-19.59695928867,21.287972579199));
#5836 = DIRECTION('',(-0.677281571626,0.735723910673));
#5837 = ( GEOMETRIC_REPRESENTATION_CONTEXT(2) 
PARAMETRIC_REPRESENTATION_CONTEXT() REPRESENTATION_CONTEXT('2D SPACE',''
  ) );
#5838 = ORIENTED_EDGE('',*,*,#5786,.F.);
#5839 = ORIENTED_EDGE('',*,*,#5840,.T.);
#5840 = EDGE_CURVE('',#5764,#5841,#5843,.T.);
#5841 = VERTEX_POINT('',#5842);
#5842 = CARTESIAN_POINT('',(-17.56115125733,22.890224790786,2.135));
#5843 = SURFACE_CURVE('',#5844,(#5849,#5856),.PCURVE_S1.);
#5844 = CIRCLE('',#5845,2.5907);
#5845 = AXIS2_PLACEMENT_3D('',#5846,#5847,#5848);
#5846 = CARTESIAN_POINT('',(-19.59695928867,21.287972579199,2.135));
#5847 = DIRECTION('',(0.,0.,1.));
#5848 = DIRECTION('',(-0.677281571626,0.735723910673,0.));
#5849 = PCURVE('',#5800,#5850);
#5850 = DEFINITIONAL_REPRESENTATION('',(#5851),#5855);
#5851 = LINE('',#5852,#5853);
#5852 = CARTESIAN_POINT('',(-0.,-4.27));
#5853 = VECTOR('',#5854,1.);
#5854 = DIRECTION('',(-1.,0.));
#5855 = ( GEOMETRIC_REPRESENTATION_CONTEXT(2) 
PARAMETRIC_REPRESENTATION_CONTEXT() REPRESENTATION_CONTEXT('2D SPACE',''
  ) );
#5856 = PCURVE('',#102,#5857);
#5857 = DEFINITIONAL_REPRESENTATION('',(#5858),#5862);
#5858 = CIRCLE('',#5859,2.5907);
#5859 = AXIS2_PLACEMENT_2D('',#5860,#5861);
#5860 = CARTESIAN_POINT('',(-19.59695928867,21.287972579199));
#5861 = DIRECTION('',(-0.677281571626,0.735723910673));
#5862 = ( GEOMETRIC_REPRESENTATION_CONTEXT(2) 
PARAMETRIC_REPRESENTATION_CONTEXT() REPRESENTATION_CONTEXT('2D SPACE',''
  ) );
#5863 = ORIENTED_EDGE('',*,*,#5864,.T.);
#5864 = EDGE_CURVE('',#5841,#5816,#5865,.T.);
#5865 = SURFACE_CURVE('',#5866,(#5870,#5877),.PCURVE_S1.);
#5866 = LINE('',#5867,#5868);
#5867 = CARTESIAN_POINT('',(-17.56115125733,22.890224790786,-2.135));
#5868 = VECTOR('',#5869,1.);
#5869 = DIRECTION('',(0.,0.,-1.));
#5870 = PCURVE('',#5800,#5871);
#5871 = DEFINITIONAL_REPRESENTATION('',(#5872),#5876);
#5872 = LINE('',#5873,#5874);
#5873 = CARTESIAN_POINT('',(-4.635112880507,0.));
#5874 = VECTOR('',#5875,1.);
#5875 = DIRECTION('',(-0.,1.));
#5876 = ( GEOMETRIC_REPRESENTATION_CONTEXT(2) 
PARAMETRIC_REPRESENTATION_CONTEXT() REPRESENTATION_CONTEXT('2D SPACE',''
  ) );
#5877 = PCURVE('',#5878,#5883);
#5878 = PLANE('',#5879);
#5879 = AXIS2_PLACEMENT_3D('',#5880,#5881,#5882);
#5880 = CARTESIAN_POINT('',(-21.36754290973,19.386194429454,-2.135));
#5881 = DIRECTION('',(-0.677281571626,0.735723910673,0.));
#5882 = DIRECTION('',(0.735723910673,0.677281571626,0.));
#5883 = DEFINITIONAL_REPRESENTATION('',(#5884),#5888);
#5884 = LINE('',#5885,#5886);
#5885 = CARTESIAN_POINT('',(5.173668542201,0.));
#5886 = VECTOR('',#5887,1.);
#5887 = DIRECTION('',(0.,1.));
#5888 = ( GEOMETRIC_REPRESENTATION_CONTEXT(2) 
PARAMETRIC_REPRESENTATION_CONTEXT() REPRESENTATION_CONTEXT('2D SPACE',''
  ) );
#5889 = ADVANCED_FACE('',(#5890),#5878,.T.);
#5890 = FACE_BOUND('',#5891,.T.);
#5891 = EDGE_LOOP('',(#5892,#5915,#5916,#5939));
#5892 = ORIENTED_EDGE('',*,*,#5893,.F.);
#5893 = EDGE_CURVE('',#5816,#5894,#5896,.T.);
#5894 = VERTEX_POINT('',#5895);
#5895 = CARTESIAN_POINT('',(-17.55546303896,22.895461164675,-2.135));
#5896 = SURFACE_CURVE('',#5897,(#5901,#5908),.PCURVE_S1.);
#5897 = LINE('',#5898,#5899);
#5898 = CARTESIAN_POINT('',(-21.36754290973,19.386194429454,-2.135));
#5899 = VECTOR('',#5900,1.);
#5900 = DIRECTION('',(0.735723910673,0.677281571626,0.));
#5901 = PCURVE('',#5878,#5902);
#5902 = DEFINITIONAL_REPRESENTATION('',(#5903),#5907);
#5903 = LINE('',#5904,#5905);
#5904 = CARTESIAN_POINT('',(0.,0.));
#5905 = VECTOR('',#5906,1.);
#5906 = DIRECTION('',(1.,0.));
#5907 = ( GEOMETRIC_REPRESENTATION_CONTEXT(2) 
PARAMETRIC_REPRESENTATION_CONTEXT() REPRESENTATION_CONTEXT('2D SPACE',''
  ) );
#5908 = PCURVE('',#45,#5909);
#5909 = DEFINITIONAL_REPRESENTATION('',(#5910),#5914);
#5910 = LINE('',#5911,#5912);
#5911 = CARTESIAN_POINT('',(-21.36754290973,19.386194429454));
#5912 = VECTOR('',#5913,1.);
#5913 = DIRECTION('',(0.735723910673,0.677281571626));
#5914 = ( GEOMETRIC_REPRESENTATION_CONTEXT(2) 
PARAMETRIC_REPRESENTATION_CONTEXT() REPRESENTATION_CONTEXT('2D SPACE',''
  ) );
#5915 = ORIENTED_EDGE('',*,*,#5864,.F.);
#5916 = ORIENTED_EDGE('',*,*,#5917,.T.);
#5917 = EDGE_CURVE('',#5841,#5918,#5920,.T.);
#5918 = VERTEX_POINT('',#5919);
#5919 = CARTESIAN_POINT('',(-17.55546303896,22.895461164675,2.135));
#5920 = SURFACE_CURVE('',#5921,(#5925,#5932),.PCURVE_S1.);
#5921 = LINE('',#5922,#5923);
#5922 = CARTESIAN_POINT('',(-21.36754290973,19.386194429454,2.135));
#5923 = VECTOR('',#5924,1.);
#5924 = DIRECTION('',(0.735723910673,0.677281571626,0.));
#5925 = PCURVE('',#5878,#5926);
#5926 = DEFINITIONAL_REPRESENTATION('',(#5927),#5931);
#5927 = LINE('',#5928,#5929);
#5928 = CARTESIAN_POINT('',(0.,-4.27));
#5929 = VECTOR('',#5930,1.);
#5930 = DIRECTION('',(1.,0.));
#5931 = ( GEOMETRIC_REPRESENTATION_CONTEXT(2) 
PARAMETRIC_REPRESENTATION_CONTEXT() REPRESENTATION_CONTEXT('2D SPACE',''
  ) );
#5932 = PCURVE('',#102,#5933);
#5933 = DEFINITIONAL_REPRESENTATION('',(#5934),#5938);
#5934 = LINE('',#5935,#5936);
#5935 = CARTESIAN_POINT('',(-21.36754290973,19.386194429454));
#5936 = VECTOR('',#5937,1.);
#5937 = DIRECTION('',(0.735723910673,0.677281571626));
#5938 = ( GEOMETRIC_REPRESENTATION_CONTEXT(2) 
PARAMETRIC_REPRESENTATION_CONTEXT() REPRESENTATION_CONTEXT('2D SPACE',''
  ) );
#5939 = ORIENTED_EDGE('',*,*,#5940,.F.);
#5940 = EDGE_CURVE('',#5894,#5918,#5941,.T.);
#5941 = SURFACE_CURVE('',#5942,(#5946,#5953),.PCURVE_S1.);
#5942 = LINE('',#5943,#5944);
#5943 = CARTESIAN_POINT('',(-17.55546303896,22.895461164675,-2.135));
#5944 = VECTOR('',#5945,1.);
#5945 = DIRECTION('',(0.,0.,1.));
#5946 = PCURVE('',#5878,#5947);
#5947 = DEFINITIONAL_REPRESENTATION('',(#5948),#5952);
#5948 = LINE('',#5949,#5950);
#5949 = CARTESIAN_POINT('',(5.1814,0.));
#5950 = VECTOR('',#5951,1.);
#5951 = DIRECTION('',(0.,-1.));
#5952 = ( GEOMETRIC_REPRESENTATION_CONTEXT(2) 
PARAMETRIC_REPRESENTATION_CONTEXT() REPRESENTATION_CONTEXT('2D SPACE',''
  ) );
#5953 = PCURVE('',#5954,#5959);
#5954 = PLANE('',#5955);
#5955 = AXIS2_PLACEMENT_3D('',#5956,#5957,#5958);
#5956 = CARTESIAN_POINT('',(-17.55546303896,22.895461164675,-2.135));
#5957 = DIRECTION('',(-0.897265659253,-0.441491038102,0.));
#5958 = DIRECTION('',(-0.441491038102,0.897265659253,0.));
#5959 = DEFINITIONAL_REPRESENTATION('',(#5960),#5964);
#5960 = LINE('',#5961,#5962);
#5961 = CARTESIAN_POINT('',(0.,0.));
#5962 = VECTOR('',#5963,1.);
#5963 = DIRECTION('',(0.,-1.));
#5964 = ( GEOMETRIC_REPRESENTATION_CONTEXT(2) 
PARAMETRIC_REPRESENTATION_CONTEXT() REPRESENTATION_CONTEXT('2D SPACE',''
  ) );
#5965 = ADVANCED_FACE('',(#5966),#5954,.T.);
#5966 = FACE_BOUND('',#5967,.T.);
#5967 = EDGE_LOOP('',(#5968,#5991,#5992,#6015));
#5968 = ORIENTED_EDGE('',*,*,#5969,.F.);
#5969 = EDGE_CURVE('',#5894,#5970,#5972,.T.);
#5970 = VERTEX_POINT('',#5971);
#5971 = CARTESIAN_POINT('',(-18.69994168427,25.221445833806,-2.135));
#5972 = SURFACE_CURVE('',#5973,(#5977,#5984),.PCURVE_S1.);
#5973 = LINE('',#5974,#5975);
#5974 = CARTESIAN_POINT('',(-17.55546303896,22.895461164675,-2.135));
#5975 = VECTOR('',#5976,1.);
#5976 = DIRECTION('',(-0.441491038102,0.897265659253,0.));
#5977 = PCURVE('',#5954,#5978);
#5978 = DEFINITIONAL_REPRESENTATION('',(#5979),#5983);
#5979 = LINE('',#5980,#5981);
#5980 = CARTESIAN_POINT('',(0.,0.));
#5981 = VECTOR('',#5982,1.);
#5982 = DIRECTION('',(1.,0.));
#5983 = ( GEOMETRIC_REPRESENTATION_CONTEXT(2) 
PARAMETRIC_REPRESENTATION_CONTEXT() REPRESENTATION_CONTEXT('2D SPACE',''
  ) );
#5984 = PCURVE('',#45,#5985);
#5985 = DEFINITIONAL_REPRESENTATION('',(#5986),#5990);
#5986 = LINE('',#5987,#5988);
#5987 = CARTESIAN_POINT('',(-17.55546303896,22.895461164675));
#5988 = VECTOR('',#5989,1.);
#5989 = DIRECTION('',(-0.441491038102,0.897265659253));
#5990 = ( GEOMETRIC_REPRESENTATION_CONTEXT(2) 
PARAMETRIC_REPRESENTATION_CONTEXT() REPRESENTATION_CONTEXT('2D SPACE',''
  ) );
#5991 = ORIENTED_EDGE('',*,*,#5940,.T.);
#5992 = ORIENTED_EDGE('',*,*,#5993,.T.);
#5993 = EDGE_CURVE('',#5918,#5994,#5996,.T.);
#5994 = VERTEX_POINT('',#5995);
#5995 = CARTESIAN_POINT('',(-18.69994168427,25.221445833806,2.135));
#5996 = SURFACE_CURVE('',#5997,(#6001,#6008),.PCURVE_S1.);
#5997 = LINE('',#5998,#5999);
#5998 = CARTESIAN_POINT('',(-17.55546303896,22.895461164675,2.135));
#5999 = VECTOR('',#6000,1.);
#6000 = DIRECTION('',(-0.441491038102,0.897265659253,0.));
#6001 = PCURVE('',#5954,#6002);
#6002 = DEFINITIONAL_REPRESENTATION('',(#6003),#6007);
#6003 = LINE('',#6004,#6005);
#6004 = CARTESIAN_POINT('',(0.,-4.27));
#6005 = VECTOR('',#6006,1.);
#6006 = DIRECTION('',(1.,0.));
#6007 = ( GEOMETRIC_REPRESENTATION_CONTEXT(2) 
PARAMETRIC_REPRESENTATION_CONTEXT() REPRESENTATION_CONTEXT('2D SPACE',''
  ) );
#6008 = PCURVE('',#102,#6009);
#6009 = DEFINITIONAL_REPRESENTATION('',(#6010),#6014);
#6010 = LINE('',#6011,#6012);
#6011 = CARTESIAN_POINT('',(-17.55546303896,22.895461164675));
#6012 = VECTOR('',#6013,1.);
#6013 = DIRECTION('',(-0.441491038102,0.897265659253));
#6014 = ( GEOMETRIC_REPRESENTATION_CONTEXT(2) 
PARAMETRIC_REPRESENTATION_CONTEXT() REPRESENTATION_CONTEXT('2D SPACE',''
  ) );
#6015 = ORIENTED_EDGE('',*,*,#6016,.T.);
#6016 = EDGE_CURVE('',#5994,#5970,#6017,.T.);
#6017 = SURFACE_CURVE('',#6018,(#6022,#6029),.PCURVE_S1.);
#6018 = LINE('',#6019,#6020);
#6019 = CARTESIAN_POINT('',(-18.69994168427,25.221445833806,-2.135));
#6020 = VECTOR('',#6021,1.);
#6021 = DIRECTION('',(-0.,-0.,-1.));
#6022 = PCURVE('',#5954,#6023);
#6023 = DEFINITIONAL_REPRESENTATION('',(#6024),#6028);
#6024 = LINE('',#6025,#6026);
#6025 = CARTESIAN_POINT('',(2.592303232764,0.));
#6026 = VECTOR('',#6027,1.);
#6027 = DIRECTION('',(0.,1.));
#6028 = ( GEOMETRIC_REPRESENTATION_CONTEXT(2) 
PARAMETRIC_REPRESENTATION_CONTEXT() REPRESENTATION_CONTEXT('2D SPACE',''
  ) );
#6029 = PCURVE('',#6030,#6035);
#6030 = CYLINDRICAL_SURFACE('',#6031,31.397597821218);
#6031 = AXIS2_PLACEMENT_3D('',#6032,#6033,#6034);
#6032 = CARTESIAN_POINT('',(0.,0.,-2.135));
#6033 = DIRECTION('',(-0.,-0.,-1.));
#6034 = DIRECTION('',(1.,0.,0.));
#6035 = DEFINITIONAL_REPRESENTATION('',(#6036),#6040);
#6036 = LINE('',#6037,#6038);
#6037 = CARTESIAN_POINT('',(-2.208790166276,0.));
#6038 = VECTOR('',#6039,1.);
#6039 = DIRECTION('',(-0.,1.));
#6040 = ( GEOMETRIC_REPRESENTATION_CONTEXT(2) 
PARAMETRIC_REPRESENTATION_CONTEXT() REPRESENTATION_CONTEXT('2D SPACE',''
  ) );
#6041 = ADVANCED_FACE('',(#6042),#6030,.T.);
#6042 = FACE_BOUND('',#6043,.F.);
#6043 = EDGE_LOOP('',(#6044,#6068,#6096,#6118));
#6044 = ORIENTED_EDGE('',*,*,#6045,.F.);
#6045 = EDGE_CURVE('',#6046,#5970,#6048,.T.);
#6046 = VERTEX_POINT('',#6047);
#6047 = CARTESIAN_POINT('',(-15.58544633842,27.256247199038,-2.135));
#6048 = SURFACE_CURVE('',#6049,(#6054,#6061),.PCURVE_S1.);
#6049 = CIRCLE('',#6050,31.397597821218);
#6050 = AXIS2_PLACEMENT_3D('',#6051,#6052,#6053);
#6051 = CARTESIAN_POINT('',(0.,0.,-2.135));
#6052 = DIRECTION('',(0.,0.,1.));
#6053 = DIRECTION('',(1.,0.,0.));
#6054 = PCURVE('',#6030,#6055);
#6055 = DEFINITIONAL_REPRESENTATION('',(#6056),#6060);
#6056 = LINE('',#6057,#6058);
#6057 = CARTESIAN_POINT('',(-0.,0.));
#6058 = VECTOR('',#6059,1.);
#6059 = DIRECTION('',(-1.,0.));
#6060 = ( GEOMETRIC_REPRESENTATION_CONTEXT(2) 
PARAMETRIC_REPRESENTATION_CONTEXT() REPRESENTATION_CONTEXT('2D SPACE',''
  ) );
#6061 = PCURVE('',#45,#6062);
#6062 = DEFINITIONAL_REPRESENTATION('',(#6063),#6067);
#6063 = CIRCLE('',#6064,31.397597821218);
#6064 = AXIS2_PLACEMENT_2D('',#6065,#6066);
#6065 = CARTESIAN_POINT('',(2.090514272322E-15,-2.899329622222E-15));
#6066 = DIRECTION('',(1.,0.));
#6067 = ( GEOMETRIC_REPRESENTATION_CONTEXT(2) 
PARAMETRIC_REPRESENTATION_CONTEXT() REPRESENTATION_CONTEXT('2D SPACE',''
  ) );
#6068 = ORIENTED_EDGE('',*,*,#6069,.F.);
#6069 = EDGE_CURVE('',#6070,#6046,#6072,.T.);
#6070 = VERTEX_POINT('',#6071);
#6071 = CARTESIAN_POINT('',(-15.58544633842,27.256247199038,2.135));
#6072 = SURFACE_CURVE('',#6073,(#6077,#6084),.PCURVE_S1.);
#6073 = LINE('',#6074,#6075);
#6074 = CARTESIAN_POINT('',(-15.58544633842,27.256247199038,-2.135));
#6075 = VECTOR('',#6076,1.);
#6076 = DIRECTION('',(-0.,-0.,-1.));
#6077 = PCURVE('',#6030,#6078);
#6078 = DEFINITIONAL_REPRESENTATION('',(#6079),#6083);
#6079 = LINE('',#6080,#6081);
#6080 = CARTESIAN_POINT('',(-2.090231359689,0.));
#6081 = VECTOR('',#6082,1.);
#6082 = DIRECTION('',(-0.,1.));
#6083 = ( GEOMETRIC_REPRESENTATION_CONTEXT(2) 
PARAMETRIC_REPRESENTATION_CONTEXT() REPRESENTATION_CONTEXT('2D SPACE',''
  ) );
#6084 = PCURVE('',#6085,#6090);
#6085 = PLANE('',#6086);
#6086 = AXIS2_PLACEMENT_3D('',#6087,#6088,#6089);
#6087 = CARTESIAN_POINT('',(-17.7193454211,29.788832065417,-2.135));
#6088 = DIRECTION('',(0.764733226672,0.644347027637,0.));
#6089 = DIRECTION('',(0.644347027637,-0.764733226672,0.));
#6090 = DEFINITIONAL_REPRESENTATION('',(#6091),#6095);
#6091 = LINE('',#6092,#6093);
#6092 = CARTESIAN_POINT('',(3.311723327887,0.));
#6093 = VECTOR('',#6094,1.);
#6094 = DIRECTION('',(0.,1.));
#6095 = ( GEOMETRIC_REPRESENTATION_CONTEXT(2) 
PARAMETRIC_REPRESENTATION_CONTEXT() REPRESENTATION_CONTEXT('2D SPACE',''
  ) );
#6096 = ORIENTED_EDGE('',*,*,#6097,.T.);
#6097 = EDGE_CURVE('',#6070,#5994,#6098,.T.);
#6098 = SURFACE_CURVE('',#6099,(#6104,#6111),.PCURVE_S1.);
#6099 = CIRCLE('',#6100,31.397597821218);
#6100 = AXIS2_PLACEMENT_3D('',#6101,#6102,#6103);
#6101 = CARTESIAN_POINT('',(0.,0.,2.135));
#6102 = DIRECTION('',(0.,0.,1.));
#6103 = DIRECTION('',(1.,0.,0.));
#6104 = PCURVE('',#6030,#6105);
#6105 = DEFINITIONAL_REPRESENTATION('',(#6106),#6110);
#6106 = LINE('',#6107,#6108);
#6107 = CARTESIAN_POINT('',(-0.,-4.27));
#6108 = VECTOR('',#6109,1.);
#6109 = DIRECTION('',(-1.,0.));
#6110 = ( GEOMETRIC_REPRESENTATION_CONTEXT(2) 
PARAMETRIC_REPRESENTATION_CONTEXT() REPRESENTATION_CONTEXT('2D SPACE',''
  ) );
#6111 = PCURVE('',#102,#6112);
#6112 = DEFINITIONAL_REPRESENTATION('',(#6113),#6117);
#6113 = CIRCLE('',#6114,31.397597821218);
#6114 = AXIS2_PLACEMENT_2D('',#6115,#6116);
#6115 = CARTESIAN_POINT('',(2.090514272322E-15,-2.899329622222E-15));
#6116 = DIRECTION('',(1.,0.));
#6117 = ( GEOMETRIC_REPRESENTATION_CONTEXT(2) 
PARAMETRIC_REPRESENTATION_CONTEXT() REPRESENTATION_CONTEXT('2D SPACE',''
  ) );
#6118 = ORIENTED_EDGE('',*,*,#6016,.T.);
#6119 = ADVANCED_FACE('',(#6120),#6085,.T.);
#6120 = FACE_BOUND('',#6121,.T.);
#6121 = EDGE_LOOP('',(#6122,#6145,#6146,#6169));
#6122 = ORIENTED_EDGE('',*,*,#6123,.F.);
#6123 = EDGE_CURVE('',#6046,#6124,#6126,.T.);
#6124 = VERTEX_POINT('',#6125);
#6125 = CARTESIAN_POINT('',(-13.91510345565,25.273826783336,-2.135));
#6126 = SURFACE_CURVE('',#6127,(#6131,#6138),.PCURVE_S1.);
#6127 = LINE('',#6128,#6129);
#6128 = CARTESIAN_POINT('',(-17.7193454211,29.788832065417,-2.135));
#6129 = VECTOR('',#6130,1.);
#6130 = DIRECTION('',(0.644347027637,-0.764733226672,0.));
#6131 = PCURVE('',#6085,#6132);
#6132 = DEFINITIONAL_REPRESENTATION('',(#6133),#6137);
#6133 = LINE('',#6134,#6135);
#6134 = CARTESIAN_POINT('',(0.,0.));
#6135 = VECTOR('',#6136,1.);
#6136 = DIRECTION('',(1.,0.));
#6137 = ( GEOMETRIC_REPRESENTATION_CONTEXT(2) 
PARAMETRIC_REPRESENTATION_CONTEXT() REPRESENTATION_CONTEXT('2D SPACE',''
  ) );
#6138 = PCURVE('',#45,#6139);
#6139 = DEFINITIONAL_REPRESENTATION('',(#6140),#6144);
#6140 = LINE('',#6141,#6142);
#6141 = CARTESIAN_POINT('',(-17.7193454211,29.788832065417));
#6142 = VECTOR('',#6143,1.);
#6143 = DIRECTION('',(0.644347027637,-0.764733226672));
#6144 = ( GEOMETRIC_REPRESENTATION_CONTEXT(2) 
PARAMETRIC_REPRESENTATION_CONTEXT() REPRESENTATION_CONTEXT('2D SPACE',''
  ) );
#6145 = ORIENTED_EDGE('',*,*,#6069,.F.);
#6146 = ORIENTED_EDGE('',*,*,#6147,.T.);
#6147 = EDGE_CURVE('',#6070,#6148,#6150,.T.);
#6148 = VERTEX_POINT('',#6149);
#6149 = CARTESIAN_POINT('',(-13.91510345565,25.273826783336,2.135));
#6150 = SURFACE_CURVE('',#6151,(#6155,#6162),.PCURVE_S1.);
#6151 = LINE('',#6152,#6153);
#6152 = CARTESIAN_POINT('',(-17.7193454211,29.788832065417,2.135));
#6153 = VECTOR('',#6154,1.);
#6154 = DIRECTION('',(0.644347027637,-0.764733226672,0.));
#6155 = PCURVE('',#6085,#6156);
#6156 = DEFINITIONAL_REPRESENTATION('',(#6157),#6161);
#6157 = LINE('',#6158,#6159);
#6158 = CARTESIAN_POINT('',(0.,-4.27));
#6159 = VECTOR('',#6160,1.);
#6160 = DIRECTION('',(1.,0.));
#6161 = ( GEOMETRIC_REPRESENTATION_CONTEXT(2) 
PARAMETRIC_REPRESENTATION_CONTEXT() REPRESENTATION_CONTEXT('2D SPACE',''
  ) );
#6162 = PCURVE('',#102,#6163);
#6163 = DEFINITIONAL_REPRESENTATION('',(#6164),#6168);
#6164 = LINE('',#6165,#6166);
#6165 = CARTESIAN_POINT('',(-17.7193454211,29.788832065417));
#6166 = VECTOR('',#6167,1.);
#6167 = DIRECTION('',(0.644347027637,-0.764733226672));
#6168 = ( GEOMETRIC_REPRESENTATION_CONTEXT(2) 
PARAMETRIC_REPRESENTATION_CONTEXT() REPRESENTATION_CONTEXT('2D SPACE',''
  ) );
#6169 = ORIENTED_EDGE('',*,*,#6170,.F.);
#6170 = EDGE_CURVE('',#6124,#6148,#6171,.T.);
#6171 = SURFACE_CURVE('',#6172,(#6176,#6183),.PCURVE_S1.);
#6172 = LINE('',#6173,#6174);
#6173 = CARTESIAN_POINT('',(-13.91510345565,25.273826783336,-2.135));
#6174 = VECTOR('',#6175,1.);
#6175 = DIRECTION('',(0.,0.,1.));
#6176 = PCURVE('',#6085,#6177);
#6177 = DEFINITIONAL_REPRESENTATION('',(#6178),#6182);
#6178 = LINE('',#6179,#6180);
#6179 = CARTESIAN_POINT('',(5.904026560651,0.));
#6180 = VECTOR('',#6181,1.);
#6181 = DIRECTION('',(0.,-1.));
#6182 = ( GEOMETRIC_REPRESENTATION_CONTEXT(2) 
PARAMETRIC_REPRESENTATION_CONTEXT() REPRESENTATION_CONTEXT('2D SPACE',''
  ) );
#6183 = PCURVE('',#6184,#6189);
#6184 = PLANE('',#6185);
#6185 = AXIS2_PLACEMENT_3D('',#6186,#6187,#6188);
#6186 = CARTESIAN_POINT('',(-13.91510345565,25.273826783336,-2.135));
#6187 = DIRECTION('',(-0.401695424653,0.915773326655,0.));
#6188 = DIRECTION('',(0.915773326655,0.401695424653,0.));
#6189 = DEFINITIONAL_REPRESENTATION('',(#6190),#6194);
#6190 = LINE('',#6191,#6192);
#6191 = CARTESIAN_POINT('',(0.,0.));
#6192 = VECTOR('',#6193,1.);
#6193 = DIRECTION('',(0.,-1.));
#6194 = ( GEOMETRIC_REPRESENTATION_CONTEXT(2) 
PARAMETRIC_REPRESENTATION_CONTEXT() REPRESENTATION_CONTEXT('2D SPACE',''
  ) );
#6195 = ADVANCED_FACE('',(#6196),#6184,.T.);
#6196 = FACE_BOUND('',#6197,.T.);
#6197 = EDGE_LOOP('',(#6198,#6221,#6222,#6245));
#6198 = ORIENTED_EDGE('',*,*,#6199,.F.);
#6199 = EDGE_CURVE('',#6124,#6200,#6202,.T.);
#6200 = VERTEX_POINT('',#6201);
#6201 = CARTESIAN_POINT('',(-13.90802319283,25.27693247456,-2.135));
#6202 = SURFACE_CURVE('',#6203,(#6207,#6214),.PCURVE_S1.);
#6203 = LINE('',#6204,#6205);
#6204 = CARTESIAN_POINT('',(-13.91510345565,25.273826783336,-2.135));
#6205 = VECTOR('',#6206,1.);
#6206 = DIRECTION('',(0.915773326655,0.401695424653,0.));
#6207 = PCURVE('',#6184,#6208);
#6208 = DEFINITIONAL_REPRESENTATION('',(#6209),#6213);
#6209 = LINE('',#6210,#6211);
#6210 = CARTESIAN_POINT('',(0.,0.));
#6211 = VECTOR('',#6212,1.);
#6212 = DIRECTION('',(1.,0.));
#6213 = ( GEOMETRIC_REPRESENTATION_CONTEXT(2) 
PARAMETRIC_REPRESENTATION_CONTEXT() REPRESENTATION_CONTEXT('2D SPACE',''
  ) );
#6214 = PCURVE('',#45,#6215);
#6215 = DEFINITIONAL_REPRESENTATION('',(#6216),#6220);
#6216 = LINE('',#6217,#6218);
#6217 = CARTESIAN_POINT('',(-13.91510345565,25.273826783336));
#6218 = VECTOR('',#6219,1.);
#6219 = DIRECTION('',(0.915773326655,0.401695424653));
#6220 = ( GEOMETRIC_REPRESENTATION_CONTEXT(2) 
PARAMETRIC_REPRESENTATION_CONTEXT() REPRESENTATION_CONTEXT('2D SPACE',''
  ) );
#6221 = ORIENTED_EDGE('',*,*,#6170,.T.);
#6222 = ORIENTED_EDGE('',*,*,#6223,.T.);
#6223 = EDGE_CURVE('',#6148,#6224,#6226,.T.);
#6224 = VERTEX_POINT('',#6225);
#6225 = CARTESIAN_POINT('',(-13.90802319283,25.27693247456,2.135));
#6226 = SURFACE_CURVE('',#6227,(#6231,#6238),.PCURVE_S1.);
#6227 = LINE('',#6228,#6229);
#6228 = CARTESIAN_POINT('',(-13.91510345565,25.273826783336,2.135));
#6229 = VECTOR('',#6230,1.);
#6230 = DIRECTION('',(0.915773326655,0.401695424653,0.));
#6231 = PCURVE('',#6184,#6232);
#6232 = DEFINITIONAL_REPRESENTATION('',(#6233),#6237);
#6233 = LINE('',#6234,#6235);
#6234 = CARTESIAN_POINT('',(0.,-4.27));
#6235 = VECTOR('',#6236,1.);
#6236 = DIRECTION('',(1.,0.));
#6237 = ( GEOMETRIC_REPRESENTATION_CONTEXT(2) 
PARAMETRIC_REPRESENTATION_CONTEXT() REPRESENTATION_CONTEXT('2D SPACE',''
  ) );
#6238 = PCURVE('',#102,#6239);
#6239 = DEFINITIONAL_REPRESENTATION('',(#6240),#6244);
#6240 = LINE('',#6241,#6242);
#6241 = CARTESIAN_POINT('',(-13.91510345565,25.273826783336));
#6242 = VECTOR('',#6243,1.);
#6243 = DIRECTION('',(0.915773326655,0.401695424653));
#6244 = ( GEOMETRIC_REPRESENTATION_CONTEXT(2) 
PARAMETRIC_REPRESENTATION_CONTEXT() REPRESENTATION_CONTEXT('2D SPACE',''
  ) );
#6245 = ORIENTED_EDGE('',*,*,#6246,.T.);
#6246 = EDGE_CURVE('',#6224,#6200,#6247,.T.);
#6247 = SURFACE_CURVE('',#6248,(#6252,#6259),.PCURVE_S1.);
#6248 = LINE('',#6249,#6250);
#6249 = CARTESIAN_POINT('',(-13.90802319283,25.27693247456,-2.135));
#6250 = VECTOR('',#6251,1.);
#6251 = DIRECTION('',(0.,0.,-1.));
#6252 = PCURVE('',#6184,#6253);
#6253 = DEFINITIONAL_REPRESENTATION('',(#6254),#6258);
#6254 = LINE('',#6255,#6256);
#6255 = CARTESIAN_POINT('',(7.731457798994E-03,0.));
#6256 = VECTOR('',#6257,1.);
#6257 = DIRECTION('',(0.,1.));
#6258 = ( GEOMETRIC_REPRESENTATION_CONTEXT(2) 
PARAMETRIC_REPRESENTATION_CONTEXT() REPRESENTATION_CONTEXT('2D SPACE',''
  ) );
#6259 = PCURVE('',#6260,#6265);
#6260 = CYLINDRICAL_SURFACE('',#6261,2.5907);
#6261 = AXIS2_PLACEMENT_3D('',#6262,#6263,#6264);
#6262 = CARTESIAN_POINT('',(-11.62294858322,26.497653785315,-2.135));
#6263 = DIRECTION('',(0.,0.,-1.));
#6264 = DIRECTION('',(-0.401695424653,0.915773326655,0.));
#6265 = DEFINITIONAL_REPRESENTATION('',(#6266),#6270);
#6266 = LINE('',#6267,#6268);
#6267 = CARTESIAN_POINT('',(-1.648072426672,0.));
#6268 = VECTOR('',#6269,1.);
#6269 = DIRECTION('',(-0.,1.));
#6270 = ( GEOMETRIC_REPRESENTATION_CONTEXT(2) 
PARAMETRIC_REPRESENTATION_CONTEXT() REPRESENTATION_CONTEXT('2D SPACE',''
  ) );
#6271 = ADVANCED_FACE('',(#6272),#6260,.F.);
#6272 = FACE_BOUND('',#6273,.T.);
#6273 = EDGE_LOOP('',(#6274,#6298,#6299,#6323));
#6274 = ORIENTED_EDGE('',*,*,#6275,.F.);
#6275 = EDGE_CURVE('',#6200,#6276,#6278,.T.);
#6276 = VERTEX_POINT('',#6277);
#6277 = CARTESIAN_POINT('',(-9.177195803756,27.352065765409,-2.135));
#6278 = SURFACE_CURVE('',#6279,(#6284,#6291),.PCURVE_S1.);
#6279 = CIRCLE('',#6280,2.5907);
#6280 = AXIS2_PLACEMENT_3D('',#6281,#6282,#6283);
#6281 = CARTESIAN_POINT('',(-11.62294858322,26.497653785315,-2.135));
#6282 = DIRECTION('',(0.,0.,1.));
#6283 = DIRECTION('',(-0.401695424653,0.915773326655,0.));
#6284 = PCURVE('',#6260,#6285);
#6285 = DEFINITIONAL_REPRESENTATION('',(#6286),#6290);
#6286 = LINE('',#6287,#6288);
#6287 = CARTESIAN_POINT('',(-0.,0.));
#6288 = VECTOR('',#6289,1.);
#6289 = DIRECTION('',(-1.,0.));
#6290 = ( GEOMETRIC_REPRESENTATION_CONTEXT(2) 
PARAMETRIC_REPRESENTATION_CONTEXT() REPRESENTATION_CONTEXT('2D SPACE',''
  ) );
#6291 = PCURVE('',#45,#6292);
#6292 = DEFINITIONAL_REPRESENTATION('',(#6293),#6297);
#6293 = CIRCLE('',#6294,2.5907);
#6294 = AXIS2_PLACEMENT_2D('',#6295,#6296);
#6295 = CARTESIAN_POINT('',(-11.62294858322,26.497653785315));
#6296 = DIRECTION('',(-0.401695424653,0.915773326655));
#6297 = ( GEOMETRIC_REPRESENTATION_CONTEXT(2) 
PARAMETRIC_REPRESENTATION_CONTEXT() REPRESENTATION_CONTEXT('2D SPACE',''
  ) );
#6298 = ORIENTED_EDGE('',*,*,#6246,.F.);
#6299 = ORIENTED_EDGE('',*,*,#6300,.T.);
#6300 = EDGE_CURVE('',#6224,#6301,#6303,.T.);
#6301 = VERTEX_POINT('',#6302);
#6302 = CARTESIAN_POINT('',(-9.177195803756,27.352065765409,2.135));
#6303 = SURFACE_CURVE('',#6304,(#6309,#6316),.PCURVE_S1.);
#6304 = CIRCLE('',#6305,2.5907);
#6305 = AXIS2_PLACEMENT_3D('',#6306,#6307,#6308);
#6306 = CARTESIAN_POINT('',(-11.62294858322,26.497653785315,2.135));
#6307 = DIRECTION('',(0.,0.,1.));
#6308 = DIRECTION('',(-0.401695424653,0.915773326655,0.));
#6309 = PCURVE('',#6260,#6310);
#6310 = DEFINITIONAL_REPRESENTATION('',(#6311),#6315);
#6311 = LINE('',#6312,#6313);
#6312 = CARTESIAN_POINT('',(-0.,-4.27));
#6313 = VECTOR('',#6314,1.);
#6314 = DIRECTION('',(-1.,0.));
#6315 = ( GEOMETRIC_REPRESENTATION_CONTEXT(2) 
PARAMETRIC_REPRESENTATION_CONTEXT() REPRESENTATION_CONTEXT('2D SPACE',''
  ) );
#6316 = PCURVE('',#102,#6317);
#6317 = DEFINITIONAL_REPRESENTATION('',(#6318),#6322);
#6318 = CIRCLE('',#6319,2.5907);
#6319 = AXIS2_PLACEMENT_2D('',#6320,#6321);
#6320 = CARTESIAN_POINT('',(-11.62294858322,26.497653785315));
#6321 = DIRECTION('',(-0.401695424653,0.915773326655));
#6322 = ( GEOMETRIC_REPRESENTATION_CONTEXT(2) 
PARAMETRIC_REPRESENTATION_CONTEXT() REPRESENTATION_CONTEXT('2D SPACE',''
  ) );
#6323 = ORIENTED_EDGE('',*,*,#6324,.T.);
#6324 = EDGE_CURVE('',#6301,#6276,#6325,.T.);
#6325 = SURFACE_CURVE('',#6326,(#6330,#6337),.PCURVE_S1.);
#6326 = LINE('',#6327,#6328);
#6327 = CARTESIAN_POINT('',(-9.177195803756,27.352065765409,-2.135));
#6328 = VECTOR('',#6329,1.);
#6329 = DIRECTION('',(0.,0.,-1.));
#6330 = PCURVE('',#6260,#6331);
#6331 = DEFINITIONAL_REPRESENTATION('',(#6332),#6336);
#6332 = LINE('',#6333,#6334);
#6333 = CARTESIAN_POINT('',(-4.635112880507,0.));
#6334 = VECTOR('',#6335,1.);
#6335 = DIRECTION('',(-0.,1.));
#6336 = ( GEOMETRIC_REPRESENTATION_CONTEXT(2) 
PARAMETRIC_REPRESENTATION_CONTEXT() REPRESENTATION_CONTEXT('2D SPACE',''
  ) );
#6337 = PCURVE('',#6338,#6343);
#6338 = PLANE('',#6339);
#6339 = AXIS2_PLACEMENT_3D('',#6340,#6341,#6342);
#6340 = CARTESIAN_POINT('',(-13.91510345565,25.273826783336,-2.135));
#6341 = DIRECTION('',(-0.401695424653,0.915773326655,0.));
#6342 = DIRECTION('',(0.915773326655,0.401695424653,0.));
#6343 = DEFINITIONAL_REPRESENTATION('',(#6344),#6348);
#6344 = LINE('',#6345,#6346);
#6345 = CARTESIAN_POINT('',(5.173668542201,0.));
#6346 = VECTOR('',#6347,1.);
#6347 = DIRECTION('',(0.,1.));
#6348 = ( GEOMETRIC_REPRESENTATION_CONTEXT(2) 
PARAMETRIC_REPRESENTATION_CONTEXT() REPRESENTATION_CONTEXT('2D SPACE',''
  ) );
#6349 = ADVANCED_FACE('',(#6350),#6338,.T.);
#6350 = FACE_BOUND('',#6351,.T.);
#6351 = EDGE_LOOP('',(#6352,#6375,#6376,#6399));
#6352 = ORIENTED_EDGE('',*,*,#6353,.F.);
#6353 = EDGE_CURVE('',#6276,#6354,#6356,.T.);
#6354 = VERTEX_POINT('',#6355);
#6355 = CARTESIAN_POINT('',(-9.170115540928,27.355171456633,-2.135));
#6356 = SURFACE_CURVE('',#6357,(#6361,#6368),.PCURVE_S1.);
#6357 = LINE('',#6358,#6359);
#6358 = CARTESIAN_POINT('',(-13.91510345565,25.273826783336,-2.135));
#6359 = VECTOR('',#6360,1.);
#6360 = DIRECTION('',(0.915773326655,0.401695424653,0.));
#6361 = PCURVE('',#6338,#6362);
#6362 = DEFINITIONAL_REPRESENTATION('',(#6363),#6367);
#6363 = LINE('',#6364,#6365);
#6364 = CARTESIAN_POINT('',(0.,0.));
#6365 = VECTOR('',#6366,1.);
#6366 = DIRECTION('',(1.,0.));
#6367 = ( GEOMETRIC_REPRESENTATION_CONTEXT(2) 
PARAMETRIC_REPRESENTATION_CONTEXT() REPRESENTATION_CONTEXT('2D SPACE',''
  ) );
#6368 = PCURVE('',#45,#6369);
#6369 = DEFINITIONAL_REPRESENTATION('',(#6370),#6374);
#6370 = LINE('',#6371,#6372);
#6371 = CARTESIAN_POINT('',(-13.91510345565,25.273826783336));
#6372 = VECTOR('',#6373,1.);
#6373 = DIRECTION('',(0.915773326655,0.401695424653));
#6374 = ( GEOMETRIC_REPRESENTATION_CONTEXT(2) 
PARAMETRIC_REPRESENTATION_CONTEXT() REPRESENTATION_CONTEXT('2D SPACE',''
  ) );
#6375 = ORIENTED_EDGE('',*,*,#6324,.F.);
#6376 = ORIENTED_EDGE('',*,*,#6377,.T.);
#6377 = EDGE_CURVE('',#6301,#6378,#6380,.T.);
#6378 = VERTEX_POINT('',#6379);
#6379 = CARTESIAN_POINT('',(-9.170115540928,27.355171456633,2.135));
#6380 = SURFACE_CURVE('',#6381,(#6385,#6392),.PCURVE_S1.);
#6381 = LINE('',#6382,#6383);
#6382 = CARTESIAN_POINT('',(-13.91510345565,25.273826783336,2.135));
#6383 = VECTOR('',#6384,1.);
#6384 = DIRECTION('',(0.915773326655,0.401695424653,0.));
#6385 = PCURVE('',#6338,#6386);
#6386 = DEFINITIONAL_REPRESENTATION('',(#6387),#6391);
#6387 = LINE('',#6388,#6389);
#6388 = CARTESIAN_POINT('',(0.,-4.27));
#6389 = VECTOR('',#6390,1.);
#6390 = DIRECTION('',(1.,0.));
#6391 = ( GEOMETRIC_REPRESENTATION_CONTEXT(2) 
PARAMETRIC_REPRESENTATION_CONTEXT() REPRESENTATION_CONTEXT('2D SPACE',''
  ) );
#6392 = PCURVE('',#102,#6393);
#6393 = DEFINITIONAL_REPRESENTATION('',(#6394),#6398);
#6394 = LINE('',#6395,#6396);
#6395 = CARTESIAN_POINT('',(-13.91510345565,25.273826783336));
#6396 = VECTOR('',#6397,1.);
#6397 = DIRECTION('',(0.915773326655,0.401695424653));
#6398 = ( GEOMETRIC_REPRESENTATION_CONTEXT(2) 
PARAMETRIC_REPRESENTATION_CONTEXT() REPRESENTATION_CONTEXT('2D SPACE',''
  ) );
#6399 = ORIENTED_EDGE('',*,*,#6400,.F.);
#6400 = EDGE_CURVE('',#6354,#6378,#6401,.T.);
#6401 = SURFACE_CURVE('',#6402,(#6406,#6413),.PCURVE_S1.);
#6402 = LINE('',#6403,#6404);
#6403 = CARTESIAN_POINT('',(-9.170115540928,27.355171456633,-2.135));
#6404 = VECTOR('',#6405,1.);
#6405 = DIRECTION('',(0.,0.,1.));
#6406 = PCURVE('',#6338,#6407);
#6407 = DEFINITIONAL_REPRESENTATION('',(#6408),#6412);
#6408 = LINE('',#6409,#6410);
#6409 = CARTESIAN_POINT('',(5.1814,0.));
#6410 = VECTOR('',#6411,1.);
#6411 = DIRECTION('',(0.,-1.));
#6412 = ( GEOMETRIC_REPRESENTATION_CONTEXT(2) 
PARAMETRIC_REPRESENTATION_CONTEXT() REPRESENTATION_CONTEXT('2D SPACE',''
  ) );
#6413 = PCURVE('',#6414,#6419);
#6414 = PLANE('',#6415);
#6415 = AXIS2_PLACEMENT_3D('',#6416,#6417,#6418);
#6416 = CARTESIAN_POINT('',(-9.170115540928,27.355171456633,-2.135));
#6417 = DIRECTION('',(-0.992001236638,-0.126228152598,0.));
#6418 = DIRECTION('',(-0.126228152598,0.992001236638,0.));
#6419 = DEFINITIONAL_REPRESENTATION('',(#6420),#6424);
#6420 = LINE('',#6421,#6422);
#6421 = CARTESIAN_POINT('',(0.,0.));
#6422 = VECTOR('',#6423,1.);
#6423 = DIRECTION('',(0.,-1.));
#6424 = ( GEOMETRIC_REPRESENTATION_CONTEXT(2) 
PARAMETRIC_REPRESENTATION_CONTEXT() REPRESENTATION_CONTEXT('2D SPACE',''
  ) );
#6425 = ADVANCED_FACE('',(#6426),#6414,.T.);
#6426 = FACE_BOUND('',#6427,.T.);
#6427 = EDGE_LOOP('',(#6428,#6451,#6452,#6475));
#6428 = ORIENTED_EDGE('',*,*,#6429,.F.);
#6429 = EDGE_CURVE('',#6354,#6430,#6432,.T.);
#6430 = VERTEX_POINT('',#6431);
#6431 = CARTESIAN_POINT('',(-9.497337188974,29.926739469276,-2.135));
#6432 = SURFACE_CURVE('',#6433,(#6437,#6444),.PCURVE_S1.);
#6433 = LINE('',#6434,#6435);
#6434 = CARTESIAN_POINT('',(-9.170115540928,27.355171456633,-2.135));
#6435 = VECTOR('',#6436,1.);
#6436 = DIRECTION('',(-0.126228152598,0.992001236638,0.));
#6437 = PCURVE('',#6414,#6438);
#6438 = DEFINITIONAL_REPRESENTATION('',(#6439),#6443);
#6439 = LINE('',#6440,#6441);
#6440 = CARTESIAN_POINT('',(0.,0.));
#6441 = VECTOR('',#6442,1.);
#6442 = DIRECTION('',(1.,0.));
#6443 = ( GEOMETRIC_REPRESENTATION_CONTEXT(2) 
PARAMETRIC_REPRESENTATION_CONTEXT() REPRESENTATION_CONTEXT('2D SPACE',''
  ) );
#6444 = PCURVE('',#45,#6445);
#6445 = DEFINITIONAL_REPRESENTATION('',(#6446),#6450);
#6446 = LINE('',#6447,#6448);
#6447 = CARTESIAN_POINT('',(-9.170115540928,27.355171456633));
#6448 = VECTOR('',#6449,1.);
#6449 = DIRECTION('',(-0.126228152598,0.992001236638));
#6450 = ( GEOMETRIC_REPRESENTATION_CONTEXT(2) 
PARAMETRIC_REPRESENTATION_CONTEXT() REPRESENTATION_CONTEXT('2D SPACE',''
  ) );
#6451 = ORIENTED_EDGE('',*,*,#6400,.T.);
#6452 = ORIENTED_EDGE('',*,*,#6453,.T.);
#6453 = EDGE_CURVE('',#6378,#6454,#6456,.T.);
#6454 = VERTEX_POINT('',#6455);
#6455 = CARTESIAN_POINT('',(-9.497337188974,29.926739469276,2.135));
#6456 = SURFACE_CURVE('',#6457,(#6461,#6468),.PCURVE_S1.);
#6457 = LINE('',#6458,#6459);
#6458 = CARTESIAN_POINT('',(-9.170115540928,27.355171456633,2.135));
#6459 = VECTOR('',#6460,1.);
#6460 = DIRECTION('',(-0.126228152598,0.992001236638,0.));
#6461 = PCURVE('',#6414,#6462);
#6462 = DEFINITIONAL_REPRESENTATION('',(#6463),#6467);
#6463 = LINE('',#6464,#6465);
#6464 = CARTESIAN_POINT('',(0.,-4.27));
#6465 = VECTOR('',#6466,1.);
#6466 = DIRECTION('',(1.,0.));
#6467 = ( GEOMETRIC_REPRESENTATION_CONTEXT(2) 
PARAMETRIC_REPRESENTATION_CONTEXT() REPRESENTATION_CONTEXT('2D SPACE',''
  ) );
#6468 = PCURVE('',#102,#6469);
#6469 = DEFINITIONAL_REPRESENTATION('',(#6470),#6474);
#6470 = LINE('',#6471,#6472);
#6471 = CARTESIAN_POINT('',(-9.170115540928,27.355171456633));
#6472 = VECTOR('',#6473,1.);
#6473 = DIRECTION('',(-0.126228152598,0.992001236638));
#6474 = ( GEOMETRIC_REPRESENTATION_CONTEXT(2) 
PARAMETRIC_REPRESENTATION_CONTEXT() REPRESENTATION_CONTEXT('2D SPACE',''
  ) );
#6475 = ORIENTED_EDGE('',*,*,#6476,.T.);
#6476 = EDGE_CURVE('',#6454,#6430,#6477,.T.);
#6477 = SURFACE_CURVE('',#6478,(#6482,#6489),.PCURVE_S1.);
#6478 = LINE('',#6479,#6480);
#6479 = CARTESIAN_POINT('',(-9.497337188974,29.926739469276,-2.135));
#6480 = VECTOR('',#6481,1.);
#6481 = DIRECTION('',(-0.,-0.,-1.));
#6482 = PCURVE('',#6414,#6483);
#6483 = DEFINITIONAL_REPRESENTATION('',(#6484),#6488);
#6484 = LINE('',#6485,#6486);
#6485 = CARTESIAN_POINT('',(2.592303232764,0.));
#6486 = VECTOR('',#6487,1.);
#6487 = DIRECTION('',(0.,1.));
#6488 = ( GEOMETRIC_REPRESENTATION_CONTEXT(2) 
PARAMETRIC_REPRESENTATION_CONTEXT() REPRESENTATION_CONTEXT('2D SPACE',''
  ) );
#6489 = PCURVE('',#6490,#6495);
#6490 = CYLINDRICAL_SURFACE('',#6491,31.397597821218);
#6491 = AXIS2_PLACEMENT_3D('',#6492,#6493,#6494);
#6492 = CARTESIAN_POINT('',(0.,0.,-2.135));
#6493 = DIRECTION('',(-0.,-0.,-1.));
#6494 = DIRECTION('',(1.,0.,0.));
#6495 = DEFINITIONAL_REPRESENTATION('',(#6496),#6500);
#6496 = LINE('',#6497,#6498);
#6497 = CARTESIAN_POINT('',(-1.878096202741,0.));
#6498 = VECTOR('',#6499,1.);
#6499 = DIRECTION('',(-0.,1.));
#6500 = ( GEOMETRIC_REPRESENTATION_CONTEXT(2) 
PARAMETRIC_REPRESENTATION_CONTEXT() REPRESENTATION_CONTEXT('2D SPACE',''
  ) );
#6501 = ADVANCED_FACE('',(#6502),#6490,.T.);
#6502 = FACE_BOUND('',#6503,.F.);
#6503 = EDGE_LOOP('',(#6504,#6528,#6556,#6578));
#6504 = ORIENTED_EDGE('',*,*,#6505,.F.);
#6505 = EDGE_CURVE('',#6506,#6430,#6508,.T.);
#6506 = VERTEX_POINT('',#6507);
#6507 = CARTESIAN_POINT('',(-5.890894868441,30.840014698309,-2.135));
#6508 = SURFACE_CURVE('',#6509,(#6514,#6521),.PCURVE_S1.);
#6509 = CIRCLE('',#6510,31.397597821218);
#6510 = AXIS2_PLACEMENT_3D('',#6511,#6512,#6513);
#6511 = CARTESIAN_POINT('',(0.,0.,-2.135));
#6512 = DIRECTION('',(0.,0.,1.));
#6513 = DIRECTION('',(1.,0.,0.));
#6514 = PCURVE('',#6490,#6515);
#6515 = DEFINITIONAL_REPRESENTATION('',(#6516),#6520);
#6516 = LINE('',#6517,#6518);
#6517 = CARTESIAN_POINT('',(-0.,0.));
#6518 = VECTOR('',#6519,1.);
#6519 = DIRECTION('',(-1.,0.));
#6520 = ( GEOMETRIC_REPRESENTATION_CONTEXT(2) 
PARAMETRIC_REPRESENTATION_CONTEXT() REPRESENTATION_CONTEXT('2D SPACE',''
  ) );
#6521 = PCURVE('',#45,#6522);
#6522 = DEFINITIONAL_REPRESENTATION('',(#6523),#6527);
#6523 = CIRCLE('',#6524,31.397597821218);
#6524 = AXIS2_PLACEMENT_2D('',#6525,#6526);
#6525 = CARTESIAN_POINT('',(2.090514272322E-15,-2.899329622222E-15));
#6526 = DIRECTION('',(1.,0.));
#6527 = ( GEOMETRIC_REPRESENTATION_CONTEXT(2) 
PARAMETRIC_REPRESENTATION_CONTEXT() REPRESENTATION_CONTEXT('2D SPACE',''
  ) );
#6528 = ORIENTED_EDGE('',*,*,#6529,.F.);
#6529 = EDGE_CURVE('',#6530,#6506,#6532,.T.);
#6530 = VERTEX_POINT('',#6531);
#6531 = CARTESIAN_POINT('',(-5.890894868441,30.840014698309,2.135));
#6532 = SURFACE_CURVE('',#6533,(#6537,#6544),.PCURVE_S1.);
#6533 = LINE('',#6534,#6535);
#6534 = CARTESIAN_POINT('',(-5.890894868442,30.840014698309,-2.135));
#6535 = VECTOR('',#6536,1.);
#6536 = DIRECTION('',(-0.,-0.,-1.));
#6537 = PCURVE('',#6490,#6538);
#6538 = DEFINITIONAL_REPRESENTATION('',(#6539),#6543);
#6539 = LINE('',#6540,#6541);
#6540 = CARTESIAN_POINT('',(-1.759537396153,0.));
#6541 = VECTOR('',#6542,1.);
#6542 = DIRECTION('',(-0.,1.));
#6543 = ( GEOMETRIC_REPRESENTATION_CONTEXT(2) 
PARAMETRIC_REPRESENTATION_CONTEXT() REPRESENTATION_CONTEXT('2D SPACE',''
  ) );
#6544 = PCURVE('',#6545,#6550);
#6545 = PLANE('',#6546);
#6546 = AXIS2_PLACEMENT_3D('',#6547,#6548,#6549);
#6547 = CARTESIAN_POINT('',(-7.086844451061,33.928253030482,-2.135));
#6548 = DIRECTION('',(0.932517008945,0.361126055594,0.));
#6549 = DIRECTION('',(0.361126055594,-0.932517008945,0.));
#6550 = DEFINITIONAL_REPRESENTATION('',(#6551),#6555);
#6551 = LINE('',#6552,#6553);
#6552 = CARTESIAN_POINT('',(3.311723327887,0.));
#6553 = VECTOR('',#6554,1.);
#6554 = DIRECTION('',(0.,1.));
#6555 = ( GEOMETRIC_REPRESENTATION_CONTEXT(2) 
PARAMETRIC_REPRESENTATION_CONTEXT() REPRESENTATION_CONTEXT('2D SPACE',''
  ) );
#6556 = ORIENTED_EDGE('',*,*,#6557,.T.);
#6557 = EDGE_CURVE('',#6530,#6454,#6558,.T.);
#6558 = SURFACE_CURVE('',#6559,(#6564,#6571),.PCURVE_S1.);
#6559 = CIRCLE('',#6560,31.397597821218);
#6560 = AXIS2_PLACEMENT_3D('',#6561,#6562,#6563);
#6561 = CARTESIAN_POINT('',(0.,0.,2.135));
#6562 = DIRECTION('',(0.,0.,1.));
#6563 = DIRECTION('',(1.,0.,0.));
#6564 = PCURVE('',#6490,#6565);
#6565 = DEFINITIONAL_REPRESENTATION('',(#6566),#6570);
#6566 = LINE('',#6567,#6568);
#6567 = CARTESIAN_POINT('',(-0.,-4.27));
#6568 = VECTOR('',#6569,1.);
#6569 = DIRECTION('',(-1.,0.));
#6570 = ( GEOMETRIC_REPRESENTATION_CONTEXT(2) 
PARAMETRIC_REPRESENTATION_CONTEXT() REPRESENTATION_CONTEXT('2D SPACE',''
  ) );
#6571 = PCURVE('',#102,#6572);
#6572 = DEFINITIONAL_REPRESENTATION('',(#6573),#6577);
#6573 = CIRCLE('',#6574,31.397597821218);
#6574 = AXIS2_PLACEMENT_2D('',#6575,#6576);
#6575 = CARTESIAN_POINT('',(2.090514272322E-15,-2.899329622222E-15));
#6576 = DIRECTION('',(1.,0.));
#6577 = ( GEOMETRIC_REPRESENTATION_CONTEXT(2) 
PARAMETRIC_REPRESENTATION_CONTEXT() REPRESENTATION_CONTEXT('2D SPACE',''
  ) );
#6578 = ORIENTED_EDGE('',*,*,#6476,.T.);
#6579 = ADVANCED_FACE('',(#6580),#6545,.T.);
#6580 = FACE_BOUND('',#6581,.T.);
#6581 = EDGE_LOOP('',(#6582,#6605,#6606,#6629));
#6582 = ORIENTED_EDGE('',*,*,#6583,.F.);
#6583 = EDGE_CURVE('',#6506,#6584,#6586,.T.);
#6584 = VERTEX_POINT('',#6585);
#6585 = CARTESIAN_POINT('',(-4.95474662709,28.422647841415,-2.135));
#6586 = SURFACE_CURVE('',#6587,(#6591,#6598),.PCURVE_S1.);
#6587 = LINE('',#6588,#6589);
#6588 = CARTESIAN_POINT('',(-7.086844451061,33.928253030482,-2.135));
#6589 = VECTOR('',#6590,1.);
#6590 = DIRECTION('',(0.361126055594,-0.932517008945,0.));
#6591 = PCURVE('',#6545,#6592);
#6592 = DEFINITIONAL_REPRESENTATION('',(#6593),#6597);
#6593 = LINE('',#6594,#6595);
#6594 = CARTESIAN_POINT('',(0.,0.));
#6595 = VECTOR('',#6596,1.);
#6596 = DIRECTION('',(1.,0.));
#6597 = ( GEOMETRIC_REPRESENTATION_CONTEXT(2) 
PARAMETRIC_REPRESENTATION_CONTEXT() REPRESENTATION_CONTEXT('2D SPACE',''
  ) );
#6598 = PCURVE('',#45,#6599);
#6599 = DEFINITIONAL_REPRESENTATION('',(#6600),#6604);
#6600 = LINE('',#6601,#6602);
#6601 = CARTESIAN_POINT('',(-7.086844451061,33.928253030482));
#6602 = VECTOR('',#6603,1.);
#6603 = DIRECTION('',(0.361126055594,-0.932517008945));
#6604 = ( GEOMETRIC_REPRESENTATION_CONTEXT(2) 
PARAMETRIC_REPRESENTATION_CONTEXT() REPRESENTATION_CONTEXT('2D SPACE',''
  ) );
#6605 = ORIENTED_EDGE('',*,*,#6529,.F.);
#6606 = ORIENTED_EDGE('',*,*,#6607,.T.);
#6607 = EDGE_CURVE('',#6530,#6608,#6610,.T.);
#6608 = VERTEX_POINT('',#6609);
#6609 = CARTESIAN_POINT('',(-4.95474662709,28.422647841415,2.135));
#6610 = SURFACE_CURVE('',#6611,(#6615,#6622),.PCURVE_S1.);
#6611 = LINE('',#6612,#6613);
#6612 = CARTESIAN_POINT('',(-7.086844451061,33.928253030482,2.135));
#6613 = VECTOR('',#6614,1.);
#6614 = DIRECTION('',(0.361126055594,-0.932517008945,0.));
#6615 = PCURVE('',#6545,#6616);
#6616 = DEFINITIONAL_REPRESENTATION('',(#6617),#6621);
#6617 = LINE('',#6618,#6619);
#6618 = CARTESIAN_POINT('',(0.,-4.27));
#6619 = VECTOR('',#6620,1.);
#6620 = DIRECTION('',(1.,0.));
#6621 = ( GEOMETRIC_REPRESENTATION_CONTEXT(2) 
PARAMETRIC_REPRESENTATION_CONTEXT() REPRESENTATION_CONTEXT('2D SPACE',''
  ) );
#6622 = PCURVE('',#102,#6623);
#6623 = DEFINITIONAL_REPRESENTATION('',(#6624),#6628);
#6624 = LINE('',#6625,#6626);
#6625 = CARTESIAN_POINT('',(-7.086844451061,33.928253030482));
#6626 = VECTOR('',#6627,1.);
#6627 = DIRECTION('',(0.361126055594,-0.932517008945));
#6628 = ( GEOMETRIC_REPRESENTATION_CONTEXT(2) 
PARAMETRIC_REPRESENTATION_CONTEXT() REPRESENTATION_CONTEXT('2D SPACE',''
  ) );
#6629 = ORIENTED_EDGE('',*,*,#6630,.F.);
#6630 = EDGE_CURVE('',#6584,#6608,#6631,.T.);
#6631 = SURFACE_CURVE('',#6632,(#6636,#6643),.PCURVE_S1.);
#6632 = LINE('',#6633,#6634);
#6633 = CARTESIAN_POINT('',(-4.95474662709,28.422647841415,-2.135));
#6634 = VECTOR('',#6635,1.);
#6635 = DIRECTION('',(0.,0.,1.));
#6636 = PCURVE('',#6545,#6637);
#6637 = DEFINITIONAL_REPRESENTATION('',(#6638),#6642);
#6638 = LINE('',#6639,#6640);
#6639 = CARTESIAN_POINT('',(5.904026560651,0.));
#6640 = VECTOR('',#6641,1.);
#6641 = DIRECTION('',(0.,-1.));
#6642 = ( GEOMETRIC_REPRESENTATION_CONTEXT(2) 
PARAMETRIC_REPRESENTATION_CONTEXT() REPRESENTATION_CONTEXT('2D SPACE',''
  ) );
#6643 = PCURVE('',#6644,#6649);
#6644 = PLANE('',#6645);
#6645 = AXIS2_PLACEMENT_3D('',#6646,#6647,#6648);
#6646 = CARTESIAN_POINT('',(-4.95474662709,28.422647841415,-2.135));
#6647 = DIRECTION('',(-8.257934547233E-02,0.996584493007,0.));
#6648 = DIRECTION('',(0.996584493007,8.257934547233E-02,0.));
#6649 = DEFINITIONAL_REPRESENTATION('',(#6650),#6654);
#6650 = LINE('',#6651,#6652);
#6651 = CARTESIAN_POINT('',(0.,0.));
#6652 = VECTOR('',#6653,1.);
#6653 = DIRECTION('',(0.,-1.));
#6654 = ( GEOMETRIC_REPRESENTATION_CONTEXT(2) 
PARAMETRIC_REPRESENTATION_CONTEXT() REPRESENTATION_CONTEXT('2D SPACE',''
  ) );
#6655 = ADVANCED_FACE('',(#6656),#6644,.T.);
#6656 = FACE_BOUND('',#6657,.T.);
#6657 = EDGE_LOOP('',(#6658,#6681,#6682,#6705));
#6658 = ORIENTED_EDGE('',*,*,#6659,.F.);
#6659 = EDGE_CURVE('',#6584,#6660,#6662,.T.);
#6660 = VERTEX_POINT('',#6661);
#6661 = CARTESIAN_POINT('',(-4.947041576139,28.423286300139,-2.135));
#6662 = SURFACE_CURVE('',#6663,(#6667,#6674),.PCURVE_S1.);
#6663 = LINE('',#6664,#6665);
#6664 = CARTESIAN_POINT('',(-4.95474662709,28.422647841415,-2.135));
#6665 = VECTOR('',#6666,1.);
#6666 = DIRECTION('',(0.996584493007,8.257934547233E-02,0.));
#6667 = PCURVE('',#6644,#6668);
#6668 = DEFINITIONAL_REPRESENTATION('',(#6669),#6673);
#6669 = LINE('',#6670,#6671);
#6670 = CARTESIAN_POINT('',(0.,0.));
#6671 = VECTOR('',#6672,1.);
#6672 = DIRECTION('',(1.,0.));
#6673 = ( GEOMETRIC_REPRESENTATION_CONTEXT(2) 
PARAMETRIC_REPRESENTATION_CONTEXT() REPRESENTATION_CONTEXT('2D SPACE',''
  ) );
#6674 = PCURVE('',#45,#6675);
#6675 = DEFINITIONAL_REPRESENTATION('',(#6676),#6680);
#6676 = LINE('',#6677,#6678);
#6677 = CARTESIAN_POINT('',(-4.95474662709,28.422647841415));
#6678 = VECTOR('',#6679,1.);
#6679 = DIRECTION('',(0.996584493007,8.257934547233E-02));
#6680 = ( GEOMETRIC_REPRESENTATION_CONTEXT(2) 
PARAMETRIC_REPRESENTATION_CONTEXT() REPRESENTATION_CONTEXT('2D SPACE',''
  ) );
#6681 = ORIENTED_EDGE('',*,*,#6630,.T.);
#6682 = ORIENTED_EDGE('',*,*,#6683,.T.);
#6683 = EDGE_CURVE('',#6608,#6684,#6686,.T.);
#6684 = VERTEX_POINT('',#6685);
#6685 = CARTESIAN_POINT('',(-4.947041576139,28.423286300139,2.135));
#6686 = SURFACE_CURVE('',#6687,(#6691,#6698),.PCURVE_S1.);
#6687 = LINE('',#6688,#6689);
#6688 = CARTESIAN_POINT('',(-4.95474662709,28.422647841415,2.135));
#6689 = VECTOR('',#6690,1.);
#6690 = DIRECTION('',(0.996584493007,8.257934547233E-02,0.));
#6691 = PCURVE('',#6644,#6692);
#6692 = DEFINITIONAL_REPRESENTATION('',(#6693),#6697);
#6693 = LINE('',#6694,#6695);
#6694 = CARTESIAN_POINT('',(0.,-4.27));
#6695 = VECTOR('',#6696,1.);
#6696 = DIRECTION('',(1.,0.));
#6697 = ( GEOMETRIC_REPRESENTATION_CONTEXT(2) 
PARAMETRIC_REPRESENTATION_CONTEXT() REPRESENTATION_CONTEXT('2D SPACE',''
  ) );
#6698 = PCURVE('',#102,#6699);
#6699 = DEFINITIONAL_REPRESENTATION('',(#6700),#6704);
#6700 = LINE('',#6701,#6702);
#6701 = CARTESIAN_POINT('',(-4.95474662709,28.422647841415));
#6702 = VECTOR('',#6703,1.);
#6703 = DIRECTION('',(0.996584493007,8.257934547233E-02));
#6704 = ( GEOMETRIC_REPRESENTATION_CONTEXT(2) 
PARAMETRIC_REPRESENTATION_CONTEXT() REPRESENTATION_CONTEXT('2D SPACE',''
  ) );
#6705 = ORIENTED_EDGE('',*,*,#6706,.T.);
#6706 = EDGE_CURVE('',#6684,#6660,#6707,.T.);
#6707 = SURFACE_CURVE('',#6708,(#6712,#6719),.PCURVE_S1.);
#6708 = LINE('',#6709,#6710);
#6709 = CARTESIAN_POINT('',(-4.947041576139,28.42328630014,-2.135));
#6710 = VECTOR('',#6711,1.);
#6711 = DIRECTION('',(0.,0.,-1.));
#6712 = PCURVE('',#6644,#6713);
#6713 = DEFINITIONAL_REPRESENTATION('',(#6714),#6718);
#6714 = LINE('',#6715,#6716);
#6715 = CARTESIAN_POINT('',(7.731457798991E-03,0.));
#6716 = VECTOR('',#6717,1.);
#6717 = DIRECTION('',(0.,1.));
#6718 = ( GEOMETRIC_REPRESENTATION_CONTEXT(2) 
PARAMETRIC_REPRESENTATION_CONTEXT() REPRESENTATION_CONTEXT('2D SPACE',''
  ) );
#6719 = PCURVE('',#6720,#6725);
#6720 = CYLINDRICAL_SURFACE('',#6721,2.5907);
#6721 = AXIS2_PLACEMENT_3D('',#6722,#6723,#6724);
#6722 = CARTESIAN_POINT('',(-2.389411050152,28.835903050331,-2.135));
#6723 = DIRECTION('',(0.,0.,-1.));
#6724 = DIRECTION('',(-8.257934547233E-02,0.996584493007,0.));
#6725 = DEFINITIONAL_REPRESENTATION('',(#6726),#6730);
#6726 = LINE('',#6727,#6728);
#6727 = CARTESIAN_POINT('',(-1.648072426672,0.));
#6728 = VECTOR('',#6729,1.);
#6729 = DIRECTION('',(-0.,1.));
#6730 = ( GEOMETRIC_REPRESENTATION_CONTEXT(2) 
PARAMETRIC_REPRESENTATION_CONTEXT() REPRESENTATION_CONTEXT('2D SPACE',''
  ) );
#6731 = ADVANCED_FACE('',(#6732),#6720,.F.);
#6732 = FACE_BOUND('',#6733,.T.);
#6733 = EDGE_LOOP('',(#6734,#6758,#6759,#6783));
#6734 = ORIENTED_EDGE('',*,*,#6735,.F.);
#6735 = EDGE_CURVE('',#6660,#6736,#6738,.T.);
#6736 = VERTEX_POINT('',#6737);
#6737 = CARTESIAN_POINT('',(0.201251214024,28.849886003321,-2.135));
#6738 = SURFACE_CURVE('',#6739,(#6744,#6751),.PCURVE_S1.);
#6739 = CIRCLE('',#6740,2.5907);
#6740 = AXIS2_PLACEMENT_3D('',#6741,#6742,#6743);
#6741 = CARTESIAN_POINT('',(-2.389411050152,28.835903050331,-2.135));
#6742 = DIRECTION('',(0.,0.,1.));
#6743 = DIRECTION('',(-8.257934547233E-02,0.996584493007,0.));
#6744 = PCURVE('',#6720,#6745);
#6745 = DEFINITIONAL_REPRESENTATION('',(#6746),#6750);
#6746 = LINE('',#6747,#6748);
#6747 = CARTESIAN_POINT('',(-0.,0.));
#6748 = VECTOR('',#6749,1.);
#6749 = DIRECTION('',(-1.,0.));
#6750 = ( GEOMETRIC_REPRESENTATION_CONTEXT(2) 
PARAMETRIC_REPRESENTATION_CONTEXT() REPRESENTATION_CONTEXT('2D SPACE',''
  ) );
#6751 = PCURVE('',#45,#6752);
#6752 = DEFINITIONAL_REPRESENTATION('',(#6753),#6757);
#6753 = CIRCLE('',#6754,2.5907);
#6754 = AXIS2_PLACEMENT_2D('',#6755,#6756);
#6755 = CARTESIAN_POINT('',(-2.389411050152,28.835903050331));
#6756 = DIRECTION('',(-8.257934547233E-02,0.996584493007));
#6757 = ( GEOMETRIC_REPRESENTATION_CONTEXT(2) 
PARAMETRIC_REPRESENTATION_CONTEXT() REPRESENTATION_CONTEXT('2D SPACE',''
  ) );
#6758 = ORIENTED_EDGE('',*,*,#6706,.F.);
#6759 = ORIENTED_EDGE('',*,*,#6760,.T.);
#6760 = EDGE_CURVE('',#6684,#6761,#6763,.T.);
#6761 = VERTEX_POINT('',#6762);
#6762 = CARTESIAN_POINT('',(0.201251214024,28.849886003321,2.135));
#6763 = SURFACE_CURVE('',#6764,(#6769,#6776),.PCURVE_S1.);
#6764 = CIRCLE('',#6765,2.5907);
#6765 = AXIS2_PLACEMENT_3D('',#6766,#6767,#6768);
#6766 = CARTESIAN_POINT('',(-2.389411050152,28.835903050331,2.135));
#6767 = DIRECTION('',(0.,0.,1.));
#6768 = DIRECTION('',(-8.257934547233E-02,0.996584493007,0.));
#6769 = PCURVE('',#6720,#6770);
#6770 = DEFINITIONAL_REPRESENTATION('',(#6771),#6775);
#6771 = LINE('',#6772,#6773);
#6772 = CARTESIAN_POINT('',(-0.,-4.27));
#6773 = VECTOR('',#6774,1.);
#6774 = DIRECTION('',(-1.,0.));
#6775 = ( GEOMETRIC_REPRESENTATION_CONTEXT(2) 
PARAMETRIC_REPRESENTATION_CONTEXT() REPRESENTATION_CONTEXT('2D SPACE',''
  ) );
#6776 = PCURVE('',#102,#6777);
#6777 = DEFINITIONAL_REPRESENTATION('',(#6778),#6782);
#6778 = CIRCLE('',#6779,2.5907);
#6779 = AXIS2_PLACEMENT_2D('',#6780,#6781);
#6780 = CARTESIAN_POINT('',(-2.389411050152,28.835903050331));
#6781 = DIRECTION('',(-8.257934547233E-02,0.996584493007));
#6782 = ( GEOMETRIC_REPRESENTATION_CONTEXT(2) 
PARAMETRIC_REPRESENTATION_CONTEXT() REPRESENTATION_CONTEXT('2D SPACE',''
  ) );
#6783 = ORIENTED_EDGE('',*,*,#6784,.T.);
#6784 = EDGE_CURVE('',#6761,#6736,#6785,.T.);
#6785 = SURFACE_CURVE('',#6786,(#6790,#6797),.PCURVE_S1.);
#6786 = LINE('',#6787,#6788);
#6787 = CARTESIAN_POINT('',(0.201251214024,28.849886003321,-2.135));
#6788 = VECTOR('',#6789,1.);
#6789 = DIRECTION('',(0.,0.,-1.));
#6790 = PCURVE('',#6720,#6791);
#6791 = DEFINITIONAL_REPRESENTATION('',(#6792),#6796);
#6792 = LINE('',#6793,#6794);
#6793 = CARTESIAN_POINT('',(-4.635112880507,0.));
#6794 = VECTOR('',#6795,1.);
#6795 = DIRECTION('',(-0.,1.));
#6796 = ( GEOMETRIC_REPRESENTATION_CONTEXT(2) 
PARAMETRIC_REPRESENTATION_CONTEXT() REPRESENTATION_CONTEXT('2D SPACE',''
  ) );
#6797 = PCURVE('',#6798,#6803);
#6798 = PLANE('',#6799);
#6799 = AXIS2_PLACEMENT_3D('',#6800,#6801,#6802);
#6800 = CARTESIAN_POINT('',(-4.95474662709,28.422647841415,-2.135));
#6801 = DIRECTION('',(-8.257934547233E-02,0.996584493007,0.));
#6802 = DIRECTION('',(0.996584493007,8.257934547233E-02,0.));
#6803 = DEFINITIONAL_REPRESENTATION('',(#6804),#6808);
#6804 = LINE('',#6805,#6806);
#6805 = CARTESIAN_POINT('',(5.173668542201,0.));
#6806 = VECTOR('',#6807,1.);
#6807 = DIRECTION('',(0.,1.));
#6808 = ( GEOMETRIC_REPRESENTATION_CONTEXT(2) 
PARAMETRIC_REPRESENTATION_CONTEXT() REPRESENTATION_CONTEXT('2D SPACE',''
  ) );
#6809 = ADVANCED_FACE('',(#6810),#6798,.T.);
#6810 = FACE_BOUND('',#6811,.T.);
#6811 = EDGE_LOOP('',(#6812,#6835,#6836,#6859));
#6812 = ORIENTED_EDGE('',*,*,#6813,.F.);
#6813 = EDGE_CURVE('',#6736,#6814,#6816,.T.);
#6814 = VERTEX_POINT('',#6815);
#6815 = CARTESIAN_POINT('',(0.208956264975,28.850524462045,-2.135));
#6816 = SURFACE_CURVE('',#6817,(#6821,#6828),.PCURVE_S1.);
#6817 = LINE('',#6818,#6819);
#6818 = CARTESIAN_POINT('',(-4.95474662709,28.422647841415,-2.135));
#6819 = VECTOR('',#6820,1.);
#6820 = DIRECTION('',(0.996584493007,8.257934547233E-02,0.));
#6821 = PCURVE('',#6798,#6822);
#6822 = DEFINITIONAL_REPRESENTATION('',(#6823),#6827);
#6823 = LINE('',#6824,#6825);
#6824 = CARTESIAN_POINT('',(0.,0.));
#6825 = VECTOR('',#6826,1.);
#6826 = DIRECTION('',(1.,0.));
#6827 = ( GEOMETRIC_REPRESENTATION_CONTEXT(2) 
PARAMETRIC_REPRESENTATION_CONTEXT() REPRESENTATION_CONTEXT('2D SPACE',''
  ) );
#6828 = PCURVE('',#45,#6829);
#6829 = DEFINITIONAL_REPRESENTATION('',(#6830),#6834);
#6830 = LINE('',#6831,#6832);
#6831 = CARTESIAN_POINT('',(-4.95474662709,28.422647841415));
#6832 = VECTOR('',#6833,1.);
#6833 = DIRECTION('',(0.996584493007,8.257934547233E-02));
#6834 = ( GEOMETRIC_REPRESENTATION_CONTEXT(2) 
PARAMETRIC_REPRESENTATION_CONTEXT() REPRESENTATION_CONTEXT('2D SPACE',''
  ) );
#6835 = ORIENTED_EDGE('',*,*,#6784,.F.);
#6836 = ORIENTED_EDGE('',*,*,#6837,.T.);
#6837 = EDGE_CURVE('',#6761,#6838,#6840,.T.);
#6838 = VERTEX_POINT('',#6839);
#6839 = CARTESIAN_POINT('',(0.208956264975,28.850524462045,2.135));
#6840 = SURFACE_CURVE('',#6841,(#6845,#6852),.PCURVE_S1.);
#6841 = LINE('',#6842,#6843);
#6842 = CARTESIAN_POINT('',(-4.95474662709,28.422647841415,2.135));
#6843 = VECTOR('',#6844,1.);
#6844 = DIRECTION('',(0.996584493007,8.257934547233E-02,0.));
#6845 = PCURVE('',#6798,#6846);
#6846 = DEFINITIONAL_REPRESENTATION('',(#6847),#6851);
#6847 = LINE('',#6848,#6849);
#6848 = CARTESIAN_POINT('',(0.,-4.27));
#6849 = VECTOR('',#6850,1.);
#6850 = DIRECTION('',(1.,0.));
#6851 = ( GEOMETRIC_REPRESENTATION_CONTEXT(2) 
PARAMETRIC_REPRESENTATION_CONTEXT() REPRESENTATION_CONTEXT('2D SPACE',''
  ) );
#6852 = PCURVE('',#102,#6853);
#6853 = DEFINITIONAL_REPRESENTATION('',(#6854),#6858);
#6854 = LINE('',#6855,#6856);
#6855 = CARTESIAN_POINT('',(-4.95474662709,28.422647841415));
#6856 = VECTOR('',#6857,1.);
#6857 = DIRECTION('',(0.996584493007,8.257934547233E-02));
#6858 = ( GEOMETRIC_REPRESENTATION_CONTEXT(2) 
PARAMETRIC_REPRESENTATION_CONTEXT() REPRESENTATION_CONTEXT('2D SPACE',''
  ) );
#6859 = ORIENTED_EDGE('',*,*,#6860,.F.);
#6860 = EDGE_CURVE('',#6814,#6838,#6861,.T.);
#6861 = SURFACE_CURVE('',#6862,(#6866,#6873),.PCURVE_S1.);
#6862 = LINE('',#6863,#6864);
#6863 = CARTESIAN_POINT('',(0.208956264975,28.850524462045,-2.135));
#6864 = VECTOR('',#6865,1.);
#6865 = DIRECTION('',(0.,0.,1.));
#6866 = PCURVE('',#6798,#6867);
#6867 = DEFINITIONAL_REPRESENTATION('',(#6868),#6872);
#6868 = LINE('',#6869,#6870);
#6869 = CARTESIAN_POINT('',(5.1814,0.));
#6870 = VECTOR('',#6871,1.);
#6871 = DIRECTION('',(0.,-1.));
#6872 = ( GEOMETRIC_REPRESENTATION_CONTEXT(2) 
PARAMETRIC_REPRESENTATION_CONTEXT() REPRESENTATION_CONTEXT('2D SPACE',''
  ) );
#6873 = PCURVE('',#6874,#6879);
#6874 = PLANE('',#6875);
#6875 = AXIS2_PLACEMENT_3D('',#6876,#6877,#6878);
#6876 = CARTESIAN_POINT('',(0.208956264975,28.850524462045,-2.135));
#6877 = DIRECTION('',(-0.979238087548,0.202713511871,0.));
#6878 = DIRECTION('',(0.202713511871,0.979238087548,0.));
#6879 = DEFINITIONAL_REPRESENTATION('',(#6880),#6884);
#6880 = LINE('',#6881,#6882);
#6881 = CARTESIAN_POINT('',(0.,0.));
#6882 = VECTOR('',#6883,1.);
#6883 = DIRECTION('',(0.,-1.));
#6884 = ( GEOMETRIC_REPRESENTATION_CONTEXT(2) 
PARAMETRIC_REPRESENTATION_CONTEXT() REPRESENTATION_CONTEXT('2D SPACE',''
  ) );
#6885 = ADVANCED_FACE('',(#6886),#6874,.T.);
#6886 = FACE_BOUND('',#6887,.T.);
#6887 = EDGE_LOOP('',(#6888,#6911,#6912,#6935));
#6888 = ORIENTED_EDGE('',*,*,#6889,.F.);
#6889 = EDGE_CURVE('',#6814,#6890,#6892,.T.);
#6890 = VERTEX_POINT('',#6891);
#6891 = CARTESIAN_POINT('',(0.734451157124,31.389006522041,-2.135));
#6892 = SURFACE_CURVE('',#6893,(#6897,#6904),.PCURVE_S1.);
#6893 = LINE('',#6894,#6895);
#6894 = CARTESIAN_POINT('',(0.208956264975,28.850524462045,-2.135));
#6895 = VECTOR('',#6896,1.);
#6896 = DIRECTION('',(0.202713511871,0.979238087548,0.));
#6897 = PCURVE('',#6874,#6898);
#6898 = DEFINITIONAL_REPRESENTATION('',(#6899),#6903);
#6899 = LINE('',#6900,#6901);
#6900 = CARTESIAN_POINT('',(0.,0.));
#6901 = VECTOR('',#6902,1.);
#6902 = DIRECTION('',(1.,0.));
#6903 = ( GEOMETRIC_REPRESENTATION_CONTEXT(2) 
PARAMETRIC_REPRESENTATION_CONTEXT() REPRESENTATION_CONTEXT('2D SPACE',''
  ) );
#6904 = PCURVE('',#45,#6905);
#6905 = DEFINITIONAL_REPRESENTATION('',(#6906),#6910);
#6906 = LINE('',#6907,#6908);
#6907 = CARTESIAN_POINT('',(0.208956264975,28.850524462045));
#6908 = VECTOR('',#6909,1.);
#6909 = DIRECTION('',(0.202713511871,0.979238087548));
#6910 = ( GEOMETRIC_REPRESENTATION_CONTEXT(2) 
PARAMETRIC_REPRESENTATION_CONTEXT() REPRESENTATION_CONTEXT('2D SPACE',''
  ) );
#6911 = ORIENTED_EDGE('',*,*,#6860,.T.);
#6912 = ORIENTED_EDGE('',*,*,#6913,.T.);
#6913 = EDGE_CURVE('',#6838,#6914,#6916,.T.);
#6914 = VERTEX_POINT('',#6915);
#6915 = CARTESIAN_POINT('',(0.734451157124,31.389006522041,2.135));
#6916 = SURFACE_CURVE('',#6917,(#6921,#6928),.PCURVE_S1.);
#6917 = LINE('',#6918,#6919);
#6918 = CARTESIAN_POINT('',(0.208956264975,28.850524462045,2.135));
#6919 = VECTOR('',#6920,1.);
#6920 = DIRECTION('',(0.202713511871,0.979238087548,0.));
#6921 = PCURVE('',#6874,#6922);
#6922 = DEFINITIONAL_REPRESENTATION('',(#6923),#6927);
#6923 = LINE('',#6924,#6925);
#6924 = CARTESIAN_POINT('',(0.,-4.27));
#6925 = VECTOR('',#6926,1.);
#6926 = DIRECTION('',(1.,0.));
#6927 = ( GEOMETRIC_REPRESENTATION_CONTEXT(2) 
PARAMETRIC_REPRESENTATION_CONTEXT() REPRESENTATION_CONTEXT('2D SPACE',''
  ) );
#6928 = PCURVE('',#102,#6929);
#6929 = DEFINITIONAL_REPRESENTATION('',(#6930),#6934);
#6930 = LINE('',#6931,#6932);
#6931 = CARTESIAN_POINT('',(0.208956264975,28.850524462045));
#6932 = VECTOR('',#6933,1.);
#6933 = DIRECTION('',(0.202713511871,0.979238087548));
#6934 = ( GEOMETRIC_REPRESENTATION_CONTEXT(2) 
PARAMETRIC_REPRESENTATION_CONTEXT() REPRESENTATION_CONTEXT('2D SPACE',''
  ) );
#6935 = ORIENTED_EDGE('',*,*,#6936,.T.);
#6936 = EDGE_CURVE('',#6914,#6890,#6937,.T.);
#6937 = SURFACE_CURVE('',#6938,(#6942,#6949),.PCURVE_S1.);
#6938 = LINE('',#6939,#6940);
#6939 = CARTESIAN_POINT('',(0.734451157124,31.389006522041,-2.135));
#6940 = VECTOR('',#6941,1.);
#6941 = DIRECTION('',(-0.,-0.,-1.));
#6942 = PCURVE('',#6874,#6943);
#6943 = DEFINITIONAL_REPRESENTATION('',(#6944),#6948);
#6944 = LINE('',#6945,#6946);
#6945 = CARTESIAN_POINT('',(2.592303232764,0.));
#6946 = VECTOR('',#6947,1.);
#6947 = DIRECTION('',(0.,1.));
#6948 = ( GEOMETRIC_REPRESENTATION_CONTEXT(2) 
PARAMETRIC_REPRESENTATION_CONTEXT() REPRESENTATION_CONTEXT('2D SPACE',''
  ) );
#6949 = PCURVE('',#6950,#6955);
#6950 = CYLINDRICAL_SURFACE('',#6951,31.397597821218);
#6951 = AXIS2_PLACEMENT_3D('',#6952,#6953,#6954);
#6952 = CARTESIAN_POINT('',(0.,0.,-2.135));
#6953 = DIRECTION('',(-0.,-0.,-1.));
#6954 = DIRECTION('',(1.,0.,0.));
#6955 = DEFINITIONAL_REPRESENTATION('',(#6956),#6960);
#6956 = LINE('',#6957,#6958);
#6957 = CARTESIAN_POINT('',(-1.547402239205,0.));
#6958 = VECTOR('',#6959,1.);
#6959 = DIRECTION('',(-0.,1.));
#6960 = ( GEOMETRIC_REPRESENTATION_CONTEXT(2) 
PARAMETRIC_REPRESENTATION_CONTEXT() REPRESENTATION_CONTEXT('2D SPACE',''
  ) );
#6961 = ADVANCED_FACE('',(#6962),#6950,.T.);
#6962 = FACE_BOUND('',#6963,.F.);
#6963 = EDGE_LOOP('',(#6964,#6988,#7016,#7038));
#6964 = ORIENTED_EDGE('',*,*,#6965,.F.);
#6965 = EDGE_CURVE('',#6966,#6890,#6968,.T.);
#6966 = VERTEX_POINT('',#6967);
#6967 = CARTESIAN_POINT('',(4.442026467188,31.081788072885,-2.135));
#6968 = SURFACE_CURVE('',#6969,(#6974,#6981),.PCURVE_S1.);
#6969 = CIRCLE('',#6970,31.397597821218);
#6970 = AXIS2_PLACEMENT_3D('',#6971,#6972,#6973);
#6971 = CARTESIAN_POINT('',(0.,0.,-2.135));
#6972 = DIRECTION('',(0.,0.,1.));
#6973 = DIRECTION('',(1.,0.,0.));
#6974 = PCURVE('',#6950,#6975);
#6975 = DEFINITIONAL_REPRESENTATION('',(#6976),#6980);
#6976 = LINE('',#6977,#6978);
#6977 = CARTESIAN_POINT('',(-0.,0.));
#6978 = VECTOR('',#6979,1.);
#6979 = DIRECTION('',(-1.,0.));
#6980 = ( GEOMETRIC_REPRESENTATION_CONTEXT(2) 
PARAMETRIC_REPRESENTATION_CONTEXT() REPRESENTATION_CONTEXT('2D SPACE',''
  ) );
#6981 = PCURVE('',#45,#6982);
#6982 = DEFINITIONAL_REPRESENTATION('',(#6983),#6987);
#6983 = CIRCLE('',#6984,31.397597821218);
#6984 = AXIS2_PLACEMENT_2D('',#6985,#6986);
#6985 = CARTESIAN_POINT('',(2.090514272322E-15,-2.899329622222E-15));
#6986 = DIRECTION('',(1.,0.));
#6987 = ( GEOMETRIC_REPRESENTATION_CONTEXT(2) 
PARAMETRIC_REPRESENTATION_CONTEXT() REPRESENTATION_CONTEXT('2D SPACE',''
  ) );
#6988 = ORIENTED_EDGE('',*,*,#6989,.F.);
#6989 = EDGE_CURVE('',#6990,#6966,#6992,.T.);
#6990 = VERTEX_POINT('',#6991);
#6991 = CARTESIAN_POINT('',(4.442026467188,31.081788072885,2.135));
#6992 = SURFACE_CURVE('',#6993,(#6997,#7004),.PCURVE_S1.);
#6993 = LINE('',#6994,#6995);
#6994 = CARTESIAN_POINT('',(4.442026467188,31.081788072885,-2.135));
#6995 = VECTOR('',#6996,1.);
#6996 = DIRECTION('',(-0.,-0.,-1.));
#6997 = PCURVE('',#6950,#6998);
#6998 = DEFINITIONAL_REPRESENTATION('',(#6999),#7003);
#6999 = LINE('',#7000,#7001);
#7000 = CARTESIAN_POINT('',(-1.428843432617,0.));
#7001 = VECTOR('',#7002,1.);
#7002 = DIRECTION('',(-0.,1.));
#7003 = ( GEOMETRIC_REPRESENTATION_CONTEXT(2) 
PARAMETRIC_REPRESENTATION_CONTEXT() REPRESENTATION_CONTEXT('2D SPACE',''
  ) );
#7004 = PCURVE('',#7005,#7010);
#7005 = PLANE('',#7006);
#7006 = AXIS2_PLACEMENT_3D('',#7007,#7008,#7009);
#7007 = CARTESIAN_POINT('',(4.313626078976,34.391021328608,-2.135));
#7008 = DIRECTION('',(0.999248103806,3.877147197965E-02,0.));
#7009 = DIRECTION('',(3.877147197965E-02,-0.999248103806,0.));
#7010 = DEFINITIONAL_REPRESENTATION('',(#7011),#7015);
#7011 = LINE('',#7012,#7013);
#7012 = CARTESIAN_POINT('',(3.311723327887,0.));
#7013 = VECTOR('',#7014,1.);
#7014 = DIRECTION('',(0.,1.));
#7015 = ( GEOMETRIC_REPRESENTATION_CONTEXT(2) 
PARAMETRIC_REPRESENTATION_CONTEXT() REPRESENTATION_CONTEXT('2D SPACE',''
  ) );
#7016 = ORIENTED_EDGE('',*,*,#7017,.T.);
#7017 = EDGE_CURVE('',#6990,#6914,#7018,.T.);
#7018 = SURFACE_CURVE('',#7019,(#7024,#7031),.PCURVE_S1.);
#7019 = CIRCLE('',#7020,31.397597821218);
#7020 = AXIS2_PLACEMENT_3D('',#7021,#7022,#7023);
#7021 = CARTESIAN_POINT('',(0.,0.,2.135));
#7022 = DIRECTION('',(0.,0.,1.));
#7023 = DIRECTION('',(1.,0.,0.));
#7024 = PCURVE('',#6950,#7025);
#7025 = DEFINITIONAL_REPRESENTATION('',(#7026),#7030);
#7026 = LINE('',#7027,#7028);
#7027 = CARTESIAN_POINT('',(-0.,-4.27));
#7028 = VECTOR('',#7029,1.);
#7029 = DIRECTION('',(-1.,0.));
#7030 = ( GEOMETRIC_REPRESENTATION_CONTEXT(2) 
PARAMETRIC_REPRESENTATION_CONTEXT() REPRESENTATION_CONTEXT('2D SPACE',''
  ) );
#7031 = PCURVE('',#102,#7032);
#7032 = DEFINITIONAL_REPRESENTATION('',(#7033),#7037);
#7033 = CIRCLE('',#7034,31.397597821218);
#7034 = AXIS2_PLACEMENT_2D('',#7035,#7036);
#7035 = CARTESIAN_POINT('',(2.090514272322E-15,-2.899329622222E-15));
#7036 = DIRECTION('',(1.,0.));
#7037 = ( GEOMETRIC_REPRESENTATION_CONTEXT(2) 
PARAMETRIC_REPRESENTATION_CONTEXT() REPRESENTATION_CONTEXT('2D SPACE',''
  ) );
#7038 = ORIENTED_EDGE('',*,*,#6936,.T.);
#7039 = ADVANCED_FACE('',(#7040),#7005,.T.);
#7040 = FACE_BOUND('',#7041,.T.);
#7041 = EDGE_LOOP('',(#7042,#7065,#7066,#7089));
#7042 = ORIENTED_EDGE('',*,*,#7043,.F.);
#7043 = EDGE_CURVE('',#6966,#7044,#7046,.T.);
#7044 = VERTEX_POINT('',#7045);
#7045 = CARTESIAN_POINT('',(4.54253387934,28.491433983055,-2.135));
#7046 = SURFACE_CURVE('',#7047,(#7051,#7058),.PCURVE_S1.);
#7047 = LINE('',#7048,#7049);
#7048 = CARTESIAN_POINT('',(4.313626078976,34.391021328608,-2.135));
#7049 = VECTOR('',#7050,1.);
#7050 = DIRECTION('',(3.877147197965E-02,-0.999248103806,0.));
#7051 = PCURVE('',#7005,#7052);
#7052 = DEFINITIONAL_REPRESENTATION('',(#7053),#7057);
#7053 = LINE('',#7054,#7055);
#7054 = CARTESIAN_POINT('',(0.,0.));
#7055 = VECTOR('',#7056,1.);
#7056 = DIRECTION('',(1.,0.));
#7057 = ( GEOMETRIC_REPRESENTATION_CONTEXT(2) 
PARAMETRIC_REPRESENTATION_CONTEXT() REPRESENTATION_CONTEXT('2D SPACE',''
  ) );
#7058 = PCURVE('',#45,#7059);
#7059 = DEFINITIONAL_REPRESENTATION('',(#7060),#7064);
#7060 = LINE('',#7061,#7062);
#7061 = CARTESIAN_POINT('',(4.313626078976,34.391021328608));
#7062 = VECTOR('',#7063,1.);
#7063 = DIRECTION('',(3.877147197965E-02,-0.999248103806));
#7064 = ( GEOMETRIC_REPRESENTATION_CONTEXT(2) 
PARAMETRIC_REPRESENTATION_CONTEXT() REPRESENTATION_CONTEXT('2D SPACE',''
  ) );
#7065 = ORIENTED_EDGE('',*,*,#6989,.F.);
#7066 = ORIENTED_EDGE('',*,*,#7067,.T.);
#7067 = EDGE_CURVE('',#6990,#7068,#7070,.T.);
#7068 = VERTEX_POINT('',#7069);
#7069 = CARTESIAN_POINT('',(4.54253387934,28.491433983055,2.135));
#7070 = SURFACE_CURVE('',#7071,(#7075,#7082),.PCURVE_S1.);
#7071 = LINE('',#7072,#7073);
#7072 = CARTESIAN_POINT('',(4.313626078976,34.391021328608,2.135));
#7073 = VECTOR('',#7074,1.);
#7074 = DIRECTION('',(3.877147197965E-02,-0.999248103806,0.));
#7075 = PCURVE('',#7005,#7076);
#7076 = DEFINITIONAL_REPRESENTATION('',(#7077),#7081);
#7077 = LINE('',#7078,#7079);
#7078 = CARTESIAN_POINT('',(0.,-4.27));
#7079 = VECTOR('',#7080,1.);
#7080 = DIRECTION('',(1.,0.));
#7081 = ( GEOMETRIC_REPRESENTATION_CONTEXT(2) 
PARAMETRIC_REPRESENTATION_CONTEXT() REPRESENTATION_CONTEXT('2D SPACE',''
  ) );
#7082 = PCURVE('',#102,#7083);
#7083 = DEFINITIONAL_REPRESENTATION('',(#7084),#7088);
#7084 = LINE('',#7085,#7086);
#7085 = CARTESIAN_POINT('',(4.313626078976,34.391021328608));
#7086 = VECTOR('',#7087,1.);
#7087 = DIRECTION('',(3.877147197965E-02,-0.999248103806));
#7088 = ( GEOMETRIC_REPRESENTATION_CONTEXT(2) 
PARAMETRIC_REPRESENTATION_CONTEXT() REPRESENTATION_CONTEXT('2D SPACE',''
  ) );
#7089 = ORIENTED_EDGE('',*,*,#7090,.F.);
#7090 = EDGE_CURVE('',#7044,#7068,#7091,.T.);
#7091 = SURFACE_CURVE('',#7092,(#7096,#7103),.PCURVE_S1.);
#7092 = LINE('',#7093,#7094);
#7093 = CARTESIAN_POINT('',(4.54253387934,28.491433983055,-2.135));
#7094 = VECTOR('',#7095,1.);
#7095 = DIRECTION('',(0.,0.,1.));
#7096 = PCURVE('',#7005,#7097);
#7097 = DEFINITIONAL_REPRESENTATION('',(#7098),#7102);
#7098 = LINE('',#7099,#7100);
#7099 = CARTESIAN_POINT('',(5.904026560651,0.));
#7100 = VECTOR('',#7101,1.);
#7101 = DIRECTION('',(0.,-1.));
#7102 = ( GEOMETRIC_REPRESENTATION_CONTEXT(2) 
PARAMETRIC_REPRESENTATION_CONTEXT() REPRESENTATION_CONTEXT('2D SPACE',''
  ) );
#7103 = PCURVE('',#7104,#7109);
#7104 = PLANE('',#7105);
#7105 = AXIS2_PLACEMENT_3D('',#7106,#7107,#7108);
#7106 = CARTESIAN_POINT('',(4.54253387934,28.491433983055,-2.135));
#7107 = DIRECTION('',(0.245485487141,0.969400265939,0.));
#7108 = DIRECTION('',(0.969400265939,-0.245485487141,0.));
#7109 = DEFINITIONAL_REPRESENTATION('',(#7110),#7114);
#7110 = LINE('',#7111,#7112);
#7111 = CARTESIAN_POINT('',(0.,0.));
#7112 = VECTOR('',#7113,1.);
#7113 = DIRECTION('',(0.,-1.));
#7114 = ( GEOMETRIC_REPRESENTATION_CONTEXT(2) 
PARAMETRIC_REPRESENTATION_CONTEXT() REPRESENTATION_CONTEXT('2D SPACE',''
  ) );
#7115 = ADVANCED_FACE('',(#7116),#7104,.T.);
#7116 = FACE_BOUND('',#7117,.T.);
#7117 = EDGE_LOOP('',(#7118,#7141,#7142,#7165));
#7118 = ORIENTED_EDGE('',*,*,#7119,.F.);
#7119 = EDGE_CURVE('',#7044,#7120,#7122,.T.);
#7120 = VERTEX_POINT('',#7121);
#7121 = CARTESIAN_POINT('',(4.550028756586,28.489536022371,-2.135));
#7122 = SURFACE_CURVE('',#7123,(#7127,#7134),.PCURVE_S1.);
#7123 = LINE('',#7124,#7125);
#7124 = CARTESIAN_POINT('',(4.54253387934,28.491433983055,-2.135));
#7125 = VECTOR('',#7126,1.);
#7126 = DIRECTION('',(0.969400265939,-0.245485487141,0.));
#7127 = PCURVE('',#7104,#7128);
#7128 = DEFINITIONAL_REPRESENTATION('',(#7129),#7133);
#7129 = LINE('',#7130,#7131);
#7130 = CARTESIAN_POINT('',(0.,0.));
#7131 = VECTOR('',#7132,1.);
#7132 = DIRECTION('',(1.,0.));
#7133 = ( GEOMETRIC_REPRESENTATION_CONTEXT(2) 
PARAMETRIC_REPRESENTATION_CONTEXT() REPRESENTATION_CONTEXT('2D SPACE',''
  ) );
#7134 = PCURVE('',#45,#7135);
#7135 = DEFINITIONAL_REPRESENTATION('',(#7136),#7140);
#7136 = LINE('',#7137,#7138);
#7137 = CARTESIAN_POINT('',(4.54253387934,28.491433983055));
#7138 = VECTOR('',#7139,1.);
#7139 = DIRECTION('',(0.969400265939,-0.245485487141));
#7140 = ( GEOMETRIC_REPRESENTATION_CONTEXT(2) 
PARAMETRIC_REPRESENTATION_CONTEXT() REPRESENTATION_CONTEXT('2D SPACE',''
  ) );
#7141 = ORIENTED_EDGE('',*,*,#7090,.T.);
#7142 = ORIENTED_EDGE('',*,*,#7143,.T.);
#7143 = EDGE_CURVE('',#7068,#7144,#7146,.T.);
#7144 = VERTEX_POINT('',#7145);
#7145 = CARTESIAN_POINT('',(4.550028756586,28.489536022371,2.135));
#7146 = SURFACE_CURVE('',#7147,(#7151,#7158),.PCURVE_S1.);
#7147 = LINE('',#7148,#7149);
#7148 = CARTESIAN_POINT('',(4.54253387934,28.491433983055,2.135));
#7149 = VECTOR('',#7150,1.);
#7150 = DIRECTION('',(0.969400265939,-0.245485487141,0.));
#7151 = PCURVE('',#7104,#7152);
#7152 = DEFINITIONAL_REPRESENTATION('',(#7153),#7157);
#7153 = LINE('',#7154,#7155);
#7154 = CARTESIAN_POINT('',(0.,-4.27));
#7155 = VECTOR('',#7156,1.);
#7156 = DIRECTION('',(1.,0.));
#7157 = ( GEOMETRIC_REPRESENTATION_CONTEXT(2) 
PARAMETRIC_REPRESENTATION_CONTEXT() REPRESENTATION_CONTEXT('2D SPACE',''
  ) );
#7158 = PCURVE('',#102,#7159);
#7159 = DEFINITIONAL_REPRESENTATION('',(#7160),#7164);
#7160 = LINE('',#7161,#7162);
#7161 = CARTESIAN_POINT('',(4.54253387934,28.491433983055));
#7162 = VECTOR('',#7163,1.);
#7163 = DIRECTION('',(0.969400265939,-0.245485487141));
#7164 = ( GEOMETRIC_REPRESENTATION_CONTEXT(2) 
PARAMETRIC_REPRESENTATION_CONTEXT() REPRESENTATION_CONTEXT('2D SPACE',''
  ) );
#7165 = ORIENTED_EDGE('',*,*,#7166,.T.);
#7166 = EDGE_CURVE('',#7144,#7120,#7167,.T.);
#7167 = SURFACE_CURVE('',#7168,(#7172,#7179),.PCURVE_S1.);
#7168 = LINE('',#7169,#7170);
#7169 = CARTESIAN_POINT('',(4.550028756586,28.489536022371,-2.135));
#7170 = VECTOR('',#7171,1.);
#7171 = DIRECTION('',(0.,-0.,-1.));
#7172 = PCURVE('',#7104,#7173);
#7173 = DEFINITIONAL_REPRESENTATION('',(#7174),#7178);
#7174 = LINE('',#7175,#7176);
#7175 = CARTESIAN_POINT('',(7.731457798992E-03,0.));
#7176 = VECTOR('',#7177,1.);
#7177 = DIRECTION('',(0.,1.));
#7178 = ( GEOMETRIC_REPRESENTATION_CONTEXT(2) 
PARAMETRIC_REPRESENTATION_CONTEXT() REPRESENTATION_CONTEXT('2D SPACE',''
  ) );
#7179 = PCURVE('',#7180,#7185);
#7180 = CYLINDRICAL_SURFACE('',#7181,2.5907);
#7181 = AXIS2_PLACEMENT_3D('',#7182,#7183,#7184);
#7182 = CARTESIAN_POINT('',(7.103056245737,28.049334784707,-2.135));
#7183 = DIRECTION('',(0.,-0.,-1.));
#7184 = DIRECTION('',(0.245485487141,0.969400265939,0.));
#7185 = DEFINITIONAL_REPRESENTATION('',(#7186),#7190);
#7186 = LINE('',#7187,#7188);
#7187 = CARTESIAN_POINT('',(-1.648072426672,0.));
#7188 = VECTOR('',#7189,1.);
#7189 = DIRECTION('',(-0.,1.));
#7190 = ( GEOMETRIC_REPRESENTATION_CONTEXT(2) 
PARAMETRIC_REPRESENTATION_CONTEXT() REPRESENTATION_CONTEXT('2D SPACE',''
  ) );
#7191 = ADVANCED_FACE('',(#7192),#7180,.F.);
#7192 = FACE_BOUND('',#7193,.T.);
#7193 = EDGE_LOOP('',(#7194,#7218,#7219,#7243));
#7194 = ORIENTED_EDGE('',*,*,#7195,.F.);
#7195 = EDGE_CURVE('',#7120,#7196,#7198,.T.);
#7196 = VERTEX_POINT('',#7197);
#7197 = CARTESIAN_POINT('',(9.557889540031,27.221373440668,-2.135));
#7198 = SURFACE_CURVE('',#7199,(#7204,#7211),.PCURVE_S1.);
#7199 = CIRCLE('',#7200,2.5907);
#7200 = AXIS2_PLACEMENT_3D('',#7201,#7202,#7203);
#7201 = CARTESIAN_POINT('',(7.103056245737,28.049334784707,-2.135));
#7202 = DIRECTION('',(0.,-0.,1.));
#7203 = DIRECTION('',(0.245485487141,0.969400265939,0.));
#7204 = PCURVE('',#7180,#7205);
#7205 = DEFINITIONAL_REPRESENTATION('',(#7206),#7210);
#7206 = LINE('',#7207,#7208);
#7207 = CARTESIAN_POINT('',(-0.,0.));
#7208 = VECTOR('',#7209,1.);
#7209 = DIRECTION('',(-1.,0.));
#7210 = ( GEOMETRIC_REPRESENTATION_CONTEXT(2) 
PARAMETRIC_REPRESENTATION_CONTEXT() REPRESENTATION_CONTEXT('2D SPACE',''
  ) );
#7211 = PCURVE('',#45,#7212);
#7212 = DEFINITIONAL_REPRESENTATION('',(#7213),#7217);
#7213 = CIRCLE('',#7214,2.5907);
#7214 = AXIS2_PLACEMENT_2D('',#7215,#7216);
#7215 = CARTESIAN_POINT('',(7.103056245737,28.049334784707));
#7216 = DIRECTION('',(0.245485487141,0.969400265939));
#7217 = ( GEOMETRIC_REPRESENTATION_CONTEXT(2) 
PARAMETRIC_REPRESENTATION_CONTEXT() REPRESENTATION_CONTEXT('2D SPACE',''
  ) );
#7218 = ORIENTED_EDGE('',*,*,#7166,.F.);
#7219 = ORIENTED_EDGE('',*,*,#7220,.T.);
#7220 = EDGE_CURVE('',#7144,#7221,#7223,.T.);
#7221 = VERTEX_POINT('',#7222);
#7222 = CARTESIAN_POINT('',(9.557889540031,27.221373440668,2.135));
#7223 = SURFACE_CURVE('',#7224,(#7229,#7236),.PCURVE_S1.);
#7224 = CIRCLE('',#7225,2.5907);
#7225 = AXIS2_PLACEMENT_3D('',#7226,#7227,#7228);
#7226 = CARTESIAN_POINT('',(7.103056245737,28.049334784707,2.135));
#7227 = DIRECTION('',(0.,-0.,1.));
#7228 = DIRECTION('',(0.245485487141,0.969400265939,0.));
#7229 = PCURVE('',#7180,#7230);
#7230 = DEFINITIONAL_REPRESENTATION('',(#7231),#7235);
#7231 = LINE('',#7232,#7233);
#7232 = CARTESIAN_POINT('',(-0.,-4.27));
#7233 = VECTOR('',#7234,1.);
#7234 = DIRECTION('',(-1.,0.));
#7235 = ( GEOMETRIC_REPRESENTATION_CONTEXT(2) 
PARAMETRIC_REPRESENTATION_CONTEXT() REPRESENTATION_CONTEXT('2D SPACE',''
  ) );
#7236 = PCURVE('',#102,#7237);
#7237 = DEFINITIONAL_REPRESENTATION('',(#7238),#7242);
#7238 = CIRCLE('',#7239,2.5907);
#7239 = AXIS2_PLACEMENT_2D('',#7240,#7241);
#7240 = CARTESIAN_POINT('',(7.103056245737,28.049334784707));
#7241 = DIRECTION('',(0.245485487141,0.969400265939));
#7242 = ( GEOMETRIC_REPRESENTATION_CONTEXT(2) 
PARAMETRIC_REPRESENTATION_CONTEXT() REPRESENTATION_CONTEXT('2D SPACE',''
  ) );
#7243 = ORIENTED_EDGE('',*,*,#7244,.T.);
#7244 = EDGE_CURVE('',#7221,#7196,#7245,.T.);
#7245 = SURFACE_CURVE('',#7246,(#7250,#7257),.PCURVE_S1.);
#7246 = LINE('',#7247,#7248);
#7247 = CARTESIAN_POINT('',(9.557889540031,27.221373440668,-2.135));
#7248 = VECTOR('',#7249,1.);
#7249 = DIRECTION('',(0.,-0.,-1.));
#7250 = PCURVE('',#7180,#7251);
#7251 = DEFINITIONAL_REPRESENTATION('',(#7252),#7256);
#7252 = LINE('',#7253,#7254);
#7253 = CARTESIAN_POINT('',(-4.635112880507,0.));
#7254 = VECTOR('',#7255,1.);
#7255 = DIRECTION('',(-0.,1.));
#7256 = ( GEOMETRIC_REPRESENTATION_CONTEXT(2) 
PARAMETRIC_REPRESENTATION_CONTEXT() REPRESENTATION_CONTEXT('2D SPACE',''
  ) );
#7257 = PCURVE('',#7258,#7263);
#7258 = PLANE('',#7259);
#7259 = AXIS2_PLACEMENT_3D('',#7260,#7261,#7262);
#7260 = CARTESIAN_POINT('',(4.54253387934,28.491433983055,-2.135));
#7261 = DIRECTION('',(0.245485487141,0.969400265939,0.));
#7262 = DIRECTION('',(0.969400265939,-0.245485487141,0.));
#7263 = DEFINITIONAL_REPRESENTATION('',(#7264),#7268);
#7264 = LINE('',#7265,#7266);
#7265 = CARTESIAN_POINT('',(5.173668542201,0.));
#7266 = VECTOR('',#7267,1.);
#7267 = DIRECTION('',(0.,1.));
#7268 = ( GEOMETRIC_REPRESENTATION_CONTEXT(2) 
PARAMETRIC_REPRESENTATION_CONTEXT() REPRESENTATION_CONTEXT('2D SPACE',''
  ) );
#7269 = ADVANCED_FACE('',(#7270),#7258,.T.);
#7270 = FACE_BOUND('',#7271,.T.);
#7271 = EDGE_LOOP('',(#7272,#7295,#7296,#7319));
#7272 = ORIENTED_EDGE('',*,*,#7273,.F.);
#7273 = EDGE_CURVE('',#7196,#7274,#7276,.T.);
#7274 = VERTEX_POINT('',#7275);
#7275 = CARTESIAN_POINT('',(9.565384417278,27.219475479984,-2.135));
#7276 = SURFACE_CURVE('',#7277,(#7281,#7288),.PCURVE_S1.);
#7277 = LINE('',#7278,#7279);
#7278 = CARTESIAN_POINT('',(4.54253387934,28.491433983055,-2.135));
#7279 = VECTOR('',#7280,1.);
#7280 = DIRECTION('',(0.969400265939,-0.245485487141,0.));
#7281 = PCURVE('',#7258,#7282);
#7282 = DEFINITIONAL_REPRESENTATION('',(#7283),#7287);
#7283 = LINE('',#7284,#7285);
#7284 = CARTESIAN_POINT('',(0.,0.));
#7285 = VECTOR('',#7286,1.);
#7286 = DIRECTION('',(1.,0.));
#7287 = ( GEOMETRIC_REPRESENTATION_CONTEXT(2) 
PARAMETRIC_REPRESENTATION_CONTEXT() REPRESENTATION_CONTEXT('2D SPACE',''
  ) );
#7288 = PCURVE('',#45,#7289);
#7289 = DEFINITIONAL_REPRESENTATION('',(#7290),#7294);
#7290 = LINE('',#7291,#7292);
#7291 = CARTESIAN_POINT('',(4.54253387934,28.491433983055));
#7292 = VECTOR('',#7293,1.);
#7293 = DIRECTION('',(0.969400265939,-0.245485487141));
#7294 = ( GEOMETRIC_REPRESENTATION_CONTEXT(2) 
PARAMETRIC_REPRESENTATION_CONTEXT() REPRESENTATION_CONTEXT('2D SPACE',''
  ) );
#7295 = ORIENTED_EDGE('',*,*,#7244,.F.);
#7296 = ORIENTED_EDGE('',*,*,#7297,.T.);
#7297 = EDGE_CURVE('',#7221,#7298,#7300,.T.);
#7298 = VERTEX_POINT('',#7299);
#7299 = CARTESIAN_POINT('',(9.565384417278,27.219475479984,2.135));
#7300 = SURFACE_CURVE('',#7301,(#7305,#7312),.PCURVE_S1.);
#7301 = LINE('',#7302,#7303);
#7302 = CARTESIAN_POINT('',(4.54253387934,28.491433983055,2.135));
#7303 = VECTOR('',#7304,1.);
#7304 = DIRECTION('',(0.969400265939,-0.245485487141,0.));
#7305 = PCURVE('',#7258,#7306);
#7306 = DEFINITIONAL_REPRESENTATION('',(#7307),#7311);
#7307 = LINE('',#7308,#7309);
#7308 = CARTESIAN_POINT('',(0.,-4.27));
#7309 = VECTOR('',#7310,1.);
#7310 = DIRECTION('',(1.,0.));
#7311 = ( GEOMETRIC_REPRESENTATION_CONTEXT(2) 
PARAMETRIC_REPRESENTATION_CONTEXT() REPRESENTATION_CONTEXT('2D SPACE',''
  ) );
#7312 = PCURVE('',#102,#7313);
#7313 = DEFINITIONAL_REPRESENTATION('',(#7314),#7318);
#7314 = LINE('',#7315,#7316);
#7315 = CARTESIAN_POINT('',(4.54253387934,28.491433983055));
#7316 = VECTOR('',#7317,1.);
#7317 = DIRECTION('',(0.969400265939,-0.245485487141));
#7318 = ( GEOMETRIC_REPRESENTATION_CONTEXT(2) 
PARAMETRIC_REPRESENTATION_CONTEXT() REPRESENTATION_CONTEXT('2D SPACE',''
  ) );
#7319 = ORIENTED_EDGE('',*,*,#7320,.F.);
#7320 = EDGE_CURVE('',#7274,#7298,#7321,.T.);
#7321 = SURFACE_CURVE('',#7322,(#7326,#7333),.PCURVE_S1.);
#7322 = LINE('',#7323,#7324);
#7323 = CARTESIAN_POINT('',(9.565384417278,27.219475479984,-2.135));
#7324 = VECTOR('',#7325,1.);
#7325 = DIRECTION('',(0.,0.,1.));
#7326 = PCURVE('',#7258,#7327);
#7327 = DEFINITIONAL_REPRESENTATION('',(#7328),#7332);
#7328 = LINE('',#7329,#7330);
#7329 = CARTESIAN_POINT('',(5.1814,0.));
#7330 = VECTOR('',#7331,1.);
#7331 = DIRECTION('',(0.,-1.));
#7332 = ( GEOMETRIC_REPRESENTATION_CONTEXT(2) 
PARAMETRIC_REPRESENTATION_CONTEXT() REPRESENTATION_CONTEXT('2D SPACE',''
  ) );
#7333 = PCURVE('',#7334,#7339);
#7334 = PLANE('',#7335);
#7335 = AXIS2_PLACEMENT_3D('',#7336,#7337,#7338);
#7336 = CARTESIAN_POINT('',(9.565384417278,27.219475479984,-2.135));
#7337 = DIRECTION('',(-0.860359297228,0.509688021906,0.));
#7338 = DIRECTION('',(0.509688021906,0.860359297228,0.));
#7339 = DEFINITIONAL_REPRESENTATION('',(#7340),#7344);
#7340 = LINE('',#7341,#7342);
#7341 = CARTESIAN_POINT('',(0.,0.));
#7342 = VECTOR('',#7343,1.);
#7343 = DIRECTION('',(0.,-1.));
#7344 = ( GEOMETRIC_REPRESENTATION_CONTEXT(2) 
PARAMETRIC_REPRESENTATION_CONTEXT() REPRESENTATION_CONTEXT('2D SPACE',''
  ) );
#7345 = ADVANCED_FACE('',(#7346),#7334,.T.);
#7346 = FACE_BOUND('',#7347,.T.);
#7347 = EDGE_LOOP('',(#7348,#7371,#7372,#7395));
#7348 = ORIENTED_EDGE('',*,*,#7349,.F.);
#7349 = EDGE_CURVE('',#7274,#7350,#7352,.T.);
#7350 = VERTEX_POINT('',#7351);
#7351 = CARTESIAN_POINT('',(10.886650324164,29.449787667525,-2.135));
#7352 = SURFACE_CURVE('',#7353,(#7357,#7364),.PCURVE_S1.);
#7353 = LINE('',#7354,#7355);
#7354 = CARTESIAN_POINT('',(9.565384417278,27.219475479984,-2.135));
#7355 = VECTOR('',#7356,1.);
#7356 = DIRECTION('',(0.509688021906,0.860359297228,0.));
#7357 = PCURVE('',#7334,#7358);
#7358 = DEFINITIONAL_REPRESENTATION('',(#7359),#7363);
#7359 = LINE('',#7360,#7361);
#7360 = CARTESIAN_POINT('',(0.,0.));
#7361 = VECTOR('',#7362,1.);
#7362 = DIRECTION('',(1.,0.));
#7363 = ( GEOMETRIC_REPRESENTATION_CONTEXT(2) 
PARAMETRIC_REPRESENTATION_CONTEXT() REPRESENTATION_CONTEXT('2D SPACE',''
  ) );
#7364 = PCURVE('',#45,#7365);
#7365 = DEFINITIONAL_REPRESENTATION('',(#7366),#7370);
#7366 = LINE('',#7367,#7368);
#7367 = CARTESIAN_POINT('',(9.565384417278,27.219475479984));
#7368 = VECTOR('',#7369,1.);
#7369 = DIRECTION('',(0.509688021906,0.860359297228));
#7370 = ( GEOMETRIC_REPRESENTATION_CONTEXT(2) 
PARAMETRIC_REPRESENTATION_CONTEXT() REPRESENTATION_CONTEXT('2D SPACE',''
  ) );
#7371 = ORIENTED_EDGE('',*,*,#7320,.T.);
#7372 = ORIENTED_EDGE('',*,*,#7373,.T.);
#7373 = EDGE_CURVE('',#7298,#7374,#7376,.T.);
#7374 = VERTEX_POINT('',#7375);
#7375 = CARTESIAN_POINT('',(10.886650324164,29.449787667525,2.135));
#7376 = SURFACE_CURVE('',#7377,(#7381,#7388),.PCURVE_S1.);
#7377 = LINE('',#7378,#7379);
#7378 = CARTESIAN_POINT('',(9.565384417278,27.219475479984,2.135));
#7379 = VECTOR('',#7380,1.);
#7380 = DIRECTION('',(0.509688021906,0.860359297228,0.));
#7381 = PCURVE('',#7334,#7382);
#7382 = DEFINITIONAL_REPRESENTATION('',(#7383),#7387);
#7383 = LINE('',#7384,#7385);
#7384 = CARTESIAN_POINT('',(0.,-4.27));
#7385 = VECTOR('',#7386,1.);
#7386 = DIRECTION('',(1.,0.));
#7387 = ( GEOMETRIC_REPRESENTATION_CONTEXT(2) 
PARAMETRIC_REPRESENTATION_CONTEXT() REPRESENTATION_CONTEXT('2D SPACE',''
  ) );
#7388 = PCURVE('',#102,#7389);
#7389 = DEFINITIONAL_REPRESENTATION('',(#7390),#7394);
#7390 = LINE('',#7391,#7392);
#7391 = CARTESIAN_POINT('',(9.565384417278,27.219475479984));
#7392 = VECTOR('',#7393,1.);
#7393 = DIRECTION('',(0.509688021906,0.860359297228));
#7394 = ( GEOMETRIC_REPRESENTATION_CONTEXT(2) 
PARAMETRIC_REPRESENTATION_CONTEXT() REPRESENTATION_CONTEXT('2D SPACE',''
  ) );
#7395 = ORIENTED_EDGE('',*,*,#7396,.T.);
#7396 = EDGE_CURVE('',#7374,#7350,#7397,.T.);
#7397 = SURFACE_CURVE('',#7398,(#7402,#7409),.PCURVE_S1.);
#7398 = LINE('',#7399,#7400);
#7399 = CARTESIAN_POINT('',(10.886650324165,29.449787667525,-2.135));
#7400 = VECTOR('',#7401,1.);
#7401 = DIRECTION('',(-0.,-0.,-1.));
#7402 = PCURVE('',#7334,#7403);
#7403 = DEFINITIONAL_REPRESENTATION('',(#7404),#7408);
#7404 = LINE('',#7405,#7406);
#7405 = CARTESIAN_POINT('',(2.592303232764,0.));
#7406 = VECTOR('',#7407,1.);
#7407 = DIRECTION('',(0.,1.));
#7408 = ( GEOMETRIC_REPRESENTATION_CONTEXT(2) 
PARAMETRIC_REPRESENTATION_CONTEXT() REPRESENTATION_CONTEXT('2D SPACE',''
  ) );
#7409 = PCURVE('',#7410,#7415);
#7410 = CYLINDRICAL_SURFACE('',#7411,31.397597821218);
#7411 = AXIS2_PLACEMENT_3D('',#7412,#7413,#7414);
#7412 = CARTESIAN_POINT('',(0.,0.,-2.135));
#7413 = DIRECTION('',(-0.,-0.,-1.));
#7414 = DIRECTION('',(1.,0.,0.));
#7415 = DEFINITIONAL_REPRESENTATION('',(#7416),#7420);
#7416 = LINE('',#7417,#7418);
#7417 = CARTESIAN_POINT('',(-1.216708275669,0.));
#7418 = VECTOR('',#7419,1.);
#7419 = DIRECTION('',(-0.,1.));
#7420 = ( GEOMETRIC_REPRESENTATION_CONTEXT(2) 
PARAMETRIC_REPRESENTATION_CONTEXT() REPRESENTATION_CONTEXT('2D SPACE',''
  ) );
#7421 = ADVANCED_FACE('',(#7422),#7410,.T.);
#7422 = FACE_BOUND('',#7423,.F.);
#7423 = EDGE_LOOP('',(#7424,#7448,#7476,#7498));
#7424 = ORIENTED_EDGE('',*,*,#7425,.F.);
#7425 = EDGE_CURVE('',#7426,#7350,#7428,.T.);
#7426 = VERTEX_POINT('',#7427);
#7427 = CARTESIAN_POINT('',(14.293585309956,27.955367426131,-2.135));
#7428 = SURFACE_CURVE('',#7429,(#7434,#7441),.PCURVE_S1.);
#7429 = CIRCLE('',#7430,31.397597821218);
#7430 = AXIS2_PLACEMENT_3D('',#7431,#7432,#7433);
#7431 = CARTESIAN_POINT('',(0.,0.,-2.135));
#7432 = DIRECTION('',(0.,0.,1.));
#7433 = DIRECTION('',(1.,0.,0.));
#7434 = PCURVE('',#7410,#7435);
#7435 = DEFINITIONAL_REPRESENTATION('',(#7436),#7440);
#7436 = LINE('',#7437,#7438);
#7437 = CARTESIAN_POINT('',(-0.,0.));
#7438 = VECTOR('',#7439,1.);
#7439 = DIRECTION('',(-1.,0.));
#7440 = ( GEOMETRIC_REPRESENTATION_CONTEXT(2) 
PARAMETRIC_REPRESENTATION_CONTEXT() REPRESENTATION_CONTEXT('2D SPACE',''
  ) );
#7441 = PCURVE('',#45,#7442);
#7442 = DEFINITIONAL_REPRESENTATION('',(#7443),#7447);
#7443 = CIRCLE('',#7444,31.397597821218);
#7444 = AXIS2_PLACEMENT_2D('',#7445,#7446);
#7445 = CARTESIAN_POINT('',(2.090514272322E-15,-2.899329622222E-15));
#7446 = DIRECTION('',(1.,0.));
#7447 = ( GEOMETRIC_REPRESENTATION_CONTEXT(2) 
PARAMETRIC_REPRESENTATION_CONTEXT() REPRESENTATION_CONTEXT('2D SPACE',''
  ) );
#7448 = ORIENTED_EDGE('',*,*,#7449,.F.);
#7449 = EDGE_CURVE('',#7450,#7426,#7452,.T.);
#7450 = VERTEX_POINT('',#7451);
#7451 = CARTESIAN_POINT('',(14.293585309956,27.955367426131,2.135));
#7452 = SURFACE_CURVE('',#7453,(#7457,#7464),.PCURVE_S1.);
#7453 = LINE('',#7454,#7455);
#7454 = CARTESIAN_POINT('',(14.293585309955,27.955367426131,-2.135));
#7455 = VECTOR('',#7456,1.);
#7456 = DIRECTION('',(-0.,-0.,-1.));
#7457 = PCURVE('',#7410,#7458);
#7458 = DEFINITIONAL_REPRESENTATION('',(#7459),#7463);
#7459 = LINE('',#7460,#7461);
#7460 = CARTESIAN_POINT('',(-1.098149469081,0.));
#7461 = VECTOR('',#7462,1.);
#7462 = DIRECTION('',(-0.,1.));
#7463 = ( GEOMETRIC_REPRESENTATION_CONTEXT(2) 
PARAMETRIC_REPRESENTATION_CONTEXT() REPRESENTATION_CONTEXT('2D SPACE',''
  ) );
#7464 = PCURVE('',#7465,#7470);
#7465 = PLANE('',#7466);
#7466 = AXIS2_PLACEMENT_3D('',#7467,#7468,#7469);
#7467 = CARTESIAN_POINT('',(15.246648290551,31.1269888341,-2.135));
#7468 = DIRECTION('',(0.957695161689,-0.287784602225,0.));
#7469 = DIRECTION('',(-0.287784602225,-0.957695161689,0.));
#7470 = DEFINITIONAL_REPRESENTATION('',(#7471),#7475);
#7471 = LINE('',#7472,#7473);
#7472 = CARTESIAN_POINT('',(3.311723327887,-0.));
#7473 = VECTOR('',#7474,1.);
#7474 = DIRECTION('',(0.,1.));
#7475 = ( GEOMETRIC_REPRESENTATION_CONTEXT(2) 
PARAMETRIC_REPRESENTATION_CONTEXT() REPRESENTATION_CONTEXT('2D SPACE',''
  ) );
#7476 = ORIENTED_EDGE('',*,*,#7477,.T.);
#7477 = EDGE_CURVE('',#7450,#7374,#7478,.T.);
#7478 = SURFACE_CURVE('',#7479,(#7484,#7491),.PCURVE_S1.);
#7479 = CIRCLE('',#7480,31.397597821218);
#7480 = AXIS2_PLACEMENT_3D('',#7481,#7482,#7483);
#7481 = CARTESIAN_POINT('',(0.,0.,2.135));
#7482 = DIRECTION('',(0.,0.,1.));
#7483 = DIRECTION('',(1.,0.,0.));
#7484 = PCURVE('',#7410,#7485);
#7485 = DEFINITIONAL_REPRESENTATION('',(#7486),#7490);
#7486 = LINE('',#7487,#7488);
#7487 = CARTESIAN_POINT('',(-0.,-4.27));
#7488 = VECTOR('',#7489,1.);
#7489 = DIRECTION('',(-1.,0.));
#7490 = ( GEOMETRIC_REPRESENTATION_CONTEXT(2) 
PARAMETRIC_REPRESENTATION_CONTEXT() REPRESENTATION_CONTEXT('2D SPACE',''
  ) );
#7491 = PCURVE('',#102,#7492);
#7492 = DEFINITIONAL_REPRESENTATION('',(#7493),#7497);
#7493 = CIRCLE('',#7494,31.397597821218);
#7494 = AXIS2_PLACEMENT_2D('',#7495,#7496);
#7495 = CARTESIAN_POINT('',(2.090514272322E-15,-2.899329622222E-15));
#7496 = DIRECTION('',(1.,0.));
#7497 = ( GEOMETRIC_REPRESENTATION_CONTEXT(2) 
PARAMETRIC_REPRESENTATION_CONTEXT() REPRESENTATION_CONTEXT('2D SPACE',''
  ) );
#7498 = ORIENTED_EDGE('',*,*,#7396,.T.);
#7499 = ADVANCED_FACE('',(#7500),#7465,.T.);
#7500 = FACE_BOUND('',#7501,.T.);
#7501 = EDGE_LOOP('',(#7502,#7525,#7526,#7549));
#7502 = ORIENTED_EDGE('',*,*,#7503,.F.);
#7503 = EDGE_CURVE('',#7426,#7504,#7506,.T.);
#7504 = VERTEX_POINT('',#7505);
#7505 = CARTESIAN_POINT('',(13.547560355267,25.472731162483,-2.135));
#7506 = SURFACE_CURVE('',#7507,(#7511,#7518),.PCURVE_S1.);
#7507 = LINE('',#7508,#7509);
#7508 = CARTESIAN_POINT('',(15.246648290551,31.1269888341,-2.135));
#7509 = VECTOR('',#7510,1.);
#7510 = DIRECTION('',(-0.287784602225,-0.957695161689,0.));
#7511 = PCURVE('',#7465,#7512);
#7512 = DEFINITIONAL_REPRESENTATION('',(#7513),#7517);
#7513 = LINE('',#7514,#7515);
#7514 = CARTESIAN_POINT('',(0.,0.));
#7515 = VECTOR('',#7516,1.);
#7516 = DIRECTION('',(1.,-0.));
#7517 = ( GEOMETRIC_REPRESENTATION_CONTEXT(2) 
PARAMETRIC_REPRESENTATION_CONTEXT() REPRESENTATION_CONTEXT('2D SPACE',''
  ) );
#7518 = PCURVE('',#45,#7519);
#7519 = DEFINITIONAL_REPRESENTATION('',(#7520),#7524);
#7520 = LINE('',#7521,#7522);
#7521 = CARTESIAN_POINT('',(15.246648290551,31.1269888341));
#7522 = VECTOR('',#7523,1.);
#7523 = DIRECTION('',(-0.287784602225,-0.957695161689));
#7524 = ( GEOMETRIC_REPRESENTATION_CONTEXT(2) 
PARAMETRIC_REPRESENTATION_CONTEXT() REPRESENTATION_CONTEXT('2D SPACE',''
  ) );
#7525 = ORIENTED_EDGE('',*,*,#7449,.F.);
#7526 = ORIENTED_EDGE('',*,*,#7527,.T.);
#7527 = EDGE_CURVE('',#7450,#7528,#7530,.T.);
#7528 = VERTEX_POINT('',#7529);
#7529 = CARTESIAN_POINT('',(13.547560355267,25.472731162483,2.135));
#7530 = SURFACE_CURVE('',#7531,(#7535,#7542),.PCURVE_S1.);
#7531 = LINE('',#7532,#7533);
#7532 = CARTESIAN_POINT('',(15.246648290551,31.1269888341,2.135));
#7533 = VECTOR('',#7534,1.);
#7534 = DIRECTION('',(-0.287784602225,-0.957695161689,0.));
#7535 = PCURVE('',#7465,#7536);
#7536 = DEFINITIONAL_REPRESENTATION('',(#7537),#7541);
#7537 = LINE('',#7538,#7539);
#7538 = CARTESIAN_POINT('',(0.,-4.27));
#7539 = VECTOR('',#7540,1.);
#7540 = DIRECTION('',(1.,-0.));
#7541 = ( GEOMETRIC_REPRESENTATION_CONTEXT(2) 
PARAMETRIC_REPRESENTATION_CONTEXT() REPRESENTATION_CONTEXT('2D SPACE',''
  ) );
#7542 = PCURVE('',#102,#7543);
#7543 = DEFINITIONAL_REPRESENTATION('',(#7544),#7548);
#7544 = LINE('',#7545,#7546);
#7545 = CARTESIAN_POINT('',(15.246648290551,31.1269888341));
#7546 = VECTOR('',#7547,1.);
#7547 = DIRECTION('',(-0.287784602225,-0.957695161689));
#7548 = ( GEOMETRIC_REPRESENTATION_CONTEXT(2) 
PARAMETRIC_REPRESENTATION_CONTEXT() REPRESENTATION_CONTEXT('2D SPACE',''
  ) );
#7549 = ORIENTED_EDGE('',*,*,#7550,.F.);
#7550 = EDGE_CURVE('',#7504,#7528,#7551,.T.);
#7551 = SURFACE_CURVE('',#7552,(#7556,#7563),.PCURVE_S1.);
#7552 = LINE('',#7553,#7554);
#7553 = CARTESIAN_POINT('',(13.547560355267,25.472731162483,-2.135));
#7554 = VECTOR('',#7555,1.);
#7555 = DIRECTION('',(0.,0.,1.));
#7556 = PCURVE('',#7465,#7557);
#7557 = DEFINITIONAL_REPRESENTATION('',(#7558),#7562);
#7558 = LINE('',#7559,#7560);
#7559 = CARTESIAN_POINT('',(5.904026560651,-0.));
#7560 = VECTOR('',#7561,1.);
#7561 = DIRECTION('',(0.,-1.));
#7562 = ( GEOMETRIC_REPRESENTATION_CONTEXT(2) 
PARAMETRIC_REPRESENTATION_CONTEXT() REPRESENTATION_CONTEXT('2D SPACE',''
  ) );
#7563 = PCURVE('',#7564,#7569);
#7564 = PLANE('',#7565);
#7565 = AXIS2_PLACEMENT_3D('',#7566,#7567,#7568);
#7566 = CARTESIAN_POINT('',(13.547560355267,25.472731162483,-2.135));
#7567 = DIRECTION('',(0.546948158122,0.837166478263,0.));
#7568 = DIRECTION('',(0.837166478263,-0.546948158122,0.));
#7569 = DEFINITIONAL_REPRESENTATION('',(#7570),#7574);
#7570 = LINE('',#7571,#7572);
#7571 = CARTESIAN_POINT('',(0.,0.));
#7572 = VECTOR('',#7573,1.);
#7573 = DIRECTION('',(0.,-1.));
#7574 = ( GEOMETRIC_REPRESENTATION_CONTEXT(2) 
PARAMETRIC_REPRESENTATION_CONTEXT() REPRESENTATION_CONTEXT('2D SPACE',''
  ) );
#7575 = ADVANCED_FACE('',(#7576),#7564,.T.);
#7576 = FACE_BOUND('',#7577,.T.);
#7577 = EDGE_LOOP('',(#7578,#7601,#7602,#7625));
#7578 = ORIENTED_EDGE('',*,*,#7579,.F.);
#7579 = EDGE_CURVE('',#7504,#7580,#7582,.T.);
#7580 = VERTEX_POINT('',#7581);
#7581 = CARTESIAN_POINT('',(13.554032872564,25.46850245588,-2.135));
#7582 = SURFACE_CURVE('',#7583,(#7587,#7594),.PCURVE_S1.);
#7583 = LINE('',#7584,#7585);
#7584 = CARTESIAN_POINT('',(13.547560355267,25.472731162483,-2.135));
#7585 = VECTOR('',#7586,1.);
#7586 = DIRECTION('',(0.837166478263,-0.546948158122,0.));
#7587 = PCURVE('',#7564,#7588);
#7588 = DEFINITIONAL_REPRESENTATION('',(#7589),#7593);
#7589 = LINE('',#7590,#7591);
#7590 = CARTESIAN_POINT('',(0.,0.));
#7591 = VECTOR('',#7592,1.);
#7592 = DIRECTION('',(1.,0.));
#7593 = ( GEOMETRIC_REPRESENTATION_CONTEXT(2) 
PARAMETRIC_REPRESENTATION_CONTEXT() REPRESENTATION_CONTEXT('2D SPACE',''
  ) );
#7594 = PCURVE('',#45,#7595);
#7595 = DEFINITIONAL_REPRESENTATION('',(#7596),#7600);
#7596 = LINE('',#7597,#7598);
#7597 = CARTESIAN_POINT('',(13.547560355267,25.472731162483));
#7598 = VECTOR('',#7599,1.);
#7599 = DIRECTION('',(0.837166478263,-0.546948158122));
#7600 = ( GEOMETRIC_REPRESENTATION_CONTEXT(2) 
PARAMETRIC_REPRESENTATION_CONTEXT() REPRESENTATION_CONTEXT('2D SPACE',''
  ) );
#7601 = ORIENTED_EDGE('',*,*,#7550,.T.);
#7602 = ORIENTED_EDGE('',*,*,#7603,.T.);
#7603 = EDGE_CURVE('',#7528,#7604,#7606,.T.);
#7604 = VERTEX_POINT('',#7605);
#7605 = CARTESIAN_POINT('',(13.554032872564,25.46850245588,2.135));
#7606 = SURFACE_CURVE('',#7607,(#7611,#7618),.PCURVE_S1.);
#7607 = LINE('',#7608,#7609);
#7608 = CARTESIAN_POINT('',(13.547560355267,25.472731162483,2.135));
#7609 = VECTOR('',#7610,1.);
#7610 = DIRECTION('',(0.837166478263,-0.546948158122,0.));
#7611 = PCURVE('',#7564,#7612);
#7612 = DEFINITIONAL_REPRESENTATION('',(#7613),#7617);
#7613 = LINE('',#7614,#7615);
#7614 = CARTESIAN_POINT('',(0.,-4.27));
#7615 = VECTOR('',#7616,1.);
#7616 = DIRECTION('',(1.,0.));
#7617 = ( GEOMETRIC_REPRESENTATION_CONTEXT(2) 
PARAMETRIC_REPRESENTATION_CONTEXT() REPRESENTATION_CONTEXT('2D SPACE',''
  ) );
#7618 = PCURVE('',#102,#7619);
#7619 = DEFINITIONAL_REPRESENTATION('',(#7620),#7624);
#7620 = LINE('',#7621,#7622);
#7621 = CARTESIAN_POINT('',(13.547560355267,25.472731162483));
#7622 = VECTOR('',#7623,1.);
#7623 = DIRECTION('',(0.837166478263,-0.546948158122));
#7624 = ( GEOMETRIC_REPRESENTATION_CONTEXT(2) 
PARAMETRIC_REPRESENTATION_CONTEXT() REPRESENTATION_CONTEXT('2D SPACE',''
  ) );
#7625 = ORIENTED_EDGE('',*,*,#7626,.T.);
#7626 = EDGE_CURVE('',#7604,#7580,#7627,.T.);
#7627 = SURFACE_CURVE('',#7628,(#7632,#7639),.PCURVE_S1.);
#7628 = LINE('',#7629,#7630);
#7629 = CARTESIAN_POINT('',(13.554032872564,25.46850245588,-2.135));
#7630 = VECTOR('',#7631,1.);
#7631 = DIRECTION('',(0.,-0.,-1.));
#7632 = PCURVE('',#7564,#7633);
#7633 = DEFINITIONAL_REPRESENTATION('',(#7634),#7638);
#7634 = LINE('',#7635,#7636);
#7635 = CARTESIAN_POINT('',(7.731457798994E-03,0.));
#7636 = VECTOR('',#7637,1.);
#7637 = DIRECTION('',(0.,1.));
#7638 = ( GEOMETRIC_REPRESENTATION_CONTEXT(2) 
PARAMETRIC_REPRESENTATION_CONTEXT() REPRESENTATION_CONTEXT('2D SPACE',''
  ) );
#7639 = PCURVE('',#7640,#7645);
#7640 = CYLINDRICAL_SURFACE('',#7641,2.5907);
#7641 = AXIS2_PLACEMENT_3D('',#7642,#7643,#7644);
#7642 = CARTESIAN_POINT('',(15.825797182126,24.223185864888,-2.135));
#7643 = DIRECTION('',(0.,-0.,-1.));
#7644 = DIRECTION('',(0.546948158122,0.837166478263,0.));
#7645 = DEFINITIONAL_REPRESENTATION('',(#7646),#7650);
#7646 = LINE('',#7647,#7648);
#7647 = CARTESIAN_POINT('',(-1.648072426672,0.));
#7648 = VECTOR('',#7649,1.);
#7649 = DIRECTION('',(-0.,1.));
#7650 = ( GEOMETRIC_REPRESENTATION_CONTEXT(2) 
PARAMETRIC_REPRESENTATION_CONTEXT() REPRESENTATION_CONTEXT('2D SPACE',''
  ) );
#7651 = ADVANCED_FACE('',(#7652),#7640,.F.);
#7652 = FACE_BOUND('',#7653,.T.);
#7653 = EDGE_LOOP('',(#7654,#7678,#7679,#7703));
#7654 = ORIENTED_EDGE('',*,*,#7655,.F.);
#7655 = EDGE_CURVE('',#7580,#7656,#7658,.T.);
#7656 = VERTEX_POINT('',#7657);
#7657 = CARTESIAN_POINT('',(17.878782228439,22.64300268259,-2.135));
#7658 = SURFACE_CURVE('',#7659,(#7664,#7671),.PCURVE_S1.);
#7659 = CIRCLE('',#7660,2.5907);
#7660 = AXIS2_PLACEMENT_3D('',#7661,#7662,#7663);
#7661 = CARTESIAN_POINT('',(15.825797182126,24.223185864888,-2.135));
#7662 = DIRECTION('',(0.,-0.,1.));
#7663 = DIRECTION('',(0.546948158122,0.837166478263,0.));
#7664 = PCURVE('',#7640,#7665);
#7665 = DEFINITIONAL_REPRESENTATION('',(#7666),#7670);
#7666 = LINE('',#7667,#7668);
#7667 = CARTESIAN_POINT('',(-0.,0.));
#7668 = VECTOR('',#7669,1.);
#7669 = DIRECTION('',(-1.,0.));
#7670 = ( GEOMETRIC_REPRESENTATION_CONTEXT(2) 
PARAMETRIC_REPRESENTATION_CONTEXT() REPRESENTATION_CONTEXT('2D SPACE',''
  ) );
#7671 = PCURVE('',#45,#7672);
#7672 = DEFINITIONAL_REPRESENTATION('',(#7673),#7677);
#7673 = CIRCLE('',#7674,2.5907);
#7674 = AXIS2_PLACEMENT_2D('',#7675,#7676);
#7675 = CARTESIAN_POINT('',(15.825797182126,24.223185864888));
#7676 = DIRECTION('',(0.546948158122,0.837166478263));
#7677 = ( GEOMETRIC_REPRESENTATION_CONTEXT(2) 
PARAMETRIC_REPRESENTATION_CONTEXT() REPRESENTATION_CONTEXT('2D SPACE',''
  ) );
#7678 = ORIENTED_EDGE('',*,*,#7626,.F.);
#7679 = ORIENTED_EDGE('',*,*,#7680,.T.);
#7680 = EDGE_CURVE('',#7604,#7681,#7683,.T.);
#7681 = VERTEX_POINT('',#7682);
#7682 = CARTESIAN_POINT('',(17.878782228439,22.64300268259,2.135));
#7683 = SURFACE_CURVE('',#7684,(#7689,#7696),.PCURVE_S1.);
#7684 = CIRCLE('',#7685,2.5907);
#7685 = AXIS2_PLACEMENT_3D('',#7686,#7687,#7688);
#7686 = CARTESIAN_POINT('',(15.825797182126,24.223185864888,2.135));
#7687 = DIRECTION('',(0.,-0.,1.));
#7688 = DIRECTION('',(0.546948158122,0.837166478263,0.));
#7689 = PCURVE('',#7640,#7690);
#7690 = DEFINITIONAL_REPRESENTATION('',(#7691),#7695);
#7691 = LINE('',#7692,#7693);
#7692 = CARTESIAN_POINT('',(-0.,-4.27));
#7693 = VECTOR('',#7694,1.);
#7694 = DIRECTION('',(-1.,0.));
#7695 = ( GEOMETRIC_REPRESENTATION_CONTEXT(2) 
PARAMETRIC_REPRESENTATION_CONTEXT() REPRESENTATION_CONTEXT('2D SPACE',''
  ) );
#7696 = PCURVE('',#102,#7697);
#7697 = DEFINITIONAL_REPRESENTATION('',(#7698),#7702);
#7698 = CIRCLE('',#7699,2.5907);
#7699 = AXIS2_PLACEMENT_2D('',#7700,#7701);
#7700 = CARTESIAN_POINT('',(15.825797182126,24.223185864888));
#7701 = DIRECTION('',(0.546948158122,0.837166478263));
#7702 = ( GEOMETRIC_REPRESENTATION_CONTEXT(2) 
PARAMETRIC_REPRESENTATION_CONTEXT() REPRESENTATION_CONTEXT('2D SPACE',''
  ) );
#7703 = ORIENTED_EDGE('',*,*,#7704,.T.);
#7704 = EDGE_CURVE('',#7681,#7656,#7705,.T.);
#7705 = SURFACE_CURVE('',#7706,(#7710,#7717),.PCURVE_S1.);
#7706 = LINE('',#7707,#7708);
#7707 = CARTESIAN_POINT('',(17.878782228439,22.64300268259,-2.135));
#7708 = VECTOR('',#7709,1.);
#7709 = DIRECTION('',(0.,-0.,-1.));
#7710 = PCURVE('',#7640,#7711);
#7711 = DEFINITIONAL_REPRESENTATION('',(#7712),#7716);
#7712 = LINE('',#7713,#7714);
#7713 = CARTESIAN_POINT('',(-4.635112880507,0.));
#7714 = VECTOR('',#7715,1.);
#7715 = DIRECTION('',(-0.,1.));
#7716 = ( GEOMETRIC_REPRESENTATION_CONTEXT(2) 
PARAMETRIC_REPRESENTATION_CONTEXT() REPRESENTATION_CONTEXT('2D SPACE',''
  ) );
#7717 = PCURVE('',#7718,#7723);
#7718 = PLANE('',#7719);
#7719 = AXIS2_PLACEMENT_3D('',#7720,#7721,#7722);
#7720 = CARTESIAN_POINT('',(13.547560355267,25.472731162483,-2.135));
#7721 = DIRECTION('',(0.546948158122,0.837166478263,0.));
#7722 = DIRECTION('',(0.837166478263,-0.546948158122,0.));
#7723 = DEFINITIONAL_REPRESENTATION('',(#7724),#7728);
#7724 = LINE('',#7725,#7726);
#7725 = CARTESIAN_POINT('',(5.173668542201,0.));
#7726 = VECTOR('',#7727,1.);
#7727 = DIRECTION('',(0.,1.));
#7728 = ( GEOMETRIC_REPRESENTATION_CONTEXT(2) 
PARAMETRIC_REPRESENTATION_CONTEXT() REPRESENTATION_CONTEXT('2D SPACE',''
  ) );
#7729 = ADVANCED_FACE('',(#7730),#7718,.T.);
#7730 = FACE_BOUND('',#7731,.T.);
#7731 = EDGE_LOOP('',(#7732,#7755,#7756,#7779));
#7732 = ORIENTED_EDGE('',*,*,#7733,.F.);
#7733 = EDGE_CURVE('',#7656,#7734,#7736,.T.);
#7734 = VERTEX_POINT('',#7735);
#7735 = CARTESIAN_POINT('',(17.885254745736,22.638773975988,-2.135));
#7736 = SURFACE_CURVE('',#7737,(#7741,#7748),.PCURVE_S1.);
#7737 = LINE('',#7738,#7739);
#7738 = CARTESIAN_POINT('',(13.547560355267,25.472731162483,-2.135));
#7739 = VECTOR('',#7740,1.);
#7740 = DIRECTION('',(0.837166478263,-0.546948158122,0.));
#7741 = PCURVE('',#7718,#7742);
#7742 = DEFINITIONAL_REPRESENTATION('',(#7743),#7747);
#7743 = LINE('',#7744,#7745);
#7744 = CARTESIAN_POINT('',(0.,0.));
#7745 = VECTOR('',#7746,1.);
#7746 = DIRECTION('',(1.,0.));
#7747 = ( GEOMETRIC_REPRESENTATION_CONTEXT(2) 
PARAMETRIC_REPRESENTATION_CONTEXT() REPRESENTATION_CONTEXT('2D SPACE',''
  ) );
#7748 = PCURVE('',#45,#7749);
#7749 = DEFINITIONAL_REPRESENTATION('',(#7750),#7754);
#7750 = LINE('',#7751,#7752);
#7751 = CARTESIAN_POINT('',(13.547560355267,25.472731162483));
#7752 = VECTOR('',#7753,1.);
#7753 = DIRECTION('',(0.837166478263,-0.546948158122));
#7754 = ( GEOMETRIC_REPRESENTATION_CONTEXT(2) 
PARAMETRIC_REPRESENTATION_CONTEXT() REPRESENTATION_CONTEXT('2D SPACE',''
  ) );
#7755 = ORIENTED_EDGE('',*,*,#7704,.F.);
#7756 = ORIENTED_EDGE('',*,*,#7757,.T.);
#7757 = EDGE_CURVE('',#7681,#7758,#7760,.T.);
#7758 = VERTEX_POINT('',#7759);
#7759 = CARTESIAN_POINT('',(17.885254745736,22.638773975988,2.135));
#7760 = SURFACE_CURVE('',#7761,(#7765,#7772),.PCURVE_S1.);
#7761 = LINE('',#7762,#7763);
#7762 = CARTESIAN_POINT('',(13.547560355267,25.472731162483,2.135));
#7763 = VECTOR('',#7764,1.);
#7764 = DIRECTION('',(0.837166478263,-0.546948158122,0.));
#7765 = PCURVE('',#7718,#7766);
#7766 = DEFINITIONAL_REPRESENTATION('',(#7767),#7771);
#7767 = LINE('',#7768,#7769);
#7768 = CARTESIAN_POINT('',(0.,-4.27));
#7769 = VECTOR('',#7770,1.);
#7770 = DIRECTION('',(1.,0.));
#7771 = ( GEOMETRIC_REPRESENTATION_CONTEXT(2) 
PARAMETRIC_REPRESENTATION_CONTEXT() REPRESENTATION_CONTEXT('2D SPACE',''
  ) );
#7772 = PCURVE('',#102,#7773);
#7773 = DEFINITIONAL_REPRESENTATION('',(#7774),#7778);
#7774 = LINE('',#7775,#7776);
#7775 = CARTESIAN_POINT('',(13.547560355267,25.472731162483));
#7776 = VECTOR('',#7777,1.);
#7777 = DIRECTION('',(0.837166478263,-0.546948158122));
#7778 = ( GEOMETRIC_REPRESENTATION_CONTEXT(2) 
PARAMETRIC_REPRESENTATION_CONTEXT() REPRESENTATION_CONTEXT('2D SPACE',''
  ) );
#7779 = ORIENTED_EDGE('',*,*,#7780,.F.);
#7780 = EDGE_CURVE('',#7734,#7758,#7781,.T.);
#7781 = SURFACE_CURVE('',#7782,(#7786,#7793),.PCURVE_S1.);
#7782 = LINE('',#7783,#7784);
#7783 = CARTESIAN_POINT('',(17.885254745736,22.638773975988,-2.135));
#7784 = VECTOR('',#7785,1.);
#7785 = DIRECTION('',(0.,0.,1.));
#7786 = PCURVE('',#7718,#7787);
#7787 = DEFINITIONAL_REPRESENTATION('',(#7788),#7792);
#7788 = LINE('',#7789,#7790);
#7789 = CARTESIAN_POINT('',(5.1814,0.));
#7790 = VECTOR('',#7791,1.);
#7791 = DIRECTION('',(0.,-1.));
#7792 = ( GEOMETRIC_REPRESENTATION_CONTEXT(2) 
PARAMETRIC_REPRESENTATION_CONTEXT() REPRESENTATION_CONTEXT('2D SPACE',''
  ) );
#7793 = PCURVE('',#7794,#7799);
#7794 = PLANE('',#7795);
#7795 = AXIS2_PLACEMENT_3D('',#7796,#7797,#7798);
#7796 = CARTESIAN_POINT('',(17.885254745736,22.638773975988,-2.135));
#7797 = DIRECTION('',(-0.648247227203,0.761429926142,0.));
#7798 = DIRECTION('',(0.761429926142,0.648247227203,0.));
#7799 = DEFINITIONAL_REPRESENTATION('',(#7800),#7804);
#7800 = LINE('',#7801,#7802);
#7801 = CARTESIAN_POINT('',(0.,0.));
#7802 = VECTOR('',#7803,1.);
#7803 = DIRECTION('',(0.,-1.));
#7804 = ( GEOMETRIC_REPRESENTATION_CONTEXT(2) 
PARAMETRIC_REPRESENTATION_CONTEXT() REPRESENTATION_CONTEXT('2D SPACE',''
  ) );
#7805 = ADVANCED_FACE('',(#7806),#7794,.T.);
#7806 = FACE_BOUND('',#7807,.T.);
#7807 = EDGE_LOOP('',(#7808,#7831,#7832,#7855));
#7808 = ORIENTED_EDGE('',*,*,#7809,.F.);
#7809 = EDGE_CURVE('',#7734,#7810,#7812,.T.);
#7810 = VERTEX_POINT('',#7811);
#7811 = CARTESIAN_POINT('',(19.859112004797,24.319227358695,-2.135));
#7812 = SURFACE_CURVE('',#7813,(#7817,#7824),.PCURVE_S1.);
#7813 = LINE('',#7814,#7815);
#7814 = CARTESIAN_POINT('',(17.885254745736,22.638773975988,-2.135));
#7815 = VECTOR('',#7816,1.);
#7816 = DIRECTION('',(0.761429926142,0.648247227203,0.));
#7817 = PCURVE('',#7794,#7818);
#7818 = DEFINITIONAL_REPRESENTATION('',(#7819),#7823);
#7819 = LINE('',#7820,#7821);
#7820 = CARTESIAN_POINT('',(0.,0.));
#7821 = VECTOR('',#7822,1.);
#7822 = DIRECTION('',(1.,0.));
#7823 = ( GEOMETRIC_REPRESENTATION_CONTEXT(2) 
PARAMETRIC_REPRESENTATION_CONTEXT() REPRESENTATION_CONTEXT('2D SPACE',''
  ) );
#7824 = PCURVE('',#45,#7825);
#7825 = DEFINITIONAL_REPRESENTATION('',(#7826),#7830);
#7826 = LINE('',#7827,#7828);
#7827 = CARTESIAN_POINT('',(17.885254745736,22.638773975988));
#7828 = VECTOR('',#7829,1.);
#7829 = DIRECTION('',(0.761429926142,0.648247227203));
#7830 = ( GEOMETRIC_REPRESENTATION_CONTEXT(2) 
PARAMETRIC_REPRESENTATION_CONTEXT() REPRESENTATION_CONTEXT('2D SPACE',''
  ) );
#7831 = ORIENTED_EDGE('',*,*,#7780,.T.);
#7832 = ORIENTED_EDGE('',*,*,#7833,.T.);
#7833 = EDGE_CURVE('',#7758,#7834,#7836,.T.);
#7834 = VERTEX_POINT('',#7835);
#7835 = CARTESIAN_POINT('',(19.859112004797,24.319227358695,2.135));
#7836 = SURFACE_CURVE('',#7837,(#7841,#7848),.PCURVE_S1.);
#7837 = LINE('',#7838,#7839);
#7838 = CARTESIAN_POINT('',(17.885254745736,22.638773975988,2.135));
#7839 = VECTOR('',#7840,1.);
#7840 = DIRECTION('',(0.761429926142,0.648247227203,0.));
#7841 = PCURVE('',#7794,#7842);
#7842 = DEFINITIONAL_REPRESENTATION('',(#7843),#7847);
#7843 = LINE('',#7844,#7845);
#7844 = CARTESIAN_POINT('',(0.,-4.27));
#7845 = VECTOR('',#7846,1.);
#7846 = DIRECTION('',(1.,0.));
#7847 = ( GEOMETRIC_REPRESENTATION_CONTEXT(2) 
PARAMETRIC_REPRESENTATION_CONTEXT() REPRESENTATION_CONTEXT('2D SPACE',''
  ) );
#7848 = PCURVE('',#102,#7849);
#7849 = DEFINITIONAL_REPRESENTATION('',(#7850),#7854);
#7850 = LINE('',#7851,#7852);
#7851 = CARTESIAN_POINT('',(17.885254745736,22.638773975988));
#7852 = VECTOR('',#7853,1.);
#7853 = DIRECTION('',(0.761429926142,0.648247227203));
#7854 = ( GEOMETRIC_REPRESENTATION_CONTEXT(2) 
PARAMETRIC_REPRESENTATION_CONTEXT() REPRESENTATION_CONTEXT('2D SPACE',''
  ) );
#7855 = ORIENTED_EDGE('',*,*,#7856,.T.);
#7856 = EDGE_CURVE('',#7834,#7810,#7857,.T.);
#7857 = SURFACE_CURVE('',#7858,(#7862,#7869),.PCURVE_S1.);
#7858 = LINE('',#7859,#7860);
#7859 = CARTESIAN_POINT('',(19.859112004797,24.319227358695,-2.135));
#7860 = VECTOR('',#7861,1.);
#7861 = DIRECTION('',(-0.,-0.,-1.));
#7862 = PCURVE('',#7794,#7863);
#7863 = DEFINITIONAL_REPRESENTATION('',(#7864),#7868);
#7864 = LINE('',#7865,#7866);
#7865 = CARTESIAN_POINT('',(2.592303232764,0.));
#7866 = VECTOR('',#7867,1.);
#7867 = DIRECTION('',(0.,1.));
#7868 = ( GEOMETRIC_REPRESENTATION_CONTEXT(2) 
PARAMETRIC_REPRESENTATION_CONTEXT() REPRESENTATION_CONTEXT('2D SPACE',''
  ) );
#7869 = PCURVE('',#7870,#7875);
#7870 = CYLINDRICAL_SURFACE('',#7871,31.397597821218);
#7871 = AXIS2_PLACEMENT_3D('',#7872,#7873,#7874);
#7872 = CARTESIAN_POINT('',(0.,0.,-2.135));
#7873 = DIRECTION('',(-0.,-0.,-1.));
#7874 = DIRECTION('',(1.,0.,0.));
#7875 = DEFINITIONAL_REPRESENTATION('',(#7876),#7880);
#7876 = LINE('',#7877,#7878);
#7877 = CARTESIAN_POINT('',(-0.886014312133,0.));
#7878 = VECTOR('',#7879,1.);
#7879 = DIRECTION('',(-0.,1.));
#7880 = ( GEOMETRIC_REPRESENTATION_CONTEXT(2) 
PARAMETRIC_REPRESENTATION_CONTEXT() REPRESENTATION_CONTEXT('2D SPACE',''
  ) );
#7881 = ADVANCED_FACE('',(#7882),#7870,.T.);
#7882 = FACE_BOUND('',#7883,.F.);
#7883 = EDGE_LOOP('',(#7884,#7908,#7936,#7958));
#7884 = ORIENTED_EDGE('',*,*,#7885,.F.);
#7885 = EDGE_CURVE('',#7886,#7810,#7888,.T.);
#7886 = VERTEX_POINT('',#7887);
#7887 = CARTESIAN_POINT('',(22.596212396562,21.799548946536,-2.135));
#7888 = SURFACE_CURVE('',#7889,(#7894,#7901),.PCURVE_S1.);
#7889 = CIRCLE('',#7890,31.397597821218);
#7890 = AXIS2_PLACEMENT_3D('',#7891,#7892,#7893);
#7891 = CARTESIAN_POINT('',(0.,0.,-2.135));
#7892 = DIRECTION('',(0.,0.,1.));
#7893 = DIRECTION('',(1.,0.,0.));
#7894 = PCURVE('',#7870,#7895);
#7895 = DEFINITIONAL_REPRESENTATION('',(#7896),#7900);
#7896 = LINE('',#7897,#7898);
#7897 = CARTESIAN_POINT('',(-0.,0.));
#7898 = VECTOR('',#7899,1.);
#7899 = DIRECTION('',(-1.,0.));
#7900 = ( GEOMETRIC_REPRESENTATION_CONTEXT(2) 
PARAMETRIC_REPRESENTATION_CONTEXT() REPRESENTATION_CONTEXT('2D SPACE',''
  ) );
#7901 = PCURVE('',#45,#7902);
#7902 = DEFINITIONAL_REPRESENTATION('',(#7903),#7907);
#7903 = CIRCLE('',#7904,31.397597821218);
#7904 = AXIS2_PLACEMENT_2D('',#7905,#7906);
#7905 = CARTESIAN_POINT('',(2.090514272322E-15,-2.899329622222E-15));
#7906 = DIRECTION('',(1.,0.));
#7907 = ( GEOMETRIC_REPRESENTATION_CONTEXT(2) 
PARAMETRIC_REPRESENTATION_CONTEXT() REPRESENTATION_CONTEXT('2D SPACE',''
  ) );
#7908 = ORIENTED_EDGE('',*,*,#7909,.F.);
#7909 = EDGE_CURVE('',#7910,#7886,#7912,.T.);
#7910 = VERTEX_POINT('',#7911);
#7911 = CARTESIAN_POINT('',(22.596212396562,21.799548946536,2.135));
#7912 = SURFACE_CURVE('',#7913,(#7917,#7924),.PCURVE_S1.);
#7913 = LINE('',#7914,#7915);
#7914 = CARTESIAN_POINT('',(22.596212396561,21.799548946537,-2.135));
#7915 = VECTOR('',#7916,1.);
#7916 = DIRECTION('',(-0.,-0.,-1.));
#7917 = PCURVE('',#7870,#7918);
#7918 = DEFINITIONAL_REPRESENTATION('',(#7919),#7923);
#7919 = LINE('',#7920,#7921);
#7920 = CARTESIAN_POINT('',(-0.767455505546,0.));
#7921 = VECTOR('',#7922,1.);
#7922 = DIRECTION('',(-0.,1.));
#7923 = ( GEOMETRIC_REPRESENTATION_CONTEXT(2) 
PARAMETRIC_REPRESENTATION_CONTEXT() REPRESENTATION_CONTEXT('2D SPACE',''
  ) );
#7924 = PCURVE('',#7925,#7930);
#7925 = PLANE('',#7926);
#7926 = AXIS2_PLACEMENT_3D('',#7927,#7928,#7929);
#7927 = CARTESIAN_POINT('',(24.527459583721,24.489864114423,-2.135));
#7928 = DIRECTION('',(0.812361088631,-0.583154749341,0.));
#7929 = DIRECTION('',(-0.583154749341,-0.812361088631,0.));
#7930 = DEFINITIONAL_REPRESENTATION('',(#7931),#7935);
#7931 = LINE('',#7932,#7933);
#7932 = CARTESIAN_POINT('',(3.311723327887,-0.));
#7933 = VECTOR('',#7934,1.);
#7934 = DIRECTION('',(0.,1.));
#7935 = ( GEOMETRIC_REPRESENTATION_CONTEXT(2) 
PARAMETRIC_REPRESENTATION_CONTEXT() REPRESENTATION_CONTEXT('2D SPACE',''
  ) );
#7936 = ORIENTED_EDGE('',*,*,#7937,.T.);
#7937 = EDGE_CURVE('',#7910,#7834,#7938,.T.);
#7938 = SURFACE_CURVE('',#7939,(#7944,#7951),.PCURVE_S1.);
#7939 = CIRCLE('',#7940,31.397597821218);
#7940 = AXIS2_PLACEMENT_3D('',#7941,#7942,#7943);
#7941 = CARTESIAN_POINT('',(0.,0.,2.135));
#7942 = DIRECTION('',(0.,0.,1.));
#7943 = DIRECTION('',(1.,0.,0.));
#7944 = PCURVE('',#7870,#7945);
#7945 = DEFINITIONAL_REPRESENTATION('',(#7946),#7950);
#7946 = LINE('',#7947,#7948);
#7947 = CARTESIAN_POINT('',(-0.,-4.27));
#7948 = VECTOR('',#7949,1.);
#7949 = DIRECTION('',(-1.,0.));
#7950 = ( GEOMETRIC_REPRESENTATION_CONTEXT(2) 
PARAMETRIC_REPRESENTATION_CONTEXT() REPRESENTATION_CONTEXT('2D SPACE',''
  ) );
#7951 = PCURVE('',#102,#7952);
#7952 = DEFINITIONAL_REPRESENTATION('',(#7953),#7957);
#7953 = CIRCLE('',#7954,31.397597821218);
#7954 = AXIS2_PLACEMENT_2D('',#7955,#7956);
#7955 = CARTESIAN_POINT('',(2.090514272322E-15,-2.899329622222E-15));
#7956 = DIRECTION('',(1.,0.));
#7957 = ( GEOMETRIC_REPRESENTATION_CONTEXT(2) 
PARAMETRIC_REPRESENTATION_CONTEXT() REPRESENTATION_CONTEXT('2D SPACE',''
  ) );
#7958 = ORIENTED_EDGE('',*,*,#7856,.T.);
#7959 = ADVANCED_FACE('',(#7960),#7925,.T.);
#7960 = FACE_BOUND('',#7961,.T.);
#7961 = EDGE_LOOP('',(#7962,#7985,#7986,#8009));
#7962 = ORIENTED_EDGE('',*,*,#7963,.F.);
#7963 = EDGE_CURVE('',#7886,#7964,#7966,.T.);
#7964 = VERTEX_POINT('',#7965);
#7965 = CARTESIAN_POINT('',(21.084498454643,19.693662670308,-2.135));
#7966 = SURFACE_CURVE('',#7967,(#7971,#7978),.PCURVE_S1.);
#7967 = LINE('',#7968,#7969);
#7968 = CARTESIAN_POINT('',(24.527459583721,24.489864114423,-2.135));
#7969 = VECTOR('',#7970,1.);
#7970 = DIRECTION('',(-0.583154749341,-0.812361088631,0.));
#7971 = PCURVE('',#7925,#7972);
#7972 = DEFINITIONAL_REPRESENTATION('',(#7973),#7977);
#7973 = LINE('',#7974,#7975);
#7974 = CARTESIAN_POINT('',(0.,0.));
#7975 = VECTOR('',#7976,1.);
#7976 = DIRECTION('',(1.,-0.));
#7977 = ( GEOMETRIC_REPRESENTATION_CONTEXT(2) 
PARAMETRIC_REPRESENTATION_CONTEXT() REPRESENTATION_CONTEXT('2D SPACE',''
  ) );
#7978 = PCURVE('',#45,#7979);
#7979 = DEFINITIONAL_REPRESENTATION('',(#7980),#7984);
#7980 = LINE('',#7981,#7982);
#7981 = CARTESIAN_POINT('',(24.527459583721,24.489864114423));
#7982 = VECTOR('',#7983,1.);
#7983 = DIRECTION('',(-0.583154749341,-0.812361088631));
#7984 = ( GEOMETRIC_REPRESENTATION_CONTEXT(2) 
PARAMETRIC_REPRESENTATION_CONTEXT() REPRESENTATION_CONTEXT('2D SPACE',''
  ) );
#7985 = ORIENTED_EDGE('',*,*,#7909,.F.);
#7986 = ORIENTED_EDGE('',*,*,#7987,.T.);
#7987 = EDGE_CURVE('',#7910,#7988,#7990,.T.);
#7988 = VERTEX_POINT('',#7989);
#7989 = CARTESIAN_POINT('',(21.084498454643,19.693662670308,2.135));
#7990 = SURFACE_CURVE('',#7991,(#7995,#8002),.PCURVE_S1.);
#7991 = LINE('',#7992,#7993);
#7992 = CARTESIAN_POINT('',(24.527459583721,24.489864114423,2.135));
#7993 = VECTOR('',#7994,1.);
#7994 = DIRECTION('',(-0.583154749341,-0.812361088631,0.));
#7995 = PCURVE('',#7925,#7996);
#7996 = DEFINITIONAL_REPRESENTATION('',(#7997),#8001);
#7997 = LINE('',#7998,#7999);
#7998 = CARTESIAN_POINT('',(0.,-4.27));
#7999 = VECTOR('',#8000,1.);
#8000 = DIRECTION('',(1.,-0.));
#8001 = ( GEOMETRIC_REPRESENTATION_CONTEXT(2) 
PARAMETRIC_REPRESENTATION_CONTEXT() REPRESENTATION_CONTEXT('2D SPACE',''
  ) );
#8002 = PCURVE('',#102,#8003);
#8003 = DEFINITIONAL_REPRESENTATION('',(#8004),#8008);
#8004 = LINE('',#8005,#8006);
#8005 = CARTESIAN_POINT('',(24.527459583721,24.489864114423));
#8006 = VECTOR('',#8007,1.);
#8007 = DIRECTION('',(-0.583154749341,-0.812361088631));
#8008 = ( GEOMETRIC_REPRESENTATION_CONTEXT(2) 
PARAMETRIC_REPRESENTATION_CONTEXT() REPRESENTATION_CONTEXT('2D SPACE',''
  ) );
#8009 = ORIENTED_EDGE('',*,*,#8010,.F.);
#8010 = EDGE_CURVE('',#7964,#7988,#8011,.T.);
#8011 = SURFACE_CURVE('',#8012,(#8016,#8023),.PCURVE_S1.);
#8012 = LINE('',#8013,#8014);
#8013 = CARTESIAN_POINT('',(21.084498454643,19.693662670308,-2.135));
#8014 = VECTOR('',#8015,1.);
#8015 = DIRECTION('',(0.,0.,1.));
#8016 = PCURVE('',#7925,#8017);
#8017 = DEFINITIONAL_REPRESENTATION('',(#8018),#8022);
#8018 = LINE('',#8019,#8020);
#8019 = CARTESIAN_POINT('',(5.904026560651,-0.));
#8020 = VECTOR('',#8021,1.);
#8021 = DIRECTION('',(0.,-1.));
#8022 = ( GEOMETRIC_REPRESENTATION_CONTEXT(2) 
PARAMETRIC_REPRESENTATION_CONTEXT() REPRESENTATION_CONTEXT('2D SPACE',''
  ) );
#8023 = PCURVE('',#8024,#8029);
#8024 = PLANE('',#8025);
#8025 = AXIS2_PLACEMENT_3D('',#8026,#8027,#8028);
#8026 = CARTESIAN_POINT('',(21.084498454643,19.693662670308,-2.135));
#8027 = DIRECTION('',(0.789140509396,0.61421271269,0.));
#8028 = DIRECTION('',(0.61421271269,-0.789140509396,0.));
#8029 = DEFINITIONAL_REPRESENTATION('',(#8030),#8034);
#8030 = LINE('',#8031,#8032);
#8031 = CARTESIAN_POINT('',(0.,0.));
#8032 = VECTOR('',#8033,1.);
#8033 = DIRECTION('',(0.,-1.));
#8034 = ( GEOMETRIC_REPRESENTATION_CONTEXT(2) 
PARAMETRIC_REPRESENTATION_CONTEXT() REPRESENTATION_CONTEXT('2D SPACE',''
  ) );
#8035 = ADVANCED_FACE('',(#8036),#8024,.T.);
#8036 = FACE_BOUND('',#8037,.T.);
#8037 = EDGE_LOOP('',(#8038,#8061,#8062,#8085));
#8038 = ORIENTED_EDGE('',*,*,#8039,.F.);
#8039 = EDGE_CURVE('',#7964,#8040,#8042,.T.);
#8040 = VERTEX_POINT('',#8041);
#8041 = CARTESIAN_POINT('',(21.089247214311,19.687561463762,-2.135));
#8042 = SURFACE_CURVE('',#8043,(#8047,#8054),.PCURVE_S1.);
#8043 = LINE('',#8044,#8045);
#8044 = CARTESIAN_POINT('',(21.084498454643,19.693662670308,-2.135));
#8045 = VECTOR('',#8046,1.);
#8046 = DIRECTION('',(0.61421271269,-0.789140509396,0.));
#8047 = PCURVE('',#8024,#8048);
#8048 = DEFINITIONAL_REPRESENTATION('',(#8049),#8053);
#8049 = LINE('',#8050,#8051);
#8050 = CARTESIAN_POINT('',(0.,0.));
#8051 = VECTOR('',#8052,1.);
#8052 = DIRECTION('',(1.,0.));
#8053 = ( GEOMETRIC_REPRESENTATION_CONTEXT(2) 
PARAMETRIC_REPRESENTATION_CONTEXT() REPRESENTATION_CONTEXT('2D SPACE',''
  ) );
#8054 = PCURVE('',#45,#8055);
#8055 = DEFINITIONAL_REPRESENTATION('',(#8056),#8060);
#8056 = LINE('',#8057,#8058);
#8057 = CARTESIAN_POINT('',(21.084498454643,19.693662670308));
#8058 = VECTOR('',#8059,1.);
#8059 = DIRECTION('',(0.61421271269,-0.789140509396));
#8060 = ( GEOMETRIC_REPRESENTATION_CONTEXT(2) 
PARAMETRIC_REPRESENTATION_CONTEXT() REPRESENTATION_CONTEXT('2D SPACE',''
  ) );
#8061 = ORIENTED_EDGE('',*,*,#8010,.T.);
#8062 = ORIENTED_EDGE('',*,*,#8063,.T.);
#8063 = EDGE_CURVE('',#7988,#8064,#8066,.T.);
#8064 = VERTEX_POINT('',#8065);
#8065 = CARTESIAN_POINT('',(21.089247214311,19.687561463762,2.135));
#8066 = SURFACE_CURVE('',#8067,(#8071,#8078),.PCURVE_S1.);
#8067 = LINE('',#8068,#8069);
#8068 = CARTESIAN_POINT('',(21.084498454643,19.693662670308,2.135));
#8069 = VECTOR('',#8070,1.);
#8070 = DIRECTION('',(0.61421271269,-0.789140509396,0.));
#8071 = PCURVE('',#8024,#8072);
#8072 = DEFINITIONAL_REPRESENTATION('',(#8073),#8077);
#8073 = LINE('',#8074,#8075);
#8074 = CARTESIAN_POINT('',(0.,-4.27));
#8075 = VECTOR('',#8076,1.);
#8076 = DIRECTION('',(1.,0.));
#8077 = ( GEOMETRIC_REPRESENTATION_CONTEXT(2) 
PARAMETRIC_REPRESENTATION_CONTEXT() REPRESENTATION_CONTEXT('2D SPACE',''
  ) );
#8078 = PCURVE('',#102,#8079);
#8079 = DEFINITIONAL_REPRESENTATION('',(#8080),#8084);
#8080 = LINE('',#8081,#8082);
#8081 = CARTESIAN_POINT('',(21.084498454643,19.693662670308));
#8082 = VECTOR('',#8083,1.);
#8083 = DIRECTION('',(0.61421271269,-0.789140509396));
#8084 = ( GEOMETRIC_REPRESENTATION_CONTEXT(2) 
PARAMETRIC_REPRESENTATION_CONTEXT() REPRESENTATION_CONTEXT('2D SPACE',''
  ) );
#8085 = ORIENTED_EDGE('',*,*,#8086,.T.);
#8086 = EDGE_CURVE('',#8064,#8040,#8087,.T.);
#8087 = SURFACE_CURVE('',#8088,(#8092,#8099),.PCURVE_S1.);
#8088 = LINE('',#8089,#8090);
#8089 = CARTESIAN_POINT('',(21.089247214311,19.687561463762,-2.135));
#8090 = VECTOR('',#8091,1.);
#8091 = DIRECTION('',(0.,-0.,-1.));
#8092 = PCURVE('',#8024,#8093);
#8093 = DEFINITIONAL_REPRESENTATION('',(#8094),#8098);
#8094 = LINE('',#8095,#8096);
#8095 = CARTESIAN_POINT('',(7.731457798994E-03,0.));
#8096 = VECTOR('',#8097,1.);
#8097 = DIRECTION('',(0.,1.));
#8098 = ( GEOMETRIC_REPRESENTATION_CONTEXT(2) 
PARAMETRIC_REPRESENTATION_CONTEXT() REPRESENTATION_CONTEXT('2D SPACE',''
  ) );
#8099 = PCURVE('',#8100,#8105);
#8100 = CYLINDRICAL_SURFACE('',#8101,2.5907);
#8101 = AXIS2_PLACEMENT_3D('',#8102,#8103,#8104);
#8102 = CARTESIAN_POINT('',(22.833567431288,17.772078895153,-2.135));
#8103 = DIRECTION('',(0.,-0.,-1.));
#8104 = DIRECTION('',(0.789140509396,0.61421271269,0.));
#8105 = DEFINITIONAL_REPRESENTATION('',(#8106),#8110);
#8106 = LINE('',#8107,#8108);
#8107 = CARTESIAN_POINT('',(-1.648072426672,0.));
#8108 = VECTOR('',#8109,1.);
#8109 = DIRECTION('',(-0.,1.));
#8110 = ( GEOMETRIC_REPRESENTATION_CONTEXT(2) 
PARAMETRIC_REPRESENTATION_CONTEXT() REPRESENTATION_CONTEXT('2D SPACE',''
  ) );
#8111 = ADVANCED_FACE('',(#8112),#8100,.F.);
#8112 = FACE_BOUND('',#8113,.T.);
#8113 = EDGE_LOOP('',(#8114,#8138,#8139,#8163));
#8114 = ORIENTED_EDGE('',*,*,#8115,.F.);
#8115 = EDGE_CURVE('',#8040,#8116,#8118,.T.);
#8116 = VERTEX_POINT('',#8117);
#8117 = CARTESIAN_POINT('',(24.262231444506,15.610911241467,-2.135));
#8118 = SURFACE_CURVE('',#8119,(#8124,#8131),.PCURVE_S1.);
#8119 = CIRCLE('',#8120,2.5907);
#8120 = AXIS2_PLACEMENT_3D('',#8121,#8122,#8123);
#8121 = CARTESIAN_POINT('',(22.833567431288,17.772078895153,-2.135));
#8122 = DIRECTION('',(0.,-0.,1.));
#8123 = DIRECTION('',(0.789140509396,0.61421271269,0.));
#8124 = PCURVE('',#8100,#8125);
#8125 = DEFINITIONAL_REPRESENTATION('',(#8126),#8130);
#8126 = LINE('',#8127,#8128);
#8127 = CARTESIAN_POINT('',(-0.,0.));
#8128 = VECTOR('',#8129,1.);
#8129 = DIRECTION('',(-1.,0.));
#8130 = ( GEOMETRIC_REPRESENTATION_CONTEXT(2) 
PARAMETRIC_REPRESENTATION_CONTEXT() REPRESENTATION_CONTEXT('2D SPACE',''
  ) );
#8131 = PCURVE('',#45,#8132);
#8132 = DEFINITIONAL_REPRESENTATION('',(#8133),#8137);
#8133 = CIRCLE('',#8134,2.5907);
#8134 = AXIS2_PLACEMENT_2D('',#8135,#8136);
#8135 = CARTESIAN_POINT('',(22.833567431288,17.772078895153));
#8136 = DIRECTION('',(0.789140509396,0.61421271269));
#8137 = ( GEOMETRIC_REPRESENTATION_CONTEXT(2) 
PARAMETRIC_REPRESENTATION_CONTEXT() REPRESENTATION_CONTEXT('2D SPACE',''
  ) );
#8138 = ORIENTED_EDGE('',*,*,#8086,.F.);
#8139 = ORIENTED_EDGE('',*,*,#8140,.T.);
#8140 = EDGE_CURVE('',#8064,#8141,#8143,.T.);
#8141 = VERTEX_POINT('',#8142);
#8142 = CARTESIAN_POINT('',(24.262231444506,15.610911241467,2.135));
#8143 = SURFACE_CURVE('',#8144,(#8149,#8156),.PCURVE_S1.);
#8144 = CIRCLE('',#8145,2.5907);
#8145 = AXIS2_PLACEMENT_3D('',#8146,#8147,#8148);
#8146 = CARTESIAN_POINT('',(22.833567431288,17.772078895153,2.135));
#8147 = DIRECTION('',(0.,-0.,1.));
#8148 = DIRECTION('',(0.789140509396,0.61421271269,0.));
#8149 = PCURVE('',#8100,#8150);
#8150 = DEFINITIONAL_REPRESENTATION('',(#8151),#8155);
#8151 = LINE('',#8152,#8153);
#8152 = CARTESIAN_POINT('',(-0.,-4.27));
#8153 = VECTOR('',#8154,1.);
#8154 = DIRECTION('',(-1.,0.));
#8155 = ( GEOMETRIC_REPRESENTATION_CONTEXT(2) 
PARAMETRIC_REPRESENTATION_CONTEXT() REPRESENTATION_CONTEXT('2D SPACE',''
  ) );
#8156 = PCURVE('',#102,#8157);
#8157 = DEFINITIONAL_REPRESENTATION('',(#8158),#8162);
#8158 = CIRCLE('',#8159,2.5907);
#8159 = AXIS2_PLACEMENT_2D('',#8160,#8161);
#8160 = CARTESIAN_POINT('',(22.833567431288,17.772078895153));
#8161 = DIRECTION('',(0.789140509396,0.61421271269));
#8162 = ( GEOMETRIC_REPRESENTATION_CONTEXT(2) 
PARAMETRIC_REPRESENTATION_CONTEXT() REPRESENTATION_CONTEXT('2D SPACE',''
  ) );
#8163 = ORIENTED_EDGE('',*,*,#8164,.T.);
#8164 = EDGE_CURVE('',#8141,#8116,#8165,.T.);
#8165 = SURFACE_CURVE('',#8166,(#8170,#8177),.PCURVE_S1.);
#8166 = LINE('',#8167,#8168);
#8167 = CARTESIAN_POINT('',(24.262231444506,15.610911241467,-2.135));
#8168 = VECTOR('',#8169,1.);
#8169 = DIRECTION('',(0.,-0.,-1.));
#8170 = PCURVE('',#8100,#8171);
#8171 = DEFINITIONAL_REPRESENTATION('',(#8172),#8176);
#8172 = LINE('',#8173,#8174);
#8173 = CARTESIAN_POINT('',(-4.635112880507,0.));
#8174 = VECTOR('',#8175,1.);
#8175 = DIRECTION('',(-0.,1.));
#8176 = ( GEOMETRIC_REPRESENTATION_CONTEXT(2) 
PARAMETRIC_REPRESENTATION_CONTEXT() REPRESENTATION_CONTEXT('2D SPACE',''
  ) );
#8177 = PCURVE('',#8178,#8183);
#8178 = PLANE('',#8179);
#8179 = AXIS2_PLACEMENT_3D('',#8180,#8181,#8182);
#8180 = CARTESIAN_POINT('',(21.084498454643,19.693662670308,-2.135));
#8181 = DIRECTION('',(0.789140509396,0.61421271269,0.));
#8182 = DIRECTION('',(0.61421271269,-0.789140509396,0.));
#8183 = DEFINITIONAL_REPRESENTATION('',(#8184),#8188);
#8184 = LINE('',#8185,#8186);
#8185 = CARTESIAN_POINT('',(5.173668542201,0.));
#8186 = VECTOR('',#8187,1.);
#8187 = DIRECTION('',(0.,1.));
#8188 = ( GEOMETRIC_REPRESENTATION_CONTEXT(2) 
PARAMETRIC_REPRESENTATION_CONTEXT() REPRESENTATION_CONTEXT('2D SPACE',''
  ) );
#8189 = ADVANCED_FACE('',(#8190),#8178,.T.);
#8190 = FACE_BOUND('',#8191,.T.);
#8191 = EDGE_LOOP('',(#8192,#8215,#8216,#8239));
#8192 = ORIENTED_EDGE('',*,*,#8193,.F.);
#8193 = EDGE_CURVE('',#8116,#8194,#8196,.T.);
#8194 = VERTEX_POINT('',#8195);
#8195 = CARTESIAN_POINT('',(24.266980204174,15.604810034922,-2.135));
#8196 = SURFACE_CURVE('',#8197,(#8201,#8208),.PCURVE_S1.);
#8197 = LINE('',#8198,#8199);
#8198 = CARTESIAN_POINT('',(21.084498454643,19.693662670308,-2.135));
#8199 = VECTOR('',#8200,1.);
#8200 = DIRECTION('',(0.61421271269,-0.789140509396,0.));
#8201 = PCURVE('',#8178,#8202);
#8202 = DEFINITIONAL_REPRESENTATION('',(#8203),#8207);
#8203 = LINE('',#8204,#8205);
#8204 = CARTESIAN_POINT('',(0.,0.));
#8205 = VECTOR('',#8206,1.);
#8206 = DIRECTION('',(1.,0.));
#8207 = ( GEOMETRIC_REPRESENTATION_CONTEXT(2) 
PARAMETRIC_REPRESENTATION_CONTEXT() REPRESENTATION_CONTEXT('2D SPACE',''
  ) );
#8208 = PCURVE('',#45,#8209);
#8209 = DEFINITIONAL_REPRESENTATION('',(#8210),#8214);
#8210 = LINE('',#8211,#8212);
#8211 = CARTESIAN_POINT('',(21.084498454643,19.693662670308));
#8212 = VECTOR('',#8213,1.);
#8213 = DIRECTION('',(0.61421271269,-0.789140509396));
#8214 = ( GEOMETRIC_REPRESENTATION_CONTEXT(2) 
PARAMETRIC_REPRESENTATION_CONTEXT() REPRESENTATION_CONTEXT('2D SPACE',''
  ) );
#8215 = ORIENTED_EDGE('',*,*,#8164,.F.);
#8216 = ORIENTED_EDGE('',*,*,#8217,.T.);
#8217 = EDGE_CURVE('',#8141,#8218,#8220,.T.);
#8218 = VERTEX_POINT('',#8219);
#8219 = CARTESIAN_POINT('',(24.266980204174,15.604810034922,2.135));
#8220 = SURFACE_CURVE('',#8221,(#8225,#8232),.PCURVE_S1.);
#8221 = LINE('',#8222,#8223);
#8222 = CARTESIAN_POINT('',(21.084498454643,19.693662670308,2.135));
#8223 = VECTOR('',#8224,1.);
#8224 = DIRECTION('',(0.61421271269,-0.789140509396,0.));
#8225 = PCURVE('',#8178,#8226);
#8226 = DEFINITIONAL_REPRESENTATION('',(#8227),#8231);
#8227 = LINE('',#8228,#8229);
#8228 = CARTESIAN_POINT('',(0.,-4.27));
#8229 = VECTOR('',#8230,1.);
#8230 = DIRECTION('',(1.,0.));
#8231 = ( GEOMETRIC_REPRESENTATION_CONTEXT(2) 
PARAMETRIC_REPRESENTATION_CONTEXT() REPRESENTATION_CONTEXT('2D SPACE',''
  ) );
#8232 = PCURVE('',#102,#8233);
#8233 = DEFINITIONAL_REPRESENTATION('',(#8234),#8238);
#8234 = LINE('',#8235,#8236);
#8235 = CARTESIAN_POINT('',(21.084498454643,19.693662670308));
#8236 = VECTOR('',#8237,1.);
#8237 = DIRECTION('',(0.61421271269,-0.789140509396));
#8238 = ( GEOMETRIC_REPRESENTATION_CONTEXT(2) 
PARAMETRIC_REPRESENTATION_CONTEXT() REPRESENTATION_CONTEXT('2D SPACE',''
  ) );
#8239 = ORIENTED_EDGE('',*,*,#8240,.F.);
#8240 = EDGE_CURVE('',#8194,#8218,#8241,.T.);
#8241 = SURFACE_CURVE('',#8242,(#8246,#8253),.PCURVE_S1.);
#8242 = LINE('',#8243,#8244);
#8243 = CARTESIAN_POINT('',(24.266980204174,15.604810034922,-2.135));
#8244 = VECTOR('',#8245,1.);
#8245 = DIRECTION('',(0.,0.,1.));
#8246 = PCURVE('',#8178,#8247);
#8247 = DEFINITIONAL_REPRESENTATION('',(#8248),#8252);
#8248 = LINE('',#8249,#8250);
#8249 = CARTESIAN_POINT('',(5.1814,0.));
#8250 = VECTOR('',#8251,1.);
#8251 = DIRECTION('',(0.,-1.));
#8252 = ( GEOMETRIC_REPRESENTATION_CONTEXT(2) 
PARAMETRIC_REPRESENTATION_CONTEXT() REPRESENTATION_CONTEXT('2D SPACE',''
  ) );
#8253 = PCURVE('',#8254,#8259);
#8254 = PLANE('',#8255);
#8255 = AXIS2_PLACEMENT_3D('',#8256,#8257,#8258);
#8256 = CARTESIAN_POINT('',(24.266980204174,15.604810034922,-2.135));
#8257 = DIRECTION('',(-0.365887511518,0.930659083078,0.));
#8258 = DIRECTION('',(0.930659083078,0.365887511518,0.));
#8259 = DEFINITIONAL_REPRESENTATION('',(#8260),#8264);
#8260 = LINE('',#8261,#8262);
#8261 = CARTESIAN_POINT('',(0.,0.));
#8262 = VECTOR('',#8263,1.);
#8263 = DIRECTION('',(0.,-1.));
#8264 = ( GEOMETRIC_REPRESENTATION_CONTEXT(2) 
PARAMETRIC_REPRESENTATION_CONTEXT() REPRESENTATION_CONTEXT('2D SPACE',''
  ) );
#8265 = ADVANCED_FACE('',(#8266),#8254,.T.);
#8266 = FACE_BOUND('',#8267,.T.);
#8267 = EDGE_LOOP('',(#8268,#8291,#8292,#8315));
#8268 = ORIENTED_EDGE('',*,*,#8269,.F.);
#8269 = EDGE_CURVE('',#8194,#8270,#8272,.T.);
#8270 = VERTEX_POINT('',#8271);
#8271 = CARTESIAN_POINT('',(26.679530753837,16.553301413857,-2.135));
#8272 = SURFACE_CURVE('',#8273,(#8277,#8284),.PCURVE_S1.);
#8273 = LINE('',#8274,#8275);
#8274 = CARTESIAN_POINT('',(24.266980204174,15.604810034922,-2.135));
#8275 = VECTOR('',#8276,1.);
#8276 = DIRECTION('',(0.930659083078,0.365887511518,0.));
#8277 = PCURVE('',#8254,#8278);
#8278 = DEFINITIONAL_REPRESENTATION('',(#8279),#8283);
#8279 = LINE('',#8280,#8281);
#8280 = CARTESIAN_POINT('',(0.,0.));
#8281 = VECTOR('',#8282,1.);
#8282 = DIRECTION('',(1.,0.));
#8283 = ( GEOMETRIC_REPRESENTATION_CONTEXT(2) 
PARAMETRIC_REPRESENTATION_CONTEXT() REPRESENTATION_CONTEXT('2D SPACE',''
  ) );
#8284 = PCURVE('',#45,#8285);
#8285 = DEFINITIONAL_REPRESENTATION('',(#8286),#8290);
#8286 = LINE('',#8287,#8288);
#8287 = CARTESIAN_POINT('',(24.266980204174,15.604810034922));
#8288 = VECTOR('',#8289,1.);
#8289 = DIRECTION('',(0.930659083078,0.365887511518));
#8290 = ( GEOMETRIC_REPRESENTATION_CONTEXT(2) 
PARAMETRIC_REPRESENTATION_CONTEXT() REPRESENTATION_CONTEXT('2D SPACE',''
  ) );
#8291 = ORIENTED_EDGE('',*,*,#8240,.T.);
#8292 = ORIENTED_EDGE('',*,*,#8293,.T.);
#8293 = EDGE_CURVE('',#8218,#8294,#8296,.T.);
#8294 = VERTEX_POINT('',#8295);
#8295 = CARTESIAN_POINT('',(26.679530753837,16.553301413857,2.135));
#8296 = SURFACE_CURVE('',#8297,(#8301,#8308),.PCURVE_S1.);
#8297 = LINE('',#8298,#8299);
#8298 = CARTESIAN_POINT('',(24.266980204174,15.604810034922,2.135));
#8299 = VECTOR('',#8300,1.);
#8300 = DIRECTION('',(0.930659083078,0.365887511518,0.));
#8301 = PCURVE('',#8254,#8302);
#8302 = DEFINITIONAL_REPRESENTATION('',(#8303),#8307);
#8303 = LINE('',#8304,#8305);
#8304 = CARTESIAN_POINT('',(0.,-4.27));
#8305 = VECTOR('',#8306,1.);
#8306 = DIRECTION('',(1.,0.));
#8307 = ( GEOMETRIC_REPRESENTATION_CONTEXT(2) 
PARAMETRIC_REPRESENTATION_CONTEXT() REPRESENTATION_CONTEXT('2D SPACE',''
  ) );
#8308 = PCURVE('',#102,#8309);
#8309 = DEFINITIONAL_REPRESENTATION('',(#8310),#8314);
#8310 = LINE('',#8311,#8312);
#8311 = CARTESIAN_POINT('',(24.266980204174,15.604810034922));
#8312 = VECTOR('',#8313,1.);
#8313 = DIRECTION('',(0.930659083078,0.365887511518));
#8314 = ( GEOMETRIC_REPRESENTATION_CONTEXT(2) 
PARAMETRIC_REPRESENTATION_CONTEXT() REPRESENTATION_CONTEXT('2D SPACE',''
  ) );
#8315 = ORIENTED_EDGE('',*,*,#8316,.T.);
#8316 = EDGE_CURVE('',#8294,#8270,#8317,.T.);
#8317 = SURFACE_CURVE('',#8318,(#8322,#8329),.PCURVE_S1.);
#8318 = LINE('',#8319,#8320);
#8319 = CARTESIAN_POINT('',(26.679530753837,16.553301413858,-2.135));
#8320 = VECTOR('',#8321,1.);
#8321 = DIRECTION('',(-0.,-0.,-1.));
#8322 = PCURVE('',#8254,#8323);
#8323 = DEFINITIONAL_REPRESENTATION('',(#8324),#8328);
#8324 = LINE('',#8325,#8326);
#8325 = CARTESIAN_POINT('',(2.592303232764,0.));
#8326 = VECTOR('',#8327,1.);
#8327 = DIRECTION('',(0.,1.));
#8328 = ( GEOMETRIC_REPRESENTATION_CONTEXT(2) 
PARAMETRIC_REPRESENTATION_CONTEXT() REPRESENTATION_CONTEXT('2D SPACE',''
  ) );
#8329 = PCURVE('',#8330,#8335);
#8330 = CYLINDRICAL_SURFACE('',#8331,31.397597821218);
#8331 = AXIS2_PLACEMENT_3D('',#8332,#8333,#8334);
#8332 = CARTESIAN_POINT('',(0.,0.,-2.135));
#8333 = DIRECTION('',(-0.,-0.,-1.));
#8334 = DIRECTION('',(1.,0.,0.));
#8335 = DEFINITIONAL_REPRESENTATION('',(#8336),#8340);
#8336 = LINE('',#8337,#8338);
#8337 = CARTESIAN_POINT('',(-0.555320348597,0.));
#8338 = VECTOR('',#8339,1.);
#8339 = DIRECTION('',(-0.,1.));
#8340 = ( GEOMETRIC_REPRESENTATION_CONTEXT(2) 
PARAMETRIC_REPRESENTATION_CONTEXT() REPRESENTATION_CONTEXT('2D SPACE',''
  ) );
#8341 = ADVANCED_FACE('',(#8342),#8330,.T.);
#8342 = FACE_BOUND('',#8343,.F.);
#8343 = EDGE_LOOP('',(#8344,#8368,#8396,#8418));
#8344 = ORIENTED_EDGE('',*,*,#8345,.F.);
#8345 = EDGE_CURVE('',#8346,#8270,#8348,.T.);
#8346 = VERTEX_POINT('',#8347);
#8347 = CARTESIAN_POINT('',(28.450189253639,13.281411083733,-2.135));
#8348 = SURFACE_CURVE('',#8349,(#8354,#8361),.PCURVE_S1.);
#8349 = CIRCLE('',#8350,31.397597821218);
#8350 = AXIS2_PLACEMENT_3D('',#8351,#8352,#8353);
#8351 = CARTESIAN_POINT('',(0.,0.,-2.135));
#8352 = DIRECTION('',(0.,0.,1.));
#8353 = DIRECTION('',(1.,0.,0.));
#8354 = PCURVE('',#8330,#8355);
#8355 = DEFINITIONAL_REPRESENTATION('',(#8356),#8360);
#8356 = LINE('',#8357,#8358);
#8357 = CARTESIAN_POINT('',(-0.,0.));
#8358 = VECTOR('',#8359,1.);
#8359 = DIRECTION('',(-1.,0.));
#8360 = ( GEOMETRIC_REPRESENTATION_CONTEXT(2) 
PARAMETRIC_REPRESENTATION_CONTEXT() REPRESENTATION_CONTEXT('2D SPACE',''
  ) );
#8361 = PCURVE('',#45,#8362);
#8362 = DEFINITIONAL_REPRESENTATION('',(#8363),#8367);
#8363 = CIRCLE('',#8364,31.397597821218);
#8364 = AXIS2_PLACEMENT_2D('',#8365,#8366);
#8365 = CARTESIAN_POINT('',(2.090514272322E-15,-2.899329622222E-15));
#8366 = DIRECTION('',(1.,0.));
#8367 = ( GEOMETRIC_REPRESENTATION_CONTEXT(2) 
PARAMETRIC_REPRESENTATION_CONTEXT() REPRESENTATION_CONTEXT('2D SPACE',''
  ) );
#8368 = ORIENTED_EDGE('',*,*,#8369,.F.);
#8369 = EDGE_CURVE('',#8370,#8346,#8372,.T.);
#8370 = VERTEX_POINT('',#8371);
#8371 = CARTESIAN_POINT('',(28.450189253639,13.281411083733,2.135));
#8372 = SURFACE_CURVE('',#8373,(#8377,#8384),.PCURVE_S1.);
#8373 = LINE('',#8374,#8375);
#8374 = CARTESIAN_POINT('',(28.450189253639,13.281411083732,-2.135));
#8375 = VECTOR('',#8376,1.);
#8376 = DIRECTION('',(-0.,-0.,-1.));
#8377 = PCURVE('',#8330,#8378);
#8378 = DEFINITIONAL_REPRESENTATION('',(#8379),#8383);
#8379 = LINE('',#8380,#8381);
#8380 = CARTESIAN_POINT('',(-0.43676154201,0.));
#8381 = VECTOR('',#8382,1.);
#8382 = DIRECTION('',(-0.,1.));
#8383 = ( GEOMETRIC_REPRESENTATION_CONTEXT(2) 
PARAMETRIC_REPRESENTATION_CONTEXT() REPRESENTATION_CONTEXT('2D SPACE',''
  ) );
#8384 = PCURVE('',#8385,#8390);
#8385 = PLANE('',#8386);
#8386 = AXIS2_PLACEMENT_3D('',#8387,#8388,#8389);
#8387 = CARTESIAN_POINT('',(31.150340048247,15.198882618553,-2.135));
#8388 = DIRECTION('',(0.578995086538,-0.815331030787,0.));
#8389 = DIRECTION('',(-0.815331030787,-0.578995086538,0.));
#8390 = DEFINITIONAL_REPRESENTATION('',(#8391),#8395);
#8391 = LINE('',#8392,#8393);
#8392 = CARTESIAN_POINT('',(3.311723327887,-0.));
#8393 = VECTOR('',#8394,1.);
#8394 = DIRECTION('',(0.,1.));
#8395 = ( GEOMETRIC_REPRESENTATION_CONTEXT(2) 
PARAMETRIC_REPRESENTATION_CONTEXT() REPRESENTATION_CONTEXT('2D SPACE',''
  ) );
#8396 = ORIENTED_EDGE('',*,*,#8397,.T.);
#8397 = EDGE_CURVE('',#8370,#8294,#8398,.T.);
#8398 = SURFACE_CURVE('',#8399,(#8404,#8411),.PCURVE_S1.);
#8399 = CIRCLE('',#8400,31.397597821218);
#8400 = AXIS2_PLACEMENT_3D('',#8401,#8402,#8403);
#8401 = CARTESIAN_POINT('',(0.,0.,2.135));
#8402 = DIRECTION('',(0.,0.,1.));
#8403 = DIRECTION('',(1.,0.,0.));
#8404 = PCURVE('',#8330,#8405);
#8405 = DEFINITIONAL_REPRESENTATION('',(#8406),#8410);
#8406 = LINE('',#8407,#8408);
#8407 = CARTESIAN_POINT('',(-0.,-4.27));
#8408 = VECTOR('',#8409,1.);
#8409 = DIRECTION('',(-1.,0.));
#8410 = ( GEOMETRIC_REPRESENTATION_CONTEXT(2) 
PARAMETRIC_REPRESENTATION_CONTEXT() REPRESENTATION_CONTEXT('2D SPACE',''
  ) );
#8411 = PCURVE('',#102,#8412);
#8412 = DEFINITIONAL_REPRESENTATION('',(#8413),#8417);
#8413 = CIRCLE('',#8414,31.397597821218);
#8414 = AXIS2_PLACEMENT_2D('',#8415,#8416);
#8415 = CARTESIAN_POINT('',(2.090514272322E-15,-2.899329622222E-15));
#8416 = DIRECTION('',(1.,0.));
#8417 = ( GEOMETRIC_REPRESENTATION_CONTEXT(2) 
PARAMETRIC_REPRESENTATION_CONTEXT() REPRESENTATION_CONTEXT('2D SPACE',''
  ) );
#8418 = ORIENTED_EDGE('',*,*,#8316,.T.);
#8419 = ADVANCED_FACE('',(#8420),#8385,.T.);
#8420 = FACE_BOUND('',#8421,.T.);
#8421 = EDGE_LOOP('',(#8422,#8445,#8446,#8469));
#8422 = ORIENTED_EDGE('',*,*,#8423,.F.);
#8423 = EDGE_CURVE('',#8346,#8424,#8426,.T.);
#8424 = VERTEX_POINT('',#8425);
#8425 = CARTESIAN_POINT('',(26.336603986757,11.780480249144,-2.135));
#8426 = SURFACE_CURVE('',#8427,(#8431,#8438),.PCURVE_S1.);
#8427 = LINE('',#8428,#8429);
#8428 = CARTESIAN_POINT('',(31.150340048247,15.198882618553,-2.135));
#8429 = VECTOR('',#8430,1.);
#8430 = DIRECTION('',(-0.815331030787,-0.578995086538,0.));
#8431 = PCURVE('',#8385,#8432);
#8432 = DEFINITIONAL_REPRESENTATION('',(#8433),#8437);
#8433 = LINE('',#8434,#8435);
#8434 = CARTESIAN_POINT('',(0.,0.));
#8435 = VECTOR('',#8436,1.);
#8436 = DIRECTION('',(1.,-0.));
#8437 = ( GEOMETRIC_REPRESENTATION_CONTEXT(2) 
PARAMETRIC_REPRESENTATION_CONTEXT() REPRESENTATION_CONTEXT('2D SPACE',''
  ) );
#8438 = PCURVE('',#45,#8439);
#8439 = DEFINITIONAL_REPRESENTATION('',(#8440),#8444);
#8440 = LINE('',#8441,#8442);
#8441 = CARTESIAN_POINT('',(31.150340048247,15.198882618553));
#8442 = VECTOR('',#8443,1.);
#8443 = DIRECTION('',(-0.815331030787,-0.578995086538));
#8444 = ( GEOMETRIC_REPRESENTATION_CONTEXT(2) 
PARAMETRIC_REPRESENTATION_CONTEXT() REPRESENTATION_CONTEXT('2D SPACE',''
  ) );
#8445 = ORIENTED_EDGE('',*,*,#8369,.F.);
#8446 = ORIENTED_EDGE('',*,*,#8447,.T.);
#8447 = EDGE_CURVE('',#8370,#8448,#8450,.T.);
#8448 = VERTEX_POINT('',#8449);
#8449 = CARTESIAN_POINT('',(26.336603986757,11.780480249144,2.135));
#8450 = SURFACE_CURVE('',#8451,(#8455,#8462),.PCURVE_S1.);
#8451 = LINE('',#8452,#8453);
#8452 = CARTESIAN_POINT('',(31.150340048247,15.198882618553,2.135));
#8453 = VECTOR('',#8454,1.);
#8454 = DIRECTION('',(-0.815331030787,-0.578995086538,0.));
#8455 = PCURVE('',#8385,#8456);
#8456 = DEFINITIONAL_REPRESENTATION('',(#8457),#8461);
#8457 = LINE('',#8458,#8459);
#8458 = CARTESIAN_POINT('',(0.,-4.27));
#8459 = VECTOR('',#8460,1.);
#8460 = DIRECTION('',(1.,-0.));
#8461 = ( GEOMETRIC_REPRESENTATION_CONTEXT(2) 
PARAMETRIC_REPRESENTATION_CONTEXT() REPRESENTATION_CONTEXT('2D SPACE',''
  ) );
#8462 = PCURVE('',#102,#8463);
#8463 = DEFINITIONAL_REPRESENTATION('',(#8464),#8468);
#8464 = LINE('',#8465,#8466);
#8465 = CARTESIAN_POINT('',(31.150340048247,15.198882618553));
#8466 = VECTOR('',#8467,1.);
#8467 = DIRECTION('',(-0.815331030787,-0.578995086538));
#8468 = ( GEOMETRIC_REPRESENTATION_CONTEXT(2) 
PARAMETRIC_REPRESENTATION_CONTEXT() REPRESENTATION_CONTEXT('2D SPACE',''
  ) );
#8469 = ORIENTED_EDGE('',*,*,#8470,.F.);
#8470 = EDGE_CURVE('',#8424,#8448,#8471,.T.);
#8471 = SURFACE_CURVE('',#8472,(#8476,#8483),.PCURVE_S1.);
#8472 = LINE('',#8473,#8474);
#8473 = CARTESIAN_POINT('',(26.336603986757,11.780480249144,-2.135));
#8474 = VECTOR('',#8475,1.);
#8475 = DIRECTION('',(0.,0.,1.));
#8476 = PCURVE('',#8385,#8477);
#8477 = DEFINITIONAL_REPRESENTATION('',(#8478),#8482);
#8478 = LINE('',#8479,#8480);
#8479 = CARTESIAN_POINT('',(5.904026560651,-0.));
#8480 = VECTOR('',#8481,1.);
#8481 = DIRECTION('',(0.,-1.));
#8482 = ( GEOMETRIC_REPRESENTATION_CONTEXT(2) 
PARAMETRIC_REPRESENTATION_CONTEXT() REPRESENTATION_CONTEXT('2D SPACE',''
  ) );
#8483 = PCURVE('',#8484,#8489);
#8484 = PLANE('',#8485);
#8485 = AXIS2_PLACEMENT_3D('',#8486,#8487,#8488);
#8486 = CARTESIAN_POINT('',(26.336603986757,11.780480249144,-2.135));
#8487 = DIRECTION('',(0.945817241701,0.324699469205,0.));
#8488 = DIRECTION('',(0.324699469205,-0.945817241701,0.));
#8489 = DEFINITIONAL_REPRESENTATION('',(#8490),#8494);
#8490 = LINE('',#8491,#8492);
#8491 = CARTESIAN_POINT('',(0.,0.));
#8492 = VECTOR('',#8493,1.);
#8493 = DIRECTION('',(0.,-1.));
#8494 = ( GEOMETRIC_REPRESENTATION_CONTEXT(2) 
PARAMETRIC_REPRESENTATION_CONTEXT() REPRESENTATION_CONTEXT('2D SPACE',''
  ) );
#8495 = ADVANCED_FACE('',(#8496),#8484,.T.);
#8496 = FACE_BOUND('',#8497,.T.);
#8497 = EDGE_LOOP('',(#8498,#8521,#8522,#8545));
#8498 = ORIENTED_EDGE('',*,*,#8499,.F.);
#8499 = EDGE_CURVE('',#8424,#8500,#8502,.T.);
#8500 = VERTEX_POINT('',#8501);
#8501 = CARTESIAN_POINT('',(26.339114387001,11.773167703054,-2.135));
#8502 = SURFACE_CURVE('',#8503,(#8507,#8514),.PCURVE_S1.);
#8503 = LINE('',#8504,#8505);
#8504 = CARTESIAN_POINT('',(26.336603986757,11.780480249144,-2.135));
#8505 = VECTOR('',#8506,1.);
#8506 = DIRECTION('',(0.324699469205,-0.945817241701,0.));
#8507 = PCURVE('',#8484,#8508);
#8508 = DEFINITIONAL_REPRESENTATION('',(#8509),#8513);
#8509 = LINE('',#8510,#8511);
#8510 = CARTESIAN_POINT('',(0.,0.));
#8511 = VECTOR('',#8512,1.);
#8512 = DIRECTION('',(1.,0.));
#8513 = ( GEOMETRIC_REPRESENTATION_CONTEXT(2) 
PARAMETRIC_REPRESENTATION_CONTEXT() REPRESENTATION_CONTEXT('2D SPACE',''
  ) );
#8514 = PCURVE('',#45,#8515);
#8515 = DEFINITIONAL_REPRESENTATION('',(#8516),#8520);
#8516 = LINE('',#8517,#8518);
#8517 = CARTESIAN_POINT('',(26.336603986757,11.780480249144));
#8518 = VECTOR('',#8519,1.);
#8519 = DIRECTION('',(0.324699469205,-0.945817241701));
#8520 = ( GEOMETRIC_REPRESENTATION_CONTEXT(2) 
PARAMETRIC_REPRESENTATION_CONTEXT() REPRESENTATION_CONTEXT('2D SPACE',''
  ) );
#8521 = ORIENTED_EDGE('',*,*,#8470,.T.);
#8522 = ORIENTED_EDGE('',*,*,#8523,.T.);
#8523 = EDGE_CURVE('',#8448,#8524,#8526,.T.);
#8524 = VERTEX_POINT('',#8525);
#8525 = CARTESIAN_POINT('',(26.339114387001,11.773167703054,2.135));
#8526 = SURFACE_CURVE('',#8527,(#8531,#8538),.PCURVE_S1.);
#8527 = LINE('',#8528,#8529);
#8528 = CARTESIAN_POINT('',(26.336603986757,11.780480249144,2.135));
#8529 = VECTOR('',#8530,1.);
#8530 = DIRECTION('',(0.324699469205,-0.945817241701,0.));
#8531 = PCURVE('',#8484,#8532);
#8532 = DEFINITIONAL_REPRESENTATION('',(#8533),#8537);
#8533 = LINE('',#8534,#8535);
#8534 = CARTESIAN_POINT('',(0.,-4.27));
#8535 = VECTOR('',#8536,1.);
#8536 = DIRECTION('',(1.,0.));
#8537 = ( GEOMETRIC_REPRESENTATION_CONTEXT(2) 
PARAMETRIC_REPRESENTATION_CONTEXT() REPRESENTATION_CONTEXT('2D SPACE',''
  ) );
#8538 = PCURVE('',#102,#8539);
#8539 = DEFINITIONAL_REPRESENTATION('',(#8540),#8544);
#8540 = LINE('',#8541,#8542);
#8541 = CARTESIAN_POINT('',(26.336603986757,11.780480249144));
#8542 = VECTOR('',#8543,1.);
#8543 = DIRECTION('',(0.324699469205,-0.945817241701));
#8544 = ( GEOMETRIC_REPRESENTATION_CONTEXT(2) 
PARAMETRIC_REPRESENTATION_CONTEXT() REPRESENTATION_CONTEXT('2D SPACE',''
  ) );
#8545 = ORIENTED_EDGE('',*,*,#8546,.T.);
#8546 = EDGE_CURVE('',#8524,#8500,#8547,.T.);
#8547 = SURFACE_CURVE('',#8548,(#8552,#8559),.PCURVE_S1.);
#8548 = LINE('',#8549,#8550);
#8549 = CARTESIAN_POINT('',(26.339114387001,11.773167703054,-2.135));
#8550 = VECTOR('',#8551,1.);
#8551 = DIRECTION('',(0.,-0.,-1.));
#8552 = PCURVE('',#8484,#8553);
#8553 = DEFINITIONAL_REPRESENTATION('',(#8554),#8558);
#8554 = LINE('',#8555,#8556);
#8555 = CARTESIAN_POINT('',(7.731457798993E-03,0.));
#8556 = VECTOR('',#8557,1.);
#8557 = DIRECTION('',(0.,1.));
#8558 = ( GEOMETRIC_REPRESENTATION_CONTEXT(2) 
PARAMETRIC_REPRESENTATION_CONTEXT() REPRESENTATION_CONTEXT('2D SPACE',''
  ) );
#8559 = PCURVE('',#8560,#8565);
#8560 = CYLINDRICAL_SURFACE('',#8561,2.5907);
#8561 = AXIS2_PLACEMENT_3D('',#8562,#8563,#8564);
#8562 = CARTESIAN_POINT('',(27.366966349966,9.395091414911,-2.135));
#8563 = DIRECTION('',(0.,-0.,-1.));
#8564 = DIRECTION('',(0.945817241701,0.324699469205,0.));
#8565 = DEFINITIONAL_REPRESENTATION('',(#8566),#8570);
#8566 = LINE('',#8567,#8568);
#8567 = CARTESIAN_POINT('',(-1.648072426672,0.));
#8568 = VECTOR('',#8569,1.);
#8569 = DIRECTION('',(-0.,1.));
#8570 = ( GEOMETRIC_REPRESENTATION_CONTEXT(2) 
PARAMETRIC_REPRESENTATION_CONTEXT() REPRESENTATION_CONTEXT('2D SPACE',''
  ) );
#8571 = ADVANCED_FACE('',(#8572),#8560,.F.);
#8572 = FACE_BOUND('',#8573,.T.);
#8573 = EDGE_LOOP('',(#8574,#8598,#8599,#8623));
#8574 = ORIENTED_EDGE('',*,*,#8575,.F.);
#8575 = EDGE_CURVE('',#8500,#8576,#8578,.T.);
#8576 = VERTEX_POINT('',#8577);
#8577 = CARTESIAN_POINT('',(28.016491416251,6.887135339086,-2.135));
#8578 = SURFACE_CURVE('',#8579,(#8584,#8591),.PCURVE_S1.);
#8579 = CIRCLE('',#8580,2.5907);
#8580 = AXIS2_PLACEMENT_3D('',#8581,#8582,#8583);
#8581 = CARTESIAN_POINT('',(27.366966349966,9.395091414911,-2.135));
#8582 = DIRECTION('',(0.,-0.,1.));
#8583 = DIRECTION('',(0.945817241701,0.324699469205,0.));
#8584 = PCURVE('',#8560,#8585);
#8585 = DEFINITIONAL_REPRESENTATION('',(#8586),#8590);
#8586 = LINE('',#8587,#8588);
#8587 = CARTESIAN_POINT('',(-0.,0.));
#8588 = VECTOR('',#8589,1.);
#8589 = DIRECTION('',(-1.,0.));
#8590 = ( GEOMETRIC_REPRESENTATION_CONTEXT(2) 
PARAMETRIC_REPRESENTATION_CONTEXT() REPRESENTATION_CONTEXT('2D SPACE',''
  ) );
#8591 = PCURVE('',#45,#8592);
#8592 = DEFINITIONAL_REPRESENTATION('',(#8593),#8597);
#8593 = CIRCLE('',#8594,2.5907);
#8594 = AXIS2_PLACEMENT_2D('',#8595,#8596);
#8595 = CARTESIAN_POINT('',(27.366966349966,9.395091414911));
#8596 = DIRECTION('',(0.945817241701,0.324699469205));
#8597 = ( GEOMETRIC_REPRESENTATION_CONTEXT(2) 
PARAMETRIC_REPRESENTATION_CONTEXT() REPRESENTATION_CONTEXT('2D SPACE',''
  ) );
#8598 = ORIENTED_EDGE('',*,*,#8546,.F.);
#8599 = ORIENTED_EDGE('',*,*,#8600,.T.);
#8600 = EDGE_CURVE('',#8524,#8601,#8603,.T.);
#8601 = VERTEX_POINT('',#8602);
#8602 = CARTESIAN_POINT('',(28.016491416251,6.887135339086,2.135));
#8603 = SURFACE_CURVE('',#8604,(#8609,#8616),.PCURVE_S1.);
#8604 = CIRCLE('',#8605,2.5907);
#8605 = AXIS2_PLACEMENT_3D('',#8606,#8607,#8608);
#8606 = CARTESIAN_POINT('',(27.366966349966,9.395091414911,2.135));
#8607 = DIRECTION('',(0.,-0.,1.));
#8608 = DIRECTION('',(0.945817241701,0.324699469205,0.));
#8609 = PCURVE('',#8560,#8610);
#8610 = DEFINITIONAL_REPRESENTATION('',(#8611),#8615);
#8611 = LINE('',#8612,#8613);
#8612 = CARTESIAN_POINT('',(-0.,-4.27));
#8613 = VECTOR('',#8614,1.);
#8614 = DIRECTION('',(-1.,0.));
#8615 = ( GEOMETRIC_REPRESENTATION_CONTEXT(2) 
PARAMETRIC_REPRESENTATION_CONTEXT() REPRESENTATION_CONTEXT('2D SPACE',''
  ) );
#8616 = PCURVE('',#102,#8617);
#8617 = DEFINITIONAL_REPRESENTATION('',(#8618),#8622);
#8618 = CIRCLE('',#8619,2.5907);
#8619 = AXIS2_PLACEMENT_2D('',#8620,#8621);
#8620 = CARTESIAN_POINT('',(27.366966349966,9.395091414911));
#8621 = DIRECTION('',(0.945817241701,0.324699469205));
#8622 = ( GEOMETRIC_REPRESENTATION_CONTEXT(2) 
PARAMETRIC_REPRESENTATION_CONTEXT() REPRESENTATION_CONTEXT('2D SPACE',''
  ) );
#8623 = ORIENTED_EDGE('',*,*,#8624,.T.);
#8624 = EDGE_CURVE('',#8601,#8576,#8625,.T.);
#8625 = SURFACE_CURVE('',#8626,(#8630,#8637),.PCURVE_S1.);
#8626 = LINE('',#8627,#8628);
#8627 = CARTESIAN_POINT('',(28.016491416251,6.887135339086,-2.135));
#8628 = VECTOR('',#8629,1.);
#8629 = DIRECTION('',(0.,-0.,-1.));
#8630 = PCURVE('',#8560,#8631);
#8631 = DEFINITIONAL_REPRESENTATION('',(#8632),#8636);
#8632 = LINE('',#8633,#8634);
#8633 = CARTESIAN_POINT('',(-4.635112880507,0.));
#8634 = VECTOR('',#8635,1.);
#8635 = DIRECTION('',(-0.,1.));
#8636 = ( GEOMETRIC_REPRESENTATION_CONTEXT(2) 
PARAMETRIC_REPRESENTATION_CONTEXT() REPRESENTATION_CONTEXT('2D SPACE',''
  ) );
#8637 = PCURVE('',#8638,#8643);
#8638 = PLANE('',#8639);
#8639 = AXIS2_PLACEMENT_3D('',#8640,#8641,#8642);
#8640 = CARTESIAN_POINT('',(26.336603986757,11.780480249144,-2.135));
#8641 = DIRECTION('',(0.945817241701,0.324699469205,0.));
#8642 = DIRECTION('',(0.324699469205,-0.945817241701,0.));
#8643 = DEFINITIONAL_REPRESENTATION('',(#8644),#8648);
#8644 = LINE('',#8645,#8646);
#8645 = CARTESIAN_POINT('',(5.173668542201,0.));
#8646 = VECTOR('',#8647,1.);
#8647 = DIRECTION('',(0.,1.));
#8648 = ( GEOMETRIC_REPRESENTATION_CONTEXT(2) 
PARAMETRIC_REPRESENTATION_CONTEXT() REPRESENTATION_CONTEXT('2D SPACE',''
  ) );
#8649 = ADVANCED_FACE('',(#8650),#8638,.T.);
#8650 = FACE_BOUND('',#8651,.T.);
#8651 = EDGE_LOOP('',(#8652,#8675,#8676,#8699));
#8652 = ORIENTED_EDGE('',*,*,#8653,.F.);
#8653 = EDGE_CURVE('',#8576,#8654,#8656,.T.);
#8654 = VERTEX_POINT('',#8655);
#8655 = CARTESIAN_POINT('',(28.019001816494,6.879822792996,-2.135));
#8656 = SURFACE_CURVE('',#8657,(#8661,#8668),.PCURVE_S1.);
#8657 = LINE('',#8658,#8659);
#8658 = CARTESIAN_POINT('',(26.336603986757,11.780480249144,-2.135));
#8659 = VECTOR('',#8660,1.);
#8660 = DIRECTION('',(0.324699469205,-0.945817241701,0.));
#8661 = PCURVE('',#8638,#8662);
#8662 = DEFINITIONAL_REPRESENTATION('',(#8663),#8667);
#8663 = LINE('',#8664,#8665);
#8664 = CARTESIAN_POINT('',(0.,0.));
#8665 = VECTOR('',#8666,1.);
#8666 = DIRECTION('',(1.,0.));
#8667 = ( GEOMETRIC_REPRESENTATION_CONTEXT(2) 
PARAMETRIC_REPRESENTATION_CONTEXT() REPRESENTATION_CONTEXT('2D SPACE',''
  ) );
#8668 = PCURVE('',#45,#8669);
#8669 = DEFINITIONAL_REPRESENTATION('',(#8670),#8674);
#8670 = LINE('',#8671,#8672);
#8671 = CARTESIAN_POINT('',(26.336603986757,11.780480249144));
#8672 = VECTOR('',#8673,1.);
#8673 = DIRECTION('',(0.324699469205,-0.945817241701));
#8674 = ( GEOMETRIC_REPRESENTATION_CONTEXT(2) 
PARAMETRIC_REPRESENTATION_CONTEXT() REPRESENTATION_CONTEXT('2D SPACE',''
  ) );
#8675 = ORIENTED_EDGE('',*,*,#8624,.F.);
#8676 = ORIENTED_EDGE('',*,*,#8677,.T.);
#8677 = EDGE_CURVE('',#8601,#8678,#8680,.T.);
#8678 = VERTEX_POINT('',#8679);
#8679 = CARTESIAN_POINT('',(28.019001816494,6.879822792996,2.135));
#8680 = SURFACE_CURVE('',#8681,(#8685,#8692),.PCURVE_S1.);
#8681 = LINE('',#8682,#8683);
#8682 = CARTESIAN_POINT('',(26.336603986757,11.780480249144,2.135));
#8683 = VECTOR('',#8684,1.);
#8684 = DIRECTION('',(0.324699469205,-0.945817241701,0.));
#8685 = PCURVE('',#8638,#8686);
#8686 = DEFINITIONAL_REPRESENTATION('',(#8687),#8691);
#8687 = LINE('',#8688,#8689);
#8688 = CARTESIAN_POINT('',(0.,-4.27));
#8689 = VECTOR('',#8690,1.);
#8690 = DIRECTION('',(1.,0.));
#8691 = ( GEOMETRIC_REPRESENTATION_CONTEXT(2) 
PARAMETRIC_REPRESENTATION_CONTEXT() REPRESENTATION_CONTEXT('2D SPACE',''
  ) );
#8692 = PCURVE('',#102,#8693);
#8693 = DEFINITIONAL_REPRESENTATION('',(#8694),#8698);
#8694 = LINE('',#8695,#8696);
#8695 = CARTESIAN_POINT('',(26.336603986757,11.780480249144));
#8696 = VECTOR('',#8697,1.);
#8697 = DIRECTION('',(0.324699469205,-0.945817241701));
#8698 = ( GEOMETRIC_REPRESENTATION_CONTEXT(2) 
PARAMETRIC_REPRESENTATION_CONTEXT() REPRESENTATION_CONTEXT('2D SPACE',''
  ) );
#8699 = ORIENTED_EDGE('',*,*,#8700,.F.);
#8700 = EDGE_CURVE('',#8654,#8678,#8701,.T.);
#8701 = SURFACE_CURVE('',#8702,(#8706,#8713),.PCURVE_S1.);
#8702 = LINE('',#8703,#8704);
#8703 = CARTESIAN_POINT('',(28.019001816494,6.879822792996,-2.135));
#8704 = VECTOR('',#8705,1.);
#8705 = DIRECTION('',(0.,0.,1.));
#8706 = PCURVE('',#8638,#8707);
#8707 = DEFINITIONAL_REPRESENTATION('',(#8708),#8712);
#8708 = LINE('',#8709,#8710);
#8709 = CARTESIAN_POINT('',(5.1814,0.));
#8710 = VECTOR('',#8711,1.);
#8711 = DIRECTION('',(0.,-1.));
#8712 = ( GEOMETRIC_REPRESENTATION_CONTEXT(2) 
PARAMETRIC_REPRESENTATION_CONTEXT() REPRESENTATION_CONTEXT('2D SPACE',''
  ) );
#8713 = PCURVE('',#128,#8714);
#8714 = DEFINITIONAL_REPRESENTATION('',(#8715),#8719);
#8715 = LINE('',#8716,#8717);
#8716 = CARTESIAN_POINT('',(0.,0.));
#8717 = VECTOR('',#8718,1.);
#8718 = DIRECTION('',(0.,-1.));
#8719 = ( GEOMETRIC_REPRESENTATION_CONTEXT(2) 
PARAMETRIC_REPRESENTATION_CONTEXT() REPRESENTATION_CONTEXT('2D SPACE',''
  ) );
#8720 = ADVANCED_FACE('',(#8721,#8857),#102,.T.);
#8721 = FACE_BOUND('',#8722,.T.);
#8722 = EDGE_LOOP('',(#8723,#8724,#8725,#8746,#8747,#8748,#8749,#8750,
    #8751,#8752,#8753,#8754,#8755,#8756,#8757,#8758,#8759,#8760,#8761,
    #8762,#8763,#8764,#8765,#8766,#8767,#8768,#8769,#8770,#8771,#8772,
    #8773,#8774,#8775,#8776,#8777,#8778,#8779,#8780,#8781,#8782,#8783,
    #8784,#8785,#8786,#8787,#8788,#8789,#8790,#8791,#8792,#8793,#8794,
    #8795,#8796,#8797,#8798,#8799,#8800,#8801,#8802,#8803,#8804,#8805,
    #8806,#8807,#8808,#8809,#8810,#8811,#8812,#8813,#8814,#8815,#8816,
    #8817,#8818,#8819,#8820,#8821,#8822,#8823,#8824,#8825,#8826,#8827,
    #8828,#8829,#8830,#8831,#8832,#8833,#8834,#8835,#8836,#8837,#8838,
    #8839,#8840,#8841,#8842,#8843,#8844,#8845,#8846,#8847,#8848,#8849,
    #8850,#8851,#8852,#8853,#8854,#8855,#8856));
#8723 = ORIENTED_EDGE('',*,*,#167,.F.);
#8724 = ORIENTED_EDGE('',*,*,#85,.T.);
#8725 = ORIENTED_EDGE('',*,*,#8726,.F.);
#8726 = EDGE_CURVE('',#8678,#86,#8727,.T.);
#8727 = SURFACE_CURVE('',#8728,(#8732,#8739),.PCURVE_S1.);
#8728 = LINE('',#8729,#8730);
#8729 = CARTESIAN_POINT('',(28.019001816494,6.879822792996,2.135));
#8730 = VECTOR('',#8731,1.);
#8731 = DIRECTION('',(0.999036887699,4.387820663083E-02,0.));
#8732 = PCURVE('',#102,#8733);
#8733 = DEFINITIONAL_REPRESENTATION('',(#8734),#8738);
#8734 = LINE('',#8735,#8736);
#8735 = CARTESIAN_POINT('',(28.019001816494,6.879822792996));
#8736 = VECTOR('',#8737,1.);
#8737 = DIRECTION('',(0.999036887699,4.387820663083E-02));
#8738 = ( GEOMETRIC_REPRESENTATION_CONTEXT(2) 
PARAMETRIC_REPRESENTATION_CONTEXT() REPRESENTATION_CONTEXT('2D SPACE',''
  ) );
#8739 = PCURVE('',#128,#8740);
#8740 = DEFINITIONAL_REPRESENTATION('',(#8741),#8745);
#8741 = LINE('',#8742,#8743);
#8742 = CARTESIAN_POINT('',(0.,-4.27));
#8743 = VECTOR('',#8744,1.);
#8744 = DIRECTION('',(1.,0.));
#8745 = ( GEOMETRIC_REPRESENTATION_CONTEXT(2) 
PARAMETRIC_REPRESENTATION_CONTEXT() REPRESENTATION_CONTEXT('2D SPACE',''
  ) );
#8746 = ORIENTED_EDGE('',*,*,#8677,.F.);
#8747 = ORIENTED_EDGE('',*,*,#8600,.F.);
#8748 = ORIENTED_EDGE('',*,*,#8523,.F.);
#8749 = ORIENTED_EDGE('',*,*,#8447,.F.);
#8750 = ORIENTED_EDGE('',*,*,#8397,.T.);
#8751 = ORIENTED_EDGE('',*,*,#8293,.F.);
#8752 = ORIENTED_EDGE('',*,*,#8217,.F.);
#8753 = ORIENTED_EDGE('',*,*,#8140,.F.);
#8754 = ORIENTED_EDGE('',*,*,#8063,.F.);
#8755 = ORIENTED_EDGE('',*,*,#7987,.F.);
#8756 = ORIENTED_EDGE('',*,*,#7937,.T.);
#8757 = ORIENTED_EDGE('',*,*,#7833,.F.);
#8758 = ORIENTED_EDGE('',*,*,#7757,.F.);
#8759 = ORIENTED_EDGE('',*,*,#7680,.F.);
#8760 = ORIENTED_EDGE('',*,*,#7603,.F.);
#8761 = ORIENTED_EDGE('',*,*,#7527,.F.);
#8762 = ORIENTED_EDGE('',*,*,#7477,.T.);
#8763 = ORIENTED_EDGE('',*,*,#7373,.F.);
#8764 = ORIENTED_EDGE('',*,*,#7297,.F.);
#8765 = ORIENTED_EDGE('',*,*,#7220,.F.);
#8766 = ORIENTED_EDGE('',*,*,#7143,.F.);
#8767 = ORIENTED_EDGE('',*,*,#7067,.F.);
#8768 = ORIENTED_EDGE('',*,*,#7017,.T.);
#8769 = ORIENTED_EDGE('',*,*,#6913,.F.);
#8770 = ORIENTED_EDGE('',*,*,#6837,.F.);
#8771 = ORIENTED_EDGE('',*,*,#6760,.F.);
#8772 = ORIENTED_EDGE('',*,*,#6683,.F.);
#8773 = ORIENTED_EDGE('',*,*,#6607,.F.);
#8774 = ORIENTED_EDGE('',*,*,#6557,.T.);
#8775 = ORIENTED_EDGE('',*,*,#6453,.F.);
#8776 = ORIENTED_EDGE('',*,*,#6377,.F.);
#8777 = ORIENTED_EDGE('',*,*,#6300,.F.);
#8778 = ORIENTED_EDGE('',*,*,#6223,.F.);
#8779 = ORIENTED_EDGE('',*,*,#6147,.F.);
#8780 = ORIENTED_EDGE('',*,*,#6097,.T.);
#8781 = ORIENTED_EDGE('',*,*,#5993,.F.);
#8782 = ORIENTED_EDGE('',*,*,#5917,.F.);
#8783 = ORIENTED_EDGE('',*,*,#5840,.F.);
#8784 = ORIENTED_EDGE('',*,*,#5763,.F.);
#8785 = ORIENTED_EDGE('',*,*,#5687,.F.);
#8786 = ORIENTED_EDGE('',*,*,#5637,.T.);
#8787 = ORIENTED_EDGE('',*,*,#5533,.F.);
#8788 = ORIENTED_EDGE('',*,*,#5457,.F.);
#8789 = ORIENTED_EDGE('',*,*,#5380,.F.);
#8790 = ORIENTED_EDGE('',*,*,#5303,.F.);
#8791 = ORIENTED_EDGE('',*,*,#5227,.F.);
#8792 = ORIENTED_EDGE('',*,*,#5177,.T.);
#8793 = ORIENTED_EDGE('',*,*,#5073,.F.);
#8794 = ORIENTED_EDGE('',*,*,#4997,.F.);
#8795 = ORIENTED_EDGE('',*,*,#4920,.F.);
#8796 = ORIENTED_EDGE('',*,*,#4843,.F.);
#8797 = ORIENTED_EDGE('',*,*,#4767,.F.);
#8798 = ORIENTED_EDGE('',*,*,#4717,.T.);
#8799 = ORIENTED_EDGE('',*,*,#4613,.F.);
#8800 = ORIENTED_EDGE('',*,*,#4537,.F.);
#8801 = ORIENTED_EDGE('',*,*,#4460,.F.);
#8802 = ORIENTED_EDGE('',*,*,#4383,.F.);
#8803 = ORIENTED_EDGE('',*,*,#4307,.F.);
#8804 = ORIENTED_EDGE('',*,*,#4257,.T.);
#8805 = ORIENTED_EDGE('',*,*,#4153,.F.);
#8806 = ORIENTED_EDGE('',*,*,#4077,.F.);
#8807 = ORIENTED_EDGE('',*,*,#4000,.F.);
#8808 = ORIENTED_EDGE('',*,*,#3923,.F.);
#8809 = ORIENTED_EDGE('',*,*,#3847,.F.);
#8810 = ORIENTED_EDGE('',*,*,#3797,.T.);
#8811 = ORIENTED_EDGE('',*,*,#3693,.F.);
#8812 = ORIENTED_EDGE('',*,*,#3617,.F.);
#8813 = ORIENTED_EDGE('',*,*,#3540,.F.);
#8814 = ORIENTED_EDGE('',*,*,#3463,.F.);
#8815 = ORIENTED_EDGE('',*,*,#3387,.F.);
#8816 = ORIENTED_EDGE('',*,*,#3337,.T.);
#8817 = ORIENTED_EDGE('',*,*,#3233,.F.);
#8818 = ORIENTED_EDGE('',*,*,#3157,.F.);
#8819 = ORIENTED_EDGE('',*,*,#3080,.F.);
#8820 = ORIENTED_EDGE('',*,*,#3003,.F.);
#8821 = ORIENTED_EDGE('',*,*,#2927,.F.);
#8822 = ORIENTED_EDGE('',*,*,#2877,.T.);
#8823 = ORIENTED_EDGE('',*,*,#2773,.F.);
#8824 = ORIENTED_EDGE('',*,*,#2697,.F.);
#8825 = ORIENTED_EDGE('',*,*,#2620,.F.);
#8826 = ORIENTED_EDGE('',*,*,#2543,.F.);
#8827 = ORIENTED_EDGE('',*,*,#2467,.F.);
#8828 = ORIENTED_EDGE('',*,*,#2417,.T.);
#8829 = ORIENTED_EDGE('',*,*,#2313,.F.);
#8830 = ORIENTED_EDGE('',*,*,#2237,.F.);
#8831 = ORIENTED_EDGE('',*,*,#2160,.F.);
#8832 = ORIENTED_EDGE('',*,*,#2083,.F.);
#8833 = ORIENTED_EDGE('',*,*,#2007,.F.);
#8834 = ORIENTED_EDGE('',*,*,#1957,.T.);
#8835 = ORIENTED_EDGE('',*,*,#1853,.F.);
#8836 = ORIENTED_EDGE('',*,*,#1777,.F.);
#8837 = ORIENTED_EDGE('',*,*,#1700,.F.);
#8838 = ORIENTED_EDGE('',*,*,#1623,.F.);
#8839 = ORIENTED_EDGE('',*,*,#1547,.F.);
#8840 = ORIENTED_EDGE('',*,*,#1497,.T.);
#8841 = ORIENTED_EDGE('',*,*,#1393,.F.);
#8842 = ORIENTED_EDGE('',*,*,#1317,.F.);
#8843 = ORIENTED_EDGE('',*,*,#1240,.F.);
#8844 = ORIENTED_EDGE('',*,*,#1163,.F.);
#8845 = ORIENTED_EDGE('',*,*,#1087,.F.);
#8846 = ORIENTED_EDGE('',*,*,#1037,.T.);
#8847 = ORIENTED_EDGE('',*,*,#933,.F.);
#8848 = ORIENTED_EDGE('',*,*,#857,.F.);
#8849 = ORIENTED_EDGE('',*,*,#780,.F.);
#8850 = ORIENTED_EDGE('',*,*,#703,.F.);
#8851 = ORIENTED_EDGE('',*,*,#627,.F.);
#8852 = ORIENTED_EDGE('',*,*,#577,.T.);
#8853 = ORIENTED_EDGE('',*,*,#473,.F.);
#8854 = ORIENTED_EDGE('',*,*,#397,.F.);
#8855 = ORIENTED_EDGE('',*,*,#320,.F.);
#8856 = ORIENTED_EDGE('',*,*,#243,.F.);
#8857 = FACE_BOUND('',#8858,.T.);
#8858 = EDGE_LOOP('',(#8859,#8894,#8920,#8946));
#8859 = ORIENTED_EDGE('',*,*,#8860,.T.);
#8860 = EDGE_CURVE('',#8861,#8863,#8865,.T.);
#8861 = VERTEX_POINT('',#8862);
#8862 = CARTESIAN_POINT('',(-2.5,-6.538348415311,2.135));
#8863 = VERTEX_POINT('',#8864);
#8864 = CARTESIAN_POINT('',(2.5,-6.538348415311,2.135));
#8865 = SURFACE_CURVE('',#8866,(#8871,#8882),.PCURVE_S1.);
#8866 = CIRCLE('',#8867,7.);
#8867 = AXIS2_PLACEMENT_3D('',#8868,#8869,#8870);
#8868 = CARTESIAN_POINT('',(0.,0.,2.135));
#8869 = DIRECTION('',(-0.,0.,-1.));
#8870 = DIRECTION('',(-0.357142857143,-0.934049773616,0.));
#8871 = PCURVE('',#102,#8872);
#8872 = DEFINITIONAL_REPRESENTATION('',(#8873),#8881);
#8873 = ( BOUNDED_CURVE() B_SPLINE_CURVE(2,(#8874,#8875,#8876,#8877,
#8878,#8879,#8880),.UNSPECIFIED.,.T.,.F.) B_SPLINE_CURVE_WITH_KNOTS((1,2
    ,2,2,2,1),(-2.094395102393,0.,2.094395102393,4.188790204786,
6.28318530718,8.377580409573),.UNSPECIFIED.) CURVE() 
GEOMETRIC_REPRESENTATION_ITEM() RATIONAL_B_SPLINE_CURVE((1.,0.5,1.,0.5,
1.,0.5,1.)) REPRESENTATION_ITEM('') );
#8874 = CARTESIAN_POINT('',(-2.5,-6.538348415311));
#8875 = CARTESIAN_POINT('',(-13.8247516529,-2.208221396389));
#8876 = CARTESIAN_POINT('',(-4.412375826453,5.434237717117));
#8877 = CARTESIAN_POINT('',(5.,13.076696830622));
#8878 = CARTESIAN_POINT('',(6.912375826453,1.104110698194));
#8879 = CARTESIAN_POINT('',(8.824751652906,-10.86847543423));
#8880 = CARTESIAN_POINT('',(-2.5,-6.538348415311));
#8881 = ( GEOMETRIC_REPRESENTATION_CONTEXT(2) 
PARAMETRIC_REPRESENTATION_CONTEXT() REPRESENTATION_CONTEXT('2D SPACE',''
  ) );
#8882 = PCURVE('',#8883,#8888);
#8883 = CYLINDRICAL_SURFACE('',#8884,7.);
#8884 = AXIS2_PLACEMENT_3D('',#8885,#8886,#8887);
#8885 = CARTESIAN_POINT('',(0.,0.,-30.));
#8886 = DIRECTION('',(-0.,-0.,-1.));
#8887 = DIRECTION('',(1.,0.,0.));
#8888 = DEFINITIONAL_REPRESENTATION('',(#8889),#8893);
#8889 = LINE('',#8890,#8891);
#8890 = CARTESIAN_POINT('',(-10.63036706627,-32.135));
#8891 = VECTOR('',#8892,1.);
#8892 = DIRECTION('',(1.,-0.));
#8893 = ( GEOMETRIC_REPRESENTATION_CONTEXT(2) 
PARAMETRIC_REPRESENTATION_CONTEXT() REPRESENTATION_CONTEXT('2D SPACE',''
  ) );
#8894 = ORIENTED_EDGE('',*,*,#8895,.T.);
#8895 = EDGE_CURVE('',#8863,#8896,#8898,.T.);
#8896 = VERTEX_POINT('',#8897);
#8897 = CARTESIAN_POINT('',(2.5,-9.3,2.135));
#8898 = SURFACE_CURVE('',#8899,(#8903,#8909),.PCURVE_S1.);
#8899 = LINE('',#8900,#8901);
#8900 = CARTESIAN_POINT('',(2.5,-4.65,2.135));
#8901 = VECTOR('',#8902,1.);
#8902 = DIRECTION('',(0.,-1.,0.));
#8903 = PCURVE('',#102,#8904);
#8904 = DEFINITIONAL_REPRESENTATION('',(#8905),#8908);
#8905 = B_SPLINE_CURVE_WITH_KNOTS('',1,(#8906,#8907),.UNSPECIFIED.,.F.,
  .F.,(2,2),(5.E-02,4.65),.PIECEWISE_BEZIER_KNOTS.);
#8906 = CARTESIAN_POINT('',(2.5,-4.7));
#8907 = CARTESIAN_POINT('',(2.5,-9.3));
#8908 = ( GEOMETRIC_REPRESENTATION_CONTEXT(2) 
PARAMETRIC_REPRESENTATION_CONTEXT() REPRESENTATION_CONTEXT('2D SPACE',''
  ) );
#8909 = PCURVE('',#8910,#8915);
#8910 = PLANE('',#8911);
#8911 = AXIS2_PLACEMENT_3D('',#8912,#8913,#8914);
#8912 = CARTESIAN_POINT('',(2.5,-9.3,-30.));
#8913 = DIRECTION('',(-1.,0.,0.));
#8914 = DIRECTION('',(0.,1.,0.));
#8915 = DEFINITIONAL_REPRESENTATION('',(#8916),#8919);
#8916 = B_SPLINE_CURVE_WITH_KNOTS('',1,(#8917,#8918),.UNSPECIFIED.,.F.,
  .F.,(2,2),(5.E-02,4.65),.PIECEWISE_BEZIER_KNOTS.);
#8917 = CARTESIAN_POINT('',(4.6,-32.135));
#8918 = CARTESIAN_POINT('',(0.,-32.135));
#8919 = ( GEOMETRIC_REPRESENTATION_CONTEXT(2) 
PARAMETRIC_REPRESENTATION_CONTEXT() REPRESENTATION_CONTEXT('2D SPACE',''
  ) );
#8920 = ORIENTED_EDGE('',*,*,#8921,.T.);
#8921 = EDGE_CURVE('',#8896,#8922,#8924,.T.);
#8922 = VERTEX_POINT('',#8923);
#8923 = CARTESIAN_POINT('',(-2.5,-9.3,2.135));
#8924 = SURFACE_CURVE('',#8925,(#8929,#8935),.PCURVE_S1.);
#8925 = LINE('',#8926,#8927);
#8926 = CARTESIAN_POINT('',(-1.25,-9.3,2.135));
#8927 = VECTOR('',#8928,1.);
#8928 = DIRECTION('',(-1.,0.,0.));
#8929 = PCURVE('',#102,#8930);
#8930 = DEFINITIONAL_REPRESENTATION('',(#8931),#8934);
#8931 = B_SPLINE_CURVE_WITH_KNOTS('',1,(#8932,#8933),.UNSPECIFIED.,.F.,
  .F.,(2,2),(-3.75,1.25),.PIECEWISE_BEZIER_KNOTS.);
#8932 = CARTESIAN_POINT('',(2.5,-9.3));
#8933 = CARTESIAN_POINT('',(-2.5,-9.3));
#8934 = ( GEOMETRIC_REPRESENTATION_CONTEXT(2) 
PARAMETRIC_REPRESENTATION_CONTEXT() REPRESENTATION_CONTEXT('2D SPACE',''
  ) );
#8935 = PCURVE('',#8936,#8941);
#8936 = PLANE('',#8937);
#8937 = AXIS2_PLACEMENT_3D('',#8938,#8939,#8940);
#8938 = CARTESIAN_POINT('',(-2.5,-9.3,-30.));
#8939 = DIRECTION('',(0.,1.,0.));
#8940 = DIRECTION('',(1.,0.,0.));
#8941 = DEFINITIONAL_REPRESENTATION('',(#8942),#8945);
#8942 = B_SPLINE_CURVE_WITH_KNOTS('',1,(#8943,#8944),.UNSPECIFIED.,.F.,
  .F.,(2,2),(-3.75,1.25),.PIECEWISE_BEZIER_KNOTS.);
#8943 = CARTESIAN_POINT('',(5.,-32.135));
#8944 = CARTESIAN_POINT('',(0.,-32.135));
#8945 = ( GEOMETRIC_REPRESENTATION_CONTEXT(2) 
PARAMETRIC_REPRESENTATION_CONTEXT() REPRESENTATION_CONTEXT('2D SPACE',''
  ) );
#8946 = ORIENTED_EDGE('',*,*,#8947,.T.);
#8947 = EDGE_CURVE('',#8922,#8861,#8948,.T.);
#8948 = SURFACE_CURVE('',#8949,(#8953,#8959),.PCURVE_S1.);
#8949 = LINE('',#8950,#8951);
#8950 = CARTESIAN_POINT('',(-2.5,-2.35,2.135));
#8951 = VECTOR('',#8952,1.);
#8952 = DIRECTION('',(-0.,1.,0.));
#8953 = PCURVE('',#102,#8954);
#8954 = DEFINITIONAL_REPRESENTATION('',(#8955),#8958);
#8955 = B_SPLINE_CURVE_WITH_KNOTS('',1,(#8956,#8957),.UNSPECIFIED.,.F.,
  .F.,(2,2),(-6.95,-2.35),.PIECEWISE_BEZIER_KNOTS.);
#8956 = CARTESIAN_POINT('',(-2.5,-9.3));
#8957 = CARTESIAN_POINT('',(-2.5,-4.7));
#8958 = ( GEOMETRIC_REPRESENTATION_CONTEXT(2) 
PARAMETRIC_REPRESENTATION_CONTEXT() REPRESENTATION_CONTEXT('2D SPACE',''
  ) );
#8959 = PCURVE('',#8960,#8965);
#8960 = PLANE('',#8961);
#8961 = AXIS2_PLACEMENT_3D('',#8962,#8963,#8964);
#8962 = CARTESIAN_POINT('',(-2.5,-4.7,-30.));
#8963 = DIRECTION('',(1.,0.,-0.));
#8964 = DIRECTION('',(0.,-1.,0.));
#8965 = DEFINITIONAL_REPRESENTATION('',(#8966),#8969);
#8966 = B_SPLINE_CURVE_WITH_KNOTS('',1,(#8967,#8968),.UNSPECIFIED.,.F.,
  .F.,(2,2),(-6.95,-2.35),.PIECEWISE_BEZIER_KNOTS.);
#8967 = CARTESIAN_POINT('',(4.6,-32.135));
#8968 = CARTESIAN_POINT('',(0.,-32.135));
#8969 = ( GEOMETRIC_REPRESENTATION_CONTEXT(2) 
PARAMETRIC_REPRESENTATION_CONTEXT() REPRESENTATION_CONTEXT('2D SPACE',''
  ) );
#8970 = ADVANCED_FACE('',(#8971),#8960,.T.);
#8971 = FACE_BOUND('',#8972,.T.);
#8972 = EDGE_LOOP('',(#8973,#8996,#9022,#9041));
#8973 = ORIENTED_EDGE('',*,*,#8974,.F.);
#8974 = EDGE_CURVE('',#8975,#8922,#8977,.T.);
#8975 = VERTEX_POINT('',#8976);
#8976 = CARTESIAN_POINT('',(-2.5,-9.3,-16.915));
#8977 = SURFACE_CURVE('',#8978,(#8982,#8989),.PCURVE_S1.);
#8978 = LINE('',#8979,#8980);
#8979 = CARTESIAN_POINT('',(-2.5,-9.3,-30.));
#8980 = VECTOR('',#8981,1.);
#8981 = DIRECTION('',(0.,0.,1.));
#8982 = PCURVE('',#8960,#8983);
#8983 = DEFINITIONAL_REPRESENTATION('',(#8984),#8988);
#8984 = LINE('',#8985,#8986);
#8985 = CARTESIAN_POINT('',(4.6,0.));
#8986 = VECTOR('',#8987,1.);
#8987 = DIRECTION('',(0.,-1.));
#8988 = ( GEOMETRIC_REPRESENTATION_CONTEXT(2) 
PARAMETRIC_REPRESENTATION_CONTEXT() REPRESENTATION_CONTEXT('2D SPACE',''
  ) );
#8989 = PCURVE('',#8936,#8990);
#8990 = DEFINITIONAL_REPRESENTATION('',(#8991),#8995);
#8991 = LINE('',#8992,#8993);
#8992 = CARTESIAN_POINT('',(0.,0.));
#8993 = VECTOR('',#8994,1.);
#8994 = DIRECTION('',(0.,-1.));
#8995 = ( GEOMETRIC_REPRESENTATION_CONTEXT(2) 
PARAMETRIC_REPRESENTATION_CONTEXT() REPRESENTATION_CONTEXT('2D SPACE',''
  ) );
#8996 = ORIENTED_EDGE('',*,*,#8997,.T.);
#8997 = EDGE_CURVE('',#8975,#8998,#9000,.T.);
#8998 = VERTEX_POINT('',#8999);
#8999 = CARTESIAN_POINT('',(-2.5,-6.538348415311,-16.915));
#9000 = SURFACE_CURVE('',#9001,(#9005,#9011),.PCURVE_S1.);
#9001 = LINE('',#9002,#9003);
#9002 = CARTESIAN_POINT('',(-2.5,-2.35,-16.915));
#9003 = VECTOR('',#9004,1.);
#9004 = DIRECTION('',(-0.,1.,0.));
#9005 = PCURVE('',#8960,#9006);
#9006 = DEFINITIONAL_REPRESENTATION('',(#9007),#9010);
#9007 = B_SPLINE_CURVE_WITH_KNOTS('',1,(#9008,#9009),.UNSPECIFIED.,.F.,
  .F.,(2,2),(-6.95,-2.35),.PIECEWISE_BEZIER_KNOTS.);
#9008 = CARTESIAN_POINT('',(4.6,-13.085));
#9009 = CARTESIAN_POINT('',(0.,-13.085));
#9010 = ( GEOMETRIC_REPRESENTATION_CONTEXT(2) 
PARAMETRIC_REPRESENTATION_CONTEXT() REPRESENTATION_CONTEXT('2D SPACE',''
  ) );
#9011 = PCURVE('',#9012,#9017);
#9012 = PLANE('',#9013);
#9013 = AXIS2_PLACEMENT_3D('',#9014,#9015,#9016);
#9014 = CARTESIAN_POINT('',(-9.35001800027E-16,9.14779096719E-16,-16.915
    ));
#9015 = DIRECTION('',(0.,0.,1.));
#9016 = DIRECTION('',(1.,0.,-0.));
#9017 = DEFINITIONAL_REPRESENTATION('',(#9018),#9021);
#9018 = B_SPLINE_CURVE_WITH_KNOTS('',1,(#9019,#9020),.UNSPECIFIED.,.F.,
  .F.,(2,2),(-6.95,-2.35),.PIECEWISE_BEZIER_KNOTS.);
#9019 = CARTESIAN_POINT('',(-2.5,-9.3));
#9020 = CARTESIAN_POINT('',(-2.5,-4.7));
#9021 = ( GEOMETRIC_REPRESENTATION_CONTEXT(2) 
PARAMETRIC_REPRESENTATION_CONTEXT() REPRESENTATION_CONTEXT('2D SPACE',''
  ) );
#9022 = ORIENTED_EDGE('',*,*,#9023,.F.);
#9023 = EDGE_CURVE('',#8861,#8998,#9024,.T.);
#9024 = SURFACE_CURVE('',#9025,(#9029,#9035),.PCURVE_S1.);
#9025 = LINE('',#9026,#9027);
#9026 = CARTESIAN_POINT('',(-2.5,-6.538348415311,-30.));
#9027 = VECTOR('',#9028,1.);
#9028 = DIRECTION('',(-0.,-0.,-1.));
#9029 = PCURVE('',#8960,#9030);
#9030 = DEFINITIONAL_REPRESENTATION('',(#9031),#9034);
#9031 = B_SPLINE_CURVE_WITH_KNOTS('',1,(#9032,#9033),.UNSPECIFIED.,.F.,
  .F.,(2,2),(-32.1350006,-13.0849994),.PIECEWISE_BEZIER_KNOTS.);
#9032 = CARTESIAN_POINT('',(1.838348415311,-32.1350006));
#9033 = CARTESIAN_POINT('',(1.838348415311,-13.0849994));
#9034 = ( GEOMETRIC_REPRESENTATION_CONTEXT(2) 
PARAMETRIC_REPRESENTATION_CONTEXT() REPRESENTATION_CONTEXT('2D SPACE',''
  ) );
#9035 = PCURVE('',#8883,#9036);
#9036 = DEFINITIONAL_REPRESENTATION('',(#9037),#9040);
#9037 = B_SPLINE_CURVE_WITH_KNOTS('',1,(#9038,#9039),.UNSPECIFIED.,.F.,
  .F.,(2,2),(-32.135,-13.085),.PIECEWISE_BEZIER_KNOTS.);
#9038 = CARTESIAN_POINT('',(-10.63036706627,-32.135));
#9039 = CARTESIAN_POINT('',(-10.63036706627,-13.085));
#9040 = ( GEOMETRIC_REPRESENTATION_CONTEXT(2) 
PARAMETRIC_REPRESENTATION_CONTEXT() REPRESENTATION_CONTEXT('2D SPACE',''
  ) );
#9041 = ORIENTED_EDGE('',*,*,#8947,.F.);
#9042 = ADVANCED_FACE('',(#9043,#9074),#9012,.F.);
#9043 = FACE_BOUND('',#9044,.F.);
#9044 = EDGE_LOOP('',(#9045));
#9045 = ORIENTED_EDGE('',*,*,#9046,.T.);
#9046 = EDGE_CURVE('',#9047,#9047,#9049,.T.);
#9047 = VERTEX_POINT('',#9048);
#9048 = CARTESIAN_POINT('',(23.4,0.,-16.915));
#9049 = SURFACE_CURVE('',#9050,(#9055,#9062),.PCURVE_S1.);
#9050 = CIRCLE('',#9051,23.4);
#9051 = AXIS2_PLACEMENT_3D('',#9052,#9053,#9054);
#9052 = CARTESIAN_POINT('',(0.,0.,-16.915));
#9053 = DIRECTION('',(0.,0.,1.));
#9054 = DIRECTION('',(1.,0.,0.));
#9055 = PCURVE('',#9012,#9056);
#9056 = DEFINITIONAL_REPRESENTATION('',(#9057),#9061);
#9057 = CIRCLE('',#9058,23.4);
#9058 = AXIS2_PLACEMENT_2D('',#9059,#9060);
#9059 = CARTESIAN_POINT('',(9.35001800027E-16,-9.14779096719E-16));
#9060 = DIRECTION('',(1.,0.));
#9061 = ( GEOMETRIC_REPRESENTATION_CONTEXT(2) 
PARAMETRIC_REPRESENTATION_CONTEXT() REPRESENTATION_CONTEXT('2D SPACE',''
  ) );
#9062 = PCURVE('',#9063,#9068);
#9063 = CYLINDRICAL_SURFACE('',#9064,23.4);
#9064 = AXIS2_PLACEMENT_3D('',#9065,#9066,#9067);
#9065 = CARTESIAN_POINT('',(0.,0.,-16.915));
#9066 = DIRECTION('',(-0.,-0.,-1.));
#9067 = DIRECTION('',(1.,0.,0.));
#9068 = DEFINITIONAL_REPRESENTATION('',(#9069),#9073);
#9069 = LINE('',#9070,#9071);
#9070 = CARTESIAN_POINT('',(-0.,0.));
#9071 = VECTOR('',#9072,1.);
#9072 = DIRECTION('',(-1.,0.));
#9073 = ( GEOMETRIC_REPRESENTATION_CONTEXT(2) 
PARAMETRIC_REPRESENTATION_CONTEXT() REPRESENTATION_CONTEXT('2D SPACE',''
  ) );
#9074 = FACE_BOUND('',#9075,.F.);
#9075 = EDGE_LOOP('',(#9076,#9104,#9125,#9144));
#9076 = ORIENTED_EDGE('',*,*,#9077,.T.);
#9077 = EDGE_CURVE('',#8998,#9078,#9080,.T.);
#9078 = VERTEX_POINT('',#9079);
#9079 = CARTESIAN_POINT('',(2.5,-6.538348415311,-16.915));
#9080 = SURFACE_CURVE('',#9081,(#9086,#9097),.PCURVE_S1.);
#9081 = CIRCLE('',#9082,7.);
#9082 = AXIS2_PLACEMENT_3D('',#9083,#9084,#9085);
#9083 = CARTESIAN_POINT('',(0.,0.,-16.915));
#9084 = DIRECTION('',(-0.,0.,-1.));
#9085 = DIRECTION('',(-0.357142857143,-0.934049773616,0.));
#9086 = PCURVE('',#9012,#9087);
#9087 = DEFINITIONAL_REPRESENTATION('',(#9088),#9096);
#9088 = ( BOUNDED_CURVE() B_SPLINE_CURVE(2,(#9089,#9090,#9091,#9092,
#9093,#9094,#9095),.UNSPECIFIED.,.T.,.F.) B_SPLINE_CURVE_WITH_KNOTS((1,2
    ,2,2,2,1),(-2.094395102393,0.,2.094395102393,4.188790204786,
6.28318530718,8.377580409573),.UNSPECIFIED.) CURVE() 
GEOMETRIC_REPRESENTATION_ITEM() RATIONAL_B_SPLINE_CURVE((1.,0.5,1.,0.5,
1.,0.5,1.)) REPRESENTATION_ITEM('') );
#9089 = CARTESIAN_POINT('',(-2.5,-6.538348415311));
#9090 = CARTESIAN_POINT('',(-13.8247516529,-2.208221396389));
#9091 = CARTESIAN_POINT('',(-4.412375826453,5.434237717117));
#9092 = CARTESIAN_POINT('',(5.,13.076696830622));
#9093 = CARTESIAN_POINT('',(6.912375826453,1.104110698194));
#9094 = CARTESIAN_POINT('',(8.824751652906,-10.86847543423));
#9095 = CARTESIAN_POINT('',(-2.5,-6.538348415311));
#9096 = ( GEOMETRIC_REPRESENTATION_CONTEXT(2) 
PARAMETRIC_REPRESENTATION_CONTEXT() REPRESENTATION_CONTEXT('2D SPACE',''
  ) );
#9097 = PCURVE('',#8883,#9098);
#9098 = DEFINITIONAL_REPRESENTATION('',(#9099),#9103);
#9099 = LINE('',#9100,#9101);
#9100 = CARTESIAN_POINT('',(-10.63036706627,-13.085));
#9101 = VECTOR('',#9102,1.);
#9102 = DIRECTION('',(1.,-0.));
#9103 = ( GEOMETRIC_REPRESENTATION_CONTEXT(2) 
PARAMETRIC_REPRESENTATION_CONTEXT() REPRESENTATION_CONTEXT('2D SPACE',''
  ) );
#9104 = ORIENTED_EDGE('',*,*,#9105,.T.);
#9105 = EDGE_CURVE('',#9078,#9106,#9108,.T.);
#9106 = VERTEX_POINT('',#9107);
#9107 = CARTESIAN_POINT('',(2.5,-9.3,-16.915));
#9108 = SURFACE_CURVE('',#9109,(#9113,#9119),.PCURVE_S1.);
#9109 = LINE('',#9110,#9111);
#9110 = CARTESIAN_POINT('',(2.5,-4.65,-16.915));
#9111 = VECTOR('',#9112,1.);
#9112 = DIRECTION('',(0.,-1.,0.));
#9113 = PCURVE('',#9012,#9114);
#9114 = DEFINITIONAL_REPRESENTATION('',(#9115),#9118);
#9115 = B_SPLINE_CURVE_WITH_KNOTS('',1,(#9116,#9117),.UNSPECIFIED.,.F.,
  .F.,(2,2),(5.E-02,4.65),.PIECEWISE_BEZIER_KNOTS.);
#9116 = CARTESIAN_POINT('',(2.5,-4.7));
#9117 = CARTESIAN_POINT('',(2.5,-9.3));
#9118 = ( GEOMETRIC_REPRESENTATION_CONTEXT(2) 
PARAMETRIC_REPRESENTATION_CONTEXT() REPRESENTATION_CONTEXT('2D SPACE',''
  ) );
#9119 = PCURVE('',#8910,#9120);
#9120 = DEFINITIONAL_REPRESENTATION('',(#9121),#9124);
#9121 = B_SPLINE_CURVE_WITH_KNOTS('',1,(#9122,#9123),.UNSPECIFIED.,.F.,
  .F.,(2,2),(5.E-02,4.65),.PIECEWISE_BEZIER_KNOTS.);
#9122 = CARTESIAN_POINT('',(4.6,-13.085));
#9123 = CARTESIAN_POINT('',(0.,-13.085));
#9124 = ( GEOMETRIC_REPRESENTATION_CONTEXT(2) 
PARAMETRIC_REPRESENTATION_CONTEXT() REPRESENTATION_CONTEXT('2D SPACE',''
  ) );
#9125 = ORIENTED_EDGE('',*,*,#9126,.T.);
#9126 = EDGE_CURVE('',#9106,#8975,#9127,.T.);
#9127 = SURFACE_CURVE('',#9128,(#9132,#9138),.PCURVE_S1.);
#9128 = LINE('',#9129,#9130);
#9129 = CARTESIAN_POINT('',(-1.25,-9.3,-16.915));
#9130 = VECTOR('',#9131,1.);
#9131 = DIRECTION('',(-1.,0.,0.));
#9132 = PCURVE('',#9012,#9133);
#9133 = DEFINITIONAL_REPRESENTATION('',(#9134),#9137);
#9134 = B_SPLINE_CURVE_WITH_KNOTS('',1,(#9135,#9136),.UNSPECIFIED.,.F.,
  .F.,(2,2),(-3.75,1.25),.PIECEWISE_BEZIER_KNOTS.);
#9135 = CARTESIAN_POINT('',(2.5,-9.3));
#9136 = CARTESIAN_POINT('',(-2.5,-9.3));
#9137 = ( GEOMETRIC_REPRESENTATION_CONTEXT(2) 
PARAMETRIC_REPRESENTATION_CONTEXT() REPRESENTATION_CONTEXT('2D SPACE',''
  ) );
#9138 = PCURVE('',#8936,#9139);
#9139 = DEFINITIONAL_REPRESENTATION('',(#9140),#9143);
#9140 = B_SPLINE_CURVE_WITH_KNOTS('',1,(#9141,#9142),.UNSPECIFIED.,.F.,
  .F.,(2,2),(-3.75,1.25),.PIECEWISE_BEZIER_KNOTS.);
#9141 = CARTESIAN_POINT('',(5.,-13.085));
#9142 = CARTESIAN_POINT('',(0.,-13.085));
#9143 = ( GEOMETRIC_REPRESENTATION_CONTEXT(2) 
PARAMETRIC_REPRESENTATION_CONTEXT() REPRESENTATION_CONTEXT('2D SPACE',''
  ) );
#9144 = ORIENTED_EDGE('',*,*,#8997,.T.);
#9145 = ADVANCED_FACE('',(#9146,#9444),#9063,.T.);
#9146 = FACE_BOUND('',#9147,.F.);
#9147 = EDGE_LOOP('',(#9148,#9149,#9172,#9239,#9295,#9318,#9340,#9341,
    #9443));
#9148 = ORIENTED_EDGE('',*,*,#9046,.F.);
#9149 = ORIENTED_EDGE('',*,*,#9150,.T.);
#9150 = EDGE_CURVE('',#9047,#9151,#9153,.T.);
#9151 = VERTEX_POINT('',#9152);
#9152 = CARTESIAN_POINT('',(23.4,0.,-11.915));
#9153 = SEAM_CURVE('',#9154,(#9158,#9165),.PCURVE_S1.);
#9154 = LINE('',#9155,#9156);
#9155 = CARTESIAN_POINT('',(23.4,0.,-16.915));
#9156 = VECTOR('',#9157,1.);
#9157 = DIRECTION('',(0.,0.,1.));
#9158 = PCURVE('',#9063,#9159);
#9159 = DEFINITIONAL_REPRESENTATION('',(#9160),#9164);
#9160 = LINE('',#9161,#9162);
#9161 = CARTESIAN_POINT('',(-6.28318530718,0.));
#9162 = VECTOR('',#9163,1.);
#9163 = DIRECTION('',(-0.,-1.));
#9164 = ( GEOMETRIC_REPRESENTATION_CONTEXT(2) 
PARAMETRIC_REPRESENTATION_CONTEXT() REPRESENTATION_CONTEXT('2D SPACE',''
  ) );
#9165 = PCURVE('',#9063,#9166);
#9166 = DEFINITIONAL_REPRESENTATION('',(#9167),#9171);
#9167 = LINE('',#9168,#9169);
#9168 = CARTESIAN_POINT('',(-0.,0.));
#9169 = VECTOR('',#9170,1.);
#9170 = DIRECTION('',(-0.,-1.));
#9171 = ( GEOMETRIC_REPRESENTATION_CONTEXT(2) 
PARAMETRIC_REPRESENTATION_CONTEXT() REPRESENTATION_CONTEXT('2D SPACE',''
  ) );
#9172 = ORIENTED_EDGE('',*,*,#9173,.T.);
#9173 = EDGE_CURVE('',#9151,#9174,#9176,.T.);
#9174 = VERTEX_POINT('',#9175);
#9175 = CARTESIAN_POINT('',(23.206895526976,3.,-8.915));
#9176 = SURFACE_CURVE('',#9177,(#9194,#9214),.PCURVE_S1.);
#9177 = B_SPLINE_CURVE_WITH_KNOTS('',8,(#9178,#9179,#9180,#9181,#9182,
    #9183,#9184,#9185,#9186,#9187,#9188,#9189,#9190,#9191,#9192,#9193),
  .UNSPECIFIED.,.F.,.F.,(9,7,9),(0.,0.31868380575,1.),.UNSPECIFIED.);
#9178 = CARTESIAN_POINT('',(23.4,2.388989729292E-15,-11.915));
#9179 = CARTESIAN_POINT('',(23.4,0.227081572494,-11.915));
#9180 = CARTESIAN_POINT('',(23.397481987582,0.452360702464,
    -11.89535580099));
#9181 = CARTESIAN_POINT('',(23.392513768277,0.673261944236,
    -11.85661303625));
#9182 = CARTESIAN_POINT('',(23.385326499297,0.887309711202,
    -11.79983909078));
#9183 = CARTESIAN_POINT('',(23.376288953353,1.092221188158,
    -11.72660275815));
#9184 = CARTESIAN_POINT('',(23.365867482164,1.285990838205,
    -11.63895784048));
#9185 = CARTESIAN_POINT('',(23.354571679644,1.466966504244,
    -11.53943069168));
#9186 = CARTESIAN_POINT('',(23.317902308144,1.990841887268,
    -11.19922204006));
#9187 = CARTESIAN_POINT('',(23.290700929186,2.289905724915,
    -10.92273736571));
#9188 = CARTESIAN_POINT('',(23.264710849509,2.532565150799,
    -10.61696337303));
#9189 = CARTESIAN_POINT('',(23.242306489892,2.722026293608,
    -10.29209543569));
#9190 = CARTESIAN_POINT('',(23.224794968742,2.861528338851,
    -9.955255460819));
#9191 = CARTESIAN_POINT('',(23.212881714675,2.953694708043,
    -9.611331585273));
#9192 = CARTESIAN_POINT('',(23.206895526976,3.,-9.26364069689));
#9193 = CARTESIAN_POINT('',(23.206895526976,3.,-8.915));
#9194 = PCURVE('',#9063,#9195);
#9195 = DEFINITIONAL_REPRESENTATION('',(#9196),#9213);
#9196 = B_SPLINE_CURVE_WITH_KNOTS('',8,(#9197,#9198,#9199,#9200,#9201,
    #9202,#9203,#9204,#9205,#9206,#9207,#9208,#9209,#9210,#9211,#9212),
  .UNSPECIFIED.,.F.,.F.,(9,7,9),(0.,0.31868380575,1.),.UNSPECIFIED.);
#9197 = CARTESIAN_POINT('',(0.,-5.));
#9198 = CARTESIAN_POINT('',(-9.704340704881E-03,-5.));
#9199 = CARTESIAN_POINT('',(-1.933165554215E-02,-5.019644199008));
#9200 = CARTESIAN_POINT('',(-2.877326689273E-02,-5.058386963747));
#9201 = CARTESIAN_POINT('',(-3.792469906162E-02,-5.115160909213));
#9202 = CARTESIAN_POINT('',(-4.668925599233E-02,-5.188397241844));
#9203 = CARTESIAN_POINT('',(-5.4981450447E-02,-5.276042159513));
#9204 = CARTESIAN_POINT('',(-6.273028465215E-02,-5.375569308315));
#9205 = CARTESIAN_POINT('',(-8.517289902089E-02,-5.71577795994));
#9206 = CARTESIAN_POINT('',(-9.800337673831E-02,-5.992262634283));
#9207 = CARTESIAN_POINT('',(-0.10843114503,-6.298036626963));
#9208 = CARTESIAN_POINT('',(-0.116583790482,-6.622904564312));
#9209 = CARTESIAN_POINT('',(-0.122592121527,-6.95974453918));
#9210 = CARTESIAN_POINT('',(-0.126563636644,-7.303668414728));
#9211 = CARTESIAN_POINT('',(-0.128558960041,-7.65135930311));
#9212 = CARTESIAN_POINT('',(-0.128558960041,-8.));
#9213 = ( GEOMETRIC_REPRESENTATION_CONTEXT(2) 
PARAMETRIC_REPRESENTATION_CONTEXT() REPRESENTATION_CONTEXT('2D SPACE',''
  ) );
#9214 = PCURVE('',#9215,#9220);
#9215 = CYLINDRICAL_SURFACE('',#9216,3.);
#9216 = AXIS2_PLACEMENT_3D('',#9217,#9218,#9219);
#9217 = CARTESIAN_POINT('',(0.,0.,-8.915));
#9218 = DIRECTION('',(-1.,-0.,-0.));
#9219 = DIRECTION('',(0.,1.,0.));
#9220 = DEFINITIONAL_REPRESENTATION('',(#9221),#9238);
#9221 = B_SPLINE_CURVE_WITH_KNOTS('',8,(#9222,#9223,#9224,#9225,#9226,
    #9227,#9228,#9229,#9230,#9231,#9232,#9233,#9234,#9235,#9236,#9237),
  .UNSPECIFIED.,.F.,.F.,(9,7,9),(0.,0.31868380575,1.),.UNSPECIFIED.);
#9222 = CARTESIAN_POINT('',(-4.712388980385,-23.4));
#9223 = CARTESIAN_POINT('',(-4.788082837883,-23.4));
#9224 = CARTESIAN_POINT('',(-4.863175806943,-23.39748198758));
#9225 = CARTESIAN_POINT('',(-4.937470649948,-23.39251376827));
#9226 = CARTESIAN_POINT('',(-5.010758192346,-23.38532649929));
#9227 = CARTESIAN_POINT('',(-5.082804147049,-23.37628895335));
#9228 = CARTESIAN_POINT('',(-5.153330631514,-23.36586748216));
#9229 = CARTESIAN_POINT('',(-5.221992377506,-23.35457167964));
#9230 = CARTESIAN_POINT('',(-5.430208969752,-23.31790230814));
#9231 = CARTESIAN_POINT('',(-5.564009575025,-23.29070092918));
#9232 = CARTESIAN_POINT('',(-5.691706004151,-23.2647108495));
#9233 = CARTESIAN_POINT('',(-5.814635971857,-23.24230648989));
#9234 = CARTESIAN_POINT('',(-5.934044153167,-23.22479496874));
#9235 = CARTESIAN_POINT('',(-6.051074270496,-23.21288171467));
#9236 = CARTESIAN_POINT('',(-6.16697174155,-23.20689552697));
#9237 = CARTESIAN_POINT('',(-6.28318530718,-23.20689552697));
#9238 = ( GEOMETRIC_REPRESENTATION_CONTEXT(2) 
PARAMETRIC_REPRESENTATION_CONTEXT() REPRESENTATION_CONTEXT('2D SPACE',''
  ) );
#9239 = ORIENTED_EDGE('',*,*,#9240,.T.);
#9240 = EDGE_CURVE('',#9174,#9241,#9243,.T.);
#9241 = VERTEX_POINT('',#9242);
#9242 = CARTESIAN_POINT('',(23.4,0.,-5.915));
#9243 = SURFACE_CURVE('',#9244,(#9259,#9277),.PCURVE_S1.);
#9244 = B_SPLINE_CURVE_WITH_KNOTS('',7,(#9245,#9246,#9247,#9248,#9249,
    #9250,#9251,#9252,#9253,#9254,#9255,#9256,#9257,#9258),
  .UNSPECIFIED.,.F.,.F.,(8,6,8),(0.,0.519684297582,1.),.UNSPECIFIED.);
#9245 = CARTESIAN_POINT('',(23.206895526976,3.,-8.915));
#9246 = CARTESIAN_POINT('',(23.206895526976,3.,-8.612739918106));
#9247 = CARTESIAN_POINT('',(23.211488305557,2.964471644368,
    -8.310831456637));
#9248 = CARTESIAN_POINT('',(23.220655834446,2.893556636208,
    -8.011586922672));
#9249 = CARTESIAN_POINT('',(23.234158161253,2.786408422724,
    -7.71757351903));
#9250 = CARTESIAN_POINT('',(23.251515609425,2.641424065163,
    -7.432090379964));
#9251 = CARTESIAN_POINT('',(23.27182117178,2.45649509582,-7.15978454644)
  );
#9252 = CARTESIAN_POINT('',(23.313638973108,2.019574795468,
    -6.674535392886));
#9253 = CARTESIAN_POINT('',(23.335501443329,1.767893172623,
    -6.452180593562));
#9254 = CARTESIAN_POINT('',(23.357524929842,1.474672329339,
    -6.254007969358));
#9255 = CARTESIAN_POINT('',(23.377317814723,1.143628870508,
    -6.091928169141));
#9256 = CARTESIAN_POINT('',(23.392161695409,0.781309013609,
    -5.976137178652));
#9257 = CARTESIAN_POINT('',(23.4,0.396499634371,-5.915));
#9258 = CARTESIAN_POINT('',(23.4,4.592425496803E-16,-5.915));
#9259 = PCURVE('',#9063,#9260);
#9260 = DEFINITIONAL_REPRESENTATION('',(#9261),#9276);
#9261 = B_SPLINE_CURVE_WITH_KNOTS('',7,(#9262,#9263,#9264,#9265,#9266,
    #9267,#9268,#9269,#9270,#9271,#9272,#9273,#9274,#9275),
  .UNSPECIFIED.,.F.,.F.,(8,6,8),(0.,0.519684297582,1.),.UNSPECIFIED.);
#9262 = CARTESIAN_POINT('',(-0.128558960041,-8.));
#9263 = CARTESIAN_POINT('',(-0.128558960041,-8.302260081894));
#9264 = CARTESIAN_POINT('',(-0.127028021273,-8.604168543363));
#9265 = CARTESIAN_POINT('',(-0.123972243436,-8.903413077329));
#9266 = CARTESIAN_POINT('',(-0.119357080981,-9.19742648097));
#9267 = CARTESIAN_POINT('',(-0.113117170982,-9.482909620036));
#9268 = CARTESIAN_POINT('',(-0.105167497908,-9.75521545356));
#9269 = CARTESIAN_POINT('',(-8.64103638585E-02,-10.24046460711));
#9270 = CARTESIAN_POINT('',(-7.561465805166E-02,-10.46281940643));
#9271 = CARTESIAN_POINT('',(-6.304995743757E-02,-10.66099203064));
#9272 = CARTESIAN_POINT('',(-4.888093876517E-02,-10.82307183085));
#9273 = CARTESIAN_POINT('',(-3.338928185671E-02,-10.93886282134));
#9274 = CARTESIAN_POINT('',(-1.694442881929E-02,-11.));
#9275 = CARTESIAN_POINT('',(0.,-11.));
#9276 = ( GEOMETRIC_REPRESENTATION_CONTEXT(2) 
PARAMETRIC_REPRESENTATION_CONTEXT() REPRESENTATION_CONTEXT('2D SPACE',''
  ) );
#9277 = PCURVE('',#9215,#9278);
#9278 = DEFINITIONAL_REPRESENTATION('',(#9279),#9294);
#9279 = B_SPLINE_CURVE_WITH_KNOTS('',7,(#9280,#9281,#9282,#9283,#9284,
    #9285,#9286,#9287,#9288,#9289,#9290,#9291,#9292,#9293),
  .UNSPECIFIED.,.F.,.F.,(8,6,8),(0.,0.519684297582,1.),.UNSPECIFIED.);
#9280 = CARTESIAN_POINT('',(0.,-23.20689552697));
#9281 = CARTESIAN_POINT('',(-0.100753360631,-23.20689552697));
#9282 = CARTESIAN_POINT('',(-0.201389276972,-23.21148830555));
#9283 = CARTESIAN_POINT('',(-0.302809074652,-23.22065583444));
#9284 = CARTESIAN_POINT('',(-0.405805506799,-23.23415816125));
#9285 = CARTESIAN_POINT('',(-0.51122443327,-23.25151560942));
#9286 = CARTESIAN_POINT('',(-0.619926028813,-23.27182117178));
#9287 = CARTESIAN_POINT('',(-0.837581743159,-23.3136389731));
#9288 = CARTESIAN_POINT('',(-0.948798355064,-23.33550144332));
#9289 = CARTESIAN_POINT('',(-1.065155428416,-23.35752492984));
#9290 = CARTESIAN_POINT('',(-1.185815681016,-23.37731781472));
#9291 = CARTESIAN_POINT('',(-1.310360078043,-23.3921616954));
#9292 = CARTESIAN_POINT('',(-1.438629782004,-23.4));
#9293 = CARTESIAN_POINT('',(-1.570796326795,-23.4));
#9294 = ( GEOMETRIC_REPRESENTATION_CONTEXT(2) 
PARAMETRIC_REPRESENTATION_CONTEXT() REPRESENTATION_CONTEXT('2D SPACE',''
  ) );
#9295 = ORIENTED_EDGE('',*,*,#9296,.T.);
#9296 = EDGE_CURVE('',#9241,#9297,#9299,.T.);
#9297 = VERTEX_POINT('',#9298);
#9298 = CARTESIAN_POINT('',(23.4,0.,-2.135));
#9299 = SEAM_CURVE('',#9300,(#9304,#9311),.PCURVE_S1.);
#9300 = LINE('',#9301,#9302);
#9301 = CARTESIAN_POINT('',(23.4,0.,-16.915));
#9302 = VECTOR('',#9303,1.);
#9303 = DIRECTION('',(0.,0.,1.));
#9304 = PCURVE('',#9063,#9305);
#9305 = DEFINITIONAL_REPRESENTATION('',(#9306),#9310);
#9306 = LINE('',#9307,#9308);
#9307 = CARTESIAN_POINT('',(-6.28318530718,0.));
#9308 = VECTOR('',#9309,1.);
#9309 = DIRECTION('',(-0.,-1.));
#9310 = ( GEOMETRIC_REPRESENTATION_CONTEXT(2) 
PARAMETRIC_REPRESENTATION_CONTEXT() REPRESENTATION_CONTEXT('2D SPACE',''
  ) );
#9311 = PCURVE('',#9063,#9312);
#9312 = DEFINITIONAL_REPRESENTATION('',(#9313),#9317);
#9313 = LINE('',#9314,#9315);
#9314 = CARTESIAN_POINT('',(-0.,0.));
#9315 = VECTOR('',#9316,1.);
#9316 = DIRECTION('',(-0.,-1.));
#9317 = ( GEOMETRIC_REPRESENTATION_CONTEXT(2) 
PARAMETRIC_REPRESENTATION_CONTEXT() REPRESENTATION_CONTEXT('2D SPACE',''
  ) );
#9318 = ORIENTED_EDGE('',*,*,#9319,.T.);
#9319 = EDGE_CURVE('',#9297,#9297,#9320,.T.);
#9320 = SURFACE_CURVE('',#9321,(#9326,#9333),.PCURVE_S1.);
#9321 = CIRCLE('',#9322,23.4);
#9322 = AXIS2_PLACEMENT_3D('',#9323,#9324,#9325);
#9323 = CARTESIAN_POINT('',(0.,0.,-2.135));
#9324 = DIRECTION('',(0.,0.,1.));
#9325 = DIRECTION('',(1.,0.,0.));
#9326 = PCURVE('',#9063,#9327);
#9327 = DEFINITIONAL_REPRESENTATION('',(#9328),#9332);
#9328 = LINE('',#9329,#9330);
#9329 = CARTESIAN_POINT('',(-0.,-14.78));
#9330 = VECTOR('',#9331,1.);
#9331 = DIRECTION('',(-1.,0.));
#9332 = ( GEOMETRIC_REPRESENTATION_CONTEXT(2) 
PARAMETRIC_REPRESENTATION_CONTEXT() REPRESENTATION_CONTEXT('2D SPACE',''
  ) );
#9333 = PCURVE('',#45,#9334);
#9334 = DEFINITIONAL_REPRESENTATION('',(#9335),#9339);
#9335 = CIRCLE('',#9336,23.4);
#9336 = AXIS2_PLACEMENT_2D('',#9337,#9338);
#9337 = CARTESIAN_POINT('',(2.090514272322E-15,-2.899329622222E-15));
#9338 = DIRECTION('',(1.,0.));
#9339 = ( GEOMETRIC_REPRESENTATION_CONTEXT(2) 
PARAMETRIC_REPRESENTATION_CONTEXT() REPRESENTATION_CONTEXT('2D SPACE',''
  ) );
#9340 = ORIENTED_EDGE('',*,*,#9296,.F.);
#9341 = ORIENTED_EDGE('',*,*,#9342,.T.);
#9342 = EDGE_CURVE('',#9241,#9151,#9343,.T.);
#9343 = SURFACE_CURVE('',#9344,(#9375,#9409),.PCURVE_S1.);
#9344 = B_SPLINE_CURVE_WITH_KNOTS('',8,(#9345,#9346,#9347,#9348,#9349,
    #9350,#9351,#9352,#9353,#9354,#9355,#9356,#9357,#9358,#9359,#9360,
    #9361,#9362,#9363,#9364,#9365,#9366,#9367,#9368,#9369,#9370,#9371,
    #9372,#9373,#9374),.UNSPECIFIED.,.F.,.F.,(9,7,7,7,9),(0.,
    0.160072980714,0.368634117104,0.691663816593,1.),.UNSPECIFIED.);
#9345 = CARTESIAN_POINT('',(23.4,-2.22044604925E-15,-5.915));
#9346 = CARTESIAN_POINT('',(23.4,-0.227081571004,-5.915));
#9347 = CARTESIAN_POINT('',(23.397481987527,-0.452360704893,
    -5.934644199488));
#9348 = CARTESIAN_POINT('',(23.392513768314,-0.67326194438,
    -5.973386963408));
#9349 = CARTESIAN_POINT('',(23.385326499367,-0.887309708996,
    -6.030160908593));
#9350 = CARTESIAN_POINT('',(23.376288953319,-1.09222118797,
    -6.103397242169));
#9351 = CARTESIAN_POINT('',(23.365867482072,-1.285990840459,
    -6.191042160346));
#9352 = CARTESIAN_POINT('',(23.354571679722,-1.466966503122,
    -6.290569307586));
#9353 = CARTESIAN_POINT('',(23.327659990499,-1.851439182181,
    -6.540248784744));
#9354 = CARTESIAN_POINT('',(23.31160949721,-2.047485640534,
    -6.698118971962));
#9355 = CARTESIAN_POINT('',(23.295512549483,-2.222346622775,
    -6.869092988202));
#9356 = CARTESIAN_POINT('',(23.280002592912,-2.376583727997,
    -7.050373541943));
#9357 = CARTESIAN_POINT('',(23.265563565652,-2.510880666083,
    -7.239719350845));
#9358 = CARTESIAN_POINT('',(23.252552760989,-2.625935820575,
    -7.435331521145));
#9359 = CARTESIAN_POINT('',(23.241231675995,-2.722384827733,
    -7.63577061574));
#9360 = CARTESIAN_POINT('',(23.217154293646,-2.922103588418,
    -8.156055775214));
#9361 = CARTESIAN_POINT('',(23.207022009825,-3.00005293847,
    -8.481033955475));
#9362 = CARTESIAN_POINT('',(23.202074051687,-3.036515347242,
    -8.810619667966));
#9363 = CARTESIAN_POINT('',(23.202598869718,-3.032413733898,
    -9.141669603388));
#9364 = CARTESIAN_POINT('',(23.208614750664,-2.987762671094,
    -9.471262763774));
#9365 = CARTESIAN_POINT('',(23.219883681856,-2.901716385904,
    -9.79623782169));
#9366 = CARTESIAN_POINT('',(23.23582252992,-2.772615276508,
    -10.11268947124));
#9367 = CARTESIAN_POINT('',(23.27393445026,-2.431476331248,
    -10.70355945687));
#9368 = CARTESIAN_POINT('',(23.296376754305,-2.218235341863,
    -10.98831532702));
#9369 = CARTESIAN_POINT('',(23.321626589383,-1.955420648815,
    -11.25655274903));
#9370 = CARTESIAN_POINT('',(23.347669210306,-1.643157590985,
    -11.4956602711));
#9371 = CARTESIAN_POINT('',(23.371564944433,-1.284410152232,
    -11.6932004611));
#9372 = CARTESIAN_POINT('',(23.389996820494,-0.884781037546,
    -11.83697638566));
#9373 = CARTESIAN_POINT('',(23.4,-0.452563374281,-11.915));
#9374 = CARTESIAN_POINT('',(23.4,-4.440892098501E-16,-11.915));
#9375 = PCURVE('',#9063,#9376);
#9376 = DEFINITIONAL_REPRESENTATION('',(#9377),#9408);
#9377 = B_SPLINE_CURVE_WITH_KNOTS('',8,(#9378,#9379,#9380,#9381,#9382,
    #9383,#9384,#9385,#9386,#9387,#9388,#9389,#9390,#9391,#9392,#9393,
    #9394,#9395,#9396,#9397,#9398,#9399,#9400,#9401,#9402,#9403,#9404,
    #9405,#9406,#9407),.UNSPECIFIED.,.F.,.F.,(9,7,7,7,9),(0.,
    0.160072980714,0.368634117104,0.691663816593,1.),.UNSPECIFIED.);
#9378 = CARTESIAN_POINT('',(-6.28318530718,-11.));
#9379 = CARTESIAN_POINT('',(-6.273480966538,-11.));
#9380 = CARTESIAN_POINT('',(-6.263853651534,-10.98035580051));
#9381 = CARTESIAN_POINT('',(-6.254412040281,-10.94161303659));
#9382 = CARTESIAN_POINT('',(-6.245260608212,-10.8848390914));
#9383 = CARTESIAN_POINT('',(-6.236496051195,-10.81160275783));
#9384 = CARTESIAN_POINT('',(-6.228203856636,-10.72395783965));
#9385 = CARTESIAN_POINT('',(-6.220455022576,-10.62443069241));
#9386 = CARTESIAN_POINT('',(-6.203984364952,-10.37475121525));
#9387 = CARTESIAN_POINT('',(-6.195578865996,-10.21688102803));
#9388 = CARTESIAN_POINT('',(-6.188075145344,-10.04590701179));
#9389 = CARTESIAN_POINT('',(-6.181450942434,-9.864626458057));
#9390 = CARTESIAN_POINT('',(-6.175678868068,-9.675280649154));
#9391 = CARTESIAN_POINT('',(-6.170730720558,-9.479668478855));
#9392 = CARTESIAN_POINT('',(-6.166580690811,-9.27922938426));
#9393 = CARTESIAN_POINT('',(-6.157983901624,-8.758944224786));
#9394 = CARTESIAN_POINT('',(-6.154624849078,-8.433966044525));
#9395 = CARTESIAN_POINT('',(-6.153052320362,-8.104380332034));
#9396 = CARTESIAN_POINT('',(-6.153228993033,-7.773330396612));
#9397 = CARTESIAN_POINT('',(-6.155154466148,-7.443737236225));
#9398 = CARTESIAN_POINT('',(-6.158863018184,-7.11876217831));
#9399 = CARTESIAN_POINT('',(-6.164421679304,-6.802310528754));
#9400 = CARTESIAN_POINT('',(-6.179090964282,-6.211440543122));
#9401 = CARTESIAN_POINT('',(-6.188253970212,-5.926684672981));
#9402 = CARTESIAN_POINT('',(-6.19953628275,-5.658447250963));
#9403 = CARTESIAN_POINT('',(-6.212924940669,-5.419339728899));
#9404 = CARTESIAN_POINT('',(-6.228284970116,-5.221799538889));
#9405 = CARTESIAN_POINT('',(-6.245374149892,-5.078023614337));
#9406 = CARTESIAN_POINT('',(-6.263844992039,-5.));
#9407 = CARTESIAN_POINT('',(-6.28318530718,-5.));
#9408 = ( GEOMETRIC_REPRESENTATION_CONTEXT(2) 
PARAMETRIC_REPRESENTATION_CONTEXT() REPRESENTATION_CONTEXT('2D SPACE',''
  ) );
#9409 = PCURVE('',#9215,#9410);
#9410 = DEFINITIONAL_REPRESENTATION('',(#9411),#9442);
#9411 = B_SPLINE_CURVE_WITH_KNOTS('',8,(#9412,#9413,#9414,#9415,#9416,
    #9417,#9418,#9419,#9420,#9421,#9422,#9423,#9424,#9425,#9426,#9427,
    #9428,#9429,#9430,#9431,#9432,#9433,#9434,#9435,#9436,#9437,#9438,
    #9439,#9440,#9441),.UNSPECIFIED.,.F.,.F.,(9,7,7,7,9),(0.,
    0.160072980714,0.368634117104,0.691663816593,1.),.UNSPECIFIED.);
#9412 = CARTESIAN_POINT('',(-1.570796326795,-23.4));
#9413 = CARTESIAN_POINT('',(-1.646490183796,-23.4));
#9414 = CARTESIAN_POINT('',(-1.721583154203,-23.39748198752));
#9415 = CARTESIAN_POINT('',(-1.795877996374,-23.39251376831));
#9416 = CARTESIAN_POINT('',(-1.869165537968,-23.38532649936));
#9417 = CARTESIAN_POINT('',(-1.941211493431,-23.37628895331));
#9418 = CARTESIAN_POINT('',(-2.01173797875,-23.36586748207));
#9419 = CARTESIAN_POINT('',(-2.08039972347,-23.35457167972));
#9420 = CARTESIAN_POINT('',(-2.233210093339,-23.32765999049));
#9421 = CARTESIAN_POINT('',(-2.316677050712,-23.31160949721));
#9422 = CARTESIAN_POINT('',(-2.39758470279,-23.29551254948));
#9423 = CARTESIAN_POINT('',(-2.476282586498,-23.28000259291));
#9424 = CARTESIAN_POINT('',(-2.55308665709,-23.26556356565));
#9425 = CARTESIAN_POINT('',(-2.62829416304,-23.25255276098));
#9426 = CARTESIAN_POINT('',(-2.702190828819,-23.24123167599));
#9427 = CARTESIAN_POINT('',(-2.887957776763,-23.21715429364));
#9428 = CARTESIAN_POINT('',(-2.998400396537,-23.20702200982));
#9429 = CARTESIAN_POINT('',(-3.107512607228,-23.20207405168));
#9430 = CARTESIAN_POINT('',(-3.216222520585,-23.20259886971));
#9431 = CARTESIAN_POINT('',(-3.325410673085,-23.20861475066));
#9432 = CARTESIAN_POINT('',(-3.435963208824,-23.21988368185));
#9433 = CARTESIAN_POINT('',(-3.548832052418,-23.23582252992));
#9434 = CARTESIAN_POINT('',(-3.776258015925,-23.27393445026));
#9435 = CARTESIAN_POINT('',(-3.894000492992,-23.2963767543));
#9436 = CARTESIAN_POINT('',(-4.017322074998,-23.32162658938));
#9437 = CARTESIAN_POINT('',(-4.14571363865,-23.3476692103));
#9438 = CARTESIAN_POINT('',(-4.279023049723,-23.37156494443));
#9439 = CARTESIAN_POINT('',(-4.417461599808,-23.38999682049));
#9440 = CARTESIAN_POINT('',(-4.561534522291,-23.4));
#9441 = CARTESIAN_POINT('',(-4.712388980385,-23.4));
#9442 = ( GEOMETRIC_REPRESENTATION_CONTEXT(2) 
PARAMETRIC_REPRESENTATION_CONTEXT() REPRESENTATION_CONTEXT('2D SPACE',''
  ) );
#9443 = ORIENTED_EDGE('',*,*,#9150,.F.);
#9444 = FACE_BOUND('',#9445,.F.);
#9445 = EDGE_LOOP('',(#9446));
#9446 = ORIENTED_EDGE('',*,*,#9447,.F.);
#9447 = EDGE_CURVE('',#9448,#9448,#9450,.T.);
#9448 = VERTEX_POINT('',#9449);
#9449 = CARTESIAN_POINT('',(3.,23.206895526976,-8.915));
#9450 = SURFACE_CURVE('',#9451,(#9503,#9558),.PCURVE_S1.);
#9451 = B_SPLINE_CURVE_WITH_KNOTS('',8,(#9452,#9453,#9454,#9455,#9456,
    #9457,#9458,#9459,#9460,#9461,#9462,#9463,#9464,#9465,#9466,#9467,
    #9468,#9469,#9470,#9471,#9472,#9473,#9474,#9475,#9476,#9477,#9478,
    #9479,#9480,#9481,#9482,#9483,#9484,#9485,#9486,#9487,#9488,#9489,
    #9490,#9491,#9492,#9493,#9494,#9495,#9496,#9497,#9498,#9499,#9500,
    #9501,#9502),.UNSPECIFIED.,.T.,.F.,(9,7,7,7,7,7,7,9),(0.,
    0.116197243427,0.220260797142,0.395434775738,0.531139186919,
    0.666463044158,0.811984961718,1.),.UNSPECIFIED.);
#9452 = CARTESIAN_POINT('',(3.,23.206895526976,-8.915));
#9453 = CARTESIAN_POINT('',(3.,23.206895526976,-8.6681728967));
#9454 = CARTESIAN_POINT('',(2.976791413437,23.209895733509,
    -8.421533662495));
#9455 = CARTESIAN_POINT('',(2.930433587693,23.215888546809,
    -8.176287332923));
#9456 = CARTESIAN_POINT('',(2.86062386333,23.224780761619,-7.93372429657
    ));
#9457 = CARTESIAN_POINT('',(2.766753691625,23.23638864745,
    -7.695348725669));
#9458 = CARTESIAN_POINT('',(2.647967138731,23.250406959518,
    -7.463029305719));
#9459 = CARTESIAN_POINT('',(2.503232517045,23.266362764237,
    -7.239187530248));
#9460 = CARTESIAN_POINT('',(2.17758259953,23.298970853073,
    -6.837043373083));
#9461 = CARTESIAN_POINT('',(2.000227440442,23.315556278671,
    -6.654208492939));
#9462 = CARTESIAN_POINT('',(1.799001789351,23.332734189471,
    -6.482857065025));
#9463 = CARTESIAN_POINT('',(1.574218876768,23.34970235026,
    -6.327346318014));
#9464 = CARTESIAN_POINT('',(1.326848508197,23.365484039838,
    -6.192054762512));
#9465 = CARTESIAN_POINT('',(1.058522538315,23.379008026029,
    -6.081388052625));
#9466 = CARTESIAN_POINT('',(0.771598074945,23.389229471184,
    -5.999813751892));
#9467 = CARTESIAN_POINT('',(-3.956027408153E-02,23.405501093014,
    -5.871338890766));
#9468 = CARTESIAN_POINT('',(-0.545646334116,23.402998629037,
    -5.893561506625));
#9469 = CARTESIAN_POINT('',(-1.026848141687,23.387606338373,
    -6.009018531466));
#9470 = CARTESIAN_POINT('',(-1.465368535542,23.362270920921,
    -6.204750415496));
#9471 = CARTESIAN_POINT('',(-1.847437113452,23.332009877259,
    -6.464352188161));
#9472 = CARTESIAN_POINT('',(-2.163926351381,23.302110119897,
    -6.768092602467));
#9473 = CARTESIAN_POINT('',(-2.412403189907,23.276065294755,
    -7.09340489326));
#9474 = CARTESIAN_POINT('',(-2.741914059014,23.239252458903,
    -7.6641344602));
#9475 = CARTESIAN_POINT('',(-2.854902526071,23.225599998382,
    -7.922887862197));
#9476 = CARTESIAN_POINT('',(-2.93835216724,23.214987996702,
    -8.188097613607));
#9477 = CARTESIAN_POINT('',(-2.993266130157,23.207794845753,
    -8.457371276139));
#9478 = CARTESIAN_POINT('',(-3.020294565859,23.204222259984,
    -8.728786785455));
#9479 = CARTESIAN_POINT('',(-3.019695733714,23.204338391371,
    -9.000646540161));
#9480 = CARTESIAN_POINT('',(-2.991296234105,23.208089770513,
    -9.271260704893));
#9481 = CARTESIAN_POINT('',(-2.877748803565,23.22244232176,
    -9.805459365465));
#9482 = CARTESIAN_POINT('',(-2.792820008917,23.233016427006,
    -10.06877570521));
#9483 = CARTESIAN_POINT('',(-2.679078894893,23.246792923404,
    -10.32697275641));
#9484 = CARTESIAN_POINT('',(-2.535427473031,23.263423012596,
    -10.57784001915));
#9485 = CARTESIAN_POINT('',(-2.360473053126,23.282369287784,
    -10.8183852834));
#9486 = CARTESIAN_POINT('',(-2.152700754761,23.302802133754,
    -11.04461980902));
#9487 = CARTESIAN_POINT('',(-1.910745610605,23.323508756204,
    -11.25123717031));
#9488 = CARTESIAN_POINT('',(-1.336226691941,23.36372299101,
    -11.62433411852));
#9489 = CARTESIAN_POINT('',(-0.986733513354,23.383826315805,
    -11.79406941362));
#9490 = CARTESIAN_POINT('',(-0.595682629208,23.39983758258,
    -11.91627653035));
#9491 = CARTESIAN_POINT('',(-0.17884261884,23.408230617434,
    -11.97587330103));
#9492 = CARTESIAN_POINT('',(0.244113404588,23.406725590549,
    -11.96639779378));
#9493 = CARTESIAN_POINT('',(0.653036578019,23.396253831115,
    -11.88989457342));
#9494 = CARTESIAN_POINT('',(1.030011444557,23.379684524955,
    -11.75716166863));
#9495 = CARTESIAN_POINT('',(1.790865534097,23.335324639204,
    -11.36948714665));
#9496 = CARTESIAN_POINT('',(2.150908215767,23.305302515662,
    -11.08697033876));
#9497 = CARTESIAN_POINT('',(2.442277718133,23.275293997928,
    -10.76363412751));
#9498 = CARTESIAN_POINT('',(2.66900968359,23.248947431414,
    -10.41417533037));
#9499 = CARTESIAN_POINT('',(2.83533460385,23.22817916887,-10.04883349087
    ));
#9500 = CARTESIAN_POINT('',(2.944953616755,23.214012097472,
    -9.674309946027));
#9501 = CARTESIAN_POINT('',(3.,23.206895526976,-9.295130452046));
#9502 = CARTESIAN_POINT('',(3.,23.206895526976,-8.915));
#9503 = PCURVE('',#9063,#9504);
#9504 = DEFINITIONAL_REPRESENTATION('',(#9505),#9557);
#9505 = B_SPLINE_CURVE_WITH_KNOTS('',8,(#9506,#9507,#9508,#9509,#9510,
    #9511,#9512,#9513,#9514,#9515,#9516,#9517,#9518,#9519,#9520,#9521,
    #9522,#9523,#9524,#9525,#9526,#9527,#9528,#9529,#9530,#9531,#9532,
    #9533,#9534,#9535,#9536,#9537,#9538,#9539,#9540,#9541,#9542,#9543,
    #9544,#9545,#9546,#9547,#9548,#9549,#9550,#9551,#9552,#9553,#9554,
    #9555,#9556),.UNSPECIFIED.,.F.,.F.,(9,7,7,7,7,7,7,9),(0.,
    0.116197243427,0.220260797142,0.395434775738,0.531139186919,
    0.666463044158,0.811984961718,1.),.UNSPECIFIED.);
#9506 = CARTESIAN_POINT('',(-1.442237366753,-8.));
#9507 = CARTESIAN_POINT('',(-1.442237366753,-8.2468271033));
#9508 = CARTESIAN_POINT('',(-1.443237439241,-8.493466337505));
#9509 = CARTESIAN_POINT('',(-1.445235029284,-8.738712667077));
#9510 = CARTESIAN_POINT('',(-1.448242447956,-8.98127570343));
#9511 = CARTESIAN_POINT('',(-1.452284490243,-9.219651274331));
#9512 = CARTESIAN_POINT('',(-1.457395878568,-9.451970694281));
#9513 = CARTESIAN_POINT('',(-1.463618279921,-9.675812469752));
#9514 = CARTESIAN_POINT('',(-1.477604536666,-10.07795662691));
#9515 = CARTESIAN_POINT('',(-1.485216722747,-10.26079150706));
#9516 = CARTESIAN_POINT('',(-1.493846898371,-10.43214293497));
#9517 = CARTESIAN_POINT('',(-1.503479341093,-10.58765368198));
#9518 = CARTESIAN_POINT('',(-1.514070587832,-10.72294523748));
#9519 = CARTESIAN_POINT('',(-1.525550083313,-10.83361194737));
#9520 = CARTESIAN_POINT('',(-1.537818106429,-10.9151862481));
#9521 = CARTESIAN_POINT('',(-1.572489966892,-11.04366110923));
#9522 = CARTESIAN_POINT('',(-1.594111090267,-11.02143849337));
#9523 = CARTESIAN_POINT('',(-1.614673570816,-10.90598146853));
#9524 = CARTESIAN_POINT('',(-1.633434673901,-10.7102495845));
#9525 = CARTESIAN_POINT('',(-1.649809770093,-10.45064781183));
#9526 = CARTESIAN_POINT('',(-1.663393902835,-10.14690739753));
#9527 = CARTESIAN_POINT('',(-1.674070507264,-9.82159510674));
#9528 = CARTESIAN_POINT('',(-1.688239774389,-9.2508655398));
#9529 = CARTESIAN_POINT('',(-1.693103266577,-8.992112137803));
#9530 = CARTESIAN_POINT('',(-1.696698150274,-8.726902386394));
#9531 = CARTESIAN_POINT('',(-1.699064962667,-8.457628723861));
#9532 = CARTESIAN_POINT('',(-1.700230071563,-8.186213214545));
#9533 = CARTESIAN_POINT('',(-1.700204041486,-7.914353459839));
#9534 = CARTESIAN_POINT('',(-1.69897986346,-7.643739295107));
#9535 = CARTESIAN_POINT('',(-1.6940887982,-7.109540634535));
#9536 = CARTESIAN_POINT('',(-1.69043134442,-6.846224294783));
#9537 = CARTESIAN_POINT('',(-1.685535138321,-6.588027243585));
#9538 = CARTESIAN_POINT('',(-1.679355360392,-6.337159980845));
#9539 = CARTESIAN_POINT('',(-1.671835452836,-6.096614716599));
#9540 = CARTESIAN_POINT('',(-1.662914445601,-5.870380190973));
#9541 = CARTESIAN_POINT('',(-1.652537932978,-5.663762829688));
#9542 = CARTESIAN_POINT('',(-1.627925769557,-5.290665881472));
#9543 = CARTESIAN_POINT('',(-1.612966653558,-5.12093058638));
#9544 = CARTESIAN_POINT('',(-1.596244790713,-4.998723469646));
#9545 = CARTESIAN_POINT('',(-1.578435879144,-4.939126698965));
#9546 = CARTESIAN_POINT('',(-1.560370128901,-4.94860220621));
#9547 = CARTESIAN_POINT('',(-1.542893835796,-5.02510542658));
#9548 = CARTESIAN_POINT('',(-1.526769921346,-5.157838331369));
#9549 = CARTESIAN_POINT('',(-1.494199573306,-5.545512853342));
#9550 = CARTESIAN_POINT('',(-1.478764550164,-5.828029661233));
#9551 = CARTESIAN_POINT('',(-1.466249851649,-6.151365872488));
#9552 = CARTESIAN_POINT('',(-1.456495838981,-6.500824669622));
#9553 = CARTESIAN_POINT('',(-1.449332921231,-6.866166509127));
#9554 = CARTESIAN_POINT('',(-1.444609346948,-7.240690053973));
#9555 = CARTESIAN_POINT('',(-1.442237366753,-7.619869547954));
#9556 = CARTESIAN_POINT('',(-1.442237366753,-8.));
#9557 = ( GEOMETRIC_REPRESENTATION_CONTEXT(2) 
PARAMETRIC_REPRESENTATION_CONTEXT() REPRESENTATION_CONTEXT('2D SPACE',''
  ) );
#9558 = PCURVE('',#9559,#9564);
#9559 = CYLINDRICAL_SURFACE('',#9560,3.);
#9560 = AXIS2_PLACEMENT_3D('',#9561,#9562,#9563);
#9561 = CARTESIAN_POINT('',(0.,0.,-8.915));
#9562 = DIRECTION('',(0.,-1.,0.));
#9563 = DIRECTION('',(1.,0.,0.));
#9564 = DEFINITIONAL_REPRESENTATION('',(#9565),#9617);
#9565 = B_SPLINE_CURVE_WITH_KNOTS('',8,(#9566,#9567,#9568,#9569,#9570,
    #9571,#9572,#9573,#9574,#9575,#9576,#9577,#9578,#9579,#9580,#9581,
    #9582,#9583,#9584,#9585,#9586,#9587,#9588,#9589,#9590,#9591,#9592,
    #9593,#9594,#9595,#9596,#9597,#9598,#9599,#9600,#9601,#9602,#9603,
    #9604,#9605,#9606,#9607,#9608,#9609,#9610,#9611,#9612,#9613,#9614,
    #9615,#9616),.UNSPECIFIED.,.F.,.F.,(9,7,7,7,7,7,7,9),(0.,
    0.116197243427,0.220260797142,0.395434775738,0.531139186919,
    0.666463044158,0.811984961718,1.),.UNSPECIFIED.);
#9566 = CARTESIAN_POINT('',(0.,-23.20689552697));
#9567 = CARTESIAN_POINT('',(8.227570109995E-02,-23.20689552697));
#9568 = CARTESIAN_POINT('',(0.164488685762,-23.2098957335));
#9569 = CARTESIAN_POINT('',(0.247086474218,-23.2158885468));
#9570 = CARTESIAN_POINT('',(0.330481091649,-23.22478076161));
#9571 = CARTESIAN_POINT('',(0.415088096549,-23.23638864745));
#9572 = CARTESIAN_POINT('',(0.501336160128,-23.25040695951));
#9573 = CARTESIAN_POINT('',(0.589683617115,-23.26636276423));
#9574 = CARTESIAN_POINT('',(0.762171230815,-23.29897085307));
#9575 = CARTESIAN_POINT('',(0.846738640211,-23.31555627867));
#9576 = CARTESIAN_POINT('',(0.934163950776,-23.33273418947));
#9577 = CARTESIAN_POINT('',(1.024337102694,-23.34970235026));
#9578 = CARTESIAN_POINT('',(1.117248940021,-23.36548403983));
#9579 = CARTESIAN_POINT('',(1.21297798373,-23.37900802602));
#9580 = CARTESIAN_POINT('',(1.311695753771,-23.38922947118));
#9581 = CARTESIAN_POINT('',(1.585452267065,-23.40550109301));
#9582 = CARTESIAN_POINT('',(1.750912824599,-23.40299862903));
#9583 = CARTESIAN_POINT('',(1.911030749459,-23.38760633837));
#9584 = CARTESIAN_POINT('',(2.066000933203,-23.36227092092));
#9585 = CARTESIAN_POINT('',(2.215574362494,-23.33200987725));
#9586 = CARTESIAN_POINT('',(2.358888420755,-23.30211011989));
#9587 = CARTESIAN_POINT('',(2.494211863694,-23.27606529475));
#9588 = CARTESIAN_POINT('',(2.713885776432,-23.2392524589));
#9589 = CARTESIAN_POINT('',(2.807412896587,-23.22559999838));
#9590 = CARTESIAN_POINT('',(2.899223984295,-23.2149879967));
#9591 = CARTESIAN_POINT('',(2.989862452735,-23.20779484575));
#9592 = CARTESIAN_POINT('',(3.079845136562,-23.20422225998));
#9593 = CARTESIAN_POINT('',(3.169680561009,-23.20433839137));
#9594 = CARTESIAN_POINT('',(3.259882195815,-23.20808977051));
#9595 = CARTESIAN_POINT('',(3.44192652129,-23.22244232176));
#9596 = CARTESIAN_POINT('',(3.533666187538,-23.233016427));
#9597 = CARTESIAN_POINT('',(3.626879331433,-23.2467929234));
#9598 = CARTESIAN_POINT('',(3.72215056165,-23.26342301259));
#9599 = CARTESIAN_POINT('',(3.820068502742,-23.28236928778));
#9600 = CARTESIAN_POINT('',(3.921252311253,-23.30280213375));
#9601 = CARTESIAN_POINT('',(4.02640361108,-23.3235087562));
#9602 = CARTESIAN_POINT('',(4.254748700965,-23.36372299101));
#9603 = CARTESIAN_POINT('',(4.383267979843,-23.3838263158));
#9604 = CARTESIAN_POINT('',(4.517291588287,-23.39983758258));
#9605 = CARTESIAN_POINT('',(4.654066447947,-23.40823061743));
#9606 = CARTESIAN_POINT('',(4.79144857596,-23.40672559054));
#9607 = CARTESIAN_POINT('',(4.927388731695,-23.39625383111));
#9608 = CARTESIAN_POINT('',(5.059438718692,-23.37968452495));
#9609 = CARTESIAN_POINT('',(5.344080887926,-23.3353246392));
#9610 = CARTESIAN_POINT('',(5.493769010889,-23.30530251566));
#9611 = CARTESIAN_POINT('',(5.635522881514,-23.27529399792));
#9612 = CARTESIAN_POINT('',(5.771113791619,-23.24894743141));
#9613 = CARTESIAN_POINT('',(5.902145352429,-23.22817916887));
#9614 = CARTESIAN_POINT('',(6.030081018283,-23.21401209747));
#9615 = CARTESIAN_POINT('',(6.156475156497,-23.20689552697));
#9616 = CARTESIAN_POINT('',(6.28318530718,-23.20689552697));
#9617 = ( GEOMETRIC_REPRESENTATION_CONTEXT(2) 
PARAMETRIC_REPRESENTATION_CONTEXT() REPRESENTATION_CONTEXT('2D SPACE',''
  ) );
#9618 = ADVANCED_FACE('',(#9619),#9559,.F.);
#9619 = FACE_BOUND('',#9620,.F.);
#9620 = EDGE_LOOP('',(#9621,#10001,#10022,#10023));
#9621 = ORIENTED_EDGE('',*,*,#9622,.F.);
#9622 = EDGE_CURVE('',#9623,#9623,#9625,.T.);
#9623 = VERTEX_POINT('',#9624);
#9624 = CARTESIAN_POINT('',(3.,6.324555320337,-8.915));
#9625 = SURFACE_CURVE('',#9626,(#9749,#9875),.PCURVE_S1.);
#9626 = B_SPLINE_CURVE_WITH_KNOTS('',6,(#9627,#9628,#9629,#9630,#9631,
    #9632,#9633,#9634,#9635,#9636,#9637,#9638,#9639,#9640,#9641,#9642,
    #9643,#9644,#9645,#9646,#9647,#9648,#9649,#9650,#9651,#9652,#9653,
    #9654,#9655,#9656,#9657,#9658,#9659,#9660,#9661,#9662,#9663,#9664,
    #9665,#9666,#9667,#9668,#9669,#9670,#9671,#9672,#9673,#9674,#9675,
    #9676,#9677,#9678,#9679,#9680,#9681,#9682,#9683,#9684,#9685,#9686,
    #9687,#9688,#9689,#9690,#9691,#9692,#9693,#9694,#9695,#9696,#9697,
    #9698,#9699,#9700,#9701,#9702,#9703,#9704,#9705,#9706,#9707,#9708,
    #9709,#9710,#9711,#9712,#9713,#9714,#9715,#9716,#9717,#9718,#9719,
    #9720,#9721,#9722,#9723,#9724,#9725,#9726,#9727,#9728,#9729,#9730,
    #9731,#9732,#9733,#9734,#9735,#9736,#9737,#9738,#9739,#9740,#9741,
    #9742,#9743,#9744,#9745,#9746,#9747,#9748),.UNSPECIFIED.,.T.,.F.,(7,
    5,5,5,5,5,5,5,5,5,5,5,5,5,5,5,5,5,5,5,5,5,5,5,7),(0.,
    5.545268697421E-02,0.134678735989,0.157311566893,0.186735930411,
    0.210310835784,0.249621083557,0.276679994958,0.312650254795,
    0.342640217156,0.365427013765,0.444645079102,0.500055307953,
    0.555495728311,0.634704251837,0.657332076161,0.686749930755,
    0.710319621155,0.749621173212,0.776674099016,0.812636402012,
    0.842619730408,0.865401486435,0.944602028239,1.),.UNSPECIFIED.);
#9627 = CARTESIAN_POINT('',(3.,6.324555320337,-8.915));
#9628 = CARTESIAN_POINT('',(3.,6.324555320337,-8.760778823674));
#9629 = CARTESIAN_POINT('',(2.990486653514,6.329067660875,
    -8.606596808878));
#9630 = CARTESIAN_POINT('',(2.971467466736,6.338089922367,
    -8.452960322072));
#9631 = CARTESIAN_POINT('',(2.942936558008,6.351491159919,
    -8.300396395436));
#9632 = CARTESIAN_POINT('',(2.904880534829,6.369017771962,-8.14945479662
    ));
#9633 = CARTESIAN_POINT('',(2.789283048923,6.420704691576,
    -7.788196415399));
#9634 = CARTESIAN_POINT('',(2.701866272344,6.458749350271,
    -7.580351709076));
#9635 = CARTESIAN_POINT('',(2.594882906778,6.503406973668,
    -7.378312704207));
#9636 = CARTESIAN_POINT('',(2.467862426706,6.55331244569,-7.183488085149
    ));
#9637 = CARTESIAN_POINT('',(2.320157083195,6.60669620857,-6.99778847158)
  );
#9638 = CARTESIAN_POINT('',(2.102794328175,6.676887891524,
    -6.774192436267));
#9639 = CARTESIAN_POINT('',(2.052739651991,6.692587728854,
    -6.725457301849));
#9640 = CARTESIAN_POINT('',(2.000905576509,6.708339700695,-6.67772843167
    ));
#9641 = CARTESIAN_POINT('',(1.94727128536,6.724088311031,-6.631072597949
    ));
#9642 = CARTESIAN_POINT('',(1.891817420227,6.739773824934,
    -6.585564519672));
#9643 = CARTESIAN_POINT('',(1.760043078532,6.775559402462,
    -6.483722615183));
#9644 = CARTESIAN_POINT('',(1.68243612763,6.79557673208,-6.428223711466)
  );
#9645 = CARTESIAN_POINT('',(1.60168765126,6.815236886633,-6.37499255159)
  );
#9646 = CARTESIAN_POINT('',(1.517791021791,6.834380534581,
    -6.324248713266));
#9647 = CARTESIAN_POINT('',(1.430751226354,6.852838120904,
    -6.276229594989));
#9648 = CARTESIAN_POINT('',(1.268344455596,6.884527566309,
    -6.195106023214));
#9649 = CARTESIAN_POINT('',(1.194087103736,6.89807072821,-6.16092950918)
  );
#9650 = CARTESIAN_POINT('',(1.1178793672,6.910957934549,-6.128823157129)
  );
#9651 = CARTESIAN_POINT('',(1.039795894392,6.923086783315,
    -6.098943026965));
#9652 = CARTESIAN_POINT('',(0.959920101671,6.934357539081,
    -6.071440267292));
#9653 = CARTESIAN_POINT('',(0.742319477737,6.961879092077,
    -6.004811124523));
#9654 = CARTESIAN_POINT('',(0.601321752161,6.976463805718,
    -5.970103691993));
#9655 = CARTESIAN_POINT('',(0.456422019991,6.987884596879,
    -5.943275102218));
#9656 = CARTESIAN_POINT('',(0.308777135696,6.995730527746,
    -5.924962245101));
#9657 = CARTESIAN_POINT('',(0.159593373477,6.999777246027,
    -5.915519761629));
#9658 = CARTESIAN_POINT('',(-9.282083496399E-02,7.000141055268,
    -5.914670869482));
#9659 = CARTESIAN_POINT('',(-0.195722360167,6.998473910154,
    -5.918561192784));
#9660 = CARTESIAN_POINT('',(-0.298172175933,6.994991117372,
    -5.926685297061));
#9661 = CARTESIAN_POINT('',(-0.399732935452,6.989741912331,
    -5.938965596799));
#9662 = CARTESIAN_POINT('',(-0.499975090106,6.98282173259,
    -5.955248311146));
#9663 = CARTESIAN_POINT('',(-0.729422995432,6.963132536471,
    -6.001960500388));
#9664 = CARTESIAN_POINT('',(-0.857181813583,6.949197530121,
    -6.035259791281));
#9665 = CARTESIAN_POINT('',(-0.981275350011,6.932854577743,
    -6.074734142503));
#9666 = CARTESIAN_POINT('',(-1.101271833932,6.914447669826,
    -6.11986320745));
#9667 = CARTESIAN_POINT('',(-1.216789233246,6.894355470688,
    -6.170065709368));
#9668 = CARTESIAN_POINT('',(-1.419798501615,6.855144757724,
    -6.270237974698));
#9669 = CARTESIAN_POINT('',(-1.508855517095,6.836400631923,
    -6.318907323583));
#9670 = CARTESIAN_POINT('',(-1.594647510228,6.816929560076,
    -6.37042827925));
#9671 = CARTESIAN_POINT('',(-1.677167569496,6.796911930025,
    -6.424547925962));
#9672 = CARTESIAN_POINT('',(-1.75642151034,6.776517197528,
    -6.481032403566));
#9673 = CARTESIAN_POINT('',(-1.890177344363,6.740238129585,
    -6.584216985241));
#9674 = CARTESIAN_POINT('',(-1.94606386672,6.724443852755,
    -6.630017717812));
#9675 = CARTESIAN_POINT('',(-2.000104831601,6.708584536452,
    -6.676983709318));
#9676 = CARTESIAN_POINT('',(-2.052319919329,6.692721251286,
    -6.72503851105));
#9677 = CARTESIAN_POINT('',(-2.10273039692,6.676910684925,
    -6.774113913584));
#9678 = CARTESIAN_POINT('',(-2.320416369805,6.606604983081,
    -6.998099704398));
#9679 = CARTESIAN_POINT('',(-2.468109531334,6.553218924194,
    -7.18383578767));
#9680 = CARTESIAN_POINT('',(-2.595113211668,6.503314385571,
    -7.378696191483));
#9681 = CARTESIAN_POINT('',(-2.702075507886,6.458661179343,
    -7.580769764373));
#9682 = CARTESIAN_POINT('',(-2.789467392527,6.420624247661,
    -7.78864816155));
#9683 = CARTESIAN_POINT('',(-2.904984061015,6.368970092728,
    -8.14986555317));
#9684 = CARTESIAN_POINT('',(-2.942998647141,6.351461995283,
    -8.300728501463));
#9685 = CARTESIAN_POINT('',(-2.971498514696,6.338075193779,
    -8.453211163272));
#9686 = CARTESIAN_POINT('',(-2.990497011322,6.329062748466,
    -8.606764665964));
#9687 = CARTESIAN_POINT('',(-3.,6.324555320337,-8.760862808784));
#9688 = CARTESIAN_POINT('',(-3.,6.324555320337,-9.069221176326));
#9689 = CARTESIAN_POINT('',(-2.990486653514,6.329067660875,
    -9.223403191122));
#9690 = CARTESIAN_POINT('',(-2.971467466736,6.338089922367,
    -9.377039677928));
#9691 = CARTESIAN_POINT('',(-2.942936558008,6.351491159919,
    -9.529603604564));
#9692 = CARTESIAN_POINT('',(-2.904880534829,6.369017771962,
    -9.68054520338));
#9693 = CARTESIAN_POINT('',(-2.789283048923,6.420704691576,
    -10.0418035846));
#9694 = CARTESIAN_POINT('',(-2.701866272344,6.458749350271,
    -10.24964829092));
#9695 = CARTESIAN_POINT('',(-2.594882906778,6.503406973668,
    -10.45168729579));
#9696 = CARTESIAN_POINT('',(-2.467862426706,6.55331244569,
    -10.64651191485));
#9697 = CARTESIAN_POINT('',(-2.320157083195,6.60669620857,
    -10.83221152842));
#9698 = CARTESIAN_POINT('',(-2.102794328175,6.676887891524,
    -11.05580756373));
#9699 = CARTESIAN_POINT('',(-2.052739651991,6.692587728854,
    -11.10454269815));
#9700 = CARTESIAN_POINT('',(-2.000905576509,6.708339700695,
    -11.15227156833));
#9701 = CARTESIAN_POINT('',(-1.94727128536,6.724088311031,
    -11.19892740205));
#9702 = CARTESIAN_POINT('',(-1.891817420227,6.739773824934,
    -11.24443548032));
#9703 = CARTESIAN_POINT('',(-1.760043078532,6.775559402462,
    -11.34627738481));
#9704 = CARTESIAN_POINT('',(-1.68243612763,6.79557673208,-11.40177628853
    ));
#9705 = CARTESIAN_POINT('',(-1.60168765126,6.815236886633,
    -11.45500744841));
#9706 = CARTESIAN_POINT('',(-1.517791021791,6.834380534581,
    -11.50575128673));
#9707 = CARTESIAN_POINT('',(-1.430751226353,6.852838120904,
    -11.55377040501));
#9708 = CARTESIAN_POINT('',(-1.268344455596,6.884527566309,
    -11.63489397678));
#9709 = CARTESIAN_POINT('',(-1.194087103736,6.89807072821,
    -11.66907049082));
#9710 = CARTESIAN_POINT('',(-1.1178793672,6.910957934549,-11.70117684287
    ));
#9711 = CARTESIAN_POINT('',(-1.039795894392,6.923086783315,
    -11.73105697303));
#9712 = CARTESIAN_POINT('',(-0.959920101671,6.934357539081,
    -11.7585597327));
#9713 = CARTESIAN_POINT('',(-0.742319477556,6.9618790921,-11.82518887553
    ));
#9714 = CARTESIAN_POINT('',(-0.601321752211,6.976463805703,
    -11.85989630797));
#9715 = CARTESIAN_POINT('',(-0.456422020174,6.987884596867,
    -11.88672489775));
#9716 = CARTESIAN_POINT('',(-0.308777135744,6.995730527756,
    -11.90503775492));
#9717 = CARTESIAN_POINT('',(-0.159593373291,6.999777246028,
    -11.91448023837));
#9718 = CARTESIAN_POINT('',(9.282083496403E-02,7.000141055268,
    -11.91532913051));
#9719 = CARTESIAN_POINT('',(0.195722360167,6.998473910154,
    -11.91143880721));
#9720 = CARTESIAN_POINT('',(0.298172175933,6.994991117372,
    -11.90331470293));
#9721 = CARTESIAN_POINT('',(0.399732935452,6.989741912331,-11.8910344032
    ));
#9722 = CARTESIAN_POINT('',(0.499975090106,6.98282173259,-11.87475168885
    ));
#9723 = CARTESIAN_POINT('',(0.729422995432,6.963132536471,
    -11.82803949961));
#9724 = CARTESIAN_POINT('',(0.857181813583,6.949197530121,
    -11.79474020871));
#9725 = CARTESIAN_POINT('',(0.981275350011,6.932854577743,
    -11.75526585749));
#9726 = CARTESIAN_POINT('',(1.101271833932,6.914447669826,
    -11.71013679255));
#9727 = CARTESIAN_POINT('',(1.216789233246,6.894355470688,
    -11.65993429063));
#9728 = CARTESIAN_POINT('',(1.419798501608,6.855144757725,-11.5597620253
    ));
#9729 = CARTESIAN_POINT('',(1.508855517098,6.836400631922,
    -11.51109267641));
#9730 = CARTESIAN_POINT('',(1.594647510235,6.816929560074,
    -11.45957172074));
#9731 = CARTESIAN_POINT('',(1.677167569497,6.796911930024,
    -11.40545207403));
#9732 = CARTESIAN_POINT('',(1.756421510334,6.77651719753,-11.34896759643
    ));
#9733 = CARTESIAN_POINT('',(1.890177344363,6.740238129585,
    -11.24578301475));
#9734 = CARTESIAN_POINT('',(1.94606386672,6.724443852755,-11.19998228218
    ));
#9735 = CARTESIAN_POINT('',(2.000104831601,6.708584536452,
    -11.15301629068));
#9736 = CARTESIAN_POINT('',(2.052319919329,6.692721251286,
    -11.10496148895));
#9737 = CARTESIAN_POINT('',(2.10273039692,6.676910684925,-11.05588608641
    ));
#9738 = CARTESIAN_POINT('',(2.320416369805,6.606604983081,-10.8319002956
    ));
#9739 = CARTESIAN_POINT('',(2.468109531334,6.553218924194,
    -10.64616421233));
#9740 = CARTESIAN_POINT('',(2.595113211668,6.503314385571,
    -10.45130380851));
#9741 = CARTESIAN_POINT('',(2.702075507886,6.458661179343,
    -10.24923023562));
#9742 = CARTESIAN_POINT('',(2.789467392527,6.420624247661,
    -10.04135183844));
#9743 = CARTESIAN_POINT('',(2.904984061015,6.368970092728,-9.68013444683
    ));
#9744 = CARTESIAN_POINT('',(2.942998647141,6.351461995283,
    -9.529271498537));
#9745 = CARTESIAN_POINT('',(2.971498514696,6.338075193779,
    -9.376788836728));
#9746 = CARTESIAN_POINT('',(2.990497011322,6.329062748466,
    -9.223235334036));
#9747 = CARTESIAN_POINT('',(3.,6.324555320337,-9.069137191216));
#9748 = CARTESIAN_POINT('',(3.,6.324555320337,-8.915));
#9749 = PCURVE('',#9559,#9750);
#9750 = DEFINITIONAL_REPRESENTATION('',(#9751),#9874);
#9751 = B_SPLINE_CURVE_WITH_KNOTS('',6,(#9752,#9753,#9754,#9755,#9756,
    #9757,#9758,#9759,#9760,#9761,#9762,#9763,#9764,#9765,#9766,#9767,
    #9768,#9769,#9770,#9771,#9772,#9773,#9774,#9775,#9776,#9777,#9778,
    #9779,#9780,#9781,#9782,#9783,#9784,#9785,#9786,#9787,#9788,#9789,
    #9790,#9791,#9792,#9793,#9794,#9795,#9796,#9797,#9798,#9799,#9800,
    #9801,#9802,#9803,#9804,#9805,#9806,#9807,#9808,#9809,#9810,#9811,
    #9812,#9813,#9814,#9815,#9816,#9817,#9818,#9819,#9820,#9821,#9822,
    #9823,#9824,#9825,#9826,#9827,#9828,#9829,#9830,#9831,#9832,#9833,
    #9834,#9835,#9836,#9837,#9838,#9839,#9840,#9841,#9842,#9843,#9844,
    #9845,#9846,#9847,#9848,#9849,#9850,#9851,#9852,#9853,#9854,#9855,
    #9856,#9857,#9858,#9859,#9860,#9861,#9862,#9863,#9864,#9865,#9866,
    #9867,#9868,#9869,#9870,#9871,#9872,#9873),.UNSPECIFIED.,.F.,.F.,(7,
    5,5,5,5,5,5,5,5,5,5,5,5,5,5,5,5,5,5,5,5,5,5,5,7),(0.,
    5.545268697421E-02,0.134678735989,0.157311566893,0.186735930411,
    0.210310835784,0.249621083557,0.276679994958,0.312650254795,
    0.342640217156,0.365427013765,0.444645079102,0.500055307953,
    0.555495728311,0.634704251837,0.657332076161,0.686749930755,
    0.710319621155,0.749621173212,0.776674099016,0.812636402012,
    0.842619730408,0.865401486435,0.944602028239,1.),.UNSPECIFIED.);
#9752 = CARTESIAN_POINT('',(0.,-6.324555320337));
#9753 = CARTESIAN_POINT('',(5.140705877518E-02,-6.324555320337));
#9754 = CARTESIAN_POINT('',(0.102801065674,-6.329067660875));
#9755 = CARTESIAN_POINT('',(0.154257735229,-6.338089922367));
#9756 = CARTESIAN_POINT('',(0.205845477517,-6.351491159919));
#9757 = CARTESIAN_POINT('',(0.257631831311,-6.369017771962));
#9758 = CARTESIAN_POINT('',(0.384066002479,-6.420704691576));
#9759 = CARTESIAN_POINT('',(0.458932347849,-6.458749350271));
#9760 = CARTESIAN_POINT('',(0.534682927709,-6.503406973668));
#9761 = CARTESIAN_POINT('',(0.611711231127,-6.55331244569));
#9762 = CARTESIAN_POINT('',(0.690414438279,-6.60669620857));
#9763 = CARTESIAN_POINT('',(0.794359805488,-6.676887891524));
#9764 = CARTESIAN_POINT('',(0.817638155466,-6.692587728854));
#9765 = CARTESIAN_POINT('',(0.841111433732,-6.708339700695));
#9766 = CARTESIAN_POINT('',(0.864792617594,-6.724088311031));
#9767 = CARTESIAN_POINT('',(0.888694639329,-6.739773824934));
#9768 = CARTESIAN_POINT('',(0.944208652214,-6.775559402462));
#9769 = CARTESIAN_POINT('',(0.975989842929,-6.79557673208));
#9770 = CARTESIAN_POINT('',(1.008193004262,-6.815236886633));
#9771 = CARTESIAN_POINT('',(1.040837780716,-6.834380534581));
#9772 = CARTESIAN_POINT('',(1.073945781912,-6.852838120904));
#9773 = CARTESIAN_POINT('',(1.134459318585,-6.884527566309));
#9774 = CARTESIAN_POINT('',(1.161693658313,-6.89807072821));
#9775 = CARTESIAN_POINT('',(1.189236363052,-6.910957934549));
#9776 = CARTESIAN_POINT('',(1.217081135727,-6.923086783315));
#9777 = CARTESIAN_POINT('',(1.24522376732,-6.934357539081));
#9778 = CARTESIAN_POINT('',(1.321081436823,-6.961879092077));
#9779 = CARTESIAN_POINT('',(1.369408368614,-6.976463805718));
#9780 = CARTESIAN_POINT('',(1.418402007508,-6.987884596879));
#9781 = CARTESIAN_POINT('',(1.467860028104,-6.995730527746));
#9782 = CARTESIAN_POINT('',(1.517598247472,-6.999777246027));
#9783 = CARTESIAN_POINT('',(1.601736792768,-7.000141055268));
#9784 = CARTESIAN_POINT('',(1.636032750028,-6.998473910154));
#9785 = CARTESIAN_POINT('',(1.670246039774,-6.994991117372));
#9786 = CARTESIAN_POINT('',(1.704303476705,-6.989741912331));
#9787 = CARTESIAN_POINT('',(1.738128644467,-6.98282173259));
#9788 = CARTESIAN_POINT('',(1.816180172947,-6.963132536471));
#9789 = CARTESIAN_POINT('',(1.860124797678,-6.949197530121));
#9790 = CARTESIAN_POINT('',(1.903441770163,-6.932854577743));
#9791 = CARTESIAN_POINT('',(1.946093529917,-6.914447669826));
#9792 = CARTESIAN_POINT('',(1.988029155431,-6.894355470688));
#9793 = CARTESIAN_POINT('',(2.06348867054,-6.855144757724));
#9794 = CARTESIAN_POINT('',(2.09728858521,-6.836400631923));
#9795 = CARTESIAN_POINT('',(2.130605765164,-6.816929560076));
#9796 = CARTESIAN_POINT('',(2.163462882314,-6.796911930025));
#9797 = CARTESIAN_POINT('',(2.195880452386,-6.776517197528));
#9798 = CARTESIAN_POINT('',(2.252190784012,-6.740238129585));
#9799 = CARTESIAN_POINT('',(2.276265956653,-6.724443852755));
#9800 = CARTESIAN_POINT('',(2.300116955151,-6.708584536452));
#9801 = CARTESIAN_POINT('',(2.323756958485,-6.692721251286));
#9802 = CARTESIAN_POINT('',(2.34719922594,-6.676910684925));
#9803 = CARTESIAN_POINT('',(2.451312848316,-6.606604983081));
#9804 = CARTESIAN_POINT('',(2.530022944463,-6.553218924194));
#9805 = CARTESIAN_POINT('',(2.607058042656,-6.503314385571));
#9806 = CARTESIAN_POINT('',(2.682815413037,-6.458661179343));
#9807 = CARTESIAN_POINT('',(2.757688795671,-6.420624247661));
#9808 = CARTESIAN_POINT('',(2.884101745389,-6.368970092728));
#9809 = CARTESIAN_POINT('',(2.935859473116,-6.351461995283));
#9810 = CARTESIAN_POINT('',(2.987418931293,-6.338075193779));
#9811 = CARTESIAN_POINT('',(3.038847540274,-6.329062748466));
#9812 = CARTESIAN_POINT('',(3.090213589851,-6.324555320337));
#9813 = CARTESIAN_POINT('',(3.192999712365,-6.324555320337));
#9814 = CARTESIAN_POINT('',(3.244393719264,-6.329067660875));
#9815 = CARTESIAN_POINT('',(3.295850388819,-6.338089922367));
#9816 = CARTESIAN_POINT('',(3.347438131107,-6.351491159919));
#9817 = CARTESIAN_POINT('',(3.399224484901,-6.369017771962));
#9818 = CARTESIAN_POINT('',(3.525658656069,-6.420704691576));
#9819 = CARTESIAN_POINT('',(3.600525001439,-6.458749350271));
#9820 = CARTESIAN_POINT('',(3.676275581299,-6.503406973668));
#9821 = CARTESIAN_POINT('',(3.753303884717,-6.55331244569));
#9822 = CARTESIAN_POINT('',(3.832007091869,-6.60669620857));
#9823 = CARTESIAN_POINT('',(3.935952459077,-6.676887891524));
#9824 = CARTESIAN_POINT('',(3.959230809056,-6.692587728854));
#9825 = CARTESIAN_POINT('',(3.982704087322,-6.708339700695));
#9826 = CARTESIAN_POINT('',(4.006385271184,-6.724088311031));
#9827 = CARTESIAN_POINT('',(4.030287292919,-6.739773824934));
#9828 = CARTESIAN_POINT('',(4.085801305803,-6.775559402462));
#9829 = CARTESIAN_POINT('',(4.117582496518,-6.79557673208));
#9830 = CARTESIAN_POINT('',(4.149785657851,-6.815236886633));
#9831 = CARTESIAN_POINT('',(4.182430434305,-6.834380534581));
#9832 = CARTESIAN_POINT('',(4.215538435502,-6.852838120904));
#9833 = CARTESIAN_POINT('',(4.276051972175,-6.884527566309));
#9834 = CARTESIAN_POINT('',(4.303286311903,-6.89807072821));
#9835 = CARTESIAN_POINT('',(4.330829016642,-6.910957934549));
#9836 = CARTESIAN_POINT('',(4.358673789317,-6.923086783315));
#9837 = CARTESIAN_POINT('',(4.386816420909,-6.934357539081));
#9838 = CARTESIAN_POINT('',(4.462674090476,-6.9618790921));
#9839 = CARTESIAN_POINT('',(4.511001022184,-6.976463805703));
#9840 = CARTESIAN_POINT('',(4.559994661038,-6.987884596867));
#9841 = CARTESIAN_POINT('',(4.609452681678,-6.995730527756));
#9842 = CARTESIAN_POINT('',(4.659190901124,-6.999777246028));
#9843 = CARTESIAN_POINT('',(4.743329446358,-7.000141055268));
#9844 = CARTESIAN_POINT('',(4.777625403618,-6.998473910154));
#9845 = CARTESIAN_POINT('',(4.811838693364,-6.994991117372));
#9846 = CARTESIAN_POINT('',(4.845896130294,-6.989741912331));
#9847 = CARTESIAN_POINT('',(4.879721298057,-6.98282173259));
#9848 = CARTESIAN_POINT('',(4.957772826537,-6.963132536471));
#9849 = CARTESIAN_POINT('',(5.001717451268,-6.949197530121));
#9850 = CARTESIAN_POINT('',(5.045034423753,-6.932854577743));
#9851 = CARTESIAN_POINT('',(5.087686183506,-6.914447669826));
#9852 = CARTESIAN_POINT('',(5.12962180902,-6.894355470688));
#9853 = CARTESIAN_POINT('',(5.205081324127,-6.855144757725));
#9854 = CARTESIAN_POINT('',(5.238881238801,-6.836400631922));
#9855 = CARTESIAN_POINT('',(5.272198418757,-6.816929560074));
#9856 = CARTESIAN_POINT('',(5.305055535904,-6.796911930024));
#9857 = CARTESIAN_POINT('',(5.337473105973,-6.77651719753));
#9858 = CARTESIAN_POINT('',(5.393783437602,-6.740238129585));
#9859 = CARTESIAN_POINT('',(5.417858610242,-6.724443852755));
#9860 = CARTESIAN_POINT('',(5.441709608741,-6.708584536452));
#9861 = CARTESIAN_POINT('',(5.465349612075,-6.692721251286));
#9862 = CARTESIAN_POINT('',(5.48879187953,-6.676910684925));
#9863 = CARTESIAN_POINT('',(5.592905501905,-6.606604983081));
#9864 = CARTESIAN_POINT('',(5.671615598053,-6.553218924194));
#9865 = CARTESIAN_POINT('',(5.748650696246,-6.503314385571));
#9866 = CARTESIAN_POINT('',(5.824408066627,-6.458661179343));
#9867 = CARTESIAN_POINT('',(5.899281449261,-6.420624247661));
#9868 = CARTESIAN_POINT('',(6.025694398979,-6.368970092728));
#9869 = CARTESIAN_POINT('',(6.077452126706,-6.351461995283));
#9870 = CARTESIAN_POINT('',(6.129011584883,-6.338075193779));
#9871 = CARTESIAN_POINT('',(6.180440193864,-6.329062748466));
#9872 = CARTESIAN_POINT('',(6.231806243441,-6.324555320337));
#9873 = CARTESIAN_POINT('',(6.28318530718,-6.324555320337));
#9874 = ( GEOMETRIC_REPRESENTATION_CONTEXT(2) 
PARAMETRIC_REPRESENTATION_CONTEXT() REPRESENTATION_CONTEXT('2D SPACE',''
  ) );
#9875 = PCURVE('',#8883,#9876);
#9876 = DEFINITIONAL_REPRESENTATION('',(#9877),#10000);
#9877 = B_SPLINE_CURVE_WITH_KNOTS('',6,(#9878,#9879,#9880,#9881,#9882,
    #9883,#9884,#9885,#9886,#9887,#9888,#9889,#9890,#9891,#9892,#9893,
    #9894,#9895,#9896,#9897,#9898,#9899,#9900,#9901,#9902,#9903,#9904,
    #9905,#9906,#9907,#9908,#9909,#9910,#9911,#9912,#9913,#9914,#9915,
    #9916,#9917,#9918,#9919,#9920,#9921,#9922,#9923,#9924,#9925,#9926,
    #9927,#9928,#9929,#9930,#9931,#9932,#9933,#9934,#9935,#9936,#9937,
    #9938,#9939,#9940,#9941,#9942,#9943,#9944,#9945,#9946,#9947,#9948,
    #9949,#9950,#9951,#9952,#9953,#9954,#9955,#9956,#9957,#9958,#9959,
    #9960,#9961,#9962,#9963,#9964,#9965,#9966,#9967,#9968,#9969,#9970,
    #9971,#9972,#9973,#9974,#9975,#9976,#9977,#9978,#9979,#9980,#9981,
    #9982,#9983,#9984,#9985,#9986,#9987,#9988,#9989,#9990,#9991,#9992,
    #9993,#9994,#9995,#9996,#9997,#9998,#9999),.UNSPECIFIED.,.T.,.F.,(7,
    5,5,5,5,5,5,5,5,5,5,5,5,5,5,5,5,5,5,5,5,5,5,5,7),(0.,
    5.545268697421E-02,0.134678735989,0.157311566893,0.186735930411,
    0.210310835784,0.249621083557,0.276679994958,0.312650254795,
    0.342640217156,0.365427013765,0.444645079102,0.500055307953,
    0.555495728311,0.634704251837,0.657332076161,0.686749930755,
    0.710319621155,0.749621173212,0.776674099016,0.812636402012,
    0.842619730408,0.865401486435,0.944602028239,1.),.UNSPECIFIED.);
#9878 = CARTESIAN_POINT('',(-7.411070589901,-21.085));
#9879 = CARTESIAN_POINT('',(-7.411070589901,-21.23922117632));
#9880 = CARTESIAN_POINT('',(-7.412574741064,-21.39340319112));
#9881 = CARTESIAN_POINT('',(-7.415582054984,-21.54703967792));
#9882 = CARTESIAN_POINT('',(-7.420085016931,-21.69960360456));
#9883 = CARTESIAN_POINT('',(-7.426070102152,-21.85054520338));
#9884 = CARTESIAN_POINT('',(-7.444159628047,-22.2118035846));
#9885 = CARTESIAN_POINT('',(-7.457778485064,-22.41964829092));
#9886 = CARTESIAN_POINT('',(-7.474336862656,-22.62168729579));
#9887 = CARTESIAN_POINT('',(-7.493824862181,-22.81651191485));
#9888 = CARTESIAN_POINT('',(-7.516248169965,-23.00221152842));
#9889 = CARTESIAN_POINT('',(-7.548878892819,-23.22580756373));
#9890 = CARTESIAN_POINT('',(-7.556372793538,-23.27454269815));
#9891 = CARTESIAN_POINT('',(-7.564111546461,-23.32227156833));
#9892 = CARTESIAN_POINT('',(-7.572096483303,-23.36892740205));
#9893 = CARTESIAN_POINT('',(-7.580328837375,-23.41443548032));
#9894 = CARTESIAN_POINT('',(-7.599835552434,-23.51627738481));
#9895 = CARTESIAN_POINT('',(-7.611284186438,-23.57177628853));
#9896 = CARTESIAN_POINT('',(-7.623154962824,-23.62500744841));
#9897 = CARTESIAN_POINT('',(-7.635446170043,-23.67575128673));
#9898 = CARTESIAN_POINT('',(-7.648155250081,-23.72377040501));
#9899 = CARTESIAN_POINT('',(-7.671793760747,-23.80489397678));
#9900 = CARTESIAN_POINT('',(-7.682576125491,-23.83907049082));
#9901 = CARTESIAN_POINT('',(-7.693616101751,-23.87117684287));
#9902 = CARTESIAN_POINT('',(-7.704903055901,-23.90105697303));
#9903 = CARTESIAN_POINT('',(-7.716425728864,-23.9285597327));
#9904 = CARTESIAN_POINT('',(-7.747759178232,-23.99518887547));
#9905 = CARTESIAN_POINT('',(-7.768003953312,-24.029896308));
#9906 = CARTESIAN_POINT('',(-7.788758540632,-24.05672489778));
#9907 = CARTESIAN_POINT('',(-7.809869776743,-24.07503775489));
#9908 = CARTESIAN_POINT('',(-7.831182557937,-24.08448023837));
#9909 = CARTESIAN_POINT('',(-7.867241768026,-24.08532913051));
#9910 = CARTESIAN_POINT('',(-7.881941624335,-24.08143880721));
#9911 = CARTESIAN_POINT('',(-7.896582307295,-24.07331470293));
#9912 = CARTESIAN_POINT('',(-7.911107038143,-24.0610344032));
#9913 = CARTESIAN_POINT('',(-7.925459436137,-24.04475168885));
#9914 = CARTESIAN_POINT('',(-7.95835816935,-23.99803949961));
#9915 = CARTESIAN_POINT('',(-7.976712783216,-23.96474020871));
#9916 = CARTESIAN_POINT('',(-7.994587093587,-23.92526585749));
#9917 = CARTESIAN_POINT('',(-8.011924520035,-23.88013679255));
#9918 = CARTESIAN_POINT('',(-8.028671889578,-23.82993429063));
#9919 = CARTESIAN_POINT('',(-8.05820922087,-23.7297620253));
#9920 = CARTESIAN_POINT('',(-8.071208591835,-23.68109267641));
#9921 = CARTESIAN_POINT('',(-8.083774050706,-23.62957172075));
#9922 = CARTESIAN_POINT('',(-8.095902700147,-23.57545207403));
#9923 = CARTESIAN_POINT('',(-8.107592572181,-23.51896759643));
#9924 = CARTESIAN_POINT('',(-8.127390940443,-23.41578301475));
#9925 = CARTESIAN_POINT('',(-8.135686987915,-23.36998228218));
#9926 = CARTESIAN_POINT('',(-8.143732109931,-23.32301629068));
#9927 = CARTESIAN_POINT('',(-8.151527554492,-23.27496148895));
#9928 = CARTESIAN_POINT('',(-8.159074683381,-23.22588608641));
#9929 = CARTESIAN_POINT('',(-8.191754351435,-23.0019002956));
#9930 = CARTESIAN_POINT('',(-8.214176134904,-22.81616421233));
#9931 = CARTESIAN_POINT('',(-8.233661855191,-22.62130380851));
#9932 = CARTESIAN_POINT('',(-8.250217214986,-22.41923023562));
#9933 = CARTESIAN_POINT('',(-8.263832371776,-22.21135183845));
#9934 = CARTESIAN_POINT('',(-8.281909447359,-21.85013444683));
#9935 = CARTESIAN_POINT('',(-8.287888050517,-21.69927149853));
#9936 = CARTESIAN_POINT('',(-8.292386122312,-21.54678883672));
#9937 = CARTESIAN_POINT('',(-8.295390164463,-21.39323533403));
#9938 = CARTESIAN_POINT('',(-8.296892678048,-21.23913719121));
#9939 = CARTESIAN_POINT('',(-8.296892678048,-20.93077882367));
#9940 = CARTESIAN_POINT('',(-8.295388526885,-20.77659680887));
#9941 = CARTESIAN_POINT('',(-8.292381212965,-20.62296032207));
#9942 = CARTESIAN_POINT('',(-8.287878251018,-20.47039639543));
#9943 = CARTESIAN_POINT('',(-8.281893165797,-20.31945479662));
#9944 = CARTESIAN_POINT('',(-8.263803639902,-19.95819641539));
#9945 = CARTESIAN_POINT('',(-8.250184782885,-19.75035170907));
#9946 = CARTESIAN_POINT('',(-8.233626405293,-19.5483127042));
#9947 = CARTESIAN_POINT('',(-8.214138405768,-19.35348808514));
#9948 = CARTESIAN_POINT('',(-8.191715097984,-19.16778847157));
#9949 = CARTESIAN_POINT('',(-8.15908437513,-18.94419243626));
#9950 = CARTESIAN_POINT('',(-8.151590474411,-18.89545730184));
#9951 = CARTESIAN_POINT('',(-8.143851721488,-18.84772843167));
#9952 = CARTESIAN_POINT('',(-8.135866784646,-18.80107259794));
#9953 = CARTESIAN_POINT('',(-8.127634430574,-18.75556451967));
#9954 = CARTESIAN_POINT('',(-8.108127715515,-18.65372261518));
#9955 = CARTESIAN_POINT('',(-8.096679081511,-18.59822371146));
#9956 = CARTESIAN_POINT('',(-8.084808305125,-18.54499255159));
#9957 = CARTESIAN_POINT('',(-8.072517097906,-18.49424871326));
#9958 = CARTESIAN_POINT('',(-8.059808017868,-18.44622959498));
#9959 = CARTESIAN_POINT('',(-8.036169507202,-18.36510602321));
#9960 = CARTESIAN_POINT('',(-8.025387142458,-18.33092950918));
#9961 = CARTESIAN_POINT('',(-8.014347166198,-18.29882315712));
#9962 = CARTESIAN_POINT('',(-8.003060212048,-18.26894302696));
#9963 = CARTESIAN_POINT('',(-7.991537539085,-18.24144026729));
#9964 = CARTESIAN_POINT('',(-7.960204089691,-18.17481112446));
#9965 = CARTESIAN_POINT('',(-7.939959314644,-18.14010369203));
#9966 = CARTESIAN_POINT('',(-7.919204727343,-18.11327510224));
#9967 = CARTESIAN_POINT('',(-7.898093491213,-18.09496224507));
#9968 = CARTESIAN_POINT('',(-7.876780709985,-18.08551976162));
#9969 = CARTESIAN_POINT('',(-7.840721499923,-18.08467086948));
#9970 = CARTESIAN_POINT('',(-7.826021643614,-18.08856119278));
#9971 = CARTESIAN_POINT('',(-7.811380960654,-18.09668529706));
#9972 = CARTESIAN_POINT('',(-7.796856229806,-18.10896559679));
#9973 = CARTESIAN_POINT('',(-7.782503831812,-18.12524831114));
#9974 = CARTESIAN_POINT('',(-7.749605098599,-18.17196050038));
#9975 = CARTESIAN_POINT('',(-7.731250484733,-18.20525979128));
#9976 = CARTESIAN_POINT('',(-7.713376174362,-18.2447341425));
#9977 = CARTESIAN_POINT('',(-7.696038747914,-18.28986320745));
#9978 = CARTESIAN_POINT('',(-7.679291378371,-18.34006570936));
#9979 = CARTESIAN_POINT('',(-7.64975404708,-18.44023797469));
#9980 = CARTESIAN_POINT('',(-7.636754676114,-18.48890732358));
#9981 = CARTESIAN_POINT('',(-7.624189217242,-18.54042827925));
#9982 = CARTESIAN_POINT('',(-7.612060567802,-18.59454792596));
#9983 = CARTESIAN_POINT('',(-7.600370695769,-18.65103240356));
#9984 = CARTESIAN_POINT('',(-7.580572327506,-18.75421698524));
#9985 = CARTESIAN_POINT('',(-7.572276280034,-18.80001771781));
#9986 = CARTESIAN_POINT('',(-7.564231158018,-18.84698370931));
#9987 = CARTESIAN_POINT('',(-7.556435713457,-18.89503851105));
#9988 = CARTESIAN_POINT('',(-7.548888584568,-18.94411391358));
#9989 = CARTESIAN_POINT('',(-7.516208916514,-19.16809970439));
#9990 = CARTESIAN_POINT('',(-7.493787133045,-19.35383578767));
#9991 = CARTESIAN_POINT('',(-7.474301412758,-19.54869619148));
#9992 = CARTESIAN_POINT('',(-7.457746052963,-19.75076976437));
#9993 = CARTESIAN_POINT('',(-7.444130896173,-19.95864816155));
#9994 = CARTESIAN_POINT('',(-7.42605382059,-20.31986555317));
#9995 = CARTESIAN_POINT('',(-7.420075217432,-20.47072850146));
#9996 = CARTESIAN_POINT('',(-7.415577145637,-20.62321116327));
#9997 = CARTESIAN_POINT('',(-7.412573103486,-20.77676466596));
#9998 = CARTESIAN_POINT('',(-7.411070589901,-20.93086280878));
#9999 = CARTESIAN_POINT('',(-7.411070589901,-21.085));
#10000 = ( GEOMETRIC_REPRESENTATION_CONTEXT(2) 
PARAMETRIC_REPRESENTATION_CONTEXT() REPRESENTATION_CONTEXT('2D SPACE',''
  ) );
#10001 = ORIENTED_EDGE('',*,*,#10002,.T.);
#10002 = EDGE_CURVE('',#9623,#9448,#10003,.T.);
#10003 = SEAM_CURVE('',#10004,(#10008,#10015),.PCURVE_S1.);
#10004 = LINE('',#10005,#10006);
#10005 = CARTESIAN_POINT('',(3.,0.,-8.915));
#10006 = VECTOR('',#10007,1.);
#10007 = DIRECTION('',(-0.,1.,-0.));
#10008 = PCURVE('',#9559,#10009);
#10009 = DEFINITIONAL_REPRESENTATION('',(#10010),#10014);
#10010 = LINE('',#10011,#10012);
#10011 = CARTESIAN_POINT('',(6.28318530718,0.));
#10012 = VECTOR('',#10013,1.);
#10013 = DIRECTION('',(0.,-1.));
#10014 = ( GEOMETRIC_REPRESENTATION_CONTEXT(2) 
PARAMETRIC_REPRESENTATION_CONTEXT() REPRESENTATION_CONTEXT('2D SPACE',''
  ) );
#10015 = PCURVE('',#9559,#10016);
#10016 = DEFINITIONAL_REPRESENTATION('',(#10017),#10021);
#10017 = LINE('',#10018,#10019);
#10018 = CARTESIAN_POINT('',(0.,0.));
#10019 = VECTOR('',#10020,1.);
#10020 = DIRECTION('',(0.,-1.));
#10021 = ( GEOMETRIC_REPRESENTATION_CONTEXT(2) 
PARAMETRIC_REPRESENTATION_CONTEXT() REPRESENTATION_CONTEXT('2D SPACE',''
  ) );
#10022 = ORIENTED_EDGE('',*,*,#9447,.T.);
#10023 = ORIENTED_EDGE('',*,*,#10002,.F.);
#10024 = ADVANCED_FACE('',(#10025),#9215,.F.);
#10025 = FACE_BOUND('',#10026,.T.);
#10026 = EDGE_LOOP('',(#10027,#10457,#10478,#10479,#10480,#10481));
#10027 = ORIENTED_EDGE('',*,*,#10028,.F.);
#10028 = EDGE_CURVE('',#10029,#10029,#10031,.T.);
#10029 = VERTEX_POINT('',#10030);
#10030 = CARTESIAN_POINT('',(6.324555320337,3.,-8.915));
#10031 = SURFACE_CURVE('',#10032,(#10135,#10296),.PCURVE_S1.);
#10032 = B_SPLINE_CURVE_WITH_KNOTS('',6,(#10033,#10034,#10035,#10036,
    #10037,#10038,#10039,#10040,#10041,#10042,#10043,#10044,#10045,
    #10046,#10047,#10048,#10049,#10050,#10051,#10052,#10053,#10054,
    #10055,#10056,#10057,#10058,#10059,#10060,#10061,#10062,#10063,
    #10064,#10065,#10066,#10067,#10068,#10069,#10070,#10071,#10072,
    #10073,#10074,#10075,#10076,#10077,#10078,#10079,#10080,#10081,
    #10082,#10083,#10084,#10085,#10086,#10087,#10088,#10089,#10090,
    #10091,#10092,#10093,#10094,#10095,#10096,#10097,#10098,#10099,
    #10100,#10101,#10102,#10103,#10104,#10105,#10106,#10107,#10108,
    #10109,#10110,#10111,#10112,#10113,#10114,#10115,#10116,#10117,
    #10118,#10119,#10120,#10121,#10122,#10123,#10124,#10125,#10126,
    #10127,#10128,#10129,#10130,#10131,#10132,#10133,#10134),
  .UNSPECIFIED.,.T.,.F.,(7,5,5,5,5,5,5,5,5,5,5,5,5,5,5,5,5,5,5,5,7),(0.,
    0.221959694082,0.540281433946,0.631055023752,0.747323287503,1.,
    1.158808426701,1.367590706253,1.461215967414,1.775966946862,
    1.995997768849,2.216974040345,2.533885412485,2.624256817567,
    2.740009938975,2.99156713387,3.149671939319,3.357529181811,
    3.450739624,3.76409605804,3.983152004673),.UNSPECIFIED.);
#10033 = CARTESIAN_POINT('',(6.324555320337,3.,-8.915));
#10034 = CARTESIAN_POINT('',(6.324555320337,3.,-8.760778824743));
#10035 = CARTESIAN_POINT('',(6.329067660813,2.990486653647,
    -8.606596811353));
#10036 = CARTESIAN_POINT('',(6.33808992214,2.971467467209,-8.45296032571
    ));
#10037 = CARTESIAN_POINT('',(6.351491159511,2.942936558877,
    -8.300396399402));
#10038 = CARTESIAN_POINT('',(6.369017771546,2.904880535759,
    -8.149454799526));
#10039 = CARTESIAN_POINT('',(6.42082020341,2.789024707399,
    -7.787389061845));
#10040 = CARTESIAN_POINT('',(6.459035632667,2.701208293657,
    -7.578792975208));
#10041 = CARTESIAN_POINT('',(6.503906399105,2.593685486652,
    -7.376057473803));
#10042 = CARTESIAN_POINT('',(6.554053787506,2.465974590964,
    -7.180595508186));
#10043 = CARTESIAN_POINT('',(6.607689353174,2.317409432842,
    -6.994335091162));
#10044 = CARTESIAN_POINT('',(6.678151151031,2.098784150735,
    -6.770255141114));
#10045 = CARTESIAN_POINT('',(6.693886909662,2.048508366379,
    -6.721488783889));
#10046 = CARTESIAN_POINT('',(6.70967204823,1.996444806321,
    -6.673736286065));
#10047 = CARTESIAN_POINT('',(6.725450565937,1.94257255956,
    -6.627065134391));
#10048 = CARTESIAN_POINT('',(6.741162170233,1.886872253121,
    -6.581550872064));
#10049 = CARTESIAN_POINT('',(6.776698212728,1.75561742274,
    -6.480568591687));
#10050 = CARTESIAN_POINT('',(6.796442876948,1.678863974841,
    -6.425882394149));
#10051 = CARTESIAN_POINT('',(6.81583420134,1.599048828183,
    -6.373413465462));
#10052 = CARTESIAN_POINT('',(6.83471877157,1.516165500657,
    -6.323373207298));
#10053 = CARTESIAN_POINT('',(6.852933447776,1.430218520925,
    -6.275990059305));
#10054 = CARTESIAN_POINT('',(6.908063533691,1.147819307407,
    -6.134845271087));
#10055 = CARTESIAN_POINT('',(6.942234303301,0.938039959753,
    -6.05090139274));
#10056 = CARTESIAN_POINT('',(6.970287713284,0.714684384589,
    -5.984328046251));
#10057 = CARTESIAN_POINT('',(6.989988438646,0.48124975481,
    -5.938360501704));
#10058 = CARTESIAN_POINT('',(7.,0.24166264464,-5.915));
#10059 = CARTESIAN_POINT('',(7.,-0.151886036542,-5.915));
#10060 = CARTESIAN_POINT('',(6.996045250497,-0.303503568668,
    -5.924227765154));
#10061 = CARTESIAN_POINT('',(6.988161973078,-0.453573213399,
    -5.942622003163));
#10062 = CARTESIAN_POINT('',(6.976581617442,-0.600827496297,
    -5.969816799181));
#10063 = CARTESIAN_POINT('',(6.9617353186,-0.744051225412,
    -6.005145154202));
#10064 = CARTESIAN_POINT('',(6.92113815635,-1.0636385299,-6.103463046776
    ));
#10065 = CARTESIAN_POINT('',(6.893426427446,-1.236244353666,
    -6.171657484674));
#10066 = CARTESIAN_POINT('',(6.862113567162,-1.399359128226,
    -6.250570562432));
#10067 = CARTESIAN_POINT('',(6.828266261094,-1.552601662162,
    -6.338685273072));
#10068 = CARTESIAN_POINT('',(6.792893144367,-1.69575460607,
    -6.434564660818));
#10069 = CARTESIAN_POINT('',(6.74076019861,-1.888377318847,
    -6.582685587757));
#10070 = CARTESIAN_POINT('',(6.724478342952,-1.946031443417,
    -6.629875594567));
#10071 = CARTESIAN_POINT('',(6.708126724366,-2.001723939841,
    -6.678304655755));
#10072 = CARTESIAN_POINT('',(6.691772205035,-2.05547654601,
    -6.727889142516));
#10073 = CARTESIAN_POINT('',(6.67547675705,-2.107312570808,
    -6.778554566252));
#10074 = CARTESIAN_POINT('',(6.604905637243,-2.325160561158,
    -7.00397767604));
#10075 = CARTESIAN_POINT('',(6.551775843694,-2.471840549433,
    -7.189360122021));
#10076 = CARTESIAN_POINT('',(6.502143818121,-2.59797360297,
    -7.383760980761));
#10077 = CARTESIAN_POINT('',(6.457753870059,-2.704204746188,
    -7.585300431062));
#10078 = CARTESIAN_POINT('',(6.419952485168,-2.79099959771,
    -7.792594713722));
#10079 = CARTESIAN_POINT('',(6.368643800842,-2.905692450495,
    -8.152682475483));
#10080 = CARTESIAN_POINT('',(6.351262424994,-2.943423498792,
    -8.303005950681));
#10081 = CARTESIAN_POINT('',(6.337974414668,-2.971710957629,
    -8.454931258926));
#10082 = CARTESIAN_POINT('',(6.329029137353,-2.990567879527,
    -8.607915660555));
#10083 = CARTESIAN_POINT('',(6.324555320337,-3.,-8.761438661809));
#10084 = CARTESIAN_POINT('',(6.324555320337,-3.,-9.069221175257));
#10085 = CARTESIAN_POINT('',(6.329067660813,-2.990486653647,
    -9.223403188647));
#10086 = CARTESIAN_POINT('',(6.33808992214,-2.971467467209,
    -9.37703967429));
#10087 = CARTESIAN_POINT('',(6.351491159511,-2.942936558877,
    -9.529603600598));
#10088 = CARTESIAN_POINT('',(6.369017771546,-2.904880535759,
    -9.680545200474));
#10089 = CARTESIAN_POINT('',(6.42082020341,-2.789024707399,
    -10.04261093815));
#10090 = CARTESIAN_POINT('',(6.459035632667,-2.701208293657,
    -10.25120702479));
#10091 = CARTESIAN_POINT('',(6.503906399105,-2.593685486652,
    -10.45394252619));
#10092 = CARTESIAN_POINT('',(6.554053787506,-2.465974590964,
    -10.64940449181));
#10093 = CARTESIAN_POINT('',(6.607689353174,-2.317409432842,
    -10.83566490883));
#10094 = CARTESIAN_POINT('',(6.678151151031,-2.098784150735,
    -11.05974485888));
#10095 = CARTESIAN_POINT('',(6.693886909662,-2.048508366379,
    -11.10851121611));
#10096 = CARTESIAN_POINT('',(6.70967204823,-1.996444806321,
    -11.15626371393));
#10097 = CARTESIAN_POINT('',(6.725450565937,-1.94257255956,
    -11.2029348656));
#10098 = CARTESIAN_POINT('',(6.741162170233,-1.886872253121,
    -11.24844912793));
#10099 = CARTESIAN_POINT('',(6.776698212727,-1.755617422741,
    -11.34943140831));
#10100 = CARTESIAN_POINT('',(6.796442876948,-1.678863974841,
    -11.40411760585));
#10101 = CARTESIAN_POINT('',(6.815834201341,-1.599048828181,
    -11.45658653453));
#10102 = CARTESIAN_POINT('',(6.83471877157,-1.516165500657,
    -11.5066267927));
#10103 = CARTESIAN_POINT('',(6.852933447776,-1.430218520926,
    -11.55400994069));
#10104 = CARTESIAN_POINT('',(6.908063533829,-1.147819306703,
    -11.69515472926));
#10105 = CARTESIAN_POINT('',(6.942234303209,-0.938039959963,
    -11.779098607));
#10106 = CARTESIAN_POINT('',(6.9702877132,-0.714684385348,
    -11.84567195357));
#10107 = CARTESIAN_POINT('',(6.989988438712,-0.481249755,-11.89163949844
    ));
#10108 = CARTESIAN_POINT('',(7.,-0.24166264385,-11.915));
#10109 = CARTESIAN_POINT('',(7.,0.151886036517,-11.915));
#10110 = CARTESIAN_POINT('',(6.996045250498,0.303503568675,
    -11.90577223484));
#10111 = CARTESIAN_POINT('',(6.988161973077,0.453573213424,
    -11.88737799683));
#10112 = CARTESIAN_POINT('',(6.97658161744,0.600827496303,
    -11.86018320081));
#10113 = CARTESIAN_POINT('',(6.961735318603,0.744051225388,
    -11.8248548458));
#10114 = CARTESIAN_POINT('',(6.921138156368,1.063638529761,
    -11.72653695326));
#10115 = CARTESIAN_POINT('',(6.893426427451,1.236244353691,
    -11.65834251534));
#10116 = CARTESIAN_POINT('',(6.862113567136,1.399359128345,
    -11.5794294375));
#10117 = CARTESIAN_POINT('',(6.828266261079,1.552601662197,
    -11.49131472687));
#10118 = CARTESIAN_POINT('',(6.792893144394,1.695754605971,
    -11.39543533925));
#10119 = CARTESIAN_POINT('',(6.74076019861,1.888377318847,
    -11.24731441224));
#10120 = CARTESIAN_POINT('',(6.724478342952,1.946031443417,
    -11.20012440543));
#10121 = CARTESIAN_POINT('',(6.708126724366,2.001723939841,
    -11.15169534424));
#10122 = CARTESIAN_POINT('',(6.691772205035,2.05547654601,
    -11.10211085748));
#10123 = CARTESIAN_POINT('',(6.67547675705,2.107312570808,
    -11.05144543374));
#10124 = CARTESIAN_POINT('',(6.604905637243,2.325160561158,
    -10.82602232396));
#10125 = CARTESIAN_POINT('',(6.551775843694,2.471840549433,
    -10.64063987797));
#10126 = CARTESIAN_POINT('',(6.502143818121,2.59797360297,
    -10.44623901923));
#10127 = CARTESIAN_POINT('',(6.457753870059,2.704204746188,
    -10.24469956893));
#10128 = CARTESIAN_POINT('',(6.419952485168,2.79099959771,
    -10.03740528627));
#10129 = CARTESIAN_POINT('',(6.368643800842,2.905692450495,
    -9.677317524517));
#10130 = CARTESIAN_POINT('',(6.351262424994,2.943423498792,
    -9.526994049319));
#10131 = CARTESIAN_POINT('',(6.337974414668,2.971710957629,
    -9.375068741074));
#10132 = CARTESIAN_POINT('',(6.329029137353,2.990567879527,
    -9.222084339445));
#10133 = CARTESIAN_POINT('',(6.324555320337,3.,-9.068561338191));
#10134 = CARTESIAN_POINT('',(6.324555320337,3.,-8.915));
#10135 = PCURVE('',#9215,#10136);
#10136 = DEFINITIONAL_REPRESENTATION('',(#10137),#10295);
#10137 = B_SPLINE_CURVE_WITH_KNOTS('',3,(#10138,#10139,#10140,#10141,
    #10142,#10143,#10144,#10145,#10146,#10147,#10148,#10149,#10150,
    #10151,#10152,#10153,#10154,#10155,#10156,#10157,#10158,#10159,
    #10160,#10161,#10162,#10163,#10164,#10165,#10166,#10167,#10168,
    #10169,#10170,#10171,#10172,#10173,#10174,#10175,#10176,#10177,
    #10178,#10179,#10180,#10181,#10182,#10183,#10184,#10185,#10186,
    #10187,#10188,#10189,#10190,#10191,#10192,#10193,#10194,#10195,
    #10196,#10197,#10198,#10199,#10200,#10201,#10202,#10203,#10204,
    #10205,#10206,#10207,#10208,#10209,#10210,#10211,#10212,#10213,
    #10214,#10215,#10216,#10217,#10218,#10219,#10220,#10221,#10222,
    #10223,#10224,#10225,#10226,#10227,#10228,#10229,#10230,#10231,
    #10232,#10233,#10234,#10235,#10236,#10237,#10238,#10239,#10240,
    #10241,#10242,#10243,#10244,#10245,#10246,#10247,#10248,#10249,
    #10250,#10251,#10252,#10253,#10254,#10255,#10256,#10257,#10258,
    #10259,#10260,#10261,#10262,#10263,#10264,#10265,#10266,#10267,
    #10268,#10269,#10270,#10271,#10272,#10273,#10274,#10275,#10276,
    #10277,#10278,#10279,#10280,#10281,#10282,#10283,#10284,#10285,
    #10286,#10287,#10288,#10289,#10290,#10291,#10292,#10293,#10294),
  .UNSPECIFIED.,.F.,.F.,(4,1,1,1,1,1,1,1,1,1,1,1,1,1,1,1,1,1,1,1,1,1,1,1
    ,1,1,1,1,1,1,1,1,1,1,1,1,1,1,1,1,1,1,1,1,1,1,1,1,1,1,1,1,1,1,1,1,1,1
    ,1,1,1,1,1,1,1,1,1,1,1,1,1,1,1,1,1,1,1,1,1,1,1,1,1,1,1,1,1,1,1,1,1,1
    ,1,1,1,1,1,1,1,1,1,1,1,1,1,1,1,1,1,1,1,1,1,1,1,1,1,1,1,1,1,1,1,1,1,1
    ,1,1,1,1,1,1,1,1,1,1,1,1,1,1,1,1,1,1,1,1,1,1,1,1,1,1,1,1,4),(0.,
    2.586462340697E-02,5.172924681394E-02,7.75938702209E-02,
    0.103458493628,0.129323117035,0.155187740442,0.181052363849,
    0.206916987256,0.232781610663,0.25864623407,0.284510857477,
    0.310375480884,0.336240104291,0.362104727698,0.387969351105,
    0.413833974511,0.439698597918,0.465563221325,0.491427844732,
    0.517292468139,0.543157091546,0.569021714953,0.59488633836,
    0.620750961767,0.646615585174,0.672480208581,0.698344831988,
    0.724209455395,0.750074078802,0.775938702209,0.801803325616,
    0.827667949023,0.85353257243,0.879397195837,0.905261819244,
    0.931126442651,0.956991066058,0.982855689465,1.008720312872,
    1.034584936279,1.060449559686,1.086314183093,1.1121788065,
    1.138043429907,1.163908053314,1.189772676721,1.215637300127,
    1.241501923534,1.267366546941,1.293231170348,1.319095793755,
    1.344960417162,1.370825040569,1.396689663976,1.422554287383,
    1.44841891079,1.474283534197,1.500148157604,1.526012781011,
    1.551877404418,1.577742027825,1.603606651232,1.629471274639,
    1.655335898046,1.681200521453,1.70706514486,1.732929768267,
    1.758794391674,1.784659015081,1.810523638488,1.836388261895,
    1.862252885302,1.888117508709,1.913982132116,1.939846755523,
    1.96571137893,1.991576002337,2.017440625743,2.04330524915,
    2.069169872557,2.095034495964,2.120899119371,2.146763742778,
    2.172628366185,2.198492989592,2.224357612999,2.250222236406,
    2.276086859813,2.30195148322,2.327816106627,2.353680730034,
    2.379545353441,2.405409976848,2.431274600255,2.457139223662,
    2.483003847069,2.508868470476,2.534733093883,2.56059771729,
    2.586462340697,2.612326964104,2.638191587511,2.664056210918,
    2.689920834325,2.715785457732,2.741650081139,2.767514704546,
    2.793379327953,2.819243951359,2.845108574766,2.870973198173,
    2.89683782158,2.922702444987,2.948567068394,2.974431691801,
    3.000296315208,3.026160938615,3.052025562022,3.077890185429,
    3.103754808836,3.129619432243,3.15548405565,3.181348679057,
    3.207213302464,3.233077925871,3.258942549278,3.284807172685,
    3.310671796092,3.336536419499,3.362401042906,3.388265666313,
    3.41413028972,3.439994913127,3.465859536534,3.491724159941,
    3.517588783348,3.543453406755,3.569318030162,3.595182653569,
    3.621047276976,3.646911900382,3.672776523789,3.698641147196,
    3.724505770603,3.75037039401,3.776235017417,3.802099640824,
    3.827964264231,3.853828887638,3.879693511045,3.905558134452,
    3.931422757859,3.957287381266,3.983152004673),
  .QUASI_UNIFORM_KNOTS.);
#10138 = CARTESIAN_POINT('',(0.,-6.324555320337));
#10139 = CARTESIAN_POINT('',(-1.198074112249E-02,-6.324554618468));
#10140 = CARTESIAN_POINT('',(-3.594056943216E-02,-6.325168607971));
#10141 = CARTESIAN_POINT('',(-7.188909367198E-02,-6.327921808058));
#10142 = CARTESIAN_POINT('',(-0.107860264753,-6.33249654361));
#10143 = CARTESIAN_POINT('',(-0.143867522545,-6.338870641927));
#10144 = CARTESIAN_POINT('',(-0.179924166105,-6.347014517332));
#10145 = CARTESIAN_POINT('',(-0.216043365052,-6.356890174346));
#10146 = CARTESIAN_POINT('',(-0.252238432295,-6.36845166034));
#10147 = CARTESIAN_POINT('',(-0.288522319974,-6.381644796488));
#10148 = CARTESIAN_POINT('',(-0.324909952194,-6.396408346039));
#10149 = CARTESIAN_POINT('',(-0.361403353093,-6.412667457722));
#10150 = CARTESIAN_POINT('',(-0.398030347023,-6.430350822217));
#10151 = CARTESIAN_POINT('',(-0.434816348254,-6.449380845047));
#10152 = CARTESIAN_POINT('',(-0.471787465946,-6.469674341848));
#10153 = CARTESIAN_POINT('',(-0.508969749266,-6.491142105185));
#10154 = CARTESIAN_POINT('',(-0.54638947052,-6.513688764687));
#10155 = CARTESIAN_POINT('',(-0.584073149365,-6.537212567328));
#10156 = CARTESIAN_POINT('',(-0.622047626938,-6.561605148815));
#10157 = CARTESIAN_POINT('',(-0.660340270694,-6.586751385352));
#10158 = CARTESIAN_POINT('',(-0.698978697192,-6.6125288978));
#10159 = CARTESIAN_POINT('',(-0.737992402075,-6.63880883084));
#10160 = CARTESIAN_POINT('',(-0.777407371451,-6.665451844728));
#10161 = CARTESIAN_POINT('',(-0.817267574588,-6.69232233123));
#10162 = CARTESIAN_POINT('',(-0.857616231159,-6.719275082684));
#10163 = CARTESIAN_POINT('',(-0.898487304853,-6.74614876289));
#10164 = CARTESIAN_POINT('',(-0.939918219584,-6.772774204206));
#10165 = CARTESIAN_POINT('',(-0.981950856436,-6.798973965499));
#10166 = CARTESIAN_POINT('',(-1.024604219951,-6.824546075091));
#10167 = CARTESIAN_POINT('',(-1.067918365135,-6.849290154858));
#10168 = CARTESIAN_POINT('',(-1.11187425787,-6.872966386885));
#10169 = CARTESIAN_POINT('',(-1.156686802205,-6.895445030545));
#10170 = CARTESIAN_POINT('',(-1.202341011629,-6.916452189727));
#10171 = CARTESIAN_POINT('',(-1.2487196656,-6.935674846725));
#10172 = CARTESIAN_POINT('',(-1.295744070238,-6.952836065816));
#10173 = CARTESIAN_POINT('',(-1.343334742743,-6.967679807373));
#10174 = CARTESIAN_POINT('',(-1.391421061831,-6.979979410934));
#10175 = CARTESIAN_POINT('',(-1.43993555365,-6.989539369936));
#10176 = CARTESIAN_POINT('',(-1.488821063754,-6.996197848819));
#10177 = CARTESIAN_POINT('',(-1.538002102081,-6.99983051699));
#10178 = CARTESIAN_POINT('',(-1.587486909771,-7.000345950984));
#10179 = CARTESIAN_POINT('',(-1.636882478125,-6.99771317312));
#10180 = CARTESIAN_POINT('',(-1.686068409977,-6.991994652844));
#10181 = CARTESIAN_POINT('',(-1.734947411755,-6.983296544328));
#10182 = CARTESIAN_POINT('',(-1.783411031878,-6.971776066719));
#10183 = CARTESIAN_POINT('',(-1.831349245452,-6.957635829216));
#10184 = CARTESIAN_POINT('',(-1.878636360575,-6.941124504615));
#10185 = CARTESIAN_POINT('',(-1.925168649583,-6.922520542814));
#10186 = CARTESIAN_POINT('',(-1.970982228653,-6.902061262628));
#10187 = CARTESIAN_POINT('',(-2.016093508172,-6.879987637128));
#10188 = CARTESIAN_POINT('',(-2.060520298406,-6.856537614095));
#10189 = CARTESIAN_POINT('',(-2.10427683054,-6.831945945217));
#10190 = CARTESIAN_POINT('',(-2.147373755852,-6.806443615732));
#10191 = CARTESIAN_POINT('',(-2.189823940877,-6.780252801456));
#10192 = CARTESIAN_POINT('',(-2.231619778149,-6.753600553737));
#10193 = CARTESIAN_POINT('',(-2.272821264769,-6.726660614344));
#10194 = CARTESIAN_POINT('',(-2.313490340092,-6.699591865363));
#10195 = CARTESIAN_POINT('',(-2.353657051074,-6.672563362666));
#10196 = CARTESIAN_POINT('',(-2.393358885931,-6.645729225834));
#10197 = CARTESIAN_POINT('',(-2.432647527253,-6.619224368639));
#10198 = CARTESIAN_POINT('',(-2.471550707458,-6.593191241141));
#10199 = CARTESIAN_POINT('',(-2.510098135972,-6.567762610067));
#10200 = CARTESIAN_POINT('',(-2.548317973453,-6.54306432146));
#10201 = CARTESIAN_POINT('',(-2.586237975416,-6.519214859114));
#10202 = CARTESIAN_POINT('',(-2.623885357808,-6.496325752793));
#10203 = CARTESIAN_POINT('',(-2.661286969207,-6.47450175473));
#10204 = CARTESIAN_POINT('',(-2.698469396994,-6.453841056435));
#10205 = CARTESIAN_POINT('',(-2.735458932656,-6.434435539176));
#10206 = CARTESIAN_POINT('',(-2.772282087911,-6.416370812658));
#10207 = CARTESIAN_POINT('',(-2.808963989345,-6.399727030448));
#10208 = CARTESIAN_POINT('',(-2.845534668684,-6.384576773431));
#10209 = CARTESIAN_POINT('',(-2.882000593079,-6.370995866831));
#10210 = CARTESIAN_POINT('',(-2.91837347945,-6.359049419938));
#10211 = CARTESIAN_POINT('',(-2.954667400775,-6.34879358431));
#10212 = CARTESIAN_POINT('',(-2.990895605996,-6.340276647101));
#10213 = CARTESIAN_POINT('',(-3.02707147399,-6.333538621233));
#10214 = CARTESIAN_POINT('',(-3.063208476773,-6.328611235752));
#10215 = CARTESIAN_POINT('',(-3.099319981958,-6.325517828622));
#10216 = CARTESIAN_POINT('',(-3.13542069448,-6.32427322956));
#10217 = CARTESIAN_POINT('',(-3.171521702656,-6.324883780279));
#10218 = CARTESIAN_POINT('',(-3.207627375173,-6.327346286651));
#10219 = CARTESIAN_POINT('',(-3.243754152299,-6.33164878675));
#10220 = CARTESIAN_POINT('',(-3.279915067818,-6.337770844252));
#10221 = CARTESIAN_POINT('',(-3.316123794723,-6.345683596976));
#10222 = CARTESIAN_POINT('',(-3.352393620508,-6.35534983066));
#10223 = CARTESIAN_POINT('',(-3.388738116696,-6.366724192272));
#10224 = CARTESIAN_POINT('',(-3.425170098067,-6.379752819946));
#10225 = CARTESIAN_POINT('',(-3.461705720321,-6.394375166898));
#10226 = CARTESIAN_POINT('',(-3.498346481185,-6.410516324272));
#10227 = CARTESIAN_POINT('',(-3.535118198141,-6.428103770392));
#10228 = CARTESIAN_POINT('',(-3.572047263085,-6.447059849622));
#10229 = CARTESIAN_POINT('',(-3.609159954609,-6.467300908238));
#10230 = CARTESIAN_POINT('',(-3.646482700515,-6.4887372744));
#10231 = CARTESIAN_POINT('',(-3.684042089538,-6.511273002948));
#10232 = CARTESIAN_POINT('',(-3.721864967912,-6.534805680819));
#10233 = CARTESIAN_POINT('',(-3.759978498793,-6.559226189217));
#10234 = CARTESIAN_POINT('',(-3.798410356632,-6.584418542172));
#10235 = CARTESIAN_POINT('',(-3.837188509973,-6.610259426828));
#10236 = CARTESIAN_POINT('',(-3.876342626299,-6.636618824464));
#10237 = CARTESIAN_POINT('',(-3.915899530083,-6.663356570894));
#10238 = CARTESIAN_POINT('',(-3.955901023189,-6.690334076002));
#10239 = CARTESIAN_POINT('',(-3.996393051073,-6.717406375296));
#10240 = CARTESIAN_POINT('',(-4.037409665387,-6.744410440487));
#10241 = CARTESIAN_POINT('',(-4.078988232618,-6.771175191632));
#10242 = CARTESIAN_POINT('',(-4.121172125076,-6.79752211704));
#10243 = CARTESIAN_POINT('',(-4.16398100694,-6.82324734309));
#10244 = CARTESIAN_POINT('',(-4.20745464387,-6.848147940918));
#10245 = CARTESIAN_POINT('',(-4.251576144968,-6.871982368457));
#10246 = CARTESIAN_POINT('',(-4.296548888337,-6.894612852819));
#10247 = CARTESIAN_POINT('',(-4.342379339816,-6.91577327842));
#10248 = CARTESIAN_POINT('',(-4.388942459158,-6.935142507997));
#10249 = CARTESIAN_POINT('',(-4.436159829007,-6.952440020611));
#10250 = CARTESIAN_POINT('',(-4.483950289374,-6.967405378773));
#10251 = CARTESIAN_POINT('',(-4.532242251762,-6.979808258247));
#10252 = CARTESIAN_POINT('',(-4.580967224498,-6.989449910634));
#10253 = CARTESIAN_POINT('',(-4.630067219142,-6.996165844753));
#10254 = CARTESIAN_POINT('',(-4.67946578454,-6.999829712688));
#10255 = CARTESIAN_POINT('',(-4.729170958181,-7.000348670957));
#10256 = CARTESIAN_POINT('',(-4.778785830777,-6.997691332951));
#10257 = CARTESIAN_POINT('',(-4.828188572161,-6.991921220235));
#10258 = CARTESIAN_POINT('',(-4.877280526702,-6.983146334915));
#10259 = CARTESIAN_POINT('',(-4.925951667703,-6.971526664531));
#10260 = CARTESIAN_POINT('',(-4.974090653806,-6.957268221894));
#10261 = CARTESIAN_POINT('',(-5.021568904289,-6.940624350516));
#10262 = CARTESIAN_POINT('',(-5.068285428097,-6.921876477353));
#10263 = CARTESIAN_POINT('',(-5.114277781139,-6.901264644806));
#10264 = CARTESIAN_POINT('',(-5.159562202017,-6.879033135361));
#10265 = CARTESIAN_POINT('',(-5.204156697164,-6.855422951995));
#10266 = CARTESIAN_POINT('',(-5.248075568941,-6.830671814223));
#10267 = CARTESIAN_POINT('',(-5.291329417648,-6.805013600026));
#10268 = CARTESIAN_POINT('',(-5.333931420921,-6.778672938362));
#10269 = CARTESIAN_POINT('',(-5.375872701229,-6.751880203202));
#10270 = CARTESIAN_POINT('',(-5.417221495595,-6.724805864211));
#10271 = CARTESIAN_POINT('',(-5.458034451945,-6.697614076534));
#10272 = CARTESIAN_POINT('',(-5.498343343101,-6.670474603237));
#10273 = CARTESIAN_POINT('',(-5.538186958245,-6.643542312449));
#10274 = CARTESIAN_POINT('',(-5.577616851223,-6.616953762651));
#10275 = CARTESIAN_POINT('',(-5.616660246697,-6.590853184197));
#10276 = CARTESIAN_POINT('',(-5.655347388832,-6.565374301399));
#10277 = CARTESIAN_POINT('',(-5.693706694969,-6.540643995457));
#10278 = CARTESIAN_POINT('',(-5.731766254717,-6.516781627582));
#10279 = CARTESIAN_POINT('',(-5.769553601015,-6.493899516207));
#10280 = CARTESIAN_POINT('',(-5.807095909869,-6.472103099866));
#10281 = CARTESIAN_POINT('',(-5.844420094583,-6.451491165541));
#10282 = CARTESIAN_POINT('',(-5.88155279442,-6.432156091649));
#10283 = CARTESIAN_POINT('',(-5.918520812438,-6.414183929238));
#10284 = CARTESIAN_POINT('',(-5.955349803837,-6.397655077878));
#10285 = CARTESIAN_POINT('',(-5.992069474821,-6.382642706822));
#10286 = CARTESIAN_POINT('',(-6.028683713908,-6.369223624477));
#10287 = CARTESIAN_POINT('',(-6.065206444058,-6.357461844362));
#10288 = CARTESIAN_POINT('',(-6.101651343059,-6.347413341417));
#10289 = CARTESIAN_POINT('',(-6.138031971877,-6.339125763357));
#10290 = CARTESIAN_POINT('',(-6.174361866425,-6.332638461667));
#10291 = CARTESIAN_POINT('',(-6.210654656388,-6.327982088161));
#10292 = CARTESIAN_POINT('',(-6.246924122242,-6.325179609662));
#10293 = CARTESIAN_POINT('',(-6.271097692318,-6.324554592968));
#10294 = CARTESIAN_POINT('',(-6.28318530718,-6.324555320337));
#10295 = ( GEOMETRIC_REPRESENTATION_CONTEXT(2) 
PARAMETRIC_REPRESENTATION_CONTEXT() REPRESENTATION_CONTEXT('2D SPACE',''
  ) );
#10296 = PCURVE('',#8883,#10297);
#10297 = DEFINITIONAL_REPRESENTATION('',(#10298),#10456);
#10298 = B_SPLINE_CURVE_WITH_KNOTS('',3,(#10299,#10300,#10301,#10302,
    #10303,#10304,#10305,#10306,#10307,#10308,#10309,#10310,#10311,
    #10312,#10313,#10314,#10315,#10316,#10317,#10318,#10319,#10320,
    #10321,#10322,#10323,#10324,#10325,#10326,#10327,#10328,#10329,
    #10330,#10331,#10332,#10333,#10334,#10335,#10336,#10337,#10338,
    #10339,#10340,#10341,#10342,#10343,#10344,#10345,#10346,#10347,
    #10348,#10349,#10350,#10351,#10352,#10353,#10354,#10355,#10356,
    #10357,#10358,#10359,#10360,#10361,#10362,#10363,#10364,#10365,
    #10366,#10367,#10368,#10369,#10370,#10371,#10372,#10373,#10374,
    #10375,#10376,#10377,#10378,#10379,#10380,#10381,#10382,#10383,
    #10384,#10385,#10386,#10387,#10388,#10389,#10390,#10391,#10392,
    #10393,#10394,#10395,#10396,#10397,#10398,#10399,#10400,#10401,
    #10402,#10403,#10404,#10405,#10406,#10407,#10408,#10409,#10410,
    #10411,#10412,#10413,#10414,#10415,#10416,#10417,#10418,#10419,
    #10420,#10421,#10422,#10423,#10424,#10425,#10426,#10427,#10428,
    #10429,#10430,#10431,#10432,#10433,#10434,#10435,#10436,#10437,
    #10438,#10439,#10440,#10441,#10442,#10443,#10444,#10445,#10446,
    #10447,#10448,#10449,#10450,#10451,#10452,#10453,#10454,#10455),
  .UNSPECIFIED.,.T.,.F.,(4,1,1,1,1,1,1,1,1,1,1,1,1,1,1,1,1,1,1,1,1,1,1,1
    ,1,1,1,1,1,1,1,1,1,1,1,1,1,1,1,1,1,1,1,1,1,1,1,1,1,1,1,1,1,1,1,1,1,1
    ,1,1,1,1,1,1,1,1,1,1,1,1,1,1,1,1,1,1,1,1,1,1,1,1,1,1,1,1,1,1,1,1,1,1
    ,1,1,1,1,1,1,1,1,1,1,1,1,1,1,1,1,1,1,1,1,1,1,1,1,1,1,1,1,1,1,1,1,1,1
    ,1,1,1,1,1,1,1,1,1,1,1,1,1,1,1,1,1,1,1,1,1,1,1,1,1,1,1,1,4),(0.,
    2.586462340697E-02,5.172924681394E-02,7.75938702209E-02,
    0.103458493628,0.129323117035,0.155187740442,0.181052363849,
    0.206916987256,0.232781610663,0.25864623407,0.284510857477,
    0.310375480884,0.336240104291,0.362104727698,0.387969351105,
    0.413833974511,0.439698597918,0.465563221325,0.491427844732,
    0.517292468139,0.543157091546,0.569021714953,0.59488633836,
    0.620750961767,0.646615585174,0.672480208581,0.698344831988,
    0.724209455395,0.750074078802,0.775938702209,0.801803325616,
    0.827667949023,0.85353257243,0.879397195837,0.905261819244,
    0.931126442651,0.956991066058,0.982855689465,1.008720312872,
    1.034584936279,1.060449559686,1.086314183093,1.1121788065,
    1.138043429907,1.163908053314,1.189772676721,1.215637300127,
    1.241501923534,1.267366546941,1.293231170348,1.319095793755,
    1.344960417162,1.370825040569,1.396689663976,1.422554287383,
    1.44841891079,1.474283534197,1.500148157604,1.526012781011,
    1.551877404418,1.577742027825,1.603606651232,1.629471274639,
    1.655335898046,1.681200521453,1.70706514486,1.732929768267,
    1.758794391674,1.784659015081,1.810523638488,1.836388261895,
    1.862252885302,1.888117508709,1.913982132116,1.939846755523,
    1.96571137893,1.991576002337,2.017440625743,2.04330524915,
    2.069169872557,2.095034495964,2.120899119371,2.146763742778,
    2.172628366185,2.198492989592,2.224357612999,2.250222236406,
    2.276086859813,2.30195148322,2.327816106627,2.353680730034,
    2.379545353441,2.405409976848,2.431274600255,2.457139223662,
    2.483003847069,2.508868470476,2.534733093883,2.56059771729,
    2.586462340697,2.612326964104,2.638191587511,2.664056210918,
    2.689920834325,2.715785457732,2.741650081139,2.767514704546,
    2.793379327953,2.819243951359,2.845108574766,2.870973198173,
    2.89683782158,2.922702444987,2.948567068394,2.974431691801,
    3.000296315208,3.026160938615,3.052025562022,3.077890185429,
    3.103754808836,3.129619432243,3.15548405565,3.181348679057,
    3.207213302464,3.233077925871,3.258942549278,3.284807172685,
    3.310671796092,3.336536419499,3.362401042906,3.388265666313,
    3.41413028972,3.439994913127,3.465859536534,3.491724159941,
    3.517588783348,3.543453406755,3.569318030162,3.595182653569,
    3.621047276976,3.646911900382,3.672776523789,3.698641147196,
    3.724505770603,3.75037039401,3.776235017417,3.802099640824,
    3.827964264231,3.853828887638,3.879693511045,3.905558134452,
    3.931422757859,3.957287381266,3.983152004673),
  .QUASI_UNIFORM_KNOTS.);
#10299 = CARTESIAN_POINT('',(-6.726096351253,-21.085));
#10300 = CARTESIAN_POINT('',(-6.726096385602,-21.12094219746));
#10301 = CARTESIAN_POINT('',(-6.725892073397,-21.19282172011));
#10302 = CARTESIAN_POINT('',(-6.724973331589,-21.30052800054));
#10303 = CARTESIAN_POINT('',(-6.723443023381,-21.40802345333));
#10304 = CARTESIAN_POINT('',(-6.721302423234,-21.5152082854));
#10305 = CARTESIAN_POINT('',(-6.718553173516,-21.62198140218));
#10306 = CARTESIAN_POINT('',(-6.715197338806,-21.72824007711));
#10307 = CARTESIAN_POINT('',(-6.711237354717,-21.83388041389));
#10308 = CARTESIAN_POINT('',(-6.706676126082,-21.93879563607));
#10309 = CARTESIAN_POINT('',(-6.701516614786,-22.04288227415));
#10310 = CARTESIAN_POINT('',(-6.695764271616,-22.1459980762));
#10311 = CARTESIAN_POINT('',(-6.689421002334,-22.24807130522));
#10312 = CARTESIAN_POINT('',(-6.682488522377,-22.34901791613));
#10313 = CARTESIAN_POINT('',(-6.674968091785,-22.44874993506));
#10314 = CARTESIAN_POINT('',(-6.666860619251,-22.54717243313));
#10315 = CARTESIAN_POINT('',(-6.658166664852,-22.64418354616));
#10316 = CARTESIAN_POINT('',(-6.648886463795,-22.73967369254));
#10317 = CARTESIAN_POINT('',(-6.639019951868,-22.83352492914));
#10318 = CARTESIAN_POINT('',(-6.628566747049,-22.9256105334));
#10319 = CARTESIAN_POINT('',(-6.617526288125,-23.01579351925));
#10320 = CARTESIAN_POINT('',(-6.605897371702,-23.10392916797));
#10321 = CARTESIAN_POINT('',(-6.593679920263,-23.18985254206));
#10322 = CARTESIAN_POINT('',(-6.580868229018,-23.27342324677));
#10323 = CARTESIAN_POINT('',(-6.567456283945,-23.35447885618));
#10324 = CARTESIAN_POINT('',(-6.553441148576,-23.43281929138));
#10325 = CARTESIAN_POINT('',(-6.538819034517,-23.50823260767));
#10326 = CARTESIAN_POINT('',(-6.523584831869,-23.58049257217));
#10327 = CARTESIAN_POINT('',(-6.507742624944,-23.64931556749));
#10328 = CARTESIAN_POINT('',(-6.491289657619,-23.71443087732));
#10329 = CARTESIAN_POINT('',(-6.474247804743,-23.77547362891));
#10330 = CARTESIAN_POINT('',(-6.456548324778,-23.83236229017));
#10331 = CARTESIAN_POINT('',(-6.438211789902,-23.88464290869));
#10332 = CARTESIAN_POINT('',(-6.419305089146,-23.93177543528));
#10333 = CARTESIAN_POINT('',(-6.399884792309,-23.9733106424));
#10334 = CARTESIAN_POINT('',(-6.380012038118,-24.00884137665));
#10335 = CARTESIAN_POINT('',(-6.359748052022,-24.03801439089));
#10336 = CARTESIAN_POINT('',(-6.33915590969,-24.06052648784));
#10337 = CARTESIAN_POINT('',(-6.318296952061,-24.07612380279));
#10338 = CARTESIAN_POINT('',(-6.297242584188,-24.08460518253));
#10339 = CARTESIAN_POINT('',(-6.276030091274,-24.08580700457));
#10340 = CARTESIAN_POINT('',(-6.254870119638,-24.07966414063));
#10341 = CARTESIAN_POINT('',(-6.233856130146,-24.06628583934));
#10342 = CARTESIAN_POINT('',(-6.213070204173,-24.04584187461));
#10343 = CARTESIAN_POINT('',(-6.192596974404,-24.01858410672));
#10344 = CARTESIAN_POINT('',(-6.172518660035,-23.98483943348));
#10345 = CARTESIAN_POINT('',(-6.152920092551,-23.9450196063));
#10346 = CARTESIAN_POINT('',(-6.133871951407,-23.89959290359));
#10347 = CARTESIAN_POINT('',(-6.115383666702,-23.8489174825));
#10348 = CARTESIAN_POINT('',(-6.09747056953,-23.79335239478));
#10349 = CARTESIAN_POINT('',(-6.080145092976,-23.73324592106));
#10350 = CARTESIAN_POINT('',(-6.0634190025,-23.66893881801));
#10351 = CARTESIAN_POINT('',(-6.047303330313,-23.60076709982));
#10352 = CARTESIAN_POINT('',(-6.031806389181,-23.52905157864));
#10353 = CARTESIAN_POINT('',(-6.016941698436,-23.45414064352));
#10354 = CARTESIAN_POINT('',(-6.002697110151,-23.37624780401));
#10355 = CARTESIAN_POINT('',(-5.989060419627,-23.29554957455));
#10356 = CARTESIAN_POINT('',(-5.97603032996,-23.21226123833));
#10357 = CARTESIAN_POINT('',(-5.963602657252,-23.12656651672));
#10358 = CARTESIAN_POINT('',(-5.95176920585,-23.03859774143));
#10359 = CARTESIAN_POINT('',(-5.940529533012,-22.94852211793));
#10360 = CARTESIAN_POINT('',(-5.92988247465,-22.85648989021));
#10361 = CARTESIAN_POINT('',(-5.919827403599,-22.76264231743));
#10362 = CARTESIAN_POINT('',(-5.910363901356,-22.66711036596));
#10363 = CARTESIAN_POINT('',(-5.901491858673,-22.57001587643));
#10364 = CARTESIAN_POINT('',(-5.893211466418,-22.47147209188));
#10365 = CARTESIAN_POINT('',(-5.885523234651,-22.37158424297));
#10366 = CARTESIAN_POINT('',(-5.878428025886,-22.27045052008));
#10367 = CARTESIAN_POINT('',(-5.871927020027,-22.16816141711));
#10368 = CARTESIAN_POINT('',(-5.866021954518,-22.06480517828));
#10369 = CARTESIAN_POINT('',(-5.860714347648,-21.96045043733));
#10370 = CARTESIAN_POINT('',(-5.856009242569,-21.85522912376));
#10371 = CARTESIAN_POINT('',(-5.851910216556,-21.74925631592));
#10372 = CARTESIAN_POINT('',(-5.848420160957,-21.64263793373));
#10373 = CARTESIAN_POINT('',(-5.845541660869,-21.53548030902));
#10374 = CARTESIAN_POINT('',(-5.843276876775,-21.4278877351));
#10375 = CARTESIAN_POINT('',(-5.841627562371,-21.31996289338));
#10376 = CARTESIAN_POINT('',(-5.840595054482,-21.21180779284));
#10377 = CARTESIAN_POINT('',(-5.840180257654,-21.10351978079));
#10378 = CARTESIAN_POINT('',(-5.840383697759,-20.99520675574));
#10379 = CARTESIAN_POINT('',(-5.841205080894,-20.88699674526));
#10380 = CARTESIAN_POINT('',(-5.842643621772,-20.77898174655));
#10381 = CARTESIAN_POINT('',(-5.844698132738,-20.67126450832));
#10382 = CARTESIAN_POINT('',(-5.847367004933,-20.56394673523));
#10383 = CARTESIAN_POINT('',(-5.850648207802,-20.45713249058));
#10384 = CARTESIAN_POINT('',(-5.854539341017,-20.35092657739));
#10385 = CARTESIAN_POINT('',(-5.859037477792,-20.24543780784));
#10386 = CARTESIAN_POINT('',(-5.864139809128,-20.14076774085));
#10387 = CARTESIAN_POINT('',(-5.869840842745,-20.03706190066));
#10388 = CARTESIAN_POINT('',(-5.876138244501,-19.93439915956));
#10389 = CARTESIAN_POINT('',(-5.883030316699,-19.83286216961));
#10390 = CARTESIAN_POINT('',(-5.890515710989,-19.73253982813));
#10391 = CARTESIAN_POINT('',(-5.898593471102,-19.63352741521));
#10392 = CARTESIAN_POINT('',(-5.907262989836,-19.5359273645));
#10393 = CARTESIAN_POINT('',(-5.916523994755,-19.43984985292));
#10394 = CARTESIAN_POINT('',(-5.926376520656,-19.34541350549));
#10395 = CARTESIAN_POINT('',(-5.936820922667,-19.2527458449));
#10396 = CARTESIAN_POINT('',(-5.947857757065,-19.16198467117));
#10397 = CARTESIAN_POINT('',(-5.959488168391,-19.07327600017));
#10398 = CARTESIAN_POINT('',(-5.971712402406,-18.98678486083));
#10399 = CARTESIAN_POINT('',(-5.984535344758,-18.90265801672));
#10400 = CARTESIAN_POINT('',(-5.99796374215,-18.82105392408));
#10401 = CARTESIAN_POINT('',(-6.012000482674,-18.74217490057));
#10402 = CARTESIAN_POINT('',(-6.026649222524,-18.66623533743));
#10403 = CARTESIAN_POINT('',(-6.04191549772,-18.5934614229));
#10404 = CARTESIAN_POINT('',(-6.057795395352,-18.52413903879));
#10405 = CARTESIAN_POINT('',(-6.074291447708,-18.45854254479));
#10406 = CARTESIAN_POINT('',(-6.091382538247,-18.39703829659));
#10407 = CARTESIAN_POINT('',(-6.109132613531,-18.33972464183));
#10408 = CARTESIAN_POINT('',(-6.127529445482,-18.28703273708));
#10409 = CARTESIAN_POINT('',(-6.146503024785,-18.23952017817));
#10410 = CARTESIAN_POINT('',(-6.165996682243,-18.19764166346));
#10411 = CARTESIAN_POINT('',(-6.185948328673,-18.16181182387));
#10412 = CARTESIAN_POINT('',(-6.206295984471,-18.13238965017));
#10413 = CARTESIAN_POINT('',(-6.226975735022,-18.10968337412));
#10414 = CARTESIAN_POINT('',(-6.247925421256,-18.09395094645));
#10415 = CARTESIAN_POINT('',(-6.269072721099,-18.08539668351));
#10416 = CARTESIAN_POINT('',(-6.290379722203,-18.08418665189));
#10417 = CARTESIAN_POINT('',(-6.311633540785,-18.09038682127));
#10418 = CARTESIAN_POINT('',(-6.332739544316,-18.10388615543));
#10419 = CARTESIAN_POINT('',(-6.353614541266,-18.12451195728));
#10420 = CARTESIAN_POINT('',(-6.374172748374,-18.15200789839));
#10421 = CARTESIAN_POINT('',(-6.394330969356,-18.18604158694));
#10422 = CARTESIAN_POINT('',(-6.414002838769,-18.22619298976));
#10423 = CARTESIAN_POINT('',(-6.433118564776,-18.27198968206));
#10424 = CARTESIAN_POINT('',(-6.451669057141,-18.32307012801));
#10425 = CARTESIAN_POINT('',(-6.469638701871,-18.37907046807));
#10426 = CARTESIAN_POINT('',(-6.487014970701,-18.43963813988));
#10427 = CARTESIAN_POINT('',(-6.50378598532,-18.50442816106));
#10428 = CARTESIAN_POINT('',(-6.519940595992,-18.5731001885));
#10429 = CARTESIAN_POINT('',(-6.535470524748,-18.6453300056));
#10430 = CARTESIAN_POINT('',(-6.550361803287,-18.72076271767));
#10431 = CARTESIAN_POINT('',(-6.564629371853,-18.79919727567));
#10432 = CARTESIAN_POINT('',(-6.578283425049,-18.88044542527));
#10433 = CARTESIAN_POINT('',(-6.591325781535,-18.96429258708));
#10434 = CARTESIAN_POINT('',(-6.603760920184,-19.05055583866));
#10435 = CARTESIAN_POINT('',(-6.615596840198,-19.13910094176));
#10436 = CARTESIAN_POINT('',(-6.626833727551,-19.2297576616));
#10437 = CARTESIAN_POINT('',(-6.637472802041,-19.32237518582));
#10438 = CARTESIAN_POINT('',(-6.647514656021,-19.41681119395));
#10439 = CARTESIAN_POINT('',(-6.656959690067,-19.51293393897));
#10440 = CARTESIAN_POINT('',(-6.665807982854,-19.61062085396));
#10441 = CARTESIAN_POINT('',(-6.674059307695,-19.70975807067));
#10442 = CARTESIAN_POINT('',(-6.681713109702,-19.8102397895));
#10443 = CARTESIAN_POINT('',(-6.688768476076,-19.91196735623));
#10444 = CARTESIAN_POINT('',(-6.695224156253,-20.01484968459));
#10445 = CARTESIAN_POINT('',(-6.701078373015,-20.11879861288));
#10446 = CARTESIAN_POINT('',(-6.706329403805,-20.22374320291));
#10447 = CARTESIAN_POINT('',(-6.710971843475,-20.32954241701));
#10448 = CARTESIAN_POINT('',(-6.715002420881,-20.43608581816));
#10449 = CARTESIAN_POINT('',(-6.718418179748,-20.5432647039));
#10450 = CARTESIAN_POINT('',(-6.721216581678,-20.6509719666));
#10451 = CARTESIAN_POINT('',(-6.723395491605,-20.75910207644));
#10452 = CARTESIAN_POINT('',(-6.724953207802,-20.86755108964));
#10453 = CARTESIAN_POINT('',(-6.725888411891,-20.97621643273));
#10454 = CARTESIAN_POINT('',(-6.726096386934,-21.04873718259));
#10455 = CARTESIAN_POINT('',(-6.726096351253,-21.085));
#10456 = ( GEOMETRIC_REPRESENTATION_CONTEXT(2) 
PARAMETRIC_REPRESENTATION_CONTEXT() REPRESENTATION_CONTEXT('2D SPACE',''
  ) );
#10457 = ORIENTED_EDGE('',*,*,#10458,.T.);
#10458 = EDGE_CURVE('',#10029,#9174,#10459,.T.);
#10459 = SEAM_CURVE('',#10460,(#10464,#10471),.PCURVE_S1.);
#10460 = LINE('',#10461,#10462);
#10461 = CARTESIAN_POINT('',(0.,3.,-8.915));
#10462 = VECTOR('',#10463,1.);
#10463 = DIRECTION('',(1.,0.,0.));
#10464 = PCURVE('',#9215,#10465);
#10465 = DEFINITIONAL_REPRESENTATION('',(#10466),#10470);
#10466 = LINE('',#10467,#10468);
#10467 = CARTESIAN_POINT('',(-0.,0.));
#10468 = VECTOR('',#10469,1.);
#10469 = DIRECTION('',(-0.,-1.));
#10470 = ( GEOMETRIC_REPRESENTATION_CONTEXT(2) 
PARAMETRIC_REPRESENTATION_CONTEXT() REPRESENTATION_CONTEXT('2D SPACE',''
  ) );
#10471 = PCURVE('',#9215,#10472);
#10472 = DEFINITIONAL_REPRESENTATION('',(#10473),#10477);
#10473 = LINE('',#10474,#10475);
#10474 = CARTESIAN_POINT('',(-6.28318530718,0.));
#10475 = VECTOR('',#10476,1.);
#10476 = DIRECTION('',(-0.,-1.));
#10477 = ( GEOMETRIC_REPRESENTATION_CONTEXT(2) 
PARAMETRIC_REPRESENTATION_CONTEXT() REPRESENTATION_CONTEXT('2D SPACE',''
  ) );
#10478 = ORIENTED_EDGE('',*,*,#9240,.T.);
#10479 = ORIENTED_EDGE('',*,*,#9342,.T.);
#10480 = ORIENTED_EDGE('',*,*,#9173,.T.);
#10481 = ORIENTED_EDGE('',*,*,#10458,.F.);
#10482 = ADVANCED_FACE('',(#10483),#8936,.T.);
#10483 = FACE_BOUND('',#10484,.T.);
#10484 = EDGE_LOOP('',(#10485,#10486,#10487,#10488));
#10485 = ORIENTED_EDGE('',*,*,#9126,.T.);
#10486 = ORIENTED_EDGE('',*,*,#8974,.T.);
#10487 = ORIENTED_EDGE('',*,*,#8921,.F.);
#10488 = ORIENTED_EDGE('',*,*,#10489,.F.);
#10489 = EDGE_CURVE('',#9106,#8896,#10490,.T.);
#10490 = SURFACE_CURVE('',#10491,(#10495,#10502),.PCURVE_S1.);
#10491 = LINE('',#10492,#10493);
#10492 = CARTESIAN_POINT('',(2.5,-9.3,-30.));
#10493 = VECTOR('',#10494,1.);
#10494 = DIRECTION('',(0.,0.,1.));
#10495 = PCURVE('',#8936,#10496);
#10496 = DEFINITIONAL_REPRESENTATION('',(#10497),#10501);
#10497 = LINE('',#10498,#10499);
#10498 = CARTESIAN_POINT('',(5.,0.));
#10499 = VECTOR('',#10500,1.);
#10500 = DIRECTION('',(0.,-1.));
#10501 = ( GEOMETRIC_REPRESENTATION_CONTEXT(2) 
PARAMETRIC_REPRESENTATION_CONTEXT() REPRESENTATION_CONTEXT('2D SPACE',''
  ) );
#10502 = PCURVE('',#8910,#10503);
#10503 = DEFINITIONAL_REPRESENTATION('',(#10504),#10508);
#10504 = LINE('',#10505,#10506);
#10505 = CARTESIAN_POINT('',(0.,0.));
#10506 = VECTOR('',#10507,1.);
#10507 = DIRECTION('',(0.,-1.));
#10508 = ( GEOMETRIC_REPRESENTATION_CONTEXT(2) 
PARAMETRIC_REPRESENTATION_CONTEXT() REPRESENTATION_CONTEXT('2D SPACE',''
  ) );
#10509 = ADVANCED_FACE('',(#10510),#8910,.T.);
#10510 = FACE_BOUND('',#10511,.T.);
#10511 = EDGE_LOOP('',(#10512,#10513,#10514,#10515));
#10512 = ORIENTED_EDGE('',*,*,#9105,.T.);
#10513 = ORIENTED_EDGE('',*,*,#10489,.T.);
#10514 = ORIENTED_EDGE('',*,*,#8895,.F.);
#10515 = ORIENTED_EDGE('',*,*,#10516,.T.);
#10516 = EDGE_CURVE('',#8863,#9078,#10517,.T.);
#10517 = SURFACE_CURVE('',#10518,(#10522,#10528),.PCURVE_S1.);
#10518 = LINE('',#10519,#10520);
#10519 = CARTESIAN_POINT('',(2.5,-6.538348415311,-30.));
#10520 = VECTOR('',#10521,1.);
#10521 = DIRECTION('',(-0.,-0.,-1.));
#10522 = PCURVE('',#8910,#10523);
#10523 = DEFINITIONAL_REPRESENTATION('',(#10524),#10527);
#10524 = B_SPLINE_CURVE_WITH_KNOTS('',1,(#10525,#10526),.UNSPECIFIED.,
  .F.,.F.,(2,2),(-32.1350006,-13.0849994),.PIECEWISE_BEZIER_KNOTS.);
#10525 = CARTESIAN_POINT('',(2.761651584689,-32.1350006));
#10526 = CARTESIAN_POINT('',(2.761651584689,-13.0849994));
#10527 = ( GEOMETRIC_REPRESENTATION_CONTEXT(2) 
PARAMETRIC_REPRESENTATION_CONTEXT() REPRESENTATION_CONTEXT('2D SPACE',''
  ) );
#10528 = PCURVE('',#8883,#10529);
#10529 = DEFINITIONAL_REPRESENTATION('',(#10530),#10533);
#10530 = B_SPLINE_CURVE_WITH_KNOTS('',1,(#10531,#10532),.UNSPECIFIED.,
  .F.,.F.,(2,2),(-32.135,-13.085),.PIECEWISE_BEZIER_KNOTS.);
#10531 = CARTESIAN_POINT('',(-5.077596201675,-32.135));
#10532 = CARTESIAN_POINT('',(-5.077596201675,-13.085));
#10533 = ( GEOMETRIC_REPRESENTATION_CONTEXT(2) 
PARAMETRIC_REPRESENTATION_CONTEXT() REPRESENTATION_CONTEXT('2D SPACE',''
  ) );
#10534 = ADVANCED_FACE('',(#10535,#10541,#10544),#8883,.F.);
#10535 = FACE_BOUND('',#10536,.T.);
#10536 = EDGE_LOOP('',(#10537,#10538,#10539,#10540));
#10537 = ORIENTED_EDGE('',*,*,#9077,.T.);
#10538 = ORIENTED_EDGE('',*,*,#10516,.F.);
#10539 = ORIENTED_EDGE('',*,*,#8860,.F.);
#10540 = ORIENTED_EDGE('',*,*,#9023,.T.);
#10541 = FACE_BOUND('',#10542,.T.);
#10542 = EDGE_LOOP('',(#10543));
#10543 = ORIENTED_EDGE('',*,*,#10028,.T.);
#10544 = FACE_BOUND('',#10545,.T.);
#10545 = EDGE_LOOP('',(#10546));
#10546 = ORIENTED_EDGE('',*,*,#9622,.F.);
#10547 = ADVANCED_FACE('',(#10548),#128,.T.);
#10548 = FACE_BOUND('',#10549,.T.);
#10549 = EDGE_LOOP('',(#10550,#10571,#10572,#10573));
#10550 = ORIENTED_EDGE('',*,*,#10551,.F.);
#10551 = EDGE_CURVE('',#8654,#24,#10552,.T.);
#10552 = SURFACE_CURVE('',#10553,(#10557,#10564),.PCURVE_S1.);
#10553 = LINE('',#10554,#10555);
#10554 = CARTESIAN_POINT('',(28.019001816494,6.879822792996,-2.135));
#10555 = VECTOR('',#10556,1.);
#10556 = DIRECTION('',(0.999036887699,4.387820663083E-02,0.));
#10557 = PCURVE('',#128,#10558);
#10558 = DEFINITIONAL_REPRESENTATION('',(#10559),#10563);
#10559 = LINE('',#10560,#10561);
#10560 = CARTESIAN_POINT('',(0.,0.));
#10561 = VECTOR('',#10562,1.);
#10562 = DIRECTION('',(1.,0.));
#10563 = ( GEOMETRIC_REPRESENTATION_CONTEXT(2) 
PARAMETRIC_REPRESENTATION_CONTEXT() REPRESENTATION_CONTEXT('2D SPACE',''
  ) );
#10564 = PCURVE('',#45,#10565);
#10565 = DEFINITIONAL_REPRESENTATION('',(#10566),#10570);
#10566 = LINE('',#10567,#10568);
#10567 = CARTESIAN_POINT('',(28.019001816494,6.879822792996));
#10568 = VECTOR('',#10569,1.);
#10569 = DIRECTION('',(0.999036887699,4.387820663083E-02));
#10570 = ( GEOMETRIC_REPRESENTATION_CONTEXT(2) 
PARAMETRIC_REPRESENTATION_CONTEXT() REPRESENTATION_CONTEXT('2D SPACE',''
  ) );
#10571 = ORIENTED_EDGE('',*,*,#8700,.T.);
#10572 = ORIENTED_EDGE('',*,*,#8726,.T.);
#10573 = ORIENTED_EDGE('',*,*,#114,.T.);
#10574 = ADVANCED_FACE('',(#10575,#10691),#45,.F.);
#10575 = FACE_BOUND('',#10576,.F.);
#10576 = EDGE_LOOP('',(#10577,#10578,#10579,#10580,#10581,#10582,#10583,
    #10584,#10585,#10586,#10587,#10588,#10589,#10590,#10591,#10592,
    #10593,#10594,#10595,#10596,#10597,#10598,#10599,#10600,#10601,
    #10602,#10603,#10604,#10605,#10606,#10607,#10608,#10609,#10610,
    #10611,#10612,#10613,#10614,#10615,#10616,#10617,#10618,#10619,
    #10620,#10621,#10622,#10623,#10624,#10625,#10626,#10627,#10628,
    #10629,#10630,#10631,#10632,#10633,#10634,#10635,#10636,#10637,
    #10638,#10639,#10640,#10641,#10642,#10643,#10644,#10645,#10646,
    #10647,#10648,#10649,#10650,#10651,#10652,#10653,#10654,#10655,
    #10656,#10657,#10658,#10659,#10660,#10661,#10662,#10663,#10664,
    #10665,#10666,#10667,#10668,#10669,#10670,#10671,#10672,#10673,
    #10674,#10675,#10676,#10677,#10678,#10679,#10680,#10681,#10682,
    #10683,#10684,#10685,#10686,#10687,#10688,#10689,#10690));
#10577 = ORIENTED_EDGE('',*,*,#143,.F.);
#10578 = ORIENTED_EDGE('',*,*,#21,.T.);
#10579 = ORIENTED_EDGE('',*,*,#10551,.F.);
#10580 = ORIENTED_EDGE('',*,*,#8653,.F.);
#10581 = ORIENTED_EDGE('',*,*,#8575,.F.);
#10582 = ORIENTED_EDGE('',*,*,#8499,.F.);
#10583 = ORIENTED_EDGE('',*,*,#8423,.F.);
#10584 = ORIENTED_EDGE('',*,*,#8345,.T.);
#10585 = ORIENTED_EDGE('',*,*,#8269,.F.);
#10586 = ORIENTED_EDGE('',*,*,#8193,.F.);
#10587 = ORIENTED_EDGE('',*,*,#8115,.F.);
#10588 = ORIENTED_EDGE('',*,*,#8039,.F.);
#10589 = ORIENTED_EDGE('',*,*,#7963,.F.);
#10590 = ORIENTED_EDGE('',*,*,#7885,.T.);
#10591 = ORIENTED_EDGE('',*,*,#7809,.F.);
#10592 = ORIENTED_EDGE('',*,*,#7733,.F.);
#10593 = ORIENTED_EDGE('',*,*,#7655,.F.);
#10594 = ORIENTED_EDGE('',*,*,#7579,.F.);
#10595 = ORIENTED_EDGE('',*,*,#7503,.F.);
#10596 = ORIENTED_EDGE('',*,*,#7425,.T.);
#10597 = ORIENTED_EDGE('',*,*,#7349,.F.);
#10598 = ORIENTED_EDGE('',*,*,#7273,.F.);
#10599 = ORIENTED_EDGE('',*,*,#7195,.F.);
#10600 = ORIENTED_EDGE('',*,*,#7119,.F.);
#10601 = ORIENTED_EDGE('',*,*,#7043,.F.);
#10602 = ORIENTED_EDGE('',*,*,#6965,.T.);
#10603 = ORIENTED_EDGE('',*,*,#6889,.F.);
#10604 = ORIENTED_EDGE('',*,*,#6813,.F.);
#10605 = ORIENTED_EDGE('',*,*,#6735,.F.);
#10606 = ORIENTED_EDGE('',*,*,#6659,.F.);
#10607 = ORIENTED_EDGE('',*,*,#6583,.F.);
#10608 = ORIENTED_EDGE('',*,*,#6505,.T.);
#10609 = ORIENTED_EDGE('',*,*,#6429,.F.);
#10610 = ORIENTED_EDGE('',*,*,#6353,.F.);
#10611 = ORIENTED_EDGE('',*,*,#6275,.F.);
#10612 = ORIENTED_EDGE('',*,*,#6199,.F.);
#10613 = ORIENTED_EDGE('',*,*,#6123,.F.);
#10614 = ORIENTED_EDGE('',*,*,#6045,.T.);
#10615 = ORIENTED_EDGE('',*,*,#5969,.F.);
#10616 = ORIENTED_EDGE('',*,*,#5893,.F.);
#10617 = ORIENTED_EDGE('',*,*,#5815,.F.);
#10618 = ORIENTED_EDGE('',*,*,#5739,.F.);
#10619 = ORIENTED_EDGE('',*,*,#5663,.F.);
#10620 = ORIENTED_EDGE('',*,*,#5585,.T.);
#10621 = ORIENTED_EDGE('',*,*,#5509,.F.);
#10622 = ORIENTED_EDGE('',*,*,#5433,.F.);
#10623 = ORIENTED_EDGE('',*,*,#5355,.F.);
#10624 = ORIENTED_EDGE('',*,*,#5279,.F.);
#10625 = ORIENTED_EDGE('',*,*,#5203,.F.);
#10626 = ORIENTED_EDGE('',*,*,#5125,.T.);
#10627 = ORIENTED_EDGE('',*,*,#5049,.F.);
#10628 = ORIENTED_EDGE('',*,*,#4973,.F.);
#10629 = ORIENTED_EDGE('',*,*,#4895,.F.);
#10630 = ORIENTED_EDGE('',*,*,#4819,.F.);
#10631 = ORIENTED_EDGE('',*,*,#4743,.F.);
#10632 = ORIENTED_EDGE('',*,*,#4665,.T.);
#10633 = ORIENTED_EDGE('',*,*,#4589,.F.);
#10634 = ORIENTED_EDGE('',*,*,#4513,.F.);
#10635 = ORIENTED_EDGE('',*,*,#4435,.F.);
#10636 = ORIENTED_EDGE('',*,*,#4359,.F.);
#10637 = ORIENTED_EDGE('',*,*,#4283,.F.);
#10638 = ORIENTED_EDGE('',*,*,#4205,.T.);
#10639 = ORIENTED_EDGE('',*,*,#4129,.F.);
#10640 = ORIENTED_EDGE('',*,*,#4053,.F.);
#10641 = ORIENTED_EDGE('',*,*,#3975,.F.);
#10642 = ORIENTED_EDGE('',*,*,#3899,.F.);
#10643 = ORIENTED_EDGE('',*,*,#3823,.F.);
#10644 = ORIENTED_EDGE('',*,*,#3745,.T.);
#10645 = ORIENTED_EDGE('',*,*,#3669,.F.);
#10646 = ORIENTED_EDGE('',*,*,#3593,.F.);
#10647 = ORIENTED_EDGE('',*,*,#3515,.F.);
#10648 = ORIENTED_EDGE('',*,*,#3439,.F.);
#10649 = ORIENTED_EDGE('',*,*,#3363,.F.);
#10650 = ORIENTED_EDGE('',*,*,#3285,.T.);
#10651 = ORIENTED_EDGE('',*,*,#3209,.F.);
#10652 = ORIENTED_EDGE('',*,*,#3133,.F.);
#10653 = ORIENTED_EDGE('',*,*,#3055,.F.);
#10654 = ORIENTED_EDGE('',*,*,#2979,.F.);
#10655 = ORIENTED_EDGE('',*,*,#2903,.F.);
#10656 = ORIENTED_EDGE('',*,*,#2825,.T.);
#10657 = ORIENTED_EDGE('',*,*,#2749,.F.);
#10658 = ORIENTED_EDGE('',*,*,#2673,.F.);
#10659 = ORIENTED_EDGE('',*,*,#2595,.F.);
#10660 = ORIENTED_EDGE('',*,*,#2519,.F.);
#10661 = ORIENTED_EDGE('',*,*,#2443,.F.);
#10662 = ORIENTED_EDGE('',*,*,#2365,.T.);
#10663 = ORIENTED_EDGE('',*,*,#2289,.F.);
#10664 = ORIENTED_EDGE('',*,*,#2213,.F.);
#10665 = ORIENTED_EDGE('',*,*,#2135,.F.);
#10666 = ORIENTED_EDGE('',*,*,#2059,.F.);
#10667 = ORIENTED_EDGE('',*,*,#1983,.F.);
#10668 = ORIENTED_EDGE('',*,*,#1905,.T.);
#10669 = ORIENTED_EDGE('',*,*,#1829,.F.);
#10670 = ORIENTED_EDGE('',*,*,#1753,.F.);
#10671 = ORIENTED_EDGE('',*,*,#1675,.F.);
#10672 = ORIENTED_EDGE('',*,*,#1599,.F.);
#10673 = ORIENTED_EDGE('',*,*,#1523,.F.);
#10674 = ORIENTED_EDGE('',*,*,#1445,.T.);
#10675 = ORIENTED_EDGE('',*,*,#1369,.F.);
#10676 = ORIENTED_EDGE('',*,*,#1293,.F.);
#10677 = ORIENTED_EDGE('',*,*,#1215,.F.);
#10678 = ORIENTED_EDGE('',*,*,#1139,.F.);
#10679 = ORIENTED_EDGE('',*,*,#1063,.F.);
#10680 = ORIENTED_EDGE('',*,*,#985,.T.);
#10681 = ORIENTED_EDGE('',*,*,#909,.F.);
#10682 = ORIENTED_EDGE('',*,*,#833,.F.);
#10683 = ORIENTED_EDGE('',*,*,#755,.F.);
#10684 = ORIENTED_EDGE('',*,*,#679,.F.);
#10685 = ORIENTED_EDGE('',*,*,#603,.F.);
#10686 = ORIENTED_EDGE('',*,*,#525,.T.);
#10687 = ORIENTED_EDGE('',*,*,#449,.F.);
#10688 = ORIENTED_EDGE('',*,*,#373,.F.);
#10689 = ORIENTED_EDGE('',*,*,#295,.F.);
#10690 = ORIENTED_EDGE('',*,*,#219,.F.);
#10691 = FACE_BOUND('',#10692,.F.);
#10692 = EDGE_LOOP('',(#10693));
#10693 = ORIENTED_EDGE('',*,*,#9319,.F.);
#10694 = ( GEOMETRIC_REPRESENTATION_CONTEXT(3) 
GLOBAL_UNCERTAINTY_ASSIGNED_CONTEXT((#10698)) 
GLOBAL_UNIT_ASSIGNED_CONTEXT((#10695,#10696,#10697)) 
REPRESENTATION_CONTEXT('Context #1',
  '3D Context with UNIT and UNCERTAINTY') );
#10695 = ( LENGTH_UNIT() NAMED_UNIT(*) SI_UNIT(.MILLI.,.METRE.) );
#10696 = ( NAMED_UNIT(*) PLANE_ANGLE_UNIT() SI_UNIT($,.RADIAN.) );
#10697 = ( NAMED_UNIT(*) SI_UNIT($,.STERADIAN.) SOLID_ANGLE_UNIT() );
#10698 = UNCERTAINTY_MEASURE_WITH_UNIT(LENGTH_MEASURE(1.E-07),#10695,
  'distance_accuracy_value','confusion accuracy');
#10699 = PRODUCT_RELATED_PRODUCT_CATEGORY('part',$,(#7));
ENDSEC;
END-ISO-10303-21;
