ISO-10303-21;
HEADER;
FILE_DESCRIPTION(('Open CASCADE Model'),'2;1');
FILE_NAME('mounting_plate_servos_above','2000-01-01T00:00:00',('Author')
  ,('Open CASCADE'),'Open CASCADE STEP processor 7.9','cadgen','Unknown'
  );
FILE_SCHEMA(('AUTOMOTIVE_DESIGN { 1 0 10303 214 1 1 1 1 }'));
ENDSEC;
DATA;
#1 = APPLICATION_PROTOCOL_DEFINITION('international standard',
  'automotive_design',2000,#2);
#2 = APPLICATION_CONTEXT(
  'core data for automotive mechanical design processes');
#3 = SHAPE_DEFINITION_REPRESENTATION(#4,#10);
#4 = PRODUCT_DEFINITION_SHAPE('','',#5);
#5 = PRODUCT_DEFINITION('design','',#6,#9);
#6 = PRODUCT_DEFINITION_FORMATION('','',#7);
#7 = PRODUCT('mounting_plate_servos_above','mounting_plate_servos_above'
  ,'',(#8));
#8 = PRODUCT_CONTEXT('',#2,'mechanical');
#9 = PRODUCT_DEFINITION_CONTEXT('part definition',#2,'design');
#10 = SHAPE_REPRESENTATION('',(#11,#15,#19,#23,#27,#31),#35);
#11 = AXIS2_PLACEMENT_3D('',#12,#13,#14);
#12 = CARTESIAN_POINT('',(0.,0.,0.));
#13 = DIRECTION('',(0.,0.,1.));
#14 = DIRECTION('',(1.,0.,0.));
#15 = AXIS2_PLACEMENT_3D('',#16,#17,#18);
#16 = CARTESIAN_POINT('',(0.,0.,0.));
#17 = DIRECTION('',(0.,0.,1.));
#18 = DIRECTION('',(1.,0.,0.));
#19 = AXIS2_PLACEMENT_3D('',#20,#21,#22);
#20 = CARTESIAN_POINT('',(0.,0.,-95.9));
#21 = DIRECTION('',(0.,0.,1.));
#22 = DIRECTION('',(1.,0.,0.));
#23 = AXIS2_PLACEMENT_3D('',#24,#25,#26);
#24 = CARTESIAN_POINT('',(0.,0.,0.));
#25 = DIRECTION('',(0.,0.,1.));
#26 = DIRECTION('',(1.,0.,0.));
#27 = AXIS2_PLACEMENT_3D('',#28,#29,#30);
#28 = CARTESIAN_POINT('',(0.,0.,-95.9));
#29 = DIRECTION('',(0.,0.,1.));
#30 = DIRECTION('',(1.,0.,0.));
#31 = AXIS2_PLACEMENT_3D('',#32,#33,#34);
#32 = CARTESIAN_POINT('',(0.,0.,0.));
#33 = DIRECTION('',(0.,0.,1.));
#34 = DIRECTION('',(1.,0.,0.));
#35 = ( GEOMETRIC_REPRESENTATION_CONTEXT(3) 
GLOBAL_UNCERTAINTY_ASSIGNED_CONTEXT((#39)) GLOBAL_UNIT_ASSIGNED_CONTEXT(
(#36,#37,#38)) REPRESENTATION_CONTEXT('Context #1',
  '3D Context with UNIT and UNCERTAINTY') );
#36 = ( LENGTH_UNIT() NAMED_UNIT(*) SI_UNIT(.MILLI.,.METRE.) );
#37 = ( NAMED_UNIT(*) PLANE_ANGLE_UNIT() SI_UNIT($,.RADIAN.) );
#38 = ( NAMED_UNIT(*) SI_UNIT($,.STERADIAN.) SOLID_ANGLE_UNIT() );
#39 = UNCERTAINTY_MEASURE_WITH_UNIT(LENGTH_MEASURE(1.E-07),#36,
  'distance_accuracy_value','confusion accuracy');
#40 = PRODUCT_RELATED_PRODUCT_CATEGORY('part',$,(#7));
#41 = SHAPE_DEFINITION_REPRESENTATION(#42,#48);
#42 = PRODUCT_DEFINITION_SHAPE('','',#43);
#43 = PRODUCT_DEFINITION('design','',#44,#47);
#44 = PRODUCT_DEFINITION_FORMATION('','',#45);
#45 = PRODUCT('plate','plate','',(#46));
#46 = PRODUCT_CONTEXT('',#2,'mechanical');
#47 = PRODUCT_DEFINITION_CONTEXT('part definition',#2,'design');
#48 = ADVANCED_BREP_SHAPE_REPRESENTATION('',(#11,#49),#4069);
#49 = MANIFOLD_SOLID_BREP('',#50);
#50 = CLOSED_SHELL('',(#51,#171,#247,#323,#1285,#2010,#2037,#2064,#2092,
    #2124,#2151,#2178,#2205,#2232,#2379,#2406,#2455,#2482,#2608,#2635,
    #2662,#2689,#2836,#2868,#2917,#2945,#3071,#3098,#3105,#3132,#3159,
    #3186,#3213,#3240,#3267,#3343,#3547,#3596,#3753,#3779,#3805,#3832,
    #3839,#3866,#3893,#3900,#3927,#3934,#3961,#3988,#4015,#4042));
#51 = ADVANCED_FACE('',(#52),#66,.T.);
#52 = FACE_BOUND('',#53,.T.);
#53 = EDGE_LOOP('',(#54,#89,#117,#145));
#54 = ORIENTED_EDGE('',*,*,#55,.T.);
#55 = EDGE_CURVE('',#56,#58,#60,.T.);
#56 = VERTEX_POINT('',#57);
#57 = CARTESIAN_POINT('',(-130.,-29.25,-75.8));
#58 = VERTEX_POINT('',#59);
#59 = CARTESIAN_POINT('',(-130.,-35.25,-75.8));
#60 = SURFACE_CURVE('',#61,(#65,#77),.PCURVE_S1.);
#61 = LINE('',#62,#63);
#62 = CARTESIAN_POINT('',(-130.,-29.25,-75.8));
#63 = VECTOR('',#64,1.);
#64 = DIRECTION('',(0.,-1.,0.));
#65 = PCURVE('',#66,#71);
#66 = PLANE('',#67);
#67 = AXIS2_PLACEMENT_3D('',#68,#69,#70);
#68 = CARTESIAN_POINT('',(-130.,-29.25,-75.8));
#69 = DIRECTION('',(-1.,0.,0.));
#70 = DIRECTION('',(0.,0.,1.));
#71 = DEFINITIONAL_REPRESENTATION('',(#72),#76);
#72 = LINE('',#73,#74);
#73 = CARTESIAN_POINT('',(0.,0.));
#74 = VECTOR('',#75,1.);
#75 = DIRECTION('',(0.,-1.));
#76 = ( GEOMETRIC_REPRESENTATION_CONTEXT(2) 
PARAMETRIC_REPRESENTATION_CONTEXT() REPRESENTATION_CONTEXT('2D SPACE',''
  ) );
#77 = PCURVE('',#78,#83);
#78 = PLANE('',#79);
#79 = AXIS2_PLACEMENT_3D('',#80,#81,#82);
#80 = CARTESIAN_POINT('',(-57.1,-29.25,-75.8));
#81 = DIRECTION('',(0.,0.,-1.));
#82 = DIRECTION('',(-1.,0.,0.));
#83 = DEFINITIONAL_REPRESENTATION('',(#84),#88);
#84 = LINE('',#85,#86);
#85 = CARTESIAN_POINT('',(72.9,0.));
#86 = VECTOR('',#87,1.);
#87 = DIRECTION('',(0.,-1.));
#88 = ( GEOMETRIC_REPRESENTATION_CONTEXT(2) 
PARAMETRIC_REPRESENTATION_CONTEXT() REPRESENTATION_CONTEXT('2D SPACE',''
  ) );
#89 = ORIENTED_EDGE('',*,*,#90,.T.);
#90 = EDGE_CURVE('',#58,#91,#93,.T.);
#91 = VERTEX_POINT('',#92);
#92 = CARTESIAN_POINT('',(-130.,-35.25,-7.8));
#93 = SURFACE_CURVE('',#94,(#98,#105),.PCURVE_S1.);
#94 = LINE('',#95,#96);
#95 = CARTESIAN_POINT('',(-130.,-35.25,-75.8));
#96 = VECTOR('',#97,1.);
#97 = DIRECTION('',(0.,0.,1.));
#98 = PCURVE('',#66,#99);
#99 = DEFINITIONAL_REPRESENTATION('',(#100),#104);
#100 = LINE('',#101,#102);
#101 = CARTESIAN_POINT('',(0.,-6.));
#102 = VECTOR('',#103,1.);
#103 = DIRECTION('',(1.,0.));
#104 = ( GEOMETRIC_REPRESENTATION_CONTEXT(2) 
PARAMETRIC_REPRESENTATION_CONTEXT() REPRESENTATION_CONTEXT('2D SPACE',''
  ) );
#105 = PCURVE('',#106,#111);
#106 = PLANE('',#107);
#107 = AXIS2_PLACEMENT_3D('',#108,#109,#110);
#108 = CARTESIAN_POINT('',(-61.43194817089,-35.25,-38.65385048442));
#109 = DIRECTION('',(0.,1.,0.));
#110 = DIRECTION('',(-1.,0.,0.));
#111 = DEFINITIONAL_REPRESENTATION('',(#112),#116);
#112 = LINE('',#113,#114);
#113 = CARTESIAN_POINT('',(68.568051829103,-37.14614951557));
#114 = VECTOR('',#115,1.);
#115 = DIRECTION('',(0.,1.));
#116 = ( GEOMETRIC_REPRESENTATION_CONTEXT(2) 
PARAMETRIC_REPRESENTATION_CONTEXT() REPRESENTATION_CONTEXT('2D SPACE',''
  ) );
#117 = ORIENTED_EDGE('',*,*,#118,.F.);
#118 = EDGE_CURVE('',#119,#91,#121,.T.);
#119 = VERTEX_POINT('',#120);
#120 = CARTESIAN_POINT('',(-130.,-29.25,-7.8));
#121 = SURFACE_CURVE('',#122,(#126,#133),.PCURVE_S1.);
#122 = LINE('',#123,#124);
#123 = CARTESIAN_POINT('',(-130.,-29.25,-7.8));
#124 = VECTOR('',#125,1.);
#125 = DIRECTION('',(0.,-1.,0.));
#126 = PCURVE('',#66,#127);
#127 = DEFINITIONAL_REPRESENTATION('',(#128),#132);
#128 = LINE('',#129,#130);
#129 = CARTESIAN_POINT('',(68.,0.));
#130 = VECTOR('',#131,1.);
#131 = DIRECTION('',(0.,-1.));
#132 = ( GEOMETRIC_REPRESENTATION_CONTEXT(2) 
PARAMETRIC_REPRESENTATION_CONTEXT() REPRESENTATION_CONTEXT('2D SPACE',''
  ) );
#133 = PCURVE('',#134,#139);
#134 = PLANE('',#135);
#135 = AXIS2_PLACEMENT_3D('',#136,#137,#138);
#136 = CARTESIAN_POINT('',(-130.,-29.25,-7.8));
#137 = DIRECTION('',(0.,0.,1.));
#138 = DIRECTION('',(1.,0.,0.));
#139 = DEFINITIONAL_REPRESENTATION('',(#140),#144);
#140 = LINE('',#141,#142);
#141 = CARTESIAN_POINT('',(0.,0.));
#142 = VECTOR('',#143,1.);
#143 = DIRECTION('',(0.,-1.));
#144 = ( GEOMETRIC_REPRESENTATION_CONTEXT(2) 
PARAMETRIC_REPRESENTATION_CONTEXT() REPRESENTATION_CONTEXT('2D SPACE',''
  ) );
#145 = ORIENTED_EDGE('',*,*,#146,.F.);
#146 = EDGE_CURVE('',#56,#119,#147,.T.);
#147 = SURFACE_CURVE('',#148,(#152,#159),.PCURVE_S1.);
#148 = LINE('',#149,#150);
#149 = CARTESIAN_POINT('',(-130.,-29.25,-75.8));
#150 = VECTOR('',#151,1.);
#151 = DIRECTION('',(0.,0.,1.));
#152 = PCURVE('',#66,#153);
#153 = DEFINITIONAL_REPRESENTATION('',(#154),#158);
#154 = LINE('',#155,#156);
#155 = CARTESIAN_POINT('',(0.,0.));
#156 = VECTOR('',#157,1.);
#157 = DIRECTION('',(1.,0.));
#158 = ( GEOMETRIC_REPRESENTATION_CONTEXT(2) 
PARAMETRIC_REPRESENTATION_CONTEXT() REPRESENTATION_CONTEXT('2D SPACE',''
  ) );
#159 = PCURVE('',#160,#165);
#160 = PLANE('',#161);
#161 = AXIS2_PLACEMENT_3D('',#162,#163,#164);
#162 = CARTESIAN_POINT('',(-61.43194817089,-29.25,-38.65385048442));
#163 = DIRECTION('',(0.,1.,0.));
#164 = DIRECTION('',(-1.,0.,0.));
#165 = DEFINITIONAL_REPRESENTATION('',(#166),#170);
#166 = LINE('',#167,#168);
#167 = CARTESIAN_POINT('',(68.568051829103,-37.14614951557));
#168 = VECTOR('',#169,1.);
#169 = DIRECTION('',(0.,1.));
#170 = ( GEOMETRIC_REPRESENTATION_CONTEXT(2) 
PARAMETRIC_REPRESENTATION_CONTEXT() REPRESENTATION_CONTEXT('2D SPACE',''
  ) );
#171 = ADVANCED_FACE('',(#172),#78,.T.);
#172 = FACE_BOUND('',#173,.T.);
#173 = EDGE_LOOP('',(#174,#204,#225,#226));
#174 = ORIENTED_EDGE('',*,*,#175,.T.);
#175 = EDGE_CURVE('',#176,#178,#180,.T.);
#176 = VERTEX_POINT('',#177);
#177 = CARTESIAN_POINT('',(-57.1,-29.25,-75.8));
#178 = VERTEX_POINT('',#179);
#179 = CARTESIAN_POINT('',(-57.1,-35.25,-75.8));
#180 = SURFACE_CURVE('',#181,(#185,#192),.PCURVE_S1.);
#181 = LINE('',#182,#183);
#182 = CARTESIAN_POINT('',(-57.1,-29.25,-75.8));
#183 = VECTOR('',#184,1.);
#184 = DIRECTION('',(0.,-1.,0.));
#185 = PCURVE('',#78,#186);
#186 = DEFINITIONAL_REPRESENTATION('',(#187),#191);
#187 = LINE('',#188,#189);
#188 = CARTESIAN_POINT('',(0.,0.));
#189 = VECTOR('',#190,1.);
#190 = DIRECTION('',(0.,-1.));
#191 = ( GEOMETRIC_REPRESENTATION_CONTEXT(2) 
PARAMETRIC_REPRESENTATION_CONTEXT() REPRESENTATION_CONTEXT('2D SPACE',''
  ) );
#192 = PCURVE('',#193,#198);
#193 = PLANE('',#194);
#194 = AXIS2_PLACEMENT_3D('',#195,#196,#197);
#195 = CARTESIAN_POINT('',(-37.,-29.25,-95.9));
#196 = DIRECTION('',(-0.707106781187,0.,-0.707106781187));
#197 = DIRECTION('',(-0.707106781187,0.,0.707106781187));
#198 = DEFINITIONAL_REPRESENTATION('',(#199),#203);
#199 = LINE('',#200,#201);
#200 = CARTESIAN_POINT('',(28.425692603699,0.));
#201 = VECTOR('',#202,1.);
#202 = DIRECTION('',(0.,-1.));
#203 = ( GEOMETRIC_REPRESENTATION_CONTEXT(2) 
PARAMETRIC_REPRESENTATION_CONTEXT() REPRESENTATION_CONTEXT('2D SPACE',''
  ) );
#204 = ORIENTED_EDGE('',*,*,#205,.T.);
#205 = EDGE_CURVE('',#178,#58,#206,.T.);
#206 = SURFACE_CURVE('',#207,(#211,#218),.PCURVE_S1.);
#207 = LINE('',#208,#209);
#208 = CARTESIAN_POINT('',(-57.1,-35.25,-75.8));
#209 = VECTOR('',#210,1.);
#210 = DIRECTION('',(-1.,0.,0.));
#211 = PCURVE('',#78,#212);
#212 = DEFINITIONAL_REPRESENTATION('',(#213),#217);
#213 = LINE('',#214,#215);
#214 = CARTESIAN_POINT('',(0.,-6.));
#215 = VECTOR('',#216,1.);
#216 = DIRECTION('',(1.,0.));
#217 = ( GEOMETRIC_REPRESENTATION_CONTEXT(2) 
PARAMETRIC_REPRESENTATION_CONTEXT() REPRESENTATION_CONTEXT('2D SPACE',''
  ) );
#218 = PCURVE('',#106,#219);
#219 = DEFINITIONAL_REPRESENTATION('',(#220),#224);
#220 = LINE('',#221,#222);
#221 = CARTESIAN_POINT('',(-4.331948170897,-37.14614951557));
#222 = VECTOR('',#223,1.);
#223 = DIRECTION('',(1.,0.));
#224 = ( GEOMETRIC_REPRESENTATION_CONTEXT(2) 
PARAMETRIC_REPRESENTATION_CONTEXT() REPRESENTATION_CONTEXT('2D SPACE',''
  ) );
#225 = ORIENTED_EDGE('',*,*,#55,.F.);
#226 = ORIENTED_EDGE('',*,*,#227,.F.);
#227 = EDGE_CURVE('',#176,#56,#228,.T.);
#228 = SURFACE_CURVE('',#229,(#233,#240),.PCURVE_S1.);
#229 = LINE('',#230,#231);
#230 = CARTESIAN_POINT('',(-57.1,-29.25,-75.8));
#231 = VECTOR('',#232,1.);
#232 = DIRECTION('',(-1.,0.,0.));
#233 = PCURVE('',#78,#234);
#234 = DEFINITIONAL_REPRESENTATION('',(#235),#239);
#235 = LINE('',#236,#237);
#236 = CARTESIAN_POINT('',(0.,0.));
#237 = VECTOR('',#238,1.);
#238 = DIRECTION('',(1.,0.));
#239 = ( GEOMETRIC_REPRESENTATION_CONTEXT(2) 
PARAMETRIC_REPRESENTATION_CONTEXT() REPRESENTATION_CONTEXT('2D SPACE',''
  ) );
#240 = PCURVE('',#160,#241);
#241 = DEFINITIONAL_REPRESENTATION('',(#242),#246);
#242 = LINE('',#243,#244);
#243 = CARTESIAN_POINT('',(-4.331948170897,-37.14614951557));
#244 = VECTOR('',#245,1.);
#245 = DIRECTION('',(1.,0.));
#246 = ( GEOMETRIC_REPRESENTATION_CONTEXT(2) 
PARAMETRIC_REPRESENTATION_CONTEXT() REPRESENTATION_CONTEXT('2D SPACE',''
  ) );
#247 = ADVANCED_FACE('',(#248),#134,.T.);
#248 = FACE_BOUND('',#249,.T.);
#249 = EDGE_LOOP('',(#250,#251,#274,#302));
#250 = ORIENTED_EDGE('',*,*,#118,.T.);
#251 = ORIENTED_EDGE('',*,*,#252,.T.);
#252 = EDGE_CURVE('',#91,#253,#255,.T.);
#253 = VERTEX_POINT('',#254);
#254 = CARTESIAN_POINT('',(-95.333,-35.25,-7.8));
#255 = SURFACE_CURVE('',#256,(#260,#267),.PCURVE_S1.);
#256 = LINE('',#257,#258);
#257 = CARTESIAN_POINT('',(-130.,-35.25,-7.8));
#258 = VECTOR('',#259,1.);
#259 = DIRECTION('',(1.,0.,0.));
#260 = PCURVE('',#134,#261);
#261 = DEFINITIONAL_REPRESENTATION('',(#262),#266);
#262 = LINE('',#263,#264);
#263 = CARTESIAN_POINT('',(0.,-6.));
#264 = VECTOR('',#265,1.);
#265 = DIRECTION('',(1.,0.));
#266 = ( GEOMETRIC_REPRESENTATION_CONTEXT(2) 
PARAMETRIC_REPRESENTATION_CONTEXT() REPRESENTATION_CONTEXT('2D SPACE',''
  ) );
#267 = PCURVE('',#106,#268);
#268 = DEFINITIONAL_REPRESENTATION('',(#269),#273);
#269 = LINE('',#270,#271);
#270 = CARTESIAN_POINT('',(68.568051829103,30.853850484422));
#271 = VECTOR('',#272,1.);
#272 = DIRECTION('',(-1.,0.));
#273 = ( GEOMETRIC_REPRESENTATION_CONTEXT(2) 
PARAMETRIC_REPRESENTATION_CONTEXT() REPRESENTATION_CONTEXT('2D SPACE',''
  ) );
#274 = ORIENTED_EDGE('',*,*,#275,.F.);
#275 = EDGE_CURVE('',#276,#253,#278,.T.);
#276 = VERTEX_POINT('',#277);
#277 = CARTESIAN_POINT('',(-95.333,-29.25,-7.8));
#278 = SURFACE_CURVE('',#279,(#283,#290),.PCURVE_S1.);
#279 = LINE('',#280,#281);
#280 = CARTESIAN_POINT('',(-95.333,-29.25,-7.8));
#281 = VECTOR('',#282,1.);
#282 = DIRECTION('',(0.,-1.,0.));
#283 = PCURVE('',#134,#284);
#284 = DEFINITIONAL_REPRESENTATION('',(#285),#289);
#285 = LINE('',#286,#287);
#286 = CARTESIAN_POINT('',(34.667,0.));
#287 = VECTOR('',#288,1.);
#288 = DIRECTION('',(0.,-1.));
#289 = ( GEOMETRIC_REPRESENTATION_CONTEXT(2) 
PARAMETRIC_REPRESENTATION_CONTEXT() REPRESENTATION_CONTEXT('2D SPACE',''
  ) );
#290 = PCURVE('',#291,#296);
#291 = PLANE('',#292);
#292 = AXIS2_PLACEMENT_3D('',#293,#294,#295);
#293 = CARTESIAN_POINT('',(-95.333,-29.25,-7.8));
#294 = DIRECTION('',(-1.,0.,0.));
#295 = DIRECTION('',(0.,0.,1.));
#296 = DEFINITIONAL_REPRESENTATION('',(#297),#301);
#297 = LINE('',#298,#299);
#298 = CARTESIAN_POINT('',(0.,0.));
#299 = VECTOR('',#300,1.);
#300 = DIRECTION('',(0.,-1.));
#301 = ( GEOMETRIC_REPRESENTATION_CONTEXT(2) 
PARAMETRIC_REPRESENTATION_CONTEXT() REPRESENTATION_CONTEXT('2D SPACE',''
  ) );
#302 = ORIENTED_EDGE('',*,*,#303,.F.);
#303 = EDGE_CURVE('',#119,#276,#304,.T.);
#304 = SURFACE_CURVE('',#305,(#309,#316),.PCURVE_S1.);
#305 = LINE('',#306,#307);
#306 = CARTESIAN_POINT('',(-130.,-29.25,-7.8));
#307 = VECTOR('',#308,1.);
#308 = DIRECTION('',(1.,0.,0.));
#309 = PCURVE('',#134,#310);
#310 = DEFINITIONAL_REPRESENTATION('',(#311),#315);
#311 = LINE('',#312,#313);
#312 = CARTESIAN_POINT('',(0.,0.));
#313 = VECTOR('',#314,1.);
#314 = DIRECTION('',(1.,0.));
#315 = ( GEOMETRIC_REPRESENTATION_CONTEXT(2) 
PARAMETRIC_REPRESENTATION_CONTEXT() REPRESENTATION_CONTEXT('2D SPACE',''
  ) );
#316 = PCURVE('',#160,#317);
#317 = DEFINITIONAL_REPRESENTATION('',(#318),#322);
#318 = LINE('',#319,#320);
#319 = CARTESIAN_POINT('',(68.568051829103,30.853850484422));
#320 = VECTOR('',#321,1.);
#321 = DIRECTION('',(-1.,0.));
#322 = ( GEOMETRIC_REPRESENTATION_CONTEXT(2) 
PARAMETRIC_REPRESENTATION_CONTEXT() REPRESENTATION_CONTEXT('2D SPACE',''
  ) );
#323 = ADVANCED_FACE('',(#324,#961,#996,#1031,#1066,#1101,#1136,#1171),
  #160,.T.);
#324 = FACE_BOUND('',#325,.T.);
#325 = EDGE_LOOP('',(#326,#327,#328,#329,#352,#381,#409,#438,#466,#494,
    #522,#550,#577,#605,#633,#661,#689,#717,#745,#773,#801,#829,#857,
    #885,#912,#940));
#326 = ORIENTED_EDGE('',*,*,#227,.T.);
#327 = ORIENTED_EDGE('',*,*,#146,.T.);
#328 = ORIENTED_EDGE('',*,*,#303,.T.);
#329 = ORIENTED_EDGE('',*,*,#330,.T.);
#330 = EDGE_CURVE('',#276,#331,#333,.T.);
#331 = VERTEX_POINT('',#332);
#332 = CARTESIAN_POINT('',(-95.33300004222,-29.25,6.3));
#333 = SURFACE_CURVE('',#334,(#338,#345),.PCURVE_S1.);
#334 = LINE('',#335,#336);
#335 = CARTESIAN_POINT('',(-95.333,-29.25,-7.8));
#336 = VECTOR('',#337,1.);
#337 = DIRECTION('',(0.,0.,1.));
#338 = PCURVE('',#160,#339);
#339 = DEFINITIONAL_REPRESENTATION('',(#340),#344);
#340 = LINE('',#341,#342);
#341 = CARTESIAN_POINT('',(33.901051829103,30.853850484422));
#342 = VECTOR('',#343,1.);
#343 = DIRECTION('',(0.,1.));
#344 = ( GEOMETRIC_REPRESENTATION_CONTEXT(2) 
PARAMETRIC_REPRESENTATION_CONTEXT() REPRESENTATION_CONTEXT('2D SPACE',''
  ) );
#345 = PCURVE('',#291,#346);
#346 = DEFINITIONAL_REPRESENTATION('',(#347),#351);
#347 = LINE('',#348,#349);
#348 = CARTESIAN_POINT('',(0.,0.));
#349 = VECTOR('',#350,1.);
#350 = DIRECTION('',(1.,0.));
#351 = ( GEOMETRIC_REPRESENTATION_CONTEXT(2) 
PARAMETRIC_REPRESENTATION_CONTEXT() REPRESENTATION_CONTEXT('2D SPACE',''
  ) );
#352 = ORIENTED_EDGE('',*,*,#353,.T.);
#353 = EDGE_CURVE('',#331,#354,#356,.T.);
#354 = VERTEX_POINT('',#355);
#355 = CARTESIAN_POINT('',(-89.33300008444,-29.25,12.3));
#356 = SURFACE_CURVE('',#357,(#362,#369),.PCURVE_S1.);
#357 = CIRCLE('',#358,6.);
#358 = AXIS2_PLACEMENT_3D('',#359,#360,#361);
#359 = CARTESIAN_POINT('',(-89.33300008444,-29.25,6.3));
#360 = DIRECTION('',(0.,1.,0.));
#361 = DIRECTION('',(-1.,0.,0.));
#362 = PCURVE('',#160,#363);
#363 = DEFINITIONAL_REPRESENTATION('',(#364),#368);
#364 = CIRCLE('',#365,6.);
#365 = AXIS2_PLACEMENT_2D('',#366,#367);
#366 = CARTESIAN_POINT('',(27.901051913543,44.953850484422));
#367 = DIRECTION('',(1.,0.));
#368 = ( GEOMETRIC_REPRESENTATION_CONTEXT(2) 
PARAMETRIC_REPRESENTATION_CONTEXT() REPRESENTATION_CONTEXT('2D SPACE',''
  ) );
#369 = PCURVE('',#370,#375);
#370 = CYLINDRICAL_SURFACE('',#371,6.);
#371 = AXIS2_PLACEMENT_3D('',#372,#373,#374);
#372 = CARTESIAN_POINT('',(-89.33300008444,-29.25,6.3));
#373 = DIRECTION('',(0.,1.,0.));
#374 = DIRECTION('',(-1.,0.,0.));
#375 = DEFINITIONAL_REPRESENTATION('',(#376),#380);
#376 = LINE('',#377,#378);
#377 = CARTESIAN_POINT('',(0.,0.));
#378 = VECTOR('',#379,1.);
#379 = DIRECTION('',(1.,0.));
#380 = ( GEOMETRIC_REPRESENTATION_CONTEXT(2) 
PARAMETRIC_REPRESENTATION_CONTEXT() REPRESENTATION_CONTEXT('2D SPACE',''
  ) );
#381 = ORIENTED_EDGE('',*,*,#382,.T.);
#382 = EDGE_CURVE('',#354,#383,#385,.T.);
#383 = VERTEX_POINT('',#384);
#384 = CARTESIAN_POINT('',(-83.33300004222,-29.25,12.3));
#385 = SURFACE_CURVE('',#386,(#390,#397),.PCURVE_S1.);
#386 = LINE('',#387,#388);
#387 = CARTESIAN_POINT('',(-95.333,-29.25,12.3));
#388 = VECTOR('',#389,1.);
#389 = DIRECTION('',(1.,0.,0.));
#390 = PCURVE('',#160,#391);
#391 = DEFINITIONAL_REPRESENTATION('',(#392),#396);
#392 = LINE('',#393,#394);
#393 = CARTESIAN_POINT('',(33.901051829103,50.953850484422));
#394 = VECTOR('',#395,1.);
#395 = DIRECTION('',(-1.,0.));
#396 = ( GEOMETRIC_REPRESENTATION_CONTEXT(2) 
PARAMETRIC_REPRESENTATION_CONTEXT() REPRESENTATION_CONTEXT('2D SPACE',''
  ) );
#397 = PCURVE('',#398,#403);
#398 = PLANE('',#399);
#399 = AXIS2_PLACEMENT_3D('',#400,#401,#402);
#400 = CARTESIAN_POINT('',(-89.33300008444,-29.25,12.3));
#401 = DIRECTION('',(0.,0.,1.));
#402 = DIRECTION('',(1.,0.,0.));
#403 = DEFINITIONAL_REPRESENTATION('',(#404),#408);
#404 = LINE('',#405,#406);
#405 = CARTESIAN_POINT('',(-5.999999915559,0.));
#406 = VECTOR('',#407,1.);
#407 = DIRECTION('',(1.,0.));
#408 = ( GEOMETRIC_REPRESENTATION_CONTEXT(2) 
PARAMETRIC_REPRESENTATION_CONTEXT() REPRESENTATION_CONTEXT('2D SPACE',''
  ) );
#409 = ORIENTED_EDGE('',*,*,#410,.T.);
#410 = EDGE_CURVE('',#383,#411,#413,.T.);
#411 = VERTEX_POINT('',#412);
#412 = CARTESIAN_POINT('',(-77.33300002111,-29.25,6.3));
#413 = SURFACE_CURVE('',#414,(#419,#426),.PCURVE_S1.);
#414 = CIRCLE('',#415,6.);
#415 = AXIS2_PLACEMENT_3D('',#416,#417,#418);
#416 = CARTESIAN_POINT('',(-83.33300004222,-29.25,6.3));
#417 = DIRECTION('',(0.,1.,0.));
#418 = DIRECTION('',(-1.,0.,0.));
#419 = PCURVE('',#160,#420);
#420 = DEFINITIONAL_REPRESENTATION('',(#421),#425);
#421 = CIRCLE('',#422,6.);
#422 = AXIS2_PLACEMENT_2D('',#423,#424);
#423 = CARTESIAN_POINT('',(21.901051871323,44.953850484422));
#424 = DIRECTION('',(1.,0.));
#425 = ( GEOMETRIC_REPRESENTATION_CONTEXT(2) 
PARAMETRIC_REPRESENTATION_CONTEXT() REPRESENTATION_CONTEXT('2D SPACE',''
  ) );
#426 = PCURVE('',#427,#432);
#427 = CYLINDRICAL_SURFACE('',#428,6.);
#428 = AXIS2_PLACEMENT_3D('',#429,#430,#431);
#429 = CARTESIAN_POINT('',(-83.33300004222,-29.25,6.3));
#430 = DIRECTION('',(0.,1.,0.));
#431 = DIRECTION('',(-1.,0.,0.));
#432 = DEFINITIONAL_REPRESENTATION('',(#433),#437);
#433 = LINE('',#434,#435);
#434 = CARTESIAN_POINT('',(0.,0.));
#435 = VECTOR('',#436,1.);
#436 = DIRECTION('',(1.,0.));
#437 = ( GEOMETRIC_REPRESENTATION_CONTEXT(2) 
PARAMETRIC_REPRESENTATION_CONTEXT() REPRESENTATION_CONTEXT('2D SPACE',''
  ) );
#438 = ORIENTED_EDGE('',*,*,#439,.T.);
#439 = EDGE_CURVE('',#411,#440,#442,.T.);
#440 = VERTEX_POINT('',#441);
#441 = CARTESIAN_POINT('',(-77.333,-29.25,-7.8));
#442 = SURFACE_CURVE('',#443,(#447,#454),.PCURVE_S1.);
#443 = LINE('',#444,#445);
#444 = CARTESIAN_POINT('',(-77.333,-29.25,12.3));
#445 = VECTOR('',#446,1.);
#446 = DIRECTION('',(0.,0.,-1.));
#447 = PCURVE('',#160,#448);
#448 = DEFINITIONAL_REPRESENTATION('',(#449),#453);
#449 = LINE('',#450,#451);
#450 = CARTESIAN_POINT('',(15.901051829103,50.953850484422));
#451 = VECTOR('',#452,1.);
#452 = DIRECTION('',(0.,-1.));
#453 = ( GEOMETRIC_REPRESENTATION_CONTEXT(2) 
PARAMETRIC_REPRESENTATION_CONTEXT() REPRESENTATION_CONTEXT('2D SPACE',''
  ) );
#454 = PCURVE('',#455,#460);
#455 = PLANE('',#456);
#456 = AXIS2_PLACEMENT_3D('',#457,#458,#459);
#457 = CARTESIAN_POINT('',(-77.333,-29.25,6.3));
#458 = DIRECTION('',(1.,0.,0.));
#459 = DIRECTION('',(0.,0.,-1.));
#460 = DEFINITIONAL_REPRESENTATION('',(#461),#465);
#461 = LINE('',#462,#463);
#462 = CARTESIAN_POINT('',(-6.,0.));
#463 = VECTOR('',#464,1.);
#464 = DIRECTION('',(1.,0.));
#465 = ( GEOMETRIC_REPRESENTATION_CONTEXT(2) 
PARAMETRIC_REPRESENTATION_CONTEXT() REPRESENTATION_CONTEXT('2D SPACE',''
  ) );
#466 = ORIENTED_EDGE('',*,*,#467,.T.);
#467 = EDGE_CURVE('',#440,#468,#470,.T.);
#468 = VERTEX_POINT('',#469);
#469 = CARTESIAN_POINT('',(-56.297553,-29.25,-7.8));
#470 = SURFACE_CURVE('',#471,(#475,#482),.PCURVE_S1.);
#471 = LINE('',#472,#473);
#472 = CARTESIAN_POINT('',(-77.333,-29.25,-7.8));
#473 = VECTOR('',#474,1.);
#474 = DIRECTION('',(1.,0.,0.));
#475 = PCURVE('',#160,#476);
#476 = DEFINITIONAL_REPRESENTATION('',(#477),#481);
#477 = LINE('',#478,#479);
#478 = CARTESIAN_POINT('',(15.901051829103,30.853850484422));
#479 = VECTOR('',#480,1.);
#480 = DIRECTION('',(-1.,0.));
#481 = ( GEOMETRIC_REPRESENTATION_CONTEXT(2) 
PARAMETRIC_REPRESENTATION_CONTEXT() REPRESENTATION_CONTEXT('2D SPACE',''
  ) );
#482 = PCURVE('',#483,#488);
#483 = PLANE('',#484);
#484 = AXIS2_PLACEMENT_3D('',#485,#486,#487);
#485 = CARTESIAN_POINT('',(-77.333,-29.25,-7.8));
#486 = DIRECTION('',(0.,0.,1.));
#487 = DIRECTION('',(1.,0.,0.));
#488 = DEFINITIONAL_REPRESENTATION('',(#489),#493);
#489 = LINE('',#490,#491);
#490 = CARTESIAN_POINT('',(0.,0.));
#491 = VECTOR('',#492,1.);
#492 = DIRECTION('',(1.,0.));
#493 = ( GEOMETRIC_REPRESENTATION_CONTEXT(2) 
PARAMETRIC_REPRESENTATION_CONTEXT() REPRESENTATION_CONTEXT('2D SPACE',''
  ) );
#494 = ORIENTED_EDGE('',*,*,#495,.T.);
#495 = EDGE_CURVE('',#468,#496,#498,.T.);
#496 = VERTEX_POINT('',#497);
#497 = CARTESIAN_POINT('',(-36.197553,-29.25,12.3));
#498 = SURFACE_CURVE('',#499,(#503,#510),.PCURVE_S1.);
#499 = LINE('',#500,#501);
#500 = CARTESIAN_POINT('',(-56.297553,-29.25,-7.8));
#501 = VECTOR('',#502,1.);
#502 = DIRECTION('',(0.707106781187,0.,0.707106781187));
#503 = PCURVE('',#160,#504);
#504 = DEFINITIONAL_REPRESENTATION('',(#505),#509);
#505 = LINE('',#506,#507);
#506 = CARTESIAN_POINT('',(-5.134395170897,30.853850484422));
#507 = VECTOR('',#508,1.);
#508 = DIRECTION('',(-0.707106781187,0.707106781187));
#509 = ( GEOMETRIC_REPRESENTATION_CONTEXT(2) 
PARAMETRIC_REPRESENTATION_CONTEXT() REPRESENTATION_CONTEXT('2D SPACE',''
  ) );
#510 = PCURVE('',#511,#516);
#511 = PLANE('',#512);
#512 = AXIS2_PLACEMENT_3D('',#513,#514,#515);
#513 = CARTESIAN_POINT('',(-56.297553,-29.25,-7.8));
#514 = DIRECTION('',(-0.707106781187,0.,0.707106781187));
#515 = DIRECTION('',(0.707106781187,0.,0.707106781187));
#516 = DEFINITIONAL_REPRESENTATION('',(#517),#521);
#517 = LINE('',#518,#519);
#518 = CARTESIAN_POINT('',(0.,0.));
#519 = VECTOR('',#520,1.);
#520 = DIRECTION('',(1.,0.));
#521 = ( GEOMETRIC_REPRESENTATION_CONTEXT(2) 
PARAMETRIC_REPRESENTATION_CONTEXT() REPRESENTATION_CONTEXT('2D SPACE',''
  ) );
#522 = ORIENTED_EDGE('',*,*,#523,.T.);
#523 = EDGE_CURVE('',#496,#524,#526,.T.);
#524 = VERTEX_POINT('',#525);
#525 = CARTESIAN_POINT('',(-16.40138964254,-29.25,12.3));
#526 = SURFACE_CURVE('',#527,(#531,#538),.PCURVE_S1.);
#527 = LINE('',#528,#529);
#528 = CARTESIAN_POINT('',(-36.197553,-29.25,12.3));
#529 = VECTOR('',#530,1.);
#530 = DIRECTION('',(1.,0.,0.));
#531 = PCURVE('',#160,#532);
#532 = DEFINITIONAL_REPRESENTATION('',(#533),#537);
#533 = LINE('',#534,#535);
#534 = CARTESIAN_POINT('',(-25.23439517089,50.953850484422));
#535 = VECTOR('',#536,1.);
#536 = DIRECTION('',(-1.,0.));
#537 = ( GEOMETRIC_REPRESENTATION_CONTEXT(2) 
PARAMETRIC_REPRESENTATION_CONTEXT() REPRESENTATION_CONTEXT('2D SPACE',''
  ) );
#538 = PCURVE('',#539,#544);
#539 = PLANE('',#540);
#540 = AXIS2_PLACEMENT_3D('',#541,#542,#543);
#541 = CARTESIAN_POINT('',(-36.197553,-29.25,12.3));
#542 = DIRECTION('',(0.,0.,1.));
#543 = DIRECTION('',(1.,0.,0.));
#544 = DEFINITIONAL_REPRESENTATION('',(#545),#549);
#545 = LINE('',#546,#547);
#546 = CARTESIAN_POINT('',(0.,0.));
#547 = VECTOR('',#548,1.);
#548 = DIRECTION('',(1.,0.));
#549 = ( GEOMETRIC_REPRESENTATION_CONTEXT(2) 
PARAMETRIC_REPRESENTATION_CONTEXT() REPRESENTATION_CONTEXT('2D SPACE',''
  ) );
#550 = ORIENTED_EDGE('',*,*,#551,.T.);
#551 = EDGE_CURVE('',#524,#552,#554,.T.);
#552 = VERTEX_POINT('',#553);
#553 = CARTESIAN_POINT('',(-16.40138964254,-29.25,0.));
#554 = SURFACE_CURVE('',#555,(#559,#566),.PCURVE_S1.);
#555 = LINE('',#556,#557);
#556 = CARTESIAN_POINT('',(-16.40138964254,-29.25,12.3));
#557 = VECTOR('',#558,1.);
#558 = DIRECTION('',(0.,0.,-1.));
#559 = PCURVE('',#160,#560);
#560 = DEFINITIONAL_REPRESENTATION('',(#561),#565);
#561 = LINE('',#562,#563);
#562 = CARTESIAN_POINT('',(-45.03055852835,50.953850484422));
#563 = VECTOR('',#564,1.);
#564 = DIRECTION('',(0.,-1.));
#565 = ( GEOMETRIC_REPRESENTATION_CONTEXT(2) 
PARAMETRIC_REPRESENTATION_CONTEXT() REPRESENTATION_CONTEXT('2D SPACE',''
  ) );
#566 = PCURVE('',#567,#572);
#567 = CYLINDRICAL_SURFACE('',#568,6.);
#568 = AXIS2_PLACEMENT_3D('',#569,#570,#571);
#569 = CARTESIAN_POINT('',(-22.40138964254,-29.25,-96.9));
#570 = DIRECTION('',(0.,0.,-1.));
#571 = DIRECTION('',(1.184237892933E-15,-1.,0.));
#572 = DEFINITIONAL_REPRESENTATION('',(#573),#576);
#573 = B_SPLINE_CURVE_WITH_KNOTS('',1,(#574,#575),.UNSPECIFIED.,.F.,.F.,
  (2,2),(0.,12.3),.PIECEWISE_BEZIER_KNOTS.);
#574 = CARTESIAN_POINT('',(-1.570796326795,-109.2));
#575 = CARTESIAN_POINT('',(-1.570796326795,-96.9));
#576 = ( GEOMETRIC_REPRESENTATION_CONTEXT(2) 
PARAMETRIC_REPRESENTATION_CONTEXT() REPRESENTATION_CONTEXT('2D SPACE',''
  ) );
#577 = ORIENTED_EDGE('',*,*,#578,.T.);
#578 = EDGE_CURVE('',#552,#579,#581,.T.);
#579 = VERTEX_POINT('',#580);
#580 = CARTESIAN_POINT('',(-37.,-29.25,0.));
#581 = SURFACE_CURVE('',#582,(#586,#593),.PCURVE_S1.);
#582 = LINE('',#583,#584);
#583 = CARTESIAN_POINT('',(-16.40138964254,-29.25,0.));
#584 = VECTOR('',#585,1.);
#585 = DIRECTION('',(-1.,0.,0.));
#586 = PCURVE('',#160,#587);
#587 = DEFINITIONAL_REPRESENTATION('',(#588),#592);
#588 = LINE('',#589,#590);
#589 = CARTESIAN_POINT('',(-45.03055852835,38.653850484422));
#590 = VECTOR('',#591,1.);
#591 = DIRECTION('',(1.,0.));
#592 = ( GEOMETRIC_REPRESENTATION_CONTEXT(2) 
PARAMETRIC_REPRESENTATION_CONTEXT() REPRESENTATION_CONTEXT('2D SPACE',''
  ) );
#593 = PCURVE('',#594,#599);
#594 = PLANE('',#595);
#595 = AXIS2_PLACEMENT_3D('',#596,#597,#598);
#596 = CARTESIAN_POINT('',(-16.40138964254,-29.25,0.));
#597 = DIRECTION('',(0.,0.,-1.));
#598 = DIRECTION('',(-1.,0.,0.));
#599 = DEFINITIONAL_REPRESENTATION('',(#600),#604);
#600 = LINE('',#601,#602);
#601 = CARTESIAN_POINT('',(0.,0.));
#602 = VECTOR('',#603,1.);
#603 = DIRECTION('',(1.,0.));
#604 = ( GEOMETRIC_REPRESENTATION_CONTEXT(2) 
PARAMETRIC_REPRESENTATION_CONTEXT() REPRESENTATION_CONTEXT('2D SPACE',''
  ) );
#605 = ORIENTED_EDGE('',*,*,#606,.T.);
#606 = EDGE_CURVE('',#579,#607,#609,.T.);
#607 = VERTEX_POINT('',#608);
#608 = CARTESIAN_POINT('',(-37.,-29.25,-13.2));
#609 = SURFACE_CURVE('',#610,(#614,#621),.PCURVE_S1.);
#610 = LINE('',#611,#612);
#611 = CARTESIAN_POINT('',(-37.,-29.25,0.));
#612 = VECTOR('',#613,1.);
#613 = DIRECTION('',(0.,0.,-1.));
#614 = PCURVE('',#160,#615);
#615 = DEFINITIONAL_REPRESENTATION('',(#616),#620);
#616 = LINE('',#617,#618);
#617 = CARTESIAN_POINT('',(-24.43194817089,38.653850484422));
#618 = VECTOR('',#619,1.);
#619 = DIRECTION('',(0.,-1.));
#620 = ( GEOMETRIC_REPRESENTATION_CONTEXT(2) 
PARAMETRIC_REPRESENTATION_CONTEXT() REPRESENTATION_CONTEXT('2D SPACE',''
  ) );
#621 = PCURVE('',#622,#627);
#622 = PLANE('',#623);
#623 = AXIS2_PLACEMENT_3D('',#624,#625,#626);
#624 = CARTESIAN_POINT('',(-37.,-29.25,0.));
#625 = DIRECTION('',(1.,0.,0.));
#626 = DIRECTION('',(0.,0.,-1.));
#627 = DEFINITIONAL_REPRESENTATION('',(#628),#632);
#628 = LINE('',#629,#630);
#629 = CARTESIAN_POINT('',(0.,0.));
#630 = VECTOR('',#631,1.);
#631 = DIRECTION('',(1.,0.));
#632 = ( GEOMETRIC_REPRESENTATION_CONTEXT(2) 
PARAMETRIC_REPRESENTATION_CONTEXT() REPRESENTATION_CONTEXT('2D SPACE',''
  ) );
#633 = ORIENTED_EDGE('',*,*,#634,.T.);
#634 = EDGE_CURVE('',#607,#635,#637,.T.);
#635 = VERTEX_POINT('',#636);
#636 = CARTESIAN_POINT('',(-25.,-29.25,-13.2));
#637 = SURFACE_CURVE('',#638,(#642,#649),.PCURVE_S1.);
#638 = LINE('',#639,#640);
#639 = CARTESIAN_POINT('',(-37.,-29.25,-13.2));
#640 = VECTOR('',#641,1.);
#641 = DIRECTION('',(1.,0.,0.));
#642 = PCURVE('',#160,#643);
#643 = DEFINITIONAL_REPRESENTATION('',(#644),#648);
#644 = LINE('',#645,#646);
#645 = CARTESIAN_POINT('',(-24.43194817089,25.453850484422));
#646 = VECTOR('',#647,1.);
#647 = DIRECTION('',(-1.,0.));
#648 = ( GEOMETRIC_REPRESENTATION_CONTEXT(2) 
PARAMETRIC_REPRESENTATION_CONTEXT() REPRESENTATION_CONTEXT('2D SPACE',''
  ) );
#649 = PCURVE('',#650,#655);
#650 = PLANE('',#651);
#651 = AXIS2_PLACEMENT_3D('',#652,#653,#654);
#652 = CARTESIAN_POINT('',(-37.,-29.25,-13.2));
#653 = DIRECTION('',(0.,0.,1.));
#654 = DIRECTION('',(1.,0.,0.));
#655 = DEFINITIONAL_REPRESENTATION('',(#656),#660);
#656 = LINE('',#657,#658);
#657 = CARTESIAN_POINT('',(0.,0.));
#658 = VECTOR('',#659,1.);
#659 = DIRECTION('',(1.,0.));
#660 = ( GEOMETRIC_REPRESENTATION_CONTEXT(2) 
PARAMETRIC_REPRESENTATION_CONTEXT() REPRESENTATION_CONTEXT('2D SPACE',''
  ) );
#661 = ORIENTED_EDGE('',*,*,#662,.F.);
#662 = EDGE_CURVE('',#663,#635,#665,.T.);
#663 = VERTEX_POINT('',#664);
#664 = CARTESIAN_POINT('',(-25.,-29.25,-25.7));
#665 = SURFACE_CURVE('',#666,(#670,#677),.PCURVE_S1.);
#666 = LINE('',#667,#668);
#667 = CARTESIAN_POINT('',(-25.,-29.25,-25.7));
#668 = VECTOR('',#669,1.);
#669 = DIRECTION('',(0.,0.,1.));
#670 = PCURVE('',#160,#671);
#671 = DEFINITIONAL_REPRESENTATION('',(#672),#676);
#672 = LINE('',#673,#674);
#673 = CARTESIAN_POINT('',(-36.43194817089,12.953850484422));
#674 = VECTOR('',#675,1.);
#675 = DIRECTION('',(0.,1.));
#676 = ( GEOMETRIC_REPRESENTATION_CONTEXT(2) 
PARAMETRIC_REPRESENTATION_CONTEXT() REPRESENTATION_CONTEXT('2D SPACE',''
  ) );
#677 = PCURVE('',#678,#683);
#678 = PLANE('',#679);
#679 = AXIS2_PLACEMENT_3D('',#680,#681,#682);
#680 = CARTESIAN_POINT('',(-6.541754732639,3.668166438153,-25.7));
#681 = DIRECTION('',(0.872233964352,-0.48908885842,0.));
#682 = DIRECTION('',(-0.48908885842,-0.872233964352,0.));
#683 = DEFINITIONAL_REPRESENTATION('',(#684),#688);
#684 = LINE('',#685,#686);
#685 = CARTESIAN_POINT('',(37.740064917803,0.));
#686 = VECTOR('',#687,1.);
#687 = DIRECTION('',(0.,-1.));
#688 = ( GEOMETRIC_REPRESENTATION_CONTEXT(2) 
PARAMETRIC_REPRESENTATION_CONTEXT() REPRESENTATION_CONTEXT('2D SPACE',''
  ) );
#689 = ORIENTED_EDGE('',*,*,#690,.T.);
#690 = EDGE_CURVE('',#663,#691,#693,.T.);
#691 = VERTEX_POINT('',#692);
#692 = CARTESIAN_POINT('',(-37.,-29.25,-25.7));
#693 = SURFACE_CURVE('',#694,(#698,#705),.PCURVE_S1.);
#694 = LINE('',#695,#696);
#695 = CARTESIAN_POINT('',(-16.40138964254,-29.25,-25.7));
#696 = VECTOR('',#697,1.);
#697 = DIRECTION('',(-1.,0.,0.));
#698 = PCURVE('',#160,#699);
#699 = DEFINITIONAL_REPRESENTATION('',(#700),#704);
#700 = LINE('',#701,#702);
#701 = CARTESIAN_POINT('',(-45.03055852835,12.953850484422));
#702 = VECTOR('',#703,1.);
#703 = DIRECTION('',(1.,0.));
#704 = ( GEOMETRIC_REPRESENTATION_CONTEXT(2) 
PARAMETRIC_REPRESENTATION_CONTEXT() REPRESENTATION_CONTEXT('2D SPACE',''
  ) );
#705 = PCURVE('',#706,#711);
#706 = PLANE('',#707);
#707 = AXIS2_PLACEMENT_3D('',#708,#709,#710);
#708 = CARTESIAN_POINT('',(-16.40138964254,-29.25,-25.7));
#709 = DIRECTION('',(0.,0.,-1.));
#710 = DIRECTION('',(-1.,0.,0.));
#711 = DEFINITIONAL_REPRESENTATION('',(#712),#716);
#712 = LINE('',#713,#714);
#713 = CARTESIAN_POINT('',(0.,0.));
#714 = VECTOR('',#715,1.);
#715 = DIRECTION('',(1.,0.));
#716 = ( GEOMETRIC_REPRESENTATION_CONTEXT(2) 
PARAMETRIC_REPRESENTATION_CONTEXT() REPRESENTATION_CONTEXT('2D SPACE',''
  ) );
#717 = ORIENTED_EDGE('',*,*,#718,.T.);
#718 = EDGE_CURVE('',#691,#719,#721,.T.);
#719 = VERTEX_POINT('',#720);
#720 = CARTESIAN_POINT('',(-37.,-29.25,-57.9));
#721 = SURFACE_CURVE('',#722,(#726,#733),.PCURVE_S1.);
#722 = LINE('',#723,#724);
#723 = CARTESIAN_POINT('',(-37.,-29.25,-25.7));
#724 = VECTOR('',#725,1.);
#725 = DIRECTION('',(0.,0.,-1.));
#726 = PCURVE('',#160,#727);
#727 = DEFINITIONAL_REPRESENTATION('',(#728),#732);
#728 = LINE('',#729,#730);
#729 = CARTESIAN_POINT('',(-24.43194817089,12.953850484422));
#730 = VECTOR('',#731,1.);
#731 = DIRECTION('',(0.,-1.));
#732 = ( GEOMETRIC_REPRESENTATION_CONTEXT(2) 
PARAMETRIC_REPRESENTATION_CONTEXT() REPRESENTATION_CONTEXT('2D SPACE',''
  ) );
#733 = PCURVE('',#734,#739);
#734 = PLANE('',#735);
#735 = AXIS2_PLACEMENT_3D('',#736,#737,#738);
#736 = CARTESIAN_POINT('',(-37.,-29.25,-25.7));
#737 = DIRECTION('',(1.,0.,0.));
#738 = DIRECTION('',(0.,0.,-1.));
#739 = DEFINITIONAL_REPRESENTATION('',(#740),#744);
#740 = LINE('',#741,#742);
#741 = CARTESIAN_POINT('',(0.,0.));
#742 = VECTOR('',#743,1.);
#743 = DIRECTION('',(1.,0.));
#744 = ( GEOMETRIC_REPRESENTATION_CONTEXT(2) 
PARAMETRIC_REPRESENTATION_CONTEXT() REPRESENTATION_CONTEXT('2D SPACE',''
  ) );
#745 = ORIENTED_EDGE('',*,*,#746,.T.);
#746 = EDGE_CURVE('',#719,#747,#749,.T.);
#747 = VERTEX_POINT('',#748);
#748 = CARTESIAN_POINT('',(-25.,-29.25,-57.9));
#749 = SURFACE_CURVE('',#750,(#754,#761),.PCURVE_S1.);
#750 = LINE('',#751,#752);
#751 = CARTESIAN_POINT('',(-37.,-29.25,-57.9));
#752 = VECTOR('',#753,1.);
#753 = DIRECTION('',(1.,0.,0.));
#754 = PCURVE('',#160,#755);
#755 = DEFINITIONAL_REPRESENTATION('',(#756),#760);
#756 = LINE('',#757,#758);
#757 = CARTESIAN_POINT('',(-24.43194817089,-19.24614951557));
#758 = VECTOR('',#759,1.);
#759 = DIRECTION('',(-1.,0.));
#760 = ( GEOMETRIC_REPRESENTATION_CONTEXT(2) 
PARAMETRIC_REPRESENTATION_CONTEXT() REPRESENTATION_CONTEXT('2D SPACE',''
  ) );
#761 = PCURVE('',#762,#767);
#762 = PLANE('',#763);
#763 = AXIS2_PLACEMENT_3D('',#764,#765,#766);
#764 = CARTESIAN_POINT('',(-37.,-29.25,-57.9));
#765 = DIRECTION('',(0.,0.,1.));
#766 = DIRECTION('',(1.,0.,0.));
#767 = DEFINITIONAL_REPRESENTATION('',(#768),#772);
#768 = LINE('',#769,#770);
#769 = CARTESIAN_POINT('',(0.,0.));
#770 = VECTOR('',#771,1.);
#771 = DIRECTION('',(1.,0.));
#772 = ( GEOMETRIC_REPRESENTATION_CONTEXT(2) 
PARAMETRIC_REPRESENTATION_CONTEXT() REPRESENTATION_CONTEXT('2D SPACE',''
  ) );
#773 = ORIENTED_EDGE('',*,*,#774,.F.);
#774 = EDGE_CURVE('',#775,#747,#777,.T.);
#775 = VERTEX_POINT('',#776);
#776 = CARTESIAN_POINT('',(-25.,-29.25,-70.4));
#777 = SURFACE_CURVE('',#778,(#782,#789),.PCURVE_S1.);
#778 = LINE('',#779,#780);
#779 = CARTESIAN_POINT('',(-25.,-29.25,-70.4));
#780 = VECTOR('',#781,1.);
#781 = DIRECTION('',(0.,0.,1.));
#782 = PCURVE('',#160,#783);
#783 = DEFINITIONAL_REPRESENTATION('',(#784),#788);
#784 = LINE('',#785,#786);
#785 = CARTESIAN_POINT('',(-36.43194817089,-31.74614951557));
#786 = VECTOR('',#787,1.);
#787 = DIRECTION('',(0.,1.));
#788 = ( GEOMETRIC_REPRESENTATION_CONTEXT(2) 
PARAMETRIC_REPRESENTATION_CONTEXT() REPRESENTATION_CONTEXT('2D SPACE',''
  ) );
#789 = PCURVE('',#790,#795);
#790 = PLANE('',#791);
#791 = AXIS2_PLACEMENT_3D('',#792,#793,#794);
#792 = CARTESIAN_POINT('',(-6.541754732639,3.668166438153,-70.4));
#793 = DIRECTION('',(0.872233964352,-0.48908885842,0.));
#794 = DIRECTION('',(-0.48908885842,-0.872233964352,0.));
#795 = DEFINITIONAL_REPRESENTATION('',(#796),#800);
#796 = LINE('',#797,#798);
#797 = CARTESIAN_POINT('',(37.740064917803,0.));
#798 = VECTOR('',#799,1.);
#799 = DIRECTION('',(0.,-1.));
#800 = ( GEOMETRIC_REPRESENTATION_CONTEXT(2) 
PARAMETRIC_REPRESENTATION_CONTEXT() REPRESENTATION_CONTEXT('2D SPACE',''
  ) );
#801 = ORIENTED_EDGE('',*,*,#802,.T.);
#802 = EDGE_CURVE('',#775,#803,#805,.T.);
#803 = VERTEX_POINT('',#804);
#804 = CARTESIAN_POINT('',(-37.,-29.25,-70.4));
#805 = SURFACE_CURVE('',#806,(#810,#817),.PCURVE_S1.);
#806 = LINE('',#807,#808);
#807 = CARTESIAN_POINT('',(-16.40138964254,-29.25,-70.4));
#808 = VECTOR('',#809,1.);
#809 = DIRECTION('',(-1.,0.,0.));
#810 = PCURVE('',#160,#811);
#811 = DEFINITIONAL_REPRESENTATION('',(#812),#816);
#812 = LINE('',#813,#814);
#813 = CARTESIAN_POINT('',(-45.03055852835,-31.74614951557));
#814 = VECTOR('',#815,1.);
#815 = DIRECTION('',(1.,0.));
#816 = ( GEOMETRIC_REPRESENTATION_CONTEXT(2) 
PARAMETRIC_REPRESENTATION_CONTEXT() REPRESENTATION_CONTEXT('2D SPACE',''
  ) );
#817 = PCURVE('',#818,#823);
#818 = PLANE('',#819);
#819 = AXIS2_PLACEMENT_3D('',#820,#821,#822);
#820 = CARTESIAN_POINT('',(-16.40138964254,-29.25,-70.4));
#821 = DIRECTION('',(0.,0.,-1.));
#822 = DIRECTION('',(-1.,0.,0.));
#823 = DEFINITIONAL_REPRESENTATION('',(#824),#828);
#824 = LINE('',#825,#826);
#825 = CARTESIAN_POINT('',(0.,0.));
#826 = VECTOR('',#827,1.);
#827 = DIRECTION('',(1.,0.));
#828 = ( GEOMETRIC_REPRESENTATION_CONTEXT(2) 
PARAMETRIC_REPRESENTATION_CONTEXT() REPRESENTATION_CONTEXT('2D SPACE',''
  ) );
#829 = ORIENTED_EDGE('',*,*,#830,.T.);
#830 = EDGE_CURVE('',#803,#831,#833,.T.);
#831 = VERTEX_POINT('',#832);
#832 = CARTESIAN_POINT('',(-37.,-29.25,-83.6));
#833 = SURFACE_CURVE('',#834,(#838,#845),.PCURVE_S1.);
#834 = LINE('',#835,#836);
#835 = CARTESIAN_POINT('',(-37.,-29.25,-70.4));
#836 = VECTOR('',#837,1.);
#837 = DIRECTION('',(0.,0.,-1.));
#838 = PCURVE('',#160,#839);
#839 = DEFINITIONAL_REPRESENTATION('',(#840),#844);
#840 = LINE('',#841,#842);
#841 = CARTESIAN_POINT('',(-24.43194817089,-31.74614951557));
#842 = VECTOR('',#843,1.);
#843 = DIRECTION('',(0.,-1.));
#844 = ( GEOMETRIC_REPRESENTATION_CONTEXT(2) 
PARAMETRIC_REPRESENTATION_CONTEXT() REPRESENTATION_CONTEXT('2D SPACE',''
  ) );
#845 = PCURVE('',#846,#851);
#846 = PLANE('',#847);
#847 = AXIS2_PLACEMENT_3D('',#848,#849,#850);
#848 = CARTESIAN_POINT('',(-37.,-29.25,-70.4));
#849 = DIRECTION('',(1.,0.,0.));
#850 = DIRECTION('',(0.,0.,-1.));
#851 = DEFINITIONAL_REPRESENTATION('',(#852),#856);
#852 = LINE('',#853,#854);
#853 = CARTESIAN_POINT('',(0.,0.));
#854 = VECTOR('',#855,1.);
#855 = DIRECTION('',(1.,0.));
#856 = ( GEOMETRIC_REPRESENTATION_CONTEXT(2) 
PARAMETRIC_REPRESENTATION_CONTEXT() REPRESENTATION_CONTEXT('2D SPACE',''
  ) );
#857 = ORIENTED_EDGE('',*,*,#858,.T.);
#858 = EDGE_CURVE('',#831,#859,#861,.T.);
#859 = VERTEX_POINT('',#860);
#860 = CARTESIAN_POINT('',(-16.40138964254,-29.25,-83.6));
#861 = SURFACE_CURVE('',#862,(#866,#873),.PCURVE_S1.);
#862 = LINE('',#863,#864);
#863 = CARTESIAN_POINT('',(-37.,-29.25,-83.6));
#864 = VECTOR('',#865,1.);
#865 = DIRECTION('',(1.,0.,0.));
#866 = PCURVE('',#160,#867);
#867 = DEFINITIONAL_REPRESENTATION('',(#868),#872);
#868 = LINE('',#869,#870);
#869 = CARTESIAN_POINT('',(-24.43194817089,-44.94614951557));
#870 = VECTOR('',#871,1.);
#871 = DIRECTION('',(-1.,0.));
#872 = ( GEOMETRIC_REPRESENTATION_CONTEXT(2) 
PARAMETRIC_REPRESENTATION_CONTEXT() REPRESENTATION_CONTEXT('2D SPACE',''
  ) );
#873 = PCURVE('',#874,#879);
#874 = PLANE('',#875);
#875 = AXIS2_PLACEMENT_3D('',#876,#877,#878);
#876 = CARTESIAN_POINT('',(-37.,-29.25,-83.6));
#877 = DIRECTION('',(0.,0.,1.));
#878 = DIRECTION('',(1.,0.,0.));
#879 = DEFINITIONAL_REPRESENTATION('',(#880),#884);
#880 = LINE('',#881,#882);
#881 = CARTESIAN_POINT('',(0.,0.));
#882 = VECTOR('',#883,1.);
#883 = DIRECTION('',(1.,0.));
#884 = ( GEOMETRIC_REPRESENTATION_CONTEXT(2) 
PARAMETRIC_REPRESENTATION_CONTEXT() REPRESENTATION_CONTEXT('2D SPACE',''
  ) );
#885 = ORIENTED_EDGE('',*,*,#886,.T.);
#886 = EDGE_CURVE('',#859,#887,#889,.T.);
#887 = VERTEX_POINT('',#888);
#888 = CARTESIAN_POINT('',(-16.40138964254,-29.25,-95.9));
#889 = SURFACE_CURVE('',#890,(#894,#901),.PCURVE_S1.);
#890 = LINE('',#891,#892);
#891 = CARTESIAN_POINT('',(-16.40138964254,-29.25,-83.6));
#892 = VECTOR('',#893,1.);
#893 = DIRECTION('',(0.,0.,-1.));
#894 = PCURVE('',#160,#895);
#895 = DEFINITIONAL_REPRESENTATION('',(#896),#900);
#896 = LINE('',#897,#898);
#897 = CARTESIAN_POINT('',(-45.03055852835,-44.94614951557));
#898 = VECTOR('',#899,1.);
#899 = DIRECTION('',(0.,-1.));
#900 = ( GEOMETRIC_REPRESENTATION_CONTEXT(2) 
PARAMETRIC_REPRESENTATION_CONTEXT() REPRESENTATION_CONTEXT('2D SPACE',''
  ) );
#901 = PCURVE('',#902,#907);
#902 = CYLINDRICAL_SURFACE('',#903,6.);
#903 = AXIS2_PLACEMENT_3D('',#904,#905,#906);
#904 = CARTESIAN_POINT('',(-22.40138964254,-29.25,-96.9));
#905 = DIRECTION('',(0.,0.,-1.));
#906 = DIRECTION('',(1.184237892933E-15,-1.,0.));
#907 = DEFINITIONAL_REPRESENTATION('',(#908),#911);
#908 = B_SPLINE_CURVE_WITH_KNOTS('',1,(#909,#910),.UNSPECIFIED.,.F.,.F.,
  (2,2),(0.,12.3),.PIECEWISE_BEZIER_KNOTS.);
#909 = CARTESIAN_POINT('',(-1.570796326795,-13.3));
#910 = CARTESIAN_POINT('',(-1.570796326795,-1.));
#911 = ( GEOMETRIC_REPRESENTATION_CONTEXT(2) 
PARAMETRIC_REPRESENTATION_CONTEXT() REPRESENTATION_CONTEXT('2D SPACE',''
  ) );
#912 = ORIENTED_EDGE('',*,*,#913,.T.);
#913 = EDGE_CURVE('',#887,#914,#916,.T.);
#914 = VERTEX_POINT('',#915);
#915 = CARTESIAN_POINT('',(-37.,-29.25,-95.9));
#916 = SURFACE_CURVE('',#917,(#921,#928),.PCURVE_S1.);
#917 = LINE('',#918,#919);
#918 = CARTESIAN_POINT('',(-16.40138964254,-29.25,-95.9));
#919 = VECTOR('',#920,1.);
#920 = DIRECTION('',(-1.,0.,0.));
#921 = PCURVE('',#160,#922);
#922 = DEFINITIONAL_REPRESENTATION('',(#923),#927);
#923 = LINE('',#924,#925);
#924 = CARTESIAN_POINT('',(-45.03055852835,-57.24614951557));
#925 = VECTOR('',#926,1.);
#926 = DIRECTION('',(1.,0.));
#927 = ( GEOMETRIC_REPRESENTATION_CONTEXT(2) 
PARAMETRIC_REPRESENTATION_CONTEXT() REPRESENTATION_CONTEXT('2D SPACE',''
  ) );
#928 = PCURVE('',#929,#934);
#929 = PLANE('',#930);
#930 = AXIS2_PLACEMENT_3D('',#931,#932,#933);
#931 = CARTESIAN_POINT('',(-16.40138964254,-29.25,-95.9));
#932 = DIRECTION('',(0.,0.,-1.));
#933 = DIRECTION('',(-1.,0.,0.));
#934 = DEFINITIONAL_REPRESENTATION('',(#935),#939);
#935 = LINE('',#936,#937);
#936 = CARTESIAN_POINT('',(0.,0.));
#937 = VECTOR('',#938,1.);
#938 = DIRECTION('',(1.,0.));
#939 = ( GEOMETRIC_REPRESENTATION_CONTEXT(2) 
PARAMETRIC_REPRESENTATION_CONTEXT() REPRESENTATION_CONTEXT('2D SPACE',''
  ) );
#940 = ORIENTED_EDGE('',*,*,#941,.T.);
#941 = EDGE_CURVE('',#914,#176,#942,.T.);
#942 = SURFACE_CURVE('',#943,(#947,#954),.PCURVE_S1.);
#943 = LINE('',#944,#945);
#944 = CARTESIAN_POINT('',(-37.,-29.25,-95.9));
#945 = VECTOR('',#946,1.);
#946 = DIRECTION('',(-0.707106781187,0.,0.707106781187));
#947 = PCURVE('',#160,#948);
#948 = DEFINITIONAL_REPRESENTATION('',(#949),#953);
#949 = LINE('',#950,#951);
#950 = CARTESIAN_POINT('',(-24.43194817089,-57.24614951557));
#951 = VECTOR('',#952,1.);
#952 = DIRECTION('',(0.707106781187,0.707106781187));
#953 = ( GEOMETRIC_REPRESENTATION_CONTEXT(2) 
PARAMETRIC_REPRESENTATION_CONTEXT() REPRESENTATION_CONTEXT('2D SPACE',''
  ) );
#954 = PCURVE('',#193,#955);
#955 = DEFINITIONAL_REPRESENTATION('',(#956),#960);
#956 = LINE('',#957,#958);
#957 = CARTESIAN_POINT('',(0.,0.));
#958 = VECTOR('',#959,1.);
#959 = DIRECTION('',(1.,0.));
#960 = ( GEOMETRIC_REPRESENTATION_CONTEXT(2) 
PARAMETRIC_REPRESENTATION_CONTEXT() REPRESENTATION_CONTEXT('2D SPACE',''
  ) );
#961 = FACE_BOUND('',#962,.T.);
#962 = EDGE_LOOP('',(#963));
#963 = ORIENTED_EDGE('',*,*,#964,.T.);
#964 = EDGE_CURVE('',#965,#965,#967,.T.);
#965 = VERTEX_POINT('',#966);
#966 = CARTESIAN_POINT('',(-40.633,-29.25,-65.8));
#967 = SURFACE_CURVE('',#968,(#973,#984),.PCURVE_S1.);
#968 = CIRCLE('',#969,1.7);
#969 = AXIS2_PLACEMENT_3D('',#970,#971,#972);
#970 = CARTESIAN_POINT('',(-42.333,-29.25,-65.8));
#971 = DIRECTION('',(0.,-1.,2.22044604925E-16));
#972 = DIRECTION('',(1.,0.,0.));
#973 = PCURVE('',#160,#974);
#974 = DEFINITIONAL_REPRESENTATION('',(#975),#983);
#975 = ( BOUNDED_CURVE() B_SPLINE_CURVE(2,(#976,#977,#978,#979,#980,#981
,#982),.UNSPECIFIED.,.T.,.F.) B_SPLINE_CURVE_WITH_KNOTS((1,2,2,2,2,1),(
    -2.094395102393,0.,2.094395102393,4.188790204786,6.28318530718,
8.377580409573),.UNSPECIFIED.) CURVE() GEOMETRIC_REPRESENTATION_ITEM() 
RATIONAL_B_SPLINE_CURVE((1.,0.5,1.,0.5,1.,0.5,1.)) REPRESENTATION_ITEM(
  '') );
#976 = CARTESIAN_POINT('',(-20.79894817089,-27.14614951557));
#977 = CARTESIAN_POINT('',(-20.79894817089,-24.20166314271));
#978 = CARTESIAN_POINT('',(-18.24894817089,-25.67390632914));
#979 = CARTESIAN_POINT('',(-15.69894817089,-27.14614951557));
#980 = CARTESIAN_POINT('',(-18.24894817089,-28.61839270201));
#981 = CARTESIAN_POINT('',(-20.79894817089,-30.09063588844));
#982 = CARTESIAN_POINT('',(-20.79894817089,-27.14614951557));
#983 = ( GEOMETRIC_REPRESENTATION_CONTEXT(2) 
PARAMETRIC_REPRESENTATION_CONTEXT() REPRESENTATION_CONTEXT('2D SPACE',''
  ) );
#984 = PCURVE('',#985,#990);
#985 = CYLINDRICAL_SURFACE('',#986,1.7);
#986 = AXIS2_PLACEMENT_3D('',#987,#988,#989);
#987 = CARTESIAN_POINT('',(-42.333,-28.25,-65.8));
#988 = DIRECTION('',(0.,-1.,2.22044604925E-16));
#989 = DIRECTION('',(1.,0.,0.));
#990 = DEFINITIONAL_REPRESENTATION('',(#991),#995);
#991 = LINE('',#992,#993);
#992 = CARTESIAN_POINT('',(0.,1.));
#993 = VECTOR('',#994,1.);
#994 = DIRECTION('',(1.,0.));
#995 = ( GEOMETRIC_REPRESENTATION_CONTEXT(2) 
PARAMETRIC_REPRESENTATION_CONTEXT() REPRESENTATION_CONTEXT('2D SPACE',''
  ) );
#996 = FACE_BOUND('',#997,.T.);
#997 = EDGE_LOOP('',(#998));
#998 = ORIENTED_EDGE('',*,*,#999,.T.);
#999 = EDGE_CURVE('',#1000,#1000,#1002,.T.);
#1000 = VERTEX_POINT('',#1001);
#1001 = CARTESIAN_POINT('',(-56.633,-29.25,-65.8));
#1002 = SURFACE_CURVE('',#1003,(#1008,#1019),.PCURVE_S1.);
#1003 = CIRCLE('',#1004,1.7);
#1004 = AXIS2_PLACEMENT_3D('',#1005,#1006,#1007);
#1005 = CARTESIAN_POINT('',(-58.333,-29.25,-65.8));
#1006 = DIRECTION('',(0.,-1.,2.22044604925E-16));
#1007 = DIRECTION('',(1.,0.,0.));
#1008 = PCURVE('',#160,#1009);
#1009 = DEFINITIONAL_REPRESENTATION('',(#1010),#1018);
#1010 = ( BOUNDED_CURVE() B_SPLINE_CURVE(2,(#1011,#1012,#1013,#1014,
#1015,#1016,#1017),.UNSPECIFIED.,.T.,.F.) B_SPLINE_CURVE_WITH_KNOTS((1,2
    ,2,2,2,1),(-2.094395102393,0.,2.094395102393,4.188790204786,
6.28318530718,8.377580409573),.UNSPECIFIED.) CURVE() 
GEOMETRIC_REPRESENTATION_ITEM() RATIONAL_B_SPLINE_CURVE((1.,0.5,1.,0.5,
1.,0.5,1.)) REPRESENTATION_ITEM('') );
#1011 = CARTESIAN_POINT('',(-4.798948170897,-27.14614951557));
#1012 = CARTESIAN_POINT('',(-4.798948170897,-24.20166314271));
#1013 = CARTESIAN_POINT('',(-2.248948170897,-25.67390632914));
#1014 = CARTESIAN_POINT('',(0.301051829103,-27.14614951557));
#1015 = CARTESIAN_POINT('',(-2.248948170897,-28.61839270201));
#1016 = CARTESIAN_POINT('',(-4.798948170897,-30.09063588844));
#1017 = CARTESIAN_POINT('',(-4.798948170897,-27.14614951557));
#1018 = ( GEOMETRIC_REPRESENTATION_CONTEXT(2) 
PARAMETRIC_REPRESENTATION_CONTEXT() REPRESENTATION_CONTEXT('2D SPACE',''
  ) );
#1019 = PCURVE('',#1020,#1025);
#1020 = CYLINDRICAL_SURFACE('',#1021,1.7);
#1021 = AXIS2_PLACEMENT_3D('',#1022,#1023,#1024);
#1022 = CARTESIAN_POINT('',(-58.333,-28.25,-65.8));
#1023 = DIRECTION('',(0.,-1.,2.22044604925E-16));
#1024 = DIRECTION('',(1.,0.,0.));
#1025 = DEFINITIONAL_REPRESENTATION('',(#1026),#1030);
#1026 = LINE('',#1027,#1028);
#1027 = CARTESIAN_POINT('',(0.,1.));
#1028 = VECTOR('',#1029,1.);
#1029 = DIRECTION('',(1.,0.));
#1030 = ( GEOMETRIC_REPRESENTATION_CONTEXT(2) 
PARAMETRIC_REPRESENTATION_CONTEXT() REPRESENTATION_CONTEXT('2D SPACE',''
  ) );
#1031 = FACE_BOUND('',#1032,.T.);
#1032 = EDGE_LOOP('',(#1033));
#1033 = ORIENTED_EDGE('',*,*,#1034,.T.);
#1034 = EDGE_CURVE('',#1035,#1035,#1037,.T.);
#1035 = VERTEX_POINT('',#1036);
#1036 = CARTESIAN_POINT('',(-122.3,-29.25,-65.8));
#1037 = SURFACE_CURVE('',#1038,(#1043,#1054),.PCURVE_S1.);
#1038 = CIRCLE('',#1039,1.7);
#1039 = AXIS2_PLACEMENT_3D('',#1040,#1041,#1042);
#1040 = CARTESIAN_POINT('',(-124.,-29.25,-65.8));
#1041 = DIRECTION('',(0.,-1.,2.22044604925E-16));
#1042 = DIRECTION('',(1.,0.,0.));
#1043 = PCURVE('',#160,#1044);
#1044 = DEFINITIONAL_REPRESENTATION('',(#1045),#1053);
#1045 = ( BOUNDED_CURVE() B_SPLINE_CURVE(2,(#1046,#1047,#1048,#1049,
#1050,#1051,#1052),.UNSPECIFIED.,.T.,.F.) B_SPLINE_CURVE_WITH_KNOTS((1,2
    ,2,2,2,1),(-2.094395102393,0.,2.094395102393,4.188790204786,
6.28318530718,8.377580409573),.UNSPECIFIED.) CURVE() 
GEOMETRIC_REPRESENTATION_ITEM() RATIONAL_B_SPLINE_CURVE((1.,0.5,1.,0.5,
1.,0.5,1.)) REPRESENTATION_ITEM('') );
#1046 = CARTESIAN_POINT('',(60.868051829103,-27.14614951557));
#1047 = CARTESIAN_POINT('',(60.868051829103,-24.20166314271));
#1048 = CARTESIAN_POINT('',(63.418051829103,-25.67390632914));
#1049 = CARTESIAN_POINT('',(65.968051829103,-27.14614951557));
#1050 = CARTESIAN_POINT('',(63.418051829103,-28.61839270201));
#1051 = CARTESIAN_POINT('',(60.868051829103,-30.09063588844));
#1052 = CARTESIAN_POINT('',(60.868051829103,-27.14614951557));
#1053 = ( GEOMETRIC_REPRESENTATION_CONTEXT(2) 
PARAMETRIC_REPRESENTATION_CONTEXT() REPRESENTATION_CONTEXT('2D SPACE',''
  ) );
#1054 = PCURVE('',#1055,#1060);
#1055 = CYLINDRICAL_SURFACE('',#1056,1.7);
#1056 = AXIS2_PLACEMENT_3D('',#1057,#1058,#1059);
#1057 = CARTESIAN_POINT('',(-124.,-28.25,-65.8));
#1058 = DIRECTION('',(0.,-1.,2.22044604925E-16));
#1059 = DIRECTION('',(1.,0.,0.));
#1060 = DEFINITIONAL_REPRESENTATION('',(#1061),#1065);
#1061 = LINE('',#1062,#1063);
#1062 = CARTESIAN_POINT('',(0.,1.));
#1063 = VECTOR('',#1064,1.);
#1064 = DIRECTION('',(1.,0.));
#1065 = ( GEOMETRIC_REPRESENTATION_CONTEXT(2) 
PARAMETRIC_REPRESENTATION_CONTEXT() REPRESENTATION_CONTEXT('2D SPACE',''
  ) );
#1066 = FACE_BOUND('',#1067,.T.);
#1067 = EDGE_LOOP('',(#1068));
#1068 = ORIENTED_EDGE('',*,*,#1069,.T.);
#1069 = EDGE_CURVE('',#1070,#1070,#1072,.T.);
#1070 = VERTEX_POINT('',#1071);
#1071 = CARTESIAN_POINT('',(-40.633,-29.25,-17.8));
#1072 = SURFACE_CURVE('',#1073,(#1078,#1089),.PCURVE_S1.);
#1073 = CIRCLE('',#1074,1.7);
#1074 = AXIS2_PLACEMENT_3D('',#1075,#1076,#1077);
#1075 = CARTESIAN_POINT('',(-42.333,-29.25,-17.8));
#1076 = DIRECTION('',(0.,-1.,2.22044604925E-16));
#1077 = DIRECTION('',(1.,0.,0.));
#1078 = PCURVE('',#160,#1079);
#1079 = DEFINITIONAL_REPRESENTATION('',(#1080),#1088);
#1080 = ( BOUNDED_CURVE() B_SPLINE_CURVE(2,(#1081,#1082,#1083,#1084,
#1085,#1086,#1087),.UNSPECIFIED.,.T.,.F.) B_SPLINE_CURVE_WITH_KNOTS((1,2
    ,2,2,2,1),(-2.094395102393,0.,2.094395102393,4.188790204786,
6.28318530718,8.377580409573),.UNSPECIFIED.) CURVE() 
GEOMETRIC_REPRESENTATION_ITEM() RATIONAL_B_SPLINE_CURVE((1.,0.5,1.,0.5,
1.,0.5,1.)) REPRESENTATION_ITEM('') );
#1081 = CARTESIAN_POINT('',(-20.79894817089,20.853850484422));
#1082 = CARTESIAN_POINT('',(-20.79894817089,23.798336857289));
#1083 = CARTESIAN_POINT('',(-18.24894817089,22.326093670855));
#1084 = CARTESIAN_POINT('',(-15.69894817089,20.853850484422));
#1085 = CARTESIAN_POINT('',(-18.24894817089,19.381607297988));
#1086 = CARTESIAN_POINT('',(-20.79894817089,17.909364111554));
#1087 = CARTESIAN_POINT('',(-20.79894817089,20.853850484422));
#1088 = ( GEOMETRIC_REPRESENTATION_CONTEXT(2) 
PARAMETRIC_REPRESENTATION_CONTEXT() REPRESENTATION_CONTEXT('2D SPACE',''
  ) );
#1089 = PCURVE('',#1090,#1095);
#1090 = CYLINDRICAL_SURFACE('',#1091,1.7);
#1091 = AXIS2_PLACEMENT_3D('',#1092,#1093,#1094);
#1092 = CARTESIAN_POINT('',(-42.333,-28.25,-17.8));
#1093 = DIRECTION('',(0.,-1.,2.22044604925E-16));
#1094 = DIRECTION('',(1.,0.,0.));
#1095 = DEFINITIONAL_REPRESENTATION('',(#1096),#1100);
#1096 = LINE('',#1097,#1098);
#1097 = CARTESIAN_POINT('',(0.,1.));
#1098 = VECTOR('',#1099,1.);
#1099 = DIRECTION('',(1.,0.));
#1100 = ( GEOMETRIC_REPRESENTATION_CONTEXT(2) 
PARAMETRIC_REPRESENTATION_CONTEXT() REPRESENTATION_CONTEXT('2D SPACE',''
  ) );
#1101 = FACE_BOUND('',#1102,.T.);
#1102 = EDGE_LOOP('',(#1103));
#1103 = ORIENTED_EDGE('',*,*,#1104,.T.);
#1104 = EDGE_CURVE('',#1105,#1105,#1107,.T.);
#1105 = VERTEX_POINT('',#1106);
#1106 = CARTESIAN_POINT('',(-56.633,-29.25,-17.8));
#1107 = SURFACE_CURVE('',#1108,(#1113,#1124),.PCURVE_S1.);
#1108 = CIRCLE('',#1109,1.7);
#1109 = AXIS2_PLACEMENT_3D('',#1110,#1111,#1112);
#1110 = CARTESIAN_POINT('',(-58.333,-29.25,-17.8));
#1111 = DIRECTION('',(0.,-1.,2.22044604925E-16));
#1112 = DIRECTION('',(1.,0.,0.));
#1113 = PCURVE('',#160,#1114);
#1114 = DEFINITIONAL_REPRESENTATION('',(#1115),#1123);
#1115 = ( BOUNDED_CURVE() B_SPLINE_CURVE(2,(#1116,#1117,#1118,#1119,
#1120,#1121,#1122),.UNSPECIFIED.,.T.,.F.) B_SPLINE_CURVE_WITH_KNOTS((1,2
    ,2,2,2,1),(-2.094395102393,0.,2.094395102393,4.188790204786,
6.28318530718,8.377580409573),.UNSPECIFIED.) CURVE() 
GEOMETRIC_REPRESENTATION_ITEM() RATIONAL_B_SPLINE_CURVE((1.,0.5,1.,0.5,
1.,0.5,1.)) REPRESENTATION_ITEM('') );
#1116 = CARTESIAN_POINT('',(-4.798948170897,20.853850484422));
#1117 = CARTESIAN_POINT('',(-4.798948170897,23.798336857289));
#1118 = CARTESIAN_POINT('',(-2.248948170897,22.326093670855));
#1119 = CARTESIAN_POINT('',(0.301051829103,20.853850484422));
#1120 = CARTESIAN_POINT('',(-2.248948170897,19.381607297988));
#1121 = CARTESIAN_POINT('',(-4.798948170897,17.909364111554));
#1122 = CARTESIAN_POINT('',(-4.798948170897,20.853850484422));
#1123 = ( GEOMETRIC_REPRESENTATION_CONTEXT(2) 
PARAMETRIC_REPRESENTATION_CONTEXT() REPRESENTATION_CONTEXT('2D SPACE',''
  ) );
#1124 = PCURVE('',#1125,#1130);
#1125 = CYLINDRICAL_SURFACE('',#1126,1.7);
#1126 = AXIS2_PLACEMENT_3D('',#1127,#1128,#1129);
#1127 = CARTESIAN_POINT('',(-58.333,-28.25,-17.8));
#1128 = DIRECTION('',(0.,-1.,2.22044604925E-16));
#1129 = DIRECTION('',(1.,0.,0.));
#1130 = DEFINITIONAL_REPRESENTATION('',(#1131),#1135);
#1131 = LINE('',#1132,#1133);
#1132 = CARTESIAN_POINT('',(0.,1.));
#1133 = VECTOR('',#1134,1.);
#1134 = DIRECTION('',(1.,0.));
#1135 = ( GEOMETRIC_REPRESENTATION_CONTEXT(2) 
PARAMETRIC_REPRESENTATION_CONTEXT() REPRESENTATION_CONTEXT('2D SPACE',''
  ) );
#1136 = FACE_BOUND('',#1137,.T.);
#1137 = EDGE_LOOP('',(#1138));
#1138 = ORIENTED_EDGE('',*,*,#1139,.T.);
#1139 = EDGE_CURVE('',#1140,#1140,#1142,.T.);
#1140 = VERTEX_POINT('',#1141);
#1141 = CARTESIAN_POINT('',(-122.3,-29.25,-17.8));
#1142 = SURFACE_CURVE('',#1143,(#1148,#1159),.PCURVE_S1.);
#1143 = CIRCLE('',#1144,1.7);
#1144 = AXIS2_PLACEMENT_3D('',#1145,#1146,#1147);
#1145 = CARTESIAN_POINT('',(-124.,-29.25,-17.8));
#1146 = DIRECTION('',(0.,-1.,2.22044604925E-16));
#1147 = DIRECTION('',(1.,0.,0.));
#1148 = PCURVE('',#160,#1149);
#1149 = DEFINITIONAL_REPRESENTATION('',(#1150),#1158);
#1150 = ( BOUNDED_CURVE() B_SPLINE_CURVE(2,(#1151,#1152,#1153,#1154,
#1155,#1156,#1157),.UNSPECIFIED.,.T.,.F.) B_SPLINE_CURVE_WITH_KNOTS((1,2
    ,2,2,2,1),(-2.094395102393,0.,2.094395102393,4.188790204786,
6.28318530718,8.377580409573),.UNSPECIFIED.) CURVE() 
GEOMETRIC_REPRESENTATION_ITEM() RATIONAL_B_SPLINE_CURVE((1.,0.5,1.,0.5,
1.,0.5,1.)) REPRESENTATION_ITEM('') );
#1151 = CARTESIAN_POINT('',(60.868051829103,20.853850484422));
#1152 = CARTESIAN_POINT('',(60.868051829103,23.798336857289));
#1153 = CARTESIAN_POINT('',(63.418051829103,22.326093670855));
#1154 = CARTESIAN_POINT('',(65.968051829103,20.853850484422));
#1155 = CARTESIAN_POINT('',(63.418051829103,19.381607297988));
#1156 = CARTESIAN_POINT('',(60.868051829103,17.909364111554));
#1157 = CARTESIAN_POINT('',(60.868051829103,20.853850484422));
#1158 = ( GEOMETRIC_REPRESENTATION_CONTEXT(2) 
PARAMETRIC_REPRESENTATION_CONTEXT() REPRESENTATION_CONTEXT('2D SPACE',''
  ) );
#1159 = PCURVE('',#1160,#1165);
#1160 = CYLINDRICAL_SURFACE('',#1161,1.7);
#1161 = AXIS2_PLACEMENT_3D('',#1162,#1163,#1164);
#1162 = CARTESIAN_POINT('',(-124.,-28.25,-17.8));
#1163 = DIRECTION('',(0.,-1.,2.22044604925E-16));
#1164 = DIRECTION('',(1.,0.,0.));
#1165 = DEFINITIONAL_REPRESENTATION('',(#1166),#1170);
#1166 = LINE('',#1167,#1168);
#1167 = CARTESIAN_POINT('',(0.,1.));
#1168 = VECTOR('',#1169,1.);
#1169 = DIRECTION('',(1.,0.));
#1170 = ( GEOMETRIC_REPRESENTATION_CONTEXT(2) 
PARAMETRIC_REPRESENTATION_CONTEXT() REPRESENTATION_CONTEXT('2D SPACE',''
  ) );
#1171 = FACE_BOUND('',#1172,.T.);
#1172 = EDGE_LOOP('',(#1173,#1203,#1231,#1259));
#1173 = ORIENTED_EDGE('',*,*,#1174,.F.);
#1174 = EDGE_CURVE('',#1175,#1177,#1179,.T.);
#1175 = VERTEX_POINT('',#1176);
#1176 = CARTESIAN_POINT('',(-89.333,-29.25,8.3));
#1177 = VERTEX_POINT('',#1178);
#1178 = CARTESIAN_POINT('',(-83.333,-29.25,8.3));
#1179 = SURFACE_CURVE('',#1180,(#1184,#1191),.PCURVE_S1.);
#1180 = LINE('',#1181,#1182);
#1181 = CARTESIAN_POINT('',(-89.333,-29.25,8.3));
#1182 = VECTOR('',#1183,1.);
#1183 = DIRECTION('',(1.,0.,0.));
#1184 = PCURVE('',#160,#1185);
#1185 = DEFINITIONAL_REPRESENTATION('',(#1186),#1190);
#1186 = LINE('',#1187,#1188);
#1187 = CARTESIAN_POINT('',(27.901051829103,46.953850484422));
#1188 = VECTOR('',#1189,1.);
#1189 = DIRECTION('',(-1.,0.));
#1190 = ( GEOMETRIC_REPRESENTATION_CONTEXT(2) 
PARAMETRIC_REPRESENTATION_CONTEXT() REPRESENTATION_CONTEXT('2D SPACE',''
  ) );
#1191 = PCURVE('',#1192,#1197);
#1192 = PLANE('',#1193);
#1193 = AXIS2_PLACEMENT_3D('',#1194,#1195,#1196);
#1194 = CARTESIAN_POINT('',(-89.333,-29.25,8.3));
#1195 = DIRECTION('',(0.,0.,1.));
#1196 = DIRECTION('',(1.,0.,0.));
#1197 = DEFINITIONAL_REPRESENTATION('',(#1198),#1202);
#1198 = LINE('',#1199,#1200);
#1199 = CARTESIAN_POINT('',(0.,0.));
#1200 = VECTOR('',#1201,1.);
#1201 = DIRECTION('',(1.,0.));
#1202 = ( GEOMETRIC_REPRESENTATION_CONTEXT(2) 
PARAMETRIC_REPRESENTATION_CONTEXT() REPRESENTATION_CONTEXT('2D SPACE',''
  ) );
#1203 = ORIENTED_EDGE('',*,*,#1204,.F.);
#1204 = EDGE_CURVE('',#1205,#1175,#1207,.T.);
#1205 = VERTEX_POINT('',#1206);
#1206 = CARTESIAN_POINT('',(-89.333,-29.25,-27.9));
#1207 = SURFACE_CURVE('',#1208,(#1212,#1219),.PCURVE_S1.);
#1208 = LINE('',#1209,#1210);
#1209 = CARTESIAN_POINT('',(-89.333,-29.25,-27.9));
#1210 = VECTOR('',#1211,1.);
#1211 = DIRECTION('',(0.,0.,1.));
#1212 = PCURVE('',#160,#1213);
#1213 = DEFINITIONAL_REPRESENTATION('',(#1214),#1218);
#1214 = LINE('',#1215,#1216);
#1215 = CARTESIAN_POINT('',(27.901051829103,10.753850484422));
#1216 = VECTOR('',#1217,1.);
#1217 = DIRECTION('',(0.,1.));
#1218 = ( GEOMETRIC_REPRESENTATION_CONTEXT(2) 
PARAMETRIC_REPRESENTATION_CONTEXT() REPRESENTATION_CONTEXT('2D SPACE',''
  ) );
#1219 = PCURVE('',#1220,#1225);
#1220 = PLANE('',#1221);
#1221 = AXIS2_PLACEMENT_3D('',#1222,#1223,#1224);
#1222 = CARTESIAN_POINT('',(-89.333,-29.25,-27.9));
#1223 = DIRECTION('',(1.,0.,0.));
#1224 = DIRECTION('',(0.,0.,1.));
#1225 = DEFINITIONAL_REPRESENTATION('',(#1226),#1230);
#1226 = LINE('',#1227,#1228);
#1227 = CARTESIAN_POINT('',(0.,0.));
#1228 = VECTOR('',#1229,1.);
#1229 = DIRECTION('',(1.,0.));
#1230 = ( GEOMETRIC_REPRESENTATION_CONTEXT(2) 
PARAMETRIC_REPRESENTATION_CONTEXT() REPRESENTATION_CONTEXT('2D SPACE',''
  ) );
#1231 = ORIENTED_EDGE('',*,*,#1232,.T.);
#1232 = EDGE_CURVE('',#1205,#1233,#1235,.T.);
#1233 = VERTEX_POINT('',#1234);
#1234 = CARTESIAN_POINT('',(-83.333,-29.25,-27.9));
#1235 = SURFACE_CURVE('',#1236,(#1240,#1247),.PCURVE_S1.);
#1236 = LINE('',#1237,#1238);
#1237 = CARTESIAN_POINT('',(-89.333,-29.25,-27.9));
#1238 = VECTOR('',#1239,1.);
#1239 = DIRECTION('',(1.,0.,0.));
#1240 = PCURVE('',#160,#1241);
#1241 = DEFINITIONAL_REPRESENTATION('',(#1242),#1246);
#1242 = LINE('',#1243,#1244);
#1243 = CARTESIAN_POINT('',(27.901051829103,10.753850484422));
#1244 = VECTOR('',#1245,1.);
#1245 = DIRECTION('',(-1.,0.));
#1246 = ( GEOMETRIC_REPRESENTATION_CONTEXT(2) 
PARAMETRIC_REPRESENTATION_CONTEXT() REPRESENTATION_CONTEXT('2D SPACE',''
  ) );
#1247 = PCURVE('',#1248,#1253);
#1248 = PLANE('',#1249);
#1249 = AXIS2_PLACEMENT_3D('',#1250,#1251,#1252);
#1250 = CARTESIAN_POINT('',(-89.333,-29.25,-27.9));
#1251 = DIRECTION('',(0.,0.,1.));
#1252 = DIRECTION('',(1.,0.,0.));
#1253 = DEFINITIONAL_REPRESENTATION('',(#1254),#1258);
#1254 = LINE('',#1255,#1256);
#1255 = CARTESIAN_POINT('',(0.,0.));
#1256 = VECTOR('',#1257,1.);
#1257 = DIRECTION('',(1.,0.));
#1258 = ( GEOMETRIC_REPRESENTATION_CONTEXT(2) 
PARAMETRIC_REPRESENTATION_CONTEXT() REPRESENTATION_CONTEXT('2D SPACE',''
  ) );
#1259 = ORIENTED_EDGE('',*,*,#1260,.T.);
#1260 = EDGE_CURVE('',#1233,#1177,#1261,.T.);
#1261 = SURFACE_CURVE('',#1262,(#1266,#1273),.PCURVE_S1.);
#1262 = LINE('',#1263,#1264);
#1263 = CARTESIAN_POINT('',(-83.333,-29.25,-27.9));
#1264 = VECTOR('',#1265,1.);
#1265 = DIRECTION('',(0.,0.,1.));
#1266 = PCURVE('',#160,#1267);
#1267 = DEFINITIONAL_REPRESENTATION('',(#1268),#1272);
#1268 = LINE('',#1269,#1270);
#1269 = CARTESIAN_POINT('',(21.901051829103,10.753850484422));
#1270 = VECTOR('',#1271,1.);
#1271 = DIRECTION('',(0.,1.));
#1272 = ( GEOMETRIC_REPRESENTATION_CONTEXT(2) 
PARAMETRIC_REPRESENTATION_CONTEXT() REPRESENTATION_CONTEXT('2D SPACE',''
  ) );
#1273 = PCURVE('',#1274,#1279);
#1274 = PLANE('',#1275);
#1275 = AXIS2_PLACEMENT_3D('',#1276,#1277,#1278);
#1276 = CARTESIAN_POINT('',(-83.333,-29.25,-27.9));
#1277 = DIRECTION('',(1.,0.,0.));
#1278 = DIRECTION('',(0.,0.,1.));
#1279 = DEFINITIONAL_REPRESENTATION('',(#1280),#1284);
#1280 = LINE('',#1281,#1282);
#1281 = CARTESIAN_POINT('',(0.,0.));
#1282 = VECTOR('',#1283,1.);
#1283 = DIRECTION('',(1.,0.));
#1284 = ( GEOMETRIC_REPRESENTATION_CONTEXT(2) 
PARAMETRIC_REPRESENTATION_CONTEXT() REPRESENTATION_CONTEXT('2D SPACE',''
  ) );
#1285 = ADVANCED_FACE('',(#1286,#1830,#1860,#1890,#1920,#1950,#1980),
  #106,.F.);
#1286 = FACE_BOUND('',#1287,.F.);
#1287 = EDGE_LOOP('',(#1288,#1289,#1290,#1291,#1314,#1338,#1361,#1385,
    #1408,#1431,#1454,#1477,#1500,#1523,#1546,#1569,#1597,#1620,#1643,
    #1666,#1694,#1717,#1740,#1763,#1786,#1809));
#1288 = ORIENTED_EDGE('',*,*,#205,.T.);
#1289 = ORIENTED_EDGE('',*,*,#90,.T.);
#1290 = ORIENTED_EDGE('',*,*,#252,.T.);
#1291 = ORIENTED_EDGE('',*,*,#1292,.T.);
#1292 = EDGE_CURVE('',#253,#1293,#1295,.T.);
#1293 = VERTEX_POINT('',#1294);
#1294 = CARTESIAN_POINT('',(-95.33300004222,-35.25,6.3));
#1295 = SURFACE_CURVE('',#1296,(#1300,#1307),.PCURVE_S1.);
#1296 = LINE('',#1297,#1298);
#1297 = CARTESIAN_POINT('',(-95.333,-35.25,-7.8));
#1298 = VECTOR('',#1299,1.);
#1299 = DIRECTION('',(0.,0.,1.));
#1300 = PCURVE('',#106,#1301);
#1301 = DEFINITIONAL_REPRESENTATION('',(#1302),#1306);
#1302 = LINE('',#1303,#1304);
#1303 = CARTESIAN_POINT('',(33.901051829103,30.853850484422));
#1304 = VECTOR('',#1305,1.);
#1305 = DIRECTION('',(0.,1.));
#1306 = ( GEOMETRIC_REPRESENTATION_CONTEXT(2) 
PARAMETRIC_REPRESENTATION_CONTEXT() REPRESENTATION_CONTEXT('2D SPACE',''
  ) );
#1307 = PCURVE('',#291,#1308);
#1308 = DEFINITIONAL_REPRESENTATION('',(#1309),#1313);
#1309 = LINE('',#1310,#1311);
#1310 = CARTESIAN_POINT('',(0.,-6.));
#1311 = VECTOR('',#1312,1.);
#1312 = DIRECTION('',(1.,0.));
#1313 = ( GEOMETRIC_REPRESENTATION_CONTEXT(2) 
PARAMETRIC_REPRESENTATION_CONTEXT() REPRESENTATION_CONTEXT('2D SPACE',''
  ) );
#1314 = ORIENTED_EDGE('',*,*,#1315,.T.);
#1315 = EDGE_CURVE('',#1293,#1316,#1318,.T.);
#1316 = VERTEX_POINT('',#1317);
#1317 = CARTESIAN_POINT('',(-89.33300008444,-35.25,12.3));
#1318 = SURFACE_CURVE('',#1319,(#1324,#1331),.PCURVE_S1.);
#1319 = CIRCLE('',#1320,6.);
#1320 = AXIS2_PLACEMENT_3D('',#1321,#1322,#1323);
#1321 = CARTESIAN_POINT('',(-89.33300008444,-35.25,6.3));
#1322 = DIRECTION('',(0.,1.,0.));
#1323 = DIRECTION('',(-1.,0.,0.));
#1324 = PCURVE('',#106,#1325);
#1325 = DEFINITIONAL_REPRESENTATION('',(#1326),#1330);
#1326 = CIRCLE('',#1327,6.);
#1327 = AXIS2_PLACEMENT_2D('',#1328,#1329);
#1328 = CARTESIAN_POINT('',(27.901051913543,44.953850484422));
#1329 = DIRECTION('',(1.,0.));
#1330 = ( GEOMETRIC_REPRESENTATION_CONTEXT(2) 
PARAMETRIC_REPRESENTATION_CONTEXT() REPRESENTATION_CONTEXT('2D SPACE',''
  ) );
#1331 = PCURVE('',#370,#1332);
#1332 = DEFINITIONAL_REPRESENTATION('',(#1333),#1337);
#1333 = LINE('',#1334,#1335);
#1334 = CARTESIAN_POINT('',(0.,-6.));
#1335 = VECTOR('',#1336,1.);
#1336 = DIRECTION('',(1.,0.));
#1337 = ( GEOMETRIC_REPRESENTATION_CONTEXT(2) 
PARAMETRIC_REPRESENTATION_CONTEXT() REPRESENTATION_CONTEXT('2D SPACE',''
  ) );
#1338 = ORIENTED_EDGE('',*,*,#1339,.T.);
#1339 = EDGE_CURVE('',#1316,#1340,#1342,.T.);
#1340 = VERTEX_POINT('',#1341);
#1341 = CARTESIAN_POINT('',(-83.33300004222,-35.25,12.3));
#1342 = SURFACE_CURVE('',#1343,(#1347,#1354),.PCURVE_S1.);
#1343 = LINE('',#1344,#1345);
#1344 = CARTESIAN_POINT('',(-95.333,-35.25,12.3));
#1345 = VECTOR('',#1346,1.);
#1346 = DIRECTION('',(1.,0.,0.));
#1347 = PCURVE('',#106,#1348);
#1348 = DEFINITIONAL_REPRESENTATION('',(#1349),#1353);
#1349 = LINE('',#1350,#1351);
#1350 = CARTESIAN_POINT('',(33.901051829103,50.953850484422));
#1351 = VECTOR('',#1352,1.);
#1352 = DIRECTION('',(-1.,0.));
#1353 = ( GEOMETRIC_REPRESENTATION_CONTEXT(2) 
PARAMETRIC_REPRESENTATION_CONTEXT() REPRESENTATION_CONTEXT('2D SPACE',''
  ) );
#1354 = PCURVE('',#398,#1355);
#1355 = DEFINITIONAL_REPRESENTATION('',(#1356),#1360);
#1356 = LINE('',#1357,#1358);
#1357 = CARTESIAN_POINT('',(-5.999999915559,-6.));
#1358 = VECTOR('',#1359,1.);
#1359 = DIRECTION('',(1.,0.));
#1360 = ( GEOMETRIC_REPRESENTATION_CONTEXT(2) 
PARAMETRIC_REPRESENTATION_CONTEXT() REPRESENTATION_CONTEXT('2D SPACE',''
  ) );
#1361 = ORIENTED_EDGE('',*,*,#1362,.T.);
#1362 = EDGE_CURVE('',#1340,#1363,#1365,.T.);
#1363 = VERTEX_POINT('',#1364);
#1364 = CARTESIAN_POINT('',(-77.33300002111,-35.25,6.3));
#1365 = SURFACE_CURVE('',#1366,(#1371,#1378),.PCURVE_S1.);
#1366 = CIRCLE('',#1367,6.);
#1367 = AXIS2_PLACEMENT_3D('',#1368,#1369,#1370);
#1368 = CARTESIAN_POINT('',(-83.33300004222,-35.25,6.3));
#1369 = DIRECTION('',(0.,1.,0.));
#1370 = DIRECTION('',(-1.,0.,0.));
#1371 = PCURVE('',#106,#1372);
#1372 = DEFINITIONAL_REPRESENTATION('',(#1373),#1377);
#1373 = CIRCLE('',#1374,6.);
#1374 = AXIS2_PLACEMENT_2D('',#1375,#1376);
#1375 = CARTESIAN_POINT('',(21.901051871323,44.953850484422));
#1376 = DIRECTION('',(1.,0.));
#1377 = ( GEOMETRIC_REPRESENTATION_CONTEXT(2) 
PARAMETRIC_REPRESENTATION_CONTEXT() REPRESENTATION_CONTEXT('2D SPACE',''
  ) );
#1378 = PCURVE('',#427,#1379);
#1379 = DEFINITIONAL_REPRESENTATION('',(#1380),#1384);
#1380 = LINE('',#1381,#1382);
#1381 = CARTESIAN_POINT('',(0.,-6.));
#1382 = VECTOR('',#1383,1.);
#1383 = DIRECTION('',(1.,0.));
#1384 = ( GEOMETRIC_REPRESENTATION_CONTEXT(2) 
PARAMETRIC_REPRESENTATION_CONTEXT() REPRESENTATION_CONTEXT('2D SPACE',''
  ) );
#1385 = ORIENTED_EDGE('',*,*,#1386,.T.);
#1386 = EDGE_CURVE('',#1363,#1387,#1389,.T.);
#1387 = VERTEX_POINT('',#1388);
#1388 = CARTESIAN_POINT('',(-77.333,-35.25,-7.8));
#1389 = SURFACE_CURVE('',#1390,(#1394,#1401),.PCURVE_S1.);
#1390 = LINE('',#1391,#1392);
#1391 = CARTESIAN_POINT('',(-77.333,-35.25,12.3));
#1392 = VECTOR('',#1393,1.);
#1393 = DIRECTION('',(0.,0.,-1.));
#1394 = PCURVE('',#106,#1395);
#1395 = DEFINITIONAL_REPRESENTATION('',(#1396),#1400);
#1396 = LINE('',#1397,#1398);
#1397 = CARTESIAN_POINT('',(15.901051829103,50.953850484422));
#1398 = VECTOR('',#1399,1.);
#1399 = DIRECTION('',(0.,-1.));
#1400 = ( GEOMETRIC_REPRESENTATION_CONTEXT(2) 
PARAMETRIC_REPRESENTATION_CONTEXT() REPRESENTATION_CONTEXT('2D SPACE',''
  ) );
#1401 = PCURVE('',#455,#1402);
#1402 = DEFINITIONAL_REPRESENTATION('',(#1403),#1407);
#1403 = LINE('',#1404,#1405);
#1404 = CARTESIAN_POINT('',(-6.,-6.));
#1405 = VECTOR('',#1406,1.);
#1406 = DIRECTION('',(1.,0.));
#1407 = ( GEOMETRIC_REPRESENTATION_CONTEXT(2) 
PARAMETRIC_REPRESENTATION_CONTEXT() REPRESENTATION_CONTEXT('2D SPACE',''
  ) );
#1408 = ORIENTED_EDGE('',*,*,#1409,.T.);
#1409 = EDGE_CURVE('',#1387,#1410,#1412,.T.);
#1410 = VERTEX_POINT('',#1411);
#1411 = CARTESIAN_POINT('',(-56.297553,-35.25,-7.8));
#1412 = SURFACE_CURVE('',#1413,(#1417,#1424),.PCURVE_S1.);
#1413 = LINE('',#1414,#1415);
#1414 = CARTESIAN_POINT('',(-77.333,-35.25,-7.8));
#1415 = VECTOR('',#1416,1.);
#1416 = DIRECTION('',(1.,0.,0.));
#1417 = PCURVE('',#106,#1418);
#1418 = DEFINITIONAL_REPRESENTATION('',(#1419),#1423);
#1419 = LINE('',#1420,#1421);
#1420 = CARTESIAN_POINT('',(15.901051829103,30.853850484422));
#1421 = VECTOR('',#1422,1.);
#1422 = DIRECTION('',(-1.,0.));
#1423 = ( GEOMETRIC_REPRESENTATION_CONTEXT(2) 
PARAMETRIC_REPRESENTATION_CONTEXT() REPRESENTATION_CONTEXT('2D SPACE',''
  ) );
#1424 = PCURVE('',#483,#1425);
#1425 = DEFINITIONAL_REPRESENTATION('',(#1426),#1430);
#1426 = LINE('',#1427,#1428);
#1427 = CARTESIAN_POINT('',(0.,-6.));
#1428 = VECTOR('',#1429,1.);
#1429 = DIRECTION('',(1.,0.));
#1430 = ( GEOMETRIC_REPRESENTATION_CONTEXT(2) 
PARAMETRIC_REPRESENTATION_CONTEXT() REPRESENTATION_CONTEXT('2D SPACE',''
  ) );
#1431 = ORIENTED_EDGE('',*,*,#1432,.T.);
#1432 = EDGE_CURVE('',#1410,#1433,#1435,.T.);
#1433 = VERTEX_POINT('',#1434);
#1434 = CARTESIAN_POINT('',(-36.197553,-35.25,12.3));
#1435 = SURFACE_CURVE('',#1436,(#1440,#1447),.PCURVE_S1.);
#1436 = LINE('',#1437,#1438);
#1437 = CARTESIAN_POINT('',(-56.297553,-35.25,-7.8));
#1438 = VECTOR('',#1439,1.);
#1439 = DIRECTION('',(0.707106781187,0.,0.707106781187));
#1440 = PCURVE('',#106,#1441);
#1441 = DEFINITIONAL_REPRESENTATION('',(#1442),#1446);
#1442 = LINE('',#1443,#1444);
#1443 = CARTESIAN_POINT('',(-5.134395170897,30.853850484422));
#1444 = VECTOR('',#1445,1.);
#1445 = DIRECTION('',(-0.707106781187,0.707106781187));
#1446 = ( GEOMETRIC_REPRESENTATION_CONTEXT(2) 
PARAMETRIC_REPRESENTATION_CONTEXT() REPRESENTATION_CONTEXT('2D SPACE',''
  ) );
#1447 = PCURVE('',#511,#1448);
#1448 = DEFINITIONAL_REPRESENTATION('',(#1449),#1453);
#1449 = LINE('',#1450,#1451);
#1450 = CARTESIAN_POINT('',(0.,-6.));
#1451 = VECTOR('',#1452,1.);
#1452 = DIRECTION('',(1.,0.));
#1453 = ( GEOMETRIC_REPRESENTATION_CONTEXT(2) 
PARAMETRIC_REPRESENTATION_CONTEXT() REPRESENTATION_CONTEXT('2D SPACE',''
  ) );
#1454 = ORIENTED_EDGE('',*,*,#1455,.T.);
#1455 = EDGE_CURVE('',#1433,#1456,#1458,.T.);
#1456 = VERTEX_POINT('',#1457);
#1457 = CARTESIAN_POINT('',(-22.40138964254,-35.25,12.3));
#1458 = SURFACE_CURVE('',#1459,(#1463,#1470),.PCURVE_S1.);
#1459 = LINE('',#1460,#1461);
#1460 = CARTESIAN_POINT('',(-36.197553,-35.25,12.3));
#1461 = VECTOR('',#1462,1.);
#1462 = DIRECTION('',(1.,0.,0.));
#1463 = PCURVE('',#106,#1464);
#1464 = DEFINITIONAL_REPRESENTATION('',(#1465),#1469);
#1465 = LINE('',#1466,#1467);
#1466 = CARTESIAN_POINT('',(-25.23439517089,50.953850484422));
#1467 = VECTOR('',#1468,1.);
#1468 = DIRECTION('',(-1.,0.));
#1469 = ( GEOMETRIC_REPRESENTATION_CONTEXT(2) 
PARAMETRIC_REPRESENTATION_CONTEXT() REPRESENTATION_CONTEXT('2D SPACE',''
  ) );
#1470 = PCURVE('',#539,#1471);
#1471 = DEFINITIONAL_REPRESENTATION('',(#1472),#1476);
#1472 = LINE('',#1473,#1474);
#1473 = CARTESIAN_POINT('',(0.,-6.));
#1474 = VECTOR('',#1475,1.);
#1475 = DIRECTION('',(1.,0.));
#1476 = ( GEOMETRIC_REPRESENTATION_CONTEXT(2) 
PARAMETRIC_REPRESENTATION_CONTEXT() REPRESENTATION_CONTEXT('2D SPACE',''
  ) );
#1477 = ORIENTED_EDGE('',*,*,#1478,.F.);
#1478 = EDGE_CURVE('',#1479,#1456,#1481,.T.);
#1479 = VERTEX_POINT('',#1480);
#1480 = CARTESIAN_POINT('',(-22.40138964254,-35.25,0.));
#1481 = SURFACE_CURVE('',#1482,(#1486,#1493),.PCURVE_S1.);
#1482 = LINE('',#1483,#1484);
#1483 = CARTESIAN_POINT('',(-22.40138964254,-35.25,-96.9));
#1484 = VECTOR('',#1485,1.);
#1485 = DIRECTION('',(0.,0.,1.));
#1486 = PCURVE('',#106,#1487);
#1487 = DEFINITIONAL_REPRESENTATION('',(#1488),#1492);
#1488 = LINE('',#1489,#1490);
#1489 = CARTESIAN_POINT('',(-39.03055852835,-58.24614951557));
#1490 = VECTOR('',#1491,1.);
#1491 = DIRECTION('',(0.,1.));
#1492 = ( GEOMETRIC_REPRESENTATION_CONTEXT(2) 
PARAMETRIC_REPRESENTATION_CONTEXT() REPRESENTATION_CONTEXT('2D SPACE',''
  ) );
#1493 = PCURVE('',#567,#1494);
#1494 = DEFINITIONAL_REPRESENTATION('',(#1495),#1499);
#1495 = LINE('',#1496,#1497);
#1496 = CARTESIAN_POINT('',(0.,0.));
#1497 = VECTOR('',#1498,1.);
#1498 = DIRECTION('',(0.,-1.));
#1499 = ( GEOMETRIC_REPRESENTATION_CONTEXT(2) 
PARAMETRIC_REPRESENTATION_CONTEXT() REPRESENTATION_CONTEXT('2D SPACE',''
  ) );
#1500 = ORIENTED_EDGE('',*,*,#1501,.T.);
#1501 = EDGE_CURVE('',#1479,#1502,#1504,.T.);
#1502 = VERTEX_POINT('',#1503);
#1503 = CARTESIAN_POINT('',(-37.,-35.25,0.));
#1504 = SURFACE_CURVE('',#1505,(#1509,#1516),.PCURVE_S1.);
#1505 = LINE('',#1506,#1507);
#1506 = CARTESIAN_POINT('',(-16.40138964254,-35.25,0.));
#1507 = VECTOR('',#1508,1.);
#1508 = DIRECTION('',(-1.,0.,0.));
#1509 = PCURVE('',#106,#1510);
#1510 = DEFINITIONAL_REPRESENTATION('',(#1511),#1515);
#1511 = LINE('',#1512,#1513);
#1512 = CARTESIAN_POINT('',(-45.03055852835,38.653850484422));
#1513 = VECTOR('',#1514,1.);
#1514 = DIRECTION('',(1.,0.));
#1515 = ( GEOMETRIC_REPRESENTATION_CONTEXT(2) 
PARAMETRIC_REPRESENTATION_CONTEXT() REPRESENTATION_CONTEXT('2D SPACE',''
  ) );
#1516 = PCURVE('',#594,#1517);
#1517 = DEFINITIONAL_REPRESENTATION('',(#1518),#1522);
#1518 = LINE('',#1519,#1520);
#1519 = CARTESIAN_POINT('',(0.,-6.));
#1520 = VECTOR('',#1521,1.);
#1521 = DIRECTION('',(1.,0.));
#1522 = ( GEOMETRIC_REPRESENTATION_CONTEXT(2) 
PARAMETRIC_REPRESENTATION_CONTEXT() REPRESENTATION_CONTEXT('2D SPACE',''
  ) );
#1523 = ORIENTED_EDGE('',*,*,#1524,.T.);
#1524 = EDGE_CURVE('',#1502,#1525,#1527,.T.);
#1525 = VERTEX_POINT('',#1526);
#1526 = CARTESIAN_POINT('',(-37.,-35.25,-13.2));
#1527 = SURFACE_CURVE('',#1528,(#1532,#1539),.PCURVE_S1.);
#1528 = LINE('',#1529,#1530);
#1529 = CARTESIAN_POINT('',(-37.,-35.25,0.));
#1530 = VECTOR('',#1531,1.);
#1531 = DIRECTION('',(0.,0.,-1.));
#1532 = PCURVE('',#106,#1533);
#1533 = DEFINITIONAL_REPRESENTATION('',(#1534),#1538);
#1534 = LINE('',#1535,#1536);
#1535 = CARTESIAN_POINT('',(-24.43194817089,38.653850484422));
#1536 = VECTOR('',#1537,1.);
#1537 = DIRECTION('',(0.,-1.));
#1538 = ( GEOMETRIC_REPRESENTATION_CONTEXT(2) 
PARAMETRIC_REPRESENTATION_CONTEXT() REPRESENTATION_CONTEXT('2D SPACE',''
  ) );
#1539 = PCURVE('',#622,#1540);
#1540 = DEFINITIONAL_REPRESENTATION('',(#1541),#1545);
#1541 = LINE('',#1542,#1543);
#1542 = CARTESIAN_POINT('',(0.,-6.));
#1543 = VECTOR('',#1544,1.);
#1544 = DIRECTION('',(1.,0.));
#1545 = ( GEOMETRIC_REPRESENTATION_CONTEXT(2) 
PARAMETRIC_REPRESENTATION_CONTEXT() REPRESENTATION_CONTEXT('2D SPACE',''
  ) );
#1546 = ORIENTED_EDGE('',*,*,#1547,.T.);
#1547 = EDGE_CURVE('',#1525,#1548,#1550,.T.);
#1548 = VERTEX_POINT('',#1549);
#1549 = CARTESIAN_POINT('',(-22.40138964254,-35.25,-13.2));
#1550 = SURFACE_CURVE('',#1551,(#1555,#1562),.PCURVE_S1.);
#1551 = LINE('',#1552,#1553);
#1552 = CARTESIAN_POINT('',(-37.,-35.25,-13.2));
#1553 = VECTOR('',#1554,1.);
#1554 = DIRECTION('',(1.,0.,0.));
#1555 = PCURVE('',#106,#1556);
#1556 = DEFINITIONAL_REPRESENTATION('',(#1557),#1561);
#1557 = LINE('',#1558,#1559);
#1558 = CARTESIAN_POINT('',(-24.43194817089,25.453850484422));
#1559 = VECTOR('',#1560,1.);
#1560 = DIRECTION('',(-1.,0.));
#1561 = ( GEOMETRIC_REPRESENTATION_CONTEXT(2) 
PARAMETRIC_REPRESENTATION_CONTEXT() REPRESENTATION_CONTEXT('2D SPACE',''
  ) );
#1562 = PCURVE('',#650,#1563);
#1563 = DEFINITIONAL_REPRESENTATION('',(#1564),#1568);
#1564 = LINE('',#1565,#1566);
#1565 = CARTESIAN_POINT('',(0.,-6.));
#1566 = VECTOR('',#1567,1.);
#1567 = DIRECTION('',(1.,0.));
#1568 = ( GEOMETRIC_REPRESENTATION_CONTEXT(2) 
PARAMETRIC_REPRESENTATION_CONTEXT() REPRESENTATION_CONTEXT('2D SPACE',''
  ) );
#1569 = ORIENTED_EDGE('',*,*,#1570,.F.);
#1570 = EDGE_CURVE('',#1571,#1548,#1573,.T.);
#1571 = VERTEX_POINT('',#1572);
#1572 = CARTESIAN_POINT('',(-22.40138964254,-35.25,-25.7));
#1573 = SURFACE_CURVE('',#1574,(#1578,#1585),.PCURVE_S1.);
#1574 = LINE('',#1575,#1576);
#1575 = CARTESIAN_POINT('',(-22.40138964254,-35.25,-96.9));
#1576 = VECTOR('',#1577,1.);
#1577 = DIRECTION('',(0.,0.,1.));
#1578 = PCURVE('',#106,#1579);
#1579 = DEFINITIONAL_REPRESENTATION('',(#1580),#1584);
#1580 = LINE('',#1581,#1582);
#1581 = CARTESIAN_POINT('',(-39.03055852835,-58.24614951557));
#1582 = VECTOR('',#1583,1.);
#1583 = DIRECTION('',(0.,1.));
#1584 = ( GEOMETRIC_REPRESENTATION_CONTEXT(2) 
PARAMETRIC_REPRESENTATION_CONTEXT() REPRESENTATION_CONTEXT('2D SPACE',''
  ) );
#1585 = PCURVE('',#1586,#1591);
#1586 = CYLINDRICAL_SURFACE('',#1587,6.);
#1587 = AXIS2_PLACEMENT_3D('',#1588,#1589,#1590);
#1588 = CARTESIAN_POINT('',(-22.40138964254,-29.25,-96.9));
#1589 = DIRECTION('',(0.,0.,-1.));
#1590 = DIRECTION('',(1.184237892933E-15,-1.,0.));
#1591 = DEFINITIONAL_REPRESENTATION('',(#1592),#1596);
#1592 = LINE('',#1593,#1594);
#1593 = CARTESIAN_POINT('',(0.,0.));
#1594 = VECTOR('',#1595,1.);
#1595 = DIRECTION('',(0.,-1.));
#1596 = ( GEOMETRIC_REPRESENTATION_CONTEXT(2) 
PARAMETRIC_REPRESENTATION_CONTEXT() REPRESENTATION_CONTEXT('2D SPACE',''
  ) );
#1597 = ORIENTED_EDGE('',*,*,#1598,.T.);
#1598 = EDGE_CURVE('',#1571,#1599,#1601,.T.);
#1599 = VERTEX_POINT('',#1600);
#1600 = CARTESIAN_POINT('',(-37.,-35.25,-25.7));
#1601 = SURFACE_CURVE('',#1602,(#1606,#1613),.PCURVE_S1.);
#1602 = LINE('',#1603,#1604);
#1603 = CARTESIAN_POINT('',(-16.40138964254,-35.25,-25.7));
#1604 = VECTOR('',#1605,1.);
#1605 = DIRECTION('',(-1.,0.,0.));
#1606 = PCURVE('',#106,#1607);
#1607 = DEFINITIONAL_REPRESENTATION('',(#1608),#1612);
#1608 = LINE('',#1609,#1610);
#1609 = CARTESIAN_POINT('',(-45.03055852835,12.953850484422));
#1610 = VECTOR('',#1611,1.);
#1611 = DIRECTION('',(1.,0.));
#1612 = ( GEOMETRIC_REPRESENTATION_CONTEXT(2) 
PARAMETRIC_REPRESENTATION_CONTEXT() REPRESENTATION_CONTEXT('2D SPACE',''
  ) );
#1613 = PCURVE('',#706,#1614);
#1614 = DEFINITIONAL_REPRESENTATION('',(#1615),#1619);
#1615 = LINE('',#1616,#1617);
#1616 = CARTESIAN_POINT('',(0.,-6.));
#1617 = VECTOR('',#1618,1.);
#1618 = DIRECTION('',(1.,0.));
#1619 = ( GEOMETRIC_REPRESENTATION_CONTEXT(2) 
PARAMETRIC_REPRESENTATION_CONTEXT() REPRESENTATION_CONTEXT('2D SPACE',''
  ) );
#1620 = ORIENTED_EDGE('',*,*,#1621,.T.);
#1621 = EDGE_CURVE('',#1599,#1622,#1624,.T.);
#1622 = VERTEX_POINT('',#1623);
#1623 = CARTESIAN_POINT('',(-37.,-35.25,-57.9));
#1624 = SURFACE_CURVE('',#1625,(#1629,#1636),.PCURVE_S1.);
#1625 = LINE('',#1626,#1627);
#1626 = CARTESIAN_POINT('',(-37.,-35.25,-25.7));
#1627 = VECTOR('',#1628,1.);
#1628 = DIRECTION('',(0.,0.,-1.));
#1629 = PCURVE('',#106,#1630);
#1630 = DEFINITIONAL_REPRESENTATION('',(#1631),#1635);
#1631 = LINE('',#1632,#1633);
#1632 = CARTESIAN_POINT('',(-24.43194817089,12.953850484422));
#1633 = VECTOR('',#1634,1.);
#1634 = DIRECTION('',(0.,-1.));
#1635 = ( GEOMETRIC_REPRESENTATION_CONTEXT(2) 
PARAMETRIC_REPRESENTATION_CONTEXT() REPRESENTATION_CONTEXT('2D SPACE',''
  ) );
#1636 = PCURVE('',#734,#1637);
#1637 = DEFINITIONAL_REPRESENTATION('',(#1638),#1642);
#1638 = LINE('',#1639,#1640);
#1639 = CARTESIAN_POINT('',(0.,-6.));
#1640 = VECTOR('',#1641,1.);
#1641 = DIRECTION('',(1.,0.));
#1642 = ( GEOMETRIC_REPRESENTATION_CONTEXT(2) 
PARAMETRIC_REPRESENTATION_CONTEXT() REPRESENTATION_CONTEXT('2D SPACE',''
  ) );
#1643 = ORIENTED_EDGE('',*,*,#1644,.T.);
#1644 = EDGE_CURVE('',#1622,#1645,#1647,.T.);
#1645 = VERTEX_POINT('',#1646);
#1646 = CARTESIAN_POINT('',(-22.40138964254,-35.25,-57.9));
#1647 = SURFACE_CURVE('',#1648,(#1652,#1659),.PCURVE_S1.);
#1648 = LINE('',#1649,#1650);
#1649 = CARTESIAN_POINT('',(-37.,-35.25,-57.9));
#1650 = VECTOR('',#1651,1.);
#1651 = DIRECTION('',(1.,0.,0.));
#1652 = PCURVE('',#106,#1653);
#1653 = DEFINITIONAL_REPRESENTATION('',(#1654),#1658);
#1654 = LINE('',#1655,#1656);
#1655 = CARTESIAN_POINT('',(-24.43194817089,-19.24614951557));
#1656 = VECTOR('',#1657,1.);
#1657 = DIRECTION('',(-1.,0.));
#1658 = ( GEOMETRIC_REPRESENTATION_CONTEXT(2) 
PARAMETRIC_REPRESENTATION_CONTEXT() REPRESENTATION_CONTEXT('2D SPACE',''
  ) );
#1659 = PCURVE('',#762,#1660);
#1660 = DEFINITIONAL_REPRESENTATION('',(#1661),#1665);
#1661 = LINE('',#1662,#1663);
#1662 = CARTESIAN_POINT('',(0.,-6.));
#1663 = VECTOR('',#1664,1.);
#1664 = DIRECTION('',(1.,0.));
#1665 = ( GEOMETRIC_REPRESENTATION_CONTEXT(2) 
PARAMETRIC_REPRESENTATION_CONTEXT() REPRESENTATION_CONTEXT('2D SPACE',''
  ) );
#1666 = ORIENTED_EDGE('',*,*,#1667,.F.);
#1667 = EDGE_CURVE('',#1668,#1645,#1670,.T.);
#1668 = VERTEX_POINT('',#1669);
#1669 = CARTESIAN_POINT('',(-22.40138964254,-35.25,-70.4));
#1670 = SURFACE_CURVE('',#1671,(#1675,#1682),.PCURVE_S1.);
#1671 = LINE('',#1672,#1673);
#1672 = CARTESIAN_POINT('',(-22.40138964254,-35.25,-96.9));
#1673 = VECTOR('',#1674,1.);
#1674 = DIRECTION('',(0.,0.,1.));
#1675 = PCURVE('',#106,#1676);
#1676 = DEFINITIONAL_REPRESENTATION('',(#1677),#1681);
#1677 = LINE('',#1678,#1679);
#1678 = CARTESIAN_POINT('',(-39.03055852835,-58.24614951557));
#1679 = VECTOR('',#1680,1.);
#1680 = DIRECTION('',(0.,1.));
#1681 = ( GEOMETRIC_REPRESENTATION_CONTEXT(2) 
PARAMETRIC_REPRESENTATION_CONTEXT() REPRESENTATION_CONTEXT('2D SPACE',''
  ) );
#1682 = PCURVE('',#1683,#1688);
#1683 = CYLINDRICAL_SURFACE('',#1684,6.);
#1684 = AXIS2_PLACEMENT_3D('',#1685,#1686,#1687);
#1685 = CARTESIAN_POINT('',(-22.40138964254,-29.25,-96.9));
#1686 = DIRECTION('',(0.,0.,-1.));
#1687 = DIRECTION('',(1.184237892933E-15,-1.,0.));
#1688 = DEFINITIONAL_REPRESENTATION('',(#1689),#1693);
#1689 = LINE('',#1690,#1691);
#1690 = CARTESIAN_POINT('',(0.,0.));
#1691 = VECTOR('',#1692,1.);
#1692 = DIRECTION('',(0.,-1.));
#1693 = ( GEOMETRIC_REPRESENTATION_CONTEXT(2) 
PARAMETRIC_REPRESENTATION_CONTEXT() REPRESENTATION_CONTEXT('2D SPACE',''
  ) );
#1694 = ORIENTED_EDGE('',*,*,#1695,.T.);
#1695 = EDGE_CURVE('',#1668,#1696,#1698,.T.);
#1696 = VERTEX_POINT('',#1697);
#1697 = CARTESIAN_POINT('',(-37.,-35.25,-70.4));
#1698 = SURFACE_CURVE('',#1699,(#1703,#1710),.PCURVE_S1.);
#1699 = LINE('',#1700,#1701);
#1700 = CARTESIAN_POINT('',(-16.40138964254,-35.25,-70.4));
#1701 = VECTOR('',#1702,1.);
#1702 = DIRECTION('',(-1.,0.,0.));
#1703 = PCURVE('',#106,#1704);
#1704 = DEFINITIONAL_REPRESENTATION('',(#1705),#1709);
#1705 = LINE('',#1706,#1707);
#1706 = CARTESIAN_POINT('',(-45.03055852835,-31.74614951557));
#1707 = VECTOR('',#1708,1.);
#1708 = DIRECTION('',(1.,0.));
#1709 = ( GEOMETRIC_REPRESENTATION_CONTEXT(2) 
PARAMETRIC_REPRESENTATION_CONTEXT() REPRESENTATION_CONTEXT('2D SPACE',''
  ) );
#1710 = PCURVE('',#818,#1711);
#1711 = DEFINITIONAL_REPRESENTATION('',(#1712),#1716);
#1712 = LINE('',#1713,#1714);
#1713 = CARTESIAN_POINT('',(0.,-6.));
#1714 = VECTOR('',#1715,1.);
#1715 = DIRECTION('',(1.,0.));
#1716 = ( GEOMETRIC_REPRESENTATION_CONTEXT(2) 
PARAMETRIC_REPRESENTATION_CONTEXT() REPRESENTATION_CONTEXT('2D SPACE',''
  ) );
#1717 = ORIENTED_EDGE('',*,*,#1718,.T.);
#1718 = EDGE_CURVE('',#1696,#1719,#1721,.T.);
#1719 = VERTEX_POINT('',#1720);
#1720 = CARTESIAN_POINT('',(-37.,-35.25,-83.6));
#1721 = SURFACE_CURVE('',#1722,(#1726,#1733),.PCURVE_S1.);
#1722 = LINE('',#1723,#1724);
#1723 = CARTESIAN_POINT('',(-37.,-35.25,-70.4));
#1724 = VECTOR('',#1725,1.);
#1725 = DIRECTION('',(0.,0.,-1.));
#1726 = PCURVE('',#106,#1727);
#1727 = DEFINITIONAL_REPRESENTATION('',(#1728),#1732);
#1728 = LINE('',#1729,#1730);
#1729 = CARTESIAN_POINT('',(-24.43194817089,-31.74614951557));
#1730 = VECTOR('',#1731,1.);
#1731 = DIRECTION('',(0.,-1.));
#1732 = ( GEOMETRIC_REPRESENTATION_CONTEXT(2) 
PARAMETRIC_REPRESENTATION_CONTEXT() REPRESENTATION_CONTEXT('2D SPACE',''
  ) );
#1733 = PCURVE('',#846,#1734);
#1734 = DEFINITIONAL_REPRESENTATION('',(#1735),#1739);
#1735 = LINE('',#1736,#1737);
#1736 = CARTESIAN_POINT('',(0.,-6.));
#1737 = VECTOR('',#1738,1.);
#1738 = DIRECTION('',(1.,0.));
#1739 = ( GEOMETRIC_REPRESENTATION_CONTEXT(2) 
PARAMETRIC_REPRESENTATION_CONTEXT() REPRESENTATION_CONTEXT('2D SPACE',''
  ) );
#1740 = ORIENTED_EDGE('',*,*,#1741,.T.);
#1741 = EDGE_CURVE('',#1719,#1742,#1744,.T.);
#1742 = VERTEX_POINT('',#1743);
#1743 = CARTESIAN_POINT('',(-22.40138964254,-35.25,-83.6));
#1744 = SURFACE_CURVE('',#1745,(#1749,#1756),.PCURVE_S1.);
#1745 = LINE('',#1746,#1747);
#1746 = CARTESIAN_POINT('',(-37.,-35.25,-83.6));
#1747 = VECTOR('',#1748,1.);
#1748 = DIRECTION('',(1.,0.,0.));
#1749 = PCURVE('',#106,#1750);
#1750 = DEFINITIONAL_REPRESENTATION('',(#1751),#1755);
#1751 = LINE('',#1752,#1753);
#1752 = CARTESIAN_POINT('',(-24.43194817089,-44.94614951557));
#1753 = VECTOR('',#1754,1.);
#1754 = DIRECTION('',(-1.,0.));
#1755 = ( GEOMETRIC_REPRESENTATION_CONTEXT(2) 
PARAMETRIC_REPRESENTATION_CONTEXT() REPRESENTATION_CONTEXT('2D SPACE',''
  ) );
#1756 = PCURVE('',#874,#1757);
#1757 = DEFINITIONAL_REPRESENTATION('',(#1758),#1762);
#1758 = LINE('',#1759,#1760);
#1759 = CARTESIAN_POINT('',(0.,-6.));
#1760 = VECTOR('',#1761,1.);
#1761 = DIRECTION('',(1.,0.));
#1762 = ( GEOMETRIC_REPRESENTATION_CONTEXT(2) 
PARAMETRIC_REPRESENTATION_CONTEXT() REPRESENTATION_CONTEXT('2D SPACE',''
  ) );
#1763 = ORIENTED_EDGE('',*,*,#1764,.F.);
#1764 = EDGE_CURVE('',#1765,#1742,#1767,.T.);
#1765 = VERTEX_POINT('',#1766);
#1766 = CARTESIAN_POINT('',(-22.40138964254,-35.25,-95.9));
#1767 = SURFACE_CURVE('',#1768,(#1772,#1779),.PCURVE_S1.);
#1768 = LINE('',#1769,#1770);
#1769 = CARTESIAN_POINT('',(-22.40138964254,-35.25,-96.9));
#1770 = VECTOR('',#1771,1.);
#1771 = DIRECTION('',(0.,0.,1.));
#1772 = PCURVE('',#106,#1773);
#1773 = DEFINITIONAL_REPRESENTATION('',(#1774),#1778);
#1774 = LINE('',#1775,#1776);
#1775 = CARTESIAN_POINT('',(-39.03055852835,-58.24614951557));
#1776 = VECTOR('',#1777,1.);
#1777 = DIRECTION('',(0.,1.));
#1778 = ( GEOMETRIC_REPRESENTATION_CONTEXT(2) 
PARAMETRIC_REPRESENTATION_CONTEXT() REPRESENTATION_CONTEXT('2D SPACE',''
  ) );
#1779 = PCURVE('',#902,#1780);
#1780 = DEFINITIONAL_REPRESENTATION('',(#1781),#1785);
#1781 = LINE('',#1782,#1783);
#1782 = CARTESIAN_POINT('',(0.,0.));
#1783 = VECTOR('',#1784,1.);
#1784 = DIRECTION('',(0.,-1.));
#1785 = ( GEOMETRIC_REPRESENTATION_CONTEXT(2) 
PARAMETRIC_REPRESENTATION_CONTEXT() REPRESENTATION_CONTEXT('2D SPACE',''
  ) );
#1786 = ORIENTED_EDGE('',*,*,#1787,.T.);
#1787 = EDGE_CURVE('',#1765,#1788,#1790,.T.);
#1788 = VERTEX_POINT('',#1789);
#1789 = CARTESIAN_POINT('',(-37.,-35.25,-95.9));
#1790 = SURFACE_CURVE('',#1791,(#1795,#1802),.PCURVE_S1.);
#1791 = LINE('',#1792,#1793);
#1792 = CARTESIAN_POINT('',(-16.40138964254,-35.25,-95.9));
#1793 = VECTOR('',#1794,1.);
#1794 = DIRECTION('',(-1.,0.,0.));
#1795 = PCURVE('',#106,#1796);
#1796 = DEFINITIONAL_REPRESENTATION('',(#1797),#1801);
#1797 = LINE('',#1798,#1799);
#1798 = CARTESIAN_POINT('',(-45.03055852835,-57.24614951557));
#1799 = VECTOR('',#1800,1.);
#1800 = DIRECTION('',(1.,0.));
#1801 = ( GEOMETRIC_REPRESENTATION_CONTEXT(2) 
PARAMETRIC_REPRESENTATION_CONTEXT() REPRESENTATION_CONTEXT('2D SPACE',''
  ) );
#1802 = PCURVE('',#929,#1803);
#1803 = DEFINITIONAL_REPRESENTATION('',(#1804),#1808);
#1804 = LINE('',#1805,#1806);
#1805 = CARTESIAN_POINT('',(0.,-6.));
#1806 = VECTOR('',#1807,1.);
#1807 = DIRECTION('',(1.,0.));
#1808 = ( GEOMETRIC_REPRESENTATION_CONTEXT(2) 
PARAMETRIC_REPRESENTATION_CONTEXT() REPRESENTATION_CONTEXT('2D SPACE',''
  ) );
#1809 = ORIENTED_EDGE('',*,*,#1810,.T.);
#1810 = EDGE_CURVE('',#1788,#178,#1811,.T.);
#1811 = SURFACE_CURVE('',#1812,(#1816,#1823),.PCURVE_S1.);
#1812 = LINE('',#1813,#1814);
#1813 = CARTESIAN_POINT('',(-37.,-35.25,-95.9));
#1814 = VECTOR('',#1815,1.);
#1815 = DIRECTION('',(-0.707106781187,0.,0.707106781187));
#1816 = PCURVE('',#106,#1817);
#1817 = DEFINITIONAL_REPRESENTATION('',(#1818),#1822);
#1818 = LINE('',#1819,#1820);
#1819 = CARTESIAN_POINT('',(-24.43194817089,-57.24614951557));
#1820 = VECTOR('',#1821,1.);
#1821 = DIRECTION('',(0.707106781187,0.707106781187));
#1822 = ( GEOMETRIC_REPRESENTATION_CONTEXT(2) 
PARAMETRIC_REPRESENTATION_CONTEXT() REPRESENTATION_CONTEXT('2D SPACE',''
  ) );
#1823 = PCURVE('',#193,#1824);
#1824 = DEFINITIONAL_REPRESENTATION('',(#1825),#1829);
#1825 = LINE('',#1826,#1827);
#1826 = CARTESIAN_POINT('',(0.,-6.));
#1827 = VECTOR('',#1828,1.);
#1828 = DIRECTION('',(1.,0.));
#1829 = ( GEOMETRIC_REPRESENTATION_CONTEXT(2) 
PARAMETRIC_REPRESENTATION_CONTEXT() REPRESENTATION_CONTEXT('2D SPACE',''
  ) );
#1830 = FACE_BOUND('',#1831,.F.);
#1831 = EDGE_LOOP('',(#1832));
#1832 = ORIENTED_EDGE('',*,*,#1833,.T.);
#1833 = EDGE_CURVE('',#1834,#1834,#1836,.T.);
#1834 = VERTEX_POINT('',#1835);
#1835 = CARTESIAN_POINT('',(-40.633,-35.25,-65.8));
#1836 = SURFACE_CURVE('',#1837,(#1842,#1853),.PCURVE_S1.);
#1837 = CIRCLE('',#1838,1.7);
#1838 = AXIS2_PLACEMENT_3D('',#1839,#1840,#1841);
#1839 = CARTESIAN_POINT('',(-42.333,-35.25,-65.8));
#1840 = DIRECTION('',(0.,-1.,2.22044604925E-16));
#1841 = DIRECTION('',(1.,0.,0.));
#1842 = PCURVE('',#106,#1843);
#1843 = DEFINITIONAL_REPRESENTATION('',(#1844),#1852);
#1844 = ( BOUNDED_CURVE() B_SPLINE_CURVE(2,(#1845,#1846,#1847,#1848,
#1849,#1850,#1851),.UNSPECIFIED.,.T.,.F.) B_SPLINE_CURVE_WITH_KNOTS((1,2
    ,2,2,2,1),(-2.094395102393,0.,2.094395102393,4.188790204786,
6.28318530718,8.377580409573),.UNSPECIFIED.) CURVE() 
GEOMETRIC_REPRESENTATION_ITEM() RATIONAL_B_SPLINE_CURVE((1.,0.5,1.,0.5,
1.,0.5,1.)) REPRESENTATION_ITEM('') );
#1845 = CARTESIAN_POINT('',(-20.79894817089,-27.14614951557));
#1846 = CARTESIAN_POINT('',(-20.79894817089,-24.20166314271));
#1847 = CARTESIAN_POINT('',(-18.24894817089,-25.67390632914));
#1848 = CARTESIAN_POINT('',(-15.69894817089,-27.14614951557));
#1849 = CARTESIAN_POINT('',(-18.24894817089,-28.61839270201));
#1850 = CARTESIAN_POINT('',(-20.79894817089,-30.09063588844));
#1851 = CARTESIAN_POINT('',(-20.79894817089,-27.14614951557));
#1852 = ( GEOMETRIC_REPRESENTATION_CONTEXT(2) 
PARAMETRIC_REPRESENTATION_CONTEXT() REPRESENTATION_CONTEXT('2D SPACE',''
  ) );
#1853 = PCURVE('',#985,#1854);
#1854 = DEFINITIONAL_REPRESENTATION('',(#1855),#1859);
#1855 = LINE('',#1856,#1857);
#1856 = CARTESIAN_POINT('',(0.,7.));
#1857 = VECTOR('',#1858,1.);
#1858 = DIRECTION('',(1.,0.));
#1859 = ( GEOMETRIC_REPRESENTATION_CONTEXT(2) 
PARAMETRIC_REPRESENTATION_CONTEXT() REPRESENTATION_CONTEXT('2D SPACE',''
  ) );
#1860 = FACE_BOUND('',#1861,.F.);
#1861 = EDGE_LOOP('',(#1862));
#1862 = ORIENTED_EDGE('',*,*,#1863,.T.);
#1863 = EDGE_CURVE('',#1864,#1864,#1866,.T.);
#1864 = VERTEX_POINT('',#1865);
#1865 = CARTESIAN_POINT('',(-56.633,-35.25,-65.8));
#1866 = SURFACE_CURVE('',#1867,(#1872,#1883),.PCURVE_S1.);
#1867 = CIRCLE('',#1868,1.7);
#1868 = AXIS2_PLACEMENT_3D('',#1869,#1870,#1871);
#1869 = CARTESIAN_POINT('',(-58.333,-35.25,-65.8));
#1870 = DIRECTION('',(0.,-1.,2.22044604925E-16));
#1871 = DIRECTION('',(1.,0.,0.));
#1872 = PCURVE('',#106,#1873);
#1873 = DEFINITIONAL_REPRESENTATION('',(#1874),#1882);
#1874 = ( BOUNDED_CURVE() B_SPLINE_CURVE(2,(#1875,#1876,#1877,#1878,
#1879,#1880,#1881),.UNSPECIFIED.,.T.,.F.) B_SPLINE_CURVE_WITH_KNOTS((1,2
    ,2,2,2,1),(-2.094395102393,0.,2.094395102393,4.188790204786,
6.28318530718,8.377580409573),.UNSPECIFIED.) CURVE() 
GEOMETRIC_REPRESENTATION_ITEM() RATIONAL_B_SPLINE_CURVE((1.,0.5,1.,0.5,
1.,0.5,1.)) REPRESENTATION_ITEM('') );
#1875 = CARTESIAN_POINT('',(-4.798948170897,-27.14614951557));
#1876 = CARTESIAN_POINT('',(-4.798948170897,-24.20166314271));
#1877 = CARTESIAN_POINT('',(-2.248948170897,-25.67390632914));
#1878 = CARTESIAN_POINT('',(0.301051829103,-27.14614951557));
#1879 = CARTESIAN_POINT('',(-2.248948170897,-28.61839270201));
#1880 = CARTESIAN_POINT('',(-4.798948170897,-30.09063588844));
#1881 = CARTESIAN_POINT('',(-4.798948170897,-27.14614951557));
#1882 = ( GEOMETRIC_REPRESENTATION_CONTEXT(2) 
PARAMETRIC_REPRESENTATION_CONTEXT() REPRESENTATION_CONTEXT('2D SPACE',''
  ) );
#1883 = PCURVE('',#1020,#1884);
#1884 = DEFINITIONAL_REPRESENTATION('',(#1885),#1889);
#1885 = LINE('',#1886,#1887);
#1886 = CARTESIAN_POINT('',(0.,7.));
#1887 = VECTOR('',#1888,1.);
#1888 = DIRECTION('',(1.,0.));
#1889 = ( GEOMETRIC_REPRESENTATION_CONTEXT(2) 
PARAMETRIC_REPRESENTATION_CONTEXT() REPRESENTATION_CONTEXT('2D SPACE',''
  ) );
#1890 = FACE_BOUND('',#1891,.F.);
#1891 = EDGE_LOOP('',(#1892));
#1892 = ORIENTED_EDGE('',*,*,#1893,.T.);
#1893 = EDGE_CURVE('',#1894,#1894,#1896,.T.);
#1894 = VERTEX_POINT('',#1895);
#1895 = CARTESIAN_POINT('',(-122.3,-35.25,-65.8));
#1896 = SURFACE_CURVE('',#1897,(#1902,#1913),.PCURVE_S1.);
#1897 = CIRCLE('',#1898,1.7);
#1898 = AXIS2_PLACEMENT_3D('',#1899,#1900,#1901);
#1899 = CARTESIAN_POINT('',(-124.,-35.25,-65.8));
#1900 = DIRECTION('',(0.,-1.,2.22044604925E-16));
#1901 = DIRECTION('',(1.,0.,0.));
#1902 = PCURVE('',#106,#1903);
#1903 = DEFINITIONAL_REPRESENTATION('',(#1904),#1912);
#1904 = ( BOUNDED_CURVE() B_SPLINE_CURVE(2,(#1905,#1906,#1907,#1908,
#1909,#1910,#1911),.UNSPECIFIED.,.T.,.F.) B_SPLINE_CURVE_WITH_KNOTS((1,2
    ,2,2,2,1),(-2.094395102393,0.,2.094395102393,4.188790204786,
6.28318530718,8.377580409573),.UNSPECIFIED.) CURVE() 
GEOMETRIC_REPRESENTATION_ITEM() RATIONAL_B_SPLINE_CURVE((1.,0.5,1.,0.5,
1.,0.5,1.)) REPRESENTATION_ITEM('') );
#1905 = CARTESIAN_POINT('',(60.868051829103,-27.14614951557));
#1906 = CARTESIAN_POINT('',(60.868051829103,-24.20166314271));
#1907 = CARTESIAN_POINT('',(63.418051829103,-25.67390632914));
#1908 = CARTESIAN_POINT('',(65.968051829103,-27.14614951557));
#1909 = CARTESIAN_POINT('',(63.418051829103,-28.61839270201));
#1910 = CARTESIAN_POINT('',(60.868051829103,-30.09063588844));
#1911 = CARTESIAN_POINT('',(60.868051829103,-27.14614951557));
#1912 = ( GEOMETRIC_REPRESENTATION_CONTEXT(2) 
PARAMETRIC_REPRESENTATION_CONTEXT() REPRESENTATION_CONTEXT('2D SPACE',''
  ) );
#1913 = PCURVE('',#1055,#1914);
#1914 = DEFINITIONAL_REPRESENTATION('',(#1915),#1919);
#1915 = LINE('',#1916,#1917);
#1916 = CARTESIAN_POINT('',(0.,7.));
#1917 = VECTOR('',#1918,1.);
#1918 = DIRECTION('',(1.,0.));
#1919 = ( GEOMETRIC_REPRESENTATION_CONTEXT(2) 
PARAMETRIC_REPRESENTATION_CONTEXT() REPRESENTATION_CONTEXT('2D SPACE',''
  ) );
#1920 = FACE_BOUND('',#1921,.F.);
#1921 = EDGE_LOOP('',(#1922));
#1922 = ORIENTED_EDGE('',*,*,#1923,.T.);
#1923 = EDGE_CURVE('',#1924,#1924,#1926,.T.);
#1924 = VERTEX_POINT('',#1925);
#1925 = CARTESIAN_POINT('',(-40.633,-35.25,-17.8));
#1926 = SURFACE_CURVE('',#1927,(#1932,#1943),.PCURVE_S1.);
#1927 = CIRCLE('',#1928,1.7);
#1928 = AXIS2_PLACEMENT_3D('',#1929,#1930,#1931);
#1929 = CARTESIAN_POINT('',(-42.333,-35.25,-17.8));
#1930 = DIRECTION('',(0.,-1.,2.22044604925E-16));
#1931 = DIRECTION('',(1.,0.,0.));
#1932 = PCURVE('',#106,#1933);
#1933 = DEFINITIONAL_REPRESENTATION('',(#1934),#1942);
#1934 = ( BOUNDED_CURVE() B_SPLINE_CURVE(2,(#1935,#1936,#1937,#1938,
#1939,#1940,#1941),.UNSPECIFIED.,.T.,.F.) B_SPLINE_CURVE_WITH_KNOTS((1,2
    ,2,2,2,1),(-2.094395102393,0.,2.094395102393,4.188790204786,
6.28318530718,8.377580409573),.UNSPECIFIED.) CURVE() 
GEOMETRIC_REPRESENTATION_ITEM() RATIONAL_B_SPLINE_CURVE((1.,0.5,1.,0.5,
1.,0.5,1.)) REPRESENTATION_ITEM('') );
#1935 = CARTESIAN_POINT('',(-20.79894817089,20.853850484422));
#1936 = CARTESIAN_POINT('',(-20.79894817089,23.798336857289));
#1937 = CARTESIAN_POINT('',(-18.24894817089,22.326093670855));
#1938 = CARTESIAN_POINT('',(-15.69894817089,20.853850484422));
#1939 = CARTESIAN_POINT('',(-18.24894817089,19.381607297988));
#1940 = CARTESIAN_POINT('',(-20.79894817089,17.909364111554));
#1941 = CARTESIAN_POINT('',(-20.79894817089,20.853850484422));
#1942 = ( GEOMETRIC_REPRESENTATION_CONTEXT(2) 
PARAMETRIC_REPRESENTATION_CONTEXT() REPRESENTATION_CONTEXT('2D SPACE',''
  ) );
#1943 = PCURVE('',#1090,#1944);
#1944 = DEFINITIONAL_REPRESENTATION('',(#1945),#1949);
#1945 = LINE('',#1946,#1947);
#1946 = CARTESIAN_POINT('',(0.,7.));
#1947 = VECTOR('',#1948,1.);
#1948 = DIRECTION('',(1.,0.));
#1949 = ( GEOMETRIC_REPRESENTATION_CONTEXT(2) 
PARAMETRIC_REPRESENTATION_CONTEXT() REPRESENTATION_CONTEXT('2D SPACE',''
  ) );
#1950 = FACE_BOUND('',#1951,.F.);
#1951 = EDGE_LOOP('',(#1952));
#1952 = ORIENTED_EDGE('',*,*,#1953,.T.);
#1953 = EDGE_CURVE('',#1954,#1954,#1956,.T.);
#1954 = VERTEX_POINT('',#1955);
#1955 = CARTESIAN_POINT('',(-56.633,-35.25,-17.8));
#1956 = SURFACE_CURVE('',#1957,(#1962,#1973),.PCURVE_S1.);
#1957 = CIRCLE('',#1958,1.7);
#1958 = AXIS2_PLACEMENT_3D('',#1959,#1960,#1961);
#1959 = CARTESIAN_POINT('',(-58.333,-35.25,-17.8));
#1960 = DIRECTION('',(0.,-1.,2.22044604925E-16));
#1961 = DIRECTION('',(1.,0.,0.));
#1962 = PCURVE('',#106,#1963);
#1963 = DEFINITIONAL_REPRESENTATION('',(#1964),#1972);
#1964 = ( BOUNDED_CURVE() B_SPLINE_CURVE(2,(#1965,#1966,#1967,#1968,
#1969,#1970,#1971),.UNSPECIFIED.,.T.,.F.) B_SPLINE_CURVE_WITH_KNOTS((1,2
    ,2,2,2,1),(-2.094395102393,0.,2.094395102393,4.188790204786,
6.28318530718,8.377580409573),.UNSPECIFIED.) CURVE() 
GEOMETRIC_REPRESENTATION_ITEM() RATIONAL_B_SPLINE_CURVE((1.,0.5,1.,0.5,
1.,0.5,1.)) REPRESENTATION_ITEM('') );
#1965 = CARTESIAN_POINT('',(-4.798948170897,20.853850484422));
#1966 = CARTESIAN_POINT('',(-4.798948170897,23.798336857289));
#1967 = CARTESIAN_POINT('',(-2.248948170897,22.326093670855));
#1968 = CARTESIAN_POINT('',(0.301051829103,20.853850484422));
#1969 = CARTESIAN_POINT('',(-2.248948170897,19.381607297988));
#1970 = CARTESIAN_POINT('',(-4.798948170897,17.909364111554));
#1971 = CARTESIAN_POINT('',(-4.798948170897,20.853850484422));
#1972 = ( GEOMETRIC_REPRESENTATION_CONTEXT(2) 
PARAMETRIC_REPRESENTATION_CONTEXT() REPRESENTATION_CONTEXT('2D SPACE',''
  ) );
#1973 = PCURVE('',#1125,#1974);
#1974 = DEFINITIONAL_REPRESENTATION('',(#1975),#1979);
#1975 = LINE('',#1976,#1977);
#1976 = CARTESIAN_POINT('',(0.,7.));
#1977 = VECTOR('',#1978,1.);
#1978 = DIRECTION('',(1.,0.));
#1979 = ( GEOMETRIC_REPRESENTATION_CONTEXT(2) 
PARAMETRIC_REPRESENTATION_CONTEXT() REPRESENTATION_CONTEXT('2D SPACE',''
  ) );
#1980 = FACE_BOUND('',#1981,.F.);
#1981 = EDGE_LOOP('',(#1982));
#1982 = ORIENTED_EDGE('',*,*,#1983,.T.);
#1983 = EDGE_CURVE('',#1984,#1984,#1986,.T.);
#1984 = VERTEX_POINT('',#1985);
#1985 = CARTESIAN_POINT('',(-122.3,-35.25,-17.8));
#1986 = SURFACE_CURVE('',#1987,(#1992,#2003),.PCURVE_S1.);
#1987 = CIRCLE('',#1988,1.7);
#1988 = AXIS2_PLACEMENT_3D('',#1989,#1990,#1991);
#1989 = CARTESIAN_POINT('',(-124.,-35.25,-17.8));
#1990 = DIRECTION('',(0.,-1.,2.22044604925E-16));
#1991 = DIRECTION('',(1.,0.,0.));
#1992 = PCURVE('',#106,#1993);
#1993 = DEFINITIONAL_REPRESENTATION('',(#1994),#2002);
#1994 = ( BOUNDED_CURVE() B_SPLINE_CURVE(2,(#1995,#1996,#1997,#1998,
#1999,#2000,#2001),.UNSPECIFIED.,.T.,.F.) B_SPLINE_CURVE_WITH_KNOTS((1,2
    ,2,2,2,1),(-2.094395102393,0.,2.094395102393,4.188790204786,
6.28318530718,8.377580409573),.UNSPECIFIED.) CURVE() 
GEOMETRIC_REPRESENTATION_ITEM() RATIONAL_B_SPLINE_CURVE((1.,0.5,1.,0.5,
1.,0.5,1.)) REPRESENTATION_ITEM('') );
#1995 = CARTESIAN_POINT('',(60.868051829103,20.853850484422));
#1996 = CARTESIAN_POINT('',(60.868051829103,23.798336857289));
#1997 = CARTESIAN_POINT('',(63.418051829103,22.326093670855));
#1998 = CARTESIAN_POINT('',(65.968051829103,20.853850484422));
#1999 = CARTESIAN_POINT('',(63.418051829103,19.381607297988));
#2000 = CARTESIAN_POINT('',(60.868051829103,17.909364111554));
#2001 = CARTESIAN_POINT('',(60.868051829103,20.853850484422));
#2002 = ( GEOMETRIC_REPRESENTATION_CONTEXT(2) 
PARAMETRIC_REPRESENTATION_CONTEXT() REPRESENTATION_CONTEXT('2D SPACE',''
  ) );
#2003 = PCURVE('',#1160,#2004);
#2004 = DEFINITIONAL_REPRESENTATION('',(#2005),#2009);
#2005 = LINE('',#2006,#2007);
#2006 = CARTESIAN_POINT('',(0.,7.));
#2007 = VECTOR('',#2008,1.);
#2008 = DIRECTION('',(1.,0.));
#2009 = ( GEOMETRIC_REPRESENTATION_CONTEXT(2) 
PARAMETRIC_REPRESENTATION_CONTEXT() REPRESENTATION_CONTEXT('2D SPACE',''
  ) );
#2010 = ADVANCED_FACE('',(#2011),#193,.T.);
#2011 = FACE_BOUND('',#2012,.T.);
#2012 = EDGE_LOOP('',(#2013,#2034,#2035,#2036));
#2013 = ORIENTED_EDGE('',*,*,#2014,.T.);
#2014 = EDGE_CURVE('',#914,#1788,#2015,.T.);
#2015 = SURFACE_CURVE('',#2016,(#2020,#2027),.PCURVE_S1.);
#2016 = LINE('',#2017,#2018);
#2017 = CARTESIAN_POINT('',(-37.,-29.25,-95.9));
#2018 = VECTOR('',#2019,1.);
#2019 = DIRECTION('',(0.,-1.,0.));
#2020 = PCURVE('',#193,#2021);
#2021 = DEFINITIONAL_REPRESENTATION('',(#2022),#2026);
#2022 = LINE('',#2023,#2024);
#2023 = CARTESIAN_POINT('',(0.,0.));
#2024 = VECTOR('',#2025,1.);
#2025 = DIRECTION('',(0.,-1.));
#2026 = ( GEOMETRIC_REPRESENTATION_CONTEXT(2) 
PARAMETRIC_REPRESENTATION_CONTEXT() REPRESENTATION_CONTEXT('2D SPACE',''
  ) );
#2027 = PCURVE('',#929,#2028);
#2028 = DEFINITIONAL_REPRESENTATION('',(#2029),#2033);
#2029 = LINE('',#2030,#2031);
#2030 = CARTESIAN_POINT('',(20.598610357455,0.));
#2031 = VECTOR('',#2032,1.);
#2032 = DIRECTION('',(0.,-1.));
#2033 = ( GEOMETRIC_REPRESENTATION_CONTEXT(2) 
PARAMETRIC_REPRESENTATION_CONTEXT() REPRESENTATION_CONTEXT('2D SPACE',''
  ) );
#2034 = ORIENTED_EDGE('',*,*,#1810,.T.);
#2035 = ORIENTED_EDGE('',*,*,#175,.F.);
#2036 = ORIENTED_EDGE('',*,*,#941,.F.);
#2037 = ADVANCED_FACE('',(#2038),#291,.T.);
#2038 = FACE_BOUND('',#2039,.T.);
#2039 = EDGE_LOOP('',(#2040,#2041,#2042,#2063));
#2040 = ORIENTED_EDGE('',*,*,#275,.T.);
#2041 = ORIENTED_EDGE('',*,*,#1292,.T.);
#2042 = ORIENTED_EDGE('',*,*,#2043,.F.);
#2043 = EDGE_CURVE('',#331,#1293,#2044,.T.);
#2044 = SURFACE_CURVE('',#2045,(#2049,#2056),.PCURVE_S1.);
#2045 = LINE('',#2046,#2047);
#2046 = CARTESIAN_POINT('',(-95.33300004222,-29.25,6.3));
#2047 = VECTOR('',#2048,1.);
#2048 = DIRECTION('',(0.,-1.,0.));
#2049 = PCURVE('',#291,#2050);
#2050 = DEFINITIONAL_REPRESENTATION('',(#2051),#2055);
#2051 = LINE('',#2052,#2053);
#2052 = CARTESIAN_POINT('',(14.1,0.));
#2053 = VECTOR('',#2054,1.);
#2054 = DIRECTION('',(0.,-1.));
#2055 = ( GEOMETRIC_REPRESENTATION_CONTEXT(2) 
PARAMETRIC_REPRESENTATION_CONTEXT() REPRESENTATION_CONTEXT('2D SPACE',''
  ) );
#2056 = PCURVE('',#370,#2057);
#2057 = DEFINITIONAL_REPRESENTATION('',(#2058),#2062);
#2058 = LINE('',#2059,#2060);
#2059 = CARTESIAN_POINT('',(0.,0.));
#2060 = VECTOR('',#2061,1.);
#2061 = DIRECTION('',(0.,-1.));
#2062 = ( GEOMETRIC_REPRESENTATION_CONTEXT(2) 
PARAMETRIC_REPRESENTATION_CONTEXT() REPRESENTATION_CONTEXT('2D SPACE',''
  ) );
#2063 = ORIENTED_EDGE('',*,*,#330,.F.);
#2064 = ADVANCED_FACE('',(#2065),#929,.T.);
#2065 = FACE_BOUND('',#2066,.T.);
#2066 = EDGE_LOOP('',(#2067,#2068,#2090,#2091));
#2067 = ORIENTED_EDGE('',*,*,#913,.F.);
#2068 = ORIENTED_EDGE('',*,*,#2069,.T.);
#2069 = EDGE_CURVE('',#887,#1765,#2070,.T.);
#2070 = SURFACE_CURVE('',#2071,(#2076,#2083),.PCURVE_S1.);
#2071 = CIRCLE('',#2072,6.);
#2072 = AXIS2_PLACEMENT_3D('',#2073,#2074,#2075);
#2073 = CARTESIAN_POINT('',(-22.40138964254,-29.25,-95.9));
#2074 = DIRECTION('',(0.,0.,-1.));
#2075 = DIRECTION('',(1.184237892933E-15,-1.,0.));
#2076 = PCURVE('',#929,#2077);
#2077 = DEFINITIONAL_REPRESENTATION('',(#2078),#2082);
#2078 = CIRCLE('',#2079,6.);
#2079 = AXIS2_PLACEMENT_2D('',#2080,#2081);
#2080 = CARTESIAN_POINT('',(6.,3.552713678801E-15));
#2081 = DIRECTION('',(-1.184237892933E-15,-1.));
#2082 = ( GEOMETRIC_REPRESENTATION_CONTEXT(2) 
PARAMETRIC_REPRESENTATION_CONTEXT() REPRESENTATION_CONTEXT('2D SPACE',''
  ) );
#2083 = PCURVE('',#902,#2084);
#2084 = DEFINITIONAL_REPRESENTATION('',(#2085),#2089);
#2085 = LINE('',#2086,#2087);
#2086 = CARTESIAN_POINT('',(-6.28318530718,-1.));
#2087 = VECTOR('',#2088,1.);
#2088 = DIRECTION('',(1.,0.));
#2089 = ( GEOMETRIC_REPRESENTATION_CONTEXT(2) 
PARAMETRIC_REPRESENTATION_CONTEXT() REPRESENTATION_CONTEXT('2D SPACE',''
  ) );
#2090 = ORIENTED_EDGE('',*,*,#1787,.T.);
#2091 = ORIENTED_EDGE('',*,*,#2014,.F.);
#2092 = ADVANCED_FACE('',(#2093),#902,.T.);
#2093 = FACE_BOUND('',#2094,.F.);
#2094 = EDGE_LOOP('',(#2095,#2096,#2097,#2123));
#2095 = ORIENTED_EDGE('',*,*,#2069,.T.);
#2096 = ORIENTED_EDGE('',*,*,#1764,.T.);
#2097 = ORIENTED_EDGE('',*,*,#2098,.F.);
#2098 = EDGE_CURVE('',#859,#1742,#2099,.T.);
#2099 = SURFACE_CURVE('',#2100,(#2105,#2112),.PCURVE_S1.);
#2100 = CIRCLE('',#2101,6.);
#2101 = AXIS2_PLACEMENT_3D('',#2102,#2103,#2104);
#2102 = CARTESIAN_POINT('',(-22.40138964254,-29.25,-83.6));
#2103 = DIRECTION('',(0.,0.,-1.));
#2104 = DIRECTION('',(1.184237892933E-15,-1.,0.));
#2105 = PCURVE('',#902,#2106);
#2106 = DEFINITIONAL_REPRESENTATION('',(#2107),#2111);
#2107 = LINE('',#2108,#2109);
#2108 = CARTESIAN_POINT('',(-6.28318530718,-13.3));
#2109 = VECTOR('',#2110,1.);
#2110 = DIRECTION('',(1.,0.));
#2111 = ( GEOMETRIC_REPRESENTATION_CONTEXT(2) 
PARAMETRIC_REPRESENTATION_CONTEXT() REPRESENTATION_CONTEXT('2D SPACE',''
  ) );
#2112 = PCURVE('',#874,#2113);
#2113 = DEFINITIONAL_REPRESENTATION('',(#2114),#2122);
#2114 = ( BOUNDED_CURVE() B_SPLINE_CURVE(2,(#2115,#2116,#2117,#2118,
#2119,#2120,#2121),.UNSPECIFIED.,.T.,.F.) B_SPLINE_CURVE_WITH_KNOTS((1,2
    ,2,2,2,1),(-2.094395102393,0.,2.094395102393,4.188790204786,
6.28318530718,8.377580409573),.UNSPECIFIED.) CURVE() 
GEOMETRIC_REPRESENTATION_ITEM() RATIONAL_B_SPLINE_CURVE((1.,0.5,1.,0.5,
1.,0.5,1.)) REPRESENTATION_ITEM('') );
#2115 = CARTESIAN_POINT('',(14.598610357455,-6.));
#2116 = CARTESIAN_POINT('',(4.206305512042,-6.));
#2117 = CARTESIAN_POINT('',(9.402457934748,3.));
#2118 = CARTESIAN_POINT('',(14.598610357455,12.));
#2119 = CARTESIAN_POINT('',(19.794762780161,3.));
#2120 = CARTESIAN_POINT('',(24.990915202868,-6.));
#2121 = CARTESIAN_POINT('',(14.598610357455,-6.));
#2122 = ( GEOMETRIC_REPRESENTATION_CONTEXT(2) 
PARAMETRIC_REPRESENTATION_CONTEXT() REPRESENTATION_CONTEXT('2D SPACE',''
  ) );
#2123 = ORIENTED_EDGE('',*,*,#886,.T.);
#2124 = ADVANCED_FACE('',(#2125),#874,.T.);
#2125 = FACE_BOUND('',#2126,.T.);
#2126 = EDGE_LOOP('',(#2127,#2128,#2149,#2150));
#2127 = ORIENTED_EDGE('',*,*,#858,.F.);
#2128 = ORIENTED_EDGE('',*,*,#2129,.T.);
#2129 = EDGE_CURVE('',#831,#1719,#2130,.T.);
#2130 = SURFACE_CURVE('',#2131,(#2135,#2142),.PCURVE_S1.);
#2131 = LINE('',#2132,#2133);
#2132 = CARTESIAN_POINT('',(-37.,-29.25,-83.6));
#2133 = VECTOR('',#2134,1.);
#2134 = DIRECTION('',(0.,-1.,0.));
#2135 = PCURVE('',#874,#2136);
#2136 = DEFINITIONAL_REPRESENTATION('',(#2137),#2141);
#2137 = LINE('',#2138,#2139);
#2138 = CARTESIAN_POINT('',(0.,0.));
#2139 = VECTOR('',#2140,1.);
#2140 = DIRECTION('',(0.,-1.));
#2141 = ( GEOMETRIC_REPRESENTATION_CONTEXT(2) 
PARAMETRIC_REPRESENTATION_CONTEXT() REPRESENTATION_CONTEXT('2D SPACE',''
  ) );
#2142 = PCURVE('',#846,#2143);
#2143 = DEFINITIONAL_REPRESENTATION('',(#2144),#2148);
#2144 = LINE('',#2145,#2146);
#2145 = CARTESIAN_POINT('',(13.2,0.));
#2146 = VECTOR('',#2147,1.);
#2147 = DIRECTION('',(0.,-1.));
#2148 = ( GEOMETRIC_REPRESENTATION_CONTEXT(2) 
PARAMETRIC_REPRESENTATION_CONTEXT() REPRESENTATION_CONTEXT('2D SPACE',''
  ) );
#2149 = ORIENTED_EDGE('',*,*,#1741,.T.);
#2150 = ORIENTED_EDGE('',*,*,#2098,.F.);
#2151 = ADVANCED_FACE('',(#2152),#370,.T.);
#2152 = FACE_BOUND('',#2153,.T.);
#2153 = EDGE_LOOP('',(#2154,#2155,#2156,#2177));
#2154 = ORIENTED_EDGE('',*,*,#2043,.T.);
#2155 = ORIENTED_EDGE('',*,*,#1315,.T.);
#2156 = ORIENTED_EDGE('',*,*,#2157,.F.);
#2157 = EDGE_CURVE('',#354,#1316,#2158,.T.);
#2158 = SURFACE_CURVE('',#2159,(#2163,#2170),.PCURVE_S1.);
#2159 = LINE('',#2160,#2161);
#2160 = CARTESIAN_POINT('',(-89.33300008444,-29.25,12.3));
#2161 = VECTOR('',#2162,1.);
#2162 = DIRECTION('',(0.,-1.,0.));
#2163 = PCURVE('',#370,#2164);
#2164 = DEFINITIONAL_REPRESENTATION('',(#2165),#2169);
#2165 = LINE('',#2166,#2167);
#2166 = CARTESIAN_POINT('',(1.570796326795,0.));
#2167 = VECTOR('',#2168,1.);
#2168 = DIRECTION('',(0.,-1.));
#2169 = ( GEOMETRIC_REPRESENTATION_CONTEXT(2) 
PARAMETRIC_REPRESENTATION_CONTEXT() REPRESENTATION_CONTEXT('2D SPACE',''
  ) );
#2170 = PCURVE('',#398,#2171);
#2171 = DEFINITIONAL_REPRESENTATION('',(#2172),#2176);
#2172 = LINE('',#2173,#2174);
#2173 = CARTESIAN_POINT('',(0.,0.));
#2174 = VECTOR('',#2175,1.);
#2175 = DIRECTION('',(0.,-1.));
#2176 = ( GEOMETRIC_REPRESENTATION_CONTEXT(2) 
PARAMETRIC_REPRESENTATION_CONTEXT() REPRESENTATION_CONTEXT('2D SPACE',''
  ) );
#2177 = ORIENTED_EDGE('',*,*,#353,.F.);
#2178 = ADVANCED_FACE('',(#2179),#846,.T.);
#2179 = FACE_BOUND('',#2180,.T.);
#2180 = EDGE_LOOP('',(#2181,#2202,#2203,#2204));
#2181 = ORIENTED_EDGE('',*,*,#2182,.T.);
#2182 = EDGE_CURVE('',#803,#1696,#2183,.T.);
#2183 = SURFACE_CURVE('',#2184,(#2188,#2195),.PCURVE_S1.);
#2184 = LINE('',#2185,#2186);
#2185 = CARTESIAN_POINT('',(-37.,-29.25,-70.4));
#2186 = VECTOR('',#2187,1.);
#2187 = DIRECTION('',(0.,-1.,0.));
#2188 = PCURVE('',#846,#2189);
#2189 = DEFINITIONAL_REPRESENTATION('',(#2190),#2194);
#2190 = LINE('',#2191,#2192);
#2191 = CARTESIAN_POINT('',(0.,0.));
#2192 = VECTOR('',#2193,1.);
#2193 = DIRECTION('',(0.,-1.));
#2194 = ( GEOMETRIC_REPRESENTATION_CONTEXT(2) 
PARAMETRIC_REPRESENTATION_CONTEXT() REPRESENTATION_CONTEXT('2D SPACE',''
  ) );
#2195 = PCURVE('',#818,#2196);
#2196 = DEFINITIONAL_REPRESENTATION('',(#2197),#2201);
#2197 = LINE('',#2198,#2199);
#2198 = CARTESIAN_POINT('',(20.598610357455,0.));
#2199 = VECTOR('',#2200,1.);
#2200 = DIRECTION('',(0.,-1.));
#2201 = ( GEOMETRIC_REPRESENTATION_CONTEXT(2) 
PARAMETRIC_REPRESENTATION_CONTEXT() REPRESENTATION_CONTEXT('2D SPACE',''
  ) );
#2202 = ORIENTED_EDGE('',*,*,#1718,.T.);
#2203 = ORIENTED_EDGE('',*,*,#2129,.F.);
#2204 = ORIENTED_EDGE('',*,*,#830,.F.);
#2205 = ADVANCED_FACE('',(#2206),#398,.T.);
#2206 = FACE_BOUND('',#2207,.T.);
#2207 = EDGE_LOOP('',(#2208,#2209,#2210,#2231));
#2208 = ORIENTED_EDGE('',*,*,#2157,.T.);
#2209 = ORIENTED_EDGE('',*,*,#1339,.T.);
#2210 = ORIENTED_EDGE('',*,*,#2211,.F.);
#2211 = EDGE_CURVE('',#383,#1340,#2212,.T.);
#2212 = SURFACE_CURVE('',#2213,(#2217,#2224),.PCURVE_S1.);
#2213 = LINE('',#2214,#2215);
#2214 = CARTESIAN_POINT('',(-83.33300004222,-29.25,12.3));
#2215 = VECTOR('',#2216,1.);
#2216 = DIRECTION('',(0.,-1.,0.));
#2217 = PCURVE('',#398,#2218);
#2218 = DEFINITIONAL_REPRESENTATION('',(#2219),#2223);
#2219 = LINE('',#2220,#2221);
#2220 = CARTESIAN_POINT('',(6.00000004222,0.));
#2221 = VECTOR('',#2222,1.);
#2222 = DIRECTION('',(0.,-1.));
#2223 = ( GEOMETRIC_REPRESENTATION_CONTEXT(2) 
PARAMETRIC_REPRESENTATION_CONTEXT() REPRESENTATION_CONTEXT('2D SPACE',''
  ) );
#2224 = PCURVE('',#427,#2225);
#2225 = DEFINITIONAL_REPRESENTATION('',(#2226),#2230);
#2226 = LINE('',#2227,#2228);
#2227 = CARTESIAN_POINT('',(1.570796326795,0.));
#2228 = VECTOR('',#2229,1.);
#2229 = DIRECTION('',(0.,-1.));
#2230 = ( GEOMETRIC_REPRESENTATION_CONTEXT(2) 
PARAMETRIC_REPRESENTATION_CONTEXT() REPRESENTATION_CONTEXT('2D SPACE',''
  ) );
#2231 = ORIENTED_EDGE('',*,*,#382,.F.);
#2232 = ADVANCED_FACE('',(#2233,#2344),#818,.T.);
#2233 = FACE_BOUND('',#2234,.T.);
#2234 = EDGE_LOOP('',(#2235,#2236,#2259,#2292,#2320,#2342,#2343));
#2235 = ORIENTED_EDGE('',*,*,#802,.F.);
#2236 = ORIENTED_EDGE('',*,*,#2237,.F.);
#2237 = EDGE_CURVE('',#2238,#775,#2240,.T.);
#2238 = VERTEX_POINT('',#2239);
#2239 = CARTESIAN_POINT('',(-6.541754732639,3.668166438153,-70.4));
#2240 = SURFACE_CURVE('',#2241,(#2245,#2252),.PCURVE_S1.);
#2241 = LINE('',#2242,#2243);
#2242 = CARTESIAN_POINT('',(-6.541754732639,3.668166438153,-70.4));
#2243 = VECTOR('',#2244,1.);
#2244 = DIRECTION('',(-0.48908885842,-0.872233964352,0.));
#2245 = PCURVE('',#818,#2246);
#2246 = DEFINITIONAL_REPRESENTATION('',(#2247),#2251);
#2247 = LINE('',#2248,#2249);
#2248 = CARTESIAN_POINT('',(-9.859634909906,32.918166438153));
#2249 = VECTOR('',#2250,1.);
#2250 = DIRECTION('',(0.48908885842,-0.872233964352));
#2251 = ( GEOMETRIC_REPRESENTATION_CONTEXT(2) 
PARAMETRIC_REPRESENTATION_CONTEXT() REPRESENTATION_CONTEXT('2D SPACE',''
  ) );
#2252 = PCURVE('',#790,#2253);
#2253 = DEFINITIONAL_REPRESENTATION('',(#2254),#2258);
#2254 = LINE('',#2255,#2256);
#2255 = CARTESIAN_POINT('',(0.,0.));
#2256 = VECTOR('',#2257,1.);
#2257 = DIRECTION('',(1.,0.));
#2258 = ( GEOMETRIC_REPRESENTATION_CONTEXT(2) 
PARAMETRIC_REPRESENTATION_CONTEXT() REPRESENTATION_CONTEXT('2D SPACE',''
  ) );
#2259 = ORIENTED_EDGE('',*,*,#2260,.F.);
#2260 = EDGE_CURVE('',#2261,#2238,#2263,.T.);
#2261 = VERTEX_POINT('',#2262);
#2262 = CARTESIAN_POINT('',(-3.668166438153,-6.541754732639,-70.4));
#2263 = SURFACE_CURVE('',#2264,(#2269,#2280),.PCURVE_S1.);
#2264 = CIRCLE('',#2265,7.5);
#2265 = AXIS2_PLACEMENT_3D('',#2266,#2267,#2268);
#2266 = CARTESIAN_POINT('',(-4.996003610813E-16,2.22044604925E-16,-70.4)
  );
#2267 = DIRECTION('',(0.,0.,1.));
#2268 = DIRECTION('',(-0.48908885842,-0.872233964352,0.));
#2269 = PCURVE('',#818,#2270);
#2270 = DEFINITIONAL_REPRESENTATION('',(#2271),#2279);
#2271 = ( BOUNDED_CURVE() B_SPLINE_CURVE(2,(#2272,#2273,#2274,#2275,
#2276,#2277,#2278),.UNSPECIFIED.,.T.,.F.) B_SPLINE_CURVE_WITH_KNOTS((1,2
    ,2,2,2,1),(-2.094395102393,0.,2.094395102393,4.188790204786,
6.28318530718,8.377580409573),.UNSPECIFIED.) CURVE() 
GEOMETRIC_REPRESENTATION_ITEM() RATIONAL_B_SPLINE_CURVE((1.,0.5,1.,0.5,
1.,0.5,1.)) REPRESENTATION_ITEM('') );
#2272 = CARTESIAN_POINT('',(-12.73322320439,22.708245267361));
#2273 = CARTESIAN_POINT('',(-24.06387477197,16.354794625861));
#2274 = CARTESIAN_POINT('',(-23.90079864541,29.344152045569));
#2275 = CARTESIAN_POINT('',(-23.73772251885,42.333509465278));
#2276 = CARTESIAN_POINT('',(-12.57014707782,35.69760268707));
#2277 = CARTESIAN_POINT('',(-1.402571636807,29.061695908861));
#2278 = CARTESIAN_POINT('',(-12.73322320439,22.708245267361));
#2279 = ( GEOMETRIC_REPRESENTATION_CONTEXT(2) 
PARAMETRIC_REPRESENTATION_CONTEXT() REPRESENTATION_CONTEXT('2D SPACE',''
  ) );
#2280 = PCURVE('',#2281,#2286);
#2281 = CYLINDRICAL_SURFACE('',#2282,7.5);
#2282 = AXIS2_PLACEMENT_3D('',#2283,#2284,#2285);
#2283 = CARTESIAN_POINT('',(-4.996003610813E-16,2.22044604925E-16,-70.4)
  );
#2284 = DIRECTION('',(0.,0.,-1.));
#2285 = DIRECTION('',(-0.48908885842,-0.872233964352,0.));
#2286 = DEFINITIONAL_REPRESENTATION('',(#2287),#2291);
#2287 = LINE('',#2288,#2289);
#2288 = CARTESIAN_POINT('',(0.,0.));
#2289 = VECTOR('',#2290,1.);
#2290 = DIRECTION('',(-1.,0.));
#2291 = ( GEOMETRIC_REPRESENTATION_CONTEXT(2) 
PARAMETRIC_REPRESENTATION_CONTEXT() REPRESENTATION_CONTEXT('2D SPACE',''
  ) );
#2292 = ORIENTED_EDGE('',*,*,#2293,.F.);
#2293 = EDGE_CURVE('',#2294,#2261,#2296,.T.);
#2294 = VERTEX_POINT('',#2295);
#2295 = CARTESIAN_POINT('',(-16.40138964254,-29.25,-70.4));
#2296 = SURFACE_CURVE('',#2297,(#2301,#2308),.PCURVE_S1.);
#2297 = LINE('',#2298,#2299);
#2298 = CARTESIAN_POINT('',(-16.40138964254,-29.25,-70.4));
#2299 = VECTOR('',#2300,1.);
#2300 = DIRECTION('',(0.48908885842,0.872233964352,0.));
#2301 = PCURVE('',#818,#2302);
#2302 = DEFINITIONAL_REPRESENTATION('',(#2303),#2307);
#2303 = LINE('',#2304,#2305);
#2304 = CARTESIAN_POINT('',(0.,0.));
#2305 = VECTOR('',#2306,1.);
#2306 = DIRECTION('',(-0.48908885842,0.872233964352));
#2307 = ( GEOMETRIC_REPRESENTATION_CONTEXT(2) 
PARAMETRIC_REPRESENTATION_CONTEXT() REPRESENTATION_CONTEXT('2D SPACE',''
  ) );
#2308 = PCURVE('',#2309,#2314);
#2309 = PLANE('',#2310);
#2310 = AXIS2_PLACEMENT_3D('',#2311,#2312,#2313);
#2311 = CARTESIAN_POINT('',(-16.40138964254,-29.25,-70.4));
#2312 = DIRECTION('',(-0.872233964352,0.48908885842,0.));
#2313 = DIRECTION('',(0.48908885842,0.872233964352,0.));
#2314 = DEFINITIONAL_REPRESENTATION('',(#2315),#2319);
#2315 = LINE('',#2316,#2317);
#2316 = CARTESIAN_POINT('',(0.,0.));
#2317 = VECTOR('',#2318,1.);
#2318 = DIRECTION('',(1.,0.));
#2319 = ( GEOMETRIC_REPRESENTATION_CONTEXT(2) 
PARAMETRIC_REPRESENTATION_CONTEXT() REPRESENTATION_CONTEXT('2D SPACE',''
  ) );
#2320 = ORIENTED_EDGE('',*,*,#2321,.T.);
#2321 = EDGE_CURVE('',#2294,#1668,#2322,.T.);
#2322 = SURFACE_CURVE('',#2323,(#2328,#2335),.PCURVE_S1.);
#2323 = CIRCLE('',#2324,6.);
#2324 = AXIS2_PLACEMENT_3D('',#2325,#2326,#2327);
#2325 = CARTESIAN_POINT('',(-22.40138964254,-29.25,-70.4));
#2326 = DIRECTION('',(0.,0.,-1.));
#2327 = DIRECTION('',(1.184237892933E-15,-1.,0.));
#2328 = PCURVE('',#818,#2329);
#2329 = DEFINITIONAL_REPRESENTATION('',(#2330),#2334);
#2330 = CIRCLE('',#2331,6.);
#2331 = AXIS2_PLACEMENT_2D('',#2332,#2333);
#2332 = CARTESIAN_POINT('',(6.,3.552713678801E-15));
#2333 = DIRECTION('',(-1.184237892933E-15,-1.));
#2334 = ( GEOMETRIC_REPRESENTATION_CONTEXT(2) 
PARAMETRIC_REPRESENTATION_CONTEXT() REPRESENTATION_CONTEXT('2D SPACE',''
  ) );
#2335 = PCURVE('',#1683,#2336);
#2336 = DEFINITIONAL_REPRESENTATION('',(#2337),#2341);
#2337 = LINE('',#2338,#2339);
#2338 = CARTESIAN_POINT('',(-6.28318530718,-26.5));
#2339 = VECTOR('',#2340,1.);
#2340 = DIRECTION('',(1.,0.));
#2341 = ( GEOMETRIC_REPRESENTATION_CONTEXT(2) 
PARAMETRIC_REPRESENTATION_CONTEXT() REPRESENTATION_CONTEXT('2D SPACE',''
  ) );
#2342 = ORIENTED_EDGE('',*,*,#1695,.T.);
#2343 = ORIENTED_EDGE('',*,*,#2182,.F.);
#2344 = FACE_BOUND('',#2345,.T.);
#2345 = EDGE_LOOP('',(#2346));
#2346 = ORIENTED_EDGE('',*,*,#2347,.T.);
#2347 = EDGE_CURVE('',#2348,#2348,#2350,.T.);
#2348 = VERTEX_POINT('',#2349);
#2349 = CARTESIAN_POINT('',(2.85,0.,-70.4));
#2350 = SURFACE_CURVE('',#2351,(#2356,#2367),.PCURVE_S1.);
#2351 = CIRCLE('',#2352,2.85);
#2352 = AXIS2_PLACEMENT_3D('',#2353,#2354,#2355);
#2353 = CARTESIAN_POINT('',(0.,0.,-70.4));
#2354 = DIRECTION('',(0.,0.,1.));
#2355 = DIRECTION('',(1.,0.,0.));
#2356 = PCURVE('',#818,#2357);
#2357 = DEFINITIONAL_REPRESENTATION('',(#2358),#2366);
#2358 = ( BOUNDED_CURVE() B_SPLINE_CURVE(2,(#2359,#2360,#2361,#2362,
#2363,#2364,#2365),.UNSPECIFIED.,.T.,.F.) B_SPLINE_CURVE_WITH_KNOTS((1,2
    ,2,2,2,1),(-2.094395102393,0.,2.094395102393,4.188790204786,
6.28318530718,8.377580409573),.UNSPECIFIED.) CURVE() 
GEOMETRIC_REPRESENTATION_ITEM() RATIONAL_B_SPLINE_CURVE((1.,0.5,1.,0.5,
1.,0.5,1.)) REPRESENTATION_ITEM('') );
#2359 = CARTESIAN_POINT('',(-19.25138964254,29.25));
#2360 = CARTESIAN_POINT('',(-19.25138964254,34.186344801571));
#2361 = CARTESIAN_POINT('',(-14.97638964254,31.718172400786));
#2362 = CARTESIAN_POINT('',(-10.70138964254,29.25));
#2363 = CARTESIAN_POINT('',(-14.97638964254,26.781827599214));
#2364 = CARTESIAN_POINT('',(-19.25138964254,24.313655198429));
#2365 = CARTESIAN_POINT('',(-19.25138964254,29.25));
#2366 = ( GEOMETRIC_REPRESENTATION_CONTEXT(2) 
PARAMETRIC_REPRESENTATION_CONTEXT() REPRESENTATION_CONTEXT('2D SPACE',''
  ) );
#2367 = PCURVE('',#2368,#2373);
#2368 = CYLINDRICAL_SURFACE('',#2369,2.85);
#2369 = AXIS2_PLACEMENT_3D('',#2370,#2371,#2372);
#2370 = CARTESIAN_POINT('',(0.,0.,-70.4));
#2371 = DIRECTION('',(0.,0.,-1.));
#2372 = DIRECTION('',(1.,0.,0.));
#2373 = DEFINITIONAL_REPRESENTATION('',(#2374),#2378);
#2374 = LINE('',#2375,#2376);
#2375 = CARTESIAN_POINT('',(0.,0.));
#2376 = VECTOR('',#2377,1.);
#2377 = DIRECTION('',(-1.,0.));
#2378 = ( GEOMETRIC_REPRESENTATION_CONTEXT(2) 
PARAMETRIC_REPRESENTATION_CONTEXT() REPRESENTATION_CONTEXT('2D SPACE',''
  ) );
#2379 = ADVANCED_FACE('',(#2380),#427,.T.);
#2380 = FACE_BOUND('',#2381,.T.);
#2381 = EDGE_LOOP('',(#2382,#2383,#2384,#2405));
#2382 = ORIENTED_EDGE('',*,*,#2211,.T.);
#2383 = ORIENTED_EDGE('',*,*,#1362,.T.);
#2384 = ORIENTED_EDGE('',*,*,#2385,.F.);
#2385 = EDGE_CURVE('',#411,#1363,#2386,.T.);
#2386 = SURFACE_CURVE('',#2387,(#2391,#2398),.PCURVE_S1.);
#2387 = LINE('',#2388,#2389);
#2388 = CARTESIAN_POINT('',(-77.33300002111,-29.25,6.3));
#2389 = VECTOR('',#2390,1.);
#2390 = DIRECTION('',(0.,-1.,0.));
#2391 = PCURVE('',#427,#2392);
#2392 = DEFINITIONAL_REPRESENTATION('',(#2393),#2397);
#2393 = LINE('',#2394,#2395);
#2394 = CARTESIAN_POINT('',(3.14159265359,0.));
#2395 = VECTOR('',#2396,1.);
#2396 = DIRECTION('',(0.,-1.));
#2397 = ( GEOMETRIC_REPRESENTATION_CONTEXT(2) 
PARAMETRIC_REPRESENTATION_CONTEXT() REPRESENTATION_CONTEXT('2D SPACE',''
  ) );
#2398 = PCURVE('',#455,#2399);
#2399 = DEFINITIONAL_REPRESENTATION('',(#2400),#2404);
#2400 = LINE('',#2401,#2402);
#2401 = CARTESIAN_POINT('',(0.,0.));
#2402 = VECTOR('',#2403,1.);
#2403 = DIRECTION('',(0.,-1.));
#2404 = ( GEOMETRIC_REPRESENTATION_CONTEXT(2) 
PARAMETRIC_REPRESENTATION_CONTEXT() REPRESENTATION_CONTEXT('2D SPACE',''
  ) );
#2405 = ORIENTED_EDGE('',*,*,#410,.F.);
#2406 = ADVANCED_FACE('',(#2407),#790,.F.);
#2407 = FACE_BOUND('',#2408,.F.);
#2408 = EDGE_LOOP('',(#2409,#2432,#2453,#2454));
#2409 = ORIENTED_EDGE('',*,*,#2410,.T.);
#2410 = EDGE_CURVE('',#2238,#2411,#2413,.T.);
#2411 = VERTEX_POINT('',#2412);
#2412 = CARTESIAN_POINT('',(-6.541754732639,3.668166438153,-57.9));
#2413 = SURFACE_CURVE('',#2414,(#2418,#2425),.PCURVE_S1.);
#2414 = LINE('',#2415,#2416);
#2415 = CARTESIAN_POINT('',(-6.541754732639,3.668166438153,-70.4));
#2416 = VECTOR('',#2417,1.);
#2417 = DIRECTION('',(0.,0.,1.));
#2418 = PCURVE('',#790,#2419);
#2419 = DEFINITIONAL_REPRESENTATION('',(#2420),#2424);
#2420 = LINE('',#2421,#2422);
#2421 = CARTESIAN_POINT('',(-7.746993840668E-16,0.));
#2422 = VECTOR('',#2423,1.);
#2423 = DIRECTION('',(0.,-1.));
#2424 = ( GEOMETRIC_REPRESENTATION_CONTEXT(2) 
PARAMETRIC_REPRESENTATION_CONTEXT() REPRESENTATION_CONTEXT('2D SPACE',''
  ) );
#2425 = PCURVE('',#2281,#2426);
#2426 = DEFINITIONAL_REPRESENTATION('',(#2427),#2431);
#2427 = LINE('',#2428,#2429);
#2428 = CARTESIAN_POINT('',(-4.712388980385,0.));
#2429 = VECTOR('',#2430,1.);
#2430 = DIRECTION('',(0.,-1.));
#2431 = ( GEOMETRIC_REPRESENTATION_CONTEXT(2) 
PARAMETRIC_REPRESENTATION_CONTEXT() REPRESENTATION_CONTEXT('2D SPACE',''
  ) );
#2432 = ORIENTED_EDGE('',*,*,#2433,.T.);
#2433 = EDGE_CURVE('',#2411,#747,#2434,.T.);
#2434 = SURFACE_CURVE('',#2435,(#2439,#2446),.PCURVE_S1.);
#2435 = LINE('',#2436,#2437);
#2436 = CARTESIAN_POINT('',(-6.541754732639,3.668166438153,-57.9));
#2437 = VECTOR('',#2438,1.);
#2438 = DIRECTION('',(-0.48908885842,-0.872233964352,0.));
#2439 = PCURVE('',#790,#2440);
#2440 = DEFINITIONAL_REPRESENTATION('',(#2441),#2445);
#2441 = LINE('',#2442,#2443);
#2442 = CARTESIAN_POINT('',(0.,-12.5));
#2443 = VECTOR('',#2444,1.);
#2444 = DIRECTION('',(1.,0.));
#2445 = ( GEOMETRIC_REPRESENTATION_CONTEXT(2) 
PARAMETRIC_REPRESENTATION_CONTEXT() REPRESENTATION_CONTEXT('2D SPACE',''
  ) );
#2446 = PCURVE('',#762,#2447);
#2447 = DEFINITIONAL_REPRESENTATION('',(#2448),#2452);
#2448 = LINE('',#2449,#2450);
#2449 = CARTESIAN_POINT('',(30.458245267361,32.918166438153));
#2450 = VECTOR('',#2451,1.);
#2451 = DIRECTION('',(-0.48908885842,-0.872233964352));
#2452 = ( GEOMETRIC_REPRESENTATION_CONTEXT(2) 
PARAMETRIC_REPRESENTATION_CONTEXT() REPRESENTATION_CONTEXT('2D SPACE',''
  ) );
#2453 = ORIENTED_EDGE('',*,*,#774,.F.);
#2454 = ORIENTED_EDGE('',*,*,#2237,.F.);
#2455 = ADVANCED_FACE('',(#2456),#455,.T.);
#2456 = FACE_BOUND('',#2457,.T.);
#2457 = EDGE_LOOP('',(#2458,#2459,#2460,#2481));
#2458 = ORIENTED_EDGE('',*,*,#2385,.T.);
#2459 = ORIENTED_EDGE('',*,*,#1386,.T.);
#2460 = ORIENTED_EDGE('',*,*,#2461,.F.);
#2461 = EDGE_CURVE('',#440,#1387,#2462,.T.);
#2462 = SURFACE_CURVE('',#2463,(#2467,#2474),.PCURVE_S1.);
#2463 = LINE('',#2464,#2465);
#2464 = CARTESIAN_POINT('',(-77.333,-29.25,-7.8));
#2465 = VECTOR('',#2466,1.);
#2466 = DIRECTION('',(0.,-1.,0.));
#2467 = PCURVE('',#455,#2468);
#2468 = DEFINITIONAL_REPRESENTATION('',(#2469),#2473);
#2469 = LINE('',#2470,#2471);
#2470 = CARTESIAN_POINT('',(14.1,0.));
#2471 = VECTOR('',#2472,1.);
#2472 = DIRECTION('',(0.,-1.));
#2473 = ( GEOMETRIC_REPRESENTATION_CONTEXT(2) 
PARAMETRIC_REPRESENTATION_CONTEXT() REPRESENTATION_CONTEXT('2D SPACE',''
  ) );
#2474 = PCURVE('',#483,#2475);
#2475 = DEFINITIONAL_REPRESENTATION('',(#2476),#2480);
#2476 = LINE('',#2477,#2478);
#2477 = CARTESIAN_POINT('',(0.,0.));
#2478 = VECTOR('',#2479,1.);
#2479 = DIRECTION('',(0.,-1.));
#2480 = ( GEOMETRIC_REPRESENTATION_CONTEXT(2) 
PARAMETRIC_REPRESENTATION_CONTEXT() REPRESENTATION_CONTEXT('2D SPACE',''
  ) );
#2481 = ORIENTED_EDGE('',*,*,#439,.F.);
#2482 = ADVANCED_FACE('',(#2483,#2582),#762,.T.);
#2483 = FACE_BOUND('',#2484,.T.);
#2484 = EDGE_LOOP('',(#2485,#2486,#2507,#2508,#2536,#2559,#2581));
#2485 = ORIENTED_EDGE('',*,*,#746,.F.);
#2486 = ORIENTED_EDGE('',*,*,#2487,.T.);
#2487 = EDGE_CURVE('',#719,#1622,#2488,.T.);
#2488 = SURFACE_CURVE('',#2489,(#2493,#2500),.PCURVE_S1.);
#2489 = LINE('',#2490,#2491);
#2490 = CARTESIAN_POINT('',(-37.,-29.25,-57.9));
#2491 = VECTOR('',#2492,1.);
#2492 = DIRECTION('',(0.,-1.,0.));
#2493 = PCURVE('',#762,#2494);
#2494 = DEFINITIONAL_REPRESENTATION('',(#2495),#2499);
#2495 = LINE('',#2496,#2497);
#2496 = CARTESIAN_POINT('',(0.,0.));
#2497 = VECTOR('',#2498,1.);
#2498 = DIRECTION('',(0.,-1.));
#2499 = ( GEOMETRIC_REPRESENTATION_CONTEXT(2) 
PARAMETRIC_REPRESENTATION_CONTEXT() REPRESENTATION_CONTEXT('2D SPACE',''
  ) );
#2500 = PCURVE('',#734,#2501);
#2501 = DEFINITIONAL_REPRESENTATION('',(#2502),#2506);
#2502 = LINE('',#2503,#2504);
#2503 = CARTESIAN_POINT('',(32.2,0.));
#2504 = VECTOR('',#2505,1.);
#2505 = DIRECTION('',(0.,-1.));
#2506 = ( GEOMETRIC_REPRESENTATION_CONTEXT(2) 
PARAMETRIC_REPRESENTATION_CONTEXT() REPRESENTATION_CONTEXT('2D SPACE',''
  ) );
#2507 = ORIENTED_EDGE('',*,*,#1644,.T.);
#2508 = ORIENTED_EDGE('',*,*,#2509,.F.);
#2509 = EDGE_CURVE('',#2510,#1645,#2512,.T.);
#2510 = VERTEX_POINT('',#2511);
#2511 = CARTESIAN_POINT('',(-16.40138964254,-29.25,-57.9));
#2512 = SURFACE_CURVE('',#2513,(#2518,#2529),.PCURVE_S1.);
#2513 = CIRCLE('',#2514,6.);
#2514 = AXIS2_PLACEMENT_3D('',#2515,#2516,#2517);
#2515 = CARTESIAN_POINT('',(-22.40138964254,-29.25,-57.9));
#2516 = DIRECTION('',(0.,0.,-1.));
#2517 = DIRECTION('',(1.184237892933E-15,-1.,0.));
#2518 = PCURVE('',#762,#2519);
#2519 = DEFINITIONAL_REPRESENTATION('',(#2520),#2528);
#2520 = ( BOUNDED_CURVE() B_SPLINE_CURVE(2,(#2521,#2522,#2523,#2524,
#2525,#2526,#2527),.UNSPECIFIED.,.T.,.F.) B_SPLINE_CURVE_WITH_KNOTS((1,2
    ,2,2,2,1),(-2.094395102393,0.,2.094395102393,4.188790204786,
6.28318530718,8.377580409573),.UNSPECIFIED.) CURVE() 
GEOMETRIC_REPRESENTATION_ITEM() RATIONAL_B_SPLINE_CURVE((1.,0.5,1.,0.5,
1.,0.5,1.)) REPRESENTATION_ITEM('') );
#2521 = CARTESIAN_POINT('',(14.598610357455,-6.));
#2522 = CARTESIAN_POINT('',(4.206305512042,-6.));
#2523 = CARTESIAN_POINT('',(9.402457934748,3.));
#2524 = CARTESIAN_POINT('',(14.598610357455,12.));
#2525 = CARTESIAN_POINT('',(19.794762780161,3.));
#2526 = CARTESIAN_POINT('',(24.990915202868,-6.));
#2527 = CARTESIAN_POINT('',(14.598610357455,-6.));
#2528 = ( GEOMETRIC_REPRESENTATION_CONTEXT(2) 
PARAMETRIC_REPRESENTATION_CONTEXT() REPRESENTATION_CONTEXT('2D SPACE',''
  ) );
#2529 = PCURVE('',#1683,#2530);
#2530 = DEFINITIONAL_REPRESENTATION('',(#2531),#2535);
#2531 = LINE('',#2532,#2533);
#2532 = CARTESIAN_POINT('',(-6.28318530718,-39.));
#2533 = VECTOR('',#2534,1.);
#2534 = DIRECTION('',(1.,0.));
#2535 = ( GEOMETRIC_REPRESENTATION_CONTEXT(2) 
PARAMETRIC_REPRESENTATION_CONTEXT() REPRESENTATION_CONTEXT('2D SPACE',''
  ) );
#2536 = ORIENTED_EDGE('',*,*,#2537,.T.);
#2537 = EDGE_CURVE('',#2510,#2538,#2540,.T.);
#2538 = VERTEX_POINT('',#2539);
#2539 = CARTESIAN_POINT('',(-3.668166438153,-6.541754732639,-57.9));
#2540 = SURFACE_CURVE('',#2541,(#2545,#2552),.PCURVE_S1.);
#2541 = LINE('',#2542,#2543);
#2542 = CARTESIAN_POINT('',(-16.40138964254,-29.25,-57.9));
#2543 = VECTOR('',#2544,1.);
#2544 = DIRECTION('',(0.48908885842,0.872233964352,0.));
#2545 = PCURVE('',#762,#2546);
#2546 = DEFINITIONAL_REPRESENTATION('',(#2547),#2551);
#2547 = LINE('',#2548,#2549);
#2548 = CARTESIAN_POINT('',(20.598610357455,0.));
#2549 = VECTOR('',#2550,1.);
#2550 = DIRECTION('',(0.48908885842,0.872233964352));
#2551 = ( GEOMETRIC_REPRESENTATION_CONTEXT(2) 
PARAMETRIC_REPRESENTATION_CONTEXT() REPRESENTATION_CONTEXT('2D SPACE',''
  ) );
#2552 = PCURVE('',#2309,#2553);
#2553 = DEFINITIONAL_REPRESENTATION('',(#2554),#2558);
#2554 = LINE('',#2555,#2556);
#2555 = CARTESIAN_POINT('',(0.,-12.5));
#2556 = VECTOR('',#2557,1.);
#2557 = DIRECTION('',(1.,0.));
#2558 = ( GEOMETRIC_REPRESENTATION_CONTEXT(2) 
PARAMETRIC_REPRESENTATION_CONTEXT() REPRESENTATION_CONTEXT('2D SPACE',''
  ) );
#2559 = ORIENTED_EDGE('',*,*,#2560,.T.);
#2560 = EDGE_CURVE('',#2538,#2411,#2561,.T.);
#2561 = SURFACE_CURVE('',#2562,(#2567,#2574),.PCURVE_S1.);
#2562 = CIRCLE('',#2563,7.5);
#2563 = AXIS2_PLACEMENT_3D('',#2564,#2565,#2566);
#2564 = CARTESIAN_POINT('',(-4.996003610813E-16,2.22044604925E-16,-57.9)
  );
#2565 = DIRECTION('',(0.,0.,1.));
#2566 = DIRECTION('',(-0.48908885842,-0.872233964352,0.));
#2567 = PCURVE('',#762,#2568);
#2568 = DEFINITIONAL_REPRESENTATION('',(#2569),#2573);
#2569 = CIRCLE('',#2570,7.5);
#2570 = AXIS2_PLACEMENT_2D('',#2571,#2572);
#2571 = CARTESIAN_POINT('',(37.,29.25));
#2572 = DIRECTION('',(-0.48908885842,-0.872233964352));
#2573 = ( GEOMETRIC_REPRESENTATION_CONTEXT(2) 
PARAMETRIC_REPRESENTATION_CONTEXT() REPRESENTATION_CONTEXT('2D SPACE',''
  ) );
#2574 = PCURVE('',#2281,#2575);
#2575 = DEFINITIONAL_REPRESENTATION('',(#2576),#2580);
#2576 = LINE('',#2577,#2578);
#2577 = CARTESIAN_POINT('',(0.,-12.5));
#2578 = VECTOR('',#2579,1.);
#2579 = DIRECTION('',(-1.,0.));
#2580 = ( GEOMETRIC_REPRESENTATION_CONTEXT(2) 
PARAMETRIC_REPRESENTATION_CONTEXT() REPRESENTATION_CONTEXT('2D SPACE',''
  ) );
#2581 = ORIENTED_EDGE('',*,*,#2433,.T.);
#2582 = FACE_BOUND('',#2583,.T.);
#2583 = EDGE_LOOP('',(#2584));
#2584 = ORIENTED_EDGE('',*,*,#2585,.F.);
#2585 = EDGE_CURVE('',#2586,#2586,#2588,.T.);
#2586 = VERTEX_POINT('',#2587);
#2587 = CARTESIAN_POINT('',(2.85,0.,-57.9));
#2588 = SURFACE_CURVE('',#2589,(#2594,#2601),.PCURVE_S1.);
#2589 = CIRCLE('',#2590,2.85);
#2590 = AXIS2_PLACEMENT_3D('',#2591,#2592,#2593);
#2591 = CARTESIAN_POINT('',(0.,0.,-57.9));
#2592 = DIRECTION('',(0.,0.,1.));
#2593 = DIRECTION('',(1.,0.,0.));
#2594 = PCURVE('',#762,#2595);
#2595 = DEFINITIONAL_REPRESENTATION('',(#2596),#2600);
#2596 = CIRCLE('',#2597,2.85);
#2597 = AXIS2_PLACEMENT_2D('',#2598,#2599);
#2598 = CARTESIAN_POINT('',(37.,29.25));
#2599 = DIRECTION('',(1.,0.));
#2600 = ( GEOMETRIC_REPRESENTATION_CONTEXT(2) 
PARAMETRIC_REPRESENTATION_CONTEXT() REPRESENTATION_CONTEXT('2D SPACE',''
  ) );
#2601 = PCURVE('',#2368,#2602);
#2602 = DEFINITIONAL_REPRESENTATION('',(#2603),#2607);
#2603 = LINE('',#2604,#2605);
#2604 = CARTESIAN_POINT('',(0.,-12.5));
#2605 = VECTOR('',#2606,1.);
#2606 = DIRECTION('',(-1.,0.));
#2607 = ( GEOMETRIC_REPRESENTATION_CONTEXT(2) 
PARAMETRIC_REPRESENTATION_CONTEXT() REPRESENTATION_CONTEXT('2D SPACE',''
  ) );
#2608 = ADVANCED_FACE('',(#2609),#483,.T.);
#2609 = FACE_BOUND('',#2610,.T.);
#2610 = EDGE_LOOP('',(#2611,#2612,#2613,#2634));
#2611 = ORIENTED_EDGE('',*,*,#2461,.T.);
#2612 = ORIENTED_EDGE('',*,*,#1409,.T.);
#2613 = ORIENTED_EDGE('',*,*,#2614,.F.);
#2614 = EDGE_CURVE('',#468,#1410,#2615,.T.);
#2615 = SURFACE_CURVE('',#2616,(#2620,#2627),.PCURVE_S1.);
#2616 = LINE('',#2617,#2618);
#2617 = CARTESIAN_POINT('',(-56.297553,-29.25,-7.8));
#2618 = VECTOR('',#2619,1.);
#2619 = DIRECTION('',(0.,-1.,0.));
#2620 = PCURVE('',#483,#2621);
#2621 = DEFINITIONAL_REPRESENTATION('',(#2622),#2626);
#2622 = LINE('',#2623,#2624);
#2623 = CARTESIAN_POINT('',(21.035447,0.));
#2624 = VECTOR('',#2625,1.);
#2625 = DIRECTION('',(0.,-1.));
#2626 = ( GEOMETRIC_REPRESENTATION_CONTEXT(2) 
PARAMETRIC_REPRESENTATION_CONTEXT() REPRESENTATION_CONTEXT('2D SPACE',''
  ) );
#2627 = PCURVE('',#511,#2628);
#2628 = DEFINITIONAL_REPRESENTATION('',(#2629),#2633);
#2629 = LINE('',#2630,#2631);
#2630 = CARTESIAN_POINT('',(0.,0.));
#2631 = VECTOR('',#2632,1.);
#2632 = DIRECTION('',(0.,-1.));
#2633 = ( GEOMETRIC_REPRESENTATION_CONTEXT(2) 
PARAMETRIC_REPRESENTATION_CONTEXT() REPRESENTATION_CONTEXT('2D SPACE',''
  ) );
#2634 = ORIENTED_EDGE('',*,*,#467,.F.);
#2635 = ADVANCED_FACE('',(#2636),#734,.T.);
#2636 = FACE_BOUND('',#2637,.T.);
#2637 = EDGE_LOOP('',(#2638,#2659,#2660,#2661));
#2638 = ORIENTED_EDGE('',*,*,#2639,.T.);
#2639 = EDGE_CURVE('',#691,#1599,#2640,.T.);
#2640 = SURFACE_CURVE('',#2641,(#2645,#2652),.PCURVE_S1.);
#2641 = LINE('',#2642,#2643);
#2642 = CARTESIAN_POINT('',(-37.,-29.25,-25.7));
#2643 = VECTOR('',#2644,1.);
#2644 = DIRECTION('',(0.,-1.,0.));
#2645 = PCURVE('',#734,#2646);
#2646 = DEFINITIONAL_REPRESENTATION('',(#2647),#2651);
#2647 = LINE('',#2648,#2649);
#2648 = CARTESIAN_POINT('',(0.,0.));
#2649 = VECTOR('',#2650,1.);
#2650 = DIRECTION('',(0.,-1.));
#2651 = ( GEOMETRIC_REPRESENTATION_CONTEXT(2) 
PARAMETRIC_REPRESENTATION_CONTEXT() REPRESENTATION_CONTEXT('2D SPACE',''
  ) );
#2652 = PCURVE('',#706,#2653);
#2653 = DEFINITIONAL_REPRESENTATION('',(#2654),#2658);
#2654 = LINE('',#2655,#2656);
#2655 = CARTESIAN_POINT('',(20.598610357455,0.));
#2656 = VECTOR('',#2657,1.);
#2657 = DIRECTION('',(0.,-1.));
#2658 = ( GEOMETRIC_REPRESENTATION_CONTEXT(2) 
PARAMETRIC_REPRESENTATION_CONTEXT() REPRESENTATION_CONTEXT('2D SPACE',''
  ) );
#2659 = ORIENTED_EDGE('',*,*,#1621,.T.);
#2660 = ORIENTED_EDGE('',*,*,#2487,.F.);
#2661 = ORIENTED_EDGE('',*,*,#718,.F.);
#2662 = ADVANCED_FACE('',(#2663),#511,.T.);
#2663 = FACE_BOUND('',#2664,.T.);
#2664 = EDGE_LOOP('',(#2665,#2666,#2667,#2688));
#2665 = ORIENTED_EDGE('',*,*,#2614,.T.);
#2666 = ORIENTED_EDGE('',*,*,#1432,.T.);
#2667 = ORIENTED_EDGE('',*,*,#2668,.F.);
#2668 = EDGE_CURVE('',#496,#1433,#2669,.T.);
#2669 = SURFACE_CURVE('',#2670,(#2674,#2681),.PCURVE_S1.);
#2670 = LINE('',#2671,#2672);
#2671 = CARTESIAN_POINT('',(-36.197553,-29.25,12.3));
#2672 = VECTOR('',#2673,1.);
#2673 = DIRECTION('',(0.,-1.,0.));
#2674 = PCURVE('',#511,#2675);
#2675 = DEFINITIONAL_REPRESENTATION('',(#2676),#2680);
#2676 = LINE('',#2677,#2678);
#2677 = CARTESIAN_POINT('',(28.425692603699,0.));
#2678 = VECTOR('',#2679,1.);
#2679 = DIRECTION('',(0.,-1.));
#2680 = ( GEOMETRIC_REPRESENTATION_CONTEXT(2) 
PARAMETRIC_REPRESENTATION_CONTEXT() REPRESENTATION_CONTEXT('2D SPACE',''
  ) );
#2681 = PCURVE('',#539,#2682);
#2682 = DEFINITIONAL_REPRESENTATION('',(#2683),#2687);
#2683 = LINE('',#2684,#2685);
#2684 = CARTESIAN_POINT('',(0.,0.));
#2685 = VECTOR('',#2686,1.);
#2686 = DIRECTION('',(0.,-1.));
#2687 = ( GEOMETRIC_REPRESENTATION_CONTEXT(2) 
PARAMETRIC_REPRESENTATION_CONTEXT() REPRESENTATION_CONTEXT('2D SPACE',''
  ) );
#2688 = ORIENTED_EDGE('',*,*,#495,.F.);
#2689 = ADVANCED_FACE('',(#2690,#2801),#706,.T.);
#2690 = FACE_BOUND('',#2691,.T.);
#2691 = EDGE_LOOP('',(#2692,#2693,#2716,#2749,#2777,#2799,#2800));
#2692 = ORIENTED_EDGE('',*,*,#690,.F.);
#2693 = ORIENTED_EDGE('',*,*,#2694,.F.);
#2694 = EDGE_CURVE('',#2695,#663,#2697,.T.);
#2695 = VERTEX_POINT('',#2696);
#2696 = CARTESIAN_POINT('',(-6.541754732639,3.668166438153,-25.7));
#2697 = SURFACE_CURVE('',#2698,(#2702,#2709),.PCURVE_S1.);
#2698 = LINE('',#2699,#2700);
#2699 = CARTESIAN_POINT('',(-6.541754732639,3.668166438153,-25.7));
#2700 = VECTOR('',#2701,1.);
#2701 = DIRECTION('',(-0.48908885842,-0.872233964352,0.));
#2702 = PCURVE('',#706,#2703);
#2703 = DEFINITIONAL_REPRESENTATION('',(#2704),#2708);
#2704 = LINE('',#2705,#2706);
#2705 = CARTESIAN_POINT('',(-9.859634909906,32.918166438153));
#2706 = VECTOR('',#2707,1.);
#2707 = DIRECTION('',(0.48908885842,-0.872233964352));
#2708 = ( GEOMETRIC_REPRESENTATION_CONTEXT(2) 
PARAMETRIC_REPRESENTATION_CONTEXT() REPRESENTATION_CONTEXT('2D SPACE',''
  ) );
#2709 = PCURVE('',#678,#2710);
#2710 = DEFINITIONAL_REPRESENTATION('',(#2711),#2715);
#2711 = LINE('',#2712,#2713);
#2712 = CARTESIAN_POINT('',(0.,0.));
#2713 = VECTOR('',#2714,1.);
#2714 = DIRECTION('',(1.,0.));
#2715 = ( GEOMETRIC_REPRESENTATION_CONTEXT(2) 
PARAMETRIC_REPRESENTATION_CONTEXT() REPRESENTATION_CONTEXT('2D SPACE',''
  ) );
#2716 = ORIENTED_EDGE('',*,*,#2717,.F.);
#2717 = EDGE_CURVE('',#2718,#2695,#2720,.T.);
#2718 = VERTEX_POINT('',#2719);
#2719 = CARTESIAN_POINT('',(-3.668166438153,-6.541754732639,-25.7));
#2720 = SURFACE_CURVE('',#2721,(#2726,#2737),.PCURVE_S1.);
#2721 = CIRCLE('',#2722,7.5);
#2722 = AXIS2_PLACEMENT_3D('',#2723,#2724,#2725);
#2723 = CARTESIAN_POINT('',(-4.996003610813E-16,2.22044604925E-16,-25.7)
  );
#2724 = DIRECTION('',(0.,0.,1.));
#2725 = DIRECTION('',(-0.48908885842,-0.872233964352,0.));
#2726 = PCURVE('',#706,#2727);
#2727 = DEFINITIONAL_REPRESENTATION('',(#2728),#2736);
#2728 = ( BOUNDED_CURVE() B_SPLINE_CURVE(2,(#2729,#2730,#2731,#2732,
#2733,#2734,#2735),.UNSPECIFIED.,.T.,.F.) B_SPLINE_CURVE_WITH_KNOTS((1,2
    ,2,2,2,1),(-2.094395102393,0.,2.094395102393,4.188790204786,
6.28318530718,8.377580409573),.UNSPECIFIED.) CURVE() 
GEOMETRIC_REPRESENTATION_ITEM() RATIONAL_B_SPLINE_CURVE((1.,0.5,1.,0.5,
1.,0.5,1.)) REPRESENTATION_ITEM('') );
#2729 = CARTESIAN_POINT('',(-12.73322320439,22.708245267361));
#2730 = CARTESIAN_POINT('',(-24.06387477197,16.354794625861));
#2731 = CARTESIAN_POINT('',(-23.90079864541,29.344152045569));
#2732 = CARTESIAN_POINT('',(-23.73772251885,42.333509465278));
#2733 = CARTESIAN_POINT('',(-12.57014707782,35.69760268707));
#2734 = CARTESIAN_POINT('',(-1.402571636807,29.061695908861));
#2735 = CARTESIAN_POINT('',(-12.73322320439,22.708245267361));
#2736 = ( GEOMETRIC_REPRESENTATION_CONTEXT(2) 
PARAMETRIC_REPRESENTATION_CONTEXT() REPRESENTATION_CONTEXT('2D SPACE',''
  ) );
#2737 = PCURVE('',#2738,#2743);
#2738 = CYLINDRICAL_SURFACE('',#2739,7.5);
#2739 = AXIS2_PLACEMENT_3D('',#2740,#2741,#2742);
#2740 = CARTESIAN_POINT('',(-4.996003610813E-16,2.22044604925E-16,-25.7)
  );
#2741 = DIRECTION('',(0.,0.,-1.));
#2742 = DIRECTION('',(-0.48908885842,-0.872233964352,0.));
#2743 = DEFINITIONAL_REPRESENTATION('',(#2744),#2748);
#2744 = LINE('',#2745,#2746);
#2745 = CARTESIAN_POINT('',(0.,0.));
#2746 = VECTOR('',#2747,1.);
#2747 = DIRECTION('',(-1.,0.));
#2748 = ( GEOMETRIC_REPRESENTATION_CONTEXT(2) 
PARAMETRIC_REPRESENTATION_CONTEXT() REPRESENTATION_CONTEXT('2D SPACE',''
  ) );
#2749 = ORIENTED_EDGE('',*,*,#2750,.F.);
#2750 = EDGE_CURVE('',#2751,#2718,#2753,.T.);
#2751 = VERTEX_POINT('',#2752);
#2752 = CARTESIAN_POINT('',(-16.40138964254,-29.25,-25.7));
#2753 = SURFACE_CURVE('',#2754,(#2758,#2765),.PCURVE_S1.);
#2754 = LINE('',#2755,#2756);
#2755 = CARTESIAN_POINT('',(-16.40138964254,-29.25,-25.7));
#2756 = VECTOR('',#2757,1.);
#2757 = DIRECTION('',(0.48908885842,0.872233964352,0.));
#2758 = PCURVE('',#706,#2759);
#2759 = DEFINITIONAL_REPRESENTATION('',(#2760),#2764);
#2760 = LINE('',#2761,#2762);
#2761 = CARTESIAN_POINT('',(0.,0.));
#2762 = VECTOR('',#2763,1.);
#2763 = DIRECTION('',(-0.48908885842,0.872233964352));
#2764 = ( GEOMETRIC_REPRESENTATION_CONTEXT(2) 
PARAMETRIC_REPRESENTATION_CONTEXT() REPRESENTATION_CONTEXT('2D SPACE',''
  ) );
#2765 = PCURVE('',#2766,#2771);
#2766 = PLANE('',#2767);
#2767 = AXIS2_PLACEMENT_3D('',#2768,#2769,#2770);
#2768 = CARTESIAN_POINT('',(-16.40138964254,-29.25,-25.7));
#2769 = DIRECTION('',(-0.872233964352,0.48908885842,0.));
#2770 = DIRECTION('',(0.48908885842,0.872233964352,0.));
#2771 = DEFINITIONAL_REPRESENTATION('',(#2772),#2776);
#2772 = LINE('',#2773,#2774);
#2773 = CARTESIAN_POINT('',(0.,0.));
#2774 = VECTOR('',#2775,1.);
#2775 = DIRECTION('',(1.,0.));
#2776 = ( GEOMETRIC_REPRESENTATION_CONTEXT(2) 
PARAMETRIC_REPRESENTATION_CONTEXT() REPRESENTATION_CONTEXT('2D SPACE',''
  ) );
#2777 = ORIENTED_EDGE('',*,*,#2778,.T.);
#2778 = EDGE_CURVE('',#2751,#1571,#2779,.T.);
#2779 = SURFACE_CURVE('',#2780,(#2785,#2792),.PCURVE_S1.);
#2780 = CIRCLE('',#2781,6.);
#2781 = AXIS2_PLACEMENT_3D('',#2782,#2783,#2784);
#2782 = CARTESIAN_POINT('',(-22.40138964254,-29.25,-25.7));
#2783 = DIRECTION('',(0.,0.,-1.));
#2784 = DIRECTION('',(1.184237892933E-15,-1.,0.));
#2785 = PCURVE('',#706,#2786);
#2786 = DEFINITIONAL_REPRESENTATION('',(#2787),#2791);
#2787 = CIRCLE('',#2788,6.);
#2788 = AXIS2_PLACEMENT_2D('',#2789,#2790);
#2789 = CARTESIAN_POINT('',(6.,3.552713678801E-15));
#2790 = DIRECTION('',(-1.184237892933E-15,-1.));
#2791 = ( GEOMETRIC_REPRESENTATION_CONTEXT(2) 
PARAMETRIC_REPRESENTATION_CONTEXT() REPRESENTATION_CONTEXT('2D SPACE',''
  ) );
#2792 = PCURVE('',#1586,#2793);
#2793 = DEFINITIONAL_REPRESENTATION('',(#2794),#2798);
#2794 = LINE('',#2795,#2796);
#2795 = CARTESIAN_POINT('',(-6.28318530718,-71.2));
#2796 = VECTOR('',#2797,1.);
#2797 = DIRECTION('',(1.,0.));
#2798 = ( GEOMETRIC_REPRESENTATION_CONTEXT(2) 
PARAMETRIC_REPRESENTATION_CONTEXT() REPRESENTATION_CONTEXT('2D SPACE',''
  ) );
#2799 = ORIENTED_EDGE('',*,*,#1598,.T.);
#2800 = ORIENTED_EDGE('',*,*,#2639,.F.);
#2801 = FACE_BOUND('',#2802,.T.);
#2802 = EDGE_LOOP('',(#2803));
#2803 = ORIENTED_EDGE('',*,*,#2804,.T.);
#2804 = EDGE_CURVE('',#2805,#2805,#2807,.T.);
#2805 = VERTEX_POINT('',#2806);
#2806 = CARTESIAN_POINT('',(2.85,0.,-25.7));
#2807 = SURFACE_CURVE('',#2808,(#2813,#2824),.PCURVE_S1.);
#2808 = CIRCLE('',#2809,2.85);
#2809 = AXIS2_PLACEMENT_3D('',#2810,#2811,#2812);
#2810 = CARTESIAN_POINT('',(0.,0.,-25.7));
#2811 = DIRECTION('',(0.,0.,1.));
#2812 = DIRECTION('',(1.,0.,0.));
#2813 = PCURVE('',#706,#2814);
#2814 = DEFINITIONAL_REPRESENTATION('',(#2815),#2823);
#2815 = ( BOUNDED_CURVE() B_SPLINE_CURVE(2,(#2816,#2817,#2818,#2819,
#2820,#2821,#2822),.UNSPECIFIED.,.T.,.F.) B_SPLINE_CURVE_WITH_KNOTS((1,2
    ,2,2,2,1),(-2.094395102393,0.,2.094395102393,4.188790204786,
6.28318530718,8.377580409573),.UNSPECIFIED.) CURVE() 
GEOMETRIC_REPRESENTATION_ITEM() RATIONAL_B_SPLINE_CURVE((1.,0.5,1.,0.5,
1.,0.5,1.)) REPRESENTATION_ITEM('') );
#2816 = CARTESIAN_POINT('',(-19.25138964254,29.25));
#2817 = CARTESIAN_POINT('',(-19.25138964254,34.186344801571));
#2818 = CARTESIAN_POINT('',(-14.97638964254,31.718172400786));
#2819 = CARTESIAN_POINT('',(-10.70138964254,29.25));
#2820 = CARTESIAN_POINT('',(-14.97638964254,26.781827599214));
#2821 = CARTESIAN_POINT('',(-19.25138964254,24.313655198429));
#2822 = CARTESIAN_POINT('',(-19.25138964254,29.25));
#2823 = ( GEOMETRIC_REPRESENTATION_CONTEXT(2) 
PARAMETRIC_REPRESENTATION_CONTEXT() REPRESENTATION_CONTEXT('2D SPACE',''
  ) );
#2824 = PCURVE('',#2825,#2830);
#2825 = CYLINDRICAL_SURFACE('',#2826,2.85);
#2826 = AXIS2_PLACEMENT_3D('',#2827,#2828,#2829);
#2827 = CARTESIAN_POINT('',(0.,0.,-25.7));
#2828 = DIRECTION('',(0.,0.,-1.));
#2829 = DIRECTION('',(1.,0.,0.));
#2830 = DEFINITIONAL_REPRESENTATION('',(#2831),#2835);
#2831 = LINE('',#2832,#2833);
#2832 = CARTESIAN_POINT('',(0.,0.));
#2833 = VECTOR('',#2834,1.);
#2834 = DIRECTION('',(-1.,0.));
#2835 = ( GEOMETRIC_REPRESENTATION_CONTEXT(2) 
PARAMETRIC_REPRESENTATION_CONTEXT() REPRESENTATION_CONTEXT('2D SPACE',''
  ) );
#2836 = ADVANCED_FACE('',(#2837),#539,.T.);
#2837 = FACE_BOUND('',#2838,.T.);
#2838 = EDGE_LOOP('',(#2839,#2840,#2841,#2842));
#2839 = ORIENTED_EDGE('',*,*,#523,.F.);
#2840 = ORIENTED_EDGE('',*,*,#2668,.T.);
#2841 = ORIENTED_EDGE('',*,*,#1455,.T.);
#2842 = ORIENTED_EDGE('',*,*,#2843,.F.);
#2843 = EDGE_CURVE('',#524,#1456,#2844,.T.);
#2844 = SURFACE_CURVE('',#2845,(#2850,#2861),.PCURVE_S1.);
#2845 = CIRCLE('',#2846,6.);
#2846 = AXIS2_PLACEMENT_3D('',#2847,#2848,#2849);
#2847 = CARTESIAN_POINT('',(-22.40138964254,-29.25,12.3));
#2848 = DIRECTION('',(0.,0.,-1.));
#2849 = DIRECTION('',(1.184237892933E-15,-1.,0.));
#2850 = PCURVE('',#539,#2851);
#2851 = DEFINITIONAL_REPRESENTATION('',(#2852),#2860);
#2852 = ( BOUNDED_CURVE() B_SPLINE_CURVE(2,(#2853,#2854,#2855,#2856,
#2857,#2858,#2859),.UNSPECIFIED.,.T.,.F.) B_SPLINE_CURVE_WITH_KNOTS((1,2
    ,2,2,2,1),(-2.094395102393,0.,2.094395102393,4.188790204786,
6.28318530718,8.377580409573),.UNSPECIFIED.) CURVE() 
GEOMETRIC_REPRESENTATION_ITEM() RATIONAL_B_SPLINE_CURVE((1.,0.5,1.,0.5,
1.,0.5,1.)) REPRESENTATION_ITEM('') );
#2853 = CARTESIAN_POINT('',(13.796163357455,-6.));
#2854 = CARTESIAN_POINT('',(3.403858512042,-6.));
#2855 = CARTESIAN_POINT('',(8.600010934748,3.));
#2856 = CARTESIAN_POINT('',(13.796163357455,12.));
#2857 = CARTESIAN_POINT('',(18.992315780161,3.));
#2858 = CARTESIAN_POINT('',(24.188468202868,-6.));
#2859 = CARTESIAN_POINT('',(13.796163357455,-6.));
#2860 = ( GEOMETRIC_REPRESENTATION_CONTEXT(2) 
PARAMETRIC_REPRESENTATION_CONTEXT() REPRESENTATION_CONTEXT('2D SPACE',''
  ) );
#2861 = PCURVE('',#567,#2862);
#2862 = DEFINITIONAL_REPRESENTATION('',(#2863),#2867);
#2863 = LINE('',#2864,#2865);
#2864 = CARTESIAN_POINT('',(-6.28318530718,-109.2));
#2865 = VECTOR('',#2866,1.);
#2866 = DIRECTION('',(1.,0.));
#2867 = ( GEOMETRIC_REPRESENTATION_CONTEXT(2) 
PARAMETRIC_REPRESENTATION_CONTEXT() REPRESENTATION_CONTEXT('2D SPACE',''
  ) );
#2868 = ADVANCED_FACE('',(#2869),#678,.F.);
#2869 = FACE_BOUND('',#2870,.F.);
#2870 = EDGE_LOOP('',(#2871,#2894,#2915,#2916));
#2871 = ORIENTED_EDGE('',*,*,#2872,.T.);
#2872 = EDGE_CURVE('',#2695,#2873,#2875,.T.);
#2873 = VERTEX_POINT('',#2874);
#2874 = CARTESIAN_POINT('',(-6.541754732639,3.668166438153,-13.2));
#2875 = SURFACE_CURVE('',#2876,(#2880,#2887),.PCURVE_S1.);
#2876 = LINE('',#2877,#2878);
#2877 = CARTESIAN_POINT('',(-6.541754732639,3.668166438153,-25.7));
#2878 = VECTOR('',#2879,1.);
#2879 = DIRECTION('',(0.,0.,1.));
#2880 = PCURVE('',#678,#2881);
#2881 = DEFINITIONAL_REPRESENTATION('',(#2882),#2886);
#2882 = LINE('',#2883,#2884);
#2883 = CARTESIAN_POINT('',(-7.746993840668E-16,0.));
#2884 = VECTOR('',#2885,1.);
#2885 = DIRECTION('',(0.,-1.));
#2886 = ( GEOMETRIC_REPRESENTATION_CONTEXT(2) 
PARAMETRIC_REPRESENTATION_CONTEXT() REPRESENTATION_CONTEXT('2D SPACE',''
  ) );
#2887 = PCURVE('',#2738,#2888);
#2888 = DEFINITIONAL_REPRESENTATION('',(#2889),#2893);
#2889 = LINE('',#2890,#2891);
#2890 = CARTESIAN_POINT('',(-4.712388980385,0.));
#2891 = VECTOR('',#2892,1.);
#2892 = DIRECTION('',(0.,-1.));
#2893 = ( GEOMETRIC_REPRESENTATION_CONTEXT(2) 
PARAMETRIC_REPRESENTATION_CONTEXT() REPRESENTATION_CONTEXT('2D SPACE',''
  ) );
#2894 = ORIENTED_EDGE('',*,*,#2895,.T.);
#2895 = EDGE_CURVE('',#2873,#635,#2896,.T.);
#2896 = SURFACE_CURVE('',#2897,(#2901,#2908),.PCURVE_S1.);
#2897 = LINE('',#2898,#2899);
#2898 = CARTESIAN_POINT('',(-6.541754732639,3.668166438153,-13.2));
#2899 = VECTOR('',#2900,1.);
#2900 = DIRECTION('',(-0.48908885842,-0.872233964352,0.));
#2901 = PCURVE('',#678,#2902);
#2902 = DEFINITIONAL_REPRESENTATION('',(#2903),#2907);
#2903 = LINE('',#2904,#2905);
#2904 = CARTESIAN_POINT('',(0.,-12.5));
#2905 = VECTOR('',#2906,1.);
#2906 = DIRECTION('',(1.,0.));
#2907 = ( GEOMETRIC_REPRESENTATION_CONTEXT(2) 
PARAMETRIC_REPRESENTATION_CONTEXT() REPRESENTATION_CONTEXT('2D SPACE',''
  ) );
#2908 = PCURVE('',#650,#2909);
#2909 = DEFINITIONAL_REPRESENTATION('',(#2910),#2914);
#2910 = LINE('',#2911,#2912);
#2911 = CARTESIAN_POINT('',(30.458245267361,32.918166438153));
#2912 = VECTOR('',#2913,1.);
#2913 = DIRECTION('',(-0.48908885842,-0.872233964352));
#2914 = ( GEOMETRIC_REPRESENTATION_CONTEXT(2) 
PARAMETRIC_REPRESENTATION_CONTEXT() REPRESENTATION_CONTEXT('2D SPACE',''
  ) );
#2915 = ORIENTED_EDGE('',*,*,#662,.F.);
#2916 = ORIENTED_EDGE('',*,*,#2694,.F.);
#2917 = ADVANCED_FACE('',(#2918),#567,.T.);
#2918 = FACE_BOUND('',#2919,.F.);
#2919 = EDGE_LOOP('',(#2920,#2942,#2943,#2944));
#2920 = ORIENTED_EDGE('',*,*,#2921,.T.);
#2921 = EDGE_CURVE('',#552,#1479,#2922,.T.);
#2922 = SURFACE_CURVE('',#2923,(#2928,#2935),.PCURVE_S1.);
#2923 = CIRCLE('',#2924,6.);
#2924 = AXIS2_PLACEMENT_3D('',#2925,#2926,#2927);
#2925 = CARTESIAN_POINT('',(-22.40138964254,-29.25,0.));
#2926 = DIRECTION('',(0.,0.,-1.));
#2927 = DIRECTION('',(1.184237892933E-15,-1.,0.));
#2928 = PCURVE('',#567,#2929);
#2929 = DEFINITIONAL_REPRESENTATION('',(#2930),#2934);
#2930 = LINE('',#2931,#2932);
#2931 = CARTESIAN_POINT('',(-6.28318530718,-96.9));
#2932 = VECTOR('',#2933,1.);
#2933 = DIRECTION('',(1.,0.));
#2934 = ( GEOMETRIC_REPRESENTATION_CONTEXT(2) 
PARAMETRIC_REPRESENTATION_CONTEXT() REPRESENTATION_CONTEXT('2D SPACE',''
  ) );
#2935 = PCURVE('',#594,#2936);
#2936 = DEFINITIONAL_REPRESENTATION('',(#2937),#2941);
#2937 = CIRCLE('',#2938,6.);
#2938 = AXIS2_PLACEMENT_2D('',#2939,#2940);
#2939 = CARTESIAN_POINT('',(6.,3.552713678801E-15));
#2940 = DIRECTION('',(-1.184237892933E-15,-1.));
#2941 = ( GEOMETRIC_REPRESENTATION_CONTEXT(2) 
PARAMETRIC_REPRESENTATION_CONTEXT() REPRESENTATION_CONTEXT('2D SPACE',''
  ) );
#2942 = ORIENTED_EDGE('',*,*,#1478,.T.);
#2943 = ORIENTED_EDGE('',*,*,#2843,.F.);
#2944 = ORIENTED_EDGE('',*,*,#551,.T.);
#2945 = ADVANCED_FACE('',(#2946,#3045),#650,.T.);
#2946 = FACE_BOUND('',#2947,.T.);
#2947 = EDGE_LOOP('',(#2948,#2949,#2970,#2971,#2999,#3022,#3044));
#2948 = ORIENTED_EDGE('',*,*,#634,.F.);
#2949 = ORIENTED_EDGE('',*,*,#2950,.T.);
#2950 = EDGE_CURVE('',#607,#1525,#2951,.T.);
#2951 = SURFACE_CURVE('',#2952,(#2956,#2963),.PCURVE_S1.);
#2952 = LINE('',#2953,#2954);
#2953 = CARTESIAN_POINT('',(-37.,-29.25,-13.2));
#2954 = VECTOR('',#2955,1.);
#2955 = DIRECTION('',(0.,-1.,0.));
#2956 = PCURVE('',#650,#2957);
#2957 = DEFINITIONAL_REPRESENTATION('',(#2958),#2962);
#2958 = LINE('',#2959,#2960);
#2959 = CARTESIAN_POINT('',(0.,0.));
#2960 = VECTOR('',#2961,1.);
#2961 = DIRECTION('',(0.,-1.));
#2962 = ( GEOMETRIC_REPRESENTATION_CONTEXT(2) 
PARAMETRIC_REPRESENTATION_CONTEXT() REPRESENTATION_CONTEXT('2D SPACE',''
  ) );
#2963 = PCURVE('',#622,#2964);
#2964 = DEFINITIONAL_REPRESENTATION('',(#2965),#2969);
#2965 = LINE('',#2966,#2967);
#2966 = CARTESIAN_POINT('',(13.2,0.));
#2967 = VECTOR('',#2968,1.);
#2968 = DIRECTION('',(0.,-1.));
#2969 = ( GEOMETRIC_REPRESENTATION_CONTEXT(2) 
PARAMETRIC_REPRESENTATION_CONTEXT() REPRESENTATION_CONTEXT('2D SPACE',''
  ) );
#2970 = ORIENTED_EDGE('',*,*,#1547,.T.);
#2971 = ORIENTED_EDGE('',*,*,#2972,.F.);
#2972 = EDGE_CURVE('',#2973,#1548,#2975,.T.);
#2973 = VERTEX_POINT('',#2974);
#2974 = CARTESIAN_POINT('',(-16.40138964254,-29.25,-13.2));
#2975 = SURFACE_CURVE('',#2976,(#2981,#2992),.PCURVE_S1.);
#2976 = CIRCLE('',#2977,6.);
#2977 = AXIS2_PLACEMENT_3D('',#2978,#2979,#2980);
#2978 = CARTESIAN_POINT('',(-22.40138964254,-29.25,-13.2));
#2979 = DIRECTION('',(0.,0.,-1.));
#2980 = DIRECTION('',(1.184237892933E-15,-1.,0.));
#2981 = PCURVE('',#650,#2982);
#2982 = DEFINITIONAL_REPRESENTATION('',(#2983),#2991);
#2983 = ( BOUNDED_CURVE() B_SPLINE_CURVE(2,(#2984,#2985,#2986,#2987,
#2988,#2989,#2990),.UNSPECIFIED.,.T.,.F.) B_SPLINE_CURVE_WITH_KNOTS((1,2
    ,2,2,2,1),(-2.094395102393,0.,2.094395102393,4.188790204786,
6.28318530718,8.377580409573),.UNSPECIFIED.) CURVE() 
GEOMETRIC_REPRESENTATION_ITEM() RATIONAL_B_SPLINE_CURVE((1.,0.5,1.,0.5,
1.,0.5,1.)) REPRESENTATION_ITEM('') );
#2984 = CARTESIAN_POINT('',(14.598610357455,-6.));
#2985 = CARTESIAN_POINT('',(4.206305512042,-6.));
#2986 = CARTESIAN_POINT('',(9.402457934748,3.));
#2987 = CARTESIAN_POINT('',(14.598610357455,12.));
#2988 = CARTESIAN_POINT('',(19.794762780161,3.));
#2989 = CARTESIAN_POINT('',(24.990915202868,-6.));
#2990 = CARTESIAN_POINT('',(14.598610357455,-6.));
#2991 = ( GEOMETRIC_REPRESENTATION_CONTEXT(2) 
PARAMETRIC_REPRESENTATION_CONTEXT() REPRESENTATION_CONTEXT('2D SPACE',''
  ) );
#2992 = PCURVE('',#1586,#2993);
#2993 = DEFINITIONAL_REPRESENTATION('',(#2994),#2998);
#2994 = LINE('',#2995,#2996);
#2995 = CARTESIAN_POINT('',(-6.28318530718,-83.7));
#2996 = VECTOR('',#2997,1.);
#2997 = DIRECTION('',(1.,0.));
#2998 = ( GEOMETRIC_REPRESENTATION_CONTEXT(2) 
PARAMETRIC_REPRESENTATION_CONTEXT() REPRESENTATION_CONTEXT('2D SPACE',''
  ) );
#2999 = ORIENTED_EDGE('',*,*,#3000,.T.);
#3000 = EDGE_CURVE('',#2973,#3001,#3003,.T.);
#3001 = VERTEX_POINT('',#3002);
#3002 = CARTESIAN_POINT('',(-3.668166438153,-6.541754732639,-13.2));
#3003 = SURFACE_CURVE('',#3004,(#3008,#3015),.PCURVE_S1.);
#3004 = LINE('',#3005,#3006);
#3005 = CARTESIAN_POINT('',(-16.40138964254,-29.25,-13.2));
#3006 = VECTOR('',#3007,1.);
#3007 = DIRECTION('',(0.48908885842,0.872233964352,0.));
#3008 = PCURVE('',#650,#3009);
#3009 = DEFINITIONAL_REPRESENTATION('',(#3010),#3014);
#3010 = LINE('',#3011,#3012);
#3011 = CARTESIAN_POINT('',(20.598610357455,0.));
#3012 = VECTOR('',#3013,1.);
#3013 = DIRECTION('',(0.48908885842,0.872233964352));
#3014 = ( GEOMETRIC_REPRESENTATION_CONTEXT(2) 
PARAMETRIC_REPRESENTATION_CONTEXT() REPRESENTATION_CONTEXT('2D SPACE',''
  ) );
#3015 = PCURVE('',#2766,#3016);
#3016 = DEFINITIONAL_REPRESENTATION('',(#3017),#3021);
#3017 = LINE('',#3018,#3019);
#3018 = CARTESIAN_POINT('',(0.,-12.5));
#3019 = VECTOR('',#3020,1.);
#3020 = DIRECTION('',(1.,0.));
#3021 = ( GEOMETRIC_REPRESENTATION_CONTEXT(2) 
PARAMETRIC_REPRESENTATION_CONTEXT() REPRESENTATION_CONTEXT('2D SPACE',''
  ) );
#3022 = ORIENTED_EDGE('',*,*,#3023,.T.);
#3023 = EDGE_CURVE('',#3001,#2873,#3024,.T.);
#3024 = SURFACE_CURVE('',#3025,(#3030,#3037),.PCURVE_S1.);
#3025 = CIRCLE('',#3026,7.5);
#3026 = AXIS2_PLACEMENT_3D('',#3027,#3028,#3029);
#3027 = CARTESIAN_POINT('',(-4.996003610813E-16,2.22044604925E-16,-13.2)
  );
#3028 = DIRECTION('',(0.,0.,1.));
#3029 = DIRECTION('',(-0.48908885842,-0.872233964352,0.));
#3030 = PCURVE('',#650,#3031);
#3031 = DEFINITIONAL_REPRESENTATION('',(#3032),#3036);
#3032 = CIRCLE('',#3033,7.5);
#3033 = AXIS2_PLACEMENT_2D('',#3034,#3035);
#3034 = CARTESIAN_POINT('',(37.,29.25));
#3035 = DIRECTION('',(-0.48908885842,-0.872233964352));
#3036 = ( GEOMETRIC_REPRESENTATION_CONTEXT(2) 
PARAMETRIC_REPRESENTATION_CONTEXT() REPRESENTATION_CONTEXT('2D SPACE',''
  ) );
#3037 = PCURVE('',#2738,#3038);
#3038 = DEFINITIONAL_REPRESENTATION('',(#3039),#3043);
#3039 = LINE('',#3040,#3041);
#3040 = CARTESIAN_POINT('',(0.,-12.5));
#3041 = VECTOR('',#3042,1.);
#3042 = DIRECTION('',(-1.,0.));
#3043 = ( GEOMETRIC_REPRESENTATION_CONTEXT(2) 
PARAMETRIC_REPRESENTATION_CONTEXT() REPRESENTATION_CONTEXT('2D SPACE',''
  ) );
#3044 = ORIENTED_EDGE('',*,*,#2895,.T.);
#3045 = FACE_BOUND('',#3046,.T.);
#3046 = EDGE_LOOP('',(#3047));
#3047 = ORIENTED_EDGE('',*,*,#3048,.F.);
#3048 = EDGE_CURVE('',#3049,#3049,#3051,.T.);
#3049 = VERTEX_POINT('',#3050);
#3050 = CARTESIAN_POINT('',(2.85,0.,-13.2));
#3051 = SURFACE_CURVE('',#3052,(#3057,#3064),.PCURVE_S1.);
#3052 = CIRCLE('',#3053,2.85);
#3053 = AXIS2_PLACEMENT_3D('',#3054,#3055,#3056);
#3054 = CARTESIAN_POINT('',(0.,0.,-13.2));
#3055 = DIRECTION('',(0.,0.,1.));
#3056 = DIRECTION('',(1.,0.,0.));
#3057 = PCURVE('',#650,#3058);
#3058 = DEFINITIONAL_REPRESENTATION('',(#3059),#3063);
#3059 = CIRCLE('',#3060,2.85);
#3060 = AXIS2_PLACEMENT_2D('',#3061,#3062);
#3061 = CARTESIAN_POINT('',(37.,29.25));
#3062 = DIRECTION('',(1.,0.));
#3063 = ( GEOMETRIC_REPRESENTATION_CONTEXT(2) 
PARAMETRIC_REPRESENTATION_CONTEXT() REPRESENTATION_CONTEXT('2D SPACE',''
  ) );
#3064 = PCURVE('',#2825,#3065);
#3065 = DEFINITIONAL_REPRESENTATION('',(#3066),#3070);
#3066 = LINE('',#3067,#3068);
#3067 = CARTESIAN_POINT('',(0.,-12.5));
#3068 = VECTOR('',#3069,1.);
#3069 = DIRECTION('',(-1.,0.));
#3070 = ( GEOMETRIC_REPRESENTATION_CONTEXT(2) 
PARAMETRIC_REPRESENTATION_CONTEXT() REPRESENTATION_CONTEXT('2D SPACE',''
  ) );
#3071 = ADVANCED_FACE('',(#3072),#594,.T.);
#3072 = FACE_BOUND('',#3073,.T.);
#3073 = EDGE_LOOP('',(#3074,#3075,#3076,#3077));
#3074 = ORIENTED_EDGE('',*,*,#578,.F.);
#3075 = ORIENTED_EDGE('',*,*,#2921,.T.);
#3076 = ORIENTED_EDGE('',*,*,#1501,.T.);
#3077 = ORIENTED_EDGE('',*,*,#3078,.F.);
#3078 = EDGE_CURVE('',#579,#1502,#3079,.T.);
#3079 = SURFACE_CURVE('',#3080,(#3084,#3091),.PCURVE_S1.);
#3080 = LINE('',#3081,#3082);
#3081 = CARTESIAN_POINT('',(-37.,-29.25,0.));
#3082 = VECTOR('',#3083,1.);
#3083 = DIRECTION('',(0.,-1.,0.));
#3084 = PCURVE('',#594,#3085);
#3085 = DEFINITIONAL_REPRESENTATION('',(#3086),#3090);
#3086 = LINE('',#3087,#3088);
#3087 = CARTESIAN_POINT('',(20.598610357455,0.));
#3088 = VECTOR('',#3089,1.);
#3089 = DIRECTION('',(0.,-1.));
#3090 = ( GEOMETRIC_REPRESENTATION_CONTEXT(2) 
PARAMETRIC_REPRESENTATION_CONTEXT() REPRESENTATION_CONTEXT('2D SPACE',''
  ) );
#3091 = PCURVE('',#622,#3092);
#3092 = DEFINITIONAL_REPRESENTATION('',(#3093),#3097);
#3093 = LINE('',#3094,#3095);
#3094 = CARTESIAN_POINT('',(0.,0.));
#3095 = VECTOR('',#3096,1.);
#3096 = DIRECTION('',(0.,-1.));
#3097 = ( GEOMETRIC_REPRESENTATION_CONTEXT(2) 
PARAMETRIC_REPRESENTATION_CONTEXT() REPRESENTATION_CONTEXT('2D SPACE',''
  ) );
#3098 = ADVANCED_FACE('',(#3099),#622,.T.);
#3099 = FACE_BOUND('',#3100,.T.);
#3100 = EDGE_LOOP('',(#3101,#3102,#3103,#3104));
#3101 = ORIENTED_EDGE('',*,*,#3078,.T.);
#3102 = ORIENTED_EDGE('',*,*,#1524,.T.);
#3103 = ORIENTED_EDGE('',*,*,#2950,.F.);
#3104 = ORIENTED_EDGE('',*,*,#606,.F.);
#3105 = ADVANCED_FACE('',(#3106),#985,.F.);
#3106 = FACE_BOUND('',#3107,.F.);
#3107 = EDGE_LOOP('',(#3108,#3109,#3130,#3131));
#3108 = ORIENTED_EDGE('',*,*,#1833,.F.);
#3109 = ORIENTED_EDGE('',*,*,#3110,.F.);
#3110 = EDGE_CURVE('',#965,#1834,#3111,.T.);
#3111 = SEAM_CURVE('',#3112,(#3116,#3123),.PCURVE_S1.);
#3112 = LINE('',#3113,#3114);
#3113 = CARTESIAN_POINT('',(-40.633,-28.25,-65.8));
#3114 = VECTOR('',#3115,1.);
#3115 = DIRECTION('',(0.,-1.,2.22044604925E-16));
#3116 = PCURVE('',#985,#3117);
#3117 = DEFINITIONAL_REPRESENTATION('',(#3118),#3122);
#3118 = LINE('',#3119,#3120);
#3119 = CARTESIAN_POINT('',(6.28318530718,0.));
#3120 = VECTOR('',#3121,1.);
#3121 = DIRECTION('',(0.,1.));
#3122 = ( GEOMETRIC_REPRESENTATION_CONTEXT(2) 
PARAMETRIC_REPRESENTATION_CONTEXT() REPRESENTATION_CONTEXT('2D SPACE',''
  ) );
#3123 = PCURVE('',#985,#3124);
#3124 = DEFINITIONAL_REPRESENTATION('',(#3125),#3129);
#3125 = LINE('',#3126,#3127);
#3126 = CARTESIAN_POINT('',(0.,0.));
#3127 = VECTOR('',#3128,1.);
#3128 = DIRECTION('',(0.,1.));
#3129 = ( GEOMETRIC_REPRESENTATION_CONTEXT(2) 
PARAMETRIC_REPRESENTATION_CONTEXT() REPRESENTATION_CONTEXT('2D SPACE',''
  ) );
#3130 = ORIENTED_EDGE('',*,*,#964,.T.);
#3131 = ORIENTED_EDGE('',*,*,#3110,.T.);
#3132 = ADVANCED_FACE('',(#3133),#1020,.F.);
#3133 = FACE_BOUND('',#3134,.F.);
#3134 = EDGE_LOOP('',(#3135,#3136,#3157,#3158));
#3135 = ORIENTED_EDGE('',*,*,#1863,.F.);
#3136 = ORIENTED_EDGE('',*,*,#3137,.F.);
#3137 = EDGE_CURVE('',#1000,#1864,#3138,.T.);
#3138 = SEAM_CURVE('',#3139,(#3143,#3150),.PCURVE_S1.);
#3139 = LINE('',#3140,#3141);
#3140 = CARTESIAN_POINT('',(-56.633,-28.25,-65.8));
#3141 = VECTOR('',#3142,1.);
#3142 = DIRECTION('',(0.,-1.,2.22044604925E-16));
#3143 = PCURVE('',#1020,#3144);
#3144 = DEFINITIONAL_REPRESENTATION('',(#3145),#3149);
#3145 = LINE('',#3146,#3147);
#3146 = CARTESIAN_POINT('',(6.28318530718,0.));
#3147 = VECTOR('',#3148,1.);
#3148 = DIRECTION('',(0.,1.));
#3149 = ( GEOMETRIC_REPRESENTATION_CONTEXT(2) 
PARAMETRIC_REPRESENTATION_CONTEXT() REPRESENTATION_CONTEXT('2D SPACE',''
  ) );
#3150 = PCURVE('',#1020,#3151);
#3151 = DEFINITIONAL_REPRESENTATION('',(#3152),#3156);
#3152 = LINE('',#3153,#3154);
#3153 = CARTESIAN_POINT('',(0.,0.));
#3154 = VECTOR('',#3155,1.);
#3155 = DIRECTION('',(0.,1.));
#3156 = ( GEOMETRIC_REPRESENTATION_CONTEXT(2) 
PARAMETRIC_REPRESENTATION_CONTEXT() REPRESENTATION_CONTEXT('2D SPACE',''
  ) );
#3157 = ORIENTED_EDGE('',*,*,#999,.T.);
#3158 = ORIENTED_EDGE('',*,*,#3137,.T.);
#3159 = ADVANCED_FACE('',(#3160),#1055,.F.);
#3160 = FACE_BOUND('',#3161,.F.);
#3161 = EDGE_LOOP('',(#3162,#3163,#3184,#3185));
#3162 = ORIENTED_EDGE('',*,*,#1893,.F.);
#3163 = ORIENTED_EDGE('',*,*,#3164,.F.);
#3164 = EDGE_CURVE('',#1035,#1894,#3165,.T.);
#3165 = SEAM_CURVE('',#3166,(#3170,#3177),.PCURVE_S1.);
#3166 = LINE('',#3167,#3168);
#3167 = CARTESIAN_POINT('',(-122.3,-28.25,-65.8));
#3168 = VECTOR('',#3169,1.);
#3169 = DIRECTION('',(0.,-1.,2.22044604925E-16));
#3170 = PCURVE('',#1055,#3171);
#3171 = DEFINITIONAL_REPRESENTATION('',(#3172),#3176);
#3172 = LINE('',#3173,#3174);
#3173 = CARTESIAN_POINT('',(6.28318530718,0.));
#3174 = VECTOR('',#3175,1.);
#3175 = DIRECTION('',(0.,1.));
#3176 = ( GEOMETRIC_REPRESENTATION_CONTEXT(2) 
PARAMETRIC_REPRESENTATION_CONTEXT() REPRESENTATION_CONTEXT('2D SPACE',''
  ) );
#3177 = PCURVE('',#1055,#3178);
#3178 = DEFINITIONAL_REPRESENTATION('',(#3179),#3183);
#3179 = LINE('',#3180,#3181);
#3180 = CARTESIAN_POINT('',(0.,0.));
#3181 = VECTOR('',#3182,1.);
#3182 = DIRECTION('',(0.,1.));
#3183 = ( GEOMETRIC_REPRESENTATION_CONTEXT(2) 
PARAMETRIC_REPRESENTATION_CONTEXT() REPRESENTATION_CONTEXT('2D SPACE',''
  ) );
#3184 = ORIENTED_EDGE('',*,*,#1034,.T.);
#3185 = ORIENTED_EDGE('',*,*,#3164,.T.);
#3186 = ADVANCED_FACE('',(#3187),#1090,.F.);
#3187 = FACE_BOUND('',#3188,.F.);
#3188 = EDGE_LOOP('',(#3189,#3190,#3211,#3212));
#3189 = ORIENTED_EDGE('',*,*,#1923,.F.);
#3190 = ORIENTED_EDGE('',*,*,#3191,.F.);
#3191 = EDGE_CURVE('',#1070,#1924,#3192,.T.);
#3192 = SEAM_CURVE('',#3193,(#3197,#3204),.PCURVE_S1.);
#3193 = LINE('',#3194,#3195);
#3194 = CARTESIAN_POINT('',(-40.633,-28.25,-17.8));
#3195 = VECTOR('',#3196,1.);
#3196 = DIRECTION('',(0.,-1.,2.22044604925E-16));
#3197 = PCURVE('',#1090,#3198);
#3198 = DEFINITIONAL_REPRESENTATION('',(#3199),#3203);
#3199 = LINE('',#3200,#3201);
#3200 = CARTESIAN_POINT('',(6.28318530718,0.));
#3201 = VECTOR('',#3202,1.);
#3202 = DIRECTION('',(0.,1.));
#3203 = ( GEOMETRIC_REPRESENTATION_CONTEXT(2) 
PARAMETRIC_REPRESENTATION_CONTEXT() REPRESENTATION_CONTEXT('2D SPACE',''
  ) );
#3204 = PCURVE('',#1090,#3205);
#3205 = DEFINITIONAL_REPRESENTATION('',(#3206),#3210);
#3206 = LINE('',#3207,#3208);
#3207 = CARTESIAN_POINT('',(0.,0.));
#3208 = VECTOR('',#3209,1.);
#3209 = DIRECTION('',(0.,1.));
#3210 = ( GEOMETRIC_REPRESENTATION_CONTEXT(2) 
PARAMETRIC_REPRESENTATION_CONTEXT() REPRESENTATION_CONTEXT('2D SPACE',''
  ) );
#3211 = ORIENTED_EDGE('',*,*,#1069,.T.);
#3212 = ORIENTED_EDGE('',*,*,#3191,.T.);
#3213 = ADVANCED_FACE('',(#3214),#1125,.F.);
#3214 = FACE_BOUND('',#3215,.F.);
#3215 = EDGE_LOOP('',(#3216,#3217,#3238,#3239));
#3216 = ORIENTED_EDGE('',*,*,#1953,.F.);
#3217 = ORIENTED_EDGE('',*,*,#3218,.F.);
#3218 = EDGE_CURVE('',#1105,#1954,#3219,.T.);
#3219 = SEAM_CURVE('',#3220,(#3224,#3231),.PCURVE_S1.);
#3220 = LINE('',#3221,#3222);
#3221 = CARTESIAN_POINT('',(-56.633,-28.25,-17.8));
#3222 = VECTOR('',#3223,1.);
#3223 = DIRECTION('',(0.,-1.,2.22044604925E-16));
#3224 = PCURVE('',#1125,#3225);
#3225 = DEFINITIONAL_REPRESENTATION('',(#3226),#3230);
#3226 = LINE('',#3227,#3228);
#3227 = CARTESIAN_POINT('',(6.28318530718,0.));
#3228 = VECTOR('',#3229,1.);
#3229 = DIRECTION('',(0.,1.));
#3230 = ( GEOMETRIC_REPRESENTATION_CONTEXT(2) 
PARAMETRIC_REPRESENTATION_CONTEXT() REPRESENTATION_CONTEXT('2D SPACE',''
  ) );
#3231 = PCURVE('',#1125,#3232);
#3232 = DEFINITIONAL_REPRESENTATION('',(#3233),#3237);
#3233 = LINE('',#3234,#3235);
#3234 = CARTESIAN_POINT('',(0.,0.));
#3235 = VECTOR('',#3236,1.);
#3236 = DIRECTION('',(0.,1.));
#3237 = ( GEOMETRIC_REPRESENTATION_CONTEXT(2) 
PARAMETRIC_REPRESENTATION_CONTEXT() REPRESENTATION_CONTEXT('2D SPACE',''
  ) );
#3238 = ORIENTED_EDGE('',*,*,#1104,.T.);
#3239 = ORIENTED_EDGE('',*,*,#3218,.T.);
#3240 = ADVANCED_FACE('',(#3241),#1160,.F.);
#3241 = FACE_BOUND('',#3242,.F.);
#3242 = EDGE_LOOP('',(#3243,#3244,#3265,#3266));
#3243 = ORIENTED_EDGE('',*,*,#1983,.F.);
#3244 = ORIENTED_EDGE('',*,*,#3245,.F.);
#3245 = EDGE_CURVE('',#1140,#1984,#3246,.T.);
#3246 = SEAM_CURVE('',#3247,(#3251,#3258),.PCURVE_S1.);
#3247 = LINE('',#3248,#3249);
#3248 = CARTESIAN_POINT('',(-122.3,-28.25,-17.8));
#3249 = VECTOR('',#3250,1.);
#3250 = DIRECTION('',(0.,-1.,2.22044604925E-16));
#3251 = PCURVE('',#1160,#3252);
#3252 = DEFINITIONAL_REPRESENTATION('',(#3253),#3257);
#3253 = LINE('',#3254,#3255);
#3254 = CARTESIAN_POINT('',(6.28318530718,0.));
#3255 = VECTOR('',#3256,1.);
#3256 = DIRECTION('',(0.,1.));
#3257 = ( GEOMETRIC_REPRESENTATION_CONTEXT(2) 
PARAMETRIC_REPRESENTATION_CONTEXT() REPRESENTATION_CONTEXT('2D SPACE',''
  ) );
#3258 = PCURVE('',#1160,#3259);
#3259 = DEFINITIONAL_REPRESENTATION('',(#3260),#3264);
#3260 = LINE('',#3261,#3262);
#3261 = CARTESIAN_POINT('',(0.,0.));
#3262 = VECTOR('',#3263,1.);
#3263 = DIRECTION('',(0.,1.));
#3264 = ( GEOMETRIC_REPRESENTATION_CONTEXT(2) 
PARAMETRIC_REPRESENTATION_CONTEXT() REPRESENTATION_CONTEXT('2D SPACE',''
  ) );
#3265 = ORIENTED_EDGE('',*,*,#1139,.T.);
#3266 = ORIENTED_EDGE('',*,*,#3245,.T.);
#3267 = ADVANCED_FACE('',(#3268),#1192,.T.);
#3268 = FACE_BOUND('',#3269,.T.);
#3269 = EDGE_LOOP('',(#3270,#3293,#3294,#3317));
#3270 = ORIENTED_EDGE('',*,*,#3271,.F.);
#3271 = EDGE_CURVE('',#1175,#3272,#3274,.T.);
#3272 = VERTEX_POINT('',#3273);
#3273 = CARTESIAN_POINT('',(-89.333,18.1,8.3));
#3274 = SURFACE_CURVE('',#3275,(#3279,#3286),.PCURVE_S1.);
#3275 = LINE('',#3276,#3277);
#3276 = CARTESIAN_POINT('',(-89.333,-29.25,8.3));
#3277 = VECTOR('',#3278,1.);
#3278 = DIRECTION('',(0.,1.,0.));
#3279 = PCURVE('',#1192,#3280);
#3280 = DEFINITIONAL_REPRESENTATION('',(#3281),#3285);
#3281 = LINE('',#3282,#3283);
#3282 = CARTESIAN_POINT('',(0.,0.));
#3283 = VECTOR('',#3284,1.);
#3284 = DIRECTION('',(0.,1.));
#3285 = ( GEOMETRIC_REPRESENTATION_CONTEXT(2) 
PARAMETRIC_REPRESENTATION_CONTEXT() REPRESENTATION_CONTEXT('2D SPACE',''
  ) );
#3286 = PCURVE('',#1220,#3287);
#3287 = DEFINITIONAL_REPRESENTATION('',(#3288),#3292);
#3288 = LINE('',#3289,#3290);
#3289 = CARTESIAN_POINT('',(36.2,0.));
#3290 = VECTOR('',#3291,1.);
#3291 = DIRECTION('',(0.,-1.));
#3292 = ( GEOMETRIC_REPRESENTATION_CONTEXT(2) 
PARAMETRIC_REPRESENTATION_CONTEXT() REPRESENTATION_CONTEXT('2D SPACE',''
  ) );
#3293 = ORIENTED_EDGE('',*,*,#1174,.T.);
#3294 = ORIENTED_EDGE('',*,*,#3295,.T.);
#3295 = EDGE_CURVE('',#1177,#3296,#3298,.T.);
#3296 = VERTEX_POINT('',#3297);
#3297 = CARTESIAN_POINT('',(-83.333,18.1,8.3));
#3298 = SURFACE_CURVE('',#3299,(#3303,#3310),.PCURVE_S1.);
#3299 = LINE('',#3300,#3301);
#3300 = CARTESIAN_POINT('',(-83.333,-29.25,8.3));
#3301 = VECTOR('',#3302,1.);
#3302 = DIRECTION('',(0.,1.,0.));
#3303 = PCURVE('',#1192,#3304);
#3304 = DEFINITIONAL_REPRESENTATION('',(#3305),#3309);
#3305 = LINE('',#3306,#3307);
#3306 = CARTESIAN_POINT('',(6.,0.));
#3307 = VECTOR('',#3308,1.);
#3308 = DIRECTION('',(0.,1.));
#3309 = ( GEOMETRIC_REPRESENTATION_CONTEXT(2) 
PARAMETRIC_REPRESENTATION_CONTEXT() REPRESENTATION_CONTEXT('2D SPACE',''
  ) );
#3310 = PCURVE('',#1274,#3311);
#3311 = DEFINITIONAL_REPRESENTATION('',(#3312),#3316);
#3312 = LINE('',#3313,#3314);
#3313 = CARTESIAN_POINT('',(36.2,0.));
#3314 = VECTOR('',#3315,1.);
#3315 = DIRECTION('',(0.,-1.));
#3316 = ( GEOMETRIC_REPRESENTATION_CONTEXT(2) 
PARAMETRIC_REPRESENTATION_CONTEXT() REPRESENTATION_CONTEXT('2D SPACE',''
  ) );
#3317 = ORIENTED_EDGE('',*,*,#3318,.F.);
#3318 = EDGE_CURVE('',#3272,#3296,#3319,.T.);
#3319 = SURFACE_CURVE('',#3320,(#3324,#3331),.PCURVE_S1.);
#3320 = LINE('',#3321,#3322);
#3321 = CARTESIAN_POINT('',(-89.333,18.1,8.3));
#3322 = VECTOR('',#3323,1.);
#3323 = DIRECTION('',(1.,0.,0.));
#3324 = PCURVE('',#1192,#3325);
#3325 = DEFINITIONAL_REPRESENTATION('',(#3326),#3330);
#3326 = LINE('',#3327,#3328);
#3327 = CARTESIAN_POINT('',(0.,47.35));
#3328 = VECTOR('',#3329,1.);
#3329 = DIRECTION('',(1.,0.));
#3330 = ( GEOMETRIC_REPRESENTATION_CONTEXT(2) 
PARAMETRIC_REPRESENTATION_CONTEXT() REPRESENTATION_CONTEXT('2D SPACE',''
  ) );
#3331 = PCURVE('',#3332,#3337);
#3332 = PLANE('',#3333);
#3333 = AXIS2_PLACEMENT_3D('',#3334,#3335,#3336);
#3334 = CARTESIAN_POINT('',(-89.333,18.1,-27.9));
#3335 = DIRECTION('',(0.,1.,0.));
#3336 = DIRECTION('',(0.,0.,1.));
#3337 = DEFINITIONAL_REPRESENTATION('',(#3338),#3342);
#3338 = LINE('',#3339,#3340);
#3339 = CARTESIAN_POINT('',(36.2,0.));
#3340 = VECTOR('',#3341,1.);
#3341 = DIRECTION('',(0.,1.));
#3342 = ( GEOMETRIC_REPRESENTATION_CONTEXT(2) 
PARAMETRIC_REPRESENTATION_CONTEXT() REPRESENTATION_CONTEXT('2D SPACE',''
  ) );
#3343 = ADVANCED_FACE('',(#3344,#3392,#3423,#3454,#3485,#3516),#1274,.T.
  );
#3344 = FACE_BOUND('',#3345,.T.);
#3345 = EDGE_LOOP('',(#3346,#3347,#3370,#3391));
#3346 = ORIENTED_EDGE('',*,*,#1260,.F.);
#3347 = ORIENTED_EDGE('',*,*,#3348,.T.);
#3348 = EDGE_CURVE('',#1233,#3349,#3351,.T.);
#3349 = VERTEX_POINT('',#3350);
#3350 = CARTESIAN_POINT('',(-83.333,18.1,-27.9));
#3351 = SURFACE_CURVE('',#3352,(#3356,#3363),.PCURVE_S1.);
#3352 = LINE('',#3353,#3354);
#3353 = CARTESIAN_POINT('',(-83.333,-29.25,-27.9));
#3354 = VECTOR('',#3355,1.);
#3355 = DIRECTION('',(0.,1.,0.));
#3356 = PCURVE('',#1274,#3357);
#3357 = DEFINITIONAL_REPRESENTATION('',(#3358),#3362);
#3358 = LINE('',#3359,#3360);
#3359 = CARTESIAN_POINT('',(0.,0.));
#3360 = VECTOR('',#3361,1.);
#3361 = DIRECTION('',(0.,-1.));
#3362 = ( GEOMETRIC_REPRESENTATION_CONTEXT(2) 
PARAMETRIC_REPRESENTATION_CONTEXT() REPRESENTATION_CONTEXT('2D SPACE',''
  ) );
#3363 = PCURVE('',#1248,#3364);
#3364 = DEFINITIONAL_REPRESENTATION('',(#3365),#3369);
#3365 = LINE('',#3366,#3367);
#3366 = CARTESIAN_POINT('',(6.,0.));
#3367 = VECTOR('',#3368,1.);
#3368 = DIRECTION('',(0.,1.));
#3369 = ( GEOMETRIC_REPRESENTATION_CONTEXT(2) 
PARAMETRIC_REPRESENTATION_CONTEXT() REPRESENTATION_CONTEXT('2D SPACE',''
  ) );
#3370 = ORIENTED_EDGE('',*,*,#3371,.T.);
#3371 = EDGE_CURVE('',#3349,#3296,#3372,.T.);
#3372 = SURFACE_CURVE('',#3373,(#3377,#3384),.PCURVE_S1.);
#3373 = LINE('',#3374,#3375);
#3374 = CARTESIAN_POINT('',(-83.333,18.1,-27.9));
#3375 = VECTOR('',#3376,1.);
#3376 = DIRECTION('',(0.,0.,1.));
#3377 = PCURVE('',#1274,#3378);
#3378 = DEFINITIONAL_REPRESENTATION('',(#3379),#3383);
#3379 = LINE('',#3380,#3381);
#3380 = CARTESIAN_POINT('',(0.,-47.35));
#3381 = VECTOR('',#3382,1.);
#3382 = DIRECTION('',(1.,0.));
#3383 = ( GEOMETRIC_REPRESENTATION_CONTEXT(2) 
PARAMETRIC_REPRESENTATION_CONTEXT() REPRESENTATION_CONTEXT('2D SPACE',''
  ) );
#3384 = PCURVE('',#3332,#3385);
#3385 = DEFINITIONAL_REPRESENTATION('',(#3386),#3390);
#3386 = LINE('',#3387,#3388);
#3387 = CARTESIAN_POINT('',(0.,6.));
#3388 = VECTOR('',#3389,1.);
#3389 = DIRECTION('',(1.,0.));
#3390 = ( GEOMETRIC_REPRESENTATION_CONTEXT(2) 
PARAMETRIC_REPRESENTATION_CONTEXT() REPRESENTATION_CONTEXT('2D SPACE',''
  ) );
#3391 = ORIENTED_EDGE('',*,*,#3295,.F.);
#3392 = FACE_BOUND('',#3393,.T.);
#3393 = EDGE_LOOP('',(#3394));
#3394 = ORIENTED_EDGE('',*,*,#3395,.F.);
#3395 = EDGE_CURVE('',#3396,#3396,#3398,.T.);
#3396 = VERTEX_POINT('',#3397);
#3397 = CARTESIAN_POINT('',(-83.333,11.5,-23.));
#3398 = SURFACE_CURVE('',#3399,(#3404,#3411),.PCURVE_S1.);
#3399 = CIRCLE('',#3400,1.7);
#3400 = AXIS2_PLACEMENT_3D('',#3401,#3402,#3403);
#3401 = CARTESIAN_POINT('',(-83.333,11.5,-21.3));
#3402 = DIRECTION('',(1.,0.,2.22044604925E-16));
#3403 = DIRECTION('',(2.22044604925E-16,0.,-1.));
#3404 = PCURVE('',#1274,#3405);
#3405 = DEFINITIONAL_REPRESENTATION('',(#3406),#3410);
#3406 = CIRCLE('',#3407,1.7);
#3407 = AXIS2_PLACEMENT_2D('',#3408,#3409);
#3408 = CARTESIAN_POINT('',(6.6,-40.75));
#3409 = DIRECTION('',(-1.,0.));
#3410 = ( GEOMETRIC_REPRESENTATION_CONTEXT(2) 
PARAMETRIC_REPRESENTATION_CONTEXT() REPRESENTATION_CONTEXT('2D SPACE',''
  ) );
#3411 = PCURVE('',#3412,#3417);
#3412 = CYLINDRICAL_SURFACE('',#3413,1.7);
#3413 = AXIS2_PLACEMENT_3D('',#3414,#3415,#3416);
#3414 = CARTESIAN_POINT('',(-90.333,11.5,-21.3));
#3415 = DIRECTION('',(1.,0.,2.22044604925E-16));
#3416 = DIRECTION('',(2.22044604925E-16,0.,-1.));
#3417 = DEFINITIONAL_REPRESENTATION('',(#3418),#3422);
#3418 = LINE('',#3419,#3420);
#3419 = CARTESIAN_POINT('',(0.,7.));
#3420 = VECTOR('',#3421,1.);
#3421 = DIRECTION('',(1.,0.));
#3422 = ( GEOMETRIC_REPRESENTATION_CONTEXT(2) 
PARAMETRIC_REPRESENTATION_CONTEXT() REPRESENTATION_CONTEXT('2D SPACE',''
  ) );
#3423 = FACE_BOUND('',#3424,.T.);
#3424 = EDGE_LOOP('',(#3425));
#3425 = ORIENTED_EDGE('',*,*,#3426,.F.);
#3426 = EDGE_CURVE('',#3427,#3427,#3429,.T.);
#3427 = VERTEX_POINT('',#3428);
#3428 = CARTESIAN_POINT('',(-83.333,11.5,-3.552713678801E-15));
#3429 = SURFACE_CURVE('',#3430,(#3435,#3442),.PCURVE_S1.);
#3430 = CIRCLE('',#3431,1.7);
#3431 = AXIS2_PLACEMENT_3D('',#3432,#3433,#3434);
#3432 = CARTESIAN_POINT('',(-83.333,11.5,1.7));
#3433 = DIRECTION('',(1.,0.,2.22044604925E-16));
#3434 = DIRECTION('',(2.22044604925E-16,0.,-1.));
#3435 = PCURVE('',#1274,#3436);
#3436 = DEFINITIONAL_REPRESENTATION('',(#3437),#3441);
#3437 = CIRCLE('',#3438,1.7);
#3438 = AXIS2_PLACEMENT_2D('',#3439,#3440);
#3439 = CARTESIAN_POINT('',(29.6,-40.75));
#3440 = DIRECTION('',(-1.,0.));
#3441 = ( GEOMETRIC_REPRESENTATION_CONTEXT(2) 
PARAMETRIC_REPRESENTATION_CONTEXT() REPRESENTATION_CONTEXT('2D SPACE',''
  ) );
#3442 = PCURVE('',#3443,#3448);
#3443 = CYLINDRICAL_SURFACE('',#3444,1.7);
#3444 = AXIS2_PLACEMENT_3D('',#3445,#3446,#3447);
#3445 = CARTESIAN_POINT('',(-90.333,11.5,1.7));
#3446 = DIRECTION('',(1.,0.,2.22044604925E-16));
#3447 = DIRECTION('',(2.22044604925E-16,0.,-1.));
#3448 = DEFINITIONAL_REPRESENTATION('',(#3449),#3453);
#3449 = LINE('',#3450,#3451);
#3450 = CARTESIAN_POINT('',(0.,7.));
#3451 = VECTOR('',#3452,1.);
#3452 = DIRECTION('',(1.,0.));
#3453 = ( GEOMETRIC_REPRESENTATION_CONTEXT(2) 
PARAMETRIC_REPRESENTATION_CONTEXT() REPRESENTATION_CONTEXT('2D SPACE',''
  ) );
#3454 = FACE_BOUND('',#3455,.T.);
#3455 = EDGE_LOOP('',(#3456));
#3456 = ORIENTED_EDGE('',*,*,#3457,.F.);
#3457 = EDGE_CURVE('',#3458,#3458,#3460,.T.);
#3458 = VERTEX_POINT('',#3459);
#3459 = CARTESIAN_POINT('',(-83.333,-11.5,-23.));
#3460 = SURFACE_CURVE('',#3461,(#3466,#3473),.PCURVE_S1.);
#3461 = CIRCLE('',#3462,1.7);
#3462 = AXIS2_PLACEMENT_3D('',#3463,#3464,#3465);
#3463 = CARTESIAN_POINT('',(-83.333,-11.5,-21.3));
#3464 = DIRECTION('',(1.,0.,2.22044604925E-16));
#3465 = DIRECTION('',(2.22044604925E-16,0.,-1.));
#3466 = PCURVE('',#1274,#3467);
#3467 = DEFINITIONAL_REPRESENTATION('',(#3468),#3472);
#3468 = CIRCLE('',#3469,1.7);
#3469 = AXIS2_PLACEMENT_2D('',#3470,#3471);
#3470 = CARTESIAN_POINT('',(6.6,-17.75));
#3471 = DIRECTION('',(-1.,0.));
#3472 = ( GEOMETRIC_REPRESENTATION_CONTEXT(2) 
PARAMETRIC_REPRESENTATION_CONTEXT() REPRESENTATION_CONTEXT('2D SPACE',''
  ) );
#3473 = PCURVE('',#3474,#3479);
#3474 = CYLINDRICAL_SURFACE('',#3475,1.7);
#3475 = AXIS2_PLACEMENT_3D('',#3476,#3477,#3478);
#3476 = CARTESIAN_POINT('',(-90.333,-11.5,-21.3));
#3477 = DIRECTION('',(1.,0.,2.22044604925E-16));
#3478 = DIRECTION('',(2.22044604925E-16,0.,-1.));
#3479 = DEFINITIONAL_REPRESENTATION('',(#3480),#3484);
#3480 = LINE('',#3481,#3482);
#3481 = CARTESIAN_POINT('',(0.,7.));
#3482 = VECTOR('',#3483,1.);
#3483 = DIRECTION('',(1.,0.));
#3484 = ( GEOMETRIC_REPRESENTATION_CONTEXT(2) 
PARAMETRIC_REPRESENTATION_CONTEXT() REPRESENTATION_CONTEXT('2D SPACE',''
  ) );
#3485 = FACE_BOUND('',#3486,.T.);
#3486 = EDGE_LOOP('',(#3487));
#3487 = ORIENTED_EDGE('',*,*,#3488,.F.);
#3488 = EDGE_CURVE('',#3489,#3489,#3491,.T.);
#3489 = VERTEX_POINT('',#3490);
#3490 = CARTESIAN_POINT('',(-83.333,-2.694222958124E-15,-20.8));
#3491 = SURFACE_CURVE('',#3492,(#3497,#3504),.PCURVE_S1.);
#3492 = CIRCLE('',#3493,11.);
#3493 = AXIS2_PLACEMENT_3D('',#3494,#3495,#3496);
#3494 = CARTESIAN_POINT('',(-83.333,0.,-9.8));
#3495 = DIRECTION('',(1.,0.,2.22044604925E-16));
#3496 = DIRECTION('',(2.22044604925E-16,0.,-1.));
#3497 = PCURVE('',#1274,#3498);
#3498 = DEFINITIONAL_REPRESENTATION('',(#3499),#3503);
#3499 = CIRCLE('',#3500,11.);
#3500 = AXIS2_PLACEMENT_2D('',#3501,#3502);
#3501 = CARTESIAN_POINT('',(18.1,-29.25));
#3502 = DIRECTION('',(-1.,0.));
#3503 = ( GEOMETRIC_REPRESENTATION_CONTEXT(2) 
PARAMETRIC_REPRESENTATION_CONTEXT() REPRESENTATION_CONTEXT('2D SPACE',''
  ) );
#3504 = PCURVE('',#3505,#3510);
#3505 = CYLINDRICAL_SURFACE('',#3506,11.);
#3506 = AXIS2_PLACEMENT_3D('',#3507,#3508,#3509);
#3507 = CARTESIAN_POINT('',(-90.333,0.,-9.8));
#3508 = DIRECTION('',(1.,0.,2.22044604925E-16));
#3509 = DIRECTION('',(2.22044604925E-16,0.,-1.));
#3510 = DEFINITIONAL_REPRESENTATION('',(#3511),#3515);
#3511 = LINE('',#3512,#3513);
#3512 = CARTESIAN_POINT('',(0.,7.));
#3513 = VECTOR('',#3514,1.);
#3514 = DIRECTION('',(1.,0.));
#3515 = ( GEOMETRIC_REPRESENTATION_CONTEXT(2) 
PARAMETRIC_REPRESENTATION_CONTEXT() REPRESENTATION_CONTEXT('2D SPACE',''
  ) );
#3516 = FACE_BOUND('',#3517,.T.);
#3517 = EDGE_LOOP('',(#3518));
#3518 = ORIENTED_EDGE('',*,*,#3519,.F.);
#3519 = EDGE_CURVE('',#3520,#3520,#3522,.T.);
#3520 = VERTEX_POINT('',#3521);
#3521 = CARTESIAN_POINT('',(-83.333,-11.5,-3.552713678801E-15));
#3522 = SURFACE_CURVE('',#3523,(#3528,#3535),.PCURVE_S1.);
#3523 = CIRCLE('',#3524,1.7);
#3524 = AXIS2_PLACEMENT_3D('',#3525,#3526,#3527);
#3525 = CARTESIAN_POINT('',(-83.333,-11.5,1.7));
#3526 = DIRECTION('',(1.,0.,2.22044604925E-16));
#3527 = DIRECTION('',(2.22044604925E-16,0.,-1.));
#3528 = PCURVE('',#1274,#3529);
#3529 = DEFINITIONAL_REPRESENTATION('',(#3530),#3534);
#3530 = CIRCLE('',#3531,1.7);
#3531 = AXIS2_PLACEMENT_2D('',#3532,#3533);
#3532 = CARTESIAN_POINT('',(29.6,-17.75));
#3533 = DIRECTION('',(-1.,0.));
#3534 = ( GEOMETRIC_REPRESENTATION_CONTEXT(2) 
PARAMETRIC_REPRESENTATION_CONTEXT() REPRESENTATION_CONTEXT('2D SPACE',''
  ) );
#3535 = PCURVE('',#3536,#3541);
#3536 = CYLINDRICAL_SURFACE('',#3537,1.7);
#3537 = AXIS2_PLACEMENT_3D('',#3538,#3539,#3540);
#3538 = CARTESIAN_POINT('',(-90.333,-11.5,1.7));
#3539 = DIRECTION('',(1.,0.,2.22044604925E-16));
#3540 = DIRECTION('',(2.22044604925E-16,0.,-1.));
#3541 = DEFINITIONAL_REPRESENTATION('',(#3542),#3546);
#3542 = LINE('',#3543,#3544);
#3543 = CARTESIAN_POINT('',(0.,7.));
#3544 = VECTOR('',#3545,1.);
#3545 = DIRECTION('',(1.,0.));
#3546 = ( GEOMETRIC_REPRESENTATION_CONTEXT(2) 
PARAMETRIC_REPRESENTATION_CONTEXT() REPRESENTATION_CONTEXT('2D SPACE',''
  ) );
#3547 = ADVANCED_FACE('',(#3548),#1248,.F.);
#3548 = FACE_BOUND('',#3549,.F.);
#3549 = EDGE_LOOP('',(#3550,#3573,#3574,#3575));
#3550 = ORIENTED_EDGE('',*,*,#3551,.F.);
#3551 = EDGE_CURVE('',#1205,#3552,#3554,.T.);
#3552 = VERTEX_POINT('',#3553);
#3553 = CARTESIAN_POINT('',(-89.333,18.1,-27.9));
#3554 = SURFACE_CURVE('',#3555,(#3559,#3566),.PCURVE_S1.);
#3555 = LINE('',#3556,#3557);
#3556 = CARTESIAN_POINT('',(-89.333,-29.25,-27.9));
#3557 = VECTOR('',#3558,1.);
#3558 = DIRECTION('',(0.,1.,0.));
#3559 = PCURVE('',#1248,#3560);
#3560 = DEFINITIONAL_REPRESENTATION('',(#3561),#3565);
#3561 = LINE('',#3562,#3563);
#3562 = CARTESIAN_POINT('',(0.,0.));
#3563 = VECTOR('',#3564,1.);
#3564 = DIRECTION('',(0.,1.));
#3565 = ( GEOMETRIC_REPRESENTATION_CONTEXT(2) 
PARAMETRIC_REPRESENTATION_CONTEXT() REPRESENTATION_CONTEXT('2D SPACE',''
  ) );
#3566 = PCURVE('',#1220,#3567);
#3567 = DEFINITIONAL_REPRESENTATION('',(#3568),#3572);
#3568 = LINE('',#3569,#3570);
#3569 = CARTESIAN_POINT('',(0.,0.));
#3570 = VECTOR('',#3571,1.);
#3571 = DIRECTION('',(0.,-1.));
#3572 = ( GEOMETRIC_REPRESENTATION_CONTEXT(2) 
PARAMETRIC_REPRESENTATION_CONTEXT() REPRESENTATION_CONTEXT('2D SPACE',''
  ) );
#3573 = ORIENTED_EDGE('',*,*,#1232,.T.);
#3574 = ORIENTED_EDGE('',*,*,#3348,.T.);
#3575 = ORIENTED_EDGE('',*,*,#3576,.F.);
#3576 = EDGE_CURVE('',#3552,#3349,#3577,.T.);
#3577 = SURFACE_CURVE('',#3578,(#3582,#3589),.PCURVE_S1.);
#3578 = LINE('',#3579,#3580);
#3579 = CARTESIAN_POINT('',(-89.333,18.1,-27.9));
#3580 = VECTOR('',#3581,1.);
#3581 = DIRECTION('',(1.,0.,0.));
#3582 = PCURVE('',#1248,#3583);
#3583 = DEFINITIONAL_REPRESENTATION('',(#3584),#3588);
#3584 = LINE('',#3585,#3586);
#3585 = CARTESIAN_POINT('',(0.,47.35));
#3586 = VECTOR('',#3587,1.);
#3587 = DIRECTION('',(1.,0.));
#3588 = ( GEOMETRIC_REPRESENTATION_CONTEXT(2) 
PARAMETRIC_REPRESENTATION_CONTEXT() REPRESENTATION_CONTEXT('2D SPACE',''
  ) );
#3589 = PCURVE('',#3332,#3590);
#3590 = DEFINITIONAL_REPRESENTATION('',(#3591),#3595);
#3591 = LINE('',#3592,#3593);
#3592 = CARTESIAN_POINT('',(0.,0.));
#3593 = VECTOR('',#3594,1.);
#3594 = DIRECTION('',(0.,1.));
#3595 = ( GEOMETRIC_REPRESENTATION_CONTEXT(2) 
PARAMETRIC_REPRESENTATION_CONTEXT() REPRESENTATION_CONTEXT('2D SPACE',''
  ) );
#3596 = ADVANCED_FACE('',(#3597,#3623,#3649,#3675,#3701,#3727),#1220,.F.
  );
#3597 = FACE_BOUND('',#3598,.F.);
#3598 = EDGE_LOOP('',(#3599,#3600,#3601,#3622));
#3599 = ORIENTED_EDGE('',*,*,#1204,.F.);
#3600 = ORIENTED_EDGE('',*,*,#3551,.T.);
#3601 = ORIENTED_EDGE('',*,*,#3602,.T.);
#3602 = EDGE_CURVE('',#3552,#3272,#3603,.T.);
#3603 = SURFACE_CURVE('',#3604,(#3608,#3615),.PCURVE_S1.);
#3604 = LINE('',#3605,#3606);
#3605 = CARTESIAN_POINT('',(-89.333,18.1,-27.9));
#3606 = VECTOR('',#3607,1.);
#3607 = DIRECTION('',(0.,0.,1.));
#3608 = PCURVE('',#1220,#3609);
#3609 = DEFINITIONAL_REPRESENTATION('',(#3610),#3614);
#3610 = LINE('',#3611,#3612);
#3611 = CARTESIAN_POINT('',(0.,-47.35));
#3612 = VECTOR('',#3613,1.);
#3613 = DIRECTION('',(1.,0.));
#3614 = ( GEOMETRIC_REPRESENTATION_CONTEXT(2) 
PARAMETRIC_REPRESENTATION_CONTEXT() REPRESENTATION_CONTEXT('2D SPACE',''
  ) );
#3615 = PCURVE('',#3332,#3616);
#3616 = DEFINITIONAL_REPRESENTATION('',(#3617),#3621);
#3617 = LINE('',#3618,#3619);
#3618 = CARTESIAN_POINT('',(0.,0.));
#3619 = VECTOR('',#3620,1.);
#3620 = DIRECTION('',(1.,0.));
#3621 = ( GEOMETRIC_REPRESENTATION_CONTEXT(2) 
PARAMETRIC_REPRESENTATION_CONTEXT() REPRESENTATION_CONTEXT('2D SPACE',''
  ) );
#3622 = ORIENTED_EDGE('',*,*,#3271,.F.);
#3623 = FACE_BOUND('',#3624,.F.);
#3624 = EDGE_LOOP('',(#3625));
#3625 = ORIENTED_EDGE('',*,*,#3626,.F.);
#3626 = EDGE_CURVE('',#3627,#3627,#3629,.T.);
#3627 = VERTEX_POINT('',#3628);
#3628 = CARTESIAN_POINT('',(-89.333,11.5,-23.));
#3629 = SURFACE_CURVE('',#3630,(#3635,#3642),.PCURVE_S1.);
#3630 = CIRCLE('',#3631,1.7);
#3631 = AXIS2_PLACEMENT_3D('',#3632,#3633,#3634);
#3632 = CARTESIAN_POINT('',(-89.333,11.5,-21.3));
#3633 = DIRECTION('',(1.,0.,2.22044604925E-16));
#3634 = DIRECTION('',(2.22044604925E-16,0.,-1.));
#3635 = PCURVE('',#1220,#3636);
#3636 = DEFINITIONAL_REPRESENTATION('',(#3637),#3641);
#3637 = CIRCLE('',#3638,1.7);
#3638 = AXIS2_PLACEMENT_2D('',#3639,#3640);
#3639 = CARTESIAN_POINT('',(6.6,-40.75));
#3640 = DIRECTION('',(-1.,0.));
#3641 = ( GEOMETRIC_REPRESENTATION_CONTEXT(2) 
PARAMETRIC_REPRESENTATION_CONTEXT() REPRESENTATION_CONTEXT('2D SPACE',''
  ) );
#3642 = PCURVE('',#3412,#3643);
#3643 = DEFINITIONAL_REPRESENTATION('',(#3644),#3648);
#3644 = LINE('',#3645,#3646);
#3645 = CARTESIAN_POINT('',(0.,1.));
#3646 = VECTOR('',#3647,1.);
#3647 = DIRECTION('',(1.,0.));
#3648 = ( GEOMETRIC_REPRESENTATION_CONTEXT(2) 
PARAMETRIC_REPRESENTATION_CONTEXT() REPRESENTATION_CONTEXT('2D SPACE',''
  ) );
#3649 = FACE_BOUND('',#3650,.F.);
#3650 = EDGE_LOOP('',(#3651));
#3651 = ORIENTED_EDGE('',*,*,#3652,.F.);
#3652 = EDGE_CURVE('',#3653,#3653,#3655,.T.);
#3653 = VERTEX_POINT('',#3654);
#3654 = CARTESIAN_POINT('',(-89.333,11.5,-4.884981308351E-15));
#3655 = SURFACE_CURVE('',#3656,(#3661,#3668),.PCURVE_S1.);
#3656 = CIRCLE('',#3657,1.7);
#3657 = AXIS2_PLACEMENT_3D('',#3658,#3659,#3660);
#3658 = CARTESIAN_POINT('',(-89.333,11.5,1.7));
#3659 = DIRECTION('',(1.,0.,2.22044604925E-16));
#3660 = DIRECTION('',(2.22044604925E-16,0.,-1.));
#3661 = PCURVE('',#1220,#3662);
#3662 = DEFINITIONAL_REPRESENTATION('',(#3663),#3667);
#3663 = CIRCLE('',#3664,1.7);
#3664 = AXIS2_PLACEMENT_2D('',#3665,#3666);
#3665 = CARTESIAN_POINT('',(29.6,-40.75));
#3666 = DIRECTION('',(-1.,0.));
#3667 = ( GEOMETRIC_REPRESENTATION_CONTEXT(2) 
PARAMETRIC_REPRESENTATION_CONTEXT() REPRESENTATION_CONTEXT('2D SPACE',''
  ) );
#3668 = PCURVE('',#3443,#3669);
#3669 = DEFINITIONAL_REPRESENTATION('',(#3670),#3674);
#3670 = LINE('',#3671,#3672);
#3671 = CARTESIAN_POINT('',(0.,1.));
#3672 = VECTOR('',#3673,1.);
#3673 = DIRECTION('',(1.,0.));
#3674 = ( GEOMETRIC_REPRESENTATION_CONTEXT(2) 
PARAMETRIC_REPRESENTATION_CONTEXT() REPRESENTATION_CONTEXT('2D SPACE',''
  ) );
#3675 = FACE_BOUND('',#3676,.F.);
#3676 = EDGE_LOOP('',(#3677));
#3677 = ORIENTED_EDGE('',*,*,#3678,.F.);
#3678 = EDGE_CURVE('',#3679,#3679,#3681,.T.);
#3679 = VERTEX_POINT('',#3680);
#3680 = CARTESIAN_POINT('',(-89.333,-11.5,-23.));
#3681 = SURFACE_CURVE('',#3682,(#3687,#3694),.PCURVE_S1.);
#3682 = CIRCLE('',#3683,1.7);
#3683 = AXIS2_PLACEMENT_3D('',#3684,#3685,#3686);
#3684 = CARTESIAN_POINT('',(-89.333,-11.5,-21.3));
#3685 = DIRECTION('',(1.,0.,2.22044604925E-16));
#3686 = DIRECTION('',(2.22044604925E-16,0.,-1.));
#3687 = PCURVE('',#1220,#3688);
#3688 = DEFINITIONAL_REPRESENTATION('',(#3689),#3693);
#3689 = CIRCLE('',#3690,1.7);
#3690 = AXIS2_PLACEMENT_2D('',#3691,#3692);
#3691 = CARTESIAN_POINT('',(6.6,-17.75));
#3692 = DIRECTION('',(-1.,0.));
#3693 = ( GEOMETRIC_REPRESENTATION_CONTEXT(2) 
PARAMETRIC_REPRESENTATION_CONTEXT() REPRESENTATION_CONTEXT('2D SPACE',''
  ) );
#3694 = PCURVE('',#3474,#3695);
#3695 = DEFINITIONAL_REPRESENTATION('',(#3696),#3700);
#3696 = LINE('',#3697,#3698);
#3697 = CARTESIAN_POINT('',(0.,1.));
#3698 = VECTOR('',#3699,1.);
#3699 = DIRECTION('',(1.,0.));
#3700 = ( GEOMETRIC_REPRESENTATION_CONTEXT(2) 
PARAMETRIC_REPRESENTATION_CONTEXT() REPRESENTATION_CONTEXT('2D SPACE',''
  ) );
#3701 = FACE_BOUND('',#3702,.F.);
#3702 = EDGE_LOOP('',(#3703));
#3703 = ORIENTED_EDGE('',*,*,#3704,.F.);
#3704 = EDGE_CURVE('',#3705,#3705,#3707,.T.);
#3705 = VERTEX_POINT('',#3706);
#3706 = CARTESIAN_POINT('',(-89.333,-2.694222958124E-15,-20.8));
#3707 = SURFACE_CURVE('',#3708,(#3713,#3720),.PCURVE_S1.);
#3708 = CIRCLE('',#3709,11.);
#3709 = AXIS2_PLACEMENT_3D('',#3710,#3711,#3712);
#3710 = CARTESIAN_POINT('',(-89.333,0.,-9.8));
#3711 = DIRECTION('',(1.,0.,2.22044604925E-16));
#3712 = DIRECTION('',(2.22044604925E-16,0.,-1.));
#3713 = PCURVE('',#1220,#3714);
#3714 = DEFINITIONAL_REPRESENTATION('',(#3715),#3719);
#3715 = CIRCLE('',#3716,11.);
#3716 = AXIS2_PLACEMENT_2D('',#3717,#3718);
#3717 = CARTESIAN_POINT('',(18.1,-29.25));
#3718 = DIRECTION('',(-1.,0.));
#3719 = ( GEOMETRIC_REPRESENTATION_CONTEXT(2) 
PARAMETRIC_REPRESENTATION_CONTEXT() REPRESENTATION_CONTEXT('2D SPACE',''
  ) );
#3720 = PCURVE('',#3505,#3721);
#3721 = DEFINITIONAL_REPRESENTATION('',(#3722),#3726);
#3722 = LINE('',#3723,#3724);
#3723 = CARTESIAN_POINT('',(0.,1.));
#3724 = VECTOR('',#3725,1.);
#3725 = DIRECTION('',(1.,0.));
#3726 = ( GEOMETRIC_REPRESENTATION_CONTEXT(2) 
PARAMETRIC_REPRESENTATION_CONTEXT() REPRESENTATION_CONTEXT('2D SPACE',''
  ) );
#3727 = FACE_BOUND('',#3728,.F.);
#3728 = EDGE_LOOP('',(#3729));
#3729 = ORIENTED_EDGE('',*,*,#3730,.F.);
#3730 = EDGE_CURVE('',#3731,#3731,#3733,.T.);
#3731 = VERTEX_POINT('',#3732);
#3732 = CARTESIAN_POINT('',(-89.333,-11.5,-4.884981308351E-15));
#3733 = SURFACE_CURVE('',#3734,(#3739,#3746),.PCURVE_S1.);
#3734 = CIRCLE('',#3735,1.7);
#3735 = AXIS2_PLACEMENT_3D('',#3736,#3737,#3738);
#3736 = CARTESIAN_POINT('',(-89.333,-11.5,1.7));
#3737 = DIRECTION('',(1.,0.,2.22044604925E-16));
#3738 = DIRECTION('',(2.22044604925E-16,0.,-1.));
#3739 = PCURVE('',#1220,#3740);
#3740 = DEFINITIONAL_REPRESENTATION('',(#3741),#3745);
#3741 = CIRCLE('',#3742,1.7);
#3742 = AXIS2_PLACEMENT_2D('',#3743,#3744);
#3743 = CARTESIAN_POINT('',(29.6,-17.75));
#3744 = DIRECTION('',(-1.,0.));
#3745 = ( GEOMETRIC_REPRESENTATION_CONTEXT(2) 
PARAMETRIC_REPRESENTATION_CONTEXT() REPRESENTATION_CONTEXT('2D SPACE',''
  ) );
#3746 = PCURVE('',#3536,#3747);
#3747 = DEFINITIONAL_REPRESENTATION('',(#3748),#3752);
#3748 = LINE('',#3749,#3750);
#3749 = CARTESIAN_POINT('',(0.,1.));
#3750 = VECTOR('',#3751,1.);
#3751 = DIRECTION('',(1.,0.));
#3752 = ( GEOMETRIC_REPRESENTATION_CONTEXT(2) 
PARAMETRIC_REPRESENTATION_CONTEXT() REPRESENTATION_CONTEXT('2D SPACE',''
  ) );
#3753 = ADVANCED_FACE('',(#3754),#1683,.T.);
#3754 = FACE_BOUND('',#3755,.F.);
#3755 = EDGE_LOOP('',(#3756,#3757,#3758,#3759));
#3756 = ORIENTED_EDGE('',*,*,#2321,.T.);
#3757 = ORIENTED_EDGE('',*,*,#1667,.T.);
#3758 = ORIENTED_EDGE('',*,*,#2509,.F.);
#3759 = ORIENTED_EDGE('',*,*,#3760,.T.);
#3760 = EDGE_CURVE('',#2510,#2294,#3761,.T.);
#3761 = SURFACE_CURVE('',#3762,(#3766,#3772),.PCURVE_S1.);
#3762 = LINE('',#3763,#3764);
#3763 = CARTESIAN_POINT('',(-16.40138964254,-29.25,-57.9));
#3764 = VECTOR('',#3765,1.);
#3765 = DIRECTION('',(0.,0.,-1.));
#3766 = PCURVE('',#1683,#3767);
#3767 = DEFINITIONAL_REPRESENTATION('',(#3768),#3771);
#3768 = B_SPLINE_CURVE_WITH_KNOTS('',1,(#3769,#3770),.UNSPECIFIED.,.F.,
  .F.,(2,2),(0.,12.5),.PIECEWISE_BEZIER_KNOTS.);
#3769 = CARTESIAN_POINT('',(-1.570796326795,-39.));
#3770 = CARTESIAN_POINT('',(-1.570796326795,-26.5));
#3771 = ( GEOMETRIC_REPRESENTATION_CONTEXT(2) 
PARAMETRIC_REPRESENTATION_CONTEXT() REPRESENTATION_CONTEXT('2D SPACE',''
  ) );
#3772 = PCURVE('',#2309,#3773);
#3773 = DEFINITIONAL_REPRESENTATION('',(#3774),#3778);
#3774 = LINE('',#3775,#3776);
#3775 = CARTESIAN_POINT('',(0.,-12.5));
#3776 = VECTOR('',#3777,1.);
#3777 = DIRECTION('',(0.,1.));
#3778 = ( GEOMETRIC_REPRESENTATION_CONTEXT(2) 
PARAMETRIC_REPRESENTATION_CONTEXT() REPRESENTATION_CONTEXT('2D SPACE',''
  ) );
#3779 = ADVANCED_FACE('',(#3780),#1586,.T.);
#3780 = FACE_BOUND('',#3781,.F.);
#3781 = EDGE_LOOP('',(#3782,#3783,#3784,#3785));
#3782 = ORIENTED_EDGE('',*,*,#2778,.T.);
#3783 = ORIENTED_EDGE('',*,*,#1570,.T.);
#3784 = ORIENTED_EDGE('',*,*,#2972,.F.);
#3785 = ORIENTED_EDGE('',*,*,#3786,.T.);
#3786 = EDGE_CURVE('',#2973,#2751,#3787,.T.);
#3787 = SURFACE_CURVE('',#3788,(#3792,#3798),.PCURVE_S1.);
#3788 = LINE('',#3789,#3790);
#3789 = CARTESIAN_POINT('',(-16.40138964254,-29.25,-13.2));
#3790 = VECTOR('',#3791,1.);
#3791 = DIRECTION('',(0.,0.,-1.));
#3792 = PCURVE('',#1586,#3793);
#3793 = DEFINITIONAL_REPRESENTATION('',(#3794),#3797);
#3794 = B_SPLINE_CURVE_WITH_KNOTS('',1,(#3795,#3796),.UNSPECIFIED.,.F.,
  .F.,(2,2),(0.,12.5),.PIECEWISE_BEZIER_KNOTS.);
#3795 = CARTESIAN_POINT('',(-1.570796326795,-83.7));
#3796 = CARTESIAN_POINT('',(-1.570796326795,-71.2));
#3797 = ( GEOMETRIC_REPRESENTATION_CONTEXT(2) 
PARAMETRIC_REPRESENTATION_CONTEXT() REPRESENTATION_CONTEXT('2D SPACE',''
  ) );
#3798 = PCURVE('',#2766,#3799);
#3799 = DEFINITIONAL_REPRESENTATION('',(#3800),#3804);
#3800 = LINE('',#3801,#3802);
#3801 = CARTESIAN_POINT('',(0.,-12.5));
#3802 = VECTOR('',#3803,1.);
#3803 = DIRECTION('',(0.,1.));
#3804 = ( GEOMETRIC_REPRESENTATION_CONTEXT(2) 
PARAMETRIC_REPRESENTATION_CONTEXT() REPRESENTATION_CONTEXT('2D SPACE',''
  ) );
#3805 = ADVANCED_FACE('',(#3806),#2281,.T.);
#3806 = FACE_BOUND('',#3807,.F.);
#3807 = EDGE_LOOP('',(#3808,#3829,#3830,#3831));
#3808 = ORIENTED_EDGE('',*,*,#3809,.T.);
#3809 = EDGE_CURVE('',#2261,#2538,#3810,.T.);
#3810 = SURFACE_CURVE('',#3811,(#3815,#3822),.PCURVE_S1.);
#3811 = LINE('',#3812,#3813);
#3812 = CARTESIAN_POINT('',(-3.668166438153,-6.541754732639,-70.4));
#3813 = VECTOR('',#3814,1.);
#3814 = DIRECTION('',(0.,0.,1.));
#3815 = PCURVE('',#2281,#3816);
#3816 = DEFINITIONAL_REPRESENTATION('',(#3817),#3821);
#3817 = LINE('',#3818,#3819);
#3818 = CARTESIAN_POINT('',(0.,0.));
#3819 = VECTOR('',#3820,1.);
#3820 = DIRECTION('',(0.,-1.));
#3821 = ( GEOMETRIC_REPRESENTATION_CONTEXT(2) 
PARAMETRIC_REPRESENTATION_CONTEXT() REPRESENTATION_CONTEXT('2D SPACE',''
  ) );
#3822 = PCURVE('',#2309,#3823);
#3823 = DEFINITIONAL_REPRESENTATION('',(#3824),#3828);
#3824 = LINE('',#3825,#3826);
#3825 = CARTESIAN_POINT('',(26.034580394074,0.));
#3826 = VECTOR('',#3827,1.);
#3827 = DIRECTION('',(0.,-1.));
#3828 = ( GEOMETRIC_REPRESENTATION_CONTEXT(2) 
PARAMETRIC_REPRESENTATION_CONTEXT() REPRESENTATION_CONTEXT('2D SPACE',''
  ) );
#3829 = ORIENTED_EDGE('',*,*,#2560,.T.);
#3830 = ORIENTED_EDGE('',*,*,#2410,.F.);
#3831 = ORIENTED_EDGE('',*,*,#2260,.F.);
#3832 = ADVANCED_FACE('',(#3833),#2309,.F.);
#3833 = FACE_BOUND('',#3834,.F.);
#3834 = EDGE_LOOP('',(#3835,#3836,#3837,#3838));
#3835 = ORIENTED_EDGE('',*,*,#3760,.F.);
#3836 = ORIENTED_EDGE('',*,*,#2537,.T.);
#3837 = ORIENTED_EDGE('',*,*,#3809,.F.);
#3838 = ORIENTED_EDGE('',*,*,#2293,.F.);
#3839 = ADVANCED_FACE('',(#3840),#2368,.F.);
#3840 = FACE_BOUND('',#3841,.T.);
#3841 = EDGE_LOOP('',(#3842,#3863,#3864,#3865));
#3842 = ORIENTED_EDGE('',*,*,#3843,.T.);
#3843 = EDGE_CURVE('',#2348,#2586,#3844,.T.);
#3844 = SEAM_CURVE('',#3845,(#3849,#3856),.PCURVE_S1.);
#3845 = LINE('',#3846,#3847);
#3846 = CARTESIAN_POINT('',(2.85,0.,-70.4));
#3847 = VECTOR('',#3848,1.);
#3848 = DIRECTION('',(0.,0.,1.));
#3849 = PCURVE('',#2368,#3850);
#3850 = DEFINITIONAL_REPRESENTATION('',(#3851),#3855);
#3851 = LINE('',#3852,#3853);
#3852 = CARTESIAN_POINT('',(0.,0.));
#3853 = VECTOR('',#3854,1.);
#3854 = DIRECTION('',(0.,-1.));
#3855 = ( GEOMETRIC_REPRESENTATION_CONTEXT(2) 
PARAMETRIC_REPRESENTATION_CONTEXT() REPRESENTATION_CONTEXT('2D SPACE',''
  ) );
#3856 = PCURVE('',#2368,#3857);
#3857 = DEFINITIONAL_REPRESENTATION('',(#3858),#3862);
#3858 = LINE('',#3859,#3860);
#3859 = CARTESIAN_POINT('',(-6.28318530718,0.));
#3860 = VECTOR('',#3861,1.);
#3861 = DIRECTION('',(0.,-1.));
#3862 = ( GEOMETRIC_REPRESENTATION_CONTEXT(2) 
PARAMETRIC_REPRESENTATION_CONTEXT() REPRESENTATION_CONTEXT('2D SPACE',''
  ) );
#3863 = ORIENTED_EDGE('',*,*,#2585,.T.);
#3864 = ORIENTED_EDGE('',*,*,#3843,.F.);
#3865 = ORIENTED_EDGE('',*,*,#2347,.F.);
#3866 = ADVANCED_FACE('',(#3867),#2738,.T.);
#3867 = FACE_BOUND('',#3868,.F.);
#3868 = EDGE_LOOP('',(#3869,#3890,#3891,#3892));
#3869 = ORIENTED_EDGE('',*,*,#3870,.T.);
#3870 = EDGE_CURVE('',#2718,#3001,#3871,.T.);
#3871 = SURFACE_CURVE('',#3872,(#3876,#3883),.PCURVE_S1.);
#3872 = LINE('',#3873,#3874);
#3873 = CARTESIAN_POINT('',(-3.668166438153,-6.541754732639,-25.7));
#3874 = VECTOR('',#3875,1.);
#3875 = DIRECTION('',(0.,0.,1.));
#3876 = PCURVE('',#2738,#3877);
#3877 = DEFINITIONAL_REPRESENTATION('',(#3878),#3882);
#3878 = LINE('',#3879,#3880);
#3879 = CARTESIAN_POINT('',(0.,0.));
#3880 = VECTOR('',#3881,1.);
#3881 = DIRECTION('',(0.,-1.));
#3882 = ( GEOMETRIC_REPRESENTATION_CONTEXT(2) 
PARAMETRIC_REPRESENTATION_CONTEXT() REPRESENTATION_CONTEXT('2D SPACE',''
  ) );
#3883 = PCURVE('',#2766,#3884);
#3884 = DEFINITIONAL_REPRESENTATION('',(#3885),#3889);
#3885 = LINE('',#3886,#3887);
#3886 = CARTESIAN_POINT('',(26.034580394074,0.));
#3887 = VECTOR('',#3888,1.);
#3888 = DIRECTION('',(0.,-1.));
#3889 = ( GEOMETRIC_REPRESENTATION_CONTEXT(2) 
PARAMETRIC_REPRESENTATION_CONTEXT() REPRESENTATION_CONTEXT('2D SPACE',''
  ) );
#3890 = ORIENTED_EDGE('',*,*,#3023,.T.);
#3891 = ORIENTED_EDGE('',*,*,#2872,.F.);
#3892 = ORIENTED_EDGE('',*,*,#2717,.F.);
#3893 = ADVANCED_FACE('',(#3894),#2766,.F.);
#3894 = FACE_BOUND('',#3895,.F.);
#3895 = EDGE_LOOP('',(#3896,#3897,#3898,#3899));
#3896 = ORIENTED_EDGE('',*,*,#3786,.F.);
#3897 = ORIENTED_EDGE('',*,*,#3000,.T.);
#3898 = ORIENTED_EDGE('',*,*,#3870,.F.);
#3899 = ORIENTED_EDGE('',*,*,#2750,.F.);
#3900 = ADVANCED_FACE('',(#3901),#2825,.F.);
#3901 = FACE_BOUND('',#3902,.T.);
#3902 = EDGE_LOOP('',(#3903,#3924,#3925,#3926));
#3903 = ORIENTED_EDGE('',*,*,#3904,.T.);
#3904 = EDGE_CURVE('',#2805,#3049,#3905,.T.);
#3905 = SEAM_CURVE('',#3906,(#3910,#3917),.PCURVE_S1.);
#3906 = LINE('',#3907,#3908);
#3907 = CARTESIAN_POINT('',(2.85,0.,-25.7));
#3908 = VECTOR('',#3909,1.);
#3909 = DIRECTION('',(0.,0.,1.));
#3910 = PCURVE('',#2825,#3911);
#3911 = DEFINITIONAL_REPRESENTATION('',(#3912),#3916);
#3912 = LINE('',#3913,#3914);
#3913 = CARTESIAN_POINT('',(0.,0.));
#3914 = VECTOR('',#3915,1.);
#3915 = DIRECTION('',(0.,-1.));
#3916 = ( GEOMETRIC_REPRESENTATION_CONTEXT(2) 
PARAMETRIC_REPRESENTATION_CONTEXT() REPRESENTATION_CONTEXT('2D SPACE',''
  ) );
#3917 = PCURVE('',#2825,#3918);
#3918 = DEFINITIONAL_REPRESENTATION('',(#3919),#3923);
#3919 = LINE('',#3920,#3921);
#3920 = CARTESIAN_POINT('',(-6.28318530718,0.));
#3921 = VECTOR('',#3922,1.);
#3922 = DIRECTION('',(0.,-1.));
#3923 = ( GEOMETRIC_REPRESENTATION_CONTEXT(2) 
PARAMETRIC_REPRESENTATION_CONTEXT() REPRESENTATION_CONTEXT('2D SPACE',''
  ) );
#3924 = ORIENTED_EDGE('',*,*,#3048,.T.);
#3925 = ORIENTED_EDGE('',*,*,#3904,.F.);
#3926 = ORIENTED_EDGE('',*,*,#2804,.F.);
#3927 = ADVANCED_FACE('',(#3928),#3332,.T.);
#3928 = FACE_BOUND('',#3929,.T.);
#3929 = EDGE_LOOP('',(#3930,#3931,#3932,#3933));
#3930 = ORIENTED_EDGE('',*,*,#3576,.F.);
#3931 = ORIENTED_EDGE('',*,*,#3602,.T.);
#3932 = ORIENTED_EDGE('',*,*,#3318,.T.);
#3933 = ORIENTED_EDGE('',*,*,#3371,.F.);
#3934 = ADVANCED_FACE('',(#3935),#3412,.F.);
#3935 = FACE_BOUND('',#3936,.F.);
#3936 = EDGE_LOOP('',(#3937,#3938,#3959,#3960));
#3937 = ORIENTED_EDGE('',*,*,#3395,.F.);
#3938 = ORIENTED_EDGE('',*,*,#3939,.F.);
#3939 = EDGE_CURVE('',#3627,#3396,#3940,.T.);
#3940 = SEAM_CURVE('',#3941,(#3945,#3952),.PCURVE_S1.);
#3941 = LINE('',#3942,#3943);
#3942 = CARTESIAN_POINT('',(-90.333,11.5,-23.));
#3943 = VECTOR('',#3944,1.);
#3944 = DIRECTION('',(1.,0.,2.22044604925E-16));
#3945 = PCURVE('',#3412,#3946);
#3946 = DEFINITIONAL_REPRESENTATION('',(#3947),#3951);
#3947 = LINE('',#3948,#3949);
#3948 = CARTESIAN_POINT('',(6.28318530718,0.));
#3949 = VECTOR('',#3950,1.);
#3950 = DIRECTION('',(0.,1.));
#3951 = ( GEOMETRIC_REPRESENTATION_CONTEXT(2) 
PARAMETRIC_REPRESENTATION_CONTEXT() REPRESENTATION_CONTEXT('2D SPACE',''
  ) );
#3952 = PCURVE('',#3412,#3953);
#3953 = DEFINITIONAL_REPRESENTATION('',(#3954),#3958);
#3954 = LINE('',#3955,#3956);
#3955 = CARTESIAN_POINT('',(0.,0.));
#3956 = VECTOR('',#3957,1.);
#3957 = DIRECTION('',(0.,1.));
#3958 = ( GEOMETRIC_REPRESENTATION_CONTEXT(2) 
PARAMETRIC_REPRESENTATION_CONTEXT() REPRESENTATION_CONTEXT('2D SPACE',''
  ) );
#3959 = ORIENTED_EDGE('',*,*,#3626,.T.);
#3960 = ORIENTED_EDGE('',*,*,#3939,.T.);
#3961 = ADVANCED_FACE('',(#3962),#3443,.F.);
#3962 = FACE_BOUND('',#3963,.F.);
#3963 = EDGE_LOOP('',(#3964,#3965,#3986,#3987));
#3964 = ORIENTED_EDGE('',*,*,#3426,.F.);
#3965 = ORIENTED_EDGE('',*,*,#3966,.F.);
#3966 = EDGE_CURVE('',#3653,#3427,#3967,.T.);
#3967 = SEAM_CURVE('',#3968,(#3972,#3979),.PCURVE_S1.);
#3968 = LINE('',#3969,#3970);
#3969 = CARTESIAN_POINT('',(-90.333,11.5,-5.107025913276E-15));
#3970 = VECTOR('',#3971,1.);
#3971 = DIRECTION('',(1.,0.,2.22044604925E-16));
#3972 = PCURVE('',#3443,#3973);
#3973 = DEFINITIONAL_REPRESENTATION('',(#3974),#3978);
#3974 = LINE('',#3975,#3976);
#3975 = CARTESIAN_POINT('',(6.28318530718,0.));
#3976 = VECTOR('',#3977,1.);
#3977 = DIRECTION('',(0.,1.));
#3978 = ( GEOMETRIC_REPRESENTATION_CONTEXT(2) 
PARAMETRIC_REPRESENTATION_CONTEXT() REPRESENTATION_CONTEXT('2D SPACE',''
  ) );
#3979 = PCURVE('',#3443,#3980);
#3980 = DEFINITIONAL_REPRESENTATION('',(#3981),#3985);
#3981 = LINE('',#3982,#3983);
#3982 = CARTESIAN_POINT('',(0.,0.));
#3983 = VECTOR('',#3984,1.);
#3984 = DIRECTION('',(0.,1.));
#3985 = ( GEOMETRIC_REPRESENTATION_CONTEXT(2) 
PARAMETRIC_REPRESENTATION_CONTEXT() REPRESENTATION_CONTEXT('2D SPACE',''
  ) );
#3986 = ORIENTED_EDGE('',*,*,#3652,.T.);
#3987 = ORIENTED_EDGE('',*,*,#3966,.T.);
#3988 = ADVANCED_FACE('',(#3989),#3474,.F.);
#3989 = FACE_BOUND('',#3990,.F.);
#3990 = EDGE_LOOP('',(#3991,#3992,#4013,#4014));
#3991 = ORIENTED_EDGE('',*,*,#3457,.F.);
#3992 = ORIENTED_EDGE('',*,*,#3993,.F.);
#3993 = EDGE_CURVE('',#3679,#3458,#3994,.T.);
#3994 = SEAM_CURVE('',#3995,(#3999,#4006),.PCURVE_S1.);
#3995 = LINE('',#3996,#3997);
#3996 = CARTESIAN_POINT('',(-90.333,-11.5,-23.));
#3997 = VECTOR('',#3998,1.);
#3998 = DIRECTION('',(1.,0.,2.22044604925E-16));
#3999 = PCURVE('',#3474,#4000);
#4000 = DEFINITIONAL_REPRESENTATION('',(#4001),#4005);
#4001 = LINE('',#4002,#4003);
#4002 = CARTESIAN_POINT('',(6.28318530718,0.));
#4003 = VECTOR('',#4004,1.);
#4004 = DIRECTION('',(0.,1.));
#4005 = ( GEOMETRIC_REPRESENTATION_CONTEXT(2) 
PARAMETRIC_REPRESENTATION_CONTEXT() REPRESENTATION_CONTEXT('2D SPACE',''
  ) );
#4006 = PCURVE('',#3474,#4007);
#4007 = DEFINITIONAL_REPRESENTATION('',(#4008),#4012);
#4008 = LINE('',#4009,#4010);
#4009 = CARTESIAN_POINT('',(0.,0.));
#4010 = VECTOR('',#4011,1.);
#4011 = DIRECTION('',(0.,1.));
#4012 = ( GEOMETRIC_REPRESENTATION_CONTEXT(2) 
PARAMETRIC_REPRESENTATION_CONTEXT() REPRESENTATION_CONTEXT('2D SPACE',''
  ) );
#4013 = ORIENTED_EDGE('',*,*,#3678,.T.);
#4014 = ORIENTED_EDGE('',*,*,#3993,.T.);
#4015 = ADVANCED_FACE('',(#4016),#3505,.F.);
#4016 = FACE_BOUND('',#4017,.F.);
#4017 = EDGE_LOOP('',(#4018,#4019,#4040,#4041));
#4018 = ORIENTED_EDGE('',*,*,#3488,.F.);
#4019 = ORIENTED_EDGE('',*,*,#4020,.F.);
#4020 = EDGE_CURVE('',#3705,#3489,#4021,.T.);
#4021 = SEAM_CURVE('',#4022,(#4026,#4033),.PCURVE_S1.);
#4022 = LINE('',#4023,#4024);
#4023 = CARTESIAN_POINT('',(-90.333,-2.694222958124E-15,-20.8));
#4024 = VECTOR('',#4025,1.);
#4025 = DIRECTION('',(1.,0.,2.22044604925E-16));
#4026 = PCURVE('',#3505,#4027);
#4027 = DEFINITIONAL_REPRESENTATION('',(#4028),#4032);
#4028 = LINE('',#4029,#4030);
#4029 = CARTESIAN_POINT('',(6.28318530718,0.));
#4030 = VECTOR('',#4031,1.);
#4031 = DIRECTION('',(0.,1.));
#4032 = ( GEOMETRIC_REPRESENTATION_CONTEXT(2) 
PARAMETRIC_REPRESENTATION_CONTEXT() REPRESENTATION_CONTEXT('2D SPACE',''
  ) );
#4033 = PCURVE('',#3505,#4034);
#4034 = DEFINITIONAL_REPRESENTATION('',(#4035),#4039);
#4035 = LINE('',#4036,#4037);
#4036 = CARTESIAN_POINT('',(0.,0.));
#4037 = VECTOR('',#4038,1.);
#4038 = DIRECTION('',(0.,1.));
#4039 = ( GEOMETRIC_REPRESENTATION_CONTEXT(2) 
PARAMETRIC_REPRESENTATION_CONTEXT() REPRESENTATION_CONTEXT('2D SPACE',''
  ) );
#4040 = ORIENTED_EDGE('',*,*,#3704,.T.);
#4041 = ORIENTED_EDGE('',*,*,#4020,.T.);
#4042 = ADVANCED_FACE('',(#4043),#3536,.F.);
#4043 = FACE_BOUND('',#4044,.F.);
#4044 = EDGE_LOOP('',(#4045,#4046,#4067,#4068));
#4045 = ORIENTED_EDGE('',*,*,#3519,.F.);
#4046 = ORIENTED_EDGE('',*,*,#4047,.F.);
#4047 = EDGE_CURVE('',#3731,#3520,#4048,.T.);
#4048 = SEAM_CURVE('',#4049,(#4053,#4060),.PCURVE_S1.);
#4049 = LINE('',#4050,#4051);
#4050 = CARTESIAN_POINT('',(-90.333,-11.5,-5.107025913276E-15));
#4051 = VECTOR('',#4052,1.);
#4052 = DIRECTION('',(1.,0.,2.22044604925E-16));
#4053 = PCURVE('',#3536,#4054);
#4054 = DEFINITIONAL_REPRESENTATION('',(#4055),#4059);
#4055 = LINE('',#4056,#4057);
#4056 = CARTESIAN_POINT('',(6.28318530718,0.));
#4057 = VECTOR('',#4058,1.);
#4058 = DIRECTION('',(0.,1.));
#4059 = ( GEOMETRIC_REPRESENTATION_CONTEXT(2) 
PARAMETRIC_REPRESENTATION_CONTEXT() REPRESENTATION_CONTEXT('2D SPACE',''
  ) );
#4060 = PCURVE('',#3536,#4061);
#4061 = DEFINITIONAL_REPRESENTATION('',(#4062),#4066);
#4062 = LINE('',#4063,#4064);
#4063 = CARTESIAN_POINT('',(0.,0.));
#4064 = VECTOR('',#4065,1.);
#4065 = DIRECTION('',(0.,1.));
#4066 = ( GEOMETRIC_REPRESENTATION_CONTEXT(2) 
PARAMETRIC_REPRESENTATION_CONTEXT() REPRESENTATION_CONTEXT('2D SPACE',''
  ) );
#4067 = ORIENTED_EDGE('',*,*,#3730,.T.);
#4068 = ORIENTED_EDGE('',*,*,#4047,.T.);
#4069 = ( GEOMETRIC_REPRESENTATION_CONTEXT(3) 
GLOBAL_UNCERTAINTY_ASSIGNED_CONTEXT((#4073)) 
GLOBAL_UNIT_ASSIGNED_CONTEXT((#4070,#4071,#4072)) REPRESENTATION_CONTEXT
('Context #1','3D Context with UNIT and UNCERTAINTY') );
#4070 = ( LENGTH_UNIT() NAMED_UNIT(*) SI_UNIT(.MILLI.,.METRE.) );
#4071 = ( NAMED_UNIT(*) PLANE_ANGLE_UNIT() SI_UNIT($,.RADIAN.) );
#4072 = ( NAMED_UNIT(*) SI_UNIT($,.STERADIAN.) SOLID_ANGLE_UNIT() );
#4073 = UNCERTAINTY_MEASURE_WITH_UNIT(LENGTH_MEASURE(1.E-07),#4070,
  'distance_accuracy_value','confusion accuracy');
#4074 = CONTEXT_DEPENDENT_SHAPE_REPRESENTATION(#4075,#4077);
#4075 = ( REPRESENTATION_RELATIONSHIP('','',#48,#10) 
REPRESENTATION_RELATIONSHIP_WITH_TRANSFORMATION(#4076) 
SHAPE_REPRESENTATION_RELATIONSHIP() );
#4076 = ITEM_DEFINED_TRANSFORMATION('','',#11,#15);
#4077 = PRODUCT_DEFINITION_SHAPE('Placement','Placement of an item',
  #4078);
#4078 = NEXT_ASSEMBLY_USAGE_OCCURRENCE('1','plate','',#5,#43,$);
#4079 = PRODUCT_RELATED_PRODUCT_CATEGORY('part',$,(#45));
#4080 = SHAPE_DEFINITION_REPRESENTATION(#4081,#4087);
#4081 = PRODUCT_DEFINITION_SHAPE('','',#4082);
#4082 = PRODUCT_DEFINITION('design','',#4083,#4086);
#4083 = PRODUCT_DEFINITION_FORMATION('','',#4084);
#4084 = PRODUCT('gear_neg','gear_neg','',(#4085));
#4085 = PRODUCT_CONTEXT('',#2,'mechanical');
#4086 = PRODUCT_DEFINITION_CONTEXT('part definition',#2,'design');
#4087 = ADVANCED_BREP_SHAPE_REPRESENTATION('',(#11,#4088),#14838);
#4088 = MANIFOLD_SOLID_BREP('',#4089);
#4089 = CLOSED_SHELL('',(#4090,#4237,#4315,#4451,#8837,#12216,#12243,
    #12270,#12297,#12324,#12351,#12378,#12405,#12432,#12459,#12486,
    #12513,#12540,#12567,#12594,#12621,#12648,#12675,#12702,#12729,
    #12756,#12783,#12810,#12837,#12864,#12891,#12918,#12945,#12972,
    #12999,#13026,#13053,#13080,#13107,#13134,#13161,#13188,#13215,
    #13242,#13269,#13296,#13323,#13350,#13377,#13404,#13431,#13458,
    #13485,#13512,#13537,#13564,#13591,#13616,#13643,#13670,#13697,
    #13724,#13751,#13778,#13805,#13832,#13859,#13886,#13913,#13940,
    #13967,#13994,#14021,#14048,#14075,#14102,#14129,#14156,#14183,
    #14210,#14237,#14264,#14291,#14318,#14345,#14372,#14399,#14426,
    #14453,#14480,#14507,#14534,#14561,#14588,#14615,#14642,#14669,
    #14696,#14723,#14750,#14777,#14804,#14811));
#4090 = ADVANCED_FACE('',(#4091),#4105,.F.);
#4091 = FACE_BOUND('',#4092,.F.);
#4092 = EDGE_LOOP('',(#4093,#4128,#4161,#4206));
#4093 = ORIENTED_EDGE('',*,*,#4094,.T.);
#4094 = EDGE_CURVE('',#4095,#4097,#4099,.T.);
#4095 = VERTEX_POINT('',#4096);
#4096 = CARTESIAN_POINT('',(-16.58709853005,1.662587489486,0.));
#4097 = VERTEX_POINT('',#4098);
#4098 = CARTESIAN_POINT('',(-16.58709853005,1.662587489486,12.3));
#4099 = SURFACE_CURVE('',#4100,(#4104,#4116),.PCURVE_S1.);
#4100 = LINE('',#4101,#4102);
#4101 = CARTESIAN_POINT('',(-16.58709853005,1.662587489486,0.));
#4102 = VECTOR('',#4103,1.);
#4103 = DIRECTION('',(0.,0.,1.));
#4104 = PCURVE('',#4105,#4110);
#4105 = CYLINDRICAL_SURFACE('',#4106,0.500000000072);
#4106 = AXIS2_PLACEMENT_3D('',#4107,#4108,#4109);
#4107 = CARTESIAN_POINT('',(-17.08460559661,1.712454500551,0.));
#4108 = DIRECTION('',(0.,0.,-1.));
#4109 = DIRECTION('',(0.995014132981,-9.973402211601E-02,0.));
#4110 = DEFINITIONAL_REPRESENTATION('',(#4111),#4115);
#4111 = LINE('',#4112,#4113);
#4112 = CARTESIAN_POINT('',(0.,0.));
#4113 = VECTOR('',#4114,1.);
#4114 = DIRECTION('',(0.,-1.));
#4115 = ( GEOMETRIC_REPRESENTATION_CONTEXT(2) 
PARAMETRIC_REPRESENTATION_CONTEXT() REPRESENTATION_CONTEXT('2D SPACE',''
  ) );
#4116 = PCURVE('',#4117,#4122);
#4117 = CYLINDRICAL_SURFACE('',#4118,16.670214000014);
#4118 = AXIS2_PLACEMENT_3D('',#4119,#4120,#4121);
#4119 = CARTESIAN_POINT('',(1.361399881716E-11,-1.560862550321E-12,0.));
#4120 = DIRECTION('',(0.,0.,-1.));
#4121 = DIRECTION('',(-0.99225995899,0.124177992351,0.));
#4122 = DEFINITIONAL_REPRESENTATION('',(#4123),#4127);
#4123 = LINE('',#4124,#4125);
#4124 = CARTESIAN_POINT('',(-2.459926169432E-02,0.));
#4125 = VECTOR('',#4126,1.);
#4126 = DIRECTION('',(0.,-1.));
#4127 = ( GEOMETRIC_REPRESENTATION_CONTEXT(2) 
PARAMETRIC_REPRESENTATION_CONTEXT() REPRESENTATION_CONTEXT('2D SPACE',''
  ) );
#4128 = ORIENTED_EDGE('',*,*,#4129,.T.);
#4129 = EDGE_CURVE('',#4097,#4130,#4132,.T.);
#4130 = VERTEX_POINT('',#4131);
#4131 = CARTESIAN_POINT('',(-17.08217921803,1.212460387827,12.3));
#4132 = SURFACE_CURVE('',#4133,(#4138,#4145),.PCURVE_S1.);
#4133 = CIRCLE('',#4134,0.500000000072);
#4134 = AXIS2_PLACEMENT_3D('',#4135,#4136,#4137);
#4135 = CARTESIAN_POINT('',(-17.08460559661,1.712454500551,12.3));
#4136 = DIRECTION('',(0.,0.,-1.));
#4137 = DIRECTION('',(0.995014132981,-9.973402211601E-02,0.));
#4138 = PCURVE('',#4105,#4139);
#4139 = DEFINITIONAL_REPRESENTATION('',(#4140),#4144);
#4140 = LINE('',#4141,#4142);
#4141 = CARTESIAN_POINT('',(0.,-12.3));
#4142 = VECTOR('',#4143,1.);
#4143 = DIRECTION('',(1.,0.));
#4144 = ( GEOMETRIC_REPRESENTATION_CONTEXT(2) 
PARAMETRIC_REPRESENTATION_CONTEXT() REPRESENTATION_CONTEXT('2D SPACE',''
  ) );
#4145 = PCURVE('',#4146,#4151);
#4146 = PLANE('',#4147);
#4147 = AXIS2_PLACEMENT_3D('',#4148,#4149,#4150);
#4148 = CARTESIAN_POINT('',(-6.429702404854E-15,8.900110356034E-15,12.3)
  );
#4149 = DIRECTION('',(0.,0.,1.));
#4150 = DIRECTION('',(1.,0.,0.));
#4151 = DEFINITIONAL_REPRESENTATION('',(#4152),#4160);
#4152 = ( BOUNDED_CURVE() B_SPLINE_CURVE(2,(#4153,#4154,#4155,#4156,
#4157,#4158,#4159),.UNSPECIFIED.,.T.,.F.) B_SPLINE_CURVE_WITH_KNOTS((1,2
    ,2,2,2,1),(-2.094395102393,0.,2.094395102393,4.188790204786,
6.28318530718,8.377580409573),.UNSPECIFIED.) CURVE() 
GEOMETRIC_REPRESENTATION_ITEM() RATIONAL_B_SPLINE_CURVE((1.,0.5,1.,0.5,
1.,0.5,1.)) REPRESENTATION_ITEM('') );
#4153 = CARTESIAN_POINT('',(-16.58709853005,1.662587489486));
#4154 = CARTESIAN_POINT('',(-16.67347072683,0.800879973076));
#4155 = CARTESIAN_POINT('',(-17.37654522828,1.306534247879));
#4156 = CARTESIAN_POINT('',(-18.07961972973,1.812188522682));
#4157 = CARTESIAN_POINT('',(-17.2901730315,2.168241764289));
#4158 = CARTESIAN_POINT('',(-16.50072633326,2.524295005896));
#4159 = CARTESIAN_POINT('',(-16.58709853005,1.662587489486));
#4160 = ( GEOMETRIC_REPRESENTATION_CONTEXT(2) 
PARAMETRIC_REPRESENTATION_CONTEXT() REPRESENTATION_CONTEXT('2D SPACE',''
  ) );
#4161 = ORIENTED_EDGE('',*,*,#4162,.F.);
#4162 = EDGE_CURVE('',#4163,#4130,#4165,.T.);
#4163 = VERTEX_POINT('',#4164);
#4164 = CARTESIAN_POINT('',(-17.08217921803,1.212460387827,0.));
#4165 = SURFACE_CURVE('',#4166,(#4170,#4177),.PCURVE_S1.);
#4166 = LINE('',#4167,#4168);
#4167 = CARTESIAN_POINT('',(-17.08217921803,1.212460387827,0.));
#4168 = VECTOR('',#4169,1.);
#4169 = DIRECTION('',(0.,0.,1.));
#4170 = PCURVE('',#4105,#4171);
#4171 = DEFINITIONAL_REPRESENTATION('',(#4172),#4176);
#4172 = LINE('',#4173,#4174);
#4173 = CARTESIAN_POINT('',(1.466043443678,0.));
#4174 = VECTOR('',#4175,1.);
#4175 = DIRECTION('',(0.,-1.));
#4176 = ( GEOMETRIC_REPRESENTATION_CONTEXT(2) 
PARAMETRIC_REPRESENTATION_CONTEXT() REPRESENTATION_CONTEXT('2D SPACE',''
  ) );
#4177 = PCURVE('',#4178,#4200);
#4178 = SURFACE_OF_LINEAR_EXTRUSION('',#4179,#4198);
#4179 = B_SPLINE_CURVE_WITH_KNOTS('',3,(#4180,#4181,#4182,#4183,#4184,
    #4185,#4186,#4187,#4188,#4189,#4190,#4191,#4192,#4193,#4194,#4195,
    #4196,#4197),.UNSPECIFIED.,.F.,.F.,(4,1,1,1,1,1,1,1,1,1,1,1,1,1,1,4)
  ,(0.,4.919943322603E-02,0.115298688747,0.198297768641,0.298196673931,
    0.414995405195,0.548693962792,0.699292346962,0.86679055787,
    1.051188595638,1.252486460354,1.470684152089,1.705781670896,
    1.95777901682,2.226676189894,2.512473190149),.UNSPECIFIED.);
#4180 = CARTESIAN_POINT('',(-17.08217921803,1.212460387827,0.));
#4181 = CARTESIAN_POINT('',(-17.0985813295,1.212355132637,0.));
#4182 = CARTESIAN_POINT('',(-17.13700716879,1.211503818674,0.));
#4183 = CARTESIAN_POINT('',(-17.20302221147,1.207913582912,0.));
#4184 = CARTESIAN_POINT('',(-17.28573394917,1.200867210109,0.));
#4185 = CARTESIAN_POINT('',(-17.38497466305,1.189272385842,0.));
#4186 = CARTESIAN_POINT('',(-17.50052311178,1.172099109768,0.));
#4187 = CARTESIAN_POINT('',(-17.6321101575,1.148307478263,0.));
#4188 = CARTESIAN_POINT('',(-17.77941730106,1.116876239908,0.));
#4189 = CARTESIAN_POINT('',(-17.94207782108,1.076795880806,0.));
#4190 = CARTESIAN_POINT('',(-18.11967714506,1.027073611402,0.));
#4191 = CARTESIAN_POINT('',(-18.31175357498,0.96673446643,0.));
#4192 = CARTESIAN_POINT('',(-18.51779901744,0.89482341944,0.));
#4193 = CARTESIAN_POINT('',(-18.73725975848,0.810407939214,0.));
#4194 = CARTESIAN_POINT('',(-18.9695375604,0.712577027292,0.));
#4195 = CARTESIAN_POINT('',(-19.21398978456,0.600455124589,0.));
#4196 = CARTESIAN_POINT('',(-19.37957435221,0.51809724461,0.));
#4197 = CARTESIAN_POINT('',(-19.46421989499,0.474387899456,0.));
#4198 = VECTOR('',#4199,1.);
#4199 = DIRECTION('',(0.,0.,-1.));
#4200 = DEFINITIONAL_REPRESENTATION('',(#4201),#4205);
#4201 = LINE('',#4202,#4203);
#4202 = CARTESIAN_POINT('',(0.,0.));
#4203 = VECTOR('',#4204,1.);
#4204 = DIRECTION('',(0.,-1.));
#4205 = ( GEOMETRIC_REPRESENTATION_CONTEXT(2) 
PARAMETRIC_REPRESENTATION_CONTEXT() REPRESENTATION_CONTEXT('2D SPACE',''
  ) );
#4206 = ORIENTED_EDGE('',*,*,#4207,.F.);
#4207 = EDGE_CURVE('',#4095,#4163,#4208,.T.);
#4208 = SURFACE_CURVE('',#4209,(#4214,#4221),.PCURVE_S1.);
#4209 = CIRCLE('',#4210,0.500000000072);
#4210 = AXIS2_PLACEMENT_3D('',#4211,#4212,#4213);
#4211 = CARTESIAN_POINT('',(-17.08460559661,1.712454500551,0.));
#4212 = DIRECTION('',(0.,0.,-1.));
#4213 = DIRECTION('',(0.995014132981,-9.973402211601E-02,0.));
#4214 = PCURVE('',#4105,#4215);
#4215 = DEFINITIONAL_REPRESENTATION('',(#4216),#4220);
#4216 = LINE('',#4217,#4218);
#4217 = CARTESIAN_POINT('',(0.,0.));
#4218 = VECTOR('',#4219,1.);
#4219 = DIRECTION('',(1.,0.));
#4220 = ( GEOMETRIC_REPRESENTATION_CONTEXT(2) 
PARAMETRIC_REPRESENTATION_CONTEXT() REPRESENTATION_CONTEXT('2D SPACE',''
  ) );
#4221 = PCURVE('',#4222,#4227);
#4222 = PLANE('',#4223);
#4223 = AXIS2_PLACEMENT_3D('',#4224,#4225,#4226);
#4224 = CARTESIAN_POINT('',(-6.429702404854E-15,8.900110356034E-15,0.));
#4225 = DIRECTION('',(0.,0.,1.));
#4226 = DIRECTION('',(1.,0.,0.));
#4227 = DEFINITIONAL_REPRESENTATION('',(#4228),#4236);
#4228 = ( BOUNDED_CURVE() B_SPLINE_CURVE(2,(#4229,#4230,#4231,#4232,
#4233,#4234,#4235),.UNSPECIFIED.,.T.,.F.) B_SPLINE_CURVE_WITH_KNOTS((1,2
    ,2,2,2,1),(-2.094395102393,0.,2.094395102393,4.188790204786,
6.28318530718,8.377580409573),.UNSPECIFIED.) CURVE() 
GEOMETRIC_REPRESENTATION_ITEM() RATIONAL_B_SPLINE_CURVE((1.,0.5,1.,0.5,
1.,0.5,1.)) REPRESENTATION_ITEM('') );
#4229 = CARTESIAN_POINT('',(-16.58709853005,1.662587489486));
#4230 = CARTESIAN_POINT('',(-16.67347072683,0.800879973076));
#4231 = CARTESIAN_POINT('',(-17.37654522828,1.306534247879));
#4232 = CARTESIAN_POINT('',(-18.07961972973,1.812188522682));
#4233 = CARTESIAN_POINT('',(-17.2901730315,2.168241764289));
#4234 = CARTESIAN_POINT('',(-16.50072633326,2.524295005896));
#4235 = CARTESIAN_POINT('',(-16.58709853005,1.662587489486));
#4236 = ( GEOMETRIC_REPRESENTATION_CONTEXT(2) 
PARAMETRIC_REPRESENTATION_CONTEXT() REPRESENTATION_CONTEXT('2D SPACE',''
  ) );
#4237 = ADVANCED_FACE('',(#4238),#4117,.T.);
#4238 = FACE_BOUND('',#4239,.F.);
#4239 = EDGE_LOOP('',(#4240,#4270,#4292,#4293));
#4240 = ORIENTED_EDGE('',*,*,#4241,.T.);
#4241 = EDGE_CURVE('',#4242,#4244,#4246,.T.);
#4242 = VERTEX_POINT('',#4243);
#4243 = CARTESIAN_POINT('',(-16.54118586,2.070073706588,0.));
#4244 = VERTEX_POINT('',#4245);
#4245 = CARTESIAN_POINT('',(-16.54118586,2.070073706588,12.3));
#4246 = SURFACE_CURVE('',#4247,(#4251,#4258),.PCURVE_S1.);
#4247 = LINE('',#4248,#4249);
#4248 = CARTESIAN_POINT('',(-16.54118586,2.070073706588,0.));
#4249 = VECTOR('',#4250,1.);
#4250 = DIRECTION('',(0.,0.,1.));
#4251 = PCURVE('',#4117,#4252);
#4252 = DEFINITIONAL_REPRESENTATION('',(#4253),#4257);
#4253 = LINE('',#4254,#4255);
#4254 = CARTESIAN_POINT('',(0.,0.));
#4255 = VECTOR('',#4256,1.);
#4256 = DIRECTION('',(0.,-1.));
#4257 = ( GEOMETRIC_REPRESENTATION_CONTEXT(2) 
PARAMETRIC_REPRESENTATION_CONTEXT() REPRESENTATION_CONTEXT('2D SPACE',''
  ) );
#4258 = PCURVE('',#4259,#4264);
#4259 = CYLINDRICAL_SURFACE('',#4260,0.500000000072);
#4260 = AXIS2_PLACEMENT_3D('',#4261,#4262,#4263);
#4261 = CARTESIAN_POINT('',(-17.03731583957,2.132162702704,0.));
#4262 = DIRECTION('',(0.,0.,-1.));
#4263 = DIRECTION('',(0.227249402239,0.973836592649,0.));
#4264 = DEFINITIONAL_REPRESENTATION('',(#4265),#4269);
#4265 = LINE('',#4266,#4267);
#4266 = CARTESIAN_POINT('',(1.466043443678,0.));
#4267 = VECTOR('',#4268,1.);
#4268 = DIRECTION('',(0.,-1.));
#4269 = ( GEOMETRIC_REPRESENTATION_CONTEXT(2) 
PARAMETRIC_REPRESENTATION_CONTEXT() REPRESENTATION_CONTEXT('2D SPACE',''
  ) );
#4270 = ORIENTED_EDGE('',*,*,#4271,.T.);
#4271 = EDGE_CURVE('',#4244,#4097,#4272,.T.);
#4272 = SURFACE_CURVE('',#4273,(#4278,#4285),.PCURVE_S1.);
#4273 = CIRCLE('',#4274,16.670214000014);
#4274 = AXIS2_PLACEMENT_3D('',#4275,#4276,#4277);
#4275 = CARTESIAN_POINT('',(1.361399881716E-11,-1.560862550321E-12,12.3)
  );
#4276 = DIRECTION('',(0.,0.,1.));
#4277 = DIRECTION('',(-0.99225995899,0.124177992351,0.));
#4278 = PCURVE('',#4117,#4279);
#4279 = DEFINITIONAL_REPRESENTATION('',(#4280),#4284);
#4280 = LINE('',#4281,#4282);
#4281 = CARTESIAN_POINT('',(0.,-12.3));
#4282 = VECTOR('',#4283,1.);
#4283 = DIRECTION('',(-1.,0.));
#4284 = ( GEOMETRIC_REPRESENTATION_CONTEXT(2) 
PARAMETRIC_REPRESENTATION_CONTEXT() REPRESENTATION_CONTEXT('2D SPACE',''
  ) );
#4285 = PCURVE('',#4146,#4286);
#4286 = DEFINITIONAL_REPRESENTATION('',(#4287),#4291);
#4287 = CIRCLE('',#4288,16.670214000014);
#4288 = AXIS2_PLACEMENT_2D('',#4289,#4290);
#4289 = CARTESIAN_POINT('',(1.362042851957E-11,-1.569762660677E-12));
#4290 = DIRECTION('',(-0.99225995899,0.124177992351));
#4291 = ( GEOMETRIC_REPRESENTATION_CONTEXT(2) 
PARAMETRIC_REPRESENTATION_CONTEXT() REPRESENTATION_CONTEXT('2D SPACE',''
  ) );
#4292 = ORIENTED_EDGE('',*,*,#4094,.F.);
#4293 = ORIENTED_EDGE('',*,*,#4294,.F.);
#4294 = EDGE_CURVE('',#4242,#4095,#4295,.T.);
#4295 = SURFACE_CURVE('',#4296,(#4301,#4308),.PCURVE_S1.);
#4296 = CIRCLE('',#4297,16.670214000014);
#4297 = AXIS2_PLACEMENT_3D('',#4298,#4299,#4300);
#4298 = CARTESIAN_POINT('',(1.361399881716E-11,-1.560862550321E-12,0.));
#4299 = DIRECTION('',(0.,0.,1.));
#4300 = DIRECTION('',(-0.99225995899,0.124177992351,0.));
#4301 = PCURVE('',#4117,#4302);
#4302 = DEFINITIONAL_REPRESENTATION('',(#4303),#4307);
#4303 = LINE('',#4304,#4305);
#4304 = CARTESIAN_POINT('',(0.,0.));
#4305 = VECTOR('',#4306,1.);
#4306 = DIRECTION('',(-1.,0.));
#4307 = ( GEOMETRIC_REPRESENTATION_CONTEXT(2) 
PARAMETRIC_REPRESENTATION_CONTEXT() REPRESENTATION_CONTEXT('2D SPACE',''
  ) );
#4308 = PCURVE('',#4222,#4309);
#4309 = DEFINITIONAL_REPRESENTATION('',(#4310),#4314);
#4310 = CIRCLE('',#4311,16.670214000014);
#4311 = AXIS2_PLACEMENT_2D('',#4312,#4313);
#4312 = CARTESIAN_POINT('',(1.362042851957E-11,-1.569762660677E-12));
#4313 = DIRECTION('',(-0.99225995899,0.124177992351));
#4314 = ( GEOMETRIC_REPRESENTATION_CONTEXT(2) 
PARAMETRIC_REPRESENTATION_CONTEXT() REPRESENTATION_CONTEXT('2D SPACE',''
  ) );
#4315 = ADVANCED_FACE('',(#4316),#4178,.F.);
#4316 = FACE_BOUND('',#4317,.F.);
#4317 = EDGE_LOOP('',(#4318,#4319,#4372,#4400));
#4318 = ORIENTED_EDGE('',*,*,#4162,.T.);
#4319 = ORIENTED_EDGE('',*,*,#4320,.T.);
#4320 = EDGE_CURVE('',#4130,#4321,#4323,.T.);
#4321 = VERTEX_POINT('',#4322);
#4322 = CARTESIAN_POINT('',(-19.46421989499,0.474387899456,12.3));
#4323 = SURFACE_CURVE('',#4324,(#4343,#4350),.PCURVE_S1.);
#4324 = B_SPLINE_CURVE_WITH_KNOTS('',3,(#4325,#4326,#4327,#4328,#4329,
    #4330,#4331,#4332,#4333,#4334,#4335,#4336,#4337,#4338,#4339,#4340,
    #4341,#4342),.UNSPECIFIED.,.F.,.F.,(4,1,1,1,1,1,1,1,1,1,1,1,1,1,1,4)
  ,(0.,4.919943322603E-02,0.115298688747,0.198297768641,0.298196673931,
    0.414995405195,0.548693962792,0.699292346962,0.86679055787,
    1.051188595638,1.252486460354,1.470684152089,1.705781670896,
    1.95777901682,2.226676189894,2.512473190149),.UNSPECIFIED.);
#4325 = CARTESIAN_POINT('',(-17.08217921803,1.212460387827,12.3));
#4326 = CARTESIAN_POINT('',(-17.0985813295,1.212355132637,12.3));
#4327 = CARTESIAN_POINT('',(-17.13700716879,1.211503818674,12.3));
#4328 = CARTESIAN_POINT('',(-17.20302221147,1.207913582912,12.3));
#4329 = CARTESIAN_POINT('',(-17.28573394917,1.200867210109,12.3));
#4330 = CARTESIAN_POINT('',(-17.38497466305,1.189272385842,12.3));
#4331 = CARTESIAN_POINT('',(-17.50052311178,1.172099109768,12.3));
#4332 = CARTESIAN_POINT('',(-17.6321101575,1.148307478263,12.3));
#4333 = CARTESIAN_POINT('',(-17.77941730106,1.116876239908,12.3));
#4334 = CARTESIAN_POINT('',(-17.94207782108,1.076795880806,12.3));
#4335 = CARTESIAN_POINT('',(-18.11967714506,1.027073611402,12.3));
#4336 = CARTESIAN_POINT('',(-18.31175357498,0.96673446643,12.3));
#4337 = CARTESIAN_POINT('',(-18.51779901744,0.89482341944,12.3));
#4338 = CARTESIAN_POINT('',(-18.73725975848,0.810407939214,12.3));
#4339 = CARTESIAN_POINT('',(-18.9695375604,0.712577027292,12.3));
#4340 = CARTESIAN_POINT('',(-19.21398978456,0.600455124589,12.3));
#4341 = CARTESIAN_POINT('',(-19.37957435221,0.51809724461,12.3));
#4342 = CARTESIAN_POINT('',(-19.46421989499,0.474387899456,12.3));
#4343 = PCURVE('',#4178,#4344);
#4344 = DEFINITIONAL_REPRESENTATION('',(#4345),#4349);
#4345 = LINE('',#4346,#4347);
#4346 = CARTESIAN_POINT('',(0.,-12.3));
#4347 = VECTOR('',#4348,1.);
#4348 = DIRECTION('',(1.,0.));
#4349 = ( GEOMETRIC_REPRESENTATION_CONTEXT(2) 
PARAMETRIC_REPRESENTATION_CONTEXT() REPRESENTATION_CONTEXT('2D SPACE',''
  ) );
#4350 = PCURVE('',#4146,#4351);
#4351 = DEFINITIONAL_REPRESENTATION('',(#4352),#4371);
#4352 = B_SPLINE_CURVE_WITH_KNOTS('',3,(#4353,#4354,#4355,#4356,#4357,
    #4358,#4359,#4360,#4361,#4362,#4363,#4364,#4365,#4366,#4367,#4368,
    #4369,#4370),.UNSPECIFIED.,.F.,.F.,(4,1,1,1,1,1,1,1,1,1,1,1,1,1,1,4)
  ,(0.,4.919943322603E-02,0.115298688747,0.198297768641,0.298196673931,
    0.414995405195,0.548693962792,0.699292346962,0.86679055787,
    1.051188595638,1.252486460354,1.470684152089,1.705781670896,
    1.95777901682,2.226676189894,2.512473190149),.UNSPECIFIED.);
#4353 = CARTESIAN_POINT('',(-17.08217921803,1.212460387827));
#4354 = CARTESIAN_POINT('',(-17.0985813295,1.212355132637));
#4355 = CARTESIAN_POINT('',(-17.13700716879,1.211503818674));
#4356 = CARTESIAN_POINT('',(-17.20302221147,1.207913582912));
#4357 = CARTESIAN_POINT('',(-17.28573394917,1.200867210109));
#4358 = CARTESIAN_POINT('',(-17.38497466305,1.189272385842));
#4359 = CARTESIAN_POINT('',(-17.50052311178,1.172099109768));
#4360 = CARTESIAN_POINT('',(-17.6321101575,1.148307478263));
#4361 = CARTESIAN_POINT('',(-17.77941730106,1.116876239908));
#4362 = CARTESIAN_POINT('',(-17.94207782108,1.076795880806));
#4363 = CARTESIAN_POINT('',(-18.11967714506,1.027073611402));
#4364 = CARTESIAN_POINT('',(-18.31175357498,0.96673446643));
#4365 = CARTESIAN_POINT('',(-18.51779901744,0.89482341944));
#4366 = CARTESIAN_POINT('',(-18.73725975848,0.810407939214));
#4367 = CARTESIAN_POINT('',(-18.9695375604,0.712577027292));
#4368 = CARTESIAN_POINT('',(-19.21398978456,0.600455124589));
#4369 = CARTESIAN_POINT('',(-19.37957435221,0.51809724461));
#4370 = CARTESIAN_POINT('',(-19.46421989499,0.474387899456));
#4371 = ( GEOMETRIC_REPRESENTATION_CONTEXT(2) 
PARAMETRIC_REPRESENTATION_CONTEXT() REPRESENTATION_CONTEXT('2D SPACE',''
  ) );
#4372 = ORIENTED_EDGE('',*,*,#4373,.F.);
#4373 = EDGE_CURVE('',#4374,#4321,#4376,.T.);
#4374 = VERTEX_POINT('',#4375);
#4375 = CARTESIAN_POINT('',(-19.46421989499,0.474387899456,0.));
#4376 = SURFACE_CURVE('',#4377,(#4381,#4388),.PCURVE_S1.);
#4377 = LINE('',#4378,#4379);
#4378 = CARTESIAN_POINT('',(-19.46421989499,0.474387899456,0.));
#4379 = VECTOR('',#4380,1.);
#4380 = DIRECTION('',(0.,0.,1.));
#4381 = PCURVE('',#4178,#4382);
#4382 = DEFINITIONAL_REPRESENTATION('',(#4383),#4387);
#4383 = LINE('',#4384,#4385);
#4384 = CARTESIAN_POINT('',(2.512473190149,0.));
#4385 = VECTOR('',#4386,1.);
#4386 = DIRECTION('',(0.,-1.));
#4387 = ( GEOMETRIC_REPRESENTATION_CONTEXT(2) 
PARAMETRIC_REPRESENTATION_CONTEXT() REPRESENTATION_CONTEXT('2D SPACE',''
  ) );
#4388 = PCURVE('',#4389,#4394);
#4389 = CYLINDRICAL_SURFACE('',#4390,19.470000000003);
#4390 = AXIS2_PLACEMENT_3D('',#4391,#4392,#4393);
#4391 = CARTESIAN_POINT('',(2.678746113816E-12,2.386979502944E-15,0.));
#4392 = DIRECTION('',(0.,0.,-1.));
#4393 = DIRECTION('',(-0.999703127632,2.43650693095E-02,0.));
#4394 = DEFINITIONAL_REPRESENTATION('',(#4395),#4399);
#4395 = LINE('',#4396,#4397);
#4396 = CARTESIAN_POINT('',(0.,0.));
#4397 = VECTOR('',#4398,1.);
#4398 = DIRECTION('',(0.,-1.));
#4399 = ( GEOMETRIC_REPRESENTATION_CONTEXT(2) 
PARAMETRIC_REPRESENTATION_CONTEXT() REPRESENTATION_CONTEXT('2D SPACE',''
  ) );
#4400 = ORIENTED_EDGE('',*,*,#4401,.F.);
#4401 = EDGE_CURVE('',#4163,#4374,#4402,.T.);
#4402 = SURFACE_CURVE('',#4403,(#4422,#4429),.PCURVE_S1.);
#4403 = B_SPLINE_CURVE_WITH_KNOTS('',3,(#4404,#4405,#4406,#4407,#4408,
    #4409,#4410,#4411,#4412,#4413,#4414,#4415,#4416,#4417,#4418,#4419,
    #4420,#4421),.UNSPECIFIED.,.F.,.F.,(4,1,1,1,1,1,1,1,1,1,1,1,1,1,1,4)
  ,(0.,4.919943322603E-02,0.115298688747,0.198297768641,0.298196673931,
    0.414995405195,0.548693962792,0.699292346962,0.86679055787,
    1.051188595638,1.252486460354,1.470684152089,1.705781670896,
    1.95777901682,2.226676189894,2.512473190149),.UNSPECIFIED.);
#4404 = CARTESIAN_POINT('',(-17.08217921803,1.212460387827,0.));
#4405 = CARTESIAN_POINT('',(-17.0985813295,1.212355132637,0.));
#4406 = CARTESIAN_POINT('',(-17.13700716879,1.211503818674,0.));
#4407 = CARTESIAN_POINT('',(-17.20302221147,1.207913582912,0.));
#4408 = CARTESIAN_POINT('',(-17.28573394917,1.200867210109,0.));
#4409 = CARTESIAN_POINT('',(-17.38497466305,1.189272385842,0.));
#4410 = CARTESIAN_POINT('',(-17.50052311178,1.172099109768,0.));
#4411 = CARTESIAN_POINT('',(-17.6321101575,1.148307478263,0.));
#4412 = CARTESIAN_POINT('',(-17.77941730106,1.116876239908,0.));
#4413 = CARTESIAN_POINT('',(-17.94207782108,1.076795880806,0.));
#4414 = CARTESIAN_POINT('',(-18.11967714506,1.027073611402,0.));
#4415 = CARTESIAN_POINT('',(-18.31175357498,0.96673446643,0.));
#4416 = CARTESIAN_POINT('',(-18.51779901744,0.89482341944,0.));
#4417 = CARTESIAN_POINT('',(-18.73725975848,0.810407939214,0.));
#4418 = CARTESIAN_POINT('',(-18.9695375604,0.712577027292,0.));
#4419 = CARTESIAN_POINT('',(-19.21398978456,0.600455124589,0.));
#4420 = CARTESIAN_POINT('',(-19.37957435221,0.51809724461,0.));
#4421 = CARTESIAN_POINT('',(-19.46421989499,0.474387899456,0.));
#4422 = PCURVE('',#4178,#4423);
#4423 = DEFINITIONAL_REPRESENTATION('',(#4424),#4428);
#4424 = LINE('',#4425,#4426);
#4425 = CARTESIAN_POINT('',(0.,0.));
#4426 = VECTOR('',#4427,1.);
#4427 = DIRECTION('',(1.,0.));
#4428 = ( GEOMETRIC_REPRESENTATION_CONTEXT(2) 
PARAMETRIC_REPRESENTATION_CONTEXT() REPRESENTATION_CONTEXT('2D SPACE',''
  ) );
#4429 = PCURVE('',#4222,#4430);
#4430 = DEFINITIONAL_REPRESENTATION('',(#4431),#4450);
#4431 = B_SPLINE_CURVE_WITH_KNOTS('',3,(#4432,#4433,#4434,#4435,#4436,
    #4437,#4438,#4439,#4440,#4441,#4442,#4443,#4444,#4445,#4446,#4447,
    #4448,#4449),.UNSPECIFIED.,.F.,.F.,(4,1,1,1,1,1,1,1,1,1,1,1,1,1,1,4)
  ,(0.,4.919943322603E-02,0.115298688747,0.198297768641,0.298196673931,
    0.414995405195,0.548693962792,0.699292346962,0.86679055787,
    1.051188595638,1.252486460354,1.470684152089,1.705781670896,
    1.95777901682,2.226676189894,2.512473190149),.UNSPECIFIED.);
#4432 = CARTESIAN_POINT('',(-17.08217921803,1.212460387827));
#4433 = CARTESIAN_POINT('',(-17.0985813295,1.212355132637));
#4434 = CARTESIAN_POINT('',(-17.13700716879,1.211503818674));
#4435 = CARTESIAN_POINT('',(-17.20302221147,1.207913582912));
#4436 = CARTESIAN_POINT('',(-17.28573394917,1.200867210109));
#4437 = CARTESIAN_POINT('',(-17.38497466305,1.189272385842));
#4438 = CARTESIAN_POINT('',(-17.50052311178,1.172099109768));
#4439 = CARTESIAN_POINT('',(-17.6321101575,1.148307478263));
#4440 = CARTESIAN_POINT('',(-17.77941730106,1.116876239908));
#4441 = CARTESIAN_POINT('',(-17.94207782108,1.076795880806));
#4442 = CARTESIAN_POINT('',(-18.11967714506,1.027073611402));
#4443 = CARTESIAN_POINT('',(-18.31175357498,0.96673446643));
#4444 = CARTESIAN_POINT('',(-18.51779901744,0.89482341944));
#4445 = CARTESIAN_POINT('',(-18.73725975848,0.810407939214));
#4446 = CARTESIAN_POINT('',(-18.9695375604,0.712577027292));
#4447 = CARTESIAN_POINT('',(-19.21398978456,0.600455124589));
#4448 = CARTESIAN_POINT('',(-19.37957435221,0.51809724461));
#4449 = CARTESIAN_POINT('',(-19.46421989499,0.474387899456));
#4450 = ( GEOMETRIC_REPRESENTATION_CONTEXT(2) 
PARAMETRIC_REPRESENTATION_CONTEXT() REPRESENTATION_CONTEXT('2D SPACE',''
  ) );
#4451 = ADVANCED_FACE('',(#4452,#8806),#4222,.F.);
#4452 = FACE_BOUND('',#4453,.F.);
#4453 = EDGE_LOOP('',(#4454,#4455,#4456,#4457,#4481,#4556,#4589,#4618,
    #4651,#4726,#4755,#4830,#4863,#4892,#4925,#5000,#5029,#5104,#5137,
    #5166,#5199,#5274,#5303,#5378,#5411,#5440,#5473,#5548,#5577,#5652,
    #5685,#5714,#5747,#5822,#5851,#5926,#5959,#5988,#6021,#6096,#6125,
    #6200,#6233,#6262,#6295,#6370,#6399,#6474,#6507,#6536,#6562,#6595,
    #6621,#6650,#6683,#6758,#6787,#6862,#6895,#6924,#6957,#7032,#7061,
    #7136,#7169,#7198,#7231,#7306,#7335,#7410,#7443,#7472,#7505,#7580,
    #7609,#7684,#7717,#7746,#7779,#7854,#7883,#7958,#7991,#8020,#8053,
    #8128,#8157,#8232,#8265,#8294,#8327,#8402,#8431,#8506,#8539,#8568,
    #8601,#8676,#8705,#8780));
#4454 = ORIENTED_EDGE('',*,*,#4294,.T.);
#4455 = ORIENTED_EDGE('',*,*,#4207,.T.);
#4456 = ORIENTED_EDGE('',*,*,#4401,.T.);
#4457 = ORIENTED_EDGE('',*,*,#4458,.T.);
#4458 = EDGE_CURVE('',#4374,#4459,#4461,.T.);
#4459 = VERTEX_POINT('',#4460);
#4460 = CARTESIAN_POINT('',(-19.46421989499,-0.474387899456,0.));
#4461 = SURFACE_CURVE('',#4462,(#4467,#4474),.PCURVE_S1.);
#4462 = CIRCLE('',#4463,19.470000000003);
#4463 = AXIS2_PLACEMENT_3D('',#4464,#4465,#4466);
#4464 = CARTESIAN_POINT('',(2.678746113816E-12,2.386979502944E-15,0.));
#4465 = DIRECTION('',(0.,0.,1.));
#4466 = DIRECTION('',(-0.999703127632,2.43650693095E-02,0.));
#4467 = PCURVE('',#4222,#4468);
#4468 = DEFINITIONAL_REPRESENTATION('',(#4469),#4473);
#4469 = CIRCLE('',#4470,19.470000000003);
#4470 = AXIS2_PLACEMENT_2D('',#4471,#4472);
#4471 = CARTESIAN_POINT('',(2.68517581622E-12,-6.51313085309E-15));
#4472 = DIRECTION('',(-0.999703127632,2.43650693095E-02));
#4473 = ( GEOMETRIC_REPRESENTATION_CONTEXT(2) 
PARAMETRIC_REPRESENTATION_CONTEXT() REPRESENTATION_CONTEXT('2D SPACE',''
  ) );
#4474 = PCURVE('',#4389,#4475);
#4475 = DEFINITIONAL_REPRESENTATION('',(#4476),#4480);
#4476 = LINE('',#4477,#4478);
#4477 = CARTESIAN_POINT('',(0.,0.));
#4478 = VECTOR('',#4479,1.);
#4479 = DIRECTION('',(-1.,0.));
#4480 = ( GEOMETRIC_REPRESENTATION_CONTEXT(2) 
PARAMETRIC_REPRESENTATION_CONTEXT() REPRESENTATION_CONTEXT('2D SPACE',''
  ) );
#4481 = ORIENTED_EDGE('',*,*,#4482,.T.);
#4482 = EDGE_CURVE('',#4459,#4483,#4485,.T.);
#4483 = VERTEX_POINT('',#4484);
#4484 = CARTESIAN_POINT('',(-17.08217921803,-1.212460387827,0.));
#4485 = SURFACE_CURVE('',#4486,(#4505,#4527),.PCURVE_S1.);
#4486 = B_SPLINE_CURVE_WITH_KNOTS('',3,(#4487,#4488,#4489,#4490,#4491,
    #4492,#4493,#4494,#4495,#4496,#4497,#4498,#4499,#4500,#4501,#4502,
    #4503,#4504),.UNSPECIFIED.,.F.,.F.,(4,1,1,1,1,1,1,1,1,1,1,1,1,1,1,4)
  ,(0.,0.285797000255,0.55469417333,0.806691519253,1.04178903806,
    1.259986729795,1.461284594512,1.645682632279,1.813180843187,
    1.963779227357,2.097477784955,2.214276516218,2.314175421508,
    2.397174501402,2.463273756923,2.512473190149),.UNSPECIFIED.);
#4487 = CARTESIAN_POINT('',(-19.46421989499,-0.474387899456,0.));
#4488 = CARTESIAN_POINT('',(-19.37957435221,-0.51809724461,0.));
#4489 = CARTESIAN_POINT('',(-19.21398978456,-0.600455124589,0.));
#4490 = CARTESIAN_POINT('',(-18.9695375604,-0.712577027292,0.));
#4491 = CARTESIAN_POINT('',(-18.73725975848,-0.810407939214,0.));
#4492 = CARTESIAN_POINT('',(-18.51779901744,-0.89482341944,0.));
#4493 = CARTESIAN_POINT('',(-18.31175357498,-0.96673446643,0.));
#4494 = CARTESIAN_POINT('',(-18.11967714506,-1.027073611402,0.));
#4495 = CARTESIAN_POINT('',(-17.94207782108,-1.076795880806,0.));
#4496 = CARTESIAN_POINT('',(-17.77941730106,-1.116876239908,0.));
#4497 = CARTESIAN_POINT('',(-17.6321101575,-1.148307478263,0.));
#4498 = CARTESIAN_POINT('',(-17.50052311178,-1.172099109768,0.));
#4499 = CARTESIAN_POINT('',(-17.38497466305,-1.189272385842,0.));
#4500 = CARTESIAN_POINT('',(-17.28573394917,-1.200867210109,0.));
#4501 = CARTESIAN_POINT('',(-17.20302221147,-1.207913582912,0.));
#4502 = CARTESIAN_POINT('',(-17.13700716879,-1.211503818674,0.));
#4503 = CARTESIAN_POINT('',(-17.0985813295,-1.212355132637,0.));
#4504 = CARTESIAN_POINT('',(-17.08217921803,-1.212460387827,0.));
#4505 = PCURVE('',#4222,#4506);
#4506 = DEFINITIONAL_REPRESENTATION('',(#4507),#4526);
#4507 = B_SPLINE_CURVE_WITH_KNOTS('',3,(#4508,#4509,#4510,#4511,#4512,
    #4513,#4514,#4515,#4516,#4517,#4518,#4519,#4520,#4521,#4522,#4523,
    #4524,#4525),.UNSPECIFIED.,.F.,.F.,(4,1,1,1,1,1,1,1,1,1,1,1,1,1,1,4)
  ,(0.,0.285797000255,0.55469417333,0.806691519253,1.04178903806,
    1.259986729795,1.461284594512,1.645682632279,1.813180843187,
    1.963779227357,2.097477784955,2.214276516218,2.314175421508,
    2.397174501402,2.463273756923,2.512473190149),.UNSPECIFIED.);
#4508 = CARTESIAN_POINT('',(-19.46421989499,-0.474387899456));
#4509 = CARTESIAN_POINT('',(-19.37957435221,-0.51809724461));
#4510 = CARTESIAN_POINT('',(-19.21398978456,-0.600455124589));
#4511 = CARTESIAN_POINT('',(-18.9695375604,-0.712577027292));
#4512 = CARTESIAN_POINT('',(-18.73725975848,-0.810407939214));
#4513 = CARTESIAN_POINT('',(-18.51779901744,-0.89482341944));
#4514 = CARTESIAN_POINT('',(-18.31175357498,-0.96673446643));
#4515 = CARTESIAN_POINT('',(-18.11967714506,-1.027073611402));
#4516 = CARTESIAN_POINT('',(-17.94207782108,-1.076795880806));
#4517 = CARTESIAN_POINT('',(-17.77941730106,-1.116876239908));
#4518 = CARTESIAN_POINT('',(-17.6321101575,-1.148307478263));
#4519 = CARTESIAN_POINT('',(-17.50052311178,-1.172099109768));
#4520 = CARTESIAN_POINT('',(-17.38497466305,-1.189272385842));
#4521 = CARTESIAN_POINT('',(-17.28573394917,-1.200867210109));
#4522 = CARTESIAN_POINT('',(-17.20302221147,-1.207913582912));
#4523 = CARTESIAN_POINT('',(-17.13700716879,-1.211503818674));
#4524 = CARTESIAN_POINT('',(-17.0985813295,-1.212355132637));
#4525 = CARTESIAN_POINT('',(-17.08217921803,-1.212460387827));
#4526 = ( GEOMETRIC_REPRESENTATION_CONTEXT(2) 
PARAMETRIC_REPRESENTATION_CONTEXT() REPRESENTATION_CONTEXT('2D SPACE',''
  ) );
#4527 = PCURVE('',#4528,#4550);
#4528 = SURFACE_OF_LINEAR_EXTRUSION('',#4529,#4548);
#4529 = B_SPLINE_CURVE_WITH_KNOTS('',3,(#4530,#4531,#4532,#4533,#4534,
    #4535,#4536,#4537,#4538,#4539,#4540,#4541,#4542,#4543,#4544,#4545,
    #4546,#4547),.UNSPECIFIED.,.F.,.F.,(4,1,1,1,1,1,1,1,1,1,1,1,1,1,1,4)
  ,(0.,0.285797000255,0.55469417333,0.806691519253,1.04178903806,
    1.259986729795,1.461284594512,1.645682632279,1.813180843187,
    1.963779227357,2.097477784955,2.214276516218,2.314175421508,
    2.397174501402,2.463273756923,2.512473190149),.UNSPECIFIED.);
#4530 = CARTESIAN_POINT('',(-19.46421989499,-0.474387899456,0.));
#4531 = CARTESIAN_POINT('',(-19.37957435221,-0.51809724461,0.));
#4532 = CARTESIAN_POINT('',(-19.21398978456,-0.600455124589,0.));
#4533 = CARTESIAN_POINT('',(-18.9695375604,-0.712577027292,0.));
#4534 = CARTESIAN_POINT('',(-18.73725975848,-0.810407939214,0.));
#4535 = CARTESIAN_POINT('',(-18.51779901744,-0.89482341944,0.));
#4536 = CARTESIAN_POINT('',(-18.31175357498,-0.96673446643,0.));
#4537 = CARTESIAN_POINT('',(-18.11967714506,-1.027073611402,0.));
#4538 = CARTESIAN_POINT('',(-17.94207782108,-1.076795880806,0.));
#4539 = CARTESIAN_POINT('',(-17.77941730106,-1.116876239908,0.));
#4540 = CARTESIAN_POINT('',(-17.6321101575,-1.148307478263,0.));
#4541 = CARTESIAN_POINT('',(-17.50052311178,-1.172099109768,0.));
#4542 = CARTESIAN_POINT('',(-17.38497466305,-1.189272385842,0.));
#4543 = CARTESIAN_POINT('',(-17.28573394917,-1.200867210109,0.));
#4544 = CARTESIAN_POINT('',(-17.20302221147,-1.207913582912,0.));
#4545 = CARTESIAN_POINT('',(-17.13700716879,-1.211503818674,0.));
#4546 = CARTESIAN_POINT('',(-17.0985813295,-1.212355132637,0.));
#4547 = CARTESIAN_POINT('',(-17.08217921803,-1.212460387827,0.));
#4548 = VECTOR('',#4549,1.);
#4549 = DIRECTION('',(0.,0.,-1.));
#4550 = DEFINITIONAL_REPRESENTATION('',(#4551),#4555);
#4551 = LINE('',#4552,#4553);
#4552 = CARTESIAN_POINT('',(0.,0.));
#4553 = VECTOR('',#4554,1.);
#4554 = DIRECTION('',(1.,0.));
#4555 = ( GEOMETRIC_REPRESENTATION_CONTEXT(2) 
PARAMETRIC_REPRESENTATION_CONTEXT() REPRESENTATION_CONTEXT('2D SPACE',''
  ) );
#4556 = ORIENTED_EDGE('',*,*,#4557,.T.);
#4557 = EDGE_CURVE('',#4483,#4558,#4560,.T.);
#4558 = VERTEX_POINT('',#4559);
#4559 = CARTESIAN_POINT('',(-16.58709853005,-1.662587489486,0.));
#4560 = SURFACE_CURVE('',#4561,(#4566,#4577),.PCURVE_S1.);
#4561 = CIRCLE('',#4562,0.500000000072);
#4562 = AXIS2_PLACEMENT_3D('',#4563,#4564,#4565);
#4563 = CARTESIAN_POINT('',(-17.08460559661,-1.712454500551,0.));
#4564 = DIRECTION('',(0.,0.,-1.));
#4565 = DIRECTION('',(4.852757152684E-03,0.999988225305,0.));
#4566 = PCURVE('',#4222,#4567);
#4567 = DEFINITIONAL_REPRESENTATION('',(#4568),#4576);
#4568 = ( BOUNDED_CURVE() B_SPLINE_CURVE(2,(#4569,#4570,#4571,#4572,
#4573,#4574,#4575),.UNSPECIFIED.,.T.,.F.) B_SPLINE_CURVE_WITH_KNOTS((1,2
    ,2,2,2,1),(-2.094395102393,0.,2.094395102393,4.188790204786,
6.28318530718,8.377580409573),.UNSPECIFIED.) CURVE() 
GEOMETRIC_REPRESENTATION_ITEM() RATIONAL_B_SPLINE_CURVE((1.,0.5,1.,0.5,
1.,0.5,1.)) REPRESENTATION_ITEM('') );
#4569 = CARTESIAN_POINT('',(-17.08217921803,-1.212460387827));
#4570 = CARTESIAN_POINT('',(-16.21616401131,-1.216662998801));
#4571 = CARTESIAN_POINT('',(-16.65281118253,-1.9645528624));
#4572 = CARTESIAN_POINT('',(-17.08945835376,-2.712442725999));
#4573 = CARTESIAN_POINT('',(-17.51882638926,-1.960350251427));
#4574 = CARTESIAN_POINT('',(-17.94819442475,-1.208257776854));
#4575 = CARTESIAN_POINT('',(-17.08217921803,-1.212460387827));
#4576 = ( GEOMETRIC_REPRESENTATION_CONTEXT(2) 
PARAMETRIC_REPRESENTATION_CONTEXT() REPRESENTATION_CONTEXT('2D SPACE',''
  ) );
#4577 = PCURVE('',#4578,#4583);
#4578 = CYLINDRICAL_SURFACE('',#4579,0.500000000072);
#4579 = AXIS2_PLACEMENT_3D('',#4580,#4581,#4582);
#4580 = CARTESIAN_POINT('',(-17.08460559661,-1.712454500551,0.));
#4581 = DIRECTION('',(0.,0.,-1.));
#4582 = DIRECTION('',(4.852757152684E-03,0.999988225305,0.));
#4583 = DEFINITIONAL_REPRESENTATION('',(#4584),#4588);
#4584 = LINE('',#4585,#4586);
#4585 = CARTESIAN_POINT('',(0.,0.));
#4586 = VECTOR('',#4587,1.);
#4587 = DIRECTION('',(1.,0.));
#4588 = ( GEOMETRIC_REPRESENTATION_CONTEXT(2) 
PARAMETRIC_REPRESENTATION_CONTEXT() REPRESENTATION_CONTEXT('2D SPACE',''
  ) );
#4589 = ORIENTED_EDGE('',*,*,#4590,.T.);
#4590 = EDGE_CURVE('',#4558,#4591,#4593,.T.);
#4591 = VERTEX_POINT('',#4592);
#4592 = CARTESIAN_POINT('',(-16.54118586,-2.070073706588,0.));
#4593 = SURFACE_CURVE('',#4594,(#4599,#4606),.PCURVE_S1.);
#4594 = CIRCLE('',#4595,16.670213999987);
#4595 = AXIS2_PLACEMENT_3D('',#4596,#4597,#4598);
#4596 = CARTESIAN_POINT('',(-1.268496419016E-11,-1.404210081546E-12,0.)
  );
#4597 = DIRECTION('',(0.,0.,1.));
#4598 = DIRECTION('',(-0.995014132995,-9.973402197993E-02,0.));
#4599 = PCURVE('',#4222,#4600);
#4600 = DEFINITIONAL_REPRESENTATION('',(#4601),#4605);
#4601 = CIRCLE('',#4602,16.670213999987);
#4602 = AXIS2_PLACEMENT_2D('',#4603,#4604);
#4603 = CARTESIAN_POINT('',(-1.267853448775E-11,-1.413110191902E-12));
#4604 = DIRECTION('',(-0.995014132995,-9.973402197993E-02));
#4605 = ( GEOMETRIC_REPRESENTATION_CONTEXT(2) 
PARAMETRIC_REPRESENTATION_CONTEXT() REPRESENTATION_CONTEXT('2D SPACE',''
  ) );
#4606 = PCURVE('',#4607,#4612);
#4607 = CYLINDRICAL_SURFACE('',#4608,16.670213999987);
#4608 = AXIS2_PLACEMENT_3D('',#4609,#4610,#4611);
#4609 = CARTESIAN_POINT('',(-1.268496419016E-11,-1.404210081546E-12,0.)
  );
#4610 = DIRECTION('',(0.,0.,-1.));
#4611 = DIRECTION('',(-0.995014132995,-9.973402197993E-02,0.));
#4612 = DEFINITIONAL_REPRESENTATION('',(#4613),#4617);
#4613 = LINE('',#4614,#4615);
#4614 = CARTESIAN_POINT('',(0.,0.));
#4615 = VECTOR('',#4616,1.);
#4616 = DIRECTION('',(-1.,0.));
#4617 = ( GEOMETRIC_REPRESENTATION_CONTEXT(2) 
PARAMETRIC_REPRESENTATION_CONTEXT() REPRESENTATION_CONTEXT('2D SPACE',''
  ) );
#4618 = ORIENTED_EDGE('',*,*,#4619,.T.);
#4619 = EDGE_CURVE('',#4591,#4620,#4622,.T.);
#4620 = VERTEX_POINT('',#4621);
#4621 = CARTESIAN_POINT('',(-16.92369113844,-2.619080999099,0.));
#4622 = SURFACE_CURVE('',#4623,(#4628,#4639),.PCURVE_S1.);
#4623 = CIRCLE('',#4624,0.500000000072);
#4624 = AXIS2_PLACEMENT_3D('',#4625,#4626,#4627);
#4625 = CARTESIAN_POINT('',(-17.03731583957,-2.132162702704,0.));
#4626 = DIRECTION('',(0.,0.,-1.));
#4627 = DIRECTION('',(0.992259959007,0.124177992216,0.));
#4628 = PCURVE('',#4222,#4629);
#4629 = DEFINITIONAL_REPRESENTATION('',(#4630),#4638);
#4630 = ( BOUNDED_CURVE() B_SPLINE_CURVE(2,(#4631,#4632,#4633,#4634,
#4635,#4636,#4637),.UNSPECIFIED.,.T.,.F.) B_SPLINE_CURVE_WITH_KNOTS((1,2
    ,2,2,2,1),(-2.094395102393,0.,2.094395102393,4.188790204786,
6.28318530718,8.377580409573),.UNSPECIFIED.) CURVE() 
GEOMETRIC_REPRESENTATION_ITEM() RATIONAL_B_SPLINE_CURVE((1.,0.5,1.,0.5,
1.,0.5,1.)) REPRESENTATION_ITEM('') );
#4631 = CARTESIAN_POINT('',(-16.54118586,-2.070073706588));
#4632 = CARTESIAN_POINT('',(-16.43364456413,-2.929396038369));
#4633 = CARTESIAN_POINT('',(-17.23161018143,-2.592868366654));
#4634 = CARTESIAN_POINT('',(-18.02957579872,-2.256340694938));
#4635 = CARTESIAN_POINT('',(-17.33915147729,-1.733546034872));
#4636 = CARTESIAN_POINT('',(-16.64872715586,-1.210751374806));
#4637 = CARTESIAN_POINT('',(-16.54118586,-2.070073706588));
#4638 = ( GEOMETRIC_REPRESENTATION_CONTEXT(2) 
PARAMETRIC_REPRESENTATION_CONTEXT() REPRESENTATION_CONTEXT('2D SPACE',''
  ) );
#4639 = PCURVE('',#4640,#4645);
#4640 = CYLINDRICAL_SURFACE('',#4641,0.500000000072);
#4641 = AXIS2_PLACEMENT_3D('',#4642,#4643,#4644);
#4642 = CARTESIAN_POINT('',(-17.03731583957,-2.132162702704,0.));
#4643 = DIRECTION('',(0.,0.,-1.));
#4644 = DIRECTION('',(0.992259959007,0.124177992216,0.));
#4645 = DEFINITIONAL_REPRESENTATION('',(#4646),#4650);
#4646 = LINE('',#4647,#4648);
#4647 = CARTESIAN_POINT('',(0.,0.));
#4648 = VECTOR('',#4649,1.);
#4649 = DIRECTION('',(1.,0.));
#4650 = ( GEOMETRIC_REPRESENTATION_CONTEXT(2) 
PARAMETRIC_REPRESENTATION_CONTEXT() REPRESENTATION_CONTEXT('2D SPACE',''
  ) );
#4651 = ORIENTED_EDGE('',*,*,#4652,.T.);
#4652 = EDGE_CURVE('',#4620,#4653,#4655,.T.);
#4653 = VERTEX_POINT('',#4654);
#4654 = CARTESIAN_POINT('',(-19.08177250292,-3.868702385385,0.));
#4655 = SURFACE_CURVE('',#4656,(#4675,#4697),.PCURVE_S1.);
#4656 = B_SPLINE_CURVE_WITH_KNOTS('',3,(#4657,#4658,#4659,#4660,#4661,
    #4662,#4663,#4664,#4665,#4666,#4667,#4668,#4669,#4670,#4671,#4672,
    #4673,#4674),.UNSPECIFIED.,.F.,.F.,(4,1,1,1,1,1,1,1,1,1,1,1,1,1,1,4)
  ,(0.,4.919943322603E-02,0.115298688747,0.198297768641,0.298196673931,
    0.414995405195,0.548693962792,0.699292346962,0.86679055787,
    1.051188595638,1.252486460354,1.470684152089,1.705781670896,
    1.95777901682,2.226676189894,2.512473190149),.UNSPECIFIED.);
#4657 = CARTESIAN_POINT('',(-16.92369113844,-2.619080999099,0.));
#4658 = CARTESIAN_POINT('',(-16.93965859324,-2.622833428484,0.));
#4659 = CARTESIAN_POINT('',(-16.97693158133,-2.632213951875,0.));
#4660 = CARTESIAN_POINT('',(-17.04049258645,-2.650403901884,0.));
#4661 = CARTESIAN_POINT('',(-17.11956260274,-2.675678700531,0.));
#4662 = CARTESIAN_POINT('',(-17.21373505361,-2.709065954686,0.));
#4663 = CARTESIAN_POINT('',(-17.32256504805,-2.751520609601,0.));
#4664 = CARTESIAN_POINT('',(-17.44555879575,-2.803996607543,0.));
#4665 = CARTESIAN_POINT('',(-17.58217853315,-2.867418722294,0.));
#4666 = CARTESIAN_POINT('',(-17.73184209539,-2.942689553945,0.));
#4667 = CARTESIAN_POINT('',(-17.89392438769,-3.030684749685,0.));
#4668 = CARTESIAN_POINT('',(-18.0677583376,-3.132252092892,0.));
#4669 = CARTESIAN_POINT('',(-18.2526360773,-3.248209604091,0.));
#4670 = CARTESIAN_POINT('',(-18.44781026786,-3.379343221047,0.));
#4671 = CARTESIAN_POINT('',(-18.65249495444,-3.526407981174,0.));
#4672 = CARTESIAN_POINT('',(-18.86586878047,-3.690114490914,0.));
#4673 = CARTESIAN_POINT('',(-19.00897544492,-3.807253519536,0.));
#4674 = CARTESIAN_POINT('',(-19.08177250292,-3.868702385385,0.));
#4675 = PCURVE('',#4222,#4676);
#4676 = DEFINITIONAL_REPRESENTATION('',(#4677),#4696);
#4677 = B_SPLINE_CURVE_WITH_KNOTS('',3,(#4678,#4679,#4680,#4681,#4682,
    #4683,#4684,#4685,#4686,#4687,#4688,#4689,#4690,#4691,#4692,#4693,
    #4694,#4695),.UNSPECIFIED.,.F.,.F.,(4,1,1,1,1,1,1,1,1,1,1,1,1,1,1,4)
  ,(0.,4.919943322603E-02,0.115298688747,0.198297768641,0.298196673931,
    0.414995405195,0.548693962792,0.699292346962,0.86679055787,
    1.051188595638,1.252486460354,1.470684152089,1.705781670896,
    1.95777901682,2.226676189894,2.512473190149),.UNSPECIFIED.);
#4678 = CARTESIAN_POINT('',(-16.92369113844,-2.619080999099));
#4679 = CARTESIAN_POINT('',(-16.93965859324,-2.622833428484));
#4680 = CARTESIAN_POINT('',(-16.97693158133,-2.632213951875));
#4681 = CARTESIAN_POINT('',(-17.04049258645,-2.650403901884));
#4682 = CARTESIAN_POINT('',(-17.11956260274,-2.675678700531));
#4683 = CARTESIAN_POINT('',(-17.21373505361,-2.709065954686));
#4684 = CARTESIAN_POINT('',(-17.32256504805,-2.751520609601));
#4685 = CARTESIAN_POINT('',(-17.44555879575,-2.803996607543));
#4686 = CARTESIAN_POINT('',(-17.58217853315,-2.867418722294));
#4687 = CARTESIAN_POINT('',(-17.73184209539,-2.942689553945));
#4688 = CARTESIAN_POINT('',(-17.89392438769,-3.030684749685));
#4689 = CARTESIAN_POINT('',(-18.0677583376,-3.132252092892));
#4690 = CARTESIAN_POINT('',(-18.2526360773,-3.248209604091));
#4691 = CARTESIAN_POINT('',(-18.44781026786,-3.379343221047));
#4692 = CARTESIAN_POINT('',(-18.65249495444,-3.526407981174));
#4693 = CARTESIAN_POINT('',(-18.86586878047,-3.690114490914));
#4694 = CARTESIAN_POINT('',(-19.00897544492,-3.807253519536));
#4695 = CARTESIAN_POINT('',(-19.08177250292,-3.868702385385));
#4696 = ( GEOMETRIC_REPRESENTATION_CONTEXT(2) 
PARAMETRIC_REPRESENTATION_CONTEXT() REPRESENTATION_CONTEXT('2D SPACE',''
  ) );
#4697 = PCURVE('',#4698,#4720);
#4698 = SURFACE_OF_LINEAR_EXTRUSION('',#4699,#4718);
#4699 = B_SPLINE_CURVE_WITH_KNOTS('',3,(#4700,#4701,#4702,#4703,#4704,
    #4705,#4706,#4707,#4708,#4709,#4710,#4711,#4712,#4713,#4714,#4715,
    #4716,#4717),.UNSPECIFIED.,.F.,.F.,(4,1,1,1,1,1,1,1,1,1,1,1,1,1,1,4)
  ,(0.,4.919943322603E-02,0.115298688747,0.198297768641,0.298196673931,
    0.414995405195,0.548693962792,0.699292346962,0.86679055787,
    1.051188595638,1.252486460354,1.470684152089,1.705781670896,
    1.95777901682,2.226676189894,2.512473190149),.UNSPECIFIED.);
#4700 = CARTESIAN_POINT('',(-16.92369113844,-2.619080999099,0.));
#4701 = CARTESIAN_POINT('',(-16.93965859324,-2.622833428484,0.));
#4702 = CARTESIAN_POINT('',(-16.97693158133,-2.632213951875,0.));
#4703 = CARTESIAN_POINT('',(-17.04049258645,-2.650403901884,0.));
#4704 = CARTESIAN_POINT('',(-17.11956260274,-2.675678700531,0.));
#4705 = CARTESIAN_POINT('',(-17.21373505361,-2.709065954686,0.));
#4706 = CARTESIAN_POINT('',(-17.32256504805,-2.751520609601,0.));
#4707 = CARTESIAN_POINT('',(-17.44555879575,-2.803996607543,0.));
#4708 = CARTESIAN_POINT('',(-17.58217853315,-2.867418722294,0.));
#4709 = CARTESIAN_POINT('',(-17.73184209539,-2.942689553945,0.));
#4710 = CARTESIAN_POINT('',(-17.89392438769,-3.030684749685,0.));
#4711 = CARTESIAN_POINT('',(-18.0677583376,-3.132252092892,0.));
#4712 = CARTESIAN_POINT('',(-18.2526360773,-3.248209604091,0.));
#4713 = CARTESIAN_POINT('',(-18.44781026786,-3.379343221047,0.));
#4714 = CARTESIAN_POINT('',(-18.65249495444,-3.526407981174,0.));
#4715 = CARTESIAN_POINT('',(-18.86586878047,-3.690114490914,0.));
#4716 = CARTESIAN_POINT('',(-19.00897544492,-3.807253519536,0.));
#4717 = CARTESIAN_POINT('',(-19.08177250292,-3.868702385385,0.));
#4718 = VECTOR('',#4719,1.);
#4719 = DIRECTION('',(0.,0.,-1.));
#4720 = DEFINITIONAL_REPRESENTATION('',(#4721),#4725);
#4721 = LINE('',#4722,#4723);
#4722 = CARTESIAN_POINT('',(0.,0.));
#4723 = VECTOR('',#4724,1.);
#4724 = DIRECTION('',(1.,0.));
#4725 = ( GEOMETRIC_REPRESENTATION_CONTEXT(2) 
PARAMETRIC_REPRESENTATION_CONTEXT() REPRESENTATION_CONTEXT('2D SPACE',''
  ) );
#4726 = ORIENTED_EDGE('',*,*,#4727,.T.);
#4727 = EDGE_CURVE('',#4653,#4728,#4730,.T.);
#4728 = VERTEX_POINT('',#4729);
#4729 = CARTESIAN_POINT('',(-18.87065002603,-4.793690394147,0.));
#4730 = SURFACE_CURVE('',#4731,(#4736,#4743),.PCURVE_S1.);
#4731 = CIRCLE('',#4732,19.470000000005);
#4732 = AXIS2_PLACEMENT_3D('',#4733,#4734,#4735);
#4733 = CARTESIAN_POINT('',(5.055511564933E-12,1.152855588771E-12,0.));
#4734 = DIRECTION('',(0.,0.,1.));
#4735 = DIRECTION('',(-0.980060221003,-0.198700687488,0.));
#4736 = PCURVE('',#4222,#4737);
#4737 = DEFINITIONAL_REPRESENTATION('',(#4738),#4742);
#4738 = CIRCLE('',#4739,19.470000000005);
#4739 = AXIS2_PLACEMENT_2D('',#4740,#4741);
#4740 = CARTESIAN_POINT('',(5.061941267338E-12,1.143955478415E-12));
#4741 = DIRECTION('',(-0.980060221003,-0.198700687488));
#4742 = ( GEOMETRIC_REPRESENTATION_CONTEXT(2) 
PARAMETRIC_REPRESENTATION_CONTEXT() REPRESENTATION_CONTEXT('2D SPACE',''
  ) );
#4743 = PCURVE('',#4744,#4749);
#4744 = CYLINDRICAL_SURFACE('',#4745,19.470000000005);
#4745 = AXIS2_PLACEMENT_3D('',#4746,#4747,#4748);
#4746 = CARTESIAN_POINT('',(5.055511564933E-12,1.152855588771E-12,0.));
#4747 = DIRECTION('',(0.,0.,-1.));
#4748 = DIRECTION('',(-0.980060221003,-0.198700687488,0.));
#4749 = DEFINITIONAL_REPRESENTATION('',(#4750),#4754);
#4750 = LINE('',#4751,#4752);
#4751 = CARTESIAN_POINT('',(0.,0.));
#4752 = VECTOR('',#4753,1.);
#4753 = DIRECTION('',(-1.,0.));
#4754 = ( GEOMETRIC_REPRESENTATION_CONTEXT(2) 
PARAMETRIC_REPRESENTATION_CONTEXT() REPRESENTATION_CONTEXT('2D SPACE',''
  ) );
#4755 = ORIENTED_EDGE('',*,*,#4756,.T.);
#4756 = EDGE_CURVE('',#4728,#4757,#4759,.T.);
#4757 = VERTEX_POINT('',#4758);
#4758 = CARTESIAN_POINT('',(-16.38409550267,-4.983203948114,0.));
#4759 = SURFACE_CURVE('',#4760,(#4779,#4801),.PCURVE_S1.);
#4760 = B_SPLINE_CURVE_WITH_KNOTS('',3,(#4761,#4762,#4763,#4764,#4765,
    #4766,#4767,#4768,#4769,#4770,#4771,#4772,#4773,#4774,#4775,#4776,
    #4777,#4778),.UNSPECIFIED.,.F.,.F.,(4,1,1,1,1,1,1,1,1,1,1,1,1,1,1,4)
  ,(0.,0.285797000255,0.55469417333,0.806691519253,1.04178903806,
    1.259986729795,1.461284594512,1.645682632279,1.813180843187,
    1.963779227357,2.097477784955,2.214276516218,2.314175421508,
    2.397174501402,2.463273756923,2.512473190149),.UNSPECIFIED.);
#4761 = CARTESIAN_POINT('',(-18.87065002603,-4.793690394147,0.));
#4762 = CARTESIAN_POINT('',(-18.77840047942,-4.817468449526,0.));
#4763 = CARTESIAN_POINT('',(-18.59864111022,-4.860915412863,0.));
#4764 = CARTESIAN_POINT('',(-18.33536834319,-4.915830448147,0.));
#4765 = CARTESIAN_POINT('',(-18.08714480482,-4.959521861433,0.));
#4766 = CARTESIAN_POINT('',(-17.85440219126,-4.992986260264,0.));
#4767 = CARTESIAN_POINT('',(-17.63752102488,-5.017244922874,0.));
#4768 = CARTESIAN_POINT('',(-17.43683362919,-5.033330212927,0.));
#4769 = CARTESIAN_POINT('',(-17.25262284524,-5.042286273786,0.));
#4770 = CARTESIAN_POINT('',(-17.08512184512,-5.045166363772,0.));
#4771 = CARTESIAN_POINT('',(-16.93451389068,-5.043030632195,0.));
#4772 = CARTESIAN_POINT('',(-16.80093187086,-5.036944885514,0.));
#4773 = CARTESIAN_POINT('',(-16.68445904956,-5.027975642974,0.));
#4774 = CARTESIAN_POINT('',(-16.58512641644,-5.017196624449,0.));
#4775 = CARTESIAN_POINT('',(-16.50292046924,-5.005661236853,0.));
#4776 = CARTESIAN_POINT('',(-16.43776165889,-4.994471728956,0.));
#4777 = CARTESIAN_POINT('',(-16.40010980044,-4.986751145054,0.));
#4778 = CARTESIAN_POINT('',(-16.38409550267,-4.983203948114,0.));
#4779 = PCURVE('',#4222,#4780);
#4780 = DEFINITIONAL_REPRESENTATION('',(#4781),#4800);
#4781 = B_SPLINE_CURVE_WITH_KNOTS('',3,(#4782,#4783,#4784,#4785,#4786,
    #4787,#4788,#4789,#4790,#4791,#4792,#4793,#4794,#4795,#4796,#4797,
    #4798,#4799),.UNSPECIFIED.,.F.,.F.,(4,1,1,1,1,1,1,1,1,1,1,1,1,1,1,4)
  ,(0.,0.285797000255,0.55469417333,0.806691519253,1.04178903806,
    1.259986729795,1.461284594512,1.645682632279,1.813180843187,
    1.963779227357,2.097477784955,2.214276516218,2.314175421508,
    2.397174501402,2.463273756923,2.512473190149),.UNSPECIFIED.);
#4782 = CARTESIAN_POINT('',(-18.87065002603,-4.793690394147));
#4783 = CARTESIAN_POINT('',(-18.77840047942,-4.817468449526));
#4784 = CARTESIAN_POINT('',(-18.59864111022,-4.860915412863));
#4785 = CARTESIAN_POINT('',(-18.33536834319,-4.915830448147));
#4786 = CARTESIAN_POINT('',(-18.08714480482,-4.959521861433));
#4787 = CARTESIAN_POINT('',(-17.85440219126,-4.992986260264));
#4788 = CARTESIAN_POINT('',(-17.63752102488,-5.017244922874));
#4789 = CARTESIAN_POINT('',(-17.43683362919,-5.033330212927));
#4790 = CARTESIAN_POINT('',(-17.25262284524,-5.042286273786));
#4791 = CARTESIAN_POINT('',(-17.08512184512,-5.045166363772));
#4792 = CARTESIAN_POINT('',(-16.93451389068,-5.043030632195));
#4793 = CARTESIAN_POINT('',(-16.80093187086,-5.036944885514));
#4794 = CARTESIAN_POINT('',(-16.68445904956,-5.027975642974));
#4795 = CARTESIAN_POINT('',(-16.58512641644,-5.017196624449));
#4796 = CARTESIAN_POINT('',(-16.50292046924,-5.005661236853));
#4797 = CARTESIAN_POINT('',(-16.43776165889,-4.994471728956));
#4798 = CARTESIAN_POINT('',(-16.40010980044,-4.986751145054));
#4799 = CARTESIAN_POINT('',(-16.38409550267,-4.983203948114));
#4800 = ( GEOMETRIC_REPRESENTATION_CONTEXT(2) 
PARAMETRIC_REPRESENTATION_CONTEXT() REPRESENTATION_CONTEXT('2D SPACE',''
  ) );
#4801 = PCURVE('',#4802,#4824);
#4802 = SURFACE_OF_LINEAR_EXTRUSION('',#4803,#4822);
#4803 = B_SPLINE_CURVE_WITH_KNOTS('',3,(#4804,#4805,#4806,#4807,#4808,
    #4809,#4810,#4811,#4812,#4813,#4814,#4815,#4816,#4817,#4818,#4819,
    #4820,#4821),.UNSPECIFIED.,.F.,.F.,(4,1,1,1,1,1,1,1,1,1,1,1,1,1,1,4)
  ,(0.,0.285797000255,0.55469417333,0.806691519253,1.04178903806,
    1.259986729795,1.461284594512,1.645682632279,1.813180843187,
    1.963779227357,2.097477784955,2.214276516218,2.314175421508,
    2.397174501402,2.463273756923,2.512473190149),.UNSPECIFIED.);
#4804 = CARTESIAN_POINT('',(-18.87065002603,-4.793690394147,0.));
#4805 = CARTESIAN_POINT('',(-18.77840047942,-4.817468449526,0.));
#4806 = CARTESIAN_POINT('',(-18.59864111022,-4.860915412863,0.));
#4807 = CARTESIAN_POINT('',(-18.33536834319,-4.915830448147,0.));
#4808 = CARTESIAN_POINT('',(-18.08714480482,-4.959521861433,0.));
#4809 = CARTESIAN_POINT('',(-17.85440219126,-4.992986260264,0.));
#4810 = CARTESIAN_POINT('',(-17.63752102488,-5.017244922874,0.));
#4811 = CARTESIAN_POINT('',(-17.43683362919,-5.033330212927,0.));
#4812 = CARTESIAN_POINT('',(-17.25262284524,-5.042286273786,0.));
#4813 = CARTESIAN_POINT('',(-17.08512184512,-5.045166363772,0.));
#4814 = CARTESIAN_POINT('',(-16.93451389068,-5.043030632195,0.));
#4815 = CARTESIAN_POINT('',(-16.80093187086,-5.036944885514,0.));
#4816 = CARTESIAN_POINT('',(-16.68445904956,-5.027975642974,0.));
#4817 = CARTESIAN_POINT('',(-16.58512641644,-5.017196624449,0.));
#4818 = CARTESIAN_POINT('',(-16.50292046924,-5.005661236853,0.));
#4819 = CARTESIAN_POINT('',(-16.43776165889,-4.994471728956,0.));
#4820 = CARTESIAN_POINT('',(-16.40010980044,-4.986751145054,0.));
#4821 = CARTESIAN_POINT('',(-16.38409550267,-4.983203948114,0.));
#4822 = VECTOR('',#4823,1.);
#4823 = DIRECTION('',(0.,0.,-1.));
#4824 = DEFINITIONAL_REPRESENTATION('',(#4825),#4829);
#4825 = LINE('',#4826,#4827);
#4826 = CARTESIAN_POINT('',(0.,0.));
#4827 = VECTOR('',#4828,1.);
#4828 = DIRECTION('',(1.,0.));
#4829 = ( GEOMETRIC_REPRESENTATION_CONTEXT(2) 
PARAMETRIC_REPRESENTATION_CONTEXT() REPRESENTATION_CONTEXT('2D SPACE',''
  ) );
#4830 = ORIENTED_EDGE('',*,*,#4831,.T.);
#4831 = EDGE_CURVE('',#4757,#4832,#4834,.T.);
#4832 = VERTEX_POINT('',#4833);
#4833 = CARTESIAN_POINT('',(-15.80126481811,-5.311879606477,0.));
#4834 = SURFACE_CURVE('',#4835,(#4840,#4851),.PCURVE_S1.);
#4835 = CIRCLE('',#4836,0.500000000072);
#4836 = AXIS2_PLACEMENT_3D('',#4837,#4838,#4839);
#4837 = CARTESIAN_POINT('',(-16.27520188993,-5.471202084562,0.));
#4838 = DIRECTION('',(0.,0.,-1.));
#4839 = DIRECTION('',(-0.217787225441,0.975996272757,0.));
#4840 = PCURVE('',#4222,#4841);
#4841 = DEFINITIONAL_REPRESENTATION('',(#4842),#4850);
#4842 = ( BOUNDED_CURVE() B_SPLINE_CURVE(2,(#4843,#4844,#4845,#4846,
#4847,#4848,#4849),.UNSPECIFIED.,.T.,.F.) B_SPLINE_CURVE_WITH_KNOTS((1,2
    ,2,2,2,1),(-2.094395102393,0.,2.094395102393,4.188790204786,
6.28318530718,8.377580409573),.UNSPECIFIED.) CURVE() 
GEOMETRIC_REPRESENTATION_ITEM() RATIONAL_B_SPLINE_CURVE((1.,0.5,1.,0.5,
1.,0.5,1.)) REPRESENTATION_ITEM('') );
#4843 = CARTESIAN_POINT('',(-16.38409550267,-4.983203948114));
#4844 = CARTESIAN_POINT('',(-15.53885793634,-4.794594678236));
#4845 = CARTESIAN_POINT('',(-15.7981363004,-5.620896517847));
#4846 = CARTESIAN_POINT('',(-16.05741466446,-6.447198357459));
#4847 = CARTESIAN_POINT('',(-16.64337386673,-5.809505787726));
#4848 = CARTESIAN_POINT('',(-17.22933306899,-5.171813217993));
#4849 = CARTESIAN_POINT('',(-16.38409550267,-4.983203948114));
#4850 = ( GEOMETRIC_REPRESENTATION_CONTEXT(2) 
PARAMETRIC_REPRESENTATION_CONTEXT() REPRESENTATION_CONTEXT('2D SPACE',''
  ) );
#4851 = PCURVE('',#4852,#4857);
#4852 = CYLINDRICAL_SURFACE('',#4853,0.500000000072);
#4853 = AXIS2_PLACEMENT_3D('',#4854,#4855,#4856);
#4854 = CARTESIAN_POINT('',(-16.27520188993,-5.471202084562,0.));
#4855 = DIRECTION('',(0.,0.,-1.));
#4856 = DIRECTION('',(-0.217787225441,0.975996272757,0.));
#4857 = DEFINITIONAL_REPRESENTATION('',(#4858),#4862);
#4858 = LINE('',#4859,#4860);
#4859 = CARTESIAN_POINT('',(0.,0.));
#4860 = VECTOR('',#4861,1.);
#4861 = DIRECTION('',(1.,0.));
#4862 = ( GEOMETRIC_REPRESENTATION_CONTEXT(2) 
PARAMETRIC_REPRESENTATION_CONTEXT() REPRESENTATION_CONTEXT('2D SPACE',''
  ) );
#4863 = ORIENTED_EDGE('',*,*,#4864,.T.);
#4864 = EDGE_CURVE('',#4832,#4865,#4867,.T.);
#4865 = VERTEX_POINT('',#4866);
#4866 = CARTESIAN_POINT('',(-15.66582906095,-5.698932763138,0.));
#4867 = SURFACE_CURVE('',#4868,(#4873,#4880),.PCURVE_S1.);
#4868 = CIRCLE('',#4869,16.670214000053);
#4869 = AXIS2_PLACEMENT_3D('',#4870,#4871,#4872);
#4870 = CARTESIAN_POINT('',(5.004086034432E-11,1.756106371431E-11,0.));
#4871 = DIRECTION('',(0.,0.,1.));
#4872 = DIRECTION('',(-0.947874143554,-0.318644955996,0.));
#4873 = PCURVE('',#4222,#4874);
#4874 = DEFINITIONAL_REPRESENTATION('',(#4875),#4879);
#4875 = CIRCLE('',#4876,16.670214000053);
#4876 = AXIS2_PLACEMENT_2D('',#4877,#4878);
#4877 = CARTESIAN_POINT('',(5.004729004673E-11,1.755216360395E-11));
#4878 = DIRECTION('',(-0.947874143554,-0.318644955996));
#4879 = ( GEOMETRIC_REPRESENTATION_CONTEXT(2) 
PARAMETRIC_REPRESENTATION_CONTEXT() REPRESENTATION_CONTEXT('2D SPACE',''
  ) );
#4880 = PCURVE('',#4881,#4886);
#4881 = CYLINDRICAL_SURFACE('',#4882,16.670214000053);
#4882 = AXIS2_PLACEMENT_3D('',#4883,#4884,#4885);
#4883 = CARTESIAN_POINT('',(5.004086034432E-11,1.756106371431E-11,0.));
#4884 = DIRECTION('',(0.,0.,-1.));
#4885 = DIRECTION('',(-0.947874143554,-0.318644955996,0.));
#4886 = DEFINITIONAL_REPRESENTATION('',(#4887),#4891);
#4887 = LINE('',#4888,#4889);
#4888 = CARTESIAN_POINT('',(0.,0.));
#4889 = VECTOR('',#4890,1.);
#4890 = DIRECTION('',(-1.,0.));
#4891 = ( GEOMETRIC_REPRESENTATION_CONTEXT(2) 
PARAMETRIC_REPRESENTATION_CONTEXT() REPRESENTATION_CONTEXT('2D SPACE',''
  ) );
#4892 = ORIENTED_EDGE('',*,*,#4893,.T.);
#4893 = EDGE_CURVE('',#4865,#4894,#4896,.T.);
#4894 = VERTEX_POINT('',#4895);
#4895 = CARTESIAN_POINT('',(-15.91657851798,-6.3192907284,0.));
#4896 = SURFACE_CURVE('',#4897,(#4902,#4913),.PCURVE_S1.);
#4897 = CIRCLE('',#4898,0.500000000072);
#4898 = AXIS2_PLACEMENT_3D('',#4899,#4900,#4901);
#4899 = CARTESIAN_POINT('',(-16.1357039247,-5.869864364911,0.));
#4900 = DIRECTION('',(0.,0.,-1.));
#4901 = DIRECTION('',(0.939749727372,0.341863203496,0.));
#4902 = PCURVE('',#4222,#4903);
#4903 = DEFINITIONAL_REPRESENTATION('',(#4904),#4912);
#4904 = ( BOUNDED_CURVE() B_SPLINE_CURVE(2,(#4905,#4906,#4907,#4908,
#4909,#4910,#4911),.UNSPECIFIED.,.T.,.F.) B_SPLINE_CURVE_WITH_KNOTS((1,2
    ,2,2,2,1),(-2.094395102393,0.,2.094395102393,4.188790204786,
6.28318530718,8.377580409573),.UNSPECIFIED.) CURVE() 
GEOMETRIC_REPRESENTATION_ITEM() RATIONAL_B_SPLINE_CURVE((1.,0.5,1.,0.5,
1.,0.5,1.)) REPRESENTATION_ITEM('') );
#4905 = CARTESIAN_POINT('',(-15.66582906095,-5.698932763138));
#4906 = CARTESIAN_POINT('',(-15.36976684206,-6.512779900359));
#4907 = CARTESIAN_POINT('',(-16.22261024713,-6.362253734407));
#4908 = CARTESIAN_POINT('',(-17.07545365221,-6.211727568455));
#4909 = CARTESIAN_POINT('',(-16.51867246602,-5.548406597187));
#4910 = CARTESIAN_POINT('',(-15.96189127984,-4.885085625918));
#4911 = CARTESIAN_POINT('',(-15.66582906095,-5.698932763138));
#4912 = ( GEOMETRIC_REPRESENTATION_CONTEXT(2) 
PARAMETRIC_REPRESENTATION_CONTEXT() REPRESENTATION_CONTEXT('2D SPACE',''
  ) );
#4913 = PCURVE('',#4914,#4919);
#4914 = CYLINDRICAL_SURFACE('',#4915,0.500000000072);
#4915 = AXIS2_PLACEMENT_3D('',#4916,#4917,#4918);
#4916 = CARTESIAN_POINT('',(-16.1357039247,-5.869864364911,0.));
#4917 = DIRECTION('',(0.,0.,-1.));
#4918 = DIRECTION('',(0.939749727372,0.341863203496,0.));
#4919 = DEFINITIONAL_REPRESENTATION('',(#4920),#4924);
#4920 = LINE('',#4921,#4922);
#4921 = CARTESIAN_POINT('',(0.,0.));
#4922 = VECTOR('',#4923,1.);
#4923 = DIRECTION('',(1.,0.));
#4924 = ( GEOMETRIC_REPRESENTATION_CONTEXT(2) 
PARAMETRIC_REPRESENTATION_CONTEXT() REPRESENTATION_CONTEXT('2D SPACE',''
  ) );
#4925 = ORIENTED_EDGE('',*,*,#4926,.T.);
#4926 = EDGE_CURVE('',#4894,#4927,#4929,.T.);
#4927 = VERTEX_POINT('',#4928);
#4928 = CARTESIAN_POINT('',(-17.742485359,-8.017799778329,0.));
#4929 = SURFACE_CURVE('',#4930,(#4949,#4971),.PCURVE_S1.);
#4930 = B_SPLINE_CURVE_WITH_KNOTS('',3,(#4931,#4932,#4933,#4934,#4935,
    #4936,#4937,#4938,#4939,#4940,#4941,#4942,#4943,#4944,#4945,#4946,
    #4947,#4948),.UNSPECIFIED.,.F.,.F.,(4,1,1,1,1,1,1,1,1,1,1,1,1,1,1,4)
  ,(0.,4.919943322603E-02,0.115298688747,0.198297768641,0.298196673931,
    0.414995405195,0.548693962792,0.699292346962,0.86679055787,
    1.051188595638,1.252486460354,1.470684152089,1.705781670896,
    1.95777901682,2.226676189894,2.512473190149),.UNSPECIFIED.);
#4931 = CARTESIAN_POINT('',(-15.91657851798,-6.3192907284,0.));
#4932 = CARTESIAN_POINT('',(-15.93131064126,-6.326502169503,0.));
#4933 = CARTESIAN_POINT('',(-15.9655617549,-6.343941523709,0.));
#4934 = CARTESIAN_POINT('',(-16.02348150825,-6.375819067917,0.));
#4935 = CARTESIAN_POINT('',(-16.09494490235,-6.418054908465,0.));
#4936 = CARTESIAN_POINT('',(-16.17932689028,-6.471560416171,0.));
#4937 = CARTESIAN_POINT('',(-16.27598124008,-6.537167596255,0.));
#4938 = CARTESIAN_POINT('',(-16.38421426966,-6.615696594977,0.));
#4939 = CARTESIAN_POINT('',(-16.50329591681,-6.707929336462,0.));
#4940 = CARTESIAN_POINT('',(-16.63245776531,-6.81461624686,0.));
#4941 = CARTESIAN_POINT('',(-16.770895543,-6.936471922385,0.));
#4942 = CARTESIAN_POINT('',(-16.91777025279,-7.074174453132,0.));
#4943 = CARTESIAN_POINT('',(-17.07220974786,-7.228363834731,0.));
#4944 = CARTESIAN_POINT('',(-17.23331053907,-7.399640001295,0.));
#4945 = CARTESIAN_POINT('',(-17.40013836544,-7.588564168466,0.));
#4946 = CARTESIAN_POINT('',(-17.57173433871,-7.795646357266,0.));
#4947 = CARTESIAN_POINT('',(-17.68518713426,-7.941692694506,0.));
#4948 = CARTESIAN_POINT('',(-17.742485359,-8.017799778329,0.));
#4949 = PCURVE('',#4222,#4950);
#4950 = DEFINITIONAL_REPRESENTATION('',(#4951),#4970);
#4951 = B_SPLINE_CURVE_WITH_KNOTS('',3,(#4952,#4953,#4954,#4955,#4956,
    #4957,#4958,#4959,#4960,#4961,#4962,#4963,#4964,#4965,#4966,#4967,
    #4968,#4969),.UNSPECIFIED.,.F.,.F.,(4,1,1,1,1,1,1,1,1,1,1,1,1,1,1,4)
  ,(0.,4.919943322603E-02,0.115298688747,0.198297768641,0.298196673931,
    0.414995405195,0.548693962792,0.699292346962,0.86679055787,
    1.051188595638,1.252486460354,1.470684152089,1.705781670896,
    1.95777901682,2.226676189894,2.512473190149),.UNSPECIFIED.);
#4952 = CARTESIAN_POINT('',(-15.91657851798,-6.3192907284));
#4953 = CARTESIAN_POINT('',(-15.93131064126,-6.326502169503));
#4954 = CARTESIAN_POINT('',(-15.9655617549,-6.343941523709));
#4955 = CARTESIAN_POINT('',(-16.02348150825,-6.375819067917));
#4956 = CARTESIAN_POINT('',(-16.09494490235,-6.418054908465));
#4957 = CARTESIAN_POINT('',(-16.17932689028,-6.471560416171));
#4958 = CARTESIAN_POINT('',(-16.27598124008,-6.537167596255));
#4959 = CARTESIAN_POINT('',(-16.38421426966,-6.615696594977));
#4960 = CARTESIAN_POINT('',(-16.50329591681,-6.707929336462));
#4961 = CARTESIAN_POINT('',(-16.63245776531,-6.81461624686));
#4962 = CARTESIAN_POINT('',(-16.770895543,-6.936471922385));
#4963 = CARTESIAN_POINT('',(-16.91777025279,-7.074174453132));
#4964 = CARTESIAN_POINT('',(-17.07220974786,-7.228363834731));
#4965 = CARTESIAN_POINT('',(-17.23331053907,-7.399640001295));
#4966 = CARTESIAN_POINT('',(-17.40013836544,-7.588564168466));
#4967 = CARTESIAN_POINT('',(-17.57173433871,-7.795646357266));
#4968 = CARTESIAN_POINT('',(-17.68518713426,-7.941692694506));
#4969 = CARTESIAN_POINT('',(-17.742485359,-8.017799778329));
#4970 = ( GEOMETRIC_REPRESENTATION_CONTEXT(2) 
PARAMETRIC_REPRESENTATION_CONTEXT() REPRESENTATION_CONTEXT('2D SPACE',''
  ) );
#4971 = PCURVE('',#4972,#4994);
#4972 = SURFACE_OF_LINEAR_EXTRUSION('',#4973,#4992);
#4973 = B_SPLINE_CURVE_WITH_KNOTS('',3,(#4974,#4975,#4976,#4977,#4978,
    #4979,#4980,#4981,#4982,#4983,#4984,#4985,#4986,#4987,#4988,#4989,
    #4990,#4991),.UNSPECIFIED.,.F.,.F.,(4,1,1,1,1,1,1,1,1,1,1,1,1,1,1,4)
  ,(0.,4.919943322603E-02,0.115298688747,0.198297768641,0.298196673931,
    0.414995405195,0.548693962792,0.699292346962,0.86679055787,
    1.051188595638,1.252486460354,1.470684152089,1.705781670896,
    1.95777901682,2.226676189894,2.512473190149),.UNSPECIFIED.);
#4974 = CARTESIAN_POINT('',(-15.91657851798,-6.3192907284,0.));
#4975 = CARTESIAN_POINT('',(-15.93131064126,-6.326502169503,0.));
#4976 = CARTESIAN_POINT('',(-15.9655617549,-6.343941523709,0.));
#4977 = CARTESIAN_POINT('',(-16.02348150825,-6.375819067917,0.));
#4978 = CARTESIAN_POINT('',(-16.09494490235,-6.418054908465,0.));
#4979 = CARTESIAN_POINT('',(-16.17932689028,-6.471560416171,0.));
#4980 = CARTESIAN_POINT('',(-16.27598124008,-6.537167596255,0.));
#4981 = CARTESIAN_POINT('',(-16.38421426966,-6.615696594977,0.));
#4982 = CARTESIAN_POINT('',(-16.50329591681,-6.707929336462,0.));
#4983 = CARTESIAN_POINT('',(-16.63245776531,-6.81461624686,0.));
#4984 = CARTESIAN_POINT('',(-16.770895543,-6.936471922385,0.));
#4985 = CARTESIAN_POINT('',(-16.91777025279,-7.074174453132,0.));
#4986 = CARTESIAN_POINT('',(-17.07220974786,-7.228363834731,0.));
#4987 = CARTESIAN_POINT('',(-17.23331053907,-7.399640001295,0.));
#4988 = CARTESIAN_POINT('',(-17.40013836544,-7.588564168466,0.));
#4989 = CARTESIAN_POINT('',(-17.57173433871,-7.795646357266,0.));
#4990 = CARTESIAN_POINT('',(-17.68518713426,-7.941692694506,0.));
#4991 = CARTESIAN_POINT('',(-17.742485359,-8.017799778329,0.));
#4992 = VECTOR('',#4993,1.);
#4993 = DIRECTION('',(0.,0.,-1.));
#4994 = DEFINITIONAL_REPRESENTATION('',(#4995),#4999);
#4995 = LINE('',#4996,#4997);
#4996 = CARTESIAN_POINT('',(0.,0.));
#4997 = VECTOR('',#4998,1.);
#4998 = DIRECTION('',(1.,0.));
#4999 = ( GEOMETRIC_REPRESENTATION_CONTEXT(2) 
PARAMETRIC_REPRESENTATION_CONTEXT() REPRESENTATION_CONTEXT('2D SPACE',''
  ) );
#5000 = ORIENTED_EDGE('',*,*,#5001,.T.);
#5001 = EDGE_CURVE('',#4927,#5002,#5004,.T.);
#5002 = VERTEX_POINT('',#5003);
#5003 = CARTESIAN_POINT('',(-17.33082696779,-8.872617235768,0.));
#5004 = SURFACE_CURVE('',#5005,(#5010,#5017),.PCURVE_S1.);
#5005 = CIRCLE('',#5006,19.470000000001);
#5006 = AXIS2_PLACEMENT_3D('',#5007,#5008,#5009);
#5007 = CARTESIAN_POINT('',(6.110667527537E-13,3.650413304968E-13,0.));
#5008 = DIRECTION('',(0.,0.,1.));
#5009 = DIRECTION('',(-0.911273002517,-0.411802762112,0.));
#5010 = PCURVE('',#4222,#5011);
#5011 = DEFINITIONAL_REPRESENTATION('',(#5012),#5016);
#5012 = CIRCLE('',#5013,19.470000000001);
#5013 = AXIS2_PLACEMENT_2D('',#5014,#5015);
#5014 = CARTESIAN_POINT('',(6.174964551585E-13,3.561412201407E-13));
#5015 = DIRECTION('',(-0.911273002517,-0.411802762112));
#5016 = ( GEOMETRIC_REPRESENTATION_CONTEXT(2) 
PARAMETRIC_REPRESENTATION_CONTEXT() REPRESENTATION_CONTEXT('2D SPACE',''
  ) );
#5017 = PCURVE('',#5018,#5023);
#5018 = CYLINDRICAL_SURFACE('',#5019,19.470000000001);
#5019 = AXIS2_PLACEMENT_3D('',#5020,#5021,#5022);
#5020 = CARTESIAN_POINT('',(6.110667527537E-13,3.650413304968E-13,0.));
#5021 = DIRECTION('',(0.,0.,-1.));
#5022 = DIRECTION('',(-0.911273002517,-0.411802762112,0.));
#5023 = DEFINITIONAL_REPRESENTATION('',(#5024),#5028);
#5024 = LINE('',#5025,#5026);
#5025 = CARTESIAN_POINT('',(0.,0.));
#5026 = VECTOR('',#5027,1.);
#5027 = DIRECTION('',(-1.,0.));
#5028 = ( GEOMETRIC_REPRESENTATION_CONTEXT(2) 
PARAMETRIC_REPRESENTATION_CONTEXT() REPRESENTATION_CONTEXT('2D SPACE',''
  ) );
#5029 = ORIENTED_EDGE('',*,*,#5030,.T.);
#5030 = EDGE_CURVE('',#5002,#5031,#5033,.T.);
#5031 = VERTEX_POINT('',#5032);
#5032 = CARTESIAN_POINT('',(-14.86444482477,-8.504068854395,0.));
#5033 = SURFACE_CURVE('',#5034,(#5053,#5075),.PCURVE_S1.);
#5034 = B_SPLINE_CURVE_WITH_KNOTS('',3,(#5035,#5036,#5037,#5038,#5039,
    #5040,#5041,#5042,#5043,#5044,#5045,#5046,#5047,#5048,#5049,#5050,
    #5051,#5052),.UNSPECIFIED.,.F.,.F.,(4,1,1,1,1,1,1,1,1,1,1,1,1,1,1,4)
  ,(0.,0.285797000255,0.55469417333,0.806691519253,1.04178903806,
    1.259986729795,1.461284594512,1.645682632279,1.813180843187,
    1.963779227357,2.097477784955,2.214276516218,2.314175421508,
    2.397174501402,2.463273756923,2.512473190149),.UNSPECIFIED.);
#5035 = CARTESIAN_POINT('',(-17.33082696779,-8.872617235768,0.));
#5036 = CARTESIAN_POINT('',(-17.23559919482,-8.875271670386,0.));
#5037 = CARTESIAN_POINT('',(-17.05067890945,-8.877629104921,0.));
#5038 = CARTESIAN_POINT('',(-16.78178719541,-8.872583603611,0.));
#5039 = CARTESIAN_POINT('',(-16.53006488531,-8.85994464836,0.));
#5040 = CARTESIAN_POINT('',(-16.29571108571,-8.840779921102,0.));
#5041 = CARTESIAN_POINT('',(-16.07886952273,-8.816169768695,0.));
#5042 = CARTESIAN_POINT('',(-15.87963446527,-8.787194620219,0.));
#5043 = CARTESIAN_POINT('',(-15.69804931925,-8.754935378244,0.));
#5044 = CARTESIAN_POINT('',(-15.5341070386,-8.720470779377,0.));
#5045 = CARTESIAN_POINT('',(-15.38775038501,-8.684875172367,0.));
#5046 = CARTESIAN_POINT('',(-15.25887175135,-8.649217212249,0.));
#5047 = CARTESIAN_POINT('',(-15.14731499108,-8.61455520637,0.));
#5048 = CARTESIAN_POINT('',(-15.05287139174,-8.581942850051,0.));
#5049 = CARTESIAN_POINT('',(-14.97529338448,-8.552404134557,0.));
#5050 = CARTESIAN_POINT('',(-14.9142581413,-8.52699597165,0.));
#5051 = CARTESIAN_POINT('',(-14.87926828509,-8.511090632198,0.));
#5052 = CARTESIAN_POINT('',(-14.86444482477,-8.504068854395,0.));
#5053 = PCURVE('',#4222,#5054);
#5054 = DEFINITIONAL_REPRESENTATION('',(#5055),#5074);
#5055 = B_SPLINE_CURVE_WITH_KNOTS('',3,(#5056,#5057,#5058,#5059,#5060,
    #5061,#5062,#5063,#5064,#5065,#5066,#5067,#5068,#5069,#5070,#5071,
    #5072,#5073),.UNSPECIFIED.,.F.,.F.,(4,1,1,1,1,1,1,1,1,1,1,1,1,1,1,4)
  ,(0.,0.285797000255,0.55469417333,0.806691519253,1.04178903806,
    1.259986729795,1.461284594512,1.645682632279,1.813180843187,
    1.963779227357,2.097477784955,2.214276516218,2.314175421508,
    2.397174501402,2.463273756923,2.512473190149),.UNSPECIFIED.);
#5056 = CARTESIAN_POINT('',(-17.33082696779,-8.872617235768));
#5057 = CARTESIAN_POINT('',(-17.23559919482,-8.875271670386));
#5058 = CARTESIAN_POINT('',(-17.05067890945,-8.877629104921));
#5059 = CARTESIAN_POINT('',(-16.78178719541,-8.872583603611));
#5060 = CARTESIAN_POINT('',(-16.53006488531,-8.85994464836));
#5061 = CARTESIAN_POINT('',(-16.29571108571,-8.840779921102));
#5062 = CARTESIAN_POINT('',(-16.07886952273,-8.816169768695));
#5063 = CARTESIAN_POINT('',(-15.87963446527,-8.787194620219));
#5064 = CARTESIAN_POINT('',(-15.69804931925,-8.754935378244));
#5065 = CARTESIAN_POINT('',(-15.5341070386,-8.720470779377));
#5066 = CARTESIAN_POINT('',(-15.38775038501,-8.684875172367));
#5067 = CARTESIAN_POINT('',(-15.25887175135,-8.649217212249));
#5068 = CARTESIAN_POINT('',(-15.14731499108,-8.61455520637));
#5069 = CARTESIAN_POINT('',(-15.05287139174,-8.581942850051));
#5070 = CARTESIAN_POINT('',(-14.97529338448,-8.552404134557));
#5071 = CARTESIAN_POINT('',(-14.9142581413,-8.52699597165));
#5072 = CARTESIAN_POINT('',(-14.87926828509,-8.511090632198));
#5073 = CARTESIAN_POINT('',(-14.86444482477,-8.504068854395));
#5074 = ( GEOMETRIC_REPRESENTATION_CONTEXT(2) 
PARAMETRIC_REPRESENTATION_CONTEXT() REPRESENTATION_CONTEXT('2D SPACE',''
  ) );
#5075 = PCURVE('',#5076,#5098);
#5076 = SURFACE_OF_LINEAR_EXTRUSION('',#5077,#5096);
#5077 = B_SPLINE_CURVE_WITH_KNOTS('',3,(#5078,#5079,#5080,#5081,#5082,
    #5083,#5084,#5085,#5086,#5087,#5088,#5089,#5090,#5091,#5092,#5093,
    #5094,#5095),.UNSPECIFIED.,.F.,.F.,(4,1,1,1,1,1,1,1,1,1,1,1,1,1,1,4)
  ,(0.,0.285797000255,0.55469417333,0.806691519253,1.04178903806,
    1.259986729795,1.461284594512,1.645682632279,1.813180843187,
    1.963779227357,2.097477784955,2.214276516218,2.314175421508,
    2.397174501402,2.463273756923,2.512473190149),.UNSPECIFIED.);
#5078 = CARTESIAN_POINT('',(-17.33082696779,-8.872617235768,0.));
#5079 = CARTESIAN_POINT('',(-17.23559919482,-8.875271670386,0.));
#5080 = CARTESIAN_POINT('',(-17.05067890945,-8.877629104921,0.));
#5081 = CARTESIAN_POINT('',(-16.78178719541,-8.872583603611,0.));
#5082 = CARTESIAN_POINT('',(-16.53006488531,-8.85994464836,0.));
#5083 = CARTESIAN_POINT('',(-16.29571108571,-8.840779921102,0.));
#5084 = CARTESIAN_POINT('',(-16.07886952273,-8.816169768695,0.));
#5085 = CARTESIAN_POINT('',(-15.87963446527,-8.787194620219,0.));
#5086 = CARTESIAN_POINT('',(-15.69804931925,-8.754935378244,0.));
#5087 = CARTESIAN_POINT('',(-15.5341070386,-8.720470779377,0.));
#5088 = CARTESIAN_POINT('',(-15.38775038501,-8.684875172367,0.));
#5089 = CARTESIAN_POINT('',(-15.25887175135,-8.649217212249,0.));
#5090 = CARTESIAN_POINT('',(-15.14731499108,-8.61455520637,0.));
#5091 = CARTESIAN_POINT('',(-15.05287139174,-8.581942850051,0.));
#5092 = CARTESIAN_POINT('',(-14.97529338448,-8.552404134557,0.));
#5093 = CARTESIAN_POINT('',(-14.9142581413,-8.52699597165,0.));
#5094 = CARTESIAN_POINT('',(-14.87926828509,-8.511090632198,0.));
#5095 = CARTESIAN_POINT('',(-14.86444482477,-8.504068854395,0.));
#5096 = VECTOR('',#5097,1.);
#5097 = DIRECTION('',(0.,0.,-1.));
#5098 = DEFINITIONAL_REPRESENTATION('',(#5099),#5103);
#5099 = LINE('',#5100,#5101);
#5100 = CARTESIAN_POINT('',(0.,0.));
#5101 = VECTOR('',#5102,1.);
#5102 = DIRECTION('',(1.,0.));
#5103 = ( GEOMETRIC_REPRESENTATION_CONTEXT(2) 
PARAMETRIC_REPRESENTATION_CONTEXT() REPRESENTATION_CONTEXT('2D SPACE',''
  ) );
#5104 = ORIENTED_EDGE('',*,*,#5105,.T.);
#5105 = EDGE_CURVE('',#5031,#5106,#5108,.T.);
#5106 = VERTEX_POINT('',#5107);
#5107 = CARTESIAN_POINT('',(-14.22308970785,-8.694811899521,0.));
#5108 = SURFACE_CURVE('',#5109,(#5114,#5125),.PCURVE_S1.);
#5109 = CIRCLE('',#5110,0.500000000072);
#5110 = AXIS2_PLACEMENT_3D('',#5111,#5112,#5113);
#5111 = CARTESIAN_POINT('',(-14.64969160117,-8.955600750303,0.));
#5112 = DIRECTION('',(0.,0.,-1.));
#5113 = DIRECTION('',(-0.429506447151,0.903063791687,0.));
#5114 = PCURVE('',#4222,#5115);
#5115 = DEFINITIONAL_REPRESENTATION('',(#5116),#5124);
#5116 = ( BOUNDED_CURVE() B_SPLINE_CURVE(2,(#5117,#5118,#5119,#5120,
#5121,#5122,#5123),.UNSPECIFIED.,.T.,.F.) B_SPLINE_CURVE_WITH_KNOTS((1,2
    ,2,2,2,1),(-2.094395102393,0.,2.094395102393,4.188790204786,
6.28318530718,8.377580409573),.UNSPECIFIED.) CURVE() 
GEOMETRIC_REPRESENTATION_ITEM() RATIONAL_B_SPLINE_CURVE((1.,0.5,1.,0.5,
1.,0.5,1.)) REPRESENTATION_ITEM('') );
#5117 = CARTESIAN_POINT('',(-14.86444482477,-8.504068854395));
#5118 = CARTESIAN_POINT('',(-14.08236863982,-8.13210536002));
#5119 = CARTESIAN_POINT('',(-14.15127689689,-8.99538495107));
#5120 = CARTESIAN_POINT('',(-14.22018515395,-9.85866454212));
#5121 = CARTESIAN_POINT('',(-14.93335308184,-9.367348445445));
#5122 = CARTESIAN_POINT('',(-15.64652100972,-8.87603234877));
#5123 = CARTESIAN_POINT('',(-14.86444482477,-8.504068854395));
#5124 = ( GEOMETRIC_REPRESENTATION_CONTEXT(2) 
PARAMETRIC_REPRESENTATION_CONTEXT() REPRESENTATION_CONTEXT('2D SPACE',''
  ) );
#5125 = PCURVE('',#5126,#5131);
#5126 = CYLINDRICAL_SURFACE('',#5127,0.500000000072);
#5127 = AXIS2_PLACEMENT_3D('',#5128,#5129,#5130);
#5128 = CARTESIAN_POINT('',(-14.64969160117,-8.955600750303,0.));
#5129 = DIRECTION('',(0.,0.,-1.));
#5130 = DIRECTION('',(-0.429506447151,0.903063791687,0.));
#5131 = DEFINITIONAL_REPRESENTATION('',(#5132),#5136);
#5132 = LINE('',#5133,#5134);
#5133 = CARTESIAN_POINT('',(0.,0.));
#5134 = VECTOR('',#5135,1.);
#5135 = DIRECTION('',(1.,0.));
#5136 = ( GEOMETRIC_REPRESENTATION_CONTEXT(2) 
PARAMETRIC_REPRESENTATION_CONTEXT() REPRESENTATION_CONTEXT('2D SPACE',''
  ) );
#5137 = ORIENTED_EDGE('',*,*,#5138,.T.);
#5138 = EDGE_CURVE('',#5106,#5139,#5141,.T.);
#5139 = VERTEX_POINT('',#5140);
#5140 = CARTESIAN_POINT('',(-14.00492217798,-9.042023534275,0.));
#5141 = SURFACE_CURVE('',#5142,(#5147,#5154),.PCURVE_S1.);
#5142 = CIRCLE('',#5143,16.670213999989);
#5143 = AXIS2_PLACEMENT_3D('',#5144,#5145,#5146);
#5144 = CARTESIAN_POINT('',(-9.315215265815E-12,-5.839773109528E-12,0.)
  );
#5145 = DIRECTION('',(0.,0.,1.));
#5146 = DIRECTION('',(-0.853203786577,-0.521577701373,0.));
#5147 = PCURVE('',#4222,#5148);
#5148 = DEFINITIONAL_REPRESENTATION('',(#5149),#5153);
#5149 = CIRCLE('',#5150,16.670213999989);
#5150 = AXIS2_PLACEMENT_2D('',#5151,#5152);
#5151 = CARTESIAN_POINT('',(-9.30878556341E-12,-5.848673219884E-12));
#5152 = DIRECTION('',(-0.853203786577,-0.521577701373));
#5153 = ( GEOMETRIC_REPRESENTATION_CONTEXT(2) 
PARAMETRIC_REPRESENTATION_CONTEXT() REPRESENTATION_CONTEXT('2D SPACE',''
  ) );
#5154 = PCURVE('',#5155,#5160);
#5155 = CYLINDRICAL_SURFACE('',#5156,16.670213999989);
#5156 = AXIS2_PLACEMENT_3D('',#5157,#5158,#5159);
#5157 = CARTESIAN_POINT('',(-9.315215265815E-12,-5.839773109528E-12,0.)
  );
#5158 = DIRECTION('',(0.,0.,-1.));
#5159 = DIRECTION('',(-0.853203786577,-0.521577701373,0.));
#5160 = DEFINITIONAL_REPRESENTATION('',(#5161),#5165);
#5161 = LINE('',#5162,#5163);
#5162 = CARTESIAN_POINT('',(0.,0.));
#5163 = VECTOR('',#5164,1.);
#5164 = DIRECTION('',(-1.,0.));
#5165 = ( GEOMETRIC_REPRESENTATION_CONTEXT(2) 
PARAMETRIC_REPRESENTATION_CONTEXT() REPRESENTATION_CONTEXT('2D SPACE',''
  ) );
#5166 = ORIENTED_EDGE('',*,*,#5167,.T.);
#5167 = EDGE_CURVE('',#5139,#5168,#5170,.T.);
#5168 = VERTEX_POINT('',#5169);
#5169 = CARTESIAN_POINT('',(-14.11134218878,-9.70262483352,0.));
#5170 = SURFACE_CURVE('',#5171,(#5176,#5187),.PCURVE_S1.);
#5171 = CIRCLE('',#5172,0.500000000072);
#5172 = AXIS2_PLACEMENT_3D('',#5173,#5174,#5175);
#5173 = CARTESIAN_POINT('',(-14.42498043822,-9.313226517441,0.));
#5174 = DIRECTION('',(0.,0.,-1.));
#5175 = DIRECTION('',(0.840116520353,0.542405966256,0.));
#5176 = PCURVE('',#4222,#5177);
#5177 = DEFINITIONAL_REPRESENTATION('',(#5178),#5186);
#5178 = ( BOUNDED_CURVE() B_SPLINE_CURVE(2,(#5179,#5180,#5181,#5182,
#5183,#5184,#5185),.UNSPECIFIED.,.T.,.F.) B_SPLINE_CURVE_WITH_KNOTS((1,2
    ,2,2,2,1),(-2.094395102393,0.,2.094395102393,4.188790204786,
6.28318530718,8.377580409573),.UNSPECIFIED.) CURVE() 
GEOMETRIC_REPRESENTATION_ITEM() RATIONAL_B_SPLINE_CURVE((1.,0.5,1.,0.5,
1.,0.5,1.)) REPRESENTATION_ITEM('') );
#5179 = CARTESIAN_POINT('',(-14.00492217798,-9.042023534275));
#5180 = CARTESIAN_POINT('',(-13.53518483197,-9.769585783144));
#5181 = CARTESIAN_POINT('',(-14.40014089533,-9.812609133459));
#5182 = CARTESIAN_POINT('',(-15.26509695869,-9.855632483775));
#5183 = CARTESIAN_POINT('',(-14.86987824134,-9.08504688459));
#5184 = CARTESIAN_POINT('',(-14.47465952399,-8.314461285406));
#5185 = CARTESIAN_POINT('',(-14.00492217798,-9.042023534275));
#5186 = ( GEOMETRIC_REPRESENTATION_CONTEXT(2) 
PARAMETRIC_REPRESENTATION_CONTEXT() REPRESENTATION_CONTEXT('2D SPACE',''
  ) );
#5187 = PCURVE('',#5188,#5193);
#5188 = CYLINDRICAL_SURFACE('',#5189,0.500000000072);
#5189 = AXIS2_PLACEMENT_3D('',#5190,#5191,#5192);
#5190 = CARTESIAN_POINT('',(-14.42498043822,-9.313226517441,0.));
#5191 = DIRECTION('',(0.,0.,-1.));
#5192 = DIRECTION('',(0.840116520353,0.542405966256,0.));
#5193 = DEFINITIONAL_REPRESENTATION('',(#5194),#5198);
#5194 = LINE('',#5195,#5196);
#5195 = CARTESIAN_POINT('',(0.,0.));
#5196 = VECTOR('',#5197,1.);
#5197 = DIRECTION('',(1.,0.));
#5198 = ( GEOMETRIC_REPRESENTATION_CONTEXT(2) 
PARAMETRIC_REPRESENTATION_CONTEXT() REPRESENTATION_CONTEXT('2D SPACE',''
  ) );
#5199 = ORIENTED_EDGE('',*,*,#5200,.T.);
#5200 = EDGE_CURVE('',#5168,#5201,#5203,.T.);
#5201 = VERTEX_POINT('',#5202);
#5202 = CARTESIAN_POINT('',(-15.51351591302,-11.76485121097,0.));
#5203 = SURFACE_CURVE('',#5204,(#5223,#5245),.PCURVE_S1.);
#5204 = B_SPLINE_CURVE_WITH_KNOTS('',3,(#5205,#5206,#5207,#5208,#5209,
    #5210,#5211,#5212,#5213,#5214,#5215,#5216,#5217,#5218,#5219,#5220,
    #5221,#5222),.UNSPECIFIED.,.F.,.F.,(4,1,1,1,1,1,1,1,1,1,1,1,1,1,1,4)
  ,(0.,4.919943322603E-02,0.115298688747,0.198297768641,0.298196673931,
    0.414995405195,0.548693962792,0.699292346962,0.86679055787,
    1.051188595638,1.252486460354,1.470684152089,1.705781670896,
    1.95777901682,2.226676189894,2.512473190149),.UNSPECIFIED.);
#5205 = CARTESIAN_POINT('',(-14.11134218878,-9.70262483352,0.));
#5206 = CARTESIAN_POINT('',(-14.12410025037,-9.71293367457,0.));
#5207 = CARTESIAN_POINT('',(-14.15361199569,-9.737557377551,0.));
#5208 = CARTESIAN_POINT('',(-14.202986159,-9.781524042782,0.));
#5209 = CARTESIAN_POINT('',(-14.26325945791,-9.838603043825,0.));
#5210 = CARTESIAN_POINT('',(-14.33361971769,-9.909543815507,0.));
#5211 = CARTESIAN_POINT('',(-14.41325177015,-9.995013702798,0.));
#5212 = CARTESIAN_POINT('',(-14.50129682557,-10.09565793039,0.));
#5213 = CARTESIAN_POINT('',(-14.59686913143,-10.21207636382,0.));
#5214 = CARTESIAN_POINT('',(-14.69905255178,-10.34482962579,0.));
#5215 = CARTESIAN_POINT('',(-14.80690396663,-10.49443542871,0.));
#5216 = CARTESIAN_POINT('',(-14.91945452504,-10.66136816711,0.));
#5217 = CARTESIAN_POINT('',(-15.03571153434,-10.84605771967,0.));
#5218 = CARTESIAN_POINT('',(-15.1546606598,-11.04888793367,0.));
#5219 = CARTESIAN_POINT('',(-15.27526618213,-11.27019806126,0.));
#5220 = CARTESIAN_POINT('',(-15.39647976404,-11.51027196348,0.));
#5221 = CARTESIAN_POINT('',(-15.47458969377,-11.67790223615,0.));
#5222 = CARTESIAN_POINT('',(-15.51351591302,-11.76485121097,0.));
#5223 = PCURVE('',#4222,#5224);
#5224 = DEFINITIONAL_REPRESENTATION('',(#5225),#5244);
#5225 = B_SPLINE_CURVE_WITH_KNOTS('',3,(#5226,#5227,#5228,#5229,#5230,
    #5231,#5232,#5233,#5234,#5235,#5236,#5237,#5238,#5239,#5240,#5241,
    #5242,#5243),.UNSPECIFIED.,.F.,.F.,(4,1,1,1,1,1,1,1,1,1,1,1,1,1,1,4)
  ,(0.,4.919943322603E-02,0.115298688747,0.198297768641,0.298196673931,
    0.414995405195,0.548693962792,0.699292346962,0.86679055787,
    1.051188595638,1.252486460354,1.470684152089,1.705781670896,
    1.95777901682,2.226676189894,2.512473190149),.UNSPECIFIED.);
#5226 = CARTESIAN_POINT('',(-14.11134218878,-9.70262483352));
#5227 = CARTESIAN_POINT('',(-14.12410025037,-9.71293367457));
#5228 = CARTESIAN_POINT('',(-14.15361199569,-9.737557377551));
#5229 = CARTESIAN_POINT('',(-14.202986159,-9.781524042782));
#5230 = CARTESIAN_POINT('',(-14.26325945791,-9.838603043825));
#5231 = CARTESIAN_POINT('',(-14.33361971769,-9.909543815507));
#5232 = CARTESIAN_POINT('',(-14.41325177015,-9.995013702798));
#5233 = CARTESIAN_POINT('',(-14.50129682557,-10.09565793039));
#5234 = CARTESIAN_POINT('',(-14.59686913143,-10.21207636382));
#5235 = CARTESIAN_POINT('',(-14.69905255178,-10.34482962579));
#5236 = CARTESIAN_POINT('',(-14.80690396663,-10.49443542871));
#5237 = CARTESIAN_POINT('',(-14.91945452504,-10.66136816711));
#5238 = CARTESIAN_POINT('',(-15.03571153434,-10.84605771967));
#5239 = CARTESIAN_POINT('',(-15.1546606598,-11.04888793367));
#5240 = CARTESIAN_POINT('',(-15.27526618213,-11.27019806126));
#5241 = CARTESIAN_POINT('',(-15.39647976404,-11.51027196348));
#5242 = CARTESIAN_POINT('',(-15.47458969377,-11.67790223615));
#5243 = CARTESIAN_POINT('',(-15.51351591302,-11.76485121097));
#5244 = ( GEOMETRIC_REPRESENTATION_CONTEXT(2) 
PARAMETRIC_REPRESENTATION_CONTEXT() REPRESENTATION_CONTEXT('2D SPACE',''
  ) );
#5245 = PCURVE('',#5246,#5268);
#5246 = SURFACE_OF_LINEAR_EXTRUSION('',#5247,#5266);
#5247 = B_SPLINE_CURVE_WITH_KNOTS('',3,(#5248,#5249,#5250,#5251,#5252,
    #5253,#5254,#5255,#5256,#5257,#5258,#5259,#5260,#5261,#5262,#5263,
    #5264,#5265),.UNSPECIFIED.,.F.,.F.,(4,1,1,1,1,1,1,1,1,1,1,1,1,1,1,4)
  ,(0.,4.919943322603E-02,0.115298688747,0.198297768641,0.298196673931,
    0.414995405195,0.548693962792,0.699292346962,0.86679055787,
    1.051188595638,1.252486460354,1.470684152089,1.705781670896,
    1.95777901682,2.226676189894,2.512473190149),.UNSPECIFIED.);
#5248 = CARTESIAN_POINT('',(-14.11134218878,-9.70262483352,0.));
#5249 = CARTESIAN_POINT('',(-14.12410025037,-9.71293367457,0.));
#5250 = CARTESIAN_POINT('',(-14.15361199569,-9.737557377551,0.));
#5251 = CARTESIAN_POINT('',(-14.202986159,-9.781524042782,0.));
#5252 = CARTESIAN_POINT('',(-14.26325945791,-9.838603043825,0.));
#5253 = CARTESIAN_POINT('',(-14.33361971769,-9.909543815507,0.));
#5254 = CARTESIAN_POINT('',(-14.41325177015,-9.995013702798,0.));
#5255 = CARTESIAN_POINT('',(-14.50129682557,-10.09565793039,0.));
#5256 = CARTESIAN_POINT('',(-14.59686913143,-10.21207636382,0.));
#5257 = CARTESIAN_POINT('',(-14.69905255178,-10.34482962579,0.));
#5258 = CARTESIAN_POINT('',(-14.80690396663,-10.49443542871,0.));
#5259 = CARTESIAN_POINT('',(-14.91945452504,-10.66136816711,0.));
#5260 = CARTESIAN_POINT('',(-15.03571153434,-10.84605771967,0.));
#5261 = CARTESIAN_POINT('',(-15.1546606598,-11.04888793367,0.));
#5262 = CARTESIAN_POINT('',(-15.27526618213,-11.27019806126,0.));
#5263 = CARTESIAN_POINT('',(-15.39647976404,-11.51027196348,0.));
#5264 = CARTESIAN_POINT('',(-15.47458969377,-11.67790223615,0.));
#5265 = CARTESIAN_POINT('',(-15.51351591302,-11.76485121097,0.));
#5266 = VECTOR('',#5267,1.);
#5267 = DIRECTION('',(0.,0.,-1.));
#5268 = DEFINITIONAL_REPRESENTATION('',(#5269),#5273);
#5269 = LINE('',#5270,#5271);
#5270 = CARTESIAN_POINT('',(0.,0.));
#5271 = VECTOR('',#5272,1.);
#5272 = DIRECTION('',(1.,0.));
#5273 = ( GEOMETRIC_REPRESENTATION_CONTEXT(2) 
PARAMETRIC_REPRESENTATION_CONTEXT() REPRESENTATION_CONTEXT('2D SPACE',''
  ) );
#5274 = ORIENTED_EDGE('',*,*,#5275,.T.);
#5275 = EDGE_CURVE('',#5201,#5276,#5278,.T.);
#5276 = VERTEX_POINT('',#5277);
#5277 = CARTESIAN_POINT('',(-14.92196387815,-12.50663400036,0.));
#5278 = SURFACE_CURVE('',#5279,(#5284,#5291),.PCURVE_S1.);
#5279 = CIRCLE('',#5280,19.469999999992);
#5280 = AXIS2_PLACEMENT_3D('',#5281,#5282,#5283);
#5281 = CARTESIAN_POINT('',(-6.576961197879E-12,-5.281108883537E-12,0.)
  );
#5282 = DIRECTION('',(0.,0.,1.));
#5283 = DIRECTION('',(-0.796790750541,-0.604255326706,0.));
#5284 = PCURVE('',#4222,#5285);
#5285 = DEFINITIONAL_REPRESENTATION('',(#5286),#5290);
#5286 = CIRCLE('',#5287,19.469999999992);
#5287 = AXIS2_PLACEMENT_2D('',#5288,#5289);
#5288 = CARTESIAN_POINT('',(-6.570531495475E-12,-5.290008993893E-12));
#5289 = DIRECTION('',(-0.796790750541,-0.604255326706));
#5290 = ( GEOMETRIC_REPRESENTATION_CONTEXT(2) 
PARAMETRIC_REPRESENTATION_CONTEXT() REPRESENTATION_CONTEXT('2D SPACE',''
  ) );
#5291 = PCURVE('',#5292,#5297);
#5292 = CYLINDRICAL_SURFACE('',#5293,19.469999999992);
#5293 = AXIS2_PLACEMENT_3D('',#5294,#5295,#5296);
#5294 = CARTESIAN_POINT('',(-6.576961197879E-12,-5.281108883537E-12,0.)
  );
#5295 = DIRECTION('',(0.,0.,-1.));
#5296 = DIRECTION('',(-0.796790750541,-0.604255326706,0.));
#5297 = DEFINITIONAL_REPRESENTATION('',(#5298),#5302);
#5298 = LINE('',#5299,#5300);
#5299 = CARTESIAN_POINT('',(0.,0.));
#5300 = VECTOR('',#5301,1.);
#5301 = DIRECTION('',(-1.,0.));
#5302 = ( GEOMETRIC_REPRESENTATION_CONTEXT(2) 
PARAMETRIC_REPRESENTATION_CONTEXT() REPRESENTATION_CONTEXT('2D SPACE',''
  ) );
#5303 = ORIENTED_EDGE('',*,*,#5304,.T.);
#5304 = EDGE_CURVE('',#5276,#5305,#5307,.T.);
#5305 = VERTEX_POINT('',#5306);
#5306 = CARTESIAN_POINT('',(-12.59942881485,-11.59850423841,0.));
#5307 = SURFACE_CURVE('',#5308,(#5327,#5349),.PCURVE_S1.);
#5308 = B_SPLINE_CURVE_WITH_KNOTS('',3,(#5309,#5310,#5311,#5312,#5313,
    #5314,#5315,#5316,#5317,#5318,#5319,#5320,#5321,#5322,#5323,#5324,
    #5325,#5326),.UNSPECIFIED.,.F.,.F.,(4,1,1,1,1,1,1,1,1,1,1,1,1,1,1,4)
  ,(0.,0.285797000255,0.55469417333,0.806691519253,1.04178903806,
    1.259986729795,1.461284594512,1.645682632279,1.813180843187,
    1.963779227357,2.097477784955,2.214276516218,2.314175421508,
    2.397174501402,2.463273756923,2.512473190149),.UNSPECIFIED.);
#5309 = CARTESIAN_POINT('',(-14.92196387815,-12.50663400036,0.));
#5310 = CARTESIAN_POINT('',(-14.828532997,-12.48803170978,0.));
#5311 = CARTESIAN_POINT('',(-14.64772447073,-12.4491814039,0.));
#5312 = CARTESIAN_POINT('',(-14.38669716302,-12.3844283685,0.));
#5313 = CARTESIAN_POINT('',(-14.14409848891,-12.31609281471,0.));
#5314 = CARTESIAN_POINT('',(-13.91988498136,-12.24525996081,0.));
#5315 = CARTESIAN_POINT('',(-13.71395636319,-12.17301504919,0.));
#5316 = CARTESIAN_POINT('',(-13.52616412169,-12.10043239712,0.));
#5317 = CARTESIAN_POINT('',(-13.35631005105,-12.02857546541,0.));
#5318 = CARTESIAN_POINT('',(-13.20414724039,-11.95849437658,0.));
#5319 = CARTESIAN_POINT('',(-13.06938082138,-11.89122380651,0.));
#5320 = CARTESIAN_POINT('',(-12.95166808674,-11.82778167197,0.));
#5321 = CARTESIAN_POINT('',(-12.85062130928,-11.76916500046,0.));
#5322 = CARTESIAN_POINT('',(-12.76580254014,-11.71635462607,0.));
#5323 = CARTESIAN_POINT('',(-12.69674255805,-11.67029377722,0.));
#5324 = CARTESIAN_POINT('',(-12.64289144398,-11.63194103069,0.));
#5325 = CARTESIAN_POINT('',(-12.61231812751,-11.60864849582,0.));
#5326 = CARTESIAN_POINT('',(-12.59942881485,-11.59850423841,0.));
#5327 = PCURVE('',#4222,#5328);
#5328 = DEFINITIONAL_REPRESENTATION('',(#5329),#5348);
#5329 = B_SPLINE_CURVE_WITH_KNOTS('',3,(#5330,#5331,#5332,#5333,#5334,
    #5335,#5336,#5337,#5338,#5339,#5340,#5341,#5342,#5343,#5344,#5345,
    #5346,#5347),.UNSPECIFIED.,.F.,.F.,(4,1,1,1,1,1,1,1,1,1,1,1,1,1,1,4)
  ,(0.,0.285797000255,0.55469417333,0.806691519253,1.04178903806,
    1.259986729795,1.461284594512,1.645682632279,1.813180843187,
    1.963779227357,2.097477784955,2.214276516218,2.314175421508,
    2.397174501402,2.463273756923,2.512473190149),.UNSPECIFIED.);
#5330 = CARTESIAN_POINT('',(-14.92196387815,-12.50663400036));
#5331 = CARTESIAN_POINT('',(-14.828532997,-12.48803170978));
#5332 = CARTESIAN_POINT('',(-14.64772447073,-12.4491814039));
#5333 = CARTESIAN_POINT('',(-14.38669716302,-12.3844283685));
#5334 = CARTESIAN_POINT('',(-14.14409848891,-12.31609281471));
#5335 = CARTESIAN_POINT('',(-13.91988498136,-12.24525996081));
#5336 = CARTESIAN_POINT('',(-13.71395636319,-12.17301504919));
#5337 = CARTESIAN_POINT('',(-13.52616412169,-12.10043239712));
#5338 = CARTESIAN_POINT('',(-13.35631005105,-12.02857546541));
#5339 = CARTESIAN_POINT('',(-13.20414724039,-11.95849437658));
#5340 = CARTESIAN_POINT('',(-13.06938082138,-11.89122380651));
#5341 = CARTESIAN_POINT('',(-12.95166808674,-11.82778167197));
#5342 = CARTESIAN_POINT('',(-12.85062130928,-11.76916500046));
#5343 = CARTESIAN_POINT('',(-12.76580254014,-11.71635462607));
#5344 = CARTESIAN_POINT('',(-12.69674255805,-11.67029377722));
#5345 = CARTESIAN_POINT('',(-12.64289144398,-11.63194103069));
#5346 = CARTESIAN_POINT('',(-12.61231812751,-11.60864849582));
#5347 = CARTESIAN_POINT('',(-12.59942881485,-11.59850423841));
#5348 = ( GEOMETRIC_REPRESENTATION_CONTEXT(2) 
PARAMETRIC_REPRESENTATION_CONTEXT() REPRESENTATION_CONTEXT('2D SPACE',''
  ) );
#5349 = PCURVE('',#5350,#5372);
#5350 = SURFACE_OF_LINEAR_EXTRUSION('',#5351,#5370);
#5351 = B_SPLINE_CURVE_WITH_KNOTS('',3,(#5352,#5353,#5354,#5355,#5356,
    #5357,#5358,#5359,#5360,#5361,#5362,#5363,#5364,#5365,#5366,#5367,
    #5368,#5369),.UNSPECIFIED.,.F.,.F.,(4,1,1,1,1,1,1,1,1,1,1,1,1,1,1,4)
  ,(0.,0.285797000255,0.55469417333,0.806691519253,1.04178903806,
    1.259986729795,1.461284594512,1.645682632279,1.813180843187,
    1.963779227357,2.097477784955,2.214276516218,2.314175421508,
    2.397174501402,2.463273756923,2.512473190149),.UNSPECIFIED.);
#5352 = CARTESIAN_POINT('',(-14.92196387815,-12.50663400036,0.));
#5353 = CARTESIAN_POINT('',(-14.828532997,-12.48803170978,0.));
#5354 = CARTESIAN_POINT('',(-14.64772447073,-12.4491814039,0.));
#5355 = CARTESIAN_POINT('',(-14.38669716302,-12.3844283685,0.));
#5356 = CARTESIAN_POINT('',(-14.14409848891,-12.31609281471,0.));
#5357 = CARTESIAN_POINT('',(-13.91988498136,-12.24525996081,0.));
#5358 = CARTESIAN_POINT('',(-13.71395636319,-12.17301504919,0.));
#5359 = CARTESIAN_POINT('',(-13.52616412169,-12.10043239712,0.));
#5360 = CARTESIAN_POINT('',(-13.35631005105,-12.02857546541,0.));
#5361 = CARTESIAN_POINT('',(-13.20414724039,-11.95849437658,0.));
#5362 = CARTESIAN_POINT('',(-13.06938082138,-11.89122380651,0.));
#5363 = CARTESIAN_POINT('',(-12.95166808674,-11.82778167197,0.));
#5364 = CARTESIAN_POINT('',(-12.85062130928,-11.76916500046,0.));
#5365 = CARTESIAN_POINT('',(-12.76580254014,-11.71635462607,0.));
#5366 = CARTESIAN_POINT('',(-12.69674255805,-11.67029377722,0.));
#5367 = CARTESIAN_POINT('',(-12.64289144398,-11.63194103069,0.));
#5368 = CARTESIAN_POINT('',(-12.61231812751,-11.60864849582,0.));
#5369 = CARTESIAN_POINT('',(-12.59942881485,-11.59850423841,0.));
#5370 = VECTOR('',#5371,1.);
#5371 = DIRECTION('',(0.,0.,-1.));
#5372 = DEFINITIONAL_REPRESENTATION('',(#5373),#5377);
#5373 = LINE('',#5374,#5375);
#5374 = CARTESIAN_POINT('',(0.,0.));
#5375 = VECTOR('',#5376,1.);
#5376 = DIRECTION('',(1.,0.));
#5377 = ( GEOMETRIC_REPRESENTATION_CONTEXT(2) 
PARAMETRIC_REPRESENTATION_CONTEXT() REPRESENTATION_CONTEXT('2D SPACE',''
  ) );
#5378 = ORIENTED_EDGE('',*,*,#5379,.T.);
#5379 = EDGE_CURVE('',#5305,#5380,#5382,.T.);
#5380 = VERTEX_POINT('',#5381);
#5381 = CARTESIAN_POINT('',(-11.9317094892,-11.64175001755,0.));
#5382 = SURFACE_CURVE('',#5383,(#5388,#5399),.PCURVE_S1.);
#5383 = CIRCLE('',#5384,0.500000000072);
#5384 = AXIS2_PLACEMENT_3D('',#5385,#5386,#5387);
#5385 = CARTESIAN_POINT('',(-12.28958460374,-11.99092819909,0.));
#5386 = DIRECTION('',(0.,0.,-1.));
#5387 = DIRECTION('',(-0.619688422138,0.784847921236,0.));
#5388 = PCURVE('',#4222,#5389);
#5389 = DEFINITIONAL_REPRESENTATION('',(#5390),#5398);
#5390 = ( BOUNDED_CURVE() B_SPLINE_CURVE(2,(#5391,#5392,#5393,#5394,
#5395,#5396,#5397),.UNSPECIFIED.,.T.,.F.) B_SPLINE_CURVE_WITH_KNOTS((1,2
    ,2,2,2,1),(-2.094395102393,0.,2.094395102393,4.188790204786,
6.28318530718,8.377580409573),.UNSPECIFIED.) CURVE() 
GEOMETRIC_REPRESENTATION_ITEM() RATIONAL_B_SPLINE_CURVE((1.,0.5,1.,0.5,
1.,0.5,1.)) REPRESENTATION_ITEM('') );
#5391 = CARTESIAN_POINT('',(-12.59942881485,-11.59850423841));
#5392 = CARTESIAN_POINT('',(-11.91973057685,-11.06183832233));
#5393 = CARTESIAN_POINT('',(-11.79481337918,-11.91880722138));
#5394 = CARTESIAN_POINT('',(-11.66989618151,-12.77577612044));
#5395 = CARTESIAN_POINT('',(-12.47451161718,-12.45547313746));
#5396 = CARTESIAN_POINT('',(-13.27912705284,-12.13517015449));
#5397 = CARTESIAN_POINT('',(-12.59942881485,-11.59850423841));
#5398 = ( GEOMETRIC_REPRESENTATION_CONTEXT(2) 
PARAMETRIC_REPRESENTATION_CONTEXT() REPRESENTATION_CONTEXT('2D SPACE',''
  ) );
#5399 = PCURVE('',#5400,#5405);
#5400 = CYLINDRICAL_SURFACE('',#5401,0.500000000072);
#5401 = AXIS2_PLACEMENT_3D('',#5402,#5403,#5404);
#5402 = CARTESIAN_POINT('',(-12.28958460374,-11.99092819909,0.));
#5403 = DIRECTION('',(0.,0.,-1.));
#5404 = DIRECTION('',(-0.619688422138,0.784847921236,0.));
#5405 = DEFINITIONAL_REPRESENTATION('',(#5406),#5410);
#5406 = LINE('',#5407,#5408);
#5407 = CARTESIAN_POINT('',(0.,0.));
#5408 = VECTOR('',#5409,1.);
#5409 = DIRECTION('',(1.,0.));
#5410 = ( GEOMETRIC_REPRESENTATION_CONTEXT(2) 
PARAMETRIC_REPRESENTATION_CONTEXT() REPRESENTATION_CONTEXT('2D SPACE',''
  ) );
#5411 = ORIENTED_EDGE('',*,*,#5412,.T.);
#5412 = EDGE_CURVE('',#5380,#5413,#5415,.T.);
#5413 = VERTEX_POINT('',#5414);
#5414 = CARTESIAN_POINT('',(-11.64175001755,-11.9317094892,0.));
#5415 = SURFACE_CURVE('',#5416,(#5421,#5428),.PCURVE_S1.);
#5416 = CIRCLE('',#5417,16.670214000022);
#5417 = AXIS2_PLACEMENT_3D('',#5418,#5419,#5420);
#5418 = CARTESIAN_POINT('',(1.542854732861E-11,1.543210004229E-11,0.));
#5419 = DIRECTION('',(0.,0.,1.));
#5420 = DIRECTION('',(-0.715750229073,-0.698356362885,0.));
#5421 = PCURVE('',#4222,#5422);
#5422 = DEFINITIONAL_REPRESENTATION('',(#5423),#5427);
#5423 = CIRCLE('',#5424,16.670214000022);
#5424 = AXIS2_PLACEMENT_2D('',#5425,#5426);
#5425 = CARTESIAN_POINT('',(1.543497703102E-11,1.542319993193E-11));
#5426 = DIRECTION('',(-0.715750229073,-0.698356362885));
#5427 = ( GEOMETRIC_REPRESENTATION_CONTEXT(2) 
PARAMETRIC_REPRESENTATION_CONTEXT() REPRESENTATION_CONTEXT('2D SPACE',''
  ) );
#5428 = PCURVE('',#5429,#5434);
#5429 = CYLINDRICAL_SURFACE('',#5430,16.670214000022);
#5430 = AXIS2_PLACEMENT_3D('',#5431,#5432,#5433);
#5431 = CARTESIAN_POINT('',(1.542854732861E-11,1.543210004229E-11,0.));
#5432 = DIRECTION('',(0.,0.,-1.));
#5433 = DIRECTION('',(-0.715750229073,-0.698356362885,0.));
#5434 = DEFINITIONAL_REPRESENTATION('',(#5435),#5439);
#5435 = LINE('',#5436,#5437);
#5436 = CARTESIAN_POINT('',(0.,0.));
#5437 = VECTOR('',#5438,1.);
#5438 = DIRECTION('',(-1.,0.));
#5439 = ( GEOMETRIC_REPRESENTATION_CONTEXT(2) 
PARAMETRIC_REPRESENTATION_CONTEXT() REPRESENTATION_CONTEXT('2D SPACE',''
  ) );
#5440 = ORIENTED_EDGE('',*,*,#5441,.T.);
#5441 = EDGE_CURVE('',#5413,#5442,#5444,.T.);
#5442 = VERTEX_POINT('',#5443);
#5443 = CARTESIAN_POINT('',(-11.59850423841,-12.59942881485,0.));
#5444 = SURFACE_CURVE('',#5445,(#5450,#5461),.PCURVE_S1.);
#5445 = CIRCLE('',#5446,0.500000000072);
#5446 = AXIS2_PLACEMENT_3D('',#5447,#5448,#5449);
#5447 = CARTESIAN_POINT('',(-11.99092819909,-12.28958460374,0.));
#5448 = DIRECTION('',(0.,0.,-1.));
#5449 = DIRECTION('',(0.698356362983,0.715750228978,0.));
#5450 = PCURVE('',#4222,#5451);
#5451 = DEFINITIONAL_REPRESENTATION('',(#5452),#5460);
#5452 = ( BOUNDED_CURVE() B_SPLINE_CURVE(2,(#5453,#5454,#5455,#5456,
#5457,#5458,#5459),.UNSPECIFIED.,.T.,.F.) B_SPLINE_CURVE_WITH_KNOTS((1,2
    ,2,2,2,1),(-2.094395102393,0.,2.094395102393,4.188790204786,
6.28318530718,8.377580409573),.UNSPECIFIED.) CURVE() 
GEOMETRIC_REPRESENTATION_ITEM() RATIONAL_B_SPLINE_CURVE((1.,0.5,1.,0.5,
1.,0.5,1.)) REPRESENTATION_ITEM('') );
#5453 = CARTESIAN_POINT('',(-11.64175001755,-11.9317094892));
#5454 = CARTESIAN_POINT('',(-11.0218921364,-12.53650384052));
#5455 = CARTESIAN_POINT('',(-11.85558834928,-12.77091933667));
#5456 = CARTESIAN_POINT('',(-12.68928456217,-13.00533483282));
#5457 = CARTESIAN_POINT('',(-12.47544623043,-12.16612498534));
#5458 = CARTESIAN_POINT('',(-12.26160789869,-11.32691513787));
#5459 = CARTESIAN_POINT('',(-11.64175001755,-11.9317094892));
#5460 = ( GEOMETRIC_REPRESENTATION_CONTEXT(2) 
PARAMETRIC_REPRESENTATION_CONTEXT() REPRESENTATION_CONTEXT('2D SPACE',''
  ) );
#5461 = PCURVE('',#5462,#5467);
#5462 = CYLINDRICAL_SURFACE('',#5463,0.500000000072);
#5463 = AXIS2_PLACEMENT_3D('',#5464,#5465,#5466);
#5464 = CARTESIAN_POINT('',(-11.99092819909,-12.28958460374,0.));
#5465 = DIRECTION('',(0.,0.,-1.));
#5466 = DIRECTION('',(0.698356362983,0.715750228978,0.));
#5467 = DEFINITIONAL_REPRESENTATION('',(#5468),#5472);
#5468 = LINE('',#5469,#5470);
#5469 = CARTESIAN_POINT('',(0.,0.));
#5470 = VECTOR('',#5471,1.);
#5471 = DIRECTION('',(1.,0.));
#5472 = ( GEOMETRIC_REPRESENTATION_CONTEXT(2) 
PARAMETRIC_REPRESENTATION_CONTEXT() REPRESENTATION_CONTEXT('2D SPACE',''
  ) );
#5473 = ORIENTED_EDGE('',*,*,#5474,.T.);
#5474 = EDGE_CURVE('',#5442,#5475,#5477,.T.);
#5475 = VERTEX_POINT('',#5476);
#5476 = CARTESIAN_POINT('',(-12.50663400036,-14.92196387815,0.));
#5477 = SURFACE_CURVE('',#5478,(#5497,#5519),.PCURVE_S1.);
#5478 = B_SPLINE_CURVE_WITH_KNOTS('',3,(#5479,#5480,#5481,#5482,#5483,
    #5484,#5485,#5486,#5487,#5488,#5489,#5490,#5491,#5492,#5493,#5494,
    #5495,#5496),.UNSPECIFIED.,.F.,.F.,(4,1,1,1,1,1,1,1,1,1,1,1,1,1,1,4)
  ,(0.,4.919943322603E-02,0.115298688747,0.198297768641,0.298196673931,
    0.414995405195,0.548693962792,0.699292346962,0.86679055787,
    1.051188595638,1.252486460354,1.470684152089,1.705781670896,
    1.95777901682,2.226676189894,2.512473190149),.UNSPECIFIED.);
#5479 = CARTESIAN_POINT('',(-11.59850423841,-12.59942881485,0.));
#5480 = CARTESIAN_POINT('',(-11.60864849582,-12.61231812751,0.));
#5481 = CARTESIAN_POINT('',(-11.63194103069,-12.64289144398,0.));
#5482 = CARTESIAN_POINT('',(-11.67029377722,-12.69674255805,0.));
#5483 = CARTESIAN_POINT('',(-11.71635462607,-12.76580254014,0.));
#5484 = CARTESIAN_POINT('',(-11.76916500046,-12.85062130928,0.));
#5485 = CARTESIAN_POINT('',(-11.82778167197,-12.95166808674,0.));
#5486 = CARTESIAN_POINT('',(-11.89122380651,-13.06938082138,0.));
#5487 = CARTESIAN_POINT('',(-11.95849437658,-13.20414724039,0.));
#5488 = CARTESIAN_POINT('',(-12.02857546541,-13.35631005105,0.));
#5489 = CARTESIAN_POINT('',(-12.10043239712,-13.52616412169,0.));
#5490 = CARTESIAN_POINT('',(-12.17301504919,-13.71395636319,0.));
#5491 = CARTESIAN_POINT('',(-12.24525996081,-13.91988498136,0.));
#5492 = CARTESIAN_POINT('',(-12.31609281471,-14.14409848891,0.));
#5493 = CARTESIAN_POINT('',(-12.3844283685,-14.38669716302,0.));
#5494 = CARTESIAN_POINT('',(-12.4491814039,-14.64772447073,0.));
#5495 = CARTESIAN_POINT('',(-12.48803170978,-14.828532997,0.));
#5496 = CARTESIAN_POINT('',(-12.50663400036,-14.92196387815,0.));
#5497 = PCURVE('',#4222,#5498);
#5498 = DEFINITIONAL_REPRESENTATION('',(#5499),#5518);
#5499 = B_SPLINE_CURVE_WITH_KNOTS('',3,(#5500,#5501,#5502,#5503,#5504,
    #5505,#5506,#5507,#5508,#5509,#5510,#5511,#5512,#5513,#5514,#5515,
    #5516,#5517),.UNSPECIFIED.,.F.,.F.,(4,1,1,1,1,1,1,1,1,1,1,1,1,1,1,4)
  ,(0.,4.919943322603E-02,0.115298688747,0.198297768641,0.298196673931,
    0.414995405195,0.548693962792,0.699292346962,0.86679055787,
    1.051188595638,1.252486460354,1.470684152089,1.705781670896,
    1.95777901682,2.226676189894,2.512473190149),.UNSPECIFIED.);
#5500 = CARTESIAN_POINT('',(-11.59850423841,-12.59942881485));
#5501 = CARTESIAN_POINT('',(-11.60864849582,-12.61231812751));
#5502 = CARTESIAN_POINT('',(-11.63194103069,-12.64289144398));
#5503 = CARTESIAN_POINT('',(-11.67029377722,-12.69674255805));
#5504 = CARTESIAN_POINT('',(-11.71635462607,-12.76580254014));
#5505 = CARTESIAN_POINT('',(-11.76916500046,-12.85062130928));
#5506 = CARTESIAN_POINT('',(-11.82778167197,-12.95166808674));
#5507 = CARTESIAN_POINT('',(-11.89122380651,-13.06938082138));
#5508 = CARTESIAN_POINT('',(-11.95849437658,-13.20414724039));
#5509 = CARTESIAN_POINT('',(-12.02857546541,-13.35631005105));
#5510 = CARTESIAN_POINT('',(-12.10043239712,-13.52616412169));
#5511 = CARTESIAN_POINT('',(-12.17301504919,-13.71395636319));
#5512 = CARTESIAN_POINT('',(-12.24525996081,-13.91988498136));
#5513 = CARTESIAN_POINT('',(-12.31609281471,-14.14409848891));
#5514 = CARTESIAN_POINT('',(-12.3844283685,-14.38669716302));
#5515 = CARTESIAN_POINT('',(-12.4491814039,-14.64772447073));
#5516 = CARTESIAN_POINT('',(-12.48803170978,-14.828532997));
#5517 = CARTESIAN_POINT('',(-12.50663400036,-14.92196387815));
#5518 = ( GEOMETRIC_REPRESENTATION_CONTEXT(2) 
PARAMETRIC_REPRESENTATION_CONTEXT() REPRESENTATION_CONTEXT('2D SPACE',''
  ) );
#5519 = PCURVE('',#5520,#5542);
#5520 = SURFACE_OF_LINEAR_EXTRUSION('',#5521,#5540);
#5521 = B_SPLINE_CURVE_WITH_KNOTS('',3,(#5522,#5523,#5524,#5525,#5526,
    #5527,#5528,#5529,#5530,#5531,#5532,#5533,#5534,#5535,#5536,#5537,
    #5538,#5539),.UNSPECIFIED.,.F.,.F.,(4,1,1,1,1,1,1,1,1,1,1,1,1,1,1,4)
  ,(0.,4.919943322603E-02,0.115298688747,0.198297768641,0.298196673931,
    0.414995405195,0.548693962792,0.699292346962,0.86679055787,
    1.051188595638,1.252486460354,1.470684152089,1.705781670896,
    1.95777901682,2.226676189894,2.512473190149),.UNSPECIFIED.);
#5522 = CARTESIAN_POINT('',(-11.59850423841,-12.59942881485,0.));
#5523 = CARTESIAN_POINT('',(-11.60864849582,-12.61231812751,0.));
#5524 = CARTESIAN_POINT('',(-11.63194103069,-12.64289144398,0.));
#5525 = CARTESIAN_POINT('',(-11.67029377722,-12.69674255805,0.));
#5526 = CARTESIAN_POINT('',(-11.71635462607,-12.76580254014,0.));
#5527 = CARTESIAN_POINT('',(-11.76916500046,-12.85062130928,0.));
#5528 = CARTESIAN_POINT('',(-11.82778167197,-12.95166808674,0.));
#5529 = CARTESIAN_POINT('',(-11.89122380651,-13.06938082138,0.));
#5530 = CARTESIAN_POINT('',(-11.95849437658,-13.20414724039,0.));
#5531 = CARTESIAN_POINT('',(-12.02857546541,-13.35631005105,0.));
#5532 = CARTESIAN_POINT('',(-12.10043239712,-13.52616412169,0.));
#5533 = CARTESIAN_POINT('',(-12.17301504919,-13.71395636319,0.));
#5534 = CARTESIAN_POINT('',(-12.24525996081,-13.91988498136,0.));
#5535 = CARTESIAN_POINT('',(-12.31609281471,-14.14409848891,0.));
#5536 = CARTESIAN_POINT('',(-12.3844283685,-14.38669716302,0.));
#5537 = CARTESIAN_POINT('',(-12.4491814039,-14.64772447073,0.));
#5538 = CARTESIAN_POINT('',(-12.48803170978,-14.828532997,0.));
#5539 = CARTESIAN_POINT('',(-12.50663400036,-14.92196387815,0.));
#5540 = VECTOR('',#5541,1.);
#5541 = DIRECTION('',(0.,0.,-1.));
#5542 = DEFINITIONAL_REPRESENTATION('',(#5543),#5547);
#5543 = LINE('',#5544,#5545);
#5544 = CARTESIAN_POINT('',(0.,0.));
#5545 = VECTOR('',#5546,1.);
#5546 = DIRECTION('',(1.,0.));
#5547 = ( GEOMETRIC_REPRESENTATION_CONTEXT(2) 
PARAMETRIC_REPRESENTATION_CONTEXT() REPRESENTATION_CONTEXT('2D SPACE',''
  ) );
#5548 = ORIENTED_EDGE('',*,*,#5549,.T.);
#5549 = EDGE_CURVE('',#5475,#5550,#5552,.T.);
#5550 = VERTEX_POINT('',#5551);
#5551 = CARTESIAN_POINT('',(-11.76485121097,-15.51351591302,0.));
#5552 = SURFACE_CURVE('',#5553,(#5558,#5565),.PCURVE_S1.);
#5553 = CIRCLE('',#5554,19.470000000012);
#5554 = AXIS2_PLACEMENT_3D('',#5555,#5556,#5557);
#5555 = CARTESIAN_POINT('',(7.599254558954E-12,9.589662397502E-12,0.));
#5556 = DIRECTION('',(0.,0.,1.));
#5557 = DIRECTION('',(-0.642354083224,-0.766408006069,0.));
#5558 = PCURVE('',#4222,#5559);
#5559 = DEFINITIONAL_REPRESENTATION('',(#5560),#5564);
#5560 = CIRCLE('',#5561,19.470000000012);
#5561 = AXIS2_PLACEMENT_2D('',#5562,#5563);
#5562 = CARTESIAN_POINT('',(7.605684261359E-12,9.580762287146E-12));
#5563 = DIRECTION('',(-0.642354083224,-0.766408006069));
#5564 = ( GEOMETRIC_REPRESENTATION_CONTEXT(2) 
PARAMETRIC_REPRESENTATION_CONTEXT() REPRESENTATION_CONTEXT('2D SPACE',''
  ) );
#5565 = PCURVE('',#5566,#5571);
#5566 = CYLINDRICAL_SURFACE('',#5567,19.470000000012);
#5567 = AXIS2_PLACEMENT_3D('',#5568,#5569,#5570);
#5568 = CARTESIAN_POINT('',(7.599254558954E-12,9.589662397502E-12,0.));
#5569 = DIRECTION('',(0.,0.,-1.));
#5570 = DIRECTION('',(-0.642354083224,-0.766408006069,0.));
#5571 = DEFINITIONAL_REPRESENTATION('',(#5572),#5576);
#5572 = LINE('',#5573,#5574);
#5573 = CARTESIAN_POINT('',(0.,0.));
#5574 = VECTOR('',#5575,1.);
#5575 = DIRECTION('',(-1.,0.));
#5576 = ( GEOMETRIC_REPRESENTATION_CONTEXT(2) 
PARAMETRIC_REPRESENTATION_CONTEXT() REPRESENTATION_CONTEXT('2D SPACE',''
  ) );
#5577 = ORIENTED_EDGE('',*,*,#5578,.T.);
#5578 = EDGE_CURVE('',#5550,#5579,#5581,.T.);
#5579 = VERTEX_POINT('',#5580);
#5580 = CARTESIAN_POINT('',(-9.70262483352,-14.11134218878,0.));
#5581 = SURFACE_CURVE('',#5582,(#5601,#5623),.PCURVE_S1.);
#5582 = B_SPLINE_CURVE_WITH_KNOTS('',3,(#5583,#5584,#5585,#5586,#5587,
    #5588,#5589,#5590,#5591,#5592,#5593,#5594,#5595,#5596,#5597,#5598,
    #5599,#5600),.UNSPECIFIED.,.F.,.F.,(4,1,1,1,1,1,1,1,1,1,1,1,1,1,1,4)
  ,(0.,0.285797000255,0.55469417333,0.806691519253,1.04178903806,
    1.259986729795,1.461284594512,1.645682632279,1.813180843187,
    1.963779227357,2.097477784955,2.214276516218,2.314175421508,
    2.397174501402,2.463273756923,2.512473190149),.UNSPECIFIED.);
#5583 = CARTESIAN_POINT('',(-11.76485121097,-15.51351591302,0.));
#5584 = CARTESIAN_POINT('',(-11.67790223615,-15.47458969377,0.));
#5585 = CARTESIAN_POINT('',(-11.51027196348,-15.39647976404,0.));
#5586 = CARTESIAN_POINT('',(-11.27019806126,-15.27526618213,0.));
#5587 = CARTESIAN_POINT('',(-11.04888793367,-15.1546606598,0.));
#5588 = CARTESIAN_POINT('',(-10.84605771967,-15.03571153434,0.));
#5589 = CARTESIAN_POINT('',(-10.66136816711,-14.91945452504,0.));
#5590 = CARTESIAN_POINT('',(-10.49443542871,-14.80690396663,0.));
#5591 = CARTESIAN_POINT('',(-10.34482962579,-14.69905255178,0.));
#5592 = CARTESIAN_POINT('',(-10.21207636382,-14.59686913143,0.));
#5593 = CARTESIAN_POINT('',(-10.09565793039,-14.50129682557,0.));
#5594 = CARTESIAN_POINT('',(-9.995013702798,-14.41325177015,0.));
#5595 = CARTESIAN_POINT('',(-9.909543815507,-14.33361971769,0.));
#5596 = CARTESIAN_POINT('',(-9.838603043825,-14.26325945791,0.));
#5597 = CARTESIAN_POINT('',(-9.781524042782,-14.202986159,0.));
#5598 = CARTESIAN_POINT('',(-9.737557377551,-14.15361199569,0.));
#5599 = CARTESIAN_POINT('',(-9.71293367457,-14.12410025037,0.));
#5600 = CARTESIAN_POINT('',(-9.70262483352,-14.11134218878,0.));
#5601 = PCURVE('',#4222,#5602);
#5602 = DEFINITIONAL_REPRESENTATION('',(#5603),#5622);
#5603 = B_SPLINE_CURVE_WITH_KNOTS('',3,(#5604,#5605,#5606,#5607,#5608,
    #5609,#5610,#5611,#5612,#5613,#5614,#5615,#5616,#5617,#5618,#5619,
    #5620,#5621),.UNSPECIFIED.,.F.,.F.,(4,1,1,1,1,1,1,1,1,1,1,1,1,1,1,4)
  ,(0.,0.285797000255,0.55469417333,0.806691519253,1.04178903806,
    1.259986729795,1.461284594512,1.645682632279,1.813180843187,
    1.963779227357,2.097477784955,2.214276516218,2.314175421508,
    2.397174501402,2.463273756923,2.512473190149),.UNSPECIFIED.);
#5604 = CARTESIAN_POINT('',(-11.76485121097,-15.51351591302));
#5605 = CARTESIAN_POINT('',(-11.67790223615,-15.47458969377));
#5606 = CARTESIAN_POINT('',(-11.51027196348,-15.39647976404));
#5607 = CARTESIAN_POINT('',(-11.27019806126,-15.27526618213));
#5608 = CARTESIAN_POINT('',(-11.04888793367,-15.1546606598));
#5609 = CARTESIAN_POINT('',(-10.84605771967,-15.03571153434));
#5610 = CARTESIAN_POINT('',(-10.66136816711,-14.91945452504));
#5611 = CARTESIAN_POINT('',(-10.49443542871,-14.80690396663));
#5612 = CARTESIAN_POINT('',(-10.34482962579,-14.69905255178));
#5613 = CARTESIAN_POINT('',(-10.21207636382,-14.59686913143));
#5614 = CARTESIAN_POINT('',(-10.09565793039,-14.50129682557));
#5615 = CARTESIAN_POINT('',(-9.995013702798,-14.41325177015));
#5616 = CARTESIAN_POINT('',(-9.909543815507,-14.33361971769));
#5617 = CARTESIAN_POINT('',(-9.838603043825,-14.26325945791));
#5618 = CARTESIAN_POINT('',(-9.781524042782,-14.202986159));
#5619 = CARTESIAN_POINT('',(-9.737557377551,-14.15361199569));
#5620 = CARTESIAN_POINT('',(-9.71293367457,-14.12410025037));
#5621 = CARTESIAN_POINT('',(-9.70262483352,-14.11134218878));
#5622 = ( GEOMETRIC_REPRESENTATION_CONTEXT(2) 
PARAMETRIC_REPRESENTATION_CONTEXT() REPRESENTATION_CONTEXT('2D SPACE',''
  ) );
#5623 = PCURVE('',#5624,#5646);
#5624 = SURFACE_OF_LINEAR_EXTRUSION('',#5625,#5644);
#5625 = B_SPLINE_CURVE_WITH_KNOTS('',3,(#5626,#5627,#5628,#5629,#5630,
    #5631,#5632,#5633,#5634,#5635,#5636,#5637,#5638,#5639,#5640,#5641,
    #5642,#5643),.UNSPECIFIED.,.F.,.F.,(4,1,1,1,1,1,1,1,1,1,1,1,1,1,1,4)
  ,(0.,0.285797000255,0.55469417333,0.806691519253,1.04178903806,
    1.259986729795,1.461284594512,1.645682632279,1.813180843187,
    1.963779227357,2.097477784955,2.214276516218,2.314175421508,
    2.397174501402,2.463273756923,2.512473190149),.UNSPECIFIED.);
#5626 = CARTESIAN_POINT('',(-11.76485121097,-15.51351591302,0.));
#5627 = CARTESIAN_POINT('',(-11.67790223615,-15.47458969377,0.));
#5628 = CARTESIAN_POINT('',(-11.51027196348,-15.39647976404,0.));
#5629 = CARTESIAN_POINT('',(-11.27019806126,-15.27526618213,0.));
#5630 = CARTESIAN_POINT('',(-11.04888793367,-15.1546606598,0.));
#5631 = CARTESIAN_POINT('',(-10.84605771967,-15.03571153434,0.));
#5632 = CARTESIAN_POINT('',(-10.66136816711,-14.91945452504,0.));
#5633 = CARTESIAN_POINT('',(-10.49443542871,-14.80690396663,0.));
#5634 = CARTESIAN_POINT('',(-10.34482962579,-14.69905255178,0.));
#5635 = CARTESIAN_POINT('',(-10.21207636382,-14.59686913143,0.));
#5636 = CARTESIAN_POINT('',(-10.09565793039,-14.50129682557,0.));
#5637 = CARTESIAN_POINT('',(-9.995013702798,-14.41325177015,0.));
#5638 = CARTESIAN_POINT('',(-9.909543815507,-14.33361971769,0.));
#5639 = CARTESIAN_POINT('',(-9.838603043825,-14.26325945791,0.));
#5640 = CARTESIAN_POINT('',(-9.781524042782,-14.202986159,0.));
#5641 = CARTESIAN_POINT('',(-9.737557377551,-14.15361199569,0.));
#5642 = CARTESIAN_POINT('',(-9.71293367457,-14.12410025037,0.));
#5643 = CARTESIAN_POINT('',(-9.70262483352,-14.11134218878,0.));
#5644 = VECTOR('',#5645,1.);
#5645 = DIRECTION('',(0.,0.,-1.));
#5646 = DEFINITIONAL_REPRESENTATION('',(#5647),#5651);
#5647 = LINE('',#5648,#5649);
#5648 = CARTESIAN_POINT('',(0.,0.));
#5649 = VECTOR('',#5650,1.);
#5650 = DIRECTION('',(1.,0.));
#5651 = ( GEOMETRIC_REPRESENTATION_CONTEXT(2) 
PARAMETRIC_REPRESENTATION_CONTEXT() REPRESENTATION_CONTEXT('2D SPACE',''
  ) );
#5652 = ORIENTED_EDGE('',*,*,#5653,.T.);
#5653 = EDGE_CURVE('',#5579,#5654,#5656,.T.);
#5654 = VERTEX_POINT('',#5655);
#5655 = CARTESIAN_POINT('',(-9.042023534275,-14.00492217798,0.));
#5656 = SURFACE_CURVE('',#5657,(#5662,#5673),.PCURVE_S1.);
#5657 = CIRCLE('',#5658,0.500000000072);
#5658 = AXIS2_PLACEMENT_3D('',#5659,#5660,#5661);
#5659 = CARTESIAN_POINT('',(-9.313226517441,-14.42498043822,0.));
#5660 = DIRECTION('',(0.,0.,-1.));
#5661 = DIRECTION('',(-0.778796632045,0.627276498775,0.));
#5662 = PCURVE('',#4222,#5663);
#5663 = DEFINITIONAL_REPRESENTATION('',(#5664),#5672);
#5664 = ( BOUNDED_CURVE() B_SPLINE_CURVE(2,(#5665,#5666,#5667,#5668,
#5669,#5670,#5671),.UNSPECIFIED.,.T.,.F.) B_SPLINE_CURVE_WITH_KNOTS((1,2
    ,2,2,2,1),(-2.094395102393,0.,2.094395102393,4.188790204786,
6.28318530718,8.377580409573),.UNSPECIFIED.) CURVE() 
GEOMETRIC_REPRESENTATION_ITEM() RATIONAL_B_SPLINE_CURVE((1.,0.5,1.,0.5,
1.,0.5,1.)) REPRESENTATION_ITEM('') );
#5665 = CARTESIAN_POINT('',(-9.70262483352,-14.11134218878));
#5666 = CARTESIAN_POINT('',(-9.159387450306,-13.43688452096));
#5667 = CARTESIAN_POINT('',(-8.846908667795,-14.24457072902));
#5668 = CARTESIAN_POINT('',(-8.534429885285,-15.05225693708));
#5669 = CARTESIAN_POINT('',(-9.390146051009,-14.91902839685));
#5670 = CARTESIAN_POINT('',(-10.24586221673,-14.78579985661));
#5671 = CARTESIAN_POINT('',(-9.70262483352,-14.11134218878));
#5672 = ( GEOMETRIC_REPRESENTATION_CONTEXT(2) 
PARAMETRIC_REPRESENTATION_CONTEXT() REPRESENTATION_CONTEXT('2D SPACE',''
  ) );
#5673 = PCURVE('',#5674,#5679);
#5674 = CYLINDRICAL_SURFACE('',#5675,0.500000000072);
#5675 = AXIS2_PLACEMENT_3D('',#5676,#5677,#5678);
#5676 = CARTESIAN_POINT('',(-9.313226517441,-14.42498043822,0.));
#5677 = DIRECTION('',(0.,0.,-1.));
#5678 = DIRECTION('',(-0.778796632045,0.627276498775,0.));
#5679 = DEFINITIONAL_REPRESENTATION('',(#5680),#5684);
#5680 = LINE('',#5681,#5682);
#5681 = CARTESIAN_POINT('',(0.,0.));
#5682 = VECTOR('',#5683,1.);
#5683 = DIRECTION('',(1.,0.));
#5684 = ( GEOMETRIC_REPRESENTATION_CONTEXT(2) 
PARAMETRIC_REPRESENTATION_CONTEXT() REPRESENTATION_CONTEXT('2D SPACE',''
  ) );
#5685 = ORIENTED_EDGE('',*,*,#5686,.T.);
#5686 = EDGE_CURVE('',#5654,#5687,#5689,.T.);
#5687 = VERTEX_POINT('',#5688);
#5688 = CARTESIAN_POINT('',(-8.694811899521,-14.22308970785,0.));
#5689 = SURFACE_CURVE('',#5690,(#5695,#5702),.PCURVE_S1.);
#5690 = CIRCLE('',#5691,16.670213999977);
#5691 = AXIS2_PLACEMENT_3D('',#5692,#5693,#5694);
#5692 = CARTESIAN_POINT('',(-1.248245951047E-11,-1.987832121131E-11,0.)
  );
#5693 = DIRECTION('',(0.,0.,1.));
#5694 = DIRECTION('',(-0.542405966371,-0.840116520279,0.));
#5695 = PCURVE('',#4222,#5696);
#5696 = DEFINITIONAL_REPRESENTATION('',(#5697),#5701);
#5697 = CIRCLE('',#5698,16.670213999977);
#5698 = AXIS2_PLACEMENT_2D('',#5699,#5700);
#5699 = CARTESIAN_POINT('',(-1.247602980806E-11,-1.988722132166E-11));
#5700 = DIRECTION('',(-0.542405966371,-0.840116520279));
#5701 = ( GEOMETRIC_REPRESENTATION_CONTEXT(2) 
PARAMETRIC_REPRESENTATION_CONTEXT() REPRESENTATION_CONTEXT('2D SPACE',''
  ) );
#5702 = PCURVE('',#5703,#5708);
#5703 = CYLINDRICAL_SURFACE('',#5704,16.670213999977);
#5704 = AXIS2_PLACEMENT_3D('',#5705,#5706,#5707);
#5705 = CARTESIAN_POINT('',(-1.248245951047E-11,-1.987832121131E-11,0.)
  );
#5706 = DIRECTION('',(0.,0.,-1.));
#5707 = DIRECTION('',(-0.542405966371,-0.840116520279,0.));
#5708 = DEFINITIONAL_REPRESENTATION('',(#5709),#5713);
#5709 = LINE('',#5710,#5711);
#5710 = CARTESIAN_POINT('',(0.,0.));
#5711 = VECTOR('',#5712,1.);
#5712 = DIRECTION('',(-1.,0.));
#5713 = ( GEOMETRIC_REPRESENTATION_CONTEXT(2) 
PARAMETRIC_REPRESENTATION_CONTEXT() REPRESENTATION_CONTEXT('2D SPACE',''
  ) );
#5714 = ORIENTED_EDGE('',*,*,#5715,.T.);
#5715 = EDGE_CURVE('',#5687,#5716,#5718,.T.);
#5716 = VERTEX_POINT('',#5717);
#5717 = CARTESIAN_POINT('',(-8.504068854395,-14.86444482477,0.));
#5718 = SURFACE_CURVE('',#5719,(#5724,#5735),.PCURVE_S1.);
#5719 = CIRCLE('',#5720,0.500000000072);
#5720 = AXIS2_PLACEMENT_3D('',#5721,#5722,#5723);
#5721 = CARTESIAN_POINT('',(-8.955600750303,-14.64969160117,0.));
#5722 = DIRECTION('',(0.,0.,-1.));
#5723 = DIRECTION('',(0.52157770149,0.853203786506,0.));
#5724 = PCURVE('',#4222,#5725);
#5725 = DEFINITIONAL_REPRESENTATION('',(#5726),#5734);
#5726 = ( BOUNDED_CURVE() B_SPLINE_CURVE(2,(#5727,#5728,#5729,#5730,
#5731,#5732,#5733),.UNSPECIFIED.,.T.,.F.) B_SPLINE_CURVE_WITH_KNOTS((1,2
    ,2,2,2,1),(-2.094395102393,0.,2.094395102393,4.188790204786,
6.28318530718,8.377580409573),.UNSPECIFIED.) CURVE() 
GEOMETRIC_REPRESENTATION_ITEM() RATIONAL_B_SPLINE_CURVE((1.,0.5,1.,0.5,
1.,0.5,1.)) REPRESENTATION_ITEM('') );
#5727 = CARTESIAN_POINT('',(-8.694811899521,-14.22308970785));
#5728 = CARTESIAN_POINT('',(-7.955915745696,-14.67478924746));
#5729 = CARTESIAN_POINT('',(-8.716547098782,-15.08884231763));
#5730 = CARTESIAN_POINT('',(-9.477178451868,-15.5028953878));
#5731 = CARTESIAN_POINT('',(-9.455443252607,-14.63714277802));
#5732 = CARTESIAN_POINT('',(-9.433708053346,-13.77139016825));
#5733 = CARTESIAN_POINT('',(-8.694811899521,-14.22308970785));
#5734 = ( GEOMETRIC_REPRESENTATION_CONTEXT(2) 
PARAMETRIC_REPRESENTATION_CONTEXT() REPRESENTATION_CONTEXT('2D SPACE',''
  ) );
#5735 = PCURVE('',#5736,#5741);
#5736 = CYLINDRICAL_SURFACE('',#5737,0.500000000072);
#5737 = AXIS2_PLACEMENT_3D('',#5738,#5739,#5740);
#5738 = CARTESIAN_POINT('',(-8.955600750303,-14.64969160117,0.));
#5739 = DIRECTION('',(0.,0.,-1.));
#5740 = DIRECTION('',(0.52157770149,0.853203786506,0.));
#5741 = DEFINITIONAL_REPRESENTATION('',(#5742),#5746);
#5742 = LINE('',#5743,#5744);
#5743 = CARTESIAN_POINT('',(0.,0.));
#5744 = VECTOR('',#5745,1.);
#5745 = DIRECTION('',(1.,0.));
#5746 = ( GEOMETRIC_REPRESENTATION_CONTEXT(2) 
PARAMETRIC_REPRESENTATION_CONTEXT() REPRESENTATION_CONTEXT('2D SPACE',''
  ) );
#5747 = ORIENTED_EDGE('',*,*,#5748,.T.);
#5748 = EDGE_CURVE('',#5716,#5749,#5751,.T.);
#5749 = VERTEX_POINT('',#5750);
#5750 = CARTESIAN_POINT('',(-8.872617235768,-17.33082696779,0.));
#5751 = SURFACE_CURVE('',#5752,(#5771,#5793),.PCURVE_S1.);
#5752 = B_SPLINE_CURVE_WITH_KNOTS('',3,(#5753,#5754,#5755,#5756,#5757,
    #5758,#5759,#5760,#5761,#5762,#5763,#5764,#5765,#5766,#5767,#5768,
    #5769,#5770),.UNSPECIFIED.,.F.,.F.,(4,1,1,1,1,1,1,1,1,1,1,1,1,1,1,4)
  ,(0.,4.919943322603E-02,0.115298688747,0.198297768641,0.298196673931,
    0.414995405195,0.548693962792,0.699292346962,0.86679055787,
    1.051188595638,1.252486460354,1.470684152089,1.705781670896,
    1.95777901682,2.226676189894,2.512473190149),.UNSPECIFIED.);
#5753 = CARTESIAN_POINT('',(-8.504068854395,-14.86444482477,0.));
#5754 = CARTESIAN_POINT('',(-8.511090632198,-14.87926828509,0.));
#5755 = CARTESIAN_POINT('',(-8.52699597165,-14.9142581413,0.));
#5756 = CARTESIAN_POINT('',(-8.552404134557,-14.97529338448,0.));
#5757 = CARTESIAN_POINT('',(-8.581942850051,-15.05287139174,0.));
#5758 = CARTESIAN_POINT('',(-8.61455520637,-15.14731499108,0.));
#5759 = CARTESIAN_POINT('',(-8.649217212249,-15.25887175135,0.));
#5760 = CARTESIAN_POINT('',(-8.684875172367,-15.38775038501,0.));
#5761 = CARTESIAN_POINT('',(-8.720470779377,-15.5341070386,0.));
#5762 = CARTESIAN_POINT('',(-8.754935378244,-15.69804931925,0.));
#5763 = CARTESIAN_POINT('',(-8.787194620219,-15.87963446527,0.));
#5764 = CARTESIAN_POINT('',(-8.816169768695,-16.07886952273,0.));
#5765 = CARTESIAN_POINT('',(-8.840779921102,-16.29571108571,0.));
#5766 = CARTESIAN_POINT('',(-8.85994464836,-16.53006488531,0.));
#5767 = CARTESIAN_POINT('',(-8.872583603611,-16.78178719541,0.));
#5768 = CARTESIAN_POINT('',(-8.877629104921,-17.05067890945,0.));
#5769 = CARTESIAN_POINT('',(-8.875271670386,-17.23559919482,0.));
#5770 = CARTESIAN_POINT('',(-8.872617235768,-17.33082696779,0.));
#5771 = PCURVE('',#4222,#5772);
#5772 = DEFINITIONAL_REPRESENTATION('',(#5773),#5792);
#5773 = B_SPLINE_CURVE_WITH_KNOTS('',3,(#5774,#5775,#5776,#5777,#5778,
    #5779,#5780,#5781,#5782,#5783,#5784,#5785,#5786,#5787,#5788,#5789,
    #5790,#5791),.UNSPECIFIED.,.F.,.F.,(4,1,1,1,1,1,1,1,1,1,1,1,1,1,1,4)
  ,(0.,4.919943322603E-02,0.115298688747,0.198297768641,0.298196673931,
    0.414995405195,0.548693962792,0.699292346962,0.86679055787,
    1.051188595638,1.252486460354,1.470684152089,1.705781670896,
    1.95777901682,2.226676189894,2.512473190149),.UNSPECIFIED.);
#5774 = CARTESIAN_POINT('',(-8.504068854395,-14.86444482477));
#5775 = CARTESIAN_POINT('',(-8.511090632198,-14.87926828509));
#5776 = CARTESIAN_POINT('',(-8.52699597165,-14.9142581413));
#5777 = CARTESIAN_POINT('',(-8.552404134557,-14.97529338448));
#5778 = CARTESIAN_POINT('',(-8.581942850051,-15.05287139174));
#5779 = CARTESIAN_POINT('',(-8.61455520637,-15.14731499108));
#5780 = CARTESIAN_POINT('',(-8.649217212249,-15.25887175135));
#5781 = CARTESIAN_POINT('',(-8.684875172367,-15.38775038501));
#5782 = CARTESIAN_POINT('',(-8.720470779377,-15.5341070386));
#5783 = CARTESIAN_POINT('',(-8.754935378244,-15.69804931925));
#5784 = CARTESIAN_POINT('',(-8.787194620219,-15.87963446527));
#5785 = CARTESIAN_POINT('',(-8.816169768695,-16.07886952273));
#5786 = CARTESIAN_POINT('',(-8.840779921102,-16.29571108571));
#5787 = CARTESIAN_POINT('',(-8.85994464836,-16.53006488531));
#5788 = CARTESIAN_POINT('',(-8.872583603611,-16.78178719541));
#5789 = CARTESIAN_POINT('',(-8.877629104921,-17.05067890945));
#5790 = CARTESIAN_POINT('',(-8.875271670386,-17.23559919482));
#5791 = CARTESIAN_POINT('',(-8.872617235768,-17.33082696779));
#5792 = ( GEOMETRIC_REPRESENTATION_CONTEXT(2) 
PARAMETRIC_REPRESENTATION_CONTEXT() REPRESENTATION_CONTEXT('2D SPACE',''
  ) );
#5793 = PCURVE('',#5794,#5816);
#5794 = SURFACE_OF_LINEAR_EXTRUSION('',#5795,#5814);
#5795 = B_SPLINE_CURVE_WITH_KNOTS('',3,(#5796,#5797,#5798,#5799,#5800,
    #5801,#5802,#5803,#5804,#5805,#5806,#5807,#5808,#5809,#5810,#5811,
    #5812,#5813),.UNSPECIFIED.,.F.,.F.,(4,1,1,1,1,1,1,1,1,1,1,1,1,1,1,4)
  ,(0.,4.919943322603E-02,0.115298688747,0.198297768641,0.298196673931,
    0.414995405195,0.548693962792,0.699292346962,0.86679055787,
    1.051188595638,1.252486460354,1.470684152089,1.705781670896,
    1.95777901682,2.226676189894,2.512473190149),.UNSPECIFIED.);
#5796 = CARTESIAN_POINT('',(-8.504068854395,-14.86444482477,0.));
#5797 = CARTESIAN_POINT('',(-8.511090632198,-14.87926828509,0.));
#5798 = CARTESIAN_POINT('',(-8.52699597165,-14.9142581413,0.));
#5799 = CARTESIAN_POINT('',(-8.552404134557,-14.97529338448,0.));
#5800 = CARTESIAN_POINT('',(-8.581942850051,-15.05287139174,0.));
#5801 = CARTESIAN_POINT('',(-8.61455520637,-15.14731499108,0.));
#5802 = CARTESIAN_POINT('',(-8.649217212249,-15.25887175135,0.));
#5803 = CARTESIAN_POINT('',(-8.684875172367,-15.38775038501,0.));
#5804 = CARTESIAN_POINT('',(-8.720470779377,-15.5341070386,0.));
#5805 = CARTESIAN_POINT('',(-8.754935378244,-15.69804931925,0.));
#5806 = CARTESIAN_POINT('',(-8.787194620219,-15.87963446527,0.));
#5807 = CARTESIAN_POINT('',(-8.816169768695,-16.07886952273,0.));
#5808 = CARTESIAN_POINT('',(-8.840779921102,-16.29571108571,0.));
#5809 = CARTESIAN_POINT('',(-8.85994464836,-16.53006488531,0.));
#5810 = CARTESIAN_POINT('',(-8.872583603611,-16.78178719541,0.));
#5811 = CARTESIAN_POINT('',(-8.877629104921,-17.05067890945,0.));
#5812 = CARTESIAN_POINT('',(-8.875271670386,-17.23559919482,0.));
#5813 = CARTESIAN_POINT('',(-8.872617235768,-17.33082696779,0.));
#5814 = VECTOR('',#5815,1.);
#5815 = DIRECTION('',(0.,0.,-1.));
#5816 = DEFINITIONAL_REPRESENTATION('',(#5817),#5821);
#5817 = LINE('',#5818,#5819);
#5818 = CARTESIAN_POINT('',(0.,0.));
#5819 = VECTOR('',#5820,1.);
#5820 = DIRECTION('',(1.,0.));
#5821 = ( GEOMETRIC_REPRESENTATION_CONTEXT(2) 
PARAMETRIC_REPRESENTATION_CONTEXT() REPRESENTATION_CONTEXT('2D SPACE',''
  ) );
#5822 = ORIENTED_EDGE('',*,*,#5823,.T.);
#5823 = EDGE_CURVE('',#5749,#5824,#5826,.T.);
#5824 = VERTEX_POINT('',#5825);
#5825 = CARTESIAN_POINT('',(-8.017799778329,-17.742485359,0.));
#5826 = SURFACE_CURVE('',#5827,(#5832,#5839),.PCURVE_S1.);
#5827 = CIRCLE('',#5828,19.470000000001);
#5828 = AXIS2_PLACEMENT_3D('',#5829,#5830,#5831);
#5829 = CARTESIAN_POINT('',(3.597122599786E-13,6.146194664325E-13,0.));
#5830 = DIRECTION('',(0.,0.,1.));
#5831 = DIRECTION('',(-0.455707099937,-0.890129787765,0.));
#5832 = PCURVE('',#4222,#5833);
#5833 = DEFINITIONAL_REPRESENTATION('',(#5834),#5838);
#5834 = CIRCLE('',#5835,19.470000000001);
#5835 = AXIS2_PLACEMENT_2D('',#5836,#5837);
#5836 = CARTESIAN_POINT('',(3.661419623834E-13,6.057193560765E-13));
#5837 = DIRECTION('',(-0.455707099937,-0.890129787765));
#5838 = ( GEOMETRIC_REPRESENTATION_CONTEXT(2) 
PARAMETRIC_REPRESENTATION_CONTEXT() REPRESENTATION_CONTEXT('2D SPACE',''
  ) );
#5839 = PCURVE('',#5840,#5845);
#5840 = CYLINDRICAL_SURFACE('',#5841,19.470000000001);
#5841 = AXIS2_PLACEMENT_3D('',#5842,#5843,#5844);
#5842 = CARTESIAN_POINT('',(3.597122599786E-13,6.146194664325E-13,0.));
#5843 = DIRECTION('',(0.,0.,-1.));
#5844 = DIRECTION('',(-0.455707099937,-0.890129787765,0.));
#5845 = DEFINITIONAL_REPRESENTATION('',(#5846),#5850);
#5846 = LINE('',#5847,#5848);
#5847 = CARTESIAN_POINT('',(0.,0.));
#5848 = VECTOR('',#5849,1.);
#5849 = DIRECTION('',(-1.,0.));
#5850 = ( GEOMETRIC_REPRESENTATION_CONTEXT(2) 
PARAMETRIC_REPRESENTATION_CONTEXT() REPRESENTATION_CONTEXT('2D SPACE',''
  ) );
#5851 = ORIENTED_EDGE('',*,*,#5852,.T.);
#5852 = EDGE_CURVE('',#5824,#5853,#5855,.T.);
#5853 = VERTEX_POINT('',#5854);
#5854 = CARTESIAN_POINT('',(-6.3192907284,-15.91657851798,0.));
#5855 = SURFACE_CURVE('',#5856,(#5875,#5897),.PCURVE_S1.);
#5856 = B_SPLINE_CURVE_WITH_KNOTS('',3,(#5857,#5858,#5859,#5860,#5861,
    #5862,#5863,#5864,#5865,#5866,#5867,#5868,#5869,#5870,#5871,#5872,
    #5873,#5874),.UNSPECIFIED.,.F.,.F.,(4,1,1,1,1,1,1,1,1,1,1,1,1,1,1,4)
  ,(0.,0.285797000255,0.55469417333,0.806691519253,1.04178903806,
    1.259986729795,1.461284594512,1.645682632279,1.813180843187,
    1.963779227357,2.097477784955,2.214276516218,2.314175421508,
    2.397174501402,2.463273756923,2.512473190149),.UNSPECIFIED.);
#5857 = CARTESIAN_POINT('',(-8.017799778329,-17.742485359,0.));
#5858 = CARTESIAN_POINT('',(-7.941692694506,-17.68518713426,0.));
#5859 = CARTESIAN_POINT('',(-7.795646357266,-17.57173433871,0.));
#5860 = CARTESIAN_POINT('',(-7.588564168466,-17.40013836544,0.));
#5861 = CARTESIAN_POINT('',(-7.399640001295,-17.23331053907,0.));
#5862 = CARTESIAN_POINT('',(-7.228363834731,-17.07220974786,0.));
#5863 = CARTESIAN_POINT('',(-7.074174453132,-16.91777025279,0.));
#5864 = CARTESIAN_POINT('',(-6.936471922385,-16.770895543,0.));
#5865 = CARTESIAN_POINT('',(-6.81461624686,-16.63245776531,0.));
#5866 = CARTESIAN_POINT('',(-6.707929336462,-16.50329591681,0.));
#5867 = CARTESIAN_POINT('',(-6.615696594977,-16.38421426966,0.));
#5868 = CARTESIAN_POINT('',(-6.537167596255,-16.27598124008,0.));
#5869 = CARTESIAN_POINT('',(-6.471560416171,-16.17932689028,0.));
#5870 = CARTESIAN_POINT('',(-6.418054908465,-16.09494490235,0.));
#5871 = CARTESIAN_POINT('',(-6.375819067917,-16.02348150825,0.));
#5872 = CARTESIAN_POINT('',(-6.343941523709,-15.9655617549,0.));
#5873 = CARTESIAN_POINT('',(-6.326502169503,-15.93131064126,0.));
#5874 = CARTESIAN_POINT('',(-6.3192907284,-15.91657851798,0.));
#5875 = PCURVE('',#4222,#5876);
#5876 = DEFINITIONAL_REPRESENTATION('',(#5877),#5896);
#5877 = B_SPLINE_CURVE_WITH_KNOTS('',3,(#5878,#5879,#5880,#5881,#5882,
    #5883,#5884,#5885,#5886,#5887,#5888,#5889,#5890,#5891,#5892,#5893,
    #5894,#5895),.UNSPECIFIED.,.F.,.F.,(4,1,1,1,1,1,1,1,1,1,1,1,1,1,1,4)
  ,(0.,0.285797000255,0.55469417333,0.806691519253,1.04178903806,
    1.259986729795,1.461284594512,1.645682632279,1.813180843187,
    1.963779227357,2.097477784955,2.214276516218,2.314175421508,
    2.397174501402,2.463273756923,2.512473190149),.UNSPECIFIED.);
#5878 = CARTESIAN_POINT('',(-8.017799778329,-17.742485359));
#5879 = CARTESIAN_POINT('',(-7.941692694506,-17.68518713426));
#5880 = CARTESIAN_POINT('',(-7.795646357266,-17.57173433871));
#5881 = CARTESIAN_POINT('',(-7.588564168466,-17.40013836544));
#5882 = CARTESIAN_POINT('',(-7.399640001295,-17.23331053907));
#5883 = CARTESIAN_POINT('',(-7.228363834731,-17.07220974786));
#5884 = CARTESIAN_POINT('',(-7.074174453132,-16.91777025279));
#5885 = CARTESIAN_POINT('',(-6.936471922385,-16.770895543));
#5886 = CARTESIAN_POINT('',(-6.81461624686,-16.63245776531));
#5887 = CARTESIAN_POINT('',(-6.707929336462,-16.50329591681));
#5888 = CARTESIAN_POINT('',(-6.615696594977,-16.38421426966));
#5889 = CARTESIAN_POINT('',(-6.537167596255,-16.27598124008));
#5890 = CARTESIAN_POINT('',(-6.471560416171,-16.17932689028));
#5891 = CARTESIAN_POINT('',(-6.418054908465,-16.09494490235));
#5892 = CARTESIAN_POINT('',(-6.375819067917,-16.02348150825));
#5893 = CARTESIAN_POINT('',(-6.343941523709,-15.9655617549));
#5894 = CARTESIAN_POINT('',(-6.326502169503,-15.93131064126));
#5895 = CARTESIAN_POINT('',(-6.3192907284,-15.91657851798));
#5896 = ( GEOMETRIC_REPRESENTATION_CONTEXT(2) 
PARAMETRIC_REPRESENTATION_CONTEXT() REPRESENTATION_CONTEXT('2D SPACE',''
  ) );
#5897 = PCURVE('',#5898,#5920);
#5898 = SURFACE_OF_LINEAR_EXTRUSION('',#5899,#5918);
#5899 = B_SPLINE_CURVE_WITH_KNOTS('',3,(#5900,#5901,#5902,#5903,#5904,
    #5905,#5906,#5907,#5908,#5909,#5910,#5911,#5912,#5913,#5914,#5915,
    #5916,#5917),.UNSPECIFIED.,.F.,.F.,(4,1,1,1,1,1,1,1,1,1,1,1,1,1,1,4)
  ,(0.,0.285797000255,0.55469417333,0.806691519253,1.04178903806,
    1.259986729795,1.461284594512,1.645682632279,1.813180843187,
    1.963779227357,2.097477784955,2.214276516218,2.314175421508,
    2.397174501402,2.463273756923,2.512473190149),.UNSPECIFIED.);
#5900 = CARTESIAN_POINT('',(-8.017799778329,-17.742485359,0.));
#5901 = CARTESIAN_POINT('',(-7.941692694506,-17.68518713426,0.));
#5902 = CARTESIAN_POINT('',(-7.795646357266,-17.57173433871,0.));
#5903 = CARTESIAN_POINT('',(-7.588564168466,-17.40013836544,0.));
#5904 = CARTESIAN_POINT('',(-7.399640001295,-17.23331053907,0.));
#5905 = CARTESIAN_POINT('',(-7.228363834731,-17.07220974786,0.));
#5906 = CARTESIAN_POINT('',(-7.074174453132,-16.91777025279,0.));
#5907 = CARTESIAN_POINT('',(-6.936471922385,-16.770895543,0.));
#5908 = CARTESIAN_POINT('',(-6.81461624686,-16.63245776531,0.));
#5909 = CARTESIAN_POINT('',(-6.707929336462,-16.50329591681,0.));
#5910 = CARTESIAN_POINT('',(-6.615696594977,-16.38421426966,0.));
#5911 = CARTESIAN_POINT('',(-6.537167596255,-16.27598124008,0.));
#5912 = CARTESIAN_POINT('',(-6.471560416171,-16.17932689028,0.));
#5913 = CARTESIAN_POINT('',(-6.418054908465,-16.09494490235,0.));
#5914 = CARTESIAN_POINT('',(-6.375819067917,-16.02348150825,0.));
#5915 = CARTESIAN_POINT('',(-6.343941523709,-15.9655617549,0.));
#5916 = CARTESIAN_POINT('',(-6.326502169503,-15.93131064126,0.));
#5917 = CARTESIAN_POINT('',(-6.3192907284,-15.91657851798,0.));
#5918 = VECTOR('',#5919,1.);
#5919 = DIRECTION('',(0.,0.,-1.));
#5920 = DEFINITIONAL_REPRESENTATION('',(#5921),#5925);
#5921 = LINE('',#5922,#5923);
#5922 = CARTESIAN_POINT('',(0.,0.));
#5923 = VECTOR('',#5924,1.);
#5924 = DIRECTION('',(1.,0.));
#5925 = ( GEOMETRIC_REPRESENTATION_CONTEXT(2) 
PARAMETRIC_REPRESENTATION_CONTEXT() REPRESENTATION_CONTEXT('2D SPACE',''
  ) );
#5926 = ORIENTED_EDGE('',*,*,#5927,.T.);
#5927 = EDGE_CURVE('',#5853,#5928,#5930,.T.);
#5928 = VERTEX_POINT('',#5929);
#5929 = CARTESIAN_POINT('',(-5.698932763138,-15.66582906095,0.));
#5930 = SURFACE_CURVE('',#5931,(#5936,#5947),.PCURVE_S1.);
#5931 = CIRCLE('',#5932,0.500000000072);
#5932 = AXIS2_PLACEMENT_3D('',#5933,#5934,#5935);
#5933 = CARTESIAN_POINT('',(-5.869864364911,-16.1357039247,0.));
#5934 = DIRECTION('',(0.,0.,-1.));
#5935 = DIRECTION('',(-0.89885272685,0.438250813387,0.));
#5936 = PCURVE('',#4222,#5937);
#5937 = DEFINITIONAL_REPRESENTATION('',(#5938),#5946);
#5938 = ( BOUNDED_CURVE() B_SPLINE_CURVE(2,(#5939,#5940,#5941,#5942,
#5943,#5944,#5945),.UNSPECIFIED.,.T.,.F.) B_SPLINE_CURVE_WITH_KNOTS((1,2
    ,2,2,2,1),(-2.094395102393,0.,2.094395102393,4.188790204786,
6.28318530718,8.377580409573),.UNSPECIFIED.) CURVE() 
GEOMETRIC_REPRESENTATION_ITEM() RATIONAL_B_SPLINE_CURVE((1.,0.5,1.,0.5,
1.,0.5,1.)) REPRESENTATION_ITEM('') );
#5939 = CARTESIAN_POINT('',(-6.3192907284,-15.91657851798));
#5940 = CARTESIAN_POINT('',(-5.939754390724,-15.13814922215));
#5941 = CARTESIAN_POINT('',(-5.455383014328,-15.85605198015));
#5942 = CARTESIAN_POINT('',(-4.971011637932,-16.57395473815));
#5943 = CARTESIAN_POINT('',(-5.834919352004,-16.63448127598));
#5944 = CARTESIAN_POINT('',(-6.698827066077,-16.6950078138));
#5945 = CARTESIAN_POINT('',(-6.3192907284,-15.91657851798));
#5946 = ( GEOMETRIC_REPRESENTATION_CONTEXT(2) 
PARAMETRIC_REPRESENTATION_CONTEXT() REPRESENTATION_CONTEXT('2D SPACE',''
  ) );
#5947 = PCURVE('',#5948,#5953);
#5948 = CYLINDRICAL_SURFACE('',#5949,0.500000000072);
#5949 = AXIS2_PLACEMENT_3D('',#5950,#5951,#5952);
#5950 = CARTESIAN_POINT('',(-5.869864364911,-16.1357039247,0.));
#5951 = DIRECTION('',(0.,0.,-1.));
#5952 = DIRECTION('',(-0.89885272685,0.438250813387,0.));
#5953 = DEFINITIONAL_REPRESENTATION('',(#5954),#5958);
#5954 = LINE('',#5955,#5956);
#5955 = CARTESIAN_POINT('',(0.,0.));
#5956 = VECTOR('',#5957,1.);
#5957 = DIRECTION('',(1.,0.));
#5958 = ( GEOMETRIC_REPRESENTATION_CONTEXT(2) 
PARAMETRIC_REPRESENTATION_CONTEXT() REPRESENTATION_CONTEXT('2D SPACE',''
  ) );
#5959 = ORIENTED_EDGE('',*,*,#5960,.T.);
#5960 = EDGE_CURVE('',#5928,#5961,#5963,.T.);
#5961 = VERTEX_POINT('',#5962);
#5962 = CARTESIAN_POINT('',(-5.311879606477,-15.80126481811,0.));
#5963 = SURFACE_CURVE('',#5964,(#5969,#5976),.PCURVE_S1.);
#5964 = CIRCLE('',#5965,16.67021400005);
#5965 = AXIS2_PLACEMENT_3D('',#5966,#5967,#5968);
#5966 = CARTESIAN_POINT('',(1.634115065485E-11,4.677236375983E-11,0.));
#5967 = DIRECTION('',(0.,0.,1.));
#5968 = DIRECTION('',(-0.341863203624,-0.939749727325,0.));
#5969 = PCURVE('',#4222,#5970);
#5970 = DEFINITIONAL_REPRESENTATION('',(#5971),#5975);
#5971 = CIRCLE('',#5972,16.67021400005);
#5972 = AXIS2_PLACEMENT_2D('',#5973,#5974);
#5973 = CARTESIAN_POINT('',(1.634758035726E-11,4.676346364947E-11));
#5974 = DIRECTION('',(-0.341863203624,-0.939749727325));
#5975 = ( GEOMETRIC_REPRESENTATION_CONTEXT(2) 
PARAMETRIC_REPRESENTATION_CONTEXT() REPRESENTATION_CONTEXT('2D SPACE',''
  ) );
#5976 = PCURVE('',#5977,#5982);
#5977 = CYLINDRICAL_SURFACE('',#5978,16.67021400005);
#5978 = AXIS2_PLACEMENT_3D('',#5979,#5980,#5981);
#5979 = CARTESIAN_POINT('',(1.634115065485E-11,4.677236375983E-11,0.));
#5980 = DIRECTION('',(0.,0.,-1.));
#5981 = DIRECTION('',(-0.341863203624,-0.939749727325,0.));
#5982 = DEFINITIONAL_REPRESENTATION('',(#5983),#5987);
#5983 = LINE('',#5984,#5985);
#5984 = CARTESIAN_POINT('',(0.,0.));
#5985 = VECTOR('',#5986,1.);
#5986 = DIRECTION('',(-1.,0.));
#5987 = ( GEOMETRIC_REPRESENTATION_CONTEXT(2) 
PARAMETRIC_REPRESENTATION_CONTEXT() REPRESENTATION_CONTEXT('2D SPACE',''
  ) );
#5988 = ORIENTED_EDGE('',*,*,#5989,.T.);
#5989 = EDGE_CURVE('',#5961,#5990,#5992,.T.);
#5990 = VERTEX_POINT('',#5991);
#5991 = CARTESIAN_POINT('',(-4.983203948114,-16.38409550267,0.));
#5992 = SURFACE_CURVE('',#5993,(#5998,#6009),.PCURVE_S1.);
#5993 = CIRCLE('',#5994,0.500000000072);
#5994 = AXIS2_PLACEMENT_3D('',#5995,#5996,#5997);
#5995 = CARTESIAN_POINT('',(-5.471202084562,-16.27520188993,0.));
#5996 = DIRECTION('',(0.,0.,-1.));
#5997 = DIRECTION('',(0.318644956126,0.94787414351,0.));
#5998 = PCURVE('',#4222,#5999);
#5999 = DEFINITIONAL_REPRESENTATION('',(#6000),#6008);
#6000 = ( BOUNDED_CURVE() B_SPLINE_CURVE(2,(#6001,#6002,#6003,#6004,
#6005,#6006,#6007),.UNSPECIFIED.,.T.,.F.) B_SPLINE_CURVE_WITH_KNOTS((1,2
    ,2,2,2,1),(-2.094395102393,0.,2.094395102393,4.188790204786,
6.28318530718,8.377580409573),.UNSPECIFIED.) CURVE() 
GEOMETRIC_REPRESENTATION_ITEM() RATIONAL_B_SPLINE_CURVE((1.,0.5,1.,0.5,
1.,0.5,1.)) REPRESENTATION_ITEM('') );
#6001 = CARTESIAN_POINT('',(-5.311879606477,-15.80126481811));
#6002 = CARTESIAN_POINT('',(-4.490996518489,-16.07721944494));
#6003 = CARTESIAN_POINT('',(-5.140421779611,-16.65014773926));
#6004 = CARTESIAN_POINT('',(-5.789847040734,-17.22307603358));
#6005 = CARTESIAN_POINT('',(-5.961304867599,-16.37419311243));
#6006 = CARTESIAN_POINT('',(-6.132762694465,-15.52531019127));
#6007 = CARTESIAN_POINT('',(-5.311879606477,-15.80126481811));
#6008 = ( GEOMETRIC_REPRESENTATION_CONTEXT(2) 
PARAMETRIC_REPRESENTATION_CONTEXT() REPRESENTATION_CONTEXT('2D SPACE',''
  ) );
#6009 = PCURVE('',#6010,#6015);
#6010 = CYLINDRICAL_SURFACE('',#6011,0.500000000072);
#6011 = AXIS2_PLACEMENT_3D('',#6012,#6013,#6014);
#6012 = CARTESIAN_POINT('',(-5.471202084562,-16.27520188993,0.));
#6013 = DIRECTION('',(0.,0.,-1.));
#6014 = DIRECTION('',(0.318644956126,0.94787414351,0.));
#6015 = DEFINITIONAL_REPRESENTATION('',(#6016),#6020);
#6016 = LINE('',#6017,#6018);
#6017 = CARTESIAN_POINT('',(0.,0.));
#6018 = VECTOR('',#6019,1.);
#6019 = DIRECTION('',(1.,0.));
#6020 = ( GEOMETRIC_REPRESENTATION_CONTEXT(2) 
PARAMETRIC_REPRESENTATION_CONTEXT() REPRESENTATION_CONTEXT('2D SPACE',''
  ) );
#6021 = ORIENTED_EDGE('',*,*,#6022,.T.);
#6022 = EDGE_CURVE('',#5990,#6023,#6025,.T.);
#6023 = VERTEX_POINT('',#6024);
#6024 = CARTESIAN_POINT('',(-4.793690394147,-18.87065002603,0.));
#6025 = SURFACE_CURVE('',#6026,(#6045,#6067),.PCURVE_S1.);
#6026 = B_SPLINE_CURVE_WITH_KNOTS('',3,(#6027,#6028,#6029,#6030,#6031,
    #6032,#6033,#6034,#6035,#6036,#6037,#6038,#6039,#6040,#6041,#6042,
    #6043,#6044),.UNSPECIFIED.,.F.,.F.,(4,1,1,1,1,1,1,1,1,1,1,1,1,1,1,4)
  ,(0.,4.919943322603E-02,0.115298688747,0.198297768641,0.298196673931,
    0.414995405195,0.548693962792,0.699292346962,0.86679055787,
    1.051188595638,1.252486460354,1.470684152089,1.705781670896,
    1.95777901682,2.226676189894,2.512473190149),.UNSPECIFIED.);
#6027 = CARTESIAN_POINT('',(-4.983203948114,-16.38409550267,0.));
#6028 = CARTESIAN_POINT('',(-4.986751145054,-16.40010980044,0.));
#6029 = CARTESIAN_POINT('',(-4.994471728956,-16.43776165889,0.));
#6030 = CARTESIAN_POINT('',(-5.005661236853,-16.50292046924,0.));
#6031 = CARTESIAN_POINT('',(-5.017196624449,-16.58512641644,0.));
#6032 = CARTESIAN_POINT('',(-5.027975642974,-16.68445904956,0.));
#6033 = CARTESIAN_POINT('',(-5.036944885514,-16.80093187086,0.));
#6034 = CARTESIAN_POINT('',(-5.043030632195,-16.93451389068,0.));
#6035 = CARTESIAN_POINT('',(-5.045166363772,-17.08512184512,0.));
#6036 = CARTESIAN_POINT('',(-5.042286273786,-17.25262284524,0.));
#6037 = CARTESIAN_POINT('',(-5.033330212927,-17.43683362919,0.));
#6038 = CARTESIAN_POINT('',(-5.017244922874,-17.63752102488,0.));
#6039 = CARTESIAN_POINT('',(-4.992986260264,-17.85440219126,0.));
#6040 = CARTESIAN_POINT('',(-4.959521861433,-18.08714480482,0.));
#6041 = CARTESIAN_POINT('',(-4.915830448147,-18.33536834319,0.));
#6042 = CARTESIAN_POINT('',(-4.860915412863,-18.59864111022,0.));
#6043 = CARTESIAN_POINT('',(-4.817468449526,-18.77840047942,0.));
#6044 = CARTESIAN_POINT('',(-4.793690394147,-18.87065002603,0.));
#6045 = PCURVE('',#4222,#6046);
#6046 = DEFINITIONAL_REPRESENTATION('',(#6047),#6066);
#6047 = B_SPLINE_CURVE_WITH_KNOTS('',3,(#6048,#6049,#6050,#6051,#6052,
    #6053,#6054,#6055,#6056,#6057,#6058,#6059,#6060,#6061,#6062,#6063,
    #6064,#6065),.UNSPECIFIED.,.F.,.F.,(4,1,1,1,1,1,1,1,1,1,1,1,1,1,1,4)
  ,(0.,4.919943322603E-02,0.115298688747,0.198297768641,0.298196673931,
    0.414995405195,0.548693962792,0.699292346962,0.86679055787,
    1.051188595638,1.252486460354,1.470684152089,1.705781670896,
    1.95777901682,2.226676189894,2.512473190149),.UNSPECIFIED.);
#6048 = CARTESIAN_POINT('',(-4.983203948114,-16.38409550267));
#6049 = CARTESIAN_POINT('',(-4.986751145054,-16.40010980044));
#6050 = CARTESIAN_POINT('',(-4.994471728956,-16.43776165889));
#6051 = CARTESIAN_POINT('',(-5.005661236853,-16.50292046924));
#6052 = CARTESIAN_POINT('',(-5.017196624449,-16.58512641644));
#6053 = CARTESIAN_POINT('',(-5.027975642974,-16.68445904956));
#6054 = CARTESIAN_POINT('',(-5.036944885514,-16.80093187086));
#6055 = CARTESIAN_POINT('',(-5.043030632195,-16.93451389068));
#6056 = CARTESIAN_POINT('',(-5.045166363772,-17.08512184512));
#6057 = CARTESIAN_POINT('',(-5.042286273786,-17.25262284524));
#6058 = CARTESIAN_POINT('',(-5.033330212927,-17.43683362919));
#6059 = CARTESIAN_POINT('',(-5.017244922874,-17.63752102488));
#6060 = CARTESIAN_POINT('',(-4.992986260264,-17.85440219126));
#6061 = CARTESIAN_POINT('',(-4.959521861433,-18.08714480482));
#6062 = CARTESIAN_POINT('',(-4.915830448147,-18.33536834319));
#6063 = CARTESIAN_POINT('',(-4.860915412863,-18.59864111022));
#6064 = CARTESIAN_POINT('',(-4.817468449526,-18.77840047942));
#6065 = CARTESIAN_POINT('',(-4.793690394147,-18.87065002603));
#6066 = ( GEOMETRIC_REPRESENTATION_CONTEXT(2) 
PARAMETRIC_REPRESENTATION_CONTEXT() REPRESENTATION_CONTEXT('2D SPACE',''
  ) );
#6067 = PCURVE('',#6068,#6090);
#6068 = SURFACE_OF_LINEAR_EXTRUSION('',#6069,#6088);
#6069 = B_SPLINE_CURVE_WITH_KNOTS('',3,(#6070,#6071,#6072,#6073,#6074,
    #6075,#6076,#6077,#6078,#6079,#6080,#6081,#6082,#6083,#6084,#6085,
    #6086,#6087),.UNSPECIFIED.,.F.,.F.,(4,1,1,1,1,1,1,1,1,1,1,1,1,1,1,4)
  ,(0.,4.919943322603E-02,0.115298688747,0.198297768641,0.298196673931,
    0.414995405195,0.548693962792,0.699292346962,0.86679055787,
    1.051188595638,1.252486460354,1.470684152089,1.705781670896,
    1.95777901682,2.226676189894,2.512473190149),.UNSPECIFIED.);
#6070 = CARTESIAN_POINT('',(-4.983203948114,-16.38409550267,0.));
#6071 = CARTESIAN_POINT('',(-4.986751145054,-16.40010980044,0.));
#6072 = CARTESIAN_POINT('',(-4.994471728956,-16.43776165889,0.));
#6073 = CARTESIAN_POINT('',(-5.005661236853,-16.50292046924,0.));
#6074 = CARTESIAN_POINT('',(-5.017196624449,-16.58512641644,0.));
#6075 = CARTESIAN_POINT('',(-5.027975642974,-16.68445904956,0.));
#6076 = CARTESIAN_POINT('',(-5.036944885514,-16.80093187086,0.));
#6077 = CARTESIAN_POINT('',(-5.043030632195,-16.93451389068,0.));
#6078 = CARTESIAN_POINT('',(-5.045166363772,-17.08512184512,0.));
#6079 = CARTESIAN_POINT('',(-5.042286273786,-17.25262284524,0.));
#6080 = CARTESIAN_POINT('',(-5.033330212927,-17.43683362919,0.));
#6081 = CARTESIAN_POINT('',(-5.017244922874,-17.63752102488,0.));
#6082 = CARTESIAN_POINT('',(-4.992986260264,-17.85440219126,0.));
#6083 = CARTESIAN_POINT('',(-4.959521861433,-18.08714480482,0.));
#6084 = CARTESIAN_POINT('',(-4.915830448147,-18.33536834319,0.));
#6085 = CARTESIAN_POINT('',(-4.860915412863,-18.59864111022,0.));
#6086 = CARTESIAN_POINT('',(-4.817468449526,-18.77840047942,0.));
#6087 = CARTESIAN_POINT('',(-4.793690394147,-18.87065002603,0.));
#6088 = VECTOR('',#6089,1.);
#6089 = DIRECTION('',(0.,0.,-1.));
#6090 = DEFINITIONAL_REPRESENTATION('',(#6091),#6095);
#6091 = LINE('',#6092,#6093);
#6092 = CARTESIAN_POINT('',(0.,0.));
#6093 = VECTOR('',#6094,1.);
#6094 = DIRECTION('',(1.,0.));
#6095 = ( GEOMETRIC_REPRESENTATION_CONTEXT(2) 
PARAMETRIC_REPRESENTATION_CONTEXT() REPRESENTATION_CONTEXT('2D SPACE',''
  ) );
#6096 = ORIENTED_EDGE('',*,*,#6097,.T.);
#6097 = EDGE_CURVE('',#6023,#6098,#6100,.T.);
#6098 = VERTEX_POINT('',#6099);
#6099 = CARTESIAN_POINT('',(-3.868702385385,-19.08177250292,0.));
#6100 = SURFACE_CURVE('',#6101,(#6106,#6113),.PCURVE_S1.);
#6101 = CIRCLE('',#6102,19.470000000005);
#6102 = AXIS2_PLACEMENT_3D('',#6103,#6104,#6105);
#6103 = CARTESIAN_POINT('',(1.145750161413E-12,5.055511564933E-12,0.));
#6104 = DIRECTION('',(0.,0.,1.));
#6105 = DIRECTION('',(-0.246209059792,-0.969216745045,0.));
#6106 = PCURVE('',#4222,#6107);
#6107 = DEFINITIONAL_REPRESENTATION('',(#6108),#6112);
#6108 = CIRCLE('',#6109,19.470000000005);
#6109 = AXIS2_PLACEMENT_2D('',#6110,#6111);
#6110 = CARTESIAN_POINT('',(1.152179863818E-12,5.046611454577E-12));
#6111 = DIRECTION('',(-0.246209059792,-0.969216745045));
#6112 = ( GEOMETRIC_REPRESENTATION_CONTEXT(2) 
PARAMETRIC_REPRESENTATION_CONTEXT() REPRESENTATION_CONTEXT('2D SPACE',''
  ) );
#6113 = PCURVE('',#6114,#6119);
#6114 = CYLINDRICAL_SURFACE('',#6115,19.470000000005);
#6115 = AXIS2_PLACEMENT_3D('',#6116,#6117,#6118);
#6116 = CARTESIAN_POINT('',(1.145750161413E-12,5.055511564933E-12,0.));
#6117 = DIRECTION('',(0.,0.,-1.));
#6118 = DIRECTION('',(-0.246209059792,-0.969216745045,0.));
#6119 = DEFINITIONAL_REPRESENTATION('',(#6120),#6124);
#6120 = LINE('',#6121,#6122);
#6121 = CARTESIAN_POINT('',(0.,0.));
#6122 = VECTOR('',#6123,1.);
#6123 = DIRECTION('',(-1.,0.));
#6124 = ( GEOMETRIC_REPRESENTATION_CONTEXT(2) 
PARAMETRIC_REPRESENTATION_CONTEXT() REPRESENTATION_CONTEXT('2D SPACE',''
  ) );
#6125 = ORIENTED_EDGE('',*,*,#6126,.T.);
#6126 = EDGE_CURVE('',#6098,#6127,#6129,.T.);
#6127 = VERTEX_POINT('',#6128);
#6128 = CARTESIAN_POINT('',(-2.619080999099,-16.92369113844,0.));
#6129 = SURFACE_CURVE('',#6130,(#6149,#6171),.PCURVE_S1.);
#6130 = B_SPLINE_CURVE_WITH_KNOTS('',3,(#6131,#6132,#6133,#6134,#6135,
    #6136,#6137,#6138,#6139,#6140,#6141,#6142,#6143,#6144,#6145,#6146,
    #6147,#6148),.UNSPECIFIED.,.F.,.F.,(4,1,1,1,1,1,1,1,1,1,1,1,1,1,1,4)
  ,(0.,0.285797000255,0.55469417333,0.806691519253,1.04178903806,
    1.259986729795,1.461284594512,1.645682632279,1.813180843187,
    1.963779227357,2.097477784955,2.214276516218,2.314175421508,
    2.397174501402,2.463273756923,2.512473190149),.UNSPECIFIED.);
#6131 = CARTESIAN_POINT('',(-3.868702385385,-19.08177250292,0.));
#6132 = CARTESIAN_POINT('',(-3.807253519536,-19.00897544492,0.));
#6133 = CARTESIAN_POINT('',(-3.690114490914,-18.86586878047,0.));
#6134 = CARTESIAN_POINT('',(-3.526407981174,-18.65249495444,0.));
#6135 = CARTESIAN_POINT('',(-3.379343221047,-18.44781026786,0.));
#6136 = CARTESIAN_POINT('',(-3.248209604091,-18.2526360773,0.));
#6137 = CARTESIAN_POINT('',(-3.132252092892,-18.0677583376,0.));
#6138 = CARTESIAN_POINT('',(-3.030684749685,-17.89392438769,0.));
#6139 = CARTESIAN_POINT('',(-2.942689553945,-17.73184209539,0.));
#6140 = CARTESIAN_POINT('',(-2.867418722294,-17.58217853315,0.));
#6141 = CARTESIAN_POINT('',(-2.803996607543,-17.44555879575,0.));
#6142 = CARTESIAN_POINT('',(-2.751520609601,-17.32256504805,0.));
#6143 = CARTESIAN_POINT('',(-2.709065954686,-17.21373505361,0.));
#6144 = CARTESIAN_POINT('',(-2.675678700531,-17.11956260274,0.));
#6145 = CARTESIAN_POINT('',(-2.650403901884,-17.04049258645,0.));
#6146 = CARTESIAN_POINT('',(-2.632213951875,-16.97693158133,0.));
#6147 = CARTESIAN_POINT('',(-2.622833428484,-16.93965859324,0.));
#6148 = CARTESIAN_POINT('',(-2.619080999099,-16.92369113844,0.));
#6149 = PCURVE('',#4222,#6150);
#6150 = DEFINITIONAL_REPRESENTATION('',(#6151),#6170);
#6151 = B_SPLINE_CURVE_WITH_KNOTS('',3,(#6152,#6153,#6154,#6155,#6156,
    #6157,#6158,#6159,#6160,#6161,#6162,#6163,#6164,#6165,#6166,#6167,
    #6168,#6169),.UNSPECIFIED.,.F.,.F.,(4,1,1,1,1,1,1,1,1,1,1,1,1,1,1,4)
  ,(0.,0.285797000255,0.55469417333,0.806691519253,1.04178903806,
    1.259986729795,1.461284594512,1.645682632279,1.813180843187,
    1.963779227357,2.097477784955,2.214276516218,2.314175421508,
    2.397174501402,2.463273756923,2.512473190149),.UNSPECIFIED.);
#6152 = CARTESIAN_POINT('',(-3.868702385385,-19.08177250292));
#6153 = CARTESIAN_POINT('',(-3.807253519536,-19.00897544492));
#6154 = CARTESIAN_POINT('',(-3.690114490914,-18.86586878047));
#6155 = CARTESIAN_POINT('',(-3.526407981174,-18.65249495444));
#6156 = CARTESIAN_POINT('',(-3.379343221047,-18.44781026786));
#6157 = CARTESIAN_POINT('',(-3.248209604091,-18.2526360773));
#6158 = CARTESIAN_POINT('',(-3.132252092892,-18.0677583376));
#6159 = CARTESIAN_POINT('',(-3.030684749685,-17.89392438769));
#6160 = CARTESIAN_POINT('',(-2.942689553945,-17.73184209539));
#6161 = CARTESIAN_POINT('',(-2.867418722294,-17.58217853315));
#6162 = CARTESIAN_POINT('',(-2.803996607543,-17.44555879575));
#6163 = CARTESIAN_POINT('',(-2.751520609601,-17.32256504805));
#6164 = CARTESIAN_POINT('',(-2.709065954686,-17.21373505361));
#6165 = CARTESIAN_POINT('',(-2.675678700531,-17.11956260274));
#6166 = CARTESIAN_POINT('',(-2.650403901884,-17.04049258645));
#6167 = CARTESIAN_POINT('',(-2.632213951875,-16.97693158133));
#6168 = CARTESIAN_POINT('',(-2.622833428484,-16.93965859324));
#6169 = CARTESIAN_POINT('',(-2.619080999099,-16.92369113844));
#6170 = ( GEOMETRIC_REPRESENTATION_CONTEXT(2) 
PARAMETRIC_REPRESENTATION_CONTEXT() REPRESENTATION_CONTEXT('2D SPACE',''
  ) );
#6171 = PCURVE('',#6172,#6194);
#6172 = SURFACE_OF_LINEAR_EXTRUSION('',#6173,#6192);
#6173 = B_SPLINE_CURVE_WITH_KNOTS('',3,(#6174,#6175,#6176,#6177,#6178,
    #6179,#6180,#6181,#6182,#6183,#6184,#6185,#6186,#6187,#6188,#6189,
    #6190,#6191),.UNSPECIFIED.,.F.,.F.,(4,1,1,1,1,1,1,1,1,1,1,1,1,1,1,4)
  ,(0.,0.285797000255,0.55469417333,0.806691519253,1.04178903806,
    1.259986729795,1.461284594512,1.645682632279,1.813180843187,
    1.963779227357,2.097477784955,2.214276516218,2.314175421508,
    2.397174501402,2.463273756923,2.512473190149),.UNSPECIFIED.);
#6174 = CARTESIAN_POINT('',(-3.868702385385,-19.08177250292,0.));
#6175 = CARTESIAN_POINT('',(-3.807253519536,-19.00897544492,0.));
#6176 = CARTESIAN_POINT('',(-3.690114490914,-18.86586878047,0.));
#6177 = CARTESIAN_POINT('',(-3.526407981174,-18.65249495444,0.));
#6178 = CARTESIAN_POINT('',(-3.379343221047,-18.44781026786,0.));
#6179 = CARTESIAN_POINT('',(-3.248209604091,-18.2526360773,0.));
#6180 = CARTESIAN_POINT('',(-3.132252092892,-18.0677583376,0.));
#6181 = CARTESIAN_POINT('',(-3.030684749685,-17.89392438769,0.));
#6182 = CARTESIAN_POINT('',(-2.942689553945,-17.73184209539,0.));
#6183 = CARTESIAN_POINT('',(-2.867418722294,-17.58217853315,0.));
#6184 = CARTESIAN_POINT('',(-2.803996607543,-17.44555879575,0.));
#6185 = CARTESIAN_POINT('',(-2.751520609601,-17.32256504805,0.));
#6186 = CARTESIAN_POINT('',(-2.709065954686,-17.21373505361,0.));
#6187 = CARTESIAN_POINT('',(-2.675678700531,-17.11956260274,0.));
#6188 = CARTESIAN_POINT('',(-2.650403901884,-17.04049258645,0.));
#6189 = CARTESIAN_POINT('',(-2.632213951875,-16.97693158133,0.));
#6190 = CARTESIAN_POINT('',(-2.622833428484,-16.93965859324,0.));
#6191 = CARTESIAN_POINT('',(-2.619080999099,-16.92369113844,0.));
#6192 = VECTOR('',#6193,1.);
#6193 = DIRECTION('',(0.,0.,-1.));
#6194 = DEFINITIONAL_REPRESENTATION('',(#6195),#6199);
#6195 = LINE('',#6196,#6197);
#6196 = CARTESIAN_POINT('',(0.,0.));
#6197 = VECTOR('',#6198,1.);
#6198 = DIRECTION('',(1.,0.));
#6199 = ( GEOMETRIC_REPRESENTATION_CONTEXT(2) 
PARAMETRIC_REPRESENTATION_CONTEXT() REPRESENTATION_CONTEXT('2D SPACE',''
  ) );
#6200 = ORIENTED_EDGE('',*,*,#6201,.T.);
#6201 = EDGE_CURVE('',#6127,#6202,#6204,.T.);
#6202 = VERTEX_POINT('',#6203);
#6203 = CARTESIAN_POINT('',(-2.070073706588,-16.54118586,0.));
#6204 = SURFACE_CURVE('',#6205,(#6210,#6221),.PCURVE_S1.);
#6205 = CIRCLE('',#6206,0.500000000072);
#6206 = AXIS2_PLACEMENT_3D('',#6207,#6208,#6209);
#6207 = CARTESIAN_POINT('',(-2.132162702704,-17.03731583957,0.));
#6208 = DIRECTION('',(0.,0.,-1.));
#6209 = DIRECTION('',(-0.973836592649,0.227249402239,0.));
#6210 = PCURVE('',#4222,#6211);
#6211 = DEFINITIONAL_REPRESENTATION('',(#6212),#6220);
#6212 = ( BOUNDED_CURVE() B_SPLINE_CURVE(2,(#6213,#6214,#6215,#6216,
#6217,#6218,#6219),.UNSPECIFIED.,.T.,.F.) B_SPLINE_CURVE_WITH_KNOTS((1,2
    ,2,2,2,1),(-2.094395102393,0.,2.094395102393,4.188790204786,
6.28318530718,8.377580409573),.UNSPECIFIED.) CURVE() 
GEOMETRIC_REPRESENTATION_ITEM() RATIONAL_B_SPLINE_CURVE((1.,0.5,1.,0.5,
1.,0.5,1.)) REPRESENTATION_ITEM('') );
#6213 = CARTESIAN_POINT('',(-2.619080999099,-16.92369113844));
#6214 = CARTESIAN_POINT('',(-2.422277243736,-16.08032390995));
#6215 = CARTESIAN_POINT('',(-1.790301676826,-16.67244457589));
#6216 = CARTESIAN_POINT('',(-1.158326109916,-17.26456524184));
#6217 = CARTESIAN_POINT('',(-1.987105432189,-17.51581180438));
#6218 = CARTESIAN_POINT('',(-2.815884754461,-17.76705836692));
#6219 = CARTESIAN_POINT('',(-2.619080999099,-16.92369113844));
#6220 = ( GEOMETRIC_REPRESENTATION_CONTEXT(2) 
PARAMETRIC_REPRESENTATION_CONTEXT() REPRESENTATION_CONTEXT('2D SPACE',''
  ) );
#6221 = PCURVE('',#6222,#6227);
#6222 = CYLINDRICAL_SURFACE('',#6223,0.500000000072);
#6223 = AXIS2_PLACEMENT_3D('',#6224,#6225,#6226);
#6224 = CARTESIAN_POINT('',(-2.132162702704,-17.03731583957,0.));
#6225 = DIRECTION('',(0.,0.,-1.));
#6226 = DIRECTION('',(-0.973836592649,0.227249402239,0.));
#6227 = DEFINITIONAL_REPRESENTATION('',(#6228),#6232);
#6228 = LINE('',#6229,#6230);
#6229 = CARTESIAN_POINT('',(0.,0.));
#6230 = VECTOR('',#6231,1.);
#6231 = DIRECTION('',(1.,0.));
#6232 = ( GEOMETRIC_REPRESENTATION_CONTEXT(2) 
PARAMETRIC_REPRESENTATION_CONTEXT() REPRESENTATION_CONTEXT('2D SPACE',''
  ) );
#6233 = ORIENTED_EDGE('',*,*,#6234,.T.);
#6234 = EDGE_CURVE('',#6202,#6235,#6237,.T.);
#6235 = VERTEX_POINT('',#6236);
#6236 = CARTESIAN_POINT('',(-1.662587489486,-16.58709853005,0.));
#6237 = SURFACE_CURVE('',#6238,(#6243,#6250),.PCURVE_S1.);
#6238 = CIRCLE('',#6239,16.670213999988);
#6239 = AXIS2_PLACEMENT_3D('',#6240,#6241,#6242);
#6240 = CARTESIAN_POINT('',(-1.373345881461E-12,-1.236521995907E-11,0.)
  );
#6241 = DIRECTION('',(0.,0.,1.));
#6242 = DIRECTION('',(-0.124177992351,-0.99225995899,0.));
#6243 = PCURVE('',#4222,#6244);
#6244 = DEFINITIONAL_REPRESENTATION('',(#6245),#6249);
#6245 = CIRCLE('',#6246,16.670213999988);
#6246 = AXIS2_PLACEMENT_2D('',#6247,#6248);
#6247 = CARTESIAN_POINT('',(-1.366916179056E-12,-1.237412006942E-11));
#6248 = DIRECTION('',(-0.124177992351,-0.99225995899));
#6249 = ( GEOMETRIC_REPRESENTATION_CONTEXT(2) 
PARAMETRIC_REPRESENTATION_CONTEXT() REPRESENTATION_CONTEXT('2D SPACE',''
  ) );
#6250 = PCURVE('',#6251,#6256);
#6251 = CYLINDRICAL_SURFACE('',#6252,16.670213999988);
#6252 = AXIS2_PLACEMENT_3D('',#6253,#6254,#6255);
#6253 = CARTESIAN_POINT('',(-1.373345881461E-12,-1.236521995907E-11,0.)
  );
#6254 = DIRECTION('',(0.,0.,-1.));
#6255 = DIRECTION('',(-0.124177992351,-0.99225995899,0.));
#6256 = DEFINITIONAL_REPRESENTATION('',(#6257),#6261);
#6257 = LINE('',#6258,#6259);
#6258 = CARTESIAN_POINT('',(0.,0.));
#6259 = VECTOR('',#6260,1.);
#6260 = DIRECTION('',(-1.,0.));
#6261 = ( GEOMETRIC_REPRESENTATION_CONTEXT(2) 
PARAMETRIC_REPRESENTATION_CONTEXT() REPRESENTATION_CONTEXT('2D SPACE',''
  ) );
#6262 = ORIENTED_EDGE('',*,*,#6263,.T.);
#6263 = EDGE_CURVE('',#6235,#6264,#6266,.T.);
#6264 = VERTEX_POINT('',#6265);
#6265 = CARTESIAN_POINT('',(-1.212460387827,-17.08217921803,0.));
#6266 = SURFACE_CURVE('',#6267,(#6272,#6283),.PCURVE_S1.);
#6267 = CIRCLE('',#6268,0.500000000072);
#6268 = AXIS2_PLACEMENT_3D('',#6269,#6270,#6271);
#6269 = CARTESIAN_POINT('',(-1.712454500551,-17.08460559661,0.));
#6270 = DIRECTION('',(0.,0.,-1.));
#6271 = DIRECTION('',(9.973402211601E-02,0.995014132981,0.));
#6272 = PCURVE('',#4222,#6273);
#6273 = DEFINITIONAL_REPRESENTATION('',(#6274),#6282);
#6274 = ( BOUNDED_CURVE() B_SPLINE_CURVE(2,(#6275,#6276,#6277,#6278,
#6279,#6280,#6281),.UNSPECIFIED.,.T.,.F.) B_SPLINE_CURVE_WITH_KNOTS((1,2
    ,2,2,2,1),(-2.094395102393,0.,2.094395102393,4.188790204786,
6.28318530718,8.377580409573),.UNSPECIFIED.) CURVE() 
GEOMETRIC_REPRESENTATION_ITEM() RATIONAL_B_SPLINE_CURVE((1.,0.5,1.,0.5,
1.,0.5,1.)) REPRESENTATION_ITEM('') );
#6275 = CARTESIAN_POINT('',(-1.662587489486,-16.58709853005));
#6276 = CARTESIAN_POINT('',(-0.800879973076,-16.67347072683));
#6277 = CARTESIAN_POINT('',(-1.306534247879,-17.37654522828));
#6278 = CARTESIAN_POINT('',(-1.812188522682,-18.07961972973));
#6279 = CARTESIAN_POINT('',(-2.168241764289,-17.2901730315));
#6280 = CARTESIAN_POINT('',(-2.524295005896,-16.50072633326));
#6281 = CARTESIAN_POINT('',(-1.662587489486,-16.58709853005));
#6282 = ( GEOMETRIC_REPRESENTATION_CONTEXT(2) 
PARAMETRIC_REPRESENTATION_CONTEXT() REPRESENTATION_CONTEXT('2D SPACE',''
  ) );
#6283 = PCURVE('',#6284,#6289);
#6284 = CYLINDRICAL_SURFACE('',#6285,0.500000000072);
#6285 = AXIS2_PLACEMENT_3D('',#6286,#6287,#6288);
#6286 = CARTESIAN_POINT('',(-1.712454500551,-17.08460559661,0.));
#6287 = DIRECTION('',(0.,0.,-1.));
#6288 = DIRECTION('',(9.973402211601E-02,0.995014132981,0.));
#6289 = DEFINITIONAL_REPRESENTATION('',(#6290),#6294);
#6290 = LINE('',#6291,#6292);
#6291 = CARTESIAN_POINT('',(0.,0.));
#6292 = VECTOR('',#6293,1.);
#6293 = DIRECTION('',(1.,0.));
#6294 = ( GEOMETRIC_REPRESENTATION_CONTEXT(2) 
PARAMETRIC_REPRESENTATION_CONTEXT() REPRESENTATION_CONTEXT('2D SPACE',''
  ) );
#6295 = ORIENTED_EDGE('',*,*,#6296,.T.);
#6296 = EDGE_CURVE('',#6264,#6297,#6299,.T.);
#6297 = VERTEX_POINT('',#6298);
#6298 = CARTESIAN_POINT('',(-0.474387899456,-19.46421989499,0.));
#6299 = SURFACE_CURVE('',#6300,(#6319,#6341),.PCURVE_S1.);
#6300 = B_SPLINE_CURVE_WITH_KNOTS('',3,(#6301,#6302,#6303,#6304,#6305,
    #6306,#6307,#6308,#6309,#6310,#6311,#6312,#6313,#6314,#6315,#6316,
    #6317,#6318),.UNSPECIFIED.,.F.,.F.,(4,1,1,1,1,1,1,1,1,1,1,1,1,1,1,4)
  ,(0.,4.919943322603E-02,0.115298688747,0.198297768641,0.298196673931,
    0.414995405195,0.548693962792,0.699292346962,0.86679055787,
    1.051188595638,1.252486460354,1.470684152089,1.705781670896,
    1.95777901682,2.226676189894,2.512473190149),.UNSPECIFIED.);
#6301 = CARTESIAN_POINT('',(-1.212460387827,-17.08217921803,0.));
#6302 = CARTESIAN_POINT('',(-1.212355132637,-17.0985813295,0.));
#6303 = CARTESIAN_POINT('',(-1.211503818674,-17.13700716879,0.));
#6304 = CARTESIAN_POINT('',(-1.207913582912,-17.20302221147,0.));
#6305 = CARTESIAN_POINT('',(-1.200867210109,-17.28573394917,0.));
#6306 = CARTESIAN_POINT('',(-1.189272385842,-17.38497466305,0.));
#6307 = CARTESIAN_POINT('',(-1.172099109768,-17.50052311178,0.));
#6308 = CARTESIAN_POINT('',(-1.148307478263,-17.6321101575,0.));
#6309 = CARTESIAN_POINT('',(-1.116876239908,-17.77941730106,0.));
#6310 = CARTESIAN_POINT('',(-1.076795880806,-17.94207782108,0.));
#6311 = CARTESIAN_POINT('',(-1.027073611402,-18.11967714506,0.));
#6312 = CARTESIAN_POINT('',(-0.96673446643,-18.31175357498,0.));
#6313 = CARTESIAN_POINT('',(-0.89482341944,-18.51779901744,0.));
#6314 = CARTESIAN_POINT('',(-0.810407939214,-18.73725975848,0.));
#6315 = CARTESIAN_POINT('',(-0.712577027292,-18.9695375604,0.));
#6316 = CARTESIAN_POINT('',(-0.600455124589,-19.21398978456,0.));
#6317 = CARTESIAN_POINT('',(-0.51809724461,-19.37957435221,0.));
#6318 = CARTESIAN_POINT('',(-0.474387899456,-19.46421989499,0.));
#6319 = PCURVE('',#4222,#6320);
#6320 = DEFINITIONAL_REPRESENTATION('',(#6321),#6340);
#6321 = B_SPLINE_CURVE_WITH_KNOTS('',3,(#6322,#6323,#6324,#6325,#6326,
    #6327,#6328,#6329,#6330,#6331,#6332,#6333,#6334,#6335,#6336,#6337,
    #6338,#6339),.UNSPECIFIED.,.F.,.F.,(4,1,1,1,1,1,1,1,1,1,1,1,1,1,1,4)
  ,(0.,4.919943322603E-02,0.115298688747,0.198297768641,0.298196673931,
    0.414995405195,0.548693962792,0.699292346962,0.86679055787,
    1.051188595638,1.252486460354,1.470684152089,1.705781670896,
    1.95777901682,2.226676189894,2.512473190149),.UNSPECIFIED.);
#6322 = CARTESIAN_POINT('',(-1.212460387827,-17.08217921803));
#6323 = CARTESIAN_POINT('',(-1.212355132637,-17.0985813295));
#6324 = CARTESIAN_POINT('',(-1.211503818674,-17.13700716879));
#6325 = CARTESIAN_POINT('',(-1.207913582912,-17.20302221147));
#6326 = CARTESIAN_POINT('',(-1.200867210109,-17.28573394917));
#6327 = CARTESIAN_POINT('',(-1.189272385842,-17.38497466305));
#6328 = CARTESIAN_POINT('',(-1.172099109768,-17.50052311178));
#6329 = CARTESIAN_POINT('',(-1.148307478263,-17.6321101575));
#6330 = CARTESIAN_POINT('',(-1.116876239908,-17.77941730106));
#6331 = CARTESIAN_POINT('',(-1.076795880806,-17.94207782108));
#6332 = CARTESIAN_POINT('',(-1.027073611402,-18.11967714506));
#6333 = CARTESIAN_POINT('',(-0.96673446643,-18.31175357498));
#6334 = CARTESIAN_POINT('',(-0.89482341944,-18.51779901744));
#6335 = CARTESIAN_POINT('',(-0.810407939214,-18.73725975848));
#6336 = CARTESIAN_POINT('',(-0.712577027292,-18.9695375604));
#6337 = CARTESIAN_POINT('',(-0.600455124589,-19.21398978456));
#6338 = CARTESIAN_POINT('',(-0.51809724461,-19.37957435221));
#6339 = CARTESIAN_POINT('',(-0.474387899456,-19.46421989499));
#6340 = ( GEOMETRIC_REPRESENTATION_CONTEXT(2) 
PARAMETRIC_REPRESENTATION_CONTEXT() REPRESENTATION_CONTEXT('2D SPACE',''
  ) );
#6341 = PCURVE('',#6342,#6364);
#6342 = SURFACE_OF_LINEAR_EXTRUSION('',#6343,#6362);
#6343 = B_SPLINE_CURVE_WITH_KNOTS('',3,(#6344,#6345,#6346,#6347,#6348,
    #6349,#6350,#6351,#6352,#6353,#6354,#6355,#6356,#6357,#6358,#6359,
    #6360,#6361),.UNSPECIFIED.,.F.,.F.,(4,1,1,1,1,1,1,1,1,1,1,1,1,1,1,4)
  ,(0.,4.919943322603E-02,0.115298688747,0.198297768641,0.298196673931,
    0.414995405195,0.548693962792,0.699292346962,0.86679055787,
    1.051188595638,1.252486460354,1.470684152089,1.705781670896,
    1.95777901682,2.226676189894,2.512473190149),.UNSPECIFIED.);
#6344 = CARTESIAN_POINT('',(-1.212460387827,-17.08217921803,0.));
#6345 = CARTESIAN_POINT('',(-1.212355132637,-17.0985813295,0.));
#6346 = CARTESIAN_POINT('',(-1.211503818674,-17.13700716879,0.));
#6347 = CARTESIAN_POINT('',(-1.207913582912,-17.20302221147,0.));
#6348 = CARTESIAN_POINT('',(-1.200867210109,-17.28573394917,0.));
#6349 = CARTESIAN_POINT('',(-1.189272385842,-17.38497466305,0.));
#6350 = CARTESIAN_POINT('',(-1.172099109768,-17.50052311178,0.));
#6351 = CARTESIAN_POINT('',(-1.148307478263,-17.6321101575,0.));
#6352 = CARTESIAN_POINT('',(-1.116876239908,-17.77941730106,0.));
#6353 = CARTESIAN_POINT('',(-1.076795880806,-17.94207782108,0.));
#6354 = CARTESIAN_POINT('',(-1.027073611402,-18.11967714506,0.));
#6355 = CARTESIAN_POINT('',(-0.96673446643,-18.31175357498,0.));
#6356 = CARTESIAN_POINT('',(-0.89482341944,-18.51779901744,0.));
#6357 = CARTESIAN_POINT('',(-0.810407939214,-18.73725975848,0.));
#6358 = CARTESIAN_POINT('',(-0.712577027292,-18.9695375604,0.));
#6359 = CARTESIAN_POINT('',(-0.600455124589,-19.21398978456,0.));
#6360 = CARTESIAN_POINT('',(-0.51809724461,-19.37957435221,0.));
#6361 = CARTESIAN_POINT('',(-0.474387899456,-19.46421989499,0.));
#6362 = VECTOR('',#6363,1.);
#6363 = DIRECTION('',(0.,0.,-1.));
#6364 = DEFINITIONAL_REPRESENTATION('',(#6365),#6369);
#6365 = LINE('',#6366,#6367);
#6366 = CARTESIAN_POINT('',(0.,0.));
#6367 = VECTOR('',#6368,1.);
#6368 = DIRECTION('',(1.,0.));
#6369 = ( GEOMETRIC_REPRESENTATION_CONTEXT(2) 
PARAMETRIC_REPRESENTATION_CONTEXT() REPRESENTATION_CONTEXT('2D SPACE',''
  ) );
#6370 = ORIENTED_EDGE('',*,*,#6371,.T.);
#6371 = EDGE_CURVE('',#6297,#6372,#6374,.T.);
#6372 = VERTEX_POINT('',#6373);
#6373 = CARTESIAN_POINT('',(0.474387899456,-19.46421989499,0.));
#6374 = SURFACE_CURVE('',#6375,(#6380,#6387),.PCURVE_S1.);
#6375 = CIRCLE('',#6376,19.470000000003);
#6376 = AXIS2_PLACEMENT_3D('',#6377,#6378,#6379);
#6377 = CARTESIAN_POINT('',(-3.552713678801E-15,2.678746113816E-12,0.));
#6378 = DIRECTION('',(0.,0.,1.));
#6379 = DIRECTION('',(-2.43650693095E-02,-0.999703127632,0.));
#6380 = PCURVE('',#4222,#6381);
#6381 = DEFINITIONAL_REPRESENTATION('',(#6382),#6386);
#6382 = CIRCLE('',#6383,19.470000000003);
#6383 = AXIS2_PLACEMENT_2D('',#6384,#6385);
#6384 = CARTESIAN_POINT('',(2.876988726053E-15,2.66984600346E-12));
#6385 = DIRECTION('',(-2.43650693095E-02,-0.999703127632));
#6386 = ( GEOMETRIC_REPRESENTATION_CONTEXT(2) 
PARAMETRIC_REPRESENTATION_CONTEXT() REPRESENTATION_CONTEXT('2D SPACE',''
  ) );
#6387 = PCURVE('',#6388,#6393);
#6388 = CYLINDRICAL_SURFACE('',#6389,19.470000000003);
#6389 = AXIS2_PLACEMENT_3D('',#6390,#6391,#6392);
#6390 = CARTESIAN_POINT('',(-3.552713678801E-15,2.678746113816E-12,0.));
#6391 = DIRECTION('',(0.,0.,-1.));
#6392 = DIRECTION('',(-2.43650693095E-02,-0.999703127632,0.));
#6393 = DEFINITIONAL_REPRESENTATION('',(#6394),#6398);
#6394 = LINE('',#6395,#6396);
#6395 = CARTESIAN_POINT('',(0.,0.));
#6396 = VECTOR('',#6397,1.);
#6397 = DIRECTION('',(-1.,0.));
#6398 = ( GEOMETRIC_REPRESENTATION_CONTEXT(2) 
PARAMETRIC_REPRESENTATION_CONTEXT() REPRESENTATION_CONTEXT('2D SPACE',''
  ) );
#6399 = ORIENTED_EDGE('',*,*,#6400,.T.);
#6400 = EDGE_CURVE('',#6372,#6401,#6403,.T.);
#6401 = VERTEX_POINT('',#6402);
#6402 = CARTESIAN_POINT('',(1.212460387827,-17.08217921803,0.));
#6403 = SURFACE_CURVE('',#6404,(#6423,#6445),.PCURVE_S1.);
#6404 = B_SPLINE_CURVE_WITH_KNOTS('',3,(#6405,#6406,#6407,#6408,#6409,
    #6410,#6411,#6412,#6413,#6414,#6415,#6416,#6417,#6418,#6419,#6420,
    #6421,#6422),.UNSPECIFIED.,.F.,.F.,(4,1,1,1,1,1,1,1,1,1,1,1,1,1,1,4)
  ,(0.,0.285797000255,0.55469417333,0.806691519253,1.04178903806,
    1.259986729795,1.461284594512,1.645682632279,1.813180843187,
    1.963779227357,2.097477784955,2.214276516218,2.314175421508,
    2.397174501402,2.463273756923,2.512473190149),.UNSPECIFIED.);
#6405 = CARTESIAN_POINT('',(0.474387899456,-19.46421989499,0.));
#6406 = CARTESIAN_POINT('',(0.51809724461,-19.37957435221,0.));
#6407 = CARTESIAN_POINT('',(0.600455124589,-19.21398978456,0.));
#6408 = CARTESIAN_POINT('',(0.712577027292,-18.9695375604,0.));
#6409 = CARTESIAN_POINT('',(0.810407939214,-18.73725975848,0.));
#6410 = CARTESIAN_POINT('',(0.89482341944,-18.51779901744,0.));
#6411 = CARTESIAN_POINT('',(0.96673446643,-18.31175357498,0.));
#6412 = CARTESIAN_POINT('',(1.027073611402,-18.11967714506,0.));
#6413 = CARTESIAN_POINT('',(1.076795880806,-17.94207782108,0.));
#6414 = CARTESIAN_POINT('',(1.116876239908,-17.77941730106,0.));
#6415 = CARTESIAN_POINT('',(1.148307478263,-17.6321101575,0.));
#6416 = CARTESIAN_POINT('',(1.172099109768,-17.50052311178,0.));
#6417 = CARTESIAN_POINT('',(1.189272385842,-17.38497466305,0.));
#6418 = CARTESIAN_POINT('',(1.200867210109,-17.28573394917,0.));
#6419 = CARTESIAN_POINT('',(1.207913582912,-17.20302221147,0.));
#6420 = CARTESIAN_POINT('',(1.211503818674,-17.13700716879,0.));
#6421 = CARTESIAN_POINT('',(1.212355132637,-17.0985813295,0.));
#6422 = CARTESIAN_POINT('',(1.212460387827,-17.08217921803,0.));
#6423 = PCURVE('',#4222,#6424);
#6424 = DEFINITIONAL_REPRESENTATION('',(#6425),#6444);
#6425 = B_SPLINE_CURVE_WITH_KNOTS('',3,(#6426,#6427,#6428,#6429,#6430,
    #6431,#6432,#6433,#6434,#6435,#6436,#6437,#6438,#6439,#6440,#6441,
    #6442,#6443),.UNSPECIFIED.,.F.,.F.,(4,1,1,1,1,1,1,1,1,1,1,1,1,1,1,4)
  ,(0.,0.285797000255,0.55469417333,0.806691519253,1.04178903806,
    1.259986729795,1.461284594512,1.645682632279,1.813180843187,
    1.963779227357,2.097477784955,2.214276516218,2.314175421508,
    2.397174501402,2.463273756923,2.512473190149),.UNSPECIFIED.);
#6426 = CARTESIAN_POINT('',(0.474387899456,-19.46421989499));
#6427 = CARTESIAN_POINT('',(0.51809724461,-19.37957435221));
#6428 = CARTESIAN_POINT('',(0.600455124589,-19.21398978456));
#6429 = CARTESIAN_POINT('',(0.712577027292,-18.9695375604));
#6430 = CARTESIAN_POINT('',(0.810407939214,-18.73725975848));
#6431 = CARTESIAN_POINT('',(0.89482341944,-18.51779901744));
#6432 = CARTESIAN_POINT('',(0.96673446643,-18.31175357498));
#6433 = CARTESIAN_POINT('',(1.027073611402,-18.11967714506));
#6434 = CARTESIAN_POINT('',(1.076795880806,-17.94207782108));
#6435 = CARTESIAN_POINT('',(1.116876239908,-17.77941730106));
#6436 = CARTESIAN_POINT('',(1.148307478263,-17.6321101575));
#6437 = CARTESIAN_POINT('',(1.172099109768,-17.50052311178));
#6438 = CARTESIAN_POINT('',(1.189272385842,-17.38497466305));
#6439 = CARTESIAN_POINT('',(1.200867210109,-17.28573394917));
#6440 = CARTESIAN_POINT('',(1.207913582912,-17.20302221147));
#6441 = CARTESIAN_POINT('',(1.211503818674,-17.13700716879));
#6442 = CARTESIAN_POINT('',(1.212355132637,-17.0985813295));
#6443 = CARTESIAN_POINT('',(1.212460387827,-17.08217921803));
#6444 = ( GEOMETRIC_REPRESENTATION_CONTEXT(2) 
PARAMETRIC_REPRESENTATION_CONTEXT() REPRESENTATION_CONTEXT('2D SPACE',''
  ) );
#6445 = PCURVE('',#6446,#6468);
#6446 = SURFACE_OF_LINEAR_EXTRUSION('',#6447,#6466);
#6447 = B_SPLINE_CURVE_WITH_KNOTS('',3,(#6448,#6449,#6450,#6451,#6452,
    #6453,#6454,#6455,#6456,#6457,#6458,#6459,#6460,#6461,#6462,#6463,
    #6464,#6465),.UNSPECIFIED.,.F.,.F.,(4,1,1,1,1,1,1,1,1,1,1,1,1,1,1,4)
  ,(0.,0.285797000255,0.55469417333,0.806691519253,1.04178903806,
    1.259986729795,1.461284594512,1.645682632279,1.813180843187,
    1.963779227357,2.097477784955,2.214276516218,2.314175421508,
    2.397174501402,2.463273756923,2.512473190149),.UNSPECIFIED.);
#6448 = CARTESIAN_POINT('',(0.474387899456,-19.46421989499,0.));
#6449 = CARTESIAN_POINT('',(0.51809724461,-19.37957435221,0.));
#6450 = CARTESIAN_POINT('',(0.600455124589,-19.21398978456,0.));
#6451 = CARTESIAN_POINT('',(0.712577027292,-18.9695375604,0.));
#6452 = CARTESIAN_POINT('',(0.810407939214,-18.73725975848,0.));
#6453 = CARTESIAN_POINT('',(0.89482341944,-18.51779901744,0.));
#6454 = CARTESIAN_POINT('',(0.96673446643,-18.31175357498,0.));
#6455 = CARTESIAN_POINT('',(1.027073611402,-18.11967714506,0.));
#6456 = CARTESIAN_POINT('',(1.076795880806,-17.94207782108,0.));
#6457 = CARTESIAN_POINT('',(1.116876239908,-17.77941730106,0.));
#6458 = CARTESIAN_POINT('',(1.148307478263,-17.6321101575,0.));
#6459 = CARTESIAN_POINT('',(1.172099109768,-17.50052311178,0.));
#6460 = CARTESIAN_POINT('',(1.189272385842,-17.38497466305,0.));
#6461 = CARTESIAN_POINT('',(1.200867210109,-17.28573394917,0.));
#6462 = CARTESIAN_POINT('',(1.207913582912,-17.20302221147,0.));
#6463 = CARTESIAN_POINT('',(1.211503818674,-17.13700716879,0.));
#6464 = CARTESIAN_POINT('',(1.212355132637,-17.0985813295,0.));
#6465 = CARTESIAN_POINT('',(1.212460387827,-17.08217921803,0.));
#6466 = VECTOR('',#6467,1.);
#6467 = DIRECTION('',(0.,0.,-1.));
#6468 = DEFINITIONAL_REPRESENTATION('',(#6469),#6473);
#6469 = LINE('',#6470,#6471);
#6470 = CARTESIAN_POINT('',(0.,0.));
#6471 = VECTOR('',#6472,1.);
#6472 = DIRECTION('',(1.,0.));
#6473 = ( GEOMETRIC_REPRESENTATION_CONTEXT(2) 
PARAMETRIC_REPRESENTATION_CONTEXT() REPRESENTATION_CONTEXT('2D SPACE',''
  ) );
#6474 = ORIENTED_EDGE('',*,*,#6475,.T.);
#6475 = EDGE_CURVE('',#6401,#6476,#6478,.T.);
#6476 = VERTEX_POINT('',#6477);
#6477 = CARTESIAN_POINT('',(1.662587489486,-16.58709853005,0.));
#6478 = SURFACE_CURVE('',#6479,(#6484,#6495),.PCURVE_S1.);
#6479 = CIRCLE('',#6480,0.500000000072);
#6480 = AXIS2_PLACEMENT_3D('',#6481,#6482,#6483);
#6481 = CARTESIAN_POINT('',(1.712454500551,-17.08460559661,0.));
#6482 = DIRECTION('',(0.,0.,-1.));
#6483 = DIRECTION('',(-0.999988225305,4.852757152684E-03,0.));
#6484 = PCURVE('',#4222,#6485);
#6485 = DEFINITIONAL_REPRESENTATION('',(#6486),#6494);
#6486 = ( BOUNDED_CURVE() B_SPLINE_CURVE(2,(#6487,#6488,#6489,#6490,
#6491,#6492,#6493),.UNSPECIFIED.,.T.,.F.) B_SPLINE_CURVE_WITH_KNOTS((1,2
    ,2,2,2,1),(-2.094395102393,0.,2.094395102393,4.188790204786,
6.28318530718,8.377580409573),.UNSPECIFIED.) CURVE() 
GEOMETRIC_REPRESENTATION_ITEM() RATIONAL_B_SPLINE_CURVE((1.,0.5,1.,0.5,
1.,0.5,1.)) REPRESENTATION_ITEM('') );
#6487 = CARTESIAN_POINT('',(1.212460387827,-17.08217921803));
#6488 = CARTESIAN_POINT('',(1.216662998801,-16.21616401131));
#6489 = CARTESIAN_POINT('',(1.9645528624,-16.65281118253));
#6490 = CARTESIAN_POINT('',(2.712442725999,-17.08945835376));
#6491 = CARTESIAN_POINT('',(1.960350251427,-17.51882638926));
#6492 = CARTESIAN_POINT('',(1.208257776854,-17.94819442475));
#6493 = CARTESIAN_POINT('',(1.212460387827,-17.08217921803));
#6494 = ( GEOMETRIC_REPRESENTATION_CONTEXT(2) 
PARAMETRIC_REPRESENTATION_CONTEXT() REPRESENTATION_CONTEXT('2D SPACE',''
  ) );
#6495 = PCURVE('',#6496,#6501);
#6496 = CYLINDRICAL_SURFACE('',#6497,0.500000000072);
#6497 = AXIS2_PLACEMENT_3D('',#6498,#6499,#6500);
#6498 = CARTESIAN_POINT('',(1.712454500551,-17.08460559661,0.));
#6499 = DIRECTION('',(0.,0.,-1.));
#6500 = DIRECTION('',(-0.999988225305,4.852757152684E-03,0.));
#6501 = DEFINITIONAL_REPRESENTATION('',(#6502),#6506);
#6502 = LINE('',#6503,#6504);
#6503 = CARTESIAN_POINT('',(0.,0.));
#6504 = VECTOR('',#6505,1.);
#6505 = DIRECTION('',(1.,0.));
#6506 = ( GEOMETRIC_REPRESENTATION_CONTEXT(2) 
PARAMETRIC_REPRESENTATION_CONTEXT() REPRESENTATION_CONTEXT('2D SPACE',''
  ) );
#6507 = ORIENTED_EDGE('',*,*,#6508,.T.);
#6508 = EDGE_CURVE('',#6476,#6509,#6511,.T.);
#6509 = VERTEX_POINT('',#6510);
#6510 = CARTESIAN_POINT('',(2.053533629074,-16.54324739705,0.));
#6511 = SURFACE_CURVE('',#6512,(#6517,#6524),.PCURVE_S1.);
#6512 = CIRCLE('',#6513,16.670213999963);
#6513 = AXIS2_PLACEMENT_3D('',#6514,#6515,#6516);
#6514 = CARTESIAN_POINT('',(4.088063221275E-12,-3.652367297491E-11,0.));
#6515 = DIRECTION('',(0.,0.,1.));
#6516 = DIRECTION('',(9.973402197991E-02,-0.995014132995,0.));
#6517 = PCURVE('',#4222,#6518);
#6518 = DEFINITIONAL_REPRESENTATION('',(#6519),#6523);
#6519 = CIRCLE('',#6520,16.670213999963);
#6520 = AXIS2_PLACEMENT_2D('',#6521,#6522);
#6521 = CARTESIAN_POINT('',(4.09449292368E-12,-3.653257308526E-11));
#6522 = DIRECTION('',(9.973402197991E-02,-0.995014132995));
#6523 = ( GEOMETRIC_REPRESENTATION_CONTEXT(2) 
PARAMETRIC_REPRESENTATION_CONTEXT() REPRESENTATION_CONTEXT('2D SPACE',''
  ) );
#6524 = PCURVE('',#6525,#6530);
#6525 = CYLINDRICAL_SURFACE('',#6526,16.670213999963);
#6526 = AXIS2_PLACEMENT_3D('',#6527,#6528,#6529);
#6527 = CARTESIAN_POINT('',(4.088063221275E-12,-3.652367297491E-11,0.));
#6528 = DIRECTION('',(0.,0.,-1.));
#6529 = DIRECTION('',(9.973402197991E-02,-0.995014132995,0.));
#6530 = DEFINITIONAL_REPRESENTATION('',(#6531),#6535);
#6531 = LINE('',#6532,#6533);
#6532 = CARTESIAN_POINT('',(0.,0.));
#6533 = VECTOR('',#6534,1.);
#6534 = DIRECTION('',(-1.,0.));
#6535 = ( GEOMETRIC_REPRESENTATION_CONTEXT(2) 
PARAMETRIC_REPRESENTATION_CONTEXT() REPRESENTATION_CONTEXT('2D SPACE',''
  ) );
#6536 = ORIENTED_EDGE('',*,*,#6537,.T.);
#6537 = EDGE_CURVE('',#6509,#6538,#6540,.T.);
#6538 = VERTEX_POINT('',#6539);
#6539 = CARTESIAN_POINT('',(2.049257357252,-16.50879779189,0.));
#6540 = SURFACE_CURVE('',#6541,(#6545,#6551),.PCURVE_S1.);
#6541 = LINE('',#6542,#6543);
#6542 = CARTESIAN_POINT('',(1.024628678626,-8.254398895949,
    1.110223024625E-16));
#6543 = VECTOR('',#6544,1.);
#6544 = DIRECTION('',(-0.123185798879,0.992383624892,0.));
#6545 = PCURVE('',#4222,#6546);
#6546 = DEFINITIONAL_REPRESENTATION('',(#6547),#6550);
#6547 = B_SPLINE_CURVE_WITH_KNOTS('',1,(#6548,#6549),.UNSPECIFIED.,.F.,
  .F.,(2,2),(-11.30167893012,-8.31775),.PIECEWISE_BEZIER_KNOTS.);
#6548 = CARTESIAN_POINT('',(2.416835026307,-19.47));
#6549 = CARTESIAN_POINT('',(2.049257357251,-16.50879779189));
#6550 = ( GEOMETRIC_REPRESENTATION_CONTEXT(2) 
PARAMETRIC_REPRESENTATION_CONTEXT() REPRESENTATION_CONTEXT('2D SPACE',''
  ) );
#6551 = PCURVE('',#6552,#6557);
#6552 = PLANE('',#6553);
#6553 = AXIS2_PLACEMENT_3D('',#6554,#6555,#6556);
#6554 = CARTESIAN_POINT('',(2.049257357251,-16.50879779189,-1.));
#6555 = DIRECTION('',(0.992383624892,0.123185798879,0.));
#6556 = DIRECTION('',(0.123185798879,-0.992383624892,0.));
#6557 = DEFINITIONAL_REPRESENTATION('',(#6558),#6561);
#6558 = B_SPLINE_CURVE_WITH_KNOTS('',1,(#6559,#6560),.UNSPECIFIED.,.F.,
  .F.,(2,2),(-11.30167893012,-8.31775),.PIECEWISE_BEZIER_KNOTS.);
#6559 = CARTESIAN_POINT('',(2.983928930129,-1.));
#6560 = CARTESIAN_POINT('',(-3.552713678801E-15,-1.));
#6561 = ( GEOMETRIC_REPRESENTATION_CONTEXT(2) 
PARAMETRIC_REPRESENTATION_CONTEXT() REPRESENTATION_CONTEXT('2D SPACE',''
  ) );
#6562 = ORIENTED_EDGE('',*,*,#6563,.F.);
#6563 = EDGE_CURVE('',#6564,#6538,#6566,.T.);
#6564 = VERTEX_POINT('',#6565);
#6565 = CARTESIAN_POINT('',(5.53579814969,15.687408935063,0.));
#6566 = SURFACE_CURVE('',#6567,(#6572,#6583),.PCURVE_S1.);
#6567 = CIRCLE('',#6568,16.6355);
#6568 = AXIS2_PLACEMENT_3D('',#6569,#6570,#6571);
#6569 = CARTESIAN_POINT('',(0.,0.,0.));
#6570 = DIRECTION('',(0.,0.,-1.));
#6571 = DIRECTION('',(0.332770169198,0.943007960991,0.));
#6572 = PCURVE('',#4222,#6573);
#6573 = DEFINITIONAL_REPRESENTATION('',(#6574),#6582);
#6574 = ( BOUNDED_CURVE() B_SPLINE_CURVE(2,(#6575,#6576,#6577,#6578,
#6579,#6580,#6581),.UNSPECIFIED.,.T.,.F.) B_SPLINE_CURVE_WITH_KNOTS((1,2
    ,2,2,2,1),(-2.094395102393,0.,2.094395102393,4.188790204786,
6.28318530718,8.377580409573),.UNSPECIFIED.) CURVE() 
GEOMETRIC_REPRESENTATION_ITEM() RATIONAL_B_SPLINE_CURVE((1.,0.5,1.,0.5,
1.,0.5,1.)) REPRESENTATION_ITEM('') );
#6575 = CARTESIAN_POINT('',(5.53579814969,15.687408935063));
#6576 = CARTESIAN_POINT('',(32.707187464329,6.099125279354));
#6577 = CARTESIAN_POINT('',(10.817795582475,-12.63784629538));
#6578 = CARTESIAN_POINT('',(-11.07159629938,-31.37481787012));
#6579 = CARTESIAN_POINT('',(-16.35359373216,-3.049562639677));
#6580 = CARTESIAN_POINT('',(-21.63559116494,25.275692590771));
#6581 = CARTESIAN_POINT('',(5.53579814969,15.687408935063));
#6582 = ( GEOMETRIC_REPRESENTATION_CONTEXT(2) 
PARAMETRIC_REPRESENTATION_CONTEXT() REPRESENTATION_CONTEXT('2D SPACE',''
  ) );
#6583 = PCURVE('',#6584,#6589);
#6584 = CYLINDRICAL_SURFACE('',#6585,16.6355);
#6585 = AXIS2_PLACEMENT_3D('',#6586,#6587,#6588);
#6586 = CARTESIAN_POINT('',(0.,0.,-1.));
#6587 = DIRECTION('',(0.,0.,-1.));
#6588 = DIRECTION('',(0.332770169198,0.943007960991,0.));
#6589 = DEFINITIONAL_REPRESENTATION('',(#6590),#6594);
#6590 = LINE('',#6591,#6592);
#6591 = CARTESIAN_POINT('',(0.,-1.));
#6592 = VECTOR('',#6593,1.);
#6593 = DIRECTION('',(1.,0.));
#6594 = ( GEOMETRIC_REPRESENTATION_CONTEXT(2) 
PARAMETRIC_REPRESENTATION_CONTEXT() REPRESENTATION_CONTEXT('2D SPACE',''
  ) );
#6595 = ORIENTED_EDGE('',*,*,#6596,.T.);
#6596 = EDGE_CURVE('',#6564,#6597,#6599,.T.);
#6597 = VERTEX_POINT('',#6598);
#6598 = CARTESIAN_POINT('',(5.547349933343,15.720144513421,0.));
#6599 = SURFACE_CURVE('',#6600,(#6604,#6610),.PCURVE_S1.);
#6600 = LINE('',#6601,#6602);
#6601 = CARTESIAN_POINT('',(16.197587985702,45.900912501228,
    1.110223024625E-16));
#6602 = VECTOR('',#6603,1.);
#6603 = DIRECTION('',(0.332770169198,0.943007960991,0.));
#6604 = PCURVE('',#4222,#6605);
#6605 = DEFINITIONAL_REPRESENTATION('',(#6606),#6609);
#6606 = B_SPLINE_CURVE_WITH_KNOTS('',1,(#6607,#6608),.UNSPECIFIED.,.F.,
  .F.,(2,2),(-32.0395,-28.02830261735),.PIECEWISE_BEZIER_KNOTS.);
#6607 = CARTESIAN_POINT('',(5.53579814969,15.687408935063));
#6608 = CARTESIAN_POINT('',(6.870604981397,19.47));
#6609 = ( GEOMETRIC_REPRESENTATION_CONTEXT(2) 
PARAMETRIC_REPRESENTATION_CONTEXT() REPRESENTATION_CONTEXT('2D SPACE',''
  ) );
#6610 = PCURVE('',#6611,#6616);
#6611 = PLANE('',#6612);
#6612 = AXIS2_PLACEMENT_3D('',#6613,#6614,#6615);
#6613 = CARTESIAN_POINT('',(32.395175971405,91.801825002457,-1.));
#6614 = DIRECTION('',(0.943007960991,-0.332770169198,0.));
#6615 = DIRECTION('',(-0.332770169198,-0.943007960991,0.));
#6616 = DEFINITIONAL_REPRESENTATION('',(#6617),#6620);
#6617 = B_SPLINE_CURVE_WITH_KNOTS('',1,(#6618,#6619),.UNSPECIFIED.,.F.,
  .F.,(2,2),(-32.0395,-28.02830261735),.PIECEWISE_BEZIER_KNOTS.);
#6618 = CARTESIAN_POINT('',(80.7145,-1.));
#6619 = CARTESIAN_POINT('',(76.703302617358,-1.));
#6620 = ( GEOMETRIC_REPRESENTATION_CONTEXT(2) 
PARAMETRIC_REPRESENTATION_CONTEXT() REPRESENTATION_CONTEXT('2D SPACE',''
  ) );
#6621 = ORIENTED_EDGE('',*,*,#6622,.T.);
#6622 = EDGE_CURVE('',#6597,#6623,#6625,.T.);
#6623 = VERTEX_POINT('',#6624);
#6624 = CARTESIAN_POINT('',(5.311879606477,15.801264818112,0.));
#6625 = SURFACE_CURVE('',#6626,(#6631,#6638),.PCURVE_S1.);
#6626 = CIRCLE('',#6627,16.67021400001);
#6627 = AXIS2_PLACEMENT_3D('',#6628,#6629,#6630);
#6628 = CARTESIAN_POINT('',(-3.28803650973E-12,-9.307221660038E-12,0.));
#6629 = DIRECTION('',(0.,0.,1.));
#6630 = DIRECTION('',(0.341863203624,0.939749727325,0.));
#6631 = PCURVE('',#4222,#6632);
#6632 = DEFINITIONAL_REPRESENTATION('',(#6633),#6637);
#6633 = CIRCLE('',#6634,16.67021400001);
#6634 = AXIS2_PLACEMENT_2D('',#6635,#6636);
#6635 = CARTESIAN_POINT('',(-3.281606807325E-12,-9.316121770394E-12));
#6636 = DIRECTION('',(0.341863203624,0.939749727325));
#6637 = ( GEOMETRIC_REPRESENTATION_CONTEXT(2) 
PARAMETRIC_REPRESENTATION_CONTEXT() REPRESENTATION_CONTEXT('2D SPACE',''
  ) );
#6638 = PCURVE('',#6639,#6644);
#6639 = CYLINDRICAL_SURFACE('',#6640,16.67021400001);
#6640 = AXIS2_PLACEMENT_3D('',#6641,#6642,#6643);
#6641 = CARTESIAN_POINT('',(-3.28803650973E-12,-9.307221660038E-12,0.));
#6642 = DIRECTION('',(0.,0.,-1.));
#6643 = DIRECTION('',(0.341863203624,0.939749727325,0.));
#6644 = DEFINITIONAL_REPRESENTATION('',(#6645),#6649);
#6645 = LINE('',#6646,#6647);
#6646 = CARTESIAN_POINT('',(0.,0.));
#6647 = VECTOR('',#6648,1.);
#6648 = DIRECTION('',(-1.,0.));
#6649 = ( GEOMETRIC_REPRESENTATION_CONTEXT(2) 
PARAMETRIC_REPRESENTATION_CONTEXT() REPRESENTATION_CONTEXT('2D SPACE',''
  ) );
#6650 = ORIENTED_EDGE('',*,*,#6651,.T.);
#6651 = EDGE_CURVE('',#6623,#6652,#6654,.T.);
#6652 = VERTEX_POINT('',#6653);
#6653 = CARTESIAN_POINT('',(4.983203948114,16.384095502671,0.));
#6654 = SURFACE_CURVE('',#6655,(#6660,#6671),.PCURVE_S1.);
#6655 = CIRCLE('',#6656,0.500000000072);
#6656 = AXIS2_PLACEMENT_3D('',#6657,#6658,#6659);
#6657 = CARTESIAN_POINT('',(5.471202084562,16.275201889935,0.));
#6658 = DIRECTION('',(0.,0.,-1.));
#6659 = DIRECTION('',(-0.318644956126,-0.94787414351,0.));
#6660 = PCURVE('',#4222,#6661);
#6661 = DEFINITIONAL_REPRESENTATION('',(#6662),#6670);
#6662 = ( BOUNDED_CURVE() B_SPLINE_CURVE(2,(#6663,#6664,#6665,#6666,
#6667,#6668,#6669),.UNSPECIFIED.,.T.,.F.) B_SPLINE_CURVE_WITH_KNOTS((1,2
    ,2,2,2,1),(-2.094395102393,0.,2.094395102393,4.188790204786,
6.28318530718,8.377580409573),.UNSPECIFIED.) CURVE() 
GEOMETRIC_REPRESENTATION_ITEM() RATIONAL_B_SPLINE_CURVE((1.,0.5,1.,0.5,
1.,0.5,1.)) REPRESENTATION_ITEM('') );
#6663 = CARTESIAN_POINT('',(5.311879606477,15.801264818112));
#6664 = CARTESIAN_POINT('',(4.490996518489,16.077219444944));
#6665 = CARTESIAN_POINT('',(5.140421779611,16.650147739262));
#6666 = CARTESIAN_POINT('',(5.789847040734,17.223076033581));
#6667 = CARTESIAN_POINT('',(5.961304867599,16.37419311243));
#6668 = CARTESIAN_POINT('',(6.132762694465,15.525310191279));
#6669 = CARTESIAN_POINT('',(5.311879606477,15.801264818112));
#6670 = ( GEOMETRIC_REPRESENTATION_CONTEXT(2) 
PARAMETRIC_REPRESENTATION_CONTEXT() REPRESENTATION_CONTEXT('2D SPACE',''
  ) );
#6671 = PCURVE('',#6672,#6677);
#6672 = CYLINDRICAL_SURFACE('',#6673,0.500000000072);
#6673 = AXIS2_PLACEMENT_3D('',#6674,#6675,#6676);
#6674 = CARTESIAN_POINT('',(5.471202084562,16.275201889935,0.));
#6675 = DIRECTION('',(0.,0.,-1.));
#6676 = DIRECTION('',(-0.318644956126,-0.94787414351,0.));
#6677 = DEFINITIONAL_REPRESENTATION('',(#6678),#6682);
#6678 = LINE('',#6679,#6680);
#6679 = CARTESIAN_POINT('',(0.,0.));
#6680 = VECTOR('',#6681,1.);
#6681 = DIRECTION('',(1.,0.));
#6682 = ( GEOMETRIC_REPRESENTATION_CONTEXT(2) 
PARAMETRIC_REPRESENTATION_CONTEXT() REPRESENTATION_CONTEXT('2D SPACE',''
  ) );
#6683 = ORIENTED_EDGE('',*,*,#6684,.T.);
#6684 = EDGE_CURVE('',#6652,#6685,#6687,.T.);
#6685 = VERTEX_POINT('',#6686);
#6686 = CARTESIAN_POINT('',(4.793690394147,18.870650026034,0.));
#6687 = SURFACE_CURVE('',#6688,(#6707,#6729),.PCURVE_S1.);
#6688 = B_SPLINE_CURVE_WITH_KNOTS('',3,(#6689,#6690,#6691,#6692,#6693,
    #6694,#6695,#6696,#6697,#6698,#6699,#6700,#6701,#6702,#6703,#6704,
    #6705,#6706),.UNSPECIFIED.,.F.,.F.,(4,1,1,1,1,1,1,1,1,1,1,1,1,1,1,4)
  ,(0.,4.919943322603E-02,0.115298688747,0.198297768641,0.298196673931,
    0.414995405195,0.548693962792,0.699292346962,0.86679055787,
    1.051188595638,1.252486460354,1.470684152089,1.705781670896,
    1.95777901682,2.226676189894,2.512473190149),.UNSPECIFIED.);
#6689 = CARTESIAN_POINT('',(4.983203948114,16.384095502671,0.));
#6690 = CARTESIAN_POINT('',(4.986751145054,16.400109800442,0.));
#6691 = CARTESIAN_POINT('',(4.994471728956,16.437761658891,0.));
#6692 = CARTESIAN_POINT('',(5.005661236853,16.502920469243,0.));
#6693 = CARTESIAN_POINT('',(5.017196624449,16.585126416446,0.));
#6694 = CARTESIAN_POINT('',(5.027975642974,16.684459049561,0.));
#6695 = CARTESIAN_POINT('',(5.036944885514,16.800931870862,0.));
#6696 = CARTESIAN_POINT('',(5.043030632195,16.934513890686,0.));
#6697 = CARTESIAN_POINT('',(5.045166363772,17.085121845123,0.));
#6698 = CARTESIAN_POINT('',(5.042286273786,17.252622845241,0.));
#6699 = CARTESIAN_POINT('',(5.033330212927,17.436833629192,0.));
#6700 = CARTESIAN_POINT('',(5.017244922874,17.637521024889,0.));
#6701 = CARTESIAN_POINT('',(4.992986260264,17.854402191261,0.));
#6702 = CARTESIAN_POINT('',(4.959521861433,18.087144804828,0.));
#6703 = CARTESIAN_POINT('',(4.915830448147,18.33536834319,0.));
#6704 = CARTESIAN_POINT('',(4.860915412863,18.598641110226,0.));
#6705 = CARTESIAN_POINT('',(4.817468449526,18.778400479427,0.));
#6706 = CARTESIAN_POINT('',(4.793690394147,18.870650026034,0.));
#6707 = PCURVE('',#4222,#6708);
#6708 = DEFINITIONAL_REPRESENTATION('',(#6709),#6728);
#6709 = B_SPLINE_CURVE_WITH_KNOTS('',3,(#6710,#6711,#6712,#6713,#6714,
    #6715,#6716,#6717,#6718,#6719,#6720,#6721,#6722,#6723,#6724,#6725,
    #6726,#6727),.UNSPECIFIED.,.F.,.F.,(4,1,1,1,1,1,1,1,1,1,1,1,1,1,1,4)
  ,(0.,4.919943322603E-02,0.115298688747,0.198297768641,0.298196673931,
    0.414995405195,0.548693962792,0.699292346962,0.86679055787,
    1.051188595638,1.252486460354,1.470684152089,1.705781670896,
    1.95777901682,2.226676189894,2.512473190149),.UNSPECIFIED.);
#6710 = CARTESIAN_POINT('',(4.983203948114,16.384095502671));
#6711 = CARTESIAN_POINT('',(4.986751145054,16.400109800442));
#6712 = CARTESIAN_POINT('',(4.994471728956,16.437761658891));
#6713 = CARTESIAN_POINT('',(5.005661236853,16.502920469243));
#6714 = CARTESIAN_POINT('',(5.017196624449,16.585126416446));
#6715 = CARTESIAN_POINT('',(5.027975642974,16.684459049561));
#6716 = CARTESIAN_POINT('',(5.036944885514,16.800931870862));
#6717 = CARTESIAN_POINT('',(5.043030632195,16.934513890686));
#6718 = CARTESIAN_POINT('',(5.045166363772,17.085121845123));
#6719 = CARTESIAN_POINT('',(5.042286273786,17.252622845241));
#6720 = CARTESIAN_POINT('',(5.033330212927,17.436833629192));
#6721 = CARTESIAN_POINT('',(5.017244922874,17.637521024889));
#6722 = CARTESIAN_POINT('',(4.992986260264,17.854402191261));
#6723 = CARTESIAN_POINT('',(4.959521861433,18.087144804828));
#6724 = CARTESIAN_POINT('',(4.915830448147,18.33536834319));
#6725 = CARTESIAN_POINT('',(4.860915412863,18.598641110226));
#6726 = CARTESIAN_POINT('',(4.817468449526,18.778400479427));
#6727 = CARTESIAN_POINT('',(4.793690394147,18.870650026034));
#6728 = ( GEOMETRIC_REPRESENTATION_CONTEXT(2) 
PARAMETRIC_REPRESENTATION_CONTEXT() REPRESENTATION_CONTEXT('2D SPACE',''
  ) );
#6729 = PCURVE('',#6730,#6752);
#6730 = SURFACE_OF_LINEAR_EXTRUSION('',#6731,#6750);
#6731 = B_SPLINE_CURVE_WITH_KNOTS('',3,(#6732,#6733,#6734,#6735,#6736,
    #6737,#6738,#6739,#6740,#6741,#6742,#6743,#6744,#6745,#6746,#6747,
    #6748,#6749),.UNSPECIFIED.,.F.,.F.,(4,1,1,1,1,1,1,1,1,1,1,1,1,1,1,4)
  ,(0.,4.919943322603E-02,0.115298688747,0.198297768641,0.298196673931,
    0.414995405195,0.548693962792,0.699292346962,0.86679055787,
    1.051188595638,1.252486460354,1.470684152089,1.705781670896,
    1.95777901682,2.226676189894,2.512473190149),.UNSPECIFIED.);
#6732 = CARTESIAN_POINT('',(4.983203948114,16.384095502671,0.));
#6733 = CARTESIAN_POINT('',(4.986751145054,16.400109800442,0.));
#6734 = CARTESIAN_POINT('',(4.994471728956,16.437761658891,0.));
#6735 = CARTESIAN_POINT('',(5.005661236853,16.502920469243,0.));
#6736 = CARTESIAN_POINT('',(5.017196624449,16.585126416446,0.));
#6737 = CARTESIAN_POINT('',(5.027975642974,16.684459049561,0.));
#6738 = CARTESIAN_POINT('',(5.036944885514,16.800931870862,0.));
#6739 = CARTESIAN_POINT('',(5.043030632195,16.934513890686,0.));
#6740 = CARTESIAN_POINT('',(5.045166363772,17.085121845123,0.));
#6741 = CARTESIAN_POINT('',(5.042286273786,17.252622845241,0.));
#6742 = CARTESIAN_POINT('',(5.033330212927,17.436833629192,0.));
#6743 = CARTESIAN_POINT('',(5.017244922874,17.637521024889,0.));
#6744 = CARTESIAN_POINT('',(4.992986260264,17.854402191261,0.));
#6745 = CARTESIAN_POINT('',(4.959521861433,18.087144804828,0.));
#6746 = CARTESIAN_POINT('',(4.915830448147,18.33536834319,0.));
#6747 = CARTESIAN_POINT('',(4.860915412863,18.598641110226,0.));
#6748 = CARTESIAN_POINT('',(4.817468449526,18.778400479427,0.));
#6749 = CARTESIAN_POINT('',(4.793690394147,18.870650026034,0.));
#6750 = VECTOR('',#6751,1.);
#6751 = DIRECTION('',(0.,0.,-1.));
#6752 = DEFINITIONAL_REPRESENTATION('',(#6753),#6757);
#6753 = LINE('',#6754,#6755);
#6754 = CARTESIAN_POINT('',(0.,0.));
#6755 = VECTOR('',#6756,1.);
#6756 = DIRECTION('',(1.,0.));
#6757 = ( GEOMETRIC_REPRESENTATION_CONTEXT(2) 
PARAMETRIC_REPRESENTATION_CONTEXT() REPRESENTATION_CONTEXT('2D SPACE',''
  ) );
#6758 = ORIENTED_EDGE('',*,*,#6759,.T.);
#6759 = EDGE_CURVE('',#6685,#6760,#6762,.T.);
#6760 = VERTEX_POINT('',#6761);
#6761 = CARTESIAN_POINT('',(3.868702385385,19.081772502923,0.));
#6762 = SURFACE_CURVE('',#6763,(#6768,#6775),.PCURVE_S1.);
#6763 = CIRCLE('',#6764,19.470000000002);
#6764 = AXIS2_PLACEMENT_3D('',#6765,#6766,#6767);
#6765 = CARTESIAN_POINT('',(-4.880540416252E-13,-2.186695269302E-12,0.)
  );
#6766 = DIRECTION('',(0.,0.,1.));
#6767 = DIRECTION('',(0.246209059792,0.969216745045,0.));
#6768 = PCURVE('',#4222,#6769);
#6769 = DEFINITIONAL_REPRESENTATION('',(#6770),#6774);
#6770 = CIRCLE('',#6771,19.470000000002);
#6771 = AXIS2_PLACEMENT_2D('',#6772,#6773);
#6772 = CARTESIAN_POINT('',(-4.816243392204E-13,-2.195595379658E-12));
#6773 = DIRECTION('',(0.246209059792,0.969216745045));
#6774 = ( GEOMETRIC_REPRESENTATION_CONTEXT(2) 
PARAMETRIC_REPRESENTATION_CONTEXT() REPRESENTATION_CONTEXT('2D SPACE',''
  ) );
#6775 = PCURVE('',#6776,#6781);
#6776 = CYLINDRICAL_SURFACE('',#6777,19.470000000002);
#6777 = AXIS2_PLACEMENT_3D('',#6778,#6779,#6780);
#6778 = CARTESIAN_POINT('',(-4.880540416252E-13,-2.186695269302E-12,0.)
  );
#6779 = DIRECTION('',(0.,0.,-1.));
#6780 = DIRECTION('',(0.246209059792,0.969216745045,0.));
#6781 = DEFINITIONAL_REPRESENTATION('',(#6782),#6786);
#6782 = LINE('',#6783,#6784);
#6783 = CARTESIAN_POINT('',(0.,0.));
#6784 = VECTOR('',#6785,1.);
#6785 = DIRECTION('',(-1.,0.));
#6786 = ( GEOMETRIC_REPRESENTATION_CONTEXT(2) 
PARAMETRIC_REPRESENTATION_CONTEXT() REPRESENTATION_CONTEXT('2D SPACE',''
  ) );
#6787 = ORIENTED_EDGE('',*,*,#6788,.T.);
#6788 = EDGE_CURVE('',#6760,#6789,#6791,.T.);
#6789 = VERTEX_POINT('',#6790);
#6790 = CARTESIAN_POINT('',(2.619080999099,16.92369113844,0.));
#6791 = SURFACE_CURVE('',#6792,(#6811,#6833),.PCURVE_S1.);
#6792 = B_SPLINE_CURVE_WITH_KNOTS('',3,(#6793,#6794,#6795,#6796,#6797,
    #6798,#6799,#6800,#6801,#6802,#6803,#6804,#6805,#6806,#6807,#6808,
    #6809,#6810),.UNSPECIFIED.,.F.,.F.,(4,1,1,1,1,1,1,1,1,1,1,1,1,1,1,4)
  ,(0.,0.285797000255,0.55469417333,0.806691519253,1.04178903806,
    1.259986729795,1.461284594512,1.645682632279,1.813180843187,
    1.963779227357,2.097477784955,2.214276516218,2.314175421508,
    2.397174501402,2.463273756923,2.512473190149),.UNSPECIFIED.);
#6793 = CARTESIAN_POINT('',(3.868702385385,19.081772502923,0.));
#6794 = CARTESIAN_POINT('',(3.807253519536,19.008975444929,0.));
#6795 = CARTESIAN_POINT('',(3.690114490914,18.865868780471,0.));
#6796 = CARTESIAN_POINT('',(3.526407981174,18.652494954447,0.));
#6797 = CARTESIAN_POINT('',(3.379343221047,18.447810267867,0.));
#6798 = CARTESIAN_POINT('',(3.248209604091,18.2526360773,0.));
#6799 = CARTESIAN_POINT('',(3.132252092892,18.067758337605,0.));
#6800 = CARTESIAN_POINT('',(3.030684749685,17.893924387694,0.));
#6801 = CARTESIAN_POINT('',(2.942689553945,17.731842095395,0.));
#6802 = CARTESIAN_POINT('',(2.867418722294,17.582178533159,0.));
#6803 = CARTESIAN_POINT('',(2.803996607543,17.445558795751,0.));
#6804 = CARTESIAN_POINT('',(2.751520609601,17.322565048052,0.));
#6805 = CARTESIAN_POINT('',(2.709065954686,17.213735053613,0.));
#6806 = CARTESIAN_POINT('',(2.675678700531,17.119562602748,0.));
#6807 = CARTESIAN_POINT('',(2.650403901884,17.040492586459,0.));
#6808 = CARTESIAN_POINT('',(2.632213951875,16.976931581338,0.));
#6809 = CARTESIAN_POINT('',(2.622833428484,16.939658593245,0.));
#6810 = CARTESIAN_POINT('',(2.619080999099,16.92369113844,0.));
#6811 = PCURVE('',#4222,#6812);
#6812 = DEFINITIONAL_REPRESENTATION('',(#6813),#6832);
#6813 = B_SPLINE_CURVE_WITH_KNOTS('',3,(#6814,#6815,#6816,#6817,#6818,
    #6819,#6820,#6821,#6822,#6823,#6824,#6825,#6826,#6827,#6828,#6829,
    #6830,#6831),.UNSPECIFIED.,.F.,.F.,(4,1,1,1,1,1,1,1,1,1,1,1,1,1,1,4)
  ,(0.,0.285797000255,0.55469417333,0.806691519253,1.04178903806,
    1.259986729795,1.461284594512,1.645682632279,1.813180843187,
    1.963779227357,2.097477784955,2.214276516218,2.314175421508,
    2.397174501402,2.463273756923,2.512473190149),.UNSPECIFIED.);
#6814 = CARTESIAN_POINT('',(3.868702385385,19.081772502923));
#6815 = CARTESIAN_POINT('',(3.807253519536,19.008975444929));
#6816 = CARTESIAN_POINT('',(3.690114490914,18.865868780471));
#6817 = CARTESIAN_POINT('',(3.526407981174,18.652494954447));
#6818 = CARTESIAN_POINT('',(3.379343221047,18.447810267867));
#6819 = CARTESIAN_POINT('',(3.248209604091,18.2526360773));
#6820 = CARTESIAN_POINT('',(3.132252092892,18.067758337605));
#6821 = CARTESIAN_POINT('',(3.030684749685,17.893924387694));
#6822 = CARTESIAN_POINT('',(2.942689553945,17.731842095395));
#6823 = CARTESIAN_POINT('',(2.867418722294,17.582178533159));
#6824 = CARTESIAN_POINT('',(2.803996607543,17.445558795751));
#6825 = CARTESIAN_POINT('',(2.751520609601,17.322565048052));
#6826 = CARTESIAN_POINT('',(2.709065954686,17.213735053613));
#6827 = CARTESIAN_POINT('',(2.675678700531,17.119562602748));
#6828 = CARTESIAN_POINT('',(2.650403901884,17.040492586459));
#6829 = CARTESIAN_POINT('',(2.632213951875,16.976931581338));
#6830 = CARTESIAN_POINT('',(2.622833428484,16.939658593245));
#6831 = CARTESIAN_POINT('',(2.619080999099,16.92369113844));
#6832 = ( GEOMETRIC_REPRESENTATION_CONTEXT(2) 
PARAMETRIC_REPRESENTATION_CONTEXT() REPRESENTATION_CONTEXT('2D SPACE',''
  ) );
#6833 = PCURVE('',#6834,#6856);
#6834 = SURFACE_OF_LINEAR_EXTRUSION('',#6835,#6854);
#6835 = B_SPLINE_CURVE_WITH_KNOTS('',3,(#6836,#6837,#6838,#6839,#6840,
    #6841,#6842,#6843,#6844,#6845,#6846,#6847,#6848,#6849,#6850,#6851,
    #6852,#6853),.UNSPECIFIED.,.F.,.F.,(4,1,1,1,1,1,1,1,1,1,1,1,1,1,1,4)
  ,(0.,0.285797000255,0.55469417333,0.806691519253,1.04178903806,
    1.259986729795,1.461284594512,1.645682632279,1.813180843187,
    1.963779227357,2.097477784955,2.214276516218,2.314175421508,
    2.397174501402,2.463273756923,2.512473190149),.UNSPECIFIED.);
#6836 = CARTESIAN_POINT('',(3.868702385385,19.081772502923,0.));
#6837 = CARTESIAN_POINT('',(3.807253519536,19.008975444929,0.));
#6838 = CARTESIAN_POINT('',(3.690114490914,18.865868780471,0.));
#6839 = CARTESIAN_POINT('',(3.526407981174,18.652494954447,0.));
#6840 = CARTESIAN_POINT('',(3.379343221047,18.447810267867,0.));
#6841 = CARTESIAN_POINT('',(3.248209604091,18.2526360773,0.));
#6842 = CARTESIAN_POINT('',(3.132252092892,18.067758337605,0.));
#6843 = CARTESIAN_POINT('',(3.030684749685,17.893924387694,0.));
#6844 = CARTESIAN_POINT('',(2.942689553945,17.731842095395,0.));
#6845 = CARTESIAN_POINT('',(2.867418722294,17.582178533159,0.));
#6846 = CARTESIAN_POINT('',(2.803996607543,17.445558795751,0.));
#6847 = CARTESIAN_POINT('',(2.751520609601,17.322565048052,0.));
#6848 = CARTESIAN_POINT('',(2.709065954686,17.213735053613,0.));
#6849 = CARTESIAN_POINT('',(2.675678700531,17.119562602748,0.));
#6850 = CARTESIAN_POINT('',(2.650403901884,17.040492586459,0.));
#6851 = CARTESIAN_POINT('',(2.632213951875,16.976931581338,0.));
#6852 = CARTESIAN_POINT('',(2.622833428484,16.939658593245,0.));
#6853 = CARTESIAN_POINT('',(2.619080999099,16.92369113844,0.));
#6854 = VECTOR('',#6855,1.);
#6855 = DIRECTION('',(0.,0.,-1.));
#6856 = DEFINITIONAL_REPRESENTATION('',(#6857),#6861);
#6857 = LINE('',#6858,#6859);
#6858 = CARTESIAN_POINT('',(0.,0.));
#6859 = VECTOR('',#6860,1.);
#6860 = DIRECTION('',(1.,0.));
#6861 = ( GEOMETRIC_REPRESENTATION_CONTEXT(2) 
PARAMETRIC_REPRESENTATION_CONTEXT() REPRESENTATION_CONTEXT('2D SPACE',''
  ) );
#6862 = ORIENTED_EDGE('',*,*,#6863,.T.);
#6863 = EDGE_CURVE('',#6789,#6864,#6866,.T.);
#6864 = VERTEX_POINT('',#6865);
#6865 = CARTESIAN_POINT('',(2.070073706588,16.541185860001,0.));
#6866 = SURFACE_CURVE('',#6867,(#6872,#6883),.PCURVE_S1.);
#6867 = CIRCLE('',#6868,0.500000000072);
#6868 = AXIS2_PLACEMENT_3D('',#6869,#6870,#6871);
#6869 = CARTESIAN_POINT('',(2.132162702704,17.037315839576,0.));
#6870 = DIRECTION('',(0.,0.,-1.));
#6871 = DIRECTION('',(0.973836592649,-0.227249402239,0.));
#6872 = PCURVE('',#4222,#6873);
#6873 = DEFINITIONAL_REPRESENTATION('',(#6874),#6882);
#6874 = ( BOUNDED_CURVE() B_SPLINE_CURVE(2,(#6875,#6876,#6877,#6878,
#6879,#6880,#6881),.UNSPECIFIED.,.T.,.F.) B_SPLINE_CURVE_WITH_KNOTS((1,2
    ,2,2,2,1),(-2.094395102393,0.,2.094395102393,4.188790204786,
6.28318530718,8.377580409573),.UNSPECIFIED.) CURVE() 
GEOMETRIC_REPRESENTATION_ITEM() RATIONAL_B_SPLINE_CURVE((1.,0.5,1.,0.5,
1.,0.5,1.)) REPRESENTATION_ITEM('') );
#6875 = CARTESIAN_POINT('',(2.619080999099,16.92369113844));
#6876 = CARTESIAN_POINT('',(2.422277243736,16.08032390995));
#6877 = CARTESIAN_POINT('',(1.790301676826,16.672444575899));
#6878 = CARTESIAN_POINT('',(1.158326109916,17.264565241847));
#6879 = CARTESIAN_POINT('',(1.987105432189,17.515811804388));
#6880 = CARTESIAN_POINT('',(2.815884754461,17.767058366929));
#6881 = CARTESIAN_POINT('',(2.619080999099,16.92369113844));
#6882 = ( GEOMETRIC_REPRESENTATION_CONTEXT(2) 
PARAMETRIC_REPRESENTATION_CONTEXT() REPRESENTATION_CONTEXT('2D SPACE',''
  ) );
#6883 = PCURVE('',#6884,#6889);
#6884 = CYLINDRICAL_SURFACE('',#6885,0.500000000072);
#6885 = AXIS2_PLACEMENT_3D('',#6886,#6887,#6888);
#6886 = CARTESIAN_POINT('',(2.132162702704,17.037315839576,0.));
#6887 = DIRECTION('',(0.,0.,-1.));
#6888 = DIRECTION('',(0.973836592649,-0.227249402239,0.));
#6889 = DEFINITIONAL_REPRESENTATION('',(#6890),#6894);
#6890 = LINE('',#6891,#6892);
#6891 = CARTESIAN_POINT('',(0.,0.));
#6892 = VECTOR('',#6893,1.);
#6893 = DIRECTION('',(1.,0.));
#6894 = ( GEOMETRIC_REPRESENTATION_CONTEXT(2) 
PARAMETRIC_REPRESENTATION_CONTEXT() REPRESENTATION_CONTEXT('2D SPACE',''
  ) );
#6895 = ORIENTED_EDGE('',*,*,#6896,.T.);
#6896 = EDGE_CURVE('',#6864,#6897,#6899,.T.);
#6897 = VERTEX_POINT('',#6898);
#6898 = CARTESIAN_POINT('',(1.662587489486,16.58709853005,0.));
#6899 = SURFACE_CURVE('',#6900,(#6905,#6912),.PCURVE_S1.);
#6900 = CIRCLE('',#6901,16.670213999988);
#6901 = AXIS2_PLACEMENT_3D('',#6902,#6903,#6904);
#6902 = CARTESIAN_POINT('',(1.31783473023E-12,1.186428733035E-11,0.));
#6903 = DIRECTION('',(0.,0.,1.));
#6904 = DIRECTION('',(0.124177992351,0.99225995899,0.));
#6905 = PCURVE('',#4222,#6906);
#6906 = DEFINITIONAL_REPRESENTATION('',(#6907),#6911);
#6907 = CIRCLE('',#6908,16.670213999988);
#6908 = AXIS2_PLACEMENT_2D('',#6909,#6910);
#6909 = CARTESIAN_POINT('',(1.324264432635E-12,1.185538722E-11));
#6910 = DIRECTION('',(0.124177992351,0.99225995899));
#6911 = ( GEOMETRIC_REPRESENTATION_CONTEXT(2) 
PARAMETRIC_REPRESENTATION_CONTEXT() REPRESENTATION_CONTEXT('2D SPACE',''
  ) );
#6912 = PCURVE('',#6913,#6918);
#6913 = CYLINDRICAL_SURFACE('',#6914,16.670213999988);
#6914 = AXIS2_PLACEMENT_3D('',#6915,#6916,#6917);
#6915 = CARTESIAN_POINT('',(1.31783473023E-12,1.186428733035E-11,0.));
#6916 = DIRECTION('',(0.,0.,-1.));
#6917 = DIRECTION('',(0.124177992351,0.99225995899,0.));
#6918 = DEFINITIONAL_REPRESENTATION('',(#6919),#6923);
#6919 = LINE('',#6920,#6921);
#6920 = CARTESIAN_POINT('',(0.,0.));
#6921 = VECTOR('',#6922,1.);
#6922 = DIRECTION('',(-1.,0.));
#6923 = ( GEOMETRIC_REPRESENTATION_CONTEXT(2) 
PARAMETRIC_REPRESENTATION_CONTEXT() REPRESENTATION_CONTEXT('2D SPACE',''
  ) );
#6924 = ORIENTED_EDGE('',*,*,#6925,.T.);
#6925 = EDGE_CURVE('',#6897,#6926,#6928,.T.);
#6926 = VERTEX_POINT('',#6927);
#6927 = CARTESIAN_POINT('',(1.212460387827,17.082179218036,0.));
#6928 = SURFACE_CURVE('',#6929,(#6934,#6945),.PCURVE_S1.);
#6929 = CIRCLE('',#6930,0.500000000072);
#6930 = AXIS2_PLACEMENT_3D('',#6931,#6932,#6933);
#6931 = CARTESIAN_POINT('',(1.712454500551,17.084605596612,0.));
#6932 = DIRECTION('',(0.,0.,-1.));
#6933 = DIRECTION('',(-9.973402211601E-02,-0.995014132981,0.));
#6934 = PCURVE('',#4222,#6935);
#6935 = DEFINITIONAL_REPRESENTATION('',(#6936),#6944);
#6936 = ( BOUNDED_CURVE() B_SPLINE_CURVE(2,(#6937,#6938,#6939,#6940,
#6941,#6942,#6943),.UNSPECIFIED.,.T.,.F.) B_SPLINE_CURVE_WITH_KNOTS((1,2
    ,2,2,2,1),(-2.094395102393,0.,2.094395102393,4.188790204786,
6.28318530718,8.377580409573),.UNSPECIFIED.) CURVE() 
GEOMETRIC_REPRESENTATION_ITEM() RATIONAL_B_SPLINE_CURVE((1.,0.5,1.,0.5,
1.,0.5,1.)) REPRESENTATION_ITEM('') );
#6937 = CARTESIAN_POINT('',(1.662587489486,16.58709853005));
#6938 = CARTESIAN_POINT('',(0.800879973076,16.673470726837));
#6939 = CARTESIAN_POINT('',(1.306534247879,17.376545228286));
#6940 = CARTESIAN_POINT('',(1.812188522682,18.079619729736));
#6941 = CARTESIAN_POINT('',(2.168241764289,17.2901730315));
#6942 = CARTESIAN_POINT('',(2.524295005896,16.500726333264));
#6943 = CARTESIAN_POINT('',(1.662587489486,16.58709853005));
#6944 = ( GEOMETRIC_REPRESENTATION_CONTEXT(2) 
PARAMETRIC_REPRESENTATION_CONTEXT() REPRESENTATION_CONTEXT('2D SPACE',''
  ) );
#6945 = PCURVE('',#6946,#6951);
#6946 = CYLINDRICAL_SURFACE('',#6947,0.500000000072);
#6947 = AXIS2_PLACEMENT_3D('',#6948,#6949,#6950);
#6948 = CARTESIAN_POINT('',(1.712454500551,17.084605596612,0.));
#6949 = DIRECTION('',(0.,0.,-1.));
#6950 = DIRECTION('',(-9.973402211601E-02,-0.995014132981,0.));
#6951 = DEFINITIONAL_REPRESENTATION('',(#6952),#6956);
#6952 = LINE('',#6953,#6954);
#6953 = CARTESIAN_POINT('',(0.,0.));
#6954 = VECTOR('',#6955,1.);
#6955 = DIRECTION('',(1.,0.));
#6956 = ( GEOMETRIC_REPRESENTATION_CONTEXT(2) 
PARAMETRIC_REPRESENTATION_CONTEXT() REPRESENTATION_CONTEXT('2D SPACE',''
  ) );
#6957 = ORIENTED_EDGE('',*,*,#6958,.T.);
#6958 = EDGE_CURVE('',#6926,#6959,#6961,.T.);
#6959 = VERTEX_POINT('',#6960);
#6960 = CARTESIAN_POINT('',(0.474387899456,19.464219894998,0.));
#6961 = SURFACE_CURVE('',#6962,(#6981,#7003),.PCURVE_S1.);
#6962 = B_SPLINE_CURVE_WITH_KNOTS('',3,(#6963,#6964,#6965,#6966,#6967,
    #6968,#6969,#6970,#6971,#6972,#6973,#6974,#6975,#6976,#6977,#6978,
    #6979,#6980),.UNSPECIFIED.,.F.,.F.,(4,1,1,1,1,1,1,1,1,1,1,1,1,1,1,4)
  ,(0.,4.919943322603E-02,0.115298688747,0.198297768641,0.298196673931,
    0.414995405195,0.548693962792,0.699292346962,0.86679055787,
    1.051188595638,1.252486460354,1.470684152089,1.705781670896,
    1.95777901682,2.226676189894,2.512473190149),.UNSPECIFIED.);
#6963 = CARTESIAN_POINT('',(1.212460387827,17.082179218036,0.));
#6964 = CARTESIAN_POINT('',(1.212355132637,17.098581329503,0.));
#6965 = CARTESIAN_POINT('',(1.211503818674,17.137007168791,0.));
#6966 = CARTESIAN_POINT('',(1.207913582912,17.203022211475,0.));
#6967 = CARTESIAN_POINT('',(1.200867210109,17.285733949172,0.));
#6968 = CARTESIAN_POINT('',(1.189272385842,17.384974663056,0.));
#6969 = CARTESIAN_POINT('',(1.172099109768,17.50052311178,0.));
#6970 = CARTESIAN_POINT('',(1.148307478263,17.632110157507,0.));
#6971 = CARTESIAN_POINT('',(1.116876239908,17.779417301069,0.));
#6972 = CARTESIAN_POINT('',(1.076795880806,17.942077821089,0.));
#6973 = CARTESIAN_POINT('',(1.027073611402,18.119677145061,0.));
#6974 = CARTESIAN_POINT('',(0.96673446643,18.311753574984,0.));
#6975 = CARTESIAN_POINT('',(0.89482341944,18.517799017445,0.));
#6976 = CARTESIAN_POINT('',(0.810407939214,18.737259758484,0.));
#6977 = CARTESIAN_POINT('',(0.712577027292,18.969537560403,0.));
#6978 = CARTESIAN_POINT('',(0.600455124589,19.213989784565,0.));
#6979 = CARTESIAN_POINT('',(0.51809724461,19.379574352215,0.));
#6980 = CARTESIAN_POINT('',(0.474387899456,19.464219894998,0.));
#6981 = PCURVE('',#4222,#6982);
#6982 = DEFINITIONAL_REPRESENTATION('',(#6983),#7002);
#6983 = B_SPLINE_CURVE_WITH_KNOTS('',3,(#6984,#6985,#6986,#6987,#6988,
    #6989,#6990,#6991,#6992,#6993,#6994,#6995,#6996,#6997,#6998,#6999,
    #7000,#7001),.UNSPECIFIED.,.F.,.F.,(4,1,1,1,1,1,1,1,1,1,1,1,1,1,1,4)
  ,(0.,4.919943322603E-02,0.115298688747,0.198297768641,0.298196673931,
    0.414995405195,0.548693962792,0.699292346962,0.86679055787,
    1.051188595638,1.252486460354,1.470684152089,1.705781670896,
    1.95777901682,2.226676189894,2.512473190149),.UNSPECIFIED.);
#6984 = CARTESIAN_POINT('',(1.212460387827,17.082179218036));
#6985 = CARTESIAN_POINT('',(1.212355132637,17.098581329503));
#6986 = CARTESIAN_POINT('',(1.211503818674,17.137007168791));
#6987 = CARTESIAN_POINT('',(1.207913582912,17.203022211475));
#6988 = CARTESIAN_POINT('',(1.200867210109,17.285733949172));
#6989 = CARTESIAN_POINT('',(1.189272385842,17.384974663056));
#6990 = CARTESIAN_POINT('',(1.172099109768,17.50052311178));
#6991 = CARTESIAN_POINT('',(1.148307478263,17.632110157507));
#6992 = CARTESIAN_POINT('',(1.116876239908,17.779417301069));
#6993 = CARTESIAN_POINT('',(1.076795880806,17.942077821089));
#6994 = CARTESIAN_POINT('',(1.027073611402,18.119677145061));
#6995 = CARTESIAN_POINT('',(0.96673446643,18.311753574984));
#6996 = CARTESIAN_POINT('',(0.89482341944,18.517799017445));
#6997 = CARTESIAN_POINT('',(0.810407939214,18.737259758484));
#6998 = CARTESIAN_POINT('',(0.712577027292,18.969537560403));
#6999 = CARTESIAN_POINT('',(0.600455124589,19.213989784565));
#7000 = CARTESIAN_POINT('',(0.51809724461,19.379574352215));
#7001 = CARTESIAN_POINT('',(0.474387899456,19.464219894998));
#7002 = ( GEOMETRIC_REPRESENTATION_CONTEXT(2) 
PARAMETRIC_REPRESENTATION_CONTEXT() REPRESENTATION_CONTEXT('2D SPACE',''
  ) );
#7003 = PCURVE('',#7004,#7026);
#7004 = SURFACE_OF_LINEAR_EXTRUSION('',#7005,#7024);
#7005 = B_SPLINE_CURVE_WITH_KNOTS('',3,(#7006,#7007,#7008,#7009,#7010,
    #7011,#7012,#7013,#7014,#7015,#7016,#7017,#7018,#7019,#7020,#7021,
    #7022,#7023),.UNSPECIFIED.,.F.,.F.,(4,1,1,1,1,1,1,1,1,1,1,1,1,1,1,4)
  ,(0.,4.919943322603E-02,0.115298688747,0.198297768641,0.298196673931,
    0.414995405195,0.548693962792,0.699292346962,0.86679055787,
    1.051188595638,1.252486460354,1.470684152089,1.705781670896,
    1.95777901682,2.226676189894,2.512473190149),.UNSPECIFIED.);
#7006 = CARTESIAN_POINT('',(1.212460387827,17.082179218036,0.));
#7007 = CARTESIAN_POINT('',(1.212355132637,17.098581329503,0.));
#7008 = CARTESIAN_POINT('',(1.211503818674,17.137007168791,0.));
#7009 = CARTESIAN_POINT('',(1.207913582912,17.203022211475,0.));
#7010 = CARTESIAN_POINT('',(1.200867210109,17.285733949172,0.));
#7011 = CARTESIAN_POINT('',(1.189272385842,17.384974663056,0.));
#7012 = CARTESIAN_POINT('',(1.172099109768,17.50052311178,0.));
#7013 = CARTESIAN_POINT('',(1.148307478263,17.632110157507,0.));
#7014 = CARTESIAN_POINT('',(1.116876239908,17.779417301069,0.));
#7015 = CARTESIAN_POINT('',(1.076795880806,17.942077821089,0.));
#7016 = CARTESIAN_POINT('',(1.027073611402,18.119677145061,0.));
#7017 = CARTESIAN_POINT('',(0.96673446643,18.311753574984,0.));
#7018 = CARTESIAN_POINT('',(0.89482341944,18.517799017445,0.));
#7019 = CARTESIAN_POINT('',(0.810407939214,18.737259758484,0.));
#7020 = CARTESIAN_POINT('',(0.712577027292,18.969537560403,0.));
#7021 = CARTESIAN_POINT('',(0.600455124589,19.213989784565,0.));
#7022 = CARTESIAN_POINT('',(0.51809724461,19.379574352215,0.));
#7023 = CARTESIAN_POINT('',(0.474387899456,19.464219894998,0.));
#7024 = VECTOR('',#7025,1.);
#7025 = DIRECTION('',(0.,0.,-1.));
#7026 = DEFINITIONAL_REPRESENTATION('',(#7027),#7031);
#7027 = LINE('',#7028,#7029);
#7028 = CARTESIAN_POINT('',(0.,0.));
#7029 = VECTOR('',#7030,1.);
#7030 = DIRECTION('',(1.,0.));
#7031 = ( GEOMETRIC_REPRESENTATION_CONTEXT(2) 
PARAMETRIC_REPRESENTATION_CONTEXT() REPRESENTATION_CONTEXT('2D SPACE',''
  ) );
#7032 = ORIENTED_EDGE('',*,*,#7033,.T.);
#7033 = EDGE_CURVE('',#6959,#7034,#7036,.T.);
#7034 = VERTEX_POINT('',#7035);
#7035 = CARTESIAN_POINT('',(-0.474387899456,19.464219894998,0.));
#7036 = SURFACE_CURVE('',#7037,(#7042,#7049),.PCURVE_S1.);
#7037 = CIRCLE('',#7038,19.470000000003);
#7038 = AXIS2_PLACEMENT_3D('',#7039,#7040,#7041);
#7039 = CARTESIAN_POINT('',(5.939693181745E-15,-2.678746113816E-12,0.));
#7040 = DIRECTION('',(0.,0.,1.));
#7041 = DIRECTION('',(2.43650693095E-02,0.999703127632,0.));
#7042 = PCURVE('',#4222,#7043);
#7043 = DEFINITIONAL_REPRESENTATION('',(#7044),#7048);
#7044 = CIRCLE('',#7045,19.470000000003);
#7045 = AXIS2_PLACEMENT_2D('',#7046,#7047);
#7046 = CARTESIAN_POINT('',(1.23693955866E-14,-2.687646224172E-12));
#7047 = DIRECTION('',(2.43650693095E-02,0.999703127632));
#7048 = ( GEOMETRIC_REPRESENTATION_CONTEXT(2) 
PARAMETRIC_REPRESENTATION_CONTEXT() REPRESENTATION_CONTEXT('2D SPACE',''
  ) );
#7049 = PCURVE('',#7050,#7055);
#7050 = CYLINDRICAL_SURFACE('',#7051,19.470000000003);
#7051 = AXIS2_PLACEMENT_3D('',#7052,#7053,#7054);
#7052 = CARTESIAN_POINT('',(5.939693181745E-15,-2.678746113816E-12,0.));
#7053 = DIRECTION('',(0.,0.,-1.));
#7054 = DIRECTION('',(2.43650693095E-02,0.999703127632,0.));
#7055 = DEFINITIONAL_REPRESENTATION('',(#7056),#7060);
#7056 = LINE('',#7057,#7058);
#7057 = CARTESIAN_POINT('',(0.,0.));
#7058 = VECTOR('',#7059,1.);
#7059 = DIRECTION('',(-1.,0.));
#7060 = ( GEOMETRIC_REPRESENTATION_CONTEXT(2) 
PARAMETRIC_REPRESENTATION_CONTEXT() REPRESENTATION_CONTEXT('2D SPACE',''
  ) );
#7061 = ORIENTED_EDGE('',*,*,#7062,.T.);
#7062 = EDGE_CURVE('',#7034,#7063,#7065,.T.);
#7063 = VERTEX_POINT('',#7064);
#7064 = CARTESIAN_POINT('',(-1.212460387827,17.082179218036,0.));
#7065 = SURFACE_CURVE('',#7066,(#7085,#7107),.PCURVE_S1.);
#7066 = B_SPLINE_CURVE_WITH_KNOTS('',3,(#7067,#7068,#7069,#7070,#7071,
    #7072,#7073,#7074,#7075,#7076,#7077,#7078,#7079,#7080,#7081,#7082,
    #7083,#7084),.UNSPECIFIED.,.F.,.F.,(4,1,1,1,1,1,1,1,1,1,1,1,1,1,1,4)
  ,(0.,0.285797000255,0.55469417333,0.806691519253,1.04178903806,
    1.259986729795,1.461284594512,1.645682632279,1.813180843187,
    1.963779227357,2.097477784955,2.214276516218,2.314175421508,
    2.397174501402,2.463273756923,2.512473190149),.UNSPECIFIED.);
#7067 = CARTESIAN_POINT('',(-0.474387899456,19.464219894998,0.));
#7068 = CARTESIAN_POINT('',(-0.51809724461,19.379574352215,0.));
#7069 = CARTESIAN_POINT('',(-0.600455124589,19.213989784565,0.));
#7070 = CARTESIAN_POINT('',(-0.712577027292,18.969537560403,0.));
#7071 = CARTESIAN_POINT('',(-0.810407939214,18.737259758484,0.));
#7072 = CARTESIAN_POINT('',(-0.89482341944,18.517799017445,0.));
#7073 = CARTESIAN_POINT('',(-0.96673446643,18.311753574984,0.));
#7074 = CARTESIAN_POINT('',(-1.027073611402,18.119677145061,0.));
#7075 = CARTESIAN_POINT('',(-1.076795880806,17.942077821089,0.));
#7076 = CARTESIAN_POINT('',(-1.116876239908,17.779417301069,0.));
#7077 = CARTESIAN_POINT('',(-1.148307478263,17.632110157507,0.));
#7078 = CARTESIAN_POINT('',(-1.172099109768,17.50052311178,0.));
#7079 = CARTESIAN_POINT('',(-1.189272385842,17.384974663056,0.));
#7080 = CARTESIAN_POINT('',(-1.200867210109,17.285733949172,0.));
#7081 = CARTESIAN_POINT('',(-1.207913582912,17.203022211475,0.));
#7082 = CARTESIAN_POINT('',(-1.211503818674,17.137007168791,0.));
#7083 = CARTESIAN_POINT('',(-1.212355132637,17.098581329503,0.));
#7084 = CARTESIAN_POINT('',(-1.212460387827,17.082179218036,0.));
#7085 = PCURVE('',#4222,#7086);
#7086 = DEFINITIONAL_REPRESENTATION('',(#7087),#7106);
#7087 = B_SPLINE_CURVE_WITH_KNOTS('',3,(#7088,#7089,#7090,#7091,#7092,
    #7093,#7094,#7095,#7096,#7097,#7098,#7099,#7100,#7101,#7102,#7103,
    #7104,#7105),.UNSPECIFIED.,.F.,.F.,(4,1,1,1,1,1,1,1,1,1,1,1,1,1,1,4)
  ,(0.,0.285797000255,0.55469417333,0.806691519253,1.04178903806,
    1.259986729795,1.461284594512,1.645682632279,1.813180843187,
    1.963779227357,2.097477784955,2.214276516218,2.314175421508,
    2.397174501402,2.463273756923,2.512473190149),.UNSPECIFIED.);
#7088 = CARTESIAN_POINT('',(-0.474387899456,19.464219894998));
#7089 = CARTESIAN_POINT('',(-0.51809724461,19.379574352215));
#7090 = CARTESIAN_POINT('',(-0.600455124589,19.213989784565));
#7091 = CARTESIAN_POINT('',(-0.712577027292,18.969537560403));
#7092 = CARTESIAN_POINT('',(-0.810407939214,18.737259758484));
#7093 = CARTESIAN_POINT('',(-0.89482341944,18.517799017445));
#7094 = CARTESIAN_POINT('',(-0.96673446643,18.311753574984));
#7095 = CARTESIAN_POINT('',(-1.027073611402,18.119677145061));
#7096 = CARTESIAN_POINT('',(-1.076795880806,17.942077821089));
#7097 = CARTESIAN_POINT('',(-1.116876239908,17.779417301069));
#7098 = CARTESIAN_POINT('',(-1.148307478263,17.632110157507));
#7099 = CARTESIAN_POINT('',(-1.172099109768,17.50052311178));
#7100 = CARTESIAN_POINT('',(-1.189272385842,17.384974663056));
#7101 = CARTESIAN_POINT('',(-1.200867210109,17.285733949172));
#7102 = CARTESIAN_POINT('',(-1.207913582912,17.203022211475));
#7103 = CARTESIAN_POINT('',(-1.211503818674,17.137007168791));
#7104 = CARTESIAN_POINT('',(-1.212355132637,17.098581329503));
#7105 = CARTESIAN_POINT('',(-1.212460387827,17.082179218036));
#7106 = ( GEOMETRIC_REPRESENTATION_CONTEXT(2) 
PARAMETRIC_REPRESENTATION_CONTEXT() REPRESENTATION_CONTEXT('2D SPACE',''
  ) );
#7107 = PCURVE('',#7108,#7130);
#7108 = SURFACE_OF_LINEAR_EXTRUSION('',#7109,#7128);
#7109 = B_SPLINE_CURVE_WITH_KNOTS('',3,(#7110,#7111,#7112,#7113,#7114,
    #7115,#7116,#7117,#7118,#7119,#7120,#7121,#7122,#7123,#7124,#7125,
    #7126,#7127),.UNSPECIFIED.,.F.,.F.,(4,1,1,1,1,1,1,1,1,1,1,1,1,1,1,4)
  ,(0.,0.285797000255,0.55469417333,0.806691519253,1.04178903806,
    1.259986729795,1.461284594512,1.645682632279,1.813180843187,
    1.963779227357,2.097477784955,2.214276516218,2.314175421508,
    2.397174501402,2.463273756923,2.512473190149),.UNSPECIFIED.);
#7110 = CARTESIAN_POINT('',(-0.474387899456,19.464219894998,0.));
#7111 = CARTESIAN_POINT('',(-0.51809724461,19.379574352215,0.));
#7112 = CARTESIAN_POINT('',(-0.600455124589,19.213989784565,0.));
#7113 = CARTESIAN_POINT('',(-0.712577027292,18.969537560403,0.));
#7114 = CARTESIAN_POINT('',(-0.810407939214,18.737259758484,0.));
#7115 = CARTESIAN_POINT('',(-0.89482341944,18.517799017445,0.));
#7116 = CARTESIAN_POINT('',(-0.96673446643,18.311753574984,0.));
#7117 = CARTESIAN_POINT('',(-1.027073611402,18.119677145061,0.));
#7118 = CARTESIAN_POINT('',(-1.076795880806,17.942077821089,0.));
#7119 = CARTESIAN_POINT('',(-1.116876239908,17.779417301069,0.));
#7120 = CARTESIAN_POINT('',(-1.148307478263,17.632110157507,0.));
#7121 = CARTESIAN_POINT('',(-1.172099109768,17.50052311178,0.));
#7122 = CARTESIAN_POINT('',(-1.189272385842,17.384974663056,0.));
#7123 = CARTESIAN_POINT('',(-1.200867210109,17.285733949172,0.));
#7124 = CARTESIAN_POINT('',(-1.207913582912,17.203022211475,0.));
#7125 = CARTESIAN_POINT('',(-1.211503818674,17.137007168791,0.));
#7126 = CARTESIAN_POINT('',(-1.212355132637,17.098581329503,0.));
#7127 = CARTESIAN_POINT('',(-1.212460387827,17.082179218036,0.));
#7128 = VECTOR('',#7129,1.);
#7129 = DIRECTION('',(0.,0.,-1.));
#7130 = DEFINITIONAL_REPRESENTATION('',(#7131),#7135);
#7131 = LINE('',#7132,#7133);
#7132 = CARTESIAN_POINT('',(0.,0.));
#7133 = VECTOR('',#7134,1.);
#7134 = DIRECTION('',(1.,0.));
#7135 = ( GEOMETRIC_REPRESENTATION_CONTEXT(2) 
PARAMETRIC_REPRESENTATION_CONTEXT() REPRESENTATION_CONTEXT('2D SPACE',''
  ) );
#7136 = ORIENTED_EDGE('',*,*,#7137,.T.);
#7137 = EDGE_CURVE('',#7063,#7138,#7140,.T.);
#7138 = VERTEX_POINT('',#7139);
#7139 = CARTESIAN_POINT('',(-1.662587489486,16.58709853005,0.));
#7140 = SURFACE_CURVE('',#7141,(#7146,#7157),.PCURVE_S1.);
#7141 = CIRCLE('',#7142,0.500000000072);
#7142 = AXIS2_PLACEMENT_3D('',#7143,#7144,#7145);
#7143 = CARTESIAN_POINT('',(-1.712454500551,17.084605596612,0.));
#7144 = DIRECTION('',(0.,0.,-1.));
#7145 = DIRECTION('',(0.999988225305,-4.852757152684E-03,0.));
#7146 = PCURVE('',#4222,#7147);
#7147 = DEFINITIONAL_REPRESENTATION('',(#7148),#7156);
#7148 = ( BOUNDED_CURVE() B_SPLINE_CURVE(2,(#7149,#7150,#7151,#7152,
#7153,#7154,#7155),.UNSPECIFIED.,.T.,.F.) B_SPLINE_CURVE_WITH_KNOTS((1,2
    ,2,2,2,1),(-2.094395102393,0.,2.094395102393,4.188790204786,
6.28318530718,8.377580409573),.UNSPECIFIED.) CURVE() 
GEOMETRIC_REPRESENTATION_ITEM() RATIONAL_B_SPLINE_CURVE((1.,0.5,1.,0.5,
1.,0.5,1.)) REPRESENTATION_ITEM('') );
#7149 = CARTESIAN_POINT('',(-1.212460387827,17.082179218036));
#7150 = CARTESIAN_POINT('',(-1.216662998801,16.216164011312));
#7151 = CARTESIAN_POINT('',(-1.9645528624,16.652811182539));
#7152 = CARTESIAN_POINT('',(-2.712442725999,17.089458353766));
#7153 = CARTESIAN_POINT('',(-1.960350251427,17.518826389262));
#7154 = CARTESIAN_POINT('',(-1.208257776854,17.948194424759));
#7155 = CARTESIAN_POINT('',(-1.212460387827,17.082179218036));
#7156 = ( GEOMETRIC_REPRESENTATION_CONTEXT(2) 
PARAMETRIC_REPRESENTATION_CONTEXT() REPRESENTATION_CONTEXT('2D SPACE',''
  ) );
#7157 = PCURVE('',#7158,#7163);
#7158 = CYLINDRICAL_SURFACE('',#7159,0.500000000072);
#7159 = AXIS2_PLACEMENT_3D('',#7160,#7161,#7162);
#7160 = CARTESIAN_POINT('',(-1.712454500551,17.084605596612,0.));
#7161 = DIRECTION('',(0.,0.,-1.));
#7162 = DIRECTION('',(0.999988225305,-4.852757152684E-03,0.));
#7163 = DEFINITIONAL_REPRESENTATION('',(#7164),#7168);
#7164 = LINE('',#7165,#7166);
#7165 = CARTESIAN_POINT('',(0.,0.));
#7166 = VECTOR('',#7167,1.);
#7167 = DIRECTION('',(1.,0.));
#7168 = ( GEOMETRIC_REPRESENTATION_CONTEXT(2) 
PARAMETRIC_REPRESENTATION_CONTEXT() REPRESENTATION_CONTEXT('2D SPACE',''
  ) );
#7169 = ORIENTED_EDGE('',*,*,#7170,.T.);
#7170 = EDGE_CURVE('',#7138,#7171,#7173,.T.);
#7171 = VERTEX_POINT('',#7172);
#7172 = CARTESIAN_POINT('',(-2.070073706588,16.541185860001,0.));
#7173 = SURFACE_CURVE('',#7174,(#7179,#7186),.PCURVE_S1.);
#7174 = CIRCLE('',#7175,16.670213999988);
#7175 = AXIS2_PLACEMENT_3D('',#7176,#7177,#7178);
#7176 = CARTESIAN_POINT('',(-1.324496068378E-12,1.202593580274E-11,0.));
#7177 = DIRECTION('',(0.,0.,1.));
#7178 = DIRECTION('',(-9.973402197993E-02,0.995014132995,0.));
#7179 = PCURVE('',#4222,#7180);
#7180 = DEFINITIONAL_REPRESENTATION('',(#7181),#7185);
#7181 = CIRCLE('',#7182,16.670213999988);
#7182 = AXIS2_PLACEMENT_2D('',#7183,#7184);
#7183 = CARTESIAN_POINT('',(-1.318066365973E-12,1.201703569238E-11));
#7184 = DIRECTION('',(-9.973402197993E-02,0.995014132995));
#7185 = ( GEOMETRIC_REPRESENTATION_CONTEXT(2) 
PARAMETRIC_REPRESENTATION_CONTEXT() REPRESENTATION_CONTEXT('2D SPACE',''
  ) );
#7186 = PCURVE('',#7187,#7192);
#7187 = CYLINDRICAL_SURFACE('',#7188,16.670213999988);
#7188 = AXIS2_PLACEMENT_3D('',#7189,#7190,#7191);
#7189 = CARTESIAN_POINT('',(-1.324496068378E-12,1.202593580274E-11,0.));
#7190 = DIRECTION('',(0.,0.,-1.));
#7191 = DIRECTION('',(-9.973402197993E-02,0.995014132995,0.));
#7192 = DEFINITIONAL_REPRESENTATION('',(#7193),#7197);
#7193 = LINE('',#7194,#7195);
#7194 = CARTESIAN_POINT('',(0.,0.));
#7195 = VECTOR('',#7196,1.);
#7196 = DIRECTION('',(-1.,0.));
#7197 = ( GEOMETRIC_REPRESENTATION_CONTEXT(2) 
PARAMETRIC_REPRESENTATION_CONTEXT() REPRESENTATION_CONTEXT('2D SPACE',''
  ) );
#7198 = ORIENTED_EDGE('',*,*,#7199,.T.);
#7199 = EDGE_CURVE('',#7171,#7200,#7202,.T.);
#7200 = VERTEX_POINT('',#7201);
#7201 = CARTESIAN_POINT('',(-2.619080999099,16.92369113844,0.));
#7202 = SURFACE_CURVE('',#7203,(#7208,#7219),.PCURVE_S1.);
#7203 = CIRCLE('',#7204,0.500000000072);
#7204 = AXIS2_PLACEMENT_3D('',#7205,#7206,#7207);
#7205 = CARTESIAN_POINT('',(-2.132162702704,17.037315839576,0.));
#7206 = DIRECTION('',(0.,0.,-1.));
#7207 = DIRECTION('',(0.124177992216,-0.992259959007,0.));
#7208 = PCURVE('',#4222,#7209);
#7209 = DEFINITIONAL_REPRESENTATION('',(#7210),#7218);
#7210 = ( BOUNDED_CURVE() B_SPLINE_CURVE(2,(#7211,#7212,#7213,#7214,
#7215,#7216,#7217),.UNSPECIFIED.,.T.,.F.) B_SPLINE_CURVE_WITH_KNOTS((1,2
    ,2,2,2,1),(-2.094395102393,0.,2.094395102393,4.188790204786,
6.28318530718,8.377580409573),.UNSPECIFIED.) CURVE() 
GEOMETRIC_REPRESENTATION_ITEM() RATIONAL_B_SPLINE_CURVE((1.,0.5,1.,0.5,
1.,0.5,1.)) REPRESENTATION_ITEM('') );
#7211 = CARTESIAN_POINT('',(-2.070073706588,16.541185860001));
#7212 = CARTESIAN_POINT('',(-2.929396038369,16.433644564136));
#7213 = CARTESIAN_POINT('',(-2.592868366654,17.23161018143));
#7214 = CARTESIAN_POINT('',(-2.256340694938,18.029575798725));
#7215 = CARTESIAN_POINT('',(-1.733546034872,17.339151477295));
#7216 = CARTESIAN_POINT('',(-1.210751374806,16.648727155866));
#7217 = CARTESIAN_POINT('',(-2.070073706588,16.541185860001));
#7218 = ( GEOMETRIC_REPRESENTATION_CONTEXT(2) 
PARAMETRIC_REPRESENTATION_CONTEXT() REPRESENTATION_CONTEXT('2D SPACE',''
  ) );
#7219 = PCURVE('',#7220,#7225);
#7220 = CYLINDRICAL_SURFACE('',#7221,0.500000000072);
#7221 = AXIS2_PLACEMENT_3D('',#7222,#7223,#7224);
#7222 = CARTESIAN_POINT('',(-2.132162702704,17.037315839576,0.));
#7223 = DIRECTION('',(0.,0.,-1.));
#7224 = DIRECTION('',(0.124177992216,-0.992259959007,0.));
#7225 = DEFINITIONAL_REPRESENTATION('',(#7226),#7230);
#7226 = LINE('',#7227,#7228);
#7227 = CARTESIAN_POINT('',(0.,0.));
#7228 = VECTOR('',#7229,1.);
#7229 = DIRECTION('',(1.,0.));
#7230 = ( GEOMETRIC_REPRESENTATION_CONTEXT(2) 
PARAMETRIC_REPRESENTATION_CONTEXT() REPRESENTATION_CONTEXT('2D SPACE',''
  ) );
#7231 = ORIENTED_EDGE('',*,*,#7232,.T.);
#7232 = EDGE_CURVE('',#7200,#7233,#7235,.T.);
#7233 = VERTEX_POINT('',#7234);
#7234 = CARTESIAN_POINT('',(-3.868702385385,19.081772502923,0.));
#7235 = SURFACE_CURVE('',#7236,(#7255,#7277),.PCURVE_S1.);
#7236 = B_SPLINE_CURVE_WITH_KNOTS('',3,(#7237,#7238,#7239,#7240,#7241,
    #7242,#7243,#7244,#7245,#7246,#7247,#7248,#7249,#7250,#7251,#7252,
    #7253,#7254),.UNSPECIFIED.,.F.,.F.,(4,1,1,1,1,1,1,1,1,1,1,1,1,1,1,4)
  ,(0.,4.919943322603E-02,0.115298688747,0.198297768641,0.298196673931,
    0.414995405195,0.548693962792,0.699292346962,0.86679055787,
    1.051188595638,1.252486460354,1.470684152089,1.705781670896,
    1.95777901682,2.226676189894,2.512473190149),.UNSPECIFIED.);
#7237 = CARTESIAN_POINT('',(-2.619080999099,16.92369113844,0.));
#7238 = CARTESIAN_POINT('',(-2.622833428484,16.939658593245,0.));
#7239 = CARTESIAN_POINT('',(-2.632213951875,16.976931581338,0.));
#7240 = CARTESIAN_POINT('',(-2.650403901884,17.040492586459,0.));
#7241 = CARTESIAN_POINT('',(-2.675678700531,17.119562602748,0.));
#7242 = CARTESIAN_POINT('',(-2.709065954686,17.213735053613,0.));
#7243 = CARTESIAN_POINT('',(-2.751520609601,17.322565048052,0.));
#7244 = CARTESIAN_POINT('',(-2.803996607543,17.445558795751,0.));
#7245 = CARTESIAN_POINT('',(-2.867418722294,17.582178533159,0.));
#7246 = CARTESIAN_POINT('',(-2.942689553945,17.731842095395,0.));
#7247 = CARTESIAN_POINT('',(-3.030684749685,17.893924387694,0.));
#7248 = CARTESIAN_POINT('',(-3.132252092892,18.067758337605,0.));
#7249 = CARTESIAN_POINT('',(-3.248209604091,18.2526360773,0.));
#7250 = CARTESIAN_POINT('',(-3.379343221047,18.447810267867,0.));
#7251 = CARTESIAN_POINT('',(-3.526407981174,18.652494954447,0.));
#7252 = CARTESIAN_POINT('',(-3.690114490914,18.865868780471,0.));
#7253 = CARTESIAN_POINT('',(-3.807253519536,19.008975444929,0.));
#7254 = CARTESIAN_POINT('',(-3.868702385385,19.081772502923,0.));
#7255 = PCURVE('',#4222,#7256);
#7256 = DEFINITIONAL_REPRESENTATION('',(#7257),#7276);
#7257 = B_SPLINE_CURVE_WITH_KNOTS('',3,(#7258,#7259,#7260,#7261,#7262,
    #7263,#7264,#7265,#7266,#7267,#7268,#7269,#7270,#7271,#7272,#7273,
    #7274,#7275),.UNSPECIFIED.,.F.,.F.,(4,1,1,1,1,1,1,1,1,1,1,1,1,1,1,4)
  ,(0.,4.919943322603E-02,0.115298688747,0.198297768641,0.298196673931,
    0.414995405195,0.548693962792,0.699292346962,0.86679055787,
    1.051188595638,1.252486460354,1.470684152089,1.705781670896,
    1.95777901682,2.226676189894,2.512473190149),.UNSPECIFIED.);
#7258 = CARTESIAN_POINT('',(-2.619080999099,16.92369113844));
#7259 = CARTESIAN_POINT('',(-2.622833428484,16.939658593245));
#7260 = CARTESIAN_POINT('',(-2.632213951875,16.976931581338));
#7261 = CARTESIAN_POINT('',(-2.650403901884,17.040492586459));
#7262 = CARTESIAN_POINT('',(-2.675678700531,17.119562602748));
#7263 = CARTESIAN_POINT('',(-2.709065954686,17.213735053613));
#7264 = CARTESIAN_POINT('',(-2.751520609601,17.322565048052));
#7265 = CARTESIAN_POINT('',(-2.803996607543,17.445558795751));
#7266 = CARTESIAN_POINT('',(-2.867418722294,17.582178533159));
#7267 = CARTESIAN_POINT('',(-2.942689553945,17.731842095395));
#7268 = CARTESIAN_POINT('',(-3.030684749685,17.893924387694));
#7269 = CARTESIAN_POINT('',(-3.132252092892,18.067758337605));
#7270 = CARTESIAN_POINT('',(-3.248209604091,18.2526360773));
#7271 = CARTESIAN_POINT('',(-3.379343221047,18.447810267867));
#7272 = CARTESIAN_POINT('',(-3.526407981174,18.652494954447));
#7273 = CARTESIAN_POINT('',(-3.690114490914,18.865868780471));
#7274 = CARTESIAN_POINT('',(-3.807253519536,19.008975444929));
#7275 = CARTESIAN_POINT('',(-3.868702385385,19.081772502923));
#7276 = ( GEOMETRIC_REPRESENTATION_CONTEXT(2) 
PARAMETRIC_REPRESENTATION_CONTEXT() REPRESENTATION_CONTEXT('2D SPACE',''
  ) );
#7277 = PCURVE('',#7278,#7300);
#7278 = SURFACE_OF_LINEAR_EXTRUSION('',#7279,#7298);
#7279 = B_SPLINE_CURVE_WITH_KNOTS('',3,(#7280,#7281,#7282,#7283,#7284,
    #7285,#7286,#7287,#7288,#7289,#7290,#7291,#7292,#7293,#7294,#7295,
    #7296,#7297),.UNSPECIFIED.,.F.,.F.,(4,1,1,1,1,1,1,1,1,1,1,1,1,1,1,4)
  ,(0.,4.919943322603E-02,0.115298688747,0.198297768641,0.298196673931,
    0.414995405195,0.548693962792,0.699292346962,0.86679055787,
    1.051188595638,1.252486460354,1.470684152089,1.705781670896,
    1.95777901682,2.226676189894,2.512473190149),.UNSPECIFIED.);
#7280 = CARTESIAN_POINT('',(-2.619080999099,16.92369113844,0.));
#7281 = CARTESIAN_POINT('',(-2.622833428484,16.939658593245,0.));
#7282 = CARTESIAN_POINT('',(-2.632213951875,16.976931581338,0.));
#7283 = CARTESIAN_POINT('',(-2.650403901884,17.040492586459,0.));
#7284 = CARTESIAN_POINT('',(-2.675678700531,17.119562602748,0.));
#7285 = CARTESIAN_POINT('',(-2.709065954686,17.213735053613,0.));
#7286 = CARTESIAN_POINT('',(-2.751520609601,17.322565048052,0.));
#7287 = CARTESIAN_POINT('',(-2.803996607543,17.445558795751,0.));
#7288 = CARTESIAN_POINT('',(-2.867418722294,17.582178533159,0.));
#7289 = CARTESIAN_POINT('',(-2.942689553945,17.731842095395,0.));
#7290 = CARTESIAN_POINT('',(-3.030684749685,17.893924387694,0.));
#7291 = CARTESIAN_POINT('',(-3.132252092892,18.067758337605,0.));
#7292 = CARTESIAN_POINT('',(-3.248209604091,18.2526360773,0.));
#7293 = CARTESIAN_POINT('',(-3.379343221047,18.447810267867,0.));
#7294 = CARTESIAN_POINT('',(-3.526407981174,18.652494954447,0.));
#7295 = CARTESIAN_POINT('',(-3.690114490914,18.865868780471,0.));
#7296 = CARTESIAN_POINT('',(-3.807253519536,19.008975444929,0.));
#7297 = CARTESIAN_POINT('',(-3.868702385385,19.081772502923,0.));
#7298 = VECTOR('',#7299,1.);
#7299 = DIRECTION('',(0.,0.,-1.));
#7300 = DEFINITIONAL_REPRESENTATION('',(#7301),#7305);
#7301 = LINE('',#7302,#7303);
#7302 = CARTESIAN_POINT('',(0.,0.));
#7303 = VECTOR('',#7304,1.);
#7304 = DIRECTION('',(1.,0.));
#7305 = ( GEOMETRIC_REPRESENTATION_CONTEXT(2) 
PARAMETRIC_REPRESENTATION_CONTEXT() REPRESENTATION_CONTEXT('2D SPACE',''
  ) );
#7306 = ORIENTED_EDGE('',*,*,#7307,.T.);
#7307 = EDGE_CURVE('',#7233,#7308,#7310,.T.);
#7308 = VERTEX_POINT('',#7309);
#7309 = CARTESIAN_POINT('',(-4.793690394147,18.870650026034,0.));
#7310 = SURFACE_CURVE('',#7311,(#7316,#7323),.PCURVE_S1.);
#7311 = CIRCLE('',#7312,19.470000000002);
#7312 = AXIS2_PLACEMENT_3D('',#7313,#7314,#7315);
#7313 = CARTESIAN_POINT('',(5.00488539501E-13,-2.183142555623E-12,0.));
#7314 = DIRECTION('',(0.,0.,1.));
#7315 = DIRECTION('',(-0.198700687488,0.980060221003,0.));
#7316 = PCURVE('',#4222,#7317);
#7317 = DEFINITIONAL_REPRESENTATION('',(#7318),#7322);
#7318 = CIRCLE('',#7319,19.470000000002);
#7319 = AXIS2_PLACEMENT_2D('',#7320,#7321);
#7320 = CARTESIAN_POINT('',(5.069182419059E-13,-2.192042665979E-12));
#7321 = DIRECTION('',(-0.198700687488,0.980060221003));
#7322 = ( GEOMETRIC_REPRESENTATION_CONTEXT(2) 
PARAMETRIC_REPRESENTATION_CONTEXT() REPRESENTATION_CONTEXT('2D SPACE',''
  ) );
#7323 = PCURVE('',#7324,#7329);
#7324 = CYLINDRICAL_SURFACE('',#7325,19.470000000002);
#7325 = AXIS2_PLACEMENT_3D('',#7326,#7327,#7328);
#7326 = CARTESIAN_POINT('',(5.00488539501E-13,-2.183142555623E-12,0.));
#7327 = DIRECTION('',(0.,0.,-1.));
#7328 = DIRECTION('',(-0.198700687488,0.980060221003,0.));
#7329 = DEFINITIONAL_REPRESENTATION('',(#7330),#7334);
#7330 = LINE('',#7331,#7332);
#7331 = CARTESIAN_POINT('',(0.,0.));
#7332 = VECTOR('',#7333,1.);
#7333 = DIRECTION('',(-1.,0.));
#7334 = ( GEOMETRIC_REPRESENTATION_CONTEXT(2) 
PARAMETRIC_REPRESENTATION_CONTEXT() REPRESENTATION_CONTEXT('2D SPACE',''
  ) );
#7335 = ORIENTED_EDGE('',*,*,#7336,.T.);
#7336 = EDGE_CURVE('',#7308,#7337,#7339,.T.);
#7337 = VERTEX_POINT('',#7338);
#7338 = CARTESIAN_POINT('',(-4.983203948114,16.384095502671,0.));
#7339 = SURFACE_CURVE('',#7340,(#7359,#7381),.PCURVE_S1.);
#7340 = B_SPLINE_CURVE_WITH_KNOTS('',3,(#7341,#7342,#7343,#7344,#7345,
    #7346,#7347,#7348,#7349,#7350,#7351,#7352,#7353,#7354,#7355,#7356,
    #7357,#7358),.UNSPECIFIED.,.F.,.F.,(4,1,1,1,1,1,1,1,1,1,1,1,1,1,1,4)
  ,(0.,0.285797000255,0.55469417333,0.806691519253,1.04178903806,
    1.259986729795,1.461284594512,1.645682632279,1.813180843187,
    1.963779227357,2.097477784955,2.214276516218,2.314175421508,
    2.397174501402,2.463273756923,2.512473190149),.UNSPECIFIED.);
#7341 = CARTESIAN_POINT('',(-4.793690394147,18.870650026034,0.));
#7342 = CARTESIAN_POINT('',(-4.817468449526,18.778400479427,0.));
#7343 = CARTESIAN_POINT('',(-4.860915412863,18.598641110226,0.));
#7344 = CARTESIAN_POINT('',(-4.915830448147,18.33536834319,0.));
#7345 = CARTESIAN_POINT('',(-4.959521861433,18.087144804828,0.));
#7346 = CARTESIAN_POINT('',(-4.992986260264,17.854402191261,0.));
#7347 = CARTESIAN_POINT('',(-5.017244922874,17.637521024889,0.));
#7348 = CARTESIAN_POINT('',(-5.033330212927,17.436833629192,0.));
#7349 = CARTESIAN_POINT('',(-5.042286273786,17.252622845241,0.));
#7350 = CARTESIAN_POINT('',(-5.045166363772,17.085121845123,0.));
#7351 = CARTESIAN_POINT('',(-5.043030632195,16.934513890686,0.));
#7352 = CARTESIAN_POINT('',(-5.036944885514,16.800931870862,0.));
#7353 = CARTESIAN_POINT('',(-5.027975642974,16.684459049561,0.));
#7354 = CARTESIAN_POINT('',(-5.017196624449,16.585126416446,0.));
#7355 = CARTESIAN_POINT('',(-5.005661236853,16.502920469243,0.));
#7356 = CARTESIAN_POINT('',(-4.994471728956,16.437761658891,0.));
#7357 = CARTESIAN_POINT('',(-4.986751145054,16.400109800442,0.));
#7358 = CARTESIAN_POINT('',(-4.983203948114,16.384095502671,0.));
#7359 = PCURVE('',#4222,#7360);
#7360 = DEFINITIONAL_REPRESENTATION('',(#7361),#7380);
#7361 = B_SPLINE_CURVE_WITH_KNOTS('',3,(#7362,#7363,#7364,#7365,#7366,
    #7367,#7368,#7369,#7370,#7371,#7372,#7373,#7374,#7375,#7376,#7377,
    #7378,#7379),.UNSPECIFIED.,.F.,.F.,(4,1,1,1,1,1,1,1,1,1,1,1,1,1,1,4)
  ,(0.,0.285797000255,0.55469417333,0.806691519253,1.04178903806,
    1.259986729795,1.461284594512,1.645682632279,1.813180843187,
    1.963779227357,2.097477784955,2.214276516218,2.314175421508,
    2.397174501402,2.463273756923,2.512473190149),.UNSPECIFIED.);
#7362 = CARTESIAN_POINT('',(-4.793690394147,18.870650026034));
#7363 = CARTESIAN_POINT('',(-4.817468449526,18.778400479427));
#7364 = CARTESIAN_POINT('',(-4.860915412863,18.598641110226));
#7365 = CARTESIAN_POINT('',(-4.915830448147,18.33536834319));
#7366 = CARTESIAN_POINT('',(-4.959521861433,18.087144804828));
#7367 = CARTESIAN_POINT('',(-4.992986260264,17.854402191261));
#7368 = CARTESIAN_POINT('',(-5.017244922874,17.637521024889));
#7369 = CARTESIAN_POINT('',(-5.033330212927,17.436833629192));
#7370 = CARTESIAN_POINT('',(-5.042286273786,17.252622845241));
#7371 = CARTESIAN_POINT('',(-5.045166363772,17.085121845123));
#7372 = CARTESIAN_POINT('',(-5.043030632195,16.934513890686));
#7373 = CARTESIAN_POINT('',(-5.036944885514,16.800931870862));
#7374 = CARTESIAN_POINT('',(-5.027975642974,16.684459049561));
#7375 = CARTESIAN_POINT('',(-5.017196624449,16.585126416446));
#7376 = CARTESIAN_POINT('',(-5.005661236853,16.502920469243));
#7377 = CARTESIAN_POINT('',(-4.994471728956,16.437761658891));
#7378 = CARTESIAN_POINT('',(-4.986751145054,16.400109800442));
#7379 = CARTESIAN_POINT('',(-4.983203948114,16.384095502671));
#7380 = ( GEOMETRIC_REPRESENTATION_CONTEXT(2) 
PARAMETRIC_REPRESENTATION_CONTEXT() REPRESENTATION_CONTEXT('2D SPACE',''
  ) );
#7381 = PCURVE('',#7382,#7404);
#7382 = SURFACE_OF_LINEAR_EXTRUSION('',#7383,#7402);
#7383 = B_SPLINE_CURVE_WITH_KNOTS('',3,(#7384,#7385,#7386,#7387,#7388,
    #7389,#7390,#7391,#7392,#7393,#7394,#7395,#7396,#7397,#7398,#7399,
    #7400,#7401),.UNSPECIFIED.,.F.,.F.,(4,1,1,1,1,1,1,1,1,1,1,1,1,1,1,4)
  ,(0.,0.285797000255,0.55469417333,0.806691519253,1.04178903806,
    1.259986729795,1.461284594512,1.645682632279,1.813180843187,
    1.963779227357,2.097477784955,2.214276516218,2.314175421508,
    2.397174501402,2.463273756923,2.512473190149),.UNSPECIFIED.);
#7384 = CARTESIAN_POINT('',(-4.793690394147,18.870650026034,0.));
#7385 = CARTESIAN_POINT('',(-4.817468449526,18.778400479427,0.));
#7386 = CARTESIAN_POINT('',(-4.860915412863,18.598641110226,0.));
#7387 = CARTESIAN_POINT('',(-4.915830448147,18.33536834319,0.));
#7388 = CARTESIAN_POINT('',(-4.959521861433,18.087144804828,0.));
#7389 = CARTESIAN_POINT('',(-4.992986260264,17.854402191261,0.));
#7390 = CARTESIAN_POINT('',(-5.017244922874,17.637521024889,0.));
#7391 = CARTESIAN_POINT('',(-5.033330212927,17.436833629192,0.));
#7392 = CARTESIAN_POINT('',(-5.042286273786,17.252622845241,0.));
#7393 = CARTESIAN_POINT('',(-5.045166363772,17.085121845123,0.));
#7394 = CARTESIAN_POINT('',(-5.043030632195,16.934513890686,0.));
#7395 = CARTESIAN_POINT('',(-5.036944885514,16.800931870862,0.));
#7396 = CARTESIAN_POINT('',(-5.027975642974,16.684459049561,0.));
#7397 = CARTESIAN_POINT('',(-5.017196624449,16.585126416446,0.));
#7398 = CARTESIAN_POINT('',(-5.005661236853,16.502920469243,0.));
#7399 = CARTESIAN_POINT('',(-4.994471728956,16.437761658891,0.));
#7400 = CARTESIAN_POINT('',(-4.986751145054,16.400109800442,0.));
#7401 = CARTESIAN_POINT('',(-4.983203948114,16.384095502671,0.));
#7402 = VECTOR('',#7403,1.);
#7403 = DIRECTION('',(0.,0.,-1.));
#7404 = DEFINITIONAL_REPRESENTATION('',(#7405),#7409);
#7405 = LINE('',#7406,#7407);
#7406 = CARTESIAN_POINT('',(0.,0.));
#7407 = VECTOR('',#7408,1.);
#7408 = DIRECTION('',(1.,0.));
#7409 = ( GEOMETRIC_REPRESENTATION_CONTEXT(2) 
PARAMETRIC_REPRESENTATION_CONTEXT() REPRESENTATION_CONTEXT('2D SPACE',''
  ) );
#7410 = ORIENTED_EDGE('',*,*,#7411,.T.);
#7411 = EDGE_CURVE('',#7337,#7412,#7414,.T.);
#7412 = VERTEX_POINT('',#7413);
#7413 = CARTESIAN_POINT('',(-5.311879606477,15.801264818112,0.));
#7414 = SURFACE_CURVE('',#7415,(#7420,#7431),.PCURVE_S1.);
#7415 = CIRCLE('',#7416,0.500000000072);
#7416 = AXIS2_PLACEMENT_3D('',#7417,#7418,#7419);
#7417 = CARTESIAN_POINT('',(-5.471202084562,16.275201889935,0.));
#7418 = DIRECTION('',(0.,0.,-1.));
#7419 = DIRECTION('',(0.975996272757,0.217787225441,0.));
#7420 = PCURVE('',#4222,#7421);
#7421 = DEFINITIONAL_REPRESENTATION('',(#7422),#7430);
#7422 = ( BOUNDED_CURVE() B_SPLINE_CURVE(2,(#7423,#7424,#7425,#7426,
#7427,#7428,#7429),.UNSPECIFIED.,.T.,.F.) B_SPLINE_CURVE_WITH_KNOTS((1,2
    ,2,2,2,1),(-2.094395102393,0.,2.094395102393,4.188790204786,
6.28318530718,8.377580409573),.UNSPECIFIED.) CURVE() 
GEOMETRIC_REPRESENTATION_ITEM() RATIONAL_B_SPLINE_CURVE((1.,0.5,1.,0.5,
1.,0.5,1.)) REPRESENTATION_ITEM('') );
#7423 = CARTESIAN_POINT('',(-4.983203948114,16.384095502671));
#7424 = CARTESIAN_POINT('',(-4.794594678236,15.538857936344));
#7425 = CARTESIAN_POINT('',(-5.620896517847,15.798136300403));
#7426 = CARTESIAN_POINT('',(-6.447198357459,16.057414664463));
#7427 = CARTESIAN_POINT('',(-5.809505787726,16.64337386673));
#7428 = CARTESIAN_POINT('',(-5.171813217993,17.229333068998));
#7429 = CARTESIAN_POINT('',(-4.983203948114,16.384095502671));
#7430 = ( GEOMETRIC_REPRESENTATION_CONTEXT(2) 
PARAMETRIC_REPRESENTATION_CONTEXT() REPRESENTATION_CONTEXT('2D SPACE',''
  ) );
#7431 = PCURVE('',#7432,#7437);
#7432 = CYLINDRICAL_SURFACE('',#7433,0.500000000072);
#7433 = AXIS2_PLACEMENT_3D('',#7434,#7435,#7436);
#7434 = CARTESIAN_POINT('',(-5.471202084562,16.275201889935,0.));
#7435 = DIRECTION('',(0.,0.,-1.));
#7436 = DIRECTION('',(0.975996272757,0.217787225441,0.));
#7437 = DEFINITIONAL_REPRESENTATION('',(#7438),#7442);
#7438 = LINE('',#7439,#7440);
#7439 = CARTESIAN_POINT('',(0.,0.));
#7440 = VECTOR('',#7441,1.);
#7441 = DIRECTION('',(1.,0.));
#7442 = ( GEOMETRIC_REPRESENTATION_CONTEXT(2) 
PARAMETRIC_REPRESENTATION_CONTEXT() REPRESENTATION_CONTEXT('2D SPACE',''
  ) );
#7443 = ORIENTED_EDGE('',*,*,#7444,.T.);
#7444 = EDGE_CURVE('',#7412,#7445,#7447,.T.);
#7445 = VERTEX_POINT('',#7446);
#7446 = CARTESIAN_POINT('',(-5.698932763138,15.665829060954,0.));
#7447 = SURFACE_CURVE('',#7448,(#7453,#7460),.PCURVE_S1.);
#7448 = CIRCLE('',#7449,16.670213999988);
#7449 = AXIS2_PLACEMENT_3D('',#7450,#7451,#7452);
#7450 = CARTESIAN_POINT('',(-4.030553668599E-12,1.179145669994E-11,0.));
#7451 = DIRECTION('',(0.,0.,1.));
#7452 = DIRECTION('',(-0.318644955996,0.947874143554,0.));
#7453 = PCURVE('',#4222,#7454);
#7454 = DEFINITIONAL_REPRESENTATION('',(#7455),#7459);
#7455 = CIRCLE('',#7456,16.670213999988);
#7456 = AXIS2_PLACEMENT_2D('',#7457,#7458);
#7457 = CARTESIAN_POINT('',(-4.024123966194E-12,1.178255658958E-11));
#7458 = DIRECTION('',(-0.318644955996,0.947874143554));
#7459 = ( GEOMETRIC_REPRESENTATION_CONTEXT(2) 
PARAMETRIC_REPRESENTATION_CONTEXT() REPRESENTATION_CONTEXT('2D SPACE',''
  ) );
#7460 = PCURVE('',#7461,#7466);
#7461 = CYLINDRICAL_SURFACE('',#7462,16.670213999988);
#7462 = AXIS2_PLACEMENT_3D('',#7463,#7464,#7465);
#7463 = CARTESIAN_POINT('',(-4.030553668599E-12,1.179145669994E-11,0.));
#7464 = DIRECTION('',(0.,0.,-1.));
#7465 = DIRECTION('',(-0.318644955996,0.947874143554,0.));
#7466 = DEFINITIONAL_REPRESENTATION('',(#7467),#7471);
#7467 = LINE('',#7468,#7469);
#7468 = CARTESIAN_POINT('',(0.,0.));
#7469 = VECTOR('',#7470,1.);
#7470 = DIRECTION('',(-1.,0.));
#7471 = ( GEOMETRIC_REPRESENTATION_CONTEXT(2) 
PARAMETRIC_REPRESENTATION_CONTEXT() REPRESENTATION_CONTEXT('2D SPACE',''
  ) );
#7472 = ORIENTED_EDGE('',*,*,#7473,.T.);
#7473 = EDGE_CURVE('',#7445,#7474,#7476,.T.);
#7474 = VERTEX_POINT('',#7475);
#7475 = CARTESIAN_POINT('',(-6.3192907284,15.916578517982,0.));
#7476 = SURFACE_CURVE('',#7477,(#7482,#7493),.PCURVE_S1.);
#7477 = CIRCLE('',#7478,0.500000000072);
#7478 = AXIS2_PLACEMENT_3D('',#7479,#7480,#7481);
#7479 = CARTESIAN_POINT('',(-5.869864364911,16.135703924707,0.));
#7480 = DIRECTION('',(0.,0.,-1.));
#7481 = DIRECTION('',(0.341863203496,-0.939749727372,0.));
#7482 = PCURVE('',#4222,#7483);
#7483 = DEFINITIONAL_REPRESENTATION('',(#7484),#7492);
#7484 = ( BOUNDED_CURVE() B_SPLINE_CURVE(2,(#7485,#7486,#7487,#7488,
#7489,#7490,#7491),.UNSPECIFIED.,.T.,.F.) B_SPLINE_CURVE_WITH_KNOTS((1,2
    ,2,2,2,1),(-2.094395102393,0.,2.094395102393,4.188790204786,
6.28318530718,8.377580409573),.UNSPECIFIED.) CURVE() 
GEOMETRIC_REPRESENTATION_ITEM() RATIONAL_B_SPLINE_CURVE((1.,0.5,1.,0.5,
1.,0.5,1.)) REPRESENTATION_ITEM('') );
#7485 = CARTESIAN_POINT('',(-5.698932763138,15.665829060954));
#7486 = CARTESIAN_POINT('',(-6.512779900359,15.369766842065));
#7487 = CARTESIAN_POINT('',(-6.362253734407,16.222610247139));
#7488 = CARTESIAN_POINT('',(-6.211727568455,17.075453652214));
#7489 = CARTESIAN_POINT('',(-5.548406597187,16.518672466028));
#7490 = CARTESIAN_POINT('',(-4.885085625918,15.961891279842));
#7491 = CARTESIAN_POINT('',(-5.698932763138,15.665829060954));
#7492 = ( GEOMETRIC_REPRESENTATION_CONTEXT(2) 
PARAMETRIC_REPRESENTATION_CONTEXT() REPRESENTATION_CONTEXT('2D SPACE',''
  ) );
#7493 = PCURVE('',#7494,#7499);
#7494 = CYLINDRICAL_SURFACE('',#7495,0.500000000072);
#7495 = AXIS2_PLACEMENT_3D('',#7496,#7497,#7498);
#7496 = CARTESIAN_POINT('',(-5.869864364911,16.135703924707,0.));
#7497 = DIRECTION('',(0.,0.,-1.));
#7498 = DIRECTION('',(0.341863203496,-0.939749727372,0.));
#7499 = DEFINITIONAL_REPRESENTATION('',(#7500),#7504);
#7500 = LINE('',#7501,#7502);
#7501 = CARTESIAN_POINT('',(0.,0.));
#7502 = VECTOR('',#7503,1.);
#7503 = DIRECTION('',(1.,0.));
#7504 = ( GEOMETRIC_REPRESENTATION_CONTEXT(2) 
PARAMETRIC_REPRESENTATION_CONTEXT() REPRESENTATION_CONTEXT('2D SPACE',''
  ) );
#7505 = ORIENTED_EDGE('',*,*,#7506,.T.);
#7506 = EDGE_CURVE('',#7474,#7507,#7509,.T.);
#7507 = VERTEX_POINT('',#7508);
#7508 = CARTESIAN_POINT('',(-8.017799778329,17.742485359009,0.));
#7509 = SURFACE_CURVE('',#7510,(#7529,#7551),.PCURVE_S1.);
#7510 = B_SPLINE_CURVE_WITH_KNOTS('',3,(#7511,#7512,#7513,#7514,#7515,
    #7516,#7517,#7518,#7519,#7520,#7521,#7522,#7523,#7524,#7525,#7526,
    #7527,#7528),.UNSPECIFIED.,.F.,.F.,(4,1,1,1,1,1,1,1,1,1,1,1,1,1,1,4)
  ,(0.,4.919943322603E-02,0.115298688747,0.198297768641,0.298196673931,
    0.414995405195,0.548693962792,0.699292346962,0.86679055787,
    1.051188595638,1.252486460354,1.470684152089,1.705781670896,
    1.95777901682,2.226676189894,2.512473190149),.UNSPECIFIED.);
#7511 = CARTESIAN_POINT('',(-6.3192907284,15.916578517982,0.));
#7512 = CARTESIAN_POINT('',(-6.326502169503,15.931310641267,0.));
#7513 = CARTESIAN_POINT('',(-6.343941523709,15.965561754903,0.));
#7514 = CARTESIAN_POINT('',(-6.375819067917,16.023481508258,0.));
#7515 = CARTESIAN_POINT('',(-6.418054908465,16.094944902354,0.));
#7516 = CARTESIAN_POINT('',(-6.471560416171,16.179326890284,0.));
#7517 = CARTESIAN_POINT('',(-6.537167596255,16.275981240083,0.));
#7518 = CARTESIAN_POINT('',(-6.615696594977,16.384214269666,0.));
#7519 = CARTESIAN_POINT('',(-6.707929336462,16.503295916812,0.));
#7520 = CARTESIAN_POINT('',(-6.81461624686,16.632457765314,0.));
#7521 = CARTESIAN_POINT('',(-6.936471922385,16.770895543006,0.));
#7522 = CARTESIAN_POINT('',(-7.074174453132,16.91777025279,0.));
#7523 = CARTESIAN_POINT('',(-7.228363834731,17.072209747869,0.));
#7524 = CARTESIAN_POINT('',(-7.399640001295,17.233310539071,0.));
#7525 = CARTESIAN_POINT('',(-7.588564168466,17.40013836544,0.));
#7526 = CARTESIAN_POINT('',(-7.795646357266,17.571734338717,0.));
#7527 = CARTESIAN_POINT('',(-7.941692694506,17.685187134264,0.));
#7528 = CARTESIAN_POINT('',(-8.017799778329,17.742485359009,0.));
#7529 = PCURVE('',#4222,#7530);
#7530 = DEFINITIONAL_REPRESENTATION('',(#7531),#7550);
#7531 = B_SPLINE_CURVE_WITH_KNOTS('',3,(#7532,#7533,#7534,#7535,#7536,
    #7537,#7538,#7539,#7540,#7541,#7542,#7543,#7544,#7545,#7546,#7547,
    #7548,#7549),.UNSPECIFIED.,.F.,.F.,(4,1,1,1,1,1,1,1,1,1,1,1,1,1,1,4)
  ,(0.,4.919943322603E-02,0.115298688747,0.198297768641,0.298196673931,
    0.414995405195,0.548693962792,0.699292346962,0.86679055787,
    1.051188595638,1.252486460354,1.470684152089,1.705781670896,
    1.95777901682,2.226676189894,2.512473190149),.UNSPECIFIED.);
#7532 = CARTESIAN_POINT('',(-6.3192907284,15.916578517982));
#7533 = CARTESIAN_POINT('',(-6.326502169503,15.931310641267));
#7534 = CARTESIAN_POINT('',(-6.343941523709,15.965561754903));
#7535 = CARTESIAN_POINT('',(-6.375819067917,16.023481508258));
#7536 = CARTESIAN_POINT('',(-6.418054908465,16.094944902354));
#7537 = CARTESIAN_POINT('',(-6.471560416171,16.179326890284));
#7538 = CARTESIAN_POINT('',(-6.537167596255,16.275981240083));
#7539 = CARTESIAN_POINT('',(-6.615696594977,16.384214269666));
#7540 = CARTESIAN_POINT('',(-6.707929336462,16.503295916812));
#7541 = CARTESIAN_POINT('',(-6.81461624686,16.632457765314));
#7542 = CARTESIAN_POINT('',(-6.936471922385,16.770895543006));
#7543 = CARTESIAN_POINT('',(-7.074174453132,16.91777025279));
#7544 = CARTESIAN_POINT('',(-7.228363834731,17.072209747869));
#7545 = CARTESIAN_POINT('',(-7.399640001295,17.233310539071));
#7546 = CARTESIAN_POINT('',(-7.588564168466,17.40013836544));
#7547 = CARTESIAN_POINT('',(-7.795646357266,17.571734338717));
#7548 = CARTESIAN_POINT('',(-7.941692694506,17.685187134264));
#7549 = CARTESIAN_POINT('',(-8.017799778329,17.742485359009));
#7550 = ( GEOMETRIC_REPRESENTATION_CONTEXT(2) 
PARAMETRIC_REPRESENTATION_CONTEXT() REPRESENTATION_CONTEXT('2D SPACE',''
  ) );
#7551 = PCURVE('',#7552,#7574);
#7552 = SURFACE_OF_LINEAR_EXTRUSION('',#7553,#7572);
#7553 = B_SPLINE_CURVE_WITH_KNOTS('',3,(#7554,#7555,#7556,#7557,#7558,
    #7559,#7560,#7561,#7562,#7563,#7564,#7565,#7566,#7567,#7568,#7569,
    #7570,#7571),.UNSPECIFIED.,.F.,.F.,(4,1,1,1,1,1,1,1,1,1,1,1,1,1,1,4)
  ,(0.,4.919943322603E-02,0.115298688747,0.198297768641,0.298196673931,
    0.414995405195,0.548693962792,0.699292346962,0.86679055787,
    1.051188595638,1.252486460354,1.470684152089,1.705781670896,
    1.95777901682,2.226676189894,2.512473190149),.UNSPECIFIED.);
#7554 = CARTESIAN_POINT('',(-6.3192907284,15.916578517982,0.));
#7555 = CARTESIAN_POINT('',(-6.326502169503,15.931310641267,0.));
#7556 = CARTESIAN_POINT('',(-6.343941523709,15.965561754903,0.));
#7557 = CARTESIAN_POINT('',(-6.375819067917,16.023481508258,0.));
#7558 = CARTESIAN_POINT('',(-6.418054908465,16.094944902354,0.));
#7559 = CARTESIAN_POINT('',(-6.471560416171,16.179326890284,0.));
#7560 = CARTESIAN_POINT('',(-6.537167596255,16.275981240083,0.));
#7561 = CARTESIAN_POINT('',(-6.615696594977,16.384214269666,0.));
#7562 = CARTESIAN_POINT('',(-6.707929336462,16.503295916812,0.));
#7563 = CARTESIAN_POINT('',(-6.81461624686,16.632457765314,0.));
#7564 = CARTESIAN_POINT('',(-6.936471922385,16.770895543006,0.));
#7565 = CARTESIAN_POINT('',(-7.074174453132,16.91777025279,0.));
#7566 = CARTESIAN_POINT('',(-7.228363834731,17.072209747869,0.));
#7567 = CARTESIAN_POINT('',(-7.399640001295,17.233310539071,0.));
#7568 = CARTESIAN_POINT('',(-7.588564168466,17.40013836544,0.));
#7569 = CARTESIAN_POINT('',(-7.795646357266,17.571734338717,0.));
#7570 = CARTESIAN_POINT('',(-7.941692694506,17.685187134264,0.));
#7571 = CARTESIAN_POINT('',(-8.017799778329,17.742485359009,0.));
#7572 = VECTOR('',#7573,1.);
#7573 = DIRECTION('',(0.,0.,-1.));
#7574 = DEFINITIONAL_REPRESENTATION('',(#7575),#7579);
#7575 = LINE('',#7576,#7577);
#7576 = CARTESIAN_POINT('',(0.,0.));
#7577 = VECTOR('',#7578,1.);
#7578 = DIRECTION('',(1.,0.));
#7579 = ( GEOMETRIC_REPRESENTATION_CONTEXT(2) 
PARAMETRIC_REPRESENTATION_CONTEXT() REPRESENTATION_CONTEXT('2D SPACE',''
  ) );
#7580 = ORIENTED_EDGE('',*,*,#7581,.T.);
#7581 = EDGE_CURVE('',#7507,#7582,#7584,.T.);
#7582 = VERTEX_POINT('',#7583);
#7583 = CARTESIAN_POINT('',(-8.872617235768,17.330826967792,0.));
#7584 = SURFACE_CURVE('',#7585,(#7590,#7597),.PCURVE_S1.);
#7585 = CIRCLE('',#7586,19.470000000007);
#7586 = AXIS2_PLACEMENT_3D('',#7587,#7588,#7589);
#7587 = CARTESIAN_POINT('',(3.097966327914E-12,-6.27764507044E-12,0.));
#7588 = DIRECTION('',(0.,0.,1.));
#7589 = DIRECTION('',(-0.411802762112,0.911273002517,0.));
#7590 = PCURVE('',#4222,#7591);
#7591 = DEFINITIONAL_REPRESENTATION('',(#7592),#7596);
#7592 = CIRCLE('',#7593,19.470000000007);
#7593 = AXIS2_PLACEMENT_2D('',#7594,#7595);
#7594 = CARTESIAN_POINT('',(3.104396030319E-12,-6.286545180797E-12));
#7595 = DIRECTION('',(-0.411802762112,0.911273002517));
#7596 = ( GEOMETRIC_REPRESENTATION_CONTEXT(2) 
PARAMETRIC_REPRESENTATION_CONTEXT() REPRESENTATION_CONTEXT('2D SPACE',''
  ) );
#7597 = PCURVE('',#7598,#7603);
#7598 = CYLINDRICAL_SURFACE('',#7599,19.470000000007);
#7599 = AXIS2_PLACEMENT_3D('',#7600,#7601,#7602);
#7600 = CARTESIAN_POINT('',(3.097966327914E-12,-6.27764507044E-12,0.));
#7601 = DIRECTION('',(0.,0.,-1.));
#7602 = DIRECTION('',(-0.411802762112,0.911273002517,0.));
#7603 = DEFINITIONAL_REPRESENTATION('',(#7604),#7608);
#7604 = LINE('',#7605,#7606);
#7605 = CARTESIAN_POINT('',(0.,0.));
#7606 = VECTOR('',#7607,1.);
#7607 = DIRECTION('',(-1.,0.));
#7608 = ( GEOMETRIC_REPRESENTATION_CONTEXT(2) 
PARAMETRIC_REPRESENTATION_CONTEXT() REPRESENTATION_CONTEXT('2D SPACE',''
  ) );
#7609 = ORIENTED_EDGE('',*,*,#7610,.T.);
#7610 = EDGE_CURVE('',#7582,#7611,#7613,.T.);
#7611 = VERTEX_POINT('',#7612);
#7612 = CARTESIAN_POINT('',(-8.504068854395,14.864444824777,0.));
#7613 = SURFACE_CURVE('',#7614,(#7633,#7655),.PCURVE_S1.);
#7614 = B_SPLINE_CURVE_WITH_KNOTS('',3,(#7615,#7616,#7617,#7618,#7619,
    #7620,#7621,#7622,#7623,#7624,#7625,#7626,#7627,#7628,#7629,#7630,
    #7631,#7632),.UNSPECIFIED.,.F.,.F.,(4,1,1,1,1,1,1,1,1,1,1,1,1,1,1,4)
  ,(0.,0.285797000255,0.55469417333,0.806691519253,1.04178903806,
    1.259986729795,1.461284594512,1.645682632279,1.813180843187,
    1.963779227357,2.097477784955,2.214276516218,2.314175421508,
    2.397174501402,2.463273756923,2.512473190149),.UNSPECIFIED.);
#7615 = CARTESIAN_POINT('',(-8.872617235768,17.330826967792,0.));
#7616 = CARTESIAN_POINT('',(-8.875271670386,17.235599194828,0.));
#7617 = CARTESIAN_POINT('',(-8.877629104921,17.050678909459,0.));
#7618 = CARTESIAN_POINT('',(-8.872583603611,16.781787195418,0.));
#7619 = CARTESIAN_POINT('',(-8.85994464836,16.530064885318,0.));
#7620 = CARTESIAN_POINT('',(-8.840779921102,16.295711085715,0.));
#7621 = CARTESIAN_POINT('',(-8.816169768695,16.078869522733,0.));
#7622 = CARTESIAN_POINT('',(-8.787194620219,15.879634465279,0.));
#7623 = CARTESIAN_POINT('',(-8.754935378244,15.698049319253,0.));
#7624 = CARTESIAN_POINT('',(-8.720470779377,15.534107038606,0.));
#7625 = CARTESIAN_POINT('',(-8.684875172367,15.387750385014,0.));
#7626 = CARTESIAN_POINT('',(-8.649217212249,15.258871751358,0.));
#7627 = CARTESIAN_POINT('',(-8.61455520637,15.147314991087,0.));
#7628 = CARTESIAN_POINT('',(-8.581942850051,15.052871391742,0.));
#7629 = CARTESIAN_POINT('',(-8.552404134557,14.975293384488,0.));
#7630 = CARTESIAN_POINT('',(-8.52699597165,14.9142581413,0.));
#7631 = CARTESIAN_POINT('',(-8.511090632198,14.879268285093,0.));
#7632 = CARTESIAN_POINT('',(-8.504068854395,14.864444824777,0.));
#7633 = PCURVE('',#4222,#7634);
#7634 = DEFINITIONAL_REPRESENTATION('',(#7635),#7654);
#7635 = B_SPLINE_CURVE_WITH_KNOTS('',3,(#7636,#7637,#7638,#7639,#7640,
    #7641,#7642,#7643,#7644,#7645,#7646,#7647,#7648,#7649,#7650,#7651,
    #7652,#7653),.UNSPECIFIED.,.F.,.F.,(4,1,1,1,1,1,1,1,1,1,1,1,1,1,1,4)
  ,(0.,0.285797000255,0.55469417333,0.806691519253,1.04178903806,
    1.259986729795,1.461284594512,1.645682632279,1.813180843187,
    1.963779227357,2.097477784955,2.214276516218,2.314175421508,
    2.397174501402,2.463273756923,2.512473190149),.UNSPECIFIED.);
#7636 = CARTESIAN_POINT('',(-8.872617235768,17.330826967792));
#7637 = CARTESIAN_POINT('',(-8.875271670386,17.235599194828));
#7638 = CARTESIAN_POINT('',(-8.877629104921,17.050678909459));
#7639 = CARTESIAN_POINT('',(-8.872583603611,16.781787195418));
#7640 = CARTESIAN_POINT('',(-8.85994464836,16.530064885318));
#7641 = CARTESIAN_POINT('',(-8.840779921102,16.295711085715));
#7642 = CARTESIAN_POINT('',(-8.816169768695,16.078869522733));
#7643 = CARTESIAN_POINT('',(-8.787194620219,15.879634465279));
#7644 = CARTESIAN_POINT('',(-8.754935378244,15.698049319253));
#7645 = CARTESIAN_POINT('',(-8.720470779377,15.534107038606));
#7646 = CARTESIAN_POINT('',(-8.684875172367,15.387750385014));
#7647 = CARTESIAN_POINT('',(-8.649217212249,15.258871751358));
#7648 = CARTESIAN_POINT('',(-8.61455520637,15.147314991087));
#7649 = CARTESIAN_POINT('',(-8.581942850051,15.052871391742));
#7650 = CARTESIAN_POINT('',(-8.552404134557,14.975293384488));
#7651 = CARTESIAN_POINT('',(-8.52699597165,14.9142581413));
#7652 = CARTESIAN_POINT('',(-8.511090632198,14.879268285093));
#7653 = CARTESIAN_POINT('',(-8.504068854395,14.864444824777));
#7654 = ( GEOMETRIC_REPRESENTATION_CONTEXT(2) 
PARAMETRIC_REPRESENTATION_CONTEXT() REPRESENTATION_CONTEXT('2D SPACE',''
  ) );
#7655 = PCURVE('',#7656,#7678);
#7656 = SURFACE_OF_LINEAR_EXTRUSION('',#7657,#7676);
#7657 = B_SPLINE_CURVE_WITH_KNOTS('',3,(#7658,#7659,#7660,#7661,#7662,
    #7663,#7664,#7665,#7666,#7667,#7668,#7669,#7670,#7671,#7672,#7673,
    #7674,#7675),.UNSPECIFIED.,.F.,.F.,(4,1,1,1,1,1,1,1,1,1,1,1,1,1,1,4)
  ,(0.,0.285797000255,0.55469417333,0.806691519253,1.04178903806,
    1.259986729795,1.461284594512,1.645682632279,1.813180843187,
    1.963779227357,2.097477784955,2.214276516218,2.314175421508,
    2.397174501402,2.463273756923,2.512473190149),.UNSPECIFIED.);
#7658 = CARTESIAN_POINT('',(-8.872617235768,17.330826967792,0.));
#7659 = CARTESIAN_POINT('',(-8.875271670386,17.235599194828,0.));
#7660 = CARTESIAN_POINT('',(-8.877629104921,17.050678909459,0.));
#7661 = CARTESIAN_POINT('',(-8.872583603611,16.781787195418,0.));
#7662 = CARTESIAN_POINT('',(-8.85994464836,16.530064885318,0.));
#7663 = CARTESIAN_POINT('',(-8.840779921102,16.295711085715,0.));
#7664 = CARTESIAN_POINT('',(-8.816169768695,16.078869522733,0.));
#7665 = CARTESIAN_POINT('',(-8.787194620219,15.879634465279,0.));
#7666 = CARTESIAN_POINT('',(-8.754935378244,15.698049319253,0.));
#7667 = CARTESIAN_POINT('',(-8.720470779377,15.534107038606,0.));
#7668 = CARTESIAN_POINT('',(-8.684875172367,15.387750385014,0.));
#7669 = CARTESIAN_POINT('',(-8.649217212249,15.258871751358,0.));
#7670 = CARTESIAN_POINT('',(-8.61455520637,15.147314991087,0.));
#7671 = CARTESIAN_POINT('',(-8.581942850051,15.052871391742,0.));
#7672 = CARTESIAN_POINT('',(-8.552404134557,14.975293384488,0.));
#7673 = CARTESIAN_POINT('',(-8.52699597165,14.9142581413,0.));
#7674 = CARTESIAN_POINT('',(-8.511090632198,14.879268285093,0.));
#7675 = CARTESIAN_POINT('',(-8.504068854395,14.864444824777,0.));
#7676 = VECTOR('',#7677,1.);
#7677 = DIRECTION('',(0.,0.,-1.));
#7678 = DEFINITIONAL_REPRESENTATION('',(#7679),#7683);
#7679 = LINE('',#7680,#7681);
#7680 = CARTESIAN_POINT('',(0.,0.));
#7681 = VECTOR('',#7682,1.);
#7682 = DIRECTION('',(1.,0.));
#7683 = ( GEOMETRIC_REPRESENTATION_CONTEXT(2) 
PARAMETRIC_REPRESENTATION_CONTEXT() REPRESENTATION_CONTEXT('2D SPACE',''
  ) );
#7684 = ORIENTED_EDGE('',*,*,#7685,.T.);
#7685 = EDGE_CURVE('',#7611,#7686,#7688,.T.);
#7686 = VERTEX_POINT('',#7687);
#7687 = CARTESIAN_POINT('',(-8.694811899521,14.223089707857,0.));
#7688 = SURFACE_CURVE('',#7689,(#7694,#7705),.PCURVE_S1.);
#7689 = CIRCLE('',#7690,0.500000000072);
#7690 = AXIS2_PLACEMENT_3D('',#7691,#7692,#7693);
#7691 = CARTESIAN_POINT('',(-8.955600750303,14.649691601171,0.));
#7692 = DIRECTION('',(0.,0.,-1.));
#7693 = DIRECTION('',(0.903063791687,0.429506447151,0.));
#7694 = PCURVE('',#4222,#7695);
#7695 = DEFINITIONAL_REPRESENTATION('',(#7696),#7704);
#7696 = ( BOUNDED_CURVE() B_SPLINE_CURVE(2,(#7697,#7698,#7699,#7700,
#7701,#7702,#7703),.UNSPECIFIED.,.T.,.F.) B_SPLINE_CURVE_WITH_KNOTS((1,2
    ,2,2,2,1),(-2.094395102393,0.,2.094395102393,4.188790204786,
6.28318530718,8.377580409573),.UNSPECIFIED.) CURVE() 
GEOMETRIC_REPRESENTATION_ITEM() RATIONAL_B_SPLINE_CURVE((1.,0.5,1.,0.5,
1.,0.5,1.)) REPRESENTATION_ITEM('') );
#7697 = CARTESIAN_POINT('',(-8.504068854395,14.864444824777));
#7698 = CARTESIAN_POINT('',(-8.13210536002,14.082368639826));
#7699 = CARTESIAN_POINT('',(-8.99538495107,14.151276896893));
#7700 = CARTESIAN_POINT('',(-9.858664542119,14.220185153959));
#7701 = CARTESIAN_POINT('',(-9.367348445445,14.933353081844));
#7702 = CARTESIAN_POINT('',(-8.87603234877,15.646521009728));
#7703 = CARTESIAN_POINT('',(-8.504068854395,14.864444824777));
#7704 = ( GEOMETRIC_REPRESENTATION_CONTEXT(2) 
PARAMETRIC_REPRESENTATION_CONTEXT() REPRESENTATION_CONTEXT('2D SPACE',''
  ) );
#7705 = PCURVE('',#7706,#7711);
#7706 = CYLINDRICAL_SURFACE('',#7707,0.500000000072);
#7707 = AXIS2_PLACEMENT_3D('',#7708,#7709,#7710);
#7708 = CARTESIAN_POINT('',(-8.955600750303,14.649691601171,0.));
#7709 = DIRECTION('',(0.,0.,-1.));
#7710 = DIRECTION('',(0.903063791687,0.429506447151,0.));
#7711 = DEFINITIONAL_REPRESENTATION('',(#7712),#7716);
#7712 = LINE('',#7713,#7714);
#7713 = CARTESIAN_POINT('',(0.,0.));
#7714 = VECTOR('',#7715,1.);
#7715 = DIRECTION('',(1.,0.));
#7716 = ( GEOMETRIC_REPRESENTATION_CONTEXT(2) 
PARAMETRIC_REPRESENTATION_CONTEXT() REPRESENTATION_CONTEXT('2D SPACE',''
  ) );
#7717 = ORIENTED_EDGE('',*,*,#7718,.T.);
#7718 = EDGE_CURVE('',#7686,#7719,#7721,.T.);
#7719 = VERTEX_POINT('',#7720);
#7720 = CARTESIAN_POINT('',(-9.042023534275,14.004922177985,0.));
#7721 = SURFACE_CURVE('',#7722,(#7727,#7734),.PCURVE_S1.);
#7722 = CIRCLE('',#7723,16.670213999991);
#7723 = AXIS2_PLACEMENT_3D('',#7724,#7725,#7726);
#7724 = CARTESIAN_POINT('',(-5.081268739104E-12,7.951861391575E-12,0.));
#7725 = DIRECTION('',(0.,0.,1.));
#7726 = DIRECTION('',(-0.521577701373,0.853203786577,0.));
#7727 = PCURVE('',#4222,#7728);
#7728 = DEFINITIONAL_REPRESENTATION('',(#7729),#7733);
#7729 = CIRCLE('',#7730,16.670213999991);
#7730 = AXIS2_PLACEMENT_2D('',#7731,#7732);
#7731 = CARTESIAN_POINT('',(-5.0748390367E-12,7.942961281219E-12));
#7732 = DIRECTION('',(-0.521577701373,0.853203786577));
#7733 = ( GEOMETRIC_REPRESENTATION_CONTEXT(2) 
PARAMETRIC_REPRESENTATION_CONTEXT() REPRESENTATION_CONTEXT('2D SPACE',''
  ) );
#7734 = PCURVE('',#7735,#7740);
#7735 = CYLINDRICAL_SURFACE('',#7736,16.670213999991);
#7736 = AXIS2_PLACEMENT_3D('',#7737,#7738,#7739);
#7737 = CARTESIAN_POINT('',(-5.081268739104E-12,7.951861391575E-12,0.));
#7738 = DIRECTION('',(0.,0.,-1.));
#7739 = DIRECTION('',(-0.521577701373,0.853203786577,0.));
#7740 = DEFINITIONAL_REPRESENTATION('',(#7741),#7745);
#7741 = LINE('',#7742,#7743);
#7742 = CARTESIAN_POINT('',(0.,0.));
#7743 = VECTOR('',#7744,1.);
#7744 = DIRECTION('',(-1.,0.));
#7745 = ( GEOMETRIC_REPRESENTATION_CONTEXT(2) 
PARAMETRIC_REPRESENTATION_CONTEXT() REPRESENTATION_CONTEXT('2D SPACE',''
  ) );
#7746 = ORIENTED_EDGE('',*,*,#7747,.T.);
#7747 = EDGE_CURVE('',#7719,#7748,#7750,.T.);
#7748 = VERTEX_POINT('',#7749);
#7749 = CARTESIAN_POINT('',(-9.70262483352,14.111342188789,0.));
#7750 = SURFACE_CURVE('',#7751,(#7756,#7767),.PCURVE_S1.);
#7751 = CIRCLE('',#7752,0.500000000072);
#7752 = AXIS2_PLACEMENT_3D('',#7753,#7754,#7755);
#7753 = CARTESIAN_POINT('',(-9.313226517441,14.424980438222,0.));
#7754 = DIRECTION('',(0.,0.,-1.));
#7755 = DIRECTION('',(0.542405966256,-0.840116520353,0.));
#7756 = PCURVE('',#4222,#7757);
#7757 = DEFINITIONAL_REPRESENTATION('',(#7758),#7766);
#7758 = ( BOUNDED_CURVE() B_SPLINE_CURVE(2,(#7759,#7760,#7761,#7762,
#7763,#7764,#7765),.UNSPECIFIED.,.T.,.F.) B_SPLINE_CURVE_WITH_KNOTS((1,2
    ,2,2,2,1),(-2.094395102393,0.,2.094395102393,4.188790204786,
6.28318530718,8.377580409573),.UNSPECIFIED.) CURVE() 
GEOMETRIC_REPRESENTATION_ITEM() RATIONAL_B_SPLINE_CURVE((1.,0.5,1.,0.5,
1.,0.5,1.)) REPRESENTATION_ITEM('') );
#7759 = CARTESIAN_POINT('',(-9.042023534275,14.004922177985));
#7760 = CARTESIAN_POINT('',(-9.769585783144,13.535184831976));
#7761 = CARTESIAN_POINT('',(-9.812609133459,14.400140895336));
#7762 = CARTESIAN_POINT('',(-9.855632483775,15.265096958695));
#7763 = CARTESIAN_POINT('',(-9.08504688459,14.869878241345));
#7764 = CARTESIAN_POINT('',(-8.314461285405,14.474659523994));
#7765 = CARTESIAN_POINT('',(-9.042023534275,14.004922177985));
#7766 = ( GEOMETRIC_REPRESENTATION_CONTEXT(2) 
PARAMETRIC_REPRESENTATION_CONTEXT() REPRESENTATION_CONTEXT('2D SPACE',''
  ) );
#7767 = PCURVE('',#7768,#7773);
#7768 = CYLINDRICAL_SURFACE('',#7769,0.500000000072);
#7769 = AXIS2_PLACEMENT_3D('',#7770,#7771,#7772);
#7770 = CARTESIAN_POINT('',(-9.313226517441,14.424980438222,0.));
#7771 = DIRECTION('',(0.,0.,-1.));
#7772 = DIRECTION('',(0.542405966256,-0.840116520353,0.));
#7773 = DEFINITIONAL_REPRESENTATION('',(#7774),#7778);
#7774 = LINE('',#7775,#7776);
#7775 = CARTESIAN_POINT('',(0.,0.));
#7776 = VECTOR('',#7777,1.);
#7777 = DIRECTION('',(1.,0.));
#7778 = ( GEOMETRIC_REPRESENTATION_CONTEXT(2) 
PARAMETRIC_REPRESENTATION_CONTEXT() REPRESENTATION_CONTEXT('2D SPACE',''
  ) );
#7779 = ORIENTED_EDGE('',*,*,#7780,.T.);
#7780 = EDGE_CURVE('',#7748,#7781,#7783,.T.);
#7781 = VERTEX_POINT('',#7782);
#7782 = CARTESIAN_POINT('',(-11.76485121097,15.513515913026,0.));
#7783 = SURFACE_CURVE('',#7784,(#7803,#7825),.PCURVE_S1.);
#7784 = B_SPLINE_CURVE_WITH_KNOTS('',3,(#7785,#7786,#7787,#7788,#7789,
    #7790,#7791,#7792,#7793,#7794,#7795,#7796,#7797,#7798,#7799,#7800,
    #7801,#7802),.UNSPECIFIED.,.F.,.F.,(4,1,1,1,1,1,1,1,1,1,1,1,1,1,1,4)
  ,(0.,4.919943322603E-02,0.115298688747,0.198297768641,0.298196673931,
    0.414995405195,0.548693962792,0.699292346962,0.86679055787,
    1.051188595638,1.252486460354,1.470684152089,1.705781670896,
    1.95777901682,2.226676189894,2.512473190149),.UNSPECIFIED.);
#7785 = CARTESIAN_POINT('',(-9.70262483352,14.111342188789,0.));
#7786 = CARTESIAN_POINT('',(-9.71293367457,14.124100250376,0.));
#7787 = CARTESIAN_POINT('',(-9.737557377551,14.153611995698,0.));
#7788 = CARTESIAN_POINT('',(-9.781524042782,14.202986159,0.));
#7789 = CARTESIAN_POINT('',(-9.838603043825,14.263259457919,0.));
#7790 = CARTESIAN_POINT('',(-9.909543815507,14.333619717691,0.));
#7791 = CARTESIAN_POINT('',(-9.995013702798,14.413251770157,0.));
#7792 = CARTESIAN_POINT('',(-10.09565793039,14.501296825579,0.));
#7793 = CARTESIAN_POINT('',(-10.21207636382,14.596869131434,0.));
#7794 = CARTESIAN_POINT('',(-10.34482962579,14.699052551785,0.));
#7795 = CARTESIAN_POINT('',(-10.49443542871,14.806903966632,0.));
#7796 = CARTESIAN_POINT('',(-10.66136816711,14.919454525044,0.));
#7797 = CARTESIAN_POINT('',(-10.84605771967,15.03571153434,0.));
#7798 = CARTESIAN_POINT('',(-11.04888793367,15.154660659809,0.));
#7799 = CARTESIAN_POINT('',(-11.27019806126,15.275266182138,0.));
#7800 = CARTESIAN_POINT('',(-11.51027196348,15.396479764047,0.));
#7801 = CARTESIAN_POINT('',(-11.67790223615,15.474589693777,0.));
#7802 = CARTESIAN_POINT('',(-11.76485121097,15.513515913026,0.));
#7803 = PCURVE('',#4222,#7804);
#7804 = DEFINITIONAL_REPRESENTATION('',(#7805),#7824);
#7805 = B_SPLINE_CURVE_WITH_KNOTS('',3,(#7806,#7807,#7808,#7809,#7810,
    #7811,#7812,#7813,#7814,#7815,#7816,#7817,#7818,#7819,#7820,#7821,
    #7822,#7823),.UNSPECIFIED.,.F.,.F.,(4,1,1,1,1,1,1,1,1,1,1,1,1,1,1,4)
  ,(0.,4.919943322603E-02,0.115298688747,0.198297768641,0.298196673931,
    0.414995405195,0.548693962792,0.699292346962,0.86679055787,
    1.051188595638,1.252486460354,1.470684152089,1.705781670896,
    1.95777901682,2.226676189894,2.512473190149),.UNSPECIFIED.);
#7806 = CARTESIAN_POINT('',(-9.702624833519,14.111342188789));
#7807 = CARTESIAN_POINT('',(-9.71293367457,14.124100250376));
#7808 = CARTESIAN_POINT('',(-9.737557377551,14.153611995698));
#7809 = CARTESIAN_POINT('',(-9.781524042782,14.202986159));
#7810 = CARTESIAN_POINT('',(-9.838603043825,14.263259457919));
#7811 = CARTESIAN_POINT('',(-9.909543815507,14.333619717691));
#7812 = CARTESIAN_POINT('',(-9.995013702798,14.413251770157));
#7813 = CARTESIAN_POINT('',(-10.09565793039,14.501296825579));
#7814 = CARTESIAN_POINT('',(-10.21207636382,14.596869131434));
#7815 = CARTESIAN_POINT('',(-10.34482962579,14.699052551785));
#7816 = CARTESIAN_POINT('',(-10.49443542871,14.806903966632));
#7817 = CARTESIAN_POINT('',(-10.66136816711,14.919454525044));
#7818 = CARTESIAN_POINT('',(-10.84605771967,15.03571153434));
#7819 = CARTESIAN_POINT('',(-11.04888793367,15.154660659809));
#7820 = CARTESIAN_POINT('',(-11.27019806126,15.275266182138));
#7821 = CARTESIAN_POINT('',(-11.51027196348,15.396479764047));
#7822 = CARTESIAN_POINT('',(-11.67790223615,15.474589693777));
#7823 = CARTESIAN_POINT('',(-11.76485121097,15.513515913026));
#7824 = ( GEOMETRIC_REPRESENTATION_CONTEXT(2) 
PARAMETRIC_REPRESENTATION_CONTEXT() REPRESENTATION_CONTEXT('2D SPACE',''
  ) );
#7825 = PCURVE('',#7826,#7848);
#7826 = SURFACE_OF_LINEAR_EXTRUSION('',#7827,#7846);
#7827 = B_SPLINE_CURVE_WITH_KNOTS('',3,(#7828,#7829,#7830,#7831,#7832,
    #7833,#7834,#7835,#7836,#7837,#7838,#7839,#7840,#7841,#7842,#7843,
    #7844,#7845),.UNSPECIFIED.,.F.,.F.,(4,1,1,1,1,1,1,1,1,1,1,1,1,1,1,4)
  ,(0.,4.919943322603E-02,0.115298688747,0.198297768641,0.298196673931,
    0.414995405195,0.548693962792,0.699292346962,0.86679055787,
    1.051188595638,1.252486460354,1.470684152089,1.705781670896,
    1.95777901682,2.226676189894,2.512473190149),.UNSPECIFIED.);
#7828 = CARTESIAN_POINT('',(-9.70262483352,14.111342188789,0.));
#7829 = CARTESIAN_POINT('',(-9.71293367457,14.124100250376,0.));
#7830 = CARTESIAN_POINT('',(-9.737557377551,14.153611995698,0.));
#7831 = CARTESIAN_POINT('',(-9.781524042782,14.202986159,0.));
#7832 = CARTESIAN_POINT('',(-9.838603043825,14.263259457919,0.));
#7833 = CARTESIAN_POINT('',(-9.909543815507,14.333619717691,0.));
#7834 = CARTESIAN_POINT('',(-9.995013702798,14.413251770157,0.));
#7835 = CARTESIAN_POINT('',(-10.09565793039,14.501296825579,0.));
#7836 = CARTESIAN_POINT('',(-10.21207636382,14.596869131434,0.));
#7837 = CARTESIAN_POINT('',(-10.34482962579,14.699052551785,0.));
#7838 = CARTESIAN_POINT('',(-10.49443542871,14.806903966632,0.));
#7839 = CARTESIAN_POINT('',(-10.66136816711,14.919454525044,0.));
#7840 = CARTESIAN_POINT('',(-10.84605771967,15.03571153434,0.));
#7841 = CARTESIAN_POINT('',(-11.04888793367,15.154660659809,0.));
#7842 = CARTESIAN_POINT('',(-11.27019806126,15.275266182138,0.));
#7843 = CARTESIAN_POINT('',(-11.51027196348,15.396479764047,0.));
#7844 = CARTESIAN_POINT('',(-11.67790223615,15.474589693777,0.));
#7845 = CARTESIAN_POINT('',(-11.76485121097,15.513515913026,0.));
#7846 = VECTOR('',#7847,1.);
#7847 = DIRECTION('',(0.,0.,-1.));
#7848 = DEFINITIONAL_REPRESENTATION('',(#7849),#7853);
#7849 = LINE('',#7850,#7851);
#7850 = CARTESIAN_POINT('',(0.,0.));
#7851 = VECTOR('',#7852,1.);
#7852 = DIRECTION('',(1.,0.));
#7853 = ( GEOMETRIC_REPRESENTATION_CONTEXT(2) 
PARAMETRIC_REPRESENTATION_CONTEXT() REPRESENTATION_CONTEXT('2D SPACE',''
  ) );
#7854 = ORIENTED_EDGE('',*,*,#7855,.T.);
#7855 = EDGE_CURVE('',#7781,#7856,#7858,.T.);
#7856 = VERTEX_POINT('',#7857);
#7857 = CARTESIAN_POINT('',(-12.50663400036,14.921963878154,0.));
#7858 = SURFACE_CURVE('',#7859,(#7864,#7871),.PCURVE_S1.);
#7859 = CIRCLE('',#7860,19.469999999992);
#7860 = AXIS2_PLACEMENT_3D('',#7861,#7862,#7863);
#7861 = CARTESIAN_POINT('',(-5.281108883537E-12,6.578737554719E-12,0.));
#7862 = DIRECTION('',(0.,0.,1.));
#7863 = DIRECTION('',(-0.604255326706,0.796790750541,0.));
#7864 = PCURVE('',#4222,#7865);
#7865 = DEFINITIONAL_REPRESENTATION('',(#7866),#7870);
#7866 = CIRCLE('',#7867,19.469999999992);
#7867 = AXIS2_PLACEMENT_2D('',#7868,#7869);
#7868 = CARTESIAN_POINT('',(-5.274679181132E-12,6.569837444363E-12));
#7869 = DIRECTION('',(-0.604255326706,0.796790750541));
#7870 = ( GEOMETRIC_REPRESENTATION_CONTEXT(2) 
PARAMETRIC_REPRESENTATION_CONTEXT() REPRESENTATION_CONTEXT('2D SPACE',''
  ) );
#7871 = PCURVE('',#7872,#7877);
#7872 = CYLINDRICAL_SURFACE('',#7873,19.469999999992);
#7873 = AXIS2_PLACEMENT_3D('',#7874,#7875,#7876);
#7874 = CARTESIAN_POINT('',(-5.281108883537E-12,6.578737554719E-12,0.));
#7875 = DIRECTION('',(0.,0.,-1.));
#7876 = DIRECTION('',(-0.604255326706,0.796790750541,0.));
#7877 = DEFINITIONAL_REPRESENTATION('',(#7878),#7882);
#7878 = LINE('',#7879,#7880);
#7879 = CARTESIAN_POINT('',(0.,0.));
#7880 = VECTOR('',#7881,1.);
#7881 = DIRECTION('',(-1.,0.));
#7882 = ( GEOMETRIC_REPRESENTATION_CONTEXT(2) 
PARAMETRIC_REPRESENTATION_CONTEXT() REPRESENTATION_CONTEXT('2D SPACE',''
  ) );
#7883 = ORIENTED_EDGE('',*,*,#7884,.T.);
#7884 = EDGE_CURVE('',#7856,#7885,#7887,.T.);
#7885 = VERTEX_POINT('',#7886);
#7886 = CARTESIAN_POINT('',(-11.59850423841,12.599428814853,0.));
#7887 = SURFACE_CURVE('',#7888,(#7907,#7929),.PCURVE_S1.);
#7888 = B_SPLINE_CURVE_WITH_KNOTS('',3,(#7889,#7890,#7891,#7892,#7893,
    #7894,#7895,#7896,#7897,#7898,#7899,#7900,#7901,#7902,#7903,#7904,
    #7905,#7906),.UNSPECIFIED.,.F.,.F.,(4,1,1,1,1,1,1,1,1,1,1,1,1,1,1,4)
  ,(0.,0.285797000255,0.55469417333,0.806691519253,1.04178903806,
    1.259986729795,1.461284594512,1.645682632279,1.813180843187,
    1.963779227357,2.097477784955,2.214276516218,2.314175421508,
    2.397174501402,2.463273756923,2.512473190149),.UNSPECIFIED.);
#7889 = CARTESIAN_POINT('',(-12.50663400036,14.921963878154,0.));
#7890 = CARTESIAN_POINT('',(-12.48803170978,14.828532997007,0.));
#7891 = CARTESIAN_POINT('',(-12.4491814039,14.647724470737,0.));
#7892 = CARTESIAN_POINT('',(-12.3844283685,14.386697163028,0.));
#7893 = CARTESIAN_POINT('',(-12.31609281471,14.144098488919,0.));
#7894 = CARTESIAN_POINT('',(-12.24525996081,13.919884981369,0.));
#7895 = CARTESIAN_POINT('',(-12.17301504919,13.713956363194,0.));
#7896 = CARTESIAN_POINT('',(-12.10043239712,13.526164121698,0.));
#7897 = CARTESIAN_POINT('',(-12.02857546541,13.356310051053,0.));
#7898 = CARTESIAN_POINT('',(-11.95849437658,13.204147240392,0.));
#7899 = CARTESIAN_POINT('',(-11.89122380651,13.069380821388,0.));
#7900 = CARTESIAN_POINT('',(-11.82778167197,12.95166808674,0.));
#7901 = CARTESIAN_POINT('',(-11.76916500046,12.850621309281,0.));
#7902 = CARTESIAN_POINT('',(-11.71635462607,12.76580254014,0.));
#7903 = CARTESIAN_POINT('',(-11.67029377722,12.696742558055,0.));
#7904 = CARTESIAN_POINT('',(-11.63194103069,12.642891443985,0.));
#7905 = CARTESIAN_POINT('',(-11.60864849582,12.612318127515,0.));
#7906 = CARTESIAN_POINT('',(-11.59850423841,12.599428814853,0.));
#7907 = PCURVE('',#4222,#7908);
#7908 = DEFINITIONAL_REPRESENTATION('',(#7909),#7928);
#7909 = B_SPLINE_CURVE_WITH_KNOTS('',3,(#7910,#7911,#7912,#7913,#7914,
    #7915,#7916,#7917,#7918,#7919,#7920,#7921,#7922,#7923,#7924,#7925,
    #7926,#7927),.UNSPECIFIED.,.F.,.F.,(4,1,1,1,1,1,1,1,1,1,1,1,1,1,1,4)
  ,(0.,0.285797000255,0.55469417333,0.806691519253,1.04178903806,
    1.259986729795,1.461284594512,1.645682632279,1.813180843187,
    1.963779227357,2.097477784955,2.214276516218,2.314175421508,
    2.397174501402,2.463273756923,2.512473190149),.UNSPECIFIED.);
#7910 = CARTESIAN_POINT('',(-12.50663400036,14.921963878154));
#7911 = CARTESIAN_POINT('',(-12.48803170978,14.828532997007));
#7912 = CARTESIAN_POINT('',(-12.4491814039,14.647724470737));
#7913 = CARTESIAN_POINT('',(-12.3844283685,14.386697163028));
#7914 = CARTESIAN_POINT('',(-12.31609281471,14.144098488919));
#7915 = CARTESIAN_POINT('',(-12.24525996081,13.919884981369));
#7916 = CARTESIAN_POINT('',(-12.17301504919,13.713956363194));
#7917 = CARTESIAN_POINT('',(-12.10043239712,13.526164121698));
#7918 = CARTESIAN_POINT('',(-12.02857546541,13.356310051053));
#7919 = CARTESIAN_POINT('',(-11.95849437658,13.204147240392));
#7920 = CARTESIAN_POINT('',(-11.89122380651,13.069380821388));
#7921 = CARTESIAN_POINT('',(-11.82778167197,12.95166808674));
#7922 = CARTESIAN_POINT('',(-11.76916500046,12.850621309281));
#7923 = CARTESIAN_POINT('',(-11.71635462607,12.76580254014));
#7924 = CARTESIAN_POINT('',(-11.67029377722,12.696742558055));
#7925 = CARTESIAN_POINT('',(-11.63194103069,12.642891443985));
#7926 = CARTESIAN_POINT('',(-11.60864849582,12.612318127515));
#7927 = CARTESIAN_POINT('',(-11.59850423841,12.599428814853));
#7928 = ( GEOMETRIC_REPRESENTATION_CONTEXT(2) 
PARAMETRIC_REPRESENTATION_CONTEXT() REPRESENTATION_CONTEXT('2D SPACE',''
  ) );
#7929 = PCURVE('',#7930,#7952);
#7930 = SURFACE_OF_LINEAR_EXTRUSION('',#7931,#7950);
#7931 = B_SPLINE_CURVE_WITH_KNOTS('',3,(#7932,#7933,#7934,#7935,#7936,
    #7937,#7938,#7939,#7940,#7941,#7942,#7943,#7944,#7945,#7946,#7947,
    #7948,#7949),.UNSPECIFIED.,.F.,.F.,(4,1,1,1,1,1,1,1,1,1,1,1,1,1,1,4)
  ,(0.,0.285797000255,0.55469417333,0.806691519253,1.04178903806,
    1.259986729795,1.461284594512,1.645682632279,1.813180843187,
    1.963779227357,2.097477784955,2.214276516218,2.314175421508,
    2.397174501402,2.463273756923,2.512473190149),.UNSPECIFIED.);
#7932 = CARTESIAN_POINT('',(-12.50663400036,14.921963878154,0.));
#7933 = CARTESIAN_POINT('',(-12.48803170978,14.828532997007,0.));
#7934 = CARTESIAN_POINT('',(-12.4491814039,14.647724470737,0.));
#7935 = CARTESIAN_POINT('',(-12.3844283685,14.386697163028,0.));
#7936 = CARTESIAN_POINT('',(-12.31609281471,14.144098488919,0.));
#7937 = CARTESIAN_POINT('',(-12.24525996081,13.919884981369,0.));
#7938 = CARTESIAN_POINT('',(-12.17301504919,13.713956363194,0.));
#7939 = CARTESIAN_POINT('',(-12.10043239712,13.526164121698,0.));
#7940 = CARTESIAN_POINT('',(-12.02857546541,13.356310051053,0.));
#7941 = CARTESIAN_POINT('',(-11.95849437658,13.204147240392,0.));
#7942 = CARTESIAN_POINT('',(-11.89122380651,13.069380821388,0.));
#7943 = CARTESIAN_POINT('',(-11.82778167197,12.95166808674,0.));
#7944 = CARTESIAN_POINT('',(-11.76916500046,12.850621309281,0.));
#7945 = CARTESIAN_POINT('',(-11.71635462607,12.76580254014,0.));
#7946 = CARTESIAN_POINT('',(-11.67029377722,12.696742558055,0.));
#7947 = CARTESIAN_POINT('',(-11.63194103069,12.642891443985,0.));
#7948 = CARTESIAN_POINT('',(-11.60864849582,12.612318127515,0.));
#7949 = CARTESIAN_POINT('',(-11.59850423841,12.599428814853,0.));
#7950 = VECTOR('',#7951,1.);
#7951 = DIRECTION('',(0.,0.,-1.));
#7952 = DEFINITIONAL_REPRESENTATION('',(#7953),#7957);
#7953 = LINE('',#7954,#7955);
#7954 = CARTESIAN_POINT('',(0.,0.));
#7955 = VECTOR('',#7956,1.);
#7956 = DIRECTION('',(1.,0.));
#7957 = ( GEOMETRIC_REPRESENTATION_CONTEXT(2) 
PARAMETRIC_REPRESENTATION_CONTEXT() REPRESENTATION_CONTEXT('2D SPACE',''
  ) );
#7958 = ORIENTED_EDGE('',*,*,#7959,.T.);
#7959 = EDGE_CURVE('',#7885,#7960,#7962,.T.);
#7960 = VERTEX_POINT('',#7961);
#7961 = CARTESIAN_POINT('',(-11.64175001755,11.9317094892,0.));
#7962 = SURFACE_CURVE('',#7963,(#7968,#7979),.PCURVE_S1.);
#7963 = CIRCLE('',#7964,0.500000000072);
#7964 = AXIS2_PLACEMENT_3D('',#7965,#7966,#7967);
#7965 = CARTESIAN_POINT('',(-11.99092819909,12.28958460374,0.));
#7966 = DIRECTION('',(0.,0.,-1.));
#7967 = DIRECTION('',(0.784847921236,0.619688422138,0.));
#7968 = PCURVE('',#4222,#7969);
#7969 = DEFINITIONAL_REPRESENTATION('',(#7970),#7978);
#7970 = ( BOUNDED_CURVE() B_SPLINE_CURVE(2,(#7971,#7972,#7973,#7974,
#7975,#7976,#7977),.UNSPECIFIED.,.T.,.F.) B_SPLINE_CURVE_WITH_KNOTS((1,2
    ,2,2,2,1),(-2.094395102393,0.,2.094395102393,4.188790204786,
6.28318530718,8.377580409573),.UNSPECIFIED.) CURVE() 
GEOMETRIC_REPRESENTATION_ITEM() RATIONAL_B_SPLINE_CURVE((1.,0.5,1.,0.5,
1.,0.5,1.)) REPRESENTATION_ITEM('') );
#7971 = CARTESIAN_POINT('',(-11.59850423841,12.599428814853));
#7972 = CARTESIAN_POINT('',(-11.06183832233,11.919730576858));
#7973 = CARTESIAN_POINT('',(-11.91880722138,11.794813379186));
#7974 = CARTESIAN_POINT('',(-12.77577612044,11.669896181514));
#7975 = CARTESIAN_POINT('',(-12.45547313746,12.474511617181));
#7976 = CARTESIAN_POINT('',(-12.13517015449,13.279127052849));
#7977 = CARTESIAN_POINT('',(-11.59850423841,12.599428814853));
#7978 = ( GEOMETRIC_REPRESENTATION_CONTEXT(2) 
PARAMETRIC_REPRESENTATION_CONTEXT() REPRESENTATION_CONTEXT('2D SPACE',''
  ) );
#7979 = PCURVE('',#7980,#7985);
#7980 = CYLINDRICAL_SURFACE('',#7981,0.500000000072);
#7981 = AXIS2_PLACEMENT_3D('',#7982,#7983,#7984);
#7982 = CARTESIAN_POINT('',(-11.99092819909,12.28958460374,0.));
#7983 = DIRECTION('',(0.,0.,-1.));
#7984 = DIRECTION('',(0.784847921236,0.619688422138,0.));
#7985 = DEFINITIONAL_REPRESENTATION('',(#7986),#7990);
#7986 = LINE('',#7987,#7988);
#7987 = CARTESIAN_POINT('',(0.,0.));
#7988 = VECTOR('',#7989,1.);
#7989 = DIRECTION('',(1.,0.));
#7990 = ( GEOMETRIC_REPRESENTATION_CONTEXT(2) 
PARAMETRIC_REPRESENTATION_CONTEXT() REPRESENTATION_CONTEXT('2D SPACE',''
  ) );
#7991 = ORIENTED_EDGE('',*,*,#7992,.T.);
#7992 = EDGE_CURVE('',#7960,#7993,#7995,.T.);
#7993 = VERTEX_POINT('',#7994);
#7994 = CARTESIAN_POINT('',(-11.9317094892,11.64175001755,0.));
#7995 = SURFACE_CURVE('',#7996,(#8001,#8008),.PCURVE_S1.);
#7996 = CIRCLE('',#7997,16.670214000005);
#7997 = AXIS2_PLACEMENT_3D('',#7998,#7999,#8000);
#7998 = CARTESIAN_POINT('',(3.962163930282E-12,-3.809397242094E-12,0.));
#7999 = DIRECTION('',(0.,0.,1.));
#8000 = DIRECTION('',(-0.698356362885,0.715750229073,0.));
#8001 = PCURVE('',#4222,#8002);
#8002 = DEFINITIONAL_REPRESENTATION('',(#8003),#8007);
#8003 = CIRCLE('',#8004,16.670214000005);
#8004 = AXIS2_PLACEMENT_2D('',#8005,#8006);
#8005 = CARTESIAN_POINT('',(3.968593632687E-12,-3.81829735245E-12));
#8006 = DIRECTION('',(-0.698356362885,0.715750229073));
#8007 = ( GEOMETRIC_REPRESENTATION_CONTEXT(2) 
PARAMETRIC_REPRESENTATION_CONTEXT() REPRESENTATION_CONTEXT('2D SPACE',''
  ) );
#8008 = PCURVE('',#8009,#8014);
#8009 = CYLINDRICAL_SURFACE('',#8010,16.670214000005);
#8010 = AXIS2_PLACEMENT_3D('',#8011,#8012,#8013);
#8011 = CARTESIAN_POINT('',(3.962163930282E-12,-3.809397242094E-12,0.));
#8012 = DIRECTION('',(0.,0.,-1.));
#8013 = DIRECTION('',(-0.698356362885,0.715750229073,0.));
#8014 = DEFINITIONAL_REPRESENTATION('',(#8015),#8019);
#8015 = LINE('',#8016,#8017);
#8016 = CARTESIAN_POINT('',(0.,0.));
#8017 = VECTOR('',#8018,1.);
#8018 = DIRECTION('',(-1.,0.));
#8019 = ( GEOMETRIC_REPRESENTATION_CONTEXT(2) 
PARAMETRIC_REPRESENTATION_CONTEXT() REPRESENTATION_CONTEXT('2D SPACE',''
  ) );
#8020 = ORIENTED_EDGE('',*,*,#8021,.T.);
#8021 = EDGE_CURVE('',#7993,#8022,#8024,.T.);
#8022 = VERTEX_POINT('',#8023);
#8023 = CARTESIAN_POINT('',(-12.59942881485,11.598504238417,0.));
#8024 = SURFACE_CURVE('',#8025,(#8030,#8041),.PCURVE_S1.);
#8025 = CIRCLE('',#8026,0.500000000072);
#8026 = AXIS2_PLACEMENT_3D('',#8027,#8028,#8029);
#8027 = CARTESIAN_POINT('',(-12.28958460374,11.990928199092,0.));
#8028 = DIRECTION('',(0.,0.,-1.));
#8029 = DIRECTION('',(0.715750228978,-0.698356362983,0.));
#8030 = PCURVE('',#4222,#8031);
#8031 = DEFINITIONAL_REPRESENTATION('',(#8032),#8040);
#8032 = ( BOUNDED_CURVE() B_SPLINE_CURVE(2,(#8033,#8034,#8035,#8036,
#8037,#8038,#8039),.UNSPECIFIED.,.T.,.F.) B_SPLINE_CURVE_WITH_KNOTS((1,2
    ,2,2,2,1),(-2.094395102393,0.,2.094395102393,4.188790204786,
6.28318530718,8.377580409573),.UNSPECIFIED.) CURVE() 
GEOMETRIC_REPRESENTATION_ITEM() RATIONAL_B_SPLINE_CURVE((1.,0.5,1.,0.5,
1.,0.5,1.)) REPRESENTATION_ITEM('') );
#8033 = CARTESIAN_POINT('',(-11.9317094892,11.64175001755));
#8034 = CARTESIAN_POINT('',(-12.53650384052,11.021892136402));
#8035 = CARTESIAN_POINT('',(-12.77091933667,11.855588349288));
#8036 = CARTESIAN_POINT('',(-13.00533483282,12.689284562174));
#8037 = CARTESIAN_POINT('',(-12.16612498534,12.475446230436));
#8038 = CARTESIAN_POINT('',(-11.32691513787,12.261607898698));
#8039 = CARTESIAN_POINT('',(-11.9317094892,11.64175001755));
#8040 = ( GEOMETRIC_REPRESENTATION_CONTEXT(2) 
PARAMETRIC_REPRESENTATION_CONTEXT() REPRESENTATION_CONTEXT('2D SPACE',''
  ) );
#8041 = PCURVE('',#8042,#8047);
#8042 = CYLINDRICAL_SURFACE('',#8043,0.500000000072);
#8043 = AXIS2_PLACEMENT_3D('',#8044,#8045,#8046);
#8044 = CARTESIAN_POINT('',(-12.28958460374,11.990928199092,0.));
#8045 = DIRECTION('',(0.,0.,-1.));
#8046 = DIRECTION('',(0.715750228978,-0.698356362983,0.));
#8047 = DEFINITIONAL_REPRESENTATION('',(#8048),#8052);
#8048 = LINE('',#8049,#8050);
#8049 = CARTESIAN_POINT('',(0.,0.));
#8050 = VECTOR('',#8051,1.);
#8051 = DIRECTION('',(1.,0.));
#8052 = ( GEOMETRIC_REPRESENTATION_CONTEXT(2) 
PARAMETRIC_REPRESENTATION_CONTEXT() REPRESENTATION_CONTEXT('2D SPACE',''
  ) );
#8053 = ORIENTED_EDGE('',*,*,#8054,.T.);
#8054 = EDGE_CURVE('',#8022,#8055,#8057,.T.);
#8055 = VERTEX_POINT('',#8056);
#8056 = CARTESIAN_POINT('',(-14.92196387815,12.506634000364,0.));
#8057 = SURFACE_CURVE('',#8058,(#8077,#8099),.PCURVE_S1.);
#8058 = B_SPLINE_CURVE_WITH_KNOTS('',3,(#8059,#8060,#8061,#8062,#8063,
    #8064,#8065,#8066,#8067,#8068,#8069,#8070,#8071,#8072,#8073,#8074,
    #8075,#8076),.UNSPECIFIED.,.F.,.F.,(4,1,1,1,1,1,1,1,1,1,1,1,1,1,1,4)
  ,(0.,4.919943322603E-02,0.115298688747,0.198297768641,0.298196673931,
    0.414995405195,0.548693962792,0.699292346962,0.86679055787,
    1.051188595638,1.252486460354,1.470684152089,1.705781670896,
    1.95777901682,2.226676189894,2.512473190149),.UNSPECIFIED.);
#8059 = CARTESIAN_POINT('',(-12.59942881485,11.598504238417,0.));
#8060 = CARTESIAN_POINT('',(-12.61231812751,11.608648495825,0.));
#8061 = CARTESIAN_POINT('',(-12.64289144398,11.631941030691,0.));
#8062 = CARTESIAN_POINT('',(-12.69674255805,11.670293777225,0.));
#8063 = CARTESIAN_POINT('',(-12.76580254014,11.716354626079,0.));
#8064 = CARTESIAN_POINT('',(-12.85062130928,11.769165000469,0.));
#8065 = CARTESIAN_POINT('',(-12.95166808674,11.827781671977,0.));
#8066 = CARTESIAN_POINT('',(-13.06938082138,11.891223806515,0.));
#8067 = CARTESIAN_POINT('',(-13.20414724039,11.958494376588,0.));
#8068 = CARTESIAN_POINT('',(-13.35631005105,12.028575465411,0.));
#8069 = CARTESIAN_POINT('',(-13.52616412169,12.100432397124,0.));
#8070 = CARTESIAN_POINT('',(-13.71395636319,12.173015049195,0.));
#8071 = CARTESIAN_POINT('',(-13.91988498136,12.245259960815,0.));
#8072 = CARTESIAN_POINT('',(-14.14409848891,12.316092814712,0.));
#8073 = CARTESIAN_POINT('',(-14.38669716302,12.384428368508,0.));
#8074 = CARTESIAN_POINT('',(-14.64772447073,12.449181403907,0.));
#8075 = CARTESIAN_POINT('',(-14.828532997,12.488031709785,0.));
#8076 = CARTESIAN_POINT('',(-14.92196387815,12.506634000364,0.));
#8077 = PCURVE('',#4222,#8078);
#8078 = DEFINITIONAL_REPRESENTATION('',(#8079),#8098);
#8079 = B_SPLINE_CURVE_WITH_KNOTS('',3,(#8080,#8081,#8082,#8083,#8084,
    #8085,#8086,#8087,#8088,#8089,#8090,#8091,#8092,#8093,#8094,#8095,
    #8096,#8097),.UNSPECIFIED.,.F.,.F.,(4,1,1,1,1,1,1,1,1,1,1,1,1,1,1,4)
  ,(0.,4.919943322603E-02,0.115298688747,0.198297768641,0.298196673931,
    0.414995405195,0.548693962792,0.699292346962,0.86679055787,
    1.051188595638,1.252486460354,1.470684152089,1.705781670896,
    1.95777901682,2.226676189894,2.512473190149),.UNSPECIFIED.);
#8080 = CARTESIAN_POINT('',(-12.59942881485,11.598504238417));
#8081 = CARTESIAN_POINT('',(-12.61231812751,11.608648495825));
#8082 = CARTESIAN_POINT('',(-12.64289144398,11.631941030691));
#8083 = CARTESIAN_POINT('',(-12.69674255805,11.670293777225));
#8084 = CARTESIAN_POINT('',(-12.76580254014,11.716354626079));
#8085 = CARTESIAN_POINT('',(-12.85062130928,11.769165000469));
#8086 = CARTESIAN_POINT('',(-12.95166808674,11.827781671977));
#8087 = CARTESIAN_POINT('',(-13.06938082138,11.891223806515));
#8088 = CARTESIAN_POINT('',(-13.20414724039,11.958494376588));
#8089 = CARTESIAN_POINT('',(-13.35631005105,12.028575465411));
#8090 = CARTESIAN_POINT('',(-13.52616412169,12.100432397124));
#8091 = CARTESIAN_POINT('',(-13.71395636319,12.173015049195));
#8092 = CARTESIAN_POINT('',(-13.91988498136,12.245259960815));
#8093 = CARTESIAN_POINT('',(-14.14409848891,12.316092814712));
#8094 = CARTESIAN_POINT('',(-14.38669716302,12.384428368508));
#8095 = CARTESIAN_POINT('',(-14.64772447073,12.449181403907));
#8096 = CARTESIAN_POINT('',(-14.828532997,12.488031709785));
#8097 = CARTESIAN_POINT('',(-14.92196387815,12.506634000364));
#8098 = ( GEOMETRIC_REPRESENTATION_CONTEXT(2) 
PARAMETRIC_REPRESENTATION_CONTEXT() REPRESENTATION_CONTEXT('2D SPACE',''
  ) );
#8099 = PCURVE('',#8100,#8122);
#8100 = SURFACE_OF_LINEAR_EXTRUSION('',#8101,#8120);
#8101 = B_SPLINE_CURVE_WITH_KNOTS('',3,(#8102,#8103,#8104,#8105,#8106,
    #8107,#8108,#8109,#8110,#8111,#8112,#8113,#8114,#8115,#8116,#8117,
    #8118,#8119),.UNSPECIFIED.,.F.,.F.,(4,1,1,1,1,1,1,1,1,1,1,1,1,1,1,4)
  ,(0.,4.919943322603E-02,0.115298688747,0.198297768641,0.298196673931,
    0.414995405195,0.548693962792,0.699292346962,0.86679055787,
    1.051188595638,1.252486460354,1.470684152089,1.705781670896,
    1.95777901682,2.226676189894,2.512473190149),.UNSPECIFIED.);
#8102 = CARTESIAN_POINT('',(-12.59942881485,11.598504238417,0.));
#8103 = CARTESIAN_POINT('',(-12.61231812751,11.608648495825,0.));
#8104 = CARTESIAN_POINT('',(-12.64289144398,11.631941030691,0.));
#8105 = CARTESIAN_POINT('',(-12.69674255805,11.670293777225,0.));
#8106 = CARTESIAN_POINT('',(-12.76580254014,11.716354626079,0.));
#8107 = CARTESIAN_POINT('',(-12.85062130928,11.769165000469,0.));
#8108 = CARTESIAN_POINT('',(-12.95166808674,11.827781671977,0.));
#8109 = CARTESIAN_POINT('',(-13.06938082138,11.891223806515,0.));
#8110 = CARTESIAN_POINT('',(-13.20414724039,11.958494376588,0.));
#8111 = CARTESIAN_POINT('',(-13.35631005105,12.028575465411,0.));
#8112 = CARTESIAN_POINT('',(-13.52616412169,12.100432397124,0.));
#8113 = CARTESIAN_POINT('',(-13.71395636319,12.173015049195,0.));
#8114 = CARTESIAN_POINT('',(-13.91988498136,12.245259960815,0.));
#8115 = CARTESIAN_POINT('',(-14.14409848891,12.316092814712,0.));
#8116 = CARTESIAN_POINT('',(-14.38669716302,12.384428368508,0.));
#8117 = CARTESIAN_POINT('',(-14.64772447073,12.449181403907,0.));
#8118 = CARTESIAN_POINT('',(-14.828532997,12.488031709785,0.));
#8119 = CARTESIAN_POINT('',(-14.92196387815,12.506634000364,0.));
#8120 = VECTOR('',#8121,1.);
#8121 = DIRECTION('',(0.,0.,-1.));
#8122 = DEFINITIONAL_REPRESENTATION('',(#8123),#8127);
#8123 = LINE('',#8124,#8125);
#8124 = CARTESIAN_POINT('',(0.,0.));
#8125 = VECTOR('',#8126,1.);
#8126 = DIRECTION('',(1.,0.));
#8127 = ( GEOMETRIC_REPRESENTATION_CONTEXT(2) 
PARAMETRIC_REPRESENTATION_CONTEXT() REPRESENTATION_CONTEXT('2D SPACE',''
  ) );
#8128 = ORIENTED_EDGE('',*,*,#8129,.T.);
#8129 = EDGE_CURVE('',#8055,#8130,#8132,.T.);
#8130 = VERTEX_POINT('',#8131);
#8131 = CARTESIAN_POINT('',(-15.51351591302,11.764851210971,0.));
#8132 = SURFACE_CURVE('',#8133,(#8138,#8145),.PCURVE_S1.);
#8133 = CIRCLE('',#8134,19.470000000009);
#8134 = AXIS2_PLACEMENT_3D('',#8135,#8136,#8137);
#8135 = CARTESIAN_POINT('',(6.78213041283E-12,-5.355715870792E-12,0.));
#8136 = DIRECTION('',(0.,0.,1.));
#8137 = DIRECTION('',(-0.766408006069,0.642354083224,0.));
#8138 = PCURVE('',#4222,#8139);
#8139 = DEFINITIONAL_REPRESENTATION('',(#8140),#8144);
#8140 = CIRCLE('',#8141,19.470000000009);
#8141 = AXIS2_PLACEMENT_2D('',#8142,#8143);
#8142 = CARTESIAN_POINT('',(6.788560115235E-12,-5.364615981148E-12));
#8143 = DIRECTION('',(-0.766408006069,0.642354083224));
#8144 = ( GEOMETRIC_REPRESENTATION_CONTEXT(2) 
PARAMETRIC_REPRESENTATION_CONTEXT() REPRESENTATION_CONTEXT('2D SPACE',''
  ) );
#8145 = PCURVE('',#8146,#8151);
#8146 = CYLINDRICAL_SURFACE('',#8147,19.470000000009);
#8147 = AXIS2_PLACEMENT_3D('',#8148,#8149,#8150);
#8148 = CARTESIAN_POINT('',(6.78213041283E-12,-5.355715870792E-12,0.));
#8149 = DIRECTION('',(0.,0.,-1.));
#8150 = DIRECTION('',(-0.766408006069,0.642354083224,0.));
#8151 = DEFINITIONAL_REPRESENTATION('',(#8152),#8156);
#8152 = LINE('',#8153,#8154);
#8153 = CARTESIAN_POINT('',(0.,0.));
#8154 = VECTOR('',#8155,1.);
#8155 = DIRECTION('',(-1.,0.));
#8156 = ( GEOMETRIC_REPRESENTATION_CONTEXT(2) 
PARAMETRIC_REPRESENTATION_CONTEXT() REPRESENTATION_CONTEXT('2D SPACE',''
  ) );
#8157 = ORIENTED_EDGE('',*,*,#8158,.T.);
#8158 = EDGE_CURVE('',#8130,#8159,#8161,.T.);
#8159 = VERTEX_POINT('',#8160);
#8160 = CARTESIAN_POINT('',(-14.11134218878,9.70262483352,0.));
#8161 = SURFACE_CURVE('',#8162,(#8181,#8203),.PCURVE_S1.);
#8162 = B_SPLINE_CURVE_WITH_KNOTS('',3,(#8163,#8164,#8165,#8166,#8167,
    #8168,#8169,#8170,#8171,#8172,#8173,#8174,#8175,#8176,#8177,#8178,
    #8179,#8180),.UNSPECIFIED.,.F.,.F.,(4,1,1,1,1,1,1,1,1,1,1,1,1,1,1,4)
  ,(0.,0.285797000255,0.55469417333,0.806691519253,1.04178903806,
    1.259986729795,1.461284594512,1.645682632279,1.813180843187,
    1.963779227357,2.097477784955,2.214276516218,2.314175421508,
    2.397174501402,2.463273756923,2.512473190149),.UNSPECIFIED.);
#8163 = CARTESIAN_POINT('',(-15.51351591302,11.764851210971,0.));
#8164 = CARTESIAN_POINT('',(-15.47458969377,11.677902236153,0.));
#8165 = CARTESIAN_POINT('',(-15.39647976404,11.510271963481,0.));
#8166 = CARTESIAN_POINT('',(-15.27526618213,11.270198061267,0.));
#8167 = CARTESIAN_POINT('',(-15.1546606598,11.048887933673,0.));
#8168 = CARTESIAN_POINT('',(-15.03571153434,10.846057719679,0.));
#8169 = CARTESIAN_POINT('',(-14.91945452504,10.661368167111,0.));
#8170 = CARTESIAN_POINT('',(-14.80690396663,10.494435428712,0.));
#8171 = CARTESIAN_POINT('',(-14.69905255178,10.344829625799,0.));
#8172 = CARTESIAN_POINT('',(-14.59686913143,10.212076363827,0.));
#8173 = CARTESIAN_POINT('',(-14.50129682557,10.095657930396,0.));
#8174 = CARTESIAN_POINT('',(-14.41325177015,9.995013702798,0.));
#8175 = CARTESIAN_POINT('',(-14.33361971769,9.909543815507,0.));
#8176 = CARTESIAN_POINT('',(-14.26325945791,9.838603043825,0.));
#8177 = CARTESIAN_POINT('',(-14.202986159,9.781524042782,0.));
#8178 = CARTESIAN_POINT('',(-14.15361199569,9.737557377551,0.));
#8179 = CARTESIAN_POINT('',(-14.12410025037,9.71293367457,0.));
#8180 = CARTESIAN_POINT('',(-14.11134218878,9.70262483352,0.));
#8181 = PCURVE('',#4222,#8182);
#8182 = DEFINITIONAL_REPRESENTATION('',(#8183),#8202);
#8183 = B_SPLINE_CURVE_WITH_KNOTS('',3,(#8184,#8185,#8186,#8187,#8188,
    #8189,#8190,#8191,#8192,#8193,#8194,#8195,#8196,#8197,#8198,#8199,
    #8200,#8201),.UNSPECIFIED.,.F.,.F.,(4,1,1,1,1,1,1,1,1,1,1,1,1,1,1,4)
  ,(0.,0.285797000255,0.55469417333,0.806691519253,1.04178903806,
    1.259986729795,1.461284594512,1.645682632279,1.813180843187,
    1.963779227357,2.097477784955,2.214276516218,2.314175421508,
    2.397174501402,2.463273756923,2.512473190149),.UNSPECIFIED.);
#8184 = CARTESIAN_POINT('',(-15.51351591302,11.764851210971));
#8185 = CARTESIAN_POINT('',(-15.47458969377,11.677902236153));
#8186 = CARTESIAN_POINT('',(-15.39647976404,11.510271963481));
#8187 = CARTESIAN_POINT('',(-15.27526618213,11.270198061267));
#8188 = CARTESIAN_POINT('',(-15.1546606598,11.048887933673));
#8189 = CARTESIAN_POINT('',(-15.03571153434,10.846057719679));
#8190 = CARTESIAN_POINT('',(-14.91945452504,10.661368167111));
#8191 = CARTESIAN_POINT('',(-14.80690396663,10.494435428712));
#8192 = CARTESIAN_POINT('',(-14.69905255178,10.344829625799));
#8193 = CARTESIAN_POINT('',(-14.59686913143,10.212076363827));
#8194 = CARTESIAN_POINT('',(-14.50129682557,10.095657930396));
#8195 = CARTESIAN_POINT('',(-14.41325177015,9.995013702798));
#8196 = CARTESIAN_POINT('',(-14.33361971769,9.909543815507));
#8197 = CARTESIAN_POINT('',(-14.26325945791,9.838603043825));
#8198 = CARTESIAN_POINT('',(-14.202986159,9.781524042782));
#8199 = CARTESIAN_POINT('',(-14.15361199569,9.737557377551));
#8200 = CARTESIAN_POINT('',(-14.12410025037,9.71293367457));
#8201 = CARTESIAN_POINT('',(-14.11134218878,9.70262483352));
#8202 = ( GEOMETRIC_REPRESENTATION_CONTEXT(2) 
PARAMETRIC_REPRESENTATION_CONTEXT() REPRESENTATION_CONTEXT('2D SPACE',''
  ) );
#8203 = PCURVE('',#8204,#8226);
#8204 = SURFACE_OF_LINEAR_EXTRUSION('',#8205,#8224);
#8205 = B_SPLINE_CURVE_WITH_KNOTS('',3,(#8206,#8207,#8208,#8209,#8210,
    #8211,#8212,#8213,#8214,#8215,#8216,#8217,#8218,#8219,#8220,#8221,
    #8222,#8223),.UNSPECIFIED.,.F.,.F.,(4,1,1,1,1,1,1,1,1,1,1,1,1,1,1,4)
  ,(0.,0.285797000255,0.55469417333,0.806691519253,1.04178903806,
    1.259986729795,1.461284594512,1.645682632279,1.813180843187,
    1.963779227357,2.097477784955,2.214276516218,2.314175421508,
    2.397174501402,2.463273756923,2.512473190149),.UNSPECIFIED.);
#8206 = CARTESIAN_POINT('',(-15.51351591302,11.764851210971,0.));
#8207 = CARTESIAN_POINT('',(-15.47458969377,11.677902236153,0.));
#8208 = CARTESIAN_POINT('',(-15.39647976404,11.510271963481,0.));
#8209 = CARTESIAN_POINT('',(-15.27526618213,11.270198061267,0.));
#8210 = CARTESIAN_POINT('',(-15.1546606598,11.048887933673,0.));
#8211 = CARTESIAN_POINT('',(-15.03571153434,10.846057719679,0.));
#8212 = CARTESIAN_POINT('',(-14.91945452504,10.661368167111,0.));
#8213 = CARTESIAN_POINT('',(-14.80690396663,10.494435428712,0.));
#8214 = CARTESIAN_POINT('',(-14.69905255178,10.344829625799,0.));
#8215 = CARTESIAN_POINT('',(-14.59686913143,10.212076363827,0.));
#8216 = CARTESIAN_POINT('',(-14.50129682557,10.095657930396,0.));
#8217 = CARTESIAN_POINT('',(-14.41325177015,9.995013702798,0.));
#8218 = CARTESIAN_POINT('',(-14.33361971769,9.909543815507,0.));
#8219 = CARTESIAN_POINT('',(-14.26325945791,9.838603043825,0.));
#8220 = CARTESIAN_POINT('',(-14.202986159,9.781524042782,0.));
#8221 = CARTESIAN_POINT('',(-14.15361199569,9.737557377551,0.));
#8222 = CARTESIAN_POINT('',(-14.12410025037,9.71293367457,0.));
#8223 = CARTESIAN_POINT('',(-14.11134218878,9.70262483352,0.));
#8224 = VECTOR('',#8225,1.);
#8225 = DIRECTION('',(0.,0.,-1.));
#8226 = DEFINITIONAL_REPRESENTATION('',(#8227),#8231);
#8227 = LINE('',#8228,#8229);
#8228 = CARTESIAN_POINT('',(0.,0.));
#8229 = VECTOR('',#8230,1.);
#8230 = DIRECTION('',(1.,0.));
#8231 = ( GEOMETRIC_REPRESENTATION_CONTEXT(2) 
PARAMETRIC_REPRESENTATION_CONTEXT() REPRESENTATION_CONTEXT('2D SPACE',''
  ) );
#8232 = ORIENTED_EDGE('',*,*,#8233,.T.);
#8233 = EDGE_CURVE('',#8159,#8234,#8236,.T.);
#8234 = VERTEX_POINT('',#8235);
#8235 = CARTESIAN_POINT('',(-14.00492217798,9.042023534275,0.));
#8236 = SURFACE_CURVE('',#8237,(#8242,#8253),.PCURVE_S1.);
#8237 = CIRCLE('',#8238,0.500000000072);
#8238 = AXIS2_PLACEMENT_3D('',#8239,#8240,#8241);
#8239 = CARTESIAN_POINT('',(-14.42498043822,9.313226517441,0.));
#8240 = DIRECTION('',(0.,0.,-1.));
#8241 = DIRECTION('',(0.627276498775,0.778796632045,0.));
#8242 = PCURVE('',#4222,#8243);
#8243 = DEFINITIONAL_REPRESENTATION('',(#8244),#8252);
#8244 = ( BOUNDED_CURVE() B_SPLINE_CURVE(2,(#8245,#8246,#8247,#8248,
#8249,#8250,#8251),.UNSPECIFIED.,.T.,.F.) B_SPLINE_CURVE_WITH_KNOTS((1,2
    ,2,2,2,1),(-2.094395102393,0.,2.094395102393,4.188790204786,
6.28318530718,8.377580409573),.UNSPECIFIED.) CURVE() 
GEOMETRIC_REPRESENTATION_ITEM() RATIONAL_B_SPLINE_CURVE((1.,0.5,1.,0.5,
1.,0.5,1.)) REPRESENTATION_ITEM('') );
#8245 = CARTESIAN_POINT('',(-14.11134218878,9.702624833519));
#8246 = CARTESIAN_POINT('',(-13.43688452096,9.159387450306));
#8247 = CARTESIAN_POINT('',(-14.24457072902,8.846908667795));
#8248 = CARTESIAN_POINT('',(-15.05225693708,8.534429885285));
#8249 = CARTESIAN_POINT('',(-14.91902839685,9.390146051009));
#8250 = CARTESIAN_POINT('',(-14.78579985661,10.245862216733));
#8251 = CARTESIAN_POINT('',(-14.11134218878,9.702624833519));
#8252 = ( GEOMETRIC_REPRESENTATION_CONTEXT(2) 
PARAMETRIC_REPRESENTATION_CONTEXT() REPRESENTATION_CONTEXT('2D SPACE',''
  ) );
#8253 = PCURVE('',#8254,#8259);
#8254 = CYLINDRICAL_SURFACE('',#8255,0.500000000072);
#8255 = AXIS2_PLACEMENT_3D('',#8256,#8257,#8258);
#8256 = CARTESIAN_POINT('',(-14.42498043822,9.313226517441,0.));
#8257 = DIRECTION('',(0.,0.,-1.));
#8258 = DIRECTION('',(0.627276498775,0.778796632045,0.));
#8259 = DEFINITIONAL_REPRESENTATION('',(#8260),#8264);
#8260 = LINE('',#8261,#8262);
#8261 = CARTESIAN_POINT('',(0.,0.));
#8262 = VECTOR('',#8263,1.);
#8263 = DIRECTION('',(1.,0.));
#8264 = ( GEOMETRIC_REPRESENTATION_CONTEXT(2) 
PARAMETRIC_REPRESENTATION_CONTEXT() REPRESENTATION_CONTEXT('2D SPACE',''
  ) );
#8265 = ORIENTED_EDGE('',*,*,#8266,.T.);
#8266 = EDGE_CURVE('',#8234,#8267,#8269,.T.);
#8267 = VERTEX_POINT('',#8268);
#8268 = CARTESIAN_POINT('',(-14.22308970785,8.694811899521,0.));
#8269 = SURFACE_CURVE('',#8270,(#8275,#8282),.PCURVE_S1.);
#8270 = CIRCLE('',#8271,16.670213999997);
#8271 = AXIS2_PLACEMENT_3D('',#8272,#8273,#8274);
#8272 = CARTESIAN_POINT('',(-2.30926389122E-12,1.476152533542E-12,0.));
#8273 = DIRECTION('',(0.,0.,1.));
#8274 = DIRECTION('',(-0.840116520279,0.542405966371,0.));
#8275 = PCURVE('',#4222,#8276);
#8276 = DEFINITIONAL_REPRESENTATION('',(#8277),#8281);
#8277 = CIRCLE('',#8278,16.670213999997);
#8278 = AXIS2_PLACEMENT_2D('',#8279,#8280);
#8279 = CARTESIAN_POINT('',(-2.302834188815E-12,1.467252423186E-12));
#8280 = DIRECTION('',(-0.840116520279,0.542405966371));
#8281 = ( GEOMETRIC_REPRESENTATION_CONTEXT(2) 
PARAMETRIC_REPRESENTATION_CONTEXT() REPRESENTATION_CONTEXT('2D SPACE',''
  ) );
#8282 = PCURVE('',#8283,#8288);
#8283 = CYLINDRICAL_SURFACE('',#8284,16.670213999997);
#8284 = AXIS2_PLACEMENT_3D('',#8285,#8286,#8287);
#8285 = CARTESIAN_POINT('',(-2.30926389122E-12,1.476152533542E-12,0.));
#8286 = DIRECTION('',(0.,0.,-1.));
#8287 = DIRECTION('',(-0.840116520279,0.542405966371,0.));
#8288 = DEFINITIONAL_REPRESENTATION('',(#8289),#8293);
#8289 = LINE('',#8290,#8291);
#8290 = CARTESIAN_POINT('',(0.,0.));
#8291 = VECTOR('',#8292,1.);
#8292 = DIRECTION('',(-1.,0.));
#8293 = ( GEOMETRIC_REPRESENTATION_CONTEXT(2) 
PARAMETRIC_REPRESENTATION_CONTEXT() REPRESENTATION_CONTEXT('2D SPACE',''
  ) );
#8294 = ORIENTED_EDGE('',*,*,#8295,.T.);
#8295 = EDGE_CURVE('',#8267,#8296,#8298,.T.);
#8296 = VERTEX_POINT('',#8297);
#8297 = CARTESIAN_POINT('',(-14.86444482477,8.504068854395,0.));
#8298 = SURFACE_CURVE('',#8299,(#8304,#8315),.PCURVE_S1.);
#8299 = CIRCLE('',#8300,0.500000000072);
#8300 = AXIS2_PLACEMENT_3D('',#8301,#8302,#8303);
#8301 = CARTESIAN_POINT('',(-14.64969160117,8.955600750303,0.));
#8302 = DIRECTION('',(0.,0.,-1.));
#8303 = DIRECTION('',(0.853203786506,-0.52157770149,0.));
#8304 = PCURVE('',#4222,#8305);
#8305 = DEFINITIONAL_REPRESENTATION('',(#8306),#8314);
#8306 = ( BOUNDED_CURVE() B_SPLINE_CURVE(2,(#8307,#8308,#8309,#8310,
#8311,#8312,#8313),.UNSPECIFIED.,.T.,.F.) B_SPLINE_CURVE_WITH_KNOTS((1,2
    ,2,2,2,1),(-2.094395102393,0.,2.094395102393,4.188790204786,
6.28318530718,8.377580409573),.UNSPECIFIED.) CURVE() 
GEOMETRIC_REPRESENTATION_ITEM() RATIONAL_B_SPLINE_CURVE((1.,0.5,1.,0.5,
1.,0.5,1.)) REPRESENTATION_ITEM('') );
#8307 = CARTESIAN_POINT('',(-14.22308970785,8.694811899521));
#8308 = CARTESIAN_POINT('',(-14.67478924745,7.955915745696));
#8309 = CARTESIAN_POINT('',(-15.08884231763,8.716547098782));
#8310 = CARTESIAN_POINT('',(-15.5028953878,9.477178451868));
#8311 = CARTESIAN_POINT('',(-14.63714277802,9.455443252607));
#8312 = CARTESIAN_POINT('',(-13.77139016825,9.433708053346));
#8313 = CARTESIAN_POINT('',(-14.22308970785,8.694811899521));
#8314 = ( GEOMETRIC_REPRESENTATION_CONTEXT(2) 
PARAMETRIC_REPRESENTATION_CONTEXT() REPRESENTATION_CONTEXT('2D SPACE',''
  ) );
#8315 = PCURVE('',#8316,#8321);
#8316 = CYLINDRICAL_SURFACE('',#8317,0.500000000072);
#8317 = AXIS2_PLACEMENT_3D('',#8318,#8319,#8320);
#8318 = CARTESIAN_POINT('',(-14.64969160117,8.955600750303,0.));
#8319 = DIRECTION('',(0.,0.,-1.));
#8320 = DIRECTION('',(0.853203786506,-0.52157770149,0.));
#8321 = DEFINITIONAL_REPRESENTATION('',(#8322),#8326);
#8322 = LINE('',#8323,#8324);
#8323 = CARTESIAN_POINT('',(0.,0.));
#8324 = VECTOR('',#8325,1.);
#8325 = DIRECTION('',(1.,0.));
#8326 = ( GEOMETRIC_REPRESENTATION_CONTEXT(2) 
PARAMETRIC_REPRESENTATION_CONTEXT() REPRESENTATION_CONTEXT('2D SPACE',''
  ) );
#8327 = ORIENTED_EDGE('',*,*,#8328,.T.);
#8328 = EDGE_CURVE('',#8296,#8329,#8331,.T.);
#8329 = VERTEX_POINT('',#8330);
#8330 = CARTESIAN_POINT('',(-17.33082696779,8.872617235768,0.));
#8331 = SURFACE_CURVE('',#8332,(#8351,#8373),.PCURVE_S1.);
#8332 = B_SPLINE_CURVE_WITH_KNOTS('',3,(#8333,#8334,#8335,#8336,#8337,
    #8338,#8339,#8340,#8341,#8342,#8343,#8344,#8345,#8346,#8347,#8348,
    #8349,#8350),.UNSPECIFIED.,.F.,.F.,(4,1,1,1,1,1,1,1,1,1,1,1,1,1,1,4)
  ,(0.,4.919943322603E-02,0.115298688747,0.198297768641,0.298196673931,
    0.414995405195,0.548693962792,0.699292346962,0.86679055787,
    1.051188595638,1.252486460354,1.470684152089,1.705781670896,
    1.95777901682,2.226676189894,2.512473190149),.UNSPECIFIED.);
#8333 = CARTESIAN_POINT('',(-14.86444482477,8.504068854395,0.));
#8334 = CARTESIAN_POINT('',(-14.87926828509,8.511090632198,0.));
#8335 = CARTESIAN_POINT('',(-14.9142581413,8.52699597165,0.));
#8336 = CARTESIAN_POINT('',(-14.97529338448,8.552404134557,0.));
#8337 = CARTESIAN_POINT('',(-15.05287139174,8.581942850051,0.));
#8338 = CARTESIAN_POINT('',(-15.14731499108,8.61455520637,0.));
#8339 = CARTESIAN_POINT('',(-15.25887175135,8.649217212249,0.));
#8340 = CARTESIAN_POINT('',(-15.38775038501,8.684875172367,0.));
#8341 = CARTESIAN_POINT('',(-15.5341070386,8.720470779377,0.));
#8342 = CARTESIAN_POINT('',(-15.69804931925,8.754935378244,0.));
#8343 = CARTESIAN_POINT('',(-15.87963446527,8.787194620219,0.));
#8344 = CARTESIAN_POINT('',(-16.07886952273,8.816169768695,0.));
#8345 = CARTESIAN_POINT('',(-16.29571108571,8.840779921102,0.));
#8346 = CARTESIAN_POINT('',(-16.53006488531,8.85994464836,0.));
#8347 = CARTESIAN_POINT('',(-16.78178719541,8.872583603611,0.));
#8348 = CARTESIAN_POINT('',(-17.05067890945,8.877629104921,0.));
#8349 = CARTESIAN_POINT('',(-17.23559919482,8.875271670386,0.));
#8350 = CARTESIAN_POINT('',(-17.33082696779,8.872617235768,0.));
#8351 = PCURVE('',#4222,#8352);
#8352 = DEFINITIONAL_REPRESENTATION('',(#8353),#8372);
#8353 = B_SPLINE_CURVE_WITH_KNOTS('',3,(#8354,#8355,#8356,#8357,#8358,
    #8359,#8360,#8361,#8362,#8363,#8364,#8365,#8366,#8367,#8368,#8369,
    #8370,#8371),.UNSPECIFIED.,.F.,.F.,(4,1,1,1,1,1,1,1,1,1,1,1,1,1,1,4)
  ,(0.,4.919943322603E-02,0.115298688747,0.198297768641,0.298196673931,
    0.414995405195,0.548693962792,0.699292346962,0.86679055787,
    1.051188595638,1.252486460354,1.470684152089,1.705781670896,
    1.95777901682,2.226676189894,2.512473190149),.UNSPECIFIED.);
#8354 = CARTESIAN_POINT('',(-14.86444482477,8.504068854395));
#8355 = CARTESIAN_POINT('',(-14.87926828509,8.511090632198));
#8356 = CARTESIAN_POINT('',(-14.9142581413,8.52699597165));
#8357 = CARTESIAN_POINT('',(-14.97529338448,8.552404134557));
#8358 = CARTESIAN_POINT('',(-15.05287139174,8.581942850051));
#8359 = CARTESIAN_POINT('',(-15.14731499108,8.61455520637));
#8360 = CARTESIAN_POINT('',(-15.25887175135,8.649217212249));
#8361 = CARTESIAN_POINT('',(-15.38775038501,8.684875172367));
#8362 = CARTESIAN_POINT('',(-15.5341070386,8.720470779377));
#8363 = CARTESIAN_POINT('',(-15.69804931925,8.754935378244));
#8364 = CARTESIAN_POINT('',(-15.87963446527,8.787194620219));
#8365 = CARTESIAN_POINT('',(-16.07886952273,8.816169768695));
#8366 = CARTESIAN_POINT('',(-16.29571108571,8.840779921102));
#8367 = CARTESIAN_POINT('',(-16.53006488531,8.85994464836));
#8368 = CARTESIAN_POINT('',(-16.78178719541,8.872583603611));
#8369 = CARTESIAN_POINT('',(-17.05067890945,8.877629104921));
#8370 = CARTESIAN_POINT('',(-17.23559919482,8.875271670386));
#8371 = CARTESIAN_POINT('',(-17.33082696779,8.872617235768));
#8372 = ( GEOMETRIC_REPRESENTATION_CONTEXT(2) 
PARAMETRIC_REPRESENTATION_CONTEXT() REPRESENTATION_CONTEXT('2D SPACE',''
  ) );
#8373 = PCURVE('',#8374,#8396);
#8374 = SURFACE_OF_LINEAR_EXTRUSION('',#8375,#8394);
#8375 = B_SPLINE_CURVE_WITH_KNOTS('',3,(#8376,#8377,#8378,#8379,#8380,
    #8381,#8382,#8383,#8384,#8385,#8386,#8387,#8388,#8389,#8390,#8391,
    #8392,#8393),.UNSPECIFIED.,.F.,.F.,(4,1,1,1,1,1,1,1,1,1,1,1,1,1,1,4)
  ,(0.,4.919943322603E-02,0.115298688747,0.198297768641,0.298196673931,
    0.414995405195,0.548693962792,0.699292346962,0.86679055787,
    1.051188595638,1.252486460354,1.470684152089,1.705781670896,
    1.95777901682,2.226676189894,2.512473190149),.UNSPECIFIED.);
#8376 = CARTESIAN_POINT('',(-14.86444482477,8.504068854395,0.));
#8377 = CARTESIAN_POINT('',(-14.87926828509,8.511090632198,0.));
#8378 = CARTESIAN_POINT('',(-14.9142581413,8.52699597165,0.));
#8379 = CARTESIAN_POINT('',(-14.97529338448,8.552404134557,0.));
#8380 = CARTESIAN_POINT('',(-15.05287139174,8.581942850051,0.));
#8381 = CARTESIAN_POINT('',(-15.14731499108,8.61455520637,0.));
#8382 = CARTESIAN_POINT('',(-15.25887175135,8.649217212249,0.));
#8383 = CARTESIAN_POINT('',(-15.38775038501,8.684875172367,0.));
#8384 = CARTESIAN_POINT('',(-15.5341070386,8.720470779377,0.));
#8385 = CARTESIAN_POINT('',(-15.69804931925,8.754935378244,0.));
#8386 = CARTESIAN_POINT('',(-15.87963446527,8.787194620219,0.));
#8387 = CARTESIAN_POINT('',(-16.07886952273,8.816169768695,0.));
#8388 = CARTESIAN_POINT('',(-16.29571108571,8.840779921102,0.));
#8389 = CARTESIAN_POINT('',(-16.53006488531,8.85994464836,0.));
#8390 = CARTESIAN_POINT('',(-16.78178719541,8.872583603611,0.));
#8391 = CARTESIAN_POINT('',(-17.05067890945,8.877629104921,0.));
#8392 = CARTESIAN_POINT('',(-17.23559919482,8.875271670386,0.));
#8393 = CARTESIAN_POINT('',(-17.33082696779,8.872617235768,0.));
#8394 = VECTOR('',#8395,1.);
#8395 = DIRECTION('',(0.,0.,-1.));
#8396 = DEFINITIONAL_REPRESENTATION('',(#8397),#8401);
#8397 = LINE('',#8398,#8399);
#8398 = CARTESIAN_POINT('',(0.,0.));
#8399 = VECTOR('',#8400,1.);
#8400 = DIRECTION('',(1.,0.));
#8401 = ( GEOMETRIC_REPRESENTATION_CONTEXT(2) 
PARAMETRIC_REPRESENTATION_CONTEXT() REPRESENTATION_CONTEXT('2D SPACE',''
  ) );
#8402 = ORIENTED_EDGE('',*,*,#8403,.T.);
#8403 = EDGE_CURVE('',#8329,#8404,#8406,.T.);
#8404 = VERTEX_POINT('',#8405);
#8405 = CARTESIAN_POINT('',(-17.742485359,8.017799778329,0.));
#8406 = SURFACE_CURVE('',#8407,(#8412,#8419),.PCURVE_S1.);
#8407 = CIRCLE('',#8408,19.470000000011);
#8408 = AXIS2_PLACEMENT_3D('',#8409,#8410,#8411);
#8409 = CARTESIAN_POINT('',(9.531930800222E-12,-4.65139038397E-12,0.));
#8410 = DIRECTION('',(0.,0.,1.));
#8411 = DIRECTION('',(-0.890129787765,0.455707099937,0.));
#8412 = PCURVE('',#4222,#8413);
#8413 = DEFINITIONAL_REPRESENTATION('',(#8414),#8418);
#8414 = CIRCLE('',#8415,19.470000000011);
#8415 = AXIS2_PLACEMENT_2D('',#8416,#8417);
#8416 = CARTESIAN_POINT('',(9.538360502627E-12,-4.660290494326E-12));
#8417 = DIRECTION('',(-0.890129787765,0.455707099937));
#8418 = ( GEOMETRIC_REPRESENTATION_CONTEXT(2) 
PARAMETRIC_REPRESENTATION_CONTEXT() REPRESENTATION_CONTEXT('2D SPACE',''
  ) );
#8419 = PCURVE('',#8420,#8425);
#8420 = CYLINDRICAL_SURFACE('',#8421,19.470000000011);
#8421 = AXIS2_PLACEMENT_3D('',#8422,#8423,#8424);
#8422 = CARTESIAN_POINT('',(9.531930800222E-12,-4.65139038397E-12,0.));
#8423 = DIRECTION('',(0.,0.,-1.));
#8424 = DIRECTION('',(-0.890129787765,0.455707099937,0.));
#8425 = DEFINITIONAL_REPRESENTATION('',(#8426),#8430);
#8426 = LINE('',#8427,#8428);
#8427 = CARTESIAN_POINT('',(0.,0.));
#8428 = VECTOR('',#8429,1.);
#8429 = DIRECTION('',(-1.,0.));
#8430 = ( GEOMETRIC_REPRESENTATION_CONTEXT(2) 
PARAMETRIC_REPRESENTATION_CONTEXT() REPRESENTATION_CONTEXT('2D SPACE',''
  ) );
#8431 = ORIENTED_EDGE('',*,*,#8432,.T.);
#8432 = EDGE_CURVE('',#8404,#8433,#8435,.T.);
#8433 = VERTEX_POINT('',#8434);
#8434 = CARTESIAN_POINT('',(-15.91657851798,6.3192907284,0.));
#8435 = SURFACE_CURVE('',#8436,(#8455,#8477),.PCURVE_S1.);
#8436 = B_SPLINE_CURVE_WITH_KNOTS('',3,(#8437,#8438,#8439,#8440,#8441,
    #8442,#8443,#8444,#8445,#8446,#8447,#8448,#8449,#8450,#8451,#8452,
    #8453,#8454),.UNSPECIFIED.,.F.,.F.,(4,1,1,1,1,1,1,1,1,1,1,1,1,1,1,4)
  ,(0.,0.285797000255,0.55469417333,0.806691519253,1.04178903806,
    1.259986729795,1.461284594512,1.645682632279,1.813180843187,
    1.963779227357,2.097477784955,2.214276516218,2.314175421508,
    2.397174501402,2.463273756923,2.512473190149),.UNSPECIFIED.);
#8437 = CARTESIAN_POINT('',(-17.742485359,8.017799778329,0.));
#8438 = CARTESIAN_POINT('',(-17.68518713426,7.941692694506,0.));
#8439 = CARTESIAN_POINT('',(-17.57173433871,7.795646357266,0.));
#8440 = CARTESIAN_POINT('',(-17.40013836544,7.588564168466,0.));
#8441 = CARTESIAN_POINT('',(-17.23331053907,7.399640001295,0.));
#8442 = CARTESIAN_POINT('',(-17.07220974786,7.228363834731,0.));
#8443 = CARTESIAN_POINT('',(-16.91777025279,7.074174453132,0.));
#8444 = CARTESIAN_POINT('',(-16.770895543,6.936471922385,0.));
#8445 = CARTESIAN_POINT('',(-16.63245776531,6.81461624686,0.));
#8446 = CARTESIAN_POINT('',(-16.50329591681,6.707929336462,0.));
#8447 = CARTESIAN_POINT('',(-16.38421426966,6.615696594977,0.));
#8448 = CARTESIAN_POINT('',(-16.27598124008,6.537167596255,0.));
#8449 = CARTESIAN_POINT('',(-16.17932689028,6.471560416171,0.));
#8450 = CARTESIAN_POINT('',(-16.09494490235,6.418054908465,0.));
#8451 = CARTESIAN_POINT('',(-16.02348150825,6.375819067917,0.));
#8452 = CARTESIAN_POINT('',(-15.9655617549,6.343941523709,0.));
#8453 = CARTESIAN_POINT('',(-15.93131064126,6.326502169503,0.));
#8454 = CARTESIAN_POINT('',(-15.91657851798,6.3192907284,0.));
#8455 = PCURVE('',#4222,#8456);
#8456 = DEFINITIONAL_REPRESENTATION('',(#8457),#8476);
#8457 = B_SPLINE_CURVE_WITH_KNOTS('',3,(#8458,#8459,#8460,#8461,#8462,
    #8463,#8464,#8465,#8466,#8467,#8468,#8469,#8470,#8471,#8472,#8473,
    #8474,#8475),.UNSPECIFIED.,.F.,.F.,(4,1,1,1,1,1,1,1,1,1,1,1,1,1,1,4)
  ,(0.,0.285797000255,0.55469417333,0.806691519253,1.04178903806,
    1.259986729795,1.461284594512,1.645682632279,1.813180843187,
    1.963779227357,2.097477784955,2.214276516218,2.314175421508,
    2.397174501402,2.463273756923,2.512473190149),.UNSPECIFIED.);
#8458 = CARTESIAN_POINT('',(-17.742485359,8.017799778329));
#8459 = CARTESIAN_POINT('',(-17.68518713426,7.941692694506));
#8460 = CARTESIAN_POINT('',(-17.57173433871,7.795646357266));
#8461 = CARTESIAN_POINT('',(-17.40013836544,7.588564168466));
#8462 = CARTESIAN_POINT('',(-17.23331053907,7.399640001295));
#8463 = CARTESIAN_POINT('',(-17.07220974786,7.228363834731));
#8464 = CARTESIAN_POINT('',(-16.91777025279,7.074174453132));
#8465 = CARTESIAN_POINT('',(-16.770895543,6.936471922385));
#8466 = CARTESIAN_POINT('',(-16.63245776531,6.81461624686));
#8467 = CARTESIAN_POINT('',(-16.50329591681,6.707929336462));
#8468 = CARTESIAN_POINT('',(-16.38421426966,6.615696594977));
#8469 = CARTESIAN_POINT('',(-16.27598124008,6.537167596255));
#8470 = CARTESIAN_POINT('',(-16.17932689028,6.471560416171));
#8471 = CARTESIAN_POINT('',(-16.09494490235,6.418054908465));
#8472 = CARTESIAN_POINT('',(-16.02348150825,6.375819067917));
#8473 = CARTESIAN_POINT('',(-15.9655617549,6.343941523709));
#8474 = CARTESIAN_POINT('',(-15.93131064126,6.326502169503));
#8475 = CARTESIAN_POINT('',(-15.91657851798,6.3192907284));
#8476 = ( GEOMETRIC_REPRESENTATION_CONTEXT(2) 
PARAMETRIC_REPRESENTATION_CONTEXT() REPRESENTATION_CONTEXT('2D SPACE',''
  ) );
#8477 = PCURVE('',#8478,#8500);
#8478 = SURFACE_OF_LINEAR_EXTRUSION('',#8479,#8498);
#8479 = B_SPLINE_CURVE_WITH_KNOTS('',3,(#8480,#8481,#8482,#8483,#8484,
    #8485,#8486,#8487,#8488,#8489,#8490,#8491,#8492,#8493,#8494,#8495,
    #8496,#8497),.UNSPECIFIED.,.F.,.F.,(4,1,1,1,1,1,1,1,1,1,1,1,1,1,1,4)
  ,(0.,0.285797000255,0.55469417333,0.806691519253,1.04178903806,
    1.259986729795,1.461284594512,1.645682632279,1.813180843187,
    1.963779227357,2.097477784955,2.214276516218,2.314175421508,
    2.397174501402,2.463273756923,2.512473190149),.UNSPECIFIED.);
#8480 = CARTESIAN_POINT('',(-17.742485359,8.017799778329,0.));
#8481 = CARTESIAN_POINT('',(-17.68518713426,7.941692694506,0.));
#8482 = CARTESIAN_POINT('',(-17.57173433871,7.795646357266,0.));
#8483 = CARTESIAN_POINT('',(-17.40013836544,7.588564168466,0.));
#8484 = CARTESIAN_POINT('',(-17.23331053907,7.399640001295,0.));
#8485 = CARTESIAN_POINT('',(-17.07220974786,7.228363834731,0.));
#8486 = CARTESIAN_POINT('',(-16.91777025279,7.074174453132,0.));
#8487 = CARTESIAN_POINT('',(-16.770895543,6.936471922385,0.));
#8488 = CARTESIAN_POINT('',(-16.63245776531,6.81461624686,0.));
#8489 = CARTESIAN_POINT('',(-16.50329591681,6.707929336462,0.));
#8490 = CARTESIAN_POINT('',(-16.38421426966,6.615696594977,0.));
#8491 = CARTESIAN_POINT('',(-16.27598124008,6.537167596255,0.));
#8492 = CARTESIAN_POINT('',(-16.17932689028,6.471560416171,0.));
#8493 = CARTESIAN_POINT('',(-16.09494490235,6.418054908465,0.));
#8494 = CARTESIAN_POINT('',(-16.02348150825,6.375819067917,0.));
#8495 = CARTESIAN_POINT('',(-15.9655617549,6.343941523709,0.));
#8496 = CARTESIAN_POINT('',(-15.93131064126,6.326502169503,0.));
#8497 = CARTESIAN_POINT('',(-15.91657851798,6.3192907284,0.));
#8498 = VECTOR('',#8499,1.);
#8499 = DIRECTION('',(0.,0.,-1.));
#8500 = DEFINITIONAL_REPRESENTATION('',(#8501),#8505);
#8501 = LINE('',#8502,#8503);
#8502 = CARTESIAN_POINT('',(0.,0.));
#8503 = VECTOR('',#8504,1.);
#8504 = DIRECTION('',(1.,0.));
#8505 = ( GEOMETRIC_REPRESENTATION_CONTEXT(2) 
PARAMETRIC_REPRESENTATION_CONTEXT() REPRESENTATION_CONTEXT('2D SPACE',''
  ) );
#8506 = ORIENTED_EDGE('',*,*,#8507,.T.);
#8507 = EDGE_CURVE('',#8433,#8508,#8510,.T.);
#8508 = VERTEX_POINT('',#8509);
#8509 = CARTESIAN_POINT('',(-15.66582906095,5.698932763138,0.));
#8510 = SURFACE_CURVE('',#8511,(#8516,#8527),.PCURVE_S1.);
#8511 = CIRCLE('',#8512,0.500000000072);
#8512 = AXIS2_PLACEMENT_3D('',#8513,#8514,#8515);
#8513 = CARTESIAN_POINT('',(-16.1357039247,5.869864364911,0.));
#8514 = DIRECTION('',(0.,0.,-1.));
#8515 = DIRECTION('',(0.438250813387,0.89885272685,0.));
#8516 = PCURVE('',#4222,#8517);
#8517 = DEFINITIONAL_REPRESENTATION('',(#8518),#8526);
#8518 = ( BOUNDED_CURVE() B_SPLINE_CURVE(2,(#8519,#8520,#8521,#8522,
#8523,#8524,#8525),.UNSPECIFIED.,.T.,.F.) B_SPLINE_CURVE_WITH_KNOTS((1,2
    ,2,2,2,1),(-2.094395102393,0.,2.094395102393,4.188790204786,
6.28318530718,8.377580409573),.UNSPECIFIED.) CURVE() 
GEOMETRIC_REPRESENTATION_ITEM() RATIONAL_B_SPLINE_CURVE((1.,0.5,1.,0.5,
1.,0.5,1.)) REPRESENTATION_ITEM('') );
#8519 = CARTESIAN_POINT('',(-15.91657851798,6.3192907284));
#8520 = CARTESIAN_POINT('',(-15.13814922215,5.939754390724));
#8521 = CARTESIAN_POINT('',(-15.85605198015,5.455383014328));
#8522 = CARTESIAN_POINT('',(-16.57395473815,4.971011637932));
#8523 = CARTESIAN_POINT('',(-16.63448127598,5.834919352004));
#8524 = CARTESIAN_POINT('',(-16.6950078138,6.698827066077));
#8525 = CARTESIAN_POINT('',(-15.91657851798,6.3192907284));
#8526 = ( GEOMETRIC_REPRESENTATION_CONTEXT(2) 
PARAMETRIC_REPRESENTATION_CONTEXT() REPRESENTATION_CONTEXT('2D SPACE',''
  ) );
#8527 = PCURVE('',#8528,#8533);
#8528 = CYLINDRICAL_SURFACE('',#8529,0.500000000072);
#8529 = AXIS2_PLACEMENT_3D('',#8530,#8531,#8532);
#8530 = CARTESIAN_POINT('',(-16.1357039247,5.869864364911,0.));
#8531 = DIRECTION('',(0.,0.,-1.));
#8532 = DIRECTION('',(0.438250813387,0.89885272685,0.));
#8533 = DEFINITIONAL_REPRESENTATION('',(#8534),#8538);
#8534 = LINE('',#8535,#8536);
#8535 = CARTESIAN_POINT('',(0.,0.));
#8536 = VECTOR('',#8537,1.);
#8537 = DIRECTION('',(1.,0.));
#8538 = ( GEOMETRIC_REPRESENTATION_CONTEXT(2) 
PARAMETRIC_REPRESENTATION_CONTEXT() REPRESENTATION_CONTEXT('2D SPACE',''
  ) );
#8539 = ORIENTED_EDGE('',*,*,#8540,.T.);
#8540 = EDGE_CURVE('',#8508,#8541,#8543,.T.);
#8541 = VERTEX_POINT('',#8542);
#8542 = CARTESIAN_POINT('',(-15.80126481811,5.311879606477,0.));
#8543 = SURFACE_CURVE('',#8544,(#8549,#8556),.PCURVE_S1.);
#8544 = CIRCLE('',#8545,16.670214000024);
#8545 = AXIS2_PLACEMENT_3D('',#8546,#8547,#8548);
#8546 = CARTESIAN_POINT('',(2.237499074909E-11,-7.888356634567E-12,0.));
#8547 = DIRECTION('',(0.,0.,1.));
#8548 = DIRECTION('',(-0.939749727325,0.341863203624,0.));
#8549 = PCURVE('',#4222,#8550);
#8550 = DEFINITIONAL_REPRESENTATION('',(#8551),#8555);
#8551 = CIRCLE('',#8552,16.670214000024);
#8552 = AXIS2_PLACEMENT_2D('',#8553,#8554);
#8553 = CARTESIAN_POINT('',(2.238142045149E-11,-7.897256744923E-12));
#8554 = DIRECTION('',(-0.939749727325,0.341863203624));
#8555 = ( GEOMETRIC_REPRESENTATION_CONTEXT(2) 
PARAMETRIC_REPRESENTATION_CONTEXT() REPRESENTATION_CONTEXT('2D SPACE',''
  ) );
#8556 = PCURVE('',#8557,#8562);
#8557 = CYLINDRICAL_SURFACE('',#8558,16.670214000024);
#8558 = AXIS2_PLACEMENT_3D('',#8559,#8560,#8561);
#8559 = CARTESIAN_POINT('',(2.237499074909E-11,-7.888356634567E-12,0.));
#8560 = DIRECTION('',(0.,0.,-1.));
#8561 = DIRECTION('',(-0.939749727325,0.341863203624,0.));
#8562 = DEFINITIONAL_REPRESENTATION('',(#8563),#8567);
#8563 = LINE('',#8564,#8565);
#8564 = CARTESIAN_POINT('',(0.,0.));
#8565 = VECTOR('',#8566,1.);
#8566 = DIRECTION('',(-1.,0.));
#8567 = ( GEOMETRIC_REPRESENTATION_CONTEXT(2) 
PARAMETRIC_REPRESENTATION_CONTEXT() REPRESENTATION_CONTEXT('2D SPACE',''
  ) );
#8568 = ORIENTED_EDGE('',*,*,#8569,.T.);
#8569 = EDGE_CURVE('',#8541,#8570,#8572,.T.);
#8570 = VERTEX_POINT('',#8571);
#8571 = CARTESIAN_POINT('',(-16.38409550267,4.983203948114,0.));
#8572 = SURFACE_CURVE('',#8573,(#8578,#8589),.PCURVE_S1.);
#8573 = CIRCLE('',#8574,0.500000000072);
#8574 = AXIS2_PLACEMENT_3D('',#8575,#8576,#8577);
#8575 = CARTESIAN_POINT('',(-16.27520188993,5.471202084562,0.));
#8576 = DIRECTION('',(0.,0.,-1.));
#8577 = DIRECTION('',(0.94787414351,-0.318644956126,0.));
#8578 = PCURVE('',#4222,#8579);
#8579 = DEFINITIONAL_REPRESENTATION('',(#8580),#8588);
#8580 = ( BOUNDED_CURVE() B_SPLINE_CURVE(2,(#8581,#8582,#8583,#8584,
#8585,#8586,#8587),.UNSPECIFIED.,.T.,.F.) B_SPLINE_CURVE_WITH_KNOTS((1,2
    ,2,2,2,1),(-2.094395102393,0.,2.094395102393,4.188790204786,
6.28318530718,8.377580409573),.UNSPECIFIED.) CURVE() 
GEOMETRIC_REPRESENTATION_ITEM() RATIONAL_B_SPLINE_CURVE((1.,0.5,1.,0.5,
1.,0.5,1.)) REPRESENTATION_ITEM('') );
#8581 = CARTESIAN_POINT('',(-15.80126481811,5.311879606477));
#8582 = CARTESIAN_POINT('',(-16.07721944494,4.490996518489));
#8583 = CARTESIAN_POINT('',(-16.65014773926,5.140421779611));
#8584 = CARTESIAN_POINT('',(-17.22307603358,5.789847040734));
#8585 = CARTESIAN_POINT('',(-16.37419311243,5.961304867599));
#8586 = CARTESIAN_POINT('',(-15.52531019127,6.132762694465));
#8587 = CARTESIAN_POINT('',(-15.80126481811,5.311879606477));
#8588 = ( GEOMETRIC_REPRESENTATION_CONTEXT(2) 
PARAMETRIC_REPRESENTATION_CONTEXT() REPRESENTATION_CONTEXT('2D SPACE',''
  ) );
#8589 = PCURVE('',#8590,#8595);
#8590 = CYLINDRICAL_SURFACE('',#8591,0.500000000072);
#8591 = AXIS2_PLACEMENT_3D('',#8592,#8593,#8594);
#8592 = CARTESIAN_POINT('',(-16.27520188993,5.471202084562,0.));
#8593 = DIRECTION('',(0.,0.,-1.));
#8594 = DIRECTION('',(0.94787414351,-0.318644956126,0.));
#8595 = DEFINITIONAL_REPRESENTATION('',(#8596),#8600);
#8596 = LINE('',#8597,#8598);
#8597 = CARTESIAN_POINT('',(0.,0.));
#8598 = VECTOR('',#8599,1.);
#8599 = DIRECTION('',(1.,0.));
#8600 = ( GEOMETRIC_REPRESENTATION_CONTEXT(2) 
PARAMETRIC_REPRESENTATION_CONTEXT() REPRESENTATION_CONTEXT('2D SPACE',''
  ) );
#8601 = ORIENTED_EDGE('',*,*,#8602,.T.);
#8602 = EDGE_CURVE('',#8570,#8603,#8605,.T.);
#8603 = VERTEX_POINT('',#8604);
#8604 = CARTESIAN_POINT('',(-18.87065002603,4.793690394147,0.));
#8605 = SURFACE_CURVE('',#8606,(#8625,#8647),.PCURVE_S1.);
#8606 = B_SPLINE_CURVE_WITH_KNOTS('',3,(#8607,#8608,#8609,#8610,#8611,
    #8612,#8613,#8614,#8615,#8616,#8617,#8618,#8619,#8620,#8621,#8622,
    #8623,#8624),.UNSPECIFIED.,.F.,.F.,(4,1,1,1,1,1,1,1,1,1,1,1,1,1,1,4)
  ,(0.,4.919943322603E-02,0.115298688747,0.198297768641,0.298196673931,
    0.414995405195,0.548693962792,0.699292346962,0.86679055787,
    1.051188595638,1.252486460354,1.470684152089,1.705781670896,
    1.95777901682,2.226676189894,2.512473190149),.UNSPECIFIED.);
#8607 = CARTESIAN_POINT('',(-16.38409550267,4.983203948114,0.));
#8608 = CARTESIAN_POINT('',(-16.40010980044,4.986751145054,0.));
#8609 = CARTESIAN_POINT('',(-16.43776165889,4.994471728956,0.));
#8610 = CARTESIAN_POINT('',(-16.50292046924,5.005661236853,0.));
#8611 = CARTESIAN_POINT('',(-16.58512641644,5.017196624449,0.));
#8612 = CARTESIAN_POINT('',(-16.68445904956,5.027975642974,0.));
#8613 = CARTESIAN_POINT('',(-16.80093187086,5.036944885514,0.));
#8614 = CARTESIAN_POINT('',(-16.93451389068,5.043030632195,0.));
#8615 = CARTESIAN_POINT('',(-17.08512184512,5.045166363772,0.));
#8616 = CARTESIAN_POINT('',(-17.25262284524,5.042286273786,0.));
#8617 = CARTESIAN_POINT('',(-17.43683362919,5.033330212927,0.));
#8618 = CARTESIAN_POINT('',(-17.63752102488,5.017244922874,0.));
#8619 = CARTESIAN_POINT('',(-17.85440219126,4.992986260264,0.));
#8620 = CARTESIAN_POINT('',(-18.08714480482,4.959521861433,0.));
#8621 = CARTESIAN_POINT('',(-18.33536834319,4.915830448147,0.));
#8622 = CARTESIAN_POINT('',(-18.59864111022,4.860915412863,0.));
#8623 = CARTESIAN_POINT('',(-18.77840047942,4.817468449526,0.));
#8624 = CARTESIAN_POINT('',(-18.87065002603,4.793690394147,0.));
#8625 = PCURVE('',#4222,#8626);
#8626 = DEFINITIONAL_REPRESENTATION('',(#8627),#8646);
#8627 = B_SPLINE_CURVE_WITH_KNOTS('',3,(#8628,#8629,#8630,#8631,#8632,
    #8633,#8634,#8635,#8636,#8637,#8638,#8639,#8640,#8641,#8642,#8643,
    #8644,#8645),.UNSPECIFIED.,.F.,.F.,(4,1,1,1,1,1,1,1,1,1,1,1,1,1,1,4)
  ,(0.,4.919943322603E-02,0.115298688747,0.198297768641,0.298196673931,
    0.414995405195,0.548693962792,0.699292346962,0.86679055787,
    1.051188595638,1.252486460354,1.470684152089,1.705781670896,
    1.95777901682,2.226676189894,2.512473190149),.UNSPECIFIED.);
#8628 = CARTESIAN_POINT('',(-16.38409550267,4.983203948114));
#8629 = CARTESIAN_POINT('',(-16.40010980044,4.986751145054));
#8630 = CARTESIAN_POINT('',(-16.43776165889,4.994471728956));
#8631 = CARTESIAN_POINT('',(-16.50292046924,5.005661236853));
#8632 = CARTESIAN_POINT('',(-16.58512641644,5.017196624449));
#8633 = CARTESIAN_POINT('',(-16.68445904956,5.027975642974));
#8634 = CARTESIAN_POINT('',(-16.80093187086,5.036944885514));
#8635 = CARTESIAN_POINT('',(-16.93451389068,5.043030632195));
#8636 = CARTESIAN_POINT('',(-17.08512184512,5.045166363772));
#8637 = CARTESIAN_POINT('',(-17.25262284524,5.042286273786));
#8638 = CARTESIAN_POINT('',(-17.43683362919,5.033330212927));
#8639 = CARTESIAN_POINT('',(-17.63752102488,5.017244922874));
#8640 = CARTESIAN_POINT('',(-17.85440219126,4.992986260264));
#8641 = CARTESIAN_POINT('',(-18.08714480482,4.959521861433));
#8642 = CARTESIAN_POINT('',(-18.33536834319,4.915830448147));
#8643 = CARTESIAN_POINT('',(-18.59864111022,4.860915412863));
#8644 = CARTESIAN_POINT('',(-18.77840047942,4.817468449526));
#8645 = CARTESIAN_POINT('',(-18.87065002603,4.793690394147));
#8646 = ( GEOMETRIC_REPRESENTATION_CONTEXT(2) 
PARAMETRIC_REPRESENTATION_CONTEXT() REPRESENTATION_CONTEXT('2D SPACE',''
  ) );
#8647 = PCURVE('',#8648,#8670);
#8648 = SURFACE_OF_LINEAR_EXTRUSION('',#8649,#8668);
#8649 = B_SPLINE_CURVE_WITH_KNOTS('',3,(#8650,#8651,#8652,#8653,#8654,
    #8655,#8656,#8657,#8658,#8659,#8660,#8661,#8662,#8663,#8664,#8665,
    #8666,#8667),.UNSPECIFIED.,.F.,.F.,(4,1,1,1,1,1,1,1,1,1,1,1,1,1,1,4)
  ,(0.,4.919943322603E-02,0.115298688747,0.198297768641,0.298196673931,
    0.414995405195,0.548693962792,0.699292346962,0.86679055787,
    1.051188595638,1.252486460354,1.470684152089,1.705781670896,
    1.95777901682,2.226676189894,2.512473190149),.UNSPECIFIED.);
#8650 = CARTESIAN_POINT('',(-16.38409550267,4.983203948114,0.));
#8651 = CARTESIAN_POINT('',(-16.40010980044,4.986751145054,0.));
#8652 = CARTESIAN_POINT('',(-16.43776165889,4.994471728956,0.));
#8653 = CARTESIAN_POINT('',(-16.50292046924,5.005661236853,0.));
#8654 = CARTESIAN_POINT('',(-16.58512641644,5.017196624449,0.));
#8655 = CARTESIAN_POINT('',(-16.68445904956,5.027975642974,0.));
#8656 = CARTESIAN_POINT('',(-16.80093187086,5.036944885514,0.));
#8657 = CARTESIAN_POINT('',(-16.93451389068,5.043030632195,0.));
#8658 = CARTESIAN_POINT('',(-17.08512184512,5.045166363772,0.));
#8659 = CARTESIAN_POINT('',(-17.25262284524,5.042286273786,0.));
#8660 = CARTESIAN_POINT('',(-17.43683362919,5.033330212927,0.));
#8661 = CARTESIAN_POINT('',(-17.63752102488,5.017244922874,0.));
#8662 = CARTESIAN_POINT('',(-17.85440219126,4.992986260264,0.));
#8663 = CARTESIAN_POINT('',(-18.08714480482,4.959521861433,0.));
#8664 = CARTESIAN_POINT('',(-18.33536834319,4.915830448147,0.));
#8665 = CARTESIAN_POINT('',(-18.59864111022,4.860915412863,0.));
#8666 = CARTESIAN_POINT('',(-18.77840047942,4.817468449526,0.));
#8667 = CARTESIAN_POINT('',(-18.87065002603,4.793690394147,0.));
#8668 = VECTOR('',#8669,1.);
#8669 = DIRECTION('',(0.,0.,-1.));
#8670 = DEFINITIONAL_REPRESENTATION('',(#8671),#8675);
#8671 = LINE('',#8672,#8673);
#8672 = CARTESIAN_POINT('',(0.,0.));
#8673 = VECTOR('',#8674,1.);
#8674 = DIRECTION('',(1.,0.));
#8675 = ( GEOMETRIC_REPRESENTATION_CONTEXT(2) 
PARAMETRIC_REPRESENTATION_CONTEXT() REPRESENTATION_CONTEXT('2D SPACE',''
  ) );
#8676 = ORIENTED_EDGE('',*,*,#8677,.T.);
#8677 = EDGE_CURVE('',#8603,#8678,#8680,.T.);
#8678 = VERTEX_POINT('',#8679);
#8679 = CARTESIAN_POINT('',(-19.08177250292,3.868702385385,0.));
#8680 = SURFACE_CURVE('',#8681,(#8686,#8693),.PCURVE_S1.);
#8681 = CIRCLE('',#8682,19.470000000003);
#8682 = AXIS2_PLACEMENT_3D('',#8683,#8684,#8685);
#8683 = CARTESIAN_POINT('',(2.868816295631E-12,-6.430411758629E-13,0.));
#8684 = DIRECTION('',(0.,0.,1.));
#8685 = DIRECTION('',(-0.969216745045,0.246209059792,0.));
#8686 = PCURVE('',#4222,#8687);
#8687 = DEFINITIONAL_REPRESENTATION('',(#8688),#8692);
#8688 = CIRCLE('',#8689,19.470000000003);
#8689 = AXIS2_PLACEMENT_2D('',#8690,#8691);
#8690 = CARTESIAN_POINT('',(2.875245998036E-12,-6.519412862189E-13));
#8691 = DIRECTION('',(-0.969216745045,0.246209059792));
#8692 = ( GEOMETRIC_REPRESENTATION_CONTEXT(2) 
PARAMETRIC_REPRESENTATION_CONTEXT() REPRESENTATION_CONTEXT('2D SPACE',''
  ) );
#8693 = PCURVE('',#8694,#8699);
#8694 = CYLINDRICAL_SURFACE('',#8695,19.470000000003);
#8695 = AXIS2_PLACEMENT_3D('',#8696,#8697,#8698);
#8696 = CARTESIAN_POINT('',(2.868816295631E-12,-6.430411758629E-13,0.));
#8697 = DIRECTION('',(0.,0.,-1.));
#8698 = DIRECTION('',(-0.969216745045,0.246209059792,0.));
#8699 = DEFINITIONAL_REPRESENTATION('',(#8700),#8704);
#8700 = LINE('',#8701,#8702);
#8701 = CARTESIAN_POINT('',(0.,0.));
#8702 = VECTOR('',#8703,1.);
#8703 = DIRECTION('',(-1.,0.));
#8704 = ( GEOMETRIC_REPRESENTATION_CONTEXT(2) 
PARAMETRIC_REPRESENTATION_CONTEXT() REPRESENTATION_CONTEXT('2D SPACE',''
  ) );
#8705 = ORIENTED_EDGE('',*,*,#8706,.T.);
#8706 = EDGE_CURVE('',#8678,#8707,#8709,.T.);
#8707 = VERTEX_POINT('',#8708);
#8708 = CARTESIAN_POINT('',(-16.92369113844,2.619080999099,0.));
#8709 = SURFACE_CURVE('',#8710,(#8729,#8751),.PCURVE_S1.);
#8710 = B_SPLINE_CURVE_WITH_KNOTS('',3,(#8711,#8712,#8713,#8714,#8715,
    #8716,#8717,#8718,#8719,#8720,#8721,#8722,#8723,#8724,#8725,#8726,
    #8727,#8728),.UNSPECIFIED.,.F.,.F.,(4,1,1,1,1,1,1,1,1,1,1,1,1,1,1,4)
  ,(0.,0.285797000255,0.55469417333,0.806691519253,1.04178903806,
    1.259986729795,1.461284594512,1.645682632279,1.813180843187,
    1.963779227357,2.097477784955,2.214276516218,2.314175421508,
    2.397174501402,2.463273756923,2.512473190149),.UNSPECIFIED.);
#8711 = CARTESIAN_POINT('',(-19.08177250292,3.868702385385,0.));
#8712 = CARTESIAN_POINT('',(-19.00897544492,3.807253519536,0.));
#8713 = CARTESIAN_POINT('',(-18.86586878047,3.690114490914,0.));
#8714 = CARTESIAN_POINT('',(-18.65249495444,3.526407981174,0.));
#8715 = CARTESIAN_POINT('',(-18.44781026786,3.379343221047,0.));
#8716 = CARTESIAN_POINT('',(-18.2526360773,3.248209604091,0.));
#8717 = CARTESIAN_POINT('',(-18.0677583376,3.132252092892,0.));
#8718 = CARTESIAN_POINT('',(-17.89392438769,3.030684749685,0.));
#8719 = CARTESIAN_POINT('',(-17.73184209539,2.942689553945,0.));
#8720 = CARTESIAN_POINT('',(-17.58217853315,2.867418722294,0.));
#8721 = CARTESIAN_POINT('',(-17.44555879575,2.803996607543,0.));
#8722 = CARTESIAN_POINT('',(-17.32256504805,2.751520609601,0.));
#8723 = CARTESIAN_POINT('',(-17.21373505361,2.709065954686,0.));
#8724 = CARTESIAN_POINT('',(-17.11956260274,2.675678700531,0.));
#8725 = CARTESIAN_POINT('',(-17.04049258645,2.650403901884,0.));
#8726 = CARTESIAN_POINT('',(-16.97693158133,2.632213951875,0.));
#8727 = CARTESIAN_POINT('',(-16.93965859324,2.622833428484,0.));
#8728 = CARTESIAN_POINT('',(-16.92369113844,2.619080999099,0.));
#8729 = PCURVE('',#4222,#8730);
#8730 = DEFINITIONAL_REPRESENTATION('',(#8731),#8750);
#8731 = B_SPLINE_CURVE_WITH_KNOTS('',3,(#8732,#8733,#8734,#8735,#8736,
    #8737,#8738,#8739,#8740,#8741,#8742,#8743,#8744,#8745,#8746,#8747,
    #8748,#8749),.UNSPECIFIED.,.F.,.F.,(4,1,1,1,1,1,1,1,1,1,1,1,1,1,1,4)
  ,(0.,0.285797000255,0.55469417333,0.806691519253,1.04178903806,
    1.259986729795,1.461284594512,1.645682632279,1.813180843187,
    1.963779227357,2.097477784955,2.214276516218,2.314175421508,
    2.397174501402,2.463273756923,2.512473190149),.UNSPECIFIED.);
#8732 = CARTESIAN_POINT('',(-19.08177250292,3.868702385385));
#8733 = CARTESIAN_POINT('',(-19.00897544492,3.807253519536));
#8734 = CARTESIAN_POINT('',(-18.86586878047,3.690114490914));
#8735 = CARTESIAN_POINT('',(-18.65249495444,3.526407981174));
#8736 = CARTESIAN_POINT('',(-18.44781026786,3.379343221047));
#8737 = CARTESIAN_POINT('',(-18.2526360773,3.248209604091));
#8738 = CARTESIAN_POINT('',(-18.0677583376,3.132252092892));
#8739 = CARTESIAN_POINT('',(-17.89392438769,3.030684749685));
#8740 = CARTESIAN_POINT('',(-17.73184209539,2.942689553945));
#8741 = CARTESIAN_POINT('',(-17.58217853315,2.867418722294));
#8742 = CARTESIAN_POINT('',(-17.44555879575,2.803996607543));
#8743 = CARTESIAN_POINT('',(-17.32256504805,2.751520609601));
#8744 = CARTESIAN_POINT('',(-17.21373505361,2.709065954686));
#8745 = CARTESIAN_POINT('',(-17.11956260274,2.675678700531));
#8746 = CARTESIAN_POINT('',(-17.04049258645,2.650403901884));
#8747 = CARTESIAN_POINT('',(-16.97693158133,2.632213951875));
#8748 = CARTESIAN_POINT('',(-16.93965859324,2.622833428484));
#8749 = CARTESIAN_POINT('',(-16.92369113844,2.619080999099));
#8750 = ( GEOMETRIC_REPRESENTATION_CONTEXT(2) 
PARAMETRIC_REPRESENTATION_CONTEXT() REPRESENTATION_CONTEXT('2D SPACE',''
  ) );
#8751 = PCURVE('',#8752,#8774);
#8752 = SURFACE_OF_LINEAR_EXTRUSION('',#8753,#8772);
#8753 = B_SPLINE_CURVE_WITH_KNOTS('',3,(#8754,#8755,#8756,#8757,#8758,
    #8759,#8760,#8761,#8762,#8763,#8764,#8765,#8766,#8767,#8768,#8769,
    #8770,#8771),.UNSPECIFIED.,.F.,.F.,(4,1,1,1,1,1,1,1,1,1,1,1,1,1,1,4)
  ,(0.,0.285797000255,0.55469417333,0.806691519253,1.04178903806,
    1.259986729795,1.461284594512,1.645682632279,1.813180843187,
    1.963779227357,2.097477784955,2.214276516218,2.314175421508,
    2.397174501402,2.463273756923,2.512473190149),.UNSPECIFIED.);
#8754 = CARTESIAN_POINT('',(-19.08177250292,3.868702385385,0.));
#8755 = CARTESIAN_POINT('',(-19.00897544492,3.807253519536,0.));
#8756 = CARTESIAN_POINT('',(-18.86586878047,3.690114490914,0.));
#8757 = CARTESIAN_POINT('',(-18.65249495444,3.526407981174,0.));
#8758 = CARTESIAN_POINT('',(-18.44781026786,3.379343221047,0.));
#8759 = CARTESIAN_POINT('',(-18.2526360773,3.248209604091,0.));
#8760 = CARTESIAN_POINT('',(-18.0677583376,3.132252092892,0.));
#8761 = CARTESIAN_POINT('',(-17.89392438769,3.030684749685,0.));
#8762 = CARTESIAN_POINT('',(-17.73184209539,2.942689553945,0.));
#8763 = CARTESIAN_POINT('',(-17.58217853315,2.867418722294,0.));
#8764 = CARTESIAN_POINT('',(-17.44555879575,2.803996607543,0.));
#8765 = CARTESIAN_POINT('',(-17.32256504805,2.751520609601,0.));
#8766 = CARTESIAN_POINT('',(-17.21373505361,2.709065954686,0.));
#8767 = CARTESIAN_POINT('',(-17.11956260274,2.675678700531,0.));
#8768 = CARTESIAN_POINT('',(-17.04049258645,2.650403901884,0.));
#8769 = CARTESIAN_POINT('',(-16.97693158133,2.632213951875,0.));
#8770 = CARTESIAN_POINT('',(-16.93965859324,2.622833428484,0.));
#8771 = CARTESIAN_POINT('',(-16.92369113844,2.619080999099,0.));
#8772 = VECTOR('',#8773,1.);
#8773 = DIRECTION('',(0.,0.,-1.));
#8774 = DEFINITIONAL_REPRESENTATION('',(#8775),#8779);
#8775 = LINE('',#8776,#8777);
#8776 = CARTESIAN_POINT('',(0.,0.));
#8777 = VECTOR('',#8778,1.);
#8778 = DIRECTION('',(1.,0.));
#8779 = ( GEOMETRIC_REPRESENTATION_CONTEXT(2) 
PARAMETRIC_REPRESENTATION_CONTEXT() REPRESENTATION_CONTEXT('2D SPACE',''
  ) );
#8780 = ORIENTED_EDGE('',*,*,#8781,.T.);
#8781 = EDGE_CURVE('',#8707,#4242,#8782,.T.);
#8782 = SURFACE_CURVE('',#8783,(#8788,#8799),.PCURVE_S1.);
#8783 = CIRCLE('',#8784,0.500000000072);
#8784 = AXIS2_PLACEMENT_3D('',#8785,#8786,#8787);
#8785 = CARTESIAN_POINT('',(-17.03731583957,2.132162702704,0.));
#8786 = DIRECTION('',(0.,0.,-1.));
#8787 = DIRECTION('',(0.227249402239,0.973836592649,0.));
#8788 = PCURVE('',#4222,#8789);
#8789 = DEFINITIONAL_REPRESENTATION('',(#8790),#8798);
#8790 = ( BOUNDED_CURVE() B_SPLINE_CURVE(2,(#8791,#8792,#8793,#8794,
#8795,#8796,#8797),.UNSPECIFIED.,.T.,.F.) B_SPLINE_CURVE_WITH_KNOTS((1,2
    ,2,2,2,1),(-2.094395102393,0.,2.094395102393,4.188790204786,
6.28318530718,8.377580409573),.UNSPECIFIED.) CURVE() 
GEOMETRIC_REPRESENTATION_ITEM() RATIONAL_B_SPLINE_CURVE((1.,0.5,1.,0.5,
1.,0.5,1.)) REPRESENTATION_ITEM('') );
#8791 = CARTESIAN_POINT('',(-16.92369113844,2.619080999099));
#8792 = CARTESIAN_POINT('',(-16.08032390995,2.422277243736));
#8793 = CARTESIAN_POINT('',(-16.67244457589,1.790301676826));
#8794 = CARTESIAN_POINT('',(-17.26456524184,1.158326109916));
#8795 = CARTESIAN_POINT('',(-17.51581180438,1.987105432189));
#8796 = CARTESIAN_POINT('',(-17.76705836692,2.815884754461));
#8797 = CARTESIAN_POINT('',(-16.92369113844,2.619080999099));
#8798 = ( GEOMETRIC_REPRESENTATION_CONTEXT(2) 
PARAMETRIC_REPRESENTATION_CONTEXT() REPRESENTATION_CONTEXT('2D SPACE',''
  ) );
#8799 = PCURVE('',#4259,#8800);
#8800 = DEFINITIONAL_REPRESENTATION('',(#8801),#8805);
#8801 = LINE('',#8802,#8803);
#8802 = CARTESIAN_POINT('',(0.,0.));
#8803 = VECTOR('',#8804,1.);
#8804 = DIRECTION('',(1.,0.));
#8805 = ( GEOMETRIC_REPRESENTATION_CONTEXT(2) 
PARAMETRIC_REPRESENTATION_CONTEXT() REPRESENTATION_CONTEXT('2D SPACE',''
  ) );
#8806 = FACE_BOUND('',#8807,.F.);
#8807 = EDGE_LOOP('',(#8808));
#8808 = ORIENTED_EDGE('',*,*,#8809,.F.);
#8809 = EDGE_CURVE('',#8810,#8810,#8812,.T.);
#8810 = VERTEX_POINT('',#8811);
#8811 = CARTESIAN_POINT('',(2.85,-6.98048675514E-16,0.));
#8812 = SURFACE_CURVE('',#8813,(#8818,#8825),.PCURVE_S1.);
#8813 = CIRCLE('',#8814,2.85);
#8814 = AXIS2_PLACEMENT_3D('',#8815,#8816,#8817);
#8815 = CARTESIAN_POINT('',(0.,0.,0.));
#8816 = DIRECTION('',(0.,0.,1.));
#8817 = DIRECTION('',(1.,0.,0.));
#8818 = PCURVE('',#4222,#8819);
#8819 = DEFINITIONAL_REPRESENTATION('',(#8820),#8824);
#8820 = CIRCLE('',#8821,2.85);
#8821 = AXIS2_PLACEMENT_2D('',#8822,#8823);
#8822 = CARTESIAN_POINT('',(6.429702404854E-15,-8.900110356034E-15));
#8823 = DIRECTION('',(1.,0.));
#8824 = ( GEOMETRIC_REPRESENTATION_CONTEXT(2) 
PARAMETRIC_REPRESENTATION_CONTEXT() REPRESENTATION_CONTEXT('2D SPACE',''
  ) );
#8825 = PCURVE('',#8826,#8831);
#8826 = CYLINDRICAL_SURFACE('',#8827,2.85);
#8827 = AXIS2_PLACEMENT_3D('',#8828,#8829,#8830);
#8828 = CARTESIAN_POINT('',(0.,0.,0.));
#8829 = DIRECTION('',(0.,0.,1.));
#8830 = DIRECTION('',(1.,0.,0.));
#8831 = DEFINITIONAL_REPRESENTATION('',(#8832),#8836);
#8832 = LINE('',#8833,#8834);
#8833 = CARTESIAN_POINT('',(0.,0.));
#8834 = VECTOR('',#8835,1.);
#8835 = DIRECTION('',(1.,0.));
#8836 = ( GEOMETRIC_REPRESENTATION_CONTEXT(2) 
PARAMETRIC_REPRESENTATION_CONTEXT() REPRESENTATION_CONTEXT('2D SPACE',''
  ) );
#8837 = ADVANCED_FACE('',(#8838,#12190),#4146,.T.);
#8838 = FACE_BOUND('',#8839,.T.);
#8839 = EDGE_LOOP('',(#8840,#8841,#8842,#8843,#8867,#8920,#8948,#8972,
    #9000,#9053,#9077,#9130,#9158,#9182,#9210,#9263,#9287,#9340,#9368,
    #9392,#9420,#9473,#9497,#9550,#9578,#9602,#9630,#9683,#9707,#9760,
    #9788,#9812,#9840,#9893,#9917,#9970,#9998,#10022,#10050,#10103,
    #10127,#10180,#10208,#10232,#10260,#10313,#10337,#10390,#10418,
    #10442,#10463,#10491,#10512,#10536,#10564,#10617,#10641,#10694,
    #10722,#10746,#10774,#10827,#10851,#10904,#10932,#10956,#10984,
    #11037,#11061,#11114,#11142,#11166,#11194,#11247,#11271,#11324,
    #11352,#11376,#11404,#11457,#11481,#11534,#11562,#11586,#11614,
    #11667,#11691,#11744,#11772,#11796,#11824,#11877,#11901,#11954,
    #11982,#12006,#12034,#12087,#12111,#12164));
#8840 = ORIENTED_EDGE('',*,*,#4271,.T.);
#8841 = ORIENTED_EDGE('',*,*,#4129,.T.);
#8842 = ORIENTED_EDGE('',*,*,#4320,.T.);
#8843 = ORIENTED_EDGE('',*,*,#8844,.T.);
#8844 = EDGE_CURVE('',#4321,#8845,#8847,.T.);
#8845 = VERTEX_POINT('',#8846);
#8846 = CARTESIAN_POINT('',(-19.46421989499,-0.474387899456,12.3));
#8847 = SURFACE_CURVE('',#8848,(#8853,#8860),.PCURVE_S1.);
#8848 = CIRCLE('',#8849,19.470000000003);
#8849 = AXIS2_PLACEMENT_3D('',#8850,#8851,#8852);
#8850 = CARTESIAN_POINT('',(2.678746113816E-12,2.386979502944E-15,12.3)
  );
#8851 = DIRECTION('',(0.,0.,1.));
#8852 = DIRECTION('',(-0.999703127632,2.43650693095E-02,0.));
#8853 = PCURVE('',#4146,#8854);
#8854 = DEFINITIONAL_REPRESENTATION('',(#8855),#8859);
#8855 = CIRCLE('',#8856,19.470000000003);
#8856 = AXIS2_PLACEMENT_2D('',#8857,#8858);
#8857 = CARTESIAN_POINT('',(2.68517581622E-12,-6.51313085309E-15));
#8858 = DIRECTION('',(-0.999703127632,2.43650693095E-02));
#8859 = ( GEOMETRIC_REPRESENTATION_CONTEXT(2) 
PARAMETRIC_REPRESENTATION_CONTEXT() REPRESENTATION_CONTEXT('2D SPACE',''
  ) );
#8860 = PCURVE('',#4389,#8861);
#8861 = DEFINITIONAL_REPRESENTATION('',(#8862),#8866);
#8862 = LINE('',#8863,#8864);
#8863 = CARTESIAN_POINT('',(0.,-12.3));
#8864 = VECTOR('',#8865,1.);
#8865 = DIRECTION('',(-1.,0.));
#8866 = ( GEOMETRIC_REPRESENTATION_CONTEXT(2) 
PARAMETRIC_REPRESENTATION_CONTEXT() REPRESENTATION_CONTEXT('2D SPACE',''
  ) );
#8867 = ORIENTED_EDGE('',*,*,#8868,.T.);
#8868 = EDGE_CURVE('',#8845,#8869,#8871,.T.);
#8869 = VERTEX_POINT('',#8870);
#8870 = CARTESIAN_POINT('',(-17.08217921803,-1.212460387827,12.3));
#8871 = SURFACE_CURVE('',#8872,(#8891,#8913),.PCURVE_S1.);
#8872 = B_SPLINE_CURVE_WITH_KNOTS('',3,(#8873,#8874,#8875,#8876,#8877,
    #8878,#8879,#8880,#8881,#8882,#8883,#8884,#8885,#8886,#8887,#8888,
    #8889,#8890),.UNSPECIFIED.,.F.,.F.,(4,1,1,1,1,1,1,1,1,1,1,1,1,1,1,4)
  ,(0.,0.285797000255,0.55469417333,0.806691519253,1.04178903806,
    1.259986729795,1.461284594512,1.645682632279,1.813180843187,
    1.963779227357,2.097477784955,2.214276516218,2.314175421508,
    2.397174501402,2.463273756923,2.512473190149),.UNSPECIFIED.);
#8873 = CARTESIAN_POINT('',(-19.46421989499,-0.474387899456,12.3));
#8874 = CARTESIAN_POINT('',(-19.37957435221,-0.51809724461,12.3));
#8875 = CARTESIAN_POINT('',(-19.21398978456,-0.600455124589,12.3));
#8876 = CARTESIAN_POINT('',(-18.9695375604,-0.712577027292,12.3));
#8877 = CARTESIAN_POINT('',(-18.73725975848,-0.810407939214,12.3));
#8878 = CARTESIAN_POINT('',(-18.51779901744,-0.89482341944,12.3));
#8879 = CARTESIAN_POINT('',(-18.31175357498,-0.96673446643,12.3));
#8880 = CARTESIAN_POINT('',(-18.11967714506,-1.027073611402,12.3));
#8881 = CARTESIAN_POINT('',(-17.94207782108,-1.076795880806,12.3));
#8882 = CARTESIAN_POINT('',(-17.77941730106,-1.116876239908,12.3));
#8883 = CARTESIAN_POINT('',(-17.6321101575,-1.148307478263,12.3));
#8884 = CARTESIAN_POINT('',(-17.50052311178,-1.172099109768,12.3));
#8885 = CARTESIAN_POINT('',(-17.38497466305,-1.189272385842,12.3));
#8886 = CARTESIAN_POINT('',(-17.28573394917,-1.200867210109,12.3));
#8887 = CARTESIAN_POINT('',(-17.20302221147,-1.207913582912,12.3));
#8888 = CARTESIAN_POINT('',(-17.13700716879,-1.211503818674,12.3));
#8889 = CARTESIAN_POINT('',(-17.0985813295,-1.212355132637,12.3));
#8890 = CARTESIAN_POINT('',(-17.08217921803,-1.212460387827,12.3));
#8891 = PCURVE('',#4146,#8892);
#8892 = DEFINITIONAL_REPRESENTATION('',(#8893),#8912);
#8893 = B_SPLINE_CURVE_WITH_KNOTS('',3,(#8894,#8895,#8896,#8897,#8898,
    #8899,#8900,#8901,#8902,#8903,#8904,#8905,#8906,#8907,#8908,#8909,
    #8910,#8911),.UNSPECIFIED.,.F.,.F.,(4,1,1,1,1,1,1,1,1,1,1,1,1,1,1,4)
  ,(0.,0.285797000255,0.55469417333,0.806691519253,1.04178903806,
    1.259986729795,1.461284594512,1.645682632279,1.813180843187,
    1.963779227357,2.097477784955,2.214276516218,2.314175421508,
    2.397174501402,2.463273756923,2.512473190149),.UNSPECIFIED.);
#8894 = CARTESIAN_POINT('',(-19.46421989499,-0.474387899456));
#8895 = CARTESIAN_POINT('',(-19.37957435221,-0.51809724461));
#8896 = CARTESIAN_POINT('',(-19.21398978456,-0.600455124589));
#8897 = CARTESIAN_POINT('',(-18.9695375604,-0.712577027292));
#8898 = CARTESIAN_POINT('',(-18.73725975848,-0.810407939214));
#8899 = CARTESIAN_POINT('',(-18.51779901744,-0.89482341944));
#8900 = CARTESIAN_POINT('',(-18.31175357498,-0.96673446643));
#8901 = CARTESIAN_POINT('',(-18.11967714506,-1.027073611402));
#8902 = CARTESIAN_POINT('',(-17.94207782108,-1.076795880806));
#8903 = CARTESIAN_POINT('',(-17.77941730106,-1.116876239908));
#8904 = CARTESIAN_POINT('',(-17.6321101575,-1.148307478263));
#8905 = CARTESIAN_POINT('',(-17.50052311178,-1.172099109768));
#8906 = CARTESIAN_POINT('',(-17.38497466305,-1.189272385842));
#8907 = CARTESIAN_POINT('',(-17.28573394917,-1.200867210109));
#8908 = CARTESIAN_POINT('',(-17.20302221147,-1.207913582912));
#8909 = CARTESIAN_POINT('',(-17.13700716879,-1.211503818674));
#8910 = CARTESIAN_POINT('',(-17.0985813295,-1.212355132637));
#8911 = CARTESIAN_POINT('',(-17.08217921803,-1.212460387827));
#8912 = ( GEOMETRIC_REPRESENTATION_CONTEXT(2) 
PARAMETRIC_REPRESENTATION_CONTEXT() REPRESENTATION_CONTEXT('2D SPACE',''
  ) );
#8913 = PCURVE('',#4528,#8914);
#8914 = DEFINITIONAL_REPRESENTATION('',(#8915),#8919);
#8915 = LINE('',#8916,#8917);
#8916 = CARTESIAN_POINT('',(0.,-12.3));
#8917 = VECTOR('',#8918,1.);
#8918 = DIRECTION('',(1.,0.));
#8919 = ( GEOMETRIC_REPRESENTATION_CONTEXT(2) 
PARAMETRIC_REPRESENTATION_CONTEXT() REPRESENTATION_CONTEXT('2D SPACE',''
  ) );
#8920 = ORIENTED_EDGE('',*,*,#8921,.T.);
#8921 = EDGE_CURVE('',#8869,#8922,#8924,.T.);
#8922 = VERTEX_POINT('',#8923);
#8923 = CARTESIAN_POINT('',(-16.58709853005,-1.662587489486,12.3));
#8924 = SURFACE_CURVE('',#8925,(#8930,#8941),.PCURVE_S1.);
#8925 = CIRCLE('',#8926,0.500000000072);
#8926 = AXIS2_PLACEMENT_3D('',#8927,#8928,#8929);
#8927 = CARTESIAN_POINT('',(-17.08460559661,-1.712454500551,12.3));
#8928 = DIRECTION('',(0.,0.,-1.));
#8929 = DIRECTION('',(4.852757152684E-03,0.999988225305,0.));
#8930 = PCURVE('',#4146,#8931);
#8931 = DEFINITIONAL_REPRESENTATION('',(#8932),#8940);
#8932 = ( BOUNDED_CURVE() B_SPLINE_CURVE(2,(#8933,#8934,#8935,#8936,
#8937,#8938,#8939),.UNSPECIFIED.,.T.,.F.) B_SPLINE_CURVE_WITH_KNOTS((1,2
    ,2,2,2,1),(-2.094395102393,0.,2.094395102393,4.188790204786,
6.28318530718,8.377580409573),.UNSPECIFIED.) CURVE() 
GEOMETRIC_REPRESENTATION_ITEM() RATIONAL_B_SPLINE_CURVE((1.,0.5,1.,0.5,
1.,0.5,1.)) REPRESENTATION_ITEM('') );
#8933 = CARTESIAN_POINT('',(-17.08217921803,-1.212460387827));
#8934 = CARTESIAN_POINT('',(-16.21616401131,-1.216662998801));
#8935 = CARTESIAN_POINT('',(-16.65281118253,-1.9645528624));
#8936 = CARTESIAN_POINT('',(-17.08945835376,-2.712442725999));
#8937 = CARTESIAN_POINT('',(-17.51882638926,-1.960350251427));
#8938 = CARTESIAN_POINT('',(-17.94819442475,-1.208257776854));
#8939 = CARTESIAN_POINT('',(-17.08217921803,-1.212460387827));
#8940 = ( GEOMETRIC_REPRESENTATION_CONTEXT(2) 
PARAMETRIC_REPRESENTATION_CONTEXT() REPRESENTATION_CONTEXT('2D SPACE',''
  ) );
#8941 = PCURVE('',#4578,#8942);
#8942 = DEFINITIONAL_REPRESENTATION('',(#8943),#8947);
#8943 = LINE('',#8944,#8945);
#8944 = CARTESIAN_POINT('',(0.,-12.3));
#8945 = VECTOR('',#8946,1.);
#8946 = DIRECTION('',(1.,0.));
#8947 = ( GEOMETRIC_REPRESENTATION_CONTEXT(2) 
PARAMETRIC_REPRESENTATION_CONTEXT() REPRESENTATION_CONTEXT('2D SPACE',''
  ) );
#8948 = ORIENTED_EDGE('',*,*,#8949,.T.);
#8949 = EDGE_CURVE('',#8922,#8950,#8952,.T.);
#8950 = VERTEX_POINT('',#8951);
#8951 = CARTESIAN_POINT('',(-16.54118586,-2.070073706588,12.3));
#8952 = SURFACE_CURVE('',#8953,(#8958,#8965),.PCURVE_S1.);
#8953 = CIRCLE('',#8954,16.670213999987);
#8954 = AXIS2_PLACEMENT_3D('',#8955,#8956,#8957);
#8955 = CARTESIAN_POINT('',(-1.268496419016E-11,-1.404210081546E-12,12.3
    ));
#8956 = DIRECTION('',(0.,0.,1.));
#8957 = DIRECTION('',(-0.995014132995,-9.973402197993E-02,0.));
#8958 = PCURVE('',#4146,#8959);
#8959 = DEFINITIONAL_REPRESENTATION('',(#8960),#8964);
#8960 = CIRCLE('',#8961,16.670213999987);
#8961 = AXIS2_PLACEMENT_2D('',#8962,#8963);
#8962 = CARTESIAN_POINT('',(-1.267853448775E-11,-1.413110191902E-12));
#8963 = DIRECTION('',(-0.995014132995,-9.973402197993E-02));
#8964 = ( GEOMETRIC_REPRESENTATION_CONTEXT(2) 
PARAMETRIC_REPRESENTATION_CONTEXT() REPRESENTATION_CONTEXT('2D SPACE',''
  ) );
#8965 = PCURVE('',#4607,#8966);
#8966 = DEFINITIONAL_REPRESENTATION('',(#8967),#8971);
#8967 = LINE('',#8968,#8969);
#8968 = CARTESIAN_POINT('',(0.,-12.3));
#8969 = VECTOR('',#8970,1.);
#8970 = DIRECTION('',(-1.,0.));
#8971 = ( GEOMETRIC_REPRESENTATION_CONTEXT(2) 
PARAMETRIC_REPRESENTATION_CONTEXT() REPRESENTATION_CONTEXT('2D SPACE',''
  ) );
#8972 = ORIENTED_EDGE('',*,*,#8973,.T.);
#8973 = EDGE_CURVE('',#8950,#8974,#8976,.T.);
#8974 = VERTEX_POINT('',#8975);
#8975 = CARTESIAN_POINT('',(-16.92369113844,-2.619080999099,12.3));
#8976 = SURFACE_CURVE('',#8977,(#8982,#8993),.PCURVE_S1.);
#8977 = CIRCLE('',#8978,0.500000000072);
#8978 = AXIS2_PLACEMENT_3D('',#8979,#8980,#8981);
#8979 = CARTESIAN_POINT('',(-17.03731583957,-2.132162702704,12.3));
#8980 = DIRECTION('',(0.,0.,-1.));
#8981 = DIRECTION('',(0.992259959007,0.124177992216,0.));
#8982 = PCURVE('',#4146,#8983);
#8983 = DEFINITIONAL_REPRESENTATION('',(#8984),#8992);
#8984 = ( BOUNDED_CURVE() B_SPLINE_CURVE(2,(#8985,#8986,#8987,#8988,
#8989,#8990,#8991),.UNSPECIFIED.,.T.,.F.) B_SPLINE_CURVE_WITH_KNOTS((1,2
    ,2,2,2,1),(-2.094395102393,0.,2.094395102393,4.188790204786,
6.28318530718,8.377580409573),.UNSPECIFIED.) CURVE() 
GEOMETRIC_REPRESENTATION_ITEM() RATIONAL_B_SPLINE_CURVE((1.,0.5,1.,0.5,
1.,0.5,1.)) REPRESENTATION_ITEM('') );
#8985 = CARTESIAN_POINT('',(-16.54118586,-2.070073706588));
#8986 = CARTESIAN_POINT('',(-16.43364456413,-2.929396038369));
#8987 = CARTESIAN_POINT('',(-17.23161018143,-2.592868366654));
#8988 = CARTESIAN_POINT('',(-18.02957579872,-2.256340694938));
#8989 = CARTESIAN_POINT('',(-17.33915147729,-1.733546034872));
#8990 = CARTESIAN_POINT('',(-16.64872715586,-1.210751374806));
#8991 = CARTESIAN_POINT('',(-16.54118586,-2.070073706588));
#8992 = ( GEOMETRIC_REPRESENTATION_CONTEXT(2) 
PARAMETRIC_REPRESENTATION_CONTEXT() REPRESENTATION_CONTEXT('2D SPACE',''
  ) );
#8993 = PCURVE('',#4640,#8994);
#8994 = DEFINITIONAL_REPRESENTATION('',(#8995),#8999);
#8995 = LINE('',#8996,#8997);
#8996 = CARTESIAN_POINT('',(0.,-12.3));
#8997 = VECTOR('',#8998,1.);
#8998 = DIRECTION('',(1.,0.));
#8999 = ( GEOMETRIC_REPRESENTATION_CONTEXT(2) 
PARAMETRIC_REPRESENTATION_CONTEXT() REPRESENTATION_CONTEXT('2D SPACE',''
  ) );
#9000 = ORIENTED_EDGE('',*,*,#9001,.T.);
#9001 = EDGE_CURVE('',#8974,#9002,#9004,.T.);
#9002 = VERTEX_POINT('',#9003);
#9003 = CARTESIAN_POINT('',(-19.08177250292,-3.868702385385,12.3));
#9004 = SURFACE_CURVE('',#9005,(#9024,#9046),.PCURVE_S1.);
#9005 = B_SPLINE_CURVE_WITH_KNOTS('',3,(#9006,#9007,#9008,#9009,#9010,
    #9011,#9012,#9013,#9014,#9015,#9016,#9017,#9018,#9019,#9020,#9021,
    #9022,#9023),.UNSPECIFIED.,.F.,.F.,(4,1,1,1,1,1,1,1,1,1,1,1,1,1,1,4)
  ,(0.,4.919943322603E-02,0.115298688747,0.198297768641,0.298196673931,
    0.414995405195,0.548693962792,0.699292346962,0.86679055787,
    1.051188595638,1.252486460354,1.470684152089,1.705781670896,
    1.95777901682,2.226676189894,2.512473190149),.UNSPECIFIED.);
#9006 = CARTESIAN_POINT('',(-16.92369113844,-2.619080999099,12.3));
#9007 = CARTESIAN_POINT('',(-16.93965859324,-2.622833428484,12.3));
#9008 = CARTESIAN_POINT('',(-16.97693158133,-2.632213951875,12.3));
#9009 = CARTESIAN_POINT('',(-17.04049258645,-2.650403901884,12.3));
#9010 = CARTESIAN_POINT('',(-17.11956260274,-2.675678700531,12.3));
#9011 = CARTESIAN_POINT('',(-17.21373505361,-2.709065954686,12.3));
#9012 = CARTESIAN_POINT('',(-17.32256504805,-2.751520609601,12.3));
#9013 = CARTESIAN_POINT('',(-17.44555879575,-2.803996607543,12.3));
#9014 = CARTESIAN_POINT('',(-17.58217853315,-2.867418722294,12.3));
#9015 = CARTESIAN_POINT('',(-17.73184209539,-2.942689553945,12.3));
#9016 = CARTESIAN_POINT('',(-17.89392438769,-3.030684749685,12.3));
#9017 = CARTESIAN_POINT('',(-18.0677583376,-3.132252092892,12.3));
#9018 = CARTESIAN_POINT('',(-18.2526360773,-3.248209604091,12.3));
#9019 = CARTESIAN_POINT('',(-18.44781026786,-3.379343221047,12.3));
#9020 = CARTESIAN_POINT('',(-18.65249495444,-3.526407981174,12.3));
#9021 = CARTESIAN_POINT('',(-18.86586878047,-3.690114490914,12.3));
#9022 = CARTESIAN_POINT('',(-19.00897544492,-3.807253519536,12.3));
#9023 = CARTESIAN_POINT('',(-19.08177250292,-3.868702385385,12.3));
#9024 = PCURVE('',#4146,#9025);
#9025 = DEFINITIONAL_REPRESENTATION('',(#9026),#9045);
#9026 = B_SPLINE_CURVE_WITH_KNOTS('',3,(#9027,#9028,#9029,#9030,#9031,
    #9032,#9033,#9034,#9035,#9036,#9037,#9038,#9039,#9040,#9041,#9042,
    #9043,#9044),.UNSPECIFIED.,.F.,.F.,(4,1,1,1,1,1,1,1,1,1,1,1,1,1,1,4)
  ,(0.,4.919943322603E-02,0.115298688747,0.198297768641,0.298196673931,
    0.414995405195,0.548693962792,0.699292346962,0.86679055787,
    1.051188595638,1.252486460354,1.470684152089,1.705781670896,
    1.95777901682,2.226676189894,2.512473190149),.UNSPECIFIED.);
#9027 = CARTESIAN_POINT('',(-16.92369113844,-2.619080999099));
#9028 = CARTESIAN_POINT('',(-16.93965859324,-2.622833428484));
#9029 = CARTESIAN_POINT('',(-16.97693158133,-2.632213951875));
#9030 = CARTESIAN_POINT('',(-17.04049258645,-2.650403901884));
#9031 = CARTESIAN_POINT('',(-17.11956260274,-2.675678700531));
#9032 = CARTESIAN_POINT('',(-17.21373505361,-2.709065954686));
#9033 = CARTESIAN_POINT('',(-17.32256504805,-2.751520609601));
#9034 = CARTESIAN_POINT('',(-17.44555879575,-2.803996607543));
#9035 = CARTESIAN_POINT('',(-17.58217853315,-2.867418722294));
#9036 = CARTESIAN_POINT('',(-17.73184209539,-2.942689553945));
#9037 = CARTESIAN_POINT('',(-17.89392438769,-3.030684749685));
#9038 = CARTESIAN_POINT('',(-18.0677583376,-3.132252092892));
#9039 = CARTESIAN_POINT('',(-18.2526360773,-3.248209604091));
#9040 = CARTESIAN_POINT('',(-18.44781026786,-3.379343221047));
#9041 = CARTESIAN_POINT('',(-18.65249495444,-3.526407981174));
#9042 = CARTESIAN_POINT('',(-18.86586878047,-3.690114490914));
#9043 = CARTESIAN_POINT('',(-19.00897544492,-3.807253519536));
#9044 = CARTESIAN_POINT('',(-19.08177250292,-3.868702385385));
#9045 = ( GEOMETRIC_REPRESENTATION_CONTEXT(2) 
PARAMETRIC_REPRESENTATION_CONTEXT() REPRESENTATION_CONTEXT('2D SPACE',''
  ) );
#9046 = PCURVE('',#4698,#9047);
#9047 = DEFINITIONAL_REPRESENTATION('',(#9048),#9052);
#9048 = LINE('',#9049,#9050);
#9049 = CARTESIAN_POINT('',(0.,-12.3));
#9050 = VECTOR('',#9051,1.);
#9051 = DIRECTION('',(1.,0.));
#9052 = ( GEOMETRIC_REPRESENTATION_CONTEXT(2) 
PARAMETRIC_REPRESENTATION_CONTEXT() REPRESENTATION_CONTEXT('2D SPACE',''
  ) );
#9053 = ORIENTED_EDGE('',*,*,#9054,.T.);
#9054 = EDGE_CURVE('',#9002,#9055,#9057,.T.);
#9055 = VERTEX_POINT('',#9056);
#9056 = CARTESIAN_POINT('',(-18.87065002603,-4.793690394147,12.3));
#9057 = SURFACE_CURVE('',#9058,(#9063,#9070),.PCURVE_S1.);
#9058 = CIRCLE('',#9059,19.470000000005);
#9059 = AXIS2_PLACEMENT_3D('',#9060,#9061,#9062);
#9060 = CARTESIAN_POINT('',(5.055511564933E-12,1.152855588771E-12,12.3)
  );
#9061 = DIRECTION('',(0.,0.,1.));
#9062 = DIRECTION('',(-0.980060221003,-0.198700687488,0.));
#9063 = PCURVE('',#4146,#9064);
#9064 = DEFINITIONAL_REPRESENTATION('',(#9065),#9069);
#9065 = CIRCLE('',#9066,19.470000000005);
#9066 = AXIS2_PLACEMENT_2D('',#9067,#9068);
#9067 = CARTESIAN_POINT('',(5.061941267338E-12,1.143955478415E-12));
#9068 = DIRECTION('',(-0.980060221003,-0.198700687488));
#9069 = ( GEOMETRIC_REPRESENTATION_CONTEXT(2) 
PARAMETRIC_REPRESENTATION_CONTEXT() REPRESENTATION_CONTEXT('2D SPACE',''
  ) );
#9070 = PCURVE('',#4744,#9071);
#9071 = DEFINITIONAL_REPRESENTATION('',(#9072),#9076);
#9072 = LINE('',#9073,#9074);
#9073 = CARTESIAN_POINT('',(0.,-12.3));
#9074 = VECTOR('',#9075,1.);
#9075 = DIRECTION('',(-1.,0.));
#9076 = ( GEOMETRIC_REPRESENTATION_CONTEXT(2) 
PARAMETRIC_REPRESENTATION_CONTEXT() REPRESENTATION_CONTEXT('2D SPACE',''
  ) );
#9077 = ORIENTED_EDGE('',*,*,#9078,.T.);
#9078 = EDGE_CURVE('',#9055,#9079,#9081,.T.);
#9079 = VERTEX_POINT('',#9080);
#9080 = CARTESIAN_POINT('',(-16.38409550267,-4.983203948114,12.3));
#9081 = SURFACE_CURVE('',#9082,(#9101,#9123),.PCURVE_S1.);
#9082 = B_SPLINE_CURVE_WITH_KNOTS('',3,(#9083,#9084,#9085,#9086,#9087,
    #9088,#9089,#9090,#9091,#9092,#9093,#9094,#9095,#9096,#9097,#9098,
    #9099,#9100),.UNSPECIFIED.,.F.,.F.,(4,1,1,1,1,1,1,1,1,1,1,1,1,1,1,4)
  ,(0.,0.285797000255,0.55469417333,0.806691519253,1.04178903806,
    1.259986729795,1.461284594512,1.645682632279,1.813180843187,
    1.963779227357,2.097477784955,2.214276516218,2.314175421508,
    2.397174501402,2.463273756923,2.512473190149),.UNSPECIFIED.);
#9083 = CARTESIAN_POINT('',(-18.87065002603,-4.793690394147,12.3));
#9084 = CARTESIAN_POINT('',(-18.77840047942,-4.817468449526,12.3));
#9085 = CARTESIAN_POINT('',(-18.59864111022,-4.860915412863,12.3));
#9086 = CARTESIAN_POINT('',(-18.33536834319,-4.915830448147,12.3));
#9087 = CARTESIAN_POINT('',(-18.08714480482,-4.959521861433,12.3));
#9088 = CARTESIAN_POINT('',(-17.85440219126,-4.992986260264,12.3));
#9089 = CARTESIAN_POINT('',(-17.63752102488,-5.017244922874,12.3));
#9090 = CARTESIAN_POINT('',(-17.43683362919,-5.033330212927,12.3));
#9091 = CARTESIAN_POINT('',(-17.25262284524,-5.042286273786,12.3));
#9092 = CARTESIAN_POINT('',(-17.08512184512,-5.045166363772,12.3));
#9093 = CARTESIAN_POINT('',(-16.93451389068,-5.043030632195,12.3));
#9094 = CARTESIAN_POINT('',(-16.80093187086,-5.036944885514,12.3));
#9095 = CARTESIAN_POINT('',(-16.68445904956,-5.027975642974,12.3));
#9096 = CARTESIAN_POINT('',(-16.58512641644,-5.017196624449,12.3));
#9097 = CARTESIAN_POINT('',(-16.50292046924,-5.005661236853,12.3));
#9098 = CARTESIAN_POINT('',(-16.43776165889,-4.994471728956,12.3));
#9099 = CARTESIAN_POINT('',(-16.40010980044,-4.986751145054,12.3));
#9100 = CARTESIAN_POINT('',(-16.38409550267,-4.983203948114,12.3));
#9101 = PCURVE('',#4146,#9102);
#9102 = DEFINITIONAL_REPRESENTATION('',(#9103),#9122);
#9103 = B_SPLINE_CURVE_WITH_KNOTS('',3,(#9104,#9105,#9106,#9107,#9108,
    #9109,#9110,#9111,#9112,#9113,#9114,#9115,#9116,#9117,#9118,#9119,
    #9120,#9121),.UNSPECIFIED.,.F.,.F.,(4,1,1,1,1,1,1,1,1,1,1,1,1,1,1,4)
  ,(0.,0.285797000255,0.55469417333,0.806691519253,1.04178903806,
    1.259986729795,1.461284594512,1.645682632279,1.813180843187,
    1.963779227357,2.097477784955,2.214276516218,2.314175421508,
    2.397174501402,2.463273756923,2.512473190149),.UNSPECIFIED.);
#9104 = CARTESIAN_POINT('',(-18.87065002603,-4.793690394147));
#9105 = CARTESIAN_POINT('',(-18.77840047942,-4.817468449526));
#9106 = CARTESIAN_POINT('',(-18.59864111022,-4.860915412863));
#9107 = CARTESIAN_POINT('',(-18.33536834319,-4.915830448147));
#9108 = CARTESIAN_POINT('',(-18.08714480482,-4.959521861433));
#9109 = CARTESIAN_POINT('',(-17.85440219126,-4.992986260264));
#9110 = CARTESIAN_POINT('',(-17.63752102488,-5.017244922874));
#9111 = CARTESIAN_POINT('',(-17.43683362919,-5.033330212927));
#9112 = CARTESIAN_POINT('',(-17.25262284524,-5.042286273786));
#9113 = CARTESIAN_POINT('',(-17.08512184512,-5.045166363772));
#9114 = CARTESIAN_POINT('',(-16.93451389068,-5.043030632195));
#9115 = CARTESIAN_POINT('',(-16.80093187086,-5.036944885514));
#9116 = CARTESIAN_POINT('',(-16.68445904956,-5.027975642974));
#9117 = CARTESIAN_POINT('',(-16.58512641644,-5.017196624449));
#9118 = CARTESIAN_POINT('',(-16.50292046924,-5.005661236853));
#9119 = CARTESIAN_POINT('',(-16.43776165889,-4.994471728956));
#9120 = CARTESIAN_POINT('',(-16.40010980044,-4.986751145054));
#9121 = CARTESIAN_POINT('',(-16.38409550267,-4.983203948114));
#9122 = ( GEOMETRIC_REPRESENTATION_CONTEXT(2) 
PARAMETRIC_REPRESENTATION_CONTEXT() REPRESENTATION_CONTEXT('2D SPACE',''
  ) );
#9123 = PCURVE('',#4802,#9124);
#9124 = DEFINITIONAL_REPRESENTATION('',(#9125),#9129);
#9125 = LINE('',#9126,#9127);
#9126 = CARTESIAN_POINT('',(0.,-12.3));
#9127 = VECTOR('',#9128,1.);
#9128 = DIRECTION('',(1.,0.));
#9129 = ( GEOMETRIC_REPRESENTATION_CONTEXT(2) 
PARAMETRIC_REPRESENTATION_CONTEXT() REPRESENTATION_CONTEXT('2D SPACE',''
  ) );
#9130 = ORIENTED_EDGE('',*,*,#9131,.T.);
#9131 = EDGE_CURVE('',#9079,#9132,#9134,.T.);
#9132 = VERTEX_POINT('',#9133);
#9133 = CARTESIAN_POINT('',(-15.80126481811,-5.311879606477,12.3));
#9134 = SURFACE_CURVE('',#9135,(#9140,#9151),.PCURVE_S1.);
#9135 = CIRCLE('',#9136,0.500000000072);
#9136 = AXIS2_PLACEMENT_3D('',#9137,#9138,#9139);
#9137 = CARTESIAN_POINT('',(-16.27520188993,-5.471202084562,12.3));
#9138 = DIRECTION('',(0.,0.,-1.));
#9139 = DIRECTION('',(-0.217787225441,0.975996272757,0.));
#9140 = PCURVE('',#4146,#9141);
#9141 = DEFINITIONAL_REPRESENTATION('',(#9142),#9150);
#9142 = ( BOUNDED_CURVE() B_SPLINE_CURVE(2,(#9143,#9144,#9145,#9146,
#9147,#9148,#9149),.UNSPECIFIED.,.T.,.F.) B_SPLINE_CURVE_WITH_KNOTS((1,2
    ,2,2,2,1),(-2.094395102393,0.,2.094395102393,4.188790204786,
6.28318530718,8.377580409573),.UNSPECIFIED.) CURVE() 
GEOMETRIC_REPRESENTATION_ITEM() RATIONAL_B_SPLINE_CURVE((1.,0.5,1.,0.5,
1.,0.5,1.)) REPRESENTATION_ITEM('') );
#9143 = CARTESIAN_POINT('',(-16.38409550267,-4.983203948114));
#9144 = CARTESIAN_POINT('',(-15.53885793634,-4.794594678236));
#9145 = CARTESIAN_POINT('',(-15.7981363004,-5.620896517847));
#9146 = CARTESIAN_POINT('',(-16.05741466446,-6.447198357459));
#9147 = CARTESIAN_POINT('',(-16.64337386673,-5.809505787726));
#9148 = CARTESIAN_POINT('',(-17.22933306899,-5.171813217993));
#9149 = CARTESIAN_POINT('',(-16.38409550267,-4.983203948114));
#9150 = ( GEOMETRIC_REPRESENTATION_CONTEXT(2) 
PARAMETRIC_REPRESENTATION_CONTEXT() REPRESENTATION_CONTEXT('2D SPACE',''
  ) );
#9151 = PCURVE('',#4852,#9152);
#9152 = DEFINITIONAL_REPRESENTATION('',(#9153),#9157);
#9153 = LINE('',#9154,#9155);
#9154 = CARTESIAN_POINT('',(0.,-12.3));
#9155 = VECTOR('',#9156,1.);
#9156 = DIRECTION('',(1.,0.));
#9157 = ( GEOMETRIC_REPRESENTATION_CONTEXT(2) 
PARAMETRIC_REPRESENTATION_CONTEXT() REPRESENTATION_CONTEXT('2D SPACE',''
  ) );
#9158 = ORIENTED_EDGE('',*,*,#9159,.T.);
#9159 = EDGE_CURVE('',#9132,#9160,#9162,.T.);
#9160 = VERTEX_POINT('',#9161);
#9161 = CARTESIAN_POINT('',(-15.66582906095,-5.698932763138,12.3));
#9162 = SURFACE_CURVE('',#9163,(#9168,#9175),.PCURVE_S1.);
#9163 = CIRCLE('',#9164,16.670214000053);
#9164 = AXIS2_PLACEMENT_3D('',#9165,#9166,#9167);
#9165 = CARTESIAN_POINT('',(5.004086034432E-11,1.756106371431E-11,12.3)
  );
#9166 = DIRECTION('',(0.,0.,1.));
#9167 = DIRECTION('',(-0.947874143554,-0.318644955996,0.));
#9168 = PCURVE('',#4146,#9169);
#9169 = DEFINITIONAL_REPRESENTATION('',(#9170),#9174);
#9170 = CIRCLE('',#9171,16.670214000053);
#9171 = AXIS2_PLACEMENT_2D('',#9172,#9173);
#9172 = CARTESIAN_POINT('',(5.004729004673E-11,1.755216360395E-11));
#9173 = DIRECTION('',(-0.947874143554,-0.318644955996));
#9174 = ( GEOMETRIC_REPRESENTATION_CONTEXT(2) 
PARAMETRIC_REPRESENTATION_CONTEXT() REPRESENTATION_CONTEXT('2D SPACE',''
  ) );
#9175 = PCURVE('',#4881,#9176);
#9176 = DEFINITIONAL_REPRESENTATION('',(#9177),#9181);
#9177 = LINE('',#9178,#9179);
#9178 = CARTESIAN_POINT('',(0.,-12.3));
#9179 = VECTOR('',#9180,1.);
#9180 = DIRECTION('',(-1.,0.));
#9181 = ( GEOMETRIC_REPRESENTATION_CONTEXT(2) 
PARAMETRIC_REPRESENTATION_CONTEXT() REPRESENTATION_CONTEXT('2D SPACE',''
  ) );
#9182 = ORIENTED_EDGE('',*,*,#9183,.T.);
#9183 = EDGE_CURVE('',#9160,#9184,#9186,.T.);
#9184 = VERTEX_POINT('',#9185);
#9185 = CARTESIAN_POINT('',(-15.91657851798,-6.3192907284,12.3));
#9186 = SURFACE_CURVE('',#9187,(#9192,#9203),.PCURVE_S1.);
#9187 = CIRCLE('',#9188,0.500000000072);
#9188 = AXIS2_PLACEMENT_3D('',#9189,#9190,#9191);
#9189 = CARTESIAN_POINT('',(-16.1357039247,-5.869864364911,12.3));
#9190 = DIRECTION('',(0.,0.,-1.));
#9191 = DIRECTION('',(0.939749727372,0.341863203496,0.));
#9192 = PCURVE('',#4146,#9193);
#9193 = DEFINITIONAL_REPRESENTATION('',(#9194),#9202);
#9194 = ( BOUNDED_CURVE() B_SPLINE_CURVE(2,(#9195,#9196,#9197,#9198,
#9199,#9200,#9201),.UNSPECIFIED.,.T.,.F.) B_SPLINE_CURVE_WITH_KNOTS((1,2
    ,2,2,2,1),(-2.094395102393,0.,2.094395102393,4.188790204786,
6.28318530718,8.377580409573),.UNSPECIFIED.) CURVE() 
GEOMETRIC_REPRESENTATION_ITEM() RATIONAL_B_SPLINE_CURVE((1.,0.5,1.,0.5,
1.,0.5,1.)) REPRESENTATION_ITEM('') );
#9195 = CARTESIAN_POINT('',(-15.66582906095,-5.698932763138));
#9196 = CARTESIAN_POINT('',(-15.36976684206,-6.512779900359));
#9197 = CARTESIAN_POINT('',(-16.22261024713,-6.362253734407));
#9198 = CARTESIAN_POINT('',(-17.07545365221,-6.211727568455));
#9199 = CARTESIAN_POINT('',(-16.51867246602,-5.548406597187));
#9200 = CARTESIAN_POINT('',(-15.96189127984,-4.885085625918));
#9201 = CARTESIAN_POINT('',(-15.66582906095,-5.698932763138));
#9202 = ( GEOMETRIC_REPRESENTATION_CONTEXT(2) 
PARAMETRIC_REPRESENTATION_CONTEXT() REPRESENTATION_CONTEXT('2D SPACE',''
  ) );
#9203 = PCURVE('',#4914,#9204);
#9204 = DEFINITIONAL_REPRESENTATION('',(#9205),#9209);
#9205 = LINE('',#9206,#9207);
#9206 = CARTESIAN_POINT('',(0.,-12.3));
#9207 = VECTOR('',#9208,1.);
#9208 = DIRECTION('',(1.,0.));
#9209 = ( GEOMETRIC_REPRESENTATION_CONTEXT(2) 
PARAMETRIC_REPRESENTATION_CONTEXT() REPRESENTATION_CONTEXT('2D SPACE',''
  ) );
#9210 = ORIENTED_EDGE('',*,*,#9211,.T.);
#9211 = EDGE_CURVE('',#9184,#9212,#9214,.T.);
#9212 = VERTEX_POINT('',#9213);
#9213 = CARTESIAN_POINT('',(-17.742485359,-8.017799778329,12.3));
#9214 = SURFACE_CURVE('',#9215,(#9234,#9256),.PCURVE_S1.);
#9215 = B_SPLINE_CURVE_WITH_KNOTS('',3,(#9216,#9217,#9218,#9219,#9220,
    #9221,#9222,#9223,#9224,#9225,#9226,#9227,#9228,#9229,#9230,#9231,
    #9232,#9233),.UNSPECIFIED.,.F.,.F.,(4,1,1,1,1,1,1,1,1,1,1,1,1,1,1,4)
  ,(0.,4.919943322603E-02,0.115298688747,0.198297768641,0.298196673931,
    0.414995405195,0.548693962792,0.699292346962,0.86679055787,
    1.051188595638,1.252486460354,1.470684152089,1.705781670896,
    1.95777901682,2.226676189894,2.512473190149),.UNSPECIFIED.);
#9216 = CARTESIAN_POINT('',(-15.91657851798,-6.3192907284,12.3));
#9217 = CARTESIAN_POINT('',(-15.93131064126,-6.326502169503,12.3));
#9218 = CARTESIAN_POINT('',(-15.9655617549,-6.343941523709,12.3));
#9219 = CARTESIAN_POINT('',(-16.02348150825,-6.375819067917,12.3));
#9220 = CARTESIAN_POINT('',(-16.09494490235,-6.418054908465,12.3));
#9221 = CARTESIAN_POINT('',(-16.17932689028,-6.471560416171,12.3));
#9222 = CARTESIAN_POINT('',(-16.27598124008,-6.537167596255,12.3));
#9223 = CARTESIAN_POINT('',(-16.38421426966,-6.615696594977,12.3));
#9224 = CARTESIAN_POINT('',(-16.50329591681,-6.707929336462,12.3));
#9225 = CARTESIAN_POINT('',(-16.63245776531,-6.81461624686,12.3));
#9226 = CARTESIAN_POINT('',(-16.770895543,-6.936471922385,12.3));
#9227 = CARTESIAN_POINT('',(-16.91777025279,-7.074174453132,12.3));
#9228 = CARTESIAN_POINT('',(-17.07220974786,-7.228363834731,12.3));
#9229 = CARTESIAN_POINT('',(-17.23331053907,-7.399640001295,12.3));
#9230 = CARTESIAN_POINT('',(-17.40013836544,-7.588564168466,12.3));
#9231 = CARTESIAN_POINT('',(-17.57173433871,-7.795646357266,12.3));
#9232 = CARTESIAN_POINT('',(-17.68518713426,-7.941692694506,12.3));
#9233 = CARTESIAN_POINT('',(-17.742485359,-8.017799778329,12.3));
#9234 = PCURVE('',#4146,#9235);
#9235 = DEFINITIONAL_REPRESENTATION('',(#9236),#9255);
#9236 = B_SPLINE_CURVE_WITH_KNOTS('',3,(#9237,#9238,#9239,#9240,#9241,
    #9242,#9243,#9244,#9245,#9246,#9247,#9248,#9249,#9250,#9251,#9252,
    #9253,#9254),.UNSPECIFIED.,.F.,.F.,(4,1,1,1,1,1,1,1,1,1,1,1,1,1,1,4)
  ,(0.,4.919943322603E-02,0.115298688747,0.198297768641,0.298196673931,
    0.414995405195,0.548693962792,0.699292346962,0.86679055787,
    1.051188595638,1.252486460354,1.470684152089,1.705781670896,
    1.95777901682,2.226676189894,2.512473190149),.UNSPECIFIED.);
#9237 = CARTESIAN_POINT('',(-15.91657851798,-6.3192907284));
#9238 = CARTESIAN_POINT('',(-15.93131064126,-6.326502169503));
#9239 = CARTESIAN_POINT('',(-15.9655617549,-6.343941523709));
#9240 = CARTESIAN_POINT('',(-16.02348150825,-6.375819067917));
#9241 = CARTESIAN_POINT('',(-16.09494490235,-6.418054908465));
#9242 = CARTESIAN_POINT('',(-16.17932689028,-6.471560416171));
#9243 = CARTESIAN_POINT('',(-16.27598124008,-6.537167596255));
#9244 = CARTESIAN_POINT('',(-16.38421426966,-6.615696594977));
#9245 = CARTESIAN_POINT('',(-16.50329591681,-6.707929336462));
#9246 = CARTESIAN_POINT('',(-16.63245776531,-6.81461624686));
#9247 = CARTESIAN_POINT('',(-16.770895543,-6.936471922385));
#9248 = CARTESIAN_POINT('',(-16.91777025279,-7.074174453132));
#9249 = CARTESIAN_POINT('',(-17.07220974786,-7.228363834731));
#9250 = CARTESIAN_POINT('',(-17.23331053907,-7.399640001295));
#9251 = CARTESIAN_POINT('',(-17.40013836544,-7.588564168466));
#9252 = CARTESIAN_POINT('',(-17.57173433871,-7.795646357266));
#9253 = CARTESIAN_POINT('',(-17.68518713426,-7.941692694506));
#9254 = CARTESIAN_POINT('',(-17.742485359,-8.017799778329));
#9255 = ( GEOMETRIC_REPRESENTATION_CONTEXT(2) 
PARAMETRIC_REPRESENTATION_CONTEXT() REPRESENTATION_CONTEXT('2D SPACE',''
  ) );
#9256 = PCURVE('',#4972,#9257);
#9257 = DEFINITIONAL_REPRESENTATION('',(#9258),#9262);
#9258 = LINE('',#9259,#9260);
#9259 = CARTESIAN_POINT('',(0.,-12.3));
#9260 = VECTOR('',#9261,1.);
#9261 = DIRECTION('',(1.,0.));
#9262 = ( GEOMETRIC_REPRESENTATION_CONTEXT(2) 
PARAMETRIC_REPRESENTATION_CONTEXT() REPRESENTATION_CONTEXT('2D SPACE',''
  ) );
#9263 = ORIENTED_EDGE('',*,*,#9264,.T.);
#9264 = EDGE_CURVE('',#9212,#9265,#9267,.T.);
#9265 = VERTEX_POINT('',#9266);
#9266 = CARTESIAN_POINT('',(-17.33082696779,-8.872617235768,12.3));
#9267 = SURFACE_CURVE('',#9268,(#9273,#9280),.PCURVE_S1.);
#9268 = CIRCLE('',#9269,19.470000000001);
#9269 = AXIS2_PLACEMENT_3D('',#9270,#9271,#9272);
#9270 = CARTESIAN_POINT('',(6.110667527537E-13,3.650413304968E-13,12.3)
  );
#9271 = DIRECTION('',(0.,0.,1.));
#9272 = DIRECTION('',(-0.911273002517,-0.411802762112,0.));
#9273 = PCURVE('',#4146,#9274);
#9274 = DEFINITIONAL_REPRESENTATION('',(#9275),#9279);
#9275 = CIRCLE('',#9276,19.470000000001);
#9276 = AXIS2_PLACEMENT_2D('',#9277,#9278);
#9277 = CARTESIAN_POINT('',(6.174964551585E-13,3.561412201407E-13));
#9278 = DIRECTION('',(-0.911273002517,-0.411802762112));
#9279 = ( GEOMETRIC_REPRESENTATION_CONTEXT(2) 
PARAMETRIC_REPRESENTATION_CONTEXT() REPRESENTATION_CONTEXT('2D SPACE',''
  ) );
#9280 = PCURVE('',#5018,#9281);
#9281 = DEFINITIONAL_REPRESENTATION('',(#9282),#9286);
#9282 = LINE('',#9283,#9284);
#9283 = CARTESIAN_POINT('',(0.,-12.3));
#9284 = VECTOR('',#9285,1.);
#9285 = DIRECTION('',(-1.,0.));
#9286 = ( GEOMETRIC_REPRESENTATION_CONTEXT(2) 
PARAMETRIC_REPRESENTATION_CONTEXT() REPRESENTATION_CONTEXT('2D SPACE',''
  ) );
#9287 = ORIENTED_EDGE('',*,*,#9288,.T.);
#9288 = EDGE_CURVE('',#9265,#9289,#9291,.T.);
#9289 = VERTEX_POINT('',#9290);
#9290 = CARTESIAN_POINT('',(-14.86444482477,-8.504068854395,12.3));
#9291 = SURFACE_CURVE('',#9292,(#9311,#9333),.PCURVE_S1.);
#9292 = B_SPLINE_CURVE_WITH_KNOTS('',3,(#9293,#9294,#9295,#9296,#9297,
    #9298,#9299,#9300,#9301,#9302,#9303,#9304,#9305,#9306,#9307,#9308,
    #9309,#9310),.UNSPECIFIED.,.F.,.F.,(4,1,1,1,1,1,1,1,1,1,1,1,1,1,1,4)
  ,(0.,0.285797000255,0.55469417333,0.806691519253,1.04178903806,
    1.259986729795,1.461284594512,1.645682632279,1.813180843187,
    1.963779227357,2.097477784955,2.214276516218,2.314175421508,
    2.397174501402,2.463273756923,2.512473190149),.UNSPECIFIED.);
#9293 = CARTESIAN_POINT('',(-17.33082696779,-8.872617235768,12.3));
#9294 = CARTESIAN_POINT('',(-17.23559919482,-8.875271670386,12.3));
#9295 = CARTESIAN_POINT('',(-17.05067890945,-8.877629104921,12.3));
#9296 = CARTESIAN_POINT('',(-16.78178719541,-8.872583603611,12.3));
#9297 = CARTESIAN_POINT('',(-16.53006488531,-8.85994464836,12.3));
#9298 = CARTESIAN_POINT('',(-16.29571108571,-8.840779921102,12.3));
#9299 = CARTESIAN_POINT('',(-16.07886952273,-8.816169768695,12.3));
#9300 = CARTESIAN_POINT('',(-15.87963446527,-8.787194620219,12.3));
#9301 = CARTESIAN_POINT('',(-15.69804931925,-8.754935378244,12.3));
#9302 = CARTESIAN_POINT('',(-15.5341070386,-8.720470779377,12.3));
#9303 = CARTESIAN_POINT('',(-15.38775038501,-8.684875172367,12.3));
#9304 = CARTESIAN_POINT('',(-15.25887175135,-8.649217212249,12.3));
#9305 = CARTESIAN_POINT('',(-15.14731499108,-8.61455520637,12.3));
#9306 = CARTESIAN_POINT('',(-15.05287139174,-8.581942850051,12.3));
#9307 = CARTESIAN_POINT('',(-14.97529338448,-8.552404134557,12.3));
#9308 = CARTESIAN_POINT('',(-14.9142581413,-8.52699597165,12.3));
#9309 = CARTESIAN_POINT('',(-14.87926828509,-8.511090632198,12.3));
#9310 = CARTESIAN_POINT('',(-14.86444482477,-8.504068854395,12.3));
#9311 = PCURVE('',#4146,#9312);
#9312 = DEFINITIONAL_REPRESENTATION('',(#9313),#9332);
#9313 = B_SPLINE_CURVE_WITH_KNOTS('',3,(#9314,#9315,#9316,#9317,#9318,
    #9319,#9320,#9321,#9322,#9323,#9324,#9325,#9326,#9327,#9328,#9329,
    #9330,#9331),.UNSPECIFIED.,.F.,.F.,(4,1,1,1,1,1,1,1,1,1,1,1,1,1,1,4)
  ,(0.,0.285797000255,0.55469417333,0.806691519253,1.04178903806,
    1.259986729795,1.461284594512,1.645682632279,1.813180843187,
    1.963779227357,2.097477784955,2.214276516218,2.314175421508,
    2.397174501402,2.463273756923,2.512473190149),.UNSPECIFIED.);
#9314 = CARTESIAN_POINT('',(-17.33082696779,-8.872617235768));
#9315 = CARTESIAN_POINT('',(-17.23559919482,-8.875271670386));
#9316 = CARTESIAN_POINT('',(-17.05067890945,-8.877629104921));
#9317 = CARTESIAN_POINT('',(-16.78178719541,-8.872583603611));
#9318 = CARTESIAN_POINT('',(-16.53006488531,-8.85994464836));
#9319 = CARTESIAN_POINT('',(-16.29571108571,-8.840779921102));
#9320 = CARTESIAN_POINT('',(-16.07886952273,-8.816169768695));
#9321 = CARTESIAN_POINT('',(-15.87963446527,-8.787194620219));
#9322 = CARTESIAN_POINT('',(-15.69804931925,-8.754935378244));
#9323 = CARTESIAN_POINT('',(-15.5341070386,-8.720470779377));
#9324 = CARTESIAN_POINT('',(-15.38775038501,-8.684875172367));
#9325 = CARTESIAN_POINT('',(-15.25887175135,-8.649217212249));
#9326 = CARTESIAN_POINT('',(-15.14731499108,-8.61455520637));
#9327 = CARTESIAN_POINT('',(-15.05287139174,-8.581942850051));
#9328 = CARTESIAN_POINT('',(-14.97529338448,-8.552404134557));
#9329 = CARTESIAN_POINT('',(-14.9142581413,-8.52699597165));
#9330 = CARTESIAN_POINT('',(-14.87926828509,-8.511090632198));
#9331 = CARTESIAN_POINT('',(-14.86444482477,-8.504068854395));
#9332 = ( GEOMETRIC_REPRESENTATION_CONTEXT(2) 
PARAMETRIC_REPRESENTATION_CONTEXT() REPRESENTATION_CONTEXT('2D SPACE',''
  ) );
#9333 = PCURVE('',#5076,#9334);
#9334 = DEFINITIONAL_REPRESENTATION('',(#9335),#9339);
#9335 = LINE('',#9336,#9337);
#9336 = CARTESIAN_POINT('',(0.,-12.3));
#9337 = VECTOR('',#9338,1.);
#9338 = DIRECTION('',(1.,0.));
#9339 = ( GEOMETRIC_REPRESENTATION_CONTEXT(2) 
PARAMETRIC_REPRESENTATION_CONTEXT() REPRESENTATION_CONTEXT('2D SPACE',''
  ) );
#9340 = ORIENTED_EDGE('',*,*,#9341,.T.);
#9341 = EDGE_CURVE('',#9289,#9342,#9344,.T.);
#9342 = VERTEX_POINT('',#9343);
#9343 = CARTESIAN_POINT('',(-14.22308970785,-8.694811899521,12.3));
#9344 = SURFACE_CURVE('',#9345,(#9350,#9361),.PCURVE_S1.);
#9345 = CIRCLE('',#9346,0.500000000072);
#9346 = AXIS2_PLACEMENT_3D('',#9347,#9348,#9349);
#9347 = CARTESIAN_POINT('',(-14.64969160117,-8.955600750303,12.3));
#9348 = DIRECTION('',(0.,0.,-1.));
#9349 = DIRECTION('',(-0.429506447151,0.903063791687,0.));
#9350 = PCURVE('',#4146,#9351);
#9351 = DEFINITIONAL_REPRESENTATION('',(#9352),#9360);
#9352 = ( BOUNDED_CURVE() B_SPLINE_CURVE(2,(#9353,#9354,#9355,#9356,
#9357,#9358,#9359),.UNSPECIFIED.,.T.,.F.) B_SPLINE_CURVE_WITH_KNOTS((1,2
    ,2,2,2,1),(-2.094395102393,0.,2.094395102393,4.188790204786,
6.28318530718,8.377580409573),.UNSPECIFIED.) CURVE() 
GEOMETRIC_REPRESENTATION_ITEM() RATIONAL_B_SPLINE_CURVE((1.,0.5,1.,0.5,
1.,0.5,1.)) REPRESENTATION_ITEM('') );
#9353 = CARTESIAN_POINT('',(-14.86444482477,-8.504068854395));
#9354 = CARTESIAN_POINT('',(-14.08236863982,-8.13210536002));
#9355 = CARTESIAN_POINT('',(-14.15127689689,-8.99538495107));
#9356 = CARTESIAN_POINT('',(-14.22018515395,-9.85866454212));
#9357 = CARTESIAN_POINT('',(-14.93335308184,-9.367348445445));
#9358 = CARTESIAN_POINT('',(-15.64652100972,-8.87603234877));
#9359 = CARTESIAN_POINT('',(-14.86444482477,-8.504068854395));
#9360 = ( GEOMETRIC_REPRESENTATION_CONTEXT(2) 
PARAMETRIC_REPRESENTATION_CONTEXT() REPRESENTATION_CONTEXT('2D SPACE',''
  ) );
#9361 = PCURVE('',#5126,#9362);
#9362 = DEFINITIONAL_REPRESENTATION('',(#9363),#9367);
#9363 = LINE('',#9364,#9365);
#9364 = CARTESIAN_POINT('',(0.,-12.3));
#9365 = VECTOR('',#9366,1.);
#9366 = DIRECTION('',(1.,0.));
#9367 = ( GEOMETRIC_REPRESENTATION_CONTEXT(2) 
PARAMETRIC_REPRESENTATION_CONTEXT() REPRESENTATION_CONTEXT('2D SPACE',''
  ) );
#9368 = ORIENTED_EDGE('',*,*,#9369,.T.);
#9369 = EDGE_CURVE('',#9342,#9370,#9372,.T.);
#9370 = VERTEX_POINT('',#9371);
#9371 = CARTESIAN_POINT('',(-14.00492217798,-9.042023534275,12.3));
#9372 = SURFACE_CURVE('',#9373,(#9378,#9385),.PCURVE_S1.);
#9373 = CIRCLE('',#9374,16.670213999989);
#9374 = AXIS2_PLACEMENT_3D('',#9375,#9376,#9377);
#9375 = CARTESIAN_POINT('',(-9.315215265815E-12,-5.839773109528E-12,12.3
    ));
#9376 = DIRECTION('',(0.,0.,1.));
#9377 = DIRECTION('',(-0.853203786577,-0.521577701373,0.));
#9378 = PCURVE('',#4146,#9379);
#9379 = DEFINITIONAL_REPRESENTATION('',(#9380),#9384);
#9380 = CIRCLE('',#9381,16.670213999989);
#9381 = AXIS2_PLACEMENT_2D('',#9382,#9383);
#9382 = CARTESIAN_POINT('',(-9.30878556341E-12,-5.848673219884E-12));
#9383 = DIRECTION('',(-0.853203786577,-0.521577701373));
#9384 = ( GEOMETRIC_REPRESENTATION_CONTEXT(2) 
PARAMETRIC_REPRESENTATION_CONTEXT() REPRESENTATION_CONTEXT('2D SPACE',''
  ) );
#9385 = PCURVE('',#5155,#9386);
#9386 = DEFINITIONAL_REPRESENTATION('',(#9387),#9391);
#9387 = LINE('',#9388,#9389);
#9388 = CARTESIAN_POINT('',(0.,-12.3));
#9389 = VECTOR('',#9390,1.);
#9390 = DIRECTION('',(-1.,0.));
#9391 = ( GEOMETRIC_REPRESENTATION_CONTEXT(2) 
PARAMETRIC_REPRESENTATION_CONTEXT() REPRESENTATION_CONTEXT('2D SPACE',''
  ) );
#9392 = ORIENTED_EDGE('',*,*,#9393,.T.);
#9393 = EDGE_CURVE('',#9370,#9394,#9396,.T.);
#9394 = VERTEX_POINT('',#9395);
#9395 = CARTESIAN_POINT('',(-14.11134218878,-9.70262483352,12.3));
#9396 = SURFACE_CURVE('',#9397,(#9402,#9413),.PCURVE_S1.);
#9397 = CIRCLE('',#9398,0.500000000072);
#9398 = AXIS2_PLACEMENT_3D('',#9399,#9400,#9401);
#9399 = CARTESIAN_POINT('',(-14.42498043822,-9.313226517441,12.3));
#9400 = DIRECTION('',(0.,0.,-1.));
#9401 = DIRECTION('',(0.840116520353,0.542405966256,0.));
#9402 = PCURVE('',#4146,#9403);
#9403 = DEFINITIONAL_REPRESENTATION('',(#9404),#9412);
#9404 = ( BOUNDED_CURVE() B_SPLINE_CURVE(2,(#9405,#9406,#9407,#9408,
#9409,#9410,#9411),.UNSPECIFIED.,.T.,.F.) B_SPLINE_CURVE_WITH_KNOTS((1,2
    ,2,2,2,1),(-2.094395102393,0.,2.094395102393,4.188790204786,
6.28318530718,8.377580409573),.UNSPECIFIED.) CURVE() 
GEOMETRIC_REPRESENTATION_ITEM() RATIONAL_B_SPLINE_CURVE((1.,0.5,1.,0.5,
1.,0.5,1.)) REPRESENTATION_ITEM('') );
#9405 = CARTESIAN_POINT('',(-14.00492217798,-9.042023534275));
#9406 = CARTESIAN_POINT('',(-13.53518483197,-9.769585783144));
#9407 = CARTESIAN_POINT('',(-14.40014089533,-9.812609133459));
#9408 = CARTESIAN_POINT('',(-15.26509695869,-9.855632483775));
#9409 = CARTESIAN_POINT('',(-14.86987824134,-9.08504688459));
#9410 = CARTESIAN_POINT('',(-14.47465952399,-8.314461285406));
#9411 = CARTESIAN_POINT('',(-14.00492217798,-9.042023534275));
#9412 = ( GEOMETRIC_REPRESENTATION_CONTEXT(2) 
PARAMETRIC_REPRESENTATION_CONTEXT() REPRESENTATION_CONTEXT('2D SPACE',''
  ) );
#9413 = PCURVE('',#5188,#9414);
#9414 = DEFINITIONAL_REPRESENTATION('',(#9415),#9419);
#9415 = LINE('',#9416,#9417);
#9416 = CARTESIAN_POINT('',(0.,-12.3));
#9417 = VECTOR('',#9418,1.);
#9418 = DIRECTION('',(1.,0.));
#9419 = ( GEOMETRIC_REPRESENTATION_CONTEXT(2) 
PARAMETRIC_REPRESENTATION_CONTEXT() REPRESENTATION_CONTEXT('2D SPACE',''
  ) );
#9420 = ORIENTED_EDGE('',*,*,#9421,.T.);
#9421 = EDGE_CURVE('',#9394,#9422,#9424,.T.);
#9422 = VERTEX_POINT('',#9423);
#9423 = CARTESIAN_POINT('',(-15.51351591302,-11.76485121097,12.3));
#9424 = SURFACE_CURVE('',#9425,(#9444,#9466),.PCURVE_S1.);
#9425 = B_SPLINE_CURVE_WITH_KNOTS('',3,(#9426,#9427,#9428,#9429,#9430,
    #9431,#9432,#9433,#9434,#9435,#9436,#9437,#9438,#9439,#9440,#9441,
    #9442,#9443),.UNSPECIFIED.,.F.,.F.,(4,1,1,1,1,1,1,1,1,1,1,1,1,1,1,4)
  ,(0.,4.919943322603E-02,0.115298688747,0.198297768641,0.298196673931,
    0.414995405195,0.548693962792,0.699292346962,0.86679055787,
    1.051188595638,1.252486460354,1.470684152089,1.705781670896,
    1.95777901682,2.226676189894,2.512473190149),.UNSPECIFIED.);
#9426 = CARTESIAN_POINT('',(-14.11134218878,-9.70262483352,12.3));
#9427 = CARTESIAN_POINT('',(-14.12410025037,-9.71293367457,12.3));
#9428 = CARTESIAN_POINT('',(-14.15361199569,-9.737557377551,12.3));
#9429 = CARTESIAN_POINT('',(-14.202986159,-9.781524042782,12.3));
#9430 = CARTESIAN_POINT('',(-14.26325945791,-9.838603043825,12.3));
#9431 = CARTESIAN_POINT('',(-14.33361971769,-9.909543815507,12.3));
#9432 = CARTESIAN_POINT('',(-14.41325177015,-9.995013702798,12.3));
#9433 = CARTESIAN_POINT('',(-14.50129682557,-10.09565793039,12.3));
#9434 = CARTESIAN_POINT('',(-14.59686913143,-10.21207636382,12.3));
#9435 = CARTESIAN_POINT('',(-14.69905255178,-10.34482962579,12.3));
#9436 = CARTESIAN_POINT('',(-14.80690396663,-10.49443542871,12.3));
#9437 = CARTESIAN_POINT('',(-14.91945452504,-10.66136816711,12.3));
#9438 = CARTESIAN_POINT('',(-15.03571153434,-10.84605771967,12.3));
#9439 = CARTESIAN_POINT('',(-15.1546606598,-11.04888793367,12.3));
#9440 = CARTESIAN_POINT('',(-15.27526618213,-11.27019806126,12.3));
#9441 = CARTESIAN_POINT('',(-15.39647976404,-11.51027196348,12.3));
#9442 = CARTESIAN_POINT('',(-15.47458969377,-11.67790223615,12.3));
#9443 = CARTESIAN_POINT('',(-15.51351591302,-11.76485121097,12.3));
#9444 = PCURVE('',#4146,#9445);
#9445 = DEFINITIONAL_REPRESENTATION('',(#9446),#9465);
#9446 = B_SPLINE_CURVE_WITH_KNOTS('',3,(#9447,#9448,#9449,#9450,#9451,
    #9452,#9453,#9454,#9455,#9456,#9457,#9458,#9459,#9460,#9461,#9462,
    #9463,#9464),.UNSPECIFIED.,.F.,.F.,(4,1,1,1,1,1,1,1,1,1,1,1,1,1,1,4)
  ,(0.,4.919943322603E-02,0.115298688747,0.198297768641,0.298196673931,
    0.414995405195,0.548693962792,0.699292346962,0.86679055787,
    1.051188595638,1.252486460354,1.470684152089,1.705781670896,
    1.95777901682,2.226676189894,2.512473190149),.UNSPECIFIED.);
#9447 = CARTESIAN_POINT('',(-14.11134218878,-9.70262483352));
#9448 = CARTESIAN_POINT('',(-14.12410025037,-9.71293367457));
#9449 = CARTESIAN_POINT('',(-14.15361199569,-9.737557377551));
#9450 = CARTESIAN_POINT('',(-14.202986159,-9.781524042782));
#9451 = CARTESIAN_POINT('',(-14.26325945791,-9.838603043825));
#9452 = CARTESIAN_POINT('',(-14.33361971769,-9.909543815507));
#9453 = CARTESIAN_POINT('',(-14.41325177015,-9.995013702798));
#9454 = CARTESIAN_POINT('',(-14.50129682557,-10.09565793039));
#9455 = CARTESIAN_POINT('',(-14.59686913143,-10.21207636382));
#9456 = CARTESIAN_POINT('',(-14.69905255178,-10.34482962579));
#9457 = CARTESIAN_POINT('',(-14.80690396663,-10.49443542871));
#9458 = CARTESIAN_POINT('',(-14.91945452504,-10.66136816711));
#9459 = CARTESIAN_POINT('',(-15.03571153434,-10.84605771967));
#9460 = CARTESIAN_POINT('',(-15.1546606598,-11.04888793367));
#9461 = CARTESIAN_POINT('',(-15.27526618213,-11.27019806126));
#9462 = CARTESIAN_POINT('',(-15.39647976404,-11.51027196348));
#9463 = CARTESIAN_POINT('',(-15.47458969377,-11.67790223615));
#9464 = CARTESIAN_POINT('',(-15.51351591302,-11.76485121097));
#9465 = ( GEOMETRIC_REPRESENTATION_CONTEXT(2) 
PARAMETRIC_REPRESENTATION_CONTEXT() REPRESENTATION_CONTEXT('2D SPACE',''
  ) );
#9466 = PCURVE('',#5246,#9467);
#9467 = DEFINITIONAL_REPRESENTATION('',(#9468),#9472);
#9468 = LINE('',#9469,#9470);
#9469 = CARTESIAN_POINT('',(0.,-12.3));
#9470 = VECTOR('',#9471,1.);
#9471 = DIRECTION('',(1.,0.));
#9472 = ( GEOMETRIC_REPRESENTATION_CONTEXT(2) 
PARAMETRIC_REPRESENTATION_CONTEXT() REPRESENTATION_CONTEXT('2D SPACE',''
  ) );
#9473 = ORIENTED_EDGE('',*,*,#9474,.T.);
#9474 = EDGE_CURVE('',#9422,#9475,#9477,.T.);
#9475 = VERTEX_POINT('',#9476);
#9476 = CARTESIAN_POINT('',(-14.92196387815,-12.50663400036,12.3));
#9477 = SURFACE_CURVE('',#9478,(#9483,#9490),.PCURVE_S1.);
#9478 = CIRCLE('',#9479,19.469999999992);
#9479 = AXIS2_PLACEMENT_3D('',#9480,#9481,#9482);
#9480 = CARTESIAN_POINT('',(-6.576961197879E-12,-5.281108883537E-12,12.3
    ));
#9481 = DIRECTION('',(0.,0.,1.));
#9482 = DIRECTION('',(-0.796790750541,-0.604255326706,0.));
#9483 = PCURVE('',#4146,#9484);
#9484 = DEFINITIONAL_REPRESENTATION('',(#9485),#9489);
#9485 = CIRCLE('',#9486,19.469999999992);
#9486 = AXIS2_PLACEMENT_2D('',#9487,#9488);
#9487 = CARTESIAN_POINT('',(-6.570531495475E-12,-5.290008993893E-12));
#9488 = DIRECTION('',(-0.796790750541,-0.604255326706));
#9489 = ( GEOMETRIC_REPRESENTATION_CONTEXT(2) 
PARAMETRIC_REPRESENTATION_CONTEXT() REPRESENTATION_CONTEXT('2D SPACE',''
  ) );
#9490 = PCURVE('',#5292,#9491);
#9491 = DEFINITIONAL_REPRESENTATION('',(#9492),#9496);
#9492 = LINE('',#9493,#9494);
#9493 = CARTESIAN_POINT('',(0.,-12.3));
#9494 = VECTOR('',#9495,1.);
#9495 = DIRECTION('',(-1.,0.));
#9496 = ( GEOMETRIC_REPRESENTATION_CONTEXT(2) 
PARAMETRIC_REPRESENTATION_CONTEXT() REPRESENTATION_CONTEXT('2D SPACE',''
  ) );
#9497 = ORIENTED_EDGE('',*,*,#9498,.T.);
#9498 = EDGE_CURVE('',#9475,#9499,#9501,.T.);
#9499 = VERTEX_POINT('',#9500);
#9500 = CARTESIAN_POINT('',(-12.59942881485,-11.59850423841,12.3));
#9501 = SURFACE_CURVE('',#9502,(#9521,#9543),.PCURVE_S1.);
#9502 = B_SPLINE_CURVE_WITH_KNOTS('',3,(#9503,#9504,#9505,#9506,#9507,
    #9508,#9509,#9510,#9511,#9512,#9513,#9514,#9515,#9516,#9517,#9518,
    #9519,#9520),.UNSPECIFIED.,.F.,.F.,(4,1,1,1,1,1,1,1,1,1,1,1,1,1,1,4)
  ,(0.,0.285797000255,0.55469417333,0.806691519253,1.04178903806,
    1.259986729795,1.461284594512,1.645682632279,1.813180843187,
    1.963779227357,2.097477784955,2.214276516218,2.314175421508,
    2.397174501402,2.463273756923,2.512473190149),.UNSPECIFIED.);
#9503 = CARTESIAN_POINT('',(-14.92196387815,-12.50663400036,12.3));
#9504 = CARTESIAN_POINT('',(-14.828532997,-12.48803170978,12.3));
#9505 = CARTESIAN_POINT('',(-14.64772447073,-12.4491814039,12.3));
#9506 = CARTESIAN_POINT('',(-14.38669716302,-12.3844283685,12.3));
#9507 = CARTESIAN_POINT('',(-14.14409848891,-12.31609281471,12.3));
#9508 = CARTESIAN_POINT('',(-13.91988498136,-12.24525996081,12.3));
#9509 = CARTESIAN_POINT('',(-13.71395636319,-12.17301504919,12.3));
#9510 = CARTESIAN_POINT('',(-13.52616412169,-12.10043239712,12.3));
#9511 = CARTESIAN_POINT('',(-13.35631005105,-12.02857546541,12.3));
#9512 = CARTESIAN_POINT('',(-13.20414724039,-11.95849437658,12.3));
#9513 = CARTESIAN_POINT('',(-13.06938082138,-11.89122380651,12.3));
#9514 = CARTESIAN_POINT('',(-12.95166808674,-11.82778167197,12.3));
#9515 = CARTESIAN_POINT('',(-12.85062130928,-11.76916500046,12.3));
#9516 = CARTESIAN_POINT('',(-12.76580254014,-11.71635462607,12.3));
#9517 = CARTESIAN_POINT('',(-12.69674255805,-11.67029377722,12.3));
#9518 = CARTESIAN_POINT('',(-12.64289144398,-11.63194103069,12.3));
#9519 = CARTESIAN_POINT('',(-12.61231812751,-11.60864849582,12.3));
#9520 = CARTESIAN_POINT('',(-12.59942881485,-11.59850423841,12.3));
#9521 = PCURVE('',#4146,#9522);
#9522 = DEFINITIONAL_REPRESENTATION('',(#9523),#9542);
#9523 = B_SPLINE_CURVE_WITH_KNOTS('',3,(#9524,#9525,#9526,#9527,#9528,
    #9529,#9530,#9531,#9532,#9533,#9534,#9535,#9536,#9537,#9538,#9539,
    #9540,#9541),.UNSPECIFIED.,.F.,.F.,(4,1,1,1,1,1,1,1,1,1,1,1,1,1,1,4)
  ,(0.,0.285797000255,0.55469417333,0.806691519253,1.04178903806,
    1.259986729795,1.461284594512,1.645682632279,1.813180843187,
    1.963779227357,2.097477784955,2.214276516218,2.314175421508,
    2.397174501402,2.463273756923,2.512473190149),.UNSPECIFIED.);
#9524 = CARTESIAN_POINT('',(-14.92196387815,-12.50663400036));
#9525 = CARTESIAN_POINT('',(-14.828532997,-12.48803170978));
#9526 = CARTESIAN_POINT('',(-14.64772447073,-12.4491814039));
#9527 = CARTESIAN_POINT('',(-14.38669716302,-12.3844283685));
#9528 = CARTESIAN_POINT('',(-14.14409848891,-12.31609281471));
#9529 = CARTESIAN_POINT('',(-13.91988498136,-12.24525996081));
#9530 = CARTESIAN_POINT('',(-13.71395636319,-12.17301504919));
#9531 = CARTESIAN_POINT('',(-13.52616412169,-12.10043239712));
#9532 = CARTESIAN_POINT('',(-13.35631005105,-12.02857546541));
#9533 = CARTESIAN_POINT('',(-13.20414724039,-11.95849437658));
#9534 = CARTESIAN_POINT('',(-13.06938082138,-11.89122380651));
#9535 = CARTESIAN_POINT('',(-12.95166808674,-11.82778167197));
#9536 = CARTESIAN_POINT('',(-12.85062130928,-11.76916500046));
#9537 = CARTESIAN_POINT('',(-12.76580254014,-11.71635462607));
#9538 = CARTESIAN_POINT('',(-12.69674255805,-11.67029377722));
#9539 = CARTESIAN_POINT('',(-12.64289144398,-11.63194103069));
#9540 = CARTESIAN_POINT('',(-12.61231812751,-11.60864849582));
#9541 = CARTESIAN_POINT('',(-12.59942881485,-11.59850423841));
#9542 = ( GEOMETRIC_REPRESENTATION_CONTEXT(2) 
PARAMETRIC_REPRESENTATION_CONTEXT() REPRESENTATION_CONTEXT('2D SPACE',''
  ) );
#9543 = PCURVE('',#5350,#9544);
#9544 = DEFINITIONAL_REPRESENTATION('',(#9545),#9549);
#9545 = LINE('',#9546,#9547);
#9546 = CARTESIAN_POINT('',(0.,-12.3));
#9547 = VECTOR('',#9548,1.);
#9548 = DIRECTION('',(1.,0.));
#9549 = ( GEOMETRIC_REPRESENTATION_CONTEXT(2) 
PARAMETRIC_REPRESENTATION_CONTEXT() REPRESENTATION_CONTEXT('2D SPACE',''
  ) );
#9550 = ORIENTED_EDGE('',*,*,#9551,.T.);
#9551 = EDGE_CURVE('',#9499,#9552,#9554,.T.);
#9552 = VERTEX_POINT('',#9553);
#9553 = CARTESIAN_POINT('',(-11.9317094892,-11.64175001755,12.3));
#9554 = SURFACE_CURVE('',#9555,(#9560,#9571),.PCURVE_S1.);
#9555 = CIRCLE('',#9556,0.500000000072);
#9556 = AXIS2_PLACEMENT_3D('',#9557,#9558,#9559);
#9557 = CARTESIAN_POINT('',(-12.28958460374,-11.99092819909,12.3));
#9558 = DIRECTION('',(0.,0.,-1.));
#9559 = DIRECTION('',(-0.619688422138,0.784847921236,0.));
#9560 = PCURVE('',#4146,#9561);
#9561 = DEFINITIONAL_REPRESENTATION('',(#9562),#9570);
#9562 = ( BOUNDED_CURVE() B_SPLINE_CURVE(2,(#9563,#9564,#9565,#9566,
#9567,#9568,#9569),.UNSPECIFIED.,.T.,.F.) B_SPLINE_CURVE_WITH_KNOTS((1,2
    ,2,2,2,1),(-2.094395102393,0.,2.094395102393,4.188790204786,
6.28318530718,8.377580409573),.UNSPECIFIED.) CURVE() 
GEOMETRIC_REPRESENTATION_ITEM() RATIONAL_B_SPLINE_CURVE((1.,0.5,1.,0.5,
1.,0.5,1.)) REPRESENTATION_ITEM('') );
#9563 = CARTESIAN_POINT('',(-12.59942881485,-11.59850423841));
#9564 = CARTESIAN_POINT('',(-11.91973057685,-11.06183832233));
#9565 = CARTESIAN_POINT('',(-11.79481337918,-11.91880722138));
#9566 = CARTESIAN_POINT('',(-11.66989618151,-12.77577612044));
#9567 = CARTESIAN_POINT('',(-12.47451161718,-12.45547313746));
#9568 = CARTESIAN_POINT('',(-13.27912705284,-12.13517015449));
#9569 = CARTESIAN_POINT('',(-12.59942881485,-11.59850423841));
#9570 = ( GEOMETRIC_REPRESENTATION_CONTEXT(2) 
PARAMETRIC_REPRESENTATION_CONTEXT() REPRESENTATION_CONTEXT('2D SPACE',''
  ) );
#9571 = PCURVE('',#5400,#9572);
#9572 = DEFINITIONAL_REPRESENTATION('',(#9573),#9577);
#9573 = LINE('',#9574,#9575);
#9574 = CARTESIAN_POINT('',(0.,-12.3));
#9575 = VECTOR('',#9576,1.);
#9576 = DIRECTION('',(1.,0.));
#9577 = ( GEOMETRIC_REPRESENTATION_CONTEXT(2) 
PARAMETRIC_REPRESENTATION_CONTEXT() REPRESENTATION_CONTEXT('2D SPACE',''
  ) );
#9578 = ORIENTED_EDGE('',*,*,#9579,.T.);
#9579 = EDGE_CURVE('',#9552,#9580,#9582,.T.);
#9580 = VERTEX_POINT('',#9581);
#9581 = CARTESIAN_POINT('',(-11.64175001755,-11.9317094892,12.3));
#9582 = SURFACE_CURVE('',#9583,(#9588,#9595),.PCURVE_S1.);
#9583 = CIRCLE('',#9584,16.670214000022);
#9584 = AXIS2_PLACEMENT_3D('',#9585,#9586,#9587);
#9585 = CARTESIAN_POINT('',(1.542854732861E-11,1.543210004229E-11,12.3)
  );
#9586 = DIRECTION('',(0.,0.,1.));
#9587 = DIRECTION('',(-0.715750229073,-0.698356362885,0.));
#9588 = PCURVE('',#4146,#9589);
#9589 = DEFINITIONAL_REPRESENTATION('',(#9590),#9594);
#9590 = CIRCLE('',#9591,16.670214000022);
#9591 = AXIS2_PLACEMENT_2D('',#9592,#9593);
#9592 = CARTESIAN_POINT('',(1.543497703102E-11,1.542319993193E-11));
#9593 = DIRECTION('',(-0.715750229073,-0.698356362885));
#9594 = ( GEOMETRIC_REPRESENTATION_CONTEXT(2) 
PARAMETRIC_REPRESENTATION_CONTEXT() REPRESENTATION_CONTEXT('2D SPACE',''
  ) );
#9595 = PCURVE('',#5429,#9596);
#9596 = DEFINITIONAL_REPRESENTATION('',(#9597),#9601);
#9597 = LINE('',#9598,#9599);
#9598 = CARTESIAN_POINT('',(0.,-12.3));
#9599 = VECTOR('',#9600,1.);
#9600 = DIRECTION('',(-1.,0.));
#9601 = ( GEOMETRIC_REPRESENTATION_CONTEXT(2) 
PARAMETRIC_REPRESENTATION_CONTEXT() REPRESENTATION_CONTEXT('2D SPACE',''
  ) );
#9602 = ORIENTED_EDGE('',*,*,#9603,.T.);
#9603 = EDGE_CURVE('',#9580,#9604,#9606,.T.);
#9604 = VERTEX_POINT('',#9605);
#9605 = CARTESIAN_POINT('',(-11.59850423841,-12.59942881485,12.3));
#9606 = SURFACE_CURVE('',#9607,(#9612,#9623),.PCURVE_S1.);
#9607 = CIRCLE('',#9608,0.500000000072);
#9608 = AXIS2_PLACEMENT_3D('',#9609,#9610,#9611);
#9609 = CARTESIAN_POINT('',(-11.99092819909,-12.28958460374,12.3));
#9610 = DIRECTION('',(0.,0.,-1.));
#9611 = DIRECTION('',(0.698356362983,0.715750228978,0.));
#9612 = PCURVE('',#4146,#9613);
#9613 = DEFINITIONAL_REPRESENTATION('',(#9614),#9622);
#9614 = ( BOUNDED_CURVE() B_SPLINE_CURVE(2,(#9615,#9616,#9617,#9618,
#9619,#9620,#9621),.UNSPECIFIED.,.T.,.F.) B_SPLINE_CURVE_WITH_KNOTS((1,2
    ,2,2,2,1),(-2.094395102393,0.,2.094395102393,4.188790204786,
6.28318530718,8.377580409573),.UNSPECIFIED.) CURVE() 
GEOMETRIC_REPRESENTATION_ITEM() RATIONAL_B_SPLINE_CURVE((1.,0.5,1.,0.5,
1.,0.5,1.)) REPRESENTATION_ITEM('') );
#9615 = CARTESIAN_POINT('',(-11.64175001755,-11.9317094892));
#9616 = CARTESIAN_POINT('',(-11.0218921364,-12.53650384052));
#9617 = CARTESIAN_POINT('',(-11.85558834928,-12.77091933667));
#9618 = CARTESIAN_POINT('',(-12.68928456217,-13.00533483282));
#9619 = CARTESIAN_POINT('',(-12.47544623043,-12.16612498534));
#9620 = CARTESIAN_POINT('',(-12.26160789869,-11.32691513787));
#9621 = CARTESIAN_POINT('',(-11.64175001755,-11.9317094892));
#9622 = ( GEOMETRIC_REPRESENTATION_CONTEXT(2) 
PARAMETRIC_REPRESENTATION_CONTEXT() REPRESENTATION_CONTEXT('2D SPACE',''
  ) );
#9623 = PCURVE('',#5462,#9624);
#9624 = DEFINITIONAL_REPRESENTATION('',(#9625),#9629);
#9625 = LINE('',#9626,#9627);
#9626 = CARTESIAN_POINT('',(0.,-12.3));
#9627 = VECTOR('',#9628,1.);
#9628 = DIRECTION('',(1.,0.));
#9629 = ( GEOMETRIC_REPRESENTATION_CONTEXT(2) 
PARAMETRIC_REPRESENTATION_CONTEXT() REPRESENTATION_CONTEXT('2D SPACE',''
  ) );
#9630 = ORIENTED_EDGE('',*,*,#9631,.T.);
#9631 = EDGE_CURVE('',#9604,#9632,#9634,.T.);
#9632 = VERTEX_POINT('',#9633);
#9633 = CARTESIAN_POINT('',(-12.50663400036,-14.92196387815,12.3));
#9634 = SURFACE_CURVE('',#9635,(#9654,#9676),.PCURVE_S1.);
#9635 = B_SPLINE_CURVE_WITH_KNOTS('',3,(#9636,#9637,#9638,#9639,#9640,
    #9641,#9642,#9643,#9644,#9645,#9646,#9647,#9648,#9649,#9650,#9651,
    #9652,#9653),.UNSPECIFIED.,.F.,.F.,(4,1,1,1,1,1,1,1,1,1,1,1,1,1,1,4)
  ,(0.,4.919943322603E-02,0.115298688747,0.198297768641,0.298196673931,
    0.414995405195,0.548693962792,0.699292346962,0.86679055787,
    1.051188595638,1.252486460354,1.470684152089,1.705781670896,
    1.95777901682,2.226676189894,2.512473190149),.UNSPECIFIED.);
#9636 = CARTESIAN_POINT('',(-11.59850423841,-12.59942881485,12.3));
#9637 = CARTESIAN_POINT('',(-11.60864849582,-12.61231812751,12.3));
#9638 = CARTESIAN_POINT('',(-11.63194103069,-12.64289144398,12.3));
#9639 = CARTESIAN_POINT('',(-11.67029377722,-12.69674255805,12.3));
#9640 = CARTESIAN_POINT('',(-11.71635462607,-12.76580254014,12.3));
#9641 = CARTESIAN_POINT('',(-11.76916500046,-12.85062130928,12.3));
#9642 = CARTESIAN_POINT('',(-11.82778167197,-12.95166808674,12.3));
#9643 = CARTESIAN_POINT('',(-11.89122380651,-13.06938082138,12.3));
#9644 = CARTESIAN_POINT('',(-11.95849437658,-13.20414724039,12.3));
#9645 = CARTESIAN_POINT('',(-12.02857546541,-13.35631005105,12.3));
#9646 = CARTESIAN_POINT('',(-12.10043239712,-13.52616412169,12.3));
#9647 = CARTESIAN_POINT('',(-12.17301504919,-13.71395636319,12.3));
#9648 = CARTESIAN_POINT('',(-12.24525996081,-13.91988498136,12.3));
#9649 = CARTESIAN_POINT('',(-12.31609281471,-14.14409848891,12.3));
#9650 = CARTESIAN_POINT('',(-12.3844283685,-14.38669716302,12.3));
#9651 = CARTESIAN_POINT('',(-12.4491814039,-14.64772447073,12.3));
#9652 = CARTESIAN_POINT('',(-12.48803170978,-14.828532997,12.3));
#9653 = CARTESIAN_POINT('',(-12.50663400036,-14.92196387815,12.3));
#9654 = PCURVE('',#4146,#9655);
#9655 = DEFINITIONAL_REPRESENTATION('',(#9656),#9675);
#9656 = B_SPLINE_CURVE_WITH_KNOTS('',3,(#9657,#9658,#9659,#9660,#9661,
    #9662,#9663,#9664,#9665,#9666,#9667,#9668,#9669,#9670,#9671,#9672,
    #9673,#9674),.UNSPECIFIED.,.F.,.F.,(4,1,1,1,1,1,1,1,1,1,1,1,1,1,1,4)
  ,(0.,4.919943322603E-02,0.115298688747,0.198297768641,0.298196673931,
    0.414995405195,0.548693962792,0.699292346962,0.86679055787,
    1.051188595638,1.252486460354,1.470684152089,1.705781670896,
    1.95777901682,2.226676189894,2.512473190149),.UNSPECIFIED.);
#9657 = CARTESIAN_POINT('',(-11.59850423841,-12.59942881485));
#9658 = CARTESIAN_POINT('',(-11.60864849582,-12.61231812751));
#9659 = CARTESIAN_POINT('',(-11.63194103069,-12.64289144398));
#9660 = CARTESIAN_POINT('',(-11.67029377722,-12.69674255805));
#9661 = CARTESIAN_POINT('',(-11.71635462607,-12.76580254014));
#9662 = CARTESIAN_POINT('',(-11.76916500046,-12.85062130928));
#9663 = CARTESIAN_POINT('',(-11.82778167197,-12.95166808674));
#9664 = CARTESIAN_POINT('',(-11.89122380651,-13.06938082138));
#9665 = CARTESIAN_POINT('',(-11.95849437658,-13.20414724039));
#9666 = CARTESIAN_POINT('',(-12.02857546541,-13.35631005105));
#9667 = CARTESIAN_POINT('',(-12.10043239712,-13.52616412169));
#9668 = CARTESIAN_POINT('',(-12.17301504919,-13.71395636319));
#9669 = CARTESIAN_POINT('',(-12.24525996081,-13.91988498136));
#9670 = CARTESIAN_POINT('',(-12.31609281471,-14.14409848891));
#9671 = CARTESIAN_POINT('',(-12.3844283685,-14.38669716302));
#9672 = CARTESIAN_POINT('',(-12.4491814039,-14.64772447073));
#9673 = CARTESIAN_POINT('',(-12.48803170978,-14.828532997));
#9674 = CARTESIAN_POINT('',(-12.50663400036,-14.92196387815));
#9675 = ( GEOMETRIC_REPRESENTATION_CONTEXT(2) 
PARAMETRIC_REPRESENTATION_CONTEXT() REPRESENTATION_CONTEXT('2D SPACE',''
  ) );
#9676 = PCURVE('',#5520,#9677);
#9677 = DEFINITIONAL_REPRESENTATION('',(#9678),#9682);
#9678 = LINE('',#9679,#9680);
#9679 = CARTESIAN_POINT('',(0.,-12.3));
#9680 = VECTOR('',#9681,1.);
#9681 = DIRECTION('',(1.,0.));
#9682 = ( GEOMETRIC_REPRESENTATION_CONTEXT(2) 
PARAMETRIC_REPRESENTATION_CONTEXT() REPRESENTATION_CONTEXT('2D SPACE',''
  ) );
#9683 = ORIENTED_EDGE('',*,*,#9684,.T.);
#9684 = EDGE_CURVE('',#9632,#9685,#9687,.T.);
#9685 = VERTEX_POINT('',#9686);
#9686 = CARTESIAN_POINT('',(-11.76485121097,-15.51351591302,12.3));
#9687 = SURFACE_CURVE('',#9688,(#9693,#9700),.PCURVE_S1.);
#9688 = CIRCLE('',#9689,19.470000000012);
#9689 = AXIS2_PLACEMENT_3D('',#9690,#9691,#9692);
#9690 = CARTESIAN_POINT('',(7.599254558954E-12,9.589662397502E-12,12.3)
  );
#9691 = DIRECTION('',(0.,0.,1.));
#9692 = DIRECTION('',(-0.642354083224,-0.766408006069,0.));
#9693 = PCURVE('',#4146,#9694);
#9694 = DEFINITIONAL_REPRESENTATION('',(#9695),#9699);
#9695 = CIRCLE('',#9696,19.470000000012);
#9696 = AXIS2_PLACEMENT_2D('',#9697,#9698);
#9697 = CARTESIAN_POINT('',(7.605684261359E-12,9.580762287146E-12));
#9698 = DIRECTION('',(-0.642354083224,-0.766408006069));
#9699 = ( GEOMETRIC_REPRESENTATION_CONTEXT(2) 
PARAMETRIC_REPRESENTATION_CONTEXT() REPRESENTATION_CONTEXT('2D SPACE',''
  ) );
#9700 = PCURVE('',#5566,#9701);
#9701 = DEFINITIONAL_REPRESENTATION('',(#9702),#9706);
#9702 = LINE('',#9703,#9704);
#9703 = CARTESIAN_POINT('',(0.,-12.3));
#9704 = VECTOR('',#9705,1.);
#9705 = DIRECTION('',(-1.,0.));
#9706 = ( GEOMETRIC_REPRESENTATION_CONTEXT(2) 
PARAMETRIC_REPRESENTATION_CONTEXT() REPRESENTATION_CONTEXT('2D SPACE',''
  ) );
#9707 = ORIENTED_EDGE('',*,*,#9708,.T.);
#9708 = EDGE_CURVE('',#9685,#9709,#9711,.T.);
#9709 = VERTEX_POINT('',#9710);
#9710 = CARTESIAN_POINT('',(-9.70262483352,-14.11134218878,12.3));
#9711 = SURFACE_CURVE('',#9712,(#9731,#9753),.PCURVE_S1.);
#9712 = B_SPLINE_CURVE_WITH_KNOTS('',3,(#9713,#9714,#9715,#9716,#9717,
    #9718,#9719,#9720,#9721,#9722,#9723,#9724,#9725,#9726,#9727,#9728,
    #9729,#9730),.UNSPECIFIED.,.F.,.F.,(4,1,1,1,1,1,1,1,1,1,1,1,1,1,1,4)
  ,(0.,0.285797000255,0.55469417333,0.806691519253,1.04178903806,
    1.259986729795,1.461284594512,1.645682632279,1.813180843187,
    1.963779227357,2.097477784955,2.214276516218,2.314175421508,
    2.397174501402,2.463273756923,2.512473190149),.UNSPECIFIED.);
#9713 = CARTESIAN_POINT('',(-11.76485121097,-15.51351591302,12.3));
#9714 = CARTESIAN_POINT('',(-11.67790223615,-15.47458969377,12.3));
#9715 = CARTESIAN_POINT('',(-11.51027196348,-15.39647976404,12.3));
#9716 = CARTESIAN_POINT('',(-11.27019806126,-15.27526618213,12.3));
#9717 = CARTESIAN_POINT('',(-11.04888793367,-15.1546606598,12.3));
#9718 = CARTESIAN_POINT('',(-10.84605771967,-15.03571153434,12.3));
#9719 = CARTESIAN_POINT('',(-10.66136816711,-14.91945452504,12.3));
#9720 = CARTESIAN_POINT('',(-10.49443542871,-14.80690396663,12.3));
#9721 = CARTESIAN_POINT('',(-10.34482962579,-14.69905255178,12.3));
#9722 = CARTESIAN_POINT('',(-10.21207636382,-14.59686913143,12.3));
#9723 = CARTESIAN_POINT('',(-10.09565793039,-14.50129682557,12.3));
#9724 = CARTESIAN_POINT('',(-9.995013702798,-14.41325177015,12.3));
#9725 = CARTESIAN_POINT('',(-9.909543815507,-14.33361971769,12.3));
#9726 = CARTESIAN_POINT('',(-9.838603043825,-14.26325945791,12.3));
#9727 = CARTESIAN_POINT('',(-9.781524042782,-14.202986159,12.3));
#9728 = CARTESIAN_POINT('',(-9.737557377551,-14.15361199569,12.3));
#9729 = CARTESIAN_POINT('',(-9.71293367457,-14.12410025037,12.3));
#9730 = CARTESIAN_POINT('',(-9.70262483352,-14.11134218878,12.3));
#9731 = PCURVE('',#4146,#9732);
#9732 = DEFINITIONAL_REPRESENTATION('',(#9733),#9752);
#9733 = B_SPLINE_CURVE_WITH_KNOTS('',3,(#9734,#9735,#9736,#9737,#9738,
    #9739,#9740,#9741,#9742,#9743,#9744,#9745,#9746,#9747,#9748,#9749,
    #9750,#9751),.UNSPECIFIED.,.F.,.F.,(4,1,1,1,1,1,1,1,1,1,1,1,1,1,1,4)
  ,(0.,0.285797000255,0.55469417333,0.806691519253,1.04178903806,
    1.259986729795,1.461284594512,1.645682632279,1.813180843187,
    1.963779227357,2.097477784955,2.214276516218,2.314175421508,
    2.397174501402,2.463273756923,2.512473190149),.UNSPECIFIED.);
#9734 = CARTESIAN_POINT('',(-11.76485121097,-15.51351591302));
#9735 = CARTESIAN_POINT('',(-11.67790223615,-15.47458969377));
#9736 = CARTESIAN_POINT('',(-11.51027196348,-15.39647976404));
#9737 = CARTESIAN_POINT('',(-11.27019806126,-15.27526618213));
#9738 = CARTESIAN_POINT('',(-11.04888793367,-15.1546606598));
#9739 = CARTESIAN_POINT('',(-10.84605771967,-15.03571153434));
#9740 = CARTESIAN_POINT('',(-10.66136816711,-14.91945452504));
#9741 = CARTESIAN_POINT('',(-10.49443542871,-14.80690396663));
#9742 = CARTESIAN_POINT('',(-10.34482962579,-14.69905255178));
#9743 = CARTESIAN_POINT('',(-10.21207636382,-14.59686913143));
#9744 = CARTESIAN_POINT('',(-10.09565793039,-14.50129682557));
#9745 = CARTESIAN_POINT('',(-9.995013702798,-14.41325177015));
#9746 = CARTESIAN_POINT('',(-9.909543815507,-14.33361971769));
#9747 = CARTESIAN_POINT('',(-9.838603043825,-14.26325945791));
#9748 = CARTESIAN_POINT('',(-9.781524042782,-14.202986159));
#9749 = CARTESIAN_POINT('',(-9.737557377551,-14.15361199569));
#9750 = CARTESIAN_POINT('',(-9.71293367457,-14.12410025037));
#9751 = CARTESIAN_POINT('',(-9.70262483352,-14.11134218878));
#9752 = ( GEOMETRIC_REPRESENTATION_CONTEXT(2) 
PARAMETRIC_REPRESENTATION_CONTEXT() REPRESENTATION_CONTEXT('2D SPACE',''
  ) );
#9753 = PCURVE('',#5624,#9754);
#9754 = DEFINITIONAL_REPRESENTATION('',(#9755),#9759);
#9755 = LINE('',#9756,#9757);
#9756 = CARTESIAN_POINT('',(0.,-12.3));
#9757 = VECTOR('',#9758,1.);
#9758 = DIRECTION('',(1.,0.));
#9759 = ( GEOMETRIC_REPRESENTATION_CONTEXT(2) 
PARAMETRIC_REPRESENTATION_CONTEXT() REPRESENTATION_CONTEXT('2D SPACE',''
  ) );
#9760 = ORIENTED_EDGE('',*,*,#9761,.T.);
#9761 = EDGE_CURVE('',#9709,#9762,#9764,.T.);
#9762 = VERTEX_POINT('',#9763);
#9763 = CARTESIAN_POINT('',(-9.042023534275,-14.00492217798,12.3));
#9764 = SURFACE_CURVE('',#9765,(#9770,#9781),.PCURVE_S1.);
#9765 = CIRCLE('',#9766,0.500000000072);
#9766 = AXIS2_PLACEMENT_3D('',#9767,#9768,#9769);
#9767 = CARTESIAN_POINT('',(-9.313226517441,-14.42498043822,12.3));
#9768 = DIRECTION('',(0.,0.,-1.));
#9769 = DIRECTION('',(-0.778796632045,0.627276498775,0.));
#9770 = PCURVE('',#4146,#9771);
#9771 = DEFINITIONAL_REPRESENTATION('',(#9772),#9780);
#9772 = ( BOUNDED_CURVE() B_SPLINE_CURVE(2,(#9773,#9774,#9775,#9776,
#9777,#9778,#9779),.UNSPECIFIED.,.T.,.F.) B_SPLINE_CURVE_WITH_KNOTS((1,2
    ,2,2,2,1),(-2.094395102393,0.,2.094395102393,4.188790204786,
6.28318530718,8.377580409573),.UNSPECIFIED.) CURVE() 
GEOMETRIC_REPRESENTATION_ITEM() RATIONAL_B_SPLINE_CURVE((1.,0.5,1.,0.5,
1.,0.5,1.)) REPRESENTATION_ITEM('') );
#9773 = CARTESIAN_POINT('',(-9.70262483352,-14.11134218878));
#9774 = CARTESIAN_POINT('',(-9.159387450306,-13.43688452096));
#9775 = CARTESIAN_POINT('',(-8.846908667795,-14.24457072902));
#9776 = CARTESIAN_POINT('',(-8.534429885285,-15.05225693708));
#9777 = CARTESIAN_POINT('',(-9.390146051009,-14.91902839685));
#9778 = CARTESIAN_POINT('',(-10.24586221673,-14.78579985661));
#9779 = CARTESIAN_POINT('',(-9.70262483352,-14.11134218878));
#9780 = ( GEOMETRIC_REPRESENTATION_CONTEXT(2) 
PARAMETRIC_REPRESENTATION_CONTEXT() REPRESENTATION_CONTEXT('2D SPACE',''
  ) );
#9781 = PCURVE('',#5674,#9782);
#9782 = DEFINITIONAL_REPRESENTATION('',(#9783),#9787);
#9783 = LINE('',#9784,#9785);
#9784 = CARTESIAN_POINT('',(0.,-12.3));
#9785 = VECTOR('',#9786,1.);
#9786 = DIRECTION('',(1.,0.));
#9787 = ( GEOMETRIC_REPRESENTATION_CONTEXT(2) 
PARAMETRIC_REPRESENTATION_CONTEXT() REPRESENTATION_CONTEXT('2D SPACE',''
  ) );
#9788 = ORIENTED_EDGE('',*,*,#9789,.T.);
#9789 = EDGE_CURVE('',#9762,#9790,#9792,.T.);
#9790 = VERTEX_POINT('',#9791);
#9791 = CARTESIAN_POINT('',(-8.694811899521,-14.22308970785,12.3));
#9792 = SURFACE_CURVE('',#9793,(#9798,#9805),.PCURVE_S1.);
#9793 = CIRCLE('',#9794,16.670213999977);
#9794 = AXIS2_PLACEMENT_3D('',#9795,#9796,#9797);
#9795 = CARTESIAN_POINT('',(-1.248245951047E-11,-1.987832121131E-11,12.3
    ));
#9796 = DIRECTION('',(0.,0.,1.));
#9797 = DIRECTION('',(-0.542405966371,-0.840116520279,0.));
#9798 = PCURVE('',#4146,#9799);
#9799 = DEFINITIONAL_REPRESENTATION('',(#9800),#9804);
#9800 = CIRCLE('',#9801,16.670213999977);
#9801 = AXIS2_PLACEMENT_2D('',#9802,#9803);
#9802 = CARTESIAN_POINT('',(-1.247602980806E-11,-1.988722132166E-11));
#9803 = DIRECTION('',(-0.542405966371,-0.840116520279));
#9804 = ( GEOMETRIC_REPRESENTATION_CONTEXT(2) 
PARAMETRIC_REPRESENTATION_CONTEXT() REPRESENTATION_CONTEXT('2D SPACE',''
  ) );
#9805 = PCURVE('',#5703,#9806);
#9806 = DEFINITIONAL_REPRESENTATION('',(#9807),#9811);
#9807 = LINE('',#9808,#9809);
#9808 = CARTESIAN_POINT('',(0.,-12.3));
#9809 = VECTOR('',#9810,1.);
#9810 = DIRECTION('',(-1.,0.));
#9811 = ( GEOMETRIC_REPRESENTATION_CONTEXT(2) 
PARAMETRIC_REPRESENTATION_CONTEXT() REPRESENTATION_CONTEXT('2D SPACE',''
  ) );
#9812 = ORIENTED_EDGE('',*,*,#9813,.T.);
#9813 = EDGE_CURVE('',#9790,#9814,#9816,.T.);
#9814 = VERTEX_POINT('',#9815);
#9815 = CARTESIAN_POINT('',(-8.504068854395,-14.86444482477,12.3));
#9816 = SURFACE_CURVE('',#9817,(#9822,#9833),.PCURVE_S1.);
#9817 = CIRCLE('',#9818,0.500000000072);
#9818 = AXIS2_PLACEMENT_3D('',#9819,#9820,#9821);
#9819 = CARTESIAN_POINT('',(-8.955600750303,-14.64969160117,12.3));
#9820 = DIRECTION('',(0.,0.,-1.));
#9821 = DIRECTION('',(0.52157770149,0.853203786506,0.));
#9822 = PCURVE('',#4146,#9823);
#9823 = DEFINITIONAL_REPRESENTATION('',(#9824),#9832);
#9824 = ( BOUNDED_CURVE() B_SPLINE_CURVE(2,(#9825,#9826,#9827,#9828,
#9829,#9830,#9831),.UNSPECIFIED.,.T.,.F.) B_SPLINE_CURVE_WITH_KNOTS((1,2
    ,2,2,2,1),(-2.094395102393,0.,2.094395102393,4.188790204786,
6.28318530718,8.377580409573),.UNSPECIFIED.) CURVE() 
GEOMETRIC_REPRESENTATION_ITEM() RATIONAL_B_SPLINE_CURVE((1.,0.5,1.,0.5,
1.,0.5,1.)) REPRESENTATION_ITEM('') );
#9825 = CARTESIAN_POINT('',(-8.694811899521,-14.22308970785));
#9826 = CARTESIAN_POINT('',(-7.955915745696,-14.67478924746));
#9827 = CARTESIAN_POINT('',(-8.716547098782,-15.08884231763));
#9828 = CARTESIAN_POINT('',(-9.477178451868,-15.5028953878));
#9829 = CARTESIAN_POINT('',(-9.455443252607,-14.63714277802));
#9830 = CARTESIAN_POINT('',(-9.433708053346,-13.77139016825));
#9831 = CARTESIAN_POINT('',(-8.694811899521,-14.22308970785));
#9832 = ( GEOMETRIC_REPRESENTATION_CONTEXT(2) 
PARAMETRIC_REPRESENTATION_CONTEXT() REPRESENTATION_CONTEXT('2D SPACE',''
  ) );
#9833 = PCURVE('',#5736,#9834);
#9834 = DEFINITIONAL_REPRESENTATION('',(#9835),#9839);
#9835 = LINE('',#9836,#9837);
#9836 = CARTESIAN_POINT('',(0.,-12.3));
#9837 = VECTOR('',#9838,1.);
#9838 = DIRECTION('',(1.,0.));
#9839 = ( GEOMETRIC_REPRESENTATION_CONTEXT(2) 
PARAMETRIC_REPRESENTATION_CONTEXT() REPRESENTATION_CONTEXT('2D SPACE',''
  ) );
#9840 = ORIENTED_EDGE('',*,*,#9841,.T.);
#9841 = EDGE_CURVE('',#9814,#9842,#9844,.T.);
#9842 = VERTEX_POINT('',#9843);
#9843 = CARTESIAN_POINT('',(-8.872617235768,-17.33082696779,12.3));
#9844 = SURFACE_CURVE('',#9845,(#9864,#9886),.PCURVE_S1.);
#9845 = B_SPLINE_CURVE_WITH_KNOTS('',3,(#9846,#9847,#9848,#9849,#9850,
    #9851,#9852,#9853,#9854,#9855,#9856,#9857,#9858,#9859,#9860,#9861,
    #9862,#9863),.UNSPECIFIED.,.F.,.F.,(4,1,1,1,1,1,1,1,1,1,1,1,1,1,1,4)
  ,(0.,4.919943322603E-02,0.115298688747,0.198297768641,0.298196673931,
    0.414995405195,0.548693962792,0.699292346962,0.86679055787,
    1.051188595638,1.252486460354,1.470684152089,1.705781670896,
    1.95777901682,2.226676189894,2.512473190149),.UNSPECIFIED.);
#9846 = CARTESIAN_POINT('',(-8.504068854395,-14.86444482477,12.3));
#9847 = CARTESIAN_POINT('',(-8.511090632198,-14.87926828509,12.3));
#9848 = CARTESIAN_POINT('',(-8.52699597165,-14.9142581413,12.3));
#9849 = CARTESIAN_POINT('',(-8.552404134557,-14.97529338448,12.3));
#9850 = CARTESIAN_POINT('',(-8.581942850051,-15.05287139174,12.3));
#9851 = CARTESIAN_POINT('',(-8.61455520637,-15.14731499108,12.3));
#9852 = CARTESIAN_POINT('',(-8.649217212249,-15.25887175135,12.3));
#9853 = CARTESIAN_POINT('',(-8.684875172367,-15.38775038501,12.3));
#9854 = CARTESIAN_POINT('',(-8.720470779377,-15.5341070386,12.3));
#9855 = CARTESIAN_POINT('',(-8.754935378244,-15.69804931925,12.3));
#9856 = CARTESIAN_POINT('',(-8.787194620219,-15.87963446527,12.3));
#9857 = CARTESIAN_POINT('',(-8.816169768695,-16.07886952273,12.3));
#9858 = CARTESIAN_POINT('',(-8.840779921102,-16.29571108571,12.3));
#9859 = CARTESIAN_POINT('',(-8.85994464836,-16.53006488531,12.3));
#9860 = CARTESIAN_POINT('',(-8.872583603611,-16.78178719541,12.3));
#9861 = CARTESIAN_POINT('',(-8.877629104921,-17.05067890945,12.3));
#9862 = CARTESIAN_POINT('',(-8.875271670386,-17.23559919482,12.3));
#9863 = CARTESIAN_POINT('',(-8.872617235768,-17.33082696779,12.3));
#9864 = PCURVE('',#4146,#9865);
#9865 = DEFINITIONAL_REPRESENTATION('',(#9866),#9885);
#9866 = B_SPLINE_CURVE_WITH_KNOTS('',3,(#9867,#9868,#9869,#9870,#9871,
    #9872,#9873,#9874,#9875,#9876,#9877,#9878,#9879,#9880,#9881,#9882,
    #9883,#9884),.UNSPECIFIED.,.F.,.F.,(4,1,1,1,1,1,1,1,1,1,1,1,1,1,1,4)
  ,(0.,4.919943322603E-02,0.115298688747,0.198297768641,0.298196673931,
    0.414995405195,0.548693962792,0.699292346962,0.86679055787,
    1.051188595638,1.252486460354,1.470684152089,1.705781670896,
    1.95777901682,2.226676189894,2.512473190149),.UNSPECIFIED.);
#9867 = CARTESIAN_POINT('',(-8.504068854395,-14.86444482477));
#9868 = CARTESIAN_POINT('',(-8.511090632198,-14.87926828509));
#9869 = CARTESIAN_POINT('',(-8.52699597165,-14.9142581413));
#9870 = CARTESIAN_POINT('',(-8.552404134557,-14.97529338448));
#9871 = CARTESIAN_POINT('',(-8.581942850051,-15.05287139174));
#9872 = CARTESIAN_POINT('',(-8.61455520637,-15.14731499108));
#9873 = CARTESIAN_POINT('',(-8.649217212249,-15.25887175135));
#9874 = CARTESIAN_POINT('',(-8.684875172367,-15.38775038501));
#9875 = CARTESIAN_POINT('',(-8.720470779377,-15.5341070386));
#9876 = CARTESIAN_POINT('',(-8.754935378244,-15.69804931925));
#9877 = CARTESIAN_POINT('',(-8.787194620219,-15.87963446527));
#9878 = CARTESIAN_POINT('',(-8.816169768695,-16.07886952273));
#9879 = CARTESIAN_POINT('',(-8.840779921102,-16.29571108571));
#9880 = CARTESIAN_POINT('',(-8.85994464836,-16.53006488531));
#9881 = CARTESIAN_POINT('',(-8.872583603611,-16.78178719541));
#9882 = CARTESIAN_POINT('',(-8.877629104921,-17.05067890945));
#9883 = CARTESIAN_POINT('',(-8.875271670386,-17.23559919482));
#9884 = CARTESIAN_POINT('',(-8.872617235768,-17.33082696779));
#9885 = ( GEOMETRIC_REPRESENTATION_CONTEXT(2) 
PARAMETRIC_REPRESENTATION_CONTEXT() REPRESENTATION_CONTEXT('2D SPACE',''
  ) );
#9886 = PCURVE('',#5794,#9887);
#9887 = DEFINITIONAL_REPRESENTATION('',(#9888),#9892);
#9888 = LINE('',#9889,#9890);
#9889 = CARTESIAN_POINT('',(0.,-12.3));
#9890 = VECTOR('',#9891,1.);
#9891 = DIRECTION('',(1.,0.));
#9892 = ( GEOMETRIC_REPRESENTATION_CONTEXT(2) 
PARAMETRIC_REPRESENTATION_CONTEXT() REPRESENTATION_CONTEXT('2D SPACE',''
  ) );
#9893 = ORIENTED_EDGE('',*,*,#9894,.T.);
#9894 = EDGE_CURVE('',#9842,#9895,#9897,.T.);
#9895 = VERTEX_POINT('',#9896);
#9896 = CARTESIAN_POINT('',(-8.017799778329,-17.742485359,12.3));
#9897 = SURFACE_CURVE('',#9898,(#9903,#9910),.PCURVE_S1.);
#9898 = CIRCLE('',#9899,19.470000000001);
#9899 = AXIS2_PLACEMENT_3D('',#9900,#9901,#9902);
#9900 = CARTESIAN_POINT('',(3.597122599786E-13,6.146194664325E-13,12.3)
  );
#9901 = DIRECTION('',(0.,0.,1.));
#9902 = DIRECTION('',(-0.455707099937,-0.890129787765,0.));
#9903 = PCURVE('',#4146,#9904);
#9904 = DEFINITIONAL_REPRESENTATION('',(#9905),#9909);
#9905 = CIRCLE('',#9906,19.470000000001);
#9906 = AXIS2_PLACEMENT_2D('',#9907,#9908);
#9907 = CARTESIAN_POINT('',(3.661419623834E-13,6.057193560765E-13));
#9908 = DIRECTION('',(-0.455707099937,-0.890129787765));
#9909 = ( GEOMETRIC_REPRESENTATION_CONTEXT(2) 
PARAMETRIC_REPRESENTATION_CONTEXT() REPRESENTATION_CONTEXT('2D SPACE',''
  ) );
#9910 = PCURVE('',#5840,#9911);
#9911 = DEFINITIONAL_REPRESENTATION('',(#9912),#9916);
#9912 = LINE('',#9913,#9914);
#9913 = CARTESIAN_POINT('',(0.,-12.3));
#9914 = VECTOR('',#9915,1.);
#9915 = DIRECTION('',(-1.,0.));
#9916 = ( GEOMETRIC_REPRESENTATION_CONTEXT(2) 
PARAMETRIC_REPRESENTATION_CONTEXT() REPRESENTATION_CONTEXT('2D SPACE',''
  ) );
#9917 = ORIENTED_EDGE('',*,*,#9918,.T.);
#9918 = EDGE_CURVE('',#9895,#9919,#9921,.T.);
#9919 = VERTEX_POINT('',#9920);
#9920 = CARTESIAN_POINT('',(-6.3192907284,-15.91657851798,12.3));
#9921 = SURFACE_CURVE('',#9922,(#9941,#9963),.PCURVE_S1.);
#9922 = B_SPLINE_CURVE_WITH_KNOTS('',3,(#9923,#9924,#9925,#9926,#9927,
    #9928,#9929,#9930,#9931,#9932,#9933,#9934,#9935,#9936,#9937,#9938,
    #9939,#9940),.UNSPECIFIED.,.F.,.F.,(4,1,1,1,1,1,1,1,1,1,1,1,1,1,1,4)
  ,(0.,0.285797000255,0.55469417333,0.806691519253,1.04178903806,
    1.259986729795,1.461284594512,1.645682632279,1.813180843187,
    1.963779227357,2.097477784955,2.214276516218,2.314175421508,
    2.397174501402,2.463273756923,2.512473190149),.UNSPECIFIED.);
#9923 = CARTESIAN_POINT('',(-8.017799778329,-17.742485359,12.3));
#9924 = CARTESIAN_POINT('',(-7.941692694506,-17.68518713426,12.3));
#9925 = CARTESIAN_POINT('',(-7.795646357266,-17.57173433871,12.3));
#9926 = CARTESIAN_POINT('',(-7.588564168466,-17.40013836544,12.3));
#9927 = CARTESIAN_POINT('',(-7.399640001295,-17.23331053907,12.3));
#9928 = CARTESIAN_POINT('',(-7.228363834731,-17.07220974786,12.3));
#9929 = CARTESIAN_POINT('',(-7.074174453132,-16.91777025279,12.3));
#9930 = CARTESIAN_POINT('',(-6.936471922385,-16.770895543,12.3));
#9931 = CARTESIAN_POINT('',(-6.81461624686,-16.63245776531,12.3));
#9932 = CARTESIAN_POINT('',(-6.707929336462,-16.50329591681,12.3));
#9933 = CARTESIAN_POINT('',(-6.615696594977,-16.38421426966,12.3));
#9934 = CARTESIAN_POINT('',(-6.537167596255,-16.27598124008,12.3));
#9935 = CARTESIAN_POINT('',(-6.471560416171,-16.17932689028,12.3));
#9936 = CARTESIAN_POINT('',(-6.418054908465,-16.09494490235,12.3));
#9937 = CARTESIAN_POINT('',(-6.375819067917,-16.02348150825,12.3));
#9938 = CARTESIAN_POINT('',(-6.343941523709,-15.9655617549,12.3));
#9939 = CARTESIAN_POINT('',(-6.326502169503,-15.93131064126,12.3));
#9940 = CARTESIAN_POINT('',(-6.3192907284,-15.91657851798,12.3));
#9941 = PCURVE('',#4146,#9942);
#9942 = DEFINITIONAL_REPRESENTATION('',(#9943),#9962);
#9943 = B_SPLINE_CURVE_WITH_KNOTS('',3,(#9944,#9945,#9946,#9947,#9948,
    #9949,#9950,#9951,#9952,#9953,#9954,#9955,#9956,#9957,#9958,#9959,
    #9960,#9961),.UNSPECIFIED.,.F.,.F.,(4,1,1,1,1,1,1,1,1,1,1,1,1,1,1,4)
  ,(0.,0.285797000255,0.55469417333,0.806691519253,1.04178903806,
    1.259986729795,1.461284594512,1.645682632279,1.813180843187,
    1.963779227357,2.097477784955,2.214276516218,2.314175421508,
    2.397174501402,2.463273756923,2.512473190149),.UNSPECIFIED.);
#9944 = CARTESIAN_POINT('',(-8.017799778329,-17.742485359));
#9945 = CARTESIAN_POINT('',(-7.941692694506,-17.68518713426));
#9946 = CARTESIAN_POINT('',(-7.795646357266,-17.57173433871));
#9947 = CARTESIAN_POINT('',(-7.588564168466,-17.40013836544));
#9948 = CARTESIAN_POINT('',(-7.399640001295,-17.23331053907));
#9949 = CARTESIAN_POINT('',(-7.228363834731,-17.07220974786));
#9950 = CARTESIAN_POINT('',(-7.074174453132,-16.91777025279));
#9951 = CARTESIAN_POINT('',(-6.936471922385,-16.770895543));
#9952 = CARTESIAN_POINT('',(-6.81461624686,-16.63245776531));
#9953 = CARTESIAN_POINT('',(-6.707929336462,-16.50329591681));
#9954 = CARTESIAN_POINT('',(-6.615696594977,-16.38421426966));
#9955 = CARTESIAN_POINT('',(-6.537167596255,-16.27598124008));
#9956 = CARTESIAN_POINT('',(-6.471560416171,-16.17932689028));
#9957 = CARTESIAN_POINT('',(-6.418054908465,-16.09494490235));
#9958 = CARTESIAN_POINT('',(-6.375819067917,-16.02348150825));
#9959 = CARTESIAN_POINT('',(-6.343941523709,-15.9655617549));
#9960 = CARTESIAN_POINT('',(-6.326502169503,-15.93131064126));
#9961 = CARTESIAN_POINT('',(-6.3192907284,-15.91657851798));
#9962 = ( GEOMETRIC_REPRESENTATION_CONTEXT(2) 
PARAMETRIC_REPRESENTATION_CONTEXT() REPRESENTATION_CONTEXT('2D SPACE',''
  ) );
#9963 = PCURVE('',#5898,#9964);
#9964 = DEFINITIONAL_REPRESENTATION('',(#9965),#9969);
#9965 = LINE('',#9966,#9967);
#9966 = CARTESIAN_POINT('',(0.,-12.3));
#9967 = VECTOR('',#9968,1.);
#9968 = DIRECTION('',(1.,0.));
#9969 = ( GEOMETRIC_REPRESENTATION_CONTEXT(2) 
PARAMETRIC_REPRESENTATION_CONTEXT() REPRESENTATION_CONTEXT('2D SPACE',''
  ) );
#9970 = ORIENTED_EDGE('',*,*,#9971,.T.);
#9971 = EDGE_CURVE('',#9919,#9972,#9974,.T.);
#9972 = VERTEX_POINT('',#9973);
#9973 = CARTESIAN_POINT('',(-5.698932763138,-15.66582906095,12.3));
#9974 = SURFACE_CURVE('',#9975,(#9980,#9991),.PCURVE_S1.);
#9975 = CIRCLE('',#9976,0.500000000072);
#9976 = AXIS2_PLACEMENT_3D('',#9977,#9978,#9979);
#9977 = CARTESIAN_POINT('',(-5.869864364911,-16.1357039247,12.3));
#9978 = DIRECTION('',(0.,0.,-1.));
#9979 = DIRECTION('',(-0.89885272685,0.438250813387,0.));
#9980 = PCURVE('',#4146,#9981);
#9981 = DEFINITIONAL_REPRESENTATION('',(#9982),#9990);
#9982 = ( BOUNDED_CURVE() B_SPLINE_CURVE(2,(#9983,#9984,#9985,#9986,
#9987,#9988,#9989),.UNSPECIFIED.,.T.,.F.) B_SPLINE_CURVE_WITH_KNOTS((1,2
    ,2,2,2,1),(-2.094395102393,0.,2.094395102393,4.188790204786,
6.28318530718,8.377580409573),.UNSPECIFIED.) CURVE() 
GEOMETRIC_REPRESENTATION_ITEM() RATIONAL_B_SPLINE_CURVE((1.,0.5,1.,0.5,
1.,0.5,1.)) REPRESENTATION_ITEM('') );
#9983 = CARTESIAN_POINT('',(-6.3192907284,-15.91657851798));
#9984 = CARTESIAN_POINT('',(-5.939754390724,-15.13814922215));
#9985 = CARTESIAN_POINT('',(-5.455383014328,-15.85605198015));
#9986 = CARTESIAN_POINT('',(-4.971011637932,-16.57395473815));
#9987 = CARTESIAN_POINT('',(-5.834919352004,-16.63448127598));
#9988 = CARTESIAN_POINT('',(-6.698827066077,-16.6950078138));
#9989 = CARTESIAN_POINT('',(-6.3192907284,-15.91657851798));
#9990 = ( GEOMETRIC_REPRESENTATION_CONTEXT(2) 
PARAMETRIC_REPRESENTATION_CONTEXT() REPRESENTATION_CONTEXT('2D SPACE',''
  ) );
#9991 = PCURVE('',#5948,#9992);
#9992 = DEFINITIONAL_REPRESENTATION('',(#9993),#9997);
#9993 = LINE('',#9994,#9995);
#9994 = CARTESIAN_POINT('',(0.,-12.3));
#9995 = VECTOR('',#9996,1.);
#9996 = DIRECTION('',(1.,0.));
#9997 = ( GEOMETRIC_REPRESENTATION_CONTEXT(2) 
PARAMETRIC_REPRESENTATION_CONTEXT() REPRESENTATION_CONTEXT('2D SPACE',''
  ) );
#9998 = ORIENTED_EDGE('',*,*,#9999,.T.);
#9999 = EDGE_CURVE('',#9972,#10000,#10002,.T.);
#10000 = VERTEX_POINT('',#10001);
#10001 = CARTESIAN_POINT('',(-5.311879606477,-15.80126481811,12.3));
#10002 = SURFACE_CURVE('',#10003,(#10008,#10015),.PCURVE_S1.);
#10003 = CIRCLE('',#10004,16.67021400005);
#10004 = AXIS2_PLACEMENT_3D('',#10005,#10006,#10007);
#10005 = CARTESIAN_POINT('',(1.634115065485E-11,4.677236375983E-11,12.3)
  );
#10006 = DIRECTION('',(0.,0.,1.));
#10007 = DIRECTION('',(-0.341863203624,-0.939749727325,0.));
#10008 = PCURVE('',#4146,#10009);
#10009 = DEFINITIONAL_REPRESENTATION('',(#10010),#10014);
#10010 = CIRCLE('',#10011,16.67021400005);
#10011 = AXIS2_PLACEMENT_2D('',#10012,#10013);
#10012 = CARTESIAN_POINT('',(1.634758035726E-11,4.676346364947E-11));
#10013 = DIRECTION('',(-0.341863203624,-0.939749727325));
#10014 = ( GEOMETRIC_REPRESENTATION_CONTEXT(2) 
PARAMETRIC_REPRESENTATION_CONTEXT() REPRESENTATION_CONTEXT('2D SPACE',''
  ) );
#10015 = PCURVE('',#5977,#10016);
#10016 = DEFINITIONAL_REPRESENTATION('',(#10017),#10021);
#10017 = LINE('',#10018,#10019);
#10018 = CARTESIAN_POINT('',(0.,-12.3));
#10019 = VECTOR('',#10020,1.);
#10020 = DIRECTION('',(-1.,0.));
#10021 = ( GEOMETRIC_REPRESENTATION_CONTEXT(2) 
PARAMETRIC_REPRESENTATION_CONTEXT() REPRESENTATION_CONTEXT('2D SPACE',''
  ) );
#10022 = ORIENTED_EDGE('',*,*,#10023,.T.);
#10023 = EDGE_CURVE('',#10000,#10024,#10026,.T.);
#10024 = VERTEX_POINT('',#10025);
#10025 = CARTESIAN_POINT('',(-4.983203948114,-16.38409550267,12.3));
#10026 = SURFACE_CURVE('',#10027,(#10032,#10043),.PCURVE_S1.);
#10027 = CIRCLE('',#10028,0.500000000072);
#10028 = AXIS2_PLACEMENT_3D('',#10029,#10030,#10031);
#10029 = CARTESIAN_POINT('',(-5.471202084562,-16.27520188993,12.3));
#10030 = DIRECTION('',(0.,0.,-1.));
#10031 = DIRECTION('',(0.318644956126,0.94787414351,0.));
#10032 = PCURVE('',#4146,#10033);
#10033 = DEFINITIONAL_REPRESENTATION('',(#10034),#10042);
#10034 = ( BOUNDED_CURVE() B_SPLINE_CURVE(2,(#10035,#10036,#10037,#10038
    ,#10039,#10040,#10041),.UNSPECIFIED.,.T.,.F.) 
B_SPLINE_CURVE_WITH_KNOTS((1,2,2,2,2,1),(-2.094395102393,0.,
    2.094395102393,4.188790204786,6.28318530718,8.377580409573),
.UNSPECIFIED.) CURVE() GEOMETRIC_REPRESENTATION_ITEM() 
RATIONAL_B_SPLINE_CURVE((1.,0.5,1.,0.5,1.,0.5,1.)) REPRESENTATION_ITEM(
  '') );
#10035 = CARTESIAN_POINT('',(-5.311879606477,-15.80126481811));
#10036 = CARTESIAN_POINT('',(-4.490996518489,-16.07721944494));
#10037 = CARTESIAN_POINT('',(-5.140421779611,-16.65014773926));
#10038 = CARTESIAN_POINT('',(-5.789847040734,-17.22307603358));
#10039 = CARTESIAN_POINT('',(-5.961304867599,-16.37419311243));
#10040 = CARTESIAN_POINT('',(-6.132762694465,-15.52531019127));
#10041 = CARTESIAN_POINT('',(-5.311879606477,-15.80126481811));
#10042 = ( GEOMETRIC_REPRESENTATION_CONTEXT(2) 
PARAMETRIC_REPRESENTATION_CONTEXT() REPRESENTATION_CONTEXT('2D SPACE',''
  ) );
#10043 = PCURVE('',#6010,#10044);
#10044 = DEFINITIONAL_REPRESENTATION('',(#10045),#10049);
#10045 = LINE('',#10046,#10047);
#10046 = CARTESIAN_POINT('',(0.,-12.3));
#10047 = VECTOR('',#10048,1.);
#10048 = DIRECTION('',(1.,0.));
#10049 = ( GEOMETRIC_REPRESENTATION_CONTEXT(2) 
PARAMETRIC_REPRESENTATION_CONTEXT() REPRESENTATION_CONTEXT('2D SPACE',''
  ) );
#10050 = ORIENTED_EDGE('',*,*,#10051,.T.);
#10051 = EDGE_CURVE('',#10024,#10052,#10054,.T.);
#10052 = VERTEX_POINT('',#10053);
#10053 = CARTESIAN_POINT('',(-4.793690394147,-18.87065002603,12.3));
#10054 = SURFACE_CURVE('',#10055,(#10074,#10096),.PCURVE_S1.);
#10055 = B_SPLINE_CURVE_WITH_KNOTS('',3,(#10056,#10057,#10058,#10059,
    #10060,#10061,#10062,#10063,#10064,#10065,#10066,#10067,#10068,
    #10069,#10070,#10071,#10072,#10073),.UNSPECIFIED.,.F.,.F.,(4,1,1,1,1
    ,1,1,1,1,1,1,1,1,1,1,4),(0.,4.919943322603E-02,0.115298688747,
    0.198297768641,0.298196673931,0.414995405195,0.548693962792,
    0.699292346962,0.86679055787,1.051188595638,1.252486460354,
    1.470684152089,1.705781670896,1.95777901682,2.226676189894,
    2.512473190149),.UNSPECIFIED.);
#10056 = CARTESIAN_POINT('',(-4.983203948114,-16.38409550267,12.3));
#10057 = CARTESIAN_POINT('',(-4.986751145054,-16.40010980044,12.3));
#10058 = CARTESIAN_POINT('',(-4.994471728956,-16.43776165889,12.3));
#10059 = CARTESIAN_POINT('',(-5.005661236853,-16.50292046924,12.3));
#10060 = CARTESIAN_POINT('',(-5.017196624449,-16.58512641644,12.3));
#10061 = CARTESIAN_POINT('',(-5.027975642974,-16.68445904956,12.3));
#10062 = CARTESIAN_POINT('',(-5.036944885514,-16.80093187086,12.3));
#10063 = CARTESIAN_POINT('',(-5.043030632195,-16.93451389068,12.3));
#10064 = CARTESIAN_POINT('',(-5.045166363772,-17.08512184512,12.3));
#10065 = CARTESIAN_POINT('',(-5.042286273786,-17.25262284524,12.3));
#10066 = CARTESIAN_POINT('',(-5.033330212927,-17.43683362919,12.3));
#10067 = CARTESIAN_POINT('',(-5.017244922874,-17.63752102488,12.3));
#10068 = CARTESIAN_POINT('',(-4.992986260264,-17.85440219126,12.3));
#10069 = CARTESIAN_POINT('',(-4.959521861433,-18.08714480482,12.3));
#10070 = CARTESIAN_POINT('',(-4.915830448147,-18.33536834319,12.3));
#10071 = CARTESIAN_POINT('',(-4.860915412863,-18.59864111022,12.3));
#10072 = CARTESIAN_POINT('',(-4.817468449526,-18.77840047942,12.3));
#10073 = CARTESIAN_POINT('',(-4.793690394147,-18.87065002603,12.3));
#10074 = PCURVE('',#4146,#10075);
#10075 = DEFINITIONAL_REPRESENTATION('',(#10076),#10095);
#10076 = B_SPLINE_CURVE_WITH_KNOTS('',3,(#10077,#10078,#10079,#10080,
    #10081,#10082,#10083,#10084,#10085,#10086,#10087,#10088,#10089,
    #10090,#10091,#10092,#10093,#10094),.UNSPECIFIED.,.F.,.F.,(4,1,1,1,1
    ,1,1,1,1,1,1,1,1,1,1,4),(0.,4.919943322603E-02,0.115298688747,
    0.198297768641,0.298196673931,0.414995405195,0.548693962792,
    0.699292346962,0.86679055787,1.051188595638,1.252486460354,
    1.470684152089,1.705781670896,1.95777901682,2.226676189894,
    2.512473190149),.UNSPECIFIED.);
#10077 = CARTESIAN_POINT('',(-4.983203948114,-16.38409550267));
#10078 = CARTESIAN_POINT('',(-4.986751145054,-16.40010980044));
#10079 = CARTESIAN_POINT('',(-4.994471728956,-16.43776165889));
#10080 = CARTESIAN_POINT('',(-5.005661236853,-16.50292046924));
#10081 = CARTESIAN_POINT('',(-5.017196624449,-16.58512641644));
#10082 = CARTESIAN_POINT('',(-5.027975642974,-16.68445904956));
#10083 = CARTESIAN_POINT('',(-5.036944885514,-16.80093187086));
#10084 = CARTESIAN_POINT('',(-5.043030632195,-16.93451389068));
#10085 = CARTESIAN_POINT('',(-5.045166363772,-17.08512184512));
#10086 = CARTESIAN_POINT('',(-5.042286273786,-17.25262284524));
#10087 = CARTESIAN_POINT('',(-5.033330212927,-17.43683362919));
#10088 = CARTESIAN_POINT('',(-5.017244922874,-17.63752102488));
#10089 = CARTESIAN_POINT('',(-4.992986260264,-17.85440219126));
#10090 = CARTESIAN_POINT('',(-4.959521861433,-18.08714480482));
#10091 = CARTESIAN_POINT('',(-4.915830448147,-18.33536834319));
#10092 = CARTESIAN_POINT('',(-4.860915412863,-18.59864111022));
#10093 = CARTESIAN_POINT('',(-4.817468449526,-18.77840047942));
#10094 = CARTESIAN_POINT('',(-4.793690394147,-18.87065002603));
#10095 = ( GEOMETRIC_REPRESENTATION_CONTEXT(2) 
PARAMETRIC_REPRESENTATION_CONTEXT() REPRESENTATION_CONTEXT('2D SPACE',''
  ) );
#10096 = PCURVE('',#6068,#10097);
#10097 = DEFINITIONAL_REPRESENTATION('',(#10098),#10102);
#10098 = LINE('',#10099,#10100);
#10099 = CARTESIAN_POINT('',(0.,-12.3));
#10100 = VECTOR('',#10101,1.);
#10101 = DIRECTION('',(1.,0.));
#10102 = ( GEOMETRIC_REPRESENTATION_CONTEXT(2) 
PARAMETRIC_REPRESENTATION_CONTEXT() REPRESENTATION_CONTEXT('2D SPACE',''
  ) );
#10103 = ORIENTED_EDGE('',*,*,#10104,.T.);
#10104 = EDGE_CURVE('',#10052,#10105,#10107,.T.);
#10105 = VERTEX_POINT('',#10106);
#10106 = CARTESIAN_POINT('',(-3.868702385385,-19.08177250292,12.3));
#10107 = SURFACE_CURVE('',#10108,(#10113,#10120),.PCURVE_S1.);
#10108 = CIRCLE('',#10109,19.470000000005);
#10109 = AXIS2_PLACEMENT_3D('',#10110,#10111,#10112);
#10110 = CARTESIAN_POINT('',(1.145750161413E-12,5.055511564933E-12,12.3)
  );
#10111 = DIRECTION('',(0.,0.,1.));
#10112 = DIRECTION('',(-0.246209059792,-0.969216745045,0.));
#10113 = PCURVE('',#4146,#10114);
#10114 = DEFINITIONAL_REPRESENTATION('',(#10115),#10119);
#10115 = CIRCLE('',#10116,19.470000000005);
#10116 = AXIS2_PLACEMENT_2D('',#10117,#10118);
#10117 = CARTESIAN_POINT('',(1.152179863818E-12,5.046611454577E-12));
#10118 = DIRECTION('',(-0.246209059792,-0.969216745045));
#10119 = ( GEOMETRIC_REPRESENTATION_CONTEXT(2) 
PARAMETRIC_REPRESENTATION_CONTEXT() REPRESENTATION_CONTEXT('2D SPACE',''
  ) );
#10120 = PCURVE('',#6114,#10121);
#10121 = DEFINITIONAL_REPRESENTATION('',(#10122),#10126);
#10122 = LINE('',#10123,#10124);
#10123 = CARTESIAN_POINT('',(0.,-12.3));
#10124 = VECTOR('',#10125,1.);
#10125 = DIRECTION('',(-1.,0.));
#10126 = ( GEOMETRIC_REPRESENTATION_CONTEXT(2) 
PARAMETRIC_REPRESENTATION_CONTEXT() REPRESENTATION_CONTEXT('2D SPACE',''
  ) );
#10127 = ORIENTED_EDGE('',*,*,#10128,.T.);
#10128 = EDGE_CURVE('',#10105,#10129,#10131,.T.);
#10129 = VERTEX_POINT('',#10130);
#10130 = CARTESIAN_POINT('',(-2.619080999099,-16.92369113844,12.3));
#10131 = SURFACE_CURVE('',#10132,(#10151,#10173),.PCURVE_S1.);
#10132 = B_SPLINE_CURVE_WITH_KNOTS('',3,(#10133,#10134,#10135,#10136,
    #10137,#10138,#10139,#10140,#10141,#10142,#10143,#10144,#10145,
    #10146,#10147,#10148,#10149,#10150),.UNSPECIFIED.,.F.,.F.,(4,1,1,1,1
    ,1,1,1,1,1,1,1,1,1,1,4),(0.,0.285797000255,0.55469417333,
    0.806691519253,1.04178903806,1.259986729795,1.461284594512,
    1.645682632279,1.813180843187,1.963779227357,2.097477784955,
    2.214276516218,2.314175421508,2.397174501402,2.463273756923,
    2.512473190149),.UNSPECIFIED.);
#10133 = CARTESIAN_POINT('',(-3.868702385385,-19.08177250292,12.3));
#10134 = CARTESIAN_POINT('',(-3.807253519536,-19.00897544492,12.3));
#10135 = CARTESIAN_POINT('',(-3.690114490914,-18.86586878047,12.3));
#10136 = CARTESIAN_POINT('',(-3.526407981174,-18.65249495444,12.3));
#10137 = CARTESIAN_POINT('',(-3.379343221047,-18.44781026786,12.3));
#10138 = CARTESIAN_POINT('',(-3.248209604091,-18.2526360773,12.3));
#10139 = CARTESIAN_POINT('',(-3.132252092892,-18.0677583376,12.3));
#10140 = CARTESIAN_POINT('',(-3.030684749685,-17.89392438769,12.3));
#10141 = CARTESIAN_POINT('',(-2.942689553945,-17.73184209539,12.3));
#10142 = CARTESIAN_POINT('',(-2.867418722294,-17.58217853315,12.3));
#10143 = CARTESIAN_POINT('',(-2.803996607543,-17.44555879575,12.3));
#10144 = CARTESIAN_POINT('',(-2.751520609601,-17.32256504805,12.3));
#10145 = CARTESIAN_POINT('',(-2.709065954686,-17.21373505361,12.3));
#10146 = CARTESIAN_POINT('',(-2.675678700531,-17.11956260274,12.3));
#10147 = CARTESIAN_POINT('',(-2.650403901884,-17.04049258645,12.3));
#10148 = CARTESIAN_POINT('',(-2.632213951875,-16.97693158133,12.3));
#10149 = CARTESIAN_POINT('',(-2.622833428484,-16.93965859324,12.3));
#10150 = CARTESIAN_POINT('',(-2.619080999099,-16.92369113844,12.3));
#10151 = PCURVE('',#4146,#10152);
#10152 = DEFINITIONAL_REPRESENTATION('',(#10153),#10172);
#10153 = B_SPLINE_CURVE_WITH_KNOTS('',3,(#10154,#10155,#10156,#10157,
    #10158,#10159,#10160,#10161,#10162,#10163,#10164,#10165,#10166,
    #10167,#10168,#10169,#10170,#10171),.UNSPECIFIED.,.F.,.F.,(4,1,1,1,1
    ,1,1,1,1,1,1,1,1,1,1,4),(0.,0.285797000255,0.55469417333,
    0.806691519253,1.04178903806,1.259986729795,1.461284594512,
    1.645682632279,1.813180843187,1.963779227357,2.097477784955,
    2.214276516218,2.314175421508,2.397174501402,2.463273756923,
    2.512473190149),.UNSPECIFIED.);
#10154 = CARTESIAN_POINT('',(-3.868702385385,-19.08177250292));
#10155 = CARTESIAN_POINT('',(-3.807253519536,-19.00897544492));
#10156 = CARTESIAN_POINT('',(-3.690114490914,-18.86586878047));
#10157 = CARTESIAN_POINT('',(-3.526407981174,-18.65249495444));
#10158 = CARTESIAN_POINT('',(-3.379343221047,-18.44781026786));
#10159 = CARTESIAN_POINT('',(-3.248209604091,-18.2526360773));
#10160 = CARTESIAN_POINT('',(-3.132252092892,-18.0677583376));
#10161 = CARTESIAN_POINT('',(-3.030684749685,-17.89392438769));
#10162 = CARTESIAN_POINT('',(-2.942689553945,-17.73184209539));
#10163 = CARTESIAN_POINT('',(-2.867418722294,-17.58217853315));
#10164 = CARTESIAN_POINT('',(-2.803996607543,-17.44555879575));
#10165 = CARTESIAN_POINT('',(-2.751520609601,-17.32256504805));
#10166 = CARTESIAN_POINT('',(-2.709065954686,-17.21373505361));
#10167 = CARTESIAN_POINT('',(-2.675678700531,-17.11956260274));
#10168 = CARTESIAN_POINT('',(-2.650403901884,-17.04049258645));
#10169 = CARTESIAN_POINT('',(-2.632213951875,-16.97693158133));
#10170 = CARTESIAN_POINT('',(-2.622833428484,-16.93965859324));
#10171 = CARTESIAN_POINT('',(-2.619080999099,-16.92369113844));
#10172 = ( GEOMETRIC_REPRESENTATION_CONTEXT(2) 
PARAMETRIC_REPRESENTATION_CONTEXT() REPRESENTATION_CONTEXT('2D SPACE',''
  ) );
#10173 = PCURVE('',#6172,#10174);
#10174 = DEFINITIONAL_REPRESENTATION('',(#10175),#10179);
#10175 = LINE('',#10176,#10177);
#10176 = CARTESIAN_POINT('',(0.,-12.3));
#10177 = VECTOR('',#10178,1.);
#10178 = DIRECTION('',(1.,0.));
#10179 = ( GEOMETRIC_REPRESENTATION_CONTEXT(2) 
PARAMETRIC_REPRESENTATION_CONTEXT() REPRESENTATION_CONTEXT('2D SPACE',''
  ) );
#10180 = ORIENTED_EDGE('',*,*,#10181,.T.);
#10181 = EDGE_CURVE('',#10129,#10182,#10184,.T.);
#10182 = VERTEX_POINT('',#10183);
#10183 = CARTESIAN_POINT('',(-2.070073706588,-16.54118586,12.3));
#10184 = SURFACE_CURVE('',#10185,(#10190,#10201),.PCURVE_S1.);
#10185 = CIRCLE('',#10186,0.500000000072);
#10186 = AXIS2_PLACEMENT_3D('',#10187,#10188,#10189);
#10187 = CARTESIAN_POINT('',(-2.132162702704,-17.03731583957,12.3));
#10188 = DIRECTION('',(0.,0.,-1.));
#10189 = DIRECTION('',(-0.973836592649,0.227249402239,0.));
#10190 = PCURVE('',#4146,#10191);
#10191 = DEFINITIONAL_REPRESENTATION('',(#10192),#10200);
#10192 = ( BOUNDED_CURVE() B_SPLINE_CURVE(2,(#10193,#10194,#10195,#10196
    ,#10197,#10198,#10199),.UNSPECIFIED.,.T.,.F.) 
B_SPLINE_CURVE_WITH_KNOTS((1,2,2,2,2,1),(-2.094395102393,0.,
    2.094395102393,4.188790204786,6.28318530718,8.377580409573),
.UNSPECIFIED.) CURVE() GEOMETRIC_REPRESENTATION_ITEM() 
RATIONAL_B_SPLINE_CURVE((1.,0.5,1.,0.5,1.,0.5,1.)) REPRESENTATION_ITEM(
  '') );
#10193 = CARTESIAN_POINT('',(-2.619080999099,-16.92369113844));
#10194 = CARTESIAN_POINT('',(-2.422277243736,-16.08032390995));
#10195 = CARTESIAN_POINT('',(-1.790301676826,-16.67244457589));
#10196 = CARTESIAN_POINT('',(-1.158326109916,-17.26456524184));
#10197 = CARTESIAN_POINT('',(-1.987105432189,-17.51581180438));
#10198 = CARTESIAN_POINT('',(-2.815884754461,-17.76705836692));
#10199 = CARTESIAN_POINT('',(-2.619080999099,-16.92369113844));
#10200 = ( GEOMETRIC_REPRESENTATION_CONTEXT(2) 
PARAMETRIC_REPRESENTATION_CONTEXT() REPRESENTATION_CONTEXT('2D SPACE',''
  ) );
#10201 = PCURVE('',#6222,#10202);
#10202 = DEFINITIONAL_REPRESENTATION('',(#10203),#10207);
#10203 = LINE('',#10204,#10205);
#10204 = CARTESIAN_POINT('',(0.,-12.3));
#10205 = VECTOR('',#10206,1.);
#10206 = DIRECTION('',(1.,0.));
#10207 = ( GEOMETRIC_REPRESENTATION_CONTEXT(2) 
PARAMETRIC_REPRESENTATION_CONTEXT() REPRESENTATION_CONTEXT('2D SPACE',''
  ) );
#10208 = ORIENTED_EDGE('',*,*,#10209,.T.);
#10209 = EDGE_CURVE('',#10182,#10210,#10212,.T.);
#10210 = VERTEX_POINT('',#10211);
#10211 = CARTESIAN_POINT('',(-1.662587489486,-16.58709853005,12.3));
#10212 = SURFACE_CURVE('',#10213,(#10218,#10225),.PCURVE_S1.);
#10213 = CIRCLE('',#10214,16.670213999988);
#10214 = AXIS2_PLACEMENT_3D('',#10215,#10216,#10217);
#10215 = CARTESIAN_POINT('',(-1.373345881461E-12,-1.236521995907E-11,
    12.3));
#10216 = DIRECTION('',(0.,0.,1.));
#10217 = DIRECTION('',(-0.124177992351,-0.99225995899,0.));
#10218 = PCURVE('',#4146,#10219);
#10219 = DEFINITIONAL_REPRESENTATION('',(#10220),#10224);
#10220 = CIRCLE('',#10221,16.670213999988);
#10221 = AXIS2_PLACEMENT_2D('',#10222,#10223);
#10222 = CARTESIAN_POINT('',(-1.366916179056E-12,-1.237412006942E-11));
#10223 = DIRECTION('',(-0.124177992351,-0.99225995899));
#10224 = ( GEOMETRIC_REPRESENTATION_CONTEXT(2) 
PARAMETRIC_REPRESENTATION_CONTEXT() REPRESENTATION_CONTEXT('2D SPACE',''
  ) );
#10225 = PCURVE('',#6251,#10226);
#10226 = DEFINITIONAL_REPRESENTATION('',(#10227),#10231);
#10227 = LINE('',#10228,#10229);
#10228 = CARTESIAN_POINT('',(0.,-12.3));
#10229 = VECTOR('',#10230,1.);
#10230 = DIRECTION('',(-1.,0.));
#10231 = ( GEOMETRIC_REPRESENTATION_CONTEXT(2) 
PARAMETRIC_REPRESENTATION_CONTEXT() REPRESENTATION_CONTEXT('2D SPACE',''
  ) );
#10232 = ORIENTED_EDGE('',*,*,#10233,.T.);
#10233 = EDGE_CURVE('',#10210,#10234,#10236,.T.);
#10234 = VERTEX_POINT('',#10235);
#10235 = CARTESIAN_POINT('',(-1.212460387827,-17.08217921803,12.3));
#10236 = SURFACE_CURVE('',#10237,(#10242,#10253),.PCURVE_S1.);
#10237 = CIRCLE('',#10238,0.500000000072);
#10238 = AXIS2_PLACEMENT_3D('',#10239,#10240,#10241);
#10239 = CARTESIAN_POINT('',(-1.712454500551,-17.08460559661,12.3));
#10240 = DIRECTION('',(0.,0.,-1.));
#10241 = DIRECTION('',(9.973402211601E-02,0.995014132981,0.));
#10242 = PCURVE('',#4146,#10243);
#10243 = DEFINITIONAL_REPRESENTATION('',(#10244),#10252);
#10244 = ( BOUNDED_CURVE() B_SPLINE_CURVE(2,(#10245,#10246,#10247,#10248
    ,#10249,#10250,#10251),.UNSPECIFIED.,.T.,.F.) 
B_SPLINE_CURVE_WITH_KNOTS((1,2,2,2,2,1),(-2.094395102393,0.,
    2.094395102393,4.188790204786,6.28318530718,8.377580409573),
.UNSPECIFIED.) CURVE() GEOMETRIC_REPRESENTATION_ITEM() 
RATIONAL_B_SPLINE_CURVE((1.,0.5,1.,0.5,1.,0.5,1.)) REPRESENTATION_ITEM(
  '') );
#10245 = CARTESIAN_POINT('',(-1.662587489486,-16.58709853005));
#10246 = CARTESIAN_POINT('',(-0.800879973076,-16.67347072683));
#10247 = CARTESIAN_POINT('',(-1.306534247879,-17.37654522828));
#10248 = CARTESIAN_POINT('',(-1.812188522682,-18.07961972973));
#10249 = CARTESIAN_POINT('',(-2.168241764289,-17.2901730315));
#10250 = CARTESIAN_POINT('',(-2.524295005896,-16.50072633326));
#10251 = CARTESIAN_POINT('',(-1.662587489486,-16.58709853005));
#10252 = ( GEOMETRIC_REPRESENTATION_CONTEXT(2) 
PARAMETRIC_REPRESENTATION_CONTEXT() REPRESENTATION_CONTEXT('2D SPACE',''
  ) );
#10253 = PCURVE('',#6284,#10254);
#10254 = DEFINITIONAL_REPRESENTATION('',(#10255),#10259);
#10255 = LINE('',#10256,#10257);
#10256 = CARTESIAN_POINT('',(0.,-12.3));
#10257 = VECTOR('',#10258,1.);
#10258 = DIRECTION('',(1.,0.));
#10259 = ( GEOMETRIC_REPRESENTATION_CONTEXT(2) 
PARAMETRIC_REPRESENTATION_CONTEXT() REPRESENTATION_CONTEXT('2D SPACE',''
  ) );
#10260 = ORIENTED_EDGE('',*,*,#10261,.T.);
#10261 = EDGE_CURVE('',#10234,#10262,#10264,.T.);
#10262 = VERTEX_POINT('',#10263);
#10263 = CARTESIAN_POINT('',(-0.474387899456,-19.46421989499,12.3));
#10264 = SURFACE_CURVE('',#10265,(#10284,#10306),.PCURVE_S1.);
#10265 = B_SPLINE_CURVE_WITH_KNOTS('',3,(#10266,#10267,#10268,#10269,
    #10270,#10271,#10272,#10273,#10274,#10275,#10276,#10277,#10278,
    #10279,#10280,#10281,#10282,#10283),.UNSPECIFIED.,.F.,.F.,(4,1,1,1,1
    ,1,1,1,1,1,1,1,1,1,1,4),(0.,4.919943322603E-02,0.115298688747,
    0.198297768641,0.298196673931,0.414995405195,0.548693962792,
    0.699292346962,0.86679055787,1.051188595638,1.252486460354,
    1.470684152089,1.705781670896,1.95777901682,2.226676189894,
    2.512473190149),.UNSPECIFIED.);
#10266 = CARTESIAN_POINT('',(-1.212460387827,-17.08217921803,12.3));
#10267 = CARTESIAN_POINT('',(-1.212355132637,-17.0985813295,12.3));
#10268 = CARTESIAN_POINT('',(-1.211503818674,-17.13700716879,12.3));
#10269 = CARTESIAN_POINT('',(-1.207913582912,-17.20302221147,12.3));
#10270 = CARTESIAN_POINT('',(-1.200867210109,-17.28573394917,12.3));
#10271 = CARTESIAN_POINT('',(-1.189272385842,-17.38497466305,12.3));
#10272 = CARTESIAN_POINT('',(-1.172099109768,-17.50052311178,12.3));
#10273 = CARTESIAN_POINT('',(-1.148307478263,-17.6321101575,12.3));
#10274 = CARTESIAN_POINT('',(-1.116876239908,-17.77941730106,12.3));
#10275 = CARTESIAN_POINT('',(-1.076795880806,-17.94207782108,12.3));
#10276 = CARTESIAN_POINT('',(-1.027073611402,-18.11967714506,12.3));
#10277 = CARTESIAN_POINT('',(-0.96673446643,-18.31175357498,12.3));
#10278 = CARTESIAN_POINT('',(-0.89482341944,-18.51779901744,12.3));
#10279 = CARTESIAN_POINT('',(-0.810407939214,-18.73725975848,12.3));
#10280 = CARTESIAN_POINT('',(-0.712577027292,-18.9695375604,12.3));
#10281 = CARTESIAN_POINT('',(-0.600455124589,-19.21398978456,12.3));
#10282 = CARTESIAN_POINT('',(-0.51809724461,-19.37957435221,12.3));
#10283 = CARTESIAN_POINT('',(-0.474387899456,-19.46421989499,12.3));
#10284 = PCURVE('',#4146,#10285);
#10285 = DEFINITIONAL_REPRESENTATION('',(#10286),#10305);
#10286 = B_SPLINE_CURVE_WITH_KNOTS('',3,(#10287,#10288,#10289,#10290,
    #10291,#10292,#10293,#10294,#10295,#10296,#10297,#10298,#10299,
    #10300,#10301,#10302,#10303,#10304),.UNSPECIFIED.,.F.,.F.,(4,1,1,1,1
    ,1,1,1,1,1,1,1,1,1,1,4),(0.,4.919943322603E-02,0.115298688747,
    0.198297768641,0.298196673931,0.414995405195,0.548693962792,
    0.699292346962,0.86679055787,1.051188595638,1.252486460354,
    1.470684152089,1.705781670896,1.95777901682,2.226676189894,
    2.512473190149),.UNSPECIFIED.);
#10287 = CARTESIAN_POINT('',(-1.212460387827,-17.08217921803));
#10288 = CARTESIAN_POINT('',(-1.212355132637,-17.0985813295));
#10289 = CARTESIAN_POINT('',(-1.211503818674,-17.13700716879));
#10290 = CARTESIAN_POINT('',(-1.207913582912,-17.20302221147));
#10291 = CARTESIAN_POINT('',(-1.200867210109,-17.28573394917));
#10292 = CARTESIAN_POINT('',(-1.189272385842,-17.38497466305));
#10293 = CARTESIAN_POINT('',(-1.172099109768,-17.50052311178));
#10294 = CARTESIAN_POINT('',(-1.148307478263,-17.6321101575));
#10295 = CARTESIAN_POINT('',(-1.116876239908,-17.77941730106));
#10296 = CARTESIAN_POINT('',(-1.076795880806,-17.94207782108));
#10297 = CARTESIAN_POINT('',(-1.027073611402,-18.11967714506));
#10298 = CARTESIAN_POINT('',(-0.96673446643,-18.31175357498));
#10299 = CARTESIAN_POINT('',(-0.89482341944,-18.51779901744));
#10300 = CARTESIAN_POINT('',(-0.810407939214,-18.73725975848));
#10301 = CARTESIAN_POINT('',(-0.712577027292,-18.9695375604));
#10302 = CARTESIAN_POINT('',(-0.600455124589,-19.21398978456));
#10303 = CARTESIAN_POINT('',(-0.51809724461,-19.37957435221));
#10304 = CARTESIAN_POINT('',(-0.474387899456,-19.46421989499));
#10305 = ( GEOMETRIC_REPRESENTATION_CONTEXT(2) 
PARAMETRIC_REPRESENTATION_CONTEXT() REPRESENTATION_CONTEXT('2D SPACE',''
  ) );
#10306 = PCURVE('',#6342,#10307);
#10307 = DEFINITIONAL_REPRESENTATION('',(#10308),#10312);
#10308 = LINE('',#10309,#10310);
#10309 = CARTESIAN_POINT('',(0.,-12.3));
#10310 = VECTOR('',#10311,1.);
#10311 = DIRECTION('',(1.,0.));
#10312 = ( GEOMETRIC_REPRESENTATION_CONTEXT(2) 
PARAMETRIC_REPRESENTATION_CONTEXT() REPRESENTATION_CONTEXT('2D SPACE',''
  ) );
#10313 = ORIENTED_EDGE('',*,*,#10314,.T.);
#10314 = EDGE_CURVE('',#10262,#10315,#10317,.T.);
#10315 = VERTEX_POINT('',#10316);
#10316 = CARTESIAN_POINT('',(0.474387899456,-19.46421989499,12.3));
#10317 = SURFACE_CURVE('',#10318,(#10323,#10330),.PCURVE_S1.);
#10318 = CIRCLE('',#10319,19.470000000003);
#10319 = AXIS2_PLACEMENT_3D('',#10320,#10321,#10322);
#10320 = CARTESIAN_POINT('',(-3.552713678801E-15,2.678746113816E-12,12.3
    ));
#10321 = DIRECTION('',(0.,0.,1.));
#10322 = DIRECTION('',(-2.43650693095E-02,-0.999703127632,0.));
#10323 = PCURVE('',#4146,#10324);
#10324 = DEFINITIONAL_REPRESENTATION('',(#10325),#10329);
#10325 = CIRCLE('',#10326,19.470000000003);
#10326 = AXIS2_PLACEMENT_2D('',#10327,#10328);
#10327 = CARTESIAN_POINT('',(2.876988726053E-15,2.66984600346E-12));
#10328 = DIRECTION('',(-2.43650693095E-02,-0.999703127632));
#10329 = ( GEOMETRIC_REPRESENTATION_CONTEXT(2) 
PARAMETRIC_REPRESENTATION_CONTEXT() REPRESENTATION_CONTEXT('2D SPACE',''
  ) );
#10330 = PCURVE('',#6388,#10331);
#10331 = DEFINITIONAL_REPRESENTATION('',(#10332),#10336);
#10332 = LINE('',#10333,#10334);
#10333 = CARTESIAN_POINT('',(0.,-12.3));
#10334 = VECTOR('',#10335,1.);
#10335 = DIRECTION('',(-1.,0.));
#10336 = ( GEOMETRIC_REPRESENTATION_CONTEXT(2) 
PARAMETRIC_REPRESENTATION_CONTEXT() REPRESENTATION_CONTEXT('2D SPACE',''
  ) );
#10337 = ORIENTED_EDGE('',*,*,#10338,.T.);
#10338 = EDGE_CURVE('',#10315,#10339,#10341,.T.);
#10339 = VERTEX_POINT('',#10340);
#10340 = CARTESIAN_POINT('',(1.212460387827,-17.08217921803,12.3));
#10341 = SURFACE_CURVE('',#10342,(#10361,#10383),.PCURVE_S1.);
#10342 = B_SPLINE_CURVE_WITH_KNOTS('',3,(#10343,#10344,#10345,#10346,
    #10347,#10348,#10349,#10350,#10351,#10352,#10353,#10354,#10355,
    #10356,#10357,#10358,#10359,#10360),.UNSPECIFIED.,.F.,.F.,(4,1,1,1,1
    ,1,1,1,1,1,1,1,1,1,1,4),(0.,0.285797000255,0.55469417333,
    0.806691519253,1.04178903806,1.259986729795,1.461284594512,
    1.645682632279,1.813180843187,1.963779227357,2.097477784955,
    2.214276516218,2.314175421508,2.397174501402,2.463273756923,
    2.512473190149),.UNSPECIFIED.);
#10343 = CARTESIAN_POINT('',(0.474387899456,-19.46421989499,12.3));
#10344 = CARTESIAN_POINT('',(0.51809724461,-19.37957435221,12.3));
#10345 = CARTESIAN_POINT('',(0.600455124589,-19.21398978456,12.3));
#10346 = CARTESIAN_POINT('',(0.712577027292,-18.9695375604,12.3));
#10347 = CARTESIAN_POINT('',(0.810407939214,-18.73725975848,12.3));
#10348 = CARTESIAN_POINT('',(0.89482341944,-18.51779901744,12.3));
#10349 = CARTESIAN_POINT('',(0.96673446643,-18.31175357498,12.3));
#10350 = CARTESIAN_POINT('',(1.027073611402,-18.11967714506,12.3));
#10351 = CARTESIAN_POINT('',(1.076795880806,-17.94207782108,12.3));
#10352 = CARTESIAN_POINT('',(1.116876239908,-17.77941730106,12.3));
#10353 = CARTESIAN_POINT('',(1.148307478263,-17.6321101575,12.3));
#10354 = CARTESIAN_POINT('',(1.172099109768,-17.50052311178,12.3));
#10355 = CARTESIAN_POINT('',(1.189272385842,-17.38497466305,12.3));
#10356 = CARTESIAN_POINT('',(1.200867210109,-17.28573394917,12.3));
#10357 = CARTESIAN_POINT('',(1.207913582912,-17.20302221147,12.3));
#10358 = CARTESIAN_POINT('',(1.211503818674,-17.13700716879,12.3));
#10359 = CARTESIAN_POINT('',(1.212355132637,-17.0985813295,12.3));
#10360 = CARTESIAN_POINT('',(1.212460387827,-17.08217921803,12.3));
#10361 = PCURVE('',#4146,#10362);
#10362 = DEFINITIONAL_REPRESENTATION('',(#10363),#10382);
#10363 = B_SPLINE_CURVE_WITH_KNOTS('',3,(#10364,#10365,#10366,#10367,
    #10368,#10369,#10370,#10371,#10372,#10373,#10374,#10375,#10376,
    #10377,#10378,#10379,#10380,#10381),.UNSPECIFIED.,.F.,.F.,(4,1,1,1,1
    ,1,1,1,1,1,1,1,1,1,1,4),(0.,0.285797000255,0.55469417333,
    0.806691519253,1.04178903806,1.259986729795,1.461284594512,
    1.645682632279,1.813180843187,1.963779227357,2.097477784955,
    2.214276516218,2.314175421508,2.397174501402,2.463273756923,
    2.512473190149),.UNSPECIFIED.);
#10364 = CARTESIAN_POINT('',(0.474387899456,-19.46421989499));
#10365 = CARTESIAN_POINT('',(0.51809724461,-19.37957435221));
#10366 = CARTESIAN_POINT('',(0.600455124589,-19.21398978456));
#10367 = CARTESIAN_POINT('',(0.712577027292,-18.9695375604));
#10368 = CARTESIAN_POINT('',(0.810407939214,-18.73725975848));
#10369 = CARTESIAN_POINT('',(0.89482341944,-18.51779901744));
#10370 = CARTESIAN_POINT('',(0.96673446643,-18.31175357498));
#10371 = CARTESIAN_POINT('',(1.027073611402,-18.11967714506));
#10372 = CARTESIAN_POINT('',(1.076795880806,-17.94207782108));
#10373 = CARTESIAN_POINT('',(1.116876239908,-17.77941730106));
#10374 = CARTESIAN_POINT('',(1.148307478263,-17.6321101575));
#10375 = CARTESIAN_POINT('',(1.172099109768,-17.50052311178));
#10376 = CARTESIAN_POINT('',(1.189272385842,-17.38497466305));
#10377 = CARTESIAN_POINT('',(1.200867210109,-17.28573394917));
#10378 = CARTESIAN_POINT('',(1.207913582912,-17.20302221147));
#10379 = CARTESIAN_POINT('',(1.211503818674,-17.13700716879));
#10380 = CARTESIAN_POINT('',(1.212355132637,-17.0985813295));
#10381 = CARTESIAN_POINT('',(1.212460387827,-17.08217921803));
#10382 = ( GEOMETRIC_REPRESENTATION_CONTEXT(2) 
PARAMETRIC_REPRESENTATION_CONTEXT() REPRESENTATION_CONTEXT('2D SPACE',''
  ) );
#10383 = PCURVE('',#6446,#10384);
#10384 = DEFINITIONAL_REPRESENTATION('',(#10385),#10389);
#10385 = LINE('',#10386,#10387);
#10386 = CARTESIAN_POINT('',(0.,-12.3));
#10387 = VECTOR('',#10388,1.);
#10388 = DIRECTION('',(1.,0.));
#10389 = ( GEOMETRIC_REPRESENTATION_CONTEXT(2) 
PARAMETRIC_REPRESENTATION_CONTEXT() REPRESENTATION_CONTEXT('2D SPACE',''
  ) );
#10390 = ORIENTED_EDGE('',*,*,#10391,.T.);
#10391 = EDGE_CURVE('',#10339,#10392,#10394,.T.);
#10392 = VERTEX_POINT('',#10393);
#10393 = CARTESIAN_POINT('',(1.662587489486,-16.58709853005,12.3));
#10394 = SURFACE_CURVE('',#10395,(#10400,#10411),.PCURVE_S1.);
#10395 = CIRCLE('',#10396,0.500000000072);
#10396 = AXIS2_PLACEMENT_3D('',#10397,#10398,#10399);
#10397 = CARTESIAN_POINT('',(1.712454500551,-17.08460559661,12.3));
#10398 = DIRECTION('',(0.,0.,-1.));
#10399 = DIRECTION('',(-0.999988225305,4.852757152684E-03,0.));
#10400 = PCURVE('',#4146,#10401);
#10401 = DEFINITIONAL_REPRESENTATION('',(#10402),#10410);
#10402 = ( BOUNDED_CURVE() B_SPLINE_CURVE(2,(#10403,#10404,#10405,#10406
    ,#10407,#10408,#10409),.UNSPECIFIED.,.T.,.F.) 
B_SPLINE_CURVE_WITH_KNOTS((1,2,2,2,2,1),(-2.094395102393,0.,
    2.094395102393,4.188790204786,6.28318530718,8.377580409573),
.UNSPECIFIED.) CURVE() GEOMETRIC_REPRESENTATION_ITEM() 
RATIONAL_B_SPLINE_CURVE((1.,0.5,1.,0.5,1.,0.5,1.)) REPRESENTATION_ITEM(
  '') );
#10403 = CARTESIAN_POINT('',(1.212460387827,-17.08217921803));
#10404 = CARTESIAN_POINT('',(1.216662998801,-16.21616401131));
#10405 = CARTESIAN_POINT('',(1.9645528624,-16.65281118253));
#10406 = CARTESIAN_POINT('',(2.712442725999,-17.08945835376));
#10407 = CARTESIAN_POINT('',(1.960350251427,-17.51882638926));
#10408 = CARTESIAN_POINT('',(1.208257776854,-17.94819442475));
#10409 = CARTESIAN_POINT('',(1.212460387827,-17.08217921803));
#10410 = ( GEOMETRIC_REPRESENTATION_CONTEXT(2) 
PARAMETRIC_REPRESENTATION_CONTEXT() REPRESENTATION_CONTEXT('2D SPACE',''
  ) );
#10411 = PCURVE('',#6496,#10412);
#10412 = DEFINITIONAL_REPRESENTATION('',(#10413),#10417);
#10413 = LINE('',#10414,#10415);
#10414 = CARTESIAN_POINT('',(0.,-12.3));
#10415 = VECTOR('',#10416,1.);
#10416 = DIRECTION('',(1.,0.));
#10417 = ( GEOMETRIC_REPRESENTATION_CONTEXT(2) 
PARAMETRIC_REPRESENTATION_CONTEXT() REPRESENTATION_CONTEXT('2D SPACE',''
  ) );
#10418 = ORIENTED_EDGE('',*,*,#10419,.T.);
#10419 = EDGE_CURVE('',#10392,#10420,#10422,.T.);
#10420 = VERTEX_POINT('',#10421);
#10421 = CARTESIAN_POINT('',(2.053533629074,-16.54324739705,12.3));
#10422 = SURFACE_CURVE('',#10423,(#10428,#10435),.PCURVE_S1.);
#10423 = CIRCLE('',#10424,16.670213999963);
#10424 = AXIS2_PLACEMENT_3D('',#10425,#10426,#10427);
#10425 = CARTESIAN_POINT('',(4.088063221275E-12,-3.652367297491E-11,12.3
    ));
#10426 = DIRECTION('',(0.,0.,1.));
#10427 = DIRECTION('',(9.973402197991E-02,-0.995014132995,0.));
#10428 = PCURVE('',#4146,#10429);
#10429 = DEFINITIONAL_REPRESENTATION('',(#10430),#10434);
#10430 = CIRCLE('',#10431,16.670213999963);
#10431 = AXIS2_PLACEMENT_2D('',#10432,#10433);
#10432 = CARTESIAN_POINT('',(4.09449292368E-12,-3.653257308526E-11));
#10433 = DIRECTION('',(9.973402197991E-02,-0.995014132995));
#10434 = ( GEOMETRIC_REPRESENTATION_CONTEXT(2) 
PARAMETRIC_REPRESENTATION_CONTEXT() REPRESENTATION_CONTEXT('2D SPACE',''
  ) );
#10435 = PCURVE('',#6525,#10436);
#10436 = DEFINITIONAL_REPRESENTATION('',(#10437),#10441);
#10437 = LINE('',#10438,#10439);
#10438 = CARTESIAN_POINT('',(0.,-12.3));
#10439 = VECTOR('',#10440,1.);
#10440 = DIRECTION('',(-1.,0.));
#10441 = ( GEOMETRIC_REPRESENTATION_CONTEXT(2) 
PARAMETRIC_REPRESENTATION_CONTEXT() REPRESENTATION_CONTEXT('2D SPACE',''
  ) );
#10442 = ORIENTED_EDGE('',*,*,#10443,.T.);
#10443 = EDGE_CURVE('',#10420,#10444,#10446,.T.);
#10444 = VERTEX_POINT('',#10445);
#10445 = CARTESIAN_POINT('',(2.049257357252,-16.50879779189,12.3));
#10446 = SURFACE_CURVE('',#10447,(#10451,#10457),.PCURVE_S1.);
#10447 = LINE('',#10448,#10449);
#10448 = CARTESIAN_POINT('',(1.024628678626,-8.254398895949,12.3));
#10449 = VECTOR('',#10450,1.);
#10450 = DIRECTION('',(-0.123185798879,0.992383624892,0.));
#10451 = PCURVE('',#4146,#10452);
#10452 = DEFINITIONAL_REPRESENTATION('',(#10453),#10456);
#10453 = B_SPLINE_CURVE_WITH_KNOTS('',1,(#10454,#10455),.UNSPECIFIED.,
  .F.,.F.,(2,2),(-11.30167893012,-8.31775),.PIECEWISE_BEZIER_KNOTS.);
#10454 = CARTESIAN_POINT('',(2.416835026307,-19.47));
#10455 = CARTESIAN_POINT('',(2.049257357251,-16.50879779189));
#10456 = ( GEOMETRIC_REPRESENTATION_CONTEXT(2) 
PARAMETRIC_REPRESENTATION_CONTEXT() REPRESENTATION_CONTEXT('2D SPACE',''
  ) );
#10457 = PCURVE('',#6552,#10458);
#10458 = DEFINITIONAL_REPRESENTATION('',(#10459),#10462);
#10459 = B_SPLINE_CURVE_WITH_KNOTS('',1,(#10460,#10461),.UNSPECIFIED.,
  .F.,.F.,(2,2),(-11.30167893012,-8.31775),.PIECEWISE_BEZIER_KNOTS.);
#10460 = CARTESIAN_POINT('',(2.983928930129,-13.3));
#10461 = CARTESIAN_POINT('',(-3.552713678801E-15,-13.3));
#10462 = ( GEOMETRIC_REPRESENTATION_CONTEXT(2) 
PARAMETRIC_REPRESENTATION_CONTEXT() REPRESENTATION_CONTEXT('2D SPACE',''
  ) );
#10463 = ORIENTED_EDGE('',*,*,#10464,.F.);
#10464 = EDGE_CURVE('',#10465,#10444,#10467,.T.);
#10465 = VERTEX_POINT('',#10466);
#10466 = CARTESIAN_POINT('',(5.53579814969,15.687408935063,12.3));
#10467 = SURFACE_CURVE('',#10468,(#10473,#10484),.PCURVE_S1.);
#10468 = CIRCLE('',#10469,16.6355);
#10469 = AXIS2_PLACEMENT_3D('',#10470,#10471,#10472);
#10470 = CARTESIAN_POINT('',(0.,0.,12.3));
#10471 = DIRECTION('',(0.,0.,-1.));
#10472 = DIRECTION('',(0.332770169198,0.943007960991,0.));
#10473 = PCURVE('',#4146,#10474);
#10474 = DEFINITIONAL_REPRESENTATION('',(#10475),#10483);
#10475 = ( BOUNDED_CURVE() B_SPLINE_CURVE(2,(#10476,#10477,#10478,#10479
    ,#10480,#10481,#10482),.UNSPECIFIED.,.T.,.F.) 
B_SPLINE_CURVE_WITH_KNOTS((1,2,2,2,2,1),(-2.094395102393,0.,
    2.094395102393,4.188790204786,6.28318530718,8.377580409573),
.UNSPECIFIED.) CURVE() GEOMETRIC_REPRESENTATION_ITEM() 
RATIONAL_B_SPLINE_CURVE((1.,0.5,1.,0.5,1.,0.5,1.)) REPRESENTATION_ITEM(
  '') );
#10476 = CARTESIAN_POINT('',(5.53579814969,15.687408935063));
#10477 = CARTESIAN_POINT('',(32.707187464329,6.099125279354));
#10478 = CARTESIAN_POINT('',(10.817795582475,-12.63784629538));
#10479 = CARTESIAN_POINT('',(-11.07159629938,-31.37481787012));
#10480 = CARTESIAN_POINT('',(-16.35359373216,-3.049562639677));
#10481 = CARTESIAN_POINT('',(-21.63559116494,25.275692590771));
#10482 = CARTESIAN_POINT('',(5.53579814969,15.687408935063));
#10483 = ( GEOMETRIC_REPRESENTATION_CONTEXT(2) 
PARAMETRIC_REPRESENTATION_CONTEXT() REPRESENTATION_CONTEXT('2D SPACE',''
  ) );
#10484 = PCURVE('',#6584,#10485);
#10485 = DEFINITIONAL_REPRESENTATION('',(#10486),#10490);
#10486 = LINE('',#10487,#10488);
#10487 = CARTESIAN_POINT('',(0.,-13.3));
#10488 = VECTOR('',#10489,1.);
#10489 = DIRECTION('',(1.,0.));
#10490 = ( GEOMETRIC_REPRESENTATION_CONTEXT(2) 
PARAMETRIC_REPRESENTATION_CONTEXT() REPRESENTATION_CONTEXT('2D SPACE',''
  ) );
#10491 = ORIENTED_EDGE('',*,*,#10492,.T.);
#10492 = EDGE_CURVE('',#10465,#10493,#10495,.T.);
#10493 = VERTEX_POINT('',#10494);
#10494 = CARTESIAN_POINT('',(5.547349933343,15.720144513421,12.3));
#10495 = SURFACE_CURVE('',#10496,(#10500,#10506),.PCURVE_S1.);
#10496 = LINE('',#10497,#10498);
#10497 = CARTESIAN_POINT('',(16.197587985702,45.900912501228,12.3));
#10498 = VECTOR('',#10499,1.);
#10499 = DIRECTION('',(0.332770169198,0.943007960991,0.));
#10500 = PCURVE('',#4146,#10501);
#10501 = DEFINITIONAL_REPRESENTATION('',(#10502),#10505);
#10502 = B_SPLINE_CURVE_WITH_KNOTS('',1,(#10503,#10504),.UNSPECIFIED.,
  .F.,.F.,(2,2),(-32.0395,-28.02830261735),.PIECEWISE_BEZIER_KNOTS.);
#10503 = CARTESIAN_POINT('',(5.53579814969,15.687408935063));
#10504 = CARTESIAN_POINT('',(6.870604981397,19.47));
#10505 = ( GEOMETRIC_REPRESENTATION_CONTEXT(2) 
PARAMETRIC_REPRESENTATION_CONTEXT() REPRESENTATION_CONTEXT('2D SPACE',''
  ) );
#10506 = PCURVE('',#6611,#10507);
#10507 = DEFINITIONAL_REPRESENTATION('',(#10508),#10511);
#10508 = B_SPLINE_CURVE_WITH_KNOTS('',1,(#10509,#10510),.UNSPECIFIED.,
  .F.,.F.,(2,2),(-32.0395,-28.02830261735),.PIECEWISE_BEZIER_KNOTS.);
#10509 = CARTESIAN_POINT('',(80.7145,-13.3));
#10510 = CARTESIAN_POINT('',(76.703302617358,-13.3));
#10511 = ( GEOMETRIC_REPRESENTATION_CONTEXT(2) 
PARAMETRIC_REPRESENTATION_CONTEXT() REPRESENTATION_CONTEXT('2D SPACE',''
  ) );
#10512 = ORIENTED_EDGE('',*,*,#10513,.T.);
#10513 = EDGE_CURVE('',#10493,#10514,#10516,.T.);
#10514 = VERTEX_POINT('',#10515);
#10515 = CARTESIAN_POINT('',(5.311879606477,15.801264818112,12.3));
#10516 = SURFACE_CURVE('',#10517,(#10522,#10529),.PCURVE_S1.);
#10517 = CIRCLE('',#10518,16.67021400001);
#10518 = AXIS2_PLACEMENT_3D('',#10519,#10520,#10521);
#10519 = CARTESIAN_POINT('',(-3.28803650973E-12,-9.307221660038E-12,12.3
    ));
#10520 = DIRECTION('',(0.,0.,1.));
#10521 = DIRECTION('',(0.341863203624,0.939749727325,0.));
#10522 = PCURVE('',#4146,#10523);
#10523 = DEFINITIONAL_REPRESENTATION('',(#10524),#10528);
#10524 = CIRCLE('',#10525,16.67021400001);
#10525 = AXIS2_PLACEMENT_2D('',#10526,#10527);
#10526 = CARTESIAN_POINT('',(-3.281606807325E-12,-9.316121770394E-12));
#10527 = DIRECTION('',(0.341863203624,0.939749727325));
#10528 = ( GEOMETRIC_REPRESENTATION_CONTEXT(2) 
PARAMETRIC_REPRESENTATION_CONTEXT() REPRESENTATION_CONTEXT('2D SPACE',''
  ) );
#10529 = PCURVE('',#6639,#10530);
#10530 = DEFINITIONAL_REPRESENTATION('',(#10531),#10535);
#10531 = LINE('',#10532,#10533);
#10532 = CARTESIAN_POINT('',(0.,-12.3));
#10533 = VECTOR('',#10534,1.);
#10534 = DIRECTION('',(-1.,0.));
#10535 = ( GEOMETRIC_REPRESENTATION_CONTEXT(2) 
PARAMETRIC_REPRESENTATION_CONTEXT() REPRESENTATION_CONTEXT('2D SPACE',''
  ) );
#10536 = ORIENTED_EDGE('',*,*,#10537,.T.);
#10537 = EDGE_CURVE('',#10514,#10538,#10540,.T.);
#10538 = VERTEX_POINT('',#10539);
#10539 = CARTESIAN_POINT('',(4.983203948114,16.384095502671,12.3));
#10540 = SURFACE_CURVE('',#10541,(#10546,#10557),.PCURVE_S1.);
#10541 = CIRCLE('',#10542,0.500000000072);
#10542 = AXIS2_PLACEMENT_3D('',#10543,#10544,#10545);
#10543 = CARTESIAN_POINT('',(5.471202084562,16.275201889935,12.3));
#10544 = DIRECTION('',(0.,0.,-1.));
#10545 = DIRECTION('',(-0.318644956126,-0.94787414351,0.));
#10546 = PCURVE('',#4146,#10547);
#10547 = DEFINITIONAL_REPRESENTATION('',(#10548),#10556);
#10548 = ( BOUNDED_CURVE() B_SPLINE_CURVE(2,(#10549,#10550,#10551,#10552
    ,#10553,#10554,#10555),.UNSPECIFIED.,.T.,.F.) 
B_SPLINE_CURVE_WITH_KNOTS((1,2,2,2,2,1),(-2.094395102393,0.,
    2.094395102393,4.188790204786,6.28318530718,8.377580409573),
.UNSPECIFIED.) CURVE() GEOMETRIC_REPRESENTATION_ITEM() 
RATIONAL_B_SPLINE_CURVE((1.,0.5,1.,0.5,1.,0.5,1.)) REPRESENTATION_ITEM(
  '') );
#10549 = CARTESIAN_POINT('',(5.311879606477,15.801264818112));
#10550 = CARTESIAN_POINT('',(4.490996518489,16.077219444944));
#10551 = CARTESIAN_POINT('',(5.140421779611,16.650147739262));
#10552 = CARTESIAN_POINT('',(5.789847040734,17.223076033581));
#10553 = CARTESIAN_POINT('',(5.961304867599,16.37419311243));
#10554 = CARTESIAN_POINT('',(6.132762694465,15.525310191279));
#10555 = CARTESIAN_POINT('',(5.311879606477,15.801264818112));
#10556 = ( GEOMETRIC_REPRESENTATION_CONTEXT(2) 
PARAMETRIC_REPRESENTATION_CONTEXT() REPRESENTATION_CONTEXT('2D SPACE',''
  ) );
#10557 = PCURVE('',#6672,#10558);
#10558 = DEFINITIONAL_REPRESENTATION('',(#10559),#10563);
#10559 = LINE('',#10560,#10561);
#10560 = CARTESIAN_POINT('',(0.,-12.3));
#10561 = VECTOR('',#10562,1.);
#10562 = DIRECTION('',(1.,0.));
#10563 = ( GEOMETRIC_REPRESENTATION_CONTEXT(2) 
PARAMETRIC_REPRESENTATION_CONTEXT() REPRESENTATION_CONTEXT('2D SPACE',''
  ) );
#10564 = ORIENTED_EDGE('',*,*,#10565,.T.);
#10565 = EDGE_CURVE('',#10538,#10566,#10568,.T.);
#10566 = VERTEX_POINT('',#10567);
#10567 = CARTESIAN_POINT('',(4.793690394147,18.870650026034,12.3));
#10568 = SURFACE_CURVE('',#10569,(#10588,#10610),.PCURVE_S1.);
#10569 = B_SPLINE_CURVE_WITH_KNOTS('',3,(#10570,#10571,#10572,#10573,
    #10574,#10575,#10576,#10577,#10578,#10579,#10580,#10581,#10582,
    #10583,#10584,#10585,#10586,#10587),.UNSPECIFIED.,.F.,.F.,(4,1,1,1,1
    ,1,1,1,1,1,1,1,1,1,1,4),(0.,4.919943322603E-02,0.115298688747,
    0.198297768641,0.298196673931,0.414995405195,0.548693962792,
    0.699292346962,0.86679055787,1.051188595638,1.252486460354,
    1.470684152089,1.705781670896,1.95777901682,2.226676189894,
    2.512473190149),.UNSPECIFIED.);
#10570 = CARTESIAN_POINT('',(4.983203948114,16.384095502671,12.3));
#10571 = CARTESIAN_POINT('',(4.986751145054,16.400109800442,12.3));
#10572 = CARTESIAN_POINT('',(4.994471728956,16.437761658891,12.3));
#10573 = CARTESIAN_POINT('',(5.005661236853,16.502920469243,12.3));
#10574 = CARTESIAN_POINT('',(5.017196624449,16.585126416446,12.3));
#10575 = CARTESIAN_POINT('',(5.027975642974,16.684459049561,12.3));
#10576 = CARTESIAN_POINT('',(5.036944885514,16.800931870862,12.3));
#10577 = CARTESIAN_POINT('',(5.043030632195,16.934513890686,12.3));
#10578 = CARTESIAN_POINT('',(5.045166363772,17.085121845123,12.3));
#10579 = CARTESIAN_POINT('',(5.042286273786,17.252622845241,12.3));
#10580 = CARTESIAN_POINT('',(5.033330212927,17.436833629192,12.3));
#10581 = CARTESIAN_POINT('',(5.017244922874,17.637521024889,12.3));
#10582 = CARTESIAN_POINT('',(4.992986260264,17.854402191261,12.3));
#10583 = CARTESIAN_POINT('',(4.959521861433,18.087144804828,12.3));
#10584 = CARTESIAN_POINT('',(4.915830448147,18.33536834319,12.3));
#10585 = CARTESIAN_POINT('',(4.860915412863,18.598641110226,12.3));
#10586 = CARTESIAN_POINT('',(4.817468449526,18.778400479427,12.3));
#10587 = CARTESIAN_POINT('',(4.793690394147,18.870650026034,12.3));
#10588 = PCURVE('',#4146,#10589);
#10589 = DEFINITIONAL_REPRESENTATION('',(#10590),#10609);
#10590 = B_SPLINE_CURVE_WITH_KNOTS('',3,(#10591,#10592,#10593,#10594,
    #10595,#10596,#10597,#10598,#10599,#10600,#10601,#10602,#10603,
    #10604,#10605,#10606,#10607,#10608),.UNSPECIFIED.,.F.,.F.,(4,1,1,1,1
    ,1,1,1,1,1,1,1,1,1,1,4),(0.,4.919943322603E-02,0.115298688747,
    0.198297768641,0.298196673931,0.414995405195,0.548693962792,
    0.699292346962,0.86679055787,1.051188595638,1.252486460354,
    1.470684152089,1.705781670896,1.95777901682,2.226676189894,
    2.512473190149),.UNSPECIFIED.);
#10591 = CARTESIAN_POINT('',(4.983203948114,16.384095502671));
#10592 = CARTESIAN_POINT('',(4.986751145054,16.400109800442));
#10593 = CARTESIAN_POINT('',(4.994471728956,16.437761658891));
#10594 = CARTESIAN_POINT('',(5.005661236853,16.502920469243));
#10595 = CARTESIAN_POINT('',(5.017196624449,16.585126416446));
#10596 = CARTESIAN_POINT('',(5.027975642974,16.684459049561));
#10597 = CARTESIAN_POINT('',(5.036944885514,16.800931870862));
#10598 = CARTESIAN_POINT('',(5.043030632195,16.934513890686));
#10599 = CARTESIAN_POINT('',(5.045166363772,17.085121845123));
#10600 = CARTESIAN_POINT('',(5.042286273786,17.252622845241));
#10601 = CARTESIAN_POINT('',(5.033330212927,17.436833629192));
#10602 = CARTESIAN_POINT('',(5.017244922874,17.637521024889));
#10603 = CARTESIAN_POINT('',(4.992986260264,17.854402191261));
#10604 = CARTESIAN_POINT('',(4.959521861433,18.087144804828));
#10605 = CARTESIAN_POINT('',(4.915830448147,18.33536834319));
#10606 = CARTESIAN_POINT('',(4.860915412863,18.598641110226));
#10607 = CARTESIAN_POINT('',(4.817468449526,18.778400479427));
#10608 = CARTESIAN_POINT('',(4.793690394147,18.870650026034));
#10609 = ( GEOMETRIC_REPRESENTATION_CONTEXT(2) 
PARAMETRIC_REPRESENTATION_CONTEXT() REPRESENTATION_CONTEXT('2D SPACE',''
  ) );
#10610 = PCURVE('',#6730,#10611);
#10611 = DEFINITIONAL_REPRESENTATION('',(#10612),#10616);
#10612 = LINE('',#10613,#10614);
#10613 = CARTESIAN_POINT('',(0.,-12.3));
#10614 = VECTOR('',#10615,1.);
#10615 = DIRECTION('',(1.,0.));
#10616 = ( GEOMETRIC_REPRESENTATION_CONTEXT(2) 
PARAMETRIC_REPRESENTATION_CONTEXT() REPRESENTATION_CONTEXT('2D SPACE',''
  ) );
#10617 = ORIENTED_EDGE('',*,*,#10618,.T.);
#10618 = EDGE_CURVE('',#10566,#10619,#10621,.T.);
#10619 = VERTEX_POINT('',#10620);
#10620 = CARTESIAN_POINT('',(3.868702385385,19.081772502923,12.3));
#10621 = SURFACE_CURVE('',#10622,(#10627,#10634),.PCURVE_S1.);
#10622 = CIRCLE('',#10623,19.470000000002);
#10623 = AXIS2_PLACEMENT_3D('',#10624,#10625,#10626);
#10624 = CARTESIAN_POINT('',(-4.880540416252E-13,-2.186695269302E-12,
    12.3));
#10625 = DIRECTION('',(0.,0.,1.));
#10626 = DIRECTION('',(0.246209059792,0.969216745045,0.));
#10627 = PCURVE('',#4146,#10628);
#10628 = DEFINITIONAL_REPRESENTATION('',(#10629),#10633);
#10629 = CIRCLE('',#10630,19.470000000002);
#10630 = AXIS2_PLACEMENT_2D('',#10631,#10632);
#10631 = CARTESIAN_POINT('',(-4.816243392204E-13,-2.195595379658E-12));
#10632 = DIRECTION('',(0.246209059792,0.969216745045));
#10633 = ( GEOMETRIC_REPRESENTATION_CONTEXT(2) 
PARAMETRIC_REPRESENTATION_CONTEXT() REPRESENTATION_CONTEXT('2D SPACE',''
  ) );
#10634 = PCURVE('',#6776,#10635);
#10635 = DEFINITIONAL_REPRESENTATION('',(#10636),#10640);
#10636 = LINE('',#10637,#10638);
#10637 = CARTESIAN_POINT('',(0.,-12.3));
#10638 = VECTOR('',#10639,1.);
#10639 = DIRECTION('',(-1.,0.));
#10640 = ( GEOMETRIC_REPRESENTATION_CONTEXT(2) 
PARAMETRIC_REPRESENTATION_CONTEXT() REPRESENTATION_CONTEXT('2D SPACE',''
  ) );
#10641 = ORIENTED_EDGE('',*,*,#10642,.T.);
#10642 = EDGE_CURVE('',#10619,#10643,#10645,.T.);
#10643 = VERTEX_POINT('',#10644);
#10644 = CARTESIAN_POINT('',(2.619080999099,16.92369113844,12.3));
#10645 = SURFACE_CURVE('',#10646,(#10665,#10687),.PCURVE_S1.);
#10646 = B_SPLINE_CURVE_WITH_KNOTS('',3,(#10647,#10648,#10649,#10650,
    #10651,#10652,#10653,#10654,#10655,#10656,#10657,#10658,#10659,
    #10660,#10661,#10662,#10663,#10664),.UNSPECIFIED.,.F.,.F.,(4,1,1,1,1
    ,1,1,1,1,1,1,1,1,1,1,4),(0.,0.285797000255,0.55469417333,
    0.806691519253,1.04178903806,1.259986729795,1.461284594512,
    1.645682632279,1.813180843187,1.963779227357,2.097477784955,
    2.214276516218,2.314175421508,2.397174501402,2.463273756923,
    2.512473190149),.UNSPECIFIED.);
#10647 = CARTESIAN_POINT('',(3.868702385385,19.081772502923,12.3));
#10648 = CARTESIAN_POINT('',(3.807253519536,19.008975444929,12.3));
#10649 = CARTESIAN_POINT('',(3.690114490914,18.865868780471,12.3));
#10650 = CARTESIAN_POINT('',(3.526407981174,18.652494954447,12.3));
#10651 = CARTESIAN_POINT('',(3.379343221047,18.447810267867,12.3));
#10652 = CARTESIAN_POINT('',(3.248209604091,18.2526360773,12.3));
#10653 = CARTESIAN_POINT('',(3.132252092892,18.067758337605,12.3));
#10654 = CARTESIAN_POINT('',(3.030684749685,17.893924387694,12.3));
#10655 = CARTESIAN_POINT('',(2.942689553945,17.731842095395,12.3));
#10656 = CARTESIAN_POINT('',(2.867418722294,17.582178533159,12.3));
#10657 = CARTESIAN_POINT('',(2.803996607543,17.445558795751,12.3));
#10658 = CARTESIAN_POINT('',(2.751520609601,17.322565048052,12.3));
#10659 = CARTESIAN_POINT('',(2.709065954686,17.213735053613,12.3));
#10660 = CARTESIAN_POINT('',(2.675678700531,17.119562602748,12.3));
#10661 = CARTESIAN_POINT('',(2.650403901884,17.040492586459,12.3));
#10662 = CARTESIAN_POINT('',(2.632213951875,16.976931581338,12.3));
#10663 = CARTESIAN_POINT('',(2.622833428484,16.939658593245,12.3));
#10664 = CARTESIAN_POINT('',(2.619080999099,16.92369113844,12.3));
#10665 = PCURVE('',#4146,#10666);
#10666 = DEFINITIONAL_REPRESENTATION('',(#10667),#10686);
#10667 = B_SPLINE_CURVE_WITH_KNOTS('',3,(#10668,#10669,#10670,#10671,
    #10672,#10673,#10674,#10675,#10676,#10677,#10678,#10679,#10680,
    #10681,#10682,#10683,#10684,#10685),.UNSPECIFIED.,.F.,.F.,(4,1,1,1,1
    ,1,1,1,1,1,1,1,1,1,1,4),(0.,0.285797000255,0.55469417333,
    0.806691519253,1.04178903806,1.259986729795,1.461284594512,
    1.645682632279,1.813180843187,1.963779227357,2.097477784955,
    2.214276516218,2.314175421508,2.397174501402,2.463273756923,
    2.512473190149),.UNSPECIFIED.);
#10668 = CARTESIAN_POINT('',(3.868702385385,19.081772502923));
#10669 = CARTESIAN_POINT('',(3.807253519536,19.008975444929));
#10670 = CARTESIAN_POINT('',(3.690114490914,18.865868780471));
#10671 = CARTESIAN_POINT('',(3.526407981174,18.652494954447));
#10672 = CARTESIAN_POINT('',(3.379343221047,18.447810267867));
#10673 = CARTESIAN_POINT('',(3.248209604091,18.2526360773));
#10674 = CARTESIAN_POINT('',(3.132252092892,18.067758337605));
#10675 = CARTESIAN_POINT('',(3.030684749685,17.893924387694));
#10676 = CARTESIAN_POINT('',(2.942689553945,17.731842095395));
#10677 = CARTESIAN_POINT('',(2.867418722294,17.582178533159));
#10678 = CARTESIAN_POINT('',(2.803996607543,17.445558795751));
#10679 = CARTESIAN_POINT('',(2.751520609601,17.322565048052));
#10680 = CARTESIAN_POINT('',(2.709065954686,17.213735053613));
#10681 = CARTESIAN_POINT('',(2.675678700531,17.119562602748));
#10682 = CARTESIAN_POINT('',(2.650403901884,17.040492586459));
#10683 = CARTESIAN_POINT('',(2.632213951875,16.976931581338));
#10684 = CARTESIAN_POINT('',(2.622833428484,16.939658593245));
#10685 = CARTESIAN_POINT('',(2.619080999099,16.92369113844));
#10686 = ( GEOMETRIC_REPRESENTATION_CONTEXT(2) 
PARAMETRIC_REPRESENTATION_CONTEXT() REPRESENTATION_CONTEXT('2D SPACE',''
  ) );
#10687 = PCURVE('',#6834,#10688);
#10688 = DEFINITIONAL_REPRESENTATION('',(#10689),#10693);
#10689 = LINE('',#10690,#10691);
#10690 = CARTESIAN_POINT('',(0.,-12.3));
#10691 = VECTOR('',#10692,1.);
#10692 = DIRECTION('',(1.,0.));
#10693 = ( GEOMETRIC_REPRESENTATION_CONTEXT(2) 
PARAMETRIC_REPRESENTATION_CONTEXT() REPRESENTATION_CONTEXT('2D SPACE',''
  ) );
#10694 = ORIENTED_EDGE('',*,*,#10695,.T.);
#10695 = EDGE_CURVE('',#10643,#10696,#10698,.T.);
#10696 = VERTEX_POINT('',#10697);
#10697 = CARTESIAN_POINT('',(2.070073706588,16.541185860001,12.3));
#10698 = SURFACE_CURVE('',#10699,(#10704,#10715),.PCURVE_S1.);
#10699 = CIRCLE('',#10700,0.500000000072);
#10700 = AXIS2_PLACEMENT_3D('',#10701,#10702,#10703);
#10701 = CARTESIAN_POINT('',(2.132162702704,17.037315839576,12.3));
#10702 = DIRECTION('',(0.,0.,-1.));
#10703 = DIRECTION('',(0.973836592649,-0.227249402239,0.));
#10704 = PCURVE('',#4146,#10705);
#10705 = DEFINITIONAL_REPRESENTATION('',(#10706),#10714);
#10706 = ( BOUNDED_CURVE() B_SPLINE_CURVE(2,(#10707,#10708,#10709,#10710
    ,#10711,#10712,#10713),.UNSPECIFIED.,.T.,.F.) 
B_SPLINE_CURVE_WITH_KNOTS((1,2,2,2,2,1),(-2.094395102393,0.,
    2.094395102393,4.188790204786,6.28318530718,8.377580409573),
.UNSPECIFIED.) CURVE() GEOMETRIC_REPRESENTATION_ITEM() 
RATIONAL_B_SPLINE_CURVE((1.,0.5,1.,0.5,1.,0.5,1.)) REPRESENTATION_ITEM(
  '') );
#10707 = CARTESIAN_POINT('',(2.619080999099,16.92369113844));
#10708 = CARTESIAN_POINT('',(2.422277243736,16.08032390995));
#10709 = CARTESIAN_POINT('',(1.790301676826,16.672444575899));
#10710 = CARTESIAN_POINT('',(1.158326109916,17.264565241847));
#10711 = CARTESIAN_POINT('',(1.987105432189,17.515811804388));
#10712 = CARTESIAN_POINT('',(2.815884754461,17.767058366929));
#10713 = CARTESIAN_POINT('',(2.619080999099,16.92369113844));
#10714 = ( GEOMETRIC_REPRESENTATION_CONTEXT(2) 
PARAMETRIC_REPRESENTATION_CONTEXT() REPRESENTATION_CONTEXT('2D SPACE',''
  ) );
#10715 = PCURVE('',#6884,#10716);
#10716 = DEFINITIONAL_REPRESENTATION('',(#10717),#10721);
#10717 = LINE('',#10718,#10719);
#10718 = CARTESIAN_POINT('',(0.,-12.3));
#10719 = VECTOR('',#10720,1.);
#10720 = DIRECTION('',(1.,0.));
#10721 = ( GEOMETRIC_REPRESENTATION_CONTEXT(2) 
PARAMETRIC_REPRESENTATION_CONTEXT() REPRESENTATION_CONTEXT('2D SPACE',''
  ) );
#10722 = ORIENTED_EDGE('',*,*,#10723,.T.);
#10723 = EDGE_CURVE('',#10696,#10724,#10726,.T.);
#10724 = VERTEX_POINT('',#10725);
#10725 = CARTESIAN_POINT('',(1.662587489486,16.58709853005,12.3));
#10726 = SURFACE_CURVE('',#10727,(#10732,#10739),.PCURVE_S1.);
#10727 = CIRCLE('',#10728,16.670213999988);
#10728 = AXIS2_PLACEMENT_3D('',#10729,#10730,#10731);
#10729 = CARTESIAN_POINT('',(1.31783473023E-12,1.186428733035E-11,12.3)
  );
#10730 = DIRECTION('',(0.,0.,1.));
#10731 = DIRECTION('',(0.124177992351,0.99225995899,0.));
#10732 = PCURVE('',#4146,#10733);
#10733 = DEFINITIONAL_REPRESENTATION('',(#10734),#10738);
#10734 = CIRCLE('',#10735,16.670213999988);
#10735 = AXIS2_PLACEMENT_2D('',#10736,#10737);
#10736 = CARTESIAN_POINT('',(1.324264432635E-12,1.185538722E-11));
#10737 = DIRECTION('',(0.124177992351,0.99225995899));
#10738 = ( GEOMETRIC_REPRESENTATION_CONTEXT(2) 
PARAMETRIC_REPRESENTATION_CONTEXT() REPRESENTATION_CONTEXT('2D SPACE',''
  ) );
#10739 = PCURVE('',#6913,#10740);
#10740 = DEFINITIONAL_REPRESENTATION('',(#10741),#10745);
#10741 = LINE('',#10742,#10743);
#10742 = CARTESIAN_POINT('',(0.,-12.3));
#10743 = VECTOR('',#10744,1.);
#10744 = DIRECTION('',(-1.,0.));
#10745 = ( GEOMETRIC_REPRESENTATION_CONTEXT(2) 
PARAMETRIC_REPRESENTATION_CONTEXT() REPRESENTATION_CONTEXT('2D SPACE',''
  ) );
#10746 = ORIENTED_EDGE('',*,*,#10747,.T.);
#10747 = EDGE_CURVE('',#10724,#10748,#10750,.T.);
#10748 = VERTEX_POINT('',#10749);
#10749 = CARTESIAN_POINT('',(1.212460387827,17.082179218036,12.3));
#10750 = SURFACE_CURVE('',#10751,(#10756,#10767),.PCURVE_S1.);
#10751 = CIRCLE('',#10752,0.500000000072);
#10752 = AXIS2_PLACEMENT_3D('',#10753,#10754,#10755);
#10753 = CARTESIAN_POINT('',(1.712454500551,17.084605596612,12.3));
#10754 = DIRECTION('',(0.,0.,-1.));
#10755 = DIRECTION('',(-9.973402211601E-02,-0.995014132981,0.));
#10756 = PCURVE('',#4146,#10757);
#10757 = DEFINITIONAL_REPRESENTATION('',(#10758),#10766);
#10758 = ( BOUNDED_CURVE() B_SPLINE_CURVE(2,(#10759,#10760,#10761,#10762
    ,#10763,#10764,#10765),.UNSPECIFIED.,.T.,.F.) 
B_SPLINE_CURVE_WITH_KNOTS((1,2,2,2,2,1),(-2.094395102393,0.,
    2.094395102393,4.188790204786,6.28318530718,8.377580409573),
.UNSPECIFIED.) CURVE() GEOMETRIC_REPRESENTATION_ITEM() 
RATIONAL_B_SPLINE_CURVE((1.,0.5,1.,0.5,1.,0.5,1.)) REPRESENTATION_ITEM(
  '') );
#10759 = CARTESIAN_POINT('',(1.662587489486,16.58709853005));
#10760 = CARTESIAN_POINT('',(0.800879973076,16.673470726837));
#10761 = CARTESIAN_POINT('',(1.306534247879,17.376545228286));
#10762 = CARTESIAN_POINT('',(1.812188522682,18.079619729736));
#10763 = CARTESIAN_POINT('',(2.168241764289,17.2901730315));
#10764 = CARTESIAN_POINT('',(2.524295005896,16.500726333264));
#10765 = CARTESIAN_POINT('',(1.662587489486,16.58709853005));
#10766 = ( GEOMETRIC_REPRESENTATION_CONTEXT(2) 
PARAMETRIC_REPRESENTATION_CONTEXT() REPRESENTATION_CONTEXT('2D SPACE',''
  ) );
#10767 = PCURVE('',#6946,#10768);
#10768 = DEFINITIONAL_REPRESENTATION('',(#10769),#10773);
#10769 = LINE('',#10770,#10771);
#10770 = CARTESIAN_POINT('',(0.,-12.3));
#10771 = VECTOR('',#10772,1.);
#10772 = DIRECTION('',(1.,0.));
#10773 = ( GEOMETRIC_REPRESENTATION_CONTEXT(2) 
PARAMETRIC_REPRESENTATION_CONTEXT() REPRESENTATION_CONTEXT('2D SPACE',''
  ) );
#10774 = ORIENTED_EDGE('',*,*,#10775,.T.);
#10775 = EDGE_CURVE('',#10748,#10776,#10778,.T.);
#10776 = VERTEX_POINT('',#10777);
#10777 = CARTESIAN_POINT('',(0.474387899456,19.464219894998,12.3));
#10778 = SURFACE_CURVE('',#10779,(#10798,#10820),.PCURVE_S1.);
#10779 = B_SPLINE_CURVE_WITH_KNOTS('',3,(#10780,#10781,#10782,#10783,
    #10784,#10785,#10786,#10787,#10788,#10789,#10790,#10791,#10792,
    #10793,#10794,#10795,#10796,#10797),.UNSPECIFIED.,.F.,.F.,(4,1,1,1,1
    ,1,1,1,1,1,1,1,1,1,1,4),(0.,4.919943322603E-02,0.115298688747,
    0.198297768641,0.298196673931,0.414995405195,0.548693962792,
    0.699292346962,0.86679055787,1.051188595638,1.252486460354,
    1.470684152089,1.705781670896,1.95777901682,2.226676189894,
    2.512473190149),.UNSPECIFIED.);
#10780 = CARTESIAN_POINT('',(1.212460387827,17.082179218036,12.3));
#10781 = CARTESIAN_POINT('',(1.212355132637,17.098581329503,12.3));
#10782 = CARTESIAN_POINT('',(1.211503818674,17.137007168791,12.3));
#10783 = CARTESIAN_POINT('',(1.207913582912,17.203022211475,12.3));
#10784 = CARTESIAN_POINT('',(1.200867210109,17.285733949172,12.3));
#10785 = CARTESIAN_POINT('',(1.189272385842,17.384974663056,12.3));
#10786 = CARTESIAN_POINT('',(1.172099109768,17.50052311178,12.3));
#10787 = CARTESIAN_POINT('',(1.148307478263,17.632110157507,12.3));
#10788 = CARTESIAN_POINT('',(1.116876239908,17.779417301069,12.3));
#10789 = CARTESIAN_POINT('',(1.076795880806,17.942077821089,12.3));
#10790 = CARTESIAN_POINT('',(1.027073611402,18.119677145061,12.3));
#10791 = CARTESIAN_POINT('',(0.96673446643,18.311753574984,12.3));
#10792 = CARTESIAN_POINT('',(0.89482341944,18.517799017445,12.3));
#10793 = CARTESIAN_POINT('',(0.810407939214,18.737259758484,12.3));
#10794 = CARTESIAN_POINT('',(0.712577027292,18.969537560403,12.3));
#10795 = CARTESIAN_POINT('',(0.600455124589,19.213989784565,12.3));
#10796 = CARTESIAN_POINT('',(0.51809724461,19.379574352215,12.3));
#10797 = CARTESIAN_POINT('',(0.474387899456,19.464219894998,12.3));
#10798 = PCURVE('',#4146,#10799);
#10799 = DEFINITIONAL_REPRESENTATION('',(#10800),#10819);
#10800 = B_SPLINE_CURVE_WITH_KNOTS('',3,(#10801,#10802,#10803,#10804,
    #10805,#10806,#10807,#10808,#10809,#10810,#10811,#10812,#10813,
    #10814,#10815,#10816,#10817,#10818),.UNSPECIFIED.,.F.,.F.,(4,1,1,1,1
    ,1,1,1,1,1,1,1,1,1,1,4),(0.,4.919943322603E-02,0.115298688747,
    0.198297768641,0.298196673931,0.414995405195,0.548693962792,
    0.699292346962,0.86679055787,1.051188595638,1.252486460354,
    1.470684152089,1.705781670896,1.95777901682,2.226676189894,
    2.512473190149),.UNSPECIFIED.);
#10801 = CARTESIAN_POINT('',(1.212460387827,17.082179218036));
#10802 = CARTESIAN_POINT('',(1.212355132637,17.098581329503));
#10803 = CARTESIAN_POINT('',(1.211503818674,17.137007168791));
#10804 = CARTESIAN_POINT('',(1.207913582912,17.203022211475));
#10805 = CARTESIAN_POINT('',(1.200867210109,17.285733949172));
#10806 = CARTESIAN_POINT('',(1.189272385842,17.384974663056));
#10807 = CARTESIAN_POINT('',(1.172099109768,17.50052311178));
#10808 = CARTESIAN_POINT('',(1.148307478263,17.632110157507));
#10809 = CARTESIAN_POINT('',(1.116876239908,17.779417301069));
#10810 = CARTESIAN_POINT('',(1.076795880806,17.942077821089));
#10811 = CARTESIAN_POINT('',(1.027073611402,18.119677145061));
#10812 = CARTESIAN_POINT('',(0.96673446643,18.311753574984));
#10813 = CARTESIAN_POINT('',(0.89482341944,18.517799017445));
#10814 = CARTESIAN_POINT('',(0.810407939214,18.737259758484));
#10815 = CARTESIAN_POINT('',(0.712577027292,18.969537560403));
#10816 = CARTESIAN_POINT('',(0.600455124589,19.213989784565));
#10817 = CARTESIAN_POINT('',(0.51809724461,19.379574352215));
#10818 = CARTESIAN_POINT('',(0.474387899456,19.464219894998));
#10819 = ( GEOMETRIC_REPRESENTATION_CONTEXT(2) 
PARAMETRIC_REPRESENTATION_CONTEXT() REPRESENTATION_CONTEXT('2D SPACE',''
  ) );
#10820 = PCURVE('',#7004,#10821);
#10821 = DEFINITIONAL_REPRESENTATION('',(#10822),#10826);
#10822 = LINE('',#10823,#10824);
#10823 = CARTESIAN_POINT('',(0.,-12.3));
#10824 = VECTOR('',#10825,1.);
#10825 = DIRECTION('',(1.,0.));
#10826 = ( GEOMETRIC_REPRESENTATION_CONTEXT(2) 
PARAMETRIC_REPRESENTATION_CONTEXT() REPRESENTATION_CONTEXT('2D SPACE',''
  ) );
#10827 = ORIENTED_EDGE('',*,*,#10828,.T.);
#10828 = EDGE_CURVE('',#10776,#10829,#10831,.T.);
#10829 = VERTEX_POINT('',#10830);
#10830 = CARTESIAN_POINT('',(-0.474387899456,19.464219894998,12.3));
#10831 = SURFACE_CURVE('',#10832,(#10837,#10844),.PCURVE_S1.);
#10832 = CIRCLE('',#10833,19.470000000003);
#10833 = AXIS2_PLACEMENT_3D('',#10834,#10835,#10836);
#10834 = CARTESIAN_POINT('',(5.939693181745E-15,-2.678746113816E-12,12.3
    ));
#10835 = DIRECTION('',(0.,0.,1.));
#10836 = DIRECTION('',(2.43650693095E-02,0.999703127632,0.));
#10837 = PCURVE('',#4146,#10838);
#10838 = DEFINITIONAL_REPRESENTATION('',(#10839),#10843);
#10839 = CIRCLE('',#10840,19.470000000003);
#10840 = AXIS2_PLACEMENT_2D('',#10841,#10842);
#10841 = CARTESIAN_POINT('',(1.23693955866E-14,-2.687646224172E-12));
#10842 = DIRECTION('',(2.43650693095E-02,0.999703127632));
#10843 = ( GEOMETRIC_REPRESENTATION_CONTEXT(2) 
PARAMETRIC_REPRESENTATION_CONTEXT() REPRESENTATION_CONTEXT('2D SPACE',''
  ) );
#10844 = PCURVE('',#7050,#10845);
#10845 = DEFINITIONAL_REPRESENTATION('',(#10846),#10850);
#10846 = LINE('',#10847,#10848);
#10847 = CARTESIAN_POINT('',(0.,-12.3));
#10848 = VECTOR('',#10849,1.);
#10849 = DIRECTION('',(-1.,0.));
#10850 = ( GEOMETRIC_REPRESENTATION_CONTEXT(2) 
PARAMETRIC_REPRESENTATION_CONTEXT() REPRESENTATION_CONTEXT('2D SPACE',''
  ) );
#10851 = ORIENTED_EDGE('',*,*,#10852,.T.);
#10852 = EDGE_CURVE('',#10829,#10853,#10855,.T.);
#10853 = VERTEX_POINT('',#10854);
#10854 = CARTESIAN_POINT('',(-1.212460387827,17.082179218036,12.3));
#10855 = SURFACE_CURVE('',#10856,(#10875,#10897),.PCURVE_S1.);
#10856 = B_SPLINE_CURVE_WITH_KNOTS('',3,(#10857,#10858,#10859,#10860,
    #10861,#10862,#10863,#10864,#10865,#10866,#10867,#10868,#10869,
    #10870,#10871,#10872,#10873,#10874),.UNSPECIFIED.,.F.,.F.,(4,1,1,1,1
    ,1,1,1,1,1,1,1,1,1,1,4),(0.,0.285797000255,0.55469417333,
    0.806691519253,1.04178903806,1.259986729795,1.461284594512,
    1.645682632279,1.813180843187,1.963779227357,2.097477784955,
    2.214276516218,2.314175421508,2.397174501402,2.463273756923,
    2.512473190149),.UNSPECIFIED.);
#10857 = CARTESIAN_POINT('',(-0.474387899456,19.464219894998,12.3));
#10858 = CARTESIAN_POINT('',(-0.51809724461,19.379574352215,12.3));
#10859 = CARTESIAN_POINT('',(-0.600455124589,19.213989784565,12.3));
#10860 = CARTESIAN_POINT('',(-0.712577027292,18.969537560403,12.3));
#10861 = CARTESIAN_POINT('',(-0.810407939214,18.737259758484,12.3));
#10862 = CARTESIAN_POINT('',(-0.89482341944,18.517799017445,12.3));
#10863 = CARTESIAN_POINT('',(-0.96673446643,18.311753574984,12.3));
#10864 = CARTESIAN_POINT('',(-1.027073611402,18.119677145061,12.3));
#10865 = CARTESIAN_POINT('',(-1.076795880806,17.942077821089,12.3));
#10866 = CARTESIAN_POINT('',(-1.116876239908,17.779417301069,12.3));
#10867 = CARTESIAN_POINT('',(-1.148307478263,17.632110157507,12.3));
#10868 = CARTESIAN_POINT('',(-1.172099109768,17.50052311178,12.3));
#10869 = CARTESIAN_POINT('',(-1.189272385842,17.384974663056,12.3));
#10870 = CARTESIAN_POINT('',(-1.200867210109,17.285733949172,12.3));
#10871 = CARTESIAN_POINT('',(-1.207913582912,17.203022211475,12.3));
#10872 = CARTESIAN_POINT('',(-1.211503818674,17.137007168791,12.3));
#10873 = CARTESIAN_POINT('',(-1.212355132637,17.098581329503,12.3));
#10874 = CARTESIAN_POINT('',(-1.212460387827,17.082179218036,12.3));
#10875 = PCURVE('',#4146,#10876);
#10876 = DEFINITIONAL_REPRESENTATION('',(#10877),#10896);
#10877 = B_SPLINE_CURVE_WITH_KNOTS('',3,(#10878,#10879,#10880,#10881,
    #10882,#10883,#10884,#10885,#10886,#10887,#10888,#10889,#10890,
    #10891,#10892,#10893,#10894,#10895),.UNSPECIFIED.,.F.,.F.,(4,1,1,1,1
    ,1,1,1,1,1,1,1,1,1,1,4),(0.,0.285797000255,0.55469417333,
    0.806691519253,1.04178903806,1.259986729795,1.461284594512,
    1.645682632279,1.813180843187,1.963779227357,2.097477784955,
    2.214276516218,2.314175421508,2.397174501402,2.463273756923,
    2.512473190149),.UNSPECIFIED.);
#10878 = CARTESIAN_POINT('',(-0.474387899456,19.464219894998));
#10879 = CARTESIAN_POINT('',(-0.51809724461,19.379574352215));
#10880 = CARTESIAN_POINT('',(-0.600455124589,19.213989784565));
#10881 = CARTESIAN_POINT('',(-0.712577027292,18.969537560403));
#10882 = CARTESIAN_POINT('',(-0.810407939214,18.737259758484));
#10883 = CARTESIAN_POINT('',(-0.89482341944,18.517799017445));
#10884 = CARTESIAN_POINT('',(-0.96673446643,18.311753574984));
#10885 = CARTESIAN_POINT('',(-1.027073611402,18.119677145061));
#10886 = CARTESIAN_POINT('',(-1.076795880806,17.942077821089));
#10887 = CARTESIAN_POINT('',(-1.116876239908,17.779417301069));
#10888 = CARTESIAN_POINT('',(-1.148307478263,17.632110157507));
#10889 = CARTESIAN_POINT('',(-1.172099109768,17.50052311178));
#10890 = CARTESIAN_POINT('',(-1.189272385842,17.384974663056));
#10891 = CARTESIAN_POINT('',(-1.200867210109,17.285733949172));
#10892 = CARTESIAN_POINT('',(-1.207913582912,17.203022211475));
#10893 = CARTESIAN_POINT('',(-1.211503818674,17.137007168791));
#10894 = CARTESIAN_POINT('',(-1.212355132637,17.098581329503));
#10895 = CARTESIAN_POINT('',(-1.212460387827,17.082179218036));
#10896 = ( GEOMETRIC_REPRESENTATION_CONTEXT(2) 
PARAMETRIC_REPRESENTATION_CONTEXT() REPRESENTATION_CONTEXT('2D SPACE',''
  ) );
#10897 = PCURVE('',#7108,#10898);
#10898 = DEFINITIONAL_REPRESENTATION('',(#10899),#10903);
#10899 = LINE('',#10900,#10901);
#10900 = CARTESIAN_POINT('',(0.,-12.3));
#10901 = VECTOR('',#10902,1.);
#10902 = DIRECTION('',(1.,0.));
#10903 = ( GEOMETRIC_REPRESENTATION_CONTEXT(2) 
PARAMETRIC_REPRESENTATION_CONTEXT() REPRESENTATION_CONTEXT('2D SPACE',''
  ) );
#10904 = ORIENTED_EDGE('',*,*,#10905,.T.);
#10905 = EDGE_CURVE('',#10853,#10906,#10908,.T.);
#10906 = VERTEX_POINT('',#10907);
#10907 = CARTESIAN_POINT('',(-1.662587489486,16.58709853005,12.3));
#10908 = SURFACE_CURVE('',#10909,(#10914,#10925),.PCURVE_S1.);
#10909 = CIRCLE('',#10910,0.500000000072);
#10910 = AXIS2_PLACEMENT_3D('',#10911,#10912,#10913);
#10911 = CARTESIAN_POINT('',(-1.712454500551,17.084605596612,12.3));
#10912 = DIRECTION('',(0.,0.,-1.));
#10913 = DIRECTION('',(0.999988225305,-4.852757152684E-03,0.));
#10914 = PCURVE('',#4146,#10915);
#10915 = DEFINITIONAL_REPRESENTATION('',(#10916),#10924);
#10916 = ( BOUNDED_CURVE() B_SPLINE_CURVE(2,(#10917,#10918,#10919,#10920
    ,#10921,#10922,#10923),.UNSPECIFIED.,.T.,.F.) 
B_SPLINE_CURVE_WITH_KNOTS((1,2,2,2,2,1),(-2.094395102393,0.,
    2.094395102393,4.188790204786,6.28318530718,8.377580409573),
.UNSPECIFIED.) CURVE() GEOMETRIC_REPRESENTATION_ITEM() 
RATIONAL_B_SPLINE_CURVE((1.,0.5,1.,0.5,1.,0.5,1.)) REPRESENTATION_ITEM(
  '') );
#10917 = CARTESIAN_POINT('',(-1.212460387827,17.082179218036));
#10918 = CARTESIAN_POINT('',(-1.216662998801,16.216164011312));
#10919 = CARTESIAN_POINT('',(-1.9645528624,16.652811182539));
#10920 = CARTESIAN_POINT('',(-2.712442725999,17.089458353766));
#10921 = CARTESIAN_POINT('',(-1.960350251427,17.518826389262));
#10922 = CARTESIAN_POINT('',(-1.208257776854,17.948194424759));
#10923 = CARTESIAN_POINT('',(-1.212460387827,17.082179218036));
#10924 = ( GEOMETRIC_REPRESENTATION_CONTEXT(2) 
PARAMETRIC_REPRESENTATION_CONTEXT() REPRESENTATION_CONTEXT('2D SPACE',''
  ) );
#10925 = PCURVE('',#7158,#10926);
#10926 = DEFINITIONAL_REPRESENTATION('',(#10927),#10931);
#10927 = LINE('',#10928,#10929);
#10928 = CARTESIAN_POINT('',(0.,-12.3));
#10929 = VECTOR('',#10930,1.);
#10930 = DIRECTION('',(1.,0.));
#10931 = ( GEOMETRIC_REPRESENTATION_CONTEXT(2) 
PARAMETRIC_REPRESENTATION_CONTEXT() REPRESENTATION_CONTEXT('2D SPACE',''
  ) );
#10932 = ORIENTED_EDGE('',*,*,#10933,.T.);
#10933 = EDGE_CURVE('',#10906,#10934,#10936,.T.);
#10934 = VERTEX_POINT('',#10935);
#10935 = CARTESIAN_POINT('',(-2.070073706588,16.541185860001,12.3));
#10936 = SURFACE_CURVE('',#10937,(#10942,#10949),.PCURVE_S1.);
#10937 = CIRCLE('',#10938,16.670213999988);
#10938 = AXIS2_PLACEMENT_3D('',#10939,#10940,#10941);
#10939 = CARTESIAN_POINT('',(-1.324496068378E-12,1.202593580274E-11,12.3
    ));
#10940 = DIRECTION('',(0.,0.,1.));
#10941 = DIRECTION('',(-9.973402197993E-02,0.995014132995,0.));
#10942 = PCURVE('',#4146,#10943);
#10943 = DEFINITIONAL_REPRESENTATION('',(#10944),#10948);
#10944 = CIRCLE('',#10945,16.670213999988);
#10945 = AXIS2_PLACEMENT_2D('',#10946,#10947);
#10946 = CARTESIAN_POINT('',(-1.318066365973E-12,1.201703569238E-11));
#10947 = DIRECTION('',(-9.973402197993E-02,0.995014132995));
#10948 = ( GEOMETRIC_REPRESENTATION_CONTEXT(2) 
PARAMETRIC_REPRESENTATION_CONTEXT() REPRESENTATION_CONTEXT('2D SPACE',''
  ) );
#10949 = PCURVE('',#7187,#10950);
#10950 = DEFINITIONAL_REPRESENTATION('',(#10951),#10955);
#10951 = LINE('',#10952,#10953);
#10952 = CARTESIAN_POINT('',(0.,-12.3));
#10953 = VECTOR('',#10954,1.);
#10954 = DIRECTION('',(-1.,0.));
#10955 = ( GEOMETRIC_REPRESENTATION_CONTEXT(2) 
PARAMETRIC_REPRESENTATION_CONTEXT() REPRESENTATION_CONTEXT('2D SPACE',''
  ) );
#10956 = ORIENTED_EDGE('',*,*,#10957,.T.);
#10957 = EDGE_CURVE('',#10934,#10958,#10960,.T.);
#10958 = VERTEX_POINT('',#10959);
#10959 = CARTESIAN_POINT('',(-2.619080999099,16.92369113844,12.3));
#10960 = SURFACE_CURVE('',#10961,(#10966,#10977),.PCURVE_S1.);
#10961 = CIRCLE('',#10962,0.500000000072);
#10962 = AXIS2_PLACEMENT_3D('',#10963,#10964,#10965);
#10963 = CARTESIAN_POINT('',(-2.132162702704,17.037315839576,12.3));
#10964 = DIRECTION('',(0.,0.,-1.));
#10965 = DIRECTION('',(0.124177992216,-0.992259959007,0.));
#10966 = PCURVE('',#4146,#10967);
#10967 = DEFINITIONAL_REPRESENTATION('',(#10968),#10976);
#10968 = ( BOUNDED_CURVE() B_SPLINE_CURVE(2,(#10969,#10970,#10971,#10972
    ,#10973,#10974,#10975),.UNSPECIFIED.,.T.,.F.) 
B_SPLINE_CURVE_WITH_KNOTS((1,2,2,2,2,1),(-2.094395102393,0.,
    2.094395102393,4.188790204786,6.28318530718,8.377580409573),
.UNSPECIFIED.) CURVE() GEOMETRIC_REPRESENTATION_ITEM() 
RATIONAL_B_SPLINE_CURVE((1.,0.5,1.,0.5,1.,0.5,1.)) REPRESENTATION_ITEM(
  '') );
#10969 = CARTESIAN_POINT('',(-2.070073706588,16.541185860001));
#10970 = CARTESIAN_POINT('',(-2.929396038369,16.433644564136));
#10971 = CARTESIAN_POINT('',(-2.592868366654,17.23161018143));
#10972 = CARTESIAN_POINT('',(-2.256340694938,18.029575798725));
#10973 = CARTESIAN_POINT('',(-1.733546034872,17.339151477295));
#10974 = CARTESIAN_POINT('',(-1.210751374806,16.648727155866));
#10975 = CARTESIAN_POINT('',(-2.070073706588,16.541185860001));
#10976 = ( GEOMETRIC_REPRESENTATION_CONTEXT(2) 
PARAMETRIC_REPRESENTATION_CONTEXT() REPRESENTATION_CONTEXT('2D SPACE',''
  ) );
#10977 = PCURVE('',#7220,#10978);
#10978 = DEFINITIONAL_REPRESENTATION('',(#10979),#10983);
#10979 = LINE('',#10980,#10981);
#10980 = CARTESIAN_POINT('',(0.,-12.3));
#10981 = VECTOR('',#10982,1.);
#10982 = DIRECTION('',(1.,0.));
#10983 = ( GEOMETRIC_REPRESENTATION_CONTEXT(2) 
PARAMETRIC_REPRESENTATION_CONTEXT() REPRESENTATION_CONTEXT('2D SPACE',''
  ) );
#10984 = ORIENTED_EDGE('',*,*,#10985,.T.);
#10985 = EDGE_CURVE('',#10958,#10986,#10988,.T.);
#10986 = VERTEX_POINT('',#10987);
#10987 = CARTESIAN_POINT('',(-3.868702385385,19.081772502923,12.3));
#10988 = SURFACE_CURVE('',#10989,(#11008,#11030),.PCURVE_S1.);
#10989 = B_SPLINE_CURVE_WITH_KNOTS('',3,(#10990,#10991,#10992,#10993,
    #10994,#10995,#10996,#10997,#10998,#10999,#11000,#11001,#11002,
    #11003,#11004,#11005,#11006,#11007),.UNSPECIFIED.,.F.,.F.,(4,1,1,1,1
    ,1,1,1,1,1,1,1,1,1,1,4),(0.,4.919943322603E-02,0.115298688747,
    0.198297768641,0.298196673931,0.414995405195,0.548693962792,
    0.699292346962,0.86679055787,1.051188595638,1.252486460354,
    1.470684152089,1.705781670896,1.95777901682,2.226676189894,
    2.512473190149),.UNSPECIFIED.);
#10990 = CARTESIAN_POINT('',(-2.619080999099,16.92369113844,12.3));
#10991 = CARTESIAN_POINT('',(-2.622833428484,16.939658593245,12.3));
#10992 = CARTESIAN_POINT('',(-2.632213951875,16.976931581338,12.3));
#10993 = CARTESIAN_POINT('',(-2.650403901884,17.040492586459,12.3));
#10994 = CARTESIAN_POINT('',(-2.675678700531,17.119562602748,12.3));
#10995 = CARTESIAN_POINT('',(-2.709065954686,17.213735053613,12.3));
#10996 = CARTESIAN_POINT('',(-2.751520609601,17.322565048052,12.3));
#10997 = CARTESIAN_POINT('',(-2.803996607543,17.445558795751,12.3));
#10998 = CARTESIAN_POINT('',(-2.867418722294,17.582178533159,12.3));
#10999 = CARTESIAN_POINT('',(-2.942689553945,17.731842095395,12.3));
#11000 = CARTESIAN_POINT('',(-3.030684749685,17.893924387694,12.3));
#11001 = CARTESIAN_POINT('',(-3.132252092892,18.067758337605,12.3));
#11002 = CARTESIAN_POINT('',(-3.248209604091,18.2526360773,12.3));
#11003 = CARTESIAN_POINT('',(-3.379343221047,18.447810267867,12.3));
#11004 = CARTESIAN_POINT('',(-3.526407981174,18.652494954447,12.3));
#11005 = CARTESIAN_POINT('',(-3.690114490914,18.865868780471,12.3));
#11006 = CARTESIAN_POINT('',(-3.807253519536,19.008975444929,12.3));
#11007 = CARTESIAN_POINT('',(-3.868702385385,19.081772502923,12.3));
#11008 = PCURVE('',#4146,#11009);
#11009 = DEFINITIONAL_REPRESENTATION('',(#11010),#11029);
#11010 = B_SPLINE_CURVE_WITH_KNOTS('',3,(#11011,#11012,#11013,#11014,
    #11015,#11016,#11017,#11018,#11019,#11020,#11021,#11022,#11023,
    #11024,#11025,#11026,#11027,#11028),.UNSPECIFIED.,.F.,.F.,(4,1,1,1,1
    ,1,1,1,1,1,1,1,1,1,1,4),(0.,4.919943322603E-02,0.115298688747,
    0.198297768641,0.298196673931,0.414995405195,0.548693962792,
    0.699292346962,0.86679055787,1.051188595638,1.252486460354,
    1.470684152089,1.705781670896,1.95777901682,2.226676189894,
    2.512473190149),.UNSPECIFIED.);
#11011 = CARTESIAN_POINT('',(-2.619080999099,16.92369113844));
#11012 = CARTESIAN_POINT('',(-2.622833428484,16.939658593245));
#11013 = CARTESIAN_POINT('',(-2.632213951875,16.976931581338));
#11014 = CARTESIAN_POINT('',(-2.650403901884,17.040492586459));
#11015 = CARTESIAN_POINT('',(-2.675678700531,17.119562602748));
#11016 = CARTESIAN_POINT('',(-2.709065954686,17.213735053613));
#11017 = CARTESIAN_POINT('',(-2.751520609601,17.322565048052));
#11018 = CARTESIAN_POINT('',(-2.803996607543,17.445558795751));
#11019 = CARTESIAN_POINT('',(-2.867418722294,17.582178533159));
#11020 = CARTESIAN_POINT('',(-2.942689553945,17.731842095395));
#11021 = CARTESIAN_POINT('',(-3.030684749685,17.893924387694));
#11022 = CARTESIAN_POINT('',(-3.132252092892,18.067758337605));
#11023 = CARTESIAN_POINT('',(-3.248209604091,18.2526360773));
#11024 = CARTESIAN_POINT('',(-3.379343221047,18.447810267867));
#11025 = CARTESIAN_POINT('',(-3.526407981174,18.652494954447));
#11026 = CARTESIAN_POINT('',(-3.690114490914,18.865868780471));
#11027 = CARTESIAN_POINT('',(-3.807253519536,19.008975444929));
#11028 = CARTESIAN_POINT('',(-3.868702385385,19.081772502923));
#11029 = ( GEOMETRIC_REPRESENTATION_CONTEXT(2) 
PARAMETRIC_REPRESENTATION_CONTEXT() REPRESENTATION_CONTEXT('2D SPACE',''
  ) );
#11030 = PCURVE('',#7278,#11031);
#11031 = DEFINITIONAL_REPRESENTATION('',(#11032),#11036);
#11032 = LINE('',#11033,#11034);
#11033 = CARTESIAN_POINT('',(0.,-12.3));
#11034 = VECTOR('',#11035,1.);
#11035 = DIRECTION('',(1.,0.));
#11036 = ( GEOMETRIC_REPRESENTATION_CONTEXT(2) 
PARAMETRIC_REPRESENTATION_CONTEXT() REPRESENTATION_CONTEXT('2D SPACE',''
  ) );
#11037 = ORIENTED_EDGE('',*,*,#11038,.T.);
#11038 = EDGE_CURVE('',#10986,#11039,#11041,.T.);
#11039 = VERTEX_POINT('',#11040);
#11040 = CARTESIAN_POINT('',(-4.793690394147,18.870650026034,12.3));
#11041 = SURFACE_CURVE('',#11042,(#11047,#11054),.PCURVE_S1.);
#11042 = CIRCLE('',#11043,19.470000000002);
#11043 = AXIS2_PLACEMENT_3D('',#11044,#11045,#11046);
#11044 = CARTESIAN_POINT('',(5.00488539501E-13,-2.183142555623E-12,12.3)
  );
#11045 = DIRECTION('',(0.,0.,1.));
#11046 = DIRECTION('',(-0.198700687488,0.980060221003,0.));
#11047 = PCURVE('',#4146,#11048);
#11048 = DEFINITIONAL_REPRESENTATION('',(#11049),#11053);
#11049 = CIRCLE('',#11050,19.470000000002);
#11050 = AXIS2_PLACEMENT_2D('',#11051,#11052);
#11051 = CARTESIAN_POINT('',(5.069182419059E-13,-2.192042665979E-12));
#11052 = DIRECTION('',(-0.198700687488,0.980060221003));
#11053 = ( GEOMETRIC_REPRESENTATION_CONTEXT(2) 
PARAMETRIC_REPRESENTATION_CONTEXT() REPRESENTATION_CONTEXT('2D SPACE',''
  ) );
#11054 = PCURVE('',#7324,#11055);
#11055 = DEFINITIONAL_REPRESENTATION('',(#11056),#11060);
#11056 = LINE('',#11057,#11058);
#11057 = CARTESIAN_POINT('',(0.,-12.3));
#11058 = VECTOR('',#11059,1.);
#11059 = DIRECTION('',(-1.,0.));
#11060 = ( GEOMETRIC_REPRESENTATION_CONTEXT(2) 
PARAMETRIC_REPRESENTATION_CONTEXT() REPRESENTATION_CONTEXT('2D SPACE',''
  ) );
#11061 = ORIENTED_EDGE('',*,*,#11062,.T.);
#11062 = EDGE_CURVE('',#11039,#11063,#11065,.T.);
#11063 = VERTEX_POINT('',#11064);
#11064 = CARTESIAN_POINT('',(-4.983203948114,16.384095502671,12.3));
#11065 = SURFACE_CURVE('',#11066,(#11085,#11107),.PCURVE_S1.);
#11066 = B_SPLINE_CURVE_WITH_KNOTS('',3,(#11067,#11068,#11069,#11070,
    #11071,#11072,#11073,#11074,#11075,#11076,#11077,#11078,#11079,
    #11080,#11081,#11082,#11083,#11084),.UNSPECIFIED.,.F.,.F.,(4,1,1,1,1
    ,1,1,1,1,1,1,1,1,1,1,4),(0.,0.285797000255,0.55469417333,
    0.806691519253,1.04178903806,1.259986729795,1.461284594512,
    1.645682632279,1.813180843187,1.963779227357,2.097477784955,
    2.214276516218,2.314175421508,2.397174501402,2.463273756923,
    2.512473190149),.UNSPECIFIED.);
#11067 = CARTESIAN_POINT('',(-4.793690394147,18.870650026034,12.3));
#11068 = CARTESIAN_POINT('',(-4.817468449526,18.778400479427,12.3));
#11069 = CARTESIAN_POINT('',(-4.860915412863,18.598641110226,12.3));
#11070 = CARTESIAN_POINT('',(-4.915830448147,18.33536834319,12.3));
#11071 = CARTESIAN_POINT('',(-4.959521861433,18.087144804828,12.3));
#11072 = CARTESIAN_POINT('',(-4.992986260264,17.854402191261,12.3));
#11073 = CARTESIAN_POINT('',(-5.017244922874,17.637521024889,12.3));
#11074 = CARTESIAN_POINT('',(-5.033330212927,17.436833629192,12.3));
#11075 = CARTESIAN_POINT('',(-5.042286273786,17.252622845241,12.3));
#11076 = CARTESIAN_POINT('',(-5.045166363772,17.085121845123,12.3));
#11077 = CARTESIAN_POINT('',(-5.043030632195,16.934513890686,12.3));
#11078 = CARTESIAN_POINT('',(-5.036944885514,16.800931870862,12.3));
#11079 = CARTESIAN_POINT('',(-5.027975642974,16.684459049561,12.3));
#11080 = CARTESIAN_POINT('',(-5.017196624449,16.585126416446,12.3));
#11081 = CARTESIAN_POINT('',(-5.005661236853,16.502920469243,12.3));
#11082 = CARTESIAN_POINT('',(-4.994471728956,16.437761658891,12.3));
#11083 = CARTESIAN_POINT('',(-4.986751145054,16.400109800442,12.3));
#11084 = CARTESIAN_POINT('',(-4.983203948114,16.384095502671,12.3));
#11085 = PCURVE('',#4146,#11086);
#11086 = DEFINITIONAL_REPRESENTATION('',(#11087),#11106);
#11087 = B_SPLINE_CURVE_WITH_KNOTS('',3,(#11088,#11089,#11090,#11091,
    #11092,#11093,#11094,#11095,#11096,#11097,#11098,#11099,#11100,
    #11101,#11102,#11103,#11104,#11105),.UNSPECIFIED.,.F.,.F.,(4,1,1,1,1
    ,1,1,1,1,1,1,1,1,1,1,4),(0.,0.285797000255,0.55469417333,
    0.806691519253,1.04178903806,1.259986729795,1.461284594512,
    1.645682632279,1.813180843187,1.963779227357,2.097477784955,
    2.214276516218,2.314175421508,2.397174501402,2.463273756923,
    2.512473190149),.UNSPECIFIED.);
#11088 = CARTESIAN_POINT('',(-4.793690394147,18.870650026034));
#11089 = CARTESIAN_POINT('',(-4.817468449526,18.778400479427));
#11090 = CARTESIAN_POINT('',(-4.860915412863,18.598641110226));
#11091 = CARTESIAN_POINT('',(-4.915830448147,18.33536834319));
#11092 = CARTESIAN_POINT('',(-4.959521861433,18.087144804828));
#11093 = CARTESIAN_POINT('',(-4.992986260264,17.854402191261));
#11094 = CARTESIAN_POINT('',(-5.017244922874,17.637521024889));
#11095 = CARTESIAN_POINT('',(-5.033330212927,17.436833629192));
#11096 = CARTESIAN_POINT('',(-5.042286273786,17.252622845241));
#11097 = CARTESIAN_POINT('',(-5.045166363772,17.085121845123));
#11098 = CARTESIAN_POINT('',(-5.043030632195,16.934513890686));
#11099 = CARTESIAN_POINT('',(-5.036944885514,16.800931870862));
#11100 = CARTESIAN_POINT('',(-5.027975642974,16.684459049561));
#11101 = CARTESIAN_POINT('',(-5.017196624449,16.585126416446));
#11102 = CARTESIAN_POINT('',(-5.005661236853,16.502920469243));
#11103 = CARTESIAN_POINT('',(-4.994471728956,16.437761658891));
#11104 = CARTESIAN_POINT('',(-4.986751145054,16.400109800442));
#11105 = CARTESIAN_POINT('',(-4.983203948114,16.384095502671));
#11106 = ( GEOMETRIC_REPRESENTATION_CONTEXT(2) 
PARAMETRIC_REPRESENTATION_CONTEXT() REPRESENTATION_CONTEXT('2D SPACE',''
  ) );
#11107 = PCURVE('',#7382,#11108);
#11108 = DEFINITIONAL_REPRESENTATION('',(#11109),#11113);
#11109 = LINE('',#11110,#11111);
#11110 = CARTESIAN_POINT('',(0.,-12.3));
#11111 = VECTOR('',#11112,1.);
#11112 = DIRECTION('',(1.,0.));
#11113 = ( GEOMETRIC_REPRESENTATION_CONTEXT(2) 
PARAMETRIC_REPRESENTATION_CONTEXT() REPRESENTATION_CONTEXT('2D SPACE',''
  ) );
#11114 = ORIENTED_EDGE('',*,*,#11115,.T.);
#11115 = EDGE_CURVE('',#11063,#11116,#11118,.T.);
#11116 = VERTEX_POINT('',#11117);
#11117 = CARTESIAN_POINT('',(-5.311879606477,15.801264818112,12.3));
#11118 = SURFACE_CURVE('',#11119,(#11124,#11135),.PCURVE_S1.);
#11119 = CIRCLE('',#11120,0.500000000072);
#11120 = AXIS2_PLACEMENT_3D('',#11121,#11122,#11123);
#11121 = CARTESIAN_POINT('',(-5.471202084562,16.275201889935,12.3));
#11122 = DIRECTION('',(0.,0.,-1.));
#11123 = DIRECTION('',(0.975996272757,0.217787225441,0.));
#11124 = PCURVE('',#4146,#11125);
#11125 = DEFINITIONAL_REPRESENTATION('',(#11126),#11134);
#11126 = ( BOUNDED_CURVE() B_SPLINE_CURVE(2,(#11127,#11128,#11129,#11130
    ,#11131,#11132,#11133),.UNSPECIFIED.,.T.,.F.) 
B_SPLINE_CURVE_WITH_KNOTS((1,2,2,2,2,1),(-2.094395102393,0.,
    2.094395102393,4.188790204786,6.28318530718,8.377580409573),
.UNSPECIFIED.) CURVE() GEOMETRIC_REPRESENTATION_ITEM() 
RATIONAL_B_SPLINE_CURVE((1.,0.5,1.,0.5,1.,0.5,1.)) REPRESENTATION_ITEM(
  '') );
#11127 = CARTESIAN_POINT('',(-4.983203948114,16.384095502671));
#11128 = CARTESIAN_POINT('',(-4.794594678236,15.538857936344));
#11129 = CARTESIAN_POINT('',(-5.620896517847,15.798136300403));
#11130 = CARTESIAN_POINT('',(-6.447198357459,16.057414664463));
#11131 = CARTESIAN_POINT('',(-5.809505787726,16.64337386673));
#11132 = CARTESIAN_POINT('',(-5.171813217993,17.229333068998));
#11133 = CARTESIAN_POINT('',(-4.983203948114,16.384095502671));
#11134 = ( GEOMETRIC_REPRESENTATION_CONTEXT(2) 
PARAMETRIC_REPRESENTATION_CONTEXT() REPRESENTATION_CONTEXT('2D SPACE',''
  ) );
#11135 = PCURVE('',#7432,#11136);
#11136 = DEFINITIONAL_REPRESENTATION('',(#11137),#11141);
#11137 = LINE('',#11138,#11139);
#11138 = CARTESIAN_POINT('',(0.,-12.3));
#11139 = VECTOR('',#11140,1.);
#11140 = DIRECTION('',(1.,0.));
#11141 = ( GEOMETRIC_REPRESENTATION_CONTEXT(2) 
PARAMETRIC_REPRESENTATION_CONTEXT() REPRESENTATION_CONTEXT('2D SPACE',''
  ) );
#11142 = ORIENTED_EDGE('',*,*,#11143,.T.);
#11143 = EDGE_CURVE('',#11116,#11144,#11146,.T.);
#11144 = VERTEX_POINT('',#11145);
#11145 = CARTESIAN_POINT('',(-5.698932763138,15.665829060954,12.3));
#11146 = SURFACE_CURVE('',#11147,(#11152,#11159),.PCURVE_S1.);
#11147 = CIRCLE('',#11148,16.670213999988);
#11148 = AXIS2_PLACEMENT_3D('',#11149,#11150,#11151);
#11149 = CARTESIAN_POINT('',(-4.030553668599E-12,1.179145669994E-11,12.3
    ));
#11150 = DIRECTION('',(0.,0.,1.));
#11151 = DIRECTION('',(-0.318644955996,0.947874143554,0.));
#11152 = PCURVE('',#4146,#11153);
#11153 = DEFINITIONAL_REPRESENTATION('',(#11154),#11158);
#11154 = CIRCLE('',#11155,16.670213999988);
#11155 = AXIS2_PLACEMENT_2D('',#11156,#11157);
#11156 = CARTESIAN_POINT('',(-4.024123966194E-12,1.178255658958E-11));
#11157 = DIRECTION('',(-0.318644955996,0.947874143554));
#11158 = ( GEOMETRIC_REPRESENTATION_CONTEXT(2) 
PARAMETRIC_REPRESENTATION_CONTEXT() REPRESENTATION_CONTEXT('2D SPACE',''
  ) );
#11159 = PCURVE('',#7461,#11160);
#11160 = DEFINITIONAL_REPRESENTATION('',(#11161),#11165);
#11161 = LINE('',#11162,#11163);
#11162 = CARTESIAN_POINT('',(0.,-12.3));
#11163 = VECTOR('',#11164,1.);
#11164 = DIRECTION('',(-1.,0.));
#11165 = ( GEOMETRIC_REPRESENTATION_CONTEXT(2) 
PARAMETRIC_REPRESENTATION_CONTEXT() REPRESENTATION_CONTEXT('2D SPACE',''
  ) );
#11166 = ORIENTED_EDGE('',*,*,#11167,.T.);
#11167 = EDGE_CURVE('',#11144,#11168,#11170,.T.);
#11168 = VERTEX_POINT('',#11169);
#11169 = CARTESIAN_POINT('',(-6.3192907284,15.916578517982,12.3));
#11170 = SURFACE_CURVE('',#11171,(#11176,#11187),.PCURVE_S1.);
#11171 = CIRCLE('',#11172,0.500000000072);
#11172 = AXIS2_PLACEMENT_3D('',#11173,#11174,#11175);
#11173 = CARTESIAN_POINT('',(-5.869864364911,16.135703924707,12.3));
#11174 = DIRECTION('',(0.,0.,-1.));
#11175 = DIRECTION('',(0.341863203496,-0.939749727372,0.));
#11176 = PCURVE('',#4146,#11177);
#11177 = DEFINITIONAL_REPRESENTATION('',(#11178),#11186);
#11178 = ( BOUNDED_CURVE() B_SPLINE_CURVE(2,(#11179,#11180,#11181,#11182
    ,#11183,#11184,#11185),.UNSPECIFIED.,.T.,.F.) 
B_SPLINE_CURVE_WITH_KNOTS((1,2,2,2,2,1),(-2.094395102393,0.,
    2.094395102393,4.188790204786,6.28318530718,8.377580409573),
.UNSPECIFIED.) CURVE() GEOMETRIC_REPRESENTATION_ITEM() 
RATIONAL_B_SPLINE_CURVE((1.,0.5,1.,0.5,1.,0.5,1.)) REPRESENTATION_ITEM(
  '') );
#11179 = CARTESIAN_POINT('',(-5.698932763138,15.665829060954));
#11180 = CARTESIAN_POINT('',(-6.512779900359,15.369766842065));
#11181 = CARTESIAN_POINT('',(-6.362253734407,16.222610247139));
#11182 = CARTESIAN_POINT('',(-6.211727568455,17.075453652214));
#11183 = CARTESIAN_POINT('',(-5.548406597187,16.518672466028));
#11184 = CARTESIAN_POINT('',(-4.885085625918,15.961891279842));
#11185 = CARTESIAN_POINT('',(-5.698932763138,15.665829060954));
#11186 = ( GEOMETRIC_REPRESENTATION_CONTEXT(2) 
PARAMETRIC_REPRESENTATION_CONTEXT() REPRESENTATION_CONTEXT('2D SPACE',''
  ) );
#11187 = PCURVE('',#7494,#11188);
#11188 = DEFINITIONAL_REPRESENTATION('',(#11189),#11193);
#11189 = LINE('',#11190,#11191);
#11190 = CARTESIAN_POINT('',(0.,-12.3));
#11191 = VECTOR('',#11192,1.);
#11192 = DIRECTION('',(1.,0.));
#11193 = ( GEOMETRIC_REPRESENTATION_CONTEXT(2) 
PARAMETRIC_REPRESENTATION_CONTEXT() REPRESENTATION_CONTEXT('2D SPACE',''
  ) );
#11194 = ORIENTED_EDGE('',*,*,#11195,.T.);
#11195 = EDGE_CURVE('',#11168,#11196,#11198,.T.);
#11196 = VERTEX_POINT('',#11197);
#11197 = CARTESIAN_POINT('',(-8.017799778329,17.742485359009,12.3));
#11198 = SURFACE_CURVE('',#11199,(#11218,#11240),.PCURVE_S1.);
#11199 = B_SPLINE_CURVE_WITH_KNOTS('',3,(#11200,#11201,#11202,#11203,
    #11204,#11205,#11206,#11207,#11208,#11209,#11210,#11211,#11212,
    #11213,#11214,#11215,#11216,#11217),.UNSPECIFIED.,.F.,.F.,(4,1,1,1,1
    ,1,1,1,1,1,1,1,1,1,1,4),(0.,4.919943322603E-02,0.115298688747,
    0.198297768641,0.298196673931,0.414995405195,0.548693962792,
    0.699292346962,0.86679055787,1.051188595638,1.252486460354,
    1.470684152089,1.705781670896,1.95777901682,2.226676189894,
    2.512473190149),.UNSPECIFIED.);
#11200 = CARTESIAN_POINT('',(-6.3192907284,15.916578517982,12.3));
#11201 = CARTESIAN_POINT('',(-6.326502169503,15.931310641267,12.3));
#11202 = CARTESIAN_POINT('',(-6.343941523709,15.965561754903,12.3));
#11203 = CARTESIAN_POINT('',(-6.375819067917,16.023481508258,12.3));
#11204 = CARTESIAN_POINT('',(-6.418054908465,16.094944902354,12.3));
#11205 = CARTESIAN_POINT('',(-6.471560416171,16.179326890284,12.3));
#11206 = CARTESIAN_POINT('',(-6.537167596255,16.275981240083,12.3));
#11207 = CARTESIAN_POINT('',(-6.615696594977,16.384214269666,12.3));
#11208 = CARTESIAN_POINT('',(-6.707929336462,16.503295916812,12.3));
#11209 = CARTESIAN_POINT('',(-6.81461624686,16.632457765314,12.3));
#11210 = CARTESIAN_POINT('',(-6.936471922385,16.770895543006,12.3));
#11211 = CARTESIAN_POINT('',(-7.074174453132,16.91777025279,12.3));
#11212 = CARTESIAN_POINT('',(-7.228363834731,17.072209747869,12.3));
#11213 = CARTESIAN_POINT('',(-7.399640001295,17.233310539071,12.3));
#11214 = CARTESIAN_POINT('',(-7.588564168466,17.40013836544,12.3));
#11215 = CARTESIAN_POINT('',(-7.795646357266,17.571734338717,12.3));
#11216 = CARTESIAN_POINT('',(-7.941692694506,17.685187134264,12.3));
#11217 = CARTESIAN_POINT('',(-8.017799778329,17.742485359009,12.3));
#11218 = PCURVE('',#4146,#11219);
#11219 = DEFINITIONAL_REPRESENTATION('',(#11220),#11239);
#11220 = B_SPLINE_CURVE_WITH_KNOTS('',3,(#11221,#11222,#11223,#11224,
    #11225,#11226,#11227,#11228,#11229,#11230,#11231,#11232,#11233,
    #11234,#11235,#11236,#11237,#11238),.UNSPECIFIED.,.F.,.F.,(4,1,1,1,1
    ,1,1,1,1,1,1,1,1,1,1,4),(0.,4.919943322603E-02,0.115298688747,
    0.198297768641,0.298196673931,0.414995405195,0.548693962792,
    0.699292346962,0.86679055787,1.051188595638,1.252486460354,
    1.470684152089,1.705781670896,1.95777901682,2.226676189894,
    2.512473190149),.UNSPECIFIED.);
#11221 = CARTESIAN_POINT('',(-6.3192907284,15.916578517982));
#11222 = CARTESIAN_POINT('',(-6.326502169503,15.931310641267));
#11223 = CARTESIAN_POINT('',(-6.343941523709,15.965561754903));
#11224 = CARTESIAN_POINT('',(-6.375819067917,16.023481508258));
#11225 = CARTESIAN_POINT('',(-6.418054908465,16.094944902354));
#11226 = CARTESIAN_POINT('',(-6.471560416171,16.179326890284));
#11227 = CARTESIAN_POINT('',(-6.537167596255,16.275981240083));
#11228 = CARTESIAN_POINT('',(-6.615696594977,16.384214269666));
#11229 = CARTESIAN_POINT('',(-6.707929336462,16.503295916812));
#11230 = CARTESIAN_POINT('',(-6.81461624686,16.632457765314));
#11231 = CARTESIAN_POINT('',(-6.936471922385,16.770895543006));
#11232 = CARTESIAN_POINT('',(-7.074174453132,16.91777025279));
#11233 = CARTESIAN_POINT('',(-7.228363834731,17.072209747869));
#11234 = CARTESIAN_POINT('',(-7.399640001295,17.233310539071));
#11235 = CARTESIAN_POINT('',(-7.588564168466,17.40013836544));
#11236 = CARTESIAN_POINT('',(-7.795646357266,17.571734338717));
#11237 = CARTESIAN_POINT('',(-7.941692694506,17.685187134264));
#11238 = CARTESIAN_POINT('',(-8.017799778329,17.742485359009));
#11239 = ( GEOMETRIC_REPRESENTATION_CONTEXT(2) 
PARAMETRIC_REPRESENTATION_CONTEXT() REPRESENTATION_CONTEXT('2D SPACE',''
  ) );
#11240 = PCURVE('',#7552,#11241);
#11241 = DEFINITIONAL_REPRESENTATION('',(#11242),#11246);
#11242 = LINE('',#11243,#11244);
#11243 = CARTESIAN_POINT('',(0.,-12.3));
#11244 = VECTOR('',#11245,1.);
#11245 = DIRECTION('',(1.,0.));
#11246 = ( GEOMETRIC_REPRESENTATION_CONTEXT(2) 
PARAMETRIC_REPRESENTATION_CONTEXT() REPRESENTATION_CONTEXT('2D SPACE',''
  ) );
#11247 = ORIENTED_EDGE('',*,*,#11248,.T.);
#11248 = EDGE_CURVE('',#11196,#11249,#11251,.T.);
#11249 = VERTEX_POINT('',#11250);
#11250 = CARTESIAN_POINT('',(-8.872617235768,17.330826967792,12.3));
#11251 = SURFACE_CURVE('',#11252,(#11257,#11264),.PCURVE_S1.);
#11252 = CIRCLE('',#11253,19.470000000007);
#11253 = AXIS2_PLACEMENT_3D('',#11254,#11255,#11256);
#11254 = CARTESIAN_POINT('',(3.097966327914E-12,-6.27764507044E-12,12.3)
  );
#11255 = DIRECTION('',(0.,0.,1.));
#11256 = DIRECTION('',(-0.411802762112,0.911273002517,0.));
#11257 = PCURVE('',#4146,#11258);
#11258 = DEFINITIONAL_REPRESENTATION('',(#11259),#11263);
#11259 = CIRCLE('',#11260,19.470000000007);
#11260 = AXIS2_PLACEMENT_2D('',#11261,#11262);
#11261 = CARTESIAN_POINT('',(3.104396030319E-12,-6.286545180797E-12));
#11262 = DIRECTION('',(-0.411802762112,0.911273002517));
#11263 = ( GEOMETRIC_REPRESENTATION_CONTEXT(2) 
PARAMETRIC_REPRESENTATION_CONTEXT() REPRESENTATION_CONTEXT('2D SPACE',''
  ) );
#11264 = PCURVE('',#7598,#11265);
#11265 = DEFINITIONAL_REPRESENTATION('',(#11266),#11270);
#11266 = LINE('',#11267,#11268);
#11267 = CARTESIAN_POINT('',(0.,-12.3));
#11268 = VECTOR('',#11269,1.);
#11269 = DIRECTION('',(-1.,0.));
#11270 = ( GEOMETRIC_REPRESENTATION_CONTEXT(2) 
PARAMETRIC_REPRESENTATION_CONTEXT() REPRESENTATION_CONTEXT('2D SPACE',''
  ) );
#11271 = ORIENTED_EDGE('',*,*,#11272,.T.);
#11272 = EDGE_CURVE('',#11249,#11273,#11275,.T.);
#11273 = VERTEX_POINT('',#11274);
#11274 = CARTESIAN_POINT('',(-8.504068854395,14.864444824777,12.3));
#11275 = SURFACE_CURVE('',#11276,(#11295,#11317),.PCURVE_S1.);
#11276 = B_SPLINE_CURVE_WITH_KNOTS('',3,(#11277,#11278,#11279,#11280,
    #11281,#11282,#11283,#11284,#11285,#11286,#11287,#11288,#11289,
    #11290,#11291,#11292,#11293,#11294),.UNSPECIFIED.,.F.,.F.,(4,1,1,1,1
    ,1,1,1,1,1,1,1,1,1,1,4),(0.,0.285797000255,0.55469417333,
    0.806691519253,1.04178903806,1.259986729795,1.461284594512,
    1.645682632279,1.813180843187,1.963779227357,2.097477784955,
    2.214276516218,2.314175421508,2.397174501402,2.463273756923,
    2.512473190149),.UNSPECIFIED.);
#11277 = CARTESIAN_POINT('',(-8.872617235768,17.330826967792,12.3));
#11278 = CARTESIAN_POINT('',(-8.875271670386,17.235599194828,12.3));
#11279 = CARTESIAN_POINT('',(-8.877629104921,17.050678909459,12.3));
#11280 = CARTESIAN_POINT('',(-8.872583603611,16.781787195418,12.3));
#11281 = CARTESIAN_POINT('',(-8.85994464836,16.530064885318,12.3));
#11282 = CARTESIAN_POINT('',(-8.840779921102,16.295711085715,12.3));
#11283 = CARTESIAN_POINT('',(-8.816169768695,16.078869522733,12.3));
#11284 = CARTESIAN_POINT('',(-8.787194620219,15.879634465279,12.3));
#11285 = CARTESIAN_POINT('',(-8.754935378244,15.698049319253,12.3));
#11286 = CARTESIAN_POINT('',(-8.720470779377,15.534107038606,12.3));
#11287 = CARTESIAN_POINT('',(-8.684875172367,15.387750385014,12.3));
#11288 = CARTESIAN_POINT('',(-8.649217212249,15.258871751358,12.3));
#11289 = CARTESIAN_POINT('',(-8.61455520637,15.147314991087,12.3));
#11290 = CARTESIAN_POINT('',(-8.581942850051,15.052871391742,12.3));
#11291 = CARTESIAN_POINT('',(-8.552404134557,14.975293384488,12.3));
#11292 = CARTESIAN_POINT('',(-8.52699597165,14.9142581413,12.3));
#11293 = CARTESIAN_POINT('',(-8.511090632198,14.879268285093,12.3));
#11294 = CARTESIAN_POINT('',(-8.504068854395,14.864444824777,12.3));
#11295 = PCURVE('',#4146,#11296);
#11296 = DEFINITIONAL_REPRESENTATION('',(#11297),#11316);
#11297 = B_SPLINE_CURVE_WITH_KNOTS('',3,(#11298,#11299,#11300,#11301,
    #11302,#11303,#11304,#11305,#11306,#11307,#11308,#11309,#11310,
    #11311,#11312,#11313,#11314,#11315),.UNSPECIFIED.,.F.,.F.,(4,1,1,1,1
    ,1,1,1,1,1,1,1,1,1,1,4),(0.,0.285797000255,0.55469417333,
    0.806691519253,1.04178903806,1.259986729795,1.461284594512,
    1.645682632279,1.813180843187,1.963779227357,2.097477784955,
    2.214276516218,2.314175421508,2.397174501402,2.463273756923,
    2.512473190149),.UNSPECIFIED.);
#11298 = CARTESIAN_POINT('',(-8.872617235768,17.330826967792));
#11299 = CARTESIAN_POINT('',(-8.875271670386,17.235599194828));
#11300 = CARTESIAN_POINT('',(-8.877629104921,17.050678909459));
#11301 = CARTESIAN_POINT('',(-8.872583603611,16.781787195418));
#11302 = CARTESIAN_POINT('',(-8.85994464836,16.530064885318));
#11303 = CARTESIAN_POINT('',(-8.840779921102,16.295711085715));
#11304 = CARTESIAN_POINT('',(-8.816169768695,16.078869522733));
#11305 = CARTESIAN_POINT('',(-8.787194620219,15.879634465279));
#11306 = CARTESIAN_POINT('',(-8.754935378244,15.698049319253));
#11307 = CARTESIAN_POINT('',(-8.720470779377,15.534107038606));
#11308 = CARTESIAN_POINT('',(-8.684875172367,15.387750385014));
#11309 = CARTESIAN_POINT('',(-8.649217212249,15.258871751358));
#11310 = CARTESIAN_POINT('',(-8.61455520637,15.147314991087));
#11311 = CARTESIAN_POINT('',(-8.581942850051,15.052871391742));
#11312 = CARTESIAN_POINT('',(-8.552404134557,14.975293384488));
#11313 = CARTESIAN_POINT('',(-8.52699597165,14.9142581413));
#11314 = CARTESIAN_POINT('',(-8.511090632198,14.879268285093));
#11315 = CARTESIAN_POINT('',(-8.504068854395,14.864444824777));
#11316 = ( GEOMETRIC_REPRESENTATION_CONTEXT(2) 
PARAMETRIC_REPRESENTATION_CONTEXT() REPRESENTATION_CONTEXT('2D SPACE',''
  ) );
#11317 = PCURVE('',#7656,#11318);
#11318 = DEFINITIONAL_REPRESENTATION('',(#11319),#11323);
#11319 = LINE('',#11320,#11321);
#11320 = CARTESIAN_POINT('',(0.,-12.3));
#11321 = VECTOR('',#11322,1.);
#11322 = DIRECTION('',(1.,0.));
#11323 = ( GEOMETRIC_REPRESENTATION_CONTEXT(2) 
PARAMETRIC_REPRESENTATION_CONTEXT() REPRESENTATION_CONTEXT('2D SPACE',''
  ) );
#11324 = ORIENTED_EDGE('',*,*,#11325,.T.);
#11325 = EDGE_CURVE('',#11273,#11326,#11328,.T.);
#11326 = VERTEX_POINT('',#11327);
#11327 = CARTESIAN_POINT('',(-8.694811899521,14.223089707857,12.3));
#11328 = SURFACE_CURVE('',#11329,(#11334,#11345),.PCURVE_S1.);
#11329 = CIRCLE('',#11330,0.500000000072);
#11330 = AXIS2_PLACEMENT_3D('',#11331,#11332,#11333);
#11331 = CARTESIAN_POINT('',(-8.955600750303,14.649691601171,12.3));
#11332 = DIRECTION('',(0.,0.,-1.));
#11333 = DIRECTION('',(0.903063791687,0.429506447151,0.));
#11334 = PCURVE('',#4146,#11335);
#11335 = DEFINITIONAL_REPRESENTATION('',(#11336),#11344);
#11336 = ( BOUNDED_CURVE() B_SPLINE_CURVE(2,(#11337,#11338,#11339,#11340
    ,#11341,#11342,#11343),.UNSPECIFIED.,.T.,.F.) 
B_SPLINE_CURVE_WITH_KNOTS((1,2,2,2,2,1),(-2.094395102393,0.,
    2.094395102393,4.188790204786,6.28318530718,8.377580409573),
.UNSPECIFIED.) CURVE() GEOMETRIC_REPRESENTATION_ITEM() 
RATIONAL_B_SPLINE_CURVE((1.,0.5,1.,0.5,1.,0.5,1.)) REPRESENTATION_ITEM(
  '') );
#11337 = CARTESIAN_POINT('',(-8.504068854395,14.864444824777));
#11338 = CARTESIAN_POINT('',(-8.13210536002,14.082368639826));
#11339 = CARTESIAN_POINT('',(-8.99538495107,14.151276896893));
#11340 = CARTESIAN_POINT('',(-9.858664542119,14.220185153959));
#11341 = CARTESIAN_POINT('',(-9.367348445445,14.933353081844));
#11342 = CARTESIAN_POINT('',(-8.87603234877,15.646521009728));
#11343 = CARTESIAN_POINT('',(-8.504068854395,14.864444824777));
#11344 = ( GEOMETRIC_REPRESENTATION_CONTEXT(2) 
PARAMETRIC_REPRESENTATION_CONTEXT() REPRESENTATION_CONTEXT('2D SPACE',''
  ) );
#11345 = PCURVE('',#7706,#11346);
#11346 = DEFINITIONAL_REPRESENTATION('',(#11347),#11351);
#11347 = LINE('',#11348,#11349);
#11348 = CARTESIAN_POINT('',(0.,-12.3));
#11349 = VECTOR('',#11350,1.);
#11350 = DIRECTION('',(1.,0.));
#11351 = ( GEOMETRIC_REPRESENTATION_CONTEXT(2) 
PARAMETRIC_REPRESENTATION_CONTEXT() REPRESENTATION_CONTEXT('2D SPACE',''
  ) );
#11352 = ORIENTED_EDGE('',*,*,#11353,.T.);
#11353 = EDGE_CURVE('',#11326,#11354,#11356,.T.);
#11354 = VERTEX_POINT('',#11355);
#11355 = CARTESIAN_POINT('',(-9.042023534275,14.004922177985,12.3));
#11356 = SURFACE_CURVE('',#11357,(#11362,#11369),.PCURVE_S1.);
#11357 = CIRCLE('',#11358,16.670213999991);
#11358 = AXIS2_PLACEMENT_3D('',#11359,#11360,#11361);
#11359 = CARTESIAN_POINT('',(-5.081268739104E-12,7.951861391575E-12,12.3
    ));
#11360 = DIRECTION('',(0.,0.,1.));
#11361 = DIRECTION('',(-0.521577701373,0.853203786577,0.));
#11362 = PCURVE('',#4146,#11363);
#11363 = DEFINITIONAL_REPRESENTATION('',(#11364),#11368);
#11364 = CIRCLE('',#11365,16.670213999991);
#11365 = AXIS2_PLACEMENT_2D('',#11366,#11367);
#11366 = CARTESIAN_POINT('',(-5.0748390367E-12,7.942961281219E-12));
#11367 = DIRECTION('',(-0.521577701373,0.853203786577));
#11368 = ( GEOMETRIC_REPRESENTATION_CONTEXT(2) 
PARAMETRIC_REPRESENTATION_CONTEXT() REPRESENTATION_CONTEXT('2D SPACE',''
  ) );
#11369 = PCURVE('',#7735,#11370);
#11370 = DEFINITIONAL_REPRESENTATION('',(#11371),#11375);
#11371 = LINE('',#11372,#11373);
#11372 = CARTESIAN_POINT('',(0.,-12.3));
#11373 = VECTOR('',#11374,1.);
#11374 = DIRECTION('',(-1.,0.));
#11375 = ( GEOMETRIC_REPRESENTATION_CONTEXT(2) 
PARAMETRIC_REPRESENTATION_CONTEXT() REPRESENTATION_CONTEXT('2D SPACE',''
  ) );
#11376 = ORIENTED_EDGE('',*,*,#11377,.T.);
#11377 = EDGE_CURVE('',#11354,#11378,#11380,.T.);
#11378 = VERTEX_POINT('',#11379);
#11379 = CARTESIAN_POINT('',(-9.70262483352,14.111342188789,12.3));
#11380 = SURFACE_CURVE('',#11381,(#11386,#11397),.PCURVE_S1.);
#11381 = CIRCLE('',#11382,0.500000000072);
#11382 = AXIS2_PLACEMENT_3D('',#11383,#11384,#11385);
#11383 = CARTESIAN_POINT('',(-9.313226517441,14.424980438222,12.3));
#11384 = DIRECTION('',(0.,0.,-1.));
#11385 = DIRECTION('',(0.542405966256,-0.840116520353,0.));
#11386 = PCURVE('',#4146,#11387);
#11387 = DEFINITIONAL_REPRESENTATION('',(#11388),#11396);
#11388 = ( BOUNDED_CURVE() B_SPLINE_CURVE(2,(#11389,#11390,#11391,#11392
    ,#11393,#11394,#11395),.UNSPECIFIED.,.T.,.F.) 
B_SPLINE_CURVE_WITH_KNOTS((1,2,2,2,2,1),(-2.094395102393,0.,
    2.094395102393,4.188790204786,6.28318530718,8.377580409573),
.UNSPECIFIED.) CURVE() GEOMETRIC_REPRESENTATION_ITEM() 
RATIONAL_B_SPLINE_CURVE((1.,0.5,1.,0.5,1.,0.5,1.)) REPRESENTATION_ITEM(
  '') );
#11389 = CARTESIAN_POINT('',(-9.042023534275,14.004922177985));
#11390 = CARTESIAN_POINT('',(-9.769585783144,13.535184831976));
#11391 = CARTESIAN_POINT('',(-9.812609133459,14.400140895336));
#11392 = CARTESIAN_POINT('',(-9.855632483775,15.265096958695));
#11393 = CARTESIAN_POINT('',(-9.08504688459,14.869878241345));
#11394 = CARTESIAN_POINT('',(-8.314461285405,14.474659523994));
#11395 = CARTESIAN_POINT('',(-9.042023534275,14.004922177985));
#11396 = ( GEOMETRIC_REPRESENTATION_CONTEXT(2) 
PARAMETRIC_REPRESENTATION_CONTEXT() REPRESENTATION_CONTEXT('2D SPACE',''
  ) );
#11397 = PCURVE('',#7768,#11398);
#11398 = DEFINITIONAL_REPRESENTATION('',(#11399),#11403);
#11399 = LINE('',#11400,#11401);
#11400 = CARTESIAN_POINT('',(0.,-12.3));
#11401 = VECTOR('',#11402,1.);
#11402 = DIRECTION('',(1.,0.));
#11403 = ( GEOMETRIC_REPRESENTATION_CONTEXT(2) 
PARAMETRIC_REPRESENTATION_CONTEXT() REPRESENTATION_CONTEXT('2D SPACE',''
  ) );
#11404 = ORIENTED_EDGE('',*,*,#11405,.T.);
#11405 = EDGE_CURVE('',#11378,#11406,#11408,.T.);
#11406 = VERTEX_POINT('',#11407);
#11407 = CARTESIAN_POINT('',(-11.76485121097,15.513515913026,12.3));
#11408 = SURFACE_CURVE('',#11409,(#11428,#11450),.PCURVE_S1.);
#11409 = B_SPLINE_CURVE_WITH_KNOTS('',3,(#11410,#11411,#11412,#11413,
    #11414,#11415,#11416,#11417,#11418,#11419,#11420,#11421,#11422,
    #11423,#11424,#11425,#11426,#11427),.UNSPECIFIED.,.F.,.F.,(4,1,1,1,1
    ,1,1,1,1,1,1,1,1,1,1,4),(0.,4.919943322603E-02,0.115298688747,
    0.198297768641,0.298196673931,0.414995405195,0.548693962792,
    0.699292346962,0.86679055787,1.051188595638,1.252486460354,
    1.470684152089,1.705781670896,1.95777901682,2.226676189894,
    2.512473190149),.UNSPECIFIED.);
#11410 = CARTESIAN_POINT('',(-9.70262483352,14.111342188789,12.3));
#11411 = CARTESIAN_POINT('',(-9.71293367457,14.124100250376,12.3));
#11412 = CARTESIAN_POINT('',(-9.737557377551,14.153611995698,12.3));
#11413 = CARTESIAN_POINT('',(-9.781524042782,14.202986159,12.3));
#11414 = CARTESIAN_POINT('',(-9.838603043825,14.263259457919,12.3));
#11415 = CARTESIAN_POINT('',(-9.909543815507,14.333619717691,12.3));
#11416 = CARTESIAN_POINT('',(-9.995013702798,14.413251770157,12.3));
#11417 = CARTESIAN_POINT('',(-10.09565793039,14.501296825579,12.3));
#11418 = CARTESIAN_POINT('',(-10.21207636382,14.596869131434,12.3));
#11419 = CARTESIAN_POINT('',(-10.34482962579,14.699052551785,12.3));
#11420 = CARTESIAN_POINT('',(-10.49443542871,14.806903966632,12.3));
#11421 = CARTESIAN_POINT('',(-10.66136816711,14.919454525044,12.3));
#11422 = CARTESIAN_POINT('',(-10.84605771967,15.03571153434,12.3));
#11423 = CARTESIAN_POINT('',(-11.04888793367,15.154660659809,12.3));
#11424 = CARTESIAN_POINT('',(-11.27019806126,15.275266182138,12.3));
#11425 = CARTESIAN_POINT('',(-11.51027196348,15.396479764047,12.3));
#11426 = CARTESIAN_POINT('',(-11.67790223615,15.474589693777,12.3));
#11427 = CARTESIAN_POINT('',(-11.76485121097,15.513515913026,12.3));
#11428 = PCURVE('',#4146,#11429);
#11429 = DEFINITIONAL_REPRESENTATION('',(#11430),#11449);
#11430 = B_SPLINE_CURVE_WITH_KNOTS('',3,(#11431,#11432,#11433,#11434,
    #11435,#11436,#11437,#11438,#11439,#11440,#11441,#11442,#11443,
    #11444,#11445,#11446,#11447,#11448),.UNSPECIFIED.,.F.,.F.,(4,1,1,1,1
    ,1,1,1,1,1,1,1,1,1,1,4),(0.,4.919943322603E-02,0.115298688747,
    0.198297768641,0.298196673931,0.414995405195,0.548693962792,
    0.699292346962,0.86679055787,1.051188595638,1.252486460354,
    1.470684152089,1.705781670896,1.95777901682,2.226676189894,
    2.512473190149),.UNSPECIFIED.);
#11431 = CARTESIAN_POINT('',(-9.702624833519,14.111342188789));
#11432 = CARTESIAN_POINT('',(-9.71293367457,14.124100250376));
#11433 = CARTESIAN_POINT('',(-9.737557377551,14.153611995698));
#11434 = CARTESIAN_POINT('',(-9.781524042782,14.202986159));
#11435 = CARTESIAN_POINT('',(-9.838603043825,14.263259457919));
#11436 = CARTESIAN_POINT('',(-9.909543815507,14.333619717691));
#11437 = CARTESIAN_POINT('',(-9.995013702798,14.413251770157));
#11438 = CARTESIAN_POINT('',(-10.09565793039,14.501296825579));
#11439 = CARTESIAN_POINT('',(-10.21207636382,14.596869131434));
#11440 = CARTESIAN_POINT('',(-10.34482962579,14.699052551785));
#11441 = CARTESIAN_POINT('',(-10.49443542871,14.806903966632));
#11442 = CARTESIAN_POINT('',(-10.66136816711,14.919454525044));
#11443 = CARTESIAN_POINT('',(-10.84605771967,15.03571153434));
#11444 = CARTESIAN_POINT('',(-11.04888793367,15.154660659809));
#11445 = CARTESIAN_POINT('',(-11.27019806126,15.275266182138));
#11446 = CARTESIAN_POINT('',(-11.51027196348,15.396479764047));
#11447 = CARTESIAN_POINT('',(-11.67790223615,15.474589693777));
#11448 = CARTESIAN_POINT('',(-11.76485121097,15.513515913026));
#11449 = ( GEOMETRIC_REPRESENTATION_CONTEXT(2) 
PARAMETRIC_REPRESENTATION_CONTEXT() REPRESENTATION_CONTEXT('2D SPACE',''
  ) );
#11450 = PCURVE('',#7826,#11451);
#11451 = DEFINITIONAL_REPRESENTATION('',(#11452),#11456);
#11452 = LINE('',#11453,#11454);
#11453 = CARTESIAN_POINT('',(0.,-12.3));
#11454 = VECTOR('',#11455,1.);
#11455 = DIRECTION('',(1.,0.));
#11456 = ( GEOMETRIC_REPRESENTATION_CONTEXT(2) 
PARAMETRIC_REPRESENTATION_CONTEXT() REPRESENTATION_CONTEXT('2D SPACE',''
  ) );
#11457 = ORIENTED_EDGE('',*,*,#11458,.T.);
#11458 = EDGE_CURVE('',#11406,#11459,#11461,.T.);
#11459 = VERTEX_POINT('',#11460);
#11460 = CARTESIAN_POINT('',(-12.50663400036,14.921963878154,12.3));
#11461 = SURFACE_CURVE('',#11462,(#11467,#11474),.PCURVE_S1.);
#11462 = CIRCLE('',#11463,19.469999999992);
#11463 = AXIS2_PLACEMENT_3D('',#11464,#11465,#11466);
#11464 = CARTESIAN_POINT('',(-5.281108883537E-12,6.578737554719E-12,12.3
    ));
#11465 = DIRECTION('',(0.,0.,1.));
#11466 = DIRECTION('',(-0.604255326706,0.796790750541,0.));
#11467 = PCURVE('',#4146,#11468);
#11468 = DEFINITIONAL_REPRESENTATION('',(#11469),#11473);
#11469 = CIRCLE('',#11470,19.469999999992);
#11470 = AXIS2_PLACEMENT_2D('',#11471,#11472);
#11471 = CARTESIAN_POINT('',(-5.274679181132E-12,6.569837444363E-12));
#11472 = DIRECTION('',(-0.604255326706,0.796790750541));
#11473 = ( GEOMETRIC_REPRESENTATION_CONTEXT(2) 
PARAMETRIC_REPRESENTATION_CONTEXT() REPRESENTATION_CONTEXT('2D SPACE',''
  ) );
#11474 = PCURVE('',#7872,#11475);
#11475 = DEFINITIONAL_REPRESENTATION('',(#11476),#11480);
#11476 = LINE('',#11477,#11478);
#11477 = CARTESIAN_POINT('',(0.,-12.3));
#11478 = VECTOR('',#11479,1.);
#11479 = DIRECTION('',(-1.,0.));
#11480 = ( GEOMETRIC_REPRESENTATION_CONTEXT(2) 
PARAMETRIC_REPRESENTATION_CONTEXT() REPRESENTATION_CONTEXT('2D SPACE',''
  ) );
#11481 = ORIENTED_EDGE('',*,*,#11482,.T.);
#11482 = EDGE_CURVE('',#11459,#11483,#11485,.T.);
#11483 = VERTEX_POINT('',#11484);
#11484 = CARTESIAN_POINT('',(-11.59850423841,12.599428814853,12.3));
#11485 = SURFACE_CURVE('',#11486,(#11505,#11527),.PCURVE_S1.);
#11486 = B_SPLINE_CURVE_WITH_KNOTS('',3,(#11487,#11488,#11489,#11490,
    #11491,#11492,#11493,#11494,#11495,#11496,#11497,#11498,#11499,
    #11500,#11501,#11502,#11503,#11504),.UNSPECIFIED.,.F.,.F.,(4,1,1,1,1
    ,1,1,1,1,1,1,1,1,1,1,4),(0.,0.285797000255,0.55469417333,
    0.806691519253,1.04178903806,1.259986729795,1.461284594512,
    1.645682632279,1.813180843187,1.963779227357,2.097477784955,
    2.214276516218,2.314175421508,2.397174501402,2.463273756923,
    2.512473190149),.UNSPECIFIED.);
#11487 = CARTESIAN_POINT('',(-12.50663400036,14.921963878154,12.3));
#11488 = CARTESIAN_POINT('',(-12.48803170978,14.828532997007,12.3));
#11489 = CARTESIAN_POINT('',(-12.4491814039,14.647724470737,12.3));
#11490 = CARTESIAN_POINT('',(-12.3844283685,14.386697163028,12.3));
#11491 = CARTESIAN_POINT('',(-12.31609281471,14.144098488919,12.3));
#11492 = CARTESIAN_POINT('',(-12.24525996081,13.919884981369,12.3));
#11493 = CARTESIAN_POINT('',(-12.17301504919,13.713956363194,12.3));
#11494 = CARTESIAN_POINT('',(-12.10043239712,13.526164121698,12.3));
#11495 = CARTESIAN_POINT('',(-12.02857546541,13.356310051053,12.3));
#11496 = CARTESIAN_POINT('',(-11.95849437658,13.204147240392,12.3));
#11497 = CARTESIAN_POINT('',(-11.89122380651,13.069380821388,12.3));
#11498 = CARTESIAN_POINT('',(-11.82778167197,12.95166808674,12.3));
#11499 = CARTESIAN_POINT('',(-11.76916500046,12.850621309281,12.3));
#11500 = CARTESIAN_POINT('',(-11.71635462607,12.76580254014,12.3));
#11501 = CARTESIAN_POINT('',(-11.67029377722,12.696742558055,12.3));
#11502 = CARTESIAN_POINT('',(-11.63194103069,12.642891443985,12.3));
#11503 = CARTESIAN_POINT('',(-11.60864849582,12.612318127515,12.3));
#11504 = CARTESIAN_POINT('',(-11.59850423841,12.599428814853,12.3));
#11505 = PCURVE('',#4146,#11506);
#11506 = DEFINITIONAL_REPRESENTATION('',(#11507),#11526);
#11507 = B_SPLINE_CURVE_WITH_KNOTS('',3,(#11508,#11509,#11510,#11511,
    #11512,#11513,#11514,#11515,#11516,#11517,#11518,#11519,#11520,
    #11521,#11522,#11523,#11524,#11525),.UNSPECIFIED.,.F.,.F.,(4,1,1,1,1
    ,1,1,1,1,1,1,1,1,1,1,4),(0.,0.285797000255,0.55469417333,
    0.806691519253,1.04178903806,1.259986729795,1.461284594512,
    1.645682632279,1.813180843187,1.963779227357,2.097477784955,
    2.214276516218,2.314175421508,2.397174501402,2.463273756923,
    2.512473190149),.UNSPECIFIED.);
#11508 = CARTESIAN_POINT('',(-12.50663400036,14.921963878154));
#11509 = CARTESIAN_POINT('',(-12.48803170978,14.828532997007));
#11510 = CARTESIAN_POINT('',(-12.4491814039,14.647724470737));
#11511 = CARTESIAN_POINT('',(-12.3844283685,14.386697163028));
#11512 = CARTESIAN_POINT('',(-12.31609281471,14.144098488919));
#11513 = CARTESIAN_POINT('',(-12.24525996081,13.919884981369));
#11514 = CARTESIAN_POINT('',(-12.17301504919,13.713956363194));
#11515 = CARTESIAN_POINT('',(-12.10043239712,13.526164121698));
#11516 = CARTESIAN_POINT('',(-12.02857546541,13.356310051053));
#11517 = CARTESIAN_POINT('',(-11.95849437658,13.204147240392));
#11518 = CARTESIAN_POINT('',(-11.89122380651,13.069380821388));
#11519 = CARTESIAN_POINT('',(-11.82778167197,12.95166808674));
#11520 = CARTESIAN_POINT('',(-11.76916500046,12.850621309281));
#11521 = CARTESIAN_POINT('',(-11.71635462607,12.76580254014));
#11522 = CARTESIAN_POINT('',(-11.67029377722,12.696742558055));
#11523 = CARTESIAN_POINT('',(-11.63194103069,12.642891443985));
#11524 = CARTESIAN_POINT('',(-11.60864849582,12.612318127515));
#11525 = CARTESIAN_POINT('',(-11.59850423841,12.599428814853));
#11526 = ( GEOMETRIC_REPRESENTATION_CONTEXT(2) 
PARAMETRIC_REPRESENTATION_CONTEXT() REPRESENTATION_CONTEXT('2D SPACE',''
  ) );
#11527 = PCURVE('',#7930,#11528);
#11528 = DEFINITIONAL_REPRESENTATION('',(#11529),#11533);
#11529 = LINE('',#11530,#11531);
#11530 = CARTESIAN_POINT('',(0.,-12.3));
#11531 = VECTOR('',#11532,1.);
#11532 = DIRECTION('',(1.,0.));
#11533 = ( GEOMETRIC_REPRESENTATION_CONTEXT(2) 
PARAMETRIC_REPRESENTATION_CONTEXT() REPRESENTATION_CONTEXT('2D SPACE',''
  ) );
#11534 = ORIENTED_EDGE('',*,*,#11535,.T.);
#11535 = EDGE_CURVE('',#11483,#11536,#11538,.T.);
#11536 = VERTEX_POINT('',#11537);
#11537 = CARTESIAN_POINT('',(-11.64175001755,11.9317094892,12.3));
#11538 = SURFACE_CURVE('',#11539,(#11544,#11555),.PCURVE_S1.);
#11539 = CIRCLE('',#11540,0.500000000072);
#11540 = AXIS2_PLACEMENT_3D('',#11541,#11542,#11543);
#11541 = CARTESIAN_POINT('',(-11.99092819909,12.28958460374,12.3));
#11542 = DIRECTION('',(0.,0.,-1.));
#11543 = DIRECTION('',(0.784847921236,0.619688422138,0.));
#11544 = PCURVE('',#4146,#11545);
#11545 = DEFINITIONAL_REPRESENTATION('',(#11546),#11554);
#11546 = ( BOUNDED_CURVE() B_SPLINE_CURVE(2,(#11547,#11548,#11549,#11550
    ,#11551,#11552,#11553),.UNSPECIFIED.,.T.,.F.) 
B_SPLINE_CURVE_WITH_KNOTS((1,2,2,2,2,1),(-2.094395102393,0.,
    2.094395102393,4.188790204786,6.28318530718,8.377580409573),
.UNSPECIFIED.) CURVE() GEOMETRIC_REPRESENTATION_ITEM() 
RATIONAL_B_SPLINE_CURVE((1.,0.5,1.,0.5,1.,0.5,1.)) REPRESENTATION_ITEM(
  '') );
#11547 = CARTESIAN_POINT('',(-11.59850423841,12.599428814853));
#11548 = CARTESIAN_POINT('',(-11.06183832233,11.919730576858));
#11549 = CARTESIAN_POINT('',(-11.91880722138,11.794813379186));
#11550 = CARTESIAN_POINT('',(-12.77577612044,11.669896181514));
#11551 = CARTESIAN_POINT('',(-12.45547313746,12.474511617181));
#11552 = CARTESIAN_POINT('',(-12.13517015449,13.279127052849));
#11553 = CARTESIAN_POINT('',(-11.59850423841,12.599428814853));
#11554 = ( GEOMETRIC_REPRESENTATION_CONTEXT(2) 
PARAMETRIC_REPRESENTATION_CONTEXT() REPRESENTATION_CONTEXT('2D SPACE',''
  ) );
#11555 = PCURVE('',#7980,#11556);
#11556 = DEFINITIONAL_REPRESENTATION('',(#11557),#11561);
#11557 = LINE('',#11558,#11559);
#11558 = CARTESIAN_POINT('',(0.,-12.3));
#11559 = VECTOR('',#11560,1.);
#11560 = DIRECTION('',(1.,0.));
#11561 = ( GEOMETRIC_REPRESENTATION_CONTEXT(2) 
PARAMETRIC_REPRESENTATION_CONTEXT() REPRESENTATION_CONTEXT('2D SPACE',''
  ) );
#11562 = ORIENTED_EDGE('',*,*,#11563,.T.);
#11563 = EDGE_CURVE('',#11536,#11564,#11566,.T.);
#11564 = VERTEX_POINT('',#11565);
#11565 = CARTESIAN_POINT('',(-11.9317094892,11.64175001755,12.3));
#11566 = SURFACE_CURVE('',#11567,(#11572,#11579),.PCURVE_S1.);
#11567 = CIRCLE('',#11568,16.670214000005);
#11568 = AXIS2_PLACEMENT_3D('',#11569,#11570,#11571);
#11569 = CARTESIAN_POINT('',(3.962163930282E-12,-3.809397242094E-12,12.3
    ));
#11570 = DIRECTION('',(0.,0.,1.));
#11571 = DIRECTION('',(-0.698356362885,0.715750229073,0.));
#11572 = PCURVE('',#4146,#11573);
#11573 = DEFINITIONAL_REPRESENTATION('',(#11574),#11578);
#11574 = CIRCLE('',#11575,16.670214000005);
#11575 = AXIS2_PLACEMENT_2D('',#11576,#11577);
#11576 = CARTESIAN_POINT('',(3.968593632687E-12,-3.81829735245E-12));
#11577 = DIRECTION('',(-0.698356362885,0.715750229073));
#11578 = ( GEOMETRIC_REPRESENTATION_CONTEXT(2) 
PARAMETRIC_REPRESENTATION_CONTEXT() REPRESENTATION_CONTEXT('2D SPACE',''
  ) );
#11579 = PCURVE('',#8009,#11580);
#11580 = DEFINITIONAL_REPRESENTATION('',(#11581),#11585);
#11581 = LINE('',#11582,#11583);
#11582 = CARTESIAN_POINT('',(0.,-12.3));
#11583 = VECTOR('',#11584,1.);
#11584 = DIRECTION('',(-1.,0.));
#11585 = ( GEOMETRIC_REPRESENTATION_CONTEXT(2) 
PARAMETRIC_REPRESENTATION_CONTEXT() REPRESENTATION_CONTEXT('2D SPACE',''
  ) );
#11586 = ORIENTED_EDGE('',*,*,#11587,.T.);
#11587 = EDGE_CURVE('',#11564,#11588,#11590,.T.);
#11588 = VERTEX_POINT('',#11589);
#11589 = CARTESIAN_POINT('',(-12.59942881485,11.598504238417,12.3));
#11590 = SURFACE_CURVE('',#11591,(#11596,#11607),.PCURVE_S1.);
#11591 = CIRCLE('',#11592,0.500000000072);
#11592 = AXIS2_PLACEMENT_3D('',#11593,#11594,#11595);
#11593 = CARTESIAN_POINT('',(-12.28958460374,11.990928199092,12.3));
#11594 = DIRECTION('',(0.,0.,-1.));
#11595 = DIRECTION('',(0.715750228978,-0.698356362983,0.));
#11596 = PCURVE('',#4146,#11597);
#11597 = DEFINITIONAL_REPRESENTATION('',(#11598),#11606);
#11598 = ( BOUNDED_CURVE() B_SPLINE_CURVE(2,(#11599,#11600,#11601,#11602
    ,#11603,#11604,#11605),.UNSPECIFIED.,.T.,.F.) 
B_SPLINE_CURVE_WITH_KNOTS((1,2,2,2,2,1),(-2.094395102393,0.,
    2.094395102393,4.188790204786,6.28318530718,8.377580409573),
.UNSPECIFIED.) CURVE() GEOMETRIC_REPRESENTATION_ITEM() 
RATIONAL_B_SPLINE_CURVE((1.,0.5,1.,0.5,1.,0.5,1.)) REPRESENTATION_ITEM(
  '') );
#11599 = CARTESIAN_POINT('',(-11.9317094892,11.64175001755));
#11600 = CARTESIAN_POINT('',(-12.53650384052,11.021892136402));
#11601 = CARTESIAN_POINT('',(-12.77091933667,11.855588349288));
#11602 = CARTESIAN_POINT('',(-13.00533483282,12.689284562174));
#11603 = CARTESIAN_POINT('',(-12.16612498534,12.475446230436));
#11604 = CARTESIAN_POINT('',(-11.32691513787,12.261607898698));
#11605 = CARTESIAN_POINT('',(-11.9317094892,11.64175001755));
#11606 = ( GEOMETRIC_REPRESENTATION_CONTEXT(2) 
PARAMETRIC_REPRESENTATION_CONTEXT() REPRESENTATION_CONTEXT('2D SPACE',''
  ) );
#11607 = PCURVE('',#8042,#11608);
#11608 = DEFINITIONAL_REPRESENTATION('',(#11609),#11613);
#11609 = LINE('',#11610,#11611);
#11610 = CARTESIAN_POINT('',(0.,-12.3));
#11611 = VECTOR('',#11612,1.);
#11612 = DIRECTION('',(1.,0.));
#11613 = ( GEOMETRIC_REPRESENTATION_CONTEXT(2) 
PARAMETRIC_REPRESENTATION_CONTEXT() REPRESENTATION_CONTEXT('2D SPACE',''
  ) );
#11614 = ORIENTED_EDGE('',*,*,#11615,.T.);
#11615 = EDGE_CURVE('',#11588,#11616,#11618,.T.);
#11616 = VERTEX_POINT('',#11617);
#11617 = CARTESIAN_POINT('',(-14.92196387815,12.506634000364,12.3));
#11618 = SURFACE_CURVE('',#11619,(#11638,#11660),.PCURVE_S1.);
#11619 = B_SPLINE_CURVE_WITH_KNOTS('',3,(#11620,#11621,#11622,#11623,
    #11624,#11625,#11626,#11627,#11628,#11629,#11630,#11631,#11632,
    #11633,#11634,#11635,#11636,#11637),.UNSPECIFIED.,.F.,.F.,(4,1,1,1,1
    ,1,1,1,1,1,1,1,1,1,1,4),(0.,4.919943322603E-02,0.115298688747,
    0.198297768641,0.298196673931,0.414995405195,0.548693962792,
    0.699292346962,0.86679055787,1.051188595638,1.252486460354,
    1.470684152089,1.705781670896,1.95777901682,2.226676189894,
    2.512473190149),.UNSPECIFIED.);
#11620 = CARTESIAN_POINT('',(-12.59942881485,11.598504238417,12.3));
#11621 = CARTESIAN_POINT('',(-12.61231812751,11.608648495825,12.3));
#11622 = CARTESIAN_POINT('',(-12.64289144398,11.631941030691,12.3));
#11623 = CARTESIAN_POINT('',(-12.69674255805,11.670293777225,12.3));
#11624 = CARTESIAN_POINT('',(-12.76580254014,11.716354626079,12.3));
#11625 = CARTESIAN_POINT('',(-12.85062130928,11.769165000469,12.3));
#11626 = CARTESIAN_POINT('',(-12.95166808674,11.827781671977,12.3));
#11627 = CARTESIAN_POINT('',(-13.06938082138,11.891223806515,12.3));
#11628 = CARTESIAN_POINT('',(-13.20414724039,11.958494376588,12.3));
#11629 = CARTESIAN_POINT('',(-13.35631005105,12.028575465411,12.3));
#11630 = CARTESIAN_POINT('',(-13.52616412169,12.100432397124,12.3));
#11631 = CARTESIAN_POINT('',(-13.71395636319,12.173015049195,12.3));
#11632 = CARTESIAN_POINT('',(-13.91988498136,12.245259960815,12.3));
#11633 = CARTESIAN_POINT('',(-14.14409848891,12.316092814712,12.3));
#11634 = CARTESIAN_POINT('',(-14.38669716302,12.384428368508,12.3));
#11635 = CARTESIAN_POINT('',(-14.64772447073,12.449181403907,12.3));
#11636 = CARTESIAN_POINT('',(-14.828532997,12.488031709785,12.3));
#11637 = CARTESIAN_POINT('',(-14.92196387815,12.506634000364,12.3));
#11638 = PCURVE('',#4146,#11639);
#11639 = DEFINITIONAL_REPRESENTATION('',(#11640),#11659);
#11640 = B_SPLINE_CURVE_WITH_KNOTS('',3,(#11641,#11642,#11643,#11644,
    #11645,#11646,#11647,#11648,#11649,#11650,#11651,#11652,#11653,
    #11654,#11655,#11656,#11657,#11658),.UNSPECIFIED.,.F.,.F.,(4,1,1,1,1
    ,1,1,1,1,1,1,1,1,1,1,4),(0.,4.919943322603E-02,0.115298688747,
    0.198297768641,0.298196673931,0.414995405195,0.548693962792,
    0.699292346962,0.86679055787,1.051188595638,1.252486460354,
    1.470684152089,1.705781670896,1.95777901682,2.226676189894,
    2.512473190149),.UNSPECIFIED.);
#11641 = CARTESIAN_POINT('',(-12.59942881485,11.598504238417));
#11642 = CARTESIAN_POINT('',(-12.61231812751,11.608648495825));
#11643 = CARTESIAN_POINT('',(-12.64289144398,11.631941030691));
#11644 = CARTESIAN_POINT('',(-12.69674255805,11.670293777225));
#11645 = CARTESIAN_POINT('',(-12.76580254014,11.716354626079));
#11646 = CARTESIAN_POINT('',(-12.85062130928,11.769165000469));
#11647 = CARTESIAN_POINT('',(-12.95166808674,11.827781671977));
#11648 = CARTESIAN_POINT('',(-13.06938082138,11.891223806515));
#11649 = CARTESIAN_POINT('',(-13.20414724039,11.958494376588));
#11650 = CARTESIAN_POINT('',(-13.35631005105,12.028575465411));
#11651 = CARTESIAN_POINT('',(-13.52616412169,12.100432397124));
#11652 = CARTESIAN_POINT('',(-13.71395636319,12.173015049195));
#11653 = CARTESIAN_POINT('',(-13.91988498136,12.245259960815));
#11654 = CARTESIAN_POINT('',(-14.14409848891,12.316092814712));
#11655 = CARTESIAN_POINT('',(-14.38669716302,12.384428368508));
#11656 = CARTESIAN_POINT('',(-14.64772447073,12.449181403907));
#11657 = CARTESIAN_POINT('',(-14.828532997,12.488031709785));
#11658 = CARTESIAN_POINT('',(-14.92196387815,12.506634000364));
#11659 = ( GEOMETRIC_REPRESENTATION_CONTEXT(2) 
PARAMETRIC_REPRESENTATION_CONTEXT() REPRESENTATION_CONTEXT('2D SPACE',''
  ) );
#11660 = PCURVE('',#8100,#11661);
#11661 = DEFINITIONAL_REPRESENTATION('',(#11662),#11666);
#11662 = LINE('',#11663,#11664);
#11663 = CARTESIAN_POINT('',(0.,-12.3));
#11664 = VECTOR('',#11665,1.);
#11665 = DIRECTION('',(1.,0.));
#11666 = ( GEOMETRIC_REPRESENTATION_CONTEXT(2) 
PARAMETRIC_REPRESENTATION_CONTEXT() REPRESENTATION_CONTEXT('2D SPACE',''
  ) );
#11667 = ORIENTED_EDGE('',*,*,#11668,.T.);
#11668 = EDGE_CURVE('',#11616,#11669,#11671,.T.);
#11669 = VERTEX_POINT('',#11670);
#11670 = CARTESIAN_POINT('',(-15.51351591302,11.764851210971,12.3));
#11671 = SURFACE_CURVE('',#11672,(#11677,#11684),.PCURVE_S1.);
#11672 = CIRCLE('',#11673,19.470000000009);
#11673 = AXIS2_PLACEMENT_3D('',#11674,#11675,#11676);
#11674 = CARTESIAN_POINT('',(6.78213041283E-12,-5.355715870792E-12,12.3)
  );
#11675 = DIRECTION('',(0.,0.,1.));
#11676 = DIRECTION('',(-0.766408006069,0.642354083224,0.));
#11677 = PCURVE('',#4146,#11678);
#11678 = DEFINITIONAL_REPRESENTATION('',(#11679),#11683);
#11679 = CIRCLE('',#11680,19.470000000009);
#11680 = AXIS2_PLACEMENT_2D('',#11681,#11682);
#11681 = CARTESIAN_POINT('',(6.788560115235E-12,-5.364615981148E-12));
#11682 = DIRECTION('',(-0.766408006069,0.642354083224));
#11683 = ( GEOMETRIC_REPRESENTATION_CONTEXT(2) 
PARAMETRIC_REPRESENTATION_CONTEXT() REPRESENTATION_CONTEXT('2D SPACE',''
  ) );
#11684 = PCURVE('',#8146,#11685);
#11685 = DEFINITIONAL_REPRESENTATION('',(#11686),#11690);
#11686 = LINE('',#11687,#11688);
#11687 = CARTESIAN_POINT('',(0.,-12.3));
#11688 = VECTOR('',#11689,1.);
#11689 = DIRECTION('',(-1.,0.));
#11690 = ( GEOMETRIC_REPRESENTATION_CONTEXT(2) 
PARAMETRIC_REPRESENTATION_CONTEXT() REPRESENTATION_CONTEXT('2D SPACE',''
  ) );
#11691 = ORIENTED_EDGE('',*,*,#11692,.T.);
#11692 = EDGE_CURVE('',#11669,#11693,#11695,.T.);
#11693 = VERTEX_POINT('',#11694);
#11694 = CARTESIAN_POINT('',(-14.11134218878,9.70262483352,12.3));
#11695 = SURFACE_CURVE('',#11696,(#11715,#11737),.PCURVE_S1.);
#11696 = B_SPLINE_CURVE_WITH_KNOTS('',3,(#11697,#11698,#11699,#11700,
    #11701,#11702,#11703,#11704,#11705,#11706,#11707,#11708,#11709,
    #11710,#11711,#11712,#11713,#11714),.UNSPECIFIED.,.F.,.F.,(4,1,1,1,1
    ,1,1,1,1,1,1,1,1,1,1,4),(0.,0.285797000255,0.55469417333,
    0.806691519253,1.04178903806,1.259986729795,1.461284594512,
    1.645682632279,1.813180843187,1.963779227357,2.097477784955,
    2.214276516218,2.314175421508,2.397174501402,2.463273756923,
    2.512473190149),.UNSPECIFIED.);
#11697 = CARTESIAN_POINT('',(-15.51351591302,11.764851210971,12.3));
#11698 = CARTESIAN_POINT('',(-15.47458969377,11.677902236153,12.3));
#11699 = CARTESIAN_POINT('',(-15.39647976404,11.510271963481,12.3));
#11700 = CARTESIAN_POINT('',(-15.27526618213,11.270198061267,12.3));
#11701 = CARTESIAN_POINT('',(-15.1546606598,11.048887933673,12.3));
#11702 = CARTESIAN_POINT('',(-15.03571153434,10.846057719679,12.3));
#11703 = CARTESIAN_POINT('',(-14.91945452504,10.661368167111,12.3));
#11704 = CARTESIAN_POINT('',(-14.80690396663,10.494435428712,12.3));
#11705 = CARTESIAN_POINT('',(-14.69905255178,10.344829625799,12.3));
#11706 = CARTESIAN_POINT('',(-14.59686913143,10.212076363827,12.3));
#11707 = CARTESIAN_POINT('',(-14.50129682557,10.095657930396,12.3));
#11708 = CARTESIAN_POINT('',(-14.41325177015,9.995013702798,12.3));
#11709 = CARTESIAN_POINT('',(-14.33361971769,9.909543815507,12.3));
#11710 = CARTESIAN_POINT('',(-14.26325945791,9.838603043825,12.3));
#11711 = CARTESIAN_POINT('',(-14.202986159,9.781524042782,12.3));
#11712 = CARTESIAN_POINT('',(-14.15361199569,9.737557377551,12.3));
#11713 = CARTESIAN_POINT('',(-14.12410025037,9.71293367457,12.3));
#11714 = CARTESIAN_POINT('',(-14.11134218878,9.70262483352,12.3));
#11715 = PCURVE('',#4146,#11716);
#11716 = DEFINITIONAL_REPRESENTATION('',(#11717),#11736);
#11717 = B_SPLINE_CURVE_WITH_KNOTS('',3,(#11718,#11719,#11720,#11721,
    #11722,#11723,#11724,#11725,#11726,#11727,#11728,#11729,#11730,
    #11731,#11732,#11733,#11734,#11735),.UNSPECIFIED.,.F.,.F.,(4,1,1,1,1
    ,1,1,1,1,1,1,1,1,1,1,4),(0.,0.285797000255,0.55469417333,
    0.806691519253,1.04178903806,1.259986729795,1.461284594512,
    1.645682632279,1.813180843187,1.963779227357,2.097477784955,
    2.214276516218,2.314175421508,2.397174501402,2.463273756923,
    2.512473190149),.UNSPECIFIED.);
#11718 = CARTESIAN_POINT('',(-15.51351591302,11.764851210971));
#11719 = CARTESIAN_POINT('',(-15.47458969377,11.677902236153));
#11720 = CARTESIAN_POINT('',(-15.39647976404,11.510271963481));
#11721 = CARTESIAN_POINT('',(-15.27526618213,11.270198061267));
#11722 = CARTESIAN_POINT('',(-15.1546606598,11.048887933673));
#11723 = CARTESIAN_POINT('',(-15.03571153434,10.846057719679));
#11724 = CARTESIAN_POINT('',(-14.91945452504,10.661368167111));
#11725 = CARTESIAN_POINT('',(-14.80690396663,10.494435428712));
#11726 = CARTESIAN_POINT('',(-14.69905255178,10.344829625799));
#11727 = CARTESIAN_POINT('',(-14.59686913143,10.212076363827));
#11728 = CARTESIAN_POINT('',(-14.50129682557,10.095657930396));
#11729 = CARTESIAN_POINT('',(-14.41325177015,9.995013702798));
#11730 = CARTESIAN_POINT('',(-14.33361971769,9.909543815507));
#11731 = CARTESIAN_POINT('',(-14.26325945791,9.838603043825));
#11732 = CARTESIAN_POINT('',(-14.202986159,9.781524042782));
#11733 = CARTESIAN_POINT('',(-14.15361199569,9.737557377551));
#11734 = CARTESIAN_POINT('',(-14.12410025037,9.71293367457));
#11735 = CARTESIAN_POINT('',(-14.11134218878,9.70262483352));
#11736 = ( GEOMETRIC_REPRESENTATION_CONTEXT(2) 
PARAMETRIC_REPRESENTATION_CONTEXT() REPRESENTATION_CONTEXT('2D SPACE',''
  ) );
#11737 = PCURVE('',#8204,#11738);
#11738 = DEFINITIONAL_REPRESENTATION('',(#11739),#11743);
#11739 = LINE('',#11740,#11741);
#11740 = CARTESIAN_POINT('',(0.,-12.3));
#11741 = VECTOR('',#11742,1.);
#11742 = DIRECTION('',(1.,0.));
#11743 = ( GEOMETRIC_REPRESENTATION_CONTEXT(2) 
PARAMETRIC_REPRESENTATION_CONTEXT() REPRESENTATION_CONTEXT('2D SPACE',''
  ) );
#11744 = ORIENTED_EDGE('',*,*,#11745,.T.);
#11745 = EDGE_CURVE('',#11693,#11746,#11748,.T.);
#11746 = VERTEX_POINT('',#11747);
#11747 = CARTESIAN_POINT('',(-14.00492217798,9.042023534275,12.3));
#11748 = SURFACE_CURVE('',#11749,(#11754,#11765),.PCURVE_S1.);
#11749 = CIRCLE('',#11750,0.500000000072);
#11750 = AXIS2_PLACEMENT_3D('',#11751,#11752,#11753);
#11751 = CARTESIAN_POINT('',(-14.42498043822,9.313226517441,12.3));
#11752 = DIRECTION('',(0.,0.,-1.));
#11753 = DIRECTION('',(0.627276498775,0.778796632045,0.));
#11754 = PCURVE('',#4146,#11755);
#11755 = DEFINITIONAL_REPRESENTATION('',(#11756),#11764);
#11756 = ( BOUNDED_CURVE() B_SPLINE_CURVE(2,(#11757,#11758,#11759,#11760
    ,#11761,#11762,#11763),.UNSPECIFIED.,.T.,.F.) 
B_SPLINE_CURVE_WITH_KNOTS((1,2,2,2,2,1),(-2.094395102393,0.,
    2.094395102393,4.188790204786,6.28318530718,8.377580409573),
.UNSPECIFIED.) CURVE() GEOMETRIC_REPRESENTATION_ITEM() 
RATIONAL_B_SPLINE_CURVE((1.,0.5,1.,0.5,1.,0.5,1.)) REPRESENTATION_ITEM(
  '') );
#11757 = CARTESIAN_POINT('',(-14.11134218878,9.702624833519));
#11758 = CARTESIAN_POINT('',(-13.43688452096,9.159387450306));
#11759 = CARTESIAN_POINT('',(-14.24457072902,8.846908667795));
#11760 = CARTESIAN_POINT('',(-15.05225693708,8.534429885285));
#11761 = CARTESIAN_POINT('',(-14.91902839685,9.390146051009));
#11762 = CARTESIAN_POINT('',(-14.78579985661,10.245862216733));
#11763 = CARTESIAN_POINT('',(-14.11134218878,9.702624833519));
#11764 = ( GEOMETRIC_REPRESENTATION_CONTEXT(2) 
PARAMETRIC_REPRESENTATION_CONTEXT() REPRESENTATION_CONTEXT('2D SPACE',''
  ) );
#11765 = PCURVE('',#8254,#11766);
#11766 = DEFINITIONAL_REPRESENTATION('',(#11767),#11771);
#11767 = LINE('',#11768,#11769);
#11768 = CARTESIAN_POINT('',(0.,-12.3));
#11769 = VECTOR('',#11770,1.);
#11770 = DIRECTION('',(1.,0.));
#11771 = ( GEOMETRIC_REPRESENTATION_CONTEXT(2) 
PARAMETRIC_REPRESENTATION_CONTEXT() REPRESENTATION_CONTEXT('2D SPACE',''
  ) );
#11772 = ORIENTED_EDGE('',*,*,#11773,.T.);
#11773 = EDGE_CURVE('',#11746,#11774,#11776,.T.);
#11774 = VERTEX_POINT('',#11775);
#11775 = CARTESIAN_POINT('',(-14.22308970785,8.694811899521,12.3));
#11776 = SURFACE_CURVE('',#11777,(#11782,#11789),.PCURVE_S1.);
#11777 = CIRCLE('',#11778,16.670213999997);
#11778 = AXIS2_PLACEMENT_3D('',#11779,#11780,#11781);
#11779 = CARTESIAN_POINT('',(-2.30926389122E-12,1.476152533542E-12,12.3)
  );
#11780 = DIRECTION('',(0.,0.,1.));
#11781 = DIRECTION('',(-0.840116520279,0.542405966371,0.));
#11782 = PCURVE('',#4146,#11783);
#11783 = DEFINITIONAL_REPRESENTATION('',(#11784),#11788);
#11784 = CIRCLE('',#11785,16.670213999997);
#11785 = AXIS2_PLACEMENT_2D('',#11786,#11787);
#11786 = CARTESIAN_POINT('',(-2.302834188815E-12,1.467252423186E-12));
#11787 = DIRECTION('',(-0.840116520279,0.542405966371));
#11788 = ( GEOMETRIC_REPRESENTATION_CONTEXT(2) 
PARAMETRIC_REPRESENTATION_CONTEXT() REPRESENTATION_CONTEXT('2D SPACE',''
  ) );
#11789 = PCURVE('',#8283,#11790);
#11790 = DEFINITIONAL_REPRESENTATION('',(#11791),#11795);
#11791 = LINE('',#11792,#11793);
#11792 = CARTESIAN_POINT('',(0.,-12.3));
#11793 = VECTOR('',#11794,1.);
#11794 = DIRECTION('',(-1.,0.));
#11795 = ( GEOMETRIC_REPRESENTATION_CONTEXT(2) 
PARAMETRIC_REPRESENTATION_CONTEXT() REPRESENTATION_CONTEXT('2D SPACE',''
  ) );
#11796 = ORIENTED_EDGE('',*,*,#11797,.T.);
#11797 = EDGE_CURVE('',#11774,#11798,#11800,.T.);
#11798 = VERTEX_POINT('',#11799);
#11799 = CARTESIAN_POINT('',(-14.86444482477,8.504068854395,12.3));
#11800 = SURFACE_CURVE('',#11801,(#11806,#11817),.PCURVE_S1.);
#11801 = CIRCLE('',#11802,0.500000000072);
#11802 = AXIS2_PLACEMENT_3D('',#11803,#11804,#11805);
#11803 = CARTESIAN_POINT('',(-14.64969160117,8.955600750303,12.3));
#11804 = DIRECTION('',(0.,0.,-1.));
#11805 = DIRECTION('',(0.853203786506,-0.52157770149,0.));
#11806 = PCURVE('',#4146,#11807);
#11807 = DEFINITIONAL_REPRESENTATION('',(#11808),#11816);
#11808 = ( BOUNDED_CURVE() B_SPLINE_CURVE(2,(#11809,#11810,#11811,#11812
    ,#11813,#11814,#11815),.UNSPECIFIED.,.T.,.F.) 
B_SPLINE_CURVE_WITH_KNOTS((1,2,2,2,2,1),(-2.094395102393,0.,
    2.094395102393,4.188790204786,6.28318530718,8.377580409573),
.UNSPECIFIED.) CURVE() GEOMETRIC_REPRESENTATION_ITEM() 
RATIONAL_B_SPLINE_CURVE((1.,0.5,1.,0.5,1.,0.5,1.)) REPRESENTATION_ITEM(
  '') );
#11809 = CARTESIAN_POINT('',(-14.22308970785,8.694811899521));
#11810 = CARTESIAN_POINT('',(-14.67478924745,7.955915745696));
#11811 = CARTESIAN_POINT('',(-15.08884231763,8.716547098782));
#11812 = CARTESIAN_POINT('',(-15.5028953878,9.477178451868));
#11813 = CARTESIAN_POINT('',(-14.63714277802,9.455443252607));
#11814 = CARTESIAN_POINT('',(-13.77139016825,9.433708053346));
#11815 = CARTESIAN_POINT('',(-14.22308970785,8.694811899521));
#11816 = ( GEOMETRIC_REPRESENTATION_CONTEXT(2) 
PARAMETRIC_REPRESENTATION_CONTEXT() REPRESENTATION_CONTEXT('2D SPACE',''
  ) );
#11817 = PCURVE('',#8316,#11818);
#11818 = DEFINITIONAL_REPRESENTATION('',(#11819),#11823);
#11819 = LINE('',#11820,#11821);
#11820 = CARTESIAN_POINT('',(0.,-12.3));
#11821 = VECTOR('',#11822,1.);
#11822 = DIRECTION('',(1.,0.));
#11823 = ( GEOMETRIC_REPRESENTATION_CONTEXT(2) 
PARAMETRIC_REPRESENTATION_CONTEXT() REPRESENTATION_CONTEXT('2D SPACE',''
  ) );
#11824 = ORIENTED_EDGE('',*,*,#11825,.T.);
#11825 = EDGE_CURVE('',#11798,#11826,#11828,.T.);
#11826 = VERTEX_POINT('',#11827);
#11827 = CARTESIAN_POINT('',(-17.33082696779,8.872617235768,12.3));
#11828 = SURFACE_CURVE('',#11829,(#11848,#11870),.PCURVE_S1.);
#11829 = B_SPLINE_CURVE_WITH_KNOTS('',3,(#11830,#11831,#11832,#11833,
    #11834,#11835,#11836,#11837,#11838,#11839,#11840,#11841,#11842,
    #11843,#11844,#11845,#11846,#11847),.UNSPECIFIED.,.F.,.F.,(4,1,1,1,1
    ,1,1,1,1,1,1,1,1,1,1,4),(0.,4.919943322603E-02,0.115298688747,
    0.198297768641,0.298196673931,0.414995405195,0.548693962792,
    0.699292346962,0.86679055787,1.051188595638,1.252486460354,
    1.470684152089,1.705781670896,1.95777901682,2.226676189894,
    2.512473190149),.UNSPECIFIED.);
#11830 = CARTESIAN_POINT('',(-14.86444482477,8.504068854395,12.3));
#11831 = CARTESIAN_POINT('',(-14.87926828509,8.511090632198,12.3));
#11832 = CARTESIAN_POINT('',(-14.9142581413,8.52699597165,12.3));
#11833 = CARTESIAN_POINT('',(-14.97529338448,8.552404134557,12.3));
#11834 = CARTESIAN_POINT('',(-15.05287139174,8.581942850051,12.3));
#11835 = CARTESIAN_POINT('',(-15.14731499108,8.61455520637,12.3));
#11836 = CARTESIAN_POINT('',(-15.25887175135,8.649217212249,12.3));
#11837 = CARTESIAN_POINT('',(-15.38775038501,8.684875172367,12.3));
#11838 = CARTESIAN_POINT('',(-15.5341070386,8.720470779377,12.3));
#11839 = CARTESIAN_POINT('',(-15.69804931925,8.754935378244,12.3));
#11840 = CARTESIAN_POINT('',(-15.87963446527,8.787194620219,12.3));
#11841 = CARTESIAN_POINT('',(-16.07886952273,8.816169768695,12.3));
#11842 = CARTESIAN_POINT('',(-16.29571108571,8.840779921102,12.3));
#11843 = CARTESIAN_POINT('',(-16.53006488531,8.85994464836,12.3));
#11844 = CARTESIAN_POINT('',(-16.78178719541,8.872583603611,12.3));
#11845 = CARTESIAN_POINT('',(-17.05067890945,8.877629104921,12.3));
#11846 = CARTESIAN_POINT('',(-17.23559919482,8.875271670386,12.3));
#11847 = CARTESIAN_POINT('',(-17.33082696779,8.872617235768,12.3));
#11848 = PCURVE('',#4146,#11849);
#11849 = DEFINITIONAL_REPRESENTATION('',(#11850),#11869);
#11850 = B_SPLINE_CURVE_WITH_KNOTS('',3,(#11851,#11852,#11853,#11854,
    #11855,#11856,#11857,#11858,#11859,#11860,#11861,#11862,#11863,
    #11864,#11865,#11866,#11867,#11868),.UNSPECIFIED.,.F.,.F.,(4,1,1,1,1
    ,1,1,1,1,1,1,1,1,1,1,4),(0.,4.919943322603E-02,0.115298688747,
    0.198297768641,0.298196673931,0.414995405195,0.548693962792,
    0.699292346962,0.86679055787,1.051188595638,1.252486460354,
    1.470684152089,1.705781670896,1.95777901682,2.226676189894,
    2.512473190149),.UNSPECIFIED.);
#11851 = CARTESIAN_POINT('',(-14.86444482477,8.504068854395));
#11852 = CARTESIAN_POINT('',(-14.87926828509,8.511090632198));
#11853 = CARTESIAN_POINT('',(-14.9142581413,8.52699597165));
#11854 = CARTESIAN_POINT('',(-14.97529338448,8.552404134557));
#11855 = CARTESIAN_POINT('',(-15.05287139174,8.581942850051));
#11856 = CARTESIAN_POINT('',(-15.14731499108,8.61455520637));
#11857 = CARTESIAN_POINT('',(-15.25887175135,8.649217212249));
#11858 = CARTESIAN_POINT('',(-15.38775038501,8.684875172367));
#11859 = CARTESIAN_POINT('',(-15.5341070386,8.720470779377));
#11860 = CARTESIAN_POINT('',(-15.69804931925,8.754935378244));
#11861 = CARTESIAN_POINT('',(-15.87963446527,8.787194620219));
#11862 = CARTESIAN_POINT('',(-16.07886952273,8.816169768695));
#11863 = CARTESIAN_POINT('',(-16.29571108571,8.840779921102));
#11864 = CARTESIAN_POINT('',(-16.53006488531,8.85994464836));
#11865 = CARTESIAN_POINT('',(-16.78178719541,8.872583603611));
#11866 = CARTESIAN_POINT('',(-17.05067890945,8.877629104921));
#11867 = CARTESIAN_POINT('',(-17.23559919482,8.875271670386));
#11868 = CARTESIAN_POINT('',(-17.33082696779,8.872617235768));
#11869 = ( GEOMETRIC_REPRESENTATION_CONTEXT(2) 
PARAMETRIC_REPRESENTATION_CONTEXT() REPRESENTATION_CONTEXT('2D SPACE',''
  ) );
#11870 = PCURVE('',#8374,#11871);
#11871 = DEFINITIONAL_REPRESENTATION('',(#11872),#11876);
#11872 = LINE('',#11873,#11874);
#11873 = CARTESIAN_POINT('',(0.,-12.3));
#11874 = VECTOR('',#11875,1.);
#11875 = DIRECTION('',(1.,0.));
#11876 = ( GEOMETRIC_REPRESENTATION_CONTEXT(2) 
PARAMETRIC_REPRESENTATION_CONTEXT() REPRESENTATION_CONTEXT('2D SPACE',''
  ) );
#11877 = ORIENTED_EDGE('',*,*,#11878,.T.);
#11878 = EDGE_CURVE('',#11826,#11879,#11881,.T.);
#11879 = VERTEX_POINT('',#11880);
#11880 = CARTESIAN_POINT('',(-17.742485359,8.017799778329,12.3));
#11881 = SURFACE_CURVE('',#11882,(#11887,#11894),.PCURVE_S1.);
#11882 = CIRCLE('',#11883,19.470000000011);
#11883 = AXIS2_PLACEMENT_3D('',#11884,#11885,#11886);
#11884 = CARTESIAN_POINT('',(9.531930800222E-12,-4.65139038397E-12,12.3)
  );
#11885 = DIRECTION('',(0.,0.,1.));
#11886 = DIRECTION('',(-0.890129787765,0.455707099937,0.));
#11887 = PCURVE('',#4146,#11888);
#11888 = DEFINITIONAL_REPRESENTATION('',(#11889),#11893);
#11889 = CIRCLE('',#11890,19.470000000011);
#11890 = AXIS2_PLACEMENT_2D('',#11891,#11892);
#11891 = CARTESIAN_POINT('',(9.538360502627E-12,-4.660290494326E-12));
#11892 = DIRECTION('',(-0.890129787765,0.455707099937));
#11893 = ( GEOMETRIC_REPRESENTATION_CONTEXT(2) 
PARAMETRIC_REPRESENTATION_CONTEXT() REPRESENTATION_CONTEXT('2D SPACE',''
  ) );
#11894 = PCURVE('',#8420,#11895);
#11895 = DEFINITIONAL_REPRESENTATION('',(#11896),#11900);
#11896 = LINE('',#11897,#11898);
#11897 = CARTESIAN_POINT('',(0.,-12.3));
#11898 = VECTOR('',#11899,1.);
#11899 = DIRECTION('',(-1.,0.));
#11900 = ( GEOMETRIC_REPRESENTATION_CONTEXT(2) 
PARAMETRIC_REPRESENTATION_CONTEXT() REPRESENTATION_CONTEXT('2D SPACE',''
  ) );
#11901 = ORIENTED_EDGE('',*,*,#11902,.T.);
#11902 = EDGE_CURVE('',#11879,#11903,#11905,.T.);
#11903 = VERTEX_POINT('',#11904);
#11904 = CARTESIAN_POINT('',(-15.91657851798,6.3192907284,12.3));
#11905 = SURFACE_CURVE('',#11906,(#11925,#11947),.PCURVE_S1.);
#11906 = B_SPLINE_CURVE_WITH_KNOTS('',3,(#11907,#11908,#11909,#11910,
    #11911,#11912,#11913,#11914,#11915,#11916,#11917,#11918,#11919,
    #11920,#11921,#11922,#11923,#11924),.UNSPECIFIED.,.F.,.F.,(4,1,1,1,1
    ,1,1,1,1,1,1,1,1,1,1,4),(0.,0.285797000255,0.55469417333,
    0.806691519253,1.04178903806,1.259986729795,1.461284594512,
    1.645682632279,1.813180843187,1.963779227357,2.097477784955,
    2.214276516218,2.314175421508,2.397174501402,2.463273756923,
    2.512473190149),.UNSPECIFIED.);
#11907 = CARTESIAN_POINT('',(-17.742485359,8.017799778329,12.3));
#11908 = CARTESIAN_POINT('',(-17.68518713426,7.941692694506,12.3));
#11909 = CARTESIAN_POINT('',(-17.57173433871,7.795646357266,12.3));
#11910 = CARTESIAN_POINT('',(-17.40013836544,7.588564168466,12.3));
#11911 = CARTESIAN_POINT('',(-17.23331053907,7.399640001295,12.3));
#11912 = CARTESIAN_POINT('',(-17.07220974786,7.228363834731,12.3));
#11913 = CARTESIAN_POINT('',(-16.91777025279,7.074174453132,12.3));
#11914 = CARTESIAN_POINT('',(-16.770895543,6.936471922385,12.3));
#11915 = CARTESIAN_POINT('',(-16.63245776531,6.81461624686,12.3));
#11916 = CARTESIAN_POINT('',(-16.50329591681,6.707929336462,12.3));
#11917 = CARTESIAN_POINT('',(-16.38421426966,6.615696594977,12.3));
#11918 = CARTESIAN_POINT('',(-16.27598124008,6.537167596255,12.3));
#11919 = CARTESIAN_POINT('',(-16.17932689028,6.471560416171,12.3));
#11920 = CARTESIAN_POINT('',(-16.09494490235,6.418054908465,12.3));
#11921 = CARTESIAN_POINT('',(-16.02348150825,6.375819067917,12.3));
#11922 = CARTESIAN_POINT('',(-15.9655617549,6.343941523709,12.3));
#11923 = CARTESIAN_POINT('',(-15.93131064126,6.326502169503,12.3));
#11924 = CARTESIAN_POINT('',(-15.91657851798,6.3192907284,12.3));
#11925 = PCURVE('',#4146,#11926);
#11926 = DEFINITIONAL_REPRESENTATION('',(#11927),#11946);
#11927 = B_SPLINE_CURVE_WITH_KNOTS('',3,(#11928,#11929,#11930,#11931,
    #11932,#11933,#11934,#11935,#11936,#11937,#11938,#11939,#11940,
    #11941,#11942,#11943,#11944,#11945),.UNSPECIFIED.,.F.,.F.,(4,1,1,1,1
    ,1,1,1,1,1,1,1,1,1,1,4),(0.,0.285797000255,0.55469417333,
    0.806691519253,1.04178903806,1.259986729795,1.461284594512,
    1.645682632279,1.813180843187,1.963779227357,2.097477784955,
    2.214276516218,2.314175421508,2.397174501402,2.463273756923,
    2.512473190149),.UNSPECIFIED.);
#11928 = CARTESIAN_POINT('',(-17.742485359,8.017799778329));
#11929 = CARTESIAN_POINT('',(-17.68518713426,7.941692694506));
#11930 = CARTESIAN_POINT('',(-17.57173433871,7.795646357266));
#11931 = CARTESIAN_POINT('',(-17.40013836544,7.588564168466));
#11932 = CARTESIAN_POINT('',(-17.23331053907,7.399640001295));
#11933 = CARTESIAN_POINT('',(-17.07220974786,7.228363834731));
#11934 = CARTESIAN_POINT('',(-16.91777025279,7.074174453132));
#11935 = CARTESIAN_POINT('',(-16.770895543,6.936471922385));
#11936 = CARTESIAN_POINT('',(-16.63245776531,6.81461624686));
#11937 = CARTESIAN_POINT('',(-16.50329591681,6.707929336462));
#11938 = CARTESIAN_POINT('',(-16.38421426966,6.615696594977));
#11939 = CARTESIAN_POINT('',(-16.27598124008,6.537167596255));
#11940 = CARTESIAN_POINT('',(-16.17932689028,6.471560416171));
#11941 = CARTESIAN_POINT('',(-16.09494490235,6.418054908465));
#11942 = CARTESIAN_POINT('',(-16.02348150825,6.375819067917));
#11943 = CARTESIAN_POINT('',(-15.9655617549,6.343941523709));
#11944 = CARTESIAN_POINT('',(-15.93131064126,6.326502169503));
#11945 = CARTESIAN_POINT('',(-15.91657851798,6.3192907284));
#11946 = ( GEOMETRIC_REPRESENTATION_CONTEXT(2) 
PARAMETRIC_REPRESENTATION_CONTEXT() REPRESENTATION_CONTEXT('2D SPACE',''
  ) );
#11947 = PCURVE('',#8478,#11948);
#11948 = DEFINITIONAL_REPRESENTATION('',(#11949),#11953);
#11949 = LINE('',#11950,#11951);
#11950 = CARTESIAN_POINT('',(0.,-12.3));
#11951 = VECTOR('',#11952,1.);
#11952 = DIRECTION('',(1.,0.));
#11953 = ( GEOMETRIC_REPRESENTATION_CONTEXT(2) 
PARAMETRIC_REPRESENTATION_CONTEXT() REPRESENTATION_CONTEXT('2D SPACE',''
  ) );
#11954 = ORIENTED_EDGE('',*,*,#11955,.T.);
#11955 = EDGE_CURVE('',#11903,#11956,#11958,.T.);
#11956 = VERTEX_POINT('',#11957);
#11957 = CARTESIAN_POINT('',(-15.66582906095,5.698932763138,12.3));
#11958 = SURFACE_CURVE('',#11959,(#11964,#11975),.PCURVE_S1.);
#11959 = CIRCLE('',#11960,0.500000000072);
#11960 = AXIS2_PLACEMENT_3D('',#11961,#11962,#11963);
#11961 = CARTESIAN_POINT('',(-16.1357039247,5.869864364911,12.3));
#11962 = DIRECTION('',(0.,0.,-1.));
#11963 = DIRECTION('',(0.438250813387,0.89885272685,0.));
#11964 = PCURVE('',#4146,#11965);
#11965 = DEFINITIONAL_REPRESENTATION('',(#11966),#11974);
#11966 = ( BOUNDED_CURVE() B_SPLINE_CURVE(2,(#11967,#11968,#11969,#11970
    ,#11971,#11972,#11973),.UNSPECIFIED.,.T.,.F.) 
B_SPLINE_CURVE_WITH_KNOTS((1,2,2,2,2,1),(-2.094395102393,0.,
    2.094395102393,4.188790204786,6.28318530718,8.377580409573),
.UNSPECIFIED.) CURVE() GEOMETRIC_REPRESENTATION_ITEM() 
RATIONAL_B_SPLINE_CURVE((1.,0.5,1.,0.5,1.,0.5,1.)) REPRESENTATION_ITEM(
  '') );
#11967 = CARTESIAN_POINT('',(-15.91657851798,6.3192907284));
#11968 = CARTESIAN_POINT('',(-15.13814922215,5.939754390724));
#11969 = CARTESIAN_POINT('',(-15.85605198015,5.455383014328));
#11970 = CARTESIAN_POINT('',(-16.57395473815,4.971011637932));
#11971 = CARTESIAN_POINT('',(-16.63448127598,5.834919352004));
#11972 = CARTESIAN_POINT('',(-16.6950078138,6.698827066077));
#11973 = CARTESIAN_POINT('',(-15.91657851798,6.3192907284));
#11974 = ( GEOMETRIC_REPRESENTATION_CONTEXT(2) 
PARAMETRIC_REPRESENTATION_CONTEXT() REPRESENTATION_CONTEXT('2D SPACE',''
  ) );
#11975 = PCURVE('',#8528,#11976);
#11976 = DEFINITIONAL_REPRESENTATION('',(#11977),#11981);
#11977 = LINE('',#11978,#11979);
#11978 = CARTESIAN_POINT('',(0.,-12.3));
#11979 = VECTOR('',#11980,1.);
#11980 = DIRECTION('',(1.,0.));
#11981 = ( GEOMETRIC_REPRESENTATION_CONTEXT(2) 
PARAMETRIC_REPRESENTATION_CONTEXT() REPRESENTATION_CONTEXT('2D SPACE',''
  ) );
#11982 = ORIENTED_EDGE('',*,*,#11983,.T.);
#11983 = EDGE_CURVE('',#11956,#11984,#11986,.T.);
#11984 = VERTEX_POINT('',#11985);
#11985 = CARTESIAN_POINT('',(-15.80126481811,5.311879606477,12.3));
#11986 = SURFACE_CURVE('',#11987,(#11992,#11999),.PCURVE_S1.);
#11987 = CIRCLE('',#11988,16.670214000024);
#11988 = AXIS2_PLACEMENT_3D('',#11989,#11990,#11991);
#11989 = CARTESIAN_POINT('',(2.237499074909E-11,-7.888356634567E-12,12.3
    ));
#11990 = DIRECTION('',(0.,0.,1.));
#11991 = DIRECTION('',(-0.939749727325,0.341863203624,0.));
#11992 = PCURVE('',#4146,#11993);
#11993 = DEFINITIONAL_REPRESENTATION('',(#11994),#11998);
#11994 = CIRCLE('',#11995,16.670214000024);
#11995 = AXIS2_PLACEMENT_2D('',#11996,#11997);
#11996 = CARTESIAN_POINT('',(2.238142045149E-11,-7.897256744923E-12));
#11997 = DIRECTION('',(-0.939749727325,0.341863203624));
#11998 = ( GEOMETRIC_REPRESENTATION_CONTEXT(2) 
PARAMETRIC_REPRESENTATION_CONTEXT() REPRESENTATION_CONTEXT('2D SPACE',''
  ) );
#11999 = PCURVE('',#8557,#12000);
#12000 = DEFINITIONAL_REPRESENTATION('',(#12001),#12005);
#12001 = LINE('',#12002,#12003);
#12002 = CARTESIAN_POINT('',(0.,-12.3));
#12003 = VECTOR('',#12004,1.);
#12004 = DIRECTION('',(-1.,0.));
#12005 = ( GEOMETRIC_REPRESENTATION_CONTEXT(2) 
PARAMETRIC_REPRESENTATION_CONTEXT() REPRESENTATION_CONTEXT('2D SPACE',''
  ) );
#12006 = ORIENTED_EDGE('',*,*,#12007,.T.);
#12007 = EDGE_CURVE('',#11984,#12008,#12010,.T.);
#12008 = VERTEX_POINT('',#12009);
#12009 = CARTESIAN_POINT('',(-16.38409550267,4.983203948114,12.3));
#12010 = SURFACE_CURVE('',#12011,(#12016,#12027),.PCURVE_S1.);
#12011 = CIRCLE('',#12012,0.500000000072);
#12012 = AXIS2_PLACEMENT_3D('',#12013,#12014,#12015);
#12013 = CARTESIAN_POINT('',(-16.27520188993,5.471202084562,12.3));
#12014 = DIRECTION('',(0.,0.,-1.));
#12015 = DIRECTION('',(0.94787414351,-0.318644956126,0.));
#12016 = PCURVE('',#4146,#12017);
#12017 = DEFINITIONAL_REPRESENTATION('',(#12018),#12026);
#12018 = ( BOUNDED_CURVE() B_SPLINE_CURVE(2,(#12019,#12020,#12021,#12022
    ,#12023,#12024,#12025),.UNSPECIFIED.,.T.,.F.) 
B_SPLINE_CURVE_WITH_KNOTS((1,2,2,2,2,1),(-2.094395102393,0.,
    2.094395102393,4.188790204786,6.28318530718,8.377580409573),
.UNSPECIFIED.) CURVE() GEOMETRIC_REPRESENTATION_ITEM() 
RATIONAL_B_SPLINE_CURVE((1.,0.5,1.,0.5,1.,0.5,1.)) REPRESENTATION_ITEM(
  '') );
#12019 = CARTESIAN_POINT('',(-15.80126481811,5.311879606477));
#12020 = CARTESIAN_POINT('',(-16.07721944494,4.490996518489));
#12021 = CARTESIAN_POINT('',(-16.65014773926,5.140421779611));
#12022 = CARTESIAN_POINT('',(-17.22307603358,5.789847040734));
#12023 = CARTESIAN_POINT('',(-16.37419311243,5.961304867599));
#12024 = CARTESIAN_POINT('',(-15.52531019127,6.132762694465));
#12025 = CARTESIAN_POINT('',(-15.80126481811,5.311879606477));
#12026 = ( GEOMETRIC_REPRESENTATION_CONTEXT(2) 
PARAMETRIC_REPRESENTATION_CONTEXT() REPRESENTATION_CONTEXT('2D SPACE',''
  ) );
#12027 = PCURVE('',#8590,#12028);
#12028 = DEFINITIONAL_REPRESENTATION('',(#12029),#12033);
#12029 = LINE('',#12030,#12031);
#12030 = CARTESIAN_POINT('',(0.,-12.3));
#12031 = VECTOR('',#12032,1.);
#12032 = DIRECTION('',(1.,0.));
#12033 = ( GEOMETRIC_REPRESENTATION_CONTEXT(2) 
PARAMETRIC_REPRESENTATION_CONTEXT() REPRESENTATION_CONTEXT('2D SPACE',''
  ) );
#12034 = ORIENTED_EDGE('',*,*,#12035,.T.);
#12035 = EDGE_CURVE('',#12008,#12036,#12038,.T.);
#12036 = VERTEX_POINT('',#12037);
#12037 = CARTESIAN_POINT('',(-18.87065002603,4.793690394147,12.3));
#12038 = SURFACE_CURVE('',#12039,(#12058,#12080),.PCURVE_S1.);
#12039 = B_SPLINE_CURVE_WITH_KNOTS('',3,(#12040,#12041,#12042,#12043,
    #12044,#12045,#12046,#12047,#12048,#12049,#12050,#12051,#12052,
    #12053,#12054,#12055,#12056,#12057),.UNSPECIFIED.,.F.,.F.,(4,1,1,1,1
    ,1,1,1,1,1,1,1,1,1,1,4),(0.,4.919943322603E-02,0.115298688747,
    0.198297768641,0.298196673931,0.414995405195,0.548693962792,
    0.699292346962,0.86679055787,1.051188595638,1.252486460354,
    1.470684152089,1.705781670896,1.95777901682,2.226676189894,
    2.512473190149),.UNSPECIFIED.);
#12040 = CARTESIAN_POINT('',(-16.38409550267,4.983203948114,12.3));
#12041 = CARTESIAN_POINT('',(-16.40010980044,4.986751145054,12.3));
#12042 = CARTESIAN_POINT('',(-16.43776165889,4.994471728956,12.3));
#12043 = CARTESIAN_POINT('',(-16.50292046924,5.005661236853,12.3));
#12044 = CARTESIAN_POINT('',(-16.58512641644,5.017196624449,12.3));
#12045 = CARTESIAN_POINT('',(-16.68445904956,5.027975642974,12.3));
#12046 = CARTESIAN_POINT('',(-16.80093187086,5.036944885514,12.3));
#12047 = CARTESIAN_POINT('',(-16.93451389068,5.043030632195,12.3));
#12048 = CARTESIAN_POINT('',(-17.08512184512,5.045166363772,12.3));
#12049 = CARTESIAN_POINT('',(-17.25262284524,5.042286273786,12.3));
#12050 = CARTESIAN_POINT('',(-17.43683362919,5.033330212927,12.3));
#12051 = CARTESIAN_POINT('',(-17.63752102488,5.017244922874,12.3));
#12052 = CARTESIAN_POINT('',(-17.85440219126,4.992986260264,12.3));
#12053 = CARTESIAN_POINT('',(-18.08714480482,4.959521861433,12.3));
#12054 = CARTESIAN_POINT('',(-18.33536834319,4.915830448147,12.3));
#12055 = CARTESIAN_POINT('',(-18.59864111022,4.860915412863,12.3));
#12056 = CARTESIAN_POINT('',(-18.77840047942,4.817468449526,12.3));
#12057 = CARTESIAN_POINT('',(-18.87065002603,4.793690394147,12.3));
#12058 = PCURVE('',#4146,#12059);
#12059 = DEFINITIONAL_REPRESENTATION('',(#12060),#12079);
#12060 = B_SPLINE_CURVE_WITH_KNOTS('',3,(#12061,#12062,#12063,#12064,
    #12065,#12066,#12067,#12068,#12069,#12070,#12071,#12072,#12073,
    #12074,#12075,#12076,#12077,#12078),.UNSPECIFIED.,.F.,.F.,(4,1,1,1,1
    ,1,1,1,1,1,1,1,1,1,1,4),(0.,4.919943322603E-02,0.115298688747,
    0.198297768641,0.298196673931,0.414995405195,0.548693962792,
    0.699292346962,0.86679055787,1.051188595638,1.252486460354,
    1.470684152089,1.705781670896,1.95777901682,2.226676189894,
    2.512473190149),.UNSPECIFIED.);
#12061 = CARTESIAN_POINT('',(-16.38409550267,4.983203948114));
#12062 = CARTESIAN_POINT('',(-16.40010980044,4.986751145054));
#12063 = CARTESIAN_POINT('',(-16.43776165889,4.994471728956));
#12064 = CARTESIAN_POINT('',(-16.50292046924,5.005661236853));
#12065 = CARTESIAN_POINT('',(-16.58512641644,5.017196624449));
#12066 = CARTESIAN_POINT('',(-16.68445904956,5.027975642974));
#12067 = CARTESIAN_POINT('',(-16.80093187086,5.036944885514));
#12068 = CARTESIAN_POINT('',(-16.93451389068,5.043030632195));
#12069 = CARTESIAN_POINT('',(-17.08512184512,5.045166363772));
#12070 = CARTESIAN_POINT('',(-17.25262284524,5.042286273786));
#12071 = CARTESIAN_POINT('',(-17.43683362919,5.033330212927));
#12072 = CARTESIAN_POINT('',(-17.63752102488,5.017244922874));
#12073 = CARTESIAN_POINT('',(-17.85440219126,4.992986260264));
#12074 = CARTESIAN_POINT('',(-18.08714480482,4.959521861433));
#12075 = CARTESIAN_POINT('',(-18.33536834319,4.915830448147));
#12076 = CARTESIAN_POINT('',(-18.59864111022,4.860915412863));
#12077 = CARTESIAN_POINT('',(-18.77840047942,4.817468449526));
#12078 = CARTESIAN_POINT('',(-18.87065002603,4.793690394147));
#12079 = ( GEOMETRIC_REPRESENTATION_CONTEXT(2) 
PARAMETRIC_REPRESENTATION_CONTEXT() REPRESENTATION_CONTEXT('2D SPACE',''
  ) );
#12080 = PCURVE('',#8648,#12081);
#12081 = DEFINITIONAL_REPRESENTATION('',(#12082),#12086);
#12082 = LINE('',#12083,#12084);
#12083 = CARTESIAN_POINT('',(0.,-12.3));
#12084 = VECTOR('',#12085,1.);
#12085 = DIRECTION('',(1.,0.));
#12086 = ( GEOMETRIC_REPRESENTATION_CONTEXT(2) 
PARAMETRIC_REPRESENTATION_CONTEXT() REPRESENTATION_CONTEXT('2D SPACE',''
  ) );
#12087 = ORIENTED_EDGE('',*,*,#12088,.T.);
#12088 = EDGE_CURVE('',#12036,#12089,#12091,.T.);
#12089 = VERTEX_POINT('',#12090);
#12090 = CARTESIAN_POINT('',(-19.08177250292,3.868702385385,12.3));
#12091 = SURFACE_CURVE('',#12092,(#12097,#12104),.PCURVE_S1.);
#12092 = CIRCLE('',#12093,19.470000000003);
#12093 = AXIS2_PLACEMENT_3D('',#12094,#12095,#12096);
#12094 = CARTESIAN_POINT('',(2.868816295631E-12,-6.430411758629E-13,12.3
    ));
#12095 = DIRECTION('',(0.,0.,1.));
#12096 = DIRECTION('',(-0.969216745045,0.246209059792,0.));
#12097 = PCURVE('',#4146,#12098);
#12098 = DEFINITIONAL_REPRESENTATION('',(#12099),#12103);
#12099 = CIRCLE('',#12100,19.470000000003);
#12100 = AXIS2_PLACEMENT_2D('',#12101,#12102);
#12101 = CARTESIAN_POINT('',(2.875245998036E-12,-6.519412862189E-13));
#12102 = DIRECTION('',(-0.969216745045,0.246209059792));
#12103 = ( GEOMETRIC_REPRESENTATION_CONTEXT(2) 
PARAMETRIC_REPRESENTATION_CONTEXT() REPRESENTATION_CONTEXT('2D SPACE',''
  ) );
#12104 = PCURVE('',#8694,#12105);
#12105 = DEFINITIONAL_REPRESENTATION('',(#12106),#12110);
#12106 = LINE('',#12107,#12108);
#12107 = CARTESIAN_POINT('',(0.,-12.3));
#12108 = VECTOR('',#12109,1.);
#12109 = DIRECTION('',(-1.,0.));
#12110 = ( GEOMETRIC_REPRESENTATION_CONTEXT(2) 
PARAMETRIC_REPRESENTATION_CONTEXT() REPRESENTATION_CONTEXT('2D SPACE',''
  ) );
#12111 = ORIENTED_EDGE('',*,*,#12112,.T.);
#12112 = EDGE_CURVE('',#12089,#12113,#12115,.T.);
#12113 = VERTEX_POINT('',#12114);
#12114 = CARTESIAN_POINT('',(-16.92369113844,2.619080999099,12.3));
#12115 = SURFACE_CURVE('',#12116,(#12135,#12157),.PCURVE_S1.);
#12116 = B_SPLINE_CURVE_WITH_KNOTS('',3,(#12117,#12118,#12119,#12120,
    #12121,#12122,#12123,#12124,#12125,#12126,#12127,#12128,#12129,
    #12130,#12131,#12132,#12133,#12134),.UNSPECIFIED.,.F.,.F.,(4,1,1,1,1
    ,1,1,1,1,1,1,1,1,1,1,4),(0.,0.285797000255,0.55469417333,
    0.806691519253,1.04178903806,1.259986729795,1.461284594512,
    1.645682632279,1.813180843187,1.963779227357,2.097477784955,
    2.214276516218,2.314175421508,2.397174501402,2.463273756923,
    2.512473190149),.UNSPECIFIED.);
#12117 = CARTESIAN_POINT('',(-19.08177250292,3.868702385385,12.3));
#12118 = CARTESIAN_POINT('',(-19.00897544492,3.807253519536,12.3));
#12119 = CARTESIAN_POINT('',(-18.86586878047,3.690114490914,12.3));
#12120 = CARTESIAN_POINT('',(-18.65249495444,3.526407981174,12.3));
#12121 = CARTESIAN_POINT('',(-18.44781026786,3.379343221047,12.3));
#12122 = CARTESIAN_POINT('',(-18.2526360773,3.248209604091,12.3));
#12123 = CARTESIAN_POINT('',(-18.0677583376,3.132252092892,12.3));
#12124 = CARTESIAN_POINT('',(-17.89392438769,3.030684749685,12.3));
#12125 = CARTESIAN_POINT('',(-17.73184209539,2.942689553945,12.3));
#12126 = CARTESIAN_POINT('',(-17.58217853315,2.867418722294,12.3));
#12127 = CARTESIAN_POINT('',(-17.44555879575,2.803996607543,12.3));
#12128 = CARTESIAN_POINT('',(-17.32256504805,2.751520609601,12.3));
#12129 = CARTESIAN_POINT('',(-17.21373505361,2.709065954686,12.3));
#12130 = CARTESIAN_POINT('',(-17.11956260274,2.675678700531,12.3));
#12131 = CARTESIAN_POINT('',(-17.04049258645,2.650403901884,12.3));
#12132 = CARTESIAN_POINT('',(-16.97693158133,2.632213951875,12.3));
#12133 = CARTESIAN_POINT('',(-16.93965859324,2.622833428484,12.3));
#12134 = CARTESIAN_POINT('',(-16.92369113844,2.619080999099,12.3));
#12135 = PCURVE('',#4146,#12136);
#12136 = DEFINITIONAL_REPRESENTATION('',(#12137),#12156);
#12137 = B_SPLINE_CURVE_WITH_KNOTS('',3,(#12138,#12139,#12140,#12141,
    #12142,#12143,#12144,#12145,#12146,#12147,#12148,#12149,#12150,
    #12151,#12152,#12153,#12154,#12155),.UNSPECIFIED.,.F.,.F.,(4,1,1,1,1
    ,1,1,1,1,1,1,1,1,1,1,4),(0.,0.285797000255,0.55469417333,
    0.806691519253,1.04178903806,1.259986729795,1.461284594512,
    1.645682632279,1.813180843187,1.963779227357,2.097477784955,
    2.214276516218,2.314175421508,2.397174501402,2.463273756923,
    2.512473190149),.UNSPECIFIED.);
#12138 = CARTESIAN_POINT('',(-19.08177250292,3.868702385385));
#12139 = CARTESIAN_POINT('',(-19.00897544492,3.807253519536));
#12140 = CARTESIAN_POINT('',(-18.86586878047,3.690114490914));
#12141 = CARTESIAN_POINT('',(-18.65249495444,3.526407981174));
#12142 = CARTESIAN_POINT('',(-18.44781026786,3.379343221047));
#12143 = CARTESIAN_POINT('',(-18.2526360773,3.248209604091));
#12144 = CARTESIAN_POINT('',(-18.0677583376,3.132252092892));
#12145 = CARTESIAN_POINT('',(-17.89392438769,3.030684749685));
#12146 = CARTESIAN_POINT('',(-17.73184209539,2.942689553945));
#12147 = CARTESIAN_POINT('',(-17.58217853315,2.867418722294));
#12148 = CARTESIAN_POINT('',(-17.44555879575,2.803996607543));
#12149 = CARTESIAN_POINT('',(-17.32256504805,2.751520609601));
#12150 = CARTESIAN_POINT('',(-17.21373505361,2.709065954686));
#12151 = CARTESIAN_POINT('',(-17.11956260274,2.675678700531));
#12152 = CARTESIAN_POINT('',(-17.04049258645,2.650403901884));
#12153 = CARTESIAN_POINT('',(-16.97693158133,2.632213951875));
#12154 = CARTESIAN_POINT('',(-16.93965859324,2.622833428484));
#12155 = CARTESIAN_POINT('',(-16.92369113844,2.619080999099));
#12156 = ( GEOMETRIC_REPRESENTATION_CONTEXT(2) 
PARAMETRIC_REPRESENTATION_CONTEXT() REPRESENTATION_CONTEXT('2D SPACE',''
  ) );
#12157 = PCURVE('',#8752,#12158);
#12158 = DEFINITIONAL_REPRESENTATION('',(#12159),#12163);
#12159 = LINE('',#12160,#12161);
#12160 = CARTESIAN_POINT('',(0.,-12.3));
#12161 = VECTOR('',#12162,1.);
#12162 = DIRECTION('',(1.,0.));
#12163 = ( GEOMETRIC_REPRESENTATION_CONTEXT(2) 
PARAMETRIC_REPRESENTATION_CONTEXT() REPRESENTATION_CONTEXT('2D SPACE',''
  ) );
#12164 = ORIENTED_EDGE('',*,*,#12165,.T.);
#12165 = EDGE_CURVE('',#12113,#4244,#12166,.T.);
#12166 = SURFACE_CURVE('',#12167,(#12172,#12183),.PCURVE_S1.);
#12167 = CIRCLE('',#12168,0.500000000072);
#12168 = AXIS2_PLACEMENT_3D('',#12169,#12170,#12171);
#12169 = CARTESIAN_POINT('',(-17.03731583957,2.132162702704,12.3));
#12170 = DIRECTION('',(0.,0.,-1.));
#12171 = DIRECTION('',(0.227249402239,0.973836592649,0.));
#12172 = PCURVE('',#4146,#12173);
#12173 = DEFINITIONAL_REPRESENTATION('',(#12174),#12182);
#12174 = ( BOUNDED_CURVE() B_SPLINE_CURVE(2,(#12175,#12176,#12177,#12178
    ,#12179,#12180,#12181),.UNSPECIFIED.,.T.,.F.) 
B_SPLINE_CURVE_WITH_KNOTS((1,2,2,2,2,1),(-2.094395102393,0.,
    2.094395102393,4.188790204786,6.28318530718,8.377580409573),
.UNSPECIFIED.) CURVE() GEOMETRIC_REPRESENTATION_ITEM() 
RATIONAL_B_SPLINE_CURVE((1.,0.5,1.,0.5,1.,0.5,1.)) REPRESENTATION_ITEM(
  '') );
#12175 = CARTESIAN_POINT('',(-16.92369113844,2.619080999099));
#12176 = CARTESIAN_POINT('',(-16.08032390995,2.422277243736));
#12177 = CARTESIAN_POINT('',(-16.67244457589,1.790301676826));
#12178 = CARTESIAN_POINT('',(-17.26456524184,1.158326109916));
#12179 = CARTESIAN_POINT('',(-17.51581180438,1.987105432189));
#12180 = CARTESIAN_POINT('',(-17.76705836692,2.815884754461));
#12181 = CARTESIAN_POINT('',(-16.92369113844,2.619080999099));
#12182 = ( GEOMETRIC_REPRESENTATION_CONTEXT(2) 
PARAMETRIC_REPRESENTATION_CONTEXT() REPRESENTATION_CONTEXT('2D SPACE',''
  ) );
#12183 = PCURVE('',#4259,#12184);
#12184 = DEFINITIONAL_REPRESENTATION('',(#12185),#12189);
#12185 = LINE('',#12186,#12187);
#12186 = CARTESIAN_POINT('',(0.,-12.3));
#12187 = VECTOR('',#12188,1.);
#12188 = DIRECTION('',(1.,0.));
#12189 = ( GEOMETRIC_REPRESENTATION_CONTEXT(2) 
PARAMETRIC_REPRESENTATION_CONTEXT() REPRESENTATION_CONTEXT('2D SPACE',''
  ) );
#12190 = FACE_BOUND('',#12191,.T.);
#12191 = EDGE_LOOP('',(#12192));
#12192 = ORIENTED_EDGE('',*,*,#12193,.F.);
#12193 = EDGE_CURVE('',#12194,#12194,#12196,.T.);
#12194 = VERTEX_POINT('',#12195);
#12195 = CARTESIAN_POINT('',(2.85,-6.98048675514E-16,12.3));
#12196 = SURFACE_CURVE('',#12197,(#12202,#12209),.PCURVE_S1.);
#12197 = CIRCLE('',#12198,2.85);
#12198 = AXIS2_PLACEMENT_3D('',#12199,#12200,#12201);
#12199 = CARTESIAN_POINT('',(0.,0.,12.3));
#12200 = DIRECTION('',(0.,0.,1.));
#12201 = DIRECTION('',(1.,0.,0.));
#12202 = PCURVE('',#4146,#12203);
#12203 = DEFINITIONAL_REPRESENTATION('',(#12204),#12208);
#12204 = CIRCLE('',#12205,2.85);
#12205 = AXIS2_PLACEMENT_2D('',#12206,#12207);
#12206 = CARTESIAN_POINT('',(6.429702404854E-15,-8.900110356034E-15));
#12207 = DIRECTION('',(1.,0.));
#12208 = ( GEOMETRIC_REPRESENTATION_CONTEXT(2) 
PARAMETRIC_REPRESENTATION_CONTEXT() REPRESENTATION_CONTEXT('2D SPACE',''
  ) );
#12209 = PCURVE('',#8826,#12210);
#12210 = DEFINITIONAL_REPRESENTATION('',(#12211),#12215);
#12211 = LINE('',#12212,#12213);
#12212 = CARTESIAN_POINT('',(0.,12.3));
#12213 = VECTOR('',#12214,1.);
#12214 = DIRECTION('',(1.,0.));
#12215 = ( GEOMETRIC_REPRESENTATION_CONTEXT(2) 
PARAMETRIC_REPRESENTATION_CONTEXT() REPRESENTATION_CONTEXT('2D SPACE',''
  ) );
#12216 = ADVANCED_FACE('',(#12217),#4259,.F.);
#12217 = FACE_BOUND('',#12218,.F.);
#12218 = EDGE_LOOP('',(#12219,#12240,#12241,#12242));
#12219 = ORIENTED_EDGE('',*,*,#12220,.T.);
#12220 = EDGE_CURVE('',#8707,#12113,#12221,.T.);
#12221 = SURFACE_CURVE('',#12222,(#12226,#12233),.PCURVE_S1.);
#12222 = LINE('',#12223,#12224);
#12223 = CARTESIAN_POINT('',(-16.92369113844,2.619080999099,0.));
#12224 = VECTOR('',#12225,1.);
#12225 = DIRECTION('',(0.,0.,1.));
#12226 = PCURVE('',#4259,#12227);
#12227 = DEFINITIONAL_REPRESENTATION('',(#12228),#12232);
#12228 = LINE('',#12229,#12230);
#12229 = CARTESIAN_POINT('',(0.,0.));
#12230 = VECTOR('',#12231,1.);
#12231 = DIRECTION('',(0.,-1.));
#12232 = ( GEOMETRIC_REPRESENTATION_CONTEXT(2) 
PARAMETRIC_REPRESENTATION_CONTEXT() REPRESENTATION_CONTEXT('2D SPACE',''
  ) );
#12233 = PCURVE('',#8752,#12234);
#12234 = DEFINITIONAL_REPRESENTATION('',(#12235),#12239);
#12235 = LINE('',#12236,#12237);
#12236 = CARTESIAN_POINT('',(2.512473190149,0.));
#12237 = VECTOR('',#12238,1.);
#12238 = DIRECTION('',(0.,-1.));
#12239 = ( GEOMETRIC_REPRESENTATION_CONTEXT(2) 
PARAMETRIC_REPRESENTATION_CONTEXT() REPRESENTATION_CONTEXT('2D SPACE',''
  ) );
#12240 = ORIENTED_EDGE('',*,*,#12165,.T.);
#12241 = ORIENTED_EDGE('',*,*,#4241,.F.);
#12242 = ORIENTED_EDGE('',*,*,#8781,.F.);
#12243 = ADVANCED_FACE('',(#12244),#4389,.T.);
#12244 = FACE_BOUND('',#12245,.F.);
#12245 = EDGE_LOOP('',(#12246,#12247,#12248,#12269));
#12246 = ORIENTED_EDGE('',*,*,#4373,.T.);
#12247 = ORIENTED_EDGE('',*,*,#8844,.T.);
#12248 = ORIENTED_EDGE('',*,*,#12249,.F.);
#12249 = EDGE_CURVE('',#4459,#8845,#12250,.T.);
#12250 = SURFACE_CURVE('',#12251,(#12255,#12262),.PCURVE_S1.);
#12251 = LINE('',#12252,#12253);
#12252 = CARTESIAN_POINT('',(-19.46421989499,-0.474387899456,0.));
#12253 = VECTOR('',#12254,1.);
#12254 = DIRECTION('',(0.,0.,1.));
#12255 = PCURVE('',#4389,#12256);
#12256 = DEFINITIONAL_REPRESENTATION('',(#12257),#12261);
#12257 = LINE('',#12258,#12259);
#12258 = CARTESIAN_POINT('',(-4.873496140226E-02,0.));
#12259 = VECTOR('',#12260,1.);
#12260 = DIRECTION('',(0.,-1.));
#12261 = ( GEOMETRIC_REPRESENTATION_CONTEXT(2) 
PARAMETRIC_REPRESENTATION_CONTEXT() REPRESENTATION_CONTEXT('2D SPACE',''
  ) );
#12262 = PCURVE('',#4528,#12263);
#12263 = DEFINITIONAL_REPRESENTATION('',(#12264),#12268);
#12264 = LINE('',#12265,#12266);
#12265 = CARTESIAN_POINT('',(0.,0.));
#12266 = VECTOR('',#12267,1.);
#12267 = DIRECTION('',(0.,-1.));
#12268 = ( GEOMETRIC_REPRESENTATION_CONTEXT(2) 
PARAMETRIC_REPRESENTATION_CONTEXT() REPRESENTATION_CONTEXT('2D SPACE',''
  ) );
#12269 = ORIENTED_EDGE('',*,*,#4458,.F.);
#12270 = ADVANCED_FACE('',(#12271),#8752,.F.);
#12271 = FACE_BOUND('',#12272,.F.);
#12272 = EDGE_LOOP('',(#12273,#12294,#12295,#12296));
#12273 = ORIENTED_EDGE('',*,*,#12274,.T.);
#12274 = EDGE_CURVE('',#8678,#12089,#12275,.T.);
#12275 = SURFACE_CURVE('',#12276,(#12280,#12287),.PCURVE_S1.);
#12276 = LINE('',#12277,#12278);
#12277 = CARTESIAN_POINT('',(-19.08177250292,3.868702385385,0.));
#12278 = VECTOR('',#12279,1.);
#12279 = DIRECTION('',(0.,0.,1.));
#12280 = PCURVE('',#8752,#12281);
#12281 = DEFINITIONAL_REPRESENTATION('',(#12282),#12286);
#12282 = LINE('',#12283,#12284);
#12283 = CARTESIAN_POINT('',(0.,0.));
#12284 = VECTOR('',#12285,1.);
#12285 = DIRECTION('',(0.,-1.));
#12286 = ( GEOMETRIC_REPRESENTATION_CONTEXT(2) 
PARAMETRIC_REPRESENTATION_CONTEXT() REPRESENTATION_CONTEXT('2D SPACE',''
  ) );
#12287 = PCURVE('',#8694,#12288);
#12288 = DEFINITIONAL_REPRESENTATION('',(#12289),#12293);
#12289 = LINE('',#12290,#12291);
#12290 = CARTESIAN_POINT('',(-4.873496140226E-02,0.));
#12291 = VECTOR('',#12292,1.);
#12292 = DIRECTION('',(0.,-1.));
#12293 = ( GEOMETRIC_REPRESENTATION_CONTEXT(2) 
PARAMETRIC_REPRESENTATION_CONTEXT() REPRESENTATION_CONTEXT('2D SPACE',''
  ) );
#12294 = ORIENTED_EDGE('',*,*,#12112,.T.);
#12295 = ORIENTED_EDGE('',*,*,#12220,.F.);
#12296 = ORIENTED_EDGE('',*,*,#8706,.F.);
#12297 = ADVANCED_FACE('',(#12298),#8694,.T.);
#12298 = FACE_BOUND('',#12299,.F.);
#12299 = EDGE_LOOP('',(#12300,#12321,#12322,#12323));
#12300 = ORIENTED_EDGE('',*,*,#12301,.T.);
#12301 = EDGE_CURVE('',#8603,#12036,#12302,.T.);
#12302 = SURFACE_CURVE('',#12303,(#12307,#12314),.PCURVE_S1.);
#12303 = LINE('',#12304,#12305);
#12304 = CARTESIAN_POINT('',(-18.87065002603,4.793690394147,0.));
#12305 = VECTOR('',#12306,1.);
#12306 = DIRECTION('',(0.,0.,1.));
#12307 = PCURVE('',#8694,#12308);
#12308 = DEFINITIONAL_REPRESENTATION('',(#12309),#12313);
#12309 = LINE('',#12310,#12311);
#12310 = CARTESIAN_POINT('',(0.,0.));
#12311 = VECTOR('',#12312,1.);
#12312 = DIRECTION('',(0.,-1.));
#12313 = ( GEOMETRIC_REPRESENTATION_CONTEXT(2) 
PARAMETRIC_REPRESENTATION_CONTEXT() REPRESENTATION_CONTEXT('2D SPACE',''
  ) );
#12314 = PCURVE('',#8648,#12315);
#12315 = DEFINITIONAL_REPRESENTATION('',(#12316),#12320);
#12316 = LINE('',#12317,#12318);
#12317 = CARTESIAN_POINT('',(2.512473190149,0.));
#12318 = VECTOR('',#12319,1.);
#12319 = DIRECTION('',(0.,-1.));
#12320 = ( GEOMETRIC_REPRESENTATION_CONTEXT(2) 
PARAMETRIC_REPRESENTATION_CONTEXT() REPRESENTATION_CONTEXT('2D SPACE',''
  ) );
#12321 = ORIENTED_EDGE('',*,*,#12088,.T.);
#12322 = ORIENTED_EDGE('',*,*,#12274,.F.);
#12323 = ORIENTED_EDGE('',*,*,#8677,.F.);
#12324 = ADVANCED_FACE('',(#12325),#8648,.F.);
#12325 = FACE_BOUND('',#12326,.F.);
#12326 = EDGE_LOOP('',(#12327,#12348,#12349,#12350));
#12327 = ORIENTED_EDGE('',*,*,#12328,.T.);
#12328 = EDGE_CURVE('',#8570,#12008,#12329,.T.);
#12329 = SURFACE_CURVE('',#12330,(#12334,#12341),.PCURVE_S1.);
#12330 = LINE('',#12331,#12332);
#12331 = CARTESIAN_POINT('',(-16.38409550267,4.983203948114,0.));
#12332 = VECTOR('',#12333,1.);
#12333 = DIRECTION('',(0.,0.,1.));
#12334 = PCURVE('',#8648,#12335);
#12335 = DEFINITIONAL_REPRESENTATION('',(#12336),#12340);
#12336 = LINE('',#12337,#12338);
#12337 = CARTESIAN_POINT('',(0.,0.));
#12338 = VECTOR('',#12339,1.);
#12339 = DIRECTION('',(0.,-1.));
#12340 = ( GEOMETRIC_REPRESENTATION_CONTEXT(2) 
PARAMETRIC_REPRESENTATION_CONTEXT() REPRESENTATION_CONTEXT('2D SPACE',''
  ) );
#12341 = PCURVE('',#8590,#12342);
#12342 = DEFINITIONAL_REPRESENTATION('',(#12343),#12347);
#12343 = LINE('',#12344,#12345);
#12344 = CARTESIAN_POINT('',(1.466043443678,0.));
#12345 = VECTOR('',#12346,1.);
#12346 = DIRECTION('',(0.,-1.));
#12347 = ( GEOMETRIC_REPRESENTATION_CONTEXT(2) 
PARAMETRIC_REPRESENTATION_CONTEXT() REPRESENTATION_CONTEXT('2D SPACE',''
  ) );
#12348 = ORIENTED_EDGE('',*,*,#12035,.T.);
#12349 = ORIENTED_EDGE('',*,*,#12301,.F.);
#12350 = ORIENTED_EDGE('',*,*,#8602,.F.);
#12351 = ADVANCED_FACE('',(#12352),#8590,.F.);
#12352 = FACE_BOUND('',#12353,.F.);
#12353 = EDGE_LOOP('',(#12354,#12375,#12376,#12377));
#12354 = ORIENTED_EDGE('',*,*,#12355,.T.);
#12355 = EDGE_CURVE('',#8541,#11984,#12356,.T.);
#12356 = SURFACE_CURVE('',#12357,(#12361,#12368),.PCURVE_S1.);
#12357 = LINE('',#12358,#12359);
#12358 = CARTESIAN_POINT('',(-15.80126481811,5.311879606477,0.));
#12359 = VECTOR('',#12360,1.);
#12360 = DIRECTION('',(0.,0.,1.));
#12361 = PCURVE('',#8590,#12362);
#12362 = DEFINITIONAL_REPRESENTATION('',(#12363),#12367);
#12363 = LINE('',#12364,#12365);
#12364 = CARTESIAN_POINT('',(0.,0.));
#12365 = VECTOR('',#12366,1.);
#12366 = DIRECTION('',(0.,-1.));
#12367 = ( GEOMETRIC_REPRESENTATION_CONTEXT(2) 
PARAMETRIC_REPRESENTATION_CONTEXT() REPRESENTATION_CONTEXT('2D SPACE',''
  ) );
#12368 = PCURVE('',#8557,#12369);
#12369 = DEFINITIONAL_REPRESENTATION('',(#12370),#12374);
#12370 = LINE('',#12371,#12372);
#12371 = CARTESIAN_POINT('',(-2.459926169431E-02,0.));
#12372 = VECTOR('',#12373,1.);
#12373 = DIRECTION('',(0.,-1.));
#12374 = ( GEOMETRIC_REPRESENTATION_CONTEXT(2) 
PARAMETRIC_REPRESENTATION_CONTEXT() REPRESENTATION_CONTEXT('2D SPACE',''
  ) );
#12375 = ORIENTED_EDGE('',*,*,#12007,.T.);
#12376 = ORIENTED_EDGE('',*,*,#12328,.F.);
#12377 = ORIENTED_EDGE('',*,*,#8569,.F.);
#12378 = ADVANCED_FACE('',(#12379),#8557,.T.);
#12379 = FACE_BOUND('',#12380,.F.);
#12380 = EDGE_LOOP('',(#12381,#12402,#12403,#12404));
#12381 = ORIENTED_EDGE('',*,*,#12382,.T.);
#12382 = EDGE_CURVE('',#8508,#11956,#12383,.T.);
#12383 = SURFACE_CURVE('',#12384,(#12388,#12395),.PCURVE_S1.);
#12384 = LINE('',#12385,#12386);
#12385 = CARTESIAN_POINT('',(-15.66582906095,5.698932763138,0.));
#12386 = VECTOR('',#12387,1.);
#12387 = DIRECTION('',(0.,0.,1.));
#12388 = PCURVE('',#8557,#12389);
#12389 = DEFINITIONAL_REPRESENTATION('',(#12390),#12394);
#12390 = LINE('',#12391,#12392);
#12391 = CARTESIAN_POINT('',(0.,0.));
#12392 = VECTOR('',#12393,1.);
#12393 = DIRECTION('',(0.,-1.));
#12394 = ( GEOMETRIC_REPRESENTATION_CONTEXT(2) 
PARAMETRIC_REPRESENTATION_CONTEXT() REPRESENTATION_CONTEXT('2D SPACE',''
  ) );
#12395 = PCURVE('',#8528,#12396);
#12396 = DEFINITIONAL_REPRESENTATION('',(#12397),#12401);
#12397 = LINE('',#12398,#12399);
#12398 = CARTESIAN_POINT('',(1.466043443678,0.));
#12399 = VECTOR('',#12400,1.);
#12400 = DIRECTION('',(0.,-1.));
#12401 = ( GEOMETRIC_REPRESENTATION_CONTEXT(2) 
PARAMETRIC_REPRESENTATION_CONTEXT() REPRESENTATION_CONTEXT('2D SPACE',''
  ) );
#12402 = ORIENTED_EDGE('',*,*,#11983,.T.);
#12403 = ORIENTED_EDGE('',*,*,#12355,.F.);
#12404 = ORIENTED_EDGE('',*,*,#8540,.F.);
#12405 = ADVANCED_FACE('',(#12406),#8528,.F.);
#12406 = FACE_BOUND('',#12407,.F.);
#12407 = EDGE_LOOP('',(#12408,#12429,#12430,#12431));
#12408 = ORIENTED_EDGE('',*,*,#12409,.T.);
#12409 = EDGE_CURVE('',#8433,#11903,#12410,.T.);
#12410 = SURFACE_CURVE('',#12411,(#12415,#12422),.PCURVE_S1.);
#12411 = LINE('',#12412,#12413);
#12412 = CARTESIAN_POINT('',(-15.91657851798,6.3192907284,0.));
#12413 = VECTOR('',#12414,1.);
#12414 = DIRECTION('',(0.,0.,1.));
#12415 = PCURVE('',#8528,#12416);
#12416 = DEFINITIONAL_REPRESENTATION('',(#12417),#12421);
#12417 = LINE('',#12418,#12419);
#12418 = CARTESIAN_POINT('',(0.,0.));
#12419 = VECTOR('',#12420,1.);
#12420 = DIRECTION('',(0.,-1.));
#12421 = ( GEOMETRIC_REPRESENTATION_CONTEXT(2) 
PARAMETRIC_REPRESENTATION_CONTEXT() REPRESENTATION_CONTEXT('2D SPACE',''
  ) );
#12422 = PCURVE('',#8478,#12423);
#12423 = DEFINITIONAL_REPRESENTATION('',(#12424),#12428);
#12424 = LINE('',#12425,#12426);
#12425 = CARTESIAN_POINT('',(2.512473190149,0.));
#12426 = VECTOR('',#12427,1.);
#12427 = DIRECTION('',(0.,-1.));
#12428 = ( GEOMETRIC_REPRESENTATION_CONTEXT(2) 
PARAMETRIC_REPRESENTATION_CONTEXT() REPRESENTATION_CONTEXT('2D SPACE',''
  ) );
#12429 = ORIENTED_EDGE('',*,*,#11955,.T.);
#12430 = ORIENTED_EDGE('',*,*,#12382,.F.);
#12431 = ORIENTED_EDGE('',*,*,#8507,.F.);
#12432 = ADVANCED_FACE('',(#12433),#8478,.F.);
#12433 = FACE_BOUND('',#12434,.F.);
#12434 = EDGE_LOOP('',(#12435,#12456,#12457,#12458));
#12435 = ORIENTED_EDGE('',*,*,#12436,.T.);
#12436 = EDGE_CURVE('',#8404,#11879,#12437,.T.);
#12437 = SURFACE_CURVE('',#12438,(#12442,#12449),.PCURVE_S1.);
#12438 = LINE('',#12439,#12440);
#12439 = CARTESIAN_POINT('',(-17.742485359,8.017799778329,0.));
#12440 = VECTOR('',#12441,1.);
#12441 = DIRECTION('',(0.,0.,1.));
#12442 = PCURVE('',#8478,#12443);
#12443 = DEFINITIONAL_REPRESENTATION('',(#12444),#12448);
#12444 = LINE('',#12445,#12446);
#12445 = CARTESIAN_POINT('',(0.,0.));
#12446 = VECTOR('',#12447,1.);
#12447 = DIRECTION('',(0.,-1.));
#12448 = ( GEOMETRIC_REPRESENTATION_CONTEXT(2) 
PARAMETRIC_REPRESENTATION_CONTEXT() REPRESENTATION_CONTEXT('2D SPACE',''
  ) );
#12449 = PCURVE('',#8420,#12450);
#12450 = DEFINITIONAL_REPRESENTATION('',(#12451),#12455);
#12451 = LINE('',#12452,#12453);
#12452 = CARTESIAN_POINT('',(-4.873496140224E-02,0.));
#12453 = VECTOR('',#12454,1.);
#12454 = DIRECTION('',(0.,-1.));
#12455 = ( GEOMETRIC_REPRESENTATION_CONTEXT(2) 
PARAMETRIC_REPRESENTATION_CONTEXT() REPRESENTATION_CONTEXT('2D SPACE',''
  ) );
#12456 = ORIENTED_EDGE('',*,*,#11902,.T.);
#12457 = ORIENTED_EDGE('',*,*,#12409,.F.);
#12458 = ORIENTED_EDGE('',*,*,#8432,.F.);
#12459 = ADVANCED_FACE('',(#12460),#8420,.T.);
#12460 = FACE_BOUND('',#12461,.F.);
#12461 = EDGE_LOOP('',(#12462,#12483,#12484,#12485));
#12462 = ORIENTED_EDGE('',*,*,#12463,.T.);
#12463 = EDGE_CURVE('',#8329,#11826,#12464,.T.);
#12464 = SURFACE_CURVE('',#12465,(#12469,#12476),.PCURVE_S1.);
#12465 = LINE('',#12466,#12467);
#12466 = CARTESIAN_POINT('',(-17.33082696779,8.872617235768,0.));
#12467 = VECTOR('',#12468,1.);
#12468 = DIRECTION('',(0.,0.,1.));
#12469 = PCURVE('',#8420,#12470);
#12470 = DEFINITIONAL_REPRESENTATION('',(#12471),#12475);
#12471 = LINE('',#12472,#12473);
#12472 = CARTESIAN_POINT('',(0.,0.));
#12473 = VECTOR('',#12474,1.);
#12474 = DIRECTION('',(0.,-1.));
#12475 = ( GEOMETRIC_REPRESENTATION_CONTEXT(2) 
PARAMETRIC_REPRESENTATION_CONTEXT() REPRESENTATION_CONTEXT('2D SPACE',''
  ) );
#12476 = PCURVE('',#8374,#12477);
#12477 = DEFINITIONAL_REPRESENTATION('',(#12478),#12482);
#12478 = LINE('',#12479,#12480);
#12479 = CARTESIAN_POINT('',(2.512473190149,0.));
#12480 = VECTOR('',#12481,1.);
#12481 = DIRECTION('',(0.,-1.));
#12482 = ( GEOMETRIC_REPRESENTATION_CONTEXT(2) 
PARAMETRIC_REPRESENTATION_CONTEXT() REPRESENTATION_CONTEXT('2D SPACE',''
  ) );
#12483 = ORIENTED_EDGE('',*,*,#11878,.T.);
#12484 = ORIENTED_EDGE('',*,*,#12436,.F.);
#12485 = ORIENTED_EDGE('',*,*,#8403,.F.);
#12486 = ADVANCED_FACE('',(#12487),#8374,.F.);
#12487 = FACE_BOUND('',#12488,.F.);
#12488 = EDGE_LOOP('',(#12489,#12510,#12511,#12512));
#12489 = ORIENTED_EDGE('',*,*,#12490,.T.);
#12490 = EDGE_CURVE('',#8296,#11798,#12491,.T.);
#12491 = SURFACE_CURVE('',#12492,(#12496,#12503),.PCURVE_S1.);
#12492 = LINE('',#12493,#12494);
#12493 = CARTESIAN_POINT('',(-14.86444482477,8.504068854395,0.));
#12494 = VECTOR('',#12495,1.);
#12495 = DIRECTION('',(0.,0.,1.));
#12496 = PCURVE('',#8374,#12497);
#12497 = DEFINITIONAL_REPRESENTATION('',(#12498),#12502);
#12498 = LINE('',#12499,#12500);
#12499 = CARTESIAN_POINT('',(0.,0.));
#12500 = VECTOR('',#12501,1.);
#12501 = DIRECTION('',(0.,-1.));
#12502 = ( GEOMETRIC_REPRESENTATION_CONTEXT(2) 
PARAMETRIC_REPRESENTATION_CONTEXT() REPRESENTATION_CONTEXT('2D SPACE',''
  ) );
#12503 = PCURVE('',#8316,#12504);
#12504 = DEFINITIONAL_REPRESENTATION('',(#12505),#12509);
#12505 = LINE('',#12506,#12507);
#12506 = CARTESIAN_POINT('',(1.466043443678,0.));
#12507 = VECTOR('',#12508,1.);
#12508 = DIRECTION('',(0.,-1.));
#12509 = ( GEOMETRIC_REPRESENTATION_CONTEXT(2) 
PARAMETRIC_REPRESENTATION_CONTEXT() REPRESENTATION_CONTEXT('2D SPACE',''
  ) );
#12510 = ORIENTED_EDGE('',*,*,#11825,.T.);
#12511 = ORIENTED_EDGE('',*,*,#12463,.F.);
#12512 = ORIENTED_EDGE('',*,*,#8328,.F.);
#12513 = ADVANCED_FACE('',(#12514),#8316,.F.);
#12514 = FACE_BOUND('',#12515,.F.);
#12515 = EDGE_LOOP('',(#12516,#12537,#12538,#12539));
#12516 = ORIENTED_EDGE('',*,*,#12517,.T.);
#12517 = EDGE_CURVE('',#8267,#11774,#12518,.T.);
#12518 = SURFACE_CURVE('',#12519,(#12523,#12530),.PCURVE_S1.);
#12519 = LINE('',#12520,#12521);
#12520 = CARTESIAN_POINT('',(-14.22308970785,8.694811899521,0.));
#12521 = VECTOR('',#12522,1.);
#12522 = DIRECTION('',(0.,0.,1.));
#12523 = PCURVE('',#8316,#12524);
#12524 = DEFINITIONAL_REPRESENTATION('',(#12525),#12529);
#12525 = LINE('',#12526,#12527);
#12526 = CARTESIAN_POINT('',(0.,0.));
#12527 = VECTOR('',#12528,1.);
#12528 = DIRECTION('',(0.,-1.));
#12529 = ( GEOMETRIC_REPRESENTATION_CONTEXT(2) 
PARAMETRIC_REPRESENTATION_CONTEXT() REPRESENTATION_CONTEXT('2D SPACE',''
  ) );
#12530 = PCURVE('',#8283,#12531);
#12531 = DEFINITIONAL_REPRESENTATION('',(#12532),#12536);
#12532 = LINE('',#12533,#12534);
#12533 = CARTESIAN_POINT('',(-2.459926169435E-02,0.));
#12534 = VECTOR('',#12535,1.);
#12535 = DIRECTION('',(0.,-1.));
#12536 = ( GEOMETRIC_REPRESENTATION_CONTEXT(2) 
PARAMETRIC_REPRESENTATION_CONTEXT() REPRESENTATION_CONTEXT('2D SPACE',''
  ) );
#12537 = ORIENTED_EDGE('',*,*,#11797,.T.);
#12538 = ORIENTED_EDGE('',*,*,#12490,.F.);
#12539 = ORIENTED_EDGE('',*,*,#8295,.F.);
#12540 = ADVANCED_FACE('',(#12541),#8283,.T.);
#12541 = FACE_BOUND('',#12542,.F.);
#12542 = EDGE_LOOP('',(#12543,#12564,#12565,#12566));
#12543 = ORIENTED_EDGE('',*,*,#12544,.T.);
#12544 = EDGE_CURVE('',#8234,#11746,#12545,.T.);
#12545 = SURFACE_CURVE('',#12546,(#12550,#12557),.PCURVE_S1.);
#12546 = LINE('',#12547,#12548);
#12547 = CARTESIAN_POINT('',(-14.00492217798,9.042023534275,0.));
#12548 = VECTOR('',#12549,1.);
#12549 = DIRECTION('',(0.,0.,1.));
#12550 = PCURVE('',#8283,#12551);
#12551 = DEFINITIONAL_REPRESENTATION('',(#12552),#12556);
#12552 = LINE('',#12553,#12554);
#12553 = CARTESIAN_POINT('',(0.,0.));
#12554 = VECTOR('',#12555,1.);
#12555 = DIRECTION('',(0.,-1.));
#12556 = ( GEOMETRIC_REPRESENTATION_CONTEXT(2) 
PARAMETRIC_REPRESENTATION_CONTEXT() REPRESENTATION_CONTEXT('2D SPACE',''
  ) );
#12557 = PCURVE('',#8254,#12558);
#12558 = DEFINITIONAL_REPRESENTATION('',(#12559),#12563);
#12559 = LINE('',#12560,#12561);
#12560 = CARTESIAN_POINT('',(1.466043443678,0.));
#12561 = VECTOR('',#12562,1.);
#12562 = DIRECTION('',(0.,-1.));
#12563 = ( GEOMETRIC_REPRESENTATION_CONTEXT(2) 
PARAMETRIC_REPRESENTATION_CONTEXT() REPRESENTATION_CONTEXT('2D SPACE',''
  ) );
#12564 = ORIENTED_EDGE('',*,*,#11773,.T.);
#12565 = ORIENTED_EDGE('',*,*,#12517,.F.);
#12566 = ORIENTED_EDGE('',*,*,#8266,.F.);
#12567 = ADVANCED_FACE('',(#12568),#8254,.F.);
#12568 = FACE_BOUND('',#12569,.F.);
#12569 = EDGE_LOOP('',(#12570,#12591,#12592,#12593));
#12570 = ORIENTED_EDGE('',*,*,#12571,.T.);
#12571 = EDGE_CURVE('',#8159,#11693,#12572,.T.);
#12572 = SURFACE_CURVE('',#12573,(#12577,#12584),.PCURVE_S1.);
#12573 = LINE('',#12574,#12575);
#12574 = CARTESIAN_POINT('',(-14.11134218878,9.70262483352,0.));
#12575 = VECTOR('',#12576,1.);
#12576 = DIRECTION('',(0.,0.,1.));
#12577 = PCURVE('',#8254,#12578);
#12578 = DEFINITIONAL_REPRESENTATION('',(#12579),#12583);
#12579 = LINE('',#12580,#12581);
#12580 = CARTESIAN_POINT('',(0.,0.));
#12581 = VECTOR('',#12582,1.);
#12582 = DIRECTION('',(0.,-1.));
#12583 = ( GEOMETRIC_REPRESENTATION_CONTEXT(2) 
PARAMETRIC_REPRESENTATION_CONTEXT() REPRESENTATION_CONTEXT('2D SPACE',''
  ) );
#12584 = PCURVE('',#8204,#12585);
#12585 = DEFINITIONAL_REPRESENTATION('',(#12586),#12590);
#12586 = LINE('',#12587,#12588);
#12587 = CARTESIAN_POINT('',(2.512473190149,0.));
#12588 = VECTOR('',#12589,1.);
#12589 = DIRECTION('',(0.,-1.));
#12590 = ( GEOMETRIC_REPRESENTATION_CONTEXT(2) 
PARAMETRIC_REPRESENTATION_CONTEXT() REPRESENTATION_CONTEXT('2D SPACE',''
  ) );
#12591 = ORIENTED_EDGE('',*,*,#11745,.T.);
#12592 = ORIENTED_EDGE('',*,*,#12544,.F.);
#12593 = ORIENTED_EDGE('',*,*,#8233,.F.);
#12594 = ADVANCED_FACE('',(#12595),#8204,.F.);
#12595 = FACE_BOUND('',#12596,.F.);
#12596 = EDGE_LOOP('',(#12597,#12618,#12619,#12620));
#12597 = ORIENTED_EDGE('',*,*,#12598,.T.);
#12598 = EDGE_CURVE('',#8130,#11669,#12599,.T.);
#12599 = SURFACE_CURVE('',#12600,(#12604,#12611),.PCURVE_S1.);
#12600 = LINE('',#12601,#12602);
#12601 = CARTESIAN_POINT('',(-15.51351591302,11.764851210971,0.));
#12602 = VECTOR('',#12603,1.);
#12603 = DIRECTION('',(0.,0.,1.));
#12604 = PCURVE('',#8204,#12605);
#12605 = DEFINITIONAL_REPRESENTATION('',(#12606),#12610);
#12606 = LINE('',#12607,#12608);
#12607 = CARTESIAN_POINT('',(0.,0.));
#12608 = VECTOR('',#12609,1.);
#12609 = DIRECTION('',(0.,-1.));
#12610 = ( GEOMETRIC_REPRESENTATION_CONTEXT(2) 
PARAMETRIC_REPRESENTATION_CONTEXT() REPRESENTATION_CONTEXT('2D SPACE',''
  ) );
#12611 = PCURVE('',#8146,#12612);
#12612 = DEFINITIONAL_REPRESENTATION('',(#12613),#12617);
#12613 = LINE('',#12614,#12615);
#12614 = CARTESIAN_POINT('',(-4.873496140224E-02,0.));
#12615 = VECTOR('',#12616,1.);
#12616 = DIRECTION('',(0.,-1.));
#12617 = ( GEOMETRIC_REPRESENTATION_CONTEXT(2) 
PARAMETRIC_REPRESENTATION_CONTEXT() REPRESENTATION_CONTEXT('2D SPACE',''
  ) );
#12618 = ORIENTED_EDGE('',*,*,#11692,.T.);
#12619 = ORIENTED_EDGE('',*,*,#12571,.F.);
#12620 = ORIENTED_EDGE('',*,*,#8158,.F.);
#12621 = ADVANCED_FACE('',(#12622),#8146,.T.);
#12622 = FACE_BOUND('',#12623,.F.);
#12623 = EDGE_LOOP('',(#12624,#12645,#12646,#12647));
#12624 = ORIENTED_EDGE('',*,*,#12625,.T.);
#12625 = EDGE_CURVE('',#8055,#11616,#12626,.T.);
#12626 = SURFACE_CURVE('',#12627,(#12631,#12638),.PCURVE_S1.);
#12627 = LINE('',#12628,#12629);
#12628 = CARTESIAN_POINT('',(-14.92196387815,12.506634000364,0.));
#12629 = VECTOR('',#12630,1.);
#12630 = DIRECTION('',(0.,0.,1.));
#12631 = PCURVE('',#8146,#12632);
#12632 = DEFINITIONAL_REPRESENTATION('',(#12633),#12637);
#12633 = LINE('',#12634,#12635);
#12634 = CARTESIAN_POINT('',(0.,0.));
#12635 = VECTOR('',#12636,1.);
#12636 = DIRECTION('',(0.,-1.));
#12637 = ( GEOMETRIC_REPRESENTATION_CONTEXT(2) 
PARAMETRIC_REPRESENTATION_CONTEXT() REPRESENTATION_CONTEXT('2D SPACE',''
  ) );
#12638 = PCURVE('',#8100,#12639);
#12639 = DEFINITIONAL_REPRESENTATION('',(#12640),#12644);
#12640 = LINE('',#12641,#12642);
#12641 = CARTESIAN_POINT('',(2.512473190149,0.));
#12642 = VECTOR('',#12643,1.);
#12643 = DIRECTION('',(0.,-1.));
#12644 = ( GEOMETRIC_REPRESENTATION_CONTEXT(2) 
PARAMETRIC_REPRESENTATION_CONTEXT() REPRESENTATION_CONTEXT('2D SPACE',''
  ) );
#12645 = ORIENTED_EDGE('',*,*,#11668,.T.);
#12646 = ORIENTED_EDGE('',*,*,#12598,.F.);
#12647 = ORIENTED_EDGE('',*,*,#8129,.F.);
#12648 = ADVANCED_FACE('',(#12649),#8100,.F.);
#12649 = FACE_BOUND('',#12650,.F.);
#12650 = EDGE_LOOP('',(#12651,#12672,#12673,#12674));
#12651 = ORIENTED_EDGE('',*,*,#12652,.T.);
#12652 = EDGE_CURVE('',#8022,#11588,#12653,.T.);
#12653 = SURFACE_CURVE('',#12654,(#12658,#12665),.PCURVE_S1.);
#12654 = LINE('',#12655,#12656);
#12655 = CARTESIAN_POINT('',(-12.59942881485,11.598504238417,0.));
#12656 = VECTOR('',#12657,1.);
#12657 = DIRECTION('',(0.,0.,1.));
#12658 = PCURVE('',#8100,#12659);
#12659 = DEFINITIONAL_REPRESENTATION('',(#12660),#12664);
#12660 = LINE('',#12661,#12662);
#12661 = CARTESIAN_POINT('',(0.,0.));
#12662 = VECTOR('',#12663,1.);
#12663 = DIRECTION('',(0.,-1.));
#12664 = ( GEOMETRIC_REPRESENTATION_CONTEXT(2) 
PARAMETRIC_REPRESENTATION_CONTEXT() REPRESENTATION_CONTEXT('2D SPACE',''
  ) );
#12665 = PCURVE('',#8042,#12666);
#12666 = DEFINITIONAL_REPRESENTATION('',(#12667),#12671);
#12667 = LINE('',#12668,#12669);
#12668 = CARTESIAN_POINT('',(1.466043443678,0.));
#12669 = VECTOR('',#12670,1.);
#12670 = DIRECTION('',(0.,-1.));
#12671 = ( GEOMETRIC_REPRESENTATION_CONTEXT(2) 
PARAMETRIC_REPRESENTATION_CONTEXT() REPRESENTATION_CONTEXT('2D SPACE',''
  ) );
#12672 = ORIENTED_EDGE('',*,*,#11615,.T.);
#12673 = ORIENTED_EDGE('',*,*,#12625,.F.);
#12674 = ORIENTED_EDGE('',*,*,#8054,.F.);
#12675 = ADVANCED_FACE('',(#12676),#8042,.F.);
#12676 = FACE_BOUND('',#12677,.F.);
#12677 = EDGE_LOOP('',(#12678,#12699,#12700,#12701));
#12678 = ORIENTED_EDGE('',*,*,#12679,.T.);
#12679 = EDGE_CURVE('',#7993,#11564,#12680,.T.);
#12680 = SURFACE_CURVE('',#12681,(#12685,#12692),.PCURVE_S1.);
#12681 = LINE('',#12682,#12683);
#12682 = CARTESIAN_POINT('',(-11.9317094892,11.64175001755,0.));
#12683 = VECTOR('',#12684,1.);
#12684 = DIRECTION('',(0.,0.,1.));
#12685 = PCURVE('',#8042,#12686);
#12686 = DEFINITIONAL_REPRESENTATION('',(#12687),#12691);
#12687 = LINE('',#12688,#12689);
#12688 = CARTESIAN_POINT('',(0.,0.));
#12689 = VECTOR('',#12690,1.);
#12690 = DIRECTION('',(0.,-1.));
#12691 = ( GEOMETRIC_REPRESENTATION_CONTEXT(2) 
PARAMETRIC_REPRESENTATION_CONTEXT() REPRESENTATION_CONTEXT('2D SPACE',''
  ) );
#12692 = PCURVE('',#8009,#12693);
#12693 = DEFINITIONAL_REPRESENTATION('',(#12694),#12698);
#12694 = LINE('',#12695,#12696);
#12695 = CARTESIAN_POINT('',(-2.459926169433E-02,0.));
#12696 = VECTOR('',#12697,1.);
#12697 = DIRECTION('',(0.,-1.));
#12698 = ( GEOMETRIC_REPRESENTATION_CONTEXT(2) 
PARAMETRIC_REPRESENTATION_CONTEXT() REPRESENTATION_CONTEXT('2D SPACE',''
  ) );
#12699 = ORIENTED_EDGE('',*,*,#11587,.T.);
#12700 = ORIENTED_EDGE('',*,*,#12652,.F.);
#12701 = ORIENTED_EDGE('',*,*,#8021,.F.);
#12702 = ADVANCED_FACE('',(#12703),#8009,.T.);
#12703 = FACE_BOUND('',#12704,.F.);
#12704 = EDGE_LOOP('',(#12705,#12726,#12727,#12728));
#12705 = ORIENTED_EDGE('',*,*,#12706,.T.);
#12706 = EDGE_CURVE('',#7960,#11536,#12707,.T.);
#12707 = SURFACE_CURVE('',#12708,(#12712,#12719),.PCURVE_S1.);
#12708 = LINE('',#12709,#12710);
#12709 = CARTESIAN_POINT('',(-11.64175001755,11.9317094892,0.));
#12710 = VECTOR('',#12711,1.);
#12711 = DIRECTION('',(0.,0.,1.));
#12712 = PCURVE('',#8009,#12713);
#12713 = DEFINITIONAL_REPRESENTATION('',(#12714),#12718);
#12714 = LINE('',#12715,#12716);
#12715 = CARTESIAN_POINT('',(0.,0.));
#12716 = VECTOR('',#12717,1.);
#12717 = DIRECTION('',(0.,-1.));
#12718 = ( GEOMETRIC_REPRESENTATION_CONTEXT(2) 
PARAMETRIC_REPRESENTATION_CONTEXT() REPRESENTATION_CONTEXT('2D SPACE',''
  ) );
#12719 = PCURVE('',#7980,#12720);
#12720 = DEFINITIONAL_REPRESENTATION('',(#12721),#12725);
#12721 = LINE('',#12722,#12723);
#12722 = CARTESIAN_POINT('',(1.466043443678,0.));
#12723 = VECTOR('',#12724,1.);
#12724 = DIRECTION('',(0.,-1.));
#12725 = ( GEOMETRIC_REPRESENTATION_CONTEXT(2) 
PARAMETRIC_REPRESENTATION_CONTEXT() REPRESENTATION_CONTEXT('2D SPACE',''
  ) );
#12726 = ORIENTED_EDGE('',*,*,#11563,.T.);
#12727 = ORIENTED_EDGE('',*,*,#12679,.F.);
#12728 = ORIENTED_EDGE('',*,*,#7992,.F.);
#12729 = ADVANCED_FACE('',(#12730),#7980,.F.);
#12730 = FACE_BOUND('',#12731,.F.);
#12731 = EDGE_LOOP('',(#12732,#12753,#12754,#12755));
#12732 = ORIENTED_EDGE('',*,*,#12733,.T.);
#12733 = EDGE_CURVE('',#7885,#11483,#12734,.T.);
#12734 = SURFACE_CURVE('',#12735,(#12739,#12746),.PCURVE_S1.);
#12735 = LINE('',#12736,#12737);
#12736 = CARTESIAN_POINT('',(-11.59850423841,12.599428814853,0.));
#12737 = VECTOR('',#12738,1.);
#12738 = DIRECTION('',(0.,0.,1.));
#12739 = PCURVE('',#7980,#12740);
#12740 = DEFINITIONAL_REPRESENTATION('',(#12741),#12745);
#12741 = LINE('',#12742,#12743);
#12742 = CARTESIAN_POINT('',(0.,0.));
#12743 = VECTOR('',#12744,1.);
#12744 = DIRECTION('',(0.,-1.));
#12745 = ( GEOMETRIC_REPRESENTATION_CONTEXT(2) 
PARAMETRIC_REPRESENTATION_CONTEXT() REPRESENTATION_CONTEXT('2D SPACE',''
  ) );
#12746 = PCURVE('',#7930,#12747);
#12747 = DEFINITIONAL_REPRESENTATION('',(#12748),#12752);
#12748 = LINE('',#12749,#12750);
#12749 = CARTESIAN_POINT('',(2.512473190149,0.));
#12750 = VECTOR('',#12751,1.);
#12751 = DIRECTION('',(0.,-1.));
#12752 = ( GEOMETRIC_REPRESENTATION_CONTEXT(2) 
PARAMETRIC_REPRESENTATION_CONTEXT() REPRESENTATION_CONTEXT('2D SPACE',''
  ) );
#12753 = ORIENTED_EDGE('',*,*,#11535,.T.);
#12754 = ORIENTED_EDGE('',*,*,#12706,.F.);
#12755 = ORIENTED_EDGE('',*,*,#7959,.F.);
#12756 = ADVANCED_FACE('',(#12757),#7930,.F.);
#12757 = FACE_BOUND('',#12758,.F.);
#12758 = EDGE_LOOP('',(#12759,#12780,#12781,#12782));
#12759 = ORIENTED_EDGE('',*,*,#12760,.T.);
#12760 = EDGE_CURVE('',#7856,#11459,#12761,.T.);
#12761 = SURFACE_CURVE('',#12762,(#12766,#12773),.PCURVE_S1.);
#12762 = LINE('',#12763,#12764);
#12763 = CARTESIAN_POINT('',(-12.50663400036,14.921963878154,0.));
#12764 = VECTOR('',#12765,1.);
#12765 = DIRECTION('',(0.,0.,1.));
#12766 = PCURVE('',#7930,#12767);
#12767 = DEFINITIONAL_REPRESENTATION('',(#12768),#12772);
#12768 = LINE('',#12769,#12770);
#12769 = CARTESIAN_POINT('',(0.,0.));
#12770 = VECTOR('',#12771,1.);
#12771 = DIRECTION('',(0.,-1.));
#12772 = ( GEOMETRIC_REPRESENTATION_CONTEXT(2) 
PARAMETRIC_REPRESENTATION_CONTEXT() REPRESENTATION_CONTEXT('2D SPACE',''
  ) );
#12773 = PCURVE('',#7872,#12774);
#12774 = DEFINITIONAL_REPRESENTATION('',(#12775),#12779);
#12775 = LINE('',#12776,#12777);
#12776 = CARTESIAN_POINT('',(-4.873496140229E-02,0.));
#12777 = VECTOR('',#12778,1.);
#12778 = DIRECTION('',(0.,-1.));
#12779 = ( GEOMETRIC_REPRESENTATION_CONTEXT(2) 
PARAMETRIC_REPRESENTATION_CONTEXT() REPRESENTATION_CONTEXT('2D SPACE',''
  ) );
#12780 = ORIENTED_EDGE('',*,*,#11482,.T.);
#12781 = ORIENTED_EDGE('',*,*,#12733,.F.);
#12782 = ORIENTED_EDGE('',*,*,#7884,.F.);
#12783 = ADVANCED_FACE('',(#12784),#7872,.T.);
#12784 = FACE_BOUND('',#12785,.F.);
#12785 = EDGE_LOOP('',(#12786,#12807,#12808,#12809));
#12786 = ORIENTED_EDGE('',*,*,#12787,.T.);
#12787 = EDGE_CURVE('',#7781,#11406,#12788,.T.);
#12788 = SURFACE_CURVE('',#12789,(#12793,#12800),.PCURVE_S1.);
#12789 = LINE('',#12790,#12791);
#12790 = CARTESIAN_POINT('',(-11.76485121097,15.513515913026,0.));
#12791 = VECTOR('',#12792,1.);
#12792 = DIRECTION('',(0.,0.,1.));
#12793 = PCURVE('',#7872,#12794);
#12794 = DEFINITIONAL_REPRESENTATION('',(#12795),#12799);
#12795 = LINE('',#12796,#12797);
#12796 = CARTESIAN_POINT('',(0.,0.));
#12797 = VECTOR('',#12798,1.);
#12798 = DIRECTION('',(0.,-1.));
#12799 = ( GEOMETRIC_REPRESENTATION_CONTEXT(2) 
PARAMETRIC_REPRESENTATION_CONTEXT() REPRESENTATION_CONTEXT('2D SPACE',''
  ) );
#12800 = PCURVE('',#7826,#12801);
#12801 = DEFINITIONAL_REPRESENTATION('',(#12802),#12806);
#12802 = LINE('',#12803,#12804);
#12803 = CARTESIAN_POINT('',(2.512473190149,0.));
#12804 = VECTOR('',#12805,1.);
#12805 = DIRECTION('',(0.,-1.));
#12806 = ( GEOMETRIC_REPRESENTATION_CONTEXT(2) 
PARAMETRIC_REPRESENTATION_CONTEXT() REPRESENTATION_CONTEXT('2D SPACE',''
  ) );
#12807 = ORIENTED_EDGE('',*,*,#11458,.T.);
#12808 = ORIENTED_EDGE('',*,*,#12760,.F.);
#12809 = ORIENTED_EDGE('',*,*,#7855,.F.);
#12810 = ADVANCED_FACE('',(#12811),#7826,.F.);
#12811 = FACE_BOUND('',#12812,.F.);
#12812 = EDGE_LOOP('',(#12813,#12834,#12835,#12836));
#12813 = ORIENTED_EDGE('',*,*,#12814,.T.);
#12814 = EDGE_CURVE('',#7748,#11378,#12815,.T.);
#12815 = SURFACE_CURVE('',#12816,(#12820,#12827),.PCURVE_S1.);
#12816 = LINE('',#12817,#12818);
#12817 = CARTESIAN_POINT('',(-9.70262483352,14.111342188789,0.));
#12818 = VECTOR('',#12819,1.);
#12819 = DIRECTION('',(0.,0.,1.));
#12820 = PCURVE('',#7826,#12821);
#12821 = DEFINITIONAL_REPRESENTATION('',(#12822),#12826);
#12822 = LINE('',#12823,#12824);
#12823 = CARTESIAN_POINT('',(0.,0.));
#12824 = VECTOR('',#12825,1.);
#12825 = DIRECTION('',(0.,-1.));
#12826 = ( GEOMETRIC_REPRESENTATION_CONTEXT(2) 
PARAMETRIC_REPRESENTATION_CONTEXT() REPRESENTATION_CONTEXT('2D SPACE',''
  ) );
#12827 = PCURVE('',#7768,#12828);
#12828 = DEFINITIONAL_REPRESENTATION('',(#12829),#12833);
#12829 = LINE('',#12830,#12831);
#12830 = CARTESIAN_POINT('',(1.466043443678,0.));
#12831 = VECTOR('',#12832,1.);
#12832 = DIRECTION('',(0.,-1.));
#12833 = ( GEOMETRIC_REPRESENTATION_CONTEXT(2) 
PARAMETRIC_REPRESENTATION_CONTEXT() REPRESENTATION_CONTEXT('2D SPACE',''
  ) );
#12834 = ORIENTED_EDGE('',*,*,#11405,.T.);
#12835 = ORIENTED_EDGE('',*,*,#12787,.F.);
#12836 = ORIENTED_EDGE('',*,*,#7780,.F.);
#12837 = ADVANCED_FACE('',(#12838),#7768,.F.);
#12838 = FACE_BOUND('',#12839,.F.);
#12839 = EDGE_LOOP('',(#12840,#12861,#12862,#12863));
#12840 = ORIENTED_EDGE('',*,*,#12841,.T.);
#12841 = EDGE_CURVE('',#7719,#11354,#12842,.T.);
#12842 = SURFACE_CURVE('',#12843,(#12847,#12854),.PCURVE_S1.);
#12843 = LINE('',#12844,#12845);
#12844 = CARTESIAN_POINT('',(-9.042023534275,14.004922177985,0.));
#12845 = VECTOR('',#12846,1.);
#12846 = DIRECTION('',(0.,0.,1.));
#12847 = PCURVE('',#7768,#12848);
#12848 = DEFINITIONAL_REPRESENTATION('',(#12849),#12853);
#12849 = LINE('',#12850,#12851);
#12850 = CARTESIAN_POINT('',(0.,0.));
#12851 = VECTOR('',#12852,1.);
#12852 = DIRECTION('',(0.,-1.));
#12853 = ( GEOMETRIC_REPRESENTATION_CONTEXT(2) 
PARAMETRIC_REPRESENTATION_CONTEXT() REPRESENTATION_CONTEXT('2D SPACE',''
  ) );
#12854 = PCURVE('',#7735,#12855);
#12855 = DEFINITIONAL_REPRESENTATION('',(#12856),#12860);
#12856 = LINE('',#12857,#12858);
#12857 = CARTESIAN_POINT('',(-2.459926169436E-02,0.));
#12858 = VECTOR('',#12859,1.);
#12859 = DIRECTION('',(0.,-1.));
#12860 = ( GEOMETRIC_REPRESENTATION_CONTEXT(2) 
PARAMETRIC_REPRESENTATION_CONTEXT() REPRESENTATION_CONTEXT('2D SPACE',''
  ) );
#12861 = ORIENTED_EDGE('',*,*,#11377,.T.);
#12862 = ORIENTED_EDGE('',*,*,#12814,.F.);
#12863 = ORIENTED_EDGE('',*,*,#7747,.F.);
#12864 = ADVANCED_FACE('',(#12865),#7735,.T.);
#12865 = FACE_BOUND('',#12866,.F.);
#12866 = EDGE_LOOP('',(#12867,#12888,#12889,#12890));
#12867 = ORIENTED_EDGE('',*,*,#12868,.T.);
#12868 = EDGE_CURVE('',#7686,#11326,#12869,.T.);
#12869 = SURFACE_CURVE('',#12870,(#12874,#12881),.PCURVE_S1.);
#12870 = LINE('',#12871,#12872);
#12871 = CARTESIAN_POINT('',(-8.694811899521,14.223089707857,0.));
#12872 = VECTOR('',#12873,1.);
#12873 = DIRECTION('',(0.,0.,1.));
#12874 = PCURVE('',#7735,#12875);
#12875 = DEFINITIONAL_REPRESENTATION('',(#12876),#12880);
#12876 = LINE('',#12877,#12878);
#12877 = CARTESIAN_POINT('',(0.,0.));
#12878 = VECTOR('',#12879,1.);
#12879 = DIRECTION('',(0.,-1.));
#12880 = ( GEOMETRIC_REPRESENTATION_CONTEXT(2) 
PARAMETRIC_REPRESENTATION_CONTEXT() REPRESENTATION_CONTEXT('2D SPACE',''
  ) );
#12881 = PCURVE('',#7706,#12882);
#12882 = DEFINITIONAL_REPRESENTATION('',(#12883),#12887);
#12883 = LINE('',#12884,#12885);
#12884 = CARTESIAN_POINT('',(1.466043443678,0.));
#12885 = VECTOR('',#12886,1.);
#12886 = DIRECTION('',(0.,-1.));
#12887 = ( GEOMETRIC_REPRESENTATION_CONTEXT(2) 
PARAMETRIC_REPRESENTATION_CONTEXT() REPRESENTATION_CONTEXT('2D SPACE',''
  ) );
#12888 = ORIENTED_EDGE('',*,*,#11353,.T.);
#12889 = ORIENTED_EDGE('',*,*,#12841,.F.);
#12890 = ORIENTED_EDGE('',*,*,#7718,.F.);
#12891 = ADVANCED_FACE('',(#12892),#7706,.F.);
#12892 = FACE_BOUND('',#12893,.F.);
#12893 = EDGE_LOOP('',(#12894,#12915,#12916,#12917));
#12894 = ORIENTED_EDGE('',*,*,#12895,.T.);
#12895 = EDGE_CURVE('',#7611,#11273,#12896,.T.);
#12896 = SURFACE_CURVE('',#12897,(#12901,#12908),.PCURVE_S1.);
#12897 = LINE('',#12898,#12899);
#12898 = CARTESIAN_POINT('',(-8.504068854395,14.864444824777,0.));
#12899 = VECTOR('',#12900,1.);
#12900 = DIRECTION('',(0.,0.,1.));
#12901 = PCURVE('',#7706,#12902);
#12902 = DEFINITIONAL_REPRESENTATION('',(#12903),#12907);
#12903 = LINE('',#12904,#12905);
#12904 = CARTESIAN_POINT('',(0.,0.));
#12905 = VECTOR('',#12906,1.);
#12906 = DIRECTION('',(0.,-1.));
#12907 = ( GEOMETRIC_REPRESENTATION_CONTEXT(2) 
PARAMETRIC_REPRESENTATION_CONTEXT() REPRESENTATION_CONTEXT('2D SPACE',''
  ) );
#12908 = PCURVE('',#7656,#12909);
#12909 = DEFINITIONAL_REPRESENTATION('',(#12910),#12914);
#12910 = LINE('',#12911,#12912);
#12911 = CARTESIAN_POINT('',(2.512473190149,0.));
#12912 = VECTOR('',#12913,1.);
#12913 = DIRECTION('',(0.,-1.));
#12914 = ( GEOMETRIC_REPRESENTATION_CONTEXT(2) 
PARAMETRIC_REPRESENTATION_CONTEXT() REPRESENTATION_CONTEXT('2D SPACE',''
  ) );
#12915 = ORIENTED_EDGE('',*,*,#11325,.T.);
#12916 = ORIENTED_EDGE('',*,*,#12868,.F.);
#12917 = ORIENTED_EDGE('',*,*,#7685,.F.);
#12918 = ADVANCED_FACE('',(#12919),#7656,.F.);
#12919 = FACE_BOUND('',#12920,.F.);
#12920 = EDGE_LOOP('',(#12921,#12942,#12943,#12944));
#12921 = ORIENTED_EDGE('',*,*,#12922,.T.);
#12922 = EDGE_CURVE('',#7582,#11249,#12923,.T.);
#12923 = SURFACE_CURVE('',#12924,(#12928,#12935),.PCURVE_S1.);
#12924 = LINE('',#12925,#12926);
#12925 = CARTESIAN_POINT('',(-8.872617235768,17.330826967792,0.));
#12926 = VECTOR('',#12927,1.);
#12927 = DIRECTION('',(0.,0.,1.));
#12928 = PCURVE('',#7656,#12929);
#12929 = DEFINITIONAL_REPRESENTATION('',(#12930),#12934);
#12930 = LINE('',#12931,#12932);
#12931 = CARTESIAN_POINT('',(0.,0.));
#12932 = VECTOR('',#12933,1.);
#12933 = DIRECTION('',(0.,-1.));
#12934 = ( GEOMETRIC_REPRESENTATION_CONTEXT(2) 
PARAMETRIC_REPRESENTATION_CONTEXT() REPRESENTATION_CONTEXT('2D SPACE',''
  ) );
#12935 = PCURVE('',#7598,#12936);
#12936 = DEFINITIONAL_REPRESENTATION('',(#12937),#12941);
#12937 = LINE('',#12938,#12939);
#12938 = CARTESIAN_POINT('',(-4.873496140225E-02,0.));
#12939 = VECTOR('',#12940,1.);
#12940 = DIRECTION('',(0.,-1.));
#12941 = ( GEOMETRIC_REPRESENTATION_CONTEXT(2) 
PARAMETRIC_REPRESENTATION_CONTEXT() REPRESENTATION_CONTEXT('2D SPACE',''
  ) );
#12942 = ORIENTED_EDGE('',*,*,#11272,.T.);
#12943 = ORIENTED_EDGE('',*,*,#12895,.F.);
#12944 = ORIENTED_EDGE('',*,*,#7610,.F.);
#12945 = ADVANCED_FACE('',(#12946),#7598,.T.);
#12946 = FACE_BOUND('',#12947,.F.);
#12947 = EDGE_LOOP('',(#12948,#12969,#12970,#12971));
#12948 = ORIENTED_EDGE('',*,*,#12949,.T.);
#12949 = EDGE_CURVE('',#7507,#11196,#12950,.T.);
#12950 = SURFACE_CURVE('',#12951,(#12955,#12962),.PCURVE_S1.);
#12951 = LINE('',#12952,#12953);
#12952 = CARTESIAN_POINT('',(-8.017799778329,17.742485359009,0.));
#12953 = VECTOR('',#12954,1.);
#12954 = DIRECTION('',(0.,0.,1.));
#12955 = PCURVE('',#7598,#12956);
#12956 = DEFINITIONAL_REPRESENTATION('',(#12957),#12961);
#12957 = LINE('',#12958,#12959);
#12958 = CARTESIAN_POINT('',(0.,0.));
#12959 = VECTOR('',#12960,1.);
#12960 = DIRECTION('',(0.,-1.));
#12961 = ( GEOMETRIC_REPRESENTATION_CONTEXT(2) 
PARAMETRIC_REPRESENTATION_CONTEXT() REPRESENTATION_CONTEXT('2D SPACE',''
  ) );
#12962 = PCURVE('',#7552,#12963);
#12963 = DEFINITIONAL_REPRESENTATION('',(#12964),#12968);
#12964 = LINE('',#12965,#12966);
#12965 = CARTESIAN_POINT('',(2.512473190149,0.));
#12966 = VECTOR('',#12967,1.);
#12967 = DIRECTION('',(0.,-1.));
#12968 = ( GEOMETRIC_REPRESENTATION_CONTEXT(2) 
PARAMETRIC_REPRESENTATION_CONTEXT() REPRESENTATION_CONTEXT('2D SPACE',''
  ) );
#12969 = ORIENTED_EDGE('',*,*,#11248,.T.);
#12970 = ORIENTED_EDGE('',*,*,#12922,.F.);
#12971 = ORIENTED_EDGE('',*,*,#7581,.F.);
#12972 = ADVANCED_FACE('',(#12973),#7552,.F.);
#12973 = FACE_BOUND('',#12974,.F.);
#12974 = EDGE_LOOP('',(#12975,#12996,#12997,#12998));
#12975 = ORIENTED_EDGE('',*,*,#12976,.T.);
#12976 = EDGE_CURVE('',#7474,#11168,#12977,.T.);
#12977 = SURFACE_CURVE('',#12978,(#12982,#12989),.PCURVE_S1.);
#12978 = LINE('',#12979,#12980);
#12979 = CARTESIAN_POINT('',(-6.3192907284,15.916578517982,0.));
#12980 = VECTOR('',#12981,1.);
#12981 = DIRECTION('',(0.,0.,1.));
#12982 = PCURVE('',#7552,#12983);
#12983 = DEFINITIONAL_REPRESENTATION('',(#12984),#12988);
#12984 = LINE('',#12985,#12986);
#12985 = CARTESIAN_POINT('',(0.,0.));
#12986 = VECTOR('',#12987,1.);
#12987 = DIRECTION('',(0.,-1.));
#12988 = ( GEOMETRIC_REPRESENTATION_CONTEXT(2) 
PARAMETRIC_REPRESENTATION_CONTEXT() REPRESENTATION_CONTEXT('2D SPACE',''
  ) );
#12989 = PCURVE('',#7494,#12990);
#12990 = DEFINITIONAL_REPRESENTATION('',(#12991),#12995);
#12991 = LINE('',#12992,#12993);
#12992 = CARTESIAN_POINT('',(1.466043443678,0.));
#12993 = VECTOR('',#12994,1.);
#12994 = DIRECTION('',(0.,-1.));
#12995 = ( GEOMETRIC_REPRESENTATION_CONTEXT(2) 
PARAMETRIC_REPRESENTATION_CONTEXT() REPRESENTATION_CONTEXT('2D SPACE',''
  ) );
#12996 = ORIENTED_EDGE('',*,*,#11195,.T.);
#12997 = ORIENTED_EDGE('',*,*,#12949,.F.);
#12998 = ORIENTED_EDGE('',*,*,#7506,.F.);
#12999 = ADVANCED_FACE('',(#13000),#7494,.F.);
#13000 = FACE_BOUND('',#13001,.F.);
#13001 = EDGE_LOOP('',(#13002,#13023,#13024,#13025));
#13002 = ORIENTED_EDGE('',*,*,#13003,.T.);
#13003 = EDGE_CURVE('',#7445,#11144,#13004,.T.);
#13004 = SURFACE_CURVE('',#13005,(#13009,#13016),.PCURVE_S1.);
#13005 = LINE('',#13006,#13007);
#13006 = CARTESIAN_POINT('',(-5.698932763138,15.665829060954,0.));
#13007 = VECTOR('',#13008,1.);
#13008 = DIRECTION('',(0.,0.,1.));
#13009 = PCURVE('',#7494,#13010);
#13010 = DEFINITIONAL_REPRESENTATION('',(#13011),#13015);
#13011 = LINE('',#13012,#13013);
#13012 = CARTESIAN_POINT('',(0.,0.));
#13013 = VECTOR('',#13014,1.);
#13014 = DIRECTION('',(0.,-1.));
#13015 = ( GEOMETRIC_REPRESENTATION_CONTEXT(2) 
PARAMETRIC_REPRESENTATION_CONTEXT() REPRESENTATION_CONTEXT('2D SPACE',''
  ) );
#13016 = PCURVE('',#7461,#13017);
#13017 = DEFINITIONAL_REPRESENTATION('',(#13018),#13022);
#13018 = LINE('',#13019,#13020);
#13019 = CARTESIAN_POINT('',(-2.459926169436E-02,0.));
#13020 = VECTOR('',#13021,1.);
#13021 = DIRECTION('',(0.,-1.));
#13022 = ( GEOMETRIC_REPRESENTATION_CONTEXT(2) 
PARAMETRIC_REPRESENTATION_CONTEXT() REPRESENTATION_CONTEXT('2D SPACE',''
  ) );
#13023 = ORIENTED_EDGE('',*,*,#11167,.T.);
#13024 = ORIENTED_EDGE('',*,*,#12976,.F.);
#13025 = ORIENTED_EDGE('',*,*,#7473,.F.);
#13026 = ADVANCED_FACE('',(#13027),#7461,.T.);
#13027 = FACE_BOUND('',#13028,.F.);
#13028 = EDGE_LOOP('',(#13029,#13050,#13051,#13052));
#13029 = ORIENTED_EDGE('',*,*,#13030,.T.);
#13030 = EDGE_CURVE('',#7412,#11116,#13031,.T.);
#13031 = SURFACE_CURVE('',#13032,(#13036,#13043),.PCURVE_S1.);
#13032 = LINE('',#13033,#13034);
#13033 = CARTESIAN_POINT('',(-5.311879606477,15.801264818112,0.));
#13034 = VECTOR('',#13035,1.);
#13035 = DIRECTION('',(0.,0.,1.));
#13036 = PCURVE('',#7461,#13037);
#13037 = DEFINITIONAL_REPRESENTATION('',(#13038),#13042);
#13038 = LINE('',#13039,#13040);
#13039 = CARTESIAN_POINT('',(0.,0.));
#13040 = VECTOR('',#13041,1.);
#13041 = DIRECTION('',(0.,-1.));
#13042 = ( GEOMETRIC_REPRESENTATION_CONTEXT(2) 
PARAMETRIC_REPRESENTATION_CONTEXT() REPRESENTATION_CONTEXT('2D SPACE',''
  ) );
#13043 = PCURVE('',#7432,#13044);
#13044 = DEFINITIONAL_REPRESENTATION('',(#13045),#13049);
#13045 = LINE('',#13046,#13047);
#13046 = CARTESIAN_POINT('',(1.466043443678,0.));
#13047 = VECTOR('',#13048,1.);
#13048 = DIRECTION('',(0.,-1.));
#13049 = ( GEOMETRIC_REPRESENTATION_CONTEXT(2) 
PARAMETRIC_REPRESENTATION_CONTEXT() REPRESENTATION_CONTEXT('2D SPACE',''
  ) );
#13050 = ORIENTED_EDGE('',*,*,#11143,.T.);
#13051 = ORIENTED_EDGE('',*,*,#13003,.F.);
#13052 = ORIENTED_EDGE('',*,*,#7444,.F.);
#13053 = ADVANCED_FACE('',(#13054),#7432,.F.);
#13054 = FACE_BOUND('',#13055,.F.);
#13055 = EDGE_LOOP('',(#13056,#13077,#13078,#13079));
#13056 = ORIENTED_EDGE('',*,*,#13057,.T.);
#13057 = EDGE_CURVE('',#7337,#11063,#13058,.T.);
#13058 = SURFACE_CURVE('',#13059,(#13063,#13070),.PCURVE_S1.);
#13059 = LINE('',#13060,#13061);
#13060 = CARTESIAN_POINT('',(-4.983203948114,16.384095502671,0.));
#13061 = VECTOR('',#13062,1.);
#13062 = DIRECTION('',(0.,0.,1.));
#13063 = PCURVE('',#7432,#13064);
#13064 = DEFINITIONAL_REPRESENTATION('',(#13065),#13069);
#13065 = LINE('',#13066,#13067);
#13066 = CARTESIAN_POINT('',(0.,0.));
#13067 = VECTOR('',#13068,1.);
#13068 = DIRECTION('',(0.,-1.));
#13069 = ( GEOMETRIC_REPRESENTATION_CONTEXT(2) 
PARAMETRIC_REPRESENTATION_CONTEXT() REPRESENTATION_CONTEXT('2D SPACE',''
  ) );
#13070 = PCURVE('',#7382,#13071);
#13071 = DEFINITIONAL_REPRESENTATION('',(#13072),#13076);
#13072 = LINE('',#13073,#13074);
#13073 = CARTESIAN_POINT('',(2.512473190149,0.));
#13074 = VECTOR('',#13075,1.);
#13075 = DIRECTION('',(0.,-1.));
#13076 = ( GEOMETRIC_REPRESENTATION_CONTEXT(2) 
PARAMETRIC_REPRESENTATION_CONTEXT() REPRESENTATION_CONTEXT('2D SPACE',''
  ) );
#13077 = ORIENTED_EDGE('',*,*,#11115,.T.);
#13078 = ORIENTED_EDGE('',*,*,#13030,.F.);
#13079 = ORIENTED_EDGE('',*,*,#7411,.F.);
#13080 = ADVANCED_FACE('',(#13081),#7382,.F.);
#13081 = FACE_BOUND('',#13082,.F.);
#13082 = EDGE_LOOP('',(#13083,#13104,#13105,#13106));
#13083 = ORIENTED_EDGE('',*,*,#13084,.T.);
#13084 = EDGE_CURVE('',#7308,#11039,#13085,.T.);
#13085 = SURFACE_CURVE('',#13086,(#13090,#13097),.PCURVE_S1.);
#13086 = LINE('',#13087,#13088);
#13087 = CARTESIAN_POINT('',(-4.793690394147,18.870650026034,0.));
#13088 = VECTOR('',#13089,1.);
#13089 = DIRECTION('',(0.,0.,1.));
#13090 = PCURVE('',#7382,#13091);
#13091 = DEFINITIONAL_REPRESENTATION('',(#13092),#13096);
#13092 = LINE('',#13093,#13094);
#13093 = CARTESIAN_POINT('',(0.,0.));
#13094 = VECTOR('',#13095,1.);
#13095 = DIRECTION('',(0.,-1.));
#13096 = ( GEOMETRIC_REPRESENTATION_CONTEXT(2) 
PARAMETRIC_REPRESENTATION_CONTEXT() REPRESENTATION_CONTEXT('2D SPACE',''
  ) );
#13097 = PCURVE('',#7324,#13098);
#13098 = DEFINITIONAL_REPRESENTATION('',(#13099),#13103);
#13099 = LINE('',#13100,#13101);
#13100 = CARTESIAN_POINT('',(-4.873496140226E-02,0.));
#13101 = VECTOR('',#13102,1.);
#13102 = DIRECTION('',(0.,-1.));
#13103 = ( GEOMETRIC_REPRESENTATION_CONTEXT(2) 
PARAMETRIC_REPRESENTATION_CONTEXT() REPRESENTATION_CONTEXT('2D SPACE',''
  ) );
#13104 = ORIENTED_EDGE('',*,*,#11062,.T.);
#13105 = ORIENTED_EDGE('',*,*,#13057,.F.);
#13106 = ORIENTED_EDGE('',*,*,#7336,.F.);
#13107 = ADVANCED_FACE('',(#13108),#7324,.T.);
#13108 = FACE_BOUND('',#13109,.F.);
#13109 = EDGE_LOOP('',(#13110,#13131,#13132,#13133));
#13110 = ORIENTED_EDGE('',*,*,#13111,.T.);
#13111 = EDGE_CURVE('',#7233,#10986,#13112,.T.);
#13112 = SURFACE_CURVE('',#13113,(#13117,#13124),.PCURVE_S1.);
#13113 = LINE('',#13114,#13115);
#13114 = CARTESIAN_POINT('',(-3.868702385385,19.081772502923,0.));
#13115 = VECTOR('',#13116,1.);
#13116 = DIRECTION('',(0.,0.,1.));
#13117 = PCURVE('',#7324,#13118);
#13118 = DEFINITIONAL_REPRESENTATION('',(#13119),#13123);
#13119 = LINE('',#13120,#13121);
#13120 = CARTESIAN_POINT('',(0.,0.));
#13121 = VECTOR('',#13122,1.);
#13122 = DIRECTION('',(0.,-1.));
#13123 = ( GEOMETRIC_REPRESENTATION_CONTEXT(2) 
PARAMETRIC_REPRESENTATION_CONTEXT() REPRESENTATION_CONTEXT('2D SPACE',''
  ) );
#13124 = PCURVE('',#7278,#13125);
#13125 = DEFINITIONAL_REPRESENTATION('',(#13126),#13130);
#13126 = LINE('',#13127,#13128);
#13127 = CARTESIAN_POINT('',(2.512473190149,0.));
#13128 = VECTOR('',#13129,1.);
#13129 = DIRECTION('',(0.,-1.));
#13130 = ( GEOMETRIC_REPRESENTATION_CONTEXT(2) 
PARAMETRIC_REPRESENTATION_CONTEXT() REPRESENTATION_CONTEXT('2D SPACE',''
  ) );
#13131 = ORIENTED_EDGE('',*,*,#11038,.T.);
#13132 = ORIENTED_EDGE('',*,*,#13084,.F.);
#13133 = ORIENTED_EDGE('',*,*,#7307,.F.);
#13134 = ADVANCED_FACE('',(#13135),#7278,.F.);
#13135 = FACE_BOUND('',#13136,.F.);
#13136 = EDGE_LOOP('',(#13137,#13158,#13159,#13160));
#13137 = ORIENTED_EDGE('',*,*,#13138,.T.);
#13138 = EDGE_CURVE('',#7200,#10958,#13139,.T.);
#13139 = SURFACE_CURVE('',#13140,(#13144,#13151),.PCURVE_S1.);
#13140 = LINE('',#13141,#13142);
#13141 = CARTESIAN_POINT('',(-2.619080999099,16.92369113844,0.));
#13142 = VECTOR('',#13143,1.);
#13143 = DIRECTION('',(0.,0.,1.));
#13144 = PCURVE('',#7278,#13145);
#13145 = DEFINITIONAL_REPRESENTATION('',(#13146),#13150);
#13146 = LINE('',#13147,#13148);
#13147 = CARTESIAN_POINT('',(0.,0.));
#13148 = VECTOR('',#13149,1.);
#13149 = DIRECTION('',(0.,-1.));
#13150 = ( GEOMETRIC_REPRESENTATION_CONTEXT(2) 
PARAMETRIC_REPRESENTATION_CONTEXT() REPRESENTATION_CONTEXT('2D SPACE',''
  ) );
#13151 = PCURVE('',#7220,#13152);
#13152 = DEFINITIONAL_REPRESENTATION('',(#13153),#13157);
#13153 = LINE('',#13154,#13155);
#13154 = CARTESIAN_POINT('',(1.466043443678,0.));
#13155 = VECTOR('',#13156,1.);
#13156 = DIRECTION('',(0.,-1.));
#13157 = ( GEOMETRIC_REPRESENTATION_CONTEXT(2) 
PARAMETRIC_REPRESENTATION_CONTEXT() REPRESENTATION_CONTEXT('2D SPACE',''
  ) );
#13158 = ORIENTED_EDGE('',*,*,#10985,.T.);
#13159 = ORIENTED_EDGE('',*,*,#13111,.F.);
#13160 = ORIENTED_EDGE('',*,*,#7232,.F.);
#13161 = ADVANCED_FACE('',(#13162),#7220,.F.);
#13162 = FACE_BOUND('',#13163,.F.);
#13163 = EDGE_LOOP('',(#13164,#13185,#13186,#13187));
#13164 = ORIENTED_EDGE('',*,*,#13165,.T.);
#13165 = EDGE_CURVE('',#7171,#10934,#13166,.T.);
#13166 = SURFACE_CURVE('',#13167,(#13171,#13178),.PCURVE_S1.);
#13167 = LINE('',#13168,#13169);
#13168 = CARTESIAN_POINT('',(-2.070073706588,16.541185860001,0.));
#13169 = VECTOR('',#13170,1.);
#13170 = DIRECTION('',(0.,0.,1.));
#13171 = PCURVE('',#7220,#13172);
#13172 = DEFINITIONAL_REPRESENTATION('',(#13173),#13177);
#13173 = LINE('',#13174,#13175);
#13174 = CARTESIAN_POINT('',(0.,0.));
#13175 = VECTOR('',#13176,1.);
#13176 = DIRECTION('',(0.,-1.));
#13177 = ( GEOMETRIC_REPRESENTATION_CONTEXT(2) 
PARAMETRIC_REPRESENTATION_CONTEXT() REPRESENTATION_CONTEXT('2D SPACE',''
  ) );
#13178 = PCURVE('',#7187,#13179);
#13179 = DEFINITIONAL_REPRESENTATION('',(#13180),#13184);
#13180 = LINE('',#13181,#13182);
#13181 = CARTESIAN_POINT('',(-2.459926169436E-02,0.));
#13182 = VECTOR('',#13183,1.);
#13183 = DIRECTION('',(0.,-1.));
#13184 = ( GEOMETRIC_REPRESENTATION_CONTEXT(2) 
PARAMETRIC_REPRESENTATION_CONTEXT() REPRESENTATION_CONTEXT('2D SPACE',''
  ) );
#13185 = ORIENTED_EDGE('',*,*,#10957,.T.);
#13186 = ORIENTED_EDGE('',*,*,#13138,.F.);
#13187 = ORIENTED_EDGE('',*,*,#7199,.F.);
#13188 = ADVANCED_FACE('',(#13189),#7187,.T.);
#13189 = FACE_BOUND('',#13190,.F.);
#13190 = EDGE_LOOP('',(#13191,#13212,#13213,#13214));
#13191 = ORIENTED_EDGE('',*,*,#13192,.T.);
#13192 = EDGE_CURVE('',#7138,#10906,#13193,.T.);
#13193 = SURFACE_CURVE('',#13194,(#13198,#13205),.PCURVE_S1.);
#13194 = LINE('',#13195,#13196);
#13195 = CARTESIAN_POINT('',(-1.662587489486,16.58709853005,0.));
#13196 = VECTOR('',#13197,1.);
#13197 = DIRECTION('',(0.,0.,1.));
#13198 = PCURVE('',#7187,#13199);
#13199 = DEFINITIONAL_REPRESENTATION('',(#13200),#13204);
#13200 = LINE('',#13201,#13202);
#13201 = CARTESIAN_POINT('',(0.,0.));
#13202 = VECTOR('',#13203,1.);
#13203 = DIRECTION('',(0.,-1.));
#13204 = ( GEOMETRIC_REPRESENTATION_CONTEXT(2) 
PARAMETRIC_REPRESENTATION_CONTEXT() REPRESENTATION_CONTEXT('2D SPACE',''
  ) );
#13205 = PCURVE('',#7158,#13206);
#13206 = DEFINITIONAL_REPRESENTATION('',(#13207),#13211);
#13207 = LINE('',#13208,#13209);
#13208 = CARTESIAN_POINT('',(1.466043443678,0.));
#13209 = VECTOR('',#13210,1.);
#13210 = DIRECTION('',(0.,-1.));
#13211 = ( GEOMETRIC_REPRESENTATION_CONTEXT(2) 
PARAMETRIC_REPRESENTATION_CONTEXT() REPRESENTATION_CONTEXT('2D SPACE',''
  ) );
#13212 = ORIENTED_EDGE('',*,*,#10933,.T.);
#13213 = ORIENTED_EDGE('',*,*,#13165,.F.);
#13214 = ORIENTED_EDGE('',*,*,#7170,.F.);
#13215 = ADVANCED_FACE('',(#13216),#7158,.F.);
#13216 = FACE_BOUND('',#13217,.F.);
#13217 = EDGE_LOOP('',(#13218,#13239,#13240,#13241));
#13218 = ORIENTED_EDGE('',*,*,#13219,.T.);
#13219 = EDGE_CURVE('',#7063,#10853,#13220,.T.);
#13220 = SURFACE_CURVE('',#13221,(#13225,#13232),.PCURVE_S1.);
#13221 = LINE('',#13222,#13223);
#13222 = CARTESIAN_POINT('',(-1.212460387827,17.082179218036,0.));
#13223 = VECTOR('',#13224,1.);
#13224 = DIRECTION('',(0.,0.,1.));
#13225 = PCURVE('',#7158,#13226);
#13226 = DEFINITIONAL_REPRESENTATION('',(#13227),#13231);
#13227 = LINE('',#13228,#13229);
#13228 = CARTESIAN_POINT('',(0.,0.));
#13229 = VECTOR('',#13230,1.);
#13230 = DIRECTION('',(0.,-1.));
#13231 = ( GEOMETRIC_REPRESENTATION_CONTEXT(2) 
PARAMETRIC_REPRESENTATION_CONTEXT() REPRESENTATION_CONTEXT('2D SPACE',''
  ) );
#13232 = PCURVE('',#7108,#13233);
#13233 = DEFINITIONAL_REPRESENTATION('',(#13234),#13238);
#13234 = LINE('',#13235,#13236);
#13235 = CARTESIAN_POINT('',(2.512473190149,0.));
#13236 = VECTOR('',#13237,1.);
#13237 = DIRECTION('',(0.,-1.));
#13238 = ( GEOMETRIC_REPRESENTATION_CONTEXT(2) 
PARAMETRIC_REPRESENTATION_CONTEXT() REPRESENTATION_CONTEXT('2D SPACE',''
  ) );
#13239 = ORIENTED_EDGE('',*,*,#10905,.T.);
#13240 = ORIENTED_EDGE('',*,*,#13192,.F.);
#13241 = ORIENTED_EDGE('',*,*,#7137,.F.);
#13242 = ADVANCED_FACE('',(#13243),#7108,.F.);
#13243 = FACE_BOUND('',#13244,.F.);
#13244 = EDGE_LOOP('',(#13245,#13266,#13267,#13268));
#13245 = ORIENTED_EDGE('',*,*,#13246,.T.);
#13246 = EDGE_CURVE('',#7034,#10829,#13247,.T.);
#13247 = SURFACE_CURVE('',#13248,(#13252,#13259),.PCURVE_S1.);
#13248 = LINE('',#13249,#13250);
#13249 = CARTESIAN_POINT('',(-0.474387899456,19.464219894998,0.));
#13250 = VECTOR('',#13251,1.);
#13251 = DIRECTION('',(0.,0.,1.));
#13252 = PCURVE('',#7108,#13253);
#13253 = DEFINITIONAL_REPRESENTATION('',(#13254),#13258);
#13254 = LINE('',#13255,#13256);
#13255 = CARTESIAN_POINT('',(0.,0.));
#13256 = VECTOR('',#13257,1.);
#13257 = DIRECTION('',(0.,-1.));
#13258 = ( GEOMETRIC_REPRESENTATION_CONTEXT(2) 
PARAMETRIC_REPRESENTATION_CONTEXT() REPRESENTATION_CONTEXT('2D SPACE',''
  ) );
#13259 = PCURVE('',#7050,#13260);
#13260 = DEFINITIONAL_REPRESENTATION('',(#13261),#13265);
#13261 = LINE('',#13262,#13263);
#13262 = CARTESIAN_POINT('',(-4.873496140226E-02,0.));
#13263 = VECTOR('',#13264,1.);
#13264 = DIRECTION('',(0.,-1.));
#13265 = ( GEOMETRIC_REPRESENTATION_CONTEXT(2) 
PARAMETRIC_REPRESENTATION_CONTEXT() REPRESENTATION_CONTEXT('2D SPACE',''
  ) );
#13266 = ORIENTED_EDGE('',*,*,#10852,.T.);
#13267 = ORIENTED_EDGE('',*,*,#13219,.F.);
#13268 = ORIENTED_EDGE('',*,*,#7062,.F.);
#13269 = ADVANCED_FACE('',(#13270),#7050,.T.);
#13270 = FACE_BOUND('',#13271,.F.);
#13271 = EDGE_LOOP('',(#13272,#13293,#13294,#13295));
#13272 = ORIENTED_EDGE('',*,*,#13273,.T.);
#13273 = EDGE_CURVE('',#6959,#10776,#13274,.T.);
#13274 = SURFACE_CURVE('',#13275,(#13279,#13286),.PCURVE_S1.);
#13275 = LINE('',#13276,#13277);
#13276 = CARTESIAN_POINT('',(0.474387899456,19.464219894998,0.));
#13277 = VECTOR('',#13278,1.);
#13278 = DIRECTION('',(0.,0.,1.));
#13279 = PCURVE('',#7050,#13280);
#13280 = DEFINITIONAL_REPRESENTATION('',(#13281),#13285);
#13281 = LINE('',#13282,#13283);
#13282 = CARTESIAN_POINT('',(0.,0.));
#13283 = VECTOR('',#13284,1.);
#13284 = DIRECTION('',(0.,-1.));
#13285 = ( GEOMETRIC_REPRESENTATION_CONTEXT(2) 
PARAMETRIC_REPRESENTATION_CONTEXT() REPRESENTATION_CONTEXT('2D SPACE',''
  ) );
#13286 = PCURVE('',#7004,#13287);
#13287 = DEFINITIONAL_REPRESENTATION('',(#13288),#13292);
#13288 = LINE('',#13289,#13290);
#13289 = CARTESIAN_POINT('',(2.512473190149,0.));
#13290 = VECTOR('',#13291,1.);
#13291 = DIRECTION('',(0.,-1.));
#13292 = ( GEOMETRIC_REPRESENTATION_CONTEXT(2) 
PARAMETRIC_REPRESENTATION_CONTEXT() REPRESENTATION_CONTEXT('2D SPACE',''
  ) );
#13293 = ORIENTED_EDGE('',*,*,#10828,.T.);
#13294 = ORIENTED_EDGE('',*,*,#13246,.F.);
#13295 = ORIENTED_EDGE('',*,*,#7033,.F.);
#13296 = ADVANCED_FACE('',(#13297),#7004,.F.);
#13297 = FACE_BOUND('',#13298,.F.);
#13298 = EDGE_LOOP('',(#13299,#13320,#13321,#13322));
#13299 = ORIENTED_EDGE('',*,*,#13300,.T.);
#13300 = EDGE_CURVE('',#6926,#10748,#13301,.T.);
#13301 = SURFACE_CURVE('',#13302,(#13306,#13313),.PCURVE_S1.);
#13302 = LINE('',#13303,#13304);
#13303 = CARTESIAN_POINT('',(1.212460387827,17.082179218036,0.));
#13304 = VECTOR('',#13305,1.);
#13305 = DIRECTION('',(0.,0.,1.));
#13306 = PCURVE('',#7004,#13307);
#13307 = DEFINITIONAL_REPRESENTATION('',(#13308),#13312);
#13308 = LINE('',#13309,#13310);
#13309 = CARTESIAN_POINT('',(0.,0.));
#13310 = VECTOR('',#13311,1.);
#13311 = DIRECTION('',(0.,-1.));
#13312 = ( GEOMETRIC_REPRESENTATION_CONTEXT(2) 
PARAMETRIC_REPRESENTATION_CONTEXT() REPRESENTATION_CONTEXT('2D SPACE',''
  ) );
#13313 = PCURVE('',#6946,#13314);
#13314 = DEFINITIONAL_REPRESENTATION('',(#13315),#13319);
#13315 = LINE('',#13316,#13317);
#13316 = CARTESIAN_POINT('',(1.466043443678,0.));
#13317 = VECTOR('',#13318,1.);
#13318 = DIRECTION('',(0.,-1.));
#13319 = ( GEOMETRIC_REPRESENTATION_CONTEXT(2) 
PARAMETRIC_REPRESENTATION_CONTEXT() REPRESENTATION_CONTEXT('2D SPACE',''
  ) );
#13320 = ORIENTED_EDGE('',*,*,#10775,.T.);
#13321 = ORIENTED_EDGE('',*,*,#13273,.F.);
#13322 = ORIENTED_EDGE('',*,*,#6958,.F.);
#13323 = ADVANCED_FACE('',(#13324),#6946,.F.);
#13324 = FACE_BOUND('',#13325,.F.);
#13325 = EDGE_LOOP('',(#13326,#13347,#13348,#13349));
#13326 = ORIENTED_EDGE('',*,*,#13327,.T.);
#13327 = EDGE_CURVE('',#6897,#10724,#13328,.T.);
#13328 = SURFACE_CURVE('',#13329,(#13333,#13340),.PCURVE_S1.);
#13329 = LINE('',#13330,#13331);
#13330 = CARTESIAN_POINT('',(1.662587489486,16.58709853005,0.));
#13331 = VECTOR('',#13332,1.);
#13332 = DIRECTION('',(0.,0.,1.));
#13333 = PCURVE('',#6946,#13334);
#13334 = DEFINITIONAL_REPRESENTATION('',(#13335),#13339);
#13335 = LINE('',#13336,#13337);
#13336 = CARTESIAN_POINT('',(0.,0.));
#13337 = VECTOR('',#13338,1.);
#13338 = DIRECTION('',(0.,-1.));
#13339 = ( GEOMETRIC_REPRESENTATION_CONTEXT(2) 
PARAMETRIC_REPRESENTATION_CONTEXT() REPRESENTATION_CONTEXT('2D SPACE',''
  ) );
#13340 = PCURVE('',#6913,#13341);
#13341 = DEFINITIONAL_REPRESENTATION('',(#13342),#13346);
#13342 = LINE('',#13343,#13344);
#13343 = CARTESIAN_POINT('',(-2.459926169436E-02,0.));
#13344 = VECTOR('',#13345,1.);
#13345 = DIRECTION('',(0.,-1.));
#13346 = ( GEOMETRIC_REPRESENTATION_CONTEXT(2) 
PARAMETRIC_REPRESENTATION_CONTEXT() REPRESENTATION_CONTEXT('2D SPACE',''
  ) );
#13347 = ORIENTED_EDGE('',*,*,#10747,.T.);
#13348 = ORIENTED_EDGE('',*,*,#13300,.F.);
#13349 = ORIENTED_EDGE('',*,*,#6925,.F.);
#13350 = ADVANCED_FACE('',(#13351),#6913,.T.);
#13351 = FACE_BOUND('',#13352,.F.);
#13352 = EDGE_LOOP('',(#13353,#13374,#13375,#13376));
#13353 = ORIENTED_EDGE('',*,*,#13354,.T.);
#13354 = EDGE_CURVE('',#6864,#10696,#13355,.T.);
#13355 = SURFACE_CURVE('',#13356,(#13360,#13367),.PCURVE_S1.);
#13356 = LINE('',#13357,#13358);
#13357 = CARTESIAN_POINT('',(2.070073706588,16.541185860001,0.));
#13358 = VECTOR('',#13359,1.);
#13359 = DIRECTION('',(0.,0.,1.));
#13360 = PCURVE('',#6913,#13361);
#13361 = DEFINITIONAL_REPRESENTATION('',(#13362),#13366);
#13362 = LINE('',#13363,#13364);
#13363 = CARTESIAN_POINT('',(0.,0.));
#13364 = VECTOR('',#13365,1.);
#13365 = DIRECTION('',(0.,-1.));
#13366 = ( GEOMETRIC_REPRESENTATION_CONTEXT(2) 
PARAMETRIC_REPRESENTATION_CONTEXT() REPRESENTATION_CONTEXT('2D SPACE',''
  ) );
#13367 = PCURVE('',#6884,#13368);
#13368 = DEFINITIONAL_REPRESENTATION('',(#13369),#13373);
#13369 = LINE('',#13370,#13371);
#13370 = CARTESIAN_POINT('',(1.466043443678,0.));
#13371 = VECTOR('',#13372,1.);
#13372 = DIRECTION('',(0.,-1.));
#13373 = ( GEOMETRIC_REPRESENTATION_CONTEXT(2) 
PARAMETRIC_REPRESENTATION_CONTEXT() REPRESENTATION_CONTEXT('2D SPACE',''
  ) );
#13374 = ORIENTED_EDGE('',*,*,#10723,.T.);
#13375 = ORIENTED_EDGE('',*,*,#13327,.F.);
#13376 = ORIENTED_EDGE('',*,*,#6896,.F.);
#13377 = ADVANCED_FACE('',(#13378),#6884,.F.);
#13378 = FACE_BOUND('',#13379,.F.);
#13379 = EDGE_LOOP('',(#13380,#13401,#13402,#13403));
#13380 = ORIENTED_EDGE('',*,*,#13381,.T.);
#13381 = EDGE_CURVE('',#6789,#10643,#13382,.T.);
#13382 = SURFACE_CURVE('',#13383,(#13387,#13394),.PCURVE_S1.);
#13383 = LINE('',#13384,#13385);
#13384 = CARTESIAN_POINT('',(2.619080999099,16.92369113844,0.));
#13385 = VECTOR('',#13386,1.);
#13386 = DIRECTION('',(0.,0.,1.));
#13387 = PCURVE('',#6884,#13388);
#13388 = DEFINITIONAL_REPRESENTATION('',(#13389),#13393);
#13389 = LINE('',#13390,#13391);
#13390 = CARTESIAN_POINT('',(0.,0.));
#13391 = VECTOR('',#13392,1.);
#13392 = DIRECTION('',(0.,-1.));
#13393 = ( GEOMETRIC_REPRESENTATION_CONTEXT(2) 
PARAMETRIC_REPRESENTATION_CONTEXT() REPRESENTATION_CONTEXT('2D SPACE',''
  ) );
#13394 = PCURVE('',#6834,#13395);
#13395 = DEFINITIONAL_REPRESENTATION('',(#13396),#13400);
#13396 = LINE('',#13397,#13398);
#13397 = CARTESIAN_POINT('',(2.512473190149,0.));
#13398 = VECTOR('',#13399,1.);
#13399 = DIRECTION('',(0.,-1.));
#13400 = ( GEOMETRIC_REPRESENTATION_CONTEXT(2) 
PARAMETRIC_REPRESENTATION_CONTEXT() REPRESENTATION_CONTEXT('2D SPACE',''
  ) );
#13401 = ORIENTED_EDGE('',*,*,#10695,.T.);
#13402 = ORIENTED_EDGE('',*,*,#13354,.F.);
#13403 = ORIENTED_EDGE('',*,*,#6863,.F.);
#13404 = ADVANCED_FACE('',(#13405),#6834,.F.);
#13405 = FACE_BOUND('',#13406,.F.);
#13406 = EDGE_LOOP('',(#13407,#13428,#13429,#13430));
#13407 = ORIENTED_EDGE('',*,*,#13408,.T.);
#13408 = EDGE_CURVE('',#6760,#10619,#13409,.T.);
#13409 = SURFACE_CURVE('',#13410,(#13414,#13421),.PCURVE_S1.);
#13410 = LINE('',#13411,#13412);
#13411 = CARTESIAN_POINT('',(3.868702385385,19.081772502923,0.));
#13412 = VECTOR('',#13413,1.);
#13413 = DIRECTION('',(0.,0.,1.));
#13414 = PCURVE('',#6834,#13415);
#13415 = DEFINITIONAL_REPRESENTATION('',(#13416),#13420);
#13416 = LINE('',#13417,#13418);
#13417 = CARTESIAN_POINT('',(0.,0.));
#13418 = VECTOR('',#13419,1.);
#13419 = DIRECTION('',(0.,-1.));
#13420 = ( GEOMETRIC_REPRESENTATION_CONTEXT(2) 
PARAMETRIC_REPRESENTATION_CONTEXT() REPRESENTATION_CONTEXT('2D SPACE',''
  ) );
#13421 = PCURVE('',#6776,#13422);
#13422 = DEFINITIONAL_REPRESENTATION('',(#13423),#13427);
#13423 = LINE('',#13424,#13425);
#13424 = CARTESIAN_POINT('',(-4.873496140226E-02,0.));
#13425 = VECTOR('',#13426,1.);
#13426 = DIRECTION('',(0.,-1.));
#13427 = ( GEOMETRIC_REPRESENTATION_CONTEXT(2) 
PARAMETRIC_REPRESENTATION_CONTEXT() REPRESENTATION_CONTEXT('2D SPACE',''
  ) );
#13428 = ORIENTED_EDGE('',*,*,#10642,.T.);
#13429 = ORIENTED_EDGE('',*,*,#13381,.F.);
#13430 = ORIENTED_EDGE('',*,*,#6788,.F.);
#13431 = ADVANCED_FACE('',(#13432),#6776,.T.);
#13432 = FACE_BOUND('',#13433,.F.);
#13433 = EDGE_LOOP('',(#13434,#13455,#13456,#13457));
#13434 = ORIENTED_EDGE('',*,*,#13435,.T.);
#13435 = EDGE_CURVE('',#6685,#10566,#13436,.T.);
#13436 = SURFACE_CURVE('',#13437,(#13441,#13448),.PCURVE_S1.);
#13437 = LINE('',#13438,#13439);
#13438 = CARTESIAN_POINT('',(4.793690394147,18.870650026034,0.));
#13439 = VECTOR('',#13440,1.);
#13440 = DIRECTION('',(0.,0.,1.));
#13441 = PCURVE('',#6776,#13442);
#13442 = DEFINITIONAL_REPRESENTATION('',(#13443),#13447);
#13443 = LINE('',#13444,#13445);
#13444 = CARTESIAN_POINT('',(0.,0.));
#13445 = VECTOR('',#13446,1.);
#13446 = DIRECTION('',(0.,-1.));
#13447 = ( GEOMETRIC_REPRESENTATION_CONTEXT(2) 
PARAMETRIC_REPRESENTATION_CONTEXT() REPRESENTATION_CONTEXT('2D SPACE',''
  ) );
#13448 = PCURVE('',#6730,#13449);
#13449 = DEFINITIONAL_REPRESENTATION('',(#13450),#13454);
#13450 = LINE('',#13451,#13452);
#13451 = CARTESIAN_POINT('',(2.512473190149,0.));
#13452 = VECTOR('',#13453,1.);
#13453 = DIRECTION('',(0.,-1.));
#13454 = ( GEOMETRIC_REPRESENTATION_CONTEXT(2) 
PARAMETRIC_REPRESENTATION_CONTEXT() REPRESENTATION_CONTEXT('2D SPACE',''
  ) );
#13455 = ORIENTED_EDGE('',*,*,#10618,.T.);
#13456 = ORIENTED_EDGE('',*,*,#13408,.F.);
#13457 = ORIENTED_EDGE('',*,*,#6759,.F.);
#13458 = ADVANCED_FACE('',(#13459),#6730,.F.);
#13459 = FACE_BOUND('',#13460,.F.);
#13460 = EDGE_LOOP('',(#13461,#13482,#13483,#13484));
#13461 = ORIENTED_EDGE('',*,*,#13462,.T.);
#13462 = EDGE_CURVE('',#6652,#10538,#13463,.T.);
#13463 = SURFACE_CURVE('',#13464,(#13468,#13475),.PCURVE_S1.);
#13464 = LINE('',#13465,#13466);
#13465 = CARTESIAN_POINT('',(4.983203948114,16.384095502671,0.));
#13466 = VECTOR('',#13467,1.);
#13467 = DIRECTION('',(0.,0.,1.));
#13468 = PCURVE('',#6730,#13469);
#13469 = DEFINITIONAL_REPRESENTATION('',(#13470),#13474);
#13470 = LINE('',#13471,#13472);
#13471 = CARTESIAN_POINT('',(0.,0.));
#13472 = VECTOR('',#13473,1.);
#13473 = DIRECTION('',(0.,-1.));
#13474 = ( GEOMETRIC_REPRESENTATION_CONTEXT(2) 
PARAMETRIC_REPRESENTATION_CONTEXT() REPRESENTATION_CONTEXT('2D SPACE',''
  ) );
#13475 = PCURVE('',#6672,#13476);
#13476 = DEFINITIONAL_REPRESENTATION('',(#13477),#13481);
#13477 = LINE('',#13478,#13479);
#13478 = CARTESIAN_POINT('',(1.466043443678,0.));
#13479 = VECTOR('',#13480,1.);
#13480 = DIRECTION('',(0.,-1.));
#13481 = ( GEOMETRIC_REPRESENTATION_CONTEXT(2) 
PARAMETRIC_REPRESENTATION_CONTEXT() REPRESENTATION_CONTEXT('2D SPACE',''
  ) );
#13482 = ORIENTED_EDGE('',*,*,#10565,.T.);
#13483 = ORIENTED_EDGE('',*,*,#13435,.F.);
#13484 = ORIENTED_EDGE('',*,*,#6684,.F.);
#13485 = ADVANCED_FACE('',(#13486),#6672,.F.);
#13486 = FACE_BOUND('',#13487,.F.);
#13487 = EDGE_LOOP('',(#13488,#13509,#13510,#13511));
#13488 = ORIENTED_EDGE('',*,*,#13489,.T.);
#13489 = EDGE_CURVE('',#6623,#10514,#13490,.T.);
#13490 = SURFACE_CURVE('',#13491,(#13495,#13502),.PCURVE_S1.);
#13491 = LINE('',#13492,#13493);
#13492 = CARTESIAN_POINT('',(5.311879606477,15.801264818112,0.));
#13493 = VECTOR('',#13494,1.);
#13494 = DIRECTION('',(0.,0.,1.));
#13495 = PCURVE('',#6672,#13496);
#13496 = DEFINITIONAL_REPRESENTATION('',(#13497),#13501);
#13497 = LINE('',#13498,#13499);
#13498 = CARTESIAN_POINT('',(0.,0.));
#13499 = VECTOR('',#13500,1.);
#13500 = DIRECTION('',(0.,-1.));
#13501 = ( GEOMETRIC_REPRESENTATION_CONTEXT(2) 
PARAMETRIC_REPRESENTATION_CONTEXT() REPRESENTATION_CONTEXT('2D SPACE',''
  ) );
#13502 = PCURVE('',#6639,#13503);
#13503 = DEFINITIONAL_REPRESENTATION('',(#13504),#13508);
#13504 = LINE('',#13505,#13506);
#13505 = CARTESIAN_POINT('',(-2.459926169433E-02,0.));
#13506 = VECTOR('',#13507,1.);
#13507 = DIRECTION('',(0.,-1.));
#13508 = ( GEOMETRIC_REPRESENTATION_CONTEXT(2) 
PARAMETRIC_REPRESENTATION_CONTEXT() REPRESENTATION_CONTEXT('2D SPACE',''
  ) );
#13509 = ORIENTED_EDGE('',*,*,#10537,.T.);
#13510 = ORIENTED_EDGE('',*,*,#13462,.F.);
#13511 = ORIENTED_EDGE('',*,*,#6651,.F.);
#13512 = ADVANCED_FACE('',(#13513),#6639,.T.);
#13513 = FACE_BOUND('',#13514,.F.);
#13514 = EDGE_LOOP('',(#13515,#13516,#13535,#13536));
#13515 = ORIENTED_EDGE('',*,*,#6622,.F.);
#13516 = ORIENTED_EDGE('',*,*,#13517,.F.);
#13517 = EDGE_CURVE('',#10493,#6597,#13518,.T.);
#13518 = SURFACE_CURVE('',#13519,(#13523,#13529),.PCURVE_S1.);
#13519 = LINE('',#13520,#13521);
#13520 = CARTESIAN_POINT('',(5.547349933343,15.720144513421,0.));
#13521 = VECTOR('',#13522,1.);
#13522 = DIRECTION('',(0.,0.,-1.));
#13523 = PCURVE('',#6639,#13524);
#13524 = DEFINITIONAL_REPRESENTATION('',(#13525),#13528);
#13525 = B_SPLINE_CURVE_WITH_KNOTS('',1,(#13526,#13527),.UNSPECIFIED.,
  .F.,.F.,(2,2),(-12.3000006,6.E-07),.PIECEWISE_BEZIER_KNOTS.);
#13526 = CARTESIAN_POINT('',(-9.659197021648E-03,-12.3000006));
#13527 = CARTESIAN_POINT('',(-9.659197021648E-03,6.E-07));
#13528 = ( GEOMETRIC_REPRESENTATION_CONTEXT(2) 
PARAMETRIC_REPRESENTATION_CONTEXT() REPRESENTATION_CONTEXT('2D SPACE',''
  ) );
#13529 = PCURVE('',#6611,#13530);
#13530 = DEFINITIONAL_REPRESENTATION('',(#13531),#13534);
#13531 = B_SPLINE_CURVE_WITH_KNOTS('',1,(#13532,#13533),.UNSPECIFIED.,
  .F.,.F.,(2,2),(-12.3000006,6.E-07),.PIECEWISE_BEZIER_KNOTS.);
#13532 = CARTESIAN_POINT('',(80.679786,-13.3000006));
#13533 = CARTESIAN_POINT('',(80.679786,-0.9999994));
#13534 = ( GEOMETRIC_REPRESENTATION_CONTEXT(2) 
PARAMETRIC_REPRESENTATION_CONTEXT() REPRESENTATION_CONTEXT('2D SPACE',''
  ) );
#13535 = ORIENTED_EDGE('',*,*,#10513,.T.);
#13536 = ORIENTED_EDGE('',*,*,#13489,.F.);
#13537 = ADVANCED_FACE('',(#13538),#6611,.T.);
#13538 = FACE_BOUND('',#13539,.T.);
#13539 = EDGE_LOOP('',(#13540,#13561,#13562,#13563));
#13540 = ORIENTED_EDGE('',*,*,#13541,.F.);
#13541 = EDGE_CURVE('',#6564,#10465,#13542,.T.);
#13542 = SURFACE_CURVE('',#13543,(#13547,#13554),.PCURVE_S1.);
#13543 = LINE('',#13544,#13545);
#13544 = CARTESIAN_POINT('',(5.53579814969,15.687408935063,-1.));
#13545 = VECTOR('',#13546,1.);
#13546 = DIRECTION('',(0.,0.,1.));
#13547 = PCURVE('',#6611,#13548);
#13548 = DEFINITIONAL_REPRESENTATION('',(#13549),#13553);
#13549 = LINE('',#13550,#13551);
#13550 = CARTESIAN_POINT('',(80.7145,0.));
#13551 = VECTOR('',#13552,1.);
#13552 = DIRECTION('',(0.,-1.));
#13553 = ( GEOMETRIC_REPRESENTATION_CONTEXT(2) 
PARAMETRIC_REPRESENTATION_CONTEXT() REPRESENTATION_CONTEXT('2D SPACE',''
  ) );
#13554 = PCURVE('',#6584,#13555);
#13555 = DEFINITIONAL_REPRESENTATION('',(#13556),#13560);
#13556 = LINE('',#13557,#13558);
#13557 = CARTESIAN_POINT('',(0.,0.));
#13558 = VECTOR('',#13559,1.);
#13559 = DIRECTION('',(0.,-1.));
#13560 = ( GEOMETRIC_REPRESENTATION_CONTEXT(2) 
PARAMETRIC_REPRESENTATION_CONTEXT() REPRESENTATION_CONTEXT('2D SPACE',''
  ) );
#13561 = ORIENTED_EDGE('',*,*,#6596,.T.);
#13562 = ORIENTED_EDGE('',*,*,#13517,.F.);
#13563 = ORIENTED_EDGE('',*,*,#10492,.F.);
#13564 = ADVANCED_FACE('',(#13565),#6584,.T.);
#13565 = FACE_BOUND('',#13566,.T.);
#13566 = EDGE_LOOP('',(#13567,#13568,#13569,#13570));
#13567 = ORIENTED_EDGE('',*,*,#6563,.F.);
#13568 = ORIENTED_EDGE('',*,*,#13541,.T.);
#13569 = ORIENTED_EDGE('',*,*,#10464,.T.);
#13570 = ORIENTED_EDGE('',*,*,#13571,.F.);
#13571 = EDGE_CURVE('',#6538,#10444,#13572,.T.);
#13572 = SURFACE_CURVE('',#13573,(#13577,#13584),.PCURVE_S1.);
#13573 = LINE('',#13574,#13575);
#13574 = CARTESIAN_POINT('',(2.049257357252,-16.50879779189,-1.));
#13575 = VECTOR('',#13576,1.);
#13576 = DIRECTION('',(0.,0.,1.));
#13577 = PCURVE('',#6584,#13578);
#13578 = DEFINITIONAL_REPRESENTATION('',(#13579),#13583);
#13579 = LINE('',#13580,#13581);
#13580 = CARTESIAN_POINT('',(2.678853509009,0.));
#13581 = VECTOR('',#13582,1.);
#13582 = DIRECTION('',(0.,-1.));
#13583 = ( GEOMETRIC_REPRESENTATION_CONTEXT(2) 
PARAMETRIC_REPRESENTATION_CONTEXT() REPRESENTATION_CONTEXT('2D SPACE',''
  ) );
#13584 = PCURVE('',#6552,#13585);
#13585 = DEFINITIONAL_REPRESENTATION('',(#13586),#13590);
#13586 = LINE('',#13587,#13588);
#13587 = CARTESIAN_POINT('',(-3.580360362862E-15,0.));
#13588 = VECTOR('',#13589,1.);
#13589 = DIRECTION('',(0.,-1.));
#13590 = ( GEOMETRIC_REPRESENTATION_CONTEXT(2) 
PARAMETRIC_REPRESENTATION_CONTEXT() REPRESENTATION_CONTEXT('2D SPACE',''
  ) );
#13591 = ADVANCED_FACE('',(#13592),#6552,.T.);
#13592 = FACE_BOUND('',#13593,.T.);
#13593 = EDGE_LOOP('',(#13594,#13595,#13596,#13597));
#13594 = ORIENTED_EDGE('',*,*,#6537,.T.);
#13595 = ORIENTED_EDGE('',*,*,#13571,.T.);
#13596 = ORIENTED_EDGE('',*,*,#10443,.F.);
#13597 = ORIENTED_EDGE('',*,*,#13598,.T.);
#13598 = EDGE_CURVE('',#10420,#6509,#13599,.T.);
#13599 = SURFACE_CURVE('',#13600,(#13604,#13610),.PCURVE_S1.);
#13600 = LINE('',#13601,#13602);
#13601 = CARTESIAN_POINT('',(2.053533629074,-16.54324739705,0.));
#13602 = VECTOR('',#13603,1.);
#13603 = DIRECTION('',(0.,0.,-1.));
#13604 = PCURVE('',#6552,#13605);
#13605 = DEFINITIONAL_REPRESENTATION('',(#13606),#13609);
#13606 = B_SPLINE_CURVE_WITH_KNOTS('',1,(#13607,#13608),.UNSPECIFIED.,
  .F.,.F.,(2,2),(-12.3000006,6.E-07),.PIECEWISE_BEZIER_KNOTS.);
#13607 = CARTESIAN_POINT('',(3.471399999999E-02,-13.3000006));
#13608 = CARTESIAN_POINT('',(3.471399999999E-02,-0.9999994));
#13609 = ( GEOMETRIC_REPRESENTATION_CONTEXT(2) 
PARAMETRIC_REPRESENTATION_CONTEXT() REPRESENTATION_CONTEXT('2D SPACE',''
  ) );
#13610 = PCURVE('',#6525,#13611);
#13611 = DEFINITIONAL_REPRESENTATION('',(#13612),#13615);
#13612 = B_SPLINE_CURVE_WITH_KNOTS('',1,(#13613,#13614),.UNSPECIFIED.,
  .F.,.F.,(2,2),(-12.3000006,6.E-07),.PIECEWISE_BEZIER_KNOTS.);
#13613 = CARTESIAN_POINT('',(-2.359939109013E-02,-12.3000006));
#13614 = CARTESIAN_POINT('',(-2.359939109013E-02,6.E-07));
#13615 = ( GEOMETRIC_REPRESENTATION_CONTEXT(2) 
PARAMETRIC_REPRESENTATION_CONTEXT() REPRESENTATION_CONTEXT('2D SPACE',''
  ) );
#13616 = ADVANCED_FACE('',(#13617),#6525,.T.);
#13617 = FACE_BOUND('',#13618,.F.);
#13618 = EDGE_LOOP('',(#13619,#13620,#13641,#13642));
#13619 = ORIENTED_EDGE('',*,*,#6508,.F.);
#13620 = ORIENTED_EDGE('',*,*,#13621,.T.);
#13621 = EDGE_CURVE('',#6476,#10392,#13622,.T.);
#13622 = SURFACE_CURVE('',#13623,(#13627,#13634),.PCURVE_S1.);
#13623 = LINE('',#13624,#13625);
#13624 = CARTESIAN_POINT('',(1.662587489486,-16.58709853005,0.));
#13625 = VECTOR('',#13626,1.);
#13626 = DIRECTION('',(0.,0.,1.));
#13627 = PCURVE('',#6525,#13628);
#13628 = DEFINITIONAL_REPRESENTATION('',(#13629),#13633);
#13629 = LINE('',#13630,#13631);
#13630 = CARTESIAN_POINT('',(0.,0.));
#13631 = VECTOR('',#13632,1.);
#13632 = DIRECTION('',(0.,-1.));
#13633 = ( GEOMETRIC_REPRESENTATION_CONTEXT(2) 
PARAMETRIC_REPRESENTATION_CONTEXT() REPRESENTATION_CONTEXT('2D SPACE',''
  ) );
#13634 = PCURVE('',#6496,#13635);
#13635 = DEFINITIONAL_REPRESENTATION('',(#13636),#13640);
#13636 = LINE('',#13637,#13638);
#13637 = CARTESIAN_POINT('',(1.466043443678,0.));
#13638 = VECTOR('',#13639,1.);
#13639 = DIRECTION('',(0.,-1.));
#13640 = ( GEOMETRIC_REPRESENTATION_CONTEXT(2) 
PARAMETRIC_REPRESENTATION_CONTEXT() REPRESENTATION_CONTEXT('2D SPACE',''
  ) );
#13641 = ORIENTED_EDGE('',*,*,#10419,.T.);
#13642 = ORIENTED_EDGE('',*,*,#13598,.T.);
#13643 = ADVANCED_FACE('',(#13644),#6496,.F.);
#13644 = FACE_BOUND('',#13645,.F.);
#13645 = EDGE_LOOP('',(#13646,#13667,#13668,#13669));
#13646 = ORIENTED_EDGE('',*,*,#13647,.T.);
#13647 = EDGE_CURVE('',#6401,#10339,#13648,.T.);
#13648 = SURFACE_CURVE('',#13649,(#13653,#13660),.PCURVE_S1.);
#13649 = LINE('',#13650,#13651);
#13650 = CARTESIAN_POINT('',(1.212460387827,-17.08217921803,0.));
#13651 = VECTOR('',#13652,1.);
#13652 = DIRECTION('',(0.,0.,1.));
#13653 = PCURVE('',#6496,#13654);
#13654 = DEFINITIONAL_REPRESENTATION('',(#13655),#13659);
#13655 = LINE('',#13656,#13657);
#13656 = CARTESIAN_POINT('',(0.,0.));
#13657 = VECTOR('',#13658,1.);
#13658 = DIRECTION('',(0.,-1.));
#13659 = ( GEOMETRIC_REPRESENTATION_CONTEXT(2) 
PARAMETRIC_REPRESENTATION_CONTEXT() REPRESENTATION_CONTEXT('2D SPACE',''
  ) );
#13660 = PCURVE('',#6446,#13661);
#13661 = DEFINITIONAL_REPRESENTATION('',(#13662),#13666);
#13662 = LINE('',#13663,#13664);
#13663 = CARTESIAN_POINT('',(2.512473190149,0.));
#13664 = VECTOR('',#13665,1.);
#13665 = DIRECTION('',(0.,-1.));
#13666 = ( GEOMETRIC_REPRESENTATION_CONTEXT(2) 
PARAMETRIC_REPRESENTATION_CONTEXT() REPRESENTATION_CONTEXT('2D SPACE',''
  ) );
#13667 = ORIENTED_EDGE('',*,*,#10391,.T.);
#13668 = ORIENTED_EDGE('',*,*,#13621,.F.);
#13669 = ORIENTED_EDGE('',*,*,#6475,.F.);
#13670 = ADVANCED_FACE('',(#13671),#6446,.F.);
#13671 = FACE_BOUND('',#13672,.F.);
#13672 = EDGE_LOOP('',(#13673,#13694,#13695,#13696));
#13673 = ORIENTED_EDGE('',*,*,#13674,.T.);
#13674 = EDGE_CURVE('',#6372,#10315,#13675,.T.);
#13675 = SURFACE_CURVE('',#13676,(#13680,#13687),.PCURVE_S1.);
#13676 = LINE('',#13677,#13678);
#13677 = CARTESIAN_POINT('',(0.474387899456,-19.46421989499,0.));
#13678 = VECTOR('',#13679,1.);
#13679 = DIRECTION('',(0.,0.,1.));
#13680 = PCURVE('',#6446,#13681);
#13681 = DEFINITIONAL_REPRESENTATION('',(#13682),#13686);
#13682 = LINE('',#13683,#13684);
#13683 = CARTESIAN_POINT('',(0.,0.));
#13684 = VECTOR('',#13685,1.);
#13685 = DIRECTION('',(0.,-1.));
#13686 = ( GEOMETRIC_REPRESENTATION_CONTEXT(2) 
PARAMETRIC_REPRESENTATION_CONTEXT() REPRESENTATION_CONTEXT('2D SPACE',''
  ) );
#13687 = PCURVE('',#6388,#13688);
#13688 = DEFINITIONAL_REPRESENTATION('',(#13689),#13693);
#13689 = LINE('',#13690,#13691);
#13690 = CARTESIAN_POINT('',(-4.873496140226E-02,0.));
#13691 = VECTOR('',#13692,1.);
#13692 = DIRECTION('',(0.,-1.));
#13693 = ( GEOMETRIC_REPRESENTATION_CONTEXT(2) 
PARAMETRIC_REPRESENTATION_CONTEXT() REPRESENTATION_CONTEXT('2D SPACE',''
  ) );
#13694 = ORIENTED_EDGE('',*,*,#10338,.T.);
#13695 = ORIENTED_EDGE('',*,*,#13647,.F.);
#13696 = ORIENTED_EDGE('',*,*,#6400,.F.);
#13697 = ADVANCED_FACE('',(#13698),#6388,.T.);
#13698 = FACE_BOUND('',#13699,.F.);
#13699 = EDGE_LOOP('',(#13700,#13721,#13722,#13723));
#13700 = ORIENTED_EDGE('',*,*,#13701,.T.);
#13701 = EDGE_CURVE('',#6297,#10262,#13702,.T.);
#13702 = SURFACE_CURVE('',#13703,(#13707,#13714),.PCURVE_S1.);
#13703 = LINE('',#13704,#13705);
#13704 = CARTESIAN_POINT('',(-0.474387899456,-19.46421989499,0.));
#13705 = VECTOR('',#13706,1.);
#13706 = DIRECTION('',(0.,0.,1.));
#13707 = PCURVE('',#6388,#13708);
#13708 = DEFINITIONAL_REPRESENTATION('',(#13709),#13713);
#13709 = LINE('',#13710,#13711);
#13710 = CARTESIAN_POINT('',(0.,0.));
#13711 = VECTOR('',#13712,1.);
#13712 = DIRECTION('',(0.,-1.));
#13713 = ( GEOMETRIC_REPRESENTATION_CONTEXT(2) 
PARAMETRIC_REPRESENTATION_CONTEXT() REPRESENTATION_CONTEXT('2D SPACE',''
  ) );
#13714 = PCURVE('',#6342,#13715);
#13715 = DEFINITIONAL_REPRESENTATION('',(#13716),#13720);
#13716 = LINE('',#13717,#13718);
#13717 = CARTESIAN_POINT('',(2.512473190149,0.));
#13718 = VECTOR('',#13719,1.);
#13719 = DIRECTION('',(0.,-1.));
#13720 = ( GEOMETRIC_REPRESENTATION_CONTEXT(2) 
PARAMETRIC_REPRESENTATION_CONTEXT() REPRESENTATION_CONTEXT('2D SPACE',''
  ) );
#13721 = ORIENTED_EDGE('',*,*,#10314,.T.);
#13722 = ORIENTED_EDGE('',*,*,#13674,.F.);
#13723 = ORIENTED_EDGE('',*,*,#6371,.F.);
#13724 = ADVANCED_FACE('',(#13725),#6342,.F.);
#13725 = FACE_BOUND('',#13726,.F.);
#13726 = EDGE_LOOP('',(#13727,#13748,#13749,#13750));
#13727 = ORIENTED_EDGE('',*,*,#13728,.T.);
#13728 = EDGE_CURVE('',#6264,#10234,#13729,.T.);
#13729 = SURFACE_CURVE('',#13730,(#13734,#13741),.PCURVE_S1.);
#13730 = LINE('',#13731,#13732);
#13731 = CARTESIAN_POINT('',(-1.212460387827,-17.08217921803,0.));
#13732 = VECTOR('',#13733,1.);
#13733 = DIRECTION('',(0.,0.,1.));
#13734 = PCURVE('',#6342,#13735);
#13735 = DEFINITIONAL_REPRESENTATION('',(#13736),#13740);
#13736 = LINE('',#13737,#13738);
#13737 = CARTESIAN_POINT('',(0.,0.));
#13738 = VECTOR('',#13739,1.);
#13739 = DIRECTION('',(0.,-1.));
#13740 = ( GEOMETRIC_REPRESENTATION_CONTEXT(2) 
PARAMETRIC_REPRESENTATION_CONTEXT() REPRESENTATION_CONTEXT('2D SPACE',''
  ) );
#13741 = PCURVE('',#6284,#13742);
#13742 = DEFINITIONAL_REPRESENTATION('',(#13743),#13747);
#13743 = LINE('',#13744,#13745);
#13744 = CARTESIAN_POINT('',(1.466043443678,0.));
#13745 = VECTOR('',#13746,1.);
#13746 = DIRECTION('',(0.,-1.));
#13747 = ( GEOMETRIC_REPRESENTATION_CONTEXT(2) 
PARAMETRIC_REPRESENTATION_CONTEXT() REPRESENTATION_CONTEXT('2D SPACE',''
  ) );
#13748 = ORIENTED_EDGE('',*,*,#10261,.T.);
#13749 = ORIENTED_EDGE('',*,*,#13701,.F.);
#13750 = ORIENTED_EDGE('',*,*,#6296,.F.);
#13751 = ADVANCED_FACE('',(#13752),#6284,.F.);
#13752 = FACE_BOUND('',#13753,.F.);
#13753 = EDGE_LOOP('',(#13754,#13775,#13776,#13777));
#13754 = ORIENTED_EDGE('',*,*,#13755,.T.);
#13755 = EDGE_CURVE('',#6235,#10210,#13756,.T.);
#13756 = SURFACE_CURVE('',#13757,(#13761,#13768),.PCURVE_S1.);
#13757 = LINE('',#13758,#13759);
#13758 = CARTESIAN_POINT('',(-1.662587489486,-16.58709853005,0.));
#13759 = VECTOR('',#13760,1.);
#13760 = DIRECTION('',(0.,0.,1.));
#13761 = PCURVE('',#6284,#13762);
#13762 = DEFINITIONAL_REPRESENTATION('',(#13763),#13767);
#13763 = LINE('',#13764,#13765);
#13764 = CARTESIAN_POINT('',(0.,0.));
#13765 = VECTOR('',#13766,1.);
#13766 = DIRECTION('',(0.,-1.));
#13767 = ( GEOMETRIC_REPRESENTATION_CONTEXT(2) 
PARAMETRIC_REPRESENTATION_CONTEXT() REPRESENTATION_CONTEXT('2D SPACE',''
  ) );
#13768 = PCURVE('',#6251,#13769);
#13769 = DEFINITIONAL_REPRESENTATION('',(#13770),#13774);
#13770 = LINE('',#13771,#13772);
#13771 = CARTESIAN_POINT('',(-2.459926169436E-02,0.));
#13772 = VECTOR('',#13773,1.);
#13773 = DIRECTION('',(0.,-1.));
#13774 = ( GEOMETRIC_REPRESENTATION_CONTEXT(2) 
PARAMETRIC_REPRESENTATION_CONTEXT() REPRESENTATION_CONTEXT('2D SPACE',''
  ) );
#13775 = ORIENTED_EDGE('',*,*,#10233,.T.);
#13776 = ORIENTED_EDGE('',*,*,#13728,.F.);
#13777 = ORIENTED_EDGE('',*,*,#6263,.F.);
#13778 = ADVANCED_FACE('',(#13779),#6251,.T.);
#13779 = FACE_BOUND('',#13780,.F.);
#13780 = EDGE_LOOP('',(#13781,#13802,#13803,#13804));
#13781 = ORIENTED_EDGE('',*,*,#13782,.T.);
#13782 = EDGE_CURVE('',#6202,#10182,#13783,.T.);
#13783 = SURFACE_CURVE('',#13784,(#13788,#13795),.PCURVE_S1.);
#13784 = LINE('',#13785,#13786);
#13785 = CARTESIAN_POINT('',(-2.070073706588,-16.54118586,0.));
#13786 = VECTOR('',#13787,1.);
#13787 = DIRECTION('',(0.,0.,1.));
#13788 = PCURVE('',#6251,#13789);
#13789 = DEFINITIONAL_REPRESENTATION('',(#13790),#13794);
#13790 = LINE('',#13791,#13792);
#13791 = CARTESIAN_POINT('',(0.,0.));
#13792 = VECTOR('',#13793,1.);
#13793 = DIRECTION('',(0.,-1.));
#13794 = ( GEOMETRIC_REPRESENTATION_CONTEXT(2) 
PARAMETRIC_REPRESENTATION_CONTEXT() REPRESENTATION_CONTEXT('2D SPACE',''
  ) );
#13795 = PCURVE('',#6222,#13796);
#13796 = DEFINITIONAL_REPRESENTATION('',(#13797),#13801);
#13797 = LINE('',#13798,#13799);
#13798 = CARTESIAN_POINT('',(1.466043443678,0.));
#13799 = VECTOR('',#13800,1.);
#13800 = DIRECTION('',(0.,-1.));
#13801 = ( GEOMETRIC_REPRESENTATION_CONTEXT(2) 
PARAMETRIC_REPRESENTATION_CONTEXT() REPRESENTATION_CONTEXT('2D SPACE',''
  ) );
#13802 = ORIENTED_EDGE('',*,*,#10209,.T.);
#13803 = ORIENTED_EDGE('',*,*,#13755,.F.);
#13804 = ORIENTED_EDGE('',*,*,#6234,.F.);
#13805 = ADVANCED_FACE('',(#13806),#6222,.F.);
#13806 = FACE_BOUND('',#13807,.F.);
#13807 = EDGE_LOOP('',(#13808,#13829,#13830,#13831));
#13808 = ORIENTED_EDGE('',*,*,#13809,.T.);
#13809 = EDGE_CURVE('',#6127,#10129,#13810,.T.);
#13810 = SURFACE_CURVE('',#13811,(#13815,#13822),.PCURVE_S1.);
#13811 = LINE('',#13812,#13813);
#13812 = CARTESIAN_POINT('',(-2.619080999099,-16.92369113844,0.));
#13813 = VECTOR('',#13814,1.);
#13814 = DIRECTION('',(0.,0.,1.));
#13815 = PCURVE('',#6222,#13816);
#13816 = DEFINITIONAL_REPRESENTATION('',(#13817),#13821);
#13817 = LINE('',#13818,#13819);
#13818 = CARTESIAN_POINT('',(0.,0.));
#13819 = VECTOR('',#13820,1.);
#13820 = DIRECTION('',(0.,-1.));
#13821 = ( GEOMETRIC_REPRESENTATION_CONTEXT(2) 
PARAMETRIC_REPRESENTATION_CONTEXT() REPRESENTATION_CONTEXT('2D SPACE',''
  ) );
#13822 = PCURVE('',#6172,#13823);
#13823 = DEFINITIONAL_REPRESENTATION('',(#13824),#13828);
#13824 = LINE('',#13825,#13826);
#13825 = CARTESIAN_POINT('',(2.512473190149,0.));
#13826 = VECTOR('',#13827,1.);
#13827 = DIRECTION('',(0.,-1.));
#13828 = ( GEOMETRIC_REPRESENTATION_CONTEXT(2) 
PARAMETRIC_REPRESENTATION_CONTEXT() REPRESENTATION_CONTEXT('2D SPACE',''
  ) );
#13829 = ORIENTED_EDGE('',*,*,#10181,.T.);
#13830 = ORIENTED_EDGE('',*,*,#13782,.F.);
#13831 = ORIENTED_EDGE('',*,*,#6201,.F.);
#13832 = ADVANCED_FACE('',(#13833),#6172,.F.);
#13833 = FACE_BOUND('',#13834,.F.);
#13834 = EDGE_LOOP('',(#13835,#13856,#13857,#13858));
#13835 = ORIENTED_EDGE('',*,*,#13836,.T.);
#13836 = EDGE_CURVE('',#6098,#10105,#13837,.T.);
#13837 = SURFACE_CURVE('',#13838,(#13842,#13849),.PCURVE_S1.);
#13838 = LINE('',#13839,#13840);
#13839 = CARTESIAN_POINT('',(-3.868702385385,-19.08177250292,0.));
#13840 = VECTOR('',#13841,1.);
#13841 = DIRECTION('',(0.,0.,1.));
#13842 = PCURVE('',#6172,#13843);
#13843 = DEFINITIONAL_REPRESENTATION('',(#13844),#13848);
#13844 = LINE('',#13845,#13846);
#13845 = CARTESIAN_POINT('',(0.,0.));
#13846 = VECTOR('',#13847,1.);
#13847 = DIRECTION('',(0.,-1.));
#13848 = ( GEOMETRIC_REPRESENTATION_CONTEXT(2) 
PARAMETRIC_REPRESENTATION_CONTEXT() REPRESENTATION_CONTEXT('2D SPACE',''
  ) );
#13849 = PCURVE('',#6114,#13850);
#13850 = DEFINITIONAL_REPRESENTATION('',(#13851),#13855);
#13851 = LINE('',#13852,#13853);
#13852 = CARTESIAN_POINT('',(-4.873496140225E-02,0.));
#13853 = VECTOR('',#13854,1.);
#13854 = DIRECTION('',(0.,-1.));
#13855 = ( GEOMETRIC_REPRESENTATION_CONTEXT(2) 
PARAMETRIC_REPRESENTATION_CONTEXT() REPRESENTATION_CONTEXT('2D SPACE',''
  ) );
#13856 = ORIENTED_EDGE('',*,*,#10128,.T.);
#13857 = ORIENTED_EDGE('',*,*,#13809,.F.);
#13858 = ORIENTED_EDGE('',*,*,#6126,.F.);
#13859 = ADVANCED_FACE('',(#13860),#6114,.T.);
#13860 = FACE_BOUND('',#13861,.F.);
#13861 = EDGE_LOOP('',(#13862,#13883,#13884,#13885));
#13862 = ORIENTED_EDGE('',*,*,#13863,.T.);
#13863 = EDGE_CURVE('',#6023,#10052,#13864,.T.);
#13864 = SURFACE_CURVE('',#13865,(#13869,#13876),.PCURVE_S1.);
#13865 = LINE('',#13866,#13867);
#13866 = CARTESIAN_POINT('',(-4.793690394147,-18.87065002603,0.));
#13867 = VECTOR('',#13868,1.);
#13868 = DIRECTION('',(0.,0.,1.));
#13869 = PCURVE('',#6114,#13870);
#13870 = DEFINITIONAL_REPRESENTATION('',(#13871),#13875);
#13871 = LINE('',#13872,#13873);
#13872 = CARTESIAN_POINT('',(0.,0.));
#13873 = VECTOR('',#13874,1.);
#13874 = DIRECTION('',(0.,-1.));
#13875 = ( GEOMETRIC_REPRESENTATION_CONTEXT(2) 
PARAMETRIC_REPRESENTATION_CONTEXT() REPRESENTATION_CONTEXT('2D SPACE',''
  ) );
#13876 = PCURVE('',#6068,#13877);
#13877 = DEFINITIONAL_REPRESENTATION('',(#13878),#13882);
#13878 = LINE('',#13879,#13880);
#13879 = CARTESIAN_POINT('',(2.512473190149,0.));
#13880 = VECTOR('',#13881,1.);
#13881 = DIRECTION('',(0.,-1.));
#13882 = ( GEOMETRIC_REPRESENTATION_CONTEXT(2) 
PARAMETRIC_REPRESENTATION_CONTEXT() REPRESENTATION_CONTEXT('2D SPACE',''
  ) );
#13883 = ORIENTED_EDGE('',*,*,#10104,.T.);
#13884 = ORIENTED_EDGE('',*,*,#13836,.F.);
#13885 = ORIENTED_EDGE('',*,*,#6097,.F.);
#13886 = ADVANCED_FACE('',(#13887),#6068,.F.);
#13887 = FACE_BOUND('',#13888,.F.);
#13888 = EDGE_LOOP('',(#13889,#13910,#13911,#13912));
#13889 = ORIENTED_EDGE('',*,*,#13890,.T.);
#13890 = EDGE_CURVE('',#5990,#10024,#13891,.T.);
#13891 = SURFACE_CURVE('',#13892,(#13896,#13903),.PCURVE_S1.);
#13892 = LINE('',#13893,#13894);
#13893 = CARTESIAN_POINT('',(-4.983203948114,-16.38409550267,0.));
#13894 = VECTOR('',#13895,1.);
#13895 = DIRECTION('',(0.,0.,1.));
#13896 = PCURVE('',#6068,#13897);
#13897 = DEFINITIONAL_REPRESENTATION('',(#13898),#13902);
#13898 = LINE('',#13899,#13900);
#13899 = CARTESIAN_POINT('',(0.,0.));
#13900 = VECTOR('',#13901,1.);
#13901 = DIRECTION('',(0.,-1.));
#13902 = ( GEOMETRIC_REPRESENTATION_CONTEXT(2) 
PARAMETRIC_REPRESENTATION_CONTEXT() REPRESENTATION_CONTEXT('2D SPACE',''
  ) );
#13903 = PCURVE('',#6010,#13904);
#13904 = DEFINITIONAL_REPRESENTATION('',(#13905),#13909);
#13905 = LINE('',#13906,#13907);
#13906 = CARTESIAN_POINT('',(1.466043443678,0.));
#13907 = VECTOR('',#13908,1.);
#13908 = DIRECTION('',(0.,-1.));
#13909 = ( GEOMETRIC_REPRESENTATION_CONTEXT(2) 
PARAMETRIC_REPRESENTATION_CONTEXT() REPRESENTATION_CONTEXT('2D SPACE',''
  ) );
#13910 = ORIENTED_EDGE('',*,*,#10051,.T.);
#13911 = ORIENTED_EDGE('',*,*,#13863,.F.);
#13912 = ORIENTED_EDGE('',*,*,#6022,.F.);
#13913 = ADVANCED_FACE('',(#13914),#6010,.F.);
#13914 = FACE_BOUND('',#13915,.F.);
#13915 = EDGE_LOOP('',(#13916,#13937,#13938,#13939));
#13916 = ORIENTED_EDGE('',*,*,#13917,.T.);
#13917 = EDGE_CURVE('',#5961,#10000,#13918,.T.);
#13918 = SURFACE_CURVE('',#13919,(#13923,#13930),.PCURVE_S1.);
#13919 = LINE('',#13920,#13921);
#13920 = CARTESIAN_POINT('',(-5.311879606477,-15.80126481811,0.));
#13921 = VECTOR('',#13922,1.);
#13922 = DIRECTION('',(0.,0.,1.));
#13923 = PCURVE('',#6010,#13924);
#13924 = DEFINITIONAL_REPRESENTATION('',(#13925),#13929);
#13925 = LINE('',#13926,#13927);
#13926 = CARTESIAN_POINT('',(0.,0.));
#13927 = VECTOR('',#13928,1.);
#13928 = DIRECTION('',(0.,-1.));
#13929 = ( GEOMETRIC_REPRESENTATION_CONTEXT(2) 
PARAMETRIC_REPRESENTATION_CONTEXT() REPRESENTATION_CONTEXT('2D SPACE',''
  ) );
#13930 = PCURVE('',#5977,#13931);
#13931 = DEFINITIONAL_REPRESENTATION('',(#13932),#13936);
#13932 = LINE('',#13933,#13934);
#13933 = CARTESIAN_POINT('',(-2.459926169427E-02,0.));
#13934 = VECTOR('',#13935,1.);
#13935 = DIRECTION('',(0.,-1.));
#13936 = ( GEOMETRIC_REPRESENTATION_CONTEXT(2) 
PARAMETRIC_REPRESENTATION_CONTEXT() REPRESENTATION_CONTEXT('2D SPACE',''
  ) );
#13937 = ORIENTED_EDGE('',*,*,#10023,.T.);
#13938 = ORIENTED_EDGE('',*,*,#13890,.F.);
#13939 = ORIENTED_EDGE('',*,*,#5989,.F.);
#13940 = ADVANCED_FACE('',(#13941),#5977,.T.);
#13941 = FACE_BOUND('',#13942,.F.);
#13942 = EDGE_LOOP('',(#13943,#13964,#13965,#13966));
#13943 = ORIENTED_EDGE('',*,*,#13944,.T.);
#13944 = EDGE_CURVE('',#5928,#9972,#13945,.T.);
#13945 = SURFACE_CURVE('',#13946,(#13950,#13957),.PCURVE_S1.);
#13946 = LINE('',#13947,#13948);
#13947 = CARTESIAN_POINT('',(-5.698932763138,-15.66582906095,0.));
#13948 = VECTOR('',#13949,1.);
#13949 = DIRECTION('',(0.,0.,1.));
#13950 = PCURVE('',#5977,#13951);
#13951 = DEFINITIONAL_REPRESENTATION('',(#13952),#13956);
#13952 = LINE('',#13953,#13954);
#13953 = CARTESIAN_POINT('',(0.,0.));
#13954 = VECTOR('',#13955,1.);
#13955 = DIRECTION('',(0.,-1.));
#13956 = ( GEOMETRIC_REPRESENTATION_CONTEXT(2) 
PARAMETRIC_REPRESENTATION_CONTEXT() REPRESENTATION_CONTEXT('2D SPACE',''
  ) );
#13957 = PCURVE('',#5948,#13958);
#13958 = DEFINITIONAL_REPRESENTATION('',(#13959),#13963);
#13959 = LINE('',#13960,#13961);
#13960 = CARTESIAN_POINT('',(1.466043443678,0.));
#13961 = VECTOR('',#13962,1.);
#13962 = DIRECTION('',(0.,-1.));
#13963 = ( GEOMETRIC_REPRESENTATION_CONTEXT(2) 
PARAMETRIC_REPRESENTATION_CONTEXT() REPRESENTATION_CONTEXT('2D SPACE',''
  ) );
#13964 = ORIENTED_EDGE('',*,*,#9999,.T.);
#13965 = ORIENTED_EDGE('',*,*,#13917,.F.);
#13966 = ORIENTED_EDGE('',*,*,#5960,.F.);
#13967 = ADVANCED_FACE('',(#13968),#5948,.F.);
#13968 = FACE_BOUND('',#13969,.F.);
#13969 = EDGE_LOOP('',(#13970,#13991,#13992,#13993));
#13970 = ORIENTED_EDGE('',*,*,#13971,.T.);
#13971 = EDGE_CURVE('',#5853,#9919,#13972,.T.);
#13972 = SURFACE_CURVE('',#13973,(#13977,#13984),.PCURVE_S1.);
#13973 = LINE('',#13974,#13975);
#13974 = CARTESIAN_POINT('',(-6.3192907284,-15.91657851798,0.));
#13975 = VECTOR('',#13976,1.);
#13976 = DIRECTION('',(0.,0.,1.));
#13977 = PCURVE('',#5948,#13978);
#13978 = DEFINITIONAL_REPRESENTATION('',(#13979),#13983);
#13979 = LINE('',#13980,#13981);
#13980 = CARTESIAN_POINT('',(0.,0.));
#13981 = VECTOR('',#13982,1.);
#13982 = DIRECTION('',(0.,-1.));
#13983 = ( GEOMETRIC_REPRESENTATION_CONTEXT(2) 
PARAMETRIC_REPRESENTATION_CONTEXT() REPRESENTATION_CONTEXT('2D SPACE',''
  ) );
#13984 = PCURVE('',#5898,#13985);
#13985 = DEFINITIONAL_REPRESENTATION('',(#13986),#13990);
#13986 = LINE('',#13987,#13988);
#13987 = CARTESIAN_POINT('',(2.512473190149,0.));
#13988 = VECTOR('',#13989,1.);
#13989 = DIRECTION('',(0.,-1.));
#13990 = ( GEOMETRIC_REPRESENTATION_CONTEXT(2) 
PARAMETRIC_REPRESENTATION_CONTEXT() REPRESENTATION_CONTEXT('2D SPACE',''
  ) );
#13991 = ORIENTED_EDGE('',*,*,#9971,.T.);
#13992 = ORIENTED_EDGE('',*,*,#13944,.F.);
#13993 = ORIENTED_EDGE('',*,*,#5927,.F.);
#13994 = ADVANCED_FACE('',(#13995),#5898,.F.);
#13995 = FACE_BOUND('',#13996,.F.);
#13996 = EDGE_LOOP('',(#13997,#14018,#14019,#14020));
#13997 = ORIENTED_EDGE('',*,*,#13998,.T.);
#13998 = EDGE_CURVE('',#5824,#9895,#13999,.T.);
#13999 = SURFACE_CURVE('',#14000,(#14004,#14011),.PCURVE_S1.);
#14000 = LINE('',#14001,#14002);
#14001 = CARTESIAN_POINT('',(-8.017799778329,-17.742485359,0.));
#14002 = VECTOR('',#14003,1.);
#14003 = DIRECTION('',(0.,0.,1.));
#14004 = PCURVE('',#5898,#14005);
#14005 = DEFINITIONAL_REPRESENTATION('',(#14006),#14010);
#14006 = LINE('',#14007,#14008);
#14007 = CARTESIAN_POINT('',(0.,0.));
#14008 = VECTOR('',#14009,1.);
#14009 = DIRECTION('',(0.,-1.));
#14010 = ( GEOMETRIC_REPRESENTATION_CONTEXT(2) 
PARAMETRIC_REPRESENTATION_CONTEXT() REPRESENTATION_CONTEXT('2D SPACE',''
  ) );
#14011 = PCURVE('',#5840,#14012);
#14012 = DEFINITIONAL_REPRESENTATION('',(#14013),#14017);
#14013 = LINE('',#14014,#14015);
#14014 = CARTESIAN_POINT('',(-4.873496140226E-02,0.));
#14015 = VECTOR('',#14016,1.);
#14016 = DIRECTION('',(0.,-1.));
#14017 = ( GEOMETRIC_REPRESENTATION_CONTEXT(2) 
PARAMETRIC_REPRESENTATION_CONTEXT() REPRESENTATION_CONTEXT('2D SPACE',''
  ) );
#14018 = ORIENTED_EDGE('',*,*,#9918,.T.);
#14019 = ORIENTED_EDGE('',*,*,#13971,.F.);
#14020 = ORIENTED_EDGE('',*,*,#5852,.F.);
#14021 = ADVANCED_FACE('',(#14022),#5840,.T.);
#14022 = FACE_BOUND('',#14023,.F.);
#14023 = EDGE_LOOP('',(#14024,#14045,#14046,#14047));
#14024 = ORIENTED_EDGE('',*,*,#14025,.T.);
#14025 = EDGE_CURVE('',#5749,#9842,#14026,.T.);
#14026 = SURFACE_CURVE('',#14027,(#14031,#14038),.PCURVE_S1.);
#14027 = LINE('',#14028,#14029);
#14028 = CARTESIAN_POINT('',(-8.872617235768,-17.33082696779,0.));
#14029 = VECTOR('',#14030,1.);
#14030 = DIRECTION('',(0.,0.,1.));
#14031 = PCURVE('',#5840,#14032);
#14032 = DEFINITIONAL_REPRESENTATION('',(#14033),#14037);
#14033 = LINE('',#14034,#14035);
#14034 = CARTESIAN_POINT('',(0.,0.));
#14035 = VECTOR('',#14036,1.);
#14036 = DIRECTION('',(0.,-1.));
#14037 = ( GEOMETRIC_REPRESENTATION_CONTEXT(2) 
PARAMETRIC_REPRESENTATION_CONTEXT() REPRESENTATION_CONTEXT('2D SPACE',''
  ) );
#14038 = PCURVE('',#5794,#14039);
#14039 = DEFINITIONAL_REPRESENTATION('',(#14040),#14044);
#14040 = LINE('',#14041,#14042);
#14041 = CARTESIAN_POINT('',(2.512473190149,0.));
#14042 = VECTOR('',#14043,1.);
#14043 = DIRECTION('',(0.,-1.));
#14044 = ( GEOMETRIC_REPRESENTATION_CONTEXT(2) 
PARAMETRIC_REPRESENTATION_CONTEXT() REPRESENTATION_CONTEXT('2D SPACE',''
  ) );
#14045 = ORIENTED_EDGE('',*,*,#9894,.T.);
#14046 = ORIENTED_EDGE('',*,*,#13998,.F.);
#14047 = ORIENTED_EDGE('',*,*,#5823,.F.);
#14048 = ADVANCED_FACE('',(#14049),#5794,.F.);
#14049 = FACE_BOUND('',#14050,.F.);
#14050 = EDGE_LOOP('',(#14051,#14072,#14073,#14074));
#14051 = ORIENTED_EDGE('',*,*,#14052,.T.);
#14052 = EDGE_CURVE('',#5716,#9814,#14053,.T.);
#14053 = SURFACE_CURVE('',#14054,(#14058,#14065),.PCURVE_S1.);
#14054 = LINE('',#14055,#14056);
#14055 = CARTESIAN_POINT('',(-8.504068854395,-14.86444482477,0.));
#14056 = VECTOR('',#14057,1.);
#14057 = DIRECTION('',(0.,0.,1.));
#14058 = PCURVE('',#5794,#14059);
#14059 = DEFINITIONAL_REPRESENTATION('',(#14060),#14064);
#14060 = LINE('',#14061,#14062);
#14061 = CARTESIAN_POINT('',(0.,0.));
#14062 = VECTOR('',#14063,1.);
#14063 = DIRECTION('',(0.,-1.));
#14064 = ( GEOMETRIC_REPRESENTATION_CONTEXT(2) 
PARAMETRIC_REPRESENTATION_CONTEXT() REPRESENTATION_CONTEXT('2D SPACE',''
  ) );
#14065 = PCURVE('',#5736,#14066);
#14066 = DEFINITIONAL_REPRESENTATION('',(#14067),#14071);
#14067 = LINE('',#14068,#14069);
#14068 = CARTESIAN_POINT('',(1.466043443678,0.));
#14069 = VECTOR('',#14070,1.);
#14070 = DIRECTION('',(0.,-1.));
#14071 = ( GEOMETRIC_REPRESENTATION_CONTEXT(2) 
PARAMETRIC_REPRESENTATION_CONTEXT() REPRESENTATION_CONTEXT('2D SPACE',''
  ) );
#14072 = ORIENTED_EDGE('',*,*,#9841,.T.);
#14073 = ORIENTED_EDGE('',*,*,#14025,.F.);
#14074 = ORIENTED_EDGE('',*,*,#5748,.F.);
#14075 = ADVANCED_FACE('',(#14076),#5736,.F.);
#14076 = FACE_BOUND('',#14077,.F.);
#14077 = EDGE_LOOP('',(#14078,#14099,#14100,#14101));
#14078 = ORIENTED_EDGE('',*,*,#14079,.T.);
#14079 = EDGE_CURVE('',#5687,#9790,#14080,.T.);
#14080 = SURFACE_CURVE('',#14081,(#14085,#14092),.PCURVE_S1.);
#14081 = LINE('',#14082,#14083);
#14082 = CARTESIAN_POINT('',(-8.694811899521,-14.22308970785,0.));
#14083 = VECTOR('',#14084,1.);
#14084 = DIRECTION('',(0.,0.,1.));
#14085 = PCURVE('',#5736,#14086);
#14086 = DEFINITIONAL_REPRESENTATION('',(#14087),#14091);
#14087 = LINE('',#14088,#14089);
#14088 = CARTESIAN_POINT('',(0.,0.));
#14089 = VECTOR('',#14090,1.);
#14090 = DIRECTION('',(0.,-1.));
#14091 = ( GEOMETRIC_REPRESENTATION_CONTEXT(2) 
PARAMETRIC_REPRESENTATION_CONTEXT() REPRESENTATION_CONTEXT('2D SPACE',''
  ) );
#14092 = PCURVE('',#5703,#14093);
#14093 = DEFINITIONAL_REPRESENTATION('',(#14094),#14098);
#14094 = LINE('',#14095,#14096);
#14095 = CARTESIAN_POINT('',(-2.459926169438E-02,0.));
#14096 = VECTOR('',#14097,1.);
#14097 = DIRECTION('',(0.,-1.));
#14098 = ( GEOMETRIC_REPRESENTATION_CONTEXT(2) 
PARAMETRIC_REPRESENTATION_CONTEXT() REPRESENTATION_CONTEXT('2D SPACE',''
  ) );
#14099 = ORIENTED_EDGE('',*,*,#9813,.T.);
#14100 = ORIENTED_EDGE('',*,*,#14052,.F.);
#14101 = ORIENTED_EDGE('',*,*,#5715,.F.);
#14102 = ADVANCED_FACE('',(#14103),#5703,.T.);
#14103 = FACE_BOUND('',#14104,.F.);
#14104 = EDGE_LOOP('',(#14105,#14126,#14127,#14128));
#14105 = ORIENTED_EDGE('',*,*,#14106,.T.);
#14106 = EDGE_CURVE('',#5654,#9762,#14107,.T.);
#14107 = SURFACE_CURVE('',#14108,(#14112,#14119),.PCURVE_S1.);
#14108 = LINE('',#14109,#14110);
#14109 = CARTESIAN_POINT('',(-9.042023534275,-14.00492217798,0.));
#14110 = VECTOR('',#14111,1.);
#14111 = DIRECTION('',(0.,0.,1.));
#14112 = PCURVE('',#5703,#14113);
#14113 = DEFINITIONAL_REPRESENTATION('',(#14114),#14118);
#14114 = LINE('',#14115,#14116);
#14115 = CARTESIAN_POINT('',(0.,0.));
#14116 = VECTOR('',#14117,1.);
#14117 = DIRECTION('',(0.,-1.));
#14118 = ( GEOMETRIC_REPRESENTATION_CONTEXT(2) 
PARAMETRIC_REPRESENTATION_CONTEXT() REPRESENTATION_CONTEXT('2D SPACE',''
  ) );
#14119 = PCURVE('',#5674,#14120);
#14120 = DEFINITIONAL_REPRESENTATION('',(#14121),#14125);
#14121 = LINE('',#14122,#14123);
#14122 = CARTESIAN_POINT('',(1.466043443678,0.));
#14123 = VECTOR('',#14124,1.);
#14124 = DIRECTION('',(0.,-1.));
#14125 = ( GEOMETRIC_REPRESENTATION_CONTEXT(2) 
PARAMETRIC_REPRESENTATION_CONTEXT() REPRESENTATION_CONTEXT('2D SPACE',''
  ) );
#14126 = ORIENTED_EDGE('',*,*,#9789,.T.);
#14127 = ORIENTED_EDGE('',*,*,#14079,.F.);
#14128 = ORIENTED_EDGE('',*,*,#5686,.F.);
#14129 = ADVANCED_FACE('',(#14130),#5674,.F.);
#14130 = FACE_BOUND('',#14131,.F.);
#14131 = EDGE_LOOP('',(#14132,#14153,#14154,#14155));
#14132 = ORIENTED_EDGE('',*,*,#14133,.T.);
#14133 = EDGE_CURVE('',#5579,#9709,#14134,.T.);
#14134 = SURFACE_CURVE('',#14135,(#14139,#14146),.PCURVE_S1.);
#14135 = LINE('',#14136,#14137);
#14136 = CARTESIAN_POINT('',(-9.70262483352,-14.11134218878,0.));
#14137 = VECTOR('',#14138,1.);
#14138 = DIRECTION('',(0.,0.,1.));
#14139 = PCURVE('',#5674,#14140);
#14140 = DEFINITIONAL_REPRESENTATION('',(#14141),#14145);
#14141 = LINE('',#14142,#14143);
#14142 = CARTESIAN_POINT('',(0.,0.));
#14143 = VECTOR('',#14144,1.);
#14144 = DIRECTION('',(0.,-1.));
#14145 = ( GEOMETRIC_REPRESENTATION_CONTEXT(2) 
PARAMETRIC_REPRESENTATION_CONTEXT() REPRESENTATION_CONTEXT('2D SPACE',''
  ) );
#14146 = PCURVE('',#5624,#14147);
#14147 = DEFINITIONAL_REPRESENTATION('',(#14148),#14152);
#14148 = LINE('',#14149,#14150);
#14149 = CARTESIAN_POINT('',(2.512473190149,0.));
#14150 = VECTOR('',#14151,1.);
#14151 = DIRECTION('',(0.,-1.));
#14152 = ( GEOMETRIC_REPRESENTATION_CONTEXT(2) 
PARAMETRIC_REPRESENTATION_CONTEXT() REPRESENTATION_CONTEXT('2D SPACE',''
  ) );
#14153 = ORIENTED_EDGE('',*,*,#9761,.T.);
#14154 = ORIENTED_EDGE('',*,*,#14106,.F.);
#14155 = ORIENTED_EDGE('',*,*,#5653,.F.);
#14156 = ADVANCED_FACE('',(#14157),#5624,.F.);
#14157 = FACE_BOUND('',#14158,.F.);
#14158 = EDGE_LOOP('',(#14159,#14180,#14181,#14182));
#14159 = ORIENTED_EDGE('',*,*,#14160,.T.);
#14160 = EDGE_CURVE('',#5550,#9685,#14161,.T.);
#14161 = SURFACE_CURVE('',#14162,(#14166,#14173),.PCURVE_S1.);
#14162 = LINE('',#14163,#14164);
#14163 = CARTESIAN_POINT('',(-11.76485121097,-15.51351591302,0.));
#14164 = VECTOR('',#14165,1.);
#14165 = DIRECTION('',(0.,0.,1.));
#14166 = PCURVE('',#5624,#14167);
#14167 = DEFINITIONAL_REPRESENTATION('',(#14168),#14172);
#14168 = LINE('',#14169,#14170);
#14169 = CARTESIAN_POINT('',(0.,0.));
#14170 = VECTOR('',#14171,1.);
#14171 = DIRECTION('',(0.,-1.));
#14172 = ( GEOMETRIC_REPRESENTATION_CONTEXT(2) 
PARAMETRIC_REPRESENTATION_CONTEXT() REPRESENTATION_CONTEXT('2D SPACE',''
  ) );
#14173 = PCURVE('',#5566,#14174);
#14174 = DEFINITIONAL_REPRESENTATION('',(#14175),#14179);
#14175 = LINE('',#14176,#14177);
#14176 = CARTESIAN_POINT('',(-4.873496140223E-02,0.));
#14177 = VECTOR('',#14178,1.);
#14178 = DIRECTION('',(0.,-1.));
#14179 = ( GEOMETRIC_REPRESENTATION_CONTEXT(2) 
PARAMETRIC_REPRESENTATION_CONTEXT() REPRESENTATION_CONTEXT('2D SPACE',''
  ) );
#14180 = ORIENTED_EDGE('',*,*,#9708,.T.);
#14181 = ORIENTED_EDGE('',*,*,#14133,.F.);
#14182 = ORIENTED_EDGE('',*,*,#5578,.F.);
#14183 = ADVANCED_FACE('',(#14184),#5566,.T.);
#14184 = FACE_BOUND('',#14185,.F.);
#14185 = EDGE_LOOP('',(#14186,#14207,#14208,#14209));
#14186 = ORIENTED_EDGE('',*,*,#14187,.T.);
#14187 = EDGE_CURVE('',#5475,#9632,#14188,.T.);
#14188 = SURFACE_CURVE('',#14189,(#14193,#14200),.PCURVE_S1.);
#14189 = LINE('',#14190,#14191);
#14190 = CARTESIAN_POINT('',(-12.50663400036,-14.92196387815,0.));
#14191 = VECTOR('',#14192,1.);
#14192 = DIRECTION('',(0.,0.,1.));
#14193 = PCURVE('',#5566,#14194);
#14194 = DEFINITIONAL_REPRESENTATION('',(#14195),#14199);
#14195 = LINE('',#14196,#14197);
#14196 = CARTESIAN_POINT('',(0.,0.));
#14197 = VECTOR('',#14198,1.);
#14198 = DIRECTION('',(0.,-1.));
#14199 = ( GEOMETRIC_REPRESENTATION_CONTEXT(2) 
PARAMETRIC_REPRESENTATION_CONTEXT() REPRESENTATION_CONTEXT('2D SPACE',''
  ) );
#14200 = PCURVE('',#5520,#14201);
#14201 = DEFINITIONAL_REPRESENTATION('',(#14202),#14206);
#14202 = LINE('',#14203,#14204);
#14203 = CARTESIAN_POINT('',(2.512473190149,0.));
#14204 = VECTOR('',#14205,1.);
#14205 = DIRECTION('',(0.,-1.));
#14206 = ( GEOMETRIC_REPRESENTATION_CONTEXT(2) 
PARAMETRIC_REPRESENTATION_CONTEXT() REPRESENTATION_CONTEXT('2D SPACE',''
  ) );
#14207 = ORIENTED_EDGE('',*,*,#9684,.T.);
#14208 = ORIENTED_EDGE('',*,*,#14160,.F.);
#14209 = ORIENTED_EDGE('',*,*,#5549,.F.);
#14210 = ADVANCED_FACE('',(#14211),#5520,.F.);
#14211 = FACE_BOUND('',#14212,.F.);
#14212 = EDGE_LOOP('',(#14213,#14234,#14235,#14236));
#14213 = ORIENTED_EDGE('',*,*,#14214,.T.);
#14214 = EDGE_CURVE('',#5442,#9604,#14215,.T.);
#14215 = SURFACE_CURVE('',#14216,(#14220,#14227),.PCURVE_S1.);
#14216 = LINE('',#14217,#14218);
#14217 = CARTESIAN_POINT('',(-11.59850423841,-12.59942881485,0.));
#14218 = VECTOR('',#14219,1.);
#14219 = DIRECTION('',(0.,0.,1.));
#14220 = PCURVE('',#5520,#14221);
#14221 = DEFINITIONAL_REPRESENTATION('',(#14222),#14226);
#14222 = LINE('',#14223,#14224);
#14223 = CARTESIAN_POINT('',(0.,0.));
#14224 = VECTOR('',#14225,1.);
#14225 = DIRECTION('',(0.,-1.));
#14226 = ( GEOMETRIC_REPRESENTATION_CONTEXT(2) 
PARAMETRIC_REPRESENTATION_CONTEXT() REPRESENTATION_CONTEXT('2D SPACE',''
  ) );
#14227 = PCURVE('',#5462,#14228);
#14228 = DEFINITIONAL_REPRESENTATION('',(#14229),#14233);
#14229 = LINE('',#14230,#14231);
#14230 = CARTESIAN_POINT('',(1.466043443678,0.));
#14231 = VECTOR('',#14232,1.);
#14232 = DIRECTION('',(0.,-1.));
#14233 = ( GEOMETRIC_REPRESENTATION_CONTEXT(2) 
PARAMETRIC_REPRESENTATION_CONTEXT() REPRESENTATION_CONTEXT('2D SPACE',''
  ) );
#14234 = ORIENTED_EDGE('',*,*,#9631,.T.);
#14235 = ORIENTED_EDGE('',*,*,#14187,.F.);
#14236 = ORIENTED_EDGE('',*,*,#5474,.F.);
#14237 = ADVANCED_FACE('',(#14238),#5462,.F.);
#14238 = FACE_BOUND('',#14239,.F.);
#14239 = EDGE_LOOP('',(#14240,#14261,#14262,#14263));
#14240 = ORIENTED_EDGE('',*,*,#14241,.T.);
#14241 = EDGE_CURVE('',#5413,#9580,#14242,.T.);
#14242 = SURFACE_CURVE('',#14243,(#14247,#14254),.PCURVE_S1.);
#14243 = LINE('',#14244,#14245);
#14244 = CARTESIAN_POINT('',(-11.64175001755,-11.9317094892,0.));
#14245 = VECTOR('',#14246,1.);
#14246 = DIRECTION('',(0.,0.,1.));
#14247 = PCURVE('',#5462,#14248);
#14248 = DEFINITIONAL_REPRESENTATION('',(#14249),#14253);
#14249 = LINE('',#14250,#14251);
#14250 = CARTESIAN_POINT('',(0.,0.));
#14251 = VECTOR('',#14252,1.);
#14252 = DIRECTION('',(0.,-1.));
#14253 = ( GEOMETRIC_REPRESENTATION_CONTEXT(2) 
PARAMETRIC_REPRESENTATION_CONTEXT() REPRESENTATION_CONTEXT('2D SPACE',''
  ) );
#14254 = PCURVE('',#5429,#14255);
#14255 = DEFINITIONAL_REPRESENTATION('',(#14256),#14260);
#14256 = LINE('',#14257,#14258);
#14257 = CARTESIAN_POINT('',(-2.459926169431E-02,0.));
#14258 = VECTOR('',#14259,1.);
#14259 = DIRECTION('',(0.,-1.));
#14260 = ( GEOMETRIC_REPRESENTATION_CONTEXT(2) 
PARAMETRIC_REPRESENTATION_CONTEXT() REPRESENTATION_CONTEXT('2D SPACE',''
  ) );
#14261 = ORIENTED_EDGE('',*,*,#9603,.T.);
#14262 = ORIENTED_EDGE('',*,*,#14214,.F.);
#14263 = ORIENTED_EDGE('',*,*,#5441,.F.);
#14264 = ADVANCED_FACE('',(#14265),#5429,.T.);
#14265 = FACE_BOUND('',#14266,.F.);
#14266 = EDGE_LOOP('',(#14267,#14288,#14289,#14290));
#14267 = ORIENTED_EDGE('',*,*,#14268,.T.);
#14268 = EDGE_CURVE('',#5380,#9552,#14269,.T.);
#14269 = SURFACE_CURVE('',#14270,(#14274,#14281),.PCURVE_S1.);
#14270 = LINE('',#14271,#14272);
#14271 = CARTESIAN_POINT('',(-11.9317094892,-11.64175001755,0.));
#14272 = VECTOR('',#14273,1.);
#14273 = DIRECTION('',(0.,0.,1.));
#14274 = PCURVE('',#5429,#14275);
#14275 = DEFINITIONAL_REPRESENTATION('',(#14276),#14280);
#14276 = LINE('',#14277,#14278);
#14277 = CARTESIAN_POINT('',(0.,0.));
#14278 = VECTOR('',#14279,1.);
#14279 = DIRECTION('',(0.,-1.));
#14280 = ( GEOMETRIC_REPRESENTATION_CONTEXT(2) 
PARAMETRIC_REPRESENTATION_CONTEXT() REPRESENTATION_CONTEXT('2D SPACE',''
  ) );
#14281 = PCURVE('',#5400,#14282);
#14282 = DEFINITIONAL_REPRESENTATION('',(#14283),#14287);
#14283 = LINE('',#14284,#14285);
#14284 = CARTESIAN_POINT('',(1.466043443678,0.));
#14285 = VECTOR('',#14286,1.);
#14286 = DIRECTION('',(0.,-1.));
#14287 = ( GEOMETRIC_REPRESENTATION_CONTEXT(2) 
PARAMETRIC_REPRESENTATION_CONTEXT() REPRESENTATION_CONTEXT('2D SPACE',''
  ) );
#14288 = ORIENTED_EDGE('',*,*,#9579,.T.);
#14289 = ORIENTED_EDGE('',*,*,#14241,.F.);
#14290 = ORIENTED_EDGE('',*,*,#5412,.F.);
#14291 = ADVANCED_FACE('',(#14292),#5400,.F.);
#14292 = FACE_BOUND('',#14293,.F.);
#14293 = EDGE_LOOP('',(#14294,#14315,#14316,#14317));
#14294 = ORIENTED_EDGE('',*,*,#14295,.T.);
#14295 = EDGE_CURVE('',#5305,#9499,#14296,.T.);
#14296 = SURFACE_CURVE('',#14297,(#14301,#14308),.PCURVE_S1.);
#14297 = LINE('',#14298,#14299);
#14298 = CARTESIAN_POINT('',(-12.59942881485,-11.59850423841,0.));
#14299 = VECTOR('',#14300,1.);
#14300 = DIRECTION('',(0.,0.,1.));
#14301 = PCURVE('',#5400,#14302);
#14302 = DEFINITIONAL_REPRESENTATION('',(#14303),#14307);
#14303 = LINE('',#14304,#14305);
#14304 = CARTESIAN_POINT('',(0.,0.));
#14305 = VECTOR('',#14306,1.);
#14306 = DIRECTION('',(0.,-1.));
#14307 = ( GEOMETRIC_REPRESENTATION_CONTEXT(2) 
PARAMETRIC_REPRESENTATION_CONTEXT() REPRESENTATION_CONTEXT('2D SPACE',''
  ) );
#14308 = PCURVE('',#5350,#14309);
#14309 = DEFINITIONAL_REPRESENTATION('',(#14310),#14314);
#14310 = LINE('',#14311,#14312);
#14311 = CARTESIAN_POINT('',(2.512473190149,0.));
#14312 = VECTOR('',#14313,1.);
#14313 = DIRECTION('',(0.,-1.));
#14314 = ( GEOMETRIC_REPRESENTATION_CONTEXT(2) 
PARAMETRIC_REPRESENTATION_CONTEXT() REPRESENTATION_CONTEXT('2D SPACE',''
  ) );
#14315 = ORIENTED_EDGE('',*,*,#9551,.T.);
#14316 = ORIENTED_EDGE('',*,*,#14268,.F.);
#14317 = ORIENTED_EDGE('',*,*,#5379,.F.);
#14318 = ADVANCED_FACE('',(#14319),#5350,.F.);
#14319 = FACE_BOUND('',#14320,.F.);
#14320 = EDGE_LOOP('',(#14321,#14342,#14343,#14344));
#14321 = ORIENTED_EDGE('',*,*,#14322,.T.);
#14322 = EDGE_CURVE('',#5276,#9475,#14323,.T.);
#14323 = SURFACE_CURVE('',#14324,(#14328,#14335),.PCURVE_S1.);
#14324 = LINE('',#14325,#14326);
#14325 = CARTESIAN_POINT('',(-14.92196387815,-12.50663400036,0.));
#14326 = VECTOR('',#14327,1.);
#14327 = DIRECTION('',(0.,0.,1.));
#14328 = PCURVE('',#5350,#14329);
#14329 = DEFINITIONAL_REPRESENTATION('',(#14330),#14334);
#14330 = LINE('',#14331,#14332);
#14331 = CARTESIAN_POINT('',(0.,0.));
#14332 = VECTOR('',#14333,1.);
#14333 = DIRECTION('',(0.,-1.));
#14334 = ( GEOMETRIC_REPRESENTATION_CONTEXT(2) 
PARAMETRIC_REPRESENTATION_CONTEXT() REPRESENTATION_CONTEXT('2D SPACE',''
  ) );
#14335 = PCURVE('',#5292,#14336);
#14336 = DEFINITIONAL_REPRESENTATION('',(#14337),#14341);
#14337 = LINE('',#14338,#14339);
#14338 = CARTESIAN_POINT('',(-4.873496140229E-02,0.));
#14339 = VECTOR('',#14340,1.);
#14340 = DIRECTION('',(0.,-1.));
#14341 = ( GEOMETRIC_REPRESENTATION_CONTEXT(2) 
PARAMETRIC_REPRESENTATION_CONTEXT() REPRESENTATION_CONTEXT('2D SPACE',''
  ) );
#14342 = ORIENTED_EDGE('',*,*,#9498,.T.);
#14343 = ORIENTED_EDGE('',*,*,#14295,.F.);
#14344 = ORIENTED_EDGE('',*,*,#5304,.F.);
#14345 = ADVANCED_FACE('',(#14346),#5292,.T.);
#14346 = FACE_BOUND('',#14347,.F.);
#14347 = EDGE_LOOP('',(#14348,#14369,#14370,#14371));
#14348 = ORIENTED_EDGE('',*,*,#14349,.T.);
#14349 = EDGE_CURVE('',#5201,#9422,#14350,.T.);
#14350 = SURFACE_CURVE('',#14351,(#14355,#14362),.PCURVE_S1.);
#14351 = LINE('',#14352,#14353);
#14352 = CARTESIAN_POINT('',(-15.51351591302,-11.76485121097,0.));
#14353 = VECTOR('',#14354,1.);
#14354 = DIRECTION('',(0.,0.,1.));
#14355 = PCURVE('',#5292,#14356);
#14356 = DEFINITIONAL_REPRESENTATION('',(#14357),#14361);
#14357 = LINE('',#14358,#14359);
#14358 = CARTESIAN_POINT('',(0.,0.));
#14359 = VECTOR('',#14360,1.);
#14360 = DIRECTION('',(0.,-1.));
#14361 = ( GEOMETRIC_REPRESENTATION_CONTEXT(2) 
PARAMETRIC_REPRESENTATION_CONTEXT() REPRESENTATION_CONTEXT('2D SPACE',''
  ) );
#14362 = PCURVE('',#5246,#14363);
#14363 = DEFINITIONAL_REPRESENTATION('',(#14364),#14368);
#14364 = LINE('',#14365,#14366);
#14365 = CARTESIAN_POINT('',(2.512473190149,0.));
#14366 = VECTOR('',#14367,1.);
#14367 = DIRECTION('',(0.,-1.));
#14368 = ( GEOMETRIC_REPRESENTATION_CONTEXT(2) 
PARAMETRIC_REPRESENTATION_CONTEXT() REPRESENTATION_CONTEXT('2D SPACE',''
  ) );
#14369 = ORIENTED_EDGE('',*,*,#9474,.T.);
#14370 = ORIENTED_EDGE('',*,*,#14322,.F.);
#14371 = ORIENTED_EDGE('',*,*,#5275,.F.);
#14372 = ADVANCED_FACE('',(#14373),#5246,.F.);
#14373 = FACE_BOUND('',#14374,.F.);
#14374 = EDGE_LOOP('',(#14375,#14396,#14397,#14398));
#14375 = ORIENTED_EDGE('',*,*,#14376,.T.);
#14376 = EDGE_CURVE('',#5168,#9394,#14377,.T.);
#14377 = SURFACE_CURVE('',#14378,(#14382,#14389),.PCURVE_S1.);
#14378 = LINE('',#14379,#14380);
#14379 = CARTESIAN_POINT('',(-14.11134218878,-9.70262483352,0.));
#14380 = VECTOR('',#14381,1.);
#14381 = DIRECTION('',(0.,0.,1.));
#14382 = PCURVE('',#5246,#14383);
#14383 = DEFINITIONAL_REPRESENTATION('',(#14384),#14388);
#14384 = LINE('',#14385,#14386);
#14385 = CARTESIAN_POINT('',(0.,0.));
#14386 = VECTOR('',#14387,1.);
#14387 = DIRECTION('',(0.,-1.));
#14388 = ( GEOMETRIC_REPRESENTATION_CONTEXT(2) 
PARAMETRIC_REPRESENTATION_CONTEXT() REPRESENTATION_CONTEXT('2D SPACE',''
  ) );
#14389 = PCURVE('',#5188,#14390);
#14390 = DEFINITIONAL_REPRESENTATION('',(#14391),#14395);
#14391 = LINE('',#14392,#14393);
#14392 = CARTESIAN_POINT('',(1.466043443678,0.));
#14393 = VECTOR('',#14394,1.);
#14394 = DIRECTION('',(0.,-1.));
#14395 = ( GEOMETRIC_REPRESENTATION_CONTEXT(2) 
PARAMETRIC_REPRESENTATION_CONTEXT() REPRESENTATION_CONTEXT('2D SPACE',''
  ) );
#14396 = ORIENTED_EDGE('',*,*,#9421,.T.);
#14397 = ORIENTED_EDGE('',*,*,#14349,.F.);
#14398 = ORIENTED_EDGE('',*,*,#5200,.F.);
#14399 = ADVANCED_FACE('',(#14400),#5188,.F.);
#14400 = FACE_BOUND('',#14401,.F.);
#14401 = EDGE_LOOP('',(#14402,#14423,#14424,#14425));
#14402 = ORIENTED_EDGE('',*,*,#14403,.T.);
#14403 = EDGE_CURVE('',#5139,#9370,#14404,.T.);
#14404 = SURFACE_CURVE('',#14405,(#14409,#14416),.PCURVE_S1.);
#14405 = LINE('',#14406,#14407);
#14406 = CARTESIAN_POINT('',(-14.00492217798,-9.042023534275,0.));
#14407 = VECTOR('',#14408,1.);
#14408 = DIRECTION('',(0.,0.,1.));
#14409 = PCURVE('',#5188,#14410);
#14410 = DEFINITIONAL_REPRESENTATION('',(#14411),#14415);
#14411 = LINE('',#14412,#14413);
#14412 = CARTESIAN_POINT('',(0.,0.));
#14413 = VECTOR('',#14414,1.);
#14414 = DIRECTION('',(0.,-1.));
#14415 = ( GEOMETRIC_REPRESENTATION_CONTEXT(2) 
PARAMETRIC_REPRESENTATION_CONTEXT() REPRESENTATION_CONTEXT('2D SPACE',''
  ) );
#14416 = PCURVE('',#5155,#14417);
#14417 = DEFINITIONAL_REPRESENTATION('',(#14418),#14422);
#14418 = LINE('',#14419,#14420);
#14419 = CARTESIAN_POINT('',(-2.459926169436E-02,0.));
#14420 = VECTOR('',#14421,1.);
#14421 = DIRECTION('',(0.,-1.));
#14422 = ( GEOMETRIC_REPRESENTATION_CONTEXT(2) 
PARAMETRIC_REPRESENTATION_CONTEXT() REPRESENTATION_CONTEXT('2D SPACE',''
  ) );
#14423 = ORIENTED_EDGE('',*,*,#9393,.T.);
#14424 = ORIENTED_EDGE('',*,*,#14376,.F.);
#14425 = ORIENTED_EDGE('',*,*,#5167,.F.);
#14426 = ADVANCED_FACE('',(#14427),#5155,.T.);
#14427 = FACE_BOUND('',#14428,.F.);
#14428 = EDGE_LOOP('',(#14429,#14450,#14451,#14452));
#14429 = ORIENTED_EDGE('',*,*,#14430,.T.);
#14430 = EDGE_CURVE('',#5106,#9342,#14431,.T.);
#14431 = SURFACE_CURVE('',#14432,(#14436,#14443),.PCURVE_S1.);
#14432 = LINE('',#14433,#14434);
#14433 = CARTESIAN_POINT('',(-14.22308970785,-8.694811899521,0.));
#14434 = VECTOR('',#14435,1.);
#14435 = DIRECTION('',(0.,0.,1.));
#14436 = PCURVE('',#5155,#14437);
#14437 = DEFINITIONAL_REPRESENTATION('',(#14438),#14442);
#14438 = LINE('',#14439,#14440);
#14439 = CARTESIAN_POINT('',(0.,0.));
#14440 = VECTOR('',#14441,1.);
#14441 = DIRECTION('',(0.,-1.));
#14442 = ( GEOMETRIC_REPRESENTATION_CONTEXT(2) 
PARAMETRIC_REPRESENTATION_CONTEXT() REPRESENTATION_CONTEXT('2D SPACE',''
  ) );
#14443 = PCURVE('',#5126,#14444);
#14444 = DEFINITIONAL_REPRESENTATION('',(#14445),#14449);
#14445 = LINE('',#14446,#14447);
#14446 = CARTESIAN_POINT('',(1.466043443678,0.));
#14447 = VECTOR('',#14448,1.);
#14448 = DIRECTION('',(0.,-1.));
#14449 = ( GEOMETRIC_REPRESENTATION_CONTEXT(2) 
PARAMETRIC_REPRESENTATION_CONTEXT() REPRESENTATION_CONTEXT('2D SPACE',''
  ) );
#14450 = ORIENTED_EDGE('',*,*,#9369,.T.);
#14451 = ORIENTED_EDGE('',*,*,#14403,.F.);
#14452 = ORIENTED_EDGE('',*,*,#5138,.F.);
#14453 = ADVANCED_FACE('',(#14454),#5126,.F.);
#14454 = FACE_BOUND('',#14455,.F.);
#14455 = EDGE_LOOP('',(#14456,#14477,#14478,#14479));
#14456 = ORIENTED_EDGE('',*,*,#14457,.T.);
#14457 = EDGE_CURVE('',#5031,#9289,#14458,.T.);
#14458 = SURFACE_CURVE('',#14459,(#14463,#14470),.PCURVE_S1.);
#14459 = LINE('',#14460,#14461);
#14460 = CARTESIAN_POINT('',(-14.86444482477,-8.504068854395,0.));
#14461 = VECTOR('',#14462,1.);
#14462 = DIRECTION('',(0.,0.,1.));
#14463 = PCURVE('',#5126,#14464);
#14464 = DEFINITIONAL_REPRESENTATION('',(#14465),#14469);
#14465 = LINE('',#14466,#14467);
#14466 = CARTESIAN_POINT('',(0.,0.));
#14467 = VECTOR('',#14468,1.);
#14468 = DIRECTION('',(0.,-1.));
#14469 = ( GEOMETRIC_REPRESENTATION_CONTEXT(2) 
PARAMETRIC_REPRESENTATION_CONTEXT() REPRESENTATION_CONTEXT('2D SPACE',''
  ) );
#14470 = PCURVE('',#5076,#14471);
#14471 = DEFINITIONAL_REPRESENTATION('',(#14472),#14476);
#14472 = LINE('',#14473,#14474);
#14473 = CARTESIAN_POINT('',(2.512473190149,0.));
#14474 = VECTOR('',#14475,1.);
#14475 = DIRECTION('',(0.,-1.));
#14476 = ( GEOMETRIC_REPRESENTATION_CONTEXT(2) 
PARAMETRIC_REPRESENTATION_CONTEXT() REPRESENTATION_CONTEXT('2D SPACE',''
  ) );
#14477 = ORIENTED_EDGE('',*,*,#9341,.T.);
#14478 = ORIENTED_EDGE('',*,*,#14430,.F.);
#14479 = ORIENTED_EDGE('',*,*,#5105,.F.);
#14480 = ADVANCED_FACE('',(#14481),#5076,.F.);
#14481 = FACE_BOUND('',#14482,.F.);
#14482 = EDGE_LOOP('',(#14483,#14504,#14505,#14506));
#14483 = ORIENTED_EDGE('',*,*,#14484,.T.);
#14484 = EDGE_CURVE('',#5002,#9265,#14485,.T.);
#14485 = SURFACE_CURVE('',#14486,(#14490,#14497),.PCURVE_S1.);
#14486 = LINE('',#14487,#14488);
#14487 = CARTESIAN_POINT('',(-17.33082696779,-8.872617235768,0.));
#14488 = VECTOR('',#14489,1.);
#14489 = DIRECTION('',(0.,0.,1.));
#14490 = PCURVE('',#5076,#14491);
#14491 = DEFINITIONAL_REPRESENTATION('',(#14492),#14496);
#14492 = LINE('',#14493,#14494);
#14493 = CARTESIAN_POINT('',(0.,0.));
#14494 = VECTOR('',#14495,1.);
#14495 = DIRECTION('',(0.,-1.));
#14496 = ( GEOMETRIC_REPRESENTATION_CONTEXT(2) 
PARAMETRIC_REPRESENTATION_CONTEXT() REPRESENTATION_CONTEXT('2D SPACE',''
  ) );
#14497 = PCURVE('',#5018,#14498);
#14498 = DEFINITIONAL_REPRESENTATION('',(#14499),#14503);
#14499 = LINE('',#14500,#14501);
#14500 = CARTESIAN_POINT('',(-4.873496140226E-02,0.));
#14501 = VECTOR('',#14502,1.);
#14502 = DIRECTION('',(0.,-1.));
#14503 = ( GEOMETRIC_REPRESENTATION_CONTEXT(2) 
PARAMETRIC_REPRESENTATION_CONTEXT() REPRESENTATION_CONTEXT('2D SPACE',''
  ) );
#14504 = ORIENTED_EDGE('',*,*,#9288,.T.);
#14505 = ORIENTED_EDGE('',*,*,#14457,.F.);
#14506 = ORIENTED_EDGE('',*,*,#5030,.F.);
#14507 = ADVANCED_FACE('',(#14508),#5018,.T.);
#14508 = FACE_BOUND('',#14509,.F.);
#14509 = EDGE_LOOP('',(#14510,#14531,#14532,#14533));
#14510 = ORIENTED_EDGE('',*,*,#14511,.T.);
#14511 = EDGE_CURVE('',#4927,#9212,#14512,.T.);
#14512 = SURFACE_CURVE('',#14513,(#14517,#14524),.PCURVE_S1.);
#14513 = LINE('',#14514,#14515);
#14514 = CARTESIAN_POINT('',(-17.742485359,-8.017799778329,0.));
#14515 = VECTOR('',#14516,1.);
#14516 = DIRECTION('',(0.,0.,1.));
#14517 = PCURVE('',#5018,#14518);
#14518 = DEFINITIONAL_REPRESENTATION('',(#14519),#14523);
#14519 = LINE('',#14520,#14521);
#14520 = CARTESIAN_POINT('',(0.,0.));
#14521 = VECTOR('',#14522,1.);
#14522 = DIRECTION('',(0.,-1.));
#14523 = ( GEOMETRIC_REPRESENTATION_CONTEXT(2) 
PARAMETRIC_REPRESENTATION_CONTEXT() REPRESENTATION_CONTEXT('2D SPACE',''
  ) );
#14524 = PCURVE('',#4972,#14525);
#14525 = DEFINITIONAL_REPRESENTATION('',(#14526),#14530);
#14526 = LINE('',#14527,#14528);
#14527 = CARTESIAN_POINT('',(2.512473190149,0.));
#14528 = VECTOR('',#14529,1.);
#14529 = DIRECTION('',(0.,-1.));
#14530 = ( GEOMETRIC_REPRESENTATION_CONTEXT(2) 
PARAMETRIC_REPRESENTATION_CONTEXT() REPRESENTATION_CONTEXT('2D SPACE',''
  ) );
#14531 = ORIENTED_EDGE('',*,*,#9264,.T.);
#14532 = ORIENTED_EDGE('',*,*,#14484,.F.);
#14533 = ORIENTED_EDGE('',*,*,#5001,.F.);
#14534 = ADVANCED_FACE('',(#14535),#4972,.F.);
#14535 = FACE_BOUND('',#14536,.F.);
#14536 = EDGE_LOOP('',(#14537,#14558,#14559,#14560));
#14537 = ORIENTED_EDGE('',*,*,#14538,.T.);
#14538 = EDGE_CURVE('',#4894,#9184,#14539,.T.);
#14539 = SURFACE_CURVE('',#14540,(#14544,#14551),.PCURVE_S1.);
#14540 = LINE('',#14541,#14542);
#14541 = CARTESIAN_POINT('',(-15.91657851798,-6.3192907284,0.));
#14542 = VECTOR('',#14543,1.);
#14543 = DIRECTION('',(0.,0.,1.));
#14544 = PCURVE('',#4972,#14545);
#14545 = DEFINITIONAL_REPRESENTATION('',(#14546),#14550);
#14546 = LINE('',#14547,#14548);
#14547 = CARTESIAN_POINT('',(0.,0.));
#14548 = VECTOR('',#14549,1.);
#14549 = DIRECTION('',(0.,-1.));
#14550 = ( GEOMETRIC_REPRESENTATION_CONTEXT(2) 
PARAMETRIC_REPRESENTATION_CONTEXT() REPRESENTATION_CONTEXT('2D SPACE',''
  ) );
#14551 = PCURVE('',#4914,#14552);
#14552 = DEFINITIONAL_REPRESENTATION('',(#14553),#14557);
#14553 = LINE('',#14554,#14555);
#14554 = CARTESIAN_POINT('',(1.466043443678,0.));
#14555 = VECTOR('',#14556,1.);
#14556 = DIRECTION('',(0.,-1.));
#14557 = ( GEOMETRIC_REPRESENTATION_CONTEXT(2) 
PARAMETRIC_REPRESENTATION_CONTEXT() REPRESENTATION_CONTEXT('2D SPACE',''
  ) );
#14558 = ORIENTED_EDGE('',*,*,#9211,.T.);
#14559 = ORIENTED_EDGE('',*,*,#14511,.F.);
#14560 = ORIENTED_EDGE('',*,*,#4926,.F.);
#14561 = ADVANCED_FACE('',(#14562),#4914,.F.);
#14562 = FACE_BOUND('',#14563,.F.);
#14563 = EDGE_LOOP('',(#14564,#14585,#14586,#14587));
#14564 = ORIENTED_EDGE('',*,*,#14565,.T.);
#14565 = EDGE_CURVE('',#4865,#9160,#14566,.T.);
#14566 = SURFACE_CURVE('',#14567,(#14571,#14578),.PCURVE_S1.);
#14567 = LINE('',#14568,#14569);
#14568 = CARTESIAN_POINT('',(-15.66582906095,-5.698932763138,0.));
#14569 = VECTOR('',#14570,1.);
#14570 = DIRECTION('',(0.,0.,1.));
#14571 = PCURVE('',#4914,#14572);
#14572 = DEFINITIONAL_REPRESENTATION('',(#14573),#14577);
#14573 = LINE('',#14574,#14575);
#14574 = CARTESIAN_POINT('',(0.,0.));
#14575 = VECTOR('',#14576,1.);
#14576 = DIRECTION('',(0.,-1.));
#14577 = ( GEOMETRIC_REPRESENTATION_CONTEXT(2) 
PARAMETRIC_REPRESENTATION_CONTEXT() REPRESENTATION_CONTEXT('2D SPACE',''
  ) );
#14578 = PCURVE('',#4881,#14579);
#14579 = DEFINITIONAL_REPRESENTATION('',(#14580),#14584);
#14580 = LINE('',#14581,#14582);
#14581 = CARTESIAN_POINT('',(-2.459926169426E-02,0.));
#14582 = VECTOR('',#14583,1.);
#14583 = DIRECTION('',(0.,-1.));
#14584 = ( GEOMETRIC_REPRESENTATION_CONTEXT(2) 
PARAMETRIC_REPRESENTATION_CONTEXT() REPRESENTATION_CONTEXT('2D SPACE',''
  ) );
#14585 = ORIENTED_EDGE('',*,*,#9183,.T.);
#14586 = ORIENTED_EDGE('',*,*,#14538,.F.);
#14587 = ORIENTED_EDGE('',*,*,#4893,.F.);
#14588 = ADVANCED_FACE('',(#14589),#4881,.T.);
#14589 = FACE_BOUND('',#14590,.F.);
#14590 = EDGE_LOOP('',(#14591,#14612,#14613,#14614));
#14591 = ORIENTED_EDGE('',*,*,#14592,.T.);
#14592 = EDGE_CURVE('',#4832,#9132,#14593,.T.);
#14593 = SURFACE_CURVE('',#14594,(#14598,#14605),.PCURVE_S1.);
#14594 = LINE('',#14595,#14596);
#14595 = CARTESIAN_POINT('',(-15.80126481811,-5.311879606477,0.));
#14596 = VECTOR('',#14597,1.);
#14597 = DIRECTION('',(0.,0.,1.));
#14598 = PCURVE('',#4881,#14599);
#14599 = DEFINITIONAL_REPRESENTATION('',(#14600),#14604);
#14600 = LINE('',#14601,#14602);
#14601 = CARTESIAN_POINT('',(0.,0.));
#14602 = VECTOR('',#14603,1.);
#14603 = DIRECTION('',(0.,-1.));
#14604 = ( GEOMETRIC_REPRESENTATION_CONTEXT(2) 
PARAMETRIC_REPRESENTATION_CONTEXT() REPRESENTATION_CONTEXT('2D SPACE',''
  ) );
#14605 = PCURVE('',#4852,#14606);
#14606 = DEFINITIONAL_REPRESENTATION('',(#14607),#14611);
#14607 = LINE('',#14608,#14609);
#14608 = CARTESIAN_POINT('',(1.466043443678,0.));
#14609 = VECTOR('',#14610,1.);
#14610 = DIRECTION('',(0.,-1.));
#14611 = ( GEOMETRIC_REPRESENTATION_CONTEXT(2) 
PARAMETRIC_REPRESENTATION_CONTEXT() REPRESENTATION_CONTEXT('2D SPACE',''
  ) );
#14612 = ORIENTED_EDGE('',*,*,#9159,.T.);
#14613 = ORIENTED_EDGE('',*,*,#14565,.F.);
#14614 = ORIENTED_EDGE('',*,*,#4864,.F.);
#14615 = ADVANCED_FACE('',(#14616),#4852,.F.);
#14616 = FACE_BOUND('',#14617,.F.);
#14617 = EDGE_LOOP('',(#14618,#14639,#14640,#14641));
#14618 = ORIENTED_EDGE('',*,*,#14619,.T.);
#14619 = EDGE_CURVE('',#4757,#9079,#14620,.T.);
#14620 = SURFACE_CURVE('',#14621,(#14625,#14632),.PCURVE_S1.);
#14621 = LINE('',#14622,#14623);
#14622 = CARTESIAN_POINT('',(-16.38409550267,-4.983203948114,0.));
#14623 = VECTOR('',#14624,1.);
#14624 = DIRECTION('',(0.,0.,1.));
#14625 = PCURVE('',#4852,#14626);
#14626 = DEFINITIONAL_REPRESENTATION('',(#14627),#14631);
#14627 = LINE('',#14628,#14629);
#14628 = CARTESIAN_POINT('',(0.,0.));
#14629 = VECTOR('',#14630,1.);
#14630 = DIRECTION('',(0.,-1.));
#14631 = ( GEOMETRIC_REPRESENTATION_CONTEXT(2) 
PARAMETRIC_REPRESENTATION_CONTEXT() REPRESENTATION_CONTEXT('2D SPACE',''
  ) );
#14632 = PCURVE('',#4802,#14633);
#14633 = DEFINITIONAL_REPRESENTATION('',(#14634),#14638);
#14634 = LINE('',#14635,#14636);
#14635 = CARTESIAN_POINT('',(2.512473190149,0.));
#14636 = VECTOR('',#14637,1.);
#14637 = DIRECTION('',(0.,-1.));
#14638 = ( GEOMETRIC_REPRESENTATION_CONTEXT(2) 
PARAMETRIC_REPRESENTATION_CONTEXT() REPRESENTATION_CONTEXT('2D SPACE',''
  ) );
#14639 = ORIENTED_EDGE('',*,*,#9131,.T.);
#14640 = ORIENTED_EDGE('',*,*,#14592,.F.);
#14641 = ORIENTED_EDGE('',*,*,#4831,.F.);
#14642 = ADVANCED_FACE('',(#14643),#4802,.F.);
#14643 = FACE_BOUND('',#14644,.F.);
#14644 = EDGE_LOOP('',(#14645,#14666,#14667,#14668));
#14645 = ORIENTED_EDGE('',*,*,#14646,.T.);
#14646 = EDGE_CURVE('',#4728,#9055,#14647,.T.);
#14647 = SURFACE_CURVE('',#14648,(#14652,#14659),.PCURVE_S1.);
#14648 = LINE('',#14649,#14650);
#14649 = CARTESIAN_POINT('',(-18.87065002603,-4.793690394147,0.));
#14650 = VECTOR('',#14651,1.);
#14651 = DIRECTION('',(0.,0.,1.));
#14652 = PCURVE('',#4802,#14653);
#14653 = DEFINITIONAL_REPRESENTATION('',(#14654),#14658);
#14654 = LINE('',#14655,#14656);
#14655 = CARTESIAN_POINT('',(0.,0.));
#14656 = VECTOR('',#14657,1.);
#14657 = DIRECTION('',(0.,-1.));
#14658 = ( GEOMETRIC_REPRESENTATION_CONTEXT(2) 
PARAMETRIC_REPRESENTATION_CONTEXT() REPRESENTATION_CONTEXT('2D SPACE',''
  ) );
#14659 = PCURVE('',#4744,#14660);
#14660 = DEFINITIONAL_REPRESENTATION('',(#14661),#14665);
#14661 = LINE('',#14662,#14663);
#14662 = CARTESIAN_POINT('',(-4.873496140225E-02,0.));
#14663 = VECTOR('',#14664,1.);
#14664 = DIRECTION('',(0.,-1.));
#14665 = ( GEOMETRIC_REPRESENTATION_CONTEXT(2) 
PARAMETRIC_REPRESENTATION_CONTEXT() REPRESENTATION_CONTEXT('2D SPACE',''
  ) );
#14666 = ORIENTED_EDGE('',*,*,#9078,.T.);
#14667 = ORIENTED_EDGE('',*,*,#14619,.F.);
#14668 = ORIENTED_EDGE('',*,*,#4756,.F.);
#14669 = ADVANCED_FACE('',(#14670),#4744,.T.);
#14670 = FACE_BOUND('',#14671,.F.);
#14671 = EDGE_LOOP('',(#14672,#14693,#14694,#14695));
#14672 = ORIENTED_EDGE('',*,*,#14673,.T.);
#14673 = EDGE_CURVE('',#4653,#9002,#14674,.T.);
#14674 = SURFACE_CURVE('',#14675,(#14679,#14686),.PCURVE_S1.);
#14675 = LINE('',#14676,#14677);
#14676 = CARTESIAN_POINT('',(-19.08177250292,-3.868702385385,0.));
#14677 = VECTOR('',#14678,1.);
#14678 = DIRECTION('',(0.,0.,1.));
#14679 = PCURVE('',#4744,#14680);
#14680 = DEFINITIONAL_REPRESENTATION('',(#14681),#14685);
#14681 = LINE('',#14682,#14683);
#14682 = CARTESIAN_POINT('',(0.,0.));
#14683 = VECTOR('',#14684,1.);
#14684 = DIRECTION('',(0.,-1.));
#14685 = ( GEOMETRIC_REPRESENTATION_CONTEXT(2) 
PARAMETRIC_REPRESENTATION_CONTEXT() REPRESENTATION_CONTEXT('2D SPACE',''
  ) );
#14686 = PCURVE('',#4698,#14687);
#14687 = DEFINITIONAL_REPRESENTATION('',(#14688),#14692);
#14688 = LINE('',#14689,#14690);
#14689 = CARTESIAN_POINT('',(2.512473190149,0.));
#14690 = VECTOR('',#14691,1.);
#14691 = DIRECTION('',(0.,-1.));
#14692 = ( GEOMETRIC_REPRESENTATION_CONTEXT(2) 
PARAMETRIC_REPRESENTATION_CONTEXT() REPRESENTATION_CONTEXT('2D SPACE',''
  ) );
#14693 = ORIENTED_EDGE('',*,*,#9054,.T.);
#14694 = ORIENTED_EDGE('',*,*,#14646,.F.);
#14695 = ORIENTED_EDGE('',*,*,#4727,.F.);
#14696 = ADVANCED_FACE('',(#14697),#4698,.F.);
#14697 = FACE_BOUND('',#14698,.F.);
#14698 = EDGE_LOOP('',(#14699,#14720,#14721,#14722));
#14699 = ORIENTED_EDGE('',*,*,#14700,.T.);
#14700 = EDGE_CURVE('',#4620,#8974,#14701,.T.);
#14701 = SURFACE_CURVE('',#14702,(#14706,#14713),.PCURVE_S1.);
#14702 = LINE('',#14703,#14704);
#14703 = CARTESIAN_POINT('',(-16.92369113844,-2.619080999099,0.));
#14704 = VECTOR('',#14705,1.);
#14705 = DIRECTION('',(0.,0.,1.));
#14706 = PCURVE('',#4698,#14707);
#14707 = DEFINITIONAL_REPRESENTATION('',(#14708),#14712);
#14708 = LINE('',#14709,#14710);
#14709 = CARTESIAN_POINT('',(0.,0.));
#14710 = VECTOR('',#14711,1.);
#14711 = DIRECTION('',(0.,-1.));
#14712 = ( GEOMETRIC_REPRESENTATION_CONTEXT(2) 
PARAMETRIC_REPRESENTATION_CONTEXT() REPRESENTATION_CONTEXT('2D SPACE',''
  ) );
#14713 = PCURVE('',#4640,#14714);
#14714 = DEFINITIONAL_REPRESENTATION('',(#14715),#14719);
#14715 = LINE('',#14716,#14717);
#14716 = CARTESIAN_POINT('',(1.466043443678,0.));
#14717 = VECTOR('',#14718,1.);
#14718 = DIRECTION('',(0.,-1.));
#14719 = ( GEOMETRIC_REPRESENTATION_CONTEXT(2) 
PARAMETRIC_REPRESENTATION_CONTEXT() REPRESENTATION_CONTEXT('2D SPACE',''
  ) );
#14720 = ORIENTED_EDGE('',*,*,#9001,.T.);
#14721 = ORIENTED_EDGE('',*,*,#14673,.F.);
#14722 = ORIENTED_EDGE('',*,*,#4652,.F.);
#14723 = ADVANCED_FACE('',(#14724),#4640,.F.);
#14724 = FACE_BOUND('',#14725,.F.);
#14725 = EDGE_LOOP('',(#14726,#14747,#14748,#14749));
#14726 = ORIENTED_EDGE('',*,*,#14727,.T.);
#14727 = EDGE_CURVE('',#4591,#8950,#14728,.T.);
#14728 = SURFACE_CURVE('',#14729,(#14733,#14740),.PCURVE_S1.);
#14729 = LINE('',#14730,#14731);
#14730 = CARTESIAN_POINT('',(-16.54118586,-2.070073706588,0.));
#14731 = VECTOR('',#14732,1.);
#14732 = DIRECTION('',(0.,0.,1.));
#14733 = PCURVE('',#4640,#14734);
#14734 = DEFINITIONAL_REPRESENTATION('',(#14735),#14739);
#14735 = LINE('',#14736,#14737);
#14736 = CARTESIAN_POINT('',(0.,0.));
#14737 = VECTOR('',#14738,1.);
#14738 = DIRECTION('',(0.,-1.));
#14739 = ( GEOMETRIC_REPRESENTATION_CONTEXT(2) 
PARAMETRIC_REPRESENTATION_CONTEXT() REPRESENTATION_CONTEXT('2D SPACE',''
  ) );
#14740 = PCURVE('',#4607,#14741);
#14741 = DEFINITIONAL_REPRESENTATION('',(#14742),#14746);
#14742 = LINE('',#14743,#14744);
#14743 = CARTESIAN_POINT('',(-2.459926169436E-02,0.));
#14744 = VECTOR('',#14745,1.);
#14745 = DIRECTION('',(0.,-1.));
#14746 = ( GEOMETRIC_REPRESENTATION_CONTEXT(2) 
PARAMETRIC_REPRESENTATION_CONTEXT() REPRESENTATION_CONTEXT('2D SPACE',''
  ) );
#14747 = ORIENTED_EDGE('',*,*,#8973,.T.);
#14748 = ORIENTED_EDGE('',*,*,#14700,.F.);
#14749 = ORIENTED_EDGE('',*,*,#4619,.F.);
#14750 = ADVANCED_FACE('',(#14751),#4607,.T.);
#14751 = FACE_BOUND('',#14752,.F.);
#14752 = EDGE_LOOP('',(#14753,#14774,#14775,#14776));
#14753 = ORIENTED_EDGE('',*,*,#14754,.T.);
#14754 = EDGE_CURVE('',#4558,#8922,#14755,.T.);
#14755 = SURFACE_CURVE('',#14756,(#14760,#14767),.PCURVE_S1.);
#14756 = LINE('',#14757,#14758);
#14757 = CARTESIAN_POINT('',(-16.58709853005,-1.662587489486,0.));
#14758 = VECTOR('',#14759,1.);
#14759 = DIRECTION('',(0.,0.,1.));
#14760 = PCURVE('',#4607,#14761);
#14761 = DEFINITIONAL_REPRESENTATION('',(#14762),#14766);
#14762 = LINE('',#14763,#14764);
#14763 = CARTESIAN_POINT('',(0.,0.));
#14764 = VECTOR('',#14765,1.);
#14765 = DIRECTION('',(0.,-1.));
#14766 = ( GEOMETRIC_REPRESENTATION_CONTEXT(2) 
PARAMETRIC_REPRESENTATION_CONTEXT() REPRESENTATION_CONTEXT('2D SPACE',''
  ) );
#14767 = PCURVE('',#4578,#14768);
#14768 = DEFINITIONAL_REPRESENTATION('',(#14769),#14773);
#14769 = LINE('',#14770,#14771);
#14770 = CARTESIAN_POINT('',(1.466043443678,0.));
#14771 = VECTOR('',#14772,1.);
#14772 = DIRECTION('',(0.,-1.));
#14773 = ( GEOMETRIC_REPRESENTATION_CONTEXT(2) 
PARAMETRIC_REPRESENTATION_CONTEXT() REPRESENTATION_CONTEXT('2D SPACE',''
  ) );
#14774 = ORIENTED_EDGE('',*,*,#8949,.T.);
#14775 = ORIENTED_EDGE('',*,*,#14727,.F.);
#14776 = ORIENTED_EDGE('',*,*,#4590,.F.);
#14777 = ADVANCED_FACE('',(#14778),#4578,.F.);
#14778 = FACE_BOUND('',#14779,.F.);
#14779 = EDGE_LOOP('',(#14780,#14801,#14802,#14803));
#14780 = ORIENTED_EDGE('',*,*,#14781,.T.);
#14781 = EDGE_CURVE('',#4483,#8869,#14782,.T.);
#14782 = SURFACE_CURVE('',#14783,(#14787,#14794),.PCURVE_S1.);
#14783 = LINE('',#14784,#14785);
#14784 = CARTESIAN_POINT('',(-17.08217921803,-1.212460387827,0.));
#14785 = VECTOR('',#14786,1.);
#14786 = DIRECTION('',(0.,0.,1.));
#14787 = PCURVE('',#4578,#14788);
#14788 = DEFINITIONAL_REPRESENTATION('',(#14789),#14793);
#14789 = LINE('',#14790,#14791);
#14790 = CARTESIAN_POINT('',(0.,0.));
#14791 = VECTOR('',#14792,1.);
#14792 = DIRECTION('',(0.,-1.));
#14793 = ( GEOMETRIC_REPRESENTATION_CONTEXT(2) 
PARAMETRIC_REPRESENTATION_CONTEXT() REPRESENTATION_CONTEXT('2D SPACE',''
  ) );
#14794 = PCURVE('',#4528,#14795);
#14795 = DEFINITIONAL_REPRESENTATION('',(#14796),#14800);
#14796 = LINE('',#14797,#14798);
#14797 = CARTESIAN_POINT('',(2.512473190149,0.));
#14798 = VECTOR('',#14799,1.);
#14799 = DIRECTION('',(0.,-1.));
#14800 = ( GEOMETRIC_REPRESENTATION_CONTEXT(2) 
PARAMETRIC_REPRESENTATION_CONTEXT() REPRESENTATION_CONTEXT('2D SPACE',''
  ) );
#14801 = ORIENTED_EDGE('',*,*,#8921,.T.);
#14802 = ORIENTED_EDGE('',*,*,#14754,.F.);
#14803 = ORIENTED_EDGE('',*,*,#4557,.F.);
#14804 = ADVANCED_FACE('',(#14805),#4528,.F.);
#14805 = FACE_BOUND('',#14806,.F.);
#14806 = EDGE_LOOP('',(#14807,#14808,#14809,#14810));
#14807 = ORIENTED_EDGE('',*,*,#12249,.T.);
#14808 = ORIENTED_EDGE('',*,*,#8868,.T.);
#14809 = ORIENTED_EDGE('',*,*,#14781,.F.);
#14810 = ORIENTED_EDGE('',*,*,#4482,.F.);
#14811 = ADVANCED_FACE('',(#14812),#8826,.F.);
#14812 = FACE_BOUND('',#14813,.F.);
#14813 = EDGE_LOOP('',(#14814,#14815,#14836,#14837));
#14814 = ORIENTED_EDGE('',*,*,#12193,.F.);
#14815 = ORIENTED_EDGE('',*,*,#14816,.F.);
#14816 = EDGE_CURVE('',#8810,#12194,#14817,.T.);
#14817 = SEAM_CURVE('',#14818,(#14822,#14829),.PCURVE_S1.);
#14818 = LINE('',#14819,#14820);
#14819 = CARTESIAN_POINT('',(2.85,-6.98048675514E-16,0.));
#14820 = VECTOR('',#14821,1.);
#14821 = DIRECTION('',(0.,0.,1.));
#14822 = PCURVE('',#8826,#14823);
#14823 = DEFINITIONAL_REPRESENTATION('',(#14824),#14828);
#14824 = LINE('',#14825,#14826);
#14825 = CARTESIAN_POINT('',(6.28318530718,0.));
#14826 = VECTOR('',#14827,1.);
#14827 = DIRECTION('',(0.,1.));
#14828 = ( GEOMETRIC_REPRESENTATION_CONTEXT(2) 
PARAMETRIC_REPRESENTATION_CONTEXT() REPRESENTATION_CONTEXT('2D SPACE',''
  ) );
#14829 = PCURVE('',#8826,#14830);
#14830 = DEFINITIONAL_REPRESENTATION('',(#14831),#14835);
#14831 = LINE('',#14832,#14833);
#14832 = CARTESIAN_POINT('',(0.,0.));
#14833 = VECTOR('',#14834,1.);
#14834 = DIRECTION('',(0.,1.));
#14835 = ( GEOMETRIC_REPRESENTATION_CONTEXT(2) 
PARAMETRIC_REPRESENTATION_CONTEXT() REPRESENTATION_CONTEXT('2D SPACE',''
  ) );
#14836 = ORIENTED_EDGE('',*,*,#8809,.T.);
#14837 = ORIENTED_EDGE('',*,*,#14816,.T.);
#14838 = ( GEOMETRIC_REPRESENTATION_CONTEXT(3) 
GLOBAL_UNCERTAINTY_ASSIGNED_CONTEXT((#14842)) 
GLOBAL_UNIT_ASSIGNED_CONTEXT((#14839,#14840,#14841)) 
REPRESENTATION_CONTEXT('Context #1',
  '3D Context with UNIT and UNCERTAINTY') );
#14839 = ( LENGTH_UNIT() NAMED_UNIT(*) SI_UNIT(.MILLI.,.METRE.) );
#14840 = ( NAMED_UNIT(*) PLANE_ANGLE_UNIT() SI_UNIT($,.RADIAN.) );
#14841 = ( NAMED_UNIT(*) SI_UNIT($,.STERADIAN.) SOLID_ANGLE_UNIT() );
#14842 = UNCERTAINTY_MEASURE_WITH_UNIT(LENGTH_MEASURE(1.E-07),#14839,
  'distance_accuracy_value','confusion accuracy');
#14843 = CONTEXT_DEPENDENT_SHAPE_REPRESENTATION(#14844,#14846);
#14844 = ( REPRESENTATION_RELATIONSHIP('','',#4087,#10) 
REPRESENTATION_RELATIONSHIP_WITH_TRANSFORMATION(#14845) 
SHAPE_REPRESENTATION_RELATIONSHIP() );
#14845 = ITEM_DEFINED_TRANSFORMATION('','',#11,#19);
#14846 = PRODUCT_DEFINITION_SHAPE('Placement','Placement of an item',
  #14847);
#14847 = NEXT_ASSEMBLY_USAGE_OCCURRENCE('2','gear_pos','',#5,#4082,$);
#14848 = PRODUCT_RELATED_PRODUCT_CATEGORY('part',$,(#4084));
#14849 = CONTEXT_DEPENDENT_SHAPE_REPRESENTATION(#14850,#14852);
#14850 = ( REPRESENTATION_RELATIONSHIP('','',#4087,#10) 
REPRESENTATION_RELATIONSHIP_WITH_TRANSFORMATION(#14851) 
SHAPE_REPRESENTATION_RELATIONSHIP() );
#14851 = ITEM_DEFINED_TRANSFORMATION('','',#11,#23);
#14852 = PRODUCT_DEFINITION_SHAPE('Placement','Placement of an item',
  #14853);
#14853 = NEXT_ASSEMBLY_USAGE_OCCURRENCE('3','gear_neg','',#5,#4082,$);
#14854 = SHAPE_DEFINITION_REPRESENTATION(#14855,#14861);
#14855 = PRODUCT_DEFINITION_SHAPE('','',#14856);
#14856 = PRODUCT_DEFINITION('design','',#14857,#14860);
#14857 = PRODUCT_DEFINITION_FORMATION('','',#14858);
#14858 = PRODUCT('block_neg','block_neg','',(#14859));
#14859 = PRODUCT_CONTEXT('',#2,'mechanical');
#14860 = PRODUCT_DEFINITION_CONTEXT('part definition',#2,'design');
#14861 = ADVANCED_BREP_SHAPE_REPRESENTATION('',(#11,#14862),#15202);
#14862 = MANIFOLD_SOLID_BREP('',#14863);
#14863 = CLOSED_SHELL('',(#14864,#14984,#15060,#15141,#15188,#15195));
#14864 = ADVANCED_FACE('',(#14865),#14879,.F.);
#14865 = FACE_BOUND('',#14866,.F.);
#14866 = EDGE_LOOP('',(#14867,#14902,#14930,#14958));
#14867 = ORIENTED_EDGE('',*,*,#14868,.T.);
#14868 = EDGE_CURVE('',#14869,#14871,#14873,.T.);
#14869 = VERTEX_POINT('',#14870);
#14870 = CARTESIAN_POINT('',(-25.,-29.25,0.));
#14871 = VERTEX_POINT('',#14872);
#14872 = CARTESIAN_POINT('',(-25.,-29.25,12.3));
#14873 = SURFACE_CURVE('',#14874,(#14878,#14890),.PCURVE_S1.);
#14874 = LINE('',#14875,#14876);
#14875 = CARTESIAN_POINT('',(-25.,-29.25,0.));
#14876 = VECTOR('',#14877,1.);
#14877 = DIRECTION('',(0.,0.,1.));
#14878 = PCURVE('',#14879,#14884);
#14879 = PLANE('',#14880);
#14880 = AXIS2_PLACEMENT_3D('',#14881,#14882,#14883);
#14881 = CARTESIAN_POINT('',(-25.,-29.25,0.));
#14882 = DIRECTION('',(0.,1.,0.));
#14883 = DIRECTION('',(1.,0.,0.));
#14884 = DEFINITIONAL_REPRESENTATION('',(#14885),#14889);
#14885 = LINE('',#14886,#14887);
#14886 = CARTESIAN_POINT('',(0.,0.));
#14887 = VECTOR('',#14888,1.);
#14888 = DIRECTION('',(0.,-1.));
#14889 = ( GEOMETRIC_REPRESENTATION_CONTEXT(2) 
PARAMETRIC_REPRESENTATION_CONTEXT() REPRESENTATION_CONTEXT('2D SPACE',''
  ) );
#14890 = PCURVE('',#14891,#14896);
#14891 = PLANE('',#14892);
#14892 = AXIS2_PLACEMENT_3D('',#14893,#14894,#14895);
#14893 = CARTESIAN_POINT('',(-6.541754732639,3.668166438153,0.));
#14894 = DIRECTION('',(0.872233964352,-0.48908885842,0.));
#14895 = DIRECTION('',(-0.48908885842,-0.872233964352,0.));
#14896 = DEFINITIONAL_REPRESENTATION('',(#14897),#14901);
#14897 = LINE('',#14898,#14899);
#14898 = CARTESIAN_POINT('',(37.740064917803,0.));
#14899 = VECTOR('',#14900,1.);
#14900 = DIRECTION('',(0.,-1.));
#14901 = ( GEOMETRIC_REPRESENTATION_CONTEXT(2) 
PARAMETRIC_REPRESENTATION_CONTEXT() REPRESENTATION_CONTEXT('2D SPACE',''
  ) );
#14902 = ORIENTED_EDGE('',*,*,#14903,.T.);
#14903 = EDGE_CURVE('',#14871,#14904,#14906,.T.);
#14904 = VERTEX_POINT('',#14905);
#14905 = CARTESIAN_POINT('',(-16.40138964254,-29.25,12.3));
#14906 = SURFACE_CURVE('',#14907,(#14911,#14918),.PCURVE_S1.);
#14907 = LINE('',#14908,#14909);
#14908 = CARTESIAN_POINT('',(-25.,-29.25,12.3));
#14909 = VECTOR('',#14910,1.);
#14910 = DIRECTION('',(1.,0.,0.));
#14911 = PCURVE('',#14879,#14912);
#14912 = DEFINITIONAL_REPRESENTATION('',(#14913),#14917);
#14913 = LINE('',#14914,#14915);
#14914 = CARTESIAN_POINT('',(0.,-12.3));
#14915 = VECTOR('',#14916,1.);
#14916 = DIRECTION('',(1.,0.));
#14917 = ( GEOMETRIC_REPRESENTATION_CONTEXT(2) 
PARAMETRIC_REPRESENTATION_CONTEXT() REPRESENTATION_CONTEXT('2D SPACE',''
  ) );
#14918 = PCURVE('',#14919,#14924);
#14919 = PLANE('',#14920);
#14920 = AXIS2_PLACEMENT_3D('',#14921,#14922,#14923);
#14921 = CARTESIAN_POINT('',(-13.19216963188,-14.5318608846,12.3));
#14922 = DIRECTION('',(0.,0.,1.));
#14923 = DIRECTION('',(1.,0.,0.));
#14924 = DEFINITIONAL_REPRESENTATION('',(#14925),#14929);
#14925 = LINE('',#14926,#14927);
#14926 = CARTESIAN_POINT('',(-11.80783036811,-14.71813911539));
#14927 = VECTOR('',#14928,1.);
#14928 = DIRECTION('',(1.,0.));
#14929 = ( GEOMETRIC_REPRESENTATION_CONTEXT(2) 
PARAMETRIC_REPRESENTATION_CONTEXT() REPRESENTATION_CONTEXT('2D SPACE',''
  ) );
#14930 = ORIENTED_EDGE('',*,*,#14931,.F.);
#14931 = EDGE_CURVE('',#14932,#14904,#14934,.T.);
#14932 = VERTEX_POINT('',#14933);
#14933 = CARTESIAN_POINT('',(-16.40138964254,-29.25,0.));
#14934 = SURFACE_CURVE('',#14935,(#14939,#14946),.PCURVE_S1.);
#14935 = LINE('',#14936,#14937);
#14936 = CARTESIAN_POINT('',(-16.40138964254,-29.25,0.));
#14937 = VECTOR('',#14938,1.);
#14938 = DIRECTION('',(0.,0.,1.));
#14939 = PCURVE('',#14879,#14940);
#14940 = DEFINITIONAL_REPRESENTATION('',(#14941),#14945);
#14941 = LINE('',#14942,#14943);
#14942 = CARTESIAN_POINT('',(8.598610357455,0.));
#14943 = VECTOR('',#14944,1.);
#14944 = DIRECTION('',(0.,-1.));
#14945 = ( GEOMETRIC_REPRESENTATION_CONTEXT(2) 
PARAMETRIC_REPRESENTATION_CONTEXT() REPRESENTATION_CONTEXT('2D SPACE',''
  ) );
#14946 = PCURVE('',#14947,#14952);
#14947 = PLANE('',#14948);
#14948 = AXIS2_PLACEMENT_3D('',#14949,#14950,#14951);
#14949 = CARTESIAN_POINT('',(-16.40138964254,-29.25,0.));
#14950 = DIRECTION('',(-0.872233964352,0.48908885842,0.));
#14951 = DIRECTION('',(0.48908885842,0.872233964352,0.));
#14952 = DEFINITIONAL_REPRESENTATION('',(#14953),#14957);
#14953 = LINE('',#14954,#14955);
#14954 = CARTESIAN_POINT('',(0.,0.));
#14955 = VECTOR('',#14956,1.);
#14956 = DIRECTION('',(0.,-1.));
#14957 = ( GEOMETRIC_REPRESENTATION_CONTEXT(2) 
PARAMETRIC_REPRESENTATION_CONTEXT() REPRESENTATION_CONTEXT('2D SPACE',''
  ) );
#14958 = ORIENTED_EDGE('',*,*,#14959,.F.);
#14959 = EDGE_CURVE('',#14869,#14932,#14960,.T.);
#14960 = SURFACE_CURVE('',#14961,(#14965,#14972),.PCURVE_S1.);
#14961 = LINE('',#14962,#14963);
#14962 = CARTESIAN_POINT('',(-25.,-29.25,0.));
#14963 = VECTOR('',#14964,1.);
#14964 = DIRECTION('',(1.,0.,0.));
#14965 = PCURVE('',#14879,#14966);
#14966 = DEFINITIONAL_REPRESENTATION('',(#14967),#14971);
#14967 = LINE('',#14968,#14969);
#14968 = CARTESIAN_POINT('',(0.,0.));
#14969 = VECTOR('',#14970,1.);
#14970 = DIRECTION('',(1.,0.));
#14971 = ( GEOMETRIC_REPRESENTATION_CONTEXT(2) 
PARAMETRIC_REPRESENTATION_CONTEXT() REPRESENTATION_CONTEXT('2D SPACE',''
  ) );
#14972 = PCURVE('',#14973,#14978);
#14973 = PLANE('',#14974);
#14974 = AXIS2_PLACEMENT_3D('',#14975,#14976,#14977);
#14975 = CARTESIAN_POINT('',(-13.19216963188,-14.5318608846,0.));
#14976 = DIRECTION('',(0.,0.,1.));
#14977 = DIRECTION('',(1.,0.,0.));
#14978 = DEFINITIONAL_REPRESENTATION('',(#14979),#14983);
#14979 = LINE('',#14980,#14981);
#14980 = CARTESIAN_POINT('',(-11.80783036811,-14.71813911539));
#14981 = VECTOR('',#14982,1.);
#14982 = DIRECTION('',(1.,0.));
#14983 = ( GEOMETRIC_REPRESENTATION_CONTEXT(2) 
PARAMETRIC_REPRESENTATION_CONTEXT() REPRESENTATION_CONTEXT('2D SPACE',''
  ) );
#14984 = ADVANCED_FACE('',(#14985),#14947,.F.);
#14985 = FACE_BOUND('',#14986,.F.);
#14986 = EDGE_LOOP('',(#14987,#14988,#15011,#15039));
#14987 = ORIENTED_EDGE('',*,*,#14931,.T.);
#14988 = ORIENTED_EDGE('',*,*,#14989,.T.);
#14989 = EDGE_CURVE('',#14904,#14990,#14992,.T.);
#14990 = VERTEX_POINT('',#14991);
#14991 = CARTESIAN_POINT('',(-3.668166438153,-6.541754732639,12.3));
#14992 = SURFACE_CURVE('',#14993,(#14997,#15004),.PCURVE_S1.);
#14993 = LINE('',#14994,#14995);
#14994 = CARTESIAN_POINT('',(-16.40138964254,-29.25,12.3));
#14995 = VECTOR('',#14996,1.);
#14996 = DIRECTION('',(0.48908885842,0.872233964352,0.));
#14997 = PCURVE('',#14947,#14998);
#14998 = DEFINITIONAL_REPRESENTATION('',(#14999),#15003);
#14999 = LINE('',#15000,#15001);
#15000 = CARTESIAN_POINT('',(0.,-12.3));
#15001 = VECTOR('',#15002,1.);
#15002 = DIRECTION('',(1.,0.));
#15003 = ( GEOMETRIC_REPRESENTATION_CONTEXT(2) 
PARAMETRIC_REPRESENTATION_CONTEXT() REPRESENTATION_CONTEXT('2D SPACE',''
  ) );
#15004 = PCURVE('',#14919,#15005);
#15005 = DEFINITIONAL_REPRESENTATION('',(#15006),#15010);
#15006 = LINE('',#15007,#15008);
#15007 = CARTESIAN_POINT('',(-3.209220010658,-14.71813911539));
#15008 = VECTOR('',#15009,1.);
#15009 = DIRECTION('',(0.48908885842,0.872233964352));
#15010 = ( GEOMETRIC_REPRESENTATION_CONTEXT(2) 
PARAMETRIC_REPRESENTATION_CONTEXT() REPRESENTATION_CONTEXT('2D SPACE',''
  ) );
#15011 = ORIENTED_EDGE('',*,*,#15012,.F.);
#15012 = EDGE_CURVE('',#15013,#14990,#15015,.T.);
#15013 = VERTEX_POINT('',#15014);
#15014 = CARTESIAN_POINT('',(-3.668166438153,-6.541754732639,0.));
#15015 = SURFACE_CURVE('',#15016,(#15020,#15027),.PCURVE_S1.);
#15016 = LINE('',#15017,#15018);
#15017 = CARTESIAN_POINT('',(-3.668166438153,-6.541754732639,0.));
#15018 = VECTOR('',#15019,1.);
#15019 = DIRECTION('',(0.,0.,1.));
#15020 = PCURVE('',#14947,#15021);
#15021 = DEFINITIONAL_REPRESENTATION('',(#15022),#15026);
#15022 = LINE('',#15023,#15024);
#15023 = CARTESIAN_POINT('',(26.034580394074,0.));
#15024 = VECTOR('',#15025,1.);
#15025 = DIRECTION('',(0.,-1.));
#15026 = ( GEOMETRIC_REPRESENTATION_CONTEXT(2) 
PARAMETRIC_REPRESENTATION_CONTEXT() REPRESENTATION_CONTEXT('2D SPACE',''
  ) );
#15027 = PCURVE('',#15028,#15033);
#15028 = CYLINDRICAL_SURFACE('',#15029,7.5);
#15029 = AXIS2_PLACEMENT_3D('',#15030,#15031,#15032);
#15030 = CARTESIAN_POINT('',(1.7763568394E-15,2.775557561563E-16,0.));
#15031 = DIRECTION('',(0.,0.,-1.));
#15032 = DIRECTION('',(-0.48908885842,-0.872233964352,0.));
#15033 = DEFINITIONAL_REPRESENTATION('',(#15034),#15038);
#15034 = LINE('',#15035,#15036);
#15035 = CARTESIAN_POINT('',(0.,0.));
#15036 = VECTOR('',#15037,1.);
#15037 = DIRECTION('',(0.,-1.));
#15038 = ( GEOMETRIC_REPRESENTATION_CONTEXT(2) 
PARAMETRIC_REPRESENTATION_CONTEXT() REPRESENTATION_CONTEXT('2D SPACE',''
  ) );
#15039 = ORIENTED_EDGE('',*,*,#15040,.F.);
#15040 = EDGE_CURVE('',#14932,#15013,#15041,.T.);
#15041 = SURFACE_CURVE('',#15042,(#15046,#15053),.PCURVE_S1.);
#15042 = LINE('',#15043,#15044);
#15043 = CARTESIAN_POINT('',(-16.40138964254,-29.25,0.));
#15044 = VECTOR('',#15045,1.);
#15045 = DIRECTION('',(0.48908885842,0.872233964352,0.));
#15046 = PCURVE('',#14947,#15047);
#15047 = DEFINITIONAL_REPRESENTATION('',(#15048),#15052);
#15048 = LINE('',#15049,#15050);
#15049 = CARTESIAN_POINT('',(0.,0.));
#15050 = VECTOR('',#15051,1.);
#15051 = DIRECTION('',(1.,0.));
#15052 = ( GEOMETRIC_REPRESENTATION_CONTEXT(2) 
PARAMETRIC_REPRESENTATION_CONTEXT() REPRESENTATION_CONTEXT('2D SPACE',''
  ) );
#15053 = PCURVE('',#14973,#15054);
#15054 = DEFINITIONAL_REPRESENTATION('',(#15055),#15059);
#15055 = LINE('',#15056,#15057);
#15056 = CARTESIAN_POINT('',(-3.209220010658,-14.71813911539));
#15057 = VECTOR('',#15058,1.);
#15058 = DIRECTION('',(0.48908885842,0.872233964352));
#15059 = ( GEOMETRIC_REPRESENTATION_CONTEXT(2) 
PARAMETRIC_REPRESENTATION_CONTEXT() REPRESENTATION_CONTEXT('2D SPACE',''
  ) );
#15060 = ADVANCED_FACE('',(#15061),#15028,.F.);
#15061 = FACE_BOUND('',#15062,.F.);
#15062 = EDGE_LOOP('',(#15063,#15064,#15092,#15115));
#15063 = ORIENTED_EDGE('',*,*,#15012,.T.);
#15064 = ORIENTED_EDGE('',*,*,#15065,.T.);
#15065 = EDGE_CURVE('',#14990,#15066,#15068,.T.);
#15066 = VERTEX_POINT('',#15067);
#15067 = CARTESIAN_POINT('',(-6.541754732639,3.668166438153,12.3));
#15068 = SURFACE_CURVE('',#15069,(#15074,#15081),.PCURVE_S1.);
#15069 = CIRCLE('',#15070,7.5);
#15070 = AXIS2_PLACEMENT_3D('',#15071,#15072,#15073);
#15071 = CARTESIAN_POINT('',(1.7763568394E-15,2.775557561563E-16,12.3));
#15072 = DIRECTION('',(0.,0.,-1.));
#15073 = DIRECTION('',(-0.48908885842,-0.872233964352,0.));
#15074 = PCURVE('',#15028,#15075);
#15075 = DEFINITIONAL_REPRESENTATION('',(#15076),#15080);
#15076 = LINE('',#15077,#15078);
#15077 = CARTESIAN_POINT('',(0.,-12.3));
#15078 = VECTOR('',#15079,1.);
#15079 = DIRECTION('',(1.,0.));
#15080 = ( GEOMETRIC_REPRESENTATION_CONTEXT(2) 
PARAMETRIC_REPRESENTATION_CONTEXT() REPRESENTATION_CONTEXT('2D SPACE',''
  ) );
#15081 = PCURVE('',#14919,#15082);
#15082 = DEFINITIONAL_REPRESENTATION('',(#15083),#15091);
#15083 = ( BOUNDED_CURVE() B_SPLINE_CURVE(2,(#15084,#15085,#15086,#15087
    ,#15088,#15089,#15090),.UNSPECIFIED.,.T.,.F.) 
B_SPLINE_CURVE_WITH_KNOTS((1,2,2,2,2,1),(-2.094395102393,0.,
    2.094395102393,4.188790204786,6.28318530718,8.377580409573),
.UNSPECIFIED.) CURVE() GEOMETRIC_REPRESENTATION_ITEM() 
RATIONAL_B_SPLINE_CURVE((1.,0.5,1.,0.5,1.,0.5,1.)) REPRESENTATION_ITEM(
  '') );
#15084 = CARTESIAN_POINT('',(9.524003193735,7.990106151967));
#15085 = CARTESIAN_POINT('',(-1.806648373851,14.343556793467));
#15086 = CARTESIAN_POINT('',(9.360927067172,20.979463571676));
#15087 = CARTESIAN_POINT('',(20.528502508194,27.615370349884));
#15088 = CARTESIAN_POINT('',(20.691578634757,14.626012930176));
#15089 = CARTESIAN_POINT('',(20.85465476132,1.636655510467));
#15090 = CARTESIAN_POINT('',(9.524003193735,7.990106151967));
#15091 = ( GEOMETRIC_REPRESENTATION_CONTEXT(2) 
PARAMETRIC_REPRESENTATION_CONTEXT() REPRESENTATION_CONTEXT('2D SPACE',''
  ) );
#15092 = ORIENTED_EDGE('',*,*,#15093,.F.);
#15093 = EDGE_CURVE('',#15094,#15066,#15096,.T.);
#15094 = VERTEX_POINT('',#15095);
#15095 = CARTESIAN_POINT('',(-6.541754732639,3.668166438153,0.));
#15096 = SURFACE_CURVE('',#15097,(#15101,#15108),.PCURVE_S1.);
#15097 = LINE('',#15098,#15099);
#15098 = CARTESIAN_POINT('',(-6.541754732639,3.668166438153,0.));
#15099 = VECTOR('',#15100,1.);
#15100 = DIRECTION('',(0.,0.,1.));
#15101 = PCURVE('',#15028,#15102);
#15102 = DEFINITIONAL_REPRESENTATION('',(#15103),#15107);
#15103 = LINE('',#15104,#15105);
#15104 = CARTESIAN_POINT('',(1.570796326795,0.));
#15105 = VECTOR('',#15106,1.);
#15106 = DIRECTION('',(0.,-1.));
#15107 = ( GEOMETRIC_REPRESENTATION_CONTEXT(2) 
PARAMETRIC_REPRESENTATION_CONTEXT() REPRESENTATION_CONTEXT('2D SPACE',''
  ) );
#15108 = PCURVE('',#14891,#15109);
#15109 = DEFINITIONAL_REPRESENTATION('',(#15110),#15114);
#15110 = LINE('',#15111,#15112);
#15111 = CARTESIAN_POINT('',(0.,0.));
#15112 = VECTOR('',#15113,1.);
#15113 = DIRECTION('',(0.,-1.));
#15114 = ( GEOMETRIC_REPRESENTATION_CONTEXT(2) 
PARAMETRIC_REPRESENTATION_CONTEXT() REPRESENTATION_CONTEXT('2D SPACE',''
  ) );
#15115 = ORIENTED_EDGE('',*,*,#15116,.F.);
#15116 = EDGE_CURVE('',#15013,#15094,#15117,.T.);
#15117 = SURFACE_CURVE('',#15118,(#15123,#15130),.PCURVE_S1.);
#15118 = CIRCLE('',#15119,7.5);
#15119 = AXIS2_PLACEMENT_3D('',#15120,#15121,#15122);
#15120 = CARTESIAN_POINT('',(1.7763568394E-15,2.775557561563E-16,0.));
#15121 = DIRECTION('',(0.,0.,-1.));
#15122 = DIRECTION('',(-0.48908885842,-0.872233964352,0.));
#15123 = PCURVE('',#15028,#15124);
#15124 = DEFINITIONAL_REPRESENTATION('',(#15125),#15129);
#15125 = LINE('',#15126,#15127);
#15126 = CARTESIAN_POINT('',(0.,0.));
#15127 = VECTOR('',#15128,1.);
#15128 = DIRECTION('',(1.,0.));
#15129 = ( GEOMETRIC_REPRESENTATION_CONTEXT(2) 
PARAMETRIC_REPRESENTATION_CONTEXT() REPRESENTATION_CONTEXT('2D SPACE',''
  ) );
#15130 = PCURVE('',#14973,#15131);
#15131 = DEFINITIONAL_REPRESENTATION('',(#15132),#15140);
#15132 = ( BOUNDED_CURVE() B_SPLINE_CURVE(2,(#15133,#15134,#15135,#15136
    ,#15137,#15138,#15139),.UNSPECIFIED.,.T.,.F.) 
B_SPLINE_CURVE_WITH_KNOTS((1,2,2,2,2,1),(-2.094395102393,0.,
    2.094395102393,4.188790204786,6.28318530718,8.377580409573),
.UNSPECIFIED.) CURVE() GEOMETRIC_REPRESENTATION_ITEM() 
RATIONAL_B_SPLINE_CURVE((1.,0.5,1.,0.5,1.,0.5,1.)) REPRESENTATION_ITEM(
  '') );
#15133 = CARTESIAN_POINT('',(9.524003193735,7.990106151967));
#15134 = CARTESIAN_POINT('',(-1.806648373851,14.343556793467));
#15135 = CARTESIAN_POINT('',(9.360927067172,20.979463571676));
#15136 = CARTESIAN_POINT('',(20.528502508194,27.615370349884));
#15137 = CARTESIAN_POINT('',(20.691578634757,14.626012930176));
#15138 = CARTESIAN_POINT('',(20.85465476132,1.636655510467));
#15139 = CARTESIAN_POINT('',(9.524003193735,7.990106151967));
#15140 = ( GEOMETRIC_REPRESENTATION_CONTEXT(2) 
PARAMETRIC_REPRESENTATION_CONTEXT() REPRESENTATION_CONTEXT('2D SPACE',''
  ) );
#15141 = ADVANCED_FACE('',(#15142),#14891,.F.);
#15142 = FACE_BOUND('',#15143,.F.);
#15143 = EDGE_LOOP('',(#15144,#15145,#15166,#15167));
#15144 = ORIENTED_EDGE('',*,*,#15093,.T.);
#15145 = ORIENTED_EDGE('',*,*,#15146,.T.);
#15146 = EDGE_CURVE('',#15066,#14871,#15147,.T.);
#15147 = SURFACE_CURVE('',#15148,(#15152,#15159),.PCURVE_S1.);
#15148 = LINE('',#15149,#15150);
#15149 = CARTESIAN_POINT('',(-6.541754732639,3.668166438153,12.3));
#15150 = VECTOR('',#15151,1.);
#15151 = DIRECTION('',(-0.48908885842,-0.872233964352,0.));
#15152 = PCURVE('',#14891,#15153);
#15153 = DEFINITIONAL_REPRESENTATION('',(#15154),#15158);
#15154 = LINE('',#15155,#15156);
#15155 = CARTESIAN_POINT('',(0.,-12.3));
#15156 = VECTOR('',#15157,1.);
#15157 = DIRECTION('',(1.,0.));
#15158 = ( GEOMETRIC_REPRESENTATION_CONTEXT(2) 
PARAMETRIC_REPRESENTATION_CONTEXT() REPRESENTATION_CONTEXT('2D SPACE',''
  ) );
#15159 = PCURVE('',#14919,#15160);
#15160 = DEFINITIONAL_REPRESENTATION('',(#15161),#15165);
#15161 = LINE('',#15162,#15163);
#15162 = CARTESIAN_POINT('',(6.650414899249,18.200027322759));
#15163 = VECTOR('',#15164,1.);
#15164 = DIRECTION('',(-0.48908885842,-0.872233964352));
#15165 = ( GEOMETRIC_REPRESENTATION_CONTEXT(2) 
PARAMETRIC_REPRESENTATION_CONTEXT() REPRESENTATION_CONTEXT('2D SPACE',''
  ) );
#15166 = ORIENTED_EDGE('',*,*,#14868,.F.);
#15167 = ORIENTED_EDGE('',*,*,#15168,.F.);
#15168 = EDGE_CURVE('',#15094,#14869,#15169,.T.);
#15169 = SURFACE_CURVE('',#15170,(#15174,#15181),.PCURVE_S1.);
#15170 = LINE('',#15171,#15172);
#15171 = CARTESIAN_POINT('',(-6.541754732639,3.668166438153,0.));
#15172 = VECTOR('',#15173,1.);
#15173 = DIRECTION('',(-0.48908885842,-0.872233964352,0.));
#15174 = PCURVE('',#14891,#15175);
#15175 = DEFINITIONAL_REPRESENTATION('',(#15176),#15180);
#15176 = LINE('',#15177,#15178);
#15177 = CARTESIAN_POINT('',(0.,0.));
#15178 = VECTOR('',#15179,1.);
#15179 = DIRECTION('',(1.,0.));
#15180 = ( GEOMETRIC_REPRESENTATION_CONTEXT(2) 
PARAMETRIC_REPRESENTATION_CONTEXT() REPRESENTATION_CONTEXT('2D SPACE',''
  ) );
#15181 = PCURVE('',#14973,#15182);
#15182 = DEFINITIONAL_REPRESENTATION('',(#15183),#15187);
#15183 = LINE('',#15184,#15185);
#15184 = CARTESIAN_POINT('',(6.650414899249,18.200027322759));
#15185 = VECTOR('',#15186,1.);
#15186 = DIRECTION('',(-0.48908885842,-0.872233964352));
#15187 = ( GEOMETRIC_REPRESENTATION_CONTEXT(2) 
PARAMETRIC_REPRESENTATION_CONTEXT() REPRESENTATION_CONTEXT('2D SPACE',''
  ) );
#15188 = ADVANCED_FACE('',(#15189),#14973,.F.);
#15189 = FACE_BOUND('',#15190,.F.);
#15190 = EDGE_LOOP('',(#15191,#15192,#15193,#15194));
#15191 = ORIENTED_EDGE('',*,*,#14959,.T.);
#15192 = ORIENTED_EDGE('',*,*,#15040,.T.);
#15193 = ORIENTED_EDGE('',*,*,#15116,.T.);
#15194 = ORIENTED_EDGE('',*,*,#15168,.T.);
#15195 = ADVANCED_FACE('',(#15196),#14919,.T.);
#15196 = FACE_BOUND('',#15197,.T.);
#15197 = EDGE_LOOP('',(#15198,#15199,#15200,#15201));
#15198 = ORIENTED_EDGE('',*,*,#14903,.T.);
#15199 = ORIENTED_EDGE('',*,*,#14989,.T.);
#15200 = ORIENTED_EDGE('',*,*,#15065,.T.);
#15201 = ORIENTED_EDGE('',*,*,#15146,.T.);
#15202 = ( GEOMETRIC_REPRESENTATION_CONTEXT(3) 
GLOBAL_UNCERTAINTY_ASSIGNED_CONTEXT((#15206)) 
GLOBAL_UNIT_ASSIGNED_CONTEXT((#15203,#15204,#15205)) 
REPRESENTATION_CONTEXT('Context #1',
  '3D Context with UNIT and UNCERTAINTY') );
#15203 = ( LENGTH_UNIT() NAMED_UNIT(*) SI_UNIT(.MILLI.,.METRE.) );
#15204 = ( NAMED_UNIT(*) PLANE_ANGLE_UNIT() SI_UNIT($,.RADIAN.) );
#15205 = ( NAMED_UNIT(*) SI_UNIT($,.STERADIAN.) SOLID_ANGLE_UNIT() );
#15206 = UNCERTAINTY_MEASURE_WITH_UNIT(LENGTH_MEASURE(1.E-07),#15203,
  'distance_accuracy_value','confusion accuracy');
#15207 = CONTEXT_DEPENDENT_SHAPE_REPRESENTATION(#15208,#15210);
#15208 = ( REPRESENTATION_RELATIONSHIP('','',#14861,#10) 
REPRESENTATION_RELATIONSHIP_WITH_TRANSFORMATION(#15209) 
SHAPE_REPRESENTATION_RELATIONSHIP() );
#15209 = ITEM_DEFINED_TRANSFORMATION('','',#11,#27);
#15210 = PRODUCT_DEFINITION_SHAPE('Placement','Placement of an item',
  #15211);
#15211 = NEXT_ASSEMBLY_USAGE_OCCURRENCE('4','block_pos','',#5,#14856,$);
#15212 = PRODUCT_RELATED_PRODUCT_CATEGORY('part',$,(#14858));
#15213 = CONTEXT_DEPENDENT_SHAPE_REPRESENTATION(#15214,#15216);
#15214 = ( REPRESENTATION_RELATIONSHIP('','',#14861,#10) 
REPRESENTATION_RELATIONSHIP_WITH_TRANSFORMATION(#15215) 
SHAPE_REPRESENTATION_RELATIONSHIP() );
#15215 = ITEM_DEFINED_TRANSFORMATION('','',#11,#31);
#15216 = PRODUCT_DEFINITION_SHAPE('Placement','Placement of an item',
  #15217);
#15217 = NEXT_ASSEMBLY_USAGE_OCCURRENCE('5','block_neg','',#5,#14856,$);
ENDSEC;
END-ISO-10303-21;
