M,experiment,empty-auger-balance-disturbance
M,powder_id,none-empty-auger
M,poll_ms,60
M,rpm_ladder,15|30|55|75
M,spin_s,15.0
M,n_tap_single,20
M,n_tap_burst,8
M,tap_on_off_ms,60|150
M,n_rot,10
M,rot_deg_rpm,45|30
M,combined_s_rpm,20|55
M,servo_targets,25|60
M,guard_g,5.0
M,note,no zero(): A&D refuses Z under load; absolute series
P,160,ref_start,0.0000
P,631,ref_start,0.0000
P,1107,ref_start,0.0000
M,m0_abs_g,0.0000
E,1585,BLOCK_START,quiet_pre
D,1679,quiet_pre,0.0000,S,0,0,0.0
D,1775,quiet_pre,0.0000,S,0,0,0.0
D,1871,quiet_pre,0.0000,S,0,0,0.0
D,1966,quiet_pre,0.0000,S,0,0,0.0
D,2062,quiet_pre,0.0000,S,0,0,0.0
D,2158,quiet_pre,0.0000,S,0,0,0.0
D,2254,quiet_pre,0.0000,S,0,0,0.0
D,2348,quiet_pre,0.0000,S,0,0,0.0
D,2443,quiet_pre,0.0000,S,0,0,0.0
D,2539,quiet_pre,0.0000,S,0,0,0.0
D,2635,quiet_pre,0.0000,S,0,0,0.0
D,2732,quiet_pre,0.0000,S,0,0,0.0
D,2827,quiet_pre,0.0000,S,0,0,0.0
D,2923,quiet_pre,0.0000,S,0,0,0.0
D,3019,quiet_pre,0.0000,S,0,0,0.0
D,3114,quiet_pre,0.0000,S,0,0,0.0
D,3208,quiet_pre,0.0000,S,0,0,0.0
D,3304,quiet_pre,0.0000,S,0,0,0.0
D,3400,quiet_pre,0.0000,S,0,0,0.0
D,3496,quiet_pre,0.0000,S,0,0,0.0
D,3592,quiet_pre,0.0000,S,0,0,0.0
D,3688,quiet_pre,0.0000,S,0,0,0.0
D,3783,quiet_pre,0.0000,S,0,0,0.0
D,3879,quiet_pre,0.0000,S,0,0,0.0
D,3975,quiet_pre,0.0000,S,0,0,0.0
D,4071,quiet_pre,0.0000,S,0,0,0.0
D,4165,quiet_pre,0.0000,S,0,0,0.0
D,4261,quiet_pre,0.0000,S,0,0,0.0
D,4356,quiet_pre,0.0000,S,0,0,0.0
D,4452,quiet_pre,0.0000,S,0,0,0.0
D,4548,quiet_pre,0.0000,S,0,0,0.0
D,4644,quiet_pre,0.0000,S,0,0,0.0
D,4740,quiet_pre,0.0000,S,0,0,0.0
D,4836,quiet_pre,0.0000,S,0,0,0.0
D,4932,quiet_pre,0.0000,S,0,0,0.0
D,5025,quiet_pre,0.0000,S,0,0,0.0
D,5121,quiet_pre,0.0000,S,0,0,0.0
D,5217,quiet_pre,0.0000,S,0,0,0.0
D,5313,quiet_pre,0.0000,S,0,0,0.0
D,5409,quiet_pre,0.0000,S,0,0,0.0
D,5505,quiet_pre,0.0000,S,0,0,0.0
D,5600,quiet_pre,0.0000,S,0,0,0.0
D,5696,quiet_pre,0.0000,S,0,0,0.0
D,5792,quiet_pre,0.0000,S,0,0,0.0
D,5886,quiet_pre,0.0000,S,0,0,0.0
D,5982,quiet_pre,0.0000,S,0,0,0.0
D,6078,quiet_pre,0.0000,S,0,0,0.0
D,6174,quiet_pre,0.0000,S,0,0,0.0
D,6269,quiet_pre,0.0000,S,0,0,0.0
D,6365,quiet_pre,0.0000,S,0,0,0.0
D,6461,quiet_pre,0.0000,S,0,0,0.0
D,6557,quiet_pre,0.0000,S,0,0,0.0
D,6653,quiet_pre,0.0000,S,0,0,0.0
D,6749,quiet_pre,0.0000,S,0,0,0.0
D,6842,quiet_pre,0.0000,S,0,0,0.0
D,6938,quiet_pre,0.0000,S,0,0,0.0
D,7034,quiet_pre,0.0000,S,0,0,0.0
D,7130,quiet_pre,0.0000,S,0,0,0.0
D,7226,quiet_pre,0.0000,S,0,0,0.0
D,7322,quiet_pre,0.0000,S,0,0,0.0
D,7418,quiet_pre,0.0000,S,0,0,0.0
D,7513,quiet_pre,0.0000,S,0,0,0.0
D,7609,quiet_pre,0.0000,S,0,0,0.0
D,7703,quiet_pre,0.0000,S,0,0,0.0
D,7799,quiet_pre,0.0000,S,0,0,0.0
D,7895,quiet_pre,0.0000,S,0,0,0.0
D,7991,quiet_pre,0.0000,S,0,0,0.0
D,8086,quiet_pre,0.0000,S,0,0,0.0
D,8182,quiet_pre,0.0000,S,0,0,0.0
D,8278,quiet_pre,0.0000,S,0,0,0.0
D,8374,quiet_pre,0.0000,S,0,0,0.0
D,8470,quiet_pre,0.0000,S,0,0,0.0
D,8564,quiet_pre,0.0000,S,0,0,0.0
D,8659,quiet_pre,0.0000,S,0,0,0.0
D,8756,quiet_pre,0.0000,S,0,0,0.0
D,8851,quiet_pre,0.0000,S,0,0,0.0
D,8947,quiet_pre,0.0000,S,0,0,0.0
D,9043,quiet_pre,0.0000,S,0,0,0.0
D,9139,quiet_pre,0.0000,S,0,0,0.0
D,9235,quiet_pre,0.0000,S,0,0,0.0
D,9330,quiet_pre,0.0000,S,0,0,0.0
D,9424,quiet_pre,0.0000,S,0,0,0.0
D,9520,quiet_pre,0.0000,S,0,0,0.0
D,9616,quiet_pre,0.0000,S,0,0,0.0
D,9718,quiet_pre,0.0000,S,0,0,0.0
D,9808,quiet_pre,0.0000,S,0,0,0.0
D,9903,quiet_pre,0.0000,S,0,0,0.0
D,9999,quiet_pre,0.0000,S,0,0,0.0
D,10095,quiet_pre,0.0000,S,0,0,0.0
D,10191,quiet_pre,0.0000,S,0,0,0.0
D,10287,quiet_pre,0.0000,S,0,0,0.0
D,10381,quiet_pre,0.0000,S,0,0,0.0
D,10477,quiet_pre,0.0000,S,0,0,0.0
D,10572,quiet_pre,0.0000,S,0,0,0.0
D,10668,quiet_pre,0.0000,S,0,0,0.0
D,10764,quiet_pre,0.0000,S,0,0,0.0
D,10860,quiet_pre,0.0000,S,0,0,0.0
D,10956,quiet_pre,0.0000,S,0,0,0.0
D,11052,quiet_pre,0.0000,S,0,0,0.0
D,11148,quiet_pre,0.0000,S,0,0,0.0
D,11241,quiet_pre,0.0000,S,0,0,0.0
D,11337,quiet_pre,0.0000,S,0,0,0.0
D,11433,quiet_pre,0.0000,S,0,0,0.0
D,11529,quiet_pre,0.0000,S,0,0,0.0
D,11625,quiet_pre,0.0000,S,0,0,0.0
D,11721,quiet_pre,0.0000,S,0,0,0.0
D,11817,quiet_pre,0.0000,S,0,0,0.0
D,11912,quiet_pre,0.0000,S,0,0,0.0
D,12008,quiet_pre,0.0000,S,0,0,0.0
D,12102,quiet_pre,0.0000,S,0,0,0.0
D,12198,quiet_pre,0.0000,S,0,0,0.0
D,12294,quiet_pre,0.0000,S,0,0,0.0
D,12390,quiet_pre,0.0000,S,0,0,0.0
D,12486,quiet_pre,0.0000,S,0,0,0.0
D,12581,quiet_pre,0.0000,S,0,0,0.0
D,12677,quiet_pre,0.0000,S,0,0,0.0
D,12773,quiet_pre,0.0000,S,0,0,0.0
D,12869,quiet_pre,0.0000,S,0,0,0.0
D,12965,quiet_pre,0.0000,S,0,0,0.0
D,13058,quiet_pre,0.0000,S,0,0,0.0
D,13154,quiet_pre,0.0000,S,0,0,0.0
D,13250,quiet_pre,0.0000,S,0,0,0.0
D,13346,quiet_pre,0.0000,S,0,0,0.0
D,13442,quiet_pre,0.0000,S,0,0,0.0
D,13538,quiet_pre,0.0000,S,0,0,0.0
D,13634,quiet_pre,0.0000,S,0,0,0.0
D,13729,quiet_pre,0.0000,S,0,0,0.0
D,13825,quiet_pre,0.0000,S,0,0,0.0
D,13919,quiet_pre,0.0000,S,0,0,0.0
D,14015,quiet_pre,0.0000,S,0,0,0.0
D,14111,quiet_pre,0.0000,S,0,0,0.0
D,14207,quiet_pre,0.0000,S,0,0,0.0
D,14303,quiet_pre,0.0000,S,0,0,0.0
D,14398,quiet_pre,0.0000,S,0,0,0.0
D,14494,quiet_pre,0.0000,S,0,0,0.0
D,14590,quiet_pre,0.0000,S,0,0,0.0
D,14686,quiet_pre,0.0000,S,0,0,0.0
D,14780,quiet_pre,0.0000,S,0,0,0.0
D,14875,quiet_pre,0.0000,S,0,0,0.0
D,14971,quiet_pre,0.0000,S,0,0,0.0
D,15067,quiet_pre,0.0000,S,0,0,0.0
D,15163,quiet_pre,0.0000,S,0,0,0.0
D,15259,quiet_pre,0.0000,S,0,0,0.0
D,15355,quiet_pre,0.0000,S,0,0,0.0
D,15451,quiet_pre,0.0000,S,0,0,0.0
D,15547,quiet_pre,0.0000,S,0,0,0.0
D,15640,quiet_pre,0.0000,S,0,0,0.0
D,15736,quiet_pre,0.0000,S,0,0,0.0
D,15832,quiet_pre,0.0000,S,0,0,0.0
D,15928,quiet_pre,0.0000,S,0,0,0.0
D,16024,quiet_pre,0.0000,S,0,0,0.0
D,16119,quiet_pre,0.0000,S,0,0,0.0
D,16215,quiet_pre,0.0000,S,0,0,0.0
D,16311,quiet_pre,0.0000,S,0,0,0.0
D,16407,quiet_pre,0.0000,S,0,0,0.0
D,16503,quiet_pre,0.0000,S,0,0,0.0
D,16597,quiet_pre,0.0000,S,0,0,0.0
D,16693,quiet_pre,0.0000,S,0,0,0.0
D,16788,quiet_pre,0.0000,S,0,0,0.0
D,16884,quiet_pre,0.0000,S,0,0,0.0
D,16980,quiet_pre,0.0000,S,0,0,0.0
D,17076,quiet_pre,0.0000,S,0,0,0.0
D,17172,quiet_pre,0.0000,S,0,0,0.0
D,17268,quiet_pre,0.0000,S,0,0,0.0
D,17364,quiet_pre,0.0000,S,0,0,0.0
D,17457,quiet_pre,0.0000,S,0,0,0.0
D,17553,quiet_pre,0.0000,S,0,0,0.0
D,17649,quiet_pre,0.0000,S,0,0,0.0
D,17745,quiet_pre,0.0000,S,0,0,0.0
D,17841,quiet_pre,0.0000,S,0,0,0.0
D,17937,quiet_pre,0.0000,S,0,0,0.0
D,18032,quiet_pre,0.0000,S,0,0,0.0
D,18128,quiet_pre,0.0000,S,0,0,0.0
D,18224,quiet_pre,0.0000,S,0,0,0.0
D,18318,quiet_pre,0.0000,S,0,0,0.0
D,18414,quiet_pre,0.0000,S,0,0,0.0
D,18510,quiet_pre,0.0000,S,0,0,0.0
D,18606,quiet_pre,0.0000,S,0,0,0.0
D,18701,quiet_pre,0.0000,S,0,0,0.0
D,18797,quiet_pre,0.0000,S,0,0,0.0
D,18893,quiet_pre,0.0000,S,0,0,0.0
D,18989,quiet_pre,0.0000,S,0,0,0.0
D,19085,quiet_pre,0.0000,S,0,0,0.0
D,19181,quiet_pre,0.0000,S,0,0,0.0
D,19274,quiet_pre,0.0000,S,0,0,0.0
D,19371,quiet_pre,0.0000,S,0,0,0.0
D,19466,quiet_pre,0.0000,S,0,0,0.0
D,19562,quiet_pre,0.0000,S,0,0,0.0
D,19658,quiet_pre,0.0000,S,0,0,0.0
D,19754,quiet_pre,0.0000,S,0,0,0.0
D,19850,quiet_pre,0.0000,S,0,0,0.0
D,19945,quiet_pre,0.0000,S,0,0,0.0
D,20041,quiet_pre,0.0000,S,0,0,0.0
D,20135,quiet_pre,0.0000,S,0,0,0.0
D,20231,quiet_pre,0.0000,S,0,0,0.0
D,20327,quiet_pre,0.0000,S,0,0,0.0
D,20423,quiet_pre,0.0000,S,0,0,0.0
D,20518,quiet_pre,0.0000,S,0,0,0.0
D,20614,quiet_pre,0.0000,S,0,0,0.0
D,20710,quiet_pre,0.0000,S,0,0,0.0
D,20806,quiet_pre,0.0000,S,0,0,0.0
D,20902,quiet_pre,0.0000,S,0,0,0.0
D,20996,quiet_pre,0.0000,S,0,0,0.0
D,21091,quiet_pre,0.0000,S,0,0,0.0
D,21187,quiet_pre,0.0000,S,0,0,0.0
D,21283,quiet_pre,0.0000,S,0,0,0.0
D,21379,quiet_pre,0.0000,S,0,0,0.0
D,21475,quiet_pre,0.0000,S,0,0,0.0
D,21571,quiet_pre,0.0000,S,0,0,0.0
D,21667,quiet_pre,0.0000,S,0,0,0.0
D,21762,quiet_pre,0.0000,S,0,0,0.0
D,21857,quiet_pre,0.0000,S,0,0,0.0
D,21952,quiet_pre,0.0000,S,0,0,0.0
D,22048,quiet_pre,0.0000,S,0,0,0.0
D,22144,quiet_pre,0.0000,S,0,0,0.0
D,22240,quiet_pre,0.0000,S,0,0,0.0
D,22336,quiet_pre,0.0000,S,0,0,0.0
D,22444,quiet_pre,0.0000,S,0,0,0.0
D,22623,quiet_pre,0.0000,S,0,0,0.0
D,22719,quiet_pre,0.0000,S,0,0,0.0
D,22813,quiet_pre,0.0000,S,0,0,0.0
D,22909,quiet_pre,0.0000,S,0,0,0.0
D,23004,quiet_pre,0.0000,S,0,0,0.0
D,23100,quiet_pre,0.0000,S,0,0,0.0
D,23196,quiet_pre,0.0000,S,0,0,0.0
D,23292,quiet_pre,0.0000,S,0,0,0.0
D,23388,quiet_pre,0.0000,S,0,0,0.0
D,23484,quiet_pre,0.0000,S,0,0,0.0
D,23580,quiet_pre,0.0000,S,0,0,0.0
D,23673,quiet_pre,0.0000,S,0,0,0.0
D,23769,quiet_pre,0.0000,S,0,0,0.0
D,23865,quiet_pre,0.0000,S,0,0,0.0
D,23961,quiet_pre,0.0000,S,0,0,0.0
D,24057,quiet_pre,0.0000,S,0,0,0.0
D,24153,quiet_pre,0.0000,S,0,0,0.0
D,24248,quiet_pre,0.0000,S,0,0,0.0
D,24344,quiet_pre,0.0000,S,0,0,0.0
D,24440,quiet_pre,0.0000,S,0,0,0.0
D,24534,quiet_pre,0.0000,S,0,0,0.0
D,24630,quiet_pre,0.0000,S,0,0,0.0
D,24726,quiet_pre,0.0000,S,0,0,0.0
D,24822,quiet_pre,0.0000,S,0,0,0.0
D,24918,quiet_pre,0.0000,S,0,0,0.0
D,25013,quiet_pre,0.0000,S,0,0,0.0
D,25109,quiet_pre,0.0000,S,0,0,0.0
D,25205,quiet_pre,0.0000,S,0,0,0.0
D,25301,quiet_pre,0.0000,S,0,0,0.0
D,25397,quiet_pre,0.0000,S,0,0,0.0
D,25490,quiet_pre,0.0000,S,0,0,0.0
D,25586,quiet_pre,0.0000,S,0,0,0.0
D,25682,quiet_pre,0.0000,S,0,0,0.0
D,25778,quiet_pre,0.0000,S,0,0,0.0
D,25874,quiet_pre,0.0000,S,0,0,0.0
D,25970,quiet_pre,0.0000,S,0,0,0.0
D,26066,quiet_pre,0.0000,S,0,0,0.0
D,26161,quiet_pre,0.0000,S,0,0,0.0
D,26257,quiet_pre,0.0000,S,0,0,0.0
D,26351,quiet_pre,0.0000,S,0,0,0.0
D,26447,quiet_pre,0.0000,S,0,0,0.0
D,26543,quiet_pre,0.0000,S,0,0,0.0
D,26639,quiet_pre,0.0000,S,0,0,0.0
D,26735,quiet_pre,0.0000,S,0,0,0.0
D,26830,quiet_pre,0.0000,S,0,0,0.0
D,26926,quiet_pre,0.0000,S,0,0,0.0
D,27022,quiet_pre,0.0000,S,0,0,0.0
D,27118,quiet_pre,0.0000,S,0,0,0.0
D,27212,quiet_pre,0.0000,S,0,0,0.0
D,27308,quiet_pre,0.0000,S,0,0,0.0
D,27403,quiet_pre,0.0000,S,0,0,0.0
D,27499,quiet_pre,0.0000,S,0,0,0.0
D,27595,quiet_pre,0.0000,S,0,0,0.0
D,27691,quiet_pre,0.0000,S,0,0,0.0
D,27787,quiet_pre,0.0000,S,0,0,0.0
D,27883,quiet_pre,0.0000,S,0,0,0.0
D,27979,quiet_pre,0.0000,S,0,0,0.0
D,28072,quiet_pre,0.0000,S,0,0,0.0
D,28168,quiet_pre,0.0000,S,0,0,0.0
D,28264,quiet_pre,0.0000,S,0,0,0.0
D,28360,quiet_pre,0.0000,S,0,0,0.0
D,28456,quiet_pre,0.0000,S,0,0,0.0
D,28552,quiet_pre,0.0000,S,0,0,0.0
D,28647,quiet_pre,0.0000,S,0,0,0.0
D,28743,quiet_pre,0.0000,S,0,0,0.0
D,28839,quiet_pre,0.0000,S,0,0,0.0
D,28935,quiet_pre,0.0000,S,0,0,0.0
D,29029,quiet_pre,0.0000,S,0,0,0.0
D,29125,quiet_pre,0.0000,S,0,0,0.0
D,29221,quiet_pre,0.0000,S,0,0,0.0
D,29316,quiet_pre,0.0000,S,0,0,0.0
D,29412,quiet_pre,0.0000,S,0,0,0.0
D,29508,quiet_pre,0.0000,S,0,0,0.0
D,29604,quiet_pre,0.0000,S,0,0,0.0
D,29700,quiet_pre,0.0000,S,0,0,0.0
D,29796,quiet_pre,0.0000,S,0,0,0.0
D,29889,quiet_pre,0.0000,S,0,0,0.0
D,29985,quiet_pre,0.0000,S,0,0,0.0
D,30081,quiet_pre,0.0000,S,0,0,0.0
D,30177,quiet_pre,0.0000,S,0,0,0.0
D,30273,quiet_pre,0.0000,S,0,0,0.0
D,30369,quiet_pre,0.0000,S,0,0,0.0
D,30465,quiet_pre,0.0000,S,0,0,0.0
D,30560,quiet_pre,0.0000,S,0,0,0.0
D,30656,quiet_pre,0.0000,S,0,0,0.0
D,30750,quiet_pre,0.0000,S,0,0,0.0
D,30846,quiet_pre,0.0000,S,0,0,0.0
D,30942,quiet_pre,0.0000,S,0,0,0.0
D,31038,quiet_pre,0.0000,S,0,0,0.0
D,31133,quiet_pre,0.0000,S,0,0,0.0
D,31229,quiet_pre,0.0000,S,0,0,0.0
D,31325,quiet_pre,0.0000,S,0,0,0.0
D,31421,quiet_pre,0.0000,S,0,0,0.0
D,31517,quiet_pre,0.0000,S,0,0,0.0
D,31613,quiet_pre,0.0000,S,0,0,0.0
D,31706,quiet_pre,0.0000,S,0,0,0.0
D,31802,quiet_pre,0.0000,S,0,0,0.0
D,31898,quiet_pre,0.0000,S,0,0,0.0
D,31994,quiet_pre,0.0000,S,0,0,0.0
D,32090,quiet_pre,0.0000,S,0,0,0.0
D,32186,quiet_pre,0.0000,S,0,0,0.0
D,32282,quiet_pre,0.0000,S,0,0,0.0
D,32377,quiet_pre,0.0000,S,0,0,0.0
D,32474,quiet_pre,0.0000,S,0,0,0.0
D,32567,quiet_pre,0.0000,S,0,0,0.0
D,32663,quiet_pre,0.0000,S,0,0,0.0
D,32759,quiet_pre,0.0000,S,0,0,0.0
D,32855,quiet_pre,0.0000,S,0,0,0.0
D,32950,quiet_pre,0.0000,S,0,0,0.0
D,33046,quiet_pre,0.0000,S,0,0,0.0
D,33142,quiet_pre,0.0000,S,0,0,0.0
D,33238,quiet_pre,0.0000,S,0,0,0.0
D,33334,quiet_pre,0.0000,S,0,0,0.0
D,33428,quiet_pre,0.0000,S,0,0,0.0
D,33524,quiet_pre,0.0000,S,0,0,0.0
D,33619,quiet_pre,0.0000,S,0,0,0.0
D,33715,quiet_pre,0.0000,S,0,0,0.0
D,33811,quiet_pre,0.0000,S,0,0,0.0
D,33907,quiet_pre,0.0000,S,0,0,0.0
D,34003,quiet_pre,0.0000,S,0,0,0.0
D,34099,quiet_pre,0.0000,S,0,0,0.0
D,34195,quiet_pre,0.0000,S,0,0,0.0
D,34289,quiet_pre,0.0000,S,0,0,0.0
D,34384,quiet_pre,0.0000,S,0,0,0.0
D,34480,quiet_pre,0.0000,S,0,0,0.0
D,34576,quiet_pre,0.0000,S,0,0,0.0
D,34672,quiet_pre,0.0000,S,0,0,0.0
D,34768,quiet_pre,0.0000,S,0,0,0.0
D,34864,quiet_pre,0.0000,S,0,0,0.0
D,34959,quiet_pre,0.0000,S,0,0,0.0
D,35055,quiet_pre,0.0000,S,0,0,0.0
D,35151,quiet_pre,0.0000,S,0,0,0.0
D,35252,quiet_pre,0.0000,S,0,0,0.0
D,35341,quiet_pre,0.0000,S,0,0,0.0
D,35437,quiet_pre,0.0000,S,0,0,0.0
D,35532,quiet_pre,0.0000,S,0,0,0.0
D,35628,quiet_pre,0.0000,S,0,0,0.0
D,35724,quiet_pre,0.0000,S,0,0,0.0
D,35820,quiet_pre,0.0000,S,0,0,0.0
D,35916,quiet_pre,0.0000,S,0,0,0.0
D,36012,quiet_pre,0.0000,S,0,0,0.0
D,36105,quiet_pre,0.0000,S,0,0,0.0
D,36201,quiet_pre,0.0000,S,0,0,0.0
D,36297,quiet_pre,0.0000,S,0,0,0.0
D,36393,quiet_pre,0.0000,S,0,0,0.0
D,36489,quiet_pre,0.0000,S,0,0,0.0
D,36585,quiet_pre,0.0000,S,0,0,0.0
D,36681,quiet_pre,0.0000,S,0,0,0.0
D,36776,quiet_pre,0.0000,S,0,0,0.0
D,36872,quiet_pre,0.0000,S,0,0,0.0
D,36966,quiet_pre,0.0000,S,0,0,0.0
D,37062,quiet_pre,0.0000,S,0,0,0.0
D,37158,quiet_pre,0.0000,S,0,0,0.0
D,37254,quiet_pre,0.0000,S,0,0,0.0
D,37350,quiet_pre,0.0000,S,0,0,0.0
D,37445,quiet_pre,0.0000,S,0,0,0.0
D,37541,quiet_pre,0.0000,S,0,0,0.0
D,37637,quiet_pre,0.0000,S,0,0,0.0
D,37733,quiet_pre,0.0000,S,0,0,0.0
D,37829,quiet_pre,0.0000,S,0,0,0.0
D,37923,quiet_pre,0.0000,S,0,0,0.0
D,38018,quiet_pre,0.0000,S,0,0,0.0
D,38114,quiet_pre,0.0000,S,0,0,0.0
D,38210,quiet_pre,0.0000,S,0,0,0.0
D,38306,quiet_pre,0.0000,S,0,0,0.0
D,38402,quiet_pre,0.0000,S,0,0,0.0
D,38498,quiet_pre,0.0000,S,0,0,0.0
D,38593,quiet_pre,0.0000,S,0,0,0.0
D,38689,quiet_pre,0.0000,S,0,0,0.0
D,38783,quiet_pre,0.0000,S,0,0,0.0
D,38879,quiet_pre,0.0000,S,0,0,0.0
D,38975,quiet_pre,0.0000,S,0,0,0.0
D,39071,quiet_pre,0.0000,S,0,0,0.0
D,39167,quiet_pre,0.0000,S,0,0,0.0
D,39262,quiet_pre,0.0000,S,0,0,0.0
D,39358,quiet_pre,0.0000,S,0,0,0.0
D,39454,quiet_pre,0.0000,S,0,0,0.0
D,39550,quiet_pre,0.0000,S,0,0,0.0
D,39644,quiet_pre,0.0000,S,0,0,0.0
D,39740,quiet_pre,0.0000,S,0,0,0.0
D,39836,quiet_pre,0.0000,S,0,0,0.0
D,39931,quiet_pre,0.0000,S,0,0,0.0
D,40027,quiet_pre,0.0000,S,0,0,0.0
D,40123,quiet_pre,0.0000,S,0,0,0.0
D,40219,quiet_pre,0.0000,S,0,0,0.0
D,40315,quiet_pre,0.0000,S,0,0,0.0
D,40411,quiet_pre,0.0000,S,0,0,0.0
D,40504,quiet_pre,0.0000,S,0,0,0.0
D,40600,quiet_pre,0.0000,S,0,0,0.0
D,40696,quiet_pre,0.0000,S,0,0,0.0
D,40792,quiet_pre,0.0000,S,0,0,0.0
D,40888,quiet_pre,0.0000,S,0,0,0.0
D,40984,quiet_pre,0.0000,S,0,0,0.0
D,41080,quiet_pre,0.0000,S,0,0,0.0
D,41175,quiet_pre,0.0000,S,0,0,0.0
D,41271,quiet_pre,0.0000,S,0,0,0.0
D,41367,quiet_pre,0.0000,S,0,0,0.0
D,41461,quiet_pre,0.0000,S,0,0,0.0
D,41557,quiet_pre,0.0000,S,0,0,0.0
D,41653,quiet_pre,0.0000,S,0,0,0.0
D,41748,quiet_pre,0.0000,S,0,0,0.0
D,41844,quiet_pre,0.0000,S,0,0,0.0
D,41940,quiet_pre,0.0000,S,0,0,0.0
D,42036,quiet_pre,0.0000,S,0,0,0.0
D,42132,quiet_pre,0.0000,S,0,0,0.0
D,42228,quiet_pre,0.0000,S,0,0,0.0
D,42321,quiet_pre,0.0000,S,0,0,0.0
D,42418,quiet_pre,0.0000,S,0,0,0.0
D,42513,quiet_pre,0.0000,S,0,0,0.0
D,42609,quiet_pre,0.0000,S,0,0,0.0
D,42705,quiet_pre,0.0000,S,0,0,0.0
D,42801,quiet_pre,0.0000,S,0,0,0.0
D,42897,quiet_pre,0.0000,S,0,0,0.0
D,42992,quiet_pre,0.0000,S,0,0,0.0
D,43088,quiet_pre,0.0000,S,0,0,0.0
D,43182,quiet_pre,0.0000,S,0,0,0.0
D,43278,quiet_pre,0.0000,S,0,0,0.0
D,43374,quiet_pre,0.0000,S,0,0,0.0
D,43470,quiet_pre,0.0000,S,0,0,0.0
D,43566,quiet_pre,0.0000,S,0,0,0.0
D,43661,quiet_pre,0.0000,S,0,0,0.0
D,43757,quiet_pre,0.0000,S,0,0,0.0
D,43853,quiet_pre,0.0000,S,0,0,0.0
D,43949,quiet_pre,0.0000,S,0,0,0.0
D,44045,quiet_pre,0.0000,S,0,0,0.0
D,44139,quiet_pre,0.0000,S,0,0,0.0
D,44234,quiet_pre,0.0000,S,0,0,0.0
D,44330,quiet_pre,0.0000,S,0,0,0.0
D,44426,quiet_pre,0.0000,S,0,0,0.0
D,44522,quiet_pre,0.0000,S,0,0,0.0
D,44618,quiet_pre,0.0000,S,0,0,0.0
D,44714,quiet_pre,0.0000,S,0,0,0.0
D,44810,quiet_pre,0.0000,S,0,0,0.0
D,44906,quiet_pre,0.0000,S,0,0,0.0
D,44999,quiet_pre,0.0000,S,0,0,0.0
D,45095,quiet_pre,0.0000,S,0,0,0.0
D,45191,quiet_pre,0.0000,S,0,0,0.0
D,45287,quiet_pre,0.0000,S,0,0,0.0
D,45383,quiet_pre,0.0000,S,0,0,0.0
D,45478,quiet_pre,0.0000,S,0,0,0.0
D,45574,quiet_pre,0.0000,S,0,0,0.0
D,45670,quiet_pre,0.0000,S,0,0,0.0
D,45766,quiet_pre,0.0000,S,0,0,0.0
D,45860,quiet_pre,0.0000,S,0,0,0.0
D,45956,quiet_pre,0.0000,S,0,0,0.0
D,46052,quiet_pre,0.0000,S,0,0,0.0
D,46147,quiet_pre,0.0000,S,0,0,0.0
D,46243,quiet_pre,0.0000,S,0,0,0.0
D,46339,quiet_pre,0.0000,S,0,0,0.0
D,46435,quiet_pre,0.0000,S,0,0,0.0
D,46531,quiet_pre,0.0000,S,0,0,0.0
D,46627,quiet_pre,0.0000,S,0,0,0.0
D,46721,quiet_pre,0.0000,S,0,0,0.0
D,46816,quiet_pre,0.0000,S,0,0,0.0
D,46912,quiet_pre,0.0000,S,0,0,0.0
D,47008,quiet_pre,0.0000,S,0,0,0.0
D,47104,quiet_pre,0.0000,S,0,0,0.0
D,47200,quiet_pre,0.0000,S,0,0,0.0
D,47296,quiet_pre,0.0000,S,0,0,0.0
D,47391,quiet_pre,0.0000,S,0,0,0.0
D,47487,quiet_pre,0.0000,S,0,0,0.0
D,47583,quiet_pre,0.0000,S,0,0,0.0
D,47677,quiet_pre,0.0000,S,0,0,0.0
D,47773,quiet_pre,0.0000,S,0,0,0.0
D,47869,quiet_pre,0.0000,S,0,0,0.0
D,47976,quiet_pre,0.0000,S,0,0,0.0
D,48156,quiet_pre,0.0000,S,0,0,0.0
D,48252,quiet_pre,0.0000,S,0,0,0.0
D,48348,quiet_pre,0.0000,S,0,0,0.0
D,48444,quiet_pre,0.0000,S,0,0,0.0
D,48538,quiet_pre,0.0000,S,0,0,0.0
D,48633,quiet_pre,0.0000,S,0,0,0.0
D,48729,quiet_pre,0.0000,S,0,0,0.0
D,48825,quiet_pre,0.0000,S,0,0,0.0
D,48921,quiet_pre,0.0000,S,0,0,0.0
D,49017,quiet_pre,0.0000,S,0,0,0.0
D,49113,quiet_pre,0.0000,S,0,0,0.0
D,49208,quiet_pre,0.0000,S,0,0,0.0
D,49304,quiet_pre,0.0000,S,0,0,0.0
D,49398,quiet_pre,0.0000,S,0,0,0.0
D,49494,quiet_pre,0.0000,S,0,0,0.0
D,49590,quiet_pre,0.0000,S,0,0,0.0
D,49686,quiet_pre,0.0000,S,0,0,0.0
D,49782,quiet_pre,0.0000,S,0,0,0.0
D,49877,quiet_pre,0.0000,S,0,0,0.0
D,49973,quiet_pre,0.0000,S,0,0,0.0
D,50069,quiet_pre,0.0000,S,0,0,0.0
D,50165,quiet_pre,0.0000,S,0,0,0.0
D,50261,quiet_pre,0.0000,S,0,0,0.0
D,50355,quiet_pre,0.0000,S,0,0,0.0
D,50451,quiet_pre,0.0000,S,0,0,0.0
D,50546,quiet_pre,0.0000,S,0,0,0.0
D,50642,quiet_pre,0.0000,S,0,0,0.0
D,50738,quiet_pre,0.0000,S,0,0,0.0
D,50834,quiet_pre,0.0000,S,0,0,0.0
D,50930,quiet_pre,0.0000,S,0,0,0.0
D,51026,quiet_pre,0.0000,S,0,0,0.0
D,51121,quiet_pre,0.0000,S,0,0,0.0
D,51215,quiet_pre,0.0000,S,0,0,0.0
D,51311,quiet_pre,0.0000,S,0,0,0.0
D,51407,quiet_pre,0.0000,S,0,0,0.0
D,51503,quiet_pre,0.0000,S,0,0,0.0
D,51599,quiet_pre,0.0000,S,0,0,0.0
D,51694,quiet_pre,0.0000,S,0,0,0.0
D,51790,quiet_pre,0.0000,S,0,0,0.0
D,51886,quiet_pre,0.0000,S,0,0,0.0
D,51982,quiet_pre,0.0000,S,0,0,0.0
D,52076,quiet_pre,0.0000,S,0,0,0.0
D,52172,quiet_pre,0.0000,S,0,0,0.0
D,52268,quiet_pre,0.0000,S,0,0,0.0
D,52363,quiet_pre,0.0000,S,0,0,0.0
D,52459,quiet_pre,0.0000,S,0,0,0.0
D,52555,quiet_pre,0.0000,S,0,0,0.0
D,52651,quiet_pre,0.0000,S,0,0,0.0
D,52747,quiet_pre,0.0000,S,0,0,0.0
D,52843,quiet_pre,0.0000,S,0,0,0.0
D,52937,quiet_pre,0.0000,S,0,0,0.0
D,53032,quiet_pre,0.0000,S,0,0,0.0
D,53128,quiet_pre,0.0000,S,0,0,0.0
D,53224,quiet_pre,0.0000,S,0,0,0.0
D,53320,quiet_pre,0.0000,S,0,0,0.0
D,53416,quiet_pre,0.0000,S,0,0,0.0
D,53512,quiet_pre,0.0000,S,0,0,0.0
D,53607,quiet_pre,0.0000,S,0,0,0.0
D,53703,quiet_pre,0.0000,S,0,0,0.0
D,53799,quiet_pre,0.0000,S,0,0,0.0
D,53893,quiet_pre,0.0000,S,0,0,0.0
D,53989,quiet_pre,0.0000,S,0,0,0.0
D,54085,quiet_pre,0.0000,S,0,0,0.0
D,54180,quiet_pre,0.0000,S,0,0,0.0
D,54276,quiet_pre,0.0000,S,0,0,0.0
D,54372,quiet_pre,0.0000,S,0,0,0.0
D,54468,quiet_pre,0.0000,S,0,0,0.0
D,54564,quiet_pre,0.0000,S,0,0,0.0
D,54660,quiet_pre,0.0000,S,0,0,0.0
D,54754,quiet_pre,0.0000,S,0,0,0.0
D,54850,quiet_pre,0.0000,S,0,0,0.0
D,54945,quiet_pre,0.0000,S,0,0,0.0
D,55041,quiet_pre,0.0000,S,0,0,0.0
D,55137,quiet_pre,0.0000,S,0,0,0.0
D,55233,quiet_pre,0.0000,S,0,0,0.0
D,55329,quiet_pre,0.0000,S,0,0,0.0
D,55424,quiet_pre,0.0000,S,0,0,0.0
D,55520,quiet_pre,0.0000,S,0,0,0.0
D,55614,quiet_pre,0.0000,S,0,0,0.0
D,55710,quiet_pre,0.0000,S,0,0,0.0
D,55806,quiet_pre,0.0000,S,0,0,0.0
D,55902,quiet_pre,0.0000,S,0,0,0.0
D,55998,quiet_pre,0.0000,S,0,0,0.0
D,56093,quiet_pre,0.0000,S,0,0,0.0
D,56189,quiet_pre,0.0000,S,0,0,0.0
D,56285,quiet_pre,0.0000,S,0,0,0.0
D,56381,quiet_pre,0.0000,S,0,0,0.0
D,56477,quiet_pre,0.0000,S,0,0,0.0
D,56571,quiet_pre,0.0000,S,0,0,0.0
D,56667,quiet_pre,0.0000,S,0,0,0.0
D,56762,quiet_pre,0.0000,S,0,0,0.0
D,56858,quiet_pre,0.0000,S,0,0,0.0
D,56954,quiet_pre,0.0000,S,0,0,0.0
D,57050,quiet_pre,0.0000,S,0,0,0.0
D,57146,quiet_pre,0.0000,S,0,0,0.0
D,57242,quiet_pre,0.0000,S,0,0,0.0
D,57338,quiet_pre,0.0000,S,0,0,0.0
D,57431,quiet_pre,0.0000,S,0,0,0.0
D,57527,quiet_pre,0.0000,S,0,0,0.0
D,57623,quiet_pre,0.0000,S,0,0,0.0
D,57719,quiet_pre,0.0000,S,0,0,0.0
D,57815,quiet_pre,0.0000,S,0,0,0.0
D,57911,quiet_pre,0.0000,S,0,0,0.0
D,58006,quiet_pre,0.0000,S,0,0,0.0
D,58102,quiet_pre,0.0000,S,0,0,0.0
D,58198,quiet_pre,0.0000,S,0,0,0.0
D,58292,quiet_pre,0.0000,S,0,0,0.0
D,58388,quiet_pre,0.0000,S,0,0,0.0
D,58484,quiet_pre,0.0000,S,0,0,0.0
D,58579,quiet_pre,0.0000,S,0,0,0.0
D,58675,quiet_pre,0.0000,S,0,0,0.0
D,58771,quiet_pre,0.0000,S,0,0,0.0
D,58867,quiet_pre,0.0000,S,0,0,0.0
D,58963,quiet_pre,0.0000,S,0,0,0.0
D,59059,quiet_pre,0.0000,S,0,0,0.0
D,59153,quiet_pre,0.0000,S,0,0,0.0
D,59248,quiet_pre,0.0000,S,0,0,0.0
D,59344,quiet_pre,0.0000,S,0,0,0.0
D,59440,quiet_pre,0.0000,S,0,0,0.0
D,59536,quiet_pre,0.0000,S,0,0,0.0
D,59632,quiet_pre,0.0000,S,0,0,0.0
D,59728,quiet_pre,0.0000,S,0,0,0.0
D,59823,quiet_pre,0.0000,S,0,0,0.0
D,59919,quiet_pre,0.0000,S,0,0,0.0
D,60015,quiet_pre,0.0000,S,0,0,0.0
D,60109,quiet_pre,0.0000,S,0,0,0.0
D,60205,quiet_pre,0.0000,S,0,0,0.0
D,60301,quiet_pre,0.0000,S,0,0,0.0
D,60397,quiet_pre,0.0000,S,0,0,0.0
D,60492,quiet_pre,0.0000,S,0,0,0.0
D,60588,quiet_pre,0.0000,S,0,0,0.0
D,60684,quiet_pre,0.0000,S,0,0,0.0
D,60785,quiet_pre,0.0000,S,0,0,0.0
D,60876,quiet_pre,0.0000,S,0,0,0.0
D,60970,quiet_pre,0.0000,S,0,0,0.0
D,61065,quiet_pre,0.0000,S,0,0,0.0
D,61161,quiet_pre,0.0000,S,0,0,0.0
D,61257,quiet_pre,0.0000,S,0,0,0.0
D,61353,quiet_pre,0.0000,S,0,0,0.0
D,61449,quiet_pre,0.0000,S,0,0,0.0
D,61545,quiet_pre,0.0000,S,0,0,0.0
D,61640,quiet_pre,0.0000,S,0,0,0.0
D,61736,quiet_pre,0.0000,S,0,0,0.0
D,61830,quiet_pre,0.0000,S,0,0,0.0
D,61926,quiet_pre,0.0000,S,0,0,0.0
D,62022,quiet_pre,0.0000,S,0,0,0.0
D,62118,quiet_pre,0.0000,S,0,0,0.0
D,62214,quiet_pre,0.0000,S,0,0,0.0
D,62309,quiet_pre,0.0000,S,0,0,0.0
D,62405,quiet_pre,0.0000,S,0,0,0.0
D,62501,quiet_pre,0.0000,S,0,0,0.0
D,62597,quiet_pre,0.0000,S,0,0,0.0
D,62693,quiet_pre,0.0000,S,0,0,0.0
D,62787,quiet_pre,0.0000,S,0,0,0.0
D,62883,quiet_pre,0.0000,S,0,0,0.0
D,62978,quiet_pre,0.0000,S,0,0,0.0
D,63074,quiet_pre,0.0000,S,0,0,0.0
D,63170,quiet_pre,0.0000,S,0,0,0.0
D,63266,quiet_pre,0.0000,S,0,0,0.0
D,63362,quiet_pre,0.0000,S,0,0,0.0
D,63458,quiet_pre,0.0000,S,0,0,0.0
D,63553,quiet_pre,0.0000,S,0,0,0.0
D,63647,quiet_pre,0.0000,S,0,0,0.0
D,63743,quiet_pre,0.0000,S,0,0,0.0
D,63839,quiet_pre,0.0000,S,0,0,0.0
D,63935,quiet_pre,0.0000,S,0,0,0.0
D,64031,quiet_pre,0.0000,S,0,0,0.0
D,64126,quiet_pre,0.0000,S,0,0,0.0
D,64222,quiet_pre,0.0000,S,0,0,0.0
D,64318,quiet_pre,0.0000,S,0,0,0.0
D,64414,quiet_pre,0.0000,S,0,0,0.0
D,64508,quiet_pre,0.0000,S,0,0,0.0
D,64604,quiet_pre,0.0000,S,0,0,0.0
D,64700,quiet_pre,0.0000,S,0,0,0.0
D,64795,quiet_pre,0.0000,S,0,0,0.0
D,64891,quiet_pre,0.0000,S,0,0,0.0
D,64987,quiet_pre,0.0000,S,0,0,0.0
D,65083,quiet_pre,0.0000,S,0,0,0.0
D,65179,quiet_pre,0.0000,S,0,0,0.0
D,65275,quiet_pre,0.0000,S,0,0,0.0
D,65369,quiet_pre,0.0000,S,0,0,0.0
D,65464,quiet_pre,0.0000,S,0,0,0.0
D,65560,quiet_pre,0.0000,S,0,0,0.0
D,65656,quiet_pre,0.0000,S,0,0,0.0
D,65752,quiet_pre,0.0000,S,0,0,0.0
D,65848,quiet_pre,0.0000,S,0,0,0.0
D,65944,quiet_pre,0.0000,S,0,0,0.0
D,66039,quiet_pre,0.0000,S,0,0,0.0
D,66135,quiet_pre,0.0000,S,0,0,0.0
D,66231,quiet_pre,0.0000,S,0,0,0.0
D,66325,quiet_pre,0.0000,S,0,0,0.0
D,66421,quiet_pre,0.0000,S,0,0,0.0
D,66517,quiet_pre,0.0000,S,0,0,0.0
D,66613,quiet_pre,0.0000,S,0,0,0.0
D,66708,quiet_pre,0.0000,S,0,0,0.0
D,66804,quiet_pre,0.0000,S,0,0,0.0
D,66900,quiet_pre,0.0000,S,0,0,0.0
D,66996,quiet_pre,0.0000,S,0,0,0.0
D,67092,quiet_pre,0.0000,S,0,0,0.0
D,67186,quiet_pre,0.0000,S,0,0,0.0
D,67281,quiet_pre,0.0000,S,0,0,0.0
D,67377,quiet_pre,0.0000,S,0,0,0.0
D,67473,quiet_pre,0.0000,S,0,0,0.0
D,67569,quiet_pre,0.0000,S,0,0,0.0
D,67665,quiet_pre,0.0000,S,0,0,0.0
D,67761,quiet_pre,0.0000,S,0,0,0.0
D,67856,quiet_pre,0.0000,S,0,0,0.0
D,67953,quiet_pre,0.0000,S,0,0,0.0
D,68046,quiet_pre,0.0000,S,0,0,0.0
D,68142,quiet_pre,0.0000,S,0,0,0.0
D,68238,quiet_pre,0.0000,S,0,0,0.0
D,68334,quiet_pre,0.0000,S,0,0,0.0
D,68430,quiet_pre,0.0000,S,0,0,0.0
D,68525,quiet_pre,0.0000,S,0,0,0.0
D,68621,quiet_pre,0.0000,S,0,0,0.0
D,68717,quiet_pre,0.0000,S,0,0,0.0
D,68813,quiet_pre,0.0000,S,0,0,0.0
D,68907,quiet_pre,0.0000,S,0,0,0.0
D,69003,quiet_pre,0.0000,S,0,0,0.0
D,69099,quiet_pre,0.0000,S,0,0,0.0
D,69194,quiet_pre,0.0000,S,0,0,0.0
D,69290,quiet_pre,0.0000,S,0,0,0.0
D,69386,quiet_pre,0.0000,S,0,0,0.0
D,69482,quiet_pre,0.0000,S,0,0,0.0
D,69578,quiet_pre,0.0000,S,0,0,0.0
D,69674,quiet_pre,0.0000,S,0,0,0.0
D,69770,quiet_pre,0.0000,S,0,0,0.0
D,69863,quiet_pre,0.0000,S,0,0,0.0
D,69959,quiet_pre,0.0000,S,0,0,0.0
D,70055,quiet_pre,0.0000,S,0,0,0.0
D,70151,quiet_pre,0.0000,S,0,0,0.0
D,70247,quiet_pre,0.0000,S,0,0,0.0
D,70343,quiet_pre,0.0000,S,0,0,0.0
D,70438,quiet_pre,0.0000,S,0,0,0.0
D,70534,quiet_pre,0.0000,S,0,0,0.0
D,70630,quiet_pre,0.0000,S,0,0,0.0
D,70724,quiet_pre,0.0000,S,0,0,0.0
D,70820,quiet_pre,0.0000,S,0,0,0.0
D,70916,quiet_pre,0.0000,S,0,0,0.0
D,71011,quiet_pre,0.0000,S,0,0,0.0
D,71107,quiet_pre,0.0000,S,0,0,0.0
D,71203,quiet_pre,0.0000,S,0,0,0.0
D,71299,quiet_pre,0.0000,S,0,0,0.0
D,71395,quiet_pre,0.0000,S,0,0,0.0
D,71491,quiet_pre,0.0000,S,0,0,0.0
D,71585,quiet_pre,0.0000,S,0,0,0.0
D,71680,quiet_pre,0.0000,S,0,0,0.0
D,71776,quiet_pre,0.0000,S,0,0,0.0
D,71872,quiet_pre,0.0000,S,0,0,0.0
D,71968,quiet_pre,0.0000,S,0,0,0.0
D,72064,quiet_pre,0.0000,S,0,0,0.0
D,72160,quiet_pre,0.0000,S,0,0,0.0
D,72256,quiet_pre,0.0000,S,0,0,0.0
D,72351,quiet_pre,0.0000,S,0,0,0.0
D,72447,quiet_pre,0.0000,S,0,0,0.0
D,72541,quiet_pre,0.0000,S,0,0,0.0
D,72637,quiet_pre,0.0000,S,0,0,0.0
D,72733,quiet_pre,0.0000,S,0,0,0.0
D,72829,quiet_pre,0.0000,S,0,0,0.0
D,72924,quiet_pre,0.0000,S,0,0,0.0
D,73020,quiet_pre,0.0000,S,0,0,0.0
D,73116,quiet_pre,0.0000,S,0,0,0.0
D,73212,quiet_pre,0.0000,S,0,0,0.0
D,73308,quiet_pre,0.0000,S,0,0,0.0
D,73402,quiet_pre,0.0000,S,0,0,0.0
D,73510,quiet_pre,0.0000,S,0,0,0.0
D,73689,quiet_pre,0.0000,S,0,0,0.0
D,73785,quiet_pre,0.0000,S,0,0,0.0
D,73881,quiet_pre,0.0000,S,0,0,0.0
D,73977,quiet_pre,0.0000,S,0,0,0.0
D,74073,quiet_pre,0.0000,S,0,0,0.0
D,74168,quiet_pre,0.0000,S,0,0,0.0
D,74262,quiet_pre,0.0000,S,0,0,0.0
D,74358,quiet_pre,0.0000,S,0,0,0.0
D,74454,quiet_pre,0.0000,S,0,0,0.0
D,74550,quiet_pre,0.0000,S,0,0,0.0
D,74646,quiet_pre,0.0000,S,0,0,0.0
D,74741,quiet_pre,0.0000,S,0,0,0.0
D,74838,quiet_pre,0.0000,S,0,0,0.0
D,74933,quiet_pre,0.0000,S,0,0,0.0
D,75029,quiet_pre,0.0000,S,0,0,0.0
D,75125,quiet_pre,0.0000,S,0,0,0.0
D,75219,quiet_pre,0.0000,S,0,0,0.0
D,75315,quiet_pre,0.0000,S,0,0,0.0
D,75410,quiet_pre,0.0000,S,0,0,0.0
D,75506,quiet_pre,0.0000,S,0,0,0.0
D,75602,quiet_pre,0.0000,S,0,0,0.0
D,75698,quiet_pre,0.0000,S,0,0,0.0
D,75794,quiet_pre,0.0000,S,0,0,0.0
D,75890,quiet_pre,0.0000,S,0,0,0.0
D,75986,quiet_pre,0.0000,S,0,0,0.0
D,76079,quiet_pre,0.0000,S,0,0,0.0
D,76175,quiet_pre,0.0000,S,0,0,0.0
D,76271,quiet_pre,0.0000,S,0,0,0.0
D,76367,quiet_pre,0.0000,S,0,0,0.0
D,76463,quiet_pre,0.0000,S,0,0,0.0
D,76559,quiet_pre,0.0000,S,0,0,0.0
D,76655,quiet_pre,0.0000,S,0,0,0.0
D,76750,quiet_pre,0.0000,S,0,0,0.0
D,76846,quiet_pre,0.0000,S,0,0,0.0
D,76940,quiet_pre,0.0000,S,0,0,0.0
D,77036,quiet_pre,0.0000,S,0,0,0.0
D,77132,quiet_pre,0.0000,S,0,0,0.0
D,77228,quiet_pre,0.0000,S,0,0,0.0
D,77323,quiet_pre,0.0000,S,0,0,0.0
D,77419,quiet_pre,0.0000,S,0,0,0.0
D,77515,quiet_pre,0.0000,S,0,0,0.0
D,77611,quiet_pre,0.0000,S,0,0,0.0
D,77707,quiet_pre,0.0000,S,0,0,0.0
D,77801,quiet_pre,0.0000,S,0,0,0.0
D,77897,quiet_pre,0.0000,S,0,0,0.0
D,77992,quiet_pre,0.0000,S,0,0,0.0
D,78088,quiet_pre,0.0000,S,0,0,0.0
D,78184,quiet_pre,0.0000,S,0,0,0.0
D,78280,quiet_pre,0.0000,S,0,0,0.0
D,78376,quiet_pre,0.0000,S,0,0,0.0
D,78472,quiet_pre,0.0000,S,0,0,0.0
D,78567,quiet_pre,0.0000,S,0,0,0.0
D,78663,quiet_pre,0.0000,S,0,0,0.0
D,78757,quiet_pre,0.0000,S,0,0,0.0
D,78853,quiet_pre,0.0000,S,0,0,0.0
D,78949,quiet_pre,0.0000,S,0,0,0.0
D,79045,quiet_pre,0.0000,S,0,0,0.0
D,79140,quiet_pre,0.0000,S,0,0,0.0
D,79236,quiet_pre,0.0000,S,0,0,0.0
D,79332,quiet_pre,0.0000,S,0,0,0.0
D,79428,quiet_pre,0.0000,S,0,0,0.0
D,79524,quiet_pre,0.0000,S,0,0,0.0
D,79618,quiet_pre,0.0000,S,0,0,0.0
D,79714,quiet_pre,0.0000,S,0,0,0.0
D,79810,quiet_pre,0.0000,S,0,0,0.0
D,79905,quiet_pre,0.0000,S,0,0,0.0
D,80001,quiet_pre,0.0000,S,0,0,0.0
D,80097,quiet_pre,0.0000,S,0,0,0.0
D,80193,quiet_pre,0.0000,S,0,0,0.0
D,80289,quiet_pre,0.0000,S,0,0,0.0
D,80385,quiet_pre,0.0000,S,0,0,0.0
D,80478,quiet_pre,0.0000,S,0,0,0.0
D,80574,quiet_pre,0.0000,S,0,0,0.0
D,80670,quiet_pre,0.0000,S,0,0,0.0
D,80766,quiet_pre,0.0000,S,0,0,0.0
D,80862,quiet_pre,0.0000,S,0,0,0.0
D,80958,quiet_pre,0.0000,S,0,0,0.0
D,81053,quiet_pre,0.0000,S,0,0,0.0
D,81149,quiet_pre,0.0000,S,0,0,0.0
D,81245,quiet_pre,0.0000,S,0,0,0.0
D,81341,quiet_pre,0.0000,S,0,0,0.0
D,81435,quiet_pre,0.0000,S,0,0,0.0
D,81531,quiet_pre,0.0000,S,0,0,0.0
D,81626,quiet_pre,0.0000,S,0,0,0.0
D,81722,quiet_pre,0.0000,S,0,0,0.0
D,81818,quiet_pre,0.0000,S,0,0,0.0
D,81914,quiet_pre,0.0000,S,0,0,0.0
D,82010,quiet_pre,0.0000,S,0,0,0.0
D,82106,quiet_pre,0.0000,S,0,0,0.0
D,82202,quiet_pre,0.0000,S,0,0,0.0
D,82295,quiet_pre,0.0000,S,0,0,0.0
D,82391,quiet_pre,0.0000,S,0,0,0.0
D,82487,quiet_pre,0.0000,S,0,0,0.0
D,82583,quiet_pre,0.0000,S,0,0,0.0
D,82679,quiet_pre,0.0000,S,0,0,0.0
D,82775,quiet_pre,0.0000,S,0,0,0.0
D,82871,quiet_pre,0.0000,S,0,0,0.0
D,82966,quiet_pre,0.0000,S,0,0,0.0
D,83062,quiet_pre,0.0000,S,0,0,0.0
D,83156,quiet_pre,0.0000,S,0,0,0.0
D,83252,quiet_pre,0.0000,S,0,0,0.0
D,83348,quiet_pre,0.0000,S,0,0,0.0
D,83444,quiet_pre,0.0000,S,0,0,0.0
D,83539,quiet_pre,0.0000,S,0,0,0.0
D,83635,quiet_pre,0.0000,S,0,0,0.0
D,83731,quiet_pre,0.0000,S,0,0,0.0
D,83827,quiet_pre,0.0000,S,0,0,0.0
D,83923,quiet_pre,0.0000,S,0,0,0.0
D,84017,quiet_pre,0.0000,S,0,0,0.0
D,84112,quiet_pre,0.0000,S,0,0,0.0
D,84208,quiet_pre,0.0000,S,0,0,0.0
D,84304,quiet_pre,0.0000,S,0,0,0.0
D,84400,quiet_pre,0.0000,S,0,0,0.0
D,84496,quiet_pre,0.0000,S,0,0,0.0
D,84592,quiet_pre,0.0000,S,0,0,0.0
D,84688,quiet_pre,0.0000,S,0,0,0.0
D,84783,quiet_pre,0.0000,S,0,0,0.0
D,84879,quiet_pre,0.0000,S,0,0,0.0
D,84973,quiet_pre,0.0000,S,0,0,0.0
D,85069,quiet_pre,0.0000,S,0,0,0.0
D,85165,quiet_pre,0.0000,S,0,0,0.0
D,85261,quiet_pre,0.0000,S,0,0,0.0
D,85356,quiet_pre,0.0000,S,0,0,0.0
D,85452,quiet_pre,0.0000,S,0,0,0.0
D,85548,quiet_pre,0.0000,S,0,0,0.0
D,85644,quiet_pre,0.0000,S,0,0,0.0
D,85740,quiet_pre,0.0000,S,0,0,0.0
D,85834,quiet_pre,0.0000,S,0,0,0.0
D,85930,quiet_pre,0.0000,S,0,0,0.0
D,86025,quiet_pre,0.0000,S,0,0,0.0
D,86121,quiet_pre,0.0000,S,0,0,0.0
D,86217,quiet_pre,0.0000,S,0,0,0.0
D,86319,quiet_pre,0.0000,S,0,0,0.0
D,86409,quiet_pre,0.0000,S,0,0,0.0
D,86505,quiet_pre,0.0000,S,0,0,0.0
D,86600,quiet_pre,0.0000,S,0,0,0.0
D,86694,quiet_pre,0.0000,S,0,0,0.0
D,86790,quiet_pre,0.0000,S,0,0,0.0
D,86886,quiet_pre,0.0000,S,0,0,0.0
D,86982,quiet_pre,0.0000,S,0,0,0.0
D,87078,quiet_pre,0.0000,S,0,0,0.0
D,87174,quiet_pre,0.0000,S,0,0,0.0
D,87270,quiet_pre,0.0000,S,0,0,0.0
D,87365,quiet_pre,0.0000,S,0,0,0.0
D,87461,quiet_pre,0.0000,S,0,0,0.0
D,87557,quiet_pre,0.0000,S,0,0,0.0
D,87651,quiet_pre,0.0000,S,0,0,0.0
D,87747,quiet_pre,0.0000,S,0,0,0.0
D,87842,quiet_pre,0.0000,S,0,0,0.0
D,87938,quiet_pre,0.0000,S,0,0,0.0
D,88034,quiet_pre,0.0000,S,0,0,0.0
D,88130,quiet_pre,0.0000,S,0,0,0.0
D,88226,quiet_pre,0.0000,S,0,0,0.0
D,88322,quiet_pre,0.0000,S,0,0,0.0
D,88418,quiet_pre,0.0000,S,0,0,0.0
D,88511,quiet_pre,0.0000,S,0,0,0.0
D,88607,quiet_pre,0.0000,S,0,0,0.0
D,88703,quiet_pre,0.0000,S,0,0,0.0
D,88799,quiet_pre,0.0000,S,0,0,0.0
D,88895,quiet_pre,0.0000,S,0,0,0.0
D,88991,quiet_pre,0.0000,S,0,0,0.0
D,89086,quiet_pre,0.0000,S,0,0,0.0
D,89182,quiet_pre,0.0000,S,0,0,0.0
D,89278,quiet_pre,0.0000,S,0,0,0.0
D,89372,quiet_pre,0.0000,S,0,0,0.0
D,89468,quiet_pre,0.0000,S,0,0,0.0
D,89564,quiet_pre,0.0000,S,0,0,0.0
D,89660,quiet_pre,0.0000,S,0,0,0.0
D,89756,quiet_pre,0.0000,S,0,0,0.0
D,89851,quiet_pre,0.0000,S,0,0,0.0
D,89947,quiet_pre,0.0000,S,0,0,0.0
D,90043,quiet_pre,0.0000,S,0,0,0.0
D,90139,quiet_pre,0.0000,S,0,0,0.0
D,90233,quiet_pre,0.0000,S,0,0,0.0
D,90329,quiet_pre,0.0000,S,0,0,0.0
D,90424,quiet_pre,0.0000,S,0,0,0.0
D,90520,quiet_pre,0.0000,S,0,0,0.0
D,90616,quiet_pre,0.0000,S,0,0,0.0
D,90712,quiet_pre,0.0000,S,0,0,0.0
D,90808,quiet_pre,0.0000,S,0,0,0.0
D,90904,quiet_pre,0.0000,S,0,0,0.0
D,91000,quiet_pre,0.0000,S,0,0,0.0
D,91095,quiet_pre,0.0000,S,0,0,0.0
D,91189,quiet_pre,0.0000,S,0,0,0.0
D,91285,quiet_pre,0.0000,S,0,0,0.0
D,91381,quiet_pre,0.0000,S,0,0,0.0
D,91477,quiet_pre,0.0000,S,0,0,0.0
D,91573,quiet_pre,0.0000,S,0,0,0.0
D,91668,quiet_pre,0.0000,S,0,0,0.0
D,91764,quiet_pre,0.0000,S,0,0,0.0
D,91860,quiet_pre,0.0000,S,0,0,0.0
D,91956,quiet_pre,0.0000,S,0,0,0.0
D,92050,quiet_pre,0.0000,S,0,0,0.0
D,92146,quiet_pre,0.0000,S,0,0,0.0
D,92241,quiet_pre,0.0000,S,0,0,0.0
D,92337,quiet_pre,0.0000,S,0,0,0.0
D,92433,quiet_pre,0.0000,S,0,0,0.0
D,92529,quiet_pre,0.0000,S,0,0,0.0
D,92625,quiet_pre,0.0000,S,0,0,0.0
D,92721,quiet_pre,0.0000,S,0,0,0.0
D,92817,quiet_pre,0.0000,S,0,0,0.0
D,92910,quiet_pre,0.0000,S,0,0,0.0
D,93006,quiet_pre,0.0000,S,0,0,0.0
D,93102,quiet_pre,0.0000,S,0,0,0.0
D,93198,quiet_pre,0.0000,S,0,0,0.0
D,93294,quiet_pre,0.0000,S,0,0,0.0
D,93390,quiet_pre,0.0000,S,0,0,0.0
D,93485,quiet_pre,0.0000,S,0,0,0.0
D,93581,quiet_pre,0.0000,S,0,0,0.0
D,93677,quiet_pre,0.0000,S,0,0,0.0
D,93773,quiet_pre,0.0000,S,0,0,0.0
D,93867,quiet_pre,0.0000,S,0,0,0.0
D,93963,quiet_pre,0.0000,S,0,0,0.0
D,94059,quiet_pre,0.0000,S,0,0,0.0
D,94154,quiet_pre,0.0000,S,0,0,0.0
D,94250,quiet_pre,0.0000,S,0,0,0.0
D,94346,quiet_pre,0.0000,S,0,0,0.0
D,94442,quiet_pre,0.0000,S,0,0,0.0
D,94538,quiet_pre,0.0000,S,0,0,0.0
D,94634,quiet_pre,0.0000,S,0,0,0.0
D,94727,quiet_pre,0.0000,S,0,0,0.0
D,94823,quiet_pre,0.0000,S,0,0,0.0
D,94919,quiet_pre,0.0000,S,0,0,0.0
D,95015,quiet_pre,0.0000,S,0,0,0.0
D,95111,quiet_pre,0.0000,S,0,0,0.0
D,95207,quiet_pre,0.0000,S,0,0,0.0
D,95303,quiet_pre,0.0000,S,0,0,0.0
D,95398,quiet_pre,0.0000,S,0,0,0.0
D,95494,quiet_pre,0.0000,S,0,0,0.0
D,95588,quiet_pre,0.0000,S,0,0,0.0
D,95684,quiet_pre,0.0000,S,0,0,0.0
D,95780,quiet_pre,0.0000,S,0,0,0.0
D,95876,quiet_pre,0.0000,S,0,0,0.0
D,95971,quiet_pre,0.0000,S,0,0,0.0
D,96067,quiet_pre,0.0000,S,0,0,0.0
D,96163,quiet_pre,0.0000,S,0,0,0.0
D,96259,quiet_pre,0.0000,S,0,0,0.0
D,96355,quiet_pre,0.0000,S,0,0,0.0
D,96449,quiet_pre,0.0000,S,0,0,0.0
D,96545,quiet_pre,0.0000,S,0,0,0.0
D,96641,quiet_pre,0.0000,S,0,0,0.0
D,96736,quiet_pre,0.0000,S,0,0,0.0
D,96832,quiet_pre,0.0000,S,0,0,0.0
D,96928,quiet_pre,0.0000,S,0,0,0.0
D,97024,quiet_pre,0.0000,S,0,0,0.0
D,97120,quiet_pre,0.0000,S,0,0,0.0
D,97215,quiet_pre,0.0000,S,0,0,0.0
D,97311,quiet_pre,0.0000,S,0,0,0.0
D,97405,quiet_pre,0.0000,S,0,0,0.0
D,97501,quiet_pre,0.0000,S,0,0,0.0
D,97597,quiet_pre,0.0000,S,0,0,0.0
D,97693,quiet_pre,0.0000,S,0,0,0.0
D,97789,quiet_pre,0.0000,S,0,0,0.0
D,97885,quiet_pre,0.0000,S,0,0,0.0
D,97980,quiet_pre,0.0000,S,0,0,0.0
D,98076,quiet_pre,0.0000,S,0,0,0.0
D,98172,quiet_pre,0.0000,S,0,0,0.0
D,98266,quiet_pre,0.0000,S,0,0,0.0
D,98362,quiet_pre,0.0000,S,0,0,0.0
D,98457,quiet_pre,0.0000,S,0,0,0.0
D,98553,quiet_pre,0.0000,S,0,0,0.0
D,98649,quiet_pre,0.0000,S,0,0,0.0
D,98745,quiet_pre,0.0000,S,0,0,0.0
D,98841,quiet_pre,0.0000,S,0,0,0.0
D,98937,quiet_pre,0.0000,S,0,0,0.0
D,99045,quiet_pre,0.0000,S,0,0,0.0
D,99222,quiet_pre,0.0000,S,0,0,0.0
D,99318,quiet_pre,0.0000,S,0,0,0.0
D,99414,quiet_pre,0.0000,S,0,0,0.0
D,99510,quiet_pre,0.0000,S,0,0,0.0
D,99606,quiet_pre,0.0000,S,0,0,0.0
D,99702,quiet_pre,0.0000,S,0,0,0.0
D,99797,quiet_pre,0.0000,S,0,0,0.0
D,99893,quiet_pre,0.0000,S,0,0,0.0
D,99989,quiet_pre,0.0000,S,0,0,0.0
D,100083,quiet_pre,0.0000,S,0,0,0.0
D,100179,quiet_pre,0.0000,S,0,0,0.0
D,100275,quiet_pre,0.0000,S,0,0,0.0
D,100371,quiet_pre,0.0000,S,0,0,0.0
D,100466,quiet_pre,0.0000,S,0,0,0.0
D,100562,quiet_pre,0.0000,S,0,0,0.0
D,100658,quiet_pre,0.0000,S,0,0,0.0
D,100754,quiet_pre,0.0000,S,0,0,0.0
D,100850,quiet_pre,0.0000,S,0,0,0.0
D,100944,quiet_pre,0.0000,S,0,0,0.0
D,101039,quiet_pre,0.0000,S,0,0,0.0
D,101135,quiet_pre,0.0000,S,0,0,0.0
D,101231,quiet_pre,0.0000,S,0,0,0.0
D,101327,quiet_pre,0.0000,S,0,0,0.0
D,101423,quiet_pre,0.0000,S,0,0,0.0
D,101519,quiet_pre,0.0000,S,0,0,0.0
D,101614,quiet_pre,0.0000,S,0,0,0.0
D,101710,quiet_pre,0.0000,S,0,0,0.0
D,101804,quiet_pre,0.0000,S,0,0,0.0
D,101900,quiet_pre,0.0000,S,0,0,0.0
D,101996,quiet_pre,0.0000,S,0,0,0.0
D,102092,quiet_pre,0.0000,S,0,0,0.0
D,102188,quiet_pre,0.0000,S,0,0,0.0
D,102283,quiet_pre,0.0000,S,0,0,0.0
D,102379,quiet_pre,0.0000,S,0,0,0.0
D,102475,quiet_pre,0.0000,S,0,0,0.0
D,102571,quiet_pre,0.0000,S,0,0,0.0
D,102665,quiet_pre,0.0000,S,0,0,0.0
D,102761,quiet_pre,0.0000,S,0,0,0.0
D,102856,quiet_pre,0.0000,S,0,0,0.0
D,102952,quiet_pre,0.0000,S,0,0,0.0
D,103048,quiet_pre,0.0000,S,0,0,0.0
D,103144,quiet_pre,0.0000,S,0,0,0.0
D,103240,quiet_pre,0.0000,S,0,0,0.0
D,103336,quiet_pre,0.0000,S,0,0,0.0
D,103432,quiet_pre,0.0000,S,0,0,0.0
D,103527,quiet_pre,0.0000,S,0,0,0.0
D,103621,quiet_pre,0.0000,S,0,0,0.0
D,103717,quiet_pre,0.0000,S,0,0,0.0
D,103813,quiet_pre,0.0000,S,0,0,0.0
D,103909,quiet_pre,0.0000,S,0,0,0.0
D,104005,quiet_pre,0.0000,S,0,0,0.0
D,104100,quiet_pre,0.0000,S,0,0,0.0
D,104196,quiet_pre,0.0000,S,0,0,0.0
D,104292,quiet_pre,0.0000,S,0,0,0.0
D,104388,quiet_pre,0.0000,S,0,0,0.0
D,104482,quiet_pre,0.0000,S,0,0,0.0
D,104578,quiet_pre,0.0000,S,0,0,0.0
D,104674,quiet_pre,0.0000,S,0,0,0.0
D,104769,quiet_pre,0.0000,S,0,0,0.0
D,104865,quiet_pre,0.0000,S,0,0,0.0
D,104961,quiet_pre,0.0000,S,0,0,0.0
D,105057,quiet_pre,0.0000,S,0,0,0.0
D,105153,quiet_pre,0.0000,S,0,0,0.0
D,105249,quiet_pre,0.0000,S,0,0,0.0
D,105342,quiet_pre,0.0000,S,0,0,0.0
D,105438,quiet_pre,0.0000,S,0,0,0.0
D,105534,quiet_pre,0.0000,S,0,0,0.0
D,105630,quiet_pre,0.0000,S,0,0,0.0
D,105726,quiet_pre,0.0000,S,0,0,0.0
D,105822,quiet_pre,0.0000,S,0,0,0.0
D,105918,quiet_pre,0.0000,S,0,0,0.0
D,106013,quiet_pre,0.0000,S,0,0,0.0
D,106109,quiet_pre,0.0000,S,0,0,0.0
D,106205,quiet_pre,0.0000,S,0,0,0.0
D,106299,quiet_pre,0.0000,S,0,0,0.0
D,106395,quiet_pre,0.0000,S,0,0,0.0
D,106491,quiet_pre,0.0000,S,0,0,0.0
D,106586,quiet_pre,0.0000,S,0,0,0.0
D,106682,quiet_pre,0.0000,S,0,0,0.0
D,106778,quiet_pre,0.0000,S,0,0,0.0
D,106874,quiet_pre,0.0000,S,0,0,0.0
D,106970,quiet_pre,0.0000,S,0,0,0.0
D,107066,quiet_pre,0.0000,S,0,0,0.0
D,107159,quiet_pre,0.0000,S,0,0,0.0
D,107255,quiet_pre,0.0000,S,0,0,0.0
D,107351,quiet_pre,0.0000,S,0,0,0.0
D,107447,quiet_pre,0.0000,S,0,0,0.0
D,107543,quiet_pre,0.0000,S,0,0,0.0
D,107639,quiet_pre,0.0000,S,0,0,0.0
D,107735,quiet_pre,0.0000,S,0,0,0.0
D,107830,quiet_pre,0.0000,S,0,0,0.0
D,107926,quiet_pre,0.0000,S,0,0,0.0
D,108020,quiet_pre,0.0000,S,0,0,0.0
D,108116,quiet_pre,0.0000,S,0,0,0.0
D,108212,quiet_pre,0.0000,S,0,0,0.0
D,108308,quiet_pre,0.0000,S,0,0,0.0
D,108404,quiet_pre,0.0000,S,0,0,0.0
D,108499,quiet_pre,0.0000,S,0,0,0.0
D,108595,quiet_pre,0.0000,S,0,0,0.0
D,108691,quiet_pre,0.0000,S,0,0,0.0
D,108787,quiet_pre,0.0000,S,0,0,0.0
D,108881,quiet_pre,0.0000,S,0,0,0.0
D,108977,quiet_pre,0.0000,S,0,0,0.0
D,109072,quiet_pre,0.0000,S,0,0,0.0
D,109168,quiet_pre,0.0000,S,0,0,0.0
D,109264,quiet_pre,0.0000,S,0,0,0.0
D,109360,quiet_pre,0.0000,S,0,0,0.0
D,109456,quiet_pre,0.0000,S,0,0,0.0
D,109552,quiet_pre,0.0000,S,0,0,0.0
D,109648,quiet_pre,0.0000,S,0,0,0.0
D,109743,quiet_pre,0.0000,S,0,0,0.0
D,109837,quiet_pre,0.0000,S,0,0,0.0
D,109933,quiet_pre,0.0000,S,0,0,0.0
D,110029,quiet_pre,0.0000,S,0,0,0.0
D,110125,quiet_pre,0.0000,S,0,0,0.0
D,110221,quiet_pre,0.0000,S,0,0,0.0
D,110316,quiet_pre,0.0000,S,0,0,0.0
D,110412,quiet_pre,0.0000,S,0,0,0.0
D,110508,quiet_pre,0.0000,S,0,0,0.0
D,110604,quiet_pre,0.0000,S,0,0,0.0
D,110698,quiet_pre,0.0000,S,0,0,0.0
D,110794,quiet_pre,0.0000,S,0,0,0.0
D,110890,quiet_pre,0.0000,S,0,0,0.0
D,110986,quiet_pre,0.0000,S,0,0,0.0
D,111081,quiet_pre,0.0000,S,0,0,0.0
D,111177,quiet_pre,0.0000,S,0,0,0.0
D,111273,quiet_pre,0.0000,S,0,0,0.0
D,111369,quiet_pre,0.0000,S,0,0,0.0
D,111465,quiet_pre,0.0000,S,0,0,0.0
D,111558,quiet_pre,0.0000,S,0,0,0.0
D,111654,quiet_pre,0.0000,S,0,0,0.0
D,111750,quiet_pre,0.0000,S,0,0,0.0
D,111852,quiet_pre,0.0000,S,0,0,0.0
D,111942,quiet_pre,0.0000,S,0,0,0.0
D,112038,quiet_pre,0.0000,S,0,0,0.0
D,112133,quiet_pre,0.0000,S,0,0,0.0
D,112229,quiet_pre,0.0000,S,0,0,0.0
D,112325,quiet_pre,0.0000,S,0,0,0.0
D,112421,quiet_pre,0.0000,S,0,0,0.0
D,112515,quiet_pre,0.0000,S,0,0,0.0
D,112611,quiet_pre,0.0000,S,0,0,0.0
D,112707,quiet_pre,0.0000,S,0,0,0.0
D,112803,quiet_pre,0.0000,S,0,0,0.0
D,112898,quiet_pre,0.0000,S,0,0,0.0
D,112994,quiet_pre,0.0000,S,0,0,0.0
D,113090,quiet_pre,0.0000,S,0,0,0.0
D,113186,quiet_pre,0.0000,S,0,0,0.0
D,113282,quiet_pre,0.0000,S,0,0,0.0
D,113376,quiet_pre,0.0000,S,0,0,0.0
D,113471,quiet_pre,0.0000,S,0,0,0.0
D,113567,quiet_pre,0.0000,S,0,0,0.0
D,113663,quiet_pre,0.0000,S,0,0,0.0
D,113759,quiet_pre,0.0000,S,0,0,0.0
D,113855,quiet_pre,0.0000,S,0,0,0.0
D,113951,quiet_pre,0.0000,S,0,0,0.0
D,114046,quiet_pre,0.0000,S,0,0,0.0
D,114142,quiet_pre,0.0000,S,0,0,0.0
D,114236,quiet_pre,0.0000,S,0,0,0.0
D,114332,quiet_pre,0.0000,S,0,0,0.0
D,114428,quiet_pre,0.0000,S,0,0,0.0
D,114524,quiet_pre,0.0000,S,0,0,0.0
D,114620,quiet_pre,0.0000,S,0,0,0.0
D,114715,quiet_pre,0.0000,S,0,0,0.0
D,114811,quiet_pre,0.0000,S,0,0,0.0
D,114907,quiet_pre,0.0000,S,0,0,0.0
D,115003,quiet_pre,0.0000,S,0,0,0.0
D,115097,quiet_pre,0.0000,S,0,0,0.0
D,115193,quiet_pre,0.0000,S,0,0,0.0
D,115289,quiet_pre,0.0000,S,0,0,0.0
D,115384,quiet_pre,0.0000,S,0,0,0.0
D,115480,quiet_pre,0.0000,S,0,0,0.0
D,115576,quiet_pre,0.0000,S,0,0,0.0
D,115672,quiet_pre,0.0000,S,0,0,0.0
D,115768,quiet_pre,0.0000,S,0,0,0.0
D,115864,quiet_pre,0.0000,S,0,0,0.0
D,115959,quiet_pre,0.0000,S,0,0,0.0
D,116053,quiet_pre,0.0000,S,0,0,0.0
D,116149,quiet_pre,0.0000,S,0,0,0.0
D,116245,quiet_pre,0.0000,S,0,0,0.0
D,116341,quiet_pre,0.0000,S,0,0,0.0
D,116437,quiet_pre,0.0000,S,0,0,0.0
D,116532,quiet_pre,0.0000,S,0,0,0.0
D,116629,quiet_pre,0.0000,S,0,0,0.0
D,116724,quiet_pre,0.0000,S,0,0,0.0
D,116820,quiet_pre,0.0000,S,0,0,0.0
D,116914,quiet_pre,0.0000,S,0,0,0.0
D,117010,quiet_pre,0.0000,S,0,0,0.0
D,117106,quiet_pre,0.0000,S,0,0,0.0
D,117201,quiet_pre,0.0000,S,0,0,0.0
D,117297,quiet_pre,0.0000,S,0,0,0.0
D,117393,quiet_pre,0.0000,S,0,0,0.0
D,117489,quiet_pre,0.0000,S,0,0,0.0
D,117585,quiet_pre,0.0000,S,0,0,0.0
D,117681,quiet_pre,0.0000,S,0,0,0.0
D,117774,quiet_pre,0.0000,S,0,0,0.0
D,117870,quiet_pre,0.0000,S,0,0,0.0
D,117966,quiet_pre,0.0000,S,0,0,0.0
D,118062,quiet_pre,0.0000,S,0,0,0.0
D,118158,quiet_pre,0.0000,S,0,0,0.0
D,118254,quiet_pre,0.0000,S,0,0,0.0
D,118350,quiet_pre,0.0000,S,0,0,0.0
D,118445,quiet_pre,0.0000,S,0,0,0.0
D,118541,quiet_pre,0.0000,S,0,0,0.0
D,118637,quiet_pre,0.0000,S,0,0,0.0
D,118731,quiet_pre,0.0000,S,0,0,0.0
D,118827,quiet_pre,0.0000,S,0,0,0.0
D,118923,quiet_pre,0.0000,S,0,0,0.0
D,119018,quiet_pre,0.0000,S,0,0,0.0
D,119114,quiet_pre,0.0000,S,0,0,0.0
D,119210,quiet_pre,0.0000,S,0,0,0.0
D,119306,quiet_pre,0.0000,S,0,0,0.0
D,119402,quiet_pre,0.0000,S,0,0,0.0
D,119498,quiet_pre,0.0000,S,0,0,0.0
D,119592,quiet_pre,0.0000,S,0,0,0.0
D,119688,quiet_pre,0.0000,S,0,0,0.0
D,119783,quiet_pre,0.0000,S,0,0,0.0
D,119879,quiet_pre,0.0000,S,0,0,0.0
D,119975,quiet_pre,0.0000,S,0,0,0.0
D,120071,quiet_pre,0.0000,S,0,0,0.0
D,120167,quiet_pre,0.0000,S,0,0,0.0
D,120262,quiet_pre,0.0000,S,0,0,0.0
D,120358,quiet_pre,0.0000,S,0,0,0.0
D,120452,quiet_pre,0.0000,S,0,0,0.0
D,120548,quiet_pre,0.0000,S,0,0,0.0
D,120644,quiet_pre,0.0000,S,0,0,0.0
D,120740,quiet_pre,0.0000,S,0,0,0.0
D,120836,quiet_pre,0.0000,S,0,0,0.0
D,120932,quiet_pre,0.0000,S,0,0,0.0
D,121027,quiet_pre,0.0000,S,0,0,0.0
D,121123,quiet_pre,0.0000,S,0,0,0.0
D,121219,quiet_pre,0.0000,S,0,0,0.0
D,121313,quiet_pre,0.0000,S,0,0,0.0
D,121409,quiet_pre,0.0000,S,0,0,0.0
D,121505,quiet_pre,0.0000,S,0,0,0.0
D,121600,quiet_pre,0.0000,S,0,0,0.0
E,121662,BLOCK_END,quiet_pre
E,121665,BLOCK_START,tap_single
D,121696,tap_single,0.0000,S,0,0,0.0
D,121792,tap_single,0.0000,S,0,0,0.0
D,121888,tap_single,0.0000,S,0,0,0.0
D,121984,tap_single,0.0000,S,0,0,0.0
D,122080,tap_single,0.0000,S,0,0,0.0
D,122176,tap_single,0.0000,S,0,0,0.0
D,122269,tap_single,0.0000,S,0,0,0.0
D,122365,tap_single,0.0000,S,0,0,0.0
D,122461,tap_single,0.0000,S,0,0,0.0
D,122557,tap_single,0.0000,S,0,0,0.0
D,122653,tap_single,0.0000,S,0,0,0.0
E,122715,TAP,1
D,122846,tap_single,0.0000,S,0,1,0.0
D,122940,tap_single,0.0000,S,0,1,0.0
D,123036,tap_single,0.0000,S,0,1,0.0
D,123130,tap_single,0.0000,S,0,1,0.0
D,123226,tap_single,0.0000,S,0,1,0.0
D,123322,tap_single,0.0000,S,0,1,0.0
D,123418,tap_single,0.0000,S,0,1,0.0
D,123513,tap_single,0.0000,S,0,1,0.0
D,123609,tap_single,0.0000,S,0,1,0.0
D,123705,tap_single,0.0000,S,0,1,0.0
D,123801,tap_single,0.0000,S,0,1,0.0
D,123897,tap_single,0.0000,S,0,1,0.0
D,123991,tap_single,0.0000,S,0,1,0.0
D,124086,tap_single,0.0000,S,0,1,0.0
D,124182,tap_single,0.0000,S,0,1,0.0
D,124278,tap_single,0.0000,S,0,1,0.0
D,124374,tap_single,0.0000,S,0,1,0.0
D,124470,tap_single,0.0000,S,0,1,0.0
D,124578,tap_single,0.0000,S,0,1,0.0
D,124757,tap_single,0.0000,S,0,1,0.0
D,124853,tap_single,0.0000,S,0,1,0.0
D,124947,tap_single,0.0000,S,0,1,0.0
D,125043,tap_single,0.0000,S,0,1,0.0
D,125139,tap_single,0.0000,S,0,1,0.0
D,125235,tap_single,0.0000,S,0,1,0.0
D,125330,tap_single,0.0000,S,0,1,0.0
D,125426,tap_single,0.0000,S,0,1,0.0
D,125522,tap_single,0.0000,S,0,1,0.0
D,125618,tap_single,0.0000,S,0,1,0.0
D,125714,tap_single,0.0000,S,0,1,0.0
D,125808,tap_single,0.0000,S,0,1,0.0
D,125904,tap_single,0.0000,S,0,1,0.0
D,125999,tap_single,0.0000,S,0,1,0.0
D,126095,tap_single,0.0000,S,0,1,0.0
D,126191,tap_single,0.0000,S,0,1,0.0
D,126287,tap_single,0.0000,S,0,1,0.0
D,126383,tap_single,0.0000,S,0,1,0.0
D,126479,tap_single,0.0000,S,0,1,0.0
D,126574,tap_single,0.0000,S,0,1,0.0
D,126668,tap_single,0.0000,S,0,1,0.0
D,126764,tap_single,0.0000,S,0,1,0.0
D,126860,tap_single,0.0000,S,0,1,0.0
D,126956,tap_single,0.0000,S,0,1,0.0
D,127052,tap_single,0.0000,S,0,1,0.0
D,127147,tap_single,0.0000,S,0,1,0.0
D,127243,tap_single,0.0000,S,0,1,0.0
D,127339,tap_single,0.0000,S,0,1,0.0
D,127435,tap_single,0.0000,S,0,1,0.0
D,127529,tap_single,0.0000,S,0,1,0.0
D,127625,tap_single,0.0000,S,0,1,0.0
D,127721,tap_single,0.0000,S,0,1,0.0
D,127816,tap_single,0.0000,S,0,1,0.0
D,127912,tap_single,0.0000,S,0,1,0.0
D,128008,tap_single,0.0000,S,0,1,0.0
D,128104,tap_single,0.0000,S,0,1,0.0
D,128200,tap_single,0.0000,S,0,1,0.0
D,128296,tap_single,0.0000,S,0,1,0.0
D,128391,tap_single,0.0000,S,0,1,0.0
D,128485,tap_single,0.0000,S,0,1,0.0
D,128581,tap_single,0.0000,S,0,1,0.0
D,128677,tap_single,0.0000,S,0,1,0.0
D,128773,tap_single,0.0000,S,0,1,0.0
E,128835,TAP,2
D,128966,tap_single,0.0000,S,0,2,0.0
D,129060,tap_single,0.0000,S,0,2,0.0
D,129156,tap_single,0.0000,S,0,2,0.0
D,129252,tap_single,0.0000,S,0,2,0.0
D,129346,tap_single,0.0000,S,0,2,0.0
D,129442,tap_single,0.0000,S,0,2,0.0
D,129538,tap_single,0.0000,S,0,2,0.0
D,129633,tap_single,0.0000,S,0,2,0.0
D,129729,tap_single,0.0000,S,0,2,0.0
D,129825,tap_single,0.0000,S,0,2,0.0
D,129921,tap_single,0.0000,S,0,2,0.0
D,130017,tap_single,0.0000,S,0,2,0.0
D,130113,tap_single,0.0000,S,0,2,0.0
D,130207,tap_single,0.0000,S,0,2,0.0
D,130303,tap_single,0.0000,S,0,2,0.0
D,130398,tap_single,0.0000,S,0,2,0.0
D,130494,tap_single,0.0000,S,0,2,0.0
D,130590,tap_single,0.0000,S,0,2,0.0
D,130686,tap_single,0.0000,S,0,2,0.0
D,130782,tap_single,0.0000,S,0,2,0.0
D,130877,tap_single,0.0000,S,0,2,0.0
D,130973,tap_single,0.0000,S,0,2,0.0
D,131069,tap_single,0.0000,S,0,2,0.0
D,131163,tap_single,0.0000,S,0,2,0.0
D,131259,tap_single,0.0000,S,0,2,0.0
D,131355,tap_single,0.0000,S,0,2,0.0
D,131451,tap_single,0.0000,S,0,2,0.0
D,131546,tap_single,0.0000,S,0,2,0.0
D,131642,tap_single,0.0000,S,0,2,0.0
D,131738,tap_single,0.0000,S,0,2,0.0
D,131834,tap_single,0.0000,S,0,2,0.0
D,131930,tap_single,0.0000,S,0,2,0.0
D,132024,tap_single,0.0000,S,0,2,0.0
D,132119,tap_single,0.0000,S,0,2,0.0
D,132215,tap_single,0.0000,S,0,2,0.0
D,132311,tap_single,0.0000,S,0,2,0.0
D,132407,tap_single,0.0000,S,0,2,0.0
D,132503,tap_single,0.0000,S,0,2,0.0
D,132599,tap_single,0.0000,S,0,2,0.0
D,132694,tap_single,0.0000,S,0,2,0.0
D,132790,tap_single,0.0000,S,0,2,0.0
D,132884,tap_single,0.0000,S,0,2,0.0
D,132980,tap_single,0.0000,S,0,2,0.0
D,133076,tap_single,0.0000,S,0,2,0.0
D,133172,tap_single,0.0000,S,0,2,0.0
D,133268,tap_single,0.0000,S,0,2,0.0
D,133363,tap_single,0.0000,S,0,2,0.0
D,133459,tap_single,0.0000,S,0,2,0.0
D,133555,tap_single,0.0000,S,0,2,0.0
D,133651,tap_single,0.0000,S,0,2,0.0
D,133745,tap_single,0.0000,S,0,2,0.0
D,133841,tap_single,0.0000,S,0,2,0.0
D,133937,tap_single,0.0000,S,0,2,0.0
D,134033,tap_single,0.0000,S,0,2,0.0
D,134128,tap_single,0.0000,S,0,2,0.0
D,134224,tap_single,0.0000,S,0,2,0.0
D,134320,tap_single,0.0000,S,0,2,0.0
D,134416,tap_single,0.0000,S,0,2,0.0
D,134512,tap_single,0.0000,S,0,2,0.0
D,134608,tap_single,0.0000,S,0,2,0.0
D,134701,tap_single,0.0000,S,0,2,0.0
D,134797,tap_single,0.0000,S,0,2,0.0
D,134893,tap_single,0.0000,S,0,2,0.0
E,134955,TAP,3
D,135086,tap_single,0.0000,S,0,3,0.0
D,135181,tap_single,0.0000,S,0,3,0.0
D,135276,tap_single,0.0000,S,0,3,0.0
D,135372,tap_single,0.0000,S,0,3,0.0
D,135468,tap_single,0.0000,S,0,3,0.0
D,135562,tap_single,0.0000,S,0,3,0.0
D,135658,tap_single,0.0000,S,0,3,0.0
D,135754,tap_single,0.0000,S,0,3,0.0
D,135850,tap_single,0.0000,S,0,3,0.0
D,135945,tap_single,0.0000,S,0,3,0.0
D,136041,tap_single,0.0000,S,0,3,0.0
D,136137,tap_single,0.0000,S,0,3,0.0
D,136233,tap_single,0.0000,S,0,3,0.0
D,136329,tap_single,0.0000,S,0,3,0.0
D,136423,tap_single,0.0000,S,0,3,0.0
D,136518,tap_single,0.0000,S,0,3,0.0
D,136615,tap_single,0.0000,S,0,3,0.0
D,136710,tap_single,0.0000,S,0,3,0.0
D,136806,tap_single,0.0000,S,0,3,0.0
D,136902,tap_single,0.0000,S,0,3,0.0
D,136998,tap_single,0.0000,S,0,3,0.0
D,137094,tap_single,0.0000,S,0,3,0.0
D,137189,tap_single,0.0000,S,0,3,0.0
D,137285,tap_single,0.0000,S,0,3,0.0
D,137379,tap_single,0.0000,S,0,3,0.0
D,137480,tap_single,0.0000,S,0,3,0.0
D,137571,tap_single,0.0000,S,0,3,0.0
D,137667,tap_single,0.0000,S,0,3,0.0
D,137762,tap_single,0.0000,S,0,3,0.0
D,137858,tap_single,0.0000,S,0,3,0.0
D,137954,tap_single,0.0000,S,0,3,0.0
D,138050,tap_single,0.0000,S,0,3,0.0
D,138146,tap_single,0.0000,S,0,3,0.0
D,138240,tap_single,0.0000,S,0,3,0.0
D,138336,tap_single,0.0000,S,0,3,0.0
D,138431,tap_single,0.0000,S,0,3,0.0
D,138527,tap_single,0.0000,S,0,3,0.0
D,138623,tap_single,0.0000,S,0,3,0.0
D,138719,tap_single,0.0000,S,0,3,0.0
D,138815,tap_single,0.0000,S,0,3,0.0
D,138911,tap_single,0.0000,S,0,3,0.0
D,139006,tap_single,0.0000,S,0,3,0.0
D,139100,tap_single,0.0000,S,0,3,0.0
D,139196,tap_single,0.0000,S,0,3,0.0
D,139292,tap_single,0.0000,S,0,3,0.0
D,139388,tap_single,0.0000,S,0,3,0.0
D,139484,tap_single,0.0000,S,0,3,0.0
D,139579,tap_single,0.0000,S,0,3,0.0
D,139675,tap_single,0.0000,S,0,3,0.0
D,139771,tap_single,0.0000,S,0,3,0.0
D,139867,tap_single,0.0000,S,0,3,0.0
D,139961,tap_single,0.0000,S,0,3,0.0
D,140057,tap_single,0.0000,S,0,3,0.0
D,140153,tap_single,0.0000,S,0,3,0.0
D,140248,tap_single,0.0000,S,0,3,0.0
D,140344,tap_single,0.0000,S,0,3,0.0
D,140440,tap_single,0.0000,S,0,3,0.0
D,140536,tap_single,0.0000,S,0,3,0.0
D,140632,tap_single,0.0000,S,0,3,0.0
D,140728,tap_single,0.0000,S,0,3,0.0
D,140824,tap_single,0.0000,S,0,3,0.0
D,140918,tap_single,0.0000,S,0,3,0.0
D,141013,tap_single,0.0000,S,0,3,0.0
E,141075,TAP,4
D,141206,tap_single,0.0000,S,0,4,0.0
D,141301,tap_single,0.0000,S,0,4,0.0
D,141397,tap_single,0.0000,S,0,4,0.0
D,141492,tap_single,0.0000,S,0,4,0.0
D,141588,tap_single,0.0000,S,0,4,0.0
D,141684,tap_single,0.0000,S,0,4,0.0
D,141778,tap_single,0.0000,S,0,4,0.0
D,141874,tap_single,0.0000,S,0,4,0.0
D,141970,tap_single,0.0000,S,0,4,0.0
D,142065,tap_single,0.0000,S,0,4,0.0
D,142161,tap_single,0.0000,S,0,4,0.0
D,142257,tap_single,0.0000,S,0,4,0.0
D,142353,tap_single,0.0000,S,0,4,0.0
D,142449,tap_single,0.0000,S,0,4,0.0
D,142545,tap_single,0.0000,S,0,4,0.0
D,142639,tap_single,0.0000,S,0,4,0.0
D,142734,tap_single,0.0000,S,0,4,0.0
D,142830,tap_single,0.0000,S,0,4,0.0
D,142926,tap_single,0.0000,S,0,4,0.0
D,143022,tap_single,0.0000,S,0,4,0.0
D,143118,tap_single,0.0000,S,0,4,0.0
D,143214,tap_single,0.0000,S,0,4,0.0
D,143309,tap_single,0.0000,S,0,4,0.0
D,143405,tap_single,0.0000,S,0,4,0.0
D,143501,tap_single,0.0000,S,0,4,0.0
D,143595,tap_single,0.0000,S,0,4,0.0
D,143691,tap_single,0.0000,S,0,4,0.0
D,143787,tap_single,0.0000,S,0,4,0.0
D,143883,tap_single,0.0000,S,0,4,0.0
D,143979,tap_single,0.0000,S,0,4,0.0
D,144074,tap_single,0.0000,S,0,4,0.0
D,144170,tap_single,0.0000,S,0,4,0.0
D,144266,tap_single,0.0000,S,0,4,0.0
D,144362,tap_single,0.0000,S,0,4,0.0
D,144456,tap_single,0.0000,S,0,4,0.0
D,144552,tap_single,0.0000,S,0,4,0.0
D,144647,tap_single,0.0000,S,0,4,0.0
D,144743,tap_single,0.0000,S,0,4,0.0
D,144839,tap_single,0.0000,S,0,4,0.0
D,144935,tap_single,0.0000,S,0,4,0.0
D,145031,tap_single,0.0000,S,0,4,0.0
D,145127,tap_single,0.0000,S,0,4,0.0
D,145223,tap_single,0.0000,S,0,4,0.0
D,145316,tap_single,0.0000,S,0,4,0.0
D,145412,tap_single,0.0000,S,0,4,0.0
D,145508,tap_single,0.0000,S,0,4,0.0
D,145604,tap_single,0.0000,S,0,4,0.0
D,145700,tap_single,0.0000,S,0,4,0.0
D,145796,tap_single,0.0000,S,0,4,0.0
D,145891,tap_single,0.0000,S,0,4,0.0
D,145987,tap_single,0.0000,S,0,4,0.0
D,146083,tap_single,0.0000,S,0,4,0.0
D,146177,tap_single,0.0000,S,0,4,0.0
D,146273,tap_single,0.0000,S,0,4,0.0
D,146369,tap_single,0.0000,S,0,4,0.0
D,146465,tap_single,0.0000,S,0,4,0.0
D,146560,tap_single,0.0000,S,0,4,0.0
D,146656,tap_single,0.0000,S,0,4,0.0
D,146752,tap_single,0.0000,S,0,4,0.0
D,146848,tap_single,0.0000,S,0,4,0.0
D,146944,tap_single,0.0000,S,0,4,0.0
D,147040,tap_single,0.0000,S,0,4,0.0
D,147133,tap_single,0.0000,S,0,4,0.0
E,147195,TAP,5
D,147326,tap_single,0.0000,S,0,5,0.0
D,147421,tap_single,0.0000,S,0,5,0.0
D,147517,tap_single,0.0000,S,0,5,0.0
D,147613,tap_single,0.0000,S,0,5,0.0
D,147709,tap_single,0.0000,S,0,5,0.0
D,147804,tap_single,0.0000,S,0,5,0.0
D,147900,tap_single,0.0000,S,0,5,0.0
D,147994,tap_single,0.0000,S,0,5,0.0
D,148090,tap_single,0.0000,S,0,5,0.0
D,148186,tap_single,0.0000,S,0,5,0.0
D,148282,tap_single,0.0000,S,0,5,0.0
D,148377,tap_single,0.0000,S,0,5,0.0
D,148473,tap_single,0.0000,S,0,5,0.0
D,148569,tap_single,0.0000,S,0,5,0.0
D,148665,tap_single,0.0000,S,0,5,0.0
D,148761,tap_single,0.0000,S,0,5,0.0
D,148855,tap_single,0.0000,S,0,5,0.0
D,148951,tap_single,0.0000,S,0,5,0.0
D,149046,tap_single,0.0000,S,0,5,0.0
D,149142,tap_single,0.0000,S,0,5,0.0
D,149238,tap_single,0.0000,S,0,5,0.0
D,149334,tap_single,0.0000,S,0,5,0.0
D,149430,tap_single,0.0000,S,0,5,0.0
D,149526,tap_single,0.0000,S,0,5,0.0
D,149621,tap_single,0.0000,S,0,5,0.0
D,149715,tap_single,0.0000,S,0,5,0.0
D,149811,tap_single,0.0000,S,0,5,0.0
D,149907,tap_single,0.0000,S,0,5,0.0
D,150015,tap_single,0.0000,S,0,5,0.0
D,150194,tap_single,0.0000,S,0,5,0.0
D,150291,tap_single,0.0000,S,0,5,0.0
D,150386,tap_single,0.0000,S,0,5,0.0
D,150482,tap_single,0.0000,S,0,5,0.0
D,150578,tap_single,0.0000,S,0,5,0.0
D,150672,tap_single,0.0000,S,0,5,0.0
D,150768,tap_single,0.0000,S,0,5,0.0
D,150863,tap_single,0.0000,S,0,5,0.0
D,150959,tap_single,0.0000,S,0,5,0.0
D,151055,tap_single,0.0000,S,0,5,0.0
D,151151,tap_single,0.0000,S,0,5,0.0
D,151247,tap_single,0.0000,S,0,5,0.0
D,151343,tap_single,0.0000,S,0,5,0.0
D,151438,tap_single,0.0000,S,0,5,0.0
D,151532,tap_single,0.0000,S,0,5,0.0
D,151628,tap_single,0.0000,S,0,5,0.0
D,151724,tap_single,0.0000,S,0,5,0.0
D,151820,tap_single,0.0000,S,0,5,0.0
D,151916,tap_single,0.0000,S,0,5,0.0
D,152012,tap_single,0.0000,S,0,5,0.0
D,152107,tap_single,0.0000,S,0,5,0.0
D,152203,tap_single,0.0000,S,0,5,0.0
D,152299,tap_single,0.0000,S,0,5,0.0
D,152393,tap_single,0.0000,S,0,5,0.0
D,152489,tap_single,0.0000,S,0,5,0.0
D,152585,tap_single,0.0000,S,0,5,0.0
D,152680,tap_single,0.0000,S,0,5,0.0
D,152776,tap_single,0.0000,S,0,5,0.0
D,152872,tap_single,0.0000,S,0,5,0.0
D,152968,tap_single,0.0000,S,0,5,0.0
D,153064,tap_single,0.0000,S,0,5,0.0
D,153160,tap_single,0.0000,S,0,5,0.0
D,153256,tap_single,0.0000,S,0,5,0.0
E,153318,TAP,6
D,153449,tap_single,0.0000,S,0,6,0.0
D,153541,tap_single,0.0000,S,0,6,0.0
D,153637,tap_single,0.0000,S,0,6,0.0
D,153733,tap_single,0.0000,S,0,6,0.0
D,153829,tap_single,0.0000,S,0,6,0.0
D,153925,tap_single,0.0000,S,0,6,0.0
D,154020,tap_single,0.0000,S,0,6,0.0
D,154116,tap_single,0.0000,S,0,6,0.0
D,154210,tap_single,0.0000,S,0,6,0.0
D,154306,tap_single,0.0000,S,0,6,0.0
D,154402,tap_single,0.0000,S,0,6,0.0
D,154498,tap_single,0.0000,S,0,6,0.0
D,154593,tap_single,0.0000,S,0,6,0.0
D,154689,tap_single,0.0000,S,0,6,0.0
D,154785,tap_single,0.0000,S,0,6,0.0
D,154881,tap_single,0.0000,S,0,6,0.0
D,154977,tap_single,0.0000,S,0,6,0.0
D,155071,tap_single,0.0000,S,0,6,0.0
D,155166,tap_single,0.0000,S,0,6,0.0
D,155263,tap_single,0.0000,S,0,6,0.0
D,155358,tap_single,0.0000,S,0,6,0.0
D,155454,tap_single,0.0000,S,0,6,0.0
D,155550,tap_single,0.0000,S,0,6,0.0
D,155646,tap_single,0.0000,S,0,6,0.0
D,155742,tap_single,0.0000,S,0,6,0.0
D,155838,tap_single,0.0000,S,0,6,0.0
D,155931,tap_single,0.0000,S,0,6,0.0
D,156027,tap_single,0.0000,S,0,6,0.0
D,156123,tap_single,0.0000,S,0,6,0.0
D,156219,tap_single,0.0000,S,0,6,0.0
D,156315,tap_single,0.0000,S,0,6,0.0
D,156410,tap_single,0.0000,S,0,6,0.0
D,156506,tap_single,0.0000,S,0,6,0.0
D,156602,tap_single,0.0000,S,0,6,0.0
D,156698,tap_single,0.0000,S,0,6,0.0
D,156794,tap_single,0.0000,S,0,6,0.0
D,156888,tap_single,0.0000,S,0,6,0.0
D,156984,tap_single,0.0000,S,0,6,0.0
D,157080,tap_single,0.0000,S,0,6,0.0
D,157175,tap_single,0.0000,S,0,6,0.0
D,157271,tap_single,0.0000,S,0,6,0.0
D,157367,tap_single,0.0000,S,0,6,0.0
D,157463,tap_single,0.0000,S,0,6,0.0
D,157559,tap_single,0.0000,S,0,6,0.0
D,157655,tap_single,0.0000,S,0,6,0.0
D,157748,tap_single,0.0000,S,0,6,0.0
D,157844,tap_single,0.0000,S,0,6,0.0
D,157940,tap_single,0.0000,S,0,6,0.0
D,158036,tap_single,0.0000,S,0,6,0.0
D,158132,tap_single,0.0000,S,0,6,0.0
D,158228,tap_single,0.0000,S,0,6,0.0
D,158323,tap_single,0.0000,S,0,6,0.0
D,158419,tap_single,0.0000,S,0,6,0.0
D,158515,tap_single,0.0000,S,0,6,0.0
D,158609,tap_single,0.0000,S,0,6,0.0
D,158705,tap_single,0.0000,S,0,6,0.0
D,158801,tap_single,0.0000,S,0,6,0.0
D,158897,tap_single,0.0000,S,0,6,0.0
D,158992,tap_single,0.0000,S,0,6,0.0
D,159088,tap_single,0.0000,S,0,6,0.0
D,159184,tap_single,0.0000,S,0,6,0.0
D,159280,tap_single,0.0000,S,0,6,0.0
D,159376,tap_single,0.0000,S,0,6,0.0
E,159438,TAP,7
D,159569,tap_single,0.0000,S,0,7,0.0
D,159661,tap_single,0.0000,S,0,7,0.0
D,159757,tap_single,0.0000,S,0,7,0.0
D,159853,tap_single,0.0000,S,0,7,0.0
D,159949,tap_single,0.0000,S,0,7,0.0
D,160045,tap_single,0.0000,S,0,7,0.0
D,160141,tap_single,0.0000,S,0,7,0.0
D,160236,tap_single,0.0000,S,0,7,0.0
D,160332,tap_single,0.0000,S,0,7,0.0
D,160426,tap_single,0.0000,S,0,7,0.0
D,160522,tap_single,0.0000,S,0,7,0.0
D,160618,tap_single,0.0000,S,0,7,0.0
D,160714,tap_single,0.0000,S,0,7,0.0
D,160810,tap_single,0.0000,S,0,7,0.0
D,160905,tap_single,0.0000,S,0,7,0.0
D,161001,tap_single,0.0000,S,0,7,0.0
D,161097,tap_single,0.0000,S,0,7,0.0
D,161193,tap_single,0.0000,S,0,7,0.0
D,161287,tap_single,0.0000,S,0,7,0.0
D,161383,tap_single,0.0000,S,0,7,0.0
D,161478,tap_single,0.0000,S,0,7,0.0
D,161574,tap_single,0.0000,S,0,7,0.0
D,161670,tap_single,0.0000,S,0,7,0.0
D,161766,tap_single,0.0000,S,0,7,0.0
D,161862,tap_single,0.0000,S,0,7,0.0
D,161958,tap_single,0.0000,S,0,7,0.0
D,162053,tap_single,0.0000,S,0,7,0.0
D,162147,tap_single,0.0000,S,0,7,0.0
D,162243,tap_single,0.0000,S,0,7,0.0
D,162339,tap_single,0.0000,S,0,7,0.0
D,162435,tap_single,0.0000,S,0,7,0.0
D,162535,tap_single,0.0000,S,0,7,0.0
D,162627,tap_single,0.0000,S,0,7,0.0
D,162722,tap_single,0.0000,S,0,7,0.0
D,162818,tap_single,0.0000,S,0,7,0.0
D,162914,tap_single,0.0000,S,0,7,0.0
D,163010,tap_single,0.0000,S,0,7,0.0
D,163104,tap_single,0.0000,S,0,7,0.0
D,163200,tap_single,0.0000,S,0,7,0.0
D,163295,tap_single,0.0000,S,0,7,0.0
D,163391,tap_single,0.0000,S,0,7,0.0
D,163487,tap_single,0.0000,S,0,7,0.0
D,163583,tap_single,0.0000,S,0,7,0.0
D,163679,tap_single,0.0000,S,0,7,0.0
D,163775,tap_single,0.0000,S,0,7,0.0
D,163871,tap_single,0.0000,S,0,7,0.0
D,163964,tap_single,0.0000,S,0,7,0.0
D,164060,tap_single,0.0000,S,0,7,0.0
D,164156,tap_single,0.0000,S,0,7,0.0
D,164252,tap_single,0.0000,S,0,7,0.0
D,164348,tap_single,0.0000,S,0,7,0.0
D,164444,tap_single,0.0000,S,0,7,0.0
D,164539,tap_single,0.0000,S,0,7,0.0
D,164635,tap_single,0.0000,S,0,7,0.0
D,164731,tap_single,0.0000,S,0,7,0.0
D,164825,tap_single,0.0000,S,0,7,0.0
D,164921,tap_single,0.0000,S,0,7,0.0
D,165017,tap_single,0.0000,S,0,7,0.0
D,165113,tap_single,0.0000,S,0,7,0.0
D,165208,tap_single,0.0000,S,0,7,0.0
D,165304,tap_single,0.0000,S,0,7,0.0
D,165400,tap_single,0.0000,S,0,7,0.0
D,165496,tap_single,0.0000,S,0,7,0.0
E,165558,TAP,8
D,165689,tap_single,0.0000,S,0,8,0.0
D,165781,tap_single,0.0000,S,0,8,0.0
D,165877,tap_single,0.0000,S,0,8,0.0
D,165973,tap_single,0.0000,S,0,8,0.0
D,166069,tap_single,0.0000,S,0,8,0.0
D,166165,tap_single,0.0000,S,0,8,0.0
D,166261,tap_single,0.0000,S,0,8,0.0
D,166357,tap_single,0.0000,S,0,8,0.0
D,166452,tap_single,0.0000,S,0,8,0.0
D,166548,tap_single,0.0000,S,0,8,0.0
D,166642,tap_single,0.0000,S,0,8,0.0
D,166738,tap_single,0.0000,S,0,8,0.0
D,166834,tap_single,0.0000,S,0,8,0.0
D,166930,tap_single,0.0000,S,0,8,0.0
D,167026,tap_single,0.0000,S,0,8,0.0
D,167121,tap_single,0.0000,S,0,8,0.0
D,167217,tap_single,0.0000,S,0,8,0.0
D,167313,tap_single,0.0000,S,0,8,0.0
D,167409,tap_single,0.0000,S,0,8,0.0
D,167503,tap_single,0.0000,S,0,8,0.0
D,167599,tap_single,0.0000,S,0,8,0.0
D,167695,tap_single,0.0000,S,0,8,0.0
D,167790,tap_single,0.0000,S,0,8,0.0
D,167886,tap_single,0.0000,S,0,8,0.0
D,167982,tap_single,0.0000,S,0,8,0.0
D,168078,tap_single,0.0000,S,0,8,0.0
D,168174,tap_single,0.0000,S,0,8,0.0
D,168270,tap_single,0.0000,S,0,8,0.0
D,168363,tap_single,0.0000,S,0,8,0.0
D,168459,tap_single,0.0000,S,0,8,0.0
D,168555,tap_single,0.0000,S,0,8,0.0
D,168651,tap_single,0.0000,S,0,8,0.0
D,168747,tap_single,0.0000,S,0,8,0.0
D,168843,tap_single,0.0000,S,0,8,0.0
D,168938,tap_single,0.0000,S,0,8,0.0
D,169034,tap_single,0.0000,S,0,8,0.0
D,169130,tap_single,0.0000,S,0,8,0.0
D,169226,tap_single,0.0000,S,0,8,0.0
D,169320,tap_single,0.0000,S,0,8,0.0
D,169416,tap_single,0.0000,S,0,8,0.0
D,169512,tap_single,0.0000,S,0,8,0.0
D,169607,tap_single,0.0000,S,0,8,0.0
D,169703,tap_single,0.0000,S,0,8,0.0
D,169799,tap_single,0.0000,S,0,8,0.0
D,169895,tap_single,0.0000,S,0,8,0.0
D,169991,tap_single,0.0000,S,0,8,0.0
D,170087,tap_single,0.0000,S,0,8,0.0
D,170180,tap_single,0.0000,S,0,8,0.0
D,170276,tap_single,0.0000,S,0,8,0.0
D,170372,tap_single,0.0000,S,0,8,0.0
D,170468,tap_single,0.0000,S,0,8,0.0
D,170564,tap_single,0.0000,S,0,8,0.0
D,170660,tap_single,0.0000,S,0,8,0.0
D,170756,tap_single,0.0000,S,0,8,0.0
D,170851,tap_single,0.0000,S,0,8,0.0
D,170947,tap_single,0.0000,S,0,8,0.0
D,171041,tap_single,0.0000,S,0,8,0.0
D,171137,tap_single,0.0000,S,0,8,0.0
D,171233,tap_single,0.0000,S,0,8,0.0
D,171329,tap_single,0.0000,S,0,8,0.0
D,171424,tap_single,0.0000,S,0,8,0.0
D,171520,tap_single,0.0000,S,0,8,0.0
D,171616,tap_single,0.0000,S,0,8,0.0
E,171678,TAP,9
D,171809,tap_single,0.0000,S,0,9,0.0
D,171904,tap_single,0.0000,S,0,9,0.0
D,171997,tap_single,0.0000,S,0,9,0.0
D,172093,tap_single,0.0000,S,0,9,0.0
D,172189,tap_single,0.0000,S,0,9,0.0
D,172285,tap_single,0.0000,S,0,9,0.0
D,172381,tap_single,0.0000,S,0,9,0.0
D,172477,tap_single,0.0000,S,0,9,0.0
D,172573,tap_single,0.0000,S,0,9,0.0
D,172668,tap_single,0.0000,S,0,9,0.0
D,172764,tap_single,0.0000,S,0,9,0.0
D,172858,tap_single,0.0000,S,0,9,0.0
D,172954,tap_single,0.0000,S,0,9,0.0
D,173050,tap_single,0.0000,S,0,9,0.0
D,173146,tap_single,0.0000,S,0,9,0.0
D,173242,tap_single,0.0000,S,0,9,0.0
D,173338,tap_single,0.0000,S,0,9,0.0
D,173433,tap_single,0.0000,S,0,9,0.0
D,173529,tap_single,0.0000,S,0,9,0.0
D,173625,tap_single,0.0000,S,0,9,0.0
D,173719,tap_single,0.0000,S,0,9,0.0
D,173815,tap_single,0.0000,S,0,9,0.0
D,173910,tap_single,0.0000,S,0,9,0.0
D,174006,tap_single,0.0000,S,0,9,0.0
D,174102,tap_single,0.0000,S,0,9,0.0
D,174198,tap_single,0.0000,S,0,9,0.0
D,174294,tap_single,0.0000,S,0,9,0.0
D,174390,tap_single,0.0000,S,0,9,0.0
D,174485,tap_single,0.0000,S,0,9,0.0
D,174579,tap_single,0.0000,S,0,9,0.0
D,174675,tap_single,0.0000,S,0,9,0.0
D,174771,tap_single,0.0000,S,0,9,0.0
D,174867,tap_single,0.0000,S,0,9,0.0
D,174975,tap_single,0.0000,S,0,9,0.0
D,175154,tap_single,0.0000,S,0,9,0.0
D,175250,tap_single,0.0000,S,0,9,0.0
D,175346,tap_single,0.0000,S,0,9,0.0
D,175442,tap_single,0.0000,S,0,9,0.0
D,175536,tap_single,0.0000,S,0,9,0.0
D,175632,tap_single,0.0000,S,0,9,0.0
D,175727,tap_single,0.0000,S,0,9,0.0
D,175823,tap_single,0.0000,S,0,9,0.0
D,175919,tap_single,0.0000,S,0,9,0.0
D,176015,tap_single,0.0000,S,0,9,0.0
D,176112,tap_single,0.0000,S,0,9,0.0
D,176207,tap_single,0.0000,S,0,9,0.0
D,176303,tap_single,0.0000,S,0,9,0.0
D,176396,tap_single,0.0000,S,0,9,0.0
D,176492,tap_single,0.0000,S,0,9,0.0
D,176588,tap_single,0.0000,S,0,9,0.0
D,176684,tap_single,0.0000,S,0,9,0.0
D,176780,tap_single,0.0000,S,0,9,0.0
D,176876,tap_single,0.0000,S,0,9,0.0
D,176972,tap_single,0.0000,S,0,9,0.0
D,177068,tap_single,0.0000,S,0,9,0.0
D,177163,tap_single,0.0000,S,0,9,0.0
D,177257,tap_single,0.0000,S,0,9,0.0
D,177353,tap_single,0.0000,S,0,9,0.0
D,177449,tap_single,0.0000,S,0,9,0.0
D,177545,tap_single,0.0000,S,0,9,0.0
D,177640,tap_single,0.0000,S,0,9,0.0
D,177736,tap_single,0.0000,S,0,9,0.0
E,177798,TAP,10
D,177929,tap_single,0.0000,S,0,10,0.0
D,178024,tap_single,0.0000,S,0,10,0.0
D,178120,tap_single,0.0000,S,0,10,0.0
D,178213,tap_single,0.0000,S,0,10,0.0
D,178309,tap_single,0.0000,S,0,10,0.0
D,178405,tap_single,0.0000,S,0,10,0.0
D,178501,tap_single,0.0000,S,0,10,0.0
D,178597,tap_single,0.0000,S,0,10,0.0
D,178693,tap_single,0.0000,S,0,10,0.0
D,178789,tap_single,0.0000,S,0,10,0.0
D,178885,tap_single,0.0000,S,0,10,0.0
D,178980,tap_single,0.0000,S,0,10,0.0
D,179074,tap_single,0.0000,S,0,10,0.0
D,179170,tap_single,0.0000,S,0,10,0.0
D,179266,tap_single,0.0000,S,0,10,0.0
D,179362,tap_single,0.0000,S,0,10,0.0
D,179458,tap_single,0.0000,S,0,10,0.0
D,179553,tap_single,0.0000,S,0,10,0.0
D,179649,tap_single,0.0000,S,0,10,0.0
D,179745,tap_single,0.0000,S,0,10,0.0
D,179841,tap_single,0.0000,S,0,10,0.0
D,179935,tap_single,0.0000,S,0,10,0.0
D,180031,tap_single,0.0000,S,0,10,0.0
D,180126,tap_single,0.0000,S,0,10,0.0
D,180222,tap_single,0.0000,S,0,10,0.0
D,180318,tap_single,0.0000,S,0,10,0.0
D,180414,tap_single,0.0000,S,0,10,0.0
D,180510,tap_single,0.0000,S,0,10,0.0
D,180606,tap_single,0.0000,S,0,10,0.0
D,180702,tap_single,0.0000,S,0,10,0.0
D,180795,tap_single,0.0000,S,0,10,0.0
D,180891,tap_single,0.0000,S,0,10,0.0
D,180987,tap_single,0.0000,S,0,10,0.0
D,181083,tap_single,0.0000,S,0,10,0.0
D,181179,tap_single,0.0000,S,0,10,0.0
D,181275,tap_single,0.0000,S,0,10,0.0
D,181371,tap_single,0.0000,S,0,10,0.0
D,181466,tap_single,0.0000,S,0,10,0.0
D,181562,tap_single,0.0000,S,0,10,0.0
D,181658,tap_single,0.0000,S,0,10,0.0
D,181752,tap_single,0.0000,S,0,10,0.0
D,181848,tap_single,0.0000,S,0,10,0.0
D,181944,tap_single,0.0000,S,0,10,0.0
D,182039,tap_single,0.0000,S,0,10,0.0
D,182135,tap_single,0.0000,S,0,10,0.0
D,182231,tap_single,0.0000,S,0,10,0.0
D,182327,tap_single,0.0000,S,0,10,0.0
D,182423,tap_single,0.0000,S,0,10,0.0
D,182519,tap_single,0.0000,S,0,10,0.0
D,182612,tap_single,0.0000,S,0,10,0.0
D,182708,tap_single,0.0000,S,0,10,0.0
D,182804,tap_single,0.0000,S,0,10,0.0
D,182900,tap_single,0.0000,S,0,10,0.0
D,182996,tap_single,0.0000,S,0,10,0.0
D,183092,tap_single,0.0000,S,0,10,0.0
D,183188,tap_single,0.0000,S,0,10,0.0
D,183283,tap_single,0.0000,S,0,10,0.0
D,183379,tap_single,0.0000,S,0,10,0.0
D,183473,tap_single,0.0000,S,0,10,0.0
D,183569,tap_single,0.0000,S,0,10,0.0
D,183665,tap_single,0.0000,S,0,10,0.0
D,183761,tap_single,0.0000,S,0,10,0.0
D,183856,tap_single,0.0000,S,0,10,0.0
E,183918,TAP,11
D,184049,tap_single,0.0000,S,0,11,0.0
D,184144,tap_single,0.0000,S,0,11,0.0
D,184240,tap_single,0.0000,S,0,11,0.0
D,184336,tap_single,0.0000,S,0,11,0.0
D,184430,tap_single,0.0000,S,0,11,0.0
D,184525,tap_single,0.0000,S,0,11,0.0
D,184621,tap_single,0.0000,S,0,11,0.0
D,184717,tap_single,0.0000,S,0,11,0.0
D,184813,tap_single,0.0000,S,0,11,0.0
D,184909,tap_single,0.0000,S,0,11,0.0
D,185005,tap_single,0.0000,S,0,11,0.0
D,185101,tap_single,0.0000,S,0,11,0.0
D,185196,tap_single,0.0000,S,0,11,0.0
D,185290,tap_single,0.0000,S,0,11,0.0
D,185386,tap_single,0.0000,S,0,11,0.0
D,185482,tap_single,0.0000,S,0,11,0.0
D,185578,tap_single,0.0000,S,0,11,0.0
D,185674,tap_single,0.0000,S,0,11,0.0
D,185769,tap_single,0.0000,S,0,11,0.0
D,185865,tap_single,0.0000,S,0,11,0.0
D,185961,tap_single,0.0000,S,0,11,0.0
D,186057,tap_single,0.0000,S,0,11,0.0
D,186151,tap_single,0.0000,S,0,11,0.0
D,186247,tap_single,0.0000,S,0,11,0.0
D,186343,tap_single,0.0000,S,0,11,0.0
D,186438,tap_single,0.0000,S,0,11,0.0
D,186534,tap_single,0.0000,S,0,11,0.0
D,186630,tap_single,0.0000,S,0,11,0.0
D,186726,tap_single,0.0000,S,0,11,0.0
D,186822,tap_single,0.0000,S,0,11,0.0
D,186918,tap_single,0.0000,S,0,11,0.0
D,187011,tap_single,0.0000,S,0,11,0.0
D,187107,tap_single,0.0000,S,0,11,0.0
D,187203,tap_single,0.0000,S,0,11,0.0
D,187299,tap_single,0.0000,S,0,11,0.0
D,187395,tap_single,0.0000,S,0,11,0.0
D,187495,tap_single,0.0000,S,0,11,0.0
D,187586,tap_single,0.0000,S,0,11,0.0
D,187682,tap_single,0.0000,S,0,11,0.0
D,187778,tap_single,0.0000,S,0,11,0.0
D,187874,tap_single,0.0000,S,0,11,0.0
D,187968,tap_single,0.0000,S,0,11,0.0
D,188064,tap_single,0.0000,S,0,11,0.0
D,188160,tap_single,0.0000,S,0,11,0.0
D,188256,tap_single,0.0000,S,0,11,0.0
D,188351,tap_single,0.0000,S,0,11,0.0
D,188447,tap_single,0.0000,S,0,11,0.0
D,188543,tap_single,0.0000,S,0,11,0.0
D,188639,tap_single,0.0000,S,0,11,0.0
D,188735,tap_single,0.0000,S,0,11,0.0
D,188829,tap_single,0.0000,S,0,11,0.0
D,188924,tap_single,0.0000,S,0,11,0.0
D,189020,tap_single,0.0000,S,0,11,0.0
D,189116,tap_single,0.0000,S,0,11,0.0
D,189212,tap_single,0.0000,S,0,11,0.0
D,189308,tap_single,0.0000,S,0,11,0.0
D,189404,tap_single,0.0000,S,0,11,0.0
D,189500,tap_single,0.0000,S,0,11,0.0
D,189595,tap_single,0.0000,S,0,11,0.0
D,189689,tap_single,0.0000,S,0,11,0.0
D,189785,tap_single,0.0000,S,0,11,0.0
D,189881,tap_single,0.0000,S,0,11,0.0
D,189977,tap_single,0.0000,S,0,11,0.0
E,190039,TAP,12
D,190170,tap_single,0.0000,S,0,12,0.0
D,190264,tap_single,0.0000,S,0,12,0.0
D,190360,tap_single,0.0000,S,0,12,0.0
D,190456,tap_single,0.0000,S,0,12,0.0
D,190552,tap_single,0.0000,S,0,12,0.0
D,190646,tap_single,0.0000,S,0,12,0.0
D,190741,tap_single,0.0000,S,0,12,0.0
D,190837,tap_single,0.0000,S,0,12,0.0
D,190933,tap_single,0.0000,S,0,12,0.0
D,191029,tap_single,0.0000,S,0,12,0.0
D,191125,tap_single,0.0000,S,0,12,0.0
D,191221,tap_single,0.0000,S,0,12,0.0
D,191317,tap_single,0.0000,S,0,12,0.0
D,191412,tap_single,0.0000,S,0,12,0.0
D,191506,tap_single,0.0000,S,0,12,0.0
D,191602,tap_single,0.0000,S,0,12,0.0
D,191698,tap_single,0.0000,S,0,12,0.0
D,191794,tap_single,0.0000,S,0,12,0.0
D,191890,tap_single,0.0000,S,0,12,0.0
D,191985,tap_single,0.0000,S,0,12,0.0
D,192081,tap_single,0.0000,S,0,12,0.0
D,192177,tap_single,0.0000,S,0,12,0.0
D,192273,tap_single,0.0000,S,0,12,0.0
D,192367,tap_single,0.0000,S,0,12,0.0
D,192463,tap_single,0.0000,S,0,12,0.0
D,192559,tap_single,0.0000,S,0,12,0.0
D,192654,tap_single,0.0000,S,0,12,0.0
D,192750,tap_single,0.0000,S,0,12,0.0
D,192846,tap_single,0.0000,S,0,12,0.0
D,192942,tap_single,0.0000,S,0,12,0.0
D,193038,tap_single,0.0000,S,0,12,0.0
D,193134,tap_single,0.0000,S,0,12,0.0
D,193227,tap_single,0.0000,S,0,12,0.0
D,193323,tap_single,0.0000,S,0,12,0.0
D,193419,tap_single,0.0000,S,0,12,0.0
D,193515,tap_single,0.0000,S,0,12,0.0
D,193611,tap_single,0.0000,S,0,12,0.0
D,193707,tap_single,0.0000,S,0,12,0.0
D,193803,tap_single,0.0000,S,0,12,0.0
D,193898,tap_single,0.0000,S,0,12,0.0
D,193994,tap_single,0.0000,S,0,12,0.0
D,194090,tap_single,0.0000,S,0,12,0.0
D,194184,tap_single,0.0000,S,0,12,0.0
D,194280,tap_single,0.0000,S,0,12,0.0
D,194376,tap_single,0.0000,S,0,12,0.0
D,194471,tap_single,0.0000,S,0,12,0.0
D,194567,tap_single,0.0000,S,0,12,0.0
D,194663,tap_single,0.0000,S,0,12,0.0
D,194759,tap_single,0.0000,S,0,12,0.0
D,194855,tap_single,0.0000,S,0,12,0.0
D,194951,tap_single,0.0000,S,0,12,0.0
D,195044,tap_single,0.0000,S,0,12,0.0
D,195140,tap_single,0.0000,S,0,12,0.0
D,195236,tap_single,0.0000,S,0,12,0.0
D,195332,tap_single,0.0000,S,0,12,0.0
D,195428,tap_single,0.0000,S,0,12,0.0
D,195524,tap_single,0.0000,S,0,12,0.0
D,195620,tap_single,0.0000,S,0,12,0.0
D,195715,tap_single,0.0000,S,0,12,0.0
D,195811,tap_single,0.0000,S,0,12,0.0
D,195905,tap_single,0.0000,S,0,12,0.0
D,196001,tap_single,0.0000,S,0,12,0.0
D,196097,tap_single,0.0000,S,0,12,0.0
E,196159,TAP,13
D,196290,tap_single,0.0000,S,0,13,0.0
D,196385,tap_single,0.0000,S,0,13,0.0
D,196480,tap_single,0.0000,S,0,13,0.0
D,196576,tap_single,0.0000,S,0,13,0.0
D,196672,tap_single,0.0000,S,0,13,0.0
D,196768,tap_single,0.0000,S,0,13,0.0
D,196862,tap_single,0.0000,S,0,13,0.0
D,196957,tap_single,0.0000,S,0,13,0.0
D,197053,tap_single,0.0000,S,0,13,0.0
D,197149,tap_single,0.0000,S,0,13,0.0
D,197245,tap_single,0.0000,S,0,13,0.0
D,197341,tap_single,0.0000,S,0,13,0.0
D,197437,tap_single,0.0000,S,0,13,0.0
D,197533,tap_single,0.0000,S,0,13,0.0
D,197628,tap_single,0.0000,S,0,13,0.0
D,197722,tap_single,0.0000,S,0,13,0.0
D,197818,tap_single,0.0000,S,0,13,0.0
D,197914,tap_single,0.0000,S,0,13,0.0
D,198010,tap_single,0.0000,S,0,13,0.0
D,198106,tap_single,0.0000,S,0,13,0.0
D,198202,tap_single,0.0000,S,0,13,0.0
D,198297,tap_single,0.0000,S,0,13,0.0
D,198393,tap_single,0.0000,S,0,13,0.0
D,198489,tap_single,0.0000,S,0,13,0.0
D,198583,tap_single,0.0000,S,0,13,0.0
D,198679,tap_single,0.0000,S,0,13,0.0
D,198775,tap_single,0.0000,S,0,13,0.0
D,198870,tap_single,0.0000,S,0,13,0.0
D,198966,tap_single,0.0000,S,0,13,0.0
D,199062,tap_single,0.0000,S,0,13,0.0
D,199158,tap_single,0.0000,S,0,13,0.0
D,199254,tap_single,0.0000,S,0,13,0.0
D,199350,tap_single,0.0000,S,0,13,0.0
D,199444,tap_single,0.0000,S,0,13,0.0
D,199539,tap_single,0.0000,S,0,13,0.0
D,199635,tap_single,0.0000,S,0,13,0.0
D,199731,tap_single,0.0000,S,0,13,0.0
D,199827,tap_single,0.0000,S,0,13,0.0
D,199923,tap_single,0.0000,S,0,13,0.0
D,200024,tap_single,0.0000,S,0,13,0.0
D,200114,tap_single,0.0000,S,0,13,0.0
D,200210,tap_single,0.0000,S,0,13,0.0
D,200306,tap_single,0.0000,S,0,13,0.0
D,200400,tap_single,0.0000,S,0,13,0.0
D,200496,tap_single,0.0000,S,0,13,0.0
D,200592,tap_single,0.0000,S,0,13,0.0
D,200688,tap_single,0.0000,S,0,13,0.0
D,200783,tap_single,0.0000,S,0,13,0.0
D,200879,tap_single,0.0000,S,0,13,0.0
D,200975,tap_single,0.0000,S,0,13,0.0
D,201071,tap_single,0.0000,S,0,13,0.0
D,201167,tap_single,0.0000,S,0,13,0.0
D,201261,tap_single,0.0000,S,0,13,0.0
D,201356,tap_single,0.0000,S,0,13,0.0
D,201452,tap_single,0.0000,S,0,13,0.0
D,201548,tap_single,0.0000,S,0,13,0.0
D,201644,tap_single,0.0000,S,0,13,0.0
D,201740,tap_single,0.0000,S,0,13,0.0
D,201836,tap_single,0.0000,S,0,13,0.0
D,201932,tap_single,0.0000,S,0,13,0.0
D,202027,tap_single,0.0000,S,0,13,0.0
D,202121,tap_single,0.0000,S,0,13,0.0
D,202217,tap_single,0.0000,S,0,13,0.0
E,202279,TAP,14
D,202410,tap_single,0.0000,S,0,14,0.0
D,202505,tap_single,0.0000,S,0,14,0.0
D,202600,tap_single,0.0000,S,0,14,0.0
D,202696,tap_single,0.0000,S,0,14,0.0
D,202792,tap_single,0.0000,S,0,14,0.0
D,202888,tap_single,0.0000,S,0,14,0.0
D,202984,tap_single,0.0000,S,0,14,0.0
D,203078,tap_single,0.0000,S,0,14,0.0
D,203174,tap_single,0.0000,S,0,14,0.0
D,203269,tap_single,0.0000,S,0,14,0.0
D,203365,tap_single,0.0000,S,0,14,0.0
D,203461,tap_single,0.0000,S,0,14,0.0
D,203557,tap_single,0.0000,S,0,14,0.0
D,203653,tap_single,0.0000,S,0,14,0.0
D,203749,tap_single,0.0000,S,0,14,0.0
D,203844,tap_single,0.0000,S,0,14,0.0
D,203938,tap_single,0.0000,S,0,14,0.0
D,204034,tap_single,0.0000,S,0,14,0.0
D,204130,tap_single,0.0000,S,0,14,0.0
D,204226,tap_single,0.0000,S,0,14,0.0
D,204322,tap_single,0.0000,S,0,14,0.0
D,204418,tap_single,0.0000,S,0,14,0.0
D,204513,tap_single,0.0000,S,0,14,0.0
D,204609,tap_single,0.0000,S,0,14,0.0
D,204705,tap_single,0.0000,S,0,14,0.0
D,204799,tap_single,0.0000,S,0,14,0.0
D,204895,tap_single,0.0000,S,0,14,0.0
D,204991,tap_single,0.0000,S,0,14,0.0
D,205086,tap_single,0.0000,S,0,14,0.0
D,205182,tap_single,0.0000,S,0,14,0.0
D,205278,tap_single,0.0000,S,0,14,0.0
D,205374,tap_single,0.0000,S,0,14,0.0
D,205470,tap_single,0.0000,S,0,14,0.0
D,205566,tap_single,0.0000,S,0,14,0.0
D,205660,tap_single,0.0000,S,0,14,0.0
D,205755,tap_single,0.0000,S,0,14,0.0
D,205851,tap_single,0.0000,S,0,14,0.0
D,205947,tap_single,0.0000,S,0,14,0.0
D,206043,tap_single,0.0000,S,0,14,0.0
D,206139,tap_single,0.0000,S,0,14,0.0
D,206235,tap_single,0.0000,S,0,14,0.0
D,206330,tap_single,0.0000,S,0,14,0.0
D,206426,tap_single,0.0000,S,0,14,0.0
D,206522,tap_single,0.0000,S,0,14,0.0
D,206616,tap_single,0.0000,S,0,14,0.0
D,206712,tap_single,0.0000,S,0,14,0.0
D,206808,tap_single,0.0000,S,0,14,0.0
D,206903,tap_single,0.0000,S,0,14,0.0
D,206999,tap_single,0.0000,S,0,14,0.0
D,207095,tap_single,0.0000,S,0,14,0.0
D,207191,tap_single,0.0000,S,0,14,0.0
D,207287,tap_single,0.0000,S,0,14,0.0
D,207383,tap_single,0.0000,S,0,14,0.0
D,207477,tap_single,0.0000,S,0,14,0.0
D,207572,tap_single,0.0000,S,0,14,0.0
D,207668,tap_single,0.0000,S,0,14,0.0
D,207764,tap_single,0.0000,S,0,14,0.0
D,207860,tap_single,0.0000,S,0,14,0.0
D,207956,tap_single,0.0000,S,0,14,0.0
D,208052,tap_single,0.0000,S,0,14,0.0
D,208147,tap_single,0.0000,S,0,14,0.0
D,208243,tap_single,0.0000,S,0,14,0.0
D,208337,tap_single,0.0000,S,0,14,0.0
E,208399,TAP,15
D,208530,tap_single,0.0000,S,0,15,0.0
D,208625,tap_single,0.0000,S,0,15,0.0
D,208721,tap_single,0.0000,S,0,15,0.0
D,208817,tap_single,0.0000,S,0,15,0.0
D,208912,tap_single,0.0000,S,0,15,0.0
D,209008,tap_single,0.0000,S,0,15,0.0
D,209104,tap_single,0.0000,S,0,15,0.0
D,209200,tap_single,0.0000,S,0,15,0.0
D,209294,tap_single,0.0000,S,0,15,0.0
D,209390,tap_single,0.0000,S,0,15,0.0
D,209485,tap_single,0.0000,S,0,15,0.0
D,209581,tap_single,0.0000,S,0,15,0.0
D,209677,tap_single,0.0000,S,0,15,0.0
D,209773,tap_single,0.0000,S,0,15,0.0
D,209869,tap_single,0.0000,S,0,15,0.0
D,209965,tap_single,0.0000,S,0,15,0.0
D,210061,tap_single,0.0000,S,0,15,0.0
D,210154,tap_single,0.0000,S,0,15,0.0
D,210250,tap_single,0.0000,S,0,15,0.0
D,210346,tap_single,0.0000,S,0,15,0.0
D,210442,tap_single,0.0000,S,0,15,0.0
D,210538,tap_single,0.0000,S,0,15,0.0
D,210633,tap_single,0.0000,S,0,15,0.0
D,210729,tap_single,0.0000,S,0,15,0.0
D,210825,tap_single,0.0000,S,0,15,0.0
D,210921,tap_single,0.0000,S,0,15,0.0
D,211015,tap_single,0.0000,S,0,15,0.0
D,211111,tap_single,0.0000,S,0,15,0.0
D,211207,tap_single,0.0000,S,0,15,0.0
D,211303,tap_single,0.0000,S,0,15,0.0
D,211398,tap_single,0.0000,S,0,15,0.0
D,211494,tap_single,0.0000,S,0,15,0.0
D,211590,tap_single,0.0000,S,0,15,0.0
D,211686,tap_single,0.0000,S,0,15,0.0
D,211782,tap_single,0.0000,S,0,15,0.0
D,211876,tap_single,0.0000,S,0,15,0.0
D,211971,tap_single,0.0000,S,0,15,0.0
D,212067,tap_single,0.0000,S,0,15,0.0
D,212163,tap_single,0.0000,S,0,15,0.0
D,212259,tap_single,0.0000,S,0,15,0.0
D,212355,tap_single,0.0000,S,0,15,0.0
D,212463,tap_single,0.0000,S,0,15,0.0
D,212642,tap_single,0.0000,S,0,15,0.0
D,212738,tap_single,0.0000,S,0,15,0.0
D,212832,tap_single,0.0000,S,0,15,0.0
D,212928,tap_single,0.0000,S,0,15,0.0
D,213024,tap_single,0.0000,S,0,15,0.0
D,213120,tap_single,0.0000,S,0,15,0.0
D,213215,tap_single,0.0000,S,0,15,0.0
D,213311,tap_single,0.0000,S,0,15,0.0
D,213407,tap_single,0.0000,S,0,15,0.0
D,213503,tap_single,0.0000,S,0,15,0.0
D,213599,tap_single,0.0000,S,0,15,0.0
D,213693,tap_single,0.0000,S,0,15,0.0
D,213788,tap_single,0.0000,S,0,15,0.0
D,213884,tap_single,0.0000,S,0,15,0.0
D,213980,tap_single,0.0000,S,0,15,0.0
D,214076,tap_single,0.0000,S,0,15,0.0
D,214172,tap_single,0.0000,S,0,15,0.0
D,214268,tap_single,0.0000,S,0,15,0.0
D,214364,tap_single,0.0000,S,0,15,0.0
D,214459,tap_single,0.0000,S,0,15,0.0
E,214521,TAP,16
D,214652,tap_single,0.0000,S,0,16,0.0
D,214745,tap_single,0.0000,S,0,16,0.0
D,214841,tap_single,0.0000,S,0,16,0.0
D,214937,tap_single,0.0000,S,0,16,0.0
D,215032,tap_single,0.0000,S,0,16,0.0
D,215129,tap_single,0.0000,S,0,16,0.0
D,215224,tap_single,0.0000,S,0,16,0.0
D,215320,tap_single,0.0000,S,0,16,0.0
D,215416,tap_single,0.0000,S,0,16,0.0
D,215510,tap_single,0.0000,S,0,16,0.0
D,215606,tap_single,0.0000,S,0,16,0.0
D,215701,tap_single,0.0000,S,0,16,0.0
D,215797,tap_single,0.0000,S,0,16,0.0
D,215893,tap_single,0.0000,S,0,16,0.0
D,215989,tap_single,0.0000,S,0,16,0.0
D,216085,tap_single,0.0000,S,0,16,0.0
D,216181,tap_single,0.0000,S,0,16,0.0
D,216276,tap_single,0.0000,S,0,16,0.0
D,216371,tap_single,0.0000,S,0,16,0.0
D,216466,tap_single,0.0000,S,0,16,0.0
D,216562,tap_single,0.0000,S,0,16,0.0
D,216658,tap_single,0.0000,S,0,16,0.0
D,216754,tap_single,0.0000,S,0,16,0.0
D,216850,tap_single,0.0000,S,0,16,0.0
D,216945,tap_single,0.0000,S,0,16,0.0
D,217041,tap_single,0.0000,S,0,16,0.0
D,217137,tap_single,0.0000,S,0,16,0.0
D,217231,tap_single,0.0000,S,0,16,0.0
D,217327,tap_single,0.0000,S,0,16,0.0
D,217423,tap_single,0.0000,S,0,16,0.0
D,217518,tap_single,0.0000,S,0,16,0.0
D,217614,tap_single,0.0000,S,0,16,0.0
D,217710,tap_single,0.0000,S,0,16,0.0
D,217806,tap_single,0.0000,S,0,16,0.0
D,217902,tap_single,0.0000,S,0,16,0.0
D,217998,tap_single,0.0000,S,0,16,0.0
D,218092,tap_single,0.0000,S,0,16,0.0
D,218188,tap_single,0.0000,S,0,16,0.0
D,218283,tap_single,0.0000,S,0,16,0.0
D,218379,tap_single,0.0000,S,0,16,0.0
D,218475,tap_single,0.0000,S,0,16,0.0
D,218571,tap_single,0.0000,S,0,16,0.0
D,218667,tap_single,0.0000,S,0,16,0.0
D,218763,tap_single,0.0000,S,0,16,0.0
D,218859,tap_single,0.0000,S,0,16,0.0
D,218954,tap_single,0.0000,S,0,16,0.0
D,219048,tap_single,0.0000,S,0,16,0.0
D,219144,tap_single,0.0000,S,0,16,0.0
D,219240,tap_single,0.0000,S,0,16,0.0
D,219336,tap_single,0.0000,S,0,16,0.0
D,219432,tap_single,0.0000,S,0,16,0.0
D,219527,tap_single,0.0000,S,0,16,0.0
D,219623,tap_single,0.0000,S,0,16,0.0
D,219719,tap_single,0.0000,S,0,16,0.0
D,219815,tap_single,0.0000,S,0,16,0.0
D,219909,tap_single,0.0000,S,0,16,0.0
D,220004,tap_single,0.0000,S,0,16,0.0
D,220100,tap_single,0.0000,S,0,16,0.0
D,220196,tap_single,0.0000,S,0,16,0.0
D,220292,tap_single,0.0000,S,0,16,0.0
D,220388,tap_single,0.0000,S,0,16,0.0
D,220484,tap_single,0.0000,S,0,16,0.0
D,220580,tap_single,0.0000,S,0,16,0.0
E,220642,TAP,17
D,220773,tap_single,0.0000,S,0,17,0.0
D,220865,tap_single,0.0000,S,0,17,0.0
D,220961,tap_single,0.0000,S,0,17,0.0
D,221057,tap_single,0.0000,S,0,17,0.0
D,221153,tap_single,0.0000,S,0,17,0.0
D,221249,tap_single,0.0000,S,0,17,0.0
D,221344,tap_single,0.0000,S,0,17,0.0
D,221440,tap_single,0.0000,S,0,17,0.0
D,221536,tap_single,0.0000,S,0,17,0.0
D,221632,tap_single,0.0000,S,0,17,0.0
D,221726,tap_single,0.0000,S,0,17,0.0
D,221822,tap_single,0.0000,S,0,17,0.0
D,221918,tap_single,0.0000,S,0,17,0.0
D,222013,tap_single,0.0000,S,0,17,0.0
D,222109,tap_single,0.0000,S,0,17,0.0
D,222205,tap_single,0.0000,S,0,17,0.0
D,222301,tap_single,0.0000,S,0,17,0.0
D,222397,tap_single,0.0000,S,0,17,0.0
D,222493,tap_single,0.0000,S,0,17,0.0
D,222586,tap_single,0.0000,S,0,17,0.0
D,222682,tap_single,0.0000,S,0,17,0.0
D,222778,tap_single,0.0000,S,0,17,0.0
D,222874,tap_single,0.0000,S,0,17,0.0
D,222970,tap_single,0.0000,S,0,17,0.0
D,223066,tap_single,0.0000,S,0,17,0.0
D,223161,tap_single,0.0000,S,0,17,0.0
D,223257,tap_single,0.0000,S,0,17,0.0
D,223353,tap_single,0.0000,S,0,17,0.0
D,223447,tap_single,0.0000,S,0,17,0.0
D,223543,tap_single,0.0000,S,0,17,0.0
D,223639,tap_single,0.0000,S,0,17,0.0
D,223735,tap_single,0.0000,S,0,17,0.0
D,223830,tap_single,0.0000,S,0,17,0.0
D,223926,tap_single,0.0000,S,0,17,0.0
D,224022,tap_single,0.0000,S,0,17,0.0
D,224118,tap_single,0.0000,S,0,17,0.0
D,224214,tap_single,0.0000,S,0,17,0.0
D,224308,tap_single,0.0000,S,0,17,0.0
D,224404,tap_single,0.0000,S,0,17,0.0
D,224499,tap_single,0.0000,S,0,17,0.0
D,224595,tap_single,0.0000,S,0,17,0.0
D,224691,tap_single,0.0000,S,0,17,0.0
D,224787,tap_single,0.0000,S,0,17,0.0
D,224883,tap_single,0.0000,S,0,17,0.0
D,224983,tap_single,0.0000,S,0,17,0.0
D,225074,tap_single,0.0000,S,0,17,0.0
D,225170,tap_single,0.0000,S,0,17,0.0
D,225264,tap_single,0.0000,S,0,17,0.0
D,225360,tap_single,0.0000,S,0,17,0.0
D,225456,tap_single,0.0000,S,0,17,0.0
D,225552,tap_single,0.0000,S,0,17,0.0
D,225647,tap_single,0.0000,S,0,17,0.0
D,225743,tap_single,0.0000,S,0,17,0.0
D,225839,tap_single,0.0000,S,0,17,0.0
D,225935,tap_single,0.0000,S,0,17,0.0
D,226031,tap_single,0.0000,S,0,17,0.0
D,226125,tap_single,0.0000,S,0,17,0.0
D,226221,tap_single,0.0000,S,0,17,0.0
D,226316,tap_single,0.0000,S,0,17,0.0
D,226412,tap_single,0.0000,S,0,17,0.0
D,226508,tap_single,0.0000,S,0,17,0.0
D,226604,tap_single,0.0000,S,0,17,0.0
D,226700,tap_single,0.0000,S,0,17,0.0
E,226762,TAP,18
D,226893,tap_single,0.0000,S,0,18,0.0
D,226986,tap_single,0.0000,S,0,18,0.0
D,227081,tap_single,0.0000,S,0,18,0.0
D,227177,tap_single,0.0000,S,0,18,0.0
D,227273,tap_single,0.0000,S,0,18,0.0
D,227369,tap_single,0.0000,S,0,18,0.0
D,227465,tap_single,0.0000,S,0,18,0.0
D,227560,tap_single,0.0000,S,0,18,0.0
D,227656,tap_single,0.0000,S,0,18,0.0
D,227752,tap_single,0.0000,S,0,18,0.0
D,227848,tap_single,0.0000,S,0,18,0.0
D,227942,tap_single,0.0000,S,0,18,0.0
D,228038,tap_single,0.0000,S,0,18,0.0
D,228133,tap_single,0.0000,S,0,18,0.0
D,228229,tap_single,0.0000,S,0,18,0.0
D,228325,tap_single,0.0000,S,0,18,0.0
D,228421,tap_single,0.0000,S,0,18,0.0
D,228517,tap_single,0.0000,S,0,18,0.0
D,228613,tap_single,0.0000,S,0,18,0.0
D,228709,tap_single,0.0000,S,0,18,0.0
D,228803,tap_single,0.0000,S,0,18,0.0
D,228898,tap_single,0.0000,S,0,18,0.0
D,228994,tap_single,0.0000,S,0,18,0.0
D,229090,tap_single,0.0000,S,0,18,0.0
D,229186,tap_single,0.0000,S,0,18,0.0
D,229282,tap_single,0.0000,S,0,18,0.0
D,229377,tap_single,0.0000,S,0,18,0.0
D,229473,tap_single,0.0000,S,0,18,0.0
D,229569,tap_single,0.0000,S,0,18,0.0
D,229663,tap_single,0.0000,S,0,18,0.0
D,229759,tap_single,0.0000,S,0,18,0.0
D,229855,tap_single,0.0000,S,0,18,0.0
D,229951,tap_single,0.0000,S,0,18,0.0
D,230046,tap_single,0.0000,S,0,18,0.0
D,230142,tap_single,0.0000,S,0,18,0.0
D,230238,tap_single,0.0000,S,0,18,0.0
D,230334,tap_single,0.0000,S,0,18,0.0
D,230430,tap_single,0.0000,S,0,18,0.0
D,230524,tap_single,0.0000,S,0,18,0.0
D,230619,tap_single,0.0000,S,0,18,0.0
D,230716,tap_single,0.0000,S,0,18,0.0
D,230811,tap_single,0.0000,S,0,18,0.0
D,230907,tap_single,0.0000,S,0,18,0.0
D,231003,tap_single,0.0000,S,0,18,0.0
D,231099,tap_single,0.0000,S,0,18,0.0
D,231195,tap_single,0.0000,S,0,18,0.0
D,231290,tap_single,0.0000,S,0,18,0.0
D,231386,tap_single,0.0000,S,0,18,0.0
D,231480,tap_single,0.0000,S,0,18,0.0
D,231576,tap_single,0.0000,S,0,18,0.0
D,231672,tap_single,0.0000,S,0,18,0.0
D,231768,tap_single,0.0000,S,0,18,0.0
D,231864,tap_single,0.0000,S,0,18,0.0
D,231959,tap_single,0.0000,S,0,18,0.0
D,232055,tap_single,0.0000,S,0,18,0.0
D,232151,tap_single,0.0000,S,0,18,0.0
D,232247,tap_single,0.0000,S,0,18,0.0
D,232341,tap_single,0.0000,S,0,18,0.0
D,232437,tap_single,0.0000,S,0,18,0.0
D,232533,tap_single,0.0000,S,0,18,0.0
D,232628,tap_single,0.0000,S,0,18,0.0
D,232724,tap_single,0.0000,S,0,18,0.0
D,232820,tap_single,0.0000,S,0,18,0.0
E,232882,TAP,19
D,233013,tap_single,0.0000,S,0,19,0.0
D,233108,tap_single,0.0000,S,0,19,0.0
D,233201,tap_single,0.0000,S,0,19,0.0
D,233297,tap_single,0.0000,S,0,19,0.0
D,233393,tap_single,0.0000,S,0,19,0.0
D,233489,tap_single,0.0000,S,0,19,0.0
D,233585,tap_single,0.0000,S,0,19,0.0
D,233681,tap_single,0.0000,S,0,19,0.0
D,233777,tap_single,0.0000,S,0,19,0.0
D,233872,tap_single,0.0000,S,0,19,0.0
D,233968,tap_single,0.0000,S,0,19,0.0
D,234064,tap_single,0.0000,S,0,19,0.0
D,234158,tap_single,0.0000,S,0,19,0.0
D,234254,tap_single,0.0000,S,0,19,0.0
D,234350,tap_single,0.0000,S,0,19,0.0
D,234445,tap_single,0.0000,S,0,19,0.0
D,234541,tap_single,0.0000,S,0,19,0.0
D,234637,tap_single,0.0000,S,0,19,0.0
D,234733,tap_single,0.0000,S,0,19,0.0
D,234829,tap_single,0.0000,S,0,19,0.0
D,234925,tap_single,0.0000,S,0,19,0.0
D,235018,tap_single,0.0000,S,0,19,0.0
D,235114,tap_single,0.0000,S,0,19,0.0
D,235210,tap_single,0.0000,S,0,19,0.0
D,235306,tap_single,0.0000,S,0,19,0.0
D,235402,tap_single,0.0000,S,0,19,0.0
D,235498,tap_single,0.0000,S,0,19,0.0
D,235594,tap_single,0.0000,S,0,19,0.0
D,235689,tap_single,0.0000,S,0,19,0.0
D,235785,tap_single,0.0000,S,0,19,0.0
D,235879,tap_single,0.0000,S,0,19,0.0
D,235975,tap_single,0.0000,S,0,19,0.0
D,236071,tap_single,0.0000,S,0,19,0.0
D,236167,tap_single,0.0000,S,0,19,0.0
D,236262,tap_single,0.0000,S,0,19,0.0
D,236358,tap_single,0.0000,S,0,19,0.0
D,236454,tap_single,0.0000,S,0,19,0.0
D,236550,tap_single,0.0000,S,0,19,0.0
D,236646,tap_single,0.0000,S,0,19,0.0
D,236740,tap_single,0.0000,S,0,19,0.0
D,236836,tap_single,0.0000,S,0,19,0.0
D,236931,tap_single,0.0000,S,0,19,0.0
D,237027,tap_single,0.0000,S,0,19,0.0
D,237123,tap_single,0.0000,S,0,19,0.0
D,237219,tap_single,0.0000,S,0,19,0.0
D,237315,tap_single,0.0000,S,0,19,0.0
D,237423,tap_single,0.0000,S,0,19,0.0
D,237602,tap_single,0.0000,S,0,19,0.0
D,237696,tap_single,0.0000,S,0,19,0.0
D,237792,tap_single,0.0000,S,0,19,0.0
D,237888,tap_single,0.0000,S,0,19,0.0
D,237984,tap_single,0.0000,S,0,19,0.0
D,238079,tap_single,0.0000,S,0,19,0.0
D,238176,tap_single,0.0000,S,0,19,0.0
D,238271,tap_single,0.0000,S,0,19,0.0
D,238367,tap_single,0.0000,S,0,19,0.0
D,238463,tap_single,0.0000,S,0,19,0.0
D,238557,tap_single,0.0000,S,0,19,0.0
D,238653,tap_single,0.0000,S,0,19,0.0
D,238748,tap_single,0.0000,S,0,19,0.0
D,238844,tap_single,0.0000,S,0,19,0.0
D,238940,tap_single,0.0000,S,0,19,0.0
E,239002,TAP,20
D,239133,tap_single,0.0000,S,0,20,0.0
D,239228,tap_single,0.0000,S,0,20,0.0
D,239323,tap_single,0.0000,S,0,20,0.0
D,239417,tap_single,0.0000,S,0,20,0.0
D,239513,tap_single,0.0000,S,0,20,0.0
D,239609,tap_single,0.0000,S,0,20,0.0
D,239705,tap_single,0.0000,S,0,20,0.0
D,239801,tap_single,0.0000,S,0,20,0.0
D,239897,tap_single,0.0000,S,0,20,0.0
D,239992,tap_single,0.0000,S,0,20,0.0
D,240088,tap_single,0.0000,S,0,20,0.0
D,240184,tap_single,0.0000,S,0,20,0.0
D,240280,tap_single,0.0000,S,0,20,0.0
D,240374,tap_single,0.0000,S,0,20,0.0
D,240470,tap_single,0.0000,S,0,20,0.0
D,240565,tap_single,0.0000,S,0,20,0.0
D,240661,tap_single,0.0000,S,0,20,0.0
D,240757,tap_single,0.0000,S,0,20,0.0
D,240853,tap_single,0.0000,S,0,20,0.0
D,240949,tap_single,0.0000,S,0,20,0.0
D,241045,tap_single,0.0000,S,0,20,0.0
D,241141,tap_single,0.0000,S,0,20,0.0
D,241235,tap_single,0.0000,S,0,20,0.0
D,241330,tap_single,0.0000,S,0,20,0.0
D,241426,tap_single,0.0000,S,0,20,0.0
D,241522,tap_single,0.0000,S,0,20,0.0
D,241618,tap_single,0.0000,S,0,20,0.0
D,241714,tap_single,0.0000,S,0,20,0.0
D,241810,tap_single,0.0000,S,0,20,0.0
D,241906,tap_single,0.0000,S,0,20,0.0
D,242001,tap_single,0.0000,S,0,20,0.0
D,242095,tap_single,0.0000,S,0,20,0.0
D,242191,tap_single,0.0000,S,0,20,0.0
D,242287,tap_single,0.0000,S,0,20,0.0
D,242383,tap_single,0.0000,S,0,20,0.0
D,242478,tap_single,0.0000,S,0,20,0.0
D,242574,tap_single,0.0000,S,0,20,0.0
D,242670,tap_single,0.0000,S,0,20,0.0
D,242766,tap_single,0.0000,S,0,20,0.0
D,242862,tap_single,0.0000,S,0,20,0.0
D,242956,tap_single,0.0000,S,0,20,0.0
D,243052,tap_single,0.0000,S,0,20,0.0
D,243147,tap_single,0.0000,S,0,20,0.0
D,243243,tap_single,0.0000,S,0,20,0.0
D,243339,tap_single,0.0000,S,0,20,0.0
D,243435,tap_single,0.0000,S,0,20,0.0
D,243531,tap_single,0.0000,S,0,20,0.0
D,243627,tap_single,0.0000,S,0,20,0.0
D,243723,tap_single,0.0000,S,0,20,0.0
D,243818,tap_single,0.0000,S,0,20,0.0
D,243912,tap_single,0.0000,S,0,20,0.0
D,244008,tap_single,0.0000,S,0,20,0.0
E,244070,BLOCK_END,tap_single
E,244072,BLOCK_START,quiet_mid1
D,244104,quiet_mid1,0.0000,S,0,20,0.0
D,244200,quiet_mid1,0.0000,S,0,20,0.0
D,244296,quiet_mid1,0.0000,S,0,20,0.0
D,244391,quiet_mid1,0.0000,S,0,20,0.0
D,244487,quiet_mid1,0.0000,S,0,20,0.0
D,244583,quiet_mid1,0.0000,S,0,20,0.0
D,244679,quiet_mid1,0.0000,S,0,20,0.0
D,244773,quiet_mid1,0.0000,S,0,20,0.0
D,244869,quiet_mid1,0.0000,S,0,20,0.0
D,244965,quiet_mid1,0.0000,S,0,20,0.0
D,245060,quiet_mid1,0.0000,S,0,20,0.0
D,245156,quiet_mid1,0.0000,S,0,20,0.0
D,245252,quiet_mid1,0.0000,S,0,20,0.0
D,245348,quiet_mid1,0.0000,S,0,20,0.0
D,245444,quiet_mid1,0.0000,S,0,20,0.0
D,245540,quiet_mid1,0.0000,S,0,20,0.0
D,245633,quiet_mid1,0.0000,S,0,20,0.0
D,245729,quiet_mid1,0.0000,S,0,20,0.0
D,245825,quiet_mid1,0.0000,S,0,20,0.0
D,245921,quiet_mid1,0.0000,S,0,20,0.0
D,246017,quiet_mid1,0.0000,S,0,20,0.0
D,246113,quiet_mid1,0.0000,S,0,20,0.0
D,246208,quiet_mid1,0.0000,S,0,20,0.0
D,246304,quiet_mid1,0.0000,S,0,20,0.0
D,246400,quiet_mid1,0.0000,S,0,20,0.0
D,246496,quiet_mid1,0.0000,S,0,20,0.0
D,246590,quiet_mid1,0.0000,S,0,20,0.0
D,246686,quiet_mid1,0.0000,S,0,20,0.0
D,246782,quiet_mid1,0.0000,S,0,20,0.0
D,246877,quiet_mid1,0.0000,S,0,20,0.0
D,246973,quiet_mid1,0.0000,S,0,20,0.0
D,247069,quiet_mid1,0.0000,S,0,20,0.0
D,247165,quiet_mid1,0.0000,S,0,20,0.0
D,247261,quiet_mid1,0.0000,S,0,20,0.0
D,247357,quiet_mid1,0.0000,S,0,20,0.0
D,247450,quiet_mid1,0.0000,S,0,20,0.0
D,247546,quiet_mid1,0.0000,S,0,20,0.0
D,247642,quiet_mid1,0.0000,S,0,20,0.0
D,247738,quiet_mid1,0.0000,S,0,20,0.0
D,247834,quiet_mid1,0.0000,S,0,20,0.0
D,247930,quiet_mid1,0.0000,S,0,20,0.0
D,248026,quiet_mid1,0.0000,S,0,20,0.0
D,248121,quiet_mid1,0.0000,S,0,20,0.0
D,248217,quiet_mid1,0.0000,S,0,20,0.0
D,248311,quiet_mid1,0.0000,S,0,20,0.0
D,248407,quiet_mid1,0.0000,S,0,20,0.0
D,248503,quiet_mid1,0.0000,S,0,20,0.0
D,248599,quiet_mid1,0.0000,S,0,20,0.0
D,248694,quiet_mid1,0.0000,S,0,20,0.0
D,248790,quiet_mid1,0.0000,S,0,20,0.0
D,248886,quiet_mid1,0.0000,S,0,20,0.0
D,248982,quiet_mid1,0.0000,S,0,20,0.0
D,249078,quiet_mid1,0.0000,S,0,20,0.0
D,249172,quiet_mid1,0.0000,S,0,20,0.0
D,249268,quiet_mid1,0.0000,S,0,20,0.0
D,249363,quiet_mid1,0.0000,S,0,20,0.0
D,249459,quiet_mid1,0.0000,S,0,20,0.0
D,249555,quiet_mid1,0.0000,S,0,20,0.0
D,249651,quiet_mid1,0.0000,S,0,20,0.0
D,249747,quiet_mid1,0.0000,S,0,20,0.0
D,249855,quiet_mid1,0.0000,S,0,20,0.0
D,250034,quiet_mid1,0.0000,S,0,20,0.0
D,250128,quiet_mid1,0.0000,S,0,20,0.0
D,250224,quiet_mid1,0.0000,S,0,20,0.0
D,250320,quiet_mid1,0.0000,S,0,20,0.0
D,250416,quiet_mid1,0.0000,S,0,20,0.0
D,250512,quiet_mid1,0.0000,S,0,20,0.0
D,250607,quiet_mid1,0.0000,S,0,20,0.0
D,250703,quiet_mid1,0.0000,S,0,20,0.0
D,250799,quiet_mid1,0.0000,S,0,20,0.0
D,250895,quiet_mid1,0.0000,S,0,20,0.0
D,250989,quiet_mid1,0.0000,S,0,20,0.0
D,251085,quiet_mid1,0.0000,S,0,20,0.0
D,251180,quiet_mid1,0.0000,S,0,20,0.0
D,251276,quiet_mid1,0.0000,S,0,20,0.0
D,251372,quiet_mid1,0.0000,S,0,20,0.0
D,251468,quiet_mid1,0.0000,S,0,20,0.0
D,251564,quiet_mid1,0.0000,S,0,20,0.0
D,251660,quiet_mid1,0.0000,S,0,20,0.0
D,251756,quiet_mid1,0.0000,S,0,20,0.0
D,251850,quiet_mid1,0.0000,S,0,20,0.0
D,251945,quiet_mid1,0.0000,S,0,20,0.0
D,252041,quiet_mid1,0.0000,S,0,20,0.0
D,252137,quiet_mid1,0.0000,S,0,20,0.0
D,252233,quiet_mid1,0.0000,S,0,20,0.0
D,252329,quiet_mid1,0.0000,S,0,20,0.0
D,252425,quiet_mid1,0.0000,S,0,20,0.0
D,252520,quiet_mid1,0.0000,S,0,20,0.0
D,252616,quiet_mid1,0.0000,S,0,20,0.0
D,252712,quiet_mid1,0.0000,S,0,20,0.0
D,252806,quiet_mid1,0.0000,S,0,20,0.0
D,252902,quiet_mid1,0.0000,S,0,20,0.0
D,252998,quiet_mid1,0.0000,S,0,20,0.0
D,253093,quiet_mid1,0.0000,S,0,20,0.0
D,253189,quiet_mid1,0.0000,S,0,20,0.0
D,253285,quiet_mid1,0.0000,S,0,20,0.0
D,253381,quiet_mid1,0.0000,S,0,20,0.0
D,253477,quiet_mid1,0.0000,S,0,20,0.0
D,253573,quiet_mid1,0.0000,S,0,20,0.0
D,253667,quiet_mid1,0.0000,S,0,20,0.0
D,253762,quiet_mid1,0.0000,S,0,20,0.0
D,253858,quiet_mid1,0.0000,S,0,20,0.0
D,253954,quiet_mid1,0.0000,S,0,20,0.0
D,254050,quiet_mid1,0.0000,S,0,20,0.0
D,254146,quiet_mid1,0.0000,S,0,20,0.0
D,254242,quiet_mid1,0.0000,S,0,20,0.0
D,254338,quiet_mid1,0.0000,S,0,20,0.0
D,254433,quiet_mid1,0.0000,S,0,20,0.0
D,254527,quiet_mid1,0.0000,S,0,20,0.0
D,254623,quiet_mid1,0.0000,S,0,20,0.0
D,254719,quiet_mid1,0.0000,S,0,20,0.0
D,254815,quiet_mid1,0.0000,S,0,20,0.0
D,254911,quiet_mid1,0.0000,S,0,20,0.0
D,255006,quiet_mid1,0.0000,S,0,20,0.0
D,255102,quiet_mid1,0.0000,S,0,20,0.0
D,255198,quiet_mid1,0.0000,S,0,20,0.0
D,255294,quiet_mid1,0.0000,S,0,20,0.0
D,255388,quiet_mid1,0.0000,S,0,20,0.0
D,255484,quiet_mid1,0.0000,S,0,20,0.0
D,255580,quiet_mid1,0.0000,S,0,20,0.0
D,255675,quiet_mid1,0.0000,S,0,20,0.0
D,255771,quiet_mid1,0.0000,S,0,20,0.0
D,255867,quiet_mid1,0.0000,S,0,20,0.0
D,255963,quiet_mid1,0.0000,S,0,20,0.0
D,256059,quiet_mid1,0.0000,S,0,20,0.0
D,256154,quiet_mid1,0.0000,S,0,20,0.0
D,256250,quiet_mid1,0.0000,S,0,20,0.0
D,256344,quiet_mid1,0.0000,S,0,20,0.0
D,256440,quiet_mid1,0.0000,S,0,20,0.0
D,256536,quiet_mid1,0.0000,S,0,20,0.0
D,256632,quiet_mid1,0.0000,S,0,20,0.0
D,256728,quiet_mid1,0.0000,S,0,20,0.0
D,256823,quiet_mid1,0.0000,S,0,20,0.0
D,256919,quiet_mid1,0.0000,S,0,20,0.0
D,257015,quiet_mid1,0.0000,S,0,20,0.0
D,257111,quiet_mid1,0.0000,S,0,20,0.0
D,257205,quiet_mid1,0.0000,S,0,20,0.0
D,257301,quiet_mid1,0.0000,S,0,20,0.0
D,257397,quiet_mid1,0.0000,S,0,20,0.0
D,257492,quiet_mid1,0.0000,S,0,20,0.0
D,257588,quiet_mid1,0.0000,S,0,20,0.0
D,257684,quiet_mid1,0.0000,S,0,20,0.0
D,257780,quiet_mid1,0.0000,S,0,20,0.0
D,257876,quiet_mid1,0.0000,S,0,20,0.0
D,257972,quiet_mid1,0.0000,S,0,20,0.0
D,258065,quiet_mid1,0.0000,S,0,20,0.0
D,258161,quiet_mid1,0.0000,S,0,20,0.0
D,258257,quiet_mid1,0.0000,S,0,20,0.0
D,258353,quiet_mid1,0.0000,S,0,20,0.0
D,258449,quiet_mid1,0.0000,S,0,20,0.0
D,258545,quiet_mid1,0.0000,S,0,20,0.0
D,258641,quiet_mid1,0.0000,S,0,20,0.0
D,258736,quiet_mid1,0.0000,S,0,20,0.0
D,258832,quiet_mid1,0.0000,S,0,20,0.0
D,258926,quiet_mid1,0.0000,S,0,20,0.0
D,259022,quiet_mid1,0.0000,S,0,20,0.0
D,259118,quiet_mid1,0.0000,S,0,20,0.0
D,259214,quiet_mid1,0.0000,S,0,20,0.0
D,259309,quiet_mid1,0.0000,S,0,20,0.0
D,259405,quiet_mid1,0.0000,S,0,20,0.0
D,259501,quiet_mid1,0.0000,S,0,20,0.0
D,259597,quiet_mid1,0.0000,S,0,20,0.0
D,259693,quiet_mid1,0.0000,S,0,20,0.0
D,259789,quiet_mid1,0.0000,S,0,20,0.0
D,259883,quiet_mid1,0.0000,S,0,20,0.0
D,259978,quiet_mid1,0.0000,S,0,20,0.0
D,260074,quiet_mid1,0.0000,S,0,20,0.0
D,260170,quiet_mid1,0.0000,S,0,20,0.0
D,260266,quiet_mid1,0.0000,S,0,20,0.0
D,260362,quiet_mid1,0.0000,S,0,20,0.0
D,260458,quiet_mid1,0.0000,S,0,20,0.0
D,260553,quiet_mid1,0.0000,S,0,20,0.0
D,260649,quiet_mid1,0.0000,S,0,20,0.0
D,260743,quiet_mid1,0.0000,S,0,20,0.0
D,260839,quiet_mid1,0.0000,S,0,20,0.0
D,260935,quiet_mid1,0.0000,S,0,20,0.0
D,261031,quiet_mid1,0.0000,S,0,20,0.0
D,261127,quiet_mid1,0.0000,S,0,20,0.0
D,261222,quiet_mid1,0.0000,S,0,20,0.0
D,261318,quiet_mid1,0.0000,S,0,20,0.0
D,261414,quiet_mid1,0.0000,S,0,20,0.0
D,261510,quiet_mid1,0.0000,S,0,20,0.0
D,261604,quiet_mid1,0.0000,S,0,20,0.0
D,261700,quiet_mid1,0.0000,S,0,20,0.0
D,261795,quiet_mid1,0.0000,S,0,20,0.0
D,261891,quiet_mid1,0.0000,S,0,20,0.0
D,261987,quiet_mid1,0.0000,S,0,20,0.0
D,262083,quiet_mid1,0.0000,S,0,20,0.0
D,262179,quiet_mid1,0.0000,S,0,20,0.0
D,262287,quiet_mid1,0.0000,S,0,20,0.0
D,262466,quiet_mid1,0.0000,S,0,20,0.0
D,262560,quiet_mid1,0.0000,S,0,20,0.0
D,262656,quiet_mid1,0.0000,S,0,20,0.0
D,262752,quiet_mid1,0.0000,S,0,20,0.0
D,262848,quiet_mid1,0.0000,S,0,20,0.0
D,262944,quiet_mid1,0.0000,S,0,20,0.0
D,263039,quiet_mid1,0.0000,S,0,20,0.0
D,263135,quiet_mid1,0.0000,S,0,20,0.0
D,263231,quiet_mid1,0.0000,S,0,20,0.0
D,263327,quiet_mid1,0.0000,S,0,20,0.0
D,263421,quiet_mid1,0.0000,S,0,20,0.0
D,263517,quiet_mid1,0.0000,S,0,20,0.0
D,263613,quiet_mid1,0.0000,S,0,20,0.0
D,263708,quiet_mid1,0.0000,S,0,20,0.0
D,263804,quiet_mid1,0.0000,S,0,20,0.0
D,263900,quiet_mid1,0.0000,S,0,20,0.0
D,263996,quiet_mid1,0.0000,S,0,20,0.0
D,264092,quiet_mid1,0.0000,S,0,20,0.0
D,264188,quiet_mid1,0.0000,S,0,20,0.0
D,264281,quiet_mid1,0.0000,S,0,20,0.0
D,264377,quiet_mid1,0.0000,S,0,20,0.0
D,264473,quiet_mid1,0.0000,S,0,20,0.0
D,264569,quiet_mid1,0.0000,S,0,20,0.0
D,264665,quiet_mid1,0.0000,S,0,20,0.0
D,264761,quiet_mid1,0.0000,S,0,20,0.0
D,264857,quiet_mid1,0.0000,S,0,20,0.0
D,264952,quiet_mid1,0.0000,S,0,20,0.0
D,265048,quiet_mid1,0.0000,S,0,20,0.0
D,265144,quiet_mid1,0.0000,S,0,20,0.0
D,265238,quiet_mid1,0.0000,S,0,20,0.0
D,265334,quiet_mid1,0.0000,S,0,20,0.0
D,265430,quiet_mid1,0.0000,S,0,20,0.0
D,265525,quiet_mid1,0.0000,S,0,20,0.0
D,265621,quiet_mid1,0.0000,S,0,20,0.0
D,265717,quiet_mid1,0.0000,S,0,20,0.0
D,265813,quiet_mid1,0.0000,S,0,20,0.0
D,265909,quiet_mid1,0.0000,S,0,20,0.0
D,266005,quiet_mid1,0.0000,S,0,20,0.0
D,266099,quiet_mid1,0.0000,S,0,20,0.0
D,266194,quiet_mid1,0.0000,S,0,20,0.0
D,266290,quiet_mid1,0.0000,S,0,20,0.0
D,266386,quiet_mid1,0.0000,S,0,20,0.0
D,266482,quiet_mid1,0.0000,S,0,20,0.0
D,266578,quiet_mid1,0.0000,S,0,20,0.0
D,266674,quiet_mid1,0.0000,S,0,20,0.0
D,266770,quiet_mid1,0.0000,S,0,20,0.0
D,266865,quiet_mid1,0.0000,S,0,20,0.0
D,266959,quiet_mid1,0.0000,S,0,20,0.0
D,267055,quiet_mid1,0.0000,S,0,20,0.0
D,267151,quiet_mid1,0.0000,S,0,20,0.0
D,267247,quiet_mid1,0.0000,S,0,20,0.0
D,267343,quiet_mid1,0.0000,S,0,20,0.0
D,267438,quiet_mid1,0.0000,S,0,20,0.0
D,267534,quiet_mid1,0.0000,S,0,20,0.0
D,267630,quiet_mid1,0.0000,S,0,20,0.0
D,267726,quiet_mid1,0.0000,S,0,20,0.0
D,267820,quiet_mid1,0.0000,S,0,20,0.0
D,267916,quiet_mid1,0.0000,S,0,20,0.0
D,268012,quiet_mid1,0.0000,S,0,20,0.0
D,268107,quiet_mid1,0.0000,S,0,20,0.0
D,268203,quiet_mid1,0.0000,S,0,20,0.0
D,268299,quiet_mid1,0.0000,S,0,20,0.0
D,268395,quiet_mid1,0.0000,S,0,20,0.0
D,268491,quiet_mid1,0.0000,S,0,20,0.0
D,268587,quiet_mid1,0.0000,S,0,20,0.0
D,268682,quiet_mid1,0.0000,S,0,20,0.0
D,268776,quiet_mid1,0.0000,S,0,20,0.0
D,268872,quiet_mid1,0.0000,S,0,20,0.0
D,268968,quiet_mid1,0.0000,S,0,20,0.0
D,269064,quiet_mid1,0.0000,S,0,20,0.0
D,269160,quiet_mid1,0.0000,S,0,20,0.0
D,269255,quiet_mid1,0.0000,S,0,20,0.0
D,269351,quiet_mid1,0.0000,S,0,20,0.0
D,269447,quiet_mid1,0.0000,S,0,20,0.0
D,269543,quiet_mid1,0.0000,S,0,20,0.0
D,269637,quiet_mid1,0.0000,S,0,20,0.0
D,269733,quiet_mid1,0.0000,S,0,20,0.0
D,269829,quiet_mid1,0.0000,S,0,20,0.0
D,269924,quiet_mid1,0.0000,S,0,20,0.0
D,270020,quiet_mid1,0.0000,S,0,20,0.0
D,270116,quiet_mid1,0.0000,S,0,20,0.0
D,270212,quiet_mid1,0.0000,S,0,20,0.0
D,270308,quiet_mid1,0.0000,S,0,20,0.0
D,270404,quiet_mid1,0.0000,S,0,20,0.0
D,270498,quiet_mid1,0.0000,S,0,20,0.0
D,270593,quiet_mid1,0.0000,S,0,20,0.0
D,270689,quiet_mid1,0.0000,S,0,20,0.0
D,270785,quiet_mid1,0.0000,S,0,20,0.0
D,270881,quiet_mid1,0.0000,S,0,20,0.0
D,270977,quiet_mid1,0.0000,S,0,20,0.0
D,271073,quiet_mid1,0.0000,S,0,20,0.0
D,271168,quiet_mid1,0.0000,S,0,20,0.0
D,271264,quiet_mid1,0.0000,S,0,20,0.0
D,271360,quiet_mid1,0.0000,S,0,20,0.0
D,271454,quiet_mid1,0.0000,S,0,20,0.0
D,271550,quiet_mid1,0.0000,S,0,20,0.0
D,271646,quiet_mid1,0.0000,S,0,20,0.0
D,271741,quiet_mid1,0.0000,S,0,20,0.0
D,271837,quiet_mid1,0.0000,S,0,20,0.0
D,271933,quiet_mid1,0.0000,S,0,20,0.0
D,272029,quiet_mid1,0.0000,S,0,20,0.0
D,272125,quiet_mid1,0.0000,S,0,20,0.0
D,272221,quiet_mid1,0.0000,S,0,20,0.0
D,272315,quiet_mid1,0.0000,S,0,20,0.0
D,272410,quiet_mid1,0.0000,S,0,20,0.0
D,272506,quiet_mid1,0.0000,S,0,20,0.0
D,272602,quiet_mid1,0.0000,S,0,20,0.0
D,272698,quiet_mid1,0.0000,S,0,20,0.0
D,272794,quiet_mid1,0.0000,S,0,20,0.0
D,272890,quiet_mid1,0.0000,S,0,20,0.0
D,272985,quiet_mid1,0.0000,S,0,20,0.0
D,273081,quiet_mid1,0.0000,S,0,20,0.0
D,273175,quiet_mid1,0.0000,S,0,20,0.0
D,273271,quiet_mid1,0.0000,S,0,20,0.0
D,273367,quiet_mid1,0.0000,S,0,20,0.0
D,273463,quiet_mid1,0.0000,S,0,20,0.0
D,273559,quiet_mid1,0.0000,S,0,20,0.0
D,273654,quiet_mid1,0.0000,S,0,20,0.0
D,273750,quiet_mid1,0.0000,S,0,20,0.0
D,273846,quiet_mid1,0.0000,S,0,20,0.0
D,273942,quiet_mid1,0.0000,S,0,20,0.0
D,274036,quiet_mid1,0.0000,S,0,20,0.0
E,274098,BLOCK_END,quiet_mid1
E,274101,BLOCK_START,tap_burst
D,274132,tap_burst,0.0000,S,0,20,0.0
D,274228,tap_burst,0.0000,S,0,20,0.0
D,274323,tap_burst,0.0000,S,0,20,0.0
D,274419,tap_burst,0.0000,S,0,20,0.0
D,274515,tap_burst,0.0000,S,0,20,0.0
D,274611,tap_burst,0.0000,S,0,20,0.0
D,274719,tap_burst,0.0000,S,0,20,0.0
D,274899,tap_burst,0.0000,S,0,20,0.0
D,274992,tap_burst,0.0000,S,0,20,0.0
D,275088,tap_burst,0.0000,S,0,20,0.0
E,275150,BURST,1
D,275853,tap_burst,0.0000,S,0,23,0.0
D,275949,tap_burst,0.0000,S,0,23,0.0
D,276045,tap_burst,0.0000,S,0,23,0.0
D,276140,tap_burst,0.0000,S,0,23,0.0
D,276236,tap_burst,0.0000,S,0,23,0.0
D,276332,tap_burst,0.0000,S,0,23,0.0
D,276428,tap_burst,0.0000,S,0,23,0.0
D,276524,tap_burst,0.0000,S,0,23,0.0
D,276620,tap_burst,0.0000,S,0,23,0.0
D,276714,tap_burst,0.0000,S,0,23,0.0
D,276809,tap_burst,0.0000,S,0,23,0.0
D,276905,tap_burst,0.0000,S,0,23,0.0
D,277001,tap_burst,0.0000,S,0,23,0.0
D,277097,tap_burst,0.0000,S,0,23,0.0
D,277193,tap_burst,0.0000,S,0,23,0.0
D,277289,tap_burst,0.0000,S,0,23,0.0
D,277385,tap_burst,0.0000,S,0,23,0.0
D,277480,tap_burst,0.0000,S,0,23,0.0
D,277574,tap_burst,0.0000,S,0,23,0.0
D,277670,tap_burst,0.0000,S,0,23,0.0
D,277766,tap_burst,0.0000,S,0,23,0.0
D,277862,tap_burst,0.0000,S,0,23,0.0
D,277958,tap_burst,0.0000,S,0,23,0.0
D,278053,tap_burst,0.0000,S,0,23,0.0
D,278149,tap_burst,0.0000,S,0,23,0.0
D,278245,tap_burst,0.0000,S,0,23,0.0
D,278341,tap_burst,0.0000,S,0,23,0.0
D,278437,tap_burst,0.0000,S,0,23,0.0
D,278531,tap_burst,0.0000,S,0,23,0.0
D,278627,tap_burst,0.0000,S,0,23,0.0
D,278722,tap_burst,0.0000,S,0,23,0.0
D,278818,tap_burst,0.0000,S,0,23,0.0
D,278914,tap_burst,0.0000,S,0,23,0.0
D,279010,tap_burst,0.0000,S,0,23,0.0
D,279106,tap_burst,0.0000,S,0,23,0.0
D,279202,tap_burst,0.0000,S,0,23,0.0
D,279297,tap_burst,0.0000,S,0,23,0.0
D,279391,tap_burst,0.0000,S,0,23,0.0
D,279487,tap_burst,0.0000,S,0,23,0.0
D,279583,tap_burst,0.0000,S,0,23,0.0
D,279679,tap_burst,0.0000,S,0,23,0.0
D,279775,tap_burst,0.0000,S,0,23,0.0
D,279870,tap_burst,0.0000,S,0,23,0.0
D,279966,tap_burst,0.0000,S,0,23,0.0
D,280062,tap_burst,0.0000,S,0,23,0.0
D,280158,tap_burst,0.0000,S,0,23,0.0
D,280252,tap_burst,0.0000,S,0,23,0.0
D,280348,tap_burst,0.0000,S,0,23,0.0
D,280444,tap_burst,0.0000,S,0,23,0.0
D,280539,tap_burst,0.0000,S,0,23,0.0
D,280635,tap_burst,0.0000,S,0,23,0.0
D,280731,tap_burst,0.0000,S,0,23,0.0
D,280827,tap_burst,0.0000,S,0,23,0.0
D,280923,tap_burst,0.0000,S,0,23,0.0
D,281019,tap_burst,0.0000,S,0,23,0.0
D,281114,tap_burst,0.0000,S,0,23,0.0
D,281208,tap_burst,0.0000,S,0,23,0.0
D,281304,tap_burst,0.0000,S,0,23,0.0
D,281400,tap_burst,0.0000,S,0,23,0.0
D,281496,tap_burst,0.0000,S,0,23,0.0
D,281592,tap_burst,0.0000,S,0,23,0.0
D,281688,tap_burst,0.0000,S,0,23,0.0
D,281783,tap_burst,0.0000,S,0,23,0.0
D,281879,tap_burst,0.0000,S,0,23,0.0
D,281975,tap_burst,0.0000,S,0,23,0.0
D,282069,tap_burst,0.0000,S,0,23,0.0
D,282165,tap_burst,0.0000,S,0,23,0.0
D,282261,tap_burst,0.0000,S,0,23,0.0
D,282356,tap_burst,0.0000,S,0,23,0.0
D,282453,tap_burst,0.0000,S,0,23,0.0
D,282548,tap_burst,0.0000,S,0,23,0.0
D,282644,tap_burst,0.0000,S,0,23,0.0
D,282740,tap_burst,0.0000,S,0,23,0.0
D,282836,tap_burst,0.0000,S,0,23,0.0
D,282930,tap_burst,0.0000,S,0,23,0.0
D,283025,tap_burst,0.0000,S,0,23,0.0
D,283121,tap_burst,0.0000,S,0,23,0.0
D,283217,tap_burst,0.0000,S,0,23,0.0
D,283313,tap_burst,0.0000,S,0,23,0.0
D,283409,tap_burst,0.0000,S,0,23,0.0
D,283505,tap_burst,0.0000,S,0,23,0.0
D,283600,tap_burst,0.0000,S,0,23,0.0
D,283696,tap_burst,0.0000,S,0,23,0.0
D,283790,tap_burst,0.0000,S,0,23,0.0
E,283852,BURST,2
D,284557,tap_burst,0.0000,S,0,26,0.0
D,284653,tap_burst,0.0000,S,0,26,0.0
D,284747,tap_burst,0.0000,S,0,26,0.0
D,284843,tap_burst,0.0000,S,0,26,0.0
D,284939,tap_burst,0.0000,S,0,26,0.0
D,285034,tap_burst,0.0000,S,0,26,0.0
D,285130,tap_burst,0.0000,S,0,26,0.0
D,285226,tap_burst,0.0000,S,0,26,0.0
D,285322,tap_burst,0.0000,S,0,26,0.0
D,285418,tap_burst,0.0000,S,0,26,0.0
D,285513,tap_burst,0.0000,S,0,26,0.0
D,285607,tap_burst,0.0000,S,0,26,0.0
D,285703,tap_burst,0.0000,S,0,26,0.0
D,285799,tap_burst,0.0000,S,0,26,0.0
D,285895,tap_burst,0.0000,S,0,26,0.0
D,285991,tap_burst,0.0000,S,0,26,0.0
D,286086,tap_burst,0.0000,S,0,26,0.0
D,286182,tap_burst,0.0000,S,0,26,0.0
D,286278,tap_burst,0.0000,S,0,26,0.0
D,286374,tap_burst,0.0000,S,0,26,0.0
D,286468,tap_burst,0.0000,S,0,26,0.0
D,286564,tap_burst,0.0000,S,0,26,0.0
D,286660,tap_burst,0.0000,S,0,26,0.0
D,286755,tap_burst,0.0000,S,0,26,0.0
D,286851,tap_burst,0.0000,S,0,26,0.0
D,286947,tap_burst,0.0000,S,0,26,0.0
D,287043,tap_burst,0.0000,S,0,26,0.0
D,287139,tap_burst,0.0000,S,0,26,0.0
D,287235,tap_burst,0.0000,S,0,26,0.0
D,287331,tap_burst,0.0000,S,0,26,0.0
D,287424,tap_burst,0.0000,S,0,26,0.0
D,287520,tap_burst,0.0000,S,0,26,0.0
D,287616,tap_burst,0.0000,S,0,26,0.0
D,287712,tap_burst,0.0000,S,0,26,0.0
D,287808,tap_burst,0.0000,S,0,26,0.0
D,287904,tap_burst,0.0000,S,0,26,0.0
D,288000,tap_burst,0.0000,S,0,26,0.0
D,288095,tap_burst,0.0000,S,0,26,0.0
D,288191,tap_burst,0.0000,S,0,26,0.0
D,288285,tap_burst,0.0000,S,0,26,0.0
D,288385,tap_burst,0.0000,S,0,26,0.0
D,288477,tap_burst,0.0000,S,0,26,0.0
D,288572,tap_burst,0.0000,S,0,26,0.0
D,288668,tap_burst,0.0000,S,0,26,0.0
D,288764,tap_burst,0.0000,S,0,26,0.0
D,288860,tap_burst,0.0000,S,0,26,0.0
D,288956,tap_burst,0.0000,S,0,26,0.0
D,289052,tap_burst,0.0000,S,0,26,0.0
D,289146,tap_burst,0.0000,S,0,26,0.0
D,289242,tap_burst,0.0000,S,0,26,0.0
D,289337,tap_burst,0.0000,S,0,26,0.0
D,289433,tap_burst,0.0000,S,0,26,0.0
D,289529,tap_burst,0.0000,S,0,26,0.0
D,289625,tap_burst,0.0000,S,0,26,0.0
D,289721,tap_burst,0.0000,S,0,26,0.0
D,289817,tap_burst,0.0000,S,0,26,0.0
D,289912,tap_burst,0.0000,S,0,26,0.0
D,290006,tap_burst,0.0000,S,0,26,0.0
D,290102,tap_burst,0.0000,S,0,26,0.0
D,290198,tap_burst,0.0000,S,0,26,0.0
D,290294,tap_burst,0.0000,S,0,26,0.0
D,290390,tap_burst,0.0000,S,0,26,0.0
D,290485,tap_burst,0.0000,S,0,26,0.0
D,290581,tap_burst,0.0000,S,0,26,0.0
D,290677,tap_burst,0.0000,S,0,26,0.0
D,290773,tap_burst,0.0000,S,0,26,0.0
D,290869,tap_burst,0.0000,S,0,26,0.0
D,290963,tap_burst,0.0000,S,0,26,0.0
D,291059,tap_burst,0.0000,S,0,26,0.0
D,291154,tap_burst,0.0000,S,0,26,0.0
D,291250,tap_burst,0.0000,S,0,26,0.0
D,291346,tap_burst,0.0000,S,0,26,0.0
D,291442,tap_burst,0.0000,S,0,26,0.0
D,291538,tap_burst,0.0000,S,0,26,0.0
D,291634,tap_burst,0.0000,S,0,26,0.0
D,291729,tap_burst,0.0000,S,0,26,0.0
D,291823,tap_burst,0.0000,S,0,26,0.0
D,291919,tap_burst,0.0000,S,0,26,0.0
D,292015,tap_burst,0.0000,S,0,26,0.0
D,292111,tap_burst,0.0000,S,0,26,0.0
D,292207,tap_burst,0.0000,S,0,26,0.0
D,292303,tap_burst,0.0000,S,0,26,0.0
D,292398,tap_burst,0.0000,S,0,26,0.0
D,292494,tap_burst,0.0000,S,0,26,0.0
E,292556,BURST,3
D,293259,tap_burst,0.0000,S,0,29,0.0
D,293355,tap_burst,0.0000,S,0,29,0.0
D,293451,tap_burst,0.0000,S,0,29,0.0
D,293547,tap_burst,0.0000,S,0,29,0.0
D,293640,tap_burst,0.0000,S,0,29,0.0
D,293736,tap_burst,0.0000,S,0,29,0.0
D,293832,tap_burst,0.0000,S,0,29,0.0
D,293928,tap_burst,0.0000,S,0,29,0.0
D,294024,tap_burst,0.0000,S,0,29,0.0
D,294120,tap_burst,0.0000,S,0,29,0.0
D,294215,tap_burst,0.0000,S,0,29,0.0
D,294311,tap_burst,0.0000,S,0,29,0.0
D,294407,tap_burst,0.0000,S,0,29,0.0
D,294501,tap_burst,0.0000,S,0,29,0.0
D,294597,tap_burst,0.0000,S,0,29,0.0
D,294693,tap_burst,0.0000,S,0,29,0.0
D,294789,tap_burst,0.0000,S,0,29,0.0
D,294884,tap_burst,0.0000,S,0,29,0.0
D,294980,tap_burst,0.0000,S,0,29,0.0
D,295076,tap_burst,0.0000,S,0,29,0.0
D,295172,tap_burst,0.0000,S,0,29,0.0
D,295268,tap_burst,0.0000,S,0,29,0.0
D,295362,tap_burst,0.0000,S,0,29,0.0
D,295457,tap_burst,0.0000,S,0,29,0.0
D,295553,tap_burst,0.0000,S,0,29,0.0
D,295649,tap_burst,0.0000,S,0,29,0.0
D,295745,tap_burst,0.0000,S,0,29,0.0
D,295841,tap_burst,0.0000,S,0,29,0.0
D,295937,tap_burst,0.0000,S,0,29,0.0
D,296033,tap_burst,0.0000,S,0,29,0.0
D,296128,tap_burst,0.0000,S,0,29,0.0
D,296222,tap_burst,0.0000,S,0,29,0.0
D,296318,tap_burst,0.0000,S,0,29,0.0
D,296414,tap_burst,0.0000,S,0,29,0.0
D,296510,tap_burst,0.0000,S,0,29,0.0
D,296606,tap_burst,0.0000,S,0,29,0.0
D,296701,tap_burst,0.0000,S,0,29,0.0
D,296797,tap_burst,0.0000,S,0,29,0.0
D,296893,tap_burst,0.0000,S,0,29,0.0
D,296989,tap_burst,0.0000,S,0,29,0.0
D,297085,tap_burst,0.0000,S,0,29,0.0
D,297179,tap_burst,0.0000,S,0,29,0.0
D,297275,tap_burst,0.0000,S,0,29,0.0
D,297370,tap_burst,0.0000,S,0,29,0.0
D,297466,tap_burst,0.0000,S,0,29,0.0
D,297562,tap_burst,0.0000,S,0,29,0.0
D,297658,tap_burst,0.0000,S,0,29,0.0
D,297754,tap_burst,0.0000,S,0,29,0.0
D,297850,tap_burst,0.0000,S,0,29,0.0
D,297946,tap_burst,0.0000,S,0,29,0.0
D,298039,tap_burst,0.0000,S,0,29,0.0
D,298135,tap_burst,0.0000,S,0,29,0.0
D,298231,tap_burst,0.0000,S,0,29,0.0
D,298327,tap_burst,0.0000,S,0,29,0.0
D,298423,tap_burst,0.0000,S,0,29,0.0
D,298518,tap_burst,0.0000,S,0,29,0.0
D,298614,tap_burst,0.0000,S,0,29,0.0
D,298710,tap_burst,0.0000,S,0,29,0.0
D,298806,tap_burst,0.0000,S,0,29,0.0
D,298900,tap_burst,0.0000,S,0,29,0.0
D,298996,tap_burst,0.0000,S,0,29,0.0
D,299092,tap_burst,0.0000,S,0,29,0.0
D,299187,tap_burst,0.0000,S,0,29,0.0
D,299283,tap_burst,0.0000,S,0,29,0.0
D,299379,tap_burst,0.0000,S,0,29,0.0
D,299475,tap_burst,0.0000,S,0,29,0.0
D,299571,tap_burst,0.0000,S,0,29,0.0
D,299667,tap_burst,0.0000,S,0,29,0.0
D,299763,tap_burst,0.0000,S,0,29,0.0
D,299856,tap_burst,0.0000,S,0,29,0.0
D,299952,tap_burst,0.0000,S,0,29,0.0
D,300048,tap_burst,0.0000,S,0,29,0.0
D,300144,tap_burst,0.0000,S,0,29,0.0
D,300240,tap_burst,0.0000,S,0,29,0.0
D,300336,tap_burst,0.0000,S,0,29,0.0
D,300432,tap_burst,0.0000,S,0,29,0.0
D,300527,tap_burst,0.0000,S,0,29,0.0
D,300623,tap_burst,0.0000,S,0,29,0.0
D,300717,tap_burst,0.0000,S,0,29,0.0
D,300813,tap_burst,0.0000,S,0,29,0.0
D,300909,tap_burst,0.0000,S,0,29,0.0
D,301005,tap_burst,0.0000,S,0,29,0.0
D,301100,tap_burst,0.0000,S,0,29,0.0
D,301196,tap_burst,0.0000,S,0,29,0.0
E,301258,BURST,4
D,301973,tap_burst,0.0000,S,0,32,0.0
D,302153,tap_burst,0.0000,S,0,32,0.0
D,302249,tap_burst,0.0000,S,0,32,0.0
D,302344,tap_burst,0.0000,S,0,32,0.0
D,302438,tap_burst,0.0000,S,0,32,0.0
D,302534,tap_burst,0.0000,S,0,32,0.0
D,302630,tap_burst,0.0000,S,0,32,0.0
D,302726,tap_burst,0.0000,S,0,32,0.0
D,302822,tap_burst,0.0000,S,0,32,0.0
D,302918,tap_burst,0.0000,S,0,32,0.0
D,303013,tap_burst,0.0000,S,0,32,0.0
D,303109,tap_burst,0.0000,S,0,32,0.0
D,303205,tap_burst,0.0000,S,0,32,0.0
D,303301,tap_burst,0.0000,S,0,32,0.0
D,303395,tap_burst,0.0000,S,0,32,0.0
D,303491,tap_burst,0.0000,S,0,32,0.0
D,303586,tap_burst,0.0000,S,0,32,0.0
D,303682,tap_burst,0.0000,S,0,32,0.0
D,303778,tap_burst,0.0000,S,0,32,0.0
D,303874,tap_burst,0.0000,S,0,32,0.0
D,303970,tap_burst,0.0000,S,0,32,0.0
D,304066,tap_burst,0.0000,S,0,32,0.0
D,304161,tap_burst,0.0000,S,0,32,0.0
D,304255,tap_burst,0.0000,S,0,32,0.0
D,304351,tap_burst,0.0000,S,0,32,0.0
D,304447,tap_burst,0.0000,S,0,32,0.0
D,304543,tap_burst,0.0000,S,0,32,0.0
D,304639,tap_burst,0.0000,S,0,32,0.0
D,304735,tap_burst,0.0000,S,0,32,0.0
D,304830,tap_burst,0.0000,S,0,32,0.0
D,304926,tap_burst,0.0000,S,0,32,0.0
D,305022,tap_burst,0.0000,S,0,32,0.0
D,305116,tap_burst,0.0000,S,0,32,0.0
D,305212,tap_burst,0.0000,S,0,32,0.0
D,305308,tap_burst,0.0000,S,0,32,0.0
D,305403,tap_burst,0.0000,S,0,32,0.0
D,305499,tap_burst,0.0000,S,0,32,0.0
D,305595,tap_burst,0.0000,S,0,32,0.0
D,305691,tap_burst,0.0000,S,0,32,0.0
D,305787,tap_burst,0.0000,S,0,32,0.0
D,305883,tap_burst,0.0000,S,0,32,0.0
D,305979,tap_burst,0.0000,S,0,32,0.0
D,306072,tap_burst,0.0000,S,0,32,0.0
D,306168,tap_burst,0.0000,S,0,32,0.0
D,306264,tap_burst,0.0000,S,0,32,0.0
D,306360,tap_burst,0.0000,S,0,32,0.0
D,306456,tap_burst,0.0000,S,0,32,0.0
D,306552,tap_burst,0.0000,S,0,32,0.0
D,306648,tap_burst,0.0000,S,0,32,0.0
D,306743,tap_burst,0.0000,S,0,32,0.0
D,306839,tap_burst,0.0000,S,0,32,0.0
D,306933,tap_burst,0.0000,S,0,32,0.0
D,307029,tap_burst,0.0000,S,0,32,0.0
D,307125,tap_burst,0.0000,S,0,32,0.0
D,307221,tap_burst,0.0000,S,0,32,0.0
D,307317,tap_burst,0.0000,S,0,32,0.0
D,307412,tap_burst,0.0000,S,0,32,0.0
D,307508,tap_burst,0.0000,S,0,32,0.0
D,307604,tap_burst,0.0000,S,0,32,0.0
D,307700,tap_burst,0.0000,S,0,32,0.0
D,307794,tap_burst,0.0000,S,0,32,0.0
D,307889,tap_burst,0.0000,S,0,32,0.0
D,307986,tap_burst,0.0000,S,0,32,0.0
D,308081,tap_burst,0.0000,S,0,32,0.0
D,308177,tap_burst,0.0000,S,0,32,0.0
D,308273,tap_burst,0.0000,S,0,32,0.0
D,308369,tap_burst,0.0000,S,0,32,0.0
D,308465,tap_burst,0.0000,S,0,32,0.0
D,308560,tap_burst,0.0000,S,0,32,0.0
D,308654,tap_burst,0.0000,S,0,32,0.0
D,308750,tap_burst,0.0000,S,0,32,0.0
D,308846,tap_burst,0.0000,S,0,32,0.0
D,308942,tap_burst,0.0000,S,0,32,0.0
D,309038,tap_burst,0.0000,S,0,32,0.0
D,309133,tap_burst,0.0000,S,0,32,0.0
D,309230,tap_burst,0.0000,S,0,32,0.0
D,309325,tap_burst,0.0000,S,0,32,0.0
D,309421,tap_burst,0.0000,S,0,32,0.0
D,309517,tap_burst,0.0000,S,0,32,0.0
D,309611,tap_burst,0.0000,S,0,32,0.0
D,309707,tap_burst,0.0000,S,0,32,0.0
D,309803,tap_burst,0.0000,S,0,32,0.0
D,309898,tap_burst,0.0000,S,0,32,0.0
E,309960,BURST,5
D,310663,tap_burst,0.0000,S,0,35,0.0
D,310759,tap_burst,0.0000,S,0,35,0.0
D,310855,tap_burst,0.0000,S,0,35,0.0
D,310951,tap_burst,0.0000,S,0,35,0.0
D,311047,tap_burst,0.0000,S,0,35,0.0
D,311142,tap_burst,0.0000,S,0,35,0.0
D,311238,tap_burst,0.0000,S,0,35,0.0
D,311332,tap_burst,0.0000,S,0,35,0.0
D,311428,tap_burst,0.0000,S,0,35,0.0
D,311524,tap_burst,0.0000,S,0,35,0.0
D,311620,tap_burst,0.0000,S,0,35,0.0
D,311715,tap_burst,0.0000,S,0,35,0.0
D,311811,tap_burst,0.0000,S,0,35,0.0
D,311907,tap_burst,0.0000,S,0,35,0.0
D,312003,tap_burst,0.0000,S,0,35,0.0
D,312099,tap_burst,0.0000,S,0,35,0.0
D,312195,tap_burst,0.0000,S,0,35,0.0
D,312288,tap_burst,0.0000,S,0,35,0.0
D,312384,tap_burst,0.0000,S,0,35,0.0
D,312480,tap_burst,0.0000,S,0,35,0.0
D,312576,tap_burst,0.0000,S,0,35,0.0
D,312672,tap_burst,0.0000,S,0,35,0.0
D,312768,tap_burst,0.0000,S,0,35,0.0
D,312864,tap_burst,0.0000,S,0,35,0.0
D,312959,tap_burst,0.0000,S,0,35,0.0
D,313055,tap_burst,0.0000,S,0,35,0.0
D,313149,tap_burst,0.0000,S,0,35,0.0
D,313245,tap_burst,0.0000,S,0,35,0.0
D,313341,tap_burst,0.0000,S,0,35,0.0
D,313437,tap_burst,0.0000,S,0,35,0.0
D,313532,tap_burst,0.0000,S,0,35,0.0
D,313628,tap_burst,0.0000,S,0,35,0.0
D,313724,tap_burst,0.0000,S,0,35,0.0
D,313820,tap_burst,0.0000,S,0,35,0.0
D,313916,tap_burst,0.0000,S,0,35,0.0
D,314010,tap_burst,0.0000,S,0,35,0.0
D,314106,tap_burst,0.0000,S,0,35,0.0
D,314201,tap_burst,0.0000,S,0,35,0.0
D,314297,tap_burst,0.0000,S,0,35,0.0
D,314393,tap_burst,0.0000,S,0,35,0.0
D,314489,tap_burst,0.0000,S,0,35,0.0
D,314585,tap_burst,0.0000,S,0,35,0.0
D,314681,tap_burst,0.0000,S,0,35,0.0
D,314776,tap_burst,0.0000,S,0,35,0.0
D,314870,tap_burst,0.0000,S,0,35,0.0
D,314966,tap_burst,0.0000,S,0,35,0.0
D,315066,tap_burst,0.0000,S,0,35,0.0
D,315158,tap_burst,0.0000,S,0,35,0.0
D,315254,tap_burst,0.0000,S,0,35,0.0
D,315350,tap_burst,0.0000,S,0,35,0.0
D,315445,tap_burst,0.0000,S,0,35,0.0
D,315541,tap_burst,0.0000,S,0,35,0.0
D,315637,tap_burst,0.0000,S,0,35,0.0
D,315733,tap_burst,0.0000,S,0,35,0.0
D,315827,tap_burst,0.0000,S,0,35,0.0
D,315923,tap_burst,0.0000,S,0,35,0.0
D,316018,tap_burst,0.0000,S,0,35,0.0
D,316114,tap_burst,0.0000,S,0,35,0.0
D,316210,tap_burst,0.0000,S,0,35,0.0
D,316306,tap_burst,0.0000,S,0,35,0.0
D,316402,tap_burst,0.0000,S,0,35,0.0
D,316498,tap_burst,0.0000,S,0,35,0.0
D,316594,tap_burst,0.0000,S,0,35,0.0
D,316687,tap_burst,0.0000,S,0,35,0.0
D,316783,tap_burst,0.0000,S,0,35,0.0
D,316879,tap_burst,0.0000,S,0,35,0.0
D,316975,tap_burst,0.0000,S,0,35,0.0
D,317071,tap_burst,0.0000,S,0,35,0.0
D,317167,tap_burst,0.0000,S,0,35,0.0
D,317262,tap_burst,0.0000,S,0,35,0.0
D,317358,tap_burst,0.0000,S,0,35,0.0
D,317454,tap_burst,0.0000,S,0,35,0.0
D,317548,tap_burst,0.0000,S,0,35,0.0
D,317644,tap_burst,0.0000,S,0,35,0.0
D,317740,tap_burst,0.0000,S,0,35,0.0
D,317836,tap_burst,0.0000,S,0,35,0.0
D,317932,tap_burst,0.0000,S,0,35,0.0
D,318027,tap_burst,0.0000,S,0,35,0.0
D,318123,tap_burst,0.0000,S,0,35,0.0
D,318219,tap_burst,0.0000,S,0,35,0.0
D,318315,tap_burst,0.0000,S,0,35,0.0
D,318411,tap_burst,0.0000,S,0,35,0.0
D,318504,tap_burst,0.0000,S,0,35,0.0
D,318601,tap_burst,0.0000,S,0,35,0.0
E,318663,BURST,6
D,319365,tap_burst,0.0000,S,0,38,0.0
D,319461,tap_burst,0.0000,S,0,38,0.0
D,319557,tap_burst,0.0000,S,0,38,0.0
D,319653,tap_burst,0.0000,S,0,38,0.0
D,319749,tap_burst,0.0000,S,0,38,0.0
D,319844,tap_burst,0.0000,S,0,38,0.0
D,319940,tap_burst,0.0000,S,0,38,0.0
D,320036,tap_burst,0.0000,S,0,38,0.0
D,320132,tap_burst,0.0000,S,0,38,0.0
D,320226,tap_burst,0.0000,S,0,38,0.0
D,320322,tap_burst,0.0000,S,0,38,0.0
D,320418,tap_burst,0.0000,S,0,38,0.0
D,320513,tap_burst,0.0000,S,0,38,0.0
D,320609,tap_burst,0.0000,S,0,38,0.0
D,320705,tap_burst,0.0000,S,0,38,0.0
D,320801,tap_burst,0.0000,S,0,38,0.0
D,320897,tap_burst,0.0000,S,0,38,0.0
D,320993,tap_burst,0.0000,S,0,38,0.0
D,321086,tap_burst,0.0000,S,0,38,0.0
D,321182,tap_burst,0.0000,S,0,38,0.0
D,321278,tap_burst,0.0000,S,0,38,0.0
D,321374,tap_burst,0.0000,S,0,38,0.0
D,321470,tap_burst,0.0000,S,0,38,0.0
D,321566,tap_burst,0.0000,S,0,38,0.0
D,321661,tap_burst,0.0000,S,0,38,0.0
D,321757,tap_burst,0.0000,S,0,38,0.0
D,321853,tap_burst,0.0000,S,0,38,0.0
D,321949,tap_burst,0.0000,S,0,38,0.0
D,322043,tap_burst,0.0000,S,0,38,0.0
D,322139,tap_burst,0.0000,S,0,38,0.0
D,322234,tap_burst,0.0000,S,0,38,0.0
D,322330,tap_burst,0.0000,S,0,38,0.0
D,322426,tap_burst,0.0000,S,0,38,0.0
D,322522,tap_burst,0.0000,S,0,38,0.0
D,322618,tap_burst,0.0000,S,0,38,0.0
D,322714,tap_burst,0.0000,S,0,38,0.0
D,322810,tap_burst,0.0000,S,0,38,0.0
D,322904,tap_burst,0.0000,S,0,38,0.0
D,322999,tap_burst,0.0000,S,0,38,0.0
D,323095,tap_burst,0.0000,S,0,38,0.0
D,323191,tap_burst,0.0000,S,0,38,0.0
D,323287,tap_burst,0.0000,S,0,38,0.0
D,323383,tap_burst,0.0000,S,0,38,0.0
D,323479,tap_burst,0.0000,S,0,38,0.0
D,323574,tap_burst,0.0000,S,0,38,0.0
D,323670,tap_burst,0.0000,S,0,38,0.0
D,323764,tap_burst,0.0000,S,0,38,0.0
D,323860,tap_burst,0.0000,S,0,38,0.0
D,323956,tap_burst,0.0000,S,0,38,0.0
D,324052,tap_burst,0.0000,S,0,38,0.0
D,324147,tap_burst,0.0000,S,0,38,0.0
D,324243,tap_burst,0.0000,S,0,38,0.0
D,324339,tap_burst,0.0000,S,0,38,0.0
D,324435,tap_burst,0.0000,S,0,38,0.0
D,324531,tap_burst,0.0000,S,0,38,0.0
D,324627,tap_burst,0.0000,S,0,38,0.0
D,324720,tap_burst,0.0000,S,0,38,0.0
D,324816,tap_burst,0.0000,S,0,38,0.0
D,324912,tap_burst,0.0000,S,0,38,0.0
D,325008,tap_burst,0.0000,S,0,38,0.0
D,325104,tap_burst,0.0000,S,0,38,0.0
D,325200,tap_burst,0.0000,S,0,38,0.0
D,325296,tap_burst,0.0000,S,0,38,0.0
D,325391,tap_burst,0.0000,S,0,38,0.0
D,325487,tap_burst,0.0000,S,0,38,0.0
D,325581,tap_burst,0.0000,S,0,38,0.0
D,325677,tap_burst,0.0000,S,0,38,0.0
D,325773,tap_burst,0.0000,S,0,38,0.0
D,325869,tap_burst,0.0000,S,0,38,0.0
D,325965,tap_burst,0.0000,S,0,38,0.0
D,326060,tap_burst,0.0000,S,0,38,0.0
D,326156,tap_burst,0.0000,S,0,38,0.0
D,326252,tap_burst,0.0000,S,0,38,0.0
D,326348,tap_burst,0.0000,S,0,38,0.0
D,326442,tap_burst,0.0000,S,0,38,0.0
D,326538,tap_burst,0.0000,S,0,38,0.0
D,326633,tap_burst,0.0000,S,0,38,0.0
D,326729,tap_burst,0.0000,S,0,38,0.0
D,326825,tap_burst,0.0000,S,0,38,0.0
D,326921,tap_burst,0.0000,S,0,38,0.0
D,327017,tap_burst,0.0000,S,0,38,0.0
D,327113,tap_burst,0.0000,S,0,38,0.0
D,327209,tap_burst,0.0000,S,0,38,0.0
D,327303,tap_burst,0.0000,S,0,38,0.0
E,327365,BURST,7
D,328069,tap_burst,0.0000,S,0,41,0.0
D,328165,tap_burst,0.0000,S,0,41,0.0
D,328259,tap_burst,0.0000,S,0,41,0.0
D,328355,tap_burst,0.0000,S,0,41,0.0
D,328450,tap_burst,0.0000,S,0,41,0.0
D,328546,tap_burst,0.0000,S,0,41,0.0
D,328654,tap_burst,0.0000,S,0,41,0.0
D,328834,tap_burst,0.0000,S,0,41,0.0
D,328930,tap_burst,0.0000,S,0,41,0.0
D,329026,tap_burst,0.0000,S,0,41,0.0
D,329119,tap_burst,0.0000,S,0,41,0.0
D,329215,tap_burst,0.0000,S,0,41,0.0
D,329311,tap_burst,0.0000,S,0,41,0.0
D,329407,tap_burst,0.0000,S,0,41,0.0
D,329503,tap_burst,0.0000,S,0,41,0.0
D,329599,tap_burst,0.0000,S,0,41,0.0
D,329695,tap_burst,0.0000,S,0,41,0.0
D,329790,tap_burst,0.0000,S,0,41,0.0
D,329886,tap_burst,0.0000,S,0,41,0.0
D,329980,tap_burst,0.0000,S,0,41,0.0
D,330076,tap_burst,0.0000,S,0,41,0.0
D,330172,tap_burst,0.0000,S,0,41,0.0
D,330268,tap_burst,0.0000,S,0,41,0.0
D,330364,tap_burst,0.0000,S,0,41,0.0
D,330459,tap_burst,0.0000,S,0,41,0.0
D,330555,tap_burst,0.0000,S,0,41,0.0
D,330651,tap_burst,0.0000,S,0,41,0.0
D,330747,tap_burst,0.0000,S,0,41,0.0
D,330843,tap_burst,0.0000,S,0,41,0.0
D,330937,tap_burst,0.0000,S,0,41,0.0
D,331033,tap_burst,0.0000,S,0,41,0.0
D,331128,tap_burst,0.0000,S,0,41,0.0
D,331224,tap_burst,0.0000,S,0,41,0.0
D,331320,tap_burst,0.0000,S,0,41,0.0
D,331416,tap_burst,0.0000,S,0,41,0.0
D,331512,tap_burst,0.0000,S,0,41,0.0
D,331607,tap_burst,0.0000,S,0,41,0.0
D,331703,tap_burst,0.0000,S,0,41,0.0
D,331797,tap_burst,0.0000,S,0,41,0.0
D,331893,tap_burst,0.0000,S,0,41,0.0
D,331989,tap_burst,0.0000,S,0,41,0.0
D,332085,tap_burst,0.0000,S,0,41,0.0
D,332181,tap_burst,0.0000,S,0,41,0.0
D,332276,tap_burst,0.0000,S,0,41,0.0
D,332372,tap_burst,0.0000,S,0,41,0.0
D,332468,tap_burst,0.0000,S,0,41,0.0
D,332564,tap_burst,0.0000,S,0,41,0.0
D,332658,tap_burst,0.0000,S,0,41,0.0
D,332754,tap_burst,0.0000,S,0,41,0.0
D,332850,tap_burst,0.0000,S,0,41,0.0
D,332945,tap_burst,0.0000,S,0,41,0.0
D,333041,tap_burst,0.0000,S,0,41,0.0
D,333137,tap_burst,0.0000,S,0,41,0.0
D,333233,tap_burst,0.0000,S,0,41,0.0
D,333329,tap_burst,0.0000,S,0,41,0.0
D,333425,tap_burst,0.0000,S,0,41,0.0
D,333518,tap_burst,0.0000,S,0,41,0.0
D,333614,tap_burst,0.0000,S,0,41,0.0
D,333710,tap_burst,0.0000,S,0,41,0.0
D,333806,tap_burst,0.0000,S,0,41,0.0
D,333902,tap_burst,0.0000,S,0,41,0.0
D,333998,tap_burst,0.0000,S,0,41,0.0
D,334094,tap_burst,0.0000,S,0,41,0.0
D,334189,tap_burst,0.0000,S,0,41,0.0
D,334285,tap_burst,0.0000,S,0,41,0.0
D,334381,tap_burst,0.0000,S,0,41,0.0
D,334475,tap_burst,0.0000,S,0,41,0.0
D,334571,tap_burst,0.0000,S,0,41,0.0
D,334667,tap_burst,0.0000,S,0,41,0.0
D,334762,tap_burst,0.0000,S,0,41,0.0
D,334858,tap_burst,0.0000,S,0,41,0.0
D,334954,tap_burst,0.0000,S,0,41,0.0
D,335050,tap_burst,0.0000,S,0,41,0.0
D,335146,tap_burst,0.0000,S,0,41,0.0
D,335242,tap_burst,0.0000,S,0,41,0.0
D,335335,tap_burst,0.0000,S,0,41,0.0
D,335431,tap_burst,0.0000,S,0,41,0.0
D,335527,tap_burst,0.0000,S,0,41,0.0
D,335623,tap_burst,0.0000,S,0,41,0.0
D,335719,tap_burst,0.0000,S,0,41,0.0
D,335815,tap_burst,0.0000,S,0,41,0.0
D,335911,tap_burst,0.0000,S,0,41,0.0
D,336006,tap_burst,0.0000,S,0,41,0.0
E,336068,BURST,8
D,336771,tap_burst,0.0000,S,0,44,0.0
D,336867,tap_burst,0.0000,S,0,44,0.0
D,336963,tap_burst,0.0000,S,0,44,0.0
D,337059,tap_burst,0.0000,S,0,44,0.0
D,337153,tap_burst,0.0000,S,0,44,0.0
D,337248,tap_burst,0.0000,S,0,44,0.0
D,337344,tap_burst,0.0000,S,0,44,0.0
D,337440,tap_burst,0.0000,S,0,44,0.0
D,337536,tap_burst,0.0000,S,0,44,0.0
D,337632,tap_burst,0.0000,S,0,44,0.0
D,337728,tap_burst,0.0000,S,0,44,0.0
D,337823,tap_burst,0.0000,S,0,44,0.0
D,337920,tap_burst,0.0000,S,0,44,0.0
D,338013,tap_burst,0.0000,S,0,44,0.0
D,338109,tap_burst,0.0000,S,0,44,0.0
D,338205,tap_burst,0.0000,S,0,44,0.0
D,338301,tap_burst,0.0000,S,0,44,0.0
D,338397,tap_burst,0.0000,S,0,44,0.0
D,338492,tap_burst,0.0000,S,0,44,0.0
D,338588,tap_burst,0.0000,S,0,44,0.0
D,338684,tap_burst,0.0000,S,0,44,0.0
D,338780,tap_burst,0.0000,S,0,44,0.0
D,338874,tap_burst,0.0000,S,0,44,0.0
D,338970,tap_burst,0.0000,S,0,44,0.0
D,339066,tap_burst,0.0000,S,0,44,0.0
D,339161,tap_burst,0.0000,S,0,44,0.0
D,339257,tap_burst,0.0000,S,0,44,0.0
D,339353,tap_burst,0.0000,S,0,44,0.0
D,339449,tap_burst,0.0000,S,0,44,0.0
D,339545,tap_burst,0.0000,S,0,44,0.0
D,339641,tap_burst,0.0000,S,0,44,0.0
D,339735,tap_burst,0.0000,S,0,44,0.0
D,339830,tap_burst,0.0000,S,0,44,0.0
D,339926,tap_burst,0.0000,S,0,44,0.0
D,340022,tap_burst,0.0000,S,0,44,0.0
D,340118,tap_burst,0.0000,S,0,44,0.0
D,340214,tap_burst,0.0000,S,0,44,0.0
D,340310,tap_burst,0.0000,S,0,44,0.0
D,340406,tap_burst,0.0000,S,0,44,0.0
D,340501,tap_burst,0.0000,S,0,44,0.0
D,340597,tap_burst,0.0000,S,0,44,0.0
D,340691,tap_burst,0.0000,S,0,44,0.0
D,340787,tap_burst,0.0000,S,0,44,0.0
D,340883,tap_burst,0.0000,S,0,44,0.0
D,340979,tap_burst,0.0000,S,0,44,0.0
D,341074,tap_burst,0.0000,S,0,44,0.0
D,341170,tap_burst,0.0000,S,0,44,0.0
D,341266,tap_burst,0.0000,S,0,44,0.0
D,341362,tap_burst,0.0000,S,0,44,0.0
D,341458,tap_burst,0.0000,S,0,44,0.0
D,341551,tap_burst,0.0000,S,0,44,0.0
D,341647,tap_burst,0.0000,S,0,44,0.0
D,341747,tap_burst,0.0000,S,0,44,0.0
D,341839,tap_burst,0.0000,S,0,44,0.0
D,341935,tap_burst,0.0000,S,0,44,0.0
D,342031,tap_burst,0.0000,S,0,44,0.0
D,342127,tap_burst,0.0000,S,0,44,0.0
D,342222,tap_burst,0.0000,S,0,44,0.0
D,342318,tap_burst,0.0000,S,0,44,0.0
D,342412,tap_burst,0.0000,S,0,44,0.0
D,342508,tap_burst,0.0000,S,0,44,0.0
D,342604,tap_burst,0.0000,S,0,44,0.0
D,342700,tap_burst,0.0000,S,0,44,0.0
D,342796,tap_burst,0.0000,S,0,44,0.0
D,342892,tap_burst,0.0000,S,0,44,0.0
D,342987,tap_burst,0.0000,S,0,44,0.0
D,343083,tap_burst,0.0000,S,0,44,0.0
D,343179,tap_burst,0.0000,S,0,44,0.0
D,343275,tap_burst,0.0000,S,0,44,0.0
D,343369,tap_burst,0.0000,S,0,44,0.0
D,343465,tap_burst,0.0000,S,0,44,0.0
D,343560,tap_burst,0.0000,S,0,44,0.0
D,343656,tap_burst,0.0000,S,0,44,0.0
E,343718,BLOCK_END,tap_burst
E,343720,BLOCK_START,quiet_mid2
D,343752,quiet_mid2,0.0000,S,0,44,0.0
D,343848,quiet_mid2,0.0000,S,0,44,0.0
D,343944,quiet_mid2,0.0000,S,0,44,0.0
D,344040,quiet_mid2,0.0000,S,0,44,0.0
D,344135,quiet_mid2,0.0000,S,0,44,0.0
D,344229,quiet_mid2,0.0000,S,0,44,0.0
D,344325,quiet_mid2,0.0000,S,0,44,0.0
D,344421,quiet_mid2,0.0000,S,0,44,0.0
D,344517,quiet_mid2,0.0000,S,0,44,0.0
D,344613,quiet_mid2,0.0000,S,0,44,0.0
D,344709,quiet_mid2,0.0000,S,0,44,0.0
D,344804,quiet_mid2,0.0000,S,0,44,0.0
D,344900,quiet_mid2,0.0000,S,0,44,0.0
D,344996,quiet_mid2,0.0000,S,0,44,0.0
D,345090,quiet_mid2,0.0000,S,0,44,0.0
D,345186,quiet_mid2,0.0000,S,0,44,0.0
D,345282,quiet_mid2,0.0000,S,0,44,0.0
D,345377,quiet_mid2,0.0000,S,0,44,0.0
D,345473,quiet_mid2,0.0000,S,0,44,0.0
D,345569,quiet_mid2,0.0000,S,0,44,0.0
D,345665,quiet_mid2,0.0000,S,0,44,0.0
D,345761,quiet_mid2,0.0000,S,0,44,0.0
D,345857,quiet_mid2,0.0000,S,0,44,0.0
D,345950,quiet_mid2,0.0000,S,0,44,0.0
D,346046,quiet_mid2,0.0000,S,0,44,0.0
D,346142,quiet_mid2,0.0000,S,0,44,0.0
D,346238,quiet_mid2,0.0000,S,0,44,0.0
D,346334,quiet_mid2,0.0000,S,0,44,0.0
D,346430,quiet_mid2,0.0000,S,0,44,0.0
D,346526,quiet_mid2,0.0000,S,0,44,0.0
D,346621,quiet_mid2,0.0000,S,0,44,0.0
D,346717,quiet_mid2,0.0000,S,0,44,0.0
D,346813,quiet_mid2,0.0000,S,0,44,0.0
D,346907,quiet_mid2,0.0000,S,0,44,0.0
D,347003,quiet_mid2,0.0000,S,0,44,0.0
D,347099,quiet_mid2,0.0000,S,0,44,0.0
D,347194,quiet_mid2,0.0000,S,0,44,0.0
D,347290,quiet_mid2,0.0000,S,0,44,0.0
D,347386,quiet_mid2,0.0000,S,0,44,0.0
D,347482,quiet_mid2,0.0000,S,0,44,0.0
D,347578,quiet_mid2,0.0000,S,0,44,0.0
D,347674,quiet_mid2,0.0000,S,0,44,0.0
D,347768,quiet_mid2,0.0000,S,0,44,0.0
D,347863,quiet_mid2,0.0000,S,0,44,0.0
D,347959,quiet_mid2,0.0000,S,0,44,0.0
D,348055,quiet_mid2,0.0000,S,0,44,0.0
D,348151,quiet_mid2,0.0000,S,0,44,0.0
D,348247,quiet_mid2,0.0000,S,0,44,0.0
D,348343,quiet_mid2,0.0000,S,0,44,0.0
D,348438,quiet_mid2,0.0000,S,0,44,0.0
D,348534,quiet_mid2,0.0000,S,0,44,0.0
D,348628,quiet_mid2,0.0000,S,0,44,0.0
D,348724,quiet_mid2,0.0000,S,0,44,0.0
D,348820,quiet_mid2,0.0000,S,0,44,0.0
D,348916,quiet_mid2,0.0000,S,0,44,0.0
D,349012,quiet_mid2,0.0000,S,0,44,0.0
D,349107,quiet_mid2,0.0000,S,0,44,0.0
D,349203,quiet_mid2,0.0000,S,0,44,0.0
D,349299,quiet_mid2,0.0000,S,0,44,0.0
D,349395,quiet_mid2,0.0000,S,0,44,0.0
D,349491,quiet_mid2,0.0000,S,0,44,0.0
D,349585,quiet_mid2,0.0000,S,0,44,0.0
D,349680,quiet_mid2,0.0000,S,0,44,0.0
D,349776,quiet_mid2,0.0000,S,0,44,0.0
D,349872,quiet_mid2,0.0000,S,0,44,0.0
D,349968,quiet_mid2,0.0000,S,0,44,0.0
D,350064,quiet_mid2,0.0000,S,0,44,0.0
D,350160,quiet_mid2,0.0000,S,0,44,0.0
D,350255,quiet_mid2,0.0000,S,0,44,0.0
D,350352,quiet_mid2,0.0000,S,0,44,0.0
D,350445,quiet_mid2,0.0000,S,0,44,0.0
D,350541,quiet_mid2,0.0000,S,0,44,0.0
D,350637,quiet_mid2,0.0000,S,0,44,0.0
D,350733,quiet_mid2,0.0000,S,0,44,0.0
D,350829,quiet_mid2,0.0000,S,0,44,0.0
D,350924,quiet_mid2,0.0000,S,0,44,0.0
D,351020,quiet_mid2,0.0000,S,0,44,0.0
D,351116,quiet_mid2,0.0000,S,0,44,0.0
D,351212,quiet_mid2,0.0000,S,0,44,0.0
D,351306,quiet_mid2,0.0000,S,0,44,0.0
D,351402,quiet_mid2,0.0000,S,0,44,0.0
D,351498,quiet_mid2,0.0000,S,0,44,0.0
D,351593,quiet_mid2,0.0000,S,0,44,0.0
D,351689,quiet_mid2,0.0000,S,0,44,0.0
D,351785,quiet_mid2,0.0000,S,0,44,0.0
D,351881,quiet_mid2,0.0000,S,0,44,0.0
D,351977,quiet_mid2,0.0000,S,0,44,0.0
D,352073,quiet_mid2,0.0000,S,0,44,0.0
D,352167,quiet_mid2,0.0000,S,0,44,0.0
D,352262,quiet_mid2,0.0000,S,0,44,0.0
D,352358,quiet_mid2,0.0000,S,0,44,0.0
D,352454,quiet_mid2,0.0000,S,0,44,0.0
D,352550,quiet_mid2,0.0000,S,0,44,0.0
D,352646,quiet_mid2,0.0000,S,0,44,0.0
D,352742,quiet_mid2,0.0000,S,0,44,0.0
D,352837,quiet_mid2,0.0000,S,0,44,0.0
D,352933,quiet_mid2,0.0000,S,0,44,0.0
D,353029,quiet_mid2,0.0000,S,0,44,0.0
D,353123,quiet_mid2,0.0000,S,0,44,0.0
D,353219,quiet_mid2,0.0000,S,0,44,0.0
D,353315,quiet_mid2,0.0000,S,0,44,0.0
D,353411,quiet_mid2,0.0000,S,0,44,0.0
D,353506,quiet_mid2,0.0000,S,0,44,0.0
D,353602,quiet_mid2,0.0000,S,0,44,0.0
D,353698,quiet_mid2,0.0000,S,0,44,0.0
D,353794,quiet_mid2,0.0000,S,0,44,0.0
D,353890,quiet_mid2,0.0000,S,0,44,0.0
D,353984,quiet_mid2,0.0000,S,0,44,0.0
D,354092,quiet_mid2,0.0000,S,0,44,0.0
D,354271,quiet_mid2,0.0000,S,0,44,0.0
D,354367,quiet_mid2,0.0000,S,0,44,0.0
D,354463,quiet_mid2,0.0000,S,0,44,0.0
D,354559,quiet_mid2,0.0000,S,0,44,0.0
D,354655,quiet_mid2,0.0000,S,0,44,0.0
D,354750,quiet_mid2,0.0000,S,0,44,0.0
D,354844,quiet_mid2,0.0000,S,0,44,0.0
D,354940,quiet_mid2,0.0000,S,0,44,0.0
D,355036,quiet_mid2,0.0000,S,0,44,0.0
D,355132,quiet_mid2,0.0000,S,0,44,0.0
D,355228,quiet_mid2,0.0000,S,0,44,0.0
D,355323,quiet_mid2,0.0000,S,0,44,0.0
D,355419,quiet_mid2,0.0000,S,0,44,0.0
D,355515,quiet_mid2,0.0000,S,0,44,0.0
D,355611,quiet_mid2,0.0000,S,0,44,0.0
D,355707,quiet_mid2,0.0000,S,0,44,0.0
D,355801,quiet_mid2,0.0000,S,0,44,0.0
D,355897,quiet_mid2,0.0000,S,0,44,0.0
D,355992,quiet_mid2,0.0000,S,0,44,0.0
D,356088,quiet_mid2,0.0000,S,0,44,0.0
D,356184,quiet_mid2,0.0000,S,0,44,0.0
D,356280,quiet_mid2,0.0000,S,0,44,0.0
D,356376,quiet_mid2,0.0000,S,0,44,0.0
D,356472,quiet_mid2,0.0000,S,0,44,0.0
D,356567,quiet_mid2,0.0000,S,0,44,0.0
D,356662,quiet_mid2,0.0000,S,0,44,0.0
D,356757,quiet_mid2,0.0000,S,0,44,0.0
D,356853,quiet_mid2,0.0000,S,0,44,0.0
D,356949,quiet_mid2,0.0000,S,0,44,0.0
D,357045,quiet_mid2,0.0000,S,0,44,0.0
D,357141,quiet_mid2,0.0000,S,0,44,0.0
D,357236,quiet_mid2,0.0000,S,0,44,0.0
D,357332,quiet_mid2,0.0000,S,0,44,0.0
D,357428,quiet_mid2,0.0000,S,0,44,0.0
D,357522,quiet_mid2,0.0000,S,0,44,0.0
D,357618,quiet_mid2,0.0000,S,0,44,0.0
D,357714,quiet_mid2,0.0000,S,0,44,0.0
D,357809,quiet_mid2,0.0000,S,0,44,0.0
D,357905,quiet_mid2,0.0000,S,0,44,0.0
D,358001,quiet_mid2,0.0000,S,0,44,0.0
D,358097,quiet_mid2,0.0000,S,0,44,0.0
D,358193,quiet_mid2,0.0000,S,0,44,0.0
D,358289,quiet_mid2,0.0000,S,0,44,0.0
D,358383,quiet_mid2,0.0000,S,0,44,0.0
D,358478,quiet_mid2,0.0000,S,0,44,0.0
D,358574,quiet_mid2,0.0000,S,0,44,0.0
D,358670,quiet_mid2,0.0000,S,0,44,0.0
D,358766,quiet_mid2,0.0000,S,0,44,0.0
D,358862,quiet_mid2,0.0000,S,0,44,0.0
D,358958,quiet_mid2,0.0000,S,0,44,0.0
D,359053,quiet_mid2,0.0000,S,0,44,0.0
D,359149,quiet_mid2,0.0000,S,0,44,0.0
D,359245,quiet_mid2,0.0000,S,0,44,0.0
D,359339,quiet_mid2,0.0000,S,0,44,0.0
D,359435,quiet_mid2,0.0000,S,0,44,0.0
D,359531,quiet_mid2,0.0000,S,0,44,0.0
D,359627,quiet_mid2,0.0000,S,0,44,0.0
D,359723,quiet_mid2,0.0000,S,0,44,0.0
D,359818,quiet_mid2,0.0000,S,0,44,0.0
D,359914,quiet_mid2,0.0000,S,0,44,0.0
D,360010,quiet_mid2,0.0000,S,0,44,0.0
D,360106,quiet_mid2,0.0000,S,0,44,0.0
D,360200,quiet_mid2,0.0000,S,0,44,0.0
D,360295,quiet_mid2,0.0000,S,0,44,0.0
D,360391,quiet_mid2,0.0000,S,0,44,0.0
D,360487,quiet_mid2,0.0000,S,0,44,0.0
D,360583,quiet_mid2,0.0000,S,0,44,0.0
D,360679,quiet_mid2,0.0000,S,0,44,0.0
D,360775,quiet_mid2,0.0000,S,0,44,0.0
D,360870,quiet_mid2,0.0000,S,0,44,0.0
D,360966,quiet_mid2,0.0000,S,0,44,0.0
D,361060,quiet_mid2,0.0000,S,0,44,0.0
D,361156,quiet_mid2,0.0000,S,0,44,0.0
D,361252,quiet_mid2,0.0000,S,0,44,0.0
D,361348,quiet_mid2,0.0000,S,0,44,0.0
D,361444,quiet_mid2,0.0000,S,0,44,0.0
D,361539,quiet_mid2,0.0000,S,0,44,0.0
D,361635,quiet_mid2,0.0000,S,0,44,0.0
D,361731,quiet_mid2,0.0000,S,0,44,0.0
D,361827,quiet_mid2,0.0000,S,0,44,0.0
D,361923,quiet_mid2,0.0000,S,0,44,0.0
D,362017,quiet_mid2,0.0000,S,0,44,0.0
D,362113,quiet_mid2,0.0000,S,0,44,0.0
D,362208,quiet_mid2,0.0000,S,0,44,0.0
D,362304,quiet_mid2,0.0000,S,0,44,0.0
D,362400,quiet_mid2,0.0000,S,0,44,0.0
D,362496,quiet_mid2,0.0000,S,0,44,0.0
D,362592,quiet_mid2,0.0000,S,0,44,0.0
D,362688,quiet_mid2,0.0000,S,0,44,0.0
D,362783,quiet_mid2,0.0000,S,0,44,0.0
D,362877,quiet_mid2,0.0000,S,0,44,0.0
D,362973,quiet_mid2,0.0000,S,0,44,0.0
D,363069,quiet_mid2,0.0000,S,0,44,0.0
D,363165,quiet_mid2,0.0000,S,0,44,0.0
D,363261,quiet_mid2,0.0000,S,0,44,0.0
D,363357,quiet_mid2,0.0000,S,0,44,0.0
D,363452,quiet_mid2,0.0000,S,0,44,0.0
D,363548,quiet_mid2,0.0000,S,0,44,0.0
D,363644,quiet_mid2,0.0000,S,0,44,0.0
D,363738,quiet_mid2,0.0000,S,0,44,0.0
D,363834,quiet_mid2,0.0000,S,0,44,0.0
D,363930,quiet_mid2,0.0000,S,0,44,0.0
D,364026,quiet_mid2,0.0000,S,0,44,0.0
D,364121,quiet_mid2,0.0000,S,0,44,0.0
D,364217,quiet_mid2,0.0000,S,0,44,0.0
D,364313,quiet_mid2,0.0000,S,0,44,0.0
D,364409,quiet_mid2,0.0000,S,0,44,0.0
D,364505,quiet_mid2,0.0000,S,0,44,0.0
D,364599,quiet_mid2,0.0000,S,0,44,0.0
D,364694,quiet_mid2,0.0000,S,0,44,0.0
D,364790,quiet_mid2,0.0000,S,0,44,0.0
D,364886,quiet_mid2,0.0000,S,0,44,0.0
D,364982,quiet_mid2,0.0000,S,0,44,0.0
D,365078,quiet_mid2,0.0000,S,0,44,0.0
D,365174,quiet_mid2,0.0000,S,0,44,0.0
D,365270,quiet_mid2,0.0000,S,0,44,0.0
D,365365,quiet_mid2,0.0000,S,0,44,0.0
D,365461,quiet_mid2,0.0000,S,0,44,0.0
D,365555,quiet_mid2,0.0000,S,0,44,0.0
D,365651,quiet_mid2,0.0000,S,0,44,0.0
D,365747,quiet_mid2,0.0000,S,0,44,0.0
D,365843,quiet_mid2,0.0000,S,0,44,0.0
D,365938,quiet_mid2,0.0000,S,0,44,0.0
D,366034,quiet_mid2,0.0000,S,0,44,0.0
D,366130,quiet_mid2,0.0000,S,0,44,0.0
D,366226,quiet_mid2,0.0000,S,0,44,0.0
D,366322,quiet_mid2,0.0000,S,0,44,0.0
D,366416,quiet_mid2,0.0000,S,0,44,0.0
D,366524,quiet_mid2,0.0000,S,0,44,0.0
D,366703,quiet_mid2,0.0000,S,0,44,0.0
D,366799,quiet_mid2,0.0000,S,0,44,0.0
D,366895,quiet_mid2,0.0000,S,0,44,0.0
D,366991,quiet_mid2,0.0000,S,0,44,0.0
D,367086,quiet_mid2,0.0000,S,0,44,0.0
D,367182,quiet_mid2,0.0000,S,0,44,0.0
D,367276,quiet_mid2,0.0000,S,0,44,0.0
D,367372,quiet_mid2,0.0000,S,0,44,0.0
D,367468,quiet_mid2,0.0000,S,0,44,0.0
D,367564,quiet_mid2,0.0000,S,0,44,0.0
D,367660,quiet_mid2,0.0000,S,0,44,0.0
D,367755,quiet_mid2,0.0000,S,0,44,0.0
D,367851,quiet_mid2,0.0000,S,0,44,0.0
D,367947,quiet_mid2,0.0000,S,0,44,0.0
D,368043,quiet_mid2,0.0000,S,0,44,0.0
D,368137,quiet_mid2,0.0000,S,0,44,0.0
D,368233,quiet_mid2,0.0000,S,0,44,0.0
D,368329,quiet_mid2,0.0000,S,0,44,0.0
D,368424,quiet_mid2,0.0000,S,0,44,0.0
D,368520,quiet_mid2,0.0000,S,0,44,0.0
D,368616,quiet_mid2,0.0000,S,0,44,0.0
D,368712,quiet_mid2,0.0000,S,0,44,0.0
D,368808,quiet_mid2,0.0000,S,0,44,0.0
D,368904,quiet_mid2,0.0000,S,0,44,0.0
D,369000,quiet_mid2,0.0000,S,0,44,0.0
D,369093,quiet_mid2,0.0000,S,0,44,0.0
D,369189,quiet_mid2,0.0000,S,0,44,0.0
D,369285,quiet_mid2,0.0000,S,0,44,0.0
D,369381,quiet_mid2,0.0000,S,0,44,0.0
D,369477,quiet_mid2,0.0000,S,0,44,0.0
D,369573,quiet_mid2,0.0000,S,0,44,0.0
D,369668,quiet_mid2,0.0000,S,0,44,0.0
D,369764,quiet_mid2,0.0000,S,0,44,0.0
D,369860,quiet_mid2,0.0000,S,0,44,0.0
D,369954,quiet_mid2,0.0000,S,0,44,0.0
D,370050,quiet_mid2,0.0000,S,0,44,0.0
D,370146,quiet_mid2,0.0000,S,0,44,0.0
D,370241,quiet_mid2,0.0000,S,0,44,0.0
D,370338,quiet_mid2,0.0000,S,0,44,0.0
D,370433,quiet_mid2,0.0000,S,0,44,0.0
D,370529,quiet_mid2,0.0000,S,0,44,0.0
D,370625,quiet_mid2,0.0000,S,0,44,0.0
D,370721,quiet_mid2,0.0000,S,0,44,0.0
D,370815,quiet_mid2,0.0000,S,0,44,0.0
D,370910,quiet_mid2,0.0000,S,0,44,0.0
D,371006,quiet_mid2,0.0000,S,0,44,0.0
D,371102,quiet_mid2,0.0000,S,0,44,0.0
D,371198,quiet_mid2,0.0000,S,0,44,0.0
D,371294,quiet_mid2,0.0000,S,0,44,0.0
D,371390,quiet_mid2,0.0000,S,0,44,0.0
D,371485,quiet_mid2,0.0000,S,0,44,0.0
D,371581,quiet_mid2,0.0000,S,0,44,0.0
D,371677,quiet_mid2,0.0000,S,0,44,0.0
D,371771,quiet_mid2,0.0000,S,0,44,0.0
D,371867,quiet_mid2,0.0000,S,0,44,0.0
D,371963,quiet_mid2,0.0000,S,0,44,0.0
D,372059,quiet_mid2,0.0000,S,0,44,0.0
D,372154,quiet_mid2,0.0000,S,0,44,0.0
D,372250,quiet_mid2,0.0000,S,0,44,0.0
D,372346,quiet_mid2,0.0000,S,0,44,0.0
D,372442,quiet_mid2,0.0000,S,0,44,0.0
D,372538,quiet_mid2,0.0000,S,0,44,0.0
D,372632,quiet_mid2,0.0000,S,0,44,0.0
D,372727,quiet_mid2,0.0000,S,0,44,0.0
D,372823,quiet_mid2,0.0000,S,0,44,0.0
D,372919,quiet_mid2,0.0000,S,0,44,0.0
D,373015,quiet_mid2,0.0000,S,0,44,0.0
D,373111,quiet_mid2,0.0000,S,0,44,0.0
D,373207,quiet_mid2,0.0000,S,0,44,0.0
D,373303,quiet_mid2,0.0000,S,0,44,0.0
D,373398,quiet_mid2,0.0000,S,0,44,0.0
D,373492,quiet_mid2,0.0000,S,0,44,0.0
D,373588,quiet_mid2,0.0000,S,0,44,0.0
D,373684,quiet_mid2,0.0000,S,0,44,0.0
E,373746,BLOCK_END,quiet_mid2
E,373749,BLOCK_START,auger15_p1
D,373780,auger15_p1,0.0000,S,15,44,0.0
D,373876,auger15_p1,0.0000,S,15,44,0.0
D,373972,auger15_p1,0.0000,S,15,44,0.0
D,374068,auger15_p1,0.0000,S,15,44,0.0
D,374163,auger15_p1,0.0000,S,15,44,0.0
D,374259,auger15_p1,0.0000,S,15,44,0.0
D,374353,auger15_p1,0.0000,S,15,44,0.0
D,374449,auger15_p1,0.0000,S,15,44,0.0
D,374545,auger15_p1,0.0000,S,15,44,0.0
D,374640,auger15_p1,0.0000,S,15,44,0.0
D,374736,auger15_p1,0.0000,S,15,44,0.0
D,374832,auger15_p1,0.0000,S,15,44,0.0
D,374928,auger15_p1,0.0000,S,15,44,0.0
D,375024,auger15_p1,0.0000,S,15,44,0.0
D,375120,auger15_p1,0.0000,S,15,44,0.0
D,375216,auger15_p1,0.0000,S,15,44,0.0
D,375309,auger15_p1,0.0000,S,15,44,0.0
D,375405,auger15_p1,0.0000,S,15,44,0.0
D,375501,auger15_p1,0.0000,S,15,44,0.0
D,375597,auger15_p1,0.0000,S,15,44,0.0
D,375693,auger15_p1,0.0000,S,15,44,0.0
D,375789,auger15_p1,0.0000,S,15,44,0.0
D,375885,auger15_p1,0.0000,S,15,44,0.0
D,375980,auger15_p1,0.0000,S,15,44,0.0
D,376076,auger15_p1,0.0000,S,15,44,0.0
D,376170,auger15_p1,0.0000,S,15,44,0.0
D,376266,auger15_p1,0.0000,S,15,44,0.0
D,376362,auger15_p1,0.0000,S,15,44,0.0
D,376458,auger15_p1,0.0000,S,15,44,0.0
D,376553,auger15_p1,0.0000,S,15,44,0.0
D,376649,auger15_p1,0.0000,S,15,44,0.0
D,376745,auger15_p1,0.0000,S,15,44,0.0
D,376841,auger15_p1,0.0000,S,15,44,0.0
D,376937,auger15_p1,0.0000,S,15,44,0.0
D,377031,auger15_p1,0.0000,S,15,44,0.0
D,377127,auger15_p1,0.0000,S,15,44,0.0
D,377222,auger15_p1,0.0000,S,15,44,0.0
D,377318,auger15_p1,0.0000,S,15,44,0.0
D,377414,auger15_p1,0.0000,S,15,44,0.0
D,377510,auger15_p1,0.0000,S,15,44,0.0
D,377606,auger15_p1,0.0000,S,15,44,0.0
D,377702,auger15_p1,0.0000,S,15,44,0.0
D,377797,auger15_p1,0.0000,S,15,44,0.0
D,377893,auger15_p1,0.0000,S,15,44,0.0
D,377987,auger15_p1,0.0000,S,15,44,0.0
D,378083,auger15_p1,0.0000,S,15,44,0.0
D,378179,auger15_p1,0.0000,S,15,44,0.0
D,378275,auger15_p1,0.0000,S,15,44,0.0
D,378370,auger15_p1,0.0000,S,15,44,0.0
D,378466,auger15_p1,0.0000,S,15,44,0.0
D,378567,auger15_p1,0.0000,S,15,44,0.0
D,378658,auger15_p1,0.0000,S,15,44,0.0
D,378754,auger15_p1,0.0000,S,15,44,0.0
D,378848,auger15_p1,0.0000,S,15,44,0.0
D,378944,auger15_p1,0.0000,S,15,44,0.0
D,379039,auger15_p1,0.0000,S,15,44,0.0
D,379135,auger15_p1,0.0000,S,15,44,0.0
D,379231,auger15_p1,0.0000,S,15,44,0.0
D,379327,auger15_p1,0.0000,S,15,44,0.0
D,379423,auger15_p1,0.0000,S,15,44,0.0
D,379519,auger15_p1,0.0000,S,15,44,0.0
D,379614,auger15_p1,0.0000,S,15,44,0.0
D,379709,auger15_p1,0.0000,S,15,44,0.0
D,379804,auger15_p1,0.0000,S,15,44,0.0
D,379900,auger15_p1,0.0000,S,15,44,0.0
D,379996,auger15_p1,0.0000,S,15,44,0.0
D,380092,auger15_p1,0.0000,S,15,44,0.0
D,380188,auger15_p1,0.0000,S,15,44,0.0
D,380283,auger15_p1,0.0000,S,15,44,0.0
D,380379,auger15_p1,0.0000,S,15,44,0.0
D,380475,auger15_p1,0.0000,S,15,44,0.0
D,380569,auger15_p1,0.0000,S,15,44,0.0
D,380665,auger15_p1,0.0000,S,15,44,0.0
D,380761,auger15_p1,0.0000,S,15,44,0.0
D,380856,auger15_p1,0.0000,S,15,44,0.0
D,380952,auger15_p1,0.0000,S,15,44,0.0
D,381048,auger15_p1,0.0000,S,15,44,0.0
D,381144,auger15_p1,0.0000,S,15,44,0.0
D,381240,auger15_p1,0.0000,S,15,44,0.0
D,381336,auger15_p1,0.0000,S,15,44,0.0
D,381432,auger15_p1,0.0000,S,15,44,0.0
D,381525,auger15_p1,0.0000,S,15,44,0.0
D,381621,auger15_p1,0.0000,S,15,44,0.0
D,381717,auger15_p1,0.0000,S,15,44,0.0
D,381813,auger15_p1,0.0000,S,15,44,0.0
D,381909,auger15_p1,0.0000,S,15,44,0.0
D,382005,auger15_p1,0.0000,S,15,44,0.0
D,382101,auger15_p1,0.0000,S,15,44,0.0
D,382196,auger15_p1,0.0000,S,15,44,0.0
D,382292,auger15_p1,0.0000,S,15,44,0.0
D,382386,auger15_p1,0.0000,S,15,44,0.0
D,382482,auger15_p1,0.0000,S,15,44,0.0
D,382578,auger15_p1,0.0000,S,15,44,0.0
D,382673,auger15_p1,0.0000,S,15,44,0.0
D,382769,auger15_p1,0.0000,S,15,44,0.0
D,382865,auger15_p1,0.0000,S,15,44,0.0
D,382961,auger15_p1,0.0000,S,15,44,0.0
D,383057,auger15_p1,0.0000,S,15,44,0.0
D,383153,auger15_p1,0.0000,S,15,44,0.0
D,383247,auger15_p1,0.0000,S,15,44,0.0
D,383342,auger15_p1,0.0000,S,15,44,0.0
D,383438,auger15_p1,0.0000,S,15,44,0.0
D,383534,auger15_p1,0.0000,S,15,44,0.0
D,383630,auger15_p1,0.0000,S,15,44,0.0
D,383726,auger15_p1,0.0000,S,15,44,0.0
D,383822,auger15_p1,0.0000,S,15,44,0.0
D,383918,auger15_p1,0.0000,S,15,44,0.0
D,384014,auger15_p1,0.0000,S,15,44,0.0
D,384109,auger15_p1,0.0000,S,15,44,0.0
D,384203,auger15_p1,0.0000,S,15,44,0.0
D,384299,auger15_p1,0.0000,S,15,44,0.0
D,384395,auger15_p1,0.0000,S,15,44,0.0
D,384491,auger15_p1,0.0000,S,15,44,0.0
D,384586,auger15_p1,0.0000,S,15,44,0.0
D,384682,auger15_p1,0.0000,S,15,44,0.0
D,384778,auger15_p1,0.0000,S,15,44,0.0
D,384874,auger15_p1,0.0000,S,15,44,0.0
D,384970,auger15_p1,0.0000,S,15,44,0.0
D,385064,auger15_p1,0.0000,S,15,44,0.0
D,385160,auger15_p1,0.0000,S,15,44,0.0
D,385255,auger15_p1,0.0000,S,15,44,0.0
D,385352,auger15_p1,-0.0001,S,15,44,0.0
D,385447,auger15_p1,0.0000,S,15,44,0.0
D,385543,auger15_p1,0.0000,S,15,44,0.0
D,385639,auger15_p1,0.0000,S,15,44,0.0
D,385735,auger15_p1,0.0000,S,15,44,0.0
D,385831,auger15_p1,0.0000,S,15,44,0.0
D,385924,auger15_p1,0.0000,S,15,44,0.0
D,386020,auger15_p1,0.0000,S,15,44,0.0
D,386116,auger15_p1,0.0000,S,15,44,0.0
D,386212,auger15_p1,0.0000,S,15,44,0.0
D,386308,auger15_p1,0.0000,S,15,44,0.0
D,386404,auger15_p1,0.0000,S,15,44,0.0
D,386500,auger15_p1,0.0000,S,15,44,0.0
D,386595,auger15_p1,0.0000,S,15,44,0.0
D,386691,auger15_p1,0.0000,S,15,44,0.0
D,386785,auger15_p1,0.0000,S,15,44,0.0
D,386881,auger15_p1,0.0000,S,15,44,0.0
D,386977,auger15_p1,0.0000,S,15,44,0.0
D,387073,auger15_p1,0.0000,S,15,44,0.0
D,387168,auger15_p1,0.0000,S,15,44,0.0
D,387264,auger15_p1,0.0000,S,15,44,0.0
D,387360,auger15_p1,0.0000,S,15,44,0.0
D,387456,auger15_p1,0.0000,S,15,44,0.0
D,387552,auger15_p1,0.0000,S,15,44,0.0
D,387648,auger15_p1,0.0000,S,15,44,0.0
D,387741,auger15_p1,0.0000,S,15,44,0.0
D,387837,auger15_p1,0.0000,S,15,44,0.0
D,387933,auger15_p1,0.0000,S,15,44,0.0
D,388029,auger15_p1,0.0000,S,15,44,0.0
D,388125,auger15_p1,0.0000,S,15,44,0.0
D,388221,auger15_p1,0.0000,S,15,44,0.0
D,388317,auger15_p1,0.0000,S,15,44,0.0
D,388412,auger15_p1,0.0000,S,15,44,0.0
D,388508,auger15_p1,0.0000,S,15,44,0.0
D,388602,auger15_p1,0.0000,S,15,44,0.0
D,388698,auger15_p1,0.0000,S,15,44,0.0
E,388762,BLOCK_END,auger15_p1
E,388764,BLOCK_START,post_auger15_p1
D,388794,post_auger15_p1,0.0000,S,0,44,0.0
D,388890,post_auger15_p1,0.0000,S,0,44,0.0
D,388986,post_auger15_p1,0.0000,S,0,44,0.0
D,389081,post_auger15_p1,0.0000,S,0,44,0.0
D,389177,post_auger15_p1,0.0000,S,0,44,0.0
D,389273,post_auger15_p1,0.0000,S,0,44,0.0
D,389369,post_auger15_p1,0.0000,S,0,44,0.0
D,389463,post_auger15_p1,0.0000,S,0,44,0.0
D,389559,post_auger15_p1,0.0000,S,0,44,0.0
D,389654,post_auger15_p1,0.0000,S,0,44,0.0
D,389750,post_auger15_p1,0.0000,S,0,44,0.0
D,389846,post_auger15_p1,0.0000,S,0,44,0.0
D,389942,post_auger15_p1,0.0000,S,0,44,0.0
D,390050,post_auger15_p1,0.0001,S,0,44,0.0
D,390229,post_auger15_p1,0.0000,S,0,44,0.0
D,390326,post_auger15_p1,0.0000,S,0,44,0.0
D,390419,post_auger15_p1,0.0000,S,0,44,0.0
D,390515,post_auger15_p1,0.0000,S,0,44,0.0
D,390611,post_auger15_p1,0.0000,S,0,44,0.0
D,390707,post_auger15_p1,0.0000,S,0,44,0.0
D,390803,post_auger15_p1,0.0000,S,0,44,0.0
D,390898,post_auger15_p1,0.0000,S,0,44,0.0
D,390994,post_auger15_p1,0.0000,S,0,44,0.0
D,391091,post_auger15_p1,0.0001,S,0,44,0.0
D,391186,post_auger15_p1,0.0000,S,0,44,0.0
D,391280,post_auger15_p1,0.0000,S,0,44,0.0
D,391376,post_auger15_p1,0.0000,S,0,44,0.0
D,391471,post_auger15_p1,0.0000,S,0,44,0.0
D,391567,post_auger15_p1,0.0000,S,0,44,0.0
D,391663,post_auger15_p1,0.0000,S,0,44,0.0
D,391759,post_auger15_p1,0.0000,S,0,44,0.0
D,391855,post_auger15_p1,0.0000,S,0,44,0.0
D,391951,post_auger15_p1,0.0000,S,0,44,0.0
D,392047,post_auger15_p1,0.0000,S,0,44,0.0
D,392140,post_auger15_p1,0.0000,S,0,44,0.0
D,392236,post_auger15_p1,0.0000,S,0,44,0.0
D,392332,post_auger15_p1,0.0000,S,0,44,0.0
D,392428,post_auger15_p1,0.0000,S,0,44,0.0
D,392524,post_auger15_p1,0.0000,S,0,44,0.0
D,392620,post_auger15_p1,0.0000,S,0,44,0.0
D,392715,post_auger15_p1,0.0000,S,0,44,0.0
D,392811,post_auger15_p1,0.0000,S,0,44,0.0
D,392907,post_auger15_p1,0.0000,S,0,44,0.0
D,393001,post_auger15_p1,0.0000,S,0,44,0.0
D,393097,post_auger15_p1,0.0000,S,0,44,0.0
D,393193,post_auger15_p1,0.0000,S,0,44,0.0
D,393288,post_auger15_p1,0.0000,S,0,44,0.0
D,393385,post_auger15_p1,0.0000,S,0,44,0.0
D,393480,post_auger15_p1,0.0000,S,0,44,0.0
D,393576,post_auger15_p1,0.0000,S,0,44,0.0
D,393672,post_auger15_p1,0.0000,S,0,44,0.0
D,393768,post_auger15_p1,0.0000,S,0,44,0.0
D,393864,post_auger15_p1,0.0000,S,0,44,0.0
D,393957,post_auger15_p1,0.0000,S,0,44,0.0
D,394053,post_auger15_p1,0.0000,S,0,44,0.0
D,394149,post_auger15_p1,0.0000,S,0,44,0.0
D,394245,post_auger15_p1,0.0000,S,0,44,0.0
D,394341,post_auger15_p1,0.0000,S,0,44,0.0
D,394437,post_auger15_p1,0.0000,S,0,44,0.0
D,394533,post_auger15_p1,0.0000,S,0,44,0.0
D,394628,post_auger15_p1,0.0000,S,0,44,0.0
D,394724,post_auger15_p1,0.0000,S,0,44,0.0
D,394818,post_auger15_p1,0.0000,S,0,44,0.0
D,394914,post_auger15_p1,0.0000,S,0,44,0.0
D,395010,post_auger15_p1,0.0000,S,0,44,0.0
D,395106,post_auger15_p1,0.0000,S,0,44,0.0
D,395202,post_auger15_p1,0.0000,S,0,44,0.0
D,395297,post_auger15_p1,0.0000,S,0,44,0.0
D,395393,post_auger15_p1,0.0000,S,0,44,0.0
D,395489,post_auger15_p1,0.0000,S,0,44,0.0
D,395585,post_auger15_p1,0.0000,S,0,44,0.0
D,395679,post_auger15_p1,0.0000,S,0,44,0.0
D,395775,post_auger15_p1,0.0000,S,0,44,0.0
D,395870,post_auger15_p1,0.0000,S,0,44,0.0
D,395966,post_auger15_p1,0.0000,S,0,44,0.0
D,396062,post_auger15_p1,0.0000,S,0,44,0.0
D,396158,post_auger15_p1,0.0000,S,0,44,0.0
D,396254,post_auger15_p1,0.0000,S,0,44,0.0
D,396350,post_auger15_p1,0.0000,S,0,44,0.0
D,396446,post_auger15_p1,0.0000,S,0,44,0.0
D,396541,post_auger15_p1,0.0000,S,0,44,0.0
D,396635,post_auger15_p1,0.0000,S,0,44,0.0
D,396731,post_auger15_p1,0.0000,S,0,44,0.0
D,396827,post_auger15_p1,0.0000,S,0,44,0.0
D,396923,post_auger15_p1,0.0000,S,0,44,0.0
D,397019,post_auger15_p1,0.0000,S,0,44,0.0
D,397115,post_auger15_p1,0.0000,S,0,44,0.0
D,397210,post_auger15_p1,0.0000,S,0,44,0.0
D,397306,post_auger15_p1,0.0000,S,0,44,0.0
D,397402,post_auger15_p1,0.0000,S,0,44,0.0
D,397496,post_auger15_p1,0.0000,S,0,44,0.0
D,397592,post_auger15_p1,0.0000,S,0,44,0.0
D,397687,post_auger15_p1,0.0000,S,0,44,0.0
D,397783,post_auger15_p1,0.0000,S,0,44,0.0
D,397879,post_auger15_p1,0.0000,S,0,44,0.0
D,397975,post_auger15_p1,0.0000,S,0,44,0.0
D,398071,post_auger15_p1,0.0000,S,0,44,0.0
D,398167,post_auger15_p1,0.0000,S,0,44,0.0
D,398263,post_auger15_p1,0.0000,S,0,44,0.0
D,398357,post_auger15_p1,0.0000,S,0,44,0.0
D,398452,post_auger15_p1,0.0000,S,0,44,0.0
D,398548,post_auger15_p1,0.0000,S,0,44,0.0
D,398644,post_auger15_p1,0.0000,S,0,44,0.0
D,398740,post_auger15_p1,0.0000,S,0,44,0.0
D,398836,post_auger15_p1,0.0000,S,0,44,0.0
D,398932,post_auger15_p1,0.0000,S,0,44,0.0
D,399027,post_auger15_p1,0.0000,S,0,44,0.0
D,399123,post_auger15_p1,0.0000,S,0,44,0.0
D,399217,post_auger15_p1,0.0000,S,0,44,0.0
D,399313,post_auger15_p1,0.0000,S,0,44,0.0
D,399409,post_auger15_p1,0.0000,S,0,44,0.0
D,399505,post_auger15_p1,0.0000,S,0,44,0.0
D,399600,post_auger15_p1,0.0000,S,0,44,0.0
D,399696,post_auger15_p1,0.0000,S,0,44,0.0
D,399792,post_auger15_p1,0.0000,S,0,44,0.0
D,399888,post_auger15_p1,0.0000,S,0,44,0.0
D,399984,post_auger15_p1,0.0000,S,0,44,0.0
D,400080,post_auger15_p1,0.0000,S,0,44,0.0
D,400174,post_auger15_p1,0.0000,S,0,44,0.0
D,400269,post_auger15_p1,0.0000,S,0,44,0.0
D,400365,post_auger15_p1,0.0000,S,0,44,0.0
D,400461,post_auger15_p1,0.0000,S,0,44,0.0
D,400557,post_auger15_p1,0.0000,S,0,44,0.0
D,400653,post_auger15_p1,0.0000,S,0,44,0.0
D,400749,post_auger15_p1,0.0000,S,0,44,0.0
D,400844,post_auger15_p1,0.0000,S,0,44,0.0
D,400940,post_auger15_p1,0.0000,S,0,44,0.0
D,401034,post_auger15_p1,0.0000,S,0,44,0.0
D,401130,post_auger15_p1,0.0000,S,0,44,0.0
D,401226,post_auger15_p1,0.0000,S,0,44,0.0
D,401322,post_auger15_p1,0.0000,S,0,44,0.0
D,401418,post_auger15_p1,0.0000,S,0,44,0.0
D,401513,post_auger15_p1,0.0000,S,0,44,0.0
D,401609,post_auger15_p1,0.0000,S,0,44,0.0
D,401705,post_auger15_p1,0.0000,S,0,44,0.0
D,401801,post_auger15_p1,0.0000,S,0,44,0.0
D,401895,post_auger15_p1,0.0000,S,0,44,0.0
D,401991,post_auger15_p1,0.0000,S,0,44,0.0
D,402086,post_auger15_p1,0.0000,S,0,44,0.0
D,402187,post_auger15_p1,0.0000,S,0,44,0.0
D,402278,post_auger15_p1,0.0000,S,0,44,0.0
D,402374,post_auger15_p1,0.0000,S,0,44,0.0
D,402470,post_auger15_p1,0.0000,S,0,44,0.0
D,402566,post_auger15_p1,0.0000,S,0,44,0.0
D,402661,post_auger15_p1,0.0000,S,0,44,0.0
D,402757,post_auger15_p1,0.0000,S,0,44,0.0
D,402851,post_auger15_p1,0.0000,S,0,44,0.0
D,402947,post_auger15_p1,0.0000,S,0,44,0.0
D,403043,post_auger15_p1,0.0000,S,0,44,0.0
D,403139,post_auger15_p1,0.0000,S,0,44,0.0
D,403235,post_auger15_p1,0.0000,S,0,44,0.0
D,403330,post_auger15_p1,0.0000,S,0,44,0.0
D,403426,post_auger15_p1,0.0000,S,0,44,0.0
D,403522,post_auger15_p1,0.0000,S,0,44,0.0
D,403618,post_auger15_p1,0.0000,S,0,44,0.0
D,403712,post_auger15_p1,0.0000,S,0,44,0.0
E,403774,BLOCK_END,post_auger15_p1
E,403777,BLOCK_START,auger30_p1
D,403808,auger30_p1,0.0000,S,30,44,0.0
D,403903,auger30_p1,0.0000,S,30,44,0.0
D,404000,auger30_p1,0.0000,S,30,44,0.0
D,404095,auger30_p1,0.0000,S,30,44,0.0
D,404191,auger30_p1,0.0000,S,30,44,0.0
D,404287,auger30_p1,0.0000,S,30,44,0.0
D,404383,auger30_p1,0.0000,S,30,44,0.0
D,404479,auger30_p1,0.0000,S,30,44,0.0
D,404572,auger30_p1,0.0000,S,30,44,0.0
D,404668,auger30_p1,0.0000,S,30,44,0.0
D,404764,auger30_p1,0.0000,S,30,44,0.0
D,404860,auger30_p1,0.0000,S,30,44,0.0
D,404956,auger30_p1,0.0000,S,30,44,0.0
D,405052,auger30_p1,0.0000,S,30,44,0.0
D,405148,auger30_p1,0.0000,S,30,44,0.0
D,405243,auger30_p1,0.0000,S,30,44,0.0
D,405339,auger30_p1,0.0000,S,30,44,0.0
D,405433,auger30_p1,0.0000,S,30,44,0.0
D,405529,auger30_p1,0.0000,S,30,44,0.0
D,405625,auger30_p1,0.0000,S,30,44,0.0
D,405721,auger30_p1,0.0000,S,30,44,0.0
D,405816,auger30_p1,0.0000,S,30,44,0.0
D,405912,auger30_p1,0.0000,S,30,44,0.0
D,406008,auger30_p1,0.0000,S,30,44,0.0
D,406104,auger30_p1,0.0000,S,30,44,0.0
D,406200,auger30_p1,0.0000,S,30,44,0.0
D,406296,auger30_p1,0.0000,S,30,44,0.0
D,406389,auger30_p1,0.0000,S,30,44,0.0
D,406485,auger30_p1,0.0000,S,30,44,0.0
D,406581,auger30_p1,0.0000,S,30,44,0.0
D,406677,auger30_p1,0.0000,S,30,44,0.0
D,406773,auger30_p1,0.0000,S,30,44,0.0
D,406869,auger30_p1,0.0000,S,30,44,0.0
D,406965,auger30_p1,0.0000,S,30,44,0.0
D,407060,auger30_p1,0.0000,S,30,44,0.0
D,407156,auger30_p1,0.0000,S,30,44,0.0
D,407250,auger30_p1,0.0000,S,30,44,0.0
D,407346,auger30_p1,0.0000,S,30,44,0.0
D,407442,auger30_p1,0.0000,S,30,44,0.0
D,407538,auger30_p1,0.0000,S,30,44,0.0
D,407634,auger30_p1,0.0000,S,30,44,0.0
D,407729,auger30_p1,0.0000,S,30,44,0.0
D,407825,auger30_p1,0.0000,S,30,44,0.0
D,407921,auger30_p1,0.0000,S,30,44,0.0
D,408017,auger30_p1,0.0000,S,30,44,0.0
D,408111,auger30_p1,0.0000,S,30,44,0.0
D,408207,auger30_p1,0.0000,S,30,44,0.0
D,408303,auger30_p1,0.0000,S,30,44,0.0
D,408398,auger30_p1,0.0000,S,30,44,0.0
D,408494,auger30_p1,0.0000,S,30,44,0.0
D,408590,auger30_p1,0.0000,S,30,44,0.0
D,408686,auger30_p1,0.0000,S,30,44,0.0
D,408782,auger30_p1,0.0000,S,30,44,0.0
D,408878,auger30_p1,0.0000,S,30,44,0.0
D,408973,auger30_p1,0.0000,S,30,44,0.0
D,409067,auger30_p1,0.0000,S,30,44,0.0
D,409163,auger30_p1,0.0000,S,30,44,0.0
D,409259,auger30_p1,0.0000,S,30,44,0.0
D,409355,auger30_p1,0.0000,S,30,44,0.0
D,409451,auger30_p1,0.0000,S,30,44,0.0
D,409547,auger30_p1,0.0000,S,30,44,0.0
D,409642,auger30_p1,0.0000,S,30,44,0.0
D,409738,auger30_p1,0.0000,S,30,44,0.0
D,409834,auger30_p1,0.0000,S,30,44,0.0
D,409928,auger30_p1,0.0000,S,30,44,0.0
D,410024,auger30_p1,0.0000,S,30,44,0.0
D,410119,auger30_p1,0.0000,S,30,44,0.0
D,410215,auger30_p1,0.0000,S,30,44,0.0
D,410311,auger30_p1,0.0000,S,30,44,0.0
D,410407,auger30_p1,0.0000,S,30,44,0.0
D,410503,auger30_p1,0.0000,S,30,44,0.0
D,410599,auger30_p1,0.0000,S,30,44,0.0
D,410695,auger30_p1,0.0000,S,30,44,0.0
D,410788,auger30_p1,0.0000,S,30,44,0.0
D,410884,auger30_p1,0.0000,S,30,44,0.0
D,410980,auger30_p1,0.0000,S,30,44,0.0
D,411076,auger30_p1,0.0000,S,30,44,0.0
D,411172,auger30_p1,0.0000,S,30,44,0.0
D,411268,auger30_p1,0.0000,S,30,44,0.0
D,411364,auger30_p1,0.0000,S,30,44,0.0
D,411459,auger30_p1,0.0000,S,30,44,0.0
D,411555,auger30_p1,0.0000,S,30,44,0.0
D,411649,auger30_p1,0.0000,S,30,44,0.0
D,411745,auger30_p1,0.0000,S,30,44,0.0
D,411841,auger30_p1,0.0000,S,30,44,0.0
D,411937,auger30_p1,0.0000,S,30,44,0.0
D,412033,auger30_p1,0.0000,S,30,44,0.0
D,412128,auger30_p1,0.0000,S,30,44,0.0
D,412224,auger30_p1,0.0000,S,30,44,0.0
D,412320,auger30_p1,0.0000,S,30,44,0.0
D,412416,auger30_p1,0.0000,S,30,44,0.0
D,412512,auger30_p1,0.0000,S,30,44,0.0
D,412606,auger30_p1,0.0000,S,30,44,0.0
D,412701,auger30_p1,0.0000,S,30,44,0.0
D,412797,auger30_p1,0.0000,S,30,44,0.0
D,412893,auger30_p1,0.0000,S,30,44,0.0
D,412989,auger30_p1,0.0000,S,30,44,0.0
D,413085,auger30_p1,0.0000,S,30,44,0.0
D,413181,auger30_p1,0.0000,S,30,44,0.0
D,413276,auger30_p1,0.0000,S,30,44,0.0
D,413373,auger30_p1,0.0000,S,30,44,0.0
D,413466,auger30_p1,0.0000,S,30,44,0.0
D,413562,auger30_p1,0.0000,S,30,44,0.0
D,413670,auger30_p1,0.0000,S,30,44,0.0
D,413850,auger30_p1,0.0000,S,30,44,0.0
D,413945,auger30_p1,0.0000,S,30,44,0.0
D,414041,auger30_p1,0.0000,S,30,44,0.0
D,414137,auger30_p1,0.0000,S,30,44,0.0
D,414233,auger30_p1,0.0000,S,30,44,0.0
D,414327,auger30_p1,0.0000,S,30,44,0.0
D,414423,auger30_p1,0.0000,S,30,44,0.0
D,414518,auger30_p1,0.0000,S,30,44,0.0
D,414614,auger30_p1,0.0000,S,30,44,0.0
D,414710,auger30_p1,0.0000,S,30,44,0.0
D,414806,auger30_p1,0.0000,S,30,44,0.0
D,414902,auger30_p1,0.0000,S,30,44,0.0
D,414998,auger30_p1,0.0000,S,30,44,0.0
D,415094,auger30_p1,0.0000,S,30,44,0.0
D,415189,auger30_p1,0.0000,S,30,44,0.0
D,415283,auger30_p1,0.0000,S,30,44,0.0
D,415379,auger30_p1,0.0000,S,30,44,0.0
D,415475,auger30_p1,0.0000,S,30,44,0.0
D,415571,auger30_p1,0.0000,S,30,44,0.0
D,415667,auger30_p1,0.0000,S,30,44,0.0
D,415762,auger30_p1,0.0000,S,30,44,0.0
D,415858,auger30_p1,0.0000,S,30,44,0.0
D,415954,auger30_p1,0.0000,S,30,44,0.0
D,416050,auger30_p1,0.0000,S,30,44,0.0
D,416144,auger30_p1,0.0000,S,30,44,0.0
D,416240,auger30_p1,0.0000,S,30,44,0.0
D,416336,auger30_p1,0.0000,S,30,44,0.0
D,416432,auger30_p1,0.0000,S,30,44,0.0
D,416527,auger30_p1,0.0000,S,30,44,0.0
D,416623,auger30_p1,0.0000,S,30,44,0.0
D,416719,auger30_p1,0.0000,S,30,44,0.0
D,416815,auger30_p1,0.0000,S,30,44,0.0
D,416911,auger30_p1,0.0000,S,30,44,0.0
D,417004,auger30_p1,0.0000,S,30,44,0.0
D,417100,auger30_p1,0.0000,S,30,44,0.0
D,417196,auger30_p1,0.0000,S,30,44,0.0
D,417292,auger30_p1,0.0000,S,30,44,0.0
D,417388,auger30_p1,0.0000,S,30,44,0.0
D,417484,auger30_p1,0.0000,S,30,44,0.0
D,417580,auger30_p1,0.0000,S,30,44,0.0
D,417675,auger30_p1,0.0000,S,30,44,0.0
D,417771,auger30_p1,0.0000,S,30,44,0.0
D,417865,auger30_p1,0.0000,S,30,44,0.0
D,417961,auger30_p1,0.0000,S,30,44,0.0
D,418057,auger30_p1,0.0000,S,30,44,0.0
D,418153,auger30_p1,0.0000,S,30,44,0.0
D,418248,auger30_p1,0.0000,S,30,44,0.0
D,418344,auger30_p1,0.0000,S,30,44,0.0
D,418440,auger30_p1,0.0000,S,30,44,0.0
D,418536,auger30_p1,0.0000,S,30,44,0.0
D,418632,auger30_p1,0.0000,S,30,44,0.0
D,418728,auger30_p1,0.0000,S,30,44,0.0
E,418792,BLOCK_END,auger30_p1
E,418794,BLOCK_START,post_auger30_p1
D,418822,post_auger30_p1,0.0000,S,0,44,0.0
D,418917,post_auger30_p1,0.0000,S,0,44,0.0
D,419013,post_auger30_p1,0.0000,S,0,44,0.0
D,419109,post_auger30_p1,0.0000,S,0,44,0.0
D,419205,post_auger30_p1,0.0000,S,0,44,0.0
D,419301,post_auger30_p1,0.0000,S,0,44,0.0
D,419397,post_auger30_p1,0.0000,S,0,44,0.0
D,419493,post_auger30_p1,0.0000,S,0,44,0.0
D,419588,post_auger30_p1,0.0000,S,0,44,0.0
D,419682,post_auger30_p1,0.0000,S,0,44,0.0
D,419778,post_auger30_p1,0.0000,S,0,44,0.0
D,419874,post_auger30_p1,0.0000,S,0,44,0.0
D,419970,post_auger30_p1,0.0000,S,0,44,0.0
D,420066,post_auger30_p1,0.0000,S,0,44,0.0
D,420162,post_auger30_p1,0.0000,S,0,44,0.0
D,420257,post_auger30_p1,0.0000,S,0,44,0.0
D,420353,post_auger30_p1,0.0000,S,0,44,0.0
D,420449,post_auger30_p1,0.0000,S,0,44,0.0
D,420543,post_auger30_p1,0.0000,S,0,44,0.0
D,420639,post_auger30_p1,0.0000,S,0,44,0.0
D,420735,post_auger30_p1,0.0000,S,0,44,0.0
D,420830,post_auger30_p1,0.0000,S,0,44,0.0
D,420926,post_auger30_p1,0.0000,S,0,44,0.0
D,421022,post_auger30_p1,0.0000,S,0,44,0.0
D,421118,post_auger30_p1,0.0000,S,0,44,0.0
D,421214,post_auger30_p1,0.0000,S,0,44,0.0
D,421310,post_auger30_p1,0.0000,S,0,44,0.0
D,421406,post_auger30_p1,0.0000,S,0,44,0.0
D,421499,post_auger30_p1,0.0000,S,0,44,0.0
D,421595,post_auger30_p1,0.0000,S,0,44,0.0
D,421691,post_auger30_p1,0.0000,S,0,44,0.0
D,421787,post_auger30_p1,0.0000,S,0,44,0.0
D,421883,post_auger30_p1,0.0000,S,0,44,0.0
D,421979,post_auger30_p1,0.0000,S,0,44,0.0
D,422074,post_auger30_p1,0.0000,S,0,44,0.0
D,422170,post_auger30_p1,0.0000,S,0,44,0.0
D,422266,post_auger30_p1,0.0000,S,0,44,0.0
D,422360,post_auger30_p1,0.0000,S,0,44,0.0
D,422456,post_auger30_p1,0.0000,S,0,44,0.0
D,422552,post_auger30_p1,0.0000,S,0,44,0.0
D,422647,post_auger30_p1,0.0000,S,0,44,0.0
D,422743,post_auger30_p1,0.0000,S,0,44,0.0
D,422839,post_auger30_p1,0.0000,S,0,44,0.0
D,422935,post_auger30_p1,0.0000,S,0,44,0.0
D,423031,post_auger30_p1,0.0000,S,0,44,0.0
D,423127,post_auger30_p1,0.0000,S,0,44,0.0
D,423221,post_auger30_p1,0.0000,S,0,44,0.0
D,423316,post_auger30_p1,0.0000,S,0,44,0.0
D,423412,post_auger30_p1,0.0000,S,0,44,0.0
D,423508,post_auger30_p1,0.0000,S,0,44,0.0
D,423604,post_auger30_p1,0.0000,S,0,44,0.0
D,423700,post_auger30_p1,0.0000,S,0,44,0.0
D,423796,post_auger30_p1,0.0000,S,0,44,0.0
D,423891,post_auger30_p1,0.0000,S,0,44,0.0
D,423987,post_auger30_p1,0.0000,S,0,44,0.0
D,424081,post_auger30_p1,0.0000,S,0,44,0.0
D,424177,post_auger30_p1,0.0000,S,0,44,0.0
D,424273,post_auger30_p1,0.0000,S,0,44,0.0
D,424369,post_auger30_p1,0.0000,S,0,44,0.0
D,424465,post_auger30_p1,0.0000,S,0,44,0.0
D,424560,post_auger30_p1,0.0000,S,0,44,0.0
D,424656,post_auger30_p1,0.0000,S,0,44,0.0
D,424752,post_auger30_p1,0.0000,S,0,44,0.0
D,424848,post_auger30_p1,0.0000,S,0,44,0.0
D,424944,post_auger30_p1,0.0000,S,0,44,0.0
D,425038,post_auger30_p1,0.0000,S,0,44,0.0
D,425133,post_auger30_p1,0.0000,S,0,44,0.0
D,425229,post_auger30_p1,0.0000,S,0,44,0.0
D,425325,post_auger30_p1,0.0000,S,0,44,0.0
D,425433,post_auger30_p1,0.0000,S,0,44,0.0
D,425613,post_auger30_p1,0.0000,S,0,44,0.0
D,425708,post_auger30_p1,0.0000,S,0,44,0.0
D,425804,post_auger30_p1,0.0000,S,0,44,0.0
D,425898,post_auger30_p1,0.0000,S,0,44,0.0
D,425994,post_auger30_p1,0.0000,S,0,44,0.0
D,426090,post_auger30_p1,0.0000,S,0,44,0.0
D,426186,post_auger30_p1,0.0000,S,0,44,0.0
D,426282,post_auger30_p1,0.0000,S,0,44,0.0
D,426377,post_auger30_p1,0.0000,S,0,44,0.0
D,426473,post_auger30_p1,0.0000,S,0,44,0.0
D,426569,post_auger30_p1,0.0000,S,0,44,0.0
D,426665,post_auger30_p1,0.0000,S,0,44,0.0
D,426759,post_auger30_p1,0.0000,S,0,44,0.0
D,426855,post_auger30_p1,0.0000,S,0,44,0.0
D,426951,post_auger30_p1,0.0000,S,0,44,0.0
D,427046,post_auger30_p1,0.0000,S,0,44,0.0
D,427142,post_auger30_p1,0.0000,S,0,44,0.0
D,427238,post_auger30_p1,0.0000,S,0,44,0.0
D,427334,post_auger30_p1,0.0000,S,0,44,0.0
D,427430,post_auger30_p1,0.0000,S,0,44,0.0
D,427526,post_auger30_p1,0.0000,S,0,44,0.0
D,427619,post_auger30_p1,0.0000,S,0,44,0.0
D,427715,post_auger30_p1,0.0000,S,0,44,0.0
D,427811,post_auger30_p1,0.0000,S,0,44,0.0
D,427907,post_auger30_p1,0.0000,S,0,44,0.0
D,428003,post_auger30_p1,0.0000,S,0,44,0.0
D,428099,post_auger30_p1,0.0000,S,0,44,0.0
D,428195,post_auger30_p1,0.0000,S,0,44,0.0
D,428290,post_auger30_p1,0.0000,S,0,44,0.0
D,428386,post_auger30_p1,0.0000,S,0,44,0.0
D,428482,post_auger30_p1,0.0000,S,0,44,0.0
D,428576,post_auger30_p1,0.0000,S,0,44,0.0
D,428672,post_auger30_p1,0.0000,S,0,44,0.0
D,428768,post_auger30_p1,0.0000,S,0,44,0.0
D,428863,post_auger30_p1,0.0000,S,0,44,0.0
D,428959,post_auger30_p1,0.0000,S,0,44,0.0
D,429055,post_auger30_p1,0.0000,S,0,44,0.0
D,429151,post_auger30_p1,0.0000,S,0,44,0.0
D,429247,post_auger30_p1,0.0000,S,0,44,0.0
D,429343,post_auger30_p1,0.0000,S,0,44,0.0
D,429436,post_auger30_p1,0.0000,S,0,44,0.0
D,429533,post_auger30_p1,0.0000,S,0,44,0.0
D,429628,post_auger30_p1,0.0000,S,0,44,0.0
D,429724,post_auger30_p1,0.0000,S,0,44,0.0
D,429820,post_auger30_p1,0.0000,S,0,44,0.0
D,429916,post_auger30_p1,0.0000,S,0,44,0.0
D,430012,post_auger30_p1,0.0000,S,0,44,0.0
D,430107,post_auger30_p1,0.0000,S,0,44,0.0
D,430203,post_auger30_p1,0.0000,S,0,44,0.0
D,430297,post_auger30_p1,0.0000,S,0,44,0.0
D,430393,post_auger30_p1,0.0000,S,0,44,0.0
D,430489,post_auger30_p1,0.0000,S,0,44,0.0
D,430585,post_auger30_p1,0.0000,S,0,44,0.0
D,430681,post_auger30_p1,0.0000,S,0,44,0.0
D,430776,post_auger30_p1,0.0000,S,0,44,0.0
D,430872,post_auger30_p1,0.0000,S,0,44,0.0
D,430968,post_auger30_p1,0.0000,S,0,44,0.0
D,431064,post_auger30_p1,0.0000,S,0,44,0.0
D,431160,post_auger30_p1,0.0000,S,0,44,0.0
D,431254,post_auger30_p1,0.0000,S,0,44,0.0
D,431350,post_auger30_p1,0.0000,S,0,44,0.0
D,431445,post_auger30_p1,0.0000,S,0,44,0.0
D,431541,post_auger30_p1,0.0000,S,0,44,0.0
D,431637,post_auger30_p1,0.0000,S,0,44,0.0
D,431733,post_auger30_p1,0.0000,S,0,44,0.0
D,431829,post_auger30_p1,0.0000,S,0,44,0.0
D,431925,post_auger30_p1,0.0000,S,0,44,0.0
D,432020,post_auger30_p1,0.0000,S,0,44,0.0
D,432114,post_auger30_p1,0.0000,S,0,44,0.0
D,432210,post_auger30_p1,0.0000,S,0,44,0.0
D,432306,post_auger30_p1,0.0000,S,0,44,0.0
D,432402,post_auger30_p1,0.0000,S,0,44,0.0
D,432498,post_auger30_p1,0.0000,S,0,44,0.0
D,432594,post_auger30_p1,0.0000,S,0,44,0.0
D,432689,post_auger30_p1,0.0000,S,0,44,0.0
D,432785,post_auger30_p1,0.0000,S,0,44,0.0
D,432881,post_auger30_p1,0.0000,S,0,44,0.0
D,432975,post_auger30_p1,0.0000,S,0,44,0.0
D,433071,post_auger30_p1,0.0000,S,0,44,0.0
D,433167,post_auger30_p1,0.0000,S,0,44,0.0
D,433262,post_auger30_p1,0.0000,S,0,44,0.0
D,433358,post_auger30_p1,0.0000,S,0,44,0.0
D,433454,post_auger30_p1,0.0000,S,0,44,0.0
D,433550,post_auger30_p1,0.0000,S,0,44,0.0
D,433646,post_auger30_p1,0.0000,S,0,44,0.0
D,433742,post_auger30_p1,0.0000,S,0,44,0.0
E,433805,BLOCK_END,post_auger30_p1
E,433808,BLOCK_START,auger55_p1
D,433942,auger55_p1,0.0000,S,55,44,0.0
D,434123,auger55_p1,0.0000,S,55,44,0.0
D,434219,auger55_p1,0.0000,S,55,44,0.0
D,434315,auger55_p1,0.0000,S,55,44,0.0
D,434411,auger55_p1,0.0000,S,55,44,0.0
D,434506,auger55_p1,0.0000,S,55,44,0.0
D,434602,auger55_p1,0.0000,S,55,44,0.0
D,434698,auger55_p1,0.0000,S,55,44,0.0
D,434792,auger55_p1,0.0000,S,55,44,0.0
D,434888,auger55_p1,0.0000,S,55,44,0.0
D,434984,auger55_p1,0.0000,S,55,44,0.0
D,435079,auger55_p1,0.0000,S,55,44,0.0
D,435175,auger55_p1,0.0000,S,55,44,0.0
D,435271,auger55_p1,0.0000,S,55,44,0.0
D,435367,auger55_p1,0.0000,S,55,44,0.0
D,435463,auger55_p1,0.0000,S,55,44,0.0
D,435559,auger55_p1,0.0000,S,55,44,0.0
D,435653,auger55_p1,0.0000,S,55,44,0.0
D,435748,auger55_p1,0.0000,S,55,44,0.0
D,435844,auger55_p1,0.0000,S,55,44,0.0
D,435940,auger55_p1,0.0000,S,55,44,0.0
D,436036,auger55_p1,0.0000,S,55,44,0.0
D,436132,auger55_p1,0.0000,S,55,44,0.0
D,436228,auger55_p1,0.0000,S,55,44,0.0
D,436323,auger55_p1,0.0000,S,55,44,0.0
D,436420,auger55_p1,0.0000,S,55,44,0.0
D,436513,auger55_p1,0.0000,S,55,44,0.0
D,436609,auger55_p1,0.0000,S,55,44,0.0
D,436705,auger55_p1,0.0000,S,55,44,0.0
D,436801,auger55_p1,0.0000,S,55,44,0.0
D,436897,auger55_p1,0.0000,S,55,44,0.0
D,436992,auger55_p1,0.0000,S,55,44,0.0
D,437088,auger55_p1,0.0000,S,55,44,0.0
D,437184,auger55_p1,0.0000,S,55,44,0.0
D,437292,auger55_p1,0.0000,S,55,44,0.0
D,437470,auger55_p1,0.0000,S,55,44,0.0
D,437565,auger55_p1,0.0000,S,55,44,0.0
D,437661,auger55_p1,0.0000,S,55,44,0.0
D,437757,auger55_p1,0.0000,S,55,44,0.0
D,437853,auger55_p1,0.0000,S,55,44,0.0
D,437949,auger55_p1,0.0000,S,55,44,0.0
D,438045,auger55_p1,0.0000,S,55,44,0.0
D,438141,auger55_p1,0.0000,S,55,44,0.0
D,438237,auger55_p1,0.0000,S,55,44,0.0
D,438330,auger55_p1,0.0000,S,55,44,0.0
D,438426,auger55_p1,0.0000,S,55,44,0.0
D,438522,auger55_p1,0.0000,S,55,44,0.0
D,438618,auger55_p1,0.0000,S,55,44,0.0
D,438714,auger55_p1,0.0000,S,55,44,0.0
D,438810,auger55_p1,0.0000,S,55,44,0.0
D,438905,auger55_p1,0.0000,S,55,44,0.0
D,439001,auger55_p1,0.0000,S,55,44,0.0
D,439097,auger55_p1,0.0000,S,55,44,0.0
D,439191,auger55_p1,0.0000,S,55,44,0.0
D,439287,auger55_p1,0.0000,S,55,44,0.0
D,439383,auger55_p1,0.0000,S,55,44,0.0
D,439479,auger55_p1,0.0000,S,55,44,0.0
D,439574,auger55_p1,0.0000,S,55,44,0.0
D,439670,auger55_p1,0.0000,S,55,44,0.0
D,439766,auger55_p1,0.0000,S,55,44,0.0
D,439862,auger55_p1,0.0000,S,55,44,0.0
D,439958,auger55_p1,0.0000,S,55,44,0.0
D,440052,auger55_p1,0.0000,S,55,44,0.0
D,440147,auger55_p1,0.0000,S,55,44,0.0
D,440243,auger55_p1,0.0000,S,55,44,0.0
D,440339,auger55_p1,0.0000,S,55,44,0.0
D,440435,auger55_p1,0.0000,S,55,44,0.0
D,440531,auger55_p1,0.0000,S,55,44,0.0
D,440627,auger55_p1,0.0000,S,55,44,0.0
D,440722,auger55_p1,0.0000,S,55,44,0.0
D,440818,auger55_p1,0.0000,S,55,44,0.0
D,440914,auger55_p1,0.0000,S,55,44,0.0
D,441008,auger55_p1,0.0000,S,55,44,0.0
D,441104,auger55_p1,0.0000,S,55,44,0.0
D,441200,auger55_p1,0.0000,S,55,44,0.0
D,441296,auger55_p1,0.0000,S,55,44,0.0
D,441391,auger55_p1,0.0000,S,55,44,0.0
D,441487,auger55_p1,0.0000,S,55,44,0.0
D,441583,auger55_p1,0.0000,S,55,44,0.0
D,441679,auger55_p1,0.0000,S,55,44,0.0
D,441775,auger55_p1,0.0000,S,55,44,0.0
D,441869,auger55_p1,0.0000,S,55,44,0.0
D,441965,auger55_p1,0.0000,S,55,44,0.0
D,442060,auger55_p1,0.0000,S,55,44,0.0
D,442156,auger55_p1,0.0000,S,55,44,0.0
D,442252,auger55_p1,0.0000,S,55,44,0.0
D,442348,auger55_p1,0.0000,S,55,44,0.0
D,442444,auger55_p1,0.0000,S,55,44,0.0
D,442540,auger55_p1,0.0000,S,55,44,0.0
D,442635,auger55_p1,0.0000,S,55,44,0.0
D,442729,auger55_p1,0.0000,S,55,44,0.0
D,442825,auger55_p1,0.0000,S,55,44,0.0
D,442921,auger55_p1,0.0000,S,55,44,0.0
D,443017,auger55_p1,0.0000,S,55,44,0.0
D,443113,auger55_p1,0.0000,S,55,44,0.0
D,443208,auger55_p1,0.0000,S,55,44,0.0
D,443304,auger55_p1,0.0000,S,55,44,0.0
D,443400,auger55_p1,0.0000,S,55,44,0.0
D,443496,auger55_p1,0.0000,S,55,44,0.0
D,443592,auger55_p1,0.0000,S,55,44,0.0
D,443686,auger55_p1,0.0000,S,55,44,0.0
D,443782,auger55_p1,0.0000,S,55,44,0.0
D,443877,auger55_p1,0.0000,S,55,44,0.0
D,443973,auger55_p1,0.0000,S,55,44,0.0
D,444069,auger55_p1,0.0000,S,55,44,0.0
D,444165,auger55_p1,0.0000,S,55,44,0.0
D,444261,auger55_p1,0.0000,S,55,44,0.0
D,444357,auger55_p1,0.0000,S,55,44,0.0
D,444452,auger55_p1,0.0000,S,55,44,0.0
D,444546,auger55_p1,0.0000,S,55,44,0.0
D,444642,auger55_p1,0.0000,S,55,44,0.0
D,444738,auger55_p1,0.0000,S,55,44,0.0
D,444834,auger55_p1,0.0000,S,55,44,0.0
D,444930,auger55_p1,0.0000,S,55,44,0.0
D,445026,auger55_p1,0.0000,S,55,44,0.0
D,445121,auger55_p1,0.0000,S,55,44,0.0
D,445217,auger55_p1,0.0000,S,55,44,0.0
D,445313,auger55_p1,0.0000,S,55,44,0.0
D,445407,auger55_p1,0.0000,S,55,44,0.0
D,445503,auger55_p1,0.0000,S,55,44,0.0
D,445599,auger55_p1,0.0000,S,55,44,0.0
D,445694,auger55_p1,0.0000,S,55,44,0.0
D,445790,auger55_p1,0.0000,S,55,44,0.0
D,445886,auger55_p1,0.0000,S,55,44,0.0
D,445982,auger55_p1,0.0000,S,55,44,0.0
D,446078,auger55_p1,0.0000,S,55,44,0.0
D,446174,auger55_p1,0.0000,S,55,44,0.0
D,446268,auger55_p1,0.0000,S,55,44,0.0
D,446363,auger55_p1,0.0000,S,55,44,0.0
D,446459,auger55_p1,0.0000,S,55,44,0.0
D,446555,auger55_p1,0.0000,S,55,44,0.0
D,446651,auger55_p1,0.0000,S,55,44,0.0
D,446747,auger55_p1,0.0000,S,55,44,0.0
D,446843,auger55_p1,0.0000,S,55,44,0.0
D,446938,auger55_p1,0.0000,S,55,44,0.0
D,447034,auger55_p1,0.0000,S,55,44,0.0
D,447130,auger55_p1,0.0000,S,55,44,0.0
D,447224,auger55_p1,0.0000,S,55,44,0.0
D,447320,auger55_p1,0.0000,S,55,44,0.0
D,447416,auger55_p1,0.0000,S,55,44,0.0
D,447512,auger55_p1,0.0000,S,55,44,0.0
D,447607,auger55_p1,0.0000,S,55,44,0.0
D,447703,auger55_p1,0.0000,S,55,44,0.0
D,447799,auger55_p1,0.0000,S,55,44,0.0
D,447895,auger55_p1,0.0000,S,55,44,0.0
D,447991,auger55_p1,0.0000,S,55,44,0.0
D,448085,auger55_p1,0.0000,S,55,44,0.0
D,448180,auger55_p1,0.0000,S,55,44,0.0
D,448276,auger55_p1,0.0000,S,55,44,0.0
D,448372,auger55_p1,0.0000,S,55,44,0.0
D,448468,auger55_p1,0.0000,S,55,44,0.0
D,448564,auger55_p1,0.0000,S,55,44,0.0
D,448660,auger55_p1,0.0000,S,55,44,0.0
D,448755,auger55_p1,0.0000,S,55,44,0.0
E,448831,BLOCK_END,auger55_p1
E,448833,BLOCK_START,post_auger55_p1
D,448945,post_auger55_p1,0.0000,S,0,44,0.0
D,449041,post_auger55_p1,0.0000,S,0,44,0.0
D,449137,post_auger55_p1,0.0000,S,0,44,0.0
D,449233,post_auger55_p1,0.0000,S,0,44,0.0
D,449329,post_auger55_p1,0.0000,S,0,44,0.0
D,449424,post_auger55_p1,0.0000,S,0,44,0.0
D,449520,post_auger55_p1,0.0000,S,0,44,0.0
D,449616,post_auger55_p1,0.0000,S,0,44,0.0
D,449712,post_auger55_p1,0.0000,S,0,44,0.0
D,449808,post_auger55_p1,0.0000,S,0,44,0.0
D,449902,post_auger55_p1,0.0000,S,0,44,0.0
D,449998,post_auger55_p1,0.0000,S,0,44,0.0
D,450093,post_auger55_p1,0.0000,S,0,44,0.0
D,450189,post_auger55_p1,0.0000,S,0,44,0.0
D,450285,post_auger55_p1,0.0000,S,0,44,0.0
D,450381,post_auger55_p1,0.0000,S,0,44,0.0
D,450477,post_auger55_p1,0.0000,S,0,44,0.0
D,450573,post_auger55_p1,0.0000,S,0,44,0.0
D,450668,post_auger55_p1,0.0000,S,0,44,0.0
D,450762,post_auger55_p1,0.0000,S,0,44,0.0
D,450858,post_auger55_p1,0.0000,S,0,44,0.0
D,450954,post_auger55_p1,0.0000,S,0,44,0.0
D,451050,post_auger55_p1,0.0000,S,0,44,0.0
D,451146,post_auger55_p1,0.0000,S,0,44,0.0
D,451241,post_auger55_p1,0.0000,S,0,44,0.0
D,451338,post_auger55_p1,0.0000,S,0,44,0.0
D,451433,post_auger55_p1,0.0000,S,0,44,0.0
D,451529,post_auger55_p1,0.0000,S,0,44,0.0
D,451623,post_auger55_p1,0.0000,S,0,44,0.0
D,451719,post_auger55_p1,0.0000,S,0,44,0.0
D,451815,post_auger55_p1,0.0000,S,0,44,0.0
D,451911,post_auger55_p1,0.0000,S,0,44,0.0
D,452006,post_auger55_p1,0.0000,S,0,44,0.0
D,452102,post_auger55_p1,0.0000,S,0,44,0.0
D,452198,post_auger55_p1,0.0000,S,0,44,0.0
D,452294,post_auger55_p1,0.0000,S,0,44,0.0
D,452390,post_auger55_p1,0.0000,S,0,44,0.0
D,452484,post_auger55_p1,0.0000,S,0,44,0.0
D,452580,post_auger55_p1,0.0000,S,0,44,0.0
D,452675,post_auger55_p1,0.0000,S,0,44,0.0
D,452771,post_auger55_p1,0.0000,S,0,44,0.0
D,452867,post_auger55_p1,0.0000,S,0,44,0.0
D,452963,post_auger55_p1,0.0000,S,0,44,0.0
D,453059,post_auger55_p1,0.0000,S,0,44,0.0
D,453154,post_auger55_p1,0.0000,S,0,44,0.0
D,453250,post_auger55_p1,0.0000,S,0,44,0.0
D,453346,post_auger55_p1,0.0000,S,0,44,0.0
D,453440,post_auger55_p1,0.0000,S,0,44,0.0
D,453536,post_auger55_p1,0.0000,S,0,44,0.0
D,453632,post_auger55_p1,0.0000,S,0,44,0.0
D,453728,post_auger55_p1,0.0000,S,0,44,0.0
D,453823,post_auger55_p1,0.0000,S,0,44,0.0
D,453919,post_auger55_p1,0.0000,S,0,44,0.0
D,454015,post_auger55_p1,0.0000,S,0,44,0.0
D,454111,post_auger55_p1,0.0000,S,0,44,0.0
D,454207,post_auger55_p1,0.0000,S,0,44,0.0
D,454301,post_auger55_p1,0.0000,S,0,44,0.0
D,454397,post_auger55_p1,0.0000,S,0,44,0.0
D,454492,post_auger55_p1,0.0000,S,0,44,0.0
D,454588,post_auger55_p1,0.0000,S,0,44,0.0
D,454684,post_auger55_p1,0.0000,S,0,44,0.0
D,454780,post_auger55_p1,0.0000,S,0,44,0.0
D,454876,post_auger55_p1,0.0000,S,0,44,0.0
D,454972,post_auger55_p1,0.0000,S,0,44,0.0
D,455067,post_auger55_p1,0.0000,S,0,44,0.0
D,455161,post_auger55_p1,0.0000,S,0,44,0.0
D,455257,post_auger55_p1,0.0000,S,0,44,0.0
D,455353,post_auger55_p1,0.0000,S,0,44,0.0
D,455449,post_auger55_p1,0.0000,S,0,44,0.0
D,455545,post_auger55_p1,0.0000,S,0,44,0.0
D,455641,post_auger55_p1,0.0000,S,0,44,0.0
D,455736,post_auger55_p1,0.0000,S,0,44,0.0
D,455832,post_auger55_p1,0.0000,S,0,44,0.0
D,455928,post_auger55_p1,0.0000,S,0,44,0.0
D,456024,post_auger55_p1,0.0000,S,0,44,0.0
D,456118,post_auger55_p1,0.0000,S,0,44,0.0
D,456214,post_auger55_p1,0.0000,S,0,44,0.0
D,456309,post_auger55_p1,0.0000,S,0,44,0.0
D,456405,post_auger55_p1,0.0000,S,0,44,0.0
D,456501,post_auger55_p1,0.0000,S,0,44,0.0
D,456597,post_auger55_p1,0.0000,S,0,44,0.0
D,456693,post_auger55_p1,0.0000,S,0,44,0.0
D,456789,post_auger55_p1,0.0000,S,0,44,0.0
D,456885,post_auger55_p1,0.0000,S,0,44,0.0
D,456978,post_auger55_p1,0.0000,S,0,44,0.0
D,457074,post_auger55_p1,0.0000,S,0,44,0.0
D,457170,post_auger55_p1,0.0000,S,0,44,0.0
D,457266,post_auger55_p1,0.0000,S,0,44,0.0
D,457362,post_auger55_p1,0.0000,S,0,44,0.0
D,457458,post_auger55_p1,0.0000,S,0,44,0.0
D,457553,post_auger55_p1,0.0000,S,0,44,0.0
D,457649,post_auger55_p1,0.0000,S,0,44,0.0
D,457745,post_auger55_p1,0.0000,S,0,44,0.0
D,457839,post_auger55_p1,0.0000,S,0,44,0.0
D,457935,post_auger55_p1,0.0000,S,0,44,0.0
D,458031,post_auger55_p1,0.0000,S,0,44,0.0
D,458127,post_auger55_p1,0.0000,S,0,44,0.0
D,458223,post_auger55_p1,0.0000,S,0,44,0.0
D,458318,post_auger55_p1,0.0000,S,0,44,0.0
D,458414,post_auger55_p1,0.0000,S,0,44,0.0
D,458510,post_auger55_p1,0.0000,S,0,44,0.0
D,458606,post_auger55_p1,0.0000,S,0,44,0.0
D,458700,post_auger55_p1,0.0000,S,0,44,0.0
D,458795,post_auger55_p1,0.0000,S,0,44,0.0
D,458891,post_auger55_p1,0.0000,S,0,44,0.0
D,458987,post_auger55_p1,0.0000,S,0,44,0.0
D,459083,post_auger55_p1,0.0000,S,0,44,0.0
D,459179,post_auger55_p1,0.0000,S,0,44,0.0
D,459275,post_auger55_p1,0.0000,S,0,44,0.0
D,459371,post_auger55_p1,0.0000,S,0,44,0.0
D,459467,post_auger55_p1,0.0000,S,0,44,0.0
D,459562,post_auger55_p1,0.0000,S,0,44,0.0
D,459656,post_auger55_p1,0.0000,S,0,44,0.0
D,459752,post_auger55_p1,0.0000,S,0,44,0.0
D,459848,post_auger55_p1,0.0000,S,0,44,0.0
D,459944,post_auger55_p1,0.0000,S,0,44,0.0
D,460039,post_auger55_p1,0.0000,S,0,44,0.0
D,460135,post_auger55_p1,0.0000,S,0,44,0.0
D,460231,post_auger55_p1,0.0000,S,0,44,0.0
D,460327,post_auger55_p1,0.0000,S,0,44,0.0
D,460423,post_auger55_p1,0.0000,S,0,44,0.0
D,460517,post_auger55_p1,0.0000,S,0,44,0.0
D,460613,post_auger55_p1,0.0000,S,0,44,0.0
D,460708,post_auger55_p1,0.0000,S,0,44,0.0
D,460804,post_auger55_p1,0.0000,S,0,44,0.0
D,460906,post_auger55_p1,0.0000,S,0,44,0.0
D,460996,post_auger55_p1,0.0000,S,0,44,0.0
D,461092,post_auger55_p1,0.0000,S,0,44,0.0
D,461188,post_auger55_p1,0.0000,S,0,44,0.0
D,461284,post_auger55_p1,0.0000,S,0,44,0.0
D,461377,post_auger55_p1,0.0000,S,0,44,0.0
D,461473,post_auger55_p1,0.0000,S,0,44,0.0
D,461569,post_auger55_p1,0.0000,S,0,44,0.0
D,461665,post_auger55_p1,0.0000,S,0,44,0.0
D,461761,post_auger55_p1,0.0000,S,0,44,0.0
D,461856,post_auger55_p1,0.0000,S,0,44,0.0
D,461952,post_auger55_p1,0.0000,S,0,44,0.0
D,462048,post_auger55_p1,0.0000,S,0,44,0.0
D,462144,post_auger55_p1,0.0000,S,0,44,0.0
D,462240,post_auger55_p1,0.0000,S,0,44,0.0
D,462334,post_auger55_p1,0.0000,S,0,44,0.0
D,462430,post_auger55_p1,0.0000,S,0,44,0.0
D,462526,post_auger55_p1,0.0000,S,0,44,0.0
D,462621,post_auger55_p1,0.0000,S,0,44,0.0
D,462717,post_auger55_p1,0.0000,S,0,44,0.0
D,462813,post_auger55_p1,0.0000,S,0,44,0.0
D,462909,post_auger55_p1,0.0000,S,0,44,0.0
D,463005,post_auger55_p1,0.0000,S,0,44,0.0
D,463101,post_auger55_p1,0.0000,S,0,44,0.0
D,463194,post_auger55_p1,0.0000,S,0,44,0.0
D,463290,post_auger55_p1,0.0000,S,0,44,0.0
D,463386,post_auger55_p1,0.0000,S,0,44,0.0
D,463482,post_auger55_p1,0.0000,S,0,44,0.0
D,463578,post_auger55_p1,0.0000,S,0,44,0.0
D,463674,post_auger55_p1,0.0000,S,0,44,0.0
D,463770,post_auger55_p1,0.0000,S,0,44,0.0
D,463865,post_auger55_p1,0.0000,S,0,44,0.0
E,463928,BLOCK_END,post_auger55_p1
E,463930,BLOCK_START,auger75_p1
D,463961,auger75_p1,0.0000,S,75,44,0.0
D,464055,auger75_p1,0.0000,S,75,44,0.0
D,464151,auger75_p1,0.0000,S,75,44,0.0
D,464247,auger75_p1,0.0000,S,75,44,0.0
D,464343,auger75_p1,0.0000,S,75,44,0.0
D,464438,auger75_p1,0.0000,S,75,44,0.0
D,464534,auger75_p1,0.0000,S,75,44,0.0
D,464630,auger75_p1,0.0000,S,75,44,0.0
D,464726,auger75_p1,0.0000,S,75,44,0.0
D,464822,auger75_p1,0.0000,S,75,44,0.0
D,464916,auger75_p1,0.0000,S,75,44,0.0
D,465012,auger75_p1,0.0000,S,75,44,0.0
D,465107,auger75_p1,0.0000,S,75,44,0.0
D,465203,auger75_p1,0.0000,S,75,44,0.0
D,465299,auger75_p1,0.0000,S,75,44,0.0
D,465395,auger75_p1,0.0000,S,75,44,0.0
D,465491,auger75_p1,0.0000,S,75,44,0.0
D,465587,auger75_p1,0.0000,S,75,44,0.0
D,465682,auger75_p1,0.0000,S,75,44,0.0
D,465778,auger75_p1,0.0000,S,75,44,0.0
D,465872,auger75_p1,0.0000,S,75,44,0.0
D,465968,auger75_p1,0.0000,S,75,44,0.0
D,466064,auger75_p1,0.0000,S,75,44,0.0
D,466160,auger75_p1,0.0000,S,75,44,0.0
D,466255,auger75_p1,0.0000,S,75,44,0.0
D,466351,auger75_p1,0.0000,S,75,44,0.0
D,466447,auger75_p1,0.0000,S,75,44,0.0
D,466543,auger75_p1,0.0000,S,75,44,0.0
D,466639,auger75_p1,0.0000,S,75,44,0.0
D,466733,auger75_p1,0.0000,S,75,44,0.0
D,466829,auger75_p1,0.0000,S,75,44,0.0
D,466924,auger75_p1,0.0000,S,75,44,0.0
D,467020,auger75_p1,0.0000,S,75,44,0.0
D,467116,auger75_p1,0.0000,S,75,44,0.0
D,467212,auger75_p1,0.0000,S,75,44,0.0
D,467308,auger75_p1,0.0000,S,75,44,0.0
D,467404,auger75_p1,0.0000,S,75,44,0.0
D,467500,auger75_p1,0.0000,S,75,44,0.0
D,467593,auger75_p1,0.0000,S,75,44,0.0
D,467689,auger75_p1,0.0000,S,75,44,0.0
D,467785,auger75_p1,0.0000,S,75,44,0.0
D,467881,auger75_p1,0.0000,S,75,44,0.0
D,467977,auger75_p1,0.0000,S,75,44,0.0
D,468073,auger75_p1,0.0000,S,75,44,0.0
D,468168,auger75_p1,0.0000,S,75,44,0.0
D,468264,auger75_p1,0.0000,S,75,44,0.0
D,468360,auger75_p1,0.0000,S,75,44,0.0
D,468456,auger75_p1,0.0000,S,75,44,0.0
D,468550,auger75_p1,0.0000,S,75,44,0.0
D,468646,auger75_p1,0.0000,S,75,44,0.0
D,468741,auger75_p1,0.0000,S,75,44,0.0
D,468837,auger75_p1,0.0000,S,75,44,0.0
D,468933,auger75_p1,0.0000,S,75,44,0.0
D,469029,auger75_p1,0.0000,S,75,44,0.0
D,469125,auger75_p1,0.0000,S,75,44,0.0
D,469221,auger75_p1,0.0000,S,75,44,0.0
D,469317,auger75_p1,0.0000,S,75,44,0.0
D,469410,auger75_p1,0.0000,S,75,44,0.0
D,469506,auger75_p1,0.0000,S,75,44,0.0
D,469602,auger75_p1,0.0000,S,75,44,0.0
D,469698,auger75_p1,0.0000,S,75,44,0.0
D,469794,auger75_p1,0.0000,S,75,44,0.0
D,469890,auger75_p1,0.0000,S,75,44,0.0
D,469985,auger75_p1,0.0000,S,75,44,0.0
D,470081,auger75_p1,0.0000,S,75,44,0.0
D,470177,auger75_p1,0.0000,S,75,44,0.0
D,470271,auger75_p1,0.0000,S,75,44,0.0
D,470367,auger75_p1,0.0000,S,75,44,0.0
D,470463,auger75_p1,0.0000,S,75,44,0.0
D,470559,auger75_p1,0.0000,S,75,44,0.0
D,470654,auger75_p1,0.0000,S,75,44,0.0
D,470750,auger75_p1,0.0000,S,75,44,0.0
D,470846,auger75_p1,0.0000,S,75,44,0.0
D,470942,auger75_p1,0.0000,S,75,44,0.0
D,471038,auger75_p1,0.0000,S,75,44,0.0
D,471132,auger75_p1,0.0000,S,75,44,0.0
D,471228,auger75_p1,0.0000,S,75,44,0.0
D,471323,auger75_p1,0.0000,S,75,44,0.0
D,471419,auger75_p1,0.0000,S,75,44,0.0
D,471515,auger75_p1,0.0000,S,75,44,0.0
D,471611,auger75_p1,0.0000,S,75,44,0.0
D,471707,auger75_p1,0.0000,S,75,44,0.0
D,471803,auger75_p1,0.0000,S,75,44,0.0
D,471899,auger75_p1,0.0000,S,75,44,0.0
D,471994,auger75_p1,0.0000,S,75,44,0.0
D,472088,auger75_p1,0.0000,S,75,44,0.0
D,472184,auger75_p1,0.0000,S,75,44,0.0
D,472280,auger75_p1,0.0000,S,75,44,0.0
D,472376,auger75_p1,0.0000,S,75,44,0.0
D,472477,auger75_p1,0.0000,S,75,44,0.0
D,472567,auger75_p1,0.0000,S,75,44,0.0
D,472663,auger75_p1,0.0000,S,75,44,0.0
D,472759,auger75_p1,0.0000,S,75,44,0.0
D,472855,auger75_p1,0.0000,S,75,44,0.0
D,472949,auger75_p1,0.0000,S,75,44,0.0
D,473045,auger75_p1,0.0000,S,75,44,0.0
D,473140,auger75_p1,0.0000,S,75,44,0.0
D,473236,auger75_p1,0.0000,S,75,44,0.0
D,473332,auger75_p1,0.0000,S,75,44,0.0
D,473428,auger75_p1,0.0000,S,75,44,0.0
D,473524,auger75_p1,0.0000,S,75,44,0.0
D,473620,auger75_p1,0.0000,S,75,44,0.0
D,473716,auger75_p1,0.0000,S,75,44,0.0
D,473809,auger75_p1,0.0000,S,75,44,0.0
D,473905,auger75_p1,0.0000,S,75,44,0.0
D,474001,auger75_p1,0.0000,S,75,44,0.0
D,474097,auger75_p1,0.0000,S,75,44,0.0
D,474193,auger75_p1,0.0000,S,75,44,0.0
D,474289,auger75_p1,0.0000,S,75,44,0.0
D,474384,auger75_p1,0.0000,S,75,44,0.0
D,474480,auger75_p1,0.0000,S,75,44,0.0
D,474576,auger75_p1,0.0000,S,75,44,0.0
D,474672,auger75_p1,0.0000,S,75,44,0.0
D,474766,auger75_p1,0.0000,S,75,44,0.0
D,474862,auger75_p1,0.0000,S,75,44,0.0
D,474957,auger75_p1,0.0000,S,75,44,0.0
D,475053,auger75_p1,0.0000,S,75,44,0.0
D,475149,auger75_p1,0.0000,S,75,44,0.0
D,475245,auger75_p1,0.0000,S,75,44,0.0
D,475341,auger75_p1,0.0000,S,75,44,0.0
D,475437,auger75_p1,0.0000,S,75,44,0.0
D,475533,auger75_p1,0.0000,S,75,44,0.0
D,475627,auger75_p1,0.0000,S,75,44,0.0
D,475722,auger75_p1,0.0000,S,75,44,0.0
D,475818,auger75_p1,0.0000,S,75,44,0.0
D,475914,auger75_p1,0.0000,S,75,44,0.0
D,476010,auger75_p1,0.0000,S,75,44,0.0
D,476106,auger75_p1,0.0000,S,75,44,0.0
D,476202,auger75_p1,0.0000,S,75,44,0.0
D,476297,auger75_p1,0.0000,S,75,44,0.0
D,476393,auger75_p1,0.0000,S,75,44,0.0
D,476487,auger75_p1,0.0000,S,75,44,0.0
D,476583,auger75_p1,0.0000,S,75,44,0.0
D,476679,auger75_p1,0.0000,S,75,44,0.0
D,476775,auger75_p1,0.0000,S,75,44,0.0
D,476870,auger75_p1,0.0000,S,75,44,0.0
D,476966,auger75_p1,0.0000,S,75,44,0.0
D,477062,auger75_p1,0.0000,S,75,44,0.0
D,477158,auger75_p1,0.0000,S,75,44,0.0
D,477254,auger75_p1,0.0000,S,75,44,0.0
D,477348,auger75_p1,0.0000,S,75,44,0.0
D,477444,auger75_p1,0.0000,S,75,44,0.0
D,477539,auger75_p1,0.0000,S,75,44,0.0
D,477635,auger75_p1,0.0000,S,75,44,0.0
D,477731,auger75_p1,0.0000,S,75,44,0.0
D,477827,auger75_p1,0.0000,S,75,44,0.0
D,477923,auger75_p1,0.0000,S,75,44,0.0
D,478019,auger75_p1,0.0000,S,75,44,0.0
D,478114,auger75_p1,0.0000,S,75,44,0.0
D,478211,auger75_p1,0.0000,S,75,44,0.0
D,478304,auger75_p1,0.0000,S,75,44,0.0
D,478400,auger75_p1,0.0000,S,75,44,0.0
D,478496,auger75_p1,0.0000,S,75,44,0.0
D,478592,auger75_p1,0.0000,S,75,44,0.0
D,478688,auger75_p1,0.0000,S,75,44,0.0
D,478783,auger75_p1,0.0000,S,75,44,0.0
D,478879,auger75_p1,0.0000,S,75,44,0.0
E,478943,BLOCK_END,auger75_p1
E,478945,BLOCK_START,post_auger75_p1
D,478975,post_auger75_p1,0.0000,S,0,44,0.0
D,479071,post_auger75_p1,0.0000,S,0,44,0.0
D,479165,post_auger75_p1,0.0000,S,0,44,0.0
D,479261,post_auger75_p1,0.0000,S,0,44,0.0
D,479356,post_auger75_p1,0.0000,S,0,44,0.0
D,479452,post_auger75_p1,0.0000,S,0,44,0.0
D,479548,post_auger75_p1,0.0000,S,0,44,0.0
D,479644,post_auger75_p1,0.0000,S,0,44,0.0
D,479740,post_auger75_p1,0.0000,S,0,44,0.0
D,479836,post_auger75_p1,0.0000,S,0,44,0.0
D,479932,post_auger75_p1,0.0000,S,0,44,0.0
D,480025,post_auger75_p1,0.0000,S,0,44,0.0
D,480121,post_auger75_p1,0.0000,S,0,44,0.0
D,480217,post_auger75_p1,0.0000,S,0,44,0.0
D,480313,post_auger75_p1,0.0000,S,0,44,0.0
D,480409,post_auger75_p1,0.0000,S,0,44,0.0
D,480505,post_auger75_p1,0.0000,S,0,44,0.0
D,480600,post_auger75_p1,0.0000,S,0,44,0.0
D,480696,post_auger75_p1,0.0000,S,0,44,0.0
D,480792,post_auger75_p1,0.0000,S,0,44,0.0
D,480888,post_auger75_p1,0.0000,S,0,44,0.0
D,480982,post_auger75_p1,0.0000,S,0,44,0.0
D,481078,post_auger75_p1,0.0000,S,0,44,0.0
D,481173,post_auger75_p1,0.0000,S,0,44,0.0
D,481270,post_auger75_p1,0.0000,S,0,44,0.0
D,481365,post_auger75_p1,0.0000,S,0,44,0.0
D,481461,post_auger75_p1,0.0000,S,0,44,0.0
D,481557,post_auger75_p1,0.0000,S,0,44,0.0
D,481653,post_auger75_p1,0.0000,S,0,44,0.0
D,481749,post_auger75_p1,0.0000,S,0,44,0.0
D,481842,post_auger75_p1,0.0000,S,0,44,0.0
D,481938,post_auger75_p1,0.0000,S,0,44,0.0
D,482034,post_auger75_p1,0.0000,S,0,44,0.0
D,482130,post_auger75_p1,0.0000,S,0,44,0.0
D,482226,post_auger75_p1,0.0000,S,0,44,0.0
D,482322,post_auger75_p1,0.0000,S,0,44,0.0
D,482417,post_auger75_p1,0.0000,S,0,44,0.0
D,482514,post_auger75_p1,0.0000,S,0,44,0.0
D,482609,post_auger75_p1,0.0000,S,0,44,0.0
D,482703,post_auger75_p1,0.0000,S,0,44,0.0
D,482799,post_auger75_p1,0.0000,S,0,44,0.0
D,482895,post_auger75_p1,0.0000,S,0,44,0.0
D,482991,post_auger75_p1,0.0000,S,0,44,0.0
D,483086,post_auger75_p1,0.0000,S,0,44,0.0
D,483182,post_auger75_p1,0.0000,S,0,44,0.0
D,483278,post_auger75_p1,0.0000,S,0,44,0.0
D,483374,post_auger75_p1,0.0000,S,0,44,0.0
D,483470,post_auger75_p1,0.0000,S,0,44,0.0
D,483564,post_auger75_p1,0.0000,S,0,44,0.0
D,483659,post_auger75_p1,0.0000,S,0,44,0.0
D,483755,post_auger75_p1,0.0000,S,0,44,0.0
D,483851,post_auger75_p1,0.0000,S,0,44,0.0
D,483947,post_auger75_p1,0.0000,S,0,44,0.0
D,484043,post_auger75_p1,0.0000,S,0,44,0.0
D,484151,post_auger75_p1,0.0000,S,0,44,0.0
D,484330,post_auger75_p1,0.0000,S,0,44,0.0
D,484426,post_auger75_p1,0.0000,S,0,44,0.0
D,484520,post_auger75_p1,0.0000,S,0,44,0.0
D,484616,post_auger75_p1,0.0000,S,0,44,0.0
D,484712,post_auger75_p1,0.0000,S,0,44,0.0
D,484808,post_auger75_p1,0.0000,S,0,44,0.0
D,484904,post_auger75_p1,0.0000,S,0,44,0.0
D,485000,post_auger75_p1,0.0000,S,0,44,0.0
D,485095,post_auger75_p1,0.0000,S,0,44,0.0
D,485191,post_auger75_p1,0.0000,S,0,44,0.0
D,485287,post_auger75_p1,0.0000,S,0,44,0.0
D,485381,post_auger75_p1,0.0000,S,0,44,0.0
D,485477,post_auger75_p1,0.0000,S,0,44,0.0
D,485573,post_auger75_p1,0.0000,S,0,44,0.0
D,485668,post_auger75_p1,0.0000,S,0,44,0.0
D,485764,post_auger75_p1,0.0000,S,0,44,0.0
D,485860,post_auger75_p1,0.0000,S,0,44,0.0
D,485956,post_auger75_p1,0.0000,S,0,44,0.0
D,486052,post_auger75_p1,0.0000,S,0,44,0.0
D,486148,post_auger75_p1,0.0000,S,0,44,0.0
D,486241,post_auger75_p1,0.0000,S,0,44,0.0
D,486337,post_auger75_p1,0.0000,S,0,44,0.0
D,486433,post_auger75_p1,0.0000,S,0,44,0.0
D,486529,post_auger75_p1,0.0000,S,0,44,0.0
D,486625,post_auger75_p1,0.0000,S,0,44,0.0
D,486721,post_auger75_p1,0.0000,S,0,44,0.0
D,486817,post_auger75_p1,0.0000,S,0,44,0.0
D,486912,post_auger75_p1,0.0000,S,0,44,0.0
D,487008,post_auger75_p1,0.0000,S,0,44,0.0
D,487104,post_auger75_p1,0.0000,S,0,44,0.0
D,487198,post_auger75_p1,0.0000,S,0,44,0.0
D,487294,post_auger75_p1,0.0000,S,0,44,0.0
D,487390,post_auger75_p1,0.0000,S,0,44,0.0
D,487486,post_auger75_p1,0.0000,S,0,44,0.0
D,487581,post_auger75_p1,0.0000,S,0,44,0.0
D,487677,post_auger75_p1,0.0000,S,0,44,0.0
D,487773,post_auger75_p1,0.0000,S,0,44,0.0
D,487869,post_auger75_p1,0.0000,S,0,44,0.0
D,487965,post_auger75_p1,0.0000,S,0,44,0.0
D,488059,post_auger75_p1,0.0000,S,0,44,0.0
D,488154,post_auger75_p1,0.0000,S,0,44,0.0
D,488250,post_auger75_p1,0.0000,S,0,44,0.0
D,488346,post_auger75_p1,0.0000,S,0,44,0.0
D,488442,post_auger75_p1,0.0000,S,0,44,0.0
D,488538,post_auger75_p1,0.0000,S,0,44,0.0
D,488634,post_auger75_p1,0.0000,S,0,44,0.0
D,488729,post_auger75_p1,0.0000,S,0,44,0.0
D,488825,post_auger75_p1,0.0000,S,0,44,0.0
D,488919,post_auger75_p1,0.0000,S,0,44,0.0
D,489015,post_auger75_p1,0.0000,S,0,44,0.0
D,489111,post_auger75_p1,0.0000,S,0,44,0.0
D,489207,post_auger75_p1,0.0000,S,0,44,0.0
D,489303,post_auger75_p1,0.0000,S,0,44,0.0
D,489398,post_auger75_p1,0.0000,S,0,44,0.0
D,489494,post_auger75_p1,0.0000,S,0,44,0.0
D,489590,post_auger75_p1,0.0000,S,0,44,0.0
D,489686,post_auger75_p1,0.0000,S,0,44,0.0
D,489780,post_auger75_p1,0.0000,S,0,44,0.0
D,489876,post_auger75_p1,0.0000,S,0,44,0.0
D,489971,post_auger75_p1,0.0000,S,0,44,0.0
D,490067,post_auger75_p1,0.0000,S,0,44,0.0
D,490163,post_auger75_p1,0.0000,S,0,44,0.0
D,490259,post_auger75_p1,0.0000,S,0,44,0.0
D,490355,post_auger75_p1,0.0000,S,0,44,0.0
D,490451,post_auger75_p1,0.0000,S,0,44,0.0
D,490547,post_auger75_p1,0.0000,S,0,44,0.0
D,490642,post_auger75_p1,0.0000,S,0,44,0.0
D,490736,post_auger75_p1,0.0000,S,0,44,0.0
D,490832,post_auger75_p1,0.0000,S,0,44,0.0
D,490928,post_auger75_p1,0.0000,S,0,44,0.0
D,491024,post_auger75_p1,0.0000,S,0,44,0.0
D,491120,post_auger75_p1,0.0000,S,0,44,0.0
D,491215,post_auger75_p1,0.0000,S,0,44,0.0
D,491311,post_auger75_p1,0.0000,S,0,44,0.0
D,491407,post_auger75_p1,0.0000,S,0,44,0.0
D,491503,post_auger75_p1,0.0000,S,0,44,0.0
D,491597,post_auger75_p1,0.0000,S,0,44,0.0
D,491693,post_auger75_p1,0.0000,S,0,44,0.0
D,491789,post_auger75_p1,0.0000,S,0,44,0.0
D,491885,post_auger75_p1,0.0000,S,0,44,0.0
D,491980,post_auger75_p1,0.0000,S,0,44,0.0
D,492076,post_auger75_p1,0.0000,S,0,44,0.0
D,492172,post_auger75_p1,0.0000,S,0,44,0.0
D,492268,post_auger75_p1,0.0000,S,0,44,0.0
D,492364,post_auger75_p1,0.0000,S,0,44,0.0
D,492457,post_auger75_p1,0.0000,S,0,44,0.0
D,492553,post_auger75_p1,0.0000,S,0,44,0.0
D,492649,post_auger75_p1,0.0000,S,0,44,0.0
D,492745,post_auger75_p1,0.0000,S,0,44,0.0
D,492841,post_auger75_p1,0.0000,S,0,44,0.0
D,492937,post_auger75_p1,0.0000,S,0,44,0.0
D,493032,post_auger75_p1,0.0000,S,0,44,0.0
D,493128,post_auger75_p1,0.0000,S,0,44,0.0
D,493224,post_auger75_p1,0.0000,S,0,44,0.0
D,493320,post_auger75_p1,0.0000,S,0,44,0.0
D,493414,post_auger75_p1,0.0000,S,0,44,0.0
D,493510,post_auger75_p1,0.0000,S,0,44,0.0
D,493606,post_auger75_p1,0.0000,S,0,44,0.0
D,493701,post_auger75_p1,0.0000,S,0,44,0.0
D,493797,post_auger75_p1,0.0000,S,0,44,0.0
D,493893,post_auger75_p1,0.0000,S,0,44,0.0
E,493956,BLOCK_END,post_auger75_p1
E,493959,BLOCK_START,auger75_p2
D,493989,auger75_p2,0.0000,S,75,44,0.0
D,494085,auger75_p2,0.0000,S,75,44,0.0
D,494181,auger75_p2,0.0000,S,75,44,0.0
D,494274,auger75_p2,0.0000,S,75,44,0.0
D,494370,auger75_p2,0.0000,S,75,44,0.0
D,494466,auger75_p2,0.0000,S,75,44,0.0
D,494562,auger75_p2,0.0000,S,75,44,0.0
D,494658,auger75_p2,0.0000,S,75,44,0.0
D,494754,auger75_p2,0.0000,S,75,44,0.0
D,494850,auger75_p2,0.0000,S,75,44,0.0
D,494946,auger75_p2,0.0000,S,75,44,0.0
D,495041,auger75_p2,0.0000,S,75,44,0.0
D,495135,auger75_p2,0.0000,S,75,44,0.0
D,495231,auger75_p2,0.0000,S,75,44,0.0
D,495327,auger75_p2,0.0000,S,75,44,0.0
D,495423,auger75_p2,0.0000,S,75,44,0.0
D,495519,auger75_p2,0.0000,S,75,44,0.0
D,495615,auger75_p2,0.0000,S,75,44,0.0
D,495710,auger75_p2,0.0000,S,75,44,0.0
D,495806,auger75_p2,0.0000,S,75,44,0.0
D,495902,auger75_p2,0.0000,S,75,44,0.0
D,495996,auger75_p2,0.0000,S,75,44,0.0
D,496098,auger75_p2,0.0000,S,75,44,0.0
D,496188,auger75_p2,0.0000,S,75,44,0.0
D,496283,auger75_p2,0.0000,S,75,44,0.0
D,496379,auger75_p2,0.0000,S,75,44,0.0
D,496475,auger75_p2,0.0000,S,75,44,0.0
D,496571,auger75_p2,0.0000,S,75,44,0.0
D,496667,auger75_p2,0.0000,S,75,44,0.0
D,496763,auger75_p2,0.0000,S,75,44,0.0
D,496859,auger75_p2,0.0000,S,75,44,0.0
D,496952,auger75_p2,0.0000,S,75,44,0.0
D,497048,auger75_p2,0.0000,S,75,44,0.0
D,497144,auger75_p2,0.0000,S,75,44,0.0
D,497240,auger75_p2,0.0000,S,75,44,0.0
D,497336,auger75_p2,0.0000,S,75,44,0.0
D,497432,auger75_p2,0.0000,S,75,44,0.0
D,497527,auger75_p2,0.0000,S,75,44,0.0
D,497623,auger75_p2,0.0000,S,75,44,0.0
D,497719,auger75_p2,0.0000,S,75,44,0.0
D,497813,auger75_p2,0.0000,S,75,44,0.0
D,497909,auger75_p2,0.0000,S,75,44,0.0
D,498005,auger75_p2,0.0000,S,75,44,0.0
D,498100,auger75_p2,0.0000,S,75,44,0.0
D,498197,auger75_p2,0.0000,S,75,44,0.0
D,498292,auger75_p2,0.0000,S,75,44,0.0
D,498388,auger75_p2,0.0000,S,75,44,0.0
D,498484,auger75_p2,0.0000,S,75,44,0.0
D,498580,auger75_p2,0.0000,S,75,44,0.0
D,498674,auger75_p2,0.0000,S,75,44,0.0
D,498769,auger75_p2,0.0000,S,75,44,0.0
D,498865,auger75_p2,0.0000,S,75,44,0.0
D,498961,auger75_p2,0.0000,S,75,44,0.0
D,499057,auger75_p2,0.0000,S,75,44,0.0
D,499153,auger75_p2,0.0000,S,75,44,0.0
D,499249,auger75_p2,0.0000,S,75,44,0.0
D,499344,auger75_p2,0.0000,S,75,44,0.0
D,499440,auger75_p2,0.0000,S,75,44,0.0
D,499534,auger75_p2,0.0000,S,75,44,0.0
D,499630,auger75_p2,0.0000,S,75,44,0.0
D,499726,auger75_p2,0.0000,S,75,44,0.0
D,499822,auger75_p2,0.0000,S,75,44,0.0
D,499918,auger75_p2,0.0000,S,75,44,0.0
D,500013,auger75_p2,0.0000,S,75,44,0.0
D,500109,auger75_p2,0.0000,S,75,44,0.0
D,500205,auger75_p2,0.0000,S,75,44,0.0
D,500301,auger75_p2,0.0000,S,75,44,0.0
D,500397,auger75_p2,0.0000,S,75,44,0.0
D,500491,auger75_p2,0.0000,S,75,44,0.0
D,500586,auger75_p2,0.0000,S,75,44,0.0
D,500682,auger75_p2,0.0000,S,75,44,0.0
D,500778,auger75_p2,0.0000,S,75,44,0.0
D,500874,auger75_p2,0.0000,S,75,44,0.0
D,500970,auger75_p2,0.0000,S,75,44,0.0
D,501066,auger75_p2,0.0000,S,75,44,0.0
D,501161,auger75_p2,0.0000,S,75,44,0.0
D,501257,auger75_p2,0.0000,S,75,44,0.0
D,501351,auger75_p2,0.0000,S,75,44,0.0
D,501447,auger75_p2,0.0000,S,75,44,0.0
D,501543,auger75_p2,0.0000,S,75,44,0.0
D,501639,auger75_p2,0.0000,S,75,44,0.0
D,501735,auger75_p2,0.0000,S,75,44,0.0
D,501830,auger75_p2,0.0000,S,75,44,0.0
D,501926,auger75_p2,0.0000,S,75,44,0.0
D,502022,auger75_p2,0.0000,S,75,44,0.0
D,502118,auger75_p2,0.0000,S,75,44,0.0
D,502212,auger75_p2,0.0000,S,75,44,0.0
D,502308,auger75_p2,0.0000,S,75,44,0.0
D,502404,auger75_p2,0.0000,S,75,44,0.0
D,502500,auger75_p2,0.0000,S,75,44,0.0
D,502595,auger75_p2,0.0000,S,75,44,0.0
D,502691,auger75_p2,0.0000,S,75,44,0.0
D,502787,auger75_p2,0.0000,S,75,44,0.0
D,502883,auger75_p2,0.0000,S,75,44,0.0
D,502979,auger75_p2,0.0000,S,75,44,0.0
D,503074,auger75_p2,0.0000,S,75,44,0.0
D,503168,auger75_p2,0.0000,S,75,44,0.0
D,503264,auger75_p2,0.0000,S,75,44,0.0
D,503360,auger75_p2,0.0000,S,75,44,0.0
D,503456,auger75_p2,0.0000,S,75,44,0.0
D,503552,auger75_p2,0.0000,S,75,44,0.0
D,503647,auger75_p2,0.0000,S,75,44,0.0
D,503743,auger75_p2,0.0000,S,75,44,0.0
D,503839,auger75_p2,0.0000,S,75,44,0.0
D,503935,auger75_p2,0.0000,S,75,44,0.0
D,504029,auger75_p2,0.0000,S,75,44,0.0
D,504125,auger75_p2,0.0000,S,75,44,0.0
D,504221,auger75_p2,0.0000,S,75,44,0.0
D,504316,auger75_p2,0.0000,S,75,44,0.0
D,504412,auger75_p2,0.0000,S,75,44,0.0
D,504508,auger75_p2,0.0000,S,75,44,0.0
D,504604,auger75_p2,0.0000,S,75,44,0.0
D,504700,auger75_p2,0.0000,S,75,44,0.0
D,504796,auger75_p2,0.0000,S,75,44,0.0
D,504889,auger75_p2,0.0000,S,75,44,0.0
D,504985,auger75_p2,0.0000,S,75,44,0.0
D,505081,auger75_p2,0.0000,S,75,44,0.0
D,505177,auger75_p2,0.0000,S,75,44,0.0
D,505273,auger75_p2,0.0000,S,75,44,0.0
D,505369,auger75_p2,0.0000,S,75,44,0.0
D,505465,auger75_p2,0.0000,S,75,44,0.0
D,505560,auger75_p2,0.0000,S,75,44,0.0
D,505656,auger75_p2,0.0000,S,75,44,0.0
D,505750,auger75_p2,0.0000,S,75,44,0.0
D,505846,auger75_p2,0.0000,S,75,44,0.0
D,505942,auger75_p2,0.0000,S,75,44,0.0
D,506038,auger75_p2,0.0000,S,75,44,0.0
D,506133,auger75_p2,0.0000,S,75,44,0.0
D,506229,auger75_p2,0.0000,S,75,44,0.0
D,506325,auger75_p2,0.0000,S,75,44,0.0
D,506421,auger75_p2,0.0000,S,75,44,0.0
D,506517,auger75_p2,0.0000,S,75,44,0.0
D,506613,auger75_p2,0.0000,S,75,44,0.0
D,506707,auger75_p2,0.0000,S,75,44,0.0
D,506803,auger75_p2,0.0000,S,75,44,0.0
D,506898,auger75_p2,0.0000,S,75,44,0.0
D,506994,auger75_p2,0.0000,S,75,44,0.0
D,507090,auger75_p2,0.0000,S,75,44,0.0
D,507186,auger75_p2,0.0000,S,75,44,0.0
D,507282,auger75_p2,0.0000,S,75,44,0.0
D,507377,auger75_p2,0.0000,S,75,44,0.0
D,507473,auger75_p2,0.0000,S,75,44,0.0
D,507579,auger75_p2,0.0000,S,75,44,0.0
D,507759,auger75_p2,0.0000,S,75,44,0.0
D,507855,auger75_p2,0.0000,S,75,44,0.0
D,507951,auger75_p2,0.0000,S,75,44,0.0
D,508046,auger75_p2,0.0000,S,75,44,0.0
D,508142,auger75_p2,0.0000,S,75,44,0.0
D,508238,auger75_p2,0.0000,S,75,44,0.0
D,508334,auger75_p2,0.0000,S,75,44,0.0
D,508428,auger75_p2,0.0000,S,75,44,0.0
D,508524,auger75_p2,0.0000,S,75,44,0.0
D,508620,auger75_p2,0.0000,S,75,44,0.0
D,508715,auger75_p2,0.0000,S,75,44,0.0
D,508811,auger75_p2,0.0000,S,75,44,0.0
D,508907,auger75_p2,0.0000,S,75,44,0.0
E,508971,BLOCK_END,auger75_p2
E,508973,BLOCK_START,post_auger75_p2
D,509003,post_auger75_p2,0.0000,S,0,44,0.0
D,509099,post_auger75_p2,0.0000,S,0,44,0.0
D,509195,post_auger75_p2,0.0000,S,0,44,0.0
D,509291,post_auger75_p2,0.0000,S,0,44,0.0
D,509384,post_auger75_p2,0.0000,S,0,44,0.0
D,509480,post_auger75_p2,0.0000,S,0,44,0.0
D,509576,post_auger75_p2,0.0000,S,0,44,0.0
D,509672,post_auger75_p2,0.0000,S,0,44,0.0
D,509768,post_auger75_p2,0.0000,S,0,44,0.0
D,509864,post_auger75_p2,0.0000,S,0,44,0.0
D,509959,post_auger75_p2,0.0000,S,0,44,0.0
D,510055,post_auger75_p2,0.0000,S,0,44,0.0
D,510151,post_auger75_p2,0.0000,S,0,44,0.0
D,510245,post_auger75_p2,0.0000,S,0,44,0.0
D,510341,post_auger75_p2,0.0000,S,0,44,0.0
D,510437,post_auger75_p2,0.0000,S,0,44,0.0
D,510532,post_auger75_p2,0.0000,S,0,44,0.0
D,510628,post_auger75_p2,0.0000,S,0,44,0.0
D,510724,post_auger75_p2,0.0000,S,0,44,0.0
D,510820,post_auger75_p2,0.0000,S,0,44,0.0
D,510916,post_auger75_p2,0.0000,S,0,44,0.0
D,511012,post_auger75_p2,0.0000,S,0,44,0.0
D,511106,post_auger75_p2,0.0000,S,0,44,0.0
D,511201,post_auger75_p2,0.0000,S,0,44,0.0
D,511297,post_auger75_p2,0.0000,S,0,44,0.0
D,511393,post_auger75_p2,0.0000,S,0,44,0.0
D,511489,post_auger75_p2,0.0000,S,0,44,0.0
D,511585,post_auger75_p2,0.0000,S,0,44,0.0
D,511681,post_auger75_p2,0.0000,S,0,44,0.0
D,511776,post_auger75_p2,0.0000,S,0,44,0.0
D,511872,post_auger75_p2,0.0000,S,0,44,0.0
D,511966,post_auger75_p2,0.0000,S,0,44,0.0
D,512062,post_auger75_p2,0.0000,S,0,44,0.0
D,512158,post_auger75_p2,0.0000,S,0,44,0.0
D,512254,post_auger75_p2,0.0000,S,0,44,0.0
D,512350,post_auger75_p2,0.0000,S,0,44,0.0
D,512445,post_auger75_p2,0.0000,S,0,44,0.0
D,512541,post_auger75_p2,0.0000,S,0,44,0.0
D,512637,post_auger75_p2,0.0000,S,0,44,0.0
D,512733,post_auger75_p2,0.0000,S,0,44,0.0
D,512829,post_auger75_p2,0.0000,S,0,44,0.0
D,512923,post_auger75_p2,0.0000,S,0,44,0.0
D,513018,post_auger75_p2,0.0000,S,0,44,0.0
D,513114,post_auger75_p2,0.0000,S,0,44,0.0
D,513210,post_auger75_p2,0.0000,S,0,44,0.0
D,513306,post_auger75_p2,0.0000,S,0,44,0.0
D,513402,post_auger75_p2,0.0000,S,0,44,0.0
D,513498,post_auger75_p2,0.0000,S,0,44,0.0
D,513593,post_auger75_p2,0.0000,S,0,44,0.0
D,513689,post_auger75_p2,0.0000,S,0,44,0.0
D,513783,post_auger75_p2,0.0000,S,0,44,0.0
D,513879,post_auger75_p2,0.0000,S,0,44,0.0
D,513975,post_auger75_p2,0.0000,S,0,44,0.0
D,514071,post_auger75_p2,0.0000,S,0,44,0.0
D,514167,post_auger75_p2,0.0000,S,0,44,0.0
D,514262,post_auger75_p2,0.0000,S,0,44,0.0
D,514358,post_auger75_p2,0.0000,S,0,44,0.0
D,514454,post_auger75_p2,0.0000,S,0,44,0.0
D,514550,post_auger75_p2,0.0000,S,0,44,0.0
D,514644,post_auger75_p2,0.0000,S,0,44,0.0
D,514740,post_auger75_p2,0.0000,S,0,44,0.0
D,514836,post_auger75_p2,0.0000,S,0,44,0.0
D,514932,post_auger75_p2,0.0000,S,0,44,0.0
D,515027,post_auger75_p2,0.0000,S,0,44,0.0
D,515123,post_auger75_p2,0.0000,S,0,44,0.0
D,515219,post_auger75_p2,0.0000,S,0,44,0.0
D,515315,post_auger75_p2,0.0000,S,0,44,0.0
D,515411,post_auger75_p2,0.0000,S,0,44,0.0
D,515507,post_auger75_p2,0.0000,S,0,44,0.0
D,515600,post_auger75_p2,0.0000,S,0,44,0.0
D,515696,post_auger75_p2,0.0000,S,0,44,0.0
D,515792,post_auger75_p2,0.0000,S,0,44,0.0
D,515888,post_auger75_p2,0.0000,S,0,44,0.0
D,515984,post_auger75_p2,0.0000,S,0,44,0.0
D,516080,post_auger75_p2,0.0000,S,0,44,0.0
D,516175,post_auger75_p2,0.0000,S,0,44,0.0
D,516271,post_auger75_p2,0.0000,S,0,44,0.0
D,516367,post_auger75_p2,0.0000,S,0,44,0.0
D,516461,post_auger75_p2,0.0000,S,0,44,0.0
D,516557,post_auger75_p2,0.0000,S,0,44,0.0
D,516653,post_auger75_p2,0.0000,S,0,44,0.0
D,516749,post_auger75_p2,0.0000,S,0,44,0.0
D,516844,post_auger75_p2,0.0000,S,0,44,0.0
D,516940,post_auger75_p2,0.0000,S,0,44,0.0
D,517036,post_auger75_p2,0.0000,S,0,44,0.0
D,517132,post_auger75_p2,0.0000,S,0,44,0.0
D,517228,post_auger75_p2,0.0000,S,0,44,0.0
D,517322,post_auger75_p2,0.0000,S,0,44,0.0
D,517418,post_auger75_p2,0.0000,S,0,44,0.0
D,517513,post_auger75_p2,0.0000,S,0,44,0.0
D,517609,post_auger75_p2,0.0000,S,0,44,0.0
D,517705,post_auger75_p2,0.0000,S,0,44,0.0
D,517801,post_auger75_p2,0.0000,S,0,44,0.0
D,517897,post_auger75_p2,0.0000,S,0,44,0.0
D,517993,post_auger75_p2,0.0000,S,0,44,0.0
D,518088,post_auger75_p2,0.0000,S,0,44,0.0
D,518182,post_auger75_p2,0.0000,S,0,44,0.0
D,518278,post_auger75_p2,0.0000,S,0,44,0.0
D,518374,post_auger75_p2,0.0000,S,0,44,0.0
D,518470,post_auger75_p2,0.0000,S,0,44,0.0
D,518566,post_auger75_p2,0.0000,S,0,44,0.0
D,518662,post_auger75_p2,0.0000,S,0,44,0.0
D,518757,post_auger75_p2,0.0000,S,0,44,0.0
D,518853,post_auger75_p2,0.0000,S,0,44,0.0
D,518949,post_auger75_p2,0.0000,S,0,44,0.0
D,519045,post_auger75_p2,0.0000,S,0,44,0.0
D,519139,post_auger75_p2,0.0000,S,0,44,0.0
D,519235,post_auger75_p2,0.0000,S,0,44,0.0
D,519330,post_auger75_p2,0.0000,S,0,44,0.0
D,519426,post_auger75_p2,0.0000,S,0,44,0.0
D,519534,post_auger75_p2,0.0000,S,0,44,0.0
D,519714,post_auger75_p2,0.0000,S,0,44,0.0
D,519809,post_auger75_p2,0.0000,S,0,44,0.0
D,519906,post_auger75_p2,0.0000,S,0,44,0.0
D,519999,post_auger75_p2,0.0000,S,0,44,0.0
D,520095,post_auger75_p2,0.0000,S,0,44,0.0
D,520191,post_auger75_p2,0.0000,S,0,44,0.0
D,520287,post_auger75_p2,0.0000,S,0,44,0.0
D,520383,post_auger75_p2,0.0000,S,0,44,0.0
D,520479,post_auger75_p2,0.0000,S,0,44,0.0
D,520574,post_auger75_p2,0.0000,S,0,44,0.0
D,520670,post_auger75_p2,0.0000,S,0,44,0.0
D,520766,post_auger75_p2,0.0000,S,0,44,0.0
D,520860,post_auger75_p2,0.0000,S,0,44,0.0
D,520956,post_auger75_p2,0.0000,S,0,44,0.0
D,521052,post_auger75_p2,0.0000,S,0,44,0.0
D,521147,post_auger75_p2,0.0000,S,0,44,0.0
D,521243,post_auger75_p2,0.0000,S,0,44,0.0
D,521339,post_auger75_p2,0.0000,S,0,44,0.0
D,521435,post_auger75_p2,0.0000,S,0,44,0.0
D,521531,post_auger75_p2,0.0000,S,0,44,0.0
D,521627,post_auger75_p2,0.0000,S,0,44,0.0
D,521723,post_auger75_p2,0.0000,S,0,44,0.0
D,521816,post_auger75_p2,0.0000,S,0,44,0.0
D,521912,post_auger75_p2,0.0000,S,0,44,0.0
D,522008,post_auger75_p2,0.0000,S,0,44,0.0
D,522104,post_auger75_p2,0.0000,S,0,44,0.0
D,522200,post_auger75_p2,0.0000,S,0,44,0.0
D,522296,post_auger75_p2,0.0000,S,0,44,0.0
D,522391,post_auger75_p2,0.0000,S,0,44,0.0
D,522487,post_auger75_p2,0.0000,S,0,44,0.0
D,522583,post_auger75_p2,0.0000,S,0,44,0.0
D,522677,post_auger75_p2,0.0000,S,0,44,0.0
D,522773,post_auger75_p2,0.0000,S,0,44,0.0
D,522869,post_auger75_p2,0.0000,S,0,44,0.0
D,522965,post_auger75_p2,0.0000,S,0,44,0.0
D,523060,post_auger75_p2,0.0000,S,0,44,0.0
D,523156,post_auger75_p2,0.0000,S,0,44,0.0
D,523252,post_auger75_p2,0.0000,S,0,44,0.0
D,523348,post_auger75_p2,0.0000,S,0,44,0.0
D,523444,post_auger75_p2,0.0000,S,0,44,0.0
D,523538,post_auger75_p2,0.0000,S,0,44,0.0
D,523633,post_auger75_p2,0.0000,S,0,44,0.0
D,523729,post_auger75_p2,0.0000,S,0,44,0.0
D,523825,post_auger75_p2,0.0000,S,0,44,0.0
D,523921,post_auger75_p2,0.0000,S,0,44,0.0
E,523984,BLOCK_END,post_auger75_p2
E,523986,BLOCK_START,auger55_p2
D,524017,auger55_p2,0.0000,S,55,44,0.0
D,524113,auger55_p2,0.0000,S,55,44,0.0
D,524208,auger55_p2,0.0000,S,55,44,0.0
D,524304,auger55_p2,0.0000,S,55,44,0.0
D,524398,auger55_p2,0.0000,S,55,44,0.0
D,524494,auger55_p2,0.0000,S,55,44,0.0
D,524590,auger55_p2,0.0000,S,55,44,0.0
D,524686,auger55_p2,0.0000,S,55,44,0.0
D,524782,auger55_p2,0.0000,S,55,44,0.0
D,524877,auger55_p2,0.0000,S,55,44,0.0
D,524973,auger55_p2,0.0000,S,55,44,0.0
D,525069,auger55_p2,0.0000,S,55,44,0.0
D,525165,auger55_p2,0.0000,S,55,44,0.0
D,525261,auger55_p2,0.0000,S,55,44,0.0
D,525355,auger55_p2,0.0000,S,55,44,0.0
D,525450,auger55_p2,0.0000,S,55,44,0.0
D,525547,auger55_p2,0.0000,S,55,44,0.0
D,525642,auger55_p2,0.0000,S,55,44,0.0
D,525738,auger55_p2,0.0000,S,55,44,0.0
D,525834,auger55_p2,0.0000,S,55,44,0.0
D,525930,auger55_p2,0.0000,S,55,44,0.0
D,526026,auger55_p2,0.0000,S,55,44,0.0
D,526121,auger55_p2,0.0000,S,55,44,0.0
D,526215,auger55_p2,0.0000,S,55,44,0.0
D,526311,auger55_p2,0.0000,S,55,44,0.0
D,526407,auger55_p2,0.0000,S,55,44,0.0
D,526503,auger55_p2,0.0000,S,55,44,0.0
D,526599,auger55_p2,0.0000,S,55,44,0.0
D,526694,auger55_p2,0.0000,S,55,44,0.0
D,526790,auger55_p2,0.0000,S,55,44,0.0
D,526886,auger55_p2,0.0000,S,55,44,0.0
D,526982,auger55_p2,0.0000,S,55,44,0.0
D,527076,auger55_p2,0.0000,S,55,44,0.0
D,527172,auger55_p2,0.0000,S,55,44,0.0
D,527268,auger55_p2,0.0000,S,55,44,0.0
D,527363,auger55_p2,0.0000,S,55,44,0.0
D,527459,auger55_p2,0.0000,S,55,44,0.0
D,527555,auger55_p2,0.0000,S,55,44,0.0
D,527651,auger55_p2,0.0000,S,55,44,0.0
D,527747,auger55_p2,0.0000,S,55,44,0.0
D,527843,auger55_p2,0.0000,S,55,44,0.0
D,527939,auger55_p2,0.0000,S,55,44,0.0
D,528032,auger55_p2,0.0000,S,55,44,0.0
D,528128,auger55_p2,0.0000,S,55,44,0.0
D,528224,auger55_p2,0.0000,S,55,44,0.0
D,528320,auger55_p2,0.0000,S,55,44,0.0
D,528416,auger55_p2,0.0000,S,55,44,0.0
D,528512,auger55_p2,0.0000,S,55,44,0.0
D,528607,auger55_p2,0.0000,S,55,44,0.0
D,528703,auger55_p2,0.0000,S,55,44,0.0
D,528799,auger55_p2,0.0000,S,55,44,0.0
D,528893,auger55_p2,0.0000,S,55,44,0.0
D,528989,auger55_p2,0.0000,S,55,44,0.0
D,529085,auger55_p2,0.0000,S,55,44,0.0
D,529181,auger55_p2,0.0000,S,55,44,0.0
D,529276,auger55_p2,0.0000,S,55,44,0.0
D,529372,auger55_p2,0.0000,S,55,44,0.0
D,529468,auger55_p2,0.0000,S,55,44,0.0
D,529564,auger55_p2,0.0000,S,55,44,0.0
D,529660,auger55_p2,0.0000,S,55,44,0.0
D,529754,auger55_p2,0.0000,S,55,44,0.0
D,529850,auger55_p2,0.0000,S,55,44,0.0
D,529945,auger55_p2,0.0000,S,55,44,0.0
D,530041,auger55_p2,0.0000,S,55,44,0.0
D,530137,auger55_p2,0.0000,S,55,44,0.0
D,530233,auger55_p2,0.0000,S,55,44,0.0
D,530329,auger55_p2,0.0000,S,55,44,0.0
D,530424,auger55_p2,0.0000,S,55,44,0.0
D,530520,auger55_p2,0.0000,S,55,44,0.0
D,530614,auger55_p2,0.0000,S,55,44,0.0
D,530710,auger55_p2,0.0000,S,55,44,0.0
D,530806,auger55_p2,0.0000,S,55,44,0.0
D,530902,auger55_p2,0.0000,S,55,44,0.0
D,530998,auger55_p2,0.0000,S,55,44,0.0
D,531094,auger55_p2,0.0000,S,55,44,0.0
D,531201,auger55_p2,0.0000,S,55,44,0.0
D,531381,auger55_p2,0.0000,S,55,44,0.0
D,531477,auger55_p2,0.0000,S,55,44,0.0
D,531571,auger55_p2,0.0000,S,55,44,0.0
D,531667,auger55_p2,0.0000,S,55,44,0.0
D,531762,auger55_p2,0.0000,S,55,44,0.0
D,531858,auger55_p2,0.0000,S,55,44,0.0
D,531954,auger55_p2,0.0000,S,55,44,0.0
D,532050,auger55_p2,0.0000,S,55,44,0.0
D,532146,auger55_p2,0.0000,S,55,44,0.0
D,532242,auger55_p2,0.0000,S,55,44,0.0
D,532337,auger55_p2,0.0000,S,55,44,0.0
D,532431,auger55_p2,0.0000,S,55,44,0.0
D,532527,auger55_p2,0.0000,S,55,44,0.0
D,532623,auger55_p2,0.0000,S,55,44,0.0
D,532719,auger55_p2,0.0000,S,55,44,0.0
D,532815,auger55_p2,0.0000,S,55,44,0.0
D,532911,auger55_p2,0.0000,S,55,44,0.0
D,533006,auger55_p2,0.0000,S,55,44,0.0
D,533102,auger55_p2,0.0000,S,55,44,0.0
D,533198,auger55_p2,0.0000,S,55,44,0.0
D,533292,auger55_p2,0.0000,S,55,44,0.0
D,533388,auger55_p2,0.0000,S,55,44,0.0
D,533484,auger55_p2,0.0000,S,55,44,0.0
D,533580,auger55_p2,0.0000,S,55,44,0.0
D,533675,auger55_p2,0.0000,S,55,44,0.0
D,533771,auger55_p2,0.0000,S,55,44,0.0
D,533867,auger55_p2,0.0000,S,55,44,0.0
D,533963,auger55_p2,0.0000,S,55,44,0.0
D,534059,auger55_p2,0.0000,S,55,44,0.0
D,534155,auger55_p2,0.0000,S,55,44,0.0
D,534248,auger55_p2,0.0000,S,55,44,0.0
D,534344,auger55_p2,0.0000,S,55,44,0.0
D,534440,auger55_p2,0.0000,S,55,44,0.0
D,534536,auger55_p2,0.0000,S,55,44,0.0
D,534632,auger55_p2,0.0000,S,55,44,0.0
D,534728,auger55_p2,0.0000,S,55,44,0.0
D,534823,auger55_p2,0.0000,S,55,44,0.0
D,534919,auger55_p2,0.0000,S,55,44,0.0
D,535015,auger55_p2,0.0000,S,55,44,0.0
D,535109,auger55_p2,0.0000,S,55,44,0.0
D,535205,auger55_p2,0.0000,S,55,44,0.0
D,535301,auger55_p2,0.0000,S,55,44,0.0
D,535397,auger55_p2,0.0000,S,55,44,0.0
D,535492,auger55_p2,0.0000,S,55,44,0.0
D,535588,auger55_p2,0.0000,S,55,44,0.0
D,535684,auger55_p2,0.0000,S,55,44,0.0
D,535780,auger55_p2,0.0000,S,55,44,0.0
D,535876,auger55_p2,0.0000,S,55,44,0.0
D,535970,auger55_p2,0.0000,S,55,44,0.0
D,536065,auger55_p2,0.0000,S,55,44,0.0
D,536162,auger55_p2,0.0000,S,55,44,0.0
D,536257,auger55_p2,0.0000,S,55,44,0.0
D,536353,auger55_p2,0.0000,S,55,44,0.0
D,536449,auger55_p2,0.0000,S,55,44,0.0
D,536545,auger55_p2,0.0000,S,55,44,0.0
D,536641,auger55_p2,0.0000,S,55,44,0.0
D,536736,auger55_p2,0.0000,S,55,44,0.0
D,536830,auger55_p2,0.0000,S,55,44,0.0
D,536926,auger55_p2,0.0000,S,55,44,0.0
D,537022,auger55_p2,0.0000,S,55,44,0.0
D,537118,auger55_p2,0.0000,S,55,44,0.0
D,537214,auger55_p2,0.0000,S,55,44,0.0
D,537309,auger55_p2,0.0000,S,55,44,0.0
D,537405,auger55_p2,0.0000,S,55,44,0.0
D,537501,auger55_p2,0.0000,S,55,44,0.0
D,537597,auger55_p2,0.0000,S,55,44,0.0
D,537693,auger55_p2,0.0000,S,55,44,0.0
D,537787,auger55_p2,0.0000,S,55,44,0.0
D,537883,auger55_p2,0.0000,S,55,44,0.0
D,537979,auger55_p2,0.0000,S,55,44,0.0
D,538074,auger55_p2,0.0000,S,55,44,0.0
D,538170,auger55_p2,0.0000,S,55,44,0.0
D,538266,auger55_p2,0.0000,S,55,44,0.0
D,538362,auger55_p2,0.0000,S,55,44,0.0
D,538458,auger55_p2,0.0000,S,55,44,0.0
D,538553,auger55_p2,0.0000,S,55,44,0.0
D,538648,auger55_p2,0.0000,S,55,44,0.0
D,538743,auger55_p2,0.0000,S,55,44,0.0
D,538839,auger55_p2,0.0000,S,55,44,0.0
D,538935,auger55_p2,0.0000,S,55,44,0.0
E,538999,BLOCK_END,auger55_p2
E,539001,BLOCK_START,post_auger55_p2
D,539031,post_auger55_p2,0.0000,S,0,44,0.0
D,539127,post_auger55_p2,0.0000,S,0,44,0.0
D,539222,post_auger55_p2,0.0000,S,0,44,0.0
D,539318,post_auger55_p2,0.0000,S,0,44,0.0
D,539414,post_auger55_p2,0.0000,S,0,44,0.0
D,539508,post_auger55_p2,0.0000,S,0,44,0.0
D,539604,post_auger55_p2,0.0000,S,0,44,0.0
D,539700,post_auger55_p2,0.0000,S,0,44,0.0
D,539796,post_auger55_p2,0.0000,S,0,44,0.0
D,539891,post_auger55_p2,0.0000,S,0,44,0.0
D,539987,post_auger55_p2,0.0000,S,0,44,0.0
D,540083,post_auger55_p2,0.0000,S,0,44,0.0
D,540179,post_auger55_p2,0.0000,S,0,44,0.0
D,540275,post_auger55_p2,0.0000,S,0,44,0.0
D,540369,post_auger55_p2,0.0000,S,0,44,0.0
D,540464,post_auger55_p2,0.0000,S,0,44,0.0
D,540560,post_auger55_p2,0.0000,S,0,44,0.0
D,540656,post_auger55_p2,0.0000,S,0,44,0.0
D,540752,post_auger55_p2,0.0000,S,0,44,0.0
D,540848,post_auger55_p2,0.0000,S,0,44,0.0
D,540944,post_auger55_p2,0.0000,S,0,44,0.0
D,541040,post_auger55_p2,0.0000,S,0,44,0.0
D,541135,post_auger55_p2,0.0000,S,0,44,0.0
D,541231,post_auger55_p2,0.0000,S,0,44,0.0
D,541325,post_auger55_p2,0.0000,S,0,44,0.0
D,541421,post_auger55_p2,0.0000,S,0,44,0.0
D,541517,post_auger55_p2,0.0000,S,0,44,0.0
D,541613,post_auger55_p2,0.0000,S,0,44,0.0
D,541709,post_auger55_p2,0.0000,S,0,44,0.0
D,541804,post_auger55_p2,0.0000,S,0,44,0.0
D,541900,post_auger55_p2,0.0000,S,0,44,0.0
D,541996,post_auger55_p2,0.0000,S,0,44,0.0
D,542092,post_auger55_p2,0.0000,S,0,44,0.0
D,542186,post_auger55_p2,0.0000,S,0,44,0.0
D,542282,post_auger55_p2,0.0000,S,0,44,0.0
D,542377,post_auger55_p2,0.0000,S,0,44,0.0
D,542473,post_auger55_p2,0.0000,S,0,44,0.0
D,542569,post_auger55_p2,0.0000,S,0,44,0.0
D,542665,post_auger55_p2,0.0000,S,0,44,0.0
D,542761,post_auger55_p2,0.0000,S,0,44,0.0
D,542861,post_auger55_p2,0.0000,S,0,44,0.0
D,542953,post_auger55_p2,0.0000,S,0,44,0.0
D,543046,post_auger55_p2,0.0000,S,0,44,0.0
D,543142,post_auger55_p2,0.0000,S,0,44,0.0
D,543238,post_auger55_p2,0.0000,S,0,44,0.0
D,543334,post_auger55_p2,0.0000,S,0,44,0.0
D,543430,post_auger55_p2,0.0000,S,0,44,0.0
D,543526,post_auger55_p2,0.0000,S,0,44,0.0
D,543621,post_auger55_p2,0.0000,S,0,44,0.0
D,543717,post_auger55_p2,0.0000,S,0,44,0.0
D,543813,post_auger55_p2,0.0000,S,0,44,0.0
D,543909,post_auger55_p2,0.0000,S,0,44,0.0
D,544003,post_auger55_p2,0.0000,S,0,44,0.0
D,544099,post_auger55_p2,0.0000,S,0,44,0.0
D,544194,post_auger55_p2,0.0000,S,0,44,0.0
D,544290,post_auger55_p2,0.0000,S,0,44,0.0
D,544386,post_auger55_p2,0.0000,S,0,44,0.0
D,544482,post_auger55_p2,0.0000,S,0,44,0.0
D,544578,post_auger55_p2,0.0000,S,0,44,0.0
D,544674,post_auger55_p2,0.0000,S,0,44,0.0
D,544770,post_auger55_p2,0.0000,S,0,44,0.0
D,544863,post_auger55_p2,0.0000,S,0,44,0.0
D,544959,post_auger55_p2,0.0000,S,0,44,0.0
D,545055,post_auger55_p2,0.0000,S,0,44,0.0
D,545151,post_auger55_p2,0.0000,S,0,44,0.0
D,545247,post_auger55_p2,0.0000,S,0,44,0.0
D,545343,post_auger55_p2,0.0000,S,0,44,0.0
D,545438,post_auger55_p2,0.0000,S,0,44,0.0
D,545534,post_auger55_p2,0.0000,S,0,44,0.0
D,545630,post_auger55_p2,0.0000,S,0,44,0.0
D,545724,post_auger55_p2,0.0000,S,0,44,0.0
D,545820,post_auger55_p2,0.0000,S,0,44,0.0
D,545916,post_auger55_p2,0.0000,S,0,44,0.0
D,546012,post_auger55_p2,0.0000,S,0,44,0.0
D,546107,post_auger55_p2,0.0000,S,0,44,0.0
D,546203,post_auger55_p2,0.0000,S,0,44,0.0
D,546299,post_auger55_p2,0.0000,S,0,44,0.0
D,546395,post_auger55_p2,0.0000,S,0,44,0.0
D,546491,post_auger55_p2,0.0000,S,0,44,0.0
D,546585,post_auger55_p2,0.0000,S,0,44,0.0
D,546680,post_auger55_p2,0.0000,S,0,44,0.0
D,546776,post_auger55_p2,0.0000,S,0,44,0.0
D,546872,post_auger55_p2,0.0000,S,0,44,0.0
D,546968,post_auger55_p2,0.0000,S,0,44,0.0
D,547064,post_auger55_p2,0.0000,S,0,44,0.0
D,547160,post_auger55_p2,0.0000,S,0,44,0.0
D,547256,post_auger55_p2,0.0000,S,0,44,0.0
D,547351,post_auger55_p2,0.0000,S,0,44,0.0
D,547447,post_auger55_p2,0.0000,S,0,44,0.0
D,547541,post_auger55_p2,0.0000,S,0,44,0.0
D,547637,post_auger55_p2,0.0000,S,0,44,0.0
D,547733,post_auger55_p2,0.0000,S,0,44,0.0
D,547829,post_auger55_p2,0.0000,S,0,44,0.0
D,547925,post_auger55_p2,0.0000,S,0,44,0.0
D,548020,post_auger55_p2,0.0000,S,0,44,0.0
D,548116,post_auger55_p2,0.0000,S,0,44,0.0
D,548212,post_auger55_p2,0.0000,S,0,44,0.0
D,548308,post_auger55_p2,0.0000,S,0,44,0.0
D,548402,post_auger55_p2,0.0000,S,0,44,0.0
D,548498,post_auger55_p2,0.0000,S,0,44,0.0
D,548593,post_auger55_p2,0.0000,S,0,44,0.0
D,548689,post_auger55_p2,0.0000,S,0,44,0.0
D,548785,post_auger55_p2,0.0000,S,0,44,0.0
D,548881,post_auger55_p2,0.0000,S,0,44,0.0
D,548977,post_auger55_p2,0.0000,S,0,44,0.0
D,549073,post_auger55_p2,0.0000,S,0,44,0.0
D,549168,post_auger55_p2,0.0000,S,0,44,0.0
D,549262,post_auger55_p2,0.0000,S,0,44,0.0
D,549358,post_auger55_p2,0.0000,S,0,44,0.0
D,549454,post_auger55_p2,0.0000,S,0,44,0.0
D,549550,post_auger55_p2,0.0000,S,0,44,0.0
D,549646,post_auger55_p2,0.0000,S,0,44,0.0
D,549742,post_auger55_p2,0.0000,S,0,44,0.0
D,549837,post_auger55_p2,0.0000,S,0,44,0.0
D,549933,post_auger55_p2,0.0000,S,0,44,0.0
D,550029,post_auger55_p2,0.0000,S,0,44,0.0
D,550125,post_auger55_p2,0.0000,S,0,44,0.0
D,550219,post_auger55_p2,0.0000,S,0,44,0.0
D,550315,post_auger55_p2,0.0000,S,0,44,0.0
D,550410,post_auger55_p2,0.0000,S,0,44,0.0
D,550506,post_auger55_p2,0.0000,S,0,44,0.0
D,550602,post_auger55_p2,0.0000,S,0,44,0.0
D,550698,post_auger55_p2,0.0000,S,0,44,0.0
D,550794,post_auger55_p2,0.0000,S,0,44,0.0
D,550890,post_auger55_p2,0.0000,S,0,44,0.0
D,550986,post_auger55_p2,0.0000,S,0,44,0.0
D,551079,post_auger55_p2,0.0000,S,0,44,0.0
D,551175,post_auger55_p2,0.0000,S,0,44,0.0
D,551271,post_auger55_p2,0.0000,S,0,44,0.0
D,551367,post_auger55_p2,0.0000,S,0,44,0.0
D,551463,post_auger55_p2,0.0000,S,0,44,0.0
D,551559,post_auger55_p2,0.0000,S,0,44,0.0
D,551655,post_auger55_p2,0.0000,S,0,44,0.0
D,551750,post_auger55_p2,0.0000,S,0,44,0.0
D,551846,post_auger55_p2,0.0000,S,0,44,0.0
D,551940,post_auger55_p2,0.0000,S,0,44,0.0
D,552036,post_auger55_p2,0.0000,S,0,44,0.0
D,552132,post_auger55_p2,0.0000,S,0,44,0.0
D,552228,post_auger55_p2,0.0000,S,0,44,0.0
D,552323,post_auger55_p2,0.0000,S,0,44,0.0
D,552419,post_auger55_p2,0.0000,S,0,44,0.0
D,552515,post_auger55_p2,0.0000,S,0,44,0.0
D,552611,post_auger55_p2,0.0000,S,0,44,0.0
D,552707,post_auger55_p2,0.0000,S,0,44,0.0
D,552801,post_auger55_p2,0.0000,S,0,44,0.0
D,552897,post_auger55_p2,0.0000,S,0,44,0.0
D,552992,post_auger55_p2,0.0000,S,0,44,0.0
D,553088,post_auger55_p2,0.0000,S,0,44,0.0
D,553184,post_auger55_p2,0.0000,S,0,44,0.0
D,553280,post_auger55_p2,0.0000,S,0,44,0.0
D,553376,post_auger55_p2,0.0000,S,0,44,0.0
D,553472,post_auger55_p2,0.0000,S,0,44,0.0
D,553567,post_auger55_p2,0.0000,S,0,44,0.0
D,553663,post_auger55_p2,0.0000,S,0,44,0.0
D,553757,post_auger55_p2,0.0000,S,0,44,0.0
D,553853,post_auger55_p2,0.0000,S,0,44,0.0
D,553949,post_auger55_p2,0.0000,S,0,44,0.0
E,554012,BLOCK_END,post_auger55_p2
E,554015,BLOCK_START,auger30_p2
D,554045,auger30_p2,0.0000,S,30,44,0.0
D,554141,auger30_p2,0.0000,S,30,44,0.0
D,554236,auger30_p2,0.0000,S,30,44,0.0
D,554332,auger30_p2,0.0000,S,30,44,0.0
D,554428,auger30_p2,0.0000,S,30,44,0.0
D,554524,auger30_p2,0.0000,S,30,44,0.0
D,554618,auger30_p2,0.0000,S,30,44,0.0
D,554714,auger30_p2,0.0000,S,30,44,0.0
D,554821,auger30_p2,0.0000,S,30,44,0.0
D,555001,auger30_p2,0.0000,S,30,44,0.0
D,555097,auger30_p2,0.0000,S,30,44,0.0
D,555193,auger30_p2,0.0000,S,30,44,0.0
D,555289,auger30_p2,0.0000,S,30,44,0.0
D,555385,auger30_p2,0.0000,S,30,44,0.0
D,555478,auger30_p2,0.0000,S,30,44,0.0
D,555574,auger30_p2,0.0000,S,30,44,0.0
D,555670,auger30_p2,0.0000,S,30,44,0.0
D,555766,auger30_p2,0.0000,S,30,44,0.0
D,555862,auger30_p2,0.0000,S,30,44,0.0
D,555958,auger30_p2,0.0000,S,30,44,0.0
D,556053,auger30_p2,0.0000,S,30,44,0.0
D,556149,auger30_p2,0.0000,S,30,44,0.0
D,556245,auger30_p2,0.0000,S,30,44,0.0
D,556341,auger30_p2,0.0000,S,30,44,0.0
D,556435,auger30_p2,0.0000,S,30,44,0.0
D,556531,auger30_p2,0.0000,S,30,44,0.0
D,556626,auger30_p2,0.0000,S,30,44,0.0
D,556722,auger30_p2,0.0000,S,30,44,0.0
D,556818,auger30_p2,0.0000,S,30,44,0.0
D,556914,auger30_p2,0.0000,S,30,44,0.0
D,557010,auger30_p2,0.0000,S,30,44,0.0
D,557106,auger30_p2,0.0000,S,30,44,0.0
D,557202,auger30_p2,0.0000,S,30,44,0.0
D,557295,auger30_p2,0.0000,S,30,44,0.0
D,557391,auger30_p2,0.0000,S,30,44,0.0
D,557487,auger30_p2,0.0000,S,30,44,0.0
D,557583,auger30_p2,0.0000,S,30,44,0.0
D,557679,auger30_p2,0.0000,S,30,44,0.0
D,557775,auger30_p2,0.0000,S,30,44,0.0
D,557871,auger30_p2,0.0000,S,30,44,0.0
D,557967,auger30_p2,0.0000,S,30,44,0.0
D,558062,auger30_p2,0.0000,S,30,44,0.0
D,558156,auger30_p2,0.0000,S,30,44,0.0
D,558252,auger30_p2,0.0000,S,30,44,0.0
D,558348,auger30_p2,0.0000,S,30,44,0.0
D,558444,auger30_p2,0.0000,S,30,44,0.0
D,558539,auger30_p2,0.0000,S,30,44,0.0
D,558635,auger30_p2,0.0000,S,30,44,0.0
D,558731,auger30_p2,0.0000,S,30,44,0.0
D,558827,auger30_p2,0.0000,S,30,44,0.0
D,558923,auger30_p2,0.0000,S,30,44,0.0
D,559017,auger30_p2,0.0000,S,30,44,0.0
D,559113,auger30_p2,0.0000,S,30,44,0.0
D,559208,auger30_p2,0.0000,S,30,44,0.0
D,559304,auger30_p2,0.0000,S,30,44,0.0
D,559400,auger30_p2,0.0000,S,30,44,0.0
D,559496,auger30_p2,0.0000,S,30,44,0.0
D,559592,auger30_p2,0.0000,S,30,44,0.0
D,559688,auger30_p2,0.0000,S,30,44,0.0
D,559784,auger30_p2,0.0000,S,30,44,0.0
D,559879,auger30_p2,0.0000,S,30,44,0.0
D,559973,auger30_p2,0.0000,S,30,44,0.0
D,560069,auger30_p2,0.0000,S,30,44,0.0
D,560165,auger30_p2,0.0000,S,30,44,0.0
D,560261,auger30_p2,0.0000,S,30,44,0.0
D,560357,auger30_p2,0.0000,S,30,44,0.0
D,560452,auger30_p2,0.0000,S,30,44,0.0
D,560548,auger30_p2,0.0000,S,30,44,0.0
D,560644,auger30_p2,0.0000,S,30,44,0.0
D,560740,auger30_p2,0.0000,S,30,44,0.0
D,560834,auger30_p2,0.0000,S,30,44,0.0
D,560930,auger30_p2,0.0000,S,30,44,0.0
D,561026,auger30_p2,0.0000,S,30,44,0.0
D,561121,auger30_p2,0.0000,S,30,44,0.0
D,561217,auger30_p2,0.0000,S,30,44,0.0
D,561313,auger30_p2,0.0000,S,30,44,0.0
D,561409,auger30_p2,0.0000,S,30,44,0.0
D,561505,auger30_p2,0.0000,S,30,44,0.0
D,561600,auger30_p2,0.0000,S,30,44,0.0
D,561695,auger30_p2,0.0000,S,30,44,0.0
D,561790,auger30_p2,0.0000,S,30,44,0.0
D,561886,auger30_p2,0.0000,S,30,44,0.0
D,561982,auger30_p2,0.0000,S,30,44,0.0
D,562078,auger30_p2,0.0000,S,30,44,0.0
D,562174,auger30_p2,0.0000,S,30,44,0.0
D,562270,auger30_p2,0.0000,S,30,44,0.0
D,562365,auger30_p2,0.0000,S,30,44,0.0
D,562461,auger30_p2,0.0000,S,30,44,0.0
D,562557,auger30_p2,0.0000,S,30,44,0.0
D,562651,auger30_p2,0.0000,S,30,44,0.0
D,562747,auger30_p2,0.0000,S,30,44,0.0
D,562843,auger30_p2,0.0000,S,30,44,0.0
D,562938,auger30_p2,0.0000,S,30,44,0.0
D,563034,auger30_p2,0.0000,S,30,44,0.0
D,563130,auger30_p2,0.0000,S,30,44,0.0
D,563226,auger30_p2,0.0000,S,30,44,0.0
D,563322,auger30_p2,0.0000,S,30,44,0.0
D,563418,auger30_p2,0.0000,S,30,44,0.0
D,563512,auger30_p2,0.0000,S,30,44,0.0
D,563607,auger30_p2,0.0000,S,30,44,0.0
D,563703,auger30_p2,0.0000,S,30,44,0.0
D,563799,auger30_p2,0.0000,S,30,44,0.0
D,563895,auger30_p2,0.0000,S,30,44,0.0
D,563991,auger30_p2,0.0000,S,30,44,0.0
D,564087,auger30_p2,0.0000,S,30,44,0.0
D,564182,auger30_p2,0.0000,S,30,44,0.0
D,564278,auger30_p2,0.0000,S,30,44,0.0
D,564372,auger30_p2,0.0000,S,30,44,0.0
D,564468,auger30_p2,0.0000,S,30,44,0.0
D,564564,auger30_p2,0.0000,S,30,44,0.0
D,564660,auger30_p2,0.0000,S,30,44,0.0
D,564755,auger30_p2,0.0000,S,30,44,0.0
D,564851,auger30_p2,0.0000,S,30,44,0.0
D,564947,auger30_p2,0.0000,S,30,44,0.0
D,565043,auger30_p2,0.0000,S,30,44,0.0
D,565139,auger30_p2,0.0000,S,30,44,0.0
D,565233,auger30_p2,0.0000,S,30,44,0.0
D,565329,auger30_p2,0.0000,S,30,44,0.0
D,565424,auger30_p2,0.0000,S,30,44,0.0
D,565520,auger30_p2,0.0000,S,30,44,0.0
D,565616,auger30_p2,0.0000,S,30,44,0.0
D,565712,auger30_p2,0.0000,S,30,44,0.0
D,565808,auger30_p2,0.0000,S,30,44,0.0
D,565904,auger30_p2,0.0000,S,30,44,0.0
D,565999,auger30_p2,0.0000,S,30,44,0.0
D,566095,auger30_p2,0.0000,S,30,44,0.0
D,566189,auger30_p2,0.0000,S,30,44,0.0
D,566285,auger30_p2,0.0000,S,30,44,0.0
D,566477,auger30_p2,0.0000,S,30,44,0.0
D,566573,auger30_p2,0.0000,S,30,44,0.0
D,566668,auger30_p2,0.0000,S,30,44,0.0
D,566764,auger30_p2,0.0000,S,30,44,0.0
D,566860,auger30_p2,0.0000,S,30,44,0.0
D,566956,auger30_p2,0.0000,S,30,44,0.0
D,567050,auger30_p2,0.0000,S,30,44,0.0
D,567146,auger30_p2,0.0000,S,30,44,0.0
D,567241,auger30_p2,0.0000,S,30,44,0.0
D,567337,auger30_p2,0.0000,S,30,44,0.0
D,567433,auger30_p2,0.0000,S,30,44,0.0
D,567529,auger30_p2,0.0000,S,30,44,0.0
D,567625,auger30_p2,0.0000,S,30,44,0.0
D,567721,auger30_p2,0.0000,S,30,44,0.0
D,567817,auger30_p2,0.0000,S,30,44,0.0
D,567910,auger30_p2,0.0000,S,30,44,0.0
D,568006,auger30_p2,0.0000,S,30,44,0.0
D,568102,auger30_p2,0.0000,S,30,44,0.0
D,568198,auger30_p2,0.0000,S,30,44,0.0
D,568294,auger30_p2,0.0000,S,30,44,0.0
D,568390,auger30_p2,0.0000,S,30,44,0.0
D,568485,auger30_p2,0.0000,S,30,44,0.0
D,568581,auger30_p2,0.0000,S,30,44,0.0
D,568677,auger30_p2,0.0000,S,30,44,0.0
D,568773,auger30_p2,0.0000,S,30,44,0.0
D,568867,auger30_p2,0.0000,S,30,44,0.0
D,568963,auger30_p2,0.0000,S,30,44,0.0
E,569027,BLOCK_END,auger30_p2
E,569029,BLOCK_START,post_auger30_p2
D,569059,post_auger30_p2,0.0000,S,0,44,0.0
D,569154,post_auger30_p2,0.0000,S,0,44,0.0
D,569250,post_auger30_p2,0.0000,S,0,44,0.0
D,569346,post_auger30_p2,0.0000,S,0,44,0.0
D,569442,post_auger30_p2,0.0000,S,0,44,0.0
D,569538,post_auger30_p2,0.0000,S,0,44,0.0
D,569634,post_auger30_p2,0.0000,S,0,44,0.0
D,569727,post_auger30_p2,0.0000,S,0,44,0.0
D,569823,post_auger30_p2,0.0000,S,0,44,0.0
D,569919,post_auger30_p2,0.0000,S,0,44,0.0
D,570015,post_auger30_p2,0.0000,S,0,44,0.0
D,570111,post_auger30_p2,0.0000,S,0,44,0.0
D,570207,post_auger30_p2,0.0000,S,0,44,0.0
D,570302,post_auger30_p2,0.0000,S,0,44,0.0
D,570398,post_auger30_p2,0.0000,S,0,44,0.0
D,570494,post_auger30_p2,0.0000,S,0,44,0.0
D,570588,post_auger30_p2,0.0000,S,0,44,0.0
D,570684,post_auger30_p2,0.0000,S,0,44,0.0
D,570780,post_auger30_p2,0.0000,S,0,44,0.0
D,570876,post_auger30_p2,0.0000,S,0,44,0.0
D,570971,post_auger30_p2,0.0000,S,0,44,0.0
D,571067,post_auger30_p2,0.0000,S,0,44,0.0
D,571163,post_auger30_p2,0.0000,S,0,44,0.0
D,571259,post_auger30_p2,0.0000,S,0,44,0.0
D,571355,post_auger30_p2,0.0000,S,0,44,0.0
D,571449,post_auger30_p2,0.0000,S,0,44,0.0
D,571545,post_auger30_p2,0.0000,S,0,44,0.0
D,571640,post_auger30_p2,0.0000,S,0,44,0.0
D,571736,post_auger30_p2,0.0000,S,0,44,0.0
D,571832,post_auger30_p2,0.0000,S,0,44,0.0
D,571928,post_auger30_p2,0.0000,S,0,44,0.0
D,572024,post_auger30_p2,0.0000,S,0,44,0.0
D,572120,post_auger30_p2,0.0000,S,0,44,0.0
D,572215,post_auger30_p2,0.0000,S,0,44,0.0
D,572311,post_auger30_p2,0.0000,S,0,44,0.0
D,572405,post_auger30_p2,0.0000,S,0,44,0.0
D,572501,post_auger30_p2,0.0000,S,0,44,0.0
D,572597,post_auger30_p2,0.0000,S,0,44,0.0
D,572693,post_auger30_p2,0.0000,S,0,44,0.0
D,572789,post_auger30_p2,0.0000,S,0,44,0.0
D,572885,post_auger30_p2,0.0000,S,0,44,0.0
D,572980,post_auger30_p2,0.0000,S,0,44,0.0
D,573076,post_auger30_p2,0.0000,S,0,44,0.0
D,573172,post_auger30_p2,0.0000,S,0,44,0.0
D,573266,post_auger30_p2,0.0000,S,0,44,0.0
D,573362,post_auger30_p2,0.0000,S,0,44,0.0
D,573458,post_auger30_p2,0.0000,S,0,44,0.0
D,573553,post_auger30_p2,0.0000,S,0,44,0.0
D,573649,post_auger30_p2,0.0000,S,0,44,0.0
D,573745,post_auger30_p2,0.0000,S,0,44,0.0
D,573841,post_auger30_p2,0.0000,S,0,44,0.0
D,573937,post_auger30_p2,0.0000,S,0,44,0.0
D,574033,post_auger30_p2,0.0000,S,0,44,0.0
D,574127,post_auger30_p2,0.0000,S,0,44,0.0
D,574222,post_auger30_p2,0.0000,S,0,44,0.0
D,574318,post_auger30_p2,0.0000,S,0,44,0.0
D,574414,post_auger30_p2,0.0000,S,0,44,0.0
D,574510,post_auger30_p2,0.0000,S,0,44,0.0
D,574606,post_auger30_p2,0.0000,S,0,44,0.0
D,574702,post_auger30_p2,0.0000,S,0,44,0.0
D,574797,post_auger30_p2,0.0000,S,0,44,0.0
D,574893,post_auger30_p2,0.0000,S,0,44,0.0
D,574989,post_auger30_p2,0.0000,S,0,44,0.0
D,575083,post_auger30_p2,0.0000,S,0,44,0.0
D,575179,post_auger30_p2,0.0000,S,0,44,0.0
D,575275,post_auger30_p2,0.0000,S,0,44,0.0
D,575370,post_auger30_p2,0.0000,S,0,44,0.0
D,575466,post_auger30_p2,0.0000,S,0,44,0.0
D,575562,post_auger30_p2,0.0000,S,0,44,0.0
D,575658,post_auger30_p2,0.0000,S,0,44,0.0
D,575754,post_auger30_p2,0.0000,S,0,44,0.0
D,575850,post_auger30_p2,0.0000,S,0,44,0.0
D,575944,post_auger30_p2,0.0000,S,0,44,0.0
D,576039,post_auger30_p2,0.0000,S,0,44,0.0
D,576135,post_auger30_p2,0.0000,S,0,44,0.0
D,576231,post_auger30_p2,0.0000,S,0,44,0.0
D,576327,post_auger30_p2,0.0000,S,0,44,0.0
D,576423,post_auger30_p2,0.0000,S,0,44,0.0
D,576519,post_auger30_p2,0.0000,S,0,44,0.0
D,576614,post_auger30_p2,0.0000,S,0,44,0.0
D,576710,post_auger30_p2,0.0000,S,0,44,0.0
D,576804,post_auger30_p2,0.0000,S,0,44,0.0
D,576900,post_auger30_p2,0.0000,S,0,44,0.0
D,576996,post_auger30_p2,0.0000,S,0,44,0.0
D,577092,post_auger30_p2,0.0000,S,0,44,0.0
D,577188,post_auger30_p2,0.0000,S,0,44,0.0
D,577283,post_auger30_p2,0.0000,S,0,44,0.0
D,577379,post_auger30_p2,0.0000,S,0,44,0.0
D,577475,post_auger30_p2,0.0000,S,0,44,0.0
D,577571,post_auger30_p2,0.0000,S,0,44,0.0
D,577665,post_auger30_p2,0.0000,S,0,44,0.0
D,577761,post_auger30_p2,0.0000,S,0,44,0.0
D,577856,post_auger30_p2,0.0000,S,0,44,0.0
D,577952,post_auger30_p2,0.0000,S,0,44,0.0
D,578048,post_auger30_p2,0.0000,S,0,44,0.0
D,578144,post_auger30_p2,0.0000,S,0,44,0.0
D,578245,post_auger30_p2,0.0000,S,0,44,0.0
D,578336,post_auger30_p2,0.0000,S,0,44,0.0
D,578432,post_auger30_p2,0.0000,S,0,44,0.0
D,578527,post_auger30_p2,0.0000,S,0,44,0.0
D,578621,post_auger30_p2,0.0000,S,0,44,0.0
D,578717,post_auger30_p2,0.0000,S,0,44,0.0
D,578813,post_auger30_p2,0.0000,S,0,44,0.0
D,578909,post_auger30_p2,0.0000,S,0,44,0.0
D,579005,post_auger30_p2,0.0000,S,0,44,0.0
D,579100,post_auger30_p2,0.0000,S,0,44,0.0
D,579196,post_auger30_p2,0.0000,S,0,44,0.0
D,579292,post_auger30_p2,0.0000,S,0,44,0.0
D,579388,post_auger30_p2,0.0000,S,0,44,0.0
D,579482,post_auger30_p2,0.0000,S,0,44,0.0
D,579578,post_auger30_p2,0.0000,S,0,44,0.0
D,579674,post_auger30_p2,0.0000,S,0,44,0.0
D,579770,post_auger30_p2,0.0000,S,0,44,0.0
D,579865,post_auger30_p2,0.0000,S,0,44,0.0
D,579961,post_auger30_p2,0.0000,S,0,44,0.0
D,580057,post_auger30_p2,0.0000,S,0,44,0.0
D,580153,post_auger30_p2,0.0000,S,0,44,0.0
D,580249,post_auger30_p2,0.0000,S,0,44,0.0
D,580342,post_auger30_p2,0.0000,S,0,44,0.0
D,580438,post_auger30_p2,0.0000,S,0,44,0.0
D,580534,post_auger30_p2,0.0000,S,0,44,0.0
D,580630,post_auger30_p2,0.0000,S,0,44,0.0
D,580726,post_auger30_p2,0.0000,S,0,44,0.0
D,580822,post_auger30_p2,0.0000,S,0,44,0.0
D,580918,post_auger30_p2,0.0000,S,0,44,0.0
D,581013,post_auger30_p2,0.0000,S,0,44,0.0
D,581109,post_auger30_p2,0.0000,S,0,44,0.0
D,581205,post_auger30_p2,0.0000,S,0,44,0.0
D,581299,post_auger30_p2,0.0000,S,0,44,0.0
D,581395,post_auger30_p2,0.0000,S,0,44,0.0
D,581491,post_auger30_p2,0.0000,S,0,44,0.0
D,581586,post_auger30_p2,0.0000,S,0,44,0.0
D,581682,post_auger30_p2,0.0000,S,0,44,0.0
D,581778,post_auger30_p2,0.0000,S,0,44,0.0
D,581874,post_auger30_p2,0.0000,S,0,44,0.0
D,581970,post_auger30_p2,0.0000,S,0,44,0.0
D,582066,post_auger30_p2,0.0000,S,0,44,0.0
D,582159,post_auger30_p2,0.0000,S,0,44,0.0
D,582255,post_auger30_p2,0.0000,S,0,44,0.0
D,582351,post_auger30_p2,0.0000,S,0,44,0.0
D,582447,post_auger30_p2,0.0000,S,0,44,0.0
D,582543,post_auger30_p2,0.0000,S,0,44,0.0
D,582639,post_auger30_p2,0.0000,S,0,44,0.0
D,582735,post_auger30_p2,0.0000,S,0,44,0.0
D,582831,post_auger30_p2,0.0000,S,0,44,0.0
D,582927,post_auger30_p2,0.0000,S,0,44,0.0
D,583020,post_auger30_p2,0.0000,S,0,44,0.0
D,583116,post_auger30_p2,0.0000,S,0,44,0.0
D,583212,post_auger30_p2,0.0000,S,0,44,0.0
D,583308,post_auger30_p2,0.0000,S,0,44,0.0
D,583404,post_auger30_p2,0.0000,S,0,44,0.0
D,583500,post_auger30_p2,0.0000,S,0,44,0.0
D,583595,post_auger30_p2,0.0000,S,0,44,0.0
D,583691,post_auger30_p2,0.0000,S,0,44,0.0
D,583787,post_auger30_p2,0.0000,S,0,44,0.0
D,583881,post_auger30_p2,0.0000,S,0,44,0.0
D,583977,post_auger30_p2,0.0000,S,0,44,0.0
E,584040,BLOCK_END,post_auger30_p2
E,584042,BLOCK_START,auger15_p2
D,584073,auger15_p2,0.0000,S,15,44,0.0
D,584168,auger15_p2,0.0000,S,15,44,0.0
D,584264,auger15_p2,0.0000,S,15,44,0.0
D,584360,auger15_p2,0.0000,S,15,44,0.0
D,584456,auger15_p2,0.0000,S,15,44,0.0
D,584552,auger15_p2,0.0000,S,15,44,0.0
D,584648,auger15_p2,0.0000,S,15,44,0.0
D,584743,auger15_p2,0.0000,S,15,44,0.0
D,584837,auger15_p2,0.0000,S,15,44,0.0
D,584933,auger15_p2,0.0000,S,15,44,0.0
D,585029,auger15_p2,0.0000,S,15,44,0.0
D,585125,auger15_p2,0.0000,S,15,44,0.0
D,585221,auger15_p2,0.0000,S,15,44,0.0
D,585316,auger15_p2,0.0000,S,15,44,0.0
D,585412,auger15_p2,0.0000,S,15,44,0.0
D,585508,auger15_p2,0.0000,S,15,44,0.0
D,585604,auger15_p2,0.0000,S,15,44,0.0
D,585698,auger15_p2,0.0000,S,15,44,0.0
D,585794,auger15_p2,0.0000,S,15,44,0.0
D,585890,auger15_p2,0.0000,S,15,44,0.0
D,585985,auger15_p2,0.0000,S,15,44,0.0
D,586081,auger15_p2,0.0000,S,15,44,0.0
D,586177,auger15_p2,0.0000,S,15,44,0.0
D,586273,auger15_p2,0.0000,S,15,44,0.0
D,586369,auger15_p2,0.0000,S,15,44,0.0
D,586465,auger15_p2,0.0000,S,15,44,0.0
D,586559,auger15_p2,0.0000,S,15,44,0.0
D,586654,auger15_p2,0.0000,S,15,44,0.0
D,586750,auger15_p2,0.0000,S,15,44,0.0
D,586846,auger15_p2,0.0000,S,15,44,0.0
D,586942,auger15_p2,0.0000,S,15,44,0.0
D,587038,auger15_p2,0.0000,S,15,44,0.0
D,587134,auger15_p2,0.0000,S,15,44,0.0
D,587229,auger15_p2,0.0000,S,15,44,0.0
D,587325,auger15_p2,0.0000,S,15,44,0.0
D,587419,auger15_p2,0.0000,S,15,44,0.0
D,587515,auger15_p2,0.0000,S,15,44,0.0
D,587611,auger15_p2,0.0000,S,15,44,0.0
D,587707,auger15_p2,0.0000,S,15,44,0.0
D,587802,auger15_p2,0.0000,S,15,44,0.0
D,587898,auger15_p2,0.0000,S,15,44,0.0
D,587994,auger15_p2,0.0000,S,15,44,0.0
D,588090,auger15_p2,0.0000,S,15,44,0.0
D,588186,auger15_p2,0.0000,S,15,44,0.0
D,588282,auger15_p2,0.0000,S,15,44,0.0
D,588376,auger15_p2,0.0000,S,15,44,0.0
D,588471,auger15_p2,0.0000,S,15,44,0.0
D,588567,auger15_p2,0.0000,S,15,44,0.0
D,588663,auger15_p2,0.0000,S,15,44,0.0
D,588759,auger15_p2,0.0000,S,15,44,0.0
D,588855,auger15_p2,0.0000,S,15,44,0.0
D,588951,auger15_p2,0.0000,S,15,44,0.0
D,589046,auger15_p2,0.0000,S,15,44,0.0
D,589142,auger15_p2,0.0000,S,15,44,0.0
D,589236,auger15_p2,0.0000,S,15,44,0.0
D,589332,auger15_p2,0.0000,S,15,44,0.0
D,589428,auger15_p2,0.0000,S,15,44,0.0
D,589524,auger15_p2,0.0000,S,15,44,0.0
D,589620,auger15_p2,0.0000,S,15,44,0.0
D,589715,auger15_p2,0.0000,S,15,44,0.0
D,589811,auger15_p2,0.0000,S,15,44,0.0
D,589907,auger15_p2,0.0000,S,15,44,0.0
D,590097,auger15_p2,0.0000,S,15,44,0.0
D,590193,auger15_p2,0.0000,S,15,44,0.0
D,590289,auger15_p2,0.0000,S,15,44,0.0
D,590384,auger15_p2,0.0000,S,15,44,0.0
D,590480,auger15_p2,0.0000,S,15,44,0.0
D,590576,auger15_p2,0.0000,S,15,44,0.0
D,590672,auger15_p2,0.0000,S,15,44,0.0
D,590768,auger15_p2,0.0000,S,15,44,0.0
D,590864,auger15_p2,0.0000,S,15,44,0.0
D,590959,auger15_p2,0.0000,S,15,44,0.0
D,591053,auger15_p2,0.0000,S,15,44,0.0
D,591149,auger15_p2,0.0000,S,15,44,0.0
D,591245,auger15_p2,0.0000,S,15,44,0.0
D,591341,auger15_p2,0.0000,S,15,44,0.0
D,591437,auger15_p2,0.0000,S,15,44,0.0
D,591533,auger15_p2,0.0000,S,15,44,0.0
D,591628,auger15_p2,0.0000,S,15,44,0.0
D,591724,auger15_p2,0.0000,S,15,44,0.0
D,591820,auger15_p2,0.0000,S,15,44,0.0
D,591914,auger15_p2,0.0000,S,15,44,0.0
D,592010,auger15_p2,0.0000,S,15,44,0.0
D,592106,auger15_p2,0.0000,S,15,44,0.0
D,592201,auger15_p2,0.0000,S,15,44,0.0
D,592298,auger15_p2,0.0000,S,15,44,0.0
D,592393,auger15_p2,0.0000,S,15,44,0.0
D,592489,auger15_p2,0.0000,S,15,44,0.0
D,592585,auger15_p2,0.0000,S,15,44,0.0
D,592681,auger15_p2,0.0000,S,15,44,0.0
D,592774,auger15_p2,0.0000,S,15,44,0.0
D,592870,auger15_p2,0.0000,S,15,44,0.0
D,592966,auger15_p2,0.0000,S,15,44,0.0
D,593062,auger15_p2,0.0000,S,15,44,0.0
D,593158,auger15_p2,0.0000,S,15,44,0.0
D,593254,auger15_p2,0.0000,S,15,44,0.0
D,593350,auger15_p2,0.0000,S,15,44,0.0
D,593445,auger15_p2,0.0000,S,15,44,0.0
D,593541,auger15_p2,0.0000,S,15,44,0.0
D,593635,auger15_p2,0.0000,S,15,44,0.0
D,593731,auger15_p2,0.0000,S,15,44,0.0
D,593827,auger15_p2,0.0000,S,15,44,0.0
D,593923,auger15_p2,0.0000,S,15,44,0.0
D,594019,auger15_p2,0.0000,S,15,44,0.0
D,594114,auger15_p2,0.0000,S,15,44,0.0
D,594210,auger15_p2,0.0000,S,15,44,0.0
D,594306,auger15_p2,0.0000,S,15,44,0.0
D,594402,auger15_p2,0.0000,S,15,44,0.0
D,594498,auger15_p2,0.0000,S,15,44,0.0
D,594592,auger15_p2,0.0000,S,15,44,0.0
D,594687,auger15_p2,0.0000,S,15,44,0.0
D,594783,auger15_p2,0.0000,S,15,44,0.0
D,594879,auger15_p2,0.0000,S,15,44,0.0
D,594975,auger15_p2,0.0000,S,15,44,0.0
D,595071,auger15_p2,0.0000,S,15,44,0.0
D,595167,auger15_p2,0.0000,S,15,44,0.0
D,595262,auger15_p2,0.0000,S,15,44,0.0
D,595358,auger15_p2,0.0000,S,15,44,0.0
D,595452,auger15_p2,0.0000,S,15,44,0.0
D,595548,auger15_p2,0.0000,S,15,44,0.0
D,595644,auger15_p2,0.0000,S,15,44,0.0
D,595740,auger15_p2,0.0000,S,15,44,0.0
D,595836,auger15_p2,0.0000,S,15,44,0.0
D,595931,auger15_p2,0.0000,S,15,44,0.0
D,596027,auger15_p2,0.0000,S,15,44,0.0
D,596123,auger15_p2,0.0000,S,15,44,0.0
D,596219,auger15_p2,0.0000,S,15,44,0.0
D,596313,auger15_p2,0.0000,S,15,44,0.0
D,596409,auger15_p2,0.0000,S,15,44,0.0
D,596505,auger15_p2,0.0000,S,15,44,0.0
D,596600,auger15_p2,0.0000,S,15,44,0.0
D,596696,auger15_p2,0.0000,S,15,44,0.0
D,596792,auger15_p2,0.0000,S,15,44,0.0
D,596888,auger15_p2,0.0000,S,15,44,0.0
D,596984,auger15_p2,0.0000,S,15,44,0.0
D,597080,auger15_p2,0.0000,S,15,44,0.0
D,597176,auger15_p2,0.0000,S,15,44,0.0
D,597269,auger15_p2,0.0000,S,15,44,0.0
D,597365,auger15_p2,0.0000,S,15,44,0.0
D,597461,auger15_p2,0.0000,S,15,44,0.0
D,597557,auger15_p2,0.0000,S,15,44,0.0
D,597653,auger15_p2,0.0000,S,15,44,0.0
D,597749,auger15_p2,0.0000,S,15,44,0.0
D,597844,auger15_p2,0.0000,S,15,44,0.0
D,597940,auger15_p2,0.0000,S,15,44,0.0
D,598036,auger15_p2,0.0000,S,15,44,0.0
D,598130,auger15_p2,0.0000,S,15,44,0.0
D,598226,auger15_p2,0.0000,S,15,44,0.0
D,598322,auger15_p2,0.0000,S,15,44,0.0
D,598417,auger15_p2,0.0000,S,15,44,0.0
D,598513,auger15_p2,0.0000,S,15,44,0.0
D,598609,auger15_p2,0.0000,S,15,44,0.0
D,598705,auger15_p2,0.0000,S,15,44,0.0
D,598801,auger15_p2,0.0000,S,15,44,0.0
D,598897,auger15_p2,0.0000,S,15,44,0.0
D,598991,auger15_p2,0.0000,S,15,44,0.0
E,599055,BLOCK_END,auger15_p2
E,599057,BLOCK_START,post_auger15_p2
D,599086,post_auger15_p2,0.0000,S,0,44,0.0
D,599182,post_auger15_p2,0.0000,S,0,44,0.0
D,599278,post_auger15_p2,0.0000,S,0,44,0.0
D,599374,post_auger15_p2,0.0000,S,0,44,0.0
D,599470,post_auger15_p2,0.0000,S,0,44,0.0
D,599566,post_auger15_p2,0.0000,S,0,44,0.0
D,599661,post_auger15_p2,0.0000,S,0,44,0.0
D,599757,post_auger15_p2,0.0000,S,0,44,0.0
D,599851,post_auger15_p2,0.0000,S,0,44,0.0
D,599947,post_auger15_p2,0.0000,S,0,44,0.0
D,600043,post_auger15_p2,0.0000,S,0,44,0.0
D,600139,post_auger15_p2,0.0000,S,0,44,0.0
D,600235,post_auger15_p2,0.0000,S,0,44,0.0
D,600330,post_auger15_p2,0.0000,S,0,44,0.0
D,600426,post_auger15_p2,0.0000,S,0,44,0.0
D,600522,post_auger15_p2,0.0000,S,0,44,0.0
D,600618,post_auger15_p2,0.0000,S,0,44,0.0
D,600714,post_auger15_p2,0.0000,S,0,44,0.0
D,600808,post_auger15_p2,0.0000,S,0,44,0.0
D,600903,post_auger15_p2,0.0000,S,0,44,0.0
D,600999,post_auger15_p2,0.0000,S,0,44,0.0
D,601095,post_auger15_p2,0.0000,S,0,44,0.0
D,601191,post_auger15_p2,0.0000,S,0,44,0.0
D,601287,post_auger15_p2,0.0000,S,0,44,0.0
D,601383,post_auger15_p2,0.0000,S,0,44,0.0
D,601479,post_auger15_p2,0.0000,S,0,44,0.0
D,601580,post_auger15_p2,0.0000,S,0,44,0.0
D,601668,post_auger15_p2,0.0000,S,0,44,0.0
D,601764,post_auger15_p2,0.0000,S,0,44,0.0
D,601860,post_auger15_p2,0.0000,S,0,44,0.0
D,601956,post_auger15_p2,0.0000,S,0,44,0.0
D,602052,post_auger15_p2,0.0000,S,0,44,0.0
D,602147,post_auger15_p2,0.0000,S,0,44,0.0
D,602243,post_auger15_p2,0.0000,S,0,44,0.0
D,602339,post_auger15_p2,0.0000,S,0,44,0.0
D,602435,post_auger15_p2,0.0000,S,0,44,0.0
D,602529,post_auger15_p2,0.0000,S,0,44,0.0
D,602625,post_auger15_p2,0.0000,S,0,44,0.0
D,602721,post_auger15_p2,0.0000,S,0,44,0.0
D,602817,post_auger15_p2,0.0000,S,0,44,0.0
D,602912,post_auger15_p2,0.0000,S,0,44,0.0
D,603008,post_auger15_p2,0.0000,S,0,44,0.0
D,603104,post_auger15_p2,0.0000,S,0,44,0.0
D,603200,post_auger15_p2,0.0000,S,0,44,0.0
D,603296,post_auger15_p2,0.0000,S,0,44,0.0
D,603391,post_auger15_p2,0.0000,S,0,44,0.0
D,603486,post_auger15_p2,0.0000,S,0,44,0.0
D,603581,post_auger15_p2,0.0000,S,0,44,0.0
D,603677,post_auger15_p2,0.0000,S,0,44,0.0
D,603773,post_auger15_p2,0.0000,S,0,44,0.0
D,603869,post_auger15_p2,0.0000,S,0,44,0.0
D,603965,post_auger15_p2,0.0000,S,0,44,0.0
D,604061,post_auger15_p2,0.0000,S,0,44,0.0
D,604156,post_auger15_p2,0.0000,S,0,44,0.0
D,604252,post_auger15_p2,0.0000,S,0,44,0.0
D,604346,post_auger15_p2,0.0000,S,0,44,0.0
D,604442,post_auger15_p2,0.0000,S,0,44,0.0
D,604538,post_auger15_p2,0.0000,S,0,44,0.0
D,604633,post_auger15_p2,0.0000,S,0,44,0.0
D,604729,post_auger15_p2,0.0000,S,0,44,0.0
D,604825,post_auger15_p2,0.0000,S,0,44,0.0
D,604921,post_auger15_p2,0.0000,S,0,44,0.0
D,605017,post_auger15_p2,0.0000,S,0,44,0.0
D,605113,post_auger15_p2,0.0000,S,0,44,0.0
D,605207,post_auger15_p2,0.0000,S,0,44,0.0
D,605302,post_auger15_p2,0.0000,S,0,44,0.0
D,605398,post_auger15_p2,0.0000,S,0,44,0.0
D,605494,post_auger15_p2,0.0000,S,0,44,0.0
D,605590,post_auger15_p2,0.0000,S,0,44,0.0
D,605686,post_auger15_p2,0.0000,S,0,44,0.0
D,605782,post_auger15_p2,0.0000,S,0,44,0.0
D,605877,post_auger15_p2,0.0000,S,0,44,0.0
D,605974,post_auger15_p2,0.0000,S,0,44,0.0
D,606067,post_auger15_p2,0.0000,S,0,44,0.0
D,606163,post_auger15_p2,0.0000,S,0,44,0.0
D,606259,post_auger15_p2,0.0000,S,0,44,0.0
D,606355,post_auger15_p2,0.0000,S,0,44,0.0
D,606451,post_auger15_p2,0.0000,S,0,44,0.0
D,606547,post_auger15_p2,0.0000,S,0,44,0.0
D,606642,post_auger15_p2,0.0000,S,0,44,0.0
D,606738,post_auger15_p2,0.0000,S,0,44,0.0
D,606834,post_auger15_p2,0.0000,S,0,44,0.0
D,606930,post_auger15_p2,0.0000,S,0,44,0.0
D,607024,post_auger15_p2,0.0000,S,0,44,0.0
D,607120,post_auger15_p2,0.0000,S,0,44,0.0
D,607215,post_auger15_p2,0.0000,S,0,44,0.0
D,607311,post_auger15_p2,0.0000,S,0,44,0.0
D,607407,post_auger15_p2,0.0000,S,0,44,0.0
D,607503,post_auger15_p2,0.0000,S,0,44,0.0
D,607599,post_auger15_p2,0.0000,S,0,44,0.0
D,607695,post_auger15_p2,0.0000,S,0,44,0.0
D,607790,post_auger15_p2,0.0000,S,0,44,0.0
D,607884,post_auger15_p2,0.0000,S,0,44,0.0
D,607980,post_auger15_p2,0.0000,S,0,44,0.0
D,608076,post_auger15_p2,0.0000,S,0,44,0.0
D,608172,post_auger15_p2,0.0000,S,0,44,0.0
D,608268,post_auger15_p2,0.0000,S,0,44,0.0
D,608364,post_auger15_p2,0.0000,S,0,44,0.0
D,608459,post_auger15_p2,0.0000,S,0,44,0.0
D,608555,post_auger15_p2,0.0000,S,0,44,0.0
D,608651,post_auger15_p2,0.0000,S,0,44,0.0
D,608745,post_auger15_p2,0.0000,S,0,44,0.0
D,608841,post_auger15_p2,0.0000,S,0,44,0.0
D,608937,post_auger15_p2,0.0000,S,0,44,0.0
D,609033,post_auger15_p2,0.0000,S,0,44,0.0
D,609128,post_auger15_p2,0.0000,S,0,44,0.0
D,609224,post_auger15_p2,0.0000,S,0,44,0.0
D,609320,post_auger15_p2,0.0000,S,0,44,0.0
D,609416,post_auger15_p2,0.0000,S,0,44,0.0
D,609512,post_auger15_p2,0.0000,S,0,44,0.0
D,609608,post_auger15_p2,0.0000,S,0,44,0.0
D,609701,post_auger15_p2,0.0000,S,0,44,0.0
D,609797,post_auger15_p2,0.0000,S,0,44,0.0
D,609893,post_auger15_p2,0.0000,S,0,44,0.0
D,609989,post_auger15_p2,0.0000,S,0,44,0.0
D,610085,post_auger15_p2,0.0000,S,0,44,0.0
D,610181,post_auger15_p2,0.0000,S,0,44,0.0
D,610276,post_auger15_p2,0.0000,S,0,44,0.0
D,610372,post_auger15_p2,0.0000,S,0,44,0.0
D,610468,post_auger15_p2,0.0000,S,0,44,0.0
D,610562,post_auger15_p2,0.0000,S,0,44,0.0
D,610658,post_auger15_p2,0.0000,S,0,44,0.0
D,610754,post_auger15_p2,0.0000,S,0,44,0.0
D,610850,post_auger15_p2,0.0000,S,0,44,0.0
D,610945,post_auger15_p2,0.0000,S,0,44,0.0
D,611041,post_auger15_p2,0.0000,S,0,44,0.0
D,611137,post_auger15_p2,0.0000,S,0,44,0.0
D,611233,post_auger15_p2,0.0000,S,0,44,0.0
D,611329,post_auger15_p2,0.0000,S,0,44,0.0
D,611423,post_auger15_p2,0.0000,S,0,44,0.0
D,611518,post_auger15_p2,0.0000,S,0,44,0.0
D,611614,post_auger15_p2,0.0000,S,0,44,0.0
D,611710,post_auger15_p2,0.0000,S,0,44,0.0
D,611806,post_auger15_p2,0.0000,S,0,44,0.0
D,611902,post_auger15_p2,0.0000,S,0,44,0.0
D,611998,post_auger15_p2,0.0000,S,0,44,0.0
D,612094,post_auger15_p2,0.0000,S,0,44,0.0
D,612189,post_auger15_p2,0.0000,S,0,44,0.0
D,612283,post_auger15_p2,0.0000,S,0,44,0.0
D,612379,post_auger15_p2,0.0000,S,0,44,0.0
D,612475,post_auger15_p2,0.0000,S,0,44,0.0
D,612571,post_auger15_p2,0.0000,S,0,44,0.0
D,612667,post_auger15_p2,0.0000,S,0,44,0.0
D,612762,post_auger15_p2,0.0000,S,0,44,0.0
D,612858,post_auger15_p2,0.0000,S,0,44,0.0
D,612954,post_auger15_p2,0.0000,S,0,44,0.0
D,613050,post_auger15_p2,0.0000,S,0,44,0.0
D,613146,post_auger15_p2,0.0000,S,0,44,0.0
D,613240,post_auger15_p2,0.0000,S,0,44,0.0
D,613336,post_auger15_p2,0.0000,S,0,44,0.0
D,613432,post_auger15_p2,0.0000,S,0,44,0.0
D,613527,post_auger15_p2,0.0000,S,0,44,0.0
D,613635,post_auger15_p2,0.0000,S,0,44,0.0
D,613815,post_auger15_p2,0.0000,S,0,44,0.0
D,613911,post_auger15_p2,0.0000,S,0,44,0.0
D,614006,post_auger15_p2,0.0000,S,0,44,0.0
E,614068,BLOCK_END,post_auger15_p2
E,614070,BLOCK_START,quiet_mid3
D,614101,quiet_mid3,0.0000,S,0,44,0.0
D,614196,quiet_mid3,0.0000,S,0,44,0.0
D,614292,quiet_mid3,0.0000,S,0,44,0.0
D,614388,quiet_mid3,0.0000,S,0,44,0.0
D,614484,quiet_mid3,0.0000,S,0,44,0.0
D,614579,quiet_mid3,0.0000,S,0,44,0.0
D,614675,quiet_mid3,0.0000,S,0,44,0.0
D,614771,quiet_mid3,0.0000,S,0,44,0.0
D,614867,quiet_mid3,0.0000,S,0,44,0.0
D,614961,quiet_mid3,0.0000,S,0,44,0.0
D,615057,quiet_mid3,0.0000,S,0,44,0.0
D,615153,quiet_mid3,0.0000,S,0,44,0.0
D,615248,quiet_mid3,0.0000,S,0,44,0.0
D,615344,quiet_mid3,0.0000,S,0,44,0.0
D,615440,quiet_mid3,0.0000,S,0,44,0.0
D,615536,quiet_mid3,0.0000,S,0,44,0.0
D,615632,quiet_mid3,0.0000,S,0,44,0.0
D,615728,quiet_mid3,0.0000,S,0,44,0.0
D,615822,quiet_mid3,0.0000,S,0,44,0.0
D,615917,quiet_mid3,0.0000,S,0,44,0.0
D,616013,quiet_mid3,0.0000,S,0,44,0.0
D,616109,quiet_mid3,0.0000,S,0,44,0.0
D,616205,quiet_mid3,0.0000,S,0,44,0.0
D,616301,quiet_mid3,0.0000,S,0,44,0.0
D,616397,quiet_mid3,0.0000,S,0,44,0.0
D,616493,quiet_mid3,0.0000,S,0,44,0.0
D,616588,quiet_mid3,0.0000,S,0,44,0.0
D,616684,quiet_mid3,0.0000,S,0,44,0.0
D,616778,quiet_mid3,0.0000,S,0,44,0.0
D,616874,quiet_mid3,0.0000,S,0,44,0.0
D,616970,quiet_mid3,0.0000,S,0,44,0.0
D,617066,quiet_mid3,0.0000,S,0,44,0.0
D,617162,quiet_mid3,0.0000,S,0,44,0.0
D,617257,quiet_mid3,0.0000,S,0,44,0.0
D,617353,quiet_mid3,0.0000,S,0,44,0.0
D,617449,quiet_mid3,0.0000,S,0,44,0.0
D,617545,quiet_mid3,0.0000,S,0,44,0.0
D,617639,quiet_mid3,0.0000,S,0,44,0.0
D,617735,quiet_mid3,0.0000,S,0,44,0.0
D,617830,quiet_mid3,0.0000,S,0,44,0.0
D,617926,quiet_mid3,0.0000,S,0,44,0.0
D,618022,quiet_mid3,0.0000,S,0,44,0.0
D,618118,quiet_mid3,0.0000,S,0,44,0.0
D,618214,quiet_mid3,0.0000,S,0,44,0.0
D,618310,quiet_mid3,0.0000,S,0,44,0.0
D,618406,quiet_mid3,0.0000,S,0,44,0.0
D,618499,quiet_mid3,0.0000,S,0,44,0.0
D,618595,quiet_mid3,0.0000,S,0,44,0.0
D,618691,quiet_mid3,0.0000,S,0,44,0.0
D,618787,quiet_mid3,0.0000,S,0,44,0.0
D,618883,quiet_mid3,0.0000,S,0,44,0.0
D,618978,quiet_mid3,0.0000,S,0,44,0.0
D,619074,quiet_mid3,0.0000,S,0,44,0.0
D,619170,quiet_mid3,0.0000,S,0,44,0.0
D,619266,quiet_mid3,0.0000,S,0,44,0.0
D,619362,quiet_mid3,0.0000,S,0,44,0.0
D,619456,quiet_mid3,0.0000,S,0,44,0.0
D,619552,quiet_mid3,0.0000,S,0,44,0.0
D,619647,quiet_mid3,0.0000,S,0,44,0.0
D,619743,quiet_mid3,0.0000,S,0,44,0.0
D,619839,quiet_mid3,0.0000,S,0,44,0.0
D,619935,quiet_mid3,0.0000,S,0,44,0.0
D,620031,quiet_mid3,0.0000,S,0,44,0.0
D,620127,quiet_mid3,0.0000,S,0,44,0.0
D,620223,quiet_mid3,0.0000,S,0,44,0.0
D,620316,quiet_mid3,0.0000,S,0,44,0.0
D,620412,quiet_mid3,0.0000,S,0,44,0.0
D,620508,quiet_mid3,0.0000,S,0,44,0.0
D,620604,quiet_mid3,0.0000,S,0,44,0.0
D,620700,quiet_mid3,0.0000,S,0,44,0.0
D,620796,quiet_mid3,0.0000,S,0,44,0.0
D,620891,quiet_mid3,0.0000,S,0,44,0.0
D,620987,quiet_mid3,0.0000,S,0,44,0.0
D,621083,quiet_mid3,0.0000,S,0,44,0.0
D,621177,quiet_mid3,0.0000,S,0,44,0.0
D,621273,quiet_mid3,0.0000,S,0,44,0.0
D,621369,quiet_mid3,0.0000,S,0,44,0.0
D,621465,quiet_mid3,0.0000,S,0,44,0.0
D,621560,quiet_mid3,0.0000,S,0,44,0.0
D,621656,quiet_mid3,0.0000,S,0,44,0.0
D,621752,quiet_mid3,0.0000,S,0,44,0.0
D,621848,quiet_mid3,0.0000,S,0,44,0.0
D,621944,quiet_mid3,0.0000,S,0,44,0.0
D,622038,quiet_mid3,0.0000,S,0,44,0.0
D,622133,quiet_mid3,0.0000,S,0,44,0.0
D,622229,quiet_mid3,0.0000,S,0,44,0.0
D,622325,quiet_mid3,0.0000,S,0,44,0.0
D,622421,quiet_mid3,0.0000,S,0,44,0.0
D,622517,quiet_mid3,0.0000,S,0,44,0.0
D,622613,quiet_mid3,0.0000,S,0,44,0.0
D,622708,quiet_mid3,0.0000,S,0,44,0.0
D,622804,quiet_mid3,0.0000,S,0,44,0.0
D,622900,quiet_mid3,0.0000,S,0,44,0.0
D,622994,quiet_mid3,0.0000,S,0,44,0.0
D,623090,quiet_mid3,0.0000,S,0,44,0.0
D,623186,quiet_mid3,0.0000,S,0,44,0.0
D,623282,quiet_mid3,0.0000,S,0,44,0.0
D,623377,quiet_mid3,0.0000,S,0,44,0.0
D,623473,quiet_mid3,0.0000,S,0,44,0.0
D,623569,quiet_mid3,0.0000,S,0,44,0.0
D,623665,quiet_mid3,0.0000,S,0,44,0.0
D,623761,quiet_mid3,0.0000,S,0,44,0.0
D,623855,quiet_mid3,0.0000,S,0,44,0.0
D,623950,quiet_mid3,0.0000,S,0,44,0.0
D,624046,quiet_mid3,0.0000,S,0,44,0.0
D,624142,quiet_mid3,0.0000,S,0,44,0.0
D,624238,quiet_mid3,0.0000,S,0,44,0.0
D,624334,quiet_mid3,0.0000,S,0,44,0.0
D,624430,quiet_mid3,0.0000,S,0,44,0.0
D,624526,quiet_mid3,0.0000,S,0,44,0.0
D,624621,quiet_mid3,0.0000,S,0,44,0.0
D,624715,quiet_mid3,0.0000,S,0,44,0.0
D,624811,quiet_mid3,0.0000,S,0,44,0.0
D,624907,quiet_mid3,0.0000,S,0,44,0.0
D,625003,quiet_mid3,0.0000,S,0,44,0.0
D,625099,quiet_mid3,0.0000,S,0,44,0.0
D,625194,quiet_mid3,0.0000,S,0,44,0.0
D,625290,quiet_mid3,0.0000,S,0,44,0.0
D,625386,quiet_mid3,0.0000,S,0,44,0.0
D,625482,quiet_mid3,0.0000,S,0,44,0.0
D,625578,quiet_mid3,0.0000,S,0,44,0.0
D,625672,quiet_mid3,0.0000,S,0,44,0.0
D,625768,quiet_mid3,0.0000,S,0,44,0.0
D,625863,quiet_mid3,0.0000,S,0,44,0.0
D,625959,quiet_mid3,0.0000,S,0,44,0.0
D,626060,quiet_mid3,0.0000,S,0,44,0.0
D,626151,quiet_mid3,0.0000,S,0,44,0.0
D,626247,quiet_mid3,0.0000,S,0,44,0.0
D,626343,quiet_mid3,0.0000,S,0,44,0.0
D,626438,quiet_mid3,0.0000,S,0,44,0.0
D,626533,quiet_mid3,0.0000,S,0,44,0.0
D,626628,quiet_mid3,0.0000,S,0,44,0.0
D,626724,quiet_mid3,0.0000,S,0,44,0.0
D,626820,quiet_mid3,0.0000,S,0,44,0.0
D,626916,quiet_mid3,0.0000,S,0,44,0.0
D,627012,quiet_mid3,0.0000,S,0,44,0.0
D,627108,quiet_mid3,0.0000,S,0,44,0.0
D,627203,quiet_mid3,0.0000,S,0,44,0.0
D,627299,quiet_mid3,0.0000,S,0,44,0.0
D,627393,quiet_mid3,0.0000,S,0,44,0.0
D,627489,quiet_mid3,0.0000,S,0,44,0.0
D,627585,quiet_mid3,0.0000,S,0,44,0.0
D,627680,quiet_mid3,0.0000,S,0,44,0.0
D,627776,quiet_mid3,0.0000,S,0,44,0.0
D,627872,quiet_mid3,0.0000,S,0,44,0.0
D,627968,quiet_mid3,0.0000,S,0,44,0.0
D,628064,quiet_mid3,0.0000,S,0,44,0.0
D,628160,quiet_mid3,0.0000,S,0,44,0.0
D,628254,quiet_mid3,0.0000,S,0,44,0.0
D,628350,quiet_mid3,0.0000,S,0,44,0.0
D,628445,quiet_mid3,0.0000,S,0,44,0.0
D,628541,quiet_mid3,0.0000,S,0,44,0.0
D,628637,quiet_mid3,0.0000,S,0,44,0.0
D,628733,quiet_mid3,0.0000,S,0,44,0.0
D,628829,quiet_mid3,0.0000,S,0,44,0.0
D,628925,quiet_mid3,0.0000,S,0,44,0.0
D,629021,quiet_mid3,0.0000,S,0,44,0.0
D,629116,quiet_mid3,0.0000,S,0,44,0.0
D,629210,quiet_mid3,0.0000,S,0,44,0.0
D,629306,quiet_mid3,0.0000,S,0,44,0.0
D,629402,quiet_mid3,0.0000,S,0,44,0.0
D,629498,quiet_mid3,0.0000,S,0,44,0.0
D,629594,quiet_mid3,0.0000,S,0,44,0.0
D,629689,quiet_mid3,0.0000,S,0,44,0.0
D,629785,quiet_mid3,0.0000,S,0,44,0.0
D,629881,quiet_mid3,0.0000,S,0,44,0.0
D,629977,quiet_mid3,0.0000,S,0,44,0.0
D,630071,quiet_mid3,0.0000,S,0,44,0.0
D,630167,quiet_mid3,0.0000,S,0,44,0.0
D,630262,quiet_mid3,0.0000,S,0,44,0.0
D,630358,quiet_mid3,0.0000,S,0,44,0.0
D,630454,quiet_mid3,0.0000,S,0,44,0.0
D,630550,quiet_mid3,0.0000,S,0,44,0.0
D,630646,quiet_mid3,0.0000,S,0,44,0.0
D,630742,quiet_mid3,0.0000,S,0,44,0.0
D,630838,quiet_mid3,0.0000,S,0,44,0.0
D,630931,quiet_mid3,0.0000,S,0,44,0.0
D,631027,quiet_mid3,0.0000,S,0,44,0.0
D,631123,quiet_mid3,0.0000,S,0,44,0.0
D,631219,quiet_mid3,0.0000,S,0,44,0.0
D,631315,quiet_mid3,0.0000,S,0,44,0.0
D,631411,quiet_mid3,0.0000,S,0,44,0.0
D,631506,quiet_mid3,0.0000,S,0,44,0.0
D,631602,quiet_mid3,0.0000,S,0,44,0.0
D,631698,quiet_mid3,0.0000,S,0,44,0.0
D,631794,quiet_mid3,0.0000,S,0,44,0.0
D,631888,quiet_mid3,0.0000,S,0,44,0.0
D,631984,quiet_mid3,0.0000,S,0,44,0.0
D,632079,quiet_mid3,0.0000,S,0,44,0.0
D,632175,quiet_mid3,0.0000,S,0,44,0.0
D,632271,quiet_mid3,0.0000,S,0,44,0.0
D,632367,quiet_mid3,0.0000,S,0,44,0.0
D,632463,quiet_mid3,0.0000,S,0,44,0.0
D,632559,quiet_mid3,0.0000,S,0,44,0.0
D,632655,quiet_mid3,0.0000,S,0,44,0.0
D,632748,quiet_mid3,0.0000,S,0,44,0.0
D,632844,quiet_mid3,0.0000,S,0,44,0.0
D,632940,quiet_mid3,0.0000,S,0,44,0.0
D,633036,quiet_mid3,0.0000,S,0,44,0.0
D,633132,quiet_mid3,0.0000,S,0,44,0.0
D,633228,quiet_mid3,0.0000,S,0,44,0.0
D,633323,quiet_mid3,0.0000,S,0,44,0.0
D,633419,quiet_mid3,0.0000,S,0,44,0.0
D,633515,quiet_mid3,0.0000,S,0,44,0.0
D,633609,quiet_mid3,0.0000,S,0,44,0.0
D,633705,quiet_mid3,0.0000,S,0,44,0.0
D,633801,quiet_mid3,0.0000,S,0,44,0.0
D,633897,quiet_mid3,0.0000,S,0,44,0.0
D,633992,quiet_mid3,0.0000,S,0,44,0.0
D,634088,quiet_mid3,0.0000,S,0,44,0.0
D,634184,quiet_mid3,0.0000,S,0,44,0.0
D,634280,quiet_mid3,0.0000,S,0,44,0.0
D,634376,quiet_mid3,0.0000,S,0,44,0.0
D,634470,quiet_mid3,0.0000,S,0,44,0.0
D,634565,quiet_mid3,0.0000,S,0,44,0.0
D,634661,quiet_mid3,0.0000,S,0,44,0.0
D,634757,quiet_mid3,0.0000,S,0,44,0.0
D,634853,quiet_mid3,0.0000,S,0,44,0.0
D,634949,quiet_mid3,0.0000,S,0,44,0.0
D,635045,quiet_mid3,0.0000,S,0,44,0.0
D,635141,quiet_mid3,0.0000,S,0,44,0.0
D,635236,quiet_mid3,0.0000,S,0,44,0.0
D,635332,quiet_mid3,0.0000,S,0,44,0.0
D,635426,quiet_mid3,0.0000,S,0,44,0.0
D,635522,quiet_mid3,0.0000,S,0,44,0.0
D,635618,quiet_mid3,0.0000,S,0,44,0.0
D,635714,quiet_mid3,0.0000,S,0,44,0.0
D,635809,quiet_mid3,0.0000,S,0,44,0.0
D,635905,quiet_mid3,0.0000,S,0,44,0.0
D,636001,quiet_mid3,0.0000,S,0,44,0.0
D,636097,quiet_mid3,0.0000,S,0,44,0.0
D,636193,quiet_mid3,0.0000,S,0,44,0.0
D,636287,quiet_mid3,0.0000,S,0,44,0.0
D,636383,quiet_mid3,0.0000,S,0,44,0.0
D,636479,quiet_mid3,0.0000,S,0,44,0.0
D,636574,quiet_mid3,0.0000,S,0,44,0.0
D,636670,quiet_mid3,0.0000,S,0,44,0.0
D,636766,quiet_mid3,0.0000,S,0,44,0.0
D,636862,quiet_mid3,0.0000,S,0,44,0.0
D,636958,quiet_mid3,0.0000,S,0,44,0.0
D,637053,quiet_mid3,0.0000,S,0,44,0.0
D,637148,quiet_mid3,0.0000,S,0,44,0.0
D,637243,quiet_mid3,0.0000,S,0,44,0.0
D,637339,quiet_mid3,0.0000,S,0,44,0.0
D,637435,quiet_mid3,0.0000,S,0,44,0.0
D,637531,quiet_mid3,0.0000,S,0,44,0.0
D,637627,quiet_mid3,0.0000,S,0,44,0.0
D,637722,quiet_mid3,0.0000,S,0,44,0.0
D,637818,quiet_mid3,0.0000,S,0,44,0.0
D,637914,quiet_mid3,0.0000,S,0,44,0.0
D,638010,quiet_mid3,0.0000,S,0,44,0.0
D,638104,quiet_mid3,0.0000,S,0,44,0.0
D,638200,quiet_mid3,0.0000,S,0,44,0.0
D,638295,quiet_mid3,0.0000,S,0,44,0.0
D,638391,quiet_mid3,0.0000,S,0,44,0.0
D,638493,quiet_mid3,0.0000,S,0,44,0.0
D,638583,quiet_mid3,0.0000,S,0,44,0.0
D,638679,quiet_mid3,0.0000,S,0,44,0.0
D,638775,quiet_mid3,0.0000,S,0,44,0.0
D,638871,quiet_mid3,0.0000,S,0,44,0.0
D,638965,quiet_mid3,0.0000,S,0,44,0.0
D,639060,quiet_mid3,0.0000,S,0,44,0.0
D,639156,quiet_mid3,0.0000,S,0,44,0.0
D,639252,quiet_mid3,0.0000,S,0,44,0.0
D,639348,quiet_mid3,0.0000,S,0,44,0.0
D,639444,quiet_mid3,0.0000,S,0,44,0.0
D,639540,quiet_mid3,0.0000,S,0,44,0.0
D,639635,quiet_mid3,0.0000,S,0,44,0.0
D,639731,quiet_mid3,0.0000,S,0,44,0.0
D,639825,quiet_mid3,0.0000,S,0,44,0.0
D,639921,quiet_mid3,0.0000,S,0,44,0.0
D,640017,quiet_mid3,0.0000,S,0,44,0.0
D,640113,quiet_mid3,0.0000,S,0,44,0.0
D,640209,quiet_mid3,0.0000,S,0,44,0.0
D,640304,quiet_mid3,0.0000,S,0,44,0.0
D,640400,quiet_mid3,0.0000,S,0,44,0.0
D,640496,quiet_mid3,0.0000,S,0,44,0.0
D,640592,quiet_mid3,0.0000,S,0,44,0.0
D,640686,quiet_mid3,0.0000,S,0,44,0.0
D,640782,quiet_mid3,0.0000,S,0,44,0.0
D,640877,quiet_mid3,0.0000,S,0,44,0.0
D,640973,quiet_mid3,0.0000,S,0,44,0.0
D,641069,quiet_mid3,0.0000,S,0,44,0.0
D,641165,quiet_mid3,0.0000,S,0,44,0.0
D,641261,quiet_mid3,0.0000,S,0,44,0.0
D,641357,quiet_mid3,0.0000,S,0,44,0.0
D,641452,quiet_mid3,0.0000,S,0,44,0.0
D,641548,quiet_mid3,0.0000,S,0,44,0.0
D,641642,quiet_mid3,0.0000,S,0,44,0.0
D,641738,quiet_mid3,0.0000,S,0,44,0.0
D,641834,quiet_mid3,0.0000,S,0,44,0.0
D,641930,quiet_mid3,0.0000,S,0,44,0.0
D,642026,quiet_mid3,0.0000,S,0,44,0.0
D,642121,quiet_mid3,0.0000,S,0,44,0.0
D,642217,quiet_mid3,0.0000,S,0,44,0.0
D,642313,quiet_mid3,0.0000,S,0,44,0.0
D,642409,quiet_mid3,0.0000,S,0,44,0.0
D,642503,quiet_mid3,0.0000,S,0,44,0.0
D,642599,quiet_mid3,0.0000,S,0,44,0.0
D,642694,quiet_mid3,0.0000,S,0,44,0.0
D,642790,quiet_mid3,0.0000,S,0,44,0.0
D,642886,quiet_mid3,0.0000,S,0,44,0.0
D,642982,quiet_mid3,0.0000,S,0,44,0.0
D,643078,quiet_mid3,0.0000,S,0,44,0.0
D,643174,quiet_mid3,0.0000,S,0,44,0.0
D,643270,quiet_mid3,0.0000,S,0,44,0.0
D,643363,quiet_mid3,0.0000,S,0,44,0.0
D,643459,quiet_mid3,0.0000,S,0,44,0.0
D,643555,quiet_mid3,0.0000,S,0,44,0.0
D,643651,quiet_mid3,0.0000,S,0,44,0.0
D,643747,quiet_mid3,0.0000,S,0,44,0.0
D,643843,quiet_mid3,0.0000,S,0,44,0.0
D,643938,quiet_mid3,0.0000,S,0,44,0.0
D,644034,quiet_mid3,0.0000,S,0,44,0.0
E,644096,BLOCK_END,quiet_mid3
E,644098,BLOCK_START,stepper_hold
D,644130,stepper_hold,0.0000,S,0,44,0.0
D,644226,stepper_hold,0.0000,S,0,44,0.0
D,644320,stepper_hold,0.0000,S,0,44,0.0
D,644416,stepper_hold,0.0000,S,0,44,0.0
D,644512,stepper_hold,0.0000,S,0,44,0.0
D,644607,stepper_hold,0.0000,S,0,44,0.0
D,644703,stepper_hold,0.0000,S,0,44,0.0
D,644799,stepper_hold,0.0000,S,0,44,0.0
D,644895,stepper_hold,0.0000,S,0,44,0.0
D,644991,stepper_hold,0.0000,S,0,44,0.0
D,645087,stepper_hold,0.0000,S,0,44,0.0
D,645180,stepper_hold,0.0000,S,0,44,0.0
D,645276,stepper_hold,0.0000,S,0,44,0.0
D,645372,stepper_hold,0.0000,S,0,44,0.0
D,645468,stepper_hold,0.0000,S,0,44,0.0
D,645564,stepper_hold,0.0000,S,0,44,0.0
D,645660,stepper_hold,0.0000,S,0,44,0.0
D,645756,stepper_hold,0.0000,S,0,44,0.0
D,645851,stepper_hold,0.0000,S,0,44,0.0
D,645947,stepper_hold,0.0000,S,0,44,0.0
D,646041,stepper_hold,0.0000,S,0,44,0.0
D,646137,stepper_hold,0.0000,S,0,44,0.0
D,646233,stepper_hold,0.0000,S,0,44,0.0
D,646329,stepper_hold,0.0000,S,0,44,0.0
D,646424,stepper_hold,0.0000,S,0,44,0.0
D,646520,stepper_hold,0.0000,S,0,44,0.0
D,646616,stepper_hold,0.0000,S,0,44,0.0
D,646712,stepper_hold,0.0000,S,0,44,0.0
D,646808,stepper_hold,0.0000,S,0,44,0.0
D,646902,stepper_hold,0.0000,S,0,44,0.0
D,646998,stepper_hold,0.0000,S,0,44,0.0
D,647093,stepper_hold,0.0000,S,0,44,0.0
D,647189,stepper_hold,0.0000,S,0,44,0.0
D,647285,stepper_hold,0.0000,S,0,44,0.0
D,647381,stepper_hold,0.0000,S,0,44,0.0
D,647477,stepper_hold,0.0000,S,0,44,0.0
D,647573,stepper_hold,0.0000,S,0,44,0.0
D,647668,stepper_hold,0.0000,S,0,44,0.0
D,647764,stepper_hold,0.0000,S,0,44,0.0
D,647858,stepper_hold,0.0000,S,0,44,0.0
D,647954,stepper_hold,0.0000,S,0,44,0.0
D,648050,stepper_hold,0.0000,S,0,44,0.0
D,648146,stepper_hold,0.0000,S,0,44,0.0
D,648242,stepper_hold,0.0000,S,0,44,0.0
D,648337,stepper_hold,0.0000,S,0,44,0.0
D,648433,stepper_hold,0.0000,S,0,44,0.0
D,648529,stepper_hold,0.0000,S,0,44,0.0
D,648625,stepper_hold,0.0000,S,0,44,0.0
D,648719,stepper_hold,0.0000,S,0,44,0.0
D,648815,stepper_hold,0.0000,S,0,44,0.0
D,648910,stepper_hold,0.0000,S,0,44,0.0
D,649006,stepper_hold,0.0000,S,0,44,0.0
D,649102,stepper_hold,0.0000,S,0,44,0.0
D,649198,stepper_hold,0.0000,S,0,44,0.0
D,649294,stepper_hold,0.0000,S,0,44,0.0
D,649390,stepper_hold,0.0000,S,0,44,0.0
D,649486,stepper_hold,0.0000,S,0,44,0.0
D,649580,stepper_hold,0.0000,S,0,44,0.0
D,649675,stepper_hold,0.0000,S,0,44,0.0
D,649771,stepper_hold,0.0000,S,0,44,0.0
D,649867,stepper_hold,0.0000,S,0,44,0.0
D,649963,stepper_hold,0.0000,S,0,44,0.0
D,650059,stepper_hold,0.0000,S,0,44,0.0
D,650154,stepper_hold,0.0000,S,0,44,0.0
D,650250,stepper_hold,0.0000,S,0,44,0.0
D,650351,stepper_hold,0.0000,S,0,44,0.0
D,650546,stepper_hold,0.0000,S,0,44,0.0
D,650728,stepper_hold,0.0000,S,0,44,0.0
D,650824,stepper_hold,0.0000,S,0,44,0.0
D,650919,stepper_hold,0.0000,S,0,44,0.0
D,651015,stepper_hold,0.0000,S,0,44,0.0
D,651111,stepper_hold,0.0000,S,0,44,0.0
D,651207,stepper_hold,0.0000,S,0,44,0.0
D,651303,stepper_hold,0.0000,S,0,44,0.0
D,651397,stepper_hold,0.0000,S,0,44,0.0
D,651492,stepper_hold,0.0000,S,0,44,0.0
D,651588,stepper_hold,0.0000,S,0,44,0.0
D,651684,stepper_hold,0.0000,S,0,44,0.0
D,651780,stepper_hold,0.0000,S,0,44,0.0
D,651876,stepper_hold,0.0000,S,0,44,0.0
D,651972,stepper_hold,0.0000,S,0,44,0.0
D,652067,stepper_hold,0.0000,S,0,44,0.0
D,652163,stepper_hold,0.0000,S,0,44,0.0
D,652257,stepper_hold,0.0000,S,0,44,0.0
D,652353,stepper_hold,0.0000,S,0,44,0.0
D,652449,stepper_hold,0.0000,S,0,44,0.0
D,652545,stepper_hold,0.0000,S,0,44,0.0
D,652641,stepper_hold,0.0000,S,0,44,0.0
D,652736,stepper_hold,0.0000,S,0,44,0.0
D,652832,stepper_hold,0.0000,S,0,44,0.0
D,652928,stepper_hold,0.0000,S,0,44,0.0
D,653024,stepper_hold,0.0000,S,0,44,0.0
D,653118,stepper_hold,0.0000,S,0,44,0.0
D,653214,stepper_hold,0.0000,S,0,44,0.0
D,653309,stepper_hold,0.0000,S,0,44,0.0
D,653405,stepper_hold,0.0000,S,0,44,0.0
D,653501,stepper_hold,0.0000,S,0,44,0.0
D,653597,stepper_hold,0.0000,S,0,44,0.0
D,653693,stepper_hold,0.0000,S,0,44,0.0
D,653789,stepper_hold,0.0000,S,0,44,0.0
D,653885,stepper_hold,0.0000,S,0,44,0.0
D,653980,stepper_hold,0.0000,S,0,44,0.0
D,654074,stepper_hold,0.0000,S,0,44,0.0
D,654170,stepper_hold,0.0000,S,0,44,0.0
D,654266,stepper_hold,0.0000,S,0,44,0.0
D,654362,stepper_hold,0.0000,S,0,44,0.0
D,654458,stepper_hold,0.0000,S,0,44,0.0
D,654553,stepper_hold,0.0000,S,0,44,0.0
D,654649,stepper_hold,0.0000,S,0,44,0.0
D,654745,stepper_hold,0.0000,S,0,44,0.0
D,654841,stepper_hold,0.0000,S,0,44,0.0
D,654935,stepper_hold,0.0000,S,0,44,0.0
D,655031,stepper_hold,0.0000,S,0,44,0.0
D,655127,stepper_hold,0.0000,S,0,44,0.0
D,655222,stepper_hold,0.0000,S,0,44,0.0
D,655318,stepper_hold,0.0000,S,0,44,0.0
D,655414,stepper_hold,0.0000,S,0,44,0.0
D,655510,stepper_hold,0.0000,S,0,44,0.0
D,655606,stepper_hold,0.0000,S,0,44,0.0
D,655702,stepper_hold,0.0000,S,0,44,0.0
D,655795,stepper_hold,0.0000,S,0,44,0.0
D,655891,stepper_hold,0.0000,S,0,44,0.0
D,655987,stepper_hold,0.0000,S,0,44,0.0
D,656083,stepper_hold,0.0000,S,0,44,0.0
D,656179,stepper_hold,0.0000,S,0,44,0.0
D,656275,stepper_hold,0.0000,S,0,44,0.0
D,656371,stepper_hold,0.0000,S,0,44,0.0
D,656466,stepper_hold,0.0000,S,0,44,0.0
D,656562,stepper_hold,0.0000,S,0,44,0.0
D,656656,stepper_hold,0.0000,S,0,44,0.0
D,656752,stepper_hold,0.0000,S,0,44,0.0
D,656848,stepper_hold,0.0000,S,0,44,0.0
D,656944,stepper_hold,0.0000,S,0,44,0.0
D,657039,stepper_hold,0.0000,S,0,44,0.0
D,657135,stepper_hold,0.0000,S,0,44,0.0
D,657231,stepper_hold,0.0000,S,0,44,0.0
D,657327,stepper_hold,0.0000,S,0,44,0.0
D,657423,stepper_hold,0.0000,S,0,44,0.0
D,657519,stepper_hold,0.0000,S,0,44,0.0
D,657612,stepper_hold,0.0000,S,0,44,0.0
D,657709,stepper_hold,0.0000,S,0,44,0.0
D,657804,stepper_hold,0.0000,S,0,44,0.0
D,657900,stepper_hold,0.0000,S,0,44,0.0
D,657996,stepper_hold,0.0000,S,0,44,0.0
D,658092,stepper_hold,0.0000,S,0,44,0.0
D,658188,stepper_hold,0.0000,S,0,44,0.0
D,658283,stepper_hold,0.0000,S,0,44,0.0
D,658379,stepper_hold,0.0000,S,0,44,0.0
D,658473,stepper_hold,0.0000,S,0,44,0.0
D,658569,stepper_hold,0.0000,S,0,44,0.0
D,658665,stepper_hold,0.0000,S,0,44,0.0
D,658761,stepper_hold,0.0000,S,0,44,0.0
D,658857,stepper_hold,0.0000,S,0,44,0.0
D,658952,stepper_hold,0.0000,S,0,44,0.0
D,659048,stepper_hold,0.0000,S,0,44,0.0
D,659144,stepper_hold,0.0000,S,0,44,0.0
D,659240,stepper_hold,0.0000,S,0,44,0.0
D,659334,stepper_hold,0.0000,S,0,44,0.0
D,659430,stepper_hold,0.0000,S,0,44,0.0
D,659525,stepper_hold,0.0000,S,0,44,0.0
D,659621,stepper_hold,0.0000,S,0,44,0.0
D,659717,stepper_hold,0.0000,S,0,44,0.0
D,659813,stepper_hold,0.0000,S,0,44,0.0
D,659909,stepper_hold,0.0000,S,0,44,0.0
D,660005,stepper_hold,0.0000,S,0,44,0.0
D,660100,stepper_hold,0.0000,S,0,44,0.0
D,660197,stepper_hold,0.0000,S,0,44,0.0
D,660290,stepper_hold,0.0000,S,0,44,0.0
D,660386,stepper_hold,0.0000,S,0,44,0.0
D,660482,stepper_hold,0.0000,S,0,44,0.0
D,660578,stepper_hold,0.0000,S,0,44,0.0
D,660674,stepper_hold,0.0000,S,0,44,0.0
D,660769,stepper_hold,0.0000,S,0,44,0.0
D,660865,stepper_hold,0.0000,S,0,44,0.0
D,660961,stepper_hold,0.0000,S,0,44,0.0
D,661057,stepper_hold,0.0000,S,0,44,0.0
D,661151,stepper_hold,0.0000,S,0,44,0.0
D,661247,stepper_hold,0.0000,S,0,44,0.0
D,661343,stepper_hold,0.0000,S,0,44,0.0
D,661438,stepper_hold,0.0000,S,0,44,0.0
D,661534,stepper_hold,0.0000,S,0,44,0.0
D,661630,stepper_hold,0.0000,S,0,44,0.0
D,661726,stepper_hold,0.0000,S,0,44,0.0
D,661834,stepper_hold,0.0000,S,0,44,0.0
D,662012,stepper_hold,0.0000,S,0,44,0.0
D,662107,stepper_hold,0.0000,S,0,44,0.0
D,662203,stepper_hold,0.0000,S,0,44,0.0
D,662299,stepper_hold,0.0000,S,0,44,0.0
D,662395,stepper_hold,0.0000,S,0,44,0.0
D,662491,stepper_hold,0.0000,S,0,44,0.0
D,662587,stepper_hold,0.0000,S,0,44,0.0
D,662682,stepper_hold,0.0000,S,0,44,0.0
D,662778,stepper_hold,0.0000,S,0,44,0.0
D,662874,stepper_hold,0.0000,S,0,44,0.0
D,662968,stepper_hold,0.0000,S,0,44,0.0
D,663064,stepper_hold,0.0000,S,0,44,0.0
D,663160,stepper_hold,0.0000,S,0,44,0.0
D,663255,stepper_hold,0.0000,S,0,44,0.0
D,663351,stepper_hold,0.0000,S,0,44,0.0
D,663447,stepper_hold,0.0000,S,0,44,0.0
D,663543,stepper_hold,0.0000,S,0,44,0.0
D,663639,stepper_hold,0.0000,S,0,44,0.0
D,663735,stepper_hold,0.0000,S,0,44,0.0
D,663828,stepper_hold,0.0000,S,0,44,0.0
D,663924,stepper_hold,0.0000,S,0,44,0.0
D,664020,stepper_hold,0.0000,S,0,44,0.0
D,664116,stepper_hold,0.0000,S,0,44,0.0
E,664180,BLOCK_END,stepper_hold
E,664182,BLOCK_START,auger_steps
D,664212,auger_steps,0.0000,S,0,44,0.0
D,664308,auger_steps,0.0000,S,0,44,0.0
D,664404,auger_steps,0.0000,S,0,44,0.0
D,664500,auger_steps,0.0000,S,0,44,0.0
D,664595,auger_steps,0.0000,S,0,44,0.0
D,664689,auger_steps,0.0000,S,0,44,0.0
D,664785,auger_steps,0.0000,S,0,44,0.0
D,664881,auger_steps,0.0000,S,0,44,0.0
D,664977,auger_steps,0.0000,S,0,44,0.0
D,665073,auger_steps,0.0000,S,0,44,0.0
D,665168,auger_steps,0.0000,S,0,44,0.0
D,665264,auger_steps,0.0000,S,0,44,0.0
D,665360,auger_steps,0.0000,S,0,44,0.0
D,665456,auger_steps,0.0000,S,0,44,0.0
D,665550,auger_steps,0.0000,S,0,44,0.0
D,665646,auger_steps,0.0000,S,0,44,0.0
D,665741,auger_steps,0.0000,S,0,44,0.0
D,665837,auger_steps,0.0000,S,0,44,0.0
D,665933,auger_steps,0.0000,S,0,44,0.0
D,666029,auger_steps,0.0000,S,0,44,0.0
D,666125,auger_steps,0.0000,S,0,44,0.0
E,666187,ROT_START,1
E,668649,ROT_END,1
D,668707,auger_steps,0.0000,S,0,44,0.0
D,668803,auger_steps,0.0000,S,0,44,0.0
D,668898,auger_steps,0.0000,S,0,44,0.0
D,668994,auger_steps,0.0000,S,0,44,0.0
D,669088,auger_steps,0.0000,S,0,44,0.0
D,669184,auger_steps,0.0000,S,0,44,0.0
D,669280,auger_steps,0.0000,S,0,44,0.0
D,669376,auger_steps,0.0000,S,0,44,0.0
D,669471,auger_steps,0.0000,S,0,44,0.0
D,669568,auger_steps,0.0000,S,0,44,0.0
D,669663,auger_steps,0.0000,S,0,44,0.0
D,669759,auger_steps,0.0000,S,0,44,0.0
D,669855,auger_steps,0.0000,S,0,44,0.0
D,669951,auger_steps,0.0000,S,0,44,0.0
D,670044,auger_steps,0.0000,S,0,44,0.0
D,670140,auger_steps,0.0000,S,0,44,0.0
D,670236,auger_steps,0.0000,S,0,44,0.0
D,670332,auger_steps,0.0000,S,0,44,0.0
D,670428,auger_steps,0.0000,S,0,44,0.0
D,670524,auger_steps,0.0000,S,0,44,0.0
D,670620,auger_steps,0.0000,S,0,44,0.0
D,670715,auger_steps,0.0000,S,0,44,0.0
D,670811,auger_steps,0.0000,S,0,44,0.0
D,670905,auger_steps,0.0000,S,0,44,0.0
D,671001,auger_steps,0.0000,S,0,44,0.0
D,671097,auger_steps,0.0000,S,0,44,0.0
D,671193,auger_steps,0.0000,S,0,44,0.0
D,671289,auger_steps,0.0000,S,0,44,0.0
D,671385,auger_steps,0.0000,S,0,44,0.0
D,671480,auger_steps,0.0000,S,0,44,0.0
D,671576,auger_steps,0.0000,S,0,44,0.0
D,671672,auger_steps,0.0000,S,0,44,0.0
D,671766,auger_steps,0.0000,S,0,44,0.0
D,671862,auger_steps,0.0000,S,0,44,0.0
D,671958,auger_steps,0.0000,S,0,44,0.0
D,672053,auger_steps,0.0000,S,0,44,0.0
D,672149,auger_steps,0.0000,S,0,44,0.0
D,672245,auger_steps,0.0000,S,0,44,0.0
D,672341,auger_steps,0.0000,S,0,44,0.0
D,672437,auger_steps,0.0000,S,0,44,0.0
D,672533,auger_steps,0.0000,S,0,44,0.0
D,672629,auger_steps,0.0000,S,0,44,0.0
E,672691,ROT_START,2
E,675154,ROT_END,2
D,675210,auger_steps,0.0000,S,0,44,0.0
D,675304,auger_steps,0.0000,S,0,44,0.0
D,675400,auger_steps,0.0000,S,0,44,0.0
D,675496,auger_steps,0.0000,S,0,44,0.0
D,675592,auger_steps,0.0000,S,0,44,0.0
D,675688,auger_steps,0.0000,S,0,44,0.0
D,675783,auger_steps,0.0000,S,0,44,0.0
D,675879,auger_steps,0.0000,S,0,44,0.0
D,675975,auger_steps,0.0000,S,0,44,0.0
D,676071,auger_steps,0.0000,S,0,44,0.0
D,676167,auger_steps,0.0000,S,0,44,0.0
D,676261,auger_steps,0.0000,S,0,44,0.0
D,676356,auger_steps,0.0000,S,0,44,0.0
D,676452,auger_steps,0.0000,S,0,44,0.0
D,676548,auger_steps,0.0000,S,0,44,0.0
D,676644,auger_steps,0.0000,S,0,44,0.0
D,676740,auger_steps,0.0000,S,0,44,0.0
D,676836,auger_steps,0.0000,S,0,44,0.0
D,676931,auger_steps,0.0000,S,0,44,0.0
D,677027,auger_steps,0.0000,S,0,44,0.0
D,677121,auger_steps,0.0000,S,0,44,0.0
D,677217,auger_steps,0.0000,S,0,44,0.0
D,677313,auger_steps,0.0000,S,0,44,0.0
D,677409,auger_steps,0.0000,S,0,44,0.0
D,677505,auger_steps,0.0000,S,0,44,0.0
D,677600,auger_steps,0.0000,S,0,44,0.0
D,677696,auger_steps,0.0000,S,0,44,0.0
D,677792,auger_steps,0.0000,S,0,44,0.0
D,677888,auger_steps,0.0000,S,0,44,0.0
D,677982,auger_steps,0.0000,S,0,44,0.0
D,678083,auger_steps,0.0000,S,0,44,0.0
D,678174,auger_steps,0.0000,S,0,44,0.0
D,678269,auger_steps,0.0000,S,0,44,0.0
D,678365,auger_steps,0.0000,S,0,44,0.0
D,678461,auger_steps,0.0000,S,0,44,0.0
D,678557,auger_steps,0.0000,S,0,44,0.0
D,678653,auger_steps,0.0000,S,0,44,0.0
D,678749,auger_steps,0.0000,S,0,44,0.0
D,678844,auger_steps,0.0000,S,0,44,0.0
D,678938,auger_steps,0.0000,S,0,44,0.0
D,679034,auger_steps,0.0000,S,0,44,0.0
D,679130,auger_steps,0.0000,S,0,44,0.0
E,679192,ROT_START,3
E,681657,ROT_END,3
D,681712,auger_steps,0.0000,S,0,44,0.0
D,681808,auger_steps,0.0000,S,0,44,0.0
D,681904,auger_steps,0.0000,S,0,44,0.0
D,681999,auger_steps,0.0000,S,0,44,0.0
D,682095,auger_steps,0.0000,S,0,44,0.0
D,682191,auger_steps,0.0000,S,0,44,0.0
D,682287,auger_steps,0.0000,S,0,44,0.0
D,682383,auger_steps,0.0000,S,0,44,0.0
D,682477,auger_steps,0.0000,S,0,44,0.0
D,682573,auger_steps,0.0000,S,0,44,0.0
D,682668,auger_steps,0.0000,S,0,44,0.0
D,682764,auger_steps,0.0000,S,0,44,0.0
D,682860,auger_steps,0.0000,S,0,44,0.0
D,682956,auger_steps,0.0000,S,0,44,0.0
D,683052,auger_steps,0.0000,S,0,44,0.0
D,683147,auger_steps,0.0000,S,0,44,0.0
D,683244,auger_steps,0.0000,S,0,44,0.0
D,683337,auger_steps,0.0000,S,0,44,0.0
D,683433,auger_steps,0.0000,S,0,44,0.0
D,683529,auger_steps,0.0000,S,0,44,0.0
D,683625,auger_steps,0.0000,S,0,44,0.0
D,683721,auger_steps,0.0000,S,0,44,0.0
D,683816,auger_steps,0.0000,S,0,44,0.0
D,683912,auger_steps,0.0000,S,0,44,0.0
D,684008,auger_steps,0.0000,S,0,44,0.0
D,684104,auger_steps,0.0000,S,0,44,0.0
D,684198,auger_steps,0.0000,S,0,44,0.0
D,684294,auger_steps,0.0000,S,0,44,0.0
D,684390,auger_steps,0.0000,S,0,44,0.0
D,684486,auger_steps,0.0000,S,0,44,0.0
D,684581,auger_steps,0.0000,S,0,44,0.0
D,684677,auger_steps,0.0000,S,0,44,0.0
D,684773,auger_steps,0.0000,S,0,44,0.0
D,684869,auger_steps,0.0000,S,0,44,0.0
D,684965,auger_steps,0.0000,S,0,44,0.0
D,685061,auger_steps,0.0000,S,0,44,0.0
D,685154,auger_steps,0.0000,S,0,44,0.0
D,685250,auger_steps,0.0000,S,0,44,0.0
D,685346,auger_steps,0.0000,S,0,44,0.0
D,685442,auger_steps,0.0000,S,0,44,0.0
D,685538,auger_steps,0.0000,S,0,44,0.0
D,685634,auger_steps,0.0000,S,0,44,0.0
E,685696,ROT_START,4
E,688159,ROT_END,4
D,688215,auger_steps,0.0000,S,0,44,0.0
D,688311,auger_steps,0.0000,S,0,44,0.0
D,688407,auger_steps,0.0000,S,0,44,0.0
D,688503,auger_steps,0.0000,S,0,44,0.0
D,688599,auger_steps,0.0000,S,0,44,0.0
D,688693,auger_steps,0.0000,S,0,44,0.0
D,688788,auger_steps,0.0000,S,0,44,0.0
D,688884,auger_steps,0.0000,S,0,44,0.0
D,688980,auger_steps,0.0000,S,0,44,0.0
D,689076,auger_steps,0.0000,S,0,44,0.0
D,689172,auger_steps,0.0000,S,0,44,0.0
D,689268,auger_steps,0.0000,S,0,44,0.0
D,689364,auger_steps,0.0000,S,0,44,0.0
D,689459,auger_steps,0.0000,S,0,44,0.0
D,689553,auger_steps,0.0000,S,0,44,0.0
D,689649,auger_steps,0.0000,S,0,44,0.0
D,689745,auger_steps,0.0000,S,0,44,0.0
D,689841,auger_steps,0.0000,S,0,44,0.0
D,689937,auger_steps,0.0000,S,0,44,0.0
D,690032,auger_steps,0.0000,S,0,44,0.0
D,690128,auger_steps,0.0000,S,0,44,0.0
D,690224,auger_steps,0.0000,S,0,44,0.0
D,690320,auger_steps,0.0000,S,0,44,0.0
D,690414,auger_steps,0.0000,S,0,44,0.0
D,690510,auger_steps,0.0000,S,0,44,0.0
D,690606,auger_steps,0.0000,S,0,44,0.0
D,690701,auger_steps,0.0000,S,0,44,0.0
D,690797,auger_steps,0.0000,S,0,44,0.0
D,690893,auger_steps,0.0000,S,0,44,0.0
D,690989,auger_steps,0.0000,S,0,44,0.0
D,691085,auger_steps,0.0000,S,0,44,0.0
D,691181,auger_steps,0.0000,S,0,44,0.0
D,691275,auger_steps,0.0000,S,0,44,0.0
D,691371,auger_steps,0.0000,S,0,44,0.0
D,691466,auger_steps,0.0000,S,0,44,0.0
D,691562,auger_steps,0.0000,S,0,44,0.0
D,691658,auger_steps,0.0000,S,0,44,0.0
D,691754,auger_steps,0.0000,S,0,44,0.0
D,691850,auger_steps,0.0000,S,0,44,0.0
D,691946,auger_steps,0.0000,S,0,44,0.0
D,692041,auger_steps,0.0000,S,0,44,0.0
D,692137,auger_steps,0.0000,S,0,44,0.0
E,692199,ROT_START,5
E,694662,ROT_END,5
D,694719,auger_steps,0.0000,S,0,44,0.0
D,694815,auger_steps,0.0000,S,0,44,0.0
D,694909,auger_steps,0.0000,S,0,44,0.0
D,695005,auger_steps,0.0000,S,0,44,0.0
D,695100,auger_steps,0.0000,S,0,44,0.0
D,695196,auger_steps,0.0000,S,0,44,0.0
D,695292,auger_steps,0.0000,S,0,44,0.0
D,695388,auger_steps,0.0000,S,0,44,0.0
D,695484,auger_steps,0.0000,S,0,44,0.0
D,695580,auger_steps,0.0000,S,0,44,0.0
D,695676,auger_steps,0.0000,S,0,44,0.0
D,695769,auger_steps,0.0000,S,0,44,0.0
D,695865,auger_steps,0.0000,S,0,44,0.0
D,695961,auger_steps,0.0000,S,0,44,0.0
D,696057,auger_steps,0.0000,S,0,44,0.0
D,696153,auger_steps,0.0000,S,0,44,0.0
D,696249,auger_steps,0.0000,S,0,44,0.0
D,696344,auger_steps,0.0000,S,0,44,0.0
D,696440,auger_steps,0.0000,S,0,44,0.0
D,696536,auger_steps,0.0000,S,0,44,0.0
D,696642,auger_steps,0.0000,S,0,44,0.0
D,696822,auger_steps,0.0000,S,0,44,0.0
D,696918,auger_steps,0.0000,S,0,44,0.0
D,697013,auger_steps,0.0000,S,0,44,0.0
D,697109,auger_steps,0.0000,S,0,44,0.0
D,697205,auger_steps,0.0000,S,0,44,0.0
D,697301,auger_steps,0.0000,S,0,44,0.0
D,697397,auger_steps,0.0000,S,0,44,0.0
D,697493,auger_steps,0.0000,S,0,44,0.0
D,697586,auger_steps,0.0000,S,0,44,0.0
D,697682,auger_steps,0.0000,S,0,44,0.0
D,697778,auger_steps,0.0000,S,0,44,0.0
D,697874,auger_steps,0.0000,S,0,44,0.0
D,697970,auger_steps,0.0000,S,0,44,0.0
D,698066,auger_steps,0.0000,S,0,44,0.0
D,698161,auger_steps,0.0000,S,0,44,0.0
D,698258,auger_steps,0.0000,S,0,44,0.0
D,698353,auger_steps,0.0000,S,0,44,0.0
D,698447,auger_steps,0.0000,S,0,44,0.0
D,698543,auger_steps,0.0000,S,0,44,0.0
D,698639,auger_steps,0.0000,S,0,44,0.0
D,698735,auger_steps,0.0000,S,0,44,0.0
E,698797,ROT_START,6
E,701260,ROT_END,6
D,701317,auger_steps,0.0000,S,0,44,0.0
D,701412,auger_steps,0.0000,S,0,44,0.0
D,701508,auger_steps,0.0000,S,0,44,0.0
D,701604,auger_steps,0.0000,S,0,44,0.0
D,701700,auger_steps,0.0000,S,0,44,0.0
D,701796,auger_steps,0.0000,S,0,44,0.0
D,701891,auger_steps,0.0000,S,0,44,0.0
D,701985,auger_steps,0.0000,S,0,44,0.0
D,702081,auger_steps,0.0000,S,0,44,0.0
D,702177,auger_steps,0.0000,S,0,44,0.0
D,702273,auger_steps,0.0000,S,0,44,0.0
D,702369,auger_steps,0.0000,S,0,44,0.0
D,702465,auger_steps,0.0000,S,0,44,0.0
D,702561,auger_steps,0.0000,S,0,44,0.0
D,702656,auger_steps,0.0000,S,0,44,0.0
D,702752,auger_steps,0.0000,S,0,44,0.0
D,702846,auger_steps,0.0000,S,0,44,0.0
D,702942,auger_steps,0.0000,S,0,44,0.0
D,703038,auger_steps,0.0000,S,0,44,0.0
D,703133,auger_steps,0.0000,S,0,44,0.0
D,703229,auger_steps,0.0000,S,0,44,0.0
D,703325,auger_steps,0.0000,S,0,44,0.0
D,703421,auger_steps,0.0000,S,0,44,0.0
D,703517,auger_steps,0.0000,S,0,44,0.0
D,703613,auger_steps,0.0000,S,0,44,0.0
D,703707,auger_steps,0.0000,S,0,44,0.0
D,703802,auger_steps,0.0000,S,0,44,0.0
D,703898,auger_steps,0.0000,S,0,44,0.0
D,703994,auger_steps,0.0000,S,0,44,0.0
D,704090,auger_steps,0.0000,S,0,44,0.0
D,704186,auger_steps,0.0000,S,0,44,0.0
D,704282,auger_steps,0.0000,S,0,44,0.0
D,704378,auger_steps,0.0000,S,0,44,0.0
D,704473,auger_steps,0.0000,S,0,44,0.0
D,704569,auger_steps,0.0000,S,0,44,0.0
D,704663,auger_steps,0.0000,S,0,44,0.0
D,704759,auger_steps,0.0000,S,0,44,0.0
D,704855,auger_steps,0.0000,S,0,44,0.0
D,704951,auger_steps,0.0000,S,0,44,0.0
D,705047,auger_steps,0.0000,S,0,44,0.0
D,705142,auger_steps,0.0000,S,0,44,0.0
D,705238,auger_steps,0.0000,S,0,44,0.0
E,705300,ROT_START,7
E,707764,ROT_END,7
D,707820,auger_steps,0.0000,S,0,44,0.0
D,707916,auger_steps,0.0000,S,0,44,0.0
D,708012,auger_steps,0.0000,S,0,44,0.0
D,708108,auger_steps,0.0000,S,0,44,0.0
D,708201,auger_steps,0.0000,S,0,44,0.0
D,708297,auger_steps,0.0000,S,0,44,0.0
D,708393,auger_steps,0.0000,S,0,44,0.0
D,708489,auger_steps,0.0000,S,0,44,0.0
D,708585,auger_steps,0.0000,S,0,44,0.0
D,708681,auger_steps,0.0000,S,0,44,0.0
D,708776,auger_steps,0.0000,S,0,44,0.0
D,708872,auger_steps,0.0000,S,0,44,0.0
D,708968,auger_steps,0.0000,S,0,44,0.0
D,709062,auger_steps,0.0000,S,0,44,0.0
D,709158,auger_steps,0.0000,S,0,44,0.0
D,709254,auger_steps,0.0000,S,0,44,0.0
D,709350,auger_steps,0.0000,S,0,44,0.0
D,709445,auger_steps,0.0000,S,0,44,0.0
D,709541,auger_steps,0.0000,S,0,44,0.0
D,709637,auger_steps,0.0000,S,0,44,0.0
D,709733,auger_steps,0.0000,S,0,44,0.0
D,709829,auger_steps,0.0000,S,0,44,0.0
D,709923,auger_steps,0.0000,S,0,44,0.0
D,710018,auger_steps,0.0000,S,0,44,0.0
D,710114,auger_steps,0.0000,S,0,44,0.0
D,710210,auger_steps,0.0000,S,0,44,0.0
D,710306,auger_steps,0.0000,S,0,44,0.0
D,710402,auger_steps,0.0000,S,0,44,0.0
D,710498,auger_steps,0.0000,S,0,44,0.0
D,710594,auger_steps,0.0000,S,0,44,0.0
D,710689,auger_steps,0.0000,S,0,44,0.0
D,710785,auger_steps,0.0000,S,0,44,0.0
D,710879,auger_steps,0.0000,S,0,44,0.0
D,710975,auger_steps,0.0000,S,0,44,0.0
D,711071,auger_steps,0.0000,S,0,44,0.0
D,711167,auger_steps,0.0000,S,0,44,0.0
D,711262,auger_steps,0.0000,S,0,44,0.0
D,711358,auger_steps,0.0000,S,0,44,0.0
D,711454,auger_steps,0.0000,S,0,44,0.0
D,711550,auger_steps,0.0000,S,0,44,0.0
D,711646,auger_steps,0.0000,S,0,44,0.0
D,711740,auger_steps,0.0000,S,0,44,0.0
E,711802,ROT_START,8
E,714266,ROT_END,8
D,714324,auger_steps,0.0000,S,0,44,0.0
D,714417,auger_steps,0.0000,S,0,44,0.0
D,714513,auger_steps,0.0000,S,0,44,0.0
D,714609,auger_steps,0.0000,S,0,44,0.0
D,714705,auger_steps,0.0000,S,0,44,0.0
D,714801,auger_steps,0.0000,S,0,44,0.0
D,714897,auger_steps,0.0000,S,0,44,0.0
D,714993,auger_steps,0.0000,S,0,44,0.0
D,715088,auger_steps,0.0000,S,0,44,0.0
D,715196,auger_steps,0.0000,S,0,44,0.0
D,715374,auger_steps,0.0000,S,0,44,0.0
D,715470,auger_steps,0.0000,S,0,44,0.0
D,715565,auger_steps,0.0000,S,0,44,0.0
D,715662,auger_steps,0.0000,S,0,44,0.0
D,715757,auger_steps,0.0000,S,0,44,0.0
D,715853,auger_steps,0.0000,S,0,44,0.0
D,715949,auger_steps,0.0000,S,0,44,0.0
D,716045,auger_steps,0.0000,S,0,44,0.0
D,716139,auger_steps,0.0000,S,0,44,0.0
D,716234,auger_steps,0.0000,S,0,44,0.0
D,716330,auger_steps,0.0000,S,0,44,0.0
D,716426,auger_steps,0.0000,S,0,44,0.0
D,716522,auger_steps,0.0000,S,0,44,0.0
D,716618,auger_steps,0.0000,S,0,44,0.0
D,716714,auger_steps,0.0000,S,0,44,0.0
D,716810,auger_steps,0.0000,S,0,44,0.0
D,716906,auger_steps,0.0000,S,0,44,0.0
D,717001,auger_steps,0.0000,S,0,44,0.0
D,717095,auger_steps,0.0000,S,0,44,0.0
D,717191,auger_steps,0.0000,S,0,44,0.0
D,717287,auger_steps,0.0000,S,0,44,0.0
D,717383,auger_steps,0.0000,S,0,44,0.0
D,717479,auger_steps,0.0000,S,0,44,0.0
D,717574,auger_steps,0.0000,S,0,44,0.0
D,717670,auger_steps,0.0000,S,0,44,0.0
D,717766,auger_steps,0.0000,S,0,44,0.0
D,717862,auger_steps,0.0000,S,0,44,0.0
D,717956,auger_steps,0.0000,S,0,44,0.0
D,718052,auger_steps,0.0000,S,0,44,0.0
D,718147,auger_steps,0.0000,S,0,44,0.0
D,718243,auger_steps,0.0000,S,0,44,0.0
E,718305,ROT_START,9
E,720768,ROT_END,9
D,720825,auger_steps,0.0000,S,0,44,0.0
D,720921,auger_steps,0.0000,S,0,44,0.0
D,721017,auger_steps,0.0000,S,0,44,0.0
D,721113,auger_steps,0.0000,S,0,44,0.0
D,721208,auger_steps,0.0000,S,0,44,0.0
D,721305,auger_steps,0.0000,S,0,44,0.0
D,721400,auger_steps,0.0000,S,0,44,0.0
D,721494,auger_steps,0.0000,S,0,44,0.0
D,721590,auger_steps,0.0000,S,0,44,0.0
D,721686,auger_steps,0.0000,S,0,44,0.0
D,721782,auger_steps,0.0000,S,0,44,0.0
D,721877,auger_steps,0.0000,S,0,44,0.0
D,721973,auger_steps,0.0000,S,0,44,0.0
D,722069,auger_steps,0.0000,S,0,44,0.0
D,722165,auger_steps,0.0000,S,0,44,0.0
D,722261,auger_steps,0.0000,S,0,44,0.0
D,722355,auger_steps,0.0000,S,0,44,0.0
D,722451,auger_steps,0.0000,S,0,44,0.0
D,722547,auger_steps,0.0000,S,0,44,0.0
D,722642,auger_steps,0.0000,S,0,44,0.0
D,722738,auger_steps,0.0000,S,0,44,0.0
D,722834,auger_steps,0.0000,S,0,44,0.0
D,722930,auger_steps,0.0000,S,0,44,0.0
D,723026,auger_steps,0.0000,S,0,44,0.0
D,723121,auger_steps,0.0000,S,0,44,0.0
D,723217,auger_steps,0.0000,S,0,44,0.0
D,723311,auger_steps,0.0000,S,0,44,0.0
D,723407,auger_steps,0.0000,S,0,44,0.0
D,723503,auger_steps,0.0000,S,0,44,0.0
D,723599,auger_steps,0.0000,S,0,44,0.0
D,723695,auger_steps,0.0000,S,0,44,0.0
D,723790,auger_steps,0.0000,S,0,44,0.0
D,723886,auger_steps,0.0000,S,0,44,0.0
D,723982,auger_steps,0.0000,S,0,44,0.0
D,724078,auger_steps,0.0000,S,0,44,0.0
D,724172,auger_steps,0.0000,S,0,44,0.0
D,724268,auger_steps,0.0000,S,0,44,0.0
D,724364,auger_steps,0.0000,S,0,44,0.0
D,724459,auger_steps,0.0000,S,0,44,0.0
D,724555,auger_steps,0.0000,S,0,44,0.0
D,724651,auger_steps,0.0000,S,0,44,0.0
D,724747,auger_steps,0.0000,S,0,44,0.0
E,724809,ROT_START,10
E,727272,ROT_END,10
D,727329,auger_steps,0.0000,S,0,44,0.0
D,727424,auger_steps,0.0000,S,0,44,0.0
D,727520,auger_steps,0.0000,S,0,44,0.0
D,727616,auger_steps,0.0000,S,0,44,0.0
D,727710,auger_steps,0.0000,S,0,44,0.0
D,727806,auger_steps,0.0000,S,0,44,0.0
D,727902,auger_steps,0.0000,S,0,44,0.0
D,727998,auger_steps,0.0000,S,0,44,0.0
D,728093,auger_steps,0.0000,S,0,44,0.0
D,728189,auger_steps,0.0000,S,0,44,0.0
D,728285,auger_steps,0.0000,S,0,44,0.0
D,728381,auger_steps,0.0000,S,0,44,0.0
D,728477,auger_steps,0.0000,S,0,44,0.0
D,728571,auger_steps,0.0000,S,0,44,0.0
D,728667,auger_steps,0.0000,S,0,44,0.0
D,728762,auger_steps,0.0000,S,0,44,0.0
D,728858,auger_steps,0.0000,S,0,44,0.0
D,728954,auger_steps,0.0000,S,0,44,0.0
D,729050,auger_steps,0.0000,S,0,44,0.0
D,729146,auger_steps,0.0000,S,0,44,0.0
D,729242,auger_steps,0.0000,S,0,44,0.0
E,729305,BLOCK_END,auger_steps
E,729307,BLOCK_START,quiet_mid4
D,729337,quiet_mid4,0.0000,S,0,44,0.0
D,729433,quiet_mid4,0.0000,S,0,44,0.0
D,729527,quiet_mid4,0.0000,S,0,44,0.0
D,729623,quiet_mid4,0.0000,S,0,44,0.0
D,729719,quiet_mid4,0.0000,S,0,44,0.0
D,729815,quiet_mid4,0.0000,S,0,44,0.0
D,729911,quiet_mid4,0.0000,S,0,44,0.0
D,730006,quiet_mid4,0.0000,S,0,44,0.0
D,730102,quiet_mid4,0.0000,S,0,44,0.0
D,730198,quiet_mid4,0.0000,S,0,44,0.0
D,730294,quiet_mid4,0.0000,S,0,44,0.0
D,730388,quiet_mid4,0.0000,S,0,44,0.0
D,730484,quiet_mid4,0.0000,S,0,44,0.0
D,730580,quiet_mid4,0.0000,S,0,44,0.0
D,730675,quiet_mid4,0.0000,S,0,44,0.0
D,730771,quiet_mid4,0.0000,S,0,44,0.0
D,730867,quiet_mid4,0.0000,S,0,44,0.0
D,730963,quiet_mid4,0.0000,S,0,44,0.0
D,731059,quiet_mid4,0.0000,S,0,44,0.0
D,731155,quiet_mid4,0.0000,S,0,44,0.0
D,731248,quiet_mid4,0.0000,S,0,44,0.0
D,731344,quiet_mid4,0.0000,S,0,44,0.0
D,731440,quiet_mid4,0.0000,S,0,44,0.0
D,731536,quiet_mid4,0.0000,S,0,44,0.0
D,731636,quiet_mid4,0.0000,S,0,44,0.0
D,731728,quiet_mid4,0.0000,S,0,44,0.0
D,731823,quiet_mid4,0.0000,S,0,44,0.0
D,731919,quiet_mid4,0.0000,S,0,44,0.0
D,732015,quiet_mid4,0.0000,S,0,44,0.0
D,732109,quiet_mid4,0.0000,S,0,44,0.0
D,732205,quiet_mid4,0.0000,S,0,44,0.0
D,732301,quiet_mid4,0.0000,S,0,44,0.0
D,732397,quiet_mid4,0.0000,S,0,44,0.0
D,732492,quiet_mid4,0.0000,S,0,44,0.0
D,732588,quiet_mid4,0.0000,S,0,44,0.0
D,732684,quiet_mid4,0.0000,S,0,44,0.0
D,732780,quiet_mid4,0.0000,S,0,44,0.0
D,732876,quiet_mid4,0.0000,S,0,44,0.0
D,732972,quiet_mid4,0.0000,S,0,44,0.0
D,733065,quiet_mid4,0.0000,S,0,44,0.0
D,733161,quiet_mid4,0.0000,S,0,44,0.0
D,733257,quiet_mid4,0.0000,S,0,44,0.0
D,733353,quiet_mid4,0.0000,S,0,44,0.0
D,733449,quiet_mid4,0.0000,S,0,44,0.0
D,733545,quiet_mid4,0.0000,S,0,44,0.0
D,733641,quiet_mid4,0.0000,S,0,44,0.0
D,733736,quiet_mid4,0.0000,S,0,44,0.0
D,733832,quiet_mid4,0.0000,S,0,44,0.0
D,733926,quiet_mid4,0.0000,S,0,44,0.0
D,734022,quiet_mid4,0.0000,S,0,44,0.0
D,734118,quiet_mid4,0.0000,S,0,44,0.0
D,734214,quiet_mid4,0.0000,S,0,44,0.0
D,734309,quiet_mid4,0.0000,S,0,44,0.0
D,734405,quiet_mid4,0.0000,S,0,44,0.0
D,734501,quiet_mid4,0.0000,S,0,44,0.0
D,734597,quiet_mid4,0.0000,S,0,44,0.0
D,734693,quiet_mid4,0.0000,S,0,44,0.0
D,734787,quiet_mid4,0.0000,S,0,44,0.0
D,734883,quiet_mid4,0.0000,S,0,44,0.0
D,734979,quiet_mid4,0.0000,S,0,44,0.0
D,735074,quiet_mid4,0.0000,S,0,44,0.0
D,735170,quiet_mid4,0.0000,S,0,44,0.0
D,735266,quiet_mid4,0.0000,S,0,44,0.0
D,735362,quiet_mid4,0.0000,S,0,44,0.0
D,735458,quiet_mid4,0.0000,S,0,44,0.0
D,735553,quiet_mid4,0.0000,S,0,44,0.0
D,735649,quiet_mid4,0.0000,S,0,44,0.0
D,735743,quiet_mid4,0.0000,S,0,44,0.0
D,735839,quiet_mid4,0.0000,S,0,44,0.0
D,735935,quiet_mid4,0.0000,S,0,44,0.0
D,736031,quiet_mid4,0.0000,S,0,44,0.0
D,736127,quiet_mid4,0.0000,S,0,44,0.0
D,736222,quiet_mid4,0.0000,S,0,44,0.0
D,736318,quiet_mid4,0.0000,S,0,44,0.0
D,736414,quiet_mid4,0.0000,S,0,44,0.0
D,736510,quiet_mid4,0.0000,S,0,44,0.0
D,736604,quiet_mid4,0.0000,S,0,44,0.0
D,736700,quiet_mid4,0.0000,S,0,44,0.0
D,736796,quiet_mid4,0.0000,S,0,44,0.0
D,736891,quiet_mid4,0.0000,S,0,44,0.0
D,736987,quiet_mid4,0.0000,S,0,44,0.0
D,737083,quiet_mid4,0.0000,S,0,44,0.0
D,737179,quiet_mid4,0.0000,S,0,44,0.0
D,737275,quiet_mid4,0.0000,S,0,44,0.0
D,737371,quiet_mid4,0.0000,S,0,44,0.0
D,737464,quiet_mid4,0.0000,S,0,44,0.0
D,737560,quiet_mid4,0.0000,S,0,44,0.0
D,737656,quiet_mid4,0.0000,S,0,44,0.0
D,737752,quiet_mid4,0.0000,S,0,44,0.0
D,737848,quiet_mid4,0.0000,S,0,44,0.0
D,737944,quiet_mid4,0.0000,S,0,44,0.0
D,738039,quiet_mid4,0.0000,S,0,44,0.0
D,738135,quiet_mid4,0.0000,S,0,44,0.0
D,738231,quiet_mid4,0.0000,S,0,44,0.0
D,738325,quiet_mid4,0.0000,S,0,44,0.0
D,738421,quiet_mid4,0.0000,S,0,44,0.0
D,738517,quiet_mid4,0.0000,S,0,44,0.0
D,738613,quiet_mid4,0.0000,S,0,44,0.0
D,738709,quiet_mid4,0.0000,S,0,44,0.0
D,738804,quiet_mid4,0.0000,S,0,44,0.0
D,738900,quiet_mid4,0.0000,S,0,44,0.0
D,738996,quiet_mid4,0.0000,S,0,44,0.0
D,739092,quiet_mid4,0.0000,S,0,44,0.0
D,739188,quiet_mid4,0.0000,S,0,44,0.0
D,739281,quiet_mid4,0.0000,S,0,44,0.0
D,739377,quiet_mid4,0.0000,S,0,44,0.0
D,739473,quiet_mid4,0.0000,S,0,44,0.0
D,739569,quiet_mid4,0.0000,S,0,44,0.0
D,739665,quiet_mid4,0.0000,S,0,44,0.0
D,739761,quiet_mid4,0.0000,S,0,44,0.0
D,739857,quiet_mid4,0.0000,S,0,44,0.0
D,739952,quiet_mid4,0.0000,S,0,44,0.0
D,740048,quiet_mid4,0.0000,S,0,44,0.0
D,740142,quiet_mid4,0.0000,S,0,44,0.0
D,740238,quiet_mid4,0.0000,S,0,44,0.0
D,740334,quiet_mid4,0.0000,S,0,44,0.0
D,740430,quiet_mid4,0.0000,S,0,44,0.0
D,740526,quiet_mid4,0.0000,S,0,44,0.0
D,740621,quiet_mid4,0.0000,S,0,44,0.0
D,740717,quiet_mid4,0.0000,S,0,44,0.0
D,740813,quiet_mid4,0.0000,S,0,44,0.0
D,740909,quiet_mid4,0.0000,S,0,44,0.0
D,741003,quiet_mid4,0.0000,S,0,44,0.0
D,741099,quiet_mid4,0.0000,S,0,44,0.0
D,741194,quiet_mid4,0.0000,S,0,44,0.0
D,741290,quiet_mid4,0.0000,S,0,44,0.0
D,741386,quiet_mid4,0.0000,S,0,44,0.0
D,741482,quiet_mid4,0.0000,S,0,44,0.0
D,741578,quiet_mid4,0.0000,S,0,44,0.0
D,741674,quiet_mid4,0.0000,S,0,44,0.0
D,741770,quiet_mid4,0.0000,S,0,44,0.0
D,741865,quiet_mid4,0.0000,S,0,44,0.0
D,741959,quiet_mid4,0.0000,S,0,44,0.0
D,742055,quiet_mid4,0.0000,S,0,44,0.0
D,742151,quiet_mid4,0.0000,S,0,44,0.0
D,742247,quiet_mid4,0.0000,S,0,44,0.0
D,742343,quiet_mid4,0.0000,S,0,44,0.0
D,742438,quiet_mid4,0.0000,S,0,44,0.0
D,742534,quiet_mid4,0.0000,S,0,44,0.0
D,742630,quiet_mid4,0.0000,S,0,44,0.0
D,742726,quiet_mid4,0.0000,S,0,44,0.0
D,742820,quiet_mid4,0.0000,S,0,44,0.0
D,742916,quiet_mid4,0.0000,S,0,44,0.0
D,743012,quiet_mid4,0.0000,S,0,44,0.0
D,743107,quiet_mid4,0.0000,S,0,44,0.0
D,743203,quiet_mid4,0.0000,S,0,44,0.0
D,743299,quiet_mid4,0.0000,S,0,44,0.0
D,743395,quiet_mid4,0.0000,S,0,44,0.0
D,743491,quiet_mid4,0.0000,S,0,44,0.0
D,743587,quiet_mid4,0.0000,S,0,44,0.0
D,743680,quiet_mid4,0.0000,S,0,44,0.0
D,743776,quiet_mid4,0.0000,S,0,44,0.0
D,743872,quiet_mid4,0.0000,S,0,44,0.0
D,743968,quiet_mid4,0.0000,S,0,44,0.0
D,744068,quiet_mid4,0.0000,S,0,44,0.0
D,744160,quiet_mid4,0.0000,S,0,44,0.0
D,744255,quiet_mid4,0.0000,S,0,44,0.0
D,744351,quiet_mid4,0.0000,S,0,44,0.0
D,744447,quiet_mid4,0.0000,S,0,44,0.0
D,744541,quiet_mid4,0.0000,S,0,44,0.0
D,744637,quiet_mid4,0.0000,S,0,44,0.0
D,744733,quiet_mid4,0.0000,S,0,44,0.0
D,744829,quiet_mid4,0.0000,S,0,44,0.0
D,744924,quiet_mid4,0.0000,S,0,44,0.0
D,745020,quiet_mid4,0.0000,S,0,44,0.0
D,745116,quiet_mid4,0.0000,S,0,44,0.0
D,745212,quiet_mid4,0.0000,S,0,44,0.0
D,745308,quiet_mid4,0.0000,S,0,44,0.0
D,745404,quiet_mid4,0.0000,S,0,44,0.0
D,745497,quiet_mid4,0.0000,S,0,44,0.0
D,745593,quiet_mid4,0.0000,S,0,44,0.0
D,745689,quiet_mid4,0.0000,S,0,44,0.0
D,745785,quiet_mid4,0.0000,S,0,44,0.0
D,745881,quiet_mid4,0.0000,S,0,44,0.0
D,745977,quiet_mid4,0.0000,S,0,44,0.0
D,746073,quiet_mid4,0.0000,S,0,44,0.0
D,746168,quiet_mid4,0.0000,S,0,44,0.0
D,746264,quiet_mid4,0.0000,S,0,44,0.0
D,746358,quiet_mid4,0.0000,S,0,44,0.0
D,746454,quiet_mid4,0.0000,S,0,44,0.0
D,746550,quiet_mid4,0.0000,S,0,44,0.0
D,746646,quiet_mid4,0.0000,S,0,44,0.0
D,746742,quiet_mid4,0.0000,S,0,44,0.0
D,746837,quiet_mid4,0.0000,S,0,44,0.0
D,746933,quiet_mid4,0.0000,S,0,44,0.0
D,747029,quiet_mid4,0.0000,S,0,44,0.0
D,747125,quiet_mid4,0.0000,S,0,44,0.0
D,747219,quiet_mid4,0.0000,S,0,44,0.0
D,747315,quiet_mid4,0.0000,S,0,44,0.0
D,747410,quiet_mid4,0.0000,S,0,44,0.0
D,747506,quiet_mid4,0.0000,S,0,44,0.0
D,747602,quiet_mid4,0.0000,S,0,44,0.0
D,747698,quiet_mid4,0.0000,S,0,44,0.0
D,747794,quiet_mid4,0.0000,S,0,44,0.0
D,747890,quiet_mid4,0.0000,S,0,44,0.0
D,747985,quiet_mid4,0.0000,S,0,44,0.0
D,748082,quiet_mid4,0.0000,S,0,44,0.0
D,748175,quiet_mid4,0.0000,S,0,44,0.0
D,748271,quiet_mid4,0.0000,S,0,44,0.0
D,748367,quiet_mid4,0.0000,S,0,44,0.0
D,748463,quiet_mid4,0.0000,S,0,44,0.0
D,748559,quiet_mid4,0.0000,S,0,44,0.0
D,748655,quiet_mid4,0.0000,S,0,44,0.0
D,748750,quiet_mid4,0.0000,S,0,44,0.0
D,748846,quiet_mid4,0.0000,S,0,44,0.0
D,748942,quiet_mid4,0.0000,S,0,44,0.0
D,749036,quiet_mid4,0.0000,S,0,44,0.0
D,749132,quiet_mid4,0.0000,S,0,44,0.0
D,749227,quiet_mid4,0.0000,S,0,44,0.0
D,749323,quiet_mid4,0.0000,S,0,44,0.0
D,749419,quiet_mid4,0.0000,S,0,44,0.0
D,749515,quiet_mid4,0.0000,S,0,44,0.0
D,749611,quiet_mid4,0.0000,S,0,44,0.0
D,749707,quiet_mid4,0.0000,S,0,44,0.0
D,749803,quiet_mid4,0.0000,S,0,44,0.0
D,749896,quiet_mid4,0.0000,S,0,44,0.0
D,749992,quiet_mid4,0.0000,S,0,44,0.0
D,750088,quiet_mid4,0.0000,S,0,44,0.0
D,750184,quiet_mid4,0.0000,S,0,44,0.0
D,750280,quiet_mid4,0.0000,S,0,44,0.0
D,750376,quiet_mid4,0.0000,S,0,44,0.0
D,750472,quiet_mid4,0.0000,S,0,44,0.0
D,750567,quiet_mid4,0.0000,S,0,44,0.0
D,750663,quiet_mid4,0.0000,S,0,44,0.0
D,750757,quiet_mid4,0.0000,S,0,44,0.0
D,750853,quiet_mid4,0.0000,S,0,44,0.0
D,750949,quiet_mid4,0.0000,S,0,44,0.0
D,751045,quiet_mid4,0.0000,S,0,44,0.0
D,751141,quiet_mid4,0.0000,S,0,44,0.0
D,751236,quiet_mid4,0.0000,S,0,44,0.0
D,751332,quiet_mid4,0.0000,S,0,44,0.0
D,751428,quiet_mid4,0.0000,S,0,44,0.0
D,751524,quiet_mid4,0.0000,S,0,44,0.0
D,751620,quiet_mid4,0.0000,S,0,44,0.0
D,751714,quiet_mid4,0.0000,S,0,44,0.0
D,751809,quiet_mid4,0.0000,S,0,44,0.0
D,751905,quiet_mid4,0.0000,S,0,44,0.0
D,752001,quiet_mid4,0.0000,S,0,44,0.0
D,752097,quiet_mid4,0.0000,S,0,44,0.0
D,752193,quiet_mid4,0.0000,S,0,44,0.0
D,752289,quiet_mid4,0.0000,S,0,44,0.0
D,752384,quiet_mid4,0.0000,S,0,44,0.0
D,752480,quiet_mid4,0.0000,S,0,44,0.0
D,752574,quiet_mid4,0.0000,S,0,44,0.0
D,752670,quiet_mid4,0.0000,S,0,44,0.0
D,752766,quiet_mid4,0.0000,S,0,44,0.0
D,752862,quiet_mid4,0.0000,S,0,44,0.0
D,752958,quiet_mid4,0.0000,S,0,44,0.0
D,753053,quiet_mid4,0.0000,S,0,44,0.0
D,753149,quiet_mid4,0.0000,S,0,44,0.0
D,753245,quiet_mid4,0.0000,S,0,44,0.0
D,753341,quiet_mid4,0.0000,S,0,44,0.0
D,753435,quiet_mid4,0.0000,S,0,44,0.0
D,753531,quiet_mid4,0.0000,S,0,44,0.0
D,753627,quiet_mid4,0.0000,S,0,44,0.0
D,753722,quiet_mid4,0.0000,S,0,44,0.0
D,753818,quiet_mid4,0.0000,S,0,44,0.0
D,753914,quiet_mid4,0.0000,S,0,44,0.0
D,754010,quiet_mid4,0.0000,S,0,44,0.0
D,754106,quiet_mid4,0.0000,S,0,44,0.0
D,754202,quiet_mid4,0.0000,S,0,44,0.0
D,754297,quiet_mid4,0.0000,S,0,44,0.0
D,754391,quiet_mid4,0.0000,S,0,44,0.0
D,754487,quiet_mid4,0.0000,S,0,44,0.0
D,754583,quiet_mid4,0.0000,S,0,44,0.0
D,754679,quiet_mid4,0.0000,S,0,44,0.0
D,754775,quiet_mid4,0.0000,S,0,44,0.0
D,754870,quiet_mid4,0.0000,S,0,44,0.0
D,754967,quiet_mid4,0.0000,S,0,44,0.0
D,755062,quiet_mid4,0.0000,S,0,44,0.0
D,755158,quiet_mid4,0.0000,S,0,44,0.0
D,755252,quiet_mid4,0.0000,S,0,44,0.0
D,755348,quiet_mid4,0.0000,S,0,44,0.0
D,755444,quiet_mid4,0.0000,S,0,44,0.0
D,755539,quiet_mid4,0.0000,S,0,44,0.0
D,755635,quiet_mid4,0.0000,S,0,44,0.0
D,755731,quiet_mid4,0.0000,S,0,44,0.0
D,755827,quiet_mid4,0.0000,S,0,44,0.0
D,755923,quiet_mid4,0.0000,S,0,44,0.0
D,756019,quiet_mid4,0.0000,S,0,44,0.0
D,756112,quiet_mid4,0.0000,S,0,44,0.0
D,756208,quiet_mid4,0.0000,S,0,44,0.0
D,756304,quiet_mid4,0.0000,S,0,44,0.0
D,756400,quiet_mid4,0.0000,S,0,44,0.0
D,756501,quiet_mid4,0.0000,S,0,44,0.0
D,756592,quiet_mid4,0.0000,S,0,44,0.0
D,756688,quiet_mid4,0.0000,S,0,44,0.0
D,756783,quiet_mid4,0.0000,S,0,44,0.0
D,756879,quiet_mid4,0.0000,S,0,44,0.0
D,756973,quiet_mid4,0.0000,S,0,44,0.0
D,757069,quiet_mid4,0.0000,S,0,44,0.0
D,757165,quiet_mid4,0.0000,S,0,44,0.0
D,757261,quiet_mid4,0.0000,S,0,44,0.0
D,757357,quiet_mid4,0.0000,S,0,44,0.0
D,757452,quiet_mid4,0.0000,S,0,44,0.0
D,757548,quiet_mid4,0.0000,S,0,44,0.0
D,757644,quiet_mid4,0.0000,S,0,44,0.0
D,757740,quiet_mid4,0.0000,S,0,44,0.0
D,757836,quiet_mid4,0.0000,S,0,44,0.0
D,757930,quiet_mid4,0.0000,S,0,44,0.0
D,758026,quiet_mid4,0.0000,S,0,44,0.0
D,758121,quiet_mid4,0.0000,S,0,44,0.0
D,758217,quiet_mid4,0.0000,S,0,44,0.0
D,758313,quiet_mid4,0.0000,S,0,44,0.0
D,758409,quiet_mid4,0.0000,S,0,44,0.0
D,758505,quiet_mid4,0.0000,S,0,44,0.0
D,758600,quiet_mid4,0.0000,S,0,44,0.0
D,758696,quiet_mid4,0.0000,S,0,44,0.0
D,758790,quiet_mid4,0.0000,S,0,44,0.0
D,758886,quiet_mid4,0.0000,S,0,44,0.0
D,758982,quiet_mid4,0.0000,S,0,44,0.0
D,759078,quiet_mid4,0.0000,S,0,44,0.0
D,759174,quiet_mid4,0.0000,S,0,44,0.0
D,759269,quiet_mid4,0.0000,S,0,44,0.0
E,759331,BLOCK_END,quiet_mid4
E,759333,BLOCK_START,combined
D,759365,combined,0.0000,S,55,44,0.0
D,759461,combined,0.0000,S,55,44,0.0
D,759557,combined,0.0000,S,55,44,0.0
D,759651,combined,0.0000,S,55,44,0.0
D,759747,combined,0.0000,S,55,44,0.0
D,759843,combined,0.0000,S,55,44,0.0
D,759938,combined,0.0000,S,55,44,0.0
D,760034,combined,0.0000,S,55,44,0.0
D,760130,combined,0.0000,S,55,44,0.0
D,760226,combined,0.0000,S,55,44,0.0
D,760322,combined,0.0000,S,55,44,0.0
D,760418,combined,0.0000,S,55,44,0.0
D,760610,combined,0.0000,S,55,45,0.0
D,760703,combined,0.0000,S,55,45,0.0
D,760799,combined,0.0000,S,55,45,0.0
D,760895,combined,0.0000,S,55,45,0.0
D,760991,combined,0.0000,S,55,45,0.0
D,761087,combined,0.0000,S,55,45,0.0
D,761182,combined,0.0000,S,55,45,0.0
D,761278,combined,0.0000,S,55,45,0.0
D,761374,combined,0.0000,S,55,45,0.0
D,761566,combined,0.0000,S,55,46,0.0
D,761660,combined,0.0000,S,55,46,0.0
D,761756,combined,0.0000,S,55,46,0.0
D,761851,combined,0.0000,S,55,46,0.0
D,761947,combined,0.0000,S,55,46,0.0
D,762043,combined,0.0000,S,55,46,0.0
D,762139,combined,0.0000,S,55,46,0.0
D,762235,combined,0.0000,S,55,46,0.0
D,762329,combined,0.0000,S,55,46,0.0
D,762424,combined,0.0000,S,55,46,0.0
D,762616,combined,0.0000,S,55,47,0.0
D,762712,combined,0.0000,S,55,47,0.0
D,762808,combined,0.0000,S,55,47,0.0
D,762904,combined,0.0000,S,55,47,0.0
D,762999,combined,0.0000,S,55,47,0.0
D,763095,combined,0.0000,S,55,47,0.0
D,763189,combined,0.0000,S,55,47,0.0
D,763285,combined,0.0000,S,55,47,0.0
D,763381,combined,0.0000,S,55,47,0.0
D,763573,combined,0.0000,S,55,48,0.0
D,763668,combined,0.0000,S,55,48,0.0
D,763764,combined,0.0000,S,55,48,0.0
D,763860,combined,0.0000,S,55,48,0.0
D,763956,combined,0.0000,S,55,48,0.0
D,764052,combined,0.0000,S,55,48,0.0
D,764146,combined,0.0000,S,55,48,0.0
D,764241,combined,0.0000,S,55,48,0.0
D,764337,combined,0.0000,S,55,48,0.0
D,764529,combined,0.0000,S,55,49,0.0
D,764625,combined,0.0000,S,55,49,0.0
D,764721,combined,0.0000,S,55,49,0.0
D,764816,combined,0.0000,S,55,49,0.0
D,764912,combined,0.0000,S,55,49,0.0
D,765006,combined,0.0000,S,55,49,0.0
D,765102,combined,0.0000,S,55,49,0.0
D,765198,combined,0.0000,S,55,49,0.0
D,765294,combined,0.0000,S,55,49,0.0
D,765390,combined,0.0000,S,55,49,0.0
D,765582,combined,0.0000,S,55,50,0.0
D,765677,combined,0.0000,S,55,50,0.0
D,765773,combined,0.0000,S,55,50,0.0
D,765867,combined,0.0000,S,55,50,0.0
D,765963,combined,0.0000,S,55,50,0.0
D,766059,combined,0.0000,S,55,50,0.0
D,766154,combined,0.0000,S,55,50,0.0
D,766250,combined,0.0000,S,55,50,0.0
D,766346,combined,0.0000,S,55,50,0.0
D,766538,combined,0.0000,S,55,51,0.0
D,766634,combined,0.0000,S,55,51,0.0
D,766729,combined,0.0000,S,55,51,0.0
D,766823,combined,0.0000,S,55,51,0.0
D,766919,combined,0.0000,S,55,51,0.0
D,767015,combined,0.0000,S,55,51,0.0
D,767111,combined,0.0000,S,55,51,0.0
D,767207,combined,0.0000,S,55,51,0.0
D,767303,combined,0.0000,S,55,51,0.0
D,767398,combined,0.0000,S,55,51,0.0
D,767590,combined,0.0000,S,55,52,0.0
D,767684,combined,0.0000,S,55,52,0.0
D,767780,combined,0.0000,S,55,52,0.0
D,767876,combined,0.0000,S,55,52,0.0
D,767971,combined,0.0000,S,55,52,0.0
D,768067,combined,0.0000,S,55,52,0.0
D,768163,combined,0.0000,S,55,52,0.0
D,768259,combined,0.0000,S,55,52,0.0
D,768355,combined,0.0000,S,55,52,0.0
D,768547,combined,0.0000,S,55,53,0.0
D,768640,combined,0.0000,S,55,53,0.0
D,768736,combined,0.0000,S,55,53,0.0
D,768836,combined,0.0000,S,55,53,0.0
D,768928,combined,0.0000,S,55,53,0.0
D,769024,combined,0.0000,S,55,53,0.0
D,769120,combined,0.0000,S,55,53,0.0
D,769215,combined,0.0000,S,55,53,0.0
D,769311,combined,0.0000,S,55,53,0.0
D,769405,combined,0.0000,S,55,53,0.0
D,769597,combined,0.0000,S,55,54,0.0
D,769693,combined,0.0000,S,55,54,0.0
D,769789,combined,0.0000,S,55,54,0.0
D,769884,combined,0.0000,S,55,54,0.0
D,769980,combined,0.0000,S,55,54,0.0
D,770076,combined,0.0000,S,55,54,0.0
D,770172,combined,0.0000,S,55,54,0.0
D,770268,combined,0.0000,S,55,54,0.0
D,770362,combined,0.0000,S,55,54,0.0
D,770554,combined,0.0000,S,55,55,0.0
D,770649,combined,0.0000,S,55,55,0.0
D,770745,combined,0.0000,S,55,55,0.0
D,770841,combined,0.0000,S,55,55,0.0
D,770937,combined,0.0000,S,55,55,0.0
D,771032,combined,0.0000,S,55,55,0.0
D,771128,combined,0.0000,S,55,55,0.0
D,771222,combined,0.0000,S,55,55,0.0
D,771318,combined,0.0000,S,55,55,0.0
D,771414,combined,0.0000,S,55,55,0.0
D,771606,combined,0.0000,S,55,56,0.0
D,771702,combined,0.0000,S,55,56,0.0
D,771797,combined,0.0000,S,55,56,0.0
D,771893,combined,0.0000,S,55,56,0.0
D,771989,combined,0.0000,S,55,56,0.0
D,772083,combined,0.0000,S,55,56,0.0
D,772179,combined,0.0000,S,55,56,0.0
D,772275,combined,0.0000,S,55,56,0.0
D,772370,combined,0.0000,S,55,56,0.0
D,772562,combined,0.0000,S,55,57,0.0
D,772658,combined,0.0000,S,55,57,0.0
D,772754,combined,0.0000,S,55,57,0.0
D,772850,combined,0.0000,S,55,57,0.0
D,772944,combined,0.0000,S,55,57,0.0
D,773039,combined,0.0000,S,55,57,0.0
D,773135,combined,0.0000,S,55,57,0.0
D,773231,combined,0.0000,S,55,57,0.0
D,773327,combined,0.0000,S,55,57,0.0
D,773423,combined,0.0000,S,55,57,0.0
D,773615,combined,0.0000,S,55,58,0.0
D,773710,combined,0.0000,S,55,58,0.0
D,773806,combined,0.0000,S,55,58,0.0
D,773900,combined,0.0000,S,55,58,0.0
D,773996,combined,0.0000,S,55,58,0.0
D,774092,combined,0.0000,S,55,58,0.0
D,774188,combined,0.0000,S,55,58,0.0
D,774283,combined,0.0000,S,55,58,0.0
D,774379,combined,0.0000,S,55,58,0.0
D,774571,combined,0.0000,S,55,59,0.0
D,774667,combined,0.0000,S,55,59,0.0
D,774761,combined,0.0000,S,55,59,0.0
D,774856,combined,0.0000,S,55,59,0.0
D,774952,combined,0.0000,S,55,59,0.0
D,775048,combined,0.0000,S,55,59,0.0
D,775144,combined,0.0000,S,55,59,0.0
D,775240,combined,0.0000,S,55,59,0.0
D,775336,combined,0.0000,S,55,59,0.0
D,775528,combined,0.0000,S,55,60,0.0
D,775621,combined,0.0000,S,55,60,0.0
D,775717,combined,0.0000,S,55,60,0.0
D,775813,combined,0.0000,S,55,60,0.0
D,775909,combined,0.0000,S,55,60,0.0
D,776005,combined,0.0000,S,55,60,0.0
D,776100,combined,0.0000,S,55,60,0.0
D,776196,combined,0.0000,S,55,60,0.0
D,776292,combined,0.0000,S,55,60,0.0
D,776388,combined,0.0000,S,55,60,0.0
D,776580,combined,0.0000,S,55,61,0.0
D,776673,combined,0.0000,S,55,61,0.0
D,776769,combined,0.0000,S,55,61,0.0
D,776865,combined,0.0000,S,55,61,0.0
D,776961,combined,0.0000,S,55,61,0.0
D,777057,combined,0.0000,S,55,61,0.0
D,777153,combined,0.0000,S,55,61,0.0
D,777249,combined,0.0000,S,55,61,0.0
D,777344,combined,0.0000,S,55,61,0.0
D,777536,combined,0.0000,S,55,62,0.0
D,777630,combined,0.0000,S,55,62,0.0
D,777726,combined,0.0000,S,55,62,0.0
D,777822,combined,0.0000,S,55,62,0.0
D,777918,combined,0.0000,S,55,62,0.0
D,778014,combined,0.0000,S,55,62,0.0
D,778109,combined,0.0000,S,55,62,0.0
D,778205,combined,0.0000,S,55,62,0.0
D,778299,combined,0.0000,S,55,62,0.0
D,778395,combined,0.0000,S,55,62,0.0
D,778587,combined,0.0000,S,55,63,0.0
D,778682,combined,0.0000,S,55,63,0.0
D,778778,combined,0.0000,S,55,63,0.0
D,778874,combined,0.0000,S,55,63,0.0
D,778970,combined,0.0000,S,55,63,0.0
D,779066,combined,0.0000,S,55,63,0.0
D,779160,combined,0.0000,S,55,63,0.0
D,779255,combined,0.0000,S,55,63,0.0
D,779351,combined,0.0000,S,55,63,0.0
E,779476,BLOCK_END,combined
E,779477,BLOCK_START,post_combined
D,779547,post_combined,0.0000,S,0,64,0.0
D,779639,post_combined,0.0000,S,0,64,0.0
D,779735,post_combined,0.0000,S,0,64,0.0
D,779830,post_combined,0.0000,S,0,64,0.0
D,779926,post_combined,0.0000,S,0,64,0.0
D,780022,post_combined,0.0000,S,0,64,0.0
D,780116,post_combined,0.0000,S,0,64,0.0
D,780212,post_combined,0.0000,S,0,64,0.0
D,780308,post_combined,0.0000,S,0,64,0.0
D,780403,post_combined,0.0000,S,0,64,0.0
D,780499,post_combined,0.0000,S,0,64,0.0
D,780595,post_combined,0.0000,S,0,64,0.0
D,780691,post_combined,0.0000,S,0,64,0.0
D,780787,post_combined,0.0000,S,0,64,0.0
D,780883,post_combined,0.0000,S,0,64,0.0
D,780977,post_combined,0.0000,S,0,64,0.0
D,781073,post_combined,0.0000,S,0,64,0.0
D,781180,post_combined,0.0000,S,0,64,0.0
D,781360,post_combined,0.0000,S,0,64,0.0
D,781456,post_combined,0.0000,S,0,64,0.0
D,781552,post_combined,0.0000,S,0,64,0.0
D,781647,post_combined,0.0000,S,0,64,0.0
D,781743,post_combined,0.0000,S,0,64,0.0
D,781837,post_combined,0.0000,S,0,64,0.0
D,781933,post_combined,0.0000,S,0,64,0.0
D,782029,post_combined,0.0000,S,0,64,0.0
D,782125,post_combined,0.0000,S,0,64,0.0
D,782221,post_combined,0.0000,S,0,64,0.0
D,782316,post_combined,0.0000,S,0,64,0.0
D,782412,post_combined,0.0000,S,0,64,0.0
D,782508,post_combined,0.0000,S,0,64,0.0
D,782604,post_combined,0.0000,S,0,64,0.0
D,782700,post_combined,0.0000,S,0,64,0.0
D,782794,post_combined,0.0000,S,0,64,0.0
D,782889,post_combined,0.0000,S,0,64,0.0
D,782986,post_combined,0.0000,S,0,64,0.0
D,783081,post_combined,0.0000,S,0,64,0.0
D,783177,post_combined,0.0000,S,0,64,0.0
D,783273,post_combined,0.0000,S,0,64,0.0
D,783369,post_combined,0.0000,S,0,64,0.0
D,783465,post_combined,0.0000,S,0,64,0.0
D,783561,post_combined,0.0000,S,0,64,0.0
D,783654,post_combined,0.0000,S,0,64,0.0
D,783750,post_combined,0.0000,S,0,64,0.0
D,783846,post_combined,0.0000,S,0,64,0.0
D,783942,post_combined,0.0000,S,0,64,0.0
D,784038,post_combined,0.0000,S,0,64,0.0
D,784134,post_combined,0.0000,S,0,64,0.0
D,784229,post_combined,0.0000,S,0,64,0.0
D,784325,post_combined,0.0000,S,0,64,0.0
D,784421,post_combined,0.0000,S,0,64,0.0
D,784515,post_combined,0.0000,S,0,64,0.0
D,784611,post_combined,0.0000,S,0,64,0.0
D,784707,post_combined,0.0000,S,0,64,0.0
D,784802,post_combined,0.0000,S,0,64,0.0
D,784898,post_combined,0.0000,S,0,64,0.0
D,784994,post_combined,0.0000,S,0,64,0.0
D,785090,post_combined,0.0000,S,0,64,0.0
D,785186,post_combined,0.0000,S,0,64,0.0
D,785282,post_combined,0.0000,S,0,64,0.0
D,785376,post_combined,0.0000,S,0,64,0.0
D,785471,post_combined,0.0000,S,0,64,0.0
D,785567,post_combined,0.0000,S,0,64,0.0
D,785663,post_combined,0.0000,S,0,64,0.0
D,785759,post_combined,0.0000,S,0,64,0.0
D,785855,post_combined,0.0000,S,0,64,0.0
D,785951,post_combined,0.0000,S,0,64,0.0
D,786047,post_combined,0.0000,S,0,64,0.0
D,786142,post_combined,0.0000,S,0,64,0.0
D,786238,post_combined,0.0000,S,0,64,0.0
D,786332,post_combined,0.0000,S,0,64,0.0
D,786428,post_combined,0.0000,S,0,64,0.0
D,786524,post_combined,0.0000,S,0,64,0.0
D,786620,post_combined,0.0000,S,0,64,0.0
D,786715,post_combined,0.0000,S,0,64,0.0
D,786811,post_combined,0.0000,S,0,64,0.0
D,786907,post_combined,0.0000,S,0,64,0.0
D,787003,post_combined,0.0000,S,0,64,0.0
D,787099,post_combined,0.0000,S,0,64,0.0
D,787193,post_combined,0.0000,S,0,64,0.0
D,787288,post_combined,0.0000,S,0,64,0.0
D,787384,post_combined,0.0000,S,0,64,0.0
D,787480,post_combined,0.0000,S,0,64,0.0
D,787576,post_combined,0.0000,S,0,64,0.0
D,787672,post_combined,0.0000,S,0,64,0.0
D,787768,post_combined,0.0000,S,0,64,0.0
D,787864,post_combined,0.0000,S,0,64,0.0
D,787959,post_combined,0.0000,S,0,64,0.0
D,788053,post_combined,0.0000,S,0,64,0.0
D,788149,post_combined,0.0000,S,0,64,0.0
D,788245,post_combined,0.0000,S,0,64,0.0
D,788341,post_combined,0.0000,S,0,64,0.0
D,788437,post_combined,0.0000,S,0,64,0.0
D,788532,post_combined,0.0000,S,0,64,0.0
D,788628,post_combined,0.0000,S,0,64,0.0
D,788724,post_combined,0.0000,S,0,64,0.0
D,788820,post_combined,0.0000,S,0,64,0.0
D,788916,post_combined,0.0000,S,0,64,0.0
D,789010,post_combined,0.0000,S,0,64,0.0
D,789106,post_combined,0.0000,S,0,64,0.0
D,789201,post_combined,0.0000,S,0,64,0.0
D,789297,post_combined,0.0000,S,0,64,0.0
D,789393,post_combined,0.0000,S,0,64,0.0
D,789489,post_combined,0.0000,S,0,64,0.0
D,789585,post_combined,0.0000,S,0,64,0.0
D,789681,post_combined,0.0000,S,0,64,0.0
D,789776,post_combined,0.0000,S,0,64,0.0
D,789870,post_combined,0.0000,S,0,64,0.0
D,789966,post_combined,0.0000,S,0,64,0.0
D,790062,post_combined,0.0000,S,0,64,0.0
D,790158,post_combined,0.0000,S,0,64,0.0
D,790254,post_combined,0.0000,S,0,64,0.0
D,790350,post_combined,0.0000,S,0,64,0.0
D,790445,post_combined,0.0000,S,0,64,0.0
D,790541,post_combined,0.0000,S,0,64,0.0
D,790637,post_combined,0.0000,S,0,64,0.0
D,790731,post_combined,0.0000,S,0,64,0.0
D,790827,post_combined,0.0000,S,0,64,0.0
D,790923,post_combined,0.0000,S,0,64,0.0
D,791018,post_combined,0.0000,S,0,64,0.0
D,791114,post_combined,0.0000,S,0,64,0.0
D,791210,post_combined,0.0000,S,0,64,0.0
D,791306,post_combined,0.0000,S,0,64,0.0
D,791402,post_combined,0.0000,S,0,64,0.0
D,791498,post_combined,0.0000,S,0,64,0.0
D,791592,post_combined,0.0000,S,0,64,0.0
D,791687,post_combined,0.0000,S,0,64,0.0
D,791783,post_combined,0.0000,S,0,64,0.0
D,791879,post_combined,0.0000,S,0,64,0.0
D,791975,post_combined,0.0000,S,0,64,0.0
D,792071,post_combined,0.0000,S,0,64,0.0
D,792167,post_combined,0.0000,S,0,64,0.0
D,792262,post_combined,0.0000,S,0,64,0.0
D,792358,post_combined,0.0000,S,0,64,0.0
D,792454,post_combined,0.0000,S,0,64,0.0
D,792548,post_combined,0.0000,S,0,64,0.0
D,792644,post_combined,0.0000,S,0,64,0.0
D,792740,post_combined,0.0000,S,0,64,0.0
D,792836,post_combined,0.0000,S,0,64,0.0
D,792932,post_combined,0.0000,S,0,64,0.0
D,793027,post_combined,0.0000,S,0,64,0.0
D,793123,post_combined,0.0000,S,0,64,0.0
D,793219,post_combined,0.0000,S,0,64,0.0
D,793320,post_combined,0.0000,S,0,64,0.0
D,793409,post_combined,0.0000,S,0,64,0.0
D,793504,post_combined,0.0000,S,0,64,0.0
D,793601,post_combined,0.0000,S,0,64,0.0
D,793696,post_combined,0.0000,S,0,64,0.0
D,793792,post_combined,0.0000,S,0,64,0.0
D,793888,post_combined,0.0000,S,0,64,0.0
D,793984,post_combined,0.0000,S,0,64,0.0
D,794080,post_combined,0.0000,S,0,64,0.0
D,794176,post_combined,0.0000,S,0,64,0.0
D,794269,post_combined,0.0000,S,0,64,0.0
D,794365,post_combined,0.0000,S,0,64,0.0
D,794461,post_combined,0.0000,S,0,64,0.0
D,794557,post_combined,0.0000,S,0,64,0.0
D,794653,post_combined,0.0000,S,0,64,0.0
D,794748,post_combined,0.0000,S,0,64,0.0
D,794844,post_combined,0.0000,S,0,64,0.0
D,794940,post_combined,0.0000,S,0,64,0.0
D,795036,post_combined,0.0000,S,0,64,0.0
D,795130,post_combined,0.0000,S,0,64,0.0
D,795226,post_combined,0.0000,S,0,64,0.0
D,795322,post_combined,0.0000,S,0,64,0.0
D,795418,post_combined,0.0000,S,0,64,0.0
D,795513,post_combined,0.0000,S,0,64,0.0
D,795609,post_combined,0.0000,S,0,64,0.0
D,795705,post_combined,0.0000,S,0,64,0.0
D,795801,post_combined,0.0000,S,0,64,0.0
D,795897,post_combined,0.0000,S,0,64,0.0
D,795993,post_combined,0.0000,S,0,64,0.0
D,796086,post_combined,0.0000,S,0,64,0.0
D,796182,post_combined,0.0000,S,0,64,0.0
D,796278,post_combined,0.0000,S,0,64,0.0
D,796374,post_combined,0.0000,S,0,64,0.0
D,796470,post_combined,0.0000,S,0,64,0.0
D,796566,post_combined,0.0000,S,0,64,0.0
D,796661,post_combined,0.0000,S,0,64,0.0
D,796757,post_combined,0.0000,S,0,64,0.0
D,796853,post_combined,0.0000,S,0,64,0.0
D,796947,post_combined,0.0000,S,0,64,0.0
D,797043,post_combined,0.0000,S,0,64,0.0
D,797139,post_combined,0.0000,S,0,64,0.0
D,797235,post_combined,0.0000,S,0,64,0.0
D,797330,post_combined,0.0000,S,0,64,0.0
D,797426,post_combined,0.0000,S,0,64,0.0
D,797522,post_combined,0.0000,S,0,64,0.0
D,797618,post_combined,0.0000,S,0,64,0.0
D,797714,post_combined,0.0000,S,0,64,0.0
D,797808,post_combined,0.0000,S,0,64,0.0
D,797903,post_combined,0.0000,S,0,64,0.0
D,797999,post_combined,0.0000,S,0,64,0.0
D,798095,post_combined,0.0000,S,0,64,0.0
D,798191,post_combined,0.0000,S,0,64,0.0
D,798287,post_combined,0.0000,S,0,64,0.0
D,798383,post_combined,0.0000,S,0,64,0.0
D,798479,post_combined,0.0000,S,0,64,0.0
D,798574,post_combined,0.0000,S,0,64,0.0
D,798670,post_combined,0.0000,S,0,64,0.0
D,798764,post_combined,0.0000,S,0,64,0.0
D,798860,post_combined,0.0000,S,0,64,0.0
D,798956,post_combined,0.0000,S,0,64,0.0
D,799052,post_combined,0.0000,S,0,64,0.0
D,799147,post_combined,0.0000,S,0,64,0.0
D,799243,post_combined,0.0000,S,0,64,0.0
D,799339,post_combined,0.0000,S,0,64,0.0
D,799435,post_combined,0.0000,S,0,64,0.0
E,799498,BLOCK_END,post_combined
E,799500,BLOCK_START,servo_moves
E,799501,SERVO_MOVE,0->25
D,800296,servo_moves,0.0000,S,0,64,25.0
D,800391,servo_moves,0.0000,S,0,64,25.0
D,800485,servo_moves,0.0000,S,0,64,25.0
D,800581,servo_moves,0.0000,S,0,64,25.0
D,800677,servo_moves,0.0000,S,0,64,25.0
D,800773,servo_moves,0.0000,S,0,64,25.0
D,800869,servo_moves,0.0000,S,0,64,25.0
D,800964,servo_moves,0.0000,S,0,64,25.0
D,801061,servo_moves,0.0000,S,0,64,25.0
D,801156,servo_moves,0.0000,S,0,64,25.0
D,801252,servo_moves,0.0000,S,0,64,25.0
D,801346,servo_moves,0.0000,S,0,64,25.0
D,801442,servo_moves,0.0000,S,0,64,25.0
D,801538,servo_moves,0.0000,S,0,64,25.0
D,801633,servo_moves,0.0000,S,0,64,25.0
D,801729,servo_moves,0.0000,S,0,64,25.0
D,801825,servo_moves,0.0000,S,0,64,25.0
D,801921,servo_moves,0.0000,S,0,64,25.0
D,802017,servo_moves,0.0000,S,0,64,25.0
D,802113,servo_moves,0.0000,S,0,64,25.0
D,802209,servo_moves,0.0000,S,0,64,25.0
D,802302,servo_moves,0.0000,S,0,64,25.0
D,802398,servo_moves,0.0000,S,0,64,25.0
D,802494,servo_moves,0.0000,S,0,64,25.0
D,802590,servo_moves,0.0000,S,0,64,25.0
D,802686,servo_moves,0.0000,S,0,64,25.0
D,802782,servo_moves,0.0000,S,0,64,25.0
D,802878,servo_moves,0.0000,S,0,64,25.0
D,802973,servo_moves,0.0000,S,0,64,25.0
D,803069,servo_moves,0.0000,S,0,64,25.0
D,803163,servo_moves,0.0000,S,0,64,25.0
D,803259,servo_moves,0.0000,S,0,64,25.0
D,803355,servo_moves,0.0000,S,0,64,25.0
D,803451,servo_moves,0.0000,S,0,64,25.0
D,803547,servo_moves,0.0000,S,0,64,25.0
D,803642,servo_moves,0.0000,S,0,64,25.0
D,803738,servo_moves,0.0000,S,0,64,25.0
D,803834,servo_moves,0.0000,S,0,64,25.0
D,803930,servo_moves,0.0000,S,0,64,25.0
D,804024,servo_moves,0.0000,S,0,64,25.0
D,804120,servo_moves,0.0000,S,0,64,25.0
D,804215,servo_moves,0.0000,S,0,64,25.0
D,804311,servo_moves,0.0000,S,0,64,25.0
D,804407,servo_moves,0.0000,S,0,64,25.0
D,804503,servo_moves,0.0000,S,0,64,25.0
D,804599,servo_moves,0.0000,S,0,64,25.0
D,804695,servo_moves,0.0000,S,0,64,25.0
D,804790,servo_moves,0.0000,S,0,64,25.0
D,804886,servo_moves,0.0000,S,0,64,25.0
D,804980,servo_moves,0.0000,S,0,64,25.0
D,805076,servo_moves,0.0000,S,0,64,25.0
D,805172,servo_moves,0.0000,S,0,64,25.0
D,805280,servo_moves,0.0000,S,0,64,25.0
D,805459,servo_moves,0.0000,S,0,64,25.0
D,805555,servo_moves,0.0000,S,0,64,25.0
D,805651,servo_moves,0.0000,S,0,64,25.0
D,805747,servo_moves,0.0000,S,0,64,25.0
D,805841,servo_moves,0.0000,S,0,64,25.0
D,805937,servo_moves,0.0000,S,0,64,25.0
D,806032,servo_moves,0.0000,S,0,64,25.0
D,806128,servo_moves,0.0000,S,0,64,25.0
E,806190,SERVO_MOVE,25->0
D,807085,servo_moves,0.0000,S,0,64,0.0
D,807181,servo_moves,0.0000,S,0,64,0.0
D,807276,servo_moves,0.0000,S,0,64,0.0
D,807372,servo_moves,0.0000,S,0,64,0.0
D,807468,servo_moves,0.0000,S,0,64,0.0
D,807562,servo_moves,0.0000,S,0,64,0.0
D,807658,servo_moves,0.0000,S,0,64,0.0
D,807754,servo_moves,0.0000,S,0,64,0.0
D,807849,servo_moves,0.0000,S,0,64,0.0
D,807945,servo_moves,0.0000,S,0,64,0.0
D,808041,servo_moves,0.0000,S,0,64,0.0
D,808137,servo_moves,0.0000,S,0,64,0.0
D,808233,servo_moves,0.0000,S,0,64,0.0
D,808329,servo_moves,0.0000,S,0,64,0.0
D,808425,servo_moves,0.0000,S,0,64,0.0
D,808518,servo_moves,0.0000,S,0,64,0.0
D,808614,servo_moves,0.0000,S,0,64,0.0
D,808710,servo_moves,0.0000,S,0,64,0.0
D,808806,servo_moves,0.0000,S,0,64,0.0
D,808902,servo_moves,0.0000,S,0,64,0.0
D,808998,servo_moves,0.0000,S,0,64,0.0
D,809094,servo_moves,0.0000,S,0,64,0.0
D,809189,servo_moves,0.0000,S,0,64,0.0
D,809285,servo_moves,0.0000,S,0,64,0.0
D,809379,servo_moves,0.0000,S,0,64,0.0
D,809475,servo_moves,0.0000,S,0,64,0.0
D,809571,servo_moves,0.0000,S,0,64,0.0
D,809667,servo_moves,0.0000,S,0,64,0.0
D,809762,servo_moves,0.0000,S,0,64,0.0
D,809858,servo_moves,0.0000,S,0,64,0.0
D,809954,servo_moves,0.0000,S,0,64,0.0
D,810050,servo_moves,0.0000,S,0,64,0.0
D,810146,servo_moves,0.0000,S,0,64,0.0
D,810240,servo_moves,0.0000,S,0,64,0.0
D,810335,servo_moves,0.0000,S,0,64,0.0
D,810431,servo_moves,0.0000,S,0,64,0.0
D,810527,servo_moves,0.0000,S,0,64,0.0
D,810623,servo_moves,0.0000,S,0,64,0.0
D,810719,servo_moves,0.0000,S,0,64,0.0
D,810815,servo_moves,0.0000,S,0,64,0.0
D,810911,servo_moves,0.0000,S,0,64,0.0
D,811006,servo_moves,0.0000,S,0,64,0.0
D,811102,servo_moves,0.0000,S,0,64,0.0
D,811196,servo_moves,0.0000,S,0,64,0.0
D,811292,servo_moves,0.0000,S,0,64,0.0
D,811388,servo_moves,0.0000,S,0,64,0.0
D,811484,servo_moves,0.0000,S,0,64,0.0
D,811579,servo_moves,0.0000,S,0,64,0.0
D,811675,servo_moves,0.0000,S,0,64,0.0
D,811771,servo_moves,0.0000,S,0,64,0.0
D,811867,servo_moves,0.0000,S,0,64,0.0
D,811963,servo_moves,0.0000,S,0,64,0.0
D,812057,servo_moves,0.0000,S,0,64,0.0
D,812153,servo_moves,0.0000,S,0,64,0.0
D,812248,servo_moves,0.0000,S,0,64,0.0
D,812344,servo_moves,0.0000,S,0,64,0.0
D,812440,servo_moves,0.0000,S,0,64,0.0
D,812536,servo_moves,0.0000,S,0,64,0.0
D,812632,servo_moves,0.0000,S,0,64,0.0
D,812728,servo_moves,0.0000,S,0,64,0.0
D,812823,servo_moves,0.0000,S,0,64,0.0
D,812917,servo_moves,0.0000,S,0,64,0.0
D,813013,servo_moves,0.0000,S,0,64,0.0
E,813075,SERVO_MOVE,0->60
D,815218,servo_moves,0.0000,S,0,64,60.0
D,815310,servo_moves,0.0000,S,0,64,60.0
D,815405,servo_moves,0.0000,S,0,64,60.0
D,815501,servo_moves,0.0000,S,0,64,60.0
D,815595,servo_moves,0.0000,S,0,64,60.0
D,815691,servo_moves,0.0000,S,0,64,60.0
D,815787,servo_moves,0.0000,S,0,64,60.0
D,815883,servo_moves,0.0000,S,0,64,60.0
D,815979,servo_moves,0.0000,S,0,64,60.0
D,816074,servo_moves,0.0000,S,0,64,60.0
D,816170,servo_moves,0.0000,S,0,64,60.0
D,816266,servo_moves,0.0000,S,0,64,60.0
D,816362,servo_moves,0.0000,S,0,64,60.0
D,816456,servo_moves,0.0000,S,0,64,60.0
D,816552,servo_moves,0.0000,S,0,64,60.0
D,816647,servo_moves,0.0000,S,0,64,60.0
D,816743,servo_moves,0.0000,S,0,64,60.0
D,816839,servo_moves,0.0000,S,0,64,60.0
D,816935,servo_moves,0.0000,S,0,64,60.0
D,817031,servo_moves,0.0000,S,0,64,60.0
D,817127,servo_moves,0.0000,S,0,64,60.0
D,817223,servo_moves,0.0000,S,0,64,60.0
D,817330,servo_moves,0.0000,S,0,64,60.0
D,817508,servo_moves,0.0000,S,0,64,60.0
D,817604,servo_moves,0.0000,S,0,64,60.0
D,817700,servo_moves,0.0000,S,0,64,60.0
D,817795,servo_moves,0.0000,S,0,64,60.0
D,817891,servo_moves,0.0000,S,0,64,60.0
D,817987,servo_moves,0.0000,S,0,64,60.0
D,818083,servo_moves,0.0000,S,0,64,60.0
D,818179,servo_moves,0.0000,S,0,64,60.0
D,818273,servo_moves,0.0000,S,0,64,60.0
D,818369,servo_moves,0.0000,S,0,64,60.0
D,818465,servo_moves,0.0000,S,0,64,60.0
D,818560,servo_moves,0.0000,S,0,64,60.0
D,818656,servo_moves,0.0000,S,0,64,60.0
D,818752,servo_moves,0.0000,S,0,64,60.0
D,818848,servo_moves,0.0000,S,0,64,60.0
D,818944,servo_moves,0.0000,S,0,64,60.0
D,819040,servo_moves,0.0000,S,0,64,60.0
D,819133,servo_moves,0.0000,S,0,64,60.0
D,819229,servo_moves,0.0000,S,0,64,60.0
D,819325,servo_moves,0.0000,S,0,64,60.0
D,819421,servo_moves,0.0000,S,0,64,60.0
D,819517,servo_moves,0.0000,S,0,64,60.0
D,819613,servo_moves,0.0000,S,0,64,60.0
D,819708,servo_moves,0.0000,S,0,64,60.0
D,819804,servo_moves,0.0000,S,0,64,60.0
D,819900,servo_moves,0.0000,S,0,64,60.0
D,819994,servo_moves,0.0000,S,0,64,60.0
D,820090,servo_moves,0.0000,S,0,64,60.0
D,820186,servo_moves,0.0000,S,0,64,60.0
D,820282,servo_moves,0.0000,S,0,64,60.0
D,820377,servo_moves,0.0000,S,0,64,60.0
D,820473,servo_moves,0.0000,S,0,64,60.0
D,820569,servo_moves,0.0000,S,0,64,60.0
D,820665,servo_moves,0.0000,S,0,64,60.0
D,820761,servo_moves,0.0000,S,0,64,60.0
D,820857,servo_moves,0.0000,S,0,64,60.0
D,820950,servo_moves,0.0000,S,0,64,60.0
D,821046,servo_moves,0.0000,S,0,64,60.0
D,821143,servo_moves,0.0001,S,0,64,60.0
E,821205,SERVO_MOVE,60->0
D,823348,servo_moves,0.0000,S,0,64,0.0
D,823439,servo_moves,0.0000,S,0,64,0.0
D,823533,servo_moves,0.0000,S,0,64,0.0
D,823628,servo_moves,0.0000,S,0,64,0.0
D,823724,servo_moves,0.0000,S,0,64,0.0
D,823820,servo_moves,0.0000,S,0,64,0.0
D,823916,servo_moves,0.0000,S,0,64,0.0
D,824012,servo_moves,0.0000,S,0,64,0.0
D,824108,servo_moves,0.0000,S,0,64,0.0
D,824203,servo_moves,0.0000,S,0,64,0.0
D,824299,servo_moves,0.0000,S,0,64,0.0
D,824395,servo_moves,0.0000,S,0,64,0.0
D,824489,servo_moves,0.0000,S,0,64,0.0
D,824585,servo_moves,0.0000,S,0,64,0.0
D,824680,servo_moves,0.0000,S,0,64,0.0
D,824776,servo_moves,0.0000,S,0,64,0.0
D,824872,servo_moves,0.0000,S,0,64,0.0
D,824968,servo_moves,0.0000,S,0,64,0.0
D,825064,servo_moves,0.0000,S,0,64,0.0
D,825160,servo_moves,0.0000,S,0,64,0.0
D,825256,servo_moves,0.0000,S,0,64,0.0
D,825349,servo_moves,0.0000,S,0,64,0.0
D,825445,servo_moves,0.0000,S,0,64,0.0
D,825541,servo_moves,0.0000,S,0,64,0.0
D,825637,servo_moves,0.0000,S,0,64,0.0
D,825733,servo_moves,0.0000,S,0,64,0.0
D,825829,servo_moves,0.0000,S,0,64,0.0
D,825925,servo_moves,0.0000,S,0,64,0.0
D,826022,servo_moves,-0.0001,S,0,64,0.0
D,826117,servo_moves,-0.0001,S,0,64,0.0
D,826211,servo_moves,-0.0001,S,0,64,0.0
D,826306,servo_moves,0.0000,S,0,64,0.0
D,826402,servo_moves,0.0000,S,0,64,0.0
D,826498,servo_moves,0.0000,S,0,64,0.0
D,826594,servo_moves,0.0000,S,0,64,0.0
D,826689,servo_moves,0.0000,S,0,64,0.0
D,826785,servo_moves,0.0000,S,0,64,0.0
D,826881,servo_moves,0.0000,S,0,64,0.0
D,826978,servo_moves,-0.0001,S,0,64,0.0
D,827074,servo_moves,-0.0001,S,0,64,0.0
D,827168,servo_moves,-0.0001,S,0,64,0.0
D,827262,servo_moves,0.0000,S,0,64,0.0
D,827358,servo_moves,0.0000,S,0,64,0.0
D,827454,servo_moves,0.0000,S,0,64,0.0
D,827550,servo_moves,0.0000,S,0,64,0.0
D,827646,servo_moves,0.0000,S,0,64,0.0
D,827742,servo_moves,0.0000,S,0,64,0.0
D,827838,servo_moves,0.0000,S,0,64,0.0
D,827933,servo_moves,0.0000,S,0,64,0.0
D,828027,servo_moves,0.0000,S,0,64,0.0
D,828123,servo_moves,0.0000,S,0,64,0.0
D,828219,servo_moves,0.0000,S,0,64,0.0
D,828315,servo_moves,0.0000,S,0,64,0.0
D,828411,servo_moves,0.0000,S,0,64,0.0
D,828506,servo_moves,0.0000,S,0,64,0.0
D,828602,servo_moves,0.0000,S,0,64,0.0
D,828698,servo_moves,0.0000,S,0,64,0.0
D,828794,servo_moves,0.0000,S,0,64,0.0
D,828888,servo_moves,0.0000,S,0,64,0.0
D,828984,servo_moves,0.0000,S,0,64,0.0
D,829080,servo_moves,0.0000,S,0,64,0.0
D,829175,servo_moves,0.0000,S,0,64,0.0
D,829271,servo_moves,0.0000,S,0,64,0.0
E,829334,BLOCK_END,servo_moves
E,829335,BLOCK_START,quiet_post
D,829463,quiet_post,0.0000,S,0,64,0.0
D,829559,quiet_post,0.0000,S,0,64,0.0
D,829655,quiet_post,0.0000,S,0,64,0.0
D,829748,quiet_post,0.0000,S,0,64,0.0
D,829844,quiet_post,0.0000,S,0,64,0.0
D,829940,quiet_post,0.0000,S,0,64,0.0
D,830036,quiet_post,0.0000,S,0,64,0.0
D,830132,quiet_post,0.0000,S,0,64,0.0
D,830228,quiet_post,0.0000,S,0,64,0.0
D,830323,quiet_post,0.0000,S,0,64,0.0
D,830419,quiet_post,0.0000,S,0,64,0.0
D,830515,quiet_post,0.0000,S,0,64,0.0
D,830611,quiet_post,0.0000,S,0,64,0.0
D,830705,quiet_post,0.0000,S,0,64,0.0
D,830801,quiet_post,0.0000,S,0,64,0.0
D,830897,quiet_post,0.0000,S,0,64,0.0
D,830992,quiet_post,0.0000,S,0,64,0.0
D,831088,quiet_post,0.0000,S,0,64,0.0
D,831184,quiet_post,0.0000,S,0,64,0.0
D,831280,quiet_post,0.0000,S,0,64,0.0
D,831376,quiet_post,0.0000,S,0,64,0.0
D,831472,quiet_post,0.0000,S,0,64,0.0
D,831565,quiet_post,0.0000,S,0,64,0.0
D,831661,quiet_post,0.0000,S,0,64,0.0
D,831757,quiet_post,0.0000,S,0,64,0.0
D,831853,quiet_post,0.0000,S,0,64,0.0
D,831949,quiet_post,0.0000,S,0,64,0.0
D,832045,quiet_post,0.0000,S,0,64,0.0
D,832141,quiet_post,0.0000,S,0,64,0.0
D,832236,quiet_post,0.0000,S,0,64,0.0
D,832332,quiet_post,0.0000,S,0,64,0.0
D,832426,quiet_post,0.0000,S,0,64,0.0
D,832522,quiet_post,0.0000,S,0,64,0.0
D,832618,quiet_post,0.0000,S,0,64,0.0
D,832714,quiet_post,0.0000,S,0,64,0.0
D,832809,quiet_post,0.0000,S,0,64,0.0
D,832905,quiet_post,0.0000,S,0,64,0.0
D,833001,quiet_post,0.0000,S,0,64,0.0
D,833097,quiet_post,0.0000,S,0,64,0.0
D,833193,quiet_post,0.0000,S,0,64,0.0
D,833289,quiet_post,0.0000,S,0,64,0.0
D,833382,quiet_post,0.0000,S,0,64,0.0
D,833479,quiet_post,0.0000,S,0,64,0.0
D,833574,quiet_post,0.0000,S,0,64,0.0
D,833670,quiet_post,0.0000,S,0,64,0.0
D,833766,quiet_post,0.0000,S,0,64,0.0
D,833862,quiet_post,0.0000,S,0,64,0.0
D,833958,quiet_post,0.0000,S,0,64,0.0
D,834053,quiet_post,0.0000,S,0,64,0.0
D,834149,quiet_post,0.0000,S,0,64,0.0
D,834243,quiet_post,0.0000,S,0,64,0.0
D,834339,quiet_post,0.0000,S,0,64,0.0
D,834435,quiet_post,0.0000,S,0,64,0.0
D,834531,quiet_post,0.0000,S,0,64,0.0
D,834627,quiet_post,0.0000,S,0,64,0.0
D,834722,quiet_post,0.0000,S,0,64,0.0
D,834818,quiet_post,0.0000,S,0,64,0.0
D,834914,quiet_post,0.0000,S,0,64,0.0
D,835010,quiet_post,0.0000,S,0,64,0.0
D,835104,quiet_post,0.0000,S,0,64,0.0
D,835200,quiet_post,0.0000,S,0,64,0.0
D,835295,quiet_post,0.0000,S,0,64,0.0
D,835391,quiet_post,0.0000,S,0,64,0.0
D,835487,quiet_post,0.0000,S,0,64,0.0
D,835583,quiet_post,0.0000,S,0,64,0.0
D,835679,quiet_post,0.0000,S,0,64,0.0
D,835775,quiet_post,0.0000,S,0,64,0.0
D,835871,quiet_post,0.0000,S,0,64,0.0
D,835965,quiet_post,0.0000,S,0,64,0.0
D,836060,quiet_post,0.0000,S,0,64,0.0
D,836156,quiet_post,0.0000,S,0,64,0.0
D,836252,quiet_post,0.0000,S,0,64,0.0
D,836348,quiet_post,0.0000,S,0,64,0.0
D,836444,quiet_post,0.0000,S,0,64,0.0
D,836540,quiet_post,0.0000,S,0,64,0.0
D,836635,quiet_post,0.0000,S,0,64,0.0
D,836731,quiet_post,0.0000,S,0,64,0.0
D,836827,quiet_post,0.0000,S,0,64,0.0
D,836921,quiet_post,0.0000,S,0,64,0.0
D,837017,quiet_post,0.0000,S,0,64,0.0
D,837112,quiet_post,0.0000,S,0,64,0.0
D,837209,quiet_post,0.0000,S,0,64,0.0
D,837304,quiet_post,0.0000,S,0,64,0.0
D,837400,quiet_post,0.0000,S,0,64,0.0
D,837496,quiet_post,0.0000,S,0,64,0.0
D,837592,quiet_post,0.0000,S,0,64,0.0
D,837688,quiet_post,0.0000,S,0,64,0.0
D,837781,quiet_post,0.0000,S,0,64,0.0
D,837877,quiet_post,0.0000,S,0,64,0.0
D,837973,quiet_post,0.0000,S,0,64,0.0
D,838069,quiet_post,0.0000,S,0,64,0.0
D,838165,quiet_post,0.0000,S,0,64,0.0
D,838261,quiet_post,0.0000,S,0,64,0.0
D,838357,quiet_post,0.0000,S,0,64,0.0
D,838452,quiet_post,0.0000,S,0,64,0.0
D,838548,quiet_post,0.0000,S,0,64,0.0
D,838642,quiet_post,0.0000,S,0,64,0.0
D,838738,quiet_post,0.0000,S,0,64,0.0
D,838834,quiet_post,0.0000,S,0,64,0.0
D,838930,quiet_post,0.0000,S,0,64,0.0
D,839026,quiet_post,0.0000,S,0,64,0.0
D,839121,quiet_post,0.0000,S,0,64,0.0
D,839217,quiet_post,0.0000,S,0,64,0.0
D,839313,quiet_post,0.0000,S,0,64,0.0
D,839409,quiet_post,0.0000,S,0,64,0.0
D,839505,quiet_post,0.0000,S,0,64,0.0
D,839599,quiet_post,0.0000,S,0,64,0.0
D,839694,quiet_post,0.0000,S,0,64,0.0
D,839790,quiet_post,0.0000,S,0,64,0.0
D,839886,quiet_post,0.0000,S,0,64,0.0
D,839982,quiet_post,0.0000,S,0,64,0.0
D,840078,quiet_post,0.0000,S,0,64,0.0
D,840174,quiet_post,0.0000,S,0,64,0.0
D,840270,quiet_post,0.0000,S,0,64,0.0
D,840365,quiet_post,0.0000,S,0,64,0.0
D,840459,quiet_post,0.0000,S,0,64,0.0
D,840555,quiet_post,0.0000,S,0,64,0.0
D,840651,quiet_post,0.0000,S,0,64,0.0
D,840747,quiet_post,0.0000,S,0,64,0.0
D,840843,quiet_post,0.0000,S,0,64,0.0
D,840938,quiet_post,0.0000,S,0,64,0.0
D,841034,quiet_post,0.0000,S,0,64,0.0
D,841130,quiet_post,0.0000,S,0,64,0.0
D,841226,quiet_post,0.0000,S,0,64,0.0
D,841320,quiet_post,0.0000,S,0,64,0.0
D,841416,quiet_post,0.0000,S,0,64,0.0
D,841512,quiet_post,0.0000,S,0,64,0.0
D,841607,quiet_post,0.0000,S,0,64,0.0
D,841703,quiet_post,0.0000,S,0,64,0.0
D,841896,quiet_post,0.0000,S,0,64,0.0
D,841991,quiet_post,0.0000,S,0,64,0.0
D,842087,quiet_post,0.0000,S,0,64,0.0
D,842180,quiet_post,0.0000,S,0,64,0.0
D,842276,quiet_post,0.0000,S,0,64,0.0
D,842372,quiet_post,0.0000,S,0,64,0.0
D,842468,quiet_post,0.0000,S,0,64,0.0
D,842564,quiet_post,0.0000,S,0,64,0.0
D,842660,quiet_post,0.0000,S,0,64,0.0
D,842755,quiet_post,0.0000,S,0,64,0.0
D,842852,quiet_post,0.0000,S,0,64,0.0
D,842947,quiet_post,0.0000,S,0,64,0.0
D,843043,quiet_post,0.0000,S,0,64,0.0
D,843137,quiet_post,0.0000,S,0,64,0.0
D,843233,quiet_post,0.0000,S,0,64,0.0
D,843329,quiet_post,0.0000,S,0,64,0.0
D,843424,quiet_post,0.0000,S,0,64,0.0
D,843520,quiet_post,0.0000,S,0,64,0.0
D,843616,quiet_post,0.0000,S,0,64,0.0
D,843712,quiet_post,0.0000,S,0,64,0.0
D,843808,quiet_post,0.0000,S,0,64,0.0
D,843904,quiet_post,0.0000,S,0,64,0.0
D,843997,quiet_post,0.0000,S,0,64,0.0
D,844094,quiet_post,0.0000,S,0,64,0.0
D,844189,quiet_post,0.0000,S,0,64,0.0
D,844285,quiet_post,0.0000,S,0,64,0.0
D,844381,quiet_post,0.0000,S,0,64,0.0
D,844477,quiet_post,0.0000,S,0,64,0.0
D,844573,quiet_post,0.0000,S,0,64,0.0
D,844668,quiet_post,0.0000,S,0,64,0.0
D,844764,quiet_post,0.0000,S,0,64,0.0
D,844858,quiet_post,0.0000,S,0,64,0.0
D,844954,quiet_post,0.0000,S,0,64,0.0
D,845050,quiet_post,0.0000,S,0,64,0.0
D,845146,quiet_post,0.0000,S,0,64,0.0
D,845241,quiet_post,0.0000,S,0,64,0.0
D,845337,quiet_post,0.0000,S,0,64,0.0
D,845433,quiet_post,0.0000,S,0,64,0.0
D,845529,quiet_post,0.0000,S,0,64,0.0
D,845625,quiet_post,0.0000,S,0,64,0.0
D,845721,quiet_post,0.0000,S,0,64,0.0
D,845815,quiet_post,0.0000,S,0,64,0.0
D,845911,quiet_post,0.0000,S,0,64,0.0
D,846006,quiet_post,0.0000,S,0,64,0.0
D,846102,quiet_post,0.0000,S,0,64,0.0
D,846198,quiet_post,0.0000,S,0,64,0.0
D,846294,quiet_post,0.0000,S,0,64,0.0
D,846390,quiet_post,0.0000,S,0,64,0.0
D,846485,quiet_post,0.0000,S,0,64,0.0
D,846582,quiet_post,0.0000,S,0,64,0.0
D,846675,quiet_post,0.0000,S,0,64,0.0
D,846771,quiet_post,0.0000,S,0,64,0.0
D,846867,quiet_post,0.0000,S,0,64,0.0
D,846963,quiet_post,0.0000,S,0,64,0.0
D,847059,quiet_post,0.0000,S,0,64,0.0
D,847155,quiet_post,0.0000,S,0,64,0.0
D,847250,quiet_post,0.0000,S,0,64,0.0
D,847346,quiet_post,0.0000,S,0,64,0.0
D,847442,quiet_post,0.0000,S,0,64,0.0
D,847536,quiet_post,0.0000,S,0,64,0.0
D,847632,quiet_post,0.0000,S,0,64,0.0
D,847728,quiet_post,0.0000,S,0,64,0.0
D,847823,quiet_post,0.0000,S,0,64,0.0
D,847919,quiet_post,0.0000,S,0,64,0.0
D,848015,quiet_post,0.0000,S,0,64,0.0
D,848111,quiet_post,0.0000,S,0,64,0.0
D,848207,quiet_post,0.0000,S,0,64,0.0
D,848303,quiet_post,0.0000,S,0,64,0.0
D,848397,quiet_post,0.0000,S,0,64,0.0
D,848492,quiet_post,0.0000,S,0,64,0.0
D,848588,quiet_post,0.0000,S,0,64,0.0
D,848684,quiet_post,0.0000,S,0,64,0.0
D,848780,quiet_post,0.0000,S,0,64,0.0
D,848876,quiet_post,0.0000,S,0,64,0.0
D,848971,quiet_post,0.0000,S,0,64,0.0
D,849068,quiet_post,0.0000,S,0,64,0.0
D,849163,quiet_post,0.0000,S,0,64,0.0
D,849259,quiet_post,0.0000,S,0,64,0.0
D,849353,quiet_post,0.0000,S,0,64,0.0
D,849449,quiet_post,0.0000,S,0,64,0.0
D,849545,quiet_post,0.0000,S,0,64,0.0
D,849641,quiet_post,0.0000,S,0,64,0.0
D,849736,quiet_post,0.0000,S,0,64,0.0
D,849832,quiet_post,0.0000,S,0,64,0.0
D,849928,quiet_post,0.0000,S,0,64,0.0
D,850024,quiet_post,0.0000,S,0,64,0.0
D,850120,quiet_post,0.0000,S,0,64,0.0
D,850214,quiet_post,0.0000,S,0,64,0.0
D,850309,quiet_post,0.0000,S,0,64,0.0
D,850405,quiet_post,0.0000,S,0,64,0.0
D,850501,quiet_post,0.0000,S,0,64,0.0
D,850597,quiet_post,0.0000,S,0,64,0.0
D,850693,quiet_post,0.0000,S,0,64,0.0
D,850789,quiet_post,0.0000,S,0,64,0.0
D,850884,quiet_post,0.0000,S,0,64,0.0
D,850980,quiet_post,0.0000,S,0,64,0.0
D,851074,quiet_post,0.0000,S,0,64,0.0
D,851170,quiet_post,0.0000,S,0,64,0.0
D,851266,quiet_post,0.0000,S,0,64,0.0
D,851362,quiet_post,0.0000,S,0,64,0.0
D,851458,quiet_post,0.0000,S,0,64,0.0
D,851553,quiet_post,0.0000,S,0,64,0.0
D,851649,quiet_post,0.0000,S,0,64,0.0
D,851745,quiet_post,0.0000,S,0,64,0.0
D,851841,quiet_post,0.0000,S,0,64,0.0
D,851937,quiet_post,0.0000,S,0,64,0.0
D,852031,quiet_post,0.0000,S,0,64,0.0
D,852126,quiet_post,0.0000,S,0,64,0.0
D,852222,quiet_post,0.0000,S,0,64,0.0
D,852318,quiet_post,0.0000,S,0,64,0.0
D,852414,quiet_post,0.0000,S,0,64,0.0
D,852510,quiet_post,0.0000,S,0,64,0.0
D,852606,quiet_post,0.0000,S,0,64,0.0
D,852702,quiet_post,0.0000,S,0,64,0.0
D,852797,quiet_post,0.0000,S,0,64,0.0
D,852891,quiet_post,0.0000,S,0,64,0.0
D,852987,quiet_post,0.0000,S,0,64,0.0
D,853083,quiet_post,0.0000,S,0,64,0.0
D,853179,quiet_post,0.0000,S,0,64,0.0
D,853275,quiet_post,0.0000,S,0,64,0.0
D,853370,quiet_post,0.0000,S,0,64,0.0
D,853466,quiet_post,0.0000,S,0,64,0.0
D,853562,quiet_post,0.0000,S,0,64,0.0
D,853658,quiet_post,0.0000,S,0,64,0.0
D,853752,quiet_post,0.0000,S,0,64,0.0
D,853848,quiet_post,0.0000,S,0,64,0.0
D,853944,quiet_post,0.0000,S,0,64,0.0
D,854039,quiet_post,0.0000,S,0,64,0.0
D,854135,quiet_post,0.0000,S,0,64,0.0
D,854236,quiet_post,0.0000,S,0,64,0.0
D,854327,quiet_post,0.0000,S,0,64,0.0
D,854423,quiet_post,0.0000,S,0,64,0.0
D,854519,quiet_post,0.0000,S,0,64,0.0
D,854612,quiet_post,0.0000,S,0,64,0.0
D,854708,quiet_post,0.0000,S,0,64,0.0
D,854804,quiet_post,0.0000,S,0,64,0.0
D,854900,quiet_post,0.0000,S,0,64,0.0
D,854996,quiet_post,0.0000,S,0,64,0.0
D,855092,quiet_post,0.0000,S,0,64,0.0
D,855188,quiet_post,0.0000,S,0,64,0.0
D,855283,quiet_post,0.0000,S,0,64,0.0
D,855379,quiet_post,0.0000,S,0,64,0.0
D,855475,quiet_post,0.0000,S,0,64,0.0
D,855569,quiet_post,0.0000,S,0,64,0.0
D,855665,quiet_post,0.0000,S,0,64,0.0
D,855761,quiet_post,0.0000,S,0,64,0.0
D,855856,quiet_post,0.0000,S,0,64,0.0
D,855952,quiet_post,0.0000,S,0,64,0.0
D,856048,quiet_post,0.0000,S,0,64,0.0
D,856144,quiet_post,0.0000,S,0,64,0.0
D,856240,quiet_post,0.0000,S,0,64,0.0
D,856336,quiet_post,0.0000,S,0,64,0.0
D,856430,quiet_post,0.0000,S,0,64,0.0
D,856526,quiet_post,0.0000,S,0,64,0.0
D,856621,quiet_post,0.0000,S,0,64,0.0
D,856717,quiet_post,0.0000,S,0,64,0.0
D,856813,quiet_post,0.0000,S,0,64,0.0
D,856909,quiet_post,0.0000,S,0,64,0.0
D,857005,quiet_post,0.0000,S,0,64,0.0
D,857100,quiet_post,0.0000,S,0,64,0.0
D,857196,quiet_post,0.0000,S,0,64,0.0
D,857290,quiet_post,0.0000,S,0,64,0.0
D,857386,quiet_post,0.0000,S,0,64,0.0
D,857482,quiet_post,0.0000,S,0,64,0.0
D,857578,quiet_post,0.0000,S,0,64,0.0
D,857674,quiet_post,0.0000,S,0,64,0.0
D,857769,quiet_post,0.0000,S,0,64,0.0
D,857865,quiet_post,0.0000,S,0,64,0.0
D,857961,quiet_post,0.0000,S,0,64,0.0
D,858057,quiet_post,0.0000,S,0,64,0.0
D,858153,quiet_post,0.0000,S,0,64,0.0
D,858247,quiet_post,0.0000,S,0,64,0.0
D,858342,quiet_post,0.0000,S,0,64,0.0
D,858438,quiet_post,0.0000,S,0,64,0.0
D,858534,quiet_post,0.0000,S,0,64,0.0
D,858630,quiet_post,0.0000,S,0,64,0.0
D,858726,quiet_post,0.0000,S,0,64,0.0
D,858822,quiet_post,0.0000,S,0,64,0.0
D,858918,quiet_post,0.0000,S,0,64,0.0
D,859014,quiet_post,0.0000,S,0,64,0.0
D,859107,quiet_post,0.0000,S,0,64,0.0
D,859203,quiet_post,0.0000,S,0,64,0.0
D,859299,quiet_post,0.0000,S,0,64,0.0
D,859395,quiet_post,0.0000,S,0,64,0.0
D,859491,quiet_post,0.0000,S,0,64,0.0
D,859587,quiet_post,0.0000,S,0,64,0.0
D,859682,quiet_post,0.0000,S,0,64,0.0
D,859778,quiet_post,0.0000,S,0,64,0.0
D,859874,quiet_post,0.0000,S,0,64,0.0
D,859968,quiet_post,0.0000,S,0,64,0.0
D,860064,quiet_post,0.0000,S,0,64,0.0
D,860160,quiet_post,0.0000,S,0,64,0.0
D,860255,quiet_post,0.0000,S,0,64,0.0
D,860351,quiet_post,0.0000,S,0,64,0.0
D,860447,quiet_post,0.0000,S,0,64,0.0
D,860543,quiet_post,0.0000,S,0,64,0.0
D,860639,quiet_post,0.0000,S,0,64,0.0
D,860735,quiet_post,0.0000,S,0,64,0.0
D,860829,quiet_post,0.0000,S,0,64,0.0
D,860924,quiet_post,0.0000,S,0,64,0.0
D,861020,quiet_post,0.0000,S,0,64,0.0
D,861116,quiet_post,0.0000,S,0,64,0.0
D,861212,quiet_post,0.0000,S,0,64,0.0
D,861308,quiet_post,0.0000,S,0,64,0.0
D,861404,quiet_post,0.0000,S,0,64,0.0
D,861499,quiet_post,0.0000,S,0,64,0.0
D,861595,quiet_post,0.0000,S,0,64,0.0
D,861691,quiet_post,0.0000,S,0,64,0.0
D,861785,quiet_post,0.0000,S,0,64,0.0
D,861881,quiet_post,0.0000,S,0,64,0.0
D,861977,quiet_post,0.0000,S,0,64,0.0
D,862073,quiet_post,0.0000,S,0,64,0.0
D,862168,quiet_post,0.0000,S,0,64,0.0
D,862264,quiet_post,0.0000,S,0,64,0.0
D,862360,quiet_post,0.0000,S,0,64,0.0
D,862456,quiet_post,0.0000,S,0,64,0.0
D,862552,quiet_post,0.0000,S,0,64,0.0
D,862646,quiet_post,0.0000,S,0,64,0.0
D,862741,quiet_post,0.0000,S,0,64,0.0
D,862838,quiet_post,0.0000,S,0,64,0.0
D,862933,quiet_post,0.0000,S,0,64,0.0
D,863029,quiet_post,0.0000,S,0,64,0.0
D,863125,quiet_post,0.0000,S,0,64,0.0
D,863221,quiet_post,0.0000,S,0,64,0.0
D,863317,quiet_post,0.0000,S,0,64,0.0
D,863412,quiet_post,0.0000,S,0,64,0.0
D,863506,quiet_post,0.0000,S,0,64,0.0
D,863602,quiet_post,0.0000,S,0,64,0.0
D,863698,quiet_post,0.0000,S,0,64,0.0
D,863794,quiet_post,0.0000,S,0,64,0.0
D,863890,quiet_post,0.0000,S,0,64,0.0
D,863985,quiet_post,0.0000,S,0,64,0.0
D,864081,quiet_post,0.0000,S,0,64,0.0
D,864177,quiet_post,0.0000,S,0,64,0.0
D,864273,quiet_post,0.0000,S,0,64,0.0
D,864367,quiet_post,0.0000,S,0,64,0.0
D,864463,quiet_post,0.0000,S,0,64,0.0
D,864559,quiet_post,0.0000,S,0,64,0.0
D,864654,quiet_post,0.0000,S,0,64,0.0
D,864750,quiet_post,0.0000,S,0,64,0.0
D,864846,quiet_post,0.0000,S,0,64,0.0
D,864942,quiet_post,0.0000,S,0,64,0.0
D,865038,quiet_post,0.0000,S,0,64,0.0
D,865134,quiet_post,0.0000,S,0,64,0.0
D,865229,quiet_post,0.0000,S,0,64,0.0
D,865323,quiet_post,0.0000,S,0,64,0.0
D,865419,quiet_post,0.0000,S,0,64,0.0
D,865515,quiet_post,0.0000,S,0,64,0.0
D,865611,quiet_post,0.0000,S,0,64,0.0
D,865707,quiet_post,0.0000,S,0,64,0.0
D,865802,quiet_post,0.0000,S,0,64,0.0
D,865898,quiet_post,0.0000,S,0,64,0.0
D,865994,quiet_post,0.0000,S,0,64,0.0
D,866090,quiet_post,0.0000,S,0,64,0.0
D,866184,quiet_post,0.0000,S,0,64,0.0
D,866280,quiet_post,0.0000,S,0,64,0.0
D,866376,quiet_post,0.0000,S,0,64,0.0
D,866471,quiet_post,0.0000,S,0,64,0.0
D,866567,quiet_post,0.0000,S,0,64,0.0
D,866668,quiet_post,0.0000,S,0,64,0.0
D,866759,quiet_post,0.0000,S,0,64,0.0
D,866855,quiet_post,0.0000,S,0,64,0.0
D,866951,quiet_post,0.0000,S,0,64,0.0
D,867045,quiet_post,0.0000,S,0,64,0.0
D,867141,quiet_post,0.0000,S,0,64,0.0
D,867236,quiet_post,0.0000,S,0,64,0.0
D,867332,quiet_post,0.0000,S,0,64,0.0
D,867428,quiet_post,0.0000,S,0,64,0.0
D,867524,quiet_post,0.0000,S,0,64,0.0
D,867620,quiet_post,0.0000,S,0,64,0.0
D,867715,quiet_post,0.0000,S,0,64,0.0
D,867811,quiet_post,0.0000,S,0,64,0.0
D,867907,quiet_post,0.0000,S,0,64,0.0
D,868001,quiet_post,0.0000,S,0,64,0.0
D,868097,quiet_post,0.0000,S,0,64,0.0
D,868193,quiet_post,0.0000,S,0,64,0.0
D,868289,quiet_post,0.0000,S,0,64,0.0
D,868384,quiet_post,0.0000,S,0,64,0.0
D,868480,quiet_post,0.0000,S,0,64,0.0
D,868576,quiet_post,0.0000,S,0,64,0.0
D,868672,quiet_post,0.0000,S,0,64,0.0
D,868768,quiet_post,0.0000,S,0,64,0.0
D,868862,quiet_post,0.0000,S,0,64,0.0
D,868958,quiet_post,0.0000,S,0,64,0.0
D,869053,quiet_post,0.0000,S,0,64,0.0
D,869149,quiet_post,0.0000,S,0,64,0.0
D,869245,quiet_post,0.0000,S,0,64,0.0
D,869341,quiet_post,0.0000,S,0,64,0.0
D,869437,quiet_post,0.0000,S,0,64,0.0
D,869533,quiet_post,0.0000,S,0,64,0.0
D,869629,quiet_post,0.0003,U,0,64,0.0
D,869722,quiet_post,0.0004,U,0,64,0.0
D,869818,quiet_post,0.0003,U,0,64,0.0
D,869914,quiet_post,0.0003,U,0,64,0.0
D,870010,quiet_post,0.0002,U,0,64,0.0
D,870106,quiet_post,0.0002,U,0,64,0.0
D,870202,quiet_post,0.0001,U,0,64,0.0
D,870297,quiet_post,0.0001,U,0,64,0.0
D,870393,quiet_post,0.0001,U,0,64,0.0
D,870489,quiet_post,0.0001,S,0,64,0.0
D,870583,quiet_post,0.0001,S,0,64,0.0
D,870679,quiet_post,0.0001,S,0,64,0.0
D,870775,quiet_post,0.0001,S,0,64,0.0
D,870871,quiet_post,0.0002,S,0,64,0.0
D,870967,quiet_post,0.0002,S,0,64,0.0
D,871063,quiet_post,0.0002,S,0,64,0.0
D,871158,quiet_post,0.0002,S,0,64,0.0
D,871254,quiet_post,0.0002,S,0,64,0.0
D,871350,quiet_post,0.0002,S,0,64,0.0
D,871446,quiet_post,0.0002,S,0,64,0.0
D,871540,quiet_post,0.0001,S,0,64,0.0
D,871636,quiet_post,0.0001,S,0,64,0.0
D,871731,quiet_post,0.0001,S,0,64,0.0
D,871827,quiet_post,0.0001,S,0,64,0.0
D,871923,quiet_post,0.0001,S,0,64,0.0
D,872019,quiet_post,0.0001,S,0,64,0.0
D,872115,quiet_post,0.0001,S,0,64,0.0
D,872211,quiet_post,0.0001,S,0,64,0.0
D,872307,quiet_post,0.0001,S,0,64,0.0
D,872400,quiet_post,0.0001,S,0,64,0.0
D,872496,quiet_post,0.0001,S,0,64,0.0
D,872591,quiet_post,0.0000,S,0,64,0.0
D,872687,quiet_post,0.0000,S,0,64,0.0
D,872783,quiet_post,0.0000,S,0,64,0.0
D,872879,quiet_post,0.0000,S,0,64,0.0
D,872975,quiet_post,0.0000,S,0,64,0.0
D,873071,quiet_post,0.0000,S,0,64,0.0
D,873166,quiet_post,0.0000,S,0,64,0.0
D,873260,quiet_post,0.0000,S,0,64,0.0
D,873356,quiet_post,0.0000,S,0,64,0.0
D,873452,quiet_post,0.0000,S,0,64,0.0
D,873548,quiet_post,0.0000,S,0,64,0.0
D,873644,quiet_post,0.0000,S,0,64,0.0
D,873740,quiet_post,0.0000,S,0,64,0.0
D,873836,quiet_post,0.0000,S,0,64,0.0
D,873931,quiet_post,0.0000,S,0,64,0.0
D,874027,quiet_post,0.0000,S,0,64,0.0
D,874123,quiet_post,0.0000,S,0,64,0.0
D,874217,quiet_post,0.0000,S,0,64,0.0
D,874313,quiet_post,0.0000,S,0,64,0.0
D,874409,quiet_post,0.0000,S,0,64,0.0
D,874505,quiet_post,0.0000,S,0,64,0.0
D,874600,quiet_post,0.0000,S,0,64,0.0
D,874696,quiet_post,0.0000,S,0,64,0.0
D,874792,quiet_post,0.0000,S,0,64,0.0
D,874888,quiet_post,0.0000,S,0,64,0.0
D,874984,quiet_post,0.0000,S,0,64,0.0
D,875078,quiet_post,0.0000,S,0,64,0.0
D,875174,quiet_post,0.0000,S,0,64,0.0
D,875269,quiet_post,0.0000,S,0,64,0.0
D,875365,quiet_post,0.0000,S,0,64,0.0
D,875461,quiet_post,0.0000,S,0,64,0.0
D,875557,quiet_post,0.0000,S,0,64,0.0
D,875653,quiet_post,0.0000,S,0,64,0.0
D,875749,quiet_post,0.0000,S,0,64,0.0
D,875844,quiet_post,0.0000,S,0,64,0.0
D,875938,quiet_post,0.0000,S,0,64,0.0
D,876034,quiet_post,0.0000,S,0,64,0.0
D,876130,quiet_post,0.0000,S,0,64,0.0
D,876226,quiet_post,0.0000,S,0,64,0.0
D,876322,quiet_post,0.0000,S,0,64,0.0
D,876417,quiet_post,0.0000,S,0,64,0.0
D,876513,quiet_post,0.0000,S,0,64,0.0
D,876609,quiet_post,0.0000,S,0,64,0.0
D,876705,quiet_post,0.0000,S,0,64,0.0
D,876799,quiet_post,0.0000,S,0,64,0.0
D,876895,quiet_post,0.0000,S,0,64,0.0
D,876991,quiet_post,0.0000,S,0,64,0.0
D,877086,quiet_post,0.0000,S,0,64,0.0
D,877182,quiet_post,0.0000,S,0,64,0.0
D,877278,quiet_post,0.0000,S,0,64,0.0
D,877374,quiet_post,0.0000,S,0,64,0.0
D,877470,quiet_post,0.0000,S,0,64,0.0
D,877566,quiet_post,0.0000,S,0,64,0.0
D,877661,quiet_post,0.0000,S,0,64,0.0
D,877755,quiet_post,0.0000,S,0,64,0.0
D,877851,quiet_post,0.0000,S,0,64,0.0
D,877947,quiet_post,0.0000,S,0,64,0.0
D,878043,quiet_post,0.0000,S,0,64,0.0
D,878139,quiet_post,0.0000,S,0,64,0.0
D,878235,quiet_post,0.0000,S,0,64,0.0
D,878330,quiet_post,0.0000,S,0,64,0.0
D,878426,quiet_post,0.0000,S,0,64,0.0
D,878522,quiet_post,0.0000,S,0,64,0.0
D,878616,quiet_post,0.0000,S,0,64,0.0
D,878712,quiet_post,0.0000,S,0,64,0.0
D,878808,quiet_post,0.0000,S,0,64,0.0
D,878903,quiet_post,0.0000,S,0,64,0.0
D,878999,quiet_post,0.0000,S,0,64,0.0
D,879101,quiet_post,0.0000,S,0,64,0.0
D,879191,quiet_post,0.0000,S,0,64,0.0
D,879287,quiet_post,0.0000,S,0,64,0.0
D,879383,quiet_post,0.0000,S,0,64,0.0
D,879477,quiet_post,0.0000,S,0,64,0.0
D,879573,quiet_post,0.0000,S,0,64,0.0
D,879668,quiet_post,0.0000,S,0,64,0.0
D,879764,quiet_post,0.0000,S,0,64,0.0
D,879860,quiet_post,0.0000,S,0,64,0.0
D,879956,quiet_post,0.0000,S,0,64,0.0
D,880052,quiet_post,0.0000,S,0,64,0.0
D,880147,quiet_post,0.0000,S,0,64,0.0
D,880243,quiet_post,0.0000,S,0,64,0.0
D,880337,quiet_post,0.0000,S,0,64,0.0
D,880433,quiet_post,0.0000,S,0,64,0.0
D,880529,quiet_post,0.0000,S,0,64,0.0
D,880625,quiet_post,0.0000,S,0,64,0.0
D,880721,quiet_post,0.0000,S,0,64,0.0
D,880816,quiet_post,0.0000,S,0,64,0.0
D,880912,quiet_post,0.0000,S,0,64,0.0
D,881008,quiet_post,0.0000,S,0,64,0.0
D,881104,quiet_post,0.0000,S,0,64,0.0
D,881200,quiet_post,0.0000,S,0,64,0.0
D,881294,quiet_post,0.0000,S,0,64,0.0
D,881390,quiet_post,0.0000,S,0,64,0.0
D,881485,quiet_post,0.0000,S,0,64,0.0
D,881581,quiet_post,0.0000,S,0,64,0.0
D,881677,quiet_post,0.0000,S,0,64,0.0
D,881773,quiet_post,0.0000,S,0,64,0.0
D,881869,quiet_post,0.0000,S,0,64,0.0
D,881965,quiet_post,0.0000,S,0,64,0.0
D,882061,quiet_post,0.0000,S,0,64,0.0
D,882154,quiet_post,0.0000,S,0,64,0.0
D,882250,quiet_post,0.0000,S,0,64,0.0
D,882346,quiet_post,0.0000,S,0,64,0.0
D,882442,quiet_post,0.0000,S,0,64,0.0
D,882538,quiet_post,0.0000,S,0,64,0.0
D,882634,quiet_post,0.0000,S,0,64,0.0
D,882729,quiet_post,0.0000,S,0,64,0.0
D,882825,quiet_post,0.0000,S,0,64,0.0
D,882921,quiet_post,0.0000,S,0,64,0.0
D,883015,quiet_post,0.0000,S,0,64,0.0
D,883111,quiet_post,0.0000,S,0,64,0.0
D,883207,quiet_post,0.0000,S,0,64,0.0
D,883303,quiet_post,0.0000,S,0,64,0.0
D,883398,quiet_post,0.0000,S,0,64,0.0
D,883494,quiet_post,0.0000,S,0,64,0.0
D,883590,quiet_post,0.0000,S,0,64,0.0
D,883686,quiet_post,0.0000,S,0,64,0.0
D,883782,quiet_post,0.0000,S,0,64,0.0
D,883878,quiet_post,0.0000,S,0,64,0.0
D,883971,quiet_post,0.0000,S,0,64,0.0
D,884067,quiet_post,0.0000,S,0,64,0.0
D,884163,quiet_post,0.0000,S,0,64,0.0
D,884259,quiet_post,0.0000,S,0,64,0.0
D,884355,quiet_post,0.0000,S,0,64,0.0
D,884451,quiet_post,0.0000,S,0,64,0.0
D,884547,quiet_post,0.0000,S,0,64,0.0
D,884642,quiet_post,0.0000,S,0,64,0.0
D,884738,quiet_post,0.0000,S,0,64,0.0
D,884832,quiet_post,0.0000,S,0,64,0.0
D,884928,quiet_post,0.0000,S,0,64,0.0
D,885024,quiet_post,0.0000,S,0,64,0.0
D,885120,quiet_post,0.0000,S,0,64,0.0
D,885215,quiet_post,0.0000,S,0,64,0.0
D,885311,quiet_post,0.0000,S,0,64,0.0
D,885407,quiet_post,0.0000,S,0,64,0.0
D,885503,quiet_post,0.0000,S,0,64,0.0
D,885599,quiet_post,0.0000,S,0,64,0.0
D,885693,quiet_post,0.0000,S,0,64,0.0
D,885788,quiet_post,0.0000,S,0,64,0.0
D,885884,quiet_post,0.0000,S,0,64,0.0
D,885980,quiet_post,0.0000,S,0,64,0.0
D,886076,quiet_post,0.0000,S,0,64,0.0
D,886172,quiet_post,0.0000,S,0,64,0.0
D,886268,quiet_post,0.0000,S,0,64,0.0
D,886364,quiet_post,0.0000,S,0,64,0.0
D,886459,quiet_post,0.0000,S,0,64,0.0
D,886553,quiet_post,0.0000,S,0,64,0.0
D,886649,quiet_post,0.0000,S,0,64,0.0
D,886745,quiet_post,0.0000,S,0,64,0.0
D,886841,quiet_post,0.0000,S,0,64,0.0
D,886937,quiet_post,0.0000,S,0,64,0.0
D,887032,quiet_post,0.0000,S,0,64,0.0
D,887128,quiet_post,0.0000,S,0,64,0.0
D,887224,quiet_post,0.0000,S,0,64,0.0
D,887320,quiet_post,0.0000,S,0,64,0.0
D,887416,quiet_post,0.0000,S,0,64,0.0
D,887510,quiet_post,0.0000,S,0,64,0.0
D,887606,quiet_post,0.0000,S,0,64,0.0
D,887701,quiet_post,0.0000,S,0,64,0.0
D,887797,quiet_post,0.0000,S,0,64,0.0
D,887893,quiet_post,0.0000,S,0,64,0.0
D,887989,quiet_post,0.0000,S,0,64,0.0
D,888085,quiet_post,0.0000,S,0,64,0.0
D,888181,quiet_post,0.0000,S,0,64,0.0
D,888276,quiet_post,0.0000,S,0,64,0.0
D,888370,quiet_post,0.0000,S,0,64,0.0
D,888466,quiet_post,0.0000,S,0,64,0.0
D,888562,quiet_post,0.0000,S,0,64,0.0
D,888658,quiet_post,0.0000,S,0,64,0.0
D,888754,quiet_post,0.0000,S,0,64,0.0
D,888849,quiet_post,0.0000,S,0,64,0.0
D,888945,quiet_post,0.0000,S,0,64,0.0
D,889041,quiet_post,0.0000,S,0,64,0.0
D,889137,quiet_post,0.0000,S,0,64,0.0
D,889231,quiet_post,0.0000,S,0,64,0.0
D,889327,quiet_post,0.0000,S,0,64,0.0
D,889423,quiet_post,0.0000,S,0,64,0.0
D,889518,quiet_post,0.0000,S,0,64,0.0
D,889615,quiet_post,0.0000,S,0,64,0.0
D,889710,quiet_post,0.0000,S,0,64,0.0
D,889806,quiet_post,0.0000,S,0,64,0.0
D,889902,quiet_post,0.0000,S,0,64,0.0
D,889998,quiet_post,0.0000,S,0,64,0.0
D,890094,quiet_post,0.0000,S,0,64,0.0
D,890188,quiet_post,0.0000,S,0,64,0.0
D,890283,quiet_post,0.0000,S,0,64,0.0
D,890379,quiet_post,0.0000,S,0,64,0.0
D,890475,quiet_post,0.0000,S,0,64,0.0
D,890571,quiet_post,0.0000,S,0,64,0.0
D,890667,quiet_post,0.0000,S,0,64,0.0
D,890762,quiet_post,0.0000,S,0,64,0.0
D,890858,quiet_post,0.0000,S,0,64,0.0
D,890954,quiet_post,0.0000,S,0,64,0.0
D,891048,quiet_post,0.0000,S,0,64,0.0
D,891144,quiet_post,0.0000,S,0,64,0.0
D,891240,quiet_post,0.0000,S,0,64,0.0
D,891336,quiet_post,0.0000,S,0,64,0.0
D,891431,quiet_post,0.0000,S,0,64,0.0
D,891532,quiet_post,0.0000,S,0,64,0.0
D,891623,quiet_post,0.0000,S,0,64,0.0
D,891719,quiet_post,0.0000,S,0,64,0.0
D,891815,quiet_post,0.0000,S,0,64,0.0
D,891909,quiet_post,0.0000,S,0,64,0.0
D,892005,quiet_post,0.0000,S,0,64,0.0
D,892100,quiet_post,0.0000,S,0,64,0.0
D,892196,quiet_post,0.0000,S,0,64,0.0
D,892292,quiet_post,0.0000,S,0,64,0.0
D,892388,quiet_post,0.0000,S,0,64,0.0
D,892484,quiet_post,0.0000,S,0,64,0.0
D,892580,quiet_post,0.0000,S,0,64,0.0
D,892676,quiet_post,0.0000,S,0,64,0.0
D,892769,quiet_post,0.0000,S,0,64,0.0
D,892865,quiet_post,0.0000,S,0,64,0.0
D,892961,quiet_post,0.0000,S,0,64,0.0
D,893057,quiet_post,0.0000,S,0,64,0.0
D,893153,quiet_post,0.0000,S,0,64,0.0
D,893248,quiet_post,0.0000,S,0,64,0.0
D,893344,quiet_post,0.0000,S,0,64,0.0
D,893440,quiet_post,0.0000,S,0,64,0.0
D,893536,quiet_post,0.0000,S,0,64,0.0
D,893632,quiet_post,0.0000,S,0,64,0.0
D,893726,quiet_post,0.0000,S,0,64,0.0
D,893822,quiet_post,0.0000,S,0,64,0.0
D,893917,quiet_post,0.0000,S,0,64,0.0
D,894013,quiet_post,0.0000,S,0,64,0.0
D,894109,quiet_post,0.0000,S,0,64,0.0
D,894205,quiet_post,0.0000,S,0,64,0.0
D,894301,quiet_post,0.0000,S,0,64,0.0
D,894397,quiet_post,0.0000,S,0,64,0.0
D,894493,quiet_post,0.0000,S,0,64,0.0
D,894586,quiet_post,0.0000,S,0,64,0.0
D,894682,quiet_post,0.0000,S,0,64,0.0
D,894778,quiet_post,0.0000,S,0,64,0.0
D,894874,quiet_post,0.0000,S,0,64,0.0
D,894970,quiet_post,0.0000,S,0,64,0.0
D,895066,quiet_post,0.0000,S,0,64,0.0
D,895161,quiet_post,0.0000,S,0,64,0.0
D,895257,quiet_post,0.0000,S,0,64,0.0
D,895353,quiet_post,0.0000,S,0,64,0.0
D,895447,quiet_post,0.0000,S,0,64,0.0
D,895543,quiet_post,0.0000,S,0,64,0.0
D,895639,quiet_post,0.0000,S,0,64,0.0
D,895735,quiet_post,0.0000,S,0,64,0.0
D,895830,quiet_post,0.0000,S,0,64,0.0
D,895926,quiet_post,0.0000,S,0,64,0.0
D,896022,quiet_post,0.0000,S,0,64,0.0
D,896118,quiet_post,0.0000,S,0,64,0.0
D,896214,quiet_post,0.0000,S,0,64,0.0
D,896308,quiet_post,0.0000,S,0,64,0.0
D,896403,quiet_post,0.0000,S,0,64,0.0
D,896499,quiet_post,0.0000,S,0,64,0.0
D,896595,quiet_post,0.0000,S,0,64,0.0
D,896691,quiet_post,0.0000,S,0,64,0.0
D,896787,quiet_post,0.0000,S,0,64,0.0
D,896883,quiet_post,0.0000,S,0,64,0.0
D,896979,quiet_post,0.0000,S,0,64,0.0
D,897074,quiet_post,0.0000,S,0,64,0.0
D,897170,quiet_post,0.0000,S,0,64,0.0
D,897264,quiet_post,0.0000,S,0,64,0.0
D,897360,quiet_post,0.0000,S,0,64,0.0
D,897456,quiet_post,0.0000,S,0,64,0.0
D,897552,quiet_post,0.0000,S,0,64,0.0
D,897647,quiet_post,0.0000,S,0,64,0.0
D,897743,quiet_post,0.0000,S,0,64,0.0
D,897839,quiet_post,0.0000,S,0,64,0.0
D,897935,quiet_post,0.0000,S,0,64,0.0
D,898031,quiet_post,0.0000,S,0,64,0.0
D,898125,quiet_post,0.0000,S,0,64,0.0
D,898220,quiet_post,0.0000,S,0,64,0.0
D,898316,quiet_post,0.0000,S,0,64,0.0
D,898412,quiet_post,0.0000,S,0,64,0.0
D,898508,quiet_post,0.0000,S,0,64,0.0
D,898604,quiet_post,0.0000,S,0,64,0.0
D,898700,quiet_post,0.0000,S,0,64,0.0
D,898796,quiet_post,0.0000,S,0,64,0.0
D,898891,quiet_post,0.0000,S,0,64,0.0
D,898985,quiet_post,0.0000,S,0,64,0.0
D,899081,quiet_post,0.0000,S,0,64,0.0
D,899177,quiet_post,0.0000,S,0,64,0.0
D,899273,quiet_post,0.0000,S,0,64,0.0
D,899369,quiet_post,0.0000,S,0,64,0.0
D,899464,quiet_post,0.0000,S,0,64,0.0
D,899560,quiet_post,0.0000,S,0,64,0.0
D,899656,quiet_post,0.0000,S,0,64,0.0
D,899752,quiet_post,0.0000,S,0,64,0.0
D,899848,quiet_post,0.0000,S,0,64,0.0
D,899942,quiet_post,0.0000,S,0,64,0.0
D,900038,quiet_post,0.0000,S,0,64,0.0
D,900133,quiet_post,0.0000,S,0,64,0.0
D,900229,quiet_post,0.0000,S,0,64,0.0
D,900325,quiet_post,0.0000,S,0,64,0.0
D,900421,quiet_post,0.0000,S,0,64,0.0
D,900517,quiet_post,0.0000,S,0,64,0.0
D,900613,quiet_post,0.0000,S,0,64,0.0
D,900708,quiet_post,0.0000,S,0,64,0.0
D,900802,quiet_post,0.0000,S,0,64,0.0
D,900898,quiet_post,0.0000,S,0,64,0.0
D,900994,quiet_post,0.0000,S,0,64,0.0
D,901090,quiet_post,0.0000,S,0,64,0.0
D,901186,quiet_post,0.0000,S,0,64,0.0
D,901282,quiet_post,0.0000,S,0,64,0.0
D,901377,quiet_post,0.0000,S,0,64,0.0
D,901473,quiet_post,0.0000,S,0,64,0.0
D,901569,quiet_post,0.0000,S,0,64,0.0
D,901663,quiet_post,0.0000,S,0,64,0.0
D,901759,quiet_post,0.0000,S,0,64,0.0
D,901855,quiet_post,0.0000,S,0,64,0.0
D,901950,quiet_post,0.0000,S,0,64,0.0
D,902046,quiet_post,0.0000,S,0,64,0.0
D,902142,quiet_post,0.0000,S,0,64,0.0
D,902238,quiet_post,0.0000,S,0,64,0.0
D,902334,quiet_post,0.0000,S,0,64,0.0
D,902430,quiet_post,0.0000,S,0,64,0.0
D,902524,quiet_post,0.0000,S,0,64,0.0
D,902620,quiet_post,0.0000,S,0,64,0.0
D,902715,quiet_post,0.0000,S,0,64,0.0
D,902811,quiet_post,0.0000,S,0,64,0.0
D,902907,quiet_post,0.0000,S,0,64,0.0
D,903003,quiet_post,0.0000,S,0,64,0.0
D,903099,quiet_post,0.0000,S,0,64,0.0
D,903194,quiet_post,0.0000,S,0,64,0.0
D,903290,quiet_post,0.0000,S,0,64,0.0
D,903386,quiet_post,0.0000,S,0,64,0.0
D,903480,quiet_post,0.0000,S,0,64,0.0
D,903576,quiet_post,0.0000,S,0,64,0.0
D,903672,quiet_post,0.0000,S,0,64,0.0
D,903768,quiet_post,0.0000,S,0,64,0.0
D,903863,quiet_post,0.0000,S,0,64,0.0
D,903964,quiet_post,0.0000,S,0,64,0.0
D,904055,quiet_post,0.0000,S,0,64,0.0
D,904151,quiet_post,0.0000,S,0,64,0.0
D,904247,quiet_post,0.0000,S,0,64,0.0
D,904341,quiet_post,0.0000,S,0,64,0.0
D,904437,quiet_post,0.0000,S,0,64,0.0
D,904532,quiet_post,0.0030,U,0,64,0.0
D,904628,quiet_post,0.0033,U,0,64,0.0
D,904724,quiet_post,0.0022,U,0,64,0.0
D,904820,quiet_post,0.0004,U,0,64,0.0
D,904916,quiet_post,-0.0003,U,0,64,0.0
D,905011,quiet_post,-0.0014,U,0,64,0.0
D,905107,quiet_post,-0.0011,U,0,64,0.0
D,905201,quiet_post,-0.0006,U,0,64,0.0
D,905297,quiet_post,-0.0003,U,0,64,0.0
D,905393,quiet_post,-0.0002,U,0,64,0.0
D,905489,quiet_post,-0.0001,U,0,64,0.0
D,905584,quiet_post,-0.0001,U,0,64,0.0
D,905679,quiet_post,0.0000,U,0,64,0.0
D,905775,quiet_post,0.0000,U,0,64,0.0
D,905871,quiet_post,0.0000,U,0,64,0.0
D,905968,quiet_post,0.0001,U,0,64,0.0
D,906064,quiet_post,0.0001,U,0,64,0.0
D,906158,quiet_post,0.0001,S,0,64,0.0
D,906254,quiet_post,0.0001,S,0,64,0.0
D,906350,quiet_post,0.0001,S,0,64,0.0
D,906445,quiet_post,0.0001,S,0,64,0.0
D,906540,quiet_post,0.0000,S,0,64,0.0
D,906636,quiet_post,0.0000,S,0,64,0.0
D,906732,quiet_post,0.0000,S,0,64,0.0
D,906828,quiet_post,0.0000,S,0,64,0.0
D,906924,quiet_post,0.0000,S,0,64,0.0
D,907017,quiet_post,0.0000,S,0,64,0.0
D,907113,quiet_post,0.0000,S,0,64,0.0
D,907209,quiet_post,0.0000,S,0,64,0.0
D,907305,quiet_post,0.0000,S,0,64,0.0
D,907401,quiet_post,0.0000,S,0,64,0.0
D,907497,quiet_post,0.0000,S,0,64,0.0
D,907593,quiet_post,0.0000,S,0,64,0.0
D,907688,quiet_post,0.0000,S,0,64,0.0
D,907784,quiet_post,0.0000,S,0,64,0.0
D,907878,quiet_post,0.0000,S,0,64,0.0
D,907974,quiet_post,0.0000,S,0,64,0.0
D,908070,quiet_post,0.0000,S,0,64,0.0
D,908166,quiet_post,0.0000,S,0,64,0.0
D,908262,quiet_post,0.0000,S,0,64,0.0
D,908358,quiet_post,0.0000,S,0,64,0.0
D,908453,quiet_post,0.0000,S,0,64,0.0
D,908549,quiet_post,0.0000,S,0,64,0.0
D,908645,quiet_post,0.0000,S,0,64,0.0
D,908739,quiet_post,0.0000,S,0,64,0.0
D,908835,quiet_post,0.0000,S,0,64,0.0
D,908931,quiet_post,0.0000,S,0,64,0.0
D,909027,quiet_post,0.0000,S,0,64,0.0
D,909122,quiet_post,0.0000,S,0,64,0.0
D,909218,quiet_post,0.0000,S,0,64,0.0
D,909314,quiet_post,0.0000,S,0,64,0.0
D,909410,quiet_post,0.0000,S,0,64,0.0
D,909506,quiet_post,0.0000,S,0,64,0.0
D,909602,quiet_post,0.0000,S,0,64,0.0
D,909696,quiet_post,0.0000,S,0,64,0.0
D,909792,quiet_post,0.0000,S,0,64,0.0
D,909887,quiet_post,0.0000,S,0,64,0.0
D,909983,quiet_post,0.0000,S,0,64,0.0
D,910079,quiet_post,0.0000,S,0,64,0.0
D,910175,quiet_post,0.0000,S,0,64,0.0
D,910271,quiet_post,0.0000,S,0,64,0.0
D,910367,quiet_post,0.0000,S,0,64,0.0
D,910462,quiet_post,0.0000,S,0,64,0.0
D,910557,quiet_post,0.0000,S,0,64,0.0
D,910652,quiet_post,0.0000,S,0,64,0.0
D,910748,quiet_post,0.0000,S,0,64,0.0
D,910844,quiet_post,0.0000,S,0,64,0.0
D,910940,quiet_post,0.0000,S,0,64,0.0
D,911036,quiet_post,0.0000,S,0,64,0.0
D,911132,quiet_post,0.0000,S,0,64,0.0
D,911228,quiet_post,0.0000,S,0,64,0.0
D,911323,quiet_post,0.0000,S,0,64,0.0
D,911417,quiet_post,0.0000,S,0,64,0.0
D,911513,quiet_post,0.0000,S,0,64,0.0
D,911609,quiet_post,0.0000,S,0,64,0.0
D,911705,quiet_post,0.0000,S,0,64,0.0
D,911801,quiet_post,0.0000,S,0,64,0.0
D,911897,quiet_post,0.0000,S,0,64,0.0
D,911992,quiet_post,0.0000,S,0,64,0.0
D,912088,quiet_post,0.0000,S,0,64,0.0
D,912184,quiet_post,0.0000,S,0,64,0.0
D,912280,quiet_post,0.0000,S,0,64,0.0
D,912374,quiet_post,0.0000,S,0,64,0.0
D,912470,quiet_post,0.0000,S,0,64,0.0
D,912565,quiet_post,0.0000,S,0,64,0.0
D,912662,quiet_post,0.0000,S,0,64,0.0
D,912757,quiet_post,0.0000,S,0,64,0.0
D,912853,quiet_post,0.0000,S,0,64,0.0
D,912949,quiet_post,0.0000,S,0,64,0.0
D,913045,quiet_post,0.0000,S,0,64,0.0
D,913141,quiet_post,0.0000,S,0,64,0.0
D,913234,quiet_post,0.0000,S,0,64,0.0
D,913330,quiet_post,0.0000,S,0,64,0.0
D,913426,quiet_post,0.0000,S,0,64,0.0
D,913522,quiet_post,0.0000,S,0,64,0.0
D,913618,quiet_post,0.0000,S,0,64,0.0
D,913714,quiet_post,0.0000,S,0,64,0.0
D,913810,quiet_post,0.0000,S,0,64,0.0
D,913906,quiet_post,0.0000,S,0,64,0.0
D,914001,quiet_post,0.0000,S,0,64,0.0
D,914095,quiet_post,0.0000,S,0,64,0.0
D,914191,quiet_post,0.0000,S,0,64,0.0
D,914287,quiet_post,0.0000,S,0,64,0.0
D,914383,quiet_post,0.0000,S,0,64,0.0
D,914479,quiet_post,0.0000,S,0,64,0.0
D,914574,quiet_post,0.0000,S,0,64,0.0
D,914670,quiet_post,0.0000,S,0,64,0.0
D,914766,quiet_post,0.0000,S,0,64,0.0
D,914862,quiet_post,0.0000,S,0,64,0.0
D,914956,quiet_post,0.0000,S,0,64,0.0
D,915052,quiet_post,0.0000,S,0,64,0.0
D,915147,quiet_post,0.0000,S,0,64,0.0
D,915243,quiet_post,0.0000,S,0,64,0.0
D,915339,quiet_post,0.0000,S,0,64,0.0
D,915435,quiet_post,0.0000,S,0,64,0.0
D,915531,quiet_post,0.0000,S,0,64,0.0
D,915627,quiet_post,0.0000,S,0,64,0.0
D,915723,quiet_post,0.0000,S,0,64,0.0
D,915818,quiet_post,0.0000,S,0,64,0.0
D,915912,quiet_post,0.0000,S,0,64,0.0
D,916008,quiet_post,0.0000,S,0,64,0.0
D,916104,quiet_post,0.0000,S,0,64,0.0
D,916200,quiet_post,0.0000,S,0,64,0.0
D,916296,quiet_post,0.0000,S,0,64,0.0
D,916398,quiet_post,0.0000,S,0,64,0.0
D,916487,quiet_post,0.0000,S,0,64,0.0
D,916583,quiet_post,0.0000,S,0,64,0.0
D,916679,quiet_post,0.0000,S,0,64,0.0
D,916773,quiet_post,0.0000,S,0,64,0.0
D,916869,quiet_post,0.0000,S,0,64,0.0
D,916964,quiet_post,0.0000,S,0,64,0.0
D,917060,quiet_post,0.0000,S,0,64,0.0
D,917156,quiet_post,0.0000,S,0,64,0.0
D,917252,quiet_post,0.0000,S,0,64,0.0
D,917348,quiet_post,0.0000,S,0,64,0.0
D,917444,quiet_post,0.0000,S,0,64,0.0
D,917540,quiet_post,0.0000,S,0,64,0.0
D,917633,quiet_post,0.0000,S,0,64,0.0
D,917729,quiet_post,0.0000,S,0,64,0.0
D,917825,quiet_post,0.0000,S,0,64,0.0
D,917921,quiet_post,0.0000,S,0,64,0.0
D,918017,quiet_post,0.0000,S,0,64,0.0
D,918113,quiet_post,0.0000,S,0,64,0.0
D,918208,quiet_post,0.0000,S,0,64,0.0
D,918304,quiet_post,0.0000,S,0,64,0.0
D,918400,quiet_post,0.0000,S,0,64,0.0
D,918496,quiet_post,0.0000,S,0,64,0.0
D,918590,quiet_post,0.0000,S,0,64,0.0
D,918686,quiet_post,0.0000,S,0,64,0.0
D,918782,quiet_post,0.0000,S,0,64,0.0
D,918877,quiet_post,0.0000,S,0,64,0.0
D,918973,quiet_post,0.0000,S,0,64,0.0
D,919069,quiet_post,0.0000,S,0,64,0.0
D,919165,quiet_post,0.0000,S,0,64,0.0
D,919261,quiet_post,0.0000,S,0,64,0.0
D,919357,quiet_post,0.0000,S,0,64,0.0
D,919450,quiet_post,0.0000,S,0,64,0.0
D,919546,quiet_post,0.0000,S,0,64,0.0
D,919642,quiet_post,0.0000,S,0,64,0.0
D,919738,quiet_post,0.0000,S,0,64,0.0
D,919834,quiet_post,0.0000,S,0,64,0.0
D,919930,quiet_post,0.0000,S,0,64,0.0
D,920026,quiet_post,0.0000,S,0,64,0.0
D,920121,quiet_post,0.0000,S,0,64,0.0
D,920217,quiet_post,0.0000,S,0,64,0.0
D,920311,quiet_post,0.0000,S,0,64,0.0
D,920407,quiet_post,0.0000,S,0,64,0.0
D,920503,quiet_post,0.0000,S,0,64,0.0
D,920599,quiet_post,0.0000,S,0,64,0.0
D,920695,quiet_post,0.0000,S,0,64,0.0
D,920790,quiet_post,0.0000,S,0,64,0.0
D,920886,quiet_post,0.0000,S,0,64,0.0
D,920982,quiet_post,0.0000,S,0,64,0.0
D,921078,quiet_post,0.0000,S,0,64,0.0
D,921172,quiet_post,0.0000,S,0,64,0.0
D,921267,quiet_post,0.0000,S,0,64,0.0
D,921363,quiet_post,0.0000,S,0,64,0.0
D,921459,quiet_post,0.0000,S,0,64,0.0
D,921555,quiet_post,0.0000,S,0,64,0.0
D,921651,quiet_post,0.0000,S,0,64,0.0
D,921747,quiet_post,0.0000,S,0,64,0.0
D,921843,quiet_post,0.0000,S,0,64,0.0
D,921938,quiet_post,0.0000,S,0,64,0.0
D,922034,quiet_post,0.0000,S,0,64,0.0
D,922128,quiet_post,0.0000,S,0,64,0.0
D,922224,quiet_post,0.0000,S,0,64,0.0
D,922320,quiet_post,0.0000,S,0,64,0.0
D,922416,quiet_post,0.0000,S,0,64,0.0
D,922512,quiet_post,0.0000,S,0,64,0.0
D,922608,quiet_post,0.0000,S,0,64,0.0
D,922703,quiet_post,0.0000,S,0,64,0.0
D,922799,quiet_post,0.0000,S,0,64,0.0
D,922895,quiet_post,0.0000,S,0,64,0.0
D,922989,quiet_post,0.0000,S,0,64,0.0
D,923085,quiet_post,0.0000,S,0,64,0.0
D,923180,quiet_post,0.0000,S,0,64,0.0
D,923277,quiet_post,0.0000,S,0,64,0.0
D,923372,quiet_post,0.0000,S,0,64,0.0
D,923468,quiet_post,0.0000,S,0,64,0.0
D,923564,quiet_post,0.0000,S,0,64,0.0
D,923660,quiet_post,0.0000,S,0,64,0.0
D,923756,quiet_post,0.0000,S,0,64,0.0
D,923849,quiet_post,0.0000,S,0,64,0.0
D,923945,quiet_post,0.0000,S,0,64,0.0
D,924041,quiet_post,0.0000,S,0,64,0.0
D,924137,quiet_post,0.0000,S,0,64,0.0
D,924233,quiet_post,0.0000,S,0,64,0.0
D,924329,quiet_post,0.0000,S,0,64,0.0
D,924425,quiet_post,0.0000,S,0,64,0.0
D,924521,quiet_post,0.0000,S,0,64,0.0
D,924616,quiet_post,0.0000,S,0,64,0.0
D,924710,quiet_post,0.0000,S,0,64,0.0
D,924806,quiet_post,0.0000,S,0,64,0.0
D,924902,quiet_post,0.0000,S,0,64,0.0
D,924998,quiet_post,0.0000,S,0,64,0.0
D,925094,quiet_post,0.0000,S,0,64,0.0
D,925189,quiet_post,0.0000,S,0,64,0.0
D,925285,quiet_post,0.0000,S,0,64,0.0
D,925381,quiet_post,0.0000,S,0,64,0.0
D,925477,quiet_post,0.0000,S,0,64,0.0
D,925573,quiet_post,0.0000,S,0,64,0.0
D,925667,quiet_post,0.0000,S,0,64,0.0
D,925762,quiet_post,0.0000,S,0,64,0.0
D,925858,quiet_post,0.0000,S,0,64,0.0
D,925954,quiet_post,0.0000,S,0,64,0.0
D,926050,quiet_post,0.0000,S,0,64,0.0
D,926146,quiet_post,0.0000,S,0,64,0.0
D,926242,quiet_post,0.0000,S,0,64,0.0
D,926337,quiet_post,0.0000,S,0,64,0.0
D,926433,quiet_post,0.0000,S,0,64,0.0
D,926527,quiet_post,0.0000,S,0,64,0.0
D,926623,quiet_post,0.0000,S,0,64,0.0
D,926719,quiet_post,0.0000,S,0,64,0.0
D,926815,quiet_post,0.0000,S,0,64,0.0
D,926911,quiet_post,0.0000,S,0,64,0.0
D,927006,quiet_post,0.0000,S,0,64,0.0
D,927102,quiet_post,0.0000,S,0,64,0.0
D,927198,quiet_post,0.0000,S,0,64,0.0
D,927294,quiet_post,0.0000,S,0,64,0.0
D,927388,quiet_post,0.0000,S,0,64,0.0
D,927484,quiet_post,0.0000,S,0,64,0.0
D,927579,quiet_post,0.0000,S,0,64,0.0
D,927675,quiet_post,0.0000,S,0,64,0.0
D,927771,quiet_post,0.0000,S,0,64,0.0
D,927867,quiet_post,0.0000,S,0,64,0.0
D,927963,quiet_post,0.0000,S,0,64,0.0
D,928059,quiet_post,0.0000,S,0,64,0.0
D,928155,quiet_post,0.0000,S,0,64,0.0
D,928250,quiet_post,0.0000,S,0,64,0.0
D,928344,quiet_post,0.0000,S,0,64,0.0
D,928440,quiet_post,0.0000,S,0,64,0.0
D,928536,quiet_post,0.0000,S,0,64,0.0
D,928632,quiet_post,0.0000,S,0,64,0.0
D,928728,quiet_post,0.0000,S,0,64,0.0
D,928829,quiet_post,0.0000,S,0,64,0.0
D,928919,quiet_post,0.0000,S,0,64,0.0
D,929015,quiet_post,0.0000,S,0,64,0.0
D,929111,quiet_post,0.0000,S,0,64,0.0
D,929205,quiet_post,0.0000,S,0,64,0.0
D,929301,quiet_post,0.0000,S,0,64,0.0
D,929397,quiet_post,0.0000,S,0,64,0.0
D,929492,quiet_post,0.0000,S,0,64,0.0
D,929588,quiet_post,0.0000,S,0,64,0.0
D,929684,quiet_post,0.0000,S,0,64,0.0
D,929780,quiet_post,0.0000,S,0,64,0.0
D,929876,quiet_post,0.0000,S,0,64,0.0
D,929972,quiet_post,0.0000,S,0,64,0.0
D,930065,quiet_post,0.0000,S,0,64,0.0
D,930161,quiet_post,0.0000,S,0,64,0.0
D,930257,quiet_post,0.0000,S,0,64,0.0
D,930353,quiet_post,0.0000,S,0,64,0.0
D,930449,quiet_post,0.0000,S,0,64,0.0
D,930545,quiet_post,0.0000,S,0,64,0.0
D,930641,quiet_post,0.0000,S,0,64,0.0
D,930736,quiet_post,0.0000,S,0,64,0.0
D,930832,quiet_post,0.0000,S,0,64,0.0
D,930926,quiet_post,0.0000,S,0,64,0.0
D,931022,quiet_post,0.0000,S,0,64,0.0
D,931118,quiet_post,0.0000,S,0,64,0.0
D,931214,quiet_post,0.0000,S,0,64,0.0
D,931309,quiet_post,0.0000,S,0,64,0.0
D,931405,quiet_post,0.0000,S,0,64,0.0
D,931501,quiet_post,0.0000,S,0,64,0.0
D,931597,quiet_post,0.0000,S,0,64,0.0
D,931693,quiet_post,0.0000,S,0,64,0.0
D,931789,quiet_post,0.0000,S,0,64,0.0
D,931882,quiet_post,0.0000,S,0,64,0.0
D,931978,quiet_post,0.0000,S,0,64,0.0
D,932074,quiet_post,0.0000,S,0,64,0.0
D,932170,quiet_post,0.0000,S,0,64,0.0
D,932266,quiet_post,0.0000,S,0,64,0.0
D,932362,quiet_post,0.0000,S,0,64,0.0
D,932458,quiet_post,0.0000,S,0,64,0.0
D,932553,quiet_post,0.0000,S,0,64,0.0
D,932649,quiet_post,0.0000,S,0,64,0.0
D,932743,quiet_post,0.0000,S,0,64,0.0
D,932839,quiet_post,0.0000,S,0,64,0.0
D,932935,quiet_post,0.0000,S,0,64,0.0
D,933031,quiet_post,0.0000,S,0,64,0.0
D,933127,quiet_post,0.0000,S,0,64,0.0
D,933222,quiet_post,0.0000,S,0,64,0.0
D,933318,quiet_post,0.0000,S,0,64,0.0
D,933414,quiet_post,0.0000,S,0,64,0.0
D,933510,quiet_post,0.0000,S,0,64,0.0
D,933604,quiet_post,0.0000,S,0,64,0.0
D,933700,quiet_post,0.0000,S,0,64,0.0
D,933795,quiet_post,0.0000,S,0,64,0.0
D,933891,quiet_post,0.0000,S,0,64,0.0
D,933987,quiet_post,0.0000,S,0,64,0.0
D,934083,quiet_post,0.0000,S,0,64,0.0
D,934179,quiet_post,0.0000,S,0,64,0.0
D,934275,quiet_post,0.0000,S,0,64,0.0
D,934370,quiet_post,0.0000,S,0,64,0.0
D,934467,quiet_post,0.0000,S,0,64,0.0
D,934560,quiet_post,0.0000,S,0,64,0.0
D,934656,quiet_post,0.0000,S,0,64,0.0
D,934752,quiet_post,0.0000,S,0,64,0.0
D,934848,quiet_post,0.0000,S,0,64,0.0
D,934944,quiet_post,0.0000,S,0,64,0.0
D,935040,quiet_post,0.0000,S,0,64,0.0
D,935135,quiet_post,0.0000,S,0,64,0.0
D,935231,quiet_post,0.0000,S,0,64,0.0
D,935327,quiet_post,0.0000,S,0,64,0.0
D,935421,quiet_post,0.0000,S,0,64,0.0
D,935517,quiet_post,0.0000,S,0,64,0.0
D,935612,quiet_post,0.0000,S,0,64,0.0
D,935708,quiet_post,0.0000,S,0,64,0.0
D,935804,quiet_post,0.0000,S,0,64,0.0
D,935900,quiet_post,0.0000,S,0,64,0.0
D,935996,quiet_post,0.0000,S,0,64,0.0
D,936092,quiet_post,0.0000,S,0,64,0.0
D,936188,quiet_post,0.0000,S,0,64,0.0
D,936281,quiet_post,0.0000,S,0,64,0.0
D,936377,quiet_post,0.0000,S,0,64,0.0
D,936473,quiet_post,0.0000,S,0,64,0.0
D,936569,quiet_post,0.0000,S,0,64,0.0
D,936665,quiet_post,0.0000,S,0,64,0.0
D,936761,quiet_post,0.0000,S,0,64,0.0
D,936857,quiet_post,0.0000,S,0,64,0.0
D,936952,quiet_post,0.0000,S,0,64,0.0
D,937048,quiet_post,0.0000,S,0,64,0.0
D,937142,quiet_post,0.0000,S,0,64,0.0
D,937238,quiet_post,0.0000,S,0,64,0.0
D,937334,quiet_post,0.0000,S,0,64,0.0
D,937430,quiet_post,0.0000,S,0,64,0.0
D,937526,quiet_post,0.0000,S,0,64,0.0
D,937621,quiet_post,0.0000,S,0,64,0.0
D,937717,quiet_post,0.0000,S,0,64,0.0
D,937813,quiet_post,0.0000,S,0,64,0.0
D,937909,quiet_post,0.0000,S,0,64,0.0
D,938005,quiet_post,0.0000,S,0,64,0.0
D,938099,quiet_post,0.0000,S,0,64,0.0
D,938194,quiet_post,0.0000,S,0,64,0.0
D,938290,quiet_post,0.0000,S,0,64,0.0
D,938386,quiet_post,0.0000,S,0,64,0.0
D,938482,quiet_post,0.0000,S,0,64,0.0
D,938578,quiet_post,0.0000,S,0,64,0.0
D,938674,quiet_post,0.0000,S,0,64,0.0
D,938770,quiet_post,0.0000,S,0,64,0.0
D,938865,quiet_post,0.0000,S,0,64,0.0
D,938959,quiet_post,0.0000,S,0,64,0.0
D,939055,quiet_post,0.0000,S,0,64,0.0
D,939151,quiet_post,0.0000,S,0,64,0.0
D,939247,quiet_post,0.0000,S,0,64,0.0
D,939343,quiet_post,0.0000,S,0,64,0.0
D,939438,quiet_post,0.0000,S,0,64,0.0
D,939534,quiet_post,0.0000,S,0,64,0.0
D,939630,quiet_post,0.0000,S,0,64,0.0
D,939726,quiet_post,0.0000,S,0,64,0.0
D,939820,quiet_post,0.0000,S,0,64,0.0
D,939916,quiet_post,0.0000,S,0,64,0.0
D,940012,quiet_post,0.0000,S,0,64,0.0
D,940107,quiet_post,0.0000,S,0,64,0.0
D,940203,quiet_post,0.0000,S,0,64,0.0
D,940299,quiet_post,0.0000,S,0,64,0.0
D,940395,quiet_post,0.0000,S,0,64,0.0
D,940491,quiet_post,0.0000,S,0,64,0.0
D,940587,quiet_post,0.0000,S,0,64,0.0
D,940682,quiet_post,0.0000,S,0,64,0.0
D,940776,quiet_post,0.0000,S,0,64,0.0
D,940872,quiet_post,0.0000,S,0,64,0.0
D,940968,quiet_post,0.0000,S,0,64,0.0
D,941064,quiet_post,0.0000,S,0,64,0.0
D,941160,quiet_post,0.0000,S,0,64,0.0
D,941261,quiet_post,0.0000,S,0,64,0.0
D,941351,quiet_post,0.0000,S,0,64,0.0
D,941447,quiet_post,0.0000,S,0,64,0.0
D,941543,quiet_post,0.0000,S,0,64,0.0
D,941637,quiet_post,0.0000,S,0,64,0.0
D,941733,quiet_post,0.0000,S,0,64,0.0
D,941829,quiet_post,0.0000,S,0,64,0.0
D,941924,quiet_post,0.0000,S,0,64,0.0
D,942020,quiet_post,0.0000,S,0,64,0.0
D,942116,quiet_post,0.0000,S,0,64,0.0
D,942212,quiet_post,0.0000,S,0,64,0.0
D,942308,quiet_post,0.0000,S,0,64,0.0
D,942404,quiet_post,0.0000,S,0,64,0.0
D,942497,quiet_post,0.0000,S,0,64,0.0
D,942593,quiet_post,0.0000,S,0,64,0.0
D,942689,quiet_post,0.0000,S,0,64,0.0
D,942785,quiet_post,0.0000,S,0,64,0.0
D,942881,quiet_post,0.0000,S,0,64,0.0
D,942977,quiet_post,0.0000,S,0,64,0.0
D,943073,quiet_post,0.0000,S,0,64,0.0
D,943168,quiet_post,0.0000,S,0,64,0.0
D,943264,quiet_post,0.0000,S,0,64,0.0
D,943358,quiet_post,0.0000,S,0,64,0.0
D,943454,quiet_post,0.0000,S,0,64,0.0
D,943550,quiet_post,0.0000,S,0,64,0.0
D,943646,quiet_post,0.0000,S,0,64,0.0
D,943742,quiet_post,0.0000,S,0,64,0.0
D,943837,quiet_post,0.0000,S,0,64,0.0
D,943933,quiet_post,0.0000,S,0,64,0.0
D,944029,quiet_post,0.0000,S,0,64,0.0
D,944125,quiet_post,0.0000,S,0,64,0.0
D,944221,quiet_post,0.0000,S,0,64,0.0
D,944315,quiet_post,0.0000,S,0,64,0.0
D,944411,quiet_post,0.0000,S,0,64,0.0
D,944506,quiet_post,0.0000,S,0,64,0.0
D,944602,quiet_post,0.0000,S,0,64,0.0
D,944698,quiet_post,0.0000,S,0,64,0.0
D,944794,quiet_post,0.0000,S,0,64,0.0
D,944890,quiet_post,0.0000,S,0,64,0.0
D,944985,quiet_post,0.0000,S,0,64,0.0
D,945081,quiet_post,0.0000,S,0,64,0.0
D,945175,quiet_post,0.0000,S,0,64,0.0
D,945271,quiet_post,0.0000,S,0,64,0.0
D,945367,quiet_post,0.0000,S,0,64,0.0
D,945463,quiet_post,0.0000,S,0,64,0.0
D,945559,quiet_post,0.0000,S,0,64,0.0
D,945655,quiet_post,0.0000,S,0,64,0.0
D,945750,quiet_post,0.0000,S,0,64,0.0
D,945846,quiet_post,0.0000,S,0,64,0.0
D,945942,quiet_post,0.0000,S,0,64,0.0
D,946036,quiet_post,0.0000,S,0,64,0.0
D,946132,quiet_post,0.0000,S,0,64,0.0
D,946228,quiet_post,0.0000,S,0,64,0.0
D,946323,quiet_post,0.0000,S,0,64,0.0
D,946419,quiet_post,0.0000,S,0,64,0.0
D,946515,quiet_post,0.0000,S,0,64,0.0
D,946611,quiet_post,0.0000,S,0,64,0.0
D,946707,quiet_post,0.0000,S,0,64,0.0
D,946803,quiet_post,0.0000,S,0,64,0.0
D,946896,quiet_post,0.0000,S,0,64,0.0
D,946992,quiet_post,0.0000,S,0,64,0.0
D,947088,quiet_post,0.0000,S,0,64,0.0
D,947184,quiet_post,0.0000,S,0,64,0.0
D,947280,quiet_post,0.0000,S,0,64,0.0
D,947376,quiet_post,0.0000,S,0,64,0.0
D,947471,quiet_post,0.0000,S,0,64,0.0
D,947568,quiet_post,0.0000,S,0,64,0.0
D,947663,quiet_post,0.0000,S,0,64,0.0
D,947759,quiet_post,0.0000,S,0,64,0.0
D,947853,quiet_post,0.0000,S,0,64,0.0
D,947949,quiet_post,0.0000,S,0,64,0.0
D,948045,quiet_post,0.0000,S,0,64,0.0
D,948141,quiet_post,0.0000,S,0,64,0.0
D,948236,quiet_post,0.0000,S,0,64,0.0
D,948332,quiet_post,0.0000,S,0,64,0.0
D,948428,quiet_post,0.0000,S,0,64,0.0
D,948524,quiet_post,0.0000,S,0,64,0.0
D,948620,quiet_post,0.0000,S,0,64,0.0
D,948714,quiet_post,0.0000,S,0,64,0.0
D,948809,quiet_post,0.0000,S,0,64,0.0
D,948905,quiet_post,0.0000,S,0,64,0.0
D,949001,quiet_post,0.0000,S,0,64,0.0
D,949097,quiet_post,0.0000,S,0,64,0.0
D,949193,quiet_post,0.0000,S,0,64,0.0
D,949289,quiet_post,0.0000,S,0,64,0.0
E,949351,BLOCK_END,quiet_post
P,949385,ref_end,0.0000
P,949863,ref_end,0.0000
P,950342,ref_end,0.0000
E,950743,battery complete
SUMMARY,taps_total=64
SESSION_END
