t_ms,block,mass_g,flag,rpm,taps,servo_deg,dev_mg
1679,quiet_pre,0.0,S,0.0,0,0.0,0.0
1775,quiet_pre,0.0,S,0.0,0,0.0,0.0
1871,quiet_pre,0.0,S,0.0,0,0.0,0.0
1966,quiet_pre,0.0,S,0.0,0,0.0,0.0
2062,quiet_pre,0.0,S,0.0,0,0.0,0.0
2158,quiet_pre,0.0,S,0.0,0,0.0,0.0
2254,quiet_pre,0.0,S,0.0,0,0.0,0.0
2348,quiet_pre,0.0,S,0.0,0,0.0,0.0
2443,quiet_pre,0.0,S,0.0,0,0.0,0.0
2539,quiet_pre,0.0,S,0.0,0,0.0,0.0
2635,quiet_pre,0.0,S,0.0,0,0.0,0.0
2732,quiet_pre,0.0,S,0.0,0,0.0,0.0
2827,quiet_pre,0.0,S,0.0,0,0.0,0.0
2923,quiet_pre,0.0,S,0.0,0,0.0,0.0
3019,quiet_pre,0.0,S,0.0,0,0.0,0.0
3114,quiet_pre,0.0,S,0.0,0,0.0,0.0
3208,quiet_pre,0.0,S,0.0,0,0.0,0.0
3304,quiet_pre,0.0,S,0.0,0,0.0,0.0
3400,quiet_pre,0.0,S,0.0,0,0.0,0.0
3496,quiet_pre,0.0,S,0.0,0,0.0,0.0
3592,quiet_pre,0.0,S,0.0,0,0.0,0.0
3688,quiet_pre,0.0,S,0.0,0,0.0,0.0
3783,quiet_pre,0.0,S,0.0,0,0.0,0.0
3879,quiet_pre,0.0,S,0.0,0,0.0,0.0
3975,quiet_pre,0.0,S,0.0,0,0.0,0.0
4071,quiet_pre,0.0,S,0.0,0,0.0,0.0
4165,quiet_pre,0.0,S,0.0,0,0.0,0.0
4261,quiet_pre,0.0,S,0.0,0,0.0,0.0
4356,quiet_pre,0.0,S,0.0,0,0.0,0.0
4452,quiet_pre,0.0,S,0.0,0,0.0,0.0
4548,quiet_pre,0.0,S,0.0,0,0.0,0.0
4644,quiet_pre,0.0,S,0.0,0,0.0,0.0
4740,quiet_pre,0.0,S,0.0,0,0.0,0.0
4836,quiet_pre,0.0,S,0.0,0,0.0,0.0
4932,quiet_pre,0.0,S,0.0,0,0.0,0.0
5025,quiet_pre,0.0,S,0.0,0,0.0,0.0
5121,quiet_pre,0.0,S,0.0,0,0.0,0.0
5217,quiet_pre,0.0,S,0.0,0,0.0,0.0
5313,quiet_pre,0.0,S,0.0,0,0.0,0.0
5409,quiet_pre,0.0,S,0.0,0,0.0,0.0
5505,quiet_pre,0.0,S,0.0,0,0.0,0.0
5600,quiet_pre,0.0,S,0.0,0,0.0,0.0
5696,quiet_pre,0.0,S,0.0,0,0.0,0.0
5792,quiet_pre,0.0,S,0.0,0,0.0,0.0
5886,quiet_pre,0.0,S,0.0,0,0.0,0.0
5982,quiet_pre,0.0,S,0.0,0,0.0,0.0
6078,quiet_pre,0.0,S,0.0,0,0.0,0.0
6174,quiet_pre,0.0,S,0.0,0,0.0,0.0
6269,quiet_pre,0.0,S,0.0,0,0.0,0.0
6365,quiet_pre,0.0,S,0.0,0,0.0,0.0
6461,quiet_pre,0.0,S,0.0,0,0.0,0.0
6557,quiet_pre,0.0,S,0.0,0,0.0,0.0
6653,quiet_pre,0.0,S,0.0,0,0.0,0.0
6749,quiet_pre,0.0,S,0.0,0,0.0,0.0
6842,quiet_pre,0.0,S,0.0,0,0.0,0.0
6938,quiet_pre,0.0,S,0.0,0,0.0,0.0
7034,quiet_pre,0.0,S,0.0,0,0.0,0.0
7130,quiet_pre,0.0,S,0.0,0,0.0,0.0
7226,quiet_pre,0.0,S,0.0,0,0.0,0.0
7322,quiet_pre,0.0,S,0.0,0,0.0,0.0
7418,quiet_pre,0.0,S,0.0,0,0.0,0.0
7513,quiet_pre,0.0,S,0.0,0,0.0,0.0
7609,quiet_pre,0.0,S,0.0,0,0.0,0.0
7703,quiet_pre,0.0,S,0.0,0,0.0,0.0
7799,quiet_pre,0.0,S,0.0,0,0.0,0.0
7895,quiet_pre,0.0,S,0.0,0,0.0,0.0
7991,quiet_pre,0.0,S,0.0,0,0.0,0.0
8086,quiet_pre,0.0,S,0.0,0,0.0,0.0
8182,quiet_pre,0.0,S,0.0,0,0.0,0.0
8278,quiet_pre,0.0,S,0.0,0,0.0,0.0
8374,quiet_pre,0.0,S,0.0,0,0.0,0.0
8470,quiet_pre,0.0,S,0.0,0,0.0,0.0
8564,quiet_pre,0.0,S,0.0,0,0.0,0.0
8659,quiet_pre,0.0,S,0.0,0,0.0,0.0
8756,quiet_pre,0.0,S,0.0,0,0.0,0.0
8851,quiet_pre,0.0,S,0.0,0,0.0,0.0
8947,quiet_pre,0.0,S,0.0,0,0.0,0.0
9043,quiet_pre,0.0,S,0.0,0,0.0,0.0
9139,quiet_pre,0.0,S,0.0,0,0.0,0.0
9235,quiet_pre,0.0,S,0.0,0,0.0,0.0
9330,quiet_pre,0.0,S,0.0,0,0.0,0.0
9424,quiet_pre,0.0,S,0.0,0,0.0,0.0
9520,quiet_pre,0.0,S,0.0,0,0.0,0.0
9616,quiet_pre,0.0,S,0.0,0,0.0,0.0
9718,quiet_pre,0.0,S,0.0,0,0.0,0.0
9808,quiet_pre,0.0,S,0.0,0,0.0,0.0
9903,quiet_pre,0.0,S,0.0,0,0.0,0.0
9999,quiet_pre,0.0,S,0.0,0,0.0,0.0
10095,quiet_pre,0.0,S,0.0,0,0.0,0.0
10191,quiet_pre,0.0,S,0.0,0,0.0,0.0
10287,quiet_pre,0.0,S,0.0,0,0.0,0.0
10381,quiet_pre,0.0,S,0.0,0,0.0,0.0
10477,quiet_pre,0.0,S,0.0,0,0.0,0.0
10572,quiet_pre,0.0,S,0.0,0,0.0,0.0
10668,quiet_pre,0.0,S,0.0,0,0.0,0.0
10764,quiet_pre,0.0,S,0.0,0,0.0,0.0
10860,quiet_pre,0.0,S,0.0,0,0.0,0.0
10956,quiet_pre,0.0,S,0.0,0,0.0,0.0
11052,quiet_pre,0.0,S,0.0,0,0.0,0.0
11148,quiet_pre,0.0,S,0.0,0,0.0,0.0
11241,quiet_pre,0.0,S,0.0,0,0.0,0.0
11337,quiet_pre,0.0,S,0.0,0,0.0,0.0
11433,quiet_pre,0.0,S,0.0,0,0.0,0.0
11529,quiet_pre,0.0,S,0.0,0,0.0,0.0
11625,quiet_pre,0.0,S,0.0,0,0.0,0.0
11721,quiet_pre,0.0,S,0.0,0,0.0,0.0
11817,quiet_pre,0.0,S,0.0,0,0.0,0.0
11912,quiet_pre,0.0,S,0.0,0,0.0,0.0
12008,quiet_pre,0.0,S,0.0,0,0.0,0.0
12102,quiet_pre,0.0,S,0.0,0,0.0,0.0
12198,quiet_pre,0.0,S,0.0,0,0.0,0.0
12294,quiet_pre,0.0,S,0.0,0,0.0,0.0
12390,quiet_pre,0.0,S,0.0,0,0.0,0.0
12486,quiet_pre,0.0,S,0.0,0,0.0,0.0
12581,quiet_pre,0.0,S,0.0,0,0.0,0.0
12677,quiet_pre,0.0,S,0.0,0,0.0,0.0
12773,quiet_pre,0.0,S,0.0,0,0.0,0.0
12869,quiet_pre,0.0,S,0.0,0,0.0,0.0
12965,quiet_pre,0.0,S,0.0,0,0.0,0.0
13058,quiet_pre,0.0,S,0.0,0,0.0,0.0
13154,quiet_pre,0.0,S,0.0,0,0.0,0.0
13250,quiet_pre,0.0,S,0.0,0,0.0,0.0
13346,quiet_pre,0.0,S,0.0,0,0.0,0.0
13442,quiet_pre,0.0,S,0.0,0,0.0,0.0
13538,quiet_pre,0.0,S,0.0,0,0.0,0.0
13634,quiet_pre,0.0,S,0.0,0,0.0,0.0
13729,quiet_pre,0.0,S,0.0,0,0.0,0.0
13825,quiet_pre,0.0,S,0.0,0,0.0,0.0
13919,quiet_pre,0.0,S,0.0,0,0.0,0.0
14015,quiet_pre,0.0,S,0.0,0,0.0,0.0
14111,quiet_pre,0.0,S,0.0,0,0.0,0.0
14207,quiet_pre,0.0,S,0.0,0,0.0,0.0
14303,quiet_pre,0.0,S,0.0,0,0.0,0.0
14398,quiet_pre,0.0,S,0.0,0,0.0,0.0
14494,quiet_pre,0.0,S,0.0,0,0.0,0.0
14590,quiet_pre,0.0,S,0.0,0,0.0,0.0
14686,quiet_pre,0.0,S,0.0,0,0.0,0.0
14780,quiet_pre,0.0,S,0.0,0,0.0,0.0
14875,quiet_pre,0.0,S,0.0,0,0.0,0.0
14971,quiet_pre,0.0,S,0.0,0,0.0,0.0
15067,quiet_pre,0.0,S,0.0,0,0.0,0.0
15163,quiet_pre,0.0,S,0.0,0,0.0,0.0
15259,quiet_pre,0.0,S,0.0,0,0.0,0.0
15355,quiet_pre,0.0,S,0.0,0,0.0,0.0
15451,quiet_pre,0.0,S,0.0,0,0.0,0.0
15547,quiet_pre,0.0,S,0.0,0,0.0,0.0
15640,quiet_pre,0.0,S,0.0,0,0.0,0.0
15736,quiet_pre,0.0,S,0.0,0,0.0,0.0
15832,quiet_pre,0.0,S,0.0,0,0.0,0.0
15928,quiet_pre,0.0,S,0.0,0,0.0,0.0
16024,quiet_pre,0.0,S,0.0,0,0.0,0.0
16119,quiet_pre,0.0,S,0.0,0,0.0,0.0
16215,quiet_pre,0.0,S,0.0,0,0.0,0.0
16311,quiet_pre,0.0,S,0.0,0,0.0,0.0
16407,quiet_pre,0.0,S,0.0,0,0.0,0.0
16503,quiet_pre,0.0,S,0.0,0,0.0,0.0
16597,quiet_pre,0.0,S,0.0,0,0.0,0.0
16693,quiet_pre,0.0,S,0.0,0,0.0,0.0
16788,quiet_pre,0.0,S,0.0,0,0.0,0.0
16884,quiet_pre,0.0,S,0.0,0,0.0,0.0
16980,quiet_pre,0.0,S,0.0,0,0.0,0.0
17076,quiet_pre,0.0,S,0.0,0,0.0,0.0
17172,quiet_pre,0.0,S,0.0,0,0.0,0.0
17268,quiet_pre,0.0,S,0.0,0,0.0,0.0
17364,quiet_pre,0.0,S,0.0,0,0.0,0.0
17457,quiet_pre,0.0,S,0.0,0,0.0,0.0
17553,quiet_pre,0.0,S,0.0,0,0.0,0.0
17649,quiet_pre,0.0,S,0.0,0,0.0,0.0
17745,quiet_pre,0.0,S,0.0,0,0.0,0.0
17841,quiet_pre,0.0,S,0.0,0,0.0,0.0
17937,quiet_pre,0.0,S,0.0,0,0.0,0.0
18032,quiet_pre,0.0,S,0.0,0,0.0,0.0
18128,quiet_pre,0.0,S,0.0,0,0.0,0.0
18224,quiet_pre,0.0,S,0.0,0,0.0,0.0
18318,quiet_pre,0.0,S,0.0,0,0.0,0.0
18414,quiet_pre,0.0,S,0.0,0,0.0,0.0
18510,quiet_pre,0.0,S,0.0,0,0.0,0.0
18606,quiet_pre,0.0,S,0.0,0,0.0,0.0
18701,quiet_pre,0.0,S,0.0,0,0.0,0.0
18797,quiet_pre,0.0,S,0.0,0,0.0,0.0
18893,quiet_pre,0.0,S,0.0,0,0.0,0.0
18989,quiet_pre,0.0,S,0.0,0,0.0,0.0
19085,quiet_pre,0.0,S,0.0,0,0.0,0.0
19181,quiet_pre,0.0,S,0.0,0,0.0,0.0
19274,quiet_pre,0.0,S,0.0,0,0.0,0.0
19371,quiet_pre,0.0,S,0.0,0,0.0,0.0
19466,quiet_pre,0.0,S,0.0,0,0.0,0.0
19562,quiet_pre,0.0,S,0.0,0,0.0,0.0
19658,quiet_pre,0.0,S,0.0,0,0.0,0.0
19754,quiet_pre,0.0,S,0.0,0,0.0,0.0
19850,quiet_pre,0.0,S,0.0,0,0.0,0.0
19945,quiet_pre,0.0,S,0.0,0,0.0,0.0
20041,quiet_pre,0.0,S,0.0,0,0.0,0.0
20135,quiet_pre,0.0,S,0.0,0,0.0,0.0
20231,quiet_pre,0.0,S,0.0,0,0.0,0.0
20327,quiet_pre,0.0,S,0.0,0,0.0,0.0
20423,quiet_pre,0.0,S,0.0,0,0.0,0.0
20518,quiet_pre,0.0,S,0.0,0,0.0,0.0
20614,quiet_pre,0.0,S,0.0,0,0.0,0.0
20710,quiet_pre,0.0,S,0.0,0,0.0,0.0
20806,quiet_pre,0.0,S,0.0,0,0.0,0.0
20902,quiet_pre,0.0,S,0.0,0,0.0,0.0
20996,quiet_pre,0.0,S,0.0,0,0.0,0.0
21091,quiet_pre,0.0,S,0.0,0,0.0,0.0
21187,quiet_pre,0.0,S,0.0,0,0.0,0.0
21283,quiet_pre,0.0,S,0.0,0,0.0,0.0
21379,quiet_pre,0.0,S,0.0,0,0.0,0.0
21475,quiet_pre,0.0,S,0.0,0,0.0,0.0
21571,quiet_pre,0.0,S,0.0,0,0.0,0.0
21667,quiet_pre,0.0,S,0.0,0,0.0,0.0
21762,quiet_pre,0.0,S,0.0,0,0.0,0.0
21857,quiet_pre,0.0,S,0.0,0,0.0,0.0
21952,quiet_pre,0.0,S,0.0,0,0.0,0.0
22048,quiet_pre,0.0,S,0.0,0,0.0,0.0
22144,quiet_pre,0.0,S,0.0,0,0.0,0.0
22240,quiet_pre,0.0,S,0.0,0,0.0,0.0
22336,quiet_pre,0.0,S,0.0,0,0.0,0.0
22444,quiet_pre,0.0,S,0.0,0,0.0,0.0
22623,quiet_pre,0.0,S,0.0,0,0.0,0.0
22719,quiet_pre,0.0,S,0.0,0,0.0,0.0
22813,quiet_pre,0.0,S,0.0,0,0.0,0.0
22909,quiet_pre,0.0,S,0.0,0,0.0,0.0
23004,quiet_pre,0.0,S,0.0,0,0.0,0.0
23100,quiet_pre,0.0,S,0.0,0,0.0,0.0
23196,quiet_pre,0.0,S,0.0,0,0.0,0.0
23292,quiet_pre,0.0,S,0.0,0,0.0,0.0
23388,quiet_pre,0.0,S,0.0,0,0.0,0.0
23484,quiet_pre,0.0,S,0.0,0,0.0,0.0
23580,quiet_pre,0.0,S,0.0,0,0.0,0.0
23673,quiet_pre,0.0,S,0.0,0,0.0,0.0
23769,quiet_pre,0.0,S,0.0,0,0.0,0.0
23865,quiet_pre,0.0,S,0.0,0,0.0,0.0
23961,quiet_pre,0.0,S,0.0,0,0.0,0.0
24057,quiet_pre,0.0,S,0.0,0,0.0,0.0
24153,quiet_pre,0.0,S,0.0,0,0.0,0.0
24248,quiet_pre,0.0,S,0.0,0,0.0,0.0
24344,quiet_pre,0.0,S,0.0,0,0.0,0.0
24440,quiet_pre,0.0,S,0.0,0,0.0,0.0
24534,quiet_pre,0.0,S,0.0,0,0.0,0.0
24630,quiet_pre,0.0,S,0.0,0,0.0,0.0
24726,quiet_pre,0.0,S,0.0,0,0.0,0.0
24822,quiet_pre,0.0,S,0.0,0,0.0,0.0
24918,quiet_pre,0.0,S,0.0,0,0.0,0.0
25013,quiet_pre,0.0,S,0.0,0,0.0,0.0
25109,quiet_pre,0.0,S,0.0,0,0.0,0.0
25205,quiet_pre,0.0,S,0.0,0,0.0,0.0
25301,quiet_pre,0.0,S,0.0,0,0.0,0.0
25397,quiet_pre,0.0,S,0.0,0,0.0,0.0
25490,quiet_pre,0.0,S,0.0,0,0.0,0.0
25586,quiet_pre,0.0,S,0.0,0,0.0,0.0
25682,quiet_pre,0.0,S,0.0,0,0.0,0.0
25778,quiet_pre,0.0,S,0.0,0,0.0,0.0
25874,quiet_pre,0.0,S,0.0,0,0.0,0.0
25970,quiet_pre,0.0,S,0.0,0,0.0,0.0
26066,quiet_pre,0.0,S,0.0,0,0.0,0.0
26161,quiet_pre,0.0,S,0.0,0,0.0,0.0
26257,quiet_pre,0.0,S,0.0,0,0.0,0.0
26351,quiet_pre,0.0,S,0.0,0,0.0,0.0
26447,quiet_pre,0.0,S,0.0,0,0.0,0.0
26543,quiet_pre,0.0,S,0.0,0,0.0,0.0
26639,quiet_pre,0.0,S,0.0,0,0.0,0.0
26735,quiet_pre,0.0,S,0.0,0,0.0,0.0
26830,quiet_pre,0.0,S,0.0,0,0.0,0.0
26926,quiet_pre,0.0,S,0.0,0,0.0,0.0
27022,quiet_pre,0.0,S,0.0,0,0.0,0.0
27118,quiet_pre,0.0,S,0.0,0,0.0,0.0
27212,quiet_pre,0.0,S,0.0,0,0.0,0.0
27308,quiet_pre,0.0,S,0.0,0,0.0,0.0
27403,quiet_pre,0.0,S,0.0,0,0.0,0.0
27499,quiet_pre,0.0,S,0.0,0,0.0,0.0
27595,quiet_pre,0.0,S,0.0,0,0.0,0.0
27691,quiet_pre,0.0,S,0.0,0,0.0,0.0
27787,quiet_pre,0.0,S,0.0,0,0.0,0.0
27883,quiet_pre,0.0,S,0.0,0,0.0,0.0
27979,quiet_pre,0.0,S,0.0,0,0.0,0.0
28072,quiet_pre,0.0,S,0.0,0,0.0,0.0
28168,quiet_pre,0.0,S,0.0,0,0.0,0.0
28264,quiet_pre,0.0,S,0.0,0,0.0,0.0
28360,quiet_pre,0.0,S,0.0,0,0.0,0.0
28456,quiet_pre,0.0,S,0.0,0,0.0,0.0
28552,quiet_pre,0.0,S,0.0,0,0.0,0.0
28647,quiet_pre,0.0,S,0.0,0,0.0,0.0
28743,quiet_pre,0.0,S,0.0,0,0.0,0.0
28839,quiet_pre,0.0,S,0.0,0,0.0,0.0
28935,quiet_pre,0.0,S,0.0,0,0.0,0.0
29029,quiet_pre,0.0,S,0.0,0,0.0,0.0
29125,quiet_pre,0.0,S,0.0,0,0.0,0.0
29221,quiet_pre,0.0,S,0.0,0,0.0,0.0
29316,quiet_pre,0.0,S,0.0,0,0.0,0.0
29412,quiet_pre,0.0,S,0.0,0,0.0,0.0
29508,quiet_pre,0.0,S,0.0,0,0.0,0.0
29604,quiet_pre,0.0,S,0.0,0,0.0,0.0
29700,quiet_pre,0.0,S,0.0,0,0.0,0.0
29796,quiet_pre,0.0,S,0.0,0,0.0,0.0
29889,quiet_pre,0.0,S,0.0,0,0.0,0.0
29985,quiet_pre,0.0,S,0.0,0,0.0,0.0
30081,quiet_pre,0.0,S,0.0,0,0.0,0.0
30177,quiet_pre,0.0,S,0.0,0,0.0,0.0
30273,quiet_pre,0.0,S,0.0,0,0.0,0.0
30369,quiet_pre,0.0,S,0.0,0,0.0,0.0
30465,quiet_pre,0.0,S,0.0,0,0.0,0.0
30560,quiet_pre,0.0,S,0.0,0,0.0,0.0
30656,quiet_pre,0.0,S,0.0,0,0.0,0.0
30750,quiet_pre,0.0,S,0.0,0,0.0,0.0
30846,quiet_pre,0.0,S,0.0,0,0.0,0.0
30942,quiet_pre,0.0,S,0.0,0,0.0,0.0
31038,quiet_pre,0.0,S,0.0,0,0.0,0.0
31133,quiet_pre,0.0,S,0.0,0,0.0,0.0
31229,quiet_pre,0.0,S,0.0,0,0.0,0.0
31325,quiet_pre,0.0,S,0.0,0,0.0,0.0
31421,quiet_pre,0.0,S,0.0,0,0.0,0.0
31517,quiet_pre,0.0,S,0.0,0,0.0,0.0
31613,quiet_pre,0.0,S,0.0,0,0.0,0.0
31706,quiet_pre,0.0,S,0.0,0,0.0,0.0
31802,quiet_pre,0.0,S,0.0,0,0.0,0.0
31898,quiet_pre,0.0,S,0.0,0,0.0,0.0
31994,quiet_pre,0.0,S,0.0,0,0.0,0.0
32090,quiet_pre,0.0,S,0.0,0,0.0,0.0
32186,quiet_pre,0.0,S,0.0,0,0.0,0.0
32282,quiet_pre,0.0,S,0.0,0,0.0,0.0
32377,quiet_pre,0.0,S,0.0,0,0.0,0.0
32474,quiet_pre,0.0,S,0.0,0,0.0,0.0
32567,quiet_pre,0.0,S,0.0,0,0.0,0.0
32663,quiet_pre,0.0,S,0.0,0,0.0,0.0
32759,quiet_pre,0.0,S,0.0,0,0.0,0.0
32855,quiet_pre,0.0,S,0.0,0,0.0,0.0
32950,quiet_pre,0.0,S,0.0,0,0.0,0.0
33046,quiet_pre,0.0,S,0.0,0,0.0,0.0
33142,quiet_pre,0.0,S,0.0,0,0.0,0.0
33238,quiet_pre,0.0,S,0.0,0,0.0,0.0
33334,quiet_pre,0.0,S,0.0,0,0.0,0.0
33428,quiet_pre,0.0,S,0.0,0,0.0,0.0
33524,quiet_pre,0.0,S,0.0,0,0.0,0.0
33619,quiet_pre,0.0,S,0.0,0,0.0,0.0
33715,quiet_pre,0.0,S,0.0,0,0.0,0.0
33811,quiet_pre,0.0,S,0.0,0,0.0,0.0
33907,quiet_pre,0.0,S,0.0,0,0.0,0.0
34003,quiet_pre,0.0,S,0.0,0,0.0,0.0
34099,quiet_pre,0.0,S,0.0,0,0.0,0.0
34195,quiet_pre,0.0,S,0.0,0,0.0,0.0
34289,quiet_pre,0.0,S,0.0,0,0.0,0.0
34384,quiet_pre,0.0,S,0.0,0,0.0,0.0
34480,quiet_pre,0.0,S,0.0,0,0.0,0.0
34576,quiet_pre,0.0,S,0.0,0,0.0,0.0
34672,quiet_pre,0.0,S,0.0,0,0.0,0.0
34768,quiet_pre,0.0,S,0.0,0,0.0,0.0
34864,quiet_pre,0.0,S,0.0,0,0.0,0.0
34959,quiet_pre,0.0,S,0.0,0,0.0,0.0
35055,quiet_pre,0.0,S,0.0,0,0.0,0.0
35151,quiet_pre,0.0,S,0.0,0,0.0,0.0
35252,quiet_pre,0.0,S,0.0,0,0.0,0.0
35341,quiet_pre,0.0,S,0.0,0,0.0,0.0
35437,quiet_pre,0.0,S,0.0,0,0.0,0.0
35532,quiet_pre,0.0,S,0.0,0,0.0,0.0
35628,quiet_pre,0.0,S,0.0,0,0.0,0.0
35724,quiet_pre,0.0,S,0.0,0,0.0,0.0
35820,quiet_pre,0.0,S,0.0,0,0.0,0.0
35916,quiet_pre,0.0,S,0.0,0,0.0,0.0
36012,quiet_pre,0.0,S,0.0,0,0.0,0.0
36105,quiet_pre,0.0,S,0.0,0,0.0,0.0
36201,quiet_pre,0.0,S,0.0,0,0.0,0.0
36297,quiet_pre,0.0,S,0.0,0,0.0,0.0
36393,quiet_pre,0.0,S,0.0,0,0.0,0.0
36489,quiet_pre,0.0,S,0.0,0,0.0,0.0
36585,quiet_pre,0.0,S,0.0,0,0.0,0.0
36681,quiet_pre,0.0,S,0.0,0,0.0,0.0
36776,quiet_pre,0.0,S,0.0,0,0.0,0.0
36872,quiet_pre,0.0,S,0.0,0,0.0,0.0
36966,quiet_pre,0.0,S,0.0,0,0.0,0.0
37062,quiet_pre,0.0,S,0.0,0,0.0,0.0
37158,quiet_pre,0.0,S,0.0,0,0.0,0.0
37254,quiet_pre,0.0,S,0.0,0,0.0,0.0
37350,quiet_pre,0.0,S,0.0,0,0.0,0.0
37445,quiet_pre,0.0,S,0.0,0,0.0,0.0
37541,quiet_pre,0.0,S,0.0,0,0.0,0.0
37637,quiet_pre,0.0,S,0.0,0,0.0,0.0
37733,quiet_pre,0.0,S,0.0,0,0.0,0.0
37829,quiet_pre,0.0,S,0.0,0,0.0,0.0
37923,quiet_pre,0.0,S,0.0,0,0.0,0.0
38018,quiet_pre,0.0,S,0.0,0,0.0,0.0
38114,quiet_pre,0.0,S,0.0,0,0.0,0.0
38210,quiet_pre,0.0,S,0.0,0,0.0,0.0
38306,quiet_pre,0.0,S,0.0,0,0.0,0.0
38402,quiet_pre,0.0,S,0.0,0,0.0,0.0
38498,quiet_pre,0.0,S,0.0,0,0.0,0.0
38593,quiet_pre,0.0,S,0.0,0,0.0,0.0
38689,quiet_pre,0.0,S,0.0,0,0.0,0.0
38783,quiet_pre,0.0,S,0.0,0,0.0,0.0
38879,quiet_pre,0.0,S,0.0,0,0.0,0.0
38975,quiet_pre,0.0,S,0.0,0,0.0,0.0
39071,quiet_pre,0.0,S,0.0,0,0.0,0.0
39167,quiet_pre,0.0,S,0.0,0,0.0,0.0
39262,quiet_pre,0.0,S,0.0,0,0.0,0.0
39358,quiet_pre,0.0,S,0.0,0,0.0,0.0
39454,quiet_pre,0.0,S,0.0,0,0.0,0.0
39550,quiet_pre,0.0,S,0.0,0,0.0,0.0
39644,quiet_pre,0.0,S,0.0,0,0.0,0.0
39740,quiet_pre,0.0,S,0.0,0,0.0,0.0
39836,quiet_pre,0.0,S,0.0,0,0.0,0.0
39931,quiet_pre,0.0,S,0.0,0,0.0,0.0
40027,quiet_pre,0.0,S,0.0,0,0.0,0.0
40123,quiet_pre,0.0,S,0.0,0,0.0,0.0
40219,quiet_pre,0.0,S,0.0,0,0.0,0.0
40315,quiet_pre,0.0,S,0.0,0,0.0,0.0
40411,quiet_pre,0.0,S,0.0,0,0.0,0.0
40504,quiet_pre,0.0,S,0.0,0,0.0,0.0
40600,quiet_pre,0.0,S,0.0,0,0.0,0.0
40696,quiet_pre,0.0,S,0.0,0,0.0,0.0
40792,quiet_pre,0.0,S,0.0,0,0.0,0.0
40888,quiet_pre,0.0,S,0.0,0,0.0,0.0
40984,quiet_pre,0.0,S,0.0,0,0.0,0.0
41080,quiet_pre,0.0,S,0.0,0,0.0,0.0
41175,quiet_pre,0.0,S,0.0,0,0.0,0.0
41271,quiet_pre,0.0,S,0.0,0,0.0,0.0
41367,quiet_pre,0.0,S,0.0,0,0.0,0.0
41461,quiet_pre,0.0,S,0.0,0,0.0,0.0
41557,quiet_pre,0.0,S,0.0,0,0.0,0.0
41653,quiet_pre,0.0,S,0.0,0,0.0,0.0
41748,quiet_pre,0.0,S,0.0,0,0.0,0.0
41844,quiet_pre,0.0,S,0.0,0,0.0,0.0
41940,quiet_pre,0.0,S,0.0,0,0.0,0.0
42036,quiet_pre,0.0,S,0.0,0,0.0,0.0
42132,quiet_pre,0.0,S,0.0,0,0.0,0.0
42228,quiet_pre,0.0,S,0.0,0,0.0,0.0
42321,quiet_pre,0.0,S,0.0,0,0.0,0.0
42418,quiet_pre,0.0,S,0.0,0,0.0,0.0
42513,quiet_pre,0.0,S,0.0,0,0.0,0.0
42609,quiet_pre,0.0,S,0.0,0,0.0,0.0
42705,quiet_pre,0.0,S,0.0,0,0.0,0.0
42801,quiet_pre,0.0,S,0.0,0,0.0,0.0
42897,quiet_pre,0.0,S,0.0,0,0.0,0.0
42992,quiet_pre,0.0,S,0.0,0,0.0,0.0
43088,quiet_pre,0.0,S,0.0,0,0.0,0.0
43182,quiet_pre,0.0,S,0.0,0,0.0,0.0
43278,quiet_pre,0.0,S,0.0,0,0.0,0.0
43374,quiet_pre,0.0,S,0.0,0,0.0,0.0
43470,quiet_pre,0.0,S,0.0,0,0.0,0.0
43566,quiet_pre,0.0,S,0.0,0,0.0,0.0
43661,quiet_pre,0.0,S,0.0,0,0.0,0.0
43757,quiet_pre,0.0,S,0.0,0,0.0,0.0
43853,quiet_pre,0.0,S,0.0,0,0.0,0.0
43949,quiet_pre,0.0,S,0.0,0,0.0,0.0
44045,quiet_pre,0.0,S,0.0,0,0.0,0.0
44139,quiet_pre,0.0,S,0.0,0,0.0,0.0
44234,quiet_pre,0.0,S,0.0,0,0.0,0.0
44330,quiet_pre,0.0,S,0.0,0,0.0,0.0
44426,quiet_pre,0.0,S,0.0,0,0.0,0.0
44522,quiet_pre,0.0,S,0.0,0,0.0,0.0
44618,quiet_pre,0.0,S,0.0,0,0.0,0.0
44714,quiet_pre,0.0,S,0.0,0,0.0,0.0
44810,quiet_pre,0.0,S,0.0,0,0.0,0.0
44906,quiet_pre,0.0,S,0.0,0,0.0,0.0
44999,quiet_pre,0.0,S,0.0,0,0.0,0.0
45095,quiet_pre,0.0,S,0.0,0,0.0,0.0
45191,quiet_pre,0.0,S,0.0,0,0.0,0.0
45287,quiet_pre,0.0,S,0.0,0,0.0,0.0
45383,quiet_pre,0.0,S,0.0,0,0.0,0.0
45478,quiet_pre,0.0,S,0.0,0,0.0,0.0
45574,quiet_pre,0.0,S,0.0,0,0.0,0.0
45670,quiet_pre,0.0,S,0.0,0,0.0,0.0
45766,quiet_pre,0.0,S,0.0,0,0.0,0.0
45860,quiet_pre,0.0,S,0.0,0,0.0,0.0
45956,quiet_pre,0.0,S,0.0,0,0.0,0.0
46052,quiet_pre,0.0,S,0.0,0,0.0,0.0
46147,quiet_pre,0.0,S,0.0,0,0.0,0.0
46243,quiet_pre,0.0,S,0.0,0,0.0,0.0
46339,quiet_pre,0.0,S,0.0,0,0.0,0.0
46435,quiet_pre,0.0,S,0.0,0,0.0,0.0
46531,quiet_pre,0.0,S,0.0,0,0.0,0.0
46627,quiet_pre,0.0,S,0.0,0,0.0,0.0
46721,quiet_pre,0.0,S,0.0,0,0.0,0.0
46816,quiet_pre,0.0,S,0.0,0,0.0,0.0
46912,quiet_pre,0.0,S,0.0,0,0.0,0.0
47008,quiet_pre,0.0,S,0.0,0,0.0,0.0
47104,quiet_pre,0.0,S,0.0,0,0.0,0.0
47200,quiet_pre,0.0,S,0.0,0,0.0,0.0
47296,quiet_pre,0.0,S,0.0,0,0.0,0.0
47391,quiet_pre,0.0,S,0.0,0,0.0,0.0
47487,quiet_pre,0.0,S,0.0,0,0.0,0.0
47583,quiet_pre,0.0,S,0.0,0,0.0,0.0
47677,quiet_pre,0.0,S,0.0,0,0.0,0.0
47773,quiet_pre,0.0,S,0.0,0,0.0,0.0
47869,quiet_pre,0.0,S,0.0,0,0.0,0.0
47976,quiet_pre,0.0,S,0.0,0,0.0,0.0
48156,quiet_pre,0.0,S,0.0,0,0.0,0.0
48252,quiet_pre,0.0,S,0.0,0,0.0,0.0
48348,quiet_pre,0.0,S,0.0,0,0.0,0.0
48444,quiet_pre,0.0,S,0.0,0,0.0,0.0
48538,quiet_pre,0.0,S,0.0,0,0.0,0.0
48633,quiet_pre,0.0,S,0.0,0,0.0,0.0
48729,quiet_pre,0.0,S,0.0,0,0.0,0.0
48825,quiet_pre,0.0,S,0.0,0,0.0,0.0
48921,quiet_pre,0.0,S,0.0,0,0.0,0.0
49017,quiet_pre,0.0,S,0.0,0,0.0,0.0
49113,quiet_pre,0.0,S,0.0,0,0.0,0.0
49208,quiet_pre,0.0,S,0.0,0,0.0,0.0
49304,quiet_pre,0.0,S,0.0,0,0.0,0.0
49398,quiet_pre,0.0,S,0.0,0,0.0,0.0
49494,quiet_pre,0.0,S,0.0,0,0.0,0.0
49590,quiet_pre,0.0,S,0.0,0,0.0,0.0
49686,quiet_pre,0.0,S,0.0,0,0.0,0.0
49782,quiet_pre,0.0,S,0.0,0,0.0,0.0
49877,quiet_pre,0.0,S,0.0,0,0.0,0.0
49973,quiet_pre,0.0,S,0.0,0,0.0,0.0
50069,quiet_pre,0.0,S,0.0,0,0.0,0.0
50165,quiet_pre,0.0,S,0.0,0,0.0,0.0
50261,quiet_pre,0.0,S,0.0,0,0.0,0.0
50355,quiet_pre,0.0,S,0.0,0,0.0,0.0
50451,quiet_pre,0.0,S,0.0,0,0.0,0.0
50546,quiet_pre,0.0,S,0.0,0,0.0,0.0
50642,quiet_pre,0.0,S,0.0,0,0.0,0.0
50738,quiet_pre,0.0,S,0.0,0,0.0,0.0
50834,quiet_pre,0.0,S,0.0,0,0.0,0.0
50930,quiet_pre,0.0,S,0.0,0,0.0,0.0
51026,quiet_pre,0.0,S,0.0,0,0.0,0.0
51121,quiet_pre,0.0,S,0.0,0,0.0,0.0
51215,quiet_pre,0.0,S,0.0,0,0.0,0.0
51311,quiet_pre,0.0,S,0.0,0,0.0,0.0
51407,quiet_pre,0.0,S,0.0,0,0.0,0.0
51503,quiet_pre,0.0,S,0.0,0,0.0,0.0
51599,quiet_pre,0.0,S,0.0,0,0.0,0.0
51694,quiet_pre,0.0,S,0.0,0,0.0,0.0
51790,quiet_pre,0.0,S,0.0,0,0.0,0.0
51886,quiet_pre,0.0,S,0.0,0,0.0,0.0
51982,quiet_pre,0.0,S,0.0,0,0.0,0.0
52076,quiet_pre,0.0,S,0.0,0,0.0,0.0
52172,quiet_pre,0.0,S,0.0,0,0.0,0.0
52268,quiet_pre,0.0,S,0.0,0,0.0,0.0
52363,quiet_pre,0.0,S,0.0,0,0.0,0.0
52459,quiet_pre,0.0,S,0.0,0,0.0,0.0
52555,quiet_pre,0.0,S,0.0,0,0.0,0.0
52651,quiet_pre,0.0,S,0.0,0,0.0,0.0
52747,quiet_pre,0.0,S,0.0,0,0.0,0.0
52843,quiet_pre,0.0,S,0.0,0,0.0,0.0
52937,quiet_pre,0.0,S,0.0,0,0.0,0.0
53032,quiet_pre,0.0,S,0.0,0,0.0,0.0
53128,quiet_pre,0.0,S,0.0,0,0.0,0.0
53224,quiet_pre,0.0,S,0.0,0,0.0,0.0
53320,quiet_pre,0.0,S,0.0,0,0.0,0.0
53416,quiet_pre,0.0,S,0.0,0,0.0,0.0
53512,quiet_pre,0.0,S,0.0,0,0.0,0.0
53607,quiet_pre,0.0,S,0.0,0,0.0,0.0
53703,quiet_pre,0.0,S,0.0,0,0.0,0.0
53799,quiet_pre,0.0,S,0.0,0,0.0,0.0
53893,quiet_pre,0.0,S,0.0,0,0.0,0.0
53989,quiet_pre,0.0,S,0.0,0,0.0,0.0
54085,quiet_pre,0.0,S,0.0,0,0.0,0.0
54180,quiet_pre,0.0,S,0.0,0,0.0,0.0
54276,quiet_pre,0.0,S,0.0,0,0.0,0.0
54372,quiet_pre,0.0,S,0.0,0,0.0,0.0
54468,quiet_pre,0.0,S,0.0,0,0.0,0.0
54564,quiet_pre,0.0,S,0.0,0,0.0,0.0
54660,quiet_pre,0.0,S,0.0,0,0.0,0.0
54754,quiet_pre,0.0,S,0.0,0,0.0,0.0
54850,quiet_pre,0.0,S,0.0,0,0.0,0.0
54945,quiet_pre,0.0,S,0.0,0,0.0,0.0
55041,quiet_pre,0.0,S,0.0,0,0.0,0.0
55137,quiet_pre,0.0,S,0.0,0,0.0,0.0
55233,quiet_pre,0.0,S,0.0,0,0.0,0.0
55329,quiet_pre,0.0,S,0.0,0,0.0,0.0
55424,quiet_pre,0.0,S,0.0,0,0.0,0.0
55520,quiet_pre,0.0,S,0.0,0,0.0,0.0
55614,quiet_pre,0.0,S,0.0,0,0.0,0.0
55710,quiet_pre,0.0,S,0.0,0,0.0,0.0
55806,quiet_pre,0.0,S,0.0,0,0.0,0.0
55902,quiet_pre,0.0,S,0.0,0,0.0,0.0
55998,quiet_pre,0.0,S,0.0,0,0.0,0.0
56093,quiet_pre,0.0,S,0.0,0,0.0,0.0
56189,quiet_pre,0.0,S,0.0,0,0.0,0.0
56285,quiet_pre,0.0,S,0.0,0,0.0,0.0
56381,quiet_pre,0.0,S,0.0,0,0.0,0.0
56477,quiet_pre,0.0,S,0.0,0,0.0,0.0
56571,quiet_pre,0.0,S,0.0,0,0.0,0.0
56667,quiet_pre,0.0,S,0.0,0,0.0,0.0
56762,quiet_pre,0.0,S,0.0,0,0.0,0.0
56858,quiet_pre,0.0,S,0.0,0,0.0,0.0
56954,quiet_pre,0.0,S,0.0,0,0.0,0.0
57050,quiet_pre,0.0,S,0.0,0,0.0,0.0
57146,quiet_pre,0.0,S,0.0,0,0.0,0.0
57242,quiet_pre,0.0,S,0.0,0,0.0,0.0
57338,quiet_pre,0.0,S,0.0,0,0.0,0.0
57431,quiet_pre,0.0,S,0.0,0,0.0,0.0
57527,quiet_pre,0.0,S,0.0,0,0.0,0.0
57623,quiet_pre,0.0,S,0.0,0,0.0,0.0
57719,quiet_pre,0.0,S,0.0,0,0.0,0.0
57815,quiet_pre,0.0,S,0.0,0,0.0,0.0
57911,quiet_pre,0.0,S,0.0,0,0.0,0.0
58006,quiet_pre,0.0,S,0.0,0,0.0,0.0
58102,quiet_pre,0.0,S,0.0,0,0.0,0.0
58198,quiet_pre,0.0,S,0.0,0,0.0,0.0
58292,quiet_pre,0.0,S,0.0,0,0.0,0.0
58388,quiet_pre,0.0,S,0.0,0,0.0,0.0
58484,quiet_pre,0.0,S,0.0,0,0.0,0.0
58579,quiet_pre,0.0,S,0.0,0,0.0,0.0
58675,quiet_pre,0.0,S,0.0,0,0.0,0.0
58771,quiet_pre,0.0,S,0.0,0,0.0,0.0
58867,quiet_pre,0.0,S,0.0,0,0.0,0.0
58963,quiet_pre,0.0,S,0.0,0,0.0,0.0
59059,quiet_pre,0.0,S,0.0,0,0.0,0.0
59153,quiet_pre,0.0,S,0.0,0,0.0,0.0
59248,quiet_pre,0.0,S,0.0,0,0.0,0.0
59344,quiet_pre,0.0,S,0.0,0,0.0,0.0
59440,quiet_pre,0.0,S,0.0,0,0.0,0.0
59536,quiet_pre,0.0,S,0.0,0,0.0,0.0
59632,quiet_pre,0.0,S,0.0,0,0.0,0.0
59728,quiet_pre,0.0,S,0.0,0,0.0,0.0
59823,quiet_pre,0.0,S,0.0,0,0.0,0.0
59919,quiet_pre,0.0,S,0.0,0,0.0,0.0
60015,quiet_pre,0.0,S,0.0,0,0.0,0.0
60109,quiet_pre,0.0,S,0.0,0,0.0,0.0
60205,quiet_pre,0.0,S,0.0,0,0.0,0.0
60301,quiet_pre,0.0,S,0.0,0,0.0,0.0
60397,quiet_pre,0.0,S,0.0,0,0.0,0.0
60492,quiet_pre,0.0,S,0.0,0,0.0,0.0
60588,quiet_pre,0.0,S,0.0,0,0.0,0.0
60684,quiet_pre,0.0,S,0.0,0,0.0,0.0
60785,quiet_pre,0.0,S,0.0,0,0.0,0.0
60876,quiet_pre,0.0,S,0.0,0,0.0,0.0
60970,quiet_pre,0.0,S,0.0,0,0.0,0.0
61065,quiet_pre,0.0,S,0.0,0,0.0,0.0
61161,quiet_pre,0.0,S,0.0,0,0.0,0.0
61257,quiet_pre,0.0,S,0.0,0,0.0,0.0
61353,quiet_pre,0.0,S,0.0,0,0.0,0.0
61449,quiet_pre,0.0,S,0.0,0,0.0,0.0
61545,quiet_pre,0.0,S,0.0,0,0.0,0.0
61640,quiet_pre,0.0,S,0.0,0,0.0,0.0
61736,quiet_pre,0.0,S,0.0,0,0.0,0.0
61830,quiet_pre,0.0,S,0.0,0,0.0,0.0
61926,quiet_pre,0.0,S,0.0,0,0.0,0.0
62022,quiet_pre,0.0,S,0.0,0,0.0,0.0
62118,quiet_pre,0.0,S,0.0,0,0.0,0.0
62214,quiet_pre,0.0,S,0.0,0,0.0,0.0
62309,quiet_pre,0.0,S,0.0,0,0.0,0.0
62405,quiet_pre,0.0,S,0.0,0,0.0,0.0
62501,quiet_pre,0.0,S,0.0,0,0.0,0.0
62597,quiet_pre,0.0,S,0.0,0,0.0,0.0
62693,quiet_pre,0.0,S,0.0,0,0.0,0.0
62787,quiet_pre,0.0,S,0.0,0,0.0,0.0
62883,quiet_pre,0.0,S,0.0,0,0.0,0.0
62978,quiet_pre,0.0,S,0.0,0,0.0,0.0
63074,quiet_pre,0.0,S,0.0,0,0.0,0.0
63170,quiet_pre,0.0,S,0.0,0,0.0,0.0
63266,quiet_pre,0.0,S,0.0,0,0.0,0.0
63362,quiet_pre,0.0,S,0.0,0,0.0,0.0
63458,quiet_pre,0.0,S,0.0,0,0.0,0.0
63553,quiet_pre,0.0,S,0.0,0,0.0,0.0
63647,quiet_pre,0.0,S,0.0,0,0.0,0.0
63743,quiet_pre,0.0,S,0.0,0,0.0,0.0
63839,quiet_pre,0.0,S,0.0,0,0.0,0.0
63935,quiet_pre,0.0,S,0.0,0,0.0,0.0
64031,quiet_pre,0.0,S,0.0,0,0.0,0.0
64126,quiet_pre,0.0,S,0.0,0,0.0,0.0
64222,quiet_pre,0.0,S,0.0,0,0.0,0.0
64318,quiet_pre,0.0,S,0.0,0,0.0,0.0
64414,quiet_pre,0.0,S,0.0,0,0.0,0.0
64508,quiet_pre,0.0,S,0.0,0,0.0,0.0
64604,quiet_pre,0.0,S,0.0,0,0.0,0.0
64700,quiet_pre,0.0,S,0.0,0,0.0,0.0
64795,quiet_pre,0.0,S,0.0,0,0.0,0.0
64891,quiet_pre,0.0,S,0.0,0,0.0,0.0
64987,quiet_pre,0.0,S,0.0,0,0.0,0.0
65083,quiet_pre,0.0,S,0.0,0,0.0,0.0
65179,quiet_pre,0.0,S,0.0,0,0.0,0.0
65275,quiet_pre,0.0,S,0.0,0,0.0,0.0
65369,quiet_pre,0.0,S,0.0,0,0.0,0.0
65464,quiet_pre,0.0,S,0.0,0,0.0,0.0
65560,quiet_pre,0.0,S,0.0,0,0.0,0.0
65656,quiet_pre,0.0,S,0.0,0,0.0,0.0
65752,quiet_pre,0.0,S,0.0,0,0.0,0.0
65848,quiet_pre,0.0,S,0.0,0,0.0,0.0
65944,quiet_pre,0.0,S,0.0,0,0.0,0.0
66039,quiet_pre,0.0,S,0.0,0,0.0,0.0
66135,quiet_pre,0.0,S,0.0,0,0.0,0.0
66231,quiet_pre,0.0,S,0.0,0,0.0,0.0
66325,quiet_pre,0.0,S,0.0,0,0.0,0.0
66421,quiet_pre,0.0,S,0.0,0,0.0,0.0
66517,quiet_pre,0.0,S,0.0,0,0.0,0.0
66613,quiet_pre,0.0,S,0.0,0,0.0,0.0
66708,quiet_pre,0.0,S,0.0,0,0.0,0.0
66804,quiet_pre,0.0,S,0.0,0,0.0,0.0
66900,quiet_pre,0.0,S,0.0,0,0.0,0.0
66996,quiet_pre,0.0,S,0.0,0,0.0,0.0
67092,quiet_pre,0.0,S,0.0,0,0.0,0.0
67186,quiet_pre,0.0,S,0.0,0,0.0,0.0
67281,quiet_pre,0.0,S,0.0,0,0.0,0.0
67377,quiet_pre,0.0,S,0.0,0,0.0,0.0
67473,quiet_pre,0.0,S,0.0,0,0.0,0.0
67569,quiet_pre,0.0,S,0.0,0,0.0,0.0
67665,quiet_pre,0.0,S,0.0,0,0.0,0.0
67761,quiet_pre,0.0,S,0.0,0,0.0,0.0
67856,quiet_pre,0.0,S,0.0,0,0.0,0.0
67953,quiet_pre,0.0,S,0.0,0,0.0,0.0
68046,quiet_pre,0.0,S,0.0,0,0.0,0.0
68142,quiet_pre,0.0,S,0.0,0,0.0,0.0
68238,quiet_pre,0.0,S,0.0,0,0.0,0.0
68334,quiet_pre,0.0,S,0.0,0,0.0,0.0
68430,quiet_pre,0.0,S,0.0,0,0.0,0.0
68525,quiet_pre,0.0,S,0.0,0,0.0,0.0
68621,quiet_pre,0.0,S,0.0,0,0.0,0.0
68717,quiet_pre,0.0,S,0.0,0,0.0,0.0
68813,quiet_pre,0.0,S,0.0,0,0.0,0.0
68907,quiet_pre,0.0,S,0.0,0,0.0,0.0
69003,quiet_pre,0.0,S,0.0,0,0.0,0.0
69099,quiet_pre,0.0,S,0.0,0,0.0,0.0
69194,quiet_pre,0.0,S,0.0,0,0.0,0.0
69290,quiet_pre,0.0,S,0.0,0,0.0,0.0
69386,quiet_pre,0.0,S,0.0,0,0.0,0.0
69482,quiet_pre,0.0,S,0.0,0,0.0,0.0
69578,quiet_pre,0.0,S,0.0,0,0.0,0.0
69674,quiet_pre,0.0,S,0.0,0,0.0,0.0
69770,quiet_pre,0.0,S,0.0,0,0.0,0.0
69863,quiet_pre,0.0,S,0.0,0,0.0,0.0
69959,quiet_pre,0.0,S,0.0,0,0.0,0.0
70055,quiet_pre,0.0,S,0.0,0,0.0,0.0
70151,quiet_pre,0.0,S,0.0,0,0.0,0.0
70247,quiet_pre,0.0,S,0.0,0,0.0,0.0
70343,quiet_pre,0.0,S,0.0,0,0.0,0.0
70438,quiet_pre,0.0,S,0.0,0,0.0,0.0
70534,quiet_pre,0.0,S,0.0,0,0.0,0.0
70630,quiet_pre,0.0,S,0.0,0,0.0,0.0
70724,quiet_pre,0.0,S,0.0,0,0.0,0.0
70820,quiet_pre,0.0,S,0.0,0,0.0,0.0
70916,quiet_pre,0.0,S,0.0,0,0.0,0.0
71011,quiet_pre,0.0,S,0.0,0,0.0,0.0
71107,quiet_pre,0.0,S,0.0,0,0.0,0.0
71203,quiet_pre,0.0,S,0.0,0,0.0,0.0
71299,quiet_pre,0.0,S,0.0,0,0.0,0.0
71395,quiet_pre,0.0,S,0.0,0,0.0,0.0
71491,quiet_pre,0.0,S,0.0,0,0.0,0.0
71585,quiet_pre,0.0,S,0.0,0,0.0,0.0
71680,quiet_pre,0.0,S,0.0,0,0.0,0.0
71776,quiet_pre,0.0,S,0.0,0,0.0,0.0
71872,quiet_pre,0.0,S,0.0,0,0.0,0.0
71968,quiet_pre,0.0,S,0.0,0,0.0,0.0
72064,quiet_pre,0.0,S,0.0,0,0.0,0.0
72160,quiet_pre,0.0,S,0.0,0,0.0,0.0
72256,quiet_pre,0.0,S,0.0,0,0.0,0.0
72351,quiet_pre,0.0,S,0.0,0,0.0,0.0
72447,quiet_pre,0.0,S,0.0,0,0.0,0.0
72541,quiet_pre,0.0,S,0.0,0,0.0,0.0
72637,quiet_pre,0.0,S,0.0,0,0.0,0.0
72733,quiet_pre,0.0,S,0.0,0,0.0,0.0
72829,quiet_pre,0.0,S,0.0,0,0.0,0.0
72924,quiet_pre,0.0,S,0.0,0,0.0,0.0
73020,quiet_pre,0.0,S,0.0,0,0.0,0.0
73116,quiet_pre,0.0,S,0.0,0,0.0,0.0
73212,quiet_pre,0.0,S,0.0,0,0.0,0.0
73308,quiet_pre,0.0,S,0.0,0,0.0,0.0
73402,quiet_pre,0.0,S,0.0,0,0.0,0.0
73510,quiet_pre,0.0,S,0.0,0,0.0,0.0
73689,quiet_pre,0.0,S,0.0,0,0.0,0.0
73785,quiet_pre,0.0,S,0.0,0,0.0,0.0
73881,quiet_pre,0.0,S,0.0,0,0.0,0.0
73977,quiet_pre,0.0,S,0.0,0,0.0,0.0
74073,quiet_pre,0.0,S,0.0,0,0.0,0.0
74168,quiet_pre,0.0,S,0.0,0,0.0,0.0
74262,quiet_pre,0.0,S,0.0,0,0.0,0.0
74358,quiet_pre,0.0,S,0.0,0,0.0,0.0
74454,quiet_pre,0.0,S,0.0,0,0.0,0.0
74550,quiet_pre,0.0,S,0.0,0,0.0,0.0
74646,quiet_pre,0.0,S,0.0,0,0.0,0.0
74741,quiet_pre,0.0,S,0.0,0,0.0,0.0
74838,quiet_pre,0.0,S,0.0,0,0.0,0.0
74933,quiet_pre,0.0,S,0.0,0,0.0,0.0
75029,quiet_pre,0.0,S,0.0,0,0.0,0.0
75125,quiet_pre,0.0,S,0.0,0,0.0,0.0
75219,quiet_pre,0.0,S,0.0,0,0.0,0.0
75315,quiet_pre,0.0,S,0.0,0,0.0,0.0
75410,quiet_pre,0.0,S,0.0,0,0.0,0.0
75506,quiet_pre,0.0,S,0.0,0,0.0,0.0
75602,quiet_pre,0.0,S,0.0,0,0.0,0.0
75698,quiet_pre,0.0,S,0.0,0,0.0,0.0
75794,quiet_pre,0.0,S,0.0,0,0.0,0.0
75890,quiet_pre,0.0,S,0.0,0,0.0,0.0
75986,quiet_pre,0.0,S,0.0,0,0.0,0.0
76079,quiet_pre,0.0,S,0.0,0,0.0,0.0
76175,quiet_pre,0.0,S,0.0,0,0.0,0.0
76271,quiet_pre,0.0,S,0.0,0,0.0,0.0
76367,quiet_pre,0.0,S,0.0,0,0.0,0.0
76463,quiet_pre,0.0,S,0.0,0,0.0,0.0
76559,quiet_pre,0.0,S,0.0,0,0.0,0.0
76655,quiet_pre,0.0,S,0.0,0,0.0,0.0
76750,quiet_pre,0.0,S,0.0,0,0.0,0.0
76846,quiet_pre,0.0,S,0.0,0,0.0,0.0
76940,quiet_pre,0.0,S,0.0,0,0.0,0.0
77036,quiet_pre,0.0,S,0.0,0,0.0,0.0
77132,quiet_pre,0.0,S,0.0,0,0.0,0.0
77228,quiet_pre,0.0,S,0.0,0,0.0,0.0
77323,quiet_pre,0.0,S,0.0,0,0.0,0.0
77419,quiet_pre,0.0,S,0.0,0,0.0,0.0
77515,quiet_pre,0.0,S,0.0,0,0.0,0.0
77611,quiet_pre,0.0,S,0.0,0,0.0,0.0
77707,quiet_pre,0.0,S,0.0,0,0.0,0.0
77801,quiet_pre,0.0,S,0.0,0,0.0,0.0
77897,quiet_pre,0.0,S,0.0,0,0.0,0.0
77992,quiet_pre,0.0,S,0.0,0,0.0,0.0
78088,quiet_pre,0.0,S,0.0,0,0.0,0.0
78184,quiet_pre,0.0,S,0.0,0,0.0,0.0
78280,quiet_pre,0.0,S,0.0,0,0.0,0.0
78376,quiet_pre,0.0,S,0.0,0,0.0,0.0
78472,quiet_pre,0.0,S,0.0,0,0.0,0.0
78567,quiet_pre,0.0,S,0.0,0,0.0,0.0
78663,quiet_pre,0.0,S,0.0,0,0.0,0.0
78757,quiet_pre,0.0,S,0.0,0,0.0,0.0
78853,quiet_pre,0.0,S,0.0,0,0.0,0.0
78949,quiet_pre,0.0,S,0.0,0,0.0,0.0
79045,quiet_pre,0.0,S,0.0,0,0.0,0.0
79140,quiet_pre,0.0,S,0.0,0,0.0,0.0
79236,quiet_pre,0.0,S,0.0,0,0.0,0.0
79332,quiet_pre,0.0,S,0.0,0,0.0,0.0
79428,quiet_pre,0.0,S,0.0,0,0.0,0.0
79524,quiet_pre,0.0,S,0.0,0,0.0,0.0
79618,quiet_pre,0.0,S,0.0,0,0.0,0.0
79714,quiet_pre,0.0,S,0.0,0,0.0,0.0
79810,quiet_pre,0.0,S,0.0,0,0.0,0.0
79905,quiet_pre,0.0,S,0.0,0,0.0,0.0
80001,quiet_pre,0.0,S,0.0,0,0.0,0.0
80097,quiet_pre,0.0,S,0.0,0,0.0,0.0
80193,quiet_pre,0.0,S,0.0,0,0.0,0.0
80289,quiet_pre,0.0,S,0.0,0,0.0,0.0
80385,quiet_pre,0.0,S,0.0,0,0.0,0.0
80478,quiet_pre,0.0,S,0.0,0,0.0,0.0
80574,quiet_pre,0.0,S,0.0,0,0.0,0.0
80670,quiet_pre,0.0,S,0.0,0,0.0,0.0
80766,quiet_pre,0.0,S,0.0,0,0.0,0.0
80862,quiet_pre,0.0,S,0.0,0,0.0,0.0
80958,quiet_pre,0.0,S,0.0,0,0.0,0.0
81053,quiet_pre,0.0,S,0.0,0,0.0,0.0
81149,quiet_pre,0.0,S,0.0,0,0.0,0.0
81245,quiet_pre,0.0,S,0.0,0,0.0,0.0
81341,quiet_pre,0.0,S,0.0,0,0.0,0.0
81435,quiet_pre,0.0,S,0.0,0,0.0,0.0
81531,quiet_pre,0.0,S,0.0,0,0.0,0.0
81626,quiet_pre,0.0,S,0.0,0,0.0,0.0
81722,quiet_pre,0.0,S,0.0,0,0.0,0.0
81818,quiet_pre,0.0,S,0.0,0,0.0,0.0
81914,quiet_pre,0.0,S,0.0,0,0.0,0.0
82010,quiet_pre,0.0,S,0.0,0,0.0,0.0
82106,quiet_pre,0.0,S,0.0,0,0.0,0.0
82202,quiet_pre,0.0,S,0.0,0,0.0,0.0
82295,quiet_pre,0.0,S,0.0,0,0.0,0.0
82391,quiet_pre,0.0,S,0.0,0,0.0,0.0
82487,quiet_pre,0.0,S,0.0,0,0.0,0.0
82583,quiet_pre,0.0,S,0.0,0,0.0,0.0
82679,quiet_pre,0.0,S,0.0,0,0.0,0.0
82775,quiet_pre,0.0,S,0.0,0,0.0,0.0
82871,quiet_pre,0.0,S,0.0,0,0.0,0.0
82966,quiet_pre,0.0,S,0.0,0,0.0,0.0
83062,quiet_pre,0.0,S,0.0,0,0.0,0.0
83156,quiet_pre,0.0,S,0.0,0,0.0,0.0
83252,quiet_pre,0.0,S,0.0,0,0.0,0.0
83348,quiet_pre,0.0,S,0.0,0,0.0,0.0
83444,quiet_pre,0.0,S,0.0,0,0.0,0.0
83539,quiet_pre,0.0,S,0.0,0,0.0,0.0
83635,quiet_pre,0.0,S,0.0,0,0.0,0.0
83731,quiet_pre,0.0,S,0.0,0,0.0,0.0
83827,quiet_pre,0.0,S,0.0,0,0.0,0.0
83923,quiet_pre,0.0,S,0.0,0,0.0,0.0
84017,quiet_pre,0.0,S,0.0,0,0.0,0.0
84112,quiet_pre,0.0,S,0.0,0,0.0,0.0
84208,quiet_pre,0.0,S,0.0,0,0.0,0.0
84304,quiet_pre,0.0,S,0.0,0,0.0,0.0
84400,quiet_pre,0.0,S,0.0,0,0.0,0.0
84496,quiet_pre,0.0,S,0.0,0,0.0,0.0
84592,quiet_pre,0.0,S,0.0,0,0.0,0.0
84688,quiet_pre,0.0,S,0.0,0,0.0,0.0
84783,quiet_pre,0.0,S,0.0,0,0.0,0.0
84879,quiet_pre,0.0,S,0.0,0,0.0,0.0
84973,quiet_pre,0.0,S,0.0,0,0.0,0.0
85069,quiet_pre,0.0,S,0.0,0,0.0,0.0
85165,quiet_pre,0.0,S,0.0,0,0.0,0.0
85261,quiet_pre,0.0,S,0.0,0,0.0,0.0
85356,quiet_pre,0.0,S,0.0,0,0.0,0.0
85452,quiet_pre,0.0,S,0.0,0,0.0,0.0
85548,quiet_pre,0.0,S,0.0,0,0.0,0.0
85644,quiet_pre,0.0,S,0.0,0,0.0,0.0
85740,quiet_pre,0.0,S,0.0,0,0.0,0.0
85834,quiet_pre,0.0,S,0.0,0,0.0,0.0
85930,quiet_pre,0.0,S,0.0,0,0.0,0.0
86025,quiet_pre,0.0,S,0.0,0,0.0,0.0
86121,quiet_pre,0.0,S,0.0,0,0.0,0.0
86217,quiet_pre,0.0,S,0.0,0,0.0,0.0
86319,quiet_pre,0.0,S,0.0,0,0.0,0.0
86409,quiet_pre,0.0,S,0.0,0,0.0,0.0
86505,quiet_pre,0.0,S,0.0,0,0.0,0.0
86600,quiet_pre,0.0,S,0.0,0,0.0,0.0
86694,quiet_pre,0.0,S,0.0,0,0.0,0.0
86790,quiet_pre,0.0,S,0.0,0,0.0,0.0
86886,quiet_pre,0.0,S,0.0,0,0.0,0.0
86982,quiet_pre,0.0,S,0.0,0,0.0,0.0
87078,quiet_pre,0.0,S,0.0,0,0.0,0.0
87174,quiet_pre,0.0,S,0.0,0,0.0,0.0
87270,quiet_pre,0.0,S,0.0,0,0.0,0.0
87365,quiet_pre,0.0,S,0.0,0,0.0,0.0
87461,quiet_pre,0.0,S,0.0,0,0.0,0.0
87557,quiet_pre,0.0,S,0.0,0,0.0,0.0
87651,quiet_pre,0.0,S,0.0,0,0.0,0.0
87747,quiet_pre,0.0,S,0.0,0,0.0,0.0
87842,quiet_pre,0.0,S,0.0,0,0.0,0.0
87938,quiet_pre,0.0,S,0.0,0,0.0,0.0
88034,quiet_pre,0.0,S,0.0,0,0.0,0.0
88130,quiet_pre,0.0,S,0.0,0,0.0,0.0
88226,quiet_pre,0.0,S,0.0,0,0.0,0.0
88322,quiet_pre,0.0,S,0.0,0,0.0,0.0
88418,quiet_pre,0.0,S,0.0,0,0.0,0.0
88511,quiet_pre,0.0,S,0.0,0,0.0,0.0
88607,quiet_pre,0.0,S,0.0,0,0.0,0.0
88703,quiet_pre,0.0,S,0.0,0,0.0,0.0
88799,quiet_pre,0.0,S,0.0,0,0.0,0.0
88895,quiet_pre,0.0,S,0.0,0,0.0,0.0
88991,quiet_pre,0.0,S,0.0,0,0.0,0.0
89086,quiet_pre,0.0,S,0.0,0,0.0,0.0
89182,quiet_pre,0.0,S,0.0,0,0.0,0.0
89278,quiet_pre,0.0,S,0.0,0,0.0,0.0
89372,quiet_pre,0.0,S,0.0,0,0.0,0.0
89468,quiet_pre,0.0,S,0.0,0,0.0,0.0
89564,quiet_pre,0.0,S,0.0,0,0.0,0.0
89660,quiet_pre,0.0,S,0.0,0,0.0,0.0
89756,quiet_pre,0.0,S,0.0,0,0.0,0.0
89851,quiet_pre,0.0,S,0.0,0,0.0,0.0
89947,quiet_pre,0.0,S,0.0,0,0.0,0.0
90043,quiet_pre,0.0,S,0.0,0,0.0,0.0
90139,quiet_pre,0.0,S,0.0,0,0.0,0.0
90233,quiet_pre,0.0,S,0.0,0,0.0,0.0
90329,quiet_pre,0.0,S,0.0,0,0.0,0.0
90424,quiet_pre,0.0,S,0.0,0,0.0,0.0
90520,quiet_pre,0.0,S,0.0,0,0.0,0.0
90616,quiet_pre,0.0,S,0.0,0,0.0,0.0
90712,quiet_pre,0.0,S,0.0,0,0.0,0.0
90808,quiet_pre,0.0,S,0.0,0,0.0,0.0
90904,quiet_pre,0.0,S,0.0,0,0.0,0.0
91000,quiet_pre,0.0,S,0.0,0,0.0,0.0
91095,quiet_pre,0.0,S,0.0,0,0.0,0.0
91189,quiet_pre,0.0,S,0.0,0,0.0,0.0
91285,quiet_pre,0.0,S,0.0,0,0.0,0.0
91381,quiet_pre,0.0,S,0.0,0,0.0,0.0
91477,quiet_pre,0.0,S,0.0,0,0.0,0.0
91573,quiet_pre,0.0,S,0.0,0,0.0,0.0
91668,quiet_pre,0.0,S,0.0,0,0.0,0.0
91764,quiet_pre,0.0,S,0.0,0,0.0,0.0
91860,quiet_pre,0.0,S,0.0,0,0.0,0.0
91956,quiet_pre,0.0,S,0.0,0,0.0,0.0
92050,quiet_pre,0.0,S,0.0,0,0.0,0.0
92146,quiet_pre,0.0,S,0.0,0,0.0,0.0
92241,quiet_pre,0.0,S,0.0,0,0.0,0.0
92337,quiet_pre,0.0,S,0.0,0,0.0,0.0
92433,quiet_pre,0.0,S,0.0,0,0.0,0.0
92529,quiet_pre,0.0,S,0.0,0,0.0,0.0
92625,quiet_pre,0.0,S,0.0,0,0.0,0.0
92721,quiet_pre,0.0,S,0.0,0,0.0,0.0
92817,quiet_pre,0.0,S,0.0,0,0.0,0.0
92910,quiet_pre,0.0,S,0.0,0,0.0,0.0
93006,quiet_pre,0.0,S,0.0,0,0.0,0.0
93102,quiet_pre,0.0,S,0.0,0,0.0,0.0
93198,quiet_pre,0.0,S,0.0,0,0.0,0.0
93294,quiet_pre,0.0,S,0.0,0,0.0,0.0
93390,quiet_pre,0.0,S,0.0,0,0.0,0.0
93485,quiet_pre,0.0,S,0.0,0,0.0,0.0
93581,quiet_pre,0.0,S,0.0,0,0.0,0.0
93677,quiet_pre,0.0,S,0.0,0,0.0,0.0
93773,quiet_pre,0.0,S,0.0,0,0.0,0.0
93867,quiet_pre,0.0,S,0.0,0,0.0,0.0
93963,quiet_pre,0.0,S,0.0,0,0.0,0.0
94059,quiet_pre,0.0,S,0.0,0,0.0,0.0
94154,quiet_pre,0.0,S,0.0,0,0.0,0.0
94250,quiet_pre,0.0,S,0.0,0,0.0,0.0
94346,quiet_pre,0.0,S,0.0,0,0.0,0.0
94442,quiet_pre,0.0,S,0.0,0,0.0,0.0
94538,quiet_pre,0.0,S,0.0,0,0.0,0.0
94634,quiet_pre,0.0,S,0.0,0,0.0,0.0
94727,quiet_pre,0.0,S,0.0,0,0.0,0.0
94823,quiet_pre,0.0,S,0.0,0,0.0,0.0
94919,quiet_pre,0.0,S,0.0,0,0.0,0.0
95015,quiet_pre,0.0,S,0.0,0,0.0,0.0
95111,quiet_pre,0.0,S,0.0,0,0.0,0.0
95207,quiet_pre,0.0,S,0.0,0,0.0,0.0
95303,quiet_pre,0.0,S,0.0,0,0.0,0.0
95398,quiet_pre,0.0,S,0.0,0,0.0,0.0
95494,quiet_pre,0.0,S,0.0,0,0.0,0.0
95588,quiet_pre,0.0,S,0.0,0,0.0,0.0
95684,quiet_pre,0.0,S,0.0,0,0.0,0.0
95780,quiet_pre,0.0,S,0.0,0,0.0,0.0
95876,quiet_pre,0.0,S,0.0,0,0.0,0.0
95971,quiet_pre,0.0,S,0.0,0,0.0,0.0
96067,quiet_pre,0.0,S,0.0,0,0.0,0.0
96163,quiet_pre,0.0,S,0.0,0,0.0,0.0
96259,quiet_pre,0.0,S,0.0,0,0.0,0.0
96355,quiet_pre,0.0,S,0.0,0,0.0,0.0
96449,quiet_pre,0.0,S,0.0,0,0.0,0.0
96545,quiet_pre,0.0,S,0.0,0,0.0,0.0
96641,quiet_pre,0.0,S,0.0,0,0.0,0.0
96736,quiet_pre,0.0,S,0.0,0,0.0,0.0
96832,quiet_pre,0.0,S,0.0,0,0.0,0.0
96928,quiet_pre,0.0,S,0.0,0,0.0,0.0
97024,quiet_pre,0.0,S,0.0,0,0.0,0.0
97120,quiet_pre,0.0,S,0.0,0,0.0,0.0
97215,quiet_pre,0.0,S,0.0,0,0.0,0.0
97311,quiet_pre,0.0,S,0.0,0,0.0,0.0
97405,quiet_pre,0.0,S,0.0,0,0.0,0.0
97501,quiet_pre,0.0,S,0.0,0,0.0,0.0
97597,quiet_pre,0.0,S,0.0,0,0.0,0.0
97693,quiet_pre,0.0,S,0.0,0,0.0,0.0
97789,quiet_pre,0.0,S,0.0,0,0.0,0.0
97885,quiet_pre,0.0,S,0.0,0,0.0,0.0
97980,quiet_pre,0.0,S,0.0,0,0.0,0.0
98076,quiet_pre,0.0,S,0.0,0,0.0,0.0
98172,quiet_pre,0.0,S,0.0,0,0.0,0.0
98266,quiet_pre,0.0,S,0.0,0,0.0,0.0
98362,quiet_pre,0.0,S,0.0,0,0.0,0.0
98457,quiet_pre,0.0,S,0.0,0,0.0,0.0
98553,quiet_pre,0.0,S,0.0,0,0.0,0.0
98649,quiet_pre,0.0,S,0.0,0,0.0,0.0
98745,quiet_pre,0.0,S,0.0,0,0.0,0.0
98841,quiet_pre,0.0,S,0.0,0,0.0,0.0
98937,quiet_pre,0.0,S,0.0,0,0.0,0.0
99045,quiet_pre,0.0,S,0.0,0,0.0,0.0
99222,quiet_pre,0.0,S,0.0,0,0.0,0.0
99318,quiet_pre,0.0,S,0.0,0,0.0,0.0
99414,quiet_pre,0.0,S,0.0,0,0.0,0.0
99510,quiet_pre,0.0,S,0.0,0,0.0,0.0
99606,quiet_pre,0.0,S,0.0,0,0.0,0.0
99702,quiet_pre,0.0,S,0.0,0,0.0,0.0
99797,quiet_pre,0.0,S,0.0,0,0.0,0.0
99893,quiet_pre,0.0,S,0.0,0,0.0,0.0
99989,quiet_pre,0.0,S,0.0,0,0.0,0.0
100083,quiet_pre,0.0,S,0.0,0,0.0,0.0
100179,quiet_pre,0.0,S,0.0,0,0.0,0.0
100275,quiet_pre,0.0,S,0.0,0,0.0,0.0
100371,quiet_pre,0.0,S,0.0,0,0.0,0.0
100466,quiet_pre,0.0,S,0.0,0,0.0,0.0
100562,quiet_pre,0.0,S,0.0,0,0.0,0.0
100658,quiet_pre,0.0,S,0.0,0,0.0,0.0
100754,quiet_pre,0.0,S,0.0,0,0.0,0.0
100850,quiet_pre,0.0,S,0.0,0,0.0,0.0
100944,quiet_pre,0.0,S,0.0,0,0.0,0.0
101039,quiet_pre,0.0,S,0.0,0,0.0,0.0
101135,quiet_pre,0.0,S,0.0,0,0.0,0.0
101231,quiet_pre,0.0,S,0.0,0,0.0,0.0
101327,quiet_pre,0.0,S,0.0,0,0.0,0.0
101423,quiet_pre,0.0,S,0.0,0,0.0,0.0
101519,quiet_pre,0.0,S,0.0,0,0.0,0.0
101614,quiet_pre,0.0,S,0.0,0,0.0,0.0
101710,quiet_pre,0.0,S,0.0,0,0.0,0.0
101804,quiet_pre,0.0,S,0.0,0,0.0,0.0
101900,quiet_pre,0.0,S,0.0,0,0.0,0.0
101996,quiet_pre,0.0,S,0.0,0,0.0,0.0
102092,quiet_pre,0.0,S,0.0,0,0.0,0.0
102188,quiet_pre,0.0,S,0.0,0,0.0,0.0
102283,quiet_pre,0.0,S,0.0,0,0.0,0.0
102379,quiet_pre,0.0,S,0.0,0,0.0,0.0
102475,quiet_pre,0.0,S,0.0,0,0.0,0.0
102571,quiet_pre,0.0,S,0.0,0,0.0,0.0
102665,quiet_pre,0.0,S,0.0,0,0.0,0.0
102761,quiet_pre,0.0,S,0.0,0,0.0,0.0
102856,quiet_pre,0.0,S,0.0,0,0.0,0.0
102952,quiet_pre,0.0,S,0.0,0,0.0,0.0
103048,quiet_pre,0.0,S,0.0,0,0.0,0.0
103144,quiet_pre,0.0,S,0.0,0,0.0,0.0
103240,quiet_pre,0.0,S,0.0,0,0.0,0.0
103336,quiet_pre,0.0,S,0.0,0,0.0,0.0
103432,quiet_pre,0.0,S,0.0,0,0.0,0.0
103527,quiet_pre,0.0,S,0.0,0,0.0,0.0
103621,quiet_pre,0.0,S,0.0,0,0.0,0.0
103717,quiet_pre,0.0,S,0.0,0,0.0,0.0
103813,quiet_pre,0.0,S,0.0,0,0.0,0.0
103909,quiet_pre,0.0,S,0.0,0,0.0,0.0
104005,quiet_pre,0.0,S,0.0,0,0.0,0.0
104100,quiet_pre,0.0,S,0.0,0,0.0,0.0
104196,quiet_pre,0.0,S,0.0,0,0.0,0.0
104292,quiet_pre,0.0,S,0.0,0,0.0,0.0
104388,quiet_pre,0.0,S,0.0,0,0.0,0.0
104482,quiet_pre,0.0,S,0.0,0,0.0,0.0
104578,quiet_pre,0.0,S,0.0,0,0.0,0.0
104674,quiet_pre,0.0,S,0.0,0,0.0,0.0
104769,quiet_pre,0.0,S,0.0,0,0.0,0.0
104865,quiet_pre,0.0,S,0.0,0,0.0,0.0
104961,quiet_pre,0.0,S,0.0,0,0.0,0.0
105057,quiet_pre,0.0,S,0.0,0,0.0,0.0
105153,quiet_pre,0.0,S,0.0,0,0.0,0.0
105249,quiet_pre,0.0,S,0.0,0,0.0,0.0
105342,quiet_pre,0.0,S,0.0,0,0.0,0.0
105438,quiet_pre,0.0,S,0.0,0,0.0,0.0
105534,quiet_pre,0.0,S,0.0,0,0.0,0.0
105630,quiet_pre,0.0,S,0.0,0,0.0,0.0
105726,quiet_pre,0.0,S,0.0,0,0.0,0.0
105822,quiet_pre,0.0,S,0.0,0,0.0,0.0
105918,quiet_pre,0.0,S,0.0,0,0.0,0.0
106013,quiet_pre,0.0,S,0.0,0,0.0,0.0
106109,quiet_pre,0.0,S,0.0,0,0.0,0.0
106205,quiet_pre,0.0,S,0.0,0,0.0,0.0
106299,quiet_pre,0.0,S,0.0,0,0.0,0.0
106395,quiet_pre,0.0,S,0.0,0,0.0,0.0
106491,quiet_pre,0.0,S,0.0,0,0.0,0.0
106586,quiet_pre,0.0,S,0.0,0,0.0,0.0
106682,quiet_pre,0.0,S,0.0,0,0.0,0.0
106778,quiet_pre,0.0,S,0.0,0,0.0,0.0
106874,quiet_pre,0.0,S,0.0,0,0.0,0.0
106970,quiet_pre,0.0,S,0.0,0,0.0,0.0
107066,quiet_pre,0.0,S,0.0,0,0.0,0.0
107159,quiet_pre,0.0,S,0.0,0,0.0,0.0
107255,quiet_pre,0.0,S,0.0,0,0.0,0.0
107351,quiet_pre,0.0,S,0.0,0,0.0,0.0
107447,quiet_pre,0.0,S,0.0,0,0.0,0.0
107543,quiet_pre,0.0,S,0.0,0,0.0,0.0
107639,quiet_pre,0.0,S,0.0,0,0.0,0.0
107735,quiet_pre,0.0,S,0.0,0,0.0,0.0
107830,quiet_pre,0.0,S,0.0,0,0.0,0.0
107926,quiet_pre,0.0,S,0.0,0,0.0,0.0
108020,quiet_pre,0.0,S,0.0,0,0.0,0.0
108116,quiet_pre,0.0,S,0.0,0,0.0,0.0
108212,quiet_pre,0.0,S,0.0,0,0.0,0.0
108308,quiet_pre,0.0,S,0.0,0,0.0,0.0
108404,quiet_pre,0.0,S,0.0,0,0.0,0.0
108499,quiet_pre,0.0,S,0.0,0,0.0,0.0
108595,quiet_pre,0.0,S,0.0,0,0.0,0.0
108691,quiet_pre,0.0,S,0.0,0,0.0,0.0
108787,quiet_pre,0.0,S,0.0,0,0.0,0.0
108881,quiet_pre,0.0,S,0.0,0,0.0,0.0
108977,quiet_pre,0.0,S,0.0,0,0.0,0.0
109072,quiet_pre,0.0,S,0.0,0,0.0,0.0
109168,quiet_pre,0.0,S,0.0,0,0.0,0.0
109264,quiet_pre,0.0,S,0.0,0,0.0,0.0
109360,quiet_pre,0.0,S,0.0,0,0.0,0.0
109456,quiet_pre,0.0,S,0.0,0,0.0,0.0
109552,quiet_pre,0.0,S,0.0,0,0.0,0.0
109648,quiet_pre,0.0,S,0.0,0,0.0,0.0
109743,quiet_pre,0.0,S,0.0,0,0.0,0.0
109837,quiet_pre,0.0,S,0.0,0,0.0,0.0
109933,quiet_pre,0.0,S,0.0,0,0.0,0.0
110029,quiet_pre,0.0,S,0.0,0,0.0,0.0
110125,quiet_pre,0.0,S,0.0,0,0.0,0.0
110221,quiet_pre,0.0,S,0.0,0,0.0,0.0
110316,quiet_pre,0.0,S,0.0,0,0.0,0.0
110412,quiet_pre,0.0,S,0.0,0,0.0,0.0
110508,quiet_pre,0.0,S,0.0,0,0.0,0.0
110604,quiet_pre,0.0,S,0.0,0,0.0,0.0
110698,quiet_pre,0.0,S,0.0,0,0.0,0.0
110794,quiet_pre,0.0,S,0.0,0,0.0,0.0
110890,quiet_pre,0.0,S,0.0,0,0.0,0.0
110986,quiet_pre,0.0,S,0.0,0,0.0,0.0
111081,quiet_pre,0.0,S,0.0,0,0.0,0.0
111177,quiet_pre,0.0,S,0.0,0,0.0,0.0
111273,quiet_pre,0.0,S,0.0,0,0.0,0.0
111369,quiet_pre,0.0,S,0.0,0,0.0,0.0
111465,quiet_pre,0.0,S,0.0,0,0.0,0.0
111558,quiet_pre,0.0,S,0.0,0,0.0,0.0
111654,quiet_pre,0.0,S,0.0,0,0.0,0.0
111750,quiet_pre,0.0,S,0.0,0,0.0,0.0
111852,quiet_pre,0.0,S,0.0,0,0.0,0.0
111942,quiet_pre,0.0,S,0.0,0,0.0,0.0
112038,quiet_pre,0.0,S,0.0,0,0.0,0.0
112133,quiet_pre,0.0,S,0.0,0,0.0,0.0
112229,quiet_pre,0.0,S,0.0,0,0.0,0.0
112325,quiet_pre,0.0,S,0.0,0,0.0,0.0
112421,quiet_pre,0.0,S,0.0,0,0.0,0.0
112515,quiet_pre,0.0,S,0.0,0,0.0,0.0
112611,quiet_pre,0.0,S,0.0,0,0.0,0.0
112707,quiet_pre,0.0,S,0.0,0,0.0,0.0
112803,quiet_pre,0.0,S,0.0,0,0.0,0.0
112898,quiet_pre,0.0,S,0.0,0,0.0,0.0
112994,quiet_pre,0.0,S,0.0,0,0.0,0.0
113090,quiet_pre,0.0,S,0.0,0,0.0,0.0
113186,quiet_pre,0.0,S,0.0,0,0.0,0.0
113282,quiet_pre,0.0,S,0.0,0,0.0,0.0
113376,quiet_pre,0.0,S,0.0,0,0.0,0.0
113471,quiet_pre,0.0,S,0.0,0,0.0,0.0
113567,quiet_pre,0.0,S,0.0,0,0.0,0.0
113663,quiet_pre,0.0,S,0.0,0,0.0,0.0
113759,quiet_pre,0.0,S,0.0,0,0.0,0.0
113855,quiet_pre,0.0,S,0.0,0,0.0,0.0
113951,quiet_pre,0.0,S,0.0,0,0.0,0.0
114046,quiet_pre,0.0,S,0.0,0,0.0,0.0
114142,quiet_pre,0.0,S,0.0,0,0.0,0.0
114236,quiet_pre,0.0,S,0.0,0,0.0,0.0
114332,quiet_pre,0.0,S,0.0,0,0.0,0.0
114428,quiet_pre,0.0,S,0.0,0,0.0,0.0
114524,quiet_pre,0.0,S,0.0,0,0.0,0.0
114620,quiet_pre,0.0,S,0.0,0,0.0,0.0
114715,quiet_pre,0.0,S,0.0,0,0.0,0.0
114811,quiet_pre,0.0,S,0.0,0,0.0,0.0
114907,quiet_pre,0.0,S,0.0,0,0.0,0.0
115003,quiet_pre,0.0,S,0.0,0,0.0,0.0
115097,quiet_pre,0.0,S,0.0,0,0.0,0.0
115193,quiet_pre,0.0,S,0.0,0,0.0,0.0
115289,quiet_pre,0.0,S,0.0,0,0.0,0.0
115384,quiet_pre,0.0,S,0.0,0,0.0,0.0
115480,quiet_pre,0.0,S,0.0,0,0.0,0.0
115576,quiet_pre,0.0,S,0.0,0,0.0,0.0
115672,quiet_pre,0.0,S,0.0,0,0.0,0.0
115768,quiet_pre,0.0,S,0.0,0,0.0,0.0
115864,quiet_pre,0.0,S,0.0,0,0.0,0.0
115959,quiet_pre,0.0,S,0.0,0,0.0,0.0
116053,quiet_pre,0.0,S,0.0,0,0.0,0.0
116149,quiet_pre,0.0,S,0.0,0,0.0,0.0
116245,quiet_pre,0.0,S,0.0,0,0.0,0.0
116341,quiet_pre,0.0,S,0.0,0,0.0,0.0
116437,quiet_pre,0.0,S,0.0,0,0.0,0.0
116532,quiet_pre,0.0,S,0.0,0,0.0,0.0
116629,quiet_pre,0.0,S,0.0,0,0.0,0.0
116724,quiet_pre,0.0,S,0.0,0,0.0,0.0
116820,quiet_pre,0.0,S,0.0,0,0.0,0.0
116914,quiet_pre,0.0,S,0.0,0,0.0,0.0
117010,quiet_pre,0.0,S,0.0,0,0.0,0.0
117106,quiet_pre,0.0,S,0.0,0,0.0,0.0
117201,quiet_pre,0.0,S,0.0,0,0.0,0.0
117297,quiet_pre,0.0,S,0.0,0,0.0,0.0
117393,quiet_pre,0.0,S,0.0,0,0.0,0.0
117489,quiet_pre,0.0,S,0.0,0,0.0,0.0
117585,quiet_pre,0.0,S,0.0,0,0.0,0.0
117681,quiet_pre,0.0,S,0.0,0,0.0,0.0
117774,quiet_pre,0.0,S,0.0,0,0.0,0.0
117870,quiet_pre,0.0,S,0.0,0,0.0,0.0
117966,quiet_pre,0.0,S,0.0,0,0.0,0.0
118062,quiet_pre,0.0,S,0.0,0,0.0,0.0
118158,quiet_pre,0.0,S,0.0,0,0.0,0.0
118254,quiet_pre,0.0,S,0.0,0,0.0,0.0
118350,quiet_pre,0.0,S,0.0,0,0.0,0.0
118445,quiet_pre,0.0,S,0.0,0,0.0,0.0
118541,quiet_pre,0.0,S,0.0,0,0.0,0.0
118637,quiet_pre,0.0,S,0.0,0,0.0,0.0
118731,quiet_pre,0.0,S,0.0,0,0.0,0.0
118827,quiet_pre,0.0,S,0.0,0,0.0,0.0
118923,quiet_pre,0.0,S,0.0,0,0.0,0.0
119018,quiet_pre,0.0,S,0.0,0,0.0,0.0
119114,quiet_pre,0.0,S,0.0,0,0.0,0.0
119210,quiet_pre,0.0,S,0.0,0,0.0,0.0
119306,quiet_pre,0.0,S,0.0,0,0.0,0.0
119402,quiet_pre,0.0,S,0.0,0,0.0,0.0
119498,quiet_pre,0.0,S,0.0,0,0.0,0.0
119592,quiet_pre,0.0,S,0.0,0,0.0,0.0
119688,quiet_pre,0.0,S,0.0,0,0.0,0.0
119783,quiet_pre,0.0,S,0.0,0,0.0,0.0
119879,quiet_pre,0.0,S,0.0,0,0.0,0.0
119975,quiet_pre,0.0,S,0.0,0,0.0,0.0
120071,quiet_pre,0.0,S,0.0,0,0.0,0.0
120167,quiet_pre,0.0,S,0.0,0,0.0,0.0
120262,quiet_pre,0.0,S,0.0,0,0.0,0.0
120358,quiet_pre,0.0,S,0.0,0,0.0,0.0
120452,quiet_pre,0.0,S,0.0,0,0.0,0.0
120548,quiet_pre,0.0,S,0.0,0,0.0,0.0
120644,quiet_pre,0.0,S,0.0,0,0.0,0.0
120740,quiet_pre,0.0,S,0.0,0,0.0,0.0
120836,quiet_pre,0.0,S,0.0,0,0.0,0.0
120932,quiet_pre,0.0,S,0.0,0,0.0,0.0
121027,quiet_pre,0.0,S,0.0,0,0.0,0.0
121123,quiet_pre,0.0,S,0.0,0,0.0,0.0
121219,quiet_pre,0.0,S,0.0,0,0.0,0.0
121313,quiet_pre,0.0,S,0.0,0,0.0,0.0
121409,quiet_pre,0.0,S,0.0,0,0.0,0.0
121505,quiet_pre,0.0,S,0.0,0,0.0,0.0
121600,quiet_pre,0.0,S,0.0,0,0.0,0.0
121696,tap_single,0.0,S,0.0,0,0.0,0.0
121792,tap_single,0.0,S,0.0,0,0.0,0.0
121888,tap_single,0.0,S,0.0,0,0.0,0.0
121984,tap_single,0.0,S,0.0,0,0.0,0.0
122080,tap_single,0.0,S,0.0,0,0.0,0.0
122176,tap_single,0.0,S,0.0,0,0.0,0.0
122269,tap_single,0.0,S,0.0,0,0.0,0.0
122365,tap_single,0.0,S,0.0,0,0.0,0.0
122461,tap_single,0.0,S,0.0,0,0.0,0.0
122557,tap_single,0.0,S,0.0,0,0.0,0.0
122653,tap_single,0.0,S,0.0,0,0.0,0.0
122846,tap_single,0.0,S,0.0,1,0.0,0.0
122940,tap_single,0.0,S,0.0,1,0.0,0.0
123036,tap_single,0.0,S,0.0,1,0.0,0.0
123130,tap_single,0.0,S,0.0,1,0.0,0.0
123226,tap_single,0.0,S,0.0,1,0.0,0.0
123322,tap_single,0.0,S,0.0,1,0.0,0.0
123418,tap_single,0.0,S,0.0,1,0.0,0.0
123513,tap_single,0.0,S,0.0,1,0.0,0.0
123609,tap_single,0.0,S,0.0,1,0.0,0.0
123705,tap_single,0.0,S,0.0,1,0.0,0.0
123801,tap_single,0.0,S,0.0,1,0.0,0.0
123897,tap_single,0.0,S,0.0,1,0.0,0.0
123991,tap_single,0.0,S,0.0,1,0.0,0.0
124086,tap_single,0.0,S,0.0,1,0.0,0.0
124182,tap_single,0.0,S,0.0,1,0.0,0.0
124278,tap_single,0.0,S,0.0,1,0.0,0.0
124374,tap_single,0.0,S,0.0,1,0.0,0.0
124470,tap_single,0.0,S,0.0,1,0.0,0.0
124578,tap_single,0.0,S,0.0,1,0.0,0.0
124757,tap_single,0.0,S,0.0,1,0.0,0.0
124853,tap_single,0.0,S,0.0,1,0.0,0.0
124947,tap_single,0.0,S,0.0,1,0.0,0.0
125043,tap_single,0.0,S,0.0,1,0.0,0.0
125139,tap_single,0.0,S,0.0,1,0.0,0.0
125235,tap_single,0.0,S,0.0,1,0.0,0.0
125330,tap_single,0.0,S,0.0,1,0.0,0.0
125426,tap_single,0.0,S,0.0,1,0.0,0.0
125522,tap_single,0.0,S,0.0,1,0.0,0.0
125618,tap_single,0.0,S,0.0,1,0.0,0.0
125714,tap_single,0.0,S,0.0,1,0.0,0.0
125808,tap_single,0.0,S,0.0,1,0.0,0.0
125904,tap_single,0.0,S,0.0,1,0.0,0.0
125999,tap_single,0.0,S,0.0,1,0.0,0.0
126095,tap_single,0.0,S,0.0,1,0.0,0.0
126191,tap_single,0.0,S,0.0,1,0.0,0.0
126287,tap_single,0.0,S,0.0,1,0.0,0.0
126383,tap_single,0.0,S,0.0,1,0.0,0.0
126479,tap_single,0.0,S,0.0,1,0.0,0.0
126574,tap_single,0.0,S,0.0,1,0.0,0.0
126668,tap_single,0.0,S,0.0,1,0.0,0.0
126764,tap_single,0.0,S,0.0,1,0.0,0.0
126860,tap_single,0.0,S,0.0,1,0.0,0.0
126956,tap_single,0.0,S,0.0,1,0.0,0.0
127052,tap_single,0.0,S,0.0,1,0.0,0.0
127147,tap_single,0.0,S,0.0,1,0.0,0.0
127243,tap_single,0.0,S,0.0,1,0.0,0.0
127339,tap_single,0.0,S,0.0,1,0.0,0.0
127435,tap_single,0.0,S,0.0,1,0.0,0.0
127529,tap_single,0.0,S,0.0,1,0.0,0.0
127625,tap_single,0.0,S,0.0,1,0.0,0.0
127721,tap_single,0.0,S,0.0,1,0.0,0.0
127816,tap_single,0.0,S,0.0,1,0.0,0.0
127912,tap_single,0.0,S,0.0,1,0.0,0.0
128008,tap_single,0.0,S,0.0,1,0.0,0.0
128104,tap_single,0.0,S,0.0,1,0.0,0.0
128200,tap_single,0.0,S,0.0,1,0.0,0.0
128296,tap_single,0.0,S,0.0,1,0.0,0.0
128391,tap_single,0.0,S,0.0,1,0.0,0.0
128485,tap_single,0.0,S,0.0,1,0.0,0.0
128581,tap_single,0.0,S,0.0,1,0.0,0.0
128677,tap_single,0.0,S,0.0,1,0.0,0.0
128773,tap_single,0.0,S,0.0,1,0.0,0.0
128966,tap_single,0.0,S,0.0,2,0.0,0.0
129060,tap_single,0.0,S,0.0,2,0.0,0.0
129156,tap_single,0.0,S,0.0,2,0.0,0.0
129252,tap_single,0.0,S,0.0,2,0.0,0.0
129346,tap_single,0.0,S,0.0,2,0.0,0.0
129442,tap_single,0.0,S,0.0,2,0.0,0.0
129538,tap_single,0.0,S,0.0,2,0.0,0.0
129633,tap_single,0.0,S,0.0,2,0.0,0.0
129729,tap_single,0.0,S,0.0,2,0.0,0.0
129825,tap_single,0.0,S,0.0,2,0.0,0.0
129921,tap_single,0.0,S,0.0,2,0.0,0.0
130017,tap_single,0.0,S,0.0,2,0.0,0.0
130113,tap_single,0.0,S,0.0,2,0.0,0.0
130207,tap_single,0.0,S,0.0,2,0.0,0.0
130303,tap_single,0.0,S,0.0,2,0.0,0.0
130398,tap_single,0.0,S,0.0,2,0.0,0.0
130494,tap_single,0.0,S,0.0,2,0.0,0.0
130590,tap_single,0.0,S,0.0,2,0.0,0.0
130686,tap_single,0.0,S,0.0,2,0.0,0.0
130782,tap_single,0.0,S,0.0,2,0.0,0.0
130877,tap_single,0.0,S,0.0,2,0.0,0.0
130973,tap_single,0.0,S,0.0,2,0.0,0.0
131069,tap_single,0.0,S,0.0,2,0.0,0.0
131163,tap_single,0.0,S,0.0,2,0.0,0.0
131259,tap_single,0.0,S,0.0,2,0.0,0.0
131355,tap_single,0.0,S,0.0,2,0.0,0.0
131451,tap_single,0.0,S,0.0,2,0.0,0.0
131546,tap_single,0.0,S,0.0,2,0.0,0.0
131642,tap_single,0.0,S,0.0,2,0.0,0.0
131738,tap_single,0.0,S,0.0,2,0.0,0.0
131834,tap_single,0.0,S,0.0,2,0.0,0.0
131930,tap_single,0.0,S,0.0,2,0.0,0.0
132024,tap_single,0.0,S,0.0,2,0.0,0.0
132119,tap_single,0.0,S,0.0,2,0.0,0.0
132215,tap_single,0.0,S,0.0,2,0.0,0.0
132311,tap_single,0.0,S,0.0,2,0.0,0.0
132407,tap_single,0.0,S,0.0,2,0.0,0.0
132503,tap_single,0.0,S,0.0,2,0.0,0.0
132599,tap_single,0.0,S,0.0,2,0.0,0.0
132694,tap_single,0.0,S,0.0,2,0.0,0.0
132790,tap_single,0.0,S,0.0,2,0.0,0.0
132884,tap_single,0.0,S,0.0,2,0.0,0.0
132980,tap_single,0.0,S,0.0,2,0.0,0.0
133076,tap_single,0.0,S,0.0,2,0.0,0.0
133172,tap_single,0.0,S,0.0,2,0.0,0.0
133268,tap_single,0.0,S,0.0,2,0.0,0.0
133363,tap_single,0.0,S,0.0,2,0.0,0.0
133459,tap_single,0.0,S,0.0,2,0.0,0.0
133555,tap_single,0.0,S,0.0,2,0.0,0.0
133651,tap_single,0.0,S,0.0,2,0.0,0.0
133745,tap_single,0.0,S,0.0,2,0.0,0.0
133841,tap_single,0.0,S,0.0,2,0.0,0.0
133937,tap_single,0.0,S,0.0,2,0.0,0.0
134033,tap_single,0.0,S,0.0,2,0.0,0.0
134128,tap_single,0.0,S,0.0,2,0.0,0.0
134224,tap_single,0.0,S,0.0,2,0.0,0.0
134320,tap_single,0.0,S,0.0,2,0.0,0.0
134416,tap_single,0.0,S,0.0,2,0.0,0.0
134512,tap_single,0.0,S,0.0,2,0.0,0.0
134608,tap_single,0.0,S,0.0,2,0.0,0.0
134701,tap_single,0.0,S,0.0,2,0.0,0.0
134797,tap_single,0.0,S,0.0,2,0.0,0.0
134893,tap_single,0.0,S,0.0,2,0.0,0.0
135086,tap_single,0.0,S,0.0,3,0.0,0.0
135181,tap_single,0.0,S,0.0,3,0.0,0.0
135276,tap_single,0.0,S,0.0,3,0.0,0.0
135372,tap_single,0.0,S,0.0,3,0.0,0.0
135468,tap_single,0.0,S,0.0,3,0.0,0.0
135562,tap_single,0.0,S,0.0,3,0.0,0.0
135658,tap_single,0.0,S,0.0,3,0.0,0.0
135754,tap_single,0.0,S,0.0,3,0.0,0.0
135850,tap_single,0.0,S,0.0,3,0.0,0.0
135945,tap_single,0.0,S,0.0,3,0.0,0.0
136041,tap_single,0.0,S,0.0,3,0.0,0.0
136137,tap_single,0.0,S,0.0,3,0.0,0.0
136233,tap_single,0.0,S,0.0,3,0.0,0.0
136329,tap_single,0.0,S,0.0,3,0.0,0.0
136423,tap_single,0.0,S,0.0,3,0.0,0.0
136518,tap_single,0.0,S,0.0,3,0.0,0.0
136615,tap_single,0.0,S,0.0,3,0.0,0.0
136710,tap_single,0.0,S,0.0,3,0.0,0.0
136806,tap_single,0.0,S,0.0,3,0.0,0.0
136902,tap_single,0.0,S,0.0,3,0.0,0.0
136998,tap_single,0.0,S,0.0,3,0.0,0.0
137094,tap_single,0.0,S,0.0,3,0.0,0.0
137189,tap_single,0.0,S,0.0,3,0.0,0.0
137285,tap_single,0.0,S,0.0,3,0.0,0.0
137379,tap_single,0.0,S,0.0,3,0.0,0.0
137480,tap_single,0.0,S,0.0,3,0.0,0.0
137571,tap_single,0.0,S,0.0,3,0.0,0.0
137667,tap_single,0.0,S,0.0,3,0.0,0.0
137762,tap_single,0.0,S,0.0,3,0.0,0.0
137858,tap_single,0.0,S,0.0,3,0.0,0.0
137954,tap_single,0.0,S,0.0,3,0.0,0.0
138050,tap_single,0.0,S,0.0,3,0.0,0.0
138146,tap_single,0.0,S,0.0,3,0.0,0.0
138240,tap_single,0.0,S,0.0,3,0.0,0.0
138336,tap_single,0.0,S,0.0,3,0.0,0.0
138431,tap_single,0.0,S,0.0,3,0.0,0.0
138527,tap_single,0.0,S,0.0,3,0.0,0.0
138623,tap_single,0.0,S,0.0,3,0.0,0.0
138719,tap_single,0.0,S,0.0,3,0.0,0.0
138815,tap_single,0.0,S,0.0,3,0.0,0.0
138911,tap_single,0.0,S,0.0,3,0.0,0.0
139006,tap_single,0.0,S,0.0,3,0.0,0.0
139100,tap_single,0.0,S,0.0,3,0.0,0.0
139196,tap_single,0.0,S,0.0,3,0.0,0.0
139292,tap_single,0.0,S,0.0,3,0.0,0.0
139388,tap_single,0.0,S,0.0,3,0.0,0.0
139484,tap_single,0.0,S,0.0,3,0.0,0.0
139579,tap_single,0.0,S,0.0,3,0.0,0.0
139675,tap_single,0.0,S,0.0,3,0.0,0.0
139771,tap_single,0.0,S,0.0,3,0.0,0.0
139867,tap_single,0.0,S,0.0,3,0.0,0.0
139961,tap_single,0.0,S,0.0,3,0.0,0.0
140057,tap_single,0.0,S,0.0,3,0.0,0.0
140153,tap_single,0.0,S,0.0,3,0.0,0.0
140248,tap_single,0.0,S,0.0,3,0.0,0.0
140344,tap_single,0.0,S,0.0,3,0.0,0.0
140440,tap_single,0.0,S,0.0,3,0.0,0.0
140536,tap_single,0.0,S,0.0,3,0.0,0.0
140632,tap_single,0.0,S,0.0,3,0.0,0.0
140728,tap_single,0.0,S,0.0,3,0.0,0.0
140824,tap_single,0.0,S,0.0,3,0.0,0.0
140918,tap_single,0.0,S,0.0,3,0.0,0.0
141013,tap_single,0.0,S,0.0,3,0.0,0.0
141206,tap_single,0.0,S,0.0,4,0.0,0.0
141301,tap_single,0.0,S,0.0,4,0.0,0.0
141397,tap_single,0.0,S,0.0,4,0.0,0.0
141492,tap_single,0.0,S,0.0,4,0.0,0.0
141588,tap_single,0.0,S,0.0,4,0.0,0.0
141684,tap_single,0.0,S,0.0,4,0.0,0.0
141778,tap_single,0.0,S,0.0,4,0.0,0.0
141874,tap_single,0.0,S,0.0,4,0.0,0.0
141970,tap_single,0.0,S,0.0,4,0.0,0.0
142065,tap_single,0.0,S,0.0,4,0.0,0.0
142161,tap_single,0.0,S,0.0,4,0.0,0.0
142257,tap_single,0.0,S,0.0,4,0.0,0.0
142353,tap_single,0.0,S,0.0,4,0.0,0.0
142449,tap_single,0.0,S,0.0,4,0.0,0.0
142545,tap_single,0.0,S,0.0,4,0.0,0.0
142639,tap_single,0.0,S,0.0,4,0.0,0.0
142734,tap_single,0.0,S,0.0,4,0.0,0.0
142830,tap_single,0.0,S,0.0,4,0.0,0.0
142926,tap_single,0.0,S,0.0,4,0.0,0.0
143022,tap_single,0.0,S,0.0,4,0.0,0.0
143118,tap_single,0.0,S,0.0,4,0.0,0.0
143214,tap_single,0.0,S,0.0,4,0.0,0.0
143309,tap_single,0.0,S,0.0,4,0.0,0.0
143405,tap_single,0.0,S,0.0,4,0.0,0.0
143501,tap_single,0.0,S,0.0,4,0.0,0.0
143595,tap_single,0.0,S,0.0,4,0.0,0.0
143691,tap_single,0.0,S,0.0,4,0.0,0.0
143787,tap_single,0.0,S,0.0,4,0.0,0.0
143883,tap_single,0.0,S,0.0,4,0.0,0.0
143979,tap_single,0.0,S,0.0,4,0.0,0.0
144074,tap_single,0.0,S,0.0,4,0.0,0.0
144170,tap_single,0.0,S,0.0,4,0.0,0.0
144266,tap_single,0.0,S,0.0,4,0.0,0.0
144362,tap_single,0.0,S,0.0,4,0.0,0.0
144456,tap_single,0.0,S,0.0,4,0.0,0.0
144552,tap_single,0.0,S,0.0,4,0.0,0.0
144647,tap_single,0.0,S,0.0,4,0.0,0.0
144743,tap_single,0.0,S,0.0,4,0.0,0.0
144839,tap_single,0.0,S,0.0,4,0.0,0.0
144935,tap_single,0.0,S,0.0,4,0.0,0.0
145031,tap_single,0.0,S,0.0,4,0.0,0.0
145127,tap_single,0.0,S,0.0,4,0.0,0.0
145223,tap_single,0.0,S,0.0,4,0.0,0.0
145316,tap_single,0.0,S,0.0,4,0.0,0.0
145412,tap_single,0.0,S,0.0,4,0.0,0.0
145508,tap_single,0.0,S,0.0,4,0.0,0.0
145604,tap_single,0.0,S,0.0,4,0.0,0.0
145700,tap_single,0.0,S,0.0,4,0.0,0.0
145796,tap_single,0.0,S,0.0,4,0.0,0.0
145891,tap_single,0.0,S,0.0,4,0.0,0.0
145987,tap_single,0.0,S,0.0,4,0.0,0.0
146083,tap_single,0.0,S,0.0,4,0.0,0.0
146177,tap_single,0.0,S,0.0,4,0.0,0.0
146273,tap_single,0.0,S,0.0,4,0.0,0.0
146369,tap_single,0.0,S,0.0,4,0.0,0.0
146465,tap_single,0.0,S,0.0,4,0.0,0.0
146560,tap_single,0.0,S,0.0,4,0.0,0.0
146656,tap_single,0.0,S,0.0,4,0.0,0.0
146752,tap_single,0.0,S,0.0,4,0.0,0.0
146848,tap_single,0.0,S,0.0,4,0.0,0.0
146944,tap_single,0.0,S,0.0,4,0.0,0.0
147040,tap_single,0.0,S,0.0,4,0.0,0.0
147133,tap_single,0.0,S,0.0,4,0.0,0.0
147326,tap_single,0.0,S,0.0,5,0.0,0.0
147421,tap_single,0.0,S,0.0,5,0.0,0.0
147517,tap_single,0.0,S,0.0,5,0.0,0.0
147613,tap_single,0.0,S,0.0,5,0.0,0.0
147709,tap_single,0.0,S,0.0,5,0.0,0.0
147804,tap_single,0.0,S,0.0,5,0.0,0.0
147900,tap_single,0.0,S,0.0,5,0.0,0.0
147994,tap_single,0.0,S,0.0,5,0.0,0.0
148090,tap_single,0.0,S,0.0,5,0.0,0.0
148186,tap_single,0.0,S,0.0,5,0.0,0.0
148282,tap_single,0.0,S,0.0,5,0.0,0.0
148377,tap_single,0.0,S,0.0,5,0.0,0.0
148473,tap_single,0.0,S,0.0,5,0.0,0.0
148569,tap_single,0.0,S,0.0,5,0.0,0.0
148665,tap_single,0.0,S,0.0,5,0.0,0.0
148761,tap_single,0.0,S,0.0,5,0.0,0.0
148855,tap_single,0.0,S,0.0,5,0.0,0.0
148951,tap_single,0.0,S,0.0,5,0.0,0.0
149046,tap_single,0.0,S,0.0,5,0.0,0.0
149142,tap_single,0.0,S,0.0,5,0.0,0.0
149238,tap_single,0.0,S,0.0,5,0.0,0.0
149334,tap_single,0.0,S,0.0,5,0.0,0.0
149430,tap_single,0.0,S,0.0,5,0.0,0.0
149526,tap_single,0.0,S,0.0,5,0.0,0.0
149621,tap_single,0.0,S,0.0,5,0.0,0.0
149715,tap_single,0.0,S,0.0,5,0.0,0.0
149811,tap_single,0.0,S,0.0,5,0.0,0.0
149907,tap_single,0.0,S,0.0,5,0.0,0.0
150015,tap_single,0.0,S,0.0,5,0.0,0.0
150194,tap_single,0.0,S,0.0,5,0.0,0.0
150291,tap_single,0.0,S,0.0,5,0.0,0.0
150386,tap_single,0.0,S,0.0,5,0.0,0.0
150482,tap_single,0.0,S,0.0,5,0.0,0.0
150578,tap_single,0.0,S,0.0,5,0.0,0.0
150672,tap_single,0.0,S,0.0,5,0.0,0.0
150768,tap_single,0.0,S,0.0,5,0.0,0.0
150863,tap_single,0.0,S,0.0,5,0.0,0.0
150959,tap_single,0.0,S,0.0,5,0.0,0.0
151055,tap_single,0.0,S,0.0,5,0.0,0.0
151151,tap_single,0.0,S,0.0,5,0.0,0.0
151247,tap_single,0.0,S,0.0,5,0.0,0.0
151343,tap_single,0.0,S,0.0,5,0.0,0.0
151438,tap_single,0.0,S,0.0,5,0.0,0.0
151532,tap_single,0.0,S,0.0,5,0.0,0.0
151628,tap_single,0.0,S,0.0,5,0.0,0.0
151724,tap_single,0.0,S,0.0,5,0.0,0.0
151820,tap_single,0.0,S,0.0,5,0.0,0.0
151916,tap_single,0.0,S,0.0,5,0.0,0.0
152012,tap_single,0.0,S,0.0,5,0.0,0.0
152107,tap_single,0.0,S,0.0,5,0.0,0.0
152203,tap_single,0.0,S,0.0,5,0.0,0.0
152299,tap_single,0.0,S,0.0,5,0.0,0.0
152393,tap_single,0.0,S,0.0,5,0.0,0.0
152489,tap_single,0.0,S,0.0,5,0.0,0.0
152585,tap_single,0.0,S,0.0,5,0.0,0.0
152680,tap_single,0.0,S,0.0,5,0.0,0.0
152776,tap_single,0.0,S,0.0,5,0.0,0.0
152872,tap_single,0.0,S,0.0,5,0.0,0.0
152968,tap_single,0.0,S,0.0,5,0.0,0.0
153064,tap_single,0.0,S,0.0,5,0.0,0.0
153160,tap_single,0.0,S,0.0,5,0.0,0.0
153256,tap_single,0.0,S,0.0,5,0.0,0.0
153449,tap_single,0.0,S,0.0,6,0.0,0.0
153541,tap_single,0.0,S,0.0,6,0.0,0.0
153637,tap_single,0.0,S,0.0,6,0.0,0.0
153733,tap_single,0.0,S,0.0,6,0.0,0.0
153829,tap_single,0.0,S,0.0,6,0.0,0.0
153925,tap_single,0.0,S,0.0,6,0.0,0.0
154020,tap_single,0.0,S,0.0,6,0.0,0.0
154116,tap_single,0.0,S,0.0,6,0.0,0.0
154210,tap_single,0.0,S,0.0,6,0.0,0.0
154306,tap_single,0.0,S,0.0,6,0.0,0.0
154402,tap_single,0.0,S,0.0,6,0.0,0.0
154498,tap_single,0.0,S,0.0,6,0.0,0.0
154593,tap_single,0.0,S,0.0,6,0.0,0.0
154689,tap_single,0.0,S,0.0,6,0.0,0.0
154785,tap_single,0.0,S,0.0,6,0.0,0.0
154881,tap_single,0.0,S,0.0,6,0.0,0.0
154977,tap_single,0.0,S,0.0,6,0.0,0.0
155071,tap_single,0.0,S,0.0,6,0.0,0.0
155166,tap_single,0.0,S,0.0,6,0.0,0.0
155263,tap_single,0.0,S,0.0,6,0.0,0.0
155358,tap_single,0.0,S,0.0,6,0.0,0.0
155454,tap_single,0.0,S,0.0,6,0.0,0.0
155550,tap_single,0.0,S,0.0,6,0.0,0.0
155646,tap_single,0.0,S,0.0,6,0.0,0.0
155742,tap_single,0.0,S,0.0,6,0.0,0.0
155838,tap_single,0.0,S,0.0,6,0.0,0.0
155931,tap_single,0.0,S,0.0,6,0.0,0.0
156027,tap_single,0.0,S,0.0,6,0.0,0.0
156123,tap_single,0.0,S,0.0,6,0.0,0.0
156219,tap_single,0.0,S,0.0,6,0.0,0.0
156315,tap_single,0.0,S,0.0,6,0.0,0.0
156410,tap_single,0.0,S,0.0,6,0.0,0.0
156506,tap_single,0.0,S,0.0,6,0.0,0.0
156602,tap_single,0.0,S,0.0,6,0.0,0.0
156698,tap_single,0.0,S,0.0,6,0.0,0.0
156794,tap_single,0.0,S,0.0,6,0.0,0.0
156888,tap_single,0.0,S,0.0,6,0.0,0.0
156984,tap_single,0.0,S,0.0,6,0.0,0.0
157080,tap_single,0.0,S,0.0,6,0.0,0.0
157175,tap_single,0.0,S,0.0,6,0.0,0.0
157271,tap_single,0.0,S,0.0,6,0.0,0.0
157367,tap_single,0.0,S,0.0,6,0.0,0.0
157463,tap_single,0.0,S,0.0,6,0.0,0.0
157559,tap_single,0.0,S,0.0,6,0.0,0.0
157655,tap_single,0.0,S,0.0,6,0.0,0.0
157748,tap_single,0.0,S,0.0,6,0.0,0.0
157844,tap_single,0.0,S,0.0,6,0.0,0.0
157940,tap_single,0.0,S,0.0,6,0.0,0.0
158036,tap_single,0.0,S,0.0,6,0.0,0.0
158132,tap_single,0.0,S,0.0,6,0.0,0.0
158228,tap_single,0.0,S,0.0,6,0.0,0.0
158323,tap_single,0.0,S,0.0,6,0.0,0.0
158419,tap_single,0.0,S,0.0,6,0.0,0.0
158515,tap_single,0.0,S,0.0,6,0.0,0.0
158609,tap_single,0.0,S,0.0,6,0.0,0.0
158705,tap_single,0.0,S,0.0,6,0.0,0.0
158801,tap_single,0.0,S,0.0,6,0.0,0.0
158897,tap_single,0.0,S,0.0,6,0.0,0.0
158992,tap_single,0.0,S,0.0,6,0.0,0.0
159088,tap_single,0.0,S,0.0,6,0.0,0.0
159184,tap_single,0.0,S,0.0,6,0.0,0.0
159280,tap_single,0.0,S,0.0,6,0.0,0.0
159376,tap_single,0.0,S,0.0,6,0.0,0.0
159569,tap_single,0.0,S,0.0,7,0.0,0.0
159661,tap_single,0.0,S,0.0,7,0.0,0.0
159757,tap_single,0.0,S,0.0,7,0.0,0.0
159853,tap_single,0.0,S,0.0,7,0.0,0.0
159949,tap_single,0.0,S,0.0,7,0.0,0.0
160045,tap_single,0.0,S,0.0,7,0.0,0.0
160141,tap_single,0.0,S,0.0,7,0.0,0.0
160236,tap_single,0.0,S,0.0,7,0.0,0.0
160332,tap_single,0.0,S,0.0,7,0.0,0.0
160426,tap_single,0.0,S,0.0,7,0.0,0.0
160522,tap_single,0.0,S,0.0,7,0.0,0.0
160618,tap_single,0.0,S,0.0,7,0.0,0.0
160714,tap_single,0.0,S,0.0,7,0.0,0.0
160810,tap_single,0.0,S,0.0,7,0.0,0.0
160905,tap_single,0.0,S,0.0,7,0.0,0.0
161001,tap_single,0.0,S,0.0,7,0.0,0.0
161097,tap_single,0.0,S,0.0,7,0.0,0.0
161193,tap_single,0.0,S,0.0,7,0.0,0.0
161287,tap_single,0.0,S,0.0,7,0.0,0.0
161383,tap_single,0.0,S,0.0,7,0.0,0.0
161478,tap_single,0.0,S,0.0,7,0.0,0.0
161574,tap_single,0.0,S,0.0,7,0.0,0.0
161670,tap_single,0.0,S,0.0,7,0.0,0.0
161766,tap_single,0.0,S,0.0,7,0.0,0.0
161862,tap_single,0.0,S,0.0,7,0.0,0.0
161958,tap_single,0.0,S,0.0,7,0.0,0.0
162053,tap_single,0.0,S,0.0,7,0.0,0.0
162147,tap_single,0.0,S,0.0,7,0.0,0.0
162243,tap_single,0.0,S,0.0,7,0.0,0.0
162339,tap_single,0.0,S,0.0,7,0.0,0.0
162435,tap_single,0.0,S,0.0,7,0.0,0.0
162535,tap_single,0.0,S,0.0,7,0.0,0.0
162627,tap_single,0.0,S,0.0,7,0.0,0.0
162722,tap_single,0.0,S,0.0,7,0.0,0.0
162818,tap_single,0.0,S,0.0,7,0.0,0.0
162914,tap_single,0.0,S,0.0,7,0.0,0.0
163010,tap_single,0.0,S,0.0,7,0.0,0.0
163104,tap_single,0.0,S,0.0,7,0.0,0.0
163200,tap_single,0.0,S,0.0,7,0.0,0.0
163295,tap_single,0.0,S,0.0,7,0.0,0.0
163391,tap_single,0.0,S,0.0,7,0.0,0.0
163487,tap_single,0.0,S,0.0,7,0.0,0.0
163583,tap_single,0.0,S,0.0,7,0.0,0.0
163679,tap_single,0.0,S,0.0,7,0.0,0.0
163775,tap_single,0.0,S,0.0,7,0.0,0.0
163871,tap_single,0.0,S,0.0,7,0.0,0.0
163964,tap_single,0.0,S,0.0,7,0.0,0.0
164060,tap_single,0.0,S,0.0,7,0.0,0.0
164156,tap_single,0.0,S,0.0,7,0.0,0.0
164252,tap_single,0.0,S,0.0,7,0.0,0.0
164348,tap_single,0.0,S,0.0,7,0.0,0.0
164444,tap_single,0.0,S,0.0,7,0.0,0.0
164539,tap_single,0.0,S,0.0,7,0.0,0.0
164635,tap_single,0.0,S,0.0,7,0.0,0.0
164731,tap_single,0.0,S,0.0,7,0.0,0.0
164825,tap_single,0.0,S,0.0,7,0.0,0.0
164921,tap_single,0.0,S,0.0,7,0.0,0.0
165017,tap_single,0.0,S,0.0,7,0.0,0.0
165113,tap_single,0.0,S,0.0,7,0.0,0.0
165208,tap_single,0.0,S,0.0,7,0.0,0.0
165304,tap_single,0.0,S,0.0,7,0.0,0.0
165400,tap_single,0.0,S,0.0,7,0.0,0.0
165496,tap_single,0.0,S,0.0,7,0.0,0.0
165689,tap_single,0.0,S,0.0,8,0.0,0.0
165781,tap_single,0.0,S,0.0,8,0.0,0.0
165877,tap_single,0.0,S,0.0,8,0.0,0.0
165973,tap_single,0.0,S,0.0,8,0.0,0.0
166069,tap_single,0.0,S,0.0,8,0.0,0.0
166165,tap_single,0.0,S,0.0,8,0.0,0.0
166261,tap_single,0.0,S,0.0,8,0.0,0.0
166357,tap_single,0.0,S,0.0,8,0.0,0.0
166452,tap_single,0.0,S,0.0,8,0.0,0.0
166548,tap_single,0.0,S,0.0,8,0.0,0.0
166642,tap_single,0.0,S,0.0,8,0.0,0.0
166738,tap_single,0.0,S,0.0,8,0.0,0.0
166834,tap_single,0.0,S,0.0,8,0.0,0.0
166930,tap_single,0.0,S,0.0,8,0.0,0.0
167026,tap_single,0.0,S,0.0,8,0.0,0.0
167121,tap_single,0.0,S,0.0,8,0.0,0.0
167217,tap_single,0.0,S,0.0,8,0.0,0.0
167313,tap_single,0.0,S,0.0,8,0.0,0.0
167409,tap_single,0.0,S,0.0,8,0.0,0.0
167503,tap_single,0.0,S,0.0,8,0.0,0.0
167599,tap_single,0.0,S,0.0,8,0.0,0.0
167695,tap_single,0.0,S,0.0,8,0.0,0.0
167790,tap_single,0.0,S,0.0,8,0.0,0.0
167886,tap_single,0.0,S,0.0,8,0.0,0.0
167982,tap_single,0.0,S,0.0,8,0.0,0.0
168078,tap_single,0.0,S,0.0,8,0.0,0.0
168174,tap_single,0.0,S,0.0,8,0.0,0.0
168270,tap_single,0.0,S,0.0,8,0.0,0.0
168363,tap_single,0.0,S,0.0,8,0.0,0.0
168459,tap_single,0.0,S,0.0,8,0.0,0.0
168555,tap_single,0.0,S,0.0,8,0.0,0.0
168651,tap_single,0.0,S,0.0,8,0.0,0.0
168747,tap_single,0.0,S,0.0,8,0.0,0.0
168843,tap_single,0.0,S,0.0,8,0.0,0.0
168938,tap_single,0.0,S,0.0,8,0.0,0.0
169034,tap_single,0.0,S,0.0,8,0.0,0.0
169130,tap_single,0.0,S,0.0,8,0.0,0.0
169226,tap_single,0.0,S,0.0,8,0.0,0.0
169320,tap_single,0.0,S,0.0,8,0.0,0.0
169416,tap_single,0.0,S,0.0,8,0.0,0.0
169512,tap_single,0.0,S,0.0,8,0.0,0.0
169607,tap_single,0.0,S,0.0,8,0.0,0.0
169703,tap_single,0.0,S,0.0,8,0.0,0.0
169799,tap_single,0.0,S,0.0,8,0.0,0.0
169895,tap_single,0.0,S,0.0,8,0.0,0.0
169991,tap_single,0.0,S,0.0,8,0.0,0.0
170087,tap_single,0.0,S,0.0,8,0.0,0.0
170180,tap_single,0.0,S,0.0,8,0.0,0.0
170276,tap_single,0.0,S,0.0,8,0.0,0.0
170372,tap_single,0.0,S,0.0,8,0.0,0.0
170468,tap_single,0.0,S,0.0,8,0.0,0.0
170564,tap_single,0.0,S,0.0,8,0.0,0.0
170660,tap_single,0.0,S,0.0,8,0.0,0.0
170756,tap_single,0.0,S,0.0,8,0.0,0.0
170851,tap_single,0.0,S,0.0,8,0.0,0.0
170947,tap_single,0.0,S,0.0,8,0.0,0.0
171041,tap_single,0.0,S,0.0,8,0.0,0.0
171137,tap_single,0.0,S,0.0,8,0.0,0.0
171233,tap_single,0.0,S,0.0,8,0.0,0.0
171329,tap_single,0.0,S,0.0,8,0.0,0.0
171424,tap_single,0.0,S,0.0,8,0.0,0.0
171520,tap_single,0.0,S,0.0,8,0.0,0.0
171616,tap_single,0.0,S,0.0,8,0.0,0.0
171809,tap_single,0.0,S,0.0,9,0.0,0.0
171904,tap_single,0.0,S,0.0,9,0.0,0.0
171997,tap_single,0.0,S,0.0,9,0.0,0.0
172093,tap_single,0.0,S,0.0,9,0.0,0.0
172189,tap_single,0.0,S,0.0,9,0.0,0.0
172285,tap_single,0.0,S,0.0,9,0.0,0.0
172381,tap_single,0.0,S,0.0,9,0.0,0.0
172477,tap_single,0.0,S,0.0,9,0.0,0.0
172573,tap_single,0.0,S,0.0,9,0.0,0.0
172668,tap_single,0.0,S,0.0,9,0.0,0.0
172764,tap_single,0.0,S,0.0,9,0.0,0.0
172858,tap_single,0.0,S,0.0,9,0.0,0.0
172954,tap_single,0.0,S,0.0,9,0.0,0.0
173050,tap_single,0.0,S,0.0,9,0.0,0.0
173146,tap_single,0.0,S,0.0,9,0.0,0.0
173242,tap_single,0.0,S,0.0,9,0.0,0.0
173338,tap_single,0.0,S,0.0,9,0.0,0.0
173433,tap_single,0.0,S,0.0,9,0.0,0.0
173529,tap_single,0.0,S,0.0,9,0.0,0.0
173625,tap_single,0.0,S,0.0,9,0.0,0.0
173719,tap_single,0.0,S,0.0,9,0.0,0.0
173815,tap_single,0.0,S,0.0,9,0.0,0.0
173910,tap_single,0.0,S,0.0,9,0.0,0.0
174006,tap_single,0.0,S,0.0,9,0.0,0.0
174102,tap_single,0.0,S,0.0,9,0.0,0.0
174198,tap_single,0.0,S,0.0,9,0.0,0.0
174294,tap_single,0.0,S,0.0,9,0.0,0.0
174390,tap_single,0.0,S,0.0,9,0.0,0.0
174485,tap_single,0.0,S,0.0,9,0.0,0.0
174579,tap_single,0.0,S,0.0,9,0.0,0.0
174675,tap_single,0.0,S,0.0,9,0.0,0.0
174771,tap_single,0.0,S,0.0,9,0.0,0.0
174867,tap_single,0.0,S,0.0,9,0.0,0.0
174975,tap_single,0.0,S,0.0,9,0.0,0.0
175154,tap_single,0.0,S,0.0,9,0.0,0.0
175250,tap_single,0.0,S,0.0,9,0.0,0.0
175346,tap_single,0.0,S,0.0,9,0.0,0.0
175442,tap_single,0.0,S,0.0,9,0.0,0.0
175536,tap_single,0.0,S,0.0,9,0.0,0.0
175632,tap_single,0.0,S,0.0,9,0.0,0.0
175727,tap_single,0.0,S,0.0,9,0.0,0.0
175823,tap_single,0.0,S,0.0,9,0.0,0.0
175919,tap_single,0.0,S,0.0,9,0.0,0.0
176015,tap_single,0.0,S,0.0,9,0.0,0.0
176112,tap_single,0.0,S,0.0,9,0.0,0.0
176207,tap_single,0.0,S,0.0,9,0.0,0.0
176303,tap_single,0.0,S,0.0,9,0.0,0.0
176396,tap_single,0.0,S,0.0,9,0.0,0.0
176492,tap_single,0.0,S,0.0,9,0.0,0.0
176588,tap_single,0.0,S,0.0,9,0.0,0.0
176684,tap_single,0.0,S,0.0,9,0.0,0.0
176780,tap_single,0.0,S,0.0,9,0.0,0.0
176876,tap_single,0.0,S,0.0,9,0.0,0.0
176972,tap_single,0.0,S,0.0,9,0.0,0.0
177068,tap_single,0.0,S,0.0,9,0.0,0.0
177163,tap_single,0.0,S,0.0,9,0.0,0.0
177257,tap_single,0.0,S,0.0,9,0.0,0.0
177353,tap_single,0.0,S,0.0,9,0.0,0.0
177449,tap_single,0.0,S,0.0,9,0.0,0.0
177545,tap_single,0.0,S,0.0,9,0.0,0.0
177640,tap_single,0.0,S,0.0,9,0.0,0.0
177736,tap_single,0.0,S,0.0,9,0.0,0.0
177929,tap_single,0.0,S,0.0,10,0.0,0.0
178024,tap_single,0.0,S,0.0,10,0.0,0.0
178120,tap_single,0.0,S,0.0,10,0.0,0.0
178213,tap_single,0.0,S,0.0,10,0.0,0.0
178309,tap_single,0.0,S,0.0,10,0.0,0.0
178405,tap_single,0.0,S,0.0,10,0.0,0.0
178501,tap_single,0.0,S,0.0,10,0.0,0.0
178597,tap_single,0.0,S,0.0,10,0.0,0.0
178693,tap_single,0.0,S,0.0,10,0.0,0.0
178789,tap_single,0.0,S,0.0,10,0.0,0.0
178885,tap_single,0.0,S,0.0,10,0.0,0.0
178980,tap_single,0.0,S,0.0,10,0.0,0.0
179074,tap_single,0.0,S,0.0,10,0.0,0.0
179170,tap_single,0.0,S,0.0,10,0.0,0.0
179266,tap_single,0.0,S,0.0,10,0.0,0.0
179362,tap_single,0.0,S,0.0,10,0.0,0.0
179458,tap_single,0.0,S,0.0,10,0.0,0.0
179553,tap_single,0.0,S,0.0,10,0.0,0.0
179649,tap_single,0.0,S,0.0,10,0.0,0.0
179745,tap_single,0.0,S,0.0,10,0.0,0.0
179841,tap_single,0.0,S,0.0,10,0.0,0.0
179935,tap_single,0.0,S,0.0,10,0.0,0.0
180031,tap_single,0.0,S,0.0,10,0.0,0.0
180126,tap_single,0.0,S,0.0,10,0.0,0.0
180222,tap_single,0.0,S,0.0,10,0.0,0.0
180318,tap_single,0.0,S,0.0,10,0.0,0.0
180414,tap_single,0.0,S,0.0,10,0.0,0.0
180510,tap_single,0.0,S,0.0,10,0.0,0.0
180606,tap_single,0.0,S,0.0,10,0.0,0.0
180702,tap_single,0.0,S,0.0,10,0.0,0.0
180795,tap_single,0.0,S,0.0,10,0.0,0.0
180891,tap_single,0.0,S,0.0,10,0.0,0.0
180987,tap_single,0.0,S,0.0,10,0.0,0.0
181083,tap_single,0.0,S,0.0,10,0.0,0.0
181179,tap_single,0.0,S,0.0,10,0.0,0.0
181275,tap_single,0.0,S,0.0,10,0.0,0.0
181371,tap_single,0.0,S,0.0,10,0.0,0.0
181466,tap_single,0.0,S,0.0,10,0.0,0.0
181562,tap_single,0.0,S,0.0,10,0.0,0.0
181658,tap_single,0.0,S,0.0,10,0.0,0.0
181752,tap_single,0.0,S,0.0,10,0.0,0.0
181848,tap_single,0.0,S,0.0,10,0.0,0.0
181944,tap_single,0.0,S,0.0,10,0.0,0.0
182039,tap_single,0.0,S,0.0,10,0.0,0.0
182135,tap_single,0.0,S,0.0,10,0.0,0.0
182231,tap_single,0.0,S,0.0,10,0.0,0.0
182327,tap_single,0.0,S,0.0,10,0.0,0.0
182423,tap_single,0.0,S,0.0,10,0.0,0.0
182519,tap_single,0.0,S,0.0,10,0.0,0.0
182612,tap_single,0.0,S,0.0,10,0.0,0.0
182708,tap_single,0.0,S,0.0,10,0.0,0.0
182804,tap_single,0.0,S,0.0,10,0.0,0.0
182900,tap_single,0.0,S,0.0,10,0.0,0.0
182996,tap_single,0.0,S,0.0,10,0.0,0.0
183092,tap_single,0.0,S,0.0,10,0.0,0.0
183188,tap_single,0.0,S,0.0,10,0.0,0.0
183283,tap_single,0.0,S,0.0,10,0.0,0.0
183379,tap_single,0.0,S,0.0,10,0.0,0.0
183473,tap_single,0.0,S,0.0,10,0.0,0.0
183569,tap_single,0.0,S,0.0,10,0.0,0.0
183665,tap_single,0.0,S,0.0,10,0.0,0.0
183761,tap_single,0.0,S,0.0,10,0.0,0.0
183856,tap_single,0.0,S,0.0,10,0.0,0.0
184049,tap_single,0.0,S,0.0,11,0.0,0.0
184144,tap_single,0.0,S,0.0,11,0.0,0.0
184240,tap_single,0.0,S,0.0,11,0.0,0.0
184336,tap_single,0.0,S,0.0,11,0.0,0.0
184430,tap_single,0.0,S,0.0,11,0.0,0.0
184525,tap_single,0.0,S,0.0,11,0.0,0.0
184621,tap_single,0.0,S,0.0,11,0.0,0.0
184717,tap_single,0.0,S,0.0,11,0.0,0.0
184813,tap_single,0.0,S,0.0,11,0.0,0.0
184909,tap_single,0.0,S,0.0,11,0.0,0.0
185005,tap_single,0.0,S,0.0,11,0.0,0.0
185101,tap_single,0.0,S,0.0,11,0.0,0.0
185196,tap_single,0.0,S,0.0,11,0.0,0.0
185290,tap_single,0.0,S,0.0,11,0.0,0.0
185386,tap_single,0.0,S,0.0,11,0.0,0.0
185482,tap_single,0.0,S,0.0,11,0.0,0.0
185578,tap_single,0.0,S,0.0,11,0.0,0.0
185674,tap_single,0.0,S,0.0,11,0.0,0.0
185769,tap_single,0.0,S,0.0,11,0.0,0.0
185865,tap_single,0.0,S,0.0,11,0.0,0.0
185961,tap_single,0.0,S,0.0,11,0.0,0.0
186057,tap_single,0.0,S,0.0,11,0.0,0.0
186151,tap_single,0.0,S,0.0,11,0.0,0.0
186247,tap_single,0.0,S,0.0,11,0.0,0.0
186343,tap_single,0.0,S,0.0,11,0.0,0.0
186438,tap_single,0.0,S,0.0,11,0.0,0.0
186534,tap_single,0.0,S,0.0,11,0.0,0.0
186630,tap_single,0.0,S,0.0,11,0.0,0.0
186726,tap_single,0.0,S,0.0,11,0.0,0.0
186822,tap_single,0.0,S,0.0,11,0.0,0.0
186918,tap_single,0.0,S,0.0,11,0.0,0.0
187011,tap_single,0.0,S,0.0,11,0.0,0.0
187107,tap_single,0.0,S,0.0,11,0.0,0.0
187203,tap_single,0.0,S,0.0,11,0.0,0.0
187299,tap_single,0.0,S,0.0,11,0.0,0.0
187395,tap_single,0.0,S,0.0,11,0.0,0.0
187495,tap_single,0.0,S,0.0,11,0.0,0.0
187586,tap_single,0.0,S,0.0,11,0.0,0.0
187682,tap_single,0.0,S,0.0,11,0.0,0.0
187778,tap_single,0.0,S,0.0,11,0.0,0.0
187874,tap_single,0.0,S,0.0,11,0.0,0.0
187968,tap_single,0.0,S,0.0,11,0.0,0.0
188064,tap_single,0.0,S,0.0,11,0.0,0.0
188160,tap_single,0.0,S,0.0,11,0.0,0.0
188256,tap_single,0.0,S,0.0,11,0.0,0.0
188351,tap_single,0.0,S,0.0,11,0.0,0.0
188447,tap_single,0.0,S,0.0,11,0.0,0.0
188543,tap_single,0.0,S,0.0,11,0.0,0.0
188639,tap_single,0.0,S,0.0,11,0.0,0.0
188735,tap_single,0.0,S,0.0,11,0.0,0.0
188829,tap_single,0.0,S,0.0,11,0.0,0.0
188924,tap_single,0.0,S,0.0,11,0.0,0.0
189020,tap_single,0.0,S,0.0,11,0.0,0.0
189116,tap_single,0.0,S,0.0,11,0.0,0.0
189212,tap_single,0.0,S,0.0,11,0.0,0.0
189308,tap_single,0.0,S,0.0,11,0.0,0.0
189404,tap_single,0.0,S,0.0,11,0.0,0.0
189500,tap_single,0.0,S,0.0,11,0.0,0.0
189595,tap_single,0.0,S,0.0,11,0.0,0.0
189689,tap_single,0.0,S,0.0,11,0.0,0.0
189785,tap_single,0.0,S,0.0,11,0.0,0.0
189881,tap_single,0.0,S,0.0,11,0.0,0.0
189977,tap_single,0.0,S,0.0,11,0.0,0.0
190170,tap_single,0.0,S,0.0,12,0.0,0.0
190264,tap_single,0.0,S,0.0,12,0.0,0.0
190360,tap_single,0.0,S,0.0,12,0.0,0.0
190456,tap_single,0.0,S,0.0,12,0.0,0.0
190552,tap_single,0.0,S,0.0,12,0.0,0.0
190646,tap_single,0.0,S,0.0,12,0.0,0.0
190741,tap_single,0.0,S,0.0,12,0.0,0.0
190837,tap_single,0.0,S,0.0,12,0.0,0.0
190933,tap_single,0.0,S,0.0,12,0.0,0.0
191029,tap_single,0.0,S,0.0,12,0.0,0.0
191125,tap_single,0.0,S,0.0,12,0.0,0.0
191221,tap_single,0.0,S,0.0,12,0.0,0.0
191317,tap_single,0.0,S,0.0,12,0.0,0.0
191412,tap_single,0.0,S,0.0,12,0.0,0.0
191506,tap_single,0.0,S,0.0,12,0.0,0.0
191602,tap_single,0.0,S,0.0,12,0.0,0.0
191698,tap_single,0.0,S,0.0,12,0.0,0.0
191794,tap_single,0.0,S,0.0,12,0.0,0.0
191890,tap_single,0.0,S,0.0,12,0.0,0.0
191985,tap_single,0.0,S,0.0,12,0.0,0.0
192081,tap_single,0.0,S,0.0,12,0.0,0.0
192177,tap_single,0.0,S,0.0,12,0.0,0.0
192273,tap_single,0.0,S,0.0,12,0.0,0.0
192367,tap_single,0.0,S,0.0,12,0.0,0.0
192463,tap_single,0.0,S,0.0,12,0.0,0.0
192559,tap_single,0.0,S,0.0,12,0.0,0.0
192654,tap_single,0.0,S,0.0,12,0.0,0.0
192750,tap_single,0.0,S,0.0,12,0.0,0.0
192846,tap_single,0.0,S,0.0,12,0.0,0.0
192942,tap_single,0.0,S,0.0,12,0.0,0.0
193038,tap_single,0.0,S,0.0,12,0.0,0.0
193134,tap_single,0.0,S,0.0,12,0.0,0.0
193227,tap_single,0.0,S,0.0,12,0.0,0.0
193323,tap_single,0.0,S,0.0,12,0.0,0.0
193419,tap_single,0.0,S,0.0,12,0.0,0.0
193515,tap_single,0.0,S,0.0,12,0.0,0.0
193611,tap_single,0.0,S,0.0,12,0.0,0.0
193707,tap_single,0.0,S,0.0,12,0.0,0.0
193803,tap_single,0.0,S,0.0,12,0.0,0.0
193898,tap_single,0.0,S,0.0,12,0.0,0.0
193994,tap_single,0.0,S,0.0,12,0.0,0.0
194090,tap_single,0.0,S,0.0,12,0.0,0.0
194184,tap_single,0.0,S,0.0,12,0.0,0.0
194280,tap_single,0.0,S,0.0,12,0.0,0.0
194376,tap_single,0.0,S,0.0,12,0.0,0.0
194471,tap_single,0.0,S,0.0,12,0.0,0.0
194567,tap_single,0.0,S,0.0,12,0.0,0.0
194663,tap_single,0.0,S,0.0,12,0.0,0.0
194759,tap_single,0.0,S,0.0,12,0.0,0.0
194855,tap_single,0.0,S,0.0,12,0.0,0.0
194951,tap_single,0.0,S,0.0,12,0.0,0.0
195044,tap_single,0.0,S,0.0,12,0.0,0.0
195140,tap_single,0.0,S,0.0,12,0.0,0.0
195236,tap_single,0.0,S,0.0,12,0.0,0.0
195332,tap_single,0.0,S,0.0,12,0.0,0.0
195428,tap_single,0.0,S,0.0,12,0.0,0.0
195524,tap_single,0.0,S,0.0,12,0.0,0.0
195620,tap_single,0.0,S,0.0,12,0.0,0.0
195715,tap_single,0.0,S,0.0,12,0.0,0.0
195811,tap_single,0.0,S,0.0,12,0.0,0.0
195905,tap_single,0.0,S,0.0,12,0.0,0.0
196001,tap_single,0.0,S,0.0,12,0.0,0.0
196097,tap_single,0.0,S,0.0,12,0.0,0.0
196290,tap_single,0.0,S,0.0,13,0.0,0.0
196385,tap_single,0.0,S,0.0,13,0.0,0.0
196480,tap_single,0.0,S,0.0,13,0.0,0.0
196576,tap_single,0.0,S,0.0,13,0.0,0.0
196672,tap_single,0.0,S,0.0,13,0.0,0.0
196768,tap_single,0.0,S,0.0,13,0.0,0.0
196862,tap_single,0.0,S,0.0,13,0.0,0.0
196957,tap_single,0.0,S,0.0,13,0.0,0.0
197053,tap_single,0.0,S,0.0,13,0.0,0.0
197149,tap_single,0.0,S,0.0,13,0.0,0.0
197245,tap_single,0.0,S,0.0,13,0.0,0.0
197341,tap_single,0.0,S,0.0,13,0.0,0.0
197437,tap_single,0.0,S,0.0,13,0.0,0.0
197533,tap_single,0.0,S,0.0,13,0.0,0.0
197628,tap_single,0.0,S,0.0,13,0.0,0.0
197722,tap_single,0.0,S,0.0,13,0.0,0.0
197818,tap_single,0.0,S,0.0,13,0.0,0.0
197914,tap_single,0.0,S,0.0,13,0.0,0.0
198010,tap_single,0.0,S,0.0,13,0.0,0.0
198106,tap_single,0.0,S,0.0,13,0.0,0.0
198202,tap_single,0.0,S,0.0,13,0.0,0.0
198297,tap_single,0.0,S,0.0,13,0.0,0.0
198393,tap_single,0.0,S,0.0,13,0.0,0.0
198489,tap_single,0.0,S,0.0,13,0.0,0.0
198583,tap_single,0.0,S,0.0,13,0.0,0.0
198679,tap_single,0.0,S,0.0,13,0.0,0.0
198775,tap_single,0.0,S,0.0,13,0.0,0.0
198870,tap_single,0.0,S,0.0,13,0.0,0.0
198966,tap_single,0.0,S,0.0,13,0.0,0.0
199062,tap_single,0.0,S,0.0,13,0.0,0.0
199158,tap_single,0.0,S,0.0,13,0.0,0.0
199254,tap_single,0.0,S,0.0,13,0.0,0.0
199350,tap_single,0.0,S,0.0,13,0.0,0.0
199444,tap_single,0.0,S,0.0,13,0.0,0.0
199539,tap_single,0.0,S,0.0,13,0.0,0.0
199635,tap_single,0.0,S,0.0,13,0.0,0.0
199731,tap_single,0.0,S,0.0,13,0.0,0.0
199827,tap_single,0.0,S,0.0,13,0.0,0.0
199923,tap_single,0.0,S,0.0,13,0.0,0.0
200024,tap_single,0.0,S,0.0,13,0.0,0.0
200114,tap_single,0.0,S,0.0,13,0.0,0.0
200210,tap_single,0.0,S,0.0,13,0.0,0.0
200306,tap_single,0.0,S,0.0,13,0.0,0.0
200400,tap_single,0.0,S,0.0,13,0.0,0.0
200496,tap_single,0.0,S,0.0,13,0.0,0.0
200592,tap_single,0.0,S,0.0,13,0.0,0.0
200688,tap_single,0.0,S,0.0,13,0.0,0.0
200783,tap_single,0.0,S,0.0,13,0.0,0.0
200879,tap_single,0.0,S,0.0,13,0.0,0.0
200975,tap_single,0.0,S,0.0,13,0.0,0.0
201071,tap_single,0.0,S,0.0,13,0.0,0.0
201167,tap_single,0.0,S,0.0,13,0.0,0.0
201261,tap_single,0.0,S,0.0,13,0.0,0.0
201356,tap_single,0.0,S,0.0,13,0.0,0.0
201452,tap_single,0.0,S,0.0,13,0.0,0.0
201548,tap_single,0.0,S,0.0,13,0.0,0.0
201644,tap_single,0.0,S,0.0,13,0.0,0.0
201740,tap_single,0.0,S,0.0,13,0.0,0.0
201836,tap_single,0.0,S,0.0,13,0.0,0.0
201932,tap_single,0.0,S,0.0,13,0.0,0.0
202027,tap_single,0.0,S,0.0,13,0.0,0.0
202121,tap_single,0.0,S,0.0,13,0.0,0.0
202217,tap_single,0.0,S,0.0,13,0.0,0.0
202410,tap_single,0.0,S,0.0,14,0.0,0.0
202505,tap_single,0.0,S,0.0,14,0.0,0.0
202600,tap_single,0.0,S,0.0,14,0.0,0.0
202696,tap_single,0.0,S,0.0,14,0.0,0.0
202792,tap_single,0.0,S,0.0,14,0.0,0.0
202888,tap_single,0.0,S,0.0,14,0.0,0.0
202984,tap_single,0.0,S,0.0,14,0.0,0.0
203078,tap_single,0.0,S,0.0,14,0.0,0.0
203174,tap_single,0.0,S,0.0,14,0.0,0.0
203269,tap_single,0.0,S,0.0,14,0.0,0.0
203365,tap_single,0.0,S,0.0,14,0.0,0.0
203461,tap_single,0.0,S,0.0,14,0.0,0.0
203557,tap_single,0.0,S,0.0,14,0.0,0.0
203653,tap_single,0.0,S,0.0,14,0.0,0.0
203749,tap_single,0.0,S,0.0,14,0.0,0.0
203844,tap_single,0.0,S,0.0,14,0.0,0.0
203938,tap_single,0.0,S,0.0,14,0.0,0.0
204034,tap_single,0.0,S,0.0,14,0.0,0.0
204130,tap_single,0.0,S,0.0,14,0.0,0.0
204226,tap_single,0.0,S,0.0,14,0.0,0.0
204322,tap_single,0.0,S,0.0,14,0.0,0.0
204418,tap_single,0.0,S,0.0,14,0.0,0.0
204513,tap_single,0.0,S,0.0,14,0.0,0.0
204609,tap_single,0.0,S,0.0,14,0.0,0.0
204705,tap_single,0.0,S,0.0,14,0.0,0.0
204799,tap_single,0.0,S,0.0,14,0.0,0.0
204895,tap_single,0.0,S,0.0,14,0.0,0.0
204991,tap_single,0.0,S,0.0,14,0.0,0.0
205086,tap_single,0.0,S,0.0,14,0.0,0.0
205182,tap_single,0.0,S,0.0,14,0.0,0.0
205278,tap_single,0.0,S,0.0,14,0.0,0.0
205374,tap_single,0.0,S,0.0,14,0.0,0.0
205470,tap_single,0.0,S,0.0,14,0.0,0.0
205566,tap_single,0.0,S,0.0,14,0.0,0.0
205660,tap_single,0.0,S,0.0,14,0.0,0.0
205755,tap_single,0.0,S,0.0,14,0.0,0.0
205851,tap_single,0.0,S,0.0,14,0.0,0.0
205947,tap_single,0.0,S,0.0,14,0.0,0.0
206043,tap_single,0.0,S,0.0,14,0.0,0.0
206139,tap_single,0.0,S,0.0,14,0.0,0.0
206235,tap_single,0.0,S,0.0,14,0.0,0.0
206330,tap_single,0.0,S,0.0,14,0.0,0.0
206426,tap_single,0.0,S,0.0,14,0.0,0.0
206522,tap_single,0.0,S,0.0,14,0.0,0.0
206616,tap_single,0.0,S,0.0,14,0.0,0.0
206712,tap_single,0.0,S,0.0,14,0.0,0.0
206808,tap_single,0.0,S,0.0,14,0.0,0.0
206903,tap_single,0.0,S,0.0,14,0.0,0.0
206999,tap_single,0.0,S,0.0,14,0.0,0.0
207095,tap_single,0.0,S,0.0,14,0.0,0.0
207191,tap_single,0.0,S,0.0,14,0.0,0.0
207287,tap_single,0.0,S,0.0,14,0.0,0.0
207383,tap_single,0.0,S,0.0,14,0.0,0.0
207477,tap_single,0.0,S,0.0,14,0.0,0.0
207572,tap_single,0.0,S,0.0,14,0.0,0.0
207668,tap_single,0.0,S,0.0,14,0.0,0.0
207764,tap_single,0.0,S,0.0,14,0.0,0.0
207860,tap_single,0.0,S,0.0,14,0.0,0.0
207956,tap_single,0.0,S,0.0,14,0.0,0.0
208052,tap_single,0.0,S,0.0,14,0.0,0.0
208147,tap_single,0.0,S,0.0,14,0.0,0.0
208243,tap_single,0.0,S,0.0,14,0.0,0.0
208337,tap_single,0.0,S,0.0,14,0.0,0.0
208530,tap_single,0.0,S,0.0,15,0.0,0.0
208625,tap_single,0.0,S,0.0,15,0.0,0.0
208721,tap_single,0.0,S,0.0,15,0.0,0.0
208817,tap_single,0.0,S,0.0,15,0.0,0.0
208912,tap_single,0.0,S,0.0,15,0.0,0.0
209008,tap_single,0.0,S,0.0,15,0.0,0.0
209104,tap_single,0.0,S,0.0,15,0.0,0.0
209200,tap_single,0.0,S,0.0,15,0.0,0.0
209294,tap_single,0.0,S,0.0,15,0.0,0.0
209390,tap_single,0.0,S,0.0,15,0.0,0.0
209485,tap_single,0.0,S,0.0,15,0.0,0.0
209581,tap_single,0.0,S,0.0,15,0.0,0.0
209677,tap_single,0.0,S,0.0,15,0.0,0.0
209773,tap_single,0.0,S,0.0,15,0.0,0.0
209869,tap_single,0.0,S,0.0,15,0.0,0.0
209965,tap_single,0.0,S,0.0,15,0.0,0.0
210061,tap_single,0.0,S,0.0,15,0.0,0.0
210154,tap_single,0.0,S,0.0,15,0.0,0.0
210250,tap_single,0.0,S,0.0,15,0.0,0.0
210346,tap_single,0.0,S,0.0,15,0.0,0.0
210442,tap_single,0.0,S,0.0,15,0.0,0.0
210538,tap_single,0.0,S,0.0,15,0.0,0.0
210633,tap_single,0.0,S,0.0,15,0.0,0.0
210729,tap_single,0.0,S,0.0,15,0.0,0.0
210825,tap_single,0.0,S,0.0,15,0.0,0.0
210921,tap_single,0.0,S,0.0,15,0.0,0.0
211015,tap_single,0.0,S,0.0,15,0.0,0.0
211111,tap_single,0.0,S,0.0,15,0.0,0.0
211207,tap_single,0.0,S,0.0,15,0.0,0.0
211303,tap_single,0.0,S,0.0,15,0.0,0.0
211398,tap_single,0.0,S,0.0,15,0.0,0.0
211494,tap_single,0.0,S,0.0,15,0.0,0.0
211590,tap_single,0.0,S,0.0,15,0.0,0.0
211686,tap_single,0.0,S,0.0,15,0.0,0.0
211782,tap_single,0.0,S,0.0,15,0.0,0.0
211876,tap_single,0.0,S,0.0,15,0.0,0.0
211971,tap_single,0.0,S,0.0,15,0.0,0.0
212067,tap_single,0.0,S,0.0,15,0.0,0.0
212163,tap_single,0.0,S,0.0,15,0.0,0.0
212259,tap_single,0.0,S,0.0,15,0.0,0.0
212355,tap_single,0.0,S,0.0,15,0.0,0.0
212463,tap_single,0.0,S,0.0,15,0.0,0.0
212642,tap_single,0.0,S,0.0,15,0.0,0.0
212738,tap_single,0.0,S,0.0,15,0.0,0.0
212832,tap_single,0.0,S,0.0,15,0.0,0.0
212928,tap_single,0.0,S,0.0,15,0.0,0.0
213024,tap_single,0.0,S,0.0,15,0.0,0.0
213120,tap_single,0.0,S,0.0,15,0.0,0.0
213215,tap_single,0.0,S,0.0,15,0.0,0.0
213311,tap_single,0.0,S,0.0,15,0.0,0.0
213407,tap_single,0.0,S,0.0,15,0.0,0.0
213503,tap_single,0.0,S,0.0,15,0.0,0.0
213599,tap_single,0.0,S,0.0,15,0.0,0.0
213693,tap_single,0.0,S,0.0,15,0.0,0.0
213788,tap_single,0.0,S,0.0,15,0.0,0.0
213884,tap_single,0.0,S,0.0,15,0.0,0.0
213980,tap_single,0.0,S,0.0,15,0.0,0.0
214076,tap_single,0.0,S,0.0,15,0.0,0.0
214172,tap_single,0.0,S,0.0,15,0.0,0.0
214268,tap_single,0.0,S,0.0,15,0.0,0.0
214364,tap_single,0.0,S,0.0,15,0.0,0.0
214459,tap_single,0.0,S,0.0,15,0.0,0.0
214652,tap_single,0.0,S,0.0,16,0.0,0.0
214745,tap_single,0.0,S,0.0,16,0.0,0.0
214841,tap_single,0.0,S,0.0,16,0.0,0.0
214937,tap_single,0.0,S,0.0,16,0.0,0.0
215032,tap_single,0.0,S,0.0,16,0.0,0.0
215129,tap_single,0.0,S,0.0,16,0.0,0.0
215224,tap_single,0.0,S,0.0,16,0.0,0.0
215320,tap_single,0.0,S,0.0,16,0.0,0.0
215416,tap_single,0.0,S,0.0,16,0.0,0.0
215510,tap_single,0.0,S,0.0,16,0.0,0.0
215606,tap_single,0.0,S,0.0,16,0.0,0.0
215701,tap_single,0.0,S,0.0,16,0.0,0.0
215797,tap_single,0.0,S,0.0,16,0.0,0.0
215893,tap_single,0.0,S,0.0,16,0.0,0.0
215989,tap_single,0.0,S,0.0,16,0.0,0.0
216085,tap_single,0.0,S,0.0,16,0.0,0.0
216181,tap_single,0.0,S,0.0,16,0.0,0.0
216276,tap_single,0.0,S,0.0,16,0.0,0.0
216371,tap_single,0.0,S,0.0,16,0.0,0.0
216466,tap_single,0.0,S,0.0,16,0.0,0.0
216562,tap_single,0.0,S,0.0,16,0.0,0.0
216658,tap_single,0.0,S,0.0,16,0.0,0.0
216754,tap_single,0.0,S,0.0,16,0.0,0.0
216850,tap_single,0.0,S,0.0,16,0.0,0.0
216945,tap_single,0.0,S,0.0,16,0.0,0.0
217041,tap_single,0.0,S,0.0,16,0.0,0.0
217137,tap_single,0.0,S,0.0,16,0.0,0.0
217231,tap_single,0.0,S,0.0,16,0.0,0.0
217327,tap_single,0.0,S,0.0,16,0.0,0.0
217423,tap_single,0.0,S,0.0,16,0.0,0.0
217518,tap_single,0.0,S,0.0,16,0.0,0.0
217614,tap_single,0.0,S,0.0,16,0.0,0.0
217710,tap_single,0.0,S,0.0,16,0.0,0.0
217806,tap_single,0.0,S,0.0,16,0.0,0.0
217902,tap_single,0.0,S,0.0,16,0.0,0.0
217998,tap_single,0.0,S,0.0,16,0.0,0.0
218092,tap_single,0.0,S,0.0,16,0.0,0.0
218188,tap_single,0.0,S,0.0,16,0.0,0.0
218283,tap_single,0.0,S,0.0,16,0.0,0.0
218379,tap_single,0.0,S,0.0,16,0.0,0.0
218475,tap_single,0.0,S,0.0,16,0.0,0.0
218571,tap_single,0.0,S,0.0,16,0.0,0.0
218667,tap_single,0.0,S,0.0,16,0.0,0.0
218763,tap_single,0.0,S,0.0,16,0.0,0.0
218859,tap_single,0.0,S,0.0,16,0.0,0.0
218954,tap_single,0.0,S,0.0,16,0.0,0.0
219048,tap_single,0.0,S,0.0,16,0.0,0.0
219144,tap_single,0.0,S,0.0,16,0.0,0.0
219240,tap_single,0.0,S,0.0,16,0.0,0.0
219336,tap_single,0.0,S,0.0,16,0.0,0.0
219432,tap_single,0.0,S,0.0,16,0.0,0.0
219527,tap_single,0.0,S,0.0,16,0.0,0.0
219623,tap_single,0.0,S,0.0,16,0.0,0.0
219719,tap_single,0.0,S,0.0,16,0.0,0.0
219815,tap_single,0.0,S,0.0,16,0.0,0.0
219909,tap_single,0.0,S,0.0,16,0.0,0.0
220004,tap_single,0.0,S,0.0,16,0.0,0.0
220100,tap_single,0.0,S,0.0,16,0.0,0.0
220196,tap_single,0.0,S,0.0,16,0.0,0.0
220292,tap_single,0.0,S,0.0,16,0.0,0.0
220388,tap_single,0.0,S,0.0,16,0.0,0.0
220484,tap_single,0.0,S,0.0,16,0.0,0.0
220580,tap_single,0.0,S,0.0,16,0.0,0.0
220773,tap_single,0.0,S,0.0,17,0.0,0.0
220865,tap_single,0.0,S,0.0,17,0.0,0.0
220961,tap_single,0.0,S,0.0,17,0.0,0.0
221057,tap_single,0.0,S,0.0,17,0.0,0.0
221153,tap_single,0.0,S,0.0,17,0.0,0.0
221249,tap_single,0.0,S,0.0,17,0.0,0.0
221344,tap_single,0.0,S,0.0,17,0.0,0.0
221440,tap_single,0.0,S,0.0,17,0.0,0.0
221536,tap_single,0.0,S,0.0,17,0.0,0.0
221632,tap_single,0.0,S,0.0,17,0.0,0.0
221726,tap_single,0.0,S,0.0,17,0.0,0.0
221822,tap_single,0.0,S,0.0,17,0.0,0.0
221918,tap_single,0.0,S,0.0,17,0.0,0.0
222013,tap_single,0.0,S,0.0,17,0.0,0.0
222109,tap_single,0.0,S,0.0,17,0.0,0.0
222205,tap_single,0.0,S,0.0,17,0.0,0.0
222301,tap_single,0.0,S,0.0,17,0.0,0.0
222397,tap_single,0.0,S,0.0,17,0.0,0.0
222493,tap_single,0.0,S,0.0,17,0.0,0.0
222586,tap_single,0.0,S,0.0,17,0.0,0.0
222682,tap_single,0.0,S,0.0,17,0.0,0.0
222778,tap_single,0.0,S,0.0,17,0.0,0.0
222874,tap_single,0.0,S,0.0,17,0.0,0.0
222970,tap_single,0.0,S,0.0,17,0.0,0.0
223066,tap_single,0.0,S,0.0,17,0.0,0.0
223161,tap_single,0.0,S,0.0,17,0.0,0.0
223257,tap_single,0.0,S,0.0,17,0.0,0.0
223353,tap_single,0.0,S,0.0,17,0.0,0.0
223447,tap_single,0.0,S,0.0,17,0.0,0.0
223543,tap_single,0.0,S,0.0,17,0.0,0.0
223639,tap_single,0.0,S,0.0,17,0.0,0.0
223735,tap_single,0.0,S,0.0,17,0.0,0.0
223830,tap_single,0.0,S,0.0,17,0.0,0.0
223926,tap_single,0.0,S,0.0,17,0.0,0.0
224022,tap_single,0.0,S,0.0,17,0.0,0.0
224118,tap_single,0.0,S,0.0,17,0.0,0.0
224214,tap_single,0.0,S,0.0,17,0.0,0.0
224308,tap_single,0.0,S,0.0,17,0.0,0.0
224404,tap_single,0.0,S,0.0,17,0.0,0.0
224499,tap_single,0.0,S,0.0,17,0.0,0.0
224595,tap_single,0.0,S,0.0,17,0.0,0.0
224691,tap_single,0.0,S,0.0,17,0.0,0.0
224787,tap_single,0.0,S,0.0,17,0.0,0.0
224883,tap_single,0.0,S,0.0,17,0.0,0.0
224983,tap_single,0.0,S,0.0,17,0.0,0.0
225074,tap_single,0.0,S,0.0,17,0.0,0.0
225170,tap_single,0.0,S,0.0,17,0.0,0.0
225264,tap_single,0.0,S,0.0,17,0.0,0.0
225360,tap_single,0.0,S,0.0,17,0.0,0.0
225456,tap_single,0.0,S,0.0,17,0.0,0.0
225552,tap_single,0.0,S,0.0,17,0.0,0.0
225647,tap_single,0.0,S,0.0,17,0.0,0.0
225743,tap_single,0.0,S,0.0,17,0.0,0.0
225839,tap_single,0.0,S,0.0,17,0.0,0.0
225935,tap_single,0.0,S,0.0,17,0.0,0.0
226031,tap_single,0.0,S,0.0,17,0.0,0.0
226125,tap_single,0.0,S,0.0,17,0.0,0.0
226221,tap_single,0.0,S,0.0,17,0.0,0.0
226316,tap_single,0.0,S,0.0,17,0.0,0.0
226412,tap_single,0.0,S,0.0,17,0.0,0.0
226508,tap_single,0.0,S,0.0,17,0.0,0.0
226604,tap_single,0.0,S,0.0,17,0.0,0.0
226700,tap_single,0.0,S,0.0,17,0.0,0.0
226893,tap_single,0.0,S,0.0,18,0.0,0.0
226986,tap_single,0.0,S,0.0,18,0.0,0.0
227081,tap_single,0.0,S,0.0,18,0.0,0.0
227177,tap_single,0.0,S,0.0,18,0.0,0.0
227273,tap_single,0.0,S,0.0,18,0.0,0.0
227369,tap_single,0.0,S,0.0,18,0.0,0.0
227465,tap_single,0.0,S,0.0,18,0.0,0.0
227560,tap_single,0.0,S,0.0,18,0.0,0.0
227656,tap_single,0.0,S,0.0,18,0.0,0.0
227752,tap_single,0.0,S,0.0,18,0.0,0.0
227848,tap_single,0.0,S,0.0,18,0.0,0.0
227942,tap_single,0.0,S,0.0,18,0.0,0.0
228038,tap_single,0.0,S,0.0,18,0.0,0.0
228133,tap_single,0.0,S,0.0,18,0.0,0.0
228229,tap_single,0.0,S,0.0,18,0.0,0.0
228325,tap_single,0.0,S,0.0,18,0.0,0.0
228421,tap_single,0.0,S,0.0,18,0.0,0.0
228517,tap_single,0.0,S,0.0,18,0.0,0.0
228613,tap_single,0.0,S,0.0,18,0.0,0.0
228709,tap_single,0.0,S,0.0,18,0.0,0.0
228803,tap_single,0.0,S,0.0,18,0.0,0.0
228898,tap_single,0.0,S,0.0,18,0.0,0.0
228994,tap_single,0.0,S,0.0,18,0.0,0.0
229090,tap_single,0.0,S,0.0,18,0.0,0.0
229186,tap_single,0.0,S,0.0,18,0.0,0.0
229282,tap_single,0.0,S,0.0,18,0.0,0.0
229377,tap_single,0.0,S,0.0,18,0.0,0.0
229473,tap_single,0.0,S,0.0,18,0.0,0.0
229569,tap_single,0.0,S,0.0,18,0.0,0.0
229663,tap_single,0.0,S,0.0,18,0.0,0.0
229759,tap_single,0.0,S,0.0,18,0.0,0.0
229855,tap_single,0.0,S,0.0,18,0.0,0.0
229951,tap_single,0.0,S,0.0,18,0.0,0.0
230046,tap_single,0.0,S,0.0,18,0.0,0.0
230142,tap_single,0.0,S,0.0,18,0.0,0.0
230238,tap_single,0.0,S,0.0,18,0.0,0.0
230334,tap_single,0.0,S,0.0,18,0.0,0.0
230430,tap_single,0.0,S,0.0,18,0.0,0.0
230524,tap_single,0.0,S,0.0,18,0.0,0.0
230619,tap_single,0.0,S,0.0,18,0.0,0.0
230716,tap_single,0.0,S,0.0,18,0.0,0.0
230811,tap_single,0.0,S,0.0,18,0.0,0.0
230907,tap_single,0.0,S,0.0,18,0.0,0.0
231003,tap_single,0.0,S,0.0,18,0.0,0.0
231099,tap_single,0.0,S,0.0,18,0.0,0.0
231195,tap_single,0.0,S,0.0,18,0.0,0.0
231290,tap_single,0.0,S,0.0,18,0.0,0.0
231386,tap_single,0.0,S,0.0,18,0.0,0.0
231480,tap_single,0.0,S,0.0,18,0.0,0.0
231576,tap_single,0.0,S,0.0,18,0.0,0.0
231672,tap_single,0.0,S,0.0,18,0.0,0.0
231768,tap_single,0.0,S,0.0,18,0.0,0.0
231864,tap_single,0.0,S,0.0,18,0.0,0.0
231959,tap_single,0.0,S,0.0,18,0.0,0.0
232055,tap_single,0.0,S,0.0,18,0.0,0.0
232151,tap_single,0.0,S,0.0,18,0.0,0.0
232247,tap_single,0.0,S,0.0,18,0.0,0.0
232341,tap_single,0.0,S,0.0,18,0.0,0.0
232437,tap_single,0.0,S,0.0,18,0.0,0.0
232533,tap_single,0.0,S,0.0,18,0.0,0.0
232628,tap_single,0.0,S,0.0,18,0.0,0.0
232724,tap_single,0.0,S,0.0,18,0.0,0.0
232820,tap_single,0.0,S,0.0,18,0.0,0.0
233013,tap_single,0.0,S,0.0,19,0.0,0.0
233108,tap_single,0.0,S,0.0,19,0.0,0.0
233201,tap_single,0.0,S,0.0,19,0.0,0.0
233297,tap_single,0.0,S,0.0,19,0.0,0.0
233393,tap_single,0.0,S,0.0,19,0.0,0.0
233489,tap_single,0.0,S,0.0,19,0.0,0.0
233585,tap_single,0.0,S,0.0,19,0.0,0.0
233681,tap_single,0.0,S,0.0,19,0.0,0.0
233777,tap_single,0.0,S,0.0,19,0.0,0.0
233872,tap_single,0.0,S,0.0,19,0.0,0.0
233968,tap_single,0.0,S,0.0,19,0.0,0.0
234064,tap_single,0.0,S,0.0,19,0.0,0.0
234158,tap_single,0.0,S,0.0,19,0.0,0.0
234254,tap_single,0.0,S,0.0,19,0.0,0.0
234350,tap_single,0.0,S,0.0,19,0.0,0.0
234445,tap_single,0.0,S,0.0,19,0.0,0.0
234541,tap_single,0.0,S,0.0,19,0.0,0.0
234637,tap_single,0.0,S,0.0,19,0.0,0.0
234733,tap_single,0.0,S,0.0,19,0.0,0.0
234829,tap_single,0.0,S,0.0,19,0.0,0.0
234925,tap_single,0.0,S,0.0,19,0.0,0.0
235018,tap_single,0.0,S,0.0,19,0.0,0.0
235114,tap_single,0.0,S,0.0,19,0.0,0.0
235210,tap_single,0.0,S,0.0,19,0.0,0.0
235306,tap_single,0.0,S,0.0,19,0.0,0.0
235402,tap_single,0.0,S,0.0,19,0.0,0.0
235498,tap_single,0.0,S,0.0,19,0.0,0.0
235594,tap_single,0.0,S,0.0,19,0.0,0.0
235689,tap_single,0.0,S,0.0,19,0.0,0.0
235785,tap_single,0.0,S,0.0,19,0.0,0.0
235879,tap_single,0.0,S,0.0,19,0.0,0.0
235975,tap_single,0.0,S,0.0,19,0.0,0.0
236071,tap_single,0.0,S,0.0,19,0.0,0.0
236167,tap_single,0.0,S,0.0,19,0.0,0.0
236262,tap_single,0.0,S,0.0,19,0.0,0.0
236358,tap_single,0.0,S,0.0,19,0.0,0.0
236454,tap_single,0.0,S,0.0,19,0.0,0.0
236550,tap_single,0.0,S,0.0,19,0.0,0.0
236646,tap_single,0.0,S,0.0,19,0.0,0.0
236740,tap_single,0.0,S,0.0,19,0.0,0.0
236836,tap_single,0.0,S,0.0,19,0.0,0.0
236931,tap_single,0.0,S,0.0,19,0.0,0.0
237027,tap_single,0.0,S,0.0,19,0.0,0.0
237123,tap_single,0.0,S,0.0,19,0.0,0.0
237219,tap_single,0.0,S,0.0,19,0.0,0.0
237315,tap_single,0.0,S,0.0,19,0.0,0.0
237423,tap_single,0.0,S,0.0,19,0.0,0.0
237602,tap_single,0.0,S,0.0,19,0.0,0.0
237696,tap_single,0.0,S,0.0,19,0.0,0.0
237792,tap_single,0.0,S,0.0,19,0.0,0.0
237888,tap_single,0.0,S,0.0,19,0.0,0.0
237984,tap_single,0.0,S,0.0,19,0.0,0.0
238079,tap_single,0.0,S,0.0,19,0.0,0.0
238176,tap_single,0.0,S,0.0,19,0.0,0.0
238271,tap_single,0.0,S,0.0,19,0.0,0.0
238367,tap_single,0.0,S,0.0,19,0.0,0.0
238463,tap_single,0.0,S,0.0,19,0.0,0.0
238557,tap_single,0.0,S,0.0,19,0.0,0.0
238653,tap_single,0.0,S,0.0,19,0.0,0.0
238748,tap_single,0.0,S,0.0,19,0.0,0.0
238844,tap_single,0.0,S,0.0,19,0.0,0.0
238940,tap_single,0.0,S,0.0,19,0.0,0.0
239133,tap_single,0.0,S,0.0,20,0.0,0.0
239228,tap_single,0.0,S,0.0,20,0.0,0.0
239323,tap_single,0.0,S,0.0,20,0.0,0.0
239417,tap_single,0.0,S,0.0,20,0.0,0.0
239513,tap_single,0.0,S,0.0,20,0.0,0.0
239609,tap_single,0.0,S,0.0,20,0.0,0.0
239705,tap_single,0.0,S,0.0,20,0.0,0.0
239801,tap_single,0.0,S,0.0,20,0.0,0.0
239897,tap_single,0.0,S,0.0,20,0.0,0.0
239992,tap_single,0.0,S,0.0,20,0.0,0.0
240088,tap_single,0.0,S,0.0,20,0.0,0.0
240184,tap_single,0.0,S,0.0,20,0.0,0.0
240280,tap_single,0.0,S,0.0,20,0.0,0.0
240374,tap_single,0.0,S,0.0,20,0.0,0.0
240470,tap_single,0.0,S,0.0,20,0.0,0.0
240565,tap_single,0.0,S,0.0,20,0.0,0.0
240661,tap_single,0.0,S,0.0,20,0.0,0.0
240757,tap_single,0.0,S,0.0,20,0.0,0.0
240853,tap_single,0.0,S,0.0,20,0.0,0.0
240949,tap_single,0.0,S,0.0,20,0.0,0.0
241045,tap_single,0.0,S,0.0,20,0.0,0.0
241141,tap_single,0.0,S,0.0,20,0.0,0.0
241235,tap_single,0.0,S,0.0,20,0.0,0.0
241330,tap_single,0.0,S,0.0,20,0.0,0.0
241426,tap_single,0.0,S,0.0,20,0.0,0.0
241522,tap_single,0.0,S,0.0,20,0.0,0.0
241618,tap_single,0.0,S,0.0,20,0.0,0.0
241714,tap_single,0.0,S,0.0,20,0.0,0.0
241810,tap_single,0.0,S,0.0,20,0.0,0.0
241906,tap_single,0.0,S,0.0,20,0.0,0.0
242001,tap_single,0.0,S,0.0,20,0.0,0.0
242095,tap_single,0.0,S,0.0,20,0.0,0.0
242191,tap_single,0.0,S,0.0,20,0.0,0.0
242287,tap_single,0.0,S,0.0,20,0.0,0.0
242383,tap_single,0.0,S,0.0,20,0.0,0.0
242478,tap_single,0.0,S,0.0,20,0.0,0.0
242574,tap_single,0.0,S,0.0,20,0.0,0.0
242670,tap_single,0.0,S,0.0,20,0.0,0.0
242766,tap_single,0.0,S,0.0,20,0.0,0.0
242862,tap_single,0.0,S,0.0,20,0.0,0.0
242956,tap_single,0.0,S,0.0,20,0.0,0.0
243052,tap_single,0.0,S,0.0,20,0.0,0.0
243147,tap_single,0.0,S,0.0,20,0.0,0.0
243243,tap_single,0.0,S,0.0,20,0.0,0.0
243339,tap_single,0.0,S,0.0,20,0.0,0.0
243435,tap_single,0.0,S,0.0,20,0.0,0.0
243531,tap_single,0.0,S,0.0,20,0.0,0.0
243627,tap_single,0.0,S,0.0,20,0.0,0.0
243723,tap_single,0.0,S,0.0,20,0.0,0.0
243818,tap_single,0.0,S,0.0,20,0.0,0.0
243912,tap_single,0.0,S,0.0,20,0.0,0.0
244008,tap_single,0.0,S,0.0,20,0.0,0.0
244104,quiet_mid1,0.0,S,0.0,20,0.0,0.0
244200,quiet_mid1,0.0,S,0.0,20,0.0,0.0
244296,quiet_mid1,0.0,S,0.0,20,0.0,0.0
244391,quiet_mid1,0.0,S,0.0,20,0.0,0.0
244487,quiet_mid1,0.0,S,0.0,20,0.0,0.0
244583,quiet_mid1,0.0,S,0.0,20,0.0,0.0
244679,quiet_mid1,0.0,S,0.0,20,0.0,0.0
244773,quiet_mid1,0.0,S,0.0,20,0.0,0.0
244869,quiet_mid1,0.0,S,0.0,20,0.0,0.0
244965,quiet_mid1,0.0,S,0.0,20,0.0,0.0
245060,quiet_mid1,0.0,S,0.0,20,0.0,0.0
245156,quiet_mid1,0.0,S,0.0,20,0.0,0.0
245252,quiet_mid1,0.0,S,0.0,20,0.0,0.0
245348,quiet_mid1,0.0,S,0.0,20,0.0,0.0
245444,quiet_mid1,0.0,S,0.0,20,0.0,0.0
245540,quiet_mid1,0.0,S,0.0,20,0.0,0.0
245633,quiet_mid1,0.0,S,0.0,20,0.0,0.0
245729,quiet_mid1,0.0,S,0.0,20,0.0,0.0
245825,quiet_mid1,0.0,S,0.0,20,0.0,0.0
245921,quiet_mid1,0.0,S,0.0,20,0.0,0.0
246017,quiet_mid1,0.0,S,0.0,20,0.0,0.0
246113,quiet_mid1,0.0,S,0.0,20,0.0,0.0
246208,quiet_mid1,0.0,S,0.0,20,0.0,0.0
246304,quiet_mid1,0.0,S,0.0,20,0.0,0.0
246400,quiet_mid1,0.0,S,0.0,20,0.0,0.0
246496,quiet_mid1,0.0,S,0.0,20,0.0,0.0
246590,quiet_mid1,0.0,S,0.0,20,0.0,0.0
246686,quiet_mid1,0.0,S,0.0,20,0.0,0.0
246782,quiet_mid1,0.0,S,0.0,20,0.0,0.0
246877,quiet_mid1,0.0,S,0.0,20,0.0,0.0
246973,quiet_mid1,0.0,S,0.0,20,0.0,0.0
247069,quiet_mid1,0.0,S,0.0,20,0.0,0.0
247165,quiet_mid1,0.0,S,0.0,20,0.0,0.0
247261,quiet_mid1,0.0,S,0.0,20,0.0,0.0
247357,quiet_mid1,0.0,S,0.0,20,0.0,0.0
247450,quiet_mid1,0.0,S,0.0,20,0.0,0.0
247546,quiet_mid1,0.0,S,0.0,20,0.0,0.0
247642,quiet_mid1,0.0,S,0.0,20,0.0,0.0
247738,quiet_mid1,0.0,S,0.0,20,0.0,0.0
247834,quiet_mid1,0.0,S,0.0,20,0.0,0.0
247930,quiet_mid1,0.0,S,0.0,20,0.0,0.0
248026,quiet_mid1,0.0,S,0.0,20,0.0,0.0
248121,quiet_mid1,0.0,S,0.0,20,0.0,0.0
248217,quiet_mid1,0.0,S,0.0,20,0.0,0.0
248311,quiet_mid1,0.0,S,0.0,20,0.0,0.0
248407,quiet_mid1,0.0,S,0.0,20,0.0,0.0
248503,quiet_mid1,0.0,S,0.0,20,0.0,0.0
248599,quiet_mid1,0.0,S,0.0,20,0.0,0.0
248694,quiet_mid1,0.0,S,0.0,20,0.0,0.0
248790,quiet_mid1,0.0,S,0.0,20,0.0,0.0
248886,quiet_mid1,0.0,S,0.0,20,0.0,0.0
248982,quiet_mid1,0.0,S,0.0,20,0.0,0.0
249078,quiet_mid1,0.0,S,0.0,20,0.0,0.0
249172,quiet_mid1,0.0,S,0.0,20,0.0,0.0
249268,quiet_mid1,0.0,S,0.0,20,0.0,0.0
249363,quiet_mid1,0.0,S,0.0,20,0.0,0.0
249459,quiet_mid1,0.0,S,0.0,20,0.0,0.0
249555,quiet_mid1,0.0,S,0.0,20,0.0,0.0
249651,quiet_mid1,0.0,S,0.0,20,0.0,0.0
249747,quiet_mid1,0.0,S,0.0,20,0.0,0.0
249855,quiet_mid1,0.0,S,0.0,20,0.0,0.0
250034,quiet_mid1,0.0,S,0.0,20,0.0,0.0
250128,quiet_mid1,0.0,S,0.0,20,0.0,0.0
250224,quiet_mid1,0.0,S,0.0,20,0.0,0.0
250320,quiet_mid1,0.0,S,0.0,20,0.0,0.0
250416,quiet_mid1,0.0,S,0.0,20,0.0,0.0
250512,quiet_mid1,0.0,S,0.0,20,0.0,0.0
250607,quiet_mid1,0.0,S,0.0,20,0.0,0.0
250703,quiet_mid1,0.0,S,0.0,20,0.0,0.0
250799,quiet_mid1,0.0,S,0.0,20,0.0,0.0
250895,quiet_mid1,0.0,S,0.0,20,0.0,0.0
250989,quiet_mid1,0.0,S,0.0,20,0.0,0.0
251085,quiet_mid1,0.0,S,0.0,20,0.0,0.0
251180,quiet_mid1,0.0,S,0.0,20,0.0,0.0
251276,quiet_mid1,0.0,S,0.0,20,0.0,0.0
251372,quiet_mid1,0.0,S,0.0,20,0.0,0.0
251468,quiet_mid1,0.0,S,0.0,20,0.0,0.0
251564,quiet_mid1,0.0,S,0.0,20,0.0,0.0
251660,quiet_mid1,0.0,S,0.0,20,0.0,0.0
251756,quiet_mid1,0.0,S,0.0,20,0.0,0.0
251850,quiet_mid1,0.0,S,0.0,20,0.0,0.0
251945,quiet_mid1,0.0,S,0.0,20,0.0,0.0
252041,quiet_mid1,0.0,S,0.0,20,0.0,0.0
252137,quiet_mid1,0.0,S,0.0,20,0.0,0.0
252233,quiet_mid1,0.0,S,0.0,20,0.0,0.0
252329,quiet_mid1,0.0,S,0.0,20,0.0,0.0
252425,quiet_mid1,0.0,S,0.0,20,0.0,0.0
252520,quiet_mid1,0.0,S,0.0,20,0.0,0.0
252616,quiet_mid1,0.0,S,0.0,20,0.0,0.0
252712,quiet_mid1,0.0,S,0.0,20,0.0,0.0
252806,quiet_mid1,0.0,S,0.0,20,0.0,0.0
252902,quiet_mid1,0.0,S,0.0,20,0.0,0.0
252998,quiet_mid1,0.0,S,0.0,20,0.0,0.0
253093,quiet_mid1,0.0,S,0.0,20,0.0,0.0
253189,quiet_mid1,0.0,S,0.0,20,0.0,0.0
253285,quiet_mid1,0.0,S,0.0,20,0.0,0.0
253381,quiet_mid1,0.0,S,0.0,20,0.0,0.0
253477,quiet_mid1,0.0,S,0.0,20,0.0,0.0
253573,quiet_mid1,0.0,S,0.0,20,0.0,0.0
253667,quiet_mid1,0.0,S,0.0,20,0.0,0.0
253762,quiet_mid1,0.0,S,0.0,20,0.0,0.0
253858,quiet_mid1,0.0,S,0.0,20,0.0,0.0
253954,quiet_mid1,0.0,S,0.0,20,0.0,0.0
254050,quiet_mid1,0.0,S,0.0,20,0.0,0.0
254146,quiet_mid1,0.0,S,0.0,20,0.0,0.0
254242,quiet_mid1,0.0,S,0.0,20,0.0,0.0
254338,quiet_mid1,0.0,S,0.0,20,0.0,0.0
254433,quiet_mid1,0.0,S,0.0,20,0.0,0.0
254527,quiet_mid1,0.0,S,0.0,20,0.0,0.0
254623,quiet_mid1,0.0,S,0.0,20,0.0,0.0
254719,quiet_mid1,0.0,S,0.0,20,0.0,0.0
254815,quiet_mid1,0.0,S,0.0,20,0.0,0.0
254911,quiet_mid1,0.0,S,0.0,20,0.0,0.0
255006,quiet_mid1,0.0,S,0.0,20,0.0,0.0
255102,quiet_mid1,0.0,S,0.0,20,0.0,0.0
255198,quiet_mid1,0.0,S,0.0,20,0.0,0.0
255294,quiet_mid1,0.0,S,0.0,20,0.0,0.0
255388,quiet_mid1,0.0,S,0.0,20,0.0,0.0
255484,quiet_mid1,0.0,S,0.0,20,0.0,0.0
255580,quiet_mid1,0.0,S,0.0,20,0.0,0.0
255675,quiet_mid1,0.0,S,0.0,20,0.0,0.0
255771,quiet_mid1,0.0,S,0.0,20,0.0,0.0
255867,quiet_mid1,0.0,S,0.0,20,0.0,0.0
255963,quiet_mid1,0.0,S,0.0,20,0.0,0.0
256059,quiet_mid1,0.0,S,0.0,20,0.0,0.0
256154,quiet_mid1,0.0,S,0.0,20,0.0,0.0
256250,quiet_mid1,0.0,S,0.0,20,0.0,0.0
256344,quiet_mid1,0.0,S,0.0,20,0.0,0.0
256440,quiet_mid1,0.0,S,0.0,20,0.0,0.0
256536,quiet_mid1,0.0,S,0.0,20,0.0,0.0
256632,quiet_mid1,0.0,S,0.0,20,0.0,0.0
256728,quiet_mid1,0.0,S,0.0,20,0.0,0.0
256823,quiet_mid1,0.0,S,0.0,20,0.0,0.0
256919,quiet_mid1,0.0,S,0.0,20,0.0,0.0
257015,quiet_mid1,0.0,S,0.0,20,0.0,0.0
257111,quiet_mid1,0.0,S,0.0,20,0.0,0.0
257205,quiet_mid1,0.0,S,0.0,20,0.0,0.0
257301,quiet_mid1,0.0,S,0.0,20,0.0,0.0
257397,quiet_mid1,0.0,S,0.0,20,0.0,0.0
257492,quiet_mid1,0.0,S,0.0,20,0.0,0.0
257588,quiet_mid1,0.0,S,0.0,20,0.0,0.0
257684,quiet_mid1,0.0,S,0.0,20,0.0,0.0
257780,quiet_mid1,0.0,S,0.0,20,0.0,0.0
257876,quiet_mid1,0.0,S,0.0,20,0.0,0.0
257972,quiet_mid1,0.0,S,0.0,20,0.0,0.0
258065,quiet_mid1,0.0,S,0.0,20,0.0,0.0
258161,quiet_mid1,0.0,S,0.0,20,0.0,0.0
258257,quiet_mid1,0.0,S,0.0,20,0.0,0.0
258353,quiet_mid1,0.0,S,0.0,20,0.0,0.0
258449,quiet_mid1,0.0,S,0.0,20,0.0,0.0
258545,quiet_mid1,0.0,S,0.0,20,0.0,0.0
258641,quiet_mid1,0.0,S,0.0,20,0.0,0.0
258736,quiet_mid1,0.0,S,0.0,20,0.0,0.0
258832,quiet_mid1,0.0,S,0.0,20,0.0,0.0
258926,quiet_mid1,0.0,S,0.0,20,0.0,0.0
259022,quiet_mid1,0.0,S,0.0,20,0.0,0.0
259118,quiet_mid1,0.0,S,0.0,20,0.0,0.0
259214,quiet_mid1,0.0,S,0.0,20,0.0,0.0
259309,quiet_mid1,0.0,S,0.0,20,0.0,0.0
259405,quiet_mid1,0.0,S,0.0,20,0.0,0.0
259501,quiet_mid1,0.0,S,0.0,20,0.0,0.0
259597,quiet_mid1,0.0,S,0.0,20,0.0,0.0
259693,quiet_mid1,0.0,S,0.0,20,0.0,0.0
259789,quiet_mid1,0.0,S,0.0,20,0.0,0.0
259883,quiet_mid1,0.0,S,0.0,20,0.0,0.0
259978,quiet_mid1,0.0,S,0.0,20,0.0,0.0
260074,quiet_mid1,0.0,S,0.0,20,0.0,0.0
260170,quiet_mid1,0.0,S,0.0,20,0.0,0.0
260266,quiet_mid1,0.0,S,0.0,20,0.0,0.0
260362,quiet_mid1,0.0,S,0.0,20,0.0,0.0
260458,quiet_mid1,0.0,S,0.0,20,0.0,0.0
260553,quiet_mid1,0.0,S,0.0,20,0.0,0.0
260649,quiet_mid1,0.0,S,0.0,20,0.0,0.0
260743,quiet_mid1,0.0,S,0.0,20,0.0,0.0
260839,quiet_mid1,0.0,S,0.0,20,0.0,0.0
260935,quiet_mid1,0.0,S,0.0,20,0.0,0.0
261031,quiet_mid1,0.0,S,0.0,20,0.0,0.0
261127,quiet_mid1,0.0,S,0.0,20,0.0,0.0
261222,quiet_mid1,0.0,S,0.0,20,0.0,0.0
261318,quiet_mid1,0.0,S,0.0,20,0.0,0.0
261414,quiet_mid1,0.0,S,0.0,20,0.0,0.0
261510,quiet_mid1,0.0,S,0.0,20,0.0,0.0
261604,quiet_mid1,0.0,S,0.0,20,0.0,0.0
261700,quiet_mid1,0.0,S,0.0,20,0.0,0.0
261795,quiet_mid1,0.0,S,0.0,20,0.0,0.0
261891,quiet_mid1,0.0,S,0.0,20,0.0,0.0
261987,quiet_mid1,0.0,S,0.0,20,0.0,0.0
262083,quiet_mid1,0.0,S,0.0,20,0.0,0.0
262179,quiet_mid1,0.0,S,0.0,20,0.0,0.0
262287,quiet_mid1,0.0,S,0.0,20,0.0,0.0
262466,quiet_mid1,0.0,S,0.0,20,0.0,0.0
262560,quiet_mid1,0.0,S,0.0,20,0.0,0.0
262656,quiet_mid1,0.0,S,0.0,20,0.0,0.0
262752,quiet_mid1,0.0,S,0.0,20,0.0,0.0
262848,quiet_mid1,0.0,S,0.0,20,0.0,0.0
262944,quiet_mid1,0.0,S,0.0,20,0.0,0.0
263039,quiet_mid1,0.0,S,0.0,20,0.0,0.0
263135,quiet_mid1,0.0,S,0.0,20,0.0,0.0
263231,quiet_mid1,0.0,S,0.0,20,0.0,0.0
263327,quiet_mid1,0.0,S,0.0,20,0.0,0.0
263421,quiet_mid1,0.0,S,0.0,20,0.0,0.0
263517,quiet_mid1,0.0,S,0.0,20,0.0,0.0
263613,quiet_mid1,0.0,S,0.0,20,0.0,0.0
263708,quiet_mid1,0.0,S,0.0,20,0.0,0.0
263804,quiet_mid1,0.0,S,0.0,20,0.0,0.0
263900,quiet_mid1,0.0,S,0.0,20,0.0,0.0
263996,quiet_mid1,0.0,S,0.0,20,0.0,0.0
264092,quiet_mid1,0.0,S,0.0,20,0.0,0.0
264188,quiet_mid1,0.0,S,0.0,20,0.0,0.0
264281,quiet_mid1,0.0,S,0.0,20,0.0,0.0
264377,quiet_mid1,0.0,S,0.0,20,0.0,0.0
264473,quiet_mid1,0.0,S,0.0,20,0.0,0.0
264569,quiet_mid1,0.0,S,0.0,20,0.0,0.0
264665,quiet_mid1,0.0,S,0.0,20,0.0,0.0
264761,quiet_mid1,0.0,S,0.0,20,0.0,0.0
264857,quiet_mid1,0.0,S,0.0,20,0.0,0.0
264952,quiet_mid1,0.0,S,0.0,20,0.0,0.0
265048,quiet_mid1,0.0,S,0.0,20,0.0,0.0
265144,quiet_mid1,0.0,S,0.0,20,0.0,0.0
265238,quiet_mid1,0.0,S,0.0,20,0.0,0.0
265334,quiet_mid1,0.0,S,0.0,20,0.0,0.0
265430,quiet_mid1,0.0,S,0.0,20,0.0,0.0
265525,quiet_mid1,0.0,S,0.0,20,0.0,0.0
265621,quiet_mid1,0.0,S,0.0,20,0.0,0.0
265717,quiet_mid1,0.0,S,0.0,20,0.0,0.0
265813,quiet_mid1,0.0,S,0.0,20,0.0,0.0
265909,quiet_mid1,0.0,S,0.0,20,0.0,0.0
266005,quiet_mid1,0.0,S,0.0,20,0.0,0.0
266099,quiet_mid1,0.0,S,0.0,20,0.0,0.0
266194,quiet_mid1,0.0,S,0.0,20,0.0,0.0
266290,quiet_mid1,0.0,S,0.0,20,0.0,0.0
266386,quiet_mid1,0.0,S,0.0,20,0.0,0.0
266482,quiet_mid1,0.0,S,0.0,20,0.0,0.0
266578,quiet_mid1,0.0,S,0.0,20,0.0,0.0
266674,quiet_mid1,0.0,S,0.0,20,0.0,0.0
266770,quiet_mid1,0.0,S,0.0,20,0.0,0.0
266865,quiet_mid1,0.0,S,0.0,20,0.0,0.0
266959,quiet_mid1,0.0,S,0.0,20,0.0,0.0
267055,quiet_mid1,0.0,S,0.0,20,0.0,0.0
267151,quiet_mid1,0.0,S,0.0,20,0.0,0.0
267247,quiet_mid1,0.0,S,0.0,20,0.0,0.0
267343,quiet_mid1,0.0,S,0.0,20,0.0,0.0
267438,quiet_mid1,0.0,S,0.0,20,0.0,0.0
267534,quiet_mid1,0.0,S,0.0,20,0.0,0.0
267630,quiet_mid1,0.0,S,0.0,20,0.0,0.0
267726,quiet_mid1,0.0,S,0.0,20,0.0,0.0
267820,quiet_mid1,0.0,S,0.0,20,0.0,0.0
267916,quiet_mid1,0.0,S,0.0,20,0.0,0.0
268012,quiet_mid1,0.0,S,0.0,20,0.0,0.0
268107,quiet_mid1,0.0,S,0.0,20,0.0,0.0
268203,quiet_mid1,0.0,S,0.0,20,0.0,0.0
268299,quiet_mid1,0.0,S,0.0,20,0.0,0.0
268395,quiet_mid1,0.0,S,0.0,20,0.0,0.0
268491,quiet_mid1,0.0,S,0.0,20,0.0,0.0
268587,quiet_mid1,0.0,S,0.0,20,0.0,0.0
268682,quiet_mid1,0.0,S,0.0,20,0.0,0.0
268776,quiet_mid1,0.0,S,0.0,20,0.0,0.0
268872,quiet_mid1,0.0,S,0.0,20,0.0,0.0
268968,quiet_mid1,0.0,S,0.0,20,0.0,0.0
269064,quiet_mid1,0.0,S,0.0,20,0.0,0.0
269160,quiet_mid1,0.0,S,0.0,20,0.0,0.0
269255,quiet_mid1,0.0,S,0.0,20,0.0,0.0
269351,quiet_mid1,0.0,S,0.0,20,0.0,0.0
269447,quiet_mid1,0.0,S,0.0,20,0.0,0.0
269543,quiet_mid1,0.0,S,0.0,20,0.0,0.0
269637,quiet_mid1,0.0,S,0.0,20,0.0,0.0
269733,quiet_mid1,0.0,S,0.0,20,0.0,0.0
269829,quiet_mid1,0.0,S,0.0,20,0.0,0.0
269924,quiet_mid1,0.0,S,0.0,20,0.0,0.0
270020,quiet_mid1,0.0,S,0.0,20,0.0,0.0
270116,quiet_mid1,0.0,S,0.0,20,0.0,0.0
270212,quiet_mid1,0.0,S,0.0,20,0.0,0.0
270308,quiet_mid1,0.0,S,0.0,20,0.0,0.0
270404,quiet_mid1,0.0,S,0.0,20,0.0,0.0
270498,quiet_mid1,0.0,S,0.0,20,0.0,0.0
270593,quiet_mid1,0.0,S,0.0,20,0.0,0.0
270689,quiet_mid1,0.0,S,0.0,20,0.0,0.0
270785,quiet_mid1,0.0,S,0.0,20,0.0,0.0
270881,quiet_mid1,0.0,S,0.0,20,0.0,0.0
270977,quiet_mid1,0.0,S,0.0,20,0.0,0.0
271073,quiet_mid1,0.0,S,0.0,20,0.0,0.0
271168,quiet_mid1,0.0,S,0.0,20,0.0,0.0
271264,quiet_mid1,0.0,S,0.0,20,0.0,0.0
271360,quiet_mid1,0.0,S,0.0,20,0.0,0.0
271454,quiet_mid1,0.0,S,0.0,20,0.0,0.0
271550,quiet_mid1,0.0,S,0.0,20,0.0,0.0
271646,quiet_mid1,0.0,S,0.0,20,0.0,0.0
271741,quiet_mid1,0.0,S,0.0,20,0.0,0.0
271837,quiet_mid1,0.0,S,0.0,20,0.0,0.0
271933,quiet_mid1,0.0,S,0.0,20,0.0,0.0
272029,quiet_mid1,0.0,S,0.0,20,0.0,0.0
272125,quiet_mid1,0.0,S,0.0,20,0.0,0.0
272221,quiet_mid1,0.0,S,0.0,20,0.0,0.0
272315,quiet_mid1,0.0,S,0.0,20,0.0,0.0
272410,quiet_mid1,0.0,S,0.0,20,0.0,0.0
272506,quiet_mid1,0.0,S,0.0,20,0.0,0.0
272602,quiet_mid1,0.0,S,0.0,20,0.0,0.0
272698,quiet_mid1,0.0,S,0.0,20,0.0,0.0
272794,quiet_mid1,0.0,S,0.0,20,0.0,0.0
272890,quiet_mid1,0.0,S,0.0,20,0.0,0.0
272985,quiet_mid1,0.0,S,0.0,20,0.0,0.0
273081,quiet_mid1,0.0,S,0.0,20,0.0,0.0
273175,quiet_mid1,0.0,S,0.0,20,0.0,0.0
273271,quiet_mid1,0.0,S,0.0,20,0.0,0.0
273367,quiet_mid1,0.0,S,0.0,20,0.0,0.0
273463,quiet_mid1,0.0,S,0.0,20,0.0,0.0
273559,quiet_mid1,0.0,S,0.0,20,0.0,0.0
273654,quiet_mid1,0.0,S,0.0,20,0.0,0.0
273750,quiet_mid1,0.0,S,0.0,20,0.0,0.0
273846,quiet_mid1,0.0,S,0.0,20,0.0,0.0
273942,quiet_mid1,0.0,S,0.0,20,0.0,0.0
274036,quiet_mid1,0.0,S,0.0,20,0.0,0.0
274132,tap_burst,0.0,S,0.0,20,0.0,0.0
274228,tap_burst,0.0,S,0.0,20,0.0,0.0
274323,tap_burst,0.0,S,0.0,20,0.0,0.0
274419,tap_burst,0.0,S,0.0,20,0.0,0.0
274515,tap_burst,0.0,S,0.0,20,0.0,0.0
274611,tap_burst,0.0,S,0.0,20,0.0,0.0
274719,tap_burst,0.0,S,0.0,20,0.0,0.0
274899,tap_burst,0.0,S,0.0,20,0.0,0.0
274992,tap_burst,0.0,S,0.0,20,0.0,0.0
275088,tap_burst,0.0,S,0.0,20,0.0,0.0
275853,tap_burst,0.0,S,0.0,23,0.0,0.0
275949,tap_burst,0.0,S,0.0,23,0.0,0.0
276045,tap_burst,0.0,S,0.0,23,0.0,0.0
276140,tap_burst,0.0,S,0.0,23,0.0,0.0
276236,tap_burst,0.0,S,0.0,23,0.0,0.0
276332,tap_burst,0.0,S,0.0,23,0.0,0.0
276428,tap_burst,0.0,S,0.0,23,0.0,0.0
276524,tap_burst,0.0,S,0.0,23,0.0,0.0
276620,tap_burst,0.0,S,0.0,23,0.0,0.0
276714,tap_burst,0.0,S,0.0,23,0.0,0.0
276809,tap_burst,0.0,S,0.0,23,0.0,0.0
276905,tap_burst,0.0,S,0.0,23,0.0,0.0
277001,tap_burst,0.0,S,0.0,23,0.0,0.0
277097,tap_burst,0.0,S,0.0,23,0.0,0.0
277193,tap_burst,0.0,S,0.0,23,0.0,0.0
277289,tap_burst,0.0,S,0.0,23,0.0,0.0
277385,tap_burst,0.0,S,0.0,23,0.0,0.0
277480,tap_burst,0.0,S,0.0,23,0.0,0.0
277574,tap_burst,0.0,S,0.0,23,0.0,0.0
277670,tap_burst,0.0,S,0.0,23,0.0,0.0
277766,tap_burst,0.0,S,0.0,23,0.0,0.0
277862,tap_burst,0.0,S,0.0,23,0.0,0.0
277958,tap_burst,0.0,S,0.0,23,0.0,0.0
278053,tap_burst,0.0,S,0.0,23,0.0,0.0
278149,tap_burst,0.0,S,0.0,23,0.0,0.0
278245,tap_burst,0.0,S,0.0,23,0.0,0.0
278341,tap_burst,0.0,S,0.0,23,0.0,0.0
278437,tap_burst,0.0,S,0.0,23,0.0,0.0
278531,tap_burst,0.0,S,0.0,23,0.0,0.0
278627,tap_burst,0.0,S,0.0,23,0.0,0.0
278722,tap_burst,0.0,S,0.0,23,0.0,0.0
278818,tap_burst,0.0,S,0.0,23,0.0,0.0
278914,tap_burst,0.0,S,0.0,23,0.0,0.0
279010,tap_burst,0.0,S,0.0,23,0.0,0.0
279106,tap_burst,0.0,S,0.0,23,0.0,0.0
279202,tap_burst,0.0,S,0.0,23,0.0,0.0
279297,tap_burst,0.0,S,0.0,23,0.0,0.0
279391,tap_burst,0.0,S,0.0,23,0.0,0.0
279487,tap_burst,0.0,S,0.0,23,0.0,0.0
279583,tap_burst,0.0,S,0.0,23,0.0,0.0
279679,tap_burst,0.0,S,0.0,23,0.0,0.0
279775,tap_burst,0.0,S,0.0,23,0.0,0.0
279870,tap_burst,0.0,S,0.0,23,0.0,0.0
279966,tap_burst,0.0,S,0.0,23,0.0,0.0
280062,tap_burst,0.0,S,0.0,23,0.0,0.0
280158,tap_burst,0.0,S,0.0,23,0.0,0.0
280252,tap_burst,0.0,S,0.0,23,0.0,0.0
280348,tap_burst,0.0,S,0.0,23,0.0,0.0
280444,tap_burst,0.0,S,0.0,23,0.0,0.0
280539,tap_burst,0.0,S,0.0,23,0.0,0.0
280635,tap_burst,0.0,S,0.0,23,0.0,0.0
280731,tap_burst,0.0,S,0.0,23,0.0,0.0
280827,tap_burst,0.0,S,0.0,23,0.0,0.0
280923,tap_burst,0.0,S,0.0,23,0.0,0.0
281019,tap_burst,0.0,S,0.0,23,0.0,0.0
281114,tap_burst,0.0,S,0.0,23,0.0,0.0
281208,tap_burst,0.0,S,0.0,23,0.0,0.0
281304,tap_burst,0.0,S,0.0,23,0.0,0.0
281400,tap_burst,0.0,S,0.0,23,0.0,0.0
281496,tap_burst,0.0,S,0.0,23,0.0,0.0
281592,tap_burst,0.0,S,0.0,23,0.0,0.0
281688,tap_burst,0.0,S,0.0,23,0.0,0.0
281783,tap_burst,0.0,S,0.0,23,0.0,0.0
281879,tap_burst,0.0,S,0.0,23,0.0,0.0
281975,tap_burst,0.0,S,0.0,23,0.0,0.0
282069,tap_burst,0.0,S,0.0,23,0.0,0.0
282165,tap_burst,0.0,S,0.0,23,0.0,0.0
282261,tap_burst,0.0,S,0.0,23,0.0,0.0
282356,tap_burst,0.0,S,0.0,23,0.0,0.0
282453,tap_burst,0.0,S,0.0,23,0.0,0.0
282548,tap_burst,0.0,S,0.0,23,0.0,0.0
282644,tap_burst,0.0,S,0.0,23,0.0,0.0
282740,tap_burst,0.0,S,0.0,23,0.0,0.0
282836,tap_burst,0.0,S,0.0,23,0.0,0.0
282930,tap_burst,0.0,S,0.0,23,0.0,0.0
283025,tap_burst,0.0,S,0.0,23,0.0,0.0
283121,tap_burst,0.0,S,0.0,23,0.0,0.0
283217,tap_burst,0.0,S,0.0,23,0.0,0.0
283313,tap_burst,0.0,S,0.0,23,0.0,0.0
283409,tap_burst,0.0,S,0.0,23,0.0,0.0
283505,tap_burst,0.0,S,0.0,23,0.0,0.0
283600,tap_burst,0.0,S,0.0,23,0.0,0.0
283696,tap_burst,0.0,S,0.0,23,0.0,0.0
283790,tap_burst,0.0,S,0.0,23,0.0,0.0
284557,tap_burst,0.0,S,0.0,26,0.0,0.0
284653,tap_burst,0.0,S,0.0,26,0.0,0.0
284747,tap_burst,0.0,S,0.0,26,0.0,0.0
284843,tap_burst,0.0,S,0.0,26,0.0,0.0
284939,tap_burst,0.0,S,0.0,26,0.0,0.0
285034,tap_burst,0.0,S,0.0,26,0.0,0.0
285130,tap_burst,0.0,S,0.0,26,0.0,0.0
285226,tap_burst,0.0,S,0.0,26,0.0,0.0
285322,tap_burst,0.0,S,0.0,26,0.0,0.0
285418,tap_burst,0.0,S,0.0,26,0.0,0.0
285513,tap_burst,0.0,S,0.0,26,0.0,0.0
285607,tap_burst,0.0,S,0.0,26,0.0,0.0
285703,tap_burst,0.0,S,0.0,26,0.0,0.0
285799,tap_burst,0.0,S,0.0,26,0.0,0.0
285895,tap_burst,0.0,S,0.0,26,0.0,0.0
285991,tap_burst,0.0,S,0.0,26,0.0,0.0
286086,tap_burst,0.0,S,0.0,26,0.0,0.0
286182,tap_burst,0.0,S,0.0,26,0.0,0.0
286278,tap_burst,0.0,S,0.0,26,0.0,0.0
286374,tap_burst,0.0,S,0.0,26,0.0,0.0
286468,tap_burst,0.0,S,0.0,26,0.0,0.0
286564,tap_burst,0.0,S,0.0,26,0.0,0.0
286660,tap_burst,0.0,S,0.0,26,0.0,0.0
286755,tap_burst,0.0,S,0.0,26,0.0,0.0
286851,tap_burst,0.0,S,0.0,26,0.0,0.0
286947,tap_burst,0.0,S,0.0,26,0.0,0.0
287043,tap_burst,0.0,S,0.0,26,0.0,0.0
287139,tap_burst,0.0,S,0.0,26,0.0,0.0
287235,tap_burst,0.0,S,0.0,26,0.0,0.0
287331,tap_burst,0.0,S,0.0,26,0.0,0.0
287424,tap_burst,0.0,S,0.0,26,0.0,0.0
287520,tap_burst,0.0,S,0.0,26,0.0,0.0
287616,tap_burst,0.0,S,0.0,26,0.0,0.0
287712,tap_burst,0.0,S,0.0,26,0.0,0.0
287808,tap_burst,0.0,S,0.0,26,0.0,0.0
287904,tap_burst,0.0,S,0.0,26,0.0,0.0
288000,tap_burst,0.0,S,0.0,26,0.0,0.0
288095,tap_burst,0.0,S,0.0,26,0.0,0.0
288191,tap_burst,0.0,S,0.0,26,0.0,0.0
288285,tap_burst,0.0,S,0.0,26,0.0,0.0
288385,tap_burst,0.0,S,0.0,26,0.0,0.0
288477,tap_burst,0.0,S,0.0,26,0.0,0.0
288572,tap_burst,0.0,S,0.0,26,0.0,0.0
288668,tap_burst,0.0,S,0.0,26,0.0,0.0
288764,tap_burst,0.0,S,0.0,26,0.0,0.0
288860,tap_burst,0.0,S,0.0,26,0.0,0.0
288956,tap_burst,0.0,S,0.0,26,0.0,0.0
289052,tap_burst,0.0,S,0.0,26,0.0,0.0
289146,tap_burst,0.0,S,0.0,26,0.0,0.0
289242,tap_burst,0.0,S,0.0,26,0.0,0.0
289337,tap_burst,0.0,S,0.0,26,0.0,0.0
289433,tap_burst,0.0,S,0.0,26,0.0,0.0
289529,tap_burst,0.0,S,0.0,26,0.0,0.0
289625,tap_burst,0.0,S,0.0,26,0.0,0.0
289721,tap_burst,0.0,S,0.0,26,0.0,0.0
289817,tap_burst,0.0,S,0.0,26,0.0,0.0
289912,tap_burst,0.0,S,0.0,26,0.0,0.0
290006,tap_burst,0.0,S,0.0,26,0.0,0.0
290102,tap_burst,0.0,S,0.0,26,0.0,0.0
290198,tap_burst,0.0,S,0.0,26,0.0,0.0
290294,tap_burst,0.0,S,0.0,26,0.0,0.0
290390,tap_burst,0.0,S,0.0,26,0.0,0.0
290485,tap_burst,0.0,S,0.0,26,0.0,0.0
290581,tap_burst,0.0,S,0.0,26,0.0,0.0
290677,tap_burst,0.0,S,0.0,26,0.0,0.0
290773,tap_burst,0.0,S,0.0,26,0.0,0.0
290869,tap_burst,0.0,S,0.0,26,0.0,0.0
290963,tap_burst,0.0,S,0.0,26,0.0,0.0
291059,tap_burst,0.0,S,0.0,26,0.0,0.0
291154,tap_burst,0.0,S,0.0,26,0.0,0.0
291250,tap_burst,0.0,S,0.0,26,0.0,0.0
291346,tap_burst,0.0,S,0.0,26,0.0,0.0
291442,tap_burst,0.0,S,0.0,26,0.0,0.0
291538,tap_burst,0.0,S,0.0,26,0.0,0.0
291634,tap_burst,0.0,S,0.0,26,0.0,0.0
291729,tap_burst,0.0,S,0.0,26,0.0,0.0
291823,tap_burst,0.0,S,0.0,26,0.0,0.0
291919,tap_burst,0.0,S,0.0,26,0.0,0.0
292015,tap_burst,0.0,S,0.0,26,0.0,0.0
292111,tap_burst,0.0,S,0.0,26,0.0,0.0
292207,tap_burst,0.0,S,0.0,26,0.0,0.0
292303,tap_burst,0.0,S,0.0,26,0.0,0.0
292398,tap_burst,0.0,S,0.0,26,0.0,0.0
292494,tap_burst,0.0,S,0.0,26,0.0,0.0
293259,tap_burst,0.0,S,0.0,29,0.0,0.0
293355,tap_burst,0.0,S,0.0,29,0.0,0.0
293451,tap_burst,0.0,S,0.0,29,0.0,0.0
293547,tap_burst,0.0,S,0.0,29,0.0,0.0
293640,tap_burst,0.0,S,0.0,29,0.0,0.0
293736,tap_burst,0.0,S,0.0,29,0.0,0.0
293832,tap_burst,0.0,S,0.0,29,0.0,0.0
293928,tap_burst,0.0,S,0.0,29,0.0,0.0
294024,tap_burst,0.0,S,0.0,29,0.0,0.0
294120,tap_burst,0.0,S,0.0,29,0.0,0.0
294215,tap_burst,0.0,S,0.0,29,0.0,0.0
294311,tap_burst,0.0,S,0.0,29,0.0,0.0
294407,tap_burst,0.0,S,0.0,29,0.0,0.0
294501,tap_burst,0.0,S,0.0,29,0.0,0.0
294597,tap_burst,0.0,S,0.0,29,0.0,0.0
294693,tap_burst,0.0,S,0.0,29,0.0,0.0
294789,tap_burst,0.0,S,0.0,29,0.0,0.0
294884,tap_burst,0.0,S,0.0,29,0.0,0.0
294980,tap_burst,0.0,S,0.0,29,0.0,0.0
295076,tap_burst,0.0,S,0.0,29,0.0,0.0
295172,tap_burst,0.0,S,0.0,29,0.0,0.0
295268,tap_burst,0.0,S,0.0,29,0.0,0.0
295362,tap_burst,0.0,S,0.0,29,0.0,0.0
295457,tap_burst,0.0,S,0.0,29,0.0,0.0
295553,tap_burst,0.0,S,0.0,29,0.0,0.0
295649,tap_burst,0.0,S,0.0,29,0.0,0.0
295745,tap_burst,0.0,S,0.0,29,0.0,0.0
295841,tap_burst,0.0,S,0.0,29,0.0,0.0
295937,tap_burst,0.0,S,0.0,29,0.0,0.0
296033,tap_burst,0.0,S,0.0,29,0.0,0.0
296128,tap_burst,0.0,S,0.0,29,0.0,0.0
296222,tap_burst,0.0,S,0.0,29,0.0,0.0
296318,tap_burst,0.0,S,0.0,29,0.0,0.0
296414,tap_burst,0.0,S,0.0,29,0.0,0.0
296510,tap_burst,0.0,S,0.0,29,0.0,0.0
296606,tap_burst,0.0,S,0.0,29,0.0,0.0
296701,tap_burst,0.0,S,0.0,29,0.0,0.0
296797,tap_burst,0.0,S,0.0,29,0.0,0.0
296893,tap_burst,0.0,S,0.0,29,0.0,0.0
296989,tap_burst,0.0,S,0.0,29,0.0,0.0
297085,tap_burst,0.0,S,0.0,29,0.0,0.0
297179,tap_burst,0.0,S,0.0,29,0.0,0.0
297275,tap_burst,0.0,S,0.0,29,0.0,0.0
297370,tap_burst,0.0,S,0.0,29,0.0,0.0
297466,tap_burst,0.0,S,0.0,29,0.0,0.0
297562,tap_burst,0.0,S,0.0,29,0.0,0.0
297658,tap_burst,0.0,S,0.0,29,0.0,0.0
297754,tap_burst,0.0,S,0.0,29,0.0,0.0
297850,tap_burst,0.0,S,0.0,29,0.0,0.0
297946,tap_burst,0.0,S,0.0,29,0.0,0.0
298039,tap_burst,0.0,S,0.0,29,0.0,0.0
298135,tap_burst,0.0,S,0.0,29,0.0,0.0
298231,tap_burst,0.0,S,0.0,29,0.0,0.0
298327,tap_burst,0.0,S,0.0,29,0.0,0.0
298423,tap_burst,0.0,S,0.0,29,0.0,0.0
298518,tap_burst,0.0,S,0.0,29,0.0,0.0
298614,tap_burst,0.0,S,0.0,29,0.0,0.0
298710,tap_burst,0.0,S,0.0,29,0.0,0.0
298806,tap_burst,0.0,S,0.0,29,0.0,0.0
298900,tap_burst,0.0,S,0.0,29,0.0,0.0
298996,tap_burst,0.0,S,0.0,29,0.0,0.0
299092,tap_burst,0.0,S,0.0,29,0.0,0.0
299187,tap_burst,0.0,S,0.0,29,0.0,0.0
299283,tap_burst,0.0,S,0.0,29,0.0,0.0
299379,tap_burst,0.0,S,0.0,29,0.0,0.0
299475,tap_burst,0.0,S,0.0,29,0.0,0.0
299571,tap_burst,0.0,S,0.0,29,0.0,0.0
299667,tap_burst,0.0,S,0.0,29,0.0,0.0
299763,tap_burst,0.0,S,0.0,29,0.0,0.0
299856,tap_burst,0.0,S,0.0,29,0.0,0.0
299952,tap_burst,0.0,S,0.0,29,0.0,0.0
300048,tap_burst,0.0,S,0.0,29,0.0,0.0
300144,tap_burst,0.0,S,0.0,29,0.0,0.0
300240,tap_burst,0.0,S,0.0,29,0.0,0.0
300336,tap_burst,0.0,S,0.0,29,0.0,0.0
300432,tap_burst,0.0,S,0.0,29,0.0,0.0
300527,tap_burst,0.0,S,0.0,29,0.0,0.0
300623,tap_burst,0.0,S,0.0,29,0.0,0.0
300717,tap_burst,0.0,S,0.0,29,0.0,0.0
300813,tap_burst,0.0,S,0.0,29,0.0,0.0
300909,tap_burst,0.0,S,0.0,29,0.0,0.0
301005,tap_burst,0.0,S,0.0,29,0.0,0.0
301100,tap_burst,0.0,S,0.0,29,0.0,0.0
301196,tap_burst,0.0,S,0.0,29,0.0,0.0
301973,tap_burst,0.0,S,0.0,32,0.0,0.0
302153,tap_burst,0.0,S,0.0,32,0.0,0.0
302249,tap_burst,0.0,S,0.0,32,0.0,0.0
302344,tap_burst,0.0,S,0.0,32,0.0,0.0
302438,tap_burst,0.0,S,0.0,32,0.0,0.0
302534,tap_burst,0.0,S,0.0,32,0.0,0.0
302630,tap_burst,0.0,S,0.0,32,0.0,0.0
302726,tap_burst,0.0,S,0.0,32,0.0,0.0
302822,tap_burst,0.0,S,0.0,32,0.0,0.0
302918,tap_burst,0.0,S,0.0,32,0.0,0.0
303013,tap_burst,0.0,S,0.0,32,0.0,0.0
303109,tap_burst,0.0,S,0.0,32,0.0,0.0
303205,tap_burst,0.0,S,0.0,32,0.0,0.0
303301,tap_burst,0.0,S,0.0,32,0.0,0.0
303395,tap_burst,0.0,S,0.0,32,0.0,0.0
303491,tap_burst,0.0,S,0.0,32,0.0,0.0
303586,tap_burst,0.0,S,0.0,32,0.0,0.0
303682,tap_burst,0.0,S,0.0,32,0.0,0.0
303778,tap_burst,0.0,S,0.0,32,0.0,0.0
303874,tap_burst,0.0,S,0.0,32,0.0,0.0
303970,tap_burst,0.0,S,0.0,32,0.0,0.0
304066,tap_burst,0.0,S,0.0,32,0.0,0.0
304161,tap_burst,0.0,S,0.0,32,0.0,0.0
304255,tap_burst,0.0,S,0.0,32,0.0,0.0
304351,tap_burst,0.0,S,0.0,32,0.0,0.0
304447,tap_burst,0.0,S,0.0,32,0.0,0.0
304543,tap_burst,0.0,S,0.0,32,0.0,0.0
304639,tap_burst,0.0,S,0.0,32,0.0,0.0
304735,tap_burst,0.0,S,0.0,32,0.0,0.0
304830,tap_burst,0.0,S,0.0,32,0.0,0.0
304926,tap_burst,0.0,S,0.0,32,0.0,0.0
305022,tap_burst,0.0,S,0.0,32,0.0,0.0
305116,tap_burst,0.0,S,0.0,32,0.0,0.0
305212,tap_burst,0.0,S,0.0,32,0.0,0.0
305308,tap_burst,0.0,S,0.0,32,0.0,0.0
305403,tap_burst,0.0,S,0.0,32,0.0,0.0
305499,tap_burst,0.0,S,0.0,32,0.0,0.0
305595,tap_burst,0.0,S,0.0,32,0.0,0.0
305691,tap_burst,0.0,S,0.0,32,0.0,0.0
305787,tap_burst,0.0,S,0.0,32,0.0,0.0
305883,tap_burst,0.0,S,0.0,32,0.0,0.0
305979,tap_burst,0.0,S,0.0,32,0.0,0.0
306072,tap_burst,0.0,S,0.0,32,0.0,0.0
306168,tap_burst,0.0,S,0.0,32,0.0,0.0
306264,tap_burst,0.0,S,0.0,32,0.0,0.0
306360,tap_burst,0.0,S,0.0,32,0.0,0.0
306456,tap_burst,0.0,S,0.0,32,0.0,0.0
306552,tap_burst,0.0,S,0.0,32,0.0,0.0
306648,tap_burst,0.0,S,0.0,32,0.0,0.0
306743,tap_burst,0.0,S,0.0,32,0.0,0.0
306839,tap_burst,0.0,S,0.0,32,0.0,0.0
306933,tap_burst,0.0,S,0.0,32,0.0,0.0
307029,tap_burst,0.0,S,0.0,32,0.0,0.0
307125,tap_burst,0.0,S,0.0,32,0.0,0.0
307221,tap_burst,0.0,S,0.0,32,0.0,0.0
307317,tap_burst,0.0,S,0.0,32,0.0,0.0
307412,tap_burst,0.0,S,0.0,32,0.0,0.0
307508,tap_burst,0.0,S,0.0,32,0.0,0.0
307604,tap_burst,0.0,S,0.0,32,0.0,0.0
307700,tap_burst,0.0,S,0.0,32,0.0,0.0
307794,tap_burst,0.0,S,0.0,32,0.0,0.0
307889,tap_burst,0.0,S,0.0,32,0.0,0.0
307986,tap_burst,0.0,S,0.0,32,0.0,0.0
308081,tap_burst,0.0,S,0.0,32,0.0,0.0
308177,tap_burst,0.0,S,0.0,32,0.0,0.0
308273,tap_burst,0.0,S,0.0,32,0.0,0.0
308369,tap_burst,0.0,S,0.0,32,0.0,0.0
308465,tap_burst,0.0,S,0.0,32,0.0,0.0
308560,tap_burst,0.0,S,0.0,32,0.0,0.0
308654,tap_burst,0.0,S,0.0,32,0.0,0.0
308750,tap_burst,0.0,S,0.0,32,0.0,0.0
308846,tap_burst,0.0,S,0.0,32,0.0,0.0
308942,tap_burst,0.0,S,0.0,32,0.0,0.0
309038,tap_burst,0.0,S,0.0,32,0.0,0.0
309133,tap_burst,0.0,S,0.0,32,0.0,0.0
309230,tap_burst,0.0,S,0.0,32,0.0,0.0
309325,tap_burst,0.0,S,0.0,32,0.0,0.0
309421,tap_burst,0.0,S,0.0,32,0.0,0.0
309517,tap_burst,0.0,S,0.0,32,0.0,0.0
309611,tap_burst,0.0,S,0.0,32,0.0,0.0
309707,tap_burst,0.0,S,0.0,32,0.0,0.0
309803,tap_burst,0.0,S,0.0,32,0.0,0.0
309898,tap_burst,0.0,S,0.0,32,0.0,0.0
310663,tap_burst,0.0,S,0.0,35,0.0,0.0
310759,tap_burst,0.0,S,0.0,35,0.0,0.0
310855,tap_burst,0.0,S,0.0,35,0.0,0.0
310951,tap_burst,0.0,S,0.0,35,0.0,0.0
311047,tap_burst,0.0,S,0.0,35,0.0,0.0
311142,tap_burst,0.0,S,0.0,35,0.0,0.0
311238,tap_burst,0.0,S,0.0,35,0.0,0.0
311332,tap_burst,0.0,S,0.0,35,0.0,0.0
311428,tap_burst,0.0,S,0.0,35,0.0,0.0
311524,tap_burst,0.0,S,0.0,35,0.0,0.0
311620,tap_burst,0.0,S,0.0,35,0.0,0.0
311715,tap_burst,0.0,S,0.0,35,0.0,0.0
311811,tap_burst,0.0,S,0.0,35,0.0,0.0
311907,tap_burst,0.0,S,0.0,35,0.0,0.0
312003,tap_burst,0.0,S,0.0,35,0.0,0.0
312099,tap_burst,0.0,S,0.0,35,0.0,0.0
312195,tap_burst,0.0,S,0.0,35,0.0,0.0
312288,tap_burst,0.0,S,0.0,35,0.0,0.0
312384,tap_burst,0.0,S,0.0,35,0.0,0.0
312480,tap_burst,0.0,S,0.0,35,0.0,0.0
312576,tap_burst,0.0,S,0.0,35,0.0,0.0
312672,tap_burst,0.0,S,0.0,35,0.0,0.0
312768,tap_burst,0.0,S,0.0,35,0.0,0.0
312864,tap_burst,0.0,S,0.0,35,0.0,0.0
312959,tap_burst,0.0,S,0.0,35,0.0,0.0
313055,tap_burst,0.0,S,0.0,35,0.0,0.0
313149,tap_burst,0.0,S,0.0,35,0.0,0.0
313245,tap_burst,0.0,S,0.0,35,0.0,0.0
313341,tap_burst,0.0,S,0.0,35,0.0,0.0
313437,tap_burst,0.0,S,0.0,35,0.0,0.0
313532,tap_burst,0.0,S,0.0,35,0.0,0.0
313628,tap_burst,0.0,S,0.0,35,0.0,0.0
313724,tap_burst,0.0,S,0.0,35,0.0,0.0
313820,tap_burst,0.0,S,0.0,35,0.0,0.0
313916,tap_burst,0.0,S,0.0,35,0.0,0.0
314010,tap_burst,0.0,S,0.0,35,0.0,0.0
314106,tap_burst,0.0,S,0.0,35,0.0,0.0
314201,tap_burst,0.0,S,0.0,35,0.0,0.0
314297,tap_burst,0.0,S,0.0,35,0.0,0.0
314393,tap_burst,0.0,S,0.0,35,0.0,0.0
314489,tap_burst,0.0,S,0.0,35,0.0,0.0
314585,tap_burst,0.0,S,0.0,35,0.0,0.0
314681,tap_burst,0.0,S,0.0,35,0.0,0.0
314776,tap_burst,0.0,S,0.0,35,0.0,0.0
314870,tap_burst,0.0,S,0.0,35,0.0,0.0
314966,tap_burst,0.0,S,0.0,35,0.0,0.0
315066,tap_burst,0.0,S,0.0,35,0.0,0.0
315158,tap_burst,0.0,S,0.0,35,0.0,0.0
315254,tap_burst,0.0,S,0.0,35,0.0,0.0
315350,tap_burst,0.0,S,0.0,35,0.0,0.0
315445,tap_burst,0.0,S,0.0,35,0.0,0.0
315541,tap_burst,0.0,S,0.0,35,0.0,0.0
315637,tap_burst,0.0,S,0.0,35,0.0,0.0
315733,tap_burst,0.0,S,0.0,35,0.0,0.0
315827,tap_burst,0.0,S,0.0,35,0.0,0.0
315923,tap_burst,0.0,S,0.0,35,0.0,0.0
316018,tap_burst,0.0,S,0.0,35,0.0,0.0
316114,tap_burst,0.0,S,0.0,35,0.0,0.0
316210,tap_burst,0.0,S,0.0,35,0.0,0.0
316306,tap_burst,0.0,S,0.0,35,0.0,0.0
316402,tap_burst,0.0,S,0.0,35,0.0,0.0
316498,tap_burst,0.0,S,0.0,35,0.0,0.0
316594,tap_burst,0.0,S,0.0,35,0.0,0.0
316687,tap_burst,0.0,S,0.0,35,0.0,0.0
316783,tap_burst,0.0,S,0.0,35,0.0,0.0
316879,tap_burst,0.0,S,0.0,35,0.0,0.0
316975,tap_burst,0.0,S,0.0,35,0.0,0.0
317071,tap_burst,0.0,S,0.0,35,0.0,0.0
317167,tap_burst,0.0,S,0.0,35,0.0,0.0
317262,tap_burst,0.0,S,0.0,35,0.0,0.0
317358,tap_burst,0.0,S,0.0,35,0.0,0.0
317454,tap_burst,0.0,S,0.0,35,0.0,0.0
317548,tap_burst,0.0,S,0.0,35,0.0,0.0
317644,tap_burst,0.0,S,0.0,35,0.0,0.0
317740,tap_burst,0.0,S,0.0,35,0.0,0.0
317836,tap_burst,0.0,S,0.0,35,0.0,0.0
317932,tap_burst,0.0,S,0.0,35,0.0,0.0
318027,tap_burst,0.0,S,0.0,35,0.0,0.0
318123,tap_burst,0.0,S,0.0,35,0.0,0.0
318219,tap_burst,0.0,S,0.0,35,0.0,0.0
318315,tap_burst,0.0,S,0.0,35,0.0,0.0
318411,tap_burst,0.0,S,0.0,35,0.0,0.0
318504,tap_burst,0.0,S,0.0,35,0.0,0.0
318601,tap_burst,0.0,S,0.0,35,0.0,0.0
319365,tap_burst,0.0,S,0.0,38,0.0,0.0
319461,tap_burst,0.0,S,0.0,38,0.0,0.0
319557,tap_burst,0.0,S,0.0,38,0.0,0.0
319653,tap_burst,0.0,S,0.0,38,0.0,0.0
319749,tap_burst,0.0,S,0.0,38,0.0,0.0
319844,tap_burst,0.0,S,0.0,38,0.0,0.0
319940,tap_burst,0.0,S,0.0,38,0.0,0.0
320036,tap_burst,0.0,S,0.0,38,0.0,0.0
320132,tap_burst,0.0,S,0.0,38,0.0,0.0
320226,tap_burst,0.0,S,0.0,38,0.0,0.0
320322,tap_burst,0.0,S,0.0,38,0.0,0.0
320418,tap_burst,0.0,S,0.0,38,0.0,0.0
320513,tap_burst,0.0,S,0.0,38,0.0,0.0
320609,tap_burst,0.0,S,0.0,38,0.0,0.0
320705,tap_burst,0.0,S,0.0,38,0.0,0.0
320801,tap_burst,0.0,S,0.0,38,0.0,0.0
320897,tap_burst,0.0,S,0.0,38,0.0,0.0
320993,tap_burst,0.0,S,0.0,38,0.0,0.0
321086,tap_burst,0.0,S,0.0,38,0.0,0.0
321182,tap_burst,0.0,S,0.0,38,0.0,0.0
321278,tap_burst,0.0,S,0.0,38,0.0,0.0
321374,tap_burst,0.0,S,0.0,38,0.0,0.0
321470,tap_burst,0.0,S,0.0,38,0.0,0.0
321566,tap_burst,0.0,S,0.0,38,0.0,0.0
321661,tap_burst,0.0,S,0.0,38,0.0,0.0
321757,tap_burst,0.0,S,0.0,38,0.0,0.0
321853,tap_burst,0.0,S,0.0,38,0.0,0.0
321949,tap_burst,0.0,S,0.0,38,0.0,0.0
322043,tap_burst,0.0,S,0.0,38,0.0,0.0
322139,tap_burst,0.0,S,0.0,38,0.0,0.0
322234,tap_burst,0.0,S,0.0,38,0.0,0.0
322330,tap_burst,0.0,S,0.0,38,0.0,0.0
322426,tap_burst,0.0,S,0.0,38,0.0,0.0
322522,tap_burst,0.0,S,0.0,38,0.0,0.0
322618,tap_burst,0.0,S,0.0,38,0.0,0.0
322714,tap_burst,0.0,S,0.0,38,0.0,0.0
322810,tap_burst,0.0,S,0.0,38,0.0,0.0
322904,tap_burst,0.0,S,0.0,38,0.0,0.0
322999,tap_burst,0.0,S,0.0,38,0.0,0.0
323095,tap_burst,0.0,S,0.0,38,0.0,0.0
323191,tap_burst,0.0,S,0.0,38,0.0,0.0
323287,tap_burst,0.0,S,0.0,38,0.0,0.0
323383,tap_burst,0.0,S,0.0,38,0.0,0.0
323479,tap_burst,0.0,S,0.0,38,0.0,0.0
323574,tap_burst,0.0,S,0.0,38,0.0,0.0
323670,tap_burst,0.0,S,0.0,38,0.0,0.0
323764,tap_burst,0.0,S,0.0,38,0.0,0.0
323860,tap_burst,0.0,S,0.0,38,0.0,0.0
323956,tap_burst,0.0,S,0.0,38,0.0,0.0
324052,tap_burst,0.0,S,0.0,38,0.0,0.0
324147,tap_burst,0.0,S,0.0,38,0.0,0.0
324243,tap_burst,0.0,S,0.0,38,0.0,0.0
324339,tap_burst,0.0,S,0.0,38,0.0,0.0
324435,tap_burst,0.0,S,0.0,38,0.0,0.0
324531,tap_burst,0.0,S,0.0,38,0.0,0.0
324627,tap_burst,0.0,S,0.0,38,0.0,0.0
324720,tap_burst,0.0,S,0.0,38,0.0,0.0
324816,tap_burst,0.0,S,0.0,38,0.0,0.0
324912,tap_burst,0.0,S,0.0,38,0.0,0.0
325008,tap_burst,0.0,S,0.0,38,0.0,0.0
325104,tap_burst,0.0,S,0.0,38,0.0,0.0
325200,tap_burst,0.0,S,0.0,38,0.0,0.0
325296,tap_burst,0.0,S,0.0,38,0.0,0.0
325391,tap_burst,0.0,S,0.0,38,0.0,0.0
325487,tap_burst,0.0,S,0.0,38,0.0,0.0
325581,tap_burst,0.0,S,0.0,38,0.0,0.0
325677,tap_burst,0.0,S,0.0,38,0.0,0.0
325773,tap_burst,0.0,S,0.0,38,0.0,0.0
325869,tap_burst,0.0,S,0.0,38,0.0,0.0
325965,tap_burst,0.0,S,0.0,38,0.0,0.0
326060,tap_burst,0.0,S,0.0,38,0.0,0.0
326156,tap_burst,0.0,S,0.0,38,0.0,0.0
326252,tap_burst,0.0,S,0.0,38,0.0,0.0
326348,tap_burst,0.0,S,0.0,38,0.0,0.0
326442,tap_burst,0.0,S,0.0,38,0.0,0.0
326538,tap_burst,0.0,S,0.0,38,0.0,0.0
326633,tap_burst,0.0,S,0.0,38,0.0,0.0
326729,tap_burst,0.0,S,0.0,38,0.0,0.0
326825,tap_burst,0.0,S,0.0,38,0.0,0.0
326921,tap_burst,0.0,S,0.0,38,0.0,0.0
327017,tap_burst,0.0,S,0.0,38,0.0,0.0
327113,tap_burst,0.0,S,0.0,38,0.0,0.0
327209,tap_burst,0.0,S,0.0,38,0.0,0.0
327303,tap_burst,0.0,S,0.0,38,0.0,0.0
328069,tap_burst,0.0,S,0.0,41,0.0,0.0
328165,tap_burst,0.0,S,0.0,41,0.0,0.0
328259,tap_burst,0.0,S,0.0,41,0.0,0.0
328355,tap_burst,0.0,S,0.0,41,0.0,0.0
328450,tap_burst,0.0,S,0.0,41,0.0,0.0
328546,tap_burst,0.0,S,0.0,41,0.0,0.0
328654,tap_burst,0.0,S,0.0,41,0.0,0.0
328834,tap_burst,0.0,S,0.0,41,0.0,0.0
328930,tap_burst,0.0,S,0.0,41,0.0,0.0
329026,tap_burst,0.0,S,0.0,41,0.0,0.0
329119,tap_burst,0.0,S,0.0,41,0.0,0.0
329215,tap_burst,0.0,S,0.0,41,0.0,0.0
329311,tap_burst,0.0,S,0.0,41,0.0,0.0
329407,tap_burst,0.0,S,0.0,41,0.0,0.0
329503,tap_burst,0.0,S,0.0,41,0.0,0.0
329599,tap_burst,0.0,S,0.0,41,0.0,0.0
329695,tap_burst,0.0,S,0.0,41,0.0,0.0
329790,tap_burst,0.0,S,0.0,41,0.0,0.0
329886,tap_burst,0.0,S,0.0,41,0.0,0.0
329980,tap_burst,0.0,S,0.0,41,0.0,0.0
330076,tap_burst,0.0,S,0.0,41,0.0,0.0
330172,tap_burst,0.0,S,0.0,41,0.0,0.0
330268,tap_burst,0.0,S,0.0,41,0.0,0.0
330364,tap_burst,0.0,S,0.0,41,0.0,0.0
330459,tap_burst,0.0,S,0.0,41,0.0,0.0
330555,tap_burst,0.0,S,0.0,41,0.0,0.0
330651,tap_burst,0.0,S,0.0,41,0.0,0.0
330747,tap_burst,0.0,S,0.0,41,0.0,0.0
330843,tap_burst,0.0,S,0.0,41,0.0,0.0
330937,tap_burst,0.0,S,0.0,41,0.0,0.0
331033,tap_burst,0.0,S,0.0,41,0.0,0.0
331128,tap_burst,0.0,S,0.0,41,0.0,0.0
331224,tap_burst,0.0,S,0.0,41,0.0,0.0
331320,tap_burst,0.0,S,0.0,41,0.0,0.0
331416,tap_burst,0.0,S,0.0,41,0.0,0.0
331512,tap_burst,0.0,S,0.0,41,0.0,0.0
331607,tap_burst,0.0,S,0.0,41,0.0,0.0
331703,tap_burst,0.0,S,0.0,41,0.0,0.0
331797,tap_burst,0.0,S,0.0,41,0.0,0.0
331893,tap_burst,0.0,S,0.0,41,0.0,0.0
331989,tap_burst,0.0,S,0.0,41,0.0,0.0
332085,tap_burst,0.0,S,0.0,41,0.0,0.0
332181,tap_burst,0.0,S,0.0,41,0.0,0.0
332276,tap_burst,0.0,S,0.0,41,0.0,0.0
332372,tap_burst,0.0,S,0.0,41,0.0,0.0
332468,tap_burst,0.0,S,0.0,41,0.0,0.0
332564,tap_burst,0.0,S,0.0,41,0.0,0.0
332658,tap_burst,0.0,S,0.0,41,0.0,0.0
332754,tap_burst,0.0,S,0.0,41,0.0,0.0
332850,tap_burst,0.0,S,0.0,41,0.0,0.0
332945,tap_burst,0.0,S,0.0,41,0.0,0.0
333041,tap_burst,0.0,S,0.0,41,0.0,0.0
333137,tap_burst,0.0,S,0.0,41,0.0,0.0
333233,tap_burst,0.0,S,0.0,41,0.0,0.0
333329,tap_burst,0.0,S,0.0,41,0.0,0.0
333425,tap_burst,0.0,S,0.0,41,0.0,0.0
333518,tap_burst,0.0,S,0.0,41,0.0,0.0
333614,tap_burst,0.0,S,0.0,41,0.0,0.0
333710,tap_burst,0.0,S,0.0,41,0.0,0.0
333806,tap_burst,0.0,S,0.0,41,0.0,0.0
333902,tap_burst,0.0,S,0.0,41,0.0,0.0
333998,tap_burst,0.0,S,0.0,41,0.0,0.0
334094,tap_burst,0.0,S,0.0,41,0.0,0.0
334189,tap_burst,0.0,S,0.0,41,0.0,0.0
334285,tap_burst,0.0,S,0.0,41,0.0,0.0
334381,tap_burst,0.0,S,0.0,41,0.0,0.0
334475,tap_burst,0.0,S,0.0,41,0.0,0.0
334571,tap_burst,0.0,S,0.0,41,0.0,0.0
334667,tap_burst,0.0,S,0.0,41,0.0,0.0
334762,tap_burst,0.0,S,0.0,41,0.0,0.0
334858,tap_burst,0.0,S,0.0,41,0.0,0.0
334954,tap_burst,0.0,S,0.0,41,0.0,0.0
335050,tap_burst,0.0,S,0.0,41,0.0,0.0
335146,tap_burst,0.0,S,0.0,41,0.0,0.0
335242,tap_burst,0.0,S,0.0,41,0.0,0.0
335335,tap_burst,0.0,S,0.0,41,0.0,0.0
335431,tap_burst,0.0,S,0.0,41,0.0,0.0
335527,tap_burst,0.0,S,0.0,41,0.0,0.0
335623,tap_burst,0.0,S,0.0,41,0.0,0.0
335719,tap_burst,0.0,S,0.0,41,0.0,0.0
335815,tap_burst,0.0,S,0.0,41,0.0,0.0
335911,tap_burst,0.0,S,0.0,41,0.0,0.0
336006,tap_burst,0.0,S,0.0,41,0.0,0.0
336771,tap_burst,0.0,S,0.0,44,0.0,0.0
336867,tap_burst,0.0,S,0.0,44,0.0,0.0
336963,tap_burst,0.0,S,0.0,44,0.0,0.0
337059,tap_burst,0.0,S,0.0,44,0.0,0.0
337153,tap_burst,0.0,S,0.0,44,0.0,0.0
337248,tap_burst,0.0,S,0.0,44,0.0,0.0
337344,tap_burst,0.0,S,0.0,44,0.0,0.0
337440,tap_burst,0.0,S,0.0,44,0.0,0.0
337536,tap_burst,0.0,S,0.0,44,0.0,0.0
337632,tap_burst,0.0,S,0.0,44,0.0,0.0
337728,tap_burst,0.0,S,0.0,44,0.0,0.0
337823,tap_burst,0.0,S,0.0,44,0.0,0.0
337920,tap_burst,0.0,S,0.0,44,0.0,0.0
338013,tap_burst,0.0,S,0.0,44,0.0,0.0
338109,tap_burst,0.0,S,0.0,44,0.0,0.0
338205,tap_burst,0.0,S,0.0,44,0.0,0.0
338301,tap_burst,0.0,S,0.0,44,0.0,0.0
338397,tap_burst,0.0,S,0.0,44,0.0,0.0
338492,tap_burst,0.0,S,0.0,44,0.0,0.0
338588,tap_burst,0.0,S,0.0,44,0.0,0.0
338684,tap_burst,0.0,S,0.0,44,0.0,0.0
338780,tap_burst,0.0,S,0.0,44,0.0,0.0
338874,tap_burst,0.0,S,0.0,44,0.0,0.0
338970,tap_burst,0.0,S,0.0,44,0.0,0.0
339066,tap_burst,0.0,S,0.0,44,0.0,0.0
339161,tap_burst,0.0,S,0.0,44,0.0,0.0
339257,tap_burst,0.0,S,0.0,44,0.0,0.0
339353,tap_burst,0.0,S,0.0,44,0.0,0.0
339449,tap_burst,0.0,S,0.0,44,0.0,0.0
339545,tap_burst,0.0,S,0.0,44,0.0,0.0
339641,tap_burst,0.0,S,0.0,44,0.0,0.0
339735,tap_burst,0.0,S,0.0,44,0.0,0.0
339830,tap_burst,0.0,S,0.0,44,0.0,0.0
339926,tap_burst,0.0,S,0.0,44,0.0,0.0
340022,tap_burst,0.0,S,0.0,44,0.0,0.0
340118,tap_burst,0.0,S,0.0,44,0.0,0.0
340214,tap_burst,0.0,S,0.0,44,0.0,0.0
340310,tap_burst,0.0,S,0.0,44,0.0,0.0
340406,tap_burst,0.0,S,0.0,44,0.0,0.0
340501,tap_burst,0.0,S,0.0,44,0.0,0.0
340597,tap_burst,0.0,S,0.0,44,0.0,0.0
340691,tap_burst,0.0,S,0.0,44,0.0,0.0
340787,tap_burst,0.0,S,0.0,44,0.0,0.0
340883,tap_burst,0.0,S,0.0,44,0.0,0.0
340979,tap_burst,0.0,S,0.0,44,0.0,0.0
341074,tap_burst,0.0,S,0.0,44,0.0,0.0
341170,tap_burst,0.0,S,0.0,44,0.0,0.0
341266,tap_burst,0.0,S,0.0,44,0.0,0.0
341362,tap_burst,0.0,S,0.0,44,0.0,0.0
341458,tap_burst,0.0,S,0.0,44,0.0,0.0
341551,tap_burst,0.0,S,0.0,44,0.0,0.0
341647,tap_burst,0.0,S,0.0,44,0.0,0.0
341747,tap_burst,0.0,S,0.0,44,0.0,0.0
341839,tap_burst,0.0,S,0.0,44,0.0,0.0
341935,tap_burst,0.0,S,0.0,44,0.0,0.0
342031,tap_burst,0.0,S,0.0,44,0.0,0.0
342127,tap_burst,0.0,S,0.0,44,0.0,0.0
342222,tap_burst,0.0,S,0.0,44,0.0,0.0
342318,tap_burst,0.0,S,0.0,44,0.0,0.0
342412,tap_burst,0.0,S,0.0,44,0.0,0.0
342508,tap_burst,0.0,S,0.0,44,0.0,0.0
342604,tap_burst,0.0,S,0.0,44,0.0,0.0
342700,tap_burst,0.0,S,0.0,44,0.0,0.0
342796,tap_burst,0.0,S,0.0,44,0.0,0.0
342892,tap_burst,0.0,S,0.0,44,0.0,0.0
342987,tap_burst,0.0,S,0.0,44,0.0,0.0
343083,tap_burst,0.0,S,0.0,44,0.0,0.0
343179,tap_burst,0.0,S,0.0,44,0.0,0.0
343275,tap_burst,0.0,S,0.0,44,0.0,0.0
343369,tap_burst,0.0,S,0.0,44,0.0,0.0
343465,tap_burst,0.0,S,0.0,44,0.0,0.0
343560,tap_burst,0.0,S,0.0,44,0.0,0.0
343656,tap_burst,0.0,S,0.0,44,0.0,0.0
343752,quiet_mid2,0.0,S,0.0,44,0.0,0.0
343848,quiet_mid2,0.0,S,0.0,44,0.0,0.0
343944,quiet_mid2,0.0,S,0.0,44,0.0,0.0
344040,quiet_mid2,0.0,S,0.0,44,0.0,0.0
344135,quiet_mid2,0.0,S,0.0,44,0.0,0.0
344229,quiet_mid2,0.0,S,0.0,44,0.0,0.0
344325,quiet_mid2,0.0,S,0.0,44,0.0,0.0
344421,quiet_mid2,0.0,S,0.0,44,0.0,0.0
344517,quiet_mid2,0.0,S,0.0,44,0.0,0.0
344613,quiet_mid2,0.0,S,0.0,44,0.0,0.0
344709,quiet_mid2,0.0,S,0.0,44,0.0,0.0
344804,quiet_mid2,0.0,S,0.0,44,0.0,0.0
344900,quiet_mid2,0.0,S,0.0,44,0.0,0.0
344996,quiet_mid2,0.0,S,0.0,44,0.0,0.0
345090,quiet_mid2,0.0,S,0.0,44,0.0,0.0
345186,quiet_mid2,0.0,S,0.0,44,0.0,0.0
345282,quiet_mid2,0.0,S,0.0,44,0.0,0.0
345377,quiet_mid2,0.0,S,0.0,44,0.0,0.0
345473,quiet_mid2,0.0,S,0.0,44,0.0,0.0
345569,quiet_mid2,0.0,S,0.0,44,0.0,0.0
345665,quiet_mid2,0.0,S,0.0,44,0.0,0.0
345761,quiet_mid2,0.0,S,0.0,44,0.0,0.0
345857,quiet_mid2,0.0,S,0.0,44,0.0,0.0
345950,quiet_mid2,0.0,S,0.0,44,0.0,0.0
346046,quiet_mid2,0.0,S,0.0,44,0.0,0.0
346142,quiet_mid2,0.0,S,0.0,44,0.0,0.0
346238,quiet_mid2,0.0,S,0.0,44,0.0,0.0
346334,quiet_mid2,0.0,S,0.0,44,0.0,0.0
346430,quiet_mid2,0.0,S,0.0,44,0.0,0.0
346526,quiet_mid2,0.0,S,0.0,44,0.0,0.0
346621,quiet_mid2,0.0,S,0.0,44,0.0,0.0
346717,quiet_mid2,0.0,S,0.0,44,0.0,0.0
346813,quiet_mid2,0.0,S,0.0,44,0.0,0.0
346907,quiet_mid2,0.0,S,0.0,44,0.0,0.0
347003,quiet_mid2,0.0,S,0.0,44,0.0,0.0
347099,quiet_mid2,0.0,S,0.0,44,0.0,0.0
347194,quiet_mid2,0.0,S,0.0,44,0.0,0.0
347290,quiet_mid2,0.0,S,0.0,44,0.0,0.0
347386,quiet_mid2,0.0,S,0.0,44,0.0,0.0
347482,quiet_mid2,0.0,S,0.0,44,0.0,0.0
347578,quiet_mid2,0.0,S,0.0,44,0.0,0.0
347674,quiet_mid2,0.0,S,0.0,44,0.0,0.0
347768,quiet_mid2,0.0,S,0.0,44,0.0,0.0
347863,quiet_mid2,0.0,S,0.0,44,0.0,0.0
347959,quiet_mid2,0.0,S,0.0,44,0.0,0.0
348055,quiet_mid2,0.0,S,0.0,44,0.0,0.0
348151,quiet_mid2,0.0,S,0.0,44,0.0,0.0
348247,quiet_mid2,0.0,S,0.0,44,0.0,0.0
348343,quiet_mid2,0.0,S,0.0,44,0.0,0.0
348438,quiet_mid2,0.0,S,0.0,44,0.0,0.0
348534,quiet_mid2,0.0,S,0.0,44,0.0,0.0
348628,quiet_mid2,0.0,S,0.0,44,0.0,0.0
348724,quiet_mid2,0.0,S,0.0,44,0.0,0.0
348820,quiet_mid2,0.0,S,0.0,44,0.0,0.0
348916,quiet_mid2,0.0,S,0.0,44,0.0,0.0
349012,quiet_mid2,0.0,S,0.0,44,0.0,0.0
349107,quiet_mid2,0.0,S,0.0,44,0.0,0.0
349203,quiet_mid2,0.0,S,0.0,44,0.0,0.0
349299,quiet_mid2,0.0,S,0.0,44,0.0,0.0
349395,quiet_mid2,0.0,S,0.0,44,0.0,0.0
349491,quiet_mid2,0.0,S,0.0,44,0.0,0.0
349585,quiet_mid2,0.0,S,0.0,44,0.0,0.0
349680,quiet_mid2,0.0,S,0.0,44,0.0,0.0
349776,quiet_mid2,0.0,S,0.0,44,0.0,0.0
349872,quiet_mid2,0.0,S,0.0,44,0.0,0.0
349968,quiet_mid2,0.0,S,0.0,44,0.0,0.0
350064,quiet_mid2,0.0,S,0.0,44,0.0,0.0
350160,quiet_mid2,0.0,S,0.0,44,0.0,0.0
350255,quiet_mid2,0.0,S,0.0,44,0.0,0.0
350352,quiet_mid2,0.0,S,0.0,44,0.0,0.0
350445,quiet_mid2,0.0,S,0.0,44,0.0,0.0
350541,quiet_mid2,0.0,S,0.0,44,0.0,0.0
350637,quiet_mid2,0.0,S,0.0,44,0.0,0.0
350733,quiet_mid2,0.0,S,0.0,44,0.0,0.0
350829,quiet_mid2,0.0,S,0.0,44,0.0,0.0
350924,quiet_mid2,0.0,S,0.0,44,0.0,0.0
351020,quiet_mid2,0.0,S,0.0,44,0.0,0.0
351116,quiet_mid2,0.0,S,0.0,44,0.0,0.0
351212,quiet_mid2,0.0,S,0.0,44,0.0,0.0
351306,quiet_mid2,0.0,S,0.0,44,0.0,0.0
351402,quiet_mid2,0.0,S,0.0,44,0.0,0.0
351498,quiet_mid2,0.0,S,0.0,44,0.0,0.0
351593,quiet_mid2,0.0,S,0.0,44,0.0,0.0
351689,quiet_mid2,0.0,S,0.0,44,0.0,0.0
351785,quiet_mid2,0.0,S,0.0,44,0.0,0.0
351881,quiet_mid2,0.0,S,0.0,44,0.0,0.0
351977,quiet_mid2,0.0,S,0.0,44,0.0,0.0
352073,quiet_mid2,0.0,S,0.0,44,0.0,0.0
352167,quiet_mid2,0.0,S,0.0,44,0.0,0.0
352262,quiet_mid2,0.0,S,0.0,44,0.0,0.0
352358,quiet_mid2,0.0,S,0.0,44,0.0,0.0
352454,quiet_mid2,0.0,S,0.0,44,0.0,0.0
352550,quiet_mid2,0.0,S,0.0,44,0.0,0.0
352646,quiet_mid2,0.0,S,0.0,44,0.0,0.0
352742,quiet_mid2,0.0,S,0.0,44,0.0,0.0
352837,quiet_mid2,0.0,S,0.0,44,0.0,0.0
352933,quiet_mid2,0.0,S,0.0,44,0.0,0.0
353029,quiet_mid2,0.0,S,0.0,44,0.0,0.0
353123,quiet_mid2,0.0,S,0.0,44,0.0,0.0
353219,quiet_mid2,0.0,S,0.0,44,0.0,0.0
353315,quiet_mid2,0.0,S,0.0,44,0.0,0.0
353411,quiet_mid2,0.0,S,0.0,44,0.0,0.0
353506,quiet_mid2,0.0,S,0.0,44,0.0,0.0
353602,quiet_mid2,0.0,S,0.0,44,0.0,0.0
353698,quiet_mid2,0.0,S,0.0,44,0.0,0.0
353794,quiet_mid2,0.0,S,0.0,44,0.0,0.0
353890,quiet_mid2,0.0,S,0.0,44,0.0,0.0
353984,quiet_mid2,0.0,S,0.0,44,0.0,0.0
354092,quiet_mid2,0.0,S,0.0,44,0.0,0.0
354271,quiet_mid2,0.0,S,0.0,44,0.0,0.0
354367,quiet_mid2,0.0,S,0.0,44,0.0,0.0
354463,quiet_mid2,0.0,S,0.0,44,0.0,0.0
354559,quiet_mid2,0.0,S,0.0,44,0.0,0.0
354655,quiet_mid2,0.0,S,0.0,44,0.0,0.0
354750,quiet_mid2,0.0,S,0.0,44,0.0,0.0
354844,quiet_mid2,0.0,S,0.0,44,0.0,0.0
354940,quiet_mid2,0.0,S,0.0,44,0.0,0.0
355036,quiet_mid2,0.0,S,0.0,44,0.0,0.0
355132,quiet_mid2,0.0,S,0.0,44,0.0,0.0
355228,quiet_mid2,0.0,S,0.0,44,0.0,0.0
355323,quiet_mid2,0.0,S,0.0,44,0.0,0.0
355419,quiet_mid2,0.0,S,0.0,44,0.0,0.0
355515,quiet_mid2,0.0,S,0.0,44,0.0,0.0
355611,quiet_mid2,0.0,S,0.0,44,0.0,0.0
355707,quiet_mid2,0.0,S,0.0,44,0.0,0.0
355801,quiet_mid2,0.0,S,0.0,44,0.0,0.0
355897,quiet_mid2,0.0,S,0.0,44,0.0,0.0
355992,quiet_mid2,0.0,S,0.0,44,0.0,0.0
356088,quiet_mid2,0.0,S,0.0,44,0.0,0.0
356184,quiet_mid2,0.0,S,0.0,44,0.0,0.0
356280,quiet_mid2,0.0,S,0.0,44,0.0,0.0
356376,quiet_mid2,0.0,S,0.0,44,0.0,0.0
356472,quiet_mid2,0.0,S,0.0,44,0.0,0.0
356567,quiet_mid2,0.0,S,0.0,44,0.0,0.0
356662,quiet_mid2,0.0,S,0.0,44,0.0,0.0
356757,quiet_mid2,0.0,S,0.0,44,0.0,0.0
356853,quiet_mid2,0.0,S,0.0,44,0.0,0.0
356949,quiet_mid2,0.0,S,0.0,44,0.0,0.0
357045,quiet_mid2,0.0,S,0.0,44,0.0,0.0
357141,quiet_mid2,0.0,S,0.0,44,0.0,0.0
357236,quiet_mid2,0.0,S,0.0,44,0.0,0.0
357332,quiet_mid2,0.0,S,0.0,44,0.0,0.0
357428,quiet_mid2,0.0,S,0.0,44,0.0,0.0
357522,quiet_mid2,0.0,S,0.0,44,0.0,0.0
357618,quiet_mid2,0.0,S,0.0,44,0.0,0.0
357714,quiet_mid2,0.0,S,0.0,44,0.0,0.0
357809,quiet_mid2,0.0,S,0.0,44,0.0,0.0
357905,quiet_mid2,0.0,S,0.0,44,0.0,0.0
358001,quiet_mid2,0.0,S,0.0,44,0.0,0.0
358097,quiet_mid2,0.0,S,0.0,44,0.0,0.0
358193,quiet_mid2,0.0,S,0.0,44,0.0,0.0
358289,quiet_mid2,0.0,S,0.0,44,0.0,0.0
358383,quiet_mid2,0.0,S,0.0,44,0.0,0.0
358478,quiet_mid2,0.0,S,0.0,44,0.0,0.0
358574,quiet_mid2,0.0,S,0.0,44,0.0,0.0
358670,quiet_mid2,0.0,S,0.0,44,0.0,0.0
358766,quiet_mid2,0.0,S,0.0,44,0.0,0.0
358862,quiet_mid2,0.0,S,0.0,44,0.0,0.0
358958,quiet_mid2,0.0,S,0.0,44,0.0,0.0
359053,quiet_mid2,0.0,S,0.0,44,0.0,0.0
359149,quiet_mid2,0.0,S,0.0,44,0.0,0.0
359245,quiet_mid2,0.0,S,0.0,44,0.0,0.0
359339,quiet_mid2,0.0,S,0.0,44,0.0,0.0
359435,quiet_mid2,0.0,S,0.0,44,0.0,0.0
359531,quiet_mid2,0.0,S,0.0,44,0.0,0.0
359627,quiet_mid2,0.0,S,0.0,44,0.0,0.0
359723,quiet_mid2,0.0,S,0.0,44,0.0,0.0
359818,quiet_mid2,0.0,S,0.0,44,0.0,0.0
359914,quiet_mid2,0.0,S,0.0,44,0.0,0.0
360010,quiet_mid2,0.0,S,0.0,44,0.0,0.0
360106,quiet_mid2,0.0,S,0.0,44,0.0,0.0
360200,quiet_mid2,0.0,S,0.0,44,0.0,0.0
360295,quiet_mid2,0.0,S,0.0,44,0.0,0.0
360391,quiet_mid2,0.0,S,0.0,44,0.0,0.0
360487,quiet_mid2,0.0,S,0.0,44,0.0,0.0
360583,quiet_mid2,0.0,S,0.0,44,0.0,0.0
360679,quiet_mid2,0.0,S,0.0,44,0.0,0.0
360775,quiet_mid2,0.0,S,0.0,44,0.0,0.0
360870,quiet_mid2,0.0,S,0.0,44,0.0,0.0
360966,quiet_mid2,0.0,S,0.0,44,0.0,0.0
361060,quiet_mid2,0.0,S,0.0,44,0.0,0.0
361156,quiet_mid2,0.0,S,0.0,44,0.0,0.0
361252,quiet_mid2,0.0,S,0.0,44,0.0,0.0
361348,quiet_mid2,0.0,S,0.0,44,0.0,0.0
361444,quiet_mid2,0.0,S,0.0,44,0.0,0.0
361539,quiet_mid2,0.0,S,0.0,44,0.0,0.0
361635,quiet_mid2,0.0,S,0.0,44,0.0,0.0
361731,quiet_mid2,0.0,S,0.0,44,0.0,0.0
361827,quiet_mid2,0.0,S,0.0,44,0.0,0.0
361923,quiet_mid2,0.0,S,0.0,44,0.0,0.0
362017,quiet_mid2,0.0,S,0.0,44,0.0,0.0
362113,quiet_mid2,0.0,S,0.0,44,0.0,0.0
362208,quiet_mid2,0.0,S,0.0,44,0.0,0.0
362304,quiet_mid2,0.0,S,0.0,44,0.0,0.0
362400,quiet_mid2,0.0,S,0.0,44,0.0,0.0
362496,quiet_mid2,0.0,S,0.0,44,0.0,0.0
362592,quiet_mid2,0.0,S,0.0,44,0.0,0.0
362688,quiet_mid2,0.0,S,0.0,44,0.0,0.0
362783,quiet_mid2,0.0,S,0.0,44,0.0,0.0
362877,quiet_mid2,0.0,S,0.0,44,0.0,0.0
362973,quiet_mid2,0.0,S,0.0,44,0.0,0.0
363069,quiet_mid2,0.0,S,0.0,44,0.0,0.0
363165,quiet_mid2,0.0,S,0.0,44,0.0,0.0
363261,quiet_mid2,0.0,S,0.0,44,0.0,0.0
363357,quiet_mid2,0.0,S,0.0,44,0.0,0.0
363452,quiet_mid2,0.0,S,0.0,44,0.0,0.0
363548,quiet_mid2,0.0,S,0.0,44,0.0,0.0
363644,quiet_mid2,0.0,S,0.0,44,0.0,0.0
363738,quiet_mid2,0.0,S,0.0,44,0.0,0.0
363834,quiet_mid2,0.0,S,0.0,44,0.0,0.0
363930,quiet_mid2,0.0,S,0.0,44,0.0,0.0
364026,quiet_mid2,0.0,S,0.0,44,0.0,0.0
364121,quiet_mid2,0.0,S,0.0,44,0.0,0.0
364217,quiet_mid2,0.0,S,0.0,44,0.0,0.0
364313,quiet_mid2,0.0,S,0.0,44,0.0,0.0
364409,quiet_mid2,0.0,S,0.0,44,0.0,0.0
364505,quiet_mid2,0.0,S,0.0,44,0.0,0.0
364599,quiet_mid2,0.0,S,0.0,44,0.0,0.0
364694,quiet_mid2,0.0,S,0.0,44,0.0,0.0
364790,quiet_mid2,0.0,S,0.0,44,0.0,0.0
364886,quiet_mid2,0.0,S,0.0,44,0.0,0.0
364982,quiet_mid2,0.0,S,0.0,44,0.0,0.0
365078,quiet_mid2,0.0,S,0.0,44,0.0,0.0
365174,quiet_mid2,0.0,S,0.0,44,0.0,0.0
365270,quiet_mid2,0.0,S,0.0,44,0.0,0.0
365365,quiet_mid2,0.0,S,0.0,44,0.0,0.0
365461,quiet_mid2,0.0,S,0.0,44,0.0,0.0
365555,quiet_mid2,0.0,S,0.0,44,0.0,0.0
365651,quiet_mid2,0.0,S,0.0,44,0.0,0.0
365747,quiet_mid2,0.0,S,0.0,44,0.0,0.0
365843,quiet_mid2,0.0,S,0.0,44,0.0,0.0
365938,quiet_mid2,0.0,S,0.0,44,0.0,0.0
366034,quiet_mid2,0.0,S,0.0,44,0.0,0.0
366130,quiet_mid2,0.0,S,0.0,44,0.0,0.0
366226,quiet_mid2,0.0,S,0.0,44,0.0,0.0
366322,quiet_mid2,0.0,S,0.0,44,0.0,0.0
366416,quiet_mid2,0.0,S,0.0,44,0.0,0.0
366524,quiet_mid2,0.0,S,0.0,44,0.0,0.0
366703,quiet_mid2,0.0,S,0.0,44,0.0,0.0
366799,quiet_mid2,0.0,S,0.0,44,0.0,0.0
366895,quiet_mid2,0.0,S,0.0,44,0.0,0.0
366991,quiet_mid2,0.0,S,0.0,44,0.0,0.0
367086,quiet_mid2,0.0,S,0.0,44,0.0,0.0
367182,quiet_mid2,0.0,S,0.0,44,0.0,0.0
367276,quiet_mid2,0.0,S,0.0,44,0.0,0.0
367372,quiet_mid2,0.0,S,0.0,44,0.0,0.0
367468,quiet_mid2,0.0,S,0.0,44,0.0,0.0
367564,quiet_mid2,0.0,S,0.0,44,0.0,0.0
367660,quiet_mid2,0.0,S,0.0,44,0.0,0.0
367755,quiet_mid2,0.0,S,0.0,44,0.0,0.0
367851,quiet_mid2,0.0,S,0.0,44,0.0,0.0
367947,quiet_mid2,0.0,S,0.0,44,0.0,0.0
368043,quiet_mid2,0.0,S,0.0,44,0.0,0.0
368137,quiet_mid2,0.0,S,0.0,44,0.0,0.0
368233,quiet_mid2,0.0,S,0.0,44,0.0,0.0
368329,quiet_mid2,0.0,S,0.0,44,0.0,0.0
368424,quiet_mid2,0.0,S,0.0,44,0.0,0.0
368520,quiet_mid2,0.0,S,0.0,44,0.0,0.0
368616,quiet_mid2,0.0,S,0.0,44,0.0,0.0
368712,quiet_mid2,0.0,S,0.0,44,0.0,0.0
368808,quiet_mid2,0.0,S,0.0,44,0.0,0.0
368904,quiet_mid2,0.0,S,0.0,44,0.0,0.0
369000,quiet_mid2,0.0,S,0.0,44,0.0,0.0
369093,quiet_mid2,0.0,S,0.0,44,0.0,0.0
369189,quiet_mid2,0.0,S,0.0,44,0.0,0.0
369285,quiet_mid2,0.0,S,0.0,44,0.0,0.0
369381,quiet_mid2,0.0,S,0.0,44,0.0,0.0
369477,quiet_mid2,0.0,S,0.0,44,0.0,0.0
369573,quiet_mid2,0.0,S,0.0,44,0.0,0.0
369668,quiet_mid2,0.0,S,0.0,44,0.0,0.0
369764,quiet_mid2,0.0,S,0.0,44,0.0,0.0
369860,quiet_mid2,0.0,S,0.0,44,0.0,0.0
369954,quiet_mid2,0.0,S,0.0,44,0.0,0.0
370050,quiet_mid2,0.0,S,0.0,44,0.0,0.0
370146,quiet_mid2,0.0,S,0.0,44,0.0,0.0
370241,quiet_mid2,0.0,S,0.0,44,0.0,0.0
370338,quiet_mid2,0.0,S,0.0,44,0.0,0.0
370433,quiet_mid2,0.0,S,0.0,44,0.0,0.0
370529,quiet_mid2,0.0,S,0.0,44,0.0,0.0
370625,quiet_mid2,0.0,S,0.0,44,0.0,0.0
370721,quiet_mid2,0.0,S,0.0,44,0.0,0.0
370815,quiet_mid2,0.0,S,0.0,44,0.0,0.0
370910,quiet_mid2,0.0,S,0.0,44,0.0,0.0
371006,quiet_mid2,0.0,S,0.0,44,0.0,0.0
371102,quiet_mid2,0.0,S,0.0,44,0.0,0.0
371198,quiet_mid2,0.0,S,0.0,44,0.0,0.0
371294,quiet_mid2,0.0,S,0.0,44,0.0,0.0
371390,quiet_mid2,0.0,S,0.0,44,0.0,0.0
371485,quiet_mid2,0.0,S,0.0,44,0.0,0.0
371581,quiet_mid2,0.0,S,0.0,44,0.0,0.0
371677,quiet_mid2,0.0,S,0.0,44,0.0,0.0
371771,quiet_mid2,0.0,S,0.0,44,0.0,0.0
371867,quiet_mid2,0.0,S,0.0,44,0.0,0.0
371963,quiet_mid2,0.0,S,0.0,44,0.0,0.0
372059,quiet_mid2,0.0,S,0.0,44,0.0,0.0
372154,quiet_mid2,0.0,S,0.0,44,0.0,0.0
372250,quiet_mid2,0.0,S,0.0,44,0.0,0.0
372346,quiet_mid2,0.0,S,0.0,44,0.0,0.0
372442,quiet_mid2,0.0,S,0.0,44,0.0,0.0
372538,quiet_mid2,0.0,S,0.0,44,0.0,0.0
372632,quiet_mid2,0.0,S,0.0,44,0.0,0.0
372727,quiet_mid2,0.0,S,0.0,44,0.0,0.0
372823,quiet_mid2,0.0,S,0.0,44,0.0,0.0
372919,quiet_mid2,0.0,S,0.0,44,0.0,0.0
373015,quiet_mid2,0.0,S,0.0,44,0.0,0.0
373111,quiet_mid2,0.0,S,0.0,44,0.0,0.0
373207,quiet_mid2,0.0,S,0.0,44,0.0,0.0
373303,quiet_mid2,0.0,S,0.0,44,0.0,0.0
373398,quiet_mid2,0.0,S,0.0,44,0.0,0.0
373492,quiet_mid2,0.0,S,0.0,44,0.0,0.0
373588,quiet_mid2,0.0,S,0.0,44,0.0,0.0
373684,quiet_mid2,0.0,S,0.0,44,0.0,0.0
373780,auger15_p1,0.0,S,15.0,44,0.0,0.0
373876,auger15_p1,0.0,S,15.0,44,0.0,0.0
373972,auger15_p1,0.0,S,15.0,44,0.0,0.0
374068,auger15_p1,0.0,S,15.0,44,0.0,0.0
374163,auger15_p1,0.0,S,15.0,44,0.0,0.0
374259,auger15_p1,0.0,S,15.0,44,0.0,0.0
374353,auger15_p1,0.0,S,15.0,44,0.0,0.0
374449,auger15_p1,0.0,S,15.0,44,0.0,0.0
374545,auger15_p1,0.0,S,15.0,44,0.0,0.0
374640,auger15_p1,0.0,S,15.0,44,0.0,0.0
374736,auger15_p1,0.0,S,15.0,44,0.0,0.0
374832,auger15_p1,0.0,S,15.0,44,0.0,0.0
374928,auger15_p1,0.0,S,15.0,44,0.0,0.0
375024,auger15_p1,0.0,S,15.0,44,0.0,0.0
375120,auger15_p1,0.0,S,15.0,44,0.0,0.0
375216,auger15_p1,0.0,S,15.0,44,0.0,0.0
375309,auger15_p1,0.0,S,15.0,44,0.0,0.0
375405,auger15_p1,0.0,S,15.0,44,0.0,0.0
375501,auger15_p1,0.0,S,15.0,44,0.0,0.0
375597,auger15_p1,0.0,S,15.0,44,0.0,0.0
375693,auger15_p1,0.0,S,15.0,44,0.0,0.0
375789,auger15_p1,0.0,S,15.0,44,0.0,0.0
375885,auger15_p1,0.0,S,15.0,44,0.0,0.0
375980,auger15_p1,0.0,S,15.0,44,0.0,0.0
376076,auger15_p1,0.0,S,15.0,44,0.0,0.0
376170,auger15_p1,0.0,S,15.0,44,0.0,0.0
376266,auger15_p1,0.0,S,15.0,44,0.0,0.0
376362,auger15_p1,0.0,S,15.0,44,0.0,0.0
376458,auger15_p1,0.0,S,15.0,44,0.0,0.0
376553,auger15_p1,0.0,S,15.0,44,0.0,0.0
376649,auger15_p1,0.0,S,15.0,44,0.0,0.0
376745,auger15_p1,0.0,S,15.0,44,0.0,0.0
376841,auger15_p1,0.0,S,15.0,44,0.0,0.0
376937,auger15_p1,0.0,S,15.0,44,0.0,0.0
377031,auger15_p1,0.0,S,15.0,44,0.0,0.0
377127,auger15_p1,0.0,S,15.0,44,0.0,0.0
377222,auger15_p1,0.0,S,15.0,44,0.0,0.0
377318,auger15_p1,0.0,S,15.0,44,0.0,0.0
377414,auger15_p1,0.0,S,15.0,44,0.0,0.0
377510,auger15_p1,0.0,S,15.0,44,0.0,0.0
377606,auger15_p1,0.0,S,15.0,44,0.0,0.0
377702,auger15_p1,0.0,S,15.0,44,0.0,0.0
377797,auger15_p1,0.0,S,15.0,44,0.0,0.0
377893,auger15_p1,0.0,S,15.0,44,0.0,0.0
377987,auger15_p1,0.0,S,15.0,44,0.0,0.0
378083,auger15_p1,0.0,S,15.0,44,0.0,0.0
378179,auger15_p1,0.0,S,15.0,44,0.0,0.0
378275,auger15_p1,0.0,S,15.0,44,0.0,0.0
378370,auger15_p1,0.0,S,15.0,44,0.0,0.0
378466,auger15_p1,0.0,S,15.0,44,0.0,0.0
378567,auger15_p1,0.0,S,15.0,44,0.0,0.0
378658,auger15_p1,0.0,S,15.0,44,0.0,0.0
378754,auger15_p1,0.0,S,15.0,44,0.0,0.0
378848,auger15_p1,0.0,S,15.0,44,0.0,0.0
378944,auger15_p1,0.0,S,15.0,44,0.0,0.0
379039,auger15_p1,0.0,S,15.0,44,0.0,0.0
379135,auger15_p1,0.0,S,15.0,44,0.0,0.0
379231,auger15_p1,0.0,S,15.0,44,0.0,0.0
379327,auger15_p1,0.0,S,15.0,44,0.0,0.0
379423,auger15_p1,0.0,S,15.0,44,0.0,0.0
379519,auger15_p1,0.0,S,15.0,44,0.0,0.0
379614,auger15_p1,0.0,S,15.0,44,0.0,0.0
379709,auger15_p1,0.0,S,15.0,44,0.0,0.0
379804,auger15_p1,0.0,S,15.0,44,0.0,0.0
379900,auger15_p1,0.0,S,15.0,44,0.0,0.0
379996,auger15_p1,0.0,S,15.0,44,0.0,0.0
380092,auger15_p1,0.0,S,15.0,44,0.0,0.0
380188,auger15_p1,0.0,S,15.0,44,0.0,0.0
380283,auger15_p1,0.0,S,15.0,44,0.0,0.0
380379,auger15_p1,0.0,S,15.0,44,0.0,0.0
380475,auger15_p1,0.0,S,15.0,44,0.0,0.0
380569,auger15_p1,0.0,S,15.0,44,0.0,0.0
380665,auger15_p1,0.0,S,15.0,44,0.0,0.0
380761,auger15_p1,0.0,S,15.0,44,0.0,0.0
380856,auger15_p1,0.0,S,15.0,44,0.0,0.0
380952,auger15_p1,0.0,S,15.0,44,0.0,0.0
381048,auger15_p1,0.0,S,15.0,44,0.0,0.0
381144,auger15_p1,0.0,S,15.0,44,0.0,0.0
381240,auger15_p1,0.0,S,15.0,44,0.0,0.0
381336,auger15_p1,0.0,S,15.0,44,0.0,0.0
381432,auger15_p1,0.0,S,15.0,44,0.0,0.0
381525,auger15_p1,0.0,S,15.0,44,0.0,0.0
381621,auger15_p1,0.0,S,15.0,44,0.0,0.0
381717,auger15_p1,0.0,S,15.0,44,0.0,0.0
381813,auger15_p1,0.0,S,15.0,44,0.0,0.0
381909,auger15_p1,0.0,S,15.0,44,0.0,0.0
382005,auger15_p1,0.0,S,15.0,44,0.0,0.0
382101,auger15_p1,0.0,S,15.0,44,0.0,0.0
382196,auger15_p1,0.0,S,15.0,44,0.0,0.0
382292,auger15_p1,0.0,S,15.0,44,0.0,0.0
382386,auger15_p1,0.0,S,15.0,44,0.0,0.0
382482,auger15_p1,0.0,S,15.0,44,0.0,0.0
382578,auger15_p1,0.0,S,15.0,44,0.0,0.0
382673,auger15_p1,0.0,S,15.0,44,0.0,0.0
382769,auger15_p1,0.0,S,15.0,44,0.0,0.0
382865,auger15_p1,0.0,S,15.0,44,0.0,0.0
382961,auger15_p1,0.0,S,15.0,44,0.0,0.0
383057,auger15_p1,0.0,S,15.0,44,0.0,0.0
383153,auger15_p1,0.0,S,15.0,44,0.0,0.0
383247,auger15_p1,0.0,S,15.0,44,0.0,0.0
383342,auger15_p1,0.0,S,15.0,44,0.0,0.0
383438,auger15_p1,0.0,S,15.0,44,0.0,0.0
383534,auger15_p1,0.0,S,15.0,44,0.0,0.0
383630,auger15_p1,0.0,S,15.0,44,0.0,0.0
383726,auger15_p1,0.0,S,15.0,44,0.0,0.0
383822,auger15_p1,0.0,S,15.0,44,0.0,0.0
383918,auger15_p1,0.0,S,15.0,44,0.0,0.0
384014,auger15_p1,0.0,S,15.0,44,0.0,0.0
384109,auger15_p1,0.0,S,15.0,44,0.0,0.0
384203,auger15_p1,0.0,S,15.0,44,0.0,0.0
384299,auger15_p1,0.0,S,15.0,44,0.0,0.0
384395,auger15_p1,0.0,S,15.0,44,0.0,0.0
384491,auger15_p1,0.0,S,15.0,44,0.0,0.0
384586,auger15_p1,0.0,S,15.0,44,0.0,0.0
384682,auger15_p1,0.0,S,15.0,44,0.0,0.0
384778,auger15_p1,0.0,S,15.0,44,0.0,0.0
384874,auger15_p1,0.0,S,15.0,44,0.0,0.0
384970,auger15_p1,0.0,S,15.0,44,0.0,0.0
385064,auger15_p1,0.0,S,15.0,44,0.0,0.0
385160,auger15_p1,0.0,S,15.0,44,0.0,0.0
385255,auger15_p1,0.0,S,15.0,44,0.0,0.0
385352,auger15_p1,-0.0001,S,15.0,44,0.0,-0.1
385447,auger15_p1,0.0,S,15.0,44,0.0,0.0
385543,auger15_p1,0.0,S,15.0,44,0.0,0.0
385639,auger15_p1,0.0,S,15.0,44,0.0,0.0
385735,auger15_p1,0.0,S,15.0,44,0.0,0.0
385831,auger15_p1,0.0,S,15.0,44,0.0,0.0
385924,auger15_p1,0.0,S,15.0,44,0.0,0.0
386020,auger15_p1,0.0,S,15.0,44,0.0,0.0
386116,auger15_p1,0.0,S,15.0,44,0.0,0.0
386212,auger15_p1,0.0,S,15.0,44,0.0,0.0
386308,auger15_p1,0.0,S,15.0,44,0.0,0.0
386404,auger15_p1,0.0,S,15.0,44,0.0,0.0
386500,auger15_p1,0.0,S,15.0,44,0.0,0.0
386595,auger15_p1,0.0,S,15.0,44,0.0,0.0
386691,auger15_p1,0.0,S,15.0,44,0.0,0.0
386785,auger15_p1,0.0,S,15.0,44,0.0,0.0
386881,auger15_p1,0.0,S,15.0,44,0.0,0.0
386977,auger15_p1,0.0,S,15.0,44,0.0,0.0
387073,auger15_p1,0.0,S,15.0,44,0.0,0.0
387168,auger15_p1,0.0,S,15.0,44,0.0,0.0
387264,auger15_p1,0.0,S,15.0,44,0.0,0.0
387360,auger15_p1,0.0,S,15.0,44,0.0,0.0
387456,auger15_p1,0.0,S,15.0,44,0.0,0.0
387552,auger15_p1,0.0,S,15.0,44,0.0,0.0
387648,auger15_p1,0.0,S,15.0,44,0.0,0.0
387741,auger15_p1,0.0,S,15.0,44,0.0,0.0
387837,auger15_p1,0.0,S,15.0,44,0.0,0.0
387933,auger15_p1,0.0,S,15.0,44,0.0,0.0
388029,auger15_p1,0.0,S,15.0,44,0.0,0.0
388125,auger15_p1,0.0,S,15.0,44,0.0,0.0
388221,auger15_p1,0.0,S,15.0,44,0.0,0.0
388317,auger15_p1,0.0,S,15.0,44,0.0,0.0
388412,auger15_p1,0.0,S,15.0,44,0.0,0.0
388508,auger15_p1,0.0,S,15.0,44,0.0,0.0
388602,auger15_p1,0.0,S,15.0,44,0.0,0.0
388698,auger15_p1,0.0,S,15.0,44,0.0,0.0
388794,post_auger15_p1,0.0,S,0.0,44,0.0,0.0
388890,post_auger15_p1,0.0,S,0.0,44,0.0,0.0
388986,post_auger15_p1,0.0,S,0.0,44,0.0,0.0
389081,post_auger15_p1,0.0,S,0.0,44,0.0,0.0
389177,post_auger15_p1,0.0,S,0.0,44,0.0,0.0
389273,post_auger15_p1,0.0,S,0.0,44,0.0,0.0
389369,post_auger15_p1,0.0,S,0.0,44,0.0,0.0
389463,post_auger15_p1,0.0,S,0.0,44,0.0,0.0
389559,post_auger15_p1,0.0,S,0.0,44,0.0,0.0
389654,post_auger15_p1,0.0,S,0.0,44,0.0,0.0
389750,post_auger15_p1,0.0,S,0.0,44,0.0,0.0
389846,post_auger15_p1,0.0,S,0.0,44,0.0,0.0
389942,post_auger15_p1,0.0,S,0.0,44,0.0,0.0
390050,post_auger15_p1,0.0001,S,0.0,44,0.0,0.1
390229,post_auger15_p1,0.0,S,0.0,44,0.0,0.0
390326,post_auger15_p1,0.0,S,0.0,44,0.0,0.0
390419,post_auger15_p1,0.0,S,0.0,44,0.0,0.0
390515,post_auger15_p1,0.0,S,0.0,44,0.0,0.0
390611,post_auger15_p1,0.0,S,0.0,44,0.0,0.0
390707,post_auger15_p1,0.0,S,0.0,44,0.0,0.0
390803,post_auger15_p1,0.0,S,0.0,44,0.0,0.0
390898,post_auger15_p1,0.0,S,0.0,44,0.0,0.0
390994,post_auger15_p1,0.0,S,0.0,44,0.0,0.0
391091,post_auger15_p1,0.0001,S,0.0,44,0.0,0.1
391186,post_auger15_p1,0.0,S,0.0,44,0.0,0.0
391280,post_auger15_p1,0.0,S,0.0,44,0.0,0.0
391376,post_auger15_p1,0.0,S,0.0,44,0.0,0.0
391471,post_auger15_p1,0.0,S,0.0,44,0.0,0.0
391567,post_auger15_p1,0.0,S,0.0,44,0.0,0.0
391663,post_auger15_p1,0.0,S,0.0,44,0.0,0.0
391759,post_auger15_p1,0.0,S,0.0,44,0.0,0.0
391855,post_auger15_p1,0.0,S,0.0,44,0.0,0.0
391951,post_auger15_p1,0.0,S,0.0,44,0.0,0.0
392047,post_auger15_p1,0.0,S,0.0,44,0.0,0.0
392140,post_auger15_p1,0.0,S,0.0,44,0.0,0.0
392236,post_auger15_p1,0.0,S,0.0,44,0.0,0.0
392332,post_auger15_p1,0.0,S,0.0,44,0.0,0.0
392428,post_auger15_p1,0.0,S,0.0,44,0.0,0.0
392524,post_auger15_p1,0.0,S,0.0,44,0.0,0.0
392620,post_auger15_p1,0.0,S,0.0,44,0.0,0.0
392715,post_auger15_p1,0.0,S,0.0,44,0.0,0.0
392811,post_auger15_p1,0.0,S,0.0,44,0.0,0.0
392907,post_auger15_p1,0.0,S,0.0,44,0.0,0.0
393001,post_auger15_p1,0.0,S,0.0,44,0.0,0.0
393097,post_auger15_p1,0.0,S,0.0,44,0.0,0.0
393193,post_auger15_p1,0.0,S,0.0,44,0.0,0.0
393288,post_auger15_p1,0.0,S,0.0,44,0.0,0.0
393385,post_auger15_p1,0.0,S,0.0,44,0.0,0.0
393480,post_auger15_p1,0.0,S,0.0,44,0.0,0.0
393576,post_auger15_p1,0.0,S,0.0,44,0.0,0.0
393672,post_auger15_p1,0.0,S,0.0,44,0.0,0.0
393768,post_auger15_p1,0.0,S,0.0,44,0.0,0.0
393864,post_auger15_p1,0.0,S,0.0,44,0.0,0.0
393957,post_auger15_p1,0.0,S,0.0,44,0.0,0.0
394053,post_auger15_p1,0.0,S,0.0,44,0.0,0.0
394149,post_auger15_p1,0.0,S,0.0,44,0.0,0.0
394245,post_auger15_p1,0.0,S,0.0,44,0.0,0.0
394341,post_auger15_p1,0.0,S,0.0,44,0.0,0.0
394437,post_auger15_p1,0.0,S,0.0,44,0.0,0.0
394533,post_auger15_p1,0.0,S,0.0,44,0.0,0.0
394628,post_auger15_p1,0.0,S,0.0,44,0.0,0.0
394724,post_auger15_p1,0.0,S,0.0,44,0.0,0.0
394818,post_auger15_p1,0.0,S,0.0,44,0.0,0.0
394914,post_auger15_p1,0.0,S,0.0,44,0.0,0.0
395010,post_auger15_p1,0.0,S,0.0,44,0.0,0.0
395106,post_auger15_p1,0.0,S,0.0,44,0.0,0.0
395202,post_auger15_p1,0.0,S,0.0,44,0.0,0.0
395297,post_auger15_p1,0.0,S,0.0,44,0.0,0.0
395393,post_auger15_p1,0.0,S,0.0,44,0.0,0.0
395489,post_auger15_p1,0.0,S,0.0,44,0.0,0.0
395585,post_auger15_p1,0.0,S,0.0,44,0.0,0.0
395679,post_auger15_p1,0.0,S,0.0,44,0.0,0.0
395775,post_auger15_p1,0.0,S,0.0,44,0.0,0.0
395870,post_auger15_p1,0.0,S,0.0,44,0.0,0.0
395966,post_auger15_p1,0.0,S,0.0,44,0.0,0.0
396062,post_auger15_p1,0.0,S,0.0,44,0.0,0.0
396158,post_auger15_p1,0.0,S,0.0,44,0.0,0.0
396254,post_auger15_p1,0.0,S,0.0,44,0.0,0.0
396350,post_auger15_p1,0.0,S,0.0,44,0.0,0.0
396446,post_auger15_p1,0.0,S,0.0,44,0.0,0.0
396541,post_auger15_p1,0.0,S,0.0,44,0.0,0.0
396635,post_auger15_p1,0.0,S,0.0,44,0.0,0.0
396731,post_auger15_p1,0.0,S,0.0,44,0.0,0.0
396827,post_auger15_p1,0.0,S,0.0,44,0.0,0.0
396923,post_auger15_p1,0.0,S,0.0,44,0.0,0.0
397019,post_auger15_p1,0.0,S,0.0,44,0.0,0.0
397115,post_auger15_p1,0.0,S,0.0,44,0.0,0.0
397210,post_auger15_p1,0.0,S,0.0,44,0.0,0.0
397306,post_auger15_p1,0.0,S,0.0,44,0.0,0.0
397402,post_auger15_p1,0.0,S,0.0,44,0.0,0.0
397496,post_auger15_p1,0.0,S,0.0,44,0.0,0.0
397592,post_auger15_p1,0.0,S,0.0,44,0.0,0.0
397687,post_auger15_p1,0.0,S,0.0,44,0.0,0.0
397783,post_auger15_p1,0.0,S,0.0,44,0.0,0.0
397879,post_auger15_p1,0.0,S,0.0,44,0.0,0.0
397975,post_auger15_p1,0.0,S,0.0,44,0.0,0.0
398071,post_auger15_p1,0.0,S,0.0,44,0.0,0.0
398167,post_auger15_p1,0.0,S,0.0,44,0.0,0.0
398263,post_auger15_p1,0.0,S,0.0,44,0.0,0.0
398357,post_auger15_p1,0.0,S,0.0,44,0.0,0.0
398452,post_auger15_p1,0.0,S,0.0,44,0.0,0.0
398548,post_auger15_p1,0.0,S,0.0,44,0.0,0.0
398644,post_auger15_p1,0.0,S,0.0,44,0.0,0.0
398740,post_auger15_p1,0.0,S,0.0,44,0.0,0.0
398836,post_auger15_p1,0.0,S,0.0,44,0.0,0.0
398932,post_auger15_p1,0.0,S,0.0,44,0.0,0.0
399027,post_auger15_p1,0.0,S,0.0,44,0.0,0.0
399123,post_auger15_p1,0.0,S,0.0,44,0.0,0.0
399217,post_auger15_p1,0.0,S,0.0,44,0.0,0.0
399313,post_auger15_p1,0.0,S,0.0,44,0.0,0.0
399409,post_auger15_p1,0.0,S,0.0,44,0.0,0.0
399505,post_auger15_p1,0.0,S,0.0,44,0.0,0.0
399600,post_auger15_p1,0.0,S,0.0,44,0.0,0.0
399696,post_auger15_p1,0.0,S,0.0,44,0.0,0.0
399792,post_auger15_p1,0.0,S,0.0,44,0.0,0.0
399888,post_auger15_p1,0.0,S,0.0,44,0.0,0.0
399984,post_auger15_p1,0.0,S,0.0,44,0.0,0.0
400080,post_auger15_p1,0.0,S,0.0,44,0.0,0.0
400174,post_auger15_p1,0.0,S,0.0,44,0.0,0.0
400269,post_auger15_p1,0.0,S,0.0,44,0.0,0.0
400365,post_auger15_p1,0.0,S,0.0,44,0.0,0.0
400461,post_auger15_p1,0.0,S,0.0,44,0.0,0.0
400557,post_auger15_p1,0.0,S,0.0,44,0.0,0.0
400653,post_auger15_p1,0.0,S,0.0,44,0.0,0.0
400749,post_auger15_p1,0.0,S,0.0,44,0.0,0.0
400844,post_auger15_p1,0.0,S,0.0,44,0.0,0.0
400940,post_auger15_p1,0.0,S,0.0,44,0.0,0.0
401034,post_auger15_p1,0.0,S,0.0,44,0.0,0.0
401130,post_auger15_p1,0.0,S,0.0,44,0.0,0.0
401226,post_auger15_p1,0.0,S,0.0,44,0.0,0.0
401322,post_auger15_p1,0.0,S,0.0,44,0.0,0.0
401418,post_auger15_p1,0.0,S,0.0,44,0.0,0.0
401513,post_auger15_p1,0.0,S,0.0,44,0.0,0.0
401609,post_auger15_p1,0.0,S,0.0,44,0.0,0.0
401705,post_auger15_p1,0.0,S,0.0,44,0.0,0.0
401801,post_auger15_p1,0.0,S,0.0,44,0.0,0.0
401895,post_auger15_p1,0.0,S,0.0,44,0.0,0.0
401991,post_auger15_p1,0.0,S,0.0,44,0.0,0.0
402086,post_auger15_p1,0.0,S,0.0,44,0.0,0.0
402187,post_auger15_p1,0.0,S,0.0,44,0.0,0.0
402278,post_auger15_p1,0.0,S,0.0,44,0.0,0.0
402374,post_auger15_p1,0.0,S,0.0,44,0.0,0.0
402470,post_auger15_p1,0.0,S,0.0,44,0.0,0.0
402566,post_auger15_p1,0.0,S,0.0,44,0.0,0.0
402661,post_auger15_p1,0.0,S,0.0,44,0.0,0.0
402757,post_auger15_p1,0.0,S,0.0,44,0.0,0.0
402851,post_auger15_p1,0.0,S,0.0,44,0.0,0.0
402947,post_auger15_p1,0.0,S,0.0,44,0.0,0.0
403043,post_auger15_p1,0.0,S,0.0,44,0.0,0.0
403139,post_auger15_p1,0.0,S,0.0,44,0.0,0.0
403235,post_auger15_p1,0.0,S,0.0,44,0.0,0.0
403330,post_auger15_p1,0.0,S,0.0,44,0.0,0.0
403426,post_auger15_p1,0.0,S,0.0,44,0.0,0.0
403522,post_auger15_p1,0.0,S,0.0,44,0.0,0.0
403618,post_auger15_p1,0.0,S,0.0,44,0.0,0.0
403712,post_auger15_p1,0.0,S,0.0,44,0.0,0.0
403808,auger30_p1,0.0,S,30.0,44,0.0,0.0
403903,auger30_p1,0.0,S,30.0,44,0.0,0.0
404000,auger30_p1,0.0,S,30.0,44,0.0,0.0
404095,auger30_p1,0.0,S,30.0,44,0.0,0.0
404191,auger30_p1,0.0,S,30.0,44,0.0,0.0
404287,auger30_p1,0.0,S,30.0,44,0.0,0.0
404383,auger30_p1,0.0,S,30.0,44,0.0,0.0
404479,auger30_p1,0.0,S,30.0,44,0.0,0.0
404572,auger30_p1,0.0,S,30.0,44,0.0,0.0
404668,auger30_p1,0.0,S,30.0,44,0.0,0.0
404764,auger30_p1,0.0,S,30.0,44,0.0,0.0
404860,auger30_p1,0.0,S,30.0,44,0.0,0.0
404956,auger30_p1,0.0,S,30.0,44,0.0,0.0
405052,auger30_p1,0.0,S,30.0,44,0.0,0.0
405148,auger30_p1,0.0,S,30.0,44,0.0,0.0
405243,auger30_p1,0.0,S,30.0,44,0.0,0.0
405339,auger30_p1,0.0,S,30.0,44,0.0,0.0
405433,auger30_p1,0.0,S,30.0,44,0.0,0.0
405529,auger30_p1,0.0,S,30.0,44,0.0,0.0
405625,auger30_p1,0.0,S,30.0,44,0.0,0.0
405721,auger30_p1,0.0,S,30.0,44,0.0,0.0
405816,auger30_p1,0.0,S,30.0,44,0.0,0.0
405912,auger30_p1,0.0,S,30.0,44,0.0,0.0
406008,auger30_p1,0.0,S,30.0,44,0.0,0.0
406104,auger30_p1,0.0,S,30.0,44,0.0,0.0
406200,auger30_p1,0.0,S,30.0,44,0.0,0.0
406296,auger30_p1,0.0,S,30.0,44,0.0,0.0
406389,auger30_p1,0.0,S,30.0,44,0.0,0.0
406485,auger30_p1,0.0,S,30.0,44,0.0,0.0
406581,auger30_p1,0.0,S,30.0,44,0.0,0.0
406677,auger30_p1,0.0,S,30.0,44,0.0,0.0
406773,auger30_p1,0.0,S,30.0,44,0.0,0.0
406869,auger30_p1,0.0,S,30.0,44,0.0,0.0
406965,auger30_p1,0.0,S,30.0,44,0.0,0.0
407060,auger30_p1,0.0,S,30.0,44,0.0,0.0
407156,auger30_p1,0.0,S,30.0,44,0.0,0.0
407250,auger30_p1,0.0,S,30.0,44,0.0,0.0
407346,auger30_p1,0.0,S,30.0,44,0.0,0.0
407442,auger30_p1,0.0,S,30.0,44,0.0,0.0
407538,auger30_p1,0.0,S,30.0,44,0.0,0.0
407634,auger30_p1,0.0,S,30.0,44,0.0,0.0
407729,auger30_p1,0.0,S,30.0,44,0.0,0.0
407825,auger30_p1,0.0,S,30.0,44,0.0,0.0
407921,auger30_p1,0.0,S,30.0,44,0.0,0.0
408017,auger30_p1,0.0,S,30.0,44,0.0,0.0
408111,auger30_p1,0.0,S,30.0,44,0.0,0.0
408207,auger30_p1,0.0,S,30.0,44,0.0,0.0
408303,auger30_p1,0.0,S,30.0,44,0.0,0.0
408398,auger30_p1,0.0,S,30.0,44,0.0,0.0
408494,auger30_p1,0.0,S,30.0,44,0.0,0.0
408590,auger30_p1,0.0,S,30.0,44,0.0,0.0
408686,auger30_p1,0.0,S,30.0,44,0.0,0.0
408782,auger30_p1,0.0,S,30.0,44,0.0,0.0
408878,auger30_p1,0.0,S,30.0,44,0.0,0.0
408973,auger30_p1,0.0,S,30.0,44,0.0,0.0
409067,auger30_p1,0.0,S,30.0,44,0.0,0.0
409163,auger30_p1,0.0,S,30.0,44,0.0,0.0
409259,auger30_p1,0.0,S,30.0,44,0.0,0.0
409355,auger30_p1,0.0,S,30.0,44,0.0,0.0
409451,auger30_p1,0.0,S,30.0,44,0.0,0.0
409547,auger30_p1,0.0,S,30.0,44,0.0,0.0
409642,auger30_p1,0.0,S,30.0,44,0.0,0.0
409738,auger30_p1,0.0,S,30.0,44,0.0,0.0
409834,auger30_p1,0.0,S,30.0,44,0.0,0.0
409928,auger30_p1,0.0,S,30.0,44,0.0,0.0
410024,auger30_p1,0.0,S,30.0,44,0.0,0.0
410119,auger30_p1,0.0,S,30.0,44,0.0,0.0
410215,auger30_p1,0.0,S,30.0,44,0.0,0.0
410311,auger30_p1,0.0,S,30.0,44,0.0,0.0
410407,auger30_p1,0.0,S,30.0,44,0.0,0.0
410503,auger30_p1,0.0,S,30.0,44,0.0,0.0
410599,auger30_p1,0.0,S,30.0,44,0.0,0.0
410695,auger30_p1,0.0,S,30.0,44,0.0,0.0
410788,auger30_p1,0.0,S,30.0,44,0.0,0.0
410884,auger30_p1,0.0,S,30.0,44,0.0,0.0
410980,auger30_p1,0.0,S,30.0,44,0.0,0.0
411076,auger30_p1,0.0,S,30.0,44,0.0,0.0
411172,auger30_p1,0.0,S,30.0,44,0.0,0.0
411268,auger30_p1,0.0,S,30.0,44,0.0,0.0
411364,auger30_p1,0.0,S,30.0,44,0.0,0.0
411459,auger30_p1,0.0,S,30.0,44,0.0,0.0
411555,auger30_p1,0.0,S,30.0,44,0.0,0.0
411649,auger30_p1,0.0,S,30.0,44,0.0,0.0
411745,auger30_p1,0.0,S,30.0,44,0.0,0.0
411841,auger30_p1,0.0,S,30.0,44,0.0,0.0
411937,auger30_p1,0.0,S,30.0,44,0.0,0.0
412033,auger30_p1,0.0,S,30.0,44,0.0,0.0
412128,auger30_p1,0.0,S,30.0,44,0.0,0.0
412224,auger30_p1,0.0,S,30.0,44,0.0,0.0
412320,auger30_p1,0.0,S,30.0,44,0.0,0.0
412416,auger30_p1,0.0,S,30.0,44,0.0,0.0
412512,auger30_p1,0.0,S,30.0,44,0.0,0.0
412606,auger30_p1,0.0,S,30.0,44,0.0,0.0
412701,auger30_p1,0.0,S,30.0,44,0.0,0.0
412797,auger30_p1,0.0,S,30.0,44,0.0,0.0
412893,auger30_p1,0.0,S,30.0,44,0.0,0.0
412989,auger30_p1,0.0,S,30.0,44,0.0,0.0
413085,auger30_p1,0.0,S,30.0,44,0.0,0.0
413181,auger30_p1,0.0,S,30.0,44,0.0,0.0
413276,auger30_p1,0.0,S,30.0,44,0.0,0.0
413373,auger30_p1,0.0,S,30.0,44,0.0,0.0
413466,auger30_p1,0.0,S,30.0,44,0.0,0.0
413562,auger30_p1,0.0,S,30.0,44,0.0,0.0
413670,auger30_p1,0.0,S,30.0,44,0.0,0.0
413850,auger30_p1,0.0,S,30.0,44,0.0,0.0
413945,auger30_p1,0.0,S,30.0,44,0.0,0.0
414041,auger30_p1,0.0,S,30.0,44,0.0,0.0
414137,auger30_p1,0.0,S,30.0,44,0.0,0.0
414233,auger30_p1,0.0,S,30.0,44,0.0,0.0
414327,auger30_p1,0.0,S,30.0,44,0.0,0.0
414423,auger30_p1,0.0,S,30.0,44,0.0,0.0
414518,auger30_p1,0.0,S,30.0,44,0.0,0.0
414614,auger30_p1,0.0,S,30.0,44,0.0,0.0
414710,auger30_p1,0.0,S,30.0,44,0.0,0.0
414806,auger30_p1,0.0,S,30.0,44,0.0,0.0
414902,auger30_p1,0.0,S,30.0,44,0.0,0.0
414998,auger30_p1,0.0,S,30.0,44,0.0,0.0
415094,auger30_p1,0.0,S,30.0,44,0.0,0.0
415189,auger30_p1,0.0,S,30.0,44,0.0,0.0
415283,auger30_p1,0.0,S,30.0,44,0.0,0.0
415379,auger30_p1,0.0,S,30.0,44,0.0,0.0
415475,auger30_p1,0.0,S,30.0,44,0.0,0.0
415571,auger30_p1,0.0,S,30.0,44,0.0,0.0
415667,auger30_p1,0.0,S,30.0,44,0.0,0.0
415762,auger30_p1,0.0,S,30.0,44,0.0,0.0
415858,auger30_p1,0.0,S,30.0,44,0.0,0.0
415954,auger30_p1,0.0,S,30.0,44,0.0,0.0
416050,auger30_p1,0.0,S,30.0,44,0.0,0.0
416144,auger30_p1,0.0,S,30.0,44,0.0,0.0
416240,auger30_p1,0.0,S,30.0,44,0.0,0.0
416336,auger30_p1,0.0,S,30.0,44,0.0,0.0
416432,auger30_p1,0.0,S,30.0,44,0.0,0.0
416527,auger30_p1,0.0,S,30.0,44,0.0,0.0
416623,auger30_p1,0.0,S,30.0,44,0.0,0.0
416719,auger30_p1,0.0,S,30.0,44,0.0,0.0
416815,auger30_p1,0.0,S,30.0,44,0.0,0.0
416911,auger30_p1,0.0,S,30.0,44,0.0,0.0
417004,auger30_p1,0.0,S,30.0,44,0.0,0.0
417100,auger30_p1,0.0,S,30.0,44,0.0,0.0
417196,auger30_p1,0.0,S,30.0,44,0.0,0.0
417292,auger30_p1,0.0,S,30.0,44,0.0,0.0
417388,auger30_p1,0.0,S,30.0,44,0.0,0.0
417484,auger30_p1,0.0,S,30.0,44,0.0,0.0
417580,auger30_p1,0.0,S,30.0,44,0.0,0.0
417675,auger30_p1,0.0,S,30.0,44,0.0,0.0
417771,auger30_p1,0.0,S,30.0,44,0.0,0.0
417865,auger30_p1,0.0,S,30.0,44,0.0,0.0
417961,auger30_p1,0.0,S,30.0,44,0.0,0.0
418057,auger30_p1,0.0,S,30.0,44,0.0,0.0
418153,auger30_p1,0.0,S,30.0,44,0.0,0.0
418248,auger30_p1,0.0,S,30.0,44,0.0,0.0
418344,auger30_p1,0.0,S,30.0,44,0.0,0.0
418440,auger30_p1,0.0,S,30.0,44,0.0,0.0
418536,auger30_p1,0.0,S,30.0,44,0.0,0.0
418632,auger30_p1,0.0,S,30.0,44,0.0,0.0
418728,auger30_p1,0.0,S,30.0,44,0.0,0.0
418822,post_auger30_p1,0.0,S,0.0,44,0.0,0.0
418917,post_auger30_p1,0.0,S,0.0,44,0.0,0.0
419013,post_auger30_p1,0.0,S,0.0,44,0.0,0.0
419109,post_auger30_p1,0.0,S,0.0,44,0.0,0.0
419205,post_auger30_p1,0.0,S,0.0,44,0.0,0.0
419301,post_auger30_p1,0.0,S,0.0,44,0.0,0.0
419397,post_auger30_p1,0.0,S,0.0,44,0.0,0.0
419493,post_auger30_p1,0.0,S,0.0,44,0.0,0.0
419588,post_auger30_p1,0.0,S,0.0,44,0.0,0.0
419682,post_auger30_p1,0.0,S,0.0,44,0.0,0.0
419778,post_auger30_p1,0.0,S,0.0,44,0.0,0.0
419874,post_auger30_p1,0.0,S,0.0,44,0.0,0.0
419970,post_auger30_p1,0.0,S,0.0,44,0.0,0.0
420066,post_auger30_p1,0.0,S,0.0,44,0.0,0.0
420162,post_auger30_p1,0.0,S,0.0,44,0.0,0.0
420257,post_auger30_p1,0.0,S,0.0,44,0.0,0.0
420353,post_auger30_p1,0.0,S,0.0,44,0.0,0.0
420449,post_auger30_p1,0.0,S,0.0,44,0.0,0.0
420543,post_auger30_p1,0.0,S,0.0,44,0.0,0.0
420639,post_auger30_p1,0.0,S,0.0,44,0.0,0.0
420735,post_auger30_p1,0.0,S,0.0,44,0.0,0.0
420830,post_auger30_p1,0.0,S,0.0,44,0.0,0.0
420926,post_auger30_p1,0.0,S,0.0,44,0.0,0.0
421022,post_auger30_p1,0.0,S,0.0,44,0.0,0.0
421118,post_auger30_p1,0.0,S,0.0,44,0.0,0.0
421214,post_auger30_p1,0.0,S,0.0,44,0.0,0.0
421310,post_auger30_p1,0.0,S,0.0,44,0.0,0.0
421406,post_auger30_p1,0.0,S,0.0,44,0.0,0.0
421499,post_auger30_p1,0.0,S,0.0,44,0.0,0.0
421595,post_auger30_p1,0.0,S,0.0,44,0.0,0.0
421691,post_auger30_p1,0.0,S,0.0,44,0.0,0.0
421787,post_auger30_p1,0.0,S,0.0,44,0.0,0.0
421883,post_auger30_p1,0.0,S,0.0,44,0.0,0.0
421979,post_auger30_p1,0.0,S,0.0,44,0.0,0.0
422074,post_auger30_p1,0.0,S,0.0,44,0.0,0.0
422170,post_auger30_p1,0.0,S,0.0,44,0.0,0.0
422266,post_auger30_p1,0.0,S,0.0,44,0.0,0.0
422360,post_auger30_p1,0.0,S,0.0,44,0.0,0.0
422456,post_auger30_p1,0.0,S,0.0,44,0.0,0.0
422552,post_auger30_p1,0.0,S,0.0,44,0.0,0.0
422647,post_auger30_p1,0.0,S,0.0,44,0.0,0.0
422743,post_auger30_p1,0.0,S,0.0,44,0.0,0.0
422839,post_auger30_p1,0.0,S,0.0,44,0.0,0.0
422935,post_auger30_p1,0.0,S,0.0,44,0.0,0.0
423031,post_auger30_p1,0.0,S,0.0,44,0.0,0.0
423127,post_auger30_p1,0.0,S,0.0,44,0.0,0.0
423221,post_auger30_p1,0.0,S,0.0,44,0.0,0.0
423316,post_auger30_p1,0.0,S,0.0,44,0.0,0.0
423412,post_auger30_p1,0.0,S,0.0,44,0.0,0.0
423508,post_auger30_p1,0.0,S,0.0,44,0.0,0.0
423604,post_auger30_p1,0.0,S,0.0,44,0.0,0.0
423700,post_auger30_p1,0.0,S,0.0,44,0.0,0.0
423796,post_auger30_p1,0.0,S,0.0,44,0.0,0.0
423891,post_auger30_p1,0.0,S,0.0,44,0.0,0.0
423987,post_auger30_p1,0.0,S,0.0,44,0.0,0.0
424081,post_auger30_p1,0.0,S,0.0,44,0.0,0.0
424177,post_auger30_p1,0.0,S,0.0,44,0.0,0.0
424273,post_auger30_p1,0.0,S,0.0,44,0.0,0.0
424369,post_auger30_p1,0.0,S,0.0,44,0.0,0.0
424465,post_auger30_p1,0.0,S,0.0,44,0.0,0.0
424560,post_auger30_p1,0.0,S,0.0,44,0.0,0.0
424656,post_auger30_p1,0.0,S,0.0,44,0.0,0.0
424752,post_auger30_p1,0.0,S,0.0,44,0.0,0.0
424848,post_auger30_p1,0.0,S,0.0,44,0.0,0.0
424944,post_auger30_p1,0.0,S,0.0,44,0.0,0.0
425038,post_auger30_p1,0.0,S,0.0,44,0.0,0.0
425133,post_auger30_p1,0.0,S,0.0,44,0.0,0.0
425229,post_auger30_p1,0.0,S,0.0,44,0.0,0.0
425325,post_auger30_p1,0.0,S,0.0,44,0.0,0.0
425433,post_auger30_p1,0.0,S,0.0,44,0.0,0.0
425613,post_auger30_p1,0.0,S,0.0,44,0.0,0.0
425708,post_auger30_p1,0.0,S,0.0,44,0.0,0.0
425804,post_auger30_p1,0.0,S,0.0,44,0.0,0.0
425898,post_auger30_p1,0.0,S,0.0,44,0.0,0.0
425994,post_auger30_p1,0.0,S,0.0,44,0.0,0.0
426090,post_auger30_p1,0.0,S,0.0,44,0.0,0.0
426186,post_auger30_p1,0.0,S,0.0,44,0.0,0.0
426282,post_auger30_p1,0.0,S,0.0,44,0.0,0.0
426377,post_auger30_p1,0.0,S,0.0,44,0.0,0.0
426473,post_auger30_p1,0.0,S,0.0,44,0.0,0.0
426569,post_auger30_p1,0.0,S,0.0,44,0.0,0.0
426665,post_auger30_p1,0.0,S,0.0,44,0.0,0.0
426759,post_auger30_p1,0.0,S,0.0,44,0.0,0.0
426855,post_auger30_p1,0.0,S,0.0,44,0.0,0.0
426951,post_auger30_p1,0.0,S,0.0,44,0.0,0.0
427046,post_auger30_p1,0.0,S,0.0,44,0.0,0.0
427142,post_auger30_p1,0.0,S,0.0,44,0.0,0.0
427238,post_auger30_p1,0.0,S,0.0,44,0.0,0.0
427334,post_auger30_p1,0.0,S,0.0,44,0.0,0.0
427430,post_auger30_p1,0.0,S,0.0,44,0.0,0.0
427526,post_auger30_p1,0.0,S,0.0,44,0.0,0.0
427619,post_auger30_p1,0.0,S,0.0,44,0.0,0.0
427715,post_auger30_p1,0.0,S,0.0,44,0.0,0.0
427811,post_auger30_p1,0.0,S,0.0,44,0.0,0.0
427907,post_auger30_p1,0.0,S,0.0,44,0.0,0.0
428003,post_auger30_p1,0.0,S,0.0,44,0.0,0.0
428099,post_auger30_p1,0.0,S,0.0,44,0.0,0.0
428195,post_auger30_p1,0.0,S,0.0,44,0.0,0.0
428290,post_auger30_p1,0.0,S,0.0,44,0.0,0.0
428386,post_auger30_p1,0.0,S,0.0,44,0.0,0.0
428482,post_auger30_p1,0.0,S,0.0,44,0.0,0.0
428576,post_auger30_p1,0.0,S,0.0,44,0.0,0.0
428672,post_auger30_p1,0.0,S,0.0,44,0.0,0.0
428768,post_auger30_p1,0.0,S,0.0,44,0.0,0.0
428863,post_auger30_p1,0.0,S,0.0,44,0.0,0.0
428959,post_auger30_p1,0.0,S,0.0,44,0.0,0.0
429055,post_auger30_p1,0.0,S,0.0,44,0.0,0.0
429151,post_auger30_p1,0.0,S,0.0,44,0.0,0.0
429247,post_auger30_p1,0.0,S,0.0,44,0.0,0.0
429343,post_auger30_p1,0.0,S,0.0,44,0.0,0.0
429436,post_auger30_p1,0.0,S,0.0,44,0.0,0.0
429533,post_auger30_p1,0.0,S,0.0,44,0.0,0.0
429628,post_auger30_p1,0.0,S,0.0,44,0.0,0.0
429724,post_auger30_p1,0.0,S,0.0,44,0.0,0.0
429820,post_auger30_p1,0.0,S,0.0,44,0.0,0.0
429916,post_auger30_p1,0.0,S,0.0,44,0.0,0.0
430012,post_auger30_p1,0.0,S,0.0,44,0.0,0.0
430107,post_auger30_p1,0.0,S,0.0,44,0.0,0.0
430203,post_auger30_p1,0.0,S,0.0,44,0.0,0.0
430297,post_auger30_p1,0.0,S,0.0,44,0.0,0.0
430393,post_auger30_p1,0.0,S,0.0,44,0.0,0.0
430489,post_auger30_p1,0.0,S,0.0,44,0.0,0.0
430585,post_auger30_p1,0.0,S,0.0,44,0.0,0.0
430681,post_auger30_p1,0.0,S,0.0,44,0.0,0.0
430776,post_auger30_p1,0.0,S,0.0,44,0.0,0.0
430872,post_auger30_p1,0.0,S,0.0,44,0.0,0.0
430968,post_auger30_p1,0.0,S,0.0,44,0.0,0.0
431064,post_auger30_p1,0.0,S,0.0,44,0.0,0.0
431160,post_auger30_p1,0.0,S,0.0,44,0.0,0.0
431254,post_auger30_p1,0.0,S,0.0,44,0.0,0.0
431350,post_auger30_p1,0.0,S,0.0,44,0.0,0.0
431445,post_auger30_p1,0.0,S,0.0,44,0.0,0.0
431541,post_auger30_p1,0.0,S,0.0,44,0.0,0.0
431637,post_auger30_p1,0.0,S,0.0,44,0.0,0.0
431733,post_auger30_p1,0.0,S,0.0,44,0.0,0.0
431829,post_auger30_p1,0.0,S,0.0,44,0.0,0.0
431925,post_auger30_p1,0.0,S,0.0,44,0.0,0.0
432020,post_auger30_p1,0.0,S,0.0,44,0.0,0.0
432114,post_auger30_p1,0.0,S,0.0,44,0.0,0.0
432210,post_auger30_p1,0.0,S,0.0,44,0.0,0.0
432306,post_auger30_p1,0.0,S,0.0,44,0.0,0.0
432402,post_auger30_p1,0.0,S,0.0,44,0.0,0.0
432498,post_auger30_p1,0.0,S,0.0,44,0.0,0.0
432594,post_auger30_p1,0.0,S,0.0,44,0.0,0.0
432689,post_auger30_p1,0.0,S,0.0,44,0.0,0.0
432785,post_auger30_p1,0.0,S,0.0,44,0.0,0.0
432881,post_auger30_p1,0.0,S,0.0,44,0.0,0.0
432975,post_auger30_p1,0.0,S,0.0,44,0.0,0.0
433071,post_auger30_p1,0.0,S,0.0,44,0.0,0.0
433167,post_auger30_p1,0.0,S,0.0,44,0.0,0.0
433262,post_auger30_p1,0.0,S,0.0,44,0.0,0.0
433358,post_auger30_p1,0.0,S,0.0,44,0.0,0.0
433454,post_auger30_p1,0.0,S,0.0,44,0.0,0.0
433550,post_auger30_p1,0.0,S,0.0,44,0.0,0.0
433646,post_auger30_p1,0.0,S,0.0,44,0.0,0.0
433742,post_auger30_p1,0.0,S,0.0,44,0.0,0.0
433942,auger55_p1,0.0,S,55.0,44,0.0,0.0
434123,auger55_p1,0.0,S,55.0,44,0.0,0.0
434219,auger55_p1,0.0,S,55.0,44,0.0,0.0
434315,auger55_p1,0.0,S,55.0,44,0.0,0.0
434411,auger55_p1,0.0,S,55.0,44,0.0,0.0
434506,auger55_p1,0.0,S,55.0,44,0.0,0.0
434602,auger55_p1,0.0,S,55.0,44,0.0,0.0
434698,auger55_p1,0.0,S,55.0,44,0.0,0.0
434792,auger55_p1,0.0,S,55.0,44,0.0,0.0
434888,auger55_p1,0.0,S,55.0,44,0.0,0.0
434984,auger55_p1,0.0,S,55.0,44,0.0,0.0
435079,auger55_p1,0.0,S,55.0,44,0.0,0.0
435175,auger55_p1,0.0,S,55.0,44,0.0,0.0
435271,auger55_p1,0.0,S,55.0,44,0.0,0.0
435367,auger55_p1,0.0,S,55.0,44,0.0,0.0
435463,auger55_p1,0.0,S,55.0,44,0.0,0.0
435559,auger55_p1,0.0,S,55.0,44,0.0,0.0
435653,auger55_p1,0.0,S,55.0,44,0.0,0.0
435748,auger55_p1,0.0,S,55.0,44,0.0,0.0
435844,auger55_p1,0.0,S,55.0,44,0.0,0.0
435940,auger55_p1,0.0,S,55.0,44,0.0,0.0
436036,auger55_p1,0.0,S,55.0,44,0.0,0.0
436132,auger55_p1,0.0,S,55.0,44,0.0,0.0
436228,auger55_p1,0.0,S,55.0,44,0.0,0.0
436323,auger55_p1,0.0,S,55.0,44,0.0,0.0
436420,auger55_p1,0.0,S,55.0,44,0.0,0.0
436513,auger55_p1,0.0,S,55.0,44,0.0,0.0
436609,auger55_p1,0.0,S,55.0,44,0.0,0.0
436705,auger55_p1,0.0,S,55.0,44,0.0,0.0
436801,auger55_p1,0.0,S,55.0,44,0.0,0.0
436897,auger55_p1,0.0,S,55.0,44,0.0,0.0
436992,auger55_p1,0.0,S,55.0,44,0.0,0.0
437088,auger55_p1,0.0,S,55.0,44,0.0,0.0
437184,auger55_p1,0.0,S,55.0,44,0.0,0.0
437292,auger55_p1,0.0,S,55.0,44,0.0,0.0
437470,auger55_p1,0.0,S,55.0,44,0.0,0.0
437565,auger55_p1,0.0,S,55.0,44,0.0,0.0
437661,auger55_p1,0.0,S,55.0,44,0.0,0.0
437757,auger55_p1,0.0,S,55.0,44,0.0,0.0
437853,auger55_p1,0.0,S,55.0,44,0.0,0.0
437949,auger55_p1,0.0,S,55.0,44,0.0,0.0
438045,auger55_p1,0.0,S,55.0,44,0.0,0.0
438141,auger55_p1,0.0,S,55.0,44,0.0,0.0
438237,auger55_p1,0.0,S,55.0,44,0.0,0.0
438330,auger55_p1,0.0,S,55.0,44,0.0,0.0
438426,auger55_p1,0.0,S,55.0,44,0.0,0.0
438522,auger55_p1,0.0,S,55.0,44,0.0,0.0
438618,auger55_p1,0.0,S,55.0,44,0.0,0.0
438714,auger55_p1,0.0,S,55.0,44,0.0,0.0
438810,auger55_p1,0.0,S,55.0,44,0.0,0.0
438905,auger55_p1,0.0,S,55.0,44,0.0,0.0
439001,auger55_p1,0.0,S,55.0,44,0.0,0.0
439097,auger55_p1,0.0,S,55.0,44,0.0,0.0
439191,auger55_p1,0.0,S,55.0,44,0.0,0.0
439287,auger55_p1,0.0,S,55.0,44,0.0,0.0
439383,auger55_p1,0.0,S,55.0,44,0.0,0.0
439479,auger55_p1,0.0,S,55.0,44,0.0,0.0
439574,auger55_p1,0.0,S,55.0,44,0.0,0.0
439670,auger55_p1,0.0,S,55.0,44,0.0,0.0
439766,auger55_p1,0.0,S,55.0,44,0.0,0.0
439862,auger55_p1,0.0,S,55.0,44,0.0,0.0
439958,auger55_p1,0.0,S,55.0,44,0.0,0.0
440052,auger55_p1,0.0,S,55.0,44,0.0,0.0
440147,auger55_p1,0.0,S,55.0,44,0.0,0.0
440243,auger55_p1,0.0,S,55.0,44,0.0,0.0
440339,auger55_p1,0.0,S,55.0,44,0.0,0.0
440435,auger55_p1,0.0,S,55.0,44,0.0,0.0
440531,auger55_p1,0.0,S,55.0,44,0.0,0.0
440627,auger55_p1,0.0,S,55.0,44,0.0,0.0
440722,auger55_p1,0.0,S,55.0,44,0.0,0.0
440818,auger55_p1,0.0,S,55.0,44,0.0,0.0
440914,auger55_p1,0.0,S,55.0,44,0.0,0.0
441008,auger55_p1,0.0,S,55.0,44,0.0,0.0
441104,auger55_p1,0.0,S,55.0,44,0.0,0.0
441200,auger55_p1,0.0,S,55.0,44,0.0,0.0
441296,auger55_p1,0.0,S,55.0,44,0.0,0.0
441391,auger55_p1,0.0,S,55.0,44,0.0,0.0
441487,auger55_p1,0.0,S,55.0,44,0.0,0.0
441583,auger55_p1,0.0,S,55.0,44,0.0,0.0
441679,auger55_p1,0.0,S,55.0,44,0.0,0.0
441775,auger55_p1,0.0,S,55.0,44,0.0,0.0
441869,auger55_p1,0.0,S,55.0,44,0.0,0.0
441965,auger55_p1,0.0,S,55.0,44,0.0,0.0
442060,auger55_p1,0.0,S,55.0,44,0.0,0.0
442156,auger55_p1,0.0,S,55.0,44,0.0,0.0
442252,auger55_p1,0.0,S,55.0,44,0.0,0.0
442348,auger55_p1,0.0,S,55.0,44,0.0,0.0
442444,auger55_p1,0.0,S,55.0,44,0.0,0.0
442540,auger55_p1,0.0,S,55.0,44,0.0,0.0
442635,auger55_p1,0.0,S,55.0,44,0.0,0.0
442729,auger55_p1,0.0,S,55.0,44,0.0,0.0
442825,auger55_p1,0.0,S,55.0,44,0.0,0.0
442921,auger55_p1,0.0,S,55.0,44,0.0,0.0
443017,auger55_p1,0.0,S,55.0,44,0.0,0.0
443113,auger55_p1,0.0,S,55.0,44,0.0,0.0
443208,auger55_p1,0.0,S,55.0,44,0.0,0.0
443304,auger55_p1,0.0,S,55.0,44,0.0,0.0
443400,auger55_p1,0.0,S,55.0,44,0.0,0.0
443496,auger55_p1,0.0,S,55.0,44,0.0,0.0
443592,auger55_p1,0.0,S,55.0,44,0.0,0.0
443686,auger55_p1,0.0,S,55.0,44,0.0,0.0
443782,auger55_p1,0.0,S,55.0,44,0.0,0.0
443877,auger55_p1,0.0,S,55.0,44,0.0,0.0
443973,auger55_p1,0.0,S,55.0,44,0.0,0.0
444069,auger55_p1,0.0,S,55.0,44,0.0,0.0
444165,auger55_p1,0.0,S,55.0,44,0.0,0.0
444261,auger55_p1,0.0,S,55.0,44,0.0,0.0
444357,auger55_p1,0.0,S,55.0,44,0.0,0.0
444452,auger55_p1,0.0,S,55.0,44,0.0,0.0
444546,auger55_p1,0.0,S,55.0,44,0.0,0.0
444642,auger55_p1,0.0,S,55.0,44,0.0,0.0
444738,auger55_p1,0.0,S,55.0,44,0.0,0.0
444834,auger55_p1,0.0,S,55.0,44,0.0,0.0
444930,auger55_p1,0.0,S,55.0,44,0.0,0.0
445026,auger55_p1,0.0,S,55.0,44,0.0,0.0
445121,auger55_p1,0.0,S,55.0,44,0.0,0.0
445217,auger55_p1,0.0,S,55.0,44,0.0,0.0
445313,auger55_p1,0.0,S,55.0,44,0.0,0.0
445407,auger55_p1,0.0,S,55.0,44,0.0,0.0
445503,auger55_p1,0.0,S,55.0,44,0.0,0.0
445599,auger55_p1,0.0,S,55.0,44,0.0,0.0
445694,auger55_p1,0.0,S,55.0,44,0.0,0.0
445790,auger55_p1,0.0,S,55.0,44,0.0,0.0
445886,auger55_p1,0.0,S,55.0,44,0.0,0.0
445982,auger55_p1,0.0,S,55.0,44,0.0,0.0
446078,auger55_p1,0.0,S,55.0,44,0.0,0.0
446174,auger55_p1,0.0,S,55.0,44,0.0,0.0
446268,auger55_p1,0.0,S,55.0,44,0.0,0.0
446363,auger55_p1,0.0,S,55.0,44,0.0,0.0
446459,auger55_p1,0.0,S,55.0,44,0.0,0.0
446555,auger55_p1,0.0,S,55.0,44,0.0,0.0
446651,auger55_p1,0.0,S,55.0,44,0.0,0.0
446747,auger55_p1,0.0,S,55.0,44,0.0,0.0
446843,auger55_p1,0.0,S,55.0,44,0.0,0.0
446938,auger55_p1,0.0,S,55.0,44,0.0,0.0
447034,auger55_p1,0.0,S,55.0,44,0.0,0.0
447130,auger55_p1,0.0,S,55.0,44,0.0,0.0
447224,auger55_p1,0.0,S,55.0,44,0.0,0.0
447320,auger55_p1,0.0,S,55.0,44,0.0,0.0
447416,auger55_p1,0.0,S,55.0,44,0.0,0.0
447512,auger55_p1,0.0,S,55.0,44,0.0,0.0
447607,auger55_p1,0.0,S,55.0,44,0.0,0.0
447703,auger55_p1,0.0,S,55.0,44,0.0,0.0
447799,auger55_p1,0.0,S,55.0,44,0.0,0.0
447895,auger55_p1,0.0,S,55.0,44,0.0,0.0
447991,auger55_p1,0.0,S,55.0,44,0.0,0.0
448085,auger55_p1,0.0,S,55.0,44,0.0,0.0
448180,auger55_p1,0.0,S,55.0,44,0.0,0.0
448276,auger55_p1,0.0,S,55.0,44,0.0,0.0
448372,auger55_p1,0.0,S,55.0,44,0.0,0.0
448468,auger55_p1,0.0,S,55.0,44,0.0,0.0
448564,auger55_p1,0.0,S,55.0,44,0.0,0.0
448660,auger55_p1,0.0,S,55.0,44,0.0,0.0
448755,auger55_p1,0.0,S,55.0,44,0.0,0.0
448945,post_auger55_p1,0.0,S,0.0,44,0.0,0.0
449041,post_auger55_p1,0.0,S,0.0,44,0.0,0.0
449137,post_auger55_p1,0.0,S,0.0,44,0.0,0.0
449233,post_auger55_p1,0.0,S,0.0,44,0.0,0.0
449329,post_auger55_p1,0.0,S,0.0,44,0.0,0.0
449424,post_auger55_p1,0.0,S,0.0,44,0.0,0.0
449520,post_auger55_p1,0.0,S,0.0,44,0.0,0.0
449616,post_auger55_p1,0.0,S,0.0,44,0.0,0.0
449712,post_auger55_p1,0.0,S,0.0,44,0.0,0.0
449808,post_auger55_p1,0.0,S,0.0,44,0.0,0.0
449902,post_auger55_p1,0.0,S,0.0,44,0.0,0.0
449998,post_auger55_p1,0.0,S,0.0,44,0.0,0.0
450093,post_auger55_p1,0.0,S,0.0,44,0.0,0.0
450189,post_auger55_p1,0.0,S,0.0,44,0.0,0.0
450285,post_auger55_p1,0.0,S,0.0,44,0.0,0.0
450381,post_auger55_p1,0.0,S,0.0,44,0.0,0.0
450477,post_auger55_p1,0.0,S,0.0,44,0.0,0.0
450573,post_auger55_p1,0.0,S,0.0,44,0.0,0.0
450668,post_auger55_p1,0.0,S,0.0,44,0.0,0.0
450762,post_auger55_p1,0.0,S,0.0,44,0.0,0.0
450858,post_auger55_p1,0.0,S,0.0,44,0.0,0.0
450954,post_auger55_p1,0.0,S,0.0,44,0.0,0.0
451050,post_auger55_p1,0.0,S,0.0,44,0.0,0.0
451146,post_auger55_p1,0.0,S,0.0,44,0.0,0.0
451241,post_auger55_p1,0.0,S,0.0,44,0.0,0.0
451338,post_auger55_p1,0.0,S,0.0,44,0.0,0.0
451433,post_auger55_p1,0.0,S,0.0,44,0.0,0.0
451529,post_auger55_p1,0.0,S,0.0,44,0.0,0.0
451623,post_auger55_p1,0.0,S,0.0,44,0.0,0.0
451719,post_auger55_p1,0.0,S,0.0,44,0.0,0.0
451815,post_auger55_p1,0.0,S,0.0,44,0.0,0.0
451911,post_auger55_p1,0.0,S,0.0,44,0.0,0.0
452006,post_auger55_p1,0.0,S,0.0,44,0.0,0.0
452102,post_auger55_p1,0.0,S,0.0,44,0.0,0.0
452198,post_auger55_p1,0.0,S,0.0,44,0.0,0.0
452294,post_auger55_p1,0.0,S,0.0,44,0.0,0.0
452390,post_auger55_p1,0.0,S,0.0,44,0.0,0.0
452484,post_auger55_p1,0.0,S,0.0,44,0.0,0.0
452580,post_auger55_p1,0.0,S,0.0,44,0.0,0.0
452675,post_auger55_p1,0.0,S,0.0,44,0.0,0.0
452771,post_auger55_p1,0.0,S,0.0,44,0.0,0.0
452867,post_auger55_p1,0.0,S,0.0,44,0.0,0.0
452963,post_auger55_p1,0.0,S,0.0,44,0.0,0.0
453059,post_auger55_p1,0.0,S,0.0,44,0.0,0.0
453154,post_auger55_p1,0.0,S,0.0,44,0.0,0.0
453250,post_auger55_p1,0.0,S,0.0,44,0.0,0.0
453346,post_auger55_p1,0.0,S,0.0,44,0.0,0.0
453440,post_auger55_p1,0.0,S,0.0,44,0.0,0.0
453536,post_auger55_p1,0.0,S,0.0,44,0.0,0.0
453632,post_auger55_p1,0.0,S,0.0,44,0.0,0.0
453728,post_auger55_p1,0.0,S,0.0,44,0.0,0.0
453823,post_auger55_p1,0.0,S,0.0,44,0.0,0.0
453919,post_auger55_p1,0.0,S,0.0,44,0.0,0.0
454015,post_auger55_p1,0.0,S,0.0,44,0.0,0.0
454111,post_auger55_p1,0.0,S,0.0,44,0.0,0.0
454207,post_auger55_p1,0.0,S,0.0,44,0.0,0.0
454301,post_auger55_p1,0.0,S,0.0,44,0.0,0.0
454397,post_auger55_p1,0.0,S,0.0,44,0.0,0.0
454492,post_auger55_p1,0.0,S,0.0,44,0.0,0.0
454588,post_auger55_p1,0.0,S,0.0,44,0.0,0.0
454684,post_auger55_p1,0.0,S,0.0,44,0.0,0.0
454780,post_auger55_p1,0.0,S,0.0,44,0.0,0.0
454876,post_auger55_p1,0.0,S,0.0,44,0.0,0.0
454972,post_auger55_p1,0.0,S,0.0,44,0.0,0.0
455067,post_auger55_p1,0.0,S,0.0,44,0.0,0.0
455161,post_auger55_p1,0.0,S,0.0,44,0.0,0.0
455257,post_auger55_p1,0.0,S,0.0,44,0.0,0.0
455353,post_auger55_p1,0.0,S,0.0,44,0.0,0.0
455449,post_auger55_p1,0.0,S,0.0,44,0.0,0.0
455545,post_auger55_p1,0.0,S,0.0,44,0.0,0.0
455641,post_auger55_p1,0.0,S,0.0,44,0.0,0.0
455736,post_auger55_p1,0.0,S,0.0,44,0.0,0.0
455832,post_auger55_p1,0.0,S,0.0,44,0.0,0.0
455928,post_auger55_p1,0.0,S,0.0,44,0.0,0.0
456024,post_auger55_p1,0.0,S,0.0,44,0.0,0.0
456118,post_auger55_p1,0.0,S,0.0,44,0.0,0.0
456214,post_auger55_p1,0.0,S,0.0,44,0.0,0.0
456309,post_auger55_p1,0.0,S,0.0,44,0.0,0.0
456405,post_auger55_p1,0.0,S,0.0,44,0.0,0.0
456501,post_auger55_p1,0.0,S,0.0,44,0.0,0.0
456597,post_auger55_p1,0.0,S,0.0,44,0.0,0.0
456693,post_auger55_p1,0.0,S,0.0,44,0.0,0.0
456789,post_auger55_p1,0.0,S,0.0,44,0.0,0.0
456885,post_auger55_p1,0.0,S,0.0,44,0.0,0.0
456978,post_auger55_p1,0.0,S,0.0,44,0.0,0.0
457074,post_auger55_p1,0.0,S,0.0,44,0.0,0.0
457170,post_auger55_p1,0.0,S,0.0,44,0.0,0.0
457266,post_auger55_p1,0.0,S,0.0,44,0.0,0.0
457362,post_auger55_p1,0.0,S,0.0,44,0.0,0.0
457458,post_auger55_p1,0.0,S,0.0,44,0.0,0.0
457553,post_auger55_p1,0.0,S,0.0,44,0.0,0.0
457649,post_auger55_p1,0.0,S,0.0,44,0.0,0.0
457745,post_auger55_p1,0.0,S,0.0,44,0.0,0.0
457839,post_auger55_p1,0.0,S,0.0,44,0.0,0.0
457935,post_auger55_p1,0.0,S,0.0,44,0.0,0.0
458031,post_auger55_p1,0.0,S,0.0,44,0.0,0.0
458127,post_auger55_p1,0.0,S,0.0,44,0.0,0.0
458223,post_auger55_p1,0.0,S,0.0,44,0.0,0.0
458318,post_auger55_p1,0.0,S,0.0,44,0.0,0.0
458414,post_auger55_p1,0.0,S,0.0,44,0.0,0.0
458510,post_auger55_p1,0.0,S,0.0,44,0.0,0.0
458606,post_auger55_p1,0.0,S,0.0,44,0.0,0.0
458700,post_auger55_p1,0.0,S,0.0,44,0.0,0.0
458795,post_auger55_p1,0.0,S,0.0,44,0.0,0.0
458891,post_auger55_p1,0.0,S,0.0,44,0.0,0.0
458987,post_auger55_p1,0.0,S,0.0,44,0.0,0.0
459083,post_auger55_p1,0.0,S,0.0,44,0.0,0.0
459179,post_auger55_p1,0.0,S,0.0,44,0.0,0.0
459275,post_auger55_p1,0.0,S,0.0,44,0.0,0.0
459371,post_auger55_p1,0.0,S,0.0,44,0.0,0.0
459467,post_auger55_p1,0.0,S,0.0,44,0.0,0.0
459562,post_auger55_p1,0.0,S,0.0,44,0.0,0.0
459656,post_auger55_p1,0.0,S,0.0,44,0.0,0.0
459752,post_auger55_p1,0.0,S,0.0,44,0.0,0.0
459848,post_auger55_p1,0.0,S,0.0,44,0.0,0.0
459944,post_auger55_p1,0.0,S,0.0,44,0.0,0.0
460039,post_auger55_p1,0.0,S,0.0,44,0.0,0.0
460135,post_auger55_p1,0.0,S,0.0,44,0.0,0.0
460231,post_auger55_p1,0.0,S,0.0,44,0.0,0.0
460327,post_auger55_p1,0.0,S,0.0,44,0.0,0.0
460423,post_auger55_p1,0.0,S,0.0,44,0.0,0.0
460517,post_auger55_p1,0.0,S,0.0,44,0.0,0.0
460613,post_auger55_p1,0.0,S,0.0,44,0.0,0.0
460708,post_auger55_p1,0.0,S,0.0,44,0.0,0.0
460804,post_auger55_p1,0.0,S,0.0,44,0.0,0.0
460906,post_auger55_p1,0.0,S,0.0,44,0.0,0.0
460996,post_auger55_p1,0.0,S,0.0,44,0.0,0.0
461092,post_auger55_p1,0.0,S,0.0,44,0.0,0.0
461188,post_auger55_p1,0.0,S,0.0,44,0.0,0.0
461284,post_auger55_p1,0.0,S,0.0,44,0.0,0.0
461377,post_auger55_p1,0.0,S,0.0,44,0.0,0.0
461473,post_auger55_p1,0.0,S,0.0,44,0.0,0.0
461569,post_auger55_p1,0.0,S,0.0,44,0.0,0.0
461665,post_auger55_p1,0.0,S,0.0,44,0.0,0.0
461761,post_auger55_p1,0.0,S,0.0,44,0.0,0.0
461856,post_auger55_p1,0.0,S,0.0,44,0.0,0.0
461952,post_auger55_p1,0.0,S,0.0,44,0.0,0.0
462048,post_auger55_p1,0.0,S,0.0,44,0.0,0.0
462144,post_auger55_p1,0.0,S,0.0,44,0.0,0.0
462240,post_auger55_p1,0.0,S,0.0,44,0.0,0.0
462334,post_auger55_p1,0.0,S,0.0,44,0.0,0.0
462430,post_auger55_p1,0.0,S,0.0,44,0.0,0.0
462526,post_auger55_p1,0.0,S,0.0,44,0.0,0.0
462621,post_auger55_p1,0.0,S,0.0,44,0.0,0.0
462717,post_auger55_p1,0.0,S,0.0,44,0.0,0.0
462813,post_auger55_p1,0.0,S,0.0,44,0.0,0.0
462909,post_auger55_p1,0.0,S,0.0,44,0.0,0.0
463005,post_auger55_p1,0.0,S,0.0,44,0.0,0.0
463101,post_auger55_p1,0.0,S,0.0,44,0.0,0.0
463194,post_auger55_p1,0.0,S,0.0,44,0.0,0.0
463290,post_auger55_p1,0.0,S,0.0,44,0.0,0.0
463386,post_auger55_p1,0.0,S,0.0,44,0.0,0.0
463482,post_auger55_p1,0.0,S,0.0,44,0.0,0.0
463578,post_auger55_p1,0.0,S,0.0,44,0.0,0.0
463674,post_auger55_p1,0.0,S,0.0,44,0.0,0.0
463770,post_auger55_p1,0.0,S,0.0,44,0.0,0.0
463865,post_auger55_p1,0.0,S,0.0,44,0.0,0.0
463961,auger75_p1,0.0,S,75.0,44,0.0,0.0
464055,auger75_p1,0.0,S,75.0,44,0.0,0.0
464151,auger75_p1,0.0,S,75.0,44,0.0,0.0
464247,auger75_p1,0.0,S,75.0,44,0.0,0.0
464343,auger75_p1,0.0,S,75.0,44,0.0,0.0
464438,auger75_p1,0.0,S,75.0,44,0.0,0.0
464534,auger75_p1,0.0,S,75.0,44,0.0,0.0
464630,auger75_p1,0.0,S,75.0,44,0.0,0.0
464726,auger75_p1,0.0,S,75.0,44,0.0,0.0
464822,auger75_p1,0.0,S,75.0,44,0.0,0.0
464916,auger75_p1,0.0,S,75.0,44,0.0,0.0
465012,auger75_p1,0.0,S,75.0,44,0.0,0.0
465107,auger75_p1,0.0,S,75.0,44,0.0,0.0
465203,auger75_p1,0.0,S,75.0,44,0.0,0.0
465299,auger75_p1,0.0,S,75.0,44,0.0,0.0
465395,auger75_p1,0.0,S,75.0,44,0.0,0.0
465491,auger75_p1,0.0,S,75.0,44,0.0,0.0
465587,auger75_p1,0.0,S,75.0,44,0.0,0.0
465682,auger75_p1,0.0,S,75.0,44,0.0,0.0
465778,auger75_p1,0.0,S,75.0,44,0.0,0.0
465872,auger75_p1,0.0,S,75.0,44,0.0,0.0
465968,auger75_p1,0.0,S,75.0,44,0.0,0.0
466064,auger75_p1,0.0,S,75.0,44,0.0,0.0
466160,auger75_p1,0.0,S,75.0,44,0.0,0.0
466255,auger75_p1,0.0,S,75.0,44,0.0,0.0
466351,auger75_p1,0.0,S,75.0,44,0.0,0.0
466447,auger75_p1,0.0,S,75.0,44,0.0,0.0
466543,auger75_p1,0.0,S,75.0,44,0.0,0.0
466639,auger75_p1,0.0,S,75.0,44,0.0,0.0
466733,auger75_p1,0.0,S,75.0,44,0.0,0.0
466829,auger75_p1,0.0,S,75.0,44,0.0,0.0
466924,auger75_p1,0.0,S,75.0,44,0.0,0.0
467020,auger75_p1,0.0,S,75.0,44,0.0,0.0
467116,auger75_p1,0.0,S,75.0,44,0.0,0.0
467212,auger75_p1,0.0,S,75.0,44,0.0,0.0
467308,auger75_p1,0.0,S,75.0,44,0.0,0.0
467404,auger75_p1,0.0,S,75.0,44,0.0,0.0
467500,auger75_p1,0.0,S,75.0,44,0.0,0.0
467593,auger75_p1,0.0,S,75.0,44,0.0,0.0
467689,auger75_p1,0.0,S,75.0,44,0.0,0.0
467785,auger75_p1,0.0,S,75.0,44,0.0,0.0
467881,auger75_p1,0.0,S,75.0,44,0.0,0.0
467977,auger75_p1,0.0,S,75.0,44,0.0,0.0
468073,auger75_p1,0.0,S,75.0,44,0.0,0.0
468168,auger75_p1,0.0,S,75.0,44,0.0,0.0
468264,auger75_p1,0.0,S,75.0,44,0.0,0.0
468360,auger75_p1,0.0,S,75.0,44,0.0,0.0
468456,auger75_p1,0.0,S,75.0,44,0.0,0.0
468550,auger75_p1,0.0,S,75.0,44,0.0,0.0
468646,auger75_p1,0.0,S,75.0,44,0.0,0.0
468741,auger75_p1,0.0,S,75.0,44,0.0,0.0
468837,auger75_p1,0.0,S,75.0,44,0.0,0.0
468933,auger75_p1,0.0,S,75.0,44,0.0,0.0
469029,auger75_p1,0.0,S,75.0,44,0.0,0.0
469125,auger75_p1,0.0,S,75.0,44,0.0,0.0
469221,auger75_p1,0.0,S,75.0,44,0.0,0.0
469317,auger75_p1,0.0,S,75.0,44,0.0,0.0
469410,auger75_p1,0.0,S,75.0,44,0.0,0.0
469506,auger75_p1,0.0,S,75.0,44,0.0,0.0
469602,auger75_p1,0.0,S,75.0,44,0.0,0.0
469698,auger75_p1,0.0,S,75.0,44,0.0,0.0
469794,auger75_p1,0.0,S,75.0,44,0.0,0.0
469890,auger75_p1,0.0,S,75.0,44,0.0,0.0
469985,auger75_p1,0.0,S,75.0,44,0.0,0.0
470081,auger75_p1,0.0,S,75.0,44,0.0,0.0
470177,auger75_p1,0.0,S,75.0,44,0.0,0.0
470271,auger75_p1,0.0,S,75.0,44,0.0,0.0
470367,auger75_p1,0.0,S,75.0,44,0.0,0.0
470463,auger75_p1,0.0,S,75.0,44,0.0,0.0
470559,auger75_p1,0.0,S,75.0,44,0.0,0.0
470654,auger75_p1,0.0,S,75.0,44,0.0,0.0
470750,auger75_p1,0.0,S,75.0,44,0.0,0.0
470846,auger75_p1,0.0,S,75.0,44,0.0,0.0
470942,auger75_p1,0.0,S,75.0,44,0.0,0.0
471038,auger75_p1,0.0,S,75.0,44,0.0,0.0
471132,auger75_p1,0.0,S,75.0,44,0.0,0.0
471228,auger75_p1,0.0,S,75.0,44,0.0,0.0
471323,auger75_p1,0.0,S,75.0,44,0.0,0.0
471419,auger75_p1,0.0,S,75.0,44,0.0,0.0
471515,auger75_p1,0.0,S,75.0,44,0.0,0.0
471611,auger75_p1,0.0,S,75.0,44,0.0,0.0
471707,auger75_p1,0.0,S,75.0,44,0.0,0.0
471803,auger75_p1,0.0,S,75.0,44,0.0,0.0
471899,auger75_p1,0.0,S,75.0,44,0.0,0.0
471994,auger75_p1,0.0,S,75.0,44,0.0,0.0
472088,auger75_p1,0.0,S,75.0,44,0.0,0.0
472184,auger75_p1,0.0,S,75.0,44,0.0,0.0
472280,auger75_p1,0.0,S,75.0,44,0.0,0.0
472376,auger75_p1,0.0,S,75.0,44,0.0,0.0
472477,auger75_p1,0.0,S,75.0,44,0.0,0.0
472567,auger75_p1,0.0,S,75.0,44,0.0,0.0
472663,auger75_p1,0.0,S,75.0,44,0.0,0.0
472759,auger75_p1,0.0,S,75.0,44,0.0,0.0
472855,auger75_p1,0.0,S,75.0,44,0.0,0.0
472949,auger75_p1,0.0,S,75.0,44,0.0,0.0
473045,auger75_p1,0.0,S,75.0,44,0.0,0.0
473140,auger75_p1,0.0,S,75.0,44,0.0,0.0
473236,auger75_p1,0.0,S,75.0,44,0.0,0.0
473332,auger75_p1,0.0,S,75.0,44,0.0,0.0
473428,auger75_p1,0.0,S,75.0,44,0.0,0.0
473524,auger75_p1,0.0,S,75.0,44,0.0,0.0
473620,auger75_p1,0.0,S,75.0,44,0.0,0.0
473716,auger75_p1,0.0,S,75.0,44,0.0,0.0
473809,auger75_p1,0.0,S,75.0,44,0.0,0.0
473905,auger75_p1,0.0,S,75.0,44,0.0,0.0
474001,auger75_p1,0.0,S,75.0,44,0.0,0.0
474097,auger75_p1,0.0,S,75.0,44,0.0,0.0
474193,auger75_p1,0.0,S,75.0,44,0.0,0.0
474289,auger75_p1,0.0,S,75.0,44,0.0,0.0
474384,auger75_p1,0.0,S,75.0,44,0.0,0.0
474480,auger75_p1,0.0,S,75.0,44,0.0,0.0
474576,auger75_p1,0.0,S,75.0,44,0.0,0.0
474672,auger75_p1,0.0,S,75.0,44,0.0,0.0
474766,auger75_p1,0.0,S,75.0,44,0.0,0.0
474862,auger75_p1,0.0,S,75.0,44,0.0,0.0
474957,auger75_p1,0.0,S,75.0,44,0.0,0.0
475053,auger75_p1,0.0,S,75.0,44,0.0,0.0
475149,auger75_p1,0.0,S,75.0,44,0.0,0.0
475245,auger75_p1,0.0,S,75.0,44,0.0,0.0
475341,auger75_p1,0.0,S,75.0,44,0.0,0.0
475437,auger75_p1,0.0,S,75.0,44,0.0,0.0
475533,auger75_p1,0.0,S,75.0,44,0.0,0.0
475627,auger75_p1,0.0,S,75.0,44,0.0,0.0
475722,auger75_p1,0.0,S,75.0,44,0.0,0.0
475818,auger75_p1,0.0,S,75.0,44,0.0,0.0
475914,auger75_p1,0.0,S,75.0,44,0.0,0.0
476010,auger75_p1,0.0,S,75.0,44,0.0,0.0
476106,auger75_p1,0.0,S,75.0,44,0.0,0.0
476202,auger75_p1,0.0,S,75.0,44,0.0,0.0
476297,auger75_p1,0.0,S,75.0,44,0.0,0.0
476393,auger75_p1,0.0,S,75.0,44,0.0,0.0
476487,auger75_p1,0.0,S,75.0,44,0.0,0.0
476583,auger75_p1,0.0,S,75.0,44,0.0,0.0
476679,auger75_p1,0.0,S,75.0,44,0.0,0.0
476775,auger75_p1,0.0,S,75.0,44,0.0,0.0
476870,auger75_p1,0.0,S,75.0,44,0.0,0.0
476966,auger75_p1,0.0,S,75.0,44,0.0,0.0
477062,auger75_p1,0.0,S,75.0,44,0.0,0.0
477158,auger75_p1,0.0,S,75.0,44,0.0,0.0
477254,auger75_p1,0.0,S,75.0,44,0.0,0.0
477348,auger75_p1,0.0,S,75.0,44,0.0,0.0
477444,auger75_p1,0.0,S,75.0,44,0.0,0.0
477539,auger75_p1,0.0,S,75.0,44,0.0,0.0
477635,auger75_p1,0.0,S,75.0,44,0.0,0.0
477731,auger75_p1,0.0,S,75.0,44,0.0,0.0
477827,auger75_p1,0.0,S,75.0,44,0.0,0.0
477923,auger75_p1,0.0,S,75.0,44,0.0,0.0
478019,auger75_p1,0.0,S,75.0,44,0.0,0.0
478114,auger75_p1,0.0,S,75.0,44,0.0,0.0
478211,auger75_p1,0.0,S,75.0,44,0.0,0.0
478304,auger75_p1,0.0,S,75.0,44,0.0,0.0
478400,auger75_p1,0.0,S,75.0,44,0.0,0.0
478496,auger75_p1,0.0,S,75.0,44,0.0,0.0
478592,auger75_p1,0.0,S,75.0,44,0.0,0.0
478688,auger75_p1,0.0,S,75.0,44,0.0,0.0
478783,auger75_p1,0.0,S,75.0,44,0.0,0.0
478879,auger75_p1,0.0,S,75.0,44,0.0,0.0
478975,post_auger75_p1,0.0,S,0.0,44,0.0,0.0
479071,post_auger75_p1,0.0,S,0.0,44,0.0,0.0
479165,post_auger75_p1,0.0,S,0.0,44,0.0,0.0
479261,post_auger75_p1,0.0,S,0.0,44,0.0,0.0
479356,post_auger75_p1,0.0,S,0.0,44,0.0,0.0
479452,post_auger75_p1,0.0,S,0.0,44,0.0,0.0
479548,post_auger75_p1,0.0,S,0.0,44,0.0,0.0
479644,post_auger75_p1,0.0,S,0.0,44,0.0,0.0
479740,post_auger75_p1,0.0,S,0.0,44,0.0,0.0
479836,post_auger75_p1,0.0,S,0.0,44,0.0,0.0
479932,post_auger75_p1,0.0,S,0.0,44,0.0,0.0
480025,post_auger75_p1,0.0,S,0.0,44,0.0,0.0
480121,post_auger75_p1,0.0,S,0.0,44,0.0,0.0
480217,post_auger75_p1,0.0,S,0.0,44,0.0,0.0
480313,post_auger75_p1,0.0,S,0.0,44,0.0,0.0
480409,post_auger75_p1,0.0,S,0.0,44,0.0,0.0
480505,post_auger75_p1,0.0,S,0.0,44,0.0,0.0
480600,post_auger75_p1,0.0,S,0.0,44,0.0,0.0
480696,post_auger75_p1,0.0,S,0.0,44,0.0,0.0
480792,post_auger75_p1,0.0,S,0.0,44,0.0,0.0
480888,post_auger75_p1,0.0,S,0.0,44,0.0,0.0
480982,post_auger75_p1,0.0,S,0.0,44,0.0,0.0
481078,post_auger75_p1,0.0,S,0.0,44,0.0,0.0
481173,post_auger75_p1,0.0,S,0.0,44,0.0,0.0
481270,post_auger75_p1,0.0,S,0.0,44,0.0,0.0
481365,post_auger75_p1,0.0,S,0.0,44,0.0,0.0
481461,post_auger75_p1,0.0,S,0.0,44,0.0,0.0
481557,post_auger75_p1,0.0,S,0.0,44,0.0,0.0
481653,post_auger75_p1,0.0,S,0.0,44,0.0,0.0
481749,post_auger75_p1,0.0,S,0.0,44,0.0,0.0
481842,post_auger75_p1,0.0,S,0.0,44,0.0,0.0
481938,post_auger75_p1,0.0,S,0.0,44,0.0,0.0
482034,post_auger75_p1,0.0,S,0.0,44,0.0,0.0
482130,post_auger75_p1,0.0,S,0.0,44,0.0,0.0
482226,post_auger75_p1,0.0,S,0.0,44,0.0,0.0
482322,post_auger75_p1,0.0,S,0.0,44,0.0,0.0
482417,post_auger75_p1,0.0,S,0.0,44,0.0,0.0
482514,post_auger75_p1,0.0,S,0.0,44,0.0,0.0
482609,post_auger75_p1,0.0,S,0.0,44,0.0,0.0
482703,post_auger75_p1,0.0,S,0.0,44,0.0,0.0
482799,post_auger75_p1,0.0,S,0.0,44,0.0,0.0
482895,post_auger75_p1,0.0,S,0.0,44,0.0,0.0
482991,post_auger75_p1,0.0,S,0.0,44,0.0,0.0
483086,post_auger75_p1,0.0,S,0.0,44,0.0,0.0
483182,post_auger75_p1,0.0,S,0.0,44,0.0,0.0
483278,post_auger75_p1,0.0,S,0.0,44,0.0,0.0
483374,post_auger75_p1,0.0,S,0.0,44,0.0,0.0
483470,post_auger75_p1,0.0,S,0.0,44,0.0,0.0
483564,post_auger75_p1,0.0,S,0.0,44,0.0,0.0
483659,post_auger75_p1,0.0,S,0.0,44,0.0,0.0
483755,post_auger75_p1,0.0,S,0.0,44,0.0,0.0
483851,post_auger75_p1,0.0,S,0.0,44,0.0,0.0
483947,post_auger75_p1,0.0,S,0.0,44,0.0,0.0
484043,post_auger75_p1,0.0,S,0.0,44,0.0,0.0
484151,post_auger75_p1,0.0,S,0.0,44,0.0,0.0
484330,post_auger75_p1,0.0,S,0.0,44,0.0,0.0
484426,post_auger75_p1,0.0,S,0.0,44,0.0,0.0
484520,post_auger75_p1,0.0,S,0.0,44,0.0,0.0
484616,post_auger75_p1,0.0,S,0.0,44,0.0,0.0
484712,post_auger75_p1,0.0,S,0.0,44,0.0,0.0
484808,post_auger75_p1,0.0,S,0.0,44,0.0,0.0
484904,post_auger75_p1,0.0,S,0.0,44,0.0,0.0
485000,post_auger75_p1,0.0,S,0.0,44,0.0,0.0
485095,post_auger75_p1,0.0,S,0.0,44,0.0,0.0
485191,post_auger75_p1,0.0,S,0.0,44,0.0,0.0
485287,post_auger75_p1,0.0,S,0.0,44,0.0,0.0
485381,post_auger75_p1,0.0,S,0.0,44,0.0,0.0
485477,post_auger75_p1,0.0,S,0.0,44,0.0,0.0
485573,post_auger75_p1,0.0,S,0.0,44,0.0,0.0
485668,post_auger75_p1,0.0,S,0.0,44,0.0,0.0
485764,post_auger75_p1,0.0,S,0.0,44,0.0,0.0
485860,post_auger75_p1,0.0,S,0.0,44,0.0,0.0
485956,post_auger75_p1,0.0,S,0.0,44,0.0,0.0
486052,post_auger75_p1,0.0,S,0.0,44,0.0,0.0
486148,post_auger75_p1,0.0,S,0.0,44,0.0,0.0
486241,post_auger75_p1,0.0,S,0.0,44,0.0,0.0
486337,post_auger75_p1,0.0,S,0.0,44,0.0,0.0
486433,post_auger75_p1,0.0,S,0.0,44,0.0,0.0
486529,post_auger75_p1,0.0,S,0.0,44,0.0,0.0
486625,post_auger75_p1,0.0,S,0.0,44,0.0,0.0
486721,post_auger75_p1,0.0,S,0.0,44,0.0,0.0
486817,post_auger75_p1,0.0,S,0.0,44,0.0,0.0
486912,post_auger75_p1,0.0,S,0.0,44,0.0,0.0
487008,post_auger75_p1,0.0,S,0.0,44,0.0,0.0
487104,post_auger75_p1,0.0,S,0.0,44,0.0,0.0
487198,post_auger75_p1,0.0,S,0.0,44,0.0,0.0
487294,post_auger75_p1,0.0,S,0.0,44,0.0,0.0
487390,post_auger75_p1,0.0,S,0.0,44,0.0,0.0
487486,post_auger75_p1,0.0,S,0.0,44,0.0,0.0
487581,post_auger75_p1,0.0,S,0.0,44,0.0,0.0
487677,post_auger75_p1,0.0,S,0.0,44,0.0,0.0
487773,post_auger75_p1,0.0,S,0.0,44,0.0,0.0
487869,post_auger75_p1,0.0,S,0.0,44,0.0,0.0
487965,post_auger75_p1,0.0,S,0.0,44,0.0,0.0
488059,post_auger75_p1,0.0,S,0.0,44,0.0,0.0
488154,post_auger75_p1,0.0,S,0.0,44,0.0,0.0
488250,post_auger75_p1,0.0,S,0.0,44,0.0,0.0
488346,post_auger75_p1,0.0,S,0.0,44,0.0,0.0
488442,post_auger75_p1,0.0,S,0.0,44,0.0,0.0
488538,post_auger75_p1,0.0,S,0.0,44,0.0,0.0
488634,post_auger75_p1,0.0,S,0.0,44,0.0,0.0
488729,post_auger75_p1,0.0,S,0.0,44,0.0,0.0
488825,post_auger75_p1,0.0,S,0.0,44,0.0,0.0
488919,post_auger75_p1,0.0,S,0.0,44,0.0,0.0
489015,post_auger75_p1,0.0,S,0.0,44,0.0,0.0
489111,post_auger75_p1,0.0,S,0.0,44,0.0,0.0
489207,post_auger75_p1,0.0,S,0.0,44,0.0,0.0
489303,post_auger75_p1,0.0,S,0.0,44,0.0,0.0
489398,post_auger75_p1,0.0,S,0.0,44,0.0,0.0
489494,post_auger75_p1,0.0,S,0.0,44,0.0,0.0
489590,post_auger75_p1,0.0,S,0.0,44,0.0,0.0
489686,post_auger75_p1,0.0,S,0.0,44,0.0,0.0
489780,post_auger75_p1,0.0,S,0.0,44,0.0,0.0
489876,post_auger75_p1,0.0,S,0.0,44,0.0,0.0
489971,post_auger75_p1,0.0,S,0.0,44,0.0,0.0
490067,post_auger75_p1,0.0,S,0.0,44,0.0,0.0
490163,post_auger75_p1,0.0,S,0.0,44,0.0,0.0
490259,post_auger75_p1,0.0,S,0.0,44,0.0,0.0
490355,post_auger75_p1,0.0,S,0.0,44,0.0,0.0
490451,post_auger75_p1,0.0,S,0.0,44,0.0,0.0
490547,post_auger75_p1,0.0,S,0.0,44,0.0,0.0
490642,post_auger75_p1,0.0,S,0.0,44,0.0,0.0
490736,post_auger75_p1,0.0,S,0.0,44,0.0,0.0
490832,post_auger75_p1,0.0,S,0.0,44,0.0,0.0
490928,post_auger75_p1,0.0,S,0.0,44,0.0,0.0
491024,post_auger75_p1,0.0,S,0.0,44,0.0,0.0
491120,post_auger75_p1,0.0,S,0.0,44,0.0,0.0
491215,post_auger75_p1,0.0,S,0.0,44,0.0,0.0
491311,post_auger75_p1,0.0,S,0.0,44,0.0,0.0
491407,post_auger75_p1,0.0,S,0.0,44,0.0,0.0
491503,post_auger75_p1,0.0,S,0.0,44,0.0,0.0
491597,post_auger75_p1,0.0,S,0.0,44,0.0,0.0
491693,post_auger75_p1,0.0,S,0.0,44,0.0,0.0
491789,post_auger75_p1,0.0,S,0.0,44,0.0,0.0
491885,post_auger75_p1,0.0,S,0.0,44,0.0,0.0
491980,post_auger75_p1,0.0,S,0.0,44,0.0,0.0
492076,post_auger75_p1,0.0,S,0.0,44,0.0,0.0
492172,post_auger75_p1,0.0,S,0.0,44,0.0,0.0
492268,post_auger75_p1,0.0,S,0.0,44,0.0,0.0
492364,post_auger75_p1,0.0,S,0.0,44,0.0,0.0
492457,post_auger75_p1,0.0,S,0.0,44,0.0,0.0
492553,post_auger75_p1,0.0,S,0.0,44,0.0,0.0
492649,post_auger75_p1,0.0,S,0.0,44,0.0,0.0
492745,post_auger75_p1,0.0,S,0.0,44,0.0,0.0
492841,post_auger75_p1,0.0,S,0.0,44,0.0,0.0
492937,post_auger75_p1,0.0,S,0.0,44,0.0,0.0
493032,post_auger75_p1,0.0,S,0.0,44,0.0,0.0
493128,post_auger75_p1,0.0,S,0.0,44,0.0,0.0
493224,post_auger75_p1,0.0,S,0.0,44,0.0,0.0
493320,post_auger75_p1,0.0,S,0.0,44,0.0,0.0
493414,post_auger75_p1,0.0,S,0.0,44,0.0,0.0
493510,post_auger75_p1,0.0,S,0.0,44,0.0,0.0
493606,post_auger75_p1,0.0,S,0.0,44,0.0,0.0
493701,post_auger75_p1,0.0,S,0.0,44,0.0,0.0
493797,post_auger75_p1,0.0,S,0.0,44,0.0,0.0
493893,post_auger75_p1,0.0,S,0.0,44,0.0,0.0
493989,auger75_p2,0.0,S,75.0,44,0.0,0.0
494085,auger75_p2,0.0,S,75.0,44,0.0,0.0
494181,auger75_p2,0.0,S,75.0,44,0.0,0.0
494274,auger75_p2,0.0,S,75.0,44,0.0,0.0
494370,auger75_p2,0.0,S,75.0,44,0.0,0.0
494466,auger75_p2,0.0,S,75.0,44,0.0,0.0
494562,auger75_p2,0.0,S,75.0,44,0.0,0.0
494658,auger75_p2,0.0,S,75.0,44,0.0,0.0
494754,auger75_p2,0.0,S,75.0,44,0.0,0.0
494850,auger75_p2,0.0,S,75.0,44,0.0,0.0
494946,auger75_p2,0.0,S,75.0,44,0.0,0.0
495041,auger75_p2,0.0,S,75.0,44,0.0,0.0
495135,auger75_p2,0.0,S,75.0,44,0.0,0.0
495231,auger75_p2,0.0,S,75.0,44,0.0,0.0
495327,auger75_p2,0.0,S,75.0,44,0.0,0.0
495423,auger75_p2,0.0,S,75.0,44,0.0,0.0
495519,auger75_p2,0.0,S,75.0,44,0.0,0.0
495615,auger75_p2,0.0,S,75.0,44,0.0,0.0
495710,auger75_p2,0.0,S,75.0,44,0.0,0.0
495806,auger75_p2,0.0,S,75.0,44,0.0,0.0
495902,auger75_p2,0.0,S,75.0,44,0.0,0.0
495996,auger75_p2,0.0,S,75.0,44,0.0,0.0
496098,auger75_p2,0.0,S,75.0,44,0.0,0.0
496188,auger75_p2,0.0,S,75.0,44,0.0,0.0
496283,auger75_p2,0.0,S,75.0,44,0.0,0.0
496379,auger75_p2,0.0,S,75.0,44,0.0,0.0
496475,auger75_p2,0.0,S,75.0,44,0.0,0.0
496571,auger75_p2,0.0,S,75.0,44,0.0,0.0
496667,auger75_p2,0.0,S,75.0,44,0.0,0.0
496763,auger75_p2,0.0,S,75.0,44,0.0,0.0
496859,auger75_p2,0.0,S,75.0,44,0.0,0.0
496952,auger75_p2,0.0,S,75.0,44,0.0,0.0
497048,auger75_p2,0.0,S,75.0,44,0.0,0.0
497144,auger75_p2,0.0,S,75.0,44,0.0,0.0
497240,auger75_p2,0.0,S,75.0,44,0.0,0.0
497336,auger75_p2,0.0,S,75.0,44,0.0,0.0
497432,auger75_p2,0.0,S,75.0,44,0.0,0.0
497527,auger75_p2,0.0,S,75.0,44,0.0,0.0
497623,auger75_p2,0.0,S,75.0,44,0.0,0.0
497719,auger75_p2,0.0,S,75.0,44,0.0,0.0
497813,auger75_p2,0.0,S,75.0,44,0.0,0.0
497909,auger75_p2,0.0,S,75.0,44,0.0,0.0
498005,auger75_p2,0.0,S,75.0,44,0.0,0.0
498100,auger75_p2,0.0,S,75.0,44,0.0,0.0
498197,auger75_p2,0.0,S,75.0,44,0.0,0.0
498292,auger75_p2,0.0,S,75.0,44,0.0,0.0
498388,auger75_p2,0.0,S,75.0,44,0.0,0.0
498484,auger75_p2,0.0,S,75.0,44,0.0,0.0
498580,auger75_p2,0.0,S,75.0,44,0.0,0.0
498674,auger75_p2,0.0,S,75.0,44,0.0,0.0
498769,auger75_p2,0.0,S,75.0,44,0.0,0.0
498865,auger75_p2,0.0,S,75.0,44,0.0,0.0
498961,auger75_p2,0.0,S,75.0,44,0.0,0.0
499057,auger75_p2,0.0,S,75.0,44,0.0,0.0
499153,auger75_p2,0.0,S,75.0,44,0.0,0.0
499249,auger75_p2,0.0,S,75.0,44,0.0,0.0
499344,auger75_p2,0.0,S,75.0,44,0.0,0.0
499440,auger75_p2,0.0,S,75.0,44,0.0,0.0
499534,auger75_p2,0.0,S,75.0,44,0.0,0.0
499630,auger75_p2,0.0,S,75.0,44,0.0,0.0
499726,auger75_p2,0.0,S,75.0,44,0.0,0.0
499822,auger75_p2,0.0,S,75.0,44,0.0,0.0
499918,auger75_p2,0.0,S,75.0,44,0.0,0.0
500013,auger75_p2,0.0,S,75.0,44,0.0,0.0
500109,auger75_p2,0.0,S,75.0,44,0.0,0.0
500205,auger75_p2,0.0,S,75.0,44,0.0,0.0
500301,auger75_p2,0.0,S,75.0,44,0.0,0.0
500397,auger75_p2,0.0,S,75.0,44,0.0,0.0
500491,auger75_p2,0.0,S,75.0,44,0.0,0.0
500586,auger75_p2,0.0,S,75.0,44,0.0,0.0
500682,auger75_p2,0.0,S,75.0,44,0.0,0.0
500778,auger75_p2,0.0,S,75.0,44,0.0,0.0
500874,auger75_p2,0.0,S,75.0,44,0.0,0.0
500970,auger75_p2,0.0,S,75.0,44,0.0,0.0
501066,auger75_p2,0.0,S,75.0,44,0.0,0.0
501161,auger75_p2,0.0,S,75.0,44,0.0,0.0
501257,auger75_p2,0.0,S,75.0,44,0.0,0.0
501351,auger75_p2,0.0,S,75.0,44,0.0,0.0
501447,auger75_p2,0.0,S,75.0,44,0.0,0.0
501543,auger75_p2,0.0,S,75.0,44,0.0,0.0
501639,auger75_p2,0.0,S,75.0,44,0.0,0.0
501735,auger75_p2,0.0,S,75.0,44,0.0,0.0
501830,auger75_p2,0.0,S,75.0,44,0.0,0.0
501926,auger75_p2,0.0,S,75.0,44,0.0,0.0
502022,auger75_p2,0.0,S,75.0,44,0.0,0.0
502118,auger75_p2,0.0,S,75.0,44,0.0,0.0
502212,auger75_p2,0.0,S,75.0,44,0.0,0.0
502308,auger75_p2,0.0,S,75.0,44,0.0,0.0
502404,auger75_p2,0.0,S,75.0,44,0.0,0.0
502500,auger75_p2,0.0,S,75.0,44,0.0,0.0
502595,auger75_p2,0.0,S,75.0,44,0.0,0.0
502691,auger75_p2,0.0,S,75.0,44,0.0,0.0
502787,auger75_p2,0.0,S,75.0,44,0.0,0.0
502883,auger75_p2,0.0,S,75.0,44,0.0,0.0
502979,auger75_p2,0.0,S,75.0,44,0.0,0.0
503074,auger75_p2,0.0,S,75.0,44,0.0,0.0
503168,auger75_p2,0.0,S,75.0,44,0.0,0.0
503264,auger75_p2,0.0,S,75.0,44,0.0,0.0
503360,auger75_p2,0.0,S,75.0,44,0.0,0.0
503456,auger75_p2,0.0,S,75.0,44,0.0,0.0
503552,auger75_p2,0.0,S,75.0,44,0.0,0.0
503647,auger75_p2,0.0,S,75.0,44,0.0,0.0
503743,auger75_p2,0.0,S,75.0,44,0.0,0.0
503839,auger75_p2,0.0,S,75.0,44,0.0,0.0
503935,auger75_p2,0.0,S,75.0,44,0.0,0.0
504029,auger75_p2,0.0,S,75.0,44,0.0,0.0
504125,auger75_p2,0.0,S,75.0,44,0.0,0.0
504221,auger75_p2,0.0,S,75.0,44,0.0,0.0
504316,auger75_p2,0.0,S,75.0,44,0.0,0.0
504412,auger75_p2,0.0,S,75.0,44,0.0,0.0
504508,auger75_p2,0.0,S,75.0,44,0.0,0.0
504604,auger75_p2,0.0,S,75.0,44,0.0,0.0
504700,auger75_p2,0.0,S,75.0,44,0.0,0.0
504796,auger75_p2,0.0,S,75.0,44,0.0,0.0
504889,auger75_p2,0.0,S,75.0,44,0.0,0.0
504985,auger75_p2,0.0,S,75.0,44,0.0,0.0
505081,auger75_p2,0.0,S,75.0,44,0.0,0.0
505177,auger75_p2,0.0,S,75.0,44,0.0,0.0
505273,auger75_p2,0.0,S,75.0,44,0.0,0.0
505369,auger75_p2,0.0,S,75.0,44,0.0,0.0
505465,auger75_p2,0.0,S,75.0,44,0.0,0.0
505560,auger75_p2,0.0,S,75.0,44,0.0,0.0
505656,auger75_p2,0.0,S,75.0,44,0.0,0.0
505750,auger75_p2,0.0,S,75.0,44,0.0,0.0
505846,auger75_p2,0.0,S,75.0,44,0.0,0.0
505942,auger75_p2,0.0,S,75.0,44,0.0,0.0
506038,auger75_p2,0.0,S,75.0,44,0.0,0.0
506133,auger75_p2,0.0,S,75.0,44,0.0,0.0
506229,auger75_p2,0.0,S,75.0,44,0.0,0.0
506325,auger75_p2,0.0,S,75.0,44,0.0,0.0
506421,auger75_p2,0.0,S,75.0,44,0.0,0.0
506517,auger75_p2,0.0,S,75.0,44,0.0,0.0
506613,auger75_p2,0.0,S,75.0,44,0.0,0.0
506707,auger75_p2,0.0,S,75.0,44,0.0,0.0
506803,auger75_p2,0.0,S,75.0,44,0.0,0.0
506898,auger75_p2,0.0,S,75.0,44,0.0,0.0
506994,auger75_p2,0.0,S,75.0,44,0.0,0.0
507090,auger75_p2,0.0,S,75.0,44,0.0,0.0
507186,auger75_p2,0.0,S,75.0,44,0.0,0.0
507282,auger75_p2,0.0,S,75.0,44,0.0,0.0
507377,auger75_p2,0.0,S,75.0,44,0.0,0.0
507473,auger75_p2,0.0,S,75.0,44,0.0,0.0
507579,auger75_p2,0.0,S,75.0,44,0.0,0.0
507759,auger75_p2,0.0,S,75.0,44,0.0,0.0
507855,auger75_p2,0.0,S,75.0,44,0.0,0.0
507951,auger75_p2,0.0,S,75.0,44,0.0,0.0
508046,auger75_p2,0.0,S,75.0,44,0.0,0.0
508142,auger75_p2,0.0,S,75.0,44,0.0,0.0
508238,auger75_p2,0.0,S,75.0,44,0.0,0.0
508334,auger75_p2,0.0,S,75.0,44,0.0,0.0
508428,auger75_p2,0.0,S,75.0,44,0.0,0.0
508524,auger75_p2,0.0,S,75.0,44,0.0,0.0
508620,auger75_p2,0.0,S,75.0,44,0.0,0.0
508715,auger75_p2,0.0,S,75.0,44,0.0,0.0
508811,auger75_p2,0.0,S,75.0,44,0.0,0.0
508907,auger75_p2,0.0,S,75.0,44,0.0,0.0
509003,post_auger75_p2,0.0,S,0.0,44,0.0,0.0
509099,post_auger75_p2,0.0,S,0.0,44,0.0,0.0
509195,post_auger75_p2,0.0,S,0.0,44,0.0,0.0
509291,post_auger75_p2,0.0,S,0.0,44,0.0,0.0
509384,post_auger75_p2,0.0,S,0.0,44,0.0,0.0
509480,post_auger75_p2,0.0,S,0.0,44,0.0,0.0
509576,post_auger75_p2,0.0,S,0.0,44,0.0,0.0
509672,post_auger75_p2,0.0,S,0.0,44,0.0,0.0
509768,post_auger75_p2,0.0,S,0.0,44,0.0,0.0
509864,post_auger75_p2,0.0,S,0.0,44,0.0,0.0
509959,post_auger75_p2,0.0,S,0.0,44,0.0,0.0
510055,post_auger75_p2,0.0,S,0.0,44,0.0,0.0
510151,post_auger75_p2,0.0,S,0.0,44,0.0,0.0
510245,post_auger75_p2,0.0,S,0.0,44,0.0,0.0
510341,post_auger75_p2,0.0,S,0.0,44,0.0,0.0
510437,post_auger75_p2,0.0,S,0.0,44,0.0,0.0
510532,post_auger75_p2,0.0,S,0.0,44,0.0,0.0
510628,post_auger75_p2,0.0,S,0.0,44,0.0,0.0
510724,post_auger75_p2,0.0,S,0.0,44,0.0,0.0
510820,post_auger75_p2,0.0,S,0.0,44,0.0,0.0
510916,post_auger75_p2,0.0,S,0.0,44,0.0,0.0
511012,post_auger75_p2,0.0,S,0.0,44,0.0,0.0
511106,post_auger75_p2,0.0,S,0.0,44,0.0,0.0
511201,post_auger75_p2,0.0,S,0.0,44,0.0,0.0
511297,post_auger75_p2,0.0,S,0.0,44,0.0,0.0
511393,post_auger75_p2,0.0,S,0.0,44,0.0,0.0
511489,post_auger75_p2,0.0,S,0.0,44,0.0,0.0
511585,post_auger75_p2,0.0,S,0.0,44,0.0,0.0
511681,post_auger75_p2,0.0,S,0.0,44,0.0,0.0
511776,post_auger75_p2,0.0,S,0.0,44,0.0,0.0
511872,post_auger75_p2,0.0,S,0.0,44,0.0,0.0
511966,post_auger75_p2,0.0,S,0.0,44,0.0,0.0
512062,post_auger75_p2,0.0,S,0.0,44,0.0,0.0
512158,post_auger75_p2,0.0,S,0.0,44,0.0,0.0
512254,post_auger75_p2,0.0,S,0.0,44,0.0,0.0
512350,post_auger75_p2,0.0,S,0.0,44,0.0,0.0
512445,post_auger75_p2,0.0,S,0.0,44,0.0,0.0
512541,post_auger75_p2,0.0,S,0.0,44,0.0,0.0
512637,post_auger75_p2,0.0,S,0.0,44,0.0,0.0
512733,post_auger75_p2,0.0,S,0.0,44,0.0,0.0
512829,post_auger75_p2,0.0,S,0.0,44,0.0,0.0
512923,post_auger75_p2,0.0,S,0.0,44,0.0,0.0
513018,post_auger75_p2,0.0,S,0.0,44,0.0,0.0
513114,post_auger75_p2,0.0,S,0.0,44,0.0,0.0
513210,post_auger75_p2,0.0,S,0.0,44,0.0,0.0
513306,post_auger75_p2,0.0,S,0.0,44,0.0,0.0
513402,post_auger75_p2,0.0,S,0.0,44,0.0,0.0
513498,post_auger75_p2,0.0,S,0.0,44,0.0,0.0
513593,post_auger75_p2,0.0,S,0.0,44,0.0,0.0
513689,post_auger75_p2,0.0,S,0.0,44,0.0,0.0
513783,post_auger75_p2,0.0,S,0.0,44,0.0,0.0
513879,post_auger75_p2,0.0,S,0.0,44,0.0,0.0
513975,post_auger75_p2,0.0,S,0.0,44,0.0,0.0
514071,post_auger75_p2,0.0,S,0.0,44,0.0,0.0
514167,post_auger75_p2,0.0,S,0.0,44,0.0,0.0
514262,post_auger75_p2,0.0,S,0.0,44,0.0,0.0
514358,post_auger75_p2,0.0,S,0.0,44,0.0,0.0
514454,post_auger75_p2,0.0,S,0.0,44,0.0,0.0
514550,post_auger75_p2,0.0,S,0.0,44,0.0,0.0
514644,post_auger75_p2,0.0,S,0.0,44,0.0,0.0
514740,post_auger75_p2,0.0,S,0.0,44,0.0,0.0
514836,post_auger75_p2,0.0,S,0.0,44,0.0,0.0
514932,post_auger75_p2,0.0,S,0.0,44,0.0,0.0
515027,post_auger75_p2,0.0,S,0.0,44,0.0,0.0
515123,post_auger75_p2,0.0,S,0.0,44,0.0,0.0
515219,post_auger75_p2,0.0,S,0.0,44,0.0,0.0
515315,post_auger75_p2,0.0,S,0.0,44,0.0,0.0
515411,post_auger75_p2,0.0,S,0.0,44,0.0,0.0
515507,post_auger75_p2,0.0,S,0.0,44,0.0,0.0
515600,post_auger75_p2,0.0,S,0.0,44,0.0,0.0
515696,post_auger75_p2,0.0,S,0.0,44,0.0,0.0
515792,post_auger75_p2,0.0,S,0.0,44,0.0,0.0
515888,post_auger75_p2,0.0,S,0.0,44,0.0,0.0
515984,post_auger75_p2,0.0,S,0.0,44,0.0,0.0
516080,post_auger75_p2,0.0,S,0.0,44,0.0,0.0
516175,post_auger75_p2,0.0,S,0.0,44,0.0,0.0
516271,post_auger75_p2,0.0,S,0.0,44,0.0,0.0
516367,post_auger75_p2,0.0,S,0.0,44,0.0,0.0
516461,post_auger75_p2,0.0,S,0.0,44,0.0,0.0
516557,post_auger75_p2,0.0,S,0.0,44,0.0,0.0
516653,post_auger75_p2,0.0,S,0.0,44,0.0,0.0
516749,post_auger75_p2,0.0,S,0.0,44,0.0,0.0
516844,post_auger75_p2,0.0,S,0.0,44,0.0,0.0
516940,post_auger75_p2,0.0,S,0.0,44,0.0,0.0
517036,post_auger75_p2,0.0,S,0.0,44,0.0,0.0
517132,post_auger75_p2,0.0,S,0.0,44,0.0,0.0
517228,post_auger75_p2,0.0,S,0.0,44,0.0,0.0
517322,post_auger75_p2,0.0,S,0.0,44,0.0,0.0
517418,post_auger75_p2,0.0,S,0.0,44,0.0,0.0
517513,post_auger75_p2,0.0,S,0.0,44,0.0,0.0
517609,post_auger75_p2,0.0,S,0.0,44,0.0,0.0
517705,post_auger75_p2,0.0,S,0.0,44,0.0,0.0
517801,post_auger75_p2,0.0,S,0.0,44,0.0,0.0
517897,post_auger75_p2,0.0,S,0.0,44,0.0,0.0
517993,post_auger75_p2,0.0,S,0.0,44,0.0,0.0
518088,post_auger75_p2,0.0,S,0.0,44,0.0,0.0
518182,post_auger75_p2,0.0,S,0.0,44,0.0,0.0
518278,post_auger75_p2,0.0,S,0.0,44,0.0,0.0
518374,post_auger75_p2,0.0,S,0.0,44,0.0,0.0
518470,post_auger75_p2,0.0,S,0.0,44,0.0,0.0
518566,post_auger75_p2,0.0,S,0.0,44,0.0,0.0
518662,post_auger75_p2,0.0,S,0.0,44,0.0,0.0
518757,post_auger75_p2,0.0,S,0.0,44,0.0,0.0
518853,post_auger75_p2,0.0,S,0.0,44,0.0,0.0
518949,post_auger75_p2,0.0,S,0.0,44,0.0,0.0
519045,post_auger75_p2,0.0,S,0.0,44,0.0,0.0
519139,post_auger75_p2,0.0,S,0.0,44,0.0,0.0
519235,post_auger75_p2,0.0,S,0.0,44,0.0,0.0
519330,post_auger75_p2,0.0,S,0.0,44,0.0,0.0
519426,post_auger75_p2,0.0,S,0.0,44,0.0,0.0
519534,post_auger75_p2,0.0,S,0.0,44,0.0,0.0
519714,post_auger75_p2,0.0,S,0.0,44,0.0,0.0
519809,post_auger75_p2,0.0,S,0.0,44,0.0,0.0
519906,post_auger75_p2,0.0,S,0.0,44,0.0,0.0
519999,post_auger75_p2,0.0,S,0.0,44,0.0,0.0
520095,post_auger75_p2,0.0,S,0.0,44,0.0,0.0
520191,post_auger75_p2,0.0,S,0.0,44,0.0,0.0
520287,post_auger75_p2,0.0,S,0.0,44,0.0,0.0
520383,post_auger75_p2,0.0,S,0.0,44,0.0,0.0
520479,post_auger75_p2,0.0,S,0.0,44,0.0,0.0
520574,post_auger75_p2,0.0,S,0.0,44,0.0,0.0
520670,post_auger75_p2,0.0,S,0.0,44,0.0,0.0
520766,post_auger75_p2,0.0,S,0.0,44,0.0,0.0
520860,post_auger75_p2,0.0,S,0.0,44,0.0,0.0
520956,post_auger75_p2,0.0,S,0.0,44,0.0,0.0
521052,post_auger75_p2,0.0,S,0.0,44,0.0,0.0
521147,post_auger75_p2,0.0,S,0.0,44,0.0,0.0
521243,post_auger75_p2,0.0,S,0.0,44,0.0,0.0
521339,post_auger75_p2,0.0,S,0.0,44,0.0,0.0
521435,post_auger75_p2,0.0,S,0.0,44,0.0,0.0
521531,post_auger75_p2,0.0,S,0.0,44,0.0,0.0
521627,post_auger75_p2,0.0,S,0.0,44,0.0,0.0
521723,post_auger75_p2,0.0,S,0.0,44,0.0,0.0
521816,post_auger75_p2,0.0,S,0.0,44,0.0,0.0
521912,post_auger75_p2,0.0,S,0.0,44,0.0,0.0
522008,post_auger75_p2,0.0,S,0.0,44,0.0,0.0
522104,post_auger75_p2,0.0,S,0.0,44,0.0,0.0
522200,post_auger75_p2,0.0,S,0.0,44,0.0,0.0
522296,post_auger75_p2,0.0,S,0.0,44,0.0,0.0
522391,post_auger75_p2,0.0,S,0.0,44,0.0,0.0
522487,post_auger75_p2,0.0,S,0.0,44,0.0,0.0
522583,post_auger75_p2,0.0,S,0.0,44,0.0,0.0
522677,post_auger75_p2,0.0,S,0.0,44,0.0,0.0
522773,post_auger75_p2,0.0,S,0.0,44,0.0,0.0
522869,post_auger75_p2,0.0,S,0.0,44,0.0,0.0
522965,post_auger75_p2,0.0,S,0.0,44,0.0,0.0
523060,post_auger75_p2,0.0,S,0.0,44,0.0,0.0
523156,post_auger75_p2,0.0,S,0.0,44,0.0,0.0
523252,post_auger75_p2,0.0,S,0.0,44,0.0,0.0
523348,post_auger75_p2,0.0,S,0.0,44,0.0,0.0
523444,post_auger75_p2,0.0,S,0.0,44,0.0,0.0
523538,post_auger75_p2,0.0,S,0.0,44,0.0,0.0
523633,post_auger75_p2,0.0,S,0.0,44,0.0,0.0
523729,post_auger75_p2,0.0,S,0.0,44,0.0,0.0
523825,post_auger75_p2,0.0,S,0.0,44,0.0,0.0
523921,post_auger75_p2,0.0,S,0.0,44,0.0,0.0
524017,auger55_p2,0.0,S,55.0,44,0.0,0.0
524113,auger55_p2,0.0,S,55.0,44,0.0,0.0
524208,auger55_p2,0.0,S,55.0,44,0.0,0.0
524304,auger55_p2,0.0,S,55.0,44,0.0,0.0
524398,auger55_p2,0.0,S,55.0,44,0.0,0.0
524494,auger55_p2,0.0,S,55.0,44,0.0,0.0
524590,auger55_p2,0.0,S,55.0,44,0.0,0.0
524686,auger55_p2,0.0,S,55.0,44,0.0,0.0
524782,auger55_p2,0.0,S,55.0,44,0.0,0.0
524877,auger55_p2,0.0,S,55.0,44,0.0,0.0
524973,auger55_p2,0.0,S,55.0,44,0.0,0.0
525069,auger55_p2,0.0,S,55.0,44,0.0,0.0
525165,auger55_p2,0.0,S,55.0,44,0.0,0.0
525261,auger55_p2,0.0,S,55.0,44,0.0,0.0
525355,auger55_p2,0.0,S,55.0,44,0.0,0.0
525450,auger55_p2,0.0,S,55.0,44,0.0,0.0
525547,auger55_p2,0.0,S,55.0,44,0.0,0.0
525642,auger55_p2,0.0,S,55.0,44,0.0,0.0
525738,auger55_p2,0.0,S,55.0,44,0.0,0.0
525834,auger55_p2,0.0,S,55.0,44,0.0,0.0
525930,auger55_p2,0.0,S,55.0,44,0.0,0.0
526026,auger55_p2,0.0,S,55.0,44,0.0,0.0
526121,auger55_p2,0.0,S,55.0,44,0.0,0.0
526215,auger55_p2,0.0,S,55.0,44,0.0,0.0
526311,auger55_p2,0.0,S,55.0,44,0.0,0.0
526407,auger55_p2,0.0,S,55.0,44,0.0,0.0
526503,auger55_p2,0.0,S,55.0,44,0.0,0.0
526599,auger55_p2,0.0,S,55.0,44,0.0,0.0
526694,auger55_p2,0.0,S,55.0,44,0.0,0.0
526790,auger55_p2,0.0,S,55.0,44,0.0,0.0
526886,auger55_p2,0.0,S,55.0,44,0.0,0.0
526982,auger55_p2,0.0,S,55.0,44,0.0,0.0
527076,auger55_p2,0.0,S,55.0,44,0.0,0.0
527172,auger55_p2,0.0,S,55.0,44,0.0,0.0
527268,auger55_p2,0.0,S,55.0,44,0.0,0.0
527363,auger55_p2,0.0,S,55.0,44,0.0,0.0
527459,auger55_p2,0.0,S,55.0,44,0.0,0.0
527555,auger55_p2,0.0,S,55.0,44,0.0,0.0
527651,auger55_p2,0.0,S,55.0,44,0.0,0.0
527747,auger55_p2,0.0,S,55.0,44,0.0,0.0
527843,auger55_p2,0.0,S,55.0,44,0.0,0.0
527939,auger55_p2,0.0,S,55.0,44,0.0,0.0
528032,auger55_p2,0.0,S,55.0,44,0.0,0.0
528128,auger55_p2,0.0,S,55.0,44,0.0,0.0
528224,auger55_p2,0.0,S,55.0,44,0.0,0.0
528320,auger55_p2,0.0,S,55.0,44,0.0,0.0
528416,auger55_p2,0.0,S,55.0,44,0.0,0.0
528512,auger55_p2,0.0,S,55.0,44,0.0,0.0
528607,auger55_p2,0.0,S,55.0,44,0.0,0.0
528703,auger55_p2,0.0,S,55.0,44,0.0,0.0
528799,auger55_p2,0.0,S,55.0,44,0.0,0.0
528893,auger55_p2,0.0,S,55.0,44,0.0,0.0
528989,auger55_p2,0.0,S,55.0,44,0.0,0.0
529085,auger55_p2,0.0,S,55.0,44,0.0,0.0
529181,auger55_p2,0.0,S,55.0,44,0.0,0.0
529276,auger55_p2,0.0,S,55.0,44,0.0,0.0
529372,auger55_p2,0.0,S,55.0,44,0.0,0.0
529468,auger55_p2,0.0,S,55.0,44,0.0,0.0
529564,auger55_p2,0.0,S,55.0,44,0.0,0.0
529660,auger55_p2,0.0,S,55.0,44,0.0,0.0
529754,auger55_p2,0.0,S,55.0,44,0.0,0.0
529850,auger55_p2,0.0,S,55.0,44,0.0,0.0
529945,auger55_p2,0.0,S,55.0,44,0.0,0.0
530041,auger55_p2,0.0,S,55.0,44,0.0,0.0
530137,auger55_p2,0.0,S,55.0,44,0.0,0.0
530233,auger55_p2,0.0,S,55.0,44,0.0,0.0
530329,auger55_p2,0.0,S,55.0,44,0.0,0.0
530424,auger55_p2,0.0,S,55.0,44,0.0,0.0
530520,auger55_p2,0.0,S,55.0,44,0.0,0.0
530614,auger55_p2,0.0,S,55.0,44,0.0,0.0
530710,auger55_p2,0.0,S,55.0,44,0.0,0.0
530806,auger55_p2,0.0,S,55.0,44,0.0,0.0
530902,auger55_p2,0.0,S,55.0,44,0.0,0.0
530998,auger55_p2,0.0,S,55.0,44,0.0,0.0
531094,auger55_p2,0.0,S,55.0,44,0.0,0.0
531201,auger55_p2,0.0,S,55.0,44,0.0,0.0
531381,auger55_p2,0.0,S,55.0,44,0.0,0.0
531477,auger55_p2,0.0,S,55.0,44,0.0,0.0
531571,auger55_p2,0.0,S,55.0,44,0.0,0.0
531667,auger55_p2,0.0,S,55.0,44,0.0,0.0
531762,auger55_p2,0.0,S,55.0,44,0.0,0.0
531858,auger55_p2,0.0,S,55.0,44,0.0,0.0
531954,auger55_p2,0.0,S,55.0,44,0.0,0.0
532050,auger55_p2,0.0,S,55.0,44,0.0,0.0
532146,auger55_p2,0.0,S,55.0,44,0.0,0.0
532242,auger55_p2,0.0,S,55.0,44,0.0,0.0
532337,auger55_p2,0.0,S,55.0,44,0.0,0.0
532431,auger55_p2,0.0,S,55.0,44,0.0,0.0
532527,auger55_p2,0.0,S,55.0,44,0.0,0.0
532623,auger55_p2,0.0,S,55.0,44,0.0,0.0
532719,auger55_p2,0.0,S,55.0,44,0.0,0.0
532815,auger55_p2,0.0,S,55.0,44,0.0,0.0
532911,auger55_p2,0.0,S,55.0,44,0.0,0.0
533006,auger55_p2,0.0,S,55.0,44,0.0,0.0
533102,auger55_p2,0.0,S,55.0,44,0.0,0.0
533198,auger55_p2,0.0,S,55.0,44,0.0,0.0
533292,auger55_p2,0.0,S,55.0,44,0.0,0.0
533388,auger55_p2,0.0,S,55.0,44,0.0,0.0
533484,auger55_p2,0.0,S,55.0,44,0.0,0.0
533580,auger55_p2,0.0,S,55.0,44,0.0,0.0
533675,auger55_p2,0.0,S,55.0,44,0.0,0.0
533771,auger55_p2,0.0,S,55.0,44,0.0,0.0
533867,auger55_p2,0.0,S,55.0,44,0.0,0.0
533963,auger55_p2,0.0,S,55.0,44,0.0,0.0
534059,auger55_p2,0.0,S,55.0,44,0.0,0.0
534155,auger55_p2,0.0,S,55.0,44,0.0,0.0
534248,auger55_p2,0.0,S,55.0,44,0.0,0.0
534344,auger55_p2,0.0,S,55.0,44,0.0,0.0
534440,auger55_p2,0.0,S,55.0,44,0.0,0.0
534536,auger55_p2,0.0,S,55.0,44,0.0,0.0
534632,auger55_p2,0.0,S,55.0,44,0.0,0.0
534728,auger55_p2,0.0,S,55.0,44,0.0,0.0
534823,auger55_p2,0.0,S,55.0,44,0.0,0.0
534919,auger55_p2,0.0,S,55.0,44,0.0,0.0
535015,auger55_p2,0.0,S,55.0,44,0.0,0.0
535109,auger55_p2,0.0,S,55.0,44,0.0,0.0
535205,auger55_p2,0.0,S,55.0,44,0.0,0.0
535301,auger55_p2,0.0,S,55.0,44,0.0,0.0
535397,auger55_p2,0.0,S,55.0,44,0.0,0.0
535492,auger55_p2,0.0,S,55.0,44,0.0,0.0
535588,auger55_p2,0.0,S,55.0,44,0.0,0.0
535684,auger55_p2,0.0,S,55.0,44,0.0,0.0
535780,auger55_p2,0.0,S,55.0,44,0.0,0.0
535876,auger55_p2,0.0,S,55.0,44,0.0,0.0
535970,auger55_p2,0.0,S,55.0,44,0.0,0.0
536065,auger55_p2,0.0,S,55.0,44,0.0,0.0
536162,auger55_p2,0.0,S,55.0,44,0.0,0.0
536257,auger55_p2,0.0,S,55.0,44,0.0,0.0
536353,auger55_p2,0.0,S,55.0,44,0.0,0.0
536449,auger55_p2,0.0,S,55.0,44,0.0,0.0
536545,auger55_p2,0.0,S,55.0,44,0.0,0.0
536641,auger55_p2,0.0,S,55.0,44,0.0,0.0
536736,auger55_p2,0.0,S,55.0,44,0.0,0.0
536830,auger55_p2,0.0,S,55.0,44,0.0,0.0
536926,auger55_p2,0.0,S,55.0,44,0.0,0.0
537022,auger55_p2,0.0,S,55.0,44,0.0,0.0
537118,auger55_p2,0.0,S,55.0,44,0.0,0.0
537214,auger55_p2,0.0,S,55.0,44,0.0,0.0
537309,auger55_p2,0.0,S,55.0,44,0.0,0.0
537405,auger55_p2,0.0,S,55.0,44,0.0,0.0
537501,auger55_p2,0.0,S,55.0,44,0.0,0.0
537597,auger55_p2,0.0,S,55.0,44,0.0,0.0
537693,auger55_p2,0.0,S,55.0,44,0.0,0.0
537787,auger55_p2,0.0,S,55.0,44,0.0,0.0
537883,auger55_p2,0.0,S,55.0,44,0.0,0.0
537979,auger55_p2,0.0,S,55.0,44,0.0,0.0
538074,auger55_p2,0.0,S,55.0,44,0.0,0.0
538170,auger55_p2,0.0,S,55.0,44,0.0,0.0
538266,auger55_p2,0.0,S,55.0,44,0.0,0.0
538362,auger55_p2,0.0,S,55.0,44,0.0,0.0
538458,auger55_p2,0.0,S,55.0,44,0.0,0.0
538553,auger55_p2,0.0,S,55.0,44,0.0,0.0
538648,auger55_p2,0.0,S,55.0,44,0.0,0.0
538743,auger55_p2,0.0,S,55.0,44,0.0,0.0
538839,auger55_p2,0.0,S,55.0,44,0.0,0.0
538935,auger55_p2,0.0,S,55.0,44,0.0,0.0
539031,post_auger55_p2,0.0,S,0.0,44,0.0,0.0
539127,post_auger55_p2,0.0,S,0.0,44,0.0,0.0
539222,post_auger55_p2,0.0,S,0.0,44,0.0,0.0
539318,post_auger55_p2,0.0,S,0.0,44,0.0,0.0
539414,post_auger55_p2,0.0,S,0.0,44,0.0,0.0
539508,post_auger55_p2,0.0,S,0.0,44,0.0,0.0
539604,post_auger55_p2,0.0,S,0.0,44,0.0,0.0
539700,post_auger55_p2,0.0,S,0.0,44,0.0,0.0
539796,post_auger55_p2,0.0,S,0.0,44,0.0,0.0
539891,post_auger55_p2,0.0,S,0.0,44,0.0,0.0
539987,post_auger55_p2,0.0,S,0.0,44,0.0,0.0
540083,post_auger55_p2,0.0,S,0.0,44,0.0,0.0
540179,post_auger55_p2,0.0,S,0.0,44,0.0,0.0
540275,post_auger55_p2,0.0,S,0.0,44,0.0,0.0
540369,post_auger55_p2,0.0,S,0.0,44,0.0,0.0
540464,post_auger55_p2,0.0,S,0.0,44,0.0,0.0
540560,post_auger55_p2,0.0,S,0.0,44,0.0,0.0
540656,post_auger55_p2,0.0,S,0.0,44,0.0,0.0
540752,post_auger55_p2,0.0,S,0.0,44,0.0,0.0
540848,post_auger55_p2,0.0,S,0.0,44,0.0,0.0
540944,post_auger55_p2,0.0,S,0.0,44,0.0,0.0
541040,post_auger55_p2,0.0,S,0.0,44,0.0,0.0
541135,post_auger55_p2,0.0,S,0.0,44,0.0,0.0
541231,post_auger55_p2,0.0,S,0.0,44,0.0,0.0
541325,post_auger55_p2,0.0,S,0.0,44,0.0,0.0
541421,post_auger55_p2,0.0,S,0.0,44,0.0,0.0
541517,post_auger55_p2,0.0,S,0.0,44,0.0,0.0
541613,post_auger55_p2,0.0,S,0.0,44,0.0,0.0
541709,post_auger55_p2,0.0,S,0.0,44,0.0,0.0
541804,post_auger55_p2,0.0,S,0.0,44,0.0,0.0
541900,post_auger55_p2,0.0,S,0.0,44,0.0,0.0
541996,post_auger55_p2,0.0,S,0.0,44,0.0,0.0
542092,post_auger55_p2,0.0,S,0.0,44,0.0,0.0
542186,post_auger55_p2,0.0,S,0.0,44,0.0,0.0
542282,post_auger55_p2,0.0,S,0.0,44,0.0,0.0
542377,post_auger55_p2,0.0,S,0.0,44,0.0,0.0
542473,post_auger55_p2,0.0,S,0.0,44,0.0,0.0
542569,post_auger55_p2,0.0,S,0.0,44,0.0,0.0
542665,post_auger55_p2,0.0,S,0.0,44,0.0,0.0
542761,post_auger55_p2,0.0,S,0.0,44,0.0,0.0
542861,post_auger55_p2,0.0,S,0.0,44,0.0,0.0
542953,post_auger55_p2,0.0,S,0.0,44,0.0,0.0
543046,post_auger55_p2,0.0,S,0.0,44,0.0,0.0
543142,post_auger55_p2,0.0,S,0.0,44,0.0,0.0
543238,post_auger55_p2,0.0,S,0.0,44,0.0,0.0
543334,post_auger55_p2,0.0,S,0.0,44,0.0,0.0
543430,post_auger55_p2,0.0,S,0.0,44,0.0,0.0
543526,post_auger55_p2,0.0,S,0.0,44,0.0,0.0
543621,post_auger55_p2,0.0,S,0.0,44,0.0,0.0
543717,post_auger55_p2,0.0,S,0.0,44,0.0,0.0
543813,post_auger55_p2,0.0,S,0.0,44,0.0,0.0
543909,post_auger55_p2,0.0,S,0.0,44,0.0,0.0
544003,post_auger55_p2,0.0,S,0.0,44,0.0,0.0
544099,post_auger55_p2,0.0,S,0.0,44,0.0,0.0
544194,post_auger55_p2,0.0,S,0.0,44,0.0,0.0
544290,post_auger55_p2,0.0,S,0.0,44,0.0,0.0
544386,post_auger55_p2,0.0,S,0.0,44,0.0,0.0
544482,post_auger55_p2,0.0,S,0.0,44,0.0,0.0
544578,post_auger55_p2,0.0,S,0.0,44,0.0,0.0
544674,post_auger55_p2,0.0,S,0.0,44,0.0,0.0
544770,post_auger55_p2,0.0,S,0.0,44,0.0,0.0
544863,post_auger55_p2,0.0,S,0.0,44,0.0,0.0
544959,post_auger55_p2,0.0,S,0.0,44,0.0,0.0
545055,post_auger55_p2,0.0,S,0.0,44,0.0,0.0
545151,post_auger55_p2,0.0,S,0.0,44,0.0,0.0
545247,post_auger55_p2,0.0,S,0.0,44,0.0,0.0
545343,post_auger55_p2,0.0,S,0.0,44,0.0,0.0
545438,post_auger55_p2,0.0,S,0.0,44,0.0,0.0
545534,post_auger55_p2,0.0,S,0.0,44,0.0,0.0
545630,post_auger55_p2,0.0,S,0.0,44,0.0,0.0
545724,post_auger55_p2,0.0,S,0.0,44,0.0,0.0
545820,post_auger55_p2,0.0,S,0.0,44,0.0,0.0
545916,post_auger55_p2,0.0,S,0.0,44,0.0,0.0
546012,post_auger55_p2,0.0,S,0.0,44,0.0,0.0
546107,post_auger55_p2,0.0,S,0.0,44,0.0,0.0
546203,post_auger55_p2,0.0,S,0.0,44,0.0,0.0
546299,post_auger55_p2,0.0,S,0.0,44,0.0,0.0
546395,post_auger55_p2,0.0,S,0.0,44,0.0,0.0
546491,post_auger55_p2,0.0,S,0.0,44,0.0,0.0
546585,post_auger55_p2,0.0,S,0.0,44,0.0,0.0
546680,post_auger55_p2,0.0,S,0.0,44,0.0,0.0
546776,post_auger55_p2,0.0,S,0.0,44,0.0,0.0
546872,post_auger55_p2,0.0,S,0.0,44,0.0,0.0
546968,post_auger55_p2,0.0,S,0.0,44,0.0,0.0
547064,post_auger55_p2,0.0,S,0.0,44,0.0,0.0
547160,post_auger55_p2,0.0,S,0.0,44,0.0,0.0
547256,post_auger55_p2,0.0,S,0.0,44,0.0,0.0
547351,post_auger55_p2,0.0,S,0.0,44,0.0,0.0
547447,post_auger55_p2,0.0,S,0.0,44,0.0,0.0
547541,post_auger55_p2,0.0,S,0.0,44,0.0,0.0
547637,post_auger55_p2,0.0,S,0.0,44,0.0,0.0
547733,post_auger55_p2,0.0,S,0.0,44,0.0,0.0
547829,post_auger55_p2,0.0,S,0.0,44,0.0,0.0
547925,post_auger55_p2,0.0,S,0.0,44,0.0,0.0
548020,post_auger55_p2,0.0,S,0.0,44,0.0,0.0
548116,post_auger55_p2,0.0,S,0.0,44,0.0,0.0
548212,post_auger55_p2,0.0,S,0.0,44,0.0,0.0
548308,post_auger55_p2,0.0,S,0.0,44,0.0,0.0
548402,post_auger55_p2,0.0,S,0.0,44,0.0,0.0
548498,post_auger55_p2,0.0,S,0.0,44,0.0,0.0
548593,post_auger55_p2,0.0,S,0.0,44,0.0,0.0
548689,post_auger55_p2,0.0,S,0.0,44,0.0,0.0
548785,post_auger55_p2,0.0,S,0.0,44,0.0,0.0
548881,post_auger55_p2,0.0,S,0.0,44,0.0,0.0
548977,post_auger55_p2,0.0,S,0.0,44,0.0,0.0
549073,post_auger55_p2,0.0,S,0.0,44,0.0,0.0
549168,post_auger55_p2,0.0,S,0.0,44,0.0,0.0
549262,post_auger55_p2,0.0,S,0.0,44,0.0,0.0
549358,post_auger55_p2,0.0,S,0.0,44,0.0,0.0
549454,post_auger55_p2,0.0,S,0.0,44,0.0,0.0
549550,post_auger55_p2,0.0,S,0.0,44,0.0,0.0
549646,post_auger55_p2,0.0,S,0.0,44,0.0,0.0
549742,post_auger55_p2,0.0,S,0.0,44,0.0,0.0
549837,post_auger55_p2,0.0,S,0.0,44,0.0,0.0
549933,post_auger55_p2,0.0,S,0.0,44,0.0,0.0
550029,post_auger55_p2,0.0,S,0.0,44,0.0,0.0
550125,post_auger55_p2,0.0,S,0.0,44,0.0,0.0
550219,post_auger55_p2,0.0,S,0.0,44,0.0,0.0
550315,post_auger55_p2,0.0,S,0.0,44,0.0,0.0
550410,post_auger55_p2,0.0,S,0.0,44,0.0,0.0
550506,post_auger55_p2,0.0,S,0.0,44,0.0,0.0
550602,post_auger55_p2,0.0,S,0.0,44,0.0,0.0
550698,post_auger55_p2,0.0,S,0.0,44,0.0,0.0
550794,post_auger55_p2,0.0,S,0.0,44,0.0,0.0
550890,post_auger55_p2,0.0,S,0.0,44,0.0,0.0
550986,post_auger55_p2,0.0,S,0.0,44,0.0,0.0
551079,post_auger55_p2,0.0,S,0.0,44,0.0,0.0
551175,post_auger55_p2,0.0,S,0.0,44,0.0,0.0
551271,post_auger55_p2,0.0,S,0.0,44,0.0,0.0
551367,post_auger55_p2,0.0,S,0.0,44,0.0,0.0
551463,post_auger55_p2,0.0,S,0.0,44,0.0,0.0
551559,post_auger55_p2,0.0,S,0.0,44,0.0,0.0
551655,post_auger55_p2,0.0,S,0.0,44,0.0,0.0
551750,post_auger55_p2,0.0,S,0.0,44,0.0,0.0
551846,post_auger55_p2,0.0,S,0.0,44,0.0,0.0
551940,post_auger55_p2,0.0,S,0.0,44,0.0,0.0
552036,post_auger55_p2,0.0,S,0.0,44,0.0,0.0
552132,post_auger55_p2,0.0,S,0.0,44,0.0,0.0
552228,post_auger55_p2,0.0,S,0.0,44,0.0,0.0
552323,post_auger55_p2,0.0,S,0.0,44,0.0,0.0
552419,post_auger55_p2,0.0,S,0.0,44,0.0,0.0
552515,post_auger55_p2,0.0,S,0.0,44,0.0,0.0
552611,post_auger55_p2,0.0,S,0.0,44,0.0,0.0
552707,post_auger55_p2,0.0,S,0.0,44,0.0,0.0
552801,post_auger55_p2,0.0,S,0.0,44,0.0,0.0
552897,post_auger55_p2,0.0,S,0.0,44,0.0,0.0
552992,post_auger55_p2,0.0,S,0.0,44,0.0,0.0
553088,post_auger55_p2,0.0,S,0.0,44,0.0,0.0
553184,post_auger55_p2,0.0,S,0.0,44,0.0,0.0
553280,post_auger55_p2,0.0,S,0.0,44,0.0,0.0
553376,post_auger55_p2,0.0,S,0.0,44,0.0,0.0
553472,post_auger55_p2,0.0,S,0.0,44,0.0,0.0
553567,post_auger55_p2,0.0,S,0.0,44,0.0,0.0
553663,post_auger55_p2,0.0,S,0.0,44,0.0,0.0
553757,post_auger55_p2,0.0,S,0.0,44,0.0,0.0
553853,post_auger55_p2,0.0,S,0.0,44,0.0,0.0
553949,post_auger55_p2,0.0,S,0.0,44,0.0,0.0
554045,auger30_p2,0.0,S,30.0,44,0.0,0.0
554141,auger30_p2,0.0,S,30.0,44,0.0,0.0
554236,auger30_p2,0.0,S,30.0,44,0.0,0.0
554332,auger30_p2,0.0,S,30.0,44,0.0,0.0
554428,auger30_p2,0.0,S,30.0,44,0.0,0.0
554524,auger30_p2,0.0,S,30.0,44,0.0,0.0
554618,auger30_p2,0.0,S,30.0,44,0.0,0.0
554714,auger30_p2,0.0,S,30.0,44,0.0,0.0
554821,auger30_p2,0.0,S,30.0,44,0.0,0.0
555001,auger30_p2,0.0,S,30.0,44,0.0,0.0
555097,auger30_p2,0.0,S,30.0,44,0.0,0.0
555193,auger30_p2,0.0,S,30.0,44,0.0,0.0
555289,auger30_p2,0.0,S,30.0,44,0.0,0.0
555385,auger30_p2,0.0,S,30.0,44,0.0,0.0
555478,auger30_p2,0.0,S,30.0,44,0.0,0.0
555574,auger30_p2,0.0,S,30.0,44,0.0,0.0
555670,auger30_p2,0.0,S,30.0,44,0.0,0.0
555766,auger30_p2,0.0,S,30.0,44,0.0,0.0
555862,auger30_p2,0.0,S,30.0,44,0.0,0.0
555958,auger30_p2,0.0,S,30.0,44,0.0,0.0
556053,auger30_p2,0.0,S,30.0,44,0.0,0.0
556149,auger30_p2,0.0,S,30.0,44,0.0,0.0
556245,auger30_p2,0.0,S,30.0,44,0.0,0.0
556341,auger30_p2,0.0,S,30.0,44,0.0,0.0
556435,auger30_p2,0.0,S,30.0,44,0.0,0.0
556531,auger30_p2,0.0,S,30.0,44,0.0,0.0
556626,auger30_p2,0.0,S,30.0,44,0.0,0.0
556722,auger30_p2,0.0,S,30.0,44,0.0,0.0
556818,auger30_p2,0.0,S,30.0,44,0.0,0.0
556914,auger30_p2,0.0,S,30.0,44,0.0,0.0
557010,auger30_p2,0.0,S,30.0,44,0.0,0.0
557106,auger30_p2,0.0,S,30.0,44,0.0,0.0
557202,auger30_p2,0.0,S,30.0,44,0.0,0.0
557295,auger30_p2,0.0,S,30.0,44,0.0,0.0
557391,auger30_p2,0.0,S,30.0,44,0.0,0.0
557487,auger30_p2,0.0,S,30.0,44,0.0,0.0
557583,auger30_p2,0.0,S,30.0,44,0.0,0.0
557679,auger30_p2,0.0,S,30.0,44,0.0,0.0
557775,auger30_p2,0.0,S,30.0,44,0.0,0.0
557871,auger30_p2,0.0,S,30.0,44,0.0,0.0
557967,auger30_p2,0.0,S,30.0,44,0.0,0.0
558062,auger30_p2,0.0,S,30.0,44,0.0,0.0
558156,auger30_p2,0.0,S,30.0,44,0.0,0.0
558252,auger30_p2,0.0,S,30.0,44,0.0,0.0
558348,auger30_p2,0.0,S,30.0,44,0.0,0.0
558444,auger30_p2,0.0,S,30.0,44,0.0,0.0
558539,auger30_p2,0.0,S,30.0,44,0.0,0.0
558635,auger30_p2,0.0,S,30.0,44,0.0,0.0
558731,auger30_p2,0.0,S,30.0,44,0.0,0.0
558827,auger30_p2,0.0,S,30.0,44,0.0,0.0
558923,auger30_p2,0.0,S,30.0,44,0.0,0.0
559017,auger30_p2,0.0,S,30.0,44,0.0,0.0
559113,auger30_p2,0.0,S,30.0,44,0.0,0.0
559208,auger30_p2,0.0,S,30.0,44,0.0,0.0
559304,auger30_p2,0.0,S,30.0,44,0.0,0.0
559400,auger30_p2,0.0,S,30.0,44,0.0,0.0
559496,auger30_p2,0.0,S,30.0,44,0.0,0.0
559592,auger30_p2,0.0,S,30.0,44,0.0,0.0
559688,auger30_p2,0.0,S,30.0,44,0.0,0.0
559784,auger30_p2,0.0,S,30.0,44,0.0,0.0
559879,auger30_p2,0.0,S,30.0,44,0.0,0.0
559973,auger30_p2,0.0,S,30.0,44,0.0,0.0
560069,auger30_p2,0.0,S,30.0,44,0.0,0.0
560165,auger30_p2,0.0,S,30.0,44,0.0,0.0
560261,auger30_p2,0.0,S,30.0,44,0.0,0.0
560357,auger30_p2,0.0,S,30.0,44,0.0,0.0
560452,auger30_p2,0.0,S,30.0,44,0.0,0.0
560548,auger30_p2,0.0,S,30.0,44,0.0,0.0
560644,auger30_p2,0.0,S,30.0,44,0.0,0.0
560740,auger30_p2,0.0,S,30.0,44,0.0,0.0
560834,auger30_p2,0.0,S,30.0,44,0.0,0.0
560930,auger30_p2,0.0,S,30.0,44,0.0,0.0
561026,auger30_p2,0.0,S,30.0,44,0.0,0.0
561121,auger30_p2,0.0,S,30.0,44,0.0,0.0
561217,auger30_p2,0.0,S,30.0,44,0.0,0.0
561313,auger30_p2,0.0,S,30.0,44,0.0,0.0
561409,auger30_p2,0.0,S,30.0,44,0.0,0.0
561505,auger30_p2,0.0,S,30.0,44,0.0,0.0
561600,auger30_p2,0.0,S,30.0,44,0.0,0.0
561695,auger30_p2,0.0,S,30.0,44,0.0,0.0
561790,auger30_p2,0.0,S,30.0,44,0.0,0.0
561886,auger30_p2,0.0,S,30.0,44,0.0,0.0
561982,auger30_p2,0.0,S,30.0,44,0.0,0.0
562078,auger30_p2,0.0,S,30.0,44,0.0,0.0
562174,auger30_p2,0.0,S,30.0,44,0.0,0.0
562270,auger30_p2,0.0,S,30.0,44,0.0,0.0
562365,auger30_p2,0.0,S,30.0,44,0.0,0.0
562461,auger30_p2,0.0,S,30.0,44,0.0,0.0
562557,auger30_p2,0.0,S,30.0,44,0.0,0.0
562651,auger30_p2,0.0,S,30.0,44,0.0,0.0
562747,auger30_p2,0.0,S,30.0,44,0.0,0.0
562843,auger30_p2,0.0,S,30.0,44,0.0,0.0
562938,auger30_p2,0.0,S,30.0,44,0.0,0.0
563034,auger30_p2,0.0,S,30.0,44,0.0,0.0
563130,auger30_p2,0.0,S,30.0,44,0.0,0.0
563226,auger30_p2,0.0,S,30.0,44,0.0,0.0
563322,auger30_p2,0.0,S,30.0,44,0.0,0.0
563418,auger30_p2,0.0,S,30.0,44,0.0,0.0
563512,auger30_p2,0.0,S,30.0,44,0.0,0.0
563607,auger30_p2,0.0,S,30.0,44,0.0,0.0
563703,auger30_p2,0.0,S,30.0,44,0.0,0.0
563799,auger30_p2,0.0,S,30.0,44,0.0,0.0
563895,auger30_p2,0.0,S,30.0,44,0.0,0.0
563991,auger30_p2,0.0,S,30.0,44,0.0,0.0
564087,auger30_p2,0.0,S,30.0,44,0.0,0.0
564182,auger30_p2,0.0,S,30.0,44,0.0,0.0
564278,auger30_p2,0.0,S,30.0,44,0.0,0.0
564372,auger30_p2,0.0,S,30.0,44,0.0,0.0
564468,auger30_p2,0.0,S,30.0,44,0.0,0.0
564564,auger30_p2,0.0,S,30.0,44,0.0,0.0
564660,auger30_p2,0.0,S,30.0,44,0.0,0.0
564755,auger30_p2,0.0,S,30.0,44,0.0,0.0
564851,auger30_p2,0.0,S,30.0,44,0.0,0.0
564947,auger30_p2,0.0,S,30.0,44,0.0,0.0
565043,auger30_p2,0.0,S,30.0,44,0.0,0.0
565139,auger30_p2,0.0,S,30.0,44,0.0,0.0
565233,auger30_p2,0.0,S,30.0,44,0.0,0.0
565329,auger30_p2,0.0,S,30.0,44,0.0,0.0
565424,auger30_p2,0.0,S,30.0,44,0.0,0.0
565520,auger30_p2,0.0,S,30.0,44,0.0,0.0
565616,auger30_p2,0.0,S,30.0,44,0.0,0.0
565712,auger30_p2,0.0,S,30.0,44,0.0,0.0
565808,auger30_p2,0.0,S,30.0,44,0.0,0.0
565904,auger30_p2,0.0,S,30.0,44,0.0,0.0
565999,auger30_p2,0.0,S,30.0,44,0.0,0.0
566095,auger30_p2,0.0,S,30.0,44,0.0,0.0
566189,auger30_p2,0.0,S,30.0,44,0.0,0.0
566285,auger30_p2,0.0,S,30.0,44,0.0,0.0
566477,auger30_p2,0.0,S,30.0,44,0.0,0.0
566573,auger30_p2,0.0,S,30.0,44,0.0,0.0
566668,auger30_p2,0.0,S,30.0,44,0.0,0.0
566764,auger30_p2,0.0,S,30.0,44,0.0,0.0
566860,auger30_p2,0.0,S,30.0,44,0.0,0.0
566956,auger30_p2,0.0,S,30.0,44,0.0,0.0
567050,auger30_p2,0.0,S,30.0,44,0.0,0.0
567146,auger30_p2,0.0,S,30.0,44,0.0,0.0
567241,auger30_p2,0.0,S,30.0,44,0.0,0.0
567337,auger30_p2,0.0,S,30.0,44,0.0,0.0
567433,auger30_p2,0.0,S,30.0,44,0.0,0.0
567529,auger30_p2,0.0,S,30.0,44,0.0,0.0
567625,auger30_p2,0.0,S,30.0,44,0.0,0.0
567721,auger30_p2,0.0,S,30.0,44,0.0,0.0
567817,auger30_p2,0.0,S,30.0,44,0.0,0.0
567910,auger30_p2,0.0,S,30.0,44,0.0,0.0
568006,auger30_p2,0.0,S,30.0,44,0.0,0.0
568102,auger30_p2,0.0,S,30.0,44,0.0,0.0
568198,auger30_p2,0.0,S,30.0,44,0.0,0.0
568294,auger30_p2,0.0,S,30.0,44,0.0,0.0
568390,auger30_p2,0.0,S,30.0,44,0.0,0.0
568485,auger30_p2,0.0,S,30.0,44,0.0,0.0
568581,auger30_p2,0.0,S,30.0,44,0.0,0.0
568677,auger30_p2,0.0,S,30.0,44,0.0,0.0
568773,auger30_p2,0.0,S,30.0,44,0.0,0.0
568867,auger30_p2,0.0,S,30.0,44,0.0,0.0
568963,auger30_p2,0.0,S,30.0,44,0.0,0.0
569059,post_auger30_p2,0.0,S,0.0,44,0.0,0.0
569154,post_auger30_p2,0.0,S,0.0,44,0.0,0.0
569250,post_auger30_p2,0.0,S,0.0,44,0.0,0.0
569346,post_auger30_p2,0.0,S,0.0,44,0.0,0.0
569442,post_auger30_p2,0.0,S,0.0,44,0.0,0.0
569538,post_auger30_p2,0.0,S,0.0,44,0.0,0.0
569634,post_auger30_p2,0.0,S,0.0,44,0.0,0.0
569727,post_auger30_p2,0.0,S,0.0,44,0.0,0.0
569823,post_auger30_p2,0.0,S,0.0,44,0.0,0.0
569919,post_auger30_p2,0.0,S,0.0,44,0.0,0.0
570015,post_auger30_p2,0.0,S,0.0,44,0.0,0.0
570111,post_auger30_p2,0.0,S,0.0,44,0.0,0.0
570207,post_auger30_p2,0.0,S,0.0,44,0.0,0.0
570302,post_auger30_p2,0.0,S,0.0,44,0.0,0.0
570398,post_auger30_p2,0.0,S,0.0,44,0.0,0.0
570494,post_auger30_p2,0.0,S,0.0,44,0.0,0.0
570588,post_auger30_p2,0.0,S,0.0,44,0.0,0.0
570684,post_auger30_p2,0.0,S,0.0,44,0.0,0.0
570780,post_auger30_p2,0.0,S,0.0,44,0.0,0.0
570876,post_auger30_p2,0.0,S,0.0,44,0.0,0.0
570971,post_auger30_p2,0.0,S,0.0,44,0.0,0.0
571067,post_auger30_p2,0.0,S,0.0,44,0.0,0.0
571163,post_auger30_p2,0.0,S,0.0,44,0.0,0.0
571259,post_auger30_p2,0.0,S,0.0,44,0.0,0.0
571355,post_auger30_p2,0.0,S,0.0,44,0.0,0.0
571449,post_auger30_p2,0.0,S,0.0,44,0.0,0.0
571545,post_auger30_p2,0.0,S,0.0,44,0.0,0.0
571640,post_auger30_p2,0.0,S,0.0,44,0.0,0.0
571736,post_auger30_p2,0.0,S,0.0,44,0.0,0.0
571832,post_auger30_p2,0.0,S,0.0,44,0.0,0.0
571928,post_auger30_p2,0.0,S,0.0,44,0.0,0.0
572024,post_auger30_p2,0.0,S,0.0,44,0.0,0.0
572120,post_auger30_p2,0.0,S,0.0,44,0.0,0.0
572215,post_auger30_p2,0.0,S,0.0,44,0.0,0.0
572311,post_auger30_p2,0.0,S,0.0,44,0.0,0.0
572405,post_auger30_p2,0.0,S,0.0,44,0.0,0.0
572501,post_auger30_p2,0.0,S,0.0,44,0.0,0.0
572597,post_auger30_p2,0.0,S,0.0,44,0.0,0.0
572693,post_auger30_p2,0.0,S,0.0,44,0.0,0.0
572789,post_auger30_p2,0.0,S,0.0,44,0.0,0.0
572885,post_auger30_p2,0.0,S,0.0,44,0.0,0.0
572980,post_auger30_p2,0.0,S,0.0,44,0.0,0.0
573076,post_auger30_p2,0.0,S,0.0,44,0.0,0.0
573172,post_auger30_p2,0.0,S,0.0,44,0.0,0.0
573266,post_auger30_p2,0.0,S,0.0,44,0.0,0.0
573362,post_auger30_p2,0.0,S,0.0,44,0.0,0.0
573458,post_auger30_p2,0.0,S,0.0,44,0.0,0.0
573553,post_auger30_p2,0.0,S,0.0,44,0.0,0.0
573649,post_auger30_p2,0.0,S,0.0,44,0.0,0.0
573745,post_auger30_p2,0.0,S,0.0,44,0.0,0.0
573841,post_auger30_p2,0.0,S,0.0,44,0.0,0.0
573937,post_auger30_p2,0.0,S,0.0,44,0.0,0.0
574033,post_auger30_p2,0.0,S,0.0,44,0.0,0.0
574127,post_auger30_p2,0.0,S,0.0,44,0.0,0.0
574222,post_auger30_p2,0.0,S,0.0,44,0.0,0.0
574318,post_auger30_p2,0.0,S,0.0,44,0.0,0.0
574414,post_auger30_p2,0.0,S,0.0,44,0.0,0.0
574510,post_auger30_p2,0.0,S,0.0,44,0.0,0.0
574606,post_auger30_p2,0.0,S,0.0,44,0.0,0.0
574702,post_auger30_p2,0.0,S,0.0,44,0.0,0.0
574797,post_auger30_p2,0.0,S,0.0,44,0.0,0.0
574893,post_auger30_p2,0.0,S,0.0,44,0.0,0.0
574989,post_auger30_p2,0.0,S,0.0,44,0.0,0.0
575083,post_auger30_p2,0.0,S,0.0,44,0.0,0.0
575179,post_auger30_p2,0.0,S,0.0,44,0.0,0.0
575275,post_auger30_p2,0.0,S,0.0,44,0.0,0.0
575370,post_auger30_p2,0.0,S,0.0,44,0.0,0.0
575466,post_auger30_p2,0.0,S,0.0,44,0.0,0.0
575562,post_auger30_p2,0.0,S,0.0,44,0.0,0.0
575658,post_auger30_p2,0.0,S,0.0,44,0.0,0.0
575754,post_auger30_p2,0.0,S,0.0,44,0.0,0.0
575850,post_auger30_p2,0.0,S,0.0,44,0.0,0.0
575944,post_auger30_p2,0.0,S,0.0,44,0.0,0.0
576039,post_auger30_p2,0.0,S,0.0,44,0.0,0.0
576135,post_auger30_p2,0.0,S,0.0,44,0.0,0.0
576231,post_auger30_p2,0.0,S,0.0,44,0.0,0.0
576327,post_auger30_p2,0.0,S,0.0,44,0.0,0.0
576423,post_auger30_p2,0.0,S,0.0,44,0.0,0.0
576519,post_auger30_p2,0.0,S,0.0,44,0.0,0.0
576614,post_auger30_p2,0.0,S,0.0,44,0.0,0.0
576710,post_auger30_p2,0.0,S,0.0,44,0.0,0.0
576804,post_auger30_p2,0.0,S,0.0,44,0.0,0.0
576900,post_auger30_p2,0.0,S,0.0,44,0.0,0.0
576996,post_auger30_p2,0.0,S,0.0,44,0.0,0.0
577092,post_auger30_p2,0.0,S,0.0,44,0.0,0.0
577188,post_auger30_p2,0.0,S,0.0,44,0.0,0.0
577283,post_auger30_p2,0.0,S,0.0,44,0.0,0.0
577379,post_auger30_p2,0.0,S,0.0,44,0.0,0.0
577475,post_auger30_p2,0.0,S,0.0,44,0.0,0.0
577571,post_auger30_p2,0.0,S,0.0,44,0.0,0.0
577665,post_auger30_p2,0.0,S,0.0,44,0.0,0.0
577761,post_auger30_p2,0.0,S,0.0,44,0.0,0.0
577856,post_auger30_p2,0.0,S,0.0,44,0.0,0.0
577952,post_auger30_p2,0.0,S,0.0,44,0.0,0.0
578048,post_auger30_p2,0.0,S,0.0,44,0.0,0.0
578144,post_auger30_p2,0.0,S,0.0,44,0.0,0.0
578245,post_auger30_p2,0.0,S,0.0,44,0.0,0.0
578336,post_auger30_p2,0.0,S,0.0,44,0.0,0.0
578432,post_auger30_p2,0.0,S,0.0,44,0.0,0.0
578527,post_auger30_p2,0.0,S,0.0,44,0.0,0.0
578621,post_auger30_p2,0.0,S,0.0,44,0.0,0.0
578717,post_auger30_p2,0.0,S,0.0,44,0.0,0.0
578813,post_auger30_p2,0.0,S,0.0,44,0.0,0.0
578909,post_auger30_p2,0.0,S,0.0,44,0.0,0.0
579005,post_auger30_p2,0.0,S,0.0,44,0.0,0.0
579100,post_auger30_p2,0.0,S,0.0,44,0.0,0.0
579196,post_auger30_p2,0.0,S,0.0,44,0.0,0.0
579292,post_auger30_p2,0.0,S,0.0,44,0.0,0.0
579388,post_auger30_p2,0.0,S,0.0,44,0.0,0.0
579482,post_auger30_p2,0.0,S,0.0,44,0.0,0.0
579578,post_auger30_p2,0.0,S,0.0,44,0.0,0.0
579674,post_auger30_p2,0.0,S,0.0,44,0.0,0.0
579770,post_auger30_p2,0.0,S,0.0,44,0.0,0.0
579865,post_auger30_p2,0.0,S,0.0,44,0.0,0.0
579961,post_auger30_p2,0.0,S,0.0,44,0.0,0.0
580057,post_auger30_p2,0.0,S,0.0,44,0.0,0.0
580153,post_auger30_p2,0.0,S,0.0,44,0.0,0.0
580249,post_auger30_p2,0.0,S,0.0,44,0.0,0.0
580342,post_auger30_p2,0.0,S,0.0,44,0.0,0.0
580438,post_auger30_p2,0.0,S,0.0,44,0.0,0.0
580534,post_auger30_p2,0.0,S,0.0,44,0.0,0.0
580630,post_auger30_p2,0.0,S,0.0,44,0.0,0.0
580726,post_auger30_p2,0.0,S,0.0,44,0.0,0.0
580822,post_auger30_p2,0.0,S,0.0,44,0.0,0.0
580918,post_auger30_p2,0.0,S,0.0,44,0.0,0.0
581013,post_auger30_p2,0.0,S,0.0,44,0.0,0.0
581109,post_auger30_p2,0.0,S,0.0,44,0.0,0.0
581205,post_auger30_p2,0.0,S,0.0,44,0.0,0.0
581299,post_auger30_p2,0.0,S,0.0,44,0.0,0.0
581395,post_auger30_p2,0.0,S,0.0,44,0.0,0.0
581491,post_auger30_p2,0.0,S,0.0,44,0.0,0.0
581586,post_auger30_p2,0.0,S,0.0,44,0.0,0.0
581682,post_auger30_p2,0.0,S,0.0,44,0.0,0.0
581778,post_auger30_p2,0.0,S,0.0,44,0.0,0.0
581874,post_auger30_p2,0.0,S,0.0,44,0.0,0.0
581970,post_auger30_p2,0.0,S,0.0,44,0.0,0.0
582066,post_auger30_p2,0.0,S,0.0,44,0.0,0.0
582159,post_auger30_p2,0.0,S,0.0,44,0.0,0.0
582255,post_auger30_p2,0.0,S,0.0,44,0.0,0.0
582351,post_auger30_p2,0.0,S,0.0,44,0.0,0.0
582447,post_auger30_p2,0.0,S,0.0,44,0.0,0.0
582543,post_auger30_p2,0.0,S,0.0,44,0.0,0.0
582639,post_auger30_p2,0.0,S,0.0,44,0.0,0.0
582735,post_auger30_p2,0.0,S,0.0,44,0.0,0.0
582831,post_auger30_p2,0.0,S,0.0,44,0.0,0.0
582927,post_auger30_p2,0.0,S,0.0,44,0.0,0.0
583020,post_auger30_p2,0.0,S,0.0,44,0.0,0.0
583116,post_auger30_p2,0.0,S,0.0,44,0.0,0.0
583212,post_auger30_p2,0.0,S,0.0,44,0.0,0.0
583308,post_auger30_p2,0.0,S,0.0,44,0.0,0.0
583404,post_auger30_p2,0.0,S,0.0,44,0.0,0.0
583500,post_auger30_p2,0.0,S,0.0,44,0.0,0.0
583595,post_auger30_p2,0.0,S,0.0,44,0.0,0.0
583691,post_auger30_p2,0.0,S,0.0,44,0.0,0.0
583787,post_auger30_p2,0.0,S,0.0,44,0.0,0.0
583881,post_auger30_p2,0.0,S,0.0,44,0.0,0.0
583977,post_auger30_p2,0.0,S,0.0,44,0.0,0.0
584073,auger15_p2,0.0,S,15.0,44,0.0,0.0
584168,auger15_p2,0.0,S,15.0,44,0.0,0.0
584264,auger15_p2,0.0,S,15.0,44,0.0,0.0
584360,auger15_p2,0.0,S,15.0,44,0.0,0.0
584456,auger15_p2,0.0,S,15.0,44,0.0,0.0
584552,auger15_p2,0.0,S,15.0,44,0.0,0.0
584648,auger15_p2,0.0,S,15.0,44,0.0,0.0
584743,auger15_p2,0.0,S,15.0,44,0.0,0.0
584837,auger15_p2,0.0,S,15.0,44,0.0,0.0
584933,auger15_p2,0.0,S,15.0,44,0.0,0.0
585029,auger15_p2,0.0,S,15.0,44,0.0,0.0
585125,auger15_p2,0.0,S,15.0,44,0.0,0.0
585221,auger15_p2,0.0,S,15.0,44,0.0,0.0
585316,auger15_p2,0.0,S,15.0,44,0.0,0.0
585412,auger15_p2,0.0,S,15.0,44,0.0,0.0
585508,auger15_p2,0.0,S,15.0,44,0.0,0.0
585604,auger15_p2,0.0,S,15.0,44,0.0,0.0
585698,auger15_p2,0.0,S,15.0,44,0.0,0.0
585794,auger15_p2,0.0,S,15.0,44,0.0,0.0
585890,auger15_p2,0.0,S,15.0,44,0.0,0.0
585985,auger15_p2,0.0,S,15.0,44,0.0,0.0
586081,auger15_p2,0.0,S,15.0,44,0.0,0.0
586177,auger15_p2,0.0,S,15.0,44,0.0,0.0
586273,auger15_p2,0.0,S,15.0,44,0.0,0.0
586369,auger15_p2,0.0,S,15.0,44,0.0,0.0
586465,auger15_p2,0.0,S,15.0,44,0.0,0.0
586559,auger15_p2,0.0,S,15.0,44,0.0,0.0
586654,auger15_p2,0.0,S,15.0,44,0.0,0.0
586750,auger15_p2,0.0,S,15.0,44,0.0,0.0
586846,auger15_p2,0.0,S,15.0,44,0.0,0.0
586942,auger15_p2,0.0,S,15.0,44,0.0,0.0
587038,auger15_p2,0.0,S,15.0,44,0.0,0.0
587134,auger15_p2,0.0,S,15.0,44,0.0,0.0
587229,auger15_p2,0.0,S,15.0,44,0.0,0.0
587325,auger15_p2,0.0,S,15.0,44,0.0,0.0
587419,auger15_p2,0.0,S,15.0,44,0.0,0.0
587515,auger15_p2,0.0,S,15.0,44,0.0,0.0
587611,auger15_p2,0.0,S,15.0,44,0.0,0.0
587707,auger15_p2,0.0,S,15.0,44,0.0,0.0
587802,auger15_p2,0.0,S,15.0,44,0.0,0.0
587898,auger15_p2,0.0,S,15.0,44,0.0,0.0
587994,auger15_p2,0.0,S,15.0,44,0.0,0.0
588090,auger15_p2,0.0,S,15.0,44,0.0,0.0
588186,auger15_p2,0.0,S,15.0,44,0.0,0.0
588282,auger15_p2,0.0,S,15.0,44,0.0,0.0
588376,auger15_p2,0.0,S,15.0,44,0.0,0.0
588471,auger15_p2,0.0,S,15.0,44,0.0,0.0
588567,auger15_p2,0.0,S,15.0,44,0.0,0.0
588663,auger15_p2,0.0,S,15.0,44,0.0,0.0
588759,auger15_p2,0.0,S,15.0,44,0.0,0.0
588855,auger15_p2,0.0,S,15.0,44,0.0,0.0
588951,auger15_p2,0.0,S,15.0,44,0.0,0.0
589046,auger15_p2,0.0,S,15.0,44,0.0,0.0
589142,auger15_p2,0.0,S,15.0,44,0.0,0.0
589236,auger15_p2,0.0,S,15.0,44,0.0,0.0
589332,auger15_p2,0.0,S,15.0,44,0.0,0.0
589428,auger15_p2,0.0,S,15.0,44,0.0,0.0
589524,auger15_p2,0.0,S,15.0,44,0.0,0.0
589620,auger15_p2,0.0,S,15.0,44,0.0,0.0
589715,auger15_p2,0.0,S,15.0,44,0.0,0.0
589811,auger15_p2,0.0,S,15.0,44,0.0,0.0
589907,auger15_p2,0.0,S,15.0,44,0.0,0.0
590097,auger15_p2,0.0,S,15.0,44,0.0,0.0
590193,auger15_p2,0.0,S,15.0,44,0.0,0.0
590289,auger15_p2,0.0,S,15.0,44,0.0,0.0
590384,auger15_p2,0.0,S,15.0,44,0.0,0.0
590480,auger15_p2,0.0,S,15.0,44,0.0,0.0
590576,auger15_p2,0.0,S,15.0,44,0.0,0.0
590672,auger15_p2,0.0,S,15.0,44,0.0,0.0
590768,auger15_p2,0.0,S,15.0,44,0.0,0.0
590864,auger15_p2,0.0,S,15.0,44,0.0,0.0
590959,auger15_p2,0.0,S,15.0,44,0.0,0.0
591053,auger15_p2,0.0,S,15.0,44,0.0,0.0
591149,auger15_p2,0.0,S,15.0,44,0.0,0.0
591245,auger15_p2,0.0,S,15.0,44,0.0,0.0
591341,auger15_p2,0.0,S,15.0,44,0.0,0.0
591437,auger15_p2,0.0,S,15.0,44,0.0,0.0
591533,auger15_p2,0.0,S,15.0,44,0.0,0.0
591628,auger15_p2,0.0,S,15.0,44,0.0,0.0
591724,auger15_p2,0.0,S,15.0,44,0.0,0.0
591820,auger15_p2,0.0,S,15.0,44,0.0,0.0
591914,auger15_p2,0.0,S,15.0,44,0.0,0.0
592010,auger15_p2,0.0,S,15.0,44,0.0,0.0
592106,auger15_p2,0.0,S,15.0,44,0.0,0.0
592201,auger15_p2,0.0,S,15.0,44,0.0,0.0
592298,auger15_p2,0.0,S,15.0,44,0.0,0.0
592393,auger15_p2,0.0,S,15.0,44,0.0,0.0
592489,auger15_p2,0.0,S,15.0,44,0.0,0.0
592585,auger15_p2,0.0,S,15.0,44,0.0,0.0
592681,auger15_p2,0.0,S,15.0,44,0.0,0.0
592774,auger15_p2,0.0,S,15.0,44,0.0,0.0
592870,auger15_p2,0.0,S,15.0,44,0.0,0.0
592966,auger15_p2,0.0,S,15.0,44,0.0,0.0
593062,auger15_p2,0.0,S,15.0,44,0.0,0.0
593158,auger15_p2,0.0,S,15.0,44,0.0,0.0
593254,auger15_p2,0.0,S,15.0,44,0.0,0.0
593350,auger15_p2,0.0,S,15.0,44,0.0,0.0
593445,auger15_p2,0.0,S,15.0,44,0.0,0.0
593541,auger15_p2,0.0,S,15.0,44,0.0,0.0
593635,auger15_p2,0.0,S,15.0,44,0.0,0.0
593731,auger15_p2,0.0,S,15.0,44,0.0,0.0
593827,auger15_p2,0.0,S,15.0,44,0.0,0.0
593923,auger15_p2,0.0,S,15.0,44,0.0,0.0
594019,auger15_p2,0.0,S,15.0,44,0.0,0.0
594114,auger15_p2,0.0,S,15.0,44,0.0,0.0
594210,auger15_p2,0.0,S,15.0,44,0.0,0.0
594306,auger15_p2,0.0,S,15.0,44,0.0,0.0
594402,auger15_p2,0.0,S,15.0,44,0.0,0.0
594498,auger15_p2,0.0,S,15.0,44,0.0,0.0
594592,auger15_p2,0.0,S,15.0,44,0.0,0.0
594687,auger15_p2,0.0,S,15.0,44,0.0,0.0
594783,auger15_p2,0.0,S,15.0,44,0.0,0.0
594879,auger15_p2,0.0,S,15.0,44,0.0,0.0
594975,auger15_p2,0.0,S,15.0,44,0.0,0.0
595071,auger15_p2,0.0,S,15.0,44,0.0,0.0
595167,auger15_p2,0.0,S,15.0,44,0.0,0.0
595262,auger15_p2,0.0,S,15.0,44,0.0,0.0
595358,auger15_p2,0.0,S,15.0,44,0.0,0.0
595452,auger15_p2,0.0,S,15.0,44,0.0,0.0
595548,auger15_p2,0.0,S,15.0,44,0.0,0.0
595644,auger15_p2,0.0,S,15.0,44,0.0,0.0
595740,auger15_p2,0.0,S,15.0,44,0.0,0.0
595836,auger15_p2,0.0,S,15.0,44,0.0,0.0
595931,auger15_p2,0.0,S,15.0,44,0.0,0.0
596027,auger15_p2,0.0,S,15.0,44,0.0,0.0
596123,auger15_p2,0.0,S,15.0,44,0.0,0.0
596219,auger15_p2,0.0,S,15.0,44,0.0,0.0
596313,auger15_p2,0.0,S,15.0,44,0.0,0.0
596409,auger15_p2,0.0,S,15.0,44,0.0,0.0
596505,auger15_p2,0.0,S,15.0,44,0.0,0.0
596600,auger15_p2,0.0,S,15.0,44,0.0,0.0
596696,auger15_p2,0.0,S,15.0,44,0.0,0.0
596792,auger15_p2,0.0,S,15.0,44,0.0,0.0
596888,auger15_p2,0.0,S,15.0,44,0.0,0.0
596984,auger15_p2,0.0,S,15.0,44,0.0,0.0
597080,auger15_p2,0.0,S,15.0,44,0.0,0.0
597176,auger15_p2,0.0,S,15.0,44,0.0,0.0
597269,auger15_p2,0.0,S,15.0,44,0.0,0.0
597365,auger15_p2,0.0,S,15.0,44,0.0,0.0
597461,auger15_p2,0.0,S,15.0,44,0.0,0.0
597557,auger15_p2,0.0,S,15.0,44,0.0,0.0
597653,auger15_p2,0.0,S,15.0,44,0.0,0.0
597749,auger15_p2,0.0,S,15.0,44,0.0,0.0
597844,auger15_p2,0.0,S,15.0,44,0.0,0.0
597940,auger15_p2,0.0,S,15.0,44,0.0,0.0
598036,auger15_p2,0.0,S,15.0,44,0.0,0.0
598130,auger15_p2,0.0,S,15.0,44,0.0,0.0
598226,auger15_p2,0.0,S,15.0,44,0.0,0.0
598322,auger15_p2,0.0,S,15.0,44,0.0,0.0
598417,auger15_p2,0.0,S,15.0,44,0.0,0.0
598513,auger15_p2,0.0,S,15.0,44,0.0,0.0
598609,auger15_p2,0.0,S,15.0,44,0.0,0.0
598705,auger15_p2,0.0,S,15.0,44,0.0,0.0
598801,auger15_p2,0.0,S,15.0,44,0.0,0.0
598897,auger15_p2,0.0,S,15.0,44,0.0,0.0
598991,auger15_p2,0.0,S,15.0,44,0.0,0.0
599086,post_auger15_p2,0.0,S,0.0,44,0.0,0.0
599182,post_auger15_p2,0.0,S,0.0,44,0.0,0.0
599278,post_auger15_p2,0.0,S,0.0,44,0.0,0.0
599374,post_auger15_p2,0.0,S,0.0,44,0.0,0.0
599470,post_auger15_p2,0.0,S,0.0,44,0.0,0.0
599566,post_auger15_p2,0.0,S,0.0,44,0.0,0.0
599661,post_auger15_p2,0.0,S,0.0,44,0.0,0.0
599757,post_auger15_p2,0.0,S,0.0,44,0.0,0.0
599851,post_auger15_p2,0.0,S,0.0,44,0.0,0.0
599947,post_auger15_p2,0.0,S,0.0,44,0.0,0.0
600043,post_auger15_p2,0.0,S,0.0,44,0.0,0.0
600139,post_auger15_p2,0.0,S,0.0,44,0.0,0.0
600235,post_auger15_p2,0.0,S,0.0,44,0.0,0.0
600330,post_auger15_p2,0.0,S,0.0,44,0.0,0.0
600426,post_auger15_p2,0.0,S,0.0,44,0.0,0.0
600522,post_auger15_p2,0.0,S,0.0,44,0.0,0.0
600618,post_auger15_p2,0.0,S,0.0,44,0.0,0.0
600714,post_auger15_p2,0.0,S,0.0,44,0.0,0.0
600808,post_auger15_p2,0.0,S,0.0,44,0.0,0.0
600903,post_auger15_p2,0.0,S,0.0,44,0.0,0.0
600999,post_auger15_p2,0.0,S,0.0,44,0.0,0.0
601095,post_auger15_p2,0.0,S,0.0,44,0.0,0.0
601191,post_auger15_p2,0.0,S,0.0,44,0.0,0.0
601287,post_auger15_p2,0.0,S,0.0,44,0.0,0.0
601383,post_auger15_p2,0.0,S,0.0,44,0.0,0.0
601479,post_auger15_p2,0.0,S,0.0,44,0.0,0.0
601580,post_auger15_p2,0.0,S,0.0,44,0.0,0.0
601668,post_auger15_p2,0.0,S,0.0,44,0.0,0.0
601764,post_auger15_p2,0.0,S,0.0,44,0.0,0.0
601860,post_auger15_p2,0.0,S,0.0,44,0.0,0.0
601956,post_auger15_p2,0.0,S,0.0,44,0.0,0.0
602052,post_auger15_p2,0.0,S,0.0,44,0.0,0.0
602147,post_auger15_p2,0.0,S,0.0,44,0.0,0.0
602243,post_auger15_p2,0.0,S,0.0,44,0.0,0.0
602339,post_auger15_p2,0.0,S,0.0,44,0.0,0.0
602435,post_auger15_p2,0.0,S,0.0,44,0.0,0.0
602529,post_auger15_p2,0.0,S,0.0,44,0.0,0.0
602625,post_auger15_p2,0.0,S,0.0,44,0.0,0.0
602721,post_auger15_p2,0.0,S,0.0,44,0.0,0.0
602817,post_auger15_p2,0.0,S,0.0,44,0.0,0.0
602912,post_auger15_p2,0.0,S,0.0,44,0.0,0.0
603008,post_auger15_p2,0.0,S,0.0,44,0.0,0.0
603104,post_auger15_p2,0.0,S,0.0,44,0.0,0.0
603200,post_auger15_p2,0.0,S,0.0,44,0.0,0.0
603296,post_auger15_p2,0.0,S,0.0,44,0.0,0.0
603391,post_auger15_p2,0.0,S,0.0,44,0.0,0.0
603486,post_auger15_p2,0.0,S,0.0,44,0.0,0.0
603581,post_auger15_p2,0.0,S,0.0,44,0.0,0.0
603677,post_auger15_p2,0.0,S,0.0,44,0.0,0.0
603773,post_auger15_p2,0.0,S,0.0,44,0.0,0.0
603869,post_auger15_p2,0.0,S,0.0,44,0.0,0.0
603965,post_auger15_p2,0.0,S,0.0,44,0.0,0.0
604061,post_auger15_p2,0.0,S,0.0,44,0.0,0.0
604156,post_auger15_p2,0.0,S,0.0,44,0.0,0.0
604252,post_auger15_p2,0.0,S,0.0,44,0.0,0.0
604346,post_auger15_p2,0.0,S,0.0,44,0.0,0.0
604442,post_auger15_p2,0.0,S,0.0,44,0.0,0.0
604538,post_auger15_p2,0.0,S,0.0,44,0.0,0.0
604633,post_auger15_p2,0.0,S,0.0,44,0.0,0.0
604729,post_auger15_p2,0.0,S,0.0,44,0.0,0.0
604825,post_auger15_p2,0.0,S,0.0,44,0.0,0.0
604921,post_auger15_p2,0.0,S,0.0,44,0.0,0.0
605017,post_auger15_p2,0.0,S,0.0,44,0.0,0.0
605113,post_auger15_p2,0.0,S,0.0,44,0.0,0.0
605207,post_auger15_p2,0.0,S,0.0,44,0.0,0.0
605302,post_auger15_p2,0.0,S,0.0,44,0.0,0.0
605398,post_auger15_p2,0.0,S,0.0,44,0.0,0.0
605494,post_auger15_p2,0.0,S,0.0,44,0.0,0.0
605590,post_auger15_p2,0.0,S,0.0,44,0.0,0.0
605686,post_auger15_p2,0.0,S,0.0,44,0.0,0.0
605782,post_auger15_p2,0.0,S,0.0,44,0.0,0.0
605877,post_auger15_p2,0.0,S,0.0,44,0.0,0.0
605974,post_auger15_p2,0.0,S,0.0,44,0.0,0.0
606067,post_auger15_p2,0.0,S,0.0,44,0.0,0.0
606163,post_auger15_p2,0.0,S,0.0,44,0.0,0.0
606259,post_auger15_p2,0.0,S,0.0,44,0.0,0.0
606355,post_auger15_p2,0.0,S,0.0,44,0.0,0.0
606451,post_auger15_p2,0.0,S,0.0,44,0.0,0.0
606547,post_auger15_p2,0.0,S,0.0,44,0.0,0.0
606642,post_auger15_p2,0.0,S,0.0,44,0.0,0.0
606738,post_auger15_p2,0.0,S,0.0,44,0.0,0.0
606834,post_auger15_p2,0.0,S,0.0,44,0.0,0.0
606930,post_auger15_p2,0.0,S,0.0,44,0.0,0.0
607024,post_auger15_p2,0.0,S,0.0,44,0.0,0.0
607120,post_auger15_p2,0.0,S,0.0,44,0.0,0.0
607215,post_auger15_p2,0.0,S,0.0,44,0.0,0.0
607311,post_auger15_p2,0.0,S,0.0,44,0.0,0.0
607407,post_auger15_p2,0.0,S,0.0,44,0.0,0.0
607503,post_auger15_p2,0.0,S,0.0,44,0.0,0.0
607599,post_auger15_p2,0.0,S,0.0,44,0.0,0.0
607695,post_auger15_p2,0.0,S,0.0,44,0.0,0.0
607790,post_auger15_p2,0.0,S,0.0,44,0.0,0.0
607884,post_auger15_p2,0.0,S,0.0,44,0.0,0.0
607980,post_auger15_p2,0.0,S,0.0,44,0.0,0.0
608076,post_auger15_p2,0.0,S,0.0,44,0.0,0.0
608172,post_auger15_p2,0.0,S,0.0,44,0.0,0.0
608268,post_auger15_p2,0.0,S,0.0,44,0.0,0.0
608364,post_auger15_p2,0.0,S,0.0,44,0.0,0.0
608459,post_auger15_p2,0.0,S,0.0,44,0.0,0.0
608555,post_auger15_p2,0.0,S,0.0,44,0.0,0.0
608651,post_auger15_p2,0.0,S,0.0,44,0.0,0.0
608745,post_auger15_p2,0.0,S,0.0,44,0.0,0.0
608841,post_auger15_p2,0.0,S,0.0,44,0.0,0.0
608937,post_auger15_p2,0.0,S,0.0,44,0.0,0.0
609033,post_auger15_p2,0.0,S,0.0,44,0.0,0.0
609128,post_auger15_p2,0.0,S,0.0,44,0.0,0.0
609224,post_auger15_p2,0.0,S,0.0,44,0.0,0.0
609320,post_auger15_p2,0.0,S,0.0,44,0.0,0.0
609416,post_auger15_p2,0.0,S,0.0,44,0.0,0.0
609512,post_auger15_p2,0.0,S,0.0,44,0.0,0.0
609608,post_auger15_p2,0.0,S,0.0,44,0.0,0.0
609701,post_auger15_p2,0.0,S,0.0,44,0.0,0.0
609797,post_auger15_p2,0.0,S,0.0,44,0.0,0.0
609893,post_auger15_p2,0.0,S,0.0,44,0.0,0.0
609989,post_auger15_p2,0.0,S,0.0,44,0.0,0.0
610085,post_auger15_p2,0.0,S,0.0,44,0.0,0.0
610181,post_auger15_p2,0.0,S,0.0,44,0.0,0.0
610276,post_auger15_p2,0.0,S,0.0,44,0.0,0.0
610372,post_auger15_p2,0.0,S,0.0,44,0.0,0.0
610468,post_auger15_p2,0.0,S,0.0,44,0.0,0.0
610562,post_auger15_p2,0.0,S,0.0,44,0.0,0.0
610658,post_auger15_p2,0.0,S,0.0,44,0.0,0.0
610754,post_auger15_p2,0.0,S,0.0,44,0.0,0.0
610850,post_auger15_p2,0.0,S,0.0,44,0.0,0.0
610945,post_auger15_p2,0.0,S,0.0,44,0.0,0.0
611041,post_auger15_p2,0.0,S,0.0,44,0.0,0.0
611137,post_auger15_p2,0.0,S,0.0,44,0.0,0.0
611233,post_auger15_p2,0.0,S,0.0,44,0.0,0.0
611329,post_auger15_p2,0.0,S,0.0,44,0.0,0.0
611423,post_auger15_p2,0.0,S,0.0,44,0.0,0.0
611518,post_auger15_p2,0.0,S,0.0,44,0.0,0.0
611614,post_auger15_p2,0.0,S,0.0,44,0.0,0.0
611710,post_auger15_p2,0.0,S,0.0,44,0.0,0.0
611806,post_auger15_p2,0.0,S,0.0,44,0.0,0.0
611902,post_auger15_p2,0.0,S,0.0,44,0.0,0.0
611998,post_auger15_p2,0.0,S,0.0,44,0.0,0.0
612094,post_auger15_p2,0.0,S,0.0,44,0.0,0.0
612189,post_auger15_p2,0.0,S,0.0,44,0.0,0.0
612283,post_auger15_p2,0.0,S,0.0,44,0.0,0.0
612379,post_auger15_p2,0.0,S,0.0,44,0.0,0.0
612475,post_auger15_p2,0.0,S,0.0,44,0.0,0.0
612571,post_auger15_p2,0.0,S,0.0,44,0.0,0.0
612667,post_auger15_p2,0.0,S,0.0,44,0.0,0.0
612762,post_auger15_p2,0.0,S,0.0,44,0.0,0.0
612858,post_auger15_p2,0.0,S,0.0,44,0.0,0.0
612954,post_auger15_p2,0.0,S,0.0,44,0.0,0.0
613050,post_auger15_p2,0.0,S,0.0,44,0.0,0.0
613146,post_auger15_p2,0.0,S,0.0,44,0.0,0.0
613240,post_auger15_p2,0.0,S,0.0,44,0.0,0.0
613336,post_auger15_p2,0.0,S,0.0,44,0.0,0.0
613432,post_auger15_p2,0.0,S,0.0,44,0.0,0.0
613527,post_auger15_p2,0.0,S,0.0,44,0.0,0.0
613635,post_auger15_p2,0.0,S,0.0,44,0.0,0.0
613815,post_auger15_p2,0.0,S,0.0,44,0.0,0.0
613911,post_auger15_p2,0.0,S,0.0,44,0.0,0.0
614006,post_auger15_p2,0.0,S,0.0,44,0.0,0.0
614101,quiet_mid3,0.0,S,0.0,44,0.0,0.0
614196,quiet_mid3,0.0,S,0.0,44,0.0,0.0
614292,quiet_mid3,0.0,S,0.0,44,0.0,0.0
614388,quiet_mid3,0.0,S,0.0,44,0.0,0.0
614484,quiet_mid3,0.0,S,0.0,44,0.0,0.0
614579,quiet_mid3,0.0,S,0.0,44,0.0,0.0
614675,quiet_mid3,0.0,S,0.0,44,0.0,0.0
614771,quiet_mid3,0.0,S,0.0,44,0.0,0.0
614867,quiet_mid3,0.0,S,0.0,44,0.0,0.0
614961,quiet_mid3,0.0,S,0.0,44,0.0,0.0
615057,quiet_mid3,0.0,S,0.0,44,0.0,0.0
615153,quiet_mid3,0.0,S,0.0,44,0.0,0.0
615248,quiet_mid3,0.0,S,0.0,44,0.0,0.0
615344,quiet_mid3,0.0,S,0.0,44,0.0,0.0
615440,quiet_mid3,0.0,S,0.0,44,0.0,0.0
615536,quiet_mid3,0.0,S,0.0,44,0.0,0.0
615632,quiet_mid3,0.0,S,0.0,44,0.0,0.0
615728,quiet_mid3,0.0,S,0.0,44,0.0,0.0
615822,quiet_mid3,0.0,S,0.0,44,0.0,0.0
615917,quiet_mid3,0.0,S,0.0,44,0.0,0.0
616013,quiet_mid3,0.0,S,0.0,44,0.0,0.0
616109,quiet_mid3,0.0,S,0.0,44,0.0,0.0
616205,quiet_mid3,0.0,S,0.0,44,0.0,0.0
616301,quiet_mid3,0.0,S,0.0,44,0.0,0.0
616397,quiet_mid3,0.0,S,0.0,44,0.0,0.0
616493,quiet_mid3,0.0,S,0.0,44,0.0,0.0
616588,quiet_mid3,0.0,S,0.0,44,0.0,0.0
616684,quiet_mid3,0.0,S,0.0,44,0.0,0.0
616778,quiet_mid3,0.0,S,0.0,44,0.0,0.0
616874,quiet_mid3,0.0,S,0.0,44,0.0,0.0
616970,quiet_mid3,0.0,S,0.0,44,0.0,0.0
617066,quiet_mid3,0.0,S,0.0,44,0.0,0.0
617162,quiet_mid3,0.0,S,0.0,44,0.0,0.0
617257,quiet_mid3,0.0,S,0.0,44,0.0,0.0
617353,quiet_mid3,0.0,S,0.0,44,0.0,0.0
617449,quiet_mid3,0.0,S,0.0,44,0.0,0.0
617545,quiet_mid3,0.0,S,0.0,44,0.0,0.0
617639,quiet_mid3,0.0,S,0.0,44,0.0,0.0
617735,quiet_mid3,0.0,S,0.0,44,0.0,0.0
617830,quiet_mid3,0.0,S,0.0,44,0.0,0.0
617926,quiet_mid3,0.0,S,0.0,44,0.0,0.0
618022,quiet_mid3,0.0,S,0.0,44,0.0,0.0
618118,quiet_mid3,0.0,S,0.0,44,0.0,0.0
618214,quiet_mid3,0.0,S,0.0,44,0.0,0.0
618310,quiet_mid3,0.0,S,0.0,44,0.0,0.0
618406,quiet_mid3,0.0,S,0.0,44,0.0,0.0
618499,quiet_mid3,0.0,S,0.0,44,0.0,0.0
618595,quiet_mid3,0.0,S,0.0,44,0.0,0.0
618691,quiet_mid3,0.0,S,0.0,44,0.0,0.0
618787,quiet_mid3,0.0,S,0.0,44,0.0,0.0
618883,quiet_mid3,0.0,S,0.0,44,0.0,0.0
618978,quiet_mid3,0.0,S,0.0,44,0.0,0.0
619074,quiet_mid3,0.0,S,0.0,44,0.0,0.0
619170,quiet_mid3,0.0,S,0.0,44,0.0,0.0
619266,quiet_mid3,0.0,S,0.0,44,0.0,0.0
619362,quiet_mid3,0.0,S,0.0,44,0.0,0.0
619456,quiet_mid3,0.0,S,0.0,44,0.0,0.0
619552,quiet_mid3,0.0,S,0.0,44,0.0,0.0
619647,quiet_mid3,0.0,S,0.0,44,0.0,0.0
619743,quiet_mid3,0.0,S,0.0,44,0.0,0.0
619839,quiet_mid3,0.0,S,0.0,44,0.0,0.0
619935,quiet_mid3,0.0,S,0.0,44,0.0,0.0
620031,quiet_mid3,0.0,S,0.0,44,0.0,0.0
620127,quiet_mid3,0.0,S,0.0,44,0.0,0.0
620223,quiet_mid3,0.0,S,0.0,44,0.0,0.0
620316,quiet_mid3,0.0,S,0.0,44,0.0,0.0
620412,quiet_mid3,0.0,S,0.0,44,0.0,0.0
620508,quiet_mid3,0.0,S,0.0,44,0.0,0.0
620604,quiet_mid3,0.0,S,0.0,44,0.0,0.0
620700,quiet_mid3,0.0,S,0.0,44,0.0,0.0
620796,quiet_mid3,0.0,S,0.0,44,0.0,0.0
620891,quiet_mid3,0.0,S,0.0,44,0.0,0.0
620987,quiet_mid3,0.0,S,0.0,44,0.0,0.0
621083,quiet_mid3,0.0,S,0.0,44,0.0,0.0
621177,quiet_mid3,0.0,S,0.0,44,0.0,0.0
621273,quiet_mid3,0.0,S,0.0,44,0.0,0.0
621369,quiet_mid3,0.0,S,0.0,44,0.0,0.0
621465,quiet_mid3,0.0,S,0.0,44,0.0,0.0
621560,quiet_mid3,0.0,S,0.0,44,0.0,0.0
621656,quiet_mid3,0.0,S,0.0,44,0.0,0.0
621752,quiet_mid3,0.0,S,0.0,44,0.0,0.0
621848,quiet_mid3,0.0,S,0.0,44,0.0,0.0
621944,quiet_mid3,0.0,S,0.0,44,0.0,0.0
622038,quiet_mid3,0.0,S,0.0,44,0.0,0.0
622133,quiet_mid3,0.0,S,0.0,44,0.0,0.0
622229,quiet_mid3,0.0,S,0.0,44,0.0,0.0
622325,quiet_mid3,0.0,S,0.0,44,0.0,0.0
622421,quiet_mid3,0.0,S,0.0,44,0.0,0.0
622517,quiet_mid3,0.0,S,0.0,44,0.0,0.0
622613,quiet_mid3,0.0,S,0.0,44,0.0,0.0
622708,quiet_mid3,0.0,S,0.0,44,0.0,0.0
622804,quiet_mid3,0.0,S,0.0,44,0.0,0.0
622900,quiet_mid3,0.0,S,0.0,44,0.0,0.0
622994,quiet_mid3,0.0,S,0.0,44,0.0,0.0
623090,quiet_mid3,0.0,S,0.0,44,0.0,0.0
623186,quiet_mid3,0.0,S,0.0,44,0.0,0.0
623282,quiet_mid3,0.0,S,0.0,44,0.0,0.0
623377,quiet_mid3,0.0,S,0.0,44,0.0,0.0
623473,quiet_mid3,0.0,S,0.0,44,0.0,0.0
623569,quiet_mid3,0.0,S,0.0,44,0.0,0.0
623665,quiet_mid3,0.0,S,0.0,44,0.0,0.0
623761,quiet_mid3,0.0,S,0.0,44,0.0,0.0
623855,quiet_mid3,0.0,S,0.0,44,0.0,0.0
623950,quiet_mid3,0.0,S,0.0,44,0.0,0.0
624046,quiet_mid3,0.0,S,0.0,44,0.0,0.0
624142,quiet_mid3,0.0,S,0.0,44,0.0,0.0
624238,quiet_mid3,0.0,S,0.0,44,0.0,0.0
624334,quiet_mid3,0.0,S,0.0,44,0.0,0.0
624430,quiet_mid3,0.0,S,0.0,44,0.0,0.0
624526,quiet_mid3,0.0,S,0.0,44,0.0,0.0
624621,quiet_mid3,0.0,S,0.0,44,0.0,0.0
624715,quiet_mid3,0.0,S,0.0,44,0.0,0.0
624811,quiet_mid3,0.0,S,0.0,44,0.0,0.0
624907,quiet_mid3,0.0,S,0.0,44,0.0,0.0
625003,quiet_mid3,0.0,S,0.0,44,0.0,0.0
625099,quiet_mid3,0.0,S,0.0,44,0.0,0.0
625194,quiet_mid3,0.0,S,0.0,44,0.0,0.0
625290,quiet_mid3,0.0,S,0.0,44,0.0,0.0
625386,quiet_mid3,0.0,S,0.0,44,0.0,0.0
625482,quiet_mid3,0.0,S,0.0,44,0.0,0.0
625578,quiet_mid3,0.0,S,0.0,44,0.0,0.0
625672,quiet_mid3,0.0,S,0.0,44,0.0,0.0
625768,quiet_mid3,0.0,S,0.0,44,0.0,0.0
625863,quiet_mid3,0.0,S,0.0,44,0.0,0.0
625959,quiet_mid3,0.0,S,0.0,44,0.0,0.0
626060,quiet_mid3,0.0,S,0.0,44,0.0,0.0
626151,quiet_mid3,0.0,S,0.0,44,0.0,0.0
626247,quiet_mid3,0.0,S,0.0,44,0.0,0.0
626343,quiet_mid3,0.0,S,0.0,44,0.0,0.0
626438,quiet_mid3,0.0,S,0.0,44,0.0,0.0
626533,quiet_mid3,0.0,S,0.0,44,0.0,0.0
626628,quiet_mid3,0.0,S,0.0,44,0.0,0.0
626724,quiet_mid3,0.0,S,0.0,44,0.0,0.0
626820,quiet_mid3,0.0,S,0.0,44,0.0,0.0
626916,quiet_mid3,0.0,S,0.0,44,0.0,0.0
627012,quiet_mid3,0.0,S,0.0,44,0.0,0.0
627108,quiet_mid3,0.0,S,0.0,44,0.0,0.0
627203,quiet_mid3,0.0,S,0.0,44,0.0,0.0
627299,quiet_mid3,0.0,S,0.0,44,0.0,0.0
627393,quiet_mid3,0.0,S,0.0,44,0.0,0.0
627489,quiet_mid3,0.0,S,0.0,44,0.0,0.0
627585,quiet_mid3,0.0,S,0.0,44,0.0,0.0
627680,quiet_mid3,0.0,S,0.0,44,0.0,0.0
627776,quiet_mid3,0.0,S,0.0,44,0.0,0.0
627872,quiet_mid3,0.0,S,0.0,44,0.0,0.0
627968,quiet_mid3,0.0,S,0.0,44,0.0,0.0
628064,quiet_mid3,0.0,S,0.0,44,0.0,0.0
628160,quiet_mid3,0.0,S,0.0,44,0.0,0.0
628254,quiet_mid3,0.0,S,0.0,44,0.0,0.0
628350,quiet_mid3,0.0,S,0.0,44,0.0,0.0
628445,quiet_mid3,0.0,S,0.0,44,0.0,0.0
628541,quiet_mid3,0.0,S,0.0,44,0.0,0.0
628637,quiet_mid3,0.0,S,0.0,44,0.0,0.0
628733,quiet_mid3,0.0,S,0.0,44,0.0,0.0
628829,quiet_mid3,0.0,S,0.0,44,0.0,0.0
628925,quiet_mid3,0.0,S,0.0,44,0.0,0.0
629021,quiet_mid3,0.0,S,0.0,44,0.0,0.0
629116,quiet_mid3,0.0,S,0.0,44,0.0,0.0
629210,quiet_mid3,0.0,S,0.0,44,0.0,0.0
629306,quiet_mid3,0.0,S,0.0,44,0.0,0.0
629402,quiet_mid3,0.0,S,0.0,44,0.0,0.0
629498,quiet_mid3,0.0,S,0.0,44,0.0,0.0
629594,quiet_mid3,0.0,S,0.0,44,0.0,0.0
629689,quiet_mid3,0.0,S,0.0,44,0.0,0.0
629785,quiet_mid3,0.0,S,0.0,44,0.0,0.0
629881,quiet_mid3,0.0,S,0.0,44,0.0,0.0
629977,quiet_mid3,0.0,S,0.0,44,0.0,0.0
630071,quiet_mid3,0.0,S,0.0,44,0.0,0.0
630167,quiet_mid3,0.0,S,0.0,44,0.0,0.0
630262,quiet_mid3,0.0,S,0.0,44,0.0,0.0
630358,quiet_mid3,0.0,S,0.0,44,0.0,0.0
630454,quiet_mid3,0.0,S,0.0,44,0.0,0.0
630550,quiet_mid3,0.0,S,0.0,44,0.0,0.0
630646,quiet_mid3,0.0,S,0.0,44,0.0,0.0
630742,quiet_mid3,0.0,S,0.0,44,0.0,0.0
630838,quiet_mid3,0.0,S,0.0,44,0.0,0.0
630931,quiet_mid3,0.0,S,0.0,44,0.0,0.0
631027,quiet_mid3,0.0,S,0.0,44,0.0,0.0
631123,quiet_mid3,0.0,S,0.0,44,0.0,0.0
631219,quiet_mid3,0.0,S,0.0,44,0.0,0.0
631315,quiet_mid3,0.0,S,0.0,44,0.0,0.0
631411,quiet_mid3,0.0,S,0.0,44,0.0,0.0
631506,quiet_mid3,0.0,S,0.0,44,0.0,0.0
631602,quiet_mid3,0.0,S,0.0,44,0.0,0.0
631698,quiet_mid3,0.0,S,0.0,44,0.0,0.0
631794,quiet_mid3,0.0,S,0.0,44,0.0,0.0
631888,quiet_mid3,0.0,S,0.0,44,0.0,0.0
631984,quiet_mid3,0.0,S,0.0,44,0.0,0.0
632079,quiet_mid3,0.0,S,0.0,44,0.0,0.0
632175,quiet_mid3,0.0,S,0.0,44,0.0,0.0
632271,quiet_mid3,0.0,S,0.0,44,0.0,0.0
632367,quiet_mid3,0.0,S,0.0,44,0.0,0.0
632463,quiet_mid3,0.0,S,0.0,44,0.0,0.0
632559,quiet_mid3,0.0,S,0.0,44,0.0,0.0
632655,quiet_mid3,0.0,S,0.0,44,0.0,0.0
632748,quiet_mid3,0.0,S,0.0,44,0.0,0.0
632844,quiet_mid3,0.0,S,0.0,44,0.0,0.0
632940,quiet_mid3,0.0,S,0.0,44,0.0,0.0
633036,quiet_mid3,0.0,S,0.0,44,0.0,0.0
633132,quiet_mid3,0.0,S,0.0,44,0.0,0.0
633228,quiet_mid3,0.0,S,0.0,44,0.0,0.0
633323,quiet_mid3,0.0,S,0.0,44,0.0,0.0
633419,quiet_mid3,0.0,S,0.0,44,0.0,0.0
633515,quiet_mid3,0.0,S,0.0,44,0.0,0.0
633609,quiet_mid3,0.0,S,0.0,44,0.0,0.0
633705,quiet_mid3,0.0,S,0.0,44,0.0,0.0
633801,quiet_mid3,0.0,S,0.0,44,0.0,0.0
633897,quiet_mid3,0.0,S,0.0,44,0.0,0.0
633992,quiet_mid3,0.0,S,0.0,44,0.0,0.0
634088,quiet_mid3,0.0,S,0.0,44,0.0,0.0
634184,quiet_mid3,0.0,S,0.0,44,0.0,0.0
634280,quiet_mid3,0.0,S,0.0,44,0.0,0.0
634376,quiet_mid3,0.0,S,0.0,44,0.0,0.0
634470,quiet_mid3,0.0,S,0.0,44,0.0,0.0
634565,quiet_mid3,0.0,S,0.0,44,0.0,0.0
634661,quiet_mid3,0.0,S,0.0,44,0.0,0.0
634757,quiet_mid3,0.0,S,0.0,44,0.0,0.0
634853,quiet_mid3,0.0,S,0.0,44,0.0,0.0
634949,quiet_mid3,0.0,S,0.0,44,0.0,0.0
635045,quiet_mid3,0.0,S,0.0,44,0.0,0.0
635141,quiet_mid3,0.0,S,0.0,44,0.0,0.0
635236,quiet_mid3,0.0,S,0.0,44,0.0,0.0
635332,quiet_mid3,0.0,S,0.0,44,0.0,0.0
635426,quiet_mid3,0.0,S,0.0,44,0.0,0.0
635522,quiet_mid3,0.0,S,0.0,44,0.0,0.0
635618,quiet_mid3,0.0,S,0.0,44,0.0,0.0
635714,quiet_mid3,0.0,S,0.0,44,0.0,0.0
635809,quiet_mid3,0.0,S,0.0,44,0.0,0.0
635905,quiet_mid3,0.0,S,0.0,44,0.0,0.0
636001,quiet_mid3,0.0,S,0.0,44,0.0,0.0
636097,quiet_mid3,0.0,S,0.0,44,0.0,0.0
636193,quiet_mid3,0.0,S,0.0,44,0.0,0.0
636287,quiet_mid3,0.0,S,0.0,44,0.0,0.0
636383,quiet_mid3,0.0,S,0.0,44,0.0,0.0
636479,quiet_mid3,0.0,S,0.0,44,0.0,0.0
636574,quiet_mid3,0.0,S,0.0,44,0.0,0.0
636670,quiet_mid3,0.0,S,0.0,44,0.0,0.0
636766,quiet_mid3,0.0,S,0.0,44,0.0,0.0
636862,quiet_mid3,0.0,S,0.0,44,0.0,0.0
636958,quiet_mid3,0.0,S,0.0,44,0.0,0.0
637053,quiet_mid3,0.0,S,0.0,44,0.0,0.0
637148,quiet_mid3,0.0,S,0.0,44,0.0,0.0
637243,quiet_mid3,0.0,S,0.0,44,0.0,0.0
637339,quiet_mid3,0.0,S,0.0,44,0.0,0.0
637435,quiet_mid3,0.0,S,0.0,44,0.0,0.0
637531,quiet_mid3,0.0,S,0.0,44,0.0,0.0
637627,quiet_mid3,0.0,S,0.0,44,0.0,0.0
637722,quiet_mid3,0.0,S,0.0,44,0.0,0.0
637818,quiet_mid3,0.0,S,0.0,44,0.0,0.0
637914,quiet_mid3,0.0,S,0.0,44,0.0,0.0
638010,quiet_mid3,0.0,S,0.0,44,0.0,0.0
638104,quiet_mid3,0.0,S,0.0,44,0.0,0.0
638200,quiet_mid3,0.0,S,0.0,44,0.0,0.0
638295,quiet_mid3,0.0,S,0.0,44,0.0,0.0
638391,quiet_mid3,0.0,S,0.0,44,0.0,0.0
638493,quiet_mid3,0.0,S,0.0,44,0.0,0.0
638583,quiet_mid3,0.0,S,0.0,44,0.0,0.0
638679,quiet_mid3,0.0,S,0.0,44,0.0,0.0
638775,quiet_mid3,0.0,S,0.0,44,0.0,0.0
638871,quiet_mid3,0.0,S,0.0,44,0.0,0.0
638965,quiet_mid3,0.0,S,0.0,44,0.0,0.0
639060,quiet_mid3,0.0,S,0.0,44,0.0,0.0
639156,quiet_mid3,0.0,S,0.0,44,0.0,0.0
639252,quiet_mid3,0.0,S,0.0,44,0.0,0.0
639348,quiet_mid3,0.0,S,0.0,44,0.0,0.0
639444,quiet_mid3,0.0,S,0.0,44,0.0,0.0
639540,quiet_mid3,0.0,S,0.0,44,0.0,0.0
639635,quiet_mid3,0.0,S,0.0,44,0.0,0.0
639731,quiet_mid3,0.0,S,0.0,44,0.0,0.0
639825,quiet_mid3,0.0,S,0.0,44,0.0,0.0
639921,quiet_mid3,0.0,S,0.0,44,0.0,0.0
640017,quiet_mid3,0.0,S,0.0,44,0.0,0.0
640113,quiet_mid3,0.0,S,0.0,44,0.0,0.0
640209,quiet_mid3,0.0,S,0.0,44,0.0,0.0
640304,quiet_mid3,0.0,S,0.0,44,0.0,0.0
640400,quiet_mid3,0.0,S,0.0,44,0.0,0.0
640496,quiet_mid3,0.0,S,0.0,44,0.0,0.0
640592,quiet_mid3,0.0,S,0.0,44,0.0,0.0
640686,quiet_mid3,0.0,S,0.0,44,0.0,0.0
640782,quiet_mid3,0.0,S,0.0,44,0.0,0.0
640877,quiet_mid3,0.0,S,0.0,44,0.0,0.0
640973,quiet_mid3,0.0,S,0.0,44,0.0,0.0
641069,quiet_mid3,0.0,S,0.0,44,0.0,0.0
641165,quiet_mid3,0.0,S,0.0,44,0.0,0.0
641261,quiet_mid3,0.0,S,0.0,44,0.0,0.0
641357,quiet_mid3,0.0,S,0.0,44,0.0,0.0
641452,quiet_mid3,0.0,S,0.0,44,0.0,0.0
641548,quiet_mid3,0.0,S,0.0,44,0.0,0.0
641642,quiet_mid3,0.0,S,0.0,44,0.0,0.0
641738,quiet_mid3,0.0,S,0.0,44,0.0,0.0
641834,quiet_mid3,0.0,S,0.0,44,0.0,0.0
641930,quiet_mid3,0.0,S,0.0,44,0.0,0.0
642026,quiet_mid3,0.0,S,0.0,44,0.0,0.0
642121,quiet_mid3,0.0,S,0.0,44,0.0,0.0
642217,quiet_mid3,0.0,S,0.0,44,0.0,0.0
642313,quiet_mid3,0.0,S,0.0,44,0.0,0.0
642409,quiet_mid3,0.0,S,0.0,44,0.0,0.0
642503,quiet_mid3,0.0,S,0.0,44,0.0,0.0
642599,quiet_mid3,0.0,S,0.0,44,0.0,0.0
642694,quiet_mid3,0.0,S,0.0,44,0.0,0.0
642790,quiet_mid3,0.0,S,0.0,44,0.0,0.0
642886,quiet_mid3,0.0,S,0.0,44,0.0,0.0
642982,quiet_mid3,0.0,S,0.0,44,0.0,0.0
643078,quiet_mid3,0.0,S,0.0,44,0.0,0.0
643174,quiet_mid3,0.0,S,0.0,44,0.0,0.0
643270,quiet_mid3,0.0,S,0.0,44,0.0,0.0
643363,quiet_mid3,0.0,S,0.0,44,0.0,0.0
643459,quiet_mid3,0.0,S,0.0,44,0.0,0.0
643555,quiet_mid3,0.0,S,0.0,44,0.0,0.0
643651,quiet_mid3,0.0,S,0.0,44,0.0,0.0
643747,quiet_mid3,0.0,S,0.0,44,0.0,0.0
643843,quiet_mid3,0.0,S,0.0,44,0.0,0.0
643938,quiet_mid3,0.0,S,0.0,44,0.0,0.0
644034,quiet_mid3,0.0,S,0.0,44,0.0,0.0
644130,stepper_hold,0.0,S,0.0,44,0.0,0.0
644226,stepper_hold,0.0,S,0.0,44,0.0,0.0
644320,stepper_hold,0.0,S,0.0,44,0.0,0.0
644416,stepper_hold,0.0,S,0.0,44,0.0,0.0
644512,stepper_hold,0.0,S,0.0,44,0.0,0.0
644607,stepper_hold,0.0,S,0.0,44,0.0,0.0
644703,stepper_hold,0.0,S,0.0,44,0.0,0.0
644799,stepper_hold,0.0,S,0.0,44,0.0,0.0
644895,stepper_hold,0.0,S,0.0,44,0.0,0.0
644991,stepper_hold,0.0,S,0.0,44,0.0,0.0
645087,stepper_hold,0.0,S,0.0,44,0.0,0.0
645180,stepper_hold,0.0,S,0.0,44,0.0,0.0
645276,stepper_hold,0.0,S,0.0,44,0.0,0.0
645372,stepper_hold,0.0,S,0.0,44,0.0,0.0
645468,stepper_hold,0.0,S,0.0,44,0.0,0.0
645564,stepper_hold,0.0,S,0.0,44,0.0,0.0
645660,stepper_hold,0.0,S,0.0,44,0.0,0.0
645756,stepper_hold,0.0,S,0.0,44,0.0,0.0
645851,stepper_hold,0.0,S,0.0,44,0.0,0.0
645947,stepper_hold,0.0,S,0.0,44,0.0,0.0
646041,stepper_hold,0.0,S,0.0,44,0.0,0.0
646137,stepper_hold,0.0,S,0.0,44,0.0,0.0
646233,stepper_hold,0.0,S,0.0,44,0.0,0.0
646329,stepper_hold,0.0,S,0.0,44,0.0,0.0
646424,stepper_hold,0.0,S,0.0,44,0.0,0.0
646520,stepper_hold,0.0,S,0.0,44,0.0,0.0
646616,stepper_hold,0.0,S,0.0,44,0.0,0.0
646712,stepper_hold,0.0,S,0.0,44,0.0,0.0
646808,stepper_hold,0.0,S,0.0,44,0.0,0.0
646902,stepper_hold,0.0,S,0.0,44,0.0,0.0
646998,stepper_hold,0.0,S,0.0,44,0.0,0.0
647093,stepper_hold,0.0,S,0.0,44,0.0,0.0
647189,stepper_hold,0.0,S,0.0,44,0.0,0.0
647285,stepper_hold,0.0,S,0.0,44,0.0,0.0
647381,stepper_hold,0.0,S,0.0,44,0.0,0.0
647477,stepper_hold,0.0,S,0.0,44,0.0,0.0
647573,stepper_hold,0.0,S,0.0,44,0.0,0.0
647668,stepper_hold,0.0,S,0.0,44,0.0,0.0
647764,stepper_hold,0.0,S,0.0,44,0.0,0.0
647858,stepper_hold,0.0,S,0.0,44,0.0,0.0
647954,stepper_hold,0.0,S,0.0,44,0.0,0.0
648050,stepper_hold,0.0,S,0.0,44,0.0,0.0
648146,stepper_hold,0.0,S,0.0,44,0.0,0.0
648242,stepper_hold,0.0,S,0.0,44,0.0,0.0
648337,stepper_hold,0.0,S,0.0,44,0.0,0.0
648433,stepper_hold,0.0,S,0.0,44,0.0,0.0
648529,stepper_hold,0.0,S,0.0,44,0.0,0.0
648625,stepper_hold,0.0,S,0.0,44,0.0,0.0
648719,stepper_hold,0.0,S,0.0,44,0.0,0.0
648815,stepper_hold,0.0,S,0.0,44,0.0,0.0
648910,stepper_hold,0.0,S,0.0,44,0.0,0.0
649006,stepper_hold,0.0,S,0.0,44,0.0,0.0
649102,stepper_hold,0.0,S,0.0,44,0.0,0.0
649198,stepper_hold,0.0,S,0.0,44,0.0,0.0
649294,stepper_hold,0.0,S,0.0,44,0.0,0.0
649390,stepper_hold,0.0,S,0.0,44,0.0,0.0
649486,stepper_hold,0.0,S,0.0,44,0.0,0.0
649580,stepper_hold,0.0,S,0.0,44,0.0,0.0
649675,stepper_hold,0.0,S,0.0,44,0.0,0.0
649771,stepper_hold,0.0,S,0.0,44,0.0,0.0
649867,stepper_hold,0.0,S,0.0,44,0.0,0.0
649963,stepper_hold,0.0,S,0.0,44,0.0,0.0
650059,stepper_hold,0.0,S,0.0,44,0.0,0.0
650154,stepper_hold,0.0,S,0.0,44,0.0,0.0
650250,stepper_hold,0.0,S,0.0,44,0.0,0.0
650351,stepper_hold,0.0,S,0.0,44,0.0,0.0
650546,stepper_hold,0.0,S,0.0,44,0.0,0.0
650728,stepper_hold,0.0,S,0.0,44,0.0,0.0
650824,stepper_hold,0.0,S,0.0,44,0.0,0.0
650919,stepper_hold,0.0,S,0.0,44,0.0,0.0
651015,stepper_hold,0.0,S,0.0,44,0.0,0.0
651111,stepper_hold,0.0,S,0.0,44,0.0,0.0
651207,stepper_hold,0.0,S,0.0,44,0.0,0.0
651303,stepper_hold,0.0,S,0.0,44,0.0,0.0
651397,stepper_hold,0.0,S,0.0,44,0.0,0.0
651492,stepper_hold,0.0,S,0.0,44,0.0,0.0
651588,stepper_hold,0.0,S,0.0,44,0.0,0.0
651684,stepper_hold,0.0,S,0.0,44,0.0,0.0
651780,stepper_hold,0.0,S,0.0,44,0.0,0.0
651876,stepper_hold,0.0,S,0.0,44,0.0,0.0
651972,stepper_hold,0.0,S,0.0,44,0.0,0.0
652067,stepper_hold,0.0,S,0.0,44,0.0,0.0
652163,stepper_hold,0.0,S,0.0,44,0.0,0.0
652257,stepper_hold,0.0,S,0.0,44,0.0,0.0
652353,stepper_hold,0.0,S,0.0,44,0.0,0.0
652449,stepper_hold,0.0,S,0.0,44,0.0,0.0
652545,stepper_hold,0.0,S,0.0,44,0.0,0.0
652641,stepper_hold,0.0,S,0.0,44,0.0,0.0
652736,stepper_hold,0.0,S,0.0,44,0.0,0.0
652832,stepper_hold,0.0,S,0.0,44,0.0,0.0
652928,stepper_hold,0.0,S,0.0,44,0.0,0.0
653024,stepper_hold,0.0,S,0.0,44,0.0,0.0
653118,stepper_hold,0.0,S,0.0,44,0.0,0.0
653214,stepper_hold,0.0,S,0.0,44,0.0,0.0
653309,stepper_hold,0.0,S,0.0,44,0.0,0.0
653405,stepper_hold,0.0,S,0.0,44,0.0,0.0
653501,stepper_hold,0.0,S,0.0,44,0.0,0.0
653597,stepper_hold,0.0,S,0.0,44,0.0,0.0
653693,stepper_hold,0.0,S,0.0,44,0.0,0.0
653789,stepper_hold,0.0,S,0.0,44,0.0,0.0
653885,stepper_hold,0.0,S,0.0,44,0.0,0.0
653980,stepper_hold,0.0,S,0.0,44,0.0,0.0
654074,stepper_hold,0.0,S,0.0,44,0.0,0.0
654170,stepper_hold,0.0,S,0.0,44,0.0,0.0
654266,stepper_hold,0.0,S,0.0,44,0.0,0.0
654362,stepper_hold,0.0,S,0.0,44,0.0,0.0
654458,stepper_hold,0.0,S,0.0,44,0.0,0.0
654553,stepper_hold,0.0,S,0.0,44,0.0,0.0
654649,stepper_hold,0.0,S,0.0,44,0.0,0.0
654745,stepper_hold,0.0,S,0.0,44,0.0,0.0
654841,stepper_hold,0.0,S,0.0,44,0.0,0.0
654935,stepper_hold,0.0,S,0.0,44,0.0,0.0
655031,stepper_hold,0.0,S,0.0,44,0.0,0.0
655127,stepper_hold,0.0,S,0.0,44,0.0,0.0
655222,stepper_hold,0.0,S,0.0,44,0.0,0.0
655318,stepper_hold,0.0,S,0.0,44,0.0,0.0
655414,stepper_hold,0.0,S,0.0,44,0.0,0.0
655510,stepper_hold,0.0,S,0.0,44,0.0,0.0
655606,stepper_hold,0.0,S,0.0,44,0.0,0.0
655702,stepper_hold,0.0,S,0.0,44,0.0,0.0
655795,stepper_hold,0.0,S,0.0,44,0.0,0.0
655891,stepper_hold,0.0,S,0.0,44,0.0,0.0
655987,stepper_hold,0.0,S,0.0,44,0.0,0.0
656083,stepper_hold,0.0,S,0.0,44,0.0,0.0
656179,stepper_hold,0.0,S,0.0,44,0.0,0.0
656275,stepper_hold,0.0,S,0.0,44,0.0,0.0
656371,stepper_hold,0.0,S,0.0,44,0.0,0.0
656466,stepper_hold,0.0,S,0.0,44,0.0,0.0
656562,stepper_hold,0.0,S,0.0,44,0.0,0.0
656656,stepper_hold,0.0,S,0.0,44,0.0,0.0
656752,stepper_hold,0.0,S,0.0,44,0.0,0.0
656848,stepper_hold,0.0,S,0.0,44,0.0,0.0
656944,stepper_hold,0.0,S,0.0,44,0.0,0.0
657039,stepper_hold,0.0,S,0.0,44,0.0,0.0
657135,stepper_hold,0.0,S,0.0,44,0.0,0.0
657231,stepper_hold,0.0,S,0.0,44,0.0,0.0
657327,stepper_hold,0.0,S,0.0,44,0.0,0.0
657423,stepper_hold,0.0,S,0.0,44,0.0,0.0
657519,stepper_hold,0.0,S,0.0,44,0.0,0.0
657612,stepper_hold,0.0,S,0.0,44,0.0,0.0
657709,stepper_hold,0.0,S,0.0,44,0.0,0.0
657804,stepper_hold,0.0,S,0.0,44,0.0,0.0
657900,stepper_hold,0.0,S,0.0,44,0.0,0.0
657996,stepper_hold,0.0,S,0.0,44,0.0,0.0
658092,stepper_hold,0.0,S,0.0,44,0.0,0.0
658188,stepper_hold,0.0,S,0.0,44,0.0,0.0
658283,stepper_hold,0.0,S,0.0,44,0.0,0.0
658379,stepper_hold,0.0,S,0.0,44,0.0,0.0
658473,stepper_hold,0.0,S,0.0,44,0.0,0.0
658569,stepper_hold,0.0,S,0.0,44,0.0,0.0
658665,stepper_hold,0.0,S,0.0,44,0.0,0.0
658761,stepper_hold,0.0,S,0.0,44,0.0,0.0
658857,stepper_hold,0.0,S,0.0,44,0.0,0.0
658952,stepper_hold,0.0,S,0.0,44,0.0,0.0
659048,stepper_hold,0.0,S,0.0,44,0.0,0.0
659144,stepper_hold,0.0,S,0.0,44,0.0,0.0
659240,stepper_hold,0.0,S,0.0,44,0.0,0.0
659334,stepper_hold,0.0,S,0.0,44,0.0,0.0
659430,stepper_hold,0.0,S,0.0,44,0.0,0.0
659525,stepper_hold,0.0,S,0.0,44,0.0,0.0
659621,stepper_hold,0.0,S,0.0,44,0.0,0.0
659717,stepper_hold,0.0,S,0.0,44,0.0,0.0
659813,stepper_hold,0.0,S,0.0,44,0.0,0.0
659909,stepper_hold,0.0,S,0.0,44,0.0,0.0
660005,stepper_hold,0.0,S,0.0,44,0.0,0.0
660100,stepper_hold,0.0,S,0.0,44,0.0,0.0
660197,stepper_hold,0.0,S,0.0,44,0.0,0.0
660290,stepper_hold,0.0,S,0.0,44,0.0,0.0
660386,stepper_hold,0.0,S,0.0,44,0.0,0.0
660482,stepper_hold,0.0,S,0.0,44,0.0,0.0
660578,stepper_hold,0.0,S,0.0,44,0.0,0.0
660674,stepper_hold,0.0,S,0.0,44,0.0,0.0
660769,stepper_hold,0.0,S,0.0,44,0.0,0.0
660865,stepper_hold,0.0,S,0.0,44,0.0,0.0
660961,stepper_hold,0.0,S,0.0,44,0.0,0.0
661057,stepper_hold,0.0,S,0.0,44,0.0,0.0
661151,stepper_hold,0.0,S,0.0,44,0.0,0.0
661247,stepper_hold,0.0,S,0.0,44,0.0,0.0
661343,stepper_hold,0.0,S,0.0,44,0.0,0.0
661438,stepper_hold,0.0,S,0.0,44,0.0,0.0
661534,stepper_hold,0.0,S,0.0,44,0.0,0.0
661630,stepper_hold,0.0,S,0.0,44,0.0,0.0
661726,stepper_hold,0.0,S,0.0,44,0.0,0.0
661834,stepper_hold,0.0,S,0.0,44,0.0,0.0
662012,stepper_hold,0.0,S,0.0,44,0.0,0.0
662107,stepper_hold,0.0,S,0.0,44,0.0,0.0
662203,stepper_hold,0.0,S,0.0,44,0.0,0.0
662299,stepper_hold,0.0,S,0.0,44,0.0,0.0
662395,stepper_hold,0.0,S,0.0,44,0.0,0.0
662491,stepper_hold,0.0,S,0.0,44,0.0,0.0
662587,stepper_hold,0.0,S,0.0,44,0.0,0.0
662682,stepper_hold,0.0,S,0.0,44,0.0,0.0
662778,stepper_hold,0.0,S,0.0,44,0.0,0.0
662874,stepper_hold,0.0,S,0.0,44,0.0,0.0
662968,stepper_hold,0.0,S,0.0,44,0.0,0.0
663064,stepper_hold,0.0,S,0.0,44,0.0,0.0
663160,stepper_hold,0.0,S,0.0,44,0.0,0.0
663255,stepper_hold,0.0,S,0.0,44,0.0,0.0
663351,stepper_hold,0.0,S,0.0,44,0.0,0.0
663447,stepper_hold,0.0,S,0.0,44,0.0,0.0
663543,stepper_hold,0.0,S,0.0,44,0.0,0.0
663639,stepper_hold,0.0,S,0.0,44,0.0,0.0
663735,stepper_hold,0.0,S,0.0,44,0.0,0.0
663828,stepper_hold,0.0,S,0.0,44,0.0,0.0
663924,stepper_hold,0.0,S,0.0,44,0.0,0.0
664020,stepper_hold,0.0,S,0.0,44,0.0,0.0
664116,stepper_hold,0.0,S,0.0,44,0.0,0.0
664212,auger_steps,0.0,S,0.0,44,0.0,0.0
664308,auger_steps,0.0,S,0.0,44,0.0,0.0
664404,auger_steps,0.0,S,0.0,44,0.0,0.0
664500,auger_steps,0.0,S,0.0,44,0.0,0.0
664595,auger_steps,0.0,S,0.0,44,0.0,0.0
664689,auger_steps,0.0,S,0.0,44,0.0,0.0
664785,auger_steps,0.0,S,0.0,44,0.0,0.0
664881,auger_steps,0.0,S,0.0,44,0.0,0.0
664977,auger_steps,0.0,S,0.0,44,0.0,0.0
665073,auger_steps,0.0,S,0.0,44,0.0,0.0
665168,auger_steps,0.0,S,0.0,44,0.0,0.0
665264,auger_steps,0.0,S,0.0,44,0.0,0.0
665360,auger_steps,0.0,S,0.0,44,0.0,0.0
665456,auger_steps,0.0,S,0.0,44,0.0,0.0
665550,auger_steps,0.0,S,0.0,44,0.0,0.0
665646,auger_steps,0.0,S,0.0,44,0.0,0.0
665741,auger_steps,0.0,S,0.0,44,0.0,0.0
665837,auger_steps,0.0,S,0.0,44,0.0,0.0
665933,auger_steps,0.0,S,0.0,44,0.0,0.0
666029,auger_steps,0.0,S,0.0,44,0.0,0.0
666125,auger_steps,0.0,S,0.0,44,0.0,0.0
668707,auger_steps,0.0,S,0.0,44,0.0,0.0
668803,auger_steps,0.0,S,0.0,44,0.0,0.0
668898,auger_steps,0.0,S,0.0,44,0.0,0.0
668994,auger_steps,0.0,S,0.0,44,0.0,0.0
669088,auger_steps,0.0,S,0.0,44,0.0,0.0
669184,auger_steps,0.0,S,0.0,44,0.0,0.0
669280,auger_steps,0.0,S,0.0,44,0.0,0.0
669376,auger_steps,0.0,S,0.0,44,0.0,0.0
669471,auger_steps,0.0,S,0.0,44,0.0,0.0
669568,auger_steps,0.0,S,0.0,44,0.0,0.0
669663,auger_steps,0.0,S,0.0,44,0.0,0.0
669759,auger_steps,0.0,S,0.0,44,0.0,0.0
669855,auger_steps,0.0,S,0.0,44,0.0,0.0
669951,auger_steps,0.0,S,0.0,44,0.0,0.0
670044,auger_steps,0.0,S,0.0,44,0.0,0.0
670140,auger_steps,0.0,S,0.0,44,0.0,0.0
670236,auger_steps,0.0,S,0.0,44,0.0,0.0
670332,auger_steps,0.0,S,0.0,44,0.0,0.0
670428,auger_steps,0.0,S,0.0,44,0.0,0.0
670524,auger_steps,0.0,S,0.0,44,0.0,0.0
670620,auger_steps,0.0,S,0.0,44,0.0,0.0
670715,auger_steps,0.0,S,0.0,44,0.0,0.0
670811,auger_steps,0.0,S,0.0,44,0.0,0.0
670905,auger_steps,0.0,S,0.0,44,0.0,0.0
671001,auger_steps,0.0,S,0.0,44,0.0,0.0
671097,auger_steps,0.0,S,0.0,44,0.0,0.0
671193,auger_steps,0.0,S,0.0,44,0.0,0.0
671289,auger_steps,0.0,S,0.0,44,0.0,0.0
671385,auger_steps,0.0,S,0.0,44,0.0,0.0
671480,auger_steps,0.0,S,0.0,44,0.0,0.0
671576,auger_steps,0.0,S,0.0,44,0.0,0.0
671672,auger_steps,0.0,S,0.0,44,0.0,0.0
671766,auger_steps,0.0,S,0.0,44,0.0,0.0
671862,auger_steps,0.0,S,0.0,44,0.0,0.0
671958,auger_steps,0.0,S,0.0,44,0.0,0.0
672053,auger_steps,0.0,S,0.0,44,0.0,0.0
672149,auger_steps,0.0,S,0.0,44,0.0,0.0
672245,auger_steps,0.0,S,0.0,44,0.0,0.0
672341,auger_steps,0.0,S,0.0,44,0.0,0.0
672437,auger_steps,0.0,S,0.0,44,0.0,0.0
672533,auger_steps,0.0,S,0.0,44,0.0,0.0
672629,auger_steps,0.0,S,0.0,44,0.0,0.0
675210,auger_steps,0.0,S,0.0,44,0.0,0.0
675304,auger_steps,0.0,S,0.0,44,0.0,0.0
675400,auger_steps,0.0,S,0.0,44,0.0,0.0
675496,auger_steps,0.0,S,0.0,44,0.0,0.0
675592,auger_steps,0.0,S,0.0,44,0.0,0.0
675688,auger_steps,0.0,S,0.0,44,0.0,0.0
675783,auger_steps,0.0,S,0.0,44,0.0,0.0
675879,auger_steps,0.0,S,0.0,44,0.0,0.0
675975,auger_steps,0.0,S,0.0,44,0.0,0.0
676071,auger_steps,0.0,S,0.0,44,0.0,0.0
676167,auger_steps,0.0,S,0.0,44,0.0,0.0
676261,auger_steps,0.0,S,0.0,44,0.0,0.0
676356,auger_steps,0.0,S,0.0,44,0.0,0.0
676452,auger_steps,0.0,S,0.0,44,0.0,0.0
676548,auger_steps,0.0,S,0.0,44,0.0,0.0
676644,auger_steps,0.0,S,0.0,44,0.0,0.0
676740,auger_steps,0.0,S,0.0,44,0.0,0.0
676836,auger_steps,0.0,S,0.0,44,0.0,0.0
676931,auger_steps,0.0,S,0.0,44,0.0,0.0
677027,auger_steps,0.0,S,0.0,44,0.0,0.0
677121,auger_steps,0.0,S,0.0,44,0.0,0.0
677217,auger_steps,0.0,S,0.0,44,0.0,0.0
677313,auger_steps,0.0,S,0.0,44,0.0,0.0
677409,auger_steps,0.0,S,0.0,44,0.0,0.0
677505,auger_steps,0.0,S,0.0,44,0.0,0.0
677600,auger_steps,0.0,S,0.0,44,0.0,0.0
677696,auger_steps,0.0,S,0.0,44,0.0,0.0
677792,auger_steps,0.0,S,0.0,44,0.0,0.0
677888,auger_steps,0.0,S,0.0,44,0.0,0.0
677982,auger_steps,0.0,S,0.0,44,0.0,0.0
678083,auger_steps,0.0,S,0.0,44,0.0,0.0
678174,auger_steps,0.0,S,0.0,44,0.0,0.0
678269,auger_steps,0.0,S,0.0,44,0.0,0.0
678365,auger_steps,0.0,S,0.0,44,0.0,0.0
678461,auger_steps,0.0,S,0.0,44,0.0,0.0
678557,auger_steps,0.0,S,0.0,44,0.0,0.0
678653,auger_steps,0.0,S,0.0,44,0.0,0.0
678749,auger_steps,0.0,S,0.0,44,0.0,0.0
678844,auger_steps,0.0,S,0.0,44,0.0,0.0
678938,auger_steps,0.0,S,0.0,44,0.0,0.0
679034,auger_steps,0.0,S,0.0,44,0.0,0.0
679130,auger_steps,0.0,S,0.0,44,0.0,0.0
681712,auger_steps,0.0,S,0.0,44,0.0,0.0
681808,auger_steps,0.0,S,0.0,44,0.0,0.0
681904,auger_steps,0.0,S,0.0,44,0.0,0.0
681999,auger_steps,0.0,S,0.0,44,0.0,0.0
682095,auger_steps,0.0,S,0.0,44,0.0,0.0
682191,auger_steps,0.0,S,0.0,44,0.0,0.0
682287,auger_steps,0.0,S,0.0,44,0.0,0.0
682383,auger_steps,0.0,S,0.0,44,0.0,0.0
682477,auger_steps,0.0,S,0.0,44,0.0,0.0
682573,auger_steps,0.0,S,0.0,44,0.0,0.0
682668,auger_steps,0.0,S,0.0,44,0.0,0.0
682764,auger_steps,0.0,S,0.0,44,0.0,0.0
682860,auger_steps,0.0,S,0.0,44,0.0,0.0
682956,auger_steps,0.0,S,0.0,44,0.0,0.0
683052,auger_steps,0.0,S,0.0,44,0.0,0.0
683147,auger_steps,0.0,S,0.0,44,0.0,0.0
683244,auger_steps,0.0,S,0.0,44,0.0,0.0
683337,auger_steps,0.0,S,0.0,44,0.0,0.0
683433,auger_steps,0.0,S,0.0,44,0.0,0.0
683529,auger_steps,0.0,S,0.0,44,0.0,0.0
683625,auger_steps,0.0,S,0.0,44,0.0,0.0
683721,auger_steps,0.0,S,0.0,44,0.0,0.0
683816,auger_steps,0.0,S,0.0,44,0.0,0.0
683912,auger_steps,0.0,S,0.0,44,0.0,0.0
684008,auger_steps,0.0,S,0.0,44,0.0,0.0
684104,auger_steps,0.0,S,0.0,44,0.0,0.0
684198,auger_steps,0.0,S,0.0,44,0.0,0.0
684294,auger_steps,0.0,S,0.0,44,0.0,0.0
684390,auger_steps,0.0,S,0.0,44,0.0,0.0
684486,auger_steps,0.0,S,0.0,44,0.0,0.0
684581,auger_steps,0.0,S,0.0,44,0.0,0.0
684677,auger_steps,0.0,S,0.0,44,0.0,0.0
684773,auger_steps,0.0,S,0.0,44,0.0,0.0
684869,auger_steps,0.0,S,0.0,44,0.0,0.0
684965,auger_steps,0.0,S,0.0,44,0.0,0.0
685061,auger_steps,0.0,S,0.0,44,0.0,0.0
685154,auger_steps,0.0,S,0.0,44,0.0,0.0
685250,auger_steps,0.0,S,0.0,44,0.0,0.0
685346,auger_steps,0.0,S,0.0,44,0.0,0.0
685442,auger_steps,0.0,S,0.0,44,0.0,0.0
685538,auger_steps,0.0,S,0.0,44,0.0,0.0
685634,auger_steps,0.0,S,0.0,44,0.0,0.0
688215,auger_steps,0.0,S,0.0,44,0.0,0.0
688311,auger_steps,0.0,S,0.0,44,0.0,0.0
688407,auger_steps,0.0,S,0.0,44,0.0,0.0
688503,auger_steps,0.0,S,0.0,44,0.0,0.0
688599,auger_steps,0.0,S,0.0,44,0.0,0.0
688693,auger_steps,0.0,S,0.0,44,0.0,0.0
688788,auger_steps,0.0,S,0.0,44,0.0,0.0
688884,auger_steps,0.0,S,0.0,44,0.0,0.0
688980,auger_steps,0.0,S,0.0,44,0.0,0.0
689076,auger_steps,0.0,S,0.0,44,0.0,0.0
689172,auger_steps,0.0,S,0.0,44,0.0,0.0
689268,auger_steps,0.0,S,0.0,44,0.0,0.0
689364,auger_steps,0.0,S,0.0,44,0.0,0.0
689459,auger_steps,0.0,S,0.0,44,0.0,0.0
689553,auger_steps,0.0,S,0.0,44,0.0,0.0
689649,auger_steps,0.0,S,0.0,44,0.0,0.0
689745,auger_steps,0.0,S,0.0,44,0.0,0.0
689841,auger_steps,0.0,S,0.0,44,0.0,0.0
689937,auger_steps,0.0,S,0.0,44,0.0,0.0
690032,auger_steps,0.0,S,0.0,44,0.0,0.0
690128,auger_steps,0.0,S,0.0,44,0.0,0.0
690224,auger_steps,0.0,S,0.0,44,0.0,0.0
690320,auger_steps,0.0,S,0.0,44,0.0,0.0
690414,auger_steps,0.0,S,0.0,44,0.0,0.0
690510,auger_steps,0.0,S,0.0,44,0.0,0.0
690606,auger_steps,0.0,S,0.0,44,0.0,0.0
690701,auger_steps,0.0,S,0.0,44,0.0,0.0
690797,auger_steps,0.0,S,0.0,44,0.0,0.0
690893,auger_steps,0.0,S,0.0,44,0.0,0.0
690989,auger_steps,0.0,S,0.0,44,0.0,0.0
691085,auger_steps,0.0,S,0.0,44,0.0,0.0
691181,auger_steps,0.0,S,0.0,44,0.0,0.0
691275,auger_steps,0.0,S,0.0,44,0.0,0.0
691371,auger_steps,0.0,S,0.0,44,0.0,0.0
691466,auger_steps,0.0,S,0.0,44,0.0,0.0
691562,auger_steps,0.0,S,0.0,44,0.0,0.0
691658,auger_steps,0.0,S,0.0,44,0.0,0.0
691754,auger_steps,0.0,S,0.0,44,0.0,0.0
691850,auger_steps,0.0,S,0.0,44,0.0,0.0
691946,auger_steps,0.0,S,0.0,44,0.0,0.0
692041,auger_steps,0.0,S,0.0,44,0.0,0.0
692137,auger_steps,0.0,S,0.0,44,0.0,0.0
694719,auger_steps,0.0,S,0.0,44,0.0,0.0
694815,auger_steps,0.0,S,0.0,44,0.0,0.0
694909,auger_steps,0.0,S,0.0,44,0.0,0.0
695005,auger_steps,0.0,S,0.0,44,0.0,0.0
695100,auger_steps,0.0,S,0.0,44,0.0,0.0
695196,auger_steps,0.0,S,0.0,44,0.0,0.0
695292,auger_steps,0.0,S,0.0,44,0.0,0.0
695388,auger_steps,0.0,S,0.0,44,0.0,0.0
695484,auger_steps,0.0,S,0.0,44,0.0,0.0
695580,auger_steps,0.0,S,0.0,44,0.0,0.0
695676,auger_steps,0.0,S,0.0,44,0.0,0.0
695769,auger_steps,0.0,S,0.0,44,0.0,0.0
695865,auger_steps,0.0,S,0.0,44,0.0,0.0
695961,auger_steps,0.0,S,0.0,44,0.0,0.0
696057,auger_steps,0.0,S,0.0,44,0.0,0.0
696153,auger_steps,0.0,S,0.0,44,0.0,0.0
696249,auger_steps,0.0,S,0.0,44,0.0,0.0
696344,auger_steps,0.0,S,0.0,44,0.0,0.0
696440,auger_steps,0.0,S,0.0,44,0.0,0.0
696536,auger_steps,0.0,S,0.0,44,0.0,0.0
696642,auger_steps,0.0,S,0.0,44,0.0,0.0
696822,auger_steps,0.0,S,0.0,44,0.0,0.0
696918,auger_steps,0.0,S,0.0,44,0.0,0.0
697013,auger_steps,0.0,S,0.0,44,0.0,0.0
697109,auger_steps,0.0,S,0.0,44,0.0,0.0
697205,auger_steps,0.0,S,0.0,44,0.0,0.0
697301,auger_steps,0.0,S,0.0,44,0.0,0.0
697397,auger_steps,0.0,S,0.0,44,0.0,0.0
697493,auger_steps,0.0,S,0.0,44,0.0,0.0
697586,auger_steps,0.0,S,0.0,44,0.0,0.0
697682,auger_steps,0.0,S,0.0,44,0.0,0.0
697778,auger_steps,0.0,S,0.0,44,0.0,0.0
697874,auger_steps,0.0,S,0.0,44,0.0,0.0
697970,auger_steps,0.0,S,0.0,44,0.0,0.0
698066,auger_steps,0.0,S,0.0,44,0.0,0.0
698161,auger_steps,0.0,S,0.0,44,0.0,0.0
698258,auger_steps,0.0,S,0.0,44,0.0,0.0
698353,auger_steps,0.0,S,0.0,44,0.0,0.0
698447,auger_steps,0.0,S,0.0,44,0.0,0.0
698543,auger_steps,0.0,S,0.0,44,0.0,0.0
698639,auger_steps,0.0,S,0.0,44,0.0,0.0
698735,auger_steps,0.0,S,0.0,44,0.0,0.0
701317,auger_steps,0.0,S,0.0,44,0.0,0.0
701412,auger_steps,0.0,S,0.0,44,0.0,0.0
701508,auger_steps,0.0,S,0.0,44,0.0,0.0
701604,auger_steps,0.0,S,0.0,44,0.0,0.0
701700,auger_steps,0.0,S,0.0,44,0.0,0.0
701796,auger_steps,0.0,S,0.0,44,0.0,0.0
701891,auger_steps,0.0,S,0.0,44,0.0,0.0
701985,auger_steps,0.0,S,0.0,44,0.0,0.0
702081,auger_steps,0.0,S,0.0,44,0.0,0.0
702177,auger_steps,0.0,S,0.0,44,0.0,0.0
702273,auger_steps,0.0,S,0.0,44,0.0,0.0
702369,auger_steps,0.0,S,0.0,44,0.0,0.0
702465,auger_steps,0.0,S,0.0,44,0.0,0.0
702561,auger_steps,0.0,S,0.0,44,0.0,0.0
702656,auger_steps,0.0,S,0.0,44,0.0,0.0
702752,auger_steps,0.0,S,0.0,44,0.0,0.0
702846,auger_steps,0.0,S,0.0,44,0.0,0.0
702942,auger_steps,0.0,S,0.0,44,0.0,0.0
703038,auger_steps,0.0,S,0.0,44,0.0,0.0
703133,auger_steps,0.0,S,0.0,44,0.0,0.0
703229,auger_steps,0.0,S,0.0,44,0.0,0.0
703325,auger_steps,0.0,S,0.0,44,0.0,0.0
703421,auger_steps,0.0,S,0.0,44,0.0,0.0
703517,auger_steps,0.0,S,0.0,44,0.0,0.0
703613,auger_steps,0.0,S,0.0,44,0.0,0.0
703707,auger_steps,0.0,S,0.0,44,0.0,0.0
703802,auger_steps,0.0,S,0.0,44,0.0,0.0
703898,auger_steps,0.0,S,0.0,44,0.0,0.0
703994,auger_steps,0.0,S,0.0,44,0.0,0.0
704090,auger_steps,0.0,S,0.0,44,0.0,0.0
704186,auger_steps,0.0,S,0.0,44,0.0,0.0
704282,auger_steps,0.0,S,0.0,44,0.0,0.0
704378,auger_steps,0.0,S,0.0,44,0.0,0.0
704473,auger_steps,0.0,S,0.0,44,0.0,0.0
704569,auger_steps,0.0,S,0.0,44,0.0,0.0
704663,auger_steps,0.0,S,0.0,44,0.0,0.0
704759,auger_steps,0.0,S,0.0,44,0.0,0.0
704855,auger_steps,0.0,S,0.0,44,0.0,0.0
704951,auger_steps,0.0,S,0.0,44,0.0,0.0
705047,auger_steps,0.0,S,0.0,44,0.0,0.0
705142,auger_steps,0.0,S,0.0,44,0.0,0.0
705238,auger_steps,0.0,S,0.0,44,0.0,0.0
707820,auger_steps,0.0,S,0.0,44,0.0,0.0
707916,auger_steps,0.0,S,0.0,44,0.0,0.0
708012,auger_steps,0.0,S,0.0,44,0.0,0.0
708108,auger_steps,0.0,S,0.0,44,0.0,0.0
708201,auger_steps,0.0,S,0.0,44,0.0,0.0
708297,auger_steps,0.0,S,0.0,44,0.0,0.0
708393,auger_steps,0.0,S,0.0,44,0.0,0.0
708489,auger_steps,0.0,S,0.0,44,0.0,0.0
708585,auger_steps,0.0,S,0.0,44,0.0,0.0
708681,auger_steps,0.0,S,0.0,44,0.0,0.0
708776,auger_steps,0.0,S,0.0,44,0.0,0.0
708872,auger_steps,0.0,S,0.0,44,0.0,0.0
708968,auger_steps,0.0,S,0.0,44,0.0,0.0
709062,auger_steps,0.0,S,0.0,44,0.0,0.0
709158,auger_steps,0.0,S,0.0,44,0.0,0.0
709254,auger_steps,0.0,S,0.0,44,0.0,0.0
709350,auger_steps,0.0,S,0.0,44,0.0,0.0
709445,auger_steps,0.0,S,0.0,44,0.0,0.0
709541,auger_steps,0.0,S,0.0,44,0.0,0.0
709637,auger_steps,0.0,S,0.0,44,0.0,0.0
709733,auger_steps,0.0,S,0.0,44,0.0,0.0
709829,auger_steps,0.0,S,0.0,44,0.0,0.0
709923,auger_steps,0.0,S,0.0,44,0.0,0.0
710018,auger_steps,0.0,S,0.0,44,0.0,0.0
710114,auger_steps,0.0,S,0.0,44,0.0,0.0
710210,auger_steps,0.0,S,0.0,44,0.0,0.0
710306,auger_steps,0.0,S,0.0,44,0.0,0.0
710402,auger_steps,0.0,S,0.0,44,0.0,0.0
710498,auger_steps,0.0,S,0.0,44,0.0,0.0
710594,auger_steps,0.0,S,0.0,44,0.0,0.0
710689,auger_steps,0.0,S,0.0,44,0.0,0.0
710785,auger_steps,0.0,S,0.0,44,0.0,0.0
710879,auger_steps,0.0,S,0.0,44,0.0,0.0
710975,auger_steps,0.0,S,0.0,44,0.0,0.0
711071,auger_steps,0.0,S,0.0,44,0.0,0.0
711167,auger_steps,0.0,S,0.0,44,0.0,0.0
711262,auger_steps,0.0,S,0.0,44,0.0,0.0
711358,auger_steps,0.0,S,0.0,44,0.0,0.0
711454,auger_steps,0.0,S,0.0,44,0.0,0.0
711550,auger_steps,0.0,S,0.0,44,0.0,0.0
711646,auger_steps,0.0,S,0.0,44,0.0,0.0
711740,auger_steps,0.0,S,0.0,44,0.0,0.0
714324,auger_steps,0.0,S,0.0,44,0.0,0.0
714417,auger_steps,0.0,S,0.0,44,0.0,0.0
714513,auger_steps,0.0,S,0.0,44,0.0,0.0
714609,auger_steps,0.0,S,0.0,44,0.0,0.0
714705,auger_steps,0.0,S,0.0,44,0.0,0.0
714801,auger_steps,0.0,S,0.0,44,0.0,0.0
714897,auger_steps,0.0,S,0.0,44,0.0,0.0
714993,auger_steps,0.0,S,0.0,44,0.0,0.0
715088,auger_steps,0.0,S,0.0,44,0.0,0.0
715196,auger_steps,0.0,S,0.0,44,0.0,0.0
715374,auger_steps,0.0,S,0.0,44,0.0,0.0
715470,auger_steps,0.0,S,0.0,44,0.0,0.0
715565,auger_steps,0.0,S,0.0,44,0.0,0.0
715662,auger_steps,0.0,S,0.0,44,0.0,0.0
715757,auger_steps,0.0,S,0.0,44,0.0,0.0
715853,auger_steps,0.0,S,0.0,44,0.0,0.0
715949,auger_steps,0.0,S,0.0,44,0.0,0.0
716045,auger_steps,0.0,S,0.0,44,0.0,0.0
716139,auger_steps,0.0,S,0.0,44,0.0,0.0
716234,auger_steps,0.0,S,0.0,44,0.0,0.0
716330,auger_steps,0.0,S,0.0,44,0.0,0.0
716426,auger_steps,0.0,S,0.0,44,0.0,0.0
716522,auger_steps,0.0,S,0.0,44,0.0,0.0
716618,auger_steps,0.0,S,0.0,44,0.0,0.0
716714,auger_steps,0.0,S,0.0,44,0.0,0.0
716810,auger_steps,0.0,S,0.0,44,0.0,0.0
716906,auger_steps,0.0,S,0.0,44,0.0,0.0
717001,auger_steps,0.0,S,0.0,44,0.0,0.0
717095,auger_steps,0.0,S,0.0,44,0.0,0.0
717191,auger_steps,0.0,S,0.0,44,0.0,0.0
717287,auger_steps,0.0,S,0.0,44,0.0,0.0
717383,auger_steps,0.0,S,0.0,44,0.0,0.0
717479,auger_steps,0.0,S,0.0,44,0.0,0.0
717574,auger_steps,0.0,S,0.0,44,0.0,0.0
717670,auger_steps,0.0,S,0.0,44,0.0,0.0
717766,auger_steps,0.0,S,0.0,44,0.0,0.0
717862,auger_steps,0.0,S,0.0,44,0.0,0.0
717956,auger_steps,0.0,S,0.0,44,0.0,0.0
718052,auger_steps,0.0,S,0.0,44,0.0,0.0
718147,auger_steps,0.0,S,0.0,44,0.0,0.0
718243,auger_steps,0.0,S,0.0,44,0.0,0.0
720825,auger_steps,0.0,S,0.0,44,0.0,0.0
720921,auger_steps,0.0,S,0.0,44,0.0,0.0
721017,auger_steps,0.0,S,0.0,44,0.0,0.0
721113,auger_steps,0.0,S,0.0,44,0.0,0.0
721208,auger_steps,0.0,S,0.0,44,0.0,0.0
721305,auger_steps,0.0,S,0.0,44,0.0,0.0
721400,auger_steps,0.0,S,0.0,44,0.0,0.0
721494,auger_steps,0.0,S,0.0,44,0.0,0.0
721590,auger_steps,0.0,S,0.0,44,0.0,0.0
721686,auger_steps,0.0,S,0.0,44,0.0,0.0
721782,auger_steps,0.0,S,0.0,44,0.0,0.0
721877,auger_steps,0.0,S,0.0,44,0.0,0.0
721973,auger_steps,0.0,S,0.0,44,0.0,0.0
722069,auger_steps,0.0,S,0.0,44,0.0,0.0
722165,auger_steps,0.0,S,0.0,44,0.0,0.0
722261,auger_steps,0.0,S,0.0,44,0.0,0.0
722355,auger_steps,0.0,S,0.0,44,0.0,0.0
722451,auger_steps,0.0,S,0.0,44,0.0,0.0
722547,auger_steps,0.0,S,0.0,44,0.0,0.0
722642,auger_steps,0.0,S,0.0,44,0.0,0.0
722738,auger_steps,0.0,S,0.0,44,0.0,0.0
722834,auger_steps,0.0,S,0.0,44,0.0,0.0
722930,auger_steps,0.0,S,0.0,44,0.0,0.0
723026,auger_steps,0.0,S,0.0,44,0.0,0.0
723121,auger_steps,0.0,S,0.0,44,0.0,0.0
723217,auger_steps,0.0,S,0.0,44,0.0,0.0
723311,auger_steps,0.0,S,0.0,44,0.0,0.0
723407,auger_steps,0.0,S,0.0,44,0.0,0.0
723503,auger_steps,0.0,S,0.0,44,0.0,0.0
723599,auger_steps,0.0,S,0.0,44,0.0,0.0
723695,auger_steps,0.0,S,0.0,44,0.0,0.0
723790,auger_steps,0.0,S,0.0,44,0.0,0.0
723886,auger_steps,0.0,S,0.0,44,0.0,0.0
723982,auger_steps,0.0,S,0.0,44,0.0,0.0
724078,auger_steps,0.0,S,0.0,44,0.0,0.0
724172,auger_steps,0.0,S,0.0,44,0.0,0.0
724268,auger_steps,0.0,S,0.0,44,0.0,0.0
724364,auger_steps,0.0,S,0.0,44,0.0,0.0
724459,auger_steps,0.0,S,0.0,44,0.0,0.0
724555,auger_steps,0.0,S,0.0,44,0.0,0.0
724651,auger_steps,0.0,S,0.0,44,0.0,0.0
724747,auger_steps,0.0,S,0.0,44,0.0,0.0
727329,auger_steps,0.0,S,0.0,44,0.0,0.0
727424,auger_steps,0.0,S,0.0,44,0.0,0.0
727520,auger_steps,0.0,S,0.0,44,0.0,0.0
727616,auger_steps,0.0,S,0.0,44,0.0,0.0
727710,auger_steps,0.0,S,0.0,44,0.0,0.0
727806,auger_steps,0.0,S,0.0,44,0.0,0.0
727902,auger_steps,0.0,S,0.0,44,0.0,0.0
727998,auger_steps,0.0,S,0.0,44,0.0,0.0
728093,auger_steps,0.0,S,0.0,44,0.0,0.0
728189,auger_steps,0.0,S,0.0,44,0.0,0.0
728285,auger_steps,0.0,S,0.0,44,0.0,0.0
728381,auger_steps,0.0,S,0.0,44,0.0,0.0
728477,auger_steps,0.0,S,0.0,44,0.0,0.0
728571,auger_steps,0.0,S,0.0,44,0.0,0.0
728667,auger_steps,0.0,S,0.0,44,0.0,0.0
728762,auger_steps,0.0,S,0.0,44,0.0,0.0
728858,auger_steps,0.0,S,0.0,44,0.0,0.0
728954,auger_steps,0.0,S,0.0,44,0.0,0.0
729050,auger_steps,0.0,S,0.0,44,0.0,0.0
729146,auger_steps,0.0,S,0.0,44,0.0,0.0
729242,auger_steps,0.0,S,0.0,44,0.0,0.0
729337,quiet_mid4,0.0,S,0.0,44,0.0,0.0
729433,quiet_mid4,0.0,S,0.0,44,0.0,0.0
729527,quiet_mid4,0.0,S,0.0,44,0.0,0.0
729623,quiet_mid4,0.0,S,0.0,44,0.0,0.0
729719,quiet_mid4,0.0,S,0.0,44,0.0,0.0
729815,quiet_mid4,0.0,S,0.0,44,0.0,0.0
729911,quiet_mid4,0.0,S,0.0,44,0.0,0.0
730006,quiet_mid4,0.0,S,0.0,44,0.0,0.0
730102,quiet_mid4,0.0,S,0.0,44,0.0,0.0
730198,quiet_mid4,0.0,S,0.0,44,0.0,0.0
730294,quiet_mid4,0.0,S,0.0,44,0.0,0.0
730388,quiet_mid4,0.0,S,0.0,44,0.0,0.0
730484,quiet_mid4,0.0,S,0.0,44,0.0,0.0
730580,quiet_mid4,0.0,S,0.0,44,0.0,0.0
730675,quiet_mid4,0.0,S,0.0,44,0.0,0.0
730771,quiet_mid4,0.0,S,0.0,44,0.0,0.0
730867,quiet_mid4,0.0,S,0.0,44,0.0,0.0
730963,quiet_mid4,0.0,S,0.0,44,0.0,0.0
731059,quiet_mid4,0.0,S,0.0,44,0.0,0.0
731155,quiet_mid4,0.0,S,0.0,44,0.0,0.0
731248,quiet_mid4,0.0,S,0.0,44,0.0,0.0
731344,quiet_mid4,0.0,S,0.0,44,0.0,0.0
731440,quiet_mid4,0.0,S,0.0,44,0.0,0.0
731536,quiet_mid4,0.0,S,0.0,44,0.0,0.0
731636,quiet_mid4,0.0,S,0.0,44,0.0,0.0
731728,quiet_mid4,0.0,S,0.0,44,0.0,0.0
731823,quiet_mid4,0.0,S,0.0,44,0.0,0.0
731919,quiet_mid4,0.0,S,0.0,44,0.0,0.0
732015,quiet_mid4,0.0,S,0.0,44,0.0,0.0
732109,quiet_mid4,0.0,S,0.0,44,0.0,0.0
732205,quiet_mid4,0.0,S,0.0,44,0.0,0.0
732301,quiet_mid4,0.0,S,0.0,44,0.0,0.0
732397,quiet_mid4,0.0,S,0.0,44,0.0,0.0
732492,quiet_mid4,0.0,S,0.0,44,0.0,0.0
732588,quiet_mid4,0.0,S,0.0,44,0.0,0.0
732684,quiet_mid4,0.0,S,0.0,44,0.0,0.0
732780,quiet_mid4,0.0,S,0.0,44,0.0,0.0
732876,quiet_mid4,0.0,S,0.0,44,0.0,0.0
732972,quiet_mid4,0.0,S,0.0,44,0.0,0.0
733065,quiet_mid4,0.0,S,0.0,44,0.0,0.0
733161,quiet_mid4,0.0,S,0.0,44,0.0,0.0
733257,quiet_mid4,0.0,S,0.0,44,0.0,0.0
733353,quiet_mid4,0.0,S,0.0,44,0.0,0.0
733449,quiet_mid4,0.0,S,0.0,44,0.0,0.0
733545,quiet_mid4,0.0,S,0.0,44,0.0,0.0
733641,quiet_mid4,0.0,S,0.0,44,0.0,0.0
733736,quiet_mid4,0.0,S,0.0,44,0.0,0.0
733832,quiet_mid4,0.0,S,0.0,44,0.0,0.0
733926,quiet_mid4,0.0,S,0.0,44,0.0,0.0
734022,quiet_mid4,0.0,S,0.0,44,0.0,0.0
734118,quiet_mid4,0.0,S,0.0,44,0.0,0.0
734214,quiet_mid4,0.0,S,0.0,44,0.0,0.0
734309,quiet_mid4,0.0,S,0.0,44,0.0,0.0
734405,quiet_mid4,0.0,S,0.0,44,0.0,0.0
734501,quiet_mid4,0.0,S,0.0,44,0.0,0.0
734597,quiet_mid4,0.0,S,0.0,44,0.0,0.0
734693,quiet_mid4,0.0,S,0.0,44,0.0,0.0
734787,quiet_mid4,0.0,S,0.0,44,0.0,0.0
734883,quiet_mid4,0.0,S,0.0,44,0.0,0.0
734979,quiet_mid4,0.0,S,0.0,44,0.0,0.0
735074,quiet_mid4,0.0,S,0.0,44,0.0,0.0
735170,quiet_mid4,0.0,S,0.0,44,0.0,0.0
735266,quiet_mid4,0.0,S,0.0,44,0.0,0.0
735362,quiet_mid4,0.0,S,0.0,44,0.0,0.0
735458,quiet_mid4,0.0,S,0.0,44,0.0,0.0
735553,quiet_mid4,0.0,S,0.0,44,0.0,0.0
735649,quiet_mid4,0.0,S,0.0,44,0.0,0.0
735743,quiet_mid4,0.0,S,0.0,44,0.0,0.0
735839,quiet_mid4,0.0,S,0.0,44,0.0,0.0
735935,quiet_mid4,0.0,S,0.0,44,0.0,0.0
736031,quiet_mid4,0.0,S,0.0,44,0.0,0.0
736127,quiet_mid4,0.0,S,0.0,44,0.0,0.0
736222,quiet_mid4,0.0,S,0.0,44,0.0,0.0
736318,quiet_mid4,0.0,S,0.0,44,0.0,0.0
736414,quiet_mid4,0.0,S,0.0,44,0.0,0.0
736510,quiet_mid4,0.0,S,0.0,44,0.0,0.0
736604,quiet_mid4,0.0,S,0.0,44,0.0,0.0
736700,quiet_mid4,0.0,S,0.0,44,0.0,0.0
736796,quiet_mid4,0.0,S,0.0,44,0.0,0.0
736891,quiet_mid4,0.0,S,0.0,44,0.0,0.0
736987,quiet_mid4,0.0,S,0.0,44,0.0,0.0
737083,quiet_mid4,0.0,S,0.0,44,0.0,0.0
737179,quiet_mid4,0.0,S,0.0,44,0.0,0.0
737275,quiet_mid4,0.0,S,0.0,44,0.0,0.0
737371,quiet_mid4,0.0,S,0.0,44,0.0,0.0
737464,quiet_mid4,0.0,S,0.0,44,0.0,0.0
737560,quiet_mid4,0.0,S,0.0,44,0.0,0.0
737656,quiet_mid4,0.0,S,0.0,44,0.0,0.0
737752,quiet_mid4,0.0,S,0.0,44,0.0,0.0
737848,quiet_mid4,0.0,S,0.0,44,0.0,0.0
737944,quiet_mid4,0.0,S,0.0,44,0.0,0.0
738039,quiet_mid4,0.0,S,0.0,44,0.0,0.0
738135,quiet_mid4,0.0,S,0.0,44,0.0,0.0
738231,quiet_mid4,0.0,S,0.0,44,0.0,0.0
738325,quiet_mid4,0.0,S,0.0,44,0.0,0.0
738421,quiet_mid4,0.0,S,0.0,44,0.0,0.0
738517,quiet_mid4,0.0,S,0.0,44,0.0,0.0
738613,quiet_mid4,0.0,S,0.0,44,0.0,0.0
738709,quiet_mid4,0.0,S,0.0,44,0.0,0.0
738804,quiet_mid4,0.0,S,0.0,44,0.0,0.0
738900,quiet_mid4,0.0,S,0.0,44,0.0,0.0
738996,quiet_mid4,0.0,S,0.0,44,0.0,0.0
739092,quiet_mid4,0.0,S,0.0,44,0.0,0.0
739188,quiet_mid4,0.0,S,0.0,44,0.0,0.0
739281,quiet_mid4,0.0,S,0.0,44,0.0,0.0
739377,quiet_mid4,0.0,S,0.0,44,0.0,0.0
739473,quiet_mid4,0.0,S,0.0,44,0.0,0.0
739569,quiet_mid4,0.0,S,0.0,44,0.0,0.0
739665,quiet_mid4,0.0,S,0.0,44,0.0,0.0
739761,quiet_mid4,0.0,S,0.0,44,0.0,0.0
739857,quiet_mid4,0.0,S,0.0,44,0.0,0.0
739952,quiet_mid4,0.0,S,0.0,44,0.0,0.0
740048,quiet_mid4,0.0,S,0.0,44,0.0,0.0
740142,quiet_mid4,0.0,S,0.0,44,0.0,0.0
740238,quiet_mid4,0.0,S,0.0,44,0.0,0.0
740334,quiet_mid4,0.0,S,0.0,44,0.0,0.0
740430,quiet_mid4,0.0,S,0.0,44,0.0,0.0
740526,quiet_mid4,0.0,S,0.0,44,0.0,0.0
740621,quiet_mid4,0.0,S,0.0,44,0.0,0.0
740717,quiet_mid4,0.0,S,0.0,44,0.0,0.0
740813,quiet_mid4,0.0,S,0.0,44,0.0,0.0
740909,quiet_mid4,0.0,S,0.0,44,0.0,0.0
741003,quiet_mid4,0.0,S,0.0,44,0.0,0.0
741099,quiet_mid4,0.0,S,0.0,44,0.0,0.0
741194,quiet_mid4,0.0,S,0.0,44,0.0,0.0
741290,quiet_mid4,0.0,S,0.0,44,0.0,0.0
741386,quiet_mid4,0.0,S,0.0,44,0.0,0.0
741482,quiet_mid4,0.0,S,0.0,44,0.0,0.0
741578,quiet_mid4,0.0,S,0.0,44,0.0,0.0
741674,quiet_mid4,0.0,S,0.0,44,0.0,0.0
741770,quiet_mid4,0.0,S,0.0,44,0.0,0.0
741865,quiet_mid4,0.0,S,0.0,44,0.0,0.0
741959,quiet_mid4,0.0,S,0.0,44,0.0,0.0
742055,quiet_mid4,0.0,S,0.0,44,0.0,0.0
742151,quiet_mid4,0.0,S,0.0,44,0.0,0.0
742247,quiet_mid4,0.0,S,0.0,44,0.0,0.0
742343,quiet_mid4,0.0,S,0.0,44,0.0,0.0
742438,quiet_mid4,0.0,S,0.0,44,0.0,0.0
742534,quiet_mid4,0.0,S,0.0,44,0.0,0.0
742630,quiet_mid4,0.0,S,0.0,44,0.0,0.0
742726,quiet_mid4,0.0,S,0.0,44,0.0,0.0
742820,quiet_mid4,0.0,S,0.0,44,0.0,0.0
742916,quiet_mid4,0.0,S,0.0,44,0.0,0.0
743012,quiet_mid4,0.0,S,0.0,44,0.0,0.0
743107,quiet_mid4,0.0,S,0.0,44,0.0,0.0
743203,quiet_mid4,0.0,S,0.0,44,0.0,0.0
743299,quiet_mid4,0.0,S,0.0,44,0.0,0.0
743395,quiet_mid4,0.0,S,0.0,44,0.0,0.0
743491,quiet_mid4,0.0,S,0.0,44,0.0,0.0
743587,quiet_mid4,0.0,S,0.0,44,0.0,0.0
743680,quiet_mid4,0.0,S,0.0,44,0.0,0.0
743776,quiet_mid4,0.0,S,0.0,44,0.0,0.0
743872,quiet_mid4,0.0,S,0.0,44,0.0,0.0
743968,quiet_mid4,0.0,S,0.0,44,0.0,0.0
744068,quiet_mid4,0.0,S,0.0,44,0.0,0.0
744160,quiet_mid4,0.0,S,0.0,44,0.0,0.0
744255,quiet_mid4,0.0,S,0.0,44,0.0,0.0
744351,quiet_mid4,0.0,S,0.0,44,0.0,0.0
744447,quiet_mid4,0.0,S,0.0,44,0.0,0.0
744541,quiet_mid4,0.0,S,0.0,44,0.0,0.0
744637,quiet_mid4,0.0,S,0.0,44,0.0,0.0
744733,quiet_mid4,0.0,S,0.0,44,0.0,0.0
744829,quiet_mid4,0.0,S,0.0,44,0.0,0.0
744924,quiet_mid4,0.0,S,0.0,44,0.0,0.0
745020,quiet_mid4,0.0,S,0.0,44,0.0,0.0
745116,quiet_mid4,0.0,S,0.0,44,0.0,0.0
745212,quiet_mid4,0.0,S,0.0,44,0.0,0.0
745308,quiet_mid4,0.0,S,0.0,44,0.0,0.0
745404,quiet_mid4,0.0,S,0.0,44,0.0,0.0
745497,quiet_mid4,0.0,S,0.0,44,0.0,0.0
745593,quiet_mid4,0.0,S,0.0,44,0.0,0.0
745689,quiet_mid4,0.0,S,0.0,44,0.0,0.0
745785,quiet_mid4,0.0,S,0.0,44,0.0,0.0
745881,quiet_mid4,0.0,S,0.0,44,0.0,0.0
745977,quiet_mid4,0.0,S,0.0,44,0.0,0.0
746073,quiet_mid4,0.0,S,0.0,44,0.0,0.0
746168,quiet_mid4,0.0,S,0.0,44,0.0,0.0
746264,quiet_mid4,0.0,S,0.0,44,0.0,0.0
746358,quiet_mid4,0.0,S,0.0,44,0.0,0.0
746454,quiet_mid4,0.0,S,0.0,44,0.0,0.0
746550,quiet_mid4,0.0,S,0.0,44,0.0,0.0
746646,quiet_mid4,0.0,S,0.0,44,0.0,0.0
746742,quiet_mid4,0.0,S,0.0,44,0.0,0.0
746837,quiet_mid4,0.0,S,0.0,44,0.0,0.0
746933,quiet_mid4,0.0,S,0.0,44,0.0,0.0
747029,quiet_mid4,0.0,S,0.0,44,0.0,0.0
747125,quiet_mid4,0.0,S,0.0,44,0.0,0.0
747219,quiet_mid4,0.0,S,0.0,44,0.0,0.0
747315,quiet_mid4,0.0,S,0.0,44,0.0,0.0
747410,quiet_mid4,0.0,S,0.0,44,0.0,0.0
747506,quiet_mid4,0.0,S,0.0,44,0.0,0.0
747602,quiet_mid4,0.0,S,0.0,44,0.0,0.0
747698,quiet_mid4,0.0,S,0.0,44,0.0,0.0
747794,quiet_mid4,0.0,S,0.0,44,0.0,0.0
747890,quiet_mid4,0.0,S,0.0,44,0.0,0.0
747985,quiet_mid4,0.0,S,0.0,44,0.0,0.0
748082,quiet_mid4,0.0,S,0.0,44,0.0,0.0
748175,quiet_mid4,0.0,S,0.0,44,0.0,0.0
748271,quiet_mid4,0.0,S,0.0,44,0.0,0.0
748367,quiet_mid4,0.0,S,0.0,44,0.0,0.0
748463,quiet_mid4,0.0,S,0.0,44,0.0,0.0
748559,quiet_mid4,0.0,S,0.0,44,0.0,0.0
748655,quiet_mid4,0.0,S,0.0,44,0.0,0.0
748750,quiet_mid4,0.0,S,0.0,44,0.0,0.0
748846,quiet_mid4,0.0,S,0.0,44,0.0,0.0
748942,quiet_mid4,0.0,S,0.0,44,0.0,0.0
749036,quiet_mid4,0.0,S,0.0,44,0.0,0.0
749132,quiet_mid4,0.0,S,0.0,44,0.0,0.0
749227,quiet_mid4,0.0,S,0.0,44,0.0,0.0
749323,quiet_mid4,0.0,S,0.0,44,0.0,0.0
749419,quiet_mid4,0.0,S,0.0,44,0.0,0.0
749515,quiet_mid4,0.0,S,0.0,44,0.0,0.0
749611,quiet_mid4,0.0,S,0.0,44,0.0,0.0
749707,quiet_mid4,0.0,S,0.0,44,0.0,0.0
749803,quiet_mid4,0.0,S,0.0,44,0.0,0.0
749896,quiet_mid4,0.0,S,0.0,44,0.0,0.0
749992,quiet_mid4,0.0,S,0.0,44,0.0,0.0
750088,quiet_mid4,0.0,S,0.0,44,0.0,0.0
750184,quiet_mid4,0.0,S,0.0,44,0.0,0.0
750280,quiet_mid4,0.0,S,0.0,44,0.0,0.0
750376,quiet_mid4,0.0,S,0.0,44,0.0,0.0
750472,quiet_mid4,0.0,S,0.0,44,0.0,0.0
750567,quiet_mid4,0.0,S,0.0,44,0.0,0.0
750663,quiet_mid4,0.0,S,0.0,44,0.0,0.0
750757,quiet_mid4,0.0,S,0.0,44,0.0,0.0
750853,quiet_mid4,0.0,S,0.0,44,0.0,0.0
750949,quiet_mid4,0.0,S,0.0,44,0.0,0.0
751045,quiet_mid4,0.0,S,0.0,44,0.0,0.0
751141,quiet_mid4,0.0,S,0.0,44,0.0,0.0
751236,quiet_mid4,0.0,S,0.0,44,0.0,0.0
751332,quiet_mid4,0.0,S,0.0,44,0.0,0.0
751428,quiet_mid4,0.0,S,0.0,44,0.0,0.0
751524,quiet_mid4,0.0,S,0.0,44,0.0,0.0
751620,quiet_mid4,0.0,S,0.0,44,0.0,0.0
751714,quiet_mid4,0.0,S,0.0,44,0.0,0.0
751809,quiet_mid4,0.0,S,0.0,44,0.0,0.0
751905,quiet_mid4,0.0,S,0.0,44,0.0,0.0
752001,quiet_mid4,0.0,S,0.0,44,0.0,0.0
752097,quiet_mid4,0.0,S,0.0,44,0.0,0.0
752193,quiet_mid4,0.0,S,0.0,44,0.0,0.0
752289,quiet_mid4,0.0,S,0.0,44,0.0,0.0
752384,quiet_mid4,0.0,S,0.0,44,0.0,0.0
752480,quiet_mid4,0.0,S,0.0,44,0.0,0.0
752574,quiet_mid4,0.0,S,0.0,44,0.0,0.0
752670,quiet_mid4,0.0,S,0.0,44,0.0,0.0
752766,quiet_mid4,0.0,S,0.0,44,0.0,0.0
752862,quiet_mid4,0.0,S,0.0,44,0.0,0.0
752958,quiet_mid4,0.0,S,0.0,44,0.0,0.0
753053,quiet_mid4,0.0,S,0.0,44,0.0,0.0
753149,quiet_mid4,0.0,S,0.0,44,0.0,0.0
753245,quiet_mid4,0.0,S,0.0,44,0.0,0.0
753341,quiet_mid4,0.0,S,0.0,44,0.0,0.0
753435,quiet_mid4,0.0,S,0.0,44,0.0,0.0
753531,quiet_mid4,0.0,S,0.0,44,0.0,0.0
753627,quiet_mid4,0.0,S,0.0,44,0.0,0.0
753722,quiet_mid4,0.0,S,0.0,44,0.0,0.0
753818,quiet_mid4,0.0,S,0.0,44,0.0,0.0
753914,quiet_mid4,0.0,S,0.0,44,0.0,0.0
754010,quiet_mid4,0.0,S,0.0,44,0.0,0.0
754106,quiet_mid4,0.0,S,0.0,44,0.0,0.0
754202,quiet_mid4,0.0,S,0.0,44,0.0,0.0
754297,quiet_mid4,0.0,S,0.0,44,0.0,0.0
754391,quiet_mid4,0.0,S,0.0,44,0.0,0.0
754487,quiet_mid4,0.0,S,0.0,44,0.0,0.0
754583,quiet_mid4,0.0,S,0.0,44,0.0,0.0
754679,quiet_mid4,0.0,S,0.0,44,0.0,0.0
754775,quiet_mid4,0.0,S,0.0,44,0.0,0.0
754870,quiet_mid4,0.0,S,0.0,44,0.0,0.0
754967,quiet_mid4,0.0,S,0.0,44,0.0,0.0
755062,quiet_mid4,0.0,S,0.0,44,0.0,0.0
755158,quiet_mid4,0.0,S,0.0,44,0.0,0.0
755252,quiet_mid4,0.0,S,0.0,44,0.0,0.0
755348,quiet_mid4,0.0,S,0.0,44,0.0,0.0
755444,quiet_mid4,0.0,S,0.0,44,0.0,0.0
755539,quiet_mid4,0.0,S,0.0,44,0.0,0.0
755635,quiet_mid4,0.0,S,0.0,44,0.0,0.0
755731,quiet_mid4,0.0,S,0.0,44,0.0,0.0
755827,quiet_mid4,0.0,S,0.0,44,0.0,0.0
755923,quiet_mid4,0.0,S,0.0,44,0.0,0.0
756019,quiet_mid4,0.0,S,0.0,44,0.0,0.0
756112,quiet_mid4,0.0,S,0.0,44,0.0,0.0
756208,quiet_mid4,0.0,S,0.0,44,0.0,0.0
756304,quiet_mid4,0.0,S,0.0,44,0.0,0.0
756400,quiet_mid4,0.0,S,0.0,44,0.0,0.0
756501,quiet_mid4,0.0,S,0.0,44,0.0,0.0
756592,quiet_mid4,0.0,S,0.0,44,0.0,0.0
756688,quiet_mid4,0.0,S,0.0,44,0.0,0.0
756783,quiet_mid4,0.0,S,0.0,44,0.0,0.0
756879,quiet_mid4,0.0,S,0.0,44,0.0,0.0
756973,quiet_mid4,0.0,S,0.0,44,0.0,0.0
757069,quiet_mid4,0.0,S,0.0,44,0.0,0.0
757165,quiet_mid4,0.0,S,0.0,44,0.0,0.0
757261,quiet_mid4,0.0,S,0.0,44,0.0,0.0
757357,quiet_mid4,0.0,S,0.0,44,0.0,0.0
757452,quiet_mid4,0.0,S,0.0,44,0.0,0.0
757548,quiet_mid4,0.0,S,0.0,44,0.0,0.0
757644,quiet_mid4,0.0,S,0.0,44,0.0,0.0
757740,quiet_mid4,0.0,S,0.0,44,0.0,0.0
757836,quiet_mid4,0.0,S,0.0,44,0.0,0.0
757930,quiet_mid4,0.0,S,0.0,44,0.0,0.0
758026,quiet_mid4,0.0,S,0.0,44,0.0,0.0
758121,quiet_mid4,0.0,S,0.0,44,0.0,0.0
758217,quiet_mid4,0.0,S,0.0,44,0.0,0.0
758313,quiet_mid4,0.0,S,0.0,44,0.0,0.0
758409,quiet_mid4,0.0,S,0.0,44,0.0,0.0
758505,quiet_mid4,0.0,S,0.0,44,0.0,0.0
758600,quiet_mid4,0.0,S,0.0,44,0.0,0.0
758696,quiet_mid4,0.0,S,0.0,44,0.0,0.0
758790,quiet_mid4,0.0,S,0.0,44,0.0,0.0
758886,quiet_mid4,0.0,S,0.0,44,0.0,0.0
758982,quiet_mid4,0.0,S,0.0,44,0.0,0.0
759078,quiet_mid4,0.0,S,0.0,44,0.0,0.0
759174,quiet_mid4,0.0,S,0.0,44,0.0,0.0
759269,quiet_mid4,0.0,S,0.0,44,0.0,0.0
759365,combined,0.0,S,55.0,44,0.0,0.0
759461,combined,0.0,S,55.0,44,0.0,0.0
759557,combined,0.0,S,55.0,44,0.0,0.0
759651,combined,0.0,S,55.0,44,0.0,0.0
759747,combined,0.0,S,55.0,44,0.0,0.0
759843,combined,0.0,S,55.0,44,0.0,0.0
759938,combined,0.0,S,55.0,44,0.0,0.0
760034,combined,0.0,S,55.0,44,0.0,0.0
760130,combined,0.0,S,55.0,44,0.0,0.0
760226,combined,0.0,S,55.0,44,0.0,0.0
760322,combined,0.0,S,55.0,44,0.0,0.0
760418,combined,0.0,S,55.0,44,0.0,0.0
760610,combined,0.0,S,55.0,45,0.0,0.0
760703,combined,0.0,S,55.0,45,0.0,0.0
760799,combined,0.0,S,55.0,45,0.0,0.0
760895,combined,0.0,S,55.0,45,0.0,0.0
760991,combined,0.0,S,55.0,45,0.0,0.0
761087,combined,0.0,S,55.0,45,0.0,0.0
761182,combined,0.0,S,55.0,45,0.0,0.0
761278,combined,0.0,S,55.0,45,0.0,0.0
761374,combined,0.0,S,55.0,45,0.0,0.0
761566,combined,0.0,S,55.0,46,0.0,0.0
761660,combined,0.0,S,55.0,46,0.0,0.0
761756,combined,0.0,S,55.0,46,0.0,0.0
761851,combined,0.0,S,55.0,46,0.0,0.0
761947,combined,0.0,S,55.0,46,0.0,0.0
762043,combined,0.0,S,55.0,46,0.0,0.0
762139,combined,0.0,S,55.0,46,0.0,0.0
762235,combined,0.0,S,55.0,46,0.0,0.0
762329,combined,0.0,S,55.0,46,0.0,0.0
762424,combined,0.0,S,55.0,46,0.0,0.0
762616,combined,0.0,S,55.0,47,0.0,0.0
762712,combined,0.0,S,55.0,47,0.0,0.0
762808,combined,0.0,S,55.0,47,0.0,0.0
762904,combined,0.0,S,55.0,47,0.0,0.0
762999,combined,0.0,S,55.0,47,0.0,0.0
763095,combined,0.0,S,55.0,47,0.0,0.0
763189,combined,0.0,S,55.0,47,0.0,0.0
763285,combined,0.0,S,55.0,47,0.0,0.0
763381,combined,0.0,S,55.0,47,0.0,0.0
763573,combined,0.0,S,55.0,48,0.0,0.0
763668,combined,0.0,S,55.0,48,0.0,0.0
763764,combined,0.0,S,55.0,48,0.0,0.0
763860,combined,0.0,S,55.0,48,0.0,0.0
763956,combined,0.0,S,55.0,48,0.0,0.0
764052,combined,0.0,S,55.0,48,0.0,0.0
764146,combined,0.0,S,55.0,48,0.0,0.0
764241,combined,0.0,S,55.0,48,0.0,0.0
764337,combined,0.0,S,55.0,48,0.0,0.0
764529,combined,0.0,S,55.0,49,0.0,0.0
764625,combined,0.0,S,55.0,49,0.0,0.0
764721,combined,0.0,S,55.0,49,0.0,0.0
764816,combined,0.0,S,55.0,49,0.0,0.0
764912,combined,0.0,S,55.0,49,0.0,0.0
765006,combined,0.0,S,55.0,49,0.0,0.0
765102,combined,0.0,S,55.0,49,0.0,0.0
765198,combined,0.0,S,55.0,49,0.0,0.0
765294,combined,0.0,S,55.0,49,0.0,0.0
765390,combined,0.0,S,55.0,49,0.0,0.0
765582,combined,0.0,S,55.0,50,0.0,0.0
765677,combined,0.0,S,55.0,50,0.0,0.0
765773,combined,0.0,S,55.0,50,0.0,0.0
765867,combined,0.0,S,55.0,50,0.0,0.0
765963,combined,0.0,S,55.0,50,0.0,0.0
766059,combined,0.0,S,55.0,50,0.0,0.0
766154,combined,0.0,S,55.0,50,0.0,0.0
766250,combined,0.0,S,55.0,50,0.0,0.0
766346,combined,0.0,S,55.0,50,0.0,0.0
766538,combined,0.0,S,55.0,51,0.0,0.0
766634,combined,0.0,S,55.0,51,0.0,0.0
766729,combined,0.0,S,55.0,51,0.0,0.0
766823,combined,0.0,S,55.0,51,0.0,0.0
766919,combined,0.0,S,55.0,51,0.0,0.0
767015,combined,0.0,S,55.0,51,0.0,0.0
767111,combined,0.0,S,55.0,51,0.0,0.0
767207,combined,0.0,S,55.0,51,0.0,0.0
767303,combined,0.0,S,55.0,51,0.0,0.0
767398,combined,0.0,S,55.0,51,0.0,0.0
767590,combined,0.0,S,55.0,52,0.0,0.0
767684,combined,0.0,S,55.0,52,0.0,0.0
767780,combined,0.0,S,55.0,52,0.0,0.0
767876,combined,0.0,S,55.0,52,0.0,0.0
767971,combined,0.0,S,55.0,52,0.0,0.0
768067,combined,0.0,S,55.0,52,0.0,0.0
768163,combined,0.0,S,55.0,52,0.0,0.0
768259,combined,0.0,S,55.0,52,0.0,0.0
768355,combined,0.0,S,55.0,52,0.0,0.0
768547,combined,0.0,S,55.0,53,0.0,0.0
768640,combined,0.0,S,55.0,53,0.0,0.0
768736,combined,0.0,S,55.0,53,0.0,0.0
768836,combined,0.0,S,55.0,53,0.0,0.0
768928,combined,0.0,S,55.0,53,0.0,0.0
769024,combined,0.0,S,55.0,53,0.0,0.0
769120,combined,0.0,S,55.0,53,0.0,0.0
769215,combined,0.0,S,55.0,53,0.0,0.0
769311,combined,0.0,S,55.0,53,0.0,0.0
769405,combined,0.0,S,55.0,53,0.0,0.0
769597,combined,0.0,S,55.0,54,0.0,0.0
769693,combined,0.0,S,55.0,54,0.0,0.0
769789,combined,0.0,S,55.0,54,0.0,0.0
769884,combined,0.0,S,55.0,54,0.0,0.0
769980,combined,0.0,S,55.0,54,0.0,0.0
770076,combined,0.0,S,55.0,54,0.0,0.0
770172,combined,0.0,S,55.0,54,0.0,0.0
770268,combined,0.0,S,55.0,54,0.0,0.0
770362,combined,0.0,S,55.0,54,0.0,0.0
770554,combined,0.0,S,55.0,55,0.0,0.0
770649,combined,0.0,S,55.0,55,0.0,0.0
770745,combined,0.0,S,55.0,55,0.0,0.0
770841,combined,0.0,S,55.0,55,0.0,0.0
770937,combined,0.0,S,55.0,55,0.0,0.0
771032,combined,0.0,S,55.0,55,0.0,0.0
771128,combined,0.0,S,55.0,55,0.0,0.0
771222,combined,0.0,S,55.0,55,0.0,0.0
771318,combined,0.0,S,55.0,55,0.0,0.0
771414,combined,0.0,S,55.0,55,0.0,0.0
771606,combined,0.0,S,55.0,56,0.0,0.0
771702,combined,0.0,S,55.0,56,0.0,0.0
771797,combined,0.0,S,55.0,56,0.0,0.0
771893,combined,0.0,S,55.0,56,0.0,0.0
771989,combined,0.0,S,55.0,56,0.0,0.0
772083,combined,0.0,S,55.0,56,0.0,0.0
772179,combined,0.0,S,55.0,56,0.0,0.0
772275,combined,0.0,S,55.0,56,0.0,0.0
772370,combined,0.0,S,55.0,56,0.0,0.0
772562,combined,0.0,S,55.0,57,0.0,0.0
772658,combined,0.0,S,55.0,57,0.0,0.0
772754,combined,0.0,S,55.0,57,0.0,0.0
772850,combined,0.0,S,55.0,57,0.0,0.0
772944,combined,0.0,S,55.0,57,0.0,0.0
773039,combined,0.0,S,55.0,57,0.0,0.0
773135,combined,0.0,S,55.0,57,0.0,0.0
773231,combined,0.0,S,55.0,57,0.0,0.0
773327,combined,0.0,S,55.0,57,0.0,0.0
773423,combined,0.0,S,55.0,57,0.0,0.0
773615,combined,0.0,S,55.0,58,0.0,0.0
773710,combined,0.0,S,55.0,58,0.0,0.0
773806,combined,0.0,S,55.0,58,0.0,0.0
773900,combined,0.0,S,55.0,58,0.0,0.0
773996,combined,0.0,S,55.0,58,0.0,0.0
774092,combined,0.0,S,55.0,58,0.0,0.0
774188,combined,0.0,S,55.0,58,0.0,0.0
774283,combined,0.0,S,55.0,58,0.0,0.0
774379,combined,0.0,S,55.0,58,0.0,0.0
774571,combined,0.0,S,55.0,59,0.0,0.0
774667,combined,0.0,S,55.0,59,0.0,0.0
774761,combined,0.0,S,55.0,59,0.0,0.0
774856,combined,0.0,S,55.0,59,0.0,0.0
774952,combined,0.0,S,55.0,59,0.0,0.0
775048,combined,0.0,S,55.0,59,0.0,0.0
775144,combined,0.0,S,55.0,59,0.0,0.0
775240,combined,0.0,S,55.0,59,0.0,0.0
775336,combined,0.0,S,55.0,59,0.0,0.0
775528,combined,0.0,S,55.0,60,0.0,0.0
775621,combined,0.0,S,55.0,60,0.0,0.0
775717,combined,0.0,S,55.0,60,0.0,0.0
775813,combined,0.0,S,55.0,60,0.0,0.0
775909,combined,0.0,S,55.0,60,0.0,0.0
776005,combined,0.0,S,55.0,60,0.0,0.0
776100,combined,0.0,S,55.0,60,0.0,0.0
776196,combined,0.0,S,55.0,60,0.0,0.0
776292,combined,0.0,S,55.0,60,0.0,0.0
776388,combined,0.0,S,55.0,60,0.0,0.0
776580,combined,0.0,S,55.0,61,0.0,0.0
776673,combined,0.0,S,55.0,61,0.0,0.0
776769,combined,0.0,S,55.0,61,0.0,0.0
776865,combined,0.0,S,55.0,61,0.0,0.0
776961,combined,0.0,S,55.0,61,0.0,0.0
777057,combined,0.0,S,55.0,61,0.0,0.0
777153,combined,0.0,S,55.0,61,0.0,0.0
777249,combined,0.0,S,55.0,61,0.0,0.0
777344,combined,0.0,S,55.0,61,0.0,0.0
777536,combined,0.0,S,55.0,62,0.0,0.0
777630,combined,0.0,S,55.0,62,0.0,0.0
777726,combined,0.0,S,55.0,62,0.0,0.0
777822,combined,0.0,S,55.0,62,0.0,0.0
777918,combined,0.0,S,55.0,62,0.0,0.0
778014,combined,0.0,S,55.0,62,0.0,0.0
778109,combined,0.0,S,55.0,62,0.0,0.0
778205,combined,0.0,S,55.0,62,0.0,0.0
778299,combined,0.0,S,55.0,62,0.0,0.0
778395,combined,0.0,S,55.0,62,0.0,0.0
778587,combined,0.0,S,55.0,63,0.0,0.0
778682,combined,0.0,S,55.0,63,0.0,0.0
778778,combined,0.0,S,55.0,63,0.0,0.0
778874,combined,0.0,S,55.0,63,0.0,0.0
778970,combined,0.0,S,55.0,63,0.0,0.0
779066,combined,0.0,S,55.0,63,0.0,0.0
779160,combined,0.0,S,55.0,63,0.0,0.0
779255,combined,0.0,S,55.0,63,0.0,0.0
779351,combined,0.0,S,55.0,63,0.0,0.0
779547,post_combined,0.0,S,0.0,64,0.0,0.0
779639,post_combined,0.0,S,0.0,64,0.0,0.0
779735,post_combined,0.0,S,0.0,64,0.0,0.0
779830,post_combined,0.0,S,0.0,64,0.0,0.0
779926,post_combined,0.0,S,0.0,64,0.0,0.0
780022,post_combined,0.0,S,0.0,64,0.0,0.0
780116,post_combined,0.0,S,0.0,64,0.0,0.0
780212,post_combined,0.0,S,0.0,64,0.0,0.0
780308,post_combined,0.0,S,0.0,64,0.0,0.0
780403,post_combined,0.0,S,0.0,64,0.0,0.0
780499,post_combined,0.0,S,0.0,64,0.0,0.0
780595,post_combined,0.0,S,0.0,64,0.0,0.0
780691,post_combined,0.0,S,0.0,64,0.0,0.0
780787,post_combined,0.0,S,0.0,64,0.0,0.0
780883,post_combined,0.0,S,0.0,64,0.0,0.0
780977,post_combined,0.0,S,0.0,64,0.0,0.0
781073,post_combined,0.0,S,0.0,64,0.0,0.0
781180,post_combined,0.0,S,0.0,64,0.0,0.0
781360,post_combined,0.0,S,0.0,64,0.0,0.0
781456,post_combined,0.0,S,0.0,64,0.0,0.0
781552,post_combined,0.0,S,0.0,64,0.0,0.0
781647,post_combined,0.0,S,0.0,64,0.0,0.0
781743,post_combined,0.0,S,0.0,64,0.0,0.0
781837,post_combined,0.0,S,0.0,64,0.0,0.0
781933,post_combined,0.0,S,0.0,64,0.0,0.0
782029,post_combined,0.0,S,0.0,64,0.0,0.0
782125,post_combined,0.0,S,0.0,64,0.0,0.0
782221,post_combined,0.0,S,0.0,64,0.0,0.0
782316,post_combined,0.0,S,0.0,64,0.0,0.0
782412,post_combined,0.0,S,0.0,64,0.0,0.0
782508,post_combined,0.0,S,0.0,64,0.0,0.0
782604,post_combined,0.0,S,0.0,64,0.0,0.0
782700,post_combined,0.0,S,0.0,64,0.0,0.0
782794,post_combined,0.0,S,0.0,64,0.0,0.0
782889,post_combined,0.0,S,0.0,64,0.0,0.0
782986,post_combined,0.0,S,0.0,64,0.0,0.0
783081,post_combined,0.0,S,0.0,64,0.0,0.0
783177,post_combined,0.0,S,0.0,64,0.0,0.0
783273,post_combined,0.0,S,0.0,64,0.0,0.0
783369,post_combined,0.0,S,0.0,64,0.0,0.0
783465,post_combined,0.0,S,0.0,64,0.0,0.0
783561,post_combined,0.0,S,0.0,64,0.0,0.0
783654,post_combined,0.0,S,0.0,64,0.0,0.0
783750,post_combined,0.0,S,0.0,64,0.0,0.0
783846,post_combined,0.0,S,0.0,64,0.0,0.0
783942,post_combined,0.0,S,0.0,64,0.0,0.0
784038,post_combined,0.0,S,0.0,64,0.0,0.0
784134,post_combined,0.0,S,0.0,64,0.0,0.0
784229,post_combined,0.0,S,0.0,64,0.0,0.0
784325,post_combined,0.0,S,0.0,64,0.0,0.0
784421,post_combined,0.0,S,0.0,64,0.0,0.0
784515,post_combined,0.0,S,0.0,64,0.0,0.0
784611,post_combined,0.0,S,0.0,64,0.0,0.0
784707,post_combined,0.0,S,0.0,64,0.0,0.0
784802,post_combined,0.0,S,0.0,64,0.0,0.0
784898,post_combined,0.0,S,0.0,64,0.0,0.0
784994,post_combined,0.0,S,0.0,64,0.0,0.0
785090,post_combined,0.0,S,0.0,64,0.0,0.0
785186,post_combined,0.0,S,0.0,64,0.0,0.0
785282,post_combined,0.0,S,0.0,64,0.0,0.0
785376,post_combined,0.0,S,0.0,64,0.0,0.0
785471,post_combined,0.0,S,0.0,64,0.0,0.0
785567,post_combined,0.0,S,0.0,64,0.0,0.0
785663,post_combined,0.0,S,0.0,64,0.0,0.0
785759,post_combined,0.0,S,0.0,64,0.0,0.0
785855,post_combined,0.0,S,0.0,64,0.0,0.0
785951,post_combined,0.0,S,0.0,64,0.0,0.0
786047,post_combined,0.0,S,0.0,64,0.0,0.0
786142,post_combined,0.0,S,0.0,64,0.0,0.0
786238,post_combined,0.0,S,0.0,64,0.0,0.0
786332,post_combined,0.0,S,0.0,64,0.0,0.0
786428,post_combined,0.0,S,0.0,64,0.0,0.0
786524,post_combined,0.0,S,0.0,64,0.0,0.0
786620,post_combined,0.0,S,0.0,64,0.0,0.0
786715,post_combined,0.0,S,0.0,64,0.0,0.0
786811,post_combined,0.0,S,0.0,64,0.0,0.0
786907,post_combined,0.0,S,0.0,64,0.0,0.0
787003,post_combined,0.0,S,0.0,64,0.0,0.0
787099,post_combined,0.0,S,0.0,64,0.0,0.0
787193,post_combined,0.0,S,0.0,64,0.0,0.0
787288,post_combined,0.0,S,0.0,64,0.0,0.0
787384,post_combined,0.0,S,0.0,64,0.0,0.0
787480,post_combined,0.0,S,0.0,64,0.0,0.0
787576,post_combined,0.0,S,0.0,64,0.0,0.0
787672,post_combined,0.0,S,0.0,64,0.0,0.0
787768,post_combined,0.0,S,0.0,64,0.0,0.0
787864,post_combined,0.0,S,0.0,64,0.0,0.0
787959,post_combined,0.0,S,0.0,64,0.0,0.0
788053,post_combined,0.0,S,0.0,64,0.0,0.0
788149,post_combined,0.0,S,0.0,64,0.0,0.0
788245,post_combined,0.0,S,0.0,64,0.0,0.0
788341,post_combined,0.0,S,0.0,64,0.0,0.0
788437,post_combined,0.0,S,0.0,64,0.0,0.0
788532,post_combined,0.0,S,0.0,64,0.0,0.0
788628,post_combined,0.0,S,0.0,64,0.0,0.0
788724,post_combined,0.0,S,0.0,64,0.0,0.0
788820,post_combined,0.0,S,0.0,64,0.0,0.0
788916,post_combined,0.0,S,0.0,64,0.0,0.0
789010,post_combined,0.0,S,0.0,64,0.0,0.0
789106,post_combined,0.0,S,0.0,64,0.0,0.0
789201,post_combined,0.0,S,0.0,64,0.0,0.0
789297,post_combined,0.0,S,0.0,64,0.0,0.0
789393,post_combined,0.0,S,0.0,64,0.0,0.0
789489,post_combined,0.0,S,0.0,64,0.0,0.0
789585,post_combined,0.0,S,0.0,64,0.0,0.0
789681,post_combined,0.0,S,0.0,64,0.0,0.0
789776,post_combined,0.0,S,0.0,64,0.0,0.0
789870,post_combined,0.0,S,0.0,64,0.0,0.0
789966,post_combined,0.0,S,0.0,64,0.0,0.0
790062,post_combined,0.0,S,0.0,64,0.0,0.0
790158,post_combined,0.0,S,0.0,64,0.0,0.0
790254,post_combined,0.0,S,0.0,64,0.0,0.0
790350,post_combined,0.0,S,0.0,64,0.0,0.0
790445,post_combined,0.0,S,0.0,64,0.0,0.0
790541,post_combined,0.0,S,0.0,64,0.0,0.0
790637,post_combined,0.0,S,0.0,64,0.0,0.0
790731,post_combined,0.0,S,0.0,64,0.0,0.0
790827,post_combined,0.0,S,0.0,64,0.0,0.0
790923,post_combined,0.0,S,0.0,64,0.0,0.0
791018,post_combined,0.0,S,0.0,64,0.0,0.0
791114,post_combined,0.0,S,0.0,64,0.0,0.0
791210,post_combined,0.0,S,0.0,64,0.0,0.0
791306,post_combined,0.0,S,0.0,64,0.0,0.0
791402,post_combined,0.0,S,0.0,64,0.0,0.0
791498,post_combined,0.0,S,0.0,64,0.0,0.0
791592,post_combined,0.0,S,0.0,64,0.0,0.0
791687,post_combined,0.0,S,0.0,64,0.0,0.0
791783,post_combined,0.0,S,0.0,64,0.0,0.0
791879,post_combined,0.0,S,0.0,64,0.0,0.0
791975,post_combined,0.0,S,0.0,64,0.0,0.0
792071,post_combined,0.0,S,0.0,64,0.0,0.0
792167,post_combined,0.0,S,0.0,64,0.0,0.0
792262,post_combined,0.0,S,0.0,64,0.0,0.0
792358,post_combined,0.0,S,0.0,64,0.0,0.0
792454,post_combined,0.0,S,0.0,64,0.0,0.0
792548,post_combined,0.0,S,0.0,64,0.0,0.0
792644,post_combined,0.0,S,0.0,64,0.0,0.0
792740,post_combined,0.0,S,0.0,64,0.0,0.0
792836,post_combined,0.0,S,0.0,64,0.0,0.0
792932,post_combined,0.0,S,0.0,64,0.0,0.0
793027,post_combined,0.0,S,0.0,64,0.0,0.0
793123,post_combined,0.0,S,0.0,64,0.0,0.0
793219,post_combined,0.0,S,0.0,64,0.0,0.0
793320,post_combined,0.0,S,0.0,64,0.0,0.0
793409,post_combined,0.0,S,0.0,64,0.0,0.0
793504,post_combined,0.0,S,0.0,64,0.0,0.0
793601,post_combined,0.0,S,0.0,64,0.0,0.0
793696,post_combined,0.0,S,0.0,64,0.0,0.0
793792,post_combined,0.0,S,0.0,64,0.0,0.0
793888,post_combined,0.0,S,0.0,64,0.0,0.0
793984,post_combined,0.0,S,0.0,64,0.0,0.0
794080,post_combined,0.0,S,0.0,64,0.0,0.0
794176,post_combined,0.0,S,0.0,64,0.0,0.0
794269,post_combined,0.0,S,0.0,64,0.0,0.0
794365,post_combined,0.0,S,0.0,64,0.0,0.0
794461,post_combined,0.0,S,0.0,64,0.0,0.0
794557,post_combined,0.0,S,0.0,64,0.0,0.0
794653,post_combined,0.0,S,0.0,64,0.0,0.0
794748,post_combined,0.0,S,0.0,64,0.0,0.0
794844,post_combined,0.0,S,0.0,64,0.0,0.0
794940,post_combined,0.0,S,0.0,64,0.0,0.0
795036,post_combined,0.0,S,0.0,64,0.0,0.0
795130,post_combined,0.0,S,0.0,64,0.0,0.0
795226,post_combined,0.0,S,0.0,64,0.0,0.0
795322,post_combined,0.0,S,0.0,64,0.0,0.0
795418,post_combined,0.0,S,0.0,64,0.0,0.0
795513,post_combined,0.0,S,0.0,64,0.0,0.0
795609,post_combined,0.0,S,0.0,64,0.0,0.0
795705,post_combined,0.0,S,0.0,64,0.0,0.0
795801,post_combined,0.0,S,0.0,64,0.0,0.0
795897,post_combined,0.0,S,0.0,64,0.0,0.0
795993,post_combined,0.0,S,0.0,64,0.0,0.0
796086,post_combined,0.0,S,0.0,64,0.0,0.0
796182,post_combined,0.0,S,0.0,64,0.0,0.0
796278,post_combined,0.0,S,0.0,64,0.0,0.0
796374,post_combined,0.0,S,0.0,64,0.0,0.0
796470,post_combined,0.0,S,0.0,64,0.0,0.0
796566,post_combined,0.0,S,0.0,64,0.0,0.0
796661,post_combined,0.0,S,0.0,64,0.0,0.0
796757,post_combined,0.0,S,0.0,64,0.0,0.0
796853,post_combined,0.0,S,0.0,64,0.0,0.0
796947,post_combined,0.0,S,0.0,64,0.0,0.0
797043,post_combined,0.0,S,0.0,64,0.0,0.0
797139,post_combined,0.0,S,0.0,64,0.0,0.0
797235,post_combined,0.0,S,0.0,64,0.0,0.0
797330,post_combined,0.0,S,0.0,64,0.0,0.0
797426,post_combined,0.0,S,0.0,64,0.0,0.0
797522,post_combined,0.0,S,0.0,64,0.0,0.0
797618,post_combined,0.0,S,0.0,64,0.0,0.0
797714,post_combined,0.0,S,0.0,64,0.0,0.0
797808,post_combined,0.0,S,0.0,64,0.0,0.0
797903,post_combined,0.0,S,0.0,64,0.0,0.0
797999,post_combined,0.0,S,0.0,64,0.0,0.0
798095,post_combined,0.0,S,0.0,64,0.0,0.0
798191,post_combined,0.0,S,0.0,64,0.0,0.0
798287,post_combined,0.0,S,0.0,64,0.0,0.0
798383,post_combined,0.0,S,0.0,64,0.0,0.0
798479,post_combined,0.0,S,0.0,64,0.0,0.0
798574,post_combined,0.0,S,0.0,64,0.0,0.0
798670,post_combined,0.0,S,0.0,64,0.0,0.0
798764,post_combined,0.0,S,0.0,64,0.0,0.0
798860,post_combined,0.0,S,0.0,64,0.0,0.0
798956,post_combined,0.0,S,0.0,64,0.0,0.0
799052,post_combined,0.0,S,0.0,64,0.0,0.0
799147,post_combined,0.0,S,0.0,64,0.0,0.0
799243,post_combined,0.0,S,0.0,64,0.0,0.0
799339,post_combined,0.0,S,0.0,64,0.0,0.0
799435,post_combined,0.0,S,0.0,64,0.0,0.0
800296,servo_moves,0.0,S,0.0,64,25.0,0.0
800391,servo_moves,0.0,S,0.0,64,25.0,0.0
800485,servo_moves,0.0,S,0.0,64,25.0,0.0
800581,servo_moves,0.0,S,0.0,64,25.0,0.0
800677,servo_moves,0.0,S,0.0,64,25.0,0.0
800773,servo_moves,0.0,S,0.0,64,25.0,0.0
800869,servo_moves,0.0,S,0.0,64,25.0,0.0
800964,servo_moves,0.0,S,0.0,64,25.0,0.0
801061,servo_moves,0.0,S,0.0,64,25.0,0.0
801156,servo_moves,0.0,S,0.0,64,25.0,0.0
801252,servo_moves,0.0,S,0.0,64,25.0,0.0
801346,servo_moves,0.0,S,0.0,64,25.0,0.0
801442,servo_moves,0.0,S,0.0,64,25.0,0.0
801538,servo_moves,0.0,S,0.0,64,25.0,0.0
801633,servo_moves,0.0,S,0.0,64,25.0,0.0
801729,servo_moves,0.0,S,0.0,64,25.0,0.0
801825,servo_moves,0.0,S,0.0,64,25.0,0.0
801921,servo_moves,0.0,S,0.0,64,25.0,0.0
802017,servo_moves,0.0,S,0.0,64,25.0,0.0
802113,servo_moves,0.0,S,0.0,64,25.0,0.0
802209,servo_moves,0.0,S,0.0,64,25.0,0.0
802302,servo_moves,0.0,S,0.0,64,25.0,0.0
802398,servo_moves,0.0,S,0.0,64,25.0,0.0
802494,servo_moves,0.0,S,0.0,64,25.0,0.0
802590,servo_moves,0.0,S,0.0,64,25.0,0.0
802686,servo_moves,0.0,S,0.0,64,25.0,0.0
802782,servo_moves,0.0,S,0.0,64,25.0,0.0
802878,servo_moves,0.0,S,0.0,64,25.0,0.0
802973,servo_moves,0.0,S,0.0,64,25.0,0.0
803069,servo_moves,0.0,S,0.0,64,25.0,0.0
803163,servo_moves,0.0,S,0.0,64,25.0,0.0
803259,servo_moves,0.0,S,0.0,64,25.0,0.0
803355,servo_moves,0.0,S,0.0,64,25.0,0.0
803451,servo_moves,0.0,S,0.0,64,25.0,0.0
803547,servo_moves,0.0,S,0.0,64,25.0,0.0
803642,servo_moves,0.0,S,0.0,64,25.0,0.0
803738,servo_moves,0.0,S,0.0,64,25.0,0.0
803834,servo_moves,0.0,S,0.0,64,25.0,0.0
803930,servo_moves,0.0,S,0.0,64,25.0,0.0
804024,servo_moves,0.0,S,0.0,64,25.0,0.0
804120,servo_moves,0.0,S,0.0,64,25.0,0.0
804215,servo_moves,0.0,S,0.0,64,25.0,0.0
804311,servo_moves,0.0,S,0.0,64,25.0,0.0
804407,servo_moves,0.0,S,0.0,64,25.0,0.0
804503,servo_moves,0.0,S,0.0,64,25.0,0.0
804599,servo_moves,0.0,S,0.0,64,25.0,0.0
804695,servo_moves,0.0,S,0.0,64,25.0,0.0
804790,servo_moves,0.0,S,0.0,64,25.0,0.0
804886,servo_moves,0.0,S,0.0,64,25.0,0.0
804980,servo_moves,0.0,S,0.0,64,25.0,0.0
805076,servo_moves,0.0,S,0.0,64,25.0,0.0
805172,servo_moves,0.0,S,0.0,64,25.0,0.0
805280,servo_moves,0.0,S,0.0,64,25.0,0.0
805459,servo_moves,0.0,S,0.0,64,25.0,0.0
805555,servo_moves,0.0,S,0.0,64,25.0,0.0
805651,servo_moves,0.0,S,0.0,64,25.0,0.0
805747,servo_moves,0.0,S,0.0,64,25.0,0.0
805841,servo_moves,0.0,S,0.0,64,25.0,0.0
805937,servo_moves,0.0,S,0.0,64,25.0,0.0
806032,servo_moves,0.0,S,0.0,64,25.0,0.0
806128,servo_moves,0.0,S,0.0,64,25.0,0.0
807085,servo_moves,0.0,S,0.0,64,0.0,0.0
807181,servo_moves,0.0,S,0.0,64,0.0,0.0
807276,servo_moves,0.0,S,0.0,64,0.0,0.0
807372,servo_moves,0.0,S,0.0,64,0.0,0.0
807468,servo_moves,0.0,S,0.0,64,0.0,0.0
807562,servo_moves,0.0,S,0.0,64,0.0,0.0
807658,servo_moves,0.0,S,0.0,64,0.0,0.0
807754,servo_moves,0.0,S,0.0,64,0.0,0.0
807849,servo_moves,0.0,S,0.0,64,0.0,0.0
807945,servo_moves,0.0,S,0.0,64,0.0,0.0
808041,servo_moves,0.0,S,0.0,64,0.0,0.0
808137,servo_moves,0.0,S,0.0,64,0.0,0.0
808233,servo_moves,0.0,S,0.0,64,0.0,0.0
808329,servo_moves,0.0,S,0.0,64,0.0,0.0
808425,servo_moves,0.0,S,0.0,64,0.0,0.0
808518,servo_moves,0.0,S,0.0,64,0.0,0.0
808614,servo_moves,0.0,S,0.0,64,0.0,0.0
808710,servo_moves,0.0,S,0.0,64,0.0,0.0
808806,servo_moves,0.0,S,0.0,64,0.0,0.0
808902,servo_moves,0.0,S,0.0,64,0.0,0.0
808998,servo_moves,0.0,S,0.0,64,0.0,0.0
809094,servo_moves,0.0,S,0.0,64,0.0,0.0
809189,servo_moves,0.0,S,0.0,64,0.0,0.0
809285,servo_moves,0.0,S,0.0,64,0.0,0.0
809379,servo_moves,0.0,S,0.0,64,0.0,0.0
809475,servo_moves,0.0,S,0.0,64,0.0,0.0
809571,servo_moves,0.0,S,0.0,64,0.0,0.0
809667,servo_moves,0.0,S,0.0,64,0.0,0.0
809762,servo_moves,0.0,S,0.0,64,0.0,0.0
809858,servo_moves,0.0,S,0.0,64,0.0,0.0
809954,servo_moves,0.0,S,0.0,64,0.0,0.0
810050,servo_moves,0.0,S,0.0,64,0.0,0.0
810146,servo_moves,0.0,S,0.0,64,0.0,0.0
810240,servo_moves,0.0,S,0.0,64,0.0,0.0
810335,servo_moves,0.0,S,0.0,64,0.0,0.0
810431,servo_moves,0.0,S,0.0,64,0.0,0.0
810527,servo_moves,0.0,S,0.0,64,0.0,0.0
810623,servo_moves,0.0,S,0.0,64,0.0,0.0
810719,servo_moves,0.0,S,0.0,64,0.0,0.0
810815,servo_moves,0.0,S,0.0,64,0.0,0.0
810911,servo_moves,0.0,S,0.0,64,0.0,0.0
811006,servo_moves,0.0,S,0.0,64,0.0,0.0
811102,servo_moves,0.0,S,0.0,64,0.0,0.0
811196,servo_moves,0.0,S,0.0,64,0.0,0.0
811292,servo_moves,0.0,S,0.0,64,0.0,0.0
811388,servo_moves,0.0,S,0.0,64,0.0,0.0
811484,servo_moves,0.0,S,0.0,64,0.0,0.0
811579,servo_moves,0.0,S,0.0,64,0.0,0.0
811675,servo_moves,0.0,S,0.0,64,0.0,0.0
811771,servo_moves,0.0,S,0.0,64,0.0,0.0
811867,servo_moves,0.0,S,0.0,64,0.0,0.0
811963,servo_moves,0.0,S,0.0,64,0.0,0.0
812057,servo_moves,0.0,S,0.0,64,0.0,0.0
812153,servo_moves,0.0,S,0.0,64,0.0,0.0
812248,servo_moves,0.0,S,0.0,64,0.0,0.0
812344,servo_moves,0.0,S,0.0,64,0.0,0.0
812440,servo_moves,0.0,S,0.0,64,0.0,0.0
812536,servo_moves,0.0,S,0.0,64,0.0,0.0
812632,servo_moves,0.0,S,0.0,64,0.0,0.0
812728,servo_moves,0.0,S,0.0,64,0.0,0.0
812823,servo_moves,0.0,S,0.0,64,0.0,0.0
812917,servo_moves,0.0,S,0.0,64,0.0,0.0
813013,servo_moves,0.0,S,0.0,64,0.0,0.0
815218,servo_moves,0.0,S,0.0,64,60.0,0.0
815310,servo_moves,0.0,S,0.0,64,60.0,0.0
815405,servo_moves,0.0,S,0.0,64,60.0,0.0
815501,servo_moves,0.0,S,0.0,64,60.0,0.0
815595,servo_moves,0.0,S,0.0,64,60.0,0.0
815691,servo_moves,0.0,S,0.0,64,60.0,0.0
815787,servo_moves,0.0,S,0.0,64,60.0,0.0
815883,servo_moves,0.0,S,0.0,64,60.0,0.0
815979,servo_moves,0.0,S,0.0,64,60.0,0.0
816074,servo_moves,0.0,S,0.0,64,60.0,0.0
816170,servo_moves,0.0,S,0.0,64,60.0,0.0
816266,servo_moves,0.0,S,0.0,64,60.0,0.0
816362,servo_moves,0.0,S,0.0,64,60.0,0.0
816456,servo_moves,0.0,S,0.0,64,60.0,0.0
816552,servo_moves,0.0,S,0.0,64,60.0,0.0
816647,servo_moves,0.0,S,0.0,64,60.0,0.0
816743,servo_moves,0.0,S,0.0,64,60.0,0.0
816839,servo_moves,0.0,S,0.0,64,60.0,0.0
816935,servo_moves,0.0,S,0.0,64,60.0,0.0
817031,servo_moves,0.0,S,0.0,64,60.0,0.0
817127,servo_moves,0.0,S,0.0,64,60.0,0.0
817223,servo_moves,0.0,S,0.0,64,60.0,0.0
817330,servo_moves,0.0,S,0.0,64,60.0,0.0
817508,servo_moves,0.0,S,0.0,64,60.0,0.0
817604,servo_moves,0.0,S,0.0,64,60.0,0.0
817700,servo_moves,0.0,S,0.0,64,60.0,0.0
817795,servo_moves,0.0,S,0.0,64,60.0,0.0
817891,servo_moves,0.0,S,0.0,64,60.0,0.0
817987,servo_moves,0.0,S,0.0,64,60.0,0.0
818083,servo_moves,0.0,S,0.0,64,60.0,0.0
818179,servo_moves,0.0,S,0.0,64,60.0,0.0
818273,servo_moves,0.0,S,0.0,64,60.0,0.0
818369,servo_moves,0.0,S,0.0,64,60.0,0.0
818465,servo_moves,0.0,S,0.0,64,60.0,0.0
818560,servo_moves,0.0,S,0.0,64,60.0,0.0
818656,servo_moves,0.0,S,0.0,64,60.0,0.0
818752,servo_moves,0.0,S,0.0,64,60.0,0.0
818848,servo_moves,0.0,S,0.0,64,60.0,0.0
818944,servo_moves,0.0,S,0.0,64,60.0,0.0
819040,servo_moves,0.0,S,0.0,64,60.0,0.0
819133,servo_moves,0.0,S,0.0,64,60.0,0.0
819229,servo_moves,0.0,S,0.0,64,60.0,0.0
819325,servo_moves,0.0,S,0.0,64,60.0,0.0
819421,servo_moves,0.0,S,0.0,64,60.0,0.0
819517,servo_moves,0.0,S,0.0,64,60.0,0.0
819613,servo_moves,0.0,S,0.0,64,60.0,0.0
819708,servo_moves,0.0,S,0.0,64,60.0,0.0
819804,servo_moves,0.0,S,0.0,64,60.0,0.0
819900,servo_moves,0.0,S,0.0,64,60.0,0.0
819994,servo_moves,0.0,S,0.0,64,60.0,0.0
820090,servo_moves,0.0,S,0.0,64,60.0,0.0
820186,servo_moves,0.0,S,0.0,64,60.0,0.0
820282,servo_moves,0.0,S,0.0,64,60.0,0.0
820377,servo_moves,0.0,S,0.0,64,60.0,0.0
820473,servo_moves,0.0,S,0.0,64,60.0,0.0
820569,servo_moves,0.0,S,0.0,64,60.0,0.0
820665,servo_moves,0.0,S,0.0,64,60.0,0.0
820761,servo_moves,0.0,S,0.0,64,60.0,0.0
820857,servo_moves,0.0,S,0.0,64,60.0,0.0
820950,servo_moves,0.0,S,0.0,64,60.0,0.0
821046,servo_moves,0.0,S,0.0,64,60.0,0.0
821143,servo_moves,0.0001,S,0.0,64,60.0,0.1
823348,servo_moves,0.0,S,0.0,64,0.0,0.0
823439,servo_moves,0.0,S,0.0,64,0.0,0.0
823533,servo_moves,0.0,S,0.0,64,0.0,0.0
823628,servo_moves,0.0,S,0.0,64,0.0,0.0
823724,servo_moves,0.0,S,0.0,64,0.0,0.0
823820,servo_moves,0.0,S,0.0,64,0.0,0.0
823916,servo_moves,0.0,S,0.0,64,0.0,0.0
824012,servo_moves,0.0,S,0.0,64,0.0,0.0
824108,servo_moves,0.0,S,0.0,64,0.0,0.0
824203,servo_moves,0.0,S,0.0,64,0.0,0.0
824299,servo_moves,0.0,S,0.0,64,0.0,0.0
824395,servo_moves,0.0,S,0.0,64,0.0,0.0
824489,servo_moves,0.0,S,0.0,64,0.0,0.0
824585,servo_moves,0.0,S,0.0,64,0.0,0.0
824680,servo_moves,0.0,S,0.0,64,0.0,0.0
824776,servo_moves,0.0,S,0.0,64,0.0,0.0
824872,servo_moves,0.0,S,0.0,64,0.0,0.0
824968,servo_moves,0.0,S,0.0,64,0.0,0.0
825064,servo_moves,0.0,S,0.0,64,0.0,0.0
825160,servo_moves,0.0,S,0.0,64,0.0,0.0
825256,servo_moves,0.0,S,0.0,64,0.0,0.0
825349,servo_moves,0.0,S,0.0,64,0.0,0.0
825445,servo_moves,0.0,S,0.0,64,0.0,0.0
825541,servo_moves,0.0,S,0.0,64,0.0,0.0
825637,servo_moves,0.0,S,0.0,64,0.0,0.0
825733,servo_moves,0.0,S,0.0,64,0.0,0.0
825829,servo_moves,0.0,S,0.0,64,0.0,0.0
825925,servo_moves,0.0,S,0.0,64,0.0,0.0
826022,servo_moves,-0.0001,S,0.0,64,0.0,-0.1
826117,servo_moves,-0.0001,S,0.0,64,0.0,-0.1
826211,servo_moves,-0.0001,S,0.0,64,0.0,-0.1
826306,servo_moves,0.0,S,0.0,64,0.0,0.0
826402,servo_moves,0.0,S,0.0,64,0.0,0.0
826498,servo_moves,0.0,S,0.0,64,0.0,0.0
826594,servo_moves,0.0,S,0.0,64,0.0,0.0
826689,servo_moves,0.0,S,0.0,64,0.0,0.0
826785,servo_moves,0.0,S,0.0,64,0.0,0.0
826881,servo_moves,0.0,S,0.0,64,0.0,0.0
826978,servo_moves,-0.0001,S,0.0,64,0.0,-0.1
827074,servo_moves,-0.0001,S,0.0,64,0.0,-0.1
827168,servo_moves,-0.0001,S,0.0,64,0.0,-0.1
827262,servo_moves,0.0,S,0.0,64,0.0,0.0
827358,servo_moves,0.0,S,0.0,64,0.0,0.0
827454,servo_moves,0.0,S,0.0,64,0.0,0.0
827550,servo_moves,0.0,S,0.0,64,0.0,0.0
827646,servo_moves,0.0,S,0.0,64,0.0,0.0
827742,servo_moves,0.0,S,0.0,64,0.0,0.0
827838,servo_moves,0.0,S,0.0,64,0.0,0.0
827933,servo_moves,0.0,S,0.0,64,0.0,0.0
828027,servo_moves,0.0,S,0.0,64,0.0,0.0
828123,servo_moves,0.0,S,0.0,64,0.0,0.0
828219,servo_moves,0.0,S,0.0,64,0.0,0.0
828315,servo_moves,0.0,S,0.0,64,0.0,0.0
828411,servo_moves,0.0,S,0.0,64,0.0,0.0
828506,servo_moves,0.0,S,0.0,64,0.0,0.0
828602,servo_moves,0.0,S,0.0,64,0.0,0.0
828698,servo_moves,0.0,S,0.0,64,0.0,0.0
828794,servo_moves,0.0,S,0.0,64,0.0,0.0
828888,servo_moves,0.0,S,0.0,64,0.0,0.0
828984,servo_moves,0.0,S,0.0,64,0.0,0.0
829080,servo_moves,0.0,S,0.0,64,0.0,0.0
829175,servo_moves,0.0,S,0.0,64,0.0,0.0
829271,servo_moves,0.0,S,0.0,64,0.0,0.0
829463,quiet_post,0.0,S,0.0,64,0.0,0.0
829559,quiet_post,0.0,S,0.0,64,0.0,0.0
829655,quiet_post,0.0,S,0.0,64,0.0,0.0
829748,quiet_post,0.0,S,0.0,64,0.0,0.0
829844,quiet_post,0.0,S,0.0,64,0.0,0.0
829940,quiet_post,0.0,S,0.0,64,0.0,0.0
830036,quiet_post,0.0,S,0.0,64,0.0,0.0
830132,quiet_post,0.0,S,0.0,64,0.0,0.0
830228,quiet_post,0.0,S,0.0,64,0.0,0.0
830323,quiet_post,0.0,S,0.0,64,0.0,0.0
830419,quiet_post,0.0,S,0.0,64,0.0,0.0
830515,quiet_post,0.0,S,0.0,64,0.0,0.0
830611,quiet_post,0.0,S,0.0,64,0.0,0.0
830705,quiet_post,0.0,S,0.0,64,0.0,0.0
830801,quiet_post,0.0,S,0.0,64,0.0,0.0
830897,quiet_post,0.0,S,0.0,64,0.0,0.0
830992,quiet_post,0.0,S,0.0,64,0.0,0.0
831088,quiet_post,0.0,S,0.0,64,0.0,0.0
831184,quiet_post,0.0,S,0.0,64,0.0,0.0
831280,quiet_post,0.0,S,0.0,64,0.0,0.0
831376,quiet_post,0.0,S,0.0,64,0.0,0.0
831472,quiet_post,0.0,S,0.0,64,0.0,0.0
831565,quiet_post,0.0,S,0.0,64,0.0,0.0
831661,quiet_post,0.0,S,0.0,64,0.0,0.0
831757,quiet_post,0.0,S,0.0,64,0.0,0.0
831853,quiet_post,0.0,S,0.0,64,0.0,0.0
831949,quiet_post,0.0,S,0.0,64,0.0,0.0
832045,quiet_post,0.0,S,0.0,64,0.0,0.0
832141,quiet_post,0.0,S,0.0,64,0.0,0.0
832236,quiet_post,0.0,S,0.0,64,0.0,0.0
832332,quiet_post,0.0,S,0.0,64,0.0,0.0
832426,quiet_post,0.0,S,0.0,64,0.0,0.0
832522,quiet_post,0.0,S,0.0,64,0.0,0.0
832618,quiet_post,0.0,S,0.0,64,0.0,0.0
832714,quiet_post,0.0,S,0.0,64,0.0,0.0
832809,quiet_post,0.0,S,0.0,64,0.0,0.0
832905,quiet_post,0.0,S,0.0,64,0.0,0.0
833001,quiet_post,0.0,S,0.0,64,0.0,0.0
833097,quiet_post,0.0,S,0.0,64,0.0,0.0
833193,quiet_post,0.0,S,0.0,64,0.0,0.0
833289,quiet_post,0.0,S,0.0,64,0.0,0.0
833382,quiet_post,0.0,S,0.0,64,0.0,0.0
833479,quiet_post,0.0,S,0.0,64,0.0,0.0
833574,quiet_post,0.0,S,0.0,64,0.0,0.0
833670,quiet_post,0.0,S,0.0,64,0.0,0.0
833766,quiet_post,0.0,S,0.0,64,0.0,0.0
833862,quiet_post,0.0,S,0.0,64,0.0,0.0
833958,quiet_post,0.0,S,0.0,64,0.0,0.0
834053,quiet_post,0.0,S,0.0,64,0.0,0.0
834149,quiet_post,0.0,S,0.0,64,0.0,0.0
834243,quiet_post,0.0,S,0.0,64,0.0,0.0
834339,quiet_post,0.0,S,0.0,64,0.0,0.0
834435,quiet_post,0.0,S,0.0,64,0.0,0.0
834531,quiet_post,0.0,S,0.0,64,0.0,0.0
834627,quiet_post,0.0,S,0.0,64,0.0,0.0
834722,quiet_post,0.0,S,0.0,64,0.0,0.0
834818,quiet_post,0.0,S,0.0,64,0.0,0.0
834914,quiet_post,0.0,S,0.0,64,0.0,0.0
835010,quiet_post,0.0,S,0.0,64,0.0,0.0
835104,quiet_post,0.0,S,0.0,64,0.0,0.0
835200,quiet_post,0.0,S,0.0,64,0.0,0.0
835295,quiet_post,0.0,S,0.0,64,0.0,0.0
835391,quiet_post,0.0,S,0.0,64,0.0,0.0
835487,quiet_post,0.0,S,0.0,64,0.0,0.0
835583,quiet_post,0.0,S,0.0,64,0.0,0.0
835679,quiet_post,0.0,S,0.0,64,0.0,0.0
835775,quiet_post,0.0,S,0.0,64,0.0,0.0
835871,quiet_post,0.0,S,0.0,64,0.0,0.0
835965,quiet_post,0.0,S,0.0,64,0.0,0.0
836060,quiet_post,0.0,S,0.0,64,0.0,0.0
836156,quiet_post,0.0,S,0.0,64,0.0,0.0
836252,quiet_post,0.0,S,0.0,64,0.0,0.0
836348,quiet_post,0.0,S,0.0,64,0.0,0.0
836444,quiet_post,0.0,S,0.0,64,0.0,0.0
836540,quiet_post,0.0,S,0.0,64,0.0,0.0
836635,quiet_post,0.0,S,0.0,64,0.0,0.0
836731,quiet_post,0.0,S,0.0,64,0.0,0.0
836827,quiet_post,0.0,S,0.0,64,0.0,0.0
836921,quiet_post,0.0,S,0.0,64,0.0,0.0
837017,quiet_post,0.0,S,0.0,64,0.0,0.0
837112,quiet_post,0.0,S,0.0,64,0.0,0.0
837209,quiet_post,0.0,S,0.0,64,0.0,0.0
837304,quiet_post,0.0,S,0.0,64,0.0,0.0
837400,quiet_post,0.0,S,0.0,64,0.0,0.0
837496,quiet_post,0.0,S,0.0,64,0.0,0.0
837592,quiet_post,0.0,S,0.0,64,0.0,0.0
837688,quiet_post,0.0,S,0.0,64,0.0,0.0
837781,quiet_post,0.0,S,0.0,64,0.0,0.0
837877,quiet_post,0.0,S,0.0,64,0.0,0.0
837973,quiet_post,0.0,S,0.0,64,0.0,0.0
838069,quiet_post,0.0,S,0.0,64,0.0,0.0
838165,quiet_post,0.0,S,0.0,64,0.0,0.0
838261,quiet_post,0.0,S,0.0,64,0.0,0.0
838357,quiet_post,0.0,S,0.0,64,0.0,0.0
838452,quiet_post,0.0,S,0.0,64,0.0,0.0
838548,quiet_post,0.0,S,0.0,64,0.0,0.0
838642,quiet_post,0.0,S,0.0,64,0.0,0.0
838738,quiet_post,0.0,S,0.0,64,0.0,0.0
838834,quiet_post,0.0,S,0.0,64,0.0,0.0
838930,quiet_post,0.0,S,0.0,64,0.0,0.0
839026,quiet_post,0.0,S,0.0,64,0.0,0.0
839121,quiet_post,0.0,S,0.0,64,0.0,0.0
839217,quiet_post,0.0,S,0.0,64,0.0,0.0
839313,quiet_post,0.0,S,0.0,64,0.0,0.0
839409,quiet_post,0.0,S,0.0,64,0.0,0.0
839505,quiet_post,0.0,S,0.0,64,0.0,0.0
839599,quiet_post,0.0,S,0.0,64,0.0,0.0
839694,quiet_post,0.0,S,0.0,64,0.0,0.0
839790,quiet_post,0.0,S,0.0,64,0.0,0.0
839886,quiet_post,0.0,S,0.0,64,0.0,0.0
839982,quiet_post,0.0,S,0.0,64,0.0,0.0
840078,quiet_post,0.0,S,0.0,64,0.0,0.0
840174,quiet_post,0.0,S,0.0,64,0.0,0.0
840270,quiet_post,0.0,S,0.0,64,0.0,0.0
840365,quiet_post,0.0,S,0.0,64,0.0,0.0
840459,quiet_post,0.0,S,0.0,64,0.0,0.0
840555,quiet_post,0.0,S,0.0,64,0.0,0.0
840651,quiet_post,0.0,S,0.0,64,0.0,0.0
840747,quiet_post,0.0,S,0.0,64,0.0,0.0
840843,quiet_post,0.0,S,0.0,64,0.0,0.0
840938,quiet_post,0.0,S,0.0,64,0.0,0.0
841034,quiet_post,0.0,S,0.0,64,0.0,0.0
841130,quiet_post,0.0,S,0.0,64,0.0,0.0
841226,quiet_post,0.0,S,0.0,64,0.0,0.0
841320,quiet_post,0.0,S,0.0,64,0.0,0.0
841416,quiet_post,0.0,S,0.0,64,0.0,0.0
841512,quiet_post,0.0,S,0.0,64,0.0,0.0
841607,quiet_post,0.0,S,0.0,64,0.0,0.0
841703,quiet_post,0.0,S,0.0,64,0.0,0.0
841896,quiet_post,0.0,S,0.0,64,0.0,0.0
841991,quiet_post,0.0,S,0.0,64,0.0,0.0
842087,quiet_post,0.0,S,0.0,64,0.0,0.0
842180,quiet_post,0.0,S,0.0,64,0.0,0.0
842276,quiet_post,0.0,S,0.0,64,0.0,0.0
842372,quiet_post,0.0,S,0.0,64,0.0,0.0
842468,quiet_post,0.0,S,0.0,64,0.0,0.0
842564,quiet_post,0.0,S,0.0,64,0.0,0.0
842660,quiet_post,0.0,S,0.0,64,0.0,0.0
842755,quiet_post,0.0,S,0.0,64,0.0,0.0
842852,quiet_post,0.0,S,0.0,64,0.0,0.0
842947,quiet_post,0.0,S,0.0,64,0.0,0.0
843043,quiet_post,0.0,S,0.0,64,0.0,0.0
843137,quiet_post,0.0,S,0.0,64,0.0,0.0
843233,quiet_post,0.0,S,0.0,64,0.0,0.0
843329,quiet_post,0.0,S,0.0,64,0.0,0.0
843424,quiet_post,0.0,S,0.0,64,0.0,0.0
843520,quiet_post,0.0,S,0.0,64,0.0,0.0
843616,quiet_post,0.0,S,0.0,64,0.0,0.0
843712,quiet_post,0.0,S,0.0,64,0.0,0.0
843808,quiet_post,0.0,S,0.0,64,0.0,0.0
843904,quiet_post,0.0,S,0.0,64,0.0,0.0
843997,quiet_post,0.0,S,0.0,64,0.0,0.0
844094,quiet_post,0.0,S,0.0,64,0.0,0.0
844189,quiet_post,0.0,S,0.0,64,0.0,0.0
844285,quiet_post,0.0,S,0.0,64,0.0,0.0
844381,quiet_post,0.0,S,0.0,64,0.0,0.0
844477,quiet_post,0.0,S,0.0,64,0.0,0.0
844573,quiet_post,0.0,S,0.0,64,0.0,0.0
844668,quiet_post,0.0,S,0.0,64,0.0,0.0
844764,quiet_post,0.0,S,0.0,64,0.0,0.0
844858,quiet_post,0.0,S,0.0,64,0.0,0.0
844954,quiet_post,0.0,S,0.0,64,0.0,0.0
845050,quiet_post,0.0,S,0.0,64,0.0,0.0
845146,quiet_post,0.0,S,0.0,64,0.0,0.0
845241,quiet_post,0.0,S,0.0,64,0.0,0.0
845337,quiet_post,0.0,S,0.0,64,0.0,0.0
845433,quiet_post,0.0,S,0.0,64,0.0,0.0
845529,quiet_post,0.0,S,0.0,64,0.0,0.0
845625,quiet_post,0.0,S,0.0,64,0.0,0.0
845721,quiet_post,0.0,S,0.0,64,0.0,0.0
845815,quiet_post,0.0,S,0.0,64,0.0,0.0
845911,quiet_post,0.0,S,0.0,64,0.0,0.0
846006,quiet_post,0.0,S,0.0,64,0.0,0.0
846102,quiet_post,0.0,S,0.0,64,0.0,0.0
846198,quiet_post,0.0,S,0.0,64,0.0,0.0
846294,quiet_post,0.0,S,0.0,64,0.0,0.0
846390,quiet_post,0.0,S,0.0,64,0.0,0.0
846485,quiet_post,0.0,S,0.0,64,0.0,0.0
846582,quiet_post,0.0,S,0.0,64,0.0,0.0
846675,quiet_post,0.0,S,0.0,64,0.0,0.0
846771,quiet_post,0.0,S,0.0,64,0.0,0.0
846867,quiet_post,0.0,S,0.0,64,0.0,0.0
846963,quiet_post,0.0,S,0.0,64,0.0,0.0
847059,quiet_post,0.0,S,0.0,64,0.0,0.0
847155,quiet_post,0.0,S,0.0,64,0.0,0.0
847250,quiet_post,0.0,S,0.0,64,0.0,0.0
847346,quiet_post,0.0,S,0.0,64,0.0,0.0
847442,quiet_post,0.0,S,0.0,64,0.0,0.0
847536,quiet_post,0.0,S,0.0,64,0.0,0.0
847632,quiet_post,0.0,S,0.0,64,0.0,0.0
847728,quiet_post,0.0,S,0.0,64,0.0,0.0
847823,quiet_post,0.0,S,0.0,64,0.0,0.0
847919,quiet_post,0.0,S,0.0,64,0.0,0.0
848015,quiet_post,0.0,S,0.0,64,0.0,0.0
848111,quiet_post,0.0,S,0.0,64,0.0,0.0
848207,quiet_post,0.0,S,0.0,64,0.0,0.0
848303,quiet_post,0.0,S,0.0,64,0.0,0.0
848397,quiet_post,0.0,S,0.0,64,0.0,0.0
848492,quiet_post,0.0,S,0.0,64,0.0,0.0
848588,quiet_post,0.0,S,0.0,64,0.0,0.0
848684,quiet_post,0.0,S,0.0,64,0.0,0.0
848780,quiet_post,0.0,S,0.0,64,0.0,0.0
848876,quiet_post,0.0,S,0.0,64,0.0,0.0
848971,quiet_post,0.0,S,0.0,64,0.0,0.0
849068,quiet_post,0.0,S,0.0,64,0.0,0.0
849163,quiet_post,0.0,S,0.0,64,0.0,0.0
849259,quiet_post,0.0,S,0.0,64,0.0,0.0
849353,quiet_post,0.0,S,0.0,64,0.0,0.0
849449,quiet_post,0.0,S,0.0,64,0.0,0.0
849545,quiet_post,0.0,S,0.0,64,0.0,0.0
849641,quiet_post,0.0,S,0.0,64,0.0,0.0
849736,quiet_post,0.0,S,0.0,64,0.0,0.0
849832,quiet_post,0.0,S,0.0,64,0.0,0.0
849928,quiet_post,0.0,S,0.0,64,0.0,0.0
850024,quiet_post,0.0,S,0.0,64,0.0,0.0
850120,quiet_post,0.0,S,0.0,64,0.0,0.0
850214,quiet_post,0.0,S,0.0,64,0.0,0.0
850309,quiet_post,0.0,S,0.0,64,0.0,0.0
850405,quiet_post,0.0,S,0.0,64,0.0,0.0
850501,quiet_post,0.0,S,0.0,64,0.0,0.0
850597,quiet_post,0.0,S,0.0,64,0.0,0.0
850693,quiet_post,0.0,S,0.0,64,0.0,0.0
850789,quiet_post,0.0,S,0.0,64,0.0,0.0
850884,quiet_post,0.0,S,0.0,64,0.0,0.0
850980,quiet_post,0.0,S,0.0,64,0.0,0.0
851074,quiet_post,0.0,S,0.0,64,0.0,0.0
851170,quiet_post,0.0,S,0.0,64,0.0,0.0
851266,quiet_post,0.0,S,0.0,64,0.0,0.0
851362,quiet_post,0.0,S,0.0,64,0.0,0.0
851458,quiet_post,0.0,S,0.0,64,0.0,0.0
851553,quiet_post,0.0,S,0.0,64,0.0,0.0
851649,quiet_post,0.0,S,0.0,64,0.0,0.0
851745,quiet_post,0.0,S,0.0,64,0.0,0.0
851841,quiet_post,0.0,S,0.0,64,0.0,0.0
851937,quiet_post,0.0,S,0.0,64,0.0,0.0
852031,quiet_post,0.0,S,0.0,64,0.0,0.0
852126,quiet_post,0.0,S,0.0,64,0.0,0.0
852222,quiet_post,0.0,S,0.0,64,0.0,0.0
852318,quiet_post,0.0,S,0.0,64,0.0,0.0
852414,quiet_post,0.0,S,0.0,64,0.0,0.0
852510,quiet_post,0.0,S,0.0,64,0.0,0.0
852606,quiet_post,0.0,S,0.0,64,0.0,0.0
852702,quiet_post,0.0,S,0.0,64,0.0,0.0
852797,quiet_post,0.0,S,0.0,64,0.0,0.0
852891,quiet_post,0.0,S,0.0,64,0.0,0.0
852987,quiet_post,0.0,S,0.0,64,0.0,0.0
853083,quiet_post,0.0,S,0.0,64,0.0,0.0
853179,quiet_post,0.0,S,0.0,64,0.0,0.0
853275,quiet_post,0.0,S,0.0,64,0.0,0.0
853370,quiet_post,0.0,S,0.0,64,0.0,0.0
853466,quiet_post,0.0,S,0.0,64,0.0,0.0
853562,quiet_post,0.0,S,0.0,64,0.0,0.0
853658,quiet_post,0.0,S,0.0,64,0.0,0.0
853752,quiet_post,0.0,S,0.0,64,0.0,0.0
853848,quiet_post,0.0,S,0.0,64,0.0,0.0
853944,quiet_post,0.0,S,0.0,64,0.0,0.0
854039,quiet_post,0.0,S,0.0,64,0.0,0.0
854135,quiet_post,0.0,S,0.0,64,0.0,0.0
854236,quiet_post,0.0,S,0.0,64,0.0,0.0
854327,quiet_post,0.0,S,0.0,64,0.0,0.0
854423,quiet_post,0.0,S,0.0,64,0.0,0.0
854519,quiet_post,0.0,S,0.0,64,0.0,0.0
854612,quiet_post,0.0,S,0.0,64,0.0,0.0
854708,quiet_post,0.0,S,0.0,64,0.0,0.0
854804,quiet_post,0.0,S,0.0,64,0.0,0.0
854900,quiet_post,0.0,S,0.0,64,0.0,0.0
854996,quiet_post,0.0,S,0.0,64,0.0,0.0
855092,quiet_post,0.0,S,0.0,64,0.0,0.0
855188,quiet_post,0.0,S,0.0,64,0.0,0.0
855283,quiet_post,0.0,S,0.0,64,0.0,0.0
855379,quiet_post,0.0,S,0.0,64,0.0,0.0
855475,quiet_post,0.0,S,0.0,64,0.0,0.0
855569,quiet_post,0.0,S,0.0,64,0.0,0.0
855665,quiet_post,0.0,S,0.0,64,0.0,0.0
855761,quiet_post,0.0,S,0.0,64,0.0,0.0
855856,quiet_post,0.0,S,0.0,64,0.0,0.0
855952,quiet_post,0.0,S,0.0,64,0.0,0.0
856048,quiet_post,0.0,S,0.0,64,0.0,0.0
856144,quiet_post,0.0,S,0.0,64,0.0,0.0
856240,quiet_post,0.0,S,0.0,64,0.0,0.0
856336,quiet_post,0.0,S,0.0,64,0.0,0.0
856430,quiet_post,0.0,S,0.0,64,0.0,0.0
856526,quiet_post,0.0,S,0.0,64,0.0,0.0
856621,quiet_post,0.0,S,0.0,64,0.0,0.0
856717,quiet_post,0.0,S,0.0,64,0.0,0.0
856813,quiet_post,0.0,S,0.0,64,0.0,0.0
856909,quiet_post,0.0,S,0.0,64,0.0,0.0
857005,quiet_post,0.0,S,0.0,64,0.0,0.0
857100,quiet_post,0.0,S,0.0,64,0.0,0.0
857196,quiet_post,0.0,S,0.0,64,0.0,0.0
857290,quiet_post,0.0,S,0.0,64,0.0,0.0
857386,quiet_post,0.0,S,0.0,64,0.0,0.0
857482,quiet_post,0.0,S,0.0,64,0.0,0.0
857578,quiet_post,0.0,S,0.0,64,0.0,0.0
857674,quiet_post,0.0,S,0.0,64,0.0,0.0
857769,quiet_post,0.0,S,0.0,64,0.0,0.0
857865,quiet_post,0.0,S,0.0,64,0.0,0.0
857961,quiet_post,0.0,S,0.0,64,0.0,0.0
858057,quiet_post,0.0,S,0.0,64,0.0,0.0
858153,quiet_post,0.0,S,0.0,64,0.0,0.0
858247,quiet_post,0.0,S,0.0,64,0.0,0.0
858342,quiet_post,0.0,S,0.0,64,0.0,0.0
858438,quiet_post,0.0,S,0.0,64,0.0,0.0
858534,quiet_post,0.0,S,0.0,64,0.0,0.0
858630,quiet_post,0.0,S,0.0,64,0.0,0.0
858726,quiet_post,0.0,S,0.0,64,0.0,0.0
858822,quiet_post,0.0,S,0.0,64,0.0,0.0
858918,quiet_post,0.0,S,0.0,64,0.0,0.0
859014,quiet_post,0.0,S,0.0,64,0.0,0.0
859107,quiet_post,0.0,S,0.0,64,0.0,0.0
859203,quiet_post,0.0,S,0.0,64,0.0,0.0
859299,quiet_post,0.0,S,0.0,64,0.0,0.0
859395,quiet_post,0.0,S,0.0,64,0.0,0.0
859491,quiet_post,0.0,S,0.0,64,0.0,0.0
859587,quiet_post,0.0,S,0.0,64,0.0,0.0
859682,quiet_post,0.0,S,0.0,64,0.0,0.0
859778,quiet_post,0.0,S,0.0,64,0.0,0.0
859874,quiet_post,0.0,S,0.0,64,0.0,0.0
859968,quiet_post,0.0,S,0.0,64,0.0,0.0
860064,quiet_post,0.0,S,0.0,64,0.0,0.0
860160,quiet_post,0.0,S,0.0,64,0.0,0.0
860255,quiet_post,0.0,S,0.0,64,0.0,0.0
860351,quiet_post,0.0,S,0.0,64,0.0,0.0
860447,quiet_post,0.0,S,0.0,64,0.0,0.0
860543,quiet_post,0.0,S,0.0,64,0.0,0.0
860639,quiet_post,0.0,S,0.0,64,0.0,0.0
860735,quiet_post,0.0,S,0.0,64,0.0,0.0
860829,quiet_post,0.0,S,0.0,64,0.0,0.0
860924,quiet_post,0.0,S,0.0,64,0.0,0.0
861020,quiet_post,0.0,S,0.0,64,0.0,0.0
861116,quiet_post,0.0,S,0.0,64,0.0,0.0
861212,quiet_post,0.0,S,0.0,64,0.0,0.0
861308,quiet_post,0.0,S,0.0,64,0.0,0.0
861404,quiet_post,0.0,S,0.0,64,0.0,0.0
861499,quiet_post,0.0,S,0.0,64,0.0,0.0
861595,quiet_post,0.0,S,0.0,64,0.0,0.0
861691,quiet_post,0.0,S,0.0,64,0.0,0.0
861785,quiet_post,0.0,S,0.0,64,0.0,0.0
861881,quiet_post,0.0,S,0.0,64,0.0,0.0
861977,quiet_post,0.0,S,0.0,64,0.0,0.0
862073,quiet_post,0.0,S,0.0,64,0.0,0.0
862168,quiet_post,0.0,S,0.0,64,0.0,0.0
862264,quiet_post,0.0,S,0.0,64,0.0,0.0
862360,quiet_post,0.0,S,0.0,64,0.0,0.0
862456,quiet_post,0.0,S,0.0,64,0.0,0.0
862552,quiet_post,0.0,S,0.0,64,0.0,0.0
862646,quiet_post,0.0,S,0.0,64,0.0,0.0
862741,quiet_post,0.0,S,0.0,64,0.0,0.0
862838,quiet_post,0.0,S,0.0,64,0.0,0.0
862933,quiet_post,0.0,S,0.0,64,0.0,0.0
863029,quiet_post,0.0,S,0.0,64,0.0,0.0
863125,quiet_post,0.0,S,0.0,64,0.0,0.0
863221,quiet_post,0.0,S,0.0,64,0.0,0.0
863317,quiet_post,0.0,S,0.0,64,0.0,0.0
863412,quiet_post,0.0,S,0.0,64,0.0,0.0
863506,quiet_post,0.0,S,0.0,64,0.0,0.0
863602,quiet_post,0.0,S,0.0,64,0.0,0.0
863698,quiet_post,0.0,S,0.0,64,0.0,0.0
863794,quiet_post,0.0,S,0.0,64,0.0,0.0
863890,quiet_post,0.0,S,0.0,64,0.0,0.0
863985,quiet_post,0.0,S,0.0,64,0.0,0.0
864081,quiet_post,0.0,S,0.0,64,0.0,0.0
864177,quiet_post,0.0,S,0.0,64,0.0,0.0
864273,quiet_post,0.0,S,0.0,64,0.0,0.0
864367,quiet_post,0.0,S,0.0,64,0.0,0.0
864463,quiet_post,0.0,S,0.0,64,0.0,0.0
864559,quiet_post,0.0,S,0.0,64,0.0,0.0
864654,quiet_post,0.0,S,0.0,64,0.0,0.0
864750,quiet_post,0.0,S,0.0,64,0.0,0.0
864846,quiet_post,0.0,S,0.0,64,0.0,0.0
864942,quiet_post,0.0,S,0.0,64,0.0,0.0
865038,quiet_post,0.0,S,0.0,64,0.0,0.0
865134,quiet_post,0.0,S,0.0,64,0.0,0.0
865229,quiet_post,0.0,S,0.0,64,0.0,0.0
865323,quiet_post,0.0,S,0.0,64,0.0,0.0
865419,quiet_post,0.0,S,0.0,64,0.0,0.0
865515,quiet_post,0.0,S,0.0,64,0.0,0.0
865611,quiet_post,0.0,S,0.0,64,0.0,0.0
865707,quiet_post,0.0,S,0.0,64,0.0,0.0
865802,quiet_post,0.0,S,0.0,64,0.0,0.0
865898,quiet_post,0.0,S,0.0,64,0.0,0.0
865994,quiet_post,0.0,S,0.0,64,0.0,0.0
866090,quiet_post,0.0,S,0.0,64,0.0,0.0
866184,quiet_post,0.0,S,0.0,64,0.0,0.0
866280,quiet_post,0.0,S,0.0,64,0.0,0.0
866376,quiet_post,0.0,S,0.0,64,0.0,0.0
866471,quiet_post,0.0,S,0.0,64,0.0,0.0
866567,quiet_post,0.0,S,0.0,64,0.0,0.0
866668,quiet_post,0.0,S,0.0,64,0.0,0.0
866759,quiet_post,0.0,S,0.0,64,0.0,0.0
866855,quiet_post,0.0,S,0.0,64,0.0,0.0
866951,quiet_post,0.0,S,0.0,64,0.0,0.0
867045,quiet_post,0.0,S,0.0,64,0.0,0.0
867141,quiet_post,0.0,S,0.0,64,0.0,0.0
867236,quiet_post,0.0,S,0.0,64,0.0,0.0
867332,quiet_post,0.0,S,0.0,64,0.0,0.0
867428,quiet_post,0.0,S,0.0,64,0.0,0.0
867524,quiet_post,0.0,S,0.0,64,0.0,0.0
867620,quiet_post,0.0,S,0.0,64,0.0,0.0
867715,quiet_post,0.0,S,0.0,64,0.0,0.0
867811,quiet_post,0.0,S,0.0,64,0.0,0.0
867907,quiet_post,0.0,S,0.0,64,0.0,0.0
868001,quiet_post,0.0,S,0.0,64,0.0,0.0
868097,quiet_post,0.0,S,0.0,64,0.0,0.0
868193,quiet_post,0.0,S,0.0,64,0.0,0.0
868289,quiet_post,0.0,S,0.0,64,0.0,0.0
868384,quiet_post,0.0,S,0.0,64,0.0,0.0
868480,quiet_post,0.0,S,0.0,64,0.0,0.0
868576,quiet_post,0.0,S,0.0,64,0.0,0.0
868672,quiet_post,0.0,S,0.0,64,0.0,0.0
868768,quiet_post,0.0,S,0.0,64,0.0,0.0
868862,quiet_post,0.0,S,0.0,64,0.0,0.0
868958,quiet_post,0.0,S,0.0,64,0.0,0.0
869053,quiet_post,0.0,S,0.0,64,0.0,0.0
869149,quiet_post,0.0,S,0.0,64,0.0,0.0
869245,quiet_post,0.0,S,0.0,64,0.0,0.0
869341,quiet_post,0.0,S,0.0,64,0.0,0.0
869437,quiet_post,0.0,S,0.0,64,0.0,0.0
869533,quiet_post,0.0,S,0.0,64,0.0,0.0
869629,quiet_post,0.0003,U,0.0,64,0.0,0.3
869722,quiet_post,0.0004,U,0.0,64,0.0,0.4
869818,quiet_post,0.0003,U,0.0,64,0.0,0.3
869914,quiet_post,0.0003,U,0.0,64,0.0,0.3
870010,quiet_post,0.0002,U,0.0,64,0.0,0.2
870106,quiet_post,0.0002,U,0.0,64,0.0,0.2
870202,quiet_post,0.0001,U,0.0,64,0.0,0.1
870297,quiet_post,0.0001,U,0.0,64,0.0,0.1
870393,quiet_post,0.0001,U,0.0,64,0.0,0.1
870489,quiet_post,0.0001,S,0.0,64,0.0,0.1
870583,quiet_post,0.0001,S,0.0,64,0.0,0.1
870679,quiet_post,0.0001,S,0.0,64,0.0,0.1
870775,quiet_post,0.0001,S,0.0,64,0.0,0.1
870871,quiet_post,0.0002,S,0.0,64,0.0,0.2
870967,quiet_post,0.0002,S,0.0,64,0.0,0.2
871063,quiet_post,0.0002,S,0.0,64,0.0,0.2
871158,quiet_post,0.0002,S,0.0,64,0.0,0.2
871254,quiet_post,0.0002,S,0.0,64,0.0,0.2
871350,quiet_post,0.0002,S,0.0,64,0.0,0.2
871446,quiet_post,0.0002,S,0.0,64,0.0,0.2
871540,quiet_post,0.0001,S,0.0,64,0.0,0.1
871636,quiet_post,0.0001,S,0.0,64,0.0,0.1
871731,quiet_post,0.0001,S,0.0,64,0.0,0.1
871827,quiet_post,0.0001,S,0.0,64,0.0,0.1
871923,quiet_post,0.0001,S,0.0,64,0.0,0.1
872019,quiet_post,0.0001,S,0.0,64,0.0,0.1
872115,quiet_post,0.0001,S,0.0,64,0.0,0.1
872211,quiet_post,0.0001,S,0.0,64,0.0,0.1
872307,quiet_post,0.0001,S,0.0,64,0.0,0.1
872400,quiet_post,0.0001,S,0.0,64,0.0,0.1
872496,quiet_post,0.0001,S,0.0,64,0.0,0.1
872591,quiet_post,0.0,S,0.0,64,0.0,0.0
872687,quiet_post,0.0,S,0.0,64,0.0,0.0
872783,quiet_post,0.0,S,0.0,64,0.0,0.0
872879,quiet_post,0.0,S,0.0,64,0.0,0.0
872975,quiet_post,0.0,S,0.0,64,0.0,0.0
873071,quiet_post,0.0,S,0.0,64,0.0,0.0
873166,quiet_post,0.0,S,0.0,64,0.0,0.0
873260,quiet_post,0.0,S,0.0,64,0.0,0.0
873356,quiet_post,0.0,S,0.0,64,0.0,0.0
873452,quiet_post,0.0,S,0.0,64,0.0,0.0
873548,quiet_post,0.0,S,0.0,64,0.0,0.0
873644,quiet_post,0.0,S,0.0,64,0.0,0.0
873740,quiet_post,0.0,S,0.0,64,0.0,0.0
873836,quiet_post,0.0,S,0.0,64,0.0,0.0
873931,quiet_post,0.0,S,0.0,64,0.0,0.0
874027,quiet_post,0.0,S,0.0,64,0.0,0.0
874123,quiet_post,0.0,S,0.0,64,0.0,0.0
874217,quiet_post,0.0,S,0.0,64,0.0,0.0
874313,quiet_post,0.0,S,0.0,64,0.0,0.0
874409,quiet_post,0.0,S,0.0,64,0.0,0.0
874505,quiet_post,0.0,S,0.0,64,0.0,0.0
874600,quiet_post,0.0,S,0.0,64,0.0,0.0
874696,quiet_post,0.0,S,0.0,64,0.0,0.0
874792,quiet_post,0.0,S,0.0,64,0.0,0.0
874888,quiet_post,0.0,S,0.0,64,0.0,0.0
874984,quiet_post,0.0,S,0.0,64,0.0,0.0
875078,quiet_post,0.0,S,0.0,64,0.0,0.0
875174,quiet_post,0.0,S,0.0,64,0.0,0.0
875269,quiet_post,0.0,S,0.0,64,0.0,0.0
875365,quiet_post,0.0,S,0.0,64,0.0,0.0
875461,quiet_post,0.0,S,0.0,64,0.0,0.0
875557,quiet_post,0.0,S,0.0,64,0.0,0.0
875653,quiet_post,0.0,S,0.0,64,0.0,0.0
875749,quiet_post,0.0,S,0.0,64,0.0,0.0
875844,quiet_post,0.0,S,0.0,64,0.0,0.0
875938,quiet_post,0.0,S,0.0,64,0.0,0.0
876034,quiet_post,0.0,S,0.0,64,0.0,0.0
876130,quiet_post,0.0,S,0.0,64,0.0,0.0
876226,quiet_post,0.0,S,0.0,64,0.0,0.0
876322,quiet_post,0.0,S,0.0,64,0.0,0.0
876417,quiet_post,0.0,S,0.0,64,0.0,0.0
876513,quiet_post,0.0,S,0.0,64,0.0,0.0
876609,quiet_post,0.0,S,0.0,64,0.0,0.0
876705,quiet_post,0.0,S,0.0,64,0.0,0.0
876799,quiet_post,0.0,S,0.0,64,0.0,0.0
876895,quiet_post,0.0,S,0.0,64,0.0,0.0
876991,quiet_post,0.0,S,0.0,64,0.0,0.0
877086,quiet_post,0.0,S,0.0,64,0.0,0.0
877182,quiet_post,0.0,S,0.0,64,0.0,0.0
877278,quiet_post,0.0,S,0.0,64,0.0,0.0
877374,quiet_post,0.0,S,0.0,64,0.0,0.0
877470,quiet_post,0.0,S,0.0,64,0.0,0.0
877566,quiet_post,0.0,S,0.0,64,0.0,0.0
877661,quiet_post,0.0,S,0.0,64,0.0,0.0
877755,quiet_post,0.0,S,0.0,64,0.0,0.0
877851,quiet_post,0.0,S,0.0,64,0.0,0.0
877947,quiet_post,0.0,S,0.0,64,0.0,0.0
878043,quiet_post,0.0,S,0.0,64,0.0,0.0
878139,quiet_post,0.0,S,0.0,64,0.0,0.0
878235,quiet_post,0.0,S,0.0,64,0.0,0.0
878330,quiet_post,0.0,S,0.0,64,0.0,0.0
878426,quiet_post,0.0,S,0.0,64,0.0,0.0
878522,quiet_post,0.0,S,0.0,64,0.0,0.0
878616,quiet_post,0.0,S,0.0,64,0.0,0.0
878712,quiet_post,0.0,S,0.0,64,0.0,0.0
878808,quiet_post,0.0,S,0.0,64,0.0,0.0
878903,quiet_post,0.0,S,0.0,64,0.0,0.0
878999,quiet_post,0.0,S,0.0,64,0.0,0.0
879101,quiet_post,0.0,S,0.0,64,0.0,0.0
879191,quiet_post,0.0,S,0.0,64,0.0,0.0
879287,quiet_post,0.0,S,0.0,64,0.0,0.0
879383,quiet_post,0.0,S,0.0,64,0.0,0.0
879477,quiet_post,0.0,S,0.0,64,0.0,0.0
879573,quiet_post,0.0,S,0.0,64,0.0,0.0
879668,quiet_post,0.0,S,0.0,64,0.0,0.0
879764,quiet_post,0.0,S,0.0,64,0.0,0.0
879860,quiet_post,0.0,S,0.0,64,0.0,0.0
879956,quiet_post,0.0,S,0.0,64,0.0,0.0
880052,quiet_post,0.0,S,0.0,64,0.0,0.0
880147,quiet_post,0.0,S,0.0,64,0.0,0.0
880243,quiet_post,0.0,S,0.0,64,0.0,0.0
880337,quiet_post,0.0,S,0.0,64,0.0,0.0
880433,quiet_post,0.0,S,0.0,64,0.0,0.0
880529,quiet_post,0.0,S,0.0,64,0.0,0.0
880625,quiet_post,0.0,S,0.0,64,0.0,0.0
880721,quiet_post,0.0,S,0.0,64,0.0,0.0
880816,quiet_post,0.0,S,0.0,64,0.0,0.0
880912,quiet_post,0.0,S,0.0,64,0.0,0.0
881008,quiet_post,0.0,S,0.0,64,0.0,0.0
881104,quiet_post,0.0,S,0.0,64,0.0,0.0
881200,quiet_post,0.0,S,0.0,64,0.0,0.0
881294,quiet_post,0.0,S,0.0,64,0.0,0.0
881390,quiet_post,0.0,S,0.0,64,0.0,0.0
881485,quiet_post,0.0,S,0.0,64,0.0,0.0
881581,quiet_post,0.0,S,0.0,64,0.0,0.0
881677,quiet_post,0.0,S,0.0,64,0.0,0.0
881773,quiet_post,0.0,S,0.0,64,0.0,0.0
881869,quiet_post,0.0,S,0.0,64,0.0,0.0
881965,quiet_post,0.0,S,0.0,64,0.0,0.0
882061,quiet_post,0.0,S,0.0,64,0.0,0.0
882154,quiet_post,0.0,S,0.0,64,0.0,0.0
882250,quiet_post,0.0,S,0.0,64,0.0,0.0
882346,quiet_post,0.0,S,0.0,64,0.0,0.0
882442,quiet_post,0.0,S,0.0,64,0.0,0.0
882538,quiet_post,0.0,S,0.0,64,0.0,0.0
882634,quiet_post,0.0,S,0.0,64,0.0,0.0
882729,quiet_post,0.0,S,0.0,64,0.0,0.0
882825,quiet_post,0.0,S,0.0,64,0.0,0.0
882921,quiet_post,0.0,S,0.0,64,0.0,0.0
883015,quiet_post,0.0,S,0.0,64,0.0,0.0
883111,quiet_post,0.0,S,0.0,64,0.0,0.0
883207,quiet_post,0.0,S,0.0,64,0.0,0.0
883303,quiet_post,0.0,S,0.0,64,0.0,0.0
883398,quiet_post,0.0,S,0.0,64,0.0,0.0
883494,quiet_post,0.0,S,0.0,64,0.0,0.0
883590,quiet_post,0.0,S,0.0,64,0.0,0.0
883686,quiet_post,0.0,S,0.0,64,0.0,0.0
883782,quiet_post,0.0,S,0.0,64,0.0,0.0
883878,quiet_post,0.0,S,0.0,64,0.0,0.0
883971,quiet_post,0.0,S,0.0,64,0.0,0.0
884067,quiet_post,0.0,S,0.0,64,0.0,0.0
884163,quiet_post,0.0,S,0.0,64,0.0,0.0
884259,quiet_post,0.0,S,0.0,64,0.0,0.0
884355,quiet_post,0.0,S,0.0,64,0.0,0.0
884451,quiet_post,0.0,S,0.0,64,0.0,0.0
884547,quiet_post,0.0,S,0.0,64,0.0,0.0
884642,quiet_post,0.0,S,0.0,64,0.0,0.0
884738,quiet_post,0.0,S,0.0,64,0.0,0.0
884832,quiet_post,0.0,S,0.0,64,0.0,0.0
884928,quiet_post,0.0,S,0.0,64,0.0,0.0
885024,quiet_post,0.0,S,0.0,64,0.0,0.0
885120,quiet_post,0.0,S,0.0,64,0.0,0.0
885215,quiet_post,0.0,S,0.0,64,0.0,0.0
885311,quiet_post,0.0,S,0.0,64,0.0,0.0
885407,quiet_post,0.0,S,0.0,64,0.0,0.0
885503,quiet_post,0.0,S,0.0,64,0.0,0.0
885599,quiet_post,0.0,S,0.0,64,0.0,0.0
885693,quiet_post,0.0,S,0.0,64,0.0,0.0
885788,quiet_post,0.0,S,0.0,64,0.0,0.0
885884,quiet_post,0.0,S,0.0,64,0.0,0.0
885980,quiet_post,0.0,S,0.0,64,0.0,0.0
886076,quiet_post,0.0,S,0.0,64,0.0,0.0
886172,quiet_post,0.0,S,0.0,64,0.0,0.0
886268,quiet_post,0.0,S,0.0,64,0.0,0.0
886364,quiet_post,0.0,S,0.0,64,0.0,0.0
886459,quiet_post,0.0,S,0.0,64,0.0,0.0
886553,quiet_post,0.0,S,0.0,64,0.0,0.0
886649,quiet_post,0.0,S,0.0,64,0.0,0.0
886745,quiet_post,0.0,S,0.0,64,0.0,0.0
886841,quiet_post,0.0,S,0.0,64,0.0,0.0
886937,quiet_post,0.0,S,0.0,64,0.0,0.0
887032,quiet_post,0.0,S,0.0,64,0.0,0.0
887128,quiet_post,0.0,S,0.0,64,0.0,0.0
887224,quiet_post,0.0,S,0.0,64,0.0,0.0
887320,quiet_post,0.0,S,0.0,64,0.0,0.0
887416,quiet_post,0.0,S,0.0,64,0.0,0.0
887510,quiet_post,0.0,S,0.0,64,0.0,0.0
887606,quiet_post,0.0,S,0.0,64,0.0,0.0
887701,quiet_post,0.0,S,0.0,64,0.0,0.0
887797,quiet_post,0.0,S,0.0,64,0.0,0.0
887893,quiet_post,0.0,S,0.0,64,0.0,0.0
887989,quiet_post,0.0,S,0.0,64,0.0,0.0
888085,quiet_post,0.0,S,0.0,64,0.0,0.0
888181,quiet_post,0.0,S,0.0,64,0.0,0.0
888276,quiet_post,0.0,S,0.0,64,0.0,0.0
888370,quiet_post,0.0,S,0.0,64,0.0,0.0
888466,quiet_post,0.0,S,0.0,64,0.0,0.0
888562,quiet_post,0.0,S,0.0,64,0.0,0.0
888658,quiet_post,0.0,S,0.0,64,0.0,0.0
888754,quiet_post,0.0,S,0.0,64,0.0,0.0
888849,quiet_post,0.0,S,0.0,64,0.0,0.0
888945,quiet_post,0.0,S,0.0,64,0.0,0.0
889041,quiet_post,0.0,S,0.0,64,0.0,0.0
889137,quiet_post,0.0,S,0.0,64,0.0,0.0
889231,quiet_post,0.0,S,0.0,64,0.0,0.0
889327,quiet_post,0.0,S,0.0,64,0.0,0.0
889423,quiet_post,0.0,S,0.0,64,0.0,0.0
889518,quiet_post,0.0,S,0.0,64,0.0,0.0
889615,quiet_post,0.0,S,0.0,64,0.0,0.0
889710,quiet_post,0.0,S,0.0,64,0.0,0.0
889806,quiet_post,0.0,S,0.0,64,0.0,0.0
889902,quiet_post,0.0,S,0.0,64,0.0,0.0
889998,quiet_post,0.0,S,0.0,64,0.0,0.0
890094,quiet_post,0.0,S,0.0,64,0.0,0.0
890188,quiet_post,0.0,S,0.0,64,0.0,0.0
890283,quiet_post,0.0,S,0.0,64,0.0,0.0
890379,quiet_post,0.0,S,0.0,64,0.0,0.0
890475,quiet_post,0.0,S,0.0,64,0.0,0.0
890571,quiet_post,0.0,S,0.0,64,0.0,0.0
890667,quiet_post,0.0,S,0.0,64,0.0,0.0
890762,quiet_post,0.0,S,0.0,64,0.0,0.0
890858,quiet_post,0.0,S,0.0,64,0.0,0.0
890954,quiet_post,0.0,S,0.0,64,0.0,0.0
891048,quiet_post,0.0,S,0.0,64,0.0,0.0
891144,quiet_post,0.0,S,0.0,64,0.0,0.0
891240,quiet_post,0.0,S,0.0,64,0.0,0.0
891336,quiet_post,0.0,S,0.0,64,0.0,0.0
891431,quiet_post,0.0,S,0.0,64,0.0,0.0
891532,quiet_post,0.0,S,0.0,64,0.0,0.0
891623,quiet_post,0.0,S,0.0,64,0.0,0.0
891719,quiet_post,0.0,S,0.0,64,0.0,0.0
891815,quiet_post,0.0,S,0.0,64,0.0,0.0
891909,quiet_post,0.0,S,0.0,64,0.0,0.0
892005,quiet_post,0.0,S,0.0,64,0.0,0.0
892100,quiet_post,0.0,S,0.0,64,0.0,0.0
892196,quiet_post,0.0,S,0.0,64,0.0,0.0
892292,quiet_post,0.0,S,0.0,64,0.0,0.0
892388,quiet_post,0.0,S,0.0,64,0.0,0.0
892484,quiet_post,0.0,S,0.0,64,0.0,0.0
892580,quiet_post,0.0,S,0.0,64,0.0,0.0
892676,quiet_post,0.0,S,0.0,64,0.0,0.0
892769,quiet_post,0.0,S,0.0,64,0.0,0.0
892865,quiet_post,0.0,S,0.0,64,0.0,0.0
892961,quiet_post,0.0,S,0.0,64,0.0,0.0
893057,quiet_post,0.0,S,0.0,64,0.0,0.0
893153,quiet_post,0.0,S,0.0,64,0.0,0.0
893248,quiet_post,0.0,S,0.0,64,0.0,0.0
893344,quiet_post,0.0,S,0.0,64,0.0,0.0
893440,quiet_post,0.0,S,0.0,64,0.0,0.0
893536,quiet_post,0.0,S,0.0,64,0.0,0.0
893632,quiet_post,0.0,S,0.0,64,0.0,0.0
893726,quiet_post,0.0,S,0.0,64,0.0,0.0
893822,quiet_post,0.0,S,0.0,64,0.0,0.0
893917,quiet_post,0.0,S,0.0,64,0.0,0.0
894013,quiet_post,0.0,S,0.0,64,0.0,0.0
894109,quiet_post,0.0,S,0.0,64,0.0,0.0
894205,quiet_post,0.0,S,0.0,64,0.0,0.0
894301,quiet_post,0.0,S,0.0,64,0.0,0.0
894397,quiet_post,0.0,S,0.0,64,0.0,0.0
894493,quiet_post,0.0,S,0.0,64,0.0,0.0
894586,quiet_post,0.0,S,0.0,64,0.0,0.0
894682,quiet_post,0.0,S,0.0,64,0.0,0.0
894778,quiet_post,0.0,S,0.0,64,0.0,0.0
894874,quiet_post,0.0,S,0.0,64,0.0,0.0
894970,quiet_post,0.0,S,0.0,64,0.0,0.0
895066,quiet_post,0.0,S,0.0,64,0.0,0.0
895161,quiet_post,0.0,S,0.0,64,0.0,0.0
895257,quiet_post,0.0,S,0.0,64,0.0,0.0
895353,quiet_post,0.0,S,0.0,64,0.0,0.0
895447,quiet_post,0.0,S,0.0,64,0.0,0.0
895543,quiet_post,0.0,S,0.0,64,0.0,0.0
895639,quiet_post,0.0,S,0.0,64,0.0,0.0
895735,quiet_post,0.0,S,0.0,64,0.0,0.0
895830,quiet_post,0.0,S,0.0,64,0.0,0.0
895926,quiet_post,0.0,S,0.0,64,0.0,0.0
896022,quiet_post,0.0,S,0.0,64,0.0,0.0
896118,quiet_post,0.0,S,0.0,64,0.0,0.0
896214,quiet_post,0.0,S,0.0,64,0.0,0.0
896308,quiet_post,0.0,S,0.0,64,0.0,0.0
896403,quiet_post,0.0,S,0.0,64,0.0,0.0
896499,quiet_post,0.0,S,0.0,64,0.0,0.0
896595,quiet_post,0.0,S,0.0,64,0.0,0.0
896691,quiet_post,0.0,S,0.0,64,0.0,0.0
896787,quiet_post,0.0,S,0.0,64,0.0,0.0
896883,quiet_post,0.0,S,0.0,64,0.0,0.0
896979,quiet_post,0.0,S,0.0,64,0.0,0.0
897074,quiet_post,0.0,S,0.0,64,0.0,0.0
897170,quiet_post,0.0,S,0.0,64,0.0,0.0
897264,quiet_post,0.0,S,0.0,64,0.0,0.0
897360,quiet_post,0.0,S,0.0,64,0.0,0.0
897456,quiet_post,0.0,S,0.0,64,0.0,0.0
897552,quiet_post,0.0,S,0.0,64,0.0,0.0
897647,quiet_post,0.0,S,0.0,64,0.0,0.0
897743,quiet_post,0.0,S,0.0,64,0.0,0.0
897839,quiet_post,0.0,S,0.0,64,0.0,0.0
897935,quiet_post,0.0,S,0.0,64,0.0,0.0
898031,quiet_post,0.0,S,0.0,64,0.0,0.0
898125,quiet_post,0.0,S,0.0,64,0.0,0.0
898220,quiet_post,0.0,S,0.0,64,0.0,0.0
898316,quiet_post,0.0,S,0.0,64,0.0,0.0
898412,quiet_post,0.0,S,0.0,64,0.0,0.0
898508,quiet_post,0.0,S,0.0,64,0.0,0.0
898604,quiet_post,0.0,S,0.0,64,0.0,0.0
898700,quiet_post,0.0,S,0.0,64,0.0,0.0
898796,quiet_post,0.0,S,0.0,64,0.0,0.0
898891,quiet_post,0.0,S,0.0,64,0.0,0.0
898985,quiet_post,0.0,S,0.0,64,0.0,0.0
899081,quiet_post,0.0,S,0.0,64,0.0,0.0
899177,quiet_post,0.0,S,0.0,64,0.0,0.0
899273,quiet_post,0.0,S,0.0,64,0.0,0.0
899369,quiet_post,0.0,S,0.0,64,0.0,0.0
899464,quiet_post,0.0,S,0.0,64,0.0,0.0
899560,quiet_post,0.0,S,0.0,64,0.0,0.0
899656,quiet_post,0.0,S,0.0,64,0.0,0.0
899752,quiet_post,0.0,S,0.0,64,0.0,0.0
899848,quiet_post,0.0,S,0.0,64,0.0,0.0
899942,quiet_post,0.0,S,0.0,64,0.0,0.0
900038,quiet_post,0.0,S,0.0,64,0.0,0.0
900133,quiet_post,0.0,S,0.0,64,0.0,0.0
900229,quiet_post,0.0,S,0.0,64,0.0,0.0
900325,quiet_post,0.0,S,0.0,64,0.0,0.0
900421,quiet_post,0.0,S,0.0,64,0.0,0.0
900517,quiet_post,0.0,S,0.0,64,0.0,0.0
900613,quiet_post,0.0,S,0.0,64,0.0,0.0
900708,quiet_post,0.0,S,0.0,64,0.0,0.0
900802,quiet_post,0.0,S,0.0,64,0.0,0.0
900898,quiet_post,0.0,S,0.0,64,0.0,0.0
900994,quiet_post,0.0,S,0.0,64,0.0,0.0
901090,quiet_post,0.0,S,0.0,64,0.0,0.0
901186,quiet_post,0.0,S,0.0,64,0.0,0.0
901282,quiet_post,0.0,S,0.0,64,0.0,0.0
901377,quiet_post,0.0,S,0.0,64,0.0,0.0
901473,quiet_post,0.0,S,0.0,64,0.0,0.0
901569,quiet_post,0.0,S,0.0,64,0.0,0.0
901663,quiet_post,0.0,S,0.0,64,0.0,0.0
901759,quiet_post,0.0,S,0.0,64,0.0,0.0
901855,quiet_post,0.0,S,0.0,64,0.0,0.0
901950,quiet_post,0.0,S,0.0,64,0.0,0.0
902046,quiet_post,0.0,S,0.0,64,0.0,0.0
902142,quiet_post,0.0,S,0.0,64,0.0,0.0
902238,quiet_post,0.0,S,0.0,64,0.0,0.0
902334,quiet_post,0.0,S,0.0,64,0.0,0.0
902430,quiet_post,0.0,S,0.0,64,0.0,0.0
902524,quiet_post,0.0,S,0.0,64,0.0,0.0
902620,quiet_post,0.0,S,0.0,64,0.0,0.0
902715,quiet_post,0.0,S,0.0,64,0.0,0.0
902811,quiet_post,0.0,S,0.0,64,0.0,0.0
902907,quiet_post,0.0,S,0.0,64,0.0,0.0
903003,quiet_post,0.0,S,0.0,64,0.0,0.0
903099,quiet_post,0.0,S,0.0,64,0.0,0.0
903194,quiet_post,0.0,S,0.0,64,0.0,0.0
903290,quiet_post,0.0,S,0.0,64,0.0,0.0
903386,quiet_post,0.0,S,0.0,64,0.0,0.0
903480,quiet_post,0.0,S,0.0,64,0.0,0.0
903576,quiet_post,0.0,S,0.0,64,0.0,0.0
903672,quiet_post,0.0,S,0.0,64,0.0,0.0
903768,quiet_post,0.0,S,0.0,64,0.0,0.0
903863,quiet_post,0.0,S,0.0,64,0.0,0.0
903964,quiet_post,0.0,S,0.0,64,0.0,0.0
904055,quiet_post,0.0,S,0.0,64,0.0,0.0
904151,quiet_post,0.0,S,0.0,64,0.0,0.0
904247,quiet_post,0.0,S,0.0,64,0.0,0.0
904341,quiet_post,0.0,S,0.0,64,0.0,0.0
904437,quiet_post,0.0,S,0.0,64,0.0,0.0
904532,quiet_post,0.003,U,0.0,64,0.0,3.0
904628,quiet_post,0.0033,U,0.0,64,0.0,3.3
904724,quiet_post,0.0022,U,0.0,64,0.0,2.2
904820,quiet_post,0.0004,U,0.0,64,0.0,0.4
904916,quiet_post,-0.0003,U,0.0,64,0.0,-0.3
905011,quiet_post,-0.0014,U,0.0,64,0.0,-1.4
905107,quiet_post,-0.0011,U,0.0,64,0.0,-1.1
905201,quiet_post,-0.0006,U,0.0,64,0.0,-0.6
905297,quiet_post,-0.0003,U,0.0,64,0.0,-0.3
905393,quiet_post,-0.0002,U,0.0,64,0.0,-0.2
905489,quiet_post,-0.0001,U,0.0,64,0.0,-0.1
905584,quiet_post,-0.0001,U,0.0,64,0.0,-0.1
905679,quiet_post,0.0,U,0.0,64,0.0,0.0
905775,quiet_post,0.0,U,0.0,64,0.0,0.0
905871,quiet_post,0.0,U,0.0,64,0.0,0.0
905968,quiet_post,0.0001,U,0.0,64,0.0,0.1
906064,quiet_post,0.0001,U,0.0,64,0.0,0.1
906158,quiet_post,0.0001,S,0.0,64,0.0,0.1
906254,quiet_post,0.0001,S,0.0,64,0.0,0.1
906350,quiet_post,0.0001,S,0.0,64,0.0,0.1
906445,quiet_post,0.0001,S,0.0,64,0.0,0.1
906540,quiet_post,0.0,S,0.0,64,0.0,0.0
906636,quiet_post,0.0,S,0.0,64,0.0,0.0
906732,quiet_post,0.0,S,0.0,64,0.0,0.0
906828,quiet_post,0.0,S,0.0,64,0.0,0.0
906924,quiet_post,0.0,S,0.0,64,0.0,0.0
907017,quiet_post,0.0,S,0.0,64,0.0,0.0
907113,quiet_post,0.0,S,0.0,64,0.0,0.0
907209,quiet_post,0.0,S,0.0,64,0.0,0.0
907305,quiet_post,0.0,S,0.0,64,0.0,0.0
907401,quiet_post,0.0,S,0.0,64,0.0,0.0
907497,quiet_post,0.0,S,0.0,64,0.0,0.0
907593,quiet_post,0.0,S,0.0,64,0.0,0.0
907688,quiet_post,0.0,S,0.0,64,0.0,0.0
907784,quiet_post,0.0,S,0.0,64,0.0,0.0
907878,quiet_post,0.0,S,0.0,64,0.0,0.0
907974,quiet_post,0.0,S,0.0,64,0.0,0.0
908070,quiet_post,0.0,S,0.0,64,0.0,0.0
908166,quiet_post,0.0,S,0.0,64,0.0,0.0
908262,quiet_post,0.0,S,0.0,64,0.0,0.0
908358,quiet_post,0.0,S,0.0,64,0.0,0.0
908453,quiet_post,0.0,S,0.0,64,0.0,0.0
908549,quiet_post,0.0,S,0.0,64,0.0,0.0
908645,quiet_post,0.0,S,0.0,64,0.0,0.0
908739,quiet_post,0.0,S,0.0,64,0.0,0.0
908835,quiet_post,0.0,S,0.0,64,0.0,0.0
908931,quiet_post,0.0,S,0.0,64,0.0,0.0
909027,quiet_post,0.0,S,0.0,64,0.0,0.0
909122,quiet_post,0.0,S,0.0,64,0.0,0.0
909218,quiet_post,0.0,S,0.0,64,0.0,0.0
909314,quiet_post,0.0,S,0.0,64,0.0,0.0
909410,quiet_post,0.0,S,0.0,64,0.0,0.0
909506,quiet_post,0.0,S,0.0,64,0.0,0.0
909602,quiet_post,0.0,S,0.0,64,0.0,0.0
909696,quiet_post,0.0,S,0.0,64,0.0,0.0
909792,quiet_post,0.0,S,0.0,64,0.0,0.0
909887,quiet_post,0.0,S,0.0,64,0.0,0.0
909983,quiet_post,0.0,S,0.0,64,0.0,0.0
910079,quiet_post,0.0,S,0.0,64,0.0,0.0
910175,quiet_post,0.0,S,0.0,64,0.0,0.0
910271,quiet_post,0.0,S,0.0,64,0.0,0.0
910367,quiet_post,0.0,S,0.0,64,0.0,0.0
910462,quiet_post,0.0,S,0.0,64,0.0,0.0
910557,quiet_post,0.0,S,0.0,64,0.0,0.0
910652,quiet_post,0.0,S,0.0,64,0.0,0.0
910748,quiet_post,0.0,S,0.0,64,0.0,0.0
910844,quiet_post,0.0,S,0.0,64,0.0,0.0
910940,quiet_post,0.0,S,0.0,64,0.0,0.0
911036,quiet_post,0.0,S,0.0,64,0.0,0.0
911132,quiet_post,0.0,S,0.0,64,0.0,0.0
911228,quiet_post,0.0,S,0.0,64,0.0,0.0
911323,quiet_post,0.0,S,0.0,64,0.0,0.0
911417,quiet_post,0.0,S,0.0,64,0.0,0.0
911513,quiet_post,0.0,S,0.0,64,0.0,0.0
911609,quiet_post,0.0,S,0.0,64,0.0,0.0
911705,quiet_post,0.0,S,0.0,64,0.0,0.0
911801,quiet_post,0.0,S,0.0,64,0.0,0.0
911897,quiet_post,0.0,S,0.0,64,0.0,0.0
911992,quiet_post,0.0,S,0.0,64,0.0,0.0
912088,quiet_post,0.0,S,0.0,64,0.0,0.0
912184,quiet_post,0.0,S,0.0,64,0.0,0.0
912280,quiet_post,0.0,S,0.0,64,0.0,0.0
912374,quiet_post,0.0,S,0.0,64,0.0,0.0
912470,quiet_post,0.0,S,0.0,64,0.0,0.0
912565,quiet_post,0.0,S,0.0,64,0.0,0.0
912662,quiet_post,0.0,S,0.0,64,0.0,0.0
912757,quiet_post,0.0,S,0.0,64,0.0,0.0
912853,quiet_post,0.0,S,0.0,64,0.0,0.0
912949,quiet_post,0.0,S,0.0,64,0.0,0.0
913045,quiet_post,0.0,S,0.0,64,0.0,0.0
913141,quiet_post,0.0,S,0.0,64,0.0,0.0
913234,quiet_post,0.0,S,0.0,64,0.0,0.0
913330,quiet_post,0.0,S,0.0,64,0.0,0.0
913426,quiet_post,0.0,S,0.0,64,0.0,0.0
913522,quiet_post,0.0,S,0.0,64,0.0,0.0
913618,quiet_post,0.0,S,0.0,64,0.0,0.0
913714,quiet_post,0.0,S,0.0,64,0.0,0.0
913810,quiet_post,0.0,S,0.0,64,0.0,0.0
913906,quiet_post,0.0,S,0.0,64,0.0,0.0
914001,quiet_post,0.0,S,0.0,64,0.0,0.0
914095,quiet_post,0.0,S,0.0,64,0.0,0.0
914191,quiet_post,0.0,S,0.0,64,0.0,0.0
914287,quiet_post,0.0,S,0.0,64,0.0,0.0
914383,quiet_post,0.0,S,0.0,64,0.0,0.0
914479,quiet_post,0.0,S,0.0,64,0.0,0.0
914574,quiet_post,0.0,S,0.0,64,0.0,0.0
914670,quiet_post,0.0,S,0.0,64,0.0,0.0
914766,quiet_post,0.0,S,0.0,64,0.0,0.0
914862,quiet_post,0.0,S,0.0,64,0.0,0.0
914956,quiet_post,0.0,S,0.0,64,0.0,0.0
915052,quiet_post,0.0,S,0.0,64,0.0,0.0
915147,quiet_post,0.0,S,0.0,64,0.0,0.0
915243,quiet_post,0.0,S,0.0,64,0.0,0.0
915339,quiet_post,0.0,S,0.0,64,0.0,0.0
915435,quiet_post,0.0,S,0.0,64,0.0,0.0
915531,quiet_post,0.0,S,0.0,64,0.0,0.0
915627,quiet_post,0.0,S,0.0,64,0.0,0.0
915723,quiet_post,0.0,S,0.0,64,0.0,0.0
915818,quiet_post,0.0,S,0.0,64,0.0,0.0
915912,quiet_post,0.0,S,0.0,64,0.0,0.0
916008,quiet_post,0.0,S,0.0,64,0.0,0.0
916104,quiet_post,0.0,S,0.0,64,0.0,0.0
916200,quiet_post,0.0,S,0.0,64,0.0,0.0
916296,quiet_post,0.0,S,0.0,64,0.0,0.0
916398,quiet_post,0.0,S,0.0,64,0.0,0.0
916487,quiet_post,0.0,S,0.0,64,0.0,0.0
916583,quiet_post,0.0,S,0.0,64,0.0,0.0
916679,quiet_post,0.0,S,0.0,64,0.0,0.0
916773,quiet_post,0.0,S,0.0,64,0.0,0.0
916869,quiet_post,0.0,S,0.0,64,0.0,0.0
916964,quiet_post,0.0,S,0.0,64,0.0,0.0
917060,quiet_post,0.0,S,0.0,64,0.0,0.0
917156,quiet_post,0.0,S,0.0,64,0.0,0.0
917252,quiet_post,0.0,S,0.0,64,0.0,0.0
917348,quiet_post,0.0,S,0.0,64,0.0,0.0
917444,quiet_post,0.0,S,0.0,64,0.0,0.0
917540,quiet_post,0.0,S,0.0,64,0.0,0.0
917633,quiet_post,0.0,S,0.0,64,0.0,0.0
917729,quiet_post,0.0,S,0.0,64,0.0,0.0
917825,quiet_post,0.0,S,0.0,64,0.0,0.0
917921,quiet_post,0.0,S,0.0,64,0.0,0.0
918017,quiet_post,0.0,S,0.0,64,0.0,0.0
918113,quiet_post,0.0,S,0.0,64,0.0,0.0
918208,quiet_post,0.0,S,0.0,64,0.0,0.0
918304,quiet_post,0.0,S,0.0,64,0.0,0.0
918400,quiet_post,0.0,S,0.0,64,0.0,0.0
918496,quiet_post,0.0,S,0.0,64,0.0,0.0
918590,quiet_post,0.0,S,0.0,64,0.0,0.0
918686,quiet_post,0.0,S,0.0,64,0.0,0.0
918782,quiet_post,0.0,S,0.0,64,0.0,0.0
918877,quiet_post,0.0,S,0.0,64,0.0,0.0
918973,quiet_post,0.0,S,0.0,64,0.0,0.0
919069,quiet_post,0.0,S,0.0,64,0.0,0.0
919165,quiet_post,0.0,S,0.0,64,0.0,0.0
919261,quiet_post,0.0,S,0.0,64,0.0,0.0
919357,quiet_post,0.0,S,0.0,64,0.0,0.0
919450,quiet_post,0.0,S,0.0,64,0.0,0.0
919546,quiet_post,0.0,S,0.0,64,0.0,0.0
919642,quiet_post,0.0,S,0.0,64,0.0,0.0
919738,quiet_post,0.0,S,0.0,64,0.0,0.0
919834,quiet_post,0.0,S,0.0,64,0.0,0.0
919930,quiet_post,0.0,S,0.0,64,0.0,0.0
920026,quiet_post,0.0,S,0.0,64,0.0,0.0
920121,quiet_post,0.0,S,0.0,64,0.0,0.0
920217,quiet_post,0.0,S,0.0,64,0.0,0.0
920311,quiet_post,0.0,S,0.0,64,0.0,0.0
920407,quiet_post,0.0,S,0.0,64,0.0,0.0
920503,quiet_post,0.0,S,0.0,64,0.0,0.0
920599,quiet_post,0.0,S,0.0,64,0.0,0.0
920695,quiet_post,0.0,S,0.0,64,0.0,0.0
920790,quiet_post,0.0,S,0.0,64,0.0,0.0
920886,quiet_post,0.0,S,0.0,64,0.0,0.0
920982,quiet_post,0.0,S,0.0,64,0.0,0.0
921078,quiet_post,0.0,S,0.0,64,0.0,0.0
921172,quiet_post,0.0,S,0.0,64,0.0,0.0
921267,quiet_post,0.0,S,0.0,64,0.0,0.0
921363,quiet_post,0.0,S,0.0,64,0.0,0.0
921459,quiet_post,0.0,S,0.0,64,0.0,0.0
921555,quiet_post,0.0,S,0.0,64,0.0,0.0
921651,quiet_post,0.0,S,0.0,64,0.0,0.0
921747,quiet_post,0.0,S,0.0,64,0.0,0.0
921843,quiet_post,0.0,S,0.0,64,0.0,0.0
921938,quiet_post,0.0,S,0.0,64,0.0,0.0
922034,quiet_post,0.0,S,0.0,64,0.0,0.0
922128,quiet_post,0.0,S,0.0,64,0.0,0.0
922224,quiet_post,0.0,S,0.0,64,0.0,0.0
922320,quiet_post,0.0,S,0.0,64,0.0,0.0
922416,quiet_post,0.0,S,0.0,64,0.0,0.0
922512,quiet_post,0.0,S,0.0,64,0.0,0.0
922608,quiet_post,0.0,S,0.0,64,0.0,0.0
922703,quiet_post,0.0,S,0.0,64,0.0,0.0
922799,quiet_post,0.0,S,0.0,64,0.0,0.0
922895,quiet_post,0.0,S,0.0,64,0.0,0.0
922989,quiet_post,0.0,S,0.0,64,0.0,0.0
923085,quiet_post,0.0,S,0.0,64,0.0,0.0
923180,quiet_post,0.0,S,0.0,64,0.0,0.0
923277,quiet_post,0.0,S,0.0,64,0.0,0.0
923372,quiet_post,0.0,S,0.0,64,0.0,0.0
923468,quiet_post,0.0,S,0.0,64,0.0,0.0
923564,quiet_post,0.0,S,0.0,64,0.0,0.0
923660,quiet_post,0.0,S,0.0,64,0.0,0.0
923756,quiet_post,0.0,S,0.0,64,0.0,0.0
923849,quiet_post,0.0,S,0.0,64,0.0,0.0
923945,quiet_post,0.0,S,0.0,64,0.0,0.0
924041,quiet_post,0.0,S,0.0,64,0.0,0.0
924137,quiet_post,0.0,S,0.0,64,0.0,0.0
924233,quiet_post,0.0,S,0.0,64,0.0,0.0
924329,quiet_post,0.0,S,0.0,64,0.0,0.0
924425,quiet_post,0.0,S,0.0,64,0.0,0.0
924521,quiet_post,0.0,S,0.0,64,0.0,0.0
924616,quiet_post,0.0,S,0.0,64,0.0,0.0
924710,quiet_post,0.0,S,0.0,64,0.0,0.0
924806,quiet_post,0.0,S,0.0,64,0.0,0.0
924902,quiet_post,0.0,S,0.0,64,0.0,0.0
924998,quiet_post,0.0,S,0.0,64,0.0,0.0
925094,quiet_post,0.0,S,0.0,64,0.0,0.0
925189,quiet_post,0.0,S,0.0,64,0.0,0.0
925285,quiet_post,0.0,S,0.0,64,0.0,0.0
925381,quiet_post,0.0,S,0.0,64,0.0,0.0
925477,quiet_post,0.0,S,0.0,64,0.0,0.0
925573,quiet_post,0.0,S,0.0,64,0.0,0.0
925667,quiet_post,0.0,S,0.0,64,0.0,0.0
925762,quiet_post,0.0,S,0.0,64,0.0,0.0
925858,quiet_post,0.0,S,0.0,64,0.0,0.0
925954,quiet_post,0.0,S,0.0,64,0.0,0.0
926050,quiet_post,0.0,S,0.0,64,0.0,0.0
926146,quiet_post,0.0,S,0.0,64,0.0,0.0
926242,quiet_post,0.0,S,0.0,64,0.0,0.0
926337,quiet_post,0.0,S,0.0,64,0.0,0.0
926433,quiet_post,0.0,S,0.0,64,0.0,0.0
926527,quiet_post,0.0,S,0.0,64,0.0,0.0
926623,quiet_post,0.0,S,0.0,64,0.0,0.0
926719,quiet_post,0.0,S,0.0,64,0.0,0.0
926815,quiet_post,0.0,S,0.0,64,0.0,0.0
926911,quiet_post,0.0,S,0.0,64,0.0,0.0
927006,quiet_post,0.0,S,0.0,64,0.0,0.0
927102,quiet_post,0.0,S,0.0,64,0.0,0.0
927198,quiet_post,0.0,S,0.0,64,0.0,0.0
927294,quiet_post,0.0,S,0.0,64,0.0,0.0
927388,quiet_post,0.0,S,0.0,64,0.0,0.0
927484,quiet_post,0.0,S,0.0,64,0.0,0.0
927579,quiet_post,0.0,S,0.0,64,0.0,0.0
927675,quiet_post,0.0,S,0.0,64,0.0,0.0
927771,quiet_post,0.0,S,0.0,64,0.0,0.0
927867,quiet_post,0.0,S,0.0,64,0.0,0.0
927963,quiet_post,0.0,S,0.0,64,0.0,0.0
928059,quiet_post,0.0,S,0.0,64,0.0,0.0
928155,quiet_post,0.0,S,0.0,64,0.0,0.0
928250,quiet_post,0.0,S,0.0,64,0.0,0.0
928344,quiet_post,0.0,S,0.0,64,0.0,0.0
928440,quiet_post,0.0,S,0.0,64,0.0,0.0
928536,quiet_post,0.0,S,0.0,64,0.0,0.0
928632,quiet_post,0.0,S,0.0,64,0.0,0.0
928728,quiet_post,0.0,S,0.0,64,0.0,0.0
928829,quiet_post,0.0,S,0.0,64,0.0,0.0
928919,quiet_post,0.0,S,0.0,64,0.0,0.0
929015,quiet_post,0.0,S,0.0,64,0.0,0.0
929111,quiet_post,0.0,S,0.0,64,0.0,0.0
929205,quiet_post,0.0,S,0.0,64,0.0,0.0
929301,quiet_post,0.0,S,0.0,64,0.0,0.0
929397,quiet_post,0.0,S,0.0,64,0.0,0.0
929492,quiet_post,0.0,S,0.0,64,0.0,0.0
929588,quiet_post,0.0,S,0.0,64,0.0,0.0
929684,quiet_post,0.0,S,0.0,64,0.0,0.0
929780,quiet_post,0.0,S,0.0,64,0.0,0.0
929876,quiet_post,0.0,S,0.0,64,0.0,0.0
929972,quiet_post,0.0,S,0.0,64,0.0,0.0
930065,quiet_post,0.0,S,0.0,64,0.0,0.0
930161,quiet_post,0.0,S,0.0,64,0.0,0.0
930257,quiet_post,0.0,S,0.0,64,0.0,0.0
930353,quiet_post,0.0,S,0.0,64,0.0,0.0
930449,quiet_post,0.0,S,0.0,64,0.0,0.0
930545,quiet_post,0.0,S,0.0,64,0.0,0.0
930641,quiet_post,0.0,S,0.0,64,0.0,0.0
930736,quiet_post,0.0,S,0.0,64,0.0,0.0
930832,quiet_post,0.0,S,0.0,64,0.0,0.0
930926,quiet_post,0.0,S,0.0,64,0.0,0.0
931022,quiet_post,0.0,S,0.0,64,0.0,0.0
931118,quiet_post,0.0,S,0.0,64,0.0,0.0
931214,quiet_post,0.0,S,0.0,64,0.0,0.0
931309,quiet_post,0.0,S,0.0,64,0.0,0.0
931405,quiet_post,0.0,S,0.0,64,0.0,0.0
931501,quiet_post,0.0,S,0.0,64,0.0,0.0
931597,quiet_post,0.0,S,0.0,64,0.0,0.0
931693,quiet_post,0.0,S,0.0,64,0.0,0.0
931789,quiet_post,0.0,S,0.0,64,0.0,0.0
931882,quiet_post,0.0,S,0.0,64,0.0,0.0
931978,quiet_post,0.0,S,0.0,64,0.0,0.0
932074,quiet_post,0.0,S,0.0,64,0.0,0.0
932170,quiet_post,0.0,S,0.0,64,0.0,0.0
932266,quiet_post,0.0,S,0.0,64,0.0,0.0
932362,quiet_post,0.0,S,0.0,64,0.0,0.0
932458,quiet_post,0.0,S,0.0,64,0.0,0.0
932553,quiet_post,0.0,S,0.0,64,0.0,0.0
932649,quiet_post,0.0,S,0.0,64,0.0,0.0
932743,quiet_post,0.0,S,0.0,64,0.0,0.0
932839,quiet_post,0.0,S,0.0,64,0.0,0.0
932935,quiet_post,0.0,S,0.0,64,0.0,0.0
933031,quiet_post,0.0,S,0.0,64,0.0,0.0
933127,quiet_post,0.0,S,0.0,64,0.0,0.0
933222,quiet_post,0.0,S,0.0,64,0.0,0.0
933318,quiet_post,0.0,S,0.0,64,0.0,0.0
933414,quiet_post,0.0,S,0.0,64,0.0,0.0
933510,quiet_post,0.0,S,0.0,64,0.0,0.0
933604,quiet_post,0.0,S,0.0,64,0.0,0.0
933700,quiet_post,0.0,S,0.0,64,0.0,0.0
933795,quiet_post,0.0,S,0.0,64,0.0,0.0
933891,quiet_post,0.0,S,0.0,64,0.0,0.0
933987,quiet_post,0.0,S,0.0,64,0.0,0.0
934083,quiet_post,0.0,S,0.0,64,0.0,0.0
934179,quiet_post,0.0,S,0.0,64,0.0,0.0
934275,quiet_post,0.0,S,0.0,64,0.0,0.0
934370,quiet_post,0.0,S,0.0,64,0.0,0.0
934467,quiet_post,0.0,S,0.0,64,0.0,0.0
934560,quiet_post,0.0,S,0.0,64,0.0,0.0
934656,quiet_post,0.0,S,0.0,64,0.0,0.0
934752,quiet_post,0.0,S,0.0,64,0.0,0.0
934848,quiet_post,0.0,S,0.0,64,0.0,0.0
934944,quiet_post,0.0,S,0.0,64,0.0,0.0
935040,quiet_post,0.0,S,0.0,64,0.0,0.0
935135,quiet_post,0.0,S,0.0,64,0.0,0.0
935231,quiet_post,0.0,S,0.0,64,0.0,0.0
935327,quiet_post,0.0,S,0.0,64,0.0,0.0
935421,quiet_post,0.0,S,0.0,64,0.0,0.0
935517,quiet_post,0.0,S,0.0,64,0.0,0.0
935612,quiet_post,0.0,S,0.0,64,0.0,0.0
935708,quiet_post,0.0,S,0.0,64,0.0,0.0
935804,quiet_post,0.0,S,0.0,64,0.0,0.0
935900,quiet_post,0.0,S,0.0,64,0.0,0.0
935996,quiet_post,0.0,S,0.0,64,0.0,0.0
936092,quiet_post,0.0,S,0.0,64,0.0,0.0
936188,quiet_post,0.0,S,0.0,64,0.0,0.0
936281,quiet_post,0.0,S,0.0,64,0.0,0.0
936377,quiet_post,0.0,S,0.0,64,0.0,0.0
936473,quiet_post,0.0,S,0.0,64,0.0,0.0
936569,quiet_post,0.0,S,0.0,64,0.0,0.0
936665,quiet_post,0.0,S,0.0,64,0.0,0.0
936761,quiet_post,0.0,S,0.0,64,0.0,0.0
936857,quiet_post,0.0,S,0.0,64,0.0,0.0
936952,quiet_post,0.0,S,0.0,64,0.0,0.0
937048,quiet_post,0.0,S,0.0,64,0.0,0.0
937142,quiet_post,0.0,S,0.0,64,0.0,0.0
937238,quiet_post,0.0,S,0.0,64,0.0,0.0
937334,quiet_post,0.0,S,0.0,64,0.0,0.0
937430,quiet_post,0.0,S,0.0,64,0.0,0.0
937526,quiet_post,0.0,S,0.0,64,0.0,0.0
937621,quiet_post,0.0,S,0.0,64,0.0,0.0
937717,quiet_post,0.0,S,0.0,64,0.0,0.0
937813,quiet_post,0.0,S,0.0,64,0.0,0.0
937909,quiet_post,0.0,S,0.0,64,0.0,0.0
938005,quiet_post,0.0,S,0.0,64,0.0,0.0
938099,quiet_post,0.0,S,0.0,64,0.0,0.0
938194,quiet_post,0.0,S,0.0,64,0.0,0.0
938290,quiet_post,0.0,S,0.0,64,0.0,0.0
938386,quiet_post,0.0,S,0.0,64,0.0,0.0
938482,quiet_post,0.0,S,0.0,64,0.0,0.0
938578,quiet_post,0.0,S,0.0,64,0.0,0.0
938674,quiet_post,0.0,S,0.0,64,0.0,0.0
938770,quiet_post,0.0,S,0.0,64,0.0,0.0
938865,quiet_post,0.0,S,0.0,64,0.0,0.0
938959,quiet_post,0.0,S,0.0,64,0.0,0.0
939055,quiet_post,0.0,S,0.0,64,0.0,0.0
939151,quiet_post,0.0,S,0.0,64,0.0,0.0
939247,quiet_post,0.0,S,0.0,64,0.0,0.0
939343,quiet_post,0.0,S,0.0,64,0.0,0.0
939438,quiet_post,0.0,S,0.0,64,0.0,0.0
939534,quiet_post,0.0,S,0.0,64,0.0,0.0
939630,quiet_post,0.0,S,0.0,64,0.0,0.0
939726,quiet_post,0.0,S,0.0,64,0.0,0.0
939820,quiet_post,0.0,S,0.0,64,0.0,0.0
939916,quiet_post,0.0,S,0.0,64,0.0,0.0
940012,quiet_post,0.0,S,0.0,64,0.0,0.0
940107,quiet_post,0.0,S,0.0,64,0.0,0.0
940203,quiet_post,0.0,S,0.0,64,0.0,0.0
940299,quiet_post,0.0,S,0.0,64,0.0,0.0
940395,quiet_post,0.0,S,0.0,64,0.0,0.0
940491,quiet_post,0.0,S,0.0,64,0.0,0.0
940587,quiet_post,0.0,S,0.0,64,0.0,0.0
940682,quiet_post,0.0,S,0.0,64,0.0,0.0
940776,quiet_post,0.0,S,0.0,64,0.0,0.0
940872,quiet_post,0.0,S,0.0,64,0.0,0.0
940968,quiet_post,0.0,S,0.0,64,0.0,0.0
941064,quiet_post,0.0,S,0.0,64,0.0,0.0
941160,quiet_post,0.0,S,0.0,64,0.0,0.0
941261,quiet_post,0.0,S,0.0,64,0.0,0.0
941351,quiet_post,0.0,S,0.0,64,0.0,0.0
941447,quiet_post,0.0,S,0.0,64,0.0,0.0
941543,quiet_post,0.0,S,0.0,64,0.0,0.0
941637,quiet_post,0.0,S,0.0,64,0.0,0.0
941733,quiet_post,0.0,S,0.0,64,0.0,0.0
941829,quiet_post,0.0,S,0.0,64,0.0,0.0
941924,quiet_post,0.0,S,0.0,64,0.0,0.0
942020,quiet_post,0.0,S,0.0,64,0.0,0.0
942116,quiet_post,0.0,S,0.0,64,0.0,0.0
942212,quiet_post,0.0,S,0.0,64,0.0,0.0
942308,quiet_post,0.0,S,0.0,64,0.0,0.0
942404,quiet_post,0.0,S,0.0,64,0.0,0.0
942497,quiet_post,0.0,S,0.0,64,0.0,0.0
942593,quiet_post,0.0,S,0.0,64,0.0,0.0
942689,quiet_post,0.0,S,0.0,64,0.0,0.0
942785,quiet_post,0.0,S,0.0,64,0.0,0.0
942881,quiet_post,0.0,S,0.0,64,0.0,0.0
942977,quiet_post,0.0,S,0.0,64,0.0,0.0
943073,quiet_post,0.0,S,0.0,64,0.0,0.0
943168,quiet_post,0.0,S,0.0,64,0.0,0.0
943264,quiet_post,0.0,S,0.0,64,0.0,0.0
943358,quiet_post,0.0,S,0.0,64,0.0,0.0
943454,quiet_post,0.0,S,0.0,64,0.0,0.0
943550,quiet_post,0.0,S,0.0,64,0.0,0.0
943646,quiet_post,0.0,S,0.0,64,0.0,0.0
943742,quiet_post,0.0,S,0.0,64,0.0,0.0
943837,quiet_post,0.0,S,0.0,64,0.0,0.0
943933,quiet_post,0.0,S,0.0,64,0.0,0.0
944029,quiet_post,0.0,S,0.0,64,0.0,0.0
944125,quiet_post,0.0,S,0.0,64,0.0,0.0
944221,quiet_post,0.0,S,0.0,64,0.0,0.0
944315,quiet_post,0.0,S,0.0,64,0.0,0.0
944411,quiet_post,0.0,S,0.0,64,0.0,0.0
944506,quiet_post,0.0,S,0.0,64,0.0,0.0
944602,quiet_post,0.0,S,0.0,64,0.0,0.0
944698,quiet_post,0.0,S,0.0,64,0.0,0.0
944794,quiet_post,0.0,S,0.0,64,0.0,0.0
944890,quiet_post,0.0,S,0.0,64,0.0,0.0
944985,quiet_post,0.0,S,0.0,64,0.0,0.0
945081,quiet_post,0.0,S,0.0,64,0.0,0.0
945175,quiet_post,0.0,S,0.0,64,0.0,0.0
945271,quiet_post,0.0,S,0.0,64,0.0,0.0
945367,quiet_post,0.0,S,0.0,64,0.0,0.0
945463,quiet_post,0.0,S,0.0,64,0.0,0.0
945559,quiet_post,0.0,S,0.0,64,0.0,0.0
945655,quiet_post,0.0,S,0.0,64,0.0,0.0
945750,quiet_post,0.0,S,0.0,64,0.0,0.0
945846,quiet_post,0.0,S,0.0,64,0.0,0.0
945942,quiet_post,0.0,S,0.0,64,0.0,0.0
946036,quiet_post,0.0,S,0.0,64,0.0,0.0
946132,quiet_post,0.0,S,0.0,64,0.0,0.0
946228,quiet_post,0.0,S,0.0,64,0.0,0.0
946323,quiet_post,0.0,S,0.0,64,0.0,0.0
946419,quiet_post,0.0,S,0.0,64,0.0,0.0
946515,quiet_post,0.0,S,0.0,64,0.0,0.0
946611,quiet_post,0.0,S,0.0,64,0.0,0.0
946707,quiet_post,0.0,S,0.0,64,0.0,0.0
946803,quiet_post,0.0,S,0.0,64,0.0,0.0
946896,quiet_post,0.0,S,0.0,64,0.0,0.0
946992,quiet_post,0.0,S,0.0,64,0.0,0.0
947088,quiet_post,0.0,S,0.0,64,0.0,0.0
947184,quiet_post,0.0,S,0.0,64,0.0,0.0
947280,quiet_post,0.0,S,0.0,64,0.0,0.0
947376,quiet_post,0.0,S,0.0,64,0.0,0.0
947471,quiet_post,0.0,S,0.0,64,0.0,0.0
947568,quiet_post,0.0,S,0.0,64,0.0,0.0
947663,quiet_post,0.0,S,0.0,64,0.0,0.0
947759,quiet_post,0.0,S,0.0,64,0.0,0.0
947853,quiet_post,0.0,S,0.0,64,0.0,0.0
947949,quiet_post,0.0,S,0.0,64,0.0,0.0
948045,quiet_post,0.0,S,0.0,64,0.0,0.0
948141,quiet_post,0.0,S,0.0,64,0.0,0.0
948236,quiet_post,0.0,S,0.0,64,0.0,0.0
948332,quiet_post,0.0,S,0.0,64,0.0,0.0
948428,quiet_post,0.0,S,0.0,64,0.0,0.0
948524,quiet_post,0.0,S,0.0,64,0.0,0.0
948620,quiet_post,0.0,S,0.0,64,0.0,0.0
948714,quiet_post,0.0,S,0.0,64,0.0,0.0
948809,quiet_post,0.0,S,0.0,64,0.0,0.0
948905,quiet_post,0.0,S,0.0,64,0.0,0.0
949001,quiet_post,0.0,S,0.0,64,0.0,0.0
949097,quiet_post,0.0,S,0.0,64,0.0,0.0
949193,quiet_post,0.0,S,0.0,64,0.0,0.0
949289,quiet_post,0.0,S,0.0,64,0.0,0.0
