M,stream,scale-idle-v1
M,poll_hz,5.0
M,duration_s,1200.0
M,baud,19200
M,bits,8
M,parity,0
M,stop,1
M,response_timeout_ms,1000
E,8,stream start
S,120,1.0361,S
S,299,1.0361,S
S,497,1.0361,S
S,680,1.0361,S
S,876,1.0361,S
S,1064,1.0362,S
S,1255,1.0362,S
S,1456,1.0362,S
S,1637,1.0362,S
S,1924,1.0362,S
S,2121,1.0362,S
S,2308,1.0362,S
S,2500,1.0362,S
S,2700,1.0362,S
S,2881,1.0362,S
S,3080,1.0362,S
S,3264,1.0362,S
S,3459,1.0362,S
S,3645,1.0362,S
S,3944,1.0362,S
S,4125,1.0362,S
S,4325,1.0362,S
S,4506,1.0362,S
S,4706,1.0362,S
S,4889,1.0362,S
S,5085,1.0362,S
S,5271,1.0362,S
S,5465,1.0362,S
S,5666,1.0362,S
S,5846,1.0362,S
S,6131,1.0361,S
S,6331,1.0361,S
S,6515,1.0361,S
S,6710,1.0361,S
S,6896,1.0361,S
S,7090,1.0361,S
S,7290,1.0361,S
S,7471,1.0361,S
S,7670,1.0361,S
S,7853,1.0361,S
S,8140,1.0361,S
S,8334,1.0361,S
S,8535,1.0361,S
S,8715,1.0361,S
S,8915,1.0361,S
S,9097,1.0361,S
S,9294,1.0361,S
S,9480,1.0361,S
S,9673,1.0361,S
S,9862,1.0361,S
S,10159,1.0361,S
S,10341,1.0361,S
S,10538,1.0361,S
S,10722,1.0361,S
S,10918,1.0361,S
S,11106,1.0361,S
S,11298,1.0361,S
S,11498,1.0361,S
S,11679,1.0361,S
S,11877,1.0361,S
S,12062,1.0361,S
S,12256,1.0361,S
S,12541,1.0361,S
S,12741,1.0361,S
S,12923,1.0361,S
S,13120,1.0361,S
S,13304,1.0361,S
S,13499,1.0361,S
S,13699,1.0361,S
S,13879,1.0361,S
S,14078,1.0362,S
S,14260,1.0362,S
S,14548,1.0362,S
S,14741,1.0362,S
S,14941,1.0362,S
S,15121,1.0362,S
S,15320,1.0362,S
S,15504,1.0362,S
S,15699,1.0362,S
S,15886,1.0362,S
S,16078,1.0362,S
S,16278,1.0362,S
S,16461,1.0362,S
S,16746,1.0362,S
S,16941,1.0362,S
S,17130,1.0362,S
S,17322,1.0361,S
S,17522,1.0361,S
S,17703,1.0361,S
S,17901,1.0361,S
S,18086,1.0361,S
S,18280,1.0361,S
S,18468,1.0361,S
S,18659,1.0361,S
S,18947,1.0361,S
S,19143,1.0361,S
S,19328,1.0361,S
S,19522,1.0361,S
S,19722,1.0361,S
S,19903,1.0361,S
S,20101,1.0361,S
S,20285,1.0361,S
S,20480,1.0361,S
S,20668,1.0361,S
S,20860,1.0361,S
S,21145,1.0361,S
S,21343,1.0361,S
S,21529,1.0361,S
S,21722,1.0361,S
S,21922,1.0361,S
S,22102,1.0361,S
S,22301,1.0361,S
S,22485,1.0361,S
S,22681,1.0361,S
S,22867,1.0361,S
S,23060,1.0361,S
S,23346,1.0361,S
S,23544,1.0361,S
S,23729,1.0361,S
S,23923,1.0361,S
S,24111,1.0361,S
S,24302,1.0361,S
S,24502,1.0361,S
S,24684,1.0361,S
S,24882,1.0361,S
S,25067,1.0361,S
S,25366,1.0361,S
S,25545,1.0361,S
S,25745,1.0361,S
S,25928,1.0361,S
S,26124,1.0361,S
S,26311,1.0361,S
S,26503,1.0361,S
S,26703,1.0361,S
S,26884,1.0361,S
S,27083,1.0361,S
S,27268,1.0361,S
S,27553,1.0361,S
S,27747,1.0361,S
S,27947,1.0361,S
S,28128,1.0361,S
S,28326,1.0361,S
S,28510,1.0361,S
S,28705,1.0361,S
S,28893,1.0361,S
S,29085,1.0361,S
S,29285,1.0361,S
S,29466,1.0361,S
S,29754,1.0361,S
S,29948,1.0361,S
S,30135,1.0361,S
S,30327,1.0361,S
S,30527,1.0361,S
S,30710,1.0361,S
S,30906,1.0361,S
S,31092,1.0361,S
S,31285,1.0361,S
S,31485,1.0361,S
S,31667,1.0361,S
S,31952,1.0361,S
S,32148,1.0361,S
S,32335,1.0361,S
S,32527,1.0361,S
S,32727,1.0361,S
S,32908,1.0361,S
S,33106,1.0361,S
S,33292,1.0361,S
S,33485,1.0361,S
S,33685,1.0361,S
S,33865,1.0361,S
S,34153,1.0361,S
S,34348,1.0361,S
S,34534,1.0361,S
S,34727,1.0361,S
S,34927,1.0361,S
S,35109,1.0361,S
S,35306,1.0361,S
S,35490,1.0361,S
S,35685,1.0361,S
S,35885,1.0361,S
S,36065,1.0361,S
S,36351,1.0361,S
S,36548,1.0361,S
S,36734,1.0361,S
S,36927,1.0361,S
S,37127,1.0361,S
S,37307,1.0361,S
S,37506,1.0361,S
S,37691,1.0361,S
S,37885,1.0361,S
S,38072,1.0361,S
S,38369,1.0361,S
S,38551,1.0361,S
S,38748,1.0361,S
S,38933,1.0361,S
S,39127,1.0361,S
S,39327,1.0361,S
S,39508,1.0361,S
S,39706,1.0361,S
S,39889,1.0361,S
S,40085,1.0361,S
S,40285,1.0361,S
S,40465,1.0361,S
S,40750,1.0361,S
S,40948,1.0361,S
S,41133,1.0361,S
S,41327,1.0361,S
S,41527,1.0361,S
S,41706,1.0361,S
S,41906,1.0361,S
S,42090,1.0361,S
S,42285,1.0361,S
S,42471,1.0361,S
S,42759,1.0361,S
S,42950,1.0361,S
S,43148,1.0361,S
S,43334,1.0361,S
S,43527,1.0361,S
S,43727,1.0361,S
S,43907,1.0361,S
S,44106,1.0361,S
S,44288,1.0361,S
S,44485,1.0361,S
S,44672,1.0361,S
S,44969,1.0361,S
S,45149,1.0361,S
S,45348,1.0361,S
S,45532,1.0361,S
S,45729,1.0361,S
S,45916,1.0361,S
S,46108,1.0361,S
S,46308,1.0361,S
S,46489,1.0361,S
S,46687,1.0361,S
S,46872,1.0361,S
S,47158,1.0361,S
S,47350,1.0361,S
S,47550,1.0361,S
S,47733,1.0361,S
S,47929,1.0361,S
S,48114,1.0361,S
S,48308,1.0361,S
S,48508,1.0361,S
S,48687,1.0361,S
S,48887,1.0361,S
S,49071,1.0361,S
S,49358,1.0361,S
S,49551,1.0361,S
S,49751,1.0361,S
S,49931,1.0361,S
S,50130,1.0361,S
S,50315,1.0361,S
S,50509,1.0361,S
S,50696,1.0361,S
S,50888,1.0361,S
S,51088,1.0361,S
S,51271,1.0361,S
S,51557,1.0361,S
S,51752,1.0361,S
S,51952,1.0361,S
S,52132,1.0361,S
S,52331,1.0361,S
S,52513,1.0361,S
S,52710,1.0361,S
S,52897,1.0361,S
S,53089,1.0361,S
S,53289,1.0361,S
S,53470,1.0361,S
S,53757,1.0361,S
S,53952,1.0361,S
S,54139,1.0361,S
S,54331,1.0361,S
S,54531,1.0361,S
S,54714,1.0361,S
S,54910,1.0361,S
S,55095,1.0361,S
S,55289,1.0361,S
S,55489,1.0361,S
S,55670,1.0361,S
S,55956,1.0361,S
S,56152,1.0361,S
S,56339,1.0361,S
S,56531,1.0361,S
S,56731,1.0361,S
S,56912,1.0361,S
S,57110,1.0361,S
S,57295,1.0361,S
S,57490,1.0361,S
S,57677,1.0361,S
S,57974,1.0361,S
S,58156,1.0361,S
S,58353,1.0361,S
S,58537,1.0361,S
S,58732,1.0361,S
S,58933,1.0361,S
S,59113,1.0361,S
S,59312,1.0361,S
S,59494,1.0361,S
S,59691,1.0361,S
S,59877,1.0361,S
S,60176,1.0361,S
S,60355,1.0361,S
S,60555,1.0361,S
S,60738,1.0361,S
S,60934,1.0361,S
S,61121,1.0361,S
S,61313,1.0361,S
S,61514,1.0361,S
S,61695,1.0361,S
S,61894,1.0361,S
S,62076,1.0361,S
S,62363,1.0361,S
S,62557,1.0361,S
S,62757,1.0361,S
S,62936,1.0361,S
S,63136,1.0361,S
S,63320,1.0361,S
S,63515,1.0361,S
S,63715,1.0361,S
S,63894,1.0361,S
S,64098,1.0361,S
S,64276,1.0361,S
S,64564,1.0361,S
S,64757,1.0361,S
S,64957,1.0361,S
S,65137,1.0361,S
S,65336,1.0361,S
S,65520,1.0361,S
S,65715,1.0361,S
S,65902,1.0361,S
S,66094,1.0361,S
S,66294,1.0361,S
S,66477,1.0361,S
S,66762,1.0361,S
S,66958,1.0361,S
S,67146,1.0361,S
S,67337,1.0361,S
S,67537,1.0361,S
S,67719,1.0361,S
S,67916,1.0361,S
S,68102,1.0361,S
S,68296,1.0361,S
S,68484,1.0361,S
S,68781,1.0361,S
S,68963,1.0361,S
S,69160,1.0361,S
S,69344,1.0361,S
S,69539,1.0361,S
S,69739,1.0361,S
S,69919,1.0361,S
S,70119,1.0361,S
S,70301,1.0361,S
S,70498,1.0361,S
S,70684,1.0361,S
S,70969,1.0361,S
S,71161,1.0361,S
S,71361,1.0361,S
S,71545,1.0361,S
S,71740,1.0361,S
S,71926,1.0361,S
S,72119,1.0361,S
S,72319,1.0361,S
S,72501,1.0361,S
S,72698,1.0361,S
S,72883,1.0361,S
S,73182,1.0361,S
S,73362,1.0361,S
S,73561,1.0361,S
S,73743,1.0361,S
S,73940,1.0361,S
S,74127,1.0361,S
S,74320,1.0361,S
S,74520,1.0361,S
S,74700,1.0361,S
S,74899,1.0361,S
S,75083,1.0361,S
S,75371,1.0361,S
S,75563,1.0361,S
S,75763,1.0361,S
S,75944,1.0361,S
S,76142,1.0361,S
S,76325,1.0361,S
S,76521,1.0361,S
S,76709,1.0361,S
S,76900,1.0361,S
S,77100,1.0361,S
S,77281,1.0361,S
S,77569,1.0361,S
S,77763,1.0361,S
S,77963,1.0361,S
S,78142,1.0361,S
S,78342,1.0361,S
S,78525,1.0361,S
S,78721,1.0361,S
S,78909,1.0361,S
S,79101,1.0361,S
S,79301,1.0361,S
S,79482,1.0361,S
S,79770,1.0361,S
S,79964,1.0361,S
S,80151,1.0361,S
S,80343,1.0361,S
S,80543,1.0361,S
S,80726,1.0361,S
S,80922,1.0361,S
S,81107,1.0361,S
S,81301,1.0361,S
S,81501,1.0361,S
S,81680,1.0361,S
S,81968,1.0361,S
S,82164,1.0361,S
S,82351,1.0361,S
S,82543,1.0361,S
S,82743,1.0361,S
S,82924,1.0361,S
S,83122,1.0361,S
S,83308,1.0361,S
S,83501,1.0361,S
S,83701,1.0361,S
S,83881,1.0361,S
S,84168,1.0361,S
S,84364,1.0361,S
S,84550,1.0361,S
S,84743,1.0361,S
S,84943,1.0361,S
S,85125,1.0361,S
S,85322,1.0361,S
S,85506,1.0361,S
S,85701,1.0361,S
S,85890,1.0361,S
S,86185,1.0361,S
S,86367,1.0361,S
S,86564,1.0361,S
S,86750,1.0361,S
S,86943,1.0361,S
S,87143,1.0361,S
S,87323,1.0361,S
S,87522,1.0361,S
S,87707,1.0362,S
S,87901,1.0362,S
S,88088,1.0362,S
S,88385,1.0362,S
S,88567,1.0362,S
S,88764,1.0362,S
S,88949,1.0362,S
S,89143,1.0362,S
S,89343,1.0362,S
S,89524,1.0362,S
S,89722,1.0362,S
S,89905,1.0362,S
S,90101,1.0362,S
S,90289,1.0362,S
S,90586,1.0362,S
S,90766,1.0361,S
S,90965,1.0361,S
S,91149,1.0361,S
S,91344,1.0361,S
S,91531,1.0361,S
S,91723,1.0361,S
S,91923,1.0361,S
S,92106,1.0361,S
S,92302,1.0361,S
S,92487,1.0361,S
S,92775,1.0361,S
S,92966,1.0361,S
S,93166,1.0361,S
S,93348,1.0361,S
S,93545,1.0361,S
S,93731,1.0361,S
S,93925,1.0361,S
S,94113,1.0361,S
S,94304,1.0361,S
S,94504,1.0362,S
S,94688,1.0362,S
S,94973,1.0362,S
S,95167,1.0362,S
S,95367,1.0362,S
S,95548,1.0362,S
S,95746,1.0362,S
S,95930,1.0362,S
S,96125,1.0362,S
S,96325,1.0362,S
S,96505,1.0362,S
S,96704,1.0362,S
S,96886,1.0362,S
S,97174,1.0362,S
S,97368,1.0362,S
S,97568,1.0362,S
S,97747,1.0362,S
S,97947,1.0362,S
S,98130,1.0362,S
S,98326,1.0362,S
S,98513,1.0362,S
S,98705,1.0361,S
S,98905,1.0361,S
S,99086,1.0361,S
S,99374,1.0361,S
S,99568,1.0361,S
S,99756,1.0361,S
S,99947,1.0361,S
S,100147,1.0361,S
S,100329,1.0361,S
S,100526,1.0361,S
S,100712,1.0361,S
S,100905,1.0361,S
S,101105,1.0361,S
S,101285,1.0361,S
S,101573,1.0362,S
S,101768,1.0362,S
S,101956,1.0362,S
S,102147,1.0362,S
S,102347,1.0362,S
S,102529,1.0362,S
S,102726,1.0362,S
S,102913,1.0362,S
S,103105,1.0362,S
S,103305,1.0363,S
S,103486,1.0363,S
S,103773,1.0363,S
S,103968,1.0363,S
S,104154,1.0363,S
S,104348,1.0363,S
S,104548,1.0363,S
S,104729,1.0364,S
S,104927,1.0364,S
S,105111,1.0364,S
S,105306,1.0364,S
S,105506,1.0364,S
S,105790,1.0364,S
S,105972,1.0364,S
S,106169,1.0364,S
S,106355,1.0365,S
S,106548,1.0365,S
S,106748,1.0365,S
S,106928,1.0365,S
S,107131,1.0365,S
S,107311,1.0365,S
S,107506,1.0365,S
S,107693,1.0365,S
S,107990,1.0365,S
S,108172,1.0365,S
S,108369,1.0365,S
S,108553,1.0365,S
S,108748,1.0365,S
S,108948,1.0364,S
S,109128,1.0364,S
S,109327,1.0364,S
S,109510,1.0364,S
S,109706,1.0364,S
S,109893,1.0364,S
S,110190,1.0364,S
S,110370,1.0364,S
S,110569,1.0364,S
S,110754,1.0364,S
S,110948,1.0364,S
S,111135,1.0364,S
S,111327,1.0363,S
S,111527,1.0363,S
S,111710,1.0363,S
S,111906,1.0363,S
S,112092,1.0363,S
S,112390,1.0363,S
S,112571,1.0363,S
S,112769,1.0363,S
S,112952,1.0363,S
S,113148,1.0363,S
S,113336,1.0363,S
S,113527,1.0364,S
S,113727,1.0364,S
S,113909,1.0364,S
S,114106,1.0364,S
S,114292,1.0364,S
S,114578,1.0364,S
S,114770,1.0364,S
S,114970,1.0364,S
S,115153,1.0364,S
S,115349,1.0364,S
S,115534,1.0364,S
S,115728,1.0364,S
S,115928,1.0364,S
S,116109,1.0364,S
S,116307,1.0364,S
S,116491,1.0364,S
S,116778,1.0363,S
S,116970,1.0363,S
S,117170,1.0363,S
S,117351,1.0363,S
S,117549,1.0363,S
S,117735,1.0363,S
S,117928,1.0363,S
S,118128,1.0362,S
S,118308,1.0362,S
S,118507,1.0362,S
S,118691,1.0362,S
S,118886,1.0362,S
S,119170,1.0362,S
S,119370,1.0362,S
S,119552,1.0361,S
S,119749,1.0361,S
S,119933,1.0361,S
S,120128,1.0361,S
S,120328,1.0361,S
S,120508,1.0361,S
S,120707,1.0361,S
S,120890,1.0361,S
S,121177,1.0361,S
S,121370,1.0361,S
S,121570,1.0361,S
S,121750,1.0361,S
S,121949,1.0361,S
S,122134,1.0361,S
S,122328,1.0361,S
S,122528,1.0361,S
S,122707,1.0361,S
S,122907,1.0361,S
S,123090,1.0361,S
S,123378,1.0361,S
S,123570,1.0361,S
S,123770,1.0361,S
S,123951,1.0361,S
S,124149,1.0361,S
S,124334,1.0361,S
S,124528,1.0361,S
S,124715,1.0361,S
S,124907,1.0361,S
S,125107,1.0361,S
S,125289,1.0361,S
S,125576,1.0361,S
S,125770,1.0361,S
S,125970,1.0361,S
S,126149,1.0361,S
S,126349,1.0361,S
S,126533,1.0361,S
S,126728,1.0361,S
S,126928,1.0361,S
S,127107,1.0361,S
S,127307,1.0361,S
S,127489,1.0361,S
S,127777,1.0361,S
S,127970,1.0361,S
S,128170,1.0361,S
S,128350,1.0361,S
S,128554,1.0361,S
S,128733,1.0361,S
S,128928,1.0361,S
S,129114,1.0361,S
S,129307,1.0361,S
S,129507,1.0361,S
S,129690,1.0361,S
S,129975,1.0361,S
S,130170,1.0361,S
S,130370,1.0361,S
S,130550,1.0361,S
S,130749,1.0361,S
S,130931,1.0361,S
S,131128,1.0361,S
S,131315,1.0361,S
S,131507,1.0361,S
S,131707,1.0361,S
S,131888,1.0361,S
S,132175,1.0361,S
S,132370,1.0361,S
S,132557,1.0361,S
S,132749,1.0361,S
S,132949,1.0361,S
S,133132,1.0361,S
S,133328,1.0361,S
S,133513,1.0361,S
S,133707,1.0361,S
S,133907,1.0361,S
S,134089,1.0361,S
S,134374,1.0361,S
S,134570,1.0361,S
S,134757,1.0361,S
S,134949,1.0361,S
S,135149,1.0361,S
S,135330,1.0361,S
S,135528,1.0361,S
S,135714,1.0361,S
S,135907,1.0361,S
S,136107,1.0361,S
S,136287,1.0361,S
S,136574,1.0361,S
S,136770,1.0361,S
S,136956,1.0362,S
S,137149,1.0362,S
S,137349,1.0362,S
S,137531,1.0362,S
S,137728,1.0362,S
S,137912,1.0362,S
S,138107,1.0362,S
S,138307,1.0362,S
S,138487,1.0362,S
S,138773,1.0362,S
S,138970,1.0362,S
S,139156,1.0362,S
S,139349,1.0362,S
S,139549,1.0362,S
S,139729,1.0362,S
S,139928,1.0362,S
S,140113,1.0362,S
S,140307,1.0362,S
S,140494,1.0362,S
S,140686,1.0362,S
S,140973,1.0362,S
S,141170,1.0362,S
S,141355,1.0362,S
S,141549,1.0362,S
S,141749,1.0362,S
S,141930,1.0362,S
S,142128,1.0362,S
S,142311,1.0361,S
S,142507,1.0361,S
S,142695,1.0361,S
S,142886,1.0361,S
S,143172,1.0361,S
S,143370,1.0361,S
S,143555,1.0361,S
S,143749,1.0361,S
S,143937,1.0361,S
S,144128,1.0361,S
S,144328,1.0361,S
S,144512,1.0361,S
S,144707,1.0361,S
S,144893,1.0361,S
S,145191,1.0361,S
S,145372,1.0361,S
S,145570,1.0361,S
S,145754,1.0361,S
S,145949,1.0361,S
S,146149,1.0361,S
S,146329,1.0361,S
S,146528,1.0361,S
S,146710,1.0361,S
S,146907,1.0361,S
S,147094,1.0361,S
S,147391,1.0361,S
S,147571,1.0361,S
S,147770,1.0361,S
S,147954,1.0361,S
S,148149,1.0361,S
S,148349,1.0361,S
S,148528,1.0361,S
S,148728,1.0361,S
S,148911,1.0361,S
S,149107,1.0361,S
S,149292,1.0361,S
S,149486,1.0361,S
S,149771,1.0362,S
S,149970,1.0362,S
S,150155,1.0362,S
S,150349,1.0362,S
S,150536,1.0362,S
S,150729,1.0362,S
S,150928,1.0362,S
S,151109,1.0362,S
S,151307,1.0362,S
S,151493,1.0362,S
S,151791,1.0362,S
S,151970,1.0362,S
S,152170,1.0362,S
S,152353,1.0362,S
S,152549,1.0362,S
S,152737,1.0362,S
S,152928,1.0362,S
S,153128,1.0362,S
S,153310,1.0362,S
S,153507,1.0362,S
S,153693,1.0362,S
S,153978,1.0362,S
S,154170,1.0362,S
S,154370,1.0362,S
S,154554,1.0362,S
S,154749,1.0362,S
S,154935,1.0362,S
S,155128,1.0362,S
S,155328,1.0362,S
S,155510,1.0362,S
S,155707,1.0362,S
S,155892,1.0362,S
S,156191,1.0362,S
S,156371,1.0362,S
S,156570,1.0362,S
S,156752,1.0362,S
S,156949,1.0361,S
S,157136,1.0361,S
S,157328,1.0361,S
S,157528,1.0361,S
S,157709,1.0361,S
S,157907,1.0361,S
S,158092,1.0361,S
S,158378,1.0361,S
S,158570,1.0361,S
S,158770,1.0362,S
S,158953,1.0362,S
S,159149,1.0362,S
S,159334,1.0362,S
S,159528,1.0362,S
S,159728,1.0362,S
S,159909,1.0362,S
S,160107,1.0362,S
S,160290,1.0362,S
S,160578,1.0362,S
S,160770,1.0362,S
S,160970,1.0362,S
S,161151,1.0362,S
S,161349,1.0362,S
S,161534,1.0362,S
S,161728,1.0362,S
S,161916,1.0362,S
S,162108,1.0362,S
S,162307,1.0362,S
S,162491,1.0362,S
S,162776,1.0362,S
S,162970,1.0362,S
S,163170,1.0362,S
S,163351,1.0362,S
S,163549,1.0362,S
S,163733,1.0362,S
S,163928,1.0362,S
S,164128,1.0362,S
S,164308,1.0362,S
S,164507,1.0362,S
S,164689,1.0362,S
S,164977,1.0362,S
S,165170,1.0362,S
S,165370,1.0362,S
S,165550,1.0362,S
S,165749,1.0362,S
S,165933,1.0362,S
S,166128,1.0362,S
S,166315,1.0362,S
S,166507,1.0362,S
S,166707,1.0362,S
S,166890,1.0362,S
S,167175,1.0362,S
S,167371,1.0362,S
S,167571,1.0362,S
S,167751,1.0362,S
S,167950,1.0362,S
S,168132,1.0362,S
S,168329,1.0361,S
S,168515,1.0361,S
S,168708,1.0361,S
S,168908,1.0361,S
S,169088,1.0361,S
S,169376,1.0361,S
S,169571,1.0361,S
S,169757,1.0361,S
S,169950,1.0361,S
S,170150,1.0361,S
S,170332,1.0361,S
S,170529,1.0361,S
S,170714,1.0361,S
S,170908,1.0361,S
S,171108,1.0361,S
S,171289,1.0361,S
S,171574,1.0361,S
S,171771,1.0361,S
S,171958,1.0361,S
S,172155,1.0362,S
S,172350,1.0362,S
S,172531,1.0362,S
S,172729,1.0362,S
S,172914,1.0362,S
S,173108,1.0362,S
S,173308,1.0362,S
S,173487,1.0362,S
S,173775,1.0362,S
S,173971,1.0362,S
S,174158,1.0362,S
S,174350,1.0362,S
S,174550,1.0362,S
S,174731,1.0362,S
S,174929,1.0362,S
S,175113,1.0362,S
S,175308,1.0362,S
S,175508,1.0362,S
S,175688,1.0362,S
S,175975,1.0362,S
S,176171,1.0362,S
S,176357,1.0362,S
S,176550,1.0362,S
S,176750,1.0362,S
S,176930,1.0362,S
S,177129,1.0362,S
S,177313,1.0362,S
S,177508,1.0362,S
S,177708,1.0362,S
S,177992,1.0362,S
S,178174,1.0362,S
S,178371,1.0362,S
S,178557,1.0362,S
S,178750,1.0362,S
S,178950,1.0362,S
S,179130,1.0362,S
S,179329,1.0362,S
S,179514,1.0362,S
S,179708,1.0362,S
S,179895,1.0362,S
S,180192,1.0362,S
S,180374,1.0362,S
S,180571,1.0362,S
S,180756,1.0362,S
S,180950,1.0362,S
S,181150,1.0362,S
S,181329,1.0362,S
S,181529,1.0362,S
S,181712,1.0362,S
S,181908,1.0362,S
S,182095,1.0362,S
S,182392,1.0362,S
S,182573,1.0362,S
S,182771,1.0362,S
S,182956,1.0362,S
S,183150,1.0362,S
S,183338,1.0362,S
S,183529,1.0362,S
S,183729,1.0362,S
S,183913,1.0362,S
S,184108,1.0362,S
S,184294,1.0362,S
S,184592,1.0362,S
S,184773,1.0362,S
S,184971,1.0362,S
S,185155,1.0362,S
S,185350,1.0362,S
S,185550,1.0362,S
S,185730,1.0362,S
S,185929,1.0362,S
S,186111,1.0362,S
S,186308,1.0362,S
S,186495,1.0362,S
S,186792,1.0362,S
S,186972,1.0362,S
S,187171,1.0362,S
S,187355,1.0362,S
S,187550,1.0362,S
S,187736,1.0362,S
S,187929,1.0362,S
S,188129,1.0361,S
S,188312,1.0361,S
S,188508,1.0361,S
S,188693,1.0361,S
S,188992,1.0361,S
S,189172,1.0361,S
S,189371,1.0361,S
S,189554,1.0361,S
S,189750,1.0361,S
S,189937,1.0361,S
S,190129,1.0361,S
S,190329,1.0361,S
S,190510,1.0361,S
S,190708,1.0361,S
S,190893,1.0361,S
S,191179,1.0361,S
S,191371,1.0361,S
S,191571,1.0361,S
S,191754,1.0361,S
S,191950,1.0361,S
S,192135,1.0361,S
S,192329,1.0361,S
S,192529,1.0361,S
S,192710,1.0361,S
S,192908,1.0361,S
S,193092,1.0361,S
S,193384,1.0361,S
S,193571,1.0361,S
S,193771,1.0361,S
S,193953,1.0361,S
S,194150,1.0361,S
S,194336,1.0361,S
S,194529,1.0361,S
S,194729,1.0361,S
S,194909,1.0361,S
S,195108,1.0361,S
S,195292,1.0361,S
S,195578,1.0361,S
S,195771,1.0361,S
S,195971,1.0361,S
S,196153,1.0361,S
S,196350,1.0361,S
S,196534,1.0361,S
S,196729,1.0361,S
S,196929,1.0361,S
S,197109,1.0361,S
S,197308,1.0361,S
S,197491,1.0361,S
S,197778,1.0361,S
S,197971,1.0361,S
S,198171,1.0361,S
S,198352,1.0361,S
S,198550,1.0361,S
S,198735,1.0361,S
S,198929,1.0361,S
S,199129,1.0361,S
S,199308,1.0361,S
S,199508,1.0361,S
S,199691,1.0361,S
S,199979,1.0361,S
S,200171,1.0361,S
S,200371,1.0362,S
S,200552,1.0362,S
S,200750,1.0362,S
S,200933,1.0362,S
S,201129,1.0362,S
S,201329,1.0362,S
S,201508,1.0362,S
S,201708,1.0362,S
S,201890,1.0362,S
S,202178,1.0362,S
S,202371,1.0362,S
S,202571,1.0361,S
S,202750,1.0361,S
S,202950,1.0361,S
S,203134,1.0361,S
S,203329,1.0361,S
S,203529,1.0361,S
S,203708,1.0361,S
S,203908,1.0361,S
S,204090,1.0361,S
S,204378,1.0361,S
S,204571,1.0361,S
S,204771,1.0361,S
S,204951,1.0361,S
S,205150,1.0361,S
S,205334,1.0361,S
S,205529,1.0361,S
S,205716,1.0361,S
S,205908,1.0361,S
S,206108,1.0361,S
S,206289,1.0361,S
S,206576,1.0361,S
S,206771,1.0361,S
S,206971,1.0361,S
S,207150,1.0361,S
S,207350,1.0361,S
S,207533,1.0361,S
S,207729,1.0362,S
S,207916,1.0362,S
S,208108,1.0362,S
S,208308,1.0362,S
S,208489,1.0362,S
S,208777,1.0362,S
S,208971,1.0362,S
S,209158,1.0362,S
S,209350,1.0362,S
S,209550,1.0362,S
S,209733,1.0362,S
S,209929,1.0362,S
S,210115,1.0362,S
S,210308,1.0362,S
S,210508,1.0362,S
S,210690,1.0362,S
S,210975,1.0362,S
S,211171,1.0362,S
S,211371,1.0362,S
S,211550,1.0362,S
S,211750,1.0362,S
S,211932,1.0362,S
S,212129,1.0362,S
S,212315,1.0362,S
S,212508,1.0362,S
S,212708,1.0362,S
S,212888,1.0362,S
S,213176,1.0362,S
S,213371,1.0362,S
S,213557,1.0362,S
S,213750,1.0362,S
S,213950,1.0362,S
S,214132,1.0362,S
S,214329,1.0362,S
S,214514,1.0362,S
S,214708,1.0362,S
S,214913,1.0362,S
S,215089,1.0362,S
S,215374,1.0362,S
S,215571,1.0362,S
S,215758,1.0362,S
S,215950,1.0362,S
S,216150,1.0362,S
S,216331,1.0362,S
S,216529,1.0362,S
S,216714,1.0362,S
S,216908,1.0362,S
S,217096,1.0362,S
S,217287,1.0362,S
S,217575,1.0362,S
S,217771,1.0362,S
S,217956,1.0362,S
S,218150,1.0362,S
S,218350,1.0362,S
S,218531,1.0362,S
S,218729,1.0362,S
S,218913,1.0362,S
S,219108,1.0362,S
S,219308,1.0362,S
S,219488,1.0362,S
S,219773,1.0362,S
S,219971,1.0362,S
S,220157,1.0362,S
S,220350,1.0362,S
S,220550,1.0362,S
S,220730,1.0362,S
S,220929,1.0362,S
S,221113,1.0362,S
S,221308,1.0362,S
S,221494,1.0362,S
S,221792,1.0362,S
S,221974,1.0362,S
S,222171,1.0362,S
S,222355,1.0362,S
S,222550,1.0362,S
S,222750,1.0362,S
S,222930,1.0362,S
S,223129,1.0362,S
S,223311,1.0362,S
S,223508,1.0362,S
S,223695,1.0362,S
S,223887,1.0362,S
S,224172,1.0362,S
S,224371,1.0361,S
S,224555,1.0361,S
S,224750,1.0361,S
S,224950,1.0361,S
S,225129,1.0361,S
S,225329,1.0361,S
S,225512,1.0361,S
S,225708,1.0361,S
S,225893,1.0361,S
S,226192,1.0361,S
S,226373,1.0361,S
S,226571,1.0361,S
S,226754,1.0362,S
S,226950,1.0362,S
S,227137,1.0362,S
S,227329,1.0362,S
S,227529,1.0362,S
S,227711,1.0362,S
S,227908,1.0362,S
S,228094,1.0362,S
S,228392,1.0362,S
S,228571,1.0362,S
S,228771,1.0362,S
S,228954,1.0362,S
S,229150,1.0362,S
S,229350,1.0362,S
S,229529,1.0362,S
S,229729,1.0362,S
S,229911,1.0362,S
S,230108,1.0362,S
S,230292,1.0362,S
S,230592,1.0362,S
S,230772,1.0362,S
S,230971,1.0362,S
S,231155,1.0362,S
S,231350,1.0362,S
S,231536,1.0362,S
S,231729,1.0362,S
S,231929,1.0362,S
S,232110,1.0362,S
S,232308,1.0362,S
S,232493,1.0362,S
S,232792,1.0362,S
S,232971,1.0362,S
S,233171,1.0362,S
S,233353,1.0362,S
S,233550,1.0362,S
S,233737,1.0362,S
S,233929,1.0362,S
S,234129,1.0362,S
S,234310,1.0361,S
S,234508,1.0361,S
S,234693,1.0361,S
S,234979,1.0361,S
S,235171,1.0361,S
S,235371,1.0361,S
S,235554,1.0361,S
S,235750,1.0361,S
S,235935,1.0361,S
S,236129,1.0361,S
S,236334,1.0361,S
S,236510,1.0361,S
S,236708,1.0361,S
S,236892,1.0361,S
S,237179,1.0361,S
S,237371,1.0361,S
S,237571,1.0361,S
S,237752,1.0361,S
S,237950,1.0361,S
S,238136,1.0361,S
S,238329,1.0361,S
S,238529,1.0361,S
S,238709,1.0361,S
S,238908,1.0361,S
S,239092,1.0361,S
S,239378,1.0361,S
S,239571,1.0361,S
S,239771,1.0361,S
S,239953,1.0361,S
S,240150,1.0361,S
S,240334,1.0361,S
S,240529,1.0361,S
S,240729,1.0361,S
S,240909,1.0361,S
S,241108,1.0361,S
S,241291,1.0361,S
S,241578,1.0361,S
S,241771,1.0361,S
S,241971,1.0362,S
S,242151,1.0362,S
S,242350,1.0362,S
S,242535,1.0362,S
S,242729,1.0362,S
S,242916,1.0362,S
S,243108,1.0362,S
S,243308,1.0362,S
S,243491,1.0362,S
S,243777,1.0362,S
S,243971,1.0362,S
S,244171,1.0362,S
S,244352,1.0362,S
S,244550,1.0362,S
S,244733,1.0362,S
S,244929,1.0362,S
S,245117,1.0362,S
S,245308,1.0362,S
S,245508,1.0362,S
S,245690,1.0362,S
S,245977,1.0362,S
S,246171,1.0362,S
S,246359,1.0362,S
S,246550,1.0362,S
S,246750,1.0362,S
S,246934,1.0362,S
S,247129,1.0362,S
S,247315,1.0362,S
S,247508,1.0362,S
S,247708,1.0362,S
S,247890,1.0362,S
S,248176,1.0362,S
S,248371,1.0362,S
S,248571,1.0362,S
S,248751,1.0362,S
S,248950,1.0362,S
S,249132,1.0362,S
S,249329,1.0362,S
S,249516,1.0362,S
S,249708,1.0362,S
S,249908,1.0362,S
S,250089,1.0362,S
S,250376,1.0362,S
S,250571,1.0362,S
S,250771,1.0362,S
S,250950,1.0362,S
S,251150,1.0361,S
S,251333,1.0361,S
S,251529,1.0361,S
S,251714,1.0361,S
S,251908,1.0361,S
S,252108,1.0361,S
S,252289,1.0361,S
S,252575,1.0361,S
S,252771,1.0361,S
S,252958,1.0361,S
S,253150,1.0361,S
S,253350,1.0361,S
S,253531,1.0361,S
S,253729,1.0361,S
S,253914,1.0361,S
S,254108,1.0361,S
S,254308,1.0361,S
S,254488,1.0361,S
S,254775,1.0361,S
S,254971,1.0361,S
S,255158,1.0361,S
S,255350,1.0361,S
S,255550,1.0361,S
S,255731,1.0361,S
S,255929,1.0361,S
S,256113,1.0361,S
S,256308,1.0361,S
S,256508,1.0361,S
S,256688,1.0361,S
S,256976,1.0361,S
S,257171,1.0361,S
S,257357,1.0361,S
S,257550,1.0361,S
S,257750,1.0361,S
S,257930,1.0361,S
S,258133,1.0361,S
S,258314,1.0361,S
S,258508,1.0361,S
S,258708,1.0361,S
S,258992,1.0361,S
S,259174,1.0361,S
S,259371,1.0361,S
S,259557,1.0361,S
S,259750,1.0361,S
S,259950,1.0361,S
S,260131,1.0361,S
S,260329,1.0361,S
S,260514,1.0361,S
S,260708,1.0361,S
S,260895,1.0361,S
S,261192,1.0361,S
S,261375,1.0361,S
S,261571,1.0361,S
S,261756,1.0361,S
S,261950,1.0361,S
S,262150,1.0361,S
S,262331,1.0361,S
S,262529,1.0362,S
S,262712,1.0362,S
S,262908,1.0362,S
S,263096,1.0362,S
S,263392,1.0362,S
S,263573,1.0362,S
S,263771,1.0362,S
S,263957,1.0362,S
S,264151,1.0362,S
S,264338,1.0362,S
S,264530,1.0362,S
S,264730,1.0362,S
S,264913,1.0362,S
S,265109,1.0362,S
S,265294,1.0362,S
S,265488,1.0362,S
S,265774,1.0362,S
S,265972,1.0362,S
S,266155,1.0362,S
S,266351,1.0362,S
S,266538,1.0362,S
S,266730,1.0361,S
S,266930,1.0361,S
S,267111,1.0361,S
S,267309,1.0361,S
S,267495,1.0361,S
S,267780,1.0361,S
S,267972,1.0361,S
S,268172,1.0361,S
S,268355,1.0361,S
S,268551,1.0361,S
S,268737,1.0361,S
S,268930,1.0361,S
S,269130,1.0361,S
S,269312,1.0361,S
S,269509,1.0361,S
S,269693,1.0361,S
S,269981,1.0361,S
S,270172,1.0361,S
S,270372,1.0361,S
S,270554,1.0361,S
S,270751,1.0361,S
S,270937,1.0361,S
S,271130,1.0361,S
S,271330,1.0361,S
S,271510,1.0361,S
S,271709,1.0361,S
S,271894,1.0361,S
S,272179,1.0361,S
S,272372,1.0361,S
S,272572,1.0361,S
S,272754,1.0361,S
S,272951,1.0361,S
S,273136,1.0361,S
S,273330,1.0361,S
S,273530,1.0361,S
S,273711,1.0361,S
S,273909,1.0361,S
S,274092,1.0361,S
S,274380,1.0361,S
S,274572,1.0361,S
S,274772,1.0361,S
S,274953,1.0361,S
S,275151,1.0361,S
S,275336,1.0361,S
S,275530,1.0361,S
S,275717,1.0361,S
S,275909,1.0361,S
S,276109,1.0361,S
S,276293,1.0361,S
S,276580,1.0361,S
S,276772,1.0361,S
S,276972,1.0361,S
S,277153,1.0361,S
S,277351,1.0361,S
S,277535,1.0361,S
S,277730,1.0361,S
S,277930,1.0361,S
S,278110,1.0361,S
S,278309,1.0361,S
S,278491,1.0361,S
S,278779,1.0361,S
S,278972,1.0361,S
S,279172,1.0361,S
S,279352,1.0361,S
S,279555,1.0361,S
S,279735,1.0361,S
S,279930,1.0361,S
S,280130,1.0362,S
S,280309,1.0362,S
S,280509,1.0362,S
S,280692,1.0362,S
S,280979,1.0362,S
S,281172,1.0362,S
S,281372,1.0362,S
S,281552,1.0362,S
S,281751,1.0362,S
S,281934,1.0362,S
S,282130,1.0362,S
S,282317,1.0362,S
S,282509,1.0362,S
S,282709,1.0362,S
S,282890,1.0362,S
S,283178,1.0362,S
S,283372,1.0362,S
S,283572,1.0362,S
S,283751,1.0362,S
S,283951,1.0362,S
S,284134,1.0362,S
S,284330,1.0362,S
S,284517,1.0362,S
S,284709,1.0362,S
S,284909,1.0362,S
S,285090,1.0362,S
S,285378,1.0362,S
S,285572,1.0362,S
S,285759,1.0362,S
S,285951,1.0362,S
S,286151,1.0362,S
S,286334,1.0362,S
S,286530,1.0362,S
S,286716,1.0362,S
S,286909,1.0362,S
S,287109,1.0362,S
S,287289,1.0362,S
S,287577,1.0362,S
S,287772,1.0362,S
S,287972,1.0362,S
S,288152,1.0362,S
S,288351,1.0362,S
S,288533,1.0362,S
S,288730,1.0362,S
S,288916,1.0362,S
S,289109,1.0362,S
S,289309,1.0362,S
S,289490,1.0362,S
S,289777,1.0362,S
S,289972,1.0362,S
S,290158,1.0362,S
S,290351,1.0362,S
S,290551,1.0362,S
S,290733,1.0362,S
S,290930,1.0362,S
S,291115,1.0362,S
S,291309,1.0362,S
S,291509,1.0362,S
S,291690,1.0362,S
S,291975,1.0362,S
S,292172,1.0362,S
S,292359,1.0362,S
S,292551,1.0362,S
S,292751,1.0362,S
S,292932,1.0362,S
S,293130,1.0362,S
S,293315,1.0362,S
S,293509,1.0362,S
S,293697,1.0362,S
S,293888,1.0362,S
S,294176,1.0362,S
S,294372,1.0362,S
S,294557,1.0362,S
S,294751,1.0362,S
S,294951,1.0362,S
S,295132,1.0362,S
S,295330,1.0362,S
S,295514,1.0362,S
S,295709,1.0362,S
S,295909,1.0362,S
S,296089,1.0362,S
S,296375,1.0361,S
S,296572,1.0361,S
S,296758,1.0361,S
S,296951,1.0361,S
S,297151,1.0361,S
S,297331,1.0361,S
S,297530,1.0361,S
S,297714,1.0361,S
S,297909,1.0361,S
S,298096,1.0361,S
S,298393,1.0361,S
S,298575,1.0361,S
S,298773,1.0361,S
S,298956,1.0361,S
S,299152,1.0361,S
S,299340,1.0361,S
S,299531,1.0361,S
S,299731,1.0361,S
S,299913,1.0361,S
S,300110,1.0361,S
S,300296,1.0361,S
S,300594,1.0361,S
S,300773,1.0361,S
S,300973,1.0361,S
S,301157,1.0361,S
S,301357,1.0361,S
S,301538,1.0361,S
S,301731,1.0361,S
S,301931,1.0361,S
S,302113,1.0361,S
S,302310,1.0361,S
S,302495,1.0361,S
S,302794,1.0361,S
S,302974,1.0361,S
S,303173,1.0361,S
S,303355,1.0361,S
S,303552,1.0361,S
S,303739,1.0361,S
S,303931,1.0362,S
S,304131,1.0362,S
S,304312,1.0362,S
S,304511,1.0362,S
S,304695,1.0362,S
S,304983,1.0362,S
S,305174,1.0362,S
S,305374,1.0362,S
S,305556,1.0362,S
S,305753,1.0362,S
S,305939,1.0362,S
S,306132,1.0362,S
S,306332,1.0362,S
S,306512,1.0362,S
S,306711,1.0362,S
S,306893,1.0362,S
S,307181,1.0362,S
S,307374,1.0362,S
S,307574,1.0362,S
S,307754,1.0362,S
S,307953,1.0362,S
S,308138,1.0362,S
S,308332,1.0362,S
S,308532,1.0362,S
S,308711,1.0362,S
S,308911,1.0362,S
S,309094,1.0362,S
S,309382,1.0362,S
S,309574,1.0362,S
S,309774,1.0362,S
S,309955,1.0362,S
S,310153,1.0362,S
S,310338,1.0362,S
S,310532,1.0362,S
S,310720,1.0362,S
S,310911,1.0362,S
S,311111,1.0362,S
S,311295,1.0362,S
S,311580,1.0362,S
S,311774,1.0362,S
S,311974,1.0361,S
S,312155,1.0361,S
S,312353,1.0361,S
S,312537,1.0361,S
S,312732,1.0361,S
S,312932,1.0361,S
S,313111,1.0361,S
S,313311,1.0361,S
S,313493,1.0361,S
S,313781,1.0361,S
S,313974,1.0361,S
S,314174,1.0361,S
S,314354,1.0361,S
S,314553,1.0361,S
S,314737,1.0361,S
S,314932,1.0361,S
S,315118,1.0361,S
S,315311,1.0361,S
S,315511,1.0361,S
S,315693,1.0361,S
S,315979,1.0361,S
S,316174,1.0361,S
S,316374,1.0361,S
S,316554,1.0361,S
S,316753,1.0361,S
S,316935,1.0361,S
S,317132,1.0361,S
S,317319,1.0361,S
S,317511,1.0361,S
S,317711,1.0361,S
S,317892,1.0361,S
S,318180,1.0361,S
S,318374,1.0361,S
S,318561,1.0361,S
S,318753,1.0361,S
S,318953,1.0361,S
S,319136,1.0361,S
S,319332,1.0361,S
S,319517,1.0361,S
S,319711,1.0361,S
S,319911,1.0361,S
S,320093,1.0361,S
S,320378,1.0361,S
S,320574,1.0361,S
S,320761,1.0361,S
S,320953,1.0361,S
S,321153,1.0361,S
S,321334,1.0361,S
S,321532,1.0361,S
S,321718,1.0361,S
S,321911,1.0361,S
S,322111,1.0361,S
S,322291,1.0361,S
S,322578,1.0361,S
S,322774,1.0361,S
S,322960,1.0361,S
S,323153,1.0361,S
S,323353,1.0361,S
S,323535,1.0361,S
S,323732,1.0361,S
S,323916,1.0361,S
S,324111,1.0361,S
S,324311,1.0361,S
S,324491,1.0361,S
S,324777,1.0361,S
S,324974,1.0361,S
S,325160,1.0362,S
S,325353,1.0362,S
S,325553,1.0362,S
S,325733,1.0362,S
S,325932,1.0362,S
S,326117,1.0362,S
S,326311,1.0361,S
S,326498,1.0361,S
S,326795,1.0361,S
S,326977,1.0361,S
S,327174,1.0361,S
S,327359,1.0361,S
S,327553,1.0361,S
S,327753,1.0361,S
S,327934,1.0361,S
S,328132,1.0361,S
S,328315,1.0361,S
S,328511,1.0361,S
S,328699,1.0361,S
S,328890,1.0361,S
S,329176,1.0361,S
S,329374,1.0361,S
S,329559,1.0361,S
S,329753,1.0361,S
S,329953,1.0361,S
S,330132,1.0361,S
S,330332,1.0361,S
S,330516,1.0361,S
S,330711,1.0361,S
S,330897,1.0361,S
S,331195,1.0361,S
S,331376,1.0361,S
S,331574,1.0361,S
S,331760,1.0361,S
S,331953,1.0361,S
S,332153,1.0361,S
S,332333,1.0361,S
S,332533,1.0361,S
S,332714,1.0361,S
S,332912,1.0361,S
S,333098,1.0361,S
S,333396,1.0361,S
S,333575,1.0361,S
S,333775,1.0361,S
S,333958,1.0361,S
S,334154,1.0361,S
S,334342,1.0361,S
S,334533,1.0361,S
S,334733,1.0361,S
S,334915,1.0361,S
S,335112,1.0361,S
S,335298,1.0361,S
S,335584,1.0361,S
S,335775,1.0361,S
S,335975,1.0362,S
S,336159,1.0362,S
S,336354,1.0362,S
S,336540,1.0362,S
S,336733,1.0362,S
S,336933,1.0362,S
S,337115,1.0362,S
S,337312,1.0362,S
S,337497,1.0362,S
S,337691,1.0362,S
S,337976,1.0362,S
S,338175,1.0362,S
S,338357,1.0362,S
S,338554,1.0362,S
S,338741,1.0362,S
S,338933,1.0362,S
S,339133,1.0362,S
S,339314,1.0362,S
S,339512,1.0362,S
S,339697,1.0362,S
S,339983,1.0362,S
S,340175,1.0362,S
S,340375,1.0362,S
S,340558,1.0362,S
S,340754,1.0362,S
S,340939,1.0362,S
S,341133,1.0362,S
S,341333,1.0362,S
S,341514,1.0362,S
S,341712,1.0362,S
S,341896,1.0362,S
S,342183,1.0362,S
S,342375,1.0362,S
S,342575,1.0362,S
S,342756,1.0362,S
S,342954,1.0362,S
S,343140,1.0362,S
S,343333,1.0362,S
S,343533,1.0362,S
S,343713,1.0362,S
S,343912,1.0362,S
S,344096,1.0362,S
S,344382,1.0362,S
S,344579,1.0362,S
S,344775,1.0362,S
S,344957,1.0362,S
S,345154,1.0362,S
S,345338,1.0362,S
S,345533,1.0362,S
S,345733,1.0362,S
S,345913,1.0362,S
S,346112,1.0362,S
S,346294,1.0362,S
S,346582,1.0362,S
S,346775,1.0362,S
S,346975,1.0362,S
S,347155,1.0362,S
S,347354,1.0362,S
S,347539,1.0362,S
S,347733,1.0362,S
S,347920,1.0362,S
S,348112,1.0362,S
S,348312,1.0362,S
S,348495,1.0362,S
S,348691,1.0362,S
S,348975,1.0362,S
S,349175,1.0362,S
S,349356,1.0362,S
S,349554,1.0362,S
S,349737,1.0362,S
S,349933,1.0362,S
S,350120,1.0362,S
S,350312,1.0362,S
S,350512,1.0362,S
S,350693,1.0362,S
S,350981,1.0362,S
S,351175,1.0362,S
S,351375,1.0362,S
S,351554,1.0362,S
S,351754,1.0362,S
S,351937,1.0362,S
S,352133,1.0362,S
S,352319,1.0362,S
S,352512,1.0362,S
S,352712,1.0362,S
S,352894,1.0362,S
S,353179,1.0362,S
S,353375,1.0362,S
S,353563,1.0362,S
S,353754,1.0362,S
S,353954,1.0362,S
S,354136,1.0362,S
S,354333,1.0362,S
S,354519,1.0362,S
S,354712,1.0362,S
S,354912,1.0362,S
S,355092,1.0362,S
S,355380,1.0362,S
S,355575,1.0362,S
S,355775,1.0362,S
S,355954,1.0362,S
S,356154,1.0362,S
S,356336,1.0362,S
S,356533,1.0362,S
S,356718,1.0362,S
S,356912,1.0362,S
S,357112,1.0362,S
S,357293,1.0362,S
S,357580,1.0362,S
S,357775,1.0362,S
S,357962,1.0362,S
S,358154,1.0362,S
S,358354,1.0362,S
S,358535,1.0362,S
S,358733,1.0362,S
S,358918,1.0362,S
S,359112,1.0362,S
S,359312,1.0362,S
S,359491,1.0362,S
S,359779,1.0362,S
S,359975,1.0362,S
S,360162,1.0362,S
S,360354,1.0362,S
S,360554,1.0362,S
S,360735,1.0362,S
S,360933,1.0362,S
S,361119,1.0362,S
S,361312,1.0362,S
S,361512,1.0362,S
S,361692,1.0362,S
S,361979,1.0362,S
S,362175,1.0362,S
S,362361,1.0362,S
S,362554,1.0362,S
S,362754,1.0361,S
S,362936,1.0361,S
S,363133,1.0361,S
S,363317,1.0361,S
S,363512,1.0361,S
S,363712,1.0361,S
S,363996,1.0361,S
S,364178,1.0361,S
S,364375,1.0361,S
S,364561,1.0361,S
S,364754,1.0361,S
S,364954,1.0361,S
S,365134,1.0361,S
S,365333,1.0361,S
S,365518,1.0361,S
S,365712,1.0361,S
S,365899,1.0361,S
S,366196,1.0361,S
S,366379,1.0361,S
S,366576,1.0361,S
S,366760,1.0361,S
S,366954,1.0361,S
S,367154,1.0361,S
S,367335,1.0361,S
S,367533,1.0361,S
S,367716,1.0361,S
S,367912,1.0361,S
S,368099,1.0361,S
S,368396,1.0361,S
S,368577,1.0361,S
S,368775,1.0361,S
S,368960,1.0361,S
S,369154,1.0361,S
S,369342,1.0362,S
S,369533,1.0362,S
S,369733,1.0362,S
S,369917,1.0362,S
S,370112,1.0361,S
S,370298,1.0361,S
S,370596,1.0361,S
S,370777,1.0361,S
S,370975,1.0361,S
S,371159,1.0361,S
S,371354,1.0362,S
S,371554,1.0362,S
S,371734,1.0362,S
S,371933,1.0362,S
S,372115,1.0362,S
S,372312,1.0362,S
S,372499,1.0362,S
S,372796,1.0362,S
S,372976,1.0362,S
S,373175,1.0362,S
S,373359,1.0362,S
S,373554,1.0362,S
S,373741,1.0362,S
S,373933,1.0362,S
S,374133,1.0362,S
S,374316,1.0362,S
S,374512,1.0362,S
S,374697,1.0362,S
S,374996,1.0362,S
S,375176,1.0362,S
S,375375,1.0362,S
S,375558,1.0362,S
S,375754,1.0362,S
S,375941,1.0362,S
S,376133,1.0362,S
S,376333,1.0362,S
S,376514,1.0362,S
S,376712,1.0362,S
S,376897,1.0362,S
S,377183,1.0362,S
S,377375,1.0362,S
S,377575,1.0362,S
S,377758,1.0362,S
S,377954,1.0362,S
S,378140,1.0362,S
S,378333,1.0362,S
S,378533,1.0362,S
S,378715,1.0362,S
S,378912,1.0362,S
S,379096,1.0362,S
S,379291,1.0362,S
S,379575,1.0362,S
S,379775,1.0362,S
S,379956,1.0362,S
S,380154,1.0362,S
S,380340,1.0362,S
S,380533,1.0362,S
S,380733,1.0362,S
S,380913,1.0362,S
S,381112,1.0362,S
S,381296,1.0362,S
S,381596,1.0362,S
S,381775,1.0362,S
S,381975,1.0362,S
S,382157,1.0362,S
S,382354,1.0362,S
S,382538,1.0362,S
S,382733,1.0362,S
S,382933,1.0362,S
S,383113,1.0362,S
S,383312,1.0362,S
S,383495,1.0362,S
S,383782,1.0362,S
S,383975,1.0362,S
S,384175,1.0362,S
S,384355,1.0362,S
S,384554,1.0362,S
S,384739,1.0362,S
S,384933,1.0362,S
S,385133,1.0362,S
S,385312,1.0362,S
S,385512,1.0362,S
S,385696,1.0362,S
S,385983,1.0362,S
S,386175,1.0362,S
S,386375,1.0362,S
S,386556,1.0362,S
S,386754,1.0362,S
S,386939,1.0362,S
S,387133,1.0362,S
S,387321,1.0362,S
S,387513,1.0362,S
S,387704,1.0362,S
S,387894,1.0362,S
S,388181,1.0362,S
S,388375,1.0362,S
S,388575,1.0362,S
S,388754,1.0362,S
S,388954,1.0362,S
S,389138,1.0362,S
S,389333,1.0362,S
S,389533,1.0362,S
S,389712,1.0362,S
S,389912,1.0362,S
S,390094,1.0362,S
S,390382,1.0362,S
S,390575,1.0362,S
S,390775,1.0362,S
S,390955,1.0362,S
S,391154,1.0362,S
S,391338,1.0362,S
S,391533,1.0362,S
S,391720,1.0362,S
S,391912,1.0362,S
S,392112,1.0362,S
S,392295,1.0362,S
S,392580,1.0362,S
S,392775,1.0362,S
S,392975,1.0362,S
S,393155,1.0362,S
S,393354,1.0362,S
S,393537,1.0362,S
S,393733,1.0362,S
S,393920,1.0362,S
S,394112,1.0362,S
S,394312,1.0362,S
S,394493,1.0362,S
S,394781,1.0362,S
S,394975,1.0362,S
S,395162,1.0362,S
S,395354,1.0362,S
S,395554,1.0362,S
S,395737,1.0362,S
S,395933,1.0362,S
S,396119,1.0361,S
S,396312,1.0361,S
S,396512,1.0361,S
S,396694,1.0361,S
S,396979,1.0361,S
S,397175,1.0361,S
S,397363,1.0361,S
S,397555,1.0361,S
S,397754,1.0361,S
S,397936,1.0361,S
S,398133,1.0361,S
S,398319,1.0361,S
S,398512,1.0361,S
S,398712,1.0361,S
S,398892,1.0361,S
S,399180,1.0361,S
S,399375,1.0361,S
S,399561,1.0361,S
S,399754,1.0361,S
S,399954,1.0361,S
S,400136,1.0361,S
S,400333,1.0361,S
S,400518,1.0361,S
S,400712,1.0361,S
S,400912,1.0361,S
S,401093,1.0361,S
S,401378,1.0361,S
S,401575,1.0361,S
S,401762,1.0361,S
S,401954,1.0361,S
S,402154,1.0361,S
S,402335,1.0361,S
S,402533,1.0361,S
S,402718,1.0361,S
S,402912,1.0361,S
S,403100,1.0361,S
S,403291,1.0361,S
S,403579,1.0361,S
S,403775,1.0362,S
S,403960,1.0362,S
S,404154,1.0362,S
S,404354,1.0362,S
S,404535,1.0362,S
S,404733,1.0362,S
S,404917,1.0362,S
S,405112,1.0362,S
S,405312,1.0362,S
S,405492,1.0362,S
S,405777,1.0362,S
S,405975,1.0362,S
S,406161,1.0362,S
S,406354,1.0362,S
S,406554,1.0362,S
S,406734,1.0362,S
S,406933,1.0362,S
S,407117,1.0362,S
S,407312,1.0362,S
S,407499,1.0362,S
S,407796,1.0362,S
S,407978,1.0362,S
S,408175,1.0362,S
S,408359,1.0362,S
S,408554,1.0362,S
S,408754,1.0362,S
S,408934,1.0362,S
S,409133,1.0362,S
S,409316,1.0362,S
S,409517,1.0361,S
S,409699,1.0361,S
S,409996,1.0361,S
S,410176,1.0361,S
S,410375,1.0361,S
S,410560,1.0361,S
S,410754,1.0361,S
S,410954,1.0361,S
S,411133,1.0361,S
S,411333,1.0361,S
S,411516,1.0361,S
S,411712,1.0361,S
S,411899,1.0361,S
S,412196,1.0361,S
S,412377,1.0361,S
S,412575,1.0361,S
S,412760,1.0361,S
S,412954,1.0361,S
S,413141,1.0361,S
S,413333,1.0361,S
S,413533,1.0361,S
S,413714,1.0361,S
S,413912,1.0361,S
S,414098,1.0361,S
S,414396,1.0361,S
S,414575,1.0361,S
S,414775,1.0361,S
S,414958,1.0361,S
S,415154,1.0361,S
S,415354,1.0361,S
S,415533,1.0361,S
S,415733,1.0361,S
S,415915,1.0361,S
S,416112,1.0361,S
S,416298,1.0361,S
S,416596,1.0361,S
S,416776,1.0361,S
S,416975,1.0361,S
S,417159,1.0361,S
S,417354,1.0361,S
S,417540,1.0361,S
S,417733,1.0361,S
S,417933,1.0361,S
S,418115,1.0361,S
S,418312,1.0361,S
S,418497,1.0361,S
S,418796,1.0362,S
S,418976,1.0362,S
S,419175,1.0362,S
S,419358,1.0362,S
S,419554,1.0362,S
S,419741,1.0362,S
S,419933,1.0362,S
S,420133,1.0362,S
S,420314,1.0362,S
S,420512,1.0362,S
S,420697,1.0362,S
S,420891,1.0362,S
S,421175,1.0362,S
S,421375,1.0361,S
S,421558,1.0361,S
S,421754,1.0361,S
S,421939,1.0361,S
S,422133,1.0361,S
S,422333,1.0361,S
S,422514,1.0361,S
S,422712,1.0361,S
S,422896,1.0361,S
S,423183,1.0361,S
S,423375,1.0361,S
S,423575,1.0361,S
S,423756,1.0361,S
S,423954,1.0361,S
S,424140,1.0361,S
S,424333,1.0361,S
S,424533,1.0361,S
S,424713,1.0361,S
S,424912,1.0361,S
S,425096,1.0361,S
S,425382,1.0361,S
S,425575,1.0361,S
S,425775,1.0361,S
S,425957,1.0361,S
S,426154,1.0361,S
S,426338,1.0361,S
S,426533,1.0361,S
S,426733,1.0361,S
S,426913,1.0361,S
S,427112,1.0361,S
S,427295,1.0361,S
S,427582,1.0361,S
S,427775,1.0361,S
S,427975,1.0361,S
S,428155,1.0361,S
S,428354,1.0361,S
S,428539,1.0361,S
S,428733,1.0361,S
S,428920,1.0361,S
S,429112,1.0361,S
S,429312,1.0361,S
S,429495,1.0361,S
S,429781,1.0361,S
S,429975,1.0361,S
S,430175,1.0361,S
S,430356,1.0361,S
S,430554,1.0361,S
S,430737,1.0362,S
S,430933,1.0362,S
S,431121,1.0362,S
S,431312,1.0362,S
S,431512,1.0362,S
S,431694,1.0362,S
S,431981,1.0362,S
S,432175,1.0362,S
S,432375,1.0362,S
S,432554,1.0362,S
S,432754,1.0362,S
S,432938,1.0362,S
S,433133,1.0362,S
S,433319,1.0362,S
S,433512,1.0362,S
S,433712,1.0362,S
S,433894,1.0362,S
S,434180,1.0362,S
S,434375,1.0362,S
S,434575,1.0362,S
S,434755,1.0362,S
S,434954,1.0362,S
S,435136,1.0362,S
S,435333,1.0362,S
S,435519,1.0362,S
S,435712,1.0362,S
S,435912,1.0362,S
S,436093,1.0362,S
S,436380,1.0362,S
S,436575,1.0362,S
S,436775,1.0362,S
S,436954,1.0362,S
S,437154,1.0362,S
S,437337,1.0362,S
S,437533,1.0362,S
S,437720,1.0362,S
S,437912,1.0362,S
S,438112,1.0362,S
S,438293,1.0362,S
S,438581,1.0362,S
S,438775,1.0362,S
S,438962,1.0362,S
S,439154,1.0362,S
S,439354,1.0362,S
S,439535,1.0362,S
S,439733,1.0362,S
S,439918,1.0362,S
S,440112,1.0362,S
S,440312,1.0362,S
S,440492,1.0362,S
S,440779,1.0362,S
S,440975,1.0362,S
S,441163,1.0362,S
S,441354,1.0362,S
S,441554,1.0362,S
S,441736,1.0362,S
S,441933,1.0362,S
S,442119,1.0362,S
S,442312,1.0362,S
S,442512,1.0362,S
S,442692,1.0362,S
S,442980,1.0362,S
S,443175,1.0362,S
S,443361,1.0362,S
S,443554,1.0362,S
S,443754,1.0362,S
S,443936,1.0362,S
S,444133,1.0362,S
S,444317,1.0362,S
S,444512,1.0362,S
S,444712,1.0362,S
S,444996,1.0362,S
S,445178,1.0362,S
S,445375,1.0362,S
S,445561,1.0362,S
S,445754,1.0362,S
S,445954,1.0362,S
S,446134,1.0362,S
S,446333,1.0362,S
S,446518,1.0362,S
S,446712,1.0362,S
S,446899,1.0362,S
S,447091,1.0362,S
S,447378,1.0362,S
S,447575,1.0362,S
S,447760,1.0362,S
S,447954,1.0362,S
S,448154,1.0362,S
S,448335,1.0362,S
S,448533,1.0362,S
S,448716,1.0362,S
S,448912,1.0362,S
S,449112,1.0362,S
S,449291,1.0362,S
S,449577,1.0362,S
S,449775,1.0362,S
S,449961,1.0362,S
S,450154,1.0362,S
S,450342,1.0362,S
S,450533,1.0362,S
S,450733,1.0361,S
S,450917,1.0361,S
S,451112,1.0361,S
S,451298,1.0361,S
S,451596,1.0361,S
S,451778,1.0361,S
S,451975,1.0361,S
S,452159,1.0361,S
S,452354,1.0361,S
S,452542,1.0361,S
S,452734,1.0361,S
S,452933,1.0361,S
S,453115,1.0361,S
S,453312,1.0361,S
S,453499,1.0361,S
S,453796,1.0361,S
S,453976,1.0361,S
S,454175,1.0362,S
S,454359,1.0362,S
S,454554,1.0362,S
S,454741,1.0362,S
S,454933,1.0362,S
S,455133,1.0362,S
S,455316,1.0362,S
S,455512,1.0362,S
S,455697,1.0362,S
S,455996,1.0362,S
S,456176,1.0362,S
S,456375,1.0362,S
S,456558,1.0362,S
S,456754,1.0362,S
S,456941,1.0362,S
S,457133,1.0362,S
S,457333,1.0362,S
S,457514,1.0362,S
S,457712,1.0362,S
S,457898,1.0362,S
S,458196,1.0362,S
S,458375,1.0363,S
S,458575,1.0363,S
S,458758,1.0363,S
S,458954,1.0363,S
S,459140,1.0363,S
S,459333,1.0363,S
S,459533,1.0362,S
S,459715,1.0362,S
S,459912,1.0362,S
S,460096,1.0362,S
S,460384,1.0362,S
S,460576,1.0362,S
S,460776,1.0362,S
S,460957,1.0362,S
S,461155,1.0362,S
S,461340,1.0362,S
S,461534,1.0362,S
S,461734,1.0362,S
S,461913,1.0362,S
S,462113,1.0362,S
S,462297,1.0362,S
S,462584,1.0362,S
S,462776,1.0362,S
S,462976,1.0362,S
S,463157,1.0362,S
S,463355,1.0362,S
S,463539,1.0362,S
S,463734,1.0362,S
S,463934,1.0362,S
S,464114,1.0362,S
S,464313,1.0362,S
S,464495,1.0362,S
S,464783,1.0362,S
S,464976,1.0362,S
S,465176,1.0362,S
S,465356,1.0362,S
S,465555,1.0362,S
S,465739,1.0362,S
S,465934,1.0362,S
S,466134,1.0362,S
S,466313,1.0362,S
S,466513,1.0362,S
S,466696,1.0362,S
S,466983,1.0361,S
S,467176,1.0361,S
S,467376,1.0361,S
S,467556,1.0361,S
S,467755,1.0361,S
S,467940,1.0361,S
S,468134,1.0361,S
S,468321,1.0361,S
S,468513,1.0361,S
S,468713,1.0361,S
S,468894,1.0361,S
S,469182,1.0361,S
S,469376,1.0362,S
S,469576,1.0362,S
S,469757,1.0362,S
S,469955,1.0362,S
S,470138,1.0362,S
S,470334,1.0362,S
S,470521,1.0362,S
S,470713,1.0362,S
S,470913,1.0362,S
S,471095,1.0362,S
S,471382,1.0362,S
S,471576,1.0362,S
S,471764,1.0362,S
S,471955,1.0362,S
S,472155,1.0362,S
S,472338,1.0362,S
S,472534,1.0362,S
S,472720,1.0362,S
S,472913,1.0362,S
S,473113,1.0362,S
S,473295,1.0362,S
S,473581,1.0362,S
S,473776,1.0362,S
S,473981,1.0362,S
S,474156,1.0362,S
S,474355,1.0362,S
S,474537,1.0362,S
S,474734,1.0362,S
S,474920,1.0362,S
S,475113,1.0362,S
S,475313,1.0362,S
S,475494,1.0362,S
S,475781,1.0362,S
S,475976,1.0362,S
S,476162,1.0362,S
S,476355,1.0362,S
S,476555,1.0362,S
S,476737,1.0362,S
S,476934,1.0362,S
S,477119,1.0362,S
S,477313,1.0362,S
S,477513,1.0362,S
S,477694,1.0362,S
S,477979,1.0362,S
S,478176,1.0362,S
S,478363,1.0362,S
S,478555,1.0362,S
S,478755,1.0362,S
S,478936,1.0362,S
S,479134,1.0362,S
S,479319,1.0362,S
S,479513,1.0362,S
S,479701,1.0362,S
S,479892,1.0362,S
S,480180,1.0362,S
S,480376,1.0362,S
S,480561,1.0362,S
S,480755,1.0362,S
S,480955,1.0362,S
S,481136,1.0362,S
S,481334,1.0362,S
S,481518,1.0362,S
S,481713,1.0362,S
S,481913,1.0362,S
S,482093,1.0362,S
S,482379,1.0362,S
S,482576,1.0362,S
S,482762,1.0362,S
S,482955,1.0362,S
S,483155,1.0362,S
S,483335,1.0362,S
S,483534,1.0362,S
S,483718,1.0362,S
S,483913,1.0362,S
S,484100,1.0362,S
S,484397,1.0362,S
S,484579,1.0362,S
S,484777,1.0362,S
S,484960,1.0362,S
S,485156,1.0362,S
S,485344,1.0362,S
S,485535,1.0362,S
S,485735,1.0362,S
S,485917,1.0362,S
S,486114,1.0362,S
S,486300,1.0361,S
S,486598,1.0361,S
S,486777,1.0361,S
S,486977,1.0361,S
S,487161,1.0361,S
S,487356,1.0361,S
S,487556,1.0361,S
S,487735,1.0361,S
S,487935,1.0361,S
S,488117,1.0361,S
S,488314,1.0361,S
S,488499,1.0361,S
S,488798,1.0361,S
S,488978,1.0361,S
S,489177,1.0361,S
S,489359,1.0361,S
S,489556,1.0361,S
S,489743,1.0361,S
S,489935,1.0361,S
S,490135,1.0361,S
S,490316,1.0361,S
S,490514,1.0361,S
S,490699,1.0361,S
S,490998,1.0361,S
S,491177,1.0361,S
S,491377,1.0361,S
S,491560,1.0361,S
S,491756,1.0361,S
S,491943,1.0361,S
S,492135,1.0361,S
S,492335,1.0361,S
S,492516,1.0361,S
S,492714,1.0361,S
S,492900,1.0361,S
S,493093,1.0361,S
S,493377,1.0361,S
S,493577,1.0361,S
S,493760,1.0361,S
S,493956,1.0361,S
S,494142,1.0361,S
S,494335,1.0361,S
S,494535,1.0361,S
S,494715,1.0361,S
S,494914,1.0361,S
S,495098,1.0361,S
S,495386,1.0361,S
S,495577,1.0361,S
S,495767,1.0361,S
S,495959,1.0361,S
S,496156,1.0361,S
S,496342,1.0361,S
S,496535,1.0361,S
S,496735,1.0361,S
S,496915,1.0361,S
S,497114,1.0361,S
S,497299,1.0361,S
S,497584,1.0361,S
S,497777,1.0361,S
S,497977,1.0361,S
S,498159,1.0361,S
S,498356,1.0361,S
S,498541,1.0361,S
S,498735,1.0361,S
S,498935,1.0361,S
S,499116,1.0361,S
S,499314,1.0361,S
S,499497,1.0361,S
S,499785,1.0361,S
S,499977,1.0361,S
S,500177,1.0361,S
S,500358,1.0361,S
S,500556,1.0361,S
S,500741,1.0361,S
S,500935,1.0361,S
S,501122,1.0361,S
S,501314,1.0362,S
S,501514,1.0362,S
S,501697,1.0362,S
S,501983,1.0362,S
S,502177,1.0362,S
S,502377,1.0362,S
S,502558,1.0362,S
S,502756,1.0362,S
S,502940,1.0362,S
S,503135,1.0362,S
S,503335,1.0362,S
S,503515,1.0362,S
S,503714,1.0361,S
S,503896,1.0361,S
S,504184,1.0361,S
S,504377,1.0361,S
S,504577,1.0361,S
S,504757,1.0362,S
S,504956,1.0362,S
S,505140,1.0362,S
S,505335,1.0362,S
S,505521,1.0362,S
S,505714,1.0362,S
S,505914,1.0362,S
S,506096,1.0362,S
S,506382,1.0362,S
S,506577,1.0362,S
S,506777,1.0362,S
S,506957,1.0362,S
S,507156,1.0362,S
S,507338,1.0362,S
S,507535,1.0362,S
S,507722,1.0362,S
S,507914,1.0362,S
S,508114,1.0362,S
S,508295,1.0362,S
S,508582,1.0362,S
S,508777,1.0362,S
S,508964,1.0362,S
S,509156,1.0362,S
S,509356,1.0362,S
S,509539,1.0362,S
S,509735,1.0362,S
S,509920,1.0362,S
S,510114,1.0362,S
S,510314,1.0362,S
S,510496,1.0362,S
S,510781,1.0362,S
S,510977,1.0362,S
S,511164,1.0362,S
S,511356,1.0362,S
S,511556,1.0362,S
S,511738,1.0362,S
S,511935,1.0362,S
S,512121,1.0362,S
S,512314,1.0362,S
S,512514,1.0362,S
S,512694,1.0362,S
S,512981,1.0362,S
S,513177,1.0362,S
S,513377,1.0362,S
S,513556,1.0362,S
S,513756,1.0362,S
S,513938,1.0362,S
S,514135,1.0362,S
S,514319,1.0362,S
S,514514,1.0362,S
S,514714,1.0362,S
S,514894,1.0362,S
S,515180,1.0362,S
S,515377,1.0362,S
S,515563,1.0362,S
S,515756,1.0362,S
S,515956,1.0362,S
S,516136,1.0362,S
S,516335,1.0362,S
S,516520,1.0362,S
S,516714,1.0362,S
S,516914,1.0362,S
S,517198,1.0362,S
S,517382,1.0362,S
S,517577,1.0362,S
S,517764,1.0362,S
S,517956,1.0362,S
S,518156,1.0362,S
S,518337,1.0362,S
S,518535,1.0362,S
S,518720,1.0362,S
S,518914,1.0362,S
S,519102,1.0362,S
S,519293,1.0362,S
S,519581,1.0362,S
S,519777,1.0362,S
S,519962,1.0362,S
S,520156,1.0362,S
S,520356,1.0362,S
S,520535,1.0362,S
S,520735,1.0362,S
S,520919,1.0362,S
S,521114,1.0362,S
S,521314,1.0362,S
S,521598,1.0362,S
S,521779,1.0362,S
S,521977,1.0362,S
S,522163,1.0362,S
S,522356,1.0362,S
S,522556,1.0362,S
S,522736,1.0362,S
S,522935,1.0362,S
S,523119,1.0362,S
S,523314,1.0362,S
S,523501,1.0362,S
S,523798,1.0362,S
S,523980,1.0362,S
S,524177,1.0362,S
S,524361,1.0362,S
S,524556,1.0362,S
S,524756,1.0362,S
S,524936,1.0362,S
S,525135,1.0362,S
S,525318,1.0362,S
S,525514,1.0362,S
S,525701,1.0362,S
S,525998,1.0362,S
S,526178,1.0362,S
S,526377,1.0362,S
S,526562,1.0362,S
S,526756,1.0362,S
S,526943,1.0362,S
S,527135,1.0362,S
S,527335,1.0362,S
S,527518,1.0362,S
S,527714,1.0362,S
S,527900,1.0362,S
S,528198,1.0362,S
S,528379,1.0362,S
S,528577,1.0362,S
S,528760,1.0362,S
S,528956,1.0362,S
S,529144,1.0362,S
S,529335,1.0362,S
S,529535,1.0362,S
S,529717,1.0362,S
S,529914,1.0362,S
S,530100,1.0362,S
S,530385,1.0362,S
S,530577,1.0362,S
S,530777,1.0362,S
S,530961,1.0362,S
S,531156,1.0362,S
S,531342,1.0362,S
S,531535,1.0362,S
S,531735,1.0362,S
S,531917,1.0362,S
S,532114,1.0362,S
S,532298,1.0362,S
S,532598,1.0362,S
S,532778,1.0362,S
S,532977,1.0362,S
S,533159,1.0362,S
S,533356,1.0362,S
S,533543,1.0362,S
S,533735,1.0362,S
S,533935,1.0362,S
S,534116,1.0362,S
S,534314,1.0362,S
S,534499,1.0362,S
S,534785,1.0362,S
S,534977,1.0362,S
S,535177,1.0362,S
S,535360,1.0362,S
S,535556,1.0362,S
S,535741,1.0362,S
S,535935,1.0362,S
S,536135,1.0362,S
S,536316,1.0362,S
S,536514,1.0362,S
S,536697,1.0362,S
S,536985,1.0362,S
S,537177,1.0362,S
S,537377,1.0362,S
S,537558,1.0362,S
S,537756,1.0362,S
S,537941,1.0362,S
S,538135,1.0362,S
S,538335,1.0362,S
S,538520,1.0362,S
S,538714,1.0362,S
S,538898,1.0362,S
S,539185,1.0362,S
S,539377,1.0362,S
S,539577,1.0362,S
S,539759,1.0362,S
S,539956,1.0362,S
S,540140,1.0362,S
S,540335,1.0362,S
S,540535,1.0362,S
S,540715,1.0362,S
S,540914,1.0362,S
S,541096,1.0362,S
S,541384,1.0362,S
S,541577,1.0362,S
S,541777,1.0362,S
S,541957,1.0362,S
S,542156,1.0362,S
S,542340,1.0362,S
S,542535,1.0362,S
S,542735,1.0362,S
S,542914,1.0362,S
S,543114,1.0362,S
S,543297,1.0362,S
S,543584,1.0362,S
S,543777,1.0362,S
S,543977,1.0362,S
S,544158,1.0362,S
S,544356,1.0362,S
S,544541,1.0362,S
S,544735,1.0362,S
S,544922,1.0362,S
S,545114,1.0362,S
S,545314,1.0362,S
S,545495,1.0362,S
S,545783,1.0362,S
S,545977,1.0362,S
S,546177,1.0362,S
S,546356,1.0362,S
S,546556,1.0362,S
S,546739,1.0362,S
S,546935,1.0362,S
S,547123,1.0362,S
S,547314,1.0362,S
S,547514,1.0362,S
S,547696,1.0362,S
S,547983,1.0362,S
S,548177,1.0362,S
S,548365,1.0362,S
S,548556,1.0362,S
S,548756,1.0362,S
S,548940,1.0362,S
S,549135,1.0362,S
S,549321,1.0362,S
S,549514,1.0362,S
S,549714,1.0362,S
S,549894,1.0362,S
S,550182,1.0362,S
S,550377,1.0362,S
S,550577,1.0362,S
S,550757,1.0362,S
S,550956,1.0362,S
S,551138,1.0362,S
S,551335,1.0362,S
S,551522,1.0362,S
S,551714,1.0362,S
S,551914,1.0362,S
S,552095,1.0362,S
S,552382,1.0362,S
S,552577,1.0362,S
S,552764,1.0362,S
S,552956,1.0362,S
S,553156,1.0362,S
S,553339,1.0362,S
S,553535,1.0362,S
S,553720,1.0362,S
S,553914,1.0362,S
S,554114,1.0362,S
S,554295,1.0362,S
S,554581,1.0362,S
S,554777,1.0362,S
S,554964,1.0362,S
S,555156,1.0362,S
S,555356,1.0362,S
S,555537,1.0362,S
S,555735,1.0362,S
S,555921,1.0362,S
S,556114,1.0362,S
S,556314,1.0362,S
S,556494,1.0362,S
S,556782,1.0362,S
S,556977,1.0362,S
S,557163,1.0362,S
S,557356,1.0362,S
S,557556,1.0362,S
S,557738,1.0362,S
S,557935,1.0362,S
S,558119,1.0362,S
S,558314,1.0362,S
S,558514,1.0362,S
S,558694,1.0362,S
S,558980,1.0362,S
S,559177,1.0362,S
S,559363,1.0362,S
S,559556,1.0362,S
S,559756,1.0362,S
S,559936,1.0362,S
S,560135,1.0363,S
S,560320,1.0363,S
S,560515,1.0363,S
S,560701,1.0363,S
S,560998,1.0363,S
S,561180,1.0363,S
S,561377,1.0363,S
S,561562,1.0363,S
S,561756,1.0363,S
S,561956,1.0363,S
S,562137,1.0363,S
S,562335,1.0363,S
S,562518,1.0363,S
S,562714,1.0363,S
S,562901,1.0363,S
S,563093,1.0363,S
S,563379,1.0363,S
S,563577,1.0363,S
S,563762,1.0363,S
S,563956,1.0363,S
S,564144,1.0363,S
S,564335,1.0363,S
S,564535,1.0363,S
S,564719,1.0363,S
S,564914,1.0363,S
S,565100,1.0363,S
S,565398,1.0363,S
S,565579,1.0363,S
S,565777,1.0363,S
S,565961,1.0363,S
S,566156,1.0363,S
S,566356,1.0363,S
S,566536,1.0364,S
S,566735,1.0364,S
S,566917,1.0364,S
S,567114,1.0364,S
S,567300,1.0364,S
S,567598,1.0364,S
S,567778,1.0364,S
S,567977,1.0364,S
S,568161,1.0364,S
S,568356,1.0364,S
S,568556,1.0364,S
S,568735,1.0364,S
S,568935,1.0365,S
S,569118,1.0365,S
S,569314,1.0365,S
S,569499,1.0365,S
S,569798,1.0365,S
S,569978,1.0365,S
S,570177,1.0365,S
S,570361,1.0365,S
S,570556,1.0365,S
S,570743,1.0364,S
S,570935,1.0364,S
S,571135,1.0364,S
S,571316,1.0364,S
S,571514,1.0364,S
S,571699,1.0364,S
S,571998,1.0364,S
S,572177,1.0364,S
S,572377,1.0364,S
S,572560,1.0364,S
S,572756,1.0364,S
S,572943,1.0364,S
S,573135,1.0364,S
S,573335,1.0364,S
S,573516,1.0364,S
S,573714,1.0364,S
S,573900,1.0364,S
S,574185,1.0364,S
S,574377,1.0364,S
S,574577,1.0364,S
S,574761,1.0364,S
S,574956,1.0364,S
S,575142,1.0364,S
S,575335,1.0364,S
S,575535,1.0364,S
S,575715,1.0364,S
S,575914,1.0364,S
S,576098,1.0364,S
S,576398,1.0364,S
S,576578,1.0364,S
S,576777,1.0364,S
S,576959,1.0364,S
S,577156,1.0364,S
S,577342,1.0364,S
S,577535,1.0364,S
S,577735,1.0364,S
S,577915,1.0364,S
S,578114,1.0363,S
S,578299,1.0363,S
S,578584,1.0363,S
S,578777,1.0363,S
S,578977,1.0363,S
S,579159,1.0363,S
S,579356,1.0363,S
S,579541,1.0363,S
S,579735,1.0363,S
S,579935,1.0363,S
S,580116,1.0363,S
S,580314,1.0363,S
S,580497,1.0363,S
S,580785,1.0363,S
S,580977,1.0363,S
S,581177,1.0363,S
S,581358,1.0362,S
S,581560,1.0362,S
S,581741,1.0362,S
S,581935,1.0362,S
S,582123,1.0362,S
S,582314,1.0362,S
S,582514,1.0362,S
S,582698,1.0362,S
S,582983,1.0362,S
S,583177,1.0362,S
S,583377,1.0362,S
S,583558,1.0362,S
S,583756,1.0362,S
S,583940,1.0362,S
S,584135,1.0362,S
S,584335,1.0362,S
S,584515,1.0362,S
S,584714,1.0362,S
S,584896,1.0362,S
S,585184,1.0362,S
S,585377,1.0361,S
S,585577,1.0361,S
S,585757,1.0361,S
S,585956,1.0361,S
S,586140,1.0361,S
S,586335,1.0361,S
S,586522,1.0361,S
S,586714,1.0361,S
S,586914,1.0361,S
S,587097,1.0361,S
S,587382,1.0361,S
S,587577,1.0361,S
S,587777,1.0361,S
S,587957,1.0361,S
S,588156,1.0361,S
S,588339,1.0361,S
S,588535,1.0361,S
S,588722,1.0361,S
S,588914,1.0361,S
S,589114,1.0361,S
S,589295,1.0361,S
S,589583,1.0361,S
S,589777,1.0361,S
S,589964,1.0361,S
S,590156,1.0361,S
S,590356,1.0361,S
S,590539,1.0361,S
S,590735,1.0361,S
S,590921,1.0361,S
S,591114,1.0361,S
S,591314,1.0361,S
S,591496,1.0361,S
S,591781,1.0361,S
S,591977,1.0361,S
S,592165,1.0361,S
S,592356,1.0361,S
S,592556,1.0361,S
S,592738,1.0361,S
S,592935,1.0361,S
S,593121,1.0361,S
S,593314,1.0361,S
S,593514,1.0361,S
S,593694,1.0361,S
S,593982,1.0361,S
S,594177,1.0361,S
S,594377,1.0361,S
S,594556,1.0361,S
S,594756,1.0361,S
S,594938,1.0361,S
S,595135,1.0361,S
S,595319,1.0361,S
S,595514,1.0361,S
S,595714,1.0361,S
S,595895,1.0361,S
S,596180,1.0361,S
S,596377,1.0361,S
S,596564,1.0361,S
S,596756,1.0362,S
S,596956,1.0362,S
S,597137,1.0362,S
S,597335,1.0362,S
S,597520,1.0362,S
S,597714,1.0362,S
S,597914,1.0362,S
S,598094,1.0362,S
S,598381,1.0362,S
S,598578,1.0362,S
S,598764,1.0362,S
S,598957,1.0362,S
S,599157,1.0362,S
S,599337,1.0362,S
S,599536,1.0362,S
S,599720,1.0362,S
S,599915,1.0361,S
S,600102,1.0361,S
S,600399,1.0361,S
S,600581,1.0361,S
S,600778,1.0361,S
S,600962,1.0361,S
S,601157,1.0361,S
S,601357,1.0361,S
S,601536,1.0361,S
S,601736,1.0361,S
S,601919,1.0361,S
S,602115,1.0361,S
S,602302,1.0361,S
S,602599,1.0361,S
S,602780,1.0361,S
S,602978,1.0361,S
S,603168,1.0361,S
S,603357,1.0361,S
S,603544,1.0361,S
S,603736,1.0361,S
S,603936,1.0361,S
S,604120,1.0361,S
S,604315,1.0361,S
S,604501,1.0361,S
S,604799,1.0361,S
S,604980,1.0361,S
S,605178,1.0361,S
S,605361,1.0361,S
S,605557,1.0361,S
S,605757,1.0361,S
S,605937,1.0361,S
S,606136,1.0361,S
S,606318,1.0361,S
S,606515,1.0361,S
S,606701,1.0361,S
S,606999,1.0361,S
S,607179,1.0361,S
S,607378,1.0361,S
S,607562,1.0361,S
S,607757,1.0361,S
S,607943,1.0361,S
S,608136,1.0361,S
S,608336,1.0361,S
S,608518,1.0361,S
S,608715,1.0361,S
S,608900,1.0361,S
S,609199,1.0361,S
S,609379,1.0361,S
S,609578,1.0361,S
S,609760,1.0361,S
S,609957,1.0361,S
S,610144,1.0361,S
S,610336,1.0361,S
S,610536,1.0361,S
S,610717,1.0361,S
S,610915,1.0361,S
S,611100,1.0361,S
S,611386,1.0361,S
S,611578,1.0361,S
S,611778,1.0361,S
S,611961,1.0361,S
S,612157,1.0361,S
S,612342,1.0361,S
S,612536,1.0361,S
S,612736,1.0361,S
S,612917,1.0361,S
S,613115,1.0361,S
S,613299,1.0361,S
S,613586,1.0361,S
S,613778,1.0361,S
S,613978,1.0361,S
S,614160,1.0361,S
S,614357,1.0361,S
S,614543,1.0361,S
S,614737,1.0361,S
S,614924,1.0361,S
S,615116,1.0361,S
S,615316,1.0361,S
S,615499,1.0361,S
S,615785,1.0361,S
S,615979,1.0361,S
S,616179,1.0361,S
S,616360,1.0361,S
S,616558,1.0361,S
S,616741,1.0361,S
S,616937,1.0361,S
S,617125,1.0361,S
S,617316,1.0361,S
S,617516,1.0361,S
S,617698,1.0361,S
S,617985,1.0361,S
S,618179,1.0361,S
S,618379,1.0361,S
S,618558,1.0361,S
S,618758,1.0361,S
S,618942,1.0361,S
S,619137,1.0361,S
S,619323,1.0361,S
S,619516,1.0361,S
S,619716,1.0361,S
S,619898,1.0361,S
S,620186,1.0361,S
S,620379,1.0361,S
S,620579,1.0361,S
S,620759,1.0361,S
S,620958,1.0361,S
S,621140,1.0361,S
S,621337,1.0361,S
S,621523,1.0361,S
S,621716,1.0361,S
S,621916,1.0361,S
S,622097,1.0361,S
S,622384,1.0361,S
S,622579,1.0361,S
S,622779,1.0361,S
S,622958,1.0361,S
S,623158,1.0361,S
S,623341,1.0361,S
S,623537,1.0361,S
S,623724,1.0361,S
S,623916,1.0361,S
S,624116,1.0361,S
S,624297,1.0361,S
S,624585,1.0361,S
S,624783,1.0361,S
S,624966,1.0361,S
S,625158,1.0361,S
S,625358,1.0361,S
S,625541,1.0361,S
S,625737,1.0361,S
S,625922,1.0361,S
S,626116,1.0361,S
S,626316,1.0361,S
S,626496,1.0361,S
S,626783,1.0361,S
S,626979,1.0361,S
S,627167,1.0361,S
S,627358,1.0361,S
S,627558,1.0361,S
S,627740,1.0361,S
S,627937,1.0361,S
S,628123,1.0361,S
S,628316,1.0361,S
S,628516,1.0361,S
S,628696,1.0361,S
S,628984,1.0361,S
S,629179,1.0361,S
S,629365,1.0361,S
S,629558,1.0361,S
S,629758,1.0361,S
S,629940,1.0361,S
S,630137,1.0361,S
S,630321,1.0361,S
S,630516,1.0361,S
S,630716,1.0361,S
S,631000,1.0361,S
S,631182,1.0361,S
S,631379,1.0361,S
S,631565,1.0361,S
S,631758,1.0361,S
S,631958,1.0361,S
S,632138,1.0361,S
S,632337,1.0361,S
S,632522,1.0361,S
S,632716,1.0361,S
S,632903,1.0361,S
S,633200,1.0361,S
S,633382,1.0361,S
S,633579,1.0361,S
S,633764,1.0361,S
S,633958,1.0361,S
S,634158,1.0361,S
S,634339,1.0361,S
S,634537,1.0361,S
S,634720,1.0361,S
S,634916,1.0361,S
S,635116,1.0361,S
S,635296,1.0361,S
S,635581,1.0361,S
S,635779,1.0361,S
S,635964,1.0361,S
S,636158,1.0361,S
S,636358,1.0361,S
S,636538,1.0361,S
S,636737,1.0361,S
S,636921,1.0361,S
S,637116,1.0361,S
S,637302,1.0361,S
S,637495,1.0361,S
S,637782,1.0361,S
S,637979,1.0361,S
S,638163,1.0361,S
S,638358,1.0361,S
S,638558,1.0361,S
S,638738,1.0361,S
S,638937,1.0361,S
S,639119,1.0361,S
S,639316,1.0361,S
S,639503,1.0361,S
S,639800,1.0361,S
S,639980,1.0361,S
S,640179,1.0361,S
S,640363,1.0361,S
S,640558,1.0361,S
S,640745,1.0361,S
S,640937,1.0361,S
S,641137,1.0361,S
S,641320,1.0361,S
S,641516,1.0361,S
S,641701,1.0361,S
S,642000,1.0361,S
S,642180,1.0361,S
S,642379,1.0361,S
S,642562,1.0361,S
S,642758,1.0361,S
S,642945,1.0361,S
S,643137,1.0361,S
S,643337,1.0361,S
S,643518,1.0361,S
S,643716,1.0361,S
S,643902,1.0361,S
S,644200,1.0361,S
S,644379,1.0361,S
S,644579,1.0361,S
S,644762,1.0361,S
S,644958,1.0361,S
S,645144,1.0361,S
S,645337,1.0361,S
S,645537,1.0361,S
S,645719,1.0361,S
S,645916,1.0361,S
S,646100,1.0361,S
S,646388,1.0361,S
S,646580,1.0361,S
S,646779,1.0361,S
S,646961,1.0361,S
S,647158,1.0361,S
S,647344,1.0362,S
S,647537,1.0362,S
S,647737,1.0362,S
S,647917,1.0362,S
S,648116,1.0362,S
S,648301,1.0362,S
S,648600,1.0362,S
S,648779,1.0362,S
S,648979,1.0362,S
S,649161,1.0362,S
S,649358,1.0362,S
S,649545,1.0362,S
S,649737,1.0362,S
S,649937,1.0362,S
S,650118,1.0362,S
S,650316,1.0362,S
S,650499,1.0362,S
S,650787,1.0362,S
S,650979,1.0362,S
S,651179,1.0362,S
S,651362,1.0362,S
S,651558,1.0362,S
S,651743,1.0361,S
S,651937,1.0361,S
S,652137,1.0361,S
S,652316,1.0361,S
S,652516,1.0361,S
S,652700,1.0361,S
S,652987,1.0361,S
S,653179,1.0361,S
S,653379,1.0361,S
S,653560,1.0361,S
S,653758,1.0361,S
S,653944,1.0361,S
S,654137,1.0361,S
S,654337,1.0361,S
S,654517,1.0361,S
S,654716,1.0361,S
S,654900,1.0361,S
S,655186,1.0361,S
S,655379,1.0361,S
S,655579,1.0361,S
S,655761,1.0361,S
S,655958,1.0361,S
S,656142,1.0361,S
S,656337,1.0361,S
S,656537,1.0361,S
S,656716,1.0361,S
S,656916,1.0361,S
S,657099,1.0361,S
S,657386,1.0361,S
S,657579,1.0361,S
S,657779,1.0361,S
S,657959,1.0361,S
S,658158,1.0361,S
S,658343,1.0361,S
S,658537,1.0361,S
S,658724,1.0361,S
S,658916,1.0361,S
S,659116,1.0361,S
S,659299,1.0361,S
S,659585,1.0361,S
S,659779,1.0361,S
S,659979,1.0361,S
S,660160,1.0361,S
S,660358,1.0361,S
S,660541,1.0361,S
S,660737,1.0361,S
S,660924,1.0361,S
S,661116,1.0361,S
S,661316,1.0361,S
S,661498,1.0361,S
S,661785,1.0361,S
S,661979,1.0361,S
S,662166,1.0361,S
S,662358,1.0361,S
S,662558,1.0361,S
S,662741,1.0361,S
S,662937,1.0361,S
S,663123,1.0361,S
S,663316,1.0361,S
S,663516,1.0361,S
S,663698,1.0361,S
S,663983,1.0361,S
S,664179,1.0361,S
S,664379,1.0361,S
S,664559,1.0361,S
S,664758,1.0361,S
S,664940,1.0361,S
S,665137,1.0361,S
S,665323,1.0361,S
S,665516,1.0361,S
S,665716,1.0361,S
S,665897,1.0361,S
S,666184,1.0361,S
S,666379,1.0361,S
S,666565,1.0361,S
S,666758,1.0361,S
S,666958,1.0361,S
S,667141,1.0361,S
S,667337,1.0361,S
S,667522,1.0361,S
S,667721,1.0361,S
S,667916,1.0361,S
S,668097,1.0361,S
S,668382,1.0361,S
S,668579,1.0361,S
S,668766,1.0361,S
S,668958,1.0361,S
S,669158,1.0361,S
S,669339,1.0361,S
S,669537,1.0361,S
S,669722,1.0361,S
S,669916,1.0361,S
S,670104,1.0361,S
S,670295,1.0361,S
S,670583,1.0361,S
S,670779,1.0361,S
S,670964,1.0361,S
S,671158,1.0361,S
S,671358,1.0361,S
S,671539,1.0361,S
S,671737,1.0361,S
S,671921,1.0361,S
S,672116,1.0361,S
S,672316,1.0361,S
S,672496,1.0361,S
S,672781,1.0361,S
S,672979,1.0361,S
S,673165,1.0361,S
S,673358,1.0361,S
S,673558,1.0361,S
S,673738,1.0361,S
S,673937,1.0361,S
S,674121,1.0361,S
S,674316,1.0361,S
S,674516,1.0361,S
S,674800,1.0361,S
S,674982,1.0361,S
S,675179,1.0361,S
S,675365,1.0361,S
S,675558,1.0361,S
S,675758,1.0361,S
S,675938,1.0361,S
S,676137,1.0361,S
S,676320,1.0361,S
S,676516,1.0361,S
S,676703,1.0361,S
S,676895,1.0361,S
S,677183,1.0361,S
S,677379,1.0361,S
S,677564,1.0361,S
S,677758,1.0361,S
S,677958,1.0361,S
S,678137,1.0361,S
S,678337,1.0361,S
S,678520,1.0361,S
S,678716,1.0361,S
S,678904,1.0361,S
S,679200,1.0361,S
S,679381,1.0361,S
S,679579,1.0361,S
S,679764,1.0361,S
S,679958,1.0361,S
S,680146,1.0361,S
S,680337,1.0361,S
S,680537,1.0361,S
S,680721,1.0361,S
S,680916,1.0361,S
S,681102,1.0361,S
S,681400,1.0361,S
S,681581,1.0361,S
S,681779,1.0361,S
S,681963,1.0361,S
S,682158,1.0361,S
S,682358,1.0361,S
S,682537,1.0361,S
S,682737,1.0361,S
S,682919,1.0362,S
S,683116,1.0362,S
S,683303,1.0362,S
S,683600,1.0362,S
S,683780,1.0362,S
S,683979,1.0362,S
S,684163,1.0362,S
S,684358,1.0362,S
S,684545,1.0362,S
S,684737,1.0362,S
S,684937,1.0362,S
S,685120,1.0362,S
S,685316,1.0362,S
S,685501,1.0362,S
S,685800,1.0362,S
S,685980,1.0362,S
S,686179,1.0362,S
S,686362,1.0362,S
S,686558,1.0362,S
S,686745,1.0362,S
S,686937,1.0362,S
S,687137,1.0362,S
S,687318,1.0362,S
S,687516,1.0362,S
S,687701,1.0362,S
S,687895,1.0362,S
S,688179,1.0362,S
S,688379,1.0362,S
S,688562,1.0362,S
S,688758,1.0362,S
S,688944,1.0362,S
S,689137,1.0362,S
S,689327,1.0362,S
S,689519,1.0362,S
S,689716,1.0362,S
S,689900,1.0362,S
S,690188,1.0362,S
S,690379,1.0362,S
S,690579,1.0362,S
S,690761,1.0362,S
S,690958,1.0362,S
S,691144,1.0362,S
S,691337,1.0362,S
S,691537,1.0362,S
S,691717,1.0362,S
S,691916,1.0362,S
S,692100,1.0362,S
S,692386,1.0362,S
S,692579,1.0362,S
S,692779,1.0362,S
S,692961,1.0362,S
S,693158,1.0362,S
S,693342,1.0362,S
S,693537,1.0362,S
S,693737,1.0362,S
S,693918,1.0362,S
S,694116,1.0362,S
S,694299,1.0362,S
S,694586,1.0362,S
S,694779,1.0362,S
S,694979,1.0362,S
S,695160,1.0362,S
S,695358,1.0362,S
S,695543,1.0362,S
S,695737,1.0362,S
S,695924,1.0362,S
S,696116,1.0362,S
S,696316,1.0362,S
S,696499,1.0362,S
S,696785,1.0362,S
S,696980,1.0362,S
S,697180,1.0362,S
S,697360,1.0362,S
S,697559,1.0362,S
S,697742,1.0362,S
S,697938,1.0362,S
S,698125,1.0362,S
S,698317,1.0362,S
S,698517,1.0362,S
S,698698,1.0362,S
S,698985,1.0362,S
S,699180,1.0362,S
S,699380,1.0362,S
S,699559,1.0362,S
S,699759,1.0362,S
S,699942,1.0362,S
S,700138,1.0362,S
S,700325,1.0362,S
S,700517,1.0362,S
S,700717,1.0362,S
S,700898,1.0362,S
S,701186,1.0362,S
S,701380,1.0362,S
S,701567,1.0362,S
S,701759,1.0362,S
S,701959,1.0362,S
S,702140,1.0362,S
S,702338,1.0362,S
S,702524,1.0362,S
S,702717,1.0362,S
S,702917,1.0362,S
S,703097,1.0362,S
S,703384,1.0362,S
S,703580,1.0362,S
S,703768,1.0362,S
S,703959,1.0362,S
S,704159,1.0362,S
S,704341,1.0362,S
S,704538,1.0362,S
S,704724,1.0362,S
S,704917,1.0362,S
S,705117,1.0362,S
S,705297,1.0362,S
S,705585,1.0362,S
S,705780,1.0362,S
S,705966,1.0362,S
S,706159,1.0362,S
S,706359,1.0362,S
S,706541,1.0362,S
S,706738,1.0362,S
S,706923,1.0362,S
S,707117,1.0361,S
S,707317,1.0361,S
S,707601,1.0361,S
S,707783,1.0361,S
S,707980,1.0361,S
S,708167,1.0361,S
S,708359,1.0361,S
S,708559,1.0361,S
S,708740,1.0361,S
S,708938,1.0361,S
S,709123,1.0361,S
S,709317,1.0361,S
S,709505,1.0361,S
S,709696,1.0361,S
S,709984,1.0361,S
S,710180,1.0362,S
S,710365,1.0362,S
S,710559,1.0362,S
S,710759,1.0362,S
S,710942,1.0362,S
S,711138,1.0362,S
S,711322,1.0362,S
S,711517,1.0362,S
S,711717,1.0362,S
S,711897,1.0362,S
S,712183,1.0362,S
S,712380,1.0362,S
S,712566,1.0362,S
S,712759,1.0362,S
S,712959,1.0362,S
S,713139,1.0362,S
S,713338,1.0362,S
S,713522,1.0362,S
S,713717,1.0362,S
S,713904,1.0362,S
S,714201,1.0362,S
S,714383,1.0362,S
S,714580,1.0362,S
S,714764,1.0362,S
S,714959,1.0362,S
S,715159,1.0362,S
S,715339,1.0362,S
S,715538,1.0362,S
S,715721,1.0362,S
S,715917,1.0362,S
S,716104,1.0362,S
S,716401,1.0362,S
S,716581,1.0362,S
S,716780,1.0362,S
S,716965,1.0362,S
S,717159,1.0362,S
S,717346,1.0362,S
S,717538,1.0362,S
S,717738,1.0362,S
S,717921,1.0362,S
S,718117,1.0362,S
S,718303,1.0362,S
S,718496,1.0362,S
S,718782,1.0362,S
S,718980,1.0362,S
S,719163,1.0362,S
S,719359,1.0362,S
S,719547,1.0362,S
S,719738,1.0362,S
S,719938,1.0362,S
S,720120,1.0362,S
S,720317,1.0362,S
S,720503,1.0362,S
S,720696,1.0362,S
S,720980,1.0362,S
S,721180,1.0362,S
S,721364,1.0362,S
S,721559,1.0362,S
S,721745,1.0362,S
S,721938,1.0362,S
S,722138,1.0362,S
S,722320,1.0362,S
S,722517,1.0362,S
S,722701,1.0362,S
S,722896,1.0362,S
S,723181,1.0362,S
S,723380,1.0362,S
S,723562,1.0362,S
S,723759,1.0362,S
S,723945,1.0362,S
S,724138,1.0362,S
S,724338,1.0362,S
S,724519,1.0362,S
S,724717,1.0362,S
S,724902,1.0362,S
S,725201,1.0362,S
S,725380,1.0362,S
S,725580,1.0362,S
S,725762,1.0362,S
S,725959,1.0362,S
S,726146,1.0362,S
S,726338,1.0362,S
S,726538,1.0362,S
S,726719,1.0362,S
S,726917,1.0362,S
S,727100,1.0362,S
S,727388,1.0362,S
S,727581,1.0362,S
S,727781,1.0362,S
S,727961,1.0362,S
S,728160,1.0362,S
S,728344,1.0362,S
S,728539,1.0362,S
S,728739,1.0362,S
S,728918,1.0362,S
S,729118,1.0362,S
S,729301,1.0362,S
S,729588,1.0362,S
S,729781,1.0362,S
S,729981,1.0362,S
S,730162,1.0362,S
S,730360,1.0362,S
S,730545,1.0362,S
S,730739,1.0362,S
S,730926,1.0362,S
S,731118,1.0362,S
S,731318,1.0362,S
S,731499,1.0362,S
S,731787,1.0362,S
S,731981,1.0362,S
S,732181,1.0362,S
S,732362,1.0362,S
S,732560,1.0362,S
S,732743,1.0362,S
S,732939,1.0362,S
S,733127,1.0362,S
S,733318,1.0362,S
S,733518,1.0362,S
S,733700,1.0362,S
S,733987,1.0362,S
S,734181,1.0362,S
S,734369,1.0361,S
S,734560,1.0361,S
S,734760,1.0361,S
S,734944,1.0361,S
S,735139,1.0361,S
S,735325,1.0361,S
S,735518,1.0361,S
S,735718,1.0361,S
S,735900,1.0361,S
S,736186,1.0361,S
S,736381,1.0361,S
S,736581,1.0361,S
S,736761,1.0361,S
S,736960,1.0361,S
S,737142,1.0361,S
S,737339,1.0361,S
S,737526,1.0361,S
S,737718,1.0361,S
S,737918,1.0361,S
S,738099,1.0361,S
S,738386,1.0361,S
S,738581,1.0361,S
S,738768,1.0361,S
S,738960,1.0361,S
S,739160,1.0361,S
S,739343,1.0361,S
S,739539,1.0361,S
S,739724,1.0361,S
S,739918,1.0361,S
S,740118,1.0361,S
S,740299,1.0361,S
S,740585,1.0361,S
S,740781,1.0361,S
S,740968,1.0361,S
S,741160,1.0361,S
S,741360,1.0361,S
S,741541,1.0361,S
S,741739,1.0361,S
S,741925,1.0361,S
S,742118,1.0361,S
S,742318,1.0361,S
S,742498,1.0361,S
S,742785,1.0361,S
S,742981,1.0361,S
S,743167,1.0361,S
S,743360,1.0361,S
S,743560,1.0361,S
S,743742,1.0361,S
S,743939,1.0361,S
S,744123,1.0361,S
S,744318,1.0361,S
S,744518,1.0361,S
S,744698,1.0361,S
S,744984,1.0361,S
S,745181,1.0361,S
S,745367,1.0361,S
S,745560,1.0361,S
S,745760,1.0361,S
S,745940,1.0361,S
S,746139,1.0361,S
S,746324,1.0361,S
S,746518,1.0361,S
S,746705,1.0361,S
S,747002,1.0361,S
S,747184,1.0361,S
S,747381,1.0361,S
S,747566,1.0361,S
S,747760,1.0361,S
S,747960,1.0361,S
S,748141,1.0361,S
S,748339,1.0361,S
S,748522,1.0361,S
S,748718,1.0361,S
S,748905,1.0361,S
S,749097,1.0361,S
S,749383,1.0361,S
S,749581,1.0361,S
S,749766,1.0361,S
S,749960,1.0361,S
S,750160,1.0361,S
S,750339,1.0361,S
S,750539,1.0361,S
S,750722,1.0361,S
S,750918,1.0361,S
S,751104,1.0361,S
S,751402,1.0361,S
S,751583,1.0361,S
S,751781,1.0361,S
S,751965,1.0361,S
S,752160,1.0361,S
S,752360,1.0361,S
S,752540,1.0361,S
S,752739,1.0361,S
S,752921,1.0361,S
S,753118,1.0362,S
S,753304,1.0362,S
S,753602,1.0362,S
S,753782,1.0362,S
S,753981,1.0362,S
S,754165,1.0362,S
S,754365,1.0362,S
S,754560,1.0362,S
S,754739,1.0362,S
S,754939,1.0362,S
S,755121,1.0362,S
S,755318,1.0362,S
S,755505,1.0362,S
S,755802,1.0362,S
S,755982,1.0362,S
S,756181,1.0362,S
S,756366,1.0362,S
S,756560,1.0362,S
S,756747,1.0362,S
S,756939,1.0362,S
S,757139,1.0362,S
S,757320,1.0362,S
S,757518,1.0362,S
S,757703,1.0362,S
S,758002,1.0362,S
S,758183,1.0362,S
S,758381,1.0362,S
S,758564,1.0362,S
S,758760,1.0362,S
S,758947,1.0362,S
S,759139,1.0362,S
S,759339,1.0362,S
S,759521,1.0362,S
S,759718,1.0362,S
S,759904,1.0362,S
S,760189,1.0362,S
S,760381,1.0362,S
S,760581,1.0362,S
S,760764,1.0362,S
S,760960,1.0362,S
S,761146,1.0362,S
S,761339,1.0362,S
S,761539,1.0362,S
S,761721,1.0362,S
S,761918,1.0362,S
S,762102,1.0362,S
S,762402,1.0362,S
S,762582,1.0362,S
S,762781,1.0362,S
S,762963,1.0362,S
S,763160,1.0362,S
S,763346,1.0362,S
S,763539,1.0362,S
S,763739,1.0362,S
S,763919,1.0362,S
S,764118,1.0362,S
S,764303,1.0362,S
S,764588,1.0362,S
S,764781,1.0362,S
S,764981,1.0362,S
S,765163,1.0362,S
S,765360,1.0362,S
S,765545,1.0362,S
S,765739,1.0362,S
S,765939,1.0362,S
S,766120,1.0362,S
S,766318,1.0362,S
S,766501,1.0362,S
S,766789,1.0362,S
S,766981,1.0362,S
S,767181,1.0362,S
S,767362,1.0362,S
S,767560,1.0362,S
S,767745,1.0362,S
S,767939,1.0362,S
S,768127,1.0362,S
S,768318,1.0362,S
S,768518,1.0362,S
S,768702,1.0362,S
S,768987,1.0362,S
S,769181,1.0362,S
S,769381,1.0362,S
S,769562,1.0362,S
S,769760,1.0362,S
S,769944,1.0362,S
S,770139,1.0361,S
S,770339,1.0361,S
S,770519,1.0361,S
S,770718,1.0361,S
S,770900,1.0361,S
S,771188,1.0361,S
S,771381,1.0361,S
S,771581,1.0361,S
S,771761,1.0361,S
S,771960,1.0361,S
S,772144,1.0361,S
S,772339,1.0361,S
S,772526,1.0361,S
S,772718,1.0361,S
S,772918,1.0361,S
S,773101,1.0361,S
S,773386,1.0361,S
S,773581,1.0361,S
S,773781,1.0361,S
S,773961,1.0361,S
S,774160,1.0361,S
S,774343,1.0361,S
S,774539,1.0361,S
S,774726,1.0361,S
S,774918,1.0361,S
S,775118,1.0361,S
S,775299,1.0361,S
S,775587,1.0361,S
S,775781,1.0361,S
S,775970,1.0361,S
S,776161,1.0362,S
S,776360,1.0362,S
S,776543,1.0362,S
S,776739,1.0362,S
S,776925,1.0362,S
S,777118,1.0362,S
S,777318,1.0362,S
S,777500,1.0362,S
S,777785,1.0362,S
S,777981,1.0362,S
S,778169,1.0362,S
S,778360,1.0362,S
S,778560,1.0362,S
S,778742,1.0362,S
S,778939,1.0362,S
S,779125,1.0362,S
S,779318,1.0362,S
S,779518,1.0362,S
S,779698,1.0362,S
S,779986,1.0362,S
S,780181,1.0362,S
S,780381,1.0362,S
S,780560,1.0362,S
S,780760,1.0362,S
S,780942,1.0362,S
S,781139,1.0362,S
S,781326,1.0362,S
S,781518,1.0362,S
S,781718,1.0362,S
S,781899,1.0362,S
S,782186,1.0362,S
S,782381,1.0362,S
S,782568,1.0362,S
S,782760,1.0362,S
S,782960,1.0362,S
S,783141,1.0362,S
S,783339,1.0362,S
S,783524,1.0362,S
S,783718,1.0362,S
S,783918,1.0362,S
S,784097,1.0362,S
S,784385,1.0362,S
S,784581,1.0362,S
S,784768,1.0362,S
S,784960,1.0362,S
S,785160,1.0362,S
S,785341,1.0362,S
S,785539,1.0362,S
S,785724,1.0362,S
S,785918,1.0362,S
S,786118,1.0362,S
S,786298,1.0362,S
S,786585,1.0361,S
S,786781,1.0361,S
S,786966,1.0361,S
S,787160,1.0361,S
S,787360,1.0361,S
S,787542,1.0361,S
S,787739,1.0361,S
S,787923,1.0361,S
S,788118,1.0361,S
S,788318,1.0361,S
S,788602,1.0361,S
S,788784,1.0361,S
S,788981,1.0361,S
S,789167,1.0361,S
S,789360,1.0362,S
S,789560,1.0362,S
S,789740,1.0362,S
S,789939,1.0362,S
S,790123,1.0362,S
S,790318,1.0362,S
S,790505,1.0362,S
S,790802,1.0362,S
S,790984,1.0362,S
S,791181,1.0362,S
S,791366,1.0362,S
S,791560,1.0362,S
S,791760,1.0362,S
S,791941,1.0362,S
S,792139,1.0362,S
S,792322,1.0362,S
S,792518,1.0362,S
S,792705,1.0362,S
S,792897,1.0362,S
S,793183,1.0362,S
S,793381,1.0362,S
S,793566,1.0362,S
S,793760,1.0362,S
S,793947,1.0362,S
S,794139,1.0362,S
S,794339,1.0362,S
S,794522,1.0362,S
S,794718,1.0362,S
S,794904,1.0362,S
S,795202,1.0362,S
S,795383,1.0362,S
S,795581,1.0362,S
S,795764,1.0362,S
S,795960,1.0362,S
S,796148,1.0362,S
S,796339,1.0362,S
S,796539,1.0362,S
S,796721,1.0362,S
S,796918,1.0362,S
S,797104,1.0362,S
S,797390,1.0362,S
S,797585,1.0362,S
S,797781,1.0362,S
S,797965,1.0362,S
S,798160,1.0362,S
S,798346,1.0362,S
S,798539,1.0362,S
S,798739,1.0362,S
S,798922,1.0362,S
S,799118,1.0362,S
S,799303,1.0362,S
S,799602,1.0362,S
S,799782,1.0362,S
S,799981,1.0362,S
S,800163,1.0362,S
S,800360,1.0362,S
S,800547,1.0362,S
S,800740,1.0362,S
S,800940,1.0362,S
S,801120,1.0362,S
S,801319,1.0362,S
S,801503,1.0362,S
S,801698,1.0362,S
S,801982,1.0362,S
S,802182,1.0362,S
S,802364,1.0362,S
S,802561,1.0362,S
S,802745,1.0362,S
S,802940,1.0362,S
S,803140,1.0362,S
S,803320,1.0362,S
S,803520,1.0362,S
S,803702,1.0362,S
S,803989,1.0362,S
S,804183,1.0362,S
S,804383,1.0362,S
S,804562,1.0362,S
S,804762,1.0362,S
S,804946,1.0362,S
S,805141,1.0362,S
S,805341,1.0362,S
S,805520,1.0362,S
S,805720,1.0362,S
S,805902,1.0362,S
S,806190,1.0362,S
S,806383,1.0362,S
S,806583,1.0362,S
S,806763,1.0362,S
S,806962,1.0362,S
S,807146,1.0362,S
S,807341,1.0362,S
S,807528,1.0362,S
S,807720,1.0362,S
S,807920,1.0362,S
S,808101,1.0362,S
S,808388,1.0362,S
S,808583,1.0361,S
S,808783,1.0361,S
S,808962,1.0361,S
S,809162,1.0361,S
S,809345,1.0361,S
S,809541,1.0361,S
S,809728,1.0361,S
S,809920,1.0361,S
S,810120,1.0361,S
S,810301,1.0361,S
S,810589,1.0361,S
S,810783,1.0361,S
S,810970,1.0361,S
S,811162,1.0361,S
S,811362,1.0361,S
S,811545,1.0361,S
S,811741,1.0361,S
S,811927,1.0361,S
S,812120,1.0361,S
S,812320,1.0361,S
S,812500,1.0361,S
S,812787,1.0361,S
S,812983,1.0361,S
S,813171,1.0361,S
S,813362,1.0361,S
S,813562,1.0361,S
S,813744,1.0361,S
S,813941,1.0361,S
S,814127,1.0361,S
S,814320,1.0361,S
S,814520,1.0361,S
S,814700,1.0361,S
S,814988,1.0361,S
S,815183,1.0361,S
S,815369,1.0361,S
S,815562,1.0361,S
S,815762,1.0361,S
S,815944,1.0361,S
S,816141,1.0361,S
S,816325,1.0361,S
S,816520,1.0361,S
S,816720,1.0361,S
S,816901,1.0361,S
S,817186,1.0361,S
S,817383,1.0361,S
S,817569,1.0361,S
S,817762,1.0361,S
S,817962,1.0361,S
S,818143,1.0361,S
S,818341,1.0361,S
S,818526,1.0361,S
S,818720,1.0361,S
S,818907,1.0361,S
S,819204,1.0361,S
S,819387,1.0361,S
S,819583,1.0361,S
S,819768,1.0361,S
S,819962,1.0361,S
S,820162,1.0361,S
S,820343,1.0361,S
S,820541,1.0361,S
S,820724,1.0361,S
S,820920,1.0361,S
S,821108,1.0361,S
S,821300,1.0361,S
S,821585,1.0361,S
S,821783,1.0361,S
S,821968,1.0361,S
S,822162,1.0361,S
S,822350,1.0361,S
S,822542,1.0361,S
S,822741,1.0361,S
S,822925,1.0361,S
S,823120,1.0361,S
S,823306,1.0361,S
S,823604,1.0361,S
S,823786,1.0361,S
S,823983,1.0361,S
S,824167,1.0361,S
S,824362,1.0361,S
S,824562,1.0361,S
S,824742,1.0361,S
S,824941,1.0361,S
S,825123,1.0361,S
S,825320,1.0361,S
S,825507,1.0361,S
S,825804,1.0361,S
S,825984,1.0361,S
S,826183,1.0361,S
S,826367,1.0361,S
S,826562,1.0361,S
S,826749,1.0361,S
S,826941,1.0361,S
S,827141,1.0361,S
S,827324,1.0361,S
S,827520,1.0361,S
S,827705,1.0361,S
S,828004,1.0361,S
S,828184,1.0361,S
S,828383,1.0361,S
S,828566,1.0361,S
S,828762,1.0361,S
S,828949,1.0361,S
S,829141,1.0361,S
S,829341,1.0361,S
S,829522,1.0361,S
S,829720,1.0361,S
S,829906,1.0361,S
S,830204,1.0361,S
S,830383,1.0361,S
S,830583,1.0362,S
S,830766,1.0362,S
S,830962,1.0362,S
S,831162,1.0362,S
S,831341,1.0362,S
S,831541,1.0362,S
S,831723,1.0362,S
S,831920,1.0362,S
S,832104,1.0362,S
S,832404,1.0362,S
S,832583,1.0362,S
S,832783,1.0362,S
S,832967,1.0362,S
S,833162,1.0362,S
S,833348,1.0362,S
S,833541,1.0362,S
S,833741,1.0362,S
S,833921,1.0362,S
S,834120,1.0362,S
S,834305,1.0362,S
S,834604,1.0362,S
S,834783,1.0362,S
S,834983,1.0362,S
S,835165,1.0362,S
S,835362,1.0362,S
S,835549,1.0362,S
S,835741,1.0362,S
S,835941,1.0362,S
S,836122,1.0362,S
S,836320,1.0362,S
S,836505,1.0362,S
S,836699,1.0362,S
S,836983,1.0362,S
S,837183,1.0362,S
S,837366,1.0362,S
S,837562,1.0362,S
S,837747,1.0362,S
S,837941,1.0362,S
S,838141,1.0362,S
S,838320,1.0362,S
S,838520,1.0362,S
S,838704,1.0362,S
S,838991,1.0362,S
S,839183,1.0362,S
S,839383,1.0362,S
S,839564,1.0362,S
S,839762,1.0362,S
S,839948,1.0362,S
S,840141,1.0362,S
S,840341,1.0362,S
S,840521,1.0362,S
S,840712,1.0362,S
S,840904,1.0362,S
S,841190,1.0362,S
S,841384,1.0362,S
S,841584,1.0362,S
S,841765,1.0362,S
S,841963,1.0362,S
S,842146,1.0362,S
S,842342,1.0362,S
S,842530,1.0362,S
S,842721,1.0362,S
S,842921,1.0362,S
S,843103,1.0362,S
S,843390,1.0361,S
S,843584,1.0361,S
S,843772,1.0361,S
S,843963,1.0361,S
S,844163,1.0361,S
S,844347,1.0361,S
S,844542,1.0361,S
S,844728,1.0361,S
S,844921,1.0361,S
S,845121,1.0361,S
S,845303,1.0361,S
S,845589,1.0361,S
S,845784,1.0361,S
S,845984,1.0361,S
S,846164,1.0361,S
S,846363,1.0361,S
S,846545,1.0361,S
S,846742,1.0361,S
S,846928,1.0361,S
S,847121,1.0361,S
S,847321,1.0361,S
S,847501,1.0361,S
S,847789,1.0361,S
S,847984,1.0361,S
S,848170,1.0361,S
S,848363,1.0361,S
S,848563,1.0361,S
S,848746,1.0361,S
S,848942,1.0361,S
S,849127,1.0361,S
S,849321,1.0361,S
S,849521,1.0361,S
S,849702,1.0361,S
S,849988,1.0361,S
S,850184,1.0361,S
S,850371,1.0361,S
S,850563,1.0362,S
S,850763,1.0362,S
S,850944,1.0362,S
S,851142,1.0362,S
S,851328,1.0362,S
S,851521,1.0362,S
S,851709,1.0362,S
S,851900,1.0362,S
S,852188,1.0362,S
S,852384,1.0362,S
S,852569,1.0362,S
S,852763,1.0362,S
S,852963,1.0362,S
S,853145,1.0362,S
S,853342,1.0362,S
S,853526,1.0362,S
S,853721,1.0362,S
S,853921,1.0362,S
S,854101,1.0362,S
S,854386,1.0361,S
S,854584,1.0361,S
S,854770,1.0361,S
S,854963,1.0361,S
S,855163,1.0361,S
S,855343,1.0361,S
S,855542,1.0361,S
S,855726,1.0361,S
S,855921,1.0362,S
S,856121,1.0362,S
S,856405,1.0362,S
S,856587,1.0362,S
S,856784,1.0362,S
S,856970,1.0362,S
S,857163,1.0362,S
S,857363,1.0362,S
S,857543,1.0362,S
S,857742,1.0362,S
S,857925,1.0362,S
S,858121,1.0362,S
S,858308,1.0362,S
S,858605,1.0362,S
S,858787,1.0362,S
S,858984,1.0362,S
S,859169,1.0362,S
S,859363,1.0362,S
S,859563,1.0362,S
S,859742,1.0362,S
S,859942,1.0362,S
S,860125,1.0362,S
S,860321,1.0362,S
S,860521,1.0362,S
S,860700,1.0362,S
S,860986,1.0362,S
S,861184,1.0362,S
S,861369,1.0362,S
S,861563,1.0362,S
S,861751,1.0362,S
S,861942,1.0362,S
S,862142,1.0362,S
S,862331,1.0362,S
S,862521,1.0362,S
S,862707,1.0362,S
S,863005,1.0362,S
S,863186,1.0362,S
S,863384,1.0362,S
S,863568,1.0362,S
S,863763,1.0362,S
S,863963,1.0362,S
S,864142,1.0362,S
S,864342,1.0362,S
S,864524,1.0362,S
S,864721,1.0362,S
S,864908,1.0362,S
S,865205,1.0362,S
S,865385,1.0362,S
S,865584,1.0361,S
S,865768,1.0361,S
S,865963,1.0361,S
S,866150,1.0361,S
S,866342,1.0361,S
S,866542,1.0361,S
S,866725,1.0361,S
S,866921,1.0361,S
S,867106,1.0361,S
S,867300,1.0361,S
S,867585,1.0361,S
S,867784,1.0361,S
S,867967,1.0361,S
S,868163,1.0361,S
S,868350,1.0361,S
S,868542,1.0361,S
S,868742,1.0361,S
S,868923,1.0361,S
S,869121,1.0361,S
S,869307,1.0361,S
S,869592,1.0361,S
S,869784,1.0361,S
S,869984,1.0361,S
S,870167,1.0361,S
S,870363,1.0361,S
S,870549,1.0361,S
S,870742,1.0361,S
S,870942,1.0361,S
S,871124,1.0361,S
S,871321,1.0361,S
S,871505,1.0361,S
S,871793,1.0361,S
S,871984,1.0361,S
S,872184,1.0361,S
S,872366,1.0361,S
S,872563,1.0361,S
S,872749,1.0361,S
S,872942,1.0361,S
S,873142,1.0361,S
S,873322,1.0361,S
S,873521,1.0361,S
S,873706,1.0361,S
S,873991,1.0361,S
S,874184,1.0361,S
S,874384,1.0361,S
S,874566,1.0361,S
S,874763,1.0361,S
S,874948,1.0361,S
S,875142,1.0361,S
S,875342,1.0361,S
S,875523,1.0361,S
S,875721,1.0361,S
S,875904,1.0361,S
S,876100,1.0361,S
S,876384,1.0361,S
S,876584,1.0361,S
S,876765,1.0361,S
S,876963,1.0361,S
S,877148,1.0361,S
S,877342,1.0361,S
S,877529,1.0361,S
S,877721,1.0361,S
S,877921,1.0361,S
S,878104,1.0361,S
S,878390,1.0361,S
S,878584,1.0361,S
S,878784,1.0361,S
S,878965,1.0361,S
S,879163,1.0361,S
S,879346,1.0361,S
S,879542,1.0361,S
S,879742,1.0361,S
S,879922,1.0361,S
S,880121,1.0361,S
S,880303,1.0361,S
S,880590,1.0361,S
S,880784,1.0361,S
S,880984,1.0361,S
S,881164,1.0361,S
S,881363,1.0361,S
S,881547,1.0361,S
S,881742,1.0361,S
S,881942,1.0361,S
S,882121,1.0361,S
S,882321,1.0361,S
S,882503,1.0361,S
S,882791,1.0362,S
S,882984,1.0362,S
S,883184,1.0362,S
S,883364,1.0362,S
S,883563,1.0362,S
S,883745,1.0362,S
S,883946,1.0362,S
S,884129,1.0362,S
S,884321,1.0362,S
S,884521,1.0362,S
S,884702,1.0362,S
S,884990,1.0362,S
S,885184,1.0362,S
S,885384,1.0362,S
S,885563,1.0362,S
S,885763,1.0362,S
S,885946,1.0362,S
S,886142,1.0362,S
S,886329,1.0362,S
S,886521,1.0362,S
S,886721,1.0362,S
S,886902,1.0362,S
S,887190,1.0362,S
S,887384,1.0362,S
S,887571,1.0362,S
S,887763,1.0362,S
S,887963,1.0362,S
S,888146,1.0362,S
S,888342,1.0362,S
S,888528,1.0362,S
S,888721,1.0362,S
S,888921,1.0362,S
S,889101,1.0362,S
S,889388,1.0362,S
S,889584,1.0362,S
S,889772,1.0362,S
S,889963,1.0362,S
S,890163,1.0362,S
S,890345,1.0362,S
S,890542,1.0362,S
S,890728,1.0362,S
S,890921,1.0362,S
S,891121,1.0362,S
S,891301,1.0362,S
S,891589,1.0362,S
S,891784,1.0362,S
S,891970,1.0362,S
S,892163,1.0362,S
S,892363,1.0362,S
S,892546,1.0362,S
S,892742,1.0362,S
S,892927,1.0362,S
S,893121,1.0362,S
S,893321,1.0362,S
S,893502,1.0362,S
S,893787,1.0362,S
S,893984,1.0362,S
S,894171,1.0362,S
S,894363,1.0362,S
S,894563,1.0362,S
S,894744,1.0362,S
S,894942,1.0362,S
S,895127,1.0362,S
S,895321,1.0362,S
S,895509,1.0362,S
S,895700,1.0362,S
S,895988,1.0362,S
S,896184,1.0362,S
S,896369,1.0362,S
S,896563,1.0362,S
S,896763,1.0361,S
S,896944,1.0362,S
S,897142,1.0362,S
S,897326,1.0362,S
S,897521,1.0362,S
S,897721,1.0362,S
S,897901,1.0362,S
S,898186,1.0362,S
S,898384,1.0362,S
S,898570,1.0362,S
S,898763,1.0362,S
S,898963,1.0362,S
S,899143,1.0362,S
S,899342,1.0362,S
S,899526,1.0362,S
S,899721,1.0362,S
S,899908,1.0362,S
S,900205,1.0362,S
S,900387,1.0362,S
S,900584,1.0362,S
S,900768,1.0362,S
S,900963,1.0362,S
S,901163,1.0362,S
S,901343,1.0362,S
S,901542,1.0362,S
S,901725,1.0362,S
S,901921,1.0362,S
S,902108,1.0362,S
S,902405,1.0362,S
S,902585,1.0362,S
S,902784,1.0362,S
S,902969,1.0362,S
S,903163,1.0362,S
S,903350,1.0362,S
S,903542,1.0362,S
S,903742,1.0362,S
S,903925,1.0362,S
S,904121,1.0362,S
S,904306,1.0362,S
S,904605,1.0362,S
S,904786,1.0362,S
S,904984,1.0362,S
S,905167,1.0362,S
S,905363,1.0362,S
S,905551,1.0362,S
S,905747,1.0362,S
S,905943,1.0362,S
S,906124,1.0362,S
S,906321,1.0362,S
S,906507,1.0362,S
S,906805,1.0362,S
S,906984,1.0362,S
S,907184,1.0362,S
S,907368,1.0362,S
S,907563,1.0362,S
S,907763,1.0362,S
S,907942,1.0362,S
S,908142,1.0362,S
S,908324,1.0362,S
S,908521,1.0362,S
S,908705,1.0362,S
S,909005,1.0362,S
S,909185,1.0362,S
S,909384,1.0362,S
S,909566,1.0362,S
S,909763,1.0362,S
S,909949,1.0362,S
S,910142,1.0362,S
S,910342,1.0362,S
S,910523,1.0362,S
S,910721,1.0362,S
S,910906,1.0362,S
S,911205,1.0362,S
S,911384,1.0362,S
S,911584,1.0362,S
S,911767,1.0362,S
S,911963,1.0362,S
S,912150,1.0362,S
S,912342,1.0362,S
S,912542,1.0362,S
S,912723,1.0363,S
S,912921,1.0363,S
S,913105,1.0363,S
S,913392,1.0363,S
S,913584,1.0363,S
S,913784,1.0363,S
S,913967,1.0363,S
S,914163,1.0363,S
S,914349,1.0364,S
S,914542,1.0364,S
S,914742,1.0364,S
S,914922,1.0364,S
S,915121,1.0364,S
S,915305,1.0364,S
S,915592,1.0364,S
S,915784,1.0364,S
S,915984,1.0365,S
S,916165,1.0365,S
S,916363,1.0365,S
S,916549,1.0365,S
S,916742,1.0365,S
S,916942,1.0365,S
S,917122,1.0365,S
S,917321,1.0365,S
S,917505,1.0365,S
S,917791,1.0364,S
S,917984,1.0364,S
S,918184,1.0364,S
S,918366,1.0364,S
S,918563,1.0364,S
S,918747,1.0364,S
S,918942,1.0364,S
S,919142,1.0364,S
S,919321,1.0364,S
S,919521,1.0364,S
S,919704,1.0364,S
S,919991,1.0364,S
S,920184,1.0363,S
S,920384,1.0363,S
S,920564,1.0363,S
S,920763,1.0363,S
S,920948,1.0363,S
S,921143,1.0363,S
S,921329,1.0363,S
S,921522,1.0363,S
S,921722,1.0363,S
S,921904,1.0363,S
S,922190,1.0363,S
S,922385,1.0363,S
S,922585,1.0363,S
S,922765,1.0363,S
S,922964,1.0363,S
S,923146,1.0363,S
S,923343,1.0363,S
S,923530,1.0363,S
S,923722,1.0363,S
S,923922,1.0363,S
S,924103,1.0363,S
S,924390,1.0363,S
S,924585,1.0363,S
S,924772,1.0363,S
S,924964,1.0363,S
S,925164,1.0363,S
S,925347,1.0363,S
S,925543,1.0363,S
S,925728,1.0363,S
S,925922,1.0363,S
S,926122,1.0363,S
S,926303,1.0363,S
S,926589,1.0364,S
S,926785,1.0364,S
S,926972,1.0364,S
S,927168,1.0364,S
S,927364,1.0364,S
S,927545,1.0364,S
S,927743,1.0364,S
S,927929,1.0364,S
S,928122,1.0364,S
S,928322,1.0364,S
S,928502,1.0364,S
S,928789,1.0365,S
S,928985,1.0365,S
S,929171,1.0365,S
S,929364,1.0365,S
S,929564,1.0365,S
S,929746,1.0365,S
S,929943,1.0365,S
S,930127,1.0365,S
S,930322,1.0365,S
S,930522,1.0365,S
S,930702,1.0365,S
S,930988,1.0365,S
S,931185,1.0365,S
S,931371,1.0365,S
S,931564,1.0364,S
S,931764,1.0364,S
S,931944,1.0364,S
S,932143,1.0364,S
S,932328,1.0364,S
S,932522,1.0364,S
S,932709,1.0364,S
S,933007,1.0364,S
S,933188,1.0363,S
S,933386,1.0363,S
S,933570,1.0363,S
S,933765,1.0363,S
S,933965,1.0363,S
S,934145,1.0363,S
S,934344,1.0363,S
S,934526,1.0362,S
S,934723,1.0362,S
S,934910,1.0362,S
S,935207,1.0362,S
S,935387,1.0362,S
S,935586,1.0362,S
S,935770,1.0362,S
S,935966,1.0362,S
S,936154,1.0362,S
S,936346,1.0362,S
S,936546,1.0362,S
S,936727,1.0362,S
S,936925,1.0362,S
S,937110,1.0362,S
S,937395,1.0362,S
S,937588,1.0362,S
S,937788,1.0362,S
S,937971,1.0362,S
S,938167,1.0362,S
S,938352,1.0362,S
S,938546,1.0362,S
S,938746,1.0362,S
S,938925,1.0362,S
S,939125,1.0362,S
S,939308,1.0362,S
S,939596,1.0362,S
S,939788,1.0362,S
S,939988,1.0362,S
S,940169,1.0362,S
S,940367,1.0362,S
S,940552,1.0362,S
S,940746,1.0362,S
S,940934,1.0362,S
S,941126,1.0362,S
S,941325,1.0362,S
S,941509,1.0362,S
S,941794,1.0362,S
S,941988,1.0362,S
S,942188,1.0362,S
S,942370,1.0362,S
S,942567,1.0362,S
S,942751,1.0362,S
S,942946,1.0362,S
S,943146,1.0362,S
S,943326,1.0362,S
S,943525,1.0362,S
S,943707,1.0362,S
S,943995,1.0362,S
S,944188,1.0362,S
S,944388,1.0362,S
S,944568,1.0362,S
S,944767,1.0362,S
S,944951,1.0362,S
S,945146,1.0362,S
S,945333,1.0362,S
S,945525,1.0362,S
S,945725,1.0362,S
S,945908,1.0362,S
S,946193,1.0362,S
S,946388,1.0362,S
S,946588,1.0362,S
S,946769,1.0362,S
S,946967,1.0362,S
S,947150,1.0362,S
S,947346,1.0362,S
S,947533,1.0362,S
S,947725,1.0362,S
S,947925,1.0362,S
S,948106,1.0362,S
S,948394,1.0362,S
S,948588,1.0362,S
S,948775,1.0362,S
S,948967,1.0361,S
S,949167,1.0361,S
S,949350,1.0361,S
S,949546,1.0361,S
S,949732,1.0361,S
S,949925,1.0361,S
S,950125,1.0361,S
S,950307,1.0361,S
S,950592,1.0361,S
S,950788,1.0361,S
S,950976,1.0361,S
S,951167,1.0361,S
S,951367,1.0361,S
S,951549,1.0361,S
S,951746,1.0361,S
S,951932,1.0361,S
S,952125,1.0361,S
S,952325,1.0361,S
S,952506,1.0361,S
S,952793,1.0361,S
S,952988,1.0361,S
S,953174,1.0361,S
S,953367,1.0361,S
S,953567,1.0361,S
S,953749,1.0361,S
S,953946,1.0361,S
S,954131,1.0361,S
S,954325,1.0361,S
S,954525,1.0362,S
S,954706,1.0362,S
S,954991,1.0362,S
S,955188,1.0362,S
S,955375,1.0362,S
S,955567,1.0362,S
S,955767,1.0362,S
S,955948,1.0362,S
S,956146,1.0362,S
S,956331,1.0362,S
S,956525,1.0362,S
S,956713,1.0362,S
S,956904,1.0361,S
S,957192,1.0361,S
S,957388,1.0361,S
S,957575,1.0361,S
S,957767,1.0361,S
S,957967,1.0361,S
S,958148,1.0361,S
S,958346,1.0361,S
S,958530,1.0361,S
S,958725,1.0361,S
S,958925,1.0361,S
S,959105,1.0361,S
S,959390,1.0361,S
S,959588,1.0361,S
S,959774,1.0361,S
S,959967,1.0361,S
S,960167,1.0361,S
S,960347,1.0361,S
S,960546,1.0361,S
S,960730,1.0361,S
S,960925,1.0361,S
S,961125,1.0361,S
S,961409,1.0361,S
S,961591,1.0361,S
S,961788,1.0361,S
S,961974,1.0361,S
S,962167,1.0361,S
S,962367,1.0361,S
S,962547,1.0361,S
S,962746,1.0361,S
S,962931,1.0361,S
S,963125,1.0361,S
S,963312,1.0361,S
S,963609,1.0361,S
S,963791,1.0361,S
S,963988,1.0361,S
S,964173,1.0361,S
S,964367,1.0361,S
S,964567,1.0361,S
S,964746,1.0361,S
S,964946,1.0361,S
S,965129,1.0361,S
S,965325,1.0361,S
S,965512,1.0361,S
S,965809,1.0361,S
S,965990,1.0361,S
S,966188,1.0362,S
S,966373,1.0362,S
S,966567,1.0362,S
S,966755,1.0362,S
S,966946,1.0362,S
S,967146,1.0362,S
S,967330,1.0362,S
S,967525,1.0362,S
S,967711,1.0362,S
S,967904,1.0362,S
S,968190,1.0362,S
S,968388,1.0362,S
S,968572,1.0362,S
S,968767,1.0362,S
S,968967,1.0362,S
S,969147,1.0362,S
S,969346,1.0363,S
S,969528,1.0363,S
S,969725,1.0363,S
S,969911,1.0363,S
S,970209,1.0363,S
S,970393,1.0363,S
S,970588,1.0363,S
S,970772,1.0364,S
S,970967,1.0364,S
S,971153,1.0364,S
S,971346,1.0364,S
S,971546,1.0364,S
S,971728,1.0364,S
S,971925,1.0364,S
S,972110,1.0364,S
S,972409,1.0365,S
S,972589,1.0365,S
S,972788,1.0365,S
S,972971,1.0365,S
S,973167,1.0365,S
S,973354,1.0365,S
S,973546,1.0365,S
S,973746,1.0365,S
S,973927,1.0364,S
S,974125,1.0364,S
S,974310,1.0364,S
S,974596,1.0364,S
S,974788,1.0364,S
S,974988,1.0364,S
S,975171,1.0364,S
S,975367,1.0364,S
S,975552,1.0363,S
S,975746,1.0363,S
S,975946,1.0363,S
S,976127,1.0363,S
S,976325,1.0363,S
S,976509,1.0363,S
S,976796,1.0362,S
S,976988,1.0362,S
S,977188,1.0362,S
S,977370,1.0362,S
S,977567,1.0362,S
S,977753,1.0362,S
S,977946,1.0362,S
S,978146,1.0362,S
S,978326,1.0361,S
S,978525,1.0361,S
S,978709,1.0361,S
S,978995,1.0361,S
S,979188,1.0361,S
S,979388,1.0361,S
S,979570,1.0361,S
S,979767,1.0361,S
S,979951,1.0361,S
S,980146,1.0361,S
S,980346,1.0361,S
S,980526,1.0361,S
S,980725,1.0361,S
S,980908,1.0361,S
S,981195,1.0361,S
S,981388,1.0361,S
S,981588,1.0361,S
S,981768,1.0361,S
S,981967,1.0361,S
S,982152,1.0361,S
S,982346,1.0361,S
S,982533,1.0361,S
S,982725,1.0361,S
S,982925,1.0361,S
S,983108,1.0361,S
S,983396,1.0361,S
S,983588,1.0361,S
S,983788,1.0361,S
S,983969,1.0361,S
S,984167,1.0361,S
S,984350,1.0361,S
S,984546,1.0361,S
S,984734,1.0361,S
S,984925,1.0361,S
S,985125,1.0361,S
S,985307,1.0361,S
S,985594,1.0361,S
S,985788,1.0361,S
S,985988,1.0362,S
S,986167,1.0362,S
S,986367,1.0362,S
S,986551,1.0362,S
S,986746,1.0362,S
S,986946,1.0362,S
S,987125,1.0362,S
S,987325,1.0362,S
S,987507,1.0362,S
S,987795,1.0362,S
S,987988,1.0362,S
S,988188,1.0362,S
S,988368,1.0362,S
S,988567,1.0362,S
S,988751,1.0362,S
S,988946,1.0362,S
S,989133,1.0362,S
S,989325,1.0361,S
S,989525,1.0361,S
S,989706,1.0361,S
S,989993,1.0361,S
S,990188,1.0361,S
S,990388,1.0361,S
S,990567,1.0361,S
S,990767,1.0361,S
S,990950,1.0361,S
S,991146,1.0361,S
S,991333,1.0361,S
S,991525,1.0361,S
S,991725,1.0361,S
S,991911,1.0361,S
S,992194,1.0361,S
S,992388,1.0361,S
S,992575,1.0361,S
S,992767,1.0361,S
S,992967,1.0361,S
S,993150,1.0361,S
S,993346,1.0361,S
S,993532,1.0361,S
S,993725,1.0361,S
S,993925,1.0361,S
S,994105,1.0362,S
S,994392,1.0362,S
S,994588,1.0362,S
S,994776,1.0362,S
S,994967,1.0362,S
S,995167,1.0362,S
S,995349,1.0362,S
S,995546,1.0362,S
S,995732,1.0362,S
S,995925,1.0362,S
S,996125,1.0362,S
S,996305,1.0362,S
S,996593,1.0362,S
S,996788,1.0362,S
S,996974,1.0362,S
S,997167,1.0362,S
S,997367,1.0362,S
S,997549,1.0362,S
S,997746,1.0362,S
S,997931,1.0362,S
S,998125,1.0362,S
S,998325,1.0362,S
S,998506,1.0362,S
S,998791,1.0362,S
S,998988,1.0362,S
S,999175,1.0362,S
S,999367,1.0362,S
S,999567,1.0362,S
S,999748,1.0362,S
S,999946,1.0362,S
S,1000131,1.0362,S
S,1000325,1.0362,S
S,1000512,1.0362,S
S,1000704,1.0362,S
S,1000992,1.0362,S
S,1001188,1.0362,S
S,1001373,1.0362,S
S,1001567,1.0362,S
S,1001767,1.0362,S
S,1001948,1.0362,S
S,1002146,1.0362,S
S,1002330,1.0362,S
S,1002525,1.0362,S
S,1002725,1.0362,S
S,1002905,1.0362,S
S,1003190,1.0362,S
S,1003388,1.0362,S
S,1003573,1.0362,S
S,1003767,1.0362,S
S,1003967,1.0362,S
S,1004147,1.0362,S
S,1004346,1.0362,S
S,1004530,1.0362,S
S,1004725,1.0362,S
S,1004911,1.0362,S
S,1005209,1.0362,S
S,1005391,1.0362,S
S,1005588,1.0362,S
S,1005772,1.0362,S
S,1005967,1.0362,S
S,1006167,1.0362,S
S,1006347,1.0362,S
S,1006546,1.0362,S
S,1006729,1.0362,S
S,1006926,1.0362,S
S,1007112,1.0362,S
S,1007410,1.0362,S
S,1007589,1.0362,S
S,1007789,1.0362,S
S,1007972,1.0362,S
S,1008168,1.0362,S
S,1008354,1.0362,S
S,1008547,1.0362,S
S,1008747,1.0362,S
S,1008929,1.0362,S
S,1009126,1.0362,S
S,1009310,1.0362,S
S,1009505,1.0362,S
S,1009790,1.0362,S
S,1009989,1.0362,S
S,1010171,1.0362,S
S,1010368,1.0362,S
S,1010554,1.0361,S
S,1010747,1.0361,S
S,1010947,1.0361,S
S,1011127,1.0361,S
S,1011326,1.0361,S
S,1011511,1.0361,S
S,1011810,1.0361,S
S,1011989,1.0361,S
S,1012189,1.0361,S
S,1012371,1.0361,S
S,1012568,1.0361,S
S,1012755,1.0361,S
S,1012947,1.0361,S
S,1013147,1.0361,S
S,1013328,1.0361,S
S,1013526,1.0361,S
S,1013710,1.0361,S
S,1013997,1.0361,S
S,1014189,1.0361,S
S,1014389,1.0361,S
S,1014572,1.0361,S
S,1014768,1.0361,S
S,1014953,1.0361,S
S,1015147,1.0361,S
S,1015347,1.0361,S
S,1015526,1.0361,S
S,1015726,1.0361,S
S,1015910,1.0361,S
S,1016197,1.0361,S
S,1016389,1.0361,S
S,1016589,1.0361,S
S,1016770,1.0361,S
S,1016968,1.0361,S
S,1017154,1.0361,S
S,1017347,1.0361,S
S,1017547,1.0361,S
S,1017727,1.0361,S
S,1017926,1.0361,S
S,1018110,1.0362,S
S,1018396,1.0362,S
S,1018589,1.0362,S
S,1018789,1.0362,S
S,1018971,1.0362,S
S,1019168,1.0362,S
S,1019352,1.0362,S
S,1019547,1.0362,S
S,1019747,1.0362,S
S,1019926,1.0362,S
S,1020126,1.0362,S
S,1020309,1.0362,S
S,1020596,1.0362,S
S,1020789,1.0362,S
S,1020989,1.0362,S
S,1021169,1.0362,S
S,1021368,1.0362,S
S,1021553,1.0362,S
S,1021747,1.0362,S
S,1021934,1.0362,S
S,1022127,1.0362,S
S,1022327,1.0362,S
S,1022509,1.0362,S
S,1022795,1.0362,S
S,1022990,1.0362,S
S,1023190,1.0362,S
S,1023370,1.0361,S
S,1023569,1.0361,S
S,1023751,1.0361,S
S,1023948,1.0361,S
S,1024135,1.0361,S
S,1024327,1.0361,S
S,1024527,1.0361,S
S,1024708,1.0361,S
S,1024995,1.0361,S
S,1025190,1.0361,S
S,1025377,1.0361,S
S,1025569,1.0361,S
S,1025769,1.0361,S
S,1025952,1.0361,S
S,1026148,1.0361,S
S,1026333,1.0361,S
S,1026527,1.0361,S
S,1026727,1.0361,S
S,1026908,1.0361,S
S,1027194,1.0361,S
S,1027390,1.0361,S
S,1027577,1.0361,S
S,1027769,1.0361,S
S,1027969,1.0362,S
S,1028150,1.0362,S
S,1028348,1.0362,S
S,1028534,1.0362,S
S,1028727,1.0362,S
S,1028927,1.0362,S
S,1029107,1.0362,S
S,1029394,1.0362,S
S,1029590,1.0362,S
S,1029775,1.0362,S
S,1029969,1.0362,S
S,1030169,1.0362,S
S,1030351,1.0361,S
S,1030548,1.0361,S
S,1030732,1.0361,S
S,1030927,1.0361,S
S,1031127,1.0361,S
S,1031307,1.0362,S
S,1031593,1.0362,S
S,1031790,1.0362,S
S,1031976,1.0362,S
S,1032169,1.0362,S
S,1032369,1.0362,S
S,1032549,1.0362,S
S,1032748,1.0362,S
S,1032932,1.0362,S
S,1033127,1.0362,S
S,1033314,1.0362,S
S,1033611,1.0362,S
S,1033793,1.0362,S
S,1033990,1.0362,S
S,1034174,1.0362,S
S,1034369,1.0362,S
S,1034569,1.0362,S
S,1034749,1.0362,S
S,1034948,1.0362,S
S,1035131,1.0362,S
S,1035332,1.0362,S
S,1035515,1.0362,S
S,1035706,1.0362,S
S,1035991,1.0362,S
S,1036190,1.0362,S
S,1036375,1.0362,S
S,1036569,1.0362,S
S,1036769,1.0362,S
S,1036948,1.0362,S
S,1037148,1.0362,S
S,1037331,1.0362,S
S,1037527,1.0362,S
S,1037727,1.0362,S
S,1038011,1.0362,S
S,1038192,1.0362,S
S,1038390,1.0362,S
S,1038576,1.0362,S
S,1038769,1.0362,S
S,1038969,1.0362,S
S,1039149,1.0362,S
S,1039348,1.0362,S
S,1039530,1.0362,S
S,1039727,1.0362,S
S,1039913,1.0362,S
S,1040211,1.0362,S
S,1040391,1.0362,S
S,1040590,1.0362,S
S,1040774,1.0362,S
S,1040969,1.0362,S
S,1041169,1.0362,S
S,1041348,1.0362,S
S,1041548,1.0362,S
S,1041730,1.0362,S
S,1041927,1.0362,S
S,1042114,1.0362,S
S,1042306,1.0362,S
S,1042591,1.0362,S
S,1042790,1.0362,S
S,1042974,1.0362,S
S,1043169,1.0362,S
S,1043356,1.0362,S
S,1043548,1.0362,S
S,1043748,1.0362,S
S,1043931,1.0362,S
S,1044127,1.0362,S
S,1044312,1.0362,S
S,1044611,1.0362,S
S,1044791,1.0362,S
S,1044990,1.0362,S
S,1045173,1.0362,S
S,1045369,1.0362,S
S,1045556,1.0362,S
S,1045748,1.0362,S
S,1045948,1.0362,S
S,1046129,1.0362,S
S,1046327,1.0362,S
S,1046513,1.0362,S
S,1046798,1.0362,S
S,1046990,1.0362,S
S,1047190,1.0362,S
S,1047373,1.0362,S
S,1047569,1.0362,S
S,1047755,1.0362,S
S,1047948,1.0362,S
S,1048148,1.0362,S
S,1048330,1.0362,S
S,1048527,1.0362,S
S,1048711,1.0362,S
S,1048999,1.0362,S
S,1049190,1.0362,S
S,1049390,1.0362,S
S,1049572,1.0362,S
S,1049769,1.0362,S
S,1049955,1.0362,S
S,1050148,1.0362,S
S,1050348,1.0362,S
S,1050528,1.0362,S
S,1050727,1.0362,S
S,1050912,1.0362,S
S,1051197,1.0362,S
S,1051390,1.0362,S
S,1051590,1.0362,S
S,1051772,1.0362,S
S,1051969,1.0362,S
S,1052154,1.0362,S
S,1052348,1.0362,S
S,1052548,1.0362,S
S,1052729,1.0362,S
S,1052927,1.0362,S
S,1053110,1.0362,S
S,1053398,1.0362,S
S,1053590,1.0362,S
S,1053790,1.0362,S
S,1053971,1.0362,S
S,1054169,1.0362,S
S,1054354,1.0362,S
S,1054548,1.0362,S
S,1054735,1.0362,S
S,1054927,1.0362,S
S,1055127,1.0362,S
S,1055311,1.0362,S
S,1055596,1.0362,S
S,1055790,1.0362,S
S,1055990,1.0362,S
S,1056171,1.0362,S
S,1056369,1.0362,S
S,1056553,1.0362,S
S,1056752,1.0362,S
S,1056936,1.0362,S
S,1057128,1.0362,S
S,1057327,1.0362,S
S,1057509,1.0362,S
S,1057797,1.0362,S
S,1057990,1.0362,S
S,1058190,1.0362,S
S,1058370,1.0362,S
S,1058569,1.0362,S
S,1058753,1.0362,S
S,1058948,1.0362,S
S,1059135,1.0362,S
S,1059327,1.0362,S
S,1059527,1.0362,S
S,1059710,1.0362,S
S,1059995,1.0362,S
S,1060190,1.0362,S
S,1060390,1.0362,S
S,1060570,1.0362,S
S,1060769,1.0362,S
S,1060952,1.0362,S
S,1061148,1.0362,S
S,1061335,1.0362,S
S,1061527,1.0362,S
S,1061727,1.0362,S
S,1061908,1.0362,S
S,1062196,1.0362,S
S,1062390,1.0362,S
S,1062590,1.0362,S
S,1062769,1.0362,S
S,1062969,1.0362,S
S,1063152,1.0362,S
S,1063348,1.0362,S
S,1063535,1.0362,S
S,1063727,1.0362,S
S,1063927,1.0362,S
S,1064109,1.0362,S
S,1064396,1.0362,S
S,1064590,1.0362,S
S,1064777,1.0362,S
S,1064969,1.0362,S
S,1065169,1.0362,S
S,1065350,1.0362,S
S,1065548,1.0362,S
S,1065734,1.0362,S
S,1065927,1.0362,S
S,1066127,1.0362,S
S,1066307,1.0362,S
S,1066595,1.0362,S
S,1066790,1.0362,S
S,1066990,1.0362,S
S,1067169,1.0362,S
S,1067369,1.0362,S
S,1067551,1.0362,S
S,1067748,1.0362,S
S,1067934,1.0362,S
S,1068127,1.0362,S
S,1068327,1.0362,S
S,1068508,1.0362,S
S,1068795,1.0362,S
S,1068990,1.0362,S
S,1069177,1.0362,S
S,1069369,1.0362,S
S,1069569,1.0362,S
S,1069752,1.0362,S
S,1069948,1.0362,S
S,1070133,1.0362,S
S,1070327,1.0362,S
S,1070527,1.0362,S
S,1070811,1.0362,S
S,1070994,1.0362,S
S,1071190,1.0362,S
S,1071377,1.0362,S
S,1071569,1.0362,S
S,1071769,1.0362,S
S,1071950,1.0362,S
S,1072148,1.0362,S
S,1072333,1.0362,S
S,1072527,1.0362,S
S,1072715,1.0362,S
S,1072906,1.0362,S
S,1073194,1.0362,S
S,1073390,1.0362,S
S,1073575,1.0362,S
S,1073769,1.0362,S
S,1073969,1.0362,S
S,1074150,1.0362,S
S,1074348,1.0362,S
S,1074532,1.0362,S
S,1074727,1.0362,S
S,1074927,1.0362,S
S,1075211,1.0362,S
S,1075392,1.0362,S
S,1075590,1.0362,S
S,1075776,1.0362,S
S,1075969,1.0362,S
S,1076169,1.0362,S
S,1076349,1.0362,S
S,1076548,1.0362,S
S,1076732,1.0362,S
S,1076927,1.0362,S
S,1077114,1.0362,S
S,1077411,1.0362,S
S,1077593,1.0362,S
S,1077790,1.0362,S
S,1077974,1.0361,S
S,1078169,1.0361,S
S,1078358,1.0361,S
S,1078549,1.0361,S
S,1078748,1.0361,S
S,1078931,1.0361,S
S,1079127,1.0361,S
S,1079314,1.0361,S
S,1079611,1.0361,S
S,1079791,1.0361,S
S,1079990,1.0361,S
S,1080175,1.0361,S
S,1080369,1.0361,S
S,1080556,1.0361,S
S,1080748,1.0361,S
S,1080948,1.0361,S
S,1081131,1.0361,S
S,1081327,1.0361,S
S,1081513,1.0361,S
S,1081811,1.0361,S
S,1081992,1.0361,S
S,1082190,1.0361,S
S,1082373,1.0361,S
S,1082569,1.0361,S
S,1082757,1.0361,S
S,1082948,1.0361,S
S,1083148,1.0361,S
S,1083330,1.0362,S
S,1083527,1.0362,S
S,1083713,1.0362,S
S,1084011,1.0362,S
S,1084190,1.0362,S
S,1084390,1.0362,S
S,1084574,1.0362,S
S,1084769,1.0362,S
S,1084955,1.0362,S
S,1085148,1.0362,S
S,1085348,1.0362,S
S,1085530,1.0362,S
S,1085727,1.0362,S
S,1085912,1.0362,S
S,1086211,1.0362,S
S,1086391,1.0362,S
S,1086590,1.0362,S
S,1086772,1.0362,S
S,1086969,1.0362,S
S,1087156,1.0362,S
S,1087348,1.0362,S
S,1087548,1.0362,S
S,1087729,1.0362,S
S,1087927,1.0362,S
S,1088112,1.0362,S
S,1088411,1.0363,S
S,1088590,1.0363,S
S,1088790,1.0363,S
S,1088973,1.0363,S
S,1089169,1.0363,S
S,1089354,1.0363,S
S,1089548,1.0363,S
S,1089748,1.0364,S
S,1089929,1.0364,S
S,1090127,1.0364,S
S,1090311,1.0364,S
S,1090598,1.0364,S
S,1090790,1.0364,S
S,1090990,1.0365,S
S,1091171,1.0365,S
S,1091369,1.0365,S
S,1091555,1.0365,S
S,1091748,1.0365,S
S,1091948,1.0365,S
S,1092128,1.0365,S
S,1092327,1.0366,S
S,1092511,1.0366,S
S,1092799,1.0366,S
S,1092990,1.0366,S
S,1093190,1.0366,S
S,1093372,1.0366,S
S,1093569,1.0366,S
S,1093755,1.0366,S
S,1093948,1.0366,S
S,1094148,1.0366,S
S,1094328,1.0366,S
S,1094527,1.0366,S
S,1094709,1.0366,S
S,1094997,1.0366,S
S,1095190,1.0366,S
S,1095390,1.0366,S
S,1095572,1.0366,S
S,1095769,1.0366,S
S,1095953,1.0366,S
S,1096148,1.0366,S
S,1096348,1.0366,S
S,1096527,1.0366,S
S,1096727,1.0366,S
S,1096910,1.0366,S
S,1097197,1.0366,S
S,1097390,1.0366,S
S,1097590,1.0366,S
S,1097771,1.0366,S
S,1097969,1.0366,S
S,1098154,1.0366,S
S,1098348,1.0366,S
S,1098535,1.0366,S
S,1098727,1.0366,S
S,1098927,1.0366,S
S,1099111,1.0366,S
S,1099396,1.0366,S
S,1099590,1.0366,S
S,1099779,1.0366,S
S,1099971,1.0366,S
S,1100169,1.0366,S
S,1100352,1.0366,S
S,1100548,1.0366,S
S,1100748,1.0366,S
S,1100927,1.0366,S
S,1101127,1.0366,S
S,1101309,1.0366,S
S,1101596,1.0366,S
S,1101790,1.0366,S
S,1101990,1.0366,S
S,1102170,1.0366,S
S,1102369,1.0366,S
S,1102553,1.0366,S
S,1102748,1.0366,S
S,1102934,1.0366,S
S,1103127,1.0366,S
S,1103327,1.0366,S
S,1103509,1.0366,S
S,1103795,1.0366,S
S,1103990,1.0366,S
S,1104190,1.0365,S
S,1104370,1.0365,S
S,1104569,1.0365,S
S,1104751,1.0365,S
S,1104948,1.0365,S
S,1105135,1.0365,S
S,1105327,1.0365,S
S,1105527,1.0365,S
S,1105708,1.0365,S
S,1105995,1.0365,S
S,1106190,1.0365,S
S,1106377,1.0365,S
S,1106569,1.0365,S
S,1106769,1.0365,S
S,1106952,1.0365,S
S,1107148,1.0365,S
S,1107333,1.0365,S
S,1107527,1.0365,S
S,1107727,1.0365,S
S,1107908,1.0365,S
S,1108194,1.0365,S
S,1108390,1.0365,S
S,1108577,1.0365,S
S,1108769,1.0365,S
S,1108969,1.0365,S
S,1109150,1.0365,S
S,1109348,1.0365,S
S,1109534,1.0365,S
S,1109727,1.0365,S
S,1109927,1.0365,S
S,1110107,1.0365,S
S,1110394,1.0365,S
S,1110590,1.0365,S
S,1110776,1.0365,S
S,1110969,1.0365,S
S,1111169,1.0365,S
S,1111351,1.0365,S
S,1111548,1.0365,S
S,1111732,1.0365,S
S,1111927,1.0365,S
S,1112127,1.0365,S
S,1112307,1.0365,S
S,1112593,1.0365,S
S,1112790,1.0365,S
S,1112976,1.0365,S
S,1113169,1.0365,S
S,1113369,1.0365,S
S,1113549,1.0365,S
S,1113748,1.0365,S
S,1113933,1.0365,S
S,1114127,1.0365,S
S,1114314,1.0365,S
S,1114611,1.0365,S
S,1114793,1.0365,S
S,1114990,1.0365,S
S,1115175,1.0365,S
S,1115369,1.0365,S
S,1115569,1.0365,S
S,1115750,1.0365,S
S,1115948,1.0365,S
S,1116131,1.0366,S
S,1116327,1.0366,S
S,1116515,1.0366,S
S,1116706,1.0366,S
S,1116992,1.0366,S
S,1117190,1.0366,S
S,1117375,1.0366,S
S,1117569,1.0366,S
S,1117769,1.0366,S
S,1117948,1.0366,S
S,1118148,1.0366,S
S,1118332,1.0366,S
S,1118527,1.0366,S
S,1118727,1.0366,S
S,1119011,1.0366,S
S,1119192,1.0366,S
S,1119390,1.0366,S
S,1119576,1.0366,S
S,1119769,1.0366,S
S,1119969,1.0366,S
S,1120149,1.0366,S
S,1120348,1.0366,S
S,1120530,1.0366,S
S,1120727,1.0366,S
S,1120914,1.0366,S
S,1121211,1.0366,S
S,1121394,1.0366,S
S,1121590,1.0366,S
S,1121774,1.0366,S
S,1121969,1.0366,S
S,1122169,1.0366,S
S,1122348,1.0366,S
S,1122548,1.0366,S
S,1122731,1.0366,S
S,1122927,1.0366,S
S,1123114,1.0366,S
S,1123411,1.0366,S
S,1123591,1.0366,S
S,1123790,1.0366,S
S,1123975,1.0366,S
S,1124169,1.0366,S
S,1124356,1.0366,S
S,1124548,1.0366,S
S,1124748,1.0366,S
S,1124931,1.0366,S
S,1125127,1.0366,S
S,1125312,1.0366,S
S,1125611,1.0366,S
S,1125792,1.0366,S
S,1125990,1.0366,S
S,1126173,1.0366,S
S,1126369,1.0366,S
S,1126556,1.0366,S
S,1126748,1.0365,S
S,1126948,1.0365,S
S,1127130,1.0365,S
S,1127327,1.0365,S
S,1127513,1.0365,S
S,1127798,1.0365,S
S,1127990,1.0365,S
S,1128190,1.0365,S
S,1128374,1.0365,S
S,1128569,1.0365,S
S,1128755,1.0365,S
S,1128948,1.0365,S
S,1129148,1.0365,S
S,1129330,1.0365,S
S,1129527,1.0365,S
S,1129712,1.0365,S
S,1130011,1.0365,S
S,1130191,1.0365,S
S,1130390,1.0365,S
S,1130572,1.0365,S
S,1130769,1.0365,S
S,1130955,1.0365,S
S,1131148,1.0365,S
S,1131348,1.0365,S
S,1131529,1.0365,S
S,1131727,1.0365,S
S,1131912,1.0365,S
S,1132197,1.0365,S
S,1132390,1.0365,S
S,1132590,1.0365,S
S,1132773,1.0365,S
S,1132969,1.0365,S
S,1133154,1.0365,S
S,1133348,1.0365,S
S,1133548,1.0365,S
S,1133729,1.0365,S
S,1133927,1.0365,S
S,1134110,1.0365,S
S,1134398,1.0365,S
S,1134590,1.0365,S
S,1134790,1.0365,S
S,1134971,1.0365,S
S,1135169,1.0366,S
S,1135355,1.0366,S
S,1135548,1.0366,S
S,1135736,1.0366,S
S,1135927,1.0366,S
S,1136127,1.0366,S
S,1136311,1.0366,S
S,1136596,1.0366,S
S,1136790,1.0366,S
S,1136990,1.0366,S
S,1137171,1.0366,S
S,1137369,1.0366,S
S,1137553,1.0366,S
S,1137748,1.0366,S
S,1137948,1.0366,S
S,1138128,1.0366,S
S,1138327,1.0366,S
S,1138510,1.0366,S
S,1138797,1.0366,S
S,1138990,1.0366,S
S,1139190,1.0366,S
S,1139370,1.0366,S
S,1139569,1.0366,S
S,1139753,1.0366,S
S,1139948,1.0366,S
S,1140135,1.0366,S
S,1140327,1.0366,S
S,1140527,1.0366,S
S,1140710,1.0366,S
S,1140995,1.0366,S
S,1141190,1.0366,S
S,1141390,1.0366,S
S,1141571,1.0366,S
S,1141769,1.0366,S
S,1141952,1.0366,S
S,1142148,1.0366,S
S,1142335,1.0366,S
S,1142527,1.0366,S
S,1142719,1.0366,S
S,1142908,1.0366,S
S,1143196,1.0366,S
S,1143390,1.0366,S
S,1143590,1.0366,S
S,1143769,1.0366,S
S,1143969,1.0366,S
S,1144152,1.0366,S
S,1144348,1.0366,S
S,1144536,1.0366,S
S,1144727,1.0366,S
S,1144927,1.0366,S
S,1145109,1.0366,S
S,1145396,1.0366,S
S,1145590,1.0366,S
S,1145778,1.0366,S
S,1145969,1.0366,S
S,1146169,1.0366,S
S,1146351,1.0366,S
S,1146548,1.0366,S
S,1146734,1.0366,S
S,1146927,1.0366,S
S,1147127,1.0366,S
S,1147307,1.0366,S
S,1147595,1.0366,S
S,1147790,1.0366,S
S,1147990,1.0366,S
S,1148169,1.0366,S
S,1148369,1.0366,S
S,1148551,1.0366,S
S,1148748,1.0366,S
S,1148935,1.0366,S
S,1149127,1.0366,S
S,1149327,1.0366,S
S,1149508,1.0366,S
S,1149795,1.0366,S
S,1149990,1.0366,S
S,1150177,1.0366,S
S,1150369,1.0366,S
S,1150569,1.0366,S
S,1150752,1.0366,S
S,1150948,1.0366,S
S,1151133,1.0366,S
S,1151327,1.0366,S
S,1151527,1.0366,S
S,1151706,1.0366,S
S,1151994,1.0366,S
S,1152190,1.0366,S
S,1152377,1.0366,S
S,1152569,1.0366,S
S,1152769,1.0366,S
S,1152950,1.0366,S
S,1153148,1.0366,S
S,1153334,1.0366,S
S,1153527,1.0366,S
S,1153727,1.0366,S
S,1153907,1.0366,S
S,1154194,1.0366,S
S,1154390,1.0366,S
S,1154576,1.0366,S
S,1154769,1.0366,S
S,1154969,1.0366,S
S,1155151,1.0366,S
S,1155348,1.0366,S
S,1155532,1.0366,S
S,1155727,1.0366,S
S,1155927,1.0366,S
S,1156107,1.0366,S
S,1156393,1.0366,S
S,1156590,1.0366,S
S,1156776,1.0366,S
S,1156969,1.0366,S
S,1157169,1.0366,S
S,1157349,1.0366,S
S,1157548,1.0366,S
S,1157733,1.0366,S
S,1157927,1.0366,S
S,1158114,1.0366,S
S,1158411,1.0366,S
S,1158593,1.0366,S
S,1158790,1.0366,S
S,1158975,1.0366,S
S,1159169,1.0366,S
S,1159369,1.0366,S
S,1159550,1.0366,S
S,1159748,1.0366,S
S,1159931,1.0366,S
S,1160127,1.0366,S
S,1160314,1.0366,S
S,1160506,1.0366,S
S,1160792,1.0366,S
S,1160990,1.0366,S
S,1161175,1.0366,S
S,1161369,1.0366,S
S,1161557,1.0366,S
S,1161748,1.0366,S
S,1161948,1.0366,S
S,1162132,1.0366,S
S,1162327,1.0366,S
S,1162513,1.0366,S
S,1162811,1.0366,S
S,1162992,1.0366,S
S,1163190,1.0366,S
S,1163374,1.0366,S
S,1163569,1.0366,S
S,1163769,1.0366,S
S,1163949,1.0366,S
S,1164148,1.0366,S
S,1164330,1.0366,S
S,1164532,1.0366,S
S,1164713,1.0366,S
S,1165011,1.0366,S
S,1165191,1.0366,S
S,1165390,1.0366,S
S,1165574,1.0366,S
S,1165769,1.0366,S
S,1165955,1.0366,S
S,1166148,1.0366,S
S,1166348,1.0366,S
S,1166530,1.0366,S
S,1166727,1.0366,S
S,1166912,1.0366,S
S,1167211,1.0366,S
S,1167391,1.0366,S
S,1167590,1.0366,S
S,1167772,1.0366,S
S,1167969,1.0366,S
S,1168156,1.0366,S
S,1168348,1.0366,S
S,1168548,1.0366,S
S,1168729,1.0366,S
S,1168927,1.0366,S
S,1169112,1.0366,S
S,1169411,1.0366,S
S,1169590,1.0366,S
S,1169790,1.0366,S
S,1169973,1.0366,S
S,1170169,1.0366,S
S,1170356,1.0366,S
S,1170548,1.0366,S
S,1170748,1.0366,S
S,1170929,1.0366,S
S,1171127,1.0366,S
S,1171311,1.0366,S
S,1171598,1.0366,S
S,1171790,1.0366,S
S,1171990,1.0366,S
S,1172171,1.0366,S
S,1172369,1.0366,S
S,1172555,1.0366,S
S,1172748,1.0366,S
S,1172948,1.0366,S
S,1173128,1.0366,S
S,1173327,1.0366,S
S,1173511,1.0366,S
S,1173799,1.0366,S
S,1173990,1.0366,S
S,1174190,1.0366,S
S,1174372,1.0366,S
S,1174569,1.0366,S
S,1174755,1.0366,S
S,1174948,1.0366,S
S,1175148,1.0366,S
S,1175328,1.0366,S
S,1175527,1.0366,S
S,1175710,1.0366,S
S,1175997,1.0366,S
S,1176190,1.0366,S
S,1176390,1.0366,S
S,1176572,1.0366,S
S,1176769,1.0366,S
S,1176954,1.0366,S
S,1177148,1.0366,S
S,1177348,1.0366,S
S,1177527,1.0366,S
S,1177727,1.0366,S
S,1177910,1.0366,S
S,1178198,1.0366,S
S,1178390,1.0366,S
S,1178590,1.0366,S
S,1178771,1.0366,S
S,1178969,1.0366,S
S,1179154,1.0366,S
S,1179348,1.0366,S
S,1179536,1.0366,S
S,1179727,1.0366,S
S,1179927,1.0366,S
S,1180111,1.0366,S
S,1180396,1.0366,S
S,1180590,1.0366,S
S,1180790,1.0366,S
S,1180971,1.0366,S
S,1181169,1.0366,S
S,1181353,1.0366,S
S,1181548,1.0366,S
S,1181748,1.0366,S
S,1181927,1.0366,S
S,1182127,1.0366,S
S,1182309,1.0366,S
S,1182597,1.0366,S
S,1182791,1.0366,S
S,1182978,1.0366,S
S,1183170,1.0366,S
S,1183370,1.0366,S
S,1183553,1.0366,S
S,1183749,1.0366,S
S,1183935,1.0366,S
S,1184128,1.0366,S
S,1184328,1.0366,S
S,1184510,1.0366,S
S,1184795,1.0366,S
S,1184991,1.0366,S
S,1185179,1.0366,S
S,1185370,1.0366,S
S,1185570,1.0366,S
S,1185752,1.0366,S
S,1185954,1.0366,S
S,1186135,1.0366,S
S,1186328,1.0366,S
S,1186528,1.0366,S
S,1186708,1.0366,S
S,1186996,1.0366,S
S,1187192,1.0366,S
S,1187377,1.0366,S
S,1187571,1.0366,S
S,1187771,1.0366,S
S,1187952,1.0366,S
S,1188150,1.0366,S
S,1188334,1.0366,S
S,1188529,1.0366,S
S,1188729,1.0366,S
S,1188909,1.0366,S
S,1189194,1.0365,S
S,1189392,1.0365,S
S,1189577,1.0365,S
S,1189771,1.0365,S
S,1189971,1.0365,S
S,1190151,1.0365,S
S,1190350,1.0365,S
S,1190534,1.0365,S
S,1190729,1.0365,S
S,1190915,1.0365,S
S,1191213,1.0365,S
S,1191395,1.0365,S
S,1191592,1.0365,S
S,1191776,1.0365,S
S,1191971,1.0365,S
S,1192171,1.0365,S
S,1192351,1.0365,S
S,1192550,1.0365,S
S,1192733,1.0365,S
S,1192929,1.0365,S
S,1193116,1.0365,S
S,1193413,1.0365,S
S,1193593,1.0365,S
S,1193792,1.0365,S
S,1193976,1.0365,S
S,1194171,1.0365,S
S,1194371,1.0365,S
S,1194550,1.0365,S
S,1194750,1.0365,S
S,1194933,1.0365,S
S,1195130,1.0366,S
S,1195314,1.0366,S
S,1195614,1.0366,S
S,1195794,1.0366,S
S,1195994,1.0366,S
S,1196175,1.0366,S
S,1196373,1.0366,S
S,1196558,1.0366,S
S,1196752,1.0366,S
S,1196952,1.0366,S
S,1197131,1.0366,S
S,1197331,1.0366,S
S,1197515,1.0366,S
S,1197802,1.0366,S
S,1197994,1.0366,S
S,1198194,1.0366,S
S,1198375,1.0366,S
S,1198573,1.0366,S
S,1198759,1.0366,S
S,1198952,1.0366,S
S,1199152,1.0366,S
S,1199332,1.0366,S
S,1199531,1.0366,S
S,1199715,1.0366,S
S,1200001,1.0365,S
E,1200003,stream stop n=6000 misses=0
