run_id,powder_id,block,tilt_deg,phase,trial,action,rpm,before_g,after_g,delta_g,flag,t_ms,sigma_g,drift_g,shock_g,retries,quality
20260804T204316Z_brown-rice-flour,brown-rice-flour,A,45.0,baseline,0,,,0.0,0.0,0.0,,7540,,,,,
20260804T204316Z_brown-rice-flour,brown-rice-flour,A,45.0,baseline,1,,,0.0,0.0,0.0,,9635,,,,,
20260804T204316Z_brown-rice-flour,brown-rice-flour,A,45.0,baseline,2,,,0.0,0.0,0.0,,11750,,,,,
20260804T204316Z_brown-rice-flour,brown-rice-flour,A,45.0,baseline,3,,,0.0,0.0,0.0,,13844,,,,,
20260804T204316Z_brown-rice-flour,brown-rice-flour,A,45.0,baseline,4,,,0.0,0.0,0.0,,15959,,,,,
20260804T204316Z_brown-rice-flour,brown-rice-flour,A,45.0,baseline,5,,,0.0,0.0,0.0,,18053,,,,,
20260804T204316Z_brown-rice-flour,brown-rice-flour,A,45.0,baseline,6,,,0.0,0.0,0.0,,20154,,,,,
20260804T204316Z_brown-rice-flour,brown-rice-flour,A,45.0,baseline,7,,,0.0,0.0,0.0,,22269,,,,,
20260804T204316Z_brown-rice-flour,brown-rice-flour,B,0.0,hold,0,15,,0.0,0.0,0.0,,42726,,,,,
20260804T204316Z_brown-rice-flour,brown-rice-flour,B,45.0,hold,0,15,,0.0,0.0,0.0,,63191,,,,,
20260804T204316Z_brown-rice-flour,brown-rice-flour,B,90.0,hold,0,15,,0.0,0.0,0.0,,83656,,,,,
20260804T204316Z_brown-rice-flour,brown-rice-flour,C,0.0,rotation,0,360.0,30.0,0.0,0.0,0.0,lowflow,96087,,,,,
20260804T204316Z_brown-rice-flour,brown-rice-flour,C,0.0,rotation,1,360.0,30.0,0.0,0.0004,0.0004,lowflow,102876,,,,,
20260804T204316Z_brown-rice-flour,brown-rice-flour,C,0.0,rotation,2,360.0,30.0,0.0004,0.0012,0.0008,,112153,,,,,
20260804T204316Z_brown-rice-flour,brown-rice-flour,C,0.0,rotation,3,360.0,30.0,0.0012,0.0012,0.0,lowflow,119516,,,,,
20260804T204316Z_brown-rice-flour,brown-rice-flour,C,0.0,rotation,4,360.0,30.0,0.0012,0.0012,0.0,lowflow,125924,,,,,
20260804T204316Z_brown-rice-flour,brown-rice-flour,C,0.0,rotation,5,360.0,30.0,0.0011,0.0012,0.0001,lowflow,132522,,,,,
20260804T204316Z_brown-rice-flour,brown-rice-flour,C,45.0,rotation,0,360.0,30.0,0.0,0.0006,0.0006,,144193,,,,,
20260804T204316Z_brown-rice-flour,brown-rice-flour,C,45.0,rotation,1,360.0,30.0,0.0006,0.0006,0.0,lowflow,150601,,,,,
20260804T204316Z_brown-rice-flour,brown-rice-flour,C,45.0,rotation,2,360.0,30.0,0.0006,0.0007,0.0001,lowflow,157007,,,,,
20260804T204316Z_brown-rice-flour,brown-rice-flour,C,45.0,rotation,3,360.0,30.0,0.0007,0.001,0.0003,lowflow,163415,,,,,
20260804T204316Z_brown-rice-flour,brown-rice-flour,C,45.0,rotation,4,360.0,30.0,0.001,0.0012,0.0002,lowflow,169821,,,,,
20260804T204316Z_brown-rice-flour,brown-rice-flour,C,45.0,rotation,5,360.0,30.0,0.0012,0.0012,0.0,,176231,,,,,
20260804T204316Z_brown-rice-flour,brown-rice-flour,C,90.0,rotation,0,360.0,30.0,0.0,0.0,0.0,lowflow,187893,,,,,
20260804T204316Z_brown-rice-flour,brown-rice-flour,C,90.0,rotation,1,360.0,30.0,0.0,0.0,0.0,lowflow,194301,,,,,
20260804T204316Z_brown-rice-flour,brown-rice-flour,C,90.0,rotation,2,360.0,30.0,0.0,0.0,0.0,lowflow,200709,,,,,
20260804T204316Z_brown-rice-flour,brown-rice-flour,C,90.0,rotation,3,360.0,30.0,0.0,0.0007,0.0007,,207117,,,,,
20260804T204316Z_brown-rice-flour,brown-rice-flour,C,90.0,rotation,4,360.0,30.0,0.0007,0.0007,0.0,lowflow,213523,,,,,
20260804T204316Z_brown-rice-flour,brown-rice-flour,C,90.0,rotation,5,360.0,30.0,0.0007,0.0006,-0.0001,lowflow,219931,,,,,
20260804T204316Z_brown-rice-flour,brown-rice-flour,D,45.0,speed,0,3.0,15.0,0.0,0.0,0.0,,241169,,,,,
20260804T204316Z_brown-rice-flour,brown-rice-flour,D,45.0,speed,1,3.0,45.0,0.0,0.0,0.0,,248044,,,,,
20260804T204316Z_brown-rice-flour,brown-rice-flour,D,45.0,speed,2,3.0,90.0,0.0,0.0018,0.0018,,253303,,,,,
20260804T204316Z_brown-rice-flour,brown-rice-flour,E,0.0,refeed,0,360.0,30.0,0.0,0.0,0.0,lowflow,264976,,,,,
20260804T204316Z_brown-rice-flour,brown-rice-flour,E,0.0,tap,0,1,,0.0,0.0,0.0,,267372,,,,,
20260804T204316Z_brown-rice-flour,brown-rice-flour,E,0.0,refeed,1,360.0,30.0,0.0,0.0,0.0,lowflow,273777,,,,,
20260804T204316Z_brown-rice-flour,brown-rice-flour,E,0.0,tap,1,1,,0.0,0.0,0.0,,276160,,,,,
20260804T204316Z_brown-rice-flour,brown-rice-flour,E,0.0,refeed,2,360.0,30.0,0.0,0.0,0.0,lowflow,282566,,,,,
20260804T204316Z_brown-rice-flour,brown-rice-flour,E,0.0,tap,2,1,,0.0,0.0,0.0,,284962,,,,,
20260804T204316Z_brown-rice-flour,brown-rice-flour,E,0.0,refeed,3,360.0,30.0,0.0,0.0,0.0,lowflow,291368,,,,,
20260804T204316Z_brown-rice-flour,brown-rice-flour,E,0.0,tap,3,1,,0.0,0.0,0.0,,293767,,,,,
20260804T204316Z_brown-rice-flour,brown-rice-flour,E,0.0,refeed,4,360.0,30.0,0.0,0.0,0.0,,300171,,,,,
20260804T204316Z_brown-rice-flour,brown-rice-flour,E,0.0,tap,4,1,,0.0,0.0,0.0,,302553,,,,,
20260804T204316Z_brown-rice-flour,brown-rice-flour,E,0.0,refeed,5,360.0,30.0,0.0,0.0001,0.0001,,308962,,,,,
20260804T204316Z_brown-rice-flour,brown-rice-flour,E,0.0,tap,5,1,,0.0001,0.0,-0.0001,,311358,,,,,
20260804T204316Z_brown-rice-flour,brown-rice-flour,E,0.0,refeed,6,360.0,30.0,0.0,0.0,0.0,,317763,,,,,
20260804T204316Z_brown-rice-flour,brown-rice-flour,E,0.0,tap,6,1,,0.0,0.0,0.0,,320159,,,,,
20260804T204316Z_brown-rice-flour,brown-rice-flour,E,0.0,refeed,7,360.0,30.0,0.0,0.0,0.0,,326564,,,,,
20260804T204316Z_brown-rice-flour,brown-rice-flour,E,0.0,tap,7,1,,0.0,0.0,0.0,,328947,,,,,
20260804T204316Z_brown-rice-flour,brown-rice-flour,E,45.0,refeed,0,360.0,30.0,0.0,0.0006,0.0006,,340618,,,,,
20260804T204316Z_brown-rice-flour,brown-rice-flour,E,45.0,tap,0,1,,0.0006,0.0006,0.0,,343014,,,,,
20260804T204316Z_brown-rice-flour,brown-rice-flour,E,45.0,refeed,1,360.0,30.0,0.0006,0.0009,0.0003,lowflow,349421,,,,,
20260804T204316Z_brown-rice-flour,brown-rice-flour,E,45.0,tap,1,1,,0.0009,0.0009,0.0,,351805,,,,,
20260804T204316Z_brown-rice-flour,brown-rice-flour,E,45.0,refeed,2,360.0,30.0,0.0009,0.0011,0.0002,lowflow,358212,,,,,
20260804T204316Z_brown-rice-flour,brown-rice-flour,E,45.0,tap,2,1,,0.0011,0.0011,0.0,,360609,,,,,
20260804T204316Z_brown-rice-flour,brown-rice-flour,E,45.0,refeed,3,360.0,30.0,0.0011,0.0018,0.0007,,367014,,,,,
20260804T204316Z_brown-rice-flour,brown-rice-flour,E,45.0,tap,3,1,,0.0018,0.0019,0.0001,,370740,,,,,
20260804T204316Z_brown-rice-flour,brown-rice-flour,E,45.0,refeed,4,360.0,30.0,0.0019,0.0021,0.0002,lowflow,377147,,,,,
20260804T204316Z_brown-rice-flour,brown-rice-flour,E,45.0,tap,4,1,,0.0021,0.0022,0.0001,,379545,,,,,
20260804T204316Z_brown-rice-flour,brown-rice-flour,E,45.0,refeed,5,360.0,30.0,0.0022,0.0024,0.0002,lowflow,385951,,,,,
20260804T204316Z_brown-rice-flour,brown-rice-flour,E,45.0,tap,5,1,,0.0024,0.0024,0.0,,388348,,,,,
20260804T204316Z_brown-rice-flour,brown-rice-flour,E,45.0,refeed,6,360.0,30.0,0.0024,0.0023,-0.0001,lowflow,394743,,,,,
20260804T204316Z_brown-rice-flour,brown-rice-flour,E,45.0,tap,6,1,,0.0023,0.0023,0.0,,397140,,,,,
20260804T204316Z_brown-rice-flour,brown-rice-flour,E,45.0,refeed,7,360.0,30.0,0.0023,0.0024,0.0001,lowflow,403544,,,,,
20260804T204316Z_brown-rice-flour,brown-rice-flour,E,45.0,tap,7,1,,0.0024,0.0024,0.0,,405932,,,,,
20260804T211422Z_white-rice-flour,white-rice-flour,A,45.0,baseline,0,,,0.0,0.0,0.0,,7532,,,,,
20260804T211422Z_white-rice-flour,white-rice-flour,A,45.0,baseline,1,,,0.0,0.0,0.0,,9626,,,,,
20260804T211422Z_white-rice-flour,white-rice-flour,A,45.0,baseline,2,,,0.0,0.0,0.0,,11728,,,,,
20260804T211422Z_white-rice-flour,white-rice-flour,A,45.0,baseline,3,,,0.0,0.0,0.0,,13843,,,,,
20260804T211422Z_white-rice-flour,white-rice-flour,A,45.0,baseline,4,,,0.0,0.0,0.0,,15938,,,,,
20260804T211422Z_white-rice-flour,white-rice-flour,A,45.0,baseline,5,,,0.0,0.0,0.0,,18040,,,,,
20260804T211422Z_white-rice-flour,white-rice-flour,A,45.0,baseline,6,,,0.0,0.0,0.0,,20155,,,,,
20260804T211422Z_white-rice-flour,white-rice-flour,A,45.0,baseline,7,,,0.0,0.0,0.0,,22249,,,,,
20260804T211422Z_white-rice-flour,white-rice-flour,B,0.0,hold,0,15,,0.0,0.0,0.0,,42723,,,,,
20260804T211422Z_white-rice-flour,white-rice-flour,B,45.0,hold,0,15,,0.0,0.0,0.0,,63187,,,,,
20260804T211422Z_white-rice-flour,white-rice-flour,B,90.0,hold,0,15,,0.0,0.0,0.0,,83651,,,,,
20260804T211422Z_white-rice-flour,white-rice-flour,C,0.0,rotation,0,360.0,30.0,0.0,0.0051,0.0051,,96077,,,,,
20260804T211422Z_white-rice-flour,white-rice-flour,C,0.0,rotation,1,360.0,30.0,0.0051,0.009,0.0039,,102485,,,,,
20260804T211422Z_white-rice-flour,white-rice-flour,C,0.0,rotation,2,360.0,30.0,0.009,0.0127,0.0037,,108893,,,,,
20260804T211422Z_white-rice-flour,white-rice-flour,C,0.0,rotation,3,360.0,30.0,0.0127,0.0167,0.004,,115301,,,,,
20260804T211422Z_white-rice-flour,white-rice-flour,C,0.0,rotation,4,360.0,30.0,0.0167,0.0197,0.003,,121707,,,,,
20260804T211422Z_white-rice-flour,white-rice-flour,C,0.0,rotation,5,360.0,30.0,0.0197,0.0225,0.0028,,128114,,,,,
20260804T211422Z_white-rice-flour,white-rice-flour,C,45.0,rotation,0,360.0,30.0,0.0,0.0113,0.0113,,139789,,,,,
20260804T211422Z_white-rice-flour,white-rice-flour,C,45.0,rotation,1,360.0,30.0,0.0113,0.0203,0.009,,146194,,,,,
20260804T211422Z_white-rice-flour,white-rice-flour,C,45.0,rotation,2,360.0,30.0,0.0203,0.0285,0.0082,,152601,,,,,
20260804T211422Z_white-rice-flour,white-rice-flour,C,45.0,rotation,3,360.0,30.0,0.0285,0.0392,0.0107,,159007,,,,,
20260804T211422Z_white-rice-flour,white-rice-flour,C,45.0,rotation,4,360.0,30.0,0.0392,0.057,0.0178,,165411,,,,,
20260804T211422Z_white-rice-flour,white-rice-flour,C,45.0,rotation,5,360.0,30.0,0.0569,0.0766,0.0197,,171817,,,,,
20260804T211422Z_white-rice-flour,white-rice-flour,C,90.0,rotation,0,360.0,30.0,0.0,0.0632,0.0632,,184438,,,,,
20260804T211422Z_white-rice-flour,white-rice-flour,C,90.0,rotation,1,360.0,30.0,0.0632,0.0874,0.0242,,190846,,,,,
20260804T211422Z_white-rice-flour,white-rice-flour,C,90.0,rotation,2,360.0,30.0,0.0874,0.1195,0.0321,,197254,,,,,
20260804T211422Z_white-rice-flour,white-rice-flour,C,90.0,rotation,3,360.0,30.0,0.1195,0.1668,0.0473,,203661,,,,,
20260804T211422Z_white-rice-flour,white-rice-flour,C,90.0,rotation,4,360.0,30.0,0.1668,0.2063,0.0395,,210070,,,,,
20260804T211422Z_white-rice-flour,white-rice-flour,C,90.0,rotation,5,360.0,30.0,0.2063,0.2229,0.0166,,216476,,,,,
20260804T211422Z_white-rice-flour,white-rice-flour,D,45.0,speed,0,3.0,15.0,0.0,0.0572,0.0572,,238757,,,,,
20260804T211422Z_white-rice-flour,white-rice-flour,D,45.0,speed,1,3.0,45.0,0.0572,0.1295,0.0723,,245558,,,,,
20260804T211422Z_white-rice-flour,white-rice-flour,D,45.0,speed,2,3.0,90.0,0.1295,0.2406,0.1111,,250148,,,,,
20260804T211422Z_white-rice-flour,white-rice-flour,E,0.0,refeed,0,360.0,30.0,0.0,0.0029,0.0029,,261805,,,,,
20260804T211422Z_white-rice-flour,white-rice-flour,E,0.0,tap,0,1,,0.0029,0.0029,0.0,,264202,,,,,
20260804T211422Z_white-rice-flour,white-rice-flour,E,0.0,refeed,1,360.0,30.0,0.0029,0.0063,0.0034,,270607,,,,,
20260804T211422Z_white-rice-flour,white-rice-flour,E,0.0,tap,1,1,,0.0063,0.0063,0.0,,273004,,,,,
20260804T211422Z_white-rice-flour,white-rice-flour,E,0.0,refeed,2,360.0,30.0,0.0063,0.0091,0.0028,,279410,,,,,
20260804T211422Z_white-rice-flour,white-rice-flour,E,0.0,tap,2,1,,0.0091,0.009,-0.0001,,281799,,,,,
20260804T211422Z_white-rice-flour,white-rice-flour,E,0.0,refeed,3,360.0,30.0,0.009,0.0118,0.0028,,288205,,,,,
20260804T211422Z_white-rice-flour,white-rice-flour,E,0.0,tap,3,1,,0.0117,0.0118,0.0001,,290590,,,,,
20260804T211422Z_white-rice-flour,white-rice-flour,E,0.0,refeed,4,360.0,30.0,0.0118,0.0142,0.0024,,296999,,,,,
20260804T211422Z_white-rice-flour,white-rice-flour,E,0.0,tap,4,1,,0.0142,0.0147,0.0005,,299396,,,,,
20260804T211422Z_white-rice-flour,white-rice-flour,E,0.0,refeed,5,360.0,30.0,0.0147,0.0168,0.0021,,305803,,,,,
20260804T211422Z_white-rice-flour,white-rice-flour,E,0.0,tap,5,1,,0.0168,0.0168,0.0,,308185,,,,,
20260804T211422Z_white-rice-flour,white-rice-flour,E,0.0,refeed,6,360.0,30.0,0.0168,0.0196,0.0028,,314593,,,,,
20260804T211422Z_white-rice-flour,white-rice-flour,E,0.0,tap,6,1,,0.0196,0.0197,0.0001,,316990,,,,,
20260804T211422Z_white-rice-flour,white-rice-flour,E,0.0,refeed,7,360.0,30.0,0.0197,0.0226,0.0029,,323397,,,,,
20260804T211422Z_white-rice-flour,white-rice-flour,E,0.0,tap,7,1,,0.0226,0.0227,0.0001,,325794,,,,,
20260804T211422Z_white-rice-flour,white-rice-flour,E,45.0,refeed,0,360.0,30.0,0.0,0.008,0.008,,337454,,,,,
20260804T211422Z_white-rice-flour,white-rice-flour,E,45.0,tap,0,1,,0.008,0.008,0.0,,339851,,,,,
20260804T211422Z_white-rice-flour,white-rice-flour,E,45.0,refeed,1,360.0,30.0,0.008,0.0184,0.0104,,346255,,,,,
20260804T211422Z_white-rice-flour,white-rice-flour,E,45.0,tap,1,1,,0.0184,0.0185,0.0001,,348638,,,,,
20260804T211422Z_white-rice-flour,white-rice-flour,E,45.0,refeed,2,360.0,30.0,0.0185,0.0257,0.0072,,355046,,,,,
20260804T211422Z_white-rice-flour,white-rice-flour,E,45.0,tap,2,1,,0.0257,0.0258,0.0001,,357443,,,,,
20260804T211422Z_white-rice-flour,white-rice-flour,E,45.0,refeed,3,360.0,30.0,0.0258,0.0374,0.0116,,363851,,,,,
20260804T211422Z_white-rice-flour,white-rice-flour,E,45.0,tap,3,1,,0.0374,0.0374,0.0,,366240,,,,,
20260804T211422Z_white-rice-flour,white-rice-flour,E,45.0,refeed,4,360.0,30.0,0.0374,0.0486,0.0112,,372645,,,,,
20260804T211422Z_white-rice-flour,white-rice-flour,E,45.0,tap,4,1,,0.0486,0.0486,0.0,,375042,,,,,
20260804T211422Z_white-rice-flour,white-rice-flour,E,45.0,refeed,5,360.0,30.0,0.0486,0.0582,0.0096,,381448,,,,,
20260804T211422Z_white-rice-flour,white-rice-flour,E,45.0,tap,5,1,,0.0582,0.0583,0.0001,,383830,,,,,
20260804T211422Z_white-rice-flour,white-rice-flour,E,45.0,refeed,6,360.0,30.0,0.0583,0.0689,0.0106,,390237,,,,,
20260804T211422Z_white-rice-flour,white-rice-flour,E,45.0,tap,6,1,,0.0689,0.0695,0.0006,,393203,,,,,
20260804T211422Z_white-rice-flour,white-rice-flour,E,45.0,refeed,7,360.0,30.0,0.0695,0.077,0.0075,,399611,,,,,
20260804T211422Z_white-rice-flour,white-rice-flour,E,45.0,tap,7,1,,0.077,0.077,0.0,,402008,,,,,
20260804T224937Z_brown-rice-flour,brown-rice-flour,A,45.0,baseline,0,,,0.0,0.0,0.0,,7465,,,,,
20260804T224937Z_brown-rice-flour,brown-rice-flour,A,45.0,baseline,1,,,0.0,0.0,0.0,,9561,,,,,
20260804T224937Z_brown-rice-flour,brown-rice-flour,A,45.0,baseline,2,,,0.0,0.0,0.0,,11676,,,,,
20260804T224937Z_brown-rice-flour,brown-rice-flour,A,45.0,baseline,3,,,0.0,0.0,0.0,,13770,,,,,
20260804T224937Z_brown-rice-flour,brown-rice-flour,A,45.0,baseline,4,,,0.0,0.0,0.0,,15885,,,,,
20260804T224937Z_brown-rice-flour,brown-rice-flour,A,45.0,baseline,5,,,0.0,0.0,0.0,,17979,,,,,
20260804T224937Z_brown-rice-flour,brown-rice-flour,A,45.0,baseline,6,,,0.0,0.0,0.0,,20080,,,,,
20260804T224937Z_brown-rice-flour,brown-rice-flour,A,45.0,baseline,7,,,0.0,0.0,0.0,,22195,,,,,
20260804T224937Z_brown-rice-flour,brown-rice-flour,B,0.0,hold,0,15,,0.0,0.0,0.0,,42650,,,,,
20260804T224937Z_brown-rice-flour,brown-rice-flour,B,45.0,hold,0,15,,0.0,0.0,0.0,,63116,,,,,
20260804T224937Z_brown-rice-flour,brown-rice-flour,B,90.0,hold,0,15,,0.0,0.0,0.0,,83582,,,,,
20260804T224937Z_brown-rice-flour,brown-rice-flour,C,0.0,rotation,0,360.0,30.0,0.0,0.0,0.0,lowflow,96015,,,,,
20260804T224937Z_brown-rice-flour,brown-rice-flour,C,0.0,rotation,1,360.0,30.0,0.0,0.0,0.0,lowflow,102420,,,,,
20260804T224937Z_brown-rice-flour,brown-rice-flour,C,0.0,rotation,2,360.0,30.0,0.0,0.0,0.0,lowflow,108827,,,,,
20260804T224937Z_brown-rice-flour,brown-rice-flour,C,0.0,rotation,3,360.0,30.0,0.0,0.0,0.0,lowflow,115233,,,,,
20260804T224937Z_brown-rice-flour,brown-rice-flour,C,0.0,rotation,4,360.0,30.0,0.0,0.0,0.0,,121641,,,,,
20260804T224937Z_brown-rice-flour,brown-rice-flour,C,0.0,rotation,5,360.0,30.0,0.0,0.0,0.0,,128048,,,,,
20260804T224937Z_brown-rice-flour,brown-rice-flour,C,45.0,rotation,0,360.0,30.0,0.0,0.0,0.0,lowflow,139722,,,,,
20260804T224937Z_brown-rice-flour,brown-rice-flour,C,45.0,rotation,1,360.0,30.0,0.0,0.0,0.0,lowflow,146126,,,,,
20260804T224937Z_brown-rice-flour,brown-rice-flour,C,45.0,rotation,2,360.0,30.0,0.0,0.0,0.0,lowflow,152530,,,,,
20260804T224937Z_brown-rice-flour,brown-rice-flour,C,45.0,rotation,3,360.0,30.0,0.0,0.0,0.0,lowflow,158936,,,,,
20260804T224937Z_brown-rice-flour,brown-rice-flour,C,45.0,rotation,4,360.0,30.0,0.0,0.0,0.0,,165344,,,,,
20260804T224937Z_brown-rice-flour,brown-rice-flour,C,45.0,rotation,5,360.0,30.0,0.0,0.0,0.0,,171752,,,,,
20260804T224937Z_brown-rice-flour,brown-rice-flour,C,90.0,rotation,0,360.0,30.0,0.0,0.0,0.0,lowflow,183424,,,,,
20260804T224937Z_brown-rice-flour,brown-rice-flour,C,90.0,rotation,1,360.0,30.0,0.0,0.0,0.0,lowflow,189828,,,,,
20260804T224937Z_brown-rice-flour,brown-rice-flour,C,90.0,rotation,2,360.0,30.0,0.0,0.0,0.0,lowflow,196234,,,,,
20260804T224937Z_brown-rice-flour,brown-rice-flour,C,90.0,rotation,3,360.0,30.0,0.0,0.0,0.0,lowflow,202640,,,,,
20260804T224937Z_brown-rice-flour,brown-rice-flour,C,90.0,rotation,4,360.0,30.0,0.0,0.0,0.0,,209048,,,,,
20260804T224937Z_brown-rice-flour,brown-rice-flour,C,90.0,rotation,5,360.0,30.0,0.0,0.0,0.0,,215455,,,,,
20260804T224937Z_brown-rice-flour,brown-rice-flour,D,45.0,speed,0,3.0,15.0,0.0,0.0,0.0,,236695,,,,,
20260804T224937Z_brown-rice-flour,brown-rice-flour,D,45.0,speed,1,3.0,45.0,0.0,0.0,0.0,,243677,,,,,
20260804T224937Z_brown-rice-flour,brown-rice-flour,D,45.0,speed,2,3.0,90.0,0.0,0.0012,0.0012,,248544,,,,,
20260804T224937Z_brown-rice-flour,brown-rice-flour,E,0.0,refeed,0,360.0,30.0,0.0,0.0,0.0,lowflow,260215,,,,,
20260804T224937Z_brown-rice-flour,brown-rice-flour,E,0.0,tap,0,1,,0.0,0.0,0.0,,262611,,,,,
20260804T224937Z_brown-rice-flour,brown-rice-flour,E,0.0,refeed,1,360.0,30.0,0.0,0.0,0.0,lowflow,269015,,,,,
20260804T224937Z_brown-rice-flour,brown-rice-flour,E,0.0,tap,1,1,,0.0,0.0,0.0,,271411,,,,,
20260804T224937Z_brown-rice-flour,brown-rice-flour,E,0.0,refeed,2,360.0,30.0,0.0,0.0,0.0,lowflow,277814,,,,,
20260804T224937Z_brown-rice-flour,brown-rice-flour,E,0.0,tap,2,1,,0.0,0.0,0.0,,280197,,,,,
20260804T224937Z_brown-rice-flour,brown-rice-flour,E,0.0,refeed,3,360.0,30.0,0.0,0.0,0.0,lowflow,286605,,,,,
20260804T224937Z_brown-rice-flour,brown-rice-flour,E,0.0,tap,3,1,,0.0,0.0,0.0,,289004,,,,,
20260804T224937Z_brown-rice-flour,brown-rice-flour,E,0.0,refeed,4,360.0,30.0,0.0,0.0,0.0,,295407,,,,,
20260804T224937Z_brown-rice-flour,brown-rice-flour,E,0.0,tap,4,1,,0.0,0.0,0.0,,297804,,,,,
20260804T224937Z_brown-rice-flour,brown-rice-flour,E,0.0,refeed,5,360.0,30.0,0.0,0.0,0.0,,304208,,,,,
20260804T224937Z_brown-rice-flour,brown-rice-flour,E,0.0,tap,5,1,,0.0,0.0,0.0,,306604,,,,,
20260804T224937Z_brown-rice-flour,brown-rice-flour,E,0.0,refeed,6,360.0,30.0,0.0,0.0,0.0,,313007,,,,,
20260804T224937Z_brown-rice-flour,brown-rice-flour,E,0.0,tap,6,1,,0.0,0.0,0.0,,315390,,,,,
20260804T224937Z_brown-rice-flour,brown-rice-flour,E,0.0,refeed,7,360.0,30.0,0.0,0.0,0.0,,321796,,,,,
20260804T224937Z_brown-rice-flour,brown-rice-flour,E,0.0,tap,7,1,,0.0,0.0,0.0,,324193,,,,,
20260804T224937Z_brown-rice-flour,brown-rice-flour,E,45.0,refeed,0,360.0,30.0,0.0,0.0,0.0,lowflow,335855,,,,,
20260804T224937Z_brown-rice-flour,brown-rice-flour,E,45.0,tap,0,1,,0.0,0.0,0.0,,338252,,,,,
20260804T224937Z_brown-rice-flour,brown-rice-flour,E,45.0,refeed,1,360.0,30.0,0.0,0.0019,0.0019,,344656,,,,,
20260804T224937Z_brown-rice-flour,brown-rice-flour,E,45.0,tap,1,1,,0.0019,0.002,0.0001,,347053,,,,,
20260804T224937Z_brown-rice-flour,brown-rice-flour,E,45.0,refeed,2,360.0,30.0,0.002,0.0021,0.0001,lowflow,353460,,,,,
20260804T224937Z_brown-rice-flour,brown-rice-flour,E,45.0,tap,2,1,,0.0021,0.002,-0.0001,,355842,,,,,
20260804T224937Z_brown-rice-flour,brown-rice-flour,E,45.0,refeed,3,360.0,30.0,0.002,0.0023,0.0003,lowflow,362251,,,,,
20260804T224937Z_brown-rice-flour,brown-rice-flour,E,45.0,tap,3,1,,0.0023,0.0022,-0.0001,,364648,,,,,
20260804T224937Z_brown-rice-flour,brown-rice-flour,E,45.0,refeed,4,360.0,30.0,0.0022,0.0022,0.0,lowflow,371053,,,,,
20260804T224937Z_brown-rice-flour,brown-rice-flour,E,45.0,tap,4,1,,0.0023,0.0023,0.0,,373451,,,,,
20260804T224937Z_brown-rice-flour,brown-rice-flour,E,45.0,refeed,5,360.0,30.0,0.0023,0.0023,0.0,lowflow,379845,,,,,
20260804T224937Z_brown-rice-flour,brown-rice-flour,E,45.0,tap,5,1,,0.0023,0.0023,0.0,,382246,,,,,
20260804T224937Z_brown-rice-flour,brown-rice-flour,E,45.0,refeed,6,360.0,30.0,0.0023,0.0023,0.0,,388650,,,,,
20260804T224937Z_brown-rice-flour,brown-rice-flour,E,45.0,tap,6,1,,0.0023,0.0024,0.0001,,391048,,,,,
20260804T224937Z_brown-rice-flour,brown-rice-flour,E,45.0,refeed,7,360.0,30.0,0.0024,0.003,0.0006,,397455,,,,,
20260804T224937Z_brown-rice-flour,brown-rice-flour,E,45.0,tap,7,1,,0.003,0.003,0.0,,399838,,,,,
20260805T145725Z_sodium-alginate,sodium-alginate,A,45.0,baseline,0,,,0.0,0.0,0.0,,7465,,,,,
20260805T145725Z_sodium-alginate,sodium-alginate,A,45.0,baseline,1,,,0.0,0.0,0.0,,9559,,,,,
20260805T145725Z_sodium-alginate,sodium-alginate,A,45.0,baseline,2,,,0.0,0.0,0.0,,11662,,,,,
20260805T145725Z_sodium-alginate,sodium-alginate,A,45.0,baseline,3,,,0.0,0.0,0.0,,13777,,,,,
20260805T145725Z_sodium-alginate,sodium-alginate,A,45.0,baseline,4,,,0.0,0.0,0.0,,15871,,,,,
20260805T145725Z_sodium-alginate,sodium-alginate,A,45.0,baseline,5,,,0.0,0.0,0.0,,17974,,,,,
20260805T145725Z_sodium-alginate,sodium-alginate,A,45.0,baseline,6,,,0.0,0.0,0.0,,20089,,,,,
20260805T145725Z_sodium-alginate,sodium-alginate,A,45.0,baseline,7,,,0.0,0.0,0.0,,22183,,,,,
20260805T145725Z_sodium-alginate,sodium-alginate,B,0.0,hold,0,15,,0.0,0.0,0.0,,42657,,,,,
20260805T145725Z_sodium-alginate,sodium-alginate,B,45.0,hold,0,15,,0.0,0.0,0.0,,63121,,,,,
20260805T145725Z_sodium-alginate,sodium-alginate,B,90.0,hold,0,15,,0.0,0.0,0.0,,83584,,,,,
20260805T145725Z_sodium-alginate,sodium-alginate,C,0.0,rotation,0,360.0,30.0,0.0,0.0,0.0,lowflow,96008,,,,,
20260805T145725Z_sodium-alginate,sodium-alginate,C,0.0,rotation,1,360.0,30.0,0.0,0.001,0.001,,102416,,,,,
20260805T145725Z_sodium-alginate,sodium-alginate,C,0.0,rotation,2,360.0,30.0,0.001,0.002,0.001,,108825,,,,,
20260805T145725Z_sodium-alginate,sodium-alginate,C,0.0,rotation,3,360.0,30.0,0.002,0.0028,0.0008,,115232,,,,,
20260805T145725Z_sodium-alginate,sodium-alginate,C,0.0,rotation,4,360.0,30.0,0.0028,0.003,0.0002,lowflow,121640,,,,,
20260805T145725Z_sodium-alginate,sodium-alginate,C,0.0,rotation,5,360.0,30.0,0.003,0.0045,0.0015,,128046,,,,,
20260805T145725Z_sodium-alginate,sodium-alginate,C,45.0,rotation,0,360.0,30.0,0.0,0.0094,0.0094,,139721,,,,,
20260805T145725Z_sodium-alginate,sodium-alginate,C,45.0,rotation,1,360.0,30.0,0.0094,0.0204,0.011,,146127,,,,,
20260805T145725Z_sodium-alginate,sodium-alginate,C,45.0,rotation,2,360.0,30.0,0.0204,0.03,0.0096,,152533,,,,,
20260805T145725Z_sodium-alginate,sodium-alginate,C,45.0,rotation,3,360.0,30.0,0.03,0.0396,0.0096,,158939,,,,,
20260805T145725Z_sodium-alginate,sodium-alginate,C,45.0,rotation,4,360.0,30.0,0.0396,0.0484,0.0088,,165345,,,,,
20260805T145725Z_sodium-alginate,sodium-alginate,C,45.0,rotation,5,360.0,30.0,0.0484,0.0575,0.0091,,171753,,,,,
20260805T145725Z_sodium-alginate,sodium-alginate,C,90.0,rotation,0,360.0,30.0,0.0,0.0115,0.0115,,183419,,,,,
20260805T145725Z_sodium-alginate,sodium-alginate,C,90.0,rotation,1,360.0,30.0,0.0115,0.0227,0.0112,,189827,,,,,
20260805T145725Z_sodium-alginate,sodium-alginate,C,90.0,rotation,2,360.0,30.0,0.0227,0.0312,0.0085,,196234,,,,,
20260805T145725Z_sodium-alginate,sodium-alginate,C,90.0,rotation,3,360.0,30.0,0.0312,0.0406,0.0094,,202641,,,,,
20260805T145725Z_sodium-alginate,sodium-alginate,C,90.0,rotation,4,360.0,30.0,0.0406,0.0501,0.0095,,209050,,,,,
20260805T145725Z_sodium-alginate,sodium-alginate,C,90.0,rotation,5,360.0,30.0,0.0501,0.0652,0.0151,,215456,,,,,
20260805T145725Z_sodium-alginate,sodium-alginate,D,45.0,speed,0,3.0,15.0,0.0,0.0332,0.0332,,237644,,,,,
20260805T145725Z_sodium-alginate,sodium-alginate,D,45.0,speed,1,3.0,45.0,0.0333,0.0681,0.0348,,244427,,,,,
20260805T145725Z_sodium-alginate,sodium-alginate,D,45.0,speed,2,3.0,90.0,0.068,0.1069,0.0389,,248933,,,,,
20260805T145725Z_sodium-alginate,sodium-alginate,E,0.0,refeed,0,360.0,30.0,0.0,0.0,0.0,lowflow,260588,,,,,
20260805T145725Z_sodium-alginate,sodium-alginate,E,0.0,tap,0,1,,0.0,0.0,0.0,,262985,,,,,
20260805T145725Z_sodium-alginate,sodium-alginate,E,0.0,refeed,1,360.0,30.0,0.0,0.0017,0.0017,,269390,,,,,
20260805T145725Z_sodium-alginate,sodium-alginate,E,0.0,tap,1,1,,0.0017,0.0017,0.0,,271787,,,,,
20260805T145725Z_sodium-alginate,sodium-alginate,E,0.0,refeed,2,360.0,30.0,0.0017,0.0033,0.0016,,278194,,,,,
20260805T145725Z_sodium-alginate,sodium-alginate,E,0.0,tap,2,1,,0.0033,0.0033,0.0,,280576,,,,,
20260805T145725Z_sodium-alginate,sodium-alginate,E,0.0,refeed,3,360.0,30.0,0.0033,0.0047,0.0014,,286995,,,,,
20260805T145725Z_sodium-alginate,sodium-alginate,E,0.0,tap,3,1,,0.0047,0.0047,0.0,,289380,,,,,
20260805T145725Z_sodium-alginate,sodium-alginate,E,0.0,refeed,4,360.0,30.0,0.0047,0.0067,0.002,,295786,,,,,
20260805T145725Z_sodium-alginate,sodium-alginate,E,0.0,tap,4,1,,0.0067,0.0067,0.0,,298183,,,,,
20260805T145725Z_sodium-alginate,sodium-alginate,E,0.0,refeed,5,360.0,30.0,0.0067,0.008,0.0013,,304590,,,,,
20260805T145725Z_sodium-alginate,sodium-alginate,E,0.0,tap,5,1,,0.008,0.008,0.0,,306971,,,,,
20260805T145725Z_sodium-alginate,sodium-alginate,E,0.0,refeed,6,360.0,30.0,0.008,0.0105,0.0025,,313377,,,,,
20260805T145725Z_sodium-alginate,sodium-alginate,E,0.0,tap,6,1,,0.0105,0.0105,0.0,,315774,,,,,
20260805T145725Z_sodium-alginate,sodium-alginate,E,0.0,refeed,7,360.0,30.0,0.0105,0.0119,0.0014,,322180,,,,,
20260805T145725Z_sodium-alginate,sodium-alginate,E,0.0,tap,7,1,,0.0119,0.0119,0.0,,324577,,,,,
20260805T145725Z_sodium-alginate,sodium-alginate,E,45.0,refeed,0,360.0,30.0,0.0,0.0118,0.0118,,336234,,,,,
20260805T145725Z_sodium-alginate,sodium-alginate,E,45.0,tap,0,1,,0.0118,0.0119,0.0001,,338631,,,,,
20260805T145725Z_sodium-alginate,sodium-alginate,E,45.0,refeed,1,360.0,30.0,0.0119,0.0224,0.0105,,345039,,,,,
20260805T145725Z_sodium-alginate,sodium-alginate,E,45.0,tap,1,1,,0.0224,0.0224,0.0,,347422,,,,,
20260805T145725Z_sodium-alginate,sodium-alginate,E,45.0,refeed,2,360.0,30.0,0.0224,0.0322,0.0098,,353830,,,,,
20260805T145725Z_sodium-alginate,sodium-alginate,E,45.0,tap,2,1,,0.0322,0.0322,0.0,,356227,,,,,
20260805T145725Z_sodium-alginate,sodium-alginate,E,45.0,refeed,3,360.0,30.0,0.0323,0.0432,0.0109,,362633,,,,,
20260805T145725Z_sodium-alginate,sodium-alginate,E,45.0,tap,3,1,,0.0432,0.0433,0.0001,,365029,,,,,
20260805T145725Z_sodium-alginate,sodium-alginate,E,45.0,refeed,4,360.0,30.0,0.0433,0.053,0.0097,,371428,,,,,
20260805T145725Z_sodium-alginate,sodium-alginate,E,45.0,tap,4,1,,0.053,0.0537,0.0007,,374395,,,,,
20260805T145725Z_sodium-alginate,sodium-alginate,E,45.0,refeed,5,360.0,30.0,0.0537,0.0636,0.0099,,380802,,,,,
20260805T145725Z_sodium-alginate,sodium-alginate,E,45.0,tap,5,1,,0.0636,0.0637,0.0001,,383198,,,,,
20260805T145725Z_sodium-alginate,sodium-alginate,E,45.0,refeed,6,360.0,30.0,0.0637,0.0745,0.0108,,389604,,,,,
20260805T145725Z_sodium-alginate,sodium-alginate,E,45.0,tap,6,1,,0.0745,0.0746,0.0001,,391986,,,,,
20260805T145725Z_sodium-alginate,sodium-alginate,E,45.0,refeed,7,360.0,30.0,0.0746,0.084,0.0094,,398394,,,,,
20260805T145725Z_sodium-alginate,sodium-alginate,E,45.0,tap,7,1,,0.084,0.0848,0.0008,,401360,,,,,
20260805T185305Z_brown-rice-flour,brown-rice-flour,A,45.0,baseline,0,,,0.0,0.0,0.0,,7493,,,,,
20260805T185305Z_brown-rice-flour,brown-rice-flour,A,45.0,baseline,1,,,0.0,0.0,0.0,,9608,,,,,
20260805T185305Z_brown-rice-flour,brown-rice-flour,A,45.0,baseline,2,,,0.0,0.0,0.0,,11702,,,,,
20260805T185305Z_brown-rice-flour,brown-rice-flour,A,45.0,baseline,3,,,0.0,0.0,0.0,,13817,,,,,
20260805T185305Z_brown-rice-flour,brown-rice-flour,A,45.0,baseline,4,,,0.0,0.0,0.0,,15911,,,,,
20260805T185305Z_brown-rice-flour,brown-rice-flour,A,45.0,baseline,5,,,0.0,0.0,0.0,,18012,,,,,
20260805T185305Z_brown-rice-flour,brown-rice-flour,A,45.0,baseline,6,,,0.0,0.0,0.0,,20127,,,,,
20260805T185305Z_brown-rice-flour,brown-rice-flour,A,45.0,baseline,7,,,0.0,0.0,0.0,,22221,,,,,
20260805T185305Z_brown-rice-flour,brown-rice-flour,B,0.0,hold,0,15,,0.0,0.0,0.0,,42693,,,,,
20260805T185305Z_brown-rice-flour,brown-rice-flour,B,45.0,hold,0,15,,0.0,0.0,0.0,,63174,,,,,
20260805T185305Z_brown-rice-flour,brown-rice-flour,B,90.0,hold,0,15,,0.0,0.0,0.0,,83619,,,,,
20260805T185305Z_brown-rice-flour,brown-rice-flour,C,0.0,rotation,0,360.0,30.0,0.0,0.0,0.0,lowflow,96048,,,,,
20260805T185305Z_brown-rice-flour,brown-rice-flour,C,0.0,rotation,1,360.0,30.0,0.0,0.0005,0.0005,,102456,,,,,
20260805T185305Z_brown-rice-flour,brown-rice-flour,C,0.0,rotation,2,360.0,30.0,0.0005,0.0005,0.0,lowflow,108864,,,,,
20260805T185305Z_brown-rice-flour,brown-rice-flour,C,0.0,rotation,3,360.0,30.0,0.0005,0.0005,0.0,lowflow,115271,,,,,
20260805T185305Z_brown-rice-flour,brown-rice-flour,C,0.0,rotation,4,360.0,30.0,0.0005,0.0018,0.0013,,121679,,,,,
20260805T185305Z_brown-rice-flour,brown-rice-flour,C,0.0,rotation,5,360.0,30.0,0.0018,0.0018,0.0,lowflow,128084,,,,,
20260805T185305Z_brown-rice-flour,brown-rice-flour,C,45.0,rotation,0,360.0,30.0,0.0,0.0,0.0,lowflow,139758,,,,,
20260805T185305Z_brown-rice-flour,brown-rice-flour,C,45.0,rotation,1,360.0,30.0,0.0,0.0014,0.0014,,146164,,,,,
20260805T185305Z_brown-rice-flour,brown-rice-flour,C,45.0,rotation,2,360.0,30.0,0.0014,0.0015,0.0001,lowflow,152567,,,,,
20260805T185305Z_brown-rice-flour,brown-rice-flour,C,45.0,rotation,3,360.0,30.0,0.0015,0.0015,0.0,lowflow,158974,,,,,
20260805T185305Z_brown-rice-flour,brown-rice-flour,C,45.0,rotation,4,360.0,30.0,0.0015,0.0015,0.0,lowflow,165380,,,,,
20260805T185305Z_brown-rice-flour,brown-rice-flour,C,45.0,rotation,5,360.0,30.0,0.0015,0.0015,0.0,lowflow,171788,,,,,
20260805T185305Z_brown-rice-flour,brown-rice-flour,C,90.0,rotation,0,360.0,30.0,0.0,0.0,0.0,lowflow,183454,,,,,
20260805T185305Z_brown-rice-flour,brown-rice-flour,C,90.0,rotation,1,360.0,30.0,0.0,0.0,0.0,lowflow,189862,,,,,
20260805T185305Z_brown-rice-flour,brown-rice-flour,C,90.0,rotation,2,360.0,30.0,0.0,0.0,0.0,lowflow,196269,,,,,
20260805T185305Z_brown-rice-flour,brown-rice-flour,C,90.0,rotation,3,360.0,30.0,0.0,0.0,0.0,lowflow,202677,,,,,
20260805T185305Z_brown-rice-flour,brown-rice-flour,C,90.0,rotation,4,360.0,30.0,0.0,0.0,0.0,,209086,,,,,
20260805T185305Z_brown-rice-flour,brown-rice-flour,C,90.0,rotation,5,360.0,30.0,0.0,0.0012,0.0012,,215491,,,,,
20260805T185305Z_brown-rice-flour,brown-rice-flour,D,45.0,speed,0,3.0,15.0,0.0,0.0,0.0,,236921,,,,,
20260805T185305Z_brown-rice-flour,brown-rice-flour,D,45.0,speed,1,3.0,45.0,0.0,0.0,0.0,,243904,,,,,
20260805T185305Z_brown-rice-flour,brown-rice-flour,D,45.0,speed,2,3.0,90.0,0.0,0.0026,0.0026,,248970,,,,,
20260805T185305Z_brown-rice-flour,brown-rice-flour,E,0.0,refeed,0,360.0,30.0,0.0,0.0001,0.0001,lowflow,260639,,,,,
20260805T185305Z_brown-rice-flour,brown-rice-flour,E,0.0,tap,0,1,,0.0001,0.0,-0.0001,,263020,,,,,
20260805T185305Z_brown-rice-flour,brown-rice-flour,E,0.0,refeed,1,360.0,30.0,0.0,0.0009,0.0009,,269426,,,,,
20260805T185305Z_brown-rice-flour,brown-rice-flour,E,0.0,tap,1,1,,0.0009,0.001,0.0001,,271823,,,,,
20260805T185305Z_brown-rice-flour,brown-rice-flour,E,0.0,refeed,2,360.0,30.0,0.001,0.0021,0.0011,,278228,,,,,
20260805T185305Z_brown-rice-flour,brown-rice-flour,E,0.0,tap,2,1,,0.0021,0.0021,0.0,,280625,,,,,
20260805T185305Z_brown-rice-flour,brown-rice-flour,E,0.0,refeed,3,360.0,30.0,0.0021,0.003,0.0009,,287031,,,,,
20260805T185305Z_brown-rice-flour,brown-rice-flour,E,0.0,tap,3,1,,0.003,0.0031,0.0001,,289413,,,,,
20260805T185305Z_brown-rice-flour,brown-rice-flour,E,0.0,refeed,4,360.0,30.0,0.0031,0.0034,0.0003,lowflow,295823,,,,,
20260805T185305Z_brown-rice-flour,brown-rice-flour,E,0.0,tap,4,1,,0.0034,0.0035,0.0001,,298220,,,,,
20260805T185305Z_brown-rice-flour,brown-rice-flour,E,0.0,refeed,5,360.0,30.0,0.0035,0.0037,0.0002,lowflow,304626,,,,,
20260805T185305Z_brown-rice-flour,brown-rice-flour,E,0.0,tap,5,1,,0.0038,0.0039,0.0001,,307009,,,,,
20260805T185305Z_brown-rice-flour,brown-rice-flour,E,0.0,refeed,6,360.0,30.0,0.0039,0.004,0.0001,lowflow,313418,,,,,
20260805T185305Z_brown-rice-flour,brown-rice-flour,E,0.0,tap,6,1,,0.004,0.0041,0.0001,,315815,,,,,
20260805T185305Z_brown-rice-flour,brown-rice-flour,E,0.0,refeed,7,360.0,30.0,0.0041,0.005,0.0009,,322221,,,,,
20260805T185305Z_brown-rice-flour,brown-rice-flour,E,0.0,tap,7,1,,0.005,0.005,0.0,,324605,,,,,
20260805T185305Z_brown-rice-flour,brown-rice-flour,E,45.0,refeed,0,360.0,30.0,0.0,0.002,0.002,,336271,,,,,
20260805T185305Z_brown-rice-flour,brown-rice-flour,E,45.0,tap,0,1,,0.002,0.002,0.0,,338668,,,,,
20260805T185305Z_brown-rice-flour,brown-rice-flour,E,45.0,refeed,1,360.0,30.0,0.002,0.0044,0.0024,,345070,,,,,
20260805T185305Z_brown-rice-flour,brown-rice-flour,E,45.0,tap,1,1,,0.0044,0.0054,0.001,,348226,,,,,
20260805T185305Z_brown-rice-flour,brown-rice-flour,E,45.0,refeed,2,360.0,30.0,0.0054,0.0056,0.0002,lowflow,354636,,,,,
20260805T185305Z_brown-rice-flour,brown-rice-flour,E,45.0,tap,2,1,,0.0056,0.0057,0.0001,,357033,,,,,
20260805T185305Z_brown-rice-flour,brown-rice-flour,E,45.0,refeed,3,360.0,30.0,0.0058,0.0083,0.0025,,363439,,,,,
20260805T185305Z_brown-rice-flour,brown-rice-flour,E,45.0,tap,3,1,,0.0083,0.0083,0.0,,365822,,,,,
20260805T185305Z_brown-rice-flour,brown-rice-flour,E,45.0,refeed,4,360.0,30.0,0.0083,0.0089,0.0006,,372231,,,,,
20260805T185305Z_brown-rice-flour,brown-rice-flour,E,45.0,tap,4,1,,0.0089,0.0089,0.0,,374628,,,,,
20260805T185305Z_brown-rice-flour,brown-rice-flour,E,45.0,refeed,5,360.0,30.0,0.0089,0.0091,0.0002,lowflow,381034,,,,,
20260805T185305Z_brown-rice-flour,brown-rice-flour,E,45.0,tap,5,1,,0.0091,0.0093,0.0002,,383419,,,,,
20260805T185305Z_brown-rice-flour,brown-rice-flour,E,45.0,refeed,6,360.0,30.0,0.0093,0.01,0.0007,,389826,,,,,
20260805T185305Z_brown-rice-flour,brown-rice-flour,E,45.0,tap,6,1,,0.01,0.01,0.0,,392223,,,,,
20260805T185305Z_brown-rice-flour,brown-rice-flour,E,45.0,refeed,7,360.0,30.0,0.01,0.011,0.001,,398629,,,,,
20260805T185305Z_brown-rice-flour,brown-rice-flour,E,45.0,tap,7,1,,0.011,0.011,0.0,,401025,,,,,
20260805T200002Z_calcium-lactate,calcium-lactate,A,45.0,baseline,0,,,0.0,0.0,0.0,,7474,,,,,
20260805T200002Z_calcium-lactate,calcium-lactate,A,45.0,baseline,1,,,0.0,0.0,0.0,,9572,,,,,
20260805T200002Z_calcium-lactate,calcium-lactate,A,45.0,baseline,2,,,0.0,0.0,0.0,,11675,,,,,
20260805T200002Z_calcium-lactate,calcium-lactate,A,45.0,baseline,3,,,0.0,0.0,0.0,,13790,,,,,
20260805T200002Z_calcium-lactate,calcium-lactate,A,45.0,baseline,4,,,0.0,0.0,0.0,,15884,,,,,
20260805T200002Z_calcium-lactate,calcium-lactate,A,45.0,baseline,5,,,0.0,0.0,0.0,,17987,,,,,
20260805T200002Z_calcium-lactate,calcium-lactate,A,45.0,baseline,6,,,0.0,0.0,0.0,,20102,,,,,
20260805T200002Z_calcium-lactate,calcium-lactate,A,45.0,baseline,7,,,0.0,0.0,0.0,,22196,,,,,
20260805T200002Z_calcium-lactate,calcium-lactate,B,0.0,hold,0,15,,0.0,0.0,0.0,,42669,,,,,
20260805T200002Z_calcium-lactate,calcium-lactate,B,45.0,hold,0,15,,0.0,0.0,0.0,,63133,,,,,
20260805T200002Z_calcium-lactate,calcium-lactate,B,90.0,hold,0,15,,0.0,0.0,0.0,,83598,,,,,
20260805T200002Z_calcium-lactate,calcium-lactate,C,0.0,rotation,0,360.0,30.0,0.0,0.0259,0.0259,,96021,,,,,
20260805T200002Z_calcium-lactate,calcium-lactate,C,0.0,rotation,1,360.0,30.0,0.0259,0.0709,0.045,,102429,,,,,
20260805T200002Z_calcium-lactate,calcium-lactate,C,0.0,rotation,2,360.0,30.0,0.0709,0.124,0.0531,,108837,,,,,
20260805T200002Z_calcium-lactate,calcium-lactate,C,0.0,rotation,3,360.0,30.0,0.124,0.1775,0.0535,,115245,,,,,
20260805T200002Z_calcium-lactate,calcium-lactate,C,0.0,rotation,4,360.0,30.0,0.1775,0.2319,0.0544,,121653,,,,,
20260805T200002Z_calcium-lactate,calcium-lactate,C,0.0,rotation,5,360.0,30.0,0.2319,0.2839,0.052,,128058,,,,,
20260805T200002Z_calcium-lactate,calcium-lactate,C,45.0,rotation,0,360.0,30.0,0.0,0.1962,0.1962,,139734,,,,,
20260805T200002Z_calcium-lactate,calcium-lactate,C,45.0,rotation,1,360.0,30.0,0.1962,0.3992,0.203,,146140,,,,,
20260805T200002Z_calcium-lactate,calcium-lactate,C,45.0,rotation,2,360.0,30.0,0.3992,0.6033,0.2041,,152547,,,,,
20260805T200002Z_calcium-lactate,calcium-lactate,C,45.0,rotation,3,360.0,30.0,0.6033,0.7962,0.1929,,158953,,,,,
20260805T200002Z_calcium-lactate,calcium-lactate,C,45.0,rotation,4,360.0,30.0,0.7962,0.9945,0.1983,,165357,,,,,
20260805T200002Z_calcium-lactate,calcium-lactate,C,45.0,rotation,5,360.0,30.0,0.9945,1.1897,0.1952,,171763,,,,,
20260805T200002Z_calcium-lactate,calcium-lactate,C,90.0,rotation,0,360.0,30.0,0.0,0.2436,0.2436,,183620,,,,,
20260805T200002Z_calcium-lactate,calcium-lactate,C,90.0,rotation,1,360.0,30.0,0.2436,0.4708,0.2272,,191174,,,,,
20260805T200002Z_calcium-lactate,calcium-lactate,C,90.0,rotation,2,360.0,30.0,0.4708,0.7078,0.237,,197581,,,,,
20260805T200002Z_calcium-lactate,calcium-lactate,C,90.0,rotation,3,360.0,30.0,0.7078,0.9385,0.2307,,203989,,,,,
20260805T200002Z_calcium-lactate,calcium-lactate,C,90.0,rotation,4,360.0,30.0,0.9385,1.1653,0.2268,,210397,,,,,
20260805T200002Z_calcium-lactate,calcium-lactate,C,90.0,rotation,5,360.0,30.0,1.1653,1.3935,0.2282,,216804,,,,,
20260805T200002Z_calcium-lactate,calcium-lactate,D,45.0,speed,0,3.0,15.0,0.0,0.5713,0.5713,,238223,,,,,
20260805T200002Z_calcium-lactate,calcium-lactate,D,45.0,speed,1,3.0,45.0,0.5713,1.0218,0.4505,,247309,,,,,
20260805T200002Z_calcium-lactate,calcium-lactate,D,45.0,speed,2,3.0,90.0,1.0218,1.4074,0.3856,,252764,,,,,
20260805T200002Z_calcium-lactate,calcium-lactate,E,0.0,refeed,0,360.0,30.0,0.0,0.0328,0.0328,,264428,,,,,
20260805T200002Z_calcium-lactate,calcium-lactate,E,0.0,tap,0,1,,0.0328,0.0347,0.0019,,267775,,,,,
20260805T200002Z_calcium-lactate,calcium-lactate,E,0.0,refeed,1,360.0,30.0,0.0347,0.0764,0.0417,,274182,,,,,
20260805T200002Z_calcium-lactate,calcium-lactate,E,0.0,tap,1,1,,0.0764,0.079,0.0026,,277528,,,,,
20260805T200002Z_calcium-lactate,calcium-lactate,E,0.0,refeed,2,360.0,30.0,0.079,0.1232,0.0442,,283937,,,,,
20260805T200002Z_calcium-lactate,calcium-lactate,E,0.0,tap,2,1,,0.1232,0.1257,0.0025,,287474,,,,,
20260805T200002Z_calcium-lactate,calcium-lactate,E,0.0,refeed,3,360.0,30.0,0.1257,0.1704,0.0447,,293882,,,,,
20260805T200002Z_calcium-lactate,calcium-lactate,E,0.0,tap,3,1,,0.1704,0.1724,0.002,,297229,,,,,
20260805T200002Z_calcium-lactate,calcium-lactate,E,0.0,refeed,4,360.0,30.0,0.1724,0.2162,0.0438,,303637,,,,,
20260805T200002Z_calcium-lactate,calcium-lactate,E,0.0,tap,4,1,,0.2162,0.2181,0.0019,,306983,,,,,
20260805T200002Z_calcium-lactate,calcium-lactate,E,0.0,refeed,5,360.0,30.0,0.2181,0.2631,0.045,,313391,,,,,
20260805T200002Z_calcium-lactate,calcium-lactate,E,0.0,tap,5,1,,0.2631,0.2657,0.0026,,316738,,,,,
20260805T200002Z_calcium-lactate,calcium-lactate,E,0.0,refeed,6,360.0,30.0,0.2656,0.3085,0.0429,,323146,,,,,
20260805T200002Z_calcium-lactate,calcium-lactate,E,0.0,tap,6,1,,0.3085,0.311,0.0025,,326493,,,,,
20260805T200002Z_calcium-lactate,calcium-lactate,E,0.0,refeed,7,360.0,30.0,0.311,0.3545,0.0435,,332899,,,,,
20260805T200002Z_calcium-lactate,calcium-lactate,E,0.0,tap,7,1,,0.3545,0.357,0.0025,,336246,,,,,
20260805T200002Z_calcium-lactate,calcium-lactate,E,45.0,refeed,0,360.0,30.0,0.0,0.186,0.186,,348104,,,,,
20260805T200002Z_calcium-lactate,calcium-lactate,E,45.0,tap,0,1,,0.186,0.2039,0.0179,,350501,,,,,
20260805T200002Z_calcium-lactate,calcium-lactate,E,45.0,refeed,1,360.0,30.0,0.2039,0.3705,0.1666,,357859,,,,,
20260805T200002Z_calcium-lactate,calcium-lactate,E,45.0,tap,1,1,,0.3705,0.3904,0.0199,,360256,,,,,
20260805T200002Z_calcium-lactate,calcium-lactate,E,45.0,refeed,2,360.0,30.0,0.3904,0.5655,0.1751,,366661,,,,,
20260805T200002Z_calcium-lactate,calcium-lactate,E,45.0,tap,2,1,,0.5655,0.5804,0.0149,,369058,,,,,
20260805T200002Z_calcium-lactate,calcium-lactate,E,45.0,refeed,3,360.0,30.0,0.5804,0.7388,0.1584,,375464,,,,,
20260805T200002Z_calcium-lactate,calcium-lactate,E,45.0,tap,3,1,,0.7388,0.7606,0.0218,,377844,,,,,
20260805T200002Z_calcium-lactate,calcium-lactate,E,45.0,refeed,4,360.0,30.0,0.7606,0.9235,0.1629,,384254,,,,,
20260805T200002Z_calcium-lactate,calcium-lactate,E,45.0,tap,4,1,,0.9238,0.9439,0.0201,,387222,,,,,
20260805T200002Z_calcium-lactate,calcium-lactate,E,45.0,refeed,5,360.0,30.0,0.9439,1.1058,0.1619,,393630,,,,,
20260805T200002Z_calcium-lactate,calcium-lactate,E,45.0,tap,5,1,,1.1058,1.1284,0.0226,,396026,,,,,
20260805T200002Z_calcium-lactate,calcium-lactate,E,45.0,refeed,6,360.0,30.0,1.1284,1.287,0.1586,,403572,,,,,
20260805T200002Z_calcium-lactate,calcium-lactate,E,45.0,tap,6,1,,1.287,1.3098,0.0228,,405969,,,,,
20260805T200002Z_calcium-lactate,calcium-lactate,E,45.0,refeed,7,360.0,30.0,1.3098,1.4643,0.1545,,413517,,,,,
20260805T200002Z_calcium-lactate,calcium-lactate,E,45.0,tap,7,1,,1.4643,1.4872,0.0229,,415914,,,,,
20260805T215252Z_carboxymethyl-cellulose,carboxymethyl-cellulose,A,45.0,baseline,0,,,0.0,0.0,0.0,,7468,,,,,
20260805T215252Z_carboxymethyl-cellulose,carboxymethyl-cellulose,A,45.0,baseline,1,,,0.0,0.0,0.0,,9566,,,,,
20260805T215252Z_carboxymethyl-cellulose,carboxymethyl-cellulose,A,45.0,baseline,2,,,0.0,0.0,0.0,,11669,,,,,
20260805T215252Z_carboxymethyl-cellulose,carboxymethyl-cellulose,A,45.0,baseline,3,,,0.0,0.0,0.0,,13784,,,,,
20260805T215252Z_carboxymethyl-cellulose,carboxymethyl-cellulose,A,45.0,baseline,4,,,0.0,0.0,0.0,,15878,,,,,
20260805T215252Z_carboxymethyl-cellulose,carboxymethyl-cellulose,A,45.0,baseline,5,,,0.0,0.0,0.0,,17981,,,,,
20260805T215252Z_carboxymethyl-cellulose,carboxymethyl-cellulose,A,45.0,baseline,6,,,0.0,0.0,0.0,,20096,,,,,
20260805T215252Z_carboxymethyl-cellulose,carboxymethyl-cellulose,A,45.0,baseline,7,,,0.0,0.0,0.0,,22190,,,,,
20260805T215252Z_carboxymethyl-cellulose,carboxymethyl-cellulose,B,0.0,hold,0,15,,0.0,0.0,0.0,,42664,,,,,
20260805T215252Z_carboxymethyl-cellulose,carboxymethyl-cellulose,B,45.0,hold,0,15,,0.0,0.0,0.0,,63122,,,,,
20260805T215252Z_carboxymethyl-cellulose,carboxymethyl-cellulose,B,90.0,hold,0,15,,0.0,0.0,0.0,,83588,,,,,
20260805T215252Z_carboxymethyl-cellulose,carboxymethyl-cellulose,C,0.0,rotation,0,360.0,30.0,0.0,0.0009,0.0009,,96019,,,,,
20260805T215252Z_carboxymethyl-cellulose,carboxymethyl-cellulose,C,0.0,rotation,1,360.0,30.0,0.0009,0.0024,0.0015,,102425,,,,,
20260805T215252Z_carboxymethyl-cellulose,carboxymethyl-cellulose,C,0.0,rotation,2,360.0,30.0,0.0024,0.0057,0.0033,,108834,,,,,
20260805T215252Z_carboxymethyl-cellulose,carboxymethyl-cellulose,C,0.0,rotation,3,360.0,30.0,0.0057,0.0098,0.0041,,115240,,,,,
20260805T215252Z_carboxymethyl-cellulose,carboxymethyl-cellulose,C,0.0,rotation,4,360.0,30.0,0.0098,0.0131,0.0033,,121648,,,,,
20260805T215252Z_carboxymethyl-cellulose,carboxymethyl-cellulose,C,0.0,rotation,5,360.0,30.0,0.0131,0.0155,0.0024,,128053,,,,,
20260805T215252Z_carboxymethyl-cellulose,carboxymethyl-cellulose,C,45.0,rotation,0,360.0,30.0,0.0,0.0262,0.0262,,139731,,,,,
20260805T215252Z_carboxymethyl-cellulose,carboxymethyl-cellulose,C,45.0,rotation,1,360.0,30.0,0.0262,0.0539,0.0277,,146129,,,,,
20260805T215252Z_carboxymethyl-cellulose,carboxymethyl-cellulose,C,45.0,rotation,2,360.0,30.0,0.0539,0.0826,0.0287,,152536,,,,,
20260805T215252Z_carboxymethyl-cellulose,carboxymethyl-cellulose,C,45.0,rotation,3,360.0,30.0,0.0826,0.1091,0.0265,,158941,,,,,
20260805T215252Z_carboxymethyl-cellulose,carboxymethyl-cellulose,C,45.0,rotation,4,360.0,30.0,0.1091,0.1309,0.0218,,165349,,,,,
20260805T215252Z_carboxymethyl-cellulose,carboxymethyl-cellulose,C,45.0,rotation,5,360.0,30.0,0.1309,0.1581,0.0272,,171755,,,,,
20260805T215252Z_carboxymethyl-cellulose,carboxymethyl-cellulose,C,90.0,rotation,0,360.0,30.0,0.0,0.039,0.039,,183423,,,,,
20260805T215252Z_carboxymethyl-cellulose,carboxymethyl-cellulose,C,90.0,rotation,1,360.0,30.0,0.039,0.0464,0.0074,,189831,,,,,
20260805T215252Z_carboxymethyl-cellulose,carboxymethyl-cellulose,C,90.0,rotation,2,360.0,30.0,0.0464,0.0504,0.004,,196239,,,,,
20260805T215252Z_carboxymethyl-cellulose,carboxymethyl-cellulose,C,90.0,rotation,3,360.0,30.0,0.0504,0.0522,0.0018,,202646,,,,,
20260805T215252Z_carboxymethyl-cellulose,carboxymethyl-cellulose,C,90.0,rotation,4,360.0,30.0,0.0522,0.0536,0.0014,,209053,,,,,
20260805T215252Z_carboxymethyl-cellulose,carboxymethyl-cellulose,C,90.0,rotation,5,360.0,30.0,0.0536,0.0561,0.0025,,215460,,,,,
20260805T215252Z_carboxymethyl-cellulose,carboxymethyl-cellulose,D,45.0,speed,0,3.0,15.0,0.0,0.0702,0.0702,,236890,,,,,
20260805T215252Z_carboxymethyl-cellulose,carboxymethyl-cellulose,D,45.0,speed,1,3.0,45.0,0.0702,0.1618,0.0916,,243680,,,,,
20260805T215252Z_carboxymethyl-cellulose,carboxymethyl-cellulose,D,45.0,speed,2,3.0,90.0,0.1618,0.2483,0.0865,,248270,,,,,
20260805T215252Z_carboxymethyl-cellulose,carboxymethyl-cellulose,E,0.0,refeed,0,360.0,30.0,0.0,0.0026,0.0026,,259925,,,,,
20260805T215252Z_carboxymethyl-cellulose,carboxymethyl-cellulose,E,0.0,tap,0,1,,0.0026,0.0026,0.0,,262322,,,,,
20260805T215252Z_carboxymethyl-cellulose,carboxymethyl-cellulose,E,0.0,refeed,1,360.0,30.0,0.0026,0.0049,0.0023,,268728,,,,,
20260805T215252Z_carboxymethyl-cellulose,carboxymethyl-cellulose,E,0.0,tap,1,1,,0.0049,0.0049,0.0,,271125,,,,,
20260805T215252Z_carboxymethyl-cellulose,carboxymethyl-cellulose,E,0.0,refeed,2,360.0,30.0,0.0049,0.0078,0.0029,,277530,,,,,
20260805T215252Z_carboxymethyl-cellulose,carboxymethyl-cellulose,E,0.0,tap,2,1,,0.0078,0.0078,0.0,,279913,,,,,
20260805T215252Z_carboxymethyl-cellulose,carboxymethyl-cellulose,E,0.0,refeed,3,360.0,30.0,0.0078,0.0111,0.0033,,286322,,,,,
20260805T215252Z_carboxymethyl-cellulose,carboxymethyl-cellulose,E,0.0,tap,3,1,,0.0111,0.0111,0.0,,288719,,,,,
20260805T215252Z_carboxymethyl-cellulose,carboxymethyl-cellulose,E,0.0,refeed,4,360.0,30.0,0.0111,0.0137,0.0026,,295121,,,,,
20260805T215252Z_carboxymethyl-cellulose,carboxymethyl-cellulose,E,0.0,tap,4,1,,0.0137,0.0137,0.0,,297518,,,,,
20260805T215252Z_carboxymethyl-cellulose,carboxymethyl-cellulose,E,0.0,refeed,5,360.0,30.0,0.0137,0.017,0.0033,,303923,,,,,
20260805T215252Z_carboxymethyl-cellulose,carboxymethyl-cellulose,E,0.0,tap,5,1,,0.017,0.0171,0.0001,,306307,,,,,
20260805T215252Z_carboxymethyl-cellulose,carboxymethyl-cellulose,E,0.0,refeed,6,360.0,30.0,0.0171,0.0204,0.0033,,312715,,,,,
20260805T215252Z_carboxymethyl-cellulose,carboxymethyl-cellulose,E,0.0,tap,6,1,,0.0204,0.0204,0.0,,315111,,,,,
20260805T215252Z_carboxymethyl-cellulose,carboxymethyl-cellulose,E,0.0,refeed,7,360.0,30.0,0.0204,0.0232,0.0028,,321515,,,,,
20260805T215252Z_carboxymethyl-cellulose,carboxymethyl-cellulose,E,0.0,tap,7,1,,0.0232,0.0232,0.0,,323912,,,,,
20260805T215252Z_carboxymethyl-cellulose,carboxymethyl-cellulose,E,45.0,refeed,0,360.0,30.0,0.0,0.0255,0.0255,,335572,,,,,
20260805T215252Z_carboxymethyl-cellulose,carboxymethyl-cellulose,E,45.0,tap,0,1,,0.0255,0.0256,0.0001,,337969,,,,,
20260805T215252Z_carboxymethyl-cellulose,carboxymethyl-cellulose,E,45.0,refeed,1,360.0,30.0,0.0261,0.0506,0.0245,,345132,,,,,
20260805T215252Z_carboxymethyl-cellulose,carboxymethyl-cellulose,E,45.0,tap,1,1,,0.0506,0.0506,0.0,,347529,,,,,
20260805T215252Z_carboxymethyl-cellulose,carboxymethyl-cellulose,E,45.0,refeed,2,360.0,30.0,0.0506,0.0788,0.0282,,353934,,,,,
20260805T215252Z_carboxymethyl-cellulose,carboxymethyl-cellulose,E,45.0,tap,2,1,,0.0788,0.0788,0.0,,356331,,,,,
20260805T215252Z_carboxymethyl-cellulose,carboxymethyl-cellulose,E,45.0,refeed,3,360.0,30.0,0.0788,0.0987,0.0199,,362736,,,,,
20260805T215252Z_carboxymethyl-cellulose,carboxymethyl-cellulose,E,45.0,tap,3,1,,0.0987,0.0988,0.0001,,365120,,,,,
20260805T215252Z_carboxymethyl-cellulose,carboxymethyl-cellulose,E,45.0,refeed,4,360.0,30.0,0.0988,0.1243,0.0255,,371527,,,,,
20260805T215252Z_carboxymethyl-cellulose,carboxymethyl-cellulose,E,45.0,tap,4,1,,0.1243,0.1243,0.0,,373924,,,,,
20260805T215252Z_carboxymethyl-cellulose,carboxymethyl-cellulose,E,45.0,refeed,5,360.0,30.0,0.1243,0.147,0.0227,,380330,,,,,
20260805T215252Z_carboxymethyl-cellulose,carboxymethyl-cellulose,E,45.0,tap,5,1,,0.147,0.147,0.0,,382727,,,,,
20260805T215252Z_carboxymethyl-cellulose,carboxymethyl-cellulose,E,45.0,refeed,6,360.0,30.0,0.147,0.1697,0.0227,,389133,,,,,
20260805T215252Z_carboxymethyl-cellulose,carboxymethyl-cellulose,E,45.0,tap,6,1,,0.1697,0.1698,0.0001,,391514,,,,,
20260805T215252Z_carboxymethyl-cellulose,carboxymethyl-cellulose,E,45.0,refeed,7,360.0,30.0,0.1698,0.1926,0.0228,,397922,,,,,
20260805T215252Z_carboxymethyl-cellulose,carboxymethyl-cellulose,E,45.0,tap,7,1,,0.1926,0.1935,0.0009,,401078,,,,,
20260806T140254Z_xanthan-gum,xanthan-gum,A,45.0,baseline,0,,,0.0,0.0,0.0,,7470,,,,,
20260806T140254Z_xanthan-gum,xanthan-gum,A,45.0,baseline,1,,,0.0,0.0,0.0,,9568,,,,,
20260806T140254Z_xanthan-gum,xanthan-gum,A,45.0,baseline,2,,,0.0,0.0,0.0,,11671,,,,,
20260806T140254Z_xanthan-gum,xanthan-gum,A,45.0,baseline,3,,,0.0,0.0,0.0,,13786,,,,,
20260806T140254Z_xanthan-gum,xanthan-gum,A,45.0,baseline,4,,,0.0,0.0,0.0,,15880,,,,,
20260806T140254Z_xanthan-gum,xanthan-gum,A,45.0,baseline,5,,,0.0,0.0,0.0,,17982,,,,,
20260806T140254Z_xanthan-gum,xanthan-gum,A,45.0,baseline,6,,,0.0,0.0,0.0,,20097,,,,,
20260806T140254Z_xanthan-gum,xanthan-gum,A,45.0,baseline,7,,,0.0,0.0,0.0,,22191,,,,,
20260806T140254Z_xanthan-gum,xanthan-gum,B,0.0,hold,0,15,,0.0,0.0,0.0,,42664,,,,,
20260806T140254Z_xanthan-gum,xanthan-gum,B,45.0,hold,0,15,,0.0,0.0,0.0,,63129,,,,,
20260806T140254Z_xanthan-gum,xanthan-gum,B,90.0,hold,0,15,,0.0,0.0,0.0,,83593,,,,,
20260806T140254Z_xanthan-gum,xanthan-gum,C,0.0,rotation,0,360.0,30.0,0.0,0.0153,0.0153,,96017,,,,,
20260806T140254Z_xanthan-gum,xanthan-gum,C,0.0,rotation,1,360.0,30.0,0.0153,0.0356,0.0203,,102426,,,,,
20260806T140254Z_xanthan-gum,xanthan-gum,C,0.0,rotation,2,360.0,30.0,0.0356,0.0632,0.0276,,108833,,,,,
20260806T140254Z_xanthan-gum,xanthan-gum,C,0.0,rotation,3,360.0,30.0,0.0632,0.0892,0.026,,115238,,,,,
20260806T140254Z_xanthan-gum,xanthan-gum,C,0.0,rotation,4,360.0,30.0,0.0892,0.1161,0.0269,,121646,,,,,
20260806T140254Z_xanthan-gum,xanthan-gum,C,0.0,rotation,5,360.0,30.0,0.1161,0.1423,0.0262,,128055,,,,,
20260806T140254Z_xanthan-gum,xanthan-gum,C,45.0,rotation,0,360.0,30.0,0.0,0.1995,0.1995,,139731,,,,,
20260806T140254Z_xanthan-gum,xanthan-gum,C,45.0,rotation,1,360.0,30.0,0.1995,0.351,0.1515,,146139,,,,,
20260806T140254Z_xanthan-gum,xanthan-gum,C,45.0,rotation,2,360.0,30.0,0.351,0.514,0.163,,153682,,,,,
20260806T140254Z_xanthan-gum,xanthan-gum,C,45.0,rotation,3,360.0,30.0,0.514,0.6651,0.1511,,160090,,,,,
20260806T140254Z_xanthan-gum,xanthan-gum,C,45.0,rotation,4,360.0,30.0,0.6651,0.8131,0.148,,166496,,,,,
20260806T140254Z_xanthan-gum,xanthan-gum,C,45.0,rotation,5,360.0,30.0,0.8131,0.9671,0.154,,172903,,,,,
20260806T140254Z_xanthan-gum,xanthan-gum,C,90.0,rotation,0,360.0,30.0,0.0,0.2007,0.2007,,184577,,,,,
20260806T140254Z_xanthan-gum,xanthan-gum,C,90.0,rotation,1,360.0,30.0,0.2007,0.3813,0.1806,,190985,,,,,
20260806T140254Z_xanthan-gum,xanthan-gum,C,90.0,rotation,2,360.0,30.0,0.3813,0.566,0.1847,,197391,,,,,
20260806T140254Z_xanthan-gum,xanthan-gum,C,90.0,rotation,3,360.0,30.0,0.566,0.7495,0.1835,,203797,,,,,
20260806T140254Z_xanthan-gum,xanthan-gum,C,90.0,rotation,4,360.0,30.0,0.7495,0.9317,0.1822,,210203,,,,,
20260806T140254Z_xanthan-gum,xanthan-gum,C,90.0,rotation,5,360.0,30.0,0.9317,1.1206,0.1889,,216611,,,,,
20260806T140254Z_xanthan-gum,xanthan-gum,D,45.0,speed,0,3.0,15.0,0.0,0.7,0.7,,238038,,,,,
20260806T140254Z_xanthan-gum,xanthan-gum,D,45.0,speed,1,3.0,45.0,0.7,1.074,0.374,,244924,,,,,
20260806T140254Z_xanthan-gum,xanthan-gum,D,45.0,speed,2,3.0,90.0,1.0741,1.3917,0.3176,,249894,,,,,
20260806T140254Z_xanthan-gum,xanthan-gum,E,0.0,refeed,0,360.0,30.0,0.0,0.0179,0.0179,,261552,,,,,
20260806T140254Z_xanthan-gum,xanthan-gum,E,0.0,tap,0,1,,0.0179,0.0188,0.0009,,264709,,,,,
20260806T140254Z_xanthan-gum,xanthan-gum,E,0.0,refeed,1,360.0,30.0,0.0188,0.0398,0.021,,271115,,,,,
20260806T140254Z_xanthan-gum,xanthan-gum,E,0.0,tap,1,1,,0.0398,0.0398,0.0,,273512,,,,,
20260806T140254Z_xanthan-gum,xanthan-gum,E,0.0,refeed,2,360.0,30.0,0.0398,0.0601,0.0203,,279913,,,,,
20260806T140254Z_xanthan-gum,xanthan-gum,E,0.0,tap,2,1,,0.0601,0.0602,0.0001,,282310,,,,,
20260806T140254Z_xanthan-gum,xanthan-gum,E,0.0,refeed,3,360.0,30.0,0.0602,0.0807,0.0205,,288716,,,,,
20260806T140254Z_xanthan-gum,xanthan-gum,E,0.0,tap,3,1,,0.0807,0.0808,0.0001,,291113,,,,,
20260806T140254Z_xanthan-gum,xanthan-gum,E,0.0,refeed,4,360.0,30.0,0.0808,0.1007,0.0199,,297516,,,,,
20260806T140254Z_xanthan-gum,xanthan-gum,E,0.0,tap,4,1,,0.1007,0.1007,0.0,,299901,,,,,
20260806T140254Z_xanthan-gum,xanthan-gum,E,0.0,refeed,5,360.0,30.0,0.1007,0.1205,0.0198,,306308,,,,,
20260806T140254Z_xanthan-gum,xanthan-gum,E,0.0,tap,5,1,,0.1205,0.1205,0.0,,308705,,,,,
20260806T140254Z_xanthan-gum,xanthan-gum,E,0.0,refeed,6,360.0,30.0,0.1206,0.1406,0.02,,315110,,,,,
20260806T140254Z_xanthan-gum,xanthan-gum,E,0.0,tap,6,1,,0.1406,0.1407,0.0001,,317507,,,,,
20260806T140254Z_xanthan-gum,xanthan-gum,E,0.0,refeed,7,360.0,30.0,0.1407,0.1611,0.0204,,323915,,,,,
20260806T140254Z_xanthan-gum,xanthan-gum,E,0.0,tap,7,1,,0.1611,0.1611,0.0,,326295,,,,,
20260806T140254Z_xanthan-gum,xanthan-gum,E,45.0,refeed,0,360.0,30.0,0.0,0.1427,0.1427,,337961,,,,,
20260806T140254Z_xanthan-gum,xanthan-gum,E,45.0,tap,0,1,,0.1427,0.1596,0.0169,,340358,,,,,
20260806T140254Z_xanthan-gum,xanthan-gum,E,45.0,refeed,1,360.0,30.0,0.1596,0.2833,0.1237,,346765,,,,,
20260806T140254Z_xanthan-gum,xanthan-gum,E,45.0,tap,1,1,,0.2833,0.2982,0.0149,,349161,,,,,
20260806T140254Z_xanthan-gum,xanthan-gum,E,45.0,refeed,2,360.0,30.0,0.2982,0.432,0.1338,,355557,,,,,
20260806T140254Z_xanthan-gum,xanthan-gum,E,45.0,tap,2,1,,0.432,0.4431,0.0111,,357947,,,,,
20260806T140254Z_xanthan-gum,xanthan-gum,E,45.0,refeed,3,360.0,30.0,0.4431,0.5836,0.1405,,364356,,,,,
20260806T140254Z_xanthan-gum,xanthan-gum,E,45.0,tap,3,1,,0.5836,0.5979,0.0143,,366753,,,,,
20260806T140254Z_xanthan-gum,xanthan-gum,E,45.0,refeed,4,360.0,30.0,0.5979,0.7321,0.1342,,373159,,,,,
20260806T140254Z_xanthan-gum,xanthan-gum,E,45.0,tap,4,1,,0.7321,0.7479,0.0158,,375542,,,,,
20260806T140254Z_xanthan-gum,xanthan-gum,E,45.0,refeed,5,360.0,30.0,0.7479,0.8864,0.1385,,381950,,,,,
20260806T140254Z_xanthan-gum,xanthan-gum,E,45.0,tap,5,1,,0.8864,0.8954,0.009,,384347,,,,,
20260806T140254Z_xanthan-gum,xanthan-gum,E,45.0,refeed,6,360.0,30.0,0.8954,1.0391,0.1437,,390754,,,,,
20260806T140254Z_xanthan-gum,xanthan-gum,E,45.0,tap,6,1,,1.0391,1.0482,0.0091,,393150,,,,,
20260806T140254Z_xanthan-gum,xanthan-gum,E,45.0,refeed,7,360.0,30.0,1.0482,1.1819,0.1337,,399558,,,,,
20260806T140254Z_xanthan-gum,xanthan-gum,E,45.0,tap,7,1,,1.1819,1.1997,0.0178,,401938,,,,,
20260806T145120Z_salt,salt,A,45.0,baseline,0,,,0.0,0.0,0.0,,7477,,,,,
20260806T145120Z_salt,salt,A,45.0,baseline,1,,,0.0,0.0,0.0,,9575,,,,,
20260806T145120Z_salt,salt,A,45.0,baseline,2,,,0.0,0.0,0.0,,11678,,,,,
20260806T145120Z_salt,salt,A,45.0,baseline,3,,,0.0,0.0,0.0,,13793,,,,,
20260806T145120Z_salt,salt,A,45.0,baseline,4,,,0.0,0.0,0.0,,15887,,,,,
20260806T145120Z_salt,salt,A,45.0,baseline,5,,,0.0,0.0,0.0,,17990,,,,,
20260806T145120Z_salt,salt,A,45.0,baseline,6,,,0.0,0.0,0.0,,20105,,,,,
20260806T145120Z_salt,salt,A,45.0,baseline,7,,,0.0,0.0,0.0,,22199,,,,,
20260806T145120Z_salt,salt,B,0.0,hold,0,15,,0.0,0.0,0.0,,42671,,,,,
20260806T145120Z_salt,salt,B,45.0,hold,0,15,,0.0,0.0,0.0,,63134,,,,,
20260806T145120Z_salt,salt,B,90.0,hold,0,15,,0.0,0.0,0.0,,83598,,,,,
20260806T145120Z_salt,salt,C,0.0,rotation,0,360.0,30.0,0.0,0.0044,0.0044,,96024,,,,,
20260806T145120Z_salt,salt,C,0.0,rotation,1,360.0,30.0,0.0044,0.0105,0.0061,,102433,,,,,
20260806T145120Z_salt,salt,C,0.0,rotation,2,360.0,30.0,0.0105,0.0164,0.0059,,108839,,,,,
20260806T145120Z_salt,salt,C,0.0,rotation,3,360.0,30.0,0.0164,0.0216,0.0052,,115246,,,,,
20260806T145120Z_salt,salt,C,0.0,rotation,4,360.0,30.0,0.0216,0.0279,0.0063,,121654,,,,,
20260806T145120Z_salt,salt,C,0.0,rotation,5,360.0,30.0,0.0279,0.0336,0.0057,,128061,,,,,
20260806T145120Z_salt,salt,C,45.0,rotation,0,360.0,30.0,0.0,0.0172,0.0172,,139738,,,,,
20260806T145120Z_salt,salt,C,45.0,rotation,1,360.0,30.0,0.0172,0.0346,0.0174,,146141,,,,,
20260806T145120Z_salt,salt,C,45.0,rotation,2,360.0,30.0,0.0346,0.0565,0.0219,,152546,,,,,
20260806T145120Z_salt,salt,C,45.0,rotation,3,360.0,30.0,0.0565,0.0803,0.0238,,158953,,,,,
20260806T145120Z_salt,salt,C,45.0,rotation,4,360.0,30.0,0.0803,0.0958,0.0155,,165359,,,,,
20260806T145120Z_salt,salt,C,45.0,rotation,5,360.0,30.0,0.0958,0.1026,0.0068,,171766,,,,,
20260806T145120Z_salt,salt,C,90.0,rotation,0,360.0,30.0,0.0,0.0258,0.0258,,183434,,,,,
20260806T145120Z_salt,salt,C,90.0,rotation,1,360.0,30.0,0.0258,0.0408,0.015,,189840,,,,,
20260806T145120Z_salt,salt,C,90.0,rotation,2,360.0,30.0,0.0408,0.0832,0.0424,,196245,,,,,
20260806T145120Z_salt,salt,C,90.0,rotation,3,360.0,30.0,0.0832,0.1052,0.022,,202653,,,,,
20260806T145120Z_salt,salt,C,90.0,rotation,4,360.0,30.0,0.1052,0.1219,0.0167,,209058,,,,,
20260806T145120Z_salt,salt,C,90.0,rotation,5,360.0,30.0,0.1219,0.1494,0.0275,,215467,,,,,
20260806T145120Z_salt,salt,D,45.0,speed,0,3.0,15.0,0.0,0.1517,0.1517,,236898,,,,,
20260806T145120Z_salt,salt,D,45.0,speed,1,3.0,45.0,0.1517,0.2106,0.0589,,243772,,,,,
20260806T145120Z_salt,salt,D,45.0,speed,2,3.0,90.0,0.2106,0.2643,0.0537,,248267,,,,,
20260806T145120Z_salt,salt,E,0.0,refeed,0,360.0,30.0,0.0,0.006,0.006,,259943,,,,,
20260806T145120Z_salt,salt,E,0.0,tap,0,1,,0.006,0.0068,0.0008,,262899,,,,,
20260806T145120Z_salt,salt,E,0.0,refeed,1,360.0,30.0,0.0068,0.012,0.0052,,269306,,,,,
20260806T145120Z_salt,salt,E,0.0,tap,1,1,,0.012,0.0136,0.0016,,272463,,,,,
20260806T145120Z_salt,salt,E,0.0,refeed,2,360.0,30.0,0.0136,0.0194,0.0058,,278871,,,,,
20260806T145120Z_salt,salt,E,0.0,tap,2,1,,0.0194,0.0208,0.0014,,282026,,,,,
20260806T145120Z_salt,salt,E,0.0,refeed,3,360.0,30.0,0.0208,0.0276,0.0068,,288433,,,,,
20260806T145120Z_salt,salt,E,0.0,tap,3,1,,0.0276,0.0285,0.0009,,291590,,,,,
20260806T145120Z_salt,salt,E,0.0,refeed,4,360.0,30.0,0.0285,0.0351,0.0066,,297998,,,,,
20260806T145120Z_salt,salt,E,0.0,tap,4,1,,0.0351,0.037,0.0019,,301344,,,,,
20260806T145120Z_salt,salt,E,0.0,refeed,5,360.0,30.0,0.037,0.0431,0.0061,,307750,,,,,
20260806T145120Z_salt,salt,E,0.0,tap,5,1,,0.0431,0.0438,0.0007,,310717,,,,,
20260806T145120Z_salt,salt,E,0.0,refeed,6,360.0,30.0,0.0438,0.0518,0.008,,317122,,,,,
20260806T145120Z_salt,salt,E,0.0,tap,6,1,,0.0518,0.0533,0.0015,,320278,,,,,
20260806T145120Z_salt,salt,E,0.0,refeed,7,360.0,30.0,0.0533,0.0657,0.0124,,326684,,,,,
20260806T145120Z_salt,salt,E,0.0,tap,7,1,,0.0657,0.0669,0.0012,,329839,,,,,
20260806T145120Z_salt,salt,E,45.0,refeed,0,360.0,30.0,0.0,0.0404,0.0404,,341516,,,,,
20260806T145120Z_salt,salt,E,45.0,tap,0,1,,0.0404,0.0416,0.0012,,344662,,,,,
20260806T145120Z_salt,salt,E,45.0,refeed,1,360.0,30.0,0.0416,0.0824,0.0408,,351069,,,,,
20260806T145120Z_salt,salt,E,45.0,tap,1,1,,0.0824,0.0849,0.0025,,354416,,,,,
20260806T145120Z_salt,salt,E,45.0,refeed,2,360.0,30.0,0.0849,0.115,0.0301,,360824,,,,,
20260806T145120Z_salt,salt,E,45.0,tap,2,1,,0.115,0.1188,0.0038,,363221,,,,,
20260806T145120Z_salt,salt,E,45.0,refeed,3,360.0,30.0,0.1188,0.1669,0.0481,,369629,,,,,
20260806T145120Z_salt,salt,E,45.0,tap,3,1,,0.1669,0.1702,0.0033,,373160,,,,,
20260806T145120Z_salt,salt,E,45.0,refeed,4,360.0,30.0,0.1702,0.2165,0.0463,,379568,,,,,
20260806T145120Z_salt,salt,E,45.0,tap,4,1,,0.2165,0.221,0.0045,,381965,,,,,
20260806T145120Z_salt,salt,E,45.0,refeed,5,360.0,30.0,0.221,0.2665,0.0455,,388372,,,,,
20260806T145120Z_salt,salt,E,45.0,tap,5,1,,0.2665,0.2694,0.0029,,391712,,,,,
20260806T145120Z_salt,salt,E,45.0,refeed,6,360.0,30.0,0.2694,0.3252,0.0558,,398120,,,,,
20260806T145120Z_salt,salt,E,45.0,tap,6,1,,0.3252,0.3269,0.0017,,401466,,,,,
20260806T145120Z_salt,salt,E,45.0,refeed,7,360.0,30.0,0.3269,0.3862,0.0593,,407875,,,,,
20260806T145120Z_salt,salt,E,45.0,tap,7,1,,0.3862,0.3907,0.0045,,410271,,,,,
20260811T183043Z_alsi10mg,alsi10mg,A,45.0,baseline,0,,,0.0,0.0,0.0,,7519,,,,,
20260811T183043Z_alsi10mg,alsi10mg,A,45.0,baseline,1,,,0.0,0.0,0.0,,9615,,,,,
20260811T183043Z_alsi10mg,alsi10mg,A,45.0,baseline,2,,,0.0,0.0,0.0,,11730,,,,,
20260811T183043Z_alsi10mg,alsi10mg,A,45.0,baseline,3,,,0.0,0.0,0.0,,13824,,,,,
20260811T183043Z_alsi10mg,alsi10mg,A,45.0,baseline,4,,,0.0,0.0,0.0,,15939,,,,,
20260811T183043Z_alsi10mg,alsi10mg,A,45.0,baseline,5,,,0.0,0.0,0.0,,18033,,,,,
20260811T183043Z_alsi10mg,alsi10mg,A,45.0,baseline,6,,,0.0,0.0,0.0,,20134,,,,,
20260811T183043Z_alsi10mg,alsi10mg,A,45.0,baseline,7,,,0.0,0.0,0.0,,22249,,,,,
20260811T183043Z_alsi10mg,alsi10mg,B,0.0,hold,0,15,,0.0,0.0,0.0,,42705,,,,,
20260811T183043Z_alsi10mg,alsi10mg,B,45.0,hold,0,15,,0.0,0.0,0.0,,63170,,,,,
20260811T183043Z_alsi10mg,alsi10mg,B,90.0,hold,0,15,,0.0,0.0,0.0,,83635,,,,,
20260811T183043Z_alsi10mg,alsi10mg,C,0.0,rotation,0,360.0,30.0,0.0,0.0857,0.0857,,96073,,,,,
20260811T183043Z_alsi10mg,alsi10mg,C,0.0,rotation,1,360.0,30.0,0.0857,0.1698,0.0841,,102478,,,,,
20260811T183043Z_alsi10mg,alsi10mg,C,0.0,rotation,2,360.0,30.0,0.1698,0.253,0.0832,,108885,,,,,
20260811T183043Z_alsi10mg,alsi10mg,C,0.0,rotation,3,360.0,30.0,0.253,0.3296,0.0766,,115289,,,,,
20260811T183043Z_alsi10mg,alsi10mg,C,0.0,rotation,4,360.0,30.0,0.3296,0.4121,0.0825,,121697,,,,,
20260811T183043Z_alsi10mg,alsi10mg,C,0.0,rotation,5,360.0,30.0,0.4121,0.4956,0.0835,,128102,,,,,
20260811T183043Z_alsi10mg,alsi10mg,C,45.0,rotation,0,360.0,30.0,0.0,0.0782,0.0782,,139776,,,,,
20260811T183043Z_alsi10mg,alsi10mg,C,45.0,rotation,1,360.0,30.0,0.0782,0.1541,0.0759,,146181,,,,,
20260811T183043Z_alsi10mg,alsi10mg,C,45.0,rotation,2,360.0,30.0,0.1541,0.2369,0.0828,,152587,,,,,
20260811T183043Z_alsi10mg,alsi10mg,C,45.0,rotation,3,360.0,30.0,0.2369,0.3161,0.0792,,158993,,,,,
20260811T183043Z_alsi10mg,alsi10mg,C,45.0,rotation,4,360.0,30.0,0.3161,0.3863,0.0702,,165400,,,,,
20260811T183043Z_alsi10mg,alsi10mg,C,45.0,rotation,5,360.0,30.0,0.3863,0.4533,0.067,,171806,,,,,
20260811T183043Z_alsi10mg,alsi10mg,C,90.0,rotation,0,360.0,30.0,0.0,0.0685,0.0685,,183472,,,,,
20260811T183043Z_alsi10mg,alsi10mg,C,90.0,rotation,1,360.0,30.0,0.0685,0.1321,0.0636,,189880,,,,,
20260811T183043Z_alsi10mg,alsi10mg,C,90.0,rotation,2,360.0,30.0,0.1321,0.2004,0.0683,,196287,,,,,
20260811T183043Z_alsi10mg,alsi10mg,C,90.0,rotation,3,360.0,30.0,0.2004,0.2724,0.072,,202694,,,,,
20260811T183043Z_alsi10mg,alsi10mg,C,90.0,rotation,4,360.0,30.0,0.2724,0.3425,0.0701,,209102,,,,,
20260811T183043Z_alsi10mg,alsi10mg,C,90.0,rotation,5,360.0,30.0,0.3425,0.4098,0.0673,,215509,,,,,
20260811T183043Z_alsi10mg,alsi10mg,D,45.0,speed,0,3.0,15.0,0.0,0.3531,0.3531,,236843,,,,,
20260811T183043Z_alsi10mg,alsi10mg,D,45.0,speed,1,3.0,45.0,0.3531,0.5311,0.178,,243719,,,,,
20260811T183043Z_alsi10mg,alsi10mg,D,45.0,speed,2,3.0,90.0,0.5311,0.6637,0.1326,,248225,,,,,
20260811T183043Z_alsi10mg,alsi10mg,E,0.0,refeed,0,360.0,30.0,0.0,0.0778,0.0778,,259881,,,,,
20260811T183043Z_alsi10mg,alsi10mg,E,0.0,tap,0,1,,0.0778,0.0778,0.0,,262278,,,,,
20260811T183043Z_alsi10mg,alsi10mg,E,0.0,refeed,1,360.0,30.0,0.0778,0.1405,0.0627,,268681,,,,,
20260811T183043Z_alsi10mg,alsi10mg,E,0.0,tap,1,1,,0.1405,0.1404,-0.0001,,271077,,,,,
20260811T183043Z_alsi10mg,alsi10mg,E,0.0,refeed,2,360.0,30.0,0.1404,0.2073,0.0669,,277483,,,,,
20260811T183043Z_alsi10mg,alsi10mg,E,0.0,tap,2,1,,0.2073,0.2072,-0.0001,,279867,,,,,
20260811T183043Z_alsi10mg,alsi10mg,E,0.0,refeed,3,360.0,30.0,0.2072,0.2781,0.0709,,286286,,,,,
20260811T183043Z_alsi10mg,alsi10mg,E,0.0,tap,3,1,,0.2781,0.278,-0.0001,,288665,,,,,
20260811T183043Z_alsi10mg,alsi10mg,E,0.0,refeed,4,360.0,30.0,0.278,0.3447,0.0667,,295074,,,,,
20260811T183043Z_alsi10mg,alsi10mg,E,0.0,tap,4,1,,0.3447,0.3447,0.0,,297470,,,,,
20260811T183043Z_alsi10mg,alsi10mg,E,0.0,refeed,5,360.0,30.0,0.3447,0.4157,0.071,,303874,,,,,
20260811T183043Z_alsi10mg,alsi10mg,E,0.0,tap,5,1,,0.4157,0.4156,-0.0001,,306271,,,,,
20260811T183043Z_alsi10mg,alsi10mg,E,0.0,refeed,6,360.0,30.0,0.4156,0.4769,0.0613,,312676,,,,,
20260811T183043Z_alsi10mg,alsi10mg,E,0.0,tap,6,1,,0.4769,0.477,0.0001,,315059,,,,,
20260811T183043Z_alsi10mg,alsi10mg,E,0.0,refeed,7,360.0,30.0,0.477,0.5481,0.0711,,321466,,,,,
20260811T183043Z_alsi10mg,alsi10mg,E,0.0,tap,7,1,,0.5481,0.5481,0.0,,323863,,,,,
20260811T183043Z_alsi10mg,alsi10mg,E,45.0,refeed,0,360.0,30.0,-0.0001,0.0423,0.0424,,335525,,,,,
20260811T183043Z_alsi10mg,alsi10mg,E,45.0,tap,0,1,,0.0423,0.0423,0.0,,337922,,,,,
20260811T183043Z_alsi10mg,alsi10mg,E,45.0,refeed,1,360.0,30.0,0.0423,0.1076,0.0653,,344327,,,,,
20260811T183043Z_alsi10mg,alsi10mg,E,45.0,tap,1,1,,0.1076,0.1075,-0.0001,,346724,,,,,
20260811T183043Z_alsi10mg,alsi10mg,E,45.0,refeed,2,360.0,30.0,0.1075,0.177,0.0695,,353128,,,,,
20260811T183043Z_alsi10mg,alsi10mg,E,45.0,tap,2,1,,0.177,0.1773,0.0003,,355512,,,,,
20260811T183043Z_alsi10mg,alsi10mg,E,45.0,refeed,3,360.0,30.0,0.1773,0.2432,0.0659,,361919,,,,,
20260811T183043Z_alsi10mg,alsi10mg,E,45.0,tap,3,1,,0.2432,0.2432,0.0,,364316,,,,,
20260811T183043Z_alsi10mg,alsi10mg,E,45.0,refeed,4,360.0,30.0,0.2432,0.3088,0.0656,,370718,,,,,
20260811T183043Z_alsi10mg,alsi10mg,E,45.0,tap,4,1,,0.3088,0.3088,0.0,,373115,,,,,
20260811T183043Z_alsi10mg,alsi10mg,E,45.0,refeed,5,360.0,30.0,0.3088,0.3705,0.0617,,380470,,,,,
20260811T183043Z_alsi10mg,alsi10mg,E,45.0,tap,5,1,,0.3705,0.3686,-0.0019,,382867,,,,,
20260811T183043Z_alsi10mg,alsi10mg,E,45.0,refeed,6,360.0,30.0,0.3685,0.3954,0.0269,,389842,,,,,
20260811T183043Z_alsi10mg,alsi10mg,E,45.0,tap,6,1,,0.3954,0.3952,-0.0002,,392239,,,,,
20260811T183043Z_alsi10mg,alsi10mg,E,45.0,refeed,7,360.0,30.0,0.3952,0.457,0.0618,,398645,,,,,
20260811T183043Z_alsi10mg,alsi10mg,E,45.0,tap,7,1,,0.457,0.4563,-0.0007,,401042,,,,,
20260812T215154Z_salt,salt,A,45.0,baseline,0,,,0.0,0.0,0.0,,7453,,,,,
20260812T215154Z_salt,salt,A,45.0,baseline,1,,,0.0,0.0,0.0,,9549,,,,,
20260812T215154Z_salt,salt,A,45.0,baseline,2,,,0.0,0.0,0.0,,11652,,,,,
20260812T215154Z_salt,salt,A,45.0,baseline,3,,,0.0,0.0,0.0,,13767,,,,,
20260812T215154Z_salt,salt,A,45.0,baseline,4,,,0.0,0.0,0.0,,15861,,,,,
20260812T215154Z_salt,salt,A,45.0,baseline,5,,,0.0,0.0,0.0,,17964,,,,,
20260812T215154Z_salt,salt,A,45.0,baseline,6,,,0.0,0.0,0.0,,20079,,,,,
20260812T215154Z_salt,salt,A,45.0,baseline,7,,,0.0,0.0,0.0,,22173,,,,,
20260812T215154Z_salt,salt,B,0.0,hold,0,15,,0.0,0.0,0.0,,42644,,,,,
20260812T215154Z_salt,salt,B,45.0,hold,0,15,,0.0,0.0,0.0,,63108,,,,,
20260812T215154Z_salt,salt,B,90.0,hold,0,15,,0.0,0.0,0.0,,83574,,,,,
20260812T215154Z_salt,salt,C,0.0,rotation,0,360.0,30.0,0.0,0.0343,0.0343,,96000,,,,,
20260812T215154Z_salt,salt,C,0.0,rotation,1,360.0,30.0,0.0343,0.0658,0.0315,,102408,,,,,
20260812T215154Z_salt,salt,C,0.0,rotation,2,360.0,30.0,0.0658,0.0983,0.0325,,108815,,,,,
20260812T215154Z_salt,salt,C,0.0,rotation,3,360.0,30.0,0.0983,0.1354,0.0371,,115224,,,,,
20260812T215154Z_salt,salt,C,0.0,rotation,4,360.0,30.0,0.1354,0.174,0.0386,,121631,,,,,
20260812T215154Z_salt,salt,C,0.0,rotation,5,360.0,30.0,0.174,0.2058,0.0318,,128039,,,,,
20260812T215154Z_salt,salt,C,45.0,rotation,0,360.0,30.0,0.0,0.1862,0.1862,,139704,,,,,
20260812T215154Z_salt,salt,C,45.0,rotation,1,360.0,30.0,0.1862,0.3691,0.1829,,146112,,,,,
20260812T215154Z_salt,salt,C,45.0,rotation,2,360.0,30.0,0.3691,0.5386,0.1695,,152519,,,,,
20260812T215154Z_salt,salt,C,45.0,rotation,3,360.0,30.0,0.5386,0.7106,0.172,,158927,,,,,
20260812T215154Z_salt,salt,C,45.0,rotation,4,360.0,30.0,0.7106,0.8694,0.1588,,165334,,,,,
20260812T215154Z_salt,salt,C,45.0,rotation,5,360.0,30.0,0.8694,1.0521,0.1827,,171743,,,,,
20260812T215154Z_salt,salt,C,90.0,rotation,0,360.0,30.0,0.0,0.244,0.244,,183408,,,,,
20260812T215154Z_salt,salt,C,90.0,rotation,1,360.0,30.0,0.244,0.485,0.241,,189815,,,,,
20260812T215154Z_salt,salt,C,90.0,rotation,2,360.0,30.0,0.485,0.7176,0.2326,,196224,,,,,
20260812T215154Z_salt,salt,C,90.0,rotation,3,360.0,30.0,0.7176,0.9509,0.2333,,202630,,,,,
20260812T215154Z_salt,salt,C,90.0,rotation,4,360.0,30.0,0.9509,1.1565,0.2056,,209039,,,,,
20260812T215154Z_salt,salt,C,90.0,rotation,5,360.0,30.0,1.1565,1.3825,0.226,,215447,,,,,
20260812T215154Z_salt,salt,D,45.0,speed,0,3.0,15.0,0.0,0.7084,0.7084,,236974,,,,,
20260812T215154Z_salt,salt,D,45.0,speed,1,3.0,45.0,0.7084,1.2833,0.5749,,243859,,,,,
20260812T215154Z_salt,salt,D,45.0,speed,2,3.0,90.0,1.2833,1.6617,0.3784,,248449,,,,,
20260812T215154Z_salt,salt,E,0.0,refeed,0,360.0,30.0,0.0,0.0378,0.0378,,260106,,,,,
20260812T215154Z_salt,salt,E,0.0,tap,0,1,,0.0378,0.0378,0.0,,262503,,,,,
20260812T215154Z_salt,salt,E,0.0,refeed,1,360.0,30.0,0.0378,0.0722,0.0344,,268907,,,,,
20260812T215154Z_salt,salt,E,0.0,tap,1,1,,0.0722,0.0722,0.0,,271304,,,,,
20260812T215154Z_salt,salt,E,0.0,refeed,2,360.0,30.0,0.0722,0.1113,0.0391,,277709,,,,,
20260812T215154Z_salt,salt,E,0.0,tap,2,1,,0.1113,0.1114,0.0001,,280092,,,,,
20260812T215154Z_salt,salt,E,0.0,refeed,3,360.0,30.0,0.1114,0.1464,0.035,,286511,,,,,
20260812T215154Z_salt,salt,E,0.0,tap,3,1,,0.1464,0.1464,0.0,,288892,,,,,
20260812T215154Z_salt,salt,E,0.0,refeed,4,360.0,30.0,0.1464,0.1831,0.0367,,295298,,,,,
20260812T215154Z_salt,salt,E,0.0,tap,4,1,,0.1831,0.1832,0.0001,,297694,,,,,
20260812T215154Z_salt,salt,E,0.0,refeed,5,360.0,30.0,0.1832,0.2207,0.0375,,304100,,,,,
20260812T215154Z_salt,salt,E,0.0,tap,5,1,,0.2207,0.2208,0.0001,,306496,,,,,
20260812T215154Z_salt,salt,E,0.0,refeed,6,360.0,30.0,0.2208,0.2567,0.0359,,312903,,,,,
20260812T215154Z_salt,salt,E,0.0,tap,6,1,,0.2567,0.2567,0.0,,315285,,,,,
20260812T215154Z_salt,salt,E,0.0,refeed,7,360.0,30.0,0.2568,0.2963,0.0395,,321693,,,,,
20260812T215154Z_salt,salt,E,0.0,tap,7,1,,0.2963,0.2963,0.0,,324089,,,,,
20260812T215154Z_salt,salt,E,45.0,refeed,0,360.0,30.0,0.0,0.1569,0.1569,,335750,,,,,
20260812T215154Z_salt,salt,E,45.0,tap,0,1,,0.1569,0.1577,0.0008,,338716,,,,,
20260812T215154Z_salt,salt,E,45.0,refeed,1,360.0,30.0,0.1577,0.3315,0.1738,,345124,,,,,
20260812T215154Z_salt,salt,E,45.0,tap,1,1,,0.3315,0.3323,0.0008,,348280,,,,,
20260812T215154Z_salt,salt,E,45.0,refeed,2,360.0,30.0,0.3323,0.5035,0.1712,,354685,,,,,
20260812T215154Z_salt,salt,E,45.0,tap,2,1,,0.5035,0.5045,0.001,,357840,,,,,
20260812T215154Z_salt,salt,E,45.0,refeed,3,360.0,30.0,0.5045,0.6679,0.1634,,364248,,,,,
20260812T215154Z_salt,salt,E,45.0,tap,3,1,,0.6679,0.6686,0.0007,,367213,,,,,
20260812T215154Z_salt,salt,E,45.0,refeed,4,360.0,30.0,0.6687,0.8259,0.1572,,373813,,,,,
20260812T215154Z_salt,salt,E,45.0,tap,4,1,,0.8259,0.8271,0.0012,,376969,,,,,
20260812T215154Z_salt,salt,E,45.0,refeed,5,360.0,30.0,0.8271,0.9819,0.1548,,383375,,,,,
20260812T215154Z_salt,salt,E,45.0,tap,5,1,,0.9819,0.9827,0.0008,,386152,,,,,
20260812T215154Z_salt,salt,E,45.0,refeed,6,360.0,30.0,0.9828,1.1492,0.1664,,392748,,,,,
20260812T215154Z_salt,salt,E,45.0,tap,6,1,,1.1492,1.1501,0.0009,,395714,,,,,
20260812T215154Z_salt,salt,E,45.0,refeed,7,360.0,30.0,1.1501,1.3045,0.1544,,402121,,,,,
20260812T215154Z_salt,salt,E,45.0,tap,7,1,,1.3045,1.3056,0.0011,,405277,,,,,
20260820T175631Z_salt,salt,A,45.0,baseline,0,,,51.8948,51.9024,0.0077,,16762,0.005,-0.0141,0.0126,0,shock
20260820T175631Z_salt,salt,A,45.0,baseline,1,,,51.9015,51.9163,0.0149,,21257,0.0058,-0.001,0.0126,0,unsettled
20260820T175631Z_salt,salt,A,45.0,baseline,2,,,51.9074,51.9126,0.0052,,25746,0.0055,-0.0089,0.0,0,unsettled
20260820T175631Z_salt,salt,A,45.0,baseline,3,,,51.9087,51.9267,0.0179,,30235,0.0082,-0.0039,0.0,0,unsettled
20260820T175631Z_salt,salt,A,45.0,baseline,4,,,51.9187,51.9027,-0.016,,34728,0.0089,-0.008,0.0109,0,shock
20260820T175631Z_salt,salt,A,45.0,baseline,5,,,51.9015,51.8964,-0.0051,,39222,0.006,-0.0012,0.0109,0,shock
20260820T175631Z_salt,salt,A,45.0,baseline,6,,,51.9185,51.9066,-0.0119,,43716,0.0029,0.0221,0.0,0,ok
20260820T175631Z_salt,salt,A,45.0,baseline,7,,,51.911,51.9066,-0.0044,,48212,0.0023,0.0044,-0.001,0,shock
20260820T175631Z_salt,salt,B,0.0,hold,0,15,,51.9823,51.9283,-0.054,,78149,0.0616,0.0678,-0.0221,0,shock
20260820T175631Z_salt,salt,B,45.0,hold,0,15,,51.835,51.9282,0.0932,,115539,0.0312,-0.0751,-0.0206,0,shock
20260820T175631Z_salt,salt,B,90.0,hold,0,15,,51.887,51.9222,0.0352,,162884,0.0129,-0.0382,-0.0019,0,shock
20260820T175631Z_salt,salt,C,0.0,rotation,0,360.0,30.0,51.9609,52.0472,0.0863,,215580,0.0157,-0.0399,-0.0106,2,shock
20260820T175631Z_salt,salt,C,0.0,rotation,1,360.0,30.0,52.1367,52.1659,0.0292,,265205,0.0146,0.0101,0.0,2,unsettled
20260820T175631Z_salt,salt,C,0.0,rotation,2,360.0,30.0,52.2697,52.3099,0.0403,,299914,0.0069,0.0251,0.0015,2,shock
20260820T175631Z_salt,salt,C,0.0,rotation,3,360.0,30.0,52.3417,52.3954,0.0536,,349547,0.0152,-0.0343,0.0236,2,shock
20260820T175631Z_salt,salt,C,0.0,rotation,4,360.0,30.0,52.4849,52.531,0.0461,,406651,0.006,-0.0073,0.0034,2,shock
20260820T175631Z_salt,salt,C,0.0,rotation,5,360.0,30.0,52.5279,52.5748,0.047,,420697,0.0178,-0.0045,0.0,0,unsettled
20260820T175631Z_salt,salt,C,45.0,rotation,0,360.0,30.0,52.8839,53.0669,0.1831,,495006,0.0088,-0.0279,-0.0013,2,shock
20260820T175631Z_salt,salt,C,45.0,rotation,1,360.0,30.0,53.4285,53.55,0.1216,,534701,0.0127,0.0563,-0.0056,2,shock
20260820T175631Z_salt,salt,C,45.0,rotation,2,360.0,30.0,53.8536,54.0169,0.1632,,574391,0.0109,-0.0153,0.0079,2,shock
20260820T175631Z_salt,salt,C,45.0,rotation,3,360.0,30.0,54.3575,54.5066,0.1491,,631481,0.0236,0.0196,0.0044,2,shock
20260820T175631Z_salt,salt,C,45.0,rotation,4,360.0,30.0,54.5362,54.656,0.1198,,648023,0.013,0.0337,0.0,0,unsettled
20260820T175631Z_salt,salt,C,45.0,rotation,5,360.0,30.0,54.974,55.1671,0.1932,,700130,0.0197,-0.0054,-0.0183,2,shock
20260820T175631Z_salt,salt,C,90.0,rotation,0,360.0,30.0,55.6006,55.8492,0.2485,,752070,0.0071,-0.0163,0.0091,2,shock
20260820T175631Z_salt,salt,C,90.0,rotation,1,360.0,30.0,56.0936,56.282,0.1884,,785145,0.0266,0.0009,0.0,1,unsettled
20260820T175631Z_salt,salt,C,90.0,rotation,2,360.0,30.0,56.6972,56.9172,0.22,,829810,0.0198,0.0007,-0.0068,2,shock
20260820T175631Z_salt,salt,C,90.0,rotation,3,360.0,30.0,57.3564,57.5901,0.2337,,881938,0.0315,-0.0023,0.0056,2,shock
20260820T175631Z_salt,salt,C,90.0,rotation,4,360.0,30.0,57.921,58.1323,0.2113,,921624,0.0216,-0.0311,0.0075,2,shock
20260820T175631Z_salt,salt,C,90.0,rotation,5,360.0,30.0,58.42,58.569,0.149,,966284,0.0189,-0.0044,0.0,2,unsettled
20260820T175631Z_salt,salt,D,45.0,speed,0,3.0,15.0,58.5175,59.219,0.7015,,999268,0.0326,-0.039,0.0505,0,shock
20260820T175631Z_salt,salt,D,45.0,speed,1,3.0,45.0,59.2809,59.6728,0.3918,,1015237,0.0162,0.0106,0.0308,0,shock
20260820T175631Z_salt,salt,D,45.0,speed,2,3.0,90.0,59.653,59.9892,0.3362,,1028145,0.0124,-0.0247,0.1062,0,shock
20260820T175631Z_salt,salt,E,0.0,refeed,0,360.0,30.0,60.1905,60.2594,0.0688,,1077586,0.0145,0.0111,-0.0349,2,shock
20260820T175631Z_salt,salt,E,0.0,tap,0,1,,60.2565,60.241,-0.0155,,1122627,0.0085,0.0167,-0.0093,2,shock
20260820T175631Z_salt,salt,E,0.0,refeed,1,360.0,30.0,60.1977,60.2773,0.0796,,1144149,0.0142,-0.0529,0.0,0,unsettled
20260820T175631Z_salt,salt,E,0.0,tap,1,1,,60.3082,60.3095,0.0013,,1186701,0.0072,0.023,-0.0259,2,shock
20260820T175631Z_salt,salt,E,0.0,refeed,2,360.0,30.0,60.3931,60.4304,0.0373,,1246283,0.0215,0.0075,-0.0017,2,shock
20260820T175631Z_salt,salt,E,0.0,tap,2,1,,60.4477,60.4666,0.0189,,1293809,0.008,-0.0014,-0.0213,2,shock
20260820T175631Z_salt,salt,E,0.0,refeed,3,360.0,30.0,60.5724,60.5951,0.0228,,1355874,0.0188,0.0361,-0.0021,2,shock
20260820T175631Z_salt,salt,E,0.0,tap,3,1,,60.5873,60.5815,-0.0058,,1405900,0.0106,-0.0013,0.0252,2,shock
20260820T175631Z_salt,salt,E,0.0,refeed,4,360.0,30.0,60.6869,60.7381,0.0512,,1443089,0.0291,-0.0129,0.0024,2,shock
20260820T175631Z_salt,salt,E,0.0,tap,4,1,,60.7352,60.7518,0.0166,,1453133,0.0023,-0.0075,0.0,0,unsettled
20260820T175631Z_salt,salt,E,0.0,refeed,5,360.0,30.0,60.7359,60.7981,0.0622,,1464700,0.0044,-0.0161,0.0,0,unsettled
20260820T175631Z_salt,salt,E,0.0,tap,5,1,,60.7744,60.8091,0.0347,,1487271,0.0118,-0.0304,0.0,1,unsettled
20260820T175631Z_salt,salt,E,0.0,refeed,6,360.0,30.0,60.9062,60.9281,0.0219,,1546860,0.0109,0.029,0.0043,2,shock
20260820T175631Z_salt,salt,E,0.0,tap,6,1,,60.9386,60.948,0.0094,,1586918,0.0079,-0.0002,0.0103,2,shock
20260820T175631Z_salt,salt,E,0.0,refeed,7,360.0,30.0,61.0279,61.075,0.0471,,1621644,0.0104,0.0043,-0.0034,2,shock
20260820T175631Z_salt,salt,E,0.0,tap,7,1,,61.0873,61.0854,-0.0018,,1659219,0.0086,0.0159,-0.013,2,shock
20260820T192224Z_sodium-sulfate,sodium-sulfate,A,45.0,baseline,0,,,51.271,51.263,-0.008,,14313,0.0056,-0.0005,0.0112,0,shock
20260820T192224Z_sodium-sulfate,sodium-sulfate,A,45.0,baseline,1,,,51.2273,51.2693,0.042,,18806,0.0091,-0.0357,0.0112,0,unsettled
20260820T192224Z_sodium-sulfate,sodium-sulfate,A,45.0,baseline,2,,,51.259,51.2728,0.0139,,23305,0.0074,-0.0104,-0.0112,0,shock
20260820T192224Z_sodium-sulfate,sodium-sulfate,A,45.0,baseline,3,,,51.285,51.2616,-0.0235,,27795,0.0093,0.0122,0.0033,0,shock
20260820T192224Z_sodium-sulfate,sodium-sulfate,A,45.0,baseline,4,,,51.2278,51.2696,0.0419,,32290,0.004,-0.0338,0.0145,0,unsettled
20260820T192224Z_sodium-sulfate,sodium-sulfate,A,45.0,baseline,5,,,51.2804,51.2665,-0.0138,,36785,0.0076,0.0107,0.0,0,unsettled
20260820T192224Z_sodium-sulfate,sodium-sulfate,A,45.0,baseline,6,,,51.2629,51.27,0.0071,,41280,0.0085,-0.0037,0.0,0,unsettled
20260820T192224Z_sodium-sulfate,sodium-sulfate,A,45.0,baseline,7,,,51.2704,51.2708,0.0004,,45775,0.0107,0.0004,0.0,0,unsettled
20260820T192224Z_sodium-sulfate,sodium-sulfate,B,0.0,hold,0,15,,51.1805,51.3001,0.1195,,75714,0.018,-0.094,-0.0249,0,shock
20260820T192224Z_sodium-sulfate,sodium-sulfate,B,45.0,hold,0,15,,51.2791,51.2729,-0.0062,,105656,0.0202,0.0021,0.0024,0,shock
20260820T192224Z_sodium-sulfate,sodium-sulfate,B,90.0,hold,0,15,,51.3044,51.2843,-0.0201,,135581,0.0333,0.0289,-0.0108,0,shock
20260820T192224Z_sodium-sulfate,sodium-sulfate,C,0.0,rotation,0,360.0,30.0,51.2797,51.34,0.0603,,155190,0.0021,0.0027,0.0,0,unsettled
20260820T192224Z_sodium-sulfate,sodium-sulfate,C,0.0,rotation,1,360.0,30.0,51.3472,51.3984,0.0512,,166761,0.0095,0.0076,0.0,0,unsettled
20260820T192224Z_sodium-sulfate,sodium-sulfate,C,0.0,rotation,2,360.0,30.0,51.4168,51.464,0.0473,,178321,0.0123,0.0177,0.0,0,unsettled
20260820T192224Z_sodium-sulfate,sodium-sulfate,C,0.0,rotation,3,360.0,30.0,51.4556,51.5148,0.0592,,189904,0.0132,-0.0089,0.0,0,unsettled
20260820T192224Z_sodium-sulfate,sodium-sulfate,C,0.0,rotation,4,360.0,30.0,51.6785,51.6952,0.0167,,224618,0.0121,0.0492,-0.0113,2,shock
20260820T192224Z_sodium-sulfate,sodium-sulfate,C,0.0,rotation,5,360.0,30.0,51.6628,51.7353,0.0725,,241150,0.0173,-0.0233,0.0,0,unsettled
20260820T192224Z_sodium-sulfate,sodium-sulfate,C,45.0,rotation,0,360.0,30.0,0.2203,0.4577,0.2374,,275582,0.0015,-0.0095,0.0,1,unsettled
20260820T192224Z_sodium-sulfate,sodium-sulfate,C,45.0,rotation,1,360.0,30.0,0.416,0.6738,0.2579,,287164,0.0094,-0.0377,0.0,0,unsettled
20260820T192224Z_sodium-sulfate,sodium-sulfate,C,45.0,rotation,2,360.0,30.0,0.6701,0.8675,0.1975,,298720,0.0119,-0.0046,0.0,0,unsettled
20260820T192224Z_sodium-sulfate,sodium-sulfate,C,45.0,rotation,3,360.0,30.0,0.8706,1.0677,0.1972,,310295,0.0022,0.0024,0.0,0,unsettled
20260820T192224Z_sodium-sulfate,sodium-sulfate,C,45.0,rotation,4,360.0,30.0,1.0736,1.2577,0.1842,,324360,0.0119,0.0071,0.0,0,unsettled
20260820T192224Z_sodium-sulfate,sodium-sulfate,C,45.0,rotation,5,360.0,30.0,1.2693,1.4454,0.1762,,335924,0.0063,0.0126,0.0,0,ok
20260820T192224Z_sodium-sulfate,sodium-sulfate,C,90.0,rotation,0,360.0,30.0,1.4332,1.6868,0.2536,,354759,0.0053,-0.01,0.0,0,ok
20260820T192224Z_sodium-sulfate,sodium-sulfate,C,90.0,rotation,1,360.0,30.0,1.6891,1.9731,0.284,,366335,0.0142,0.0031,0.0,0,unsettled
20260820T192224Z_sodium-sulfate,sodium-sulfate,C,90.0,rotation,2,360.0,30.0,2.0171,2.279,0.2619,,377902,0.0155,0.042,0.0,0,unsettled
20260820T192224Z_sodium-sulfate,sodium-sulfate,C,90.0,rotation,3,360.0,30.0,2.2541,2.4902,0.2361,,389478,0.0075,-0.0254,0.0,0,unsettled
20260820T192224Z_sodium-sulfate,sodium-sulfate,C,90.0,rotation,4,360.0,30.0,2.4996,2.7213,0.2217,,401048,0.0102,0.0089,0.0,0,unsettled
20260820T192224Z_sodium-sulfate,sodium-sulfate,C,90.0,rotation,5,360.0,30.0,2.7184,2.9223,0.204,,412621,0.0118,-0.0027,0.0,0,unsettled
20260820T192224Z_sodium-sulfate,sodium-sulfate,D,45.0,speed,0,3.0,15.0,2.9428,4.2125,1.2697,,445610,0.018,0.0201,0.0,0,unsettled
20260820T192224Z_sodium-sulfate,sodium-sulfate,D,45.0,speed,1,3.0,45.0,4.2052,4.996,0.7908,,459094,0.0059,-0.0073,0.0,0,unsettled
20260820T192224Z_sodium-sulfate,sodium-sulfate,D,45.0,speed,2,3.0,90.0,5.013,5.6696,0.6566,,469517,0.0115,0.0134,0.0,0,unsettled
20260820T192224Z_sodium-sulfate,sodium-sulfate,E,0.0,refeed,0,360.0,30.0,5.663,5.7178,0.0548,,488357,0.0097,-0.0065,0.0,0,unsettled
20260820T192224Z_sodium-sulfate,sodium-sulfate,E,0.0,tap,0,1,,5.7281,5.7243,-0.0038,,495915,0.0051,0.0083,0.0,0,unsettled
20260820T192224Z_sodium-sulfate,sodium-sulfate,E,0.0,refeed,1,360.0,30.0,5.7148,5.7701,0.0553,,507487,0.0047,-0.0081,0.0,0,unsettled
20260820T192224Z_sodium-sulfate,sodium-sulfate,E,0.0,tap,1,1,,5.7763,5.7774,0.0012,,515050,0.0059,0.0089,0.0,0,unsettled
20260820T192224Z_sodium-sulfate,sodium-sulfate,E,0.0,refeed,2,360.0,30.0,5.7758,5.8184,0.0425,,526621,0.0022,-0.0021,0.0,0,unsettled
20260820T192224Z_sodium-sulfate,sodium-sulfate,E,0.0,tap,2,1,,5.8235,5.8286,0.0051,,534164,0.0046,0.0037,0.0,0,unsettled
20260820T192224Z_sodium-sulfate,sodium-sulfate,E,0.0,refeed,3,360.0,30.0,5.8346,5.8704,0.0357,,545735,0.0039,0.006,0.0,0,unsettled
20260820T192224Z_sodium-sulfate,sodium-sulfate,E,0.0,tap,3,1,,5.8632,5.8771,0.0139,,553303,0.0045,-0.0077,0.0,0,unsettled
20260820T192224Z_sodium-sulfate,sodium-sulfate,E,0.0,refeed,4,360.0,30.0,5.8852,5.9166,0.0313,,564874,0.0039,0.0061,0.0,0,unsettled
20260820T192224Z_sodium-sulfate,sodium-sulfate,E,0.0,tap,4,1,,5.9197,5.9239,0.0042,,572416,0.0026,0.0037,0.0,0,ok
20260820T192224Z_sodium-sulfate,sodium-sulfate,E,0.0,refeed,5,360.0,30.0,5.9188,5.9642,0.0454,,583988,0.0077,-0.0053,0.0,0,unsettled
20260820T192224Z_sodium-sulfate,sodium-sulfate,E,0.0,tap,5,1,,5.9655,5.9721,0.0065,,591555,0.0029,0.0024,0.0,0,unsettled
20260820T192224Z_sodium-sulfate,sodium-sulfate,E,0.0,refeed,6,360.0,30.0,5.975,6.0071,0.0321,,603114,0.0017,0.0022,0.0,0,unsettled
20260820T192224Z_sodium-sulfate,sodium-sulfate,E,0.0,tap,6,1,,5.9962,6.0134,0.0172,,610673,0.0067,-0.0101,0.0,0,unsettled
20260820T192224Z_sodium-sulfate,sodium-sulfate,E,0.0,refeed,7,360.0,30.0,6.0203,6.0513,0.031,,622240,0.0015,0.0059,0.0,0,unsettled
20260820T192224Z_sodium-sulfate,sodium-sulfate,E,0.0,tap,7,1,,6.0374,6.0562,0.0189,,629794,0.0054,-0.0139,0.0,0,unsettled
20260820T192224Z_sodium-sulfate,sodium-sulfate,E,45.0,refeed,0,360.0,30.0,6.0635,6.2929,0.2294,,648638,0.0018,-0.0033,0.0,0,unsettled
20260820T192224Z_sodium-sulfate,sodium-sulfate,E,45.0,tap,0,1,,6.2941,6.3046,0.0106,,656201,0.0028,0.0004,0.0,0,ok
20260820T192224Z_sodium-sulfate,sodium-sulfate,E,45.0,refeed,1,360.0,30.0,6.3031,6.4938,0.1908,,667761,0.0057,-0.0027,0.0,0,ok
20260820T192224Z_sodium-sulfate,sodium-sulfate,E,45.0,tap,1,1,,6.503,6.5098,0.0067,,675319,0.0044,0.0091,0.0,0,unsettled
20260820T192224Z_sodium-sulfate,sodium-sulfate,E,45.0,refeed,2,360.0,30.0,6.5145,6.6951,0.1806,,686889,0.0014,0.0069,0.0,0,ok
20260820T192224Z_sodium-sulfate,sodium-sulfate,E,45.0,tap,2,1,,6.695,6.7105,0.0155,,694442,0.0043,-0.002,0.0,0,unsettled
20260820T192224Z_sodium-sulfate,sodium-sulfate,E,45.0,refeed,3,360.0,30.0,6.7133,6.8871,0.1739,,706013,0.0082,0.0028,0.0,0,unsettled
20260820T192224Z_sodium-sulfate,sodium-sulfate,E,45.0,tap,3,1,,6.8795,6.8995,0.02,,713568,0.0011,-0.0071,0.0,0,ok
20260820T192224Z_sodium-sulfate,sodium-sulfate,E,45.0,refeed,4,360.0,30.0,6.9002,7.0803,0.1801,,725138,0.0022,0.0002,0.0,0,ok
20260820T192224Z_sodium-sulfate,sodium-sulfate,E,45.0,tap,4,1,,7.0821,7.0974,0.0153,,732707,0.0025,0.0006,0.0,0,ok
20260820T192224Z_sodium-sulfate,sodium-sulfate,E,45.0,refeed,5,360.0,30.0,7.0881,7.2676,0.1795,,744266,0.0016,-0.0094,0.0,0,ok
20260820T192224Z_sodium-sulfate,sodium-sulfate,E,45.0,tap,5,1,,7.2775,7.2767,-0.0007,,751820,0.0037,0.0091,0.0,0,unsettled
20260820T192224Z_sodium-sulfate,sodium-sulfate,E,45.0,refeed,6,360.0,30.0,7.2848,7.4372,0.1524,,763396,0.0063,0.0076,0.0,0,ok
20260820T192224Z_sodium-sulfate,sodium-sulfate,E,45.0,tap,6,1,,7.4359,7.4459,0.01,,770959,0.002,-0.0011,0.0,0,ok
20260820T192224Z_sodium-sulfate,sodium-sulfate,E,45.0,refeed,7,360.0,30.0,7.4411,7.6322,0.191,,782517,0.0016,-0.0048,0.0,0,unsettled
20260820T192224Z_sodium-sulfate,sodium-sulfate,E,45.0,tap,7,1,,7.6413,7.6386,-0.0027,,790077,0.0048,0.0091,0.0,0,unsettled
20260820T214823Z_silicon-110-200,silicon-110-200,A,45.0,baseline,0,,,-0.6094,-0.5909,0.0185,,14300,0.0079,-0.0156,0.0027,0,shock
20260820T214823Z_silicon-110-200,silicon-110-200,A,45.0,baseline,1,,,-0.5858,-0.5941,-0.0082,,18795,0.005,0.0051,0.0027,0,unsettled
20260820T214823Z_silicon-110-200,silicon-110-200,A,45.0,baseline,2,,,-0.5694,-0.5975,-0.0281,,23290,0.0068,0.0247,0.0,0,unsettled
20260820T214823Z_silicon-110-200,silicon-110-200,A,45.0,baseline,3,,,-0.6038,-0.6048,-0.001,,27796,0.0038,-0.0063,0.0111,0,shock
20260820T214823Z_silicon-110-200,silicon-110-200,A,45.0,baseline,4,,,-0.6278,-0.5988,0.029,,32277,0.009,-0.023,0.0057,0,shock
20260820T214823Z_silicon-110-200,silicon-110-200,A,45.0,baseline,5,,,-0.6085,-0.5944,0.0142,,36772,0.0093,-0.0097,-0.0054,0,unsettled
20260820T214823Z_silicon-110-200,silicon-110-200,A,45.0,baseline,6,,,-0.5902,-0.5994,-0.0092,,41267,0.0111,0.0042,0.0,0,unsettled
20260820T214823Z_silicon-110-200,silicon-110-200,A,45.0,baseline,7,,,-0.5722,-0.5953,-0.0231,,45762,0.0072,0.0272,-0.0051,0,shock
20260820T214823Z_silicon-110-200,silicon-110-200,B,0.0,hold,0,15,,-0.5836,-0.5787,0.0049,,75699,0.0307,0.0084,-0.0128,0,shock
20260820T214823Z_silicon-110-200,silicon-110-200,B,45.0,hold,0,15,,-0.5648,-0.5976,-0.0328,,105631,0.0397,0.0271,0.002,0,shock
20260820T214823Z_silicon-110-200,silicon-110-200,B,90.0,hold,0,15,,-0.6254,-0.579,0.0464,,135564,0.0328,-0.0309,-0.0129,0,shock
20260820T214823Z_silicon-110-200,silicon-110-200,C,0.0,rotation,0,360.0,30.0,-0.5335,-0.4683,0.0651,,183284,0.0085,-0.0208,0.0,2,unsettled
20260820T214823Z_silicon-110-200,silicon-110-200,C,0.0,rotation,1,360.0,30.0,-0.4678,-0.4233,0.0445,,197342,0.0066,0.0048,0.0,0,unsettled
20260820T214823Z_silicon-110-200,silicon-110-200,C,0.0,rotation,2,360.0,30.0,-0.4042,-0.3735,0.0307,,208909,0.0069,0.0195,0.0,0,unsettled
20260820T214823Z_silicon-110-200,silicon-110-200,C,0.0,rotation,3,360.0,30.0,-0.3796,-0.3245,0.0551,,220485,0.0057,-0.001,0.0,0,unsettled
20260820T214823Z_silicon-110-200,silicon-110-200,C,0.0,rotation,4,360.0,30.0,-0.344,-0.2739,0.0701,,232056,0.0128,-0.0186,0.0,0,unsettled
20260820T214823Z_silicon-110-200,silicon-110-200,C,0.0,rotation,5,360.0,30.0,-0.3035,-0.226,0.0775,,243623,0.0163,-0.026,0.0,0,unsettled
20260820T214823Z_silicon-110-200,silicon-110-200,C,45.0,rotation,0,360.0,30.0,0.0185,0.2527,0.2342,,274046,0.0105,-0.0099,0.0,1,unsettled
20260820T214823Z_silicon-110-200,silicon-110-200,C,45.0,rotation,1,360.0,30.0,0.235,0.4527,0.2178,,290582,0.0156,-0.0148,0.0,0,unsettled
20260820T214823Z_silicon-110-200,silicon-110-200,C,45.0,rotation,2,360.0,30.0,0.4638,0.6597,0.1959,,302150,0.0014,0.0093,0.0,0,ok
20260820T214823Z_silicon-110-200,silicon-110-200,C,45.0,rotation,3,360.0,30.0,0.6769,0.8723,0.1954,,313720,0.0054,0.0162,0.0,0,unsettled
20260820T214823Z_silicon-110-200,silicon-110-200,C,45.0,rotation,4,360.0,30.0,0.873,1.0802,0.2072,,325292,0.0062,0.0024,0.0,0,unsettled
20260820T214823Z_silicon-110-200,silicon-110-200,C,45.0,rotation,5,360.0,30.0,1.4961,1.7098,0.2137,,362501,0.0162,-0.0082,0.0,2,unsettled
20260820T214823Z_silicon-110-200,silicon-110-200,C,90.0,rotation,0,360.0,30.0,1.7658,2.066,0.3002,,381332,0.0155,-0.0008,0.0,0,unsettled
20260820T214823Z_silicon-110-200,silicon-110-200,C,90.0,rotation,1,360.0,30.0,2.0454,2.358,0.3126,,392904,0.0105,-0.0187,0.0,0,unsettled
20260820T214823Z_silicon-110-200,silicon-110-200,C,90.0,rotation,2,360.0,30.0,2.3383,2.6593,0.321,,404487,0.0058,-0.0194,0.0,0,unsettled
20260820T214823Z_silicon-110-200,silicon-110-200,C,90.0,rotation,3,360.0,30.0,2.6592,2.954,0.2949,,416058,0.0118,0.0004,0.0,0,unsettled
20260820T214823Z_silicon-110-200,silicon-110-200,C,90.0,rotation,4,360.0,30.0,2.9607,3.2441,0.2833,,427618,0.0056,0.0066,0.0,0,unsettled
20260820T214823Z_silicon-110-200,silicon-110-200,C,90.0,rotation,5,360.0,30.0,3.2425,3.5446,0.3021,,439201,0.0075,-0.0019,0.0,0,unsettled
20260820T214823Z_silicon-110-200,silicon-110-200,D,45.0,speed,0,3.0,15.0,3.5678,4.4817,0.9139,,472180,0.0081,0.0201,0.0,0,ok
20260820T214823Z_silicon-110-200,silicon-110-200,D,45.0,speed,1,3.0,45.0,4.4839,5.2616,0.7777,,485665,0.0012,0.0028,0.0,0,unsettled
20260820T214823Z_silicon-110-200,silicon-110-200,D,45.0,speed,2,3.0,90.0,5.2577,5.8884,0.6307,,496088,0.0017,-0.0027,0.0,0,unsettled
20260820T214823Z_silicon-110-200,silicon-110-200,E,0.0,refeed,0,360.0,30.0,5.9327,5.9744,0.0417,,544861,0.0068,-0.0007,0.0,1,ok
20260820T214823Z_silicon-110-200,silicon-110-200,E,0.0,tap,0,1,,5.9904,5.975,-0.0154,,552420,0.0082,0.014,0.0,0,unsettled
20260820T214823Z_silicon-110-200,silicon-110-200,E,0.0,refeed,1,360.0,30.0,5.9812,6.0187,0.0375,,563999,0.0019,0.0057,0.0,0,unsettled
20260820T214823Z_silicon-110-200,silicon-110-200,E,0.0,tap,1,1,,6.0156,6.0194,0.0038,,579109,0.0009,-0.0011,0.0,1,ok
20260820T214823Z_silicon-110-200,silicon-110-200,E,0.0,refeed,2,360.0,30.0,6.0126,6.0645,0.0519,,590669,0.0108,-0.0061,0.0,0,unsettled
20260820T214823Z_silicon-110-200,silicon-110-200,E,0.0,tap,2,1,,6.0564,6.0631,0.0068,,605778,0.0062,-0.008,0.0,1,unsettled
20260820T214823Z_silicon-110-200,silicon-110-200,E,0.0,refeed,3,360.0,30.0,6.0471,6.1068,0.0598,,617361,0.01,-0.0158,0.0,0,unsettled
20260820T214823Z_silicon-110-200,silicon-110-200,E,0.0,tap,3,1,,6.1052,6.1041,-0.0011,,624907,0.0039,-0.0023,0.0,0,unsettled
20260820T214823Z_silicon-110-200,silicon-110-200,E,0.0,refeed,4,360.0,30.0,6.17,6.2408,0.0709,,659617,0.0129,-0.027,0.0,2,unsettled
20260820T214823Z_silicon-110-200,silicon-110-200,E,0.0,tap,4,1,,6.2469,6.2447,-0.0023,,667185,0.0022,0.0055,0.0,0,unsettled
20260820T214823Z_silicon-110-200,silicon-110-200,E,0.0,refeed,5,360.0,30.0,6.2308,6.2903,0.0595,,678745,0.0121,-0.0127,0.0,0,unsettled
20260820T214823Z_silicon-110-200,silicon-110-200,E,0.0,tap,5,1,,6.2964,6.2869,-0.0095,,686303,0.0061,0.0075,0.0,0,unsettled
20260820T214823Z_silicon-110-200,silicon-110-200,E,0.0,refeed,6,360.0,30.0,6.2781,6.3348,0.0567,,697870,0.0091,-0.0115,0.0,0,unsettled
20260820T214823Z_silicon-110-200,silicon-110-200,E,0.0,tap,6,1,,6.3471,6.3369,-0.0101,,705424,0.0075,0.0138,0.0,0,unsettled
20260820T214823Z_silicon-110-200,silicon-110-200,E,0.0,refeed,7,360.0,30.0,6.3125,6.3802,0.0677,,716995,0.0117,-0.0228,0.0,0,unsettled
20260820T214823Z_silicon-110-200,silicon-110-200,E,0.0,tap,7,1,,6.382,6.38,-0.002,,724577,0.0069,0.0019,0.0,0,unsettled
20260820T214823Z_silicon-110-200,silicon-110-200,E,45.0,refeed,0,360.0,30.0,6.4121,6.5852,0.1731,,743391,0.0122,0.0263,0.0,0,unsettled
20260820T214823Z_silicon-110-200,silicon-110-200,E,45.0,tap,0,1,,6.5831,6.5823,-0.0008,,750945,0.0047,-0.0016,0.0,0,unsettled
20260820T214823Z_silicon-110-200,silicon-110-200,E,45.0,refeed,1,360.0,30.0,6.5848,6.7677,0.1829,,762519,0.0092,0.0016,0.0,0,unsettled
20260820T214823Z_silicon-110-200,silicon-110-200,E,45.0,tap,1,1,,6.781,6.7694,-0.0116,,770084,0.0064,0.0123,0.0,0,unsettled
20260820T214823Z_silicon-110-200,silicon-110-200,E,45.0,refeed,2,360.0,30.0,6.7795,6.941,0.1615,,781655,0.014,0.0091,0.0,0,unsettled
20260820T214823Z_silicon-110-200,silicon-110-200,E,45.0,tap,2,1,,6.9522,6.9418,-0.0104,,789202,0.0041,0.0105,0.0,0,unsettled
20260820T214823Z_silicon-110-200,silicon-110-200,E,45.0,refeed,3,360.0,30.0,6.9412,7.1248,0.1836,,800769,0.0029,0.0016,0.0,0,unsettled
20260820T214823Z_silicon-110-200,silicon-110-200,E,45.0,tap,3,1,,7.1283,7.1305,0.0023,,815890,0.0037,0.0071,0.0,1,unsettled
20260820T214823Z_silicon-110-200,silicon-110-200,E,45.0,refeed,4,360.0,30.0,7.153,7.2965,0.1435,,827462,0.0049,0.0223,0.0,0,unsettled
20260820T214823Z_silicon-110-200,silicon-110-200,E,45.0,tap,4,1,,7.292,7.2992,0.0071,,835004,0.0094,-0.0075,0.0,0,unsettled
20260820T214823Z_silicon-110-200,silicon-110-200,E,45.0,refeed,5,360.0,30.0,7.2996,7.4863,0.1867,,846580,0.0155,0.0028,0.0,0,unsettled
20260820T214823Z_silicon-110-200,silicon-110-200,E,45.0,tap,5,1,,7.4855,7.4834,-0.0022,,861700,0.0033,0.0102,0.0,1,ok
20260820T214823Z_silicon-110-200,silicon-110-200,E,45.0,refeed,6,360.0,30.0,7.4851,7.6615,0.1764,,873261,0.0135,0.0,0.0,0,unsettled
20260820T214823Z_silicon-110-200,silicon-110-200,E,45.0,tap,6,1,,7.66,7.6573,-0.0027,,880824,0.0079,0.0009,0.0,0,unsettled
20260820T214823Z_silicon-110-200,silicon-110-200,E,45.0,refeed,7,360.0,30.0,7.6595,7.8486,0.189,,892384,0.0118,0.002,0.0,0,unsettled
20260820T214823Z_silicon-110-200,silicon-110-200,E,45.0,tap,7,1,,7.8579,7.848,-0.0099,,900038,0.0059,0.0084,0.0,0,unsettled
20260821T151337Z_alsi10mg,alsi10mg,A,45.0,baseline,0,,,1.6408,1.6339,-0.0069,,14335,0.0039,-0.0004,0.0101,0,shock
20260821T151337Z_alsi10mg,alsi10mg,A,45.0,baseline,1,,,1.6141,1.6542,0.0401,,18830,0.0071,-0.0198,-0.0076,0,shock
20260821T151337Z_alsi10mg,alsi10mg,A,45.0,baseline,2,,,1.69,1.6419,-0.0481,,23322,0.0062,0.0358,-0.0177,0,unsettled
20260821T151337Z_alsi10mg,alsi10mg,A,45.0,baseline,3,,,1.6366,1.6356,-0.0011,,27822,0.0094,-0.0052,0.0112,0,shock
20260821T151337Z_alsi10mg,alsi10mg,A,45.0,baseline,4,,,1.6181,1.6472,0.0291,,32312,0.0069,-0.0174,0.0001,0,shock
20260821T151337Z_alsi10mg,alsi10mg,A,45.0,baseline,5,,,1.6745,1.642,-0.0324,,36807,0.0071,0.0272,-0.0111,0,unsettled
20260821T151337Z_alsi10mg,alsi10mg,A,45.0,baseline,6,,,1.6406,1.642,0.0014,,41302,0.0064,-0.0014,0.0,0,unsettled
20260821T151337Z_alsi10mg,alsi10mg,A,45.0,baseline,7,,,1.6422,1.6417,-0.0005,,45797,0.0032,0.0002,0.0,0,ok
20260821T151337Z_alsi10mg,alsi10mg,B,0.0,hold,0,15,,1.6327,1.646,0.0133,,78223,0.0269,-0.0125,0.0,0,unsettled
20260821T151337Z_alsi10mg,alsi10mg,B,45.0,hold,0,15,,1.686,1.6523,-0.0337,,108152,0.008,0.042,-0.0103,0,shock
20260821T151337Z_alsi10mg,alsi10mg,B,90.0,hold,0,15,,1.5949,1.6351,0.0402,,138083,0.0356,-0.0527,0.0106,0,shock
20260821T151337Z_alsi10mg,alsi10mg,C,0.0,rotation,0,360.0,30.0,1.6589,1.6872,0.0284,,157698,0.0104,0.0159,0.0,0,unsettled
20260821T151337Z_alsi10mg,alsi10mg,C,0.0,rotation,1,360.0,30.0,1.6729,1.7475,0.0746,,169256,0.0017,-0.0102,0.0,0,unsettled
20260821T151337Z_alsi10mg,alsi10mg,C,0.0,rotation,2,360.0,30.0,1.7433,1.7915,0.0481,,180832,0.0061,-0.0035,0.0,0,unsettled
20260821T151337Z_alsi10mg,alsi10mg,C,0.0,rotation,3,360.0,30.0,1.8021,1.8597,0.0576,,194885,0.0097,0.0093,0.0,0,unsettled
20260821T151337Z_alsi10mg,alsi10mg,C,0.0,rotation,4,360.0,30.0,1.8747,1.909,0.0343,,206456,0.0129,0.0176,0.0,0,unsettled
20260821T151337Z_alsi10mg,alsi10mg,C,0.0,rotation,5,360.0,30.0,1.9157,1.9663,0.0506,,218032,0.0092,0.0058,0.0,0,unsettled
20260821T151337Z_alsi10mg,alsi10mg,C,45.0,rotation,0,360.0,30.0,2.2154,2.3979,0.1824,,250925,0.0114,0.0113,0.0,1,unsettled
20260821T151337Z_alsi10mg,alsi10mg,C,45.0,rotation,1,360.0,30.0,2.5733,2.8247,0.2513,,274068,0.0146,-0.0284,0.0,1,unsettled
20260821T151337Z_alsi10mg,alsi10mg,C,45.0,rotation,2,360.0,30.0,3.0747,3.2758,0.2011,,297211,0.0158,0.023,0.0,1,unsettled
20260821T151337Z_alsi10mg,alsi10mg,C,45.0,rotation,3,360.0,30.0,3.2679,3.5128,0.2449,,308809,0.0064,-0.0125,0.0,0,unsettled
20260821T151337Z_alsi10mg,alsi10mg,C,45.0,rotation,4,360.0,30.0,3.7443,3.9965,0.2522,,331938,0.0207,-0.0018,0.0,1,unsettled
20260821T151337Z_alsi10mg,alsi10mg,C,45.0,rotation,5,360.0,30.0,3.9991,4.2529,0.2538,,343495,0.01,0.0006,0.0,0,unsettled
20260821T151337Z_alsi10mg,alsi10mg,C,90.0,rotation,0,360.0,30.0,4.5233,4.867,0.3438,,373906,0.0092,-0.0181,0.0,1,unsettled
20260821T151337Z_alsi10mg,alsi10mg,C,90.0,rotation,1,360.0,30.0,4.8534,5.1952,0.3419,,397914,0.0088,-0.0164,0.0,0,unsettled
20260821T151337Z_alsi10mg,alsi10mg,C,90.0,rotation,2,360.0,30.0,5.1868,5.5194,0.3326,,411967,0.004,-0.0106,0.0,0,unsettled
20260821T151337Z_alsi10mg,alsi10mg,C,90.0,rotation,3,360.0,30.0,6.1898,6.5185,0.3287,,454151,0.0244,0.0122,0.0,2,unsettled
20260821T151337Z_alsi10mg,alsi10mg,C,90.0,rotation,4,360.0,30.0,7.2271,7.5918,0.3648,,503777,0.0172,0.0194,-0.0165,2,shock
20260821T151337Z_alsi10mg,alsi10mg,C,90.0,rotation,5,360.0,30.0,7.6148,7.9366,0.3218,,515347,0.0053,0.0276,0.0,0,unsettled
20260821T151337Z_alsi10mg,alsi10mg,D,45.0,speed,0,3.0,15.0,7.9293,8.9962,1.0669,,553308,0.0141,-0.0028,0.0,0,unsettled
20260821T151337Z_alsi10mg,alsi10mg,D,45.0,speed,1,3.0,45.0,8.9789,9.8996,0.9208,,566793,0.0176,-0.0217,-0.0155,0,shock
20260821T151337Z_alsi10mg,alsi10mg,D,45.0,speed,2,3.0,90.0,9.8866,10.4336,0.547,,579702,0.0148,0.0012,-0.0053,0,shock
20260821T151337Z_alsi10mg,alsi10mg,E,0.0,refeed,0,360.0,30.0,10.489,10.5155,0.0266,,615087,0.0174,0.0076,0.0,1,unsettled
20260821T151337Z_alsi10mg,alsi10mg,E,0.0,tap,0,1,,10.5205,10.5168,-0.0037,,630195,0.0071,0.0156,0.0,1,unsettled
20260821T151337Z_alsi10mg,alsi10mg,E,0.0,refeed,1,360.0,30.0,10.5102,10.5616,0.0515,,644255,0.0135,-0.0034,0.0,0,unsettled
20260821T151337Z_alsi10mg,alsi10mg,E,0.0,tap,1,1,,10.5468,10.5578,0.0109,,666930,0.008,-0.0118,0.0,2,unsettled
20260821T151337Z_alsi10mg,alsi10mg,E,0.0,refeed,2,360.0,30.0,10.5424,10.6159,0.0735,,680980,0.0128,-0.0177,0.0,0,unsettled
20260821T151337Z_alsi10mg,alsi10mg,E,0.0,tap,2,1,,10.6163,10.62,0.0037,,703644,0.0115,-0.0006,0.0,2,unsettled
20260821T151337Z_alsi10mg,alsi10mg,E,0.0,refeed,3,360.0,30.0,10.5908,10.6762,0.0854,,715211,0.0153,-0.0271,0.0,0,unsettled
20260821T151337Z_alsi10mg,alsi10mg,E,0.0,tap,3,1,,10.6634,10.677,0.0135,,722793,0.0098,-0.0117,0.0,0,unsettled
20260821T151337Z_alsi10mg,alsi10mg,E,0.0,refeed,4,360.0,30.0,10.6759,10.7242,0.0483,,734350,0.0136,0.0003,0.0,0,unsettled
20260821T151337Z_alsi10mg,alsi10mg,E,0.0,tap,4,1,,10.7124,10.731,0.0187,,759488,0.0079,-0.0168,0.0,2,unsettled
20260821T151337Z_alsi10mg,alsi10mg,E,0.0,refeed,5,360.0,30.0,10.758,10.7893,0.0314,,771064,0.0123,0.0257,0.0,0,unsettled
20260821T151337Z_alsi10mg,alsi10mg,E,0.0,tap,5,1,,10.7599,10.7807,0.0208,,801183,0.0061,-0.0237,0.0,2,unsettled
20260821T151337Z_alsi10mg,alsi10mg,E,0.0,refeed,6,360.0,30.0,10.8233,10.9074,0.084,,829302,0.0147,-0.0198,0.0,1,unsettled
20260821T151337Z_alsi10mg,alsi10mg,E,0.0,tap,6,1,,10.9248,10.9063,-0.0185,,836854,0.0072,0.0138,0.0,0,unsettled
20260821T151337Z_alsi10mg,alsi10mg,E,0.0,refeed,7,360.0,30.0,10.9346,10.9662,0.0316,,848437,0.0132,0.0263,0.0,0,unsettled
20260821T151337Z_alsi10mg,alsi10mg,E,0.0,tap,7,1,,10.9663,10.968,0.0017,,858465,0.0058,-0.0019,0.0,0,unsettled
20260821T151337Z_alsi10mg,alsi10mg,E,45.0,refeed,0,360.0,30.0,11.549,11.826,0.277,,907908,0.0138,0.0084,0.01,2,shock
20260821T151337Z_alsi10mg,alsi10mg,E,45.0,tap,0,1,,11.8383,11.8372,-0.0011,,915466,0.0066,0.0028,0.0,0,unsettled
20260821T151337Z_alsi10mg,alsi10mg,E,45.0,refeed,1,360.0,30.0,11.8186,12.0941,0.2755,,927045,0.0095,-0.0153,0.0,0,unsettled
20260821T151337Z_alsi10mg,alsi10mg,E,45.0,tap,1,1,,12.0808,12.1023,0.0216,,952184,0.0104,-0.0168,0.0,2,unsettled
20260821T151337Z_alsi10mg,alsi10mg,E,45.0,refeed,2,360.0,30.0,12.5493,12.8316,0.2823,,996843,0.0148,-0.0189,-0.0111,2,shock
20260821T151337Z_alsi10mg,alsi10mg,E,45.0,tap,2,1,,12.8369,12.8284,-0.0085,,1004411,0.0074,0.0175,0.0,0,unsettled
20260821T151337Z_alsi10mg,alsi10mg,E,45.0,refeed,3,360.0,30.0,13.3196,13.5989,0.2793,,1051544,0.0189,-0.0138,0.0,2,unsettled
20260821T151337Z_alsi10mg,alsi10mg,E,45.0,tap,3,1,,13.603,13.5985,-0.0045,,1064076,0.0147,0.0047,0.0,0,unsettled
20260821T151337Z_alsi10mg,alsi10mg,E,45.0,refeed,4,360.0,30.0,14.0784,14.3334,0.255,,1103758,0.0137,0.0167,-0.0168,2,shock
20260821T151337Z_alsi10mg,alsi10mg,E,45.0,tap,4,1,,14.3521,14.3353,-0.0168,,1116285,0.007,0.024,0.0,0,unsettled
20260821T151337Z_alsi10mg,alsi10mg,E,45.0,refeed,5,360.0,30.0,14.8182,15.0935,0.2753,,1151001,0.0122,-0.008,-0.0179,2,shock
20260821T151337Z_alsi10mg,alsi10mg,E,45.0,tap,5,1,,15.0688,15.0863,0.0176,,1181139,0.0088,-0.0166,0.0,2,unsettled
20260821T151337Z_alsi10mg,alsi10mg,E,45.0,refeed,6,360.0,30.0,15.5191,15.7916,0.2725,,1215839,0.0125,-0.0124,0.0,2,unsettled
20260821T151337Z_alsi10mg,alsi10mg,E,45.0,tap,6,1,,15.808,15.7983,-0.0097,,1223392,0.0115,0.015,0.0,0,unsettled
20260821T151337Z_alsi10mg,alsi10mg,E,45.0,refeed,7,360.0,30.0,16.3173,16.6069,0.2896,,1258106,0.0135,-0.0059,0.0,2,unsettled
20260821T151337Z_alsi10mg,alsi10mg,E,45.0,tap,7,1,,16.6283,16.6144,-0.0139,,1265665,0.0096,0.0186,0.0,0,unsettled
20260821T161838Z_silicon-325,silicon-325,A,45.0,baseline,0,,,0.0,0.0,0.0,,18347,0.0,0.0,0.0,0,ok
20260821T161838Z_silicon-325,silicon-325,A,45.0,baseline,1,,,0.0,0.0,0.0,,22830,0.0,0.0,0.0,0,ok
20260821T161838Z_silicon-325,silicon-325,A,45.0,baseline,2,,,0.0,0.0,0.0,,27337,0.0,0.0,0.0,0,ok
20260821T161838Z_silicon-325,silicon-325,A,45.0,baseline,3,,,0.0,0.0,0.0,,31818,0.0,0.0,0.0,0,ok
20260821T161838Z_silicon-325,silicon-325,A,45.0,baseline,4,,,0.0,0.0,0.0,,36315,0.0,0.0,0.0,0,ok
20260821T161838Z_silicon-325,silicon-325,A,45.0,baseline,5,,,0.0,0.0,0.0,,40807,0.0,0.0,0.0,0,ok
20260821T161838Z_silicon-325,silicon-325,A,45.0,baseline,6,,,0.0,0.0,0.0,,45302,0.0,0.0,0.0,0,ok
20260821T161838Z_silicon-325,silicon-325,A,45.0,baseline,7,,,0.0,0.0,0.0,,49797,0.0,0.0,0.0,0,ok
20260821T161838Z_silicon-325,silicon-325,B,0.0,hold,0,15,,0.0,0.0,0.0,,83761,0.0,0.0,0.0,0,ok
20260821T161838Z_silicon-325,silicon-325,B,45.0,hold,0,15,,0.0,0.0,0.0,,117712,0.0,0.0,0.0,0,ok
20260821T161838Z_silicon-325,silicon-325,B,90.0,hold,0,15,,0.0,0.0,0.0,,151648,0.0,0.0,0.0,0,ok
20260821T161838Z_silicon-325,silicon-325,C,0.0,rotation,0,360.0,30.0,0.0,0.0,0.0,lowflow,175268,0.0,0.0,0.0,0,ok
20260821T161838Z_silicon-325,silicon-325,C,0.0,rotation,1,360.0,30.0,0.0,0.0,0.0,lowflow,186839,0.0,0.0,0.0,0,ok
20260821T161838Z_silicon-325,silicon-325,C,0.0,rotation,2,360.0,30.0,0.0,0.0,0.0,lowflow,198424,0.0,0.0,0.0,0,ok
20260821T161838Z_silicon-325,silicon-325,C,0.0,rotation,3,360.0,30.0,0.0,0.0,0.0,lowflow,209982,0.0,0.0,0.0,0,ok
20260821T161838Z_silicon-325,silicon-325,C,0.0,rotation,4,360.0,30.0,0.0,0.0,0.0,,221564,0.0,0.0,0.0,0,ok
20260821T161838Z_silicon-325,silicon-325,C,0.0,rotation,5,360.0,30.0,0.0,0.0,0.0,,233123,0.0,0.0,0.0,0,ok
20260821T161838Z_silicon-325,silicon-325,C,45.0,rotation,0,360.0,30.0,0.0,0.0,0.0,lowflow,255980,0.0,0.0,0.0,0,ok
20260821T161838Z_silicon-325,silicon-325,C,45.0,rotation,1,360.0,30.0,0.0,0.0,0.0,lowflow,267552,0.0,0.0,0.0,0,ok
20260821T161838Z_silicon-325,silicon-325,C,45.0,rotation,2,360.0,30.0,0.0,0.0,0.0,lowflow,279133,0.0,0.0,0.0,0,ok
20260821T161838Z_silicon-325,silicon-325,C,45.0,rotation,3,360.0,30.0,0.0,0.0,0.0,lowflow,290694,0.0,0.0,0.0,0,ok
20260821T161838Z_silicon-325,silicon-325,C,45.0,rotation,4,360.0,30.0,0.0,0.0,0.0,,302276,0.0,0.0,0.0,0,ok
20260821T161838Z_silicon-325,silicon-325,C,45.0,rotation,5,360.0,30.0,0.0,0.0,0.0,,313845,0.0,0.0,0.0,0,ok
20260821T161838Z_silicon-325,silicon-325,C,90.0,rotation,0,360.0,30.0,0.0,0.0,0.0,lowflow,336692,0.0,0.0,0.0,0,ok
20260821T161838Z_silicon-325,silicon-325,C,90.0,rotation,1,360.0,30.0,0.0,0.0,0.0,lowflow,348264,0.0,0.0,0.0,0,ok
20260821T161838Z_silicon-325,silicon-325,C,90.0,rotation,2,360.0,30.0,0.0,0.0,0.0,lowflow,359845,0.0,0.0,0.0,0,ok
20260821T161838Z_silicon-325,silicon-325,C,90.0,rotation,3,360.0,30.0,0.0,0.0,0.0,lowflow,371407,0.0,0.0,0.0,0,ok
20260821T161838Z_silicon-325,silicon-325,C,90.0,rotation,4,360.0,30.0,0.0,0.0,0.0,,382989,0.0,0.0,0.0,0,ok
20260821T161838Z_silicon-325,silicon-325,C,90.0,rotation,5,360.0,30.0,0.0,0.0072,0.0072,,394547,0.0,0.0,0.0,0,ok
20260821T161838Z_silicon-325,silicon-325,D,45.0,speed,0,3.0,15.0,0.0,0.0214,0.0214,,431569,0.0,0.0,0.0,0,ok
20260821T161838Z_silicon-325,silicon-325,D,45.0,speed,1,3.0,45.0,0.0214,0.0354,0.014,,445042,0.0,0.0,0.0,0,ok
20260821T161838Z_silicon-325,silicon-325,D,45.0,speed,2,3.0,90.0,0.0354,0.0524,0.017,,455477,0.0,0.0,0.0,0,ok
20260821T161838Z_silicon-325,silicon-325,E,0.0,refeed,0,360.0,30.0,0.0,0.0,0.0,lowflow,478320,0.0,0.0,0.0,0,ok
20260821T161838Z_silicon-325,silicon-325,E,0.0,tap,0,1,,0.0,0.0,0.0,,485887,0.0,0.0,0.0,0,ok
20260821T161838Z_silicon-325,silicon-325,E,0.0,refeed,1,360.0,30.0,0.0,0.0012,0.0012,,497448,0.0,0.0,0.0,0,ok
20260821T161838Z_silicon-325,silicon-325,E,0.0,tap,1,1,,0.0014,0.0012,-0.0002,,505015,0.0001,0.0002,0.0,0,ok
20260821T161838Z_silicon-325,silicon-325,E,0.0,refeed,2,360.0,30.0,0.0013,0.0015,0.0002,lowflow,516586,0.0,0.0,0.0,0,ok
20260821T161838Z_silicon-325,silicon-325,E,0.0,tap,2,1,,0.0015,0.0015,-0.0001,,524133,0.0,0.0,0.0,0,ok
20260821T161838Z_silicon-325,silicon-325,E,0.0,refeed,3,360.0,30.0,0.0019,0.0018,-0.0002,lowflow,535700,0.0001,0.0005,0.0,0,ok
20260821T161838Z_silicon-325,silicon-325,E,0.0,tap,3,1,,0.0017,0.0016,-0.0001,,543255,0.0,0.0,0.0,0,ok
20260821T161838Z_silicon-325,silicon-325,E,0.0,refeed,4,360.0,30.0,0.0016,0.002,0.0004,lowflow,554839,0.0,0.0,0.0,0,ok
20260821T161838Z_silicon-325,silicon-325,E,0.0,tap,4,1,,0.0023,0.002,-0.0003,,562386,0.0001,0.0002,0.0,0,ok
20260821T161838Z_silicon-325,silicon-325,E,0.0,refeed,5,360.0,30.0,0.002,0.0022,0.0002,lowflow,573953,0.0,0.0,0.0,0,ok
20260821T161838Z_silicon-325,silicon-325,E,0.0,tap,5,1,,0.0022,0.0023,0.0001,,581508,0.0,0.0,0.0,0,ok
20260821T161838Z_silicon-325,silicon-325,E,0.0,refeed,6,360.0,30.0,0.0023,0.0028,0.0005,,593091,0.0,0.0,0.0,0,ok
20260821T161838Z_silicon-325,silicon-325,E,0.0,tap,6,1,,0.0025,0.0028,0.0003,,600634,0.0001,-0.0003,0.0,0,ok
20260821T161838Z_silicon-325,silicon-325,E,0.0,refeed,7,360.0,30.0,0.0028,0.003,0.0002,,612205,0.0,0.0,0.0,0,ok
20260821T161838Z_silicon-325,silicon-325,E,0.0,tap,7,1,,0.003,0.0031,0.0,,619773,0.0,0.0,0.0,0,ok
20260821T161838Z_silicon-325,silicon-325,E,45.0,refeed,0,360.0,30.0,0.0,0.0055,0.0055,,642631,0.0,0.0,0.0,0,ok
20260821T161838Z_silicon-325,silicon-325,E,45.0,tap,0,1,,0.0055,0.0055,-0.0,,650170,0.0,0.0,0.0,0,ok
20260821T161838Z_silicon-325,silicon-325,E,45.0,refeed,1,360.0,30.0,0.0055,0.0071,0.0016,,661746,0.0,0.0,0.0,0,ok
20260821T161838Z_silicon-325,silicon-325,E,45.0,tap,1,1,,0.0071,0.0072,0.0001,,669298,0.0,0.0,0.0,0,ok
20260821T161838Z_silicon-325,silicon-325,E,45.0,refeed,2,360.0,30.0,0.0072,0.0079,0.0007,,680869,0.0,0.0,0.0,0,ok
20260821T161838Z_silicon-325,silicon-325,E,45.0,tap,2,1,,0.0079,0.0079,-0.0,,688423,0.0,0.0,0.0,0,ok
20260821T161838Z_silicon-325,silicon-325,E,45.0,refeed,3,360.0,30.0,0.0084,0.0082,-0.0002,lowflow,699994,0.0001,0.0004,0.0,0,ok
20260821T161838Z_silicon-325,silicon-325,E,45.0,tap,3,1,,0.0082,0.0107,0.0025,,707561,0.0,0.0,0.0,0,ok
20260821T161838Z_silicon-325,silicon-325,E,45.0,refeed,4,360.0,30.0,0.0102,0.011,0.0009,,719122,0.0001,-0.0005,0.0,0,ok
20260821T161838Z_silicon-325,silicon-325,E,45.0,tap,4,1,,0.0111,0.0122,0.0011,,726679,0.0,0.0,0.0,0,ok
20260821T161838Z_silicon-325,silicon-325,E,45.0,refeed,5,360.0,30.0,0.0122,0.0122,0.0,lowflow,738259,0.0,0.0,0.0,0,ok
20260821T161838Z_silicon-325,silicon-325,E,45.0,tap,5,1,,0.0125,0.0123,-0.0002,,745800,0.0001,0.0002,0.0,0,ok
20260821T161838Z_silicon-325,silicon-325,E,45.0,refeed,6,360.0,30.0,0.0123,0.0125,0.0002,lowflow,757377,0.0,0.0,0.0,0,ok
20260821T161838Z_silicon-325,silicon-325,E,45.0,tap,6,1,,0.0126,0.0125,-0.0001,,764928,0.0,0.0,0.0,0,ok
20260821T161838Z_silicon-325,silicon-325,E,45.0,refeed,7,360.0,30.0,0.0125,0.0126,0.0001,lowflow,776499,0.0,0.0,0.0,0,ok
20260821T161838Z_silicon-325,silicon-325,E,45.0,tap,7,1,,0.0128,0.0138,0.001,,784056,0.0001,0.0002,0.0,0,ok
20260821T170712Z_barium-chloride,barium-chloride,A,45.0,baseline,0,,,0.0,0.0,0.0,,18357,0.0,0.0,0.0,0,ok
20260821T170712Z_barium-chloride,barium-chloride,A,45.0,baseline,1,,,0.0,0.0,0.0,,22851,0.0,0.0,0.0,0,ok
20260821T170712Z_barium-chloride,barium-chloride,A,45.0,baseline,2,,,0.0,0.0,0.0,,27347,0.0,0.0,0.0,0,ok
20260821T170712Z_barium-chloride,barium-chloride,A,45.0,baseline,3,,,0.0,0.0,0.0,,31844,0.0,0.0,0.0,0,ok
20260821T170712Z_barium-chloride,barium-chloride,A,45.0,baseline,4,,,0.0,0.0,0.0,,36335,0.0,0.0,0.0,0,ok
20260821T170712Z_barium-chloride,barium-chloride,A,45.0,baseline,5,,,0.0,0.0,0.0,,40830,0.0,0.0,0.0,0,ok
20260821T170712Z_barium-chloride,barium-chloride,A,45.0,baseline,6,,,0.0,0.0,0.0,,45336,0.0,0.0,0.0,0,ok
20260821T170712Z_barium-chloride,barium-chloride,A,45.0,baseline,7,,,0.0,0.0,0.0,,49820,0.0,0.0,0.0,0,ok
20260821T170712Z_barium-chloride,barium-chloride,B,0.0,hold,0,15,,0.0,0.0,0.0,,83786,0.0,0.0,0.0,0,ok
20260821T170712Z_barium-chloride,barium-chloride,B,45.0,hold,0,15,,0.0,0.0,0.0,,117724,0.0,0.0,0.0,0,ok
20260821T170712Z_barium-chloride,barium-chloride,B,90.0,hold,0,15,,0.0,0.0,0.0,,151673,0.0,0.0,0.0,0,ok
20260821T170712Z_barium-chloride,barium-chloride,C,0.0,rotation,0,360.0,30.0,0.0,0.0099,0.0099,,175288,0.0,0.0,0.0,0,ok
20260821T170712Z_barium-chloride,barium-chloride,C,0.0,rotation,1,360.0,30.0,0.0099,0.0197,0.0098,,186860,0.0,0.0,0.0,0,ok
20260821T170712Z_barium-chloride,barium-chloride,C,0.0,rotation,2,360.0,30.0,0.0197,0.0435,0.0238,,198436,0.0,0.0,0.0,0,ok
20260821T170712Z_barium-chloride,barium-chloride,C,0.0,rotation,3,360.0,30.0,0.0435,0.0736,0.0301,,210007,0.0,0.0,0.0,0,ok
20260821T170712Z_barium-chloride,barium-chloride,C,0.0,rotation,4,360.0,30.0,0.0739,0.1068,0.0329,,221575,0.0002,0.0003,0.0,0,ok
20260821T170712Z_barium-chloride,barium-chloride,C,0.0,rotation,5,360.0,30.0,0.1068,0.14,0.0332,,233146,0.0,0.0,0.0,0,ok
20260821T170712Z_barium-chloride,barium-chloride,C,45.0,rotation,0,360.0,30.0,0.0,0.1431,0.1431,,256003,0.0,0.0,0.0,0,ok
20260821T170712Z_barium-chloride,barium-chloride,C,45.0,rotation,1,360.0,30.0,0.1431,0.3004,0.1573,,267573,0.0,0.0,0.0,0,ok
20260821T170712Z_barium-chloride,barium-chloride,C,45.0,rotation,2,360.0,30.0,0.3004,0.4846,0.1842,,279159,0.0,0.0,0.0,0,ok
20260821T170712Z_barium-chloride,barium-chloride,C,45.0,rotation,3,360.0,30.0,0.4846,0.6992,0.2146,,290720,0.0,0.0,0.0,0,ok
20260821T170712Z_barium-chloride,barium-chloride,C,45.0,rotation,4,360.0,30.0,0.6992,0.8829,0.1837,,302291,0.0,0.0,0.0,0,ok
20260821T170712Z_barium-chloride,barium-chloride,C,45.0,rotation,5,360.0,30.0,0.8832,1.1085,0.2253,,313858,0.0002,0.0003,0.0,0,ok
20260821T170712Z_barium-chloride,barium-chloride,C,90.0,rotation,0,360.0,30.0,0.0,0.319,0.319,,336716,0.0,0.0,0.0,0,ok
20260821T170712Z_barium-chloride,barium-chloride,C,90.0,rotation,1,360.0,30.0,0.319,0.5941,0.2751,,348287,0.0,0.0,0.0,0,ok
20260821T170712Z_barium-chloride,barium-chloride,C,90.0,rotation,2,360.0,30.0,0.5941,0.7548,0.1607,,359870,0.0,0.0,0.0,0,ok
20260821T170712Z_barium-chloride,barium-chloride,C,90.0,rotation,3,360.0,30.0,0.7549,0.918,0.1631,,371428,0.0,0.0,0.0,0,ok
20260821T170712Z_barium-chloride,barium-chloride,C,90.0,rotation,4,360.0,30.0,0.918,1.0555,0.1375,,383004,0.0,0.0,0.0,0,ok
20260821T170712Z_barium-chloride,barium-chloride,C,90.0,rotation,5,360.0,30.0,1.0555,1.2024,0.1469,,394590,0.0,0.0,0.0,0,ok
20260821T170712Z_barium-chloride,barium-chloride,D,45.0,speed,0,3.0,15.0,0.0,0.783,0.783,,431581,0.0,0.0,0.0,0,ok
20260821T170712Z_barium-chloride,barium-chloride,D,45.0,speed,1,3.0,45.0,0.783,0.9183,0.1353,,445062,0.0,0.0,0.0,0,ok
20260821T170712Z_barium-chloride,barium-chloride,D,45.0,speed,2,3.0,90.0,0.9183,1.3268,0.4085,,455500,0.0,0.0,0.0,0,ok
20260821T170712Z_barium-chloride,barium-chloride,E,0.0,refeed,0,360.0,30.0,0.0,0.0391,0.0391,,478344,0.0,0.0,0.0,0,ok
20260821T170712Z_barium-chloride,barium-chloride,E,0.0,tap,0,1,,0.0391,0.0393,0.0002,,485898,0.0,0.0,0.0,0,ok
20260821T170712Z_barium-chloride,barium-chloride,E,0.0,refeed,1,360.0,30.0,0.0399,0.0799,0.04,,497470,0.0001,0.0004,0.0,0,ok
20260821T170712Z_barium-chloride,barium-chloride,E,0.0,tap,1,1,,0.0799,0.0799,0.0,,505036,0.0,0.0,0.0,0,ok
20260821T170712Z_barium-chloride,barium-chloride,E,0.0,refeed,2,360.0,30.0,0.0804,0.115,0.0346,,516597,0.0001,0.0004,0.0,0,ok
20260821T170712Z_barium-chloride,barium-chloride,E,0.0,tap,2,1,,0.1153,0.1151,-0.0001,,524155,0.0001,0.0002,0.0,0,ok
20260821T170712Z_barium-chloride,barium-chloride,E,0.0,refeed,3,360.0,30.0,0.1157,0.154,0.0383,,535722,0.0001,0.0004,0.0,0,ok
20260821T170712Z_barium-chloride,barium-chloride,E,0.0,tap,3,1,,0.1542,0.1542,-0.0001,,543290,0.0001,0.0002,0.0,0,ok
20260821T170712Z_barium-chloride,barium-chloride,E,0.0,refeed,4,360.0,30.0,0.1547,0.1883,0.0336,,554861,0.0001,0.0004,0.0,0,ok
20260821T170712Z_barium-chloride,barium-chloride,E,0.0,tap,4,1,,0.1883,0.1885,0.0002,,562408,0.0,0.0,0.0,0,ok
20260821T170712Z_barium-chloride,barium-chloride,E,0.0,refeed,5,360.0,30.0,0.1891,0.226,0.0369,,573979,0.0001,0.0004,0.0,0,ok
20260821T170712Z_barium-chloride,barium-chloride,E,0.0,tap,5,1,,0.226,0.2261,0.0001,,581531,0.0,0.0,0.0,0,ok
20260821T170712Z_barium-chloride,barium-chloride,E,0.0,refeed,6,360.0,30.0,0.2268,0.2662,0.0394,,593102,0.0001,0.0005,0.0,0,ok
20260821T170712Z_barium-chloride,barium-chloride,E,0.0,tap,6,1,,0.2662,0.2663,0.0001,,600656,0.0,0.0,0.0,0,ok
20260821T170712Z_barium-chloride,barium-chloride,E,0.0,refeed,7,360.0,30.0,0.2667,0.3037,0.037,,612247,0.0002,0.0003,0.0,0,ok
20260821T170712Z_barium-chloride,barium-chloride,E,0.0,tap,7,1,,0.3037,0.3039,0.0001,,619795,0.0,0.0,0.0,0,ok
20260821T170712Z_barium-chloride,barium-chloride,E,45.0,refeed,0,360.0,30.0,0.0,0.1842,0.1842,,642639,0.0,0.0,0.0,0,ok
20260821T170712Z_barium-chloride,barium-chloride,E,45.0,tap,0,1,,0.1844,0.1865,0.002,,650192,0.0001,0.0002,0.0,0,ok
20260821T170712Z_barium-chloride,barium-chloride,E,45.0,refeed,1,360.0,30.0,0.1865,0.3698,0.1833,,661768,0.0002,-0.0001,0.0,0,ok
20260821T170712Z_barium-chloride,barium-chloride,E,45.0,tap,1,1,,0.3698,0.3723,0.0025,,669331,0.0,0.0,0.0,0,ok
20260821T170712Z_barium-chloride,barium-chloride,E,45.0,refeed,2,360.0,30.0,0.3724,0.5601,0.1877,,680903,0.0,0.0,0.0,0,ok
20260821T170712Z_barium-chloride,barium-chloride,E,45.0,tap,2,1,,0.5601,0.562,0.0019,,688449,0.0,0.0,0.0,0,ok
20260821T170712Z_barium-chloride,barium-chloride,E,45.0,refeed,3,360.0,30.0,0.5621,0.7684,0.2063,,700016,0.0,0.0,0.0,0,ok
20260821T170712Z_barium-chloride,barium-chloride,E,45.0,tap,3,1,,0.7687,0.7702,0.0015,,707572,0.0001,0.0003,0.0,0,ok
20260821T170712Z_barium-chloride,barium-chloride,E,45.0,refeed,4,360.0,30.0,0.7703,0.981,0.2107,,719144,0.0,0.0,0.0,0,ok
20260821T170712Z_barium-chloride,barium-chloride,E,45.0,tap,4,1,,0.981,0.9829,0.0019,,726701,0.0,0.0,0.0,0,ok
20260821T170712Z_barium-chloride,barium-chloride,E,45.0,refeed,5,360.0,30.0,0.983,1.1601,0.1771,,738269,0.0,0.0,0.0,0,ok
20260821T170712Z_barium-chloride,barium-chloride,E,45.0,tap,5,1,,1.1601,1.1616,0.0015,,745836,0.0,0.0,0.0,0,ok
20260821T170712Z_barium-chloride,barium-chloride,E,45.0,refeed,6,360.0,30.0,1.1621,1.3519,0.1898,,757408,0.0001,0.0005,0.0,0,ok
20260821T170712Z_barium-chloride,barium-chloride,E,45.0,tap,6,1,,1.3519,1.3564,0.0045,,764954,0.0,0.0,0.0,0,ok
20260821T170712Z_barium-chloride,barium-chloride,E,45.0,refeed,7,360.0,30.0,1.3564,1.5434,0.187,,776533,0.0,0.0,0.0,0,ok
20260821T170712Z_barium-chloride,barium-chloride,E,45.0,tap,7,1,,1.5437,1.5449,0.0012,,784090,0.0001,0.0002,0.0,0,ok
20260821T182705Z_fumed-silica,fumed-silica,A,45.0,baseline,0,,,-4.1771,-4.1815,-0.0044,,14356,0.0027,0.0042,0.0,0,ok
20260821T182705Z_fumed-silica,fumed-silica,A,45.0,baseline,1,,,-4.176,-4.1822,-0.0061,,18837,0.0006,0.0054,0.0,0,ok
20260821T182705Z_fumed-silica,fumed-silica,A,45.0,baseline,2,,,-4.1796,-4.1818,-0.0022,,23336,0.0005,0.0026,0.0,0,ok
20260821T182705Z_fumed-silica,fumed-silica,A,45.0,baseline,3,,,-4.1859,-4.1845,0.0014,,27827,0.0028,-0.0041,0.0,0,ok
20260821T182705Z_fumed-silica,fumed-silica,A,45.0,baseline,4,,,-4.1888,-4.1844,0.0044,,32322,0.0009,-0.0043,0.0,0,ok
20260821T182705Z_fumed-silica,fumed-silica,A,45.0,baseline,5,,,-4.1843,-4.1856,-0.0014,,36817,0.0009,0.0001,0.0,0,ok
20260821T182705Z_fumed-silica,fumed-silica,A,45.0,baseline,6,,,-4.1832,-4.1866,-0.0035,,41311,0.0014,0.0025,0.0,0,unsettled
20260821T182705Z_fumed-silica,fumed-silica,A,45.0,baseline,7,,,-4.1911,-4.1872,0.0039,,45806,0.0053,-0.0044,0.0,0,unsettled
20260821T182705Z_fumed-silica,fumed-silica,B,0.0,hold,0,15,,-4.1932,-4.1853,0.0079,,75742,0.0017,-0.0125,0.0,0,ok
20260821T182705Z_fumed-silica,fumed-silica,B,45.0,hold,0,15,,-4.17,-4.1891,-0.0191,,105675,0.0081,0.0175,0.0,0,ok
20260821T182705Z_fumed-silica,fumed-silica,B,90.0,hold,0,15,,-4.1923,-4.1908,0.0015,,153973,0.0017,-0.0023,0.0,0,ok
20260821T182705Z_fumed-silica,fumed-silica,C,0.0,rotation,0,360.0,30.0,-4.1899,-4.1969,-0.007,lowflow,173574,0.0006,-0.0054,0.0,0,ok
20260821T182705Z_fumed-silica,fumed-silica,C,0.0,rotation,1,360.0,30.0,-4.2274,-4.1991,0.0283,,185145,0.0081,-0.0265,0.0,0,unsettled
20260821T182705Z_fumed-silica,fumed-silica,C,0.0,rotation,2,360.0,30.0,-4.1975,-4.1972,0.0003,lowflow,196712,0.004,0.002,0.0,0,unsettled
20260821T182705Z_fumed-silica,fumed-silica,C,0.0,rotation,3,360.0,30.0,-4.188,-4.2007,-0.0126,lowflow,208288,0.0059,0.0103,0.0,0,unsettled
20260821T182705Z_fumed-silica,fumed-silica,C,0.0,rotation,4,360.0,30.0,-4.2039,-4.2005,0.0034,,219855,0.0157,-0.0006,0.0,0,unsettled
20260821T182705Z_fumed-silica,fumed-silica,C,0.0,rotation,5,360.0,30.0,-4.2029,-4.2002,0.0027,,231431,0.0011,-0.0023,0.0,0,ok
20260821T182705Z_fumed-silica,fumed-silica,C,45.0,rotation,0,360.0,30.0,-4.2114,-4.2004,0.0109,,254284,0.0127,-0.0083,0.0,0,unsettled
20260821T182705Z_fumed-silica,fumed-silica,C,45.0,rotation,1,360.0,30.0,-4.214,-4.1979,0.0161,,265855,0.0083,-0.0117,0.0,0,unsettled
20260821T182705Z_fumed-silica,fumed-silica,C,45.0,rotation,2,360.0,30.0,-4.1841,-4.1995,-0.0155,lowflow,277437,0.0016,0.0135,0.0,0,unsettled
20260821T182705Z_fumed-silica,fumed-silica,C,45.0,rotation,3,360.0,30.0,-4.2146,-4.1961,0.0186,,288996,0.0046,-0.0154,0.0,0,ok
20260821T182705Z_fumed-silica,fumed-silica,C,45.0,rotation,4,360.0,30.0,-4.1881,-4.1953,-0.0072,lowflow,300567,0.0038,0.0068,0.0,0,ok
20260821T182705Z_fumed-silica,fumed-silica,C,45.0,rotation,5,360.0,30.0,-4.1983,-4.2049,-0.0066,lowflow,312139,0.001,-0.0051,0.0,0,ok
20260821T182705Z_fumed-silica,fumed-silica,C,90.0,rotation,0,360.0,30.0,-4.2105,-4.197,0.0135,,330983,0.0038,-0.0036,0.0,0,ok
20260821T182705Z_fumed-silica,fumed-silica,C,90.0,rotation,1,360.0,30.0,-4.2166,-4.1994,0.0172,,342550,0.0039,-0.0167,0.0,0,ok
20260821T182705Z_fumed-silica,fumed-silica,C,90.0,rotation,2,360.0,30.0,-4.1988,-4.2039,-0.0051,lowflow,354121,0.0018,0.0019,0.0,0,unsettled
20260821T182705Z_fumed-silica,fumed-silica,C,90.0,rotation,3,360.0,30.0,-4.1948,-4.2006,-0.0058,lowflow,365693,0.0125,0.0088,0.0,0,unsettled
20260821T182705Z_fumed-silica,fumed-silica,C,90.0,rotation,4,360.0,30.0,-4.2098,-4.198,0.0119,,377264,0.0039,-0.01,0.0,0,ok
20260821T182705Z_fumed-silica,fumed-silica,C,90.0,rotation,5,360.0,30.0,-4.1997,-4.198,0.0017,,388836,0.0079,-0.0019,0.0,0,unsettled
20260821T182705Z_fumed-silica,fumed-silica,D,45.0,speed,0,3.0,15.0,-4.1751,-4.1962,-0.0211,,421833,0.0141,0.0231,0.0,0,unsettled
20260821T182705Z_fumed-silica,fumed-silica,D,45.0,speed,1,3.0,45.0,-4.1895,-4.1962,-0.0067,,435313,0.005,0.0077,0.0,0,unsettled
20260821T182705Z_fumed-silica,fumed-silica,D,45.0,speed,2,3.0,90.0,-4.1867,-4.1604,0.0263,,445736,0.0109,0.0093,-0.0141,0,shock
20260821T182705Z_fumed-silica,fumed-silica,E,0.0,refeed,0,360.0,30.0,-4.1739,-4.1802,-0.0062,lowflow,482941,0.0078,0.0004,0.0,0,unsettled
20260821T182705Z_fumed-silica,fumed-silica,E,0.0,tap,0,1,,-4.1605,-4.1282,0.0323,,505602,0.005,0.0043,-0.0323,2,shock
20260821T182705Z_fumed-silica,fumed-silica,E,0.0,refeed,1,360.0,30.0,-4.1544,-4.1781,-0.0237,lowflow,517185,0.0042,0.007,0.0,0,ok
20260821T182705Z_fumed-silica,fumed-silica,E,0.0,tap,1,1,,-4.1577,-4.1207,0.037,,539839,0.0052,0.0002,-0.0374,2,shock
20260821T182705Z_fumed-silica,fumed-silica,E,0.0,refeed,2,360.0,30.0,-4.1649,-4.1701,-0.0052,lowflow,551413,0.0029,-0.0092,0.0,0,ok
20260821T182705Z_fumed-silica,fumed-silica,E,0.0,tap,2,1,,-4.1541,-4.1209,0.0332,,574073,0.0026,0.0035,-0.0398,2,shock
20260821T182705Z_fumed-silica,fumed-silica,E,0.0,refeed,3,360.0,30.0,-4.1671,-4.1683,-0.0012,lowflow,585657,0.0093,-0.0049,0.0,0,unsettled
20260821T182705Z_fumed-silica,fumed-silica,E,0.0,tap,3,1,,-4.1591,-4.1375,0.0216,,608309,0.0043,0.0011,-0.0182,2,shock
20260821T182705Z_fumed-silica,fumed-silica,E,0.0,refeed,4,360.0,30.0,-4.1715,-4.1713,0.0001,,619880,0.0078,-0.0132,0.0,0,unsettled
20260821T182705Z_fumed-silica,fumed-silica,E,0.0,tap,4,1,,-4.1675,-4.1256,0.042,,642546,0.0035,-0.0067,-0.0346,2,shock
20260821T182705Z_fumed-silica,fumed-silica,E,0.0,refeed,5,360.0,30.0,-4.1453,-4.1673,-0.022,,654129,0.0025,0.0139,0.0,0,unsettled
20260821T182705Z_fumed-silica,fumed-silica,E,0.0,tap,5,1,,-4.1738,-4.1392,0.0346,,676781,0.0023,-0.0039,-0.022,2,shock
20260821T182705Z_fumed-silica,fumed-silica,E,0.0,refeed,6,360.0,30.0,-4.1774,-4.1762,0.0012,,688352,0.0078,-0.0151,0.0,0,unsettled
20260821T182705Z_fumed-silica,fumed-silica,E,0.0,tap,6,1,,-4.157,-4.13,0.0271,,711018,0.0015,0.0015,-0.0293,2,shock
20260821T182705Z_fumed-silica,fumed-silica,E,0.0,refeed,7,360.0,30.0,-4.1537,-4.1676,-0.0139,,722601,0.0039,0.0049,0.0,0,ok
20260821T182705Z_fumed-silica,fumed-silica,E,0.0,tap,7,1,,-4.1594,-4.1297,0.0296,,745257,0.0053,0.0007,-0.0271,2,shock
20260821T182705Z_fumed-silica,fumed-silica,E,45.0,refeed,0,360.0,30.0,-4.1685,-4.1677,0.0008,,782554,0.011,-0.0078,0.0,0,unsettled
20260821T182705Z_fumed-silica,fumed-silica,E,45.0,tap,0,1,,-4.1724,-4.1696,0.0028,,790104,0.0039,-0.0023,0.0,0,unsettled
20260821T182705Z_fumed-silica,fumed-silica,E,45.0,refeed,1,360.0,30.0,-4.2144,-4.1701,0.0442,,801674,0.0158,-0.0428,0.0,0,unsettled
20260821T182705Z_fumed-silica,fumed-silica,E,45.0,tap,1,1,,-4.1739,-4.1715,0.0024,,809230,0.0053,-0.0019,0.0,0,unsettled
20260821T182705Z_fumed-silica,fumed-silica,E,45.0,refeed,2,360.0,30.0,-4.1974,-4.174,0.0234,,820813,0.0093,-0.0251,0.0,0,unsettled
20260821T182705Z_fumed-silica,fumed-silica,E,45.0,tap,2,1,,-4.1772,-4.1748,0.0025,,828370,0.0045,-0.0025,0.0,0,unsettled
20260821T182705Z_fumed-silica,fumed-silica,E,45.0,refeed,3,360.0,30.0,-4.169,-4.1734,-0.0044,lowflow,839927,0.0041,0.0068,0.0,0,ok
20260821T182705Z_fumed-silica,fumed-silica,E,45.0,tap,3,1,,-4.1736,-4.1744,-0.0008,,847494,0.0006,-0.0008,0.0,0,ok
20260821T182705Z_fumed-silica,fumed-silica,E,45.0,refeed,4,360.0,30.0,-4.1789,-4.1732,0.0057,,859054,0.001,-0.0036,0.0,0,ok
20260821T182705Z_fumed-silica,fumed-silica,E,45.0,tap,4,1,,-4.1799,-4.1752,0.0047,,866611,0.0018,-0.003,0.0,0,ok
20260821T182705Z_fumed-silica,fumed-silica,E,45.0,refeed,5,360.0,30.0,-4.1849,-4.1749,0.01,,878183,0.0086,-0.0081,0.0,0,unsettled
20260821T182705Z_fumed-silica,fumed-silica,E,45.0,tap,5,1,,-4.1798,-4.1757,0.0041,,885735,0.0013,-0.0036,0.0,0,unsettled
20260821T182705Z_fumed-silica,fumed-silica,E,45.0,refeed,6,360.0,30.0,-4.1935,-4.1757,0.0177,,897321,0.006,-0.018,0.0,0,unsettled
20260821T182705Z_fumed-silica,fumed-silica,E,45.0,tap,6,1,,-4.1762,-4.1774,-0.0012,,904865,0.0065,0.0017,0.0,0,unsettled
20260821T182705Z_fumed-silica,fumed-silica,E,45.0,refeed,7,360.0,30.0,-4.179,-4.175,0.0041,,916433,0.004,0.0002,0.0,0,unsettled
20260821T182705Z_fumed-silica,fumed-silica,E,45.0,tap,7,1,,-4.1783,-4.178,0.0003,,923987,0.0078,-0.0005,0.0,0,unsettled
20260821T192031Z_salt,salt,A,45.0,baseline,0,,,1.3888,1.3871,-0.0017,,14315,0.0007,-0.0003,0.0,0,ok
20260821T192031Z_salt,salt,A,45.0,baseline,1,,,1.3813,1.3881,0.0068,,18799,0.0027,-0.0059,0.0,0,ok
20260821T192031Z_salt,salt,A,45.0,baseline,2,,,1.3879,1.3902,0.0023,,23293,0.0001,-0.0002,0.0,0,ok
20260821T192031Z_salt,salt,A,45.0,baseline,3,,,1.3933,1.3907,-0.0026,,27788,0.0002,0.0031,0.0,0,ok
20260821T192031Z_salt,salt,A,45.0,baseline,4,,,1.3895,1.3902,0.0007,,32282,0.0009,-0.0012,0.0,0,unsettled
20260821T192031Z_salt,salt,A,45.0,baseline,5,,,1.386,1.3888,0.0028,,36778,0.0037,-0.0042,0.0,0,unsettled
20260821T192031Z_salt,salt,A,45.0,baseline,6,,,1.3895,1.3906,0.0011,,41272,0.0008,0.0007,0.0,0,ok
20260821T192031Z_salt,salt,A,45.0,baseline,7,,,1.391,1.3921,0.0011,,45767,0.0007,0.0004,0.0,0,ok
20260821T192031Z_salt,salt,B,0.0,hold,0,15,,1.3428,1.3847,0.0419,,75703,0.0397,-0.0417,0.0,0,unsettled
20260821T192031Z_salt,salt,B,45.0,hold,0,15,,1.4082,1.3947,-0.0134,,105635,0.0029,0.0213,-0.0152,0,shock
20260821T192031Z_salt,salt,B,90.0,hold,0,15,,1.3795,1.3828,0.0033,,135566,0.0119,-0.0031,0.0,0,ok
20260821T192031Z_salt,salt,C,0.0,rotation,0,360.0,30.0,1.3874,1.4101,0.0226,,155172,0.0009,-0.0009,0.0,0,ok
20260821T192031Z_salt,salt,C,0.0,rotation,1,360.0,30.0,1.406,1.444,0.038,,166744,0.0013,-0.0027,0.0,0,ok
20260821T192031Z_salt,salt,C,0.0,rotation,2,360.0,30.0,1.4421,1.4872,0.045,,178316,0.0016,-0.002,0.0,0,unsettled
20260821T192031Z_salt,salt,C,0.0,rotation,3,360.0,30.0,1.4863,1.5281,0.0417,,189882,0.0014,0.0055,0.0,0,ok
20260821T192031Z_salt,salt,C,0.0,rotation,4,360.0,30.0,1.5337,1.5634,0.0297,,201454,0.0024,0.0066,0.0,0,ok
20260821T192031Z_salt,salt,C,0.0,rotation,5,360.0,30.0,1.5571,1.6081,0.051,,213026,0.0016,-0.005,0.0,0,unsettled
20260821T192031Z_salt,salt,C,45.0,rotation,0,360.0,30.0,1.6215,1.7574,0.136,,231865,0.0074,0.0148,0.0,0,unsettled
20260821T192031Z_salt,salt,C,45.0,rotation,1,360.0,30.0,1.7679,1.9351,0.1673,,243436,0.0067,0.0112,0.0,0,ok
20260821T192031Z_salt,salt,C,45.0,rotation,2,360.0,30.0,1.9394,2.098,0.1585,,255012,0.0012,0.0033,0.0,0,ok
20260821T192031Z_salt,salt,C,45.0,rotation,3,360.0,30.0,2.0893,2.228,0.1386,,266579,0.0085,-0.0082,0.0,0,unsettled
20260821T192031Z_salt,salt,C,45.0,rotation,4,360.0,30.0,2.2479,2.4242,0.1763,,278150,0.0096,0.0169,0.0,0,unsettled
20260821T192031Z_salt,salt,C,45.0,rotation,5,360.0,30.0,2.4594,2.5616,0.1022,,289722,0.0127,0.0358,0.0,0,unsettled
20260821T192031Z_salt,salt,C,90.0,rotation,0,360.0,30.0,2.5433,2.8229,0.2796,,313538,0.0009,-0.0024,0.0,0,ok
20260821T192031Z_salt,salt,C,90.0,rotation,1,360.0,30.0,2.8276,3.0549,0.2273,,325106,0.0013,0.0046,0.0,0,unsettled
20260821T192031Z_salt,salt,C,90.0,rotation,2,360.0,30.0,3.0287,3.3016,0.273,,339167,0.0145,-0.029,0.0,0,unsettled
20260821T192031Z_salt,salt,C,90.0,rotation,3,360.0,30.0,3.253,3.54,0.287,,353222,0.0111,-0.042,0.0,0,unsettled
20260821T192031Z_salt,salt,C,90.0,rotation,4,360.0,30.0,3.5271,3.7489,0.2219,,364793,0.0095,-0.0087,0.0,0,unsettled
20260821T192031Z_salt,salt,C,90.0,rotation,5,360.0,30.0,3.7212,4.0234,0.3022,,376376,0.0054,-0.0239,0.0,0,unsettled
20260821T192031Z_salt,salt,D,45.0,speed,0,3.0,15.0,4.042,4.7821,0.7401,,409360,0.0452,0.0193,0.0,0,unsettled
20260821T192031Z_salt,salt,D,45.0,speed,1,3.0,45.0,4.7787,5.4347,0.656,,422845,0.0027,0.0004,0.0,0,ok
20260821T192031Z_salt,salt,D,45.0,speed,2,3.0,90.0,5.4466,5.9394,0.4928,,433277,0.0016,0.0113,0.0,0,unsettled
20260821T192031Z_salt,salt,E,0.0,refeed,0,360.0,30.0,0.0078,0.0222,0.0144,,456120,0.0012,-0.0003,0.0,0,unsettled
20260821T192031Z_salt,salt,E,0.0,tap,0,1,,0.0192,0.0281,0.0089,,463674,0.0044,-0.0025,0.0,0,unsettled
20260821T192031Z_salt,salt,E,0.0,refeed,1,360.0,30.0,0.0296,0.0719,0.0423,,475250,0.0021,-0.0013,0.0,0,ok
20260821T192031Z_salt,salt,E,0.0,tap,1,1,,0.0701,0.0772,0.0071,,482813,0.001,-0.0016,0.0,0,ok
20260821T192031Z_salt,salt,E,0.0,refeed,2,360.0,30.0,0.0604,0.1207,0.0603,,494373,0.0007,-0.0141,0.0,0,ok
20260821T192031Z_salt,salt,E,0.0,tap,2,1,,0.1212,0.1234,0.0022,,501927,0.0004,0.0011,0.0,0,ok
20260821T192031Z_salt,salt,E,0.0,refeed,3,360.0,30.0,0.2211,0.2522,0.031,,539127,0.002,0.0099,0.0,2,ok
20260821T192031Z_salt,salt,E,0.0,tap,3,1,,0.2466,0.2489,0.0023,,546695,0.0047,-0.0065,0.0,0,unsettled
20260821T192031Z_salt,salt,E,0.0,refeed,4,360.0,30.0,0.2445,0.3,0.0554,,558266,0.0016,-0.0065,0.0,0,ok
20260821T192031Z_salt,salt,E,0.0,tap,4,1,,0.3008,0.303,0.0022,,565808,0.0009,0.0014,0.0,0,ok
20260821T192031Z_salt,salt,E,0.0,refeed,5,360.0,30.0,0.3022,0.3702,0.068,,577380,0.0004,-0.0003,0.0,0,ok
20260821T192031Z_salt,salt,E,0.0,tap,5,1,,0.3376,0.3648,0.0272,,600056,0.0037,-0.0112,0.0,2,unsettled
20260821T192031Z_salt,salt,E,0.0,refeed,6,360.0,30.0,0.3767,0.408,0.0314,,611628,0.009,0.0134,0.0,0,unsettled
20260821T192031Z_salt,salt,E,0.0,tap,6,1,,0.4066,0.4034,-0.0032,,619170,0.0008,-0.0004,0.0,0,unsettled
20260821T192031Z_salt,salt,E,0.0,refeed,7,360.0,30.0,0.4197,0.4392,0.0196,,630746,0.0017,0.0169,0.0,0,unsettled
20260821T192031Z_salt,salt,E,0.0,tap,7,1,,0.4227,0.4478,0.0251,,638309,0.0048,-0.0114,0.0,0,unsettled
20260821T192031Z_salt,salt,E,45.0,refeed,0,360.0,30.0,-0.0027,0.1692,0.1719,,665087,0.0003,0.0003,0.0,0,ok
20260821T192031Z_salt,salt,E,45.0,tap,0,1,,0.1581,0.1662,0.0081,,680196,0.0003,-0.0006,0.0,1,ok
20260821T192031Z_salt,salt,E,45.0,refeed,1,360.0,30.0,0.1845,0.3215,0.1371,,691767,0.0089,0.0166,0.0,0,unsettled
20260821T192031Z_salt,salt,E,45.0,tap,1,1,,0.3332,0.3315,-0.0017,,699314,0.0034,0.0109,0.0,0,ok
20260821T192031Z_salt,salt,E,45.0,refeed,2,360.0,30.0,0.3246,0.4838,0.1591,,710881,0.0023,-0.0061,0.0,0,ok
20260821T192031Z_salt,salt,E,45.0,tap,2,1,,0.5071,0.4878,-0.0193,,725991,0.0048,0.0162,0.0,1,unsettled
20260821T192031Z_salt,salt,E,45.0,refeed,3,360.0,30.0,0.4949,0.6513,0.1564,,737562,0.0043,0.0098,0.0,0,ok
20260821T192031Z_salt,salt,E,45.0,tap,3,1,,0.6945,0.6977,0.0031,,752676,0.0071,-0.0008,0.0,1,unsettled
20260821T192031Z_salt,salt,E,45.0,refeed,4,360.0,30.0,1.0176,1.1885,0.1709,,787386,0.0126,-0.0035,0.0,2,unsettled
20260821T192031Z_salt,salt,E,45.0,tap,4,1,,1.21,1.1941,-0.0159,,802404,0.0074,0.0225,0.0,0,unsettled
20260821T192031Z_salt,salt,E,45.0,refeed,5,360.0,30.0,1.184,1.3399,0.1559,,813975,0.0106,-0.0084,0.0,0,unsettled
20260821T192031Z_salt,salt,E,45.0,tap,5,1,,1.3535,1.3391,-0.0143,,829085,0.0043,0.0035,0.0,1,unsettled
20260821T192031Z_salt,salt,E,45.0,refeed,6,360.0,30.0,1.3348,1.5194,0.1846,,840656,0.0065,-0.0054,0.0,0,ok
20260821T192031Z_salt,salt,E,45.0,tap,6,1,,1.5208,1.5244,0.0036,,848219,0.0057,-0.0008,0.0,0,unsettled
20260821T192031Z_salt,salt,E,45.0,refeed,7,360.0,30.0,1.5664,1.674,0.1076,,859791,0.0124,0.0388,0.0,0,unsettled
20260821T192031Z_salt,salt,E,45.0,tap,7,1,,1.682,1.6856,0.0036,,867333,0.0052,0.0046,0.0,0,unsettled
